datetime_utc,hora,rad_kJm2,vento_ms
2024-01-01 00:00:00,0,,0.0
2024-01-01 01:00:00,1,,
2024-01-01 02:00:00,2,,
2024-01-01 03:00:00,3,,0.8
2024-01-01 04:00:00,4,,
2024-01-01 05:00:00,5,,0.0
2024-01-01 06:00:00,6,,0.2
2024-01-01 07:00:00,7,,0.2
2024-01-01 08:00:00,8,,0.6
2024-01-01 09:00:00,9,29.5,0.0
2024-01-01 10:00:00,10,335.0,0.2
2024-01-01 11:00:00,11,684.3,0.4
2024-01-01 12:00:00,12,1811.0,0.7
2024-01-01 13:00:00,13,2830.5,1.0
2024-01-01 14:00:00,14,2232.0,0.0
2024-01-01 15:00:00,15,3406.4,0.3
2024-01-01 16:00:00,16,4012.0,1.0
2024-01-01 17:00:00,17,3673.6,0.1
2024-01-01 18:00:00,18,3361.6,2.0
2024-01-01 19:00:00,19,1938.4,0.4
2024-01-01 20:00:00,20,596.3,0.0
2024-01-01 21:00:00,21,34.8,0.0
2024-01-01 22:00:00,22,2.2,1.5
2024-01-01 23:00:00,23,,0.0
2024-01-02 00:00:00,0,,0.0
2024-01-02 01:00:00,1,,0.0
2024-01-02 02:00:00,2,,
2024-01-02 03:00:00,3,0.9,0.0
2024-01-02 04:00:00,4,,0.0
2024-01-02 05:00:00,5,,0.0
2024-01-02 06:00:00,6,,0.0
2024-01-02 07:00:00,7,,0.0
2024-01-02 08:00:00,8,,0.0
2024-01-02 09:00:00,9,55.3,0.0
2024-01-02 10:00:00,10,475.5,0.0
2024-01-02 11:00:00,11,336.7,0.0
2024-01-02 12:00:00,12,480.7,0.0
2024-01-02 13:00:00,13,882.8,0.0
2024-01-02 14:00:00,14,865.7,2.2
2024-01-02 15:00:00,15,1501.7,2.7
2024-01-02 16:00:00,16,1752.1,2.7
2024-01-02 17:00:00,17,2346.0,0.0
2024-01-02 18:00:00,18,1339.6,0.6
2024-01-02 19:00:00,19,1145.9,1.3
2024-01-02 20:00:00,20,1254.2,0.0
2024-01-02 21:00:00,21,298.5,0.0
2024-01-02 22:00:00,22,14.5,0.0
2024-01-02 23:00:00,23,,
2024-01-03 00:00:00,0,,0.1
2024-01-03 01:00:00,1,,1.4
2024-01-03 02:00:00,2,,1.3
2024-01-03 03:00:00,3,,1.5
2024-01-03 04:00:00,4,,2.1
2024-01-03 05:00:00,5,0.3,0.8
2024-01-03 06:00:00,6,1.3,0.3
2024-01-03 07:00:00,7,0.3,0.0
2024-01-03 08:00:00,8,,0.0
2024-01-03 09:00:00,9,19.1,0.1
2024-01-03 10:00:00,10,322.8,0.0
2024-01-03 11:00:00,11,1398.7,0.0
2024-01-03 12:00:00,12,2032.0,0.5
2024-01-03 13:00:00,13,2076.4,0.9
2024-01-03 14:00:00,14,2663.6,2.4
2024-01-03 15:00:00,15,2776.3,1.8
2024-01-03 16:00:00,16,3744.3,0.0
2024-01-03 17:00:00,17,1289.8,0.6
2024-01-03 18:00:00,18,1068.4,1.7
2024-01-03 19:00:00,19,447.3,0.5
2024-01-03 20:00:00,20,367.6,0.1
2024-01-03 21:00:00,21,103.5,0.8
2024-01-03 22:00:00,22,2.1,0.0
2024-01-03 23:00:00,23,,0.0
2024-01-04 00:00:00,0,,
2024-01-04 01:00:00,1,,
2024-01-04 02:00:00,2,,0.0
2024-01-04 03:00:00,3,,0.0
2024-01-04 04:00:00,4,,
2024-01-04 05:00:00,5,,0.0
2024-01-04 06:00:00,6,,0.0
2024-01-04 07:00:00,7,,0.0
2024-01-04 08:00:00,8,,0.0
2024-01-04 09:00:00,9,22.1,0.0
2024-01-04 10:00:00,10,320.8,0.0
2024-01-04 11:00:00,11,1478.3,0.0
2024-01-04 12:00:00,12,1730.5,2.5
2024-01-04 13:00:00,13,2776.7,2.6
2024-01-04 14:00:00,14,3525.0,2.5
2024-01-04 15:00:00,15,3770.3,1.6
2024-01-04 16:00:00,16,3191.4,3.0
2024-01-04 17:00:00,17,2240.7,1.6
2024-01-04 18:00:00,18,1649.8,0.0
2024-01-04 19:00:00,19,1466.4,0.0
2024-01-04 20:00:00,20,915.6,0.2
2024-01-04 21:00:00,21,311.2,0.0
2024-01-04 22:00:00,22,6.3,0.0
2024-01-04 23:00:00,23,,2.2
2024-01-05 00:00:00,0,,
2024-01-05 01:00:00,1,,
2024-01-05 02:00:00,2,,0.0
2024-01-05 03:00:00,3,,0.0
2024-01-05 04:00:00,4,,0.1
2024-01-05 05:00:00,5,,0.2
2024-01-05 06:00:00,6,,0.0
2024-01-05 07:00:00,7,,0.0
2024-01-05 08:00:00,8,,0.0
2024-01-05 09:00:00,9,11.8,0.0
2024-01-05 10:00:00,10,250.0,0.0
2024-01-05 11:00:00,11,727.5,0.0
2024-01-05 12:00:00,12,582.5,0.0
2024-01-05 13:00:00,13,2069.5,0.3
2024-01-05 14:00:00,14,1920.7,0.1
2024-01-05 15:00:00,15,1809.8,0.0
2024-01-05 16:00:00,16,2346.8,0.0
2024-01-05 17:00:00,17,3148.3,0.0
2024-01-05 18:00:00,18,1519.1,1.3
2024-01-05 19:00:00,19,1077.4,0.1
2024-01-05 20:00:00,20,345.8,0.0
2024-01-05 21:00:00,21,126.7,0.0
2024-01-05 22:00:00,22,2.3,0.0
2024-01-05 23:00:00,23,,0.0
2024-01-06 00:00:00,0,,0.0
2024-01-06 01:00:00,1,,0.0
2024-01-06 02:00:00,2,,
2024-01-06 03:00:00,3,,0.0
2024-01-06 04:00:00,4,,0.0
2024-01-06 05:00:00,5,,0.0
2024-01-06 06:00:00,6,,0.0
2024-01-06 07:00:00,7,,0.0
2024-01-06 08:00:00,8,,0.0
2024-01-06 09:00:00,9,26.8,0.0
2024-01-06 10:00:00,10,370.8,0.0
2024-01-06 11:00:00,11,1498.2,0.6
2024-01-06 12:00:00,12,1788.2,0.0
2024-01-06 13:00:00,13,2154.0,0.1
2024-01-06 14:00:00,14,2920.8,0.4
2024-01-06 15:00:00,15,3236.1,0.0
2024-01-06 16:00:00,16,3367.5,0.0
2024-01-06 17:00:00,17,2757.7,2.6
2024-01-06 18:00:00,18,586.5,0.0
2024-01-06 19:00:00,19,929.4,0.0
2024-01-06 20:00:00,20,632.6,0.0
2024-01-06 21:00:00,21,91.0,0.0
2024-01-06 22:00:00,22,7.0,0.0
2024-01-06 23:00:00,23,,
2024-01-07 00:00:00,0,,
2024-01-07 01:00:00,1,,
2024-01-07 02:00:00,2,,0.6
2024-01-07 03:00:00,3,,0.0
2024-01-07 04:00:00,4,,0.0
2024-01-07 05:00:00,5,,0.0
2024-01-07 06:00:00,6,,0.0
2024-01-07 07:00:00,7,,0.0
2024-01-07 08:00:00,8,,0.0
2024-01-07 09:00:00,9,8.7,0.0
2024-01-07 10:00:00,10,217.1,0.0
2024-01-07 11:00:00,11,1212.8,0.0
2024-01-07 12:00:00,12,2350.4,0.0
2024-01-07 13:00:00,13,3098.5,0.0
2024-01-07 14:00:00,14,3360.1,0.0
2024-01-07 15:00:00,15,3365.2,0.0
2024-01-07 16:00:00,16,3495.3,0.6
2024-01-07 17:00:00,17,3549.1,3.7
2024-01-07 18:00:00,18,1483.0,2.5
2024-01-07 19:00:00,19,1616.3,3.4
2024-01-07 20:00:00,20,539.2,0.9
2024-01-07 21:00:00,21,147.7,0.0
2024-01-07 22:00:00,22,7.5,0.0
2024-01-07 23:00:00,23,,
2024-01-08 00:00:00,0,,0.0
2024-01-08 01:00:00,1,,0.0
2024-01-08 02:00:00,2,,
2024-01-08 03:00:00,3,,3.1
2024-01-08 04:00:00,4,,0.7
2024-01-08 05:00:00,5,,0.0
2024-01-08 06:00:00,6,1.4,0.0
2024-01-08 07:00:00,7,,0.0
2024-01-08 08:00:00,8,,0.0
2024-01-08 09:00:00,9,3.3,0.1
2024-01-08 10:00:00,10,134.0,0.1
2024-01-08 11:00:00,11,350.9,0.0
2024-01-08 12:00:00,12,709.7,0.0
2024-01-08 13:00:00,13,1498.7,0.0
2024-01-08 14:00:00,14,1233.0,0.1
2024-01-08 15:00:00,15,2955.8,0.1
2024-01-08 16:00:00,16,1894.7,0.0
2024-01-08 17:00:00,17,3194.5,0.0
2024-01-08 18:00:00,18,1932.4,0.0
2024-01-08 19:00:00,19,1287.0,0.0
2024-01-08 20:00:00,20,581.2,0.0
2024-01-08 21:00:00,21,295.3,0.0
2024-01-08 22:00:00,22,18.8,0.0
2024-01-08 23:00:00,23,,1.0
2024-01-09 00:00:00,0,,0.0
2024-01-09 01:00:00,1,,0.0
2024-01-09 02:00:00,2,,
2024-01-09 03:00:00,3,,0.0
2024-01-09 04:00:00,4,,
2024-01-09 05:00:00,5,,0.0
2024-01-09 06:00:00,6,,0.0
2024-01-09 07:00:00,7,,0.0
2024-01-09 08:00:00,8,,0.0
2024-01-09 09:00:00,9,24.6,0.0
2024-01-09 10:00:00,10,437.3,0.0
2024-01-09 11:00:00,11,892.2,0.0
2024-01-09 12:00:00,12,2165.6,0.6
2024-01-09 13:00:00,13,2928.0,0.6
2024-01-09 14:00:00,14,3861.7,0.6
2024-01-09 15:00:00,15,3876.7,0.0
2024-01-09 16:00:00,16,3516.9,1.2
2024-01-09 17:00:00,17,3044.9,0.6
2024-01-09 18:00:00,18,2950.2,1.1
2024-01-09 19:00:00,19,2058.7,0.3
2024-01-09 20:00:00,20,1483.2,0.0
2024-01-09 21:00:00,21,330.2,0.0
2024-01-09 22:00:00,22,15.6,0.0
2024-01-09 23:00:00,23,,
2024-01-10 00:00:00,0,,
2024-01-10 01:00:00,1,,0.0
2024-01-10 02:00:00,2,,0.0
2024-01-10 03:00:00,3,,0.0
2024-01-10 04:00:00,4,,0.0
2024-01-10 05:00:00,5,,0.0
2024-01-10 06:00:00,6,,0.0
2024-01-10 07:00:00,7,,0.1
2024-01-10 08:00:00,8,,0.0
2024-01-10 09:00:00,9,25.3,0.0
2024-01-10 10:00:00,10,640.8,0.0
2024-01-10 11:00:00,11,1109.5,0.0
2024-01-10 12:00:00,12,1992.5,0.2
2024-01-10 13:00:00,13,2633.9,0.9
2024-01-10 14:00:00,14,3446.2,0.3
2024-01-10 15:00:00,15,3293.9,1.6
2024-01-10 16:00:00,16,3303.6,0.0
2024-01-10 17:00:00,17,3121.0,0.0
2024-01-10 18:00:00,18,2280.4,0.0
2024-01-10 19:00:00,19,1894.2,0.0
2024-01-10 20:00:00,20,926.0,0.0
2024-01-10 21:00:00,21,435.2,0.0
2024-01-10 22:00:00,22,28.4,0.0
2024-01-10 23:00:00,23,,0.0
2024-01-11 00:00:00,0,,0.5
2024-01-11 01:00:00,1,,
2024-01-11 02:00:00,2,,0.8
2024-01-11 03:00:00,3,,0.6
2024-01-11 04:00:00,4,,
2024-01-11 05:00:00,5,,0.0
2024-01-11 06:00:00,6,,0.0
2024-01-11 07:00:00,7,,0.0
2024-01-11 08:00:00,8,,0.0
2024-01-11 09:00:00,9,14.7,0.0
2024-01-11 10:00:00,10,405.0,0.0
2024-01-11 11:00:00,11,1420.6,0.0
2024-01-11 12:00:00,12,2302.8,0.0
2024-01-11 13:00:00,13,3046.5,0.7
2024-01-11 14:00:00,14,3480.3,0.6
2024-01-11 15:00:00,15,3620.1,0.3
2024-01-11 16:00:00,16,3365.3,0.0
2024-01-11 17:00:00,17,3557.7,2.7
2024-01-11 18:00:00,18,3106.9,0.7
2024-01-11 19:00:00,19,1805.6,2.8
2024-01-11 20:00:00,20,1532.4,0.0
2024-01-11 21:00:00,21,520.4,0.0
2024-01-11 22:00:00,22,22.0,0.0
2024-01-11 23:00:00,23,,1.3
2024-01-12 00:00:00,0,,
2024-01-12 01:00:00,1,,
2024-01-12 02:00:00,2,,0.1
2024-01-12 03:00:00,3,,
2024-01-12 04:00:00,4,,0.0
2024-01-12 05:00:00,5,,0.0
2024-01-12 06:00:00,6,,0.0
2024-01-12 07:00:00,7,,0.0
2024-01-12 08:00:00,8,,1.0
2024-01-12 09:00:00,9,17.9,0.0
2024-01-12 10:00:00,10,551.6,0.0
2024-01-12 11:00:00,11,1436.8,0.0
2024-01-12 12:00:00,12,2293.5,1.7
2024-01-12 13:00:00,13,3006.0,0.0
2024-01-12 14:00:00,14,3507.3,0.0
2024-01-12 15:00:00,15,3771.6,0.2
2024-01-12 16:00:00,16,3861.7,0.0
2024-01-12 17:00:00,17,3613.3,0.0
2024-01-12 18:00:00,18,3123.1,0.0
2024-01-12 19:00:00,19,2439.1,0.7
2024-01-12 20:00:00,20,1504.8,1.5
2024-01-12 21:00:00,21,472.5,0.0
2024-01-12 22:00:00,22,21.1,0.0
2024-01-12 23:00:00,23,,0.0
2024-01-13 00:00:00,0,,0.0
2024-01-13 01:00:00,1,,
2024-01-13 02:00:00,2,,0.9
2024-01-13 03:00:00,3,,0.4
2024-01-13 04:00:00,4,,0.3
2024-01-13 05:00:00,5,,0.7
2024-01-13 06:00:00,6,,0.0
2024-01-13 07:00:00,7,,0.0
2024-01-13 08:00:00,8,,0.0
2024-01-13 09:00:00,9,16.8,0.0
2024-01-13 10:00:00,10,512.9,0.0
2024-01-13 11:00:00,11,1354.8,0.4
2024-01-13 12:00:00,12,2180.2,2.7
2024-01-13 13:00:00,13,2767.9,3.2
2024-01-13 14:00:00,14,3466.9,2.1
2024-01-13 15:00:00,15,3759.0,1.8
2024-01-13 16:00:00,16,3878.5,0.0
2024-01-13 17:00:00,17,3437.5,1.7
2024-01-13 18:00:00,18,2380.5,0.1
2024-01-13 19:00:00,19,744.3,0.1
2024-01-13 20:00:00,20,1415.4,0.0
2024-01-13 21:00:00,21,445.2,0.1
2024-01-13 22:00:00,22,20.3,0.0
2024-01-13 23:00:00,23,,
2024-01-14 00:00:00,0,,
2024-01-14 01:00:00,1,,
2024-01-14 02:00:00,2,,
2024-01-14 03:00:00,3,0.9,0.6
2024-01-14 04:00:00,4,1.9,1.1
2024-01-14 05:00:00,5,,0.3
2024-01-14 06:00:00,6,,0.0
2024-01-14 07:00:00,7,,0.0
2024-01-14 08:00:00,8,,0.0
2024-01-14 09:00:00,9,17.4,0.0
2024-01-14 10:00:00,10,511.2,0.3
2024-01-14 11:00:00,11,1395.7,0.0
2024-01-14 12:00:00,12,2244.3,1.2
2024-01-14 13:00:00,13,2956.4,1.7
2024-01-14 14:00:00,14,3460.0,2.2
2024-01-14 15:00:00,15,3746.8,0.6
2024-01-14 16:00:00,16,3827.2,0.6
2024-01-14 17:00:00,17,3533.1,1.6
2024-01-14 18:00:00,18,3014.2,0.0
2024-01-14 19:00:00,19,2325.9,0.0
2024-01-14 20:00:00,20,1448.7,0.1
2024-01-14 21:00:00,21,550.2,0.0
2024-01-14 22:00:00,22,53.9,0.0
2024-01-14 23:00:00,23,,2.5
2024-01-15 00:00:00,0,,
2024-01-15 01:00:00,1,1.6,6.0
2024-01-15 02:00:00,2,4.0,0.0
2024-01-15 03:00:00,3,4.5,0.0
2024-01-15 04:00:00,4,2.2,0.0
2024-01-15 05:00:00,5,0.3,0.7
2024-01-15 06:00:00,6,1.9,0.3
2024-01-15 07:00:00,7,,0.0
2024-01-15 08:00:00,8,,0.0
2024-01-15 09:00:00,9,16.4,0.0
2024-01-15 10:00:00,10,512.3,0.2
2024-01-15 11:00:00,11,1394.8,0.0
2024-01-15 12:00:00,12,2238.0,0.2
2024-01-15 13:00:00,13,2801.4,0.0
2024-01-15 14:00:00,14,3440.1,0.0
2024-01-15 15:00:00,15,3820.2,0.0
2024-01-15 16:00:00,16,3754.0,0.8
2024-01-15 17:00:00,17,3517.1,0.2
2024-01-15 18:00:00,18,3010.6,1.4
2024-01-15 19:00:00,19,2299.5,0.0
2024-01-15 20:00:00,20,1453.5,0.0
2024-01-15 21:00:00,21,499.4,0.0
2024-01-15 22:00:00,22,23.0,0.0
2024-01-15 23:00:00,23,,0.0
2024-01-16 00:00:00,0,,
2024-01-16 01:00:00,1,,3.7
2024-01-16 02:00:00,2,,1.7
2024-01-16 03:00:00,3,,0.5
2024-01-16 04:00:00,4,,0.0
2024-01-16 05:00:00,5,,0.0
2024-01-16 06:00:00,6,,0.0
2024-01-16 07:00:00,7,,1.0
2024-01-16 08:00:00,8,,1.1
2024-01-16 09:00:00,9,13.9,0.0
2024-01-16 10:00:00,10,501.2,0.0
2024-01-16 11:00:00,11,1389.1,0.1
2024-01-16 12:00:00,12,2241.5,0.0
2024-01-16 13:00:00,13,2972.8,0.2
2024-01-16 14:00:00,14,3420.7,0.0
2024-01-16 15:00:00,15,3568.3,0.0
2024-01-16 16:00:00,16,3863.9,1.5
2024-01-16 17:00:00,17,3445.4,1.2
2024-01-16 18:00:00,18,2783.9,3.1
2024-01-16 19:00:00,19,2392.8,3.3
2024-01-16 20:00:00,20,1508.4,0.0
2024-01-16 21:00:00,21,550.7,2.8
2024-01-16 22:00:00,22,22.4,0.0
2024-01-16 23:00:00,23,,0.0
2024-01-17 00:00:00,0,,
2024-01-17 01:00:00,1,,0.0
2024-01-17 02:00:00,2,,0.0
2024-01-17 03:00:00,3,,0.4
2024-01-17 04:00:00,4,,
2024-01-17 05:00:00,5,,0.1
2024-01-17 06:00:00,6,,0.0
2024-01-17 07:00:00,7,,0.0
2024-01-17 08:00:00,8,,0.0
2024-01-17 09:00:00,9,13.6,1.4
2024-01-17 10:00:00,10,486.6,1.8
2024-01-17 11:00:00,11,1383.9,0.2
2024-01-17 12:00:00,12,2256.1,1.8
2024-01-17 13:00:00,13,2983.7,1.0
2024-01-17 14:00:00,14,3354.8,0.2
2024-01-17 15:00:00,15,2593.9,0.0
2024-01-17 16:00:00,16,3656.7,0.0
2024-01-17 17:00:00,17,3617.9,1.9
2024-01-17 18:00:00,18,3146.8,2.1
2024-01-17 19:00:00,19,2370.3,2.8
2024-01-17 20:00:00,20,1519.3,3.5
2024-01-17 21:00:00,21,512.9,2.4
2024-01-17 22:00:00,22,20.5,0.0
2024-01-17 23:00:00,23,,
2024-01-18 00:00:00,0,,
2024-01-18 01:00:00,1,,0.9
2024-01-18 02:00:00,2,,
2024-01-18 03:00:00,3,,
2024-01-18 04:00:00,4,,0.0
2024-01-18 05:00:00,5,,0.0
2024-01-18 06:00:00,6,,0.0
2024-01-18 07:00:00,7,,0.0
2024-01-18 08:00:00,8,,0.0
2024-01-18 09:00:00,9,13.4,0.0
2024-01-18 10:00:00,10,506.0,0.0
2024-01-18 11:00:00,11,1385.8,1.5
2024-01-18 12:00:00,12,2204.8,0.7
2024-01-18 13:00:00,13,2975.5,0.6
2024-01-18 14:00:00,14,2608.1,0.7
2024-01-18 15:00:00,15,2865.1,0.1
2024-01-18 16:00:00,16,2876.1,1.4
2024-01-18 17:00:00,17,3140.3,0.0
2024-01-18 18:00:00,18,1987.4,0.0
2024-01-18 19:00:00,19,2270.4,1.2
2024-01-18 20:00:00,20,1511.7,0.0
2024-01-18 21:00:00,21,506.3,0.0
2024-01-18 22:00:00,22,20.7,0.0
2024-01-18 23:00:00,23,,0.0
2024-01-19 00:00:00,0,,0.0
2024-01-19 01:00:00,1,,0.0
2024-01-19 02:00:00,2,,0.0
2024-01-19 03:00:00,3,,
2024-01-19 04:00:00,4,,0.0
2024-01-19 05:00:00,5,,0.0
2024-01-19 06:00:00,6,,0.0
2024-01-19 07:00:00,7,,0.0
2024-01-19 08:00:00,8,,0.0
2024-01-19 09:00:00,9,11.9,0.0
2024-01-19 10:00:00,10,469.6,0.0
2024-01-19 11:00:00,11,1351.8,0.0
2024-01-19 12:00:00,12,2211.4,1.0
2024-01-19 13:00:00,13,2933.7,0.0
2024-01-19 14:00:00,14,3516.8,0.0
2024-01-19 15:00:00,15,3724.0,0.6
2024-01-19 16:00:00,16,3560.1,0.0
2024-01-19 17:00:00,17,3581.3,0.0
2024-01-19 18:00:00,18,3071.5,0.2
2024-01-19 19:00:00,19,2357.2,1.3
2024-01-19 20:00:00,20,1509.2,0.0
2024-01-19 21:00:00,21,538.3,0.0
2024-01-19 22:00:00,22,20.2,0.0
2024-01-19 23:00:00,23,,0.0
2024-01-20 00:00:00,0,,
2024-01-20 01:00:00,1,,
2024-01-20 02:00:00,2,,
2024-01-20 03:00:00,3,,0.8
2024-01-20 04:00:00,4,,0.0
2024-01-20 05:00:00,5,,0.0
2024-01-20 06:00:00,6,,0.3
2024-01-20 07:00:00,7,,0.0
2024-01-20 08:00:00,8,,0.3
2024-01-20 09:00:00,9,12.6,0.0
2024-01-20 10:00:00,10,454.7,0.4
2024-01-20 11:00:00,11,1334.4,0.4
2024-01-20 12:00:00,12,2192.3,1.4
2024-01-20 13:00:00,13,2863.1,0.4
2024-01-20 14:00:00,14,3459.7,1.9
2024-01-20 15:00:00,15,3803.3,2.7
2024-01-20 16:00:00,16,3707.6,3.1
2024-01-20 17:00:00,17,1032.3,0.0
2024-01-20 18:00:00,18,3014.2,3.5
2024-01-20 19:00:00,19,2373.3,2.1
2024-01-20 20:00:00,20,1098.1,0.0
2024-01-20 21:00:00,21,370.8,0.0
2024-01-20 22:00:00,22,24.9,0.0
2024-01-20 23:00:00,23,,0.0
2024-01-21 00:00:00,0,,0.0
2024-01-21 01:00:00,1,,
2024-01-21 02:00:00,2,,0.0
2024-01-21 03:00:00,3,,
2024-01-21 04:00:00,4,,
2024-01-21 05:00:00,5,,0.1
2024-01-21 06:00:00,6,,1.3
2024-01-21 07:00:00,7,,2.0
2024-01-21 08:00:00,8,,0.3
2024-01-21 09:00:00,9,4.5,0.3
2024-01-21 10:00:00,10,321.1,1.7
2024-01-21 11:00:00,11,846.3,2.1
2024-01-21 12:00:00,12,1603.8,2.3
2024-01-21 13:00:00,13,1634.4,2.8
2024-01-21 14:00:00,14,3134.8,2.6
2024-01-21 15:00:00,15,3211.2,3.1
2024-01-21 16:00:00,16,3634.8,3.0
2024-01-21 17:00:00,17,3273.6,3.3
2024-01-21 18:00:00,18,1195.3,0.2
2024-01-21 19:00:00,19,1414.7,1.6
2024-01-21 20:00:00,20,606.6,2.8
2024-01-21 21:00:00,21,149.2,4.0
2024-01-21 22:00:00,22,20.8,3.0
2024-01-21 23:00:00,23,,3.5
2024-01-22 00:00:00,0,,
2024-01-22 01:00:00,1,,
2024-01-22 02:00:00,2,,1.1
2024-01-22 03:00:00,3,,0.0
2024-01-22 04:00:00,4,,0.3
2024-01-22 05:00:00,5,,0.0
2024-01-22 06:00:00,6,,0.2
2024-01-22 07:00:00,7,,0.0
2024-01-22 08:00:00,8,,0.0
2024-01-22 09:00:00,9,2.5,0.0
2024-01-22 10:00:00,10,282.8,0.4
2024-01-22 11:00:00,11,1051.3,2.4
2024-01-22 12:00:00,12,1967.3,1.5
2024-01-22 13:00:00,13,1979.2,0.0
2024-01-22 14:00:00,14,3084.6,1.2
2024-01-22 15:00:00,15,3154.9,1.1
2024-01-22 16:00:00,16,2779.5,0.0
2024-01-22 17:00:00,17,3474.5,0.0
2024-01-22 18:00:00,18,3116.3,1.7
2024-01-22 19:00:00,19,2424.5,0.0
2024-01-22 20:00:00,20,1421.5,1.7
2024-01-22 21:00:00,21,171.3,1.0
2024-01-22 22:00:00,22,7.3,0.0
2024-01-22 23:00:00,23,,0.5
2024-01-23 00:00:00,0,,0.9
2024-01-23 01:00:00,1,,0.0
2024-01-23 02:00:00,2,,0.0
2024-01-23 03:00:00,3,,0.0
2024-01-23 04:00:00,4,,0.0
2024-01-23 05:00:00,5,,0.0
2024-01-23 06:00:00,6,,0.0
2024-01-23 07:00:00,7,,0.2
2024-01-23 08:00:00,8,,0.1
2024-01-23 09:00:00,9,6.1,0.0
2024-01-23 10:00:00,10,191.3,0.0
2024-01-23 11:00:00,11,514.1,0.0
2024-01-23 12:00:00,12,659.2,0.0
2024-01-23 13:00:00,13,1517.5,0.0
2024-01-23 14:00:00,14,2431.8,0.0
2024-01-23 15:00:00,15,4004.5,1.5
2024-01-23 16:00:00,16,3801.0,0.5
2024-01-23 17:00:00,17,3520.2,1.7
2024-01-23 18:00:00,18,1437.0,0.0
2024-01-23 19:00:00,19,690.2,4.9
2024-01-23 20:00:00,20,104.2,1.8
2024-01-23 21:00:00,21,25.6,0.9
2024-01-23 22:00:00,22,11.6,2.5
2024-01-23 23:00:00,23,,0.8
2024-01-24 00:00:00,0,,
2024-01-24 01:00:00,1,,
2024-01-24 02:00:00,2,,
2024-01-24 03:00:00,3,,
2024-01-24 04:00:00,4,,0.0
2024-01-24 05:00:00,5,,
2024-01-24 06:00:00,6,,0.0
2024-01-24 07:00:00,7,,0.0
2024-01-24 08:00:00,8,,0.0
2024-01-24 09:00:00,9,12.8,0.0
2024-01-24 10:00:00,10,323.2,1.0
2024-01-24 11:00:00,11,1012.5,0.0
2024-01-24 12:00:00,12,1360.6,1.3
2024-01-24 13:00:00,13,1827.3,2.5
2024-01-24 14:00:00,14,1746.9,2.0
2024-01-24 15:00:00,15,3280.3,3.2
2024-01-24 16:00:00,16,3032.1,2.6
2024-01-24 17:00:00,17,1303.6,1.0
2024-01-24 18:00:00,18,724.6,0.0
2024-01-24 19:00:00,19,307.9,0.1
2024-01-24 20:00:00,20,865.3,0.1
2024-01-24 21:00:00,21,280.7,0.0
2024-01-24 22:00:00,22,17.3,0.0
2024-01-24 23:00:00,23,,0.0
2024-01-25 00:00:00,0,,0.0
2024-01-25 01:00:00,1,,
2024-01-25 02:00:00,2,,0.0
2024-01-25 03:00:00,3,,
2024-01-25 04:00:00,4,,0.1
2024-01-25 05:00:00,5,,0.4
2024-01-25 06:00:00,6,,0.6
2024-01-25 07:00:00,7,,2.9
2024-01-25 08:00:00,8,,0.0
2024-01-25 09:00:00,9,2.9,0.6
2024-01-25 10:00:00,10,99.4,1.1
2024-01-25 11:00:00,11,679.7,3.1
2024-01-25 12:00:00,12,1144.3,3.3
2024-01-25 13:00:00,13,1458.3,0.0
2024-01-25 14:00:00,14,1895.0,2.3
2024-01-25 15:00:00,15,1409.9,1.6
2024-01-25 16:00:00,16,2248.8,2.7
2024-01-25 17:00:00,17,518.7,0.0
2024-01-25 18:00:00,18,702.9,0.4
2024-01-25 19:00:00,19,179.1,0.0
2024-01-25 20:00:00,20,270.1,0.1
2024-01-25 21:00:00,21,208.8,0.4
2024-01-25 22:00:00,22,17.3,0.0
2024-01-25 23:00:00,23,1.4,0.0
2024-01-26 00:00:00,0,,
2024-01-26 01:00:00,1,,
2024-01-26 02:00:00,2,,
2024-01-26 03:00:00,3,,0.0
2024-01-26 04:00:00,4,,0.0
2024-01-26 05:00:00,5,,0.0
2024-01-26 06:00:00,6,,0.0
2024-01-26 07:00:00,7,0.7,1.2
2024-01-26 08:00:00,8,,0.0
2024-01-26 09:00:00,9,5.9,2.5
2024-01-26 10:00:00,10,121.5,0.0
2024-01-26 11:00:00,11,377.8,2.1
2024-01-26 12:00:00,12,830.9,0.0
2024-01-26 13:00:00,13,1223.5,3.3
2024-01-26 14:00:00,14,1558.4,4.0
2024-01-26 15:00:00,15,1948.6,4.0
2024-01-26 16:00:00,16,2527.5,3.2
2024-01-26 17:00:00,17,2510.8,3.1
2024-01-26 18:00:00,18,2317.7,3.9
2024-01-26 19:00:00,19,2086.9,4.0
2024-01-26 20:00:00,20,968.3,2.3
2024-01-26 21:00:00,21,511.3,3.2
2024-01-26 22:00:00,22,13.7,3.0
2024-01-26 23:00:00,23,,1.3
2024-01-27 00:00:00,0,,2.3
2024-01-27 01:00:00,1,,2.9
2024-01-27 02:00:00,2,,
2024-01-27 03:00:00,3,,0.0
2024-01-27 04:00:00,4,,0.0
2024-01-27 05:00:00,5,,0.0
2024-01-27 06:00:00,6,,0.6
2024-01-27 07:00:00,7,,0.3
2024-01-27 08:00:00,8,0.5,1.9
2024-01-27 09:00:00,9,4.2,0.0
2024-01-27 10:00:00,10,151.3,0.2
2024-01-27 11:00:00,11,326.9,0.0
2024-01-27 12:00:00,12,592.0,0.0
2024-01-27 13:00:00,13,1546.8,3.4
2024-01-27 14:00:00,14,1832.1,3.9
2024-01-27 15:00:00,15,2288.2,3.2
2024-01-27 16:00:00,16,1712.1,5.0
2024-01-27 17:00:00,17,1256.0,0.0
2024-01-27 18:00:00,18,1315.2,1.8
2024-01-27 19:00:00,19,1776.8,3.7
2024-01-27 20:00:00,20,956.4,1.2
2024-01-27 21:00:00,21,95.0,3.4
2024-01-27 22:00:00,22,0.1,0.0
2024-01-27 23:00:00,23,,0.0
2024-01-28 00:00:00,0,,0.0
2024-01-28 01:00:00,1,,0.0
2024-01-28 02:00:00,2,,0.0
2024-01-28 03:00:00,3,,0.0
2024-01-28 04:00:00,4,,0.0
2024-01-28 05:00:00,5,,0.0
2024-01-28 06:00:00,6,0.6,0.0
2024-01-28 07:00:00,7,0.5,0.0
2024-01-28 08:00:00,8,0.4,0.0
2024-01-28 09:00:00,9,6.8,0.0
2024-01-28 10:00:00,10,180.6,0.0
2024-01-28 11:00:00,11,232.7,0.0
2024-01-28 12:00:00,12,417.5,0.0
2024-01-28 13:00:00,13,812.8,0.0
2024-01-28 14:00:00,14,1154.2,0.5
2024-01-28 15:00:00,15,1515.4,0.0
2024-01-28 16:00:00,16,1208.2,0.0
2024-01-28 17:00:00,17,1801.3,0.0
2024-01-28 18:00:00,18,2364.0,0.0
2024-01-28 19:00:00,19,1599.8,2.4
2024-01-28 20:00:00,20,598.9,1.2
2024-01-28 21:00:00,21,261.5,0.5
2024-01-28 22:00:00,22,10.4,0.0
2024-01-28 23:00:00,23,,0.2
2024-01-29 00:00:00,0,,
2024-01-29 01:00:00,1,,
2024-01-29 02:00:00,2,,0.0
2024-01-29 03:00:00,3,,0.0
2024-01-29 04:00:00,4,,0.0
2024-01-29 05:00:00,5,,0.0
2024-01-29 06:00:00,6,,0.0
2024-01-29 07:00:00,7,,0.0
2024-01-29 08:00:00,8,,0.0
2024-01-29 09:00:00,9,2.7,0.0
2024-01-29 10:00:00,10,276.5,0.0
2024-01-29 11:00:00,11,313.5,0.0
2024-01-29 12:00:00,12,960.2,0.0
2024-01-29 13:00:00,13,974.4,0.0
2024-01-29 14:00:00,14,1413.7,1.7
2024-01-29 15:00:00,15,1522.1,0.0
2024-01-29 16:00:00,16,3137.4,0.4
2024-01-29 17:00:00,17,2168.3,1.8
2024-01-29 18:00:00,18,1268.6,0.0
2024-01-29 19:00:00,19,995.2,0.0
2024-01-29 20:00:00,20,1333.0,0.0
2024-01-29 21:00:00,21,312.4,0.0
2024-01-29 22:00:00,22,42.9,0.0
2024-01-29 23:00:00,23,,0.0
2024-01-30 00:00:00,0,,0.0
2024-01-30 01:00:00,1,,
2024-01-30 02:00:00,2,,
2024-01-30 03:00:00,3,,0.0
2024-01-30 04:00:00,4,,
2024-01-30 05:00:00,5,,0.0
2024-01-30 06:00:00,6,,0.0
2024-01-30 07:00:00,7,,0.0
2024-01-30 08:00:00,8,,0.0
2024-01-30 09:00:00,9,1.4,0.0
2024-01-30 10:00:00,10,37.4,1.4
2024-01-30 11:00:00,11,342.4,0.0
2024-01-30 12:00:00,12,353.0,0.0
2024-01-30 13:00:00,13,723.9,0.0
2024-01-30 14:00:00,14,1332.1,0.0
2024-01-30 15:00:00,15,1535.1,0.3
2024-01-30 16:00:00,16,2782.3,1.0
2024-01-30 17:00:00,17,3270.6,0.0
2024-01-30 18:00:00,18,3169.9,0.4
2024-01-30 19:00:00,19,1954.7,0.0
2024-01-30 20:00:00,20,623.8,0.0
2024-01-30 21:00:00,21,263.5,0.0
2024-01-30 22:00:00,22,13.3,0.0
2024-01-30 23:00:00,23,,
2024-01-31 00:00:00,0,,
2024-01-31 01:00:00,1,,
2024-01-31 02:00:00,2,,0.0
2024-01-31 03:00:00,3,,0.0
2024-01-31 04:00:00,4,,0.0
2024-01-31 05:00:00,5,,
2024-01-31 06:00:00,6,,0.0
2024-01-31 07:00:00,7,,0.0
2024-01-31 08:00:00,8,,0.0
2024-01-31 09:00:00,9,3.4,0.0
2024-01-31 10:00:00,10,329.2,0.0
2024-01-31 11:00:00,11,1306.4,0.0
2024-01-31 12:00:00,12,2244.0,0.0
2024-01-31 13:00:00,13,2413.7,0.0
2024-01-31 14:00:00,14,3399.3,0.3
2024-01-31 15:00:00,15,3698.5,0.1
2024-01-31 16:00:00,16,1979.7,0.0
2024-01-31 17:00:00,17,2606.9,0.8
2024-01-31 18:00:00,18,2685.0,0.0
2024-01-31 19:00:00,19,1839.2,0.0
2024-01-31 20:00:00,20,814.3,0.0
2024-01-31 21:00:00,21,271.0,0.0
2024-01-31 22:00:00,22,14.6,0.0
2024-01-31 23:00:00,23,,0.0
2024-02-01 00:00:00,0,,
2024-02-01 01:00:00,1,,0.0
2024-02-01 02:00:00,2,,
2024-02-01 03:00:00,3,,0.0
2024-02-01 04:00:00,4,,0.0
2024-02-01 05:00:00,5,,0.0
2024-02-01 06:00:00,6,,0.0
2024-02-01 07:00:00,7,,0.0
2024-02-01 08:00:00,8,,0.0
2024-02-01 09:00:00,9,9.5,0.0
2024-02-01 10:00:00,10,276.3,0.0
2024-02-01 11:00:00,11,521.8,0.0
2024-02-01 12:00:00,12,1004.8,0.0
2024-02-01 13:00:00,13,1697.7,0.0
2024-02-01 14:00:00,14,2072.7,0.0
2024-02-01 15:00:00,15,2417.5,0.0
2024-02-01 16:00:00,16,2384.9,0.4
2024-02-01 17:00:00,17,2835.5,0.0
2024-02-01 18:00:00,18,3105.0,0.9
2024-02-01 19:00:00,19,2190.0,2.0
2024-02-01 20:00:00,20,1315.9,1.1
2024-02-01 21:00:00,21,566.5,0.0
2024-02-01 22:00:00,22,16.6,0.0
2024-02-01 23:00:00,23,,0.2
2024-02-02 00:00:00,0,,
2024-02-02 01:00:00,1,,0.7
2024-02-02 02:00:00,2,,
2024-02-02 03:00:00,3,,0.8
2024-02-02 04:00:00,4,,0.6
2024-02-02 05:00:00,5,,0.0
2024-02-02 06:00:00,6,,0.0
2024-02-02 07:00:00,7,,0.0
2024-02-02 08:00:00,8,,0.0
2024-02-02 09:00:00,9,2.2,0.0
2024-02-02 10:00:00,10,207.4,0.0
2024-02-02 11:00:00,11,1376.5,0.0
2024-02-02 12:00:00,12,2084.1,0.3
2024-02-02 13:00:00,13,2930.0,0.2
2024-02-02 14:00:00,14,3465.6,2.3
2024-02-02 15:00:00,15,3726.9,0.0
2024-02-02 16:00:00,16,3434.3,0.3
2024-02-02 17:00:00,17,3279.2,1.5
2024-02-02 18:00:00,18,2328.9,0.0
2024-02-02 19:00:00,19,807.5,0.0
2024-02-02 20:00:00,20,457.6,0.0
2024-02-02 21:00:00,21,181.7,0.0
2024-02-02 22:00:00,22,4.9,2.4
2024-02-02 23:00:00,23,,
2024-02-03 00:00:00,0,,
2024-02-03 01:00:00,1,,
2024-02-03 02:00:00,2,,
2024-02-03 03:00:00,3,,
2024-02-03 04:00:00,4,,0.0
2024-02-03 05:00:00,5,0.6,0.0
2024-02-03 06:00:00,6,,0.0
2024-02-03 07:00:00,7,,0.0
2024-02-03 08:00:00,8,,0.0
2024-02-03 09:00:00,9,7.7,0.0
2024-02-03 10:00:00,10,331.6,0.0
2024-02-03 11:00:00,11,1302.0,1.6
2024-02-03 12:00:00,12,2068.9,1.4
2024-02-03 13:00:00,13,2677.9,1.6
2024-02-03 14:00:00,14,3310.5,1.4
2024-02-03 15:00:00,15,3522.1,1.5
2024-02-03 16:00:00,16,2820.0,0.9
2024-02-03 17:00:00,17,3467.0,0.9
2024-02-03 18:00:00,18,2859.5,0.0
2024-02-03 19:00:00,19,2325.3,0.0
2024-02-03 20:00:00,20,1484.2,0.4
2024-02-03 21:00:00,21,495.3,0.0
2024-02-03 22:00:00,22,21.1,0.0
2024-02-03 23:00:00,23,,0.0
2024-02-04 00:00:00,0,,0.0
2024-02-04 01:00:00,1,,
2024-02-04 02:00:00,2,,0.2
2024-02-04 03:00:00,3,,0.0
2024-02-04 04:00:00,4,,0.2
2024-02-04 05:00:00,5,,0.0
2024-02-04 06:00:00,6,,0.0
2024-02-04 07:00:00,7,,0.0
2024-02-04 08:00:00,8,,0.0
2024-02-04 09:00:00,9,5.3,0.0
2024-02-04 10:00:00,10,293.7,0.0
2024-02-04 11:00:00,11,1272.5,0.0
2024-02-04 12:00:00,12,2162.6,1.5
2024-02-04 13:00:00,13,2761.2,1.2
2024-02-04 14:00:00,14,3548.3,2.2
2024-02-04 15:00:00,15,4057.8,2.3
2024-02-04 16:00:00,16,2266.2,1.2
2024-02-04 17:00:00,17,2857.4,1.6
2024-02-04 18:00:00,18,3207.4,0.0
2024-02-04 19:00:00,19,2487.1,0.0
2024-02-04 20:00:00,20,1491.4,0.0
2024-02-04 21:00:00,21,544.8,0.0
2024-02-04 22:00:00,22,17.7,0.0
2024-02-04 23:00:00,23,,0.0
2024-02-05 00:00:00,0,,0.0
2024-02-05 01:00:00,1,,0.4
2024-02-05 02:00:00,2,,0.0
2024-02-05 03:00:00,3,,0.0
2024-02-05 04:00:00,4,,0.0
2024-02-05 05:00:00,5,,0.0
2024-02-05 06:00:00,6,,0.0
2024-02-05 07:00:00,7,,0.0
2024-02-05 08:00:00,8,,0.0
2024-02-05 09:00:00,9,3.6,0.0
2024-02-05 10:00:00,10,361.5,0.0
2024-02-05 11:00:00,11,1226.5,0.7
2024-02-05 12:00:00,12,2082.0,1.3
2024-02-05 13:00:00,13,2818.7,2.0
2024-02-05 14:00:00,14,3138.9,0.9
2024-02-05 15:00:00,15,2999.6,1.0
2024-02-05 16:00:00,16,3487.9,1.3
2024-02-05 17:00:00,17,3343.1,0.9
2024-02-05 18:00:00,18,1692.0,0.4
2024-02-05 19:00:00,19,1774.9,2.3
2024-02-05 20:00:00,20,1316.4,1.8
2024-02-05 21:00:00,21,394.0,0.0
2024-02-05 22:00:00,22,18.1,0.0
2024-02-05 23:00:00,23,,0.0
2024-02-06 00:00:00,0,,0.5
2024-02-06 01:00:00,1,,
2024-02-06 02:00:00,2,,1.7
2024-02-06 03:00:00,3,,0.0
2024-02-06 04:00:00,4,,0.0
2024-02-06 05:00:00,5,,0.0
2024-02-06 06:00:00,6,,0.0
2024-02-06 07:00:00,7,,0.0
2024-02-06 08:00:00,8,,0.0
2024-02-06 09:00:00,9,5.3,0.0
2024-02-06 10:00:00,10,224.8,0.0
2024-02-06 11:00:00,11,456.2,0.0
2024-02-06 12:00:00,12,1564.2,0.0
2024-02-06 13:00:00,13,2495.9,0.0
2024-02-06 14:00:00,14,3243.7,0.0
2024-02-06 15:00:00,15,3936.2,3.1
2024-02-06 16:00:00,16,3757.7,0.0
2024-02-06 17:00:00,17,3621.9,0.0
2024-02-06 18:00:00,18,2762.0,3.6
2024-02-06 19:00:00,19,1736.4,3.1
2024-02-06 20:00:00,20,1468.1,1.4
2024-02-06 21:00:00,21,530.5,1.7
2024-02-06 22:00:00,22,18.3,0.6
2024-02-06 23:00:00,23,,1.0
2024-02-07 00:00:00,0,,0.7
2024-02-07 01:00:00,1,,0.9
2024-02-07 02:00:00,2,,
2024-02-07 03:00:00,3,,
2024-02-07 04:00:00,4,,0.1
2024-02-07 05:00:00,5,,0.0
2024-02-07 06:00:00,6,,0.0
2024-02-07 07:00:00,7,,0.0
2024-02-07 08:00:00,8,,0.0
2024-02-07 09:00:00,9,1.1,0.0
2024-02-07 10:00:00,10,304.8,0.0
2024-02-07 11:00:00,11,1101.7,0.0
2024-02-07 12:00:00,12,1936.1,0.0
2024-02-07 13:00:00,13,2532.0,0.0
2024-02-07 14:00:00,14,2959.7,0.4
2024-02-07 15:00:00,15,3672.4,0.4
2024-02-07 16:00:00,16,3318.0,0.0
2024-02-07 17:00:00,17,2356.8,0.0
2024-02-07 18:00:00,18,2908.9,0.0
2024-02-07 19:00:00,19,1954.4,0.0
2024-02-07 20:00:00,20,936.0,0.3
2024-02-07 21:00:00,21,369.6,0.6
2024-02-07 22:00:00,22,12.7,0.2
2024-02-07 23:00:00,23,,
2024-02-08 00:00:00,0,,0.0
2024-02-08 01:00:00,1,,
2024-02-08 02:00:00,2,,0.5
2024-02-08 03:00:00,3,,
2024-02-08 04:00:00,4,,0.0
2024-02-08 05:00:00,5,,0.0
2024-02-08 06:00:00,6,,0.0
2024-02-08 07:00:00,7,,0.0
2024-02-08 08:00:00,8,,0.0
2024-02-08 09:00:00,9,2.7,0.0
2024-02-08 10:00:00,10,154.5,0.0
2024-02-08 11:00:00,11,898.2,0.0
2024-02-08 12:00:00,12,1705.8,0.0
2024-02-08 13:00:00,13,1697.3,1.4
2024-02-08 14:00:00,14,2660.7,0.0
2024-02-08 15:00:00,15,3111.7,0.2
2024-02-08 16:00:00,16,3766.9,1.3
2024-02-08 17:00:00,17,3020.2,0.0
2024-02-08 18:00:00,18,843.8,0.4
2024-02-08 19:00:00,19,167.6,0.0
2024-02-08 20:00:00,20,346.2,0.0
2024-02-08 21:00:00,21,468.7,0.0
2024-02-08 22:00:00,22,16.1,3.2
2024-02-08 23:00:00,23,,
2024-02-09 00:00:00,0,,
2024-02-09 01:00:00,1,,1.1
2024-02-09 02:00:00,2,,
2024-02-09 03:00:00,3,,1.4
2024-02-09 04:00:00,4,,1.1
2024-02-09 05:00:00,5,,0.0
2024-02-09 06:00:00,6,,2.1
2024-02-09 07:00:00,7,,3.2
2024-02-09 08:00:00,8,,1.8
2024-02-09 09:00:00,9,0.6,0.0
2024-02-09 10:00:00,10,231.4,0.0
2024-02-09 11:00:00,11,515.4,0.0
2024-02-09 12:00:00,12,792.3,0.1
2024-02-09 13:00:00,13,763.8,0.0
2024-02-09 14:00:00,14,743.1,0.0
2024-02-09 15:00:00,15,812.0,0.0
2024-02-09 16:00:00,16,259.0,0.0
2024-02-09 17:00:00,17,810.7,0.0
2024-02-09 18:00:00,18,1081.1,0.1
2024-02-09 19:00:00,19,1108.7,0.1
2024-02-09 20:00:00,20,682.4,0.0
2024-02-09 21:00:00,21,281.2,0.0
2024-02-09 22:00:00,22,19.5,0.0
2024-02-09 23:00:00,23,,0.0
2024-02-10 00:00:00,0,,0.0
2024-02-10 01:00:00,1,,
2024-02-10 02:00:00,2,,0.0
2024-02-10 03:00:00,3,,
2024-02-10 04:00:00,4,,3.2
2024-02-10 05:00:00,5,0.4,2.7
2024-02-10 06:00:00,6,,0.0
2024-02-10 07:00:00,7,,0.0
2024-02-10 08:00:00,8,0.0,0.0
2024-02-10 09:00:00,9,,0.0
2024-02-10 10:00:00,10,139.0,0.0
2024-02-10 11:00:00,11,469.3,0.0
2024-02-10 12:00:00,12,1198.0,0.0
2024-02-10 13:00:00,13,1114.1,1.9
2024-02-10 14:00:00,14,2668.6,2.1
2024-02-10 15:00:00,15,2838.0,2.0
2024-02-10 16:00:00,16,2136.2,1.1
2024-02-10 17:00:00,17,1111.0,0.2
2024-02-10 18:00:00,18,1126.2,3.1
2024-02-10 19:00:00,19,602.9,0.0
2024-02-10 20:00:00,20,501.0,2.8
2024-02-10 21:00:00,21,219.8,2.0
2024-02-10 22:00:00,22,13.0,0.0
2024-02-10 23:00:00,23,1.7,0.8
2024-02-11 00:00:00,0,1.0,0.0
2024-02-11 01:00:00,1,,
2024-02-11 02:00:00,2,,
2024-02-11 03:00:00,3,,0.0
2024-02-11 04:00:00,4,,0.0
2024-02-11 05:00:00,5,,0.0
2024-02-11 06:00:00,6,,0.0
2024-02-11 07:00:00,7,,0.0
2024-02-11 08:00:00,8,,
2024-02-11 09:00:00,9,0.0,0.0
2024-02-11 10:00:00,10,56.4,0.0
2024-02-11 11:00:00,11,246.1,0.0
2024-02-11 12:00:00,12,727.9,0.0
2024-02-11 13:00:00,13,1345.9,0.0
2024-02-11 14:00:00,14,2088.0,0.0
2024-02-11 15:00:00,15,2008.7,0.0
2024-02-11 16:00:00,16,2283.5,0.0
2024-02-11 17:00:00,17,2003.8,0.0
2024-02-11 18:00:00,18,1736.4,0.0
2024-02-11 19:00:00,19,2065.7,0.0
2024-02-11 20:00:00,20,793.0,0.0
2024-02-11 21:00:00,21,210.9,0.0
2024-02-11 22:00:00,22,14.8,2.1
2024-02-11 23:00:00,23,,
2024-02-12 00:00:00,0,,
2024-02-12 01:00:00,1,,0.0
2024-02-12 02:00:00,2,,0.0
2024-02-12 03:00:00,3,,0.0
2024-02-12 04:00:00,4,,0.0
2024-02-12 05:00:00,5,,0.0
2024-02-12 06:00:00,6,,0.0
2024-02-12 07:00:00,7,,0.0
2024-02-12 08:00:00,8,,0.0
2024-02-12 09:00:00,9,9.4,0.0
2024-02-12 10:00:00,10,488.1,0.0
2024-02-12 11:00:00,11,1198.6,1.9
2024-02-12 12:00:00,12,2225.1,1.8
2024-02-12 13:00:00,13,2500.1,0.5
2024-02-12 14:00:00,14,3043.1,2.4
2024-02-12 15:00:00,15,3749.1,2.2
2024-02-12 16:00:00,16,3099.8,1.2
2024-02-12 17:00:00,17,2695.7,3.5
2024-02-12 18:00:00,18,2748.6,3.2
2024-02-12 19:00:00,19,1859.8,3.3
2024-02-12 20:00:00,20,1450.4,3.4
2024-02-12 21:00:00,21,311.3,1.3
2024-02-12 22:00:00,22,27.0,0.7
2024-02-12 23:00:00,23,,0.0
2024-02-13 00:00:00,0,,
2024-02-13 01:00:00,1,,
2024-02-13 02:00:00,2,,
2024-02-13 03:00:00,3,,0.0
2024-02-13 04:00:00,4,,
2024-02-13 05:00:00,5,,1.6
2024-02-13 06:00:00,6,,1.0
2024-02-13 07:00:00,7,,0.0
2024-02-13 08:00:00,8,,0.0
2024-02-13 09:00:00,9,1.3,0.9
2024-02-13 10:00:00,10,379.5,1.9
2024-02-13 11:00:00,11,1298.7,1.9
2024-02-13 12:00:00,12,2187.1,2.0
2024-02-13 13:00:00,13,3025.7,2.0
2024-02-13 14:00:00,14,3056.4,1.8
2024-02-13 15:00:00,15,3620.5,0.5
2024-02-13 16:00:00,16,3094.9,0.9
2024-02-13 17:00:00,17,2705.3,0.0
2024-02-13 18:00:00,18,1960.8,0.0
2024-02-13 19:00:00,19,2352.7,0.0
2024-02-13 20:00:00,20,1605.8,3.1
2024-02-13 21:00:00,21,538.3,1.4
2024-02-13 22:00:00,22,32.3,0.0
2024-02-13 23:00:00,23,,0.0
2024-02-14 00:00:00,0,,0.0
2024-02-14 01:00:00,1,,0.9
2024-02-14 02:00:00,2,,0.0
2024-02-14 03:00:00,3,,0.0
2024-02-14 04:00:00,4,,
2024-02-14 05:00:00,5,,0.0
2024-02-14 06:00:00,6,,0.0
2024-02-14 07:00:00,7,,0.0
2024-02-14 08:00:00,8,,0.0
2024-02-14 09:00:00,9,1.4,0.0
2024-02-14 10:00:00,10,363.0,0.0
2024-02-14 11:00:00,11,1257.3,0.0
2024-02-14 12:00:00,12,2147.9,0.1
2024-02-14 13:00:00,13,2875.0,0.5
2024-02-14 14:00:00,14,3539.7,0.1
2024-02-14 15:00:00,15,4065.5,0.4
2024-02-14 16:00:00,16,2623.3,0.0
2024-02-14 17:00:00,17,2972.2,0.0
2024-02-14 18:00:00,18,3110.4,0.0
2024-02-14 19:00:00,19,2347.5,0.8
2024-02-14 20:00:00,20,1487.3,0.0
2024-02-14 21:00:00,21,566.0,0.0
2024-02-14 22:00:00,22,13.5,0.0
2024-02-14 23:00:00,23,,0.0
2024-02-15 00:00:00,0,,
2024-02-15 01:00:00,1,,0.0
2024-02-15 02:00:00,2,,
2024-02-15 03:00:00,3,,0.0
2024-02-15 04:00:00,4,,0.1
2024-02-15 05:00:00,5,,0.0
2024-02-15 06:00:00,6,,0.0
2024-02-15 07:00:00,7,,0.0
2024-02-15 08:00:00,8,,0.0
2024-02-15 09:00:00,9,4.2,0.0
2024-02-15 10:00:00,10,358.2,0.0
2024-02-15 11:00:00,11,1195.8,0.0
2024-02-15 12:00:00,12,2072.8,0.1
2024-02-15 13:00:00,13,2822.4,0.0
2024-02-15 14:00:00,14,3335.2,0.0
2024-02-15 15:00:00,15,3692.3,1.6
2024-02-15 16:00:00,16,3748.2,0.0
2024-02-15 17:00:00,17,3439.9,0.8
2024-02-15 18:00:00,18,2941.3,0.0
2024-02-15 19:00:00,19,2240.5,0.0
2024-02-15 20:00:00,20,1382.2,0.0
2024-02-15 21:00:00,21,495.8,1.1
2024-02-15 22:00:00,22,18.7,0.0
2024-02-15 23:00:00,23,,0.0
2024-02-16 00:00:00,0,,0.0
2024-02-16 01:00:00,1,,
2024-02-16 02:00:00,2,,0.1
2024-02-16 03:00:00,3,,0.0
2024-02-16 04:00:00,4,,
2024-02-16 05:00:00,5,,0.0
2024-02-16 06:00:00,6,,0.2
2024-02-16 07:00:00,7,,0.0
2024-02-16 08:00:00,8,,0.0
2024-02-16 09:00:00,9,2.0,0.0
2024-02-16 10:00:00,10,339.1,0.0
2024-02-16 11:00:00,11,1193.6,0.7
2024-02-16 12:00:00,12,2078.2,1.6
2024-02-16 13:00:00,13,2821.8,3.6
2024-02-16 14:00:00,14,3231.5,1.1
2024-02-16 15:00:00,15,3434.9,3.0
2024-02-16 16:00:00,16,3491.4,0.0
2024-02-16 17:00:00,17,3412.4,1.2
2024-02-16 18:00:00,18,2546.1,1.6
2024-02-16 19:00:00,19,1407.6,0.0
2024-02-16 20:00:00,20,466.7,2.4
2024-02-16 21:00:00,21,78.4,4.6
2024-02-16 22:00:00,22,4.2,0.8
2024-02-16 23:00:00,23,,
2024-02-17 00:00:00,0,,
2024-02-17 01:00:00,1,,3.9
2024-02-17 02:00:00,2,,3.0
2024-02-17 03:00:00,3,,0.0
2024-02-17 04:00:00,4,,
2024-02-17 05:00:00,5,,0.0
2024-02-17 06:00:00,6,,0.0
2024-02-17 07:00:00,7,,0.0
2024-02-17 08:00:00,8,,0.0
2024-02-17 09:00:00,9,0.7,0.0
2024-02-17 10:00:00,10,151.3,0.0
2024-02-17 11:00:00,11,627.1,0.0
2024-02-17 12:00:00,12,1039.3,0.1
2024-02-17 13:00:00,13,1596.5,0.1
2024-02-17 14:00:00,14,2883.0,1.4
2024-02-17 15:00:00,15,2710.0,0.5
2024-02-17 16:00:00,16,3669.7,0.0
2024-02-17 17:00:00,17,3435.6,0.1
2024-02-17 18:00:00,18,2793.1,0.3
2024-02-17 19:00:00,19,586.4,1.3
2024-02-17 20:00:00,20,65.5,2.3
2024-02-17 21:00:00,21,34.4,0.0
2024-02-17 22:00:00,22,1.7,0.0
2024-02-17 23:00:00,23,1.3,3.5
2024-02-18 00:00:00,0,0.4,0.0
2024-02-18 01:00:00,1,0.5,0.0
2024-02-18 02:00:00,2,0.6,0.0
2024-02-18 03:00:00,3,0.3,0.0
2024-02-18 04:00:00,4,,
2024-02-18 05:00:00,5,,0.0
2024-02-18 06:00:00,6,,0.0
2024-02-18 07:00:00,7,,0.0
2024-02-18 08:00:00,8,,0.0
2024-02-18 09:00:00,9,2.0,0.0
2024-02-18 10:00:00,10,252.0,0.0
2024-02-18 11:00:00,11,682.3,0.0
2024-02-18 12:00:00,12,1400.6,0.0
2024-02-18 13:00:00,13,1835.0,0.3
2024-02-18 14:00:00,14,2107.6,0.0
2024-02-18 15:00:00,15,1744.1,0.1
2024-02-18 16:00:00,16,1993.8,0.4
2024-02-18 17:00:00,17,2133.3,0.8
2024-02-18 18:00:00,18,2128.2,0.5
2024-02-18 19:00:00,19,2087.1,1.6
2024-02-18 20:00:00,20,472.4,1.1
2024-02-18 21:00:00,21,92.9,0.0
2024-02-18 22:00:00,22,4.8,0.0
2024-02-18 23:00:00,23,,0.0
2024-02-19 00:00:00,0,,0.0
2024-02-19 01:00:00,1,,
2024-02-19 02:00:00,2,,0.0
2024-02-19 03:00:00,3,,0.0
2024-02-19 04:00:00,4,,
2024-02-19 05:00:00,5,,0.0
2024-02-19 06:00:00,6,,0.0
2024-02-19 07:00:00,7,,0.0
2024-02-19 08:00:00,8,,0.0
2024-02-19 09:00:00,9,0.1,0.0
2024-02-19 10:00:00,10,116.0,0.0
2024-02-19 11:00:00,11,416.6,0.5
2024-02-19 12:00:00,12,474.0,0.0
2024-02-19 13:00:00,13,432.8,0.0
2024-02-19 14:00:00,14,844.3,0.0
2024-02-19 15:00:00,15,1867.1,0.0
2024-02-19 16:00:00,16,2419.3,0.0
2024-02-19 17:00:00,17,2383.7,0.0
2024-02-19 18:00:00,18,2086.2,1.9
2024-02-19 19:00:00,19,1829.3,0.0
2024-02-19 20:00:00,20,864.5,2.5
2024-02-19 21:00:00,21,403.2,1.7
2024-02-19 22:00:00,22,10.7,2.5
2024-02-19 23:00:00,23,,
2024-02-20 00:00:00,0,,
2024-02-20 01:00:00,1,,0.0
2024-02-20 02:00:00,2,,0.0
2024-02-20 03:00:00,3,,0.4
2024-02-20 04:00:00,4,,0.3
2024-02-20 05:00:00,5,,0.0
2024-02-20 06:00:00,6,,0.0
2024-02-20 07:00:00,7,,0.0
2024-02-20 08:00:00,8,,0.0
2024-02-20 09:00:00,9,0.8,0.0
2024-02-20 10:00:00,10,125.2,0.0
2024-02-20 11:00:00,11,454.7,0.0
2024-02-20 12:00:00,12,846.1,0.0
2024-02-20 13:00:00,13,1045.5,0.0
2024-02-20 14:00:00,14,2193.5,0.0
2024-02-20 15:00:00,15,2524.7,1.1
2024-02-20 16:00:00,16,2442.3,0.0
2024-02-20 17:00:00,17,2088.0,0.1
2024-02-20 18:00:00,18,3000.7,1.6
2024-02-20 19:00:00,19,854.5,2.6
2024-02-20 20:00:00,20,293.9,0.0
2024-02-20 21:00:00,21,228.9,0.0
2024-02-20 22:00:00,22,9.1,0.0
2024-02-20 23:00:00,23,0.1,0.0
2024-02-21 00:00:00,0,0.0,0.0
2024-02-21 01:00:00,1,,0.0
2024-02-21 02:00:00,2,,
2024-02-21 03:00:00,3,1.2,0.0
2024-02-21 04:00:00,4,,0.0
2024-02-21 05:00:00,5,0.1,0.6
2024-02-21 06:00:00,6,0.1,0.0
2024-02-21 07:00:00,7,,0.0
2024-02-21 08:00:00,8,,0.0
2024-02-21 09:00:00,9,1.4,0.0
2024-02-21 10:00:00,10,49.1,0.0
2024-02-21 11:00:00,11,53.8,0.8
2024-02-21 12:00:00,12,329.3,0.0
2024-02-21 13:00:00,13,593.9,0.0
2024-02-21 14:00:00,14,446.8,0.0
2024-02-21 15:00:00,15,712.2,2.7
2024-02-21 16:00:00,16,769.2,0.0
2024-02-21 17:00:00,17,748.0,0.0
2024-02-21 18:00:00,18,637.1,1.1
2024-02-21 19:00:00,19,388.2,0.0
2024-02-21 20:00:00,20,151.9,0.0
2024-02-21 21:00:00,21,78.6,0.0
2024-02-21 22:00:00,22,6.0,0.0
2024-02-21 23:00:00,23,,0.0
2024-02-22 00:00:00,0,,
2024-02-22 01:00:00,1,0.1,0.0
2024-02-22 02:00:00,2,,0.0
2024-02-22 03:00:00,3,,
2024-02-22 04:00:00,4,,0.0
2024-02-22 05:00:00,5,,0.0
2024-02-22 06:00:00,6,,0.0
2024-02-22 07:00:00,7,,0.0
2024-02-22 08:00:00,8,,2.3
2024-02-22 09:00:00,9,0.7,1.4
2024-02-22 10:00:00,10,66.1,0.0
2024-02-22 11:00:00,11,481.4,1.6
2024-02-22 12:00:00,12,1176.4,0.0
2024-02-22 13:00:00,13,1337.8,0.5
2024-02-22 14:00:00,14,2107.7,2.4
2024-02-22 15:00:00,15,2807.6,2.7
2024-02-22 16:00:00,16,1702.7,2.2
2024-02-22 17:00:00,17,1902.6,0.5
2024-02-22 18:00:00,18,1186.8,0.0
2024-02-22 19:00:00,19,1033.6,0.0
2024-02-22 20:00:00,20,263.1,1.5
2024-02-22 21:00:00,21,87.4,0.0
2024-02-22 22:00:00,22,5.8,0.0
2024-02-22 23:00:00,23,,
2024-02-23 00:00:00,0,,0.2
2024-02-23 01:00:00,1,,0.2
2024-02-23 02:00:00,2,,
2024-02-23 03:00:00,3,,0.0
2024-02-23 04:00:00,4,,0.0
2024-02-23 05:00:00,5,,0.0
2024-02-23 06:00:00,6,,0.0
2024-02-23 07:00:00,7,,0.0
2024-02-23 08:00:00,8,,0.0
2024-02-23 09:00:00,9,1.2,0.0
2024-02-23 10:00:00,10,390.6,0.0
2024-02-23 11:00:00,11,468.0,0.1
2024-02-23 12:00:00,12,1165.0,0.0
2024-02-23 13:00:00,13,2166.1,0.0
2024-02-23 14:00:00,14,2271.6,0.0
2024-02-23 15:00:00,15,1507.5,0.0
2024-02-23 16:00:00,16,2721.7,0.0
2024-02-23 17:00:00,17,697.9,0.0
2024-02-23 18:00:00,18,461.3,0.0
2024-02-23 19:00:00,19,373.5,0.0
2024-02-23 20:00:00,20,465.8,0.1
2024-02-23 21:00:00,21,142.8,0.0
2024-02-23 22:00:00,22,11.5,0.0
2024-02-23 23:00:00,23,0.1,0.0
2024-02-24 00:00:00,0,,
2024-02-24 01:00:00,1,,0.0
2024-02-24 02:00:00,2,,0.0
2024-02-24 03:00:00,3,,0.0
2024-02-24 04:00:00,4,,0.0
2024-02-24 05:00:00,5,,0.0
2024-02-24 06:00:00,6,,0.0
2024-02-24 07:00:00,7,,0.0
2024-02-24 08:00:00,8,,0.0
2024-02-24 09:00:00,9,0.1,0.0
2024-02-24 10:00:00,10,301.6,0.0
2024-02-24 11:00:00,11,1284.0,0.4
2024-02-24 12:00:00,12,2362.0,0.0
2024-02-24 13:00:00,13,2947.9,0.0
2024-02-24 14:00:00,14,3087.6,1.3
2024-02-24 15:00:00,15,2803.8,0.8
2024-02-24 16:00:00,16,2717.3,0.1
2024-02-24 17:00:00,17,2300.0,0.0
2024-02-24 18:00:00,18,1987.6,0.0
2024-02-24 19:00:00,19,1926.3,2.5
2024-02-24 20:00:00,20,1357.4,2.6
2024-02-24 21:00:00,21,457.5,2.1
2024-02-24 22:00:00,22,17.5,0.0
2024-02-24 23:00:00,23,,0.0
2024-02-25 00:00:00,0,,0.0
2024-02-25 01:00:00,1,,0.0
2024-02-25 02:00:00,2,,0.3
2024-02-25 03:00:00,3,,0.1
2024-02-25 04:00:00,4,,0.0
2024-02-25 05:00:00,5,,0.8
2024-02-25 06:00:00,6,,0.2
2024-02-25 07:00:00,7,,0.6
2024-02-25 08:00:00,8,,0.0
2024-02-25 09:00:00,9,,0.0
2024-02-25 10:00:00,10,352.0,0.0
2024-02-25 11:00:00,11,1281.0,0.0
2024-02-25 12:00:00,12,2057.6,1.2
2024-02-25 13:00:00,13,2562.7,2.6
2024-02-25 14:00:00,14,2868.0,0.9
2024-02-25 15:00:00,15,2470.1,2.0
2024-02-25 16:00:00,16,2907.0,0.9
2024-02-25 17:00:00,17,3289.7,1.6
2024-02-25 18:00:00,18,3071.6,1.0
2024-02-25 19:00:00,19,1915.3,2.7
2024-02-25 20:00:00,20,1479.1,2.7
2024-02-25 21:00:00,21,518.5,2.6
2024-02-25 22:00:00,22,11.2,0.0
2024-02-25 23:00:00,23,,0.0
2024-02-26 00:00:00,0,,
2024-02-26 01:00:00,1,,1.1
2024-02-26 02:00:00,2,,
2024-02-26 03:00:00,3,,0.0
2024-02-26 04:00:00,4,,0.0
2024-02-26 05:00:00,5,,0.3
2024-02-26 06:00:00,6,,0.0
2024-02-26 07:00:00,7,,0.0
2024-02-26 08:00:00,8,,0.0
2024-02-26 09:00:00,9,,0.0
2024-02-26 10:00:00,10,345.5,0.0
2024-02-26 11:00:00,11,1260.5,0.0
2024-02-26 12:00:00,12,2188.4,0.6
2024-02-26 13:00:00,13,3009.4,0.4
2024-02-26 14:00:00,14,3214.6,0.8
2024-02-26 15:00:00,15,2000.1,0.0
2024-02-26 16:00:00,16,3048.7,0.2
2024-02-26 17:00:00,17,2649.6,0.2
2024-02-26 18:00:00,18,2568.8,0.0
2024-02-26 19:00:00,19,2108.6,2.1
2024-02-26 20:00:00,20,1586.6,2.1
2024-02-26 21:00:00,21,389.9,0.0
2024-02-26 22:00:00,22,10.0,0.0
2024-02-26 23:00:00,23,,
2024-02-27 00:00:00,0,,
2024-02-27 01:00:00,1,,0.1
2024-02-27 02:00:00,2,,0.1
2024-02-27 03:00:00,3,,0.0
2024-02-27 04:00:00,4,,0.0
2024-02-27 05:00:00,5,,0.0
2024-02-27 06:00:00,6,,0.0
2024-02-27 07:00:00,7,,0.0
2024-02-27 08:00:00,8,,0.0
2024-02-27 09:00:00,9,,0.0
2024-02-27 10:00:00,10,326.4,0.0
2024-02-27 11:00:00,11,1168.6,0.0
2024-02-27 12:00:00,12,2035.4,0.4
2024-02-27 13:00:00,13,2944.9,0.9
2024-02-27 14:00:00,14,3179.9,1.6
2024-02-27 15:00:00,15,3020.5,0.7
2024-02-27 16:00:00,16,3014.0,0.8
2024-02-27 17:00:00,17,2699.7,1.1
2024-02-27 18:00:00,18,2457.8,0.0
2024-02-27 19:00:00,19,1994.3,0.0
2024-02-27 20:00:00,20,1718.0,2.1
2024-02-27 21:00:00,21,505.6,0.0
2024-02-27 22:00:00,22,8.6,0.0
2024-02-27 23:00:00,23,,1.1
2024-02-28 00:00:00,0,,
2024-02-28 01:00:00,1,,
2024-02-28 02:00:00,2,,0.0
2024-02-28 03:00:00,3,,0.0
2024-02-28 04:00:00,4,,0.0
2024-02-28 05:00:00,5,,0.0
2024-02-28 06:00:00,6,,0.0
2024-02-28 07:00:00,7,,0.0
2024-02-28 08:00:00,8,,0.0
2024-02-28 09:00:00,9,,0.0
2024-02-28 10:00:00,10,329.3,0.0
2024-02-28 11:00:00,11,1154.1,0.0
2024-02-28 12:00:00,12,2077.2,0.2
2024-02-28 13:00:00,13,2949.1,0.1
2024-02-28 14:00:00,14,3194.4,1.4
2024-02-28 15:00:00,15,2597.6,0.0
2024-02-28 16:00:00,16,2913.1,0.1
2024-02-28 17:00:00,17,3029.3,0.0
2024-02-28 18:00:00,18,2897.9,0.0
2024-02-28 19:00:00,19,2337.3,0.0
2024-02-28 20:00:00,20,1449.9,0.0
2024-02-28 21:00:00,21,498.5,0.0
2024-02-28 22:00:00,22,13.2,0.0
2024-02-28 23:00:00,23,,0.0
2024-02-29 00:00:00,0,,0.0
2024-02-29 01:00:00,1,,0.2
2024-02-29 02:00:00,2,,0.3
2024-02-29 03:00:00,3,,0.3
2024-02-29 04:00:00,4,,
2024-02-29 05:00:00,5,,1.1
2024-02-29 06:00:00,6,,0.1
2024-02-29 07:00:00,7,,0.0
2024-02-29 08:00:00,8,,0.0
2024-02-29 09:00:00,9,,0.3
2024-02-29 10:00:00,10,322.7,0.0
2024-02-29 11:00:00,11,1172.7,0.0
2024-02-29 12:00:00,12,2093.2,0.0
2024-02-29 13:00:00,13,3000.4,1.4
2024-02-29 14:00:00,14,3503.7,2.4
2024-02-29 15:00:00,15,3043.8,0.0
2024-02-29 16:00:00,16,3269.7,1.1
2024-02-29 17:00:00,17,3115.3,0.0
2024-02-29 18:00:00,18,3013.0,0.0
2024-02-29 19:00:00,19,2343.8,0.3
2024-02-29 20:00:00,20,1398.4,0.0
2024-02-29 21:00:00,21,478.9,0.0
2024-02-29 22:00:00,22,8.2,0.0
2024-02-29 23:00:00,23,,0.1
2024-03-01 00:00:00,0,,
2024-03-01 01:00:00,1,,
2024-03-01 02:00:00,2,,0.3
2024-03-01 03:00:00,3,,1.6
2024-03-01 04:00:00,4,,0.0
2024-03-01 05:00:00,5,,0.0
2024-03-01 06:00:00,6,,0.0
2024-03-01 07:00:00,7,,0.0
2024-03-01 08:00:00,8,,0.0
2024-03-01 09:00:00,9,0.3,0.0
2024-03-01 10:00:00,10,289.9,0.0
2024-03-01 11:00:00,11,1127.6,0.5
2024-03-01 12:00:00,12,2011.5,1.8
2024-03-01 13:00:00,13,2932.7,1.6
2024-03-01 14:00:00,14,3538.5,2.0
2024-03-01 15:00:00,15,3321.3,1.0
2024-03-01 16:00:00,16,3393.3,0.7
2024-03-01 17:00:00,17,3148.0,0.5
2024-03-01 18:00:00,18,2974.3,0.1
2024-03-01 19:00:00,19,2503.7,0.6
2024-03-01 20:00:00,20,1268.6,0.0
2024-03-01 21:00:00,21,482.0,0.0
2024-03-01 22:00:00,22,10.9,1.0
2024-03-01 23:00:00,23,,1.6
2024-03-02 00:00:00,0,,0.4
2024-03-02 01:00:00,1,,
2024-03-02 02:00:00,2,,0.0
2024-03-02 03:00:00,3,,0.0
2024-03-02 04:00:00,4,,0.6
2024-03-02 05:00:00,5,,0.3
2024-03-02 06:00:00,6,,0.7
2024-03-02 07:00:00,7,,0.3
2024-03-02 08:00:00,8,,0.8
2024-03-02 09:00:00,9,2.6,1.5
2024-03-02 10:00:00,10,257.0,0.1
2024-03-02 11:00:00,11,735.3,0.5
2024-03-02 12:00:00,12,1062.8,2.5
2024-03-02 13:00:00,13,1897.6,2.4
2024-03-02 14:00:00,14,2302.6,0.8
2024-03-02 15:00:00,15,3019.5,0.4
2024-03-02 16:00:00,16,1972.6,0.3
2024-03-02 17:00:00,17,3086.8,0.1
2024-03-02 18:00:00,18,2639.1,1.1
2024-03-02 19:00:00,19,1692.4,1.6
2024-03-02 20:00:00,20,1373.5,1.3
2024-03-02 21:00:00,21,583.0,0.5
2024-03-02 22:00:00,22,6.3,0.0
2024-03-02 23:00:00,23,,
2024-03-03 00:00:00,0,,
2024-03-03 01:00:00,1,,
2024-03-03 02:00:00,2,,1.9
2024-03-03 03:00:00,3,,0.0
2024-03-03 04:00:00,4,,0.0
2024-03-03 05:00:00,5,,0.8
2024-03-03 06:00:00,6,,0.5
2024-03-03 07:00:00,7,,0.0
2024-03-03 08:00:00,8,,0.0
2024-03-03 09:00:00,9,0.2,0.0
2024-03-03 10:00:00,10,141.0,0.0
2024-03-03 11:00:00,11,642.7,0.0
2024-03-03 12:00:00,12,1885.3,0.0
2024-03-03 13:00:00,13,2163.8,0.5
2024-03-03 14:00:00,14,2669.3,0.3
2024-03-03 15:00:00,15,2646.8,1.0
2024-03-03 16:00:00,16,1689.3,5.0
2024-03-03 17:00:00,17,477.7,0.6
2024-03-03 18:00:00,18,2104.4,0.3
2024-03-03 19:00:00,19,2466.3,0.0
2024-03-03 20:00:00,20,1012.8,0.0
2024-03-03 21:00:00,21,189.8,0.0
2024-03-03 22:00:00,22,4.9,0.0
2024-03-03 23:00:00,23,,0.1
2024-03-04 00:00:00,0,,0.0
2024-03-04 01:00:00,1,,0.1
2024-03-04 02:00:00,2,,0.0
2024-03-04 03:00:00,3,,0.2
2024-03-04 04:00:00,4,1.4,5.2
2024-03-04 05:00:00,5,0.6,0.0
2024-03-04 06:00:00,6,0.4,0.0
2024-03-04 07:00:00,7,0.2,0.0
2024-03-04 08:00:00,8,0.0,0.0
2024-03-04 09:00:00,9,0.9,0.0
2024-03-04 10:00:00,10,35.8,0.0
2024-03-04 11:00:00,11,167.9,0.0
2024-03-04 12:00:00,12,646.2,0.0
2024-03-04 13:00:00,13,1106.5,0.0
2024-03-04 14:00:00,14,1283.0,0.0
2024-03-04 15:00:00,15,2224.0,0.1
2024-03-04 16:00:00,16,3236.4,0.0
2024-03-04 17:00:00,17,2618.9,1.6
2024-03-04 18:00:00,18,2055.9,0.2
2024-03-04 19:00:00,19,1892.8,0.0
2024-03-04 20:00:00,20,1047.0,0.0
2024-03-04 21:00:00,21,232.7,0.0
2024-03-04 22:00:00,22,6.7,0.0
2024-03-04 23:00:00,23,,0.0
2024-03-05 00:00:00,0,,
2024-03-05 01:00:00,1,,
2024-03-05 02:00:00,2,,0.0
2024-03-05 03:00:00,3,0.7,0.0
2024-03-05 04:00:00,4,,0.0
2024-03-05 05:00:00,5,,0.0
2024-03-05 06:00:00,6,,0.0
2024-03-05 07:00:00,7,,0.0
2024-03-05 08:00:00,8,,0.0
2024-03-05 09:00:00,9,2.5,0.0
2024-03-05 10:00:00,10,186.8,0.0
2024-03-05 11:00:00,11,440.5,0.0
2024-03-05 12:00:00,12,842.8,0.0
2024-03-05 13:00:00,13,2437.5,1.0
2024-03-05 14:00:00,14,3313.1,2.0
2024-03-05 15:00:00,15,2592.5,0.0
2024-03-05 16:00:00,16,2980.3,1.2
2024-03-05 17:00:00,17,2852.8,3.0
2024-03-05 18:00:00,18,2260.1,0.0
2024-03-05 19:00:00,19,2089.1,0.0
2024-03-05 20:00:00,20,1393.4,0.0
2024-03-05 21:00:00,21,362.8,0.0
2024-03-05 22:00:00,22,5.3,0.0
2024-03-05 23:00:00,23,,0.0
2024-03-06 00:00:00,0,,0.2
2024-03-06 01:00:00,1,,
2024-03-06 02:00:00,2,,0.6
2024-03-06 03:00:00,3,,0.9
2024-03-06 04:00:00,4,,0.4
2024-03-06 05:00:00,5,,0.0
2024-03-06 06:00:00,6,,0.0
2024-03-06 07:00:00,7,,0.0
2024-03-06 08:00:00,8,,0.0
2024-03-06 09:00:00,9,1.1,0.0
2024-03-06 10:00:00,10,325.4,0.0
2024-03-06 11:00:00,11,1168.5,0.0
2024-03-06 12:00:00,12,2159.4,0.4
2024-03-06 13:00:00,13,2800.9,1.3
2024-03-06 14:00:00,14,3330.1,0.8
2024-03-06 15:00:00,15,3486.9,0.6
2024-03-06 16:00:00,16,2733.4,0.0
2024-03-06 17:00:00,17,1826.6,0.0
2024-03-06 18:00:00,18,1809.9,0.5
2024-03-06 19:00:00,19,1867.4,0.1
2024-03-06 20:00:00,20,1278.5,0.2
2024-03-06 21:00:00,21,367.7,0.0
2024-03-06 22:00:00,22,0.4,0.0
2024-03-06 23:00:00,23,,
2024-03-07 00:00:00,0,,
2024-03-07 01:00:00,1,,
2024-03-07 02:00:00,2,,0.0
2024-03-07 03:00:00,3,,0.7
2024-03-07 04:00:00,4,,
2024-03-07 05:00:00,5,,0.0
2024-03-07 06:00:00,6,,0.0
2024-03-07 07:00:00,7,,0.0
2024-03-07 08:00:00,8,,0.0
2024-03-07 09:00:00,9,,0.0
2024-03-07 10:00:00,10,297.2,0.0
2024-03-07 11:00:00,11,1157.6,0.0
2024-03-07 12:00:00,12,2106.7,1.1
2024-03-07 13:00:00,13,2757.2,1.7
2024-03-07 14:00:00,14,2926.3,2.0
2024-03-07 15:00:00,15,3029.4,0.0
2024-03-07 16:00:00,16,3244.5,1.2
2024-03-07 17:00:00,17,3345.7,1.2
2024-03-07 18:00:00,18,2426.9,0.4
2024-03-07 19:00:00,19,2277.0,2.4
2024-03-07 20:00:00,20,1569.5,0.0
2024-03-07 21:00:00,21,428.4,0.0
2024-03-07 22:00:00,22,6.9,0.0
2024-03-07 23:00:00,23,,0.0
2024-03-08 00:00:00,0,,
2024-03-08 01:00:00,1,,
2024-03-08 02:00:00,2,,0.3
2024-03-08 03:00:00,3,,0.0
2024-03-08 04:00:00,4,,0.0
2024-03-08 05:00:00,5,,0.0
2024-03-08 06:00:00,6,,0.0
2024-03-08 07:00:00,7,,0.0
2024-03-08 08:00:00,8,,0.1
2024-03-08 09:00:00,9,0.3,0.0
2024-03-08 10:00:00,10,300.6,0.0
2024-03-08 11:00:00,11,1308.7,0.2
2024-03-08 12:00:00,12,2033.0,1.4
2024-03-08 13:00:00,13,2890.3,2.2
2024-03-08 14:00:00,14,3190.8,1.9
2024-03-08 15:00:00,15,3199.5,1.5
2024-03-08 16:00:00,16,3213.2,2.3
2024-03-08 17:00:00,17,3154.4,2.4
2024-03-08 18:00:00,18,2733.8,1.5
2024-03-08 19:00:00,19,2149.4,1.5
2024-03-08 20:00:00,20,1257.0,1.6
2024-03-08 21:00:00,21,377.6,0.0
2024-03-08 22:00:00,22,3.9,0.0
2024-03-08 23:00:00,23,,
2024-03-09 00:00:00,0,,0.0
2024-03-09 01:00:00,1,,
2024-03-09 02:00:00,2,,0.9
2024-03-09 03:00:00,3,,0.5
2024-03-09 04:00:00,4,,0.0
2024-03-09 05:00:00,5,,0.0
2024-03-09 06:00:00,6,,0.0
2024-03-09 07:00:00,7,,0.0
2024-03-09 08:00:00,8,,0.0
2024-03-09 09:00:00,9,,0.0
2024-03-09 10:00:00,10,282.4,0.0
2024-03-09 11:00:00,11,1149.5,0.2
2024-03-09 12:00:00,12,2066.0,0.6
2024-03-09 13:00:00,13,2914.7,0.9
2024-03-09 14:00:00,14,3120.0,1.0
2024-03-09 15:00:00,15,3271.4,0.3
2024-03-09 16:00:00,16,2456.2,0.0
2024-03-09 17:00:00,17,2942.4,0.0
2024-03-09 18:00:00,18,3108.5,0.0
2024-03-09 19:00:00,19,2232.8,0.0
2024-03-09 20:00:00,20,1318.8,1.1
2024-03-09 21:00:00,21,378.5,0.0
2024-03-09 22:00:00,22,3.4,0.0
2024-03-09 23:00:00,23,,0.0
2024-03-10 00:00:00,0,,0.0
2024-03-10 01:00:00,1,,0.0
2024-03-10 02:00:00,2,,0.0
2024-03-10 03:00:00,3,,0.0
2024-03-10 04:00:00,4,,0.0
2024-03-10 05:00:00,5,,0.0
2024-03-10 06:00:00,6,,0.0
2024-03-10 07:00:00,7,,0.0
2024-03-10 08:00:00,8,,0.0
2024-03-10 09:00:00,9,,0.0
2024-03-10 10:00:00,10,257.9,0.0
2024-03-10 11:00:00,11,1148.0,0.9
2024-03-10 12:00:00,12,2095.4,0.0
2024-03-10 13:00:00,13,2950.9,0.2
2024-03-10 14:00:00,14,3187.4,1.4
2024-03-10 15:00:00,15,3101.5,0.2
2024-03-10 16:00:00,16,3407.7,0.7
2024-03-10 17:00:00,17,3199.1,0.0
2024-03-10 18:00:00,18,3050.0,0.0
2024-03-10 19:00:00,19,2577.2,0.0
2024-03-10 20:00:00,20,1333.7,0.0
2024-03-10 21:00:00,21,408.6,0.0
2024-03-10 22:00:00,22,3.2,0.2
2024-03-10 23:00:00,23,,0.3
2024-03-11 00:00:00,0,,0.6
2024-03-11 01:00:00,1,,1.2
2024-03-11 02:00:00,2,,0.8
2024-03-11 03:00:00,3,,
2024-03-11 04:00:00,4,,0.7
2024-03-11 05:00:00,5,,0.2
2024-03-11 06:00:00,6,,0.0
2024-03-11 07:00:00,7,,0.0
2024-03-11 08:00:00,8,,0.0
2024-03-11 09:00:00,9,,0.0
2024-03-11 10:00:00,10,278.9,0.0
2024-03-11 11:00:00,11,1160.7,0.0
2024-03-11 12:00:00,12,2039.3,1.2
2024-03-11 13:00:00,13,2864.2,2.2
2024-03-11 14:00:00,14,3311.9,1.1
2024-03-11 15:00:00,15,3197.0,1.3
2024-03-11 16:00:00,16,3239.2,0.2
2024-03-11 17:00:00,17,3287.0,0.0
2024-03-11 18:00:00,18,2958.5,0.0
2024-03-11 19:00:00,19,2136.2,0.0
2024-03-11 20:00:00,20,1285.2,0.0
2024-03-11 21:00:00,21,354.7,0.2
2024-03-11 22:00:00,22,1.8,0.0
2024-03-11 23:00:00,23,,
2024-03-12 00:00:00,0,,0.3
2024-03-12 01:00:00,1,,0.8
2024-03-12 02:00:00,2,,
2024-03-12 03:00:00,3,,0.5
2024-03-12 04:00:00,4,,0.0
2024-03-12 05:00:00,5,,0.0
2024-03-12 06:00:00,6,,0.0
2024-03-12 07:00:00,7,,0.0
2024-03-12 08:00:00,8,,0.0
2024-03-12 09:00:00,9,1.1,0.0
2024-03-12 10:00:00,10,300.1,0.0
2024-03-12 11:00:00,11,1097.1,0.0
2024-03-12 12:00:00,12,1671.9,2.1
2024-03-12 13:00:00,13,2817.4,0.5
2024-03-12 14:00:00,14,2429.3,0.6
2024-03-12 15:00:00,15,3655.0,0.0
2024-03-12 16:00:00,16,3054.2,0.0
2024-03-12 17:00:00,17,3169.8,0.0
2024-03-12 18:00:00,18,1414.2,0.0
2024-03-12 19:00:00,19,1943.0,2.3
2024-03-12 20:00:00,20,1097.8,0.0
2024-03-12 21:00:00,21,366.0,0.4
2024-03-12 22:00:00,22,5.8,0.0
2024-03-12 23:00:00,23,,0.0
2024-03-13 00:00:00,0,,0.4
2024-03-13 01:00:00,1,,
2024-03-13 02:00:00,2,0.1,0.0
2024-03-13 03:00:00,3,,0.0
2024-03-13 04:00:00,4,,0.0
2024-03-13 05:00:00,5,,0.0
2024-03-13 06:00:00,6,,0.0
2024-03-13 07:00:00,7,,0.0
2024-03-13 08:00:00,8,,0.0
2024-03-13 09:00:00,9,0.2,0.0
2024-03-13 10:00:00,10,234.2,0.0
2024-03-13 11:00:00,11,1019.2,0.5
2024-03-13 12:00:00,12,1884.9,1.9
2024-03-13 13:00:00,13,2766.5,1.6
2024-03-13 14:00:00,14,2889.2,1.4
2024-03-13 15:00:00,15,2532.0,0.8
2024-03-13 16:00:00,16,2528.9,0.9
2024-03-13 17:00:00,17,2953.5,1.9
2024-03-13 18:00:00,18,1734.2,3.8
2024-03-13 19:00:00,19,555.4,0.2
2024-03-13 20:00:00,20,345.5,0.5
2024-03-13 21:00:00,21,142.3,1.8
2024-03-13 22:00:00,22,,0.4
2024-03-13 23:00:00,23,,0.2
2024-03-14 00:00:00,0,,
2024-03-14 01:00:00,1,,
2024-03-14 02:00:00,2,,0.0
2024-03-14 03:00:00,3,,0.0
2024-03-14 04:00:00,4,,0.0
2024-03-14 05:00:00,5,,0.0
2024-03-14 06:00:00,6,,0.0
2024-03-14 07:00:00,7,,0.0
2024-03-14 08:00:00,8,,0.0
2024-03-14 09:00:00,9,,0.0
2024-03-14 10:00:00,10,271.2,0.0
2024-03-14 11:00:00,11,1148.9,0.0
2024-03-14 12:00:00,12,2062.5,0.2
2024-03-14 13:00:00,13,2886.1,0.0
2024-03-14 14:00:00,14,3190.2,0.3
2024-03-14 15:00:00,15,3308.1,1.2
2024-03-14 16:00:00,16,3345.7,0.3
2024-03-14 17:00:00,17,2953.6,1.3
2024-03-14 18:00:00,18,2782.6,0.1
2024-03-14 19:00:00,19,2225.0,1.5
2024-03-14 20:00:00,20,1329.8,0.0
2024-03-14 21:00:00,21,370.9,0.0
2024-03-14 22:00:00,22,1.4,0.0
2024-03-14 23:00:00,23,,
2024-03-15 00:00:00,0,,1.1
2024-03-15 01:00:00,1,,0.0
2024-03-15 02:00:00,2,,0.5
2024-03-15 03:00:00,3,,0.0
2024-03-15 04:00:00,4,,0.0
2024-03-15 05:00:00,5,,0.0
2024-03-15 06:00:00,6,,0.0
2024-03-15 07:00:00,7,,0.0
2024-03-15 08:00:00,8,,0.0
2024-03-15 09:00:00,9,,0.0
2024-03-15 10:00:00,10,257.5,0.0
2024-03-15 11:00:00,11,1147.2,0.0
2024-03-15 12:00:00,12,2056.0,0.4
2024-03-15 13:00:00,13,2847.3,1.6
2024-03-15 14:00:00,14,3259.3,0.1
2024-03-15 15:00:00,15,2717.1,0.0
2024-03-15 16:00:00,16,2555.3,0.5
2024-03-15 17:00:00,17,1909.7,0.0
2024-03-15 18:00:00,18,566.9,1.4
2024-03-15 19:00:00,19,1496.3,1.4
2024-03-15 20:00:00,20,741.5,0.2
2024-03-15 21:00:00,21,364.6,0.3
2024-03-15 22:00:00,22,2.6,1.9
2024-03-15 23:00:00,23,,
2024-03-16 00:00:00,0,,
2024-03-16 01:00:00,1,,0.0
2024-03-16 02:00:00,2,,0.0
2024-03-16 03:00:00,3,,
2024-03-16 04:00:00,4,,0.0
2024-03-16 05:00:00,5,,0.0
2024-03-16 06:00:00,6,,0.0
2024-03-16 07:00:00,7,,0.0
2024-03-16 08:00:00,8,,0.0
2024-03-16 09:00:00,9,0.8,0.0
2024-03-16 10:00:00,10,220.0,0.0
2024-03-16 11:00:00,11,524.7,0.0
2024-03-16 12:00:00,12,1321.3,0.0
2024-03-16 13:00:00,13,2795.2,0.1
2024-03-16 14:00:00,14,3234.2,0.0
2024-03-16 15:00:00,15,3143.6,0.6
2024-03-16 16:00:00,16,2530.9,0.0
2024-03-16 17:00:00,17,2525.0,0.4
2024-03-16 18:00:00,18,2708.7,0.1
2024-03-16 19:00:00,19,2133.5,0.6
2024-03-16 20:00:00,20,1234.5,1.4
2024-03-16 21:00:00,21,319.5,0.0
2024-03-16 22:00:00,22,,0.0
2024-03-16 23:00:00,23,,0.6
2024-03-17 00:00:00,0,,0.0
2024-03-17 01:00:00,1,,0.3
2024-03-17 02:00:00,2,,0.1
2024-03-17 03:00:00,3,,0.1
2024-03-17 04:00:00,4,,0.2
2024-03-17 05:00:00,5,,0.5
2024-03-17 06:00:00,6,,0.0
2024-03-17 07:00:00,7,,0.5
2024-03-17 08:00:00,8,,0.2
2024-03-17 09:00:00,9,,0.0
2024-03-17 10:00:00,10,248.2,0.0
2024-03-17 11:00:00,11,1115.4,0.0
2024-03-17 12:00:00,12,1995.7,0.0
2024-03-17 13:00:00,13,2835.0,0.0
2024-03-17 14:00:00,14,3370.8,0.5
2024-03-17 15:00:00,15,3196.9,0.0
2024-03-17 16:00:00,16,3187.8,0.0
2024-03-17 17:00:00,17,3119.7,0.0
2024-03-17 18:00:00,18,3161.6,0.0
2024-03-17 19:00:00,19,2512.1,0.0
2024-03-17 20:00:00,20,1694.9,1.5
2024-03-17 21:00:00,21,272.2,0.0
2024-03-17 22:00:00,22,3.1,0.0
2024-03-17 23:00:00,23,,
2024-03-18 00:00:00,0,,0.7
2024-03-18 01:00:00,1,,0.6
2024-03-18 02:00:00,2,,0.0
2024-03-18 03:00:00,3,,1.3
2024-03-18 04:00:00,4,,0.0
2024-03-18 05:00:00,5,,0.0
2024-03-18 06:00:00,6,,0.0
2024-03-18 07:00:00,7,,0.0
2024-03-18 08:00:00,8,,0.0
2024-03-18 09:00:00,9,0.0,0.0
2024-03-18 10:00:00,10,252.7,0.0
2024-03-18 11:00:00,11,1106.8,0.0
2024-03-18 12:00:00,12,1990.8,0.0
2024-03-18 13:00:00,13,2818.7,0.4
2024-03-18 14:00:00,14,3035.0,0.1
2024-03-18 15:00:00,15,2366.3,0.0
2024-03-18 16:00:00,16,2211.6,0.6
2024-03-18 17:00:00,17,2352.9,0.0
2024-03-18 18:00:00,18,1636.1,0.0
2024-03-18 19:00:00,19,2155.6,0.0
2024-03-18 20:00:00,20,1278.7,0.3
2024-03-18 21:00:00,21,370.5,0.0
2024-03-18 22:00:00,22,,1.1
2024-03-18 23:00:00,23,,0.1
2024-03-19 00:00:00,0,,
2024-03-19 01:00:00,1,,1.4
2024-03-19 02:00:00,2,,0.3
2024-03-19 03:00:00,3,,0.0
2024-03-19 04:00:00,4,,0.0
2024-03-19 05:00:00,5,,0.4
2024-03-19 06:00:00,6,,0.0
2024-03-19 07:00:00,7,,0.0
2024-03-19 08:00:00,8,,0.0
2024-03-19 09:00:00,9,0.4,0.0
2024-03-19 10:00:00,10,252.9,0.0
2024-03-19 11:00:00,11,1081.0,0.0
2024-03-19 12:00:00,12,1941.4,0.6
2024-03-19 13:00:00,13,2766.8,0.3
2024-03-19 14:00:00,14,3282.5,1.7
2024-03-19 15:00:00,15,3472.9,0.4
2024-03-19 16:00:00,16,3046.3,0.2
2024-03-19 17:00:00,17,3338.9,0.4
2024-03-19 18:00:00,18,2950.3,0.5
2024-03-19 19:00:00,19,2107.8,0.1
2024-03-19 20:00:00,20,1126.4,0.2
2024-03-19 21:00:00,21,279.9,0.0
2024-03-19 22:00:00,22,,0.0
2024-03-19 23:00:00,23,,0.0
2024-03-20 00:00:00,0,,0.3
2024-03-20 01:00:00,1,,0.0
2024-03-20 02:00:00,2,,0.0
2024-03-20 03:00:00,3,,0.0
2024-03-20 04:00:00,4,,0.0
2024-03-20 05:00:00,5,,0.0
2024-03-20 06:00:00,6,,0.0
2024-03-20 07:00:00,7,,0.0
2024-03-20 08:00:00,8,,0.3
2024-03-20 09:00:00,9,,0.2
2024-03-20 10:00:00,10,236.9,0.4
2024-03-20 11:00:00,11,972.5,0.2
2024-03-20 12:00:00,12,1116.1,0.0
2024-03-20 13:00:00,13,2442.5,0.0
2024-03-20 14:00:00,14,1535.6,0.0
2024-03-20 15:00:00,15,2327.2,0.2
2024-03-20 16:00:00,16,3178.2,0.7
2024-03-20 17:00:00,17,3338.5,0.0
2024-03-20 18:00:00,18,2821.6,0.0
2024-03-20 19:00:00,19,2116.0,1.8
2024-03-20 20:00:00,20,1126.7,2.3
2024-03-20 21:00:00,21,261.4,0.1
2024-03-20 22:00:00,22,,0.0
2024-03-20 23:00:00,23,,0.0
2024-03-21 00:00:00,0,,0.5
2024-03-21 01:00:00,1,,0.0
2024-03-21 02:00:00,2,,0.0
2024-03-21 03:00:00,3,,0.0
2024-03-21 04:00:00,4,,0.0
2024-03-21 05:00:00,5,,0.0
2024-03-21 06:00:00,6,,0.2
2024-03-21 07:00:00,7,,0.2
2024-03-21 08:00:00,8,,0.0
2024-03-21 09:00:00,9,1.5,0.6
2024-03-21 10:00:00,10,67.0,0.0
2024-03-21 11:00:00,11,333.0,0.0
2024-03-21 12:00:00,12,1028.1,0.1
2024-03-21 13:00:00,13,2321.4,0.4
2024-03-21 14:00:00,14,2051.7,0.0
2024-03-21 15:00:00,15,1811.7,0.0
2024-03-21 16:00:00,16,596.2,1.9
2024-03-21 17:00:00,17,880.0,0.0
2024-03-21 18:00:00,18,874.5,0.0
2024-03-21 19:00:00,19,1115.7,0.0
2024-03-21 20:00:00,20,992.9,0.0
2024-03-21 21:00:00,21,316.9,0.0
2024-03-21 22:00:00,22,,0.3
2024-03-21 23:00:00,23,,0.0
2024-03-22 00:00:00,0,,0.0
2024-03-22 01:00:00,1,,0.1
2024-03-22 02:00:00,2,,0.6
2024-03-22 03:00:00,3,,0.0
2024-03-22 04:00:00,4,,0.0
2024-03-22 05:00:00,5,,0.0
2024-03-22 06:00:00,6,,0.0
2024-03-22 07:00:00,7,,0.0
2024-03-22 08:00:00,8,,0.0
2024-03-22 09:00:00,9,,0.0
2024-03-22 10:00:00,10,215.8,0.0
2024-03-22 11:00:00,11,1065.6,0.0
2024-03-22 12:00:00,12,1954.6,0.0
2024-03-22 13:00:00,13,2743.9,0.8
2024-03-22 14:00:00,14,3461.9,0.1
2024-03-22 15:00:00,15,3283.7,0.0
2024-03-22 16:00:00,16,3486.7,0.7
2024-03-22 17:00:00,17,2796.9,0.0
2024-03-22 18:00:00,18,1678.6,2.3
2024-03-22 19:00:00,19,1084.1,0.7
2024-03-22 20:00:00,20,1214.7,0.4
2024-03-22 21:00:00,21,254.0,0.1
2024-03-22 22:00:00,22,,0.0
2024-03-22 23:00:00,23,,0.0
2024-03-23 00:00:00,0,,0.0
2024-03-23 01:00:00,1,,0.0
2024-03-23 02:00:00,2,,0.0
2024-03-23 03:00:00,3,,1.6
2024-03-23 04:00:00,4,,1.6
2024-03-23 05:00:00,5,,0.1
2024-03-23 06:00:00,6,,0.4
2024-03-23 07:00:00,7,,0.0
2024-03-23 08:00:00,8,,0.0
2024-03-23 09:00:00,9,0.3,0.0
2024-03-23 10:00:00,10,181.7,0.0
2024-03-23 11:00:00,11,638.5,0.0
2024-03-23 12:00:00,12,1764.5,0.0
2024-03-23 13:00:00,13,2759.0,0.6
2024-03-23 14:00:00,14,2897.7,0.0
2024-03-23 15:00:00,15,3588.8,0.0
2024-03-23 16:00:00,16,2615.9,1.5
2024-03-23 17:00:00,17,3121.5,1.0
2024-03-23 18:00:00,18,2701.4,2.2
2024-03-23 19:00:00,19,983.3,0.0
2024-03-23 20:00:00,20,686.3,0.4
2024-03-23 21:00:00,21,240.3,0.5
2024-03-23 22:00:00,22,,1.4
2024-03-23 23:00:00,23,,0.0
2024-03-24 00:00:00,0,,0.6
2024-03-24 01:00:00,1,,0.0
2024-03-24 02:00:00,2,,0.8
2024-03-24 03:00:00,3,,0.0
2024-03-24 04:00:00,4,,0.0
2024-03-24 05:00:00,5,1.7,0.1
2024-03-24 06:00:00,6,,0.0
2024-03-24 07:00:00,7,,0.0
2024-03-24 08:00:00,8,,0.0
2024-03-24 09:00:00,9,,0.0
2024-03-24 10:00:00,10,179.7,0.0
2024-03-24 11:00:00,11,1123.5,0.0
2024-03-24 12:00:00,12,2015.0,1.8
2024-03-24 13:00:00,13,2781.3,2.4
2024-03-24 14:00:00,14,3360.0,1.7
2024-03-24 15:00:00,15,3643.3,2.1
2024-03-24 16:00:00,16,3769.4,0.1
2024-03-24 17:00:00,17,2209.6,0.1
2024-03-24 18:00:00,18,2255.0,0.3
2024-03-24 19:00:00,19,1738.0,0.1
2024-03-24 20:00:00,20,778.9,0.0
2024-03-24 21:00:00,21,215.9,0.0
2024-03-24 22:00:00,22,,0.0
2024-03-24 23:00:00,23,,0.0
2024-03-25 00:00:00,0,,1.4
2024-03-25 01:00:00,1,,0.7
2024-03-25 02:00:00,2,,0.1
2024-03-25 03:00:00,3,,0.1
2024-03-25 04:00:00,4,,0.0
2024-03-25 05:00:00,5,,0.2
2024-03-25 06:00:00,6,,0.7
2024-03-25 07:00:00,7,,0.8
2024-03-25 08:00:00,8,,0.3
2024-03-25 09:00:00,9,,0.0
2024-03-25 10:00:00,10,191.3,0.0
2024-03-25 11:00:00,11,1144.3,0.2
2024-03-25 12:00:00,12,2030.8,0.1
2024-03-25 13:00:00,13,2810.0,0.0
2024-03-25 14:00:00,14,3340.7,0.2
2024-03-25 15:00:00,15,3590.8,0.9
2024-03-25 16:00:00,16,3337.2,0.0
2024-03-25 17:00:00,17,2543.1,0.0
2024-03-25 18:00:00,18,2738.3,0.1
2024-03-25 19:00:00,19,2097.9,0.0
2024-03-25 20:00:00,20,1090.8,0.0
2024-03-25 21:00:00,21,230.9,0.0
2024-03-25 22:00:00,22,,0.0
2024-03-25 23:00:00,23,,
2024-03-26 00:00:00,0,,0.0
2024-03-26 01:00:00,1,,0.6
2024-03-26 02:00:00,2,,
2024-03-26 03:00:00,3,,0.0
2024-03-26 04:00:00,4,,0.0
2024-03-26 05:00:00,5,,0.0
2024-03-26 06:00:00,6,,0.0
2024-03-26 07:00:00,7,,0.3
2024-03-26 08:00:00,8,,0.0
2024-03-26 09:00:00,9,,0.0
2024-03-26 10:00:00,10,204.2,0.0
2024-03-26 11:00:00,11,1112.2,0.6
2024-03-26 12:00:00,12,2009.5,1.9
2024-03-26 13:00:00,13,2771.9,1.7
2024-03-26 14:00:00,14,3282.5,0.5
2024-03-26 15:00:00,15,3549.3,0.6
2024-03-26 16:00:00,16,3552.7,0.6
2024-03-26 17:00:00,17,3089.9,1.8
2024-03-26 18:00:00,18,2765.3,0.8
2024-03-26 19:00:00,19,1979.0,1.2
2024-03-26 20:00:00,20,1014.6,0.6
2024-03-26 21:00:00,21,189.0,0.0
2024-03-26 22:00:00,22,,0.0
2024-03-26 23:00:00,23,,0.0
2024-03-27 00:00:00,0,,0.0
2024-03-27 01:00:00,1,,0.0
2024-03-27 02:00:00,2,,0.0
2024-03-27 03:00:00,3,,1.2
2024-03-27 04:00:00,4,,0.3
2024-03-27 05:00:00,5,,0.1
2024-03-27 06:00:00,6,,0.0
2024-03-27 07:00:00,7,,0.0
2024-03-27 08:00:00,8,,0.0
2024-03-27 09:00:00,9,,0.0
2024-03-27 10:00:00,10,192.6,0.0
2024-03-27 11:00:00,11,1121.5,0.0
2024-03-27 12:00:00,12,2001.6,0.0
2024-03-27 13:00:00,13,2600.5,0.3
2024-03-27 14:00:00,14,3213.1,1.0
2024-03-27 15:00:00,15,3254.6,0.2
2024-03-27 16:00:00,16,2958.9,1.1
2024-03-27 17:00:00,17,3194.5,0.5
2024-03-27 18:00:00,18,2503.0,1.7
2024-03-27 19:00:00,19,1775.1,0.5
2024-03-27 20:00:00,20,1055.0,0.2
2024-03-27 21:00:00,21,230.4,0.3
2024-03-27 22:00:00,22,,0.0
2024-03-27 23:00:00,23,,0.0
2024-03-28 00:00:00,0,,0.0
2024-03-28 01:00:00,1,,1.9
2024-03-28 02:00:00,2,,0.2
2024-03-28 03:00:00,3,,1.1
2024-03-28 04:00:00,4,,0.1
2024-03-28 05:00:00,5,,0.0
2024-03-28 06:00:00,6,,0.0
2024-03-28 07:00:00,7,,0.0
2024-03-28 08:00:00,8,,0.0
2024-03-28 09:00:00,9,,0.0
2024-03-28 10:00:00,10,217.7,0.0
2024-03-28 11:00:00,11,1098.1,0.0
2024-03-28 12:00:00,12,1973.2,0.4
2024-03-28 13:00:00,13,2659.5,1.2
2024-03-28 14:00:00,14,2856.5,1.2
2024-03-28 15:00:00,15,3303.2,2.0
2024-03-28 16:00:00,16,3306.4,0.4
2024-03-28 17:00:00,17,2618.0,0.0
2024-03-28 18:00:00,18,2404.4,0.0
2024-03-28 19:00:00,19,2049.8,0.0
2024-03-28 20:00:00,20,1136.1,0.0
2024-03-28 21:00:00,21,231.6,0.0
2024-03-28 22:00:00,22,5.1,2.8
2024-03-28 23:00:00,23,8.6,0.0
2024-03-29 00:00:00,0,,
2024-03-29 01:00:00,1,,
2024-03-29 02:00:00,2,,0.0
2024-03-29 03:00:00,3,2.3,0.0
2024-03-29 04:00:00,4,2.4,0.0
2024-03-29 05:00:00,5,1.0,0.0
2024-03-29 06:00:00,6,,0.0
2024-03-29 07:00:00,7,,0.0
2024-03-29 08:00:00,8,,0.0
2024-03-29 09:00:00,9,1.2,0.0
2024-03-29 10:00:00,10,209.3,0.0
2024-03-29 11:00:00,11,1197.4,0.0
2024-03-29 12:00:00,12,2017.6,1.3
2024-03-29 13:00:00,13,2771.0,0.9
2024-03-29 14:00:00,14,3274.8,1.6
2024-03-29 15:00:00,15,3060.7,1.7
2024-03-29 16:00:00,16,3367.5,1.7
2024-03-29 17:00:00,17,3516.0,2.2
2024-03-29 18:00:00,18,2513.8,0.5
2024-03-29 19:00:00,19,1147.1,0.8
2024-03-29 20:00:00,20,839.0,0.3
2024-03-29 21:00:00,21,267.7,0.0
2024-03-29 22:00:00,22,,0.0
2024-03-29 23:00:00,23,,
2024-03-30 00:00:00,0,,
2024-03-30 01:00:00,1,,0.2
2024-03-30 02:00:00,2,,0.0
2024-03-30 03:00:00,3,,0.0
2024-03-30 04:00:00,4,,0.0
2024-03-30 05:00:00,5,,0.0
2024-03-30 06:00:00,6,,0.0
2024-03-30 07:00:00,7,,0.0
2024-03-30 08:00:00,8,,0.0
2024-03-30 09:00:00,9,,0.0
2024-03-30 10:00:00,10,192.9,0.0
2024-03-30 11:00:00,11,1111.4,0.0
2024-03-30 12:00:00,12,1996.9,0.8
2024-03-30 13:00:00,13,2811.0,0.4
2024-03-30 14:00:00,14,3328.0,0.5
2024-03-30 15:00:00,15,3303.0,1.6
2024-03-30 16:00:00,16,3225.8,0.5
2024-03-30 17:00:00,17,3144.6,1.1
2024-03-30 18:00:00,18,2185.2,0.0
2024-03-30 19:00:00,19,1995.0,0.0
2024-03-30 20:00:00,20,1038.5,0.0
2024-03-30 21:00:00,21,199.2,0.0
2024-03-30 22:00:00,22,,0.0
2024-03-30 23:00:00,23,,0.0
2024-03-31 00:00:00,0,,0.0
2024-03-31 01:00:00,1,,0.0
2024-03-31 02:00:00,2,,0.0
2024-03-31 03:00:00,3,,0.0
2024-03-31 04:00:00,4,,0.1
2024-03-31 05:00:00,5,,0.0
2024-03-31 06:00:00,6,,0.0
2024-03-31 07:00:00,7,,0.0
2024-03-31 08:00:00,8,,0.0
2024-03-31 09:00:00,9,,0.0
2024-03-31 10:00:00,10,216.9,0.0
2024-03-31 11:00:00,11,1077.5,0.3
2024-03-31 12:00:00,12,1898.2,0.0
2024-03-31 13:00:00,13,2604.8,0.0
2024-03-31 14:00:00,14,3142.3,0.1
2024-03-31 15:00:00,15,3094.8,0.0
2024-03-31 16:00:00,16,3220.5,0.1
2024-03-31 17:00:00,17,2777.1,0.0
2024-03-31 18:00:00,18,2320.9,0.0
2024-03-31 19:00:00,19,1876.6,0.0
2024-03-31 20:00:00,20,972.3,0.0
2024-03-31 21:00:00,21,201.4,0.0
2024-03-31 22:00:00,22,,0.0
2024-03-31 23:00:00,23,,0.0
2024-04-01 00:00:00,0,,0.4
2024-04-01 01:00:00,1,,0.6
2024-04-01 02:00:00,2,,0.1
2024-04-01 03:00:00,3,,0.0
2024-04-01 04:00:00,4,,0.0
2024-04-01 05:00:00,5,,0.6
2024-04-01 06:00:00,6,,0.0
2024-04-01 07:00:00,7,,0.0
2024-04-01 08:00:00,8,,0.0
2024-04-01 09:00:00,9,,0.0
2024-04-01 10:00:00,10,245.4,0.0
2024-04-01 11:00:00,11,977.5,0.0
2024-04-01 12:00:00,12,1744.4,0.0
2024-04-01 13:00:00,13,2203.2,0.5
2024-04-01 14:00:00,14,3042.2,1.7
2024-04-01 15:00:00,15,2982.8,0.1
2024-04-01 16:00:00,16,3264.7,2.1
2024-04-01 17:00:00,17,2668.2,2.8
2024-04-01 18:00:00,18,2306.2,3.5
2024-04-01 19:00:00,19,1287.7,0.0
2024-04-01 20:00:00,20,557.8,0.2
2024-04-01 21:00:00,21,111.6,0.0
2024-04-01 22:00:00,22,,0.0
2024-04-01 23:00:00,23,,
2024-04-02 00:00:00,0,,1.6
2024-04-02 01:00:00,1,,0.0
2024-04-02 02:00:00,2,,0.0
2024-04-02 03:00:00,3,,1.7
2024-04-02 04:00:00,4,,1.3
2024-04-02 05:00:00,5,,1.5
2024-04-02 06:00:00,6,,1.0
2024-04-02 07:00:00,7,,0.0
2024-04-02 08:00:00,8,,0.1
2024-04-02 09:00:00,9,,0.0
2024-04-02 10:00:00,10,98.7,0.0
2024-04-02 11:00:00,11,457.3,0.0
2024-04-02 12:00:00,12,1054.1,0.0
2024-04-02 13:00:00,13,1335.9,0.0
2024-04-02 14:00:00,14,1467.9,0.0
2024-04-02 15:00:00,15,1691.7,3.4
2024-04-02 16:00:00,16,154.7,0.0
2024-04-02 17:00:00,17,485.4,0.0
2024-04-02 18:00:00,18,876.1,0.0
2024-04-02 19:00:00,19,730.3,0.0
2024-04-02 20:00:00,20,854.3,0.0
2024-04-02 21:00:00,21,184.8,0.1
2024-04-02 22:00:00,22,,0.0
2024-04-02 23:00:00,23,,0.0
2024-04-03 00:00:00,0,,
2024-04-03 01:00:00,1,,0.0
2024-04-03 02:00:00,2,,0.0
2024-04-03 03:00:00,3,,0.0
2024-04-03 04:00:00,4,,0.0
2024-04-03 05:00:00,5,,0.0
2024-04-03 06:00:00,6,,0.0
2024-04-03 07:00:00,7,,0.0
2024-04-03 08:00:00,8,,0.0
2024-04-03 09:00:00,9,2.6,0.0
2024-04-03 10:00:00,10,238.5,0.0
2024-04-03 11:00:00,11,926.3,0.0
2024-04-03 12:00:00,12,1882.9,0.0
2024-04-03 13:00:00,13,1807.4,0.0
2024-04-03 14:00:00,14,2700.1,0.0
2024-04-03 15:00:00,15,3124.6,0.1
2024-04-03 16:00:00,16,2953.7,1.2
2024-04-03 17:00:00,17,3180.5,2.6
2024-04-03 18:00:00,18,2776.2,0.0
2024-04-03 19:00:00,19,2144.5,0.2
2024-04-03 20:00:00,20,930.9,0.8
2024-04-03 21:00:00,21,136.2,1.9
2024-04-03 22:00:00,22,,0.0
2024-04-03 23:00:00,23,,0.0
2024-04-04 00:00:00,0,,0.0
2024-04-04 01:00:00,1,,0.0
2024-04-04 02:00:00,2,,0.0
2024-04-04 03:00:00,3,,1.1
2024-04-04 04:00:00,4,,1.7
2024-04-04 05:00:00,5,,0.0
2024-04-04 06:00:00,6,,0.0
2024-04-04 07:00:00,7,,0.0
2024-04-04 08:00:00,8,,0.0
2024-04-04 09:00:00,9,,0.0
2024-04-04 10:00:00,10,105.3,0.0
2024-04-04 11:00:00,11,539.0,0.8
2024-04-04 12:00:00,12,1460.9,1.7
2024-04-04 13:00:00,13,1841.5,0.6
2024-04-04 14:00:00,14,2067.5,0.0
2024-04-04 15:00:00,15,3493.3,0.1
2024-04-04 16:00:00,16,3475.5,0.3
2024-04-04 17:00:00,17,3234.8,0.0
2024-04-04 18:00:00,18,2516.8,2.8
2024-04-04 19:00:00,19,1638.2,0.0
2024-04-04 20:00:00,20,625.7,0.0
2024-04-04 21:00:00,21,142.6,0.0
2024-04-04 22:00:00,22,,2.2
2024-04-04 23:00:00,23,1.9,0.6
2024-04-05 00:00:00,0,,0.0
2024-04-05 01:00:00,1,0.9,0.0
2024-04-05 02:00:00,2,0.6,0.0
2024-04-05 03:00:00,3,,0.0
2024-04-05 04:00:00,4,,0.7
2024-04-05 05:00:00,5,0.6,0.0
2024-04-05 06:00:00,6,,0.0
2024-04-05 07:00:00,7,,0.0
2024-04-05 08:00:00,8,,0.0
2024-04-05 09:00:00,9,0.5,0.0
2024-04-05 10:00:00,10,147.8,0.0
2024-04-05 11:00:00,11,1118.3,0.0
2024-04-05 12:00:00,12,1752.9,0.1
2024-04-05 13:00:00,13,2796.8,0.1
2024-04-05 14:00:00,14,2794.4,0.0
2024-04-05 15:00:00,15,3736.5,0.2
2024-04-05 16:00:00,16,3200.3,0.0
2024-04-05 17:00:00,17,2565.3,0.2
2024-04-05 18:00:00,18,426.0,0.5
2024-04-05 19:00:00,19,385.1,0.0
2024-04-05 20:00:00,20,416.0,0.0
2024-04-05 21:00:00,21,52.2,0.0
2024-04-05 22:00:00,22,,0.0
2024-04-05 23:00:00,23,,0.0
2024-04-06 00:00:00,0,,0.0
2024-04-06 01:00:00,1,,0.0
2024-04-06 02:00:00,2,,0.0
2024-04-06 03:00:00,3,,0.0
2024-04-06 04:00:00,4,,0.0
2024-04-06 05:00:00,5,,0.0
2024-04-06 06:00:00,6,,0.0
2024-04-06 07:00:00,7,1.5,0.0
2024-04-06 08:00:00,8,,0.0
2024-04-06 09:00:00,9,0.2,0.0
2024-04-06 10:00:00,10,155.9,0.0
2024-04-06 11:00:00,11,589.4,0.1
2024-04-06 12:00:00,12,1878.0,0.0
2024-04-06 13:00:00,13,2594.7,0.8
2024-04-06 14:00:00,14,2252.4,0.5
2024-04-06 15:00:00,15,2345.0,0.7
2024-04-06 16:00:00,16,3547.4,1.1
2024-04-06 17:00:00,17,2160.3,2.5
2024-04-06 18:00:00,18,2013.6,1.8
2024-04-06 19:00:00,19,384.8,0.0
2024-04-06 20:00:00,20,179.6,0.0
2024-04-06 21:00:00,21,93.3,0.0
2024-04-06 22:00:00,22,2.9,2.7
2024-04-06 23:00:00,23,0.8,2.0
2024-04-07 00:00:00,0,2.4,0.0
2024-04-07 01:00:00,1,5.2,0.0
2024-04-07 02:00:00,2,,0.0
2024-04-07 03:00:00,3,,0.2
2024-04-07 04:00:00,4,,0.0
2024-04-07 05:00:00,5,,0.0
2024-04-07 06:00:00,6,,0.0
2024-04-07 07:00:00,7,,0.0
2024-04-07 08:00:00,8,,0.0
2024-04-07 09:00:00,9,0.1,0.0
2024-04-07 10:00:00,10,116.9,0.0
2024-04-07 11:00:00,11,593.7,0.0
2024-04-07 12:00:00,12,1367.1,0.4
2024-04-07 13:00:00,13,2596.4,1.5
2024-04-07 14:00:00,14,2361.1,0.2
2024-04-07 15:00:00,15,2760.3,0.3
2024-04-07 16:00:00,16,3603.1,0.9
2024-04-07 17:00:00,17,1916.6,1.6
2024-04-07 18:00:00,18,2796.5,1.4
2024-04-07 19:00:00,19,977.9,1.5
2024-04-07 20:00:00,20,367.4,0.0
2024-04-07 21:00:00,21,128.6,0.0
2024-04-07 22:00:00,22,,0.0
2024-04-07 23:00:00,23,,0.5
2024-04-08 00:00:00,0,,0.8
2024-04-08 01:00:00,1,,0.0
2024-04-08 02:00:00,2,,0.0
2024-04-08 03:00:00,3,,0.0
2024-04-08 04:00:00,4,,0.3
2024-04-08 05:00:00,5,,0.0
2024-04-08 06:00:00,6,,0.1
2024-04-08 07:00:00,7,,0.0
2024-04-08 08:00:00,8,,0.0
2024-04-08 09:00:00,9,,0.0
2024-04-08 10:00:00,10,205.4,0.0
2024-04-08 11:00:00,11,1103.2,0.0
2024-04-08 12:00:00,12,2001.8,0.1
2024-04-08 13:00:00,13,2788.3,0.0
2024-04-08 14:00:00,14,3150.8,0.0
2024-04-08 15:00:00,15,3131.6,0.5
2024-04-08 16:00:00,16,2552.8,1.0
2024-04-08 17:00:00,17,2743.4,0.0
2024-04-08 18:00:00,18,1884.1,0.0
2024-04-08 19:00:00,19,1538.7,0.0
2024-04-08 20:00:00,20,845.2,0.7
2024-04-08 21:00:00,21,151.8,0.0
2024-04-08 22:00:00,22,,0.0
2024-04-08 23:00:00,23,,0.0
2024-04-09 00:00:00,0,,0.0
2024-04-09 01:00:00,1,,0.6
2024-04-09 02:00:00,2,,1.3
2024-04-09 03:00:00,3,,0.2
2024-04-09 04:00:00,4,,0.0
2024-04-09 05:00:00,5,,0.0
2024-04-09 06:00:00,6,,0.0
2024-04-09 07:00:00,7,,0.0
2024-04-09 08:00:00,8,,0.0
2024-04-09 09:00:00,9,,0.9
2024-04-09 10:00:00,10,201.9,0.0
2024-04-09 11:00:00,11,1084.7,0.2
2024-04-09 12:00:00,12,1934.5,0.0
2024-04-09 13:00:00,13,2717.3,0.6
2024-04-09 14:00:00,14,3232.0,0.6
2024-04-09 15:00:00,15,2648.9,0.0
2024-04-09 16:00:00,16,3203.1,0.1
2024-04-09 17:00:00,17,3095.4,0.0
2024-04-09 18:00:00,18,2729.5,0.3
2024-04-09 19:00:00,19,1855.0,0.0
2024-04-09 20:00:00,20,918.5,0.0
2024-04-09 21:00:00,21,135.5,0.0
2024-04-09 22:00:00,22,,0.0
2024-04-09 23:00:00,23,,0.0
2024-04-10 00:00:00,0,,0.2
2024-04-10 01:00:00,1,,0.0
2024-04-10 02:00:00,2,,0.0
2024-04-10 03:00:00,3,,0.0
2024-04-10 04:00:00,4,,0.0
2024-04-10 05:00:00,5,,0.0
2024-04-10 06:00:00,6,,0.0
2024-04-10 07:00:00,7,,0.0
2024-04-10 08:00:00,8,,0.0
2024-04-10 09:00:00,9,,0.0
2024-04-10 10:00:00,10,181.1,0.0
2024-04-10 11:00:00,11,1075.1,0.6
2024-04-10 12:00:00,12,1936.2,1.0
2024-04-10 13:00:00,13,2700.3,0.2
2024-04-10 14:00:00,14,3196.5,1.5
2024-04-10 15:00:00,15,2961.7,0.4
2024-04-10 16:00:00,16,3033.9,0.8
2024-04-10 17:00:00,17,3228.4,0.1
2024-04-10 18:00:00,18,2615.5,0.0
2024-04-10 19:00:00,19,1795.7,0.0
2024-04-10 20:00:00,20,910.2,0.0
2024-04-10 21:00:00,21,129.7,0.0
2024-04-10 22:00:00,22,,0.0
2024-04-10 23:00:00,23,,0.0
2024-04-11 00:00:00,0,,0.5
2024-04-11 01:00:00,1,,0.0
2024-04-11 02:00:00,2,,0.0
2024-04-11 03:00:00,3,,0.0
2024-04-11 04:00:00,4,,0.2
2024-04-11 05:00:00,5,,0.1
2024-04-11 06:00:00,6,,0.1
2024-04-11 07:00:00,7,,0.7
2024-04-11 08:00:00,8,,0.0
2024-04-11 09:00:00,9,,0.4
2024-04-11 10:00:00,10,53.8,0.2
2024-04-11 11:00:00,11,391.6,0.0
2024-04-11 12:00:00,12,1640.2,0.0
2024-04-11 13:00:00,13,2507.7,0.0
2024-04-11 14:00:00,14,3257.8,0.0
2024-04-11 15:00:00,15,2958.5,0.0
2024-04-11 16:00:00,16,3466.7,1.2
2024-04-11 17:00:00,17,3182.2,1.8
2024-04-11 18:00:00,18,2815.0,0.7
2024-04-11 19:00:00,19,1447.7,3.6
2024-04-11 20:00:00,20,286.4,0.4
2024-04-11 21:00:00,21,67.7,0.0
2024-04-11 22:00:00,22,3.6,0.0
2024-04-11 23:00:00,23,1.0,0.0
2024-04-12 00:00:00,0,,0.0
2024-04-12 01:00:00,1,,0.0
2024-04-12 02:00:00,2,,0.0
2024-04-12 03:00:00,3,,0.0
2024-04-12 04:00:00,4,,0.0
2024-04-12 05:00:00,5,,0.0
2024-04-12 06:00:00,6,,0.0
2024-04-12 07:00:00,7,,0.0
2024-04-12 08:00:00,8,,0.0
2024-04-12 09:00:00,9,,0.0
2024-04-12 10:00:00,10,189.9,0.2
2024-04-12 11:00:00,11,806.2,0.5
2024-04-12 12:00:00,12,1808.5,0.4
2024-04-12 13:00:00,13,2531.5,1.1
2024-04-12 14:00:00,14,2646.6,1.3
2024-04-12 15:00:00,15,2929.1,0.6
2024-04-12 16:00:00,16,3093.6,0.6
2024-04-12 17:00:00,17,3232.3,1.3
2024-04-12 18:00:00,18,2653.0,3.0
2024-04-12 19:00:00,19,1808.5,1.8
2024-04-12 20:00:00,20,584.6,0.6
2024-04-12 21:00:00,21,49.3,0.0
2024-04-12 22:00:00,22,,0.7
2024-04-12 23:00:00,23,,0.3
2024-04-13 00:00:00,0,,0.8
2024-04-13 01:00:00,1,,0.6
2024-04-13 02:00:00,2,,0.0
2024-04-13 03:00:00,3,,0.0
2024-04-13 04:00:00,4,,2.1
2024-04-13 05:00:00,5,,0.6
2024-04-13 06:00:00,6,,0.0
2024-04-13 07:00:00,7,,0.0
2024-04-13 08:00:00,8,,0.0
2024-04-13 09:00:00,9,,0.0
2024-04-13 10:00:00,10,235.5,0.0
2024-04-13 11:00:00,11,1073.4,0.0
2024-04-13 12:00:00,12,1924.4,0.2
2024-04-13 13:00:00,13,2809.6,0.6
2024-04-13 14:00:00,14,2784.8,0.6
2024-04-13 15:00:00,15,3158.0,0.0
2024-04-13 16:00:00,16,1859.8,0.0
2024-04-13 17:00:00,17,2532.6,0.5
2024-04-13 18:00:00,18,1109.3,0.6
2024-04-13 19:00:00,19,1693.8,2.5
2024-04-13 20:00:00,20,606.0,0.8
2024-04-13 21:00:00,21,76.6,0.0
2024-04-13 22:00:00,22,0.4,0.0
2024-04-13 23:00:00,23,8.5,0.0
2024-04-14 00:00:00,0,2.8,0.0
2024-04-14 01:00:00,1,0.0,0.0
2024-04-14 02:00:00,2,,0.5
2024-04-14 03:00:00,3,,0.0
2024-04-14 04:00:00,4,,0.0
2024-04-14 05:00:00,5,,0.0
2024-04-14 06:00:00,6,,0.4
2024-04-14 07:00:00,7,,0.3
2024-04-14 08:00:00,8,,1.6
2024-04-14 09:00:00,9,,0.0
2024-04-14 10:00:00,10,240.0,0.0
2024-04-14 11:00:00,11,1092.5,0.9
2024-04-14 12:00:00,12,1994.1,0.1
2024-04-14 13:00:00,13,2773.6,0.4
2024-04-14 14:00:00,14,3074.3,0.7
2024-04-14 15:00:00,15,2748.8,0.0
2024-04-14 16:00:00,16,2658.1,0.0
2024-04-14 17:00:00,17,2330.7,0.0
2024-04-14 18:00:00,18,1715.5,0.1
2024-04-14 19:00:00,19,1037.4,0.4
2024-04-14 20:00:00,20,945.9,0.7
2024-04-14 21:00:00,21,138.8,0.0
2024-04-14 22:00:00,22,,1.1
2024-04-14 23:00:00,23,,0.8
2024-04-15 00:00:00,0,,0.1
2024-04-15 01:00:00,1,,0.7
2024-04-15 02:00:00,2,,1.8
2024-04-15 03:00:00,3,,0.0
2024-04-15 04:00:00,4,,0.0
2024-04-15 05:00:00,5,,0.0
2024-04-15 06:00:00,6,,0.0
2024-04-15 07:00:00,7,,0.0
2024-04-15 08:00:00,8,,0.0
2024-04-15 09:00:00,9,,0.0
2024-04-15 10:00:00,10,248.1,0.0
2024-04-15 11:00:00,11,1104.6,0.0
2024-04-15 12:00:00,12,2006.8,0.8
2024-04-15 13:00:00,13,2812.4,1.1
2024-04-15 14:00:00,14,3111.9,1.4
2024-04-15 15:00:00,15,3215.4,1.8
2024-04-15 16:00:00,16,2882.8,0.0
2024-04-15 17:00:00,17,2469.3,0.6
2024-04-15 18:00:00,18,1936.6,0.1
2024-04-15 19:00:00,19,1748.7,0.0
2024-04-15 20:00:00,20,949.7,1.2
2024-04-15 21:00:00,21,152.1,2.5
2024-04-15 22:00:00,22,,2.7
2024-04-15 23:00:00,23,,0.3
2024-04-16 00:00:00,0,,0.6
2024-04-16 01:00:00,1,,1.2
2024-04-16 02:00:00,2,,0.0
2024-04-16 03:00:00,3,,1.4
2024-04-16 04:00:00,4,,0.0
2024-04-16 05:00:00,5,,0.2
2024-04-16 06:00:00,6,,0.0
2024-04-16 07:00:00,7,,3.2
2024-04-16 08:00:00,8,,3.3
2024-04-16 09:00:00,9,,1.6
2024-04-16 10:00:00,10,125.3,0.0
2024-04-16 11:00:00,11,531.2,1.8
2024-04-16 12:00:00,12,1584.1,3.5
2024-04-16 13:00:00,13,2711.2,2.2
2024-04-16 14:00:00,14,2855.9,3.0
2024-04-16 15:00:00,15,3274.4,0.7
2024-04-16 16:00:00,16,2200.2,2.6
2024-04-16 17:00:00,17,2731.5,3.6
2024-04-16 18:00:00,18,2502.0,3.2
2024-04-16 19:00:00,19,1481.0,2.0
2024-04-16 20:00:00,20,894.4,2.0
2024-04-16 21:00:00,21,107.4,1.9
2024-04-16 22:00:00,22,,1.9
2024-04-16 23:00:00,23,,0.7
2024-04-17 00:00:00,0,,1.6
2024-04-17 01:00:00,1,,0.6
2024-04-17 02:00:00,2,,0.0
2024-04-17 03:00:00,3,,0.0
2024-04-17 04:00:00,4,,2.5
2024-04-17 05:00:00,5,,0.0
2024-04-17 06:00:00,6,,2.1
2024-04-17 07:00:00,7,,0.0
2024-04-17 08:00:00,8,,0.0
2024-04-17 09:00:00,9,,0.0
2024-04-17 10:00:00,10,284.5,2.8
2024-04-17 11:00:00,11,1007.0,1.6
2024-04-17 12:00:00,12,1957.7,2.1
2024-04-17 13:00:00,13,2405.2,2.0
2024-04-17 14:00:00,14,2405.2,0.0
2024-04-17 15:00:00,15,2203.9,2.5
2024-04-17 16:00:00,16,2439.2,1.9
2024-04-17 17:00:00,17,2008.9,1.6
2024-04-17 18:00:00,18,1847.8,1.0
2024-04-17 19:00:00,19,1396.5,1.6
2024-04-17 20:00:00,20,473.3,1.8
2024-04-17 21:00:00,21,46.0,0.8
2024-04-17 22:00:00,22,,1.1
2024-04-17 23:00:00,23,,0.2
2024-04-18 00:00:00,0,,0.0
2024-04-18 01:00:00,1,,0.0
2024-04-18 02:00:00,2,,0.0
2024-04-18 03:00:00,3,,0.0
2024-04-18 04:00:00,4,,0.0
2024-04-18 05:00:00,5,,0.0
2024-04-18 06:00:00,6,,0.0
2024-04-18 07:00:00,7,,0.0
2024-04-18 08:00:00,8,,0.0
2024-04-18 09:00:00,9,,0.0
2024-04-18 10:00:00,10,230.8,0.0
2024-04-18 11:00:00,11,1031.8,0.0
2024-04-18 12:00:00,12,1902.0,0.0
2024-04-18 13:00:00,13,2664.2,0.1
2024-04-18 14:00:00,14,2994.8,0.3
2024-04-18 15:00:00,15,2787.4,0.6
2024-04-18 16:00:00,16,2228.5,0.0
2024-04-18 17:00:00,17,2611.5,0.5
2024-04-18 18:00:00,18,1852.2,0.0
2024-04-18 19:00:00,19,1605.9,0.3
2024-04-18 20:00:00,20,627.4,0.1
2024-04-18 21:00:00,21,86.0,0.0
2024-04-18 22:00:00,22,,1.0
2024-04-18 23:00:00,23,,0.0
2024-04-19 00:00:00,0,,0.0
2024-04-19 01:00:00,1,,0.0
2024-04-19 02:00:00,2,,0.0
2024-04-19 03:00:00,3,,0.0
2024-04-19 04:00:00,4,,0.1
2024-04-19 05:00:00,5,,0.0
2024-04-19 06:00:00,6,,0.0
2024-04-19 07:00:00,7,,0.5
2024-04-19 08:00:00,8,,0.1
2024-04-19 09:00:00,9,,0.0
2024-04-19 10:00:00,10,236.0,0.0
2024-04-19 11:00:00,11,646.9,0.0
2024-04-19 12:00:00,12,1885.7,1.3
2024-04-19 13:00:00,13,2616.8,1.4
2024-04-19 14:00:00,14,3105.2,1.2
2024-04-19 15:00:00,15,3165.5,0.3
2024-04-19 16:00:00,16,2901.8,0.3
2024-04-19 17:00:00,17,2786.6,0.0
2024-04-19 18:00:00,18,2622.7,0.1
2024-04-19 19:00:00,19,1784.0,0.7
2024-04-19 20:00:00,20,634.3,0.0
2024-04-19 21:00:00,21,77.3,0.9
2024-04-19 22:00:00,22,,2.1
2024-04-19 23:00:00,23,,0.0
2024-04-20 00:00:00,0,,0.2
2024-04-20 01:00:00,1,,0.0
2024-04-20 02:00:00,2,,0.0
2024-04-20 03:00:00,3,,0.0
2024-04-20 04:00:00,4,,0.0
2024-04-20 05:00:00,5,,0.1
2024-04-20 06:00:00,6,,0.0
2024-04-20 07:00:00,7,,0.0
2024-04-20 08:00:00,8,,0.0
2024-04-20 09:00:00,9,,0.0
2024-04-20 10:00:00,10,235.5,0.0
2024-04-20 11:00:00,11,1020.5,0.3
2024-04-20 12:00:00,12,1876.0,2.1
2024-04-20 13:00:00,13,2508.7,2.0
2024-04-20 14:00:00,14,2879.6,2.5
2024-04-20 15:00:00,15,2814.5,0.2
2024-04-20 16:00:00,16,3142.5,2.4
2024-04-20 17:00:00,17,,
2024-04-20 18:00:00,18,,
2024-04-20 19:00:00,19,,
2024-04-20 20:00:00,20,,
2024-04-20 21:00:00,21,,
2024-04-20 22:00:00,22,,
2024-04-20 23:00:00,23,,
2024-04-21 00:00:00,0,,
2024-04-21 01:00:00,1,,
2024-04-21 02:00:00,2,,
2024-04-21 03:00:00,3,,
2024-04-21 04:00:00,4,,
2024-04-21 05:00:00,5,,
2024-04-21 06:00:00,6,,
2024-04-21 07:00:00,7,,
2024-04-21 08:00:00,8,,
2024-04-21 09:00:00,9,,
2024-04-21 10:00:00,10,,
2024-04-21 11:00:00,11,,
2024-04-21 12:00:00,12,,
2024-04-21 13:00:00,13,,
2024-04-21 14:00:00,14,,
2024-04-21 15:00:00,15,,
2024-04-21 16:00:00,16,,
2024-04-21 17:00:00,17,,
2024-04-21 18:00:00,18,,
2024-04-21 19:00:00,19,,
2024-04-21 20:00:00,20,,
2024-04-21 21:00:00,21,,
2024-04-21 22:00:00,22,,
2024-04-21 23:00:00,23,,
2024-04-22 00:00:00,0,,
2024-04-22 01:00:00,1,,
2024-04-22 02:00:00,2,,
2024-04-22 03:00:00,3,,
2024-04-22 04:00:00,4,,
2024-04-22 05:00:00,5,,
2024-04-22 06:00:00,6,,
2024-04-22 07:00:00,7,,
2024-04-22 08:00:00,8,,
2024-04-22 09:00:00,9,,
2024-04-22 10:00:00,10,,
2024-04-22 11:00:00,11,,
2024-04-22 12:00:00,12,,
2024-04-22 13:00:00,13,,
2024-04-22 14:00:00,14,,
2024-04-22 15:00:00,15,,
2024-04-22 16:00:00,16,,
2024-04-22 17:00:00,17,,
2024-04-22 18:00:00,18,,
2024-04-22 19:00:00,19,,
2024-04-22 20:00:00,20,,
2024-04-22 21:00:00,21,,
2024-04-22 22:00:00,22,,
2024-04-22 23:00:00,23,,
2024-04-23 00:00:00,0,,
2024-04-23 01:00:00,1,,
2024-04-23 02:00:00,2,,
2024-04-23 03:00:00,3,,
2024-04-23 04:00:00,4,,
2024-04-23 05:00:00,5,,
2024-04-23 06:00:00,6,,
2024-04-23 07:00:00,7,,
2024-04-23 08:00:00,8,,
2024-04-23 09:00:00,9,,
2024-04-23 10:00:00,10,,
2024-04-23 11:00:00,11,,
2024-04-23 12:00:00,12,,
2024-04-23 13:00:00,13,,
2024-04-23 14:00:00,14,,
2024-04-23 15:00:00,15,,
2024-04-23 16:00:00,16,,
2024-04-23 17:00:00,17,,
2024-04-23 18:00:00,18,,
2024-04-23 19:00:00,19,,
2024-04-23 20:00:00,20,,
2024-04-23 21:00:00,21,,
2024-04-23 22:00:00,22,,
2024-04-23 23:00:00,23,,
2024-04-24 00:00:00,0,,
2024-04-24 01:00:00,1,,
2024-04-24 02:00:00,2,,
2024-04-24 03:00:00,3,,
2024-04-24 04:00:00,4,,
2024-04-24 05:00:00,5,,
2024-04-24 06:00:00,6,,
2024-04-24 07:00:00,7,,
2024-04-24 08:00:00,8,,
2024-04-24 09:00:00,9,,
2024-04-24 10:00:00,10,,
2024-04-24 11:00:00,11,,
2024-04-24 12:00:00,12,,
2024-04-24 13:00:00,13,,
2024-04-24 14:00:00,14,,
2024-04-24 15:00:00,15,,
2024-04-24 16:00:00,16,,
2024-04-24 17:00:00,17,,
2024-04-24 18:00:00,18,,
2024-04-24 19:00:00,19,,
2024-04-24 20:00:00,20,,
2024-04-24 21:00:00,21,,
2024-04-24 22:00:00,22,,
2024-04-24 23:00:00,23,,
2024-04-25 00:00:00,0,,
2024-04-25 01:00:00,1,,
2024-04-25 02:00:00,2,,
2024-04-25 03:00:00,3,,
2024-04-25 04:00:00,4,,
2024-04-25 05:00:00,5,,
2024-04-25 06:00:00,6,,
2024-04-25 07:00:00,7,,
2024-04-25 08:00:00,8,,
2024-04-25 09:00:00,9,,
2024-04-25 10:00:00,10,,
2024-04-25 11:00:00,11,,
2024-04-25 12:00:00,12,,
2024-04-25 13:00:00,13,,
2024-04-25 14:00:00,14,,
2024-04-25 15:00:00,15,,
2024-04-25 16:00:00,16,,
2024-04-25 17:00:00,17,,
2024-04-25 18:00:00,18,,
2024-04-25 19:00:00,19,,
2024-04-25 20:00:00,20,,
2024-04-25 21:00:00,21,,
2024-04-25 22:00:00,22,,
2024-04-25 23:00:00,23,,
2024-04-26 00:00:00,0,,
2024-04-26 01:00:00,1,,
2024-04-26 02:00:00,2,,
2024-04-26 03:00:00,3,,
2024-04-26 04:00:00,4,,
2024-04-26 05:00:00,5,,
2024-04-26 06:00:00,6,,
2024-04-26 07:00:00,7,,
2024-04-26 08:00:00,8,,
2024-04-26 09:00:00,9,,
2024-04-26 10:00:00,10,,
2024-04-26 11:00:00,11,,
2024-04-26 12:00:00,12,,
2024-04-26 13:00:00,13,,
2024-04-26 14:00:00,14,,
2024-04-26 15:00:00,15,,
2024-04-26 16:00:00,16,,
2024-04-26 17:00:00,17,,
2024-04-26 18:00:00,18,,
2024-04-26 19:00:00,19,,
2024-04-26 20:00:00,20,,
2024-04-26 21:00:00,21,,
2024-04-26 22:00:00,22,,
2024-04-26 23:00:00,23,,
2024-04-27 00:00:00,0,,
2024-04-27 01:00:00,1,,
2024-04-27 02:00:00,2,,
2024-04-27 03:00:00,3,,
2024-04-27 04:00:00,4,,
2024-04-27 05:00:00,5,,
2024-04-27 06:00:00,6,,
2024-04-27 07:00:00,7,,
2024-04-27 08:00:00,8,,
2024-04-27 09:00:00,9,,
2024-04-27 10:00:00,10,,
2024-04-27 11:00:00,11,,
2024-04-27 12:00:00,12,,
2024-04-27 13:00:00,13,,
2024-04-27 14:00:00,14,,
2024-04-27 15:00:00,15,,
2024-04-27 16:00:00,16,,
2024-04-27 17:00:00,17,,
2024-04-27 18:00:00,18,,
2024-04-27 19:00:00,19,,
2024-04-27 20:00:00,20,,
2024-04-27 21:00:00,21,,
2024-04-27 22:00:00,22,,
2024-04-27 23:00:00,23,,
2024-04-28 00:00:00,0,,
2024-04-28 01:00:00,1,,
2024-04-28 02:00:00,2,,
2024-04-28 03:00:00,3,,
2024-04-28 04:00:00,4,,
2024-04-28 05:00:00,5,,
2024-04-28 06:00:00,6,,
2024-04-28 07:00:00,7,,
2024-04-28 08:00:00,8,,
2024-04-28 09:00:00,9,,
2024-04-28 10:00:00,10,,
2024-04-28 11:00:00,11,,
2024-04-28 12:00:00,12,,
2024-04-28 13:00:00,13,,
2024-04-28 14:00:00,14,,
2024-04-28 15:00:00,15,,
2024-04-28 16:00:00,16,,
2024-04-28 17:00:00,17,,
2024-04-28 18:00:00,18,,
2024-04-28 19:00:00,19,,
2024-04-28 20:00:00,20,,
2024-04-28 21:00:00,21,,
2024-04-28 22:00:00,22,,
2024-04-28 23:00:00,23,,
2024-04-29 00:00:00,0,,
2024-04-29 01:00:00,1,,
2024-04-29 02:00:00,2,,
2024-04-29 03:00:00,3,,
2024-04-29 04:00:00,4,,
2024-04-29 05:00:00,5,,
2024-04-29 06:00:00,6,,
2024-04-29 07:00:00,7,,
2024-04-29 08:00:00,8,,
2024-04-29 09:00:00,9,,
2024-04-29 10:00:00,10,,
2024-04-29 11:00:00,11,,
2024-04-29 12:00:00,12,,
2024-04-29 13:00:00,13,,
2024-04-29 14:00:00,14,,
2024-04-29 15:00:00,15,,
2024-04-29 16:00:00,16,,
2024-04-29 17:00:00,17,,
2024-04-29 18:00:00,18,,
2024-04-29 19:00:00,19,,
2024-04-29 20:00:00,20,,
2024-04-29 21:00:00,21,,
2024-04-29 22:00:00,22,,
2024-04-29 23:00:00,23,,
2024-04-30 00:00:00,0,,
2024-04-30 01:00:00,1,,
2024-04-30 02:00:00,2,,
2024-04-30 03:00:00,3,,
2024-04-30 04:00:00,4,,
2024-04-30 05:00:00,5,,
2024-04-30 06:00:00,6,,
2024-04-30 07:00:00,7,,
2024-04-30 08:00:00,8,,
2024-04-30 09:00:00,9,,
2024-04-30 10:00:00,10,,
2024-04-30 11:00:00,11,,
2024-04-30 12:00:00,12,,
2024-04-30 13:00:00,13,,
2024-04-30 14:00:00,14,,
2024-04-30 15:00:00,15,,
2024-04-30 16:00:00,16,,
2024-04-30 17:00:00,17,,
2024-04-30 18:00:00,18,,
2024-04-30 19:00:00,19,,
2024-04-30 20:00:00,20,,
2024-04-30 21:00:00,21,,
2024-04-30 22:00:00,22,,
2024-04-30 23:00:00,23,,
2024-05-01 00:00:00,0,,
2024-05-01 01:00:00,1,,
2024-05-01 02:00:00,2,,
2024-05-01 03:00:00,3,,
2024-05-01 04:00:00,4,,
2024-05-01 05:00:00,5,,
2024-05-01 06:00:00,6,,
2024-05-01 07:00:00,7,,
2024-05-01 08:00:00,8,,
2024-05-01 09:00:00,9,,
2024-05-01 10:00:00,10,,
2024-05-01 11:00:00,11,,
2024-05-01 12:00:00,12,,
2024-05-01 13:00:00,13,,
2024-05-01 14:00:00,14,,
2024-05-01 15:00:00,15,,
2024-05-01 16:00:00,16,,
2024-05-01 17:00:00,17,,
2024-05-01 18:00:00,18,,
2024-05-01 19:00:00,19,,
2024-05-01 20:00:00,20,,
2024-05-01 21:00:00,21,,
2024-05-01 22:00:00,22,,
2024-05-01 23:00:00,23,,
2024-05-02 00:00:00,0,,
2024-05-02 01:00:00,1,,
2024-05-02 02:00:00,2,,
2024-05-02 03:00:00,3,,
2024-05-02 04:00:00,4,,
2024-05-02 05:00:00,5,,
2024-05-02 06:00:00,6,,
2024-05-02 07:00:00,7,,
2024-05-02 08:00:00,8,,
2024-05-02 09:00:00,9,,
2024-05-02 10:00:00,10,,
2024-05-02 11:00:00,11,,
2024-05-02 12:00:00,12,,
2024-05-02 13:00:00,13,,
2024-05-02 14:00:00,14,,
2024-05-02 15:00:00,15,,
2024-05-02 16:00:00,16,,
2024-05-02 17:00:00,17,,
2024-05-02 18:00:00,18,,
2024-05-02 19:00:00,19,,
2024-05-02 20:00:00,20,,
2024-05-02 21:00:00,21,,
2024-05-02 22:00:00,22,,
2024-05-02 23:00:00,23,,
2024-05-03 00:00:00,0,,
2024-05-03 01:00:00,1,,
2024-05-03 02:00:00,2,,
2024-05-03 03:00:00,3,,
2024-05-03 04:00:00,4,,
2024-05-03 05:00:00,5,,
2024-05-03 06:00:00,6,,
2024-05-03 07:00:00,7,,
2024-05-03 08:00:00,8,,
2024-05-03 09:00:00,9,,
2024-05-03 10:00:00,10,,
2024-05-03 11:00:00,11,,
2024-05-03 12:00:00,12,,
2024-05-03 13:00:00,13,,
2024-05-03 14:00:00,14,,
2024-05-03 15:00:00,15,,
2024-05-03 16:00:00,16,,
2024-05-03 17:00:00,17,,
2024-05-03 18:00:00,18,,
2024-05-03 19:00:00,19,,
2024-05-03 20:00:00,20,,
2024-05-03 21:00:00,21,,
2024-05-03 22:00:00,22,,
2024-05-03 23:00:00,23,,
2024-05-04 00:00:00,0,,
2024-05-04 01:00:00,1,,
2024-05-04 02:00:00,2,,
2024-05-04 03:00:00,3,,
2024-05-04 04:00:00,4,,
2024-05-04 05:00:00,5,,
2024-05-04 06:00:00,6,,
2024-05-04 07:00:00,7,,
2024-05-04 08:00:00,8,,
2024-05-04 09:00:00,9,,
2024-05-04 10:00:00,10,,
2024-05-04 11:00:00,11,,
2024-05-04 12:00:00,12,,
2024-05-04 13:00:00,13,,
2024-05-04 14:00:00,14,,
2024-05-04 15:00:00,15,,
2024-05-04 16:00:00,16,,
2024-05-04 17:00:00,17,,
2024-05-04 18:00:00,18,,
2024-05-04 19:00:00,19,,
2024-05-04 20:00:00,20,,
2024-05-04 21:00:00,21,,
2024-05-04 22:00:00,22,,
2024-05-04 23:00:00,23,,
2024-05-05 00:00:00,0,,
2024-05-05 01:00:00,1,,
2024-05-05 02:00:00,2,,
2024-05-05 03:00:00,3,,
2024-05-05 04:00:00,4,,
2024-05-05 05:00:00,5,,
2024-05-05 06:00:00,6,,
2024-05-05 07:00:00,7,,
2024-05-05 08:00:00,8,,
2024-05-05 09:00:00,9,,
2024-05-05 10:00:00,10,,
2024-05-05 11:00:00,11,,
2024-05-05 12:00:00,12,,
2024-05-05 13:00:00,13,,
2024-05-05 14:00:00,14,,
2024-05-05 15:00:00,15,,
2024-05-05 16:00:00,16,,
2024-05-05 17:00:00,17,,
2024-05-05 18:00:00,18,,
2024-05-05 19:00:00,19,,
2024-05-05 20:00:00,20,,
2024-05-05 21:00:00,21,,
2024-05-05 22:00:00,22,,
2024-05-05 23:00:00,23,,
2024-05-06 00:00:00,0,,
2024-05-06 01:00:00,1,,
2024-05-06 02:00:00,2,,
2024-05-06 03:00:00,3,,
2024-05-06 04:00:00,4,,
2024-05-06 05:00:00,5,,
2024-05-06 06:00:00,6,,
2024-05-06 07:00:00,7,,
2024-05-06 08:00:00,8,,
2024-05-06 09:00:00,9,,
2024-05-06 10:00:00,10,,
2024-05-06 11:00:00,11,,
2024-05-06 12:00:00,12,,
2024-05-06 13:00:00,13,,
2024-05-06 14:00:00,14,,
2024-05-06 15:00:00,15,,
2024-05-06 16:00:00,16,,
2024-05-06 17:00:00,17,,
2024-05-06 18:00:00,18,,
2024-05-06 19:00:00,19,,
2024-05-06 20:00:00,20,,
2024-05-06 21:00:00,21,,
2024-05-06 22:00:00,22,,
2024-05-06 23:00:00,23,,
2024-05-07 00:00:00,0,,
2024-05-07 01:00:00,1,,
2024-05-07 02:00:00,2,,
2024-05-07 03:00:00,3,,
2024-05-07 04:00:00,4,,
2024-05-07 05:00:00,5,,
2024-05-07 06:00:00,6,,
2024-05-07 07:00:00,7,,
2024-05-07 08:00:00,8,,
2024-05-07 09:00:00,9,,
2024-05-07 10:00:00,10,,
2024-05-07 11:00:00,11,,
2024-05-07 12:00:00,12,,
2024-05-07 13:00:00,13,,
2024-05-07 14:00:00,14,,
2024-05-07 15:00:00,15,,
2024-05-07 16:00:00,16,,
2024-05-07 17:00:00,17,,
2024-05-07 18:00:00,18,,
2024-05-07 19:00:00,19,,
2024-05-07 20:00:00,20,,
2024-05-07 21:00:00,21,,
2024-05-07 22:00:00,22,,
2024-05-07 23:00:00,23,,
2024-05-08 00:00:00,0,,
2024-05-08 01:00:00,1,,
2024-05-08 02:00:00,2,,
2024-05-08 03:00:00,3,,
2024-05-08 04:00:00,4,,
2024-05-08 05:00:00,5,,
2024-05-08 06:00:00,6,,
2024-05-08 07:00:00,7,,
2024-05-08 08:00:00,8,,
2024-05-08 09:00:00,9,,
2024-05-08 10:00:00,10,,
2024-05-08 11:00:00,11,,
2024-05-08 12:00:00,12,,
2024-05-08 13:00:00,13,,
2024-05-08 14:00:00,14,,
2024-05-08 15:00:00,15,,
2024-05-08 16:00:00,16,,
2024-05-08 17:00:00,17,,
2024-05-08 18:00:00,18,,
2024-05-08 19:00:00,19,,
2024-05-08 20:00:00,20,,
2024-05-08 21:00:00,21,,
2024-05-08 22:00:00,22,,
2024-05-08 23:00:00,23,,
2024-05-09 00:00:00,0,,
2024-05-09 01:00:00,1,,
2024-05-09 02:00:00,2,,
2024-05-09 03:00:00,3,,
2024-05-09 04:00:00,4,,
2024-05-09 05:00:00,5,,
2024-05-09 06:00:00,6,,
2024-05-09 07:00:00,7,,
2024-05-09 08:00:00,8,,
2024-05-09 09:00:00,9,,
2024-05-09 10:00:00,10,,
2024-05-09 11:00:00,11,,
2024-05-09 12:00:00,12,,
2024-05-09 13:00:00,13,,
2024-05-09 14:00:00,14,,
2024-05-09 15:00:00,15,,
2024-05-09 16:00:00,16,,
2024-05-09 17:00:00,17,,
2024-05-09 18:00:00,18,,
2024-05-09 19:00:00,19,,
2024-05-09 20:00:00,20,,
2024-05-09 21:00:00,21,,
2024-05-09 22:00:00,22,,
2024-05-09 23:00:00,23,,
2024-05-10 00:00:00,0,,
2024-05-10 01:00:00,1,,
2024-05-10 02:00:00,2,,
2024-05-10 03:00:00,3,,
2024-05-10 04:00:00,4,,
2024-05-10 05:00:00,5,,
2024-05-10 06:00:00,6,,
2024-05-10 07:00:00,7,,
2024-05-10 08:00:00,8,,
2024-05-10 09:00:00,9,,
2024-05-10 10:00:00,10,,
2024-05-10 11:00:00,11,,
2024-05-10 12:00:00,12,,
2024-05-10 13:00:00,13,,
2024-05-10 14:00:00,14,,
2024-05-10 15:00:00,15,,
2024-05-10 16:00:00,16,,
2024-05-10 17:00:00,17,,
2024-05-10 18:00:00,18,,
2024-05-10 19:00:00,19,,
2024-05-10 20:00:00,20,,
2024-05-10 21:00:00,21,,
2024-05-10 22:00:00,22,,
2024-05-10 23:00:00,23,,
2024-05-11 00:00:00,0,,
2024-05-11 01:00:00,1,,
2024-05-11 02:00:00,2,,
2024-05-11 03:00:00,3,,
2024-05-11 04:00:00,4,,
2024-05-11 05:00:00,5,,
2024-05-11 06:00:00,6,,
2024-05-11 07:00:00,7,,
2024-05-11 08:00:00,8,,
2024-05-11 09:00:00,9,,
2024-05-11 10:00:00,10,,
2024-05-11 11:00:00,11,,
2024-05-11 12:00:00,12,,
2024-05-11 13:00:00,13,,
2024-05-11 14:00:00,14,,
2024-05-11 15:00:00,15,,
2024-05-11 16:00:00,16,,
2024-05-11 17:00:00,17,,
2024-05-11 18:00:00,18,,
2024-05-11 19:00:00,19,,
2024-05-11 20:00:00,20,,
2024-05-11 21:00:00,21,,
2024-05-11 22:00:00,22,,
2024-05-11 23:00:00,23,,
2024-05-12 00:00:00,0,,
2024-05-12 01:00:00,1,,
2024-05-12 02:00:00,2,,
2024-05-12 03:00:00,3,,
2024-05-12 04:00:00,4,,
2024-05-12 05:00:00,5,,
2024-05-12 06:00:00,6,,
2024-05-12 07:00:00,7,,
2024-05-12 08:00:00,8,,
2024-05-12 09:00:00,9,,
2024-05-12 10:00:00,10,,
2024-05-12 11:00:00,11,,
2024-05-12 12:00:00,12,,
2024-05-12 13:00:00,13,,
2024-05-12 14:00:00,14,,
2024-05-12 15:00:00,15,,
2024-05-12 16:00:00,16,,
2024-05-12 17:00:00,17,,
2024-05-12 18:00:00,18,,
2024-05-12 19:00:00,19,,
2024-05-12 20:00:00,20,,
2024-05-12 21:00:00,21,,
2024-05-12 22:00:00,22,,
2024-05-12 23:00:00,23,,
2024-05-13 00:00:00,0,,
2024-05-13 01:00:00,1,,
2024-05-13 02:00:00,2,,
2024-05-13 03:00:00,3,,
2024-05-13 04:00:00,4,,
2024-05-13 05:00:00,5,,
2024-05-13 06:00:00,6,,
2024-05-13 07:00:00,7,,
2024-05-13 08:00:00,8,,
2024-05-13 09:00:00,9,,
2024-05-13 10:00:00,10,,
2024-05-13 11:00:00,11,,
2024-05-13 12:00:00,12,,
2024-05-13 13:00:00,13,,
2024-05-13 14:00:00,14,,
2024-05-13 15:00:00,15,,
2024-05-13 16:00:00,16,,
2024-05-13 17:00:00,17,,
2024-05-13 18:00:00,18,,
2024-05-13 19:00:00,19,,
2024-05-13 20:00:00,20,,
2024-05-13 21:00:00,21,,
2024-05-13 22:00:00,22,,
2024-05-13 23:00:00,23,,
2024-05-14 00:00:00,0,,
2024-05-14 01:00:00,1,,
2024-05-14 02:00:00,2,,
2024-05-14 03:00:00,3,,
2024-05-14 04:00:00,4,,
2024-05-14 05:00:00,5,,
2024-05-14 06:00:00,6,,
2024-05-14 07:00:00,7,,
2024-05-14 08:00:00,8,,
2024-05-14 09:00:00,9,,
2024-05-14 10:00:00,10,,
2024-05-14 11:00:00,11,,
2024-05-14 12:00:00,12,,
2024-05-14 13:00:00,13,,
2024-05-14 14:00:00,14,,
2024-05-14 15:00:00,15,,
2024-05-14 16:00:00,16,,
2024-05-14 17:00:00,17,,
2024-05-14 18:00:00,18,,
2024-05-14 19:00:00,19,,
2024-05-14 20:00:00,20,,
2024-05-14 21:00:00,21,,
2024-05-14 22:00:00,22,,
2024-05-14 23:00:00,23,,
2024-05-15 00:00:00,0,,
2024-05-15 01:00:00,1,,
2024-05-15 02:00:00,2,,
2024-05-15 03:00:00,3,,
2024-05-15 04:00:00,4,,
2024-05-15 05:00:00,5,,
2024-05-15 06:00:00,6,,
2024-05-15 07:00:00,7,,
2024-05-15 08:00:00,8,,
2024-05-15 09:00:00,9,,
2024-05-15 10:00:00,10,,
2024-05-15 11:00:00,11,,
2024-05-15 12:00:00,12,,
2024-05-15 13:00:00,13,,
2024-05-15 14:00:00,14,,
2024-05-15 15:00:00,15,,
2024-05-15 16:00:00,16,,
2024-05-15 17:00:00,17,,
2024-05-15 18:00:00,18,,
2024-05-15 19:00:00,19,,
2024-05-15 20:00:00,20,,
2024-05-15 21:00:00,21,,
2024-05-15 22:00:00,22,,
2024-05-15 23:00:00,23,,
2024-05-16 00:00:00,0,,
2024-05-16 01:00:00,1,,
2024-05-16 02:00:00,2,,
2024-05-16 03:00:00,3,,
2024-05-16 04:00:00,4,,
2024-05-16 05:00:00,5,,
2024-05-16 06:00:00,6,,
2024-05-16 07:00:00,7,,
2024-05-16 08:00:00,8,,
2024-05-16 09:00:00,9,,
2024-05-16 10:00:00,10,,
2024-05-16 11:00:00,11,,
2024-05-16 12:00:00,12,,
2024-05-16 13:00:00,13,,
2024-05-16 14:00:00,14,,
2024-05-16 15:00:00,15,,
2024-05-16 16:00:00,16,,
2024-05-16 17:00:00,17,,
2024-05-16 18:00:00,18,,
2024-05-16 19:00:00,19,,
2024-05-16 20:00:00,20,,
2024-05-16 21:00:00,21,,
2024-05-16 22:00:00,22,,
2024-05-16 23:00:00,23,,
2024-05-17 00:00:00,0,,
2024-05-17 01:00:00,1,,
2024-05-17 02:00:00,2,,
2024-05-17 03:00:00,3,,
2024-05-17 04:00:00,4,,
2024-05-17 05:00:00,5,,
2024-05-17 06:00:00,6,,
2024-05-17 07:00:00,7,,
2024-05-17 08:00:00,8,,
2024-05-17 09:00:00,9,,
2024-05-17 10:00:00,10,,
2024-05-17 11:00:00,11,,
2024-05-17 12:00:00,12,,
2024-05-17 13:00:00,13,,
2024-05-17 14:00:00,14,,
2024-05-17 15:00:00,15,,
2024-05-17 16:00:00,16,,
2024-05-17 17:00:00,17,,
2024-05-17 18:00:00,18,,
2024-05-17 19:00:00,19,,
2024-05-17 20:00:00,20,,
2024-05-17 21:00:00,21,,
2024-05-17 22:00:00,22,,
2024-05-17 23:00:00,23,,
2024-05-18 00:00:00,0,,
2024-05-18 01:00:00,1,,
2024-05-18 02:00:00,2,,
2024-05-18 03:00:00,3,,
2024-05-18 04:00:00,4,,
2024-05-18 05:00:00,5,,
2024-05-18 06:00:00,6,,
2024-05-18 07:00:00,7,,
2024-05-18 08:00:00,8,,
2024-05-18 09:00:00,9,,
2024-05-18 10:00:00,10,,
2024-05-18 11:00:00,11,,
2024-05-18 12:00:00,12,,
2024-05-18 13:00:00,13,,
2024-05-18 14:00:00,14,,
2024-05-18 15:00:00,15,,
2024-05-18 16:00:00,16,,
2024-05-18 17:00:00,17,,
2024-05-18 18:00:00,18,,
2024-05-18 19:00:00,19,,
2024-05-18 20:00:00,20,,
2024-05-18 21:00:00,21,,
2024-05-18 22:00:00,22,,
2024-05-18 23:00:00,23,,
2024-05-19 00:00:00,0,,
2024-05-19 01:00:00,1,,
2024-05-19 02:00:00,2,,
2024-05-19 03:00:00,3,,
2024-05-19 04:00:00,4,,
2024-05-19 05:00:00,5,,
2024-05-19 06:00:00,6,,
2024-05-19 07:00:00,7,,
2024-05-19 08:00:00,8,,
2024-05-19 09:00:00,9,,
2024-05-19 10:00:00,10,,
2024-05-19 11:00:00,11,,
2024-05-19 12:00:00,12,,
2024-05-19 13:00:00,13,,
2024-05-19 14:00:00,14,,
2024-05-19 15:00:00,15,,
2024-05-19 16:00:00,16,,
2024-05-19 17:00:00,17,,
2024-05-19 18:00:00,18,,
2024-05-19 19:00:00,19,,
2024-05-19 20:00:00,20,,
2024-05-19 21:00:00,21,,
2024-05-19 22:00:00,22,,
2024-05-19 23:00:00,23,,
2024-05-20 00:00:00,0,,
2024-05-20 01:00:00,1,,
2024-05-20 02:00:00,2,,
2024-05-20 03:00:00,3,,
2024-05-20 04:00:00,4,,
2024-05-20 05:00:00,5,,
2024-05-20 06:00:00,6,,
2024-05-20 07:00:00,7,,
2024-05-20 08:00:00,8,,
2024-05-20 09:00:00,9,,
2024-05-20 10:00:00,10,,
2024-05-20 11:00:00,11,,
2024-05-20 12:00:00,12,,
2024-05-20 13:00:00,13,,
2024-05-20 14:00:00,14,,
2024-05-20 15:00:00,15,,
2024-05-20 16:00:00,16,,
2024-05-20 17:00:00,17,,
2024-05-20 18:00:00,18,,
2024-05-20 19:00:00,19,,
2024-05-20 20:00:00,20,,
2024-05-20 21:00:00,21,,
2024-05-20 22:00:00,22,,
2024-05-20 23:00:00,23,,
2024-05-21 00:00:00,0,,
2024-05-21 01:00:00,1,,
2024-05-21 02:00:00,2,,
2024-05-21 03:00:00,3,,
2024-05-21 04:00:00,4,,
2024-05-21 05:00:00,5,,
2024-05-21 06:00:00,6,,
2024-05-21 07:00:00,7,,
2024-05-21 08:00:00,8,,
2024-05-21 09:00:00,9,,
2024-05-21 10:00:00,10,,
2024-05-21 11:00:00,11,,
2024-05-21 12:00:00,12,,
2024-05-21 13:00:00,13,,
2024-05-21 14:00:00,14,,
2024-05-21 15:00:00,15,,
2024-05-21 16:00:00,16,,
2024-05-21 17:00:00,17,,
2024-05-21 18:00:00,18,,
2024-05-21 19:00:00,19,,
2024-05-21 20:00:00,20,,
2024-05-21 21:00:00,21,,
2024-05-21 22:00:00,22,,
2024-05-21 23:00:00,23,,
2024-05-22 00:00:00,0,,
2024-05-22 01:00:00,1,,
2024-05-22 02:00:00,2,,
2024-05-22 03:00:00,3,,
2024-05-22 04:00:00,4,,
2024-05-22 05:00:00,5,,
2024-05-22 06:00:00,6,,
2024-05-22 07:00:00,7,,
2024-05-22 08:00:00,8,,
2024-05-22 09:00:00,9,,
2024-05-22 10:00:00,10,,
2024-05-22 11:00:00,11,,
2024-05-22 12:00:00,12,,
2024-05-22 13:00:00,13,,
2024-05-22 14:00:00,14,,
2024-05-22 15:00:00,15,,
2024-05-22 16:00:00,16,,
2024-05-22 17:00:00,17,,
2024-05-22 18:00:00,18,,
2024-05-22 19:00:00,19,,
2024-05-22 20:00:00,20,,
2024-05-22 21:00:00,21,,
2024-05-22 22:00:00,22,,
2024-05-22 23:00:00,23,,
2024-05-23 00:00:00,0,,
2024-05-23 01:00:00,1,,
2024-05-23 02:00:00,2,,
2024-05-23 03:00:00,3,,
2024-05-23 04:00:00,4,,
2024-05-23 05:00:00,5,,
2024-05-23 06:00:00,6,,
2024-05-23 07:00:00,7,,
2024-05-23 08:00:00,8,,
2024-05-23 09:00:00,9,,
2024-05-23 10:00:00,10,,
2024-05-23 11:00:00,11,,
2024-05-23 12:00:00,12,,
2024-05-23 13:00:00,13,,
2024-05-23 14:00:00,14,,
2024-05-23 15:00:00,15,,
2024-05-23 16:00:00,16,,
2024-05-23 17:00:00,17,,
2024-05-23 18:00:00,18,,
2024-05-23 19:00:00,19,,
2024-05-23 20:00:00,20,,
2024-05-23 21:00:00,21,,
2024-05-23 22:00:00,22,,
2024-05-23 23:00:00,23,,
2024-05-24 00:00:00,0,,
2024-05-24 01:00:00,1,,
2024-05-24 02:00:00,2,,
2024-05-24 03:00:00,3,,
2024-05-24 04:00:00,4,,
2024-05-24 05:00:00,5,,
2024-05-24 06:00:00,6,,
2024-05-24 07:00:00,7,,
2024-05-24 08:00:00,8,,
2024-05-24 09:00:00,9,,
2024-05-24 10:00:00,10,,
2024-05-24 11:00:00,11,,
2024-05-24 12:00:00,12,,
2024-05-24 13:00:00,13,,
2024-05-24 14:00:00,14,,
2024-05-24 15:00:00,15,,
2024-05-24 16:00:00,16,,
2024-05-24 17:00:00,17,,
2024-05-24 18:00:00,18,,
2024-05-24 19:00:00,19,,
2024-05-24 20:00:00,20,,
2024-05-24 21:00:00,21,,
2024-05-24 22:00:00,22,,
2024-05-24 23:00:00,23,,
2024-05-25 00:00:00,0,,
2024-05-25 01:00:00,1,,
2024-05-25 02:00:00,2,,
2024-05-25 03:00:00,3,,
2024-05-25 04:00:00,4,,
2024-05-25 05:00:00,5,,
2024-05-25 06:00:00,6,,
2024-05-25 07:00:00,7,,
2024-05-25 08:00:00,8,,
2024-05-25 09:00:00,9,,
2024-05-25 10:00:00,10,,
2024-05-25 11:00:00,11,,
2024-05-25 12:00:00,12,,
2024-05-25 13:00:00,13,,
2024-05-25 14:00:00,14,,
2024-05-25 15:00:00,15,,
2024-05-25 16:00:00,16,,
2024-05-25 17:00:00,17,,
2024-05-25 18:00:00,18,,
2024-05-25 19:00:00,19,,
2024-05-25 20:00:00,20,,
2024-05-25 21:00:00,21,,
2024-05-25 22:00:00,22,,
2024-05-25 23:00:00,23,,
2024-05-26 00:00:00,0,,
2024-05-26 01:00:00,1,,
2024-05-26 02:00:00,2,,
2024-05-26 03:00:00,3,,
2024-05-26 04:00:00,4,,
2024-05-26 05:00:00,5,,
2024-05-26 06:00:00,6,,
2024-05-26 07:00:00,7,,
2024-05-26 08:00:00,8,,
2024-05-26 09:00:00,9,,
2024-05-26 10:00:00,10,,
2024-05-26 11:00:00,11,,
2024-05-26 12:00:00,12,,
2024-05-26 13:00:00,13,,
2024-05-26 14:00:00,14,,
2024-05-26 15:00:00,15,,
2024-05-26 16:00:00,16,,
2024-05-26 17:00:00,17,,
2024-05-26 18:00:00,18,,
2024-05-26 19:00:00,19,,
2024-05-26 20:00:00,20,,
2024-05-26 21:00:00,21,,
2024-05-26 22:00:00,22,,
2024-05-26 23:00:00,23,,
2024-05-27 00:00:00,0,,
2024-05-27 01:00:00,1,,
2024-05-27 02:00:00,2,,
2024-05-27 03:00:00,3,,
2024-05-27 04:00:00,4,,
2024-05-27 05:00:00,5,,
2024-05-27 06:00:00,6,,
2024-05-27 07:00:00,7,,
2024-05-27 08:00:00,8,,
2024-05-27 09:00:00,9,,
2024-05-27 10:00:00,10,,
2024-05-27 11:00:00,11,,
2024-05-27 12:00:00,12,,
2024-05-27 13:00:00,13,,
2024-05-27 14:00:00,14,,
2024-05-27 15:00:00,15,,
2024-05-27 16:00:00,16,,
2024-05-27 17:00:00,17,,
2024-05-27 18:00:00,18,,
2024-05-27 19:00:00,19,,
2024-05-27 20:00:00,20,,
2024-05-27 21:00:00,21,,
2024-05-27 22:00:00,22,,
2024-05-27 23:00:00,23,,
2024-05-28 00:00:00,0,,
2024-05-28 01:00:00,1,,
2024-05-28 02:00:00,2,,
2024-05-28 03:00:00,3,,
2024-05-28 04:00:00,4,,
2024-05-28 05:00:00,5,,
2024-05-28 06:00:00,6,,
2024-05-28 07:00:00,7,,
2024-05-28 08:00:00,8,,
2024-05-28 09:00:00,9,,
2024-05-28 10:00:00,10,,
2024-05-28 11:00:00,11,,
2024-05-28 12:00:00,12,,
2024-05-28 13:00:00,13,,
2024-05-28 14:00:00,14,,
2024-05-28 15:00:00,15,,
2024-05-28 16:00:00,16,,
2024-05-28 17:00:00,17,,
2024-05-28 18:00:00,18,,
2024-05-28 19:00:00,19,,
2024-05-28 20:00:00,20,,
2024-05-28 21:00:00,21,,
2024-05-28 22:00:00,22,,
2024-05-28 23:00:00,23,,
2024-05-29 00:00:00,0,,
2024-05-29 01:00:00,1,,
2024-05-29 02:00:00,2,,
2024-05-29 03:00:00,3,,
2024-05-29 04:00:00,4,,
2024-05-29 05:00:00,5,,
2024-05-29 06:00:00,6,,
2024-05-29 07:00:00,7,,
2024-05-29 08:00:00,8,,
2024-05-29 09:00:00,9,,
2024-05-29 10:00:00,10,,
2024-05-29 11:00:00,11,,
2024-05-29 12:00:00,12,,
2024-05-29 13:00:00,13,,
2024-05-29 14:00:00,14,,
2024-05-29 15:00:00,15,,
2024-05-29 16:00:00,16,,
2024-05-29 17:00:00,17,,
2024-05-29 18:00:00,18,,
2024-05-29 19:00:00,19,,
2024-05-29 20:00:00,20,,
2024-05-29 21:00:00,21,,
2024-05-29 22:00:00,22,,
2024-05-29 23:00:00,23,,
2024-05-30 00:00:00,0,,
2024-05-30 01:00:00,1,,
2024-05-30 02:00:00,2,,
2024-05-30 03:00:00,3,,
2024-05-30 04:00:00,4,,
2024-05-30 05:00:00,5,,
2024-05-30 06:00:00,6,,
2024-05-30 07:00:00,7,,
2024-05-30 08:00:00,8,,
2024-05-30 09:00:00,9,,
2024-05-30 10:00:00,10,,
2024-05-30 11:00:00,11,,
2024-05-30 12:00:00,12,,
2024-05-30 13:00:00,13,,
2024-05-30 14:00:00,14,,
2024-05-30 15:00:00,15,,
2024-05-30 16:00:00,16,,
2024-05-30 17:00:00,17,,
2024-05-30 18:00:00,18,,
2024-05-30 19:00:00,19,,
2024-05-30 20:00:00,20,,
2024-05-30 21:00:00,21,,
2024-05-30 22:00:00,22,,
2024-05-30 23:00:00,23,,
2024-05-31 00:00:00,0,,
2024-05-31 01:00:00,1,,
2024-05-31 02:00:00,2,,
2024-05-31 03:00:00,3,,
2024-05-31 04:00:00,4,,
2024-05-31 05:00:00,5,,
2024-05-31 06:00:00,6,,
2024-05-31 07:00:00,7,,
2024-05-31 08:00:00,8,,
2024-05-31 09:00:00,9,,
2024-05-31 10:00:00,10,,
2024-05-31 11:00:00,11,,
2024-05-31 12:00:00,12,,
2024-05-31 13:00:00,13,,
2024-05-31 14:00:00,14,,
2024-05-31 15:00:00,15,,
2024-05-31 16:00:00,16,,
2024-05-31 17:00:00,17,,
2024-05-31 18:00:00,18,,
2024-05-31 19:00:00,19,,
2024-05-31 20:00:00,20,,
2024-05-31 21:00:00,21,,
2024-05-31 22:00:00,22,,
2024-05-31 23:00:00,23,,
2024-06-01 00:00:00,0,,
2024-06-01 01:00:00,1,,
2024-06-01 02:00:00,2,,
2024-06-01 03:00:00,3,,
2024-06-01 04:00:00,4,,
2024-06-01 05:00:00,5,,
2024-06-01 06:00:00,6,,
2024-06-01 07:00:00,7,,
2024-06-01 08:00:00,8,,
2024-06-01 09:00:00,9,,
2024-06-01 10:00:00,10,,
2024-06-01 11:00:00,11,,
2024-06-01 12:00:00,12,,
2024-06-01 13:00:00,13,,
2024-06-01 14:00:00,14,,
2024-06-01 15:00:00,15,,
2024-06-01 16:00:00,16,,
2024-06-01 17:00:00,17,,
2024-06-01 18:00:00,18,,
2024-06-01 19:00:00,19,,
2024-06-01 20:00:00,20,,
2024-06-01 21:00:00,21,,
2024-06-01 22:00:00,22,,
2024-06-01 23:00:00,23,,
2024-06-02 00:00:00,0,,
2024-06-02 01:00:00,1,,
2024-06-02 02:00:00,2,,
2024-06-02 03:00:00,3,,
2024-06-02 04:00:00,4,,
2024-06-02 05:00:00,5,,
2024-06-02 06:00:00,6,,
2024-06-02 07:00:00,7,,
2024-06-02 08:00:00,8,,
2024-06-02 09:00:00,9,,
2024-06-02 10:00:00,10,,
2024-06-02 11:00:00,11,,
2024-06-02 12:00:00,12,,
2024-06-02 13:00:00,13,,
2024-06-02 14:00:00,14,,
2024-06-02 15:00:00,15,,
2024-06-02 16:00:00,16,,
2024-06-02 17:00:00,17,,
2024-06-02 18:00:00,18,,
2024-06-02 19:00:00,19,,
2024-06-02 20:00:00,20,,
2024-06-02 21:00:00,21,,
2024-06-02 22:00:00,22,,
2024-06-02 23:00:00,23,,
2024-06-03 00:00:00,0,,
2024-06-03 01:00:00,1,,
2024-06-03 02:00:00,2,,
2024-06-03 03:00:00,3,,
2024-06-03 04:00:00,4,,
2024-06-03 05:00:00,5,,
2024-06-03 06:00:00,6,,
2024-06-03 07:00:00,7,,
2024-06-03 08:00:00,8,,
2024-06-03 09:00:00,9,,
2024-06-03 10:00:00,10,,
2024-06-03 11:00:00,11,,
2024-06-03 12:00:00,12,,
2024-06-03 13:00:00,13,,
2024-06-03 14:00:00,14,,
2024-06-03 15:00:00,15,,
2024-06-03 16:00:00,16,,
2024-06-03 17:00:00,17,,
2024-06-03 18:00:00,18,,
2024-06-03 19:00:00,19,,
2024-06-03 20:00:00,20,,
2024-06-03 21:00:00,21,,
2024-06-03 22:00:00,22,,
2024-06-03 23:00:00,23,,
2024-06-04 00:00:00,0,,
2024-06-04 01:00:00,1,,
2024-06-04 02:00:00,2,,
2024-06-04 03:00:00,3,,
2024-06-04 04:00:00,4,,
2024-06-04 05:00:00,5,,
2024-06-04 06:00:00,6,,
2024-06-04 07:00:00,7,,
2024-06-04 08:00:00,8,,
2024-06-04 09:00:00,9,,
2024-06-04 10:00:00,10,,
2024-06-04 11:00:00,11,,
2024-06-04 12:00:00,12,,
2024-06-04 13:00:00,13,,
2024-06-04 14:00:00,14,,
2024-06-04 15:00:00,15,,
2024-06-04 16:00:00,16,,
2024-06-04 17:00:00,17,,
2024-06-04 18:00:00,18,,
2024-06-04 19:00:00,19,,
2024-06-04 20:00:00,20,,
2024-06-04 21:00:00,21,,
2024-06-04 22:00:00,22,,
2024-06-04 23:00:00,23,,
2024-06-05 00:00:00,0,,
2024-06-05 01:00:00,1,,
2024-06-05 02:00:00,2,,
2024-06-05 03:00:00,3,,
2024-06-05 04:00:00,4,,
2024-06-05 05:00:00,5,,
2024-06-05 06:00:00,6,,
2024-06-05 07:00:00,7,,
2024-06-05 08:00:00,8,,
2024-06-05 09:00:00,9,,
2024-06-05 10:00:00,10,,
2024-06-05 11:00:00,11,,
2024-06-05 12:00:00,12,,
2024-06-05 13:00:00,13,,
2024-06-05 14:00:00,14,,
2024-06-05 15:00:00,15,,
2024-06-05 16:00:00,16,,
2024-06-05 17:00:00,17,,
2024-06-05 18:00:00,18,,
2024-06-05 19:00:00,19,,
2024-06-05 20:00:00,20,,
2024-06-05 21:00:00,21,,
2024-06-05 22:00:00,22,,
2024-06-05 23:00:00,23,,
2024-06-06 00:00:00,0,,
2024-06-06 01:00:00,1,,
2024-06-06 02:00:00,2,,
2024-06-06 03:00:00,3,,
2024-06-06 04:00:00,4,,
2024-06-06 05:00:00,5,,
2024-06-06 06:00:00,6,,
2024-06-06 07:00:00,7,,
2024-06-06 08:00:00,8,,
2024-06-06 09:00:00,9,,
2024-06-06 10:00:00,10,,
2024-06-06 11:00:00,11,,
2024-06-06 12:00:00,12,,
2024-06-06 13:00:00,13,,
2024-06-06 14:00:00,14,,
2024-06-06 15:00:00,15,,
2024-06-06 16:00:00,16,,
2024-06-06 17:00:00,17,,
2024-06-06 18:00:00,18,,
2024-06-06 19:00:00,19,,
2024-06-06 20:00:00,20,,
2024-06-06 21:00:00,21,,
2024-06-06 22:00:00,22,,
2024-06-06 23:00:00,23,,
2024-06-07 00:00:00,0,,
2024-06-07 01:00:00,1,,
2024-06-07 02:00:00,2,,
2024-06-07 03:00:00,3,,
2024-06-07 04:00:00,4,,
2024-06-07 05:00:00,5,,
2024-06-07 06:00:00,6,,
2024-06-07 07:00:00,7,,
2024-06-07 08:00:00,8,,
2024-06-07 09:00:00,9,,
2024-06-07 10:00:00,10,,
2024-06-07 11:00:00,11,,
2024-06-07 12:00:00,12,,
2024-06-07 13:00:00,13,,
2024-06-07 14:00:00,14,,
2024-06-07 15:00:00,15,,
2024-06-07 16:00:00,16,,
2024-06-07 17:00:00,17,,
2024-06-07 18:00:00,18,,
2024-06-07 19:00:00,19,,
2024-06-07 20:00:00,20,,
2024-06-07 21:00:00,21,,
2024-06-07 22:00:00,22,,
2024-06-07 23:00:00,23,,
2024-06-08 00:00:00,0,,
2024-06-08 01:00:00,1,,
2024-06-08 02:00:00,2,,
2024-06-08 03:00:00,3,,
2024-06-08 04:00:00,4,,
2024-06-08 05:00:00,5,,
2024-06-08 06:00:00,6,,
2024-06-08 07:00:00,7,,
2024-06-08 08:00:00,8,,
2024-06-08 09:00:00,9,,
2024-06-08 10:00:00,10,,
2024-06-08 11:00:00,11,,
2024-06-08 12:00:00,12,,
2024-06-08 13:00:00,13,,
2024-06-08 14:00:00,14,,
2024-06-08 15:00:00,15,,
2024-06-08 16:00:00,16,,
2024-06-08 17:00:00,17,,
2024-06-08 18:00:00,18,,
2024-06-08 19:00:00,19,,
2024-06-08 20:00:00,20,,
2024-06-08 21:00:00,21,,
2024-06-08 22:00:00,22,,
2024-06-08 23:00:00,23,,
2024-06-09 00:00:00,0,,
2024-06-09 01:00:00,1,,
2024-06-09 02:00:00,2,,
2024-06-09 03:00:00,3,,
2024-06-09 04:00:00,4,,
2024-06-09 05:00:00,5,,
2024-06-09 06:00:00,6,,
2024-06-09 07:00:00,7,,
2024-06-09 08:00:00,8,,
2024-06-09 09:00:00,9,,
2024-06-09 10:00:00,10,,
2024-06-09 11:00:00,11,,
2024-06-09 12:00:00,12,,
2024-06-09 13:00:00,13,,
2024-06-09 14:00:00,14,,
2024-06-09 15:00:00,15,,
2024-06-09 16:00:00,16,,
2024-06-09 17:00:00,17,,
2024-06-09 18:00:00,18,,
2024-06-09 19:00:00,19,,
2024-06-09 20:00:00,20,,
2024-06-09 21:00:00,21,,
2024-06-09 22:00:00,22,,
2024-06-09 23:00:00,23,,
2024-06-10 00:00:00,0,,
2024-06-10 01:00:00,1,,
2024-06-10 02:00:00,2,,
2024-06-10 03:00:00,3,,
2024-06-10 04:00:00,4,,
2024-06-10 05:00:00,5,,
2024-06-10 06:00:00,6,,
2024-06-10 07:00:00,7,,
2024-06-10 08:00:00,8,,
2024-06-10 09:00:00,9,,
2024-06-10 10:00:00,10,,
2024-06-10 11:00:00,11,,
2024-06-10 12:00:00,12,,
2024-06-10 13:00:00,13,,
2024-06-10 14:00:00,14,,
2024-06-10 15:00:00,15,,
2024-06-10 16:00:00,16,,
2024-06-10 17:00:00,17,,
2024-06-10 18:00:00,18,,
2024-06-10 19:00:00,19,,
2024-06-10 20:00:00,20,,
2024-06-10 21:00:00,21,,
2024-06-10 22:00:00,22,,
2024-06-10 23:00:00,23,,
2024-06-11 00:00:00,0,,
2024-06-11 01:00:00,1,,
2024-06-11 02:00:00,2,,
2024-06-11 03:00:00,3,,
2024-06-11 04:00:00,4,,
2024-06-11 05:00:00,5,,
2024-06-11 06:00:00,6,,
2024-06-11 07:00:00,7,,
2024-06-11 08:00:00,8,,
2024-06-11 09:00:00,9,,
2024-06-11 10:00:00,10,,
2024-06-11 11:00:00,11,,
2024-06-11 12:00:00,12,,
2024-06-11 13:00:00,13,,
2024-06-11 14:00:00,14,,
2024-06-11 15:00:00,15,,
2024-06-11 16:00:00,16,,
2024-06-11 17:00:00,17,,
2024-06-11 18:00:00,18,,
2024-06-11 19:00:00,19,,
2024-06-11 20:00:00,20,,
2024-06-11 21:00:00,21,,
2024-06-11 22:00:00,22,,
2024-06-11 23:00:00,23,,
2024-06-12 00:00:00,0,,
2024-06-12 01:00:00,1,,
2024-06-12 02:00:00,2,,
2024-06-12 03:00:00,3,,
2024-06-12 04:00:00,4,,
2024-06-12 05:00:00,5,,
2024-06-12 06:00:00,6,,
2024-06-12 07:00:00,7,,
2024-06-12 08:00:00,8,,
2024-06-12 09:00:00,9,,
2024-06-12 10:00:00,10,,
2024-06-12 11:00:00,11,,
2024-06-12 12:00:00,12,,
2024-06-12 13:00:00,13,,
2024-06-12 14:00:00,14,,
2024-06-12 15:00:00,15,,
2024-06-12 16:00:00,16,,
2024-06-12 17:00:00,17,,
2024-06-12 18:00:00,18,,
2024-06-12 19:00:00,19,,
2024-06-12 20:00:00,20,,
2024-06-12 21:00:00,21,,
2024-06-12 22:00:00,22,,
2024-06-12 23:00:00,23,,
2024-06-13 00:00:00,0,,
2024-06-13 01:00:00,1,,
2024-06-13 02:00:00,2,,
2024-06-13 03:00:00,3,,
2024-06-13 04:00:00,4,,
2024-06-13 05:00:00,5,,
2024-06-13 06:00:00,6,,
2024-06-13 07:00:00,7,,
2024-06-13 08:00:00,8,,
2024-06-13 09:00:00,9,,
2024-06-13 10:00:00,10,,
2024-06-13 11:00:00,11,,
2024-06-13 12:00:00,12,,
2024-06-13 13:00:00,13,,
2024-06-13 14:00:00,14,,
2024-06-13 15:00:00,15,,
2024-06-13 16:00:00,16,,
2024-06-13 17:00:00,17,,
2024-06-13 18:00:00,18,,
2024-06-13 19:00:00,19,,
2024-06-13 20:00:00,20,,
2024-06-13 21:00:00,21,,
2024-06-13 22:00:00,22,,
2024-06-13 23:00:00,23,,
2024-06-14 00:00:00,0,,
2024-06-14 01:00:00,1,,
2024-06-14 02:00:00,2,,
2024-06-14 03:00:00,3,,
2024-06-14 04:00:00,4,,
2024-06-14 05:00:00,5,,
2024-06-14 06:00:00,6,,
2024-06-14 07:00:00,7,,
2024-06-14 08:00:00,8,,
2024-06-14 09:00:00,9,,
2024-06-14 10:00:00,10,,
2024-06-14 11:00:00,11,,
2024-06-14 12:00:00,12,,
2024-06-14 13:00:00,13,,
2024-06-14 14:00:00,14,,
2024-06-14 15:00:00,15,,
2024-06-14 16:00:00,16,,
2024-06-14 17:00:00,17,,
2024-06-14 18:00:00,18,,
2024-06-14 19:00:00,19,,
2024-06-14 20:00:00,20,,
2024-06-14 21:00:00,21,,
2024-06-14 22:00:00,22,,
2024-06-14 23:00:00,23,,
2024-06-15 00:00:00,0,,
2024-06-15 01:00:00,1,,
2024-06-15 02:00:00,2,,
2024-06-15 03:00:00,3,,
2024-06-15 04:00:00,4,,
2024-06-15 05:00:00,5,,
2024-06-15 06:00:00,6,,
2024-06-15 07:00:00,7,,
2024-06-15 08:00:00,8,,
2024-06-15 09:00:00,9,,
2024-06-15 10:00:00,10,,
2024-06-15 11:00:00,11,,
2024-06-15 12:00:00,12,,
2024-06-15 13:00:00,13,,
2024-06-15 14:00:00,14,,
2024-06-15 15:00:00,15,,
2024-06-15 16:00:00,16,,
2024-06-15 17:00:00,17,,
2024-06-15 18:00:00,18,,
2024-06-15 19:00:00,19,,
2024-06-15 20:00:00,20,,
2024-06-15 21:00:00,21,,
2024-06-15 22:00:00,22,,
2024-06-15 23:00:00,23,,
2024-06-16 00:00:00,0,,
2024-06-16 01:00:00,1,,
2024-06-16 02:00:00,2,,
2024-06-16 03:00:00,3,,
2024-06-16 04:00:00,4,,
2024-06-16 05:00:00,5,,
2024-06-16 06:00:00,6,,
2024-06-16 07:00:00,7,,
2024-06-16 08:00:00,8,,
2024-06-16 09:00:00,9,,
2024-06-16 10:00:00,10,,
2024-06-16 11:00:00,11,,
2024-06-16 12:00:00,12,,
2024-06-16 13:00:00,13,,
2024-06-16 14:00:00,14,,
2024-06-16 15:00:00,15,,
2024-06-16 16:00:00,16,,
2024-06-16 17:00:00,17,,
2024-06-16 18:00:00,18,,
2024-06-16 19:00:00,19,,
2024-06-16 20:00:00,20,,
2024-06-16 21:00:00,21,,
2024-06-16 22:00:00,22,,
2024-06-16 23:00:00,23,,
2024-06-17 00:00:00,0,,
2024-06-17 01:00:00,1,,
2024-06-17 02:00:00,2,,
2024-06-17 03:00:00,3,,
2024-06-17 04:00:00,4,,
2024-06-17 05:00:00,5,,
2024-06-17 06:00:00,6,,
2024-06-17 07:00:00,7,,
2024-06-17 08:00:00,8,,
2024-06-17 09:00:00,9,,
2024-06-17 10:00:00,10,,
2024-06-17 11:00:00,11,,
2024-06-17 12:00:00,12,,
2024-06-17 13:00:00,13,,
2024-06-17 14:00:00,14,,
2024-06-17 15:00:00,15,,
2024-06-17 16:00:00,16,,
2024-06-17 17:00:00,17,,
2024-06-17 18:00:00,18,,
2024-06-17 19:00:00,19,,
2024-06-17 20:00:00,20,,
2024-06-17 21:00:00,21,,
2024-06-17 22:00:00,22,,
2024-06-17 23:00:00,23,,
2024-06-18 00:00:00,0,,
2024-06-18 01:00:00,1,,
2024-06-18 02:00:00,2,,
2024-06-18 03:00:00,3,,
2024-06-18 04:00:00,4,,
2024-06-18 05:00:00,5,,
2024-06-18 06:00:00,6,,
2024-06-18 07:00:00,7,,
2024-06-18 08:00:00,8,,
2024-06-18 09:00:00,9,,
2024-06-18 10:00:00,10,,
2024-06-18 11:00:00,11,,
2024-06-18 12:00:00,12,,
2024-06-18 13:00:00,13,,
2024-06-18 14:00:00,14,,
2024-06-18 15:00:00,15,,
2024-06-18 16:00:00,16,,
2024-06-18 17:00:00,17,,
2024-06-18 18:00:00,18,,
2024-06-18 19:00:00,19,,
2024-06-18 20:00:00,20,,
2024-06-18 21:00:00,21,,
2024-06-18 22:00:00,22,,
2024-06-18 23:00:00,23,,
2024-06-19 00:00:00,0,,
2024-06-19 01:00:00,1,,
2024-06-19 02:00:00,2,,
2024-06-19 03:00:00,3,,
2024-06-19 04:00:00,4,,
2024-06-19 05:00:00,5,,
2024-06-19 06:00:00,6,,
2024-06-19 07:00:00,7,,
2024-06-19 08:00:00,8,,
2024-06-19 09:00:00,9,,
2024-06-19 10:00:00,10,,
2024-06-19 11:00:00,11,,
2024-06-19 12:00:00,12,,
2024-06-19 13:00:00,13,,
2024-06-19 14:00:00,14,,
2024-06-19 15:00:00,15,,
2024-06-19 16:00:00,16,,
2024-06-19 17:00:00,17,,
2024-06-19 18:00:00,18,,
2024-06-19 19:00:00,19,,
2024-06-19 20:00:00,20,,
2024-06-19 21:00:00,21,,
2024-06-19 22:00:00,22,,
2024-06-19 23:00:00,23,,
2024-06-20 00:00:00,0,,
2024-06-20 01:00:00,1,,
2024-06-20 02:00:00,2,,
2024-06-20 03:00:00,3,,
2024-06-20 04:00:00,4,,
2024-06-20 05:00:00,5,,
2024-06-20 06:00:00,6,,
2024-06-20 07:00:00,7,,
2024-06-20 08:00:00,8,,
2024-06-20 09:00:00,9,,
2024-06-20 10:00:00,10,,
2024-06-20 11:00:00,11,,
2024-06-20 12:00:00,12,,
2024-06-20 13:00:00,13,,
2024-06-20 14:00:00,14,,
2024-06-20 15:00:00,15,,
2024-06-20 16:00:00,16,,
2024-06-20 17:00:00,17,,
2024-06-20 18:00:00,18,,
2024-06-20 19:00:00,19,,
2024-06-20 20:00:00,20,,
2024-06-20 21:00:00,21,,
2024-06-20 22:00:00,22,,
2024-06-20 23:00:00,23,,
2024-06-21 00:00:00,0,,
2024-06-21 01:00:00,1,,
2024-06-21 02:00:00,2,,
2024-06-21 03:00:00,3,,
2024-06-21 04:00:00,4,,
2024-06-21 05:00:00,5,,
2024-06-21 06:00:00,6,,
2024-06-21 07:00:00,7,,
2024-06-21 08:00:00,8,,
2024-06-21 09:00:00,9,,
2024-06-21 10:00:00,10,,
2024-06-21 11:00:00,11,,
2024-06-21 12:00:00,12,,
2024-06-21 13:00:00,13,,
2024-06-21 14:00:00,14,,
2024-06-21 15:00:00,15,,
2024-06-21 16:00:00,16,,
2024-06-21 17:00:00,17,,
2024-06-21 18:00:00,18,,
2024-06-21 19:00:00,19,,
2024-06-21 20:00:00,20,,
2024-06-21 21:00:00,21,,
2024-06-21 22:00:00,22,,
2024-06-21 23:00:00,23,,
2024-06-22 00:00:00,0,,
2024-06-22 01:00:00,1,,
2024-06-22 02:00:00,2,,
2024-06-22 03:00:00,3,,
2024-06-22 04:00:00,4,,
2024-06-22 05:00:00,5,,
2024-06-22 06:00:00,6,,
2024-06-22 07:00:00,7,,
2024-06-22 08:00:00,8,,
2024-06-22 09:00:00,9,,
2024-06-22 10:00:00,10,,
2024-06-22 11:00:00,11,,
2024-06-22 12:00:00,12,,
2024-06-22 13:00:00,13,,
2024-06-22 14:00:00,14,,
2024-06-22 15:00:00,15,,
2024-06-22 16:00:00,16,,
2024-06-22 17:00:00,17,,
2024-06-22 18:00:00,18,,
2024-06-22 19:00:00,19,,
2024-06-22 20:00:00,20,,
2024-06-22 21:00:00,21,,
2024-06-22 22:00:00,22,,
2024-06-22 23:00:00,23,,
2024-06-23 00:00:00,0,,
2024-06-23 01:00:00,1,,
2024-06-23 02:00:00,2,,
2024-06-23 03:00:00,3,,
2024-06-23 04:00:00,4,,
2024-06-23 05:00:00,5,,
2024-06-23 06:00:00,6,,
2024-06-23 07:00:00,7,,
2024-06-23 08:00:00,8,,
2024-06-23 09:00:00,9,,
2024-06-23 10:00:00,10,,
2024-06-23 11:00:00,11,,
2024-06-23 12:00:00,12,,
2024-06-23 13:00:00,13,,
2024-06-23 14:00:00,14,,
2024-06-23 15:00:00,15,,
2024-06-23 16:00:00,16,,
2024-06-23 17:00:00,17,,
2024-06-23 18:00:00,18,,
2024-06-23 19:00:00,19,,
2024-06-23 20:00:00,20,,
2024-06-23 21:00:00,21,,
2024-06-23 22:00:00,22,,
2024-06-23 23:00:00,23,,
2024-06-24 00:00:00,0,,
2024-06-24 01:00:00,1,,
2024-06-24 02:00:00,2,,
2024-06-24 03:00:00,3,,
2024-06-24 04:00:00,4,,
2024-06-24 05:00:00,5,,
2024-06-24 06:00:00,6,,
2024-06-24 07:00:00,7,,
2024-06-24 08:00:00,8,,
2024-06-24 09:00:00,9,,
2024-06-24 10:00:00,10,,
2024-06-24 11:00:00,11,,
2024-06-24 12:00:00,12,,
2024-06-24 13:00:00,13,,
2024-06-24 14:00:00,14,,
2024-06-24 15:00:00,15,,
2024-06-24 16:00:00,16,,
2024-06-24 17:00:00,17,,
2024-06-24 18:00:00,18,,
2024-06-24 19:00:00,19,,
2024-06-24 20:00:00,20,,
2024-06-24 21:00:00,21,,
2024-06-24 22:00:00,22,,
2024-06-24 23:00:00,23,,
2024-06-25 00:00:00,0,,
2024-06-25 01:00:00,1,,
2024-06-25 02:00:00,2,,
2024-06-25 03:00:00,3,,
2024-06-25 04:00:00,4,,
2024-06-25 05:00:00,5,,
2024-06-25 06:00:00,6,,
2024-06-25 07:00:00,7,,
2024-06-25 08:00:00,8,,
2024-06-25 09:00:00,9,,
2024-06-25 10:00:00,10,,
2024-06-25 11:00:00,11,,
2024-06-25 12:00:00,12,,
2024-06-25 13:00:00,13,,
2024-06-25 14:00:00,14,,
2024-06-25 15:00:00,15,,
2024-06-25 16:00:00,16,,
2024-06-25 17:00:00,17,,
2024-06-25 18:00:00,18,,
2024-06-25 19:00:00,19,,
2024-06-25 20:00:00,20,,
2024-06-25 21:00:00,21,,
2024-06-25 22:00:00,22,,
2024-06-25 23:00:00,23,,
2024-06-26 00:00:00,0,,
2024-06-26 01:00:00,1,,
2024-06-26 02:00:00,2,,
2024-06-26 03:00:00,3,,
2024-06-26 04:00:00,4,,
2024-06-26 05:00:00,5,,
2024-06-26 06:00:00,6,,
2024-06-26 07:00:00,7,,
2024-06-26 08:00:00,8,,
2024-06-26 09:00:00,9,,
2024-06-26 10:00:00,10,,
2024-06-26 11:00:00,11,,
2024-06-26 12:00:00,12,,
2024-06-26 13:00:00,13,,
2024-06-26 14:00:00,14,,
2024-06-26 15:00:00,15,,
2024-06-26 16:00:00,16,,
2024-06-26 17:00:00,17,,
2024-06-26 18:00:00,18,,
2024-06-26 19:00:00,19,,
2024-06-26 20:00:00,20,,
2024-06-26 21:00:00,21,,
2024-06-26 22:00:00,22,,
2024-06-26 23:00:00,23,,
2024-06-27 00:00:00,0,,
2024-06-27 01:00:00,1,,
2024-06-27 02:00:00,2,,
2024-06-27 03:00:00,3,,
2024-06-27 04:00:00,4,,
2024-06-27 05:00:00,5,,
2024-06-27 06:00:00,6,,
2024-06-27 07:00:00,7,,
2024-06-27 08:00:00,8,,
2024-06-27 09:00:00,9,,
2024-06-27 10:00:00,10,,
2024-06-27 11:00:00,11,,
2024-06-27 12:00:00,12,,
2024-06-27 13:00:00,13,,
2024-06-27 14:00:00,14,,
2024-06-27 15:00:00,15,,
2024-06-27 16:00:00,16,,
2024-06-27 17:00:00,17,,
2024-06-27 18:00:00,18,,
2024-06-27 19:00:00,19,,
2024-06-27 20:00:00,20,,
2024-06-27 21:00:00,21,,
2024-06-27 22:00:00,22,,
2024-06-27 23:00:00,23,,
2024-06-28 00:00:00,0,,
2024-06-28 01:00:00,1,,
2024-06-28 02:00:00,2,,
2024-06-28 03:00:00,3,,
2024-06-28 04:00:00,4,,
2024-06-28 05:00:00,5,,
2024-06-28 06:00:00,6,,
2024-06-28 07:00:00,7,,
2024-06-28 08:00:00,8,,
2024-06-28 09:00:00,9,,
2024-06-28 10:00:00,10,,
2024-06-28 11:00:00,11,,
2024-06-28 12:00:00,12,,
2024-06-28 13:00:00,13,,
2024-06-28 14:00:00,14,,
2024-06-28 15:00:00,15,,
2024-06-28 16:00:00,16,,
2024-06-28 17:00:00,17,,
2024-06-28 18:00:00,18,,
2024-06-28 19:00:00,19,,
2024-06-28 20:00:00,20,,
2024-06-28 21:00:00,21,,
2024-06-28 22:00:00,22,,
2024-06-28 23:00:00,23,,
2024-06-29 00:00:00,0,,
2024-06-29 01:00:00,1,,
2024-06-29 02:00:00,2,,
2024-06-29 03:00:00,3,,
2024-06-29 04:00:00,4,,
2024-06-29 05:00:00,5,,
2024-06-29 06:00:00,6,,
2024-06-29 07:00:00,7,,
2024-06-29 08:00:00,8,,
2024-06-29 09:00:00,9,,
2024-06-29 10:00:00,10,,
2024-06-29 11:00:00,11,,
2024-06-29 12:00:00,12,,
2024-06-29 13:00:00,13,,
2024-06-29 14:00:00,14,,
2024-06-29 15:00:00,15,,
2024-06-29 16:00:00,16,,
2024-06-29 17:00:00,17,,
2024-06-29 18:00:00,18,,
2024-06-29 19:00:00,19,,
2024-06-29 20:00:00,20,,
2024-06-29 21:00:00,21,,
2024-06-29 22:00:00,22,,
2024-06-29 23:00:00,23,,
2024-06-30 00:00:00,0,,
2024-06-30 01:00:00,1,,
2024-06-30 02:00:00,2,,
2024-06-30 03:00:00,3,,
2024-06-30 04:00:00,4,,
2024-06-30 05:00:00,5,,
2024-06-30 06:00:00,6,,
2024-06-30 07:00:00,7,,
2024-06-30 08:00:00,8,,
2024-06-30 09:00:00,9,,
2024-06-30 10:00:00,10,,
2024-06-30 11:00:00,11,,
2024-06-30 12:00:00,12,,
2024-06-30 13:00:00,13,,
2024-06-30 14:00:00,14,,
2024-06-30 15:00:00,15,,
2024-06-30 16:00:00,16,,
2024-06-30 17:00:00,17,,
2024-06-30 18:00:00,18,,
2024-06-30 19:00:00,19,,
2024-06-30 20:00:00,20,,
2024-06-30 21:00:00,21,,
2024-06-30 22:00:00,22,,
2024-06-30 23:00:00,23,,
2024-07-01 00:00:00,0,,
2024-07-01 01:00:00,1,,
2024-07-01 02:00:00,2,,
2024-07-01 03:00:00,3,,
2024-07-01 04:00:00,4,,
2024-07-01 05:00:00,5,,
2024-07-01 06:00:00,6,,
2024-07-01 07:00:00,7,,
2024-07-01 08:00:00,8,,
2024-07-01 09:00:00,9,,
2024-07-01 10:00:00,10,,
2024-07-01 11:00:00,11,,
2024-07-01 12:00:00,12,,
2024-07-01 13:00:00,13,,
2024-07-01 14:00:00,14,,
2024-07-01 15:00:00,15,,
2024-07-01 16:00:00,16,,
2024-07-01 17:00:00,17,,
2024-07-01 18:00:00,18,,
2024-07-01 19:00:00,19,,
2024-07-01 20:00:00,20,,
2024-07-01 21:00:00,21,,
2024-07-01 22:00:00,22,,
2024-07-01 23:00:00,23,,
2024-07-02 00:00:00,0,,
2024-07-02 01:00:00,1,,
2024-07-02 02:00:00,2,,
2024-07-02 03:00:00,3,,
2024-07-02 04:00:00,4,,
2024-07-02 05:00:00,5,,
2024-07-02 06:00:00,6,,
2024-07-02 07:00:00,7,,
2024-07-02 08:00:00,8,,
2024-07-02 09:00:00,9,,
2024-07-02 10:00:00,10,,
2024-07-02 11:00:00,11,,
2024-07-02 12:00:00,12,,
2024-07-02 13:00:00,13,,
2024-07-02 14:00:00,14,,
2024-07-02 15:00:00,15,,
2024-07-02 16:00:00,16,,
2024-07-02 17:00:00,17,,
2024-07-02 18:00:00,18,,
2024-07-02 19:00:00,19,,
2024-07-02 20:00:00,20,,
2024-07-02 21:00:00,21,,
2024-07-02 22:00:00,22,,
2024-07-02 23:00:00,23,,
2024-07-03 00:00:00,0,,
2024-07-03 01:00:00,1,,
2024-07-03 02:00:00,2,,
2024-07-03 03:00:00,3,,
2024-07-03 04:00:00,4,,
2024-07-03 05:00:00,5,,
2024-07-03 06:00:00,6,,
2024-07-03 07:00:00,7,,
2024-07-03 08:00:00,8,,
2024-07-03 09:00:00,9,,
2024-07-03 10:00:00,10,,
2024-07-03 11:00:00,11,,
2024-07-03 12:00:00,12,,
2024-07-03 13:00:00,13,,
2024-07-03 14:00:00,14,,
2024-07-03 15:00:00,15,,
2024-07-03 16:00:00,16,,
2024-07-03 17:00:00,17,,
2024-07-03 18:00:00,18,,
2024-07-03 19:00:00,19,,
2024-07-03 20:00:00,20,,
2024-07-03 21:00:00,21,,
2024-07-03 22:00:00,22,,
2024-07-03 23:00:00,23,,
2024-07-04 00:00:00,0,,
2024-07-04 01:00:00,1,,
2024-07-04 02:00:00,2,,
2024-07-04 03:00:00,3,,
2024-07-04 04:00:00,4,,
2024-07-04 05:00:00,5,,
2024-07-04 06:00:00,6,,
2024-07-04 07:00:00,7,,
2024-07-04 08:00:00,8,,
2024-07-04 09:00:00,9,,
2024-07-04 10:00:00,10,,
2024-07-04 11:00:00,11,,
2024-07-04 12:00:00,12,,
2024-07-04 13:00:00,13,,
2024-07-04 14:00:00,14,,
2024-07-04 15:00:00,15,,
2024-07-04 16:00:00,16,,
2024-07-04 17:00:00,17,,
2024-07-04 18:00:00,18,,
2024-07-04 19:00:00,19,,
2024-07-04 20:00:00,20,,
2024-07-04 21:00:00,21,,
2024-07-04 22:00:00,22,,
2024-07-04 23:00:00,23,,
2024-07-05 00:00:00,0,,
2024-07-05 01:00:00,1,,
2024-07-05 02:00:00,2,,
2024-07-05 03:00:00,3,,
2024-07-05 04:00:00,4,,
2024-07-05 05:00:00,5,,
2024-07-05 06:00:00,6,,
2024-07-05 07:00:00,7,,
2024-07-05 08:00:00,8,,
2024-07-05 09:00:00,9,,
2024-07-05 10:00:00,10,,
2024-07-05 11:00:00,11,,
2024-07-05 12:00:00,12,,
2024-07-05 13:00:00,13,,
2024-07-05 14:00:00,14,,
2024-07-05 15:00:00,15,,
2024-07-05 16:00:00,16,,
2024-07-05 17:00:00,17,,
2024-07-05 18:00:00,18,,
2024-07-05 19:00:00,19,,
2024-07-05 20:00:00,20,,
2024-07-05 21:00:00,21,,
2024-07-05 22:00:00,22,,
2024-07-05 23:00:00,23,,
2024-07-06 00:00:00,0,,
2024-07-06 01:00:00,1,,
2024-07-06 02:00:00,2,,
2024-07-06 03:00:00,3,,
2024-07-06 04:00:00,4,,
2024-07-06 05:00:00,5,,
2024-07-06 06:00:00,6,,
2024-07-06 07:00:00,7,,
2024-07-06 08:00:00,8,,
2024-07-06 09:00:00,9,,
2024-07-06 10:00:00,10,,
2024-07-06 11:00:00,11,,
2024-07-06 12:00:00,12,,
2024-07-06 13:00:00,13,,
2024-07-06 14:00:00,14,,
2024-07-06 15:00:00,15,,
2024-07-06 16:00:00,16,,
2024-07-06 17:00:00,17,,
2024-07-06 18:00:00,18,,
2024-07-06 19:00:00,19,,
2024-07-06 20:00:00,20,,
2024-07-06 21:00:00,21,,
2024-07-06 22:00:00,22,,
2024-07-06 23:00:00,23,,
2024-07-07 00:00:00,0,,
2024-07-07 01:00:00,1,,
2024-07-07 02:00:00,2,,
2024-07-07 03:00:00,3,,
2024-07-07 04:00:00,4,,
2024-07-07 05:00:00,5,,
2024-07-07 06:00:00,6,,
2024-07-07 07:00:00,7,,
2024-07-07 08:00:00,8,,
2024-07-07 09:00:00,9,,
2024-07-07 10:00:00,10,,
2024-07-07 11:00:00,11,,
2024-07-07 12:00:00,12,,
2024-07-07 13:00:00,13,,
2024-07-07 14:00:00,14,,
2024-07-07 15:00:00,15,,
2024-07-07 16:00:00,16,,
2024-07-07 17:00:00,17,,
2024-07-07 18:00:00,18,,
2024-07-07 19:00:00,19,,
2024-07-07 20:00:00,20,,
2024-07-07 21:00:00,21,,
2024-07-07 22:00:00,22,,
2024-07-07 23:00:00,23,,
2024-07-08 00:00:00,0,,
2024-07-08 01:00:00,1,,
2024-07-08 02:00:00,2,,
2024-07-08 03:00:00,3,,
2024-07-08 04:00:00,4,,
2024-07-08 05:00:00,5,,
2024-07-08 06:00:00,6,,
2024-07-08 07:00:00,7,,
2024-07-08 08:00:00,8,,
2024-07-08 09:00:00,9,,
2024-07-08 10:00:00,10,,
2024-07-08 11:00:00,11,,
2024-07-08 12:00:00,12,,
2024-07-08 13:00:00,13,,
2024-07-08 14:00:00,14,,
2024-07-08 15:00:00,15,,
2024-07-08 16:00:00,16,,
2024-07-08 17:00:00,17,,
2024-07-08 18:00:00,18,,
2024-07-08 19:00:00,19,,
2024-07-08 20:00:00,20,,
2024-07-08 21:00:00,21,,
2024-07-08 22:00:00,22,,
2024-07-08 23:00:00,23,,
2024-07-09 00:00:00,0,,
2024-07-09 01:00:00,1,,
2024-07-09 02:00:00,2,,
2024-07-09 03:00:00,3,,
2024-07-09 04:00:00,4,,
2024-07-09 05:00:00,5,,
2024-07-09 06:00:00,6,,
2024-07-09 07:00:00,7,,
2024-07-09 08:00:00,8,,
2024-07-09 09:00:00,9,,
2024-07-09 10:00:00,10,,
2024-07-09 11:00:00,11,,
2024-07-09 12:00:00,12,,
2024-07-09 13:00:00,13,,
2024-07-09 14:00:00,14,,
2024-07-09 15:00:00,15,,
2024-07-09 16:00:00,16,,
2024-07-09 17:00:00,17,,
2024-07-09 18:00:00,18,,
2024-07-09 19:00:00,19,,
2024-07-09 20:00:00,20,,
2024-07-09 21:00:00,21,,
2024-07-09 22:00:00,22,,
2024-07-09 23:00:00,23,,
2024-07-10 00:00:00,0,,
2024-07-10 01:00:00,1,,
2024-07-10 02:00:00,2,,
2024-07-10 03:00:00,3,,
2024-07-10 04:00:00,4,,
2024-07-10 05:00:00,5,,
2024-07-10 06:00:00,6,,
2024-07-10 07:00:00,7,,
2024-07-10 08:00:00,8,,
2024-07-10 09:00:00,9,,
2024-07-10 10:00:00,10,,
2024-07-10 11:00:00,11,,
2024-07-10 12:00:00,12,,
2024-07-10 13:00:00,13,,
2024-07-10 14:00:00,14,,
2024-07-10 15:00:00,15,,
2024-07-10 16:00:00,16,,
2024-07-10 17:00:00,17,,
2024-07-10 18:00:00,18,,
2024-07-10 19:00:00,19,,
2024-07-10 20:00:00,20,,
2024-07-10 21:00:00,21,,
2024-07-10 22:00:00,22,,
2024-07-10 23:00:00,23,,
2024-07-11 00:00:00,0,,
2024-07-11 01:00:00,1,,
2024-07-11 02:00:00,2,,
2024-07-11 03:00:00,3,,
2024-07-11 04:00:00,4,,
2024-07-11 05:00:00,5,,
2024-07-11 06:00:00,6,,
2024-07-11 07:00:00,7,,
2024-07-11 08:00:00,8,,
2024-07-11 09:00:00,9,,
2024-07-11 10:00:00,10,,
2024-07-11 11:00:00,11,,
2024-07-11 12:00:00,12,,
2024-07-11 13:00:00,13,,
2024-07-11 14:00:00,14,,
2024-07-11 15:00:00,15,,
2024-07-11 16:00:00,16,,
2024-07-11 17:00:00,17,,
2024-07-11 18:00:00,18,,
2024-07-11 19:00:00,19,,
2024-07-11 20:00:00,20,,
2024-07-11 21:00:00,21,,
2024-07-11 22:00:00,22,,
2024-07-11 23:00:00,23,,
2024-07-12 00:00:00,0,,
2024-07-12 01:00:00,1,,
2024-07-12 02:00:00,2,,
2024-07-12 03:00:00,3,,
2024-07-12 04:00:00,4,,
2024-07-12 05:00:00,5,,
2024-07-12 06:00:00,6,,
2024-07-12 07:00:00,7,,
2024-07-12 08:00:00,8,,
2024-07-12 09:00:00,9,,
2024-07-12 10:00:00,10,,
2024-07-12 11:00:00,11,,
2024-07-12 12:00:00,12,,
2024-07-12 13:00:00,13,,
2024-07-12 14:00:00,14,,
2024-07-12 15:00:00,15,,
2024-07-12 16:00:00,16,,
2024-07-12 17:00:00,17,,
2024-07-12 18:00:00,18,,
2024-07-12 19:00:00,19,,
2024-07-12 20:00:00,20,,
2024-07-12 21:00:00,21,,
2024-07-12 22:00:00,22,,
2024-07-12 23:00:00,23,,
2024-07-13 00:00:00,0,,
2024-07-13 01:00:00,1,,
2024-07-13 02:00:00,2,,
2024-07-13 03:00:00,3,,
2024-07-13 04:00:00,4,,
2024-07-13 05:00:00,5,,
2024-07-13 06:00:00,6,,
2024-07-13 07:00:00,7,,
2024-07-13 08:00:00,8,,
2024-07-13 09:00:00,9,,
2024-07-13 10:00:00,10,,
2024-07-13 11:00:00,11,,
2024-07-13 12:00:00,12,,
2024-07-13 13:00:00,13,,
2024-07-13 14:00:00,14,,
2024-07-13 15:00:00,15,,
2024-07-13 16:00:00,16,,
2024-07-13 17:00:00,17,,
2024-07-13 18:00:00,18,,
2024-07-13 19:00:00,19,,
2024-07-13 20:00:00,20,,
2024-07-13 21:00:00,21,,
2024-07-13 22:00:00,22,,
2024-07-13 23:00:00,23,,
2024-07-14 00:00:00,0,,
2024-07-14 01:00:00,1,,
2024-07-14 02:00:00,2,,
2024-07-14 03:00:00,3,,
2024-07-14 04:00:00,4,,
2024-07-14 05:00:00,5,,
2024-07-14 06:00:00,6,,
2024-07-14 07:00:00,7,,
2024-07-14 08:00:00,8,,
2024-07-14 09:00:00,9,,
2024-07-14 10:00:00,10,,
2024-07-14 11:00:00,11,,
2024-07-14 12:00:00,12,,
2024-07-14 13:00:00,13,,
2024-07-14 14:00:00,14,,
2024-07-14 15:00:00,15,,
2024-07-14 16:00:00,16,,
2024-07-14 17:00:00,17,,
2024-07-14 18:00:00,18,,
2024-07-14 19:00:00,19,,
2024-07-14 20:00:00,20,,
2024-07-14 21:00:00,21,,
2024-07-14 22:00:00,22,,
2024-07-14 23:00:00,23,,
2024-07-15 00:00:00,0,,
2024-07-15 01:00:00,1,,
2024-07-15 02:00:00,2,,
2024-07-15 03:00:00,3,,
2024-07-15 04:00:00,4,,
2024-07-15 05:00:00,5,,
2024-07-15 06:00:00,6,,
2024-07-15 07:00:00,7,,
2024-07-15 08:00:00,8,,
2024-07-15 09:00:00,9,,
2024-07-15 10:00:00,10,,
2024-07-15 11:00:00,11,,
2024-07-15 12:00:00,12,,
2024-07-15 13:00:00,13,,
2024-07-15 14:00:00,14,,
2024-07-15 15:00:00,15,,
2024-07-15 16:00:00,16,,
2024-07-15 17:00:00,17,,
2024-07-15 18:00:00,18,,
2024-07-15 19:00:00,19,,
2024-07-15 20:00:00,20,,
2024-07-15 21:00:00,21,,
2024-07-15 22:00:00,22,,
2024-07-15 23:00:00,23,,
2024-07-16 00:00:00,0,,
2024-07-16 01:00:00,1,,
2024-07-16 02:00:00,2,,
2024-07-16 03:00:00,3,,
2024-07-16 04:00:00,4,,
2024-07-16 05:00:00,5,,
2024-07-16 06:00:00,6,,
2024-07-16 07:00:00,7,,
2024-07-16 08:00:00,8,,
2024-07-16 09:00:00,9,,
2024-07-16 10:00:00,10,,
2024-07-16 11:00:00,11,,
2024-07-16 12:00:00,12,,
2024-07-16 13:00:00,13,,
2024-07-16 14:00:00,14,,
2024-07-16 15:00:00,15,,
2024-07-16 16:00:00,16,,
2024-07-16 17:00:00,17,,
2024-07-16 18:00:00,18,,
2024-07-16 19:00:00,19,,
2024-07-16 20:00:00,20,,
2024-07-16 21:00:00,21,,
2024-07-16 22:00:00,22,,
2024-07-16 23:00:00,23,,
2024-07-17 00:00:00,0,,
2024-07-17 01:00:00,1,,
2024-07-17 02:00:00,2,,
2024-07-17 03:00:00,3,,
2024-07-17 04:00:00,4,,
2024-07-17 05:00:00,5,,
2024-07-17 06:00:00,6,,
2024-07-17 07:00:00,7,,
2024-07-17 08:00:00,8,,
2024-07-17 09:00:00,9,,
2024-07-17 10:00:00,10,,
2024-07-17 11:00:00,11,,
2024-07-17 12:00:00,12,,
2024-07-17 13:00:00,13,,
2024-07-17 14:00:00,14,,
2024-07-17 15:00:00,15,,
2024-07-17 16:00:00,16,,
2024-07-17 17:00:00,17,,
2024-07-17 18:00:00,18,,
2024-07-17 19:00:00,19,,
2024-07-17 20:00:00,20,,
2024-07-17 21:00:00,21,,
2024-07-17 22:00:00,22,,
2024-07-17 23:00:00,23,,
2024-07-18 00:00:00,0,,
2024-07-18 01:00:00,1,,
2024-07-18 02:00:00,2,,
2024-07-18 03:00:00,3,,
2024-07-18 04:00:00,4,,
2024-07-18 05:00:00,5,,
2024-07-18 06:00:00,6,,
2024-07-18 07:00:00,7,,
2024-07-18 08:00:00,8,,
2024-07-18 09:00:00,9,,
2024-07-18 10:00:00,10,,
2024-07-18 11:00:00,11,,
2024-07-18 12:00:00,12,,
2024-07-18 13:00:00,13,,
2024-07-18 14:00:00,14,,
2024-07-18 15:00:00,15,,
2024-07-18 16:00:00,16,,
2024-07-18 17:00:00,17,,
2024-07-18 18:00:00,18,,
2024-07-18 19:00:00,19,,
2024-07-18 20:00:00,20,,
2024-07-18 21:00:00,21,,
2024-07-18 22:00:00,22,,
2024-07-18 23:00:00,23,,
2024-07-19 00:00:00,0,,
2024-07-19 01:00:00,1,,
2024-07-19 02:00:00,2,,
2024-07-19 03:00:00,3,,
2024-07-19 04:00:00,4,,
2024-07-19 05:00:00,5,,
2024-07-19 06:00:00,6,,
2024-07-19 07:00:00,7,,
2024-07-19 08:00:00,8,,
2024-07-19 09:00:00,9,,
2024-07-19 10:00:00,10,,
2024-07-19 11:00:00,11,,
2024-07-19 12:00:00,12,,
2024-07-19 13:00:00,13,,
2024-07-19 14:00:00,14,,
2024-07-19 15:00:00,15,,
2024-07-19 16:00:00,16,,
2024-07-19 17:00:00,17,,
2024-07-19 18:00:00,18,,
2024-07-19 19:00:00,19,,
2024-07-19 20:00:00,20,,
2024-07-19 21:00:00,21,,
2024-07-19 22:00:00,22,,
2024-07-19 23:00:00,23,,
2024-07-20 00:00:00,0,,
2024-07-20 01:00:00,1,,
2024-07-20 02:00:00,2,,
2024-07-20 03:00:00,3,,
2024-07-20 04:00:00,4,,
2024-07-20 05:00:00,5,,
2024-07-20 06:00:00,6,,
2024-07-20 07:00:00,7,,
2024-07-20 08:00:00,8,,
2024-07-20 09:00:00,9,,
2024-07-20 10:00:00,10,,
2024-07-20 11:00:00,11,,
2024-07-20 12:00:00,12,,
2024-07-20 13:00:00,13,,
2024-07-20 14:00:00,14,,
2024-07-20 15:00:00,15,,
2024-07-20 16:00:00,16,,
2024-07-20 17:00:00,17,,
2024-07-20 18:00:00,18,,
2024-07-20 19:00:00,19,,
2024-07-20 20:00:00,20,,
2024-07-20 21:00:00,21,,
2024-07-20 22:00:00,22,,
2024-07-20 23:00:00,23,,
2024-07-21 00:00:00,0,,
2024-07-21 01:00:00,1,,
2024-07-21 02:00:00,2,,
2024-07-21 03:00:00,3,,
2024-07-21 04:00:00,4,,
2024-07-21 05:00:00,5,,
2024-07-21 06:00:00,6,,
2024-07-21 07:00:00,7,,
2024-07-21 08:00:00,8,,
2024-07-21 09:00:00,9,,
2024-07-21 10:00:00,10,,
2024-07-21 11:00:00,11,,
2024-07-21 12:00:00,12,,
2024-07-21 13:00:00,13,,
2024-07-21 14:00:00,14,,
2024-07-21 15:00:00,15,,
2024-07-21 16:00:00,16,,
2024-07-21 17:00:00,17,,
2024-07-21 18:00:00,18,,
2024-07-21 19:00:00,19,,
2024-07-21 20:00:00,20,,
2024-07-21 21:00:00,21,,
2024-07-21 22:00:00,22,,
2024-07-21 23:00:00,23,,
2024-07-22 00:00:00,0,,
2024-07-22 01:00:00,1,,
2024-07-22 02:00:00,2,,
2024-07-22 03:00:00,3,,
2024-07-22 04:00:00,4,,
2024-07-22 05:00:00,5,,
2024-07-22 06:00:00,6,,
2024-07-22 07:00:00,7,,
2024-07-22 08:00:00,8,,
2024-07-22 09:00:00,9,,
2024-07-22 10:00:00,10,,
2024-07-22 11:00:00,11,,
2024-07-22 12:00:00,12,,
2024-07-22 13:00:00,13,,
2024-07-22 14:00:00,14,,
2024-07-22 15:00:00,15,,
2024-07-22 16:00:00,16,,
2024-07-22 17:00:00,17,,
2024-07-22 18:00:00,18,,
2024-07-22 19:00:00,19,,
2024-07-22 20:00:00,20,,
2024-07-22 21:00:00,21,,
2024-07-22 22:00:00,22,,
2024-07-22 23:00:00,23,,
2024-07-23 00:00:00,0,,
2024-07-23 01:00:00,1,,
2024-07-23 02:00:00,2,,
2024-07-23 03:00:00,3,,
2024-07-23 04:00:00,4,,
2024-07-23 05:00:00,5,,
2024-07-23 06:00:00,6,,
2024-07-23 07:00:00,7,,
2024-07-23 08:00:00,8,,
2024-07-23 09:00:00,9,,
2024-07-23 10:00:00,10,,
2024-07-23 11:00:00,11,,
2024-07-23 12:00:00,12,,
2024-07-23 13:00:00,13,,
2024-07-23 14:00:00,14,,
2024-07-23 15:00:00,15,,
2024-07-23 16:00:00,16,,
2024-07-23 17:00:00,17,,
2024-07-23 18:00:00,18,,
2024-07-23 19:00:00,19,,
2024-07-23 20:00:00,20,,
2024-07-23 21:00:00,21,,
2024-07-23 22:00:00,22,,
2024-07-23 23:00:00,23,,
2024-07-24 00:00:00,0,,
2024-07-24 01:00:00,1,,
2024-07-24 02:00:00,2,,
2024-07-24 03:00:00,3,,
2024-07-24 04:00:00,4,,
2024-07-24 05:00:00,5,,
2024-07-24 06:00:00,6,,
2024-07-24 07:00:00,7,,
2024-07-24 08:00:00,8,,
2024-07-24 09:00:00,9,,
2024-07-24 10:00:00,10,,
2024-07-24 11:00:00,11,,
2024-07-24 12:00:00,12,,
2024-07-24 13:00:00,13,,
2024-07-24 14:00:00,14,,
2024-07-24 15:00:00,15,,
2024-07-24 16:00:00,16,,
2024-07-24 17:00:00,17,,
2024-07-24 18:00:00,18,,
2024-07-24 19:00:00,19,,
2024-07-24 20:00:00,20,,
2024-07-24 21:00:00,21,,
2024-07-24 22:00:00,22,,
2024-07-24 23:00:00,23,,
2024-07-25 00:00:00,0,,
2024-07-25 01:00:00,1,,
2024-07-25 02:00:00,2,,
2024-07-25 03:00:00,3,,
2024-07-25 04:00:00,4,,
2024-07-25 05:00:00,5,,
2024-07-25 06:00:00,6,,
2024-07-25 07:00:00,7,,
2024-07-25 08:00:00,8,,
2024-07-25 09:00:00,9,,
2024-07-25 10:00:00,10,,
2024-07-25 11:00:00,11,,
2024-07-25 12:00:00,12,,
2024-07-25 13:00:00,13,,
2024-07-25 14:00:00,14,,
2024-07-25 15:00:00,15,,
2024-07-25 16:00:00,16,,
2024-07-25 17:00:00,17,,
2024-07-25 18:00:00,18,,
2024-07-25 19:00:00,19,,
2024-07-25 20:00:00,20,,
2024-07-25 21:00:00,21,,
2024-07-25 22:00:00,22,,
2024-07-25 23:00:00,23,,
2024-07-26 00:00:00,0,,
2024-07-26 01:00:00,1,,
2024-07-26 02:00:00,2,,
2024-07-26 03:00:00,3,,
2024-07-26 04:00:00,4,,
2024-07-26 05:00:00,5,,
2024-07-26 06:00:00,6,,
2024-07-26 07:00:00,7,,
2024-07-26 08:00:00,8,,
2024-07-26 09:00:00,9,,
2024-07-26 10:00:00,10,,
2024-07-26 11:00:00,11,,
2024-07-26 12:00:00,12,,
2024-07-26 13:00:00,13,,
2024-07-26 14:00:00,14,,
2024-07-26 15:00:00,15,,
2024-07-26 16:00:00,16,,
2024-07-26 17:00:00,17,,
2024-07-26 18:00:00,18,,
2024-07-26 19:00:00,19,,
2024-07-26 20:00:00,20,,
2024-07-26 21:00:00,21,,
2024-07-26 22:00:00,22,,
2024-07-26 23:00:00,23,,
2024-07-27 00:00:00,0,,
2024-07-27 01:00:00,1,,
2024-07-27 02:00:00,2,,
2024-07-27 03:00:00,3,,
2024-07-27 04:00:00,4,,
2024-07-27 05:00:00,5,,
2024-07-27 06:00:00,6,,
2024-07-27 07:00:00,7,,
2024-07-27 08:00:00,8,,
2024-07-27 09:00:00,9,,
2024-07-27 10:00:00,10,,
2024-07-27 11:00:00,11,,
2024-07-27 12:00:00,12,,
2024-07-27 13:00:00,13,,
2024-07-27 14:00:00,14,,
2024-07-27 15:00:00,15,,
2024-07-27 16:00:00,16,,
2024-07-27 17:00:00,17,,
2024-07-27 18:00:00,18,,
2024-07-27 19:00:00,19,,
2024-07-27 20:00:00,20,,
2024-07-27 21:00:00,21,,
2024-07-27 22:00:00,22,,
2024-07-27 23:00:00,23,,
2024-07-28 00:00:00,0,,
2024-07-28 01:00:00,1,,
2024-07-28 02:00:00,2,,
2024-07-28 03:00:00,3,,
2024-07-28 04:00:00,4,,
2024-07-28 05:00:00,5,,
2024-07-28 06:00:00,6,,
2024-07-28 07:00:00,7,,
2024-07-28 08:00:00,8,,
2024-07-28 09:00:00,9,,
2024-07-28 10:00:00,10,,
2024-07-28 11:00:00,11,,
2024-07-28 12:00:00,12,,
2024-07-28 13:00:00,13,,
2024-07-28 14:00:00,14,,
2024-07-28 15:00:00,15,,
2024-07-28 16:00:00,16,,
2024-07-28 17:00:00,17,,
2024-07-28 18:00:00,18,,
2024-07-28 19:00:00,19,,
2024-07-28 20:00:00,20,,
2024-07-28 21:00:00,21,,
2024-07-28 22:00:00,22,,
2024-07-28 23:00:00,23,,
2024-07-29 00:00:00,0,,
2024-07-29 01:00:00,1,,
2024-07-29 02:00:00,2,,
2024-07-29 03:00:00,3,,
2024-07-29 04:00:00,4,,
2024-07-29 05:00:00,5,,
2024-07-29 06:00:00,6,,
2024-07-29 07:00:00,7,,
2024-07-29 08:00:00,8,,
2024-07-29 09:00:00,9,,
2024-07-29 10:00:00,10,,
2024-07-29 11:00:00,11,,
2024-07-29 12:00:00,12,,
2024-07-29 13:00:00,13,,
2024-07-29 14:00:00,14,,
2024-07-29 15:00:00,15,,
2024-07-29 16:00:00,16,,
2024-07-29 17:00:00,17,,
2024-07-29 18:00:00,18,,
2024-07-29 19:00:00,19,,
2024-07-29 20:00:00,20,,
2024-07-29 21:00:00,21,,
2024-07-29 22:00:00,22,,
2024-07-29 23:00:00,23,,
2024-07-30 00:00:00,0,,
2024-07-30 01:00:00,1,,
2024-07-30 02:00:00,2,,
2024-07-30 03:00:00,3,,
2024-07-30 04:00:00,4,,
2024-07-30 05:00:00,5,,
2024-07-30 06:00:00,6,,
2024-07-30 07:00:00,7,,
2024-07-30 08:00:00,8,,
2024-07-30 09:00:00,9,,
2024-07-30 10:00:00,10,,
2024-07-30 11:00:00,11,,
2024-07-30 12:00:00,12,,
2024-07-30 13:00:00,13,,
2024-07-30 14:00:00,14,,
2024-07-30 15:00:00,15,,
2024-07-30 16:00:00,16,,
2024-07-30 17:00:00,17,,
2024-07-30 18:00:00,18,,
2024-07-30 19:00:00,19,,
2024-07-30 20:00:00,20,,
2024-07-30 21:00:00,21,,
2024-07-30 22:00:00,22,,
2024-07-30 23:00:00,23,,
2024-07-31 00:00:00,0,,
2024-07-31 01:00:00,1,,
2024-07-31 02:00:00,2,,
2024-07-31 03:00:00,3,,
2024-07-31 04:00:00,4,,
2024-07-31 05:00:00,5,,
2024-07-31 06:00:00,6,,
2024-07-31 07:00:00,7,,
2024-07-31 08:00:00,8,,
2024-07-31 09:00:00,9,,
2024-07-31 10:00:00,10,,
2024-07-31 11:00:00,11,,
2024-07-31 12:00:00,12,,
2024-07-31 13:00:00,13,,
2024-07-31 14:00:00,14,,
2024-07-31 15:00:00,15,,
2024-07-31 16:00:00,16,,
2024-07-31 17:00:00,17,,
2024-07-31 18:00:00,18,,
2024-07-31 19:00:00,19,,
2024-07-31 20:00:00,20,,
2024-07-31 21:00:00,21,,
2024-07-31 22:00:00,22,,
2024-07-31 23:00:00,23,,
2024-08-01 00:00:00,0,,
2024-08-01 01:00:00,1,,
2024-08-01 02:00:00,2,,
2024-08-01 03:00:00,3,,
2024-08-01 04:00:00,4,,
2024-08-01 05:00:00,5,,
2024-08-01 06:00:00,6,,
2024-08-01 07:00:00,7,,
2024-08-01 08:00:00,8,,
2024-08-01 09:00:00,9,,
2024-08-01 10:00:00,10,,
2024-08-01 11:00:00,11,,
2024-08-01 12:00:00,12,,
2024-08-01 13:00:00,13,,
2024-08-01 14:00:00,14,,
2024-08-01 15:00:00,15,,
2024-08-01 16:00:00,16,,
2024-08-01 17:00:00,17,,
2024-08-01 18:00:00,18,,
2024-08-01 19:00:00,19,,
2024-08-01 20:00:00,20,,
2024-08-01 21:00:00,21,,
2024-08-01 22:00:00,22,,
2024-08-01 23:00:00,23,,
2024-08-02 00:00:00,0,,
2024-08-02 01:00:00,1,,
2024-08-02 02:00:00,2,,
2024-08-02 03:00:00,3,,
2024-08-02 04:00:00,4,,
2024-08-02 05:00:00,5,,
2024-08-02 06:00:00,6,,
2024-08-02 07:00:00,7,,
2024-08-02 08:00:00,8,,
2024-08-02 09:00:00,9,,
2024-08-02 10:00:00,10,,
2024-08-02 11:00:00,11,,
2024-08-02 12:00:00,12,,
2024-08-02 13:00:00,13,,
2024-08-02 14:00:00,14,,
2024-08-02 15:00:00,15,,
2024-08-02 16:00:00,16,,
2024-08-02 17:00:00,17,,
2024-08-02 18:00:00,18,,
2024-08-02 19:00:00,19,,
2024-08-02 20:00:00,20,,
2024-08-02 21:00:00,21,,
2024-08-02 22:00:00,22,,
2024-08-02 23:00:00,23,,
2024-08-03 00:00:00,0,,
2024-08-03 01:00:00,1,,
2024-08-03 02:00:00,2,,
2024-08-03 03:00:00,3,,
2024-08-03 04:00:00,4,,
2024-08-03 05:00:00,5,,
2024-08-03 06:00:00,6,,
2024-08-03 07:00:00,7,,
2024-08-03 08:00:00,8,,
2024-08-03 09:00:00,9,,
2024-08-03 10:00:00,10,,
2024-08-03 11:00:00,11,,
2024-08-03 12:00:00,12,,
2024-08-03 13:00:00,13,,
2024-08-03 14:00:00,14,,
2024-08-03 15:00:00,15,,
2024-08-03 16:00:00,16,,
2024-08-03 17:00:00,17,,
2024-08-03 18:00:00,18,,
2024-08-03 19:00:00,19,,
2024-08-03 20:00:00,20,,
2024-08-03 21:00:00,21,,
2024-08-03 22:00:00,22,,
2024-08-03 23:00:00,23,,
2024-08-04 00:00:00,0,,
2024-08-04 01:00:00,1,,
2024-08-04 02:00:00,2,,
2024-08-04 03:00:00,3,,
2024-08-04 04:00:00,4,,
2024-08-04 05:00:00,5,,
2024-08-04 06:00:00,6,,
2024-08-04 07:00:00,7,,
2024-08-04 08:00:00,8,,
2024-08-04 09:00:00,9,,
2024-08-04 10:00:00,10,,
2024-08-04 11:00:00,11,,
2024-08-04 12:00:00,12,,
2024-08-04 13:00:00,13,,
2024-08-04 14:00:00,14,,
2024-08-04 15:00:00,15,,
2024-08-04 16:00:00,16,,
2024-08-04 17:00:00,17,,
2024-08-04 18:00:00,18,,
2024-08-04 19:00:00,19,,
2024-08-04 20:00:00,20,,
2024-08-04 21:00:00,21,,
2024-08-04 22:00:00,22,,
2024-08-04 23:00:00,23,,
2024-08-05 00:00:00,0,,
2024-08-05 01:00:00,1,,
2024-08-05 02:00:00,2,,
2024-08-05 03:00:00,3,,
2024-08-05 04:00:00,4,,
2024-08-05 05:00:00,5,,
2024-08-05 06:00:00,6,,
2024-08-05 07:00:00,7,,
2024-08-05 08:00:00,8,,
2024-08-05 09:00:00,9,,
2024-08-05 10:00:00,10,,
2024-08-05 11:00:00,11,,
2024-08-05 12:00:00,12,,
2024-08-05 13:00:00,13,,
2024-08-05 14:00:00,14,,
2024-08-05 15:00:00,15,,
2024-08-05 16:00:00,16,,
2024-08-05 17:00:00,17,,
2024-08-05 18:00:00,18,,
2024-08-05 19:00:00,19,,
2024-08-05 20:00:00,20,,
2024-08-05 21:00:00,21,,
2024-08-05 22:00:00,22,,
2024-08-05 23:00:00,23,,
2024-08-06 00:00:00,0,,
2024-08-06 01:00:00,1,,
2024-08-06 02:00:00,2,,
2024-08-06 03:00:00,3,,
2024-08-06 04:00:00,4,,
2024-08-06 05:00:00,5,,
2024-08-06 06:00:00,6,,
2024-08-06 07:00:00,7,,
2024-08-06 08:00:00,8,,
2024-08-06 09:00:00,9,,
2024-08-06 10:00:00,10,,
2024-08-06 11:00:00,11,,
2024-08-06 12:00:00,12,,
2024-08-06 13:00:00,13,,
2024-08-06 14:00:00,14,,
2024-08-06 15:00:00,15,,
2024-08-06 16:00:00,16,,
2024-08-06 17:00:00,17,,
2024-08-06 18:00:00,18,,
2024-08-06 19:00:00,19,,
2024-08-06 20:00:00,20,,
2024-08-06 21:00:00,21,,
2024-08-06 22:00:00,22,,
2024-08-06 23:00:00,23,,
2024-08-07 00:00:00,0,,
2024-08-07 01:00:00,1,,
2024-08-07 02:00:00,2,,
2024-08-07 03:00:00,3,,
2024-08-07 04:00:00,4,,
2024-08-07 05:00:00,5,,
2024-08-07 06:00:00,6,,
2024-08-07 07:00:00,7,,
2024-08-07 08:00:00,8,,
2024-08-07 09:00:00,9,,
2024-08-07 10:00:00,10,,
2024-08-07 11:00:00,11,,
2024-08-07 12:00:00,12,,
2024-08-07 13:00:00,13,,
2024-08-07 14:00:00,14,,
2024-08-07 15:00:00,15,,
2024-08-07 16:00:00,16,,
2024-08-07 17:00:00,17,,
2024-08-07 18:00:00,18,,
2024-08-07 19:00:00,19,,
2024-08-07 20:00:00,20,,
2024-08-07 21:00:00,21,,
2024-08-07 22:00:00,22,,
2024-08-07 23:00:00,23,,
2024-08-08 00:00:00,0,,
2024-08-08 01:00:00,1,,
2024-08-08 02:00:00,2,,
2024-08-08 03:00:00,3,,
2024-08-08 04:00:00,4,,
2024-08-08 05:00:00,5,,
2024-08-08 06:00:00,6,,
2024-08-08 07:00:00,7,,
2024-08-08 08:00:00,8,,
2024-08-08 09:00:00,9,,
2024-08-08 10:00:00,10,,
2024-08-08 11:00:00,11,,
2024-08-08 12:00:00,12,,
2024-08-08 13:00:00,13,,
2024-08-08 14:00:00,14,,
2024-08-08 15:00:00,15,,
2024-08-08 16:00:00,16,,
2024-08-08 17:00:00,17,,
2024-08-08 18:00:00,18,,
2024-08-08 19:00:00,19,,
2024-08-08 20:00:00,20,,
2024-08-08 21:00:00,21,,
2024-08-08 22:00:00,22,,
2024-08-08 23:00:00,23,,
2024-08-09 00:00:00,0,,
2024-08-09 01:00:00,1,,
2024-08-09 02:00:00,2,,
2024-08-09 03:00:00,3,,
2024-08-09 04:00:00,4,,
2024-08-09 05:00:00,5,,
2024-08-09 06:00:00,6,,
2024-08-09 07:00:00,7,,
2024-08-09 08:00:00,8,,
2024-08-09 09:00:00,9,,
2024-08-09 10:00:00,10,,
2024-08-09 11:00:00,11,,
2024-08-09 12:00:00,12,,
2024-08-09 13:00:00,13,,
2024-08-09 14:00:00,14,,
2024-08-09 15:00:00,15,,
2024-08-09 16:00:00,16,,
2024-08-09 17:00:00,17,,
2024-08-09 18:00:00,18,,
2024-08-09 19:00:00,19,,
2024-08-09 20:00:00,20,,
2024-08-09 21:00:00,21,,
2024-08-09 22:00:00,22,,
2024-08-09 23:00:00,23,,
2024-08-10 00:00:00,0,,
2024-08-10 01:00:00,1,,
2024-08-10 02:00:00,2,,
2024-08-10 03:00:00,3,,
2024-08-10 04:00:00,4,,
2024-08-10 05:00:00,5,,
2024-08-10 06:00:00,6,,
2024-08-10 07:00:00,7,,
2024-08-10 08:00:00,8,,
2024-08-10 09:00:00,9,,
2024-08-10 10:00:00,10,,
2024-08-10 11:00:00,11,,
2024-08-10 12:00:00,12,,
2024-08-10 13:00:00,13,,
2024-08-10 14:00:00,14,,
2024-08-10 15:00:00,15,,
2024-08-10 16:00:00,16,,
2024-08-10 17:00:00,17,,
2024-08-10 18:00:00,18,,
2024-08-10 19:00:00,19,,
2024-08-10 20:00:00,20,,
2024-08-10 21:00:00,21,,
2024-08-10 22:00:00,22,,
2024-08-10 23:00:00,23,,
2024-08-11 00:00:00,0,,
2024-08-11 01:00:00,1,,
2024-08-11 02:00:00,2,,
2024-08-11 03:00:00,3,,
2024-08-11 04:00:00,4,,
2024-08-11 05:00:00,5,,
2024-08-11 06:00:00,6,,
2024-08-11 07:00:00,7,,
2024-08-11 08:00:00,8,,
2024-08-11 09:00:00,9,,
2024-08-11 10:00:00,10,,
2024-08-11 11:00:00,11,,
2024-08-11 12:00:00,12,,
2024-08-11 13:00:00,13,,
2024-08-11 14:00:00,14,,
2024-08-11 15:00:00,15,,
2024-08-11 16:00:00,16,,
2024-08-11 17:00:00,17,,
2024-08-11 18:00:00,18,,
2024-08-11 19:00:00,19,,
2024-08-11 20:00:00,20,,
2024-08-11 21:00:00,21,,
2024-08-11 22:00:00,22,,
2024-08-11 23:00:00,23,,
2024-08-12 00:00:00,0,,
2024-08-12 01:00:00,1,,
2024-08-12 02:00:00,2,,
2024-08-12 03:00:00,3,,
2024-08-12 04:00:00,4,,
2024-08-12 05:00:00,5,,
2024-08-12 06:00:00,6,,
2024-08-12 07:00:00,7,,
2024-08-12 08:00:00,8,,
2024-08-12 09:00:00,9,,
2024-08-12 10:00:00,10,,
2024-08-12 11:00:00,11,,
2024-08-12 12:00:00,12,,
2024-08-12 13:00:00,13,,
2024-08-12 14:00:00,14,,
2024-08-12 15:00:00,15,,
2024-08-12 16:00:00,16,,
2024-08-12 17:00:00,17,,
2024-08-12 18:00:00,18,,
2024-08-12 19:00:00,19,,
2024-08-12 20:00:00,20,,
2024-08-12 21:00:00,21,,
2024-08-12 22:00:00,22,,
2024-08-12 23:00:00,23,,
2024-08-13 00:00:00,0,,
2024-08-13 01:00:00,1,,
2024-08-13 02:00:00,2,,
2024-08-13 03:00:00,3,,
2024-08-13 04:00:00,4,,
2024-08-13 05:00:00,5,,
2024-08-13 06:00:00,6,,
2024-08-13 07:00:00,7,,
2024-08-13 08:00:00,8,,
2024-08-13 09:00:00,9,,
2024-08-13 10:00:00,10,,
2024-08-13 11:00:00,11,,
2024-08-13 12:00:00,12,,
2024-08-13 13:00:00,13,,
2024-08-13 14:00:00,14,,
2024-08-13 15:00:00,15,,
2024-08-13 16:00:00,16,,
2024-08-13 17:00:00,17,,
2024-08-13 18:00:00,18,,
2024-08-13 19:00:00,19,,
2024-08-13 20:00:00,20,,
2024-08-13 21:00:00,21,,
2024-08-13 22:00:00,22,,
2024-08-13 23:00:00,23,,
2024-08-14 00:00:00,0,,
2024-08-14 01:00:00,1,,
2024-08-14 02:00:00,2,,
2024-08-14 03:00:00,3,,
2024-08-14 04:00:00,4,,
2024-08-14 05:00:00,5,,
2024-08-14 06:00:00,6,,
2024-08-14 07:00:00,7,,
2024-08-14 08:00:00,8,,
2024-08-14 09:00:00,9,,
2024-08-14 10:00:00,10,,
2024-08-14 11:00:00,11,,
2024-08-14 12:00:00,12,,
2024-08-14 13:00:00,13,,
2024-08-14 14:00:00,14,,
2024-08-14 15:00:00,15,,
2024-08-14 16:00:00,16,,
2024-08-14 17:00:00,17,,
2024-08-14 18:00:00,18,,
2024-08-14 19:00:00,19,,
2024-08-14 20:00:00,20,,
2024-08-14 21:00:00,21,,
2024-08-14 22:00:00,22,,
2024-08-14 23:00:00,23,,
2024-08-15 00:00:00,0,,
2024-08-15 01:00:00,1,,
2024-08-15 02:00:00,2,,
2024-08-15 03:00:00,3,,
2024-08-15 04:00:00,4,,
2024-08-15 05:00:00,5,,
2024-08-15 06:00:00,6,,
2024-08-15 07:00:00,7,,
2024-08-15 08:00:00,8,,
2024-08-15 09:00:00,9,,
2024-08-15 10:00:00,10,,
2024-08-15 11:00:00,11,,
2024-08-15 12:00:00,12,,
2024-08-15 13:00:00,13,,
2024-08-15 14:00:00,14,,
2024-08-15 15:00:00,15,,
2024-08-15 16:00:00,16,,
2024-08-15 17:00:00,17,,
2024-08-15 18:00:00,18,,
2024-08-15 19:00:00,19,,
2024-08-15 20:00:00,20,,
2024-08-15 21:00:00,21,,
2024-08-15 22:00:00,22,,
2024-08-15 23:00:00,23,,
2024-08-16 00:00:00,0,,
2024-08-16 01:00:00,1,,
2024-08-16 02:00:00,2,,
2024-08-16 03:00:00,3,,
2024-08-16 04:00:00,4,,
2024-08-16 05:00:00,5,,
2024-08-16 06:00:00,6,,
2024-08-16 07:00:00,7,,
2024-08-16 08:00:00,8,,
2024-08-16 09:00:00,9,,
2024-08-16 10:00:00,10,,
2024-08-16 11:00:00,11,,
2024-08-16 12:00:00,12,,
2024-08-16 13:00:00,13,,
2024-08-16 14:00:00,14,,
2024-08-16 15:00:00,15,,
2024-08-16 16:00:00,16,,
2024-08-16 17:00:00,17,,
2024-08-16 18:00:00,18,,
2024-08-16 19:00:00,19,,
2024-08-16 20:00:00,20,,
2024-08-16 21:00:00,21,,
2024-08-16 22:00:00,22,,
2024-08-16 23:00:00,23,,
2024-08-17 00:00:00,0,,
2024-08-17 01:00:00,1,,
2024-08-17 02:00:00,2,,
2024-08-17 03:00:00,3,,
2024-08-17 04:00:00,4,,
2024-08-17 05:00:00,5,,
2024-08-17 06:00:00,6,,
2024-08-17 07:00:00,7,,
2024-08-17 08:00:00,8,,
2024-08-17 09:00:00,9,,
2024-08-17 10:00:00,10,,
2024-08-17 11:00:00,11,,
2024-08-17 12:00:00,12,,
2024-08-17 13:00:00,13,,
2024-08-17 14:00:00,14,,
2024-08-17 15:00:00,15,,
2024-08-17 16:00:00,16,,
2024-08-17 17:00:00,17,,
2024-08-17 18:00:00,18,,
2024-08-17 19:00:00,19,,
2024-08-17 20:00:00,20,,
2024-08-17 21:00:00,21,,
2024-08-17 22:00:00,22,,
2024-08-17 23:00:00,23,,
2024-08-18 00:00:00,0,,
2024-08-18 01:00:00,1,,
2024-08-18 02:00:00,2,,
2024-08-18 03:00:00,3,,
2024-08-18 04:00:00,4,,
2024-08-18 05:00:00,5,,
2024-08-18 06:00:00,6,,
2024-08-18 07:00:00,7,,
2024-08-18 08:00:00,8,,
2024-08-18 09:00:00,9,,
2024-08-18 10:00:00,10,,
2024-08-18 11:00:00,11,,
2024-08-18 12:00:00,12,,
2024-08-18 13:00:00,13,,
2024-08-18 14:00:00,14,,
2024-08-18 15:00:00,15,,
2024-08-18 16:00:00,16,,
2024-08-18 17:00:00,17,,
2024-08-18 18:00:00,18,,
2024-08-18 19:00:00,19,,
2024-08-18 20:00:00,20,,
2024-08-18 21:00:00,21,,
2024-08-18 22:00:00,22,,
2024-08-18 23:00:00,23,,
2024-08-19 00:00:00,0,,
2024-08-19 01:00:00,1,,
2024-08-19 02:00:00,2,,
2024-08-19 03:00:00,3,,
2024-08-19 04:00:00,4,,
2024-08-19 05:00:00,5,,
2024-08-19 06:00:00,6,,
2024-08-19 07:00:00,7,,
2024-08-19 08:00:00,8,,
2024-08-19 09:00:00,9,,
2024-08-19 10:00:00,10,,
2024-08-19 11:00:00,11,,
2024-08-19 12:00:00,12,,
2024-08-19 13:00:00,13,,
2024-08-19 14:00:00,14,,
2024-08-19 15:00:00,15,,
2024-08-19 16:00:00,16,,
2024-08-19 17:00:00,17,,
2024-08-19 18:00:00,18,,
2024-08-19 19:00:00,19,,
2024-08-19 20:00:00,20,,
2024-08-19 21:00:00,21,,
2024-08-19 22:00:00,22,,
2024-08-19 23:00:00,23,,
2024-08-20 00:00:00,0,,
2024-08-20 01:00:00,1,,
2024-08-20 02:00:00,2,,
2024-08-20 03:00:00,3,,
2024-08-20 04:00:00,4,,
2024-08-20 05:00:00,5,,
2024-08-20 06:00:00,6,,
2024-08-20 07:00:00,7,,
2024-08-20 08:00:00,8,,
2024-08-20 09:00:00,9,,
2024-08-20 10:00:00,10,,
2024-08-20 11:00:00,11,,
2024-08-20 12:00:00,12,,
2024-08-20 13:00:00,13,,
2024-08-20 14:00:00,14,,
2024-08-20 15:00:00,15,,
2024-08-20 16:00:00,16,,
2024-08-20 17:00:00,17,,
2024-08-20 18:00:00,18,,
2024-08-20 19:00:00,19,,
2024-08-20 20:00:00,20,,
2024-08-20 21:00:00,21,,
2024-08-20 22:00:00,22,,
2024-08-20 23:00:00,23,,
2024-08-21 00:00:00,0,,
2024-08-21 01:00:00,1,,
2024-08-21 02:00:00,2,,
2024-08-21 03:00:00,3,,
2024-08-21 04:00:00,4,,
2024-08-21 05:00:00,5,,
2024-08-21 06:00:00,6,,
2024-08-21 07:00:00,7,,
2024-08-21 08:00:00,8,,
2024-08-21 09:00:00,9,,
2024-08-21 10:00:00,10,,
2024-08-21 11:00:00,11,,
2024-08-21 12:00:00,12,,
2024-08-21 13:00:00,13,,
2024-08-21 14:00:00,14,,
2024-08-21 15:00:00,15,,
2024-08-21 16:00:00,16,,
2024-08-21 17:00:00,17,,
2024-08-21 18:00:00,18,,
2024-08-21 19:00:00,19,,
2024-08-21 20:00:00,20,,
2024-08-21 21:00:00,21,,
2024-08-21 22:00:00,22,,
2024-08-21 23:00:00,23,,
2024-08-22 00:00:00,0,,
2024-08-22 01:00:00,1,,
2024-08-22 02:00:00,2,,
2024-08-22 03:00:00,3,,
2024-08-22 04:00:00,4,,
2024-08-22 05:00:00,5,,
2024-08-22 06:00:00,6,,
2024-08-22 07:00:00,7,,
2024-08-22 08:00:00,8,,
2024-08-22 09:00:00,9,,
2024-08-22 10:00:00,10,,
2024-08-22 11:00:00,11,,
2024-08-22 12:00:00,12,,
2024-08-22 13:00:00,13,,
2024-08-22 14:00:00,14,,
2024-08-22 15:00:00,15,,
2024-08-22 16:00:00,16,,
2024-08-22 17:00:00,17,,
2024-08-22 18:00:00,18,,
2024-08-22 19:00:00,19,,
2024-08-22 20:00:00,20,,
2024-08-22 21:00:00,21,,
2024-08-22 22:00:00,22,,
2024-08-22 23:00:00,23,,
2024-08-23 00:00:00,0,,
2024-08-23 01:00:00,1,,
2024-08-23 02:00:00,2,,
2024-08-23 03:00:00,3,,
2024-08-23 04:00:00,4,,
2024-08-23 05:00:00,5,,
2024-08-23 06:00:00,6,,
2024-08-23 07:00:00,7,,
2024-08-23 08:00:00,8,,
2024-08-23 09:00:00,9,,
2024-08-23 10:00:00,10,,
2024-08-23 11:00:00,11,,
2024-08-23 12:00:00,12,,
2024-08-23 13:00:00,13,,
2024-08-23 14:00:00,14,,
2024-08-23 15:00:00,15,,
2024-08-23 16:00:00,16,,
2024-08-23 17:00:00,17,,
2024-08-23 18:00:00,18,,
2024-08-23 19:00:00,19,,
2024-08-23 20:00:00,20,,
2024-08-23 21:00:00,21,,
2024-08-23 22:00:00,22,,
2024-08-23 23:00:00,23,,
2024-08-24 00:00:00,0,,
2024-08-24 01:00:00,1,,
2024-08-24 02:00:00,2,,
2024-08-24 03:00:00,3,,
2024-08-24 04:00:00,4,,
2024-08-24 05:00:00,5,,
2024-08-24 06:00:00,6,,
2024-08-24 07:00:00,7,,
2024-08-24 08:00:00,8,,
2024-08-24 09:00:00,9,,
2024-08-24 10:00:00,10,,
2024-08-24 11:00:00,11,,
2024-08-24 12:00:00,12,,
2024-08-24 13:00:00,13,,
2024-08-24 14:00:00,14,,
2024-08-24 15:00:00,15,,
2024-08-24 16:00:00,16,,
2024-08-24 17:00:00,17,,
2024-08-24 18:00:00,18,,
2024-08-24 19:00:00,19,,
2024-08-24 20:00:00,20,,
2024-08-24 21:00:00,21,,
2024-08-24 22:00:00,22,,
2024-08-24 23:00:00,23,,
2024-08-25 00:00:00,0,,
2024-08-25 01:00:00,1,,
2024-08-25 02:00:00,2,,
2024-08-25 03:00:00,3,,
2024-08-25 04:00:00,4,,
2024-08-25 05:00:00,5,,
2024-08-25 06:00:00,6,,
2024-08-25 07:00:00,7,,
2024-08-25 08:00:00,8,,
2024-08-25 09:00:00,9,,
2024-08-25 10:00:00,10,,
2024-08-25 11:00:00,11,,
2024-08-25 12:00:00,12,,
2024-08-25 13:00:00,13,,
2024-08-25 14:00:00,14,,
2024-08-25 15:00:00,15,,
2024-08-25 16:00:00,16,,
2024-08-25 17:00:00,17,,
2024-08-25 18:00:00,18,,
2024-08-25 19:00:00,19,,
2024-08-25 20:00:00,20,,
2024-08-25 21:00:00,21,,
2024-08-25 22:00:00,22,,
2024-08-25 23:00:00,23,,
2024-08-26 00:00:00,0,,
2024-08-26 01:00:00,1,,
2024-08-26 02:00:00,2,,
2024-08-26 03:00:00,3,,
2024-08-26 04:00:00,4,,
2024-08-26 05:00:00,5,,
2024-08-26 06:00:00,6,,
2024-08-26 07:00:00,7,,
2024-08-26 08:00:00,8,,
2024-08-26 09:00:00,9,,
2024-08-26 10:00:00,10,,
2024-08-26 11:00:00,11,,
2024-08-26 12:00:00,12,,
2024-08-26 13:00:00,13,,
2024-08-26 14:00:00,14,,
2024-08-26 15:00:00,15,,
2024-08-26 16:00:00,16,,
2024-08-26 17:00:00,17,,
2024-08-26 18:00:00,18,,
2024-08-26 19:00:00,19,,
2024-08-26 20:00:00,20,,
2024-08-26 21:00:00,21,,
2024-08-26 22:00:00,22,,
2024-08-26 23:00:00,23,,
2024-08-27 00:00:00,0,,
2024-08-27 01:00:00,1,,
2024-08-27 02:00:00,2,,
2024-08-27 03:00:00,3,,
2024-08-27 04:00:00,4,,
2024-08-27 05:00:00,5,,
2024-08-27 06:00:00,6,,
2024-08-27 07:00:00,7,,
2024-08-27 08:00:00,8,,
2024-08-27 09:00:00,9,,
2024-08-27 10:00:00,10,,
2024-08-27 11:00:00,11,,
2024-08-27 12:00:00,12,,
2024-08-27 13:00:00,13,,
2024-08-27 14:00:00,14,,
2024-08-27 15:00:00,15,,
2024-08-27 16:00:00,16,,
2024-08-27 17:00:00,17,,
2024-08-27 18:00:00,18,,
2024-08-27 19:00:00,19,,
2024-08-27 20:00:00,20,,
2024-08-27 21:00:00,21,,
2024-08-27 22:00:00,22,,
2024-08-27 23:00:00,23,,
2024-08-28 00:00:00,0,,
2024-08-28 01:00:00,1,,
2024-08-28 02:00:00,2,,
2024-08-28 03:00:00,3,,
2024-08-28 04:00:00,4,,
2024-08-28 05:00:00,5,,
2024-08-28 06:00:00,6,,
2024-08-28 07:00:00,7,,
2024-08-28 08:00:00,8,,
2024-08-28 09:00:00,9,,
2024-08-28 10:00:00,10,,
2024-08-28 11:00:00,11,,
2024-08-28 12:00:00,12,,
2024-08-28 13:00:00,13,,
2024-08-28 14:00:00,14,,
2024-08-28 15:00:00,15,,
2024-08-28 16:00:00,16,,
2024-08-28 17:00:00,17,,
2024-08-28 18:00:00,18,,
2024-08-28 19:00:00,19,,
2024-08-28 20:00:00,20,,
2024-08-28 21:00:00,21,,
2024-08-28 22:00:00,22,,
2024-08-28 23:00:00,23,,
2024-08-29 00:00:00,0,,
2024-08-29 01:00:00,1,,
2024-08-29 02:00:00,2,,
2024-08-29 03:00:00,3,,
2024-08-29 04:00:00,4,,
2024-08-29 05:00:00,5,,
2024-08-29 06:00:00,6,,
2024-08-29 07:00:00,7,,
2024-08-29 08:00:00,8,,
2024-08-29 09:00:00,9,,
2024-08-29 10:00:00,10,,
2024-08-29 11:00:00,11,,
2024-08-29 12:00:00,12,,
2024-08-29 13:00:00,13,,
2024-08-29 14:00:00,14,,
2024-08-29 15:00:00,15,,
2024-08-29 16:00:00,16,,
2024-08-29 17:00:00,17,,
2024-08-29 18:00:00,18,,
2024-08-29 19:00:00,19,,
2024-08-29 20:00:00,20,,
2024-08-29 21:00:00,21,,
2024-08-29 22:00:00,22,,
2024-08-29 23:00:00,23,,
2024-08-30 00:00:00,0,,
2024-08-30 01:00:00,1,,
2024-08-30 02:00:00,2,,
2024-08-30 03:00:00,3,,
2024-08-30 04:00:00,4,,
2024-08-30 05:00:00,5,,
2024-08-30 06:00:00,6,,
2024-08-30 07:00:00,7,,
2024-08-30 08:00:00,8,,
2024-08-30 09:00:00,9,,
2024-08-30 10:00:00,10,,
2024-08-30 11:00:00,11,,
2024-08-30 12:00:00,12,,
2024-08-30 13:00:00,13,,
2024-08-30 14:00:00,14,,
2024-08-30 15:00:00,15,,
2024-08-30 16:00:00,16,,
2024-08-30 17:00:00,17,,
2024-08-30 18:00:00,18,,
2024-08-30 19:00:00,19,,
2024-08-30 20:00:00,20,,
2024-08-30 21:00:00,21,,
2024-08-30 22:00:00,22,,
2024-08-30 23:00:00,23,,
2024-08-31 00:00:00,0,,
2024-08-31 01:00:00,1,,
2024-08-31 02:00:00,2,,
2024-08-31 03:00:00,3,,
2024-08-31 04:00:00,4,,
2024-08-31 05:00:00,5,,
2024-08-31 06:00:00,6,,
2024-08-31 07:00:00,7,,
2024-08-31 08:00:00,8,,
2024-08-31 09:00:00,9,,
2024-08-31 10:00:00,10,,
2024-08-31 11:00:00,11,,
2024-08-31 12:00:00,12,,
2024-08-31 13:00:00,13,,
2024-08-31 14:00:00,14,,
2024-08-31 15:00:00,15,,
2024-08-31 16:00:00,16,,
2024-08-31 17:00:00,17,,
2024-08-31 18:00:00,18,,
2024-08-31 19:00:00,19,,
2024-08-31 20:00:00,20,,
2024-08-31 21:00:00,21,,
2024-08-31 22:00:00,22,,
2024-08-31 23:00:00,23,,
2024-09-01 00:00:00,0,,
2024-09-01 01:00:00,1,,
2024-09-01 02:00:00,2,,
2024-09-01 03:00:00,3,,
2024-09-01 04:00:00,4,,
2024-09-01 05:00:00,5,,
2024-09-01 06:00:00,6,,
2024-09-01 07:00:00,7,,
2024-09-01 08:00:00,8,,
2024-09-01 09:00:00,9,,
2024-09-01 10:00:00,10,,
2024-09-01 11:00:00,11,,
2024-09-01 12:00:00,12,,
2024-09-01 13:00:00,13,,
2024-09-01 14:00:00,14,,
2024-09-01 15:00:00,15,,
2024-09-01 16:00:00,16,,
2024-09-01 17:00:00,17,,
2024-09-01 18:00:00,18,,
2024-09-01 19:00:00,19,,
2024-09-01 20:00:00,20,,
2024-09-01 21:00:00,21,,
2024-09-01 22:00:00,22,,
2024-09-01 23:00:00,23,,
2024-09-02 00:00:00,0,,
2024-09-02 01:00:00,1,,
2024-09-02 02:00:00,2,,
2024-09-02 03:00:00,3,,
2024-09-02 04:00:00,4,,
2024-09-02 05:00:00,5,,
2024-09-02 06:00:00,6,,
2024-09-02 07:00:00,7,,
2024-09-02 08:00:00,8,,
2024-09-02 09:00:00,9,,
2024-09-02 10:00:00,10,,
2024-09-02 11:00:00,11,,
2024-09-02 12:00:00,12,,
2024-09-02 13:00:00,13,,
2024-09-02 14:00:00,14,,
2024-09-02 15:00:00,15,,
2024-09-02 16:00:00,16,,
2024-09-02 17:00:00,17,,
2024-09-02 18:00:00,18,,
2024-09-02 19:00:00,19,,
2024-09-02 20:00:00,20,,
2024-09-02 21:00:00,21,,
2024-09-02 22:00:00,22,,
2024-09-02 23:00:00,23,,
2024-09-03 00:00:00,0,,
2024-09-03 01:00:00,1,,
2024-09-03 02:00:00,2,,
2024-09-03 03:00:00,3,,
2024-09-03 04:00:00,4,,
2024-09-03 05:00:00,5,,
2024-09-03 06:00:00,6,,
2024-09-03 07:00:00,7,,
2024-09-03 08:00:00,8,,
2024-09-03 09:00:00,9,,
2024-09-03 10:00:00,10,,
2024-09-03 11:00:00,11,,
2024-09-03 12:00:00,12,,
2024-09-03 13:00:00,13,,
2024-09-03 14:00:00,14,,
2024-09-03 15:00:00,15,,
2024-09-03 16:00:00,16,,
2024-09-03 17:00:00,17,,
2024-09-03 18:00:00,18,,
2024-09-03 19:00:00,19,,
2024-09-03 20:00:00,20,,
2024-09-03 21:00:00,21,,
2024-09-03 22:00:00,22,,
2024-09-03 23:00:00,23,,
2024-09-04 00:00:00,0,,
2024-09-04 01:00:00,1,,
2024-09-04 02:00:00,2,,
2024-09-04 03:00:00,3,,
2024-09-04 04:00:00,4,,
2024-09-04 05:00:00,5,,
2024-09-04 06:00:00,6,,
2024-09-04 07:00:00,7,,
2024-09-04 08:00:00,8,,
2024-09-04 09:00:00,9,,
2024-09-04 10:00:00,10,,
2024-09-04 11:00:00,11,,
2024-09-04 12:00:00,12,,
2024-09-04 13:00:00,13,,
2024-09-04 14:00:00,14,,
2024-09-04 15:00:00,15,,
2024-09-04 16:00:00,16,,
2024-09-04 17:00:00,17,,
2024-09-04 18:00:00,18,,
2024-09-04 19:00:00,19,,
2024-09-04 20:00:00,20,,
2024-09-04 21:00:00,21,,
2024-09-04 22:00:00,22,,
2024-09-04 23:00:00,23,,
2024-09-05 00:00:00,0,,
2024-09-05 01:00:00,1,,
2024-09-05 02:00:00,2,,
2024-09-05 03:00:00,3,,
2024-09-05 04:00:00,4,,
2024-09-05 05:00:00,5,,
2024-09-05 06:00:00,6,,
2024-09-05 07:00:00,7,,
2024-09-05 08:00:00,8,,
2024-09-05 09:00:00,9,,
2024-09-05 10:00:00,10,,
2024-09-05 11:00:00,11,,
2024-09-05 12:00:00,12,,
2024-09-05 13:00:00,13,,
2024-09-05 14:00:00,14,,
2024-09-05 15:00:00,15,,
2024-09-05 16:00:00,16,,
2024-09-05 17:00:00,17,,
2024-09-05 18:00:00,18,,
2024-09-05 19:00:00,19,,
2024-09-05 20:00:00,20,,
2024-09-05 21:00:00,21,,
2024-09-05 22:00:00,22,,
2024-09-05 23:00:00,23,,
2024-09-06 00:00:00,0,,
2024-09-06 01:00:00,1,,
2024-09-06 02:00:00,2,,
2024-09-06 03:00:00,3,,
2024-09-06 04:00:00,4,,
2024-09-06 05:00:00,5,,
2024-09-06 06:00:00,6,,
2024-09-06 07:00:00,7,,
2024-09-06 08:00:00,8,,
2024-09-06 09:00:00,9,,
2024-09-06 10:00:00,10,,
2024-09-06 11:00:00,11,,
2024-09-06 12:00:00,12,,
2024-09-06 13:00:00,13,,
2024-09-06 14:00:00,14,,
2024-09-06 15:00:00,15,,
2024-09-06 16:00:00,16,,
2024-09-06 17:00:00,17,,
2024-09-06 18:00:00,18,,
2024-09-06 19:00:00,19,,
2024-09-06 20:00:00,20,,
2024-09-06 21:00:00,21,,
2024-09-06 22:00:00,22,,
2024-09-06 23:00:00,23,,
2024-09-07 00:00:00,0,,
2024-09-07 01:00:00,1,,
2024-09-07 02:00:00,2,,
2024-09-07 03:00:00,3,,
2024-09-07 04:00:00,4,,
2024-09-07 05:00:00,5,,
2024-09-07 06:00:00,6,,
2024-09-07 07:00:00,7,,
2024-09-07 08:00:00,8,,
2024-09-07 09:00:00,9,,
2024-09-07 10:00:00,10,,
2024-09-07 11:00:00,11,,
2024-09-07 12:00:00,12,,
2024-09-07 13:00:00,13,,
2024-09-07 14:00:00,14,,
2024-09-07 15:00:00,15,,
2024-09-07 16:00:00,16,,
2024-09-07 17:00:00,17,,
2024-09-07 18:00:00,18,,
2024-09-07 19:00:00,19,,
2024-09-07 20:00:00,20,,
2024-09-07 21:00:00,21,,
2024-09-07 22:00:00,22,,
2024-09-07 23:00:00,23,,
2024-09-08 00:00:00,0,,
2024-09-08 01:00:00,1,,
2024-09-08 02:00:00,2,,
2024-09-08 03:00:00,3,,
2024-09-08 04:00:00,4,,
2024-09-08 05:00:00,5,,
2024-09-08 06:00:00,6,,
2024-09-08 07:00:00,7,,
2024-09-08 08:00:00,8,,
2024-09-08 09:00:00,9,,
2024-09-08 10:00:00,10,,
2024-09-08 11:00:00,11,,
2024-09-08 12:00:00,12,,
2024-09-08 13:00:00,13,,
2024-09-08 14:00:00,14,,
2024-09-08 15:00:00,15,,
2024-09-08 16:00:00,16,,
2024-09-08 17:00:00,17,,
2024-09-08 18:00:00,18,,
2024-09-08 19:00:00,19,,
2024-09-08 20:00:00,20,,
2024-09-08 21:00:00,21,,
2024-09-08 22:00:00,22,,
2024-09-08 23:00:00,23,,
2024-09-09 00:00:00,0,,
2024-09-09 01:00:00,1,,
2024-09-09 02:00:00,2,,
2024-09-09 03:00:00,3,,
2024-09-09 04:00:00,4,,
2024-09-09 05:00:00,5,,
2024-09-09 06:00:00,6,,
2024-09-09 07:00:00,7,,
2024-09-09 08:00:00,8,,
2024-09-09 09:00:00,9,,
2024-09-09 10:00:00,10,,
2024-09-09 11:00:00,11,,
2024-09-09 12:00:00,12,,
2024-09-09 13:00:00,13,,
2024-09-09 14:00:00,14,,
2024-09-09 15:00:00,15,,
2024-09-09 16:00:00,16,,
2024-09-09 17:00:00,17,,
2024-09-09 18:00:00,18,,
2024-09-09 19:00:00,19,,
2024-09-09 20:00:00,20,,
2024-09-09 21:00:00,21,,
2024-09-09 22:00:00,22,,
2024-09-09 23:00:00,23,,
2024-09-10 00:00:00,0,,
2024-09-10 01:00:00,1,,
2024-09-10 02:00:00,2,,
2024-09-10 03:00:00,3,,
2024-09-10 04:00:00,4,,
2024-09-10 05:00:00,5,,
2024-09-10 06:00:00,6,,
2024-09-10 07:00:00,7,,
2024-09-10 08:00:00,8,,
2024-09-10 09:00:00,9,,
2024-09-10 10:00:00,10,,
2024-09-10 11:00:00,11,,
2024-09-10 12:00:00,12,,
2024-09-10 13:00:00,13,,
2024-09-10 14:00:00,14,,
2024-09-10 15:00:00,15,,
2024-09-10 16:00:00,16,,
2024-09-10 17:00:00,17,,
2024-09-10 18:00:00,18,,
2024-09-10 19:00:00,19,,
2024-09-10 20:00:00,20,,
2024-09-10 21:00:00,21,,
2024-09-10 22:00:00,22,,
2024-09-10 23:00:00,23,,
2024-09-11 00:00:00,0,,
2024-09-11 01:00:00,1,,
2024-09-11 02:00:00,2,,
2024-09-11 03:00:00,3,,
2024-09-11 04:00:00,4,,
2024-09-11 05:00:00,5,,
2024-09-11 06:00:00,6,,
2024-09-11 07:00:00,7,,
2024-09-11 08:00:00,8,,
2024-09-11 09:00:00,9,,
2024-09-11 10:00:00,10,,
2024-09-11 11:00:00,11,,
2024-09-11 12:00:00,12,,
2024-09-11 13:00:00,13,,
2024-09-11 14:00:00,14,,
2024-09-11 15:00:00,15,,
2024-09-11 16:00:00,16,,
2024-09-11 17:00:00,17,,
2024-09-11 18:00:00,18,,
2024-09-11 19:00:00,19,,
2024-09-11 20:00:00,20,,
2024-09-11 21:00:00,21,,
2024-09-11 22:00:00,22,,
2024-09-11 23:00:00,23,,
2024-09-12 00:00:00,0,,
2024-09-12 01:00:00,1,,
2024-09-12 02:00:00,2,,
2024-09-12 03:00:00,3,,
2024-09-12 04:00:00,4,,
2024-09-12 05:00:00,5,,
2024-09-12 06:00:00,6,,
2024-09-12 07:00:00,7,,
2024-09-12 08:00:00,8,,
2024-09-12 09:00:00,9,,
2024-09-12 10:00:00,10,,
2024-09-12 11:00:00,11,,
2024-09-12 12:00:00,12,,
2024-09-12 13:00:00,13,,
2024-09-12 14:00:00,14,,
2024-09-12 15:00:00,15,,
2024-09-12 16:00:00,16,,
2024-09-12 17:00:00,17,,
2024-09-12 18:00:00,18,,
2024-09-12 19:00:00,19,,
2024-09-12 20:00:00,20,,
2024-09-12 21:00:00,21,,
2024-09-12 22:00:00,22,,
2024-09-12 23:00:00,23,,
2024-09-13 00:00:00,0,,
2024-09-13 01:00:00,1,,
2024-09-13 02:00:00,2,,
2024-09-13 03:00:00,3,,
2024-09-13 04:00:00,4,,
2024-09-13 05:00:00,5,,
2024-09-13 06:00:00,6,,
2024-09-13 07:00:00,7,,
2024-09-13 08:00:00,8,,
2024-09-13 09:00:00,9,,
2024-09-13 10:00:00,10,,
2024-09-13 11:00:00,11,,
2024-09-13 12:00:00,12,,
2024-09-13 13:00:00,13,,
2024-09-13 14:00:00,14,,
2024-09-13 15:00:00,15,,
2024-09-13 16:00:00,16,,
2024-09-13 17:00:00,17,,
2024-09-13 18:00:00,18,,
2024-09-13 19:00:00,19,,
2024-09-13 20:00:00,20,,
2024-09-13 21:00:00,21,,
2024-09-13 22:00:00,22,,
2024-09-13 23:00:00,23,,
2024-09-14 00:00:00,0,,
2024-09-14 01:00:00,1,,
2024-09-14 02:00:00,2,,
2024-09-14 03:00:00,3,,
2024-09-14 04:00:00,4,,
2024-09-14 05:00:00,5,,
2024-09-14 06:00:00,6,,
2024-09-14 07:00:00,7,,
2024-09-14 08:00:00,8,,
2024-09-14 09:00:00,9,,
2024-09-14 10:00:00,10,,
2024-09-14 11:00:00,11,,
2024-09-14 12:00:00,12,,
2024-09-14 13:00:00,13,,
2024-09-14 14:00:00,14,,
2024-09-14 15:00:00,15,,
2024-09-14 16:00:00,16,,
2024-09-14 17:00:00,17,,
2024-09-14 18:00:00,18,,
2024-09-14 19:00:00,19,,
2024-09-14 20:00:00,20,,
2024-09-14 21:00:00,21,,
2024-09-14 22:00:00,22,,
2024-09-14 23:00:00,23,,
2024-09-15 00:00:00,0,,
2024-09-15 01:00:00,1,,
2024-09-15 02:00:00,2,,
2024-09-15 03:00:00,3,,
2024-09-15 04:00:00,4,,
2024-09-15 05:00:00,5,,
2024-09-15 06:00:00,6,,
2024-09-15 07:00:00,7,,
2024-09-15 08:00:00,8,,
2024-09-15 09:00:00,9,,
2024-09-15 10:00:00,10,,
2024-09-15 11:00:00,11,,
2024-09-15 12:00:00,12,,
2024-09-15 13:00:00,13,,
2024-09-15 14:00:00,14,,
2024-09-15 15:00:00,15,,
2024-09-15 16:00:00,16,,
2024-09-15 17:00:00,17,,
2024-09-15 18:00:00,18,,
2024-09-15 19:00:00,19,,
2024-09-15 20:00:00,20,,
2024-09-15 21:00:00,21,,
2024-09-15 22:00:00,22,,
2024-09-15 23:00:00,23,,
2024-09-16 00:00:00,0,,
2024-09-16 01:00:00,1,,
2024-09-16 02:00:00,2,,
2024-09-16 03:00:00,3,,
2024-09-16 04:00:00,4,,
2024-09-16 05:00:00,5,,
2024-09-16 06:00:00,6,,
2024-09-16 07:00:00,7,,
2024-09-16 08:00:00,8,,
2024-09-16 09:00:00,9,,
2024-09-16 10:00:00,10,,
2024-09-16 11:00:00,11,,
2024-09-16 12:00:00,12,,
2024-09-16 13:00:00,13,,
2024-09-16 14:00:00,14,,
2024-09-16 15:00:00,15,,
2024-09-16 16:00:00,16,,
2024-09-16 17:00:00,17,,
2024-09-16 18:00:00,18,,
2024-09-16 19:00:00,19,,
2024-09-16 20:00:00,20,,
2024-09-16 21:00:00,21,,
2024-09-16 22:00:00,22,,
2024-09-16 23:00:00,23,,
2024-09-17 00:00:00,0,,
2024-09-17 01:00:00,1,,
2024-09-17 02:00:00,2,,
2024-09-17 03:00:00,3,,
2024-09-17 04:00:00,4,,
2024-09-17 05:00:00,5,,
2024-09-17 06:00:00,6,,
2024-09-17 07:00:00,7,,
2024-09-17 08:00:00,8,,
2024-09-17 09:00:00,9,,
2024-09-17 10:00:00,10,,
2024-09-17 11:00:00,11,,
2024-09-17 12:00:00,12,,
2024-09-17 13:00:00,13,,
2024-09-17 14:00:00,14,,
2024-09-17 15:00:00,15,,
2024-09-17 16:00:00,16,,
2024-09-17 17:00:00,17,,
2024-09-17 18:00:00,18,,
2024-09-17 19:00:00,19,,
2024-09-17 20:00:00,20,,
2024-09-17 21:00:00,21,,
2024-09-17 22:00:00,22,,
2024-09-17 23:00:00,23,,
2024-09-18 00:00:00,0,,
2024-09-18 01:00:00,1,,
2024-09-18 02:00:00,2,,
2024-09-18 03:00:00,3,,
2024-09-18 04:00:00,4,,
2024-09-18 05:00:00,5,,
2024-09-18 06:00:00,6,,
2024-09-18 07:00:00,7,,
2024-09-18 08:00:00,8,,
2024-09-18 09:00:00,9,,
2024-09-18 10:00:00,10,,
2024-09-18 11:00:00,11,,
2024-09-18 12:00:00,12,,
2024-09-18 13:00:00,13,,
2024-09-18 14:00:00,14,,
2024-09-18 15:00:00,15,,
2024-09-18 16:00:00,16,,
2024-09-18 17:00:00,17,,
2024-09-18 18:00:00,18,,
2024-09-18 19:00:00,19,,
2024-09-18 20:00:00,20,,
2024-09-18 21:00:00,21,,
2024-09-18 22:00:00,22,,
2024-09-18 23:00:00,23,,
2024-09-19 00:00:00,0,,
2024-09-19 01:00:00,1,,
2024-09-19 02:00:00,2,,
2024-09-19 03:00:00,3,,
2024-09-19 04:00:00,4,,
2024-09-19 05:00:00,5,,
2024-09-19 06:00:00,6,,
2024-09-19 07:00:00,7,,
2024-09-19 08:00:00,8,,
2024-09-19 09:00:00,9,,
2024-09-19 10:00:00,10,,
2024-09-19 11:00:00,11,,
2024-09-19 12:00:00,12,,
2024-09-19 13:00:00,13,,
2024-09-19 14:00:00,14,,
2024-09-19 15:00:00,15,,
2024-09-19 16:00:00,16,,
2024-09-19 17:00:00,17,,
2024-09-19 18:00:00,18,,
2024-09-19 19:00:00,19,,
2024-09-19 20:00:00,20,,
2024-09-19 21:00:00,21,,
2024-09-19 22:00:00,22,,
2024-09-19 23:00:00,23,,
2024-09-20 00:00:00,0,,
2024-09-20 01:00:00,1,,
2024-09-20 02:00:00,2,,
2024-09-20 03:00:00,3,,
2024-09-20 04:00:00,4,,
2024-09-20 05:00:00,5,,
2024-09-20 06:00:00,6,,
2024-09-20 07:00:00,7,,
2024-09-20 08:00:00,8,,
2024-09-20 09:00:00,9,,
2024-09-20 10:00:00,10,,
2024-09-20 11:00:00,11,,
2024-09-20 12:00:00,12,,
2024-09-20 13:00:00,13,,
2024-09-20 14:00:00,14,,
2024-09-20 15:00:00,15,,
2024-09-20 16:00:00,16,,
2024-09-20 17:00:00,17,,
2024-09-20 18:00:00,18,,
2024-09-20 19:00:00,19,,
2024-09-20 20:00:00,20,,
2024-09-20 21:00:00,21,,
2024-09-20 22:00:00,22,,
2024-09-20 23:00:00,23,,
2024-09-21 00:00:00,0,,
2024-09-21 01:00:00,1,,
2024-09-21 02:00:00,2,,
2024-09-21 03:00:00,3,,
2024-09-21 04:00:00,4,,
2024-09-21 05:00:00,5,,
2024-09-21 06:00:00,6,,
2024-09-21 07:00:00,7,,
2024-09-21 08:00:00,8,,
2024-09-21 09:00:00,9,,
2024-09-21 10:00:00,10,,
2024-09-21 11:00:00,11,,
2024-09-21 12:00:00,12,,
2024-09-21 13:00:00,13,,
2024-09-21 14:00:00,14,,
2024-09-21 15:00:00,15,,
2024-09-21 16:00:00,16,,
2024-09-21 17:00:00,17,,
2024-09-21 18:00:00,18,,
2024-09-21 19:00:00,19,,
2024-09-21 20:00:00,20,,
2024-09-21 21:00:00,21,,
2024-09-21 22:00:00,22,,
2024-09-21 23:00:00,23,,
2024-09-22 00:00:00,0,,
2024-09-22 01:00:00,1,,
2024-09-22 02:00:00,2,,
2024-09-22 03:00:00,3,,
2024-09-22 04:00:00,4,,
2024-09-22 05:00:00,5,,
2024-09-22 06:00:00,6,,
2024-09-22 07:00:00,7,,
2024-09-22 08:00:00,8,,
2024-09-22 09:00:00,9,,
2024-09-22 10:00:00,10,,
2024-09-22 11:00:00,11,,
2024-09-22 12:00:00,12,,
2024-09-22 13:00:00,13,,
2024-09-22 14:00:00,14,,
2024-09-22 15:00:00,15,,
2024-09-22 16:00:00,16,,
2024-09-22 17:00:00,17,,
2024-09-22 18:00:00,18,,
2024-09-22 19:00:00,19,,
2024-09-22 20:00:00,20,,
2024-09-22 21:00:00,21,,
2024-09-22 22:00:00,22,,
2024-09-22 23:00:00,23,,
2024-09-23 00:00:00,0,,
2024-09-23 01:00:00,1,,
2024-09-23 02:00:00,2,,
2024-09-23 03:00:00,3,,
2024-09-23 04:00:00,4,,
2024-09-23 05:00:00,5,,
2024-09-23 06:00:00,6,,
2024-09-23 07:00:00,7,,
2024-09-23 08:00:00,8,,
2024-09-23 09:00:00,9,,
2024-09-23 10:00:00,10,,
2024-09-23 11:00:00,11,,
2024-09-23 12:00:00,12,,
2024-09-23 13:00:00,13,,
2024-09-23 14:00:00,14,,
2024-09-23 15:00:00,15,,
2024-09-23 16:00:00,16,,
2024-09-23 17:00:00,17,,
2024-09-23 18:00:00,18,,
2024-09-23 19:00:00,19,,
2024-09-23 20:00:00,20,,
2024-09-23 21:00:00,21,,
2024-09-23 22:00:00,22,,
2024-09-23 23:00:00,23,,
2024-09-24 00:00:00,0,,
2024-09-24 01:00:00,1,,
2024-09-24 02:00:00,2,,
2024-09-24 03:00:00,3,,
2024-09-24 04:00:00,4,,
2024-09-24 05:00:00,5,,
2024-09-24 06:00:00,6,,
2024-09-24 07:00:00,7,,
2024-09-24 08:00:00,8,,
2024-09-24 09:00:00,9,,
2024-09-24 10:00:00,10,,
2024-09-24 11:00:00,11,,
2024-09-24 12:00:00,12,,
2024-09-24 13:00:00,13,,
2024-09-24 14:00:00,14,,
2024-09-24 15:00:00,15,,
2024-09-24 16:00:00,16,,
2024-09-24 17:00:00,17,,
2024-09-24 18:00:00,18,,
2024-09-24 19:00:00,19,,
2024-09-24 20:00:00,20,,
2024-09-24 21:00:00,21,,
2024-09-24 22:00:00,22,,
2024-09-24 23:00:00,23,,
2024-09-25 00:00:00,0,,
2024-09-25 01:00:00,1,,
2024-09-25 02:00:00,2,,
2024-09-25 03:00:00,3,,
2024-09-25 04:00:00,4,,
2024-09-25 05:00:00,5,,
2024-09-25 06:00:00,6,,
2024-09-25 07:00:00,7,,
2024-09-25 08:00:00,8,,
2024-09-25 09:00:00,9,,
2024-09-25 10:00:00,10,,
2024-09-25 11:00:00,11,,
2024-09-25 12:00:00,12,,
2024-09-25 13:00:00,13,,
2024-09-25 14:00:00,14,,
2024-09-25 15:00:00,15,,
2024-09-25 16:00:00,16,,
2024-09-25 17:00:00,17,,
2024-09-25 18:00:00,18,,
2024-09-25 19:00:00,19,,
2024-09-25 20:00:00,20,,
2024-09-25 21:00:00,21,,
2024-09-25 22:00:00,22,,
2024-09-25 23:00:00,23,,
2024-09-26 00:00:00,0,,
2024-09-26 01:00:00,1,,
2024-09-26 02:00:00,2,,
2024-09-26 03:00:00,3,,
2024-09-26 04:00:00,4,,
2024-09-26 05:00:00,5,,
2024-09-26 06:00:00,6,,
2024-09-26 07:00:00,7,,
2024-09-26 08:00:00,8,,
2024-09-26 09:00:00,9,,
2024-09-26 10:00:00,10,,
2024-09-26 11:00:00,11,,
2024-09-26 12:00:00,12,,
2024-09-26 13:00:00,13,,
2024-09-26 14:00:00,14,,
2024-09-26 15:00:00,15,,
2024-09-26 16:00:00,16,,
2024-09-26 17:00:00,17,,
2024-09-26 18:00:00,18,,
2024-09-26 19:00:00,19,,
2024-09-26 20:00:00,20,,
2024-09-26 21:00:00,21,,
2024-09-26 22:00:00,22,,
2024-09-26 23:00:00,23,,
2024-09-27 00:00:00,0,,
2024-09-27 01:00:00,1,,
2024-09-27 02:00:00,2,,
2024-09-27 03:00:00,3,,
2024-09-27 04:00:00,4,,
2024-09-27 05:00:00,5,,
2024-09-27 06:00:00,6,,
2024-09-27 07:00:00,7,,
2024-09-27 08:00:00,8,,
2024-09-27 09:00:00,9,,
2024-09-27 10:00:00,10,,
2024-09-27 11:00:00,11,,
2024-09-27 12:00:00,12,,
2024-09-27 13:00:00,13,,
2024-09-27 14:00:00,14,,
2024-09-27 15:00:00,15,,
2024-09-27 16:00:00,16,,
2024-09-27 17:00:00,17,,
2024-09-27 18:00:00,18,,
2024-09-27 19:00:00,19,,
2024-09-27 20:00:00,20,,
2024-09-27 21:00:00,21,,
2024-09-27 22:00:00,22,,
2024-09-27 23:00:00,23,,
2024-09-28 00:00:00,0,,
2024-09-28 01:00:00,1,,
2024-09-28 02:00:00,2,,
2024-09-28 03:00:00,3,,
2024-09-28 04:00:00,4,,
2024-09-28 05:00:00,5,,
2024-09-28 06:00:00,6,,
2024-09-28 07:00:00,7,,
2024-09-28 08:00:00,8,,
2024-09-28 09:00:00,9,,
2024-09-28 10:00:00,10,,
2024-09-28 11:00:00,11,,
2024-09-28 12:00:00,12,,
2024-09-28 13:00:00,13,,
2024-09-28 14:00:00,14,,
2024-09-28 15:00:00,15,,
2024-09-28 16:00:00,16,,
2024-09-28 17:00:00,17,,
2024-09-28 18:00:00,18,,
2024-09-28 19:00:00,19,,
2024-09-28 20:00:00,20,,
2024-09-28 21:00:00,21,,
2024-09-28 22:00:00,22,,
2024-09-28 23:00:00,23,,
2024-09-29 00:00:00,0,,
2024-09-29 01:00:00,1,,
2024-09-29 02:00:00,2,,
2024-09-29 03:00:00,3,,
2024-09-29 04:00:00,4,,
2024-09-29 05:00:00,5,,
2024-09-29 06:00:00,6,,
2024-09-29 07:00:00,7,,
2024-09-29 08:00:00,8,,
2024-09-29 09:00:00,9,,
2024-09-29 10:00:00,10,,
2024-09-29 11:00:00,11,,
2024-09-29 12:00:00,12,,
2024-09-29 13:00:00,13,,
2024-09-29 14:00:00,14,,
2024-09-29 15:00:00,15,,
2024-09-29 16:00:00,16,,
2024-09-29 17:00:00,17,,
2024-09-29 18:00:00,18,,
2024-09-29 19:00:00,19,,
2024-09-29 20:00:00,20,,
2024-09-29 21:00:00,21,,
2024-09-29 22:00:00,22,,
2024-09-29 23:00:00,23,,
2024-09-30 00:00:00,0,,
2024-09-30 01:00:00,1,,
2024-09-30 02:00:00,2,,
2024-09-30 03:00:00,3,,
2024-09-30 04:00:00,4,,
2024-09-30 05:00:00,5,,
2024-09-30 06:00:00,6,,
2024-09-30 07:00:00,7,,
2024-09-30 08:00:00,8,,
2024-09-30 09:00:00,9,,
2024-09-30 10:00:00,10,,
2024-09-30 11:00:00,11,,
2024-09-30 12:00:00,12,,
2024-09-30 13:00:00,13,,
2024-09-30 14:00:00,14,,
2024-09-30 15:00:00,15,,
2024-09-30 16:00:00,16,,
2024-09-30 17:00:00,17,,
2024-09-30 18:00:00,18,,
2024-09-30 19:00:00,19,,
2024-09-30 20:00:00,20,,
2024-09-30 21:00:00,21,,
2024-09-30 22:00:00,22,,
2024-09-30 23:00:00,23,,
2024-10-01 00:00:00,0,,
2024-10-01 01:00:00,1,,
2024-10-01 02:00:00,2,,
2024-10-01 03:00:00,3,,
2024-10-01 04:00:00,4,,
2024-10-01 05:00:00,5,,
2024-10-01 06:00:00,6,,
2024-10-01 07:00:00,7,,
2024-10-01 08:00:00,8,,
2024-10-01 09:00:00,9,,
2024-10-01 10:00:00,10,,
2024-10-01 11:00:00,11,,
2024-10-01 12:00:00,12,,
2024-10-01 13:00:00,13,,
2024-10-01 14:00:00,14,,
2024-10-01 15:00:00,15,,
2024-10-01 16:00:00,16,,
2024-10-01 17:00:00,17,,
2024-10-01 18:00:00,18,,
2024-10-01 19:00:00,19,,
2024-10-01 20:00:00,20,,
2024-10-01 21:00:00,21,,
2024-10-01 22:00:00,22,,
2024-10-01 23:00:00,23,,
2024-10-02 00:00:00,0,,
2024-10-02 01:00:00,1,,
2024-10-02 02:00:00,2,,
2024-10-02 03:00:00,3,,
2024-10-02 04:00:00,4,,
2024-10-02 05:00:00,5,,
2024-10-02 06:00:00,6,,
2024-10-02 07:00:00,7,,
2024-10-02 08:00:00,8,,
2024-10-02 09:00:00,9,,
2024-10-02 10:00:00,10,,
2024-10-02 11:00:00,11,,
2024-10-02 12:00:00,12,,
2024-10-02 13:00:00,13,,
2024-10-02 14:00:00,14,,
2024-10-02 15:00:00,15,,
2024-10-02 16:00:00,16,,
2024-10-02 17:00:00,17,,
2024-10-02 18:00:00,18,,
2024-10-02 19:00:00,19,,
2024-10-02 20:00:00,20,,
2024-10-02 21:00:00,21,,
2024-10-02 22:00:00,22,,
2024-10-02 23:00:00,23,,
2024-10-03 00:00:00,0,,
2024-10-03 01:00:00,1,,
2024-10-03 02:00:00,2,,
2024-10-03 03:00:00,3,,
2024-10-03 04:00:00,4,,
2024-10-03 05:00:00,5,,
2024-10-03 06:00:00,6,,
2024-10-03 07:00:00,7,,
2024-10-03 08:00:00,8,,
2024-10-03 09:00:00,9,,
2024-10-03 10:00:00,10,,
2024-10-03 11:00:00,11,,
2024-10-03 12:00:00,12,,
2024-10-03 13:00:00,13,,
2024-10-03 14:00:00,14,,
2024-10-03 15:00:00,15,,
2024-10-03 16:00:00,16,,
2024-10-03 17:00:00,17,,
2024-10-03 18:00:00,18,,
2024-10-03 19:00:00,19,,
2024-10-03 20:00:00,20,,
2024-10-03 21:00:00,21,,
2024-10-03 22:00:00,22,,
2024-10-03 23:00:00,23,,
2024-10-04 00:00:00,0,,
2024-10-04 01:00:00,1,,
2024-10-04 02:00:00,2,,
2024-10-04 03:00:00,3,,
2024-10-04 04:00:00,4,,
2024-10-04 05:00:00,5,,
2024-10-04 06:00:00,6,,
2024-10-04 07:00:00,7,,
2024-10-04 08:00:00,8,,
2024-10-04 09:00:00,9,,
2024-10-04 10:00:00,10,,
2024-10-04 11:00:00,11,,
2024-10-04 12:00:00,12,,
2024-10-04 13:00:00,13,,
2024-10-04 14:00:00,14,,
2024-10-04 15:00:00,15,,
2024-10-04 16:00:00,16,,
2024-10-04 17:00:00,17,,
2024-10-04 18:00:00,18,,
2024-10-04 19:00:00,19,,
2024-10-04 20:00:00,20,,
2024-10-04 21:00:00,21,,
2024-10-04 22:00:00,22,,
2024-10-04 23:00:00,23,,
2024-10-05 00:00:00,0,,
2024-10-05 01:00:00,1,,
2024-10-05 02:00:00,2,,
2024-10-05 03:00:00,3,,
2024-10-05 04:00:00,4,,
2024-10-05 05:00:00,5,,
2024-10-05 06:00:00,6,,
2024-10-05 07:00:00,7,,
2024-10-05 08:00:00,8,,
2024-10-05 09:00:00,9,,
2024-10-05 10:00:00,10,,
2024-10-05 11:00:00,11,,
2024-10-05 12:00:00,12,,
2024-10-05 13:00:00,13,,
2024-10-05 14:00:00,14,,
2024-10-05 15:00:00,15,,
2024-10-05 16:00:00,16,,
2024-10-05 17:00:00,17,,
2024-10-05 18:00:00,18,,
2024-10-05 19:00:00,19,,
2024-10-05 20:00:00,20,,
2024-10-05 21:00:00,21,,
2024-10-05 22:00:00,22,,
2024-10-05 23:00:00,23,,
2024-10-06 00:00:00,0,,
2024-10-06 01:00:00,1,,
2024-10-06 02:00:00,2,,
2024-10-06 03:00:00,3,,
2024-10-06 04:00:00,4,,
2024-10-06 05:00:00,5,,
2024-10-06 06:00:00,6,,
2024-10-06 07:00:00,7,,
2024-10-06 08:00:00,8,,
2024-10-06 09:00:00,9,,
2024-10-06 10:00:00,10,,
2024-10-06 11:00:00,11,,
2024-10-06 12:00:00,12,,
2024-10-06 13:00:00,13,,
2024-10-06 14:00:00,14,,
2024-10-06 15:00:00,15,,
2024-10-06 16:00:00,16,,
2024-10-06 17:00:00,17,,
2024-10-06 18:00:00,18,,
2024-10-06 19:00:00,19,,
2024-10-06 20:00:00,20,,
2024-10-06 21:00:00,21,,
2024-10-06 22:00:00,22,,
2024-10-06 23:00:00,23,,
2024-10-07 00:00:00,0,,
2024-10-07 01:00:00,1,,
2024-10-07 02:00:00,2,,
2024-10-07 03:00:00,3,,
2024-10-07 04:00:00,4,,
2024-10-07 05:00:00,5,,
2024-10-07 06:00:00,6,,
2024-10-07 07:00:00,7,,
2024-10-07 08:00:00,8,,
2024-10-07 09:00:00,9,,
2024-10-07 10:00:00,10,,
2024-10-07 11:00:00,11,,
2024-10-07 12:00:00,12,,
2024-10-07 13:00:00,13,,
2024-10-07 14:00:00,14,,
2024-10-07 15:00:00,15,,
2024-10-07 16:00:00,16,,
2024-10-07 17:00:00,17,,
2024-10-07 18:00:00,18,,
2024-10-07 19:00:00,19,,
2024-10-07 20:00:00,20,,
2024-10-07 21:00:00,21,,
2024-10-07 22:00:00,22,,
2024-10-07 23:00:00,23,,
2024-10-08 00:00:00,0,,
2024-10-08 01:00:00,1,,
2024-10-08 02:00:00,2,,
2024-10-08 03:00:00,3,,
2024-10-08 04:00:00,4,,
2024-10-08 05:00:00,5,,
2024-10-08 06:00:00,6,,
2024-10-08 07:00:00,7,,
2024-10-08 08:00:00,8,,
2024-10-08 09:00:00,9,,
2024-10-08 10:00:00,10,,
2024-10-08 11:00:00,11,,
2024-10-08 12:00:00,12,,
2024-10-08 13:00:00,13,,
2024-10-08 14:00:00,14,,
2024-10-08 15:00:00,15,,
2024-10-08 16:00:00,16,,
2024-10-08 17:00:00,17,,
2024-10-08 18:00:00,18,,
2024-10-08 19:00:00,19,,
2024-10-08 20:00:00,20,,
2024-10-08 21:00:00,21,,
2024-10-08 22:00:00,22,,
2024-10-08 23:00:00,23,,
2024-10-09 00:00:00,0,,
2024-10-09 01:00:00,1,,
2024-10-09 02:00:00,2,,
2024-10-09 03:00:00,3,,
2024-10-09 04:00:00,4,,
2024-10-09 05:00:00,5,,
2024-10-09 06:00:00,6,,
2024-10-09 07:00:00,7,,
2024-10-09 08:00:00,8,,
2024-10-09 09:00:00,9,,
2024-10-09 10:00:00,10,,
2024-10-09 11:00:00,11,,
2024-10-09 12:00:00,12,,
2024-10-09 13:00:00,13,,
2024-10-09 14:00:00,14,,
2024-10-09 15:00:00,15,,
2024-10-09 16:00:00,16,,
2024-10-09 17:00:00,17,,
2024-10-09 18:00:00,18,,
2024-10-09 19:00:00,19,,
2024-10-09 20:00:00,20,,
2024-10-09 21:00:00,21,,
2024-10-09 22:00:00,22,,
2024-10-09 23:00:00,23,,
2024-10-10 00:00:00,0,,
2024-10-10 01:00:00,1,,
2024-10-10 02:00:00,2,,
2024-10-10 03:00:00,3,,
2024-10-10 04:00:00,4,,
2024-10-10 05:00:00,5,,
2024-10-10 06:00:00,6,,
2024-10-10 07:00:00,7,,
2024-10-10 08:00:00,8,,
2024-10-10 09:00:00,9,,
2024-10-10 10:00:00,10,,
2024-10-10 11:00:00,11,,
2024-10-10 12:00:00,12,,
2024-10-10 13:00:00,13,,
2024-10-10 14:00:00,14,,
2024-10-10 15:00:00,15,,
2024-10-10 16:00:00,16,,
2024-10-10 17:00:00,17,,
2024-10-10 18:00:00,18,,
2024-10-10 19:00:00,19,,
2024-10-10 20:00:00,20,,
2024-10-10 21:00:00,21,,
2024-10-10 22:00:00,22,,
2024-10-10 23:00:00,23,,
2024-10-11 00:00:00,0,,
2024-10-11 01:00:00,1,,
2024-10-11 02:00:00,2,,
2024-10-11 03:00:00,3,,
2024-10-11 04:00:00,4,,
2024-10-11 05:00:00,5,,
2024-10-11 06:00:00,6,,
2024-10-11 07:00:00,7,,
2024-10-11 08:00:00,8,,
2024-10-11 09:00:00,9,,
2024-10-11 10:00:00,10,,
2024-10-11 11:00:00,11,,
2024-10-11 12:00:00,12,,
2024-10-11 13:00:00,13,,
2024-10-11 14:00:00,14,,
2024-10-11 15:00:00,15,,
2024-10-11 16:00:00,16,,
2024-10-11 17:00:00,17,,
2024-10-11 18:00:00,18,,
2024-10-11 19:00:00,19,,
2024-10-11 20:00:00,20,,
2024-10-11 21:00:00,21,,
2024-10-11 22:00:00,22,,
2024-10-11 23:00:00,23,,
2024-10-12 00:00:00,0,,
2024-10-12 01:00:00,1,,
2024-10-12 02:00:00,2,,
2024-10-12 03:00:00,3,,
2024-10-12 04:00:00,4,,
2024-10-12 05:00:00,5,,
2024-10-12 06:00:00,6,,
2024-10-12 07:00:00,7,,
2024-10-12 08:00:00,8,,
2024-10-12 09:00:00,9,,
2024-10-12 10:00:00,10,,
2024-10-12 11:00:00,11,,
2024-10-12 12:00:00,12,,
2024-10-12 13:00:00,13,,
2024-10-12 14:00:00,14,,
2024-10-12 15:00:00,15,,
2024-10-12 16:00:00,16,,
2024-10-12 17:00:00,17,,
2024-10-12 18:00:00,18,,
2024-10-12 19:00:00,19,,
2024-10-12 20:00:00,20,,
2024-10-12 21:00:00,21,,
2024-10-12 22:00:00,22,,
2024-10-12 23:00:00,23,,
2024-10-13 00:00:00,0,,
2024-10-13 01:00:00,1,,
2024-10-13 02:00:00,2,,
2024-10-13 03:00:00,3,,
2024-10-13 04:00:00,4,,
2024-10-13 05:00:00,5,,
2024-10-13 06:00:00,6,,
2024-10-13 07:00:00,7,,
2024-10-13 08:00:00,8,,
2024-10-13 09:00:00,9,,
2024-10-13 10:00:00,10,,
2024-10-13 11:00:00,11,,
2024-10-13 12:00:00,12,,
2024-10-13 13:00:00,13,,
2024-10-13 14:00:00,14,,
2024-10-13 15:00:00,15,,
2024-10-13 16:00:00,16,,
2024-10-13 17:00:00,17,,
2024-10-13 18:00:00,18,,
2024-10-13 19:00:00,19,,
2024-10-13 20:00:00,20,,
2024-10-13 21:00:00,21,,
2024-10-13 22:00:00,22,,
2024-10-13 23:00:00,23,,
2024-10-14 00:00:00,0,,
2024-10-14 01:00:00,1,,
2024-10-14 02:00:00,2,,
2024-10-14 03:00:00,3,,
2024-10-14 04:00:00,4,,
2024-10-14 05:00:00,5,,
2024-10-14 06:00:00,6,,
2024-10-14 07:00:00,7,,
2024-10-14 08:00:00,8,,
2024-10-14 09:00:00,9,,
2024-10-14 10:00:00,10,,
2024-10-14 11:00:00,11,,
2024-10-14 12:00:00,12,,
2024-10-14 13:00:00,13,,
2024-10-14 14:00:00,14,,
2024-10-14 15:00:00,15,,
2024-10-14 16:00:00,16,,
2024-10-14 17:00:00,17,,
2024-10-14 18:00:00,18,,
2024-10-14 19:00:00,19,,
2024-10-14 20:00:00,20,,
2024-10-14 21:00:00,21,,
2024-10-14 22:00:00,22,,
2024-10-14 23:00:00,23,,
2024-10-15 00:00:00,0,,
2024-10-15 01:00:00,1,,
2024-10-15 02:00:00,2,,
2024-10-15 03:00:00,3,,
2024-10-15 04:00:00,4,,
2024-10-15 05:00:00,5,,
2024-10-15 06:00:00,6,,
2024-10-15 07:00:00,7,,
2024-10-15 08:00:00,8,,
2024-10-15 09:00:00,9,,
2024-10-15 10:00:00,10,,
2024-10-15 11:00:00,11,,
2024-10-15 12:00:00,12,,
2024-10-15 13:00:00,13,,
2024-10-15 14:00:00,14,,
2024-10-15 15:00:00,15,,
2024-10-15 16:00:00,16,,
2024-10-15 17:00:00,17,,
2024-10-15 18:00:00,18,,
2024-10-15 19:00:00,19,,
2024-10-15 20:00:00,20,,
2024-10-15 21:00:00,21,,
2024-10-15 22:00:00,22,,
2024-10-15 23:00:00,23,,
2024-10-16 00:00:00,0,,
2024-10-16 01:00:00,1,,
2024-10-16 02:00:00,2,,
2024-10-16 03:00:00,3,,
2024-10-16 04:00:00,4,,
2024-10-16 05:00:00,5,,
2024-10-16 06:00:00,6,,
2024-10-16 07:00:00,7,,
2024-10-16 08:00:00,8,,
2024-10-16 09:00:00,9,,
2024-10-16 10:00:00,10,,
2024-10-16 11:00:00,11,,
2024-10-16 12:00:00,12,,
2024-10-16 13:00:00,13,,
2024-10-16 14:00:00,14,,
2024-10-16 15:00:00,15,,
2024-10-16 16:00:00,16,,
2024-10-16 17:00:00,17,,
2024-10-16 18:00:00,18,,
2024-10-16 19:00:00,19,,
2024-10-16 20:00:00,20,,
2024-10-16 21:00:00,21,,
2024-10-16 22:00:00,22,,
2024-10-16 23:00:00,23,,
2024-10-17 00:00:00,0,,
2024-10-17 01:00:00,1,,
2024-10-17 02:00:00,2,,
2024-10-17 03:00:00,3,,
2024-10-17 04:00:00,4,,
2024-10-17 05:00:00,5,,
2024-10-17 06:00:00,6,,
2024-10-17 07:00:00,7,,
2024-10-17 08:00:00,8,,
2024-10-17 09:00:00,9,,
2024-10-17 10:00:00,10,,
2024-10-17 11:00:00,11,,
2024-10-17 12:00:00,12,,
2024-10-17 13:00:00,13,,
2024-10-17 14:00:00,14,,
2024-10-17 15:00:00,15,,
2024-10-17 16:00:00,16,,
2024-10-17 17:00:00,17,,
2024-10-17 18:00:00,18,,
2024-10-17 19:00:00,19,,
2024-10-17 20:00:00,20,,
2024-10-17 21:00:00,21,,
2024-10-17 22:00:00,22,,
2024-10-17 23:00:00,23,,
2024-10-18 00:00:00,0,,
2024-10-18 01:00:00,1,,
2024-10-18 02:00:00,2,,
2024-10-18 03:00:00,3,,
2024-10-18 04:00:00,4,,
2024-10-18 05:00:00,5,,
2024-10-18 06:00:00,6,,
2024-10-18 07:00:00,7,,
2024-10-18 08:00:00,8,,
2024-10-18 09:00:00,9,,
2024-10-18 10:00:00,10,,
2024-10-18 11:00:00,11,,
2024-10-18 12:00:00,12,,
2024-10-18 13:00:00,13,,
2024-10-18 14:00:00,14,,
2024-10-18 15:00:00,15,,
2024-10-18 16:00:00,16,,
2024-10-18 17:00:00,17,,
2024-10-18 18:00:00,18,,
2024-10-18 19:00:00,19,,
2024-10-18 20:00:00,20,,
2024-10-18 21:00:00,21,,
2024-10-18 22:00:00,22,,
2024-10-18 23:00:00,23,,
2024-10-19 00:00:00,0,,
2024-10-19 01:00:00,1,,
2024-10-19 02:00:00,2,,
2024-10-19 03:00:00,3,,
2024-10-19 04:00:00,4,,
2024-10-19 05:00:00,5,,
2024-10-19 06:00:00,6,,
2024-10-19 07:00:00,7,,
2024-10-19 08:00:00,8,,
2024-10-19 09:00:00,9,,
2024-10-19 10:00:00,10,,
2024-10-19 11:00:00,11,,
2024-10-19 12:00:00,12,,
2024-10-19 13:00:00,13,,
2024-10-19 14:00:00,14,,
2024-10-19 15:00:00,15,,
2024-10-19 16:00:00,16,,
2024-10-19 17:00:00,17,,
2024-10-19 18:00:00,18,,
2024-10-19 19:00:00,19,,
2024-10-19 20:00:00,20,,
2024-10-19 21:00:00,21,,
2024-10-19 22:00:00,22,,
2024-10-19 23:00:00,23,,
2024-10-20 00:00:00,0,,
2024-10-20 01:00:00,1,,
2024-10-20 02:00:00,2,,
2024-10-20 03:00:00,3,,
2024-10-20 04:00:00,4,,
2024-10-20 05:00:00,5,,
2024-10-20 06:00:00,6,,
2024-10-20 07:00:00,7,,
2024-10-20 08:00:00,8,,
2024-10-20 09:00:00,9,,
2024-10-20 10:00:00,10,,
2024-10-20 11:00:00,11,,
2024-10-20 12:00:00,12,,
2024-10-20 13:00:00,13,,
2024-10-20 14:00:00,14,,
2024-10-20 15:00:00,15,,
2024-10-20 16:00:00,16,,
2024-10-20 17:00:00,17,,
2024-10-20 18:00:00,18,,
2024-10-20 19:00:00,19,,
2024-10-20 20:00:00,20,,
2024-10-20 21:00:00,21,,
2024-10-20 22:00:00,22,,
2024-10-20 23:00:00,23,,
2024-10-21 00:00:00,0,,
2024-10-21 01:00:00,1,,
2024-10-21 02:00:00,2,,
2024-10-21 03:00:00,3,,
2024-10-21 04:00:00,4,,
2024-10-21 05:00:00,5,,
2024-10-21 06:00:00,6,,
2024-10-21 07:00:00,7,,
2024-10-21 08:00:00,8,,
2024-10-21 09:00:00,9,,
2024-10-21 10:00:00,10,,
2024-10-21 11:00:00,11,,
2024-10-21 12:00:00,12,,
2024-10-21 13:00:00,13,,
2024-10-21 14:00:00,14,,
2024-10-21 15:00:00,15,,
2024-10-21 16:00:00,16,,
2024-10-21 17:00:00,17,,
2024-10-21 18:00:00,18,,
2024-10-21 19:00:00,19,,
2024-10-21 20:00:00,20,,
2024-10-21 21:00:00,21,,
2024-10-21 22:00:00,22,,
2024-10-21 23:00:00,23,,
2024-10-22 00:00:00,0,,
2024-10-22 01:00:00,1,,
2024-10-22 02:00:00,2,,
2024-10-22 03:00:00,3,,
2024-10-22 04:00:00,4,,
2024-10-22 05:00:00,5,,
2024-10-22 06:00:00,6,,
2024-10-22 07:00:00,7,,
2024-10-22 08:00:00,8,,
2024-10-22 09:00:00,9,,
2024-10-22 10:00:00,10,,
2024-10-22 11:00:00,11,,
2024-10-22 12:00:00,12,,
2024-10-22 13:00:00,13,,
2024-10-22 14:00:00,14,,
2024-10-22 15:00:00,15,,
2024-10-22 16:00:00,16,,
2024-10-22 17:00:00,17,,
2024-10-22 18:00:00,18,,
2024-10-22 19:00:00,19,,
2024-10-22 20:00:00,20,,
2024-10-22 21:00:00,21,,
2024-10-22 22:00:00,22,,
2024-10-22 23:00:00,23,,
2024-10-23 00:00:00,0,,
2024-10-23 01:00:00,1,,
2024-10-23 02:00:00,2,,
2024-10-23 03:00:00,3,,
2024-10-23 04:00:00,4,,
2024-10-23 05:00:00,5,,
2024-10-23 06:00:00,6,,
2024-10-23 07:00:00,7,,
2024-10-23 08:00:00,8,,
2024-10-23 09:00:00,9,,
2024-10-23 10:00:00,10,,
2024-10-23 11:00:00,11,,
2024-10-23 12:00:00,12,,
2024-10-23 13:00:00,13,,
2024-10-23 14:00:00,14,,
2024-10-23 15:00:00,15,,
2024-10-23 16:00:00,16,,
2024-10-23 17:00:00,17,,
2024-10-23 18:00:00,18,,
2024-10-23 19:00:00,19,,
2024-10-23 20:00:00,20,,
2024-10-23 21:00:00,21,,
2024-10-23 22:00:00,22,,
2024-10-23 23:00:00,23,,
2024-10-24 00:00:00,0,,
2024-10-24 01:00:00,1,,
2024-10-24 02:00:00,2,,
2024-10-24 03:00:00,3,,
2024-10-24 04:00:00,4,,
2024-10-24 05:00:00,5,,
2024-10-24 06:00:00,6,,
2024-10-24 07:00:00,7,,
2024-10-24 08:00:00,8,,
2024-10-24 09:00:00,9,,
2024-10-24 10:00:00,10,,
2024-10-24 11:00:00,11,,
2024-10-24 12:00:00,12,,
2024-10-24 13:00:00,13,,
2024-10-24 14:00:00,14,,
2024-10-24 15:00:00,15,,
2024-10-24 16:00:00,16,,
2024-10-24 17:00:00,17,,
2024-10-24 18:00:00,18,,
2024-10-24 19:00:00,19,,
2024-10-24 20:00:00,20,,
2024-10-24 21:00:00,21,,
2024-10-24 22:00:00,22,,
2024-10-24 23:00:00,23,,
2024-10-25 00:00:00,0,,
2024-10-25 01:00:00,1,,
2024-10-25 02:00:00,2,,
2024-10-25 03:00:00,3,,
2024-10-25 04:00:00,4,,
2024-10-25 05:00:00,5,,
2024-10-25 06:00:00,6,,
2024-10-25 07:00:00,7,,
2024-10-25 08:00:00,8,,
2024-10-25 09:00:00,9,,
2024-10-25 10:00:00,10,,
2024-10-25 11:00:00,11,,
2024-10-25 12:00:00,12,,
2024-10-25 13:00:00,13,,
2024-10-25 14:00:00,14,,
2024-10-25 15:00:00,15,,
2024-10-25 16:00:00,16,,
2024-10-25 17:00:00,17,,
2024-10-25 18:00:00,18,,
2024-10-25 19:00:00,19,,
2024-10-25 20:00:00,20,,
2024-10-25 21:00:00,21,,
2024-10-25 22:00:00,22,,
2024-10-25 23:00:00,23,,
2024-10-26 00:00:00,0,,
2024-10-26 01:00:00,1,,
2024-10-26 02:00:00,2,,
2024-10-26 03:00:00,3,,
2024-10-26 04:00:00,4,,
2024-10-26 05:00:00,5,,
2024-10-26 06:00:00,6,,
2024-10-26 07:00:00,7,,
2024-10-26 08:00:00,8,,
2024-10-26 09:00:00,9,,
2024-10-26 10:00:00,10,,
2024-10-26 11:00:00,11,,
2024-10-26 12:00:00,12,,
2024-10-26 13:00:00,13,,
2024-10-26 14:00:00,14,,
2024-10-26 15:00:00,15,,
2024-10-26 16:00:00,16,,
2024-10-26 17:00:00,17,,
2024-10-26 18:00:00,18,,
2024-10-26 19:00:00,19,,
2024-10-26 20:00:00,20,,
2024-10-26 21:00:00,21,,
2024-10-26 22:00:00,22,,
2024-10-26 23:00:00,23,,
2024-10-27 00:00:00,0,,
2024-10-27 01:00:00,1,,
2024-10-27 02:00:00,2,,
2024-10-27 03:00:00,3,,
2024-10-27 04:00:00,4,,
2024-10-27 05:00:00,5,,
2024-10-27 06:00:00,6,,
2024-10-27 07:00:00,7,,
2024-10-27 08:00:00,8,,
2024-10-27 09:00:00,9,,
2024-10-27 10:00:00,10,,
2024-10-27 11:00:00,11,,
2024-10-27 12:00:00,12,,
2024-10-27 13:00:00,13,,
2024-10-27 14:00:00,14,,
2024-10-27 15:00:00,15,,
2024-10-27 16:00:00,16,,
2024-10-27 17:00:00,17,,
2024-10-27 18:00:00,18,,
2024-10-27 19:00:00,19,,
2024-10-27 20:00:00,20,,
2024-10-27 21:00:00,21,,
2024-10-27 22:00:00,22,,
2024-10-27 23:00:00,23,,
2024-10-28 00:00:00,0,,
2024-10-28 01:00:00,1,,
2024-10-28 02:00:00,2,,
2024-10-28 03:00:00,3,,
2024-10-28 04:00:00,4,,
2024-10-28 05:00:00,5,,
2024-10-28 06:00:00,6,,
2024-10-28 07:00:00,7,,
2024-10-28 08:00:00,8,,
2024-10-28 09:00:00,9,,
2024-10-28 10:00:00,10,,
2024-10-28 11:00:00,11,,
2024-10-28 12:00:00,12,,
2024-10-28 13:00:00,13,,
2024-10-28 14:00:00,14,,
2024-10-28 15:00:00,15,,
2024-10-28 16:00:00,16,,
2024-10-28 17:00:00,17,,
2024-10-28 18:00:00,18,,
2024-10-28 19:00:00,19,,
2024-10-28 20:00:00,20,,
2024-10-28 21:00:00,21,,
2024-10-28 22:00:00,22,,
2024-10-28 23:00:00,23,,
2024-10-29 00:00:00,0,,
2024-10-29 01:00:00,1,,
2024-10-29 02:00:00,2,,
2024-10-29 03:00:00,3,,
2024-10-29 04:00:00,4,,
2024-10-29 05:00:00,5,,
2024-10-29 06:00:00,6,,
2024-10-29 07:00:00,7,,
2024-10-29 08:00:00,8,,
2024-10-29 09:00:00,9,,
2024-10-29 10:00:00,10,,
2024-10-29 11:00:00,11,,
2024-10-29 12:00:00,12,,
2024-10-29 13:00:00,13,,
2024-10-29 14:00:00,14,,
2024-10-29 15:00:00,15,,
2024-10-29 16:00:00,16,,
2024-10-29 17:00:00,17,,
2024-10-29 18:00:00,18,,
2024-10-29 19:00:00,19,,
2024-10-29 20:00:00,20,,
2024-10-29 21:00:00,21,,
2024-10-29 22:00:00,22,,
2024-10-29 23:00:00,23,,
2024-10-30 00:00:00,0,,
2024-10-30 01:00:00,1,,
2024-10-30 02:00:00,2,,
2024-10-30 03:00:00,3,,
2024-10-30 04:00:00,4,,
2024-10-30 05:00:00,5,,
2024-10-30 06:00:00,6,,
2024-10-30 07:00:00,7,,
2024-10-30 08:00:00,8,,
2024-10-30 09:00:00,9,,
2024-10-30 10:00:00,10,,
2024-10-30 11:00:00,11,,
2024-10-30 12:00:00,12,,
2024-10-30 13:00:00,13,,
2024-10-30 14:00:00,14,,
2024-10-30 15:00:00,15,,
2024-10-30 16:00:00,16,,
2024-10-30 17:00:00,17,,
2024-10-30 18:00:00,18,,
2024-10-30 19:00:00,19,,
2024-10-30 20:00:00,20,,
2024-10-30 21:00:00,21,,
2024-10-30 22:00:00,22,,
2024-10-30 23:00:00,23,,
2024-10-31 00:00:00,0,,
2024-10-31 01:00:00,1,,
2024-10-31 02:00:00,2,,
2024-10-31 03:00:00,3,,
2024-10-31 04:00:00,4,,
2024-10-31 05:00:00,5,,
2024-10-31 06:00:00,6,,
2024-10-31 07:00:00,7,,
2024-10-31 08:00:00,8,,
2024-10-31 09:00:00,9,,
2024-10-31 10:00:00,10,,
2024-10-31 11:00:00,11,,
2024-10-31 12:00:00,12,,
2024-10-31 13:00:00,13,,
2024-10-31 14:00:00,14,,
2024-10-31 15:00:00,15,,
2024-10-31 16:00:00,16,,
2024-10-31 17:00:00,17,,
2024-10-31 18:00:00,18,,
2024-10-31 19:00:00,19,,
2024-10-31 20:00:00,20,,
2024-10-31 21:00:00,21,,
2024-10-31 22:00:00,22,,
2024-10-31 23:00:00,23,,
2024-11-01 00:00:00,0,,
2024-11-01 01:00:00,1,,
2024-11-01 02:00:00,2,,
2024-11-01 03:00:00,3,,
2024-11-01 04:00:00,4,,
2024-11-01 05:00:00,5,,
2024-11-01 06:00:00,6,,
2024-11-01 07:00:00,7,,
2024-11-01 08:00:00,8,,
2024-11-01 09:00:00,9,,
2024-11-01 10:00:00,10,,
2024-11-01 11:00:00,11,,
2024-11-01 12:00:00,12,,
2024-11-01 13:00:00,13,,
2024-11-01 14:00:00,14,,
2024-11-01 15:00:00,15,,
2024-11-01 16:00:00,16,,
2024-11-01 17:00:00,17,,
2024-11-01 18:00:00,18,,
2024-11-01 19:00:00,19,,
2024-11-01 20:00:00,20,,
2024-11-01 21:00:00,21,,
2024-11-01 22:00:00,22,,
2024-11-01 23:00:00,23,,
2024-11-02 00:00:00,0,,
2024-11-02 01:00:00,1,,
2024-11-02 02:00:00,2,,
2024-11-02 03:00:00,3,,
2024-11-02 04:00:00,4,,
2024-11-02 05:00:00,5,,
2024-11-02 06:00:00,6,,
2024-11-02 07:00:00,7,,
2024-11-02 08:00:00,8,,
2024-11-02 09:00:00,9,,
2024-11-02 10:00:00,10,,
2024-11-02 11:00:00,11,,
2024-11-02 12:00:00,12,,
2024-11-02 13:00:00,13,,
2024-11-02 14:00:00,14,,
2024-11-02 15:00:00,15,,
2024-11-02 16:00:00,16,,
2024-11-02 17:00:00,17,,
2024-11-02 18:00:00,18,,
2024-11-02 19:00:00,19,,
2024-11-02 20:00:00,20,,
2024-11-02 21:00:00,21,,
2024-11-02 22:00:00,22,,
2024-11-02 23:00:00,23,,
2024-11-03 00:00:00,0,,
2024-11-03 01:00:00,1,,
2024-11-03 02:00:00,2,,
2024-11-03 03:00:00,3,,
2024-11-03 04:00:00,4,,
2024-11-03 05:00:00,5,,
2024-11-03 06:00:00,6,,
2024-11-03 07:00:00,7,,
2024-11-03 08:00:00,8,,
2024-11-03 09:00:00,9,,
2024-11-03 10:00:00,10,,
2024-11-03 11:00:00,11,,
2024-11-03 12:00:00,12,,
2024-11-03 13:00:00,13,,
2024-11-03 14:00:00,14,,
2024-11-03 15:00:00,15,,
2024-11-03 16:00:00,16,,
2024-11-03 17:00:00,17,,
2024-11-03 18:00:00,18,,
2024-11-03 19:00:00,19,,
2024-11-03 20:00:00,20,,
2024-11-03 21:00:00,21,,
2024-11-03 22:00:00,22,,
2024-11-03 23:00:00,23,,
2024-11-04 00:00:00,0,,
2024-11-04 01:00:00,1,,
2024-11-04 02:00:00,2,,
2024-11-04 03:00:00,3,,
2024-11-04 04:00:00,4,,
2024-11-04 05:00:00,5,,
2024-11-04 06:00:00,6,,
2024-11-04 07:00:00,7,,
2024-11-04 08:00:00,8,,
2024-11-04 09:00:00,9,,
2024-11-04 10:00:00,10,,
2024-11-04 11:00:00,11,,
2024-11-04 12:00:00,12,,
2024-11-04 13:00:00,13,,
2024-11-04 14:00:00,14,,
2024-11-04 15:00:00,15,,
2024-11-04 16:00:00,16,,
2024-11-04 17:00:00,17,,
2024-11-04 18:00:00,18,,
2024-11-04 19:00:00,19,,
2024-11-04 20:00:00,20,,
2024-11-04 21:00:00,21,,
2024-11-04 22:00:00,22,,
2024-11-04 23:00:00,23,,
2024-11-05 00:00:00,0,,
2024-11-05 01:00:00,1,,
2024-11-05 02:00:00,2,,
2024-11-05 03:00:00,3,,
2024-11-05 04:00:00,4,,
2024-11-05 05:00:00,5,,
2024-11-05 06:00:00,6,,
2024-11-05 07:00:00,7,,
2024-11-05 08:00:00,8,,
2024-11-05 09:00:00,9,,
2024-11-05 10:00:00,10,,
2024-11-05 11:00:00,11,,
2024-11-05 12:00:00,12,,
2024-11-05 13:00:00,13,,
2024-11-05 14:00:00,14,,
2024-11-05 15:00:00,15,,
2024-11-05 16:00:00,16,,
2024-11-05 17:00:00,17,,
2024-11-05 18:00:00,18,,
2024-11-05 19:00:00,19,,
2024-11-05 20:00:00,20,,
2024-11-05 21:00:00,21,,
2024-11-05 22:00:00,22,,
2024-11-05 23:00:00,23,,
2024-11-06 00:00:00,0,,
2024-11-06 01:00:00,1,,
2024-11-06 02:00:00,2,,
2024-11-06 03:00:00,3,,
2024-11-06 04:00:00,4,,
2024-11-06 05:00:00,5,,
2024-11-06 06:00:00,6,,
2024-11-06 07:00:00,7,,
2024-11-06 08:00:00,8,,
2024-11-06 09:00:00,9,,
2024-11-06 10:00:00,10,,
2024-11-06 11:00:00,11,,
2024-11-06 12:00:00,12,,
2024-11-06 13:00:00,13,,
2024-11-06 14:00:00,14,,
2024-11-06 15:00:00,15,,
2024-11-06 16:00:00,16,,
2024-11-06 17:00:00,17,,
2024-11-06 18:00:00,18,,
2024-11-06 19:00:00,19,,
2024-11-06 20:00:00,20,,
2024-11-06 21:00:00,21,,
2024-11-06 22:00:00,22,,
2024-11-06 23:00:00,23,,
2024-11-07 00:00:00,0,,
2024-11-07 01:00:00,1,,
2024-11-07 02:00:00,2,,
2024-11-07 03:00:00,3,,
2024-11-07 04:00:00,4,,
2024-11-07 05:00:00,5,,
2024-11-07 06:00:00,6,,
2024-11-07 07:00:00,7,,
2024-11-07 08:00:00,8,,
2024-11-07 09:00:00,9,,
2024-11-07 10:00:00,10,,
2024-11-07 11:00:00,11,,
2024-11-07 12:00:00,12,,
2024-11-07 13:00:00,13,,
2024-11-07 14:00:00,14,,
2024-11-07 15:00:00,15,,
2024-11-07 16:00:00,16,,
2024-11-07 17:00:00,17,,
2024-11-07 18:00:00,18,,
2024-11-07 19:00:00,19,,
2024-11-07 20:00:00,20,,
2024-11-07 21:00:00,21,,
2024-11-07 22:00:00,22,,
2024-11-07 23:00:00,23,,
2024-11-08 00:00:00,0,,
2024-11-08 01:00:00,1,,
2024-11-08 02:00:00,2,,
2024-11-08 03:00:00,3,,
2024-11-08 04:00:00,4,,
2024-11-08 05:00:00,5,,
2024-11-08 06:00:00,6,,
2024-11-08 07:00:00,7,,
2024-11-08 08:00:00,8,,
2024-11-08 09:00:00,9,,
2024-11-08 10:00:00,10,,
2024-11-08 11:00:00,11,,
2024-11-08 12:00:00,12,,
2024-11-08 13:00:00,13,,
2024-11-08 14:00:00,14,,
2024-11-08 15:00:00,15,,
2024-11-08 16:00:00,16,,
2024-11-08 17:00:00,17,,
2024-11-08 18:00:00,18,,
2024-11-08 19:00:00,19,,
2024-11-08 20:00:00,20,,
2024-11-08 21:00:00,21,,
2024-11-08 22:00:00,22,,
2024-11-08 23:00:00,23,,
2024-11-09 00:00:00,0,,
2024-11-09 01:00:00,1,,
2024-11-09 02:00:00,2,,
2024-11-09 03:00:00,3,,
2024-11-09 04:00:00,4,,
2024-11-09 05:00:00,5,,
2024-11-09 06:00:00,6,,
2024-11-09 07:00:00,7,,
2024-11-09 08:00:00,8,,
2024-11-09 09:00:00,9,,
2024-11-09 10:00:00,10,,
2024-11-09 11:00:00,11,,
2024-11-09 12:00:00,12,,
2024-11-09 13:00:00,13,,
2024-11-09 14:00:00,14,,
2024-11-09 15:00:00,15,,
2024-11-09 16:00:00,16,,
2024-11-09 17:00:00,17,,
2024-11-09 18:00:00,18,,
2024-11-09 19:00:00,19,,
2024-11-09 20:00:00,20,,
2024-11-09 21:00:00,21,,
2024-11-09 22:00:00,22,,
2024-11-09 23:00:00,23,,
2024-11-10 00:00:00,0,,
2024-11-10 01:00:00,1,,
2024-11-10 02:00:00,2,,
2024-11-10 03:00:00,3,,
2024-11-10 04:00:00,4,,
2024-11-10 05:00:00,5,,
2024-11-10 06:00:00,6,,
2024-11-10 07:00:00,7,,
2024-11-10 08:00:00,8,,
2024-11-10 09:00:00,9,,
2024-11-10 10:00:00,10,,
2024-11-10 11:00:00,11,,
2024-11-10 12:00:00,12,,
2024-11-10 13:00:00,13,,
2024-11-10 14:00:00,14,,
2024-11-10 15:00:00,15,,
2024-11-10 16:00:00,16,,
2024-11-10 17:00:00,17,,
2024-11-10 18:00:00,18,,
2024-11-10 19:00:00,19,,
2024-11-10 20:00:00,20,,
2024-11-10 21:00:00,21,,
2024-11-10 22:00:00,22,,
2024-11-10 23:00:00,23,,
2024-11-11 00:00:00,0,,
2024-11-11 01:00:00,1,,
2024-11-11 02:00:00,2,,
2024-11-11 03:00:00,3,,
2024-11-11 04:00:00,4,,
2024-11-11 05:00:00,5,,
2024-11-11 06:00:00,6,,
2024-11-11 07:00:00,7,,
2024-11-11 08:00:00,8,,
2024-11-11 09:00:00,9,,
2024-11-11 10:00:00,10,,
2024-11-11 11:00:00,11,,
2024-11-11 12:00:00,12,,
2024-11-11 13:00:00,13,,
2024-11-11 14:00:00,14,,
2024-11-11 15:00:00,15,,
2024-11-11 16:00:00,16,,
2024-11-11 17:00:00,17,,
2024-11-11 18:00:00,18,,
2024-11-11 19:00:00,19,,
2024-11-11 20:00:00,20,,
2024-11-11 21:00:00,21,,
2024-11-11 22:00:00,22,,
2024-11-11 23:00:00,23,,
2024-11-12 00:00:00,0,,
2024-11-12 01:00:00,1,,
2024-11-12 02:00:00,2,,
2024-11-12 03:00:00,3,,
2024-11-12 04:00:00,4,,
2024-11-12 05:00:00,5,,
2024-11-12 06:00:00,6,,
2024-11-12 07:00:00,7,,
2024-11-12 08:00:00,8,,
2024-11-12 09:00:00,9,,
2024-11-12 10:00:00,10,,
2024-11-12 11:00:00,11,,
2024-11-12 12:00:00,12,,
2024-11-12 13:00:00,13,,
2024-11-12 14:00:00,14,,
2024-11-12 15:00:00,15,,
2024-11-12 16:00:00,16,,
2024-11-12 17:00:00,17,,
2024-11-12 18:00:00,18,,
2024-11-12 19:00:00,19,,
2024-11-12 20:00:00,20,,
2024-11-12 21:00:00,21,,
2024-11-12 22:00:00,22,,
2024-11-12 23:00:00,23,,
2024-11-13 00:00:00,0,,
2024-11-13 01:00:00,1,,
2024-11-13 02:00:00,2,,
2024-11-13 03:00:00,3,,
2024-11-13 04:00:00,4,,
2024-11-13 05:00:00,5,,
2024-11-13 06:00:00,6,,
2024-11-13 07:00:00,7,,
2024-11-13 08:00:00,8,,
2024-11-13 09:00:00,9,,
2024-11-13 10:00:00,10,,
2024-11-13 11:00:00,11,,
2024-11-13 12:00:00,12,,
2024-11-13 13:00:00,13,,
2024-11-13 14:00:00,14,,
2024-11-13 15:00:00,15,,
2024-11-13 16:00:00,16,,
2024-11-13 17:00:00,17,,
2024-11-13 18:00:00,18,,
2024-11-13 19:00:00,19,,
2024-11-13 20:00:00,20,,
2024-11-13 21:00:00,21,,
2024-11-13 22:00:00,22,,
2024-11-13 23:00:00,23,,
2024-11-14 00:00:00,0,,
2024-11-14 01:00:00,1,,
2024-11-14 02:00:00,2,,
2024-11-14 03:00:00,3,,
2024-11-14 04:00:00,4,,
2024-11-14 05:00:00,5,,
2024-11-14 06:00:00,6,,
2024-11-14 07:00:00,7,,
2024-11-14 08:00:00,8,,
2024-11-14 09:00:00,9,,
2024-11-14 10:00:00,10,,
2024-11-14 11:00:00,11,,
2024-11-14 12:00:00,12,,
2024-11-14 13:00:00,13,,
2024-11-14 14:00:00,14,,
2024-11-14 15:00:00,15,,
2024-11-14 16:00:00,16,,
2024-11-14 17:00:00,17,,
2024-11-14 18:00:00,18,,
2024-11-14 19:00:00,19,,
2024-11-14 20:00:00,20,,
2024-11-14 21:00:00,21,,
2024-11-14 22:00:00,22,,
2024-11-14 23:00:00,23,,
2024-11-15 00:00:00,0,,
2024-11-15 01:00:00,1,,
2024-11-15 02:00:00,2,,
2024-11-15 03:00:00,3,,
2024-11-15 04:00:00,4,,
2024-11-15 05:00:00,5,,
2024-11-15 06:00:00,6,,
2024-11-15 07:00:00,7,,
2024-11-15 08:00:00,8,,
2024-11-15 09:00:00,9,,
2024-11-15 10:00:00,10,,
2024-11-15 11:00:00,11,,
2024-11-15 12:00:00,12,,
2024-11-15 13:00:00,13,,
2024-11-15 14:00:00,14,,
2024-11-15 15:00:00,15,,
2024-11-15 16:00:00,16,,
2024-11-15 17:00:00,17,,
2024-11-15 18:00:00,18,,
2024-11-15 19:00:00,19,,
2024-11-15 20:00:00,20,,
2024-11-15 21:00:00,21,,
2024-11-15 22:00:00,22,,
2024-11-15 23:00:00,23,,
2024-11-16 00:00:00,0,,
2024-11-16 01:00:00,1,,
2024-11-16 02:00:00,2,,
2024-11-16 03:00:00,3,,
2024-11-16 04:00:00,4,,
2024-11-16 05:00:00,5,,
2024-11-16 06:00:00,6,,
2024-11-16 07:00:00,7,,
2024-11-16 08:00:00,8,,
2024-11-16 09:00:00,9,,
2024-11-16 10:00:00,10,,
2024-11-16 11:00:00,11,,
2024-11-16 12:00:00,12,,
2024-11-16 13:00:00,13,,
2024-11-16 14:00:00,14,,
2024-11-16 15:00:00,15,,
2024-11-16 16:00:00,16,,
2024-11-16 17:00:00,17,,
2024-11-16 18:00:00,18,,
2024-11-16 19:00:00,19,,
2024-11-16 20:00:00,20,,
2024-11-16 21:00:00,21,,
2024-11-16 22:00:00,22,,
2024-11-16 23:00:00,23,,
2024-11-17 00:00:00,0,,
2024-11-17 01:00:00,1,,
2024-11-17 02:00:00,2,,
2024-11-17 03:00:00,3,,
2024-11-17 04:00:00,4,,
2024-11-17 05:00:00,5,,
2024-11-17 06:00:00,6,,
2024-11-17 07:00:00,7,,
2024-11-17 08:00:00,8,,
2024-11-17 09:00:00,9,,
2024-11-17 10:00:00,10,,
2024-11-17 11:00:00,11,,
2024-11-17 12:00:00,12,,
2024-11-17 13:00:00,13,,
2024-11-17 14:00:00,14,,
2024-11-17 15:00:00,15,,
2024-11-17 16:00:00,16,,
2024-11-17 17:00:00,17,,
2024-11-17 18:00:00,18,,
2024-11-17 19:00:00,19,,
2024-11-17 20:00:00,20,,
2024-11-17 21:00:00,21,,
2024-11-17 22:00:00,22,,
2024-11-17 23:00:00,23,,
2024-11-18 00:00:00,0,,
2024-11-18 01:00:00,1,,
2024-11-18 02:00:00,2,,
2024-11-18 03:00:00,3,,
2024-11-18 04:00:00,4,,
2024-11-18 05:00:00,5,,
2024-11-18 06:00:00,6,,
2024-11-18 07:00:00,7,,
2024-11-18 08:00:00,8,,
2024-11-18 09:00:00,9,,
2024-11-18 10:00:00,10,,
2024-11-18 11:00:00,11,,
2024-11-18 12:00:00,12,,
2024-11-18 13:00:00,13,,
2024-11-18 14:00:00,14,,
2024-11-18 15:00:00,15,,
2024-11-18 16:00:00,16,,
2024-11-18 17:00:00,17,,
2024-11-18 18:00:00,18,,
2024-11-18 19:00:00,19,,
2024-11-18 20:00:00,20,,
2024-11-18 21:00:00,21,,
2024-11-18 22:00:00,22,,
2024-11-18 23:00:00,23,,
2024-11-19 00:00:00,0,,
2024-11-19 01:00:00,1,,
2024-11-19 02:00:00,2,,
2024-11-19 03:00:00,3,,
2024-11-19 04:00:00,4,,
2024-11-19 05:00:00,5,,
2024-11-19 06:00:00,6,,
2024-11-19 07:00:00,7,,
2024-11-19 08:00:00,8,,
2024-11-19 09:00:00,9,,
2024-11-19 10:00:00,10,,
2024-11-19 11:00:00,11,,
2024-11-19 12:00:00,12,,
2024-11-19 13:00:00,13,,
2024-11-19 14:00:00,14,,
2024-11-19 15:00:00,15,,
2024-11-19 16:00:00,16,,
2024-11-19 17:00:00,17,,
2024-11-19 18:00:00,18,,
2024-11-19 19:00:00,19,,
2024-11-19 20:00:00,20,,
2024-11-19 21:00:00,21,,
2024-11-19 22:00:00,22,,
2024-11-19 23:00:00,23,,
2024-11-20 00:00:00,0,,
2024-11-20 01:00:00,1,,
2024-11-20 02:00:00,2,,
2024-11-20 03:00:00,3,,
2024-11-20 04:00:00,4,,
2024-11-20 05:00:00,5,,
2024-11-20 06:00:00,6,,
2024-11-20 07:00:00,7,,
2024-11-20 08:00:00,8,,
2024-11-20 09:00:00,9,,
2024-11-20 10:00:00,10,,
2024-11-20 11:00:00,11,,
2024-11-20 12:00:00,12,,
2024-11-20 13:00:00,13,,
2024-11-20 14:00:00,14,,
2024-11-20 15:00:00,15,,
2024-11-20 16:00:00,16,,
2024-11-20 17:00:00,17,,
2024-11-20 18:00:00,18,,
2024-11-20 19:00:00,19,,
2024-11-20 20:00:00,20,,
2024-11-20 21:00:00,21,,
2024-11-20 22:00:00,22,,
2024-11-20 23:00:00,23,,
2024-11-21 00:00:00,0,,
2024-11-21 01:00:00,1,,
2024-11-21 02:00:00,2,,
2024-11-21 03:00:00,3,,
2024-11-21 04:00:00,4,,
2024-11-21 05:00:00,5,,
2024-11-21 06:00:00,6,,
2024-11-21 07:00:00,7,,
2024-11-21 08:00:00,8,,
2024-11-21 09:00:00,9,,
2024-11-21 10:00:00,10,,
2024-11-21 11:00:00,11,,
2024-11-21 12:00:00,12,,
2024-11-21 13:00:00,13,,
2024-11-21 14:00:00,14,,
2024-11-21 15:00:00,15,,
2024-11-21 16:00:00,16,,
2024-11-21 17:00:00,17,,
2024-11-21 18:00:00,18,,
2024-11-21 19:00:00,19,,
2024-11-21 20:00:00,20,,
2024-11-21 21:00:00,21,,
2024-11-21 22:00:00,22,,
2024-11-21 23:00:00,23,,
2024-11-22 00:00:00,0,,
2024-11-22 01:00:00,1,,
2024-11-22 02:00:00,2,,
2024-11-22 03:00:00,3,,
2024-11-22 04:00:00,4,,
2024-11-22 05:00:00,5,,
2024-11-22 06:00:00,6,,
2024-11-22 07:00:00,7,,
2024-11-22 08:00:00,8,,
2024-11-22 09:00:00,9,,
2024-11-22 10:00:00,10,,
2024-11-22 11:00:00,11,,
2024-11-22 12:00:00,12,,
2024-11-22 13:00:00,13,,
2024-11-22 14:00:00,14,,
2024-11-22 15:00:00,15,,
2024-11-22 16:00:00,16,,
2024-11-22 17:00:00,17,,
2024-11-22 18:00:00,18,,
2024-11-22 19:00:00,19,,
2024-11-22 20:00:00,20,,
2024-11-22 21:00:00,21,,
2024-11-22 22:00:00,22,,
2024-11-22 23:00:00,23,,
2024-11-23 00:00:00,0,,
2024-11-23 01:00:00,1,,
2024-11-23 02:00:00,2,,
2024-11-23 03:00:00,3,,
2024-11-23 04:00:00,4,,
2024-11-23 05:00:00,5,,
2024-11-23 06:00:00,6,,
2024-11-23 07:00:00,7,,
2024-11-23 08:00:00,8,,
2024-11-23 09:00:00,9,,
2024-11-23 10:00:00,10,,
2024-11-23 11:00:00,11,,
2024-11-23 12:00:00,12,,
2024-11-23 13:00:00,13,,
2024-11-23 14:00:00,14,,
2024-11-23 15:00:00,15,,
2024-11-23 16:00:00,16,,
2024-11-23 17:00:00,17,,
2024-11-23 18:00:00,18,,
2024-11-23 19:00:00,19,,
2024-11-23 20:00:00,20,,
2024-11-23 21:00:00,21,,
2024-11-23 22:00:00,22,,
2024-11-23 23:00:00,23,,
2024-11-24 00:00:00,0,,
2024-11-24 01:00:00,1,,
2024-11-24 02:00:00,2,,
2024-11-24 03:00:00,3,,
2024-11-24 04:00:00,4,,
2024-11-24 05:00:00,5,,
2024-11-24 06:00:00,6,,
2024-11-24 07:00:00,7,,
2024-11-24 08:00:00,8,,
2024-11-24 09:00:00,9,,
2024-11-24 10:00:00,10,,
2024-11-24 11:00:00,11,,
2024-11-24 12:00:00,12,,
2024-11-24 13:00:00,13,,
2024-11-24 14:00:00,14,,
2024-11-24 15:00:00,15,,
2024-11-24 16:00:00,16,,
2024-11-24 17:00:00,17,,
2024-11-24 18:00:00,18,,
2024-11-24 19:00:00,19,,
2024-11-24 20:00:00,20,,
2024-11-24 21:00:00,21,,
2024-11-24 22:00:00,22,,
2024-11-24 23:00:00,23,,
2024-11-25 00:00:00,0,,
2024-11-25 01:00:00,1,,
2024-11-25 02:00:00,2,,
2024-11-25 03:00:00,3,,
2024-11-25 04:00:00,4,,
2024-11-25 05:00:00,5,,
2024-11-25 06:00:00,6,,
2024-11-25 07:00:00,7,,
2024-11-25 08:00:00,8,,
2024-11-25 09:00:00,9,,
2024-11-25 10:00:00,10,,
2024-11-25 11:00:00,11,,
2024-11-25 12:00:00,12,,
2024-11-25 13:00:00,13,,
2024-11-25 14:00:00,14,,
2024-11-25 15:00:00,15,,
2024-11-25 16:00:00,16,,
2024-11-25 17:00:00,17,,
2024-11-25 18:00:00,18,,
2024-11-25 19:00:00,19,,
2024-11-25 20:00:00,20,,
2024-11-25 21:00:00,21,,
2024-11-25 22:00:00,22,,
2024-11-25 23:00:00,23,,
2024-11-26 00:00:00,0,,
2024-11-26 01:00:00,1,,
2024-11-26 02:00:00,2,,
2024-11-26 03:00:00,3,,
2024-11-26 04:00:00,4,,
2024-11-26 05:00:00,5,,
2024-11-26 06:00:00,6,,
2024-11-26 07:00:00,7,,
2024-11-26 08:00:00,8,,
2024-11-26 09:00:00,9,,
2024-11-26 10:00:00,10,,
2024-11-26 11:00:00,11,,
2024-11-26 12:00:00,12,,
2024-11-26 13:00:00,13,,
2024-11-26 14:00:00,14,,
2024-11-26 15:00:00,15,,
2024-11-26 16:00:00,16,,
2024-11-26 17:00:00,17,,
2024-11-26 18:00:00,18,,
2024-11-26 19:00:00,19,,
2024-11-26 20:00:00,20,,
2024-11-26 21:00:00,21,,
2024-11-26 22:00:00,22,,
2024-11-26 23:00:00,23,,
2024-11-27 00:00:00,0,,
2024-11-27 01:00:00,1,,
2024-11-27 02:00:00,2,,
2024-11-27 03:00:00,3,,
2024-11-27 04:00:00,4,,
2024-11-27 05:00:00,5,,
2024-11-27 06:00:00,6,,
2024-11-27 07:00:00,7,,
2024-11-27 08:00:00,8,,
2024-11-27 09:00:00,9,,
2024-11-27 10:00:00,10,,
2024-11-27 11:00:00,11,,
2024-11-27 12:00:00,12,,
2024-11-27 13:00:00,13,,
2024-11-27 14:00:00,14,,
2024-11-27 15:00:00,15,,
2024-11-27 16:00:00,16,,
2024-11-27 17:00:00,17,,
2024-11-27 18:00:00,18,,
2024-11-27 19:00:00,19,,
2024-11-27 20:00:00,20,,
2024-11-27 21:00:00,21,,
2024-11-27 22:00:00,22,,
2024-11-27 23:00:00,23,,
2024-11-28 00:00:00,0,,
2024-11-28 01:00:00,1,,
2024-11-28 02:00:00,2,,
2024-11-28 03:00:00,3,,
2024-11-28 04:00:00,4,,
2024-11-28 05:00:00,5,,
2024-11-28 06:00:00,6,,
2024-11-28 07:00:00,7,,
2024-11-28 08:00:00,8,,
2024-11-28 09:00:00,9,,
2024-11-28 10:00:00,10,,
2024-11-28 11:00:00,11,,
2024-11-28 12:00:00,12,,
2024-11-28 13:00:00,13,,
2024-11-28 14:00:00,14,,
2024-11-28 15:00:00,15,,
2024-11-28 16:00:00,16,,
2024-11-28 17:00:00,17,,
2024-11-28 18:00:00,18,,
2024-11-28 19:00:00,19,,
2024-11-28 20:00:00,20,,
2024-11-28 21:00:00,21,,
2024-11-28 22:00:00,22,,
2024-11-28 23:00:00,23,,
2024-11-29 00:00:00,0,,
2024-11-29 01:00:00,1,,
2024-11-29 02:00:00,2,,
2024-11-29 03:00:00,3,,
2024-11-29 04:00:00,4,,
2024-11-29 05:00:00,5,,
2024-11-29 06:00:00,6,,
2024-11-29 07:00:00,7,,
2024-11-29 08:00:00,8,,
2024-11-29 09:00:00,9,,
2024-11-29 10:00:00,10,,
2024-11-29 11:00:00,11,,
2024-11-29 12:00:00,12,,
2024-11-29 13:00:00,13,,
2024-11-29 14:00:00,14,,
2024-11-29 15:00:00,15,,
2024-11-29 16:00:00,16,,
2024-11-29 17:00:00,17,,
2024-11-29 18:00:00,18,,
2024-11-29 19:00:00,19,,
2024-11-29 20:00:00,20,,
2024-11-29 21:00:00,21,,
2024-11-29 22:00:00,22,,
2024-11-29 23:00:00,23,,
2024-11-30 00:00:00,0,,
2024-11-30 01:00:00,1,,
2024-11-30 02:00:00,2,,
2024-11-30 03:00:00,3,,
2024-11-30 04:00:00,4,,
2024-11-30 05:00:00,5,,
2024-11-30 06:00:00,6,,
2024-11-30 07:00:00,7,,
2024-11-30 08:00:00,8,,
2024-11-30 09:00:00,9,,
2024-11-30 10:00:00,10,,
2024-11-30 11:00:00,11,,
2024-11-30 12:00:00,12,,
2024-11-30 13:00:00,13,,
2024-11-30 14:00:00,14,,
2024-11-30 15:00:00,15,,
2024-11-30 16:00:00,16,,
2024-11-30 17:00:00,17,,
2024-11-30 18:00:00,18,,
2024-11-30 19:00:00,19,,
2024-11-30 20:00:00,20,,
2024-11-30 21:00:00,21,,
2024-11-30 22:00:00,22,,
2024-11-30 23:00:00,23,,
2024-12-01 00:00:00,0,,
2024-12-01 01:00:00,1,,
2024-12-01 02:00:00,2,,
2024-12-01 03:00:00,3,,
2024-12-01 04:00:00,4,,
2024-12-01 05:00:00,5,,
2024-12-01 06:00:00,6,,
2024-12-01 07:00:00,7,,
2024-12-01 08:00:00,8,,
2024-12-01 09:00:00,9,,
2024-12-01 10:00:00,10,,
2024-12-01 11:00:00,11,,
2024-12-01 12:00:00,12,,
2024-12-01 13:00:00,13,,
2024-12-01 14:00:00,14,,
2024-12-01 15:00:00,15,,
2024-12-01 16:00:00,16,,
2024-12-01 17:00:00,17,,
2024-12-01 18:00:00,18,,
2024-12-01 19:00:00,19,,
2024-12-01 20:00:00,20,,
2024-12-01 21:00:00,21,,
2024-12-01 22:00:00,22,,
2024-12-01 23:00:00,23,,
2024-12-02 00:00:00,0,,
2024-12-02 01:00:00,1,,
2024-12-02 02:00:00,2,,
2024-12-02 03:00:00,3,,
2024-12-02 04:00:00,4,,
2024-12-02 05:00:00,5,,
2024-12-02 06:00:00,6,,
2024-12-02 07:00:00,7,,
2024-12-02 08:00:00,8,,
2024-12-02 09:00:00,9,,
2024-12-02 10:00:00,10,,
2024-12-02 11:00:00,11,,
2024-12-02 12:00:00,12,,
2024-12-02 13:00:00,13,,
2024-12-02 14:00:00,14,,
2024-12-02 15:00:00,15,,
2024-12-02 16:00:00,16,,
2024-12-02 17:00:00,17,,
2024-12-02 18:00:00,18,,
2024-12-02 19:00:00,19,,
2024-12-02 20:00:00,20,,
2024-12-02 21:00:00,21,,
2024-12-02 22:00:00,22,,
2024-12-02 23:00:00,23,,
2024-12-03 00:00:00,0,,
2024-12-03 01:00:00,1,,
2024-12-03 02:00:00,2,,
2024-12-03 03:00:00,3,,
2024-12-03 04:00:00,4,,
2024-12-03 05:00:00,5,,
2024-12-03 06:00:00,6,,
2024-12-03 07:00:00,7,,
2024-12-03 08:00:00,8,,
2024-12-03 09:00:00,9,,
2024-12-03 10:00:00,10,,
2024-12-03 11:00:00,11,,
2024-12-03 12:00:00,12,,
2024-12-03 13:00:00,13,,
2024-12-03 14:00:00,14,,
2024-12-03 15:00:00,15,,
2024-12-03 16:00:00,16,,
2024-12-03 17:00:00,17,,
2024-12-03 18:00:00,18,,
2024-12-03 19:00:00,19,,
2024-12-03 20:00:00,20,,
2024-12-03 21:00:00,21,,
2024-12-03 22:00:00,22,,
2024-12-03 23:00:00,23,,
2024-12-04 00:00:00,0,,
2024-12-04 01:00:00,1,,
2024-12-04 02:00:00,2,,
2024-12-04 03:00:00,3,,
2024-12-04 04:00:00,4,,
2024-12-04 05:00:00,5,,
2024-12-04 06:00:00,6,,
2024-12-04 07:00:00,7,,
2024-12-04 08:00:00,8,,
2024-12-04 09:00:00,9,,
2024-12-04 10:00:00,10,,
2024-12-04 11:00:00,11,,
2024-12-04 12:00:00,12,,
2024-12-04 13:00:00,13,,
2024-12-04 14:00:00,14,,
2024-12-04 15:00:00,15,,
2024-12-04 16:00:00,16,,
2024-12-04 17:00:00,17,,
2024-12-04 18:00:00,18,,
2024-12-04 19:00:00,19,,
2024-12-04 20:00:00,20,,
2024-12-04 21:00:00,21,,
2024-12-04 22:00:00,22,,
2024-12-04 23:00:00,23,,
2024-12-05 00:00:00,0,,
2024-12-05 01:00:00,1,,
2024-12-05 02:00:00,2,,
2024-12-05 03:00:00,3,,
2024-12-05 04:00:00,4,,
2024-12-05 05:00:00,5,,
2024-12-05 06:00:00,6,,
2024-12-05 07:00:00,7,,
2024-12-05 08:00:00,8,,
2024-12-05 09:00:00,9,,
2024-12-05 10:00:00,10,,
2024-12-05 11:00:00,11,,
2024-12-05 12:00:00,12,,
2024-12-05 13:00:00,13,,
2024-12-05 14:00:00,14,,
2024-12-05 15:00:00,15,,
2024-12-05 16:00:00,16,,
2024-12-05 17:00:00,17,,
2024-12-05 18:00:00,18,,
2024-12-05 19:00:00,19,,
2024-12-05 20:00:00,20,,
2024-12-05 21:00:00,21,,
2024-12-05 22:00:00,22,,
2024-12-05 23:00:00,23,,
2024-12-06 00:00:00,0,,
2024-12-06 01:00:00,1,,
2024-12-06 02:00:00,2,,
2024-12-06 03:00:00,3,,
2024-12-06 04:00:00,4,,
2024-12-06 05:00:00,5,,
2024-12-06 06:00:00,6,,
2024-12-06 07:00:00,7,,
2024-12-06 08:00:00,8,,
2024-12-06 09:00:00,9,,
2024-12-06 10:00:00,10,,
2024-12-06 11:00:00,11,,
2024-12-06 12:00:00,12,,
2024-12-06 13:00:00,13,,
2024-12-06 14:00:00,14,,
2024-12-06 15:00:00,15,,
2024-12-06 16:00:00,16,,
2024-12-06 17:00:00,17,,
2024-12-06 18:00:00,18,,
2024-12-06 19:00:00,19,,
2024-12-06 20:00:00,20,,
2024-12-06 21:00:00,21,,
2024-12-06 22:00:00,22,,
2024-12-06 23:00:00,23,,
2024-12-07 00:00:00,0,,
2024-12-07 01:00:00,1,,
2024-12-07 02:00:00,2,,
2024-12-07 03:00:00,3,,
2024-12-07 04:00:00,4,,
2024-12-07 05:00:00,5,,
2024-12-07 06:00:00,6,,
2024-12-07 07:00:00,7,,
2024-12-07 08:00:00,8,,
2024-12-07 09:00:00,9,,
2024-12-07 10:00:00,10,,
2024-12-07 11:00:00,11,,
2024-12-07 12:00:00,12,,
2024-12-07 13:00:00,13,,
2024-12-07 14:00:00,14,,
2024-12-07 15:00:00,15,,
2024-12-07 16:00:00,16,,
2024-12-07 17:00:00,17,,
2024-12-07 18:00:00,18,,
2024-12-07 19:00:00,19,,
2024-12-07 20:00:00,20,,
2024-12-07 21:00:00,21,,
2024-12-07 22:00:00,22,,
2024-12-07 23:00:00,23,,
2024-12-08 00:00:00,0,,
2024-12-08 01:00:00,1,,
2024-12-08 02:00:00,2,,
2024-12-08 03:00:00,3,,
2024-12-08 04:00:00,4,,
2024-12-08 05:00:00,5,,
2024-12-08 06:00:00,6,,
2024-12-08 07:00:00,7,,
2024-12-08 08:00:00,8,,
2024-12-08 09:00:00,9,,
2024-12-08 10:00:00,10,,
2024-12-08 11:00:00,11,,
2024-12-08 12:00:00,12,,
2024-12-08 13:00:00,13,,
2024-12-08 14:00:00,14,,
2024-12-08 15:00:00,15,,
2024-12-08 16:00:00,16,,
2024-12-08 17:00:00,17,,
2024-12-08 18:00:00,18,,
2024-12-08 19:00:00,19,,
2024-12-08 20:00:00,20,,
2024-12-08 21:00:00,21,,
2024-12-08 22:00:00,22,,
2024-12-08 23:00:00,23,,
2024-12-09 00:00:00,0,,
2024-12-09 01:00:00,1,,
2024-12-09 02:00:00,2,,
2024-12-09 03:00:00,3,,
2024-12-09 04:00:00,4,,
2024-12-09 05:00:00,5,,
2024-12-09 06:00:00,6,,
2024-12-09 07:00:00,7,,
2024-12-09 08:00:00,8,,
2024-12-09 09:00:00,9,,
2024-12-09 10:00:00,10,,
2024-12-09 11:00:00,11,,
2024-12-09 12:00:00,12,,
2024-12-09 13:00:00,13,,
2024-12-09 14:00:00,14,,
2024-12-09 15:00:00,15,,
2024-12-09 16:00:00,16,,
2024-12-09 17:00:00,17,,
2024-12-09 18:00:00,18,,
2024-12-09 19:00:00,19,,
2024-12-09 20:00:00,20,,
2024-12-09 21:00:00,21,,
2024-12-09 22:00:00,22,,
2024-12-09 23:00:00,23,,
2024-12-10 00:00:00,0,,
2024-12-10 01:00:00,1,,
2024-12-10 02:00:00,2,,
2024-12-10 03:00:00,3,,
2024-12-10 04:00:00,4,,
2024-12-10 05:00:00,5,,
2024-12-10 06:00:00,6,,
2024-12-10 07:00:00,7,,
2024-12-10 08:00:00,8,,
2024-12-10 09:00:00,9,,
2024-12-10 10:00:00,10,,
2024-12-10 11:00:00,11,,
2024-12-10 12:00:00,12,,
2024-12-10 13:00:00,13,,
2024-12-10 14:00:00,14,,
2024-12-10 15:00:00,15,,
2024-12-10 16:00:00,16,,
2024-12-10 17:00:00,17,,
2024-12-10 18:00:00,18,,
2024-12-10 19:00:00,19,,
2024-12-10 20:00:00,20,,
2024-12-10 21:00:00,21,,
2024-12-10 22:00:00,22,,
2024-12-10 23:00:00,23,,
2024-12-11 00:00:00,0,,
2024-12-11 01:00:00,1,,
2024-12-11 02:00:00,2,,
2024-12-11 03:00:00,3,,
2024-12-11 04:00:00,4,,
2024-12-11 05:00:00,5,,
2024-12-11 06:00:00,6,,
2024-12-11 07:00:00,7,,
2024-12-11 08:00:00,8,,
2024-12-11 09:00:00,9,,
2024-12-11 10:00:00,10,,
2024-12-11 11:00:00,11,,
2024-12-11 12:00:00,12,,
2024-12-11 13:00:00,13,,
2024-12-11 14:00:00,14,,
2024-12-11 15:00:00,15,,
2024-12-11 16:00:00,16,,
2024-12-11 17:00:00,17,,
2024-12-11 18:00:00,18,,
2024-12-11 19:00:00,19,,
2024-12-11 20:00:00,20,,
2024-12-11 21:00:00,21,,
2024-12-11 22:00:00,22,,
2024-12-11 23:00:00,23,,
2024-12-12 00:00:00,0,,
2024-12-12 01:00:00,1,,
2024-12-12 02:00:00,2,,
2024-12-12 03:00:00,3,,
2024-12-12 04:00:00,4,,
2024-12-12 05:00:00,5,,
2024-12-12 06:00:00,6,,
2024-12-12 07:00:00,7,,
2024-12-12 08:00:00,8,,
2024-12-12 09:00:00,9,,
2024-12-12 10:00:00,10,,
2024-12-12 11:00:00,11,,
2024-12-12 12:00:00,12,,
2024-12-12 13:00:00,13,,
2024-12-12 14:00:00,14,,
2024-12-12 15:00:00,15,,
2024-12-12 16:00:00,16,,
2024-12-12 17:00:00,17,,
2024-12-12 18:00:00,18,,
2024-12-12 19:00:00,19,,
2024-12-12 20:00:00,20,,
2024-12-12 21:00:00,21,,
2024-12-12 22:00:00,22,,
2024-12-12 23:00:00,23,,
2024-12-13 00:00:00,0,,
2024-12-13 01:00:00,1,,
2024-12-13 02:00:00,2,,
2024-12-13 03:00:00,3,,
2024-12-13 04:00:00,4,,
2024-12-13 05:00:00,5,,
2024-12-13 06:00:00,6,,
2024-12-13 07:00:00,7,,
2024-12-13 08:00:00,8,,
2024-12-13 09:00:00,9,,
2024-12-13 10:00:00,10,,
2024-12-13 11:00:00,11,,
2024-12-13 12:00:00,12,,
2024-12-13 13:00:00,13,,
2024-12-13 14:00:00,14,,
2024-12-13 15:00:00,15,,
2024-12-13 16:00:00,16,,
2024-12-13 17:00:00,17,,
2024-12-13 18:00:00,18,,
2024-12-13 19:00:00,19,,
2024-12-13 20:00:00,20,,
2024-12-13 21:00:00,21,,
2024-12-13 22:00:00,22,,
2024-12-13 23:00:00,23,,
2024-12-14 00:00:00,0,,
2024-12-14 01:00:00,1,,
2024-12-14 02:00:00,2,,
2024-12-14 03:00:00,3,,
2024-12-14 04:00:00,4,,
2024-12-14 05:00:00,5,,
2024-12-14 06:00:00,6,,
2024-12-14 07:00:00,7,,
2024-12-14 08:00:00,8,,
2024-12-14 09:00:00,9,,
2024-12-14 10:00:00,10,,
2024-12-14 11:00:00,11,,
2024-12-14 12:00:00,12,,
2024-12-14 13:00:00,13,,
2024-12-14 14:00:00,14,,
2024-12-14 15:00:00,15,,
2024-12-14 16:00:00,16,,
2024-12-14 17:00:00,17,,
2024-12-14 18:00:00,18,,
2024-12-14 19:00:00,19,,
2024-12-14 20:00:00,20,,
2024-12-14 21:00:00,21,,
2024-12-14 22:00:00,22,,
2024-12-14 23:00:00,23,,
2024-12-15 00:00:00,0,,
2024-12-15 01:00:00,1,,
2024-12-15 02:00:00,2,,
2024-12-15 03:00:00,3,,
2024-12-15 04:00:00,4,,
2024-12-15 05:00:00,5,,
2024-12-15 06:00:00,6,,
2024-12-15 07:00:00,7,,
2024-12-15 08:00:00,8,,
2024-12-15 09:00:00,9,,
2024-12-15 10:00:00,10,,
2024-12-15 11:00:00,11,,
2024-12-15 12:00:00,12,,
2024-12-15 13:00:00,13,,
2024-12-15 14:00:00,14,,
2024-12-15 15:00:00,15,,
2024-12-15 16:00:00,16,,
2024-12-15 17:00:00,17,,
2024-12-15 18:00:00,18,,
2024-12-15 19:00:00,19,,
2024-12-15 20:00:00,20,,
2024-12-15 21:00:00,21,,
2024-12-15 22:00:00,22,,
2024-12-15 23:00:00,23,,
2024-12-16 00:00:00,0,,
2024-12-16 01:00:00,1,,
2024-12-16 02:00:00,2,,
2024-12-16 03:00:00,3,,
2024-12-16 04:00:00,4,,
2024-12-16 05:00:00,5,,
2024-12-16 06:00:00,6,,
2024-12-16 07:00:00,7,,
2024-12-16 08:00:00,8,,
2024-12-16 09:00:00,9,,
2024-12-16 10:00:00,10,,
2024-12-16 11:00:00,11,,
2024-12-16 12:00:00,12,,
2024-12-16 13:00:00,13,,
2024-12-16 14:00:00,14,,
2024-12-16 15:00:00,15,,
2024-12-16 16:00:00,16,,
2024-12-16 17:00:00,17,,
2024-12-16 18:00:00,18,,
2024-12-16 19:00:00,19,,
2024-12-16 20:00:00,20,,
2024-12-16 21:00:00,21,,
2024-12-16 22:00:00,22,,
2024-12-16 23:00:00,23,,
2024-12-17 00:00:00,0,,
2024-12-17 01:00:00,1,,
2024-12-17 02:00:00,2,,
2024-12-17 03:00:00,3,,
2024-12-17 04:00:00,4,,
2024-12-17 05:00:00,5,,
2024-12-17 06:00:00,6,,
2024-12-17 07:00:00,7,,
2024-12-17 08:00:00,8,,
2024-12-17 09:00:00,9,,
2024-12-17 10:00:00,10,,
2024-12-17 11:00:00,11,,
2024-12-17 12:00:00,12,,
2024-12-17 13:00:00,13,,
2024-12-17 14:00:00,14,,
2024-12-17 15:00:00,15,,
2024-12-17 16:00:00,16,,
2024-12-17 17:00:00,17,,
2024-12-17 18:00:00,18,,
2024-12-17 19:00:00,19,,
2024-12-17 20:00:00,20,,
2024-12-17 21:00:00,21,,
2024-12-17 22:00:00,22,,
2024-12-17 23:00:00,23,,
2024-12-18 00:00:00,0,,
2024-12-18 01:00:00,1,,
2024-12-18 02:00:00,2,,
2024-12-18 03:00:00,3,,
2024-12-18 04:00:00,4,,
2024-12-18 05:00:00,5,,
2024-12-18 06:00:00,6,,
2024-12-18 07:00:00,7,,
2024-12-18 08:00:00,8,,
2024-12-18 09:00:00,9,,
2024-12-18 10:00:00,10,,
2024-12-18 11:00:00,11,,
2024-12-18 12:00:00,12,,
2024-12-18 13:00:00,13,,
2024-12-18 14:00:00,14,,
2024-12-18 15:00:00,15,,
2024-12-18 16:00:00,16,,
2024-12-18 17:00:00,17,,
2024-12-18 18:00:00,18,,
2024-12-18 19:00:00,19,,
2024-12-18 20:00:00,20,,
2024-12-18 21:00:00,21,,
2024-12-18 22:00:00,22,,
2024-12-18 23:00:00,23,,
2024-12-19 00:00:00,0,,
2024-12-19 01:00:00,1,,
2024-12-19 02:00:00,2,,
2024-12-19 03:00:00,3,,
2024-12-19 04:00:00,4,,
2024-12-19 05:00:00,5,,
2024-12-19 06:00:00,6,,
2024-12-19 07:00:00,7,,
2024-12-19 08:00:00,8,,
2024-12-19 09:00:00,9,,
2024-12-19 10:00:00,10,,
2024-12-19 11:00:00,11,,
2024-12-19 12:00:00,12,,
2024-12-19 13:00:00,13,,
2024-12-19 14:00:00,14,,
2024-12-19 15:00:00,15,,
2024-12-19 16:00:00,16,,
2024-12-19 17:00:00,17,,
2024-12-19 18:00:00,18,,
2024-12-19 19:00:00,19,,
2024-12-19 20:00:00,20,,
2024-12-19 21:00:00,21,,
2024-12-19 22:00:00,22,,
2024-12-19 23:00:00,23,,
2024-12-20 00:00:00,0,,
2024-12-20 01:00:00,1,,
2024-12-20 02:00:00,2,,
2024-12-20 03:00:00,3,,
2024-12-20 04:00:00,4,,
2024-12-20 05:00:00,5,,
2024-12-20 06:00:00,6,,
2024-12-20 07:00:00,7,,
2024-12-20 08:00:00,8,,
2024-12-20 09:00:00,9,,
2024-12-20 10:00:00,10,,
2024-12-20 11:00:00,11,,
2024-12-20 12:00:00,12,,
2024-12-20 13:00:00,13,,
2024-12-20 14:00:00,14,,
2024-12-20 15:00:00,15,,
2024-12-20 16:00:00,16,,
2024-12-20 17:00:00,17,,
2024-12-20 18:00:00,18,,
2024-12-20 19:00:00,19,,
2024-12-20 20:00:00,20,,
2024-12-20 21:00:00,21,,
2024-12-20 22:00:00,22,,
2024-12-20 23:00:00,23,,
2024-12-21 00:00:00,0,,
2024-12-21 01:00:00,1,,
2024-12-21 02:00:00,2,,
2024-12-21 03:00:00,3,,
2024-12-21 04:00:00,4,,
2024-12-21 05:00:00,5,,
2024-12-21 06:00:00,6,,
2024-12-21 07:00:00,7,,
2024-12-21 08:00:00,8,,
2024-12-21 09:00:00,9,,
2024-12-21 10:00:00,10,,
2024-12-21 11:00:00,11,,
2024-12-21 12:00:00,12,,
2024-12-21 13:00:00,13,,
2024-12-21 14:00:00,14,,
2024-12-21 15:00:00,15,,
2024-12-21 16:00:00,16,,
2024-12-21 17:00:00,17,,
2024-12-21 18:00:00,18,,
2024-12-21 19:00:00,19,,
2024-12-21 20:00:00,20,,
2024-12-21 21:00:00,21,,
2024-12-21 22:00:00,22,,
2024-12-21 23:00:00,23,,
2024-12-22 00:00:00,0,,
2024-12-22 01:00:00,1,,
2024-12-22 02:00:00,2,,
2024-12-22 03:00:00,3,,
2024-12-22 04:00:00,4,,
2024-12-22 05:00:00,5,,
2024-12-22 06:00:00,6,,
2024-12-22 07:00:00,7,,
2024-12-22 08:00:00,8,,
2024-12-22 09:00:00,9,,
2024-12-22 10:00:00,10,,
2024-12-22 11:00:00,11,,
2024-12-22 12:00:00,12,,
2024-12-22 13:00:00,13,,
2024-12-22 14:00:00,14,,
2024-12-22 15:00:00,15,,
2024-12-22 16:00:00,16,,
2024-12-22 17:00:00,17,,
2024-12-22 18:00:00,18,,
2024-12-22 19:00:00,19,,
2024-12-22 20:00:00,20,,
2024-12-22 21:00:00,21,,
2024-12-22 22:00:00,22,,
2024-12-22 23:00:00,23,,
2024-12-23 00:00:00,0,,
2024-12-23 01:00:00,1,,
2024-12-23 02:00:00,2,,
2024-12-23 03:00:00,3,,
2024-12-23 04:00:00,4,,
2024-12-23 05:00:00,5,,
2024-12-23 06:00:00,6,,
2024-12-23 07:00:00,7,,
2024-12-23 08:00:00,8,,
2024-12-23 09:00:00,9,,
2024-12-23 10:00:00,10,,
2024-12-23 11:00:00,11,,
2024-12-23 12:00:00,12,,
2024-12-23 13:00:00,13,,
2024-12-23 14:00:00,14,,
2024-12-23 15:00:00,15,,
2024-12-23 16:00:00,16,,
2024-12-23 17:00:00,17,,
2024-12-23 18:00:00,18,,
2024-12-23 19:00:00,19,,
2024-12-23 20:00:00,20,,
2024-12-23 21:00:00,21,,
2024-12-23 22:00:00,22,,
2024-12-23 23:00:00,23,,
2024-12-24 00:00:00,0,,
2024-12-24 01:00:00,1,,
2024-12-24 02:00:00,2,,
2024-12-24 03:00:00,3,,
2024-12-24 04:00:00,4,,
2024-12-24 05:00:00,5,,
2024-12-24 06:00:00,6,,
2024-12-24 07:00:00,7,,
2024-12-24 08:00:00,8,,
2024-12-24 09:00:00,9,,
2024-12-24 10:00:00,10,,
2024-12-24 11:00:00,11,,
2024-12-24 12:00:00,12,,
2024-12-24 13:00:00,13,,
2024-12-24 14:00:00,14,,
2024-12-24 15:00:00,15,,
2024-12-24 16:00:00,16,,
2024-12-24 17:00:00,17,,
2024-12-24 18:00:00,18,,
2024-12-24 19:00:00,19,,
2024-12-24 20:00:00,20,,
2024-12-24 21:00:00,21,,
2024-12-24 22:00:00,22,,
2024-12-24 23:00:00,23,,
2024-12-25 00:00:00,0,,
2024-12-25 01:00:00,1,,
2024-12-25 02:00:00,2,,
2024-12-25 03:00:00,3,,
2024-12-25 04:00:00,4,,
2024-12-25 05:00:00,5,,
2024-12-25 06:00:00,6,,
2024-12-25 07:00:00,7,,
2024-12-25 08:00:00,8,,
2024-12-25 09:00:00,9,,
2024-12-25 10:00:00,10,,
2024-12-25 11:00:00,11,,
2024-12-25 12:00:00,12,,
2024-12-25 13:00:00,13,,
2024-12-25 14:00:00,14,,
2024-12-25 15:00:00,15,,
2024-12-25 16:00:00,16,,
2024-12-25 17:00:00,17,,
2024-12-25 18:00:00,18,,
2024-12-25 19:00:00,19,,
2024-12-25 20:00:00,20,,
2024-12-25 21:00:00,21,,
2024-12-25 22:00:00,22,,
2024-12-25 23:00:00,23,,
2024-12-26 00:00:00,0,,
2024-12-26 01:00:00,1,,
2024-12-26 02:00:00,2,,
2024-12-26 03:00:00,3,,
2024-12-26 04:00:00,4,,
2024-12-26 05:00:00,5,,
2024-12-26 06:00:00,6,,
2024-12-26 07:00:00,7,,
2024-12-26 08:00:00,8,,
2024-12-26 09:00:00,9,,
2024-12-26 10:00:00,10,,
2024-12-26 11:00:00,11,,
2024-12-26 12:00:00,12,,
2024-12-26 13:00:00,13,,
2024-12-26 14:00:00,14,,
2024-12-26 15:00:00,15,,
2024-12-26 16:00:00,16,,
2024-12-26 17:00:00,17,,
2024-12-26 18:00:00,18,,
2024-12-26 19:00:00,19,,
2024-12-26 20:00:00,20,,
2024-12-26 21:00:00,21,,
2024-12-26 22:00:00,22,,
2024-12-26 23:00:00,23,,
2024-12-27 00:00:00,0,,
2024-12-27 01:00:00,1,,
2024-12-27 02:00:00,2,,
2024-12-27 03:00:00,3,,
2024-12-27 04:00:00,4,,
2024-12-27 05:00:00,5,,
2024-12-27 06:00:00,6,,
2024-12-27 07:00:00,7,,
2024-12-27 08:00:00,8,,
2024-12-27 09:00:00,9,,
2024-12-27 10:00:00,10,,
2024-12-27 11:00:00,11,,
2024-12-27 12:00:00,12,,
2024-12-27 13:00:00,13,,
2024-12-27 14:00:00,14,,
2024-12-27 15:00:00,15,,
2024-12-27 16:00:00,16,,
2024-12-27 17:00:00,17,,
2024-12-27 18:00:00,18,,
2024-12-27 19:00:00,19,,
2024-12-27 20:00:00,20,,
2024-12-27 21:00:00,21,,
2024-12-27 22:00:00,22,,
2024-12-27 23:00:00,23,,
2024-12-28 00:00:00,0,,
2024-12-28 01:00:00,1,,
2024-12-28 02:00:00,2,,
2024-12-28 03:00:00,3,,
2024-12-28 04:00:00,4,,
2024-12-28 05:00:00,5,,
2024-12-28 06:00:00,6,,
2024-12-28 07:00:00,7,,
2024-12-28 08:00:00,8,,
2024-12-28 09:00:00,9,,
2024-12-28 10:00:00,10,,
2024-12-28 11:00:00,11,,
2024-12-28 12:00:00,12,,
2024-12-28 13:00:00,13,,
2024-12-28 14:00:00,14,,
2024-12-28 15:00:00,15,,
2024-12-28 16:00:00,16,,
2024-12-28 17:00:00,17,,
2024-12-28 18:00:00,18,,
2024-12-28 19:00:00,19,,
2024-12-28 20:00:00,20,,
2024-12-28 21:00:00,21,,
2024-12-28 22:00:00,22,,
2024-12-28 23:00:00,23,,
2024-12-29 00:00:00,0,,
2024-12-29 01:00:00,1,,
2024-12-29 02:00:00,2,,
2024-12-29 03:00:00,3,,
2024-12-29 04:00:00,4,,
2024-12-29 05:00:00,5,,
2024-12-29 06:00:00,6,,
2024-12-29 07:00:00,7,,
2024-12-29 08:00:00,8,,
2024-12-29 09:00:00,9,,
2024-12-29 10:00:00,10,,
2024-12-29 11:00:00,11,,
2024-12-29 12:00:00,12,,
2024-12-29 13:00:00,13,,
2024-12-29 14:00:00,14,,
2024-12-29 15:00:00,15,,
2024-12-29 16:00:00,16,,
2024-12-29 17:00:00,17,,
2024-12-29 18:00:00,18,,
2024-12-29 19:00:00,19,,
2024-12-29 20:00:00,20,,
2024-12-29 21:00:00,21,,
2024-12-29 22:00:00,22,,
2024-12-29 23:00:00,23,,
2024-12-30 00:00:00,0,,
2024-12-30 01:00:00,1,,
2024-12-30 02:00:00,2,,
2024-12-30 03:00:00,3,,
2024-12-30 04:00:00,4,,
2024-12-30 05:00:00,5,,
2024-12-30 06:00:00,6,,
2024-12-30 07:00:00,7,,
2024-12-30 08:00:00,8,,
2024-12-30 09:00:00,9,,
2024-12-30 10:00:00,10,,
2024-12-30 11:00:00,11,,
2024-12-30 12:00:00,12,,
2024-12-30 13:00:00,13,,
2024-12-30 14:00:00,14,,
2024-12-30 15:00:00,15,,
2024-12-30 16:00:00,16,,
2024-12-30 17:00:00,17,,
2024-12-30 18:00:00,18,,
2024-12-30 19:00:00,19,,
2024-12-30 20:00:00,20,,
2024-12-30 21:00:00,21,,
2024-12-30 22:00:00,22,,
2024-12-30 23:00:00,23,,
2024-12-31 00:00:00,0,,
2024-12-31 01:00:00,1,,
2024-12-31 02:00:00,2,,
2024-12-31 03:00:00,3,,
2024-12-31 04:00:00,4,,
2024-12-31 05:00:00,5,,
2024-12-31 06:00:00,6,,
2024-12-31 07:00:00,7,,
2024-12-31 08:00:00,8,,
2024-12-31 09:00:00,9,,
2024-12-31 10:00:00,10,,
2024-12-31 11:00:00,11,,
2024-12-31 12:00:00,12,,
2024-12-31 13:00:00,13,,
2024-12-31 14:00:00,14,,
2024-12-31 15:00:00,15,,
2024-12-31 16:00:00,16,,
2024-12-31 17:00:00,17,,
2024-12-31 18:00:00,18,,
2024-12-31 19:00:00,19,,
2024-12-31 20:00:00,20,,
2024-12-31 21:00:00,21,,
2024-12-31 22:00:00,22,,
2024-12-31 23:00:00,23,,
