datetime_utc,hora,rad_kJm2,vento_ms
2023-01-01 00:00:00,0,,2.7
2023-01-01 01:00:00,1,,3.8
2023-01-01 02:00:00,2,,3.2
2023-01-01 03:00:00,3,,2.2
2023-01-01 04:00:00,4,,4.3
2023-01-01 05:00:00,5,,5.6
2023-01-01 06:00:00,6,,5.6
2023-01-01 07:00:00,7,,2.5
2023-01-01 08:00:00,8,,5.4
2023-01-01 09:00:00,9,54.9,3.7
2023-01-01 10:00:00,10,674.6,4.2
2023-01-01 11:00:00,11,899.3,5.1
2023-01-01 12:00:00,12,2178.2,5.7
2023-01-01 13:00:00,13,2827.5,5.3
2023-01-01 14:00:00,14,3315.1,5.5
2023-01-01 15:00:00,15,3828.9,6.2
2023-01-01 16:00:00,16,3931.4,6.1
2023-01-01 17:00:00,17,3676.6,3.7
2023-01-01 18:00:00,18,3166.9,3.9
2023-01-01 19:00:00,19,2368.3,2.0
2023-01-01 20:00:00,20,1393.7,2.1
2023-01-01 21:00:00,21,450.4,0.0
2023-01-01 22:00:00,22,5.8,0.0
2023-01-01 23:00:00,23,,0.0
2023-01-02 00:00:00,0,,0.0
2023-01-02 01:00:00,1,,0.9
2023-01-02 02:00:00,2,,3.7
2023-01-02 03:00:00,3,,4.5
2023-01-02 04:00:00,4,,4.7
2023-01-02 05:00:00,5,,2.5
2023-01-02 06:00:00,6,,5.7
2023-01-02 07:00:00,7,0.7,4.7
2023-01-02 08:00:00,8,0.1,2.6
2023-01-02 09:00:00,9,46.8,4.4
2023-01-02 10:00:00,10,351.9,3.8
2023-01-02 11:00:00,11,1202.2,5.1
2023-01-02 12:00:00,12,1669.1,4.9
2023-01-02 13:00:00,13,2662.4,4.6
2023-01-02 14:00:00,14,2974.9,4.9
2023-01-02 15:00:00,15,3890.1,4.8
2023-01-02 16:00:00,16,3544.0,4.5
2023-01-02 17:00:00,17,2764.7,4.1
2023-01-02 18:00:00,18,3239.5,4.1
2023-01-02 19:00:00,19,2611.1,3.1
2023-01-02 20:00:00,20,1399.1,7.9
2023-01-02 21:00:00,21,416.7,4.2
2023-01-02 22:00:00,22,16.6,0.0
2023-01-02 23:00:00,23,,1.1
2023-01-03 00:00:00,0,,1.0
2023-01-03 01:00:00,1,,1.6
2023-01-03 02:00:00,2,,0.5
2023-01-03 03:00:00,3,,0.0
2023-01-03 04:00:00,4,,1.1
2023-01-03 05:00:00,5,,0.0
2023-01-03 06:00:00,6,0.2,2.1
2023-01-03 07:00:00,7,2.5,2.3
2023-01-03 08:00:00,8,,1.9
2023-01-03 09:00:00,9,40.0,2.1
2023-01-03 10:00:00,10,270.8,2.2
2023-01-03 11:00:00,11,958.9,2.9
2023-01-03 12:00:00,12,1650.1,3.8
2023-01-03 13:00:00,13,1400.4,4.1
2023-01-03 14:00:00,14,1791.6,4.1
2023-01-03 15:00:00,15,3327.9,3.8
2023-01-03 16:00:00,16,3083.5,4.3
2023-01-03 17:00:00,17,3519.4,5.5
2023-01-03 18:00:00,18,1254.6,7.4
2023-01-03 19:00:00,19,161.5,2.3
2023-01-03 20:00:00,20,130.7,2.0
2023-01-03 21:00:00,21,93.3,2.0
2023-01-03 22:00:00,22,3.0,3.2
2023-01-03 23:00:00,23,0.6,2.2
2023-01-04 00:00:00,0,,0.0
2023-01-04 01:00:00,1,,0.0
2023-01-04 02:00:00,2,,3.0
2023-01-04 03:00:00,3,,1.8
2023-01-04 04:00:00,4,0.0,2.9
2023-01-04 05:00:00,5,0.3,1.2
2023-01-04 06:00:00,6,,1.3
2023-01-04 07:00:00,7,,0.0
2023-01-04 08:00:00,8,,0.3
2023-01-04 09:00:00,9,14.3,0.7
2023-01-04 10:00:00,10,175.6,0.0
2023-01-04 11:00:00,11,1017.8,0.0
2023-01-04 12:00:00,12,1805.1,0.0
2023-01-04 13:00:00,13,2723.1,2.0
2023-01-04 14:00:00,14,2896.5,4.7
2023-01-04 15:00:00,15,3286.0,4.2
2023-01-04 16:00:00,16,3185.4,4.4
2023-01-04 17:00:00,17,2772.1,4.3
2023-01-04 18:00:00,18,1995.6,2.9
2023-01-04 19:00:00,19,307.6,3.6
2023-01-04 20:00:00,20,306.2,2.5
2023-01-04 21:00:00,21,338.7,2.5
2023-01-04 22:00:00,22,5.1,0.0
2023-01-04 23:00:00,23,,0.0
2023-01-05 00:00:00,0,,0.0
2023-01-05 01:00:00,1,,0.0
2023-01-05 02:00:00,2,,0.0
2023-01-05 03:00:00,3,,0.0
2023-01-05 04:00:00,4,,0.0
2023-01-05 05:00:00,5,,0.1
2023-01-05 06:00:00,6,,0.0
2023-01-05 07:00:00,7,,0.1
2023-01-05 08:00:00,8,,0.0
2023-01-05 09:00:00,9,30.9,1.7
2023-01-05 10:00:00,10,560.3,4.0
2023-01-05 11:00:00,11,1445.1,6.0
2023-01-05 12:00:00,12,2065.3,5.1
2023-01-05 13:00:00,13,2740.6,5.0
2023-01-05 14:00:00,14,3311.1,5.2
2023-01-05 15:00:00,15,3434.5,5.7
2023-01-05 16:00:00,16,3815.0,5.4
2023-01-05 17:00:00,17,3621.5,5.5
2023-01-05 18:00:00,18,3109.3,6.1
2023-01-05 19:00:00,19,2407.8,5.4
2023-01-05 20:00:00,20,1300.9,4.0
2023-01-05 21:00:00,21,263.1,2.2
2023-01-05 22:00:00,22,1.7,1.6
2023-01-05 23:00:00,23,,0.0
2023-01-06 00:00:00,0,,0.0
2023-01-06 01:00:00,1,,0.0
2023-01-06 02:00:00,2,,0.0
2023-01-06 03:00:00,3,,0.0
2023-01-06 04:00:00,4,,0.0
2023-01-06 05:00:00,5,,2.6
2023-01-06 06:00:00,6,,4.3
2023-01-06 07:00:00,7,,4.2
2023-01-06 08:00:00,8,,3.8
2023-01-06 09:00:00,9,16.6,4.0
2023-01-06 10:00:00,10,219.5,2.7
2023-01-06 11:00:00,11,670.2,3.2
2023-01-06 12:00:00,12,950.0,2.4
2023-01-06 13:00:00,13,1206.8,0.2
2023-01-06 14:00:00,14,1307.6,0.0
2023-01-06 15:00:00,15,1855.3,0.0
2023-01-06 16:00:00,16,1943.0,2.1
2023-01-06 17:00:00,17,2154.8,2.1
2023-01-06 18:00:00,18,1862.0,2.3
2023-01-06 19:00:00,19,1671.3,1.8
2023-01-06 20:00:00,20,813.4,0.0
2023-01-06 21:00:00,21,482.9,0.0
2023-01-06 22:00:00,22,3.9,0.0
2023-01-06 23:00:00,23,,0.0
2023-01-07 00:00:00,0,,0.0
2023-01-07 01:00:00,1,,0.1
2023-01-07 02:00:00,2,,0.0
2023-01-07 03:00:00,3,,1.3
2023-01-07 04:00:00,4,,0.0
2023-01-07 05:00:00,5,,0.0
2023-01-07 06:00:00,6,,0.0
2023-01-07 07:00:00,7,,0.0
2023-01-07 08:00:00,8,,0.0
2023-01-07 09:00:00,9,15.6,1.6
2023-01-07 10:00:00,10,260.7,0.0
2023-01-07 11:00:00,11,1158.9,3.6
2023-01-07 12:00:00,12,1134.8,4.6
2023-01-07 13:00:00,13,2294.6,5.9
2023-01-07 14:00:00,14,3301.7,6.7
2023-01-07 15:00:00,15,3809.6,5.7
2023-01-07 16:00:00,16,3876.3,5.4
2023-01-07 17:00:00,17,3606.8,4.8
2023-01-07 18:00:00,18,3107.7,5.3
2023-01-07 19:00:00,19,2334.0,4.8
2023-01-07 20:00:00,20,1395.6,4.3
2023-01-07 21:00:00,21,391.3,3.2
2023-01-07 22:00:00,22,5.8,1.2
2023-01-07 23:00:00,23,,0.3
2023-01-08 00:00:00,0,,0.0
2023-01-08 01:00:00,1,,0.0
2023-01-08 02:00:00,2,,0.0
2023-01-08 03:00:00,3,,0.0
2023-01-08 04:00:00,4,,0.0
2023-01-08 05:00:00,5,,0.0
2023-01-08 06:00:00,6,,0.1
2023-01-08 07:00:00,7,,1.6
2023-01-08 08:00:00,8,,1.2
2023-01-08 09:00:00,9,36.8,0.0
2023-01-08 10:00:00,10,663.7,0.0
2023-01-08 11:00:00,11,1448.6,2.7
2023-01-08 12:00:00,12,1935.0,4.3
2023-01-08 13:00:00,13,2744.7,4.7
2023-01-08 14:00:00,14,3304.5,5.5
2023-01-08 15:00:00,15,3170.0,4.8
2023-01-08 16:00:00,16,3729.8,5.0
2023-01-08 17:00:00,17,3610.1,4.3
2023-01-08 18:00:00,18,3023.6,3.5
2023-01-08 19:00:00,19,2351.1,2.8
2023-01-08 20:00:00,20,1256.9,2.5
2023-01-08 21:00:00,21,410.0,2.1
2023-01-08 22:00:00,22,4.0,1.5
2023-01-08 23:00:00,23,,2.2
2023-01-09 00:00:00,0,,0.5
2023-01-09 01:00:00,1,,2.3
2023-01-09 02:00:00,2,,0.0
2023-01-09 03:00:00,3,,0.0
2023-01-09 04:00:00,4,,0.0
2023-01-09 05:00:00,5,,0.0
2023-01-09 06:00:00,6,,0.0
2023-01-09 07:00:00,7,,0.0
2023-01-09 08:00:00,8,,1.8
2023-01-09 09:00:00,9,24.1,0.0
2023-01-09 10:00:00,10,651.8,4.5
2023-01-09 11:00:00,11,1516.9,4.8
2023-01-09 12:00:00,12,2121.1,4.6
2023-01-09 13:00:00,13,2770.1,4.8
2023-01-09 14:00:00,14,3271.3,4.8
2023-01-09 15:00:00,15,3796.1,5.4
2023-01-09 16:00:00,16,3884.9,4.8
2023-01-09 17:00:00,17,3659.4,5.2
2023-01-09 18:00:00,18,3123.9,4.1
2023-01-09 19:00:00,19,2373.7,3.8
2023-01-09 20:00:00,20,1423.6,2.6
2023-01-09 21:00:00,21,476.1,2.3
2023-01-09 22:00:00,22,9.5,2.2
2023-01-09 23:00:00,23,,0.0
2023-01-10 00:00:00,0,,0.0
2023-01-10 01:00:00,1,,0.4
2023-01-10 02:00:00,2,,0.0
2023-01-10 03:00:00,3,,0.0
2023-01-10 04:00:00,4,,0.0
2023-01-10 05:00:00,5,,0.0
2023-01-10 06:00:00,6,,0.7
2023-01-10 07:00:00,7,,0.0
2023-01-10 08:00:00,8,,0.3
2023-01-10 09:00:00,9,29.0,0.0
2023-01-10 10:00:00,10,609.8,0.0
2023-01-10 11:00:00,11,1483.7,4.1
2023-01-10 12:00:00,12,2099.7,5.4
2023-01-10 13:00:00,13,2781.0,5.6
2023-01-10 14:00:00,14,3459.4,6.5
2023-01-10 15:00:00,15,3325.1,5.8
2023-01-10 16:00:00,16,3866.9,5.2
2023-01-10 17:00:00,17,3638.5,4.7
2023-01-10 18:00:00,18,3178.7,4.2
2023-01-10 19:00:00,19,2340.3,4.0
2023-01-10 20:00:00,20,1421.8,2.6
2023-01-10 21:00:00,21,465.0,2.1
2023-01-10 22:00:00,22,7.3,1.3
2023-01-10 23:00:00,23,,2.2
2023-01-11 00:00:00,0,,1.3
2023-01-11 01:00:00,1,,1.8
2023-01-11 02:00:00,2,,1.3
2023-01-11 03:00:00,3,,1.9
2023-01-11 04:00:00,4,,0.3
2023-01-11 05:00:00,5,,1.8
2023-01-11 06:00:00,6,,1.6
2023-01-11 07:00:00,7,,0.0
2023-01-11 08:00:00,8,,0.0
2023-01-11 09:00:00,9,27.3,2.6
2023-01-11 10:00:00,10,592.1,3.7
2023-01-11 11:00:00,11,1471.2,4.3
2023-01-11 12:00:00,12,2034.8,5.8
2023-01-11 13:00:00,13,2765.2,5.6
2023-01-11 14:00:00,14,3294.2,4.9
2023-01-11 15:00:00,15,3772.6,4.8
2023-01-11 16:00:00,16,3846.1,4.6
2023-01-11 17:00:00,17,3622.2,3.8
2023-01-11 18:00:00,18,3153.8,3.3
2023-01-11 19:00:00,19,2397.5,3.3
2023-01-11 20:00:00,20,1437.6,2.9
2023-01-11 21:00:00,21,471.1,1.9
2023-01-11 22:00:00,22,10.8,2.1
2023-01-11 23:00:00,23,,2.2
2023-01-12 00:00:00,0,,0.5
2023-01-12 01:00:00,1,,0.4
2023-01-12 02:00:00,2,,0.0
2023-01-12 03:00:00,3,,0.0
2023-01-12 04:00:00,4,,1.3
2023-01-12 05:00:00,5,,0.0
2023-01-12 06:00:00,6,,2.4
2023-01-12 07:00:00,7,,2.3
2023-01-12 08:00:00,8,,3.6
2023-01-12 09:00:00,9,25.4,3.7
2023-01-12 10:00:00,10,620.7,4.3
2023-01-12 11:00:00,11,1498.2,5.2
2023-01-12 12:00:00,12,2094.0,6.0
2023-01-12 13:00:00,13,2754.4,5.8
2023-01-12 14:00:00,14,3354.6,5.9
2023-01-12 15:00:00,15,3876.4,5.5
2023-01-12 16:00:00,16,3876.8,4.8
2023-01-12 17:00:00,17,3640.1,5.9
2023-01-12 18:00:00,18,3292.4,4.7
2023-01-12 19:00:00,19,682.2,3.6
2023-01-12 20:00:00,20,400.1,2.0
2023-01-12 21:00:00,21,277.8,2.5
2023-01-12 22:00:00,22,7.5,1.5
2023-01-12 23:00:00,23,,1.3
2023-01-13 00:00:00,0,,0.0
2023-01-13 01:00:00,1,,0.0
2023-01-13 02:00:00,2,,0.0
2023-01-13 03:00:00,3,,0.0
2023-01-13 04:00:00,4,,1.3
2023-01-13 05:00:00,5,,1.7
2023-01-13 06:00:00,6,,2.5
2023-01-13 07:00:00,7,,2.0
2023-01-13 08:00:00,8,,1.5
2023-01-13 09:00:00,9,24.9,2.0
2023-01-13 10:00:00,10,620.0,4.0
2023-01-13 11:00:00,11,1431.1,5.6
2023-01-13 12:00:00,12,1680.4,6.2
2023-01-13 13:00:00,13,2795.6,6.3
2023-01-13 14:00:00,14,3162.6,6.1
2023-01-13 15:00:00,15,3789.3,6.4
2023-01-13 16:00:00,16,3885.5,6.1
2023-01-13 17:00:00,17,3673.5,5.3
2023-01-13 18:00:00,18,3195.6,5.1
2023-01-13 19:00:00,19,2131.0,3.4
2023-01-13 20:00:00,20,1041.2,3.0
2023-01-13 21:00:00,21,219.0,2.6
2023-01-13 22:00:00,22,5.3,2.5
2023-01-13 23:00:00,23,,2.1
2023-01-14 00:00:00,0,,2.1
2023-01-14 01:00:00,1,,3.7
2023-01-14 02:00:00,2,,2.7
2023-01-14 03:00:00,3,,1.9
2023-01-14 04:00:00,4,,0.4
2023-01-14 05:00:00,5,,0.2
2023-01-14 06:00:00,6,,0.0
2023-01-14 07:00:00,7,,0.9
2023-01-14 08:00:00,8,,2.3
2023-01-14 09:00:00,9,22.8,3.2
2023-01-14 10:00:00,10,573.3,3.6
2023-01-14 11:00:00,11,1456.4,3.7
2023-01-14 12:00:00,12,2080.3,4.5
2023-01-14 13:00:00,13,2792.8,5.1
2023-01-14 14:00:00,14,3280.8,4.7
2023-01-14 15:00:00,15,3772.5,3.5
2023-01-14 16:00:00,16,3848.0,2.5
2023-01-14 17:00:00,17,3627.8,0.0
2023-01-14 18:00:00,18,3144.1,2.0
2023-01-14 19:00:00,19,2375.4,1.8
2023-01-14 20:00:00,20,1419.0,0.1
2023-01-14 21:00:00,21,478.4,0.0
2023-01-14 22:00:00,22,10.4,0.0
2023-01-14 23:00:00,23,,0.0
2023-01-15 00:00:00,0,,0.0
2023-01-15 01:00:00,1,,3.7
2023-01-15 02:00:00,2,,3.1
2023-01-15 03:00:00,3,,5.1
2023-01-15 04:00:00,4,,5.1
2023-01-15 05:00:00,5,,6.1
2023-01-15 06:00:00,6,,1.2
2023-01-15 07:00:00,7,,0.0
2023-01-15 08:00:00,8,,4.4
2023-01-15 09:00:00,9,11.1,3.8
2023-01-15 10:00:00,10,342.8,3.6
2023-01-15 11:00:00,11,1456.1,3.3
2023-01-15 12:00:00,12,2091.8,4.4
2023-01-15 13:00:00,13,2846.8,4.6
2023-01-15 14:00:00,14,3340.2,5.0
2023-01-15 15:00:00,15,3834.1,3.8
2023-01-15 16:00:00,16,3883.8,3.3
2023-01-15 17:00:00,17,3662.3,1.8
2023-01-15 18:00:00,18,3183.7,2.0
2023-01-15 19:00:00,19,2434.6,1.5
2023-01-15 20:00:00,20,1445.5,0.4
2023-01-15 21:00:00,21,537.5,2.1
2023-01-15 22:00:00,22,16.3,0.0
2023-01-15 23:00:00,23,,0.0
2023-01-16 00:00:00,0,,0.0
2023-01-16 01:00:00,1,,1.7
2023-01-16 02:00:00,2,,1.5
2023-01-16 03:00:00,3,,1.5
2023-01-16 04:00:00,4,,5.4
2023-01-16 05:00:00,5,,5.7
2023-01-16 06:00:00,6,,4.3
2023-01-16 07:00:00,7,,3.8
2023-01-16 08:00:00,8,,5.0
2023-01-16 09:00:00,9,28.6,4.4
2023-01-16 10:00:00,10,737.2,3.8
2023-01-16 11:00:00,11,1182.5,4.5
2023-01-16 12:00:00,12,1764.6,4.4
2023-01-16 13:00:00,13,2471.8,4.1
2023-01-16 14:00:00,14,2946.4,4.4
2023-01-16 15:00:00,15,3479.3,3.3
2023-01-16 16:00:00,16,3711.0,2.9
2023-01-16 17:00:00,17,3629.4,2.2
2023-01-16 18:00:00,18,3105.9,2.5
2023-01-16 19:00:00,19,2159.9,1.5
2023-01-16 20:00:00,20,1178.9,1.4
2023-01-16 21:00:00,21,564.5,1.2
2023-01-16 22:00:00,22,18.4,0.0
2023-01-16 23:00:00,23,,0.0
2023-01-17 00:00:00,0,,0.0
2023-01-17 01:00:00,1,,2.6
2023-01-17 02:00:00,2,,2.3
2023-01-17 03:00:00,3,,2.0
2023-01-17 04:00:00,4,,2.0
2023-01-17 05:00:00,5,,3.2
2023-01-17 06:00:00,6,,3.0
2023-01-17 07:00:00,7,,1.5
2023-01-17 08:00:00,8,,1.6
2023-01-17 09:00:00,9,7.8,2.5
2023-01-17 10:00:00,10,179.4,4.6
2023-01-17 11:00:00,11,1640.9,4.0
2023-01-17 12:00:00,12,1572.4,4.8
2023-01-17 13:00:00,13,2512.2,5.0
2023-01-17 14:00:00,14,3291.5,5.1
2023-01-17 15:00:00,15,3942.3,5.4
2023-01-17 16:00:00,16,3921.0,5.6
2023-01-17 17:00:00,17,3615.7,5.5
2023-01-17 18:00:00,18,3217.4,5.2
2023-01-17 19:00:00,19,2497.3,4.1
2023-01-17 20:00:00,20,1471.2,3.3
2023-01-17 21:00:00,21,442.5,2.4
2023-01-17 22:00:00,22,7.7,1.8
2023-01-17 23:00:00,23,,2.4
2023-01-18 00:00:00,0,,2.8
2023-01-18 01:00:00,1,,1.9
2023-01-18 02:00:00,2,,0.0
2023-01-18 03:00:00,3,,0.8
2023-01-18 04:00:00,4,,3.3
2023-01-18 05:00:00,5,,2.2
2023-01-18 06:00:00,6,,3.6
2023-01-18 07:00:00,7,,4.3
2023-01-18 08:00:00,8,,6.1
2023-01-18 09:00:00,9,15.9,5.9
2023-01-18 10:00:00,10,524.1,5.6
2023-01-18 11:00:00,11,1521.5,4.9
2023-01-18 12:00:00,12,2084.2,5.2
2023-01-18 13:00:00,13,2809.8,5.1
2023-01-18 14:00:00,14,3171.7,4.4
2023-01-18 15:00:00,15,3788.5,3.5
2023-01-18 16:00:00,16,3824.1,3.7
2023-01-18 17:00:00,17,3631.4,3.8
2023-01-18 18:00:00,18,3001.4,2.4
2023-01-18 19:00:00,19,1858.9,2.0
2023-01-18 20:00:00,20,1452.0,0.0
2023-01-18 21:00:00,21,510.6,1.8
2023-01-18 22:00:00,22,10.8,0.0
2023-01-18 23:00:00,23,,2.1
2023-01-19 00:00:00,0,,2.2
2023-01-19 01:00:00,1,,2.7
2023-01-19 02:00:00,2,,1.0
2023-01-19 03:00:00,3,,4.1
2023-01-19 04:00:00,4,,5.8
2023-01-19 05:00:00,5,,4.2
2023-01-19 06:00:00,6,,5.7
2023-01-19 07:00:00,7,,4.5
2023-01-19 08:00:00,8,,4.4
2023-01-19 09:00:00,9,12.1,3.6
2023-01-19 10:00:00,10,363.1,4.2
2023-01-19 11:00:00,11,512.0,4.5
2023-01-19 12:00:00,12,1013.7,3.3
2023-01-19 13:00:00,13,1765.6,2.3
2023-01-19 14:00:00,14,2677.7,4.3
2023-01-19 15:00:00,15,2474.8,3.9
2023-01-19 16:00:00,16,1819.5,3.3
2023-01-19 17:00:00,17,2766.8,1.9
2023-01-19 18:00:00,18,2012.1,0.2
2023-01-19 19:00:00,19,1918.7,2.0
2023-01-19 20:00:00,20,1128.9,2.7
2023-01-19 21:00:00,21,573.5,2.0
2023-01-19 22:00:00,22,7.0,2.0
2023-01-19 23:00:00,23,,1.3
2023-01-20 00:00:00,0,,1.1
2023-01-20 01:00:00,1,,1.9
2023-01-20 02:00:00,2,,0.8
2023-01-20 03:00:00,3,,0.9
2023-01-20 04:00:00,4,,1.9
2023-01-20 05:00:00,5,,0.2
2023-01-20 06:00:00,6,,0.0
2023-01-20 07:00:00,7,,0.1
2023-01-20 08:00:00,8,,1.4
2023-01-20 09:00:00,9,,1.2
2023-01-20 10:00:00,10,9.4,1.8
2023-01-20 11:00:00,11,94.4,0.5
2023-01-20 12:00:00,12,533.3,1.4
2023-01-20 13:00:00,13,873.9,1.4
2023-01-20 14:00:00,14,2450.6,2.5
2023-01-20 15:00:00,15,3679.0,3.1
2023-01-20 16:00:00,16,2280.5,2.9
2023-01-20 17:00:00,17,1722.3,0.7
2023-01-20 18:00:00,18,2489.1,1.9
2023-01-20 19:00:00,19,1070.0,2.1
2023-01-20 20:00:00,20,1393.6,2.8
2023-01-20 21:00:00,21,421.2,2.6
2023-01-20 22:00:00,22,19.6,2.1
2023-01-20 23:00:00,23,,1.5
2023-01-21 00:00:00,0,,1.9
2023-01-21 01:00:00,1,,1.5
2023-01-21 02:00:00,2,,0.0
2023-01-21 03:00:00,3,,0.8
2023-01-21 04:00:00,4,,0.8
2023-01-21 05:00:00,5,,0.6
2023-01-21 06:00:00,6,,0.4
2023-01-21 07:00:00,7,,1.4
2023-01-21 08:00:00,8,,0.6
2023-01-21 09:00:00,9,16.5,0.4
2023-01-21 10:00:00,10,503.6,1.2
2023-01-21 11:00:00,11,586.5,0.3
2023-01-21 12:00:00,12,987.9,0.8
2023-01-21 13:00:00,13,654.4,0.3
2023-01-21 14:00:00,14,1071.0,0.0
2023-01-21 15:00:00,15,2112.0,1.5
2023-01-21 16:00:00,16,3488.9,3.0
2023-01-21 17:00:00,17,2935.2,2.8
2023-01-21 18:00:00,18,1965.9,2.2
2023-01-21 19:00:00,19,1741.4,1.9
2023-01-21 20:00:00,20,1244.3,2.0
2023-01-21 21:00:00,21,500.3,3.9
2023-01-21 22:00:00,22,14.8,0.0
2023-01-21 23:00:00,23,,0.9
2023-01-22 00:00:00,0,,0.0
2023-01-22 01:00:00,1,,0.5
2023-01-22 02:00:00,2,,0.4
2023-01-22 03:00:00,3,,0.0
2023-01-22 04:00:00,4,,0.5
2023-01-22 05:00:00,5,,0.1
2023-01-22 06:00:00,6,,1.6
2023-01-22 07:00:00,7,,0.3
2023-01-22 08:00:00,8,,0.2
2023-01-22 09:00:00,9,18.6,0.0
2023-01-22 10:00:00,10,409.3,0.5
2023-01-22 11:00:00,11,582.1,2.6
2023-01-22 12:00:00,12,1193.3,3.4
2023-01-22 13:00:00,13,1390.3,3.2
2023-01-22 14:00:00,14,2193.0,3.3
2023-01-22 15:00:00,15,3351.6,3.9
2023-01-22 16:00:00,16,881.5,2.5
2023-01-22 17:00:00,17,1362.6,2.7
2023-01-22 18:00:00,18,1907.8,1.8
2023-01-22 19:00:00,19,2152.9,2.8
2023-01-22 20:00:00,20,763.0,2.5
2023-01-22 21:00:00,21,257.4,1.8
2023-01-22 22:00:00,22,4.6,1.6
2023-01-22 23:00:00,23,,2.0
2023-01-23 00:00:00,0,,2.9
2023-01-23 01:00:00,1,,4.1
2023-01-23 02:00:00,2,,1.8
2023-01-23 03:00:00,3,,3.5
2023-01-23 04:00:00,4,,3.2
2023-01-23 05:00:00,5,,3.1
2023-01-23 06:00:00,6,3.2,6.7
2023-01-23 07:00:00,7,1.3,0.3
2023-01-23 08:00:00,8,,0.9
2023-01-23 09:00:00,9,,1.2
2023-01-23 10:00:00,10,8.0,2.9
2023-01-23 11:00:00,11,84.6,2.5
2023-01-23 12:00:00,12,213.3,2.4
2023-01-23 13:00:00,13,312.6,0.0
2023-01-23 14:00:00,14,531.6,0.0
2023-01-23 15:00:00,15,753.3,5.3
2023-01-23 16:00:00,16,528.9,4.6
2023-01-23 17:00:00,17,791.3,2.2
2023-01-23 18:00:00,18,1697.5,0.7
2023-01-23 19:00:00,19,1223.2,0.6
2023-01-23 20:00:00,20,1024.8,0.0
2023-01-23 21:00:00,21,237.8,0.0
2023-01-23 22:00:00,22,8.9,0.0
2023-01-23 23:00:00,23,,0.0
2023-01-24 00:00:00,0,,0.0
2023-01-24 01:00:00,1,,1.2
2023-01-24 02:00:00,2,,0.0
2023-01-24 03:00:00,3,,0.0
2023-01-24 04:00:00,4,,0.0
2023-01-24 05:00:00,5,,0.0
2023-01-24 06:00:00,6,,0.0
2023-01-24 07:00:00,7,,0.0
2023-01-24 08:00:00,8,,0.0
2023-01-24 09:00:00,9,16.7,0.0
2023-01-24 10:00:00,10,511.9,0.0
2023-01-24 11:00:00,11,1402.2,0.0
2023-01-24 12:00:00,12,2031.8,0.6
2023-01-24 13:00:00,13,2802.0,2.9
2023-01-24 14:00:00,14,3386.7,3.4
2023-01-24 15:00:00,15,3867.6,3.7
2023-01-24 16:00:00,16,3923.7,3.1
2023-01-24 17:00:00,17,3701.9,3.0
2023-01-24 18:00:00,18,3211.0,1.8
2023-01-24 19:00:00,19,2171.1,2.9
2023-01-24 20:00:00,20,1473.9,1.5
2023-01-24 21:00:00,21,503.1,0.0
2023-01-24 22:00:00,22,8.4,0.0
2023-01-24 23:00:00,23,,0.0
2023-01-25 00:00:00,0,,0.0
2023-01-25 01:00:00,1,0.0,1.6
2023-01-25 02:00:00,2,,1.1
2023-01-25 03:00:00,3,,0.7
2023-01-25 04:00:00,4,,1.0
2023-01-25 05:00:00,5,,1.5
2023-01-25 06:00:00,6,,0.0
2023-01-25 07:00:00,7,,0.0
2023-01-25 08:00:00,8,,0.0
2023-01-25 09:00:00,9,15.0,0.0
2023-01-25 10:00:00,10,538.1,0.8
2023-01-25 11:00:00,11,1434.6,3.8
2023-01-25 12:00:00,12,2061.3,3.6
2023-01-25 13:00:00,13,2357.0,2.5
2023-01-25 14:00:00,14,2582.3,3.1
2023-01-25 15:00:00,15,3936.9,4.6
2023-01-25 16:00:00,16,3943.5,4.5
2023-01-25 17:00:00,17,3733.2,3.7
2023-01-25 18:00:00,18,3235.3,3.3
2023-01-25 19:00:00,19,2167.2,2.8
2023-01-25 20:00:00,20,1469.3,1.4
2023-01-25 21:00:00,21,505.4,1.3
2023-01-25 22:00:00,22,11.1,0.0
2023-01-25 23:00:00,23,,0.0
2023-01-26 00:00:00,0,,0.0
2023-01-26 01:00:00,1,,1.3
2023-01-26 02:00:00,2,,0.0
2023-01-26 03:00:00,3,,1.6
2023-01-26 04:00:00,4,,1.6
2023-01-26 05:00:00,5,,1.1
2023-01-26 06:00:00,6,,1.5
2023-01-26 07:00:00,7,,2.6
2023-01-26 08:00:00,8,,1.7
2023-01-26 09:00:00,9,16.9,2.1
2023-01-26 10:00:00,10,545.0,2.4
2023-01-26 11:00:00,11,1345.3,2.3
2023-01-26 12:00:00,12,1692.6,2.5
2023-01-26 13:00:00,13,3003.7,3.7
2023-01-26 14:00:00,14,3662.5,4.3
2023-01-26 15:00:00,15,3968.7,5.1
2023-01-26 16:00:00,16,3904.1,4.4
2023-01-26 17:00:00,17,3706.1,3.5
2023-01-26 18:00:00,18,3115.3,2.6
2023-01-26 19:00:00,19,1996.8,2.3
2023-01-26 20:00:00,20,1304.0,1.9
2023-01-26 21:00:00,21,379.4,0.1
2023-01-26 22:00:00,22,6.0,0.1
2023-01-26 23:00:00,23,,0.0
2023-01-27 00:00:00,0,,0.0
2023-01-27 01:00:00,1,,0.0
2023-01-27 02:00:00,2,,0.9
2023-01-27 03:00:00,3,,0.7
2023-01-27 04:00:00,4,,0.8
2023-01-27 05:00:00,5,,0.5
2023-01-27 06:00:00,6,,0.0
2023-01-27 07:00:00,7,,1.6
2023-01-27 08:00:00,8,,2.1
2023-01-27 09:00:00,9,7.0,1.8
2023-01-27 10:00:00,10,511.4,1.7
2023-01-27 11:00:00,11,1393.2,4.0
2023-01-27 12:00:00,12,1286.2,4.4
2023-01-27 13:00:00,13,2294.2,5.0
2023-01-27 14:00:00,14,3467.9,0.0
2023-01-27 15:00:00,15,3937.0,5.2
2023-01-27 16:00:00,16,2834.4,2.5
2023-01-27 17:00:00,17,2900.5,2.8
2023-01-27 18:00:00,18,3135.6,2.9
2023-01-27 19:00:00,19,2411.6,3.3
2023-01-27 20:00:00,20,681.7,2.5
2023-01-27 21:00:00,21,625.0,1.6
2023-01-27 22:00:00,22,20.9,2.1
2023-01-27 23:00:00,23,,1.4
2023-01-28 00:00:00,0,,1.1
2023-01-28 01:00:00,1,,0.0
2023-01-28 02:00:00,2,,3.0
2023-01-28 03:00:00,3,,2.0
2023-01-28 04:00:00,4,,4.3
2023-01-28 05:00:00,5,,2.7
2023-01-28 06:00:00,6,,1.6
2023-01-28 07:00:00,7,,3.0
2023-01-28 08:00:00,8,,2.7
2023-01-28 09:00:00,9,24.5,2.4
2023-01-28 10:00:00,10,314.2,5.0
2023-01-28 11:00:00,11,1565.0,6.4
2023-01-28 12:00:00,12,2086.3,4.5
2023-01-28 13:00:00,13,2754.3,4.6
2023-01-28 14:00:00,14,3463.1,5.8
2023-01-28 15:00:00,15,3961.6,5.9
2023-01-28 16:00:00,16,3959.7,5.4
2023-01-28 17:00:00,17,3748.3,3.3
2023-01-28 18:00:00,18,3237.8,3.6
2023-01-28 19:00:00,19,2255.0,2.5
2023-01-28 20:00:00,20,1332.1,0.7
2023-01-28 21:00:00,21,500.5,1.7
2023-01-28 22:00:00,22,5.7,1.3
2023-01-28 23:00:00,23,,0.0
2023-01-29 00:00:00,0,,0.0
2023-01-29 01:00:00,1,,0.0
2023-01-29 02:00:00,2,,0.0
2023-01-29 03:00:00,3,,0.0
2023-01-29 04:00:00,4,,4.4
2023-01-29 05:00:00,5,,4.2
2023-01-29 06:00:00,6,,4.0
2023-01-29 07:00:00,7,,5.0
2023-01-29 08:00:00,8,,4.4
2023-01-29 09:00:00,9,11.1,3.9
2023-01-29 10:00:00,10,557.7,5.4
2023-01-29 11:00:00,11,1466.5,5.8
2023-01-29 12:00:00,12,2108.0,7.3
2023-01-29 13:00:00,13,2890.6,5.6
2023-01-29 14:00:00,14,3486.6,5.0
2023-01-29 15:00:00,15,3996.5,4.9
2023-01-29 16:00:00,16,4019.6,4.7
2023-01-29 17:00:00,17,3810.7,3.3
2023-01-29 18:00:00,18,3279.7,2.7
2023-01-29 19:00:00,19,2398.5,2.9
2023-01-29 20:00:00,20,1500.8,2.7
2023-01-29 21:00:00,21,533.2,0.0
2023-01-29 22:00:00,22,15.4,1.0
2023-01-29 23:00:00,23,,1.3
2023-01-30 00:00:00,0,,0.0
2023-01-30 01:00:00,1,,0.3
2023-01-30 02:00:00,2,,0.0
2023-01-30 03:00:00,3,,0.0
2023-01-30 04:00:00,4,,2.6
2023-01-30 05:00:00,5,,5.8
2023-01-30 06:00:00,6,,5.6
2023-01-30 07:00:00,7,,4.9
2023-01-30 08:00:00,8,,2.7
2023-01-30 09:00:00,9,9.7,2.7
2023-01-30 10:00:00,10,535.8,4.6
2023-01-30 11:00:00,11,1445.1,5.9
2023-01-30 12:00:00,12,2010.5,5.1
2023-01-30 13:00:00,13,2854.0,5.1
2023-01-30 14:00:00,14,3453.8,4.9
2023-01-30 15:00:00,15,3964.4,5.2
2023-01-30 16:00:00,16,3985.8,3.8
2023-01-30 17:00:00,17,3766.2,2.3
2023-01-30 18:00:00,18,3257.9,2.3
2023-01-30 19:00:00,19,2452.0,0.3
2023-01-30 20:00:00,20,1503.6,1.5
2023-01-30 21:00:00,21,528.9,0.0
2023-01-30 22:00:00,22,16.1,0.0
2023-01-30 23:00:00,23,,0.0
2023-01-31 00:00:00,0,,1.4
2023-01-31 01:00:00,1,,0.0
2023-01-31 02:00:00,2,,0.0
2023-01-31 03:00:00,3,,0.0
2023-01-31 04:00:00,4,,3.9
2023-01-31 05:00:00,5,,5.7
2023-01-31 06:00:00,6,,3.0
2023-01-31 07:00:00,7,,4.2
2023-01-31 08:00:00,8,,3.6
2023-01-31 09:00:00,9,5.9,4.9
2023-01-31 10:00:00,10,357.2,4.7
2023-01-31 11:00:00,11,1187.6,4.3
2023-01-31 12:00:00,12,2163.4,4.8
2023-01-31 13:00:00,13,2857.8,4.2
2023-01-31 14:00:00,14,3472.8,4.6
2023-01-31 15:00:00,15,3976.7,4.4
2023-01-31 16:00:00,16,3984.2,4.2
2023-01-31 17:00:00,17,3763.5,3.4
2023-01-31 18:00:00,18,3249.4,2.8
2023-01-31 19:00:00,19,2435.5,1.8
2023-01-31 20:00:00,20,1498.5,0.0
2023-01-31 21:00:00,21,562.6,0.0
2023-01-31 22:00:00,22,23.9,0.0
2023-01-31 23:00:00,23,,0.0
2023-02-01 00:00:00,0,,0.8
2023-02-01 01:00:00,1,,2.5
2023-02-01 02:00:00,2,,3.7
2023-02-01 03:00:00,3,,7.3
2023-02-01 04:00:00,4,,4.9
2023-02-01 05:00:00,5,,4.1
2023-02-01 06:00:00,6,,4.8
2023-02-01 07:00:00,7,,5.0
2023-02-01 08:00:00,8,,4.2
2023-02-01 09:00:00,9,9.0,4.7
2023-02-01 10:00:00,10,287.9,4.5
2023-02-01 11:00:00,11,937.1,5.4
2023-02-01 12:00:00,12,2218.9,6.0
2023-02-01 13:00:00,13,2885.8,5.6
2023-02-01 14:00:00,14,3437.6,4.4
2023-02-01 15:00:00,15,3827.4,4.6
2023-02-01 16:00:00,16,3850.1,3.9
2023-02-01 17:00:00,17,3387.0,4.0
2023-02-01 18:00:00,18,2940.1,3.3
2023-02-01 19:00:00,19,2005.2,2.7
2023-02-01 20:00:00,20,1128.9,2.4
2023-02-01 21:00:00,21,332.9,0.0
2023-02-01 22:00:00,22,7.8,0.0
2023-02-01 23:00:00,23,,1.3
2023-02-02 00:00:00,0,,1.9
2023-02-02 01:00:00,1,,0.5
2023-02-02 02:00:00,2,,1.8
2023-02-02 03:00:00,3,,2.1
2023-02-02 04:00:00,4,,2.2
2023-02-02 05:00:00,5,,1.5
2023-02-02 06:00:00,6,,1.6
2023-02-02 07:00:00,7,,1.3
2023-02-02 08:00:00,8,,1.6
2023-02-02 09:00:00,9,3.7,3.5
2023-02-02 10:00:00,10,207.1,2.0
2023-02-02 11:00:00,11,778.4,3.9
2023-02-02 12:00:00,12,1125.9,5.2
2023-02-02 13:00:00,13,1839.9,4.9
2023-02-02 14:00:00,14,2586.3,5.0
2023-02-02 15:00:00,15,3973.2,4.7
2023-02-02 16:00:00,16,4095.8,4.2
2023-02-02 17:00:00,17,3765.9,4.7
2023-02-02 18:00:00,18,3262.7,4.5
2023-02-02 19:00:00,19,2452.1,4.4
2023-02-02 20:00:00,20,1554.3,3.2
2023-02-02 21:00:00,21,553.4,1.4
2023-02-02 22:00:00,22,10.4,0.0
2023-02-02 23:00:00,23,,0.0
2023-02-03 00:00:00,0,,0.0
2023-02-03 01:00:00,1,,0.0
2023-02-03 02:00:00,2,,1.2
2023-02-03 03:00:00,3,,0.3
2023-02-03 04:00:00,4,,2.0
2023-02-03 05:00:00,5,,1.8
2023-02-03 06:00:00,6,,2.5
2023-02-03 07:00:00,7,,4.3
2023-02-03 08:00:00,8,,4.3
2023-02-03 09:00:00,9,10.5,4.9
2023-02-03 10:00:00,10,457.1,2.7
2023-02-03 11:00:00,11,1205.9,5.4
2023-02-03 12:00:00,12,1547.6,5.4
2023-02-03 13:00:00,13,2959.3,5.2
2023-02-03 14:00:00,14,3509.9,5.3
2023-02-03 15:00:00,15,4154.5,5.0
2023-02-03 16:00:00,16,3900.3,4.5
2023-02-03 17:00:00,17,3431.7,3.0
2023-02-03 18:00:00,18,2887.8,1.8
2023-02-03 19:00:00,19,1781.3,1.6
2023-02-03 20:00:00,20,1490.7,0.0
2023-02-03 21:00:00,21,280.0,2.9
2023-02-03 22:00:00,22,15.2,2.2
2023-02-03 23:00:00,23,,2.1
2023-02-04 00:00:00,0,,2.0
2023-02-04 01:00:00,1,,1.6
2023-02-04 02:00:00,2,,1.3
2023-02-04 03:00:00,3,,1.9
2023-02-04 04:00:00,4,,0.0
2023-02-04 05:00:00,5,,2.4
2023-02-04 06:00:00,6,3.8,2.2
2023-02-04 07:00:00,7,1.6,1.7
2023-02-04 08:00:00,8,3.4,1.9
2023-02-04 09:00:00,9,20.9,2.2
2023-02-04 10:00:00,10,106.1,2.0
2023-02-04 11:00:00,11,255.3,3.4
2023-02-04 12:00:00,12,860.2,2.8
2023-02-04 13:00:00,13,2012.1,3.3
2023-02-04 14:00:00,14,2628.9,4.3
2023-02-04 15:00:00,15,3591.6,4.0
2023-02-04 16:00:00,16,3134.7,2.9
2023-02-04 17:00:00,17,2715.4,2.8
2023-02-04 18:00:00,18,2687.7,2.8
2023-02-04 19:00:00,19,1464.6,0.0
2023-02-04 20:00:00,20,1108.1,0.0
2023-02-04 21:00:00,21,299.1,0.0
2023-02-04 22:00:00,22,7.4,0.0
2023-02-04 23:00:00,23,,0.0
2023-02-05 00:00:00,0,,0.0
2023-02-05 01:00:00,1,,0.0
2023-02-05 02:00:00,2,,0.0
2023-02-05 03:00:00,3,,1.4
2023-02-05 04:00:00,4,,1.1
2023-02-05 05:00:00,5,,0.0
2023-02-05 06:00:00,6,,0.0
2023-02-05 07:00:00,7,,0.0
2023-02-05 08:00:00,8,,1.3
2023-02-05 09:00:00,9,9.9,1.6
2023-02-05 10:00:00,10,543.6,1.9
2023-02-05 11:00:00,11,1441.1,0.0
2023-02-05 12:00:00,12,2039.8,3.8
2023-02-05 13:00:00,13,2841.9,4.7
2023-02-05 14:00:00,14,3492.6,5.5
2023-02-05 15:00:00,15,4023.8,4.8
2023-02-05 16:00:00,16,3768.9,3.9
2023-02-05 17:00:00,17,3612.8,3.2
2023-02-05 18:00:00,18,3242.9,2.6
2023-02-05 19:00:00,19,2432.8,2.7
2023-02-05 20:00:00,20,993.6,2.4
2023-02-05 21:00:00,21,284.2,1.6
2023-02-05 22:00:00,22,12.9,0.0
2023-02-05 23:00:00,23,,2.0
2023-02-06 00:00:00,0,,0.0
2023-02-06 01:00:00,1,,0.6
2023-02-06 02:00:00,2,,1.7
2023-02-06 03:00:00,3,,1.4
2023-02-06 04:00:00,4,,0.0
2023-02-06 05:00:00,5,,2.0
2023-02-06 06:00:00,6,,5.0
2023-02-06 07:00:00,7,,4.3
2023-02-06 08:00:00,8,,2.5
2023-02-06 09:00:00,9,2.4,2.2
2023-02-06 10:00:00,10,271.1,4.1
2023-02-06 11:00:00,11,791.5,2.8
2023-02-06 12:00:00,12,1024.0,2.4
2023-02-06 13:00:00,13,2915.8,4.4
2023-02-06 14:00:00,14,3363.4,4.2
2023-02-06 15:00:00,15,3629.1,4.8
2023-02-06 16:00:00,16,2868.5,4.3
2023-02-06 17:00:00,17,3144.8,3.7
2023-02-06 18:00:00,18,1897.1,2.3
2023-02-06 19:00:00,19,1249.2,2.1
2023-02-06 20:00:00,20,693.3,0.0
2023-02-06 21:00:00,21,230.3,0.0
2023-02-06 22:00:00,22,13.4,0.4
2023-02-06 23:00:00,23,,0.8
2023-02-07 00:00:00,0,,0.7
2023-02-07 01:00:00,1,,2.7
2023-02-07 02:00:00,2,,2.6
2023-02-07 03:00:00,3,,3.0
2023-02-07 04:00:00,4,,2.5
2023-02-07 05:00:00,5,,2.3
2023-02-07 06:00:00,6,,1.7
2023-02-07 07:00:00,7,,1.5
2023-02-07 08:00:00,8,,1.1
2023-02-07 09:00:00,9,2.8,2.0
2023-02-07 10:00:00,10,165.2,1.3
2023-02-07 11:00:00,11,439.9,2.7
2023-02-07 12:00:00,12,1200.1,3.6
2023-02-07 13:00:00,13,2673.7,5.1
2023-02-07 14:00:00,14,2994.4,5.3
2023-02-07 15:00:00,15,2115.7,4.1
2023-02-07 16:00:00,16,1768.6,4.0
2023-02-07 17:00:00,17,2240.3,2.9
2023-02-07 18:00:00,18,1492.6,2.0
2023-02-07 19:00:00,19,1117.8,0.1
2023-02-07 20:00:00,20,645.4,0.0
2023-02-07 21:00:00,21,207.5,0.4
2023-02-07 22:00:00,22,5.6,1.3
2023-02-07 23:00:00,23,,3.2
2023-02-08 00:00:00,0,,2.1
2023-02-08 01:00:00,1,,1.6
2023-02-08 02:00:00,2,,1.1
2023-02-08 03:00:00,3,,1.2
2023-02-08 04:00:00,4,,1.3
2023-02-08 05:00:00,5,,0.5
2023-02-08 06:00:00,6,,0.9
2023-02-08 07:00:00,7,,3.3
2023-02-08 08:00:00,8,,3.0
2023-02-08 09:00:00,9,8.3,4.6
2023-02-08 10:00:00,10,320.6,3.8
2023-02-08 11:00:00,11,1113.5,3.4
2023-02-08 12:00:00,12,1948.2,4.9
2023-02-08 13:00:00,13,2423.1,5.0
2023-02-08 14:00:00,14,3608.5,5.9
2023-02-08 15:00:00,15,4033.5,4.2
2023-02-08 16:00:00,16,4110.4,3.7
2023-02-08 17:00:00,17,3891.7,3.2
2023-02-08 18:00:00,18,3346.9,2.4
2023-02-08 19:00:00,19,2534.3,2.0
2023-02-08 20:00:00,20,1440.7,0.0
2023-02-08 21:00:00,21,420.7,0.0
2023-02-08 22:00:00,22,10.4,0.0
2023-02-08 23:00:00,23,,0.0
2023-02-09 00:00:00,0,,1.6
2023-02-09 01:00:00,1,,1.7
2023-02-09 02:00:00,2,,2.5
2023-02-09 03:00:00,3,,1.8
2023-02-09 04:00:00,4,,2.7
2023-02-09 05:00:00,5,,0.9
2023-02-09 06:00:00,6,,4.4
2023-02-09 07:00:00,7,,2.1
2023-02-09 08:00:00,8,,2.0
2023-02-09 09:00:00,9,5.7,1.9
2023-02-09 10:00:00,10,498.2,3.5
2023-02-09 11:00:00,11,1410.0,4.9
2023-02-09 12:00:00,12,2087.5,4.6
2023-02-09 13:00:00,13,2887.9,5.1
2023-02-09 14:00:00,14,3556.3,4.6
2023-02-09 15:00:00,15,4065.7,4.2
2023-02-09 16:00:00,16,4019.6,3.2
2023-02-09 17:00:00,17,3804.4,2.0
2023-02-09 18:00:00,18,3234.4,0.1
2023-02-09 19:00:00,19,2487.1,1.6
2023-02-09 20:00:00,20,1324.6,0.0
2023-02-09 21:00:00,21,512.8,0.0
2023-02-09 22:00:00,22,12.1,0.0
2023-02-09 23:00:00,23,,0.0
2023-02-10 00:00:00,0,,1.0
2023-02-10 01:00:00,1,,1.0
2023-02-10 02:00:00,2,,0.0
2023-02-10 03:00:00,3,,0.4
2023-02-10 04:00:00,4,,0.8
2023-02-10 05:00:00,5,,0.1
2023-02-10 06:00:00,6,,4.5
2023-02-10 07:00:00,7,,4.8
2023-02-10 08:00:00,8,,4.7
2023-02-10 09:00:00,9,5.7,3.7
2023-02-10 10:00:00,10,471.6,4.6
2023-02-10 11:00:00,11,1381.9,5.5
2023-02-10 12:00:00,12,1633.9,5.8
2023-02-10 13:00:00,13,2710.7,6.2
2023-02-10 14:00:00,14,3510.7,4.6
2023-02-10 15:00:00,15,4011.0,4.3
2023-02-10 16:00:00,16,3958.6,3.3
2023-02-10 17:00:00,17,3764.3,2.7
2023-02-10 18:00:00,18,2786.2,0.2
2023-02-10 19:00:00,19,1885.6,1.4
2023-02-10 20:00:00,20,1284.0,0.0
2023-02-10 21:00:00,21,613.2,0.0
2023-02-10 22:00:00,22,17.7,0.0
2023-02-10 23:00:00,23,,0.0
2023-02-11 00:00:00,0,,0.0
2023-02-11 01:00:00,1,,0.0
2023-02-11 02:00:00,2,,0.0
2023-02-11 03:00:00,3,,0.0
2023-02-11 04:00:00,4,,4.0
2023-02-11 05:00:00,5,,5.2
2023-02-11 06:00:00,6,,5.3
2023-02-11 07:00:00,7,,
2023-02-11 08:00:00,8,,4.1
2023-02-11 09:00:00,9,2.9,3.5
2023-02-11 10:00:00,10,438.3,3.1
2023-02-11 11:00:00,11,1137.2,3.6
2023-02-11 12:00:00,12,1995.3,4.6
2023-02-11 13:00:00,13,2804.1,5.6
2023-02-11 14:00:00,14,3544.9,4.8
2023-02-11 15:00:00,15,4067.6,4.2
2023-02-11 16:00:00,16,4052.9,4.2
2023-02-11 17:00:00,17,3869.8,2.8
2023-02-11 18:00:00,18,2625.5,1.6
2023-02-11 19:00:00,19,2142.8,1.9
2023-02-11 20:00:00,20,968.4,1.0
2023-02-11 21:00:00,21,332.1,0.0
2023-02-11 22:00:00,22,15.3,0.0
2023-02-11 23:00:00,23,,0.9
2023-02-12 00:00:00,0,,0.0
2023-02-12 01:00:00,1,,1.7
2023-02-12 02:00:00,2,,3.0
2023-02-12 03:00:00,3,,2.2
2023-02-12 04:00:00,4,,7.2
2023-02-12 05:00:00,5,,6.8
2023-02-12 06:00:00,6,,5.2
2023-02-12 07:00:00,7,,5.5
2023-02-12 08:00:00,8,,5.0
2023-02-12 09:00:00,9,4.3,3.2
2023-02-12 10:00:00,10,510.4,4.4
2023-02-12 11:00:00,11,1370.7,5.6
2023-02-12 12:00:00,12,1939.9,5.3
2023-02-12 13:00:00,13,2911.1,6.0
2023-02-12 14:00:00,14,3570.4,6.0
2023-02-12 15:00:00,15,4035.2,4.1
2023-02-12 16:00:00,16,3956.6,3.6
2023-02-12 17:00:00,17,3840.5,3.5
2023-02-12 18:00:00,18,3295.5,2.8
2023-02-12 19:00:00,19,2494.0,2.0
2023-02-12 20:00:00,20,492.1,2.0
2023-02-12 21:00:00,21,453.9,2.2
2023-02-12 22:00:00,22,11.6,2.0
2023-02-12 23:00:00,23,,0.6
2023-02-13 00:00:00,0,,0.0
2023-02-13 01:00:00,1,,0.6
2023-02-13 02:00:00,2,,0.0
2023-02-13 03:00:00,3,,0.0
2023-02-13 04:00:00,4,,6.7
2023-02-13 05:00:00,5,,4.2
2023-02-13 06:00:00,6,,4.7
2023-02-13 07:00:00,7,,3.0
2023-02-13 08:00:00,8,,4.0
2023-02-13 09:00:00,9,2.6,2.3
2023-02-13 10:00:00,10,446.1,4.1
2023-02-13 11:00:00,11,679.0,4.7
2023-02-13 12:00:00,12,797.1,5.3
2023-02-13 13:00:00,13,1704.7,5.3
2023-02-13 14:00:00,14,3486.9,5.0
2023-02-13 15:00:00,15,4027.3,4.1
2023-02-13 16:00:00,16,3952.2,3.0
2023-02-13 17:00:00,17,3730.3,3.4
2023-02-13 18:00:00,18,3215.6,2.9
2023-02-13 19:00:00,19,2438.9,1.8
2023-02-13 20:00:00,20,609.2,0.0
2023-02-13 21:00:00,21,298.2,0.0
2023-02-13 22:00:00,22,9.2,0.0
2023-02-13 23:00:00,23,,0.0
2023-02-14 00:00:00,0,,0.0
2023-02-14 01:00:00,1,,0.0
2023-02-14 02:00:00,2,,0.0
2023-02-14 03:00:00,3,,1.9
2023-02-14 04:00:00,4,,4.7
2023-02-14 05:00:00,5,,4.4
2023-02-14 06:00:00,6,,4.5
2023-02-14 07:00:00,7,,4.0
2023-02-14 08:00:00,8,,3.5
2023-02-14 09:00:00,9,0.8,3.5
2023-02-14 10:00:00,10,310.6,4.7
2023-02-14 11:00:00,11,1219.9,5.1
2023-02-14 12:00:00,12,1773.3,4.7
2023-02-14 13:00:00,13,2763.6,5.2
2023-02-14 14:00:00,14,3236.4,4.5
2023-02-14 15:00:00,15,3181.9,3.6
2023-02-14 16:00:00,16,3514.7,3.5
2023-02-14 17:00:00,17,3403.6,3.2
2023-02-14 18:00:00,18,2445.5,0.0
2023-02-14 19:00:00,19,1424.4,1.1
2023-02-14 20:00:00,20,892.3,0.0
2023-02-14 21:00:00,21,323.0,0.0
2023-02-14 22:00:00,22,15.6,2.2
2023-02-14 23:00:00,23,,1.8
2023-02-15 00:00:00,0,,1.9
2023-02-15 01:00:00,1,,1.4
2023-02-15 02:00:00,2,,1.8
2023-02-15 03:00:00,3,,1.4
2023-02-15 04:00:00,4,,1.0
2023-02-15 05:00:00,5,,1.7
2023-02-15 06:00:00,6,,4.3
2023-02-15 07:00:00,7,,3.3
2023-02-15 08:00:00,8,,5.0
2023-02-15 09:00:00,9,4.3,4.4
2023-02-15 10:00:00,10,476.3,3.8
2023-02-15 11:00:00,11,1354.5,3.3
2023-02-15 12:00:00,12,2025.7,4.1
2023-02-15 13:00:00,13,2849.4,4.9
2023-02-15 14:00:00,14,3563.4,4.9
2023-02-15 15:00:00,15,4048.6,5.2
2023-02-15 16:00:00,16,3943.6,4.7
2023-02-15 17:00:00,17,3623.5,3.8
2023-02-15 18:00:00,18,3136.2,2.2
2023-02-15 19:00:00,19,2229.1,2.4
2023-02-15 20:00:00,20,1171.5,1.9
2023-02-15 21:00:00,21,277.5,0.0
2023-02-15 22:00:00,22,5.2,0.5
2023-02-15 23:00:00,23,,0.9
2023-02-16 00:00:00,0,,2.2
2023-02-16 01:00:00,1,,2.3
2023-02-16 02:00:00,2,,0.9
2023-02-16 03:00:00,3,,1.0
2023-02-16 04:00:00,4,,0.0
2023-02-16 05:00:00,5,,0.0
2023-02-16 06:00:00,6,,1.1
2023-02-16 07:00:00,7,,0.0
2023-02-16 08:00:00,8,,0.0
2023-02-16 09:00:00,9,4.6,1.8
2023-02-16 10:00:00,10,398.2,1.8
2023-02-16 11:00:00,11,1235.2,1.8
2023-02-16 12:00:00,12,1964.3,1.3
2023-02-16 13:00:00,13,2310.0,4.3
2023-02-16 14:00:00,14,3029.1,4.7
2023-02-16 15:00:00,15,3867.6,4.5
2023-02-16 16:00:00,16,3810.0,4.2
2023-02-16 17:00:00,17,3674.8,2.9
2023-02-16 18:00:00,18,3081.8,2.4
2023-02-16 19:00:00,19,2293.7,1.7
2023-02-16 20:00:00,20,1258.8,0.0
2023-02-16 21:00:00,21,271.5,0.0
2023-02-16 22:00:00,22,5.4,0.0
2023-02-16 23:00:00,23,,0.0
2023-02-17 00:00:00,0,,0.0
2023-02-17 01:00:00,1,,3.0
2023-02-17 02:00:00,2,,2.6
2023-02-17 03:00:00,3,,2.6
2023-02-17 04:00:00,4,,3.4
2023-02-17 05:00:00,5,,1.5
2023-02-17 06:00:00,6,,0.0
2023-02-17 07:00:00,7,,1.8
2023-02-17 08:00:00,8,,1.2
2023-02-17 09:00:00,9,2.4,1.3
2023-02-17 10:00:00,10,230.9,1.7
2023-02-17 11:00:00,11,808.1,2.0
2023-02-17 12:00:00,12,1517.0,1.4
2023-02-17 13:00:00,13,2416.5,2.0
2023-02-17 14:00:00,14,2352.5,2.4
2023-02-17 15:00:00,15,3384.1,1.8
2023-02-17 16:00:00,16,3668.8,2.3
2023-02-17 17:00:00,17,3558.8,2.4
2023-02-17 18:00:00,18,3038.3,0.8
2023-02-17 19:00:00,19,2095.9,2.0
2023-02-17 20:00:00,20,977.5,0.0
2023-02-17 21:00:00,21,350.4,0.0
2023-02-17 22:00:00,22,3.6,3.2
2023-02-17 23:00:00,23,,3.4
2023-02-18 00:00:00,0,,2.5
2023-02-18 01:00:00,1,,1.0
2023-02-18 02:00:00,2,,0.0
2023-02-18 03:00:00,3,,0.0
2023-02-18 04:00:00,4,,0.0
2023-02-18 05:00:00,5,,2.9
2023-02-18 06:00:00,6,,1.7
2023-02-18 07:00:00,7,,1.5
2023-02-18 08:00:00,8,,1.9
2023-02-18 09:00:00,9,2.3,1.5
2023-02-18 10:00:00,10,470.7,1.6
2023-02-18 11:00:00,11,1094.4,2.9
2023-02-18 12:00:00,12,2006.5,4.7
2023-02-18 13:00:00,13,2829.0,5.1
2023-02-18 14:00:00,14,3542.7,4.6
2023-02-18 15:00:00,15,4006.0,3.8
2023-02-18 16:00:00,16,3907.4,2.2
2023-02-18 17:00:00,17,3681.1,2.5
2023-02-18 18:00:00,18,3167.1,2.1
2023-02-18 19:00:00,19,2374.0,0.0
2023-02-18 20:00:00,20,1131.1,1.2
2023-02-18 21:00:00,21,388.6,0.0
2023-02-18 22:00:00,22,2.4,0.0
2023-02-18 23:00:00,23,,0.0
2023-02-19 00:00:00,0,,4.8
2023-02-19 01:00:00,1,,3.7
2023-02-19 02:00:00,2,,3.4
2023-02-19 03:00:00,3,,2.9
2023-02-19 04:00:00,4,,2.4
2023-02-19 05:00:00,5,,1.6
2023-02-19 06:00:00,6,,1.6
2023-02-19 07:00:00,7,,1.5
2023-02-19 08:00:00,8,,2.1
2023-02-19 09:00:00,9,20.7,1.8
2023-02-19 10:00:00,10,372.0,4.1
2023-02-19 11:00:00,11,979.6,5.0
2023-02-19 12:00:00,12,2236.8,5.6
2023-02-19 13:00:00,13,2803.8,5.9
2023-02-19 14:00:00,14,3557.9,5.6
2023-02-19 15:00:00,15,3172.6,3.9
2023-02-19 16:00:00,16,3203.5,2.7
2023-02-19 17:00:00,17,2477.5,4.1
2023-02-19 18:00:00,18,2666.1,2.3
2023-02-19 19:00:00,19,2457.4,2.0
2023-02-19 20:00:00,20,784.9,4.5
2023-02-19 21:00:00,21,231.8,3.3
2023-02-19 22:00:00,22,8.1,2.3
2023-02-19 23:00:00,23,,1.8
2023-02-20 00:00:00,0,,1.0
2023-02-20 01:00:00,1,,1.5
2023-02-20 02:00:00,2,,1.4
2023-02-20 03:00:00,3,,0.4
2023-02-20 04:00:00,4,,0.0
2023-02-20 05:00:00,5,,0.0
2023-02-20 06:00:00,6,,1.3
2023-02-20 07:00:00,7,,1.8
2023-02-20 08:00:00,8,,2.4
2023-02-20 09:00:00,9,2.6,7.3
2023-02-20 10:00:00,10,37.7,2.4
2023-02-20 11:00:00,11,505.1,0.8
2023-02-20 12:00:00,12,705.9,3.5
2023-02-20 13:00:00,13,953.3,3.6
2023-02-20 14:00:00,14,2701.7,5.7
2023-02-20 15:00:00,15,1899.4,4.9
2023-02-20 16:00:00,16,1984.5,5.1
2023-02-20 17:00:00,17,1478.5,2.6
2023-02-20 18:00:00,18,1182.0,3.0
2023-02-20 19:00:00,19,1014.4,3.5
2023-02-20 20:00:00,20,1098.3,0.5
2023-02-20 21:00:00,21,250.5,1.7
2023-02-20 22:00:00,22,3.0,2.3
2023-02-20 23:00:00,23,,2.9
2023-02-21 00:00:00,0,,1.9
2023-02-21 01:00:00,1,,0.0
2023-02-21 02:00:00,2,,4.0
2023-02-21 03:00:00,3,,3.6
2023-02-21 04:00:00,4,,5.1
2023-02-21 05:00:00,5,,4.9
2023-02-21 06:00:00,6,,4.5
2023-02-21 07:00:00,7,,4.0
2023-02-21 08:00:00,8,,5.1
2023-02-21 09:00:00,9,,6.4
2023-02-21 10:00:00,10,113.9,6.3
2023-02-21 11:00:00,11,640.6,5.8
2023-02-21 12:00:00,12,1521.5,5.4
2023-02-21 13:00:00,13,2545.4,4.4
2023-02-21 14:00:00,14,2352.7,3.6
2023-02-21 15:00:00,15,2734.3,4.2
2023-02-21 16:00:00,16,3322.8,4.3
2023-02-21 17:00:00,17,2879.5,3.4
2023-02-21 18:00:00,18,3263.0,3.3
2023-02-21 19:00:00,19,1561.5,0.0
2023-02-21 20:00:00,20,1459.7,2.4
2023-02-21 21:00:00,21,362.0,2.0
2023-02-21 22:00:00,22,1.7,0.3
2023-02-21 23:00:00,23,7.7,3.3
2023-02-22 00:00:00,0,,0.0
2023-02-22 01:00:00,1,,2.0
2023-02-22 02:00:00,2,5.9,5.8
2023-02-22 03:00:00,3,0.0,5.1
2023-02-22 04:00:00,4,,5.7
2023-02-22 05:00:00,5,,4.4
2023-02-22 06:00:00,6,,6.4
2023-02-22 07:00:00,7,,4.6
2023-02-22 08:00:00,8,,4.9
2023-02-22 09:00:00,9,1.1,4.4
2023-02-22 10:00:00,10,450.9,4.8
2023-02-22 11:00:00,11,1303.5,5.3
2023-02-22 12:00:00,12,2058.9,5.0
2023-02-22 13:00:00,13,2738.7,4.3
2023-02-22 14:00:00,14,3646.5,4.5
2023-02-22 15:00:00,15,4104.9,3.5
2023-02-22 16:00:00,16,3479.7,3.9
2023-02-22 17:00:00,17,3394.6,3.5
2023-02-22 18:00:00,18,2859.1,1.9
2023-02-22 19:00:00,19,2223.5,0.4
2023-02-22 20:00:00,20,1495.8,2.5
2023-02-22 21:00:00,21,541.1,1.8
2023-02-22 22:00:00,22,12.2,1.5
2023-02-22 23:00:00,23,,0.0
2023-02-23 00:00:00,0,,0.0
2023-02-23 01:00:00,1,,2.6
2023-02-23 02:00:00,2,,3.9
2023-02-23 03:00:00,3,,4.8
2023-02-23 04:00:00,4,,6.0
2023-02-23 05:00:00,5,,2.9
2023-02-23 06:00:00,6,,4.4
2023-02-23 07:00:00,7,,3.4
2023-02-23 08:00:00,8,,3.3
2023-02-23 09:00:00,9,1.4,2.4
2023-02-23 10:00:00,10,272.8,2.7
2023-02-23 11:00:00,11,759.8,3.2
2023-02-23 12:00:00,12,1883.9,2.9
2023-02-23 13:00:00,13,2455.9,3.4
2023-02-23 14:00:00,14,3471.7,2.9
2023-02-23 15:00:00,15,4005.1,1.4
2023-02-23 16:00:00,16,4011.5,2.0
2023-02-23 17:00:00,17,3769.8,2.5
2023-02-23 18:00:00,18,3183.8,2.2
2023-02-23 19:00:00,19,2370.5,0.1
2023-02-23 20:00:00,20,1424.1,0.0
2023-02-23 21:00:00,21,374.7,0.0
2023-02-23 22:00:00,22,2.2,0.0
2023-02-23 23:00:00,23,,0.0
2023-02-24 00:00:00,0,,0.0
2023-02-24 01:00:00,1,,1.1
2023-02-24 02:00:00,2,,2.2
2023-02-24 03:00:00,3,,3.5
2023-02-24 04:00:00,4,,1.9
2023-02-24 05:00:00,5,,0.7
2023-02-24 06:00:00,6,,2.2
2023-02-24 07:00:00,7,,1.1
2023-02-24 08:00:00,8,,2.0
2023-02-24 09:00:00,9,2.1,1.9
2023-02-24 10:00:00,10,453.1,1.9
2023-02-24 11:00:00,11,1352.9,2.8
2023-02-24 12:00:00,12,2021.8,3.9
2023-02-24 13:00:00,13,2845.6,3.3
2023-02-24 14:00:00,14,3603.5,1.8
2023-02-24 15:00:00,15,4083.7,1.3
2023-02-24 16:00:00,16,3943.9,2.4
2023-02-24 17:00:00,17,3702.1,3.1
2023-02-24 18:00:00,18,2950.6,1.7
2023-02-24 19:00:00,19,2306.2,0.2
2023-02-24 20:00:00,20,1388.0,0.0
2023-02-24 21:00:00,21,435.2,0.0
2023-02-24 22:00:00,22,1.8,0.0
2023-02-24 23:00:00,23,,0.0
2023-02-25 00:00:00,0,,0.0
2023-02-25 01:00:00,1,,0.0
2023-02-25 02:00:00,2,,2.8
2023-02-25 03:00:00,3,,2.4
2023-02-25 04:00:00,4,,2.3
2023-02-25 05:00:00,5,,2.8
2023-02-25 06:00:00,6,,1.8
2023-02-25 07:00:00,7,,2.7
2023-02-25 08:00:00,8,,3.3
2023-02-25 09:00:00,9,1.9,3.5
2023-02-25 10:00:00,10,468.5,2.7
2023-02-25 11:00:00,11,726.9,2.8
2023-02-25 12:00:00,12,1602.0,4.1
2023-02-25 13:00:00,13,2881.2,5.8
2023-02-25 14:00:00,14,3682.6,5.1
2023-02-25 15:00:00,15,3904.3,4.8
2023-02-25 16:00:00,16,3939.0,4.8
2023-02-25 17:00:00,17,3764.8,4.6
2023-02-25 18:00:00,18,3243.4,4.1
2023-02-25 19:00:00,19,2135.3,3.1
2023-02-25 20:00:00,20,1435.2,1.4
2023-02-25 21:00:00,21,383.0,0.0
2023-02-25 22:00:00,22,1.3,0.0
2023-02-25 23:00:00,23,,0.0
2023-02-26 00:00:00,0,,0.0
2023-02-26 01:00:00,1,,0.0
2023-02-26 02:00:00,2,,0.0
2023-02-26 03:00:00,3,,0.0
2023-02-26 04:00:00,4,,0.0
2023-02-26 05:00:00,5,,4.7
2023-02-26 06:00:00,6,,5.6
2023-02-26 07:00:00,7,,5.1
2023-02-26 08:00:00,8,,2.7
2023-02-26 09:00:00,9,,1.7
2023-02-26 10:00:00,10,90.6,1.2
2023-02-26 11:00:00,11,610.8,1.6
2023-02-26 12:00:00,12,1419.2,4.8
2023-02-26 13:00:00,13,2627.0,4.8
2023-02-26 14:00:00,14,3129.3,4.8
2023-02-26 15:00:00,15,3206.2,3.3
2023-02-26 16:00:00,16,2892.0,2.5
2023-02-26 17:00:00,17,3560.2,3.2
2023-02-26 18:00:00,18,2757.1,5.4
2023-02-26 19:00:00,19,1970.4,2.8
2023-02-26 20:00:00,20,1512.1,2.0
2023-02-26 21:00:00,21,287.5,0.0
2023-02-26 22:00:00,22,1.0,0.0
2023-02-26 23:00:00,23,,0.0
2023-02-27 00:00:00,0,,0.0
2023-02-27 01:00:00,1,,2.1
2023-02-27 02:00:00,2,,1.7
2023-02-27 03:00:00,3,,5.6
2023-02-27 04:00:00,4,,5.4
2023-02-27 05:00:00,5,,4.3
2023-02-27 06:00:00,6,,3.3
2023-02-27 07:00:00,7,,4.8
2023-02-27 08:00:00,8,,3.0
2023-02-27 09:00:00,9,3.7,4.4
2023-02-27 10:00:00,10,226.3,3.9
2023-02-27 11:00:00,11,867.7,4.8
2023-02-27 12:00:00,12,1766.6,5.5
2023-02-27 13:00:00,13,2331.1,6.6
2023-02-27 14:00:00,14,3578.4,5.7
2023-02-27 15:00:00,15,4231.8,4.8
2023-02-27 16:00:00,16,4043.1,3.7
2023-02-27 17:00:00,17,3766.4,4.0
2023-02-27 18:00:00,18,3175.8,3.5
2023-02-27 19:00:00,19,2171.5,3.2
2023-02-27 20:00:00,20,973.8,2.0
2023-02-27 21:00:00,21,424.8,2.8
2023-02-27 22:00:00,22,1.8,2.2
2023-02-27 23:00:00,23,,2.0
2023-02-28 00:00:00,0,,2.5
2023-02-28 01:00:00,1,,0.0
2023-02-28 02:00:00,2,,0.0
2023-02-28 03:00:00,3,,1.6
2023-02-28 04:00:00,4,,1.1
2023-02-28 05:00:00,5,,1.6
2023-02-28 06:00:00,6,,2.6
2023-02-28 07:00:00,7,,4.7
2023-02-28 08:00:00,8,,3.9
2023-02-28 09:00:00,9,2.8,4.3
2023-02-28 10:00:00,10,197.7,6.2
2023-02-28 11:00:00,11,1213.3,7.7
2023-02-28 12:00:00,12,1716.1,6.3
2023-02-28 13:00:00,13,2533.8,6.9
2023-02-28 14:00:00,14,2568.0,4.8
2023-02-28 15:00:00,15,2926.4,4.6
2023-02-28 16:00:00,16,4010.5,4.1
2023-02-28 17:00:00,17,3545.6,3.5
2023-02-28 18:00:00,18,2562.0,2.1
2023-02-28 19:00:00,19,2097.3,2.0
2023-02-28 20:00:00,20,1054.1,1.4
2023-02-28 21:00:00,21,237.8,0.0
2023-02-28 22:00:00,22,0.1,0.0
2023-02-28 23:00:00,23,,1.4
2023-03-01 00:00:00,0,,0.0
2023-03-01 01:00:00,1,,0.0
2023-03-01 02:00:00,2,,0.0
2023-03-01 03:00:00,3,,3.9
2023-03-01 04:00:00,4,,3.5
2023-03-01 05:00:00,5,,6.7
2023-03-01 06:00:00,6,,5.8
2023-03-01 07:00:00,7,,3.8
2023-03-01 08:00:00,8,,4.9
2023-03-01 09:00:00,9,7.4,4.5
2023-03-01 10:00:00,10,252.7,4.9
2023-03-01 11:00:00,11,513.3,4.6
2023-03-01 12:00:00,12,2041.6,4.6
2023-03-01 13:00:00,13,2631.6,4.6
2023-03-01 14:00:00,14,3533.8,4.2
2023-03-01 15:00:00,15,2853.0,3.6
2023-03-01 16:00:00,16,3208.5,3.6
2023-03-01 17:00:00,17,1844.5,2.3
2023-03-01 18:00:00,18,2064.4,0.0
2023-03-01 19:00:00,19,1995.1,1.5
2023-03-01 20:00:00,20,622.8,3.1
2023-03-01 21:00:00,21,279.6,0.2
2023-03-01 22:00:00,22,3.9,0.0
2023-03-01 23:00:00,23,,0.0
2023-03-02 00:00:00,0,,0.0
2023-03-02 01:00:00,1,,0.0
2023-03-02 02:00:00,2,,0.0
2023-03-02 03:00:00,3,,0.0
2023-03-02 04:00:00,4,,5.2
2023-03-02 05:00:00,5,,1.7
2023-03-02 06:00:00,6,,3.9
2023-03-02 07:00:00,7,,3.8
2023-03-02 08:00:00,8,,4.4
2023-03-02 09:00:00,9,0.4,4.5
2023-03-02 10:00:00,10,468.9,5.0
2023-03-02 11:00:00,11,1308.2,4.4
2023-03-02 12:00:00,12,2028.4,6.1
2023-03-02 13:00:00,13,2861.5,5.5
2023-03-02 14:00:00,14,3633.6,5.1
2023-03-02 15:00:00,15,4068.6,4.5
2023-03-02 16:00:00,16,3945.8,4.4
2023-03-02 17:00:00,17,3699.5,3.3
2023-03-02 18:00:00,18,3113.1,2.7
2023-03-02 19:00:00,19,2304.1,2.1
2023-03-02 20:00:00,20,1362.1,0.0
2023-03-02 21:00:00,21,401.2,0.8
2023-03-02 22:00:00,22,0.5,0.0
2023-03-02 23:00:00,23,,0.0
2023-03-03 00:00:00,0,,2.8
2023-03-03 01:00:00,1,,2.8
2023-03-03 02:00:00,2,,2.0
2023-03-03 03:00:00,3,,4.9
2023-03-03 04:00:00,4,,5.8
2023-03-03 05:00:00,5,,6.7
2023-03-03 06:00:00,6,,6.1
2023-03-03 07:00:00,7,,5.5
2023-03-03 08:00:00,8,,4.1
2023-03-03 09:00:00,9,1.3,4.3
2023-03-03 10:00:00,10,441.0,3.8
2023-03-03 11:00:00,11,1330.7,6.1
2023-03-03 12:00:00,12,2029.8,5.6
2023-03-03 13:00:00,13,2849.1,5.5
2023-03-03 14:00:00,14,3621.8,5.4
2023-03-03 15:00:00,15,4053.5,4.4
2023-03-03 16:00:00,16,3942.3,4.4
2023-03-03 17:00:00,17,3690.5,3.9
2023-03-03 18:00:00,18,3109.9,3.3
2023-03-03 19:00:00,19,2301.7,2.7
2023-03-03 20:00:00,20,1351.8,2.0
2023-03-03 21:00:00,21,390.1,0.0
2023-03-03 22:00:00,22,,0.0
2023-03-03 23:00:00,23,,0.7
2023-03-04 00:00:00,0,,0.0
2023-03-04 01:00:00,1,,2.3
2023-03-04 02:00:00,2,,2.5
2023-03-04 03:00:00,3,,2.6
2023-03-04 04:00:00,4,,3.4
2023-03-04 05:00:00,5,,6.2
2023-03-04 06:00:00,6,,4.4
2023-03-04 07:00:00,7,,3.9
2023-03-04 08:00:00,8,,4.9
2023-03-04 09:00:00,9,3.0,5.4
2023-03-04 10:00:00,10,430.4,4.9
2023-03-04 11:00:00,11,1080.4,4.9
2023-03-04 12:00:00,12,1970.1,5.2
2023-03-04 13:00:00,13,2843.1,4.4
2023-03-04 14:00:00,14,3609.0,4.7
2023-03-04 15:00:00,15,4039.3,4.0
2023-03-04 16:00:00,16,3927.5,3.2
2023-03-04 17:00:00,17,3686.3,1.6
2023-03-04 18:00:00,18,3102.2,2.9
2023-03-04 19:00:00,19,2298.2,2.3
2023-03-04 20:00:00,20,1368.0,1.8
2023-03-04 21:00:00,21,398.5,0.0
2023-03-04 22:00:00,22,,0.0
2023-03-04 23:00:00,23,,0.8
2023-03-05 00:00:00,0,,0.0
2023-03-05 01:00:00,1,,0.0
2023-03-05 02:00:00,2,,0.0
2023-03-05 03:00:00,3,,1.0
2023-03-05 04:00:00,4,,0.7
2023-03-05 05:00:00,5,,0.9
2023-03-05 06:00:00,6,,0.3
2023-03-05 07:00:00,7,,1.4
2023-03-05 08:00:00,8,,0.6
2023-03-05 09:00:00,9,1.7,2.7
2023-03-05 10:00:00,10,441.2,1.7
2023-03-05 11:00:00,11,1311.9,4.0
2023-03-05 12:00:00,12,2015.2,4.8
2023-03-05 13:00:00,13,2840.3,5.3
2023-03-05 14:00:00,14,3624.2,4.1
2023-03-05 15:00:00,15,4049.4,3.6
2023-03-05 16:00:00,16,3932.7,2.1
2023-03-05 17:00:00,17,3687.5,2.1
2023-03-05 18:00:00,18,3107.7,2.1
2023-03-05 19:00:00,19,2302.1,0.4
2023-03-05 20:00:00,20,1361.6,2.0
2023-03-05 21:00:00,21,386.7,0.0
2023-03-05 22:00:00,22,,0.0
2023-03-05 23:00:00,23,,0.0
2023-03-06 00:00:00,0,,0.0
2023-03-06 01:00:00,1,,2.2
2023-03-06 02:00:00,2,,1.7
2023-03-06 03:00:00,3,,0.0
2023-03-06 04:00:00,4,,3.5
2023-03-06 05:00:00,5,,2.5
2023-03-06 06:00:00,6,,2.2
2023-03-06 07:00:00,7,,2.0
2023-03-06 08:00:00,8,,4.0
2023-03-06 09:00:00,9,1.5,3.2
2023-03-06 10:00:00,10,406.2,3.2
2023-03-06 11:00:00,11,1271.1,4.3
2023-03-06 12:00:00,12,1976.9,4.3
2023-03-06 13:00:00,13,2874.6,4.6
2023-03-06 14:00:00,14,3518.3,4.1
2023-03-06 15:00:00,15,4075.2,3.5
2023-03-06 16:00:00,16,3974.8,4.1
2023-03-06 17:00:00,17,3688.5,3.9
2023-03-06 18:00:00,18,3090.4,3.1
2023-03-06 19:00:00,19,2279.5,4.3
2023-03-06 20:00:00,20,1349.4,2.8
2023-03-06 21:00:00,21,408.4,2.1
2023-03-06 22:00:00,22,,1.1
2023-03-06 23:00:00,23,,3.0
2023-03-07 00:00:00,0,,0.8
2023-03-07 01:00:00,1,,1.6
2023-03-07 02:00:00,2,,1.3
2023-03-07 03:00:00,3,,1.8
2023-03-07 04:00:00,4,,1.8
2023-03-07 05:00:00,5,,1.5
2023-03-07 06:00:00,6,,2.0
2023-03-07 07:00:00,7,,1.8
2023-03-07 08:00:00,8,,6.2
2023-03-07 09:00:00,9,3.1,5.7
2023-03-07 10:00:00,10,323.2,5.6
2023-03-07 11:00:00,11,1111.6,6.9
2023-03-07 12:00:00,12,1948.8,6.9
2023-03-07 13:00:00,13,2805.5,6.2
2023-03-07 14:00:00,14,3678.9,5.9
2023-03-07 15:00:00,15,4054.8,4.9
2023-03-07 16:00:00,16,3908.3,4.5
2023-03-07 17:00:00,17,3605.9,4.4
2023-03-07 18:00:00,18,3083.2,3.9
2023-03-07 19:00:00,19,2192.2,3.1
2023-03-07 20:00:00,20,1093.5,2.4
2023-03-07 21:00:00,21,266.0,0.8
2023-03-07 22:00:00,22,,0.0
2023-03-07 23:00:00,23,,0.0
2023-03-08 00:00:00,0,,0.0
2023-03-08 01:00:00,1,,0.0
2023-03-08 02:00:00,2,,0.0
2023-03-08 03:00:00,3,,6.8
2023-03-08 04:00:00,4,,6.8
2023-03-08 05:00:00,5,,5.6
2023-03-08 06:00:00,6,,4.8
2023-03-08 07:00:00,7,,3.9
2023-03-08 08:00:00,8,,3.2
2023-03-08 09:00:00,9,1.2,4.2
2023-03-08 10:00:00,10,361.9,4.0
2023-03-08 11:00:00,11,1230.4,4.7
2023-03-08 12:00:00,12,2000.2,6.7
2023-03-08 13:00:00,13,2864.5,5.3
2023-03-08 14:00:00,14,3402.8,5.2
2023-03-08 15:00:00,15,4073.1,4.3
2023-03-08 16:00:00,16,3947.3,3.6
2023-03-08 17:00:00,17,3681.5,3.1
2023-03-08 18:00:00,18,3005.8,2.7
2023-03-08 19:00:00,19,2251.3,0.0
2023-03-08 20:00:00,20,1315.6,0.0
2023-03-08 21:00:00,21,335.1,0.8
2023-03-08 22:00:00,22,,0.0
2023-03-08 23:00:00,23,,0.0
2023-03-09 00:00:00,0,,0.0
2023-03-09 01:00:00,1,,4.3
2023-03-09 02:00:00,2,,1.6
2023-03-09 03:00:00,3,,2.8
2023-03-09 04:00:00,4,,5.8
2023-03-09 05:00:00,5,,5.1
2023-03-09 06:00:00,6,,5.5
2023-03-09 07:00:00,7,,3.3
2023-03-09 08:00:00,8,,4.3
2023-03-09 09:00:00,9,1.6,4.6
2023-03-09 10:00:00,10,423.4,5.7
2023-03-09 11:00:00,11,1242.3,5.8
2023-03-09 12:00:00,12,2012.1,7.5
2023-03-09 13:00:00,13,2837.8,6.1
2023-03-09 14:00:00,14,3636.3,4.6
2023-03-09 15:00:00,15,4037.7,4.0
2023-03-09 16:00:00,16,3932.4,3.5
2023-03-09 17:00:00,17,3684.0,2.4
2023-03-09 18:00:00,18,3087.0,2.1
2023-03-09 19:00:00,19,2226.3,0.0
2023-03-09 20:00:00,20,1318.4,0.0
2023-03-09 21:00:00,21,382.6,0.0
2023-03-09 22:00:00,22,,0.0
2023-03-09 23:00:00,23,,0.0
2023-03-10 00:00:00,0,,2.6
2023-03-10 01:00:00,1,,2.4
2023-03-10 02:00:00,2,,1.3
2023-03-10 03:00:00,3,,1.4
2023-03-10 04:00:00,4,,6.2
2023-03-10 05:00:00,5,,5.5
2023-03-10 06:00:00,6,,6.8
2023-03-10 07:00:00,7,,5.8
2023-03-10 08:00:00,8,,5.3
2023-03-10 09:00:00,9,,5.1
2023-03-10 10:00:00,10,266.7,4.8
2023-03-10 11:00:00,11,1147.1,5.7
2023-03-10 12:00:00,12,1799.4,5.6
2023-03-10 13:00:00,13,2495.7,5.3
2023-03-10 14:00:00,14,3250.2,5.8
2023-03-10 15:00:00,15,3775.2,4.4
2023-03-10 16:00:00,16,3833.9,3.5
2023-03-10 17:00:00,17,3662.6,2.2
2023-03-10 18:00:00,18,2997.1,2.5
2023-03-10 19:00:00,19,2180.9,2.3
2023-03-10 20:00:00,20,1323.2,1.0
2023-03-10 21:00:00,21,312.9,0.2
2023-03-10 22:00:00,22,,0.0
2023-03-10 23:00:00,23,,0.0
2023-03-11 00:00:00,0,,0.0
2023-03-11 01:00:00,1,,0.0
2023-03-11 02:00:00,2,,0.0
2023-03-11 03:00:00,3,,0.0
2023-03-11 04:00:00,4,,0.0
2023-03-11 05:00:00,5,,4.6
2023-03-11 06:00:00,6,,4.1
2023-03-11 07:00:00,7,,5.2
2023-03-11 08:00:00,8,,4.4
2023-03-11 09:00:00,9,,3.6
2023-03-11 10:00:00,10,158.1,2.1
2023-03-11 11:00:00,11,654.3,3.6
2023-03-11 12:00:00,12,1636.4,2.9
2023-03-11 13:00:00,13,2401.0,3.7
2023-03-11 14:00:00,14,3564.1,2.8
2023-03-11 15:00:00,15,4005.1,4.0
2023-03-11 16:00:00,16,3917.4,3.7
2023-03-11 17:00:00,17,3706.5,3.8
2023-03-11 18:00:00,18,3043.6,0.9
2023-03-11 19:00:00,19,2227.9,2.6
2023-03-11 20:00:00,20,947.2,3.2
2023-03-11 21:00:00,21,287.5,1.9
2023-03-11 22:00:00,22,,0.0
2023-03-11 23:00:00,23,,0.0
2023-03-12 00:00:00,0,,0.0
2023-03-12 01:00:00,1,,0.0
2023-03-12 02:00:00,2,,0.0
2023-03-12 03:00:00,3,,0.0
2023-03-12 04:00:00,4,,0.0
2023-03-12 05:00:00,5,,1.1
2023-03-12 06:00:00,6,,3.6
2023-03-12 07:00:00,7,,0.5
2023-03-12 08:00:00,8,,3.8
2023-03-12 09:00:00,9,3.4,4.1
2023-03-12 10:00:00,10,275.2,5.0
2023-03-12 11:00:00,11,982.2,5.5
2023-03-12 12:00:00,12,1918.7,4.9
2023-03-12 13:00:00,13,2687.9,4.8
2023-03-12 14:00:00,14,3718.2,4.3
2023-03-12 15:00:00,15,3495.9,3.9
2023-03-12 16:00:00,16,3567.1,3.5
2023-03-12 17:00:00,17,2371.7,2.1
2023-03-12 18:00:00,18,2278.6,0.1
2023-03-12 19:00:00,19,2241.1,0.4
2023-03-12 20:00:00,20,1346.8,0.0
2023-03-12 21:00:00,21,356.3,0.0
2023-03-12 22:00:00,22,,0.0
2023-03-12 23:00:00,23,,0.0
2023-03-13 00:00:00,0,,0.0
2023-03-13 01:00:00,1,,1.4
2023-03-13 02:00:00,2,,0.0
2023-03-13 03:00:00,3,,2.1
2023-03-13 04:00:00,4,,4.0
2023-03-13 05:00:00,5,,4.5
2023-03-13 06:00:00,6,,5.3
2023-03-13 07:00:00,7,,3.8
2023-03-13 08:00:00,8,,3.4
2023-03-13 09:00:00,9,0.2,3.4
2023-03-13 10:00:00,10,257.7,3.2
2023-03-13 11:00:00,11,1024.1,2.9
2023-03-13 12:00:00,12,1799.7,3.9
2023-03-13 13:00:00,13,2018.4,4.6
2023-03-13 14:00:00,14,3313.4,4.6
2023-03-13 15:00:00,15,3858.7,3.2
2023-03-13 16:00:00,16,3860.5,2.3
2023-03-13 17:00:00,17,3295.7,3.3
2023-03-13 18:00:00,18,2229.3,2.2
2023-03-13 19:00:00,19,1939.7,2.0
2023-03-13 20:00:00,20,997.6,0.5
2023-03-13 21:00:00,21,158.2,0.0
2023-03-13 22:00:00,22,,0.0
2023-03-13 23:00:00,23,,0.0
2023-03-14 00:00:00,0,,0.0
2023-03-14 01:00:00,1,,2.1
2023-03-14 02:00:00,2,2.3,0.2
2023-03-14 03:00:00,3,3.5,2.6
2023-03-14 04:00:00,4,1.6,2.3
2023-03-14 05:00:00,5,1.8,1.1
2023-03-14 06:00:00,6,1.5,0.5
2023-03-14 07:00:00,7,,2.3
2023-03-14 08:00:00,8,1.4,1.3
2023-03-14 09:00:00,9,,1.5
2023-03-14 10:00:00,10,13.2,1.7
2023-03-14 11:00:00,11,59.1,0.1
2023-03-14 12:00:00,12,148.8,2.3
2023-03-14 13:00:00,13,267.0,2.5
2023-03-14 14:00:00,14,417.1,2.8
2023-03-14 15:00:00,15,1265.9,1.9
2023-03-14 16:00:00,16,2432.5,2.7
2023-03-14 17:00:00,17,1955.4,0.3
2023-03-14 18:00:00,18,1950.4,0.0
2023-03-14 19:00:00,19,1572.3,3.1
2023-03-14 20:00:00,20,552.2,2.2
2023-03-14 21:00:00,21,67.5,2.2
2023-03-14 22:00:00,22,0.1,0.3
2023-03-14 23:00:00,23,,0.3
2023-03-15 00:00:00,0,,0.8
2023-03-15 01:00:00,1,0.0,1.1
2023-03-15 02:00:00,2,0.4,1.3
2023-03-15 03:00:00,3,1.9,0.9
2023-03-15 04:00:00,4,4.1,1.8
2023-03-15 05:00:00,5,1.9,3.5
2023-03-15 06:00:00,6,,2.2
2023-03-15 07:00:00,7,0.5,1.2
2023-03-15 08:00:00,8,,1.7
2023-03-15 09:00:00,9,0.5,0.5
2023-03-15 10:00:00,10,45.2,1.5
2023-03-15 11:00:00,11,644.3,3.6
2023-03-15 12:00:00,12,1273.9,3.9
2023-03-15 13:00:00,13,1434.3,2.9
2023-03-15 14:00:00,14,2328.9,4.4
2023-03-15 15:00:00,15,3193.8,2.7
2023-03-15 16:00:00,16,2719.8,2.2
2023-03-15 17:00:00,17,2884.7,3.2
2023-03-15 18:00:00,18,2880.9,2.7
2023-03-15 19:00:00,19,1572.2,0.0
2023-03-15 20:00:00,20,752.9,4.9
2023-03-15 21:00:00,21,207.0,3.5
2023-03-15 22:00:00,22,,2.1
2023-03-15 23:00:00,23,,2.8
2023-03-16 00:00:00,0,,1.7
2023-03-16 01:00:00,1,,1.8
2023-03-16 02:00:00,2,,2.2
2023-03-16 03:00:00,3,,1.8
2023-03-16 04:00:00,4,,1.3
2023-03-16 05:00:00,5,,0.7
2023-03-16 06:00:00,6,,1.3
2023-03-16 07:00:00,7,,1.0
2023-03-16 08:00:00,8,,0.3
2023-03-16 09:00:00,9,0.5,0.1
2023-03-16 10:00:00,10,201.3,1.3
2023-03-16 11:00:00,11,647.3,0.9
2023-03-16 12:00:00,12,951.2,0.0
2023-03-16 13:00:00,13,1954.9,1.8
2023-03-16 14:00:00,14,3097.4,2.7
2023-03-16 15:00:00,15,2956.6,2.4
2023-03-16 16:00:00,16,2654.4,2.6
2023-03-16 17:00:00,17,2863.8,2.0
2023-03-16 18:00:00,18,1486.7,1.6
2023-03-16 19:00:00,19,1596.6,1.6
2023-03-16 20:00:00,20,1277.8,0.1
2023-03-16 21:00:00,21,331.9,0.0
2023-03-16 22:00:00,22,,0.0
2023-03-16 23:00:00,23,,0.0
2023-03-17 00:00:00,0,,0.0
2023-03-17 01:00:00,1,,1.7
2023-03-17 02:00:00,2,,2.0
2023-03-17 03:00:00,3,,1.5
2023-03-17 04:00:00,4,,2.2
2023-03-17 05:00:00,5,,1.1
2023-03-17 06:00:00,6,,0.0
2023-03-17 07:00:00,7,,1.4
2023-03-17 08:00:00,8,,3.5
2023-03-17 09:00:00,9,1.4,3.4
2023-03-17 10:00:00,10,305.6,2.8
2023-03-17 11:00:00,11,1275.9,3.6
2023-03-17 12:00:00,12,2002.3,4.5
2023-03-17 13:00:00,13,2767.0,4.9
2023-03-17 14:00:00,14,3534.6,5.1
2023-03-17 15:00:00,15,3744.4,4.4
2023-03-17 16:00:00,16,3371.5,5.1
2023-03-17 17:00:00,17,3070.8,3.9
2023-03-17 18:00:00,18,2671.7,3.8
2023-03-17 19:00:00,19,1525.7,3.6
2023-03-17 20:00:00,20,455.3,4.0
2023-03-17 21:00:00,21,108.4,0.0
2023-03-17 22:00:00,22,,0.0
2023-03-17 23:00:00,23,,0.0
2023-03-18 00:00:00,0,,0.0
2023-03-18 01:00:00,1,,0.0
2023-03-18 02:00:00,2,,2.1
2023-03-18 03:00:00,3,,0.3
2023-03-18 04:00:00,4,,2.0
2023-03-18 05:00:00,5,0.8,2.2
2023-03-18 06:00:00,6,0.8,2.9
2023-03-18 07:00:00,7,,3.3
2023-03-18 08:00:00,8,1.1,1.9
2023-03-18 09:00:00,9,,1.4
2023-03-18 10:00:00,10,34.5,4.4
2023-03-18 11:00:00,11,74.0,0.9
2023-03-18 12:00:00,12,154.8,2.1
2023-03-18 13:00:00,13,205.5,2.1
2023-03-18 14:00:00,14,370.1,3.2
2023-03-18 15:00:00,15,551.7,2.1
2023-03-18 16:00:00,16,605.9,1.6
2023-03-18 17:00:00,17,710.8,1.6
2023-03-18 18:00:00,18,456.1,0.2
2023-03-18 19:00:00,19,292.2,1.6
2023-03-18 20:00:00,20,193.0,1.7
2023-03-18 21:00:00,21,153.9,2.0
2023-03-18 22:00:00,22,,0.0
2023-03-18 23:00:00,23,,0.0
2023-03-19 00:00:00,0,,0.0
2023-03-19 01:00:00,1,,0.0
2023-03-19 02:00:00,2,,0.0
2023-03-19 03:00:00,3,,0.0
2023-03-19 04:00:00,4,,0.0
2023-03-19 05:00:00,5,,0.0
2023-03-19 06:00:00,6,,0.0
2023-03-19 07:00:00,7,,2.8
2023-03-19 08:00:00,8,,2.2
2023-03-19 09:00:00,9,4.1,1.2
2023-03-19 10:00:00,10,158.8,0.1
2023-03-19 11:00:00,11,399.3,0.7
2023-03-19 12:00:00,12,1439.0,3.6
2023-03-19 13:00:00,13,2205.4,3.2
2023-03-19 14:00:00,14,3483.6,2.9
2023-03-19 15:00:00,15,3565.5,0.0
2023-03-19 16:00:00,16,2552.7,1.0
2023-03-19 17:00:00,17,2735.6,2.7
2023-03-19 18:00:00,18,2718.6,2.5
2023-03-19 19:00:00,19,1695.3,2.4
2023-03-19 20:00:00,20,930.1,0.0
2023-03-19 21:00:00,21,134.3,0.0
2023-03-19 22:00:00,22,,0.0
2023-03-19 23:00:00,23,,0.0
2023-03-20 00:00:00,0,,0.1
2023-03-20 01:00:00,1,,0.0
2023-03-20 02:00:00,2,2.1,4.9
2023-03-20 03:00:00,3,0.5,2.6
2023-03-20 04:00:00,4,0.4,3.4
2023-03-20 05:00:00,5,0.2,1.1
2023-03-20 06:00:00,6,,1.5
2023-03-20 07:00:00,7,0.3,2.5
2023-03-20 08:00:00,8,,3.0
2023-03-20 09:00:00,9,0.9,3.1
2023-03-20 10:00:00,10,78.5,2.3
2023-03-20 11:00:00,11,352.7,2.5
2023-03-20 12:00:00,12,637.4,1.9
2023-03-20 13:00:00,13,910.8,0.0
2023-03-20 14:00:00,14,2305.7,0.0
2023-03-20 15:00:00,15,3717.9,0.0
2023-03-20 16:00:00,16,2879.4,0.0
2023-03-20 17:00:00,17,2621.7,2.4
2023-03-20 18:00:00,18,1806.0,1.2
2023-03-20 19:00:00,19,1211.1,1.8
2023-03-20 20:00:00,20,1292.4,3.0
2023-03-20 21:00:00,21,190.6,0.6
2023-03-20 22:00:00,22,,0.0
2023-03-20 23:00:00,23,,0.0
2023-03-21 00:00:00,0,,0.0
2023-03-21 01:00:00,1,,3.1
2023-03-21 02:00:00,2,,2.0
2023-03-21 03:00:00,3,,1.2
2023-03-21 04:00:00,4,,2.2
2023-03-21 05:00:00,5,,1.7
2023-03-21 06:00:00,6,,3.0
2023-03-21 07:00:00,7,0.0,2.3
2023-03-21 08:00:00,8,,3.0
2023-03-21 09:00:00,9,,3.8
2023-03-21 10:00:00,10,10.0,2.5
2023-03-21 11:00:00,11,32.6,0.0
2023-03-21 12:00:00,12,64.7,1.3
2023-03-21 13:00:00,13,137.7,1.9
2023-03-21 14:00:00,14,229.6,0.1
2023-03-21 15:00:00,15,399.7,1.1
2023-03-21 16:00:00,16,820.4,1.1
2023-03-21 17:00:00,17,954.3,0.3
2023-03-21 18:00:00,18,1074.4,0.3
2023-03-21 19:00:00,19,1226.5,0.9
2023-03-21 20:00:00,20,588.9,0.0
2023-03-21 21:00:00,21,184.9,0.1
2023-03-21 22:00:00,22,,0.0
2023-03-21 23:00:00,23,,0.0
2023-03-22 00:00:00,0,,0.0
2023-03-22 01:00:00,1,,0.0
2023-03-22 02:00:00,2,,0.0
2023-03-22 03:00:00,3,,0.0
2023-03-22 04:00:00,4,,0.0
2023-03-22 05:00:00,5,,0.0
2023-03-22 06:00:00,6,,0.0
2023-03-22 07:00:00,7,,0.0
2023-03-22 08:00:00,8,,0.0
2023-03-22 09:00:00,9,1.2,0.0
2023-03-22 10:00:00,10,123.3,0.0
2023-03-22 11:00:00,11,571.4,0.0
2023-03-22 12:00:00,12,1380.3,0.0
2023-03-22 13:00:00,13,2542.0,4.3
2023-03-22 14:00:00,14,2108.9,3.6
2023-03-22 15:00:00,15,3337.2,4.5
2023-03-22 16:00:00,16,1696.8,2.0
2023-03-22 17:00:00,17,1161.3,1.3
2023-03-22 18:00:00,18,1122.8,2.0
2023-03-22 19:00:00,19,1721.2,2.4
2023-03-22 20:00:00,20,608.6,1.8
2023-03-22 21:00:00,21,105.6,1.9
2023-03-22 22:00:00,22,2.8,10.9
2023-03-22 23:00:00,23,0.3,4.9
2023-03-23 00:00:00,0,,2.2
2023-03-23 01:00:00,1,,2.2
2023-03-23 02:00:00,2,,1.4
2023-03-23 03:00:00,3,,0.7
2023-03-23 04:00:00,4,,0.8
2023-03-23 05:00:00,5,,0.4
2023-03-23 06:00:00,6,,0.0
2023-03-23 07:00:00,7,,0.0
2023-03-23 08:00:00,8,,0.0
2023-03-23 09:00:00,9,2.3,0.0
2023-03-23 10:00:00,10,423.2,4.1
2023-03-23 11:00:00,11,1349.0,4.8
2023-03-23 12:00:00,12,1576.4,5.5
2023-03-23 13:00:00,13,2303.0,5.5
2023-03-23 14:00:00,14,3467.7,4.9
2023-03-23 15:00:00,15,3646.6,3.6
2023-03-23 16:00:00,16,3872.7,3.5
2023-03-23 17:00:00,17,3527.6,3.3
2023-03-23 18:00:00,18,2989.8,0.0
2023-03-23 19:00:00,19,2111.8,0.0
2023-03-23 20:00:00,20,1166.0,0.0
2023-03-23 21:00:00,21,263.1,0.0
2023-03-23 22:00:00,22,,0.0
2023-03-23 23:00:00,23,,0.0
2023-03-24 00:00:00,0,,0.0
2023-03-24 01:00:00,1,,6.9
2023-03-24 02:00:00,2,,5.8
2023-03-24 03:00:00,3,,6.9
2023-03-24 04:00:00,4,,5.6
2023-03-24 05:00:00,5,,3.9
2023-03-24 06:00:00,6,,3.3
2023-03-24 07:00:00,7,,4.5
2023-03-24 08:00:00,8,,4.1
2023-03-24 09:00:00,9,1.9,4.6
2023-03-24 10:00:00,10,427.4,3.4
2023-03-24 11:00:00,11,1010.7,3.6
2023-03-24 12:00:00,12,1972.7,1.9
2023-03-24 13:00:00,13,2625.9,2.5
2023-03-24 14:00:00,14,3471.4,3.1
2023-03-24 15:00:00,15,3850.6,1.9
2023-03-24 16:00:00,16,3819.2,1.2
2023-03-24 17:00:00,17,3543.6,1.7
2023-03-24 18:00:00,18,2596.5,2.3
2023-03-24 19:00:00,19,2126.5,2.1
2023-03-24 20:00:00,20,1159.1,2.3
2023-03-24 21:00:00,21,171.0,1.9
2023-03-24 22:00:00,22,,2.1
2023-03-24 23:00:00,23,,2.4
2023-03-25 00:00:00,0,5.3,4.8
2023-03-25 01:00:00,1,,0.0
2023-03-25 02:00:00,2,,4.9
2023-03-25 03:00:00,3,,0.0
2023-03-25 04:00:00,4,,0.0
2023-03-25 05:00:00,5,,0.1
2023-03-25 06:00:00,6,,1.4
2023-03-25 07:00:00,7,,0.0
2023-03-25 08:00:00,8,,0.0
2023-03-25 09:00:00,9,4.2,0.0
2023-03-25 10:00:00,10,289.6,0.0
2023-03-25 11:00:00,11,1130.8,0.0
2023-03-25 12:00:00,12,1798.8,3.0
2023-03-25 13:00:00,13,1932.4,3.4
2023-03-25 14:00:00,14,3155.9,3.4
2023-03-25 15:00:00,15,3374.3,3.5
2023-03-25 16:00:00,16,3386.2,3.0
2023-03-25 17:00:00,17,2930.9,2.8
2023-03-25 18:00:00,18,1930.8,1.7
2023-03-25 19:00:00,19,1277.8,1.3
2023-03-25 20:00:00,20,522.6,2.1
2023-03-25 21:00:00,21,233.3,1.1
2023-03-25 22:00:00,22,,0.0
2023-03-25 23:00:00,23,5.1,2.7
2023-03-26 00:00:00,0,2.3,1.3
2023-03-26 01:00:00,1,5.2,1.7
2023-03-26 02:00:00,2,2.8,0.0
2023-03-26 03:00:00,3,,2.1
2023-03-26 04:00:00,4,0.7,1.9
2023-03-26 05:00:00,5,,0.9
2023-03-26 06:00:00,6,,1.2
2023-03-26 07:00:00,7,,2.4
2023-03-26 08:00:00,8,,1.6
2023-03-26 09:00:00,9,2.6,0.3
2023-03-26 10:00:00,10,382.7,3.0
2023-03-26 11:00:00,11,1369.6,4.1
2023-03-26 12:00:00,12,1856.5,4.4
2023-03-26 13:00:00,13,2573.8,4.6
2023-03-26 14:00:00,14,3555.1,4.0
2023-03-26 15:00:00,15,3914.5,4.2
2023-03-26 16:00:00,16,3834.5,3.4
2023-03-26 17:00:00,17,3574.6,3.2
2023-03-26 18:00:00,18,2960.0,2.3
2023-03-26 19:00:00,19,2092.8,0.0
2023-03-26 20:00:00,20,1022.7,0.0
2023-03-26 21:00:00,21,114.9,0.0
2023-03-26 22:00:00,22,,0.0
2023-03-26 23:00:00,23,,0.9
2023-03-27 00:00:00,0,,0.0
2023-03-27 01:00:00,1,,0.7
2023-03-27 02:00:00,2,,3.3
2023-03-27 03:00:00,3,,3.4
2023-03-27 04:00:00,4,,4.9
2023-03-27 05:00:00,5,,4.1
2023-03-27 06:00:00,6,,2.1
2023-03-27 07:00:00,7,,3.7
2023-03-27 08:00:00,8,,3.9
2023-03-27 09:00:00,9,1.5,2.8
2023-03-27 10:00:00,10,467.8,4.0
2023-03-27 11:00:00,11,1164.2,4.1
2023-03-27 12:00:00,12,1816.1,4.1
2023-03-27 13:00:00,13,1950.6,4.7
2023-03-27 14:00:00,14,2682.3,5.0
2023-03-27 15:00:00,15,3970.5,5.6
2023-03-27 16:00:00,16,3388.5,5.0
2023-03-27 17:00:00,17,3038.1,4.5
2023-03-27 18:00:00,18,2455.1,3.3
2023-03-27 19:00:00,19,1759.8,3.2
2023-03-27 20:00:00,20,1246.1,2.4
2023-03-27 21:00:00,21,219.1,1.6
2023-03-27 22:00:00,22,,0.1
2023-03-27 23:00:00,23,,0.0
2023-03-28 00:00:00,0,,0.6
2023-03-28 01:00:00,1,,3.1
2023-03-28 02:00:00,2,,3.0
2023-03-28 03:00:00,3,,1.8
2023-03-28 04:00:00,4,,2.1
2023-03-28 05:00:00,5,,0.2
2023-03-28 06:00:00,6,,2.2
2023-03-28 07:00:00,7,,1.4
2023-03-28 08:00:00,8,,1.5
2023-03-28 09:00:00,9,4.2,1.1
2023-03-28 10:00:00,10,443.0,1.6
2023-03-28 11:00:00,11,1349.5,3.4
2023-03-28 12:00:00,12,2006.2,3.9
2023-03-28 13:00:00,13,2663.2,4.3
2023-03-28 14:00:00,14,3535.7,4.8
2023-03-28 15:00:00,15,3949.1,4.1
2023-03-28 16:00:00,16,3819.8,2.9
2023-03-28 17:00:00,17,3508.7,2.3
2023-03-28 18:00:00,18,2917.8,0.6
2023-03-28 19:00:00,19,2091.1,0.0
2023-03-28 20:00:00,20,1159.9,0.0
2023-03-28 21:00:00,21,236.5,0.0
2023-03-28 22:00:00,22,,0.0
2023-03-28 23:00:00,23,,0.0
2023-03-29 00:00:00,0,,0.0
2023-03-29 01:00:00,1,,0.0
2023-03-29 02:00:00,2,,0.0
2023-03-29 03:00:00,3,,0.0
2023-03-29 04:00:00,4,,0.0
2023-03-29 05:00:00,5,,0.0
2023-03-29 06:00:00,6,,3.2
2023-03-29 07:00:00,7,,3.6
2023-03-29 08:00:00,8,,2.8
2023-03-29 09:00:00,9,4.0,3.4
2023-03-29 10:00:00,10,322.1,3.7
2023-03-29 11:00:00,11,1391.7,4.6
2023-03-29 12:00:00,12,1858.1,4.1
2023-03-29 13:00:00,13,2661.2,5.2
2023-03-29 14:00:00,14,3525.1,4.0
2023-03-29 15:00:00,15,3893.4,4.0
2023-03-29 16:00:00,16,3811.9,2.9
2023-03-29 17:00:00,17,3458.1,2.6
2023-03-29 18:00:00,18,2804.9,2.2
2023-03-29 19:00:00,19,1962.0,2.5
2023-03-29 20:00:00,20,1065.6,1.4
2023-03-29 21:00:00,21,232.2,1.3
2023-03-29 22:00:00,22,,0.1
2023-03-29 23:00:00,23,,0.8
2023-03-30 00:00:00,0,,0.0
2023-03-30 01:00:00,1,,0.0
2023-03-30 02:00:00,2,,1.2
2023-03-30 03:00:00,3,,1.9
2023-03-30 04:00:00,4,,3.3
2023-03-30 05:00:00,5,,5.5
2023-03-30 06:00:00,6,,4.1
2023-03-30 07:00:00,7,,3.8
2023-03-30 08:00:00,8,,4.0
2023-03-30 09:00:00,9,1.3,3.8
2023-03-30 10:00:00,10,369.5,3.2
2023-03-30 11:00:00,11,757.1,4.0
2023-03-30 12:00:00,12,1618.9,4.6
2023-03-30 13:00:00,13,2700.0,4.5
2023-03-30 14:00:00,14,3490.3,4.2
2023-03-30 15:00:00,15,3855.1,4.4
2023-03-30 16:00:00,16,3771.6,4.3
2023-03-30 17:00:00,17,3499.5,4.1
2023-03-30 18:00:00,18,2896.4,3.7
2023-03-30 19:00:00,19,2062.6,3.3
2023-03-30 20:00:00,20,1120.4,2.8
2023-03-30 21:00:00,21,137.9,3.2
2023-03-30 22:00:00,22,,2.9
2023-03-30 23:00:00,23,,4.3
2023-03-31 00:00:00,0,,5.3
2023-03-31 01:00:00,1,,3.8
2023-03-31 02:00:00,2,,4.7
2023-03-31 03:00:00,3,,5.5
2023-03-31 04:00:00,4,,6.7
2023-03-31 05:00:00,5,,7.2
2023-03-31 06:00:00,6,,5.8
2023-03-31 07:00:00,7,,6.6
2023-03-31 08:00:00,8,,3.6
2023-03-31 09:00:00,9,0.3,4.7
2023-03-31 10:00:00,10,474.4,4.3
2023-03-31 11:00:00,11,1450.5,4.5
2023-03-31 12:00:00,12,2040.8,4.3
2023-03-31 13:00:00,13,2758.0,4.7
2023-03-31 14:00:00,14,3629.5,4.5
2023-03-31 15:00:00,15,3993.1,3.4
2023-03-31 16:00:00,16,3862.8,3.0
2023-03-31 17:00:00,17,3574.7,3.8
2023-03-31 18:00:00,18,2936.3,2.3
2023-03-31 19:00:00,19,2066.4,3.3
2023-03-31 20:00:00,20,1115.1,0.8
2023-03-31 21:00:00,21,226.7,1.5
2023-03-31 22:00:00,22,,1.5
2023-03-31 23:00:00,23,,1.5
2023-04-01 00:00:00,0,,1.1
2023-04-01 01:00:00,1,,1.7
2023-04-01 02:00:00,2,,2.1
2023-04-01 03:00:00,3,,2.6
2023-04-01 04:00:00,4,,1.3
2023-04-01 05:00:00,5,,1.3
2023-04-01 06:00:00,6,,1.8
2023-04-01 07:00:00,7,,0.6
2023-04-01 08:00:00,8,,1.0
2023-04-01 09:00:00,9,1.3,1.4
2023-04-01 10:00:00,10,433.3,1.5
2023-04-01 11:00:00,11,1354.8,0.0
2023-04-01 12:00:00,12,1977.2,2.5
2023-04-01 13:00:00,13,2546.9,2.7
2023-04-01 14:00:00,14,3518.0,2.8
2023-04-01 15:00:00,15,3882.8,3.0
2023-04-01 16:00:00,16,3716.0,2.0
2023-04-01 17:00:00,17,3370.1,2.2
2023-04-01 18:00:00,18,2925.5,1.8
2023-04-01 19:00:00,19,2018.6,2.1
2023-04-01 20:00:00,20,876.9,1.4
2023-04-01 21:00:00,21,168.3,0.0
2023-04-01 22:00:00,22,,0.0
2023-04-01 23:00:00,23,,0.0
2023-04-02 00:00:00,0,,0.0
2023-04-02 01:00:00,1,,0.0
2023-04-02 02:00:00,2,,0.0
2023-04-02 03:00:00,3,,0.0
2023-04-02 04:00:00,4,,0.5
2023-04-02 05:00:00,5,,2.2
2023-04-02 06:00:00,6,,2.3
2023-04-02 07:00:00,7,,1.8
2023-04-02 08:00:00,8,,1.0
2023-04-02 09:00:00,9,0.4,0.3
2023-04-02 10:00:00,10,365.2,2.8
2023-04-02 11:00:00,11,1225.4,1.6
2023-04-02 12:00:00,12,1691.3,0.0
2023-04-02 13:00:00,13,2564.1,2.7
2023-04-02 14:00:00,14,3539.5,2.7
2023-04-02 15:00:00,15,3856.9,3.1
2023-04-02 16:00:00,16,3767.2,2.0
2023-04-02 17:00:00,17,3419.7,2.3
2023-04-02 18:00:00,18,2848.0,2.5
2023-04-02 19:00:00,19,1976.9,2.4
2023-04-02 20:00:00,20,942.8,1.8
2023-04-02 21:00:00,21,246.5,0.0
2023-04-02 22:00:00,22,,0.0
2023-04-02 23:00:00,23,,0.0
2023-04-03 00:00:00,0,,1.3
2023-04-03 01:00:00,1,,0.6
2023-04-03 02:00:00,2,,1.2
2023-04-03 03:00:00,3,,1.9
2023-04-03 04:00:00,4,,2.5
2023-04-03 05:00:00,5,,2.3
2023-04-03 06:00:00,6,,1.7
2023-04-03 07:00:00,7,,0.0
2023-04-03 08:00:00,8,,1.1
2023-04-03 09:00:00,9,0.6,0.0
2023-04-03 10:00:00,10,381.0,0.0
2023-04-03 11:00:00,11,535.6,2.4
2023-04-03 12:00:00,12,1928.8,0.5
2023-04-03 13:00:00,13,2673.8,1.7
2023-04-03 14:00:00,14,3392.7,2.4
2023-04-03 15:00:00,15,3550.6,3.0
2023-04-03 16:00:00,16,2655.2,2.2
2023-04-03 17:00:00,17,1983.7,0.0
2023-04-03 18:00:00,18,1306.0,0.0
2023-04-03 19:00:00,19,1207.1,1.2
2023-04-03 20:00:00,20,646.8,1.1
2023-04-03 21:00:00,21,98.5,0.0
2023-04-03 22:00:00,22,,0.0
2023-04-03 23:00:00,23,,1.2
2023-04-04 00:00:00,0,,0.8
2023-04-04 01:00:00,1,,1.1
2023-04-04 02:00:00,2,,0.0
2023-04-04 03:00:00,3,,1.2
2023-04-04 04:00:00,4,,1.3
2023-04-04 05:00:00,5,,0.0
2023-04-04 06:00:00,6,,1.6
2023-04-04 07:00:00,7,,0.9
2023-04-04 08:00:00,8,,1.3
2023-04-04 09:00:00,9,0.3,1.7
2023-04-04 10:00:00,10,254.0,1.8
2023-04-04 11:00:00,11,970.5,3.0
2023-04-04 12:00:00,12,1461.1,2.9
2023-04-04 13:00:00,13,2634.3,2.6
2023-04-04 14:00:00,14,3476.2,2.9
2023-04-04 15:00:00,15,3877.9,2.3
2023-04-04 16:00:00,16,3810.9,0.6
2023-04-04 17:00:00,17,3499.3,1.9
2023-04-04 18:00:00,18,2884.3,1.9
2023-04-04 19:00:00,19,2022.7,0.0
2023-04-04 20:00:00,20,1071.8,1.6
2023-04-04 21:00:00,21,190.4,0.0
2023-04-04 22:00:00,22,,0.0
2023-04-04 23:00:00,23,,0.0
2023-04-05 00:00:00,0,,0.0
2023-04-05 01:00:00,1,,0.0
2023-04-05 02:00:00,2,,1.6
2023-04-05 03:00:00,3,,1.6
2023-04-05 04:00:00,4,,4.6
2023-04-05 05:00:00,5,,5.2
2023-04-05 06:00:00,6,,4.9
2023-04-05 07:00:00,7,,5.4
2023-04-05 08:00:00,8,,5.0
2023-04-05 09:00:00,9,,3.9
2023-04-05 10:00:00,10,265.1,2.4
2023-04-05 11:00:00,11,840.5,3.4
2023-04-05 12:00:00,12,989.6,2.4
2023-04-05 13:00:00,13,2393.8,5.3
2023-04-05 14:00:00,14,3447.2,4.1
2023-04-05 15:00:00,15,3894.9,3.3
2023-04-05 16:00:00,16,3825.5,3.7
2023-04-05 17:00:00,17,3519.3,3.5
2023-04-05 18:00:00,18,2859.7,3.1
2023-04-05 19:00:00,19,1874.1,3.3
2023-04-05 20:00:00,20,873.5,2.5
2023-04-05 21:00:00,21,112.7,2.7
2023-04-05 22:00:00,22,,2.8
2023-04-05 23:00:00,23,,2.0
2023-04-06 00:00:00,0,,2.0
2023-04-06 01:00:00,1,,0.2
2023-04-06 02:00:00,2,,1.2
2023-04-06 03:00:00,3,,1.7
2023-04-06 04:00:00,4,,2.6
2023-04-06 05:00:00,5,,4.6
2023-04-06 06:00:00,6,,3.5
2023-04-06 07:00:00,7,,1.9
2023-04-06 08:00:00,8,,2.0
2023-04-06 09:00:00,9,1.5,1.2
2023-04-06 10:00:00,10,213.7,1.3
2023-04-06 11:00:00,11,635.7,2.8
2023-04-06 12:00:00,12,1302.7,3.6
2023-04-06 13:00:00,13,2485.6,4.0
2023-04-06 14:00:00,14,3419.1,3.7
2023-04-06 15:00:00,15,3771.6,3.0
2023-04-06 16:00:00,16,3761.2,2.0
2023-04-06 17:00:00,17,3453.1,2.0
2023-04-06 18:00:00,18,2874.2,2.3
2023-04-06 19:00:00,19,1981.8,3.2
2023-04-06 20:00:00,20,815.7,2.6
2023-04-06 21:00:00,21,48.6,1.7
2023-04-06 22:00:00,22,,1.5
2023-04-06 23:00:00,23,,2.2
2023-04-07 00:00:00,0,,1.3
2023-04-07 01:00:00,1,,0.8
2023-04-07 02:00:00,2,,0.5
2023-04-07 03:00:00,3,,0.3
2023-04-07 04:00:00,4,,1.5
2023-04-07 05:00:00,5,,1.6
2023-04-07 06:00:00,6,,1.8
2023-04-07 07:00:00,7,,2.1
2023-04-07 08:00:00,8,,1.9
2023-04-07 09:00:00,9,0.3,3.3
2023-04-07 10:00:00,10,439.5,2.9
2023-04-07 11:00:00,11,1395.7,3.7
2023-04-07 12:00:00,12,1957.7,3.8
2023-04-07 13:00:00,13,2567.3,3.6
2023-04-07 14:00:00,14,3254.0,4.0
2023-04-07 15:00:00,15,3773.2,4.1
2023-04-07 16:00:00,16,3790.7,3.6
2023-04-07 17:00:00,17,3463.0,3.2
2023-04-07 18:00:00,18,2850.9,2.2
2023-04-07 19:00:00,19,1844.5,2.5
2023-04-07 20:00:00,20,994.0,0.6
2023-04-07 21:00:00,21,181.1,0.1
2023-04-07 22:00:00,22,,0.0
2023-04-07 23:00:00,23,,0.0
2023-04-08 00:00:00,0,,0.0
2023-04-08 01:00:00,1,,1.0
2023-04-08 02:00:00,2,,1.5
2023-04-08 03:00:00,3,,1.5
2023-04-08 04:00:00,4,,1.5
2023-04-08 05:00:00,5,,1.2
2023-04-08 06:00:00,6,,1.5
2023-04-08 07:00:00,7,,1.7
2023-04-08 08:00:00,8,,0.0
2023-04-08 09:00:00,9,1.9,0.0
2023-04-08 10:00:00,10,347.2,0.2
2023-04-08 11:00:00,11,1278.4,0.0
2023-04-08 12:00:00,12,1887.8,0.0
2023-04-08 13:00:00,13,2519.5,2.4
2023-04-08 14:00:00,14,3368.5,1.8
2023-04-08 15:00:00,15,3781.6,2.7
2023-04-08 16:00:00,16,3705.6,3.0
2023-04-08 17:00:00,17,3382.0,0.7
2023-04-08 18:00:00,18,2775.0,2.6
2023-04-08 19:00:00,19,1907.2,1.2
2023-04-08 20:00:00,20,1000.3,0.0
2023-04-08 21:00:00,21,167.9,0.0
2023-04-08 22:00:00,22,,0.0
2023-04-08 23:00:00,23,,6.4
2023-04-09 00:00:00,0,,3.8
2023-04-09 01:00:00,1,,2.6
2023-04-09 02:00:00,2,,1.4
2023-04-09 03:00:00,3,,2.2
2023-04-09 04:00:00,4,,1.7
2023-04-09 05:00:00,5,,0.0
2023-04-09 06:00:00,6,,0.0
2023-04-09 07:00:00,7,,0.0
2023-04-09 08:00:00,8,0.2,1.7
2023-04-09 09:00:00,9,,1.6
2023-04-09 10:00:00,10,75.4,2.9
2023-04-09 11:00:00,11,367.6,2.4
2023-04-09 12:00:00,12,1306.7,3.3
2023-04-09 13:00:00,13,2179.0,2.0
2023-04-09 14:00:00,14,2285.0,1.0
2023-04-09 15:00:00,15,1994.1,2.6
2023-04-09 16:00:00,16,2783.4,2.8
2023-04-09 17:00:00,17,3451.1,2.9
2023-04-09 18:00:00,18,2317.1,2.8
2023-04-09 19:00:00,19,1239.4,3.5
2023-04-09 20:00:00,20,672.7,3.0
2023-04-09 21:00:00,21,137.3,2.0
2023-04-09 22:00:00,22,,2.1
2023-04-09 23:00:00,23,,1.6
2023-04-10 00:00:00,0,,1.4
2023-04-10 01:00:00,1,,1.2
2023-04-10 02:00:00,2,,1.5
2023-04-10 03:00:00,3,,1.8
2023-04-10 04:00:00,4,,1.5
2023-04-10 05:00:00,5,,0.4
2023-04-10 06:00:00,6,,1.5
2023-04-10 07:00:00,7,,2.4
2023-04-10 08:00:00,8,,0.6
2023-04-10 09:00:00,9,3.3,1.8
2023-04-10 10:00:00,10,405.3,1.3
2023-04-10 11:00:00,11,1163.5,4.1
2023-04-10 12:00:00,12,1363.7,3.4
2023-04-10 13:00:00,13,2013.9,3.9
2023-04-10 14:00:00,14,3425.2,4.0
2023-04-10 15:00:00,15,3819.2,3.4
2023-04-10 16:00:00,16,3706.4,2.6
2023-04-10 17:00:00,17,3334.6,2.0
2023-04-10 18:00:00,18,2734.0,2.7
2023-04-10 19:00:00,19,1769.3,1.9
2023-04-10 20:00:00,20,932.8,0.9
2023-04-10 21:00:00,21,68.5,0.0
2023-04-10 22:00:00,22,,0.0
2023-04-10 23:00:00,23,,0.0
2023-04-11 00:00:00,0,,0.0
2023-04-11 01:00:00,1,,0.0
2023-04-11 02:00:00,2,,0.0
2023-04-11 03:00:00,3,,1.5
2023-04-11 04:00:00,4,,1.0
2023-04-11 05:00:00,5,,0.3
2023-04-11 06:00:00,6,,0.0
2023-04-11 07:00:00,7,,0.9
2023-04-11 08:00:00,8,,1.4
2023-04-11 09:00:00,9,4.5,0.0
2023-04-11 10:00:00,10,295.4,1.2
2023-04-11 11:00:00,11,1089.8,2.7
2023-04-11 12:00:00,12,1931.5,3.2
2023-04-11 13:00:00,13,2217.0,3.3
2023-04-11 14:00:00,14,3383.1,4.4
2023-04-11 15:00:00,15,3361.0,3.9
2023-04-11 16:00:00,16,3542.4,3.7
2023-04-11 17:00:00,17,2993.4,2.5
2023-04-11 18:00:00,18,2750.5,1.9
2023-04-11 19:00:00,19,1829.3,1.9
2023-04-11 20:00:00,20,1039.2,1.9
2023-04-11 21:00:00,21,186.0,1.1
2023-04-11 22:00:00,22,,0.0
2023-04-11 23:00:00,23,,1.9
2023-04-12 00:00:00,0,,1.9
2023-04-12 01:00:00,1,,1.2
2023-04-12 02:00:00,2,,1.4
2023-04-12 03:00:00,3,,0.5
2023-04-12 04:00:00,4,,1.1
2023-04-12 05:00:00,5,,1.0
2023-04-12 06:00:00,6,,0.1
2023-04-12 07:00:00,7,,3.7
2023-04-12 08:00:00,8,,3.0
2023-04-12 09:00:00,9,2.6,1.9
2023-04-12 10:00:00,10,418.9,3.3
2023-04-12 11:00:00,11,1342.9,4.2
2023-04-12 12:00:00,12,1929.7,4.5
2023-04-12 13:00:00,13,2447.7,5.0
2023-04-12 14:00:00,14,3335.2,5.1
2023-04-12 15:00:00,15,3770.4,4.7
2023-04-12 16:00:00,16,3750.1,4.0
2023-04-12 17:00:00,17,3407.6,3.8
2023-04-12 18:00:00,18,2764.8,2.8
2023-04-12 19:00:00,19,1901.8,2.6
2023-04-12 20:00:00,20,969.6,0.9
2023-04-12 21:00:00,21,150.4,0.0
2023-04-12 22:00:00,22,,0.0
2023-04-12 23:00:00,23,,0.0
2023-04-13 00:00:00,0,,0.3
2023-04-13 01:00:00,1,,0.0
2023-04-13 02:00:00,2,,1.2
2023-04-13 03:00:00,3,,1.3
2023-04-13 04:00:00,4,,1.5
2023-04-13 05:00:00,5,,0.0
2023-04-13 06:00:00,6,,3.5
2023-04-13 07:00:00,7,,4.4
2023-04-13 08:00:00,8,,4.6
2023-04-13 09:00:00,9,3.7,4.0
2023-04-13 10:00:00,10,344.8,3.5
2023-04-13 11:00:00,11,1218.0,4.8
2023-04-13 12:00:00,12,1875.8,4.6
2023-04-13 13:00:00,13,2444.2,5.2
2023-04-13 14:00:00,14,3364.4,4.5
2023-04-13 15:00:00,15,3674.9,3.4
2023-04-13 16:00:00,16,3516.9,2.7
2023-04-13 17:00:00,17,3164.7,1.9
2023-04-13 18:00:00,18,2548.4,1.5
2023-04-13 19:00:00,19,1731.3,2.1
2023-04-13 20:00:00,20,869.1,1.7
2023-04-13 21:00:00,21,144.2,0.0
2023-04-13 22:00:00,22,,0.0
2023-04-13 23:00:00,23,,0.0
2023-04-14 00:00:00,0,,0.0
2023-04-14 01:00:00,1,,0.0
2023-04-14 02:00:00,2,,0.0
2023-04-14 03:00:00,3,,0.0
2023-04-14 04:00:00,4,,0.0
2023-04-14 05:00:00,5,,0.0
2023-04-14 06:00:00,6,,0.0
2023-04-14 07:00:00,7,,0.0
2023-04-14 08:00:00,8,,0.0
2023-04-14 09:00:00,9,2.7,0.0
2023-04-14 10:00:00,10,173.1,0.0
2023-04-14 11:00:00,11,828.7,3.3
2023-04-14 12:00:00,12,1862.9,3.9
2023-04-14 13:00:00,13,2241.5,4.8
2023-04-14 14:00:00,14,3104.3,4.5
2023-04-14 15:00:00,15,3713.1,3.0
2023-04-14 16:00:00,16,3526.1,2.8
2023-04-14 17:00:00,17,3388.6,2.6
2023-04-14 18:00:00,18,2442.9,1.9
2023-04-14 19:00:00,19,1079.7,1.9
2023-04-14 20:00:00,20,679.1,0.0
2023-04-14 21:00:00,21,98.1,0.0
2023-04-14 22:00:00,22,,0.0
2023-04-14 23:00:00,23,,1.2
2023-04-15 00:00:00,0,,0.0
2023-04-15 01:00:00,1,,1.1
2023-04-15 02:00:00,2,,0.1
2023-04-15 03:00:00,3,,2.0
2023-04-15 04:00:00,4,,1.4
2023-04-15 05:00:00,5,,1.4
2023-04-15 06:00:00,6,,2.5
2023-04-15 07:00:00,7,,2.1
2023-04-15 08:00:00,8,,0.6
2023-04-15 09:00:00,9,2.2,2.7
2023-04-15 10:00:00,10,418.9,2.6
2023-04-15 11:00:00,11,1322.3,2.8
2023-04-15 12:00:00,12,1866.3,4.4
2023-04-15 13:00:00,13,2433.0,3.9
2023-04-15 14:00:00,14,3324.2,4.4
2023-04-15 15:00:00,15,3743.3,2.4
2023-04-15 16:00:00,16,3675.5,0.0
2023-04-15 17:00:00,17,3321.0,0.0
2023-04-15 18:00:00,18,2691.6,0.0
2023-04-15 19:00:00,19,1825.4,0.0
2023-04-15 20:00:00,20,931.7,0.0
2023-04-15 21:00:00,21,149.2,0.0
2023-04-15 22:00:00,22,,0.0
2023-04-15 23:00:00,23,,0.0
2023-04-16 00:00:00,0,,0.0
2023-04-16 01:00:00,1,,1.9
2023-04-16 02:00:00,2,,0.0
2023-04-16 03:00:00,3,,0.0
2023-04-16 04:00:00,4,,0.9
2023-04-16 05:00:00,5,,1.7
2023-04-16 06:00:00,6,,0.0
2023-04-16 07:00:00,7,,0.4
2023-04-16 08:00:00,8,,0.0
2023-04-16 09:00:00,9,0.2,0.0
2023-04-16 10:00:00,10,395.5,0.1
2023-04-16 11:00:00,11,1321.8,1.5
2023-04-16 12:00:00,12,1854.3,1.3
2023-04-16 13:00:00,13,2402.7,2.3
2023-04-16 14:00:00,14,3290.8,2.9
2023-04-16 15:00:00,15,3732.4,3.1
2023-04-16 16:00:00,16,3653.1,3.3
2023-04-16 17:00:00,17,3302.9,2.8
2023-04-16 18:00:00,18,2673.4,2.4
2023-04-16 19:00:00,19,1791.6,2.3
2023-04-16 20:00:00,20,870.4,1.5
2023-04-16 21:00:00,21,123.9,0.0
2023-04-16 22:00:00,22,,0.0
2023-04-16 23:00:00,23,,1.2
2023-04-17 00:00:00,0,,3.3
2023-04-17 01:00:00,1,,2.3
2023-04-17 02:00:00,2,,1.7
2023-04-17 03:00:00,3,,1.5
2023-04-17 04:00:00,4,,1.8
2023-04-17 05:00:00,5,,2.6
2023-04-17 06:00:00,6,,2.7
2023-04-17 07:00:00,7,,4.5
2023-04-17 08:00:00,8,,5.4
2023-04-17 09:00:00,9,,3.0
2023-04-17 10:00:00,10,306.2,2.9
2023-04-17 11:00:00,11,1028.1,3.6
2023-04-17 12:00:00,12,1690.2,3.6
2023-04-17 13:00:00,13,2152.3,3.1
2023-04-17 14:00:00,14,3261.3,0.8
2023-04-17 15:00:00,15,3724.5,1.9
2023-04-17 16:00:00,16,3667.9,1.6
2023-04-17 17:00:00,17,3293.6,1.0
2023-04-17 18:00:00,18,2666.8,1.1
2023-04-17 19:00:00,19,1754.2,0.5
2023-04-17 20:00:00,20,1003.7,1.1
2023-04-17 21:00:00,21,179.9,0.0
2023-04-17 22:00:00,22,,0.1
2023-04-17 23:00:00,23,,0.0
2023-04-18 00:00:00,0,,2.1
2023-04-18 01:00:00,1,,1.3
2023-04-18 02:00:00,2,,1.2
2023-04-18 03:00:00,3,,0.9
2023-04-18 04:00:00,4,,1.5
2023-04-18 05:00:00,5,,0.4
2023-04-18 06:00:00,6,,0.4
2023-04-18 07:00:00,7,,1.3
2023-04-18 08:00:00,8,,1.2
2023-04-18 09:00:00,9,1.1,1.3
2023-04-18 10:00:00,10,378.9,2.0
2023-04-18 11:00:00,11,1270.4,2.2
2023-04-18 12:00:00,12,1804.2,3.4
2023-04-18 13:00:00,13,2378.1,3.8
2023-04-18 14:00:00,14,3133.7,3.1
2023-04-18 15:00:00,15,3673.9,3.9
2023-04-18 16:00:00,16,3623.8,3.0
2023-04-18 17:00:00,17,3231.0,1.8
2023-04-18 18:00:00,18,2586.9,1.2
2023-04-18 19:00:00,19,1760.8,2.6
2023-04-18 20:00:00,20,832.1,0.0
2023-04-18 21:00:00,21,90.7,0.0
2023-04-18 22:00:00,22,,1.4
2023-04-18 23:00:00,23,,2.4
2023-04-19 00:00:00,0,,2.6
2023-04-19 01:00:00,1,,2.4
2023-04-19 02:00:00,2,,2.1
2023-04-19 03:00:00,3,,1.8
2023-04-19 04:00:00,4,,1.4
2023-04-19 05:00:00,5,,1.6
2023-04-19 06:00:00,6,,1.8
2023-04-19 07:00:00,7,,1.9
2023-04-19 08:00:00,8,,2.0
2023-04-19 09:00:00,9,2.4,0.7
2023-04-19 10:00:00,10,188.4,0.0
2023-04-19 11:00:00,11,395.9,0.1
2023-04-19 12:00:00,12,1019.0,1.7
2023-04-19 13:00:00,13,2187.8,2.6
2023-04-19 14:00:00,14,1816.1,2.7
2023-04-19 15:00:00,15,2438.7,3.7
2023-04-19 16:00:00,16,2516.4,4.4
2023-04-19 17:00:00,17,2547.0,3.2
2023-04-19 18:00:00,18,2443.9,0.5
2023-04-19 19:00:00,19,1772.6,0.0
2023-04-19 20:00:00,20,877.9,0.0
2023-04-19 21:00:00,21,98.7,0.0
2023-04-19 22:00:00,22,,0.5
2023-04-19 23:00:00,23,,1.1
2023-04-20 00:00:00,0,,0.3
2023-04-20 01:00:00,1,,0.8
2023-04-20 02:00:00,2,,0.0
2023-04-20 03:00:00,3,,0.0
2023-04-20 04:00:00,4,,0.0
2023-04-20 05:00:00,5,,0.0
2023-04-20 06:00:00,6,,0.0
2023-04-20 07:00:00,7,,0.0
2023-04-20 08:00:00,8,,0.0
2023-04-20 09:00:00,9,,0.0
2023-04-20 10:00:00,10,106.9,0.0
2023-04-20 11:00:00,11,327.7,0.0
2023-04-20 12:00:00,12,148.8,6.2
2023-04-20 13:00:00,13,46.1,3.7
2023-04-20 14:00:00,14,77.2,2.0
2023-04-20 15:00:00,15,309.3,1.8
2023-04-20 16:00:00,16,1349.2,1.4
2023-04-20 17:00:00,17,1744.4,0.4
2023-04-20 18:00:00,18,1474.6,0.9
2023-04-20 19:00:00,19,928.1,0.9
2023-04-20 20:00:00,20,559.7,0.0
2023-04-20 21:00:00,21,98.6,1.3
2023-04-20 22:00:00,22,,0.0
2023-04-20 23:00:00,23,,0.0
2023-04-21 00:00:00,0,,1.2
2023-04-21 01:00:00,1,,1.1
2023-04-21 02:00:00,2,,0.0
2023-04-21 03:00:00,3,,0.5
2023-04-21 04:00:00,4,,0.4
2023-04-21 05:00:00,5,,0.0
2023-04-21 06:00:00,6,,2.2
2023-04-21 07:00:00,7,,1.7
2023-04-21 08:00:00,8,0.8,0.7
2023-04-21 09:00:00,9,4.6,2.6
2023-04-21 10:00:00,10,266.1,0.0
2023-04-21 11:00:00,11,843.6,1.2
2023-04-21 12:00:00,12,1042.0,0.2
2023-04-21 13:00:00,13,2339.8,1.4
2023-04-21 14:00:00,14,2193.7,2.1
2023-04-21 15:00:00,15,2909.6,0.4
2023-04-21 16:00:00,16,3598.4,0.3
2023-04-21 17:00:00,17,3036.0,0.2
2023-04-21 18:00:00,18,2608.0,1.8
2023-04-21 19:00:00,19,1808.4,0.0
2023-04-21 20:00:00,20,904.0,0.0
2023-04-21 21:00:00,21,116.0,0.0
2023-04-21 22:00:00,22,,0.0
2023-04-21 23:00:00,23,,0.0
2023-04-22 00:00:00,0,,4.6
2023-04-22 01:00:00,1,,6.0
2023-04-22 02:00:00,2,,5.7
2023-04-22 03:00:00,3,,2.6
2023-04-22 04:00:00,4,,5.4
2023-04-22 05:00:00,5,,4.8
2023-04-22 06:00:00,6,,6.9
2023-04-22 07:00:00,7,,6.9
2023-04-22 08:00:00,8,,6.8
2023-04-22 09:00:00,9,0.1,6.4
2023-04-22 10:00:00,10,464.0,6.5
2023-04-22 11:00:00,11,1424.5,4.9
2023-04-22 12:00:00,12,1740.1,3.4
2023-04-22 13:00:00,13,2449.4,5.5
2023-04-22 14:00:00,14,3092.9,4.7
2023-04-22 15:00:00,15,3768.5,4.6
2023-04-22 16:00:00,16,3631.0,3.0
2023-04-22 17:00:00,17,3021.6,3.1
2023-04-22 18:00:00,18,2136.0,2.9
2023-04-22 19:00:00,19,1716.3,2.9
2023-04-22 20:00:00,20,818.7,2.5
2023-04-22 21:00:00,21,131.4,2.3
2023-04-22 22:00:00,22,,6.0
2023-04-22 23:00:00,23,,8.1
2023-04-23 00:00:00,0,,7.6
2023-04-23 01:00:00,1,,6.8
2023-04-23 02:00:00,2,,6.2
2023-04-23 03:00:00,3,,5.7
2023-04-23 04:00:00,4,,4.9
2023-04-23 05:00:00,5,,4.9
2023-04-23 06:00:00,6,,5.5
2023-04-23 07:00:00,7,,5.2
2023-04-23 08:00:00,8,,4.9
2023-04-23 09:00:00,9,,4.9
2023-04-23 10:00:00,10,351.2,4.5
2023-04-23 11:00:00,11,1316.2,5.0
2023-04-23 12:00:00,12,1836.3,5.3
2023-04-23 13:00:00,13,2345.0,4.2
2023-04-23 14:00:00,14,3275.1,3.9
2023-04-23 15:00:00,15,3644.9,4.2
2023-04-23 16:00:00,16,3636.2,2.8
2023-04-23 17:00:00,17,2267.6,3.0
2023-04-23 18:00:00,18,2641.3,3.5
2023-04-23 19:00:00,19,1182.2,2.2
2023-04-23 20:00:00,20,669.2,1.3
2023-04-23 21:00:00,21,70.7,0.1
2023-04-23 22:00:00,22,,0.0
2023-04-23 23:00:00,23,,4.6
2023-04-24 00:00:00,0,,6.0
2023-04-24 01:00:00,1,,4.4
2023-04-24 02:00:00,2,,6.0
2023-04-24 03:00:00,3,,4.9
2023-04-24 04:00:00,4,,2.9
2023-04-24 05:00:00,5,,3.2
2023-04-24 06:00:00,6,,4.0
2023-04-24 07:00:00,7,,4.0
2023-04-24 08:00:00,8,,4.7
2023-04-24 09:00:00,9,,2.7
2023-04-24 10:00:00,10,305.2,3.8
2023-04-24 11:00:00,11,1267.5,3.0
2023-04-24 12:00:00,12,1855.4,4.2
2023-04-24 13:00:00,13,2341.3,4.1
2023-04-24 14:00:00,14,3165.6,3.5
2023-04-24 15:00:00,15,3557.5,3.7
2023-04-24 16:00:00,16,3521.1,3.1
2023-04-24 17:00:00,17,3022.1,3.3
2023-04-24 18:00:00,18,2360.0,3.3
2023-04-24 19:00:00,19,1546.5,2.4
2023-04-24 20:00:00,20,770.3,0.0
2023-04-24 21:00:00,21,86.7,3.4
2023-04-24 22:00:00,22,,2.3
2023-04-24 23:00:00,23,,4.9
2023-04-25 00:00:00,0,,3.7
2023-04-25 01:00:00,1,,4.8
2023-04-25 02:00:00,2,,5.0
2023-04-25 03:00:00,3,,5.5
2023-04-25 04:00:00,4,,5.1
2023-04-25 05:00:00,5,,5.3
2023-04-25 06:00:00,6,,5.9
2023-04-25 07:00:00,7,,5.7
2023-04-25 08:00:00,8,,5.3
2023-04-25 09:00:00,9,,4.5
2023-04-25 10:00:00,10,409.7,3.9
2023-04-25 11:00:00,11,1342.7,4.1
2023-04-25 12:00:00,12,1867.5,4.2
2023-04-25 13:00:00,13,2382.6,3.9
2023-04-25 14:00:00,14,3200.4,3.5
2023-04-25 15:00:00,15,3436.9,3.1
2023-04-25 16:00:00,16,3458.7,2.8
2023-04-25 17:00:00,17,3056.3,2.2
2023-04-25 18:00:00,18,2511.7,0.0
2023-04-25 19:00:00,19,1609.7,1.7
2023-04-25 20:00:00,20,822.3,0.0
2023-04-25 21:00:00,21,77.7,0.5
2023-04-25 22:00:00,22,,0.0
2023-04-25 23:00:00,23,,0.4
2023-04-26 00:00:00,0,,0.0
2023-04-26 01:00:00,1,,1.4
2023-04-26 02:00:00,2,,2.5
2023-04-26 03:00:00,3,,2.0
2023-04-26 04:00:00,4,,4.3
2023-04-26 05:00:00,5,,2.4
2023-04-26 06:00:00,6,,3.6
2023-04-26 07:00:00,7,,3.0
2023-04-26 08:00:00,8,,2.5
2023-04-26 09:00:00,9,4.0,3.3
2023-04-26 10:00:00,10,356.2,4.9
2023-04-26 11:00:00,11,1225.2,5.4
2023-04-26 12:00:00,12,1840.6,5.4
2023-04-26 13:00:00,13,2361.5,4.2
2023-04-26 14:00:00,14,3248.9,4.7
2023-04-26 15:00:00,15,3684.3,4.6
2023-04-26 16:00:00,16,3609.5,3.7
2023-04-26 17:00:00,17,3213.5,2.3
2023-04-26 18:00:00,18,2532.6,2.1
2023-04-26 19:00:00,19,1538.6,0.7
2023-04-26 20:00:00,20,835.2,0.0
2023-04-26 21:00:00,21,98.9,0.0
2023-04-26 22:00:00,22,,0.0
2023-04-26 23:00:00,23,,0.0
2023-04-27 00:00:00,0,,0.0
2023-04-27 01:00:00,1,,0.0
2023-04-27 02:00:00,2,,0.0
2023-04-27 03:00:00,3,,0.1
2023-04-27 04:00:00,4,,0.7
2023-04-27 05:00:00,5,,1.2
2023-04-27 06:00:00,6,,1.8
2023-04-27 07:00:00,7,,2.5
2023-04-27 08:00:00,8,,3.7
2023-04-27 09:00:00,9,0.4,3.7
2023-04-27 10:00:00,10,277.7,3.7
2023-04-27 11:00:00,11,927.6,3.9
2023-04-27 12:00:00,12,1575.2,3.6
2023-04-27 13:00:00,13,1899.4,3.2
2023-04-27 14:00:00,14,1940.1,3.5
2023-04-27 15:00:00,15,2609.6,3.2
2023-04-27 16:00:00,16,3027.5,0.0
2023-04-27 17:00:00,17,2964.4,2.3
2023-04-27 18:00:00,18,2321.5,2.3
2023-04-27 19:00:00,19,1258.2,1.8
2023-04-27 20:00:00,20,541.4,1.5
2023-04-27 21:00:00,21,80.7,0.0
2023-04-27 22:00:00,22,,0.0
2023-04-27 23:00:00,23,,0.0
2023-04-28 00:00:00,0,,0.7
2023-04-28 01:00:00,1,,1.4
2023-04-28 02:00:00,2,,0.9
2023-04-28 03:00:00,3,,1.5
2023-04-28 04:00:00,4,,2.0
2023-04-28 05:00:00,5,,1.9
2023-04-28 06:00:00,6,,1.2
2023-04-28 07:00:00,7,,1.6
2023-04-28 08:00:00,8,,0.9
2023-04-28 09:00:00,9,0.6,1.0
2023-04-28 10:00:00,10,372.1,0.0
2023-04-28 11:00:00,11,1117.8,0.0
2023-04-28 12:00:00,12,1622.7,1.0
2023-04-28 13:00:00,13,2296.3,2.1
2023-04-28 14:00:00,14,3160.6,3.1
2023-04-28 15:00:00,15,3589.3,3.6
2023-04-28 16:00:00,16,3517.6,2.8
2023-04-28 17:00:00,17,3148.1,2.9
2023-04-28 18:00:00,18,2511.5,2.3
2023-04-28 19:00:00,19,1467.3,2.4
2023-04-28 20:00:00,20,733.0,0.5
2023-04-28 21:00:00,21,69.0,0.0
2023-04-28 22:00:00,22,,0.0
2023-04-28 23:00:00,23,,0.0
2023-04-29 00:00:00,0,,1.2
2023-04-29 01:00:00,1,,1.2
2023-04-29 02:00:00,2,,0.8
2023-04-29 03:00:00,3,0.6,6.5
2023-04-29 04:00:00,4,2.2,2.2
2023-04-29 05:00:00,5,0.0,1.1
2023-04-29 06:00:00,6,,0.1
2023-04-29 07:00:00,7,,3.2
2023-04-29 08:00:00,8,,1.0
2023-04-29 09:00:00,9,1.8,2.1
2023-04-29 10:00:00,10,112.7,1.7
2023-04-29 11:00:00,11,527.9,2.4
2023-04-29 12:00:00,12,1812.2,2.4
2023-04-29 13:00:00,13,2086.0,3.5
2023-04-29 14:00:00,14,2139.4,4.0
2023-04-29 15:00:00,15,3582.5,3.1
2023-04-29 16:00:00,16,3387.4,3.2
2023-04-29 17:00:00,17,3124.0,3.3
2023-04-29 18:00:00,18,2487.1,2.4
2023-04-29 19:00:00,19,1416.1,3.2
2023-04-29 20:00:00,20,207.5,2.6
2023-04-29 21:00:00,21,40.2,2.6
2023-04-29 22:00:00,22,,0.0
2023-04-29 23:00:00,23,,1.5
2023-04-30 00:00:00,0,,0.7
2023-04-30 01:00:00,1,,1.2
2023-04-30 02:00:00,2,,0.0
2023-04-30 03:00:00,3,,2.4
2023-04-30 04:00:00,4,,4.6
2023-04-30 05:00:00,5,,4.4
2023-04-30 06:00:00,6,,1.8
2023-04-30 07:00:00,7,,2.4
2023-04-30 08:00:00,8,,1.7
2023-04-30 09:00:00,9,0.6,1.6
2023-04-30 10:00:00,10,159.1,1.2
2023-04-30 11:00:00,11,1051.2,3.2
2023-04-30 12:00:00,12,1866.5,4.4
2023-04-30 13:00:00,13,2150.3,4.8
2023-04-30 14:00:00,14,3029.2,4.1
2023-04-30 15:00:00,15,3673.0,4.7
2023-04-30 16:00:00,16,3520.7,4.0
2023-04-30 17:00:00,17,3158.5,3.0
2023-04-30 18:00:00,18,2224.8,2.7
2023-04-30 19:00:00,19,1473.8,2.2
2023-04-30 20:00:00,20,629.2,0.0
2023-04-30 21:00:00,21,46.4,2.9
2023-04-30 22:00:00,22,,2.5
2023-04-30 23:00:00,23,,1.8
2023-05-01 00:00:00,0,,0.2
2023-05-01 01:00:00,1,,2.8
2023-05-01 02:00:00,2,,2.1
2023-05-01 03:00:00,3,,2.8
2023-05-01 04:00:00,4,,4.1
2023-05-01 05:00:00,5,,3.9
2023-05-01 06:00:00,6,,3.4
2023-05-01 07:00:00,7,,4.0
2023-05-01 08:00:00,8,,2.7
2023-05-01 09:00:00,9,,1.3
2023-05-01 10:00:00,10,221.7,1.8
2023-05-01 11:00:00,11,1003.9,1.7
2023-05-01 12:00:00,12,1165.8,3.0
2023-05-01 13:00:00,13,2113.1,3.5
2023-05-01 14:00:00,14,1438.4,4.5
2023-05-01 15:00:00,15,1126.5,2.4
2023-05-01 16:00:00,16,800.1,2.1
2023-05-01 17:00:00,17,561.6,1.6
2023-05-01 18:00:00,18,487.2,0.7
2023-05-01 19:00:00,19,480.6,1.6
2023-05-01 20:00:00,20,370.0,1.5
2023-05-01 21:00:00,21,43.2,0.0
2023-05-01 22:00:00,22,,0.0
2023-05-01 23:00:00,23,,0.0
2023-05-02 00:00:00,0,,3.9
2023-05-02 01:00:00,1,2.3,7.5
2023-05-02 02:00:00,2,0.8,3.6
2023-05-02 03:00:00,3,,0.1
2023-05-02 04:00:00,4,,1.8
2023-05-02 05:00:00,5,,1.4
2023-05-02 06:00:00,6,,0.0
2023-05-02 07:00:00,7,,0.0
2023-05-02 08:00:00,8,,0.0
2023-05-02 09:00:00,9,2.5,1.3
2023-05-02 10:00:00,10,399.1,0.0
2023-05-02 11:00:00,11,970.6,0.0
2023-05-02 12:00:00,12,929.3,0.0
2023-05-02 13:00:00,13,2396.8,1.1
2023-05-02 14:00:00,14,3120.2,2.6
2023-05-02 15:00:00,15,3553.7,3.1
2023-05-02 16:00:00,16,3471.8,2.6
2023-05-02 17:00:00,17,2816.5,2.3
2023-05-02 18:00:00,18,2575.3,3.7
2023-05-02 19:00:00,19,1578.8,2.6
2023-05-02 20:00:00,20,424.3,0.9
2023-05-02 21:00:00,21,54.7,1.1
2023-05-02 22:00:00,22,,0.0
2023-05-02 23:00:00,23,,0.0
2023-05-03 00:00:00,0,,0.0
2023-05-03 01:00:00,1,,0.0
2023-05-03 02:00:00,2,,0.0
2023-05-03 03:00:00,3,,0.0
2023-05-03 04:00:00,4,,0.0
2023-05-03 05:00:00,5,,0.0
2023-05-03 06:00:00,6,,0.0
2023-05-03 07:00:00,7,,0.0
2023-05-03 08:00:00,8,,0.0
2023-05-03 09:00:00,9,0.4,2.4
2023-05-03 10:00:00,10,378.4,1.7
2023-05-03 11:00:00,11,597.1,2.1
2023-05-03 12:00:00,12,564.5,2.6
2023-05-03 13:00:00,13,1554.0,2.4
2023-05-03 14:00:00,14,3304.6,2.5
2023-05-03 15:00:00,15,3690.0,4.6
2023-05-03 16:00:00,16,3362.6,5.2
2023-05-03 17:00:00,17,3235.5,4.2
2023-05-03 18:00:00,18,2517.5,4.1
2023-05-03 19:00:00,19,1463.9,2.9
2023-05-03 20:00:00,20,411.6,2.4
2023-05-03 21:00:00,21,43.6,2.6
2023-05-03 22:00:00,22,,1.3
2023-05-03 23:00:00,23,,1.7
2023-05-04 00:00:00,0,,0.0
2023-05-04 01:00:00,1,,0.4
2023-05-04 02:00:00,2,,1.8
2023-05-04 03:00:00,3,,4.2
2023-05-04 04:00:00,4,,3.9
2023-05-04 05:00:00,5,,3.5
2023-05-04 06:00:00,6,,2.2
2023-05-04 07:00:00,7,,2.0
2023-05-04 08:00:00,8,,3.1
2023-05-04 09:00:00,9,3.5,4.3
2023-05-04 10:00:00,10,214.5,3.3
2023-05-04 11:00:00,11,731.5,3.7
2023-05-04 12:00:00,12,684.4,3.0
2023-05-04 13:00:00,13,1524.5,4.7
2023-05-04 14:00:00,14,2337.0,5.3
2023-05-04 15:00:00,15,3422.0,4.3
2023-05-04 16:00:00,16,3443.3,2.1
2023-05-04 17:00:00,17,3077.3,3.0
2023-05-04 18:00:00,18,2441.7,2.8
2023-05-04 19:00:00,19,1457.9,2.3
2023-05-04 20:00:00,20,775.8,2.1
2023-05-04 21:00:00,21,43.1,1.2
2023-05-04 22:00:00,22,,0.0
2023-05-04 23:00:00,23,,0.0
2023-05-05 00:00:00,0,,0.0
2023-05-05 01:00:00,1,,0.6
2023-05-05 02:00:00,2,,0.0
2023-05-05 03:00:00,3,,2.4
2023-05-05 04:00:00,4,,2.9
2023-05-05 05:00:00,5,,3.2
2023-05-05 06:00:00,6,,3.1
2023-05-05 07:00:00,7,,4.4
2023-05-05 08:00:00,8,,2.2
2023-05-05 09:00:00,9,0.2,4.1
2023-05-05 10:00:00,10,373.9,4.5
2023-05-05 11:00:00,11,1222.4,3.9
2023-05-05 12:00:00,12,1602.4,4.2
2023-05-05 13:00:00,13,2208.9,5.2
2023-05-05 14:00:00,14,3126.8,4.7
2023-05-05 15:00:00,15,3574.2,4.9
2023-05-05 16:00:00,16,3459.4,4.3
2023-05-05 17:00:00,17,3072.3,4.0
2023-05-05 18:00:00,18,2450.9,4.7
2023-05-05 19:00:00,19,1451.5,3.4
2023-05-05 20:00:00,20,434.3,2.1
2023-05-05 21:00:00,21,42.4,1.9
2023-05-05 22:00:00,22,,1.8
2023-05-05 23:00:00,23,,2.1
2023-05-06 00:00:00,0,,2.8
2023-05-06 01:00:00,1,,4.2
2023-05-06 02:00:00,2,,4.0
2023-05-06 03:00:00,3,,4.7
2023-05-06 04:00:00,4,,5.3
2023-05-06 05:00:00,5,,5.5
2023-05-06 06:00:00,6,,4.9
2023-05-06 07:00:00,7,,4.2
2023-05-06 08:00:00,8,,3.9
2023-05-06 09:00:00,9,1.6,3.7
2023-05-06 10:00:00,10,299.4,3.6
2023-05-06 11:00:00,11,862.9,3.4
2023-05-06 12:00:00,12,1596.6,4.3
2023-05-06 13:00:00,13,2049.7,4.7
2023-05-06 14:00:00,14,2948.4,4.3
2023-05-06 15:00:00,15,3268.3,4.2
2023-05-06 16:00:00,16,2573.8,3.0
2023-05-06 17:00:00,17,2116.9,1.8
2023-05-06 18:00:00,18,2316.0,0.4
2023-05-06 19:00:00,19,1436.3,0.0
2023-05-06 20:00:00,20,654.6,1.6
2023-05-06 21:00:00,21,48.9,3.4
2023-05-06 22:00:00,22,,3.0
2023-05-06 23:00:00,23,,2.9
2023-05-07 00:00:00,0,,3.5
2023-05-07 01:00:00,1,,2.5
2023-05-07 02:00:00,2,,5.0
2023-05-07 03:00:00,3,,5.3
2023-05-07 04:00:00,4,,6.6
2023-05-07 05:00:00,5,,3.0
2023-05-07 06:00:00,6,,4.1
2023-05-07 07:00:00,7,,4.8
2023-05-07 08:00:00,8,,4.2
2023-05-07 09:00:00,9,,2.0
2023-05-07 10:00:00,10,307.4,3.2
2023-05-07 11:00:00,11,813.1,3.9
2023-05-07 12:00:00,12,1396.3,3.9
2023-05-07 13:00:00,13,1999.6,4.7
2023-05-07 14:00:00,14,3018.8,4.9
2023-05-07 15:00:00,15,3522.4,3.9
2023-05-07 16:00:00,16,3439.7,4.2
2023-05-07 17:00:00,17,2917.4,3.4
2023-05-07 18:00:00,18,1623.7,2.2
2023-05-07 19:00:00,19,796.5,1.5
2023-05-07 20:00:00,20,569.1,0.0
2023-05-07 21:00:00,21,34.8,0.0
2023-05-07 22:00:00,22,,0.0
2023-05-07 23:00:00,23,,0.0
2023-05-08 00:00:00,0,,0.0
2023-05-08 01:00:00,1,,0.0
2023-05-08 02:00:00,2,,3.2
2023-05-08 03:00:00,3,,4.1
2023-05-08 04:00:00,4,,3.6
2023-05-08 05:00:00,5,,2.9
2023-05-08 06:00:00,6,,0.8
2023-05-08 07:00:00,7,,1.4
2023-05-08 08:00:00,8,,0.0
2023-05-08 09:00:00,9,,1.1
2023-05-08 10:00:00,10,350.2,3.2
2023-05-08 11:00:00,11,1273.8,3.0
2023-05-08 12:00:00,12,1749.4,4.0
2023-05-08 13:00:00,13,2188.5,4.2
2023-05-08 14:00:00,14,3089.5,3.2
2023-05-08 15:00:00,15,3526.1,1.0
2023-05-08 16:00:00,16,3441.3,1.3
2023-05-08 17:00:00,17,3056.2,1.9
2023-05-08 18:00:00,18,2427.8,1.5
2023-05-08 19:00:00,19,1448.8,0.0
2023-05-08 20:00:00,20,752.1,0.0
2023-05-08 21:00:00,21,32.7,0.0
2023-05-08 22:00:00,22,,0.0
2023-05-08 23:00:00,23,,0.0
2023-05-09 00:00:00,0,,0.0
2023-05-09 01:00:00,1,,3.1
2023-05-09 02:00:00,2,,4.1
2023-05-09 03:00:00,3,,4.6
2023-05-09 04:00:00,4,,4.4
2023-05-09 05:00:00,5,,5.0
2023-05-09 06:00:00,6,,3.2
2023-05-09 07:00:00,7,,0.3
2023-05-09 08:00:00,8,,0.9
2023-05-09 09:00:00,9,0.4,0.6
2023-05-09 10:00:00,10,207.2,1.8
2023-05-09 11:00:00,11,1251.3,2.9
2023-05-09 12:00:00,12,1664.4,2.6
2023-05-09 13:00:00,13,2178.9,2.6
2023-05-09 14:00:00,14,3051.9,2.9
2023-05-09 15:00:00,15,3472.7,3.0
2023-05-09 16:00:00,16,3369.8,2.5
2023-05-09 17:00:00,17,3006.4,2.7
2023-05-09 18:00:00,18,2405.2,0.0
2023-05-09 19:00:00,19,1448.5,1.3
2023-05-09 20:00:00,20,707.7,0.2
2023-05-09 21:00:00,21,53.9,1.4
2023-05-09 22:00:00,22,,1.6
2023-05-09 23:00:00,23,,0.0
2023-05-10 00:00:00,0,,0.0
2023-05-10 01:00:00,1,,0.0
2023-05-10 02:00:00,2,,1.5
2023-05-10 03:00:00,3,,1.7
2023-05-10 04:00:00,4,,0.0
2023-05-10 05:00:00,5,,2.7
2023-05-10 06:00:00,6,,2.3
2023-05-10 07:00:00,7,,2.7
2023-05-10 08:00:00,8,,2.4
2023-05-10 09:00:00,9,1.3,2.4
2023-05-10 10:00:00,10,391.1,2.8
2023-05-10 11:00:00,11,1337.9,3.1
2023-05-10 12:00:00,12,1791.1,3.3
2023-05-10 13:00:00,13,2282.9,3.5
2023-05-10 14:00:00,14,3160.9,2.5
2023-05-10 15:00:00,15,3584.6,2.0
2023-05-10 16:00:00,16,3483.9,0.0
2023-05-10 17:00:00,17,3079.5,1.6
2023-05-10 18:00:00,18,2421.9,0.0
2023-05-10 19:00:00,19,1459.5,0.7
2023-05-10 20:00:00,20,750.3,0.0
2023-05-10 21:00:00,21,56.2,0.0
2023-05-10 22:00:00,22,,0.0
2023-05-10 23:00:00,23,,0.0
2023-05-11 00:00:00,0,,3.4
2023-05-11 01:00:00,1,,3.3
2023-05-11 02:00:00,2,,3.3
2023-05-11 03:00:00,3,,0.0
2023-05-11 04:00:00,4,,0.0
2023-05-11 05:00:00,5,,0.0
2023-05-11 06:00:00,6,,0.0
2023-05-11 07:00:00,7,,0.0
2023-05-11 08:00:00,8,,0.0
2023-05-11 09:00:00,9,1.4,0.0
2023-05-11 10:00:00,10,120.2,0.6
2023-05-11 11:00:00,11,467.5,1.6
2023-05-11 12:00:00,12,1076.1,0.0
2023-05-11 13:00:00,13,2059.3,3.1
2023-05-11 14:00:00,14,2297.7,2.9
2023-05-11 15:00:00,15,3430.2,3.4
2023-05-11 16:00:00,16,3048.4,2.8
2023-05-11 17:00:00,17,3060.5,2.2
2023-05-11 18:00:00,18,2404.4,2.2
2023-05-11 19:00:00,19,1473.5,1.0
2023-05-11 20:00:00,20,688.5,0.0
2023-05-11 21:00:00,21,35.7,0.0
2023-05-11 22:00:00,22,,0.0
2023-05-11 23:00:00,23,,0.0
2023-05-12 00:00:00,0,,0.0
2023-05-12 01:00:00,1,,0.0
2023-05-12 02:00:00,2,,1.2
2023-05-12 03:00:00,3,,0.0
2023-05-12 04:00:00,4,,0.0
2023-05-12 05:00:00,5,,0.0
2023-05-12 06:00:00,6,,0.0
2023-05-12 07:00:00,7,2.6,2.6
2023-05-12 08:00:00,8,,0.0
2023-05-12 09:00:00,9,0.0,2.7
2023-05-12 10:00:00,10,21.4,2.9
2023-05-12 11:00:00,11,183.8,3.1
2023-05-12 12:00:00,12,139.6,0.0
2023-05-12 13:00:00,13,549.4,0.0
2023-05-12 14:00:00,14,1109.6,1.2
2023-05-12 15:00:00,15,2875.2,0.0
2023-05-12 16:00:00,16,1871.3,0.7
2023-05-12 17:00:00,17,1552.1,2.8
2023-05-12 18:00:00,18,1543.9,2.6
2023-05-12 19:00:00,19,810.5,2.8
2023-05-12 20:00:00,20,392.7,0.4
2023-05-12 21:00:00,21,23.7,0.0
2023-05-12 22:00:00,22,,0.0
2023-05-12 23:00:00,23,,0.0
2023-05-13 00:00:00,0,,0.0
2023-05-13 01:00:00,1,,0.0
2023-05-13 02:00:00,2,,0.0
2023-05-13 03:00:00,3,,0.0
2023-05-13 04:00:00,4,,0.0
2023-05-13 05:00:00,5,,0.0
2023-05-13 06:00:00,6,,0.0
2023-05-13 07:00:00,7,,1.4
2023-05-13 08:00:00,8,,0.8
2023-05-13 09:00:00,9,0.3,1.7
2023-05-13 10:00:00,10,256.7,2.1
2023-05-13 11:00:00,11,422.0,1.8
2023-05-13 12:00:00,12,562.2,3.3
2023-05-13 13:00:00,13,1079.3,2.8
2023-05-13 14:00:00,14,2530.0,3.0
2023-05-13 15:00:00,15,2843.5,3.4
2023-05-13 16:00:00,16,3395.3,4.9
2023-05-13 17:00:00,17,3061.6,4.7
2023-05-13 18:00:00,18,2158.6,3.6
2023-05-13 19:00:00,19,485.4,2.1
2023-05-13 20:00:00,20,249.8,2.0
2023-05-13 21:00:00,21,16.2,0.7
2023-05-13 22:00:00,22,,0.0
2023-05-13 23:00:00,23,,0.0
2023-05-14 00:00:00,0,,0.0
2023-05-14 01:00:00,1,,0.0
2023-05-14 02:00:00,2,,0.0
2023-05-14 03:00:00,3,,0.0
2023-05-14 04:00:00,4,,4.3
2023-05-14 05:00:00,5,,4.3
2023-05-14 06:00:00,6,,5.6
2023-05-14 07:00:00,7,,5.5
2023-05-14 08:00:00,8,,2.5
2023-05-14 09:00:00,9,0.1,0.2
2023-05-14 10:00:00,10,93.3,3.0
2023-05-14 11:00:00,11,319.8,2.2
2023-05-14 12:00:00,12,593.5,2.7
2023-05-14 13:00:00,13,940.2,3.6
2023-05-14 14:00:00,14,1062.8,4.0
2023-05-14 15:00:00,15,2277.8,5.0
2023-05-14 16:00:00,16,3186.8,4.1
2023-05-14 17:00:00,17,978.9,3.1
2023-05-14 18:00:00,18,827.3,1.8
2023-05-14 19:00:00,19,467.0,0.0
2023-05-14 20:00:00,20,111.7,3.3
2023-05-14 21:00:00,21,15.2,0.0
2023-05-14 22:00:00,22,,0.0
2023-05-14 23:00:00,23,,0.0
2023-05-15 00:00:00,0,,0.0
2023-05-15 01:00:00,1,0.8,0.0
2023-05-15 02:00:00,2,,0.0
2023-05-15 03:00:00,3,,0.0
2023-05-15 04:00:00,4,,0.2
2023-05-15 05:00:00,5,,0.6
2023-05-15 06:00:00,6,,0.0
2023-05-15 07:00:00,7,,0.0
2023-05-15 08:00:00,8,,0.3
2023-05-15 09:00:00,9,,0.5
2023-05-15 10:00:00,10,166.1,1.4
2023-05-15 11:00:00,11,476.8,3.9
2023-05-15 12:00:00,12,959.0,3.6
2023-05-15 13:00:00,13,2231.5,4.7
2023-05-15 14:00:00,14,3097.0,4.5
2023-05-15 15:00:00,15,3489.2,4.0
2023-05-15 16:00:00,16,3365.5,3.6
2023-05-15 17:00:00,17,2941.7,3.1
2023-05-15 18:00:00,18,2334.0,2.3
2023-05-15 19:00:00,19,1553.3,0.3
2023-05-15 20:00:00,20,479.6,0.2
2023-05-15 21:00:00,21,32.3,0.0
2023-05-15 22:00:00,22,,0.0
2023-05-15 23:00:00,23,,1.5
2023-05-16 00:00:00,0,,2.3
2023-05-16 01:00:00,1,,2.1
2023-05-16 02:00:00,2,,0.3
2023-05-16 03:00:00,3,,0.0
2023-05-16 04:00:00,4,,0.0
2023-05-16 05:00:00,5,,0.0
2023-05-16 06:00:00,6,,0.0
2023-05-16 07:00:00,7,,0.0
2023-05-16 08:00:00,8,,0.0
2023-05-16 09:00:00,9,,0.0
2023-05-16 10:00:00,10,208.0,3.5
2023-05-16 11:00:00,11,939.9,4.4
2023-05-16 12:00:00,12,1695.3,4.3
2023-05-16 13:00:00,13,2150.6,4.3
2023-05-16 14:00:00,14,3024.7,3.5
2023-05-16 15:00:00,15,3403.3,2.6
2023-05-16 16:00:00,16,3380.0,0.0
2023-05-16 17:00:00,17,2594.2,1.9
2023-05-16 18:00:00,18,1564.5,0.0
2023-05-16 19:00:00,19,1444.7,0.0
2023-05-16 20:00:00,20,560.2,0.0
2023-05-16 21:00:00,21,43.3,0.0
2023-05-16 22:00:00,22,,0.0
2023-05-16 23:00:00,23,,0.0
2023-05-17 00:00:00,0,,2.7
2023-05-17 01:00:00,1,,0.1
2023-05-17 02:00:00,2,,3.3
2023-05-17 03:00:00,3,,0.0
2023-05-17 04:00:00,4,,0.0
2023-05-17 05:00:00,5,,0.0
2023-05-17 06:00:00,6,,1.4
2023-05-17 07:00:00,7,,1.1
2023-05-17 08:00:00,8,,1.7
2023-05-17 09:00:00,9,,2.3
2023-05-17 10:00:00,10,284.9,1.4
2023-05-17 11:00:00,11,1155.6,1.3
2023-05-17 12:00:00,12,1779.5,4.1
2023-05-17 13:00:00,13,2292.9,4.2
2023-05-17 14:00:00,14,3121.6,4.1
2023-05-17 15:00:00,15,3492.3,2.4
2023-05-17 16:00:00,16,2812.2,0.0
2023-05-17 17:00:00,17,2981.2,0.0
2023-05-17 18:00:00,18,2084.9,0.2
2023-05-17 19:00:00,19,1223.1,0.0
2023-05-17 20:00:00,20,525.2,0.8
2023-05-17 21:00:00,21,40.0,0.8
2023-05-17 22:00:00,22,,0.0
2023-05-17 23:00:00,23,,0.3
2023-05-18 00:00:00,0,,0.0
2023-05-18 01:00:00,1,,0.0
2023-05-18 02:00:00,2,,0.0
2023-05-18 03:00:00,3,,2.1
2023-05-18 04:00:00,4,,0.0
2023-05-18 05:00:00,5,,1.6
2023-05-18 06:00:00,6,,0.8
2023-05-18 07:00:00,7,,3.4
2023-05-18 08:00:00,8,,3.0
2023-05-18 09:00:00,9,,3.2
2023-05-18 10:00:00,10,144.5,3.8
2023-05-18 11:00:00,11,514.9,3.4
2023-05-18 12:00:00,12,893.2,4.2
2023-05-18 13:00:00,13,1078.7,4.3
2023-05-18 14:00:00,14,723.0,3.7
2023-05-18 15:00:00,15,971.9,3.4
2023-05-18 16:00:00,16,1048.8,2.4
2023-05-18 17:00:00,17,1114.8,2.8
2023-05-18 18:00:00,18,807.2,0.0
2023-05-18 19:00:00,19,495.9,0.0
2023-05-18 20:00:00,20,236.0,0.0
2023-05-18 21:00:00,21,18.0,0.0
2023-05-18 22:00:00,22,,0.0
2023-05-18 23:00:00,23,,0.0
2023-05-19 00:00:00,0,,0.0
2023-05-19 01:00:00,1,,0.0
2023-05-19 02:00:00,2,,0.0
2023-05-19 03:00:00,3,,0.0
2023-05-19 04:00:00,4,,0.0
2023-05-19 05:00:00,5,,0.0
2023-05-19 06:00:00,6,,1.5
2023-05-19 07:00:00,7,,2.3
2023-05-19 08:00:00,8,,3.2
2023-05-19 09:00:00,9,,3.8
2023-05-19 10:00:00,10,323.4,5.2
2023-05-19 11:00:00,11,1165.9,5.4
2023-05-19 12:00:00,12,1597.4,4.2
2023-05-19 13:00:00,13,2080.9,3.7
2023-05-19 14:00:00,14,2929.3,4.0
2023-05-19 15:00:00,15,3374.3,3.8
2023-05-19 16:00:00,16,3304.8,3.2
2023-05-19 17:00:00,17,2943.6,2.4
2023-05-19 18:00:00,18,2320.8,1.7
2023-05-19 19:00:00,19,1563.2,1.6
2023-05-19 20:00:00,20,525.7,1.8
2023-05-19 21:00:00,21,35.9,1.3
2023-05-19 22:00:00,22,,1.3
2023-05-19 23:00:00,23,,2.3
2023-05-20 00:00:00,0,,2.6
2023-05-20 01:00:00,1,,3.9
2023-05-20 02:00:00,2,,3.6
2023-05-20 03:00:00,3,,3.5
2023-05-20 04:00:00,4,,3.1
2023-05-20 05:00:00,5,,2.4
2023-05-20 06:00:00,6,,3.6
2023-05-20 07:00:00,7,,4.0
2023-05-20 08:00:00,8,,4.0
2023-05-20 09:00:00,9,,3.7
2023-05-20 10:00:00,10,81.8,4.2
2023-05-20 11:00:00,11,530.8,4.4
2023-05-20 12:00:00,12,1036.7,4.4
2023-05-20 13:00:00,13,2086.9,4.7
2023-05-20 14:00:00,14,2917.6,3.8
2023-05-20 15:00:00,15,3369.8,3.0
2023-05-20 16:00:00,16,3311.3,1.8
2023-05-20 17:00:00,17,2896.0,1.7
2023-05-20 18:00:00,18,2313.2,1.6
2023-05-20 19:00:00,19,1561.4,3.0
2023-05-20 20:00:00,20,551.1,2.8
2023-05-20 21:00:00,21,38.0,2.9
2023-05-20 22:00:00,22,,2.5
2023-05-20 23:00:00,23,,4.3
2023-05-21 00:00:00,0,,4.5
2023-05-21 01:00:00,1,,3.3
2023-05-21 02:00:00,2,,3.5
2023-05-21 03:00:00,3,,2.8
2023-05-21 04:00:00,4,,2.9
2023-05-21 05:00:00,5,,2.7
2023-05-21 06:00:00,6,,3.1
2023-05-21 07:00:00,7,,3.6
2023-05-21 08:00:00,8,,2.6
2023-05-21 09:00:00,9,,2.7
2023-05-21 10:00:00,10,308.0,2.6
2023-05-21 11:00:00,11,1138.2,2.5
2023-05-21 12:00:00,12,1541.8,2.4
2023-05-21 13:00:00,13,2025.8,3.0
2023-05-21 14:00:00,14,2891.4,3.8
2023-05-21 15:00:00,15,3360.5,2.8
2023-05-21 16:00:00,16,3285.8,2.1
2023-05-21 17:00:00,17,2929.6,2.7
2023-05-21 18:00:00,18,2334.3,3.0
2023-05-21 19:00:00,19,1570.2,3.2
2023-05-21 20:00:00,20,554.7,2.6
2023-05-21 21:00:00,21,34.3,3.6
2023-05-21 22:00:00,22,,3.9
2023-05-21 23:00:00,23,,4.1
2023-05-22 00:00:00,0,,3.9
2023-05-22 01:00:00,1,,3.8
2023-05-22 02:00:00,2,,3.1
2023-05-22 03:00:00,3,,3.6
2023-05-22 04:00:00,4,,3.4
2023-05-22 05:00:00,5,,3.2
2023-05-22 06:00:00,6,,4.5
2023-05-22 07:00:00,7,,4.7
2023-05-22 08:00:00,8,,3.4
2023-05-22 09:00:00,9,,3.8
2023-05-22 10:00:00,10,316.9,5.0
2023-05-22 11:00:00,11,1157.4,5.0
2023-05-22 12:00:00,12,1620.9,5.2
2023-05-22 13:00:00,13,2023.3,4.7
2023-05-22 14:00:00,14,2880.1,4.9
2023-05-22 15:00:00,15,3353.1,4.3
2023-05-22 16:00:00,16,3297.6,4.5
2023-05-22 17:00:00,17,2927.5,3.9
2023-05-22 18:00:00,18,2321.1,3.4
2023-05-22 19:00:00,19,1486.7,3.3
2023-05-22 20:00:00,20,425.8,3.1
2023-05-22 21:00:00,21,44.5,3.3
2023-05-22 22:00:00,22,,2.8
2023-05-22 23:00:00,23,,5.3
2023-05-23 00:00:00,0,,5.0
2023-05-23 01:00:00,1,,5.0
2023-05-23 02:00:00,2,,5.6
2023-05-23 03:00:00,3,,5.5
2023-05-23 04:00:00,4,,3.4
2023-05-23 05:00:00,5,,4.3
2023-05-23 06:00:00,6,,4.2
2023-05-23 07:00:00,7,,5.5
2023-05-23 08:00:00,8,,7.0
2023-05-23 09:00:00,9,0.5,6.7
2023-05-23 10:00:00,10,308.7,4.9
2023-05-23 11:00:00,11,1120.5,3.5
2023-05-23 12:00:00,12,1517.6,3.0
2023-05-23 13:00:00,13,2019.2,4.3
2023-05-23 14:00:00,14,2886.9,4.2
2023-05-23 15:00:00,15,2596.0,4.0
2023-05-23 16:00:00,16,2658.3,4.1
2023-05-23 17:00:00,17,1654.1,4.2
2023-05-23 18:00:00,18,1491.9,3.6
2023-05-23 19:00:00,19,800.0,3.4
2023-05-23 20:00:00,20,295.1,2.7
2023-05-23 21:00:00,21,23.3,4.2
2023-05-23 22:00:00,22,,5.3
2023-05-23 23:00:00,23,,5.5
2023-05-24 00:00:00,0,,6.4
2023-05-24 01:00:00,1,,5.8
2023-05-24 02:00:00,2,,5.5
2023-05-24 03:00:00,3,,4.8
2023-05-24 04:00:00,4,,4.5
2023-05-24 05:00:00,5,,5.1
2023-05-24 06:00:00,6,,4.6
2023-05-24 07:00:00,7,,4.3
2023-05-24 08:00:00,8,,3.3
2023-05-24 09:00:00,9,,2.7
2023-05-24 10:00:00,10,355.8,3.5
2023-05-24 11:00:00,11,580.3,3.9
2023-05-24 12:00:00,12,1387.9,4.0
2023-05-24 13:00:00,13,1908.9,4.3
2023-05-24 14:00:00,14,2518.2,4.1
2023-05-24 15:00:00,15,2347.5,4.0
2023-05-24 16:00:00,16,2294.4,3.6
2023-05-24 17:00:00,17,1661.8,3.6
2023-05-24 18:00:00,18,1177.6,2.4
2023-05-24 19:00:00,19,666.3,2.0
2023-05-24 20:00:00,20,214.6,2.1
2023-05-24 21:00:00,21,25.1,3.6
2023-05-24 22:00:00,22,0.5,2.3
2023-05-24 23:00:00,23,0.0,1.9
2023-05-25 00:00:00,0,4.7,2.5
2023-05-25 01:00:00,1,3.8,2.5
2023-05-25 02:00:00,2,,3.8
2023-05-25 03:00:00,3,4.2,6.6
2023-05-25 04:00:00,4,,5.4
2023-05-25 05:00:00,5,,5.2
2023-05-25 06:00:00,6,,3.4
2023-05-25 07:00:00,7,,1.3
2023-05-25 08:00:00,8,,1.0
2023-05-25 09:00:00,9,,5.3
2023-05-25 10:00:00,10,274.1,4.2
2023-05-25 11:00:00,11,1130.4,4.3
2023-05-25 12:00:00,12,1300.1,3.7
2023-05-25 13:00:00,13,1807.8,4.2
2023-05-25 14:00:00,14,2550.3,3.4
2023-05-25 15:00:00,15,3414.2,4.1
2023-05-25 16:00:00,16,3144.8,3.9
2023-05-25 17:00:00,17,2922.6,4.5
2023-05-25 18:00:00,18,2316.2,3.9
2023-05-25 19:00:00,19,1557.7,3.4
2023-05-25 20:00:00,20,562.2,3.0
2023-05-25 21:00:00,21,45.1,2.7
2023-05-25 22:00:00,22,,2.3
2023-05-25 23:00:00,23,,1.6
2023-05-26 00:00:00,0,,3.5
2023-05-26 01:00:00,1,,3.8
2023-05-26 02:00:00,2,,5.1
2023-05-26 03:00:00,3,,3.5
2023-05-26 04:00:00,4,,3.6
2023-05-26 05:00:00,5,,3.5
2023-05-26 06:00:00,6,,1.7
2023-05-26 07:00:00,7,,3.9
2023-05-26 08:00:00,8,,3.1
2023-05-26 09:00:00,9,,3.5
2023-05-26 10:00:00,10,117.4,2.3
2023-05-26 11:00:00,11,255.8,4.4
2023-05-26 12:00:00,12,996.7,3.4
2023-05-26 13:00:00,13,1700.5,2.7
2023-05-26 14:00:00,14,2519.0,2.7
2023-05-26 15:00:00,15,2884.7,3.1
2023-05-26 16:00:00,16,2947.8,5.0
2023-05-26 17:00:00,17,2753.7,4.7
2023-05-26 18:00:00,18,1993.4,3.3
2023-05-26 19:00:00,19,1525.2,3.8
2023-05-26 20:00:00,20,391.9,3.6
2023-05-26 21:00:00,21,31.1,3.8
2023-05-26 22:00:00,22,,2.6
2023-05-26 23:00:00,23,,4.4
2023-05-27 00:00:00,0,,5.7
2023-05-27 01:00:00,1,,6.2
2023-05-27 02:00:00,2,,5.4
2023-05-27 03:00:00,3,,4.5
2023-05-27 04:00:00,4,,5.3
2023-05-27 05:00:00,5,,4.6
2023-05-27 06:00:00,6,,3.2
2023-05-27 07:00:00,7,,4.0
2023-05-27 08:00:00,8,,3.5
2023-05-27 09:00:00,9,,3.4
2023-05-27 10:00:00,10,295.1,3.7
2023-05-27 11:00:00,11,860.7,4.1
2023-05-27 12:00:00,12,1170.0,3.3
2023-05-27 13:00:00,13,1921.9,2.4
2023-05-27 14:00:00,14,2559.8,1.4
2023-05-27 15:00:00,15,2996.5,1.9
2023-05-27 16:00:00,16,1917.8,2.7
2023-05-27 17:00:00,17,1409.6,0.9
2023-05-27 18:00:00,18,1120.1,0.7
2023-05-27 19:00:00,19,645.3,0.0
2023-05-27 20:00:00,20,233.3,0.0
2023-05-27 21:00:00,21,22.8,1.3
2023-05-27 22:00:00,22,,2.6
2023-05-27 23:00:00,23,,3.1
2023-05-28 00:00:00,0,,5.9
2023-05-28 01:00:00,1,,4.9
2023-05-28 02:00:00,2,,4.8
2023-05-28 03:00:00,3,,4.2
2023-05-28 04:00:00,4,,4.5
2023-05-28 05:00:00,5,,4.5
2023-05-28 06:00:00,6,,4.3
2023-05-28 07:00:00,7,,3.1
2023-05-28 08:00:00,8,,2.7
2023-05-28 09:00:00,9,,2.6
2023-05-28 10:00:00,10,270.4,3.1
2023-05-28 11:00:00,11,640.0,4.1
2023-05-28 12:00:00,12,1587.6,4.5
2023-05-28 13:00:00,13,1951.7,3.5
2023-05-28 14:00:00,14,2817.6,4.1
2023-05-28 15:00:00,15,3299.8,3.7
2023-05-28 16:00:00,16,3276.0,3.9
2023-05-28 17:00:00,17,2929.0,4.1
2023-05-28 18:00:00,18,2295.2,3.8
2023-05-28 19:00:00,19,1538.7,3.0
2023-05-28 20:00:00,20,622.1,2.6
2023-05-28 21:00:00,21,43.7,1.8
2023-05-28 22:00:00,22,,1.8
2023-05-28 23:00:00,23,,3.5
2023-05-29 00:00:00,0,,3.8
2023-05-29 01:00:00,1,,4.2
2023-05-29 02:00:00,2,,3.4
2023-05-29 03:00:00,3,,4.3
2023-05-29 04:00:00,4,,3.5
2023-05-29 05:00:00,5,,3.0
2023-05-29 06:00:00,6,,3.0
2023-05-29 07:00:00,7,,2.3
2023-05-29 08:00:00,8,,2.3
2023-05-29 09:00:00,9,,1.3
2023-05-29 10:00:00,10,161.2,1.5
2023-05-29 11:00:00,11,1083.2,1.9
2023-05-29 12:00:00,12,1556.9,4.4
2023-05-29 13:00:00,13,1928.2,4.1
2023-05-29 14:00:00,14,2805.0,4.4
2023-05-29 15:00:00,15,3291.0,4.4
2023-05-29 16:00:00,16,3241.5,3.3
2023-05-29 17:00:00,17,2885.1,2.9
2023-05-29 18:00:00,18,2286.7,2.2
2023-05-29 19:00:00,19,1531.3,0.9
2023-05-29 20:00:00,20,589.8,1.5
2023-05-29 21:00:00,21,31.8,0.0
2023-05-29 22:00:00,22,,0.0
2023-05-29 23:00:00,23,,0.0
2023-05-30 00:00:00,0,,4.2
2023-05-30 01:00:00,1,,3.6
2023-05-30 02:00:00,2,,3.9
2023-05-30 03:00:00,3,,4.3
2023-05-30 04:00:00,4,,4.3
2023-05-30 05:00:00,5,,4.7
2023-05-30 06:00:00,6,,3.0
2023-05-30 07:00:00,7,,4.2
2023-05-30 08:00:00,8,,3.9
2023-05-30 09:00:00,9,,3.5
2023-05-30 10:00:00,10,316.2,3.5
2023-05-30 11:00:00,11,546.8,4.1
2023-05-30 12:00:00,12,1543.9,4.1
2023-05-30 13:00:00,13,1919.5,4.2
2023-05-30 14:00:00,14,2805.7,4.2
2023-05-30 15:00:00,15,3286.6,3.8
2023-05-30 16:00:00,16,3235.0,3.1
2023-05-30 17:00:00,17,2875.5,2.9
2023-05-30 18:00:00,18,2273.7,2.1
2023-05-30 19:00:00,19,1521.6,0.8
2023-05-30 20:00:00,20,601.6,0.1
2023-05-30 21:00:00,21,29.9,1.5
2023-05-30 22:00:00,22,,4.1
2023-05-30 23:00:00,23,,3.6
2023-05-31 00:00:00,0,,4.4
2023-05-31 01:00:00,1,,5.4
2023-05-31 02:00:00,2,,4.9
2023-05-31 03:00:00,3,,4.6
2023-05-31 04:00:00,4,,4.6
2023-05-31 05:00:00,5,,4.6
2023-05-31 06:00:00,6,,4.8
2023-05-31 07:00:00,7,,3.6
2023-05-31 08:00:00,8,,3.6
2023-05-31 09:00:00,9,,2.5
2023-05-31 10:00:00,10,283.9,3.4
2023-05-31 11:00:00,11,1073.7,3.5
2023-05-31 12:00:00,12,1562.9,3.8
2023-05-31 13:00:00,13,1907.9,3.9
2023-05-31 14:00:00,14,2792.9,2.4
2023-05-31 15:00:00,15,3265.3,1.8
2023-05-31 16:00:00,16,3223.4,2.2
2023-05-31 17:00:00,17,2869.2,1.9
2023-05-31 18:00:00,18,2267.0,0.0
2023-05-31 19:00:00,19,1518.8,0.0
2023-05-31 20:00:00,20,604.6,0.0
2023-05-31 21:00:00,21,33.5,0.0
2023-05-31 22:00:00,22,,0.0
2023-05-31 23:00:00,23,,1.4
2023-06-01 00:00:00,0,,1.9
2023-06-01 01:00:00,1,,3.4
2023-06-01 02:00:00,2,,2.9
2023-06-01 03:00:00,3,,1.7
2023-06-01 04:00:00,4,,0.7
2023-06-01 05:00:00,5,,0.0
2023-06-01 06:00:00,6,,0.0
2023-06-01 07:00:00,7,,0.7
2023-06-01 08:00:00,8,,0.0
2023-06-01 09:00:00,9,,0.0
2023-06-01 10:00:00,10,231.8,0.4
2023-06-01 11:00:00,11,831.8,2.5
2023-06-01 12:00:00,12,1544.1,2.8
2023-06-01 13:00:00,13,1897.9,3.2
2023-06-01 14:00:00,14,2792.0,1.9
2023-06-01 15:00:00,15,3253.5,1.9
2023-06-01 16:00:00,16,3201.0,2.4
2023-06-01 17:00:00,17,2837.5,2.8
2023-06-01 18:00:00,18,2250.1,1.2
2023-06-01 19:00:00,19,1505.7,0.0
2023-06-01 20:00:00,20,610.8,0.0
2023-06-01 21:00:00,21,31.6,0.9
2023-06-01 22:00:00,22,,0.0
2023-06-01 23:00:00,23,,1.0
2023-06-02 00:00:00,0,,0.0
2023-06-02 01:00:00,1,,0.0
2023-06-02 02:00:00,2,,2.3
2023-06-02 03:00:00,3,,1.2
2023-06-02 04:00:00,4,,2.2
2023-06-02 05:00:00,5,,0.0
2023-06-02 06:00:00,6,,0.0
2023-06-02 07:00:00,7,,2.0
2023-06-02 08:00:00,8,,2.0
2023-06-02 09:00:00,9,,1.5
2023-06-02 10:00:00,10,273.0,2.7
2023-06-02 11:00:00,11,1042.7,2.2
2023-06-02 12:00:00,12,1532.8,3.4
2023-06-02 13:00:00,13,1878.0,3.0
2023-06-02 14:00:00,14,2750.1,3.9
2023-06-02 15:00:00,15,3237.0,4.3
2023-06-02 16:00:00,16,3200.0,3.2
2023-06-02 17:00:00,17,2845.6,2.8
2023-06-02 18:00:00,18,2241.7,2.1
2023-06-02 19:00:00,19,1472.3,1.5
2023-06-02 20:00:00,20,607.7,0.0
2023-06-02 21:00:00,21,29.4,0.3
2023-06-02 22:00:00,22,,1.1
2023-06-02 23:00:00,23,,5.7
2023-06-03 00:00:00,0,,4.6
2023-06-03 01:00:00,1,,4.9
2023-06-03 02:00:00,2,,3.9
2023-06-03 03:00:00,3,,4.4
2023-06-03 04:00:00,4,,4.3
2023-06-03 05:00:00,5,,4.2
2023-06-03 06:00:00,6,,4.8
2023-06-03 07:00:00,7,,5.9
2023-06-03 08:00:00,8,,5.0
2023-06-03 09:00:00,9,,5.2
2023-06-03 10:00:00,10,279.8,5.6
2023-06-03 11:00:00,11,1068.2,4.9
2023-06-03 12:00:00,12,1547.2,4.0
2023-06-03 13:00:00,13,1884.1,4.8
2023-06-03 14:00:00,14,2797.1,4.8
2023-06-03 15:00:00,15,3289.5,5.2
2023-06-03 16:00:00,16,2200.6,4.9
2023-06-03 17:00:00,17,1798.3,4.8
2023-06-03 18:00:00,18,1367.4,4.1
2023-06-03 19:00:00,19,830.1,4.0
2023-06-03 20:00:00,20,173.0,5.0
2023-06-03 21:00:00,21,18.4,4.9
2023-06-03 22:00:00,22,,4.6
2023-06-03 23:00:00,23,,4.2
2023-06-04 00:00:00,0,,4.7
2023-06-04 01:00:00,1,,4.5
2023-06-04 02:00:00,2,,5.1
2023-06-04 03:00:00,3,,6.1
2023-06-04 04:00:00,4,,6.0
2023-06-04 05:00:00,5,,6.3
2023-06-04 06:00:00,6,,4.6
2023-06-04 07:00:00,7,,5.2
2023-06-04 08:00:00,8,,4.1
2023-06-04 09:00:00,9,,4.1
2023-06-04 10:00:00,10,153.6,3.7
2023-06-04 11:00:00,11,555.3,3.5
2023-06-04 12:00:00,12,1301.4,2.9
2023-06-04 13:00:00,13,1862.3,2.3
2023-06-04 14:00:00,14,2643.2,1.9
2023-06-04 15:00:00,15,2989.7,4.8
2023-06-04 16:00:00,16,2716.8,4.4
2023-06-04 17:00:00,17,2668.5,4.3
2023-06-04 18:00:00,18,1941.3,4.2
2023-06-04 19:00:00,19,1546.3,3.7
2023-06-04 20:00:00,20,569.5,3.8
2023-06-04 21:00:00,21,49.2,3.5
2023-06-04 22:00:00,22,,5.5
2023-06-04 23:00:00,23,,6.2
2023-06-05 00:00:00,0,,6.3
2023-06-05 01:00:00,1,,4.6
2023-06-05 02:00:00,2,,5.4
2023-06-05 03:00:00,3,,5.4
2023-06-05 04:00:00,4,,4.6
2023-06-05 05:00:00,5,,4.7
2023-06-05 06:00:00,6,,4.4
2023-06-05 07:00:00,7,,4.7
2023-06-05 08:00:00,8,,1.6
2023-06-05 09:00:00,9,,1.9
2023-06-05 10:00:00,10,291.0,3.2
2023-06-05 11:00:00,11,959.2,3.7
2023-06-05 12:00:00,12,1554.8,3.6
2023-06-05 13:00:00,13,1879.2,4.3
2023-06-05 14:00:00,14,2768.8,3.6
2023-06-05 15:00:00,15,3264.6,3.2
2023-06-05 16:00:00,16,3225.6,2.3
2023-06-05 17:00:00,17,2865.0,2.3
2023-06-05 18:00:00,18,2275.0,3.7
2023-06-05 19:00:00,19,1541.5,3.5
2023-06-05 20:00:00,20,642.7,3.0
2023-06-05 21:00:00,21,31.2,3.6
2023-06-05 22:00:00,22,,4.0
2023-06-05 23:00:00,23,,3.1
2023-06-06 00:00:00,0,,4.0
2023-06-06 01:00:00,1,,3.7
2023-06-06 02:00:00,2,,4.8
2023-06-06 03:00:00,3,,4.7
2023-06-06 04:00:00,4,,3.1
2023-06-06 05:00:00,5,,0.4
2023-06-06 06:00:00,6,,2.2
2023-06-06 07:00:00,7,,2.9
2023-06-06 08:00:00,8,,2.8
2023-06-06 09:00:00,9,,2.7
2023-06-06 10:00:00,10,273.4,3.0
2023-06-06 11:00:00,11,1054.2,3.4
2023-06-06 12:00:00,12,1540.8,3.7
2023-06-06 13:00:00,13,1874.0,4.1
2023-06-06 14:00:00,14,2766.5,2.7
2023-06-06 15:00:00,15,3280.5,4.2
2023-06-06 16:00:00,16,3253.3,4.5
2023-06-06 17:00:00,17,2910.1,3.9
2023-06-06 18:00:00,18,2313.6,3.3
2023-06-06 19:00:00,19,1554.0,2.1
2023-06-06 20:00:00,20,645.8,1.7
2023-06-06 21:00:00,21,28.7,1.9
2023-06-06 22:00:00,22,,2.3
2023-06-06 23:00:00,23,,2.0
2023-06-07 00:00:00,0,,4.6
2023-06-07 01:00:00,1,,5.6
2023-06-07 02:00:00,2,,5.4
2023-06-07 03:00:00,3,,4.2
2023-06-07 04:00:00,4,,3.9
2023-06-07 05:00:00,5,,4.6
2023-06-07 06:00:00,6,,2.9
2023-06-07 07:00:00,7,,3.5
2023-06-07 08:00:00,8,,4.4
2023-06-07 09:00:00,9,,4.1
2023-06-07 10:00:00,10,271.1,3.2
2023-06-07 11:00:00,11,1050.6,3.4
2023-06-07 12:00:00,12,1537.4,4.1
2023-06-07 13:00:00,13,1866.7,5.1
2023-06-07 14:00:00,14,2754.5,4.2
2023-06-07 15:00:00,15,3271.2,4.8
2023-06-07 16:00:00,16,3229.0,5.0
2023-06-07 17:00:00,17,2859.8,4.1
2023-06-07 18:00:00,18,2277.3,4.0
2023-06-07 19:00:00,19,1603.6,3.7
2023-06-07 20:00:00,20,536.2,2.9
2023-06-07 21:00:00,21,50.3,3.2
2023-06-07 22:00:00,22,,4.8
2023-06-07 23:00:00,23,,4.9
2023-06-08 00:00:00,0,,5.1
2023-06-08 01:00:00,1,,4.6
2023-06-08 02:00:00,2,,4.8
2023-06-08 03:00:00,3,,5.1
2023-06-08 04:00:00,4,,5.0
2023-06-08 05:00:00,5,,5.5
2023-06-08 06:00:00,6,,5.2
2023-06-08 07:00:00,7,,4.9
2023-06-08 08:00:00,8,,3.8
2023-06-08 09:00:00,9,,3.4
2023-06-08 10:00:00,10,103.8,2.8
2023-06-08 11:00:00,11,788.4,4.9
2023-06-08 12:00:00,12,1498.6,4.9
2023-06-08 13:00:00,13,1769.6,4.8
2023-06-08 14:00:00,14,2715.0,4.2
2023-06-08 15:00:00,15,3179.9,4.3
2023-06-08 16:00:00,16,3152.8,4.2
2023-06-08 17:00:00,17,2835.3,3.8
2023-06-08 18:00:00,18,2130.3,2.9
2023-06-08 19:00:00,19,1484.5,3.0
2023-06-08 20:00:00,20,687.9,2.9
2023-06-08 21:00:00,21,39.9,2.9
2023-06-08 22:00:00,22,,1.9
2023-06-08 23:00:00,23,,3.5
2023-06-09 00:00:00,0,,5.3
2023-06-09 01:00:00,1,,5.5
2023-06-09 02:00:00,2,,6.2
2023-06-09 03:00:00,3,,4.0
2023-06-09 04:00:00,4,,3.9
2023-06-09 05:00:00,5,,4.0
2023-06-09 06:00:00,6,,4.7
2023-06-09 07:00:00,7,,3.5
2023-06-09 08:00:00,8,,4.7
2023-06-09 09:00:00,9,,3.8
2023-06-09 10:00:00,10,263.9,4.1
2023-06-09 11:00:00,11,1028.0,3.0
2023-06-09 12:00:00,12,1522.2,3.9
2023-06-09 13:00:00,13,1848.8,4.6
2023-06-09 14:00:00,14,2734.5,4.2
2023-06-09 15:00:00,15,3215.1,4.5
2023-06-09 16:00:00,16,3194.0,3.5
2023-06-09 17:00:00,17,2849.4,3.6
2023-06-09 18:00:00,18,2269.7,3.3
2023-06-09 19:00:00,19,1543.3,2.7
2023-06-09 20:00:00,20,649.7,2.5
2023-06-09 21:00:00,21,30.3,1.6
2023-06-09 22:00:00,22,,3.0
2023-06-09 23:00:00,23,,4.3
2023-06-10 00:00:00,0,,5.6
2023-06-10 01:00:00,1,,5.3
2023-06-10 02:00:00,2,,5.4
2023-06-10 03:00:00,3,,4.2
2023-06-10 04:00:00,4,,3.6
2023-06-10 05:00:00,5,,3.2
2023-06-10 06:00:00,6,,2.8
2023-06-10 07:00:00,7,,2.4
2023-06-10 08:00:00,8,,2.8
2023-06-10 09:00:00,9,,2.6
2023-06-10 10:00:00,10,247.7,1.1
2023-06-10 11:00:00,11,1022.5,3.0
2023-06-10 12:00:00,12,1527.6,3.8
2023-06-10 13:00:00,13,1858.9,4.8
2023-06-10 14:00:00,14,2750.4,5.2
2023-06-10 15:00:00,15,3251.8,4.0
2023-06-10 16:00:00,16,3217.7,4.1
2023-06-10 17:00:00,17,2866.3,3.5
2023-06-10 18:00:00,18,2279.3,2.3
2023-06-10 19:00:00,19,1534.6,1.7
2023-06-10 20:00:00,20,645.7,0.7
2023-06-10 21:00:00,21,30.3,0.0
2023-06-10 22:00:00,22,,2.0
2023-06-10 23:00:00,23,,1.7
2023-06-11 00:00:00,0,,4.4
2023-06-11 01:00:00,1,,5.9
2023-06-11 02:00:00,2,,6.0
2023-06-11 03:00:00,3,,4.9
2023-06-11 04:00:00,4,,3.8
2023-06-11 05:00:00,5,,4.1
2023-06-11 06:00:00,6,,4.4
2023-06-11 07:00:00,7,,3.7
2023-06-11 08:00:00,8,,3.7
2023-06-11 09:00:00,9,,4.3
2023-06-11 10:00:00,10,339.9,3.7
2023-06-11 11:00:00,11,1086.4,4.5
2023-06-11 12:00:00,12,1427.9,4.9
2023-06-11 13:00:00,13,1851.9,4.3
2023-06-11 14:00:00,14,2726.9,4.8
2023-06-11 15:00:00,15,3228.7,4.3
2023-06-11 16:00:00,16,3200.4,4.2
2023-06-11 17:00:00,17,2856.1,4.4
2023-06-11 18:00:00,18,2271.9,4.3
2023-06-11 19:00:00,19,1533.5,4.1
2023-06-11 20:00:00,20,655.8,4.0
2023-06-11 21:00:00,21,33.9,3.4
2023-06-11 22:00:00,22,,2.7
2023-06-11 23:00:00,23,,2.2
2023-06-12 00:00:00,0,,3.3
2023-06-12 01:00:00,1,,4.4
2023-06-12 02:00:00,2,,3.3
2023-06-12 03:00:00,3,,3.7
2023-06-12 04:00:00,4,,3.3
2023-06-12 05:00:00,5,,2.1
2023-06-12 06:00:00,6,,4.2
2023-06-12 07:00:00,7,,3.8
2023-06-12 08:00:00,8,,2.8
2023-06-12 09:00:00,9,,2.9
2023-06-12 10:00:00,10,244.2,3.5
2023-06-12 11:00:00,11,794.1,4.0
2023-06-12 12:00:00,12,1337.5,4.0
2023-06-12 13:00:00,13,1863.9,4.5
2023-06-12 14:00:00,14,2718.7,4.4
2023-06-12 15:00:00,15,3219.2,4.9
2023-06-12 16:00:00,16,3191.9,5.2
2023-06-12 17:00:00,17,2847.6,4.7
2023-06-12 18:00:00,18,2263.8,3.9
2023-06-12 19:00:00,19,1530.2,3.2
2023-06-12 20:00:00,20,652.7,3.6
2023-06-12 21:00:00,21,33.0,3.4
2023-06-12 22:00:00,22,,2.5
2023-06-12 23:00:00,23,,5.8
2023-06-13 00:00:00,0,,4.6
2023-06-13 01:00:00,1,,4.9
2023-06-13 02:00:00,2,,4.0
2023-06-13 03:00:00,3,,2.7
2023-06-13 04:00:00,4,,3.0
2023-06-13 05:00:00,5,,3.6
2023-06-13 06:00:00,6,,4.0
2023-06-13 07:00:00,7,,3.6
2023-06-13 08:00:00,8,,2.6
2023-06-13 09:00:00,9,,3.2
2023-06-13 10:00:00,10,263.3,2.7
2023-06-13 11:00:00,11,1069.0,3.1
2023-06-13 12:00:00,12,1493.6,4.3
2023-06-13 13:00:00,13,1841.5,4.8
2023-06-13 14:00:00,14,2707.6,4.3
2023-06-13 15:00:00,15,3216.3,3.6
2023-06-13 16:00:00,16,3193.0,3.4
2023-06-13 17:00:00,17,2840.5,3.4
2023-06-13 18:00:00,18,2265.6,2.7
2023-06-13 19:00:00,19,1533.3,3.2
2023-06-13 20:00:00,20,651.4,2.8
2023-06-13 21:00:00,21,33.4,2.9
2023-06-13 22:00:00,22,,3.3
2023-06-13 23:00:00,23,,3.9
2023-06-14 00:00:00,0,,3.5
2023-06-14 01:00:00,1,,5.1
2023-06-14 02:00:00,2,,5.3
2023-06-14 03:00:00,3,,5.6
2023-06-14 04:00:00,4,,4.6
2023-06-14 05:00:00,5,,3.4
2023-06-14 06:00:00,6,,3.7
2023-06-14 07:00:00,7,,4.0
2023-06-14 08:00:00,8,,4.1
2023-06-14 09:00:00,9,,3.3
2023-06-14 10:00:00,10,245.0,3.4
2023-06-14 11:00:00,11,1002.4,3.2
2023-06-14 12:00:00,12,1518.6,4.1
2023-06-14 13:00:00,13,1843.9,4.0
2023-06-14 14:00:00,14,2707.8,3.2
2023-06-14 15:00:00,15,3211.9,3.3
2023-06-14 16:00:00,16,3187.8,3.3
2023-06-14 17:00:00,17,2843.9,2.7
2023-06-14 18:00:00,18,2268.4,2.9
2023-06-14 19:00:00,19,1547.0,2.2
2023-06-14 20:00:00,20,660.6,2.8
2023-06-14 21:00:00,21,34.7,3.4
2023-06-14 22:00:00,22,,3.9
2023-06-14 23:00:00,23,,3.5
2023-06-15 00:00:00,0,,3.2
2023-06-15 01:00:00,1,,3.8
2023-06-15 02:00:00,2,,2.7
2023-06-15 03:00:00,3,,2.9
2023-06-15 04:00:00,4,,3.3
2023-06-15 05:00:00,5,,2.2
2023-06-15 06:00:00,6,,2.9
2023-06-15 07:00:00,7,,3.2
2023-06-15 08:00:00,8,,3.3
2023-06-15 09:00:00,9,0.5,5.5
2023-06-15 10:00:00,10,137.7,4.0
2023-06-15 11:00:00,11,564.1,3.6
2023-06-15 12:00:00,12,867.9,4.2
2023-06-15 13:00:00,13,1890.0,4.0
2023-06-15 14:00:00,14,2690.4,3.5
2023-06-15 15:00:00,15,3197.2,3.9
2023-06-15 16:00:00,16,3184.7,3.8
2023-06-15 17:00:00,17,2850.8,3.7
2023-06-15 18:00:00,18,2281.0,3.9
2023-06-15 19:00:00,19,1543.5,2.8
2023-06-15 20:00:00,20,508.3,2.2
2023-06-15 21:00:00,21,43.3,2.4
2023-06-15 22:00:00,22,,1.6
2023-06-15 23:00:00,23,,1.8
2023-06-16 00:00:00,0,,2.6
2023-06-16 01:00:00,1,,2.3
2023-06-16 02:00:00,2,,3.4
2023-06-16 03:00:00,3,,3.4
2023-06-16 04:00:00,4,,4.6
2023-06-16 05:00:00,5,,4.1
2023-06-16 06:00:00,6,,5.2
2023-06-16 07:00:00,7,,4.8
2023-06-16 08:00:00,8,,4.7
2023-06-16 09:00:00,9,,2.3
2023-06-16 10:00:00,10,97.6,4.5
2023-06-16 11:00:00,11,536.1,4.1
2023-06-16 12:00:00,12,856.1,3.8
2023-06-16 13:00:00,13,1242.7,4.0
2023-06-16 14:00:00,14,1728.5,3.7
2023-06-16 15:00:00,15,2912.6,3.9
2023-06-16 16:00:00,16,3174.3,3.7
2023-06-16 17:00:00,17,2828.1,2.9
2023-06-16 18:00:00,18,2265.0,2.9
2023-06-16 19:00:00,19,1531.0,2.7
2023-06-16 20:00:00,20,659.3,2.7
2023-06-16 21:00:00,21,34.6,1.9
2023-06-16 22:00:00,22,,2.2
2023-06-16 23:00:00,23,,2.6
2023-06-17 00:00:00,0,,3.8
2023-06-17 01:00:00,1,,3.0
2023-06-17 02:00:00,2,,2.8
2023-06-17 03:00:00,3,,2.9
2023-06-17 04:00:00,4,,1.5
2023-06-17 05:00:00,5,,3.7
2023-06-17 06:00:00,6,,2.7
2023-06-17 07:00:00,7,,4.6
2023-06-17 08:00:00,8,,5.3
2023-06-17 09:00:00,9,,3.7
2023-06-17 10:00:00,10,236.9,3.7
2023-06-17 11:00:00,11,1001.1,4.1
2023-06-17 12:00:00,12,1532.2,3.8
2023-06-17 13:00:00,13,1859.9,4.9
2023-06-17 14:00:00,14,2709.8,4.4
2023-06-17 15:00:00,15,3216.8,4.0
2023-06-17 16:00:00,16,3195.4,3.7
2023-06-17 17:00:00,17,2845.8,2.8
2023-06-17 18:00:00,18,2271.4,2.7
2023-06-17 19:00:00,19,1539.8,2.5
2023-06-17 20:00:00,20,656.5,0.0
2023-06-17 21:00:00,21,32.4,0.2
2023-06-17 22:00:00,22,,2.0
2023-06-17 23:00:00,23,,2.1
2023-06-18 00:00:00,0,,3.3
2023-06-18 01:00:00,1,,3.8
2023-06-18 02:00:00,2,,3.7
2023-06-18 03:00:00,3,,2.8
2023-06-18 04:00:00,4,,2.5
2023-06-18 05:00:00,5,,1.9
2023-06-18 06:00:00,6,,2.2
2023-06-18 07:00:00,7,,1.2
2023-06-18 08:00:00,8,,0.8
2023-06-18 09:00:00,9,,0.0
2023-06-18 10:00:00,10,221.8,0.0
2023-06-18 11:00:00,11,986.7,3.1
2023-06-18 12:00:00,12,1498.3,3.4
2023-06-18 13:00:00,13,1800.7,4.5
2023-06-18 14:00:00,14,2687.4,3.9
2023-06-18 15:00:00,15,3221.9,3.4
2023-06-18 16:00:00,16,3162.2,2.2
2023-06-18 17:00:00,17,2720.8,1.6
2023-06-18 18:00:00,18,2245.7,1.7
2023-06-18 19:00:00,19,1520.0,0.0
2023-06-18 20:00:00,20,651.8,2.0
2023-06-18 21:00:00,21,35.4,2.2
2023-06-18 22:00:00,22,,3.6
2023-06-18 23:00:00,23,,3.6
2023-06-19 00:00:00,0,,4.0
2023-06-19 01:00:00,1,,3.6
2023-06-19 02:00:00,2,,2.7
2023-06-19 03:00:00,3,,2.9
2023-06-19 04:00:00,4,,2.6
2023-06-19 05:00:00,5,,2.7
2023-06-19 06:00:00,6,,3.3
2023-06-19 07:00:00,7,,3.8
2023-06-19 08:00:00,8,,4.5
2023-06-19 09:00:00,9,,3.5
2023-06-19 10:00:00,10,228.0,3.6
2023-06-19 11:00:00,11,981.5,3.0
2023-06-19 12:00:00,12,1514.6,3.8
2023-06-19 13:00:00,13,1826.7,2.8
2023-06-19 14:00:00,14,2670.6,2.6
2023-06-19 15:00:00,15,3174.5,1.1
2023-06-19 16:00:00,16,3154.0,0.2
2023-06-19 17:00:00,17,2819.3,0.2
2023-06-19 18:00:00,18,2243.7,0.0
2023-06-19 19:00:00,19,1530.4,1.7
2023-06-19 20:00:00,20,591.1,3.5
2023-06-19 21:00:00,21,34.1,3.1
2023-06-19 22:00:00,22,,2.8
2023-06-19 23:00:00,23,,4.5
2023-06-20 00:00:00,0,,4.6
2023-06-20 01:00:00,1,,4.2
2023-06-20 02:00:00,2,,3.0
2023-06-20 03:00:00,3,,4.5
2023-06-20 04:00:00,4,,5.5
2023-06-20 05:00:00,5,,6.6
2023-06-20 06:00:00,6,,7.7
2023-06-20 07:00:00,7,,5.4
2023-06-20 08:00:00,8,,5.4
2023-06-20 09:00:00,9,,4.7
2023-06-20 10:00:00,10,209.4,3.6
2023-06-20 11:00:00,11,957.8,5.9
2023-06-20 12:00:00,12,1757.8,6.4
2023-06-20 13:00:00,13,1914.6,7.2
2023-06-20 14:00:00,14,2331.8,6.3
2023-06-20 15:00:00,15,3296.4,6.5
2023-06-20 16:00:00,16,3227.6,6.1
2023-06-20 17:00:00,17,2743.7,6.2
2023-06-20 18:00:00,18,2253.0,6.0
2023-06-20 19:00:00,19,758.8,4.3
2023-06-20 20:00:00,20,374.1,4.4
2023-06-20 21:00:00,21,41.2,5.0
2023-06-20 22:00:00,22,,5.6
2023-06-20 23:00:00,23,,5.2
2023-06-21 00:00:00,0,,4.3
2023-06-21 01:00:00,1,,4.0
2023-06-21 02:00:00,2,,4.5
2023-06-21 03:00:00,3,,4.3
2023-06-21 04:00:00,4,,4.5
2023-06-21 05:00:00,5,,3.2
2023-06-21 06:00:00,6,,2.7
2023-06-21 07:00:00,7,,2.8
2023-06-21 08:00:00,8,,2.4
2023-06-21 09:00:00,9,2.8,2.8
2023-06-21 10:00:00,10,115.7,3.0
2023-06-21 11:00:00,11,403.2,3.8
2023-06-21 12:00:00,12,1007.1,2.9
2023-06-21 13:00:00,13,1318.6,3.9
2023-06-21 14:00:00,14,2275.2,4.0
2023-06-21 15:00:00,15,2788.1,4.9
2023-06-21 16:00:00,16,2334.2,4.4
2023-06-21 17:00:00,17,1634.5,4.6
2023-06-21 18:00:00,18,1255.1,3.3
2023-06-21 19:00:00,19,744.1,2.6
2023-06-21 20:00:00,20,420.9,3.0
2023-06-21 21:00:00,21,27.8,3.3
2023-06-21 22:00:00,22,,4.6
2023-06-21 23:00:00,23,,4.3
2023-06-22 00:00:00,0,,4.5
2023-06-22 01:00:00,1,,5.7
2023-06-22 02:00:00,2,,4.6
2023-06-22 03:00:00,3,,4.4
2023-06-22 04:00:00,4,3.3,4.2
2023-06-22 05:00:00,5,3.2,4.2
2023-06-22 06:00:00,6,,4.3
2023-06-22 07:00:00,7,,3.8
2023-06-22 08:00:00,8,,2.6
2023-06-22 09:00:00,9,,3.0
2023-06-22 10:00:00,10,95.8,3.0
2023-06-22 11:00:00,11,621.0,3.9
2023-06-22 12:00:00,12,1392.9,5.2
2023-06-22 13:00:00,13,1909.4,4.7
2023-06-22 14:00:00,14,2720.6,5.8
2023-06-22 15:00:00,15,3236.8,5.1
2023-06-22 16:00:00,16,3225.6,5.5
2023-06-22 17:00:00,17,2887.8,5.1
2023-06-22 18:00:00,18,2311.2,4.3
2023-06-22 19:00:00,19,1578.7,4.2
2023-06-22 20:00:00,20,691.6,2.9
2023-06-22 21:00:00,21,37.0,3.8
2023-06-22 22:00:00,22,,4.1
2023-06-22 23:00:00,23,,6.0
2023-06-23 00:00:00,0,,5.9
2023-06-23 01:00:00,1,,5.3
2023-06-23 02:00:00,2,,4.7
2023-06-23 03:00:00,3,,3.8
2023-06-23 04:00:00,4,,3.6
2023-06-23 05:00:00,5,,3.9
2023-06-23 06:00:00,6,,4.2
2023-06-23 07:00:00,7,,4.4
2023-06-23 08:00:00,8,,4.4
2023-06-23 09:00:00,9,,4.3
2023-06-23 10:00:00,10,234.2,3.9
2023-06-23 11:00:00,11,999.0,3.0
2023-06-23 12:00:00,12,1527.1,2.7
2023-06-23 13:00:00,13,1830.2,2.4
2023-06-23 14:00:00,14,2678.1,1.7
2023-06-23 15:00:00,15,3204.9,1.1
2023-06-23 16:00:00,16,3210.0,2.4
2023-06-23 17:00:00,17,2872.7,3.7
2023-06-23 18:00:00,18,2312.5,3.6
2023-06-23 19:00:00,19,1591.3,4.4
2023-06-23 20:00:00,20,698.4,5.0
2023-06-23 21:00:00,21,38.4,4.7
2023-06-23 22:00:00,22,,3.5
2023-06-23 23:00:00,23,,2.9
2023-06-24 00:00:00,0,,4.0
2023-06-24 01:00:00,1,,4.4
2023-06-24 02:00:00,2,,4.8
2023-06-24 03:00:00,3,,2.9
2023-06-24 04:00:00,4,,3.8
2023-06-24 05:00:00,5,,3.5
2023-06-24 06:00:00,6,,3.4
2023-06-24 07:00:00,7,,3.0
2023-06-24 08:00:00,8,,3.4
2023-06-24 09:00:00,9,,3.6
2023-06-24 10:00:00,10,244.7,3.9
2023-06-24 11:00:00,11,886.5,5.4
2023-06-24 12:00:00,12,1513.0,5.1
2023-06-24 13:00:00,13,1823.7,3.7
2023-06-24 14:00:00,14,2678.0,4.6
2023-06-24 15:00:00,15,3189.7,3.6
2023-06-24 16:00:00,16,3210.4,3.5
2023-06-24 17:00:00,17,2877.7,3.6
2023-06-24 18:00:00,18,2268.4,3.9
2023-06-24 19:00:00,19,1545.1,3.9
2023-06-24 20:00:00,20,696.4,2.9
2023-06-24 21:00:00,21,49.0,3.8
2023-06-24 22:00:00,22,,4.5
2023-06-24 23:00:00,23,,4.3
2023-06-25 00:00:00,0,,4.9
2023-06-25 01:00:00,1,,3.4
2023-06-25 02:00:00,2,,5.2
2023-06-25 03:00:00,3,,3.2
2023-06-25 04:00:00,4,,5.2
2023-06-25 05:00:00,5,,5.7
2023-06-25 06:00:00,6,,5.9
2023-06-25 07:00:00,7,,4.8
2023-06-25 08:00:00,8,,5.3
2023-06-25 09:00:00,9,,4.7
2023-06-25 10:00:00,10,202.8,5.1
2023-06-25 11:00:00,11,993.1,5.6
2023-06-25 12:00:00,12,1530.3,4.6
2023-06-25 13:00:00,13,1634.0,4.4
2023-06-25 14:00:00,14,2626.7,5.2
2023-06-25 15:00:00,15,3161.0,4.7
2023-06-25 16:00:00,16,3221.4,3.9
2023-06-25 17:00:00,17,2836.1,3.6
2023-06-25 18:00:00,18,2302.3,4.1
2023-06-25 19:00:00,19,1548.9,3.7
2023-06-25 20:00:00,20,690.0,2.8
2023-06-25 21:00:00,21,60.8,2.4
2023-06-25 22:00:00,22,,2.4
2023-06-25 23:00:00,23,,2.6
2023-06-26 00:00:00,0,,4.8
2023-06-26 01:00:00,1,,4.9
2023-06-26 02:00:00,2,,3.1
2023-06-26 03:00:00,3,,4.9
2023-06-26 04:00:00,4,,3.3
2023-06-26 05:00:00,5,,3.3
2023-06-26 06:00:00,6,,5.2
2023-06-26 07:00:00,7,,5.1
2023-06-26 08:00:00,8,,5.1
2023-06-26 09:00:00,9,,3.5
2023-06-26 10:00:00,10,253.2,3.4
2023-06-26 11:00:00,11,1094.9,4.3
2023-06-26 12:00:00,12,1641.6,6.1
2023-06-26 13:00:00,13,1817.0,4.6
2023-06-26 14:00:00,14,2711.4,4.8
2023-06-26 15:00:00,15,3246.7,4.6
2023-06-26 16:00:00,16,3235.9,5.3
2023-06-26 17:00:00,17,2852.2,4.3
2023-06-26 18:00:00,18,2295.1,3.3
2023-06-26 19:00:00,19,1601.3,2.1
2023-06-26 20:00:00,20,737.3,1.6
2023-06-26 21:00:00,21,41.2,1.2
2023-06-26 22:00:00,22,,2.1
2023-06-26 23:00:00,23,,1.3
2023-06-27 00:00:00,0,,1.5
2023-06-27 01:00:00,1,,2.8
2023-06-27 02:00:00,2,,3.6
2023-06-27 03:00:00,3,,3.2
2023-06-27 04:00:00,4,,5.0
2023-06-27 05:00:00,5,,2.5
2023-06-27 06:00:00,6,,1.6
2023-06-27 07:00:00,7,,2.5
2023-06-27 08:00:00,8,,2.1
2023-06-27 09:00:00,9,,2.8
2023-06-27 10:00:00,10,186.7,3.6
2023-06-27 11:00:00,11,961.8,3.8
2023-06-27 12:00:00,12,1535.3,4.9
2023-06-27 13:00:00,13,1851.6,4.5
2023-06-27 14:00:00,14,2659.0,4.1
2023-06-27 15:00:00,15,3213.0,3.9
2023-06-27 16:00:00,16,3144.6,3.6
2023-06-27 17:00:00,17,2603.9,2.9
2023-06-27 18:00:00,18,1777.7,3.1
2023-06-27 19:00:00,19,1085.8,2.6
2023-06-27 20:00:00,20,370.2,0.0
2023-06-27 21:00:00,21,36.6,2.0
2023-06-27 22:00:00,22,,1.9
2023-06-27 23:00:00,23,,3.7
2023-06-28 00:00:00,0,,3.7
2023-06-28 01:00:00,1,,3.6
2023-06-28 02:00:00,2,,4.0
2023-06-28 03:00:00,3,,4.6
2023-06-28 04:00:00,4,,4.1
2023-06-28 05:00:00,5,,3.5
2023-06-28 06:00:00,6,,3.8
2023-06-28 07:00:00,7,,4.2
2023-06-28 08:00:00,8,,3.8
2023-06-28 09:00:00,9,,3.1
2023-06-28 10:00:00,10,114.9,2.7
2023-06-28 11:00:00,11,575.1,4.0
2023-06-28 12:00:00,12,1478.8,4.7
2023-06-28 13:00:00,13,1865.9,4.0
2023-06-28 14:00:00,14,2647.1,4.3
2023-06-28 15:00:00,15,3133.2,3.3
2023-06-28 16:00:00,16,3183.2,2.6
2023-06-28 17:00:00,17,2849.3,1.6
2023-06-28 18:00:00,18,2279.2,1.2
2023-06-28 19:00:00,19,1584.0,0.0
2023-06-28 20:00:00,20,773.2,0.0
2023-06-28 21:00:00,21,53.8,0.0
2023-06-28 22:00:00,22,,3.2
2023-06-28 23:00:00,23,,3.1
2023-06-29 00:00:00,0,,2.9
2023-06-29 01:00:00,1,,4.1
2023-06-29 02:00:00,2,,3.6
2023-06-29 03:00:00,3,,3.7
2023-06-29 04:00:00,4,,2.9
2023-06-29 05:00:00,5,,3.8
2023-06-29 06:00:00,6,,3.6
2023-06-29 07:00:00,7,,2.0
2023-06-29 08:00:00,8,,3.0
2023-06-29 09:00:00,9,,1.9
2023-06-29 10:00:00,10,207.1,2.6
2023-06-29 11:00:00,11,943.8,4.3
2023-06-29 12:00:00,12,1504.2,4.2
2023-06-29 13:00:00,13,1813.6,4.4
2023-06-29 14:00:00,14,2621.2,4.4
2023-06-29 15:00:00,15,3135.4,4.2
2023-06-29 16:00:00,16,3201.1,4.1
2023-06-29 17:00:00,17,2871.3,3.3
2023-06-29 18:00:00,18,2299.7,2.4
2023-06-29 19:00:00,19,1579.8,1.9
2023-06-29 20:00:00,20,703.9,0.0
2023-06-29 21:00:00,21,39.3,0.0
2023-06-29 22:00:00,22,,0.0
2023-06-29 23:00:00,23,,0.5
2023-06-30 00:00:00,0,,2.9
2023-06-30 01:00:00,1,,2.9
2023-06-30 02:00:00,2,,3.0
2023-06-30 03:00:00,3,,2.7
2023-06-30 04:00:00,4,,4.0
2023-06-30 05:00:00,5,,4.6
2023-06-30 06:00:00,6,,4.5
2023-06-30 07:00:00,7,,4.4
2023-06-30 08:00:00,8,,2.5
2023-06-30 09:00:00,9,,4.0
2023-06-30 10:00:00,10,212.5,3.9
2023-06-30 11:00:00,11,952.4,4.5
2023-06-30 12:00:00,12,1511.2,4.1
2023-06-30 13:00:00,13,1817.4,4.2
2023-06-30 14:00:00,14,2609.6,0.0
2023-06-30 15:00:00,15,3117.1,2.3
2023-06-30 16:00:00,16,3172.0,0.2
2023-06-30 17:00:00,17,2845.9,0.0
2023-06-30 18:00:00,18,2285.3,0.0
2023-06-30 19:00:00,19,1569.8,0.0
2023-06-30 20:00:00,20,710.1,0.0
2023-06-30 21:00:00,21,39.1,0.2
2023-06-30 22:00:00,22,,0.0
2023-06-30 23:00:00,23,,3.5
2023-07-01 00:00:00,0,,4.6
2023-07-01 01:00:00,1,,3.4
2023-07-01 02:00:00,2,,2.3
2023-07-01 03:00:00,3,,3.4
2023-07-01 04:00:00,4,,3.9
2023-07-01 05:00:00,5,,4.0
2023-07-01 06:00:00,6,,3.8
2023-07-01 07:00:00,7,,3.7
2023-07-01 08:00:00,8,,2.9
2023-07-01 09:00:00,9,,2.8
2023-07-01 10:00:00,10,211.9,4.3
2023-07-01 11:00:00,11,961.0,5.4
2023-07-01 12:00:00,12,1520.7,5.0
2023-07-01 13:00:00,13,1823.2,4.3
2023-07-01 14:00:00,14,2617.0,4.0
2023-07-01 15:00:00,15,3127.5,2.7
2023-07-01 16:00:00,16,3191.7,1.9
2023-07-01 17:00:00,17,2876.7,1.4
2023-07-01 18:00:00,18,2305.1,2.1
2023-07-01 19:00:00,19,1600.0,2.8
2023-07-01 20:00:00,20,729.2,3.0
2023-07-01 21:00:00,21,46.2,2.2
2023-07-01 22:00:00,22,,2.7
2023-07-01 23:00:00,23,,3.3
2023-07-02 00:00:00,0,,3.2
2023-07-02 01:00:00,1,,4.2
2023-07-02 02:00:00,2,,3.1
2023-07-02 03:00:00,3,,3.5
2023-07-02 04:00:00,4,,2.4
2023-07-02 05:00:00,5,,2.9
2023-07-02 06:00:00,6,,2.9
2023-07-02 07:00:00,7,,2.5
2023-07-02 08:00:00,8,,2.5
2023-07-02 09:00:00,9,,3.0
2023-07-02 10:00:00,10,224.2,2.7
2023-07-02 11:00:00,11,972.1,3.9
2023-07-02 12:00:00,12,1507.6,3.4
2023-07-02 13:00:00,13,1886.3,3.9
2023-07-02 14:00:00,14,2436.5,3.4
2023-07-02 15:00:00,15,3164.5,2.8
2023-07-02 16:00:00,16,3231.8,3.1
2023-07-02 17:00:00,17,2926.5,3.0
2023-07-02 18:00:00,18,2354.5,2.1
2023-07-02 19:00:00,19,1621.4,0.0
2023-07-02 20:00:00,20,731.5,0.0
2023-07-02 21:00:00,21,37.3,0.0
2023-07-02 22:00:00,22,,0.0
2023-07-02 23:00:00,23,,1.5
2023-07-03 00:00:00,0,,1.2
2023-07-03 01:00:00,1,,1.7
2023-07-03 02:00:00,2,,2.4
2023-07-03 03:00:00,3,,2.8
2023-07-03 04:00:00,4,,2.6
2023-07-03 05:00:00,5,,1.5
2023-07-03 06:00:00,6,,1.2
2023-07-03 07:00:00,7,,0.0
2023-07-03 08:00:00,8,,1.2
2023-07-03 09:00:00,9,,0.4
2023-07-03 10:00:00,10,181.3,0.3
2023-07-03 11:00:00,11,863.5,0.8
2023-07-03 12:00:00,12,1449.6,1.3
2023-07-03 13:00:00,13,1818.9,5.0
2023-07-03 14:00:00,14,2564.1,5.3
2023-07-03 15:00:00,15,3070.7,4.2
2023-07-03 16:00:00,16,3163.9,3.1
2023-07-03 17:00:00,17,2887.5,2.6
2023-07-03 18:00:00,18,2327.6,2.3
2023-07-03 19:00:00,19,1601.1,2.0
2023-07-03 20:00:00,20,717.0,0.0
2023-07-03 21:00:00,21,43.2,0.8
2023-07-03 22:00:00,22,,0.3
2023-07-03 23:00:00,23,,1.6
2023-07-04 00:00:00,0,,1.7
2023-07-04 01:00:00,1,,4.5
2023-07-04 02:00:00,2,,4.4
2023-07-04 03:00:00,3,,4.0
2023-07-04 04:00:00,4,,6.4
2023-07-04 05:00:00,5,,5.2
2023-07-04 06:00:00,6,,4.4
2023-07-04 07:00:00,7,,5.4
2023-07-04 08:00:00,8,,4.1
2023-07-04 09:00:00,9,,4.0
2023-07-04 10:00:00,10,210.2,3.9
2023-07-04 11:00:00,11,954.1,4.4
2023-07-04 12:00:00,12,1520.1,4.6
2023-07-04 13:00:00,13,1830.1,4.8
2023-07-04 14:00:00,14,2607.9,4.4
2023-07-04 15:00:00,15,3119.5,5.4
2023-07-04 16:00:00,16,3215.8,4.8
2023-07-04 17:00:00,17,2905.3,4.5
2023-07-04 18:00:00,18,2330.0,3.9
2023-07-04 19:00:00,19,1602.0,3.7
2023-07-04 20:00:00,20,741.3,3.8
2023-07-04 21:00:00,21,51.5,4.3
2023-07-04 22:00:00,22,,5.0
2023-07-04 23:00:00,23,,5.2
2023-07-05 00:00:00,0,,7.3
2023-07-05 01:00:00,1,,6.6
2023-07-05 02:00:00,2,,7.3
2023-07-05 03:00:00,3,,6.9
2023-07-05 04:00:00,4,,5.8
2023-07-05 05:00:00,5,,5.5
2023-07-05 06:00:00,6,,6.2
2023-07-05 07:00:00,7,,4.3
2023-07-05 08:00:00,8,,5.0
2023-07-05 09:00:00,9,,4.7
2023-07-05 10:00:00,10,206.3,5.7
2023-07-05 11:00:00,11,954.4,6.3
2023-07-05 12:00:00,12,1539.3,5.5
2023-07-05 13:00:00,13,1853.4,5.3
2023-07-05 14:00:00,14,2642.3,5.9
2023-07-05 15:00:00,15,3159.3,5.3
2023-07-05 16:00:00,16,3251.0,5.0
2023-07-05 17:00:00,17,2929.8,5.0
2023-07-05 18:00:00,18,2354.8,4.5
2023-07-05 19:00:00,19,1631.7,4.0
2023-07-05 20:00:00,20,754.4,4.3
2023-07-05 21:00:00,21,44.5,2.9
2023-07-05 22:00:00,22,,2.4
2023-07-05 23:00:00,23,,4.1
2023-07-06 00:00:00,0,,4.1
2023-07-06 01:00:00,1,,5.2
2023-07-06 02:00:00,2,,6.3
2023-07-06 03:00:00,3,,5.9
2023-07-06 04:00:00,4,,6.0
2023-07-06 05:00:00,5,,5.8
2023-07-06 06:00:00,6,,4.5
2023-07-06 07:00:00,7,,5.1
2023-07-06 08:00:00,8,,5.3
2023-07-06 09:00:00,9,,5.4
2023-07-06 10:00:00,10,189.0,5.3
2023-07-06 11:00:00,11,628.7,5.3
2023-07-06 12:00:00,12,1184.2,4.8
2023-07-06 13:00:00,13,1804.8,4.4
2023-07-06 14:00:00,14,2632.2,4.2
2023-07-06 15:00:00,15,3149.6,4.3
2023-07-06 16:00:00,16,3247.0,4.6
2023-07-06 17:00:00,17,2938.1,4.1
2023-07-06 18:00:00,18,2356.0,3.7
2023-07-06 19:00:00,19,1635.6,2.9
2023-07-06 20:00:00,20,762.6,1.6
2023-07-06 21:00:00,21,41.6,1.1
2023-07-06 22:00:00,22,,0.0
2023-07-06 23:00:00,23,,1.3
2023-07-07 00:00:00,0,,3.1
2023-07-07 01:00:00,1,,2.5
2023-07-07 02:00:00,2,,2.4
2023-07-07 03:00:00,3,,1.9
2023-07-07 04:00:00,4,,2.9
2023-07-07 05:00:00,5,,2.3
2023-07-07 06:00:00,6,,2.0
2023-07-07 07:00:00,7,,2.6
2023-07-07 08:00:00,8,,3.2
2023-07-07 09:00:00,9,,3.3
2023-07-07 10:00:00,10,216.6,3.5
2023-07-07 11:00:00,11,952.0,4.3
2023-07-07 12:00:00,12,1283.5,4.3
2023-07-07 13:00:00,13,1977.7,4.4
2023-07-07 14:00:00,14,2257.1,4.0
2023-07-07 15:00:00,15,3079.6,4.4
2023-07-07 16:00:00,16,3424.2,4.9
2023-07-07 17:00:00,17,2917.5,4.4
2023-07-07 18:00:00,18,2344.4,3.9
2023-07-07 19:00:00,19,1627.4,3.6
2023-07-07 20:00:00,20,767.0,3.1
2023-07-07 21:00:00,21,43.3,2.5
2023-07-07 22:00:00,22,,1.9
2023-07-07 23:00:00,23,,2.9
2023-07-08 00:00:00,0,,5.2
2023-07-08 01:00:00,1,,4.3
2023-07-08 02:00:00,2,,2.7
2023-07-08 03:00:00,3,,2.9
2023-07-08 04:00:00,4,,2.7
2023-07-08 05:00:00,5,,3.2
2023-07-08 06:00:00,6,,2.3
2023-07-08 07:00:00,7,,2.6
2023-07-08 08:00:00,8,,2.2
2023-07-08 09:00:00,9,,4.8
2023-07-08 10:00:00,10,144.4,4.8
2023-07-08 11:00:00,11,967.5,4.9
2023-07-08 12:00:00,12,1542.6,4.6
2023-07-08 13:00:00,13,1816.6,4.3
2023-07-08 14:00:00,14,2590.4,4.9
2023-07-08 15:00:00,15,3225.7,5.1
2023-07-08 16:00:00,16,3248.0,4.4
2023-07-08 17:00:00,17,2918.4,4.1
2023-07-08 18:00:00,18,2348.8,4.3
2023-07-08 19:00:00,19,1638.1,3.7
2023-07-08 20:00:00,20,770.0,2.5
2023-07-08 21:00:00,21,42.2,2.3
2023-07-08 22:00:00,22,,3.9
2023-07-08 23:00:00,23,,3.0
2023-07-09 00:00:00,0,,2.6
2023-07-09 01:00:00,1,,3.5
2023-07-09 02:00:00,2,,3.6
2023-07-09 03:00:00,3,,1.9
2023-07-09 04:00:00,4,,2.6
2023-07-09 05:00:00,5,,2.1
2023-07-09 06:00:00,6,,0.8
2023-07-09 07:00:00,7,,0.1
2023-07-09 08:00:00,8,,0.0
2023-07-09 09:00:00,9,,3.1
2023-07-09 10:00:00,10,212.0,3.1
2023-07-09 11:00:00,11,957.4,4.2
2023-07-09 12:00:00,12,1516.6,5.5
2023-07-09 13:00:00,13,1807.1,5.7
2023-07-09 14:00:00,14,2600.4,5.4
2023-07-09 15:00:00,15,3124.8,4.5
2023-07-09 16:00:00,16,3227.2,4.2
2023-07-09 17:00:00,17,2957.4,3.9
2023-07-09 18:00:00,18,2379.9,2.2
2023-07-09 19:00:00,19,1645.1,0.0
2023-07-09 20:00:00,20,717.2,2.3
2023-07-09 21:00:00,21,46.9,3.2
2023-07-09 22:00:00,22,,2.6
2023-07-09 23:00:00,23,,1.4
2023-07-10 00:00:00,0,,3.0
2023-07-10 01:00:00,1,,2.3
2023-07-10 02:00:00,2,,2.1
2023-07-10 03:00:00,3,,2.9
2023-07-10 04:00:00,4,,3.3
2023-07-10 05:00:00,5,,4.5
2023-07-10 06:00:00,6,,5.1
2023-07-10 07:00:00,7,,4.2
2023-07-10 08:00:00,8,,3.7
2023-07-10 09:00:00,9,,4.2
2023-07-10 10:00:00,10,207.8,4.0
2023-07-10 11:00:00,11,951.8,4.4
2023-07-10 12:00:00,12,1517.0,5.8
2023-07-10 13:00:00,13,1819.9,5.5
2023-07-10 14:00:00,14,2606.5,5.9
2023-07-10 15:00:00,15,3126.1,5.8
2023-07-10 16:00:00,16,3213.7,5.1
2023-07-10 17:00:00,17,2907.6,4.3
2023-07-10 18:00:00,18,2325.0,4.4
2023-07-10 19:00:00,19,1627.8,3.2
2023-07-10 20:00:00,20,768.6,2.7
2023-07-10 21:00:00,21,45.4,2.6
2023-07-10 22:00:00,22,,2.4
2023-07-10 23:00:00,23,,2.7
2023-07-11 00:00:00,0,,2.4
2023-07-11 01:00:00,1,,1.9
2023-07-11 02:00:00,2,,2.4
2023-07-11 03:00:00,3,,2.7
2023-07-11 04:00:00,4,,4.4
2023-07-11 05:00:00,5,,4.7
2023-07-11 06:00:00,6,,4.2
2023-07-11 07:00:00,7,,4.5
2023-07-11 08:00:00,8,,4.1
2023-07-11 09:00:00,9,,2.7
2023-07-11 10:00:00,10,208.1,3.6
2023-07-11 11:00:00,11,954.6,3.4
2023-07-11 12:00:00,12,1526.2,3.6
2023-07-11 13:00:00,13,1820.1,3.6
2023-07-11 14:00:00,14,2629.3,3.9
2023-07-11 15:00:00,15,3144.4,2.5
2023-07-11 16:00:00,16,3221.5,2.0
2023-07-11 17:00:00,17,2902.3,2.1
2023-07-11 18:00:00,18,2333.2,0.6
2023-07-11 19:00:00,19,1620.9,1.2
2023-07-11 20:00:00,20,754.1,1.0
2023-07-11 21:00:00,21,44.0,0.0
2023-07-11 22:00:00,22,,0.0
2023-07-11 23:00:00,23,,1.9
2023-07-12 00:00:00,0,,4.0
2023-07-12 01:00:00,1,,4.1
2023-07-12 02:00:00,2,,4.0
2023-07-12 03:00:00,3,,3.1
2023-07-12 04:00:00,4,,3.7
2023-07-12 05:00:00,5,,5.3
2023-07-12 06:00:00,6,,5.1
2023-07-12 07:00:00,7,,4.7
2023-07-12 08:00:00,8,,4.6
2023-07-12 09:00:00,9,,3.8
2023-07-12 10:00:00,10,200.8,3.8
2023-07-12 11:00:00,11,951.9,5.4
2023-07-12 12:00:00,12,1534.0,5.6
2023-07-12 13:00:00,13,1834.1,5.8
2023-07-12 14:00:00,14,2639.0,4.6
2023-07-12 15:00:00,15,3159.7,4.0
2023-07-12 16:00:00,16,3242.5,2.9
2023-07-12 17:00:00,17,2926.3,1.7
2023-07-12 18:00:00,18,2344.9,1.8
2023-07-12 19:00:00,19,1630.6,1.6
2023-07-12 20:00:00,20,749.8,0.0
2023-07-12 21:00:00,21,45.0,1.0
2023-07-12 22:00:00,22,,1.1
2023-07-12 23:00:00,23,,1.8
2023-07-13 00:00:00,0,,1.5
2023-07-13 01:00:00,1,,2.9
2023-07-13 02:00:00,2,,3.2
2023-07-13 03:00:00,3,,3.5
2023-07-13 04:00:00,4,,2.9
2023-07-13 05:00:00,5,,2.4
2023-07-13 06:00:00,6,,3.2
2023-07-13 07:00:00,7,,3.9
2023-07-13 08:00:00,8,,4.6
2023-07-13 09:00:00,9,,5.5
2023-07-13 10:00:00,10,206.5,5.2
2023-07-13 11:00:00,11,955.1,4.7
2023-07-13 12:00:00,12,1526.9,5.0
2023-07-13 13:00:00,13,1838.9,5.6
2023-07-13 14:00:00,14,2637.7,5.6
2023-07-13 15:00:00,15,3155.9,4.4
2023-07-13 16:00:00,16,3243.1,3.3
2023-07-13 17:00:00,17,2948.3,2.6
2023-07-13 18:00:00,18,2377.6,2.1
2023-07-13 19:00:00,19,1654.4,1.7
2023-07-13 20:00:00,20,750.0,1.8
2023-07-13 21:00:00,21,46.9,0.0
2023-07-13 22:00:00,22,,0.0
2023-07-13 23:00:00,23,,0.0
2023-07-14 00:00:00,0,,1.7
2023-07-14 01:00:00,1,,0.1
2023-07-14 02:00:00,2,,2.7
2023-07-14 03:00:00,3,,1.4
2023-07-14 04:00:00,4,,1.0
2023-07-14 05:00:00,5,,1.6
2023-07-14 06:00:00,6,,2.0
2023-07-14 07:00:00,7,,2.0
2023-07-14 08:00:00,8,,0.8
2023-07-14 09:00:00,9,,0.8
2023-07-14 10:00:00,10,201.7,0.6
2023-07-14 11:00:00,11,949.5,1.0
2023-07-14 12:00:00,12,1534.5,2.5
2023-07-14 13:00:00,13,1856.6,4.2
2023-07-14 14:00:00,14,2648.7,4.5
2023-07-14 15:00:00,15,3178.8,3.8
2023-07-14 16:00:00,16,3275.1,2.7
2023-07-14 17:00:00,17,2958.3,0.0
2023-07-14 18:00:00,18,2376.0,0.8
2023-07-14 19:00:00,19,1650.5,0.0
2023-07-14 20:00:00,20,746.7,0.0
2023-07-14 21:00:00,21,45.5,0.0
2023-07-14 22:00:00,22,,0.0
2023-07-14 23:00:00,23,,1.6
2023-07-15 00:00:00,0,,1.6
2023-07-15 01:00:00,1,,0.0
2023-07-15 02:00:00,2,,1.3
2023-07-15 03:00:00,3,,2.7
2023-07-15 04:00:00,4,,2.3
2023-07-15 05:00:00,5,,3.4
2023-07-15 06:00:00,6,,3.1
2023-07-15 07:00:00,7,,3.3
2023-07-15 08:00:00,8,,2.2
2023-07-15 09:00:00,9,,3.3
2023-07-15 10:00:00,10,206.3,0.7
2023-07-15 11:00:00,11,957.7,1.8
2023-07-15 12:00:00,12,1533.3,0.0
2023-07-15 13:00:00,13,1846.0,0.0
2023-07-15 14:00:00,14,2251.7,0.0
2023-07-15 15:00:00,15,3186.3,0.0
2023-07-15 16:00:00,16,3272.2,0.0
2023-07-15 17:00:00,17,2961.3,0.0
2023-07-15 18:00:00,18,2387.1,3.9
2023-07-15 19:00:00,19,1663.4,0.0
2023-07-15 20:00:00,20,737.0,3.7
2023-07-15 21:00:00,21,54.1,2.4
2023-07-15 22:00:00,22,,2.1
2023-07-15 23:00:00,23,,2.9
2023-07-16 00:00:00,0,,3.0
2023-07-16 01:00:00,1,,4.1
2023-07-16 02:00:00,2,,4.9
2023-07-16 03:00:00,3,,5.0
2023-07-16 04:00:00,4,,7.1
2023-07-16 05:00:00,5,,5.9
2023-07-16 06:00:00,6,,6.5
2023-07-16 07:00:00,7,,5.6
2023-07-16 08:00:00,8,,6.5
2023-07-16 09:00:00,9,,6.2
2023-07-16 10:00:00,10,215.4,5.8
2023-07-16 11:00:00,11,997.4,5.3
2023-07-16 12:00:00,12,1585.3,5.9
2023-07-16 13:00:00,13,1928.2,5.5
2023-07-16 14:00:00,14,2709.1,5.4
2023-07-16 15:00:00,15,3254.1,4.8
2023-07-16 16:00:00,16,3335.7,5.3
2023-07-16 17:00:00,17,3014.1,4.6
2023-07-16 18:00:00,18,2434.8,4.3
2023-07-16 19:00:00,19,1705.7,4.0
2023-07-16 20:00:00,20,750.2,3.6
2023-07-16 21:00:00,21,49.2,4.4
2023-07-16 22:00:00,22,,4.5
2023-07-16 23:00:00,23,,4.4
2023-07-17 00:00:00,0,,3.9
2023-07-17 01:00:00,1,,4.0
2023-07-17 02:00:00,2,,3.5
2023-07-17 03:00:00,3,,5.0
2023-07-17 04:00:00,4,,4.1
2023-07-17 05:00:00,5,,5.3
2023-07-17 06:00:00,6,,3.6
2023-07-17 07:00:00,7,,4.2
2023-07-17 08:00:00,8,,3.0
2023-07-17 09:00:00,9,,4.1
2023-07-17 10:00:00,10,217.5,3.9
2023-07-17 11:00:00,11,1007.2,5.3
2023-07-17 12:00:00,12,1590.6,5.4
2023-07-17 13:00:00,13,1933.8,5.6
2023-07-17 14:00:00,14,2697.9,4.8
2023-07-17 15:00:00,15,3247.3,4.2
2023-07-17 16:00:00,16,3327.4,3.5
2023-07-17 17:00:00,17,3021.6,3.8
2023-07-17 18:00:00,18,2451.9,3.5
2023-07-17 19:00:00,19,1705.6,3.3
2023-07-17 20:00:00,20,751.4,4.3
2023-07-17 21:00:00,21,49.6,4.1
2023-07-17 22:00:00,22,,2.7
2023-07-17 23:00:00,23,,2.5
2023-07-18 00:00:00,0,,3.8
2023-07-18 01:00:00,1,,3.2
2023-07-18 02:00:00,2,,3.0
2023-07-18 03:00:00,3,,4.0
2023-07-18 04:00:00,4,,4.5
2023-07-18 05:00:00,5,,6.2
2023-07-18 06:00:00,6,,5.2
2023-07-18 07:00:00,7,,3.6
2023-07-18 08:00:00,8,,4.4
2023-07-18 09:00:00,9,,4.6
2023-07-18 10:00:00,10,216.4,4.0
2023-07-18 11:00:00,11,998.9,4.0
2023-07-18 12:00:00,12,1573.8,5.6
2023-07-18 13:00:00,13,1932.2,5.7
2023-07-18 14:00:00,14,2699.3,4.6
2023-07-18 15:00:00,15,3239.0,4.8
2023-07-18 16:00:00,16,3315.7,3.4
2023-07-18 17:00:00,17,3013.0,3.3
2023-07-18 18:00:00,18,2426.2,1.9
2023-07-18 19:00:00,19,1685.5,0.0
2023-07-18 20:00:00,20,718.5,0.0
2023-07-18 21:00:00,21,46.9,1.9
2023-07-18 22:00:00,22,,1.0
2023-07-18 23:00:00,23,,2.4
2023-07-19 00:00:00,0,,2.1
2023-07-19 01:00:00,1,,2.8
2023-07-19 02:00:00,2,,2.5
2023-07-19 03:00:00,3,,3.8
2023-07-19 04:00:00,4,,3.8
2023-07-19 05:00:00,5,,6.9
2023-07-19 06:00:00,6,,6.9
2023-07-19 07:00:00,7,,2.7
2023-07-19 08:00:00,8,,3.4
2023-07-19 09:00:00,9,,2.5
2023-07-19 10:00:00,10,196.4,2.8
2023-07-19 11:00:00,11,962.3,3.1
2023-07-19 12:00:00,12,1558.7,3.5
2023-07-19 13:00:00,13,1922.2,3.9
2023-07-19 14:00:00,14,2683.4,4.2
2023-07-19 15:00:00,15,3219.4,4.5
2023-07-19 16:00:00,16,3306.8,4.0
2023-07-19 17:00:00,17,2989.4,4.3
2023-07-19 18:00:00,18,2405.0,4.2
2023-07-19 19:00:00,19,1673.4,3.9
2023-07-19 20:00:00,20,720.4,2.9
2023-07-19 21:00:00,21,55.7,4.1
2023-07-19 22:00:00,22,,2.9
2023-07-19 23:00:00,23,,3.2
2023-07-20 00:00:00,0,,3.6
2023-07-20 01:00:00,1,,3.0
2023-07-20 02:00:00,2,,5.4
2023-07-20 03:00:00,3,,5.7
2023-07-20 04:00:00,4,,6.5
2023-07-20 05:00:00,5,,6.8
2023-07-20 06:00:00,6,,5.2
2023-07-20 07:00:00,7,,5.3
2023-07-20 08:00:00,8,,5.9
2023-07-20 09:00:00,9,,7.2
2023-07-20 10:00:00,10,230.1,7.7
2023-07-20 11:00:00,11,1041.2,5.6
2023-07-20 12:00:00,12,1639.5,4.9
2023-07-20 13:00:00,13,1949.0,5.3
2023-07-20 14:00:00,14,2752.3,5.9
2023-07-20 15:00:00,15,3295.4,5.3
2023-07-20 16:00:00,16,3373.5,6.2
2023-07-20 17:00:00,17,3062.7,6.1
2023-07-20 18:00:00,18,2485.3,4.7
2023-07-20 19:00:00,19,1800.5,5.8
2023-07-20 20:00:00,20,762.8,3.4
2023-07-20 21:00:00,21,64.9,2.8
2023-07-20 22:00:00,22,,2.9
2023-07-20 23:00:00,23,,2.8
2023-07-21 00:00:00,0,,4.8
2023-07-21 01:00:00,1,,5.4
2023-07-21 02:00:00,2,,6.9
2023-07-21 03:00:00,3,,7.1
2023-07-21 04:00:00,4,,6.2
2023-07-21 05:00:00,5,,5.6
2023-07-21 06:00:00,6,,5.3
2023-07-21 07:00:00,7,,6.5
2023-07-21 08:00:00,8,,5.7
2023-07-21 09:00:00,9,,4.5
2023-07-21 10:00:00,10,216.0,4.8
2023-07-21 11:00:00,11,1012.0,5.7
2023-07-21 12:00:00,12,1624.0,6.5
2023-07-21 13:00:00,13,1976.3,6.6
2023-07-21 14:00:00,14,2754.8,6.4
2023-07-21 15:00:00,15,3303.7,5.7
2023-07-21 16:00:00,16,3397.0,5.8
2023-07-21 17:00:00,17,3075.2,5.2
2023-07-21 18:00:00,18,2489.5,5.3
2023-07-21 19:00:00,19,1746.7,4.7
2023-07-21 20:00:00,20,759.3,3.6
2023-07-21 21:00:00,21,64.1,2.2
2023-07-21 22:00:00,22,,5.1
2023-07-21 23:00:00,23,,6.0
2023-07-22 00:00:00,0,,4.0
2023-07-22 01:00:00,1,,4.5
2023-07-22 02:00:00,2,,3.4
2023-07-22 03:00:00,3,,5.5
2023-07-22 04:00:00,4,,4.4
2023-07-22 05:00:00,5,,4.7
2023-07-22 06:00:00,6,,4.6
2023-07-22 07:00:00,7,,5.8
2023-07-22 08:00:00,8,,5.9
2023-07-22 09:00:00,9,,6.3
2023-07-22 10:00:00,10,226.1,7.2
2023-07-22 11:00:00,11,1032.2,6.6
2023-07-22 12:00:00,12,1619.0,6.9
2023-07-22 13:00:00,13,1974.6,5.7
2023-07-22 14:00:00,14,2745.9,4.9
2023-07-22 15:00:00,15,3281.5,5.1
2023-07-22 16:00:00,16,3361.3,5.1
2023-07-22 17:00:00,17,3047.3,5.0
2023-07-22 18:00:00,18,2471.2,5.1
2023-07-22 19:00:00,19,1733.4,4.6
2023-07-22 20:00:00,20,738.2,4.1
2023-07-22 21:00:00,21,81.4,2.1
2023-07-22 22:00:00,22,,3.2
2023-07-22 23:00:00,23,,3.7
2023-07-23 00:00:00,0,,3.9
2023-07-23 01:00:00,1,,3.4
2023-07-23 02:00:00,2,,3.5
2023-07-23 03:00:00,3,,4.1
2023-07-23 04:00:00,4,,5.0
2023-07-23 05:00:00,5,,4.9
2023-07-23 06:00:00,6,,5.3
2023-07-23 07:00:00,7,,4.3
2023-07-23 08:00:00,8,,4.3
2023-07-23 09:00:00,9,,4.6
2023-07-23 10:00:00,10,235.0,4.2
2023-07-23 11:00:00,11,1004.2,4.2
2023-07-23 12:00:00,12,1610.7,5.1
2023-07-23 13:00:00,13,1965.6,4.9
2023-07-23 14:00:00,14,2743.9,5.3
2023-07-23 15:00:00,15,3295.5,5.2
2023-07-23 16:00:00,16,3375.9,4.9
2023-07-23 17:00:00,17,3053.4,4.8
2023-07-23 18:00:00,18,2468.0,4.7
2023-07-23 19:00:00,19,1732.5,4.6
2023-07-23 20:00:00,20,736.5,3.7
2023-07-23 21:00:00,21,62.9,2.9
2023-07-23 22:00:00,22,,2.2
2023-07-23 23:00:00,23,,3.3
2023-07-24 00:00:00,0,,3.0
2023-07-24 01:00:00,1,,3.0
2023-07-24 02:00:00,2,,2.9
2023-07-24 03:00:00,3,,5.2
2023-07-24 04:00:00,4,,5.2
2023-07-24 05:00:00,5,,5.4
2023-07-24 06:00:00,6,,4.9
2023-07-24 07:00:00,7,,4.9
2023-07-24 08:00:00,8,,4.7
2023-07-24 09:00:00,9,,4.7
2023-07-24 10:00:00,10,226.1,3.3
2023-07-24 11:00:00,11,1032.7,3.9
2023-07-24 12:00:00,12,1623.6,4.5
2023-07-24 13:00:00,13,1970.3,3.8
2023-07-24 14:00:00,14,2751.1,5.4
2023-07-24 15:00:00,15,3311.1,5.9
2023-07-24 16:00:00,16,3388.0,5.0
2023-07-24 17:00:00,17,3073.6,4.9
2023-07-24 18:00:00,18,2486.5,5.0
2023-07-24 19:00:00,19,1745.9,4.6
2023-07-24 20:00:00,20,748.5,4.0
2023-07-24 21:00:00,21,68.2,2.9
2023-07-24 22:00:00,22,,2.7
2023-07-24 23:00:00,23,,3.6
2023-07-25 00:00:00,0,,2.6
2023-07-25 01:00:00,1,,4.9
2023-07-25 02:00:00,2,,6.1
2023-07-25 03:00:00,3,,7.9
2023-07-25 04:00:00,4,,7.2
2023-07-25 05:00:00,5,,6.0
2023-07-25 06:00:00,6,,5.5
2023-07-25 07:00:00,7,,6.2
2023-07-25 08:00:00,8,,5.1
2023-07-25 09:00:00,9,,4.9
2023-07-25 10:00:00,10,233.7,4.7
2023-07-25 11:00:00,11,1044.8,4.8
2023-07-25 12:00:00,12,1625.2,4.7
2023-07-25 13:00:00,13,1985.0,4.3
2023-07-25 14:00:00,14,2771.2,4.4
2023-07-25 15:00:00,15,3318.1,4.9
2023-07-25 16:00:00,16,3392.5,4.1
2023-07-25 17:00:00,17,3074.3,4.1
2023-07-25 18:00:00,18,2500.4,4.1
2023-07-25 19:00:00,19,1759.8,3.7
2023-07-25 20:00:00,20,738.9,2.8
2023-07-25 21:00:00,21,67.2,2.9
2023-07-25 22:00:00,22,,3.1
2023-07-25 23:00:00,23,,2.6
2023-07-26 00:00:00,0,,2.8
2023-07-26 01:00:00,1,,3.8
2023-07-26 02:00:00,2,,3.4
2023-07-26 03:00:00,3,,2.7
2023-07-26 04:00:00,4,,3.1
2023-07-26 05:00:00,5,,3.7
2023-07-26 06:00:00,6,,4.7
2023-07-26 07:00:00,7,,4.4
2023-07-26 08:00:00,8,,3.1
2023-07-26 09:00:00,9,,3.4
2023-07-26 10:00:00,10,233.1,3.5
2023-07-26 11:00:00,11,1046.1,5.8
2023-07-26 12:00:00,12,1627.4,6.3
2023-07-26 13:00:00,13,1979.7,6.0
2023-07-26 14:00:00,14,2768.8,4.9
2023-07-26 15:00:00,15,3322.2,5.2
2023-07-26 16:00:00,16,3398.0,4.2
2023-07-26 17:00:00,17,3075.4,3.5
2023-07-26 18:00:00,18,2491.9,4.1
2023-07-26 19:00:00,19,1757.5,3.5
2023-07-26 20:00:00,20,716.5,2.9
2023-07-26 21:00:00,21,65.1,2.6
2023-07-26 22:00:00,22,,2.0
2023-07-26 23:00:00,23,,2.8
2023-07-27 00:00:00,0,,2.7
2023-07-27 01:00:00,1,,2.7
2023-07-27 02:00:00,2,,2.9
2023-07-27 03:00:00,3,,2.3
2023-07-27 04:00:00,4,,4.6
2023-07-27 05:00:00,5,,3.6
2023-07-27 06:00:00,6,,3.5
2023-07-27 07:00:00,7,,3.5
2023-07-27 08:00:00,8,,3.0
2023-07-27 09:00:00,9,,3.2
2023-07-27 10:00:00,10,231.6,1.7
2023-07-27 11:00:00,11,1033.1,2.1
2023-07-27 12:00:00,12,1623.2,4.7
2023-07-27 13:00:00,13,1988.4,5.7
2023-07-27 14:00:00,14,2782.5,5.5
2023-07-27 15:00:00,15,3345.9,4.1
2023-07-27 16:00:00,16,3417.6,4.0
2023-07-27 17:00:00,17,3114.2,4.6
2023-07-27 18:00:00,18,2538.6,4.0
2023-07-27 19:00:00,19,1801.4,3.1
2023-07-27 20:00:00,20,676.1,2.5
2023-07-27 21:00:00,21,58.0,2.9
2023-07-27 22:00:00,22,,1.9
2023-07-27 23:00:00,23,,3.1
2023-07-28 00:00:00,0,,2.9
2023-07-28 01:00:00,1,,3.7
2023-07-28 02:00:00,2,,3.5
2023-07-28 03:00:00,3,,3.6
2023-07-28 04:00:00,4,,4.2
2023-07-28 05:00:00,5,,3.1
2023-07-28 06:00:00,6,,3.1
2023-07-28 07:00:00,7,,1.9
2023-07-28 08:00:00,8,,3.3
2023-07-28 09:00:00,9,,3.9
2023-07-28 10:00:00,10,241.0,3.6
2023-07-28 11:00:00,11,1049.4,4.2
2023-07-28 12:00:00,12,1624.1,4.8
2023-07-28 13:00:00,13,1984.9,5.1
2023-07-28 14:00:00,14,2778.9,4.8
2023-07-28 15:00:00,15,3333.3,4.5
2023-07-28 16:00:00,16,3409.2,4.0
2023-07-28 17:00:00,17,3100.0,3.6
2023-07-28 18:00:00,18,2521.8,3.6
2023-07-28 19:00:00,19,1778.5,2.7
2023-07-28 20:00:00,20,684.8,1.8
2023-07-28 21:00:00,21,67.1,1.3
2023-07-28 22:00:00,22,,0.0
2023-07-28 23:00:00,23,,0.0
2023-07-29 00:00:00,0,,0.0
2023-07-29 01:00:00,1,,0.9
2023-07-29 02:00:00,2,,1.8
2023-07-29 03:00:00,3,,3.1
2023-07-29 04:00:00,4,,2.7
2023-07-29 05:00:00,5,,3.7
2023-07-29 06:00:00,6,,3.5
2023-07-29 07:00:00,7,,4.0
2023-07-29 08:00:00,8,,3.0
2023-07-29 09:00:00,9,,2.4
2023-07-29 10:00:00,10,226.0,3.6
2023-07-29 11:00:00,11,1027.5,4.8
2023-07-29 12:00:00,12,1606.2,4.5
2023-07-29 13:00:00,13,1966.2,6.0
2023-07-29 14:00:00,14,2747.3,5.2
2023-07-29 15:00:00,15,3292.4,4.3
2023-07-29 16:00:00,16,3365.5,4.6
2023-07-29 17:00:00,17,3046.0,3.6
2023-07-29 18:00:00,18,2478.7,3.1
2023-07-29 19:00:00,19,1734.9,2.9
2023-07-29 20:00:00,20,656.6,1.0
2023-07-29 21:00:00,21,66.9,0.9
2023-07-29 22:00:00,22,,0.7
2023-07-29 23:00:00,23,,1.4
2023-07-30 00:00:00,0,,1.5
2023-07-30 01:00:00,1,,2.9
2023-07-30 02:00:00,2,,2.6
2023-07-30 03:00:00,3,,3.7
2023-07-30 04:00:00,4,,4.2
2023-07-30 05:00:00,5,,4.4
2023-07-30 06:00:00,6,,4.7
2023-07-30 07:00:00,7,,3.2
2023-07-30 08:00:00,8,,3.6
2023-07-30 09:00:00,9,,4.3
2023-07-30 10:00:00,10,226.9,4.9
2023-07-30 11:00:00,11,1034.3,4.7
2023-07-30 12:00:00,12,1604.0,5.7
2023-07-30 13:00:00,13,1973.2,5.1
2023-07-30 14:00:00,14,2746.9,4.4
2023-07-30 15:00:00,15,3283.0,5.0
2023-07-30 16:00:00,16,3359.4,4.9
2023-07-30 17:00:00,17,3046.5,4.4
2023-07-30 18:00:00,18,2474.6,4.1
2023-07-30 19:00:00,19,1739.7,3.1
2023-07-30 20:00:00,20,669.9,2.3
2023-07-30 21:00:00,21,88.3,2.8
2023-07-30 22:00:00,22,,2.9
2023-07-30 23:00:00,23,,3.3
2023-07-31 00:00:00,0,,4.0
2023-07-31 01:00:00,1,,4.9
2023-07-31 02:00:00,2,,3.6
2023-07-31 03:00:00,3,,4.4
2023-07-31 04:00:00,4,,4.1
2023-07-31 05:00:00,5,,5.4
2023-07-31 06:00:00,6,,5.9
2023-07-31 07:00:00,7,,7.0
2023-07-31 08:00:00,8,,6.1
2023-07-31 09:00:00,9,,6.2
2023-07-31 10:00:00,10,236.4,5.7
2023-07-31 11:00:00,11,1061.3,5.6
2023-07-31 12:00:00,12,1644.5,5.9
2023-07-31 13:00:00,13,2012.3,5.2
2023-07-31 14:00:00,14,2803.7,4.8
2023-07-31 15:00:00,15,3346.7,5.3
2023-07-31 16:00:00,16,3399.8,4.9
2023-07-31 17:00:00,17,3076.7,6.1
2023-07-31 18:00:00,18,2500.2,5.2
2023-07-31 19:00:00,19,1765.6,4.1
2023-07-31 20:00:00,20,686.4,4.3
2023-07-31 21:00:00,21,94.3,4.0
2023-07-31 22:00:00,22,,2.9
2023-07-31 23:00:00,23,,3.6
2023-08-01 00:00:00,0,,3.5
2023-08-01 01:00:00,1,,3.1
2023-08-01 02:00:00,2,,6.0
2023-08-01 03:00:00,3,,6.1
2023-08-01 04:00:00,4,,5.2
2023-08-01 05:00:00,5,,5.9
2023-08-01 06:00:00,6,,5.3
2023-08-01 07:00:00,7,,5.7
2023-08-01 08:00:00,8,,4.7
2023-08-01 09:00:00,9,,4.6
2023-08-01 10:00:00,10,229.4,3.7
2023-08-01 11:00:00,11,1071.0,3.8
2023-08-01 12:00:00,12,1646.8,4.3
2023-08-01 13:00:00,13,2017.0,4.6
2023-08-01 14:00:00,14,2814.1,4.6
2023-08-01 15:00:00,15,3363.3,5.4
2023-08-01 16:00:00,16,3432.0,4.1
2023-08-01 17:00:00,17,3111.7,3.8
2023-08-01 18:00:00,18,2533.7,4.0
2023-08-01 19:00:00,19,1766.9,4.2
2023-08-01 20:00:00,20,711.6,3.4
2023-08-01 21:00:00,21,90.2,2.7
2023-08-01 22:00:00,22,,1.6
2023-08-01 23:00:00,23,,2.3
2023-08-02 00:00:00,0,,2.6
2023-08-02 01:00:00,1,,3.9
2023-08-02 02:00:00,2,,4.4
2023-08-02 03:00:00,3,,3.9
2023-08-02 04:00:00,4,,3.6
2023-08-02 05:00:00,5,,3.3
2023-08-02 06:00:00,6,,3.2
2023-08-02 07:00:00,7,,4.9
2023-08-02 08:00:00,8,,3.2
2023-08-02 09:00:00,9,,4.4
2023-08-02 10:00:00,10,351.5,4.2
2023-08-02 11:00:00,11,1263.4,4.4
2023-08-02 12:00:00,12,1683.7,5.1
2023-08-02 13:00:00,13,1756.2,4.6
2023-08-02 14:00:00,14,2624.9,5.6
2023-08-02 15:00:00,15,3422.0,5.3
2023-08-02 16:00:00,16,3448.8,5.2
2023-08-02 17:00:00,17,3141.1,4.8
2023-08-02 18:00:00,18,2557.5,4.6
2023-08-02 19:00:00,19,1683.6,4.5
2023-08-02 20:00:00,20,740.4,3.7
2023-08-02 21:00:00,21,106.7,3.6
2023-08-02 22:00:00,22,,4.4
2023-08-02 23:00:00,23,,3.3
2023-08-03 00:00:00,0,,5.0
2023-08-03 01:00:00,1,,4.0
2023-08-03 02:00:00,2,,5.1
2023-08-03 03:00:00,3,,5.6
2023-08-03 04:00:00,4,,5.3
2023-08-03 05:00:00,5,,5.4
2023-08-03 06:00:00,6,,4.8
2023-08-03 07:00:00,7,,4.7
2023-08-03 08:00:00,8,,5.4
2023-08-03 09:00:00,9,,4.7
2023-08-03 10:00:00,10,277.2,3.6
2023-08-03 11:00:00,11,820.3,3.7
2023-08-03 12:00:00,12,1292.5,4.4
2023-08-03 13:00:00,13,1692.1,5.2
2023-08-03 14:00:00,14,2192.2,5.9
2023-08-03 15:00:00,15,3210.9,6.0
2023-08-03 16:00:00,16,3238.1,5.4
2023-08-03 17:00:00,17,2765.4,5.1
2023-08-03 18:00:00,18,2464.7,4.0
2023-08-03 19:00:00,19,1666.1,4.0
2023-08-03 20:00:00,20,574.9,2.7
2023-08-03 21:00:00,21,90.6,2.5
2023-08-03 22:00:00,22,,3.6
2023-08-03 23:00:00,23,,4.7
2023-08-04 00:00:00,0,,3.9
2023-08-04 01:00:00,1,,3.5
2023-08-04 02:00:00,2,,2.9
2023-08-04 03:00:00,3,,3.3
2023-08-04 04:00:00,4,,3.8
2023-08-04 05:00:00,5,,4.5
2023-08-04 06:00:00,6,,4.8
2023-08-04 07:00:00,7,,3.1
2023-08-04 08:00:00,8,,4.1
2023-08-04 09:00:00,9,,3.4
2023-08-04 10:00:00,10,260.2,4.6
2023-08-04 11:00:00,11,1099.8,5.4
2023-08-04 12:00:00,12,1679.9,5.6
2023-08-04 13:00:00,13,2053.8,5.2
2023-08-04 14:00:00,14,2849.9,4.4
2023-08-04 15:00:00,15,3389.7,4.0
2023-08-04 16:00:00,16,3437.5,4.0
2023-08-04 17:00:00,17,3129.4,2.8
2023-08-04 18:00:00,18,2539.0,2.2
2023-08-04 19:00:00,19,1612.9,1.8
2023-08-04 20:00:00,20,889.8,0.0
2023-08-04 21:00:00,21,90.3,1.3
2023-08-04 22:00:00,22,,3.3
2023-08-04 23:00:00,23,,5.7
2023-08-05 00:00:00,0,,4.8
2023-08-05 01:00:00,1,,4.0
2023-08-05 02:00:00,2,,5.1
2023-08-05 03:00:00,3,,4.1
2023-08-05 04:00:00,4,,4.7
2023-08-05 05:00:00,5,,3.9
2023-08-05 06:00:00,6,,4.7
2023-08-05 07:00:00,7,,4.3
2023-08-05 08:00:00,8,,4.3
2023-08-05 09:00:00,9,,3.6
2023-08-05 10:00:00,10,261.3,4.0
2023-08-05 11:00:00,11,1113.4,4.3
2023-08-05 12:00:00,12,1685.2,4.2
2023-08-05 13:00:00,13,2072.5,5.8
2023-08-05 14:00:00,14,2883.1,5.9
2023-08-05 15:00:00,15,3412.2,3.8
2023-08-05 16:00:00,16,3440.9,3.0
2023-08-05 17:00:00,17,3111.9,2.2
2023-08-05 18:00:00,18,2532.2,1.4
2023-08-05 19:00:00,19,1626.7,1.6
2023-08-05 20:00:00,20,882.4,0.0
2023-08-05 21:00:00,21,89.6,0.2
2023-08-05 22:00:00,22,,0.4
2023-08-05 23:00:00,23,,2.1
2023-08-06 00:00:00,0,,3.7
2023-08-06 01:00:00,1,,4.2
2023-08-06 02:00:00,2,,3.2
2023-08-06 03:00:00,3,,4.6
2023-08-06 04:00:00,4,,3.8
2023-08-06 05:00:00,5,,4.0
2023-08-06 06:00:00,6,,5.4
2023-08-06 07:00:00,7,,4.6
2023-08-06 08:00:00,8,,4.5
2023-08-06 09:00:00,9,,4.3
2023-08-06 10:00:00,10,271.6,5.3
2023-08-06 11:00:00,11,1132.0,5.5
2023-08-06 12:00:00,12,1704.7,6.0
2023-08-06 13:00:00,13,2098.2,5.5
2023-08-06 14:00:00,14,2921.4,5.2
2023-08-06 15:00:00,15,3454.2,5.1
2023-08-06 16:00:00,16,3503.5,5.0
2023-08-06 17:00:00,17,3173.2,4.1
2023-08-06 18:00:00,18,2591.4,3.4
2023-08-06 19:00:00,19,1632.1,2.9
2023-08-06 20:00:00,20,910.7,1.6
2023-08-06 21:00:00,21,92.2,1.6
2023-08-06 22:00:00,22,,0.9
2023-08-06 23:00:00,23,,2.6
2023-08-07 00:00:00,0,,3.4
2023-08-07 01:00:00,1,,2.4
2023-08-07 02:00:00,2,,3.6
2023-08-07 03:00:00,3,,3.9
2023-08-07 04:00:00,4,,4.5
2023-08-07 05:00:00,5,,4.1
2023-08-07 06:00:00,6,,4.3
2023-08-07 07:00:00,7,,3.7
2023-08-07 08:00:00,8,,4.3
2023-08-07 09:00:00,9,,3.8
2023-08-07 10:00:00,10,268.3,4.1
2023-08-07 11:00:00,11,1132.6,4.6
2023-08-07 12:00:00,12,1698.2,5.1
2023-08-07 13:00:00,13,2089.3,5.9
2023-08-07 14:00:00,14,2906.4,5.1
2023-08-07 15:00:00,15,3424.5,4.8
2023-08-07 16:00:00,16,3462.8,4.1
2023-08-07 17:00:00,17,3141.5,4.0
2023-08-07 18:00:00,18,2563.9,3.8
2023-08-07 19:00:00,19,1632.8,3.3
2023-08-07 20:00:00,20,903.0,2.9
2023-08-07 21:00:00,21,97.0,2.7
2023-08-07 22:00:00,22,,2.8
2023-08-07 23:00:00,23,,3.3
2023-08-08 00:00:00,0,,5.5
2023-08-08 01:00:00,1,,3.9
2023-08-08 02:00:00,2,,3.3
2023-08-08 03:00:00,3,,3.4
2023-08-08 04:00:00,4,,3.5
2023-08-08 05:00:00,5,,3.5
2023-08-08 06:00:00,6,,5.3
2023-08-08 07:00:00,7,,4.4
2023-08-08 08:00:00,8,,3.6
2023-08-08 09:00:00,9,,3.3
2023-08-08 10:00:00,10,267.3,4.2
2023-08-08 11:00:00,11,1117.9,4.6
2023-08-08 12:00:00,12,1684.4,5.5
2023-08-08 13:00:00,13,2089.7,5.7
2023-08-08 14:00:00,14,2910.1,5.5
2023-08-08 15:00:00,15,3431.8,5.0
2023-08-08 16:00:00,16,3467.5,4.0
2023-08-08 17:00:00,17,3144.6,4.1
2023-08-08 18:00:00,18,2566.6,3.4
2023-08-08 19:00:00,19,1645.5,3.7
2023-08-08 20:00:00,20,917.7,3.4
2023-08-08 21:00:00,21,105.8,2.2
2023-08-08 22:00:00,22,,1.8
2023-08-08 23:00:00,23,,3.7
2023-08-09 00:00:00,0,,3.8
2023-08-09 01:00:00,1,,4.7
2023-08-09 02:00:00,2,,3.4
2023-08-09 03:00:00,3,,4.3
2023-08-09 04:00:00,4,,6.2
2023-08-09 05:00:00,5,,6.5
2023-08-09 06:00:00,6,,7.0
2023-08-09 07:00:00,7,,5.6
2023-08-09 08:00:00,8,,4.0
2023-08-09 09:00:00,9,,6.3
2023-08-09 10:00:00,10,293.2,6.7
2023-08-09 11:00:00,11,1178.6,5.5
2023-08-09 12:00:00,12,1751.8,6.1
2023-08-09 13:00:00,13,2145.9,6.5
2023-08-09 14:00:00,14,2966.0,5.4
2023-08-09 15:00:00,15,3487.9,4.9
2023-08-09 16:00:00,16,3533.9,6.0
2023-08-09 17:00:00,17,3213.7,5.1
2023-08-09 18:00:00,18,2616.6,4.9
2023-08-09 19:00:00,19,1670.3,4.8
2023-08-09 20:00:00,20,937.3,4.6
2023-08-09 21:00:00,21,114.5,3.9
2023-08-09 22:00:00,22,,3.3
2023-08-09 23:00:00,23,,4.1
2023-08-10 00:00:00,0,,4.8
2023-08-10 01:00:00,1,,3.3
2023-08-10 02:00:00,2,,2.8
2023-08-10 03:00:00,3,,4.9
2023-08-10 04:00:00,4,,4.6
2023-08-10 05:00:00,5,,4.5
2023-08-10 06:00:00,6,,4.2
2023-08-10 07:00:00,7,,3.9
2023-08-10 08:00:00,8,,4.3
2023-08-10 09:00:00,9,,3.8
2023-08-10 10:00:00,10,123.8,4.2
2023-08-10 11:00:00,11,1181.4,4.8
2023-08-10 12:00:00,12,1761.0,4.2
2023-08-10 13:00:00,13,2163.8,3.2
2023-08-10 14:00:00,14,2993.5,4.1
2023-08-10 15:00:00,15,3508.8,4.0
2023-08-10 16:00:00,16,3548.8,3.7
2023-08-10 17:00:00,17,3213.5,1.7
2023-08-10 18:00:00,18,2621.6,2.6
2023-08-10 19:00:00,19,1639.4,2.5
2023-08-10 20:00:00,20,931.3,0.0
2023-08-10 21:00:00,21,110.6,0.0
2023-08-10 22:00:00,22,,0.6
2023-08-10 23:00:00,23,,2.8
2023-08-11 00:00:00,0,,4.0
2023-08-11 01:00:00,1,,3.5
2023-08-11 02:00:00,2,,3.5
2023-08-11 03:00:00,3,,4.8
2023-08-11 04:00:00,4,,4.7
2023-08-11 05:00:00,5,,5.4
2023-08-11 06:00:00,6,,4.5
2023-08-11 07:00:00,7,,3.8
2023-08-11 08:00:00,8,,4.0
2023-08-11 09:00:00,9,,5.0
2023-08-11 10:00:00,10,302.8,3.9
2023-08-11 11:00:00,11,1186.8,3.8
2023-08-11 12:00:00,12,1754.3,3.5
2023-08-11 13:00:00,13,2170.9,2.2
2023-08-11 14:00:00,14,3002.8,2.2
2023-08-11 15:00:00,15,3508.4,2.3
2023-08-11 16:00:00,16,3557.1,2.0
2023-08-11 17:00:00,17,3242.0,2.0
2023-08-11 18:00:00,18,2634.6,2.9
2023-08-11 19:00:00,19,1576.2,2.8
2023-08-11 20:00:00,20,938.8,2.1
2023-08-11 21:00:00,21,120.9,1.9
2023-08-11 22:00:00,22,,2.0
2023-08-11 23:00:00,23,,3.0
2023-08-12 00:00:00,0,,3.8
2023-08-12 01:00:00,1,,4.3
2023-08-12 02:00:00,2,,4.5
2023-08-12 03:00:00,3,,3.8
2023-08-12 04:00:00,4,,4.5
2023-08-12 05:00:00,5,,5.2
2023-08-12 06:00:00,6,,6.3
2023-08-12 07:00:00,7,,5.2
2023-08-12 08:00:00,8,,6.1
2023-08-12 09:00:00,9,,5.9
2023-08-12 10:00:00,10,303.2,5.4
2023-08-12 11:00:00,11,1204.3,5.1
2023-08-12 12:00:00,12,1766.6,5.7
2023-08-12 13:00:00,13,2198.7,6.0
2023-08-12 14:00:00,14,3039.1,5.7
2023-08-12 15:00:00,15,3542.8,5.1
2023-08-12 16:00:00,16,3569.2,4.8
2023-08-12 17:00:00,17,3235.1,4.6
2023-08-12 18:00:00,18,2638.9,4.1
2023-08-12 19:00:00,19,1594.0,1.9
2023-08-12 20:00:00,20,943.3,3.9
2023-08-12 21:00:00,21,133.1,3.2
2023-08-12 22:00:00,22,,2.9
2023-08-12 23:00:00,23,,3.2
2023-08-13 00:00:00,0,,4.2
2023-08-13 01:00:00,1,,4.5
2023-08-13 02:00:00,2,,3.9
2023-08-13 03:00:00,3,,2.9
2023-08-13 04:00:00,4,,5.0
2023-08-13 05:00:00,5,,4.9
2023-08-13 06:00:00,6,,4.5
2023-08-13 07:00:00,7,,4.2
2023-08-13 08:00:00,8,,4.6
2023-08-13 09:00:00,9,,4.4
2023-08-13 10:00:00,10,309.0,4.5
2023-08-13 11:00:00,11,1206.3,4.8
2023-08-13 12:00:00,12,1779.0,4.4
2023-08-13 13:00:00,13,2213.8,4.7
2023-08-13 14:00:00,14,3055.9,4.7
2023-08-13 15:00:00,15,3562.3,5.7
2023-08-13 16:00:00,16,3601.2,5.2
2023-08-13 17:00:00,17,3290.4,4.5
2023-08-13 18:00:00,18,2689.6,4.0
2023-08-13 19:00:00,19,1647.2,3.6
2023-08-13 20:00:00,20,957.7,2.7
2023-08-13 21:00:00,21,124.5,2.2
2023-08-13 22:00:00,22,,1.7
2023-08-13 23:00:00,23,,3.1
2023-08-14 00:00:00,0,,3.0
2023-08-14 01:00:00,1,,3.0
2023-08-14 02:00:00,2,,4.6
2023-08-14 03:00:00,3,,6.9
2023-08-14 04:00:00,4,,6.1
2023-08-14 05:00:00,5,,6.9
2023-08-14 06:00:00,6,,5.7
2023-08-14 07:00:00,7,,4.4
2023-08-14 08:00:00,8,,5.8
2023-08-14 09:00:00,9,,5.7
2023-08-14 10:00:00,10,118.1,5.1
2023-08-14 11:00:00,11,1147.4,5.9
2023-08-14 12:00:00,12,1786.5,5.6
2023-08-14 13:00:00,13,2221.7,5.2
2023-08-14 14:00:00,14,3057.8,4.9
2023-08-14 15:00:00,15,3545.4,4.9
2023-08-14 16:00:00,16,3568.8,5.2
2023-08-14 17:00:00,17,3239.5,4.9
2023-08-14 18:00:00,18,2649.7,5.0
2023-08-14 19:00:00,19,1626.4,4.8
2023-08-14 20:00:00,20,820.4,4.2
2023-08-14 21:00:00,21,104.6,3.3
2023-08-14 22:00:00,22,,2.8
2023-08-14 23:00:00,23,,3.8
2023-08-15 00:00:00,0,,5.2
2023-08-15 01:00:00,1,,5.2
2023-08-15 02:00:00,2,,6.7
2023-08-15 03:00:00,3,,7.1
2023-08-15 04:00:00,4,,5.7
2023-08-15 05:00:00,5,,6.6
2023-08-15 06:00:00,6,,4.9
2023-08-15 07:00:00,7,,5.5
2023-08-15 08:00:00,8,,4.2
2023-08-15 09:00:00,9,,3.1
2023-08-15 10:00:00,10,431.6,3.4
2023-08-15 11:00:00,11,869.9,4.1
2023-08-15 12:00:00,12,1662.8,6.4
2023-08-15 13:00:00,13,2248.3,6.5
2023-08-15 14:00:00,14,3039.5,6.1
2023-08-15 15:00:00,15,3567.3,5.7
2023-08-15 16:00:00,16,3566.6,5.2
2023-08-15 17:00:00,17,3235.3,4.7
2023-08-15 18:00:00,18,2655.3,4.8
2023-08-15 19:00:00,19,1642.3,4.4
2023-08-15 20:00:00,20,960.8,4.2
2023-08-15 21:00:00,21,158.4,3.3
2023-08-15 22:00:00,22,,2.8
2023-08-15 23:00:00,23,,1.9
2023-08-16 00:00:00,0,,4.8
2023-08-16 01:00:00,1,,5.8
2023-08-16 02:00:00,2,,6.3
2023-08-16 03:00:00,3,,6.8
2023-08-16 04:00:00,4,,4.1
2023-08-16 05:00:00,5,,6.5
2023-08-16 06:00:00,6,,4.8
2023-08-16 07:00:00,7,,5.5
2023-08-16 08:00:00,8,,6.1
2023-08-16 09:00:00,9,,3.7
2023-08-16 10:00:00,10,322.0,3.9
2023-08-16 11:00:00,11,1231.3,5.4
2023-08-16 12:00:00,12,1807.7,5.8
2023-08-16 13:00:00,13,2244.9,5.9
2023-08-16 14:00:00,14,3075.3,6.2
2023-08-16 15:00:00,15,3557.2,6.1
2023-08-16 16:00:00,16,3567.1,5.6
2023-08-16 17:00:00,17,3244.1,5.1
2023-08-16 18:00:00,18,2664.3,4.9
2023-08-16 19:00:00,19,1537.3,4.8
2023-08-16 20:00:00,20,898.1,3.8
2023-08-16 21:00:00,21,168.6,3.2
2023-08-16 22:00:00,22,,3.0
2023-08-16 23:00:00,23,,6.9
2023-08-17 00:00:00,0,,3.9
2023-08-17 01:00:00,1,,4.0
2023-08-17 02:00:00,2,,5.4
2023-08-17 03:00:00,3,,5.9
2023-08-17 04:00:00,4,,7.3
2023-08-17 05:00:00,5,,6.5
2023-08-17 06:00:00,6,,5.4
2023-08-17 07:00:00,7,,3.8
2023-08-17 08:00:00,8,,3.2
2023-08-17 09:00:00,9,,4.5
2023-08-17 10:00:00,10,332.2,4.8
2023-08-17 11:00:00,11,894.5,3.7
2023-08-17 12:00:00,12,1546.9,4.5
2023-08-17 13:00:00,13,2255.3,4.2
2023-08-17 14:00:00,14,3092.3,4.8
2023-08-17 15:00:00,15,3573.4,5.5
2023-08-17 16:00:00,16,3582.0,4.9
2023-08-17 17:00:00,17,3254.0,4.8
2023-08-17 18:00:00,18,2667.4,4.1
2023-08-17 19:00:00,19,1570.5,4.3
2023-08-17 20:00:00,20,963.2,3.3
2023-08-17 21:00:00,21,166.0,2.9
2023-08-17 22:00:00,22,,1.9
2023-08-17 23:00:00,23,,3.5
2023-08-18 00:00:00,0,,2.0
2023-08-18 01:00:00,1,,3.1
2023-08-18 02:00:00,2,,3.5
2023-08-18 03:00:00,3,,4.2
2023-08-18 04:00:00,4,,6.0
2023-08-18 05:00:00,5,,3.3
2023-08-18 06:00:00,6,,3.0
2023-08-18 07:00:00,7,,2.7
2023-08-18 08:00:00,8,,3.1
2023-08-18 09:00:00,9,,3.0
2023-08-18 10:00:00,10,297.8,3.6
2023-08-18 11:00:00,11,1112.3,5.1
2023-08-18 12:00:00,12,1805.5,5.2
2023-08-18 13:00:00,13,2302.5,5.6
2023-08-18 14:00:00,14,3099.6,4.7
2023-08-18 15:00:00,15,3534.9,4.9
2023-08-18 16:00:00,16,3567.2,4.2
2023-08-18 17:00:00,17,3243.4,3.8
2023-08-18 18:00:00,18,2658.8,4.0
2023-08-18 19:00:00,19,1676.9,3.8
2023-08-18 20:00:00,20,948.0,2.9
2023-08-18 21:00:00,21,170.4,2.4
2023-08-18 22:00:00,22,,2.2
2023-08-18 23:00:00,23,,1.8
2023-08-19 00:00:00,0,,3.7
2023-08-19 01:00:00,1,,4.4
2023-08-19 02:00:00,2,,3.7
2023-08-19 03:00:00,3,,3.6
2023-08-19 04:00:00,4,,3.1
2023-08-19 05:00:00,5,,3.8
2023-08-19 06:00:00,6,,4.1
2023-08-19 07:00:00,7,,4.1
2023-08-19 08:00:00,8,,2.1
2023-08-19 09:00:00,9,,3.6
2023-08-19 10:00:00,10,330.3,4.8
2023-08-19 11:00:00,11,1238.1,5.7
2023-08-19 12:00:00,12,1799.7,7.6
2023-08-19 13:00:00,13,2271.7,7.1
2023-08-19 14:00:00,14,3104.2,6.0
2023-08-19 15:00:00,15,3565.5,5.7
2023-08-19 16:00:00,16,3565.2,4.9
2023-08-19 17:00:00,17,3237.9,4.7
2023-08-19 18:00:00,18,2652.5,4.0
2023-08-19 19:00:00,19,1767.0,2.7
2023-08-19 20:00:00,20,958.0,1.6
2023-08-19 21:00:00,21,159.6,1.7
2023-08-19 22:00:00,22,,1.7
2023-08-19 23:00:00,23,,0.0
2023-08-20 00:00:00,0,,2.3
2023-08-20 01:00:00,1,,2.3
2023-08-20 02:00:00,2,,2.8
2023-08-20 03:00:00,3,,2.2
2023-08-20 04:00:00,4,,2.6
2023-08-20 05:00:00,5,,2.7
2023-08-20 06:00:00,6,,2.4
2023-08-20 07:00:00,7,,2.6
2023-08-20 08:00:00,8,,1.9
2023-08-20 09:00:00,9,,1.4
2023-08-20 10:00:00,10,165.5,3.6
2023-08-20 11:00:00,11,823.1,4.6
2023-08-20 12:00:00,12,1563.8,4.8
2023-08-20 13:00:00,13,2252.7,5.6
2023-08-20 14:00:00,14,3036.4,5.8
2023-08-20 15:00:00,15,3260.6,4.6
2023-08-20 16:00:00,16,3140.4,4.8
2023-08-20 17:00:00,17,3067.1,3.7
2023-08-20 18:00:00,18,2390.7,3.6
2023-08-20 19:00:00,19,1814.2,2.9
2023-08-20 20:00:00,20,736.7,3.0
2023-08-20 21:00:00,21,211.6,2.2
2023-08-20 22:00:00,22,,1.3
2023-08-20 23:00:00,23,,2.0
2023-08-21 00:00:00,0,,2.0
2023-08-21 01:00:00,1,,3.0
2023-08-21 02:00:00,2,,2.7
2023-08-21 03:00:00,3,,4.0
2023-08-21 04:00:00,4,,3.1
2023-08-21 05:00:00,5,,3.2
2023-08-21 06:00:00,6,,2.5
2023-08-21 07:00:00,7,,1.3
2023-08-21 08:00:00,8,,0.7
2023-08-21 09:00:00,9,,0.8
2023-08-21 10:00:00,10,339.8,0.9
2023-08-21 11:00:00,11,1243.3,4.7
2023-08-21 12:00:00,12,1803.0,5.5
2023-08-21 13:00:00,13,2293.1,6.2
2023-08-21 14:00:00,14,3134.0,5.3
2023-08-21 15:00:00,15,3581.8,5.2
2023-08-21 16:00:00,16,3601.8,4.1
2023-08-21 17:00:00,17,3274.2,3.9
2023-08-21 18:00:00,18,2664.6,3.5
2023-08-21 19:00:00,19,1832.0,3.1
2023-08-21 20:00:00,20,944.0,0.0
2023-08-21 21:00:00,21,151.9,1.7
2023-08-21 22:00:00,22,,0.0
2023-08-21 23:00:00,23,,1.4
2023-08-22 00:00:00,0,,4.1
2023-08-22 01:00:00,1,,2.5
2023-08-22 02:00:00,2,,2.9
2023-08-22 03:00:00,3,,4.5
2023-08-22 04:00:00,4,,4.2
2023-08-22 05:00:00,5,,2.8
2023-08-22 06:00:00,6,,2.7
2023-08-22 07:00:00,7,,3.0
2023-08-22 08:00:00,8,,2.6
2023-08-22 09:00:00,9,,5.8
2023-08-22 10:00:00,10,313.9,6.0
2023-08-22 11:00:00,11,1194.7,6.5
2023-08-22 12:00:00,12,1607.6,6.4
2023-08-22 13:00:00,13,2288.5,7.0
2023-08-22 14:00:00,14,3140.7,5.7
2023-08-22 15:00:00,15,3585.6,4.0
2023-08-22 16:00:00,16,3588.0,4.7
2023-08-22 17:00:00,17,3267.7,4.8
2023-08-22 18:00:00,18,2660.5,4.4
2023-08-22 19:00:00,19,1871.9,3.9
2023-08-22 20:00:00,20,958.5,3.3
2023-08-22 21:00:00,21,159.2,1.7
2023-08-22 22:00:00,22,,2.5
2023-08-22 23:00:00,23,,4.8
2023-08-23 00:00:00,0,,4.0
2023-08-23 01:00:00,1,,3.9
2023-08-23 02:00:00,2,,4.2
2023-08-23 03:00:00,3,,4.6
2023-08-23 04:00:00,4,,2.9
2023-08-23 05:00:00,5,,3.7
2023-08-23 06:00:00,6,,4.1
2023-08-23 07:00:00,7,,2.9
2023-08-23 08:00:00,8,,3.0
2023-08-23 09:00:00,9,,1.8
2023-08-23 10:00:00,10,339.2,3.2
2023-08-23 11:00:00,11,1246.1,5.2
2023-08-23 12:00:00,12,1806.6,7.0
2023-08-23 13:00:00,13,2315.9,7.2
2023-08-23 14:00:00,14,3149.4,6.4
2023-08-23 15:00:00,15,3593.5,4.6
2023-08-23 16:00:00,16,3608.6,5.2
2023-08-23 17:00:00,17,3271.7,4.7
2023-08-23 18:00:00,18,2666.2,3.8
2023-08-23 19:00:00,19,1842.8,3.8
2023-08-23 20:00:00,20,921.2,2.1
2023-08-23 21:00:00,21,148.2,1.8
2023-08-23 22:00:00,22,,2.7
2023-08-23 23:00:00,23,,1.4
2023-08-24 00:00:00,0,,1.2
2023-08-24 01:00:00,1,,1.9
2023-08-24 02:00:00,2,,3.7
2023-08-24 03:00:00,3,,3.0
2023-08-24 04:00:00,4,,3.4
2023-08-24 05:00:00,5,,4.3
2023-08-24 06:00:00,6,,2.9
2023-08-24 07:00:00,7,,2.2
2023-08-24 08:00:00,8,,2.2
2023-08-24 09:00:00,9,,1.7
2023-08-24 10:00:00,10,329.3,0.0
2023-08-24 11:00:00,11,1214.9,5.7
2023-08-24 12:00:00,12,1807.0,5.7
2023-08-24 13:00:00,13,2333.9,5.7
2023-08-24 14:00:00,14,3159.4,6.4
2023-08-24 15:00:00,15,3586.4,5.6
2023-08-24 16:00:00,16,3593.6,4.1
2023-08-24 17:00:00,17,3311.0,3.8
2023-08-24 18:00:00,18,2696.3,3.6
2023-08-24 19:00:00,19,1864.8,2.2
2023-08-24 20:00:00,20,937.1,1.9
2023-08-24 21:00:00,21,149.9,0.0
2023-08-24 22:00:00,22,,0.0
2023-08-24 23:00:00,23,,0.0
2023-08-25 00:00:00,0,,2.5
2023-08-25 01:00:00,1,,3.2
2023-08-25 02:00:00,2,,1.4
2023-08-25 03:00:00,3,,2.9
2023-08-25 04:00:00,4,,2.7
2023-08-25 05:00:00,5,,3.7
2023-08-25 06:00:00,6,,3.5
2023-08-25 07:00:00,7,,2.7
2023-08-25 08:00:00,8,,4.9
2023-08-25 09:00:00,9,,4.5
2023-08-25 10:00:00,10,332.4,1.7
2023-08-25 11:00:00,11,1235.2,4.7
2023-08-25 12:00:00,12,1807.9,5.1
2023-08-25 13:00:00,13,2353.8,5.2
2023-08-25 14:00:00,14,3181.1,5.4
2023-08-25 15:00:00,15,3606.1,5.2
2023-08-25 16:00:00,16,3602.8,4.6
2023-08-25 17:00:00,17,3286.9,3.8
2023-08-25 18:00:00,18,2679.4,2.9
2023-08-25 19:00:00,19,1843.9,2.9
2023-08-25 20:00:00,20,923.5,0.0
2023-08-25 21:00:00,21,146.9,0.0
2023-08-25 22:00:00,22,,0.0
2023-08-25 23:00:00,23,,0.0
2023-08-26 00:00:00,0,,0.0
2023-08-26 01:00:00,1,,0.0
2023-08-26 02:00:00,2,,0.0
2023-08-26 03:00:00,3,,0.0
2023-08-26 04:00:00,4,,0.0
2023-08-26 05:00:00,5,,0.0
2023-08-26 06:00:00,6,,0.0
2023-08-26 07:00:00,7,,0.0
2023-08-26 08:00:00,8,,0.0
2023-08-26 09:00:00,9,,0.0
2023-08-26 10:00:00,10,277.7,0.0
2023-08-26 11:00:00,11,1205.6,0.0
2023-08-26 12:00:00,12,1808.9,0.0
2023-08-26 13:00:00,13,2323.0,2.8
2023-08-26 14:00:00,14,3166.4,4.9
2023-08-26 15:00:00,15,3588.8,4.8
2023-08-26 16:00:00,16,3578.9,4.4
2023-08-26 17:00:00,17,3253.8,3.4
2023-08-26 18:00:00,18,2648.4,3.7
2023-08-26 19:00:00,19,1849.4,3.0
2023-08-26 20:00:00,20,931.7,2.7
2023-08-26 21:00:00,21,146.9,2.7
2023-08-26 22:00:00,22,,2.3
2023-08-26 23:00:00,23,,1.7
2023-08-27 00:00:00,0,,1.4
2023-08-27 01:00:00,1,,0.0
2023-08-27 02:00:00,2,,0.0
2023-08-27 03:00:00,3,,0.7
2023-08-27 04:00:00,4,,2.1
2023-08-27 05:00:00,5,,2.8
2023-08-27 06:00:00,6,,1.3
2023-08-27 07:00:00,7,,0.0
2023-08-27 08:00:00,8,,0.8
2023-08-27 09:00:00,9,,2.0
2023-08-27 10:00:00,10,336.7,1.2
2023-08-27 11:00:00,11,1191.1,2.8
2023-08-27 12:00:00,12,1773.2,4.1
2023-08-27 13:00:00,13,2339.6,5.3
2023-08-27 14:00:00,14,3154.4,5.0
2023-08-27 15:00:00,15,3550.0,4.1
2023-08-27 16:00:00,16,3546.4,4.0
2023-08-27 17:00:00,17,3194.5,3.6
2023-08-27 18:00:00,18,2573.7,3.2
2023-08-27 19:00:00,19,1769.4,4.0
2023-08-27 20:00:00,20,872.9,3.6
2023-08-27 21:00:00,21,115.0,2.9
2023-08-27 22:00:00,22,,0.7
2023-08-27 23:00:00,23,,0.0
2023-08-28 00:00:00,0,,0.1
2023-08-28 01:00:00,1,,3.2
2023-08-28 02:00:00,2,,2.1
2023-08-28 03:00:00,3,,0.9
2023-08-28 04:00:00,4,,0.0
2023-08-28 05:00:00,5,,1.3
2023-08-28 06:00:00,6,,1.8
2023-08-28 07:00:00,7,,1.6
2023-08-28 08:00:00,8,,2.9
2023-08-28 09:00:00,9,0.2,2.8
2023-08-28 10:00:00,10,328.5,2.9
2023-08-28 11:00:00,11,1176.7,5.7
2023-08-28 12:00:00,12,1767.9,6.5
2023-08-28 13:00:00,13,2361.8,6.6
2023-08-28 14:00:00,14,2969.5,7.0
2023-08-28 15:00:00,15,3532.8,6.3
2023-08-28 16:00:00,16,3505.4,6.5
2023-08-28 17:00:00,17,3186.0,5.9
2023-08-28 18:00:00,18,2571.3,5.2
2023-08-28 19:00:00,19,1767.4,5.0
2023-08-28 20:00:00,20,872.6,4.4
2023-08-28 21:00:00,21,134.9,3.9
2023-08-28 22:00:00,22,,2.0
2023-08-28 23:00:00,23,,2.1
2023-08-29 00:00:00,0,,0.0
2023-08-29 01:00:00,1,,0.0
2023-08-29 02:00:00,2,,0.0
2023-08-29 03:00:00,3,,0.8
2023-08-29 04:00:00,4,,3.2
2023-08-29 05:00:00,5,,1.9
2023-08-29 06:00:00,6,,1.6
2023-08-29 07:00:00,7,,1.3
2023-08-29 08:00:00,8,,1.6
2023-08-29 09:00:00,9,,2.8
2023-08-29 10:00:00,10,291.6,4.2
2023-08-29 11:00:00,11,1110.5,3.9
2023-08-29 12:00:00,12,1743.0,5.0
2023-08-29 13:00:00,13,2300.4,5.9
2023-08-29 14:00:00,14,3061.7,6.2
2023-08-29 15:00:00,15,3438.0,5.1
2023-08-29 16:00:00,16,3428.6,4.8
2023-08-29 17:00:00,17,3102.5,5.0
2023-08-29 18:00:00,18,2468.4,4.2
2023-08-29 19:00:00,19,1664.5,3.7
2023-08-29 20:00:00,20,780.4,2.3
2023-08-29 21:00:00,21,112.4,2.5
2023-08-29 22:00:00,22,,2.0
2023-08-29 23:00:00,23,,1.2
2023-08-30 00:00:00,0,,2.0
2023-08-30 01:00:00,1,,3.0
2023-08-30 02:00:00,2,,2.3
2023-08-30 03:00:00,3,,2.2
2023-08-30 04:00:00,4,,2.4
2023-08-30 05:00:00,5,,3.7
2023-08-30 06:00:00,6,,3.7
2023-08-30 07:00:00,7,,3.3
2023-08-30 08:00:00,8,,1.8
2023-08-30 09:00:00,9,0.4,1.5
2023-08-30 10:00:00,10,352.6,4.0
2023-08-30 11:00:00,11,1154.1,4.4
2023-08-30 12:00:00,12,1745.7,5.0
2023-08-30 13:00:00,13,2344.2,6.1
2023-08-30 14:00:00,14,3135.7,5.7
2023-08-30 15:00:00,15,3500.5,5.5
2023-08-30 16:00:00,16,3472.8,4.9
2023-08-30 17:00:00,17,3158.5,4.4
2023-08-30 18:00:00,18,2538.4,2.9
2023-08-30 19:00:00,19,1720.3,3.2
2023-08-30 20:00:00,20,825.9,1.9
2023-08-30 21:00:00,21,118.7,2.0
2023-08-30 22:00:00,22,,1.8
2023-08-30 23:00:00,23,,1.7
2023-08-31 00:00:00,0,,0.0
2023-08-31 01:00:00,1,,3.6
2023-08-31 02:00:00,2,,2.1
2023-08-31 03:00:00,3,,1.9
2023-08-31 04:00:00,4,,2.2
2023-08-31 05:00:00,5,,0.0
2023-08-31 06:00:00,6,,2.2
2023-08-31 07:00:00,7,,2.1
2023-08-31 08:00:00,8,,2.0
2023-08-31 09:00:00,9,0.1,1.5
2023-08-31 10:00:00,10,311.5,0.0
2023-08-31 11:00:00,11,1120.4,2.5
2023-08-31 12:00:00,12,1736.0,4.4
2023-08-31 13:00:00,13,2338.8,5.7
2023-08-31 14:00:00,14,3092.1,5.9
2023-08-31 15:00:00,15,3451.0,6.6
2023-08-31 16:00:00,16,3420.5,5.6
2023-08-31 17:00:00,17,3097.1,5.0
2023-08-31 18:00:00,18,2490.1,4.8
2023-08-31 19:00:00,19,1686.4,4.1
2023-08-31 20:00:00,20,802.1,3.2
2023-08-31 21:00:00,21,115.6,2.3
2023-08-31 22:00:00,22,,1.9
2023-08-31 23:00:00,23,,1.5
2023-09-01 00:00:00,0,,0.0
2023-09-01 01:00:00,1,,0.2
2023-09-01 02:00:00,2,,2.8
2023-09-01 03:00:00,3,,2.2
2023-09-01 04:00:00,4,,3.0
2023-09-01 05:00:00,5,,2.3
2023-09-01 06:00:00,6,,3.5
2023-09-01 07:00:00,7,,3.2
2023-09-01 08:00:00,8,,2.1
2023-09-01 09:00:00,9,0.9,4.7
2023-09-01 10:00:00,10,264.7,4.2
2023-09-01 11:00:00,11,1118.5,4.5
2023-09-01 12:00:00,12,1765.9,5.3
2023-09-01 13:00:00,13,2375.0,6.1
2023-09-01 14:00:00,14,3137.1,5.8
2023-09-01 15:00:00,15,3489.7,5.1
2023-09-01 16:00:00,16,3460.3,4.6
2023-09-01 17:00:00,17,3146.4,4.9
2023-09-01 18:00:00,18,2531.7,3.9
2023-09-01 19:00:00,19,1721.9,3.3
2023-09-01 20:00:00,20,832.9,2.6
2023-09-01 21:00:00,21,121.4,2.7
2023-09-01 22:00:00,22,,2.8
2023-09-01 23:00:00,23,,2.4
2023-09-02 00:00:00,0,,4.0
2023-09-02 01:00:00,1,,2.7
2023-09-02 02:00:00,2,,2.9
2023-09-02 03:00:00,3,,4.8
2023-09-02 04:00:00,4,,4.4
2023-09-02 05:00:00,5,,5.9
2023-09-02 06:00:00,6,,4.8
2023-09-02 07:00:00,7,,4.4
2023-09-02 08:00:00,8,,3.9
2023-09-02 09:00:00,9,2.3,2.6
2023-09-02 10:00:00,10,402.6,4.8
2023-09-02 11:00:00,11,1283.8,7.9
2023-09-02 12:00:00,12,1903.3,7.2
2023-09-02 13:00:00,13,2520.3,7.6
2023-09-02 14:00:00,14,3356.2,7.7
2023-09-02 15:00:00,15,3724.4,7.6
2023-09-02 16:00:00,16,3683.1,6.8
2023-09-02 17:00:00,17,3352.3,5.4
2023-09-02 18:00:00,18,2711.4,3.8
2023-09-02 19:00:00,19,1846.9,3.9
2023-09-02 20:00:00,20,913.5,3.9
2023-09-02 21:00:00,21,134.4,3.4
2023-09-02 22:00:00,22,,3.1
2023-09-02 23:00:00,23,,1.2
2023-09-03 00:00:00,0,,0.9
2023-09-03 01:00:00,1,,2.8
2023-09-03 02:00:00,2,,2.1
2023-09-03 03:00:00,3,,1.4
2023-09-03 04:00:00,4,,2.9
2023-09-03 05:00:00,5,,4.6
2023-09-03 06:00:00,6,,4.4
2023-09-03 07:00:00,7,,5.6
2023-09-03 08:00:00,8,,5.3
2023-09-03 09:00:00,9,2.5,5.1
2023-09-03 10:00:00,10,403.3,5.3
2023-09-03 11:00:00,11,1281.0,6.6
2023-09-03 12:00:00,12,1874.6,6.2
2023-09-03 13:00:00,13,2509.8,5.6
2023-09-03 14:00:00,14,3312.0,5.1
2023-09-03 15:00:00,15,3649.9,4.8
2023-09-03 16:00:00,16,3597.0,3.7
2023-09-03 17:00:00,17,3279.2,4.3
2023-09-03 18:00:00,18,2636.8,3.9
2023-09-03 19:00:00,19,1798.1,3.8
2023-09-03 20:00:00,20,893.0,2.5
2023-09-03 21:00:00,21,137.7,1.8
2023-09-03 22:00:00,22,,2.3
2023-09-03 23:00:00,23,,2.6
2023-09-04 00:00:00,0,,3.1
2023-09-04 01:00:00,1,,3.0
2023-09-04 02:00:00,2,,3.5
2023-09-04 03:00:00,3,,3.7
2023-09-04 04:00:00,4,,4.2
2023-09-04 05:00:00,5,,6.5
2023-09-04 06:00:00,6,,4.6
2023-09-04 07:00:00,7,,6.5
2023-09-04 08:00:00,8,,5.6
2023-09-04 09:00:00,9,2.5,5.1
2023-09-04 10:00:00,10,371.5,3.7
2023-09-04 11:00:00,11,1196.7,5.4
2023-09-04 12:00:00,12,1822.8,6.0
2023-09-04 13:00:00,13,2478.9,5.4
2023-09-04 14:00:00,14,3254.9,5.3
2023-09-04 15:00:00,15,3587.0,5.4
2023-09-04 16:00:00,16,3552.1,4.7
2023-09-04 17:00:00,17,3220.8,4.7
2023-09-04 18:00:00,18,2579.9,4.0
2023-09-04 19:00:00,19,1734.7,3.4
2023-09-04 20:00:00,20,844.3,2.5
2023-09-04 21:00:00,21,127.6,1.7
2023-09-04 22:00:00,22,,2.0
2023-09-04 23:00:00,23,,1.8
2023-09-05 00:00:00,0,,2.0
2023-09-05 01:00:00,1,,2.7
2023-09-05 02:00:00,2,,2.6
2023-09-05 03:00:00,3,,2.9
2023-09-05 04:00:00,4,,4.1
2023-09-05 05:00:00,5,,4.8
2023-09-05 06:00:00,6,,4.7
2023-09-05 07:00:00,7,,4.8
2023-09-05 08:00:00,8,,4.4
2023-09-05 09:00:00,9,3.1,4.3
2023-09-05 10:00:00,10,387.6,5.2
2023-09-05 11:00:00,11,1253.2,6.4
2023-09-05 12:00:00,12,1870.5,6.8
2023-09-05 13:00:00,13,2505.2,6.2
2023-09-05 14:00:00,14,3285.1,5.3
2023-09-05 15:00:00,15,3621.2,5.1
2023-09-05 16:00:00,16,3586.6,4.9
2023-09-05 17:00:00,17,3293.3,4.0
2023-09-05 18:00:00,18,2681.9,3.1
2023-09-05 19:00:00,19,1863.9,2.2
2023-09-05 20:00:00,20,934.9,2.2
2023-09-05 21:00:00,21,148.0,3.3
2023-09-05 22:00:00,22,,3.7
2023-09-05 23:00:00,23,,3.2
2023-09-06 00:00:00,0,,3.8
2023-09-06 01:00:00,1,,3.5
2023-09-06 02:00:00,2,,3.0
2023-09-06 03:00:00,3,,5.8
2023-09-06 04:00:00,4,,5.6
2023-09-06 05:00:00,5,,5.9
2023-09-06 06:00:00,6,,5.6
2023-09-06 07:00:00,7,,7.0
2023-09-06 08:00:00,8,,7.0
2023-09-06 09:00:00,9,3.8,7.7
2023-09-06 10:00:00,10,404.5,7.3
2023-09-06 11:00:00,11,1320.3,6.8
2023-09-06 12:00:00,12,1878.1,6.3
2023-09-06 13:00:00,13,2615.4,6.2
2023-09-06 14:00:00,14,3420.3,5.6
2023-09-06 15:00:00,15,3749.9,6.8
2023-09-06 16:00:00,16,3711.0,5.7
2023-09-06 17:00:00,17,3393.4,5.5
2023-09-06 18:00:00,18,2758.1,5.0
2023-09-06 19:00:00,19,1926.6,3.4
2023-09-06 20:00:00,20,977.7,3.4
2023-09-06 21:00:00,21,157.0,2.6
2023-09-06 22:00:00,22,,2.6
2023-09-06 23:00:00,23,,3.5
2023-09-07 00:00:00,0,,5.6
2023-09-07 01:00:00,1,,7.9
2023-09-07 02:00:00,2,,7.7
2023-09-07 03:00:00,3,,8.2
2023-09-07 04:00:00,4,,7.9
2023-09-07 05:00:00,5,,6.7
2023-09-07 06:00:00,6,,6.0
2023-09-07 07:00:00,7,,6.0
2023-09-07 08:00:00,8,,6.4
2023-09-07 09:00:00,9,4.3,3.2
2023-09-07 10:00:00,10,554.6,5.9
2023-09-07 11:00:00,11,1429.6,6.2
2023-09-07 12:00:00,12,1571.1,5.7
2023-09-07 13:00:00,13,2656.8,5.4
2023-09-07 14:00:00,14,3469.4,5.0
2023-09-07 15:00:00,15,3768.3,4.9
2023-09-07 16:00:00,16,3713.9,4.3
2023-09-07 17:00:00,17,3413.4,4.7
2023-09-07 18:00:00,18,2780.4,3.9
2023-09-07 19:00:00,19,1954.7,3.5
2023-09-07 20:00:00,20,1011.3,2.7
2023-09-07 21:00:00,21,167.0,2.7
2023-09-07 22:00:00,22,,3.3
2023-09-07 23:00:00,23,,5.7
2023-09-08 00:00:00,0,,5.8
2023-09-08 01:00:00,1,,6.8
2023-09-08 02:00:00,2,,6.9
2023-09-08 03:00:00,3,,6.8
2023-09-08 04:00:00,4,,6.0
2023-09-08 05:00:00,5,,6.0
2023-09-08 06:00:00,6,,4.8
2023-09-08 07:00:00,7,,3.5
2023-09-08 08:00:00,8,,4.2
2023-09-08 09:00:00,9,7.1,4.6
2023-09-08 10:00:00,10,514.4,5.2
2023-09-08 11:00:00,11,1393.8,6.3
2023-09-08 12:00:00,12,1991.7,6.2
2023-09-08 13:00:00,13,2677.5,5.5
2023-09-08 14:00:00,14,3482.1,4.9
2023-09-08 15:00:00,15,3768.7,5.1
2023-09-08 16:00:00,16,3702.0,4.6
2023-09-08 17:00:00,17,3389.4,4.7
2023-09-08 18:00:00,18,2760.5,4.4
2023-09-08 19:00:00,19,1938.0,3.7
2023-09-08 20:00:00,20,990.4,2.9
2023-09-08 21:00:00,21,158.5,2.0
2023-09-08 22:00:00,22,,4.5
2023-09-08 23:00:00,23,,3.2
2023-09-09 00:00:00,0,,3.1
2023-09-09 01:00:00,1,,3.0
2023-09-09 02:00:00,2,,4.0
2023-09-09 03:00:00,3,,6.4
2023-09-09 04:00:00,4,,5.5
2023-09-09 05:00:00,5,,5.4
2023-09-09 06:00:00,6,,6.1
2023-09-09 07:00:00,7,,4.8
2023-09-09 08:00:00,8,,5.5
2023-09-09 09:00:00,9,7.8,4.9
2023-09-09 10:00:00,10,414.8,4.6
2023-09-09 11:00:00,11,1331.8,5.3
2023-09-09 12:00:00,12,1995.7,5.5
2023-09-09 13:00:00,13,2683.1,5.4
2023-09-09 14:00:00,14,3490.3,5.5
2023-09-09 15:00:00,15,3781.4,4.3
2023-09-09 16:00:00,16,3715.1,3.5
2023-09-09 17:00:00,17,3395.6,2.4
2023-09-09 18:00:00,18,2742.5,2.0
2023-09-09 19:00:00,19,1908.7,0.0
2023-09-09 20:00:00,20,975.8,1.9
2023-09-09 21:00:00,21,150.6,1.9
2023-09-09 22:00:00,22,,2.1
2023-09-09 23:00:00,23,,2.7
2023-09-10 00:00:00,0,,4.0
2023-09-10 01:00:00,1,,4.0
2023-09-10 02:00:00,2,,2.9
2023-09-10 03:00:00,3,,4.2
2023-09-10 04:00:00,4,,5.7
2023-09-10 05:00:00,5,,6.3
2023-09-10 06:00:00,6,,5.1
2023-09-10 07:00:00,7,,5.3
2023-09-10 08:00:00,8,,5.7
2023-09-10 09:00:00,9,8.8,5.8
2023-09-10 10:00:00,10,540.2,4.8
2023-09-10 11:00:00,11,1395.9,5.8
2023-09-10 12:00:00,12,2024.8,5.6
2023-09-10 13:00:00,13,2725.4,5.7
2023-09-10 14:00:00,14,3536.5,6.0
2023-09-10 15:00:00,15,3813.0,5.7
2023-09-10 16:00:00,16,3735.6,4.7
2023-09-10 17:00:00,17,3421.5,4.7
2023-09-10 18:00:00,18,2758.0,3.9
2023-09-10 19:00:00,19,1931.4,3.8
2023-09-10 20:00:00,20,986.8,3.6
2023-09-10 21:00:00,21,160.0,3.2
2023-09-10 22:00:00,22,,2.5
2023-09-10 23:00:00,23,,5.0
2023-09-11 00:00:00,0,,5.0
2023-09-11 01:00:00,1,,5.1
2023-09-11 02:00:00,2,,4.2
2023-09-11 03:00:00,3,,5.7
2023-09-11 04:00:00,4,,4.4
2023-09-11 05:00:00,5,,4.2
2023-09-11 06:00:00,6,,4.7
2023-09-11 07:00:00,7,,3.5
2023-09-11 08:00:00,8,,4.9
2023-09-11 09:00:00,9,9.3,6.3
2023-09-11 10:00:00,10,563.2,5.6
2023-09-11 11:00:00,11,1436.0,6.9
2023-09-11 12:00:00,12,2055.9,7.4
2023-09-11 13:00:00,13,2751.5,6.4
2023-09-11 14:00:00,14,3530.9,6.6
2023-09-11 15:00:00,15,3799.9,6.4
2023-09-11 16:00:00,16,3733.4,6.3
2023-09-11 17:00:00,17,3425.2,5.4
2023-09-11 18:00:00,18,2766.8,4.6
2023-09-11 19:00:00,19,1934.9,3.7
2023-09-11 20:00:00,20,987.9,3.9
2023-09-11 21:00:00,21,160.7,5.2
2023-09-11 22:00:00,22,,3.8
2023-09-11 23:00:00,23,,4.3
2023-09-12 00:00:00,0,,4.0
2023-09-12 01:00:00,1,,4.3
2023-09-12 02:00:00,2,,4.7
2023-09-12 03:00:00,3,,5.0
2023-09-12 04:00:00,4,,4.9
2023-09-12 05:00:00,5,,4.7
2023-09-12 06:00:00,6,,4.5
2023-09-12 07:00:00,7,,4.2
2023-09-12 08:00:00,8,,3.3
2023-09-12 09:00:00,9,9.3,3.4
2023-09-12 10:00:00,10,497.4,3.6
2023-09-12 11:00:00,11,1273.4,6.5
2023-09-12 12:00:00,12,2048.8,6.5
2023-09-12 13:00:00,13,2758.9,5.9
2023-09-12 14:00:00,14,3553.0,6.3
2023-09-12 15:00:00,15,3818.2,4.8
2023-09-12 16:00:00,16,3750.3,4.3
2023-09-12 17:00:00,17,3450.7,4.0
2023-09-12 18:00:00,18,2792.6,4.0
2023-09-12 19:00:00,19,1935.8,3.2
2023-09-12 20:00:00,20,986.5,3.3
2023-09-12 21:00:00,21,157.6,2.7
2023-09-12 22:00:00,22,,1.9
2023-09-12 23:00:00,23,,2.8
2023-09-13 00:00:00,0,,3.7
2023-09-13 01:00:00,1,,4.6
2023-09-13 02:00:00,2,,4.2
2023-09-13 03:00:00,3,,4.9
2023-09-13 04:00:00,4,,4.7
2023-09-13 05:00:00,5,,3.2
2023-09-13 06:00:00,6,,4.1
2023-09-13 07:00:00,7,,3.9
2023-09-13 08:00:00,8,,5.5
2023-09-13 09:00:00,9,12.7,4.7
2023-09-13 10:00:00,10,540.3,4.2
2023-09-13 11:00:00,11,1401.6,5.2
2023-09-13 12:00:00,12,2044.7,6.1
2023-09-13 13:00:00,13,2755.2,5.5
2023-09-13 14:00:00,14,3488.3,4.6
2023-09-13 15:00:00,15,3852.3,4.0
2023-09-13 16:00:00,16,3756.5,3.2
2023-09-13 17:00:00,17,3429.2,3.5
2023-09-13 18:00:00,18,2753.7,2.4
2023-09-13 19:00:00,19,1886.0,0.9
2023-09-13 20:00:00,20,914.5,0.0
2023-09-13 21:00:00,21,127.3,0.9
2023-09-13 22:00:00,22,,0.0
2023-09-13 23:00:00,23,,0.0
2023-09-14 00:00:00,0,,3.4
2023-09-14 01:00:00,1,,4.3
2023-09-14 02:00:00,2,,4.3
2023-09-14 03:00:00,3,,6.8
2023-09-14 04:00:00,4,,5.9
2023-09-14 05:00:00,5,,3.9
2023-09-14 06:00:00,6,,5.4
2023-09-14 07:00:00,7,,4.8
2023-09-14 08:00:00,8,,4.1
2023-09-14 09:00:00,9,8.8,3.9
2023-09-14 10:00:00,10,444.0,4.9
2023-09-14 11:00:00,11,1250.8,4.5
2023-09-14 12:00:00,12,1922.0,4.7
2023-09-14 13:00:00,13,2654.0,5.0
2023-09-14 14:00:00,14,3405.6,4.7
2023-09-14 15:00:00,15,3653.3,4.0
2023-09-14 16:00:00,16,3587.5,3.2
2023-09-14 17:00:00,17,3243.4,2.5
2023-09-14 18:00:00,18,2549.9,2.1
2023-09-14 19:00:00,19,1713.5,2.1
2023-09-14 20:00:00,20,799.9,1.7
2023-09-14 21:00:00,21,108.9,1.1
2023-09-14 22:00:00,22,,1.9
2023-09-14 23:00:00,23,,2.1
2023-09-15 00:00:00,0,,3.1
2023-09-15 01:00:00,1,,4.0
2023-09-15 02:00:00,2,,2.5
2023-09-15 03:00:00,3,,2.7
2023-09-15 04:00:00,4,,3.0
2023-09-15 05:00:00,5,,2.8
2023-09-15 06:00:00,6,,3.1
2023-09-15 07:00:00,7,,3.3
2023-09-15 08:00:00,8,,1.7
2023-09-15 09:00:00,9,10.1,1.3
2023-09-15 10:00:00,10,471.8,1.6
2023-09-15 11:00:00,11,1291.0,3.4
2023-09-15 12:00:00,12,1988.9,4.9
2023-09-15 13:00:00,13,2746.4,5.0
2023-09-15 14:00:00,14,3504.8,5.3
2023-09-15 15:00:00,15,3785.2,5.1
2023-09-15 16:00:00,16,3716.9,4.9
2023-09-15 17:00:00,17,3371.5,4.3
2023-09-15 18:00:00,18,2663.7,4.0
2023-09-15 19:00:00,19,1820.9,2.6
2023-09-15 20:00:00,20,886.2,2.0
2023-09-15 21:00:00,21,133.5,2.3
2023-09-15 22:00:00,22,,2.9
2023-09-15 23:00:00,23,,4.0
2023-09-16 00:00:00,0,,5.6
2023-09-16 01:00:00,1,,6.3
2023-09-16 02:00:00,2,,5.2
2023-09-16 03:00:00,3,,4.5
2023-09-16 04:00:00,4,,3.5
2023-09-16 05:00:00,5,,4.2
2023-09-16 06:00:00,6,,3.6
2023-09-16 07:00:00,7,,3.8
2023-09-16 08:00:00,8,,4.4
2023-09-16 09:00:00,9,18.2,4.6
2023-09-16 10:00:00,10,558.5,6.0
2023-09-16 11:00:00,11,1386.5,6.5
2023-09-16 12:00:00,12,2060.0,6.3
2023-09-16 13:00:00,13,2809.2,5.7
2023-09-16 14:00:00,14,3597.3,5.7
2023-09-16 15:00:00,15,3827.2,5.0
2023-09-16 16:00:00,16,3732.5,5.0
2023-09-16 17:00:00,17,3425.3,5.0
2023-09-16 18:00:00,18,2761.9,3.8
2023-09-16 19:00:00,19,1921.4,3.5
2023-09-16 20:00:00,20,968.5,3.0
2023-09-16 21:00:00,21,149.0,2.9
2023-09-16 22:00:00,22,,3.6
2023-09-16 23:00:00,23,,3.8
2023-09-17 00:00:00,0,,3.0
2023-09-17 01:00:00,1,,4.1
2023-09-17 02:00:00,2,,4.5
2023-09-17 03:00:00,3,,3.4
2023-09-17 04:00:00,4,,5.9
2023-09-17 05:00:00,5,,6.6
2023-09-17 06:00:00,6,,7.6
2023-09-17 07:00:00,7,,6.2
2023-09-17 08:00:00,8,,4.3
2023-09-17 09:00:00,9,14.6,3.6
2023-09-17 10:00:00,10,541.9,3.4
2023-09-17 11:00:00,11,1285.4,4.0
2023-09-17 12:00:00,12,2031.7,5.6
2023-09-17 13:00:00,13,2787.2,4.5
2023-09-17 14:00:00,14,3570.0,4.6
2023-09-17 15:00:00,15,3819.8,4.3
2023-09-17 16:00:00,16,3701.3,4.4
2023-09-17 17:00:00,17,3330.0,4.9
2023-09-17 18:00:00,18,2589.3,3.7
2023-09-17 19:00:00,19,1737.3,3.1
2023-09-17 20:00:00,20,784.8,2.2
2023-09-17 21:00:00,21,103.3,3.1
2023-09-17 22:00:00,22,,2.8
2023-09-17 23:00:00,23,,4.6
2023-09-18 00:00:00,0,,5.0
2023-09-18 01:00:00,1,,3.8
2023-09-18 02:00:00,2,,4.0
2023-09-18 03:00:00,3,,6.4
2023-09-18 04:00:00,4,,6.6
2023-09-18 05:00:00,5,,5.5
2023-09-18 06:00:00,6,,4.5
2023-09-18 07:00:00,7,,4.8
2023-09-18 08:00:00,8,,5.2
2023-09-18 09:00:00,9,10.3,4.9
2023-09-18 10:00:00,10,317.9,4.1
2023-09-18 11:00:00,11,691.4,4.3
2023-09-18 12:00:00,12,1581.9,4.7
2023-09-18 13:00:00,13,2632.7,4.5
2023-09-18 14:00:00,14,3363.6,4.6
2023-09-18 15:00:00,15,3590.8,4.3
2023-09-18 16:00:00,16,3492.8,4.4
2023-09-18 17:00:00,17,3132.8,4.8
2023-09-18 18:00:00,18,2407.2,3.8
2023-09-18 19:00:00,19,1320.8,4.1
2023-09-18 20:00:00,20,612.9,5.5
2023-09-18 21:00:00,21,80.2,3.9
2023-09-18 22:00:00,22,,3.2
2023-09-18 23:00:00,23,,2.9
2023-09-19 00:00:00,0,,4.1
2023-09-19 01:00:00,1,,3.9
2023-09-19 02:00:00,2,,3.6
2023-09-19 03:00:00,3,,5.2
2023-09-19 04:00:00,4,,4.8
2023-09-19 05:00:00,5,,4.4
2023-09-19 06:00:00,6,,4.5
2023-09-19 07:00:00,7,,2.8
2023-09-19 08:00:00,8,,5.4
2023-09-19 09:00:00,9,17.4,4.8
2023-09-19 10:00:00,10,557.5,5.1
2023-09-19 11:00:00,11,1380.3,5.4
2023-09-19 12:00:00,12,2014.9,5.5
2023-09-19 13:00:00,13,2763.9,5.6
2023-09-19 14:00:00,14,3472.6,5.7
2023-09-19 15:00:00,15,3657.7,5.8
2023-09-19 16:00:00,16,3543.7,4.8
2023-09-19 17:00:00,17,3176.5,5.5
2023-09-19 18:00:00,18,2520.8,4.9
2023-09-19 19:00:00,19,1687.6,4.0
2023-09-19 20:00:00,20,785.8,4.1
2023-09-19 21:00:00,21,108.5,5.9
2023-09-19 22:00:00,22,,4.5
2023-09-19 23:00:00,23,,4.0
2023-09-20 00:00:00,0,,4.0
2023-09-20 01:00:00,1,,4.5
2023-09-20 02:00:00,2,,4.5
2023-09-20 03:00:00,3,,2.8
2023-09-20 04:00:00,4,,2.2
2023-09-20 05:00:00,5,,5.6
2023-09-20 06:00:00,6,,5.0
2023-09-20 07:00:00,7,,4.1
2023-09-20 08:00:00,8,,4.0
2023-09-20 09:00:00,9,14.6,4.8
2023-09-20 10:00:00,10,451.3,4.8
2023-09-20 11:00:00,11,1260.1,5.2
2023-09-20 12:00:00,12,1981.1,5.6
2023-09-20 13:00:00,13,2730.8,5.2
2023-09-20 14:00:00,14,3439.2,5.3
2023-09-20 15:00:00,15,3641.6,5.3
2023-09-20 16:00:00,16,3538.2,4.5
2023-09-20 17:00:00,17,3206.2,4.8
2023-09-20 18:00:00,18,2528.6,4.3
2023-09-20 19:00:00,19,1688.7,4.1
2023-09-20 20:00:00,20,778.2,3.6
2023-09-20 21:00:00,21,104.9,3.8
2023-09-20 22:00:00,22,,2.9
2023-09-20 23:00:00,23,,4.8
2023-09-21 00:00:00,0,,5.7
2023-09-21 01:00:00,1,,5.3
2023-09-21 02:00:00,2,,4.8
2023-09-21 03:00:00,3,,5.5
2023-09-21 04:00:00,4,,6.1
2023-09-21 05:00:00,5,,6.6
2023-09-21 06:00:00,6,,6.7
2023-09-21 07:00:00,7,,5.2
2023-09-21 08:00:00,8,,5.6
2023-09-21 09:00:00,9,15.6,4.4
2023-09-21 10:00:00,10,504.1,5.2
2023-09-21 11:00:00,11,1305.1,5.5
2023-09-21 12:00:00,12,2042.7,5.3
2023-09-21 13:00:00,13,2809.4,5.4
2023-09-21 14:00:00,14,3536.4,5.8
2023-09-21 15:00:00,15,3741.2,5.2
2023-09-21 16:00:00,16,3638.0,4.4
2023-09-21 17:00:00,17,3289.9,4.9
2023-09-21 18:00:00,18,2600.8,5.1
2023-09-21 19:00:00,19,1758.8,4.1
2023-09-21 20:00:00,20,839.6,3.6
2023-09-21 21:00:00,21,119.9,3.1
2023-09-21 22:00:00,22,,3.7
2023-09-21 23:00:00,23,,3.0
2023-09-22 00:00:00,0,,3.5
2023-09-22 01:00:00,1,,2.9
2023-09-22 02:00:00,2,,3.6
2023-09-22 03:00:00,3,,5.3
2023-09-22 04:00:00,4,,5.2
2023-09-22 05:00:00,5,,5.1
2023-09-22 06:00:00,6,,4.6
2023-09-22 07:00:00,7,,5.3
2023-09-22 08:00:00,8,,6.0
2023-09-22 09:00:00,9,19.7,4.9
2023-09-22 10:00:00,10,550.2,5.3
2023-09-22 11:00:00,11,1349.7,4.7
2023-09-22 12:00:00,12,2081.0,5.6
2023-09-22 13:00:00,13,2846.7,4.8
2023-09-22 14:00:00,14,3568.6,4.4
2023-09-22 15:00:00,15,3767.8,4.0
2023-09-22 16:00:00,16,3653.4,4.4
2023-09-22 17:00:00,17,3325.3,3.4
2023-09-22 18:00:00,18,2628.9,2.3
2023-09-22 19:00:00,19,1787.8,2.5
2023-09-22 20:00:00,20,849.3,2.0
2023-09-22 21:00:00,21,114.4,0.0
2023-09-22 22:00:00,22,,0.0
2023-09-22 23:00:00,23,,0.0
2023-09-23 00:00:00,0,,1.6
2023-09-23 01:00:00,1,,3.5
2023-09-23 02:00:00,2,,2.0
2023-09-23 03:00:00,3,,1.8
2023-09-23 04:00:00,4,,2.4
2023-09-23 05:00:00,5,,4.2
2023-09-23 06:00:00,6,,3.5
2023-09-23 07:00:00,7,,3.6
2023-09-23 08:00:00,8,,5.6
2023-09-23 09:00:00,9,21.9,4.0
2023-09-23 10:00:00,10,556.8,2.7
2023-09-23 11:00:00,11,1346.0,2.9
2023-09-23 12:00:00,12,2095.9,6.3
2023-09-23 13:00:00,13,2872.3,7.2
2023-09-23 14:00:00,14,3589.0,7.1
2023-09-23 15:00:00,15,3761.4,6.0
2023-09-23 16:00:00,16,3654.7,5.8
2023-09-23 17:00:00,17,3343.8,4.8
2023-09-23 18:00:00,18,2679.3,4.3
2023-09-23 19:00:00,19,1840.9,3.7
2023-09-23 20:00:00,20,902.4,3.1
2023-09-23 21:00:00,21,131.0,2.5
2023-09-23 22:00:00,22,,3.4
2023-09-23 23:00:00,23,,1.6
2023-09-24 00:00:00,0,,2.5
2023-09-24 01:00:00,1,,2.7
2023-09-24 02:00:00,2,,2.0
2023-09-24 03:00:00,3,,4.3
2023-09-24 04:00:00,4,,3.2
2023-09-24 05:00:00,5,,3.6
2023-09-24 06:00:00,6,,5.0
2023-09-24 07:00:00,7,,4.3
2023-09-24 08:00:00,8,,4.5
2023-09-24 09:00:00,9,27.1,2.3
2023-09-24 10:00:00,10,633.2,4.9
2023-09-24 11:00:00,11,1404.9,4.9
2023-09-24 12:00:00,12,2139.9,6.0
2023-09-24 13:00:00,13,2905.1,6.1
2023-09-24 14:00:00,14,3632.6,6.6
2023-09-24 15:00:00,15,3812.4,6.1
2023-09-24 16:00:00,16,3706.8,5.0
2023-09-24 17:00:00,17,3399.5,4.0
2023-09-24 18:00:00,18,2733.7,4.2
2023-09-24 19:00:00,19,1892.7,3.8
2023-09-24 20:00:00,20,940.0,3.6
2023-09-24 21:00:00,21,138.2,2.3
2023-09-24 22:00:00,22,,2.3
2023-09-24 23:00:00,23,,2.4
2023-09-25 00:00:00,0,,1.8
2023-09-25 01:00:00,1,,2.4
2023-09-25 02:00:00,2,,1.7
2023-09-25 03:00:00,3,,2.2
2023-09-25 04:00:00,4,,1.3
2023-09-25 05:00:00,5,,3.1
2023-09-25 06:00:00,6,,4.4
2023-09-25 07:00:00,7,,2.9
2023-09-25 08:00:00,8,,3.4
2023-09-25 09:00:00,9,27.6,2.6
2023-09-25 10:00:00,10,600.9,2.1
2023-09-25 11:00:00,11,1364.6,5.8
2023-09-25 12:00:00,12,2116.5,5.2
2023-09-25 13:00:00,13,2843.0,5.3
2023-09-25 14:00:00,14,3559.2,4.8
2023-09-25 15:00:00,15,3726.6,4.6
2023-09-25 16:00:00,16,3640.4,4.7
2023-09-25 17:00:00,17,3326.8,4.7
2023-09-25 18:00:00,18,2650.4,4.0
2023-09-25 19:00:00,19,1818.7,4.3
2023-09-25 20:00:00,20,871.9,3.3
2023-09-25 21:00:00,21,126.4,2.6
2023-09-25 22:00:00,22,,2.2
2023-09-25 23:00:00,23,,2.2
2023-09-26 00:00:00,0,,1.8
2023-09-26 01:00:00,1,,2.0
2023-09-26 02:00:00,2,,3.0
2023-09-26 03:00:00,3,,1.1
2023-09-26 04:00:00,4,,2.3
2023-09-26 05:00:00,5,,1.9
2023-09-26 06:00:00,6,,2.3
2023-09-26 07:00:00,7,,2.5
2023-09-26 08:00:00,8,,3.7
2023-09-26 09:00:00,9,31.6,2.0
2023-09-26 10:00:00,10,441.6,2.8
2023-09-26 11:00:00,11,904.9,2.4
2023-09-26 12:00:00,12,2062.6,4.5
2023-09-26 13:00:00,13,2618.8,6.2
2023-09-26 14:00:00,14,3559.2,5.9
2023-09-26 15:00:00,15,3730.0,5.9
2023-09-26 16:00:00,16,3633.3,5.3
2023-09-26 17:00:00,17,3322.1,5.2
2023-09-26 18:00:00,18,2642.1,4.9
2023-09-26 19:00:00,19,1809.2,4.2
2023-09-26 20:00:00,20,871.9,3.9
2023-09-26 21:00:00,21,125.3,2.2
2023-09-26 22:00:00,22,,2.4
2023-09-26 23:00:00,23,,3.4
2023-09-27 00:00:00,0,,2.7
2023-09-27 01:00:00,1,,2.0
2023-09-27 02:00:00,2,,4.4
2023-09-27 03:00:00,3,,3.2
2023-09-27 04:00:00,4,,3.4
2023-09-27 05:00:00,5,,4.5
2023-09-27 06:00:00,6,,3.8
2023-09-27 07:00:00,7,,4.4
2023-09-27 08:00:00,8,,3.2
2023-09-27 09:00:00,9,15.0,2.5
2023-09-27 10:00:00,10,124.7,3.3
2023-09-27 11:00:00,11,482.2,3.9
2023-09-27 12:00:00,12,660.5,2.8
2023-09-27 13:00:00,13,2343.4,3.9
2023-09-27 14:00:00,14,2958.2,5.5
2023-09-27 15:00:00,15,3492.8,5.4
2023-09-27 16:00:00,16,3158.5,4.3
2023-09-27 17:00:00,17,3382.3,4.1
2023-09-27 18:00:00,18,2484.4,2.8
2023-09-27 19:00:00,19,1423.7,3.4
2023-09-27 20:00:00,20,656.4,2.2
2023-09-27 21:00:00,21,65.4,1.7
2023-09-27 22:00:00,22,,1.4
2023-09-27 23:00:00,23,,2.4
2023-09-28 00:00:00,0,,1.5
2023-09-28 01:00:00,1,,1.0
2023-09-28 02:00:00,2,,1.8
2023-09-28 03:00:00,3,,1.8
2023-09-28 04:00:00,4,,1.3
2023-09-28 05:00:00,5,,0.4
2023-09-28 06:00:00,6,,0.0
2023-09-28 07:00:00,7,,2.5
2023-09-28 08:00:00,8,,2.5
2023-09-28 09:00:00,9,33.9,2.5
2023-09-28 10:00:00,10,516.8,3.1
2023-09-28 11:00:00,11,1329.7,4.2
2023-09-28 12:00:00,12,1981.1,3.8
2023-09-28 13:00:00,13,2810.7,5.5
2023-09-28 14:00:00,14,3093.1,5.9
2023-09-28 15:00:00,15,3386.1,5.9
2023-09-28 16:00:00,16,3327.6,5.3
2023-09-28 17:00:00,17,2508.0,5.1
2023-09-28 18:00:00,18,2257.7,4.8
2023-09-28 19:00:00,19,1428.6,3.4
2023-09-28 20:00:00,20,560.3,2.5
2023-09-28 21:00:00,21,107.1,0.0
2023-09-28 22:00:00,22,,0.0
2023-09-28 23:00:00,23,,2.3
2023-09-29 00:00:00,0,,1.5
2023-09-29 01:00:00,1,,1.8
2023-09-29 02:00:00,2,,0.4
2023-09-29 03:00:00,3,,1.7
2023-09-29 04:00:00,4,,0.6
2023-09-29 05:00:00,5,,1.8
2023-09-29 06:00:00,6,,2.8
2023-09-29 07:00:00,7,,2.3
2023-09-29 08:00:00,8,,2.8
2023-09-29 09:00:00,9,41.8,2.3
2023-09-29 10:00:00,10,631.6,1.9
2023-09-29 11:00:00,11,1341.7,2.5
2023-09-29 12:00:00,12,2183.2,5.6
2023-09-29 13:00:00,13,2942.3,5.3
2023-09-29 14:00:00,14,3648.2,3.9
2023-09-29 15:00:00,15,3686.5,4.5
2023-09-29 16:00:00,16,3704.3,4.1
2023-09-29 17:00:00,17,3351.1,2.7
2023-09-29 18:00:00,18,2648.0,2.6
2023-09-29 19:00:00,19,1810.4,1.9
2023-09-29 20:00:00,20,872.9,1.6
2023-09-29 21:00:00,21,104.4,1.5
2023-09-29 22:00:00,22,,3.9
2023-09-29 23:00:00,23,,4.8
2023-09-30 00:00:00,0,,4.6
2023-09-30 01:00:00,1,,2.8
2023-09-30 02:00:00,2,,3.2
2023-09-30 03:00:00,3,,4.2
2023-09-30 04:00:00,4,,5.3
2023-09-30 05:00:00,5,,4.7
2023-09-30 06:00:00,6,,4.8
2023-09-30 07:00:00,7,,3.4
2023-09-30 08:00:00,8,,5.2
2023-09-30 09:00:00,9,45.4,4.9
2023-09-30 10:00:00,10,692.5,5.7
2023-09-30 11:00:00,11,1463.3,5.8
2023-09-30 12:00:00,12,2260.4,6.5
2023-09-30 13:00:00,13,3049.5,5.4
2023-09-30 14:00:00,14,3754.5,4.4
2023-09-30 15:00:00,15,3905.0,4.7
2023-09-30 16:00:00,16,3793.2,4.5
2023-09-30 17:00:00,17,3474.8,4.0
2023-09-30 18:00:00,18,2785.4,3.6
2023-09-30 19:00:00,19,1919.9,3.5
2023-09-30 20:00:00,20,937.7,2.1
2023-09-30 21:00:00,21,133.8,3.2
2023-09-30 22:00:00,22,,3.6
2023-09-30 23:00:00,23,,3.1
2023-10-01 00:00:00,0,,4.7
2023-10-01 01:00:00,1,,5.0
2023-10-01 02:00:00,2,,5.3
2023-10-01 03:00:00,3,,4.3
2023-10-01 04:00:00,4,,4.4
2023-10-01 05:00:00,5,,5.4
2023-10-01 06:00:00,6,,5.2
2023-10-01 07:00:00,7,,3.1
2023-10-01 08:00:00,8,,3.8
2023-10-01 09:00:00,9,49.7,4.9
2023-10-01 10:00:00,10,782.2,5.1
2023-10-01 11:00:00,11,1552.2,5.2
2023-10-01 12:00:00,12,2367.6,5.7
2023-10-01 13:00:00,13,3159.4,6.4
2023-10-01 14:00:00,14,3882.6,5.9
2023-10-01 15:00:00,15,4029.4,5.8
2023-10-01 16:00:00,16,3919.7,5.2
2023-10-01 17:00:00,17,3605.9,4.6
2023-10-01 18:00:00,18,2870.3,3.7
2023-10-01 19:00:00,19,1981.7,3.2
2023-10-01 20:00:00,20,988.1,1.8
2023-10-01 21:00:00,21,143.2,2.0
2023-10-01 22:00:00,22,,2.6
2023-10-01 23:00:00,23,,1.7
2023-10-02 00:00:00,0,,1.5
2023-10-02 01:00:00,1,,2.0
2023-10-02 02:00:00,2,,3.3
2023-10-02 03:00:00,3,,2.5
2023-10-02 04:00:00,4,,3.3
2023-10-02 05:00:00,5,,4.6
2023-10-02 06:00:00,6,,4.7
2023-10-02 07:00:00,7,,6.2
2023-10-02 08:00:00,8,,5.2
2023-10-02 09:00:00,9,50.8,3.7
2023-10-02 10:00:00,10,749.2,4.6
2023-10-02 11:00:00,11,1498.8,3.5
2023-10-02 12:00:00,12,2294.6,4.1
2023-10-02 13:00:00,13,3080.1,6.1
2023-10-02 14:00:00,14,3788.4,6.9
2023-10-02 15:00:00,15,3923.2,6.3
2023-10-02 16:00:00,16,3791.6,6.5
2023-10-02 17:00:00,17,3487.5,5.8
2023-10-02 18:00:00,18,2795.0,3.9
2023-10-02 19:00:00,19,1902.0,3.3
2023-10-02 20:00:00,20,869.6,2.1
2023-10-02 21:00:00,21,128.7,1.7
2023-10-02 22:00:00,22,,2.1
2023-10-02 23:00:00,23,,1.8
2023-10-03 00:00:00,0,,2.0
2023-10-03 01:00:00,1,,2.3
2023-10-03 02:00:00,2,,0.5
2023-10-03 03:00:00,3,,3.3
2023-10-03 04:00:00,4,,1.8
2023-10-03 05:00:00,5,,3.7
2023-10-03 06:00:00,6,,3.9
2023-10-03 07:00:00,7,,1.7
2023-10-03 08:00:00,8,,2.4
2023-10-03 09:00:00,9,51.2,4.7
2023-10-03 10:00:00,10,663.5,3.6
2023-10-03 11:00:00,11,1563.0,6.4
2023-10-03 12:00:00,12,2323.9,6.2
2023-10-03 13:00:00,13,3114.7,6.1
2023-10-03 14:00:00,14,3724.1,6.2
2023-10-03 15:00:00,15,3837.2,6.1
2023-10-03 16:00:00,16,3711.2,6.1
2023-10-03 17:00:00,17,3412.0,5.5
2023-10-03 18:00:00,18,2725.8,4.9
2023-10-03 19:00:00,19,1733.0,3.8
2023-10-03 20:00:00,20,584.1,2.7
2023-10-03 21:00:00,21,161.2,1.4
2023-10-03 22:00:00,22,,1.8
2023-10-03 23:00:00,23,,2.2
2023-10-04 00:00:00,0,,2.0
2023-10-04 01:00:00,1,,1.4
2023-10-04 02:00:00,2,,2.4
2023-10-04 03:00:00,3,,2.4
2023-10-04 04:00:00,4,,2.5
2023-10-04 05:00:00,5,,3.2
2023-10-04 06:00:00,6,,3.4
2023-10-04 07:00:00,7,,3.6
2023-10-04 08:00:00,8,,4.4
2023-10-04 09:00:00,9,52.8,3.5
2023-10-04 10:00:00,10,692.7,5.9
2023-10-04 11:00:00,11,1369.6,4.2
2023-10-04 12:00:00,12,2231.5,4.9
2023-10-04 13:00:00,13,2148.2,4.7
2023-10-04 14:00:00,14,3682.5,7.1
2023-10-04 15:00:00,15,3794.6,6.5
2023-10-04 16:00:00,16,3673.7,6.6
2023-10-04 17:00:00,17,3346.9,6.0
2023-10-04 18:00:00,18,2657.8,4.1
2023-10-04 19:00:00,19,1827.2,3.2
2023-10-04 20:00:00,20,801.3,2.0
2023-10-04 21:00:00,21,50.3,2.1
2023-10-04 22:00:00,22,,1.5
2023-10-04 23:00:00,23,,0.0
2023-10-05 00:00:00,0,,1.9
2023-10-05 01:00:00,1,,3.6
2023-10-05 02:00:00,2,,3.3
2023-10-05 03:00:00,3,,2.6
2023-10-05 04:00:00,4,,3.1
2023-10-05 05:00:00,5,,3.4
2023-10-05 06:00:00,6,,3.6
2023-10-05 07:00:00,7,,3.0
2023-10-05 08:00:00,8,,3.6
2023-10-05 09:00:00,9,48.9,1.5
2023-10-05 10:00:00,10,697.3,1.3
2023-10-05 11:00:00,11,1490.9,6.1
2023-10-05 12:00:00,12,2296.0,6.5
2023-10-05 13:00:00,13,3026.8,7.2
2023-10-05 14:00:00,14,3664.2,7.0
2023-10-05 15:00:00,15,3769.7,5.4
2023-10-05 16:00:00,16,3669.4,4.9
2023-10-05 17:00:00,17,3344.9,4.0
2023-10-05 18:00:00,18,2648.6,3.4
2023-10-05 19:00:00,19,1814.4,3.3
2023-10-05 20:00:00,20,849.3,2.3
2023-10-05 21:00:00,21,111.7,1.8
2023-10-05 22:00:00,22,,2.6
2023-10-05 23:00:00,23,,1.8
2023-10-06 00:00:00,0,,1.1
2023-10-06 01:00:00,1,,2.8
2023-10-06 02:00:00,2,,2.7
2023-10-06 03:00:00,3,,1.9
2023-10-06 04:00:00,4,,3.3
2023-10-06 05:00:00,5,,3.0
2023-10-06 06:00:00,6,,2.6
2023-10-06 07:00:00,7,,3.8
2023-10-06 08:00:00,8,,3.0
2023-10-06 09:00:00,9,55.7,5.8
2023-10-06 10:00:00,10,747.5,6.1
2023-10-06 11:00:00,11,1500.3,6.9
2023-10-06 12:00:00,12,2310.8,8.3
2023-10-06 13:00:00,13,3065.8,7.3
2023-10-06 14:00:00,14,3720.9,8.0
2023-10-06 15:00:00,15,3835.9,7.3
2023-10-06 16:00:00,16,3720.5,6.4
2023-10-06 17:00:00,17,3425.4,4.8
2023-10-06 18:00:00,18,2753.7,4.0
2023-10-06 19:00:00,19,1907.0,3.5
2023-10-06 20:00:00,20,928.8,1.9
2023-10-06 21:00:00,21,136.9,2.5
2023-10-06 22:00:00,22,,2.8
2023-10-06 23:00:00,23,,3.5
2023-10-07 00:00:00,0,,3.3
2023-10-07 01:00:00,1,,3.6
2023-10-07 02:00:00,2,,3.2
2023-10-07 03:00:00,3,,3.3
2023-10-07 04:00:00,4,,4.7
2023-10-07 05:00:00,5,,5.2
2023-10-07 06:00:00,6,,5.3
2023-10-07 07:00:00,7,,2.9
2023-10-07 08:00:00,8,,5.1
2023-10-07 09:00:00,9,55.0,5.5
2023-10-07 10:00:00,10,740.6,5.0
2023-10-07 11:00:00,11,1494.6,6.7
2023-10-07 12:00:00,12,2324.4,7.7
2023-10-07 13:00:00,13,3076.7,7.1
2023-10-07 14:00:00,14,3722.9,6.6
2023-10-07 15:00:00,15,3831.8,5.6
2023-10-07 16:00:00,16,3704.5,4.9
2023-10-07 17:00:00,17,3401.1,4.8
2023-10-07 18:00:00,18,2744.3,4.9
2023-10-07 19:00:00,19,1888.6,4.4
2023-10-07 20:00:00,20,833.7,3.2
2023-10-07 21:00:00,21,138.3,2.9
2023-10-07 22:00:00,22,,2.2
2023-10-07 23:00:00,23,,2.9
2023-10-08 00:00:00,0,,2.6
2023-10-08 01:00:00,1,,4.3
2023-10-08 02:00:00,2,,3.0
2023-10-08 03:00:00,3,,5.1
2023-10-08 04:00:00,4,,5.8
2023-10-08 05:00:00,5,,5.5
2023-10-08 06:00:00,6,,5.4
2023-10-08 07:00:00,7,,5.1
2023-10-08 08:00:00,8,,1.6
2023-10-08 09:00:00,9,65.1,4.8
2023-10-08 10:00:00,10,809.6,4.0
2023-10-08 11:00:00,11,1544.5,4.4
2023-10-08 12:00:00,12,2355.2,6.1
2023-10-08 13:00:00,13,2928.6,6.5
2023-10-08 14:00:00,14,3767.2,6.8
2023-10-08 15:00:00,15,3874.3,6.5
2023-10-08 16:00:00,16,3752.4,5.7
2023-10-08 17:00:00,17,3461.5,5.4
2023-10-08 18:00:00,18,2774.7,4.5
2023-10-08 19:00:00,19,1912.7,4.3
2023-10-08 20:00:00,20,924.9,3.9
2023-10-08 21:00:00,21,126.2,4.5
2023-10-08 22:00:00,22,,3.5
2023-10-08 23:00:00,23,,4.1
2023-10-09 00:00:00,0,,1.9
2023-10-09 01:00:00,1,,2.7
2023-10-09 02:00:00,2,,5.2
2023-10-09 03:00:00,3,,4.8
2023-10-09 04:00:00,4,,5.0
2023-10-09 05:00:00,5,,4.2
2023-10-09 06:00:00,6,,3.8
2023-10-09 07:00:00,7,,4.9
2023-10-09 08:00:00,8,,2.6
2023-10-09 09:00:00,9,65.5,0.3
2023-10-09 10:00:00,10,787.6,2.2
2023-10-09 11:00:00,11,1530.1,5.3
2023-10-09 12:00:00,12,2316.9,5.9
2023-10-09 13:00:00,13,2976.9,5.7
2023-10-09 14:00:00,14,3000.3,6.8
2023-10-09 15:00:00,15,3852.7,6.5
2023-10-09 16:00:00,16,3723.2,5.9
2023-10-09 17:00:00,17,3450.7,4.9
2023-10-09 18:00:00,18,2588.8,3.2
2023-10-09 19:00:00,19,1863.8,2.8
2023-10-09 20:00:00,20,900.7,2.3
2023-10-09 21:00:00,21,132.0,2.2
2023-10-09 22:00:00,22,,0.0
2023-10-09 23:00:00,23,,2.6
2023-10-10 00:00:00,0,,1.8
2023-10-10 01:00:00,1,,0.6
2023-10-10 02:00:00,2,,2.0
2023-10-10 03:00:00,3,,2.5
2023-10-10 04:00:00,4,,2.3
2023-10-10 05:00:00,5,,3.0
2023-10-10 06:00:00,6,,1.1
2023-10-10 07:00:00,7,,1.8
2023-10-10 08:00:00,8,,4.7
2023-10-10 09:00:00,9,66.8,3.1
2023-10-10 10:00:00,10,783.7,4.1
2023-10-10 11:00:00,11,1512.7,5.8
2023-10-10 12:00:00,12,2357.6,6.5
2023-10-10 13:00:00,13,3107.9,6.4
2023-10-10 14:00:00,14,3756.6,5.7
2023-10-10 15:00:00,15,3863.3,5.0
2023-10-10 16:00:00,16,3720.2,3.4
2023-10-10 17:00:00,17,3412.6,2.8
2023-10-10 18:00:00,18,2723.3,1.5
2023-10-10 19:00:00,19,1874.5,1.9
2023-10-10 20:00:00,20,917.7,0.0
2023-10-10 21:00:00,21,132.6,0.7
2023-10-10 22:00:00,22,,3.2
2023-10-10 23:00:00,23,,5.7
2023-10-11 00:00:00,0,,4.3
2023-10-11 01:00:00,1,,4.0
2023-10-11 02:00:00,2,,3.1
2023-10-11 03:00:00,3,,3.4
2023-10-11 04:00:00,4,,5.6
2023-10-11 05:00:00,5,,6.8
2023-10-11 06:00:00,6,,6.0
2023-10-11 07:00:00,7,,5.9
2023-10-11 08:00:00,8,,5.4
2023-10-11 09:00:00,9,75.7,4.8
2023-10-11 10:00:00,10,850.4,5.6
2023-10-11 11:00:00,11,1583.0,5.5
2023-10-11 12:00:00,12,2439.3,5.6
2023-10-11 13:00:00,13,3216.4,5.3
2023-10-11 14:00:00,14,3867.1,4.8
2023-10-11 15:00:00,15,3956.8,4.7
2023-10-11 16:00:00,16,3831.8,3.7
2023-10-11 17:00:00,17,3543.3,3.6
2023-10-11 18:00:00,18,2819.2,2.5
2023-10-11 19:00:00,19,1953.7,2.3
2023-10-11 20:00:00,20,963.4,2.1
2023-10-11 21:00:00,21,142.1,2.3
2023-10-11 22:00:00,22,,3.5
2023-10-11 23:00:00,23,,3.4
2023-10-12 00:00:00,0,,3.6
2023-10-12 01:00:00,1,,3.4
2023-10-12 02:00:00,2,,2.0
2023-10-12 03:00:00,3,,4.0
2023-10-12 04:00:00,4,,4.2
2023-10-12 05:00:00,5,,4.5
2023-10-12 06:00:00,6,,4.4
2023-10-12 07:00:00,7,,5.4
2023-10-12 08:00:00,8,,4.8
2023-10-12 09:00:00,9,83.9,4.4
2023-10-12 10:00:00,10,877.5,4.8
2023-10-12 11:00:00,11,1594.2,5.2
2023-10-12 12:00:00,12,2447.8,6.7
2023-10-12 13:00:00,13,3200.8,6.6
2023-10-12 14:00:00,14,3842.6,6.6
2023-10-12 15:00:00,15,3932.4,5.3
2023-10-12 16:00:00,16,3794.0,4.8
2023-10-12 17:00:00,17,3514.1,4.1
2023-10-12 18:00:00,18,2819.3,2.5
2023-10-12 19:00:00,19,1878.5,2.2
2023-10-12 20:00:00,20,958.3,1.8
2023-10-12 21:00:00,21,141.5,1.6
2023-10-12 22:00:00,22,,2.0
2023-10-12 23:00:00,23,,1.7
2023-10-13 00:00:00,0,,2.6
2023-10-13 01:00:00,1,,1.7
2023-10-13 02:00:00,2,,2.2
2023-10-13 03:00:00,3,,2.1
2023-10-13 04:00:00,4,,3.7
2023-10-13 05:00:00,5,,1.5
2023-10-13 06:00:00,6,,1.6
2023-10-13 07:00:00,7,,2.2
2023-10-13 08:00:00,8,,3.4
2023-10-13 09:00:00,9,84.1,4.0
2023-10-13 10:00:00,10,853.5,1.8
2023-10-13 11:00:00,11,1564.3,4.2
2023-10-13 12:00:00,12,2414.0,6.3
2023-10-13 13:00:00,13,3160.1,7.3
2023-10-13 14:00:00,14,3787.0,6.9
2023-10-13 15:00:00,15,3876.9,6.4
2023-10-13 16:00:00,16,3736.4,5.7
2023-10-13 17:00:00,17,3460.1,4.8
2023-10-13 18:00:00,18,2776.4,3.8
2023-10-13 19:00:00,19,1761.0,2.8
2023-10-13 20:00:00,20,939.0,1.6
2023-10-13 21:00:00,21,137.9,3.0
2023-10-13 22:00:00,22,,1.7
2023-10-13 23:00:00,23,,2.6
2023-10-14 00:00:00,0,,2.1
2023-10-14 01:00:00,1,,2.9
2023-10-14 02:00:00,2,,2.7
2023-10-14 03:00:00,3,,3.0
2023-10-14 04:00:00,4,,3.1
2023-10-14 05:00:00,5,,1.7
2023-10-14 06:00:00,6,,3.2
2023-10-14 07:00:00,7,,3.2
2023-10-14 08:00:00,8,,3.1
2023-10-14 09:00:00,9,75.5,2.5
2023-10-14 10:00:00,10,819.6,5.7
2023-10-14 11:00:00,11,1563.4,6.8
2023-10-14 12:00:00,12,2376.7,7.3
2023-10-14 13:00:00,13,3115.0,7.3
2023-10-14 14:00:00,14,3744.1,5.5
2023-10-14 15:00:00,15,3848.6,4.8
2023-10-14 16:00:00,16,3694.7,4.9
2023-10-14 17:00:00,17,3409.8,4.5
2023-10-14 18:00:00,18,2732.8,2.9
2023-10-14 19:00:00,19,1602.3,2.6
2023-10-14 20:00:00,20,361.6,2.3
2023-10-14 21:00:00,21,59.3,2.6
2023-10-14 22:00:00,22,,3.3
2023-10-14 23:00:00,23,,3.1
2023-10-15 00:00:00,0,,2.3
2023-10-15 01:00:00,1,,3.0
2023-10-15 02:00:00,2,,3.5
2023-10-15 03:00:00,3,,4.8
2023-10-15 04:00:00,4,,6.9
2023-10-15 05:00:00,5,,5.8
2023-10-15 06:00:00,6,,6.1
2023-10-15 07:00:00,7,,5.9
2023-10-15 08:00:00,8,,7.4
2023-10-15 09:00:00,9,82.7,7.2
2023-10-15 10:00:00,10,856.4,6.4
2023-10-15 11:00:00,11,1448.6,7.0
2023-10-15 12:00:00,12,2395.8,7.1
2023-10-15 13:00:00,13,3180.5,6.2
2023-10-15 14:00:00,14,3804.7,6.2
2023-10-15 15:00:00,15,3902.6,6.0
2023-10-15 16:00:00,16,3756.2,5.7
2023-10-15 17:00:00,17,3466.0,5.4
2023-10-15 18:00:00,18,2627.2,4.5
2023-10-15 19:00:00,19,1653.4,4.9
2023-10-15 20:00:00,20,817.6,4.0
2023-10-15 21:00:00,21,113.8,3.0
2023-10-15 22:00:00,22,,3.3
2023-10-15 23:00:00,23,,3.2
2023-10-16 00:00:00,0,,3.2
2023-10-16 01:00:00,1,,4.1
2023-10-16 02:00:00,2,,2.5
2023-10-16 03:00:00,3,,3.5
2023-10-16 04:00:00,4,,6.4
2023-10-16 05:00:00,5,,6.7
2023-10-16 06:00:00,6,,7.1
2023-10-16 07:00:00,7,,7.7
2023-10-16 08:00:00,8,,6.4
2023-10-16 09:00:00,9,92.3,7.0
2023-10-16 10:00:00,10,897.8,6.8
2023-10-16 11:00:00,11,1626.1,6.5
2023-10-16 12:00:00,12,2490.0,5.9
2023-10-16 13:00:00,13,3245.7,5.2
2023-10-16 14:00:00,14,3865.3,5.6
2023-10-16 15:00:00,15,3967.5,5.5
2023-10-16 16:00:00,16,3820.4,4.9
2023-10-16 17:00:00,17,3534.3,5.3
2023-10-16 18:00:00,18,2849.0,4.7
2023-10-16 19:00:00,19,1830.4,3.8
2023-10-16 20:00:00,20,976.5,3.8
2023-10-16 21:00:00,21,148.7,4.1
2023-10-16 22:00:00,22,,2.5
2023-10-16 23:00:00,23,,2.9
2023-10-17 00:00:00,0,,2.7
2023-10-17 01:00:00,1,,4.2
2023-10-17 02:00:00,2,,4.1
2023-10-17 03:00:00,3,,3.1
2023-10-17 04:00:00,4,,3.6
2023-10-17 05:00:00,5,,7.1
2023-10-17 06:00:00,6,,5.1
2023-10-17 07:00:00,7,,6.4
2023-10-17 08:00:00,8,,5.2
2023-10-17 09:00:00,9,105.8,6.3
2023-10-17 10:00:00,10,919.5,6.2
2023-10-17 11:00:00,11,1693.0,5.0
2023-10-17 12:00:00,12,2554.0,5.1
2023-10-17 13:00:00,13,3302.1,5.2
2023-10-17 14:00:00,14,3933.9,5.4
2023-10-17 15:00:00,15,4038.5,5.4
2023-10-17 16:00:00,16,3862.4,4.9
2023-10-17 17:00:00,17,3568.1,5.4
2023-10-17 18:00:00,18,2865.1,4.8
2023-10-17 19:00:00,19,1926.3,4.5
2023-10-17 20:00:00,20,948.4,3.6
2023-10-17 21:00:00,21,150.9,3.0
2023-10-17 22:00:00,22,,4.3
2023-10-17 23:00:00,23,,1.9
2023-10-18 00:00:00,0,,2.0
2023-10-18 01:00:00,1,,3.2
2023-10-18 02:00:00,2,,2.9
2023-10-18 03:00:00,3,,4.3
2023-10-18 04:00:00,4,,6.2
2023-10-18 05:00:00,5,,7.5
2023-10-18 06:00:00,6,,6.9
2023-10-18 07:00:00,7,,4.7
2023-10-18 08:00:00,8,,4.0
2023-10-18 09:00:00,9,100.3,3.8
2023-10-18 10:00:00,10,924.9,5.4
2023-10-18 11:00:00,11,1650.9,6.1
2023-10-18 12:00:00,12,2523.4,6.7
2023-10-18 13:00:00,13,3269.8,5.3
2023-10-18 14:00:00,14,3807.0,4.7
2023-10-18 15:00:00,15,3929.0,3.5
2023-10-18 16:00:00,16,3751.8,2.4
2023-10-18 17:00:00,17,3510.7,1.6
2023-10-18 18:00:00,18,2832.7,0.0
2023-10-18 19:00:00,19,1940.2,0.6
2023-10-18 20:00:00,20,984.4,0.0
2023-10-18 21:00:00,21,134.3,1.5
2023-10-18 22:00:00,22,,1.4
2023-10-18 23:00:00,23,,2.3
2023-10-19 00:00:00,0,,1.8
2023-10-19 01:00:00,1,,2.8
2023-10-19 02:00:00,2,,2.6
2023-10-19 03:00:00,3,,2.3
2023-10-19 04:00:00,4,,2.2
2023-10-19 05:00:00,5,,3.2
2023-10-19 06:00:00,6,,2.5
2023-10-19 07:00:00,7,,4.9
2023-10-19 08:00:00,8,,2.7
2023-10-19 09:00:00,9,109.4,3.1
2023-10-19 10:00:00,10,956.5,3.6
2023-10-19 11:00:00,11,1686.5,4.9
2023-10-19 12:00:00,12,2562.6,5.6
2023-10-19 13:00:00,13,3309.0,5.9
2023-10-19 14:00:00,14,3923.2,6.3
2023-10-19 15:00:00,15,4059.7,4.9
2023-10-19 16:00:00,16,3938.8,3.3
2023-10-19 17:00:00,17,3527.5,3.4
2023-10-19 18:00:00,18,2838.8,2.3
2023-10-19 19:00:00,19,1957.4,1.9
2023-10-19 20:00:00,20,992.5,0.0
2023-10-19 21:00:00,21,146.1,0.0
2023-10-19 22:00:00,22,,0.0
2023-10-19 23:00:00,23,,2.1
2023-10-20 00:00:00,0,,1.5
2023-10-20 01:00:00,1,,3.8
2023-10-20 02:00:00,2,,3.0
2023-10-20 03:00:00,3,,1.7
2023-10-20 04:00:00,4,,3.4
2023-10-20 05:00:00,5,,4.5
2023-10-20 06:00:00,6,,4.7
2023-10-20 07:00:00,7,,4.3
2023-10-20 08:00:00,8,,4.7
2023-10-20 09:00:00,9,99.3,4.9
2023-10-20 10:00:00,10,901.8,4.6
2023-10-20 11:00:00,11,1627.3,5.9
2023-10-20 12:00:00,12,2481.0,5.6
2023-10-20 13:00:00,13,3238.1,5.3
2023-10-20 14:00:00,14,3863.0,4.6
2023-10-20 15:00:00,15,3971.7,5.1
2023-10-20 16:00:00,16,3797.5,5.0
2023-10-20 17:00:00,17,3416.3,4.4
2023-10-20 18:00:00,18,2775.7,3.9
2023-10-20 19:00:00,19,1927.9,3.1
2023-10-20 20:00:00,20,859.1,1.9
2023-10-20 21:00:00,21,139.5,1.4
2023-10-20 22:00:00,22,,2.0
2023-10-20 23:00:00,23,,3.3
2023-10-21 00:00:00,0,,4.0
2023-10-21 01:00:00,1,,4.5
2023-10-21 02:00:00,2,,5.4
2023-10-21 03:00:00,3,,5.8
2023-10-21 04:00:00,4,,6.5
2023-10-21 05:00:00,5,,7.3
2023-10-21 06:00:00,6,,6.4
2023-10-21 07:00:00,7,,6.3
2023-10-21 08:00:00,8,,5.7
2023-10-21 09:00:00,9,102.9,6.0
2023-10-21 10:00:00,10,902.1,6.8
2023-10-21 11:00:00,11,1637.2,5.9
2023-10-21 12:00:00,12,2485.3,5.3
2023-10-21 13:00:00,13,3141.7,5.0
2023-10-21 14:00:00,14,3740.0,4.6
2023-10-21 15:00:00,15,3891.4,5.1
2023-10-21 16:00:00,16,3669.2,5.0
2023-10-21 17:00:00,17,3344.6,4.2
2023-10-21 18:00:00,18,2701.4,3.0
2023-10-21 19:00:00,19,1840.7,3.4
2023-10-21 20:00:00,20,934.0,2.3
2023-10-21 21:00:00,21,108.5,0.0
2023-10-21 22:00:00,22,,2.5
2023-10-21 23:00:00,23,,2.5
2023-10-22 00:00:00,0,,3.0
2023-10-22 01:00:00,1,,3.1
2023-10-22 02:00:00,2,,3.4
2023-10-22 03:00:00,3,,3.3
2023-10-22 04:00:00,4,,3.2
2023-10-22 05:00:00,5,,5.2
2023-10-22 06:00:00,6,,4.5
2023-10-22 07:00:00,7,,5.1
2023-10-22 08:00:00,8,,5.8
2023-10-22 09:00:00,9,99.0,4.9
2023-10-22 10:00:00,10,904.2,6.8
2023-10-22 11:00:00,11,1638.2,6.5
2023-10-22 12:00:00,12,2480.0,6.3
2023-10-22 13:00:00,13,3228.4,6.1
2023-10-22 14:00:00,14,3827.4,5.8
2023-10-22 15:00:00,15,3939.0,4.7
2023-10-22 16:00:00,16,3808.1,4.4
2023-10-22 17:00:00,17,3516.0,4.0
2023-10-22 18:00:00,18,2814.4,4.1
2023-10-22 19:00:00,19,1899.3,3.3
2023-10-22 20:00:00,20,948.7,2.3
2023-10-22 21:00:00,21,94.3,2.8
2023-10-22 22:00:00,22,,2.9
2023-10-22 23:00:00,23,,2.5
2023-10-23 00:00:00,0,,3.8
2023-10-23 01:00:00,1,,3.4
2023-10-23 02:00:00,2,,3.7
2023-10-23 03:00:00,3,,5.2
2023-10-23 04:00:00,4,,4.0
2023-10-23 05:00:00,5,,5.5
2023-10-23 06:00:00,6,,5.1
2023-10-23 07:00:00,7,,5.0
2023-10-23 08:00:00,8,,4.1
2023-10-23 09:00:00,9,88.6,5.3
2023-10-23 10:00:00,10,945.9,6.1
2023-10-23 11:00:00,11,1880.6,6.7
2023-10-23 12:00:00,12,2511.7,6.8
2023-10-23 13:00:00,13,3191.5,6.1
2023-10-23 14:00:00,14,3432.4,5.4
2023-10-23 15:00:00,15,3876.0,5.5
2023-10-23 16:00:00,16,3717.8,5.3
2023-10-23 17:00:00,17,3426.8,4.7
2023-10-23 18:00:00,18,2758.0,3.8
2023-10-23 19:00:00,19,1885.6,3.4
2023-10-23 20:00:00,20,927.8,1.8
2023-10-23 21:00:00,21,60.2,0.0
2023-10-23 22:00:00,22,,0.0
2023-10-23 23:00:00,23,,2.1
2023-10-24 00:00:00,0,,2.4
2023-10-24 01:00:00,1,,3.5
2023-10-24 02:00:00,2,,3.1
2023-10-24 03:00:00,3,,2.7
2023-10-24 04:00:00,4,,3.3
2023-10-24 05:00:00,5,,3.7
2023-10-24 06:00:00,6,,3.5
2023-10-24 07:00:00,7,,3.7
2023-10-24 08:00:00,8,,3.8
2023-10-24 09:00:00,9,117.0,3.7
2023-10-24 10:00:00,10,910.0,4.7
2023-10-24 11:00:00,11,1631.7,5.9
2023-10-24 12:00:00,12,2468.8,6.5
2023-10-24 13:00:00,13,3169.4,5.6
2023-10-24 14:00:00,14,3740.7,6.2
2023-10-24 15:00:00,15,3826.1,5.9
2023-10-24 16:00:00,16,3706.3,5.1
2023-10-24 17:00:00,17,3425.3,5.0
2023-10-24 18:00:00,18,2756.8,4.2
2023-10-24 19:00:00,19,1862.0,3.7
2023-10-24 20:00:00,20,870.1,2.8
2023-10-24 21:00:00,21,85.7,2.4
2023-10-24 22:00:00,22,,2.8
2023-10-24 23:00:00,23,,2.1
2023-10-25 00:00:00,0,,1.9
2023-10-25 01:00:00,1,,1.6
2023-10-25 02:00:00,2,,0.0
2023-10-25 03:00:00,3,,0.9
2023-10-25 04:00:00,4,,0.0
2023-10-25 05:00:00,5,,1.7
2023-10-25 06:00:00,6,,1.8
2023-10-25 07:00:00,7,,3.1
2023-10-25 08:00:00,8,,1.9
2023-10-25 09:00:00,9,88.2,1.7
2023-10-25 10:00:00,10,793.2,2.4
2023-10-25 11:00:00,11,1557.5,0.6
2023-10-25 12:00:00,12,2085.4,3.3
2023-10-25 13:00:00,13,2948.9,5.5
2023-10-25 14:00:00,14,3687.7,5.3
2023-10-25 15:00:00,15,3815.7,5.3
2023-10-25 16:00:00,16,3664.2,4.5
2023-10-25 17:00:00,17,3341.9,4.2
2023-10-25 18:00:00,18,2694.1,4.1
2023-10-25 19:00:00,19,1786.8,3.0
2023-10-25 20:00:00,20,711.2,2.4
2023-10-25 21:00:00,21,48.5,1.3
2023-10-25 22:00:00,22,,1.3
2023-10-25 23:00:00,23,,1.7
2023-10-26 00:00:00,0,,1.5
2023-10-26 01:00:00,1,,0.0
2023-10-26 02:00:00,2,,1.0
2023-10-26 03:00:00,3,,0.0
2023-10-26 04:00:00,4,,1.8
2023-10-26 05:00:00,5,,0.0
2023-10-26 06:00:00,6,,0.0
2023-10-26 07:00:00,7,,2.4
2023-10-26 08:00:00,8,,1.5
2023-10-26 09:00:00,9,59.7,0.0
2023-10-26 10:00:00,10,232.4,0.2
2023-10-26 11:00:00,11,1047.7,2.2
2023-10-26 12:00:00,12,1539.7,4.2
2023-10-26 13:00:00,13,2185.9,3.6
2023-10-26 14:00:00,14,2688.7,2.2
2023-10-26 15:00:00,15,3487.3,3.8
2023-10-26 16:00:00,16,3026.6,4.5
2023-10-26 17:00:00,17,3374.7,4.2
2023-10-26 18:00:00,18,2638.6,3.6
2023-10-26 19:00:00,19,1790.9,4.0
2023-10-26 20:00:00,20,720.9,7.4
2023-10-26 21:00:00,21,54.1,6.2
2023-10-26 22:00:00,22,,4.4
2023-10-26 23:00:00,23,,2.7
2023-10-27 00:00:00,0,,2.7
2023-10-27 01:00:00,1,,3.7
2023-10-27 02:00:00,2,,0.7
2023-10-27 03:00:00,3,,4.2
2023-10-27 04:00:00,4,,1.4
2023-10-27 05:00:00,5,,1.5
2023-10-27 06:00:00,6,,3.3
2023-10-27 07:00:00,7,,3.0
2023-10-27 08:00:00,8,,2.4
2023-10-27 09:00:00,9,54.7,3.2
2023-10-27 10:00:00,10,718.0,3.3
2023-10-27 11:00:00,11,1549.3,2.7
2023-10-27 12:00:00,12,2352.8,2.9
2023-10-27 13:00:00,13,3051.5,4.0
2023-10-27 14:00:00,14,3647.9,4.8
2023-10-27 15:00:00,15,3846.6,4.8
2023-10-27 16:00:00,16,3728.4,4.0
2023-10-27 17:00:00,17,3406.5,3.4
2023-10-27 18:00:00,18,2730.0,2.9
2023-10-27 19:00:00,19,1772.3,2.4
2023-10-27 20:00:00,20,369.8,1.6
2023-10-27 21:00:00,21,108.9,1.0
2023-10-27 22:00:00,22,,2.0
2023-10-27 23:00:00,23,,1.0
2023-10-28 00:00:00,0,,0.0
2023-10-28 01:00:00,1,,3.6
2023-10-28 02:00:00,2,,3.2
2023-10-28 03:00:00,3,,2.5
2023-10-28 04:00:00,4,,2.0
2023-10-28 05:00:00,5,,4.4
2023-10-28 06:00:00,6,,5.1
2023-10-28 07:00:00,7,,5.2
2023-10-28 08:00:00,8,,5.5
2023-10-28 09:00:00,9,113.3,6.4
2023-10-28 10:00:00,10,497.2,5.2
2023-10-28 11:00:00,11,1517.7,6.8
2023-10-28 12:00:00,12,2355.1,6.7
2023-10-28 13:00:00,13,3123.9,7.1
2023-10-28 14:00:00,14,3726.6,7.2
2023-10-28 15:00:00,15,3941.8,5.6
2023-10-28 16:00:00,16,3810.9,3.9
2023-10-28 17:00:00,17,3500.0,4.5
2023-10-28 18:00:00,18,2826.3,4.4
2023-10-28 19:00:00,19,1615.5,4.0
2023-10-28 20:00:00,20,303.1,2.8
2023-10-28 21:00:00,21,139.4,3.2
2023-10-28 22:00:00,22,,3.0
2023-10-28 23:00:00,23,,3.3
2023-10-29 00:00:00,0,,2.4
2023-10-29 01:00:00,1,,3.9
2023-10-29 02:00:00,2,,3.5
2023-10-29 03:00:00,3,,6.3
2023-10-29 04:00:00,4,,5.6
2023-10-29 05:00:00,5,,3.8
2023-10-29 06:00:00,6,,4.7
2023-10-29 07:00:00,7,,4.6
2023-10-29 08:00:00,8,,5.3
2023-10-29 09:00:00,9,106.3,6.0
2023-10-29 10:00:00,10,905.2,7.2
2023-10-29 11:00:00,11,1619.4,7.8
2023-10-29 12:00:00,12,2482.9,7.8
2023-10-29 13:00:00,13,3179.1,6.8
2023-10-29 14:00:00,14,3775.7,6.1
2023-10-29 15:00:00,15,3958.9,5.3
2023-10-29 16:00:00,16,3825.1,5.4
2023-10-29 17:00:00,17,3496.6,4.7
2023-10-29 18:00:00,18,2855.9,4.5
2023-10-29 19:00:00,19,1440.9,4.2
2023-10-29 20:00:00,20,450.2,3.2
2023-10-29 21:00:00,21,154.9,1.8
2023-10-29 22:00:00,22,,1.9
2023-10-29 23:00:00,23,,2.0
2023-10-30 00:00:00,0,,3.1
2023-10-30 01:00:00,1,,2.9
2023-10-30 02:00:00,2,,3.0
2023-10-30 03:00:00,3,,2.5
2023-10-30 04:00:00,4,,3.9
2023-10-30 05:00:00,5,,3.3
2023-10-30 06:00:00,6,,4.4
2023-10-30 07:00:00,7,,4.8
2023-10-30 08:00:00,8,,4.2
2023-10-30 09:00:00,9,115.0,5.0
2023-10-30 10:00:00,10,972.9,5.3
2023-10-30 11:00:00,11,1703.3,5.7
2023-10-30 12:00:00,12,2557.2,6.2
2023-10-30 13:00:00,13,3265.3,6.0
2023-10-30 14:00:00,14,3846.2,5.2
2023-10-30 15:00:00,15,3994.6,3.8
2023-10-30 16:00:00,16,3889.8,3.7
2023-10-30 17:00:00,17,3580.4,3.9
2023-10-30 18:00:00,18,2871.1,3.4
2023-10-30 19:00:00,19,1459.5,2.8
2023-10-30 20:00:00,20,713.0,0.9
2023-10-30 21:00:00,21,141.7,0.0
2023-10-30 22:00:00,22,,0.0
2023-10-30 23:00:00,23,,1.6
2023-10-31 00:00:00,0,,2.1
2023-10-31 01:00:00,1,,2.6
2023-10-31 02:00:00,2,,3.9
2023-10-31 03:00:00,3,,1.9
2023-10-31 04:00:00,4,,2.8
2023-10-31 05:00:00,5,,3.0
2023-10-31 06:00:00,6,,4.4
2023-10-31 07:00:00,7,,3.7
2023-10-31 08:00:00,8,,3.6
2023-10-31 09:00:00,9,74.4,0.9
2023-10-31 10:00:00,10,949.4,3.8
2023-10-31 11:00:00,11,1317.6,1.8
2023-10-31 12:00:00,12,2157.3,2.4
2023-10-31 13:00:00,13,2954.1,5.4
2023-10-31 14:00:00,14,3706.2,5.2
2023-10-31 15:00:00,15,3928.3,5.4
2023-10-31 16:00:00,16,3810.8,4.7
2023-10-31 17:00:00,17,3465.6,5.0
2023-10-31 18:00:00,18,2777.5,4.3
2023-10-31 19:00:00,19,1593.5,3.2
2023-10-31 20:00:00,20,902.7,2.2
2023-10-31 21:00:00,21,136.8,1.7
2023-10-31 22:00:00,22,,1.3
2023-10-31 23:00:00,23,,1.1
2023-11-01 00:00:00,0,,0.0
2023-11-01 01:00:00,1,,2.2
2023-11-01 02:00:00,2,,2.0
2023-11-01 03:00:00,3,,2.6
2023-11-01 04:00:00,4,,3.6
2023-11-01 05:00:00,5,,3.5
2023-11-01 06:00:00,6,,2.0
2023-11-01 07:00:00,7,,1.6
2023-11-01 08:00:00,8,,2.2
2023-11-01 09:00:00,9,101.5,2.2
2023-11-01 10:00:00,10,830.9,1.1
2023-11-01 11:00:00,11,1524.7,3.2
2023-11-01 12:00:00,12,2425.7,6.9
2023-11-01 13:00:00,13,3093.2,7.8
2023-11-01 14:00:00,14,3671.7,7.6
2023-11-01 15:00:00,15,3886.5,7.2
2023-11-01 16:00:00,16,3710.5,6.4
2023-11-01 17:00:00,17,3384.7,5.6
2023-11-01 18:00:00,18,2679.4,5.6
2023-11-01 19:00:00,19,1715.7,4.6
2023-11-01 20:00:00,20,856.3,4.6
2023-11-01 21:00:00,21,108.1,4.4
2023-11-01 22:00:00,22,,3.1
2023-11-01 23:00:00,23,,3.2
2023-11-02 00:00:00,0,,2.2
2023-11-02 01:00:00,1,,2.8
2023-11-02 02:00:00,2,,2.3
2023-11-02 03:00:00,3,,4.2
2023-11-02 04:00:00,4,5.6,3.2
2023-11-02 05:00:00,5,7.7,2.9
2023-11-02 06:00:00,6,0.1,2.7
2023-11-02 07:00:00,7,0.7,4.3
2023-11-02 08:00:00,8,2.4,1.1
2023-11-02 09:00:00,9,53.8,2.1
2023-11-02 10:00:00,10,309.0,1.9
2023-11-02 11:00:00,11,584.6,0.3
2023-11-02 12:00:00,12,1178.3,0.7
2023-11-02 13:00:00,13,1181.0,2.2
2023-11-02 14:00:00,14,3640.2,3.8
2023-11-02 15:00:00,15,1765.1,2.7
2023-11-02 16:00:00,16,2592.7,4.1
2023-11-02 17:00:00,17,1415.9,2.4
2023-11-02 18:00:00,18,2098.8,1.9
2023-11-02 19:00:00,19,1722.7,3.4
2023-11-02 20:00:00,20,773.6,2.4
2023-11-02 21:00:00,21,89.5,0.0
2023-11-02 22:00:00,22,,0.0
2023-11-02 23:00:00,23,,0.0
2023-11-03 00:00:00,0,,2.1
2023-11-03 01:00:00,1,,1.4
2023-11-03 02:00:00,2,,1.2
2023-11-03 03:00:00,3,,0.0
2023-11-03 04:00:00,4,,1.1
2023-11-03 05:00:00,5,,6.5
2023-11-03 06:00:00,6,0.2,2.8
2023-11-03 07:00:00,7,,2.5
2023-11-03 08:00:00,8,,4.6
2023-11-03 09:00:00,9,0.1,3.1
2023-11-03 10:00:00,10,15.6,3.5
2023-11-03 11:00:00,11,57.6,1.8
2023-11-03 12:00:00,12,424.0,2.0
2023-11-03 13:00:00,13,1434.2,1.6
2023-11-03 14:00:00,14,1888.8,1.9
2023-11-03 15:00:00,15,2851.4,2.7
2023-11-03 16:00:00,16,2655.1,3.7
2023-11-03 17:00:00,17,3191.4,3.5
2023-11-03 18:00:00,18,2319.1,3.9
2023-11-03 19:00:00,19,748.5,2.8
2023-11-03 20:00:00,20,544.3,2.8
2023-11-03 21:00:00,21,93.3,3.1
2023-11-03 22:00:00,22,,2.7
2023-11-03 23:00:00,23,,0.0
2023-11-04 00:00:00,0,,1.0
2023-11-04 01:00:00,1,,1.5
2023-11-04 02:00:00,2,,1.4
2023-11-04 03:00:00,3,,0.6
2023-11-04 04:00:00,4,,0.0
2023-11-04 05:00:00,5,,0.0
2023-11-04 06:00:00,6,,0.0
2023-11-04 07:00:00,7,,0.9
2023-11-04 08:00:00,8,,1.3
2023-11-04 09:00:00,9,57.5,1.9
2023-11-04 10:00:00,10,350.7,0.0
2023-11-04 11:00:00,11,1591.5,2.2
2023-11-04 12:00:00,12,2193.5,3.2
2023-11-04 13:00:00,13,3004.8,5.0
2023-11-04 14:00:00,14,3590.4,5.6
2023-11-04 15:00:00,15,3506.1,4.3
2023-11-04 16:00:00,16,3169.5,3.4
2023-11-04 17:00:00,17,2799.6,4.1
2023-11-04 18:00:00,18,2857.3,0.0
2023-11-04 19:00:00,19,1243.5,4.0
2023-11-04 20:00:00,20,460.4,3.6
2023-11-04 21:00:00,21,65.5,1.3
2023-11-04 22:00:00,22,,1.1
2023-11-04 23:00:00,23,,1.4
2023-11-05 00:00:00,0,,0.0
2023-11-05 01:00:00,1,,1.7
2023-11-05 02:00:00,2,,4.9
2023-11-05 03:00:00,3,,2.0
2023-11-05 04:00:00,4,,0.0
2023-11-05 05:00:00,5,,0.0
2023-11-05 06:00:00,6,,3.7
2023-11-05 07:00:00,7,,3.7
2023-11-05 08:00:00,8,,4.3
2023-11-05 09:00:00,9,51.0,3.7
2023-11-05 10:00:00,10,376.1,3.3
2023-11-05 11:00:00,11,1015.5,4.7
2023-11-05 12:00:00,12,2451.2,3.3
2023-11-05 13:00:00,13,3078.9,1.3
2023-11-05 14:00:00,14,3668.8,3.6
2023-11-05 15:00:00,15,3908.7,3.9
2023-11-05 16:00:00,16,3804.1,4.6
2023-11-05 17:00:00,17,3459.7,3.8
2023-11-05 18:00:00,18,2809.7,2.4
2023-11-05 19:00:00,19,1915.8,2.8
2023-11-05 20:00:00,20,867.7,0.0
2023-11-05 21:00:00,21,96.5,0.0
2023-11-05 22:00:00,22,,0.0
2023-11-05 23:00:00,23,,1.9
2023-11-06 00:00:00,0,,0.0
2023-11-06 01:00:00,1,,7.6
2023-11-06 02:00:00,2,,4.3
2023-11-06 03:00:00,3,,2.0
2023-11-06 04:00:00,4,,0.4
2023-11-06 05:00:00,5,,1.5
2023-11-06 06:00:00,6,,0.7
2023-11-06 07:00:00,7,,1.1
2023-11-06 08:00:00,8,,2.9
2023-11-06 09:00:00,9,37.6,1.4
2023-11-06 10:00:00,10,289.7,4.4
2023-11-06 11:00:00,11,1179.0,5.4
2023-11-06 12:00:00,12,770.5,4.6
2023-11-06 13:00:00,13,835.2,5.9
2023-11-06 14:00:00,14,794.5,5.4
2023-11-06 15:00:00,15,1497.2,4.9
2023-11-06 16:00:00,16,2302.2,5.7
2023-11-06 17:00:00,17,1609.3,4.1
2023-11-06 18:00:00,18,1236.0,3.1
2023-11-06 19:00:00,19,1090.1,2.5
2023-11-06 20:00:00,20,369.5,2.5
2023-11-06 21:00:00,21,43.6,1.3
2023-11-06 22:00:00,22,,0.0
2023-11-06 23:00:00,23,,0.0
2023-11-07 00:00:00,0,,0.0
2023-11-07 01:00:00,1,,3.5
2023-11-07 02:00:00,2,,3.9
2023-11-07 03:00:00,3,,2.7
2023-11-07 04:00:00,4,,1.9
2023-11-07 05:00:00,5,,2.3
2023-11-07 06:00:00,6,,2.8
2023-11-07 07:00:00,7,,3.7
2023-11-07 08:00:00,8,,4.6
2023-11-07 09:00:00,9,85.9,6.7
2023-11-07 10:00:00,10,649.1,7.0
2023-11-07 11:00:00,11,1538.5,7.6
2023-11-07 12:00:00,12,2541.0,7.3
2023-11-07 13:00:00,13,3154.3,6.3
2023-11-07 14:00:00,14,3795.2,6.7
2023-11-07 15:00:00,15,4039.2,5.9
2023-11-07 16:00:00,16,3892.8,5.5
2023-11-07 17:00:00,17,3552.6,4.9
2023-11-07 18:00:00,18,2872.8,4.7
2023-11-07 19:00:00,19,1913.6,4.1
2023-11-07 20:00:00,20,991.1,4.2
2023-11-07 21:00:00,21,107.4,3.3
2023-11-07 22:00:00,22,,5.4
2023-11-07 23:00:00,23,,4.1
2023-11-08 00:00:00,0,,5.0
2023-11-08 01:00:00,1,,6.9
2023-11-08 02:00:00,2,,6.0
2023-11-08 03:00:00,3,,4.8
2023-11-08 04:00:00,4,,4.4
2023-11-08 05:00:00,5,,4.9
2023-11-08 06:00:00,6,,3.8
2023-11-08 07:00:00,7,,5.6
2023-11-08 08:00:00,8,,5.0
2023-11-08 09:00:00,9,64.6,4.4
2023-11-08 10:00:00,10,654.5,5.0
2023-11-08 11:00:00,11,1412.7,5.4
2023-11-08 12:00:00,12,2526.0,5.7
2023-11-08 13:00:00,13,3172.9,5.3
2023-11-08 14:00:00,14,3762.3,5.4
2023-11-08 15:00:00,15,3976.5,4.9
2023-11-08 16:00:00,16,3868.4,5.0
2023-11-08 17:00:00,17,3583.2,5.0
2023-11-08 18:00:00,18,2894.4,4.3
2023-11-08 19:00:00,19,1961.8,4.5
2023-11-08 20:00:00,20,861.6,4.0
2023-11-08 21:00:00,21,101.0,4.6
2023-11-08 22:00:00,22,,4.5
2023-11-08 23:00:00,23,,5.1
2023-11-09 00:00:00,0,,5.7
2023-11-09 01:00:00,1,,6.4
2023-11-09 02:00:00,2,,5.3
2023-11-09 03:00:00,3,,5.6
2023-11-09 04:00:00,4,,4.5
2023-11-09 05:00:00,5,,3.5
2023-11-09 06:00:00,6,,5.6
2023-11-09 07:00:00,7,,6.1
2023-11-09 08:00:00,8,,3.5
2023-11-09 09:00:00,9,79.2,4.4
2023-11-09 10:00:00,10,947.6,5.3
2023-11-09 11:00:00,11,1687.7,6.0
2023-11-09 12:00:00,12,2482.0,6.8
2023-11-09 13:00:00,13,3175.1,6.1
2023-11-09 14:00:00,14,3756.0,6.5
2023-11-09 15:00:00,15,3980.0,7.0
2023-11-09 16:00:00,16,3879.8,6.3
2023-11-09 17:00:00,17,3589.3,5.6
2023-11-09 18:00:00,18,2899.9,5.1
2023-11-09 19:00:00,19,1976.6,4.8
2023-11-09 20:00:00,20,1026.0,4.0
2023-11-09 21:00:00,21,178.8,3.3
2023-11-09 22:00:00,22,,2.3
2023-11-09 23:00:00,23,,1.8
2023-11-10 00:00:00,0,,0.6
2023-11-10 01:00:00,1,,2.1
2023-11-10 02:00:00,2,,4.5
2023-11-10 03:00:00,3,,6.1
2023-11-10 04:00:00,4,,4.5
2023-11-10 05:00:00,5,,4.1
2023-11-10 06:00:00,6,,4.5
2023-11-10 07:00:00,7,,4.0
2023-11-10 08:00:00,8,,3.4
2023-11-10 09:00:00,9,154.1,5.3
2023-11-10 10:00:00,10,1019.9,4.8
2023-11-10 11:00:00,11,1723.1,6.3
2023-11-10 12:00:00,12,2527.8,6.9
2023-11-10 13:00:00,13,3183.9,6.7
2023-11-10 14:00:00,14,3756.8,7.3
2023-11-10 15:00:00,15,3974.4,7.4
2023-11-10 16:00:00,16,3866.7,6.9
2023-11-10 17:00:00,17,3584.6,6.2
2023-11-10 18:00:00,18,2927.2,4.7
2023-11-10 19:00:00,19,1981.5,4.1
2023-11-10 20:00:00,20,1010.7,3.2
2023-11-10 21:00:00,21,167.8,3.0
2023-11-10 22:00:00,22,,3.1
2023-11-10 23:00:00,23,,2.9
2023-11-11 00:00:00,0,,2.9
2023-11-11 01:00:00,1,,3.0
2023-11-11 02:00:00,2,,2.1
2023-11-11 03:00:00,3,,3.1
2023-11-11 04:00:00,4,,4.1
2023-11-11 05:00:00,5,,6.7
2023-11-11 06:00:00,6,,3.6
2023-11-11 07:00:00,7,,4.3
2023-11-11 08:00:00,8,,5.1
2023-11-11 09:00:00,9,149.6,6.5
2023-11-11 10:00:00,10,1017.5,6.7
2023-11-11 11:00:00,11,1744.9,6.2
2023-11-11 12:00:00,12,2542.0,6.9
2023-11-11 13:00:00,13,3204.7,7.5
2023-11-11 14:00:00,14,3804.9,8.0
2023-11-11 15:00:00,15,4062.0,6.4
2023-11-11 16:00:00,16,3969.7,5.6
2023-11-11 17:00:00,17,3706.9,4.9
2023-11-11 18:00:00,18,2988.0,4.0
2023-11-11 19:00:00,19,2026.9,3.9
2023-11-11 20:00:00,20,1043.5,3.2
2023-11-11 21:00:00,21,177.0,3.5
2023-11-11 22:00:00,22,,3.1
2023-11-11 23:00:00,23,,3.7
2023-11-12 00:00:00,0,,2.4
2023-11-12 01:00:00,1,,2.3
2023-11-12 02:00:00,2,,2.3
2023-11-12 03:00:00,3,,2.8
2023-11-12 04:00:00,4,,2.5
2023-11-12 05:00:00,5,,3.9
2023-11-12 06:00:00,6,,2.8
2023-11-12 07:00:00,7,,1.8
2023-11-12 08:00:00,8,,1.9
2023-11-12 09:00:00,9,152.8,3.2
2023-11-12 10:00:00,10,1033.8,4.2
2023-11-12 11:00:00,11,1753.7,5.8
2023-11-12 12:00:00,12,2554.0,5.9
2023-11-12 13:00:00,13,3193.8,7.2
2023-11-12 14:00:00,14,3773.8,6.2
2023-11-12 15:00:00,15,4018.6,5.7
2023-11-12 16:00:00,16,3922.8,4.8
2023-11-12 17:00:00,17,3640.3,4.4
2023-11-12 18:00:00,18,2942.9,4.0
2023-11-12 19:00:00,19,1963.2,2.9
2023-11-12 20:00:00,20,1046.1,2.8
2023-11-12 21:00:00,21,180.9,4.0
2023-11-12 22:00:00,22,,3.0
2023-11-12 23:00:00,23,,0.4
2023-11-13 00:00:00,0,,1.5
2023-11-13 01:00:00,1,,1.1
2023-11-13 02:00:00,2,,2.9
2023-11-13 03:00:00,3,,1.9
2023-11-13 04:00:00,4,,1.9
2023-11-13 05:00:00,5,,3.6
2023-11-13 06:00:00,6,,4.2
2023-11-13 07:00:00,7,,1.9
2023-11-13 08:00:00,8,,3.7
2023-11-13 09:00:00,9,107.5,3.0
2023-11-13 10:00:00,10,973.9,3.2
2023-11-13 11:00:00,11,1693.5,4.5
2023-11-13 12:00:00,12,2574.1,4.9
2023-11-13 13:00:00,13,3212.3,5.1
2023-11-13 14:00:00,14,3799.6,5.8
2023-11-13 15:00:00,15,4083.1,4.8
2023-11-13 16:00:00,16,3969.5,4.1
2023-11-13 17:00:00,17,3623.9,3.7
2023-11-13 18:00:00,18,2926.5,3.4
2023-11-13 19:00:00,19,1844.3,3.3
2023-11-13 20:00:00,20,1045.9,2.7
2023-11-13 21:00:00,21,181.9,0.0
2023-11-13 22:00:00,22,,2.0
2023-11-13 23:00:00,23,,0.0
2023-11-14 00:00:00,0,,0.0
2023-11-14 01:00:00,1,,1.6
2023-11-14 02:00:00,2,,1.9
2023-11-14 03:00:00,3,,1.7
2023-11-14 04:00:00,4,,2.0
2023-11-14 05:00:00,5,,1.8
2023-11-14 06:00:00,6,,3.2
2023-11-14 07:00:00,7,,2.0
2023-11-14 08:00:00,8,,1.1
2023-11-14 09:00:00,9,144.0,0.0
2023-11-14 10:00:00,10,980.7,1.8
2023-11-14 11:00:00,11,1698.1,1.8
2023-11-14 12:00:00,12,2484.5,4.5
2023-11-14 13:00:00,13,3114.4,6.6
2023-11-14 14:00:00,14,3665.3,7.3
2023-11-14 15:00:00,15,3905.5,6.9
2023-11-14 16:00:00,16,3825.5,5.8
2023-11-14 17:00:00,17,3546.8,5.3
2023-11-14 18:00:00,18,2858.0,4.7
2023-11-14 19:00:00,19,1735.0,3.8
2023-11-14 20:00:00,20,978.0,4.0
2023-11-14 21:00:00,21,162.4,2.7
2023-11-14 22:00:00,22,,2.0
2023-11-14 23:00:00,23,,2.5
2023-11-15 00:00:00,0,,1.7
2023-11-15 01:00:00,1,,2.8
2023-11-15 02:00:00,2,,2.0
2023-11-15 03:00:00,3,,0.2
2023-11-15 04:00:00,4,,0.7
2023-11-15 05:00:00,5,,0.5
2023-11-15 06:00:00,6,,1.4
2023-11-15 07:00:00,7,,1.3
2023-11-15 08:00:00,8,,2.6
2023-11-15 09:00:00,9,118.8,2.2
2023-11-15 10:00:00,10,545.4,2.7
2023-11-15 11:00:00,11,1599.6,3.6
2023-11-15 12:00:00,12,2445.5,7.1
2023-11-15 13:00:00,13,3058.8,7.0
2023-11-15 14:00:00,14,3606.0,7.2
2023-11-15 15:00:00,15,3870.2,7.3
2023-11-15 16:00:00,16,3791.7,6.5
2023-11-15 17:00:00,17,3510.8,5.6
2023-11-15 18:00:00,18,2838.0,5.2
2023-11-15 19:00:00,19,1700.9,5.0
2023-11-15 20:00:00,20,964.3,5.1
2023-11-15 21:00:00,21,170.2,3.9
2023-11-15 22:00:00,22,,2.9
2023-11-15 23:00:00,23,,2.8
2023-11-16 00:00:00,0,,3.1
2023-11-16 01:00:00,1,,2.3
2023-11-16 02:00:00,2,,1.2
2023-11-16 03:00:00,3,,1.8
2023-11-16 04:00:00,4,,0.0
2023-11-16 05:00:00,5,,1.4
2023-11-16 06:00:00,6,,0.0
2023-11-16 07:00:00,7,,2.2
2023-11-16 08:00:00,8,,4.7
2023-11-16 09:00:00,9,134.2,3.6
2023-11-16 10:00:00,10,922.2,4.3
2023-11-16 11:00:00,11,1671.2,4.3
2023-11-16 12:00:00,12,2417.2,4.7
2023-11-16 13:00:00,13,2999.1,6.9
2023-11-16 14:00:00,14,3657.3,7.6
2023-11-16 15:00:00,15,3874.5,6.9
2023-11-16 16:00:00,16,3795.4,6.1
2023-11-16 17:00:00,17,3504.3,6.1
2023-11-16 18:00:00,18,2825.1,5.5
2023-11-16 19:00:00,19,1689.8,5.5
2023-11-16 20:00:00,20,984.9,5.3
2023-11-16 21:00:00,21,152.1,3.4
2023-11-16 22:00:00,22,,2.0
2023-11-16 23:00:00,23,,1.7
2023-11-17 00:00:00,0,,1.8
2023-11-17 01:00:00,1,,0.6
2023-11-17 02:00:00,2,,1.9
2023-11-17 03:00:00,3,,2.2
2023-11-17 04:00:00,4,,2.9
2023-11-17 05:00:00,5,,3.6
2023-11-17 06:00:00,6,,2.9
2023-11-17 07:00:00,7,,3.2
2023-11-17 08:00:00,8,,3.9
2023-11-17 09:00:00,9,117.4,2.8
2023-11-17 10:00:00,10,933.8,5.0
2023-11-17 11:00:00,11,1828.6,4.9
2023-11-17 12:00:00,12,2394.1,3.7
2023-11-17 13:00:00,13,2981.4,4.4
2023-11-17 14:00:00,14,3206.4,6.8
2023-11-17 15:00:00,15,3898.5,6.7
2023-11-17 16:00:00,16,3793.1,6.1
2023-11-17 17:00:00,17,3516.3,5.9
2023-11-17 18:00:00,18,2394.2,5.0
2023-11-17 19:00:00,19,1267.3,3.6
2023-11-17 20:00:00,20,751.7,3.2
2023-11-17 21:00:00,21,120.2,0.0
2023-11-17 22:00:00,22,,0.0
2023-11-17 23:00:00,23,,1.5
2023-11-18 00:00:00,0,,1.3
2023-11-18 01:00:00,1,,1.7
2023-11-18 02:00:00,2,,1.9
2023-11-18 03:00:00,3,,2.1
2023-11-18 04:00:00,4,,2.4
2023-11-18 05:00:00,5,,2.2
2023-11-18 06:00:00,6,,2.6
2023-11-18 07:00:00,7,,2.4
2023-11-18 08:00:00,8,,2.9
2023-11-18 09:00:00,9,33.5,1.4
2023-11-18 10:00:00,10,58.7,2.6
2023-11-18 11:00:00,11,420.7,0.3
2023-11-18 12:00:00,12,1635.2,0.0
2023-11-18 13:00:00,13,3101.8,2.6
2023-11-18 14:00:00,14,3376.0,3.7
2023-11-18 15:00:00,15,3981.8,3.3
2023-11-18 16:00:00,16,3798.9,3.6
2023-11-18 17:00:00,17,3496.9,5.1
2023-11-18 18:00:00,18,2825.8,4.3
2023-11-18 19:00:00,19,1638.1,3.7
2023-11-18 20:00:00,20,625.2,4.1
2023-11-18 21:00:00,21,64.8,1.9
2023-11-18 22:00:00,22,,1.8
2023-11-18 23:00:00,23,,3.8
2023-11-19 00:00:00,0,,1.8
2023-11-19 01:00:00,1,,2.0
2023-11-19 02:00:00,2,,2.1
2023-11-19 03:00:00,3,,1.2
2023-11-19 04:00:00,4,,1.6
2023-11-19 05:00:00,5,,0.0
2023-11-19 06:00:00,6,,1.4
2023-11-19 07:00:00,7,,0.4
2023-11-19 08:00:00,8,,0.9
2023-11-19 09:00:00,9,118.6,0.0
2023-11-19 10:00:00,10,878.3,1.7
2023-11-19 11:00:00,11,1629.9,3.6
2023-11-19 12:00:00,12,2447.9,5.7
2023-11-19 13:00:00,13,3063.0,5.4
2023-11-19 14:00:00,14,3537.7,4.8
2023-11-19 15:00:00,15,3835.7,5.4
2023-11-19 16:00:00,16,3775.0,5.2
2023-11-19 17:00:00,17,3474.1,4.0
2023-11-19 18:00:00,18,2791.9,4.0
2023-11-19 19:00:00,19,1740.4,3.6
2023-11-19 20:00:00,20,904.2,2.1
2023-11-19 21:00:00,21,142.1,2.8
2023-11-19 22:00:00,22,,2.1
2023-11-19 23:00:00,23,,1.1
2023-11-20 00:00:00,0,,1.3
2023-11-20 01:00:00,1,,3.2
2023-11-20 02:00:00,2,,1.9
2023-11-20 03:00:00,3,,2.6
2023-11-20 04:00:00,4,,2.7
2023-11-20 05:00:00,5,,1.8
2023-11-20 06:00:00,6,,2.5
2023-11-20 07:00:00,7,,2.5
2023-11-20 08:00:00,8,,2.0
2023-11-20 09:00:00,9,98.6,2.1
2023-11-20 10:00:00,10,855.1,2.4
2023-11-20 11:00:00,11,1227.2,2.1
2023-11-20 12:00:00,12,2285.3,2.1
2023-11-20 13:00:00,13,2538.7,2.2
2023-11-20 14:00:00,14,3050.1,2.0
2023-11-20 15:00:00,15,2983.1,2.3
2023-11-20 16:00:00,16,3063.7,4.1
2023-11-20 17:00:00,17,3551.8,3.8
2023-11-20 18:00:00,18,2871.2,3.7
2023-11-20 19:00:00,19,1821.0,4.4
2023-11-20 20:00:00,20,956.9,2.7
2023-11-20 21:00:00,21,66.9,1.6
2023-11-20 22:00:00,22,,0.0
2023-11-20 23:00:00,23,,3.2
2023-11-21 00:00:00,0,,2.5
2023-11-21 01:00:00,1,,2.3
2023-11-21 02:00:00,2,,2.3
2023-11-21 03:00:00,3,,1.7
2023-11-21 04:00:00,4,,1.6
2023-11-21 05:00:00,5,,0.0
2023-11-21 06:00:00,6,,0.0
2023-11-21 07:00:00,7,,1.9
2023-11-21 08:00:00,8,,2.3
2023-11-21 09:00:00,9,74.3,1.6
2023-11-21 10:00:00,10,518.7,1.5
2023-11-21 11:00:00,11,1113.7,4.1
2023-11-21 12:00:00,12,1055.2,3.3
2023-11-21 13:00:00,13,2767.5,5.5
2023-11-21 14:00:00,14,3646.3,6.4
2023-11-21 15:00:00,15,3899.4,6.4
2023-11-21 16:00:00,16,3843.9,6.2
2023-11-21 17:00:00,17,3530.1,4.8
2023-11-21 18:00:00,18,2837.8,4.4
2023-11-21 19:00:00,19,1870.4,4.0
2023-11-21 20:00:00,20,1182.3,3.4
2023-11-21 21:00:00,21,162.7,5.0
2023-11-21 22:00:00,22,,3.9
2023-11-21 23:00:00,23,,3.1
2023-11-22 00:00:00,0,,2.4
2023-11-22 01:00:00,1,,1.9
2023-11-22 02:00:00,2,,1.5
2023-11-22 03:00:00,3,,1.0
2023-11-22 04:00:00,4,,0.0
2023-11-22 05:00:00,5,,0.0
2023-11-22 06:00:00,6,,3.6
2023-11-22 07:00:00,7,,4.9
2023-11-22 08:00:00,8,,4.9
2023-11-22 09:00:00,9,131.3,4.4
2023-11-22 10:00:00,10,928.0,5.2
2023-11-22 11:00:00,11,1647.1,7.0
2023-11-22 12:00:00,12,2420.7,6.3
2023-11-22 13:00:00,13,3029.4,6.6
2023-11-22 14:00:00,14,3588.6,7.0
2023-11-22 15:00:00,15,3946.2,6.9
2023-11-22 16:00:00,16,3888.2,6.1
2023-11-22 17:00:00,17,3707.8,6.2
2023-11-22 18:00:00,18,2434.5,3.8
2023-11-22 19:00:00,19,1486.2,4.3
2023-11-22 20:00:00,20,1025.5,3.3
2023-11-22 21:00:00,21,249.6,1.4
2023-11-22 22:00:00,22,,1.5
2023-11-22 23:00:00,23,,2.0
2023-11-23 00:00:00,0,,1.6
2023-11-23 01:00:00,1,,0.0
2023-11-23 02:00:00,2,,0.0
2023-11-23 03:00:00,3,,1.2
2023-11-23 04:00:00,4,,1.7
2023-11-23 05:00:00,5,,3.4
2023-11-23 06:00:00,6,,3.9
2023-11-23 07:00:00,7,,5.1
2023-11-23 08:00:00,8,,5.0
2023-11-23 09:00:00,9,79.1,3.7
2023-11-23 10:00:00,10,343.8,3.4
2023-11-23 11:00:00,11,768.6,6.3
2023-11-23 12:00:00,12,1818.3,5.8
2023-11-23 13:00:00,13,3392.2,5.7
2023-11-23 14:00:00,14,3610.5,6.2
2023-11-23 15:00:00,15,3498.3,5.9
2023-11-23 16:00:00,16,3846.4,5.3
2023-11-23 17:00:00,17,3551.2,5.2
2023-11-23 18:00:00,18,2876.7,5.5
2023-11-23 19:00:00,19,2014.5,4.8
2023-11-23 20:00:00,20,1041.9,2.5
2023-11-23 21:00:00,21,199.5,2.2
2023-11-23 22:00:00,22,,2.7
2023-11-23 23:00:00,23,,2.5
2023-11-24 00:00:00,0,,2.0
2023-11-24 01:00:00,1,,2.6
2023-11-24 02:00:00,2,,1.1
2023-11-24 03:00:00,3,,0.0
2023-11-24 04:00:00,4,,1.2
2023-11-24 05:00:00,5,,0.0
2023-11-24 06:00:00,6,,2.3
2023-11-24 07:00:00,7,,1.9
2023-11-24 08:00:00,8,,1.8
2023-11-24 09:00:00,9,141.3,4.1
2023-11-24 10:00:00,10,972.5,4.2
2023-11-24 11:00:00,11,1700.3,4.7
2023-11-24 12:00:00,12,2433.8,4.4
2023-11-24 13:00:00,13,3027.0,5.3
2023-11-24 14:00:00,14,3571.2,6.1
2023-11-24 15:00:00,15,3933.2,5.9
2023-11-24 16:00:00,16,3894.6,4.9
2023-11-24 17:00:00,17,3591.6,3.1
2023-11-24 18:00:00,18,2933.7,3.6
2023-11-24 19:00:00,19,2052.8,3.0
2023-11-24 20:00:00,20,1068.7,2.7
2023-11-24 21:00:00,21,212.5,2.0
2023-11-24 22:00:00,22,,1.7
2023-11-24 23:00:00,23,,2.0
2023-11-25 00:00:00,0,,1.5
2023-11-25 01:00:00,1,,1.7
2023-11-25 02:00:00,2,,1.3
2023-11-25 03:00:00,3,,1.4
2023-11-25 04:00:00,4,,0.6
2023-11-25 05:00:00,5,,0.9
2023-11-25 06:00:00,6,,1.4
2023-11-25 07:00:00,7,,1.5
2023-11-25 08:00:00,8,,0.0
2023-11-25 09:00:00,9,130.9,0.0
2023-11-25 10:00:00,10,940.0,2.3
2023-11-25 11:00:00,11,1638.2,3.1
2023-11-25 12:00:00,12,1944.8,3.5
2023-11-25 13:00:00,13,2219.0,4.3
2023-11-25 14:00:00,14,3503.0,5.4
2023-11-25 15:00:00,15,3913.8,5.5
2023-11-25 16:00:00,16,3864.7,3.8
2023-11-25 17:00:00,17,3562.4,3.7
2023-11-25 18:00:00,18,2887.6,3.3
2023-11-25 19:00:00,19,1994.2,2.7
2023-11-25 20:00:00,20,1024.0,2.3
2023-11-25 21:00:00,21,214.4,0.6
2023-11-25 22:00:00,22,,3.0
2023-11-25 23:00:00,23,,4.0
2023-11-26 00:00:00,0,,4.6
2023-11-26 01:00:00,1,,5.5
2023-11-26 02:00:00,2,,5.8
2023-11-26 03:00:00,3,,6.0
2023-11-26 04:00:00,4,,8.7
2023-11-26 05:00:00,5,,7.6
2023-11-26 06:00:00,6,,7.1
2023-11-26 07:00:00,7,,5.8
2023-11-26 08:00:00,8,,7.8
2023-11-26 09:00:00,9,144.7,6.7
2023-11-26 10:00:00,10,1007.9,6.8
2023-11-26 11:00:00,11,1709.0,7.0
2023-11-26 12:00:00,12,2448.4,6.7
2023-11-26 13:00:00,13,3062.7,5.5
2023-11-26 14:00:00,14,3604.4,6.2
2023-11-26 15:00:00,15,3968.6,5.8
2023-11-26 16:00:00,16,3937.8,5.4
2023-11-26 17:00:00,17,3640.0,6.2
2023-11-26 18:00:00,18,2980.2,4.7
2023-11-26 19:00:00,19,2102.5,5.2
2023-11-26 20:00:00,20,1115.7,4.0
2023-11-26 21:00:00,21,238.2,3.1
2023-11-26 22:00:00,22,,2.9
2023-11-26 23:00:00,23,,2.2
2023-11-27 00:00:00,0,,2.0
2023-11-27 01:00:00,1,,2.3
2023-11-27 02:00:00,2,,2.7
2023-11-27 03:00:00,3,,2.3
2023-11-27 04:00:00,4,,1.7
2023-11-27 05:00:00,5,,4.4
2023-11-27 06:00:00,6,,6.3
2023-11-27 07:00:00,7,,6.2
2023-11-27 08:00:00,8,,4.7
2023-11-27 09:00:00,9,147.4,3.3
2023-11-27 10:00:00,10,997.2,5.2
2023-11-27 11:00:00,11,1729.8,6.2
2023-11-27 12:00:00,12,2458.8,5.6
2023-11-27 13:00:00,13,3064.2,5.9
2023-11-27 14:00:00,14,3603.8,5.4
2023-11-27 15:00:00,15,3982.1,5.9
2023-11-27 16:00:00,16,3981.0,5.5
2023-11-27 17:00:00,17,3695.7,4.1
2023-11-27 18:00:00,18,3048.8,2.4
2023-11-27 19:00:00,19,2138.0,0.0
2023-11-27 20:00:00,20,1141.8,2.2
2023-11-27 21:00:00,21,246.7,1.9
2023-11-27 22:00:00,22,,1.6
2023-11-27 23:00:00,23,,2.1
2023-11-28 00:00:00,0,,2.4
2023-11-28 01:00:00,1,,2.9
2023-11-28 02:00:00,2,,1.0
2023-11-28 03:00:00,3,,1.6
2023-11-28 04:00:00,4,,0.3
2023-11-28 05:00:00,5,,2.3
2023-11-28 06:00:00,6,,5.2
2023-11-28 07:00:00,7,,5.6
2023-11-28 08:00:00,8,,5.3
2023-11-28 09:00:00,9,137.1,5.8
2023-11-28 10:00:00,10,888.3,5.7
2023-11-28 11:00:00,11,1690.0,7.3
2023-11-28 12:00:00,12,2425.0,5.5
2023-11-28 13:00:00,13,2979.3,5.3
2023-11-28 14:00:00,14,3503.8,5.2
2023-11-28 15:00:00,15,3816.3,5.0
2023-11-28 16:00:00,16,3721.8,4.8
2023-11-28 17:00:00,17,3489.8,5.9
2023-11-28 18:00:00,18,2973.2,7.5
2023-11-28 19:00:00,19,2231.6,5.6
2023-11-28 20:00:00,20,865.3,4.7
2023-11-28 21:00:00,21,217.5,3.8
2023-11-28 22:00:00,22,,2.8
2023-11-28 23:00:00,23,,1.5
2023-11-29 00:00:00,0,,2.5
2023-11-29 01:00:00,1,,1.7
2023-11-29 02:00:00,2,,1.9
2023-11-29 03:00:00,3,,1.7
2023-11-29 04:00:00,4,,1.7
2023-11-29 05:00:00,5,,4.1
2023-11-29 06:00:00,6,,4.1
2023-11-29 07:00:00,7,,4.0
2023-11-29 08:00:00,8,,3.4
2023-11-29 09:00:00,9,134.1,2.9
2023-11-29 10:00:00,10,956.2,3.8
2023-11-29 11:00:00,11,1700.9,5.8
2023-11-29 12:00:00,12,2435.9,5.6
2023-11-29 13:00:00,13,3056.7,5.3
2023-11-29 14:00:00,14,3608.1,6.1
2023-11-29 15:00:00,15,4026.3,5.7
2023-11-29 16:00:00,16,3991.4,4.9
2023-11-29 17:00:00,17,3689.8,5.1
2023-11-29 18:00:00,18,3036.1,4.1
2023-11-29 19:00:00,19,2168.3,3.6
2023-11-29 20:00:00,20,1166.8,2.4
2023-11-29 21:00:00,21,261.1,2.2
2023-11-29 22:00:00,22,,3.3
2023-11-29 23:00:00,23,,2.6
2023-11-30 00:00:00,0,,2.6
2023-11-30 01:00:00,1,,1.6
2023-11-30 02:00:00,2,,3.7
2023-11-30 03:00:00,3,,2.7
2023-11-30 04:00:00,4,,4.9
2023-11-30 05:00:00,5,,4.9
2023-11-30 06:00:00,6,,4.9
2023-11-30 07:00:00,7,,5.1
2023-11-30 08:00:00,8,,4.0
2023-11-30 09:00:00,9,143.0,3.2
2023-11-30 10:00:00,10,1001.1,5.4
2023-11-30 11:00:00,11,1748.1,5.2
2023-11-30 12:00:00,12,2478.6,5.9
2023-11-30 13:00:00,13,3102.4,6.5
2023-11-30 14:00:00,14,3641.5,5.0
2023-11-30 15:00:00,15,4036.7,5.6
2023-11-30 16:00:00,16,4057.1,4.8
2023-11-30 17:00:00,17,3760.8,4.7
2023-11-30 18:00:00,18,3065.2,4.1
2023-11-30 19:00:00,19,2164.3,3.3
2023-11-30 20:00:00,20,1145.4,2.5
2023-11-30 21:00:00,21,253.3,1.8
2023-11-30 22:00:00,22,,3.2
2023-11-30 23:00:00,23,,2.1
2023-12-01 00:00:00,0,,2.0
2023-12-01 01:00:00,1,,2.3
2023-12-01 02:00:00,2,,1.6
2023-12-01 03:00:00,3,,1.5
2023-12-01 04:00:00,4,,0.8
2023-12-01 05:00:00,5,,0.0
2023-12-01 06:00:00,6,,2.7
2023-12-01 07:00:00,7,,2.2
2023-12-01 08:00:00,8,,1.0
2023-12-01 09:00:00,9,136.3,2.5
2023-12-01 10:00:00,10,966.2,3.8
2023-12-01 11:00:00,11,1695.9,2.2
2023-12-01 12:00:00,12,2404.7,3.3
2023-12-01 13:00:00,13,2957.4,3.8
2023-12-01 14:00:00,14,3535.2,6.3
2023-12-01 15:00:00,15,3915.7,6.9
2023-12-01 16:00:00,16,3916.6,6.6
2023-12-01 17:00:00,17,3617.2,5.5
2023-12-01 18:00:00,18,2950.2,4.4
2023-12-01 19:00:00,19,2080.8,4.1
2023-12-01 20:00:00,20,1118.3,2.2
2023-12-01 21:00:00,21,257.0,0.4
2023-12-01 22:00:00,22,,0.9
2023-12-01 23:00:00,23,,1.9
2023-12-02 00:00:00,0,,1.1
2023-12-02 01:00:00,1,,2.1
2023-12-02 02:00:00,2,,0.3
2023-12-02 03:00:00,3,,1.1
2023-12-02 04:00:00,4,,0.0
2023-12-02 05:00:00,5,,1.5
2023-12-02 06:00:00,6,,1.3
2023-12-02 07:00:00,7,,1.8
2023-12-02 08:00:00,8,,2.5
2023-12-02 09:00:00,9,130.9,5.0
2023-12-02 10:00:00,10,958.8,5.6
2023-12-02 11:00:00,11,1736.7,4.7
2023-12-02 12:00:00,12,2361.6,5.9
2023-12-02 13:00:00,13,2927.6,4.3
2023-12-02 14:00:00,14,3628.0,5.5
2023-12-02 15:00:00,15,3974.0,7.1
2023-12-02 16:00:00,16,3875.6,5.9
2023-12-02 17:00:00,17,3575.9,5.2
2023-12-02 18:00:00,18,2919.8,3.9
2023-12-02 19:00:00,19,2078.7,3.7
2023-12-02 20:00:00,20,1080.0,2.6
2023-12-02 21:00:00,21,110.8,2.3
2023-12-02 22:00:00,22,,1.8
2023-12-02 23:00:00,23,,1.9
2023-12-03 00:00:00,0,,1.7
2023-12-03 01:00:00,1,,2.2
2023-12-03 02:00:00,2,,1.5
2023-12-03 03:00:00,3,,2.2
2023-12-03 04:00:00,4,,1.7
2023-12-03 05:00:00,5,,0.5
2023-12-03 06:00:00,6,,2.0
2023-12-03 07:00:00,7,,1.3
2023-12-03 08:00:00,8,,3.4
2023-12-03 09:00:00,9,44.6,2.9
2023-12-03 10:00:00,10,747.7,4.6
2023-12-03 11:00:00,11,1623.3,4.5
2023-12-03 12:00:00,12,2407.3,6.5
2023-12-03 13:00:00,13,2566.3,5.9
2023-12-03 14:00:00,14,3231.4,6.6
2023-12-03 15:00:00,15,3693.7,5.6
2023-12-03 16:00:00,16,3587.8,5.6
2023-12-03 17:00:00,17,3481.6,4.5
2023-12-03 18:00:00,18,2808.4,3.9
2023-12-03 19:00:00,19,1925.7,3.0
2023-12-03 20:00:00,20,1117.4,2.1
2023-12-03 21:00:00,21,207.2,0.0
2023-12-03 22:00:00,22,,0.0
2023-12-03 23:00:00,23,,2.9
2023-12-04 00:00:00,0,,2.2
2023-12-04 01:00:00,1,,1.7
2023-12-04 02:00:00,2,,0.0
2023-12-04 03:00:00,3,,0.0
2023-12-04 04:00:00,4,,1.1
2023-12-04 05:00:00,5,,0.0
2023-12-04 06:00:00,6,,0.0
2023-12-04 07:00:00,7,,0.0
2023-12-04 08:00:00,8,,1.1
2023-12-04 09:00:00,9,73.9,0.8
2023-12-04 10:00:00,10,575.2,0.6
2023-12-04 11:00:00,11,1066.9,0.1
2023-12-04 12:00:00,12,912.3,1.3
2023-12-04 13:00:00,13,447.6,3.0
2023-12-04 14:00:00,14,805.1,3.2
2023-12-04 15:00:00,15,762.0,2.6
2023-12-04 16:00:00,16,669.9,3.4
2023-12-04 17:00:00,17,1161.9,2.6
2023-12-04 18:00:00,18,2003.2,3.2
2023-12-04 19:00:00,19,1077.5,1.6
2023-12-04 20:00:00,20,565.6,0.5
2023-12-04 21:00:00,21,146.6,0.0
2023-12-04 22:00:00,22,,1.4
2023-12-04 23:00:00,23,,1.2
2023-12-05 00:00:00,0,,1.8
2023-12-05 01:00:00,1,,1.3
2023-12-05 02:00:00,2,,1.8
2023-12-05 03:00:00,3,,2.1
2023-12-05 04:00:00,4,,3.2
2023-12-05 05:00:00,5,,2.9
2023-12-05 06:00:00,6,,3.7
2023-12-05 07:00:00,7,,2.5
2023-12-05 08:00:00,8,,2.2
2023-12-05 09:00:00,9,59.4,1.7
2023-12-05 10:00:00,10,737.8,0.0
2023-12-05 11:00:00,11,1370.3,2.3
2023-12-05 12:00:00,12,2281.6,2.5
2023-12-05 13:00:00,13,2842.1,4.4
2023-12-05 14:00:00,14,3397.2,5.1
2023-12-05 15:00:00,15,3587.7,5.2
2023-12-05 16:00:00,16,3825.1,4.5
2023-12-05 17:00:00,17,3602.0,4.9
2023-12-05 18:00:00,18,2957.9,4.5
2023-12-05 19:00:00,19,2106.7,3.7
2023-12-05 20:00:00,20,1129.6,3.0
2023-12-05 21:00:00,21,219.5,2.5
2023-12-05 22:00:00,22,,2.3
2023-12-05 23:00:00,23,,2.5
2023-12-06 00:00:00,0,,1.8
2023-12-06 01:00:00,1,,2.0
2023-12-06 02:00:00,2,,1.6
2023-12-06 03:00:00,3,,1.2
2023-12-06 04:00:00,4,,3.3
2023-12-06 05:00:00,5,,5.2
2023-12-06 06:00:00,6,,3.0
2023-12-06 07:00:00,7,,4.7
2023-12-06 08:00:00,8,,3.7
2023-12-06 09:00:00,9,125.3,4.0
2023-12-06 10:00:00,10,745.0,4.6
2023-12-06 11:00:00,11,1665.4,5.7
2023-12-06 12:00:00,12,2369.1,6.1
2023-12-06 13:00:00,13,2965.3,4.9
2023-12-06 14:00:00,14,3474.8,5.6
2023-12-06 15:00:00,15,3904.1,4.8
2023-12-06 16:00:00,16,3926.6,4.9
2023-12-06 17:00:00,17,3651.4,5.1
2023-12-06 18:00:00,18,2999.1,5.5
2023-12-06 19:00:00,19,2150.2,4.5
2023-12-06 20:00:00,20,1176.9,4.2
2023-12-06 21:00:00,21,284.5,3.0
2023-12-06 22:00:00,22,,3.4
2023-12-06 23:00:00,23,,4.5
2023-12-07 00:00:00,0,,6.1
2023-12-07 01:00:00,1,,6.0
2023-12-07 02:00:00,2,,6.5
2023-12-07 03:00:00,3,,5.3
2023-12-07 04:00:00,4,,4.3
2023-12-07 05:00:00,5,,4.9
2023-12-07 06:00:00,6,,4.1
2023-12-07 07:00:00,7,,4.9
2023-12-07 08:00:00,8,,3.7
2023-12-07 09:00:00,9,126.1,4.3
2023-12-07 10:00:00,10,951.9,5.8
2023-12-07 11:00:00,11,1663.4,6.3
2023-12-07 12:00:00,12,2397.1,6.3
2023-12-07 13:00:00,13,2959.9,6.1
2023-12-07 14:00:00,14,3442.5,6.0
2023-12-07 15:00:00,15,3909.2,5.5
2023-12-07 16:00:00,16,3938.4,5.0
2023-12-07 17:00:00,17,3722.9,5.0
2023-12-07 18:00:00,18,3071.8,3.8
2023-12-07 19:00:00,19,2191.1,3.7
2023-12-07 20:00:00,20,1203.2,2.3
2023-12-07 21:00:00,21,203.1,0.4
2023-12-07 22:00:00,22,,3.0
2023-12-07 23:00:00,23,,2.7
2023-12-08 00:00:00,0,,2.4
2023-12-08 01:00:00,1,,2.8
2023-12-08 02:00:00,2,,3.8
2023-12-08 03:00:00,3,,6.0
2023-12-08 04:00:00,4,,5.2
2023-12-08 05:00:00,5,,3.3
2023-12-08 06:00:00,6,,3.5
2023-12-08 07:00:00,7,,1.7
2023-12-08 08:00:00,8,,1.6
2023-12-08 09:00:00,9,126.5,2.6
2023-12-08 10:00:00,10,861.9,5.0
2023-12-08 11:00:00,11,1656.6,5.5
2023-12-08 12:00:00,12,2257.8,5.7
2023-12-08 13:00:00,13,2780.8,5.7
2023-12-08 14:00:00,14,3286.2,5.6
2023-12-08 15:00:00,15,3666.5,4.8
2023-12-08 16:00:00,16,3804.9,4.1
2023-12-08 17:00:00,17,3551.2,2.9
2023-12-08 18:00:00,18,2954.2,2.4
2023-12-08 19:00:00,19,2214.6,2.7
2023-12-08 20:00:00,20,1126.6,1.0
2023-12-08 21:00:00,21,222.0,0.0
2023-12-08 22:00:00,22,,0.0
2023-12-08 23:00:00,23,,0.0
2023-12-09 00:00:00,0,,2.0
2023-12-09 01:00:00,1,,2.5
2023-12-09 02:00:00,2,,3.4
2023-12-09 03:00:00,3,,2.0
2023-12-09 04:00:00,4,,1.6
2023-12-09 05:00:00,5,,5.1
2023-12-09 06:00:00,6,,3.3
2023-12-09 07:00:00,7,,2.4
2023-12-09 08:00:00,8,,2.1
2023-12-09 09:00:00,9,106.1,1.6
2023-12-09 10:00:00,10,853.8,4.1
2023-12-09 11:00:00,11,1446.2,5.2
2023-12-09 12:00:00,12,2063.1,5.5
2023-12-09 13:00:00,13,2838.2,6.2
2023-12-09 14:00:00,14,3006.3,5.3
2023-12-09 15:00:00,15,3368.5,5.4
2023-12-09 16:00:00,16,1926.9,4.6
2023-12-09 17:00:00,17,2615.2,5.5
2023-12-09 18:00:00,18,2873.2,1.6
2023-12-09 19:00:00,19,1360.4,3.3
2023-12-09 20:00:00,20,882.9,2.9
2023-12-09 21:00:00,21,247.0,1.6
2023-12-09 22:00:00,22,,1.6
2023-12-09 23:00:00,23,,2.5
2023-12-10 00:00:00,0,,7.0
2023-12-10 01:00:00,1,8.5,4.0
2023-12-10 02:00:00,2,4.5,2.8
2023-12-10 03:00:00,3,8.5,1.7
2023-12-10 04:00:00,4,0.9,2.0
2023-12-10 05:00:00,5,,2.2
2023-12-10 06:00:00,6,,2.3
2023-12-10 07:00:00,7,,5.4
2023-12-10 08:00:00,8,,5.2
2023-12-10 09:00:00,9,10.3,4.4
2023-12-10 10:00:00,10,179.4,3.5
2023-12-10 11:00:00,11,534.2,3.4
2023-12-10 12:00:00,12,1454.7,5.9
2023-12-10 13:00:00,13,2923.3,4.9
2023-12-10 14:00:00,14,3397.9,5.4
2023-12-10 15:00:00,15,3836.6,4.1
2023-12-10 16:00:00,16,3896.8,5.3
2023-12-10 17:00:00,17,3652.4,4.5
2023-12-10 18:00:00,18,3020.1,3.7
2023-12-10 19:00:00,19,2166.3,3.1
2023-12-10 20:00:00,20,1189.4,2.1
2023-12-10 21:00:00,21,244.2,1.4
2023-12-10 22:00:00,22,,2.0
2023-12-10 23:00:00,23,,3.4
2023-12-11 00:00:00,0,,2.0
2023-12-11 01:00:00,1,,4.0
2023-12-11 02:00:00,2,,4.2
2023-12-11 03:00:00,3,,3.8
2023-12-11 04:00:00,4,,5.9
2023-12-11 05:00:00,5,,5.4
2023-12-11 06:00:00,6,,4.5
2023-12-11 07:00:00,7,,2.2
2023-12-11 08:00:00,8,,3.5
2023-12-11 09:00:00,9,143.1,4.2
2023-12-11 10:00:00,10,944.2,6.0
2023-12-11 11:00:00,11,1607.7,6.5
2023-12-11 12:00:00,12,2222.7,7.4
2023-12-11 13:00:00,13,2913.0,7.2
2023-12-11 14:00:00,14,3384.5,7.3
2023-12-11 15:00:00,15,3839.5,7.8
2023-12-11 16:00:00,16,3938.9,6.3
2023-12-11 17:00:00,17,3651.7,5.6
2023-12-11 18:00:00,18,3019.3,4.1
2023-12-11 19:00:00,19,2128.2,3.4
2023-12-11 20:00:00,20,1199.3,2.7
2023-12-11 21:00:00,21,282.0,1.9
2023-12-11 22:00:00,22,,1.4
2023-12-11 23:00:00,23,,2.2
2023-12-12 00:00:00,0,,2.1
2023-12-12 01:00:00,1,,1.5
2023-12-12 02:00:00,2,,2.6
2023-12-12 03:00:00,3,,1.7
2023-12-12 04:00:00,4,,1.7
2023-12-12 05:00:00,5,,3.1
2023-12-12 06:00:00,6,,3.1
2023-12-12 07:00:00,7,,3.5
2023-12-12 08:00:00,8,,2.6
2023-12-12 09:00:00,9,96.4,4.0
2023-12-12 10:00:00,10,856.8,5.3
2023-12-12 11:00:00,11,1628.0,7.0
2023-12-12 12:00:00,12,2309.6,6.4
2023-12-12 13:00:00,13,2953.4,6.8
2023-12-12 14:00:00,14,3447.0,6.6
2023-12-12 15:00:00,15,3884.4,5.5
2023-12-12 16:00:00,16,3929.6,3.8
2023-12-12 17:00:00,17,3658.6,3.2
2023-12-12 18:00:00,18,3016.5,2.3
2023-12-12 19:00:00,19,2144.8,1.0
2023-12-12 20:00:00,20,1173.8,0.0
2023-12-12 21:00:00,21,297.3,0.0
2023-12-12 22:00:00,22,,0.0
2023-12-12 23:00:00,23,,2.5
2023-12-13 00:00:00,0,,2.9
2023-12-13 01:00:00,1,,4.0
2023-12-13 02:00:00,2,,2.8
2023-12-13 03:00:00,3,,1.5
2023-12-13 04:00:00,4,,5.9
2023-12-13 05:00:00,5,,4.1
2023-12-13 06:00:00,6,,4.9
2023-12-13 07:00:00,7,,4.4
2023-12-13 08:00:00,8,,3.8
2023-12-13 09:00:00,9,100.1,4.2
2023-12-13 10:00:00,10,867.1,5.4
2023-12-13 11:00:00,11,1644.4,6.5
2023-12-13 12:00:00,12,2309.6,7.0
2023-12-13 13:00:00,13,2912.2,5.6
2023-12-13 14:00:00,14,3389.7,5.2
2023-12-13 15:00:00,15,3843.7,4.7
2023-12-13 16:00:00,16,3917.6,5.1
2023-12-13 17:00:00,17,3663.1,4.7
2023-12-13 18:00:00,18,3020.0,4.5
2023-12-13 19:00:00,19,2181.5,3.9
2023-12-13 20:00:00,20,1209.2,3.7
2023-12-13 21:00:00,21,283.1,3.4
2023-12-13 22:00:00,22,,3.9
2023-12-13 23:00:00,23,,3.9
2023-12-14 00:00:00,0,,3.2
2023-12-14 01:00:00,1,,3.0
2023-12-14 02:00:00,2,,3.9
2023-12-14 03:00:00,3,,5.9
2023-12-14 04:00:00,4,,5.0
2023-12-14 05:00:00,5,,4.7
2023-12-14 06:00:00,6,,5.6
2023-12-14 07:00:00,7,,4.9
2023-12-14 08:00:00,8,,3.9
2023-12-14 09:00:00,9,107.1,6.3
2023-12-14 10:00:00,10,905.9,6.0
2023-12-14 11:00:00,11,1678.1,7.3
2023-12-14 12:00:00,12,2251.2,7.2
2023-12-14 13:00:00,13,2970.6,7.3
2023-12-14 14:00:00,14,3471.4,5.7
2023-12-14 15:00:00,15,3861.5,6.1
2023-12-14 16:00:00,16,3560.3,6.0
2023-12-14 17:00:00,17,2373.7,4.4
2023-12-14 18:00:00,18,2285.4,4.7
2023-12-14 19:00:00,19,2030.0,5.1
2023-12-14 20:00:00,20,1096.5,4.7
2023-12-14 21:00:00,21,140.1,4.2
2023-12-14 22:00:00,22,,4.7
2023-12-14 23:00:00,23,,3.5
2023-12-15 00:00:00,0,,4.1
2023-12-15 01:00:00,1,,3.7
2023-12-15 02:00:00,2,,4.4
2023-12-15 03:00:00,3,,5.1
2023-12-15 04:00:00,4,,5.0
2023-12-15 05:00:00,5,,7.1
2023-12-15 06:00:00,6,,6.8
2023-12-15 07:00:00,7,,6.1
2023-12-15 08:00:00,8,,5.7
2023-12-15 09:00:00,9,32.6,3.2
2023-12-15 10:00:00,10,629.4,4.6
2023-12-15 11:00:00,11,1721.8,5.9
2023-12-15 12:00:00,12,1948.0,6.0
2023-12-15 13:00:00,13,3090.5,6.3
2023-12-15 14:00:00,14,2638.6,6.2
2023-12-15 15:00:00,15,2625.7,5.8
2023-12-15 16:00:00,16,3408.5,5.8
2023-12-15 17:00:00,17,3377.7,6.4
2023-12-15 18:00:00,18,2392.1,5.6
2023-12-15 19:00:00,19,1575.8,5.2
2023-12-15 20:00:00,20,1156.3,5.9
2023-12-15 21:00:00,21,368.6,5.0
2023-12-15 22:00:00,22,0.6,2.7
2023-12-15 23:00:00,23,,2.3
2023-12-16 00:00:00,0,,2.8
2023-12-16 01:00:00,1,,2.4
2023-12-16 02:00:00,2,,1.7
2023-12-16 03:00:00,3,,2.7
2023-12-16 04:00:00,4,,2.5
2023-12-16 05:00:00,5,,3.3
2023-12-16 06:00:00,6,,3.2
2023-12-16 07:00:00,7,,3.5
2023-12-16 08:00:00,8,,3.6
2023-12-16 09:00:00,9,33.8,3.5
2023-12-16 10:00:00,10,335.6,4.9
2023-12-16 11:00:00,11,792.8,4.6
2023-12-16 12:00:00,12,1965.2,5.8
2023-12-16 13:00:00,13,2919.3,4.4
2023-12-16 14:00:00,14,3392.5,4.7
2023-12-16 15:00:00,15,3823.4,3.5
2023-12-16 16:00:00,16,3910.3,3.2
2023-12-16 17:00:00,17,3662.0,2.9
2023-12-16 18:00:00,18,2916.9,0.8
2023-12-16 19:00:00,19,2155.6,2.2
2023-12-16 20:00:00,20,867.8,1.4
2023-12-16 21:00:00,21,294.2,0.0
2023-12-16 22:00:00,22,,0.0
2023-12-16 23:00:00,23,,2.2
2023-12-17 00:00:00,0,,2.2
2023-12-17 01:00:00,1,,1.4
2023-12-17 02:00:00,2,,2.8
2023-12-17 03:00:00,3,,2.0
2023-12-17 04:00:00,4,,5.1
2023-12-17 05:00:00,5,,5.6
2023-12-17 06:00:00,6,,5.6
2023-12-17 07:00:00,7,,3.7
2023-12-17 08:00:00,8,,5.4
2023-12-17 09:00:00,9,38.3,3.9
2023-12-17 10:00:00,10,649.0,4.5
2023-12-17 11:00:00,11,1446.5,5.0
2023-12-17 12:00:00,12,2200.1,4.4
2023-12-17 13:00:00,13,2777.6,3.5
2023-12-17 14:00:00,14,3267.2,3.2
2023-12-17 15:00:00,15,3042.7,3.1
2023-12-17 16:00:00,16,3252.0,3.4
2023-12-17 17:00:00,17,2978.9,3.0
2023-12-17 18:00:00,18,2502.4,1.9
2023-12-17 19:00:00,19,1932.5,2.2
2023-12-17 20:00:00,20,1013.7,2.9
2023-12-17 21:00:00,21,324.4,2.2
2023-12-17 22:00:00,22,,2.4
2023-12-17 23:00:00,23,,1.4
2023-12-18 00:00:00,0,,2.7
2023-12-18 01:00:00,1,,3.7
2023-12-18 02:00:00,2,,2.7
2023-12-18 03:00:00,3,,2.4
2023-12-18 04:00:00,4,,2.5
2023-12-18 05:00:00,5,,3.0
2023-12-18 06:00:00,6,,2.9
2023-12-18 07:00:00,7,,3.3
2023-12-18 08:00:00,8,,2.8
2023-12-18 09:00:00,9,5.8,1.7
2023-12-18 10:00:00,10,249.5,2.0
2023-12-18 11:00:00,11,912.5,2.5
2023-12-18 12:00:00,12,1460.2,2.9
2023-12-18 13:00:00,13,1830.5,2.6
2023-12-18 14:00:00,14,2893.1,3.9
2023-12-18 15:00:00,15,3676.5,3.0
2023-12-18 16:00:00,16,2324.7,3.0
2023-12-18 17:00:00,17,1431.3,3.1
2023-12-18 18:00:00,18,1342.2,3.4
2023-12-18 19:00:00,19,1056.0,3.1
2023-12-18 20:00:00,20,899.7,3.1
2023-12-18 21:00:00,21,232.3,1.1
2023-12-18 22:00:00,22,,1.9
2023-12-18 23:00:00,23,,1.5
2023-12-19 00:00:00,0,,2.5
2023-12-19 01:00:00,1,,3.3
2023-12-19 02:00:00,2,,1.9
2023-12-19 03:00:00,3,,0.7
2023-12-19 04:00:00,4,,2.0
2023-12-19 05:00:00,5,,1.6
2023-12-19 06:00:00,6,,2.0
2023-12-19 07:00:00,7,,0.6
2023-12-19 08:00:00,8,,0.1
2023-12-19 09:00:00,9,85.4,1.4
2023-12-19 10:00:00,10,805.8,1.6
2023-12-19 11:00:00,11,1562.5,2.0
2023-12-19 12:00:00,12,2166.5,3.1
2023-12-19 13:00:00,13,2490.0,1.6
2023-12-19 14:00:00,14,1824.8,3.5
2023-12-19 15:00:00,15,2021.6,3.0
2023-12-19 16:00:00,16,3373.6,3.8
2023-12-19 17:00:00,17,2515.7,3.5
2023-12-19 18:00:00,18,1248.9,3.1
2023-12-19 19:00:00,19,653.7,3.0
2023-12-19 20:00:00,20,1082.4,1.8
2023-12-19 21:00:00,21,193.6,6.0
2023-12-19 22:00:00,22,,2.4
2023-12-19 23:00:00,23,,0.9
2023-12-20 00:00:00,0,,1.7
2023-12-20 01:00:00,1,,2.7
2023-12-20 02:00:00,2,,2.1
2023-12-20 03:00:00,3,,1.6
2023-12-20 04:00:00,4,,0.9
2023-12-20 05:00:00,5,,2.6
2023-12-20 06:00:00,6,1.2,4.0
2023-12-20 07:00:00,7,,3.3
2023-12-20 08:00:00,8,3.4,1.2
2023-12-20 09:00:00,9,5.1,0.9
2023-12-20 10:00:00,10,22.8,4.5
2023-12-20 11:00:00,11,157.1,6.2
2023-12-20 12:00:00,12,165.3,2.7
2023-12-20 13:00:00,13,274.6,1.6
2023-12-20 14:00:00,14,1001.9,0.0
2023-12-20 15:00:00,15,1795.3,2.7
2023-12-20 16:00:00,16,863.5,2.7
2023-12-20 17:00:00,17,1669.4,2.6
2023-12-20 18:00:00,18,1343.9,3.3
2023-12-20 19:00:00,19,1635.6,3.6
2023-12-20 20:00:00,20,959.3,5.1
2023-12-20 21:00:00,21,177.3,3.9
2023-12-20 22:00:00,22,,2.2
2023-12-20 23:00:00,23,,4.3
2023-12-21 00:00:00,0,,2.3
2023-12-21 01:00:00,1,,1.1
2023-12-21 02:00:00,2,,0.3
2023-12-21 03:00:00,3,,0.1
2023-12-21 04:00:00,4,,2.1
2023-12-21 05:00:00,5,,1.7
2023-12-21 06:00:00,6,,1.8
2023-12-21 07:00:00,7,,2.1
2023-12-21 08:00:00,8,,2.1
2023-12-21 09:00:00,9,34.3,1.8
2023-12-21 10:00:00,10,301.9,1.8
2023-12-21 11:00:00,11,553.6,0.0
2023-12-21 12:00:00,12,1531.2,3.8
2023-12-21 13:00:00,13,1693.2,3.9
2023-12-21 14:00:00,14,1779.7,5.1
2023-12-21 15:00:00,15,1747.3,4.1
2023-12-21 16:00:00,16,2970.1,5.5
2023-12-21 17:00:00,17,3180.4,5.2
2023-12-21 18:00:00,18,2193.4,6.1
2023-12-21 19:00:00,19,1475.6,0.0
2023-12-21 20:00:00,20,1072.2,0.0
2023-12-21 21:00:00,21,207.3,0.0
2023-12-21 22:00:00,22,,0.0
2023-12-21 23:00:00,23,,0.0
2023-12-22 00:00:00,0,,0.0
2023-12-22 01:00:00,1,,0.0
2023-12-22 02:00:00,2,,0.0
2023-12-22 03:00:00,3,,0.0
2023-12-22 04:00:00,4,,0.0
2023-12-22 05:00:00,5,,0.0
2023-12-22 06:00:00,6,,0.0
2023-12-22 07:00:00,7,,0.0
2023-12-22 08:00:00,8,,0.0
2023-12-22 09:00:00,9,22.9,0.0
2023-12-22 10:00:00,10,231.5,0.0
2023-12-22 11:00:00,11,1011.8,0.0
2023-12-22 12:00:00,12,2204.2,0.0
2023-12-22 13:00:00,13,2745.0,0.0
2023-12-22 14:00:00,14,2861.4,0.0
2023-12-22 15:00:00,15,2489.3,0.0
2023-12-22 16:00:00,16,2987.9,0.0
2023-12-22 17:00:00,17,3370.8,0.0
2023-12-22 18:00:00,18,3128.9,0.0
2023-12-22 19:00:00,19,2330.7,0.0
2023-12-22 20:00:00,20,872.4,0.0
2023-12-22 21:00:00,21,273.5,0.0
2023-12-22 22:00:00,22,,0.0
2023-12-22 23:00:00,23,,0.0
2023-12-23 00:00:00,0,,0.0
2023-12-23 01:00:00,1,,0.0
2023-12-23 02:00:00,2,,0.0
2023-12-23 03:00:00,3,,0.0
2023-12-23 04:00:00,4,,0.0
2023-12-23 05:00:00,5,,0.0
2023-12-23 06:00:00,6,,0.0
2023-12-23 07:00:00,7,,0.0
2023-12-23 08:00:00,8,,0.0
2023-12-23 09:00:00,9,85.4,0.0
2023-12-23 10:00:00,10,798.9,0.0
2023-12-23 11:00:00,11,1607.1,0.0
2023-12-23 12:00:00,12,2299.1,6.0
2023-12-23 13:00:00,13,2891.4,5.7
2023-12-23 14:00:00,14,3385.4,6.1
2023-12-23 15:00:00,15,3856.7,4.4
2023-12-23 16:00:00,16,3943.9,4.9
2023-12-23 17:00:00,17,3704.5,4.6
2023-12-23 18:00:00,18,3084.6,3.9
2023-12-23 19:00:00,19,2257.5,4.1
2023-12-23 20:00:00,20,1290.8,2.9
2023-12-23 21:00:00,21,377.9,2.6
2023-12-23 22:00:00,22,0.1,1.4
2023-12-23 23:00:00,23,,2.1
2023-12-24 00:00:00,0,,1.5
2023-12-24 01:00:00,1,,1.1
2023-12-24 02:00:00,2,,2.0
2023-12-24 03:00:00,3,,1.8
2023-12-24 04:00:00,4,,1.0
2023-12-24 05:00:00,5,,1.7
2023-12-24 06:00:00,6,,1.7
2023-12-24 07:00:00,7,,3.3
2023-12-24 08:00:00,8,,2.3
2023-12-24 09:00:00,9,75.0,3.0
2023-12-24 10:00:00,10,798.0,3.1
2023-12-24 11:00:00,11,1588.5,4.8
2023-12-24 12:00:00,12,2244.2,6.0
2023-12-24 13:00:00,13,2875.0,6.1
2023-12-24 14:00:00,14,3374.3,5.8
2023-12-24 15:00:00,15,3797.5,5.8
2023-12-24 16:00:00,16,3763.6,6.1
2023-12-24 17:00:00,17,3734.0,5.7
2023-12-24 18:00:00,18,3148.2,4.8
2023-12-24 19:00:00,19,2041.0,3.8
2023-12-24 20:00:00,20,1124.7,3.5
2023-12-24 21:00:00,21,373.7,2.7
2023-12-24 22:00:00,22,,3.8
2023-12-24 23:00:00,23,,3.6
2023-12-25 00:00:00,0,,3.9
2023-12-25 01:00:00,1,,2.9
2023-12-25 02:00:00,2,,2.2
2023-12-25 03:00:00,3,,2.0
2023-12-25 04:00:00,4,,2.2
2023-12-25 05:00:00,5,,2.4
2023-12-25 06:00:00,6,,1.1
2023-12-25 07:00:00,7,,3.9
2023-12-25 08:00:00,8,,2.2
2023-12-25 09:00:00,9,75.1,3.6
2023-12-25 10:00:00,10,812.8,4.8
2023-12-25 11:00:00,11,1616.1,5.5
2023-12-25 12:00:00,12,2268.8,6.8
2023-12-25 13:00:00,13,2890.7,8.0
2023-12-25 14:00:00,14,3387.6,9.0
2023-12-25 15:00:00,15,3895.1,8.1
2023-12-25 16:00:00,16,4017.3,7.6
2023-12-25 17:00:00,17,3799.5,6.6
2023-12-25 18:00:00,18,3181.4,4.9
2023-12-25 19:00:00,19,2313.9,5.0
2023-12-25 20:00:00,20,1346.3,4.3
2023-12-25 21:00:00,21,413.2,2.8
2023-12-25 22:00:00,22,2.4,5.4
2023-12-25 23:00:00,23,,3.3
2023-12-26 00:00:00,0,,2.9
2023-12-26 01:00:00,1,,2.1
2023-12-26 02:00:00,2,,2.4
2023-12-26 03:00:00,3,,3.5
2023-12-26 04:00:00,4,,2.2
2023-12-26 05:00:00,5,,1.2
2023-12-26 06:00:00,6,,2.6
2023-12-26 07:00:00,7,,2.5
2023-12-26 08:00:00,8,,3.9
2023-12-26 09:00:00,9,68.0,3.0
2023-12-26 10:00:00,10,800.6,2.5
2023-12-26 11:00:00,11,1227.3,3.4
2023-12-26 12:00:00,12,2283.1,5.5
2023-12-26 13:00:00,13,2823.7,3.6
2023-12-26 14:00:00,14,3332.9,6.1
2023-12-26 15:00:00,15,3855.2,5.9
2023-12-26 16:00:00,16,4106.2,5.7
2023-12-26 17:00:00,17,3800.9,3.8
2023-12-26 18:00:00,18,3140.4,3.5
2023-12-26 19:00:00,19,2311.8,4.2
2023-12-26 20:00:00,20,1354.0,4.9
2023-12-26 21:00:00,21,390.4,3.2
2023-12-26 22:00:00,22,1.5,4.5
2023-12-26 23:00:00,23,,2.0
2023-12-27 00:00:00,0,,2.0
2023-12-27 01:00:00,1,,1.3
2023-12-27 02:00:00,2,,0.6
2023-12-27 03:00:00,3,,2.1
2023-12-27 04:00:00,4,,2.6
2023-12-27 05:00:00,5,,2.4
2023-12-27 06:00:00,6,,1.6
2023-12-27 07:00:00,7,,1.0
2023-12-27 08:00:00,8,,0.7
2023-12-27 09:00:00,9,62.4,1.3
2023-12-27 10:00:00,10,705.4,0.2
2023-12-27 11:00:00,11,1562.9,4.0
2023-12-27 12:00:00,12,2217.9,5.3
2023-12-27 13:00:00,13,2844.0,6.2
2023-12-27 14:00:00,14,3341.1,6.4
2023-12-27 15:00:00,15,3805.3,6.9
2023-12-27 16:00:00,16,3966.2,6.7
2023-12-27 17:00:00,17,3784.7,6.0
2023-12-27 18:00:00,18,3168.8,4.9
2023-12-27 19:00:00,19,2293.3,3.8
2023-12-27 20:00:00,20,1337.6,2.2
2023-12-27 21:00:00,21,397.6,0.0
2023-12-27 22:00:00,22,,0.5
2023-12-27 23:00:00,23,,2.0
2023-12-28 00:00:00,0,,1.3
2023-12-28 01:00:00,1,,2.1
2023-12-28 02:00:00,2,,1.9
2023-12-28 03:00:00,3,,1.9
2023-12-28 04:00:00,4,,1.5
2023-12-28 05:00:00,5,,1.8
2023-12-28 06:00:00,6,,1.9
2023-12-28 07:00:00,7,,0.1
2023-12-28 08:00:00,8,,3.0
2023-12-28 09:00:00,9,76.9,0.5
2023-12-28 10:00:00,10,659.4,3.9
2023-12-28 11:00:00,11,1252.1,5.3
2023-12-28 12:00:00,12,2166.4,6.0
2023-12-28 13:00:00,13,2797.5,6.9
2023-12-28 14:00:00,14,3334.6,6.6
2023-12-28 15:00:00,15,3795.8,4.0
2023-12-28 16:00:00,16,3874.3,0.0
2023-12-28 17:00:00,17,3649.8,7.1
2023-12-28 18:00:00,18,3103.1,7.3
2023-12-28 19:00:00,19,2270.9,6.6
2023-12-28 20:00:00,20,1349.2,3.0
2023-12-28 21:00:00,21,403.3,1.3
2023-12-28 22:00:00,22,1.6,2.1
2023-12-28 23:00:00,23,,2.1
2023-12-29 00:00:00,0,,1.2
2023-12-29 01:00:00,1,,1.3
2023-12-29 02:00:00,2,,3.3
2023-12-29 03:00:00,3,,3.4
2023-12-29 04:00:00,4,,3.2
2023-12-29 05:00:00,5,,2.6
2023-12-29 06:00:00,6,,3.3
2023-12-29 07:00:00,7,,2.7
2023-12-29 08:00:00,8,,2.8
2023-12-29 09:00:00,9,66.1,3.4
2023-12-29 10:00:00,10,729.9,4.5
2023-12-29 11:00:00,11,1509.0,4.2
2023-12-29 12:00:00,12,2174.6,4.5
2023-12-29 13:00:00,13,2821.7,6.2
2023-12-29 14:00:00,14,3341.1,7.1
2023-12-29 15:00:00,15,3802.5,7.6
2023-12-29 16:00:00,16,3849.7,7.4
2023-12-29 17:00:00,17,3642.4,7.4
2023-12-29 18:00:00,18,3065.9,7.4
2023-12-29 19:00:00,19,2227.9,6.5
2023-12-29 20:00:00,20,1324.8,4.7
2023-12-29 21:00:00,21,436.1,3.3
2023-12-29 22:00:00,22,6.0,2.2
2023-12-29 23:00:00,23,,0.3
2023-12-30 00:00:00,0,,1.8
2023-12-30 01:00:00,1,,1.5
2023-12-30 02:00:00,2,,1.1
2023-12-30 03:00:00,3,,1.6
2023-12-30 04:00:00,4,,1.8
2023-12-30 05:00:00,5,,1.8
2023-12-30 06:00:00,6,,1.2
2023-12-30 07:00:00,7,,2.9
2023-12-30 08:00:00,8,,2.8
2023-12-30 09:00:00,9,49.2,2.7
2023-12-30 10:00:00,10,754.0,4.8
2023-12-30 11:00:00,11,1558.5,3.4
2023-12-30 12:00:00,12,2180.1,4.7
2023-12-30 13:00:00,13,2790.0,6.5
2023-12-30 14:00:00,14,3220.4,6.7
2023-12-30 15:00:00,15,3662.9,6.8
2023-12-30 16:00:00,16,3860.3,6.1
2023-12-30 17:00:00,17,3679.8,6.2
2023-12-30 18:00:00,18,3097.3,5.7
2023-12-30 19:00:00,19,2291.8,4.5
2023-12-30 20:00:00,20,1344.4,2.4
2023-12-30 21:00:00,21,415.9,2.8
2023-12-30 22:00:00,22,1.3,2.0
2023-12-30 23:00:00,23,,1.3
2023-12-31 00:00:00,0,,2.0
2023-12-31 01:00:00,1,,0.7
2023-12-31 02:00:00,2,,2.2
2023-12-31 03:00:00,3,,2.0
2023-12-31 04:00:00,4,,0.6
2023-12-31 05:00:00,5,,2.6
2023-12-31 06:00:00,6,,1.7
2023-12-31 07:00:00,7,2.7,4.0
2023-12-31 08:00:00,8,,1.9
2023-12-31 09:00:00,9,18.1,2.9
2023-12-31 10:00:00,10,227.4,1.3
2023-12-31 11:00:00,11,1538.1,0.6
2023-12-31 12:00:00,12,2392.3,0.5
2023-12-31 13:00:00,13,2741.5,2.7
2023-12-31 14:00:00,14,3534.3,3.9
2023-12-31 15:00:00,15,3239.5,3.5
2023-12-31 16:00:00,16,1938.9,9.0
2023-12-31 17:00:00,17,138.9,3.5
2023-12-31 18:00:00,18,199.2,1.6
2023-12-31 19:00:00,19,498.5,1.1
2023-12-31 20:00:00,20,203.5,2.8
2023-12-31 21:00:00,21,100.0,1.8
2023-12-31 22:00:00,22,3.7,0.2
2023-12-31 23:00:00,23,,2.4
