datetime_utc,hora,rad_kJm2,vento_ms
2023-01-01 00:00:00,0,,1.6
2023-01-01 01:00:00,1,,1.8
2023-01-01 02:00:00,2,,1.1
2023-01-01 03:00:00,3,,0.5
2023-01-01 04:00:00,4,,0.1
2023-01-01 05:00:00,5,,0.1
2023-01-01 06:00:00,6,,0.7
2023-01-01 07:00:00,7,,1.1
2023-01-01 08:00:00,8,,0.3
2023-01-01 09:00:00,9,37.4,1.2
2023-01-01 10:00:00,10,711.6,0.8
2023-01-01 11:00:00,11,1636.3,0.6
2023-01-01 12:00:00,12,2581.4,1.5
2023-01-01 13:00:00,13,3265.7,1.8
2023-01-01 14:00:00,14,3251.0,1.6
2023-01-01 15:00:00,15,3207.6,2.6
2023-01-01 16:00:00,16,2993.7,2.0
2023-01-01 17:00:00,17,3178.7,3.1
2023-01-01 18:00:00,18,3105.4,3.5
2023-01-01 19:00:00,19,2277.9,3.2
2023-01-01 20:00:00,20,731.4,2.7
2023-01-01 21:00:00,21,249.1,2.2
2023-01-01 22:00:00,22,1.1,1.3
2023-01-01 23:00:00,23,,1.1
2023-01-02 00:00:00,0,,0.7
2023-01-02 01:00:00,1,,1.3
2023-01-02 02:00:00,2,,1.3
2023-01-02 03:00:00,3,,0.8
2023-01-02 04:00:00,4,,0.7
2023-01-02 05:00:00,5,,1.8
2023-01-02 06:00:00,6,,0.6
2023-01-02 07:00:00,7,,0.3
2023-01-02 08:00:00,8,,1.1
2023-01-02 09:00:00,9,32.9,0.9
2023-01-02 10:00:00,10,696.3,1.0
2023-01-02 11:00:00,11,1497.9,2.6
2023-01-02 12:00:00,12,1600.5,3.2
2023-01-02 13:00:00,13,2250.8,3.4
2023-01-02 14:00:00,14,2654.9,2.8
2023-01-02 15:00:00,15,2850.2,2.1
2023-01-02 16:00:00,16,2976.7,2.2
2023-01-02 17:00:00,17,2591.5,2.7
2023-01-02 18:00:00,18,2697.4,1.9
2023-01-02 19:00:00,19,1439.7,1.2
2023-01-02 20:00:00,20,862.7,1.3
2023-01-02 21:00:00,21,366.6,1.0
2023-01-02 22:00:00,22,5.5,2.0
2023-01-02 23:00:00,23,,1.6
2023-01-03 00:00:00,0,,1.4
2023-01-03 01:00:00,1,,0.7
2023-01-03 02:00:00,2,,2.0
2023-01-03 03:00:00,3,,0.5
2023-01-03 04:00:00,4,,2.7
2023-01-03 05:00:00,5,,0.9
2023-01-03 06:00:00,6,,0.1
2023-01-03 07:00:00,7,,1.8
2023-01-03 08:00:00,8,,0.4
2023-01-03 09:00:00,9,25.2,0.7
2023-01-03 10:00:00,10,406.4,0.9
2023-01-03 11:00:00,11,869.0,1.0
2023-01-03 12:00:00,12,2135.0,0.6
2023-01-03 13:00:00,13,2964.8,2.2
2023-01-03 14:00:00,14,3475.0,2.9
2023-01-03 15:00:00,15,3408.3,3.6
2023-01-03 16:00:00,16,3576.6,3.5
2023-01-03 17:00:00,17,1267.8,2.7
2023-01-03 18:00:00,18,1028.0,2.1
2023-01-03 19:00:00,19,1313.3,3.6
2023-01-03 20:00:00,20,682.5,2.5
2023-01-03 21:00:00,21,162.0,2.4
2023-01-03 22:00:00,22,5.2,0.4
2023-01-03 23:00:00,23,1.3,1.2
2023-01-04 00:00:00,0,4.6,0.9
2023-01-04 01:00:00,1,4.0,1.8
2023-01-04 02:00:00,2,0.9,1.8
2023-01-04 03:00:00,3,0.7,3.0
2023-01-04 04:00:00,4,,2.8
2023-01-04 05:00:00,5,,
2023-01-04 06:00:00,6,,
2023-01-04 07:00:00,7,,
2023-01-04 08:00:00,8,,
2023-01-04 09:00:00,9,,
2023-01-04 10:00:00,10,,
2023-01-04 11:00:00,11,,
2023-01-04 12:00:00,12,,
2023-01-04 13:00:00,13,,
2023-01-04 14:00:00,14,,
2023-01-04 15:00:00,15,,
2023-01-04 16:00:00,16,,
2023-01-04 17:00:00,17,,
2023-01-04 18:00:00,18,,
2023-01-04 19:00:00,19,,
2023-01-04 20:00:00,20,,
2023-01-04 21:00:00,21,,
2023-01-04 22:00:00,22,,
2023-01-04 23:00:00,23,,
2023-01-05 00:00:00,0,,
2023-01-05 01:00:00,1,,
2023-01-05 02:00:00,2,,
2023-01-05 03:00:00,3,,
2023-01-05 04:00:00,4,,
2023-01-05 05:00:00,5,,
2023-01-05 06:00:00,6,,
2023-01-05 07:00:00,7,,
2023-01-05 08:00:00,8,,
2023-01-05 09:00:00,9,,
2023-01-05 10:00:00,10,,
2023-01-05 11:00:00,11,,
2023-01-05 12:00:00,12,,
2023-01-05 13:00:00,13,,
2023-01-05 14:00:00,14,,
2023-01-05 15:00:00,15,,
2023-01-05 16:00:00,16,,
2023-01-05 17:00:00,17,,
2023-01-05 18:00:00,18,,
2023-01-05 19:00:00,19,,
2023-01-05 20:00:00,20,,
2023-01-05 21:00:00,21,,
2023-01-05 22:00:00,22,,
2023-01-05 23:00:00,23,,
2023-01-06 00:00:00,0,,
2023-01-06 01:00:00,1,,
2023-01-06 02:00:00,2,,
2023-01-06 03:00:00,3,,
2023-01-06 04:00:00,4,,
2023-01-06 05:00:00,5,,
2023-01-06 06:00:00,6,,
2023-01-06 07:00:00,7,,
2023-01-06 08:00:00,8,,
2023-01-06 09:00:00,9,,
2023-01-06 10:00:00,10,,
2023-01-06 11:00:00,11,,
2023-01-06 12:00:00,12,,
2023-01-06 13:00:00,13,,
2023-01-06 14:00:00,14,,
2023-01-06 15:00:00,15,,
2023-01-06 16:00:00,16,,
2023-01-06 17:00:00,17,,
2023-01-06 18:00:00,18,,
2023-01-06 19:00:00,19,,
2023-01-06 20:00:00,20,,
2023-01-06 21:00:00,21,,
2023-01-06 22:00:00,22,,
2023-01-06 23:00:00,23,,
2023-01-07 00:00:00,0,,
2023-01-07 01:00:00,1,,
2023-01-07 02:00:00,2,,
2023-01-07 03:00:00,3,,
2023-01-07 04:00:00,4,,
2023-01-07 05:00:00,5,,
2023-01-07 06:00:00,6,,
2023-01-07 07:00:00,7,,
2023-01-07 08:00:00,8,,
2023-01-07 09:00:00,9,,
2023-01-07 10:00:00,10,,
2023-01-07 11:00:00,11,,
2023-01-07 12:00:00,12,,
2023-01-07 13:00:00,13,,
2023-01-07 14:00:00,14,,
2023-01-07 15:00:00,15,,
2023-01-07 16:00:00,16,,
2023-01-07 17:00:00,17,,
2023-01-07 18:00:00,18,,
2023-01-07 19:00:00,19,,
2023-01-07 20:00:00,20,,
2023-01-07 21:00:00,21,,
2023-01-07 22:00:00,22,,
2023-01-07 23:00:00,23,,
2023-01-08 00:00:00,0,,
2023-01-08 01:00:00,1,,
2023-01-08 02:00:00,2,,
2023-01-08 03:00:00,3,,
2023-01-08 04:00:00,4,,
2023-01-08 05:00:00,5,,
2023-01-08 06:00:00,6,,
2023-01-08 07:00:00,7,,
2023-01-08 08:00:00,8,,
2023-01-08 09:00:00,9,,
2023-01-08 10:00:00,10,,
2023-01-08 11:00:00,11,,
2023-01-08 12:00:00,12,,
2023-01-08 13:00:00,13,,
2023-01-08 14:00:00,14,,
2023-01-08 15:00:00,15,,
2023-01-08 16:00:00,16,,
2023-01-08 17:00:00,17,,
2023-01-08 18:00:00,18,,
2023-01-08 19:00:00,19,,
2023-01-08 20:00:00,20,,
2023-01-08 21:00:00,21,,
2023-01-08 22:00:00,22,,
2023-01-08 23:00:00,23,,
2023-01-09 00:00:00,0,,
2023-01-09 01:00:00,1,,
2023-01-09 02:00:00,2,,
2023-01-09 03:00:00,3,,
2023-01-09 04:00:00,4,,
2023-01-09 05:00:00,5,,
2023-01-09 06:00:00,6,,
2023-01-09 07:00:00,7,,
2023-01-09 08:00:00,8,,
2023-01-09 09:00:00,9,,
2023-01-09 10:00:00,10,,
2023-01-09 11:00:00,11,,
2023-01-09 12:00:00,12,,
2023-01-09 13:00:00,13,,
2023-01-09 14:00:00,14,,
2023-01-09 15:00:00,15,,
2023-01-09 16:00:00,16,,
2023-01-09 17:00:00,17,,
2023-01-09 18:00:00,18,,
2023-01-09 19:00:00,19,,
2023-01-09 20:00:00,20,,
2023-01-09 21:00:00,21,,
2023-01-09 22:00:00,22,,
2023-01-09 23:00:00,23,,
2023-01-10 00:00:00,0,,
2023-01-10 01:00:00,1,,
2023-01-10 02:00:00,2,,
2023-01-10 03:00:00,3,,
2023-01-10 04:00:00,4,,
2023-01-10 05:00:00,5,,
2023-01-10 06:00:00,6,,
2023-01-10 07:00:00,7,,
2023-01-10 08:00:00,8,,
2023-01-10 09:00:00,9,,
2023-01-10 10:00:00,10,,
2023-01-10 11:00:00,11,,
2023-01-10 12:00:00,12,,
2023-01-10 13:00:00,13,,
2023-01-10 14:00:00,14,,
2023-01-10 15:00:00,15,,
2023-01-10 16:00:00,16,,
2023-01-10 17:00:00,17,,
2023-01-10 18:00:00,18,,
2023-01-10 19:00:00,19,,
2023-01-10 20:00:00,20,,
2023-01-10 21:00:00,21,,
2023-01-10 22:00:00,22,,
2023-01-10 23:00:00,23,,
2023-01-11 00:00:00,0,,
2023-01-11 01:00:00,1,,
2023-01-11 02:00:00,2,,
2023-01-11 03:00:00,3,,
2023-01-11 04:00:00,4,,
2023-01-11 05:00:00,5,,
2023-01-11 06:00:00,6,,
2023-01-11 07:00:00,7,,
2023-01-11 08:00:00,8,,
2023-01-11 09:00:00,9,,
2023-01-11 10:00:00,10,,
2023-01-11 11:00:00,11,,
2023-01-11 12:00:00,12,,
2023-01-11 13:00:00,13,,
2023-01-11 14:00:00,14,,
2023-01-11 15:00:00,15,,
2023-01-11 16:00:00,16,,
2023-01-11 17:00:00,17,,
2023-01-11 18:00:00,18,,
2023-01-11 19:00:00,19,,
2023-01-11 20:00:00,20,,
2023-01-11 21:00:00,21,,
2023-01-11 22:00:00,22,,
2023-01-11 23:00:00,23,,
2023-01-12 00:00:00,0,,
2023-01-12 01:00:00,1,,
2023-01-12 02:00:00,2,,
2023-01-12 03:00:00,3,,
2023-01-12 04:00:00,4,,
2023-01-12 05:00:00,5,,
2023-01-12 06:00:00,6,,
2023-01-12 07:00:00,7,,
2023-01-12 08:00:00,8,,
2023-01-12 09:00:00,9,,
2023-01-12 10:00:00,10,,
2023-01-12 11:00:00,11,,
2023-01-12 12:00:00,12,,
2023-01-12 13:00:00,13,,
2023-01-12 14:00:00,14,,
2023-01-12 15:00:00,15,,
2023-01-12 16:00:00,16,,
2023-01-12 17:00:00,17,,
2023-01-12 18:00:00,18,,
2023-01-12 19:00:00,19,,
2023-01-12 20:00:00,20,,
2023-01-12 21:00:00,21,,
2023-01-12 22:00:00,22,,
2023-01-12 23:00:00,23,,
2023-01-13 00:00:00,0,,
2023-01-13 01:00:00,1,,
2023-01-13 02:00:00,2,,
2023-01-13 03:00:00,3,,
2023-01-13 04:00:00,4,,
2023-01-13 05:00:00,5,,
2023-01-13 06:00:00,6,,
2023-01-13 07:00:00,7,,
2023-01-13 08:00:00,8,,
2023-01-13 09:00:00,9,,
2023-01-13 10:00:00,10,,
2023-01-13 11:00:00,11,,
2023-01-13 12:00:00,12,,
2023-01-13 13:00:00,13,,
2023-01-13 14:00:00,14,,
2023-01-13 15:00:00,15,,
2023-01-13 16:00:00,16,,
2023-01-13 17:00:00,17,,
2023-01-13 18:00:00,18,,
2023-01-13 19:00:00,19,,
2023-01-13 20:00:00,20,,
2023-01-13 21:00:00,21,,
2023-01-13 22:00:00,22,,
2023-01-13 23:00:00,23,,
2023-01-14 00:00:00,0,,
2023-01-14 01:00:00,1,,
2023-01-14 02:00:00,2,,
2023-01-14 03:00:00,3,,
2023-01-14 04:00:00,4,,
2023-01-14 05:00:00,5,,
2023-01-14 06:00:00,6,,
2023-01-14 07:00:00,7,,
2023-01-14 08:00:00,8,,
2023-01-14 09:00:00,9,,
2023-01-14 10:00:00,10,,
2023-01-14 11:00:00,11,,
2023-01-14 12:00:00,12,,
2023-01-14 13:00:00,13,,
2023-01-14 14:00:00,14,,
2023-01-14 15:00:00,15,,
2023-01-14 16:00:00,16,,
2023-01-14 17:00:00,17,,
2023-01-14 18:00:00,18,,
2023-01-14 19:00:00,19,,
2023-01-14 20:00:00,20,,
2023-01-14 21:00:00,21,,
2023-01-14 22:00:00,22,,
2023-01-14 23:00:00,23,,
2023-01-15 00:00:00,0,,
2023-01-15 01:00:00,1,,
2023-01-15 02:00:00,2,,
2023-01-15 03:00:00,3,,
2023-01-15 04:00:00,4,,
2023-01-15 05:00:00,5,,
2023-01-15 06:00:00,6,,
2023-01-15 07:00:00,7,,
2023-01-15 08:00:00,8,,
2023-01-15 09:00:00,9,,
2023-01-15 10:00:00,10,,
2023-01-15 11:00:00,11,,
2023-01-15 12:00:00,12,,
2023-01-15 13:00:00,13,,
2023-01-15 14:00:00,14,,
2023-01-15 15:00:00,15,,
2023-01-15 16:00:00,16,,
2023-01-15 17:00:00,17,,
2023-01-15 18:00:00,18,,
2023-01-15 19:00:00,19,,
2023-01-15 20:00:00,20,,
2023-01-15 21:00:00,21,,
2023-01-15 22:00:00,22,,
2023-01-15 23:00:00,23,,
2023-01-16 00:00:00,0,,
2023-01-16 01:00:00,1,,
2023-01-16 02:00:00,2,,
2023-01-16 03:00:00,3,,
2023-01-16 04:00:00,4,,
2023-01-16 05:00:00,5,,
2023-01-16 06:00:00,6,,
2023-01-16 07:00:00,7,,
2023-01-16 08:00:00,8,,
2023-01-16 09:00:00,9,,
2023-01-16 10:00:00,10,,
2023-01-16 11:00:00,11,,
2023-01-16 12:00:00,12,,
2023-01-16 13:00:00,13,,
2023-01-16 14:00:00,14,,
2023-01-16 15:00:00,15,,
2023-01-16 16:00:00,16,,
2023-01-16 17:00:00,17,,
2023-01-16 18:00:00,18,,
2023-01-16 19:00:00,19,,
2023-01-16 20:00:00,20,,
2023-01-16 21:00:00,21,,
2023-01-16 22:00:00,22,,
2023-01-16 23:00:00,23,,
2023-01-17 00:00:00,0,,
2023-01-17 01:00:00,1,,
2023-01-17 02:00:00,2,,
2023-01-17 03:00:00,3,,
2023-01-17 04:00:00,4,,
2023-01-17 05:00:00,5,,
2023-01-17 06:00:00,6,,
2023-01-17 07:00:00,7,,
2023-01-17 08:00:00,8,,
2023-01-17 09:00:00,9,,
2023-01-17 10:00:00,10,,
2023-01-17 11:00:00,11,,
2023-01-17 12:00:00,12,,
2023-01-17 13:00:00,13,,
2023-01-17 14:00:00,14,,
2023-01-17 15:00:00,15,,
2023-01-17 16:00:00,16,,
2023-01-17 17:00:00,17,,
2023-01-17 18:00:00,18,,
2023-01-17 19:00:00,19,,
2023-01-17 20:00:00,20,,
2023-01-17 21:00:00,21,,
2023-01-17 22:00:00,22,,
2023-01-17 23:00:00,23,,
2023-01-18 00:00:00,0,,
2023-01-18 01:00:00,1,,
2023-01-18 02:00:00,2,,
2023-01-18 03:00:00,3,,
2023-01-18 04:00:00,4,,
2023-01-18 05:00:00,5,,
2023-01-18 06:00:00,6,,
2023-01-18 07:00:00,7,,
2023-01-18 08:00:00,8,,
2023-01-18 09:00:00,9,,
2023-01-18 10:00:00,10,,
2023-01-18 11:00:00,11,1475.3,3.0
2023-01-18 12:00:00,12,1910.5,3.0
2023-01-18 13:00:00,13,3105.3,2.5
2023-01-18 14:00:00,14,3203.0,2.4
2023-01-18 15:00:00,15,3788.2,1.4
2023-01-18 16:00:00,16,,
2023-01-18 17:00:00,17,,
2023-01-18 18:00:00,18,,
2023-01-18 19:00:00,19,,
2023-01-18 20:00:00,20,,
2023-01-18 21:00:00,21,,
2023-01-18 22:00:00,22,,
2023-01-18 23:00:00,23,,
2023-01-19 00:00:00,0,,
2023-01-19 01:00:00,1,,
2023-01-19 02:00:00,2,,
2023-01-19 03:00:00,3,,
2023-01-19 04:00:00,4,,
2023-01-19 05:00:00,5,,
2023-01-19 06:00:00,6,,
2023-01-19 07:00:00,7,,
2023-01-19 08:00:00,8,,
2023-01-19 09:00:00,9,,
2023-01-19 10:00:00,10,,
2023-01-19 11:00:00,11,,
2023-01-19 12:00:00,12,,
2023-01-19 13:00:00,13,,
2023-01-19 14:00:00,14,,
2023-01-19 15:00:00,15,,
2023-01-19 16:00:00,16,,
2023-01-19 17:00:00,17,,
2023-01-19 18:00:00,18,,
2023-01-19 19:00:00,19,,
2023-01-19 20:00:00,20,,
2023-01-19 21:00:00,21,,
2023-01-19 22:00:00,22,,
2023-01-19 23:00:00,23,,
2023-01-20 00:00:00,0,,
2023-01-20 01:00:00,1,,
2023-01-20 02:00:00,2,,
2023-01-20 03:00:00,3,,
2023-01-20 04:00:00,4,,
2023-01-20 05:00:00,5,,
2023-01-20 06:00:00,6,,
2023-01-20 07:00:00,7,,
2023-01-20 08:00:00,8,,
2023-01-20 09:00:00,9,,
2023-01-20 10:00:00,10,,
2023-01-20 11:00:00,11,,
2023-01-20 12:00:00,12,,
2023-01-20 13:00:00,13,,
2023-01-20 14:00:00,14,,
2023-01-20 15:00:00,15,,
2023-01-20 16:00:00,16,,
2023-01-20 17:00:00,17,,
2023-01-20 18:00:00,18,,
2023-01-20 19:00:00,19,,
2023-01-20 20:00:00,20,,
2023-01-20 21:00:00,21,,
2023-01-20 22:00:00,22,,
2023-01-20 23:00:00,23,,
2023-01-21 00:00:00,0,,
2023-01-21 01:00:00,1,,
2023-01-21 02:00:00,2,,
2023-01-21 03:00:00,3,,
2023-01-21 04:00:00,4,,
2023-01-21 05:00:00,5,,
2023-01-21 06:00:00,6,,
2023-01-21 07:00:00,7,,
2023-01-21 08:00:00,8,,
2023-01-21 09:00:00,9,,
2023-01-21 10:00:00,10,,
2023-01-21 11:00:00,11,,
2023-01-21 12:00:00,12,,
2023-01-21 13:00:00,13,,
2023-01-21 14:00:00,14,,
2023-01-21 15:00:00,15,,
2023-01-21 16:00:00,16,,
2023-01-21 17:00:00,17,,
2023-01-21 18:00:00,18,,
2023-01-21 19:00:00,19,,
2023-01-21 20:00:00,20,,
2023-01-21 21:00:00,21,,
2023-01-21 22:00:00,22,,
2023-01-21 23:00:00,23,,
2023-01-22 00:00:00,0,,
2023-01-22 01:00:00,1,,
2023-01-22 02:00:00,2,,
2023-01-22 03:00:00,3,,
2023-01-22 04:00:00,4,,
2023-01-22 05:00:00,5,,
2023-01-22 06:00:00,6,,
2023-01-22 07:00:00,7,,
2023-01-22 08:00:00,8,,
2023-01-22 09:00:00,9,,
2023-01-22 10:00:00,10,,
2023-01-22 11:00:00,11,,
2023-01-22 12:00:00,12,,
2023-01-22 13:00:00,13,,
2023-01-22 14:00:00,14,,
2023-01-22 15:00:00,15,,
2023-01-22 16:00:00,16,,
2023-01-22 17:00:00,17,,
2023-01-22 18:00:00,18,,
2023-01-22 19:00:00,19,,
2023-01-22 20:00:00,20,,
2023-01-22 21:00:00,21,,
2023-01-22 22:00:00,22,,
2023-01-22 23:00:00,23,,
2023-01-23 00:00:00,0,,
2023-01-23 01:00:00,1,,
2023-01-23 02:00:00,2,,
2023-01-23 03:00:00,3,,
2023-01-23 04:00:00,4,,
2023-01-23 05:00:00,5,,
2023-01-23 06:00:00,6,,
2023-01-23 07:00:00,7,,
2023-01-23 08:00:00,8,,
2023-01-23 09:00:00,9,,
2023-01-23 10:00:00,10,,
2023-01-23 11:00:00,11,,
2023-01-23 12:00:00,12,,
2023-01-23 13:00:00,13,,
2023-01-23 14:00:00,14,,
2023-01-23 15:00:00,15,,
2023-01-23 16:00:00,16,,
2023-01-23 17:00:00,17,,
2023-01-23 18:00:00,18,,
2023-01-23 19:00:00,19,,
2023-01-23 20:00:00,20,,
2023-01-23 21:00:00,21,,
2023-01-23 22:00:00,22,,
2023-01-23 23:00:00,23,,
2023-01-24 00:00:00,0,,
2023-01-24 01:00:00,1,,
2023-01-24 02:00:00,2,,
2023-01-24 03:00:00,3,,
2023-01-24 04:00:00,4,,
2023-01-24 05:00:00,5,,
2023-01-24 06:00:00,6,,
2023-01-24 07:00:00,7,,
2023-01-24 08:00:00,8,,
2023-01-24 09:00:00,9,,
2023-01-24 10:00:00,10,,
2023-01-24 11:00:00,11,,
2023-01-24 12:00:00,12,,
2023-01-24 13:00:00,13,,
2023-01-24 14:00:00,14,,
2023-01-24 15:00:00,15,,
2023-01-24 16:00:00,16,,
2023-01-24 17:00:00,17,,
2023-01-24 18:00:00,18,,
2023-01-24 19:00:00,19,,
2023-01-24 20:00:00,20,,
2023-01-24 21:00:00,21,,
2023-01-24 22:00:00,22,,
2023-01-24 23:00:00,23,,
2023-01-25 00:00:00,0,,
2023-01-25 01:00:00,1,,
2023-01-25 02:00:00,2,,
2023-01-25 03:00:00,3,,
2023-01-25 04:00:00,4,,
2023-01-25 05:00:00,5,,
2023-01-25 06:00:00,6,,
2023-01-25 07:00:00,7,,
2023-01-25 08:00:00,8,,
2023-01-25 09:00:00,9,,
2023-01-25 10:00:00,10,,
2023-01-25 11:00:00,11,,
2023-01-25 12:00:00,12,,
2023-01-25 13:00:00,13,,
2023-01-25 14:00:00,14,,
2023-01-25 15:00:00,15,,
2023-01-25 16:00:00,16,,
2023-01-25 17:00:00,17,,
2023-01-25 18:00:00,18,,
2023-01-25 19:00:00,19,,
2023-01-25 20:00:00,20,,
2023-01-25 21:00:00,21,,
2023-01-25 22:00:00,22,,
2023-01-25 23:00:00,23,,
2023-01-26 00:00:00,0,,
2023-01-26 01:00:00,1,,
2023-01-26 02:00:00,2,,
2023-01-26 03:00:00,3,,
2023-01-26 04:00:00,4,,
2023-01-26 05:00:00,5,,
2023-01-26 06:00:00,6,,
2023-01-26 07:00:00,7,,
2023-01-26 08:00:00,8,,
2023-01-26 09:00:00,9,,
2023-01-26 10:00:00,10,,
2023-01-26 11:00:00,11,,
2023-01-26 12:00:00,12,,
2023-01-26 13:00:00,13,,
2023-01-26 14:00:00,14,,
2023-01-26 15:00:00,15,,
2023-01-26 16:00:00,16,,
2023-01-26 17:00:00,17,,
2023-01-26 18:00:00,18,,
2023-01-26 19:00:00,19,,
2023-01-26 20:00:00,20,,
2023-01-26 21:00:00,21,,
2023-01-26 22:00:00,22,,
2023-01-26 23:00:00,23,,
2023-01-27 00:00:00,0,,
2023-01-27 01:00:00,1,,
2023-01-27 02:00:00,2,,
2023-01-27 03:00:00,3,,
2023-01-27 04:00:00,4,,
2023-01-27 05:00:00,5,,
2023-01-27 06:00:00,6,,
2023-01-27 07:00:00,7,,
2023-01-27 08:00:00,8,,
2023-01-27 09:00:00,9,,
2023-01-27 10:00:00,10,,
2023-01-27 11:00:00,11,,
2023-01-27 12:00:00,12,,
2023-01-27 13:00:00,13,,
2023-01-27 14:00:00,14,,
2023-01-27 15:00:00,15,,
2023-01-27 16:00:00,16,,
2023-01-27 17:00:00,17,,
2023-01-27 18:00:00,18,,
2023-01-27 19:00:00,19,,
2023-01-27 20:00:00,20,,
2023-01-27 21:00:00,21,,
2023-01-27 22:00:00,22,,
2023-01-27 23:00:00,23,,
2023-01-28 00:00:00,0,,
2023-01-28 01:00:00,1,,
2023-01-28 02:00:00,2,,
2023-01-28 03:00:00,3,,
2023-01-28 04:00:00,4,,
2023-01-28 05:00:00,5,,
2023-01-28 06:00:00,6,,
2023-01-28 07:00:00,7,,
2023-01-28 08:00:00,8,,
2023-01-28 09:00:00,9,,
2023-01-28 10:00:00,10,,
2023-01-28 11:00:00,11,,
2023-01-28 12:00:00,12,,
2023-01-28 13:00:00,13,,
2023-01-28 14:00:00,14,,
2023-01-28 15:00:00,15,,
2023-01-28 16:00:00,16,,
2023-01-28 17:00:00,17,,
2023-01-28 18:00:00,18,,
2023-01-28 19:00:00,19,,
2023-01-28 20:00:00,20,,
2023-01-28 21:00:00,21,,
2023-01-28 22:00:00,22,,
2023-01-28 23:00:00,23,,
2023-01-29 00:00:00,0,,
2023-01-29 01:00:00,1,,
2023-01-29 02:00:00,2,,
2023-01-29 03:00:00,3,,
2023-01-29 04:00:00,4,,
2023-01-29 05:00:00,5,,
2023-01-29 06:00:00,6,,
2023-01-29 07:00:00,7,,
2023-01-29 08:00:00,8,,
2023-01-29 09:00:00,9,,
2023-01-29 10:00:00,10,,
2023-01-29 11:00:00,11,,
2023-01-29 12:00:00,12,,
2023-01-29 13:00:00,13,,
2023-01-29 14:00:00,14,,
2023-01-29 15:00:00,15,,
2023-01-29 16:00:00,16,,
2023-01-29 17:00:00,17,,
2023-01-29 18:00:00,18,,
2023-01-29 19:00:00,19,,
2023-01-29 20:00:00,20,,
2023-01-29 21:00:00,21,,
2023-01-29 22:00:00,22,,
2023-01-29 23:00:00,23,,
2023-01-30 00:00:00,0,,
2023-01-30 01:00:00,1,,
2023-01-30 02:00:00,2,,
2023-01-30 03:00:00,3,,
2023-01-30 04:00:00,4,,
2023-01-30 05:00:00,5,,
2023-01-30 06:00:00,6,,
2023-01-30 07:00:00,7,,
2023-01-30 08:00:00,8,,
2023-01-30 09:00:00,9,,
2023-01-30 10:00:00,10,,
2023-01-30 11:00:00,11,,
2023-01-30 12:00:00,12,,
2023-01-30 13:00:00,13,,
2023-01-30 14:00:00,14,,
2023-01-30 15:00:00,15,,
2023-01-30 16:00:00,16,,
2023-01-30 17:00:00,17,,
2023-01-30 18:00:00,18,,
2023-01-30 19:00:00,19,,
2023-01-30 20:00:00,20,,
2023-01-30 21:00:00,21,,
2023-01-30 22:00:00,22,,
2023-01-30 23:00:00,23,,
2023-01-31 00:00:00,0,,
2023-01-31 01:00:00,1,,
2023-01-31 02:00:00,2,,
2023-01-31 03:00:00,3,,
2023-01-31 04:00:00,4,,
2023-01-31 05:00:00,5,,
2023-01-31 06:00:00,6,,
2023-01-31 07:00:00,7,,
2023-01-31 08:00:00,8,,
2023-01-31 09:00:00,9,,
2023-01-31 10:00:00,10,,
2023-01-31 11:00:00,11,,
2023-01-31 12:00:00,12,,
2023-01-31 13:00:00,13,,
2023-01-31 14:00:00,14,,
2023-01-31 15:00:00,15,,
2023-01-31 16:00:00,16,,
2023-01-31 17:00:00,17,,
2023-01-31 18:00:00,18,,
2023-01-31 19:00:00,19,,
2023-01-31 20:00:00,20,,
2023-01-31 21:00:00,21,,
2023-01-31 22:00:00,22,,
2023-01-31 23:00:00,23,,
2023-02-01 00:00:00,0,,
2023-02-01 01:00:00,1,,
2023-02-01 02:00:00,2,,
2023-02-01 03:00:00,3,,
2023-02-01 04:00:00,4,,
2023-02-01 05:00:00,5,,
2023-02-01 06:00:00,6,,
2023-02-01 07:00:00,7,,
2023-02-01 08:00:00,8,,
2023-02-01 09:00:00,9,,
2023-02-01 10:00:00,10,,
2023-02-01 11:00:00,11,,
2023-02-01 12:00:00,12,,
2023-02-01 13:00:00,13,,
2023-02-01 14:00:00,14,,
2023-02-01 15:00:00,15,,
2023-02-01 16:00:00,16,,
2023-02-01 17:00:00,17,,
2023-02-01 18:00:00,18,,
2023-02-01 19:00:00,19,,
2023-02-01 20:00:00,20,,
2023-02-01 21:00:00,21,,
2023-02-01 22:00:00,22,,
2023-02-01 23:00:00,23,,
2023-02-02 00:00:00,0,,
2023-02-02 01:00:00,1,,
2023-02-02 02:00:00,2,,
2023-02-02 03:00:00,3,,
2023-02-02 04:00:00,4,,
2023-02-02 05:00:00,5,,
2023-02-02 06:00:00,6,,
2023-02-02 07:00:00,7,,
2023-02-02 08:00:00,8,,
2023-02-02 09:00:00,9,,
2023-02-02 10:00:00,10,,
2023-02-02 11:00:00,11,,
2023-02-02 12:00:00,12,,
2023-02-02 13:00:00,13,,
2023-02-02 14:00:00,14,,
2023-02-02 15:00:00,15,,
2023-02-02 16:00:00,16,,
2023-02-02 17:00:00,17,,
2023-02-02 18:00:00,18,,
2023-02-02 19:00:00,19,,
2023-02-02 20:00:00,20,,
2023-02-02 21:00:00,21,,
2023-02-02 22:00:00,22,,
2023-02-02 23:00:00,23,,
2023-02-03 00:00:00,0,,
2023-02-03 01:00:00,1,,
2023-02-03 02:00:00,2,,
2023-02-03 03:00:00,3,,
2023-02-03 04:00:00,4,,
2023-02-03 05:00:00,5,,
2023-02-03 06:00:00,6,,
2023-02-03 07:00:00,7,,
2023-02-03 08:00:00,8,,
2023-02-03 09:00:00,9,,
2023-02-03 10:00:00,10,,
2023-02-03 11:00:00,11,,
2023-02-03 12:00:00,12,,
2023-02-03 13:00:00,13,,
2023-02-03 14:00:00,14,,
2023-02-03 15:00:00,15,,
2023-02-03 16:00:00,16,,
2023-02-03 17:00:00,17,,
2023-02-03 18:00:00,18,,
2023-02-03 19:00:00,19,,
2023-02-03 20:00:00,20,,
2023-02-03 21:00:00,21,,
2023-02-03 22:00:00,22,,
2023-02-03 23:00:00,23,,
2023-02-04 00:00:00,0,,
2023-02-04 01:00:00,1,,
2023-02-04 02:00:00,2,,
2023-02-04 03:00:00,3,,
2023-02-04 04:00:00,4,,
2023-02-04 05:00:00,5,,
2023-02-04 06:00:00,6,,
2023-02-04 07:00:00,7,,
2023-02-04 08:00:00,8,,
2023-02-04 09:00:00,9,,
2023-02-04 10:00:00,10,,
2023-02-04 11:00:00,11,,
2023-02-04 12:00:00,12,,
2023-02-04 13:00:00,13,,
2023-02-04 14:00:00,14,,
2023-02-04 15:00:00,15,,
2023-02-04 16:00:00,16,,
2023-02-04 17:00:00,17,,
2023-02-04 18:00:00,18,,
2023-02-04 19:00:00,19,,
2023-02-04 20:00:00,20,,
2023-02-04 21:00:00,21,,
2023-02-04 22:00:00,22,,
2023-02-04 23:00:00,23,,
2023-02-05 00:00:00,0,,
2023-02-05 01:00:00,1,,
2023-02-05 02:00:00,2,,
2023-02-05 03:00:00,3,,
2023-02-05 04:00:00,4,,
2023-02-05 05:00:00,5,,
2023-02-05 06:00:00,6,,
2023-02-05 07:00:00,7,,
2023-02-05 08:00:00,8,,
2023-02-05 09:00:00,9,,
2023-02-05 10:00:00,10,,
2023-02-05 11:00:00,11,,
2023-02-05 12:00:00,12,,
2023-02-05 13:00:00,13,,
2023-02-05 14:00:00,14,,
2023-02-05 15:00:00,15,,
2023-02-05 16:00:00,16,,
2023-02-05 17:00:00,17,,
2023-02-05 18:00:00,18,,
2023-02-05 19:00:00,19,,
2023-02-05 20:00:00,20,,
2023-02-05 21:00:00,21,,
2023-02-05 22:00:00,22,,
2023-02-05 23:00:00,23,,
2023-02-06 00:00:00,0,,
2023-02-06 01:00:00,1,,
2023-02-06 02:00:00,2,,
2023-02-06 03:00:00,3,,
2023-02-06 04:00:00,4,,
2023-02-06 05:00:00,5,,
2023-02-06 06:00:00,6,,
2023-02-06 07:00:00,7,,
2023-02-06 08:00:00,8,,
2023-02-06 09:00:00,9,,
2023-02-06 10:00:00,10,,
2023-02-06 11:00:00,11,,
2023-02-06 12:00:00,12,,
2023-02-06 13:00:00,13,,
2023-02-06 14:00:00,14,,
2023-02-06 15:00:00,15,,
2023-02-06 16:00:00,16,,
2023-02-06 17:00:00,17,,
2023-02-06 18:00:00,18,,
2023-02-06 19:00:00,19,,
2023-02-06 20:00:00,20,,
2023-02-06 21:00:00,21,,
2023-02-06 22:00:00,22,,
2023-02-06 23:00:00,23,,
2023-02-07 00:00:00,0,,
2023-02-07 01:00:00,1,,
2023-02-07 02:00:00,2,,
2023-02-07 03:00:00,3,,
2023-02-07 04:00:00,4,,
2023-02-07 05:00:00,5,,
2023-02-07 06:00:00,6,,
2023-02-07 07:00:00,7,,
2023-02-07 08:00:00,8,,
2023-02-07 09:00:00,9,,
2023-02-07 10:00:00,10,,
2023-02-07 11:00:00,11,,
2023-02-07 12:00:00,12,,
2023-02-07 13:00:00,13,,
2023-02-07 14:00:00,14,,
2023-02-07 15:00:00,15,,
2023-02-07 16:00:00,16,,
2023-02-07 17:00:00,17,,
2023-02-07 18:00:00,18,,
2023-02-07 19:00:00,19,,
2023-02-07 20:00:00,20,,
2023-02-07 21:00:00,21,,
2023-02-07 22:00:00,22,,
2023-02-07 23:00:00,23,,
2023-02-08 00:00:00,0,,
2023-02-08 01:00:00,1,,
2023-02-08 02:00:00,2,,
2023-02-08 03:00:00,3,,
2023-02-08 04:00:00,4,,
2023-02-08 05:00:00,5,,
2023-02-08 06:00:00,6,,
2023-02-08 07:00:00,7,,
2023-02-08 08:00:00,8,,
2023-02-08 09:00:00,9,,
2023-02-08 10:00:00,10,,
2023-02-08 11:00:00,11,,
2023-02-08 12:00:00,12,,
2023-02-08 13:00:00,13,,
2023-02-08 14:00:00,14,,
2023-02-08 15:00:00,15,,
2023-02-08 16:00:00,16,,
2023-02-08 17:00:00,17,,
2023-02-08 18:00:00,18,,
2023-02-08 19:00:00,19,,
2023-02-08 20:00:00,20,,
2023-02-08 21:00:00,21,,
2023-02-08 22:00:00,22,,
2023-02-08 23:00:00,23,,
2023-02-09 00:00:00,0,,
2023-02-09 01:00:00,1,,
2023-02-09 02:00:00,2,,
2023-02-09 03:00:00,3,,
2023-02-09 04:00:00,4,,
2023-02-09 05:00:00,5,,
2023-02-09 06:00:00,6,,
2023-02-09 07:00:00,7,,
2023-02-09 08:00:00,8,,
2023-02-09 09:00:00,9,,
2023-02-09 10:00:00,10,,
2023-02-09 11:00:00,11,,
2023-02-09 12:00:00,12,,
2023-02-09 13:00:00,13,,
2023-02-09 14:00:00,14,,
2023-02-09 15:00:00,15,,
2023-02-09 16:00:00,16,,
2023-02-09 17:00:00,17,,
2023-02-09 18:00:00,18,,
2023-02-09 19:00:00,19,,
2023-02-09 20:00:00,20,,
2023-02-09 21:00:00,21,,
2023-02-09 22:00:00,22,,
2023-02-09 23:00:00,23,,
2023-02-10 00:00:00,0,,
2023-02-10 01:00:00,1,,
2023-02-10 02:00:00,2,,
2023-02-10 03:00:00,3,,
2023-02-10 04:00:00,4,,
2023-02-10 05:00:00,5,,
2023-02-10 06:00:00,6,,
2023-02-10 07:00:00,7,,
2023-02-10 08:00:00,8,,
2023-02-10 09:00:00,9,,
2023-02-10 10:00:00,10,,
2023-02-10 11:00:00,11,,
2023-02-10 12:00:00,12,,
2023-02-10 13:00:00,13,,
2023-02-10 14:00:00,14,,
2023-02-10 15:00:00,15,,
2023-02-10 16:00:00,16,,
2023-02-10 17:00:00,17,,
2023-02-10 18:00:00,18,,
2023-02-10 19:00:00,19,,
2023-02-10 20:00:00,20,,
2023-02-10 21:00:00,21,,
2023-02-10 22:00:00,22,,
2023-02-10 23:00:00,23,,
2023-02-11 00:00:00,0,,
2023-02-11 01:00:00,1,,
2023-02-11 02:00:00,2,,
2023-02-11 03:00:00,3,,
2023-02-11 04:00:00,4,,
2023-02-11 05:00:00,5,,
2023-02-11 06:00:00,6,,
2023-02-11 07:00:00,7,,
2023-02-11 08:00:00,8,,
2023-02-11 09:00:00,9,,
2023-02-11 10:00:00,10,,
2023-02-11 11:00:00,11,,
2023-02-11 12:00:00,12,,
2023-02-11 13:00:00,13,,
2023-02-11 14:00:00,14,,
2023-02-11 15:00:00,15,,
2023-02-11 16:00:00,16,,
2023-02-11 17:00:00,17,,
2023-02-11 18:00:00,18,,
2023-02-11 19:00:00,19,,
2023-02-11 20:00:00,20,,
2023-02-11 21:00:00,21,,
2023-02-11 22:00:00,22,,
2023-02-11 23:00:00,23,,
2023-02-12 00:00:00,0,,
2023-02-12 01:00:00,1,,
2023-02-12 02:00:00,2,,
2023-02-12 03:00:00,3,,
2023-02-12 04:00:00,4,,
2023-02-12 05:00:00,5,,
2023-02-12 06:00:00,6,,
2023-02-12 07:00:00,7,,
2023-02-12 08:00:00,8,,
2023-02-12 09:00:00,9,,
2023-02-12 10:00:00,10,,
2023-02-12 11:00:00,11,,
2023-02-12 12:00:00,12,,
2023-02-12 13:00:00,13,,
2023-02-12 14:00:00,14,,
2023-02-12 15:00:00,15,,
2023-02-12 16:00:00,16,,
2023-02-12 17:00:00,17,,
2023-02-12 18:00:00,18,,
2023-02-12 19:00:00,19,,
2023-02-12 20:00:00,20,,
2023-02-12 21:00:00,21,,
2023-02-12 22:00:00,22,,
2023-02-12 23:00:00,23,,
2023-02-13 00:00:00,0,,
2023-02-13 01:00:00,1,,
2023-02-13 02:00:00,2,,
2023-02-13 03:00:00,3,,
2023-02-13 04:00:00,4,,
2023-02-13 05:00:00,5,,
2023-02-13 06:00:00,6,,
2023-02-13 07:00:00,7,,
2023-02-13 08:00:00,8,,
2023-02-13 09:00:00,9,,
2023-02-13 10:00:00,10,,
2023-02-13 11:00:00,11,,
2023-02-13 12:00:00,12,,
2023-02-13 13:00:00,13,,
2023-02-13 14:00:00,14,,
2023-02-13 15:00:00,15,,
2023-02-13 16:00:00,16,,
2023-02-13 17:00:00,17,,
2023-02-13 18:00:00,18,,
2023-02-13 19:00:00,19,,
2023-02-13 20:00:00,20,,
2023-02-13 21:00:00,21,,
2023-02-13 22:00:00,22,,
2023-02-13 23:00:00,23,,
2023-02-14 00:00:00,0,,
2023-02-14 01:00:00,1,,
2023-02-14 02:00:00,2,,
2023-02-14 03:00:00,3,,
2023-02-14 04:00:00,4,,
2023-02-14 05:00:00,5,,
2023-02-14 06:00:00,6,,
2023-02-14 07:00:00,7,,
2023-02-14 08:00:00,8,,
2023-02-14 09:00:00,9,,
2023-02-14 10:00:00,10,,
2023-02-14 11:00:00,11,,
2023-02-14 12:00:00,12,,
2023-02-14 13:00:00,13,,
2023-02-14 14:00:00,14,,
2023-02-14 15:00:00,15,,
2023-02-14 16:00:00,16,,
2023-02-14 17:00:00,17,,
2023-02-14 18:00:00,18,,
2023-02-14 19:00:00,19,,
2023-02-14 20:00:00,20,,
2023-02-14 21:00:00,21,,
2023-02-14 22:00:00,22,,
2023-02-14 23:00:00,23,,
2023-02-15 00:00:00,0,,
2023-02-15 01:00:00,1,,
2023-02-15 02:00:00,2,,
2023-02-15 03:00:00,3,,
2023-02-15 04:00:00,4,,
2023-02-15 05:00:00,5,,
2023-02-15 06:00:00,6,,
2023-02-15 07:00:00,7,,
2023-02-15 08:00:00,8,,
2023-02-15 09:00:00,9,,
2023-02-15 10:00:00,10,,
2023-02-15 11:00:00,11,,
2023-02-15 12:00:00,12,,
2023-02-15 13:00:00,13,,
2023-02-15 14:00:00,14,,
2023-02-15 15:00:00,15,,
2023-02-15 16:00:00,16,,
2023-02-15 17:00:00,17,,
2023-02-15 18:00:00,18,,
2023-02-15 19:00:00,19,,
2023-02-15 20:00:00,20,,
2023-02-15 21:00:00,21,,
2023-02-15 22:00:00,22,,
2023-02-15 23:00:00,23,,
2023-02-16 00:00:00,0,,
2023-02-16 01:00:00,1,,
2023-02-16 02:00:00,2,,
2023-02-16 03:00:00,3,,
2023-02-16 04:00:00,4,,
2023-02-16 05:00:00,5,,
2023-02-16 06:00:00,6,,
2023-02-16 07:00:00,7,,
2023-02-16 08:00:00,8,,
2023-02-16 09:00:00,9,,
2023-02-16 10:00:00,10,,
2023-02-16 11:00:00,11,,
2023-02-16 12:00:00,12,,
2023-02-16 13:00:00,13,,
2023-02-16 14:00:00,14,,
2023-02-16 15:00:00,15,,
2023-02-16 16:00:00,16,,
2023-02-16 17:00:00,17,,
2023-02-16 18:00:00,18,,
2023-02-16 19:00:00,19,,
2023-02-16 20:00:00,20,,
2023-02-16 21:00:00,21,,
2023-02-16 22:00:00,22,,
2023-02-16 23:00:00,23,,
2023-02-17 00:00:00,0,,
2023-02-17 01:00:00,1,,
2023-02-17 02:00:00,2,,
2023-02-17 03:00:00,3,,
2023-02-17 04:00:00,4,,
2023-02-17 05:00:00,5,,
2023-02-17 06:00:00,6,,
2023-02-17 07:00:00,7,,
2023-02-17 08:00:00,8,,
2023-02-17 09:00:00,9,,
2023-02-17 10:00:00,10,,
2023-02-17 11:00:00,11,,
2023-02-17 12:00:00,12,,
2023-02-17 13:00:00,13,,
2023-02-17 14:00:00,14,,
2023-02-17 15:00:00,15,,
2023-02-17 16:00:00,16,,
2023-02-17 17:00:00,17,,
2023-02-17 18:00:00,18,,
2023-02-17 19:00:00,19,,
2023-02-17 20:00:00,20,,
2023-02-17 21:00:00,21,,
2023-02-17 22:00:00,22,,
2023-02-17 23:00:00,23,,
2023-02-18 00:00:00,0,,
2023-02-18 01:00:00,1,,
2023-02-18 02:00:00,2,,
2023-02-18 03:00:00,3,,
2023-02-18 04:00:00,4,,
2023-02-18 05:00:00,5,,
2023-02-18 06:00:00,6,,
2023-02-18 07:00:00,7,,
2023-02-18 08:00:00,8,,
2023-02-18 09:00:00,9,,
2023-02-18 10:00:00,10,,
2023-02-18 11:00:00,11,,
2023-02-18 12:00:00,12,,
2023-02-18 13:00:00,13,,
2023-02-18 14:00:00,14,,
2023-02-18 15:00:00,15,,
2023-02-18 16:00:00,16,,
2023-02-18 17:00:00,17,,
2023-02-18 18:00:00,18,,
2023-02-18 19:00:00,19,,
2023-02-18 20:00:00,20,,
2023-02-18 21:00:00,21,,
2023-02-18 22:00:00,22,,
2023-02-18 23:00:00,23,,
2023-02-19 00:00:00,0,,
2023-02-19 01:00:00,1,,
2023-02-19 02:00:00,2,,
2023-02-19 03:00:00,3,,
2023-02-19 04:00:00,4,,
2023-02-19 05:00:00,5,,
2023-02-19 06:00:00,6,,
2023-02-19 07:00:00,7,,
2023-02-19 08:00:00,8,,
2023-02-19 09:00:00,9,,
2023-02-19 10:00:00,10,,
2023-02-19 11:00:00,11,,
2023-02-19 12:00:00,12,,
2023-02-19 13:00:00,13,,
2023-02-19 14:00:00,14,,
2023-02-19 15:00:00,15,,
2023-02-19 16:00:00,16,,
2023-02-19 17:00:00,17,,
2023-02-19 18:00:00,18,,
2023-02-19 19:00:00,19,,
2023-02-19 20:00:00,20,,
2023-02-19 21:00:00,21,,
2023-02-19 22:00:00,22,,
2023-02-19 23:00:00,23,,
2023-02-20 00:00:00,0,,
2023-02-20 01:00:00,1,,
2023-02-20 02:00:00,2,,
2023-02-20 03:00:00,3,,
2023-02-20 04:00:00,4,,
2023-02-20 05:00:00,5,,
2023-02-20 06:00:00,6,,
2023-02-20 07:00:00,7,,
2023-02-20 08:00:00,8,,
2023-02-20 09:00:00,9,,
2023-02-20 10:00:00,10,,
2023-02-20 11:00:00,11,,
2023-02-20 12:00:00,12,,
2023-02-20 13:00:00,13,,
2023-02-20 14:00:00,14,,
2023-02-20 15:00:00,15,,
2023-02-20 16:00:00,16,,
2023-02-20 17:00:00,17,,
2023-02-20 18:00:00,18,,
2023-02-20 19:00:00,19,,
2023-02-20 20:00:00,20,,
2023-02-20 21:00:00,21,,
2023-02-20 22:00:00,22,,
2023-02-20 23:00:00,23,,
2023-02-21 00:00:00,0,,
2023-02-21 01:00:00,1,,
2023-02-21 02:00:00,2,,
2023-02-21 03:00:00,3,,
2023-02-21 04:00:00,4,,
2023-02-21 05:00:00,5,,
2023-02-21 06:00:00,6,,
2023-02-21 07:00:00,7,,
2023-02-21 08:00:00,8,,
2023-02-21 09:00:00,9,,
2023-02-21 10:00:00,10,,
2023-02-21 11:00:00,11,,
2023-02-21 12:00:00,12,,
2023-02-21 13:00:00,13,,
2023-02-21 14:00:00,14,,
2023-02-21 15:00:00,15,,
2023-02-21 16:00:00,16,,
2023-02-21 17:00:00,17,,
2023-02-21 18:00:00,18,,
2023-02-21 19:00:00,19,,
2023-02-21 20:00:00,20,,
2023-02-21 21:00:00,21,,
2023-02-21 22:00:00,22,,
2023-02-21 23:00:00,23,,
2023-02-22 00:00:00,0,,
2023-02-22 01:00:00,1,,
2023-02-22 02:00:00,2,,
2023-02-22 03:00:00,3,,
2023-02-22 04:00:00,4,,
2023-02-22 05:00:00,5,,
2023-02-22 06:00:00,6,,
2023-02-22 07:00:00,7,,
2023-02-22 08:00:00,8,,
2023-02-22 09:00:00,9,,
2023-02-22 10:00:00,10,,
2023-02-22 11:00:00,11,,
2023-02-22 12:00:00,12,,
2023-02-22 13:00:00,13,,
2023-02-22 14:00:00,14,,
2023-02-22 15:00:00,15,,
2023-02-22 16:00:00,16,,
2023-02-22 17:00:00,17,,
2023-02-22 18:00:00,18,,
2023-02-22 19:00:00,19,,
2023-02-22 20:00:00,20,,
2023-02-22 21:00:00,21,,
2023-02-22 22:00:00,22,,
2023-02-22 23:00:00,23,,
2023-02-23 00:00:00,0,,
2023-02-23 01:00:00,1,,
2023-02-23 02:00:00,2,,
2023-02-23 03:00:00,3,,
2023-02-23 04:00:00,4,,
2023-02-23 05:00:00,5,,
2023-02-23 06:00:00,6,,
2023-02-23 07:00:00,7,,
2023-02-23 08:00:00,8,,
2023-02-23 09:00:00,9,,
2023-02-23 10:00:00,10,,
2023-02-23 11:00:00,11,,
2023-02-23 12:00:00,12,,
2023-02-23 13:00:00,13,,
2023-02-23 14:00:00,14,,
2023-02-23 15:00:00,15,,
2023-02-23 16:00:00,16,,
2023-02-23 17:00:00,17,,
2023-02-23 18:00:00,18,,
2023-02-23 19:00:00,19,,
2023-02-23 20:00:00,20,,
2023-02-23 21:00:00,21,,
2023-02-23 22:00:00,22,,
2023-02-23 23:00:00,23,,
2023-02-24 00:00:00,0,,
2023-02-24 01:00:00,1,,
2023-02-24 02:00:00,2,,
2023-02-24 03:00:00,3,,
2023-02-24 04:00:00,4,,
2023-02-24 05:00:00,5,,
2023-02-24 06:00:00,6,,
2023-02-24 07:00:00,7,,
2023-02-24 08:00:00,8,,
2023-02-24 09:00:00,9,,
2023-02-24 10:00:00,10,,
2023-02-24 11:00:00,11,,
2023-02-24 12:00:00,12,,
2023-02-24 13:00:00,13,,
2023-02-24 14:00:00,14,,
2023-02-24 15:00:00,15,,
2023-02-24 16:00:00,16,,
2023-02-24 17:00:00,17,,
2023-02-24 18:00:00,18,,
2023-02-24 19:00:00,19,,
2023-02-24 20:00:00,20,,
2023-02-24 21:00:00,21,,
2023-02-24 22:00:00,22,,
2023-02-24 23:00:00,23,,
2023-02-25 00:00:00,0,,
2023-02-25 01:00:00,1,,
2023-02-25 02:00:00,2,,
2023-02-25 03:00:00,3,,
2023-02-25 04:00:00,4,,
2023-02-25 05:00:00,5,,
2023-02-25 06:00:00,6,,
2023-02-25 07:00:00,7,,
2023-02-25 08:00:00,8,,
2023-02-25 09:00:00,9,,
2023-02-25 10:00:00,10,,
2023-02-25 11:00:00,11,,
2023-02-25 12:00:00,12,,
2023-02-25 13:00:00,13,,
2023-02-25 14:00:00,14,,
2023-02-25 15:00:00,15,,
2023-02-25 16:00:00,16,,
2023-02-25 17:00:00,17,,
2023-02-25 18:00:00,18,,
2023-02-25 19:00:00,19,,
2023-02-25 20:00:00,20,,
2023-02-25 21:00:00,21,,
2023-02-25 22:00:00,22,,
2023-02-25 23:00:00,23,,
2023-02-26 00:00:00,0,,
2023-02-26 01:00:00,1,,
2023-02-26 02:00:00,2,,
2023-02-26 03:00:00,3,,
2023-02-26 04:00:00,4,,
2023-02-26 05:00:00,5,,
2023-02-26 06:00:00,6,,
2023-02-26 07:00:00,7,,
2023-02-26 08:00:00,8,,
2023-02-26 09:00:00,9,,
2023-02-26 10:00:00,10,,
2023-02-26 11:00:00,11,,
2023-02-26 12:00:00,12,,
2023-02-26 13:00:00,13,,
2023-02-26 14:00:00,14,,
2023-02-26 15:00:00,15,,
2023-02-26 16:00:00,16,,
2023-02-26 17:00:00,17,,
2023-02-26 18:00:00,18,,
2023-02-26 19:00:00,19,,
2023-02-26 20:00:00,20,,
2023-02-26 21:00:00,21,,
2023-02-26 22:00:00,22,,
2023-02-26 23:00:00,23,,
2023-02-27 00:00:00,0,,
2023-02-27 01:00:00,1,,
2023-02-27 02:00:00,2,,
2023-02-27 03:00:00,3,,
2023-02-27 04:00:00,4,,
2023-02-27 05:00:00,5,,
2023-02-27 06:00:00,6,,
2023-02-27 07:00:00,7,,
2023-02-27 08:00:00,8,,
2023-02-27 09:00:00,9,,
2023-02-27 10:00:00,10,,
2023-02-27 11:00:00,11,,
2023-02-27 12:00:00,12,,
2023-02-27 13:00:00,13,,
2023-02-27 14:00:00,14,,
2023-02-27 15:00:00,15,,
2023-02-27 16:00:00,16,,
2023-02-27 17:00:00,17,,
2023-02-27 18:00:00,18,,
2023-02-27 19:00:00,19,,
2023-02-27 20:00:00,20,,
2023-02-27 21:00:00,21,,
2023-02-27 22:00:00,22,,
2023-02-27 23:00:00,23,,
2023-02-28 00:00:00,0,,
2023-02-28 01:00:00,1,,
2023-02-28 02:00:00,2,,
2023-02-28 03:00:00,3,,
2023-02-28 04:00:00,4,,
2023-02-28 05:00:00,5,,
2023-02-28 06:00:00,6,,
2023-02-28 07:00:00,7,,
2023-02-28 08:00:00,8,,
2023-02-28 09:00:00,9,,
2023-02-28 10:00:00,10,,
2023-02-28 11:00:00,11,,
2023-02-28 12:00:00,12,,
2023-02-28 13:00:00,13,,
2023-02-28 14:00:00,14,,
2023-02-28 15:00:00,15,,
2023-02-28 16:00:00,16,,
2023-02-28 17:00:00,17,,
2023-02-28 18:00:00,18,,
2023-02-28 19:00:00,19,,
2023-02-28 20:00:00,20,,
2023-02-28 21:00:00,21,,
2023-02-28 22:00:00,22,,
2023-02-28 23:00:00,23,,
2023-03-01 00:00:00,0,,
2023-03-01 01:00:00,1,,
2023-03-01 02:00:00,2,,
2023-03-01 03:00:00,3,,
2023-03-01 04:00:00,4,,
2023-03-01 05:00:00,5,,
2023-03-01 06:00:00,6,,
2023-03-01 07:00:00,7,,
2023-03-01 08:00:00,8,,
2023-03-01 09:00:00,9,,
2023-03-01 10:00:00,10,,
2023-03-01 11:00:00,11,,
2023-03-01 12:00:00,12,,
2023-03-01 13:00:00,13,,
2023-03-01 14:00:00,14,,
2023-03-01 15:00:00,15,,
2023-03-01 16:00:00,16,,
2023-03-01 17:00:00,17,,
2023-03-01 18:00:00,18,,
2023-03-01 19:00:00,19,,
2023-03-01 20:00:00,20,,
2023-03-01 21:00:00,21,,
2023-03-01 22:00:00,22,,
2023-03-01 23:00:00,23,,
2023-03-02 00:00:00,0,,
2023-03-02 01:00:00,1,,
2023-03-02 02:00:00,2,,
2023-03-02 03:00:00,3,,
2023-03-02 04:00:00,4,,
2023-03-02 05:00:00,5,,
2023-03-02 06:00:00,6,,
2023-03-02 07:00:00,7,,
2023-03-02 08:00:00,8,,
2023-03-02 09:00:00,9,,
2023-03-02 10:00:00,10,,
2023-03-02 11:00:00,11,,
2023-03-02 12:00:00,12,,
2023-03-02 13:00:00,13,,
2023-03-02 14:00:00,14,,
2023-03-02 15:00:00,15,,
2023-03-02 16:00:00,16,,
2023-03-02 17:00:00,17,,
2023-03-02 18:00:00,18,,
2023-03-02 19:00:00,19,,
2023-03-02 20:00:00,20,,
2023-03-02 21:00:00,21,,
2023-03-02 22:00:00,22,,
2023-03-02 23:00:00,23,,
2023-03-03 00:00:00,0,,
2023-03-03 01:00:00,1,,
2023-03-03 02:00:00,2,,
2023-03-03 03:00:00,3,,
2023-03-03 04:00:00,4,,
2023-03-03 05:00:00,5,,
2023-03-03 06:00:00,6,,
2023-03-03 07:00:00,7,,
2023-03-03 08:00:00,8,,
2023-03-03 09:00:00,9,,
2023-03-03 10:00:00,10,,
2023-03-03 11:00:00,11,,
2023-03-03 12:00:00,12,,
2023-03-03 13:00:00,13,,
2023-03-03 14:00:00,14,,
2023-03-03 15:00:00,15,,
2023-03-03 16:00:00,16,,
2023-03-03 17:00:00,17,,
2023-03-03 18:00:00,18,,
2023-03-03 19:00:00,19,,
2023-03-03 20:00:00,20,,
2023-03-03 21:00:00,21,,
2023-03-03 22:00:00,22,,
2023-03-03 23:00:00,23,,
2023-03-04 00:00:00,0,,
2023-03-04 01:00:00,1,,
2023-03-04 02:00:00,2,,
2023-03-04 03:00:00,3,,
2023-03-04 04:00:00,4,,
2023-03-04 05:00:00,5,,
2023-03-04 06:00:00,6,,
2023-03-04 07:00:00,7,,
2023-03-04 08:00:00,8,,
2023-03-04 09:00:00,9,,
2023-03-04 10:00:00,10,,
2023-03-04 11:00:00,11,,
2023-03-04 12:00:00,12,,
2023-03-04 13:00:00,13,,
2023-03-04 14:00:00,14,,
2023-03-04 15:00:00,15,,
2023-03-04 16:00:00,16,,
2023-03-04 17:00:00,17,,
2023-03-04 18:00:00,18,,
2023-03-04 19:00:00,19,,
2023-03-04 20:00:00,20,,
2023-03-04 21:00:00,21,,
2023-03-04 22:00:00,22,,
2023-03-04 23:00:00,23,,
2023-03-05 00:00:00,0,,
2023-03-05 01:00:00,1,,
2023-03-05 02:00:00,2,,
2023-03-05 03:00:00,3,,
2023-03-05 04:00:00,4,,
2023-03-05 05:00:00,5,,
2023-03-05 06:00:00,6,,
2023-03-05 07:00:00,7,,
2023-03-05 08:00:00,8,,
2023-03-05 09:00:00,9,,
2023-03-05 10:00:00,10,,
2023-03-05 11:00:00,11,,
2023-03-05 12:00:00,12,,
2023-03-05 13:00:00,13,,
2023-03-05 14:00:00,14,,
2023-03-05 15:00:00,15,,
2023-03-05 16:00:00,16,,
2023-03-05 17:00:00,17,,
2023-03-05 18:00:00,18,,
2023-03-05 19:00:00,19,,
2023-03-05 20:00:00,20,,
2023-03-05 21:00:00,21,,
2023-03-05 22:00:00,22,,
2023-03-05 23:00:00,23,,
2023-03-06 00:00:00,0,,
2023-03-06 01:00:00,1,,
2023-03-06 02:00:00,2,,
2023-03-06 03:00:00,3,,
2023-03-06 04:00:00,4,,
2023-03-06 05:00:00,5,,
2023-03-06 06:00:00,6,,
2023-03-06 07:00:00,7,,
2023-03-06 08:00:00,8,,
2023-03-06 09:00:00,9,,
2023-03-06 10:00:00,10,,
2023-03-06 11:00:00,11,,
2023-03-06 12:00:00,12,,
2023-03-06 13:00:00,13,,
2023-03-06 14:00:00,14,,
2023-03-06 15:00:00,15,,
2023-03-06 16:00:00,16,,
2023-03-06 17:00:00,17,,
2023-03-06 18:00:00,18,,
2023-03-06 19:00:00,19,,
2023-03-06 20:00:00,20,,
2023-03-06 21:00:00,21,,
2023-03-06 22:00:00,22,,
2023-03-06 23:00:00,23,,
2023-03-07 00:00:00,0,,
2023-03-07 01:00:00,1,,
2023-03-07 02:00:00,2,,
2023-03-07 03:00:00,3,,
2023-03-07 04:00:00,4,,
2023-03-07 05:00:00,5,,
2023-03-07 06:00:00,6,,
2023-03-07 07:00:00,7,,
2023-03-07 08:00:00,8,,
2023-03-07 09:00:00,9,,
2023-03-07 10:00:00,10,,
2023-03-07 11:00:00,11,,
2023-03-07 12:00:00,12,,
2023-03-07 13:00:00,13,,
2023-03-07 14:00:00,14,,
2023-03-07 15:00:00,15,,
2023-03-07 16:00:00,16,,
2023-03-07 17:00:00,17,,
2023-03-07 18:00:00,18,,
2023-03-07 19:00:00,19,,
2023-03-07 20:00:00,20,,
2023-03-07 21:00:00,21,,
2023-03-07 22:00:00,22,,
2023-03-07 23:00:00,23,,
2023-03-08 00:00:00,0,,
2023-03-08 01:00:00,1,,
2023-03-08 02:00:00,2,,
2023-03-08 03:00:00,3,,
2023-03-08 04:00:00,4,,
2023-03-08 05:00:00,5,,
2023-03-08 06:00:00,6,,
2023-03-08 07:00:00,7,,
2023-03-08 08:00:00,8,,
2023-03-08 09:00:00,9,,
2023-03-08 10:00:00,10,,
2023-03-08 11:00:00,11,,
2023-03-08 12:00:00,12,,
2023-03-08 13:00:00,13,,
2023-03-08 14:00:00,14,,
2023-03-08 15:00:00,15,,
2023-03-08 16:00:00,16,,
2023-03-08 17:00:00,17,,
2023-03-08 18:00:00,18,,
2023-03-08 19:00:00,19,,
2023-03-08 20:00:00,20,,
2023-03-08 21:00:00,21,,
2023-03-08 22:00:00,22,,
2023-03-08 23:00:00,23,,
2023-03-09 00:00:00,0,,
2023-03-09 01:00:00,1,,
2023-03-09 02:00:00,2,,
2023-03-09 03:00:00,3,,
2023-03-09 04:00:00,4,,
2023-03-09 05:00:00,5,,
2023-03-09 06:00:00,6,,
2023-03-09 07:00:00,7,,
2023-03-09 08:00:00,8,,
2023-03-09 09:00:00,9,,
2023-03-09 10:00:00,10,,
2023-03-09 11:00:00,11,,
2023-03-09 12:00:00,12,,
2023-03-09 13:00:00,13,,
2023-03-09 14:00:00,14,,
2023-03-09 15:00:00,15,,
2023-03-09 16:00:00,16,,
2023-03-09 17:00:00,17,,
2023-03-09 18:00:00,18,,
2023-03-09 19:00:00,19,,
2023-03-09 20:00:00,20,,
2023-03-09 21:00:00,21,,
2023-03-09 22:00:00,22,,
2023-03-09 23:00:00,23,,
2023-03-10 00:00:00,0,,
2023-03-10 01:00:00,1,,
2023-03-10 02:00:00,2,,
2023-03-10 03:00:00,3,,
2023-03-10 04:00:00,4,,
2023-03-10 05:00:00,5,,
2023-03-10 06:00:00,6,,
2023-03-10 07:00:00,7,,
2023-03-10 08:00:00,8,,
2023-03-10 09:00:00,9,,
2023-03-10 10:00:00,10,,
2023-03-10 11:00:00,11,,
2023-03-10 12:00:00,12,,
2023-03-10 13:00:00,13,,
2023-03-10 14:00:00,14,,
2023-03-10 15:00:00,15,,
2023-03-10 16:00:00,16,,
2023-03-10 17:00:00,17,,
2023-03-10 18:00:00,18,,
2023-03-10 19:00:00,19,,
2023-03-10 20:00:00,20,,
2023-03-10 21:00:00,21,,
2023-03-10 22:00:00,22,,
2023-03-10 23:00:00,23,,
2023-03-11 00:00:00,0,,
2023-03-11 01:00:00,1,,
2023-03-11 02:00:00,2,,
2023-03-11 03:00:00,3,,
2023-03-11 04:00:00,4,,
2023-03-11 05:00:00,5,,
2023-03-11 06:00:00,6,,
2023-03-11 07:00:00,7,,
2023-03-11 08:00:00,8,,
2023-03-11 09:00:00,9,,
2023-03-11 10:00:00,10,,
2023-03-11 11:00:00,11,,
2023-03-11 12:00:00,12,,
2023-03-11 13:00:00,13,,
2023-03-11 14:00:00,14,,
2023-03-11 15:00:00,15,,
2023-03-11 16:00:00,16,,
2023-03-11 17:00:00,17,,
2023-03-11 18:00:00,18,,
2023-03-11 19:00:00,19,,
2023-03-11 20:00:00,20,,
2023-03-11 21:00:00,21,,
2023-03-11 22:00:00,22,,
2023-03-11 23:00:00,23,,
2023-03-12 00:00:00,0,,
2023-03-12 01:00:00,1,,
2023-03-12 02:00:00,2,,
2023-03-12 03:00:00,3,,
2023-03-12 04:00:00,4,,
2023-03-12 05:00:00,5,,
2023-03-12 06:00:00,6,,
2023-03-12 07:00:00,7,,
2023-03-12 08:00:00,8,,
2023-03-12 09:00:00,9,,
2023-03-12 10:00:00,10,,
2023-03-12 11:00:00,11,,
2023-03-12 12:00:00,12,,
2023-03-12 13:00:00,13,,
2023-03-12 14:00:00,14,,
2023-03-12 15:00:00,15,,
2023-03-12 16:00:00,16,,
2023-03-12 17:00:00,17,,
2023-03-12 18:00:00,18,,
2023-03-12 19:00:00,19,,
2023-03-12 20:00:00,20,,
2023-03-12 21:00:00,21,,
2023-03-12 22:00:00,22,,
2023-03-12 23:00:00,23,,
2023-03-13 00:00:00,0,,
2023-03-13 01:00:00,1,,
2023-03-13 02:00:00,2,,
2023-03-13 03:00:00,3,,
2023-03-13 04:00:00,4,,
2023-03-13 05:00:00,5,,
2023-03-13 06:00:00,6,,
2023-03-13 07:00:00,7,,
2023-03-13 08:00:00,8,,
2023-03-13 09:00:00,9,,
2023-03-13 10:00:00,10,,
2023-03-13 11:00:00,11,,
2023-03-13 12:00:00,12,,
2023-03-13 13:00:00,13,,
2023-03-13 14:00:00,14,,
2023-03-13 15:00:00,15,,
2023-03-13 16:00:00,16,,
2023-03-13 17:00:00,17,,
2023-03-13 18:00:00,18,,
2023-03-13 19:00:00,19,,
2023-03-13 20:00:00,20,,
2023-03-13 21:00:00,21,,
2023-03-13 22:00:00,22,,
2023-03-13 23:00:00,23,,
2023-03-14 00:00:00,0,,
2023-03-14 01:00:00,1,,
2023-03-14 02:00:00,2,,
2023-03-14 03:00:00,3,,
2023-03-14 04:00:00,4,,
2023-03-14 05:00:00,5,,
2023-03-14 06:00:00,6,,
2023-03-14 07:00:00,7,,
2023-03-14 08:00:00,8,,
2023-03-14 09:00:00,9,,
2023-03-14 10:00:00,10,,
2023-03-14 11:00:00,11,,
2023-03-14 12:00:00,12,,
2023-03-14 13:00:00,13,860.8,1.1
2023-03-14 14:00:00,14,1765.2,2.1
2023-03-14 15:00:00,15,1327.7,1.3
2023-03-14 16:00:00,16,2217.7,2.8
2023-03-14 17:00:00,17,2391.2,3.1
2023-03-14 18:00:00,18,1824.1,2.9
2023-03-14 19:00:00,19,1687.7,1.7
2023-03-14 20:00:00,20,352.3,1.4
2023-03-14 21:00:00,21,91.5,0.9
2023-03-14 22:00:00,22,,2.0
2023-03-14 23:00:00,23,3.0,2.9
2023-03-15 00:00:00,0,4.2,2.4
2023-03-15 01:00:00,1,1.7,2.6
2023-03-15 02:00:00,2,1.1,1.5
2023-03-15 03:00:00,3,,0.0
2023-03-15 04:00:00,4,,1.9
2023-03-15 05:00:00,5,,0.9
2023-03-15 06:00:00,6,,0.4
2023-03-15 07:00:00,7,,0.6
2023-03-15 08:00:00,8,,0.9
2023-03-15 09:00:00,9,1.1,0.8
2023-03-15 10:00:00,10,320.7,2.6
2023-03-15 11:00:00,11,1174.8,2.8
2023-03-15 12:00:00,12,2078.9,1.9
2023-03-15 13:00:00,13,2844.6,1.5
2023-03-15 14:00:00,14,3147.3,1.8
2023-03-15 15:00:00,15,2618.3,2.3
2023-03-15 16:00:00,16,2949.0,0.7
2023-03-15 17:00:00,17,2765.6,1.3
2023-03-15 18:00:00,18,2432.3,1.9
2023-03-15 19:00:00,19,2013.3,1.2
2023-03-15 20:00:00,20,677.8,1.8
2023-03-15 21:00:00,21,146.7,1.1
2023-03-15 22:00:00,22,,1.0
2023-03-15 23:00:00,23,,3.0
2023-03-16 00:00:00,0,,2.8
2023-03-16 01:00:00,1,,1.6
2023-03-16 02:00:00,2,,1.5
2023-03-16 03:00:00,3,,1.4
2023-03-16 04:00:00,4,,1.6
2023-03-16 05:00:00,5,,0.2
2023-03-16 06:00:00,6,,0.9
2023-03-16 07:00:00,7,,2.0
2023-03-16 08:00:00,8,,1.1
2023-03-16 09:00:00,9,3.5,0.3
2023-03-16 10:00:00,10,68.8,0.3
2023-03-16 11:00:00,11,617.1,0.5
2023-03-16 12:00:00,12,1530.6,0.6
2023-03-16 13:00:00,13,2552.1,1.0
2023-03-16 14:00:00,14,3075.1,1.1
2023-03-16 15:00:00,15,2912.8,1.3
2023-03-16 16:00:00,16,3246.6,1.2
2023-03-16 17:00:00,17,2763.2,1.2
2023-03-16 18:00:00,18,3046.5,1.1
2023-03-16 19:00:00,19,1454.1,2.0
2023-03-16 20:00:00,20,223.9,1.9
2023-03-16 21:00:00,21,114.0,1.7
2023-03-16 22:00:00,22,,0.3
2023-03-16 23:00:00,23,,2.2
2023-03-17 00:00:00,0,,0.8
2023-03-17 01:00:00,1,,0.5
2023-03-17 02:00:00,2,,0.5
2023-03-17 03:00:00,3,,1.0
2023-03-17 04:00:00,4,,0.1
2023-03-17 05:00:00,5,,0.3
2023-03-17 06:00:00,6,,0.9
2023-03-17 07:00:00,7,,1.2
2023-03-17 08:00:00,8,,0.0
2023-03-17 09:00:00,9,,1.2
2023-03-17 10:00:00,10,306.0,1.3
2023-03-17 11:00:00,11,1186.5,2.9
2023-03-17 12:00:00,12,1919.7,2.9
2023-03-17 13:00:00,13,2809.3,3.4
2023-03-17 14:00:00,14,3435.5,2.6
2023-03-17 15:00:00,15,2535.5,2.1
2023-03-17 16:00:00,16,3283.2,2.2
2023-03-17 17:00:00,17,2900.7,1.2
2023-03-17 18:00:00,18,1467.1,1.5
2023-03-17 19:00:00,19,874.5,0.9
2023-03-17 20:00:00,20,526.2,1.1
2023-03-17 21:00:00,21,115.7,2.4
2023-03-17 22:00:00,22,2.3,4.3
2023-03-17 23:00:00,23,6.1,3.0
2023-03-18 00:00:00,0,3.1,0.4
2023-03-18 01:00:00,1,3.2,2.3
2023-03-18 02:00:00,2,5.6,2.8
2023-03-18 03:00:00,3,2.9,2.4
2023-03-18 04:00:00,4,4.1,0.4
2023-03-18 05:00:00,5,3.2,0.4
2023-03-18 06:00:00,6,2.7,1.2
2023-03-18 07:00:00,7,2.8,1.1
2023-03-18 08:00:00,8,0.5,1.5
2023-03-18 09:00:00,9,,1.1
2023-03-18 10:00:00,10,42.6,1.8
2023-03-18 11:00:00,11,97.9,1.9
2023-03-18 12:00:00,12,130.7,1.3
2023-03-18 13:00:00,13,392.2,1.6
2023-03-18 14:00:00,14,152.8,2.8
2023-03-18 15:00:00,15,340.0,2.1
2023-03-18 16:00:00,16,534.2,2.3
2023-03-18 17:00:00,17,875.4,1.8
2023-03-18 18:00:00,18,864.3,1.6
2023-03-18 19:00:00,19,739.1,1.3
2023-03-18 20:00:00,20,613.1,0.6
2023-03-18 21:00:00,21,227.2,0.0
2023-03-18 22:00:00,22,,1.3
2023-03-18 23:00:00,23,,0.7
2023-03-19 00:00:00,0,,1.2
2023-03-19 01:00:00,1,,0.2
2023-03-19 02:00:00,2,,0.1
2023-03-19 03:00:00,3,,0.0
2023-03-19 04:00:00,4,,0.0
2023-03-19 05:00:00,5,,1.2
2023-03-19 06:00:00,6,,0.4
2023-03-19 07:00:00,7,,0.2
2023-03-19 08:00:00,8,,0.0
2023-03-19 09:00:00,9,0.0,0.2
2023-03-19 10:00:00,10,303.6,0.3
2023-03-19 11:00:00,11,1210.3,0.3
2023-03-19 12:00:00,12,2155.9,0.8
2023-03-19 13:00:00,13,2690.5,1.1
2023-03-19 14:00:00,14,3110.8,1.0
2023-03-19 15:00:00,15,3691.2,1.5
2023-03-19 16:00:00,16,3752.8,1.3
2023-03-19 17:00:00,17,2294.9,1.5
2023-03-19 18:00:00,18,2420.5,1.3
2023-03-19 19:00:00,19,1389.9,1.5
2023-03-19 20:00:00,20,723.6,1.4
2023-03-19 21:00:00,21,164.1,1.4
2023-03-19 22:00:00,22,,1.0
2023-03-19 23:00:00,23,,1.0
2023-03-20 00:00:00,0,,0.9
2023-03-20 01:00:00,1,,2.7
2023-03-20 02:00:00,2,2.9,1.6
2023-03-20 03:00:00,3,0.3,0.9
2023-03-20 04:00:00,4,0.6,1.5
2023-03-20 05:00:00,5,,1.4
2023-03-20 06:00:00,6,,1.3
2023-03-20 07:00:00,7,,1.7
2023-03-20 08:00:00,8,,0.4
2023-03-20 09:00:00,9,,0.1
2023-03-20 10:00:00,10,59.2,1.3
2023-03-20 11:00:00,11,437.8,0.6
2023-03-20 12:00:00,12,1111.6,0.5
2023-03-20 13:00:00,13,1955.8,0.8
2023-03-20 14:00:00,14,2730.2,2.5
2023-03-20 15:00:00,15,2803.6,2.7
2023-03-20 16:00:00,16,3588.6,2.8
2023-03-20 17:00:00,17,3736.9,2.9
2023-03-20 18:00:00,18,2879.7,2.1
2023-03-20 19:00:00,19,2314.1,2.0
2023-03-20 20:00:00,20,867.2,1.6
2023-03-20 21:00:00,21,238.9,0.8
2023-03-20 22:00:00,22,7.2,9.9
2023-03-20 23:00:00,23,3.2,0.2
2023-03-21 00:00:00,0,1.7,0.3
2023-03-21 01:00:00,1,1.2,1.1
2023-03-21 02:00:00,2,1.4,0.7
2023-03-21 03:00:00,3,0.8,1.7
2023-03-21 04:00:00,4,,1.6
2023-03-21 05:00:00,5,,2.1
2023-03-21 06:00:00,6,0.4,1.2
2023-03-21 07:00:00,7,0.1,1.8
2023-03-21 08:00:00,8,0.5,1.3
2023-03-21 09:00:00,9,,1.2
2023-03-21 10:00:00,10,66.5,0.3
2023-03-21 11:00:00,11,293.2,0.3
2023-03-21 12:00:00,12,711.1,0.9
2023-03-21 13:00:00,13,770.0,1.1
2023-03-21 14:00:00,14,730.0,2.2
2023-03-21 15:00:00,15,367.2,1.5
2023-03-21 16:00:00,16,466.7,2.2
2023-03-21 17:00:00,17,150.3,1.2
2023-03-21 18:00:00,18,705.0,2.1
2023-03-21 19:00:00,19,422.8,1.4
2023-03-21 20:00:00,20,149.7,1.7
2023-03-21 21:00:00,21,52.3,0.7
2023-03-21 22:00:00,22,,0.6
2023-03-21 23:00:00,23,,0.6
2023-03-22 00:00:00,0,,0.8
2023-03-22 01:00:00,1,,0.9
2023-03-22 02:00:00,2,,0.2
2023-03-22 03:00:00,3,,0.4
2023-03-22 04:00:00,4,,0.7
2023-03-22 05:00:00,5,,0.2
2023-03-22 06:00:00,6,,0.0
2023-03-22 07:00:00,7,,0.2
2023-03-22 08:00:00,8,,0.1
2023-03-22 09:00:00,9,,1.0
2023-03-22 10:00:00,10,197.8,2.1
2023-03-22 11:00:00,11,543.0,0.8
2023-03-22 12:00:00,12,1078.1,0.5
2023-03-22 13:00:00,13,1335.2,0.1
2023-03-22 14:00:00,14,2269.0,0.9
2023-03-22 15:00:00,15,3274.9,1.0
2023-03-22 16:00:00,16,2489.4,0.7
2023-03-22 17:00:00,17,2976.4,2.0
2023-03-22 18:00:00,18,2634.4,3.1
2023-03-22 19:00:00,19,1009.0,1.2
2023-03-22 20:00:00,20,413.4,3.7
2023-03-22 21:00:00,21,55.7,0.9
2023-03-22 22:00:00,22,,2.2
2023-03-22 23:00:00,23,,1.2
2023-03-23 00:00:00,0,,2.0
2023-03-23 01:00:00,1,,1.1
2023-03-23 02:00:00,2,,1.4
2023-03-23 03:00:00,3,,0.6
2023-03-23 04:00:00,4,,0.4
2023-03-23 05:00:00,5,,0.8
2023-03-23 06:00:00,6,,0.0
2023-03-23 07:00:00,7,,0.5
2023-03-23 08:00:00,8,,0.0
2023-03-23 09:00:00,9,0.8,0.4
2023-03-23 10:00:00,10,190.8,0.6
2023-03-23 11:00:00,11,1043.0,0.5
2023-03-23 12:00:00,12,1921.6,0.5
2023-03-23 13:00:00,13,2873.1,3.0
2023-03-23 14:00:00,14,3084.1,3.1
2023-03-23 15:00:00,15,3550.0,4.2
2023-03-23 16:00:00,16,2990.8,3.8
2023-03-23 17:00:00,17,2893.4,3.0
2023-03-23 18:00:00,18,2429.0,3.0
2023-03-23 19:00:00,19,1934.2,2.4
2023-03-23 20:00:00,20,595.6,1.8
2023-03-23 21:00:00,21,78.4,1.7
2023-03-23 22:00:00,22,,1.6
2023-03-23 23:00:00,23,,2.6
2023-03-24 00:00:00,0,,2.6
2023-03-24 01:00:00,1,,1.7
2023-03-24 02:00:00,2,,2.2
2023-03-24 03:00:00,3,,1.7
2023-03-24 04:00:00,4,,0.3
2023-03-24 05:00:00,5,,0.4
2023-03-24 06:00:00,6,,0.8
2023-03-24 07:00:00,7,,0.0
2023-03-24 08:00:00,8,,0.0
2023-03-24 09:00:00,9,0.0,0.3
2023-03-24 10:00:00,10,333.9,1.0
2023-03-24 11:00:00,11,1164.7,0.5
2023-03-24 12:00:00,12,2117.5,0.4
2023-03-24 13:00:00,13,2827.9,1.5
2023-03-24 14:00:00,14,3344.6,1.4
2023-03-24 15:00:00,15,3642.6,1.4
2023-03-24 16:00:00,16,3278.8,1.4
2023-03-24 17:00:00,17,1981.9,1.0
2023-03-24 18:00:00,18,2591.4,2.0
2023-03-24 19:00:00,19,1901.5,1.6
2023-03-24 20:00:00,20,419.4,0.8
2023-03-24 21:00:00,21,127.2,0.8
2023-03-24 22:00:00,22,12.2,1.1
2023-03-24 23:00:00,23,5.7,0.5
2023-03-25 00:00:00,0,3.1,1.0
2023-03-25 01:00:00,1,0.1,0.2
2023-03-25 02:00:00,2,,0.6
2023-03-25 03:00:00,3,,0.2
2023-03-25 04:00:00,4,,0.4
2023-03-25 05:00:00,5,,0.7
2023-03-25 06:00:00,6,,0.1
2023-03-25 07:00:00,7,,0.2
2023-03-25 08:00:00,8,,0.3
2023-03-25 09:00:00,9,0.5,0.3
2023-03-25 10:00:00,10,280.2,0.2
2023-03-25 11:00:00,11,895.8,1.1
2023-03-25 12:00:00,12,1940.8,0.5
2023-03-25 13:00:00,13,2856.9,1.2
2023-03-25 14:00:00,14,3194.8,1.1
2023-03-25 15:00:00,15,1371.3,2.5
2023-03-25 16:00:00,16,2228.1,1.2
2023-03-25 17:00:00,17,3304.1,1.3
2023-03-25 18:00:00,18,2550.6,0.8
2023-03-25 19:00:00,19,1114.1,1.1
2023-03-25 20:00:00,20,568.0,1.2
2023-03-25 21:00:00,21,113.0,1.0
2023-03-25 22:00:00,22,,0.4
2023-03-25 23:00:00,23,5.2,1.4
2023-03-26 00:00:00,0,3.3,2.3
2023-03-26 01:00:00,1,2.8,1.3
2023-03-26 02:00:00,2,3.1,0.2
2023-03-26 03:00:00,3,1.8,0.5
2023-03-26 04:00:00,4,,0.1
2023-03-26 05:00:00,5,,0.4
2023-03-26 06:00:00,6,,0.7
2023-03-26 07:00:00,7,,0.5
2023-03-26 08:00:00,8,,0.4
2023-03-26 09:00:00,9,1.5,0.4
2023-03-26 10:00:00,10,185.0,0.6
2023-03-26 11:00:00,11,836.7,1.3
2023-03-26 12:00:00,12,1940.3,0.7
2023-03-26 13:00:00,13,2768.9,1.1
2023-03-26 14:00:00,14,3260.4,1.4
2023-03-26 15:00:00,15,3310.5,1.0
2023-03-26 16:00:00,16,3286.2,2.2
2023-03-26 17:00:00,17,3325.3,0.9
2023-03-26 18:00:00,18,2755.9,2.9
2023-03-26 19:00:00,19,1980.8,1.4
2023-03-26 20:00:00,20,663.1,0.9
2023-03-26 21:00:00,21,81.7,0.9
2023-03-26 22:00:00,22,,0.3
2023-03-26 23:00:00,23,,0.6
2023-03-27 00:00:00,0,,2.1
2023-03-27 01:00:00,1,,1.8
2023-03-27 02:00:00,2,,0.3
2023-03-27 03:00:00,3,,1.3
2023-03-27 04:00:00,4,,1.0
2023-03-27 05:00:00,5,,0.4
2023-03-27 06:00:00,6,,2.6
2023-03-27 07:00:00,7,,0.8
2023-03-27 08:00:00,8,,1.0
2023-03-27 09:00:00,9,,1.0
2023-03-27 10:00:00,10,126.2,1.0
2023-03-27 11:00:00,11,537.0,1.7
2023-03-27 12:00:00,12,843.4,2.4
2023-03-27 13:00:00,13,1941.8,3.8
2023-03-27 14:00:00,14,1741.1,2.6
2023-03-27 15:00:00,15,1633.7,2.7
2023-03-27 16:00:00,16,2440.9,2.2
2023-03-27 17:00:00,17,2012.3,2.5
2023-03-27 18:00:00,18,1620.7,1.5
2023-03-27 19:00:00,19,976.7,1.1
2023-03-27 20:00:00,20,555.8,0.3
2023-03-27 21:00:00,21,142.3,0.3
2023-03-27 22:00:00,22,,0.3
2023-03-27 23:00:00,23,,1.8
2023-03-28 00:00:00,0,,1.0
2023-03-28 01:00:00,1,,1.7
2023-03-28 02:00:00,2,,0.3
2023-03-28 03:00:00,3,,0.8
2023-03-28 04:00:00,4,,0.5
2023-03-28 05:00:00,5,,0.5
2023-03-28 06:00:00,6,,0.8
2023-03-28 07:00:00,7,,0.1
2023-03-28 08:00:00,8,,0.9
2023-03-28 09:00:00,9,,1.0
2023-03-28 10:00:00,10,308.9,1.1
2023-03-28 11:00:00,11,1164.0,1.2
2023-03-28 12:00:00,12,2074.9,1.0
2023-03-28 13:00:00,13,2804.0,1.2
2023-03-28 14:00:00,14,3323.9,0.8
2023-03-28 15:00:00,15,3395.4,1.4
2023-03-28 16:00:00,16,3269.8,0.7
2023-03-28 17:00:00,17,3044.5,1.3
2023-03-28 18:00:00,18,2792.3,1.6
2023-03-28 19:00:00,19,1901.2,1.1
2023-03-28 20:00:00,20,700.7,0.9
2023-03-28 21:00:00,21,87.9,0.2
2023-03-28 22:00:00,22,,0.5
2023-03-28 23:00:00,23,,1.1
2023-03-29 00:00:00,0,,0.7
2023-03-29 01:00:00,1,,2.2
2023-03-29 02:00:00,2,,2.0
2023-03-29 03:00:00,3,,1.9
2023-03-29 04:00:00,4,,0.7
2023-03-29 05:00:00,5,,0.6
2023-03-29 06:00:00,6,,0.7
2023-03-29 07:00:00,7,,1.4
2023-03-29 08:00:00,8,,1.0
2023-03-29 09:00:00,9,0.0,1.0
2023-03-29 10:00:00,10,124.8,0.4
2023-03-29 11:00:00,11,649.7,1.0
2023-03-29 12:00:00,12,1587.0,1.7
2023-03-29 13:00:00,13,2811.9,2.9
2023-03-29 14:00:00,14,3050.7,2.2
2023-03-29 15:00:00,15,3458.1,3.0
2023-03-29 16:00:00,16,2788.2,2.8
2023-03-29 17:00:00,17,2970.5,2.1
2023-03-29 18:00:00,18,2724.1,2.5
2023-03-29 19:00:00,19,1963.4,1.7
2023-03-29 20:00:00,20,677.1,1.5
2023-03-29 21:00:00,21,88.7,0.8
2023-03-29 22:00:00,22,,0.0
2023-03-29 23:00:00,23,,0.8
2023-03-30 00:00:00,0,,1.3
2023-03-30 01:00:00,1,,1.0
2023-03-30 02:00:00,2,,1.6
2023-03-30 03:00:00,3,,2.2
2023-03-30 04:00:00,4,,1.6
2023-03-30 05:00:00,5,,1.2
2023-03-30 06:00:00,6,,1.6
2023-03-30 07:00:00,7,,1.0
2023-03-30 08:00:00,8,,0.2
2023-03-30 09:00:00,9,,0.6
2023-03-30 10:00:00,10,320.1,0.5
2023-03-30 11:00:00,11,1166.5,0.8
2023-03-30 12:00:00,12,2049.0,1.6
2023-03-30 13:00:00,13,2779.0,0.8
2023-03-30 14:00:00,14,3272.2,0.7
2023-03-30 15:00:00,15,3625.7,1.9
2023-03-30 16:00:00,16,3382.5,2.1
2023-03-30 17:00:00,17,2935.8,1.2
2023-03-30 18:00:00,18,1376.2,1.2
2023-03-30 19:00:00,19,864.2,0.9
2023-03-30 20:00:00,20,552.5,0.8
2023-03-30 21:00:00,21,140.7,0.6
2023-03-30 22:00:00,22,,0.5
2023-03-30 23:00:00,23,,1.0
2023-03-31 00:00:00,0,,1.6
2023-03-31 01:00:00,1,,1.3
2023-03-31 02:00:00,2,,2.6
2023-03-31 03:00:00,3,,2.0
2023-03-31 04:00:00,4,,1.1
2023-03-31 05:00:00,5,,1.3
2023-03-31 06:00:00,6,,2.3
2023-03-31 07:00:00,7,,1.9
2023-03-31 08:00:00,8,,1.5
2023-03-31 09:00:00,9,,0.9
2023-03-31 10:00:00,10,327.0,0.8
2023-03-31 11:00:00,11,1204.4,1.3
2023-03-31 12:00:00,12,2099.8,1.6
2023-03-31 13:00:00,13,2840.0,1.6
2023-03-31 14:00:00,14,3331.5,1.1
2023-03-31 15:00:00,15,3541.1,0.7
2023-03-31 16:00:00,16,3470.1,2.0
2023-03-31 17:00:00,17,3282.2,1.7
2023-03-31 18:00:00,18,2731.9,1.1
2023-03-31 19:00:00,19,1935.9,1.0
2023-03-31 20:00:00,20,722.5,0.9
2023-03-31 21:00:00,21,103.3,0.3
2023-03-31 22:00:00,22,,0.2
2023-03-31 23:00:00,23,,0.9
2023-04-01 00:00:00,0,,1.6
2023-04-01 01:00:00,1,,1.7
2023-04-01 02:00:00,2,,1.5
2023-04-01 03:00:00,3,,1.0
2023-04-01 04:00:00,4,,0.9
2023-04-01 05:00:00,5,,1.3
2023-04-01 06:00:00,6,,0.7
2023-04-01 07:00:00,7,,1.1
2023-04-01 08:00:00,8,,1.3
2023-04-01 09:00:00,9,,1.1
2023-04-01 10:00:00,10,304.4,1.0
2023-04-01 11:00:00,11,1194.8,2.2
2023-04-01 12:00:00,12,2079.9,2.3
2023-04-01 13:00:00,13,2766.7,2.2
2023-04-01 14:00:00,14,3307.3,2.2
2023-04-01 15:00:00,15,3453.0,1.8
2023-04-01 16:00:00,16,3456.8,1.8
2023-04-01 17:00:00,17,3256.2,1.8
2023-04-01 18:00:00,18,2711.5,1.4
2023-04-01 19:00:00,19,1928.1,1.8
2023-04-01 20:00:00,20,774.1,1.1
2023-04-01 21:00:00,21,81.0,0.6
2023-04-01 22:00:00,22,,1.4
2023-04-01 23:00:00,23,,0.8
2023-04-02 00:00:00,0,,0.6
2023-04-02 01:00:00,1,,0.5
2023-04-02 02:00:00,2,,1.0
2023-04-02 03:00:00,3,,2.4
2023-04-02 04:00:00,4,,1.4
2023-04-02 05:00:00,5,,1.8
2023-04-02 06:00:00,6,,1.6
2023-04-02 07:00:00,7,,1.2
2023-04-02 08:00:00,8,,1.5
2023-04-02 09:00:00,9,,1.7
2023-04-02 10:00:00,10,286.0,2.2
2023-04-02 11:00:00,11,1066.5,2.6
2023-04-02 12:00:00,12,1784.1,3.1
2023-04-02 13:00:00,13,2388.1,2.3
2023-04-02 14:00:00,14,3310.8,2.1
2023-04-02 15:00:00,15,3046.1,2.1
2023-04-02 16:00:00,16,2641.2,2.6
2023-04-02 17:00:00,17,2941.2,2.3
2023-04-02 18:00:00,18,2228.3,1.5
2023-04-02 19:00:00,19,1887.6,0.7
2023-04-02 20:00:00,20,659.3,0.9
2023-04-02 21:00:00,21,116.6,1.9
2023-04-02 22:00:00,22,,0.8
2023-04-02 23:00:00,23,,0.9
2023-04-03 00:00:00,0,,0.1
2023-04-03 01:00:00,1,,1.8
2023-04-03 02:00:00,2,,1.3
2023-04-03 03:00:00,3,,1.5
2023-04-03 04:00:00,4,,3.2
2023-04-03 05:00:00,5,3.6,2.2
2023-04-03 06:00:00,6,2.3,1.7
2023-04-03 07:00:00,7,0.2,1.5
2023-04-03 08:00:00,8,,1.0
2023-04-03 09:00:00,9,7.2,0.8
2023-04-03 10:00:00,10,94.7,0.4
2023-04-03 11:00:00,11,254.2,0.6
2023-04-03 12:00:00,12,664.0,1.4
2023-04-03 13:00:00,13,765.6,1.1
2023-04-03 14:00:00,14,1277.6,1.5
2023-04-03 15:00:00,15,2041.8,1.7
2023-04-03 16:00:00,16,1547.4,2.7
2023-04-03 17:00:00,17,2270.1,2.5
2023-04-03 18:00:00,18,1467.7,3.3
2023-04-03 19:00:00,19,847.1,2.8
2023-04-03 20:00:00,20,541.6,2.0
2023-04-03 21:00:00,21,102.1,1.9
2023-04-03 22:00:00,22,,1.9
2023-04-03 23:00:00,23,,1.3
2023-04-04 00:00:00,0,,0.7
2023-04-04 01:00:00,1,,1.2
2023-04-04 02:00:00,2,,0.0
2023-04-04 03:00:00,3,,0.0
2023-04-04 04:00:00,4,,0.3
2023-04-04 05:00:00,5,,0.6
2023-04-04 06:00:00,6,,1.0
2023-04-04 07:00:00,7,,1.3
2023-04-04 08:00:00,8,,1.2
2023-04-04 09:00:00,9,,0.0
2023-04-04 10:00:00,10,234.8,0.9
2023-04-04 11:00:00,11,1173.1,1.2
2023-04-04 12:00:00,12,1991.9,1.3
2023-04-04 13:00:00,13,2772.0,1.5
2023-04-04 14:00:00,14,3223.0,0.9
2023-04-04 15:00:00,15,3484.6,1.7
2023-04-04 16:00:00,16,3072.6,1.8
2023-04-04 17:00:00,17,3262.5,1.6
2023-04-04 18:00:00,18,2681.6,0.7
2023-04-04 19:00:00,19,1760.3,1.5
2023-04-04 20:00:00,20,778.9,1.0
2023-04-04 21:00:00,21,74.3,3.4
2023-04-04 22:00:00,22,9.6,1.2
2023-04-04 23:00:00,23,,1.3
2023-04-05 00:00:00,0,,0.9
2023-04-05 01:00:00,1,,0.8
2023-04-05 02:00:00,2,,0.9
2023-04-05 03:00:00,3,,0.4
2023-04-05 04:00:00,4,,1.0
2023-04-05 05:00:00,5,,0.1
2023-04-05 06:00:00,6,,1.0
2023-04-05 07:00:00,7,,0.1
2023-04-05 08:00:00,8,,0.2
2023-04-05 09:00:00,9,0.1,0.6
2023-04-05 10:00:00,10,306.2,0.4
2023-04-05 11:00:00,11,1165.4,0.6
2023-04-05 12:00:00,12,2064.3,2.6
2023-04-05 13:00:00,13,2750.2,1.6
2023-04-05 14:00:00,14,3225.2,2.5
2023-04-05 15:00:00,15,3290.8,1.6
2023-04-05 16:00:00,16,3357.0,2.3
2023-04-05 17:00:00,17,3216.7,1.5
2023-04-05 18:00:00,18,2221.3,0.9
2023-04-05 19:00:00,19,1837.5,1.1
2023-04-05 20:00:00,20,665.7,1.3
2023-04-05 21:00:00,21,97.8,1.8
2023-04-05 22:00:00,22,,0.7
2023-04-05 23:00:00,23,,2.0
2023-04-06 00:00:00,0,0.3,3.3
2023-04-06 01:00:00,1,6.7,2.1
2023-04-06 02:00:00,2,,0.0
2023-04-06 03:00:00,3,1.7,2.4
2023-04-06 04:00:00,4,1.8,1.7
2023-04-06 05:00:00,5,,1.8
2023-04-06 06:00:00,6,,0.7
2023-04-06 07:00:00,7,,1.2
2023-04-06 08:00:00,8,,0.7
2023-04-06 09:00:00,9,,1.2
2023-04-06 10:00:00,10,331.3,1.3
2023-04-06 11:00:00,11,1313.4,1.1
2023-04-06 12:00:00,12,1319.8,1.1
2023-04-06 13:00:00,13,2492.7,1.2
2023-04-06 14:00:00,14,3240.9,2.1
2023-04-06 15:00:00,15,3412.7,2.0
2023-04-06 16:00:00,16,3395.5,2.2
2023-04-06 17:00:00,17,2847.4,2.0
2023-04-06 18:00:00,18,2860.2,2.8
2023-04-06 19:00:00,19,1775.1,2.1
2023-04-06 20:00:00,20,757.4,1.6
2023-04-06 21:00:00,21,143.6,2.7
2023-04-06 22:00:00,22,,1.9
2023-04-06 23:00:00,23,,1.1
2023-04-07 00:00:00,0,,0.4
2023-04-07 01:00:00,1,,0.3
2023-04-07 02:00:00,2,,0.4
2023-04-07 03:00:00,3,,0.5
2023-04-07 04:00:00,4,,1.2
2023-04-07 05:00:00,5,,1.1
2023-04-07 06:00:00,6,,1.9
2023-04-07 07:00:00,7,,0.0
2023-04-07 08:00:00,8,,0.1
2023-04-07 09:00:00,9,,1.0
2023-04-07 10:00:00,10,294.6,0.7
2023-04-07 11:00:00,11,1137.5,1.2
2023-04-07 12:00:00,12,1879.8,0.8
2023-04-07 13:00:00,13,2687.8,1.1
2023-04-07 14:00:00,14,3165.6,2.9
2023-04-07 15:00:00,15,3377.8,2.5
2023-04-07 16:00:00,16,3241.6,2.9
2023-04-07 17:00:00,17,3079.2,2.7
2023-04-07 18:00:00,18,2336.7,2.8
2023-04-07 19:00:00,19,1745.3,2.7
2023-04-07 20:00:00,20,777.0,1.3
2023-04-07 21:00:00,21,92.2,1.0
2023-04-07 22:00:00,22,,1.1
2023-04-07 23:00:00,23,,0.3
2023-04-08 00:00:00,0,,0.9
2023-04-08 01:00:00,1,,0.8
2023-04-08 02:00:00,2,,0.9
2023-04-08 03:00:00,3,,1.1
2023-04-08 04:00:00,4,,1.5
2023-04-08 05:00:00,5,,1.6
2023-04-08 06:00:00,6,,0.5
2023-04-08 07:00:00,7,,0.6
2023-04-08 08:00:00,8,,0.5
2023-04-08 09:00:00,9,0.4,0.3
2023-04-08 10:00:00,10,304.1,0.8
2023-04-08 11:00:00,11,1155.0,0.3
2023-04-08 12:00:00,12,1996.8,0.8
2023-04-08 13:00:00,13,2715.2,0.9
2023-04-08 14:00:00,14,3176.4,1.2
2023-04-08 15:00:00,15,3352.0,1.1
2023-04-08 16:00:00,16,3289.3,1.8
2023-04-08 17:00:00,17,3151.3,1.6
2023-04-08 18:00:00,18,2893.1,2.1
2023-04-08 19:00:00,19,1126.0,1.8
2023-04-08 20:00:00,20,341.0,2.5
2023-04-08 21:00:00,21,107.1,0.6
2023-04-08 22:00:00,22,,2.1
2023-04-08 23:00:00,23,,1.1
2023-04-09 00:00:00,0,,0.9
2023-04-09 01:00:00,1,,1.6
2023-04-09 02:00:00,2,,0.4
2023-04-09 03:00:00,3,,1.1
2023-04-09 04:00:00,4,,1.6
2023-04-09 05:00:00,5,,0.1
2023-04-09 06:00:00,6,,0.6
2023-04-09 07:00:00,7,,0.6
2023-04-09 08:00:00,8,,0.2
2023-04-09 09:00:00,9,,0.4
2023-04-09 10:00:00,10,242.7,0.0
2023-04-09 11:00:00,11,787.1,1.4
2023-04-09 12:00:00,12,1545.6,1.1
2023-04-09 13:00:00,13,1231.8,1.5
2023-04-09 14:00:00,14,2295.4,2.0
2023-04-09 15:00:00,15,2507.1,3.1
2023-04-09 16:00:00,16,2092.5,2.5
2023-04-09 17:00:00,17,1918.4,2.1
2023-04-09 18:00:00,18,1195.2,1.3
2023-04-09 19:00:00,19,807.7,0.5
2023-04-09 20:00:00,20,390.4,0.9
2023-04-09 21:00:00,21,83.1,0.0
2023-04-09 22:00:00,22,,0.8
2023-04-09 23:00:00,23,,1.2
2023-04-10 00:00:00,0,,0.7
2023-04-10 01:00:00,1,,0.6
2023-04-10 02:00:00,2,,0.8
2023-04-10 03:00:00,3,,1.6
2023-04-10 04:00:00,4,,1.5
2023-04-10 05:00:00,5,,0.4
2023-04-10 06:00:00,6,,0.1
2023-04-10 07:00:00,7,,0.7
2023-04-10 08:00:00,8,,0.8
2023-04-10 09:00:00,9,,1.4
2023-04-10 10:00:00,10,253.6,0.3
2023-04-10 11:00:00,11,1122.5,2.4
2023-04-10 12:00:00,12,1913.7,2.6
2023-04-10 13:00:00,13,2280.7,2.7
2023-04-10 14:00:00,14,2732.7,1.5
2023-04-10 15:00:00,15,2985.9,1.9
2023-04-10 16:00:00,16,3242.5,1.2
2023-04-10 17:00:00,17,2940.5,1.0
2023-04-10 18:00:00,18,2431.5,1.4
2023-04-10 19:00:00,19,1486.6,1.0
2023-04-10 20:00:00,20,644.3,1.4
2023-04-10 21:00:00,21,121.2,1.8
2023-04-10 22:00:00,22,,1.3
2023-04-10 23:00:00,23,,1.4
2023-04-11 00:00:00,0,,1.9
2023-04-11 01:00:00,1,,1.3
2023-04-11 02:00:00,2,,0.8
2023-04-11 03:00:00,3,,0.6
2023-04-11 04:00:00,4,,1.2
2023-04-11 05:00:00,5,,0.7
2023-04-11 06:00:00,6,,1.2
2023-04-11 07:00:00,7,,0.3
2023-04-11 08:00:00,8,,0.9
2023-04-11 09:00:00,9,,0.7
2023-04-11 10:00:00,10,129.6,0.6
2023-04-11 11:00:00,11,502.0,0.8
2023-04-11 12:00:00,12,2022.7,1.9
2023-04-11 13:00:00,13,2182.0,1.3
2023-04-11 14:00:00,14,2776.4,2.4
2023-04-11 15:00:00,15,3116.2,1.7
2023-04-11 16:00:00,16,2450.2,1.2
2023-04-11 17:00:00,17,2430.2,1.4
2023-04-11 18:00:00,18,1882.8,1.3
2023-04-11 19:00:00,19,1076.1,1.0
2023-04-11 20:00:00,20,488.1,1.8
2023-04-11 21:00:00,21,123.9,3.2
2023-04-11 22:00:00,22,16.7,1.7
2023-04-11 23:00:00,23,11.5,3.2
2023-04-12 00:00:00,0,3.8,1.2
2023-04-12 01:00:00,1,1.3,1.4
2023-04-12 02:00:00,2,,1.4
2023-04-12 03:00:00,3,,1.0
2023-04-12 04:00:00,4,,1.1
2023-04-12 05:00:00,5,,0.4
2023-04-12 06:00:00,6,,0.7
2023-04-12 07:00:00,7,,0.1
2023-04-12 08:00:00,8,,0.0
2023-04-12 09:00:00,9,0.5,0.6
2023-04-12 10:00:00,10,175.9,0.7
2023-04-12 11:00:00,11,714.5,1.0
2023-04-12 12:00:00,12,1885.1,1.3
2023-04-12 13:00:00,13,2780.1,2.4
2023-04-12 14:00:00,14,2760.7,2.3
2023-04-12 15:00:00,15,3350.1,3.0
2023-04-12 16:00:00,16,3302.8,1.9
2023-04-12 17:00:00,17,2930.2,1.4
2023-04-12 18:00:00,18,2506.8,1.2
2023-04-12 19:00:00,19,1777.1,0.7
2023-04-12 20:00:00,20,748.2,1.4
2023-04-12 21:00:00,21,78.1,0.4
2023-04-12 22:00:00,22,,0.9
2023-04-12 23:00:00,23,,1.4
2023-04-13 00:00:00,0,,2.1
2023-04-13 01:00:00,1,,0.0
2023-04-13 02:00:00,2,,1.4
2023-04-13 03:00:00,3,,1.4
2023-04-13 04:00:00,4,,0.4
2023-04-13 05:00:00,5,,0.2
2023-04-13 06:00:00,6,,0.6
2023-04-13 07:00:00,7,,0.8
2023-04-13 08:00:00,8,,1.3
2023-04-13 09:00:00,9,,0.2
2023-04-13 10:00:00,10,276.7,0.6
2023-04-13 11:00:00,11,1116.5,2.2
2023-04-13 12:00:00,12,1965.0,2.8
2023-04-13 13:00:00,13,2682.3,2.3
2023-04-13 14:00:00,14,3159.7,3.2
2023-04-13 15:00:00,15,3319.8,3.2
2023-04-13 16:00:00,16,3324.8,1.9
2023-04-13 17:00:00,17,3014.1,2.2
2023-04-13 18:00:00,18,2471.1,1.5
2023-04-13 19:00:00,19,1674.7,1.6
2023-04-13 20:00:00,20,597.3,0.7
2023-04-13 21:00:00,21,79.8,1.0
2023-04-13 22:00:00,22,,0.3
2023-04-13 23:00:00,23,,1.0
2023-04-14 00:00:00,0,,2.2
2023-04-14 01:00:00,1,,1.9
2023-04-14 02:00:00,2,,1.2
2023-04-14 03:00:00,3,,1.3
2023-04-14 04:00:00,4,,0.7
2023-04-14 05:00:00,5,,1.0
2023-04-14 06:00:00,6,,0.9
2023-04-14 07:00:00,7,,1.1
2023-04-14 08:00:00,8,,0.4
2023-04-14 09:00:00,9,0.7,0.9
2023-04-14 10:00:00,10,217.3,1.1
2023-04-14 11:00:00,11,1070.7,1.9
2023-04-14 12:00:00,12,1897.3,2.0
2023-04-14 13:00:00,13,2729.1,2.7
2023-04-14 14:00:00,14,2996.2,2.0
2023-04-14 15:00:00,15,3253.9,2.4
2023-04-14 16:00:00,16,3201.0,2.2
2023-04-14 17:00:00,17,2658.4,2.1
2023-04-14 18:00:00,18,2499.4,1.5
2023-04-14 19:00:00,19,1157.5,1.2
2023-04-14 20:00:00,20,634.5,2.1
2023-04-14 21:00:00,21,76.8,1.1
2023-04-14 22:00:00,22,,0.7
2023-04-14 23:00:00,23,,1.5
2023-04-15 00:00:00,0,,2.1
2023-04-15 01:00:00,1,5.8,2.4
2023-04-15 02:00:00,2,5.0,0.8
2023-04-15 03:00:00,3,0.3,1.7
2023-04-15 04:00:00,4,1.5,0.8
2023-04-15 05:00:00,5,1.2,0.7
2023-04-15 06:00:00,6,,1.1
2023-04-15 07:00:00,7,,1.3
2023-04-15 08:00:00,8,,0.6
2023-04-15 09:00:00,9,1.7,1.1
2023-04-15 10:00:00,10,302.8,0.2
2023-04-15 11:00:00,11,1124.2,1.3
2023-04-15 12:00:00,12,1972.9,1.1
2023-04-15 13:00:00,13,2679.5,1.7
2023-04-15 14:00:00,14,3120.5,1.9
2023-04-15 15:00:00,15,3221.2,1.2
2023-04-15 16:00:00,16,3204.9,1.2
2023-04-15 17:00:00,17,3085.0,1.3
2023-04-15 18:00:00,18,2524.5,1.7
2023-04-15 19:00:00,19,1733.1,1.3
2023-04-15 20:00:00,20,718.8,1.9
2023-04-15 21:00:00,21,108.3,0.7
2023-04-15 22:00:00,22,,0.0
2023-04-15 23:00:00,23,,0.0
2023-04-16 00:00:00,0,,0.4
2023-04-16 01:00:00,1,,1.1
2023-04-16 02:00:00,2,,2.4
2023-04-16 03:00:00,3,,1.8
2023-04-16 04:00:00,4,,2.2
2023-04-16 05:00:00,5,,1.3
2023-04-16 06:00:00,6,,1.2
2023-04-16 07:00:00,7,,0.6
2023-04-16 08:00:00,8,,1.2
2023-04-16 09:00:00,9,,0.7
2023-04-16 10:00:00,10,280.6,1.1
2023-04-16 11:00:00,11,1058.6,1.6
2023-04-16 12:00:00,12,1963.5,1.7
2023-04-16 13:00:00,13,2666.9,2.3
2023-04-16 14:00:00,14,3124.7,2.2
2023-04-16 15:00:00,15,3276.4,1.4
2023-04-16 16:00:00,16,3203.2,1.3
2023-04-16 17:00:00,17,3018.8,1.4
2023-04-16 18:00:00,18,2479.5,2.1
2023-04-16 19:00:00,19,1725.1,1.7
2023-04-16 20:00:00,20,731.5,0.4
2023-04-16 21:00:00,21,83.5,1.0
2023-04-16 22:00:00,22,,1.2
2023-04-16 23:00:00,23,,1.3
2023-04-17 00:00:00,0,,0.8
2023-04-17 01:00:00,1,,2.6
2023-04-17 02:00:00,2,,1.1
2023-04-17 03:00:00,3,,1.0
2023-04-17 04:00:00,4,,1.2
2023-04-17 05:00:00,5,,1.0
2023-04-17 06:00:00,6,,1.6
2023-04-17 07:00:00,7,,1.3
2023-04-17 08:00:00,8,,2.1
2023-04-17 09:00:00,9,,1.5
2023-04-17 10:00:00,10,240.2,4.2
2023-04-17 11:00:00,11,1049.0,2.5
2023-04-17 12:00:00,12,1903.8,2.9
2023-04-17 13:00:00,13,2620.2,2.6
2023-04-17 14:00:00,14,3108.8,2.5
2023-04-17 15:00:00,15,3264.9,2.7
2023-04-17 16:00:00,16,3174.5,0.7
2023-04-17 17:00:00,17,2950.0,1.6
2023-04-17 18:00:00,18,2398.2,0.7
2023-04-17 19:00:00,19,1703.3,2.2
2023-04-17 20:00:00,20,745.8,1.6
2023-04-17 21:00:00,21,87.0,0.9
2023-04-17 22:00:00,22,,0.9
2023-04-17 23:00:00,23,,1.4
2023-04-18 00:00:00,0,,1.5
2023-04-18 01:00:00,1,,0.2
2023-04-18 02:00:00,2,,1.6
2023-04-18 03:00:00,3,,0.7
2023-04-18 04:00:00,4,,1.6
2023-04-18 05:00:00,5,,1.2
2023-04-18 06:00:00,6,,1.6
2023-04-18 07:00:00,7,,1.0
2023-04-18 08:00:00,8,,1.8
2023-04-18 09:00:00,9,,2.3
2023-04-18 10:00:00,10,316.2,1.8
2023-04-18 11:00:00,11,975.8,2.5
2023-04-18 12:00:00,12,1868.1,3.0
2023-04-18 13:00:00,13,2603.5,2.4
2023-04-18 14:00:00,14,3089.3,3.0
2023-04-18 15:00:00,15,3265.6,3.0
2023-04-18 16:00:00,16,3097.1,3.3
2023-04-18 17:00:00,17,2646.2,2.4
2023-04-18 18:00:00,18,2192.5,1.7
2023-04-18 19:00:00,19,1157.3,1.9
2023-04-18 20:00:00,20,770.9,2.4
2023-04-18 21:00:00,21,55.0,0.9
2023-04-18 22:00:00,22,,1.5
2023-04-18 23:00:00,23,,1.7
2023-04-19 00:00:00,0,,1.7
2023-04-19 01:00:00,1,,0.7
2023-04-19 02:00:00,2,,1.5
2023-04-19 03:00:00,3,,0.9
2023-04-19 04:00:00,4,,0.0
2023-04-19 05:00:00,5,,0.3
2023-04-19 06:00:00,6,,3.3
2023-04-19 07:00:00,7,0.4,4.4
2023-04-19 08:00:00,8,0.5,1.9
2023-04-19 09:00:00,9,0.1,1.4
2023-04-19 10:00:00,10,13.1,1.3
2023-04-19 11:00:00,11,92.1,2.3
2023-04-19 12:00:00,12,429.7,2.2
2023-04-19 13:00:00,13,1339.1,3.6
2023-04-19 14:00:00,14,2189.2,0.7
2023-04-19 15:00:00,15,2353.0,0.8
2023-04-19 16:00:00,16,2621.7,2.4
2023-04-19 17:00:00,17,2453.4,1.6
2023-04-19 18:00:00,18,2055.0,1.3
2023-04-19 19:00:00,19,1655.2,0.9
2023-04-19 20:00:00,20,743.8,0.9
2023-04-19 21:00:00,21,98.5,1.0
2023-04-19 22:00:00,22,,1.7
2023-04-19 23:00:00,23,,0.6
2023-04-20 00:00:00,0,,0.3
2023-04-20 01:00:00,1,,0.7
2023-04-20 02:00:00,2,,0.2
2023-04-20 03:00:00,3,,0.0
2023-04-20 04:00:00,4,,0.0
2023-04-20 05:00:00,5,,0.6
2023-04-20 06:00:00,6,,0.3
2023-04-20 07:00:00,7,,0.6
2023-04-20 08:00:00,8,,0.8
2023-04-20 09:00:00,9,0.3,0.1
2023-04-20 10:00:00,10,288.2,0.9
2023-04-20 11:00:00,11,1082.4,1.2
2023-04-20 12:00:00,12,1906.5,1.2
2023-04-20 13:00:00,13,2646.5,0.8
2023-04-20 14:00:00,14,3169.5,0.9
2023-04-20 15:00:00,15,3369.8,1.1
2023-04-20 16:00:00,16,2843.4,1.3
2023-04-20 17:00:00,17,3005.9,2.1
2023-04-20 18:00:00,18,1658.7,3.3
2023-04-20 19:00:00,19,659.7,3.3
2023-04-20 20:00:00,20,441.3,1.7
2023-04-20 21:00:00,21,86.8,1.4
2023-04-20 22:00:00,22,,1.1
2023-04-20 23:00:00,23,,1.2
2023-04-21 00:00:00,0,,0.8
2023-04-21 01:00:00,1,,1.0
2023-04-21 02:00:00,2,,2.3
2023-04-21 03:00:00,3,,0.7
2023-04-21 04:00:00,4,2.7,4.6
2023-04-21 05:00:00,5,0.8,1.3
2023-04-21 06:00:00,6,0.9,0.9
2023-04-21 07:00:00,7,,2.6
2023-04-21 08:00:00,8,,3.4
2023-04-21 09:00:00,9,3.6,1.2
2023-04-21 10:00:00,10,143.3,2.9
2023-04-21 11:00:00,11,665.5,1.4
2023-04-21 12:00:00,12,1084.1,1.5
2023-04-21 13:00:00,13,1245.7,1.7
2023-04-21 14:00:00,14,3079.0,1.4
2023-04-21 15:00:00,15,3212.3,1.4
2023-04-21 16:00:00,16,3192.2,1.7
2023-04-21 17:00:00,17,2944.0,2.2
2023-04-21 18:00:00,18,2459.5,1.9
2023-04-21 19:00:00,19,1733.4,1.6
2023-04-21 20:00:00,20,867.5,0.5
2023-04-21 21:00:00,21,118.2,1.0
2023-04-21 22:00:00,22,,0.4
2023-04-21 23:00:00,23,,2.5
2023-04-22 00:00:00,0,,1.4
2023-04-22 01:00:00,1,,0.6
2023-04-22 02:00:00,2,,0.2
2023-04-22 03:00:00,3,,0.0
2023-04-22 04:00:00,4,,0.8
2023-04-22 05:00:00,5,,0.1
2023-04-22 06:00:00,6,,0.1
2023-04-22 07:00:00,7,,0.0
2023-04-22 08:00:00,8,,1.3
2023-04-22 09:00:00,9,,0.1
2023-04-22 10:00:00,10,282.8,0.0
2023-04-22 11:00:00,11,1122.4,1.3
2023-04-22 12:00:00,12,1968.0,3.9
2023-04-22 13:00:00,13,2662.3,3.1
2023-04-22 14:00:00,14,2816.3,3.5
2023-04-22 15:00:00,15,3250.3,3.6
2023-04-22 16:00:00,16,3313.2,4.0
2023-04-22 17:00:00,17,2808.6,3.5
2023-04-22 18:00:00,18,2567.7,3.3
2023-04-22 19:00:00,19,1574.3,2.8
2023-04-22 20:00:00,20,654.3,2.0
2023-04-22 21:00:00,21,73.2,1.9
2023-04-22 22:00:00,22,,1.8
2023-04-22 23:00:00,23,,2.2
2023-04-23 00:00:00,0,,3.4
2023-04-23 01:00:00,1,,2.7
2023-04-23 02:00:00,2,,4.0
2023-04-23 03:00:00,3,,2.1
2023-04-23 04:00:00,4,,1.1
2023-04-23 05:00:00,5,,0.7
2023-04-23 06:00:00,6,,0.6
2023-04-23 07:00:00,7,,0.0
2023-04-23 08:00:00,8,,1.0
2023-04-23 09:00:00,9,,0.5
2023-04-23 10:00:00,10,340.4,0.5
2023-04-23 11:00:00,11,1107.0,0.8
2023-04-23 12:00:00,12,1964.1,2.8
2023-04-23 13:00:00,13,2758.5,1.8
2023-04-23 14:00:00,14,2847.1,1.5
2023-04-23 15:00:00,15,2837.9,2.7
2023-04-23 16:00:00,16,2860.4,2.7
2023-04-23 17:00:00,17,3029.7,2.5
2023-04-23 18:00:00,18,1655.9,2.3
2023-04-23 19:00:00,19,1086.0,2.0
2023-04-23 20:00:00,20,703.7,1.5
2023-04-23 21:00:00,21,133.1,0.0
2023-04-23 22:00:00,22,,2.1
2023-04-23 23:00:00,23,,2.5
2023-04-24 00:00:00,0,,2.7
2023-04-24 01:00:00,1,,3.2
2023-04-24 02:00:00,2,,0.8
2023-04-24 03:00:00,3,,2.4
2023-04-24 04:00:00,4,,2.0
2023-04-24 05:00:00,5,,1.1
2023-04-24 06:00:00,6,,0.1
2023-04-24 07:00:00,7,,0.8
2023-04-24 08:00:00,8,,0.9
2023-04-24 09:00:00,9,,1.1
2023-04-24 10:00:00,10,284.3,1.7
2023-04-24 11:00:00,11,1111.4,1.5
2023-04-24 12:00:00,12,1940.1,2.4
2023-04-24 13:00:00,13,2768.1,1.6
2023-04-24 14:00:00,14,2851.6,2.2
2023-04-24 15:00:00,15,2716.4,2.7
2023-04-24 16:00:00,16,2970.2,3.1
2023-04-24 17:00:00,17,2750.0,3.5
2023-04-24 18:00:00,18,1298.8,0.4
2023-04-24 19:00:00,19,1318.7,1.5
2023-04-24 20:00:00,20,468.0,1.1
2023-04-24 21:00:00,21,50.5,0.4
2023-04-24 22:00:00,22,,1.6
2023-04-24 23:00:00,23,,0.8
2023-04-25 00:00:00,0,,1.1
2023-04-25 01:00:00,1,,1.3
2023-04-25 02:00:00,2,,0.8
2023-04-25 03:00:00,3,,0.5
2023-04-25 04:00:00,4,,0.4
2023-04-25 05:00:00,5,,0.4
2023-04-25 06:00:00,6,,0.3
2023-04-25 07:00:00,7,,0.4
2023-04-25 08:00:00,8,,0.0
2023-04-25 09:00:00,9,,0.6
2023-04-25 10:00:00,10,280.8,0.4
2023-04-25 11:00:00,11,1099.8,0.8
2023-04-25 12:00:00,12,1930.5,1.8
2023-04-25 13:00:00,13,2600.4,1.1
2023-04-25 14:00:00,14,3095.9,1.5
2023-04-25 15:00:00,15,3233.9,1.7
2023-04-25 16:00:00,16,3166.3,1.1
2023-04-25 17:00:00,17,2989.2,1.7
2023-04-25 18:00:00,18,2403.0,0.7
2023-04-25 19:00:00,19,1625.9,1.2
2023-04-25 20:00:00,20,760.2,1.0
2023-04-25 21:00:00,21,101.4,0.7
2023-04-25 22:00:00,22,,0.7
2023-04-25 23:00:00,23,,0.4
2023-04-26 00:00:00,0,,1.0
2023-04-26 01:00:00,1,,1.7
2023-04-26 02:00:00,2,,1.7
2023-04-26 03:00:00,3,,0.2
2023-04-26 04:00:00,4,,0.7
2023-04-26 05:00:00,5,,0.0
2023-04-26 06:00:00,6,,0.1
2023-04-26 07:00:00,7,,0.6
2023-04-26 08:00:00,8,,0.2
2023-04-26 09:00:00,9,,0.6
2023-04-26 10:00:00,10,274.8,0.5
2023-04-26 11:00:00,11,1105.5,0.4
2023-04-26 12:00:00,12,1922.5,0.9
2023-04-26 13:00:00,13,2605.1,0.9
2023-04-26 14:00:00,14,3042.2,1.1
2023-04-26 15:00:00,15,3213.6,0.8
2023-04-26 16:00:00,16,3190.8,1.2
2023-04-26 17:00:00,17,3046.0,1.6
2023-04-26 18:00:00,18,2379.2,1.4
2023-04-26 19:00:00,19,1444.0,1.3
2023-04-26 20:00:00,20,751.7,1.2
2023-04-26 21:00:00,21,98.1,0.4
2023-04-26 22:00:00,22,,0.0
2023-04-26 23:00:00,23,,0.0
2023-04-27 00:00:00,0,,1.1
2023-04-27 01:00:00,1,,1.4
2023-04-27 02:00:00,2,,1.2
2023-04-27 03:00:00,3,,1.2
2023-04-27 04:00:00,4,,0.7
2023-04-27 05:00:00,5,,0.5
2023-04-27 06:00:00,6,,0.3
2023-04-27 07:00:00,7,,0.1
2023-04-27 08:00:00,8,,0.6
2023-04-27 09:00:00,9,,1.1
2023-04-27 10:00:00,10,264.4,0.4
2023-04-27 11:00:00,11,1003.7,1.2
2023-04-27 12:00:00,12,1851.0,1.0
2023-04-27 13:00:00,13,2572.5,1.9
2023-04-27 14:00:00,14,3100.4,2.3
2023-04-27 15:00:00,15,3110.2,1.2
2023-04-27 16:00:00,16,3176.7,2.3
2023-04-27 17:00:00,17,2917.6,2.1
2023-04-27 18:00:00,18,2406.9,1.7
2023-04-27 19:00:00,19,1270.8,1.0
2023-04-27 20:00:00,20,552.6,1.1
2023-04-27 21:00:00,21,65.3,0.9
2023-04-27 22:00:00,22,,1.8
2023-04-27 23:00:00,23,,0.8
2023-04-28 00:00:00,0,,1.0
2023-04-28 01:00:00,1,,1.2
2023-04-28 02:00:00,2,,1.3
2023-04-28 03:00:00,3,,1.1
2023-04-28 04:00:00,4,,1.4
2023-04-28 05:00:00,5,,1.5
2023-04-28 06:00:00,6,,1.7
2023-04-28 07:00:00,7,,0.7
2023-04-28 08:00:00,8,,0.8
2023-04-28 09:00:00,9,0.4,0.5
2023-04-28 10:00:00,10,262.8,0.9
2023-04-28 11:00:00,11,1077.2,1.3
2023-04-28 12:00:00,12,1883.6,1.6
2023-04-28 13:00:00,13,2570.1,1.7
2023-04-28 14:00:00,14,3021.5,2.7
2023-04-28 15:00:00,15,3172.1,2.6
2023-04-28 16:00:00,16,3149.6,2.5
2023-04-28 17:00:00,17,2936.0,1.1
2023-04-28 18:00:00,18,2347.2,1.3
2023-04-28 19:00:00,19,1574.4,1.7
2023-04-28 20:00:00,20,726.9,2.1
2023-04-28 21:00:00,21,92.2,1.8
2023-04-28 22:00:00,22,,1.0
2023-04-28 23:00:00,23,,0.3
2023-04-29 00:00:00,0,,0.3
2023-04-29 01:00:00,1,,1.7
2023-04-29 02:00:00,2,,2.0
2023-04-29 03:00:00,3,,2.3
2023-04-29 04:00:00,4,,1.9
2023-04-29 05:00:00,5,,2.1
2023-04-29 06:00:00,6,,1.9
2023-04-29 07:00:00,7,,2.4
2023-04-29 08:00:00,8,,2.0
2023-04-29 09:00:00,9,,1.5
2023-04-29 10:00:00,10,263.2,1.8
2023-04-29 11:00:00,11,1063.6,2.8
2023-04-29 12:00:00,12,1856.0,2.1
2023-04-29 13:00:00,13,2530.5,3.2
2023-04-29 14:00:00,14,2706.4,3.3
2023-04-29 15:00:00,15,3057.9,2.9
2023-04-29 16:00:00,16,3107.6,2.6
2023-04-29 17:00:00,17,2832.8,2.2
2023-04-29 18:00:00,18,2247.4,2.1
2023-04-29 19:00:00,19,1541.6,2.1
2023-04-29 20:00:00,20,697.6,1.3
2023-04-29 21:00:00,21,52.4,1.6
2023-04-29 22:00:00,22,,0.9
2023-04-29 23:00:00,23,,1.5
2023-04-30 00:00:00,0,,0.9
2023-04-30 01:00:00,1,,0.1
2023-04-30 02:00:00,2,,1.3
2023-04-30 03:00:00,3,,0.9
2023-04-30 04:00:00,4,,0.2
2023-04-30 05:00:00,5,,0.6
2023-04-30 06:00:00,6,,0.8
2023-04-30 07:00:00,7,,0.3
2023-04-30 08:00:00,8,,0.7
2023-04-30 09:00:00,9,,0.8
2023-04-30 10:00:00,10,261.1,2.0
2023-04-30 11:00:00,11,1059.1,2.9
2023-04-30 12:00:00,12,1859.7,3.0
2023-04-30 13:00:00,13,2486.9,2.4
2023-04-30 14:00:00,14,3103.8,1.4
2023-04-30 15:00:00,15,2316.8,1.4
2023-04-30 16:00:00,16,2184.3,1.7
2023-04-30 17:00:00,17,1533.0,1.6
2023-04-30 18:00:00,18,1911.7,1.7
2023-04-30 19:00:00,19,1723.3,0.8
2023-04-30 20:00:00,20,473.3,0.6
2023-04-30 21:00:00,21,84.8,0.4
2023-04-30 22:00:00,22,,0.0
2023-04-30 23:00:00,23,,0.0
2023-05-01 00:00:00,0,,1.1
2023-05-01 01:00:00,1,,1.3
2023-05-01 02:00:00,2,,2.7
2023-05-01 03:00:00,3,,4.6
2023-05-01 04:00:00,4,,1.8
2023-05-01 05:00:00,5,,2.5
2023-05-01 06:00:00,6,,1.3
2023-05-01 07:00:00,7,,1.6
2023-05-01 08:00:00,8,,2.1
2023-05-01 09:00:00,9,,1.1
2023-05-01 10:00:00,10,54.9,0.8
2023-05-01 11:00:00,11,336.8,1.4
2023-05-01 12:00:00,12,870.3,1.4
2023-05-01 13:00:00,13,1505.7,1.9
2023-05-01 14:00:00,14,1210.2,1.2
2023-05-01 15:00:00,15,1085.2,1.0
2023-05-01 16:00:00,16,1964.5,1.3
2023-05-01 17:00:00,17,2512.9,1.5
2023-05-01 18:00:00,18,1673.8,2.1
2023-05-01 19:00:00,19,609.2,2.2
2023-05-01 20:00:00,20,269.5,0.5
2023-05-01 21:00:00,21,18.0,1.1
2023-05-01 22:00:00,22,,0.7
2023-05-01 23:00:00,23,,0.6
2023-05-02 00:00:00,0,,0.7
2023-05-02 01:00:00,1,,0.7
2023-05-02 02:00:00,2,,1.1
2023-05-02 03:00:00,3,,0.8
2023-05-02 04:00:00,4,,0.7
2023-05-02 05:00:00,5,,0.7
2023-05-02 06:00:00,6,,2.2
2023-05-02 07:00:00,7,0.2,0.2
2023-05-02 08:00:00,8,0.3,0.1
2023-05-02 09:00:00,9,1.8,1.0
2023-05-02 10:00:00,10,235.7,0.3
2023-05-02 11:00:00,11,1082.0,0.1
2023-05-02 12:00:00,12,1564.2,0.3
2023-05-02 13:00:00,13,1721.5,0.6
2023-05-02 14:00:00,14,2100.1,0.3
2023-05-02 15:00:00,15,1845.0,0.8
2023-05-02 16:00:00,16,2078.6,0.6
2023-05-02 17:00:00,17,2145.1,0.9
2023-05-02 18:00:00,18,1137.5,0.7
2023-05-02 19:00:00,19,866.5,0.9
2023-05-02 20:00:00,20,484.8,1.0
2023-05-02 21:00:00,21,51.8,0.3
2023-05-02 22:00:00,22,,0.1
2023-05-02 23:00:00,23,,0.3
2023-05-03 00:00:00,0,,0.0
2023-05-03 01:00:00,1,,1.4
2023-05-03 02:00:00,2,,0.7
2023-05-03 03:00:00,3,,0.1
2023-05-03 04:00:00,4,,0.3
2023-05-03 05:00:00,5,,1.4
2023-05-03 06:00:00,6,,1.3
2023-05-03 07:00:00,7,,1.3
2023-05-03 08:00:00,8,,0.3
2023-05-03 09:00:00,9,,0.6
2023-05-03 10:00:00,10,130.6,0.3
2023-05-03 11:00:00,11,818.9,0.3
2023-05-03 12:00:00,12,957.6,0.3
2023-05-03 13:00:00,13,2386.2,1.5
2023-05-03 14:00:00,14,2941.0,1.9
2023-05-03 15:00:00,15,3056.8,2.1
2023-05-03 16:00:00,16,3084.9,2.4
2023-05-03 17:00:00,17,2977.6,2.3
2023-05-03 18:00:00,18,1772.0,3.9
2023-05-03 19:00:00,19,798.9,2.0
2023-05-03 20:00:00,20,406.1,1.2
2023-05-03 21:00:00,21,20.7,0.7
2023-05-03 22:00:00,22,,0.8
2023-05-03 23:00:00,23,,0.8
2023-05-04 00:00:00,0,,1.1
2023-05-04 01:00:00,1,,1.2
2023-05-04 02:00:00,2,,2.4
2023-05-04 03:00:00,3,,3.0
2023-05-04 04:00:00,4,,1.4
2023-05-04 05:00:00,5,,1.3
2023-05-04 06:00:00,6,,1.1
2023-05-04 07:00:00,7,,1.4
2023-05-04 08:00:00,8,,0.9
2023-05-04 09:00:00,9,,1.3
2023-05-04 10:00:00,10,116.8,1.4
2023-05-04 11:00:00,11,591.5,1.8
2023-05-04 12:00:00,12,1719.1,4.0
2023-05-04 13:00:00,13,2332.3,3.4
2023-05-04 14:00:00,14,2947.8,4.5
2023-05-04 15:00:00,15,3153.1,4.2
2023-05-04 16:00:00,16,2856.6,2.4
2023-05-04 17:00:00,17,2811.3,2.2
2023-05-04 18:00:00,18,2248.3,1.8
2023-05-04 19:00:00,19,1504.9,1.6
2023-05-04 20:00:00,20,687.1,1.1
2023-05-04 21:00:00,21,82.5,0.2
2023-05-04 22:00:00,22,,0.0
2023-05-04 23:00:00,23,,0.0
2023-05-05 00:00:00,0,,0.6
2023-05-05 01:00:00,1,,1.9
2023-05-05 02:00:00,2,,1.9
2023-05-05 03:00:00,3,,1.1
2023-05-05 04:00:00,4,,0.4
2023-05-05 05:00:00,5,,0.2
2023-05-05 06:00:00,6,,0.3
2023-05-05 07:00:00,7,,0.1
2023-05-05 08:00:00,8,,0.4
2023-05-05 09:00:00,9,,0.1
2023-05-05 10:00:00,10,255.9,0.2
2023-05-05 11:00:00,11,1046.9,0.6
2023-05-05 12:00:00,12,1849.2,2.0
2023-05-05 13:00:00,13,2519.4,2.4
2023-05-05 14:00:00,14,2952.9,2.9
2023-05-05 15:00:00,15,3118.0,2.4
2023-05-05 16:00:00,16,3004.6,2.4
2023-05-05 17:00:00,17,2731.4,2.4
2023-05-05 18:00:00,18,2373.5,2.6
2023-05-05 19:00:00,19,1520.9,1.9
2023-05-05 20:00:00,20,695.6,1.3
2023-05-05 21:00:00,21,77.8,0.9
2023-05-05 22:00:00,22,,1.6
2023-05-05 23:00:00,23,,1.0
2023-05-06 00:00:00,0,,2.2
2023-05-06 01:00:00,1,,1.9
2023-05-06 02:00:00,2,,1.6
2023-05-06 03:00:00,3,,1.4
2023-05-06 04:00:00,4,,0.7
2023-05-06 05:00:00,5,,1.7
2023-05-06 06:00:00,6,,0.8
2023-05-06 07:00:00,7,,0.5
2023-05-06 08:00:00,8,,1.4
2023-05-06 09:00:00,9,,0.6
2023-05-06 10:00:00,10,338.8,0.1
2023-05-06 11:00:00,11,854.0,1.0
2023-05-06 12:00:00,12,1606.5,1.0
2023-05-06 13:00:00,13,1725.0,0.8
2023-05-06 14:00:00,14,2900.2,1.3
2023-05-06 15:00:00,15,3075.6,1.2
2023-05-06 16:00:00,16,3134.8,1.2
2023-05-06 17:00:00,17,2864.0,2.9
2023-05-06 18:00:00,18,2032.5,1.5
2023-05-06 19:00:00,19,1510.2,2.3
2023-05-06 20:00:00,20,682.7,2.1
2023-05-06 21:00:00,21,73.2,1.2
2023-05-06 22:00:00,22,,0.7
2023-05-06 23:00:00,23,,0.9
2023-05-07 00:00:00,0,,1.6
2023-05-07 01:00:00,1,,1.5
2023-05-07 02:00:00,2,,1.4
2023-05-07 03:00:00,3,,1.2
2023-05-07 04:00:00,4,,1.1
2023-05-07 05:00:00,5,,0.2
2023-05-07 06:00:00,6,,0.3
2023-05-07 07:00:00,7,,0.3
2023-05-07 08:00:00,8,,1.0
2023-05-07 09:00:00,9,,0.3
2023-05-07 10:00:00,10,247.7,0.6
2023-05-07 11:00:00,11,1033.8,1.1
2023-05-07 12:00:00,12,1828.5,1.0
2023-05-07 13:00:00,13,2514.7,1.7
2023-05-07 14:00:00,14,2983.1,1.5
2023-05-07 15:00:00,15,3081.7,1.6
2023-05-07 16:00:00,16,3100.4,1.6
2023-05-07 17:00:00,17,2837.3,2.1
2023-05-07 18:00:00,18,2268.1,2.5
2023-05-07 19:00:00,19,1508.8,2.3
2023-05-07 20:00:00,20,684.7,1.9
2023-05-07 21:00:00,21,78.0,1.2
2023-05-07 22:00:00,22,,0.7
2023-05-07 23:00:00,23,,1.2
2023-05-08 00:00:00,0,,1.1
2023-05-08 01:00:00,1,,0.8
2023-05-08 02:00:00,2,,0.7
2023-05-08 03:00:00,3,,0.6
2023-05-08 04:00:00,4,,1.0
2023-05-08 05:00:00,5,,1.6
2023-05-08 06:00:00,6,,0.3
2023-05-08 07:00:00,7,,1.4
2023-05-08 08:00:00,8,,1.4
2023-05-08 09:00:00,9,,0.7
2023-05-08 10:00:00,10,232.1,0.5
2023-05-08 11:00:00,11,869.4,0.7
2023-05-08 12:00:00,12,1591.7,0.7
2023-05-08 13:00:00,13,2532.8,1.4
2023-05-08 14:00:00,14,2931.9,1.7
2023-05-08 15:00:00,15,3090.0,1.4
2023-05-08 16:00:00,16,2909.2,1.0
2023-05-08 17:00:00,17,2534.7,0.7
2023-05-08 18:00:00,18,2280.0,1.5
2023-05-08 19:00:00,19,1504.2,1.8
2023-05-08 20:00:00,20,690.2,1.5
2023-05-08 21:00:00,21,59.7,1.0
2023-05-08 22:00:00,22,,0.9
2023-05-08 23:00:00,23,,0.8
2023-05-09 00:00:00,0,,0.4
2023-05-09 01:00:00,1,,1.0
2023-05-09 02:00:00,2,,0.5
2023-05-09 03:00:00,3,,1.1
2023-05-09 04:00:00,4,,0.6
2023-05-09 05:00:00,5,,0.8
2023-05-09 06:00:00,6,,0.7
2023-05-09 07:00:00,7,,1.5
2023-05-09 08:00:00,8,,1.4
2023-05-09 09:00:00,9,,0.7
2023-05-09 10:00:00,10,333.1,1.0
2023-05-09 11:00:00,11,1042.8,0.3
2023-05-09 12:00:00,12,1341.6,0.7
2023-05-09 13:00:00,13,2466.8,0.6
2023-05-09 14:00:00,14,2880.7,1.6
2023-05-09 15:00:00,15,2982.6,1.4
2023-05-09 16:00:00,16,2973.9,1.4
2023-05-09 17:00:00,17,2766.8,1.5
2023-05-09 18:00:00,18,2169.8,1.5
2023-05-09 19:00:00,19,1473.7,1.8
2023-05-09 20:00:00,20,718.8,1.5
2023-05-09 21:00:00,21,91.2,2.8
2023-05-09 22:00:00,22,,1.3
2023-05-09 23:00:00,23,,1.2
2023-05-10 00:00:00,0,,1.4
2023-05-10 01:00:00,1,,1.2
2023-05-10 02:00:00,2,,1.3
2023-05-10 03:00:00,3,,1.4
2023-05-10 04:00:00,4,,1.2
2023-05-10 05:00:00,5,,0.4
2023-05-10 06:00:00,6,,0.5
2023-05-10 07:00:00,7,,0.4
2023-05-10 08:00:00,8,,1.1
2023-05-10 09:00:00,9,,0.4
2023-05-10 10:00:00,10,173.5,0.5
2023-05-10 11:00:00,11,1014.0,1.4
2023-05-10 12:00:00,12,1771.7,1.9
2023-05-10 13:00:00,13,2452.1,1.7
2023-05-10 14:00:00,14,2881.5,1.9
2023-05-10 15:00:00,15,2978.8,1.1
2023-05-10 16:00:00,16,3038.0,1.1
2023-05-10 17:00:00,17,2888.4,1.8
2023-05-10 18:00:00,18,1487.1,0.7
2023-05-10 19:00:00,19,1155.1,0.7
2023-05-10 20:00:00,20,624.2,0.6
2023-05-10 21:00:00,21,65.3,0.4
2023-05-10 22:00:00,22,,0.1
2023-05-10 23:00:00,23,,0.1
2023-05-11 00:00:00,0,,1.1
2023-05-11 01:00:00,1,,0.5
2023-05-11 02:00:00,2,,0.2
2023-05-11 03:00:00,3,,0.3
2023-05-11 04:00:00,4,,0.8
2023-05-11 05:00:00,5,,0.9
2023-05-11 06:00:00,6,,0.7
2023-05-11 07:00:00,7,,1.0
2023-05-11 08:00:00,8,,1.0
2023-05-11 09:00:00,9,,0.4
2023-05-11 10:00:00,10,236.0,1.0
2023-05-11 11:00:00,11,985.9,2.0
2023-05-11 12:00:00,12,1769.4,2.7
2023-05-11 13:00:00,13,2362.4,2.8
2023-05-11 14:00:00,14,2859.1,3.0
2023-05-11 15:00:00,15,3003.0,2.5
2023-05-11 16:00:00,16,2962.2,2.9
2023-05-11 17:00:00,17,2635.6,1.4
2023-05-11 18:00:00,18,2190.7,1.5
2023-05-11 19:00:00,19,1117.2,2.3
2023-05-11 20:00:00,20,313.2,2.0
2023-05-11 21:00:00,21,41.9,2.2
2023-05-11 22:00:00,22,,1.2
2023-05-11 23:00:00,23,,1.2
2023-05-12 00:00:00,0,,0.9
2023-05-12 01:00:00,1,,0.2
2023-05-12 02:00:00,2,,0.0
2023-05-12 03:00:00,3,,0.8
2023-05-12 04:00:00,4,,1.1
2023-05-12 05:00:00,5,,1.1
2023-05-12 06:00:00,6,,1.0
2023-05-12 07:00:00,7,,1.1
2023-05-12 08:00:00,8,,1.0
2023-05-12 09:00:00,9,1.5,1.0
2023-05-12 10:00:00,10,6.8,2.1
2023-05-12 11:00:00,11,98.0,0.3
2023-05-12 12:00:00,12,522.4,1.8
2023-05-12 13:00:00,13,765.5,1.4
2023-05-12 14:00:00,14,1023.0,1.7
2023-05-12 15:00:00,15,1293.2,0.5
2023-05-12 16:00:00,16,1788.7,2.1
2023-05-12 17:00:00,17,2223.0,3.1
2023-05-12 18:00:00,18,1879.7,2.8
2023-05-12 19:00:00,19,1192.7,2.1
2023-05-12 20:00:00,20,390.2,1.7
2023-05-12 21:00:00,21,26.2,1.2
2023-05-12 22:00:00,22,,0.6
2023-05-12 23:00:00,23,,0.8
2023-05-13 00:00:00,0,,0.6
2023-05-13 01:00:00,1,,0.3
2023-05-13 02:00:00,2,,1.1
2023-05-13 03:00:00,3,,1.6
2023-05-13 04:00:00,4,,1.0
2023-05-13 05:00:00,5,,0.4
2023-05-13 06:00:00,6,,1.5
2023-05-13 07:00:00,7,,0.7
2023-05-13 08:00:00,8,,1.0
2023-05-13 09:00:00,9,,0.0
2023-05-13 10:00:00,10,68.3,1.3
2023-05-13 11:00:00,11,462.5,1.2
2023-05-13 12:00:00,12,1057.2,1.7
2023-05-13 13:00:00,13,2192.0,2.2
2023-05-13 14:00:00,14,2660.4,3.2
2023-05-13 15:00:00,15,3119.4,4.1
2023-05-13 16:00:00,16,3014.9,2.7
2023-05-13 17:00:00,17,1767.7,2.3
2023-05-13 18:00:00,18,1660.4,2.3
2023-05-13 19:00:00,19,1288.4,1.8
2023-05-13 20:00:00,20,656.3,1.6
2023-05-13 21:00:00,21,60.3,1.1
2023-05-13 22:00:00,22,,1.3
2023-05-13 23:00:00,23,,1.1
2023-05-14 00:00:00,0,,0.8
2023-05-14 01:00:00,1,,1.0
2023-05-14 02:00:00,2,,0.7
2023-05-14 03:00:00,3,,0.8
2023-05-14 04:00:00,4,,1.4
2023-05-14 05:00:00,5,,1.7
2023-05-14 06:00:00,6,,1.6
2023-05-14 07:00:00,7,,0.7
2023-05-14 08:00:00,8,,1.5
2023-05-14 09:00:00,9,,1.9
2023-05-14 10:00:00,10,205.1,0.9
2023-05-14 11:00:00,11,930.4,1.5
2023-05-14 12:00:00,12,1297.6,1.8
2023-05-14 13:00:00,13,2005.3,2.6
2023-05-14 14:00:00,14,1850.9,3.5
2023-05-14 15:00:00,15,2068.5,4.2
2023-05-14 16:00:00,16,2116.5,4.6
2023-05-14 17:00:00,17,629.2,1.2
2023-05-14 18:00:00,18,828.7,1.4
2023-05-14 19:00:00,19,481.0,1.5
2023-05-14 20:00:00,20,327.1,0.5
2023-05-14 21:00:00,21,40.1,0.2
2023-05-14 22:00:00,22,,0.5
2023-05-14 23:00:00,23,,0.6
2023-05-15 00:00:00,0,,1.5
2023-05-15 01:00:00,1,,0.6
2023-05-15 02:00:00,2,,0.0
2023-05-15 03:00:00,3,,0.2
2023-05-15 04:00:00,4,,0.2
2023-05-15 05:00:00,5,,0.9
2023-05-15 06:00:00,6,,0.7
2023-05-15 07:00:00,7,,0.2
2023-05-15 08:00:00,8,,0.4
2023-05-15 09:00:00,9,,0.9
2023-05-15 10:00:00,10,127.0,0.0
2023-05-15 11:00:00,11,872.0,0.3
2023-05-15 12:00:00,12,1661.2,1.3
2023-05-15 13:00:00,13,2216.5,1.8
2023-05-15 14:00:00,14,2813.1,2.0
2023-05-15 15:00:00,15,2990.6,1.9
2023-05-15 16:00:00,16,2946.3,1.9
2023-05-15 17:00:00,17,2832.8,1.6
2023-05-15 18:00:00,18,1895.1,1.7
2023-05-15 19:00:00,19,732.8,1.4
2023-05-15 20:00:00,20,303.2,2.0
2023-05-15 21:00:00,21,45.3,1.0
2023-05-15 22:00:00,22,,1.1
2023-05-15 23:00:00,23,,1.9
2023-05-16 00:00:00,0,,0.8
2023-05-16 01:00:00,1,,0.1
2023-05-16 02:00:00,2,,1.1
2023-05-16 03:00:00,3,,0.2
2023-05-16 04:00:00,4,,0.7
2023-05-16 05:00:00,5,,0.6
2023-05-16 06:00:00,6,,0.6
2023-05-16 07:00:00,7,,0.6
2023-05-16 08:00:00,8,,0.3
2023-05-16 09:00:00,9,,0.1
2023-05-16 10:00:00,10,152.0,0.1
2023-05-16 11:00:00,11,923.2,0.7
2023-05-16 12:00:00,12,1582.4,1.1
2023-05-16 13:00:00,13,2317.5,1.4
2023-05-16 14:00:00,14,2772.0,1.6
2023-05-16 15:00:00,15,2937.9,0.8
2023-05-16 16:00:00,16,2928.5,1.1
2023-05-16 17:00:00,17,2354.0,1.5
2023-05-16 18:00:00,18,1944.9,1.7
2023-05-16 19:00:00,19,1171.7,1.7
2023-05-16 20:00:00,20,342.0,0.9
2023-05-16 21:00:00,21,33.6,1.2
2023-05-16 22:00:00,22,,1.1
2023-05-16 23:00:00,23,,1.0
2023-05-17 00:00:00,0,,1.3
2023-05-17 01:00:00,1,,2.2
2023-05-17 02:00:00,2,,1.9
2023-05-17 03:00:00,3,,1.4
2023-05-17 04:00:00,4,,1.0
2023-05-17 05:00:00,5,,0.1
2023-05-17 06:00:00,6,,0.5
2023-05-17 07:00:00,7,,0.3
2023-05-17 08:00:00,8,,1.0
2023-05-17 09:00:00,9,,1.1
2023-05-17 10:00:00,10,98.1,0.5
2023-05-17 11:00:00,11,365.5,0.1
2023-05-17 12:00:00,12,1416.8,0.5
2023-05-17 13:00:00,13,1947.0,0.2
2023-05-17 14:00:00,14,2591.8,0.8
2023-05-17 15:00:00,15,2841.0,0.9
2023-05-17 16:00:00,16,1978.1,1.4
2023-05-17 17:00:00,17,1577.1,0.9
2023-05-17 18:00:00,18,1634.4,1.5
2023-05-17 19:00:00,19,902.8,1.4
2023-05-17 20:00:00,20,298.7,1.8
2023-05-17 21:00:00,21,36.5,1.1
2023-05-17 22:00:00,22,,1.0
2023-05-17 23:00:00,23,,0.8
2023-05-18 00:00:00,0,,0.7
2023-05-18 01:00:00,1,,1.0
2023-05-18 02:00:00,2,,1.2
2023-05-18 03:00:00,3,,0.8
2023-05-18 04:00:00,4,,0.3
2023-05-18 05:00:00,5,,0.2
2023-05-18 06:00:00,6,,0.2
2023-05-18 07:00:00,7,,1.1
2023-05-18 08:00:00,8,,0.3
2023-05-18 09:00:00,9,,0.3
2023-05-18 10:00:00,10,84.0,0.1
2023-05-18 11:00:00,11,164.9,0.4
2023-05-18 12:00:00,12,733.0,0.8
2023-05-18 13:00:00,13,1802.5,0.2
2023-05-18 14:00:00,14,1601.3,1.2
2023-05-18 15:00:00,15,1021.0,0.8
2023-05-18 16:00:00,16,1842.7,0.9
2023-05-18 17:00:00,17,2029.8,0.5
2023-05-18 18:00:00,18,2039.4,0.5
2023-05-18 19:00:00,19,1380.6,0.8
2023-05-18 20:00:00,20,532.2,1.6
2023-05-18 21:00:00,21,56.6,0.3
2023-05-18 22:00:00,22,,0.6
2023-05-18 23:00:00,23,,0.8
2023-05-19 00:00:00,0,,0.6
2023-05-19 01:00:00,1,,2.0
2023-05-19 02:00:00,2,,1.6
2023-05-19 03:00:00,3,,1.9
2023-05-19 04:00:00,4,,1.4
2023-05-19 05:00:00,5,,1.2
2023-05-19 06:00:00,6,,0.9
2023-05-19 07:00:00,7,,1.1
2023-05-19 08:00:00,8,,1.4
2023-05-19 09:00:00,9,,0.5
2023-05-19 10:00:00,10,216.5,1.2
2023-05-19 11:00:00,11,958.2,0.7
2023-05-19 12:00:00,12,1723.1,1.2
2023-05-19 13:00:00,13,2387.8,1.3
2023-05-19 14:00:00,14,2829.3,0.9
2023-05-19 15:00:00,15,2978.5,1.2
2023-05-19 16:00:00,16,2966.1,0.9
2023-05-19 17:00:00,17,2709.3,1.5
2023-05-19 18:00:00,18,2144.0,1.0
2023-05-19 19:00:00,19,1405.7,1.1
2023-05-19 20:00:00,20,585.1,1.4
2023-05-19 21:00:00,21,53.3,1.1
2023-05-19 22:00:00,22,,0.1
2023-05-19 23:00:00,23,,0.6
2023-05-20 00:00:00,0,,0.4
2023-05-20 01:00:00,1,,1.3
2023-05-20 02:00:00,2,,2.3
2023-05-20 03:00:00,3,,2.0
2023-05-20 04:00:00,4,,0.8
2023-05-20 05:00:00,5,,0.1
2023-05-20 06:00:00,6,,0.0
2023-05-20 07:00:00,7,,0.0
2023-05-20 08:00:00,8,,0.3
2023-05-20 09:00:00,9,,0.3
2023-05-20 10:00:00,10,218.8,0.6
2023-05-20 11:00:00,11,973.2,0.2
2023-05-20 12:00:00,12,1757.0,0.7
2023-05-20 13:00:00,13,2416.7,1.7
2023-05-20 14:00:00,14,2858.4,1.3
2023-05-20 15:00:00,15,2994.5,0.8
2023-05-20 16:00:00,16,2967.7,0.7
2023-05-20 17:00:00,17,2706.8,1.2
2023-05-20 18:00:00,18,2150.4,1.7
2023-05-20 19:00:00,19,1423.5,1.9
2023-05-20 20:00:00,20,582.6,1.6
2023-05-20 21:00:00,21,49.5,0.1
2023-05-20 22:00:00,22,,0.2
2023-05-20 23:00:00,23,,0.5
2023-05-21 00:00:00,0,,0.7
2023-05-21 01:00:00,1,,2.0
2023-05-21 02:00:00,2,,2.6
2023-05-21 03:00:00,3,,0.9
2023-05-21 04:00:00,4,,0.4
2023-05-21 05:00:00,5,,0.1
2023-05-21 06:00:00,6,,0.5
2023-05-21 07:00:00,7,,0.6
2023-05-21 08:00:00,8,,0.3
2023-05-21 09:00:00,9,,0.5
2023-05-21 10:00:00,10,213.7,1.3
2023-05-21 11:00:00,11,978.5,1.0
2023-05-21 12:00:00,12,1752.9,0.6
2023-05-21 13:00:00,13,2408.7,1.2
2023-05-21 14:00:00,14,2825.1,1.0
2023-05-21 15:00:00,15,2964.1,1.1
2023-05-21 16:00:00,16,2930.7,1.0
2023-05-21 17:00:00,17,2693.3,1.7
2023-05-21 18:00:00,18,2137.1,1.3
2023-05-21 19:00:00,19,1410.0,1.3
2023-05-21 20:00:00,20,577.2,0.7
2023-05-21 21:00:00,21,46.4,0.3
2023-05-21 22:00:00,22,,0.0
2023-05-21 23:00:00,23,,0.4
2023-05-22 00:00:00,0,,2.6
2023-05-22 01:00:00,1,,1.5
2023-05-22 02:00:00,2,,0.2
2023-05-22 03:00:00,3,,0.7
2023-05-22 04:00:00,4,,0.6
2023-05-22 05:00:00,5,,0.1
2023-05-22 06:00:00,6,,0.1
2023-05-22 07:00:00,7,,0.1
2023-05-22 08:00:00,8,,0.6
2023-05-22 09:00:00,9,,0.3
2023-05-22 10:00:00,10,211.1,0.4
2023-05-22 11:00:00,11,969.6,0.6
2023-05-22 12:00:00,12,1723.8,0.6
2023-05-22 13:00:00,13,2370.1,0.7
2023-05-22 14:00:00,14,2803.8,1.2
2023-05-22 15:00:00,15,2947.5,1.0
2023-05-22 16:00:00,16,2894.5,1.1
2023-05-22 17:00:00,17,2666.8,1.4
2023-05-22 18:00:00,18,2110.9,1.2
2023-05-22 19:00:00,19,1392.6,1.0
2023-05-22 20:00:00,20,558.6,1.0
2023-05-22 21:00:00,21,45.3,0.2
2023-05-22 22:00:00,22,,1.4
2023-05-22 23:00:00,23,,1.7
2023-05-23 00:00:00,0,,0.9
2023-05-23 01:00:00,1,,0.3
2023-05-23 02:00:00,2,,0.5
2023-05-23 03:00:00,3,,0.5
2023-05-23 04:00:00,4,,0.6
2023-05-23 05:00:00,5,,0.6
2023-05-23 06:00:00,6,,0.5
2023-05-23 07:00:00,7,,0.8
2023-05-23 08:00:00,8,,0.0
2023-05-23 09:00:00,9,,0.0
2023-05-23 10:00:00,10,202.0,0.0
2023-05-23 11:00:00,11,962.0,0.0
2023-05-23 12:00:00,12,1722.4,1.7
2023-05-23 13:00:00,13,2365.5,1.1
2023-05-23 14:00:00,14,2772.3,1.4
2023-05-23 15:00:00,15,2850.6,0.9
2023-05-23 16:00:00,16,1950.8,1.7
2023-05-23 17:00:00,17,1891.0,3.4
2023-05-23 18:00:00,18,1993.5,4.6
2023-05-23 19:00:00,19,1256.4,3.0
2023-05-23 20:00:00,20,735.0,3.1
2023-05-23 21:00:00,21,45.8,2.5
2023-05-23 22:00:00,22,,3.0
2023-05-23 23:00:00,23,,3.9
2023-05-24 00:00:00,0,,4.1
2023-05-24 01:00:00,1,,4.1
2023-05-24 02:00:00,2,,2.5
2023-05-24 03:00:00,3,,2.5
2023-05-24 04:00:00,4,,3.3
2023-05-24 05:00:00,5,,1.9
2023-05-24 06:00:00,6,,1.3
2023-05-24 07:00:00,7,,1.0
2023-05-24 08:00:00,8,,0.7
2023-05-24 09:00:00,9,,0.9
2023-05-24 10:00:00,10,110.0,1.4
2023-05-24 11:00:00,11,526.2,1.3
2023-05-24 12:00:00,12,1585.4,2.9
2023-05-24 13:00:00,13,1869.9,2.4
2023-05-24 14:00:00,14,2090.2,3.1
2023-05-24 15:00:00,15,1863.1,2.5
2023-05-24 16:00:00,16,1372.4,2.4
2023-05-24 17:00:00,17,1269.1,2.5
2023-05-24 18:00:00,18,1155.1,3.2
2023-05-24 19:00:00,19,932.1,3.3
2023-05-24 20:00:00,20,238.0,2.8
2023-05-24 21:00:00,21,31.0,2.2
2023-05-24 22:00:00,22,,2.3
2023-05-24 23:00:00,23,,2.0
2023-05-25 00:00:00,0,,2.5
2023-05-25 01:00:00,1,,1.6
2023-05-25 02:00:00,2,,0.8
2023-05-25 03:00:00,3,,1.2
2023-05-25 04:00:00,4,,1.4
2023-05-25 05:00:00,5,,1.0
2023-05-25 06:00:00,6,,0.9
2023-05-25 07:00:00,7,,0.4
2023-05-25 08:00:00,8,,0.0
2023-05-25 09:00:00,9,,0.4
2023-05-25 10:00:00,10,190.9,1.5
2023-05-25 11:00:00,11,961.3,0.6
2023-05-25 12:00:00,12,1727.0,0.4
2023-05-25 13:00:00,13,2350.0,0.8
2023-05-25 14:00:00,14,2777.7,1.2
2023-05-25 15:00:00,15,2916.1,1.6
2023-05-25 16:00:00,16,2870.2,2.5
2023-05-25 17:00:00,17,2626.8,2.6
2023-05-25 18:00:00,18,2102.9,2.4
2023-05-25 19:00:00,19,1326.8,3.3
2023-05-25 20:00:00,20,544.4,3.6
2023-05-25 21:00:00,21,54.0,3.0
2023-05-25 22:00:00,22,,2.0
2023-05-25 23:00:00,23,,1.7
2023-05-26 00:00:00,0,,2.3
2023-05-26 01:00:00,1,,2.2
2023-05-26 02:00:00,2,,2.8
2023-05-26 03:00:00,3,,3.7
2023-05-26 04:00:00,4,,1.6
2023-05-26 05:00:00,5,,2.0
2023-05-26 06:00:00,6,,1.7
2023-05-26 07:00:00,7,,2.2
2023-05-26 08:00:00,8,,1.7
2023-05-26 09:00:00,9,,1.2
2023-05-26 10:00:00,10,115.2,1.6
2023-05-26 11:00:00,11,948.8,1.7
2023-05-26 12:00:00,12,1307.5,3.0
2023-05-26 13:00:00,13,2140.9,2.6
2023-05-26 14:00:00,14,2444.3,3.7
2023-05-26 15:00:00,15,2719.7,3.3
2023-05-26 16:00:00,16,2097.2,3.3
2023-05-26 17:00:00,17,2241.5,3.3
2023-05-26 18:00:00,18,2002.2,4.8
2023-05-26 19:00:00,19,1023.8,3.3
2023-05-26 20:00:00,20,256.4,2.1
2023-05-26 21:00:00,21,29.2,2.1
2023-05-26 22:00:00,22,,2.8
2023-05-26 23:00:00,23,,3.6
2023-05-27 00:00:00,0,,2.9
2023-05-27 01:00:00,1,,1.9
2023-05-27 02:00:00,2,,1.6
2023-05-27 03:00:00,3,,1.4
2023-05-27 04:00:00,4,,1.5
2023-05-27 05:00:00,5,,1.3
2023-05-27 06:00:00,6,,1.9
2023-05-27 07:00:00,7,,1.7
2023-05-27 08:00:00,8,,1.3
2023-05-27 09:00:00,9,,2.0
2023-05-27 10:00:00,10,162.7,0.9
2023-05-27 11:00:00,11,777.1,1.2
2023-05-27 12:00:00,12,1635.5,2.4
2023-05-27 13:00:00,13,2362.4,1.3
2023-05-27 14:00:00,14,2680.2,1.3
2023-05-27 15:00:00,15,2819.0,1.3
2023-05-27 16:00:00,16,2903.3,1.7
2023-05-27 17:00:00,17,2512.1,0.9
2023-05-27 18:00:00,18,2009.1,1.7
2023-05-27 19:00:00,19,1187.3,2.3
2023-05-27 20:00:00,20,299.7,1.9
2023-05-27 21:00:00,21,14.9,1.1
2023-05-27 22:00:00,22,,1.6
2023-05-27 23:00:00,23,,1.2
2023-05-28 00:00:00,0,,0.4
2023-05-28 01:00:00,1,,1.4
2023-05-28 02:00:00,2,,0.4
2023-05-28 03:00:00,3,,0.3
2023-05-28 04:00:00,4,,0.0
2023-05-28 05:00:00,5,,0.0
2023-05-28 06:00:00,6,,0.2
2023-05-28 07:00:00,7,,1.0
2023-05-28 08:00:00,8,,0.8
2023-05-28 09:00:00,9,,1.0
2023-05-28 10:00:00,10,162.7,0.8
2023-05-28 11:00:00,11,762.2,1.2
2023-05-28 12:00:00,12,1629.8,2.4
2023-05-28 13:00:00,13,2368.0,1.9
2023-05-28 14:00:00,14,2789.4,2.6
2023-05-28 15:00:00,15,2898.8,2.6
2023-05-28 16:00:00,16,2846.1,2.0
2023-05-28 17:00:00,17,2618.2,2.8
2023-05-28 18:00:00,18,2085.8,2.3
2023-05-28 19:00:00,19,1393.3,2.8
2023-05-28 20:00:00,20,500.4,2.4
2023-05-28 21:00:00,21,50.5,1.3
2023-05-28 22:00:00,22,,1.0
2023-05-28 23:00:00,23,,2.0
2023-05-29 00:00:00,0,,2.1
2023-05-29 01:00:00,1,,1.3
2023-05-29 02:00:00,2,,1.0
2023-05-29 03:00:00,3,,0.7
2023-05-29 04:00:00,4,,1.0
2023-05-29 05:00:00,5,,0.5
2023-05-29 06:00:00,6,,1.4
2023-05-29 07:00:00,7,,1.2
2023-05-29 08:00:00,8,,1.3
2023-05-29 09:00:00,9,,1.2
2023-05-29 10:00:00,10,160.4,0.8
2023-05-29 11:00:00,11,781.9,0.9
2023-05-29 12:00:00,12,1632.2,2.3
2023-05-29 13:00:00,13,2347.1,1.5
2023-05-29 14:00:00,14,2769.9,2.4
2023-05-29 15:00:00,15,2883.9,0.9
2023-05-29 16:00:00,16,2836.6,1.6
2023-05-29 17:00:00,17,2598.3,0.9
2023-05-29 18:00:00,18,2080.3,0.9
2023-05-29 19:00:00,19,1370.9,1.1
2023-05-29 20:00:00,20,482.3,1.1
2023-05-29 21:00:00,21,47.3,0.3
2023-05-29 22:00:00,22,,0.1
2023-05-29 23:00:00,23,,0.6
2023-05-30 00:00:00,0,,2.6
2023-05-30 01:00:00,1,,2.1
2023-05-30 02:00:00,2,,3.1
2023-05-30 03:00:00,3,,2.4
2023-05-30 04:00:00,4,,2.4
2023-05-30 05:00:00,5,,1.6
2023-05-30 06:00:00,6,,0.1
2023-05-30 07:00:00,7,,0.6
2023-05-30 08:00:00,8,,0.2
2023-05-30 09:00:00,9,,0.3
2023-05-30 10:00:00,10,164.6,0.5
2023-05-30 11:00:00,11,752.7,2.2
2023-05-30 12:00:00,12,1627.6,2.5
2023-05-30 13:00:00,13,2350.7,2.9
2023-05-30 14:00:00,14,2766.0,2.7
2023-05-30 15:00:00,15,2877.6,3.1
2023-05-30 16:00:00,16,2825.7,2.3
2023-05-30 17:00:00,17,2340.1,1.1
2023-05-30 18:00:00,18,1987.4,2.4
2023-05-30 19:00:00,19,1502.0,2.6
2023-05-30 20:00:00,20,480.2,1.7
2023-05-30 21:00:00,21,37.3,1.6
2023-05-30 22:00:00,22,,1.8
2023-05-30 23:00:00,23,,1.4
2023-05-31 00:00:00,0,,1.6
2023-05-31 01:00:00,1,,1.2
2023-05-31 02:00:00,2,,1.3
2023-05-31 03:00:00,3,,1.0
2023-05-31 04:00:00,4,,1.0
2023-05-31 05:00:00,5,,0.8
2023-05-31 06:00:00,6,,0.4
2023-05-31 07:00:00,7,,0.9
2023-05-31 08:00:00,8,,0.9
2023-05-31 09:00:00,9,,0.8
2023-05-31 10:00:00,10,157.8,0.8
2023-05-31 11:00:00,11,791.3,0.8
2023-05-31 12:00:00,12,1615.3,0.7
2023-05-31 13:00:00,13,2321.3,1.0
2023-05-31 14:00:00,14,2743.3,1.0
2023-05-31 15:00:00,15,2856.7,1.1
2023-05-31 16:00:00,16,2783.7,1.1
2023-05-31 17:00:00,17,2356.1,1.2
2023-05-31 18:00:00,18,2045.0,1.0
2023-05-31 19:00:00,19,1352.3,1.7
2023-05-31 20:00:00,20,477.1,1.4
2023-05-31 21:00:00,21,45.4,0.7
2023-05-31 22:00:00,22,,0.8
2023-05-31 23:00:00,23,,0.8
2023-06-01 00:00:00,0,,0.0
2023-06-01 01:00:00,1,,0.5
2023-06-01 02:00:00,2,,1.7
2023-06-01 03:00:00,3,,0.8
2023-06-01 04:00:00,4,,0.5
2023-06-01 05:00:00,5,,1.0
2023-06-01 06:00:00,6,,1.5
2023-06-01 07:00:00,7,,1.2
2023-06-01 08:00:00,8,,0.9
2023-06-01 09:00:00,9,,0.8
2023-06-01 10:00:00,10,154.8,1.2
2023-06-01 11:00:00,11,792.4,1.5
2023-06-01 12:00:00,12,1614.6,1.6
2023-06-01 13:00:00,13,2318.0,1.4
2023-06-01 14:00:00,14,2735.0,1.6
2023-06-01 15:00:00,15,2849.6,1.3
2023-06-01 16:00:00,16,2813.4,1.3
2023-06-01 17:00:00,17,2588.6,1.5
2023-06-01 18:00:00,18,2046.3,0.5
2023-06-01 19:00:00,19,1344.0,0.5
2023-06-01 20:00:00,20,469.8,1.5
2023-06-01 21:00:00,21,45.6,1.5
2023-06-01 22:00:00,22,,2.0
2023-06-01 23:00:00,23,,1.9
2023-06-02 00:00:00,0,,2.4
2023-06-02 01:00:00,1,,2.6
2023-06-02 02:00:00,2,,2.3
2023-06-02 03:00:00,3,,0.3
2023-06-02 04:00:00,4,,0.3
2023-06-02 05:00:00,5,,0.2
2023-06-02 06:00:00,6,,0.2
2023-06-02 07:00:00,7,,0.5
2023-06-02 08:00:00,8,,0.7
2023-06-02 09:00:00,9,,0.6
2023-06-02 10:00:00,10,152.8,0.5
2023-06-02 11:00:00,11,774.6,0.9
2023-06-02 12:00:00,12,1590.0,0.9
2023-06-02 13:00:00,13,2284.1,1.6
2023-06-02 14:00:00,14,2710.6,1.4
2023-06-02 15:00:00,15,2830.3,1.4
2023-06-02 16:00:00,16,2789.1,0.9
2023-06-02 17:00:00,17,2552.7,1.5
2023-06-02 18:00:00,18,2025.6,1.6
2023-06-02 19:00:00,19,1324.8,1.2
2023-06-02 20:00:00,20,502.8,0.4
2023-06-02 21:00:00,21,31.1,2.2
2023-06-02 22:00:00,22,,1.6
2023-06-02 23:00:00,23,,0.8
2023-06-03 00:00:00,0,,1.0
2023-06-03 01:00:00,1,,0.0
2023-06-03 02:00:00,2,,0.3
2023-06-03 03:00:00,3,,0.8
2023-06-03 04:00:00,4,,0.3
2023-06-03 05:00:00,5,,0.3
2023-06-03 06:00:00,6,,0.6
2023-06-03 07:00:00,7,,0.8
2023-06-03 08:00:00,8,,0.9
2023-06-03 09:00:00,9,,0.3
2023-06-03 10:00:00,10,154.4,1.2
2023-06-03 11:00:00,11,769.2,0.9
2023-06-03 12:00:00,12,1591.0,0.5
2023-06-03 13:00:00,13,2302.2,2.6
2023-06-03 14:00:00,14,2749.6,2.7
2023-06-03 15:00:00,15,2931.3,3.4
2023-06-03 16:00:00,16,3030.0,3.5
2023-06-03 17:00:00,17,2176.2,3.3
2023-06-03 18:00:00,18,1320.1,2.7
2023-06-03 19:00:00,19,1288.8,3.4
2023-06-03 20:00:00,20,462.7,2.4
2023-06-03 21:00:00,21,40.7,2.0
2023-06-03 22:00:00,22,,1.8
2023-06-03 23:00:00,23,,1.7
2023-06-04 00:00:00,0,,1.6
2023-06-04 01:00:00,1,,1.2
2023-06-04 02:00:00,2,,0.6
2023-06-04 03:00:00,3,,0.5
2023-06-04 04:00:00,4,,0.7
2023-06-04 05:00:00,5,,0.5
2023-06-04 06:00:00,6,,1.4
2023-06-04 07:00:00,7,,0.9
2023-06-04 08:00:00,8,,0.1
2023-06-04 09:00:00,9,,0.1
2023-06-04 10:00:00,10,130.0,1.2
2023-06-04 11:00:00,11,761.1,0.2
2023-06-04 12:00:00,12,1582.2,0.8
2023-06-04 13:00:00,13,2228.6,0.7
2023-06-04 14:00:00,14,2475.7,1.3
2023-06-04 15:00:00,15,2863.6,1.7
2023-06-04 16:00:00,16,2653.3,0.9
2023-06-04 17:00:00,17,2077.0,1.4
2023-06-04 18:00:00,18,2090.3,1.2
2023-06-04 19:00:00,19,1371.6,1.5
2023-06-04 20:00:00,20,478.0,1.2
2023-06-04 21:00:00,21,43.9,2.5
2023-06-04 22:00:00,22,,2.3
2023-06-04 23:00:00,23,,2.5
2023-06-05 00:00:00,0,,2.3
2023-06-05 01:00:00,1,,2.0
2023-06-05 02:00:00,2,,2.1
2023-06-05 03:00:00,3,,1.5
2023-06-05 04:00:00,4,,0.6
2023-06-05 05:00:00,5,,0.5
2023-06-05 06:00:00,6,,0.7
2023-06-05 07:00:00,7,,0.3
2023-06-05 08:00:00,8,,0.5
2023-06-05 09:00:00,9,,0.2
2023-06-05 10:00:00,10,154.9,1.0
2023-06-05 11:00:00,11,778.9,0.7
2023-06-05 12:00:00,12,1608.8,0.8
2023-06-05 13:00:00,13,2315.9,0.9
2023-06-05 14:00:00,14,2747.4,1.2
2023-06-05 15:00:00,15,2873.6,1.1
2023-06-05 16:00:00,16,2817.6,1.1
2023-06-05 17:00:00,17,2580.0,1.6
2023-06-05 18:00:00,18,2056.8,1.4
2023-06-05 19:00:00,19,1365.4,1.7
2023-06-05 20:00:00,20,484.6,1.8
2023-06-05 21:00:00,21,38.6,0.2
2023-06-05 22:00:00,22,,0.0
2023-06-05 23:00:00,23,,1.8
2023-06-06 00:00:00,0,,1.0
2023-06-06 01:00:00,1,,1.5
2023-06-06 02:00:00,2,,1.1
2023-06-06 03:00:00,3,,1.2
2023-06-06 04:00:00,4,,0.6
2023-06-06 05:00:00,5,,0.5
2023-06-06 06:00:00,6,,1.1
2023-06-06 07:00:00,7,,0.5
2023-06-06 08:00:00,8,,0.7
2023-06-06 09:00:00,9,,1.3
2023-06-06 10:00:00,10,148.5,1.1
2023-06-06 11:00:00,11,770.2,0.9
2023-06-06 12:00:00,12,1592.1,0.5
2023-06-06 13:00:00,13,2298.4,1.7
2023-06-06 14:00:00,14,2744.8,1.4
2023-06-06 15:00:00,15,2923.2,2.9
2023-06-06 16:00:00,16,2884.5,2.2
2023-06-06 17:00:00,17,2591.6,2.2
2023-06-06 18:00:00,18,1998.9,2.2
2023-06-06 19:00:00,19,1375.8,2.2
2023-06-06 20:00:00,20,478.0,2.1
2023-06-06 21:00:00,21,37.8,0.9
2023-06-06 22:00:00,22,,0.9
2023-06-06 23:00:00,23,,1.5
2023-06-07 00:00:00,0,,1.2
2023-06-07 01:00:00,1,,0.9
2023-06-07 02:00:00,2,,0.7
2023-06-07 03:00:00,3,,1.2
2023-06-07 04:00:00,4,,0.8
2023-06-07 05:00:00,5,,1.6
2023-06-07 06:00:00,6,,0.3
2023-06-07 07:00:00,7,,0.4
2023-06-07 08:00:00,8,,0.5
2023-06-07 09:00:00,9,,0.6
2023-06-07 10:00:00,10,144.0,0.8
2023-06-07 11:00:00,11,771.9,0.3
2023-06-07 12:00:00,12,1590.1,0.8
2023-06-07 13:00:00,13,2300.7,1.6
2023-06-07 14:00:00,14,2712.2,3.8
2023-06-07 15:00:00,15,2873.4,3.6
2023-06-07 16:00:00,16,2827.5,2.5
2023-06-07 17:00:00,17,2611.7,2.4
2023-06-07 18:00:00,18,2085.3,2.5
2023-06-07 19:00:00,19,1419.3,3.1
2023-06-07 20:00:00,20,486.3,2.2
2023-06-07 21:00:00,21,39.4,2.3
2023-06-07 22:00:00,22,,2.4
2023-06-07 23:00:00,23,,2.4
2023-06-08 00:00:00,0,,2.0
2023-06-08 01:00:00,1,,1.1
2023-06-08 02:00:00,2,,0.7
2023-06-08 03:00:00,3,,1.0
2023-06-08 04:00:00,4,,0.2
2023-06-08 05:00:00,5,,0.2
2023-06-08 06:00:00,6,,0.3
2023-06-08 07:00:00,7,,0.9
2023-06-08 08:00:00,8,,1.2
2023-06-08 09:00:00,9,,0.5
2023-06-08 10:00:00,10,161.5,0.2
2023-06-08 11:00:00,11,905.4,1.6
2023-06-08 12:00:00,12,1653.1,2.6
2023-06-08 13:00:00,13,2195.0,1.9
2023-06-08 14:00:00,14,1999.6,2.8
2023-06-08 15:00:00,15,2405.6,3.3
2023-06-08 16:00:00,16,2101.9,3.0
2023-06-08 17:00:00,17,1764.2,2.6
2023-06-08 18:00:00,18,1367.8,4.0
2023-06-08 19:00:00,19,1027.5,2.4
2023-06-08 20:00:00,20,324.5,3.2
2023-06-08 21:00:00,21,39.2,2.7
2023-06-08 22:00:00,22,,2.5
2023-06-08 23:00:00,23,,1.4
2023-06-09 00:00:00,0,,0.4
2023-06-09 01:00:00,1,,0.3
2023-06-09 02:00:00,2,,0.2
2023-06-09 03:00:00,3,,0.4
2023-06-09 04:00:00,4,,0.6
2023-06-09 05:00:00,5,,0.9
2023-06-09 06:00:00,6,,0.6
2023-06-09 07:00:00,7,,0.9
2023-06-09 08:00:00,8,,1.5
2023-06-09 09:00:00,9,,0.5
2023-06-09 10:00:00,10,177.0,0.9
2023-06-09 11:00:00,11,708.7,0.5
2023-06-09 12:00:00,12,1354.0,0.7
2023-06-09 13:00:00,13,2219.6,0.8
2023-06-09 14:00:00,14,2680.3,0.9
2023-06-09 15:00:00,15,2799.2,1.5
2023-06-09 16:00:00,16,2765.4,2.2
2023-06-09 17:00:00,17,2656.6,2.5
2023-06-09 18:00:00,18,2270.2,2.9
2023-06-09 19:00:00,19,939.4,3.0
2023-06-09 20:00:00,20,441.3,2.3
2023-06-09 21:00:00,21,29.5,1.9
2023-06-09 22:00:00,22,,2.9
2023-06-09 23:00:00,23,,1.3
2023-06-10 00:00:00,0,,1.0
2023-06-10 01:00:00,1,,1.7
2023-06-10 02:00:00,2,,1.5
2023-06-10 03:00:00,3,,1.5
2023-06-10 04:00:00,4,,0.9
2023-06-10 05:00:00,5,,0.5
2023-06-10 06:00:00,6,,0.5
2023-06-10 07:00:00,7,,1.3
2023-06-10 08:00:00,8,,0.9
2023-06-10 09:00:00,9,,1.0
2023-06-10 10:00:00,10,136.3,1.6
2023-06-10 11:00:00,11,754.9,0.3
2023-06-10 12:00:00,12,1556.6,0.7
2023-06-10 13:00:00,13,2264.1,1.6
2023-06-10 14:00:00,14,2615.1,2.9
2023-06-10 15:00:00,15,2833.9,2.9
2023-06-10 16:00:00,16,2963.2,3.1
2023-06-10 17:00:00,17,2441.2,2.6
2023-06-10 18:00:00,18,1860.0,1.4
2023-06-10 19:00:00,19,1035.4,1.9
2023-06-10 20:00:00,20,391.2,2.0
2023-06-10 21:00:00,21,37.8,1.5
2023-06-10 22:00:00,22,,2.0
2023-06-10 23:00:00,23,,1.4
2023-06-11 00:00:00,0,,1.0
2023-06-11 01:00:00,1,,2.5
2023-06-11 02:00:00,2,,0.5
2023-06-11 03:00:00,3,,1.0
2023-06-11 04:00:00,4,,0.9
2023-06-11 05:00:00,5,,0.7
2023-06-11 06:00:00,6,,0.9
2023-06-11 07:00:00,7,,0.4
2023-06-11 08:00:00,8,,0.4
2023-06-11 09:00:00,9,,0.9
2023-06-11 10:00:00,10,135.2,1.5
2023-06-11 11:00:00,11,758.2,0.7
2023-06-11 12:00:00,12,1551.0,0.0
2023-06-11 13:00:00,13,2248.0,1.2
2023-06-11 14:00:00,14,2677.8,1.3
2023-06-11 15:00:00,15,2821.0,3.3
2023-06-11 16:00:00,16,2765.6,2.7
2023-06-11 17:00:00,17,2542.2,2.2
2023-06-11 18:00:00,18,2031.9,2.4
2023-06-11 19:00:00,19,1353.0,2.2
2023-06-11 20:00:00,20,475.5,2.0
2023-06-11 21:00:00,21,35.4,1.4
2023-06-11 22:00:00,22,,2.3
2023-06-11 23:00:00,23,,1.9
2023-06-12 00:00:00,0,,2.3
2023-06-12 01:00:00,1,,1.8
2023-06-12 02:00:00,2,,1.0
2023-06-12 03:00:00,3,,0.7
2023-06-12 04:00:00,4,,1.2
2023-06-12 05:00:00,5,,1.3
2023-06-12 06:00:00,6,,1.4
2023-06-12 07:00:00,7,,0.5
2023-06-12 08:00:00,8,,0.1
2023-06-12 09:00:00,9,,0.3
2023-06-12 10:00:00,10,136.1,0.1
2023-06-12 11:00:00,11,758.6,1.0
2023-06-12 12:00:00,12,1564.5,0.8
2023-06-12 13:00:00,13,2262.2,2.7
2023-06-12 14:00:00,14,2707.7,3.7
2023-06-12 15:00:00,15,2831.3,4.0
2023-06-12 16:00:00,16,2764.5,3.6
2023-06-12 17:00:00,17,2534.9,3.7
2023-06-12 18:00:00,18,2026.1,3.1
2023-06-12 19:00:00,19,1345.4,2.6
2023-06-12 20:00:00,20,434.8,2.2
2023-06-12 21:00:00,21,36.1,1.8
2023-06-12 22:00:00,22,,1.7
2023-06-12 23:00:00,23,,1.8
2023-06-13 00:00:00,0,,2.3
2023-06-13 01:00:00,1,,1.0
2023-06-13 02:00:00,2,,1.1
2023-06-13 03:00:00,3,,0.4
2023-06-13 04:00:00,4,,1.0
2023-06-13 05:00:00,5,,0.8
2023-06-13 06:00:00,6,,0.8
2023-06-13 07:00:00,7,,0.2
2023-06-13 08:00:00,8,,0.6
2023-06-13 09:00:00,9,,0.5
2023-06-13 10:00:00,10,135.9,0.5
2023-06-13 11:00:00,11,761.0,1.6
2023-06-13 12:00:00,12,1571.7,2.0
2023-06-13 13:00:00,13,2275.6,2.7
2023-06-13 14:00:00,14,2706.6,2.3
2023-06-13 15:00:00,15,2823.9,1.9
2023-06-13 16:00:00,16,2761.0,1.2
2023-06-13 17:00:00,17,2533.0,1.4
2023-06-13 18:00:00,18,2028.4,1.1
2023-06-13 19:00:00,19,1349.7,2.1
2023-06-13 20:00:00,20,495.7,1.9
2023-06-13 21:00:00,21,35.7,1.5
2023-06-13 22:00:00,22,,1.8
2023-06-13 23:00:00,23,,2.4
2023-06-14 00:00:00,0,,0.9
2023-06-14 01:00:00,1,,1.3
2023-06-14 02:00:00,2,,0.5
2023-06-14 03:00:00,3,,0.8
2023-06-14 04:00:00,4,,1.2
2023-06-14 05:00:00,5,,0.4
2023-06-14 06:00:00,6,,0.2
2023-06-14 07:00:00,7,,0.8
2023-06-14 08:00:00,8,,0.8
2023-06-14 09:00:00,9,,1.0
2023-06-14 10:00:00,10,134.3,0.6
2023-06-14 11:00:00,11,746.2,0.7
2023-06-14 12:00:00,12,1539.2,0.2
2023-06-14 13:00:00,13,2243.3,1.8
2023-06-14 14:00:00,14,2676.1,1.8
2023-06-14 15:00:00,15,2805.8,2.2
2023-06-14 16:00:00,16,2758.4,1.3
2023-06-14 17:00:00,17,2546.7,1.9
2023-06-14 18:00:00,18,2029.2,1.7
2023-06-14 19:00:00,19,1354.1,1.7
2023-06-14 20:00:00,20,454.7,2.1
2023-06-14 21:00:00,21,35.6,1.4
2023-06-14 22:00:00,22,,0.9
2023-06-14 23:00:00,23,,0.2
2023-06-15 00:00:00,0,,2.1
2023-06-15 01:00:00,1,,1.1
2023-06-15 02:00:00,2,,0.3
2023-06-15 03:00:00,3,,0.5
2023-06-15 04:00:00,4,,1.5
2023-06-15 05:00:00,5,,1.5
2023-06-15 06:00:00,6,,0.7
2023-06-15 07:00:00,7,,1.2
2023-06-15 08:00:00,8,,1.0
2023-06-15 09:00:00,9,,0.8
2023-06-15 10:00:00,10,120.8,0.2
2023-06-15 11:00:00,11,745.5,1.6
2023-06-15 12:00:00,12,1549.6,1.7
2023-06-15 13:00:00,13,1918.6,3.6
2023-06-15 14:00:00,14,2473.7,4.0
2023-06-15 15:00:00,15,2821.9,3.9
2023-06-15 16:00:00,16,2885.2,3.4
2023-06-15 17:00:00,17,2427.8,2.6
2023-06-15 18:00:00,18,1780.4,2.8
2023-06-15 19:00:00,19,1150.4,2.2
2023-06-15 20:00:00,20,417.0,3.2
2023-06-15 21:00:00,21,39.2,1.6
2023-06-15 22:00:00,22,,1.7
2023-06-15 23:00:00,23,,2.1
2023-06-16 00:00:00,0,,1.9
2023-06-16 01:00:00,1,,1.0
2023-06-16 02:00:00,2,,1.7
2023-06-16 03:00:00,3,,1.6
2023-06-16 04:00:00,4,,0.4
2023-06-16 05:00:00,5,,0.9
2023-06-16 06:00:00,6,,0.7
2023-06-16 07:00:00,7,,0.6
2023-06-16 08:00:00,8,,0.7
2023-06-16 09:00:00,9,,1.1
2023-06-16 10:00:00,10,132.7,1.2
2023-06-16 11:00:00,11,745.4,1.1
2023-06-16 12:00:00,12,1544.1,1.2
2023-06-16 13:00:00,13,2234.8,0.9
2023-06-16 14:00:00,14,2657.9,1.5
2023-06-16 15:00:00,15,2788.7,0.8
2023-06-16 16:00:00,16,2784.9,1.8
2023-06-16 17:00:00,17,2549.4,2.2
2023-06-16 18:00:00,18,1805.2,1.7
2023-06-16 19:00:00,19,896.6,1.3
2023-06-16 20:00:00,20,507.5,2.0
2023-06-16 21:00:00,21,54.5,1.5
2023-06-16 22:00:00,22,,2.0
2023-06-16 23:00:00,23,,1.3
2023-06-17 00:00:00,0,,1.3
2023-06-17 01:00:00,1,,0.8
2023-06-17 02:00:00,2,,0.7
2023-06-17 03:00:00,3,,1.1
2023-06-17 04:00:00,4,,0.8
2023-06-17 05:00:00,5,,0.6
2023-06-17 06:00:00,6,,1.1
2023-06-17 07:00:00,7,,0.3
2023-06-17 08:00:00,8,,1.4
2023-06-17 09:00:00,9,,1.1
2023-06-17 10:00:00,10,131.3,1.5
2023-06-17 11:00:00,11,741.3,1.2
2023-06-17 12:00:00,12,1542.5,1.4
2023-06-17 13:00:00,13,2231.5,1.0
2023-06-17 14:00:00,14,2656.9,1.5
2023-06-17 15:00:00,15,2789.2,1.6
2023-06-17 16:00:00,16,2735.8,1.6
2023-06-17 17:00:00,17,2528.8,0.6
2023-06-17 18:00:00,18,2032.4,1.5
2023-06-17 19:00:00,19,1347.7,1.6
2023-06-17 20:00:00,20,482.0,1.6
2023-06-17 21:00:00,21,40.6,1.5
2023-06-17 22:00:00,22,,0.8
2023-06-17 23:00:00,23,,0.8
2023-06-18 00:00:00,0,,1.6
2023-06-18 01:00:00,1,,2.1
2023-06-18 02:00:00,2,,1.4
2023-06-18 03:00:00,3,,0.9
2023-06-18 04:00:00,4,,0.9
2023-06-18 05:00:00,5,,0.6
2023-06-18 06:00:00,6,,0.3
2023-06-18 07:00:00,7,,0.2
2023-06-18 08:00:00,8,,0.7
2023-06-18 09:00:00,9,,0.8
2023-06-18 10:00:00,10,130.8,0.7
2023-06-18 11:00:00,11,736.9,1.7
2023-06-18 12:00:00,12,1538.3,0.7
2023-06-18 13:00:00,13,2231.5,1.8
2023-06-18 14:00:00,14,2656.9,1.1
2023-06-18 15:00:00,15,2792.5,0.8
2023-06-18 16:00:00,16,2737.4,1.5
2023-06-18 17:00:00,17,2530.8,0.8
2023-06-18 18:00:00,18,2081.2,1.1
2023-06-18 19:00:00,19,1370.9,0.6
2023-06-18 20:00:00,20,475.7,1.3
2023-06-18 21:00:00,21,40.3,1.9
2023-06-18 22:00:00,22,,2.6
2023-06-18 23:00:00,23,,1.8
2023-06-19 00:00:00,0,,1.9
2023-06-19 01:00:00,1,,0.5
2023-06-19 02:00:00,2,,0.3
2023-06-19 03:00:00,3,,0.1
2023-06-19 04:00:00,4,,0.2
2023-06-19 05:00:00,5,,0.2
2023-06-19 06:00:00,6,,0.6
2023-06-19 07:00:00,7,,0.3
2023-06-19 08:00:00,8,,0.6
2023-06-19 09:00:00,9,,0.3
2023-06-19 10:00:00,10,129.1,0.6
2023-06-19 11:00:00,11,740.9,0.5
2023-06-19 12:00:00,12,1541.8,0.8
2023-06-19 13:00:00,13,2238.7,0.8
2023-06-19 14:00:00,14,2672.7,0.9
2023-06-19 15:00:00,15,2799.8,1.9
2023-06-19 16:00:00,16,2751.1,1.4
2023-06-19 17:00:00,17,2577.8,2.0
2023-06-19 18:00:00,18,2143.5,1.9
2023-06-19 19:00:00,19,1467.0,3.0
2023-06-19 20:00:00,20,214.5,3.5
2023-06-19 21:00:00,21,33.0,3.4
2023-06-19 22:00:00,22,,3.7
2023-06-19 23:00:00,23,,1.8
2023-06-20 00:00:00,0,,1.2
2023-06-20 01:00:00,1,,1.3
2023-06-20 02:00:00,2,,0.1
2023-06-20 03:00:00,3,,0.3
2023-06-20 04:00:00,4,,0.7
2023-06-20 05:00:00,5,,0.2
2023-06-20 06:00:00,6,,0.2
2023-06-20 07:00:00,7,,0.0
2023-06-20 08:00:00,8,,0.4
2023-06-20 09:00:00,9,,0.4
2023-06-20 10:00:00,10,107.7,0.1
2023-06-20 11:00:00,11,736.3,0.3
2023-06-20 12:00:00,12,1484.7,1.4
2023-06-20 13:00:00,13,1771.1,2.5
2023-06-20 14:00:00,14,1878.7,1.7
2023-06-20 15:00:00,15,2587.3,0.9
2023-06-20 16:00:00,16,2025.4,3.1
2023-06-20 17:00:00,17,1137.2,3.2
2023-06-20 18:00:00,18,1627.9,3.9
2023-06-20 19:00:00,19,1347.1,4.2
2023-06-20 20:00:00,20,386.8,4.3
2023-06-20 21:00:00,21,39.2,3.1
2023-06-20 22:00:00,22,,2.9
2023-06-20 23:00:00,23,,1.9
2023-06-21 00:00:00,0,,1.3
2023-06-21 01:00:00,1,,1.2
2023-06-21 02:00:00,2,,1.5
2023-06-21 03:00:00,3,,0.8
2023-06-21 04:00:00,4,,0.2
2023-06-21 05:00:00,5,,0.5
2023-06-21 06:00:00,6,,0.7
2023-06-21 07:00:00,7,,0.9
2023-06-21 08:00:00,8,,0.8
2023-06-21 09:00:00,9,,0.5
2023-06-21 10:00:00,10,180.9,0.5
2023-06-21 11:00:00,11,835.4,0.6
2023-06-21 12:00:00,12,1232.8,0.5
2023-06-21 13:00:00,13,2191.7,2.5
2023-06-21 14:00:00,14,2021.1,3.3
2023-06-21 15:00:00,15,2579.5,4.3
2023-06-21 16:00:00,16,2809.3,3.8
2023-06-21 17:00:00,17,2598.5,3.2
2023-06-21 18:00:00,18,2079.3,3.0
2023-06-21 19:00:00,19,462.7,3.6
2023-06-21 20:00:00,20,279.4,4.4
2023-06-21 21:00:00,21,33.2,3.6
2023-06-21 22:00:00,22,,3.7
2023-06-21 23:00:00,23,,1.1
2023-06-22 00:00:00,0,,1.2
2023-06-22 01:00:00,1,,1.1
2023-06-22 02:00:00,2,,1.6
2023-06-22 03:00:00,3,,2.2
2023-06-22 04:00:00,4,,1.5
2023-06-22 05:00:00,5,,2.0
2023-06-22 06:00:00,6,,1.6
2023-06-22 07:00:00,7,,0.0
2023-06-22 08:00:00,8,,1.4
2023-06-22 09:00:00,9,,0.4
2023-06-22 10:00:00,10,125.8,0.8
2023-06-22 11:00:00,11,738.6,0.4
2023-06-22 12:00:00,12,1540.8,0.9
2023-06-22 13:00:00,13,2249.9,2.5
2023-06-22 14:00:00,14,2682.3,2.0
2023-06-22 15:00:00,15,2832.3,2.8
2023-06-22 16:00:00,16,2776.6,3.0
2023-06-22 17:00:00,17,2558.8,1.8
2023-06-22 18:00:00,18,2075.7,1.8
2023-06-22 19:00:00,19,1336.6,0.9
2023-06-22 20:00:00,20,315.8,2.8
2023-06-22 21:00:00,21,38.9,1.8
2023-06-22 22:00:00,22,,2.7
2023-06-22 23:00:00,23,,2.3
2023-06-23 00:00:00,0,,2.1
2023-06-23 01:00:00,1,,2.2
2023-06-23 02:00:00,2,,2.5
2023-06-23 03:00:00,3,,2.4
2023-06-23 04:00:00,4,,1.7
2023-06-23 05:00:00,5,,0.4
2023-06-23 06:00:00,6,,0.9
2023-06-23 07:00:00,7,,0.5
2023-06-23 08:00:00,8,,0.7
2023-06-23 09:00:00,9,,1.1
2023-06-23 10:00:00,10,128.1,1.3
2023-06-23 11:00:00,11,748.6,0.7
2023-06-23 12:00:00,12,1556.9,1.1
2023-06-23 13:00:00,13,2279.3,1.1
2023-06-23 14:00:00,14,2724.8,1.1
2023-06-23 15:00:00,15,2879.3,2.0
2023-06-23 16:00:00,16,2825.1,1.2
2023-06-23 17:00:00,17,2608.7,2.2
2023-06-23 18:00:00,18,2115.4,2.0
2023-06-23 19:00:00,19,1407.2,2.1
2023-06-23 20:00:00,20,455.4,2.1
2023-06-23 21:00:00,21,41.6,1.4
2023-06-23 22:00:00,22,,2.3
2023-06-23 23:00:00,23,,2.1
2023-06-24 00:00:00,0,,2.5
2023-06-24 01:00:00,1,,2.1
2023-06-24 02:00:00,2,,1.2
2023-06-24 03:00:00,3,,1.2
2023-06-24 04:00:00,4,,1.0
2023-06-24 05:00:00,5,,0.8
2023-06-24 06:00:00,6,,0.1
2023-06-24 07:00:00,7,,1.0
2023-06-24 08:00:00,8,,0.5
2023-06-24 09:00:00,9,,0.7
2023-06-24 10:00:00,10,114.2,1.3
2023-06-24 11:00:00,11,726.5,0.5
2023-06-24 12:00:00,12,1549.2,1.4
2023-06-24 13:00:00,13,2246.3,2.8
2023-06-24 14:00:00,14,2693.4,2.1
2023-06-24 15:00:00,15,2779.8,2.2
2023-06-24 16:00:00,16,2790.1,1.3
2023-06-24 17:00:00,17,2523.2,1.6
2023-06-24 18:00:00,18,2005.0,2.1
2023-06-24 19:00:00,19,1372.2,2.0
2023-06-24 20:00:00,20,453.5,1.7
2023-06-24 21:00:00,21,57.0,1.2
2023-06-24 22:00:00,22,,1.1
2023-06-24 23:00:00,23,,1.4
2023-06-25 00:00:00,0,,2.2
2023-06-25 01:00:00,1,,1.6
2023-06-25 02:00:00,2,,0.3
2023-06-25 03:00:00,3,,0.5
2023-06-25 04:00:00,4,,1.2
2023-06-25 05:00:00,5,,0.5
2023-06-25 06:00:00,6,,0.2
2023-06-25 07:00:00,7,,0.8
2023-06-25 08:00:00,8,,0.8
2023-06-25 09:00:00,9,,0.8
2023-06-25 10:00:00,10,144.1,0.5
2023-06-25 11:00:00,11,664.7,0.6
2023-06-25 12:00:00,12,1428.9,2.2
2023-06-25 13:00:00,13,2126.3,2.7
2023-06-25 14:00:00,14,2465.9,0.8
2023-06-25 15:00:00,15,2567.4,1.3
2023-06-25 16:00:00,16,2607.7,2.5
2023-06-25 17:00:00,17,2486.6,3.0
2023-06-25 18:00:00,18,2011.2,0.7
2023-06-25 19:00:00,19,1361.8,2.0
2023-06-25 20:00:00,20,430.9,1.7
2023-06-25 21:00:00,21,46.6,2.4
2023-06-25 22:00:00,22,,2.7
2023-06-25 23:00:00,23,,2.0
2023-06-26 00:00:00,0,,3.1
2023-06-26 01:00:00,1,,2.4
2023-06-26 02:00:00,2,,1.9
2023-06-26 03:00:00,3,,1.3
2023-06-26 04:00:00,4,,2.2
2023-06-26 05:00:00,5,,1.2
2023-06-26 06:00:00,6,,1.6
2023-06-26 07:00:00,7,,1.8
2023-06-26 08:00:00,8,,0.3
2023-06-26 09:00:00,9,,1.3
2023-06-26 10:00:00,10,123.8,0.7
2023-06-26 11:00:00,11,752.4,1.4
2023-06-26 12:00:00,12,1571.9,3.1
2023-06-26 13:00:00,13,2260.4,4.9
2023-06-26 14:00:00,14,2108.0,4.6
2023-06-26 15:00:00,15,2728.7,5.2
2023-06-26 16:00:00,16,3032.1,4.1
2023-06-26 17:00:00,17,2510.7,3.5
2023-06-26 18:00:00,18,1938.7,3.7
2023-06-26 19:00:00,19,1280.2,3.5
2023-06-26 20:00:00,20,328.8,1.9
2023-06-26 21:00:00,21,36.6,1.4
2023-06-26 22:00:00,22,,2.2
2023-06-26 23:00:00,23,,2.2
2023-06-27 00:00:00,0,,1.9
2023-06-27 01:00:00,1,,2.3
2023-06-27 02:00:00,2,,2.5
2023-06-27 03:00:00,3,,2.5
2023-06-27 04:00:00,4,,2.9
2023-06-27 05:00:00,5,,0.3
2023-06-27 06:00:00,6,,0.1
2023-06-27 07:00:00,7,,0.3
2023-06-27 08:00:00,8,,0.5
2023-06-27 09:00:00,9,,0.7
2023-06-27 10:00:00,10,120.3,1.1
2023-06-27 11:00:00,11,727.8,0.1
2023-06-27 12:00:00,12,1535.3,0.8
2023-06-27 13:00:00,13,2260.1,2.2
2023-06-27 14:00:00,14,2680.3,1.9
2023-06-27 15:00:00,15,2818.6,2.4
2023-06-27 16:00:00,16,2754.8,1.6
2023-06-27 17:00:00,17,2644.9,2.0
2023-06-27 18:00:00,18,2060.9,1.6
2023-06-27 19:00:00,19,1380.0,3.2
2023-06-27 20:00:00,20,461.6,2.4
2023-06-27 21:00:00,21,43.2,1.5
2023-06-27 22:00:00,22,,3.8
2023-06-27 23:00:00,23,,3.0
2023-06-28 00:00:00,0,,2.0
2023-06-28 01:00:00,1,,1.4
2023-06-28 02:00:00,2,,1.9
2023-06-28 03:00:00,3,,1.8
2023-06-28 04:00:00,4,,1.7
2023-06-28 05:00:00,5,,1.2
2023-06-28 06:00:00,6,,0.9
2023-06-28 07:00:00,7,,1.4
2023-06-28 08:00:00,8,,0.0
2023-06-28 09:00:00,9,,0.3
2023-06-28 10:00:00,10,79.7,0.9
2023-06-28 11:00:00,11,482.1,0.6
2023-06-28 12:00:00,12,1380.5,0.5
2023-06-28 13:00:00,13,2219.7,0.4
2023-06-28 14:00:00,14,2646.3,1.1
2023-06-28 15:00:00,15,2794.0,1.7
2023-06-28 16:00:00,16,2741.9,1.1
2023-06-28 17:00:00,17,2546.1,1.0
2023-06-28 18:00:00,18,2068.7,2.1
2023-06-28 19:00:00,19,1400.4,1.3
2023-06-28 20:00:00,20,577.2,1.0
2023-06-28 21:00:00,21,54.5,0.6
2023-06-28 22:00:00,22,,0.1
2023-06-28 23:00:00,23,,0.1
2023-06-29 00:00:00,0,,0.3
2023-06-29 01:00:00,1,,2.8
2023-06-29 02:00:00,2,,1.5
2023-06-29 03:00:00,3,,0.3
2023-06-29 04:00:00,4,,0.0
2023-06-29 05:00:00,5,,0.1
2023-06-29 06:00:00,6,,0.2
2023-06-29 07:00:00,7,,0.4
2023-06-29 08:00:00,8,,0.6
2023-06-29 09:00:00,9,,0.4
2023-06-29 10:00:00,10,123.0,0.3
2023-06-29 11:00:00,11,721.0,0.6
2023-06-29 12:00:00,12,1513.5,1.0
2023-06-29 13:00:00,13,2215.9,1.5
2023-06-29 14:00:00,14,2658.3,1.5
2023-06-29 15:00:00,15,2802.4,0.9
2023-06-29 16:00:00,16,2759.6,1.0
2023-06-29 17:00:00,17,2584.8,0.8
2023-06-29 18:00:00,18,2123.5,1.6
2023-06-29 19:00:00,19,1365.2,1.5
2023-06-29 20:00:00,20,421.3,1.3
2023-06-29 21:00:00,21,58.5,0.5
2023-06-29 22:00:00,22,,1.1
2023-06-29 23:00:00,23,,1.7
2023-06-30 00:00:00,0,,1.6
2023-06-30 01:00:00,1,,0.8
2023-06-30 02:00:00,2,,0.8
2023-06-30 03:00:00,3,,0.6
2023-06-30 04:00:00,4,,0.9
2023-06-30 05:00:00,5,,0.3
2023-06-30 06:00:00,6,,0.5
2023-06-30 07:00:00,7,,1.3
2023-06-30 08:00:00,8,,0.4
2023-06-30 09:00:00,9,,0.3
2023-06-30 10:00:00,10,115.5,0.6
2023-06-30 11:00:00,11,716.6,0.5
2023-06-30 12:00:00,12,1506.4,0.5
2023-06-30 13:00:00,13,2204.8,1.0
2023-06-30 14:00:00,14,2648.3,2.3
2023-06-30 15:00:00,15,2799.2,1.9
2023-06-30 16:00:00,16,2830.1,1.7
2023-06-30 17:00:00,17,2084.9,1.4
2023-06-30 18:00:00,18,1222.8,0.9
2023-06-30 19:00:00,19,952.9,2.0
2023-06-30 20:00:00,20,444.5,2.1
2023-06-30 21:00:00,21,39.8,1.0
2023-06-30 22:00:00,22,,1.6
2023-06-30 23:00:00,23,,1.6
2023-07-01 00:00:00,0,,1.0
2023-07-01 01:00:00,1,,0.6
2023-07-01 02:00:00,2,,1.2
2023-07-01 03:00:00,3,,0.2
2023-07-01 04:00:00,4,,0.2
2023-07-01 05:00:00,5,,0.4
2023-07-01 06:00:00,6,,0.7
2023-07-01 07:00:00,7,,0.9
2023-07-01 08:00:00,8,,0.9
2023-07-01 09:00:00,9,,0.5
2023-07-01 10:00:00,10,114.1,0.3
2023-07-01 11:00:00,11,716.4,0.5
2023-07-01 12:00:00,12,1518.2,1.6
2023-07-01 13:00:00,13,2226.3,1.1
2023-07-01 14:00:00,14,2655.8,1.0
2023-07-01 15:00:00,15,2814.7,1.4
2023-07-01 16:00:00,16,2865.9,1.7
2023-07-01 17:00:00,17,2361.4,1.8
2023-07-01 18:00:00,18,1614.8,2.0
2023-07-01 19:00:00,19,712.3,0.8
2023-07-01 20:00:00,20,280.4,0.6
2023-07-01 21:00:00,21,42.7,0.1
2023-07-01 22:00:00,22,,0.4
2023-07-01 23:00:00,23,,0.7
2023-07-02 00:00:00,0,,2.2
2023-07-02 01:00:00,1,,1.4
2023-07-02 02:00:00,2,,1.8
2023-07-02 03:00:00,3,,0.6
2023-07-02 04:00:00,4,,0.6
2023-07-02 05:00:00,5,,0.9
2023-07-02 06:00:00,6,,1.3
2023-07-02 07:00:00,7,,1.1
2023-07-02 08:00:00,8,,0.6
2023-07-02 09:00:00,9,,0.6
2023-07-02 10:00:00,10,110.7,0.7
2023-07-02 11:00:00,11,706.6,0.8
2023-07-02 12:00:00,12,1531.0,1.0
2023-07-02 13:00:00,13,2248.3,1.2
2023-07-02 14:00:00,14,2684.8,1.7
2023-07-02 15:00:00,15,2846.9,1.3
2023-07-02 16:00:00,16,2859.8,0.9
2023-07-02 17:00:00,17,2633.7,0.9
2023-07-02 18:00:00,18,2126.6,1.5
2023-07-02 19:00:00,19,1435.9,0.7
2023-07-02 20:00:00,20,599.1,0.9
2023-07-02 21:00:00,21,47.2,0.5
2023-07-02 22:00:00,22,,1.0
2023-07-02 23:00:00,23,,1.4
2023-07-03 00:00:00,0,,0.5
2023-07-03 01:00:00,1,,0.3
2023-07-03 02:00:00,2,,1.4
2023-07-03 03:00:00,3,,1.9
2023-07-03 04:00:00,4,,1.6
2023-07-03 05:00:00,5,,1.2
2023-07-03 06:00:00,6,,0.8
2023-07-03 07:00:00,7,,0.6
2023-07-03 08:00:00,8,,1.2
2023-07-03 09:00:00,9,,0.2
2023-07-03 10:00:00,10,116.7,0.2
2023-07-03 11:00:00,11,718.1,0.9
2023-07-03 12:00:00,12,1512.3,0.8
2023-07-03 13:00:00,13,2207.2,1.9
2023-07-03 14:00:00,14,2661.8,0.8
2023-07-03 15:00:00,15,2819.3,1.5
2023-07-03 16:00:00,16,2774.6,1.7
2023-07-03 17:00:00,17,2592.8,1.7
2023-07-03 18:00:00,18,2101.5,1.1
2023-07-03 19:00:00,19,1418.5,0.7
2023-07-03 20:00:00,20,575.2,0.6
2023-07-03 21:00:00,21,44.7,0.1
2023-07-03 22:00:00,22,,0.1
2023-07-03 23:00:00,23,,0.5
2023-07-04 00:00:00,0,,1.1
2023-07-04 01:00:00,1,,0.8
2023-07-04 02:00:00,2,,1.2
2023-07-04 03:00:00,3,,0.1
2023-07-04 04:00:00,4,,0.3
2023-07-04 05:00:00,5,,0.7
2023-07-04 06:00:00,6,,0.4
2023-07-04 07:00:00,7,,0.5
2023-07-04 08:00:00,8,,0.6
2023-07-04 09:00:00,9,,0.5
2023-07-04 10:00:00,10,113.2,0.3
2023-07-04 11:00:00,11,728.8,0.7
2023-07-04 12:00:00,12,1529.5,0.2
2023-07-04 13:00:00,13,2236.8,0.9
2023-07-04 14:00:00,14,2676.1,1.9
2023-07-04 15:00:00,15,2830.2,1.1
2023-07-04 16:00:00,16,2774.7,1.2
2023-07-04 17:00:00,17,2569.0,2.1
2023-07-04 18:00:00,18,2083.6,2.1
2023-07-04 19:00:00,19,1424.1,2.1
2023-07-04 20:00:00,20,578.8,2.4
2023-07-04 21:00:00,21,54.2,1.5
2023-07-04 22:00:00,22,,1.3
2023-07-04 23:00:00,23,,2.4
2023-07-05 00:00:00,0,,1.7
2023-07-05 01:00:00,1,,1.2
2023-07-05 02:00:00,2,,1.4
2023-07-05 03:00:00,3,,1.6
2023-07-05 04:00:00,4,,2.6
2023-07-05 05:00:00,5,,2.4
2023-07-05 06:00:00,6,,1.6
2023-07-05 07:00:00,7,,1.4
2023-07-05 08:00:00,8,,0.8
2023-07-05 09:00:00,9,,0.2
2023-07-05 10:00:00,10,113.1,0.3
2023-07-05 11:00:00,11,733.3,1.3
2023-07-05 12:00:00,12,1543.4,2.6
2023-07-05 13:00:00,13,2253.0,1.6
2023-07-05 14:00:00,14,2700.7,3.0
2023-07-05 15:00:00,15,2861.6,3.7
2023-07-05 16:00:00,16,2804.1,3.3
2023-07-05 17:00:00,17,2604.9,4.0
2023-07-05 18:00:00,18,2133.2,3.7
2023-07-05 19:00:00,19,1444.8,3.6
2023-07-05 20:00:00,20,491.5,3.5
2023-07-05 21:00:00,21,53.3,3.7
2023-07-05 22:00:00,22,,2.8
2023-07-05 23:00:00,23,,1.6
2023-07-06 00:00:00,0,,1.7
2023-07-06 01:00:00,1,,1.1
2023-07-06 02:00:00,2,,3.0
2023-07-06 03:00:00,3,,0.7
2023-07-06 04:00:00,4,,1.7
2023-07-06 05:00:00,5,,2.4
2023-07-06 06:00:00,6,,1.9
2023-07-06 07:00:00,7,,1.4
2023-07-06 08:00:00,8,,0.7
2023-07-06 09:00:00,9,,1.5
2023-07-06 10:00:00,10,107.7,0.0
2023-07-06 11:00:00,11,722.5,1.3
2023-07-06 12:00:00,12,1534.2,1.2
2023-07-06 13:00:00,13,2217.7,2.2
2023-07-06 14:00:00,14,2702.9,1.5
2023-07-06 15:00:00,15,2833.3,1.9
2023-07-06 16:00:00,16,2776.3,3.0
2023-07-06 17:00:00,17,2585.7,1.5
2023-07-06 18:00:00,18,2070.2,3.1
2023-07-06 19:00:00,19,1380.3,2.7
2023-07-06 20:00:00,20,586.5,2.0
2023-07-06 21:00:00,21,63.3,1.2
2023-07-06 22:00:00,22,,1.0
2023-07-06 23:00:00,23,,1.6
2023-07-07 00:00:00,0,,1.6
2023-07-07 01:00:00,1,,1.7
2023-07-07 02:00:00,2,,0.7
2023-07-07 03:00:00,3,,0.9
2023-07-07 04:00:00,4,,0.6
2023-07-07 05:00:00,5,,1.0
2023-07-07 06:00:00,6,,0.7
2023-07-07 07:00:00,7,,1.0
2023-07-07 08:00:00,8,,0.5
2023-07-07 09:00:00,9,,0.8
2023-07-07 10:00:00,10,115.6,1.0
2023-07-07 11:00:00,11,727.7,0.7
2023-07-07 12:00:00,12,1514.3,0.6
2023-07-07 13:00:00,13,2220.4,2.1
2023-07-07 14:00:00,14,2656.7,2.9
2023-07-07 15:00:00,15,2822.4,2.2
2023-07-07 16:00:00,16,2842.0,3.0
2023-07-07 17:00:00,17,2560.8,2.4
2023-07-07 18:00:00,18,2055.7,3.7
2023-07-07 19:00:00,19,1227.1,2.6
2023-07-07 20:00:00,20,587.9,2.2
2023-07-07 21:00:00,21,49.7,0.7
2023-07-07 22:00:00,22,,0.6
2023-07-07 23:00:00,23,,0.4
2023-07-08 00:00:00,0,,2.1
2023-07-08 01:00:00,1,,1.2
2023-07-08 02:00:00,2,,1.8
2023-07-08 03:00:00,3,,2.1
2023-07-08 04:00:00,4,,1.8
2023-07-08 05:00:00,5,,0.7
2023-07-08 06:00:00,6,,0.6
2023-07-08 07:00:00,7,,1.1
2023-07-08 08:00:00,8,,0.9
2023-07-08 09:00:00,9,,0.8
2023-07-08 10:00:00,10,117.3,0.8
2023-07-08 11:00:00,11,725.5,0.9
2023-07-08 12:00:00,12,1527.6,0.9
2023-07-08 13:00:00,13,2221.8,3.3
2023-07-08 14:00:00,14,2664.9,2.8
2023-07-08 15:00:00,15,2807.9,3.2
2023-07-08 16:00:00,16,2835.1,3.6
2023-07-08 17:00:00,17,2600.2,2.8
2023-07-08 18:00:00,18,1841.9,2.5
2023-07-08 19:00:00,19,1284.2,2.1
2023-07-08 20:00:00,20,596.9,2.3
2023-07-08 21:00:00,21,63.0,0.9
2023-07-08 22:00:00,22,,1.2
2023-07-08 23:00:00,23,,1.7
2023-07-09 00:00:00,0,,2.2
2023-07-09 01:00:00,1,,2.0
2023-07-09 02:00:00,2,,1.9
2023-07-09 03:00:00,3,,1.3
2023-07-09 04:00:00,4,,1.2
2023-07-09 05:00:00,5,,1.1
2023-07-09 06:00:00,6,,0.9
2023-07-09 07:00:00,7,,1.1
2023-07-09 08:00:00,8,,0.3
2023-07-09 09:00:00,9,,0.6
2023-07-09 10:00:00,10,116.0,1.1
2023-07-09 11:00:00,11,723.9,1.6
2023-07-09 12:00:00,12,1507.8,2.7
2023-07-09 13:00:00,13,2201.3,1.8
2023-07-09 14:00:00,14,2664.5,2.4
2023-07-09 15:00:00,15,2815.8,1.8
2023-07-09 16:00:00,16,2798.8,1.2
2023-07-09 17:00:00,17,2624.0,2.4
2023-07-09 18:00:00,18,2083.7,2.1
2023-07-09 19:00:00,19,1136.4,1.2
2023-07-09 20:00:00,20,501.5,1.4
2023-07-09 21:00:00,21,60.8,1.1
2023-07-09 22:00:00,22,,0.3
2023-07-09 23:00:00,23,,0.3
2023-07-10 00:00:00,0,,1.0
2023-07-10 01:00:00,1,,1.2
2023-07-10 02:00:00,2,,0.8
2023-07-10 03:00:00,3,,0.9
2023-07-10 04:00:00,4,,1.3
2023-07-10 05:00:00,5,,0.3
2023-07-10 06:00:00,6,,0.1
2023-07-10 07:00:00,7,,1.0
2023-07-10 08:00:00,8,,0.7
2023-07-10 09:00:00,9,,0.7
2023-07-10 10:00:00,10,123.5,0.5
2023-07-10 11:00:00,11,710.4,0.6
2023-07-10 12:00:00,12,1484.9,1.5
2023-07-10 13:00:00,13,2186.8,1.2
2023-07-10 14:00:00,14,2647.3,3.1
2023-07-10 15:00:00,15,2998.7,2.9
2023-07-10 16:00:00,16,3149.6,3.7
2023-07-10 17:00:00,17,2705.8,3.6
2023-07-10 18:00:00,18,2070.0,2.6
2023-07-10 19:00:00,19,1434.5,3.0
2023-07-10 20:00:00,20,555.9,2.1
2023-07-10 21:00:00,21,64.7,1.4
2023-07-10 22:00:00,22,,1.6
2023-07-10 23:00:00,23,,1.8
2023-07-11 00:00:00,0,,2.3
2023-07-11 01:00:00,1,,1.9
2023-07-11 02:00:00,2,,1.3
2023-07-11 03:00:00,3,,0.9
2023-07-11 04:00:00,4,,0.8
2023-07-11 05:00:00,5,,0.8
2023-07-11 06:00:00,6,,1.3
2023-07-11 07:00:00,7,,1.5
2023-07-11 08:00:00,8,,1.7
2023-07-11 09:00:00,9,,0.1
2023-07-11 10:00:00,10,111.6,0.6
2023-07-11 11:00:00,11,713.4,0.2
2023-07-11 12:00:00,12,1504.0,2.3
2023-07-11 13:00:00,13,2210.6,1.9
2023-07-11 14:00:00,14,2646.9,1.3
2023-07-11 15:00:00,15,2800.9,1.4
2023-07-11 16:00:00,16,2762.4,1.5
2023-07-11 17:00:00,17,2576.8,2.0
2023-07-11 18:00:00,18,2105.7,0.8
2023-07-11 19:00:00,19,1447.8,0.9
2023-07-11 20:00:00,20,612.1,0.9
2023-07-11 21:00:00,21,90.3,0.9
2023-07-11 22:00:00,22,,0.3
2023-07-11 23:00:00,23,,0.5
2023-07-12 00:00:00,0,,1.4
2023-07-12 01:00:00,1,,2.2
2023-07-12 02:00:00,2,,1.7
2023-07-12 03:00:00,3,,0.9
2023-07-12 04:00:00,4,,0.2
2023-07-12 05:00:00,5,,0.9
2023-07-12 06:00:00,6,,0.5
2023-07-12 07:00:00,7,,0.6
2023-07-12 08:00:00,8,,0.6
2023-07-12 09:00:00,9,,0.4
2023-07-12 10:00:00,10,111.9,1.4
2023-07-12 11:00:00,11,724.8,0.8
2023-07-12 12:00:00,12,1522.7,1.2
2023-07-12 13:00:00,13,2236.2,2.2
2023-07-12 14:00:00,14,2684.4,1.6
2023-07-12 15:00:00,15,2826.7,1.4
2023-07-12 16:00:00,16,2776.8,1.2
2023-07-12 17:00:00,17,2600.5,0.9
2023-07-12 18:00:00,18,2113.0,1.3
2023-07-12 19:00:00,19,1470.1,1.8
2023-07-12 20:00:00,20,629.0,1.3
2023-07-12 21:00:00,21,67.5,0.6
2023-07-12 22:00:00,22,,1.1
2023-07-12 23:00:00,23,,2.7
2023-07-13 00:00:00,0,,1.8
2023-07-13 01:00:00,1,,1.7
2023-07-13 02:00:00,2,,1.6
2023-07-13 03:00:00,3,,1.3
2023-07-13 04:00:00,4,,0.8
2023-07-13 05:00:00,5,,0.1
2023-07-13 06:00:00,6,,1.3
2023-07-13 07:00:00,7,,0.7
2023-07-13 08:00:00,8,,0.5
2023-07-13 09:00:00,9,,0.8
2023-07-13 10:00:00,10,113.9,1.8
2023-07-13 11:00:00,11,728.2,1.2
2023-07-13 12:00:00,12,1525.0,1.5
2023-07-13 13:00:00,13,2222.6,1.2
2023-07-13 14:00:00,14,2664.1,1.3
2023-07-13 15:00:00,15,2819.4,0.8
2023-07-13 16:00:00,16,2775.0,1.1
2023-07-13 17:00:00,17,2550.0,1.6
2023-07-13 18:00:00,18,2124.3,2.5
2023-07-13 19:00:00,19,1433.7,1.6
2023-07-13 20:00:00,20,605.3,0.8
2023-07-13 21:00:00,21,60.7,0.5
2023-07-13 22:00:00,22,,0.0
2023-07-13 23:00:00,23,,0.0
2023-07-14 00:00:00,0,,0.0
2023-07-14 01:00:00,1,,0.6
2023-07-14 02:00:00,2,,0.7
2023-07-14 03:00:00,3,,0.3
2023-07-14 04:00:00,4,,1.9
2023-07-14 05:00:00,5,,0.9
2023-07-14 06:00:00,6,,1.3
2023-07-14 07:00:00,7,,1.0
2023-07-14 08:00:00,8,,1.1
2023-07-14 09:00:00,9,,1.6
2023-07-14 10:00:00,10,113.3,0.6
2023-07-14 11:00:00,11,733.5,1.8
2023-07-14 12:00:00,12,1532.1,1.4
2023-07-14 13:00:00,13,2238.2,2.6
2023-07-14 14:00:00,14,2681.6,2.3
2023-07-14 15:00:00,15,2836.2,1.7
2023-07-14 16:00:00,16,2798.2,1.1
2023-07-14 17:00:00,17,2588.3,1.2
2023-07-14 18:00:00,18,2100.5,0.8
2023-07-14 19:00:00,19,1442.6,0.7
2023-07-14 20:00:00,20,614.8,0.2
2023-07-14 21:00:00,21,65.0,0.6
2023-07-14 22:00:00,22,,0.7
2023-07-14 23:00:00,23,,0.9
2023-07-15 00:00:00,0,,0.6
2023-07-15 01:00:00,1,,0.9
2023-07-15 02:00:00,2,,0.6
2023-07-15 03:00:00,3,,0.8
2023-07-15 04:00:00,4,,0.7
2023-07-15 05:00:00,5,,0.6
2023-07-15 06:00:00,6,,0.6
2023-07-15 07:00:00,7,,1.4
2023-07-15 08:00:00,8,,1.4
2023-07-15 09:00:00,9,,1.0
2023-07-15 10:00:00,10,93.4,1.1
2023-07-15 11:00:00,11,502.1,1.0
2023-07-15 12:00:00,12,1198.0,1.8
2023-07-15 13:00:00,13,2241.6,4.0
2023-07-15 14:00:00,14,2713.3,3.8
2023-07-15 15:00:00,15,2864.1,3.9
2023-07-15 16:00:00,16,2785.5,3.6
2023-07-15 17:00:00,17,2610.0,2.0
2023-07-15 18:00:00,18,2128.9,2.9
2023-07-15 19:00:00,19,1468.7,3.5
2023-07-15 20:00:00,20,710.1,2.9
2023-07-15 21:00:00,21,86.6,2.0
2023-07-15 22:00:00,22,,1.9
2023-07-15 23:00:00,23,,1.9
2023-07-16 00:00:00,0,,1.0
2023-07-16 01:00:00,1,,1.7
2023-07-16 02:00:00,2,,2.3
2023-07-16 03:00:00,3,,0.3
2023-07-16 04:00:00,4,,0.3
2023-07-16 05:00:00,5,,0.7
2023-07-16 06:00:00,6,,1.9
2023-07-16 07:00:00,7,,0.5
2023-07-16 08:00:00,8,,1.3
2023-07-16 09:00:00,9,,0.6
2023-07-16 10:00:00,10,128.5,1.2
2023-07-16 11:00:00,11,739.2,2.4
2023-07-16 12:00:00,12,1538.5,3.6
2023-07-16 13:00:00,13,2274.2,3.4
2023-07-16 14:00:00,14,2721.5,3.0
2023-07-16 15:00:00,15,2876.0,3.3
2023-07-16 16:00:00,16,2507.6,2.2
2023-07-16 17:00:00,17,2587.2,3.6
2023-07-16 18:00:00,18,2140.2,3.0
2023-07-16 19:00:00,19,1389.5,3.3
2023-07-16 20:00:00,20,619.9,2.6
2023-07-16 21:00:00,21,75.1,2.6
2023-07-16 22:00:00,22,,1.7
2023-07-16 23:00:00,23,,2.0
2023-07-17 00:00:00,0,,3.1
2023-07-17 01:00:00,1,,2.2
2023-07-17 02:00:00,2,,0.7
2023-07-17 03:00:00,3,,0.5
2023-07-17 04:00:00,4,,0.4
2023-07-17 05:00:00,5,,0.9
2023-07-17 06:00:00,6,,1.5
2023-07-17 07:00:00,7,,0.6
2023-07-17 08:00:00,8,,0.6
2023-07-17 09:00:00,9,,0.7
2023-07-17 10:00:00,10,109.8,2.1
2023-07-17 11:00:00,11,751.7,1.5
2023-07-17 12:00:00,12,1575.4,3.1
2023-07-17 13:00:00,13,2334.7,3.2
2023-07-17 14:00:00,14,2790.8,4.0
2023-07-17 15:00:00,15,2916.3,4.2
2023-07-17 16:00:00,16,2861.5,2.5
2023-07-17 17:00:00,17,2651.8,3.7
2023-07-17 18:00:00,18,2170.4,4.2
2023-07-17 19:00:00,19,1503.5,2.8
2023-07-17 20:00:00,20,670.8,2.9
2023-07-17 21:00:00,21,89.5,2.0
2023-07-17 22:00:00,22,,2.7
2023-07-17 23:00:00,23,,2.4
2023-07-18 00:00:00,0,,3.4
2023-07-18 01:00:00,1,,2.8
2023-07-18 02:00:00,2,,2.1
2023-07-18 03:00:00,3,,1.2
2023-07-18 04:00:00,4,,0.9
2023-07-18 05:00:00,5,,2.0
2023-07-18 06:00:00,6,,1.2
2023-07-18 07:00:00,7,,1.8
2023-07-18 08:00:00,8,,1.6
2023-07-18 09:00:00,9,,0.9
2023-07-18 10:00:00,10,115.0,0.4
2023-07-18 11:00:00,11,752.2,0.6
2023-07-18 12:00:00,12,1570.9,0.8
2023-07-18 13:00:00,13,2340.4,1.1
2023-07-18 14:00:00,14,2783.8,1.0
2023-07-18 15:00:00,15,2930.0,2.5
2023-07-18 16:00:00,16,2872.5,0.9
2023-07-18 17:00:00,17,2651.5,1.5
2023-07-18 18:00:00,18,2158.1,2.2
2023-07-18 19:00:00,19,1490.5,1.0
2023-07-18 20:00:00,20,688.0,1.9
2023-07-18 21:00:00,21,78.9,0.9
2023-07-18 22:00:00,22,,1.2
2023-07-18 23:00:00,23,,1.1
2023-07-19 00:00:00,0,,1.4
2023-07-19 01:00:00,1,,1.2
2023-07-19 02:00:00,2,,0.3
2023-07-19 03:00:00,3,,0.6
2023-07-19 04:00:00,4,,0.7
2023-07-19 05:00:00,5,,0.4
2023-07-19 06:00:00,6,,0.8
2023-07-19 07:00:00,7,,1.0
2023-07-19 08:00:00,8,,1.4
2023-07-19 09:00:00,9,,1.3
2023-07-19 10:00:00,10,123.7,1.5
2023-07-19 11:00:00,11,762.0,0.2
2023-07-19 12:00:00,12,1587.5,0.6
2023-07-19 13:00:00,13,2359.9,1.3
2023-07-19 14:00:00,14,2824.4,3.4
2023-07-19 15:00:00,15,2969.2,3.5
2023-07-19 16:00:00,16,2924.8,3.1
2023-07-19 17:00:00,17,2684.8,3.2
2023-07-19 18:00:00,18,2194.2,3.0
2023-07-19 19:00:00,19,1505.3,3.5
2023-07-19 20:00:00,20,700.4,2.9
2023-07-19 21:00:00,21,83.4,1.8
2023-07-19 22:00:00,22,,2.5
2023-07-19 23:00:00,23,,3.9
2023-07-20 00:00:00,0,,4.8
2023-07-20 01:00:00,1,,3.9
2023-07-20 02:00:00,2,,2.3
2023-07-20 03:00:00,3,,0.4
2023-07-20 04:00:00,4,,2.6
2023-07-20 05:00:00,5,,1.8
2023-07-20 06:00:00,6,,1.7
2023-07-20 07:00:00,7,,0.3
2023-07-20 08:00:00,8,,0.6
2023-07-20 09:00:00,9,,0.6
2023-07-20 10:00:00,10,129.7,0.9
2023-07-20 11:00:00,11,784.7,0.2
2023-07-20 12:00:00,12,1611.5,0.7
2023-07-20 13:00:00,13,2374.4,2.7
2023-07-20 14:00:00,14,2832.4,5.3
2023-07-20 15:00:00,15,2954.7,3.8
2023-07-20 16:00:00,16,2898.1,4.6
2023-07-20 17:00:00,17,2683.0,4.2
2023-07-20 18:00:00,18,2183.4,4.5
2023-07-20 19:00:00,19,1506.8,4.6
2023-07-20 20:00:00,20,693.3,4.7
2023-07-20 21:00:00,21,94.5,2.9
2023-07-20 22:00:00,22,,2.4
2023-07-20 23:00:00,23,,2.3
2023-07-21 00:00:00,0,,2.3
2023-07-21 01:00:00,1,,1.9
2023-07-21 02:00:00,2,,2.3
2023-07-21 03:00:00,3,,1.7
2023-07-21 04:00:00,4,,1.6
2023-07-21 05:00:00,5,,1.6
2023-07-21 06:00:00,6,,2.0
2023-07-21 07:00:00,7,,1.8
2023-07-21 08:00:00,8,,1.2
2023-07-21 09:00:00,9,,0.8
2023-07-21 10:00:00,10,146.3,0.5
2023-07-21 11:00:00,11,567.0,0.7
2023-07-21 12:00:00,12,851.2,3.1
2023-07-21 13:00:00,13,803.7,4.4
2023-07-21 14:00:00,14,1275.8,4.6
2023-07-21 15:00:00,15,1513.7,5.3
2023-07-21 16:00:00,16,2396.6,4.7
2023-07-21 17:00:00,17,2518.3,4.5
2023-07-21 18:00:00,18,1761.2,5.2
2023-07-21 19:00:00,19,1171.2,5.6
2023-07-21 20:00:00,20,646.2,5.0
2023-07-21 21:00:00,21,91.9,1.6
2023-07-21 22:00:00,22,,6.0
2023-07-21 23:00:00,23,,3.3
2023-07-22 00:00:00,0,,4.1
2023-07-22 01:00:00,1,,2.7
2023-07-22 02:00:00,2,,2.6
2023-07-22 03:00:00,3,,1.9
2023-07-22 04:00:00,4,,1.7
2023-07-22 05:00:00,5,,1.9
2023-07-22 06:00:00,6,,1.8
2023-07-22 07:00:00,7,,1.9
2023-07-22 08:00:00,8,,1.5
2023-07-22 09:00:00,9,,2.2
2023-07-22 10:00:00,10,80.3,2.8
2023-07-22 11:00:00,11,403.4,3.5
2023-07-22 12:00:00,12,1087.5,4.0
2023-07-22 13:00:00,13,1276.2,2.9
2023-07-22 14:00:00,14,1082.0,4.8
2023-07-22 15:00:00,15,1495.1,4.8
2023-07-22 16:00:00,16,1419.6,5.4
2023-07-22 17:00:00,17,1605.2,4.9
2023-07-22 18:00:00,18,1195.1,4.0
2023-07-22 19:00:00,19,1092.5,4.1
2023-07-22 20:00:00,20,350.3,3.9
2023-07-22 21:00:00,21,39.8,3.0
2023-07-22 22:00:00,22,,3.8
2023-07-22 23:00:00,23,,2.7
2023-07-23 00:00:00,0,,3.7
2023-07-23 01:00:00,1,,3.0
2023-07-23 02:00:00,2,,2.0
2023-07-23 03:00:00,3,,1.5
2023-07-23 04:00:00,4,,1.3
2023-07-23 05:00:00,5,,0.7
2023-07-23 06:00:00,6,,0.0
2023-07-23 07:00:00,7,,0.1
2023-07-23 08:00:00,8,,0.7
2023-07-23 09:00:00,9,,0.8
2023-07-23 10:00:00,10,134.3,0.1
2023-07-23 11:00:00,11,773.1,0.2
2023-07-23 12:00:00,12,1662.2,1.9
2023-07-23 13:00:00,13,2136.3,3.3
2023-07-23 14:00:00,14,2725.7,4.8
2023-07-23 15:00:00,15,3280.5,5.0
2023-07-23 16:00:00,16,3036.1,4.6
2023-07-23 17:00:00,17,1955.1,3.0
2023-07-23 18:00:00,18,1977.0,2.7
2023-07-23 19:00:00,19,1496.2,3.3
2023-07-23 20:00:00,20,441.6,4.6
2023-07-23 21:00:00,21,62.1,2.3
2023-07-23 22:00:00,22,,2.0
2023-07-23 23:00:00,23,,2.2
2023-07-24 00:00:00,0,,3.5
2023-07-24 01:00:00,1,,2.7
2023-07-24 02:00:00,2,,2.8
2023-07-24 03:00:00,3,,2.8
2023-07-24 04:00:00,4,,1.8
2023-07-24 05:00:00,5,,1.5
2023-07-24 06:00:00,6,,1.6
2023-07-24 07:00:00,7,,1.1
2023-07-24 08:00:00,8,,1.4
2023-07-24 09:00:00,9,,0.5
2023-07-24 10:00:00,10,143.8,0.5
2023-07-24 11:00:00,11,782.5,1.2
2023-07-24 12:00:00,12,1623.9,2.2
2023-07-24 13:00:00,13,2406.8,4.7
2023-07-24 14:00:00,14,2815.6,4.6
2023-07-24 15:00:00,15,2965.7,4.0
2023-07-24 16:00:00,16,2917.8,3.8
2023-07-24 17:00:00,17,2523.1,4.8
2023-07-24 18:00:00,18,2285.6,4.3
2023-07-24 19:00:00,19,1197.0,4.8
2023-07-24 20:00:00,20,792.6,4.0
2023-07-24 21:00:00,21,62.9,3.7
2023-07-24 22:00:00,22,,3.5
2023-07-24 23:00:00,23,,3.5
2023-07-25 00:00:00,0,,4.8
2023-07-25 01:00:00,1,,3.9
2023-07-25 02:00:00,2,,3.5
2023-07-25 03:00:00,3,,1.1
2023-07-25 04:00:00,4,,1.1
2023-07-25 05:00:00,5,,0.9
2023-07-25 06:00:00,6,,0.6
2023-07-25 07:00:00,7,,0.9
2023-07-25 08:00:00,8,,0.8
2023-07-25 09:00:00,9,,1.3
2023-07-25 10:00:00,10,148.0,1.3
2023-07-25 11:00:00,11,800.7,0.6
2023-07-25 12:00:00,12,1633.8,1.2
2023-07-25 13:00:00,13,2398.0,2.7
2023-07-25 14:00:00,14,2850.1,3.7
2023-07-25 15:00:00,15,2979.5,3.8
2023-07-25 16:00:00,16,2918.8,2.8
2023-07-25 17:00:00,17,2700.6,2.6
2023-07-25 18:00:00,18,2212.2,1.8
2023-07-25 19:00:00,19,1550.5,2.0
2023-07-25 20:00:00,20,755.7,1.9
2023-07-25 21:00:00,21,110.8,1.2
2023-07-25 22:00:00,22,,1.7
2023-07-25 23:00:00,23,,2.0
2023-07-26 00:00:00,0,,2.7
2023-07-26 01:00:00,1,,3.8
2023-07-26 02:00:00,2,,3.5
2023-07-26 03:00:00,3,,1.8
2023-07-26 04:00:00,4,,1.1
2023-07-26 05:00:00,5,,0.8
2023-07-26 06:00:00,6,,1.1
2023-07-26 07:00:00,7,,0.2
2023-07-26 08:00:00,8,,0.7
2023-07-26 09:00:00,9,,0.5
2023-07-26 10:00:00,10,147.1,0.8
2023-07-26 11:00:00,11,792.0,0.4
2023-07-26 12:00:00,12,1614.7,2.0
2023-07-26 13:00:00,13,2381.0,4.5
2023-07-26 14:00:00,14,2833.6,3.0
2023-07-26 15:00:00,15,2963.5,3.4
2023-07-26 16:00:00,16,2929.3,3.1
2023-07-26 17:00:00,17,2709.2,3.3
2023-07-26 18:00:00,18,2216.4,1.5
2023-07-26 19:00:00,19,1553.8,2.4
2023-07-26 20:00:00,20,755.1,2.1
2023-07-26 21:00:00,21,111.2,1.0
2023-07-26 22:00:00,22,,0.8
2023-07-26 23:00:00,23,,1.0
2023-07-27 00:00:00,0,,1.3
2023-07-27 01:00:00,1,,2.2
2023-07-27 02:00:00,2,,0.1
2023-07-27 03:00:00,3,,0.5
2023-07-27 04:00:00,4,,0.6
2023-07-27 05:00:00,5,,0.6
2023-07-27 06:00:00,6,,1.0
2023-07-27 07:00:00,7,,1.2
2023-07-27 08:00:00,8,,0.4
2023-07-27 09:00:00,9,,0.2
2023-07-27 10:00:00,10,168.0,1.4
2023-07-27 11:00:00,11,877.0,0.6
2023-07-27 12:00:00,12,1609.4,0.8
2023-07-27 13:00:00,13,2365.9,1.6
2023-07-27 14:00:00,14,2818.9,1.6
2023-07-27 15:00:00,15,2970.0,1.1
2023-07-27 16:00:00,16,2878.6,1.4
2023-07-27 17:00:00,17,2699.6,3.7
2023-07-27 18:00:00,18,2228.6,3.5
2023-07-27 19:00:00,19,1561.2,3.8
2023-07-27 20:00:00,20,740.5,2.8
2023-07-27 21:00:00,21,109.5,1.7
2023-07-27 22:00:00,22,,3.6
2023-07-27 23:00:00,23,,3.4
2023-07-28 00:00:00,0,,3.4
2023-07-28 01:00:00,1,,2.5
2023-07-28 02:00:00,2,,2.5
2023-07-28 03:00:00,3,,0.2
2023-07-28 04:00:00,4,,0.9
2023-07-28 05:00:00,5,,0.7
2023-07-28 06:00:00,6,,1.3
2023-07-28 07:00:00,7,,1.2
2023-07-28 08:00:00,8,,1.5
2023-07-28 09:00:00,9,,1.9
2023-07-28 10:00:00,10,140.9,1.7
2023-07-28 11:00:00,11,797.0,1.9
2023-07-28 12:00:00,12,1623.4,2.4
2023-07-28 13:00:00,13,2365.6,3.2
2023-07-28 14:00:00,14,2766.3,4.4
2023-07-28 15:00:00,15,2350.9,4.0
2023-07-28 16:00:00,16,2605.5,3.3
2023-07-28 17:00:00,17,2788.1,3.6
2023-07-28 18:00:00,18,2274.7,1.6
2023-07-28 19:00:00,19,1399.8,2.4
2023-07-28 20:00:00,20,760.2,2.5
2023-07-28 21:00:00,21,112.2,1.6
2023-07-28 22:00:00,22,,1.4
2023-07-28 23:00:00,23,,1.5
2023-07-29 00:00:00,0,,1.1
2023-07-29 01:00:00,1,,0.1
2023-07-29 02:00:00,2,,0.6
2023-07-29 03:00:00,3,,0.1
2023-07-29 04:00:00,4,,0.6
2023-07-29 05:00:00,5,,1.3
2023-07-29 06:00:00,6,,1.1
2023-07-29 07:00:00,7,,1.1
2023-07-29 08:00:00,8,,1.0
2023-07-29 09:00:00,9,,0.9
2023-07-29 10:00:00,10,154.9,0.3
2023-07-29 11:00:00,11,728.3,0.3
2023-07-29 12:00:00,12,1205.1,0.8
2023-07-29 13:00:00,13,2380.0,1.2
2023-07-29 14:00:00,14,2812.0,1.3
2023-07-29 15:00:00,15,2938.0,1.5
2023-07-29 16:00:00,16,2889.6,1.3
2023-07-29 17:00:00,17,2683.3,1.6
2023-07-29 18:00:00,18,2222.4,1.8
2023-07-29 19:00:00,19,1097.2,0.9
2023-07-29 20:00:00,20,677.5,0.9
2023-07-29 21:00:00,21,108.1,1.0
2023-07-29 22:00:00,22,,0.9
2023-07-29 23:00:00,23,,2.2
2023-07-30 00:00:00,0,,3.3
2023-07-30 01:00:00,1,,2.8
2023-07-30 02:00:00,2,,2.0
2023-07-30 03:00:00,3,,3.2
2023-07-30 04:00:00,4,,2.7
2023-07-30 05:00:00,5,,1.2
2023-07-30 06:00:00,6,,0.7
2023-07-30 07:00:00,7,,0.8
2023-07-30 08:00:00,8,,0.8
2023-07-30 09:00:00,9,,0.9
2023-07-30 10:00:00,10,88.7,0.4
2023-07-30 11:00:00,11,394.7,1.1
2023-07-30 12:00:00,12,1207.9,2.4
2023-07-30 13:00:00,13,2297.0,3.4
2023-07-30 14:00:00,14,2783.8,3.2
2023-07-30 15:00:00,15,2943.5,3.2
2023-07-30 16:00:00,16,2905.7,2.7
2023-07-30 17:00:00,17,2688.8,1.2
2023-07-30 18:00:00,18,2471.9,2.4
2023-07-30 19:00:00,19,1039.0,2.0
2023-07-30 20:00:00,20,745.1,3.2
2023-07-30 21:00:00,21,98.7,2.3
2023-07-30 22:00:00,22,,3.4
2023-07-30 23:00:00,23,,2.4
2023-07-31 00:00:00,0,,3.0
2023-07-31 01:00:00,1,,2.2
2023-07-31 02:00:00,2,,1.4
2023-07-31 03:00:00,3,,0.7
2023-07-31 04:00:00,4,,0.5
2023-07-31 05:00:00,5,,1.1
2023-07-31 06:00:00,6,,1.0
2023-07-31 07:00:00,7,,1.2
2023-07-31 08:00:00,8,,0.7
2023-07-31 09:00:00,9,,1.2
2023-07-31 10:00:00,10,146.0,1.1
2023-07-31 11:00:00,11,787.2,1.9
2023-07-31 12:00:00,12,1604.9,2.3
2023-07-31 13:00:00,13,2363.0,2.2
2023-07-31 14:00:00,14,2823.0,2.6
2023-07-31 15:00:00,15,3024.6,2.3
2023-07-31 16:00:00,16,2726.0,2.7
2023-07-31 17:00:00,17,2575.1,2.5
2023-07-31 18:00:00,18,2161.6,3.9
2023-07-31 19:00:00,19,1587.3,3.8
2023-07-31 20:00:00,20,640.6,4.1
2023-07-31 21:00:00,21,93.6,3.8
2023-07-31 22:00:00,22,,2.5
2023-07-31 23:00:00,23,,1.9
2023-08-01 00:00:00,0,,2.4
2023-08-01 01:00:00,1,,2.4
2023-08-01 02:00:00,2,,1.7
2023-08-01 03:00:00,3,,1.4
2023-08-01 04:00:00,4,,0.8
2023-08-01 05:00:00,5,,0.2
2023-08-01 06:00:00,6,,0.1
2023-08-01 07:00:00,7,,1.0
2023-08-01 08:00:00,8,,1.1
2023-08-01 09:00:00,9,,0.4
2023-08-01 10:00:00,10,148.6,0.7
2023-08-01 11:00:00,11,816.8,0.4
2023-08-01 12:00:00,12,1639.1,0.9
2023-08-01 13:00:00,13,2394.0,1.6
2023-08-01 14:00:00,14,2840.3,1.4
2023-08-01 15:00:00,15,2977.6,3.2
2023-08-01 16:00:00,16,2992.2,3.2
2023-08-01 17:00:00,17,2853.1,3.2
2023-08-01 18:00:00,18,2265.7,2.6
2023-08-01 19:00:00,19,1500.3,2.8
2023-08-01 20:00:00,20,721.2,3.0
2023-08-01 21:00:00,21,126.3,3.0
2023-08-01 22:00:00,22,,3.8
2023-08-01 23:00:00,23,,2.4
2023-08-02 00:00:00,0,,1.6
2023-08-02 01:00:00,1,,0.8
2023-08-02 02:00:00,2,,0.6
2023-08-02 03:00:00,3,,0.2
2023-08-02 04:00:00,4,,0.1
2023-08-02 05:00:00,5,,0.6
2023-08-02 06:00:00,6,,0.3
2023-08-02 07:00:00,7,,0.2
2023-08-02 08:00:00,8,,0.5
2023-08-02 09:00:00,9,,0.8
2023-08-02 10:00:00,10,152.1,0.8
2023-08-02 11:00:00,11,823.4,0.4
2023-08-02 12:00:00,12,1652.4,0.8
2023-08-02 13:00:00,13,2411.8,3.1
2023-08-02 14:00:00,14,2872.7,4.6
2023-08-02 15:00:00,15,3013.3,2.7
2023-08-02 16:00:00,16,2947.1,3.6
2023-08-02 17:00:00,17,2713.8,3.9
2023-08-02 18:00:00,18,2224.3,3.6
2023-08-02 19:00:00,19,1288.6,3.1
2023-08-02 20:00:00,20,778.7,2.5
2023-08-02 21:00:00,21,138.8,4.0
2023-08-02 22:00:00,22,,3.5
2023-08-02 23:00:00,23,,1.9
2023-08-03 00:00:00,0,,1.1
2023-08-03 01:00:00,1,,0.7
2023-08-03 02:00:00,2,,0.8
2023-08-03 03:00:00,3,,1.5
2023-08-03 04:00:00,4,,2.6
2023-08-03 05:00:00,5,,1.4
2023-08-03 06:00:00,6,,0.8
2023-08-03 07:00:00,7,,0.6
2023-08-03 08:00:00,8,,1.0
2023-08-03 09:00:00,9,,0.4
2023-08-03 10:00:00,10,155.2,0.8
2023-08-03 11:00:00,11,782.5,0.7
2023-08-03 12:00:00,12,1650.6,0.8
2023-08-03 13:00:00,13,2327.7,1.1
2023-08-03 14:00:00,14,2855.8,3.3
2023-08-03 15:00:00,15,3034.4,2.3
2023-08-03 16:00:00,16,2963.4,1.3
2023-08-03 17:00:00,17,2269.6,1.7
2023-08-03 18:00:00,18,1118.7,1.1
2023-08-03 19:00:00,19,616.7,2.0
2023-08-03 20:00:00,20,455.1,2.8
2023-08-03 21:00:00,21,81.7,2.1
2023-08-03 22:00:00,22,,1.9
2023-08-03 23:00:00,23,,1.8
2023-08-04 00:00:00,0,,2.6
2023-08-04 01:00:00,1,,2.8
2023-08-04 02:00:00,2,,2.4
2023-08-04 03:00:00,3,,1.9
2023-08-04 04:00:00,4,,1.4
2023-08-04 05:00:00,5,,1.0
2023-08-04 06:00:00,6,,1.0
2023-08-04 07:00:00,7,,0.5
2023-08-04 08:00:00,8,,1.1
2023-08-04 09:00:00,9,,0.7
2023-08-04 10:00:00,10,161.1,1.4
2023-08-04 11:00:00,11,828.4,1.9
2023-08-04 12:00:00,12,1675.0,1.4
2023-08-04 13:00:00,13,2422.5,1.0
2023-08-04 14:00:00,14,2878.4,1.4
2023-08-04 15:00:00,15,3049.6,1.6
2023-08-04 16:00:00,16,3077.1,1.5
2023-08-04 17:00:00,17,2784.5,0.9
2023-08-04 18:00:00,18,2332.9,1.4
2023-08-04 19:00:00,19,1599.1,0.8
2023-08-04 20:00:00,20,892.8,2.0
2023-08-04 21:00:00,21,134.5,2.2
2023-08-04 22:00:00,22,,1.8
2023-08-04 23:00:00,23,,1.4
2023-08-05 00:00:00,0,,2.4
2023-08-05 01:00:00,1,,3.2
2023-08-05 02:00:00,2,,3.0
2023-08-05 03:00:00,3,,3.0
2023-08-05 04:00:00,4,,2.8
2023-08-05 05:00:00,5,,2.7
2023-08-05 06:00:00,6,,2.0
2023-08-05 07:00:00,7,,1.2
2023-08-05 08:00:00,8,,1.5
2023-08-05 09:00:00,9,,1.7
2023-08-05 10:00:00,10,166.8,2.4
2023-08-05 11:00:00,11,835.8,2.7
2023-08-05 12:00:00,12,1691.6,2.1
2023-08-05 13:00:00,13,2446.2,2.4
2023-08-05 14:00:00,14,2905.9,2.1
2023-08-05 15:00:00,15,3046.7,1.7
2023-08-05 16:00:00,16,3001.3,1.4
2023-08-05 17:00:00,17,2874.3,1.9
2023-08-05 18:00:00,18,2437.5,1.4
2023-08-05 19:00:00,19,1653.7,1.0
2023-08-05 20:00:00,20,546.7,1.7
2023-08-05 21:00:00,21,110.7,1.9
2023-08-05 22:00:00,22,,2.5
2023-08-05 23:00:00,23,,1.6
2023-08-06 00:00:00,0,,1.9
2023-08-06 01:00:00,1,,1.0
2023-08-06 02:00:00,2,,1.1
2023-08-06 03:00:00,3,,0.8
2023-08-06 04:00:00,4,,0.5
2023-08-06 05:00:00,5,,0.3
2023-08-06 06:00:00,6,,0.0
2023-08-06 07:00:00,7,,0.8
2023-08-06 08:00:00,8,,0.6
2023-08-06 09:00:00,9,,0.5
2023-08-06 10:00:00,10,178.0,0.2
2023-08-06 11:00:00,11,852.8,1.6
2023-08-06 12:00:00,12,1717.3,2.0
2023-08-06 13:00:00,13,2480.9,2.2
2023-08-06 14:00:00,14,2943.4,2.5
2023-08-06 15:00:00,15,3085.0,2.2
2023-08-06 16:00:00,16,3041.2,1.2
2023-08-06 17:00:00,17,2851.0,1.4
2023-08-06 18:00:00,18,2342.1,1.1
2023-08-06 19:00:00,19,1624.7,1.1
2023-08-06 20:00:00,20,794.9,2.6
2023-08-06 21:00:00,21,123.2,1.2
2023-08-06 22:00:00,22,,2.2
2023-08-06 23:00:00,23,,1.5
2023-08-07 00:00:00,0,,1.2
2023-08-07 01:00:00,1,,2.4
2023-08-07 02:00:00,2,,2.0
2023-08-07 03:00:00,3,,2.5
2023-08-07 04:00:00,4,,3.0
2023-08-07 05:00:00,5,,1.6
2023-08-07 06:00:00,6,,0.3
2023-08-07 07:00:00,7,,0.4
2023-08-07 08:00:00,8,,0.1
2023-08-07 09:00:00,9,,0.4
2023-08-07 10:00:00,10,183.0,0.7
2023-08-07 11:00:00,11,849.6,1.0
2023-08-07 12:00:00,12,1705.1,0.6
2023-08-07 13:00:00,13,2456.0,0.8
2023-08-07 14:00:00,14,2919.0,0.8
2023-08-07 15:00:00,15,3065.4,1.7
2023-08-07 16:00:00,16,3024.9,2.2
2023-08-07 17:00:00,17,2815.4,1.0
2023-08-07 18:00:00,18,2316.4,1.7
2023-08-07 19:00:00,19,1608.2,2.6
2023-08-07 20:00:00,20,786.4,1.7
2023-08-07 21:00:00,21,123.0,1.5
2023-08-07 22:00:00,22,,1.3
2023-08-07 23:00:00,23,,0.4
2023-08-08 00:00:00,0,,1.6
2023-08-08 01:00:00,1,,2.1
2023-08-08 02:00:00,2,,2.0
2023-08-08 03:00:00,3,,2.0
2023-08-08 04:00:00,4,,1.7
2023-08-08 05:00:00,5,,0.7
2023-08-08 06:00:00,6,,0.6
2023-08-08 07:00:00,7,,1.1
2023-08-08 08:00:00,8,,1.1
2023-08-08 09:00:00,9,,1.1
2023-08-08 10:00:00,10,187.7,0.4
2023-08-08 11:00:00,11,847.2,0.6
2023-08-08 12:00:00,12,1702.9,1.3
2023-08-08 13:00:00,13,2449.0,0.9
2023-08-08 14:00:00,14,2907.2,1.8
2023-08-08 15:00:00,15,3047.1,2.5
2023-08-08 16:00:00,16,3015.9,1.9
2023-08-08 17:00:00,17,2821.7,2.0
2023-08-08 18:00:00,18,2320.3,1.5
2023-08-08 19:00:00,19,1602.2,1.9
2023-08-08 20:00:00,20,777.0,2.5
2023-08-08 21:00:00,21,122.3,1.9
2023-08-08 22:00:00,22,,1.3
2023-08-08 23:00:00,23,,2.0
2023-08-09 00:00:00,0,,2.4
2023-08-09 01:00:00,1,,1.8
2023-08-09 02:00:00,2,,2.0
2023-08-09 03:00:00,3,,2.1
2023-08-09 04:00:00,4,,2.1
2023-08-09 05:00:00,5,,1.7
2023-08-09 06:00:00,6,,0.6
2023-08-09 07:00:00,7,,0.8
2023-08-09 08:00:00,8,,1.2
2023-08-09 09:00:00,9,,1.6
2023-08-09 10:00:00,10,203.6,1.2
2023-08-09 11:00:00,11,870.4,1.6
2023-08-09 12:00:00,12,1747.0,3.1
2023-08-09 13:00:00,13,2517.1,3.3
2023-08-09 14:00:00,14,2980.3,3.4
2023-08-09 15:00:00,15,3126.8,3.3
2023-08-09 16:00:00,16,3080.8,3.2
2023-08-09 17:00:00,17,2890.2,3.6
2023-08-09 18:00:00,18,2381.3,2.6
2023-08-09 19:00:00,19,1658.8,3.5
2023-08-09 20:00:00,20,816.4,3.9
2023-08-09 21:00:00,21,129.4,3.8
2023-08-09 22:00:00,22,,3.8
2023-08-09 23:00:00,23,,3.9
2023-08-10 00:00:00,0,,3.9
2023-08-10 01:00:00,1,,4.4
2023-08-10 02:00:00,2,,3.0
2023-08-10 03:00:00,3,,1.8
2023-08-10 04:00:00,4,,1.5
2023-08-10 05:00:00,5,,2.0
2023-08-10 06:00:00,6,,2.0
2023-08-10 07:00:00,7,,0.8
2023-08-10 08:00:00,8,,0.6
2023-08-10 09:00:00,9,,1.0
2023-08-10 10:00:00,10,212.7,1.6
2023-08-10 11:00:00,11,884.5,1.7
2023-08-10 12:00:00,12,1761.3,2.3
2023-08-10 13:00:00,13,2521.9,2.1
2023-08-10 14:00:00,14,2985.0,2.3
2023-08-10 15:00:00,15,3128.1,1.5
2023-08-10 16:00:00,16,3084.9,1.7
2023-08-10 17:00:00,17,2891.8,1.1
2023-08-10 18:00:00,18,2381.5,1.8
2023-08-10 19:00:00,19,1652.5,1.8
2023-08-10 20:00:00,20,813.6,1.3
2023-08-10 21:00:00,21,130.5,2.5
2023-08-10 22:00:00,22,,1.9
2023-08-10 23:00:00,23,,2.2
2023-08-11 00:00:00,0,,1.9
2023-08-11 01:00:00,1,,1.9
2023-08-11 02:00:00,2,,1.6
2023-08-11 03:00:00,3,,1.3
2023-08-11 04:00:00,4,,1.1
2023-08-11 05:00:00,5,,0.2
2023-08-11 06:00:00,6,,0.5
2023-08-11 07:00:00,7,,1.2
2023-08-11 08:00:00,8,,1.3
2023-08-11 09:00:00,9,,1.2
2023-08-11 10:00:00,10,215.2,0.6
2023-08-11 11:00:00,11,883.1,1.4
2023-08-11 12:00:00,12,1763.1,1.6
2023-08-11 13:00:00,13,2535.0,0.7
2023-08-11 14:00:00,14,3002.7,1.4
2023-08-11 15:00:00,15,3155.2,1.3
2023-08-11 16:00:00,16,3107.3,0.9
2023-08-11 17:00:00,17,2901.3,1.8
2023-08-11 18:00:00,18,2391.8,2.7
2023-08-11 19:00:00,19,1660.2,1.1
2023-08-11 20:00:00,20,815.1,1.7
2023-08-11 21:00:00,21,127.6,1.1
2023-08-11 22:00:00,22,,0.1
2023-08-11 23:00:00,23,,0.8
2023-08-12 00:00:00,0,,1.8
2023-08-12 01:00:00,1,,1.9
2023-08-12 02:00:00,2,,1.1
2023-08-12 03:00:00,3,,1.1
2023-08-12 04:00:00,4,,0.8
2023-08-12 05:00:00,5,,0.6
2023-08-12 06:00:00,6,,0.1
2023-08-12 07:00:00,7,,0.7
2023-08-12 08:00:00,8,,0.8
2023-08-12 09:00:00,9,,1.0
2023-08-12 10:00:00,10,217.3,1.1
2023-08-12 11:00:00,11,895.7,1.5
2023-08-12 12:00:00,12,1781.5,1.2
2023-08-12 13:00:00,13,2549.3,2.7
2023-08-12 14:00:00,14,2998.0,1.1
2023-08-12 15:00:00,15,3140.8,1.4
2023-08-12 16:00:00,16,3099.7,3.2
2023-08-12 17:00:00,17,2895.1,3.0
2023-08-12 18:00:00,18,2372.8,2.5
2023-08-12 19:00:00,19,1659.5,3.1
2023-08-12 20:00:00,20,824.9,3.2
2023-08-12 21:00:00,21,133.5,2.6
2023-08-12 22:00:00,22,,3.3
2023-08-12 23:00:00,23,,3.8
2023-08-13 00:00:00,0,,3.6
2023-08-13 01:00:00,1,,3.4
2023-08-13 02:00:00,2,,2.4
2023-08-13 03:00:00,3,,1.5
2023-08-13 04:00:00,4,,1.7
2023-08-13 05:00:00,5,,1.0
2023-08-13 06:00:00,6,,0.9
2023-08-13 07:00:00,7,,0.1
2023-08-13 08:00:00,8,,0.5
2023-08-13 09:00:00,9,,1.5
2023-08-13 10:00:00,10,236.7,2.3
2023-08-13 11:00:00,11,924.5,2.6
2023-08-13 12:00:00,12,1815.6,3.2
2023-08-13 13:00:00,13,2575.3,2.6
2023-08-13 14:00:00,14,3035.6,3.3
2023-08-13 15:00:00,15,3282.3,4.0
2023-08-13 16:00:00,16,3235.3,3.5
2023-08-13 17:00:00,17,2914.1,3.6
2023-08-13 18:00:00,18,2392.3,3.1
2023-08-13 19:00:00,19,1648.5,1.8
2023-08-13 20:00:00,20,878.8,2.1
2023-08-13 21:00:00,21,139.5,3.1
2023-08-13 22:00:00,22,,3.3
2023-08-13 23:00:00,23,,2.9
2023-08-14 00:00:00,0,,1.3
2023-08-14 01:00:00,1,,2.7
2023-08-14 02:00:00,2,,1.4
2023-08-14 03:00:00,3,,0.9
2023-08-14 04:00:00,4,,0.3
2023-08-14 05:00:00,5,,0.6
2023-08-14 06:00:00,6,,0.8
2023-08-14 07:00:00,7,,0.4
2023-08-14 08:00:00,8,,0.5
2023-08-14 09:00:00,9,,0.4
2023-08-14 10:00:00,10,239.5,0.6
2023-08-14 11:00:00,11,906.6,0.6
2023-08-14 12:00:00,12,1796.9,0.7
2023-08-14 13:00:00,13,2564.3,2.2
2023-08-14 14:00:00,14,2948.8,3.7
2023-08-14 15:00:00,15,3193.6,3.6
2023-08-14 16:00:00,16,2560.4,2.6
2023-08-14 17:00:00,17,2486.9,4.3
2023-08-14 18:00:00,18,1749.1,4.0
2023-08-14 19:00:00,19,1379.3,4.4
2023-08-14 20:00:00,20,959.2,4.1
2023-08-14 21:00:00,21,144.6,3.5
2023-08-14 22:00:00,22,,4.0
2023-08-14 23:00:00,23,,2.6
2023-08-15 00:00:00,0,,1.9
2023-08-15 01:00:00,1,,1.4
2023-08-15 02:00:00,2,,2.2
2023-08-15 03:00:00,3,,2.4
2023-08-15 04:00:00,4,,4.1
2023-08-15 05:00:00,5,,2.5
2023-08-15 06:00:00,6,,1.9
2023-08-15 07:00:00,7,,1.1
2023-08-15 08:00:00,8,,1.2
2023-08-15 09:00:00,9,,0.8
2023-08-15 10:00:00,10,251.3,0.3
2023-08-15 11:00:00,11,934.6,1.6
2023-08-15 12:00:00,12,1829.9,1.5
2023-08-15 13:00:00,13,2377.2,2.8
2023-08-15 14:00:00,14,2110.0,4.0
2023-08-15 15:00:00,15,2483.7,5.4
2023-08-15 16:00:00,16,2266.6,5.2
2023-08-15 17:00:00,17,2413.0,3.7
2023-08-15 18:00:00,18,1722.5,4.3
2023-08-15 19:00:00,19,1331.0,4.3
2023-08-15 20:00:00,20,644.1,2.6
2023-08-15 21:00:00,21,111.1,3.4
2023-08-15 22:00:00,22,,3.7
2023-08-15 23:00:00,23,,3.2
2023-08-16 00:00:00,0,,2.2
2023-08-16 01:00:00,1,,1.8
2023-08-16 02:00:00,2,,5.8
2023-08-16 03:00:00,3,,3.6
2023-08-16 04:00:00,4,,3.4
2023-08-16 05:00:00,5,,1.1
2023-08-16 06:00:00,6,,0.8
2023-08-16 07:00:00,7,,0.0
2023-08-16 08:00:00,8,,0.0
2023-08-16 09:00:00,9,,2.0
2023-08-16 10:00:00,10,251.9,0.7
2023-08-16 11:00:00,11,914.5,2.9
2023-08-16 12:00:00,12,1327.4,3.2
2023-08-16 13:00:00,13,2522.0,3.8
2023-08-16 14:00:00,14,3082.4,4.2
2023-08-16 15:00:00,15,3066.2,3.5
2023-08-16 16:00:00,16,3155.8,3.1
2023-08-16 17:00:00,17,2567.2,4.8
2023-08-16 18:00:00,18,2160.1,3.8
2023-08-16 19:00:00,19,1474.2,3.0
2023-08-16 20:00:00,20,728.8,3.5
2023-08-16 21:00:00,21,138.6,1.6
2023-08-16 22:00:00,22,,3.0
2023-08-16 23:00:00,23,,2.9
2023-08-17 00:00:00,0,,3.2
2023-08-17 01:00:00,1,,2.8
2023-08-17 02:00:00,2,,2.9
2023-08-17 03:00:00,3,,1.6
2023-08-17 04:00:00,4,,2.6
2023-08-17 05:00:00,5,,2.7
2023-08-17 06:00:00,6,,2.1
2023-08-17 07:00:00,7,,1.0
2023-08-17 08:00:00,8,,1.6
2023-08-17 09:00:00,9,,0.7
2023-08-17 10:00:00,10,174.7,1.3
2023-08-17 11:00:00,11,888.6,2.2
2023-08-17 12:00:00,12,1914.3,2.8
2023-08-17 13:00:00,13,2556.6,3.5
2023-08-17 14:00:00,14,2953.1,3.1
2023-08-17 15:00:00,15,3221.5,3.4
2023-08-17 16:00:00,16,3094.2,3.3
2023-08-17 17:00:00,17,2975.0,3.0
2023-08-17 18:00:00,18,2466.3,2.8
2023-08-17 19:00:00,19,1739.4,3.4
2023-08-17 20:00:00,20,712.0,3.0
2023-08-17 21:00:00,21,75.1,2.4
2023-08-17 22:00:00,22,,1.8
2023-08-17 23:00:00,23,,2.0
2023-08-18 00:00:00,0,,1.6
2023-08-18 01:00:00,1,,1.6
2023-08-18 02:00:00,2,,1.8
2023-08-18 03:00:00,3,,1.3
2023-08-18 04:00:00,4,,0.5
2023-08-18 05:00:00,5,,0.6
2023-08-18 06:00:00,6,,1.5
2023-08-18 07:00:00,7,,1.2
2023-08-18 08:00:00,8,,0.6
2023-08-18 09:00:00,9,,1.8
2023-08-18 10:00:00,10,256.7,1.2
2023-08-18 11:00:00,11,930.3,0.7
2023-08-18 12:00:00,12,1821.0,1.5
2023-08-18 13:00:00,13,2577.7,4.5
2023-08-18 14:00:00,14,3048.0,3.5
2023-08-18 15:00:00,15,3190.3,4.0
2023-08-18 16:00:00,16,3173.4,2.4
2023-08-18 17:00:00,17,2778.2,3.2
2023-08-18 18:00:00,18,2282.3,2.9
2023-08-18 19:00:00,19,1809.5,3.2
2023-08-18 20:00:00,20,877.5,2.6
2023-08-18 21:00:00,21,165.0,1.9
2023-08-18 22:00:00,22,,1.3
2023-08-18 23:00:00,23,,2.3
2023-08-19 00:00:00,0,,4.9
2023-08-19 01:00:00,1,,3.3
2023-08-19 02:00:00,2,,3.2
2023-08-19 03:00:00,3,,2.2
2023-08-19 04:00:00,4,,3.1
2023-08-19 05:00:00,5,,3.0
2023-08-19 06:00:00,6,,1.4
2023-08-19 07:00:00,7,,2.2
2023-08-19 08:00:00,8,,2.3
2023-08-19 09:00:00,9,,2.0
2023-08-19 10:00:00,10,262.2,2.5
2023-08-19 11:00:00,11,944.6,2.9
2023-08-19 12:00:00,12,1830.3,2.8
2023-08-19 13:00:00,13,2439.0,3.9
2023-08-19 14:00:00,14,3028.4,2.5
2023-08-19 15:00:00,15,3178.4,3.0
2023-08-19 16:00:00,16,3138.8,3.0
2023-08-19 17:00:00,17,2996.1,1.7
2023-08-19 18:00:00,18,2465.5,1.7
2023-08-19 19:00:00,19,1732.0,1.7
2023-08-19 20:00:00,20,844.6,0.9
2023-08-19 21:00:00,21,129.3,0.6
2023-08-19 22:00:00,22,,0.7
2023-08-19 23:00:00,23,,1.0
2023-08-20 00:00:00,0,,1.0
2023-08-20 01:00:00,1,,0.7
2023-08-20 02:00:00,2,,1.5
2023-08-20 03:00:00,3,,1.2
2023-08-20 04:00:00,4,,0.6
2023-08-20 05:00:00,5,,1.0
2023-08-20 06:00:00,6,,1.1
2023-08-20 07:00:00,7,,1.0
2023-08-20 08:00:00,8,,0.5
2023-08-20 09:00:00,9,,1.8
2023-08-20 10:00:00,10,152.0,1.6
2023-08-20 11:00:00,11,932.6,1.6
2023-08-20 12:00:00,12,1701.5,2.6
2023-08-20 13:00:00,13,2379.2,3.2
2023-08-20 14:00:00,14,2980.6,3.3
2023-08-20 15:00:00,15,3186.5,3.1
2023-08-20 16:00:00,16,3122.1,2.9
2023-08-20 17:00:00,17,2912.6,3.0
2023-08-20 18:00:00,18,2376.5,2.6
2023-08-20 19:00:00,19,1655.2,2.3
2023-08-20 20:00:00,20,811.1,1.7
2023-08-20 21:00:00,21,122.6,1.2
2023-08-20 22:00:00,22,,1.2
2023-08-20 23:00:00,23,,1.2
2023-08-21 00:00:00,0,,2.7
2023-08-21 01:00:00,1,,2.3
2023-08-21 02:00:00,2,,1.9
2023-08-21 03:00:00,3,,1.3
2023-08-21 04:00:00,4,,0.7
2023-08-21 05:00:00,5,,0.9
2023-08-21 06:00:00,6,,1.2
2023-08-21 07:00:00,7,,1.2
2023-08-21 08:00:00,8,,1.2
2023-08-21 09:00:00,9,,1.8
2023-08-21 10:00:00,10,263.0,1.6
2023-08-21 11:00:00,11,945.0,1.8
2023-08-21 12:00:00,12,1843.5,2.9
2023-08-21 13:00:00,13,2595.2,3.3
2023-08-21 14:00:00,14,3040.2,3.4
2023-08-21 15:00:00,15,3195.0,3.6
2023-08-21 16:00:00,16,3124.3,1.2
2023-08-21 17:00:00,17,2889.5,1.4
2023-08-21 18:00:00,18,2362.3,1.9
2023-08-21 19:00:00,19,1630.1,0.7
2023-08-21 20:00:00,20,788.7,0.3
2023-08-21 21:00:00,21,84.6,0.6
2023-08-21 22:00:00,22,,0.1
2023-08-21 23:00:00,23,,0.7
2023-08-22 00:00:00,0,,2.6
2023-08-22 01:00:00,1,,3.6
2023-08-22 02:00:00,2,,3.6
2023-08-22 03:00:00,3,,2.3
2023-08-22 04:00:00,4,,0.3
2023-08-22 05:00:00,5,,0.0
2023-08-22 06:00:00,6,,0.5
2023-08-22 07:00:00,7,,0.6
2023-08-22 08:00:00,8,,0.6
2023-08-22 09:00:00,9,,0.6
2023-08-22 10:00:00,10,255.4,0.7
2023-08-22 11:00:00,11,944.9,2.8
2023-08-22 12:00:00,12,1836.7,2.2
2023-08-22 13:00:00,13,2567.4,1.9
2023-08-22 14:00:00,14,2983.2,2.0
2023-08-22 15:00:00,15,3158.3,2.3
2023-08-22 16:00:00,16,3120.1,3.1
2023-08-22 17:00:00,17,2981.1,2.7
2023-08-22 18:00:00,18,2217.4,3.4
2023-08-22 19:00:00,19,1584.9,3.9
2023-08-22 20:00:00,20,330.5,2.8
2023-08-22 21:00:00,21,105.4,4.6
2023-08-22 22:00:00,22,,5.3
2023-08-22 23:00:00,23,,2.1
2023-08-23 00:00:00,0,,3.2
2023-08-23 01:00:00,1,,3.9
2023-08-23 02:00:00,2,,3.4
2023-08-23 03:00:00,3,,2.3
2023-08-23 04:00:00,4,,3.1
2023-08-23 05:00:00,5,,2.5
2023-08-23 06:00:00,6,,2.2
2023-08-23 07:00:00,7,,2.5
2023-08-23 08:00:00,8,,2.5
2023-08-23 09:00:00,9,,1.1
2023-08-23 10:00:00,10,208.8,1.4
2023-08-23 11:00:00,11,1085.9,2.6
2023-08-23 12:00:00,12,2020.0,3.5
2023-08-23 13:00:00,13,2496.2,3.5
2023-08-23 14:00:00,14,3105.2,4.0
2023-08-23 15:00:00,15,3263.6,3.7
2023-08-23 16:00:00,16,3197.8,3.3
2023-08-23 17:00:00,17,2984.6,3.6
2023-08-23 18:00:00,18,2472.6,2.6
2023-08-23 19:00:00,19,1749.9,3.2
2023-08-23 20:00:00,20,811.7,3.6
2023-08-23 21:00:00,21,108.6,2.5
2023-08-23 22:00:00,22,,2.1
2023-08-23 23:00:00,23,,2.5
2023-08-24 00:00:00,0,,3.2
2023-08-24 01:00:00,1,,2.8
2023-08-24 02:00:00,2,,2.0
2023-08-24 03:00:00,3,,1.5
2023-08-24 04:00:00,4,,1.0
2023-08-24 05:00:00,5,,0.6
2023-08-24 06:00:00,6,,1.0
2023-08-24 07:00:00,7,,1.1
2023-08-24 08:00:00,8,,1.1
2023-08-24 09:00:00,9,,0.8
2023-08-24 10:00:00,10,308.4,1.2
2023-08-24 11:00:00,11,870.0,0.5
2023-08-24 12:00:00,12,1876.7,0.7
2023-08-24 13:00:00,13,2596.6,2.6
2023-08-24 14:00:00,14,3103.1,3.5
2023-08-24 15:00:00,15,3271.6,3.4
2023-08-24 16:00:00,16,3195.1,2.9
2023-08-24 17:00:00,17,2979.8,2.9
2023-08-24 18:00:00,18,2429.5,2.7
2023-08-24 19:00:00,19,1663.8,2.2
2023-08-24 20:00:00,20,799.4,2.4
2023-08-24 21:00:00,21,87.1,1.4
2023-08-24 22:00:00,22,,0.6
2023-08-24 23:00:00,23,,0.9
2023-08-25 00:00:00,0,,1.5
2023-08-25 01:00:00,1,,3.2
2023-08-25 02:00:00,2,,2.3
2023-08-25 03:00:00,3,,2.1
2023-08-25 04:00:00,4,,1.5
2023-08-25 05:00:00,5,,0.2
2023-08-25 06:00:00,6,,0.5
2023-08-25 07:00:00,7,,1.4
2023-08-25 08:00:00,8,,0.3
2023-08-25 09:00:00,9,0.2,1.2
2023-08-25 10:00:00,10,100.9,1.1
2023-08-25 11:00:00,11,572.2,2.4
2023-08-25 12:00:00,12,2010.9,4.0
2023-08-25 13:00:00,13,2218.1,3.0
2023-08-25 14:00:00,14,2508.4,2.6
2023-08-25 15:00:00,15,3028.7,3.4
2023-08-25 16:00:00,16,3176.2,2.9
2023-08-25 17:00:00,17,2900.9,1.9
2023-08-25 18:00:00,18,2383.8,2.7
2023-08-25 19:00:00,19,1638.2,0.7
2023-08-25 20:00:00,20,657.2,1.8
2023-08-25 21:00:00,21,69.6,1.0
2023-08-25 22:00:00,22,,0.9
2023-08-25 23:00:00,23,,0.7
2023-08-26 00:00:00,0,,0.2
2023-08-26 01:00:00,1,,1.5
2023-08-26 02:00:00,2,,1.6
2023-08-26 03:00:00,3,,1.3
2023-08-26 04:00:00,4,,1.1
2023-08-26 05:00:00,5,,1.2
2023-08-26 06:00:00,6,,1.3
2023-08-26 07:00:00,7,,1.3
2023-08-26 08:00:00,8,,2.2
2023-08-26 09:00:00,9,,2.9
2023-08-26 10:00:00,10,140.5,2.4
2023-08-26 11:00:00,11,1086.6,2.9
2023-08-26 12:00:00,12,1910.9,2.7
2023-08-26 13:00:00,13,2617.1,2.6
2023-08-26 14:00:00,14,3090.8,3.4
2023-08-26 15:00:00,15,3262.9,2.6
2023-08-26 16:00:00,16,3193.3,3.4
2023-08-26 17:00:00,17,2985.6,2.5
2023-08-26 18:00:00,18,2435.6,2.6
2023-08-26 19:00:00,19,1653.8,2.3
2023-08-26 20:00:00,20,624.2,1.6
2023-08-26 21:00:00,21,89.3,1.0
2023-08-26 22:00:00,22,,0.5
2023-08-26 23:00:00,23,,1.4
2023-08-27 00:00:00,0,,1.3
2023-08-27 01:00:00,1,,2.0
2023-08-27 02:00:00,2,,1.9
2023-08-27 03:00:00,3,,0.1
2023-08-27 04:00:00,4,,1.5
2023-08-27 05:00:00,5,,0.6
2023-08-27 06:00:00,6,,1.2
2023-08-27 07:00:00,7,,0.3
2023-08-27 08:00:00,8,,0.2
2023-08-27 09:00:00,9,,1.2
2023-08-27 10:00:00,10,265.2,0.2
2023-08-27 11:00:00,11,1023.8,0.3
2023-08-27 12:00:00,12,1863.0,1.1
2023-08-27 13:00:00,13,2554.0,0.8
2023-08-27 14:00:00,14,3052.5,1.1
2023-08-27 15:00:00,15,3313.9,2.7
2023-08-27 16:00:00,16,3253.6,2.2
2023-08-27 17:00:00,17,2927.7,1.3
2023-08-27 18:00:00,18,2412.8,2.0
2023-08-27 19:00:00,19,1476.5,2.3
2023-08-27 20:00:00,20,665.7,1.4
2023-08-27 21:00:00,21,38.3,4.2
2023-08-27 22:00:00,22,,4.6
2023-08-27 23:00:00,23,,2.6
2023-08-28 00:00:00,0,,0.5
2023-08-28 01:00:00,1,,1.7
2023-08-28 02:00:00,2,,1.4
2023-08-28 03:00:00,3,,1.2
2023-08-28 04:00:00,4,,0.2
2023-08-28 05:00:00,5,,1.0
2023-08-28 06:00:00,6,,0.8
2023-08-28 07:00:00,7,,1.0
2023-08-28 08:00:00,8,,1.3
2023-08-28 09:00:00,9,,1.0
2023-08-28 10:00:00,10,260.8,1.0
2023-08-28 11:00:00,11,823.6,2.1
2023-08-28 12:00:00,12,1859.8,2.7
2023-08-28 13:00:00,13,2367.4,4.2
2023-08-28 14:00:00,14,2754.2,2.9
2023-08-28 15:00:00,15,3228.4,2.7
2023-08-28 16:00:00,16,3212.6,2.6
2023-08-28 17:00:00,17,2940.6,2.9
2023-08-28 18:00:00,18,1994.6,2.5
2023-08-28 19:00:00,19,751.9,2.1
2023-08-28 20:00:00,20,493.8,1.1
2023-08-28 21:00:00,21,79.5,0.4
2023-08-28 22:00:00,22,,1.2
2023-08-28 23:00:00,23,,1.8
2023-08-29 00:00:00,0,,0.9
2023-08-29 01:00:00,1,1.5,2.8
2023-08-29 02:00:00,2,,1.1
2023-08-29 03:00:00,3,6.4,1.5
2023-08-29 04:00:00,4,0.2,1.0
2023-08-29 05:00:00,5,,0.9
2023-08-29 06:00:00,6,,0.7
2023-08-29 07:00:00,7,,0.2
2023-08-29 08:00:00,8,,0.6
2023-08-29 09:00:00,9,2.7,0.8
2023-08-29 10:00:00,10,278.9,1.2
2023-08-29 11:00:00,11,924.1,1.1
2023-08-29 12:00:00,12,1793.0,1.1
2023-08-29 13:00:00,13,2611.7,1.2
2023-08-29 14:00:00,14,2279.1,1.8
2023-08-29 15:00:00,15,2249.3,1.6
2023-08-29 16:00:00,16,2284.4,1.7
2023-08-29 17:00:00,17,2335.2,1.4
2023-08-29 18:00:00,18,2059.2,2.3
2023-08-29 19:00:00,19,1066.4,1.9
2023-08-29 20:00:00,20,328.3,2.0
2023-08-29 21:00:00,21,62.8,1.5
2023-08-29 22:00:00,22,,2.5
2023-08-29 23:00:00,23,,1.4
2023-08-30 00:00:00,0,,2.0
2023-08-30 01:00:00,1,,1.4
2023-08-30 02:00:00,2,,1.3
2023-08-30 03:00:00,3,,0.3
2023-08-30 04:00:00,4,,1.1
2023-08-30 05:00:00,5,,1.4
2023-08-30 06:00:00,6,,0.8
2023-08-30 07:00:00,7,,0.8
2023-08-30 08:00:00,8,,0.7
2023-08-30 09:00:00,9,0.1,1.0
2023-08-30 10:00:00,10,298.3,1.2
2023-08-30 11:00:00,11,632.8,1.6
2023-08-30 12:00:00,12,1868.0,1.6
2023-08-30 13:00:00,13,2550.7,2.7
2023-08-30 14:00:00,14,3014.2,2.0
2023-08-30 15:00:00,15,3162.9,2.7
2023-08-30 16:00:00,16,3088.1,2.6
2023-08-30 17:00:00,17,2839.6,3.0
2023-08-30 18:00:00,18,2129.0,1.9
2023-08-30 19:00:00,19,1239.8,2.5
2023-08-30 20:00:00,20,427.1,1.6
2023-08-30 21:00:00,21,58.7,0.9
2023-08-30 22:00:00,22,,0.7
2023-08-30 23:00:00,23,,0.0
2023-08-31 00:00:00,0,,0.8
2023-08-31 01:00:00,1,,1.2
2023-08-31 02:00:00,2,,0.9
2023-08-31 03:00:00,3,,0.5
2023-08-31 04:00:00,4,,0.4
2023-08-31 05:00:00,5,,1.0
2023-08-31 06:00:00,6,,0.5
2023-08-31 07:00:00,7,,0.9
2023-08-31 08:00:00,8,,0.7
2023-08-31 09:00:00,9,,0.5
2023-08-31 10:00:00,10,224.1,0.8
2023-08-31 11:00:00,11,968.2,1.9
2023-08-31 12:00:00,12,1823.0,1.3
2023-08-31 13:00:00,13,2528.5,1.8
2023-08-31 14:00:00,14,3002.5,2.3
2023-08-31 15:00:00,15,3184.7,2.8
2023-08-31 16:00:00,16,3116.4,3.1
2023-08-31 17:00:00,17,2881.7,2.7
2023-08-31 18:00:00,18,2296.2,2.2
2023-08-31 19:00:00,19,1512.1,0.6
2023-08-31 20:00:00,20,497.9,1.7
2023-08-31 21:00:00,21,60.3,0.8
2023-08-31 22:00:00,22,,1.4
2023-08-31 23:00:00,23,,1.7
2023-09-01 00:00:00,0,,2.3
2023-09-01 01:00:00,1,,3.1
2023-09-01 02:00:00,2,,2.4
2023-09-01 03:00:00,3,,1.6
2023-09-01 04:00:00,4,,1.2
2023-09-01 05:00:00,5,,1.4
2023-09-01 06:00:00,6,,0.5
2023-09-01 07:00:00,7,,0.9
2023-09-01 08:00:00,8,,0.1
2023-09-01 09:00:00,9,,0.2
2023-09-01 10:00:00,10,125.2,1.7
2023-09-01 11:00:00,11,971.3,2.5
2023-09-01 12:00:00,12,1630.3,1.3
2023-09-01 13:00:00,13,2577.2,0.9
2023-09-01 14:00:00,14,2980.4,1.7
2023-09-01 15:00:00,15,3159.4,1.8
2023-09-01 16:00:00,16,2761.9,3.0
2023-09-01 17:00:00,17,2983.2,2.0
2023-09-01 18:00:00,18,1196.8,3.1
2023-09-01 19:00:00,19,323.1,2.2
2023-09-01 20:00:00,20,135.1,1.8
2023-09-01 21:00:00,21,65.3,0.6
2023-09-01 22:00:00,22,,0.3
2023-09-01 23:00:00,23,,1.1
2023-09-02 00:00:00,0,,4.2
2023-09-02 01:00:00,1,,2.7
2023-09-02 02:00:00,2,,2.8
2023-09-02 03:00:00,3,,3.6
2023-09-02 04:00:00,4,,2.5
2023-09-02 05:00:00,5,,1.9
2023-09-02 06:00:00,6,,3.0
2023-09-02 07:00:00,7,,1.8
2023-09-02 08:00:00,8,,2.2
2023-09-02 09:00:00,9,3.3,2.8
2023-09-02 10:00:00,10,331.7,3.9
2023-09-02 11:00:00,11,1103.2,3.9
2023-09-02 12:00:00,12,1976.5,4.2
2023-09-02 13:00:00,13,2682.5,3.9
2023-09-02 14:00:00,14,3131.7,3.5
2023-09-02 15:00:00,15,3322.2,4.2
2023-09-02 16:00:00,16,3281.4,4.0
2023-09-02 17:00:00,17,3077.6,3.2
2023-09-02 18:00:00,18,2518.3,3.6
2023-09-02 19:00:00,19,1701.4,3.6
2023-09-02 20:00:00,20,675.6,3.5
2023-09-02 21:00:00,21,59.8,1.5
2023-09-02 22:00:00,22,,1.0
2023-09-02 23:00:00,23,,1.6
2023-09-03 00:00:00,0,,2.2
2023-09-03 01:00:00,1,,2.1
2023-09-03 02:00:00,2,,2.2
2023-09-03 03:00:00,3,,1.2
2023-09-03 04:00:00,4,,0.1
2023-09-03 05:00:00,5,,0.7
2023-09-03 06:00:00,6,,1.1
2023-09-03 07:00:00,7,,0.5
2023-09-03 08:00:00,8,,1.2
2023-09-03 09:00:00,9,1.4,1.2
2023-09-03 10:00:00,10,324.9,2.9
2023-09-03 11:00:00,11,1146.6,3.1
2023-09-03 12:00:00,12,2020.1,2.6
2023-09-03 13:00:00,13,2722.2,2.8
2023-09-03 14:00:00,14,3189.1,3.2
2023-09-03 15:00:00,15,3349.4,2.6
2023-09-03 16:00:00,16,3300.3,3.0
2023-09-03 17:00:00,17,3115.8,3.1
2023-09-03 18:00:00,18,2450.5,3.0
2023-09-03 19:00:00,19,1664.3,3.3
2023-09-03 20:00:00,20,635.2,3.1
2023-09-03 21:00:00,21,65.0,2.3
2023-09-03 22:00:00,22,,1.8
2023-09-03 23:00:00,23,,1.6
2023-09-04 00:00:00,0,,2.4
2023-09-04 01:00:00,1,,4.2
2023-09-04 02:00:00,2,,2.5
2023-09-04 03:00:00,3,,1.7
2023-09-04 04:00:00,4,,0.8
2023-09-04 05:00:00,5,,1.6
2023-09-04 06:00:00,6,,1.6
2023-09-04 07:00:00,7,,3.0
2023-09-04 08:00:00,8,,3.0
2023-09-04 09:00:00,9,1.0,2.9
2023-09-04 10:00:00,10,325.2,2.5
2023-09-04 11:00:00,11,1133.3,3.9
2023-09-04 12:00:00,12,1981.6,3.3
2023-09-04 13:00:00,13,2679.6,3.4
2023-09-04 14:00:00,14,3132.7,3.6
2023-09-04 15:00:00,15,3291.3,3.9
2023-09-04 16:00:00,16,3217.7,3.0
2023-09-04 17:00:00,17,2953.7,2.8
2023-09-04 18:00:00,18,2334.3,3.0
2023-09-04 19:00:00,19,1577.9,3.0
2023-09-04 20:00:00,20,606.2,3.6
2023-09-04 21:00:00,21,63.7,2.5
2023-09-04 22:00:00,22,,2.1
2023-09-04 23:00:00,23,,2.4
2023-09-05 00:00:00,0,,3.1
2023-09-05 01:00:00,1,,3.3
2023-09-05 02:00:00,2,,3.1
2023-09-05 03:00:00,3,,1.8
2023-09-05 04:00:00,4,,1.9
2023-09-05 05:00:00,5,,1.0
2023-09-05 06:00:00,6,,1.2
2023-09-05 07:00:00,7,,1.3
2023-09-05 08:00:00,8,,2.4
2023-09-05 09:00:00,9,2.1,2.1
2023-09-05 10:00:00,10,348.5,2.2
2023-09-05 11:00:00,11,1170.0,3.5
2023-09-05 12:00:00,12,2024.9,2.2
2023-09-05 13:00:00,13,2720.5,2.7
2023-09-05 14:00:00,14,3170.9,3.3
2023-09-05 15:00:00,15,3347.8,3.4
2023-09-05 16:00:00,16,3315.2,2.7
2023-09-05 17:00:00,17,2951.8,2.6
2023-09-05 18:00:00,18,1861.2,2.5
2023-09-05 19:00:00,19,967.9,1.5
2023-09-05 20:00:00,20,225.0,1.1
2023-09-05 21:00:00,21,67.9,0.7
2023-09-05 22:00:00,22,,1.5
2023-09-05 23:00:00,23,,2.4
2023-09-06 00:00:00,0,,2.3
2023-09-06 01:00:00,1,,1.5
2023-09-06 02:00:00,2,,2.2
2023-09-06 03:00:00,3,,2.2
2023-09-06 04:00:00,4,,2.3
2023-09-06 05:00:00,5,,2.4
2023-09-06 06:00:00,6,,2.4
2023-09-06 07:00:00,7,,1.9
2023-09-06 08:00:00,8,,2.8
2023-09-06 09:00:00,9,2.7,2.2
2023-09-06 10:00:00,10,385.4,2.4
2023-09-06 11:00:00,11,1238.2,4.0
2023-09-06 12:00:00,12,2116.7,4.1
2023-09-06 13:00:00,13,2810.7,4.5
2023-09-06 14:00:00,14,3095.3,4.3
2023-09-06 15:00:00,15,3386.8,3.6
2023-09-06 16:00:00,16,2976.8,3.6
2023-09-06 17:00:00,17,2694.8,2.7
2023-09-06 18:00:00,18,2212.2,2.4
2023-09-06 19:00:00,19,1223.6,3.9
2023-09-06 20:00:00,20,588.3,4.2
2023-09-06 21:00:00,21,67.5,3.8
2023-09-06 22:00:00,22,,3.3
2023-09-06 23:00:00,23,,3.5
2023-09-07 00:00:00,0,,2.5
2023-09-07 01:00:00,1,,1.8
2023-09-07 02:00:00,2,,2.4
2023-09-07 03:00:00,3,,3.6
2023-09-07 04:00:00,4,,5.0
2023-09-07 05:00:00,5,,4.2
2023-09-07 06:00:00,6,,5.7
2023-09-07 07:00:00,7,,4.7
2023-09-07 08:00:00,8,,3.3
2023-09-07 09:00:00,9,2.7,2.0
2023-09-07 10:00:00,10,271.4,0.4
2023-09-07 11:00:00,11,1198.8,1.2
2023-09-07 12:00:00,12,2187.0,3.0
2023-09-07 13:00:00,13,2774.4,3.1
2023-09-07 14:00:00,14,2927.5,3.6
2023-09-07 15:00:00,15,3529.0,3.7
2023-09-07 16:00:00,16,3242.6,5.1
2023-09-07 17:00:00,17,2636.2,4.5
2023-09-07 18:00:00,18,2717.0,5.3
2023-09-07 19:00:00,19,1583.3,3.8
2023-09-07 20:00:00,20,672.9,5.5
2023-09-07 21:00:00,21,52.0,4.5
2023-09-07 22:00:00,22,,4.0
2023-09-07 23:00:00,23,,5.3
2023-09-08 00:00:00,0,,4.9
2023-09-08 01:00:00,1,,4.9
2023-09-08 02:00:00,2,,4.2
2023-09-08 03:00:00,3,,2.8
2023-09-08 04:00:00,4,,1.5
2023-09-08 05:00:00,5,,0.7
2023-09-08 06:00:00,6,,0.7
2023-09-08 07:00:00,7,,0.5
2023-09-08 08:00:00,8,,0.6
2023-09-08 09:00:00,9,4.5,0.3
2023-09-08 10:00:00,10,441.1,0.6
2023-09-08 11:00:00,11,1311.5,0.6
2023-09-08 12:00:00,12,2185.7,0.8
2023-09-08 13:00:00,13,2908.4,1.6
2023-09-08 14:00:00,14,3352.3,2.3
2023-09-08 15:00:00,15,3511.4,2.1
2023-09-08 16:00:00,16,3416.3,1.8
2023-09-08 17:00:00,17,3155.4,1.5
2023-09-08 18:00:00,18,2569.7,1.8
2023-09-08 19:00:00,19,1762.9,2.2
2023-09-08 20:00:00,20,562.3,1.4
2023-09-08 21:00:00,21,64.3,0.7
2023-09-08 22:00:00,22,,0.6
2023-09-08 23:00:00,23,,2.5
2023-09-09 00:00:00,0,,3.3
2023-09-09 01:00:00,1,,1.6
2023-09-09 02:00:00,2,,0.9
2023-09-09 03:00:00,3,,2.4
2023-09-09 04:00:00,4,,1.8
2023-09-09 05:00:00,5,,2.7
2023-09-09 06:00:00,6,,1.8
2023-09-09 07:00:00,7,,1.6
2023-09-09 08:00:00,8,,1.0
2023-09-09 09:00:00,9,5.5,0.4
2023-09-09 10:00:00,10,427.2,1.1
2023-09-09 11:00:00,11,1304.1,1.5
2023-09-09 12:00:00,12,2183.6,1.1
2023-09-09 13:00:00,13,2876.2,1.0
2023-09-09 14:00:00,14,3324.7,2.0
2023-09-09 15:00:00,15,3369.3,1.7
2023-09-09 16:00:00,16,3269.2,1.6
2023-09-09 17:00:00,17,3267.4,2.3
2023-09-09 18:00:00,18,2608.3,1.2
2023-09-09 19:00:00,19,1768.9,1.7
2023-09-09 20:00:00,20,431.9,2.1
2023-09-09 21:00:00,21,49.4,0.7
2023-09-09 22:00:00,22,,2.1
2023-09-09 23:00:00,23,,1.4
2023-09-10 00:00:00,0,,2.0
2023-09-10 01:00:00,1,,2.3
2023-09-10 02:00:00,2,,2.7
2023-09-10 03:00:00,3,,2.7
2023-09-10 04:00:00,4,,2.6
2023-09-10 05:00:00,5,,2.5
2023-09-10 06:00:00,6,,0.6
2023-09-10 07:00:00,7,,2.1
2023-09-10 08:00:00,8,,2.1
2023-09-10 09:00:00,9,5.0,2.0
2023-09-10 10:00:00,10,449.7,1.7
2023-09-10 11:00:00,11,1323.8,0.6
2023-09-10 12:00:00,12,2197.3,2.3
2023-09-10 13:00:00,13,2897.9,1.0
2023-09-10 14:00:00,14,3334.9,3.1
2023-09-10 15:00:00,15,3495.0,1.4
2023-09-10 16:00:00,16,3417.5,2.4
2023-09-10 17:00:00,17,3147.8,2.3
2023-09-10 18:00:00,18,2572.7,2.3
2023-09-10 19:00:00,19,1762.8,2.7
2023-09-10 20:00:00,20,464.6,2.5
2023-09-10 21:00:00,21,55.4,1.8
2023-09-10 22:00:00,22,,2.0
2023-09-10 23:00:00,23,,1.7
2023-09-11 00:00:00,0,,4.3
2023-09-11 01:00:00,1,,4.5
2023-09-11 02:00:00,2,,2.4
2023-09-11 03:00:00,3,,1.8
2023-09-11 04:00:00,4,,2.1
2023-09-11 05:00:00,5,,3.4
2023-09-11 06:00:00,6,,3.1
2023-09-11 07:00:00,7,,2.8
2023-09-11 08:00:00,8,,0.9
2023-09-11 09:00:00,9,6.2,0.9
2023-09-11 10:00:00,10,471.1,2.6
2023-09-11 11:00:00,11,1338.7,3.7
2023-09-11 12:00:00,12,2210.3,4.7
2023-09-11 13:00:00,13,2908.0,4.6
2023-09-11 14:00:00,14,3257.6,3.8
2023-09-11 15:00:00,15,3312.1,3.4
2023-09-11 16:00:00,16,3447.3,4.0
2023-09-11 17:00:00,17,3291.0,3.0
2023-09-11 18:00:00,18,2827.6,2.5
2023-09-11 19:00:00,19,1898.5,2.4
2023-09-11 20:00:00,20,455.9,2.8
2023-09-11 21:00:00,21,72.9,3.0
2023-09-11 22:00:00,22,,3.4
2023-09-11 23:00:00,23,,4.6
2023-09-12 00:00:00,0,,4.5
2023-09-12 01:00:00,1,,2.9
2023-09-12 02:00:00,2,,2.6
2023-09-12 03:00:00,3,,1.7
2023-09-12 04:00:00,4,,0.9
2023-09-12 05:00:00,5,,1.4
2023-09-12 06:00:00,6,,2.9
2023-09-12 07:00:00,7,,2.4
2023-09-12 08:00:00,8,,1.1
2023-09-12 09:00:00,9,6.8,1.5
2023-09-12 10:00:00,10,483.3,1.9
2023-09-12 11:00:00,11,1353.2,3.0
2023-09-12 12:00:00,12,2232.6,3.6
2023-09-12 13:00:00,13,2933.2,3.5
2023-09-12 14:00:00,14,3374.9,2.9
2023-09-12 15:00:00,15,3537.2,2.2
2023-09-12 16:00:00,16,3450.4,3.5
2023-09-12 17:00:00,17,3171.7,3.4
2023-09-12 18:00:00,18,2581.7,2.7
2023-09-12 19:00:00,19,1749.8,2.6
2023-09-12 20:00:00,20,327.9,1.8
2023-09-12 21:00:00,21,67.8,1.5
2023-09-12 22:00:00,22,,1.3
2023-09-12 23:00:00,23,,1.2
2023-09-13 00:00:00,0,,2.5
2023-09-13 01:00:00,1,,3.4
2023-09-13 02:00:00,2,,3.0
2023-09-13 03:00:00,3,,1.8
2023-09-13 04:00:00,4,,1.9
2023-09-13 05:00:00,5,,2.6
2023-09-13 06:00:00,6,,2.5
2023-09-13 07:00:00,7,,2.2
2023-09-13 08:00:00,8,,0.9
2023-09-13 09:00:00,9,7.5,2.1
2023-09-13 10:00:00,10,495.8,2.9
2023-09-13 11:00:00,11,1363.9,3.0
2023-09-13 12:00:00,12,2243.2,2.8
2023-09-13 13:00:00,13,2936.3,3.8
2023-09-13 14:00:00,14,3382.2,3.0
2023-09-13 15:00:00,15,3543.3,2.4
2023-09-13 16:00:00,16,3445.7,2.6
2023-09-13 17:00:00,17,3179.8,2.5
2023-09-13 18:00:00,18,2602.5,1.8
2023-09-13 19:00:00,19,1777.0,2.7
2023-09-13 20:00:00,20,369.9,2.1
2023-09-13 21:00:00,21,70.7,2.0
2023-09-13 22:00:00,22,,1.3
2023-09-13 23:00:00,23,,1.0
2023-09-14 00:00:00,0,,1.3
2023-09-14 01:00:00,1,,0.7
2023-09-14 02:00:00,2,,1.5
2023-09-14 03:00:00,3,,1.7
2023-09-14 04:00:00,4,,1.1
2023-09-14 05:00:00,5,,1.4
2023-09-14 06:00:00,6,,1.3
2023-09-14 07:00:00,7,,1.3
2023-09-14 08:00:00,8,,1.5
2023-09-14 09:00:00,9,7.6,1.5
2023-09-14 10:00:00,10,444.6,2.1
2023-09-14 11:00:00,11,1303.3,3.2
2023-09-14 12:00:00,12,2162.4,2.9
2023-09-14 13:00:00,13,2850.3,2.6
2023-09-14 14:00:00,14,3290.9,3.2
2023-09-14 15:00:00,15,3431.0,3.0
2023-09-14 16:00:00,16,3318.4,2.3
2023-09-14 17:00:00,17,3010.1,2.1
2023-09-14 18:00:00,18,2386.2,2.1
2023-09-14 19:00:00,19,1553.8,1.9
2023-09-14 20:00:00,20,314.1,2.0
2023-09-14 21:00:00,21,59.1,1.1
2023-09-14 22:00:00,22,,1.8
2023-09-14 23:00:00,23,,1.3
2023-09-15 00:00:00,0,,1.4
2023-09-15 01:00:00,1,,2.3
2023-09-15 02:00:00,2,,2.7
2023-09-15 03:00:00,3,,1.7
2023-09-15 04:00:00,4,,1.2
2023-09-15 05:00:00,5,,2.0
2023-09-15 06:00:00,6,,1.4
2023-09-15 07:00:00,7,,1.6
2023-09-15 08:00:00,8,,1.5
2023-09-15 09:00:00,9,8.3,1.6
2023-09-15 10:00:00,10,476.5,2.2
2023-09-15 11:00:00,11,1349.9,2.2
2023-09-15 12:00:00,12,2217.5,3.2
2023-09-15 13:00:00,13,2916.8,2.9
2023-09-15 14:00:00,14,3337.0,2.8
2023-09-15 15:00:00,15,3485.2,1.7
2023-09-15 16:00:00,16,3383.0,1.3
2023-09-15 17:00:00,17,3103.7,1.8
2023-09-15 18:00:00,18,2524.4,0.9
2023-09-15 19:00:00,19,1672.7,1.0
2023-09-15 20:00:00,20,243.3,1.2
2023-09-15 21:00:00,21,66.0,0.0
2023-09-15 22:00:00,22,,0.4
2023-09-15 23:00:00,23,,2.2
2023-09-16 00:00:00,0,,4.0
2023-09-16 01:00:00,1,,3.1
2023-09-16 02:00:00,2,,2.1
2023-09-16 03:00:00,3,,1.0
2023-09-16 04:00:00,4,,2.3
2023-09-16 05:00:00,5,,2.1
2023-09-16 06:00:00,6,,2.7
2023-09-16 07:00:00,7,,2.7
2023-09-16 08:00:00,8,,2.8
2023-09-16 09:00:00,9,9.6,2.4
2023-09-16 10:00:00,10,460.2,2.7
2023-09-16 11:00:00,11,1307.8,2.8
2023-09-16 12:00:00,12,2180.0,2.2
2023-09-16 13:00:00,13,2869.5,2.9
2023-09-16 14:00:00,14,3293.4,3.7
2023-09-16 15:00:00,15,3454.7,3.6
2023-09-16 16:00:00,16,3373.0,3.3
2023-09-16 17:00:00,17,3108.5,2.8
2023-09-16 18:00:00,18,2504.1,3.0
2023-09-16 19:00:00,19,1650.3,3.3
2023-09-16 20:00:00,20,335.7,3.4
2023-09-16 21:00:00,21,57.4,4.1
2023-09-16 22:00:00,22,,4.1
2023-09-16 23:00:00,23,,3.0
2023-09-17 00:00:00,0,,1.6
2023-09-17 01:00:00,1,,2.2
2023-09-17 02:00:00,2,,1.8
2023-09-17 03:00:00,3,,1.9
2023-09-17 04:00:00,4,,2.1
2023-09-17 05:00:00,5,,0.9
2023-09-17 06:00:00,6,,1.7
2023-09-17 07:00:00,7,,3.2
2023-09-17 08:00:00,8,,2.8
2023-09-17 09:00:00,9,10.3,2.1
2023-09-17 10:00:00,10,524.8,3.2
2023-09-17 11:00:00,11,1417.3,3.8
2023-09-17 12:00:00,12,2296.3,3.8
2023-09-17 13:00:00,13,2975.3,4.0
2023-09-17 14:00:00,14,3399.0,3.2
2023-09-17 15:00:00,15,3541.6,3.8
2023-09-17 16:00:00,16,3385.5,3.2
2023-09-17 17:00:00,17,3001.5,3.1
2023-09-17 18:00:00,18,2312.8,3.7
2023-09-17 19:00:00,19,1575.3,3.0
2023-09-17 20:00:00,20,290.7,2.6
2023-09-17 21:00:00,21,86.3,1.6
2023-09-17 22:00:00,22,,2.8
2023-09-17 23:00:00,23,,3.1
2023-09-18 00:00:00,0,,3.7
2023-09-18 01:00:00,1,,3.7
2023-09-18 02:00:00,2,,3.1
2023-09-18 03:00:00,3,,3.4
2023-09-18 04:00:00,4,,2.2
2023-09-18 05:00:00,5,,1.6
2023-09-18 06:00:00,6,,1.4
2023-09-18 07:00:00,7,,1.9
2023-09-18 08:00:00,8,,1.6
2023-09-18 09:00:00,9,12.7,1.2
2023-09-18 10:00:00,10,423.3,2.0
2023-09-18 11:00:00,11,1214.7,1.1
2023-09-18 12:00:00,12,2077.3,1.6
2023-09-18 13:00:00,13,2654.5,2.2
2023-09-18 14:00:00,14,3194.4,2.0
2023-09-18 15:00:00,15,3314.1,3.0
2023-09-18 16:00:00,16,3087.5,1.8
2023-09-18 17:00:00,17,2811.5,4.0
2023-09-18 18:00:00,18,2143.6,3.3
2023-09-18 19:00:00,19,1509.0,2.0
2023-09-18 20:00:00,20,335.2,3.6
2023-09-18 21:00:00,21,65.2,2.9
2023-09-18 22:00:00,22,,4.1
2023-09-18 23:00:00,23,,5.0
2023-09-19 00:00:00,0,,4.8
2023-09-19 01:00:00,1,,5.2
2023-09-19 02:00:00,2,,1.9
2023-09-19 03:00:00,3,,3.0
2023-09-19 04:00:00,4,,1.2
2023-09-19 05:00:00,5,,0.6
2023-09-19 06:00:00,6,,0.7
2023-09-19 07:00:00,7,,0.2
2023-09-19 08:00:00,8,,1.1
2023-09-19 09:00:00,9,9.3,1.9
2023-09-19 10:00:00,10,275.2,1.7
2023-09-19 11:00:00,11,910.8,4.0
2023-09-19 12:00:00,12,1964.2,4.4
2023-09-19 13:00:00,13,2651.2,4.3
2023-09-19 14:00:00,14,3289.0,4.4
2023-09-19 15:00:00,15,3421.6,2.1
2023-09-19 16:00:00,16,3302.5,3.3
2023-09-19 17:00:00,17,2990.0,2.9
2023-09-19 18:00:00,18,2352.6,3.0
2023-09-19 19:00:00,19,1502.9,3.7
2023-09-19 20:00:00,20,305.4,3.6
2023-09-19 21:00:00,21,61.0,3.7
2023-09-19 22:00:00,22,,2.7
2023-09-19 23:00:00,23,,3.7
2023-09-20 00:00:00,0,,4.2
2023-09-20 01:00:00,1,,3.9
2023-09-20 02:00:00,2,,4.9
2023-09-20 03:00:00,3,,3.2
2023-09-20 04:00:00,4,,2.6
2023-09-20 05:00:00,5,,2.9
2023-09-20 06:00:00,6,,2.5
2023-09-20 07:00:00,7,,1.7
2023-09-20 08:00:00,8,,1.6
2023-09-20 09:00:00,9,12.2,1.0
2023-09-20 10:00:00,10,416.8,1.1
2023-09-20 11:00:00,11,1218.0,2.1
2023-09-20 12:00:00,12,2069.4,2.5
2023-09-20 13:00:00,13,2773.8,2.4
2023-09-20 14:00:00,14,3204.8,1.9
2023-09-20 15:00:00,15,3359.6,2.4
2023-09-20 16:00:00,16,3247.0,2.3
2023-09-20 17:00:00,17,2941.9,2.9
2023-09-20 18:00:00,18,2336.4,3.2
2023-09-20 19:00:00,19,1498.9,3.6
2023-09-20 20:00:00,20,310.6,3.6
2023-09-20 21:00:00,21,61.6,4.5
2023-09-20 22:00:00,22,,4.0
2023-09-20 23:00:00,23,,4.7
2023-09-21 00:00:00,0,,4.1
2023-09-21 01:00:00,1,,1.4
2023-09-21 02:00:00,2,,1.1
2023-09-21 03:00:00,3,,1.1
2023-09-21 04:00:00,4,,0.7
2023-09-21 05:00:00,5,,1.4
2023-09-21 06:00:00,6,,1.6
2023-09-21 07:00:00,7,,2.3
2023-09-21 08:00:00,8,,2.0
2023-09-21 09:00:00,9,14.2,2.6
2023-09-21 10:00:00,10,466.7,3.4
2023-09-21 11:00:00,11,1304.1,3.1
2023-09-21 12:00:00,12,2162.2,3.2
2023-09-21 13:00:00,13,2860.4,3.0
2023-09-21 14:00:00,14,3297.2,2.8
2023-09-21 15:00:00,15,3463.2,2.8
2023-09-21 16:00:00,16,3346.6,2.4
2023-09-21 17:00:00,17,3024.7,1.6
2023-09-21 18:00:00,18,2424.4,1.4
2023-09-21 19:00:00,19,1472.7,2.0
2023-09-21 20:00:00,20,258.1,2.5
2023-09-21 21:00:00,21,59.7,2.7
2023-09-21 22:00:00,22,,2.3
2023-09-21 23:00:00,23,,1.5
2023-09-22 00:00:00,0,,2.7
2023-09-22 01:00:00,1,,3.8
2023-09-22 02:00:00,2,,1.4
2023-09-22 03:00:00,3,,1.7
2023-09-22 04:00:00,4,,1.4
2023-09-22 05:00:00,5,,1.0
2023-09-22 06:00:00,6,,1.6
2023-09-22 07:00:00,7,,2.1
2023-09-22 08:00:00,8,,2.4
2023-09-22 09:00:00,9,17.3,2.1
2023-09-22 10:00:00,10,518.3,2.5
2023-09-22 11:00:00,11,1400.4,2.9
2023-09-22 12:00:00,12,2294.9,3.2
2023-09-22 13:00:00,13,2992.7,2.6
2023-09-22 14:00:00,14,3419.3,2.8
2023-09-22 15:00:00,15,3571.1,2.5
2023-09-22 16:00:00,16,3466.5,2.5
2023-09-22 17:00:00,17,3180.0,1.6
2023-09-22 18:00:00,18,2580.9,1.4
2023-09-22 19:00:00,19,1556.6,1.6
2023-09-22 20:00:00,20,176.0,2.1
2023-09-22 21:00:00,21,59.0,2.1
2023-09-22 22:00:00,22,,1.1
2023-09-22 23:00:00,23,,1.3
2023-09-23 00:00:00,0,,0.5
2023-09-23 01:00:00,1,,1.4
2023-09-23 02:00:00,2,,2.4
2023-09-23 03:00:00,3,,2.3
2023-09-23 04:00:00,4,,1.0
2023-09-23 05:00:00,5,,1.3
2023-09-23 06:00:00,6,,0.8
2023-09-23 07:00:00,7,,0.2
2023-09-23 08:00:00,8,,0.8
2023-09-23 09:00:00,9,21.4,1.4
2023-09-23 10:00:00,10,562.0,1.4
2023-09-23 11:00:00,11,1444.4,1.6
2023-09-23 12:00:00,12,2321.5,2.4
2023-09-23 13:00:00,13,3010.9,2.7
2023-09-23 14:00:00,14,3433.8,2.8
2023-09-23 15:00:00,15,3596.9,2.4
2023-09-23 16:00:00,16,3488.3,1.8
2023-09-23 17:00:00,17,3210.3,1.9
2023-09-23 18:00:00,18,2594.8,1.6
2023-09-23 19:00:00,19,1619.1,2.4
2023-09-23 20:00:00,20,178.8,1.3
2023-09-23 21:00:00,21,48.0,1.2
2023-09-23 22:00:00,22,,0.9
2023-09-23 23:00:00,23,,0.3
2023-09-24 00:00:00,0,,1.7
2023-09-24 01:00:00,1,,0.5
2023-09-24 02:00:00,2,,1.5
2023-09-24 03:00:00,3,,1.6
2023-09-24 04:00:00,4,,1.3
2023-09-24 05:00:00,5,,1.5
2023-09-24 06:00:00,6,,1.3
2023-09-24 07:00:00,7,,2.3
2023-09-24 08:00:00,8,,1.6
2023-09-24 09:00:00,9,21.4,0.5
2023-09-24 10:00:00,10,553.9,1.1
2023-09-24 11:00:00,11,1420.5,0.9
2023-09-24 12:00:00,12,2283.1,2.2
2023-09-24 13:00:00,13,2965.4,2.3
2023-09-24 14:00:00,14,3396.7,2.7
2023-09-24 15:00:00,15,3560.8,3.0
2023-09-24 16:00:00,16,3451.8,1.5
2023-09-24 17:00:00,17,3186.9,1.5
2023-09-24 18:00:00,18,2543.7,1.5
2023-09-24 19:00:00,19,1621.7,1.2
2023-09-24 20:00:00,20,233.5,1.9
2023-09-24 21:00:00,21,47.6,1.0
2023-09-24 22:00:00,22,,1.4
2023-09-24 23:00:00,23,,1.7
2023-09-25 00:00:00,0,,1.1
2023-09-25 01:00:00,1,,1.1
2023-09-25 02:00:00,2,,1.2
2023-09-25 03:00:00,3,,0.7
2023-09-25 04:00:00,4,,1.4
2023-09-25 05:00:00,5,,1.1
2023-09-25 06:00:00,6,,1.0
2023-09-25 07:00:00,7,,0.4
2023-09-25 08:00:00,8,,1.4
2023-09-25 09:00:00,9,22.9,1.7
2023-09-25 10:00:00,10,536.1,2.4
2023-09-25 11:00:00,11,1387.6,1.9
2023-09-25 12:00:00,12,2248.0,3.4
2023-09-25 13:00:00,13,2931.1,3.5
2023-09-25 14:00:00,14,3349.6,3.4
2023-09-25 15:00:00,15,3485.1,3.0
2023-09-25 16:00:00,16,3332.2,1.5
2023-09-25 17:00:00,17,1857.1,2.4
2023-09-25 18:00:00,18,1686.0,1.8
2023-09-25 19:00:00,19,1354.4,1.2
2023-09-25 20:00:00,20,314.9,1.9
2023-09-25 21:00:00,21,64.7,0.7
2023-09-25 22:00:00,22,,2.0
2023-09-25 23:00:00,23,,1.6
2023-09-26 00:00:00,0,,1.8
2023-09-26 01:00:00,1,,1.2
2023-09-26 02:00:00,2,,1.1
2023-09-26 03:00:00,3,,1.3
2023-09-26 04:00:00,4,,0.4
2023-09-26 05:00:00,5,,0.7
2023-09-26 06:00:00,6,,1.5
2023-09-26 07:00:00,7,,1.4
2023-09-26 08:00:00,8,,1.5
2023-09-26 09:00:00,9,21.8,1.4
2023-09-26 10:00:00,10,357.3,0.5
2023-09-26 11:00:00,11,810.5,2.0
2023-09-26 12:00:00,12,2022.6,0.8
2023-09-26 13:00:00,13,2826.2,3.3
2023-09-26 14:00:00,14,2775.1,3.6
2023-09-26 15:00:00,15,3481.8,3.2
2023-09-26 16:00:00,16,3380.8,3.5
2023-09-26 17:00:00,17,2653.4,7.2
2023-09-26 18:00:00,18,1450.2,4.3
2023-09-26 19:00:00,19,584.1,2.4
2023-09-26 20:00:00,20,364.5,2.4
2023-09-26 21:00:00,21,94.5,1.6
2023-09-26 22:00:00,22,,0.4
2023-09-26 23:00:00,23,,0.3
2023-09-27 00:00:00,0,,0.1
2023-09-27 01:00:00,1,,1.6
2023-09-27 02:00:00,2,,2.3
2023-09-27 03:00:00,3,,0.9
2023-09-27 04:00:00,4,,0.8
2023-09-27 05:00:00,5,,0.8
2023-09-27 06:00:00,6,,2.6
2023-09-27 07:00:00,7,,2.4
2023-09-27 08:00:00,8,,2.4
2023-09-27 09:00:00,9,13.7,2.9
2023-09-27 10:00:00,10,337.4,2.9
2023-09-27 11:00:00,11,1323.8,2.6
2023-09-27 12:00:00,12,2171.7,3.8
2023-09-27 13:00:00,13,2843.0,4.2
2023-09-27 14:00:00,14,3277.2,3.8
2023-09-27 15:00:00,15,3470.3,3.8
2023-09-27 16:00:00,16,3116.9,3.5
2023-09-27 17:00:00,17,2472.5,4.0
2023-09-27 18:00:00,18,2218.6,2.9
2023-09-27 19:00:00,19,1569.9,3.1
2023-09-27 20:00:00,20,371.0,2.0
2023-09-27 21:00:00,21,74.4,2.6
2023-09-27 22:00:00,22,,1.8
2023-09-27 23:00:00,23,,2.3
2023-09-28 00:00:00,0,,1.6
2023-09-28 01:00:00,1,,1.9
2023-09-28 02:00:00,2,,1.3
2023-09-28 03:00:00,3,,1.4
2023-09-28 04:00:00,4,,1.8
2023-09-28 05:00:00,5,,1.1
2023-09-28 06:00:00,6,,1.2
2023-09-28 07:00:00,7,,1.1
2023-09-28 08:00:00,8,,1.1
2023-09-28 09:00:00,9,28.4,0.5
2023-09-28 10:00:00,10,453.0,1.6
2023-09-28 11:00:00,11,1307.1,1.6
2023-09-28 12:00:00,12,2125.6,1.2
2023-09-28 13:00:00,13,2532.8,3.0
2023-09-28 14:00:00,14,3297.7,3.1
2023-09-28 15:00:00,15,3120.5,2.6
2023-09-28 16:00:00,16,3077.7,2.7
2023-09-28 17:00:00,17,2909.4,3.0
2023-09-28 18:00:00,18,2170.3,1.6
2023-09-28 19:00:00,19,1437.6,2.5
2023-09-28 20:00:00,20,383.6,1.7
2023-09-28 21:00:00,21,69.7,2.5
2023-09-28 22:00:00,22,,1.8
2023-09-28 23:00:00,23,,2.1
2023-09-29 00:00:00,0,,2.2
2023-09-29 01:00:00,1,,0.3
2023-09-29 02:00:00,2,,0.5
2023-09-29 03:00:00,3,,0.3
2023-09-29 04:00:00,4,,0.9
2023-09-29 05:00:00,5,,0.6
2023-09-29 06:00:00,6,,0.7
2023-09-29 07:00:00,7,,1.0
2023-09-29 08:00:00,8,,0.2
2023-09-29 09:00:00,9,33.8,2.4
2023-09-29 10:00:00,10,484.5,1.5
2023-09-29 11:00:00,11,1357.6,1.5
2023-09-29 12:00:00,12,2208.1,2.9
2023-09-29 13:00:00,13,2772.6,3.2
2023-09-29 14:00:00,14,3333.1,3.3
2023-09-29 15:00:00,15,3474.8,3.0
2023-09-29 16:00:00,16,3354.0,3.2
2023-09-29 17:00:00,17,3075.6,3.0
2023-09-29 18:00:00,18,2422.0,3.1
2023-09-29 19:00:00,19,1558.6,2.5
2023-09-29 20:00:00,20,338.6,2.8
2023-09-29 21:00:00,21,64.9,2.8
2023-09-29 22:00:00,22,,4.1
2023-09-29 23:00:00,23,,3.9
2023-09-30 00:00:00,0,,2.2
2023-09-30 01:00:00,1,,3.0
2023-09-30 02:00:00,2,,1.4
2023-09-30 03:00:00,3,,1.8
2023-09-30 04:00:00,4,,2.1
2023-09-30 05:00:00,5,,1.6
2023-09-30 06:00:00,6,,2.1
2023-09-30 07:00:00,7,,1.6
2023-09-30 08:00:00,8,,2.8
2023-09-30 09:00:00,9,35.3,2.9
2023-09-30 10:00:00,10,639.9,2.6
2023-09-30 11:00:00,11,1547.3,1.3
2023-09-30 12:00:00,12,2428.7,1.1
2023-09-30 13:00:00,13,3072.9,3.9
2023-09-30 14:00:00,14,3513.6,3.0
2023-09-30 15:00:00,15,3696.6,1.8
2023-09-30 16:00:00,16,3551.5,2.8
2023-09-30 17:00:00,17,3278.6,2.5
2023-09-30 18:00:00,18,2644.6,1.8
2023-09-30 19:00:00,19,1765.3,2.5
2023-09-30 20:00:00,20,334.9,3.0
2023-09-30 21:00:00,21,68.0,2.1
2023-09-30 22:00:00,22,,2.3
2023-09-30 23:00:00,23,,5.0
2023-10-01 00:00:00,0,,4.6
2023-10-01 01:00:00,1,,2.9
2023-10-01 02:00:00,2,,3.6
2023-10-01 03:00:00,3,,2.4
2023-10-01 04:00:00,4,,2.5
2023-10-01 05:00:00,5,,1.9
2023-10-01 06:00:00,6,,2.9
2023-10-01 07:00:00,7,,1.8
2023-10-01 08:00:00,8,,1.2
2023-10-01 09:00:00,9,37.0,1.0
2023-10-01 10:00:00,10,675.7,2.6
2023-10-01 11:00:00,11,1588.1,3.4
2023-10-01 12:00:00,12,2460.1,3.6
2023-10-01 13:00:00,13,3054.9,2.8
2023-10-01 14:00:00,14,3499.5,3.2
2023-10-01 15:00:00,15,3682.2,3.6
2023-10-01 16:00:00,16,3530.6,4.3
2023-10-01 17:00:00,17,3241.3,3.5
2023-10-01 18:00:00,18,2612.1,3.1
2023-10-01 19:00:00,19,1758.0,3.3
2023-10-01 20:00:00,20,338.6,3.3
2023-10-01 21:00:00,21,67.6,2.1
2023-10-01 22:00:00,22,,1.1
2023-10-01 23:00:00,23,,1.9
2023-10-02 00:00:00,0,,1.7
2023-10-02 01:00:00,1,,2.2
2023-10-02 02:00:00,2,,2.2
2023-10-02 03:00:00,3,,1.7
2023-10-02 04:00:00,4,,1.4
2023-10-02 05:00:00,5,,1.0
2023-10-02 06:00:00,6,,0.9
2023-10-02 07:00:00,7,,0.7
2023-10-02 08:00:00,8,,1.2
2023-10-02 09:00:00,9,37.7,0.6
2023-10-02 10:00:00,10,646.5,2.4
2023-10-02 11:00:00,11,1565.9,3.2
2023-10-02 12:00:00,12,2319.8,2.6
2023-10-02 13:00:00,13,2962.3,4.0
2023-10-02 14:00:00,14,3452.0,4.3
2023-10-02 15:00:00,15,3636.4,3.3
2023-10-02 16:00:00,16,3478.0,2.5
2023-10-02 17:00:00,17,3170.5,1.4
2023-10-02 18:00:00,18,2554.7,2.2
2023-10-02 19:00:00,19,1726.1,0.9
2023-10-02 20:00:00,20,279.1,1.0
2023-10-02 21:00:00,21,48.0,0.8
2023-10-02 22:00:00,22,,0.1
2023-10-02 23:00:00,23,,0.0
2023-10-03 00:00:00,0,,0.3
2023-10-03 01:00:00,1,,1.7
2023-10-03 02:00:00,2,,2.0
2023-10-03 03:00:00,3,,1.9
2023-10-03 04:00:00,4,,0.9
2023-10-03 05:00:00,5,,0.2
2023-10-03 06:00:00,6,,0.8
2023-10-03 07:00:00,7,,0.9
2023-10-03 08:00:00,8,,1.3
2023-10-03 09:00:00,9,38.8,1.6
2023-10-03 10:00:00,10,613.0,1.9
2023-10-03 11:00:00,11,1487.4,1.9
2023-10-03 12:00:00,12,2377.3,2.9
2023-10-03 13:00:00,13,2964.8,4.2
2023-10-03 14:00:00,14,3408.3,4.5
2023-10-03 15:00:00,15,3388.9,4.1
2023-10-03 16:00:00,16,2974.8,3.7
2023-10-03 17:00:00,17,3208.0,3.3
2023-10-03 18:00:00,18,2134.3,2.5
2023-10-03 19:00:00,19,1453.1,1.7
2023-10-03 20:00:00,20,469.0,1.7
2023-10-03 21:00:00,21,44.4,1.3
2023-10-03 22:00:00,22,,1.1
2023-10-03 23:00:00,23,,1.3
2023-10-04 00:00:00,0,,1.0
2023-10-04 01:00:00,1,,2.3
2023-10-04 02:00:00,2,,1.5
2023-10-04 03:00:00,3,,0.6
2023-10-04 04:00:00,4,,0.4
2023-10-04 05:00:00,5,,0.9
2023-10-04 06:00:00,6,,0.8
2023-10-04 07:00:00,7,,0.9
2023-10-04 08:00:00,8,,1.2
2023-10-04 09:00:00,9,37.3,1.3
2023-10-04 10:00:00,10,475.1,1.3
2023-10-04 11:00:00,11,1380.2,3.2
2023-10-04 12:00:00,12,2215.1,2.9
2023-10-04 13:00:00,13,2730.3,5.4
2023-10-04 14:00:00,14,2867.0,4.9
2023-10-04 15:00:00,15,3134.6,3.9
2023-10-04 16:00:00,16,3088.2,3.5
2023-10-04 17:00:00,17,2257.1,3.4
2023-10-04 18:00:00,18,1901.9,2.3
2023-10-04 19:00:00,19,736.3,2.3
2023-10-04 20:00:00,20,353.0,1.7
2023-10-04 21:00:00,21,52.8,2.0
2023-10-04 22:00:00,22,,1.6
2023-10-04 23:00:00,23,,2.2
2023-10-05 00:00:00,0,,1.8
2023-10-05 01:00:00,1,,3.2
2023-10-05 02:00:00,2,,2.6
2023-10-05 03:00:00,3,,1.5
2023-10-05 04:00:00,4,,2.1
2023-10-05 05:00:00,5,,2.1
2023-10-05 06:00:00,6,,1.2
2023-10-05 07:00:00,7,,2.5
2023-10-05 08:00:00,8,,2.3
2023-10-05 09:00:00,9,30.2,1.7
2023-10-05 10:00:00,10,474.1,2.6
2023-10-05 11:00:00,11,1369.1,2.8
2023-10-05 12:00:00,12,2399.5,3.7
2023-10-05 13:00:00,13,2860.5,2.0
2023-10-05 14:00:00,14,3211.9,4.4
2023-10-05 15:00:00,15,3527.4,3.7
2023-10-05 16:00:00,16,3463.7,2.9
2023-10-05 17:00:00,17,3194.9,2.8
2023-10-05 18:00:00,18,2418.8,3.6
2023-10-05 19:00:00,19,1390.5,2.5
2023-10-05 20:00:00,20,324.7,3.1
2023-10-05 21:00:00,21,46.3,2.4
2023-10-05 22:00:00,22,,2.4
2023-10-05 23:00:00,23,,1.6
2023-10-06 00:00:00,0,,2.2
2023-10-06 01:00:00,1,,1.8
2023-10-06 02:00:00,2,,1.5
2023-10-06 03:00:00,3,,0.7
2023-10-06 04:00:00,4,,1.5
2023-10-06 05:00:00,5,,1.9
2023-10-06 06:00:00,6,,2.0
2023-10-06 07:00:00,7,,0.7
2023-10-06 08:00:00,8,,1.1
2023-10-06 09:00:00,9,30.9,2.3
2023-10-06 10:00:00,10,633.2,1.8
2023-10-06 11:00:00,11,1421.3,2.9
2023-10-06 12:00:00,12,2281.7,3.3
2023-10-06 13:00:00,13,3049.1,3.8
2023-10-06 14:00:00,14,3301.6,4.1
2023-10-06 15:00:00,15,3522.7,4.9
2023-10-06 16:00:00,16,3022.4,3.2
2023-10-06 17:00:00,17,3146.5,2.9
2023-10-06 18:00:00,18,2249.9,2.8
2023-10-06 19:00:00,19,1391.7,3.8
2023-10-06 20:00:00,20,368.8,3.2
2023-10-06 21:00:00,21,56.8,2.2
2023-10-06 22:00:00,22,,1.9
2023-10-06 23:00:00,23,,2.0
2023-10-07 00:00:00,0,,5.2
2023-10-07 01:00:00,1,,2.8
2023-10-07 02:00:00,2,,3.5
2023-10-07 03:00:00,3,,2.4
2023-10-07 04:00:00,4,,2.6
2023-10-07 05:00:00,5,,1.9
2023-10-07 06:00:00,6,,2.5
2023-10-07 07:00:00,7,,2.5
2023-10-07 08:00:00,8,,0.9
2023-10-07 09:00:00,9,34.7,1.3
2023-10-07 10:00:00,10,688.2,2.6
2023-10-07 11:00:00,11,706.1,2.4
2023-10-07 12:00:00,12,2025.7,2.4
2023-10-07 13:00:00,13,2969.9,2.8
2023-10-07 14:00:00,14,3416.7,4.3
2023-10-07 15:00:00,15,3602.2,3.3
2023-10-07 16:00:00,16,3463.2,2.4
2023-10-07 17:00:00,17,3166.2,1.4
2023-10-07 18:00:00,18,2540.6,1.4
2023-10-07 19:00:00,19,1703.8,3.1
2023-10-07 20:00:00,20,330.9,2.4
2023-10-07 21:00:00,21,72.6,1.3
2023-10-07 22:00:00,22,,0.3
2023-10-07 23:00:00,23,,2.0
2023-10-08 00:00:00,0,,0.8
2023-10-08 01:00:00,1,,2.3
2023-10-08 02:00:00,2,,1.7
2023-10-08 03:00:00,3,,1.6
2023-10-08 04:00:00,4,,3.3
2023-10-08 05:00:00,5,,3.2
2023-10-08 06:00:00,6,,2.8
2023-10-08 07:00:00,7,,2.4
2023-10-08 08:00:00,8,,2.7
2023-10-08 09:00:00,9,51.8,2.2
2023-10-08 10:00:00,10,744.4,2.4
2023-10-08 11:00:00,11,1572.8,3.3
2023-10-08 12:00:00,12,2429.9,2.6
2023-10-08 13:00:00,13,3049.4,3.4
2023-10-08 14:00:00,14,3325.8,3.5
2023-10-08 15:00:00,15,3445.3,3.6
2023-10-08 16:00:00,16,3538.8,3.2
2023-10-08 17:00:00,17,3250.2,3.3
2023-10-08 18:00:00,18,2518.9,3.3
2023-10-08 19:00:00,19,1282.5,3.0
2023-10-08 20:00:00,20,406.3,2.7
2023-10-08 21:00:00,21,60.0,1.8
2023-10-08 22:00:00,22,,1.8
2023-10-08 23:00:00,23,,2.5
2023-10-09 00:00:00,0,,3.0
2023-10-09 01:00:00,1,,3.0
2023-10-09 02:00:00,2,,3.6
2023-10-09 03:00:00,3,,3.1
2023-10-09 04:00:00,4,,2.9
2023-10-09 05:00:00,5,,2.3
2023-10-09 06:00:00,6,,2.3
2023-10-09 07:00:00,7,,1.6
2023-10-09 08:00:00,8,,1.1
2023-10-09 09:00:00,9,53.0,1.5
2023-10-09 10:00:00,10,574.8,2.3
2023-10-09 11:00:00,11,1068.1,1.8
2023-10-09 12:00:00,12,1966.5,1.1
2023-10-09 13:00:00,13,2752.1,3.5
2023-10-09 14:00:00,14,2753.5,2.0
2023-10-09 15:00:00,15,3595.0,3.5
2023-10-09 16:00:00,16,3438.6,1.5
2023-10-09 17:00:00,17,3056.2,2.0
2023-10-09 18:00:00,18,1934.6,2.8
2023-10-09 19:00:00,19,1733.0,2.4
2023-10-09 20:00:00,20,303.6,1.6
2023-10-09 21:00:00,21,70.8,2.3
2023-10-09 22:00:00,22,,2.2
2023-10-09 23:00:00,23,,2.5
2023-10-10 00:00:00,0,,2.0
2023-10-10 01:00:00,1,,2.3
2023-10-10 02:00:00,2,,3.2
2023-10-10 03:00:00,3,,2.8
2023-10-10 04:00:00,4,,1.7
2023-10-10 05:00:00,5,,1.7
2023-10-10 06:00:00,6,,1.3
2023-10-10 07:00:00,7,,0.9
2023-10-10 08:00:00,8,,2.3
2023-10-10 09:00:00,9,56.0,1.8
2023-10-10 10:00:00,10,731.4,3.3
2023-10-10 11:00:00,11,1456.8,4.6
2023-10-10 12:00:00,12,2397.9,4.1
2023-10-10 13:00:00,13,2974.1,3.1
2023-10-10 14:00:00,14,3415.5,3.2
2023-10-10 15:00:00,15,3656.8,3.0
2023-10-10 16:00:00,16,2794.8,2.8
2023-10-10 17:00:00,17,1969.5,2.2
2023-10-10 18:00:00,18,1955.9,1.7
2023-10-10 19:00:00,19,1531.3,1.1
2023-10-10 20:00:00,20,348.2,2.4
2023-10-10 21:00:00,21,47.8,3.3
2023-10-10 22:00:00,22,,3.1
2023-10-10 23:00:00,23,,4.2
2023-10-11 00:00:00,0,,3.0
2023-10-11 01:00:00,1,,1.8
2023-10-11 02:00:00,2,,2.0
2023-10-11 03:00:00,3,,1.4
2023-10-11 04:00:00,4,,2.2
2023-10-11 05:00:00,5,,3.7
2023-10-11 06:00:00,6,,4.0
2023-10-11 07:00:00,7,,3.4
2023-10-11 08:00:00,8,,3.6
2023-10-11 09:00:00,9,42.2,2.7
2023-10-11 10:00:00,10,774.0,2.5
2023-10-11 11:00:00,11,1710.1,2.3
2023-10-11 12:00:00,12,2575.6,2.6
2023-10-11 13:00:00,13,3109.3,3.4
2023-10-11 14:00:00,14,3557.7,2.6
2023-10-11 15:00:00,15,3746.8,3.0
2023-10-11 16:00:00,16,3570.4,3.0
2023-10-11 17:00:00,17,3265.3,3.0
2023-10-11 18:00:00,18,2643.8,2.5
2023-10-11 19:00:00,19,1737.9,1.5
2023-10-11 20:00:00,20,201.6,2.4
2023-10-11 21:00:00,21,70.9,3.7
2023-10-11 22:00:00,22,,3.7
2023-10-11 23:00:00,23,,3.7
2023-10-12 00:00:00,0,,1.9
2023-10-12 01:00:00,1,,1.5
2023-10-12 02:00:00,2,,1.2
2023-10-12 03:00:00,3,,1.1
2023-10-12 04:00:00,4,,1.3
2023-10-12 05:00:00,5,,2.1
2023-10-12 06:00:00,6,,1.5
2023-10-12 07:00:00,7,,1.2
2023-10-12 08:00:00,8,,1.7
2023-10-12 09:00:00,9,41.6,1.2
2023-10-12 10:00:00,10,784.4,1.9
2023-10-12 11:00:00,11,1705.7,2.4
2023-10-12 12:00:00,12,2557.6,2.0
2023-10-12 13:00:00,13,3073.4,2.4
2023-10-12 14:00:00,14,3502.6,2.3
2023-10-12 15:00:00,15,3713.2,1.0
2023-10-12 16:00:00,16,3602.7,1.3
2023-10-12 17:00:00,17,3290.2,2.1
2023-10-12 18:00:00,18,2655.7,1.4
2023-10-12 19:00:00,19,1581.8,1.3
2023-10-12 20:00:00,20,168.7,1.4
2023-10-12 21:00:00,21,74.2,2.1
2023-10-12 22:00:00,22,,2.1
2023-10-12 23:00:00,23,,1.6
2023-10-13 00:00:00,0,,1.9
2023-10-13 01:00:00,1,,2.5
2023-10-13 02:00:00,2,,2.0
2023-10-13 03:00:00,3,,1.7
2023-10-13 04:00:00,4,,0.9
2023-10-13 05:00:00,5,,1.2
2023-10-13 06:00:00,6,,1.0
2023-10-13 07:00:00,7,,2.0
2023-10-13 08:00:00,8,,2.1
2023-10-13 09:00:00,9,46.5,1.6
2023-10-13 10:00:00,10,764.9,1.4
2023-10-13 11:00:00,11,1673.7,0.7
2023-10-13 12:00:00,12,2510.7,1.7
2023-10-13 13:00:00,13,3040.1,3.0
2023-10-13 14:00:00,14,3475.7,2.1
2023-10-13 15:00:00,15,3684.9,3.3
2023-10-13 16:00:00,16,3584.4,1.4
2023-10-13 17:00:00,17,3344.0,1.0
2023-10-13 18:00:00,18,2613.4,1.6
2023-10-13 19:00:00,19,1541.1,1.0
2023-10-13 20:00:00,20,185.6,2.3
2023-10-13 21:00:00,21,69.5,1.8
2023-10-13 22:00:00,22,,2.3
2023-10-13 23:00:00,23,,1.5
2023-10-14 00:00:00,0,,4.1
2023-10-14 01:00:00,1,,3.4
2023-10-14 02:00:00,2,,2.2
2023-10-14 03:00:00,3,,3.7
2023-10-14 04:00:00,4,,2.8
2023-10-14 05:00:00,5,,2.0
2023-10-14 06:00:00,6,,1.3
2023-10-14 07:00:00,7,,1.2
2023-10-14 08:00:00,8,,1.8
2023-10-14 09:00:00,9,48.3,1.8
2023-10-14 10:00:00,10,717.6,1.0
2023-10-14 11:00:00,11,1627.2,2.1
2023-10-14 12:00:00,12,2491.8,2.2
2023-10-14 13:00:00,13,3013.0,2.2
2023-10-14 14:00:00,14,2986.5,1.9
2023-10-14 15:00:00,15,2891.4,3.0
2023-10-14 16:00:00,16,2976.1,1.7
2023-10-14 17:00:00,17,2957.3,2.7
2023-10-14 18:00:00,18,2751.7,3.8
2023-10-14 19:00:00,19,1356.2,1.1
2023-10-14 20:00:00,20,79.5,2.7
2023-10-14 21:00:00,21,28.4,3.9
2023-10-14 22:00:00,22,,3.5
2023-10-14 23:00:00,23,,3.4
2023-10-15 00:00:00,0,,3.0
2023-10-15 01:00:00,1,,3.4
2023-10-15 02:00:00,2,,1.7
2023-10-15 03:00:00,3,,2.2
2023-10-15 04:00:00,4,,3.0
2023-10-15 05:00:00,5,,4.1
2023-10-15 06:00:00,6,,2.8
2023-10-15 07:00:00,7,,2.1
2023-10-15 08:00:00,8,,2.0
2023-10-15 09:00:00,9,54.8,0.6
2023-10-15 10:00:00,10,785.8,2.2
2023-10-15 11:00:00,11,1722.7,3.4
2023-10-15 12:00:00,12,2573.0,3.8
2023-10-15 13:00:00,13,3052.6,3.9
2023-10-15 14:00:00,14,3552.1,3.6
2023-10-15 15:00:00,15,3718.5,3.4
2023-10-15 16:00:00,16,3573.9,2.4
2023-10-15 17:00:00,17,3261.1,3.1
2023-10-15 18:00:00,18,2518.1,3.8
2023-10-15 19:00:00,19,1656.2,3.4
2023-10-15 20:00:00,20,289.5,4.1
2023-10-15 21:00:00,21,71.2,3.4
2023-10-15 22:00:00,22,,2.6
2023-10-15 23:00:00,23,,3.2
2023-10-16 00:00:00,0,,3.2
2023-10-16 01:00:00,1,,3.5
2023-10-16 02:00:00,2,,2.3
2023-10-16 03:00:00,3,,2.4
2023-10-16 04:00:00,4,,2.3
2023-10-16 05:00:00,5,,5.0
2023-10-16 06:00:00,6,,4.1
2023-10-16 07:00:00,7,,2.4
2023-10-16 08:00:00,8,,2.4
2023-10-16 09:00:00,9,52.0,1.7
2023-10-16 10:00:00,10,814.0,3.3
2023-10-16 11:00:00,11,1773.3,4.1
2023-10-16 12:00:00,12,2641.7,3.9
2023-10-16 13:00:00,13,3145.6,3.2
2023-10-16 14:00:00,14,3579.0,4.5
2023-10-16 15:00:00,15,3783.4,3.3
2023-10-16 16:00:00,16,3629.0,3.2
2023-10-16 17:00:00,17,3327.8,4.6
2023-10-16 18:00:00,18,2694.6,3.3
2023-10-16 19:00:00,19,1534.0,2.8
2023-10-16 20:00:00,20,204.1,4.2
2023-10-16 21:00:00,21,78.2,2.4
2023-10-16 22:00:00,22,,2.0
2023-10-16 23:00:00,23,,2.8
2023-10-17 00:00:00,0,,3.0
2023-10-17 01:00:00,1,,2.0
2023-10-17 02:00:00,2,,1.8
2023-10-17 03:00:00,3,,2.6
2023-10-17 04:00:00,4,,3.2
2023-10-17 05:00:00,5,,4.3
2023-10-17 06:00:00,6,,2.6
2023-10-17 07:00:00,7,,1.6
2023-10-17 08:00:00,8,,2.6
2023-10-17 09:00:00,9,52.5,3.5
2023-10-17 10:00:00,10,850.5,5.3
2023-10-17 11:00:00,11,1798.5,3.7
2023-10-17 12:00:00,12,2649.4,3.8
2023-10-17 13:00:00,13,3140.9,3.3
2023-10-17 14:00:00,14,3558.7,3.4
2023-10-17 15:00:00,15,3761.4,2.4
2023-10-17 16:00:00,16,3659.9,2.4
2023-10-17 17:00:00,17,3367.1,1.5
2023-10-17 18:00:00,18,2687.9,2.1
2023-10-17 19:00:00,19,1398.1,3.3
2023-10-17 20:00:00,20,219.7,3.0
2023-10-17 21:00:00,21,56.5,3.7
2023-10-17 22:00:00,22,,3.7
2023-10-17 23:00:00,23,,3.7
2023-10-18 00:00:00,0,,2.3
2023-10-18 01:00:00,1,,2.2
2023-10-18 02:00:00,2,,2.3
2023-10-18 03:00:00,3,,1.4
2023-10-18 04:00:00,4,,1.3
2023-10-18 05:00:00,5,,0.6
2023-10-18 06:00:00,6,,0.1
2023-10-18 07:00:00,7,,1.4
2023-10-18 08:00:00,8,,3.0
2023-10-18 09:00:00,9,53.2,2.4
2023-10-18 10:00:00,10,824.6,2.9
2023-10-18 11:00:00,11,1758.4,2.4
2023-10-18 12:00:00,12,2609.4,2.4
2023-10-18 13:00:00,13,3106.7,1.8
2023-10-18 14:00:00,14,3548.9,2.5
2023-10-18 15:00:00,15,3682.9,2.1
2023-10-18 16:00:00,16,3602.4,1.4
2023-10-18 17:00:00,17,3280.9,2.1
2023-10-18 18:00:00,18,2617.3,3.9
2023-10-18 19:00:00,19,1522.4,2.4
2023-10-18 20:00:00,20,244.1,4.0
2023-10-18 21:00:00,21,50.6,2.6
2023-10-18 22:00:00,22,,2.1
2023-10-18 23:00:00,23,,2.4
2023-10-19 00:00:00,0,,3.4
2023-10-19 01:00:00,1,,3.1
2023-10-19 02:00:00,2,,3.7
2023-10-19 03:00:00,3,,2.4
2023-10-19 04:00:00,4,,1.8
2023-10-19 05:00:00,5,,0.9
2023-10-19 06:00:00,6,,0.3
2023-10-19 07:00:00,7,,2.3
2023-10-19 08:00:00,8,,3.0
2023-10-19 09:00:00,9,55.6,1.8
2023-10-19 10:00:00,10,836.1,2.5
2023-10-19 11:00:00,11,1770.8,2.7
2023-10-19 12:00:00,12,2619.3,3.9
2023-10-19 13:00:00,13,3071.2,2.7
2023-10-19 14:00:00,14,3493.7,2.9
2023-10-19 15:00:00,15,3720.9,1.2
2023-10-19 16:00:00,16,3598.9,1.7
2023-10-19 17:00:00,17,3285.3,1.4
2023-10-19 18:00:00,18,2669.8,1.8
2023-10-19 19:00:00,19,1469.0,2.2
2023-10-19 20:00:00,20,192.5,2.4
2023-10-19 21:00:00,21,46.9,2.0
2023-10-19 22:00:00,22,,2.0
2023-10-19 23:00:00,23,,2.3
2023-10-20 00:00:00,0,,1.9
2023-10-20 01:00:00,1,,1.9
2023-10-20 02:00:00,2,,1.8
2023-10-20 03:00:00,3,,2.7
2023-10-20 04:00:00,4,,2.0
2023-10-20 05:00:00,5,,1.0
2023-10-20 06:00:00,6,,2.0
2023-10-20 07:00:00,7,,2.2
2023-10-20 08:00:00,8,,1.8
2023-10-20 09:00:00,9,70.6,2.2
2023-10-20 10:00:00,10,803.9,3.0
2023-10-20 11:00:00,11,1690.9,3.4
2023-10-20 12:00:00,12,2536.3,3.1
2023-10-20 13:00:00,13,3037.3,3.4
2023-10-20 14:00:00,14,2922.1,2.4
2023-10-20 15:00:00,15,3636.2,2.5
2023-10-20 16:00:00,16,3363.4,2.1
2023-10-20 17:00:00,17,2528.9,1.8
2023-10-20 18:00:00,18,2582.1,2.3
2023-10-20 19:00:00,19,1300.9,1.0
2023-10-20 20:00:00,20,257.1,1.3
2023-10-20 21:00:00,21,57.8,2.4
2023-10-20 22:00:00,22,,2.4
2023-10-20 23:00:00,23,,2.7
2023-10-21 00:00:00,0,,2.5
2023-10-21 01:00:00,1,,3.8
2023-10-21 02:00:00,2,,2.6
2023-10-21 03:00:00,3,,2.2
2023-10-21 04:00:00,4,,1.1
2023-10-21 05:00:00,5,,2.6
2023-10-21 06:00:00,6,,2.2
2023-10-21 07:00:00,7,,2.9
2023-10-21 08:00:00,8,,2.5
2023-10-21 09:00:00,9,62.2,2.3
2023-10-21 10:00:00,10,763.5,2.7
2023-10-21 11:00:00,11,1676.3,2.9
2023-10-21 12:00:00,12,2483.1,2.9
2023-10-21 13:00:00,13,3007.3,3.6
2023-10-21 14:00:00,14,3422.9,1.7
2023-10-21 15:00:00,15,3665.2,2.3
2023-10-21 16:00:00,16,3455.5,4.2
2023-10-21 17:00:00,17,3012.5,2.7
2023-10-21 18:00:00,18,2505.3,2.9
2023-10-21 19:00:00,19,1254.9,2.4
2023-10-21 20:00:00,20,272.4,2.2
2023-10-21 21:00:00,21,90.9,4.0
2023-10-21 22:00:00,22,,3.2
2023-10-21 23:00:00,23,,2.3
2023-10-22 00:00:00,0,,2.5
2023-10-22 01:00:00,1,,4.0
2023-10-22 02:00:00,2,,3.5
2023-10-22 03:00:00,3,,3.4
2023-10-22 04:00:00,4,,2.4
2023-10-22 05:00:00,5,,2.2
2023-10-22 06:00:00,6,,2.3
2023-10-22 07:00:00,7,,2.6
2023-10-22 08:00:00,8,,2.6
2023-10-22 09:00:00,9,61.3,2.7
2023-10-22 10:00:00,10,754.8,2.8
2023-10-22 11:00:00,11,1680.9,2.8
2023-10-22 12:00:00,12,2524.9,2.9
2023-10-22 13:00:00,13,3014.2,3.4
2023-10-22 14:00:00,14,3464.9,3.1
2023-10-22 15:00:00,15,3644.6,3.3
2023-10-22 16:00:00,16,3580.3,2.4
2023-10-22 17:00:00,17,3308.4,3.6
2023-10-22 18:00:00,18,2297.6,2.3
2023-10-22 19:00:00,19,1217.4,2.4
2023-10-22 20:00:00,20,317.9,2.1
2023-10-22 21:00:00,21,64.0,1.8
2023-10-22 22:00:00,22,,1.4
2023-10-22 23:00:00,23,,2.9
2023-10-23 00:00:00,0,,4.7
2023-10-23 01:00:00,1,,5.1
2023-10-23 02:00:00,2,,5.6
2023-10-23 03:00:00,3,,4.8
2023-10-23 04:00:00,4,,4.3
2023-10-23 05:00:00,5,,3.4
2023-10-23 06:00:00,6,,2.6
2023-10-23 07:00:00,7,,1.8
2023-10-23 08:00:00,8,,2.5
2023-10-23 09:00:00,9,73.3,2.6
2023-10-23 10:00:00,10,814.5,2.6
2023-10-23 11:00:00,11,1729.3,2.2
2023-10-23 12:00:00,12,2567.1,3.9
2023-10-23 13:00:00,13,3052.9,3.5
2023-10-23 14:00:00,14,3477.2,3.9
2023-10-23 15:00:00,15,3283.0,3.7
2023-10-23 16:00:00,16,3539.2,4.0
2023-10-23 17:00:00,17,3451.9,3.5
2023-10-23 18:00:00,18,1076.6,3.8
2023-10-23 19:00:00,19,1147.1,2.4
2023-10-23 20:00:00,20,316.6,2.3
2023-10-23 21:00:00,21,60.5,2.0
2023-10-23 22:00:00,22,,1.8
2023-10-23 23:00:00,23,,2.6
2023-10-24 00:00:00,0,,3.2
2023-10-24 01:00:00,1,,3.2
2023-10-24 02:00:00,2,,3.7
2023-10-24 03:00:00,3,,3.2
2023-10-24 04:00:00,4,,2.5
2023-10-24 05:00:00,5,,1.4
2023-10-24 06:00:00,6,,2.2
2023-10-24 07:00:00,7,,2.6
2023-10-24 08:00:00,8,,1.3
2023-10-24 09:00:00,9,78.1,1.1
2023-10-24 10:00:00,10,755.2,1.7
2023-10-24 11:00:00,11,1666.0,1.2
2023-10-24 12:00:00,12,2474.4,1.8
2023-10-24 13:00:00,13,2987.0,2.5
2023-10-24 14:00:00,14,3416.4,2.6
2023-10-24 15:00:00,15,3666.8,2.3
2023-10-24 16:00:00,16,3588.4,1.7
2023-10-24 17:00:00,17,3257.7,1.9
2023-10-24 18:00:00,18,2581.9,2.3
2023-10-24 19:00:00,19,1318.0,2.1
2023-10-24 20:00:00,20,293.4,2.2
2023-10-24 21:00:00,21,80.9,2.2
2023-10-24 22:00:00,22,,1.2
2023-10-24 23:00:00,23,,2.2
2023-10-25 00:00:00,0,,2.3
2023-10-25 01:00:00,1,,2.3
2023-10-25 02:00:00,2,,1.9
2023-10-25 03:00:00,3,,1.6
2023-10-25 04:00:00,4,,0.7
2023-10-25 05:00:00,5,,1.0
2023-10-25 06:00:00,6,,2.6
2023-10-25 07:00:00,7,,1.9
2023-10-25 08:00:00,8,,1.3
2023-10-25 09:00:00,9,58.1,2.1
2023-10-25 10:00:00,10,832.9,2.1
2023-10-25 11:00:00,11,1670.9,2.6
2023-10-25 12:00:00,12,2560.5,1.0
2023-10-25 13:00:00,13,3006.1,2.5
2023-10-25 14:00:00,14,3438.3,2.3
2023-10-25 15:00:00,15,3227.2,2.2
2023-10-25 16:00:00,16,2407.0,2.3
2023-10-25 17:00:00,17,2676.0,1.8
2023-10-25 18:00:00,18,627.9,3.9
2023-10-25 19:00:00,19,541.1,3.3
2023-10-25 20:00:00,20,257.5,3.1
2023-10-25 21:00:00,21,46.3,2.7
2023-10-25 22:00:00,22,,1.3
2023-10-25 23:00:00,23,,0.2
2023-10-26 00:00:00,0,,1.3
2023-10-26 01:00:00,1,,0.0
2023-10-26 02:00:00,2,,0.2
2023-10-26 03:00:00,3,,0.7
2023-10-26 04:00:00,4,,0.7
2023-10-26 05:00:00,5,,1.9
2023-10-26 06:00:00,6,,1.4
2023-10-26 07:00:00,7,,1.3
2023-10-26 08:00:00,8,,0.5
2023-10-26 09:00:00,9,77.1,0.7
2023-10-26 10:00:00,10,678.0,0.8
2023-10-26 11:00:00,11,1573.4,1.0
2023-10-26 12:00:00,12,2142.2,0.9
2023-10-26 13:00:00,13,2927.7,1.4
2023-10-26 14:00:00,14,3367.3,6.4
2023-10-26 15:00:00,15,3710.5,2.9
2023-10-26 16:00:00,16,2965.4,2.9
2023-10-26 17:00:00,17,2020.1,1.9
2023-10-26 18:00:00,18,838.3,3.7
2023-10-26 19:00:00,19,483.6,2.1
2023-10-26 20:00:00,20,282.7,1.9
2023-10-26 21:00:00,21,62.6,0.6
2023-10-26 22:00:00,22,,0.3
2023-10-26 23:00:00,23,,1.7
2023-10-27 00:00:00,0,,1.6
2023-10-27 01:00:00,1,,1.7
2023-10-27 02:00:00,2,,1.8
2023-10-27 03:00:00,3,,1.3
2023-10-27 04:00:00,4,,0.6
2023-10-27 05:00:00,5,,0.3
2023-10-27 06:00:00,6,,1.7
2023-10-27 07:00:00,7,,1.4
2023-10-27 08:00:00,8,,1.3
2023-10-27 09:00:00,9,25.8,3.8
2023-10-27 10:00:00,10,256.0,3.6
2023-10-27 11:00:00,11,1198.0,0.1
2023-10-27 12:00:00,12,2466.4,1.0
2023-10-27 13:00:00,13,2994.0,1.6
2023-10-27 14:00:00,14,3377.8,1.3
2023-10-27 15:00:00,15,2900.1,1.8
2023-10-27 16:00:00,16,1791.9,2.2
2023-10-27 17:00:00,17,3167.8,1.5
2023-10-27 18:00:00,18,2495.5,2.1
2023-10-27 19:00:00,19,1030.6,2.8
2023-10-27 20:00:00,20,276.6,2.1
2023-10-27 21:00:00,21,70.5,1.4
2023-10-27 22:00:00,22,,1.2
2023-10-27 23:00:00,23,,4.5
2023-10-28 00:00:00,0,,3.1
2023-10-28 01:00:00,1,,1.7
2023-10-28 02:00:00,2,,2.2
2023-10-28 03:00:00,3,,1.8
2023-10-28 04:00:00,4,,1.3
2023-10-28 05:00:00,5,,1.2
2023-10-28 06:00:00,6,,0.6
2023-10-28 07:00:00,7,,1.0
2023-10-28 08:00:00,8,,0.5
2023-10-28 09:00:00,9,77.8,0.9
2023-10-28 10:00:00,10,700.5,3.6
2023-10-28 11:00:00,11,1200.0,4.7
2023-10-28 12:00:00,12,2496.9,4.5
2023-10-28 13:00:00,13,2940.6,3.8
2023-10-28 14:00:00,14,3435.6,2.9
2023-10-28 15:00:00,15,3624.4,4.1
2023-10-28 16:00:00,16,3507.3,4.3
2023-10-28 17:00:00,17,3243.9,4.3
2023-10-28 18:00:00,18,2105.0,3.8
2023-10-28 19:00:00,19,1515.2,3.3
2023-10-28 20:00:00,20,304.9,2.2
2023-10-28 21:00:00,21,71.7,2.6
2023-10-28 22:00:00,22,,1.6
2023-10-28 23:00:00,23,,3.6
2023-10-29 00:00:00,0,,4.0
2023-10-29 01:00:00,1,,4.3
2023-10-29 02:00:00,2,,3.2
2023-10-29 03:00:00,3,,2.8
2023-10-29 04:00:00,4,,2.7
2023-10-29 05:00:00,5,,1.7
2023-10-29 06:00:00,6,,2.9
2023-10-29 07:00:00,7,,2.0
2023-10-29 08:00:00,8,,1.7
2023-10-29 09:00:00,9,90.1,1.5
2023-10-29 10:00:00,10,896.7,2.9
2023-10-29 11:00:00,11,1834.3,2.3
2023-10-29 12:00:00,12,2669.2,3.4
2023-10-29 13:00:00,13,3127.7,4.3
2023-10-29 14:00:00,14,3552.8,4.1
2023-10-29 15:00:00,15,3762.1,4.0
2023-10-29 16:00:00,16,3636.7,3.9
2023-10-29 17:00:00,17,3301.7,4.0
2023-10-29 18:00:00,18,2705.0,2.7
2023-10-29 19:00:00,19,1411.2,3.3
2023-10-29 20:00:00,20,200.5,3.6
2023-10-29 21:00:00,21,81.4,2.5
2023-10-29 22:00:00,22,,1.6
2023-10-29 23:00:00,23,,1.8
2023-10-30 00:00:00,0,,1.3
2023-10-30 01:00:00,1,,2.2
2023-10-30 02:00:00,2,,1.9
2023-10-30 03:00:00,3,,2.3
2023-10-30 04:00:00,4,,2.0
2023-10-30 05:00:00,5,,0.9
2023-10-30 06:00:00,6,,1.0
2023-10-30 07:00:00,7,,1.1
2023-10-30 08:00:00,8,,1.3
2023-10-30 09:00:00,9,100.5,2.0
2023-10-30 10:00:00,10,882.5,2.4
2023-10-30 11:00:00,11,1768.6,2.8
2023-10-30 12:00:00,12,2582.2,2.8
2023-10-30 13:00:00,13,2994.2,1.9
2023-10-30 14:00:00,14,3403.7,2.0
2023-10-30 15:00:00,15,3651.7,2.2
2023-10-30 16:00:00,16,3477.7,2.1
2023-10-30 17:00:00,17,3186.1,1.8
2023-10-30 18:00:00,18,2540.8,2.0
2023-10-30 19:00:00,19,1303.3,1.7
2023-10-30 20:00:00,20,302.0,2.3
2023-10-30 21:00:00,21,110.8,1.5
2023-10-30 22:00:00,22,,1.0
2023-10-30 23:00:00,23,,1.7
2023-10-31 00:00:00,0,,1.9
2023-10-31 01:00:00,1,,3.0
2023-10-31 02:00:00,2,,3.6
2023-10-31 03:00:00,3,,2.9
2023-10-31 04:00:00,4,,1.7
2023-10-31 05:00:00,5,,0.8
2023-10-31 06:00:00,6,,1.0
2023-10-31 07:00:00,7,,1.7
2023-10-31 08:00:00,8,,1.8
2023-10-31 09:00:00,9,100.4,1.5
2023-10-31 10:00:00,10,344.5,2.0
2023-10-31 11:00:00,11,1691.9,2.9
2023-10-31 12:00:00,12,2136.1,2.8
2023-10-31 13:00:00,13,2594.0,1.9
2023-10-31 14:00:00,14,2975.2,2.6
2023-10-31 15:00:00,15,3645.3,1.6
2023-10-31 16:00:00,16,3435.8,1.7
2023-10-31 17:00:00,17,3314.0,2.2
2023-10-31 18:00:00,18,2590.2,1.6
2023-10-31 19:00:00,19,1361.4,1.2
2023-10-31 20:00:00,20,381.4,0.5
2023-10-31 21:00:00,21,61.2,0.9
2023-10-31 22:00:00,22,,0.8
2023-10-31 23:00:00,23,,6.0
2023-11-01 00:00:00,0,,4.8
2023-11-01 01:00:00,1,,3.1
2023-11-01 02:00:00,2,,2.6
2023-11-01 03:00:00,3,,0.6
2023-11-01 04:00:00,4,,0.4
2023-11-01 05:00:00,5,,0.7
2023-11-01 06:00:00,6,,0.0
2023-11-01 07:00:00,7,,0.0
2023-11-01 08:00:00,8,,1.1
2023-11-01 09:00:00,9,95.0,0.8
2023-11-01 10:00:00,10,787.8,0.4
2023-11-01 11:00:00,11,1600.2,1.3
2023-11-01 12:00:00,12,2441.9,1.0
2023-11-01 13:00:00,13,2909.2,1.2
2023-11-01 14:00:00,14,3329.7,2.5
2023-11-01 15:00:00,15,3493.9,2.7
2023-11-01 16:00:00,16,3664.4,1.7
2023-11-01 17:00:00,17,2111.5,2.3
2023-11-01 18:00:00,18,965.8,2.4
2023-11-01 19:00:00,19,490.6,2.9
2023-11-01 20:00:00,20,155.7,5.2
2023-11-01 21:00:00,21,30.8,3.6
2023-11-01 22:00:00,22,,2.3
2023-11-01 23:00:00,23,,1.2
2023-11-02 00:00:00,0,,2.8
2023-11-02 01:00:00,1,,2.3
2023-11-02 02:00:00,2,,1.9
2023-11-02 03:00:00,3,,0.9
2023-11-02 04:00:00,4,,1.2
2023-11-02 05:00:00,5,,0.7
2023-11-02 06:00:00,6,11.9,0.5
2023-11-02 07:00:00,7,5.4,1.0
2023-11-02 08:00:00,8,8.4,0.1
2023-11-02 09:00:00,9,41.2,1.9
2023-11-02 10:00:00,10,304.3,1.2
2023-11-02 11:00:00,11,901.2,1.2
2023-11-02 12:00:00,12,1999.0,0.8
2023-11-02 13:00:00,13,2854.5,1.8
2023-11-02 14:00:00,14,3066.7,1.6
2023-11-02 15:00:00,15,3373.1,2.3
2023-11-02 16:00:00,16,3409.2,2.9
2023-11-02 17:00:00,17,2113.9,3.0
2023-11-02 18:00:00,18,913.5,2.6
2023-11-02 19:00:00,19,120.5,3.0
2023-11-02 20:00:00,20,64.2,3.0
2023-11-02 21:00:00,21,37.7,0.8
2023-11-02 22:00:00,22,1.5,2.6
2023-11-02 23:00:00,23,1.3,1.2
2023-11-03 00:00:00,0,,0.6
2023-11-03 01:00:00,1,,0.3
2023-11-03 02:00:00,2,,1.4
2023-11-03 03:00:00,3,,0.3
2023-11-03 04:00:00,4,,0.6
2023-11-03 05:00:00,5,,0.5
2023-11-03 06:00:00,6,,1.6
2023-11-03 07:00:00,7,,0.1
2023-11-03 08:00:00,8,0.9,2.7
2023-11-03 09:00:00,9,9.6,0.5
2023-11-03 10:00:00,10,94.6,1.1
2023-11-03 11:00:00,11,303.6,2.6
2023-11-03 12:00:00,12,414.6,2.7
2023-11-03 13:00:00,13,423.4,0.7
2023-11-03 14:00:00,14,2118.2,1.4
2023-11-03 15:00:00,15,3767.5,1.7
2023-11-03 16:00:00,16,2389.6,1.1
2023-11-03 17:00:00,17,1348.7,6.0
2023-11-03 18:00:00,18,378.7,2.7
2023-11-03 19:00:00,19,48.2,3.0
2023-11-03 20:00:00,20,49.9,1.4
2023-11-03 21:00:00,21,5.5,1.6
2023-11-03 22:00:00,22,,0.7
2023-11-03 23:00:00,23,,1.1
2023-11-04 00:00:00,0,,0.1
2023-11-04 01:00:00,1,,0.2
2023-11-04 02:00:00,2,,1.4
2023-11-04 03:00:00,3,,1.2
2023-11-04 04:00:00,4,,0.0
2023-11-04 05:00:00,5,,0.3
2023-11-04 06:00:00,6,,0.2
2023-11-04 07:00:00,7,,0.2
2023-11-04 08:00:00,8,,0.0
2023-11-04 09:00:00,9,99.6,0.5
2023-11-04 10:00:00,10,824.8,0.1
2023-11-04 11:00:00,11,1702.4,0.7
2023-11-04 12:00:00,12,2534.1,0.6
2023-11-04 13:00:00,13,3148.8,1.5
2023-11-04 14:00:00,14,3571.6,2.1
2023-11-04 15:00:00,15,3741.7,1.6
2023-11-04 16:00:00,16,3626.6,2.2
2023-11-04 17:00:00,17,3405.1,2.0
2023-11-04 18:00:00,18,1318.6,1.8
2023-11-04 19:00:00,19,699.2,2.2
2023-11-04 20:00:00,20,202.3,2.3
2023-11-04 21:00:00,21,70.1,0.8
2023-11-04 22:00:00,22,,2.4
2023-11-04 23:00:00,23,,0.7
2023-11-05 00:00:00,0,,2.1
2023-11-05 01:00:00,1,,4.1
2023-11-05 02:00:00,2,,2.8
2023-11-05 03:00:00,3,,1.4
2023-11-05 04:00:00,4,,1.5
2023-11-05 05:00:00,5,0.9,1.6
2023-11-05 06:00:00,6,2.0,0.9
2023-11-05 07:00:00,7,0.8,1.9
2023-11-05 08:00:00,8,,1.2
2023-11-05 09:00:00,9,65.0,1.4
2023-11-05 10:00:00,10,765.7,0.3
2023-11-05 11:00:00,11,1843.3,2.9
2023-11-05 12:00:00,12,2564.0,2.0
2023-11-05 13:00:00,13,3100.9,1.0
2023-11-05 14:00:00,14,3368.5,1.8
2023-11-05 15:00:00,15,3491.9,3.0
2023-11-05 16:00:00,16,3526.7,2.6
2023-11-05 17:00:00,17,3217.6,1.5
2023-11-05 18:00:00,18,2139.0,1.2
2023-11-05 19:00:00,19,638.4,1.2
2023-11-05 20:00:00,20,174.3,1.0
2023-11-05 21:00:00,21,30.0,0.5
2023-11-05 22:00:00,22,,1.2
2023-11-05 23:00:00,23,,3.5
2023-11-06 00:00:00,0,,1.7
2023-11-06 01:00:00,1,0.3,2.3
2023-11-06 02:00:00,2,2.8,1.8
2023-11-06 03:00:00,3,0.2,2.4
2023-11-06 04:00:00,4,,0.5
2023-11-06 05:00:00,5,,1.2
2023-11-06 06:00:00,6,,1.0
2023-11-06 07:00:00,7,0.0,0.7
2023-11-06 08:00:00,8,3.4,1.7
2023-11-06 09:00:00,9,11.2,2.0
2023-11-06 10:00:00,10,95.5,1.5
2023-11-06 11:00:00,11,223.2,0.9
2023-11-06 12:00:00,12,360.1,0.0
2023-11-06 13:00:00,13,544.8,0.6
2023-11-06 14:00:00,14,1241.2,0.8
2023-11-06 15:00:00,15,1107.6,1.1
2023-11-06 16:00:00,16,1635.1,1.9
2023-11-06 17:00:00,17,1438.5,1.4
2023-11-06 18:00:00,18,1133.9,1.7
2023-11-06 19:00:00,19,507.9,2.4
2023-11-06 20:00:00,20,225.7,0.7
2023-11-06 21:00:00,21,32.9,0.2
2023-11-06 22:00:00,22,0.9,0.5
2023-11-06 23:00:00,23,2.1,0.9
2023-11-07 00:00:00,0,0.5,0.3
2023-11-07 01:00:00,1,,0.4
2023-11-07 02:00:00,2,,0.2
2023-11-07 03:00:00,3,,0.0
2023-11-07 04:00:00,4,,0.1
2023-11-07 05:00:00,5,,0.0
2023-11-07 06:00:00,6,,0.9
2023-11-07 07:00:00,7,,0.5
2023-11-07 08:00:00,8,,0.5
2023-11-07 09:00:00,9,112.9,1.4
2023-11-07 10:00:00,10,901.9,2.3
2023-11-07 11:00:00,11,1869.2,3.8
2023-11-07 12:00:00,12,2711.9,4.8
2023-11-07 13:00:00,13,2855.9,3.3
2023-11-07 14:00:00,14,3572.9,3.2
2023-11-07 15:00:00,15,3564.2,2.6
2023-11-07 16:00:00,16,3161.2,1.1
2023-11-07 17:00:00,17,2056.1,3.4
2023-11-07 18:00:00,18,2059.7,3.0
2023-11-07 19:00:00,19,1745.9,2.2
2023-11-07 20:00:00,20,397.6,1.0
2023-11-07 21:00:00,21,57.1,4.6
2023-11-07 22:00:00,22,,5.3
2023-11-07 23:00:00,23,,4.0
2023-11-08 00:00:00,0,,2.1
2023-11-08 01:00:00,1,,0.8
2023-11-08 02:00:00,2,,1.9
2023-11-08 03:00:00,3,,1.2
2023-11-08 04:00:00,4,,0.2
2023-11-08 05:00:00,5,,1.0
2023-11-08 06:00:00,6,,0.7
2023-11-08 07:00:00,7,,0.3
2023-11-08 08:00:00,8,,0.2
2023-11-08 09:00:00,9,119.3,1.2
2023-11-08 10:00:00,10,924.7,1.9
2023-11-08 11:00:00,11,1846.5,3.8
2023-11-08 12:00:00,12,2673.3,2.7
2023-11-08 13:00:00,13,3288.6,3.0
2023-11-08 14:00:00,14,3585.1,2.4
2023-11-08 15:00:00,15,3570.4,2.2
2023-11-08 16:00:00,16,3591.1,2.1
2023-11-08 17:00:00,17,3422.7,2.0
2023-11-08 18:00:00,18,2661.5,1.8
2023-11-08 19:00:00,19,1590.6,2.7
2023-11-08 20:00:00,20,364.0,2.1
2023-11-08 21:00:00,21,139.9,1.8
2023-11-08 22:00:00,22,,2.6
2023-11-08 23:00:00,23,,4.4
2023-11-09 00:00:00,0,,3.8
2023-11-09 01:00:00,1,,3.0
2023-11-09 02:00:00,2,,1.0
2023-11-09 03:00:00,3,,1.4
2023-11-09 04:00:00,4,,2.2
2023-11-09 05:00:00,5,,1.6
2023-11-09 06:00:00,6,,2.3
2023-11-09 07:00:00,7,,2.4
2023-11-09 08:00:00,8,,1.0
2023-11-09 09:00:00,9,126.2,1.2
2023-11-09 10:00:00,10,1134.2,2.2
2023-11-09 11:00:00,11,1663.4,3.2
2023-11-09 12:00:00,12,2567.2,4.1
2023-11-09 13:00:00,13,3294.5,4.2
2023-11-09 14:00:00,14,3673.7,4.3
2023-11-09 15:00:00,15,3825.7,3.7
2023-11-09 16:00:00,16,3700.8,3.6
2023-11-09 17:00:00,17,3107.1,3.5
2023-11-09 18:00:00,18,2206.8,2.9
2023-11-09 19:00:00,19,1818.2,3.6
2023-11-09 20:00:00,20,343.7,1.6
2023-11-09 21:00:00,21,128.1,2.4
2023-11-09 22:00:00,22,,2.4
2023-11-09 23:00:00,23,,1.7
2023-11-10 00:00:00,0,,2.1
2023-11-10 01:00:00,1,,1.8
2023-11-10 02:00:00,2,,2.3
2023-11-10 03:00:00,3,,1.3
2023-11-10 04:00:00,4,,3.3
2023-11-10 05:00:00,5,,2.8
2023-11-10 06:00:00,6,,1.4
2023-11-10 07:00:00,7,,1.3
2023-11-10 08:00:00,8,,1.6
2023-11-10 09:00:00,9,120.7,1.2
2023-11-10 10:00:00,10,919.7,2.3
2023-11-10 11:00:00,11,1837.0,2.5
2023-11-10 12:00:00,12,2680.8,3.5
2023-11-10 13:00:00,13,3304.5,3.3
2023-11-10 14:00:00,14,3661.9,3.6
2023-11-10 15:00:00,15,3814.8,3.9
2023-11-10 16:00:00,16,3688.6,3.6
2023-11-10 17:00:00,17,3345.6,2.8
2023-11-10 18:00:00,18,2721.0,3.9
2023-11-10 19:00:00,19,1475.9,3.6
2023-11-10 20:00:00,20,291.1,2.4
2023-11-10 21:00:00,21,108.9,2.3
2023-11-10 22:00:00,22,,1.5
2023-11-10 23:00:00,23,,1.7
2023-11-11 00:00:00,0,,2.1
2023-11-11 01:00:00,1,,2.8
2023-11-11 02:00:00,2,,0.8
2023-11-11 03:00:00,3,,0.7
2023-11-11 04:00:00,4,,1.0
2023-11-11 05:00:00,5,,0.8
2023-11-11 06:00:00,6,,2.8
2023-11-11 07:00:00,7,,2.6
2023-11-11 08:00:00,8,,1.4
2023-11-11 09:00:00,9,124.5,1.6
2023-11-11 10:00:00,10,918.9,1.1
2023-11-11 11:00:00,11,1841.7,2.7
2023-11-11 12:00:00,12,2701.2,3.6
2023-11-11 13:00:00,13,3319.8,4.3
2023-11-11 14:00:00,14,3702.3,4.3
2023-11-11 15:00:00,15,3856.7,3.8
2023-11-11 16:00:00,16,3718.1,3.7
2023-11-11 17:00:00,17,3383.3,3.5
2023-11-11 18:00:00,18,2747.3,3.2
2023-11-11 19:00:00,19,1752.7,2.4
2023-11-11 20:00:00,20,309.1,2.9
2023-11-11 21:00:00,21,119.6,1.6
2023-11-11 22:00:00,22,,1.6
2023-11-11 23:00:00,23,,1.5
2023-11-12 00:00:00,0,,2.9
2023-11-12 01:00:00,1,,2.5
2023-11-12 02:00:00,2,,2.5
2023-11-12 03:00:00,3,,1.1
2023-11-12 04:00:00,4,,1.3
2023-11-12 05:00:00,5,,1.3
2023-11-12 06:00:00,6,,1.6
2023-11-12 07:00:00,7,,1.1
2023-11-12 08:00:00,8,,1.5
2023-11-12 09:00:00,9,132.2,1.1
2023-11-12 10:00:00,10,924.9,0.8
2023-11-12 11:00:00,11,1855.6,3.3
2023-11-12 12:00:00,12,2704.4,4.1
2023-11-12 13:00:00,13,3317.6,3.7
2023-11-12 14:00:00,14,3690.8,3.7
2023-11-12 15:00:00,15,3840.3,2.4
2023-11-12 16:00:00,16,3696.7,2.6
2023-11-12 17:00:00,17,3367.6,1.0
2023-11-12 18:00:00,18,2727.5,2.4
2023-11-12 19:00:00,19,1808.1,2.1
2023-11-12 20:00:00,20,303.9,2.7
2023-11-12 21:00:00,21,107.0,1.6
2023-11-12 22:00:00,22,,0.7
2023-11-12 23:00:00,23,,0.8
2023-11-13 00:00:00,0,,1.7
2023-11-13 01:00:00,1,,1.5
2023-11-13 02:00:00,2,,1.5
2023-11-13 03:00:00,3,,1.4
2023-11-13 04:00:00,4,,1.6
2023-11-13 05:00:00,5,,1.3
2023-11-13 06:00:00,6,,1.3
2023-11-13 07:00:00,7,,1.4
2023-11-13 08:00:00,8,,0.9
2023-11-13 09:00:00,9,133.1,1.4
2023-11-13 10:00:00,10,937.3,1.7
2023-11-13 11:00:00,11,1856.4,2.1
2023-11-13 12:00:00,12,2690.3,2.9
2023-11-13 13:00:00,13,3302.1,3.3
2023-11-13 14:00:00,14,3672.9,2.5
2023-11-13 15:00:00,15,3823.4,1.8
2023-11-13 16:00:00,16,3674.1,1.5
2023-11-13 17:00:00,17,3319.8,1.0
2023-11-13 18:00:00,18,2683.9,0.7
2023-11-13 19:00:00,19,1787.3,2.2
2023-11-13 20:00:00,20,374.5,1.5
2023-11-13 21:00:00,21,119.6,1.0
2023-11-13 22:00:00,22,,0.9
2023-11-13 23:00:00,23,,0.9
2023-11-14 00:00:00,0,,2.3
2023-11-14 01:00:00,1,,1.7
2023-11-14 02:00:00,2,,3.6
2023-11-14 03:00:00,3,,2.0
2023-11-14 04:00:00,4,,0.9
2023-11-14 05:00:00,5,,1.3
2023-11-14 06:00:00,6,,1.3
2023-11-14 07:00:00,7,,0.7
2023-11-14 08:00:00,8,,1.2
2023-11-14 09:00:00,9,130.2,0.3
2023-11-14 10:00:00,10,899.9,1.5
2023-11-14 11:00:00,11,1802.1,0.8
2023-11-14 12:00:00,12,2620.2,0.8
2023-11-14 13:00:00,13,3220.1,2.8
2023-11-14 14:00:00,14,3619.5,4.3
2023-11-14 15:00:00,15,3763.2,2.3
2023-11-14 16:00:00,16,3620.3,2.2
2023-11-14 17:00:00,17,3233.7,1.8
2023-11-14 18:00:00,18,2541.4,1.4
2023-11-14 19:00:00,19,1675.5,1.6
2023-11-14 20:00:00,20,390.0,2.2
2023-11-14 21:00:00,21,103.8,1.3
2023-11-14 22:00:00,22,,2.6
2023-11-14 23:00:00,23,,2.0
2023-11-15 00:00:00,0,,1.6
2023-11-15 01:00:00,1,,0.8
2023-11-15 02:00:00,2,,0.9
2023-11-15 03:00:00,3,,0.8
2023-11-15 04:00:00,4,,0.9
2023-11-15 05:00:00,5,,0.5
2023-11-15 06:00:00,6,,1.2
2023-11-15 07:00:00,7,,0.9
2023-11-15 08:00:00,8,,1.5
2023-11-15 09:00:00,9,129.7,1.1
2023-11-15 10:00:00,10,884.8,2.2
2023-11-15 11:00:00,11,1776.4,1.5
2023-11-15 12:00:00,12,2581.4,1.5
2023-11-15 13:00:00,13,3148.7,1.8
2023-11-15 14:00:00,14,3558.9,1.6
2023-11-15 15:00:00,15,3751.9,2.3
2023-11-15 16:00:00,16,3297.4,2.3
2023-11-15 17:00:00,17,2726.5,1.4
2023-11-15 18:00:00,18,2237.7,0.8
2023-11-15 19:00:00,19,1290.4,0.2
2023-11-15 20:00:00,20,593.0,1.8
2023-11-15 21:00:00,21,108.4,1.6
2023-11-15 22:00:00,22,,0.9
2023-11-15 23:00:00,23,,1.6
2023-11-16 00:00:00,0,,2.8
2023-11-16 01:00:00,1,,1.8
2023-11-16 02:00:00,2,,2.4
2023-11-16 03:00:00,3,,0.6
2023-11-16 04:00:00,4,,0.8
2023-11-16 05:00:00,5,,1.0
2023-11-16 06:00:00,6,,1.1
2023-11-16 07:00:00,7,,1.7
2023-11-16 08:00:00,8,,1.3
2023-11-16 09:00:00,9,98.0,0.7
2023-11-16 10:00:00,10,858.2,1.9
2023-11-16 11:00:00,11,1813.6,3.5
2023-11-16 12:00:00,12,2591.3,4.1
2023-11-16 13:00:00,13,3199.9,4.3
2023-11-16 14:00:00,14,3528.3,4.1
2023-11-16 15:00:00,15,3713.0,3.1
2023-11-16 16:00:00,16,3600.4,3.1
2023-11-16 17:00:00,17,3373.9,2.1
2023-11-16 18:00:00,18,2486.8,1.9
2023-11-16 19:00:00,19,1827.2,1.6
2023-11-16 20:00:00,20,465.7,1.5
2023-11-16 21:00:00,21,40.7,0.7
2023-11-16 22:00:00,22,,0.3
2023-11-16 23:00:00,23,,1.3
2023-11-17 00:00:00,0,,0.8
2023-11-17 01:00:00,1,,0.9
2023-11-17 02:00:00,2,,0.7
2023-11-17 03:00:00,3,,0.3
2023-11-17 04:00:00,4,,2.7
2023-11-17 05:00:00,5,0.9,2.0
2023-11-17 06:00:00,6,,0.3
2023-11-17 07:00:00,7,,1.2
2023-11-17 08:00:00,8,,1.3
2023-11-17 09:00:00,9,104.8,1.8
2023-11-17 10:00:00,10,452.2,2.8
2023-11-17 11:00:00,11,954.2,3.8
2023-11-17 12:00:00,12,1919.0,2.7
2023-11-17 13:00:00,13,2296.8,3.2
2023-11-17 14:00:00,14,2796.6,3.2
2023-11-17 15:00:00,15,3767.9,3.4
2023-11-17 16:00:00,16,2915.3,1.8
2023-11-17 17:00:00,17,2627.4,2.4
2023-11-17 18:00:00,18,1626.3,2.6
2023-11-17 19:00:00,19,1572.1,2.0
2023-11-17 20:00:00,20,502.1,1.5
2023-11-17 21:00:00,21,117.1,1.4
2023-11-17 22:00:00,22,,2.6
2023-11-17 23:00:00,23,,1.4
2023-11-18 00:00:00,0,,0.9
2023-11-18 01:00:00,1,,0.2
2023-11-18 02:00:00,2,,0.7
2023-11-18 03:00:00,3,,0.3
2023-11-18 04:00:00,4,,0.7
2023-11-18 05:00:00,5,,0.7
2023-11-18 06:00:00,6,,0.2
2023-11-18 07:00:00,7,,2.3
2023-11-18 08:00:00,8,2.9,3.6
2023-11-18 09:00:00,9,15.7,3.1
2023-11-18 10:00:00,10,86.2,0.9
2023-11-18 11:00:00,11,509.0,1.1
2023-11-18 12:00:00,12,1666.9,0.1
2023-11-18 13:00:00,13,2185.4,0.9
2023-11-18 14:00:00,14,2620.8,1.4
2023-11-18 15:00:00,15,1928.9,1.9
2023-11-18 16:00:00,16,1474.7,1.1
2023-11-18 17:00:00,17,2443.0,0.7
2023-11-18 18:00:00,18,2198.8,1.7
2023-11-18 19:00:00,19,1538.6,0.8
2023-11-18 20:00:00,20,466.6,1.6
2023-11-18 21:00:00,21,133.5,0.6
2023-11-18 22:00:00,22,,0.2
2023-11-18 23:00:00,23,,0.7
2023-11-19 00:00:00,0,,0.8
2023-11-19 01:00:00,1,,0.7
2023-11-19 02:00:00,2,,1.8
2023-11-19 03:00:00,3,,1.5
2023-11-19 04:00:00,4,,1.9
2023-11-19 05:00:00,5,,2.2
2023-11-19 06:00:00,6,,2.3
2023-11-19 07:00:00,7,,2.3
2023-11-19 08:00:00,8,,1.2
2023-11-19 09:00:00,9,102.5,0.5
2023-11-19 10:00:00,10,993.8,0.3
2023-11-19 11:00:00,11,1038.8,0.3
2023-11-19 12:00:00,12,1557.6,1.8
2023-11-19 13:00:00,13,2181.3,1.2
2023-11-19 14:00:00,14,3049.0,1.3
2023-11-19 15:00:00,15,3706.5,1.3
2023-11-19 16:00:00,16,2591.2,1.2
2023-11-19 17:00:00,17,3234.0,2.2
2023-11-19 18:00:00,18,2680.3,1.0
2023-11-19 19:00:00,19,1812.9,2.0
2023-11-19 20:00:00,20,458.0,1.2
2023-11-19 21:00:00,21,63.6,1.8
2023-11-19 22:00:00,22,,1.7
2023-11-19 23:00:00,23,,1.5
2023-11-20 00:00:00,0,,1.5
2023-11-20 01:00:00,1,9.4,6.2
2023-11-20 02:00:00,2,2.7,4.4
2023-11-20 03:00:00,3,2.9,2.8
2023-11-20 04:00:00,4,1.1,1.2
2023-11-20 05:00:00,5,0.8,0.8
2023-11-20 06:00:00,6,,0.6
2023-11-20 07:00:00,7,,2.2
2023-11-20 08:00:00,8,,0.1
2023-11-20 09:00:00,9,90.9,1.0
2023-11-20 10:00:00,10,438.8,0.7
2023-11-20 11:00:00,11,1664.0,0.1
2023-11-20 12:00:00,12,2158.8,2.4
2023-11-20 13:00:00,13,3136.4,2.4
2023-11-20 14:00:00,14,3250.3,2.3
2023-11-20 15:00:00,15,3548.4,2.9
2023-11-20 16:00:00,16,3464.6,2.5
2023-11-20 17:00:00,17,2441.4,1.9
2023-11-20 18:00:00,18,2150.5,2.4
2023-11-20 19:00:00,19,763.5,2.3
2023-11-20 20:00:00,20,473.7,2.0
2023-11-20 21:00:00,21,32.3,3.4
2023-11-20 22:00:00,22,7.7,0.6
2023-11-20 23:00:00,23,3.8,2.7
2023-11-21 00:00:00,0,0.1,0.9
2023-11-21 01:00:00,1,0.2,0.9
2023-11-21 02:00:00,2,,1.0
2023-11-21 03:00:00,3,0.7,1.0
2023-11-21 04:00:00,4,,0.2
2023-11-21 05:00:00,5,0.5,0.6
2023-11-21 06:00:00,6,1.0,0.1
2023-11-21 07:00:00,7,2.0,0.7
2023-11-21 08:00:00,8,0.6,1.3
2023-11-21 09:00:00,9,110.3,0.1
2023-11-21 10:00:00,10,931.1,0.6
2023-11-21 11:00:00,11,1788.3,2.4
2023-11-21 12:00:00,12,2483.6,2.3
2023-11-21 13:00:00,13,3077.5,3.2
2023-11-21 14:00:00,14,3279.8,3.2
2023-11-21 15:00:00,15,3304.3,2.1
2023-11-21 16:00:00,16,3478.2,2.3
2023-11-21 17:00:00,17,3188.1,2.1
2023-11-21 18:00:00,18,2390.3,1.4
2023-11-21 19:00:00,19,1873.6,1.0
2023-11-21 20:00:00,20,456.0,0.0
2023-11-21 21:00:00,21,97.4,0.1
2023-11-21 22:00:00,22,,0.0
2023-11-21 23:00:00,23,,0.2
2023-11-22 00:00:00,0,,0.0
2023-11-22 01:00:00,1,,1.3
2023-11-22 02:00:00,2,,1.3
2023-11-22 03:00:00,3,,0.9
2023-11-22 04:00:00,4,,0.6
2023-11-22 05:00:00,5,,1.4
2023-11-22 06:00:00,6,,1.4
2023-11-22 07:00:00,7,,1.5
2023-11-22 08:00:00,8,,1.7
2023-11-22 09:00:00,9,120.4,2.3
2023-11-22 10:00:00,10,845.8,2.5
2023-11-22 11:00:00,11,1830.2,2.7
2023-11-22 12:00:00,12,2694.9,2.7
2023-11-22 13:00:00,13,3072.9,2.8
2023-11-22 14:00:00,14,3217.7,2.8
2023-11-22 15:00:00,15,3171.7,1.9
2023-11-22 16:00:00,16,3232.8,1.8
2023-11-22 17:00:00,17,3271.6,1.5
2023-11-22 18:00:00,18,2764.2,1.2
2023-11-22 19:00:00,19,1932.7,0.7
2023-11-22 20:00:00,20,503.9,0.8
2023-11-22 21:00:00,21,143.2,0.2
2023-11-22 22:00:00,22,,1.6
2023-11-22 23:00:00,23,,1.3
2023-11-23 00:00:00,0,,0.7
2023-11-23 01:00:00,1,,1.2
2023-11-23 02:00:00,2,,1.4
2023-11-23 03:00:00,3,,1.2
2023-11-23 04:00:00,4,,0.8
2023-11-23 05:00:00,5,,2.0
2023-11-23 06:00:00,6,,2.1
2023-11-23 07:00:00,7,,2.5
2023-11-23 08:00:00,8,,0.7
2023-11-23 09:00:00,9,128.7,1.0
2023-11-23 10:00:00,10,886.6,2.6
2023-11-23 11:00:00,11,1808.0,3.6
2023-11-23 12:00:00,12,2710.9,4.1
2023-11-23 13:00:00,13,3228.1,3.0
2023-11-23 14:00:00,14,3141.2,3.2
2023-11-23 15:00:00,15,3078.9,2.7
2023-11-23 16:00:00,16,3293.5,1.9
2023-11-23 17:00:00,17,3465.4,1.8
2023-11-23 18:00:00,18,2802.3,1.4
2023-11-23 19:00:00,19,1865.9,0.8
2023-11-23 20:00:00,20,533.4,1.4
2023-11-23 21:00:00,21,140.7,0.5
2023-11-23 22:00:00,22,,1.1
2023-11-23 23:00:00,23,,0.9
2023-11-24 00:00:00,0,,0.8
2023-11-24 01:00:00,1,,0.9
2023-11-24 02:00:00,2,,0.1
2023-11-24 03:00:00,3,,1.0
2023-11-24 04:00:00,4,,1.1
2023-11-24 05:00:00,5,,2.2
2023-11-24 06:00:00,6,,1.6
2023-11-24 07:00:00,7,,1.5
2023-11-24 08:00:00,8,,0.2
2023-11-24 09:00:00,9,130.3,0.3
2023-11-24 10:00:00,10,860.5,0.6
2023-11-24 11:00:00,11,1798.2,1.2
2023-11-24 12:00:00,12,2692.9,1.4
2023-11-24 13:00:00,13,3227.0,1.9
2023-11-24 14:00:00,14,3124.3,2.9
2023-11-24 15:00:00,15,3110.1,2.3
2023-11-24 16:00:00,16,3392.6,2.5
2023-11-24 17:00:00,17,3471.1,2.3
2023-11-24 18:00:00,18,2792.1,1.5
2023-11-24 19:00:00,19,1861.7,1.2
2023-11-24 20:00:00,20,567.1,1.0
2023-11-24 21:00:00,21,104.5,0.7
2023-11-24 22:00:00,22,,0.0
2023-11-24 23:00:00,23,,0.8
2023-11-25 00:00:00,0,,0.8
2023-11-25 01:00:00,1,,0.9
2023-11-25 02:00:00,2,,1.1
2023-11-25 03:00:00,3,,1.0
2023-11-25 04:00:00,4,,1.2
2023-11-25 05:00:00,5,,1.3
2023-11-25 06:00:00,6,,0.2
2023-11-25 07:00:00,7,,0.9
2023-11-25 08:00:00,8,,1.7
2023-11-25 09:00:00,9,114.7,1.3
2023-11-25 10:00:00,10,905.9,2.3
2023-11-25 11:00:00,11,1234.6,2.0
2023-11-25 12:00:00,12,2326.6,2.5
2023-11-25 13:00:00,13,3082.2,2.1
2023-11-25 14:00:00,14,3159.4,1.8
2023-11-25 15:00:00,15,3272.0,1.9
2023-11-25 16:00:00,16,3486.5,1.6
2023-11-25 17:00:00,17,3401.4,0.7
2023-11-25 18:00:00,18,2704.5,1.4
2023-11-25 19:00:00,19,1839.0,1.0
2023-11-25 20:00:00,20,574.2,0.5
2023-11-25 21:00:00,21,106.1,0.8
2023-11-25 22:00:00,22,,2.0
2023-11-25 23:00:00,23,,2.8
2023-11-26 00:00:00,0,,1.8
2023-11-26 01:00:00,1,,3.0
2023-11-26 02:00:00,2,,1.9
2023-11-26 03:00:00,3,,1.4
2023-11-26 04:00:00,4,,0.5
2023-11-26 05:00:00,5,,0.8
2023-11-26 06:00:00,6,,1.7
2023-11-26 07:00:00,7,,2.4
2023-11-26 08:00:00,8,,2.6
2023-11-26 09:00:00,9,129.3,3.2
2023-11-26 10:00:00,10,880.2,3.3
2023-11-26 11:00:00,11,1761.0,2.7
2023-11-26 12:00:00,12,2612.4,2.5
2023-11-26 13:00:00,13,3325.7,3.2
2023-11-26 14:00:00,14,3531.8,4.4
2023-11-26 15:00:00,15,3365.1,4.0
2023-11-26 16:00:00,16,2982.1,3.8
2023-11-26 17:00:00,17,1786.9,4.1
2023-11-26 18:00:00,18,2648.3,4.8
2023-11-26 19:00:00,19,1737.6,4.4
2023-11-26 20:00:00,20,537.0,4.8
2023-11-26 21:00:00,21,71.9,4.7
2023-11-26 22:00:00,22,,4.7
2023-11-26 23:00:00,23,,4.7
2023-11-27 00:00:00,0,,3.6
2023-11-27 01:00:00,1,,2.5
2023-11-27 02:00:00,2,,2.7
2023-11-27 03:00:00,3,,2.1
2023-11-27 04:00:00,4,,2.2
2023-11-27 05:00:00,5,,2.3
2023-11-27 06:00:00,6,,0.9
2023-11-27 07:00:00,7,,0.4
2023-11-27 08:00:00,8,,0.8
2023-11-27 09:00:00,9,130.4,1.1
2023-11-27 10:00:00,10,938.7,2.8
2023-11-27 11:00:00,11,1868.5,2.9
2023-11-27 12:00:00,12,2705.5,1.5
2023-11-27 13:00:00,13,3372.7,2.8
2023-11-27 14:00:00,14,3641.3,1.7
2023-11-27 15:00:00,15,3532.9,1.2
2023-11-27 16:00:00,16,3574.1,2.7
2023-11-27 17:00:00,17,3522.3,1.7
2023-11-27 18:00:00,18,2839.4,1.3
2023-11-27 19:00:00,19,1948.1,1.6
2023-11-27 20:00:00,20,596.0,1.3
2023-11-27 21:00:00,21,98.8,0.7
2023-11-27 22:00:00,22,,0.0
2023-11-27 23:00:00,23,,0.9
2023-11-28 00:00:00,0,,0.3
2023-11-28 01:00:00,1,,0.4
2023-11-28 02:00:00,2,,2.0
2023-11-28 03:00:00,3,,0.5
2023-11-28 04:00:00,4,,1.2
2023-11-28 05:00:00,5,,0.9
2023-11-28 06:00:00,6,,0.8
2023-11-28 07:00:00,7,,1.5
2023-11-28 08:00:00,8,,1.8
2023-11-28 09:00:00,9,126.7,1.2
2023-11-28 10:00:00,10,902.9,1.5
2023-11-28 11:00:00,11,1813.6,2.1
2023-11-28 12:00:00,12,2663.6,3.2
2023-11-28 13:00:00,13,3307.0,2.5
2023-11-28 14:00:00,14,3416.6,2.0
2023-11-28 15:00:00,15,3092.7,2.1
2023-11-28 16:00:00,16,3612.6,1.9
2023-11-28 17:00:00,17,3450.5,1.5
2023-11-28 18:00:00,18,2780.4,1.7
2023-11-28 19:00:00,19,1905.1,0.5
2023-11-28 20:00:00,20,547.8,1.0
2023-11-28 21:00:00,21,99.5,0.2
2023-11-28 22:00:00,22,,4.5
2023-11-28 23:00:00,23,,3.7
2023-11-29 00:00:00,0,,1.5
2023-11-29 01:00:00,1,,1.7
2023-11-29 02:00:00,2,,1.5
2023-11-29 03:00:00,3,,1.5
2023-11-29 04:00:00,4,,1.2
2023-11-29 05:00:00,5,,1.5
2023-11-29 06:00:00,6,,1.4
2023-11-29 07:00:00,7,,2.4
2023-11-29 08:00:00,8,,0.7
2023-11-29 09:00:00,9,127.1,0.5
2023-11-29 10:00:00,10,896.0,1.5
2023-11-29 11:00:00,11,1814.1,2.5
2023-11-29 12:00:00,12,2599.0,2.9
2023-11-29 13:00:00,13,3225.0,3.0
2023-11-29 14:00:00,14,3524.8,2.8
2023-11-29 15:00:00,15,3613.4,2.7
2023-11-29 16:00:00,16,3626.3,1.5
2023-11-29 17:00:00,17,3382.8,1.8
2023-11-29 18:00:00,18,2917.5,0.8
2023-11-29 19:00:00,19,1154.3,1.8
2023-11-29 20:00:00,20,298.2,2.6
2023-11-29 21:00:00,21,143.2,2.0
2023-11-29 22:00:00,22,,1.2
2023-11-29 23:00:00,23,,0.9
2023-11-30 00:00:00,0,,1.9
2023-11-30 01:00:00,1,,1.6
2023-11-30 02:00:00,2,,2.4
2023-11-30 03:00:00,3,,1.8
2023-11-30 04:00:00,4,,1.0
2023-11-30 05:00:00,5,,1.6
2023-11-30 06:00:00,6,,1.4
2023-11-30 07:00:00,7,,1.0
2023-11-30 08:00:00,8,,1.7
2023-11-30 09:00:00,9,156.1,1.6
2023-11-30 10:00:00,10,810.6,1.1
2023-11-30 11:00:00,11,1806.8,0.6
2023-11-30 12:00:00,12,2756.5,1.7
2023-11-30 13:00:00,13,3254.5,2.8
2023-11-30 14:00:00,14,3609.5,2.8
2023-11-30 15:00:00,15,3755.1,3.7
2023-11-30 16:00:00,16,3671.4,2.9
2023-11-30 17:00:00,17,3396.8,1.7
2023-11-30 18:00:00,18,2779.0,1.6
2023-11-30 19:00:00,19,1944.6,1.8
2023-11-30 20:00:00,20,593.6,2.1
2023-11-30 21:00:00,21,109.1,0.6
2023-11-30 22:00:00,22,,1.1
2023-11-30 23:00:00,23,,0.8
2023-12-01 00:00:00,0,,0.6
2023-12-01 01:00:00,1,,1.1
2023-12-01 02:00:00,2,,1.9
2023-12-01 03:00:00,3,,1.4
2023-12-01 04:00:00,4,,0.9
2023-12-01 05:00:00,5,,1.3
2023-12-01 06:00:00,6,,1.0
2023-12-01 07:00:00,7,,1.4
2023-12-01 08:00:00,8,,1.5
2023-12-01 09:00:00,9,90.5,2.0
2023-12-01 10:00:00,10,861.9,1.9
2023-12-01 11:00:00,11,1721.6,1.8
2023-12-01 12:00:00,12,2586.0,2.6
2023-12-01 13:00:00,13,3166.6,1.5
2023-12-01 14:00:00,14,3551.0,2.6
2023-12-01 15:00:00,15,3735.8,2.9
2023-12-01 16:00:00,16,3799.6,1.8
2023-12-01 17:00:00,17,3207.8,1.5
2023-12-01 18:00:00,18,2153.6,2.0
2023-12-01 19:00:00,19,1578.0,1.0
2023-12-01 20:00:00,20,514.4,0.7
2023-12-01 21:00:00,21,94.6,0.0
2023-12-01 22:00:00,22,,0.1
2023-12-01 23:00:00,23,,2.5
2023-12-02 00:00:00,0,,1.3
2023-12-02 01:00:00,1,,1.9
2023-12-02 02:00:00,2,,1.2
2023-12-02 03:00:00,3,,0.8
2023-12-02 04:00:00,4,,1.0
2023-12-02 05:00:00,5,,1.2
2023-12-02 06:00:00,6,,1.0
2023-12-02 07:00:00,7,,1.1
2023-12-02 08:00:00,8,,1.6
2023-12-02 09:00:00,9,113.3,1.5
2023-12-02 10:00:00,10,695.4,0.8
2023-12-02 11:00:00,11,1635.0,1.6
2023-12-02 12:00:00,12,2566.6,2.2
2023-12-02 13:00:00,13,3180.0,2.8
2023-12-02 14:00:00,14,3541.0,3.3
2023-12-02 15:00:00,15,3782.5,3.0
2023-12-02 16:00:00,16,3677.7,1.3
2023-12-02 17:00:00,17,2136.0,1.2
2023-12-02 18:00:00,18,2542.8,2.1
2023-12-02 19:00:00,19,1783.4,1.8
2023-12-02 20:00:00,20,612.1,2.9
2023-12-02 21:00:00,21,122.2,1.5
2023-12-02 22:00:00,22,,0.8
2023-12-02 23:00:00,23,,1.3
2023-12-03 00:00:00,0,,1.4
2023-12-03 01:00:00,1,,1.4
2023-12-03 02:00:00,2,,1.9
2023-12-03 03:00:00,3,,2.1
2023-12-03 04:00:00,4,,0.8
2023-12-03 05:00:00,5,,2.3
2023-12-03 06:00:00,6,,2.1
2023-12-03 07:00:00,7,,1.2
2023-12-03 08:00:00,8,,4.2
2023-12-03 09:00:00,9,56.7,3.5
2023-12-03 10:00:00,10,574.9,2.6
2023-12-03 11:00:00,11,649.2,3.2
2023-12-03 12:00:00,12,1720.1,3.1
2023-12-03 13:00:00,13,2811.8,3.0
2023-12-03 14:00:00,14,2948.2,2.9
2023-12-03 15:00:00,15,3749.1,3.1
2023-12-03 16:00:00,16,3297.5,3.1
2023-12-03 17:00:00,17,2495.6,2.9
2023-12-03 18:00:00,18,2645.1,3.3
2023-12-03 19:00:00,19,1269.1,2.6
2023-12-03 20:00:00,20,622.3,3.0
2023-12-03 21:00:00,21,86.6,1.3
2023-12-03 22:00:00,22,,1.1
2023-12-03 23:00:00,23,,2.1
2023-12-04 00:00:00,0,,2.0
2023-12-04 01:00:00,1,,1.6
2023-12-04 02:00:00,2,,0.0
2023-12-04 03:00:00,3,,1.6
2023-12-04 04:00:00,4,,1.6
2023-12-04 05:00:00,5,,1.3
2023-12-04 06:00:00,6,,0.2
2023-12-04 07:00:00,7,,0.8
2023-12-04 08:00:00,8,,0.9
2023-12-04 09:00:00,9,141.4,1.8
2023-12-04 10:00:00,10,895.9,1.3
2023-12-04 11:00:00,11,1739.7,1.0
2023-12-04 12:00:00,12,2547.8,1.2
2023-12-04 13:00:00,13,3230.1,1.1
2023-12-04 14:00:00,14,3648.7,1.7
2023-12-04 15:00:00,15,3822.0,1.9
2023-12-04 16:00:00,16,3710.3,1.7
2023-12-04 17:00:00,17,2880.1,5.6
2023-12-04 18:00:00,18,2176.5,6.4
2023-12-04 19:00:00,19,1023.9,4.0
2023-12-04 20:00:00,20,553.3,2.2
2023-12-04 21:00:00,21,144.1,2.3
2023-12-04 22:00:00,22,,1.6
2023-12-04 23:00:00,23,,1.8
2023-12-05 00:00:00,0,,1.5
2023-12-05 01:00:00,1,,1.5
2023-12-05 02:00:00,2,,1.1
2023-12-05 03:00:00,3,,1.2
2023-12-05 04:00:00,4,,1.7
2023-12-05 05:00:00,5,,0.5
2023-12-05 06:00:00,6,,0.6
2023-12-05 07:00:00,7,,0.9
2023-12-05 08:00:00,8,,0.8
2023-12-05 09:00:00,9,90.2,0.5
2023-12-05 10:00:00,10,513.8,0.2
2023-12-05 11:00:00,11,1571.4,0.9
2023-12-05 12:00:00,12,2459.5,1.5
2023-12-05 13:00:00,13,3154.2,1.5
2023-12-05 14:00:00,14,3449.1,1.3
2023-12-05 15:00:00,15,2814.4,2.2
2023-12-05 16:00:00,16,2111.1,1.5
2023-12-05 17:00:00,17,1497.6,1.8
2023-12-05 18:00:00,18,2171.3,0.8
2023-12-05 19:00:00,19,1774.7,3.8
2023-12-05 20:00:00,20,290.6,1.3
2023-12-05 21:00:00,21,94.6,0.5
2023-12-05 22:00:00,22,,2.5
2023-12-05 23:00:00,23,,1.3
2023-12-06 00:00:00,0,,0.3
2023-12-06 01:00:00,1,,1.3
2023-12-06 02:00:00,2,,0.2
2023-12-06 03:00:00,3,,0.8
2023-12-06 04:00:00,4,,0.7
2023-12-06 05:00:00,5,,0.2
2023-12-06 06:00:00,6,,0.9
2023-12-06 07:00:00,7,,0.9
2023-12-06 08:00:00,8,,0.7
2023-12-06 09:00:00,9,108.7,1.1
2023-12-06 10:00:00,10,868.9,1.9
2023-12-06 11:00:00,11,1767.7,3.1
2023-12-06 12:00:00,12,2590.9,2.8
2023-12-06 13:00:00,13,3217.1,2.5
2023-12-06 14:00:00,14,3594.5,2.9
2023-12-06 15:00:00,15,3794.8,3.9
2023-12-06 16:00:00,16,3726.6,4.3
2023-12-06 17:00:00,17,3422.2,3.2
2023-12-06 18:00:00,18,2792.7,2.7
2023-12-06 19:00:00,19,1929.4,3.6
2023-12-06 20:00:00,20,568.8,5.5
2023-12-06 21:00:00,21,143.9,4.6
2023-12-06 22:00:00,22,,3.2
2023-12-06 23:00:00,23,,2.4
2023-12-07 00:00:00,0,,2.0
2023-12-07 01:00:00,1,,1.9
2023-12-07 02:00:00,2,,2.9
2023-12-07 03:00:00,3,,2.1
2023-12-07 04:00:00,4,,2.9
2023-12-07 05:00:00,5,,2.2
2023-12-07 06:00:00,6,,2.1
2023-12-07 07:00:00,7,,0.9
2023-12-07 08:00:00,8,,1.7
2023-12-07 09:00:00,9,111.7,0.6
2023-12-07 10:00:00,10,892.0,0.6
2023-12-07 11:00:00,11,1779.7,1.0
2023-12-07 12:00:00,12,2603.1,0.6
2023-12-07 13:00:00,13,3232.0,1.3
2023-12-07 14:00:00,14,3484.2,1.1
2023-12-07 15:00:00,15,3812.4,1.4
2023-12-07 16:00:00,16,3615.4,1.5
2023-12-07 17:00:00,17,3168.9,1.9
2023-12-07 18:00:00,18,2384.1,0.6
2023-12-07 19:00:00,19,1580.7,2.2
2023-12-07 20:00:00,20,718.9,1.8
2023-12-07 21:00:00,21,104.8,1.3
2023-12-07 22:00:00,22,,1.4
2023-12-07 23:00:00,23,,1.6
2023-12-08 00:00:00,0,,1.4
2023-12-08 01:00:00,1,,2.8
2023-12-08 02:00:00,2,,3.1
2023-12-08 03:00:00,3,,2.3
2023-12-08 04:00:00,4,,1.1
2023-12-08 05:00:00,5,,2.5
2023-12-08 06:00:00,6,,0.5
2023-12-08 07:00:00,7,,1.9
2023-12-08 08:00:00,8,,1.8
2023-12-08 09:00:00,9,115.9,1.0
2023-12-08 10:00:00,10,860.6,0.6
2023-12-08 11:00:00,11,1768.6,1.5
2023-12-08 12:00:00,12,2534.8,1.6
2023-12-08 13:00:00,13,3154.3,1.9
2023-12-08 14:00:00,14,3473.1,1.6
2023-12-08 15:00:00,15,3706.9,1.6
2023-12-08 16:00:00,16,3755.1,1.4
2023-12-08 17:00:00,17,3297.9,1.8
2023-12-08 18:00:00,18,2594.3,1.1
2023-12-08 19:00:00,19,1898.1,1.1
2023-12-08 20:00:00,20,662.6,0.1
2023-12-08 21:00:00,21,133.9,0.6
2023-12-08 22:00:00,22,,0.0
2023-12-08 23:00:00,23,,0.0
2023-12-09 00:00:00,0,,0.9
2023-12-09 01:00:00,1,,0.7
2023-12-09 02:00:00,2,,2.2
2023-12-09 03:00:00,3,,1.1
2023-12-09 04:00:00,4,,0.9
2023-12-09 05:00:00,5,,1.0
2023-12-09 06:00:00,6,,1.2
2023-12-09 07:00:00,7,,0.4
2023-12-09 08:00:00,8,,2.3
2023-12-09 09:00:00,9,61.1,1.4
2023-12-09 10:00:00,10,211.0,0.7
2023-12-09 11:00:00,11,401.7,1.3
2023-12-09 12:00:00,12,884.4,2.4
2023-12-09 13:00:00,13,892.3,2.4
2023-12-09 14:00:00,14,1812.7,2.5
2023-12-09 15:00:00,15,2830.4,1.8
2023-12-09 16:00:00,16,3312.0,2.4
2023-12-09 17:00:00,17,3076.6,1.1
2023-12-09 18:00:00,18,2343.9,1.2
2023-12-09 19:00:00,19,1830.6,2.8
2023-12-09 20:00:00,20,543.6,4.2
2023-12-09 21:00:00,21,104.3,2.7
2023-12-09 22:00:00,22,,1.3
2023-12-09 23:00:00,23,,0.4
2023-12-10 00:00:00,0,,1.1
2023-12-10 01:00:00,1,,1.1
2023-12-10 02:00:00,2,,0.8
2023-12-10 03:00:00,3,,0.3
2023-12-10 04:00:00,4,,0.5
2023-12-10 05:00:00,5,,2.0
2023-12-10 06:00:00,6,,2.1
2023-12-10 07:00:00,7,,1.8
2023-12-10 08:00:00,8,,1.8
2023-12-10 09:00:00,9,67.2,2.0
2023-12-10 10:00:00,10,641.1,2.3
2023-12-10 11:00:00,11,1754.4,3.5
2023-12-10 12:00:00,12,2537.7,2.5
2023-12-10 13:00:00,13,3115.8,2.2
2023-12-10 14:00:00,14,3397.7,2.6
2023-12-10 15:00:00,15,3709.7,2.1
2023-12-10 16:00:00,16,3703.1,0.9
2023-12-10 17:00:00,17,3083.6,2.8
2023-12-10 18:00:00,18,2282.4,3.7
2023-12-10 19:00:00,19,2036.3,3.3
2023-12-10 20:00:00,20,862.7,2.4
2023-12-10 21:00:00,21,109.9,2.1
2023-12-10 22:00:00,22,,2.6
2023-12-10 23:00:00,23,,2.7
2023-12-11 00:00:00,0,,4.2
2023-12-11 01:00:00,1,,2.4
2023-12-11 02:00:00,2,,2.4
2023-12-11 03:00:00,3,,2.2
2023-12-11 04:00:00,4,,2.1
2023-12-11 05:00:00,5,,1.7
2023-12-11 06:00:00,6,,2.6
2023-12-11 07:00:00,7,,3.1
2023-12-11 08:00:00,8,,3.1
2023-12-11 09:00:00,9,52.7,1.5
2023-12-11 10:00:00,10,528.8,3.0
2023-12-11 11:00:00,11,1727.4,2.7
2023-12-11 12:00:00,12,2513.1,4.2
2023-12-11 13:00:00,13,3039.9,3.0
2023-12-11 14:00:00,14,3219.9,3.2
2023-12-11 15:00:00,15,3691.6,3.1
2023-12-11 16:00:00,16,3623.0,3.7
2023-12-11 17:00:00,17,2857.2,3.5
2023-12-11 18:00:00,18,2078.7,3.8
2023-12-11 19:00:00,19,1437.7,2.9
2023-12-11 20:00:00,20,591.3,3.0
2023-12-11 21:00:00,21,152.7,2.1
2023-12-11 22:00:00,22,,1.2
2023-12-11 23:00:00,23,,0.9
2023-12-12 00:00:00,0,,1.5
2023-12-12 01:00:00,1,,1.1
2023-12-12 02:00:00,2,,1.3
2023-12-12 03:00:00,3,,0.4
2023-12-12 04:00:00,4,,1.3
2023-12-12 05:00:00,5,,0.8
2023-12-12 06:00:00,6,,0.8
2023-12-12 07:00:00,7,,2.1
2023-12-12 08:00:00,8,,1.0
2023-12-12 09:00:00,9,131.3,1.0
2023-12-12 10:00:00,10,832.2,1.0
2023-12-12 11:00:00,11,1655.4,2.0
2023-12-12 12:00:00,12,2463.2,2.0
2023-12-12 13:00:00,13,2684.5,2.0
2023-12-12 14:00:00,14,3657.8,1.6
2023-12-12 15:00:00,15,3787.4,2.0
2023-12-12 16:00:00,16,3698.7,1.2
2023-12-12 17:00:00,17,3475.8,1.2
2023-12-12 18:00:00,18,2765.6,1.9
2023-12-12 19:00:00,19,1945.1,0.8
2023-12-12 20:00:00,20,718.4,1.8
2023-12-12 21:00:00,21,169.0,1.3
2023-12-12 22:00:00,22,,1.2
2023-12-12 23:00:00,23,,0.1
2023-12-13 00:00:00,0,,3.6
2023-12-13 01:00:00,1,,2.3
2023-12-13 02:00:00,2,,1.6
2023-12-13 03:00:00,3,,1.5
2023-12-13 04:00:00,4,,1.3
2023-12-13 05:00:00,5,,2.7
2023-12-13 06:00:00,6,,2.9
2023-12-13 07:00:00,7,,2.5
2023-12-13 08:00:00,8,,2.4
2023-12-13 09:00:00,9,67.5,1.9
2023-12-13 10:00:00,10,475.1,2.1
2023-12-13 11:00:00,11,1432.3,2.4
2023-12-13 12:00:00,12,2459.0,3.0
2023-12-13 13:00:00,13,3171.6,3.2
2023-12-13 14:00:00,14,3518.4,2.6
2023-12-13 15:00:00,15,3586.9,2.8
2023-12-13 16:00:00,16,2639.6,1.2
2023-12-13 17:00:00,17,2704.6,2.8
2023-12-13 18:00:00,18,2788.3,2.0
2023-12-13 19:00:00,19,1966.8,2.8
2023-12-13 20:00:00,20,596.7,3.5
2023-12-13 21:00:00,21,149.1,2.7
2023-12-13 22:00:00,22,,3.6
2023-12-13 23:00:00,23,,2.6
2023-12-14 00:00:00,0,,2.3
2023-12-14 01:00:00,1,,3.0
2023-12-14 02:00:00,2,,1.8
2023-12-14 03:00:00,3,,2.0
2023-12-14 04:00:00,4,,4.1
2023-12-14 05:00:00,5,,2.7
2023-12-14 06:00:00,6,,2.4
2023-12-14 07:00:00,7,,3.5
2023-12-14 08:00:00,8,,2.8
2023-12-14 09:00:00,9,88.5,1.7
2023-12-14 10:00:00,10,852.8,1.4
2023-12-14 11:00:00,11,1768.6,3.2
2023-12-14 12:00:00,12,2626.8,4.6
2023-12-14 13:00:00,13,3282.7,4.3
2023-12-14 14:00:00,14,3652.3,4.7
2023-12-14 15:00:00,15,3764.7,4.0
2023-12-14 16:00:00,16,3798.1,4.6
2023-12-14 17:00:00,17,3378.8,3.9
2023-12-14 18:00:00,18,2657.4,3.8
2023-12-14 19:00:00,19,2067.9,3.3
2023-12-14 20:00:00,20,682.0,3.4
2023-12-14 21:00:00,21,226.5,4.2
2023-12-14 22:00:00,22,1.6,5.0
2023-12-14 23:00:00,23,,5.4
2023-12-15 00:00:00,0,,5.7
2023-12-15 01:00:00,1,,3.6
2023-12-15 02:00:00,2,,4.5
2023-12-15 03:00:00,3,,3.3
2023-12-15 04:00:00,4,,3.9
2023-12-15 05:00:00,5,,2.9
2023-12-15 06:00:00,6,,2.6
2023-12-15 07:00:00,7,,1.8
2023-12-15 08:00:00,8,,1.7
2023-12-15 09:00:00,9,84.7,2.6
2023-12-15 10:00:00,10,865.0,2.9
2023-12-15 11:00:00,11,1760.4,3.5
2023-12-15 12:00:00,12,2410.9,4.1
2023-12-15 13:00:00,13,3332.0,3.5
2023-12-15 14:00:00,14,3495.4,3.5
2023-12-15 15:00:00,15,3816.3,3.5
2023-12-15 16:00:00,16,3750.5,4.1
2023-12-15 17:00:00,17,3455.5,3.6
2023-12-15 18:00:00,18,2856.8,2.1
2023-12-15 19:00:00,19,2040.8,3.8
2023-12-15 20:00:00,20,600.9,3.6
2023-12-15 21:00:00,21,187.7,1.8
2023-12-15 22:00:00,22,,2.1
2023-12-15 23:00:00,23,,2.6
2023-12-16 00:00:00,0,,3.3
2023-12-16 01:00:00,1,,2.7
2023-12-16 02:00:00,2,,1.2
2023-12-16 03:00:00,3,,1.0
2023-12-16 04:00:00,4,,0.8
2023-12-16 05:00:00,5,,1.2
2023-12-16 06:00:00,6,,2.0
2023-12-16 07:00:00,7,,1.9
2023-12-16 08:00:00,8,,1.2
2023-12-16 09:00:00,9,37.1,0.2
2023-12-16 10:00:00,10,147.9,0.8
2023-12-16 11:00:00,11,891.0,1.1
2023-12-16 12:00:00,12,1501.7,1.1
2023-12-16 13:00:00,13,1829.0,2.3
2023-12-16 14:00:00,14,2441.6,3.0
2023-12-16 15:00:00,15,2966.7,2.7
2023-12-16 16:00:00,16,3821.3,3.7
2023-12-16 17:00:00,17,2645.3,1.6
2023-12-16 18:00:00,18,2210.4,2.3
2023-12-16 19:00:00,19,1743.6,1.3
2023-12-16 20:00:00,20,608.1,1.4
2023-12-16 21:00:00,21,219.3,1.5
2023-12-16 22:00:00,22,,0.8
2023-12-16 23:00:00,23,,0.2
2023-12-17 00:00:00,0,,0.9
2023-12-17 01:00:00,1,,1.3
2023-12-17 02:00:00,2,,1.4
2023-12-17 03:00:00,3,,1.5
2023-12-17 04:00:00,4,,1.5
2023-12-17 05:00:00,5,,0.1
2023-12-17 06:00:00,6,,0.7
2023-12-17 07:00:00,7,,0.2
2023-12-17 08:00:00,8,,0.3
2023-12-17 09:00:00,9,79.4,1.4
2023-12-17 10:00:00,10,832.4,1.8
2023-12-17 11:00:00,11,1721.6,1.9
2023-12-17 12:00:00,12,2539.6,1.2
2023-12-17 13:00:00,13,3181.9,1.4
2023-12-17 14:00:00,14,3547.0,1.2
2023-12-17 15:00:00,15,3768.1,1.5
2023-12-17 16:00:00,16,3734.2,1.7
2023-12-17 17:00:00,17,3449.0,2.1
2023-12-17 18:00:00,18,2494.2,1.4
2023-12-17 19:00:00,19,1807.7,1.1
2023-12-17 20:00:00,20,658.2,1.9
2023-12-17 21:00:00,21,225.9,3.7
2023-12-17 22:00:00,22,,4.1
2023-12-17 23:00:00,23,,4.2
2023-12-18 00:00:00,0,0.2,2.6
2023-12-18 01:00:00,1,6.1,3.1
2023-12-18 02:00:00,2,17.0,3.5
2023-12-18 03:00:00,3,4.8,1.0
2023-12-18 04:00:00,4,,0.1
2023-12-18 05:00:00,5,,0.9
2023-12-18 06:00:00,6,,0.2
2023-12-18 07:00:00,7,,2.0
2023-12-18 08:00:00,8,,1.9
2023-12-18 09:00:00,9,69.7,2.3
2023-12-18 10:00:00,10,732.7,1.4
2023-12-18 11:00:00,11,1659.1,3.0
2023-12-18 12:00:00,12,2464.4,3.0
2023-12-18 13:00:00,13,2977.0,1.9
2023-12-18 14:00:00,14,2850.4,2.1
2023-12-18 15:00:00,15,3514.3,1.3
2023-12-18 16:00:00,16,3557.0,1.1
2023-12-18 17:00:00,17,3259.5,1.7
2023-12-18 18:00:00,18,2241.7,1.1
2023-12-18 19:00:00,19,1224.7,1.4
2023-12-18 20:00:00,20,566.8,1.1
2023-12-18 21:00:00,21,129.5,3.4
2023-12-18 22:00:00,22,,1.9
2023-12-18 23:00:00,23,,1.0
2023-12-19 00:00:00,0,,1.4
2023-12-19 01:00:00,1,,1.8
2023-12-19 02:00:00,2,,0.9
2023-12-19 03:00:00,3,,0.2
2023-12-19 04:00:00,4,,1.8
2023-12-19 05:00:00,5,,1.9
2023-12-19 06:00:00,6,,1.9
2023-12-19 07:00:00,7,,1.2
2023-12-19 08:00:00,8,,0.4
2023-12-19 09:00:00,9,48.8,0.9
2023-12-19 10:00:00,10,199.0,0.9
2023-12-19 11:00:00,11,174.0,0.8
2023-12-19 12:00:00,12,242.5,1.3
2023-12-19 13:00:00,13,634.5,1.4
2023-12-19 14:00:00,14,1292.1,1.6
2023-12-19 15:00:00,15,1975.7,1.4
2023-12-19 16:00:00,16,3422.7,1.1
2023-12-19 17:00:00,17,2055.0,1.6
2023-12-19 18:00:00,18,2301.0,2.1
2023-12-19 19:00:00,19,1878.8,2.1
2023-12-19 20:00:00,20,588.4,1.8
2023-12-19 21:00:00,21,146.8,0.4
2023-12-19 22:00:00,22,,0.2
2023-12-19 23:00:00,23,,0.7
2023-12-20 00:00:00,0,,0.2
2023-12-20 01:00:00,1,,1.3
2023-12-20 02:00:00,2,,1.0
2023-12-20 03:00:00,3,,1.6
2023-12-20 04:00:00,4,,0.1
2023-12-20 05:00:00,5,,0.0
2023-12-20 06:00:00,6,,1.7
2023-12-20 07:00:00,7,,1.2
2023-12-20 08:00:00,8,,0.8
2023-12-20 09:00:00,9,49.1,2.3
2023-12-20 10:00:00,10,479.3,4.7
2023-12-20 11:00:00,11,691.9,3.4
2023-12-20 12:00:00,12,461.9,3.7
2023-12-20 13:00:00,13,307.6,4.0
2023-12-20 14:00:00,14,222.5,3.3
2023-12-20 15:00:00,15,267.3,2.9
2023-12-20 16:00:00,16,509.8,1.6
2023-12-20 17:00:00,17,456.0,2.0
2023-12-20 18:00:00,18,1068.5,2.5
2023-12-20 19:00:00,19,523.7,1.2
2023-12-20 20:00:00,20,302.6,0.1
2023-12-20 21:00:00,21,77.0,1.2
2023-12-20 22:00:00,22,1.8,1.3
2023-12-20 23:00:00,23,,0.0
2023-12-21 00:00:00,0,,0.8
2023-12-21 01:00:00,1,,0.9
2023-12-21 02:00:00,2,,0.5
2023-12-21 03:00:00,3,,0.2
2023-12-21 04:00:00,4,,1.1
2023-12-21 05:00:00,5,,0.2
2023-12-21 06:00:00,6,,1.1
2023-12-21 07:00:00,7,,0.1
2023-12-21 08:00:00,8,,0.9
2023-12-21 09:00:00,9,32.7,0.0
2023-12-21 10:00:00,10,244.1,0.4
2023-12-21 11:00:00,11,643.3,0.5
2023-12-21 12:00:00,12,1386.6,1.7
2023-12-21 13:00:00,13,1997.9,2.5
2023-12-21 14:00:00,14,2970.9,2.6
2023-12-21 15:00:00,15,3383.2,2.2
2023-12-21 16:00:00,16,3610.6,2.9
2023-12-21 17:00:00,17,2950.5,2.7
2023-12-21 18:00:00,18,2532.1,2.6
2023-12-21 19:00:00,19,1539.4,3.0
2023-12-21 20:00:00,20,718.1,2.0
2023-12-21 21:00:00,21,161.1,0.8
2023-12-21 22:00:00,22,,1.0
2023-12-21 23:00:00,23,,0.8
2023-12-22 00:00:00,0,,5.3
2023-12-22 01:00:00,1,,4.8
2023-12-22 02:00:00,2,,3.4
2023-12-22 03:00:00,3,,3.4
2023-12-22 04:00:00,4,,1.3
2023-12-22 05:00:00,5,,0.4
2023-12-22 06:00:00,6,,0.5
2023-12-22 07:00:00,7,,1.1
2023-12-22 08:00:00,8,,1.0
2023-12-22 09:00:00,9,33.3,0.9
2023-12-22 10:00:00,10,257.6,0.9
2023-12-22 11:00:00,11,1221.5,1.4
2023-12-22 12:00:00,12,1486.5,2.8
2023-12-22 13:00:00,13,1634.5,2.4
2023-12-22 14:00:00,14,980.9,2.5
2023-12-22 15:00:00,15,1128.3,1.2
2023-12-22 16:00:00,16,2348.7,2.7
2023-12-22 17:00:00,17,1312.2,2.0
2023-12-22 18:00:00,18,666.6,0.6
2023-12-22 19:00:00,19,396.3,0.6
2023-12-22 20:00:00,20,285.6,1.0
2023-12-22 21:00:00,21,112.3,2.0
2023-12-22 22:00:00,22,0.1,0.7
2023-12-22 23:00:00,23,,1.1
2023-12-23 00:00:00,0,,1.1
2023-12-23 01:00:00,1,,1.0
2023-12-23 02:00:00,2,,0.2
2023-12-23 03:00:00,3,,0.3
2023-12-23 04:00:00,4,,0.5
2023-12-23 05:00:00,5,,0.7
2023-12-23 06:00:00,6,,0.3
2023-12-23 07:00:00,7,,0.8
2023-12-23 08:00:00,8,,1.1
2023-12-23 09:00:00,9,70.3,1.4
2023-12-23 10:00:00,10,816.9,1.3
2023-12-23 11:00:00,11,1644.8,1.2
2023-12-23 12:00:00,12,2457.5,1.0
2023-12-23 13:00:00,13,3120.7,2.6
2023-12-23 14:00:00,14,3515.1,2.2
2023-12-23 15:00:00,15,3691.2,1.2
2023-12-23 16:00:00,16,3631.4,2.5
2023-12-23 17:00:00,17,3416.8,1.8
2023-12-23 18:00:00,18,2865.3,2.8
2023-12-23 19:00:00,19,2046.0,3.0
2023-12-23 20:00:00,20,721.1,2.4
2023-12-23 21:00:00,21,179.8,2.1
2023-12-23 22:00:00,22,,1.7
2023-12-23 23:00:00,23,,1.4
2023-12-24 00:00:00,0,,0.3
2023-12-24 01:00:00,1,,0.0
2023-12-24 02:00:00,2,,0.6
2023-12-24 03:00:00,3,,1.5
2023-12-24 04:00:00,4,,0.1
2023-12-24 05:00:00,5,,0.7
2023-12-24 06:00:00,6,,0.8
2023-12-24 07:00:00,7,,0.4
2023-12-24 08:00:00,8,,0.8
2023-12-24 09:00:00,9,62.8,0.1
2023-12-24 10:00:00,10,446.4,0.9
2023-12-24 11:00:00,11,1226.6,0.7
2023-12-24 12:00:00,12,2030.9,1.4
2023-12-24 13:00:00,13,3045.9,1.2
2023-12-24 14:00:00,14,3461.5,1.0
2023-12-24 15:00:00,15,3701.4,1.5
2023-12-24 16:00:00,16,3639.2,1.3
2023-12-24 17:00:00,17,3459.7,1.7
2023-12-24 18:00:00,18,2838.9,1.6
2023-12-24 19:00:00,19,2024.6,1.3
2023-12-24 20:00:00,20,774.0,1.7
2023-12-24 21:00:00,21,172.5,3.1
2023-12-24 22:00:00,22,,1.5
2023-12-24 23:00:00,23,,1.6
2023-12-25 00:00:00,0,,1.1
2023-12-25 01:00:00,1,,2.9
2023-12-25 02:00:00,2,,1.7
2023-12-25 03:00:00,3,,2.1
2023-12-25 04:00:00,4,,1.0
2023-12-25 05:00:00,5,,1.3
2023-12-25 06:00:00,6,,1.1
2023-12-25 07:00:00,7,,0.1
2023-12-25 08:00:00,8,,0.7
2023-12-25 09:00:00,9,64.7,1.4
2023-12-25 10:00:00,10,785.7,0.5
2023-12-25 11:00:00,11,1652.5,3.0
2023-12-25 12:00:00,12,2503.0,3.4
2023-12-25 13:00:00,13,3175.1,2.4
2023-12-25 14:00:00,14,3585.6,3.1
2023-12-25 15:00:00,15,3750.1,2.8
2023-12-25 16:00:00,16,3778.2,2.7
2023-12-25 17:00:00,17,3367.7,4.1
2023-12-25 18:00:00,18,2862.6,3.5
2023-12-25 19:00:00,19,2135.1,3.7
2023-12-25 20:00:00,20,770.5,3.5
2023-12-25 21:00:00,21,209.0,2.5
2023-12-25 22:00:00,22,0.0,1.9
2023-12-25 23:00:00,23,,2.0
2023-12-26 00:00:00,0,,2.1
2023-12-26 01:00:00,1,,2.6
2023-12-26 02:00:00,2,,2.2
2023-12-26 03:00:00,3,,1.4
2023-12-26 04:00:00,4,,0.5
2023-12-26 05:00:00,5,,1.0
2023-12-26 06:00:00,6,,0.9
2023-12-26 07:00:00,7,,0.9
2023-12-26 08:00:00,8,,1.4
2023-12-26 09:00:00,9,53.9,1.5
2023-12-26 10:00:00,10,765.6,2.5
2023-12-26 11:00:00,11,1640.1,2.5
2023-12-26 12:00:00,12,2474.8,3.7
2023-12-26 13:00:00,13,3143.7,3.1
2023-12-26 14:00:00,14,3497.6,2.2
2023-12-26 15:00:00,15,3735.0,1.4
2023-12-26 16:00:00,16,3420.2,2.0
2023-12-26 17:00:00,17,3364.5,1.3
2023-12-26 18:00:00,18,2902.0,1.0
2023-12-26 19:00:00,19,2062.0,1.6
2023-12-26 20:00:00,20,860.5,1.7
2023-12-26 21:00:00,21,223.4,1.3
2023-12-26 22:00:00,22,1.2,0.1
2023-12-26 23:00:00,23,,0.2
2023-12-27 00:00:00,0,,1.1
2023-12-27 01:00:00,1,,0.6
2023-12-27 02:00:00,2,,1.8
2023-12-27 03:00:00,3,,1.3
2023-12-27 04:00:00,4,,2.0
2023-12-27 05:00:00,5,,1.4
2023-12-27 06:00:00,6,,1.0
2023-12-27 07:00:00,7,,1.2
2023-12-27 08:00:00,8,,1.0
2023-12-27 09:00:00,9,61.3,1.5
2023-12-27 10:00:00,10,726.8,2.0
2023-12-27 11:00:00,11,1639.1,1.7
2023-12-27 12:00:00,12,2187.2,2.9
2023-12-27 13:00:00,13,3010.6,2.3
2023-12-27 14:00:00,14,3453.4,2.5
2023-12-27 15:00:00,15,3706.3,2.5
2023-12-27 16:00:00,16,3710.7,2.2
2023-12-27 17:00:00,17,3107.8,2.5
2023-12-27 18:00:00,18,613.8,2.9
2023-12-27 19:00:00,19,423.0,0.5
2023-12-27 20:00:00,20,304.9,0.1
2023-12-27 21:00:00,21,99.3,0.1
2023-12-27 22:00:00,22,3.3,0.2
2023-12-27 23:00:00,23,,0.2
2023-12-28 00:00:00,0,,0.8
2023-12-28 01:00:00,1,,2.1
2023-12-28 02:00:00,2,,1.1
2023-12-28 03:00:00,3,,1.4
2023-12-28 04:00:00,4,,2.0
2023-12-28 05:00:00,5,,1.2
2023-12-28 06:00:00,6,,0.8
2023-12-28 07:00:00,7,,1.2
2023-12-28 08:00:00,8,,1.1
2023-12-28 09:00:00,9,53.8,1.8
2023-12-28 10:00:00,10,697.0,2.1
2023-12-28 11:00:00,11,1591.5,3.5
2023-12-28 12:00:00,12,2407.3,4.0
2023-12-28 13:00:00,13,3102.8,3.7
2023-12-28 14:00:00,14,3436.2,3.3
2023-12-28 15:00:00,15,3537.5,4.0
2023-12-28 16:00:00,16,3528.1,4.0
2023-12-28 17:00:00,17,3402.6,2.9
2023-12-28 18:00:00,18,2982.0,3.1
2023-12-28 19:00:00,19,2144.7,2.3
2023-12-28 20:00:00,20,868.6,3.3
2023-12-28 21:00:00,21,205.2,2.5
2023-12-28 22:00:00,22,2.0,1.0
2023-12-28 23:00:00,23,,1.3
2023-12-29 00:00:00,0,,1.3
2023-12-29 01:00:00,1,,1.9
2023-12-29 02:00:00,2,,1.3
2023-12-29 03:00:00,3,,1.0
2023-12-29 04:00:00,4,,0.9
2023-12-29 05:00:00,5,,1.3
2023-12-29 06:00:00,6,,0.8
2023-12-29 07:00:00,7,,1.4
2023-12-29 08:00:00,8,,2.6
2023-12-29 09:00:00,9,45.1,2.3
2023-12-29 10:00:00,10,657.9,2.4
2023-12-29 11:00:00,11,1439.0,3.8
2023-12-29 12:00:00,12,2438.8,4.3
2023-12-29 13:00:00,13,3203.1,3.6
2023-12-29 14:00:00,14,3371.5,2.6
2023-12-29 15:00:00,15,3226.1,3.1
2023-12-29 16:00:00,16,3369.2,3.1
2023-12-29 17:00:00,17,3172.0,3.1
2023-12-29 18:00:00,18,1435.2,2.1
2023-12-29 19:00:00,19,1201.8,2.3
2023-12-29 20:00:00,20,575.6,2.4
2023-12-29 21:00:00,21,223.4,1.2
2023-12-29 22:00:00,22,2.2,1.4
2023-12-29 23:00:00,23,,1.6
2023-12-30 00:00:00,0,,1.0
2023-12-30 01:00:00,1,,1.1
2023-12-30 02:00:00,2,,1.2
2023-12-30 03:00:00,3,,0.1
2023-12-30 04:00:00,4,,0.2
2023-12-30 05:00:00,5,,0.5
2023-12-30 06:00:00,6,,1.4
2023-12-30 07:00:00,7,,2.3
2023-12-30 08:00:00,8,,2.5
2023-12-30 09:00:00,9,55.6,1.8
2023-12-30 10:00:00,10,585.4,3.4
2023-12-30 11:00:00,11,1592.6,4.1
2023-12-30 12:00:00,12,2445.1,3.1
2023-12-30 13:00:00,13,3130.9,1.5
2023-12-30 14:00:00,14,3343.2,3.0
2023-12-30 15:00:00,15,3161.2,2.8
2023-12-30 16:00:00,16,3460.7,2.7
2023-12-30 17:00:00,17,3437.6,0.6
2023-12-30 18:00:00,18,2935.6,0.0
2023-12-30 19:00:00,19,2141.2,0.0
2023-12-30 20:00:00,20,772.4,1.0
2023-12-30 21:00:00,21,100.7,1.1
2023-12-30 22:00:00,22,,4.5
2023-12-30 23:00:00,23,,2.3
2023-12-31 00:00:00,0,,2.3
2023-12-31 01:00:00,1,,2.4
2023-12-31 02:00:00,2,,1.7
2023-12-31 03:00:00,3,,1.0
2023-12-31 04:00:00,4,,2.7
2023-12-31 05:00:00,5,,1.7
2023-12-31 06:00:00,6,,1.5
2023-12-31 07:00:00,7,,1.2
2023-12-31 08:00:00,8,,1.6
2023-12-31 09:00:00,9,60.9,1.6
2023-12-31 10:00:00,10,493.2,1.9
2023-12-31 11:00:00,11,865.7,1.5
2023-12-31 12:00:00,12,1258.2,1.6
2023-12-31 13:00:00,13,1812.9,1.1
2023-12-31 14:00:00,14,888.1,1.3
2023-12-31 15:00:00,15,1630.4,0.9
2023-12-31 16:00:00,16,3840.3,1.3
2023-12-31 17:00:00,17,1530.8,1.7
2023-12-31 18:00:00,18,342.0,3.4
2023-12-31 19:00:00,19,135.1,2.7
2023-12-31 20:00:00,20,92.5,3.4
2023-12-31 21:00:00,21,51.5,2.7
2023-12-31 22:00:00,22,8.6,0.9
2023-12-31 23:00:00,23,0.6,0.7
