datetime_utc,hora,rad_kJm2,vento_ms
2023-01-01 00:00:00,0,,6.1
2023-01-01 01:00:00,1,,2.9
2023-01-01 02:00:00,2,,0.9
2023-01-01 03:00:00,3,,1.2
2023-01-01 04:00:00,4,,1.4
2023-01-01 05:00:00,5,,
2023-01-01 06:00:00,6,,1.4
2023-01-01 07:00:00,7,,1.5
2023-01-01 08:00:00,8,,1.5
2023-01-01 09:00:00,9,30.5,1.9
2023-01-01 10:00:00,10,187.9,2.0
2023-01-01 11:00:00,11,497.5,2.5
2023-01-01 12:00:00,12,697.1,3.0
2023-01-01 13:00:00,13,1996.0,3.6
2023-01-01 14:00:00,14,3011.6,4.6
2023-01-01 15:00:00,15,2571.8,3.0
2023-01-01 16:00:00,16,2964.3,2.6
2023-01-01 17:00:00,17,2742.5,2.9
2023-01-01 18:00:00,18,2222.2,3.4
2023-01-01 19:00:00,19,1500.6,4.3
2023-01-01 20:00:00,20,977.5,3.7
2023-01-01 21:00:00,21,178.6,2.2
2023-01-01 22:00:00,22,,3.8
2023-01-01 23:00:00,23,,3.7
2023-01-02 00:00:00,0,,3.0
2023-01-02 01:00:00,1,,3.2
2023-01-02 02:00:00,2,,2.0
2023-01-02 03:00:00,3,,2.5
2023-01-02 04:00:00,4,,2.4
2023-01-02 05:00:00,5,,
2023-01-02 06:00:00,6,,2.8
2023-01-02 07:00:00,7,,
2023-01-02 08:00:00,8,,1.6
2023-01-02 09:00:00,9,18.4,1.6
2023-01-02 10:00:00,10,132.0,2.3
2023-01-02 11:00:00,11,619.8,2.2
2023-01-02 12:00:00,12,887.2,2.3
2023-01-02 13:00:00,13,1147.4,1.9
2023-01-02 14:00:00,14,1897.9,1.3
2023-01-02 15:00:00,15,,
2023-01-02 16:00:00,16,,
2023-01-02 17:00:00,17,584.6,0.9
2023-01-02 18:00:00,18,,
2023-01-02 19:00:00,19,1370.5,3.5
2023-01-02 20:00:00,20,,
2023-01-02 21:00:00,21,130.3,2.0
2023-01-02 22:00:00,22,,2.7
2023-01-02 23:00:00,23,,1.6
2023-01-03 00:00:00,0,,1.4
2023-01-03 01:00:00,1,,2.5
2023-01-03 02:00:00,2,,1.4
2023-01-03 03:00:00,3,,2.4
2023-01-03 04:00:00,4,,1.7
2023-01-03 05:00:00,5,,1.1
2023-01-03 06:00:00,6,,0.9
2023-01-03 07:00:00,7,,1.5
2023-01-03 08:00:00,8,,1.2
2023-01-03 09:00:00,9,6.1,1.3
2023-01-03 10:00:00,10,48.9,1.8
2023-01-03 11:00:00,11,332.2,1.5
2023-01-03 12:00:00,12,603.2,2.0
2023-01-03 13:00:00,13,1088.6,1.9
2023-01-03 14:00:00,14,1761.7,1.3
2023-01-03 15:00:00,15,1725.5,1.3
2023-01-03 16:00:00,16,,
2023-01-03 17:00:00,17,2159.9,1.4
2023-01-03 18:00:00,18,,
2023-01-03 19:00:00,19,,
2023-01-03 20:00:00,20,,
2023-01-03 21:00:00,21,24.6,3.9
2023-01-03 22:00:00,22,,1.5
2023-01-03 23:00:00,23,,1.5
2023-01-04 00:00:00,0,,1.4
2023-01-04 01:00:00,1,,1.6
2023-01-04 02:00:00,2,,1.6
2023-01-04 03:00:00,3,,1.2
2023-01-04 04:00:00,4,,0.8
2023-01-04 05:00:00,5,,1.4
2023-01-04 06:00:00,6,,1.9
2023-01-04 07:00:00,7,,1.4
2023-01-04 08:00:00,8,,1.1
2023-01-04 09:00:00,9,29.5,1.2
2023-01-04 10:00:00,10,,
2023-01-04 11:00:00,11,573.4,1.7
2023-01-04 12:00:00,12,704.7,1.6
2023-01-04 13:00:00,13,1193.1,1.2
2023-01-04 14:00:00,14,1629.8,0.6
2023-01-04 15:00:00,15,,
2023-01-04 16:00:00,16,2671.5,2.3
2023-01-04 17:00:00,17,2099.4,2.2
2023-01-04 18:00:00,18,1975.5,1.6
2023-01-04 19:00:00,19,1487.8,2.9
2023-01-04 20:00:00,20,879.9,2.3
2023-01-04 21:00:00,21,169.8,1.0
2023-01-04 22:00:00,22,,
2023-01-04 23:00:00,23,,1.6
2023-01-05 00:00:00,0,,1.3
2023-01-05 01:00:00,1,,1.5
2023-01-05 02:00:00,2,,0.9
2023-01-05 03:00:00,3,,1.2
2023-01-05 04:00:00,4,,1.1
2023-01-05 05:00:00,5,,0.9
2023-01-05 06:00:00,6,,1.4
2023-01-05 07:00:00,7,,1.9
2023-01-05 08:00:00,8,,1.6
2023-01-05 09:00:00,9,53.8,0.8
2023-01-05 10:00:00,10,536.9,1.5
2023-01-05 11:00:00,11,1128.0,1.6
2023-01-05 12:00:00,12,1646.0,1.9
2023-01-05 13:00:00,13,2225.7,1.7
2023-01-05 14:00:00,14,2832.8,1.6
2023-01-05 15:00:00,15,2775.1,2.4
2023-01-05 16:00:00,16,2080.5,1.5
2023-01-05 17:00:00,17,,
2023-01-05 18:00:00,18,2084.0,1.5
2023-01-05 19:00:00,19,1301.4,1.1
2023-01-05 20:00:00,20,637.8,2.4
2023-01-05 21:00:00,21,270.6,1.2
2023-01-05 22:00:00,22,,1.0
2023-01-05 23:00:00,23,,1.6
2023-01-06 00:00:00,0,,1.5
2023-01-06 01:00:00,1,,1.2
2023-01-06 02:00:00,2,,0.8
2023-01-06 03:00:00,3,,0.8
2023-01-06 04:00:00,4,,1.4
2023-01-06 05:00:00,5,,1.6
2023-01-06 06:00:00,6,,1.7
2023-01-06 07:00:00,7,,1.6
2023-01-06 08:00:00,8,,1.3
2023-01-06 09:00:00,9,60.7,1.3
2023-01-06 10:00:00,10,516.5,2.3
2023-01-06 11:00:00,11,1262.3,1.8
2023-01-06 12:00:00,12,1603.6,1.3
2023-01-06 13:00:00,13,2075.0,2.8
2023-01-06 14:00:00,14,2945.6,3.2
2023-01-06 15:00:00,15,3122.9,2.3
2023-01-06 16:00:00,16,3123.2,3.1
2023-01-06 17:00:00,17,1743.4,2.1
2023-01-06 18:00:00,18,1881.2,3.2
2023-01-06 19:00:00,19,1633.6,3.1
2023-01-06 20:00:00,20,943.6,2.2
2023-01-06 21:00:00,21,254.5,1.1
2023-01-06 22:00:00,22,,1.3
2023-01-06 23:00:00,23,,1.5
2023-01-07 00:00:00,0,,3.1
2023-01-07 01:00:00,1,,1.8
2023-01-07 02:00:00,2,,2.1
2023-01-07 03:00:00,3,,1.3
2023-01-07 04:00:00,4,,1.7
2023-01-07 05:00:00,5,,1.7
2023-01-07 06:00:00,6,,1.4
2023-01-07 07:00:00,7,,2.0
2023-01-07 08:00:00,8,,2.0
2023-01-07 09:00:00,9,37.8,2.6
2023-01-07 10:00:00,10,312.8,3.4
2023-01-07 11:00:00,11,476.9,2.4
2023-01-07 12:00:00,12,676.8,3.5
2023-01-07 13:00:00,13,1270.6,3.1
2023-01-07 14:00:00,14,1439.5,2.2
2023-01-07 15:00:00,15,1882.7,1.8
2023-01-07 16:00:00,16,1943.4,2.9
2023-01-07 17:00:00,17,1999.1,1.9
2023-01-07 18:00:00,18,2110.5,2.6
2023-01-07 19:00:00,19,1648.4,2.9
2023-01-07 20:00:00,20,957.3,2.8
2023-01-07 21:00:00,21,300.4,1.1
2023-01-07 22:00:00,22,,0.9
2023-01-07 23:00:00,23,,1.5
2023-01-08 00:00:00,0,,1.6
2023-01-08 01:00:00,1,,0.4
2023-01-08 02:00:00,2,,1.2
2023-01-08 03:00:00,3,,1.9
2023-01-08 04:00:00,4,,1.7
2023-01-08 05:00:00,5,,1.4
2023-01-08 06:00:00,6,,1.6
2023-01-08 07:00:00,7,,2.0
2023-01-08 08:00:00,8,,1.8
2023-01-08 09:00:00,9,15.0,2.4
2023-01-08 10:00:00,10,205.8,2.2
2023-01-08 11:00:00,11,881.9,1.7
2023-01-08 12:00:00,12,1585.3,2.6
2023-01-08 13:00:00,13,2487.1,2.3
2023-01-08 14:00:00,14,2616.1,2.6
2023-01-08 15:00:00,15,2671.2,2.2
2023-01-08 16:00:00,16,2519.3,3.0
2023-01-08 17:00:00,17,2501.0,3.6
2023-01-08 18:00:00,18,2249.9,2.7
2023-01-08 19:00:00,19,1660.2,3.4
2023-01-08 20:00:00,20,915.5,2.5
2023-01-08 21:00:00,21,236.7,1.5
2023-01-08 22:00:00,22,,1.4
2023-01-08 23:00:00,23,,1.2
2023-01-09 00:00:00,0,,0.9
2023-01-09 01:00:00,1,,1.4
2023-01-09 02:00:00,2,,1.8
2023-01-09 03:00:00,3,,1.9
2023-01-09 04:00:00,4,,1.8
2023-01-09 05:00:00,5,,1.9
2023-01-09 06:00:00,6,,1.3
2023-01-09 07:00:00,7,,1.7
2023-01-09 08:00:00,8,,
2023-01-09 09:00:00,9,,
2023-01-09 10:00:00,10,531.6,1.8
2023-01-09 11:00:00,11,1190.1,1.5
2023-01-09 12:00:00,12,1824.8,1.9
2023-01-09 13:00:00,13,2416.1,2.0
2023-01-09 14:00:00,14,2841.1,2.6
2023-01-09 15:00:00,15,3113.0,2.2
2023-01-09 16:00:00,16,3102.6,3.1
2023-01-09 17:00:00,17,2673.9,3.0
2023-01-09 18:00:00,18,2320.5,2.0
2023-01-09 19:00:00,19,1641.5,2.3
2023-01-09 20:00:00,20,998.6,2.1
2023-01-09 21:00:00,21,286.9,1.0
2023-01-09 22:00:00,22,,2.1
2023-01-09 23:00:00,23,,2.1
2023-01-10 00:00:00,0,,1.5
2023-01-10 01:00:00,1,,2.0
2023-01-10 02:00:00,2,,1.5
2023-01-10 03:00:00,3,,1.5
2023-01-10 04:00:00,4,,1.5
2023-01-10 05:00:00,5,,1.5
2023-01-10 06:00:00,6,,1.9
2023-01-10 07:00:00,7,,1.7
2023-01-10 08:00:00,8,,1.4
2023-01-10 09:00:00,9,44.7,1.6
2023-01-10 10:00:00,10,419.9,1.8
2023-01-10 11:00:00,11,916.3,1.6
2023-01-10 12:00:00,12,1165.9,1.4
2023-01-10 13:00:00,13,1742.6,2.3
2023-01-10 14:00:00,14,1556.6,1.5
2023-01-10 15:00:00,15,1494.3,2.2
2023-01-10 16:00:00,16,1944.5,4.0
2023-01-10 17:00:00,17,2622.0,3.4
2023-01-10 18:00:00,18,2310.6,3.5
2023-01-10 19:00:00,19,1681.0,3.1
2023-01-10 20:00:00,20,992.0,3.1
2023-01-10 21:00:00,21,271.4,2.0
2023-01-10 22:00:00,22,,2.1
2023-01-10 23:00:00,23,,1.3
2023-01-11 00:00:00,0,,1.9
2023-01-11 01:00:00,1,,2.4
2023-01-11 02:00:00,2,,1.7
2023-01-11 03:00:00,3,,1.4
2023-01-11 04:00:00,4,,1.0
2023-01-11 05:00:00,5,,1.1
2023-01-11 06:00:00,6,,0.9
2023-01-11 07:00:00,7,,0.9
2023-01-11 08:00:00,8,,1.4
2023-01-11 09:00:00,9,22.9,1.2
2023-01-11 10:00:00,10,249.6,1.4
2023-01-11 11:00:00,11,1098.7,1.2
2023-01-11 12:00:00,12,1939.4,2.5
2023-01-11 13:00:00,13,2449.6,2.7
2023-01-11 14:00:00,14,1540.9,3.1
2023-01-11 15:00:00,15,3165.1,2.8
2023-01-11 16:00:00,16,2956.9,2.4
2023-01-11 17:00:00,17,,
2023-01-11 18:00:00,18,2267.4,2.4
2023-01-11 19:00:00,19,1701.1,2.0
2023-01-11 20:00:00,20,1003.4,2.1
2023-01-11 21:00:00,21,295.2,1.6
2023-01-11 22:00:00,22,,1.8
2023-01-11 23:00:00,23,,1.0
2023-01-12 00:00:00,0,,0.7
2023-01-12 01:00:00,1,,1.4
2023-01-12 02:00:00,2,,2.3
2023-01-12 03:00:00,3,,2.1
2023-01-12 04:00:00,4,,2.0
2023-01-12 05:00:00,5,,1.7
2023-01-12 06:00:00,6,,1.7
2023-01-12 07:00:00,7,,1.1
2023-01-12 08:00:00,8,,1.6
2023-01-12 09:00:00,9,40.1,1.7
2023-01-12 10:00:00,10,397.6,2.8
2023-01-12 11:00:00,11,711.9,2.8
2023-01-12 12:00:00,12,1095.1,2.3
2023-01-12 13:00:00,13,1669.5,2.7
2023-01-12 14:00:00,14,2051.5,1.9
2023-01-12 15:00:00,15,1701.7,2.8
2023-01-12 16:00:00,16,2567.7,3.1
2023-01-12 17:00:00,17,2180.8,2.5
2023-01-12 18:00:00,18,2036.6,2.6
2023-01-12 19:00:00,19,1715.5,2.7
2023-01-12 20:00:00,20,997.7,2.8
2023-01-12 21:00:00,21,288.9,1.7
2023-01-12 22:00:00,22,,2.0
2023-01-12 23:00:00,23,,1.3
2023-01-13 00:00:00,0,,1.8
2023-01-13 01:00:00,1,,1.7
2023-01-13 02:00:00,2,,0.7
2023-01-13 03:00:00,3,,1.0
2023-01-13 04:00:00,4,,1.7
2023-01-13 05:00:00,5,,1.7
2023-01-13 06:00:00,6,,1.2
2023-01-13 07:00:00,7,,0.9
2023-01-13 08:00:00,8,,1.4
2023-01-13 09:00:00,9,49.6,1.4
2023-01-13 10:00:00,10,,
2023-01-13 11:00:00,11,642.7,1.6
2023-01-13 12:00:00,12,1097.8,2.0
2023-01-13 13:00:00,13,1787.3,1.6
2023-01-13 14:00:00,14,1362.0,2.7
2023-01-13 15:00:00,15,1976.2,3.7
2023-01-13 16:00:00,16,2582.7,3.3
2023-01-13 17:00:00,17,2268.4,2.6
2023-01-13 18:00:00,18,2112.0,2.6
2023-01-13 19:00:00,19,1638.4,2.7
2023-01-13 20:00:00,20,1011.5,3.0
2023-01-13 21:00:00,21,301.5,1.6
2023-01-13 22:00:00,22,,1.9
2023-01-13 23:00:00,23,,1.9
2023-01-14 00:00:00,0,,2.0
2023-01-14 01:00:00,1,,1.3
2023-01-14 02:00:00,2,,3.5
2023-01-14 03:00:00,3,,1.6
2023-01-14 04:00:00,4,,1.4
2023-01-14 05:00:00,5,,1.6
2023-01-14 06:00:00,6,,1.7
2023-01-14 07:00:00,7,,1.9
2023-01-14 08:00:00,8,,2.1
2023-01-14 09:00:00,9,12.6,1.6
2023-01-14 10:00:00,10,156.1,1.6
2023-01-14 11:00:00,11,488.6,2.8
2023-01-14 12:00:00,12,1079.4,3.2
2023-01-14 13:00:00,13,1861.3,2.6
2023-01-14 14:00:00,14,1969.6,3.5
2023-01-14 15:00:00,15,2520.3,3.1
2023-01-14 16:00:00,16,1971.2,3.5
2023-01-14 17:00:00,17,2473.1,2.5
2023-01-14 18:00:00,18,1293.0,2.8
2023-01-14 19:00:00,19,1419.6,3.2
2023-01-14 20:00:00,20,850.2,2.2
2023-01-14 21:00:00,21,161.3,2.1
2023-01-14 22:00:00,22,,1.6
2023-01-14 23:00:00,23,,3.1
2023-01-15 00:00:00,0,,4.9
2023-01-15 01:00:00,1,,4.6
2023-01-15 02:00:00,2,,4.0
2023-01-15 03:00:00,3,,1.1
2023-01-15 04:00:00,4,,2.1
2023-01-15 05:00:00,5,,2.9
2023-01-15 06:00:00,6,,2.3
2023-01-15 07:00:00,7,,2.8
2023-01-15 08:00:00,8,,2.1
2023-01-15 09:00:00,9,12.0,2.6
2023-01-15 10:00:00,10,145.4,2.0
2023-01-15 11:00:00,11,383.6,3.9
2023-01-15 12:00:00,12,1142.0,2.3
2023-01-15 13:00:00,13,1663.5,3.8
2023-01-15 14:00:00,14,2162.7,2.7
2023-01-15 15:00:00,15,2011.3,3.8
2023-01-15 16:00:00,16,1951.0,3.2
2023-01-15 17:00:00,17,2424.3,2.9
2023-01-15 18:00:00,18,1285.9,2.6
2023-01-15 19:00:00,19,1268.2,2.1
2023-01-15 20:00:00,20,836.4,2.9
2023-01-15 21:00:00,21,224.9,1.8
2023-01-15 22:00:00,22,6.1,1.9
2023-01-15 23:00:00,23,,1.4
2023-01-16 00:00:00,0,,1.8
2023-01-16 01:00:00,1,,2.0
2023-01-16 02:00:00,2,,3.9
2023-01-16 03:00:00,3,,4.6
2023-01-16 04:00:00,4,,1.8
2023-01-16 05:00:00,5,,1.5
2023-01-16 06:00:00,6,,0.8
2023-01-16 07:00:00,7,,1.5
2023-01-16 08:00:00,8,,1.9
2023-01-16 09:00:00,9,13.7,1.6
2023-01-16 10:00:00,10,183.4,2.6
2023-01-16 11:00:00,11,681.0,2.7
2023-01-16 12:00:00,12,1196.6,2.7
2023-01-16 13:00:00,13,1871.5,2.7
2023-01-16 14:00:00,14,1489.5,3.3
2023-01-16 15:00:00,15,2879.0,3.1
2023-01-16 16:00:00,16,2774.0,3.2
2023-01-16 17:00:00,17,2941.5,3.6
2023-01-16 18:00:00,18,2355.8,2.8
2023-01-16 19:00:00,19,1902.4,3.7
2023-01-16 20:00:00,20,958.5,2.1
2023-01-16 21:00:00,21,298.2,1.3
2023-01-16 22:00:00,22,2.1,3.4
2023-01-16 23:00:00,23,,4.8
2023-01-17 00:00:00,0,,4.3
2023-01-17 01:00:00,1,,1.2
2023-01-17 02:00:00,2,,0.6
2023-01-17 03:00:00,3,,1.6
2023-01-17 04:00:00,4,,1.4
2023-01-17 05:00:00,5,,2.3
2023-01-17 06:00:00,6,,2.2
2023-01-17 07:00:00,7,,2.4
2023-01-17 08:00:00,8,,1.8
2023-01-17 09:00:00,9,13.1,1.5
2023-01-17 10:00:00,10,139.5,1.4
2023-01-17 11:00:00,11,628.4,2.6
2023-01-17 12:00:00,12,1327.4,3.1
2023-01-17 13:00:00,13,1564.0,2.7
2023-01-17 14:00:00,14,2230.1,3.4
2023-01-17 15:00:00,15,1694.0,3.9
2023-01-17 16:00:00,16,2994.1,4.0
2023-01-17 17:00:00,17,2615.0,2.0
2023-01-17 18:00:00,18,995.3,2.3
2023-01-17 19:00:00,19,1661.2,3.4
2023-01-17 20:00:00,20,1220.9,2.1
2023-01-17 21:00:00,21,422.6,1.5
2023-01-17 22:00:00,22,,1.0
2023-01-17 23:00:00,23,,2.0
2023-01-18 00:00:00,0,,1.1
2023-01-18 01:00:00,1,,1.1
2023-01-18 02:00:00,2,,0.9
2023-01-18 03:00:00,3,,1.3
2023-01-18 04:00:00,4,,1.4
2023-01-18 05:00:00,5,,0.9
2023-01-18 06:00:00,6,,1.3
2023-01-18 07:00:00,7,,1.4
2023-01-18 08:00:00,8,,1.3
2023-01-18 09:00:00,9,4.5,1.3
2023-01-18 10:00:00,10,145.7,1.9
2023-01-18 11:00:00,11,582.4,2.7
2023-01-18 12:00:00,12,1155.5,3.3
2023-01-18 13:00:00,13,1413.1,4.2
2023-01-18 14:00:00,14,2089.9,4.2
2023-01-18 15:00:00,15,2759.7,3.3
2023-01-18 16:00:00,16,2545.2,3.2
2023-01-18 17:00:00,17,2598.8,4.0
2023-01-18 18:00:00,18,1571.1,3.4
2023-01-18 19:00:00,19,1706.7,2.8
2023-01-18 20:00:00,20,846.9,4.1
2023-01-18 21:00:00,21,436.6,4.3
2023-01-18 22:00:00,22,4.6,3.5
2023-01-18 23:00:00,23,,5.3
2023-01-19 00:00:00,0,,4.0
2023-01-19 01:00:00,1,,2.5
2023-01-19 02:00:00,2,,1.3
2023-01-19 03:00:00,3,,1.2
2023-01-19 04:00:00,4,,1.4
2023-01-19 05:00:00,5,,1.4
2023-01-19 06:00:00,6,,1.5
2023-01-19 07:00:00,7,,1.2
2023-01-19 08:00:00,8,,0.7
2023-01-19 09:00:00,9,16.1,0.9
2023-01-19 10:00:00,10,426.6,0.7
2023-01-19 11:00:00,11,688.3,1.6
2023-01-19 12:00:00,12,1209.0,2.3
2023-01-19 13:00:00,13,1461.0,3.0
2023-01-19 14:00:00,14,2367.7,3.4
2023-01-19 15:00:00,15,2296.3,2.7
2023-01-19 16:00:00,16,2830.6,2.3
2023-01-19 17:00:00,17,2673.0,2.6
2023-01-19 18:00:00,18,1868.7,2.5
2023-01-19 19:00:00,19,1248.0,2.5
2023-01-19 20:00:00,20,948.8,3.0
2023-01-19 21:00:00,21,191.4,2.3
2023-01-19 22:00:00,22,,2.0
2023-01-19 23:00:00,23,,1.8
2023-01-20 00:00:00,0,,1.7
2023-01-20 01:00:00,1,,1.0
2023-01-20 02:00:00,2,,1.1
2023-01-20 03:00:00,3,,1.5
2023-01-20 04:00:00,4,,1.6
2023-01-20 05:00:00,5,,1.6
2023-01-20 06:00:00,6,,1.2
2023-01-20 07:00:00,7,,1.5
2023-01-20 08:00:00,8,,2.3
2023-01-20 09:00:00,9,13.7,2.5
2023-01-20 10:00:00,10,450.0,3.0
2023-01-20 11:00:00,11,569.5,1.7
2023-01-20 12:00:00,12,1329.8,1.8
2023-01-20 13:00:00,13,1977.4,1.6
2023-01-20 14:00:00,14,2756.1,2.2
2023-01-20 15:00:00,15,2414.8,1.2
2023-01-20 16:00:00,16,2077.3,2.7
2023-01-20 17:00:00,17,1750.3,1.5
2023-01-20 18:00:00,18,1987.3,2.9
2023-01-20 19:00:00,19,1675.4,2.3
2023-01-20 20:00:00,20,933.2,2.4
2023-01-20 21:00:00,21,209.3,1.5
2023-01-20 22:00:00,22,0.8,1.3
2023-01-20 23:00:00,23,,0.4
2023-01-21 00:00:00,0,,1.0
2023-01-21 01:00:00,1,,1.3
2023-01-21 02:00:00,2,,0.5
2023-01-21 03:00:00,3,,2.1
2023-01-21 04:00:00,4,,1.5
2023-01-21 05:00:00,5,,0.7
2023-01-21 06:00:00,6,,1.0
2023-01-21 07:00:00,7,,1.3
2023-01-21 08:00:00,8,,1.7
2023-01-21 09:00:00,9,4.0,1.2
2023-01-21 10:00:00,10,192.3,1.4
2023-01-21 11:00:00,11,373.3,1.3
2023-01-21 12:00:00,12,737.9,1.4
2023-01-21 13:00:00,13,1347.8,1.1
2023-01-21 14:00:00,14,2071.8,1.8
2023-01-21 15:00:00,15,2585.3,2.3
2023-01-21 16:00:00,16,1894.0,1.4
2023-01-21 17:00:00,17,2902.3,1.2
2023-01-21 18:00:00,18,2345.4,2.7
2023-01-21 19:00:00,19,1729.1,2.2
2023-01-21 20:00:00,20,1187.7,2.3
2023-01-21 21:00:00,21,393.8,1.6
2023-01-21 22:00:00,22,,0.7
2023-01-21 23:00:00,23,,1.0
2023-01-22 00:00:00,0,,0.8
2023-01-22 01:00:00,1,,0.5
2023-01-22 02:00:00,2,,1.4
2023-01-22 03:00:00,3,,1.5
2023-01-22 04:00:00,4,,1.3
2023-01-22 05:00:00,5,,1.7
2023-01-22 06:00:00,6,,1.7
2023-01-22 07:00:00,7,,1.7
2023-01-22 08:00:00,8,,0.9
2023-01-22 09:00:00,9,22.3,0.8
2023-01-22 10:00:00,10,329.5,2.1
2023-01-22 11:00:00,11,506.1,3.2
2023-01-22 12:00:00,12,1678.3,2.6
2023-01-22 13:00:00,13,2371.6,2.2
2023-01-22 14:00:00,14,1862.9,3.1
2023-01-22 15:00:00,15,2139.5,1.6
2023-01-22 16:00:00,16,2777.3,3.2
2023-01-22 17:00:00,17,2185.7,2.6
2023-01-22 18:00:00,18,930.8,2.7
2023-01-22 19:00:00,19,965.6,2.3
2023-01-22 20:00:00,20,904.7,2.9
2023-01-22 21:00:00,21,272.4,1.7
2023-01-22 22:00:00,22,,1.9
2023-01-22 23:00:00,23,,2.4
2023-01-23 00:00:00,0,,1.6
2023-01-23 01:00:00,1,,2.5
2023-01-23 02:00:00,2,,2.7
2023-01-23 03:00:00,3,,1.7
2023-01-23 04:00:00,4,,1.0
2023-01-23 05:00:00,5,,1.8
2023-01-23 06:00:00,6,,1.5
2023-01-23 07:00:00,7,,1.8
2023-01-23 08:00:00,8,,1.3
2023-01-23 09:00:00,9,21.9,1.9
2023-01-23 10:00:00,10,326.7,1.6
2023-01-23 11:00:00,11,689.5,1.7
2023-01-23 12:00:00,12,1435.6,0.9
2023-01-23 13:00:00,13,2458.7,1.0
2023-01-23 14:00:00,14,2603.8,1.9
2023-01-23 15:00:00,15,2030.4,1.9
2023-01-23 16:00:00,16,2813.4,2.1
2023-01-23 17:00:00,17,2802.4,2.0
2023-01-23 18:00:00,18,2307.2,2.3
2023-01-23 19:00:00,19,1541.5,3.3
2023-01-23 20:00:00,20,835.1,3.7
2023-01-23 21:00:00,21,293.0,2.3
2023-01-23 22:00:00,22,0.7,2.9
2023-01-23 23:00:00,23,,5.6
2023-01-24 00:00:00,0,,1.1
2023-01-24 01:00:00,1,,1.6
2023-01-24 02:00:00,2,,2.0
2023-01-24 03:00:00,3,,1.3
2023-01-24 04:00:00,4,,0.5
2023-01-24 05:00:00,5,,0.9
2023-01-24 06:00:00,6,,0.2
2023-01-24 07:00:00,7,,1.4
2023-01-24 08:00:00,8,,1.9
2023-01-24 09:00:00,9,31.7,1.5
2023-01-24 10:00:00,10,309.9,2.1
2023-01-24 11:00:00,11,639.4,2.0
2023-01-24 12:00:00,12,1207.9,1.9
2023-01-24 13:00:00,13,2158.2,3.0
2023-01-24 14:00:00,14,2948.0,3.0
2023-01-24 15:00:00,15,3064.7,3.5
2023-01-24 16:00:00,16,2932.9,3.4
2023-01-24 17:00:00,17,2680.7,3.1
2023-01-24 18:00:00,18,1429.5,2.5
2023-01-24 19:00:00,19,1788.9,4.3
2023-01-24 20:00:00,20,1089.2,3.4
2023-01-24 21:00:00,21,319.4,2.1
2023-01-24 22:00:00,22,1.1,1.3
2023-01-24 23:00:00,23,,1.6
2023-01-25 00:00:00,0,,1.5
2023-01-25 01:00:00,1,,1.7
2023-01-25 02:00:00,2,,1.3
2023-01-25 03:00:00,3,,1.2
2023-01-25 04:00:00,4,,1.2
2023-01-25 05:00:00,5,,1.1
2023-01-25 06:00:00,6,,0.9
2023-01-25 07:00:00,7,,1.8
2023-01-25 08:00:00,8,,1.5
2023-01-25 09:00:00,9,23.7,1.6
2023-01-25 10:00:00,10,467.7,1.7
2023-01-25 11:00:00,11,1199.7,2.0
2023-01-25 12:00:00,12,1707.2,1.3
2023-01-25 13:00:00,13,2148.3,2.2
2023-01-25 14:00:00,14,2870.4,1.6
2023-01-25 15:00:00,15,3159.3,1.8
2023-01-25 16:00:00,16,3087.6,3.5
2023-01-25 17:00:00,17,3018.6,3.5
2023-01-25 18:00:00,18,2005.7,3.6
2023-01-25 19:00:00,19,1944.1,4.2
2023-01-25 20:00:00,20,1233.5,3.7
2023-01-25 21:00:00,21,220.0,1.7
2023-01-25 22:00:00,22,,1.1
2023-01-25 23:00:00,23,,1.4
2023-01-26 00:00:00,0,,2.1
2023-01-26 01:00:00,1,,3.1
2023-01-26 02:00:00,2,,1.2
2023-01-26 03:00:00,3,,1.8
2023-01-26 04:00:00,4,,1.7
2023-01-26 05:00:00,5,,1.6
2023-01-26 06:00:00,6,,1.8
2023-01-26 07:00:00,7,,1.6
2023-01-26 08:00:00,8,,2.1
2023-01-26 09:00:00,9,22.9,2.6
2023-01-26 10:00:00,10,486.1,2.5
2023-01-26 11:00:00,11,1149.4,1.4
2023-01-26 12:00:00,12,1820.9,1.2
2023-01-26 13:00:00,13,2499.8,1.6
2023-01-26 14:00:00,14,2887.8,1.1
2023-01-26 15:00:00,15,3052.3,2.3
2023-01-26 16:00:00,16,3160.9,1.7
2023-01-26 17:00:00,17,2210.3,2.8
2023-01-26 18:00:00,18,2157.5,2.2
2023-01-26 19:00:00,19,1914.7,3.3
2023-01-26 20:00:00,20,1116.5,1.9
2023-01-26 21:00:00,21,236.4,1.2
2023-01-26 22:00:00,22,,1.5
2023-01-26 23:00:00,23,,1.7
2023-01-27 00:00:00,0,,1.9
2023-01-27 01:00:00,1,,1.8
2023-01-27 02:00:00,2,,1.8
2023-01-27 03:00:00,3,,1.4
2023-01-27 04:00:00,4,,1.1
2023-01-27 05:00:00,5,,1.5
2023-01-27 06:00:00,6,,1.3
2023-01-27 07:00:00,7,,1.2
2023-01-27 08:00:00,8,,1.2
2023-01-27 09:00:00,9,22.4,1.7
2023-01-27 10:00:00,10,425.2,1.9
2023-01-27 11:00:00,11,855.5,1.8
2023-01-27 12:00:00,12,785.6,1.8
2023-01-27 13:00:00,13,1056.5,1.9
2023-01-27 14:00:00,14,1855.9,1.6
2023-01-27 15:00:00,15,2591.5,2.2
2023-01-27 16:00:00,16,2162.4,2.1
2023-01-27 17:00:00,17,1339.3,2.3
2023-01-27 18:00:00,18,974.3,3.2
2023-01-27 19:00:00,19,357.9,3.6
2023-01-27 20:00:00,20,822.0,2.1
2023-01-27 21:00:00,21,149.2,0.7
2023-01-27 22:00:00,22,0.7,0.8
2023-01-27 23:00:00,23,,1.0
2023-01-28 00:00:00,0,,2.4
2023-01-28 01:00:00,1,,2.3
2023-01-28 02:00:00,2,,2.5
2023-01-28 03:00:00,3,,2.4
2023-01-28 04:00:00,4,,1.8
2023-01-28 05:00:00,5,,1.5
2023-01-28 06:00:00,6,,1.0
2023-01-28 07:00:00,7,,0.6
2023-01-28 08:00:00,8,,0.6
2023-01-28 09:00:00,9,14.4,0.8
2023-01-28 10:00:00,10,,
2023-01-28 11:00:00,11,729.5,2.5
2023-01-28 12:00:00,12,1366.7,2.5
2023-01-28 13:00:00,13,1553.1,2.6
2023-01-28 14:00:00,14,,
2023-01-28 15:00:00,15,,
2023-01-28 16:00:00,16,2349.4,3.2
2023-01-28 17:00:00,17,2313.5,4.3
2023-01-28 18:00:00,18,1819.2,3.5
2023-01-28 19:00:00,19,1554.2,3.6
2023-01-28 20:00:00,20,1048.8,3.7
2023-01-28 21:00:00,21,305.9,3.9
2023-01-28 22:00:00,22,1.5,4.8
2023-01-28 23:00:00,23,,4.2
2023-01-29 00:00:00,0,,4.0
2023-01-29 01:00:00,1,,3.4
2023-01-29 02:00:00,2,,2.5
2023-01-29 03:00:00,3,,1.1
2023-01-29 04:00:00,4,,1.2
2023-01-29 05:00:00,5,,1.6
2023-01-29 06:00:00,6,,1.4
2023-01-29 07:00:00,7,,1.5
2023-01-29 08:00:00,8,,1.4
2023-01-29 09:00:00,9,14.1,1.2
2023-01-29 10:00:00,10,417.3,2.0
2023-01-29 11:00:00,11,1027.2,2.9
2023-01-29 12:00:00,12,1563.9,4.1
2023-01-29 13:00:00,13,2083.8,4.2
2023-01-29 14:00:00,14,2259.1,4.6
2023-01-29 15:00:00,15,2936.6,4.0
2023-01-29 16:00:00,16,2065.7,4.5
2023-01-29 17:00:00,17,2600.7,4.4
2023-01-29 18:00:00,18,2438.3,4.3
2023-01-29 19:00:00,19,1557.0,5.2
2023-01-29 20:00:00,20,979.4,3.9
2023-01-29 21:00:00,21,311.1,3.3
2023-01-29 22:00:00,22,1.1,3.0
2023-01-29 23:00:00,23,,4.3
2023-01-30 00:00:00,0,,1.2
2023-01-30 01:00:00,1,,4.0
2023-01-30 02:00:00,2,,2.3
2023-01-30 03:00:00,3,,0.7
2023-01-30 04:00:00,4,,1.2
2023-01-30 05:00:00,5,,1.6
2023-01-30 06:00:00,6,,1.4
2023-01-30 07:00:00,7,,1.9
2023-01-30 08:00:00,8,,1.7
2023-01-30 09:00:00,9,12.1,1.4
2023-01-30 10:00:00,10,287.0,2.4
2023-01-30 11:00:00,11,907.3,2.8
2023-01-30 12:00:00,12,1365.6,3.8
2023-01-30 13:00:00,13,2484.4,3.0
2023-01-30 14:00:00,14,2387.2,2.5
2023-01-30 15:00:00,15,2471.5,3.5
2023-01-30 16:00:00,16,2915.2,2.7
2023-01-30 17:00:00,17,2605.1,2.0
2023-01-30 18:00:00,18,2279.9,3.3
2023-01-30 19:00:00,19,1880.8,2.8
2023-01-30 20:00:00,20,1165.1,3.6
2023-01-30 21:00:00,21,340.9,1.3
2023-01-30 22:00:00,22,0.7,1.0
2023-01-30 23:00:00,23,,1.8
2023-01-31 00:00:00,0,,5.9
2023-01-31 01:00:00,1,,4.2
2023-01-31 02:00:00,2,,4.4
2023-01-31 03:00:00,3,,4.9
2023-01-31 04:00:00,4,,3.5
2023-01-31 05:00:00,5,,3.2
2023-01-31 06:00:00,6,,1.8
2023-01-31 07:00:00,7,,1.7
2023-01-31 08:00:00,8,,1.8
2023-01-31 09:00:00,9,11.8,2.0
2023-01-31 10:00:00,10,249.7,1.5
2023-01-31 11:00:00,11,627.2,2.5
2023-01-31 12:00:00,12,783.3,2.9
2023-01-31 13:00:00,13,1603.7,3.8
2023-01-31 14:00:00,14,2567.2,4.4
2023-01-31 15:00:00,15,2222.0,3.6
2023-01-31 16:00:00,16,2355.6,4.2
2023-01-31 17:00:00,17,2697.5,3.3
2023-01-31 18:00:00,18,1872.3,3.7
2023-01-31 19:00:00,19,1640.5,3.0
2023-01-31 20:00:00,20,901.6,4.9
2023-01-31 21:00:00,21,89.1,5.1
2023-01-31 22:00:00,22,1.9,4.0
2023-01-31 23:00:00,23,,4.4
2023-02-01 00:00:00,0,,3.4
2023-02-01 01:00:00,1,,2.9
2023-02-01 02:00:00,2,,1.5
2023-02-01 03:00:00,3,,0.9
2023-02-01 04:00:00,4,,1.0
2023-02-01 05:00:00,5,,1.9
2023-02-01 06:00:00,6,,2.0
2023-02-01 07:00:00,7,,1.7
2023-02-01 08:00:00,8,,1.6
2023-02-01 09:00:00,9,16.4,1.2
2023-02-01 10:00:00,10,406.0,1.7
2023-02-01 11:00:00,11,821.6,2.4
2023-02-01 12:00:00,12,1392.9,3.4
2023-02-01 13:00:00,13,1822.0,3.4
2023-02-01 14:00:00,14,1714.2,4.4
2023-02-01 15:00:00,15,1590.9,3.6
2023-02-01 16:00:00,16,1424.1,3.0
2023-02-01 17:00:00,17,1191.9,3.2
2023-02-01 18:00:00,18,854.2,2.4
2023-02-01 19:00:00,19,722.0,2.4
2023-02-01 20:00:00,20,559.6,1.7
2023-02-01 21:00:00,21,171.9,2.4
2023-02-01 22:00:00,22,1.1,2.2
2023-02-01 23:00:00,23,,3.4
2023-02-02 00:00:00,0,,3.0
2023-02-02 01:00:00,1,,3.1
2023-02-02 02:00:00,2,,2.4
2023-02-02 03:00:00,3,,5.3
2023-02-02 04:00:00,4,,3.8
2023-02-02 05:00:00,5,,2.0
2023-02-02 06:00:00,6,,1.2
2023-02-02 07:00:00,7,,1.5
2023-02-02 08:00:00,8,,1.3
2023-02-02 09:00:00,9,18.8,1.9
2023-02-02 10:00:00,10,345.7,2.6
2023-02-02 11:00:00,11,537.4,3.1
2023-02-02 12:00:00,12,993.6,3.1
2023-02-02 13:00:00,13,1547.9,2.9
2023-02-02 14:00:00,14,1268.3,1.6
2023-02-02 15:00:00,15,1116.0,2.7
2023-02-02 16:00:00,16,2150.2,2.5
2023-02-02 17:00:00,17,2121.1,2.3
2023-02-02 18:00:00,18,1482.3,2.5
2023-02-02 19:00:00,19,1774.5,3.4
2023-02-02 20:00:00,20,1055.4,3.5
2023-02-02 21:00:00,21,331.0,2.3
2023-02-02 22:00:00,22,0.8,1.1
2023-02-02 23:00:00,23,,5.0
2023-02-03 00:00:00,0,,5.2
2023-02-03 01:00:00,1,,4.4
2023-02-03 02:00:00,2,,3.0
2023-02-03 03:00:00,3,,2.6
2023-02-03 04:00:00,4,,1.6
2023-02-03 05:00:00,5,,1.7
2023-02-03 06:00:00,6,,1.6
2023-02-03 07:00:00,7,,1.4
2023-02-03 08:00:00,8,,1.2
2023-02-03 09:00:00,9,,
2023-02-03 10:00:00,10,195.1,2.3
2023-02-03 11:00:00,11,484.4,2.2
2023-02-03 12:00:00,12,713.5,2.6
2023-02-03 13:00:00,13,863.7,2.9
2023-02-03 14:00:00,14,1505.6,2.1
2023-02-03 15:00:00,15,2308.4,1.4
2023-02-03 16:00:00,16,1948.8,1.9
2023-02-03 17:00:00,17,1951.9,1.6
2023-02-03 18:00:00,18,2285.5,2.4
2023-02-03 19:00:00,19,1812.3,3.0
2023-02-03 20:00:00,20,967.8,3.8
2023-02-03 21:00:00,21,197.4,0.9
2023-02-03 22:00:00,22,7.1,2.6
2023-02-03 23:00:00,23,,2.0
2023-02-04 00:00:00,0,,1.2
2023-02-04 01:00:00,1,,1.2
2023-02-04 02:00:00,2,,1.5
2023-02-04 03:00:00,3,,1.2
2023-02-04 04:00:00,4,,1.1
2023-02-04 05:00:00,5,,1.1
2023-02-04 06:00:00,6,,1.5
2023-02-04 07:00:00,7,,2.0
2023-02-04 08:00:00,8,,1.6
2023-02-04 09:00:00,9,8.1,1.6
2023-02-04 10:00:00,10,231.1,2.1
2023-02-04 11:00:00,11,823.4,2.3
2023-02-04 12:00:00,12,1498.9,3.1
2023-02-04 13:00:00,13,2267.0,2.7
2023-02-04 14:00:00,14,2913.3,3.7
2023-02-04 15:00:00,15,3102.7,3.6
2023-02-04 16:00:00,16,2970.6,2.9
2023-02-04 17:00:00,17,,
2023-02-04 18:00:00,18,1945.2,3.6
2023-02-04 19:00:00,19,1549.5,4.0
2023-02-04 20:00:00,20,395.9,2.9
2023-02-04 21:00:00,21,128.2,2.9
2023-02-04 22:00:00,22,,3.4
2023-02-04 23:00:00,23,,2.9
2023-02-05 00:00:00,0,,4.0
2023-02-05 01:00:00,1,,4.2
2023-02-05 02:00:00,2,,2.0
2023-02-05 03:00:00,3,,0.6
2023-02-05 04:00:00,4,,1.2
2023-02-05 05:00:00,5,,1.5
2023-02-05 06:00:00,6,,1.9
2023-02-05 07:00:00,7,,2.0
2023-02-05 08:00:00,8,,2.0
2023-02-05 09:00:00,9,,
2023-02-05 10:00:00,10,193.6,1.6
2023-02-05 11:00:00,11,485.7,1.7
2023-02-05 12:00:00,12,1245.7,2.4
2023-02-05 13:00:00,13,2148.0,2.9
2023-02-05 14:00:00,14,2501.7,3.6
2023-02-05 15:00:00,15,3085.7,3.9
2023-02-05 16:00:00,16,3111.1,2.6
2023-02-05 17:00:00,17,2517.6,2.6
2023-02-05 18:00:00,18,2413.2,3.3
2023-02-05 19:00:00,19,1795.4,3.3
2023-02-05 20:00:00,20,1089.1,3.9
2023-02-05 21:00:00,21,299.5,2.9
2023-02-05 22:00:00,22,0.0,2.3
2023-02-05 23:00:00,23,,1.4
2023-02-06 00:00:00,0,,4.9
2023-02-06 01:00:00,1,,3.9
2023-02-06 02:00:00,2,,1.3
2023-02-06 03:00:00,3,,2.1
2023-02-06 04:00:00,4,,2.5
2023-02-06 05:00:00,5,,2.0
2023-02-06 06:00:00,6,,2.8
2023-02-06 07:00:00,7,,3.7
2023-02-06 08:00:00,8,,0.8
2023-02-06 09:00:00,9,12.7,0.7
2023-02-06 10:00:00,10,404.3,1.5
2023-02-06 11:00:00,11,951.5,1.9
2023-02-06 12:00:00,12,943.5,2.5
2023-02-06 13:00:00,13,1241.4,2.6
2023-02-06 14:00:00,14,1357.8,2.9
2023-02-06 15:00:00,15,1700.3,2.7
2023-02-06 16:00:00,16,2717.9,3.2
2023-02-06 17:00:00,17,2294.2,2.5
2023-02-06 18:00:00,18,2066.2,1.6
2023-02-06 19:00:00,19,266.6,2.4
2023-02-06 20:00:00,20,167.2,1.5
2023-02-06 21:00:00,21,93.9,1.4
2023-02-06 22:00:00,22,2.0,1.4
2023-02-06 23:00:00,23,,1.2
2023-02-07 00:00:00,0,,2.6
2023-02-07 01:00:00,1,,1.0
2023-02-07 02:00:00,2,,0.9
2023-02-07 03:00:00,3,,1.2
2023-02-07 04:00:00,4,,1.0
2023-02-07 05:00:00,5,,1.2
2023-02-07 06:00:00,6,,1.0
2023-02-07 07:00:00,7,,1.9
2023-02-07 08:00:00,8,,1.1
2023-02-07 09:00:00,9,10.3,1.1
2023-02-07 10:00:00,10,205.5,1.4
2023-02-07 11:00:00,11,750.7,3.5
2023-02-07 12:00:00,12,1061.7,3.1
2023-02-07 13:00:00,13,,
2023-02-07 14:00:00,14,2521.2,3.7
2023-02-07 15:00:00,15,3146.6,3.4
2023-02-07 16:00:00,16,2048.1,3.0
2023-02-07 17:00:00,17,2501.9,4.1
2023-02-07 18:00:00,18,2304.7,3.2
2023-02-07 19:00:00,19,1674.3,3.8
2023-02-07 20:00:00,20,1169.1,3.4
2023-02-07 21:00:00,21,341.5,3.3
2023-02-07 22:00:00,22,2.7,1.7
2023-02-07 23:00:00,23,,3.3
2023-02-08 00:00:00,0,,4.1
2023-02-08 01:00:00,1,,4.3
2023-02-08 02:00:00,2,,2.9
2023-02-08 03:00:00,3,,0.8
2023-02-08 04:00:00,4,,0.5
2023-02-08 05:00:00,5,,1.1
2023-02-08 06:00:00,6,,1.2
2023-02-08 07:00:00,7,,1.3
2023-02-08 08:00:00,8,,0.9
2023-02-08 09:00:00,9,12.8,1.5
2023-02-08 10:00:00,10,437.1,1.9
2023-02-08 11:00:00,11,1186.6,2.1
2023-02-08 12:00:00,12,1963.4,3.0
2023-02-08 13:00:00,13,2508.6,3.5
2023-02-08 14:00:00,14,2977.3,3.6
2023-02-08 15:00:00,15,3194.5,2.8
2023-02-08 16:00:00,16,3190.9,3.9
2023-02-08 17:00:00,17,2876.0,2.7
2023-02-08 18:00:00,18,2507.9,4.6
2023-02-08 19:00:00,19,1572.4,3.3
2023-02-08 20:00:00,20,325.7,2.5
2023-02-08 21:00:00,21,119.1,1.9
2023-02-08 22:00:00,22,2.2,2.6
2023-02-08 23:00:00,23,,3.0
2023-02-09 00:00:00,0,,4.0
2023-02-09 01:00:00,1,,1.4
2023-02-09 02:00:00,2,,1.3
2023-02-09 03:00:00,3,,1.3
2023-02-09 04:00:00,4,,1.3
2023-02-09 05:00:00,5,,1.3
2023-02-09 06:00:00,6,,1.8
2023-02-09 07:00:00,7,,0.8
2023-02-09 08:00:00,8,,1.4
2023-02-09 09:00:00,9,6.8,0.5
2023-02-09 10:00:00,10,246.2,1.6
2023-02-09 11:00:00,11,787.9,2.7
2023-02-09 12:00:00,12,1641.3,2.9
2023-02-09 13:00:00,13,2047.9,2.7
2023-02-09 14:00:00,14,2567.2,2.8
2023-02-09 15:00:00,15,2763.8,4.6
2023-02-09 16:00:00,16,3090.2,3.6
2023-02-09 17:00:00,17,2606.5,2.1
2023-02-09 18:00:00,18,2232.5,4.0
2023-02-09 19:00:00,19,1667.6,3.0
2023-02-09 20:00:00,20,635.8,2.3
2023-02-09 21:00:00,21,361.3,2.1
2023-02-09 22:00:00,22,0.4,2.6
2023-02-09 23:00:00,23,,2.1
2023-02-10 00:00:00,0,,1.5
2023-02-10 01:00:00,1,,2.4
2023-02-10 02:00:00,2,,2.2
2023-02-10 03:00:00,3,,1.3
2023-02-10 04:00:00,4,,1.1
2023-02-10 05:00:00,5,,1.6
2023-02-10 06:00:00,6,,1.8
2023-02-10 07:00:00,7,,1.5
2023-02-10 08:00:00,8,,1.6
2023-02-10 09:00:00,9,5.6,1.4
2023-02-10 10:00:00,10,269.8,1.9
2023-02-10 11:00:00,11,895.8,3.7
2023-02-10 12:00:00,12,1601.0,3.5
2023-02-10 13:00:00,13,1899.4,3.1
2023-02-10 14:00:00,14,1954.1,3.2
2023-02-10 15:00:00,15,2105.3,2.8
2023-02-10 16:00:00,16,1949.1,3.2
2023-02-10 17:00:00,17,1362.7,3.6
2023-02-10 18:00:00,18,1209.5,3.7
2023-02-10 19:00:00,19,1285.5,3.4
2023-02-10 20:00:00,20,982.3,3.9
2023-02-10 21:00:00,21,246.5,2.8
2023-02-10 22:00:00,22,,4.8
2023-02-10 23:00:00,23,,4.6
2023-02-11 00:00:00,0,,4.8
2023-02-11 01:00:00,1,,4.6
2023-02-11 02:00:00,2,,2.3
2023-02-11 03:00:00,3,,3.3
2023-02-11 04:00:00,4,,2.1
2023-02-11 05:00:00,5,,2.7
2023-02-11 06:00:00,6,,2.0
2023-02-11 07:00:00,7,,3.7
2023-02-11 08:00:00,8,,1.2
2023-02-11 09:00:00,9,6.8,1.4
2023-02-11 10:00:00,10,161.3,2.1
2023-02-11 11:00:00,11,503.7,2.7
2023-02-11 12:00:00,12,881.4,4.0
2023-02-11 13:00:00,13,1803.2,4.4
2023-02-11 14:00:00,14,2192.7,4.3
2023-02-11 15:00:00,15,3008.5,4.2
2023-02-11 16:00:00,16,2842.1,5.0
2023-02-11 17:00:00,17,2601.0,3.9
2023-02-11 18:00:00,18,2055.5,4.6
2023-02-11 19:00:00,19,1238.9,4.4
2023-02-11 20:00:00,20,945.9,4.2
2023-02-11 21:00:00,21,249.7,3.8
2023-02-11 22:00:00,22,2.1,3.8
2023-02-11 23:00:00,23,,4.6
2023-02-12 00:00:00,0,,3.7
2023-02-12 01:00:00,1,,5.7
2023-02-12 02:00:00,2,,3.5
2023-02-12 03:00:00,3,,1.9
2023-02-12 04:00:00,4,,2.3
2023-02-12 05:00:00,5,,1.0
2023-02-12 06:00:00,6,,2.2
2023-02-12 07:00:00,7,,1.6
2023-02-12 08:00:00,8,,1.2
2023-02-12 09:00:00,9,8.3,1.5
2023-02-12 10:00:00,10,241.2,1.7
2023-02-12 11:00:00,11,717.2,2.8
2023-02-12 12:00:00,12,1474.4,1.9
2023-02-12 13:00:00,13,2530.1,3.5
2023-02-12 14:00:00,14,2918.8,3.5
2023-02-12 15:00:00,15,2986.0,3.5
2023-02-12 16:00:00,16,2822.3,2.6
2023-02-12 17:00:00,17,2224.0,2.7
2023-02-12 18:00:00,18,2153.8,3.2
2023-02-12 19:00:00,19,1776.1,2.0
2023-02-12 20:00:00,20,543.9,3.0
2023-02-12 21:00:00,21,382.3,2.4
2023-02-12 22:00:00,22,,2.4
2023-02-12 23:00:00,23,,4.1
2023-02-13 00:00:00,0,,4.0
2023-02-13 01:00:00,1,,3.8
2023-02-13 02:00:00,2,,4.9
2023-02-13 03:00:00,3,,2.4
2023-02-13 04:00:00,4,,2.3
2023-02-13 05:00:00,5,,1.6
2023-02-13 06:00:00,6,,2.1
2023-02-13 07:00:00,7,,2.2
2023-02-13 08:00:00,8,,2.1
2023-02-13 09:00:00,9,8.2,2.1
2023-02-13 10:00:00,10,190.8,2.6
2023-02-13 11:00:00,11,499.0,2.6
2023-02-13 12:00:00,12,752.4,3.3
2023-02-13 13:00:00,13,1708.7,3.8
2023-02-13 14:00:00,14,1867.6,3.6
2023-02-13 15:00:00,15,2447.8,3.9
2023-02-13 16:00:00,16,2585.2,3.7
2023-02-13 17:00:00,17,2146.1,3.8
2023-02-13 18:00:00,18,2390.1,4.1
2023-02-13 19:00:00,19,1811.7,4.3
2023-02-13 20:00:00,20,1032.3,3.0
2023-02-13 21:00:00,21,341.7,3.0
2023-02-13 22:00:00,22,,1.9
2023-02-13 23:00:00,23,,1.8
2023-02-14 00:00:00,0,,5.5
2023-02-14 01:00:00,1,,3.3
2023-02-14 02:00:00,2,,3.7
2023-02-14 03:00:00,3,,1.4
2023-02-14 04:00:00,4,,1.6
2023-02-14 05:00:00,5,,1.5
2023-02-14 06:00:00,6,,1.9
2023-02-14 07:00:00,7,,1.9
2023-02-14 08:00:00,8,,2.7
2023-02-14 09:00:00,9,3.8,1.5
2023-02-14 10:00:00,10,173.1,2.1
2023-02-14 11:00:00,11,640.8,2.9
2023-02-14 12:00:00,12,1081.3,4.2
2023-02-14 13:00:00,13,1072.5,3.6
2023-02-14 14:00:00,14,1660.3,3.4
2023-02-14 15:00:00,15,2318.5,4.3
2023-02-14 16:00:00,16,2684.4,4.4
2023-02-14 17:00:00,17,2130.9,3.8
2023-02-14 18:00:00,18,1906.1,3.0
2023-02-14 19:00:00,19,1214.0,2.6
2023-02-14 20:00:00,20,479.9,2.4
2023-02-14 21:00:00,21,136.9,1.4
2023-02-14 22:00:00,22,,1.3
2023-02-14 23:00:00,23,,2.4
2023-02-15 00:00:00,0,,3.6
2023-02-15 01:00:00,1,,3.7
2023-02-15 02:00:00,2,,3.2
2023-02-15 03:00:00,3,,1.7
2023-02-15 04:00:00,4,,1.8
2023-02-15 05:00:00,5,,1.9
2023-02-15 06:00:00,6,,1.4
2023-02-15 07:00:00,7,,1.8
2023-02-15 08:00:00,8,,1.8
2023-02-15 09:00:00,9,10.9,2.0
2023-02-15 10:00:00,10,160.4,1.7
2023-02-15 11:00:00,11,659.4,2.6
2023-02-15 12:00:00,12,1367.5,2.0
2023-02-15 13:00:00,13,2339.8,2.2
2023-02-15 14:00:00,14,2743.5,3.2
2023-02-15 15:00:00,15,3164.8,2.9
2023-02-15 16:00:00,16,3193.8,3.5
2023-02-15 17:00:00,17,2327.0,1.2
2023-02-15 18:00:00,18,2213.7,3.0
2023-02-15 19:00:00,19,1987.0,3.1
2023-02-15 20:00:00,20,1085.2,3.1
2023-02-15 21:00:00,21,306.1,1.7
2023-02-15 22:00:00,22,,0.6
2023-02-15 23:00:00,23,,1.5
2023-02-16 00:00:00,0,,1.1
2023-02-16 01:00:00,1,,2.6
2023-02-16 02:00:00,2,,1.4
2023-02-16 03:00:00,3,,1.4
2023-02-16 04:00:00,4,,1.3
2023-02-16 05:00:00,5,,1.6
2023-02-16 06:00:00,6,,1.5
2023-02-16 07:00:00,7,,1.4
2023-02-16 08:00:00,8,,1.4
2023-02-16 09:00:00,9,4.7,0.4
2023-02-16 10:00:00,10,206.9,0.6
2023-02-16 11:00:00,11,708.2,2.6
2023-02-16 12:00:00,12,955.4,2.6
2023-02-16 13:00:00,13,1025.5,1.8
2023-02-16 14:00:00,14,1609.5,2.1
2023-02-16 15:00:00,15,2201.8,3.1
2023-02-16 16:00:00,16,3118.2,1.7
2023-02-16 17:00:00,17,2298.6,2.2
2023-02-16 18:00:00,18,2490.0,2.6
2023-02-16 19:00:00,19,1776.1,3.2
2023-02-16 20:00:00,20,993.3,3.5
2023-02-16 21:00:00,21,235.6,1.6
2023-02-16 22:00:00,22,,1.6
2023-02-16 23:00:00,23,,1.2
2023-02-17 00:00:00,0,,0.6
2023-02-17 01:00:00,1,,4.6
2023-02-17 02:00:00,2,,1.8
2023-02-17 03:00:00,3,,1.2
2023-02-17 04:00:00,4,,1.1
2023-02-17 05:00:00,5,,1.2
2023-02-17 06:00:00,6,,1.9
2023-02-17 07:00:00,7,,1.2
2023-02-17 08:00:00,8,,1.4
2023-02-17 09:00:00,9,6.8,1.1
2023-02-17 10:00:00,10,165.1,1.3
2023-02-17 11:00:00,11,706.8,1.4
2023-02-17 12:00:00,12,1251.9,1.3
2023-02-17 13:00:00,13,2280.6,2.2
2023-02-17 14:00:00,14,2101.2,2.7
2023-02-17 15:00:00,15,2676.7,2.0
2023-02-17 16:00:00,16,2046.8,3.3
2023-02-17 17:00:00,17,1940.3,3.1
2023-02-17 18:00:00,18,1688.0,4.2
2023-02-17 19:00:00,19,1500.7,3.6
2023-02-17 20:00:00,20,672.9,3.4
2023-02-17 21:00:00,21,397.0,2.2
2023-02-17 22:00:00,22,,1.8
2023-02-17 23:00:00,23,,1.5
2023-02-18 00:00:00,0,,1.9
2023-02-18 01:00:00,1,,1.7
2023-02-18 02:00:00,2,,3.7
2023-02-18 03:00:00,3,,3.5
2023-02-18 04:00:00,4,,1.9
2023-02-18 05:00:00,5,,1.5
2023-02-18 06:00:00,6,,1.6
2023-02-18 07:00:00,7,,1.4
2023-02-18 08:00:00,8,,1.4
2023-02-18 09:00:00,9,7.4,1.8
2023-02-18 10:00:00,10,354.3,2.1
2023-02-18 11:00:00,11,515.8,1.9
2023-02-18 12:00:00,12,1320.8,2.4
2023-02-18 13:00:00,13,1509.9,2.4
2023-02-18 14:00:00,14,2150.1,3.7
2023-02-18 15:00:00,15,3104.2,3.1
2023-02-18 16:00:00,16,2509.2,3.2
2023-02-18 17:00:00,17,2703.3,5.4
2023-02-18 18:00:00,18,2014.1,4.7
2023-02-18 19:00:00,19,1739.0,3.7
2023-02-18 20:00:00,20,854.7,4.6
2023-02-18 21:00:00,21,316.5,2.8
2023-02-18 22:00:00,22,,1.1
2023-02-18 23:00:00,23,,0.8
2023-02-19 00:00:00,0,,1.2
2023-02-19 01:00:00,1,,2.2
2023-02-19 02:00:00,2,,4.8
2023-02-19 03:00:00,3,,2.4
2023-02-19 04:00:00,4,,2.6
2023-02-19 05:00:00,5,,2.2
2023-02-19 06:00:00,6,,2.3
2023-02-19 07:00:00,7,,1.4
2023-02-19 08:00:00,8,,1.5
2023-02-19 09:00:00,9,5.7,0.8
2023-02-19 10:00:00,10,394.3,1.9
2023-02-19 11:00:00,11,866.7,2.4
2023-02-19 12:00:00,12,1629.2,3.4
2023-02-19 13:00:00,13,1897.9,4.0
2023-02-19 14:00:00,14,1587.9,3.3
2023-02-19 15:00:00,15,1752.6,3.0
2023-02-19 16:00:00,16,2738.9,4.1
2023-02-19 17:00:00,17,2615.6,2.4
2023-02-19 18:00:00,18,1761.8,3.9
2023-02-19 19:00:00,19,1751.8,2.8
2023-02-19 20:00:00,20,1059.1,3.3
2023-02-19 21:00:00,21,299.4,2.1
2023-02-19 22:00:00,22,,1.1
2023-02-19 23:00:00,23,,2.1
2023-02-20 00:00:00,0,,3.6
2023-02-20 01:00:00,1,,5.1
2023-02-20 02:00:00,2,,4.1
2023-02-20 03:00:00,3,,2.0
2023-02-20 04:00:00,4,,1.8
2023-02-20 05:00:00,5,,1.6
2023-02-20 06:00:00,6,,2.2
2023-02-20 07:00:00,7,,1.7
2023-02-20 08:00:00,8,,0.4
2023-02-20 09:00:00,9,2.5,0.9
2023-02-20 10:00:00,10,186.3,1.1
2023-02-20 11:00:00,11,817.3,1.4
2023-02-20 12:00:00,12,1184.8,2.6
2023-02-20 13:00:00,13,1479.7,3.1
2023-02-20 14:00:00,14,1642.9,2.7
2023-02-20 15:00:00,15,1026.8,3.6
2023-02-20 16:00:00,16,918.0,3.6
2023-02-20 17:00:00,17,1067.2,3.4
2023-02-20 18:00:00,18,967.1,3.3
2023-02-20 19:00:00,19,560.6,3.2
2023-02-20 20:00:00,20,280.1,3.3
2023-02-20 21:00:00,21,114.2,3.4
2023-02-20 22:00:00,22,,3.9
2023-02-20 23:00:00,23,,4.0
2023-02-21 00:00:00,0,,3.7
2023-02-21 01:00:00,1,,3.4
2023-02-21 02:00:00,2,,3.2
2023-02-21 03:00:00,3,,2.9
2023-02-21 04:00:00,4,,2.4
2023-02-21 05:00:00,5,,2.4
2023-02-21 06:00:00,6,,1.7
2023-02-21 07:00:00,7,,2.4
2023-02-21 08:00:00,8,,3.0
2023-02-21 09:00:00,9,1.4,2.7
2023-02-21 10:00:00,10,100.2,3.0
2023-02-21 11:00:00,11,283.9,2.6
2023-02-21 12:00:00,12,667.4,3.7
2023-02-21 13:00:00,13,1348.4,4.1
2023-02-21 14:00:00,14,1953.0,5.1
2023-02-21 15:00:00,15,2116.9,5.1
2023-02-21 16:00:00,16,2088.2,4.9
2023-02-21 17:00:00,17,1420.6,4.7
2023-02-21 18:00:00,18,1802.6,5.5
2023-02-21 19:00:00,19,1139.0,6.1
2023-02-21 20:00:00,20,592.1,5.2
2023-02-21 21:00:00,21,130.9,4.6
2023-02-21 22:00:00,22,,3.6
2023-02-21 23:00:00,23,,3.2
2023-02-22 00:00:00,0,,3.7
2023-02-22 01:00:00,1,,5.3
2023-02-22 02:00:00,2,,2.5
2023-02-22 03:00:00,3,,1.9
2023-02-22 04:00:00,4,,1.5
2023-02-22 05:00:00,5,,1.7
2023-02-22 06:00:00,6,,1.5
2023-02-22 07:00:00,7,,1.4
2023-02-22 08:00:00,8,,1.7
2023-02-22 09:00:00,9,2.9,1.8
2023-02-22 10:00:00,10,214.9,2.3
2023-02-22 11:00:00,11,615.8,2.3
2023-02-22 12:00:00,12,1097.0,3.1
2023-02-22 13:00:00,13,1500.5,3.4
2023-02-22 14:00:00,14,1718.6,4.7
2023-02-22 15:00:00,15,1828.9,3.1
2023-02-22 16:00:00,16,1664.5,2.0
2023-02-22 17:00:00,17,2036.6,3.8
2023-02-22 18:00:00,18,1562.6,3.4
2023-02-22 19:00:00,19,866.7,3.7
2023-02-22 20:00:00,20,401.9,3.4
2023-02-22 21:00:00,21,129.2,2.4
2023-02-22 22:00:00,22,,5.6
2023-02-22 23:00:00,23,,3.4
2023-02-23 00:00:00,0,,6.2
2023-02-23 01:00:00,1,,4.3
2023-02-23 02:00:00,2,,4.6
2023-02-23 03:00:00,3,,1.8
2023-02-23 04:00:00,4,,1.4
2023-02-23 05:00:00,5,,1.5
2023-02-23 06:00:00,6,,1.7
2023-02-23 07:00:00,7,,2.7
2023-02-23 08:00:00,8,,2.3
2023-02-23 09:00:00,9,5.0,2.6
2023-02-23 10:00:00,10,103.9,2.6
2023-02-23 11:00:00,11,340.7,3.4
2023-02-23 12:00:00,12,818.7,3.3
2023-02-23 13:00:00,13,1285.1,4.6
2023-02-23 14:00:00,14,1522.9,4.7
2023-02-23 15:00:00,15,2698.5,4.1
2023-02-23 16:00:00,16,2553.7,3.3
2023-02-23 17:00:00,17,2319.6,3.5
2023-02-23 18:00:00,18,2026.7,4.0
2023-02-23 19:00:00,19,1800.6,3.5
2023-02-23 20:00:00,20,618.0,4.0
2023-02-23 21:00:00,21,240.0,3.2
2023-02-23 22:00:00,22,,3.2
2023-02-23 23:00:00,23,,4.7
2023-02-24 00:00:00,0,,6.0
2023-02-24 01:00:00,1,,3.7
2023-02-24 02:00:00,2,,3.6
2023-02-24 03:00:00,3,,3.2
2023-02-24 04:00:00,4,,3.7
2023-02-24 05:00:00,5,,3.2
2023-02-24 06:00:00,6,,2.8
2023-02-24 07:00:00,7,,2.4
2023-02-24 08:00:00,8,,1.7
2023-02-24 09:00:00,9,11.4,2.0
2023-02-24 10:00:00,10,263.4,2.9
2023-02-24 11:00:00,11,494.8,2.9
2023-02-24 12:00:00,12,1434.8,3.8
2023-02-24 13:00:00,13,2017.9,3.6
2023-02-24 14:00:00,14,1576.2,3.4
2023-02-24 15:00:00,15,2145.4,4.6
2023-02-24 16:00:00,16,2570.6,4.1
2023-02-24 17:00:00,17,2482.8,4.0
2023-02-24 18:00:00,18,1860.0,4.5
2023-02-24 19:00:00,19,1233.7,4.0
2023-02-24 20:00:00,20,968.3,2.6
2023-02-24 21:00:00,21,337.7,7.0
2023-02-24 22:00:00,22,,4.0
2023-02-24 23:00:00,23,,4.7
2023-02-25 00:00:00,0,,4.5
2023-02-25 01:00:00,1,,3.6
2023-02-25 02:00:00,2,,3.5
2023-02-25 03:00:00,3,,1.6
2023-02-25 04:00:00,4,,1.4
2023-02-25 05:00:00,5,,2.0
2023-02-25 06:00:00,6,,1.9
2023-02-25 07:00:00,7,,1.2
2023-02-25 08:00:00,8,,1.8
2023-02-25 09:00:00,9,2.7,1.5
2023-02-25 10:00:00,10,294.4,2.9
2023-02-25 11:00:00,11,454.5,3.1
2023-02-25 12:00:00,12,551.0,3.2
2023-02-25 13:00:00,13,1192.6,3.9
2023-02-25 14:00:00,14,1631.6,3.2
2023-02-25 15:00:00,15,1191.7,3.0
2023-02-25 16:00:00,16,1465.7,2.5
2023-02-25 17:00:00,17,2720.2,3.8
2023-02-25 18:00:00,18,1841.2,3.4
2023-02-25 19:00:00,19,1577.0,3.8
2023-02-25 20:00:00,20,713.0,2.6
2023-02-25 21:00:00,21,402.0,3.2
2023-02-25 22:00:00,22,,4.9
2023-02-25 23:00:00,23,,3.1
2023-02-26 00:00:00,0,,3.0
2023-02-26 01:00:00,1,,1.7
2023-02-26 02:00:00,2,,2.0
2023-02-26 03:00:00,3,,2.1
2023-02-26 04:00:00,4,,1.7
2023-02-26 05:00:00,5,,1.5
2023-02-26 06:00:00,6,,1.6
2023-02-26 07:00:00,7,,1.5
2023-02-26 08:00:00,8,,1.4
2023-02-26 09:00:00,9,5.5,1.7
2023-02-26 10:00:00,10,170.0,1.1
2023-02-26 11:00:00,11,450.3,1.0
2023-02-26 12:00:00,12,1321.8,2.9
2023-02-26 13:00:00,13,1122.8,1.4
2023-02-26 14:00:00,14,2062.4,2.4
2023-02-26 15:00:00,15,1978.9,1.9
2023-02-26 16:00:00,16,2386.2,1.8
2023-02-26 17:00:00,17,1990.4,2.0
2023-02-26 18:00:00,18,1178.2,2.0
2023-02-26 19:00:00,19,749.8,3.0
2023-02-26 20:00:00,20,1024.9,4.8
2023-02-26 21:00:00,21,219.7,6.1
2023-02-26 22:00:00,22,,4.4
2023-02-26 23:00:00,23,,3.4
2023-02-27 00:00:00,0,,4.3
2023-02-27 01:00:00,1,,2.9
2023-02-27 02:00:00,2,,2.4
2023-02-27 03:00:00,3,,2.1
2023-02-27 04:00:00,4,,2.0
2023-02-27 05:00:00,5,,2.1
2023-02-27 06:00:00,6,,1.4
2023-02-27 07:00:00,7,,1.9
2023-02-27 08:00:00,8,,1.0
2023-02-27 09:00:00,9,4.5,1.2
2023-02-27 10:00:00,10,204.9,1.6
2023-02-27 11:00:00,11,229.6,1.3
2023-02-27 12:00:00,12,625.3,0.9
2023-02-27 13:00:00,13,782.8,2.7
2023-02-27 14:00:00,14,1785.3,3.1
2023-02-27 15:00:00,15,2075.9,3.4
2023-02-27 16:00:00,16,2239.5,1.9
2023-02-27 17:00:00,17,1857.1,2.4
2023-02-27 18:00:00,18,1534.8,2.4
2023-02-27 19:00:00,19,1414.7,3.4
2023-02-27 20:00:00,20,,
2023-02-27 21:00:00,21,139.0,4.2
2023-02-27 22:00:00,22,,1.4
2023-02-27 23:00:00,23,,1.9
2023-02-28 00:00:00,0,,2.1
2023-02-28 01:00:00,1,,1.2
2023-02-28 02:00:00,2,,3.4
2023-02-28 03:00:00,3,,
2023-02-28 04:00:00,4,,2.6
2023-02-28 05:00:00,5,,1.7
2023-02-28 06:00:00,6,,2.2
2023-02-28 07:00:00,7,,1.9
2023-02-28 08:00:00,8,,2.0
2023-02-28 09:00:00,9,5.3,0.8
2023-02-28 10:00:00,10,180.8,1.6
2023-02-28 11:00:00,11,557.1,2.3
2023-02-28 12:00:00,12,1391.2,4.2
2023-02-28 13:00:00,13,1120.3,3.9
2023-02-28 14:00:00,14,1971.8,4.1
2023-02-28 15:00:00,15,2292.2,3.2
2023-02-28 16:00:00,16,1860.5,4.1
2023-02-28 17:00:00,17,1829.0,3.6
2023-02-28 18:00:00,18,1086.5,3.3
2023-02-28 19:00:00,19,806.2,3.3
2023-02-28 20:00:00,20,661.8,3.8
2023-02-28 21:00:00,21,118.4,2.6
2023-02-28 22:00:00,22,,2.4
2023-02-28 23:00:00,23,,2.5
2023-03-01 00:00:00,0,,
2023-03-01 01:00:00,1,,
2023-03-01 02:00:00,2,,
2023-03-01 03:00:00,3,,
2023-03-01 04:00:00,4,,
2023-03-01 05:00:00,5,,
2023-03-01 06:00:00,6,,
2023-03-01 07:00:00,7,,
2023-03-01 08:00:00,8,,
2023-03-01 09:00:00,9,,
2023-03-01 10:00:00,10,,
2023-03-01 11:00:00,11,,
2023-03-01 12:00:00,12,,
2023-03-01 13:00:00,13,,
2023-03-01 14:00:00,14,,
2023-03-01 15:00:00,15,,
2023-03-01 16:00:00,16,,
2023-03-01 17:00:00,17,,
2023-03-01 18:00:00,18,1664.7,3.3
2023-03-01 19:00:00,19,1306.5,3.3
2023-03-01 20:00:00,20,286.3,2.7
2023-03-01 21:00:00,21,98.4,2.4
2023-03-01 22:00:00,22,,4.6
2023-03-01 23:00:00,23,,3.9
2023-03-02 00:00:00,0,,4.8
2023-03-02 01:00:00,1,,4.8
2023-03-02 02:00:00,2,,3.4
2023-03-02 03:00:00,3,,2.4
2023-03-02 04:00:00,4,,1.6
2023-03-02 05:00:00,5,,0.6
2023-03-02 06:00:00,6,,1.4
2023-03-02 07:00:00,7,,1.3
2023-03-02 08:00:00,8,,1.5
2023-03-02 09:00:00,9,2.7,1.8
2023-03-02 10:00:00,10,118.8,2.5
2023-03-02 11:00:00,11,435.6,2.6
2023-03-02 12:00:00,12,1069.0,3.7
2023-03-02 13:00:00,13,1690.4,4.5
2023-03-02 14:00:00,14,2029.3,4.0
2023-03-02 15:00:00,15,2616.7,4.2
2023-03-02 16:00:00,16,2937.5,4.0
2023-03-02 17:00:00,17,1866.4,3.9
2023-03-02 18:00:00,18,1663.4,5.0
2023-03-02 19:00:00,19,896.4,3.2
2023-03-02 20:00:00,20,949.9,5.4
2023-03-02 21:00:00,21,199.3,3.5
2023-03-02 22:00:00,22,,2.7
2023-03-02 23:00:00,23,,4.6
2023-03-03 00:00:00,0,,4.4
2023-03-03 01:00:00,1,,3.8
2023-03-03 02:00:00,2,,3.3
2023-03-03 03:00:00,3,,4.2
2023-03-03 04:00:00,4,,1.4
2023-03-03 05:00:00,5,,1.5
2023-03-03 06:00:00,6,,1.1
2023-03-03 07:00:00,7,,1.7
2023-03-03 08:00:00,8,,1.3
2023-03-03 09:00:00,9,3.0,1.5
2023-03-03 10:00:00,10,191.1,2.4
2023-03-03 11:00:00,11,659.0,2.9
2023-03-03 12:00:00,12,987.6,3.1
2023-03-03 13:00:00,13,1132.0,3.8
2023-03-03 14:00:00,14,2068.9,3.6
2023-03-03 15:00:00,15,1924.8,2.9
2023-03-03 16:00:00,16,2477.2,2.3
2023-03-03 17:00:00,17,1677.9,3.2
2023-03-03 18:00:00,18,2104.1,4.2
2023-03-03 19:00:00,19,1650.4,4.3
2023-03-03 20:00:00,20,708.6,2.5
2023-03-03 21:00:00,21,173.7,3.3
2023-03-03 22:00:00,22,,2.2
2023-03-03 23:00:00,23,,4.9
2023-03-04 00:00:00,0,,
2023-03-04 01:00:00,1,,4.8
2023-03-04 02:00:00,2,,4.0
2023-03-04 03:00:00,3,,2.3
2023-03-04 04:00:00,4,,1.8
2023-03-04 05:00:00,5,,1.7
2023-03-04 06:00:00,6,,1.5
2023-03-04 07:00:00,7,,1.7
2023-03-04 08:00:00,8,,1.4
2023-03-04 09:00:00,9,5.2,1.7
2023-03-04 10:00:00,10,198.5,3.3
2023-03-04 11:00:00,11,651.8,3.2
2023-03-04 12:00:00,12,1142.6,3.2
2023-03-04 13:00:00,13,1605.7,4.9
2023-03-04 14:00:00,14,1839.7,4.3
2023-03-04 15:00:00,15,2158.0,4.5
2023-03-04 16:00:00,16,2688.4,4.0
2023-03-04 17:00:00,17,2231.1,3.3
2023-03-04 18:00:00,18,1764.9,4.4
2023-03-04 19:00:00,19,1195.0,3.4
2023-03-04 20:00:00,20,1093.4,3.2
2023-03-04 21:00:00,21,261.9,1.7
2023-03-04 22:00:00,22,,1.4
2023-03-04 23:00:00,23,,2.0
2023-03-05 00:00:00,0,,4.7
2023-03-05 01:00:00,1,,3.0
2023-03-05 02:00:00,2,,1.6
2023-03-05 03:00:00,3,,1.7
2023-03-05 04:00:00,4,,2.3
2023-03-05 05:00:00,5,,1.5
2023-03-05 06:00:00,6,,1.4
2023-03-05 07:00:00,7,,1.6
2023-03-05 08:00:00,8,,1.2
2023-03-05 09:00:00,9,4.0,1.7
2023-03-05 10:00:00,10,118.0,2.2
2023-03-05 11:00:00,11,593.1,2.5
2023-03-05 12:00:00,12,684.6,2.6
2023-03-05 13:00:00,13,1721.6,2.3
2023-03-05 14:00:00,14,1748.2,2.9
2023-03-05 15:00:00,15,2443.3,2.8
2023-03-05 16:00:00,16,2748.1,2.7
2023-03-05 17:00:00,17,2638.5,3.6
2023-03-05 18:00:00,18,1871.3,3.4
2023-03-05 19:00:00,19,1418.0,3.5
2023-03-05 20:00:00,20,811.7,2.8
2023-03-05 21:00:00,21,279.5,2.0
2023-03-05 22:00:00,22,,1.5
2023-03-05 23:00:00,23,,2.0
2023-03-06 00:00:00,0,,1.8
2023-03-06 01:00:00,1,,2.0
2023-03-06 02:00:00,2,,2.4
2023-03-06 03:00:00,3,,2.7
2023-03-06 04:00:00,4,,1.0
2023-03-06 05:00:00,5,,1.2
2023-03-06 06:00:00,6,,1.2
2023-03-06 07:00:00,7,,1.5
2023-03-06 08:00:00,8,,1.8
2023-03-06 09:00:00,9,6.5,1.7
2023-03-06 10:00:00,10,369.1,2.8
2023-03-06 11:00:00,11,1106.5,3.0
2023-03-06 12:00:00,12,1810.2,2.6
2023-03-06 13:00:00,13,2429.7,3.1
2023-03-06 14:00:00,14,2794.9,3.3
2023-03-06 15:00:00,15,2377.4,2.7
2023-03-06 16:00:00,16,2151.9,3.5
2023-03-06 17:00:00,17,2136.1,3.7
2023-03-06 18:00:00,18,1558.7,3.2
2023-03-06 19:00:00,19,1714.5,4.2
2023-03-06 20:00:00,20,799.6,3.5
2023-03-06 21:00:00,21,207.9,2.7
2023-03-06 22:00:00,22,,2.2
2023-03-06 23:00:00,23,,2.1
2023-03-07 00:00:00,0,,3.7
2023-03-07 01:00:00,1,,5.6
2023-03-07 02:00:00,2,,2.9
2023-03-07 03:00:00,3,,2.0
2023-03-07 04:00:00,4,,1.4
2023-03-07 05:00:00,5,,1.0
2023-03-07 06:00:00,6,,0.8
2023-03-07 07:00:00,7,,1.4
2023-03-07 08:00:00,8,,1.2
2023-03-07 09:00:00,9,5.4,1.4
2023-03-07 10:00:00,10,259.2,1.8
2023-03-07 11:00:00,11,495.2,2.4
2023-03-07 12:00:00,12,1072.4,4.2
2023-03-07 13:00:00,13,1952.2,4.2
2023-03-07 14:00:00,14,2738.2,4.4
2023-03-07 15:00:00,15,2718.5,4.2
2023-03-07 16:00:00,16,2352.7,3.1
2023-03-07 17:00:00,17,2245.3,4.0
2023-03-07 18:00:00,18,2276.7,5.2
2023-03-07 19:00:00,19,1245.4,5.8
2023-03-07 20:00:00,20,513.5,3.0
2023-03-07 21:00:00,21,202.5,4.4
2023-03-07 22:00:00,22,,4.7
2023-03-07 23:00:00,23,,5.0
2023-03-08 00:00:00,0,,
2023-03-08 01:00:00,1,,3.6
2023-03-08 02:00:00,2,,1.6
2023-03-08 03:00:00,3,,1.2
2023-03-08 04:00:00,4,,1.7
2023-03-08 05:00:00,5,,2.0
2023-03-08 06:00:00,6,,1.2
2023-03-08 07:00:00,7,,1.2
2023-03-08 08:00:00,8,,1.7
2023-03-08 09:00:00,9,5.3,1.4
2023-03-08 10:00:00,10,162.5,1.2
2023-03-08 11:00:00,11,610.7,3.3
2023-03-08 12:00:00,12,1094.0,3.9
2023-03-08 13:00:00,13,2233.1,3.7
2023-03-08 14:00:00,14,2915.1,4.6
2023-03-08 15:00:00,15,3153.1,3.6
2023-03-08 16:00:00,16,2953.0,2.9
2023-03-08 17:00:00,17,2695.6,3.1
2023-03-08 18:00:00,18,2266.7,4.6
2023-03-08 19:00:00,19,1360.7,2.5
2023-03-08 20:00:00,20,732.6,2.8
2023-03-08 21:00:00,21,129.2,2.7
2023-03-08 22:00:00,22,,2.7
2023-03-08 23:00:00,23,,3.7
2023-03-09 00:00:00,0,,5.1
2023-03-09 01:00:00,1,,2.7
2023-03-09 02:00:00,2,,1.2
2023-03-09 03:00:00,3,,2.9
2023-03-09 04:00:00,4,,1.2
2023-03-09 05:00:00,5,,1.4
2023-03-09 06:00:00,6,,1.1
2023-03-09 07:00:00,7,,1.7
2023-03-09 08:00:00,8,,1.9
2023-03-09 09:00:00,9,3.0,1.5
2023-03-09 10:00:00,10,270.0,2.8
2023-03-09 11:00:00,11,895.3,2.7
2023-03-09 12:00:00,12,1014.1,1.9
2023-03-09 13:00:00,13,1892.8,3.9
2023-03-09 14:00:00,14,2209.7,4.1
2023-03-09 15:00:00,15,2651.4,3.8
2023-03-09 16:00:00,16,2493.7,4.3
2023-03-09 17:00:00,17,2139.2,3.2
2023-03-09 18:00:00,18,2294.5,2.7
2023-03-09 19:00:00,19,1826.6,3.7
2023-03-09 20:00:00,20,909.4,4.1
2023-03-09 21:00:00,21,188.5,2.9
2023-03-09 22:00:00,22,,1.8
2023-03-09 23:00:00,23,,5.0
2023-03-10 00:00:00,0,,4.0
2023-03-10 01:00:00,1,,2.4
2023-03-10 02:00:00,2,,3.3
2023-03-10 03:00:00,3,,3.5
2023-03-10 04:00:00,4,,2.0
2023-03-10 05:00:00,5,,1.4
2023-03-10 06:00:00,6,,1.7
2023-03-10 07:00:00,7,,1.4
2023-03-10 08:00:00,8,,1.0
2023-03-10 09:00:00,9,,1.2
2023-03-10 10:00:00,10,153.7,2.0
2023-03-10 11:00:00,11,597.1,3.2
2023-03-10 12:00:00,12,743.5,2.7
2023-03-10 13:00:00,13,744.6,3.6
2023-03-10 14:00:00,14,1484.1,3.5
2023-03-10 15:00:00,15,1623.0,3.1
2023-03-10 16:00:00,16,1635.2,3.4
2023-03-10 17:00:00,17,2305.5,3.5
2023-03-10 18:00:00,18,1932.6,3.7
2023-03-10 19:00:00,19,1079.5,3.9
2023-03-10 20:00:00,20,1043.6,3.1
2023-03-10 21:00:00,21,264.7,2.3
2023-03-10 22:00:00,22,,1.0
2023-03-10 23:00:00,23,,1.3
2023-03-11 00:00:00,0,,1.6
2023-03-11 01:00:00,1,,6.5
2023-03-11 02:00:00,2,,4.2
2023-03-11 03:00:00,3,,3.2
2023-03-11 04:00:00,4,,2.6
2023-03-11 05:00:00,5,,2.0
2023-03-11 06:00:00,6,,2.2
2023-03-11 07:00:00,7,,1.7
2023-03-11 08:00:00,8,,1.7
2023-03-11 09:00:00,9,,1.7
2023-03-11 10:00:00,10,134.9,2.3
2023-03-11 11:00:00,11,333.6,2.9
2023-03-11 12:00:00,12,435.6,2.5
2023-03-11 13:00:00,13,377.0,2.6
2023-03-11 14:00:00,14,1266.8,2.2
2023-03-11 15:00:00,15,2103.5,2.3
2023-03-11 16:00:00,16,1645.2,3.1
2023-03-11 17:00:00,17,2250.5,3.4
2023-03-11 18:00:00,18,1816.0,3.1
2023-03-11 19:00:00,19,1710.2,3.6
2023-03-11 20:00:00,20,856.5,2.6
2023-03-11 21:00:00,21,244.9,1.9
2023-03-11 22:00:00,22,,1.3
2023-03-11 23:00:00,23,,1.4
2023-03-12 00:00:00,0,,4.9
2023-03-12 01:00:00,1,,3.4
2023-03-12 02:00:00,2,,1.7
2023-03-12 03:00:00,3,,2.4
2023-03-12 04:00:00,4,,1.9
2023-03-12 05:00:00,5,,1.4
2023-03-12 06:00:00,6,,1.4
2023-03-12 07:00:00,7,,1.3
2023-03-12 08:00:00,8,,1.0
2023-03-12 09:00:00,9,3.9,1.1
2023-03-12 10:00:00,10,221.3,2.1
2023-03-12 11:00:00,11,780.2,1.5
2023-03-12 12:00:00,12,808.0,2.4
2023-03-12 13:00:00,13,1004.3,3.0
2023-03-12 14:00:00,14,1343.7,3.0
2023-03-12 15:00:00,15,1542.1,2.0
2023-03-12 16:00:00,16,1517.8,2.6
2023-03-12 17:00:00,17,1081.3,2.9
2023-03-12 18:00:00,18,1537.8,3.9
2023-03-12 19:00:00,19,759.6,3.9
2023-03-12 20:00:00,20,843.3,3.4
2023-03-12 21:00:00,21,128.1,0.9
2023-03-12 22:00:00,22,,1.2
2023-03-12 23:00:00,23,,4.2
2023-03-13 00:00:00,0,,2.9
2023-03-13 01:00:00,1,,2.8
2023-03-13 02:00:00,2,,3.5
2023-03-13 03:00:00,3,,3.7
2023-03-13 04:00:00,4,,2.2
2023-03-13 05:00:00,5,,1.8
2023-03-13 06:00:00,6,,2.3
2023-03-13 07:00:00,7,,2.4
2023-03-13 08:00:00,8,,3.2
2023-03-13 09:00:00,9,4.9,2.3
2023-03-13 10:00:00,10,251.0,2.2
2023-03-13 11:00:00,11,838.5,2.8
2023-03-13 12:00:00,12,1075.1,3.8
2023-03-13 13:00:00,13,959.6,2.9
2023-03-13 14:00:00,14,970.2,2.6
2023-03-13 15:00:00,15,1648.6,2.2
2023-03-13 16:00:00,16,1268.0,2.3
2023-03-13 17:00:00,17,1561.8,2.6
2023-03-13 18:00:00,18,1655.3,2.6
2023-03-13 19:00:00,19,1400.4,3.3
2023-03-13 20:00:00,20,1000.3,3.3
2023-03-13 21:00:00,21,167.5,2.8
2023-03-13 22:00:00,22,,3.7
2023-03-13 23:00:00,23,,2.6
2023-03-14 00:00:00,0,,2.8
2023-03-14 01:00:00,1,,2.4
2023-03-14 02:00:00,2,,2.0
2023-03-14 03:00:00,3,,1.6
2023-03-14 04:00:00,4,,2.5
2023-03-14 05:00:00,5,,3.4
2023-03-14 06:00:00,6,,3.0
2023-03-14 07:00:00,7,,3.0
2023-03-14 08:00:00,8,,
2023-03-14 09:00:00,9,,
2023-03-14 10:00:00,10,,
2023-03-14 11:00:00,11,,
2023-03-14 12:00:00,12,,
2023-03-14 13:00:00,13,,
2023-03-14 14:00:00,14,,
2023-03-14 15:00:00,15,,
2023-03-14 16:00:00,16,1273.0,2.6
2023-03-14 17:00:00,17,798.2,2.2
2023-03-14 18:00:00,18,1058.8,1.7
2023-03-14 19:00:00,19,1145.6,3.4
2023-03-14 20:00:00,20,521.4,3.1
2023-03-14 21:00:00,21,179.9,3.0
2023-03-14 22:00:00,22,,2.6
2023-03-14 23:00:00,23,,3.1
2023-03-15 00:00:00,0,,3.2
2023-03-15 01:00:00,1,,2.6
2023-03-15 02:00:00,2,,4.0
2023-03-15 03:00:00,3,,3.1
2023-03-15 04:00:00,4,,1.8
2023-03-15 05:00:00,5,,2.0
2023-03-15 06:00:00,6,,2.4
2023-03-15 07:00:00,7,,2.7
2023-03-15 08:00:00,8,,3.0
2023-03-15 09:00:00,9,6.1,2.3
2023-03-15 10:00:00,10,139.1,3.1
2023-03-15 11:00:00,11,455.6,3.2
2023-03-15 12:00:00,12,910.1,4.3
2023-03-15 13:00:00,13,1231.8,4.3
2023-03-15 14:00:00,14,1844.4,4.3
2023-03-15 15:00:00,15,1891.5,4.0
2023-03-15 16:00:00,16,2305.7,2.9
2023-03-15 17:00:00,17,1390.8,3.0
2023-03-15 18:00:00,18,1161.1,2.0
2023-03-15 19:00:00,19,1172.5,1.9
2023-03-15 20:00:00,20,803.7,1.7
2023-03-15 21:00:00,21,150.6,1.8
2023-03-15 22:00:00,22,,1.6
2023-03-15 23:00:00,23,,0.7
2023-03-16 00:00:00,0,,0.3
2023-03-16 01:00:00,1,,2.1
2023-03-16 02:00:00,2,,1.3
2023-03-16 03:00:00,3,,0.7
2023-03-16 04:00:00,4,,2.1
2023-03-16 05:00:00,5,,2.1
2023-03-16 06:00:00,6,,1.3
2023-03-16 07:00:00,7,,1.0
2023-03-16 08:00:00,8,,1.1
2023-03-16 09:00:00,9,8.2,1.1
2023-03-16 10:00:00,10,304.0,2.1
2023-03-16 11:00:00,11,705.6,2.4
2023-03-16 12:00:00,12,741.2,2.5
2023-03-16 13:00:00,13,1076.8,3.1
2023-03-16 14:00:00,14,1345.2,3.2
2023-03-16 15:00:00,15,1753.0,2.6
2023-03-16 16:00:00,16,2721.4,3.6
2023-03-16 17:00:00,17,2626.0,4.2
2023-03-16 18:00:00,18,2149.6,3.3
2023-03-16 19:00:00,19,1708.9,3.3
2023-03-16 20:00:00,20,849.3,3.2
2023-03-16 21:00:00,21,168.6,1.8
2023-03-16 22:00:00,22,,1.9
2023-03-16 23:00:00,23,,1.4
2023-03-17 00:00:00,0,,2.2
2023-03-17 01:00:00,1,,5.1
2023-03-17 02:00:00,2,,1.6
2023-03-17 03:00:00,3,,3.2
2023-03-17 04:00:00,4,,2.7
2023-03-17 05:00:00,5,,3.4
2023-03-17 06:00:00,6,,2.7
2023-03-17 07:00:00,7,,
2023-03-17 08:00:00,8,,
2023-03-17 09:00:00,9,,
2023-03-17 10:00:00,10,,
2023-03-17 11:00:00,11,,
2023-03-17 12:00:00,12,,
2023-03-17 13:00:00,13,792.9,2.7
2023-03-17 14:00:00,14,1124.1,3.1
2023-03-17 15:00:00,15,1572.6,1.6
2023-03-17 16:00:00,16,1792.7,2.6
2023-03-17 17:00:00,17,1719.0,2.5
2023-03-17 18:00:00,18,1535.8,3.5
2023-03-17 19:00:00,19,1198.2,1.6
2023-03-17 20:00:00,20,869.8,3.4
2023-03-17 21:00:00,21,131.0,1.0
2023-03-17 22:00:00,22,,1.5
2023-03-17 23:00:00,23,,1.5
2023-03-18 00:00:00,0,0.1,2.3
2023-03-18 01:00:00,1,,2.8
2023-03-18 02:00:00,2,,1.8
2023-03-18 03:00:00,3,,1.0
2023-03-18 04:00:00,4,,1.5
2023-03-18 05:00:00,5,,1.6
2023-03-18 06:00:00,6,,1.3
2023-03-18 07:00:00,7,,1.2
2023-03-18 08:00:00,8,,1.2
2023-03-18 09:00:00,9,1.7,1.2
2023-03-18 10:00:00,10,99.9,0.9
2023-03-18 11:00:00,11,412.0,0.8
2023-03-18 12:00:00,12,587.2,0.7
2023-03-18 13:00:00,13,964.7,1.2
2023-03-18 14:00:00,14,1080.5,0.9
2023-03-18 15:00:00,15,2348.5,1.0
2023-03-18 16:00:00,16,1231.2,1.6
2023-03-18 17:00:00,17,1426.1,1.8
2023-03-18 18:00:00,18,932.3,2.9
2023-03-18 19:00:00,19,553.7,3.2
2023-03-18 20:00:00,20,268.8,2.4
2023-03-18 21:00:00,21,56.6,1.3
2023-03-18 22:00:00,22,,1.5
2023-03-18 23:00:00,23,,1.1
2023-03-19 00:00:00,0,,
2023-03-19 01:00:00,1,,0.9
2023-03-19 02:00:00,2,,1.5
2023-03-19 03:00:00,3,,1.4
2023-03-19 04:00:00,4,,1.6
2023-03-19 05:00:00,5,,1.8
2023-03-19 06:00:00,6,,2.0
2023-03-19 07:00:00,7,,1.5
2023-03-19 08:00:00,8,,1.6
2023-03-19 09:00:00,9,3.8,1.4
2023-03-19 10:00:00,10,165.3,1.9
2023-03-19 11:00:00,11,434.8,1.9
2023-03-19 12:00:00,12,1037.5,2.0
2023-03-19 13:00:00,13,1718.1,2.4
2023-03-19 14:00:00,14,1970.2,3.1
2023-03-19 15:00:00,15,1916.9,2.7
2023-03-19 16:00:00,16,2204.8,3.0
2023-03-19 17:00:00,17,2743.7,3.8
2023-03-19 18:00:00,18,1393.6,3.6
2023-03-19 19:00:00,19,1693.0,4.1
2023-03-19 20:00:00,20,598.4,4.5
2023-03-19 21:00:00,21,71.0,2.3
2023-03-19 22:00:00,22,,3.4
2023-03-19 23:00:00,23,,2.1
2023-03-20 00:00:00,0,0.2,1.5
2023-03-20 01:00:00,1,2.4,2.2
2023-03-20 02:00:00,2,1.8,2.4
2023-03-20 03:00:00,3,0.2,1.9
2023-03-20 04:00:00,4,,1.5
2023-03-20 05:00:00,5,,
2023-03-20 06:00:00,6,,
2023-03-20 07:00:00,7,,
2023-03-20 08:00:00,8,,
2023-03-20 09:00:00,9,,
2023-03-20 10:00:00,10,103.1,1.1
2023-03-20 11:00:00,11,594.0,1.7
2023-03-20 12:00:00,12,1375.3,2.4
2023-03-20 13:00:00,13,667.8,0.9
2023-03-20 14:00:00,14,798.7,2.6
2023-03-20 15:00:00,15,2130.9,1.1
2023-03-20 16:00:00,16,2217.4,1.2
2023-03-20 17:00:00,17,2431.6,1.7
2023-03-20 18:00:00,18,623.8,6.7
2023-03-20 19:00:00,19,,
2023-03-20 20:00:00,20,,
2023-03-20 21:00:00,21,3.3,1.7
2023-03-20 22:00:00,22,,1.1
2023-03-20 23:00:00,23,,0.6
2023-03-21 00:00:00,0,,0.9
2023-03-21 01:00:00,1,,1.3
2023-03-21 02:00:00,2,,0.9
2023-03-21 03:00:00,3,,1.4
2023-03-21 04:00:00,4,,1.4
2023-03-21 05:00:00,5,,1.4
2023-03-21 06:00:00,6,0.1,1.6
2023-03-21 07:00:00,7,,2.7
2023-03-21 08:00:00,8,,1.3
2023-03-21 09:00:00,9,3.1,1.1
2023-03-21 10:00:00,10,39.6,0.6
2023-03-21 11:00:00,11,,
2023-03-21 12:00:00,12,,
2023-03-21 13:00:00,13,,
2023-03-21 14:00:00,14,,
2023-03-21 15:00:00,15,,
2023-03-21 16:00:00,16,,
2023-03-21 17:00:00,17,,
2023-03-21 18:00:00,18,,
2023-03-21 19:00:00,19,,
2023-03-21 20:00:00,20,,
2023-03-21 21:00:00,21,57.9,1.6
2023-03-21 22:00:00,22,,1.2
2023-03-21 23:00:00,23,,1.4
2023-03-22 00:00:00,0,,0.7
2023-03-22 01:00:00,1,,0.8
2023-03-22 02:00:00,2,,1.0
2023-03-22 03:00:00,3,,1.8
2023-03-22 04:00:00,4,,1.9
2023-03-22 05:00:00,5,,1.6
2023-03-22 06:00:00,6,,1.2
2023-03-22 07:00:00,7,,1.2
2023-03-22 08:00:00,8,,1.1
2023-03-22 09:00:00,9,5.3,1.1
2023-03-22 10:00:00,10,200.5,1.6
2023-03-22 11:00:00,11,436.9,1.8
2023-03-22 12:00:00,12,755.0,3.3
2023-03-22 13:00:00,13,896.9,2.6
2023-03-22 14:00:00,14,1318.2,1.9
2023-03-22 15:00:00,15,1433.9,3.6
2023-03-22 16:00:00,16,1470.2,2.6
2023-03-22 17:00:00,17,1468.0,7.6
2023-03-22 18:00:00,18,1196.6,4.1
2023-03-22 19:00:00,19,1130.9,3.1
2023-03-22 20:00:00,20,295.3,2.3
2023-03-22 21:00:00,21,27.5,2.9
2023-03-22 22:00:00,22,,1.8
2023-03-22 23:00:00,23,,1.4
2023-03-23 00:00:00,0,,1.6
2023-03-23 01:00:00,1,,1.4
2023-03-23 02:00:00,2,,1.4
2023-03-23 03:00:00,3,,1.5
2023-03-23 04:00:00,4,,2.1
2023-03-23 05:00:00,5,,2.8
2023-03-23 06:00:00,6,,1.9
2023-03-23 07:00:00,7,,2.4
2023-03-23 08:00:00,8,,2.5
2023-03-23 09:00:00,9,4.1,2.3
2023-03-23 10:00:00,10,133.7,2.6
2023-03-23 11:00:00,11,560.3,3.5
2023-03-23 12:00:00,12,1184.1,4.8
2023-03-23 13:00:00,13,2268.6,5.7
2023-03-23 14:00:00,14,2377.9,4.7
2023-03-23 15:00:00,15,2144.1,5.1
2023-03-23 16:00:00,16,2189.9,4.6
2023-03-23 17:00:00,17,2176.3,5.2
2023-03-23 18:00:00,18,1586.3,4.4
2023-03-23 19:00:00,19,1117.8,6.4
2023-03-23 20:00:00,20,319.2,4.5
2023-03-23 21:00:00,21,112.9,4.4
2023-03-23 22:00:00,22,,1.7
2023-03-23 23:00:00,23,,2.1
2023-03-24 00:00:00,0,,3.4
2023-03-24 01:00:00,1,,3.4
2023-03-24 02:00:00,2,,3.8
2023-03-24 03:00:00,3,,1.6
2023-03-24 04:00:00,4,,1.6
2023-03-24 05:00:00,5,,2.2
2023-03-24 06:00:00,6,,2.4
2023-03-24 07:00:00,7,,2.8
2023-03-24 08:00:00,8,,3.3
2023-03-24 09:00:00,9,4.2,1.7
2023-03-24 10:00:00,10,163.2,2.3
2023-03-24 11:00:00,11,438.7,2.5
2023-03-24 12:00:00,12,530.9,2.1
2023-03-24 13:00:00,13,1197.4,3.2
2023-03-24 14:00:00,14,1699.6,3.4
2023-03-24 15:00:00,15,2030.2,3.4
2023-03-24 16:00:00,16,,
2023-03-24 17:00:00,17,1543.6,3.5
2023-03-24 18:00:00,18,1020.3,2.3
2023-03-24 19:00:00,19,1671.0,4.1
2023-03-24 20:00:00,20,888.7,3.5
2023-03-24 21:00:00,21,165.6,3.0
2023-03-24 22:00:00,22,,1.8
2023-03-24 23:00:00,23,,1.7
2023-03-25 00:00:00,0,,1.4
2023-03-25 01:00:00,1,,2.7
2023-03-25 02:00:00,2,,2.0
2023-03-25 03:00:00,3,,1.7
2023-03-25 04:00:00,4,,1.2
2023-03-25 05:00:00,5,,1.9
2023-03-25 06:00:00,6,,1.6
2023-03-25 07:00:00,7,,0.8
2023-03-25 08:00:00,8,,1.1
2023-03-25 09:00:00,9,3.6,1.4
2023-03-25 10:00:00,10,224.2,1.8
2023-03-25 11:00:00,11,1082.7,2.1
2023-03-25 12:00:00,12,959.9,2.1
2023-03-25 13:00:00,13,1210.0,1.6
2023-03-25 14:00:00,14,2484.8,2.9
2023-03-25 15:00:00,15,2377.4,4.0
2023-03-25 16:00:00,16,2206.4,3.2
2023-03-25 17:00:00,17,2323.0,3.8
2023-03-25 18:00:00,18,1662.2,4.0
2023-03-25 19:00:00,19,1677.1,3.7
2023-03-25 20:00:00,20,549.6,2.5
2023-03-25 21:00:00,21,99.2,1.9
2023-03-25 22:00:00,22,,3.1
2023-03-25 23:00:00,23,,2.4
2023-03-26 00:00:00,0,,1.7
2023-03-26 01:00:00,1,,1.4
2023-03-26 02:00:00,2,,1.7
2023-03-26 03:00:00,3,,1.7
2023-03-26 04:00:00,4,,2.2
2023-03-26 05:00:00,5,,2.0
2023-03-26 06:00:00,6,,1.6
2023-03-26 07:00:00,7,,2.0
2023-03-26 08:00:00,8,,1.2
2023-03-26 09:00:00,9,5.5,0.5
2023-03-26 10:00:00,10,205.3,1.6
2023-03-26 11:00:00,11,453.0,2.2
2023-03-26 12:00:00,12,489.5,2.2
2023-03-26 13:00:00,13,1417.5,2.6
2023-03-26 14:00:00,14,1431.6,2.2
2023-03-26 15:00:00,15,2376.0,3.3
2023-03-26 16:00:00,16,1990.8,3.8
2023-03-26 17:00:00,17,2462.4,3.2
2023-03-26 18:00:00,18,1836.7,3.5
2023-03-26 19:00:00,19,1263.5,4.2
2023-03-26 20:00:00,20,811.0,4.2
2023-03-26 21:00:00,21,162.5,4.2
2023-03-26 22:00:00,22,,3.6
2023-03-26 23:00:00,23,,2.9
2023-03-27 00:00:00,0,,2.4
2023-03-27 01:00:00,1,,1.7
2023-03-27 02:00:00,2,,1.0
2023-03-27 03:00:00,3,,1.3
2023-03-27 04:00:00,4,,1.4
2023-03-27 05:00:00,5,,1.6
2023-03-27 06:00:00,6,,1.1
2023-03-27 07:00:00,7,,1.0
2023-03-27 08:00:00,8,,0.3
2023-03-27 09:00:00,9,2.5,0.6
2023-03-27 10:00:00,10,97.9,0.3
2023-03-27 11:00:00,11,198.2,0.5
2023-03-27 12:00:00,12,733.2,1.6
2023-03-27 13:00:00,13,1676.9,2.6
2023-03-27 14:00:00,14,1376.8,2.1
2023-03-27 15:00:00,15,2404.1,2.1
2023-03-27 16:00:00,16,2609.2,3.5
2023-03-27 17:00:00,17,2058.3,3.1
2023-03-27 18:00:00,18,1499.3,2.9
2023-03-27 19:00:00,19,1508.2,3.6
2023-03-27 20:00:00,20,647.7,3.6
2023-03-27 21:00:00,21,86.1,2.2
2023-03-27 22:00:00,22,,1.3
2023-03-27 23:00:00,23,,1.4
2023-03-28 00:00:00,0,,1.6
2023-03-28 01:00:00,1,,1.9
2023-03-28 02:00:00,2,,1.7
2023-03-28 03:00:00,3,,1.3
2023-03-28 04:00:00,4,,1.3
2023-03-28 05:00:00,5,,1.5
2023-03-28 06:00:00,6,,1.2
2023-03-28 07:00:00,7,,1.6
2023-03-28 08:00:00,8,,1.8
2023-03-28 09:00:00,9,7.7,0.9
2023-03-28 10:00:00,10,290.3,1.6
2023-03-28 11:00:00,11,582.5,2.6
2023-03-28 12:00:00,12,1075.8,2.8
2023-03-28 13:00:00,13,1876.0,3.2
2023-03-28 14:00:00,14,1839.7,3.2
2023-03-28 15:00:00,15,2370.2,3.0
2023-03-28 16:00:00,16,2008.9,3.1
2023-03-28 17:00:00,17,1418.7,3.1
2023-03-28 18:00:00,18,1055.8,3.2
2023-03-28 19:00:00,19,1726.3,4.6
2023-03-28 20:00:00,20,873.0,3.8
2023-03-28 21:00:00,21,171.7,3.3
2023-03-28 22:00:00,22,,2.1
2023-03-28 23:00:00,23,,3.3
2023-03-29 00:00:00,0,,3.8
2023-03-29 01:00:00,1,,4.9
2023-03-29 02:00:00,2,,3.7
2023-03-29 03:00:00,3,,2.3
2023-03-29 04:00:00,4,,2.3
2023-03-29 05:00:00,5,,2.4
2023-03-29 06:00:00,6,,1.9
2023-03-29 07:00:00,7,,1.5
2023-03-29 08:00:00,8,,0.8
2023-03-29 09:00:00,9,3.8,1.2
2023-03-29 10:00:00,10,236.8,1.6
2023-03-29 11:00:00,11,496.9,2.3
2023-03-29 12:00:00,12,903.5,1.5
2023-03-29 13:00:00,13,1215.8,4.5
2023-03-29 14:00:00,14,2138.4,3.4
2023-03-29 15:00:00,15,2104.8,4.1
2023-03-29 16:00:00,16,1750.2,3.3
2023-03-29 17:00:00,17,2095.0,3.2
2023-03-29 18:00:00,18,796.8,2.4
2023-03-29 19:00:00,19,1459.5,3.9
2023-03-29 20:00:00,20,428.2,3.1
2023-03-29 21:00:00,21,120.8,2.4
2023-03-29 22:00:00,22,,1.7
2023-03-29 23:00:00,23,,2.6
2023-03-30 00:00:00,0,,3.1
2023-03-30 01:00:00,1,,2.6
2023-03-30 02:00:00,2,,2.4
2023-03-30 03:00:00,3,,2.6
2023-03-30 04:00:00,4,,2.5
2023-03-30 05:00:00,5,,2.5
2023-03-30 06:00:00,6,,3.1
2023-03-30 07:00:00,7,,4.7
2023-03-30 08:00:00,8,,4.0
2023-03-30 09:00:00,9,4.2,3.1
2023-03-30 10:00:00,10,76.6,3.3
2023-03-30 11:00:00,11,211.8,2.5
2023-03-30 12:00:00,12,573.8,3.6
2023-03-30 13:00:00,13,684.9,2.5
2023-03-30 14:00:00,14,923.8,3.2
2023-03-30 15:00:00,15,995.4,2.8
2023-03-30 16:00:00,16,1794.9,2.8
2023-03-30 17:00:00,17,1517.1,5.2
2023-03-30 18:00:00,18,844.2,3.3
2023-03-30 19:00:00,19,885.4,2.0
2023-03-30 20:00:00,20,483.5,1.8
2023-03-30 21:00:00,21,55.0,1.2
2023-03-30 22:00:00,22,,1.4
2023-03-30 23:00:00,23,,1.6
2023-03-31 00:00:00,0,,2.0
2023-03-31 01:00:00,1,,3.2
2023-03-31 02:00:00,2,,2.6
2023-03-31 03:00:00,3,,1.2
2023-03-31 04:00:00,4,,0.8
2023-03-31 05:00:00,5,,0.8
2023-03-31 06:00:00,6,,1.5
2023-03-31 07:00:00,7,,1.5
2023-03-31 08:00:00,8,,1.2
2023-03-31 09:00:00,9,5.6,2.0
2023-03-31 10:00:00,10,143.7,2.0
2023-03-31 11:00:00,11,458.2,2.4
2023-03-31 12:00:00,12,623.8,2.8
2023-03-31 13:00:00,13,1204.6,2.6
2023-03-31 14:00:00,14,1055.4,3.0
2023-03-31 15:00:00,15,1783.6,2.3
2023-03-31 16:00:00,16,2327.8,3.2
2023-03-31 17:00:00,17,2145.1,4.3
2023-03-31 18:00:00,18,1675.2,2.8
2023-03-31 19:00:00,19,1184.5,2.7
2023-03-31 20:00:00,20,764.5,2.9
2023-03-31 21:00:00,21,148.8,3.5
2023-03-31 22:00:00,22,,1.8
2023-03-31 23:00:00,23,,1.0
2023-04-01 00:00:00,0,,1.7
2023-04-01 01:00:00,1,,1.6
2023-04-01 02:00:00,2,,1.9
2023-04-01 03:00:00,3,,2.2
2023-04-01 04:00:00,4,,1.7
2023-04-01 05:00:00,5,,1.1
2023-04-01 06:00:00,6,,1.5
2023-04-01 07:00:00,7,,1.5
2023-04-01 08:00:00,8,,0.9
2023-04-01 09:00:00,9,3.6,1.3
2023-04-01 10:00:00,10,109.2,1.5
2023-04-01 11:00:00,11,413.5,2.3
2023-04-01 12:00:00,12,1130.1,2.1
2023-04-01 13:00:00,13,1185.8,1.7
2023-04-01 14:00:00,14,2594.4,2.1
2023-04-01 15:00:00,15,2231.2,1.7
2023-04-01 16:00:00,16,2763.4,2.1
2023-04-01 17:00:00,17,2823.1,2.7
2023-04-01 18:00:00,18,2108.1,1.9
2023-04-01 19:00:00,19,1550.5,3.6
2023-04-01 20:00:00,20,778.3,2.9
2023-04-01 21:00:00,21,95.8,1.2
2023-04-01 22:00:00,22,,1.5
2023-04-01 23:00:00,23,,0.9
2023-04-02 00:00:00,0,,0.6
2023-04-02 01:00:00,1,,0.6
2023-04-02 02:00:00,2,,1.4
2023-04-02 03:00:00,3,,0.6
2023-04-02 04:00:00,4,,0.6
2023-04-02 05:00:00,5,,1.3
2023-04-02 06:00:00,6,,1.4
2023-04-02 07:00:00,7,,1.5
2023-04-02 08:00:00,8,,1.4
2023-04-02 09:00:00,9,5.4,1.8
2023-04-02 10:00:00,10,151.2,2.4
2023-04-02 11:00:00,11,852.7,2.3
2023-04-02 12:00:00,12,1631.1,1.9
2023-04-02 13:00:00,13,2277.7,1.7
2023-04-02 14:00:00,14,2934.5,2.1
2023-04-02 15:00:00,15,2965.5,1.9
2023-04-02 16:00:00,16,2886.0,2.5
2023-04-02 17:00:00,17,2666.8,2.6
2023-04-02 18:00:00,18,2181.2,3.5
2023-04-02 19:00:00,19,1575.1,3.9
2023-04-02 20:00:00,20,772.7,3.2
2023-04-02 21:00:00,21,99.3,2.0
2023-04-02 22:00:00,22,,1.3
2023-04-02 23:00:00,23,,1.3
2023-04-03 00:00:00,0,,1.5
2023-04-03 01:00:00,1,,0.9
2023-04-03 02:00:00,2,,1.3
2023-04-03 03:00:00,3,,1.4
2023-04-03 04:00:00,4,,0.7
2023-04-03 05:00:00,5,,0.6
2023-04-03 06:00:00,6,,1.3
2023-04-03 07:00:00,7,,1.0
2023-04-03 08:00:00,8,,1.2
2023-04-03 09:00:00,9,4.3,1.3
2023-04-03 10:00:00,10,172.2,1.7
2023-04-03 11:00:00,11,535.1,2.0
2023-04-03 12:00:00,12,1266.5,3.4
2023-04-03 13:00:00,13,1523.5,3.6
2023-04-03 14:00:00,14,2475.7,3.9
2023-04-03 15:00:00,15,2194.1,3.8
2023-04-03 16:00:00,16,2119.9,3.7
2023-04-03 17:00:00,17,1531.6,3.7
2023-04-03 18:00:00,18,2142.2,3.9
2023-04-03 19:00:00,19,1298.0,4.0
2023-04-03 20:00:00,20,802.9,2.7
2023-04-03 21:00:00,21,41.4,1.3
2023-04-03 22:00:00,22,,1.6
2023-04-03 23:00:00,23,,1.8
2023-04-04 00:00:00,0,,
2023-04-04 01:00:00,1,,3.9
2023-04-04 02:00:00,2,,3.1
2023-04-04 03:00:00,3,,4.2
2023-04-04 04:00:00,4,,1.7
2023-04-04 05:00:00,5,,1.8
2023-04-04 06:00:00,6,,1.3
2023-04-04 07:00:00,7,,1.3
2023-04-04 08:00:00,8,,
2023-04-04 09:00:00,9,5.1,1.4
2023-04-04 10:00:00,10,196.3,2.7
2023-04-04 11:00:00,11,485.9,3.2
2023-04-04 12:00:00,12,,
2023-04-04 13:00:00,13,,
2023-04-04 14:00:00,14,,
2023-04-04 15:00:00,15,,
2023-04-04 16:00:00,16,,
2023-04-04 17:00:00,17,,
2023-04-04 18:00:00,18,,
2023-04-04 19:00:00,19,754.0,3.3
2023-04-04 20:00:00,20,179.2,4.4
2023-04-04 21:00:00,21,62.4,2.1
2023-04-04 22:00:00,22,,
2023-04-04 23:00:00,23,,
2023-04-05 00:00:00,0,,
2023-04-05 01:00:00,1,,
2023-04-05 02:00:00,2,,
2023-04-05 03:00:00,3,,
2023-04-05 04:00:00,4,,
2023-04-05 05:00:00,5,,
2023-04-05 06:00:00,6,,
2023-04-05 07:00:00,7,,
2023-04-05 08:00:00,8,,
2023-04-05 09:00:00,9,,
2023-04-05 10:00:00,10,,
2023-04-05 11:00:00,11,,
2023-04-05 12:00:00,12,,
2023-04-05 13:00:00,13,,
2023-04-05 14:00:00,14,1592.3,3.0
2023-04-05 15:00:00,15,1374.1,3.1
2023-04-05 16:00:00,16,1717.8,3.3
2023-04-05 17:00:00,17,2092.1,3.1
2023-04-05 18:00:00,18,1197.0,2.1
2023-04-05 19:00:00,19,1166.8,3.0
2023-04-05 20:00:00,20,253.2,3.5
2023-04-05 21:00:00,21,71.8,2.5
2023-04-05 22:00:00,22,,1.3
2023-04-05 23:00:00,23,,2.5
2023-04-06 00:00:00,0,,2.1
2023-04-06 01:00:00,1,,3.0
2023-04-06 02:00:00,2,,1.1
2023-04-06 03:00:00,3,,0.9
2023-04-06 04:00:00,4,,1.3
2023-04-06 05:00:00,5,,1.3
2023-04-06 06:00:00,6,,1.2
2023-04-06 07:00:00,7,,1.9
2023-04-06 08:00:00,8,,1.1
2023-04-06 09:00:00,9,5.4,0.8
2023-04-06 10:00:00,10,253.5,2.1
2023-04-06 11:00:00,11,722.0,3.0
2023-04-06 12:00:00,12,1307.8,4.1
2023-04-06 13:00:00,13,1593.7,4.8
2023-04-06 14:00:00,14,1194.8,4.4
2023-04-06 15:00:00,15,1765.8,4.5
2023-04-06 16:00:00,16,1673.1,4.4
2023-04-06 17:00:00,17,1888.6,3.9
2023-04-06 18:00:00,18,1279.7,3.4
2023-04-06 19:00:00,19,618.0,3.1
2023-04-06 20:00:00,20,420.3,2.1
2023-04-06 21:00:00,21,92.1,2.8
2023-04-06 22:00:00,22,,4.1
2023-04-06 23:00:00,23,,3.9
2023-04-07 00:00:00,0,,2.4
2023-04-07 01:00:00,1,,0.9
2023-04-07 02:00:00,2,,1.3
2023-04-07 03:00:00,3,,1.9
2023-04-07 04:00:00,4,,1.4
2023-04-07 05:00:00,5,,0.9
2023-04-07 06:00:00,6,,1.0
2023-04-07 07:00:00,7,,0.7
2023-04-07 08:00:00,8,,1.1
2023-04-07 09:00:00,9,5.1,0.6
2023-04-07 10:00:00,10,269.6,1.3
2023-04-07 11:00:00,11,540.5,1.6
2023-04-07 12:00:00,12,1362.0,2.5
2023-04-07 13:00:00,13,1198.6,2.4
2023-04-07 14:00:00,14,1267.5,3.5
2023-04-07 15:00:00,15,2132.1,2.6
2023-04-07 16:00:00,16,1437.0,3.1
2023-04-07 17:00:00,17,908.8,2.5
2023-04-07 18:00:00,18,905.4,2.3
2023-04-07 19:00:00,19,483.2,2.9
2023-04-07 20:00:00,20,195.2,2.5
2023-04-07 21:00:00,21,58.4,2.0
2023-04-07 22:00:00,22,,1.8
2023-04-07 23:00:00,23,,1.8
2023-04-08 00:00:00,0,,2.3
2023-04-08 01:00:00,1,,1.5
2023-04-08 02:00:00,2,,2.3
2023-04-08 03:00:00,3,,4.3
2023-04-08 04:00:00,4,,2.1
2023-04-08 05:00:00,5,,2.0
2023-04-08 06:00:00,6,,1.6
2023-04-08 07:00:00,7,,1.7
2023-04-08 08:00:00,8,,1.6
2023-04-08 09:00:00,9,5.7,2.0
2023-04-08 10:00:00,10,343.6,2.0
2023-04-08 11:00:00,11,701.1,3.1
2023-04-08 12:00:00,12,826.1,3.4
2023-04-08 13:00:00,13,2026.1,4.4
2023-04-08 14:00:00,14,2318.9,3.8
2023-04-08 15:00:00,15,2882.4,3.5
2023-04-08 16:00:00,16,2506.6,4.0
2023-04-08 17:00:00,17,2230.0,3.5
2023-04-08 18:00:00,18,1666.1,3.9
2023-04-08 19:00:00,19,1019.4,3.7
2023-04-08 20:00:00,20,622.3,3.4
2023-04-08 21:00:00,21,65.1,2.1
2023-04-08 22:00:00,22,,2.1
2023-04-08 23:00:00,23,,1.7
2023-04-09 00:00:00,0,,4.0
2023-04-09 01:00:00,1,,3.2
2023-04-09 02:00:00,2,,3.0
2023-04-09 03:00:00,3,,1.0
2023-04-09 04:00:00,4,,1.6
2023-04-09 05:00:00,5,,2.0
2023-04-09 06:00:00,6,,2.4
2023-04-09 07:00:00,7,,2.0
2023-04-09 08:00:00,8,,1.3
2023-04-09 09:00:00,9,4.8,1.2
2023-04-09 10:00:00,10,144.9,1.8
2023-04-09 11:00:00,11,455.3,1.5
2023-04-09 12:00:00,12,514.5,1.9
2023-04-09 13:00:00,13,807.3,2.3
2023-04-09 14:00:00,14,924.1,2.9
2023-04-09 15:00:00,15,1428.3,2.3
2023-04-09 16:00:00,16,2001.5,2.0
2023-04-09 17:00:00,17,1632.7,3.1
2023-04-09 18:00:00,18,1456.9,2.2
2023-04-09 19:00:00,19,1394.4,3.5
2023-04-09 20:00:00,20,674.0,2.3
2023-04-09 21:00:00,21,59.9,2.2
2023-04-09 22:00:00,22,,1.9
2023-04-09 23:00:00,23,,2.2
2023-04-10 00:00:00,0,,1.5
2023-04-10 01:00:00,1,,1.6
2023-04-10 02:00:00,2,,1.4
2023-04-10 03:00:00,3,,1.0
2023-04-10 04:00:00,4,,1.4
2023-04-10 05:00:00,5,,1.2
2023-04-10 06:00:00,6,,1.1
2023-04-10 07:00:00,7,,1.6
2023-04-10 08:00:00,8,,1.3
2023-04-10 09:00:00,9,2.9,1.3
2023-04-10 10:00:00,10,150.5,1.4
2023-04-10 11:00:00,11,684.0,2.2
2023-04-10 12:00:00,12,993.1,2.3
2023-04-10 13:00:00,13,1333.7,1.7
2023-04-10 14:00:00,14,2178.7,2.7
2023-04-10 15:00:00,15,2622.0,2.8
2023-04-10 16:00:00,16,2428.5,3.8
2023-04-10 17:00:00,17,2019.0,3.0
2023-04-10 18:00:00,18,1921.4,3.3
2023-04-10 19:00:00,19,1477.5,3.4
2023-04-10 20:00:00,20,673.3,2.8
2023-04-10 21:00:00,21,108.5,2.7
2023-04-10 22:00:00,22,,3.5
2023-04-10 23:00:00,23,,2.4
2023-04-11 00:00:00,0,,1.2
2023-04-11 01:00:00,1,,2.2
2023-04-11 02:00:00,2,,1.6
2023-04-11 03:00:00,3,,2.3
2023-04-11 04:00:00,4,,3.2
2023-04-11 05:00:00,5,,3.0
2023-04-11 06:00:00,6,,3.9
2023-04-11 07:00:00,7,,1.5
2023-04-11 08:00:00,8,,1.6
2023-04-11 09:00:00,9,3.6,1.3
2023-04-11 10:00:00,10,96.7,1.7
2023-04-11 11:00:00,11,273.2,1.6
2023-04-11 12:00:00,12,685.5,2.6
2023-04-11 13:00:00,13,992.3,2.3
2023-04-11 14:00:00,14,977.4,3.9
2023-04-11 15:00:00,15,1713.9,3.6
2023-04-11 16:00:00,16,2234.3,2.4
2023-04-11 17:00:00,17,2152.6,3.5
2023-04-11 18:00:00,18,2025.8,3.8
2023-04-11 19:00:00,19,1237.7,3.4
2023-04-11 20:00:00,20,552.0,2.8
2023-04-11 21:00:00,21,68.8,1.7
2023-04-11 22:00:00,22,,1.7
2023-04-11 23:00:00,23,,1.7
2023-04-12 00:00:00,0,,1.2
2023-04-12 01:00:00,1,,1.6
2023-04-12 02:00:00,2,,1.4
2023-04-12 03:00:00,3,,1.4
2023-04-12 04:00:00,4,,0.8
2023-04-12 05:00:00,5,,1.1
2023-04-12 06:00:00,6,,1.0
2023-04-12 07:00:00,7,,2.0
2023-04-12 08:00:00,8,,1.6
2023-04-12 09:00:00,9,2.9,1.4
2023-04-12 10:00:00,10,153.4,1.7
2023-04-12 11:00:00,11,412.5,2.4
2023-04-12 12:00:00,12,812.7,2.4
2023-04-12 13:00:00,13,1084.3,3.1
2023-04-12 14:00:00,14,2142.0,3.1
2023-04-12 15:00:00,15,1927.0,4.0
2023-04-12 16:00:00,16,1806.4,3.9
2023-04-12 17:00:00,17,2411.4,3.3
2023-04-12 18:00:00,18,1891.7,3.2
2023-04-12 19:00:00,19,647.3,2.5
2023-04-12 20:00:00,20,729.7,3.9
2023-04-12 21:00:00,21,76.4,2.8
2023-04-12 22:00:00,22,,1.5
2023-04-12 23:00:00,23,,0.7
2023-04-13 00:00:00,0,,4.4
2023-04-13 01:00:00,1,,3.7
2023-04-13 02:00:00,2,,3.4
2023-04-13 03:00:00,3,,2.2
2023-04-13 04:00:00,4,,1.3
2023-04-13 05:00:00,5,,1.2
2023-04-13 06:00:00,6,,1.8
2023-04-13 07:00:00,7,,2.1
2023-04-13 08:00:00,8,,2.3
2023-04-13 09:00:00,9,6.3,1.1
2023-04-13 10:00:00,10,187.7,1.7
2023-04-13 11:00:00,11,432.8,1.9
2023-04-13 12:00:00,12,1138.5,3.4
2023-04-13 13:00:00,13,1941.4,3.6
2023-04-13 14:00:00,14,2514.9,3.1
2023-04-13 15:00:00,15,2614.1,4.0
2023-04-13 16:00:00,16,2857.9,3.6
2023-04-13 17:00:00,17,2492.0,2.5
2023-04-13 18:00:00,18,2083.7,1.9
2023-04-13 19:00:00,19,1347.5,2.9
2023-04-13 20:00:00,20,356.3,2.0
2023-04-13 21:00:00,21,17.0,2.4
2023-04-13 22:00:00,22,,5.2
2023-04-13 23:00:00,23,,4.9
2023-04-14 00:00:00,0,,
2023-04-14 01:00:00,1,,2.8
2023-04-14 02:00:00,2,,2.8
2023-04-14 03:00:00,3,,1.5
2023-04-14 04:00:00,4,,1.9
2023-04-14 05:00:00,5,,2.3
2023-04-14 06:00:00,6,,1.3
2023-04-14 07:00:00,7,,1.9
2023-04-14 08:00:00,8,,1.7
2023-04-14 09:00:00,9,3.2,0.8
2023-04-14 10:00:00,10,66.8,1.2
2023-04-14 11:00:00,11,216.0,1.1
2023-04-14 12:00:00,12,386.8,0.9
2023-04-14 13:00:00,13,1250.3,3.3
2023-04-14 14:00:00,14,1408.1,3.2
2023-04-14 15:00:00,15,1927.2,3.4
2023-04-14 16:00:00,16,2535.9,2.9
2023-04-14 17:00:00,17,2437.0,4.1
2023-04-14 18:00:00,18,1788.5,3.2
2023-04-14 19:00:00,19,1097.4,3.4
2023-04-14 20:00:00,20,688.4,3.1
2023-04-14 21:00:00,21,77.3,2.1
2023-04-14 22:00:00,22,,1.5
2023-04-14 23:00:00,23,,1.6
2023-04-15 00:00:00,0,,1.6
2023-04-15 01:00:00,1,,1.3
2023-04-15 02:00:00,2,,2.0
2023-04-15 03:00:00,3,,1.5
2023-04-15 04:00:00,4,,1.4
2023-04-15 05:00:00,5,,1.4
2023-04-15 06:00:00,6,,1.0
2023-04-15 07:00:00,7,,1.6
2023-04-15 08:00:00,8,,1.5
2023-04-15 09:00:00,9,7.6,1.1
2023-04-15 10:00:00,10,198.1,2.4
2023-04-15 11:00:00,11,875.8,3.3
2023-04-15 12:00:00,12,1155.1,3.2
2023-04-15 13:00:00,13,2334.1,3.4
2023-04-15 14:00:00,14,2728.9,3.5
2023-04-15 15:00:00,15,2902.0,2.8
2023-04-15 16:00:00,16,2834.4,3.5
2023-04-15 17:00:00,17,2554.6,3.1
2023-04-15 18:00:00,18,2069.7,2.7
2023-04-15 19:00:00,19,1421.7,2.7
2023-04-15 20:00:00,20,681.6,2.2
2023-04-15 21:00:00,21,76.0,1.9
2023-04-15 22:00:00,22,,1.6
2023-04-15 23:00:00,23,,2.0
2023-04-16 00:00:00,0,,1.5
2023-04-16 01:00:00,1,,1.5
2023-04-16 02:00:00,2,,1.0
2023-04-16 03:00:00,3,,1.9
2023-04-16 04:00:00,4,,1.5
2023-04-16 05:00:00,5,,2.0
2023-04-16 06:00:00,6,,2.2
2023-04-16 07:00:00,7,,2.8
2023-04-16 08:00:00,8,,2.3
2023-04-16 09:00:00,9,3.8,1.7
2023-04-16 10:00:00,10,108.4,2.1
2023-04-16 11:00:00,11,343.0,1.7
2023-04-16 12:00:00,12,689.2,1.6
2023-04-16 13:00:00,13,980.1,1.0
2023-04-16 14:00:00,14,2152.4,1.8
2023-04-16 15:00:00,15,2861.1,1.9
2023-04-16 16:00:00,16,2830.6,3.3
2023-04-16 17:00:00,17,2530.3,2.5
2023-04-16 18:00:00,18,2066.9,3.5
2023-04-16 19:00:00,19,1448.1,4.1
2023-04-16 20:00:00,20,694.0,3.2
2023-04-16 21:00:00,21,75.9,1.5
2023-04-16 22:00:00,22,,1.3
2023-04-16 23:00:00,23,,1.9
2023-04-17 00:00:00,0,,1.7
2023-04-17 01:00:00,1,,3.1
2023-04-17 02:00:00,2,,1.7
2023-04-17 03:00:00,3,,1.7
2023-04-17 04:00:00,4,,1.3
2023-04-17 05:00:00,5,,0.7
2023-04-17 06:00:00,6,,0.6
2023-04-17 07:00:00,7,,0.2
2023-04-17 08:00:00,8,,0.9
2023-04-17 09:00:00,9,5.9,1.0
2023-04-17 10:00:00,10,328.6,1.0
2023-04-17 11:00:00,11,998.9,2.7
2023-04-17 12:00:00,12,1671.1,3.1
2023-04-17 13:00:00,13,2351.7,4.2
2023-04-17 14:00:00,14,2674.5,3.5
2023-04-17 15:00:00,15,2587.4,4.0
2023-04-17 16:00:00,16,2595.4,3.7
2023-04-17 17:00:00,17,2462.2,4.0
2023-04-17 18:00:00,18,2048.5,4.1
2023-04-17 19:00:00,19,1292.8,4.1
2023-04-17 20:00:00,20,459.4,3.2
2023-04-17 21:00:00,21,45.5,1.7
2023-04-17 22:00:00,22,,1.4
2023-04-17 23:00:00,23,,1.9
2023-04-18 00:00:00,0,,1.2
2023-04-18 01:00:00,1,,2.4
2023-04-18 02:00:00,2,,1.4
2023-04-18 03:00:00,3,,1.5
2023-04-18 04:00:00,4,,0.8
2023-04-18 05:00:00,5,,1.1
2023-04-18 06:00:00,6,,1.4
2023-04-18 07:00:00,7,,1.8
2023-04-18 08:00:00,8,,1.6
2023-04-18 09:00:00,9,2.8,1.0
2023-04-18 10:00:00,10,260.9,2.3
2023-04-18 11:00:00,11,1115.2,2.2
2023-04-18 12:00:00,12,,
2023-04-18 13:00:00,13,1509.3,2.4
2023-04-18 14:00:00,14,2345.6,2.9
2023-04-18 15:00:00,15,2089.3,2.0
2023-04-18 16:00:00,16,2374.8,2.6
2023-04-18 17:00:00,17,2638.0,3.3
2023-04-18 18:00:00,18,1682.6,1.1
2023-04-18 19:00:00,19,1419.0,2.6
2023-04-18 20:00:00,20,682.6,2.6
2023-04-18 21:00:00,21,62.9,1.2
2023-04-18 22:00:00,22,,1.0
2023-04-18 23:00:00,23,,0.8
2023-04-19 00:00:00,0,,0.7
2023-04-19 01:00:00,1,,1.0
2023-04-19 02:00:00,2,,1.7
2023-04-19 03:00:00,3,,2.3
2023-04-19 04:00:00,4,,2.4
2023-04-19 05:00:00,5,,2.3
2023-04-19 06:00:00,6,,1.9
2023-04-19 07:00:00,7,,1.6
2023-04-19 08:00:00,8,,3.3
2023-04-19 09:00:00,9,5.7,1.8
2023-04-19 10:00:00,10,275.6,2.5
2023-04-19 11:00:00,11,965.3,6.2
2023-04-19 12:00:00,12,824.5,5.1
2023-04-19 13:00:00,13,763.4,5.1
2023-04-19 14:00:00,14,1161.7,2.9
2023-04-19 15:00:00,15,2157.1,2.5
2023-04-19 16:00:00,16,1871.1,1.8
2023-04-19 17:00:00,17,2558.2,3.8
2023-04-19 18:00:00,18,,
2023-04-19 19:00:00,19,,
2023-04-19 20:00:00,20,,
2023-04-19 21:00:00,21,,
2023-04-19 22:00:00,22,,
2023-04-19 23:00:00,23,,
2023-04-20 00:00:00,0,,3.1
2023-04-20 01:00:00,1,,2.7
2023-04-20 02:00:00,2,,2.7
2023-04-20 03:00:00,3,,2.0
2023-04-20 04:00:00,4,,1.6
2023-04-20 05:00:00,5,,1.3
2023-04-20 06:00:00,6,,0.9
2023-04-20 07:00:00,7,,2.5
2023-04-20 08:00:00,8,,1.8
2023-04-20 09:00:00,9,9.7,0.5
2023-04-20 10:00:00,10,167.8,0.8
2023-04-20 11:00:00,11,499.9,0.8
2023-04-20 12:00:00,12,1079.9,2.3
2023-04-20 13:00:00,13,1201.6,2.6
2023-04-20 14:00:00,14,1574.2,2.2
2023-04-20 15:00:00,15,1936.6,3.3
2023-04-20 16:00:00,16,2129.9,3.1
2023-04-20 17:00:00,17,1669.8,2.9
2023-04-20 18:00:00,18,1812.1,2.4
2023-04-20 19:00:00,19,1520.0,2.6
2023-04-20 20:00:00,20,584.4,1.6
2023-04-20 21:00:00,21,34.6,0.4
2023-04-20 22:00:00,22,,5.0
2023-04-20 23:00:00,23,2.1,2.6
2023-04-21 00:00:00,0,0.5,1.3
2023-04-21 01:00:00,1,,1.6
2023-04-21 02:00:00,2,,0.9
2023-04-21 03:00:00,3,,1.1
2023-04-21 04:00:00,4,,1.1
2023-04-21 05:00:00,5,,1.6
2023-04-21 06:00:00,6,,1.2
2023-04-21 07:00:00,7,,1.4
2023-04-21 08:00:00,8,,1.5
2023-04-21 09:00:00,9,9.3,2.0
2023-04-21 10:00:00,10,278.5,0.8
2023-04-21 11:00:00,11,1007.0,1.4
2023-04-21 12:00:00,12,752.4,1.1
2023-04-21 13:00:00,13,935.1,1.4
2023-04-21 14:00:00,14,1126.5,1.6
2023-04-21 15:00:00,15,1407.3,2.1
2023-04-21 16:00:00,16,2019.7,2.8
2023-04-21 17:00:00,17,2156.7,3.8
2023-04-21 18:00:00,18,1638.1,4.3
2023-04-21 19:00:00,19,988.8,5.4
2023-04-21 20:00:00,20,429.1,4.6
2023-04-21 21:00:00,21,50.7,2.6
2023-04-21 22:00:00,22,,5.2
2023-04-21 23:00:00,23,,3.1
2023-04-22 00:00:00,0,,4.9
2023-04-22 01:00:00,1,,3.7
2023-04-22 02:00:00,2,,3.1
2023-04-22 03:00:00,3,,3.3
2023-04-22 04:00:00,4,,3.6
2023-04-22 05:00:00,5,,3.3
2023-04-22 06:00:00,6,,3.4
2023-04-22 07:00:00,7,,3.6
2023-04-22 08:00:00,8,,2.4
2023-04-22 09:00:00,9,2.3,3.2
2023-04-22 10:00:00,10,90.2,3.3
2023-04-22 11:00:00,11,636.9,4.0
2023-04-22 12:00:00,12,1234.5,5.1
2023-04-22 13:00:00,13,1176.3,5.1
2023-04-22 14:00:00,14,1486.0,5.3
2023-04-22 15:00:00,15,1531.0,4.7
2023-04-22 16:00:00,16,,
2023-04-22 17:00:00,17,1302.1,3.8
2023-04-22 18:00:00,18,291.9,3.9
2023-04-22 19:00:00,19,241.7,2.9
2023-04-22 20:00:00,20,,
2023-04-22 21:00:00,21,8.5,0.7
2023-04-22 22:00:00,22,,3.5
2023-04-22 23:00:00,23,,1.9
2023-04-23 00:00:00,0,,
2023-04-23 01:00:00,1,,1.5
2023-04-23 02:00:00,2,0.2,1.5
2023-04-23 03:00:00,3,,1.6
2023-04-23 04:00:00,4,,2.1
2023-04-23 05:00:00,5,,2.0
2023-04-23 06:00:00,6,,1.9
2023-04-23 07:00:00,7,,3.0
2023-04-23 08:00:00,8,,2.8
2023-04-23 09:00:00,9,3.1,3.9
2023-04-23 10:00:00,10,139.5,3.9
2023-04-23 11:00:00,11,518.3,4.1
2023-04-23 12:00:00,12,703.9,3.7
2023-04-23 13:00:00,13,742.4,4.0
2023-04-23 14:00:00,14,1105.5,3.7
2023-04-23 15:00:00,15,2629.3,4.7
2023-04-23 16:00:00,16,1959.3,5.5
2023-04-23 17:00:00,17,909.1,3.1
2023-04-23 18:00:00,18,855.5,2.3
2023-04-23 19:00:00,19,465.6,2.6
2023-04-23 20:00:00,20,186.4,3.0
2023-04-23 21:00:00,21,22.7,2.8
2023-04-23 22:00:00,22,,3.9
2023-04-23 23:00:00,23,,2.5
2023-04-24 00:00:00,0,,3.0
2023-04-24 01:00:00,1,,2.5
2023-04-24 02:00:00,2,,2.5
2023-04-24 03:00:00,3,,1.6
2023-04-24 04:00:00,4,,2.2
2023-04-24 05:00:00,5,,2.4
2023-04-24 06:00:00,6,,2.8
2023-04-24 07:00:00,7,,1.7
2023-04-24 08:00:00,8,,2.2
2023-04-24 09:00:00,9,1.0,1.5
2023-04-24 10:00:00,10,95.7,2.5
2023-04-24 11:00:00,11,456.2,3.5
2023-04-24 12:00:00,12,803.6,3.8
2023-04-24 13:00:00,13,1402.3,3.9
2023-04-24 14:00:00,14,1231.4,3.3
2023-04-24 15:00:00,15,970.2,2.7
2023-04-24 16:00:00,16,1531.1,2.2
2023-04-24 17:00:00,17,1648.5,5.8
2023-04-24 18:00:00,18,691.1,1.6
2023-04-24 19:00:00,19,1114.9,1.7
2023-04-24 20:00:00,20,498.6,2.6
2023-04-24 21:00:00,21,41.7,3.8
2023-04-24 22:00:00,22,,2.0
2023-04-24 23:00:00,23,,1.9
2023-04-25 00:00:00,0,,2.1
2023-04-25 01:00:00,1,,2.2
2023-04-25 02:00:00,2,,2.0
2023-04-25 03:00:00,3,,3.0
2023-04-25 04:00:00,4,,1.8
2023-04-25 05:00:00,5,,2.2
2023-04-25 06:00:00,6,,1.8
2023-04-25 07:00:00,7,,2.4
2023-04-25 08:00:00,8,,2.2
2023-04-25 09:00:00,9,3.9,2.3
2023-04-25 10:00:00,10,116.2,3.0
2023-04-25 11:00:00,11,399.6,3.5
2023-04-25 12:00:00,12,1067.5,3.8
2023-04-25 13:00:00,13,1331.8,3.2
2023-04-25 14:00:00,14,1322.5,4.0
2023-04-25 15:00:00,15,1735.0,3.4
2023-04-25 16:00:00,16,1910.6,2.6
2023-04-25 17:00:00,17,1556.3,2.4
2023-04-25 18:00:00,18,1580.4,3.2
2023-04-25 19:00:00,19,812.2,2.3
2023-04-25 20:00:00,20,268.6,1.2
2023-04-25 21:00:00,21,26.7,1.8
2023-04-25 22:00:00,22,,2.1
2023-04-25 23:00:00,23,,1.9
2023-04-26 00:00:00,0,,2.0
2023-04-26 01:00:00,1,,2.4
2023-04-26 02:00:00,2,,1.5
2023-04-26 03:00:00,3,,1.7
2023-04-26 04:00:00,4,,2.1
2023-04-26 05:00:00,5,,2.7
2023-04-26 06:00:00,6,,2.1
2023-04-26 07:00:00,7,,3.1
2023-04-26 08:00:00,8,,2.7
2023-04-26 09:00:00,9,5.3,3.0
2023-04-26 10:00:00,10,210.7,3.3
2023-04-26 11:00:00,11,446.2,3.5
2023-04-26 12:00:00,12,993.4,3.4
2023-04-26 13:00:00,13,1395.0,4.1
2023-04-26 14:00:00,14,1368.1,4.1
2023-04-26 15:00:00,15,1863.8,4.0
2023-04-26 16:00:00,16,1250.7,4.2
2023-04-26 17:00:00,17,597.2,3.1
2023-04-26 18:00:00,18,848.0,3.3
2023-04-26 19:00:00,19,661.1,3.5
2023-04-26 20:00:00,20,399.9,2.2
2023-04-26 21:00:00,21,40.7,2.1
2023-04-26 22:00:00,22,,1.4
2023-04-26 23:00:00,23,,4.4
2023-04-27 00:00:00,0,,3.9
2023-04-27 01:00:00,1,,3.8
2023-04-27 02:00:00,2,,2.5
2023-04-27 03:00:00,3,,1.3
2023-04-27 04:00:00,4,,1.8
2023-04-27 05:00:00,5,,1.2
2023-04-27 06:00:00,6,,0.9
2023-04-27 07:00:00,7,,1.4
2023-04-27 08:00:00,8,,1.5
2023-04-27 09:00:00,9,4.9,1.7
2023-04-27 10:00:00,10,111.7,1.7
2023-04-27 11:00:00,11,279.8,1.8
2023-04-27 12:00:00,12,531.4,2.1
2023-04-27 13:00:00,13,594.2,1.8
2023-04-27 14:00:00,14,1031.3,1.9
2023-04-27 15:00:00,15,1725.7,1.7
2023-04-27 16:00:00,16,1092.3,1.6
2023-04-27 17:00:00,17,1062.3,1.8
2023-04-27 18:00:00,18,1107.6,1.7
2023-04-27 19:00:00,19,1038.8,1.4
2023-04-27 20:00:00,20,421.9,1.9
2023-04-27 21:00:00,21,25.3,1.1
2023-04-27 22:00:00,22,,0.4
2023-04-27 23:00:00,23,,0.6
2023-04-28 00:00:00,0,,0.9
2023-04-28 01:00:00,1,,1.4
2023-04-28 02:00:00,2,,0.5
2023-04-28 03:00:00,3,,1.3
2023-04-28 04:00:00,4,,0.9
2023-04-28 05:00:00,5,,1.5
2023-04-28 06:00:00,6,,1.7
2023-04-28 07:00:00,7,,1.6
2023-04-28 08:00:00,8,,1.8
2023-04-28 09:00:00,9,0.9,1.8
2023-04-28 10:00:00,10,43.1,1.3
2023-04-28 11:00:00,11,250.6,1.7
2023-04-28 12:00:00,12,760.3,1.9
2023-04-28 13:00:00,13,869.2,1.6
2023-04-28 14:00:00,14,1208.9,1.0
2023-04-28 15:00:00,15,1599.6,1.5
2023-04-28 16:00:00,16,1717.7,1.8
2023-04-28 17:00:00,17,1816.5,3.2
2023-04-28 18:00:00,18,1241.7,2.8
2023-04-28 19:00:00,19,1308.5,3.6
2023-04-28 20:00:00,20,343.9,3.4
2023-04-28 21:00:00,21,20.0,1.3
2023-04-28 22:00:00,22,,0.8
2023-04-28 23:00:00,23,,1.0
2023-04-29 00:00:00,0,,1.0
2023-04-29 01:00:00,1,,1.8
2023-04-29 02:00:00,2,,1.1
2023-04-29 03:00:00,3,,1.5
2023-04-29 04:00:00,4,,1.0
2023-04-29 05:00:00,5,,1.7
2023-04-29 06:00:00,6,,1.8
2023-04-29 07:00:00,7,,1.4
2023-04-29 08:00:00,8,,1.1
2023-04-29 09:00:00,9,2.1,1.0
2023-04-29 10:00:00,10,182.7,2.5
2023-04-29 11:00:00,11,530.0,2.6
2023-04-29 12:00:00,12,612.7,1.5
2023-04-29 13:00:00,13,914.3,2.7
2023-04-29 14:00:00,14,1600.8,2.5
2023-04-29 15:00:00,15,1430.7,2.6
2023-04-29 16:00:00,16,1374.6,2.7
2023-04-29 17:00:00,17,1904.7,3.6
2023-04-29 18:00:00,18,1555.7,3.1
2023-04-29 19:00:00,19,696.6,3.4
2023-04-29 20:00:00,20,464.6,2.5
2023-04-29 21:00:00,21,21.2,2.5
2023-04-29 22:00:00,22,,2.8
2023-04-29 23:00:00,23,,2.2
2023-04-30 00:00:00,0,,2.2
2023-04-30 01:00:00,1,,3.9
2023-04-30 02:00:00,2,,4.2
2023-04-30 03:00:00,3,,2.3
2023-04-30 04:00:00,4,,2.5
2023-04-30 05:00:00,5,,1.8
2023-04-30 06:00:00,6,,2.4
2023-04-30 07:00:00,7,,2.1
2023-04-30 08:00:00,8,,1.6
2023-04-30 09:00:00,9,3.0,1.3
2023-04-30 10:00:00,10,130.1,1.8
2023-04-30 11:00:00,11,316.3,1.5
2023-04-30 12:00:00,12,1040.0,2.2
2023-04-30 13:00:00,13,2012.3,3.1
2023-04-30 14:00:00,14,930.8,0.7
2023-04-30 15:00:00,15,1095.8,2.3
2023-04-30 16:00:00,16,997.1,1.5
2023-04-30 17:00:00,17,731.8,1.6
2023-04-30 18:00:00,18,2074.2,2.8
2023-04-30 19:00:00,19,1144.1,2.9
2023-04-30 20:00:00,20,310.3,3.0
2023-04-30 21:00:00,21,17.7,2.3
2023-04-30 22:00:00,22,,2.7
2023-04-30 23:00:00,23,,2.3
2023-05-01 00:00:00,0,,2.8
2023-05-01 01:00:00,1,,2.5
2023-05-01 02:00:00,2,,2.4
2023-05-01 03:00:00,3,,2.7
2023-05-01 04:00:00,4,,3.0
2023-05-01 05:00:00,5,,2.5
2023-05-01 06:00:00,6,,1.7
2023-05-01 07:00:00,7,,1.5
2023-05-01 08:00:00,8,,1.8
2023-05-01 09:00:00,9,1.6,1.3
2023-05-01 10:00:00,10,168.7,1.9
2023-05-01 11:00:00,11,467.2,2.8
2023-05-01 12:00:00,12,528.4,2.4
2023-05-01 13:00:00,13,996.7,2.9
2023-05-01 14:00:00,14,1455.7,3.6
2023-05-01 15:00:00,15,1665.1,2.3
2023-05-01 16:00:00,16,1263.6,2.8
2023-05-01 17:00:00,17,1241.5,3.1
2023-05-01 18:00:00,18,1139.1,3.4
2023-05-01 19:00:00,19,443.7,1.4
2023-05-01 20:00:00,20,156.5,2.2
2023-05-01 21:00:00,21,2.1,2.3
2023-05-01 22:00:00,22,,0.7
2023-05-01 23:00:00,23,,1.3
2023-05-02 00:00:00,0,,1.5
2023-05-02 01:00:00,1,,2.0
2023-05-02 02:00:00,2,0.1,4.6
2023-05-02 03:00:00,3,,2.2
2023-05-02 04:00:00,4,,3.0
2023-05-02 05:00:00,5,0.0,1.2
2023-05-02 06:00:00,6,,1.5
2023-05-02 07:00:00,7,,1.9
2023-05-02 08:00:00,8,,2.2
2023-05-02 09:00:00,9,2.0,0.7
2023-05-02 10:00:00,10,98.7,1.8
2023-05-02 11:00:00,11,333.0,1.9
2023-05-02 12:00:00,12,848.9,1.8
2023-05-02 13:00:00,13,607.2,2.1
2023-05-02 14:00:00,14,874.6,1.9
2023-05-02 15:00:00,15,1716.9,2.8
2023-05-02 16:00:00,16,1491.3,2.8
2023-05-02 17:00:00,17,1363.1,4.4
2023-05-02 18:00:00,18,1437.9,3.7
2023-05-02 19:00:00,19,520.9,2.9
2023-05-02 20:00:00,20,139.0,1.9
2023-05-02 21:00:00,21,14.5,1.8
2023-05-02 22:00:00,22,,1.0
2023-05-02 23:00:00,23,,1.2
2023-05-03 00:00:00,0,,1.6
2023-05-03 01:00:00,1,,1.0
2023-05-03 02:00:00,2,,1.5
2023-05-03 03:00:00,3,,1.4
2023-05-03 04:00:00,4,,0.9
2023-05-03 05:00:00,5,,1.4
2023-05-03 06:00:00,6,,1.4
2023-05-03 07:00:00,7,,1.6
2023-05-03 08:00:00,8,,1.0
2023-05-03 09:00:00,9,1.3,1.8
2023-05-03 10:00:00,10,110.9,2.2
2023-05-03 11:00:00,11,379.9,2.0
2023-05-03 12:00:00,12,500.4,2.0
2023-05-03 13:00:00,13,749.7,2.1
2023-05-03 14:00:00,14,1175.5,1.4
2023-05-03 15:00:00,15,1415.1,3.3
2023-05-03 16:00:00,16,2490.6,2.3
2023-05-03 17:00:00,17,1370.2,3.6
2023-05-03 18:00:00,18,1674.0,3.5
2023-05-03 19:00:00,19,1186.5,3.6
2023-05-03 20:00:00,20,515.9,2.8
2023-05-03 21:00:00,21,22.4,4.9
2023-05-03 22:00:00,22,,3.0
2023-05-03 23:00:00,23,,1.9
2023-05-04 00:00:00,0,,2.4
2023-05-04 01:00:00,1,,2.0
2023-05-04 02:00:00,2,,1.5
2023-05-04 03:00:00,3,,2.0
2023-05-04 04:00:00,4,,2.2
2023-05-04 05:00:00,5,,1.7
2023-05-04 06:00:00,6,,2.3
2023-05-04 07:00:00,7,,2.2
2023-05-04 08:00:00,8,,2.0
2023-05-04 09:00:00,9,3.9,1.5
2023-05-04 10:00:00,10,135.6,1.5
2023-05-04 11:00:00,11,423.7,2.3
2023-05-04 12:00:00,12,1167.3,2.0
2023-05-04 13:00:00,13,1287.8,2.8
2023-05-04 14:00:00,14,962.2,1.5
2023-05-04 15:00:00,15,,
2023-05-04 16:00:00,16,,
2023-05-04 17:00:00,17,,
2023-05-04 18:00:00,18,1439.0,2.8
2023-05-04 19:00:00,19,942.7,3.1
2023-05-04 20:00:00,20,504.1,2.3
2023-05-04 21:00:00,21,48.9,2.8
2023-05-04 22:00:00,22,,2.2
2023-05-04 23:00:00,23,,1.4
2023-05-05 00:00:00,0,,2.2
2023-05-05 01:00:00,1,,2.7
2023-05-05 02:00:00,2,,2.3
2023-05-05 03:00:00,3,,2.3
2023-05-05 04:00:00,4,,2.6
2023-05-05 05:00:00,5,,2.5
2023-05-05 06:00:00,6,,2.5
2023-05-05 07:00:00,7,,1.8
2023-05-05 08:00:00,8,,1.8
2023-05-05 09:00:00,9,1.7,2.0
2023-05-05 10:00:00,10,110.4,2.5
2023-05-05 11:00:00,11,470.0,3.8
2023-05-05 12:00:00,12,720.6,3.3
2023-05-05 13:00:00,13,1276.9,3.8
2023-05-05 14:00:00,14,931.3,2.9
2023-05-05 15:00:00,15,,
2023-05-05 16:00:00,16,,
2023-05-05 17:00:00,17,,
2023-05-05 18:00:00,18,,
2023-05-05 19:00:00,19,,
2023-05-05 20:00:00,20,,
2023-05-05 21:00:00,21,,
2023-05-05 22:00:00,22,,2.0
2023-05-05 23:00:00,23,,2.0
2023-05-06 00:00:00,0,,2.0
2023-05-06 01:00:00,1,,1.9
2023-05-06 02:00:00,2,,2.9
2023-05-06 03:00:00,3,,1.4
2023-05-06 04:00:00,4,,1.3
2023-05-06 05:00:00,5,,2.1
2023-05-06 06:00:00,6,,1.7
2023-05-06 07:00:00,7,,2.3
2023-05-06 08:00:00,8,,2.8
2023-05-06 09:00:00,9,2.6,2.7
2023-05-06 10:00:00,10,104.7,3.1
2023-05-06 11:00:00,11,206.6,3.3
2023-05-06 12:00:00,12,471.9,3.6
2023-05-06 13:00:00,13,1276.7,3.8
2023-05-06 14:00:00,14,1609.3,3.4
2023-05-06 15:00:00,15,1362.7,3.6
2023-05-06 16:00:00,16,,
2023-05-06 17:00:00,17,,
2023-05-06 18:00:00,18,,
2023-05-06 19:00:00,19,,
2023-05-06 20:00:00,20,582.8,3.1
2023-05-06 21:00:00,21,26.0,1.7
2023-05-06 22:00:00,22,,1.4
2023-05-06 23:00:00,23,,1.3
2023-05-07 00:00:00,0,,5.1
2023-05-07 01:00:00,1,,4.0
2023-05-07 02:00:00,2,,2.9
2023-05-07 03:00:00,3,,3.4
2023-05-07 04:00:00,4,,2.4
2023-05-07 05:00:00,5,,2.4
2023-05-07 06:00:00,6,,2.2
2023-05-07 07:00:00,7,,2.3
2023-05-07 08:00:00,8,,1.8
2023-05-07 09:00:00,9,0.8,1.5
2023-05-07 10:00:00,10,70.8,2.6
2023-05-07 11:00:00,11,435.5,2.8
2023-05-07 12:00:00,12,558.8,2.8
2023-05-07 13:00:00,13,1124.8,2.4
2023-05-07 14:00:00,14,961.2,2.4
2023-05-07 15:00:00,15,1387.8,3.0
2023-05-07 16:00:00,16,1128.5,2.5
2023-05-07 17:00:00,17,1744.7,3.5
2023-05-07 18:00:00,18,1591.0,2.8
2023-05-07 19:00:00,19,1262.5,2.8
2023-05-07 20:00:00,20,562.9,2.7
2023-05-07 21:00:00,21,21.9,1.3
2023-05-07 22:00:00,22,,1.3
2023-05-07 23:00:00,23,,1.3
2023-05-08 00:00:00,0,,3.2
2023-05-08 01:00:00,1,,1.4
2023-05-08 02:00:00,2,,2.3
2023-05-08 03:00:00,3,,2.7
2023-05-08 04:00:00,4,,3.2
2023-05-08 05:00:00,5,,2.9
2023-05-08 06:00:00,6,,2.0
2023-05-08 07:00:00,7,,2.1
2023-05-08 08:00:00,8,,1.7
2023-05-08 09:00:00,9,3.3,1.5
2023-05-08 10:00:00,10,112.7,1.7
2023-05-08 11:00:00,11,508.3,2.4
2023-05-08 12:00:00,12,764.2,2.7
2023-05-08 13:00:00,13,1114.5,3.0
2023-05-08 14:00:00,14,1073.0,3.1
2023-05-08 15:00:00,15,1644.8,3.5
2023-05-08 16:00:00,16,1510.4,4.6
2023-05-08 17:00:00,17,1844.6,3.4
2023-05-08 18:00:00,18,1925.5,4.3
2023-05-08 19:00:00,19,975.7,4.3
2023-05-08 20:00:00,20,211.4,2.6
2023-05-08 21:00:00,21,18.0,3.7
2023-05-08 22:00:00,22,,3.3
2023-05-08 23:00:00,23,,2.4
2023-05-09 00:00:00,0,,2.1
2023-05-09 01:00:00,1,,2.3
2023-05-09 02:00:00,2,,1.9
2023-05-09 03:00:00,3,,2.5
2023-05-09 04:00:00,4,,2.2
2023-05-09 05:00:00,5,,2.1
2023-05-09 06:00:00,6,,2.3
2023-05-09 07:00:00,7,,2.4
2023-05-09 08:00:00,8,,2.7
2023-05-09 09:00:00,9,3.0,2.1
2023-05-09 10:00:00,10,146.0,1.6
2023-05-09 11:00:00,11,604.3,2.2
2023-05-09 12:00:00,12,1216.6,2.3
2023-05-09 13:00:00,13,1816.1,3.1
2023-05-09 14:00:00,14,959.2,3.1
2023-05-09 15:00:00,15,1462.2,3.4
2023-05-09 16:00:00,16,1511.9,3.6
2023-05-09 17:00:00,17,1383.9,4.3
2023-05-09 18:00:00,18,1257.2,4.5
2023-05-09 19:00:00,19,754.1,3.9
2023-05-09 20:00:00,20,363.9,2.6
2023-05-09 21:00:00,21,34.6,1.8
2023-05-09 22:00:00,22,,2.0
2023-05-09 23:00:00,23,,2.0
2023-05-10 00:00:00,0,,1.7
2023-05-10 01:00:00,1,,1.5
2023-05-10 02:00:00,2,,1.7
2023-05-10 03:00:00,3,,1.2
2023-05-10 04:00:00,4,,1.5
2023-05-10 05:00:00,5,,1.1
2023-05-10 06:00:00,6,,1.8
2023-05-10 07:00:00,7,,1.9
2023-05-10 08:00:00,8,,1.4
2023-05-10 09:00:00,9,1.5,1.7
2023-05-10 10:00:00,10,57.3,2.2
2023-05-10 11:00:00,11,473.0,1.7
2023-05-10 12:00:00,12,1136.9,2.9
2023-05-10 13:00:00,13,1237.7,4.0
2023-05-10 14:00:00,14,1578.1,3.6
2023-05-10 15:00:00,15,1699.1,4.1
2023-05-10 16:00:00,16,1845.3,4.4
2023-05-10 17:00:00,17,1678.9,3.4
2023-05-10 18:00:00,18,1350.2,4.4
2023-05-10 19:00:00,19,983.7,4.0
2023-05-10 20:00:00,20,503.0,2.9
2023-05-10 21:00:00,21,32.5,1.9
2023-05-10 22:00:00,22,,1.8
2023-05-10 23:00:00,23,,1.7
2023-05-11 00:00:00,0,,1.4
2023-05-11 01:00:00,1,,1.6
2023-05-11 02:00:00,2,,1.7
2023-05-11 03:00:00,3,,1.4
2023-05-11 04:00:00,4,,1.7
2023-05-11 05:00:00,5,,1.8
2023-05-11 06:00:00,6,,1.3
2023-05-11 07:00:00,7,,0.8
2023-05-11 08:00:00,8,,0.5
2023-05-11 09:00:00,9,6.2,1.2
2023-05-11 10:00:00,10,290.8,1.8
2023-05-11 11:00:00,11,949.0,1.5
2023-05-11 12:00:00,12,1122.4,1.4
2023-05-11 13:00:00,13,1563.9,2.7
2023-05-11 14:00:00,14,961.7,2.6
2023-05-11 15:00:00,15,1351.7,1.8
2023-05-11 16:00:00,16,2000.2,1.6
2023-05-11 17:00:00,17,2252.1,3.8
2023-05-11 18:00:00,18,1782.7,3.6
2023-05-11 19:00:00,19,1169.4,3.0
2023-05-11 20:00:00,20,456.7,2.3
2023-05-11 21:00:00,21,19.0,2.1
2023-05-11 22:00:00,22,,1.4
2023-05-11 23:00:00,23,,1.3
2023-05-12 00:00:00,0,,1.5
2023-05-12 01:00:00,1,,1.6
2023-05-12 02:00:00,2,,1.9
2023-05-12 03:00:00,3,,2.2
2023-05-12 04:00:00,4,,1.2
2023-05-12 05:00:00,5,,1.1
2023-05-12 06:00:00,6,,1.5
2023-05-12 07:00:00,7,,1.3
2023-05-12 08:00:00,8,,1.5
2023-05-12 09:00:00,9,1.2,0.9
2023-05-12 10:00:00,10,81.9,1.1
2023-05-12 11:00:00,11,274.1,1.1
2023-05-12 12:00:00,12,760.5,2.5
2023-05-12 13:00:00,13,1203.6,3.2
2023-05-12 14:00:00,14,1246.1,2.9
2023-05-12 15:00:00,15,1994.6,3.2
2023-05-12 16:00:00,16,1970.5,3.4
2023-05-12 17:00:00,17,1523.3,3.2
2023-05-12 18:00:00,18,802.3,2.6
2023-05-12 19:00:00,19,453.7,3.0
2023-05-12 20:00:00,20,136.3,2.2
2023-05-12 21:00:00,21,11.1,2.0
2023-05-12 22:00:00,22,,0.7
2023-05-12 23:00:00,23,,1.3
2023-05-13 00:00:00,0,,1.6
2023-05-13 01:00:00,1,,1.3
2023-05-13 02:00:00,2,,0.8
2023-05-13 03:00:00,3,,1.4
2023-05-13 04:00:00,4,,2.3
2023-05-13 05:00:00,5,,1.2
2023-05-13 06:00:00,6,,1.5
2023-05-13 07:00:00,7,,2.4
2023-05-13 08:00:00,8,,1.2
2023-05-13 09:00:00,9,2.7,0.7
2023-05-13 10:00:00,10,170.2,0.8
2023-05-13 11:00:00,11,333.7,0.6
2023-05-13 12:00:00,12,1463.1,1.7
2023-05-13 13:00:00,13,1035.7,0.9
2023-05-13 14:00:00,14,1013.8,1.2
2023-05-13 15:00:00,15,984.1,1.5
2023-05-13 16:00:00,16,991.3,2.5
2023-05-13 17:00:00,17,1111.2,3.2
2023-05-13 18:00:00,18,1089.8,3.0
2023-05-13 19:00:00,19,1143.9,2.4
2023-05-13 20:00:00,20,171.2,2.0
2023-05-13 21:00:00,21,18.6,1.8
2023-05-13 22:00:00,22,,1.6
2023-05-13 23:00:00,23,,1.6
2023-05-14 00:00:00,0,,1.7
2023-05-14 01:00:00,1,,1.8
2023-05-14 02:00:00,2,,1.1
2023-05-14 03:00:00,3,,1.0
2023-05-14 04:00:00,4,,1.7
2023-05-14 05:00:00,5,0.1,1.2
2023-05-14 06:00:00,6,0.4,1.0
2023-05-14 07:00:00,7,,0.9
2023-05-14 08:00:00,8,,1.1
2023-05-14 09:00:00,9,0.7,1.0
2023-05-14 10:00:00,10,83.4,1.6
2023-05-14 11:00:00,11,320.3,1.5
2023-05-14 12:00:00,12,550.2,2.0
2023-05-14 13:00:00,13,674.8,1.5
2023-05-14 14:00:00,14,982.2,2.0
2023-05-14 15:00:00,15,1401.0,3.5
2023-05-14 16:00:00,16,1809.0,3.4
2023-05-14 17:00:00,17,1470.2,3.5
2023-05-14 18:00:00,18,1737.7,3.6
2023-05-14 19:00:00,19,1075.7,3.5
2023-05-14 20:00:00,20,427.1,2.5
2023-05-14 21:00:00,21,19.3,1.6
2023-05-14 22:00:00,22,,2.8
2023-05-14 23:00:00,23,,2.1
2023-05-15 00:00:00,0,,3.7
2023-05-15 01:00:00,1,,2.5
2023-05-15 02:00:00,2,,1.6
2023-05-15 03:00:00,3,,1.7
2023-05-15 04:00:00,4,,1.7
2023-05-15 05:00:00,5,,1.2
2023-05-15 06:00:00,6,,1.9
2023-05-15 07:00:00,7,,2.3
2023-05-15 08:00:00,8,,1.4
2023-05-15 09:00:00,9,2.7,2.2
2023-05-15 10:00:00,10,139.2,2.1
2023-05-15 11:00:00,11,315.4,2.1
2023-05-15 12:00:00,12,622.7,2.1
2023-05-15 13:00:00,13,1213.9,2.0
2023-05-15 14:00:00,14,898.5,2.6
2023-05-15 15:00:00,15,996.6,3.1
2023-05-15 16:00:00,16,992.6,2.6
2023-05-15 17:00:00,17,1148.3,1.8
2023-05-15 18:00:00,18,1013.5,2.5
2023-05-15 19:00:00,19,320.8,1.5
2023-05-15 20:00:00,20,94.3,1.3
2023-05-15 21:00:00,21,6.6,1.5
2023-05-15 22:00:00,22,,1.2
2023-05-15 23:00:00,23,,1.9
2023-05-16 00:00:00,0,,1.9
2023-05-16 01:00:00,1,,1.8
2023-05-16 02:00:00,2,,1.2
2023-05-16 03:00:00,3,,1.7
2023-05-16 04:00:00,4,,1.2
2023-05-16 05:00:00,5,,1.4
2023-05-16 06:00:00,6,,1.5
2023-05-16 07:00:00,7,,1.2
2023-05-16 08:00:00,8,,1.0
2023-05-16 09:00:00,9,3.1,0.8
2023-05-16 10:00:00,10,155.5,1.6
2023-05-16 11:00:00,11,361.3,1.7
2023-05-16 12:00:00,12,924.3,1.8
2023-05-16 13:00:00,13,1122.4,2.7
2023-05-16 14:00:00,14,977.2,3.3
2023-05-16 15:00:00,15,1443.9,3.4
2023-05-16 16:00:00,16,2325.2,4.0
2023-05-16 17:00:00,17,2216.6,3.9
2023-05-16 18:00:00,18,1621.9,4.0
2023-05-16 19:00:00,19,741.5,3.0
2023-05-16 20:00:00,20,440.0,3.3
2023-05-16 21:00:00,21,16.0,2.0
2023-05-16 22:00:00,22,,1.9
2023-05-16 23:00:00,23,,1.7
2023-05-17 00:00:00,0,,1.6
2023-05-17 01:00:00,1,,1.1
2023-05-17 02:00:00,2,,1.2
2023-05-17 03:00:00,3,,1.5
2023-05-17 04:00:00,4,,1.3
2023-05-17 05:00:00,5,,1.3
2023-05-17 06:00:00,6,,1.4
2023-05-17 07:00:00,7,,1.4
2023-05-17 08:00:00,8,,1.2
2023-05-17 09:00:00,9,3.2,1.1
2023-05-17 10:00:00,10,225.9,1.2
2023-05-17 11:00:00,11,650.8,1.7
2023-05-17 12:00:00,12,1025.0,2.4
2023-05-17 13:00:00,13,1292.7,2.7
2023-05-17 14:00:00,14,1024.2,2.9
2023-05-17 15:00:00,15,1326.1,3.6
2023-05-17 16:00:00,16,1506.3,3.4
2023-05-17 17:00:00,17,1479.4,3.3
2023-05-17 18:00:00,18,1109.2,3.2
2023-05-17 19:00:00,19,667.7,2.6
2023-05-17 20:00:00,20,237.9,2.6
2023-05-17 21:00:00,21,20.4,1.7
2023-05-17 22:00:00,22,,1.7
2023-05-17 23:00:00,23,,1.4
2023-05-18 00:00:00,0,,1.3
2023-05-18 01:00:00,1,,3.2
2023-05-18 02:00:00,2,,0.9
2023-05-18 03:00:00,3,,1.0
2023-05-18 04:00:00,4,,1.4
2023-05-18 05:00:00,5,,1.6
2023-05-18 06:00:00,6,,1.6
2023-05-18 07:00:00,7,,1.3
2023-05-18 08:00:00,8,,1.1
2023-05-18 09:00:00,9,3.9,1.4
2023-05-18 10:00:00,10,138.8,1.8
2023-05-18 11:00:00,11,374.9,2.1
2023-05-18 12:00:00,12,586.4,2.2
2023-05-18 13:00:00,13,583.1,2.4
2023-05-18 14:00:00,14,801.1,4.2
2023-05-18 15:00:00,15,1102.0,2.9
2023-05-18 16:00:00,16,536.6,2.8
2023-05-18 17:00:00,17,391.9,2.0
2023-05-18 18:00:00,18,325.3,2.2
2023-05-18 19:00:00,19,245.0,2.0
2023-05-18 20:00:00,20,135.6,1.4
2023-05-18 21:00:00,21,2.8,1.3
2023-05-18 22:00:00,22,,1.0
2023-05-18 23:00:00,23,,3.0
2023-05-19 00:00:00,0,,3.3
2023-05-19 01:00:00,1,,3.6
2023-05-19 02:00:00,2,,2.5
2023-05-19 03:00:00,3,,2.0
2023-05-19 04:00:00,4,,2.1
2023-05-19 05:00:00,5,,1.9
2023-05-19 06:00:00,6,,2.4
2023-05-19 07:00:00,7,,2.1
2023-05-19 08:00:00,8,,3.0
2023-05-19 09:00:00,9,0.0,2.0
2023-05-19 10:00:00,10,56.7,2.8
2023-05-19 11:00:00,11,324.7,3.1
2023-05-19 12:00:00,12,698.3,3.5
2023-05-19 13:00:00,13,638.0,2.9
2023-05-19 14:00:00,14,909.9,4.1
2023-05-19 15:00:00,15,831.2,3.5
2023-05-19 16:00:00,16,992.6,3.2
2023-05-19 17:00:00,17,1396.2,4.3
2023-05-19 18:00:00,18,950.8,3.6
2023-05-19 19:00:00,19,632.2,3.1
2023-05-19 20:00:00,20,,
2023-05-19 21:00:00,21,14.7,1.6
2023-05-19 22:00:00,22,,2.9
2023-05-19 23:00:00,23,,2.9
2023-05-20 00:00:00,0,,3.4
2023-05-20 01:00:00,1,,3.3
2023-05-20 02:00:00,2,,3.0
2023-05-20 03:00:00,3,,2.2
2023-05-20 04:00:00,4,,2.6
2023-05-20 05:00:00,5,,1.6
2023-05-20 06:00:00,6,,1.6
2023-05-20 07:00:00,7,,1.5
2023-05-20 08:00:00,8,,2.1
2023-05-20 09:00:00,9,,1.3
2023-05-20 10:00:00,10,44.5,1.9
2023-05-20 11:00:00,11,234.0,3.3
2023-05-20 12:00:00,12,598.3,4.2
2023-05-20 13:00:00,13,785.5,4.8
2023-05-20 14:00:00,14,780.2,4.0
2023-05-20 15:00:00,15,573.1,4.5
2023-05-20 16:00:00,16,848.4,3.3
2023-05-20 17:00:00,17,1026.4,2.9
2023-05-20 18:00:00,18,798.8,3.2
2023-05-20 19:00:00,19,498.3,2.8
2023-05-20 20:00:00,20,140.7,2.7
2023-05-20 21:00:00,21,5.5,2.8
2023-05-20 22:00:00,22,,2.7
2023-05-20 23:00:00,23,,1.6
2023-05-21 00:00:00,0,,2.7
2023-05-21 01:00:00,1,,3.1
2023-05-21 02:00:00,2,,2.1
2023-05-21 03:00:00,3,,1.4
2023-05-21 04:00:00,4,,1.5
2023-05-21 05:00:00,5,,1.9
2023-05-21 06:00:00,6,,1.9
2023-05-21 07:00:00,7,,1.8
2023-05-21 08:00:00,8,,2.2
2023-05-21 09:00:00,9,1.9,1.7
2023-05-21 10:00:00,10,119.9,2.1
2023-05-21 11:00:00,11,471.5,3.7
2023-05-21 12:00:00,12,953.8,4.3
2023-05-21 13:00:00,13,1218.4,4.0
2023-05-21 14:00:00,14,1051.1,4.6
2023-05-21 15:00:00,15,1086.5,3.6
2023-05-21 16:00:00,16,783.4,4.0
2023-05-21 17:00:00,17,845.5,3.4
2023-05-21 18:00:00,18,472.5,3.3
2023-05-21 19:00:00,19,418.7,2.5
2023-05-21 20:00:00,20,345.5,2.4
2023-05-21 21:00:00,21,,
2023-05-21 22:00:00,22,,
2023-05-21 23:00:00,23,,
2023-05-22 00:00:00,0,,
2023-05-22 01:00:00,1,,
2023-05-22 02:00:00,2,,
2023-05-22 03:00:00,3,,
2023-05-22 04:00:00,4,,
2023-05-22 05:00:00,5,,
2023-05-22 06:00:00,6,,
2023-05-22 07:00:00,7,,
2023-05-22 08:00:00,8,,
2023-05-22 09:00:00,9,2.7,2.1
2023-05-22 10:00:00,10,124.2,2.3
2023-05-22 11:00:00,11,637.2,3.9
2023-05-22 12:00:00,12,1027.3,5.3
2023-05-22 13:00:00,13,1009.1,4.0
2023-05-22 14:00:00,14,914.0,4.2
2023-05-22 15:00:00,15,1438.6,4.6
2023-05-22 16:00:00,16,1264.9,4.1
2023-05-22 17:00:00,17,1214.7,4.7
2023-05-22 18:00:00,18,1038.2,4.9
2023-05-22 19:00:00,19,474.3,5.0
2023-05-22 20:00:00,20,121.0,3.9
2023-05-22 21:00:00,21,6.6,4.3
2023-05-22 22:00:00,22,,3.4
2023-05-22 23:00:00,23,,4.3
2023-05-23 00:00:00,0,,4.6
2023-05-23 01:00:00,1,,4.1
2023-05-23 02:00:00,2,,5.3
2023-05-23 03:00:00,3,,3.3
2023-05-23 04:00:00,4,,3.8
2023-05-23 05:00:00,5,,2.4
2023-05-23 06:00:00,6,,3.0
2023-05-23 07:00:00,7,,2.6
2023-05-23 08:00:00,8,,3.2
2023-05-23 09:00:00,9,1.1,3.3
2023-05-23 10:00:00,10,33.9,4.3
2023-05-23 11:00:00,11,146.5,4.0
2023-05-23 12:00:00,12,443.1,4.5
2023-05-23 13:00:00,13,543.2,4.9
2023-05-23 14:00:00,14,653.3,4.9
2023-05-23 15:00:00,15,801.5,4.7
2023-05-23 16:00:00,16,886.9,4.4
2023-05-23 17:00:00,17,771.0,4.6
2023-05-23 18:00:00,18,469.8,4.3
2023-05-23 19:00:00,19,190.9,4.4
2023-05-23 20:00:00,20,112.0,4.2
2023-05-23 21:00:00,21,5.8,4.1
2023-05-23 22:00:00,22,0.3,4.6
2023-05-23 23:00:00,23,,3.4
2023-05-24 00:00:00,0,,
2023-05-24 01:00:00,1,,1.8
2023-05-24 02:00:00,2,,2.4
2023-05-24 03:00:00,3,,2.7
2023-05-24 04:00:00,4,,2.6
2023-05-24 05:00:00,5,,2.5
2023-05-24 06:00:00,6,,1.8
2023-05-24 07:00:00,7,,2.9
2023-05-24 08:00:00,8,0.1,2.8
2023-05-24 09:00:00,9,0.8,2.8
2023-05-24 10:00:00,10,42.6,3.3
2023-05-24 11:00:00,11,183.1,3.7
2023-05-24 12:00:00,12,366.9,3.6
2023-05-24 13:00:00,13,821.1,3.9
2023-05-24 14:00:00,14,1301.5,3.7
2023-05-24 15:00:00,15,1074.8,4.4
2023-05-24 16:00:00,16,866.4,4.5
2023-05-24 17:00:00,17,809.5,3.8
2023-05-24 18:00:00,18,755.4,2.7
2023-05-24 19:00:00,19,397.6,4.0
2023-05-24 20:00:00,20,132.8,2.4
2023-05-24 21:00:00,21,7.4,1.3
2023-05-24 22:00:00,22,,3.6
2023-05-24 23:00:00,23,,3.8
2023-05-25 00:00:00,0,0.2,3.4
2023-05-25 01:00:00,1,,2.3
2023-05-25 02:00:00,2,,2.8
2023-05-25 03:00:00,3,,2.3
2023-05-25 04:00:00,4,,2.3
2023-05-25 05:00:00,5,,1.9
2023-05-25 06:00:00,6,,2.9
2023-05-25 07:00:00,7,0.0,3.6
2023-05-25 08:00:00,8,0.3,3.2
2023-05-25 09:00:00,9,1.7,4.6
2023-05-25 10:00:00,10,52.2,3.9
2023-05-25 11:00:00,11,190.9,3.7
2023-05-25 12:00:00,12,402.5,3.7
2023-05-25 13:00:00,13,1078.9,4.5
2023-05-25 14:00:00,14,1365.9,3.4
2023-05-25 15:00:00,15,1034.2,3.7
2023-05-25 16:00:00,16,1095.6,3.1
2023-05-25 17:00:00,17,846.4,4.0
2023-05-25 18:00:00,18,781.7,4.1
2023-05-25 19:00:00,19,373.8,3.4
2023-05-25 20:00:00,20,108.3,1.9
2023-05-25 21:00:00,21,13.1,2.4
2023-05-25 22:00:00,22,,2.2
2023-05-25 23:00:00,23,,1.6
2023-05-26 00:00:00,0,,3.0
2023-05-26 01:00:00,1,,2.9
2023-05-26 02:00:00,2,0.0,2.6
2023-05-26 03:00:00,3,,2.8
2023-05-26 04:00:00,4,,3.9
2023-05-26 05:00:00,5,,4.5
2023-05-26 06:00:00,6,,3.4
2023-05-26 07:00:00,7,,3.2
2023-05-26 08:00:00,8,,3.6
2023-05-26 09:00:00,9,0.4,3.4
2023-05-26 10:00:00,10,48.5,4.4
2023-05-26 11:00:00,11,237.3,4.0
2023-05-26 12:00:00,12,434.9,4.9
2023-05-26 13:00:00,13,647.0,4.1
2023-05-26 14:00:00,14,1508.6,4.9
2023-05-26 15:00:00,15,,
2023-05-26 16:00:00,16,1161.0,4.9
2023-05-26 17:00:00,17,1302.1,4.5
2023-05-26 18:00:00,18,804.0,3.3
2023-05-26 19:00:00,19,414.8,2.5
2023-05-26 20:00:00,20,132.7,2.2
2023-05-26 21:00:00,21,16.3,2.1
2023-05-26 22:00:00,22,,3.9
2023-05-26 23:00:00,23,,1.4
2023-05-27 00:00:00,0,,
2023-05-27 01:00:00,1,,3.3
2023-05-27 02:00:00,2,,2.8
2023-05-27 03:00:00,3,,3.0
2023-05-27 04:00:00,4,,3.0
2023-05-27 05:00:00,5,,3.4
2023-05-27 06:00:00,6,0.2,4.2
2023-05-27 07:00:00,7,,3.9
2023-05-27 08:00:00,8,,4.5
2023-05-27 09:00:00,9,0.8,5.0
2023-05-27 10:00:00,10,54.7,4.0
2023-05-27 11:00:00,11,222.3,3.5
2023-05-27 12:00:00,12,377.0,3.5
2023-05-27 13:00:00,13,572.8,4.6
2023-05-27 14:00:00,14,752.0,4.4
2023-05-27 15:00:00,15,820.7,3.8
2023-05-27 16:00:00,16,596.4,3.7
2023-05-27 17:00:00,17,592.5,2.5
2023-05-27 18:00:00,18,433.2,3.5
2023-05-27 19:00:00,19,444.7,2.9
2023-05-27 20:00:00,20,131.7,2.0
2023-05-27 21:00:00,21,14.2,2.4
2023-05-27 22:00:00,22,,2.0
2023-05-27 23:00:00,23,,2.9
2023-05-28 00:00:00,0,,1.7
2023-05-28 01:00:00,1,,2.3
2023-05-28 02:00:00,2,,2.5
2023-05-28 03:00:00,3,,3.0
2023-05-28 04:00:00,4,,2.4
2023-05-28 05:00:00,5,,3.2
2023-05-28 06:00:00,6,,3.4
2023-05-28 07:00:00,7,,2.4
2023-05-28 08:00:00,8,,2.6
2023-05-28 09:00:00,9,0.5,3.0
2023-05-28 10:00:00,10,80.0,3.2
2023-05-28 11:00:00,11,282.3,3.6
2023-05-28 12:00:00,12,541.2,2.3
2023-05-28 13:00:00,13,717.6,2.5
2023-05-28 14:00:00,14,1376.4,3.5
2023-05-28 15:00:00,15,1167.9,3.7
2023-05-28 16:00:00,16,833.0,3.3
2023-05-28 17:00:00,17,776.0,2.4
2023-05-28 18:00:00,18,633.3,3.8
2023-05-28 19:00:00,19,783.7,3.0
2023-05-28 20:00:00,20,349.1,3.2
2023-05-28 21:00:00,21,38.3,2.0
2023-05-28 22:00:00,22,,2.0
2023-05-28 23:00:00,23,,1.7
2023-05-29 00:00:00,0,,1.1
2023-05-29 01:00:00,1,,1.2
2023-05-29 02:00:00,2,,1.1
2023-05-29 03:00:00,3,,1.3
2023-05-29 04:00:00,4,,1.0
2023-05-29 05:00:00,5,,1.4
2023-05-29 06:00:00,6,,1.2
2023-05-29 07:00:00,7,,1.1
2023-05-29 08:00:00,8,,1.7
2023-05-29 09:00:00,9,1.4,1.2
2023-05-29 10:00:00,10,90.8,1.6
2023-05-29 11:00:00,11,315.8,1.9
2023-05-29 12:00:00,12,725.6,3.0
2023-05-29 13:00:00,13,1474.3,3.2
2023-05-29 14:00:00,14,1169.9,3.2
2023-05-29 15:00:00,15,1313.5,3.0
2023-05-29 16:00:00,16,1041.8,3.4
2023-05-29 17:00:00,17,1113.3,3.8
2023-05-29 18:00:00,18,1461.5,3.2
2023-05-29 19:00:00,19,928.8,2.8
2023-05-29 20:00:00,20,470.1,2.6
2023-05-29 21:00:00,21,23.6,1.4
2023-05-29 22:00:00,22,,1.3
2023-05-29 23:00:00,23,,1.5
2023-05-30 00:00:00,0,,1.6
2023-05-30 01:00:00,1,,1.7
2023-05-30 02:00:00,2,,1.1
2023-05-30 03:00:00,3,,1.2
2023-05-30 04:00:00,4,,1.0
2023-05-30 05:00:00,5,,1.4
2023-05-30 06:00:00,6,,2.4
2023-05-30 07:00:00,7,,2.1
2023-05-30 08:00:00,8,,1.8
2023-05-30 09:00:00,9,0.7,2.2
2023-05-30 10:00:00,10,134.9,2.5
2023-05-30 11:00:00,11,519.5,3.4
2023-05-30 12:00:00,12,1226.9,4.9
2023-05-30 13:00:00,13,1794.4,4.6
2023-05-30 14:00:00,14,2160.1,5.1
2023-05-30 15:00:00,15,1660.4,4.7
2023-05-30 16:00:00,16,1528.1,4.9
2023-05-30 17:00:00,17,1201.2,4.1
2023-05-30 18:00:00,18,1410.9,3.8
2023-05-30 19:00:00,19,977.3,3.8
2023-05-30 20:00:00,20,495.4,2.8
2023-05-30 21:00:00,21,23.9,1.6
2023-05-30 22:00:00,22,,1.2
2023-05-30 23:00:00,23,,1.2
2023-05-31 00:00:00,0,,1.8
2023-05-31 01:00:00,1,,1.7
2023-05-31 02:00:00,2,,1.9
2023-05-31 03:00:00,3,,2.4
2023-05-31 04:00:00,4,,
2023-05-31 05:00:00,5,,2.2
2023-05-31 06:00:00,6,,2.3
2023-05-31 07:00:00,7,,2.2
2023-05-31 08:00:00,8,,2.0
2023-05-31 09:00:00,9,0.4,2.0
2023-05-31 10:00:00,10,42.3,2.4
2023-05-31 11:00:00,11,127.0,2.5
2023-05-31 12:00:00,12,799.0,3.7
2023-05-31 13:00:00,13,1035.5,3.7
2023-05-31 14:00:00,14,1166.5,3.7
2023-05-31 15:00:00,15,1197.8,2.6
2023-05-31 16:00:00,16,1126.2,3.5
2023-05-31 17:00:00,17,1534.9,4.0
2023-05-31 18:00:00,18,1368.1,3.0
2023-05-31 19:00:00,19,669.1,2.8
2023-05-31 20:00:00,20,466.1,1.8
2023-05-31 21:00:00,21,20.1,1.3
2023-05-31 22:00:00,22,,1.5
2023-05-31 23:00:00,23,,1.1
2023-06-01 00:00:00,0,,
2023-06-01 01:00:00,1,,1.6
2023-06-01 02:00:00,2,,1.4
2023-06-01 03:00:00,3,,1.8
2023-06-01 04:00:00,4,,1.3
2023-06-01 05:00:00,5,,1.9
2023-06-01 06:00:00,6,,2.4
2023-06-01 07:00:00,7,,3.9
2023-06-01 08:00:00,8,,3.1
2023-06-01 09:00:00,9,0.9,1.9
2023-06-01 10:00:00,10,110.2,1.9
2023-06-01 11:00:00,11,408.3,2.9
2023-06-01 12:00:00,12,995.3,3.5
2023-06-01 13:00:00,13,1209.5,3.6
2023-06-01 14:00:00,14,1622.8,3.6
2023-06-01 15:00:00,15,2264.2,4.4
2023-06-01 16:00:00,16,1336.6,3.5
2023-06-01 17:00:00,17,1435.7,3.0
2023-06-01 18:00:00,18,1493.6,3.6
2023-06-01 19:00:00,19,1154.5,3.0
2023-06-01 20:00:00,20,480.8,1.9
2023-06-01 21:00:00,21,25.6,1.2
2023-06-01 22:00:00,22,,1.2
2023-06-01 23:00:00,23,,1.4
2023-06-02 00:00:00,0,,1.5
2023-06-02 01:00:00,1,,0.9
2023-06-02 02:00:00,2,,1.4
2023-06-02 03:00:00,3,,1.4
2023-06-02 04:00:00,4,,1.4
2023-06-02 05:00:00,5,,1.6
2023-06-02 06:00:00,6,,2.7
2023-06-02 07:00:00,7,,2.0
2023-06-02 08:00:00,8,,2.3
2023-06-02 09:00:00,9,0.4,1.7
2023-06-02 10:00:00,10,102.2,1.8
2023-06-02 11:00:00,11,377.8,2.2
2023-06-02 12:00:00,12,494.9,2.6
2023-06-02 13:00:00,13,999.6,3.1
2023-06-02 14:00:00,14,1530.3,4.1
2023-06-02 15:00:00,15,1197.5,3.8
2023-06-02 16:00:00,16,770.2,4.3
2023-06-02 17:00:00,17,1100.1,4.4
2023-06-02 18:00:00,18,1442.9,3.5
2023-06-02 19:00:00,19,808.7,2.7
2023-06-02 20:00:00,20,455.8,2.5
2023-06-02 21:00:00,21,24.0,1.5
2023-06-02 22:00:00,22,,2.8
2023-06-02 23:00:00,23,,1.7
2023-06-03 00:00:00,0,,2.9
2023-06-03 01:00:00,1,,3.5
2023-06-03 02:00:00,2,,3.2
2023-06-03 03:00:00,3,,2.9
2023-06-03 04:00:00,4,,2.9
2023-06-03 05:00:00,5,,2.8
2023-06-03 06:00:00,6,,2.8
2023-06-03 07:00:00,7,,3.0
2023-06-03 08:00:00,8,,2.9
2023-06-03 09:00:00,9,,3.2
2023-06-03 10:00:00,10,49.9,3.9
2023-06-03 11:00:00,11,170.8,4.9
2023-06-03 12:00:00,12,318.1,4.7
2023-06-03 13:00:00,13,397.5,4.4
2023-06-03 14:00:00,14,633.3,5.5
2023-06-03 15:00:00,15,554.3,4.1
2023-06-03 16:00:00,16,580.6,3.7
2023-06-03 17:00:00,17,911.6,4.7
2023-06-03 18:00:00,18,710.1,4.0
2023-06-03 19:00:00,19,513.2,2.1
2023-06-03 20:00:00,20,178.2,2.6
2023-06-03 21:00:00,21,1.4,2.3
2023-06-03 22:00:00,22,,4.2
2023-06-03 23:00:00,23,,3.9
2023-06-04 00:00:00,0,,
2023-06-04 01:00:00,1,,2.2
2023-06-04 02:00:00,2,,2.9
2023-06-04 03:00:00,3,,3.9
2023-06-04 04:00:00,4,,2.5
2023-06-04 05:00:00,5,,2.4
2023-06-04 06:00:00,6,,2.5
2023-06-04 07:00:00,7,,2.7
2023-06-04 08:00:00,8,,2.9
2023-06-04 09:00:00,9,0.1,3.7
2023-06-04 10:00:00,10,81.4,4.3
2023-06-04 11:00:00,11,213.7,4.1
2023-06-04 12:00:00,12,547.0,3.7
2023-06-04 13:00:00,13,790.7,4.1
2023-06-04 14:00:00,14,1068.1,4.9
2023-06-04 15:00:00,15,1207.7,4.9
2023-06-04 16:00:00,16,1379.6,5.0
2023-06-04 17:00:00,17,674.0,4.1
2023-06-04 18:00:00,18,536.9,4.0
2023-06-04 19:00:00,19,442.1,3.0
2023-06-04 20:00:00,20,129.9,2.4
2023-06-04 21:00:00,21,4.0,1.9
2023-06-04 22:00:00,22,,1.7
2023-06-04 23:00:00,23,,2.7
2023-06-05 00:00:00,0,,3.6
2023-06-05 01:00:00,1,,3.0
2023-06-05 02:00:00,2,,2.9
2023-06-05 03:00:00,3,,3.2
2023-06-05 04:00:00,4,,2.5
2023-06-05 05:00:00,5,,3.9
2023-06-05 06:00:00,6,,4.4
2023-06-05 07:00:00,7,,3.6
2023-06-05 08:00:00,8,,2.7
2023-06-05 09:00:00,9,1.2,2.7
2023-06-05 10:00:00,10,51.1,3.1
2023-06-05 11:00:00,11,146.8,3.6
2023-06-05 12:00:00,12,421.3,4.1
2023-06-05 13:00:00,13,712.1,3.3
2023-06-05 14:00:00,14,1036.3,4.4
2023-06-05 15:00:00,15,981.5,4.5
2023-06-05 16:00:00,16,828.6,4.3
2023-06-05 17:00:00,17,912.9,3.9
2023-06-05 18:00:00,18,933.4,4.0
2023-06-05 19:00:00,19,352.9,2.8
2023-06-05 20:00:00,20,127.3,3.5
2023-06-05 21:00:00,21,9.1,2.6
2023-06-05 22:00:00,22,,2.4
2023-06-05 23:00:00,23,,2.8
2023-06-06 00:00:00,0,,2.7
2023-06-06 01:00:00,1,,2.4
2023-06-06 02:00:00,2,,2.7
2023-06-06 03:00:00,3,,2.7
2023-06-06 04:00:00,4,,2.6
2023-06-06 05:00:00,5,,3.0
2023-06-06 06:00:00,6,,3.3
2023-06-06 07:00:00,7,,3.3
2023-06-06 08:00:00,8,,2.3
2023-06-06 09:00:00,9,0.8,2.1
2023-06-06 10:00:00,10,91.9,2.7
2023-06-06 11:00:00,11,295.2,2.7
2023-06-06 12:00:00,12,639.7,3.6
2023-06-06 13:00:00,13,850.4,2.8
2023-06-06 14:00:00,14,1021.0,3.6
2023-06-06 15:00:00,15,1010.3,2.9
2023-06-06 16:00:00,16,864.3,3.2
2023-06-06 17:00:00,17,1262.6,3.3
2023-06-06 18:00:00,18,1703.7,3.2
2023-06-06 19:00:00,19,1043.3,3.7
2023-06-06 20:00:00,20,484.2,2.7
2023-06-06 21:00:00,21,25.3,1.8
2023-06-06 22:00:00,22,,3.1
2023-06-06 23:00:00,23,,4.9
2023-06-07 00:00:00,0,,4.0
2023-06-07 01:00:00,1,,3.1
2023-06-07 02:00:00,2,,4.2
2023-06-07 03:00:00,3,,3.9
2023-06-07 04:00:00,4,,3.8
2023-06-07 05:00:00,5,,3.7
2023-06-07 06:00:00,6,,3.6
2023-06-07 07:00:00,7,,4.2
2023-06-07 08:00:00,8,,3.2
2023-06-07 09:00:00,9,0.4,3.8
2023-06-07 10:00:00,10,38.4,3.9
2023-06-07 11:00:00,11,229.3,3.8
2023-06-07 12:00:00,12,389.6,4.7
2023-06-07 13:00:00,13,763.2,4.2
2023-06-07 14:00:00,14,1042.9,3.4
2023-06-07 15:00:00,15,1050.5,3.8
2023-06-07 16:00:00,16,975.8,3.8
2023-06-07 17:00:00,17,1026.3,3.7
2023-06-07 18:00:00,18,1087.0,2.9
2023-06-07 19:00:00,19,442.9,2.5
2023-06-07 20:00:00,20,116.9,1.7
2023-06-07 21:00:00,21,22.1,0.9
2023-06-07 22:00:00,22,,4.0
2023-06-07 23:00:00,23,,3.5
2023-06-08 00:00:00,0,,3.1
2023-06-08 01:00:00,1,,3.3
2023-06-08 02:00:00,2,,4.1
2023-06-08 03:00:00,3,,3.4
2023-06-08 04:00:00,4,,3.2
2023-06-08 05:00:00,5,,5.0
2023-06-08 06:00:00,6,0.0,4.0
2023-06-08 07:00:00,7,,3.3
2023-06-08 08:00:00,8,,4.4
2023-06-08 09:00:00,9,0.8,4.4
2023-06-08 10:00:00,10,77.2,4.1
2023-06-08 11:00:00,11,273.3,3.7
2023-06-08 12:00:00,12,405.5,4.1
2023-06-08 13:00:00,13,530.5,4.2
2023-06-08 14:00:00,14,846.4,3.8
2023-06-08 15:00:00,15,941.3,3.3
2023-06-08 16:00:00,16,1185.9,2.8
2023-06-08 17:00:00,17,925.6,2.9
2023-06-08 18:00:00,18,890.3,3.2
2023-06-08 19:00:00,19,382.2,2.9
2023-06-08 20:00:00,20,183.3,2.1
2023-06-08 21:00:00,21,14.2,2.8
2023-06-08 22:00:00,22,,2.4
2023-06-08 23:00:00,23,,2.5
2023-06-09 00:00:00,0,,3.5
2023-06-09 01:00:00,1,,3.1
2023-06-09 02:00:00,2,,2.9
2023-06-09 03:00:00,3,,3.8
2023-06-09 04:00:00,4,,
2023-06-09 05:00:00,5,,3.1
2023-06-09 06:00:00,6,,3.7
2023-06-09 07:00:00,7,,3.1
2023-06-09 08:00:00,8,,3.2
2023-06-09 09:00:00,9,0.9,3.0
2023-06-09 10:00:00,10,70.2,2.9
2023-06-09 11:00:00,11,411.9,3.4
2023-06-09 12:00:00,12,516.9,3.4
2023-06-09 13:00:00,13,905.4,3.1
2023-06-09 14:00:00,14,999.8,3.8
2023-06-09 15:00:00,15,1696.9,4.0
2023-06-09 16:00:00,16,927.2,3.3
2023-06-09 17:00:00,17,1243.8,3.9
2023-06-09 18:00:00,18,1539.9,3.6
2023-06-09 19:00:00,19,1054.9,3.7
2023-06-09 20:00:00,20,470.8,1.8
2023-06-09 21:00:00,21,25.7,1.5
2023-06-09 22:00:00,22,,1.2
2023-06-09 23:00:00,23,,1.4
2023-06-10 00:00:00,0,,1.3
2023-06-10 01:00:00,1,,1.5
2023-06-10 02:00:00,2,,1.9
2023-06-10 03:00:00,3,,1.7
2023-06-10 04:00:00,4,,1.6
2023-06-10 05:00:00,5,,
2023-06-10 06:00:00,6,,2.0
2023-06-10 07:00:00,7,,
2023-06-10 08:00:00,8,,
2023-06-10 09:00:00,9,,
2023-06-10 10:00:00,10,,
2023-06-10 11:00:00,11,,
2023-06-10 12:00:00,12,,
2023-06-10 13:00:00,13,,
2023-06-10 14:00:00,14,,
2023-06-10 15:00:00,15,,
2023-06-10 16:00:00,16,,
2023-06-10 17:00:00,17,,
2023-06-10 18:00:00,18,,
2023-06-10 19:00:00,19,,
2023-06-10 20:00:00,20,,
2023-06-10 21:00:00,21,,
2023-06-10 22:00:00,22,,
2023-06-10 23:00:00,23,,
2023-06-11 00:00:00,0,,
2023-06-11 01:00:00,1,,
2023-06-11 02:00:00,2,,
2023-06-11 03:00:00,3,,
2023-06-11 04:00:00,4,,
2023-06-11 05:00:00,5,,
2023-06-11 06:00:00,6,,
2023-06-11 07:00:00,7,,
2023-06-11 08:00:00,8,,
2023-06-11 09:00:00,9,,
2023-06-11 10:00:00,10,,
2023-06-11 11:00:00,11,,
2023-06-11 12:00:00,12,,
2023-06-11 13:00:00,13,952.9,3.1
2023-06-11 14:00:00,14,1192.3,3.8
2023-06-11 15:00:00,15,901.1,4.3
2023-06-11 16:00:00,16,1021.5,3.6
2023-06-11 17:00:00,17,876.6,2.9
2023-06-11 18:00:00,18,1258.1,3.4
2023-06-11 19:00:00,19,778.2,2.6
2023-06-11 20:00:00,20,117.5,1.0
2023-06-11 21:00:00,21,12.4,1.3
2023-06-11 22:00:00,22,,1.3
2023-06-11 23:00:00,23,,1.3
2023-06-12 00:00:00,0,,0.7
2023-06-12 01:00:00,1,,1.4
2023-06-12 02:00:00,2,,1.8
2023-06-12 03:00:00,3,,1.5
2023-06-12 04:00:00,4,,1.5
2023-06-12 05:00:00,5,,1.7
2023-06-12 06:00:00,6,,2.2
2023-06-12 07:00:00,7,,2.6
2023-06-12 08:00:00,8,,2.6
2023-06-12 09:00:00,9,0.3,2.3
2023-06-12 10:00:00,10,85.2,1.9
2023-06-12 11:00:00,11,344.3,2.3
2023-06-12 12:00:00,12,553.3,2.5
2023-06-12 13:00:00,13,960.2,3.6
2023-06-12 14:00:00,14,1100.6,3.7
2023-06-12 15:00:00,15,1271.6,3.6
2023-06-12 16:00:00,16,911.7,3.6
2023-06-12 17:00:00,17,835.4,6.6
2023-06-12 18:00:00,18,743.1,2.5
2023-06-12 19:00:00,19,542.3,3.6
2023-06-12 20:00:00,20,78.8,2.3
2023-06-12 21:00:00,21,13.1,0.4
2023-06-12 22:00:00,22,,1.2
2023-06-12 23:00:00,23,,1.6
2023-06-13 00:00:00,0,,1.8
2023-06-13 01:00:00,1,,1.1
2023-06-13 02:00:00,2,,1.2
2023-06-13 03:00:00,3,,1.3
2023-06-13 04:00:00,4,,1.3
2023-06-13 05:00:00,5,,1.5
2023-06-13 06:00:00,6,,1.9
2023-06-13 07:00:00,7,,1.5
2023-06-13 08:00:00,8,,1.9
2023-06-13 09:00:00,9,1.0,3.0
2023-06-13 10:00:00,10,52.2,2.4
2023-06-13 11:00:00,11,363.1,2.1
2023-06-13 12:00:00,12,571.0,2.7
2023-06-13 13:00:00,13,658.8,3.5
2023-06-13 14:00:00,14,1136.9,3.2
2023-06-13 15:00:00,15,973.5,6.2
2023-06-13 16:00:00,16,1217.3,4.0
2023-06-13 17:00:00,17,936.2,2.5
2023-06-13 18:00:00,18,748.5,2.0
2023-06-13 19:00:00,19,849.9,1.6
2023-06-13 20:00:00,20,442.3,3.3
2023-06-13 21:00:00,21,15.4,2.1
2023-06-13 22:00:00,22,,1.2
2023-06-13 23:00:00,23,,1.5
2023-06-14 00:00:00,0,,1.6
2023-06-14 01:00:00,1,,2.7
2023-06-14 02:00:00,2,,2.3
2023-06-14 03:00:00,3,,1.8
2023-06-14 04:00:00,4,,2.4
2023-06-14 05:00:00,5,,2.3
2023-06-14 06:00:00,6,,2.1
2023-06-14 07:00:00,7,,2.4
2023-06-14 08:00:00,8,,2.8
2023-06-14 09:00:00,9,1.2,3.0
2023-06-14 10:00:00,10,120.6,3.0
2023-06-14 11:00:00,11,334.2,3.0
2023-06-14 12:00:00,12,718.9,3.3
2023-06-14 13:00:00,13,1476.2,3.9
2023-06-14 14:00:00,14,2080.0,4.0
2023-06-14 15:00:00,15,1414.1,3.5
2023-06-14 16:00:00,16,981.7,3.4
2023-06-14 17:00:00,17,1025.6,3.6
2023-06-14 18:00:00,18,1457.3,4.0
2023-06-14 19:00:00,19,1024.9,3.7
2023-06-14 20:00:00,20,469.0,2.8
2023-06-14 21:00:00,21,20.3,0.7
2023-06-14 22:00:00,22,,1.0
2023-06-14 23:00:00,23,,1.2
2023-06-15 00:00:00,0,,2.5
2023-06-15 01:00:00,1,,3.2
2023-06-15 02:00:00,2,,3.4
2023-06-15 03:00:00,3,,2.5
2023-06-15 04:00:00,4,,1.5
2023-06-15 05:00:00,5,,1.2
2023-06-15 06:00:00,6,,1.3
2023-06-15 07:00:00,7,,0.9
2023-06-15 08:00:00,8,,2.8
2023-06-15 09:00:00,9,0.5,1.9
2023-06-15 10:00:00,10,140.2,1.8
2023-06-15 11:00:00,11,448.8,2.8
2023-06-15 12:00:00,12,1070.8,3.3
2023-06-15 13:00:00,13,1665.1,3.0
2023-06-15 14:00:00,14,1961.8,2.9
2023-06-15 15:00:00,15,1170.6,4.0
2023-06-15 16:00:00,16,1057.5,4.0
2023-06-15 17:00:00,17,1030.6,3.7
2023-06-15 18:00:00,18,1036.7,3.3
2023-06-15 19:00:00,19,796.2,2.1
2023-06-15 20:00:00,20,303.0,2.3
2023-06-15 21:00:00,21,20.6,1.3
2023-06-15 22:00:00,22,,1.0
2023-06-15 23:00:00,23,,3.9
2023-06-16 00:00:00,0,,0.8
2023-06-16 01:00:00,1,,0.8
2023-06-16 02:00:00,2,,2.6
2023-06-16 03:00:00,3,,3.9
2023-06-16 04:00:00,4,,2.4
2023-06-16 05:00:00,5,,2.4
2023-06-16 06:00:00,6,,2.9
2023-06-16 07:00:00,7,,2.4
2023-06-16 08:00:00,8,,1.9
2023-06-16 09:00:00,9,0.5,2.8
2023-06-16 10:00:00,10,101.4,3.1
2023-06-16 11:00:00,11,360.6,3.5
2023-06-16 12:00:00,12,1283.9,3.5
2023-06-16 13:00:00,13,1724.1,4.5
2023-06-16 14:00:00,14,1662.8,4.5
2023-06-16 15:00:00,15,1920.4,3.6
2023-06-16 16:00:00,16,1541.6,4.6
2023-06-16 17:00:00,17,1329.5,4.4
2023-06-16 18:00:00,18,1605.0,4.2
2023-06-16 19:00:00,19,1094.9,4.0
2023-06-16 20:00:00,20,435.9,2.8
2023-06-16 21:00:00,21,27.3,1.1
2023-06-16 22:00:00,22,,1.5
2023-06-16 23:00:00,23,,1.8
2023-06-17 00:00:00,0,,1.2
2023-06-17 01:00:00,1,,1.6
2023-06-17 02:00:00,2,,1.6
2023-06-17 03:00:00,3,,1.9
2023-06-17 04:00:00,4,,1.5
2023-06-17 05:00:00,5,,1.7
2023-06-17 06:00:00,6,,2.8
2023-06-17 07:00:00,7,,2.7
2023-06-17 08:00:00,8,,2.1
2023-06-17 09:00:00,9,,3.1
2023-06-17 10:00:00,10,137.5,2.5
2023-06-17 11:00:00,11,372.8,2.9
2023-06-17 12:00:00,12,521.0,3.3
2023-06-17 13:00:00,13,1406.0,4.1
2023-06-17 14:00:00,14,1278.2,2.6
2023-06-17 15:00:00,15,1208.3,2.6
2023-06-17 16:00:00,16,1060.2,4.0
2023-06-17 17:00:00,17,950.8,3.8
2023-06-17 18:00:00,18,734.6,3.0
2023-06-17 19:00:00,19,430.3,1.5
2023-06-17 20:00:00,20,258.1,0.4
2023-06-17 21:00:00,21,,
2023-06-17 22:00:00,22,,0.6
2023-06-17 23:00:00,23,,0.2
2023-06-18 00:00:00,0,,1.0
2023-06-18 01:00:00,1,,1.4
2023-06-18 02:00:00,2,,1.6
2023-06-18 03:00:00,3,,1.5
2023-06-18 04:00:00,4,,1.6
2023-06-18 05:00:00,5,,1.7
2023-06-18 06:00:00,6,,1.9
2023-06-18 07:00:00,7,,1.4
2023-06-18 08:00:00,8,,
2023-06-18 09:00:00,9,,
2023-06-18 10:00:00,10,,
2023-06-18 11:00:00,11,,
2023-06-18 12:00:00,12,,
2023-06-18 13:00:00,13,,
2023-06-18 14:00:00,14,1746.6,3.7
2023-06-18 15:00:00,15,1150.0,3.2
2023-06-18 16:00:00,16,1093.5,4.0
2023-06-18 17:00:00,17,1061.7,3.6
2023-06-18 18:00:00,18,1156.4,3.9
2023-06-18 19:00:00,19,975.1,3.3
2023-06-18 20:00:00,20,460.2,2.4
2023-06-18 21:00:00,21,28.7,1.5
2023-06-18 22:00:00,22,,1.1
2023-06-18 23:00:00,23,,1.5
2023-06-19 00:00:00,0,,1.9
2023-06-19 01:00:00,1,,1.5
2023-06-19 02:00:00,2,,2.2
2023-06-19 03:00:00,3,,2.2
2023-06-19 04:00:00,4,,2.7
2023-06-19 05:00:00,5,,3.8
2023-06-19 06:00:00,6,,3.0
2023-06-19 07:00:00,7,,2.4
2023-06-19 08:00:00,8,,2.8
2023-06-19 09:00:00,9,,2.7
2023-06-19 10:00:00,10,75.0,3.3
2023-06-19 11:00:00,11,408.7,4.0
2023-06-19 12:00:00,12,536.6,2.8
2023-06-19 13:00:00,13,870.7,4.0
2023-06-19 14:00:00,14,943.1,3.8
2023-06-19 15:00:00,15,1103.0,3.6
2023-06-19 16:00:00,16,986.3,3.7
2023-06-19 17:00:00,17,1135.2,4.0
2023-06-19 18:00:00,18,1282.4,3.0
2023-06-19 19:00:00,19,1061.9,3.1
2023-06-19 20:00:00,20,328.3,2.8
2023-06-19 21:00:00,21,35.1,3.7
2023-06-19 22:00:00,22,,4.9
2023-06-19 23:00:00,23,,5.4
2023-06-20 00:00:00,0,,3.8
2023-06-20 01:00:00,1,,5.3
2023-06-20 02:00:00,2,,
2023-06-20 03:00:00,3,,
2023-06-20 04:00:00,4,,
2023-06-20 05:00:00,5,,4.7
2023-06-20 06:00:00,6,0.0,3.9
2023-06-20 07:00:00,7,,4.1
2023-06-20 08:00:00,8,,4.7
2023-06-20 09:00:00,9,0.1,3.7
2023-06-20 10:00:00,10,30.8,4.1
2023-06-20 11:00:00,11,113.0,5.6
2023-06-20 12:00:00,12,246.2,5.1
2023-06-20 13:00:00,13,358.9,5.0
2023-06-20 14:00:00,14,472.5,5.0
2023-06-20 15:00:00,15,750.5,4.4
2023-06-20 16:00:00,16,575.9,4.8
2023-06-20 17:00:00,17,649.8,4.3
2023-06-20 18:00:00,18,586.3,3.8
2023-06-20 19:00:00,19,303.2,3.3
2023-06-20 20:00:00,20,128.7,1.5
2023-06-20 21:00:00,21,14.5,4.0
2023-06-20 22:00:00,22,,2.0
2023-06-20 23:00:00,23,,3.6
2023-06-21 00:00:00,0,,3.9
2023-06-21 01:00:00,1,,4.0
2023-06-21 02:00:00,2,,3.3
2023-06-21 03:00:00,3,,3.9
2023-06-21 04:00:00,4,,3.3
2023-06-21 05:00:00,5,,3.6
2023-06-21 06:00:00,6,,
2023-06-21 07:00:00,7,,
2023-06-21 08:00:00,8,,
2023-06-21 09:00:00,9,,
2023-06-21 10:00:00,10,,
2023-06-21 11:00:00,11,,
2023-06-21 12:00:00,12,,
2023-06-21 13:00:00,13,,
2023-06-21 14:00:00,14,,
2023-06-21 15:00:00,15,,
2023-06-21 16:00:00,16,,
2023-06-21 17:00:00,17,,
2023-06-21 18:00:00,18,,
2023-06-21 19:00:00,19,,
2023-06-21 20:00:00,20,,
2023-06-21 21:00:00,21,,
2023-06-21 22:00:00,22,,
2023-06-21 23:00:00,23,,
2023-06-22 00:00:00,0,,
2023-06-22 01:00:00,1,,3.5
2023-06-22 02:00:00,2,,2.5
2023-06-22 03:00:00,3,,2.7
2023-06-22 04:00:00,4,0.0,3.2
2023-06-22 05:00:00,5,,3.6
2023-06-22 06:00:00,6,,3.8
2023-06-22 07:00:00,7,,4.3
2023-06-22 08:00:00,8,,4.0
2023-06-22 09:00:00,9,0.7,3.6
2023-06-22 10:00:00,10,49.3,3.3
2023-06-22 11:00:00,11,237.8,4.2
2023-06-22 12:00:00,12,,
2023-06-22 13:00:00,13,715.4,3.9
2023-06-22 14:00:00,14,1197.8,3.9
2023-06-22 15:00:00,15,1092.4,5.2
2023-06-22 16:00:00,16,1001.0,4.0
2023-06-22 17:00:00,17,936.0,4.3
2023-06-22 18:00:00,18,769.2,4.0
2023-06-22 19:00:00,19,443.1,3.3
2023-06-22 20:00:00,20,316.1,2.9
2023-06-22 21:00:00,21,23.9,1.5
2023-06-22 22:00:00,22,,1.2
2023-06-22 23:00:00,23,,1.9
2023-06-23 00:00:00,0,,2.7
2023-06-23 01:00:00,1,,1.8
2023-06-23 02:00:00,2,,1.4
2023-06-23 03:00:00,3,,1.2
2023-06-23 04:00:00,4,,1.9
2023-06-23 05:00:00,5,,2.2
2023-06-23 06:00:00,6,,3.3
2023-06-23 07:00:00,7,,3.6
2023-06-23 08:00:00,8,0.0,3.6
2023-06-23 09:00:00,9,0.8,3.0
2023-06-23 10:00:00,10,64.8,3.1
2023-06-23 11:00:00,11,348.7,4.6
2023-06-23 12:00:00,12,724.5,4.2
2023-06-23 13:00:00,13,1228.1,4.2
2023-06-23 14:00:00,14,1741.0,4.5
2023-06-23 15:00:00,15,1480.4,4.4
2023-06-23 16:00:00,16,1446.8,4.5
2023-06-23 17:00:00,17,785.2,5.0
2023-06-23 18:00:00,18,873.6,3.3
2023-06-23 19:00:00,19,458.1,2.5
2023-06-23 20:00:00,20,159.0,3.1
2023-06-23 21:00:00,21,9.7,1.6
2023-06-23 22:00:00,22,,1.6
2023-06-23 23:00:00,23,,1.7
2023-06-24 00:00:00,0,,1.5
2023-06-24 01:00:00,1,,1.8
2023-06-24 02:00:00,2,,1.7
2023-06-24 03:00:00,3,,1.8
2023-06-24 04:00:00,4,,2.7
2023-06-24 05:00:00,5,,2.2
2023-06-24 06:00:00,6,,1.6
2023-06-24 07:00:00,7,,1.9
2023-06-24 08:00:00,8,,1.5
2023-06-24 09:00:00,9,1.8,2.2
2023-06-24 10:00:00,10,71.5,2.2
2023-06-24 11:00:00,11,290.9,2.9
2023-06-24 12:00:00,12,618.7,3.3
2023-06-24 13:00:00,13,1004.1,3.5
2023-06-24 14:00:00,14,859.2,4.2
2023-06-24 15:00:00,15,1172.8,4.4
2023-06-24 16:00:00,16,723.8,4.8
2023-06-24 17:00:00,17,982.4,2.4
2023-06-24 18:00:00,18,620.2,2.4
2023-06-24 19:00:00,19,599.7,1.9
2023-06-24 20:00:00,20,367.9,1.1
2023-06-24 21:00:00,21,35.4,1.1
2023-06-24 22:00:00,22,,0.7
2023-06-24 23:00:00,23,,1.6
2023-06-25 00:00:00,0,,1.6
2023-06-25 01:00:00,1,,2.4
2023-06-25 02:00:00,2,,2.2
2023-06-25 03:00:00,3,,2.5
2023-06-25 04:00:00,4,,2.6
2023-06-25 05:00:00,5,,2.7
2023-06-25 06:00:00,6,,2.7
2023-06-25 07:00:00,7,,2.0
2023-06-25 08:00:00,8,,1.8
2023-06-25 09:00:00,9,0.7,2.9
2023-06-25 10:00:00,10,89.5,2.8
2023-06-25 11:00:00,11,227.0,2.6
2023-06-25 12:00:00,12,855.2,4.1
2023-06-25 13:00:00,13,1225.7,3.7
2023-06-25 14:00:00,14,1626.2,4.1
2023-06-25 15:00:00,15,1647.1,4.6
2023-06-25 16:00:00,16,1077.9,4.6
2023-06-25 17:00:00,17,1009.1,4.8
2023-06-25 18:00:00,18,1105.2,3.6
2023-06-25 19:00:00,19,906.5,4.1
2023-06-25 20:00:00,20,470.2,2.1
2023-06-25 21:00:00,21,34.3,1.9
2023-06-25 22:00:00,22,,2.1
2023-06-25 23:00:00,23,,2.7
2023-06-26 00:00:00,0,,2.1
2023-06-26 01:00:00,1,,1.7
2023-06-26 02:00:00,2,,1.9
2023-06-26 03:00:00,3,,1.5
2023-06-26 04:00:00,4,,2.4
2023-06-26 05:00:00,5,,1.7
2023-06-26 06:00:00,6,,1.7
2023-06-26 07:00:00,7,,1.9
2023-06-26 08:00:00,8,,2.4
2023-06-26 09:00:00,9,0.7,2.8
2023-06-26 10:00:00,10,40.5,2.5
2023-06-26 11:00:00,11,389.3,3.3
2023-06-26 12:00:00,12,559.4,1.9
2023-06-26 13:00:00,13,554.4,2.8
2023-06-26 14:00:00,14,1391.1,3.3
2023-06-26 15:00:00,15,1087.6,2.9
2023-06-26 16:00:00,16,1007.3,3.3
2023-06-26 17:00:00,17,831.2,3.7
2023-06-26 18:00:00,18,1301.8,4.1
2023-06-26 19:00:00,19,959.4,3.4
2023-06-26 20:00:00,20,322.8,2.5
2023-06-26 21:00:00,21,33.6,2.3
2023-06-26 22:00:00,22,,1.5
2023-06-26 23:00:00,23,,1.2
2023-06-27 00:00:00,0,,1.9
2023-06-27 01:00:00,1,,4.1
2023-06-27 02:00:00,2,,2.3
2023-06-27 03:00:00,3,,2.3
2023-06-27 04:00:00,4,,2.3
2023-06-27 05:00:00,5,,3.1
2023-06-27 06:00:00,6,,2.9
2023-06-27 07:00:00,7,,2.7
2023-06-27 08:00:00,8,,1.6
2023-06-27 09:00:00,9,0.5,2.1
2023-06-27 10:00:00,10,70.8,3.0
2023-06-27 11:00:00,11,269.6,3.2
2023-06-27 12:00:00,12,484.1,3.3
2023-06-27 13:00:00,13,1479.8,3.9
2023-06-27 14:00:00,14,,
2023-06-27 15:00:00,15,1224.1,3.9
2023-06-27 16:00:00,16,909.4,3.3
2023-06-27 17:00:00,17,782.8,3.5
2023-06-27 18:00:00,18,890.8,3.6
2023-06-27 19:00:00,19,468.5,3.1
2023-06-27 20:00:00,20,183.4,2.8
2023-06-27 21:00:00,21,17.1,2.4
2023-06-27 22:00:00,22,,1.9
2023-06-27 23:00:00,23,,1.6
2023-06-28 00:00:00,0,,1.0
2023-06-28 01:00:00,1,,1.7
2023-06-28 02:00:00,2,,2.1
2023-06-28 03:00:00,3,,
2023-06-28 04:00:00,4,,2.8
2023-06-28 05:00:00,5,,1.7
2023-06-28 06:00:00,6,,1.7
2023-06-28 07:00:00,7,,2.8
2023-06-28 08:00:00,8,,2.4
2023-06-28 09:00:00,9,0.1,2.2
2023-06-28 10:00:00,10,190.0,3.9
2023-06-28 11:00:00,11,466.8,4.2
2023-06-28 12:00:00,12,918.7,3.8
2023-06-28 13:00:00,13,1423.5,4.6
2023-06-28 14:00:00,14,1742.2,4.7
2023-06-28 15:00:00,15,1322.2,4.2
2023-06-28 16:00:00,16,825.1,3.9
2023-06-28 17:00:00,17,1002.6,3.6
2023-06-28 18:00:00,18,1207.3,3.8
2023-06-28 19:00:00,19,818.8,2.9
2023-06-28 20:00:00,20,419.5,3.7
2023-06-28 21:00:00,21,31.3,1.0
2023-06-28 22:00:00,22,,1.0
2023-06-28 23:00:00,23,,1.8
2023-06-29 00:00:00,0,,1.6
2023-06-29 01:00:00,1,,1.7
2023-06-29 02:00:00,2,,1.7
2023-06-29 03:00:00,3,,2.2
2023-06-29 04:00:00,4,,1.9
2023-06-29 05:00:00,5,,2.2
2023-06-29 06:00:00,6,,2.1
2023-06-29 07:00:00,7,,2.6
2023-06-29 08:00:00,8,,2.5
2023-06-29 09:00:00,9,,2.3
2023-06-29 10:00:00,10,79.7,2.1
2023-06-29 11:00:00,11,280.2,2.7
2023-06-29 12:00:00,12,529.1,2.7
2023-06-29 13:00:00,13,1178.8,2.6
2023-06-29 14:00:00,14,1592.5,2.8
2023-06-29 15:00:00,15,1220.3,3.9
2023-06-29 16:00:00,16,1169.5,3.1
2023-06-29 17:00:00,17,1080.7,3.3
2023-06-29 18:00:00,18,1390.7,3.0
2023-06-29 19:00:00,19,1044.7,3.4
2023-06-29 20:00:00,20,512.7,2.1
2023-06-29 21:00:00,21,34.9,1.3
2023-06-29 22:00:00,22,,2.0
2023-06-29 23:00:00,23,,3.1
2023-06-30 00:00:00,0,,3.7
2023-06-30 01:00:00,1,,3.9
2023-06-30 02:00:00,2,,4.0
2023-06-30 03:00:00,3,,3.9
2023-06-30 04:00:00,4,,3.2
2023-06-30 05:00:00,5,,3.1
2023-06-30 06:00:00,6,,3.1
2023-06-30 07:00:00,7,,2.8
2023-06-30 08:00:00,8,,2.7
2023-06-30 09:00:00,9,,2.6
2023-06-30 10:00:00,10,54.1,3.4
2023-06-30 11:00:00,11,465.1,4.2
2023-06-30 12:00:00,12,968.2,4.6
2023-06-30 13:00:00,13,1521.4,4.7
2023-06-30 14:00:00,14,2193.4,5.3
2023-06-30 15:00:00,15,1430.8,5.0
2023-06-30 16:00:00,16,1297.6,5.0
2023-06-30 17:00:00,17,1087.6,5.2
2023-06-30 18:00:00,18,1353.6,4.7
2023-06-30 19:00:00,19,945.3,5.3
2023-06-30 20:00:00,20,346.0,2.4
2023-06-30 21:00:00,21,43.5,1.0
2023-06-30 22:00:00,22,,1.6
2023-06-30 23:00:00,23,,3.5
2023-07-01 00:00:00,0,,1.9
2023-07-01 01:00:00,1,,1.9
2023-07-01 02:00:00,2,,3.6
2023-07-01 03:00:00,3,,2.9
2023-07-01 04:00:00,4,,3.1
2023-07-01 05:00:00,5,,3.0
2023-07-01 06:00:00,6,,3.0
2023-07-01 07:00:00,7,,2.8
2023-07-01 08:00:00,8,,2.6
2023-07-01 09:00:00,9,,2.4
2023-07-01 10:00:00,10,55.9,3.3
2023-07-01 11:00:00,11,239.3,3.5
2023-07-01 12:00:00,12,468.1,3.7
2023-07-01 13:00:00,13,1011.7,4.7
2023-07-01 14:00:00,14,1167.9,3.6
2023-07-01 15:00:00,15,869.8,4.4
2023-07-01 16:00:00,16,1147.7,4.2
2023-07-01 17:00:00,17,1400.3,3.7
2023-07-01 18:00:00,18,1416.2,4.0
2023-07-01 19:00:00,19,513.5,3.1
2023-07-01 20:00:00,20,430.8,2.5
2023-07-01 21:00:00,21,38.7,1.1
2023-07-01 22:00:00,22,,1.4
2023-07-01 23:00:00,23,,1.7
2023-07-02 00:00:00,0,,1.3
2023-07-02 01:00:00,1,,1.5
2023-07-02 02:00:00,2,,1.6
2023-07-02 03:00:00,3,,1.3
2023-07-02 04:00:00,4,,1.4
2023-07-02 05:00:00,5,,2.5
2023-07-02 06:00:00,6,,2.2
2023-07-02 07:00:00,7,,1.8
2023-07-02 08:00:00,8,,1.5
2023-07-02 09:00:00,9,0.0,2.3
2023-07-02 10:00:00,10,39.2,2.3
2023-07-02 11:00:00,11,165.9,2.9
2023-07-02 12:00:00,12,802.4,3.2
2023-07-02 13:00:00,13,923.0,3.4
2023-07-02 14:00:00,14,1055.4,3.2
2023-07-02 15:00:00,15,1086.2,2.3
2023-07-02 16:00:00,16,948.7,2.9
2023-07-02 17:00:00,17,1103.9,1.1
2023-07-02 18:00:00,18,1090.6,2.3
2023-07-02 19:00:00,19,1058.0,2.2
2023-07-02 20:00:00,20,525.4,1.5
2023-07-02 21:00:00,21,38.3,1.2
2023-07-02 22:00:00,22,,0.6
2023-07-02 23:00:00,23,,0.7
2023-07-03 00:00:00,0,,0.9
2023-07-03 01:00:00,1,,1.3
2023-07-03 02:00:00,2,,1.1
2023-07-03 03:00:00,3,,0.6
2023-07-03 04:00:00,4,,1.4
2023-07-03 05:00:00,5,,2.0
2023-07-03 06:00:00,6,,1.6
2023-07-03 07:00:00,7,,1.9
2023-07-03 08:00:00,8,,2.6
2023-07-03 09:00:00,9,,2.1
2023-07-03 10:00:00,10,47.8,2.8
2023-07-03 11:00:00,11,176.3,3.4
2023-07-03 12:00:00,12,370.9,2.6
2023-07-03 13:00:00,13,787.1,2.7
2023-07-03 14:00:00,14,1202.6,3.6
2023-07-03 15:00:00,15,920.0,3.7
2023-07-03 16:00:00,16,736.4,3.1
2023-07-03 17:00:00,17,1207.8,3.6
2023-07-03 18:00:00,18,1530.1,2.4
2023-07-03 19:00:00,19,1129.6,3.3
2023-07-03 20:00:00,20,540.7,2.1
2023-07-03 21:00:00,21,41.7,0.6
2023-07-03 22:00:00,22,,2.5
2023-07-03 23:00:00,23,,2.2
2023-07-04 00:00:00,0,,1.8
2023-07-04 01:00:00,1,,1.7
2023-07-04 02:00:00,2,,1.7
2023-07-04 03:00:00,3,,2.3
2023-07-04 04:00:00,4,,2.7
2023-07-04 05:00:00,5,,2.7
2023-07-04 06:00:00,6,,2.6
2023-07-04 07:00:00,7,,1.8
2023-07-04 08:00:00,8,,1.7
2023-07-04 09:00:00,9,,1.7
2023-07-04 10:00:00,10,79.2,2.0
2023-07-04 11:00:00,11,254.5,2.9
2023-07-04 12:00:00,12,352.2,4.0
2023-07-04 13:00:00,13,547.4,4.7
2023-07-04 14:00:00,14,843.0,4.2
2023-07-04 15:00:00,15,968.9,5.0
2023-07-04 16:00:00,16,868.6,5.5
2023-07-04 17:00:00,17,1133.4,4.8
2023-07-04 18:00:00,18,1351.4,3.9
2023-07-04 19:00:00,19,925.9,5.5
2023-07-04 20:00:00,20,325.1,3.4
2023-07-04 21:00:00,21,38.1,3.1
2023-07-04 22:00:00,22,,3.1
2023-07-04 23:00:00,23,,4.3
2023-07-05 00:00:00,0,,4.3
2023-07-05 01:00:00,1,,2.1
2023-07-05 02:00:00,2,,1.8
2023-07-05 03:00:00,3,,1.8
2023-07-05 04:00:00,4,,1.7
2023-07-05 05:00:00,5,,1.7
2023-07-05 06:00:00,6,,1.7
2023-07-05 07:00:00,7,,2.2
2023-07-05 08:00:00,8,,2.4
2023-07-05 09:00:00,9,0.7,2.9
2023-07-05 10:00:00,10,116.1,2.4
2023-07-05 11:00:00,11,285.0,2.8
2023-07-05 12:00:00,12,512.8,3.4
2023-07-05 13:00:00,13,1031.8,3.9
2023-07-05 14:00:00,14,1157.8,3.7
2023-07-05 15:00:00,15,998.0,2.9
2023-07-05 16:00:00,16,1053.0,3.7
2023-07-05 17:00:00,17,859.2,3.3
2023-07-05 18:00:00,18,1428.6,4.5
2023-07-05 19:00:00,19,876.2,4.5
2023-07-05 20:00:00,20,549.1,2.9
2023-07-05 21:00:00,21,34.2,4.7
2023-07-05 22:00:00,22,,5.7
2023-07-05 23:00:00,23,,3.3
2023-07-06 00:00:00,0,,3.7
2023-07-06 01:00:00,1,,4.1
2023-07-06 02:00:00,2,,2.3
2023-07-06 03:00:00,3,,2.1
2023-07-06 04:00:00,4,,1.8
2023-07-06 05:00:00,5,,1.7
2023-07-06 06:00:00,6,,2.1
2023-07-06 07:00:00,7,,2.3
2023-07-06 08:00:00,8,,2.2
2023-07-06 09:00:00,9,,1.4
2023-07-06 10:00:00,10,68.8,1.9
2023-07-06 11:00:00,11,402.1,3.2
2023-07-06 12:00:00,12,,
2023-07-06 13:00:00,13,,
2023-07-06 14:00:00,14,,
2023-07-06 15:00:00,15,,
2023-07-06 16:00:00,16,976.3,3.2
2023-07-06 17:00:00,17,836.4,3.3
2023-07-06 18:00:00,18,700.3,2.6
2023-07-06 19:00:00,19,306.5,2.0
2023-07-06 20:00:00,20,280.3,1.4
2023-07-06 21:00:00,21,29.0,1.5
2023-07-06 22:00:00,22,,0.7
2023-07-06 23:00:00,23,,0.9
2023-07-07 00:00:00,0,,2.2
2023-07-07 01:00:00,1,,3.0
2023-07-07 02:00:00,2,,1.8
2023-07-07 03:00:00,3,,2.1
2023-07-07 04:00:00,4,,3.2
2023-07-07 05:00:00,5,,2.3
2023-07-07 06:00:00,6,,2.0
2023-07-07 07:00:00,7,,2.2
2023-07-07 08:00:00,8,,2.2
2023-07-07 09:00:00,9,,1.8
2023-07-07 10:00:00,10,74.1,2.2
2023-07-07 11:00:00,11,212.3,2.7
2023-07-07 12:00:00,12,370.8,3.4
2023-07-07 13:00:00,13,483.9,3.3
2023-07-07 14:00:00,14,612.8,3.0
2023-07-07 15:00:00,15,844.7,3.2
2023-07-07 16:00:00,16,1052.3,3.4
2023-07-07 17:00:00,17,1158.2,2.9
2023-07-07 18:00:00,18,1159.4,2.7
2023-07-07 19:00:00,19,621.9,2.8
2023-07-07 20:00:00,20,212.2,2.8
2023-07-07 21:00:00,21,14.3,1.6
2023-07-07 22:00:00,22,,1.2
2023-07-07 23:00:00,23,,2.4
2023-07-08 00:00:00,0,,1.8
2023-07-08 01:00:00,1,,3.2
2023-07-08 02:00:00,2,,3.1
2023-07-08 03:00:00,3,,3.1
2023-07-08 04:00:00,4,,3.3
2023-07-08 05:00:00,5,,3.4
2023-07-08 06:00:00,6,,3.1
2023-07-08 07:00:00,7,,2.9
2023-07-08 08:00:00,8,,3.5
2023-07-08 09:00:00,9,,3.4
2023-07-08 10:00:00,10,,
2023-07-08 11:00:00,11,,
2023-07-08 12:00:00,12,,
2023-07-08 13:00:00,13,,
2023-07-08 14:00:00,14,,
2023-07-08 15:00:00,15,,
2023-07-08 16:00:00,16,,
2023-07-08 17:00:00,17,,
2023-07-08 18:00:00,18,,
2023-07-08 19:00:00,19,,
2023-07-08 20:00:00,20,,
2023-07-08 21:00:00,21,,
2023-07-08 22:00:00,22,,
2023-07-08 23:00:00,23,,2.2
2023-07-09 00:00:00,0,,0.7
2023-07-09 01:00:00,1,,0.8
2023-07-09 02:00:00,2,,1.4
2023-07-09 03:00:00,3,,1.4
2023-07-09 04:00:00,4,,1.5
2023-07-09 05:00:00,5,,1.5
2023-07-09 06:00:00,6,,1.1
2023-07-09 07:00:00,7,,1.2
2023-07-09 08:00:00,8,,1.4
2023-07-09 09:00:00,9,,1.9
2023-07-09 10:00:00,10,120.8,1.9
2023-07-09 11:00:00,11,346.6,2.2
2023-07-09 12:00:00,12,616.1,2.0
2023-07-09 13:00:00,13,1194.6,2.2
2023-07-09 14:00:00,14,1176.3,2.1
2023-07-09 15:00:00,15,565.2,1.8
2023-07-09 16:00:00,16,633.0,2.6
2023-07-09 17:00:00,17,1055.0,2.1
2023-07-09 18:00:00,18,1565.0,2.7
2023-07-09 19:00:00,19,1208.2,2.4
2023-07-09 20:00:00,20,548.9,1.9
2023-07-09 21:00:00,21,46.2,1.0
2023-07-09 22:00:00,22,,3.0
2023-07-09 23:00:00,23,,1.1
2023-07-10 00:00:00,0,,1.2
2023-07-10 01:00:00,1,,1.2
2023-07-10 02:00:00,2,,1.2
2023-07-10 03:00:00,3,,1.1
2023-07-10 04:00:00,4,,1.2
2023-07-10 05:00:00,5,,1.3
2023-07-10 06:00:00,6,,1.2
2023-07-10 07:00:00,7,,1.3
2023-07-10 08:00:00,8,,1.3
2023-07-10 09:00:00,9,,1.5
2023-07-10 10:00:00,10,55.5,2.0
2023-07-10 11:00:00,11,260.6,2.3
2023-07-10 12:00:00,12,533.3,2.3
2023-07-10 13:00:00,13,1402.8,2.9
2023-07-10 14:00:00,14,1476.6,3.3
2023-07-10 15:00:00,15,1086.4,3.8
2023-07-10 16:00:00,16,657.2,3.1
2023-07-10 17:00:00,17,800.3,3.8
2023-07-10 18:00:00,18,884.4,3.0
2023-07-10 19:00:00,19,805.7,2.4
2023-07-10 20:00:00,20,527.0,2.4
2023-07-10 21:00:00,21,41.9,3.1
2023-07-10 22:00:00,22,,1.5
2023-07-10 23:00:00,23,,1.2
2023-07-11 00:00:00,0,,1.0
2023-07-11 01:00:00,1,,1.2
2023-07-11 02:00:00,2,,0.9
2023-07-11 03:00:00,3,,1.2
2023-07-11 04:00:00,4,,1.0
2023-07-11 05:00:00,5,,1.3
2023-07-11 06:00:00,6,,1.0
2023-07-11 07:00:00,7,,1.2
2023-07-11 08:00:00,8,,0.9
2023-07-11 09:00:00,9,,1.1
2023-07-11 10:00:00,10,179.4,1.6
2023-07-11 11:00:00,11,486.2,2.6
2023-07-11 12:00:00,12,829.0,2.9
2023-07-11 13:00:00,13,1618.3,3.6
2023-07-11 14:00:00,14,1675.0,4.9
2023-07-11 15:00:00,15,,
2023-07-11 16:00:00,16,,
2023-07-11 17:00:00,17,,
2023-07-11 18:00:00,18,1518.3,2.9
2023-07-11 19:00:00,19,1098.0,3.2
2023-07-11 20:00:00,20,,
2023-07-11 21:00:00,21,,
2023-07-11 22:00:00,22,,
2023-07-11 23:00:00,23,,2.1
2023-07-12 00:00:00,0,,1.0
2023-07-12 01:00:00,1,,1.3
2023-07-12 02:00:00,2,,2.1
2023-07-12 03:00:00,3,,1.7
2023-07-12 04:00:00,4,,2.2
2023-07-12 05:00:00,5,,3.4
2023-07-12 06:00:00,6,,2.8
2023-07-12 07:00:00,7,,2.0
2023-07-12 08:00:00,8,,1.5
2023-07-12 09:00:00,9,0.2,1.6
2023-07-12 10:00:00,10,81.9,1.8
2023-07-12 11:00:00,11,347.9,2.8
2023-07-12 12:00:00,12,803.4,3.7
2023-07-12 13:00:00,13,1301.3,3.8
2023-07-12 14:00:00,14,1730.5,3.3
2023-07-12 15:00:00,15,,
2023-07-12 16:00:00,16,,
2023-07-12 17:00:00,17,,
2023-07-12 18:00:00,18,,
2023-07-12 19:00:00,19,,
2023-07-12 20:00:00,20,551.1,2.1
2023-07-12 21:00:00,21,46.3,0.8
2023-07-12 22:00:00,22,,1.4
2023-07-12 23:00:00,23,,2.3
2023-07-13 00:00:00,0,,1.5
2023-07-13 01:00:00,1,,1.1
2023-07-13 02:00:00,2,,0.8
2023-07-13 03:00:00,3,,1.4
2023-07-13 04:00:00,4,,1.4
2023-07-13 05:00:00,5,,1.7
2023-07-13 06:00:00,6,,1.7
2023-07-13 07:00:00,7,,1.7
2023-07-13 08:00:00,8,,1.2
2023-07-13 09:00:00,9,0.5,1.3
2023-07-13 10:00:00,10,105.4,1.1
2023-07-13 11:00:00,11,418.0,2.1
2023-07-13 12:00:00,12,679.0,1.8
2023-07-13 13:00:00,13,1852.1,2.4
2023-07-13 14:00:00,14,1695.3,2.1
2023-07-13 15:00:00,15,423.4,2.1
2023-07-13 16:00:00,16,411.1,1.4
2023-07-13 17:00:00,17,1349.4,1.3
2023-07-13 18:00:00,18,1750.3,2.3
2023-07-13 19:00:00,19,1187.9,4.2
2023-07-13 20:00:00,20,553.9,2.8
2023-07-13 21:00:00,21,48.4,0.4
2023-07-13 22:00:00,22,,0.5
2023-07-13 23:00:00,23,,0.8
2023-07-14 00:00:00,0,,0.6
2023-07-14 01:00:00,1,,0.9
2023-07-14 02:00:00,2,,1.6
2023-07-14 03:00:00,3,,0.9
2023-07-14 04:00:00,4,,1.0
2023-07-14 05:00:00,5,,1.3
2023-07-14 06:00:00,6,,1.7
2023-07-14 07:00:00,7,,1.8
2023-07-14 08:00:00,8,,1.6
2023-07-14 09:00:00,9,,1.4
2023-07-14 10:00:00,10,126.0,1.9
2023-07-14 11:00:00,11,381.0,2.2
2023-07-14 12:00:00,12,905.1,1.8
2023-07-14 13:00:00,13,1808.5,1.3
2023-07-14 14:00:00,14,1177.7,1.2
2023-07-14 15:00:00,15,305.4,2.0
2023-07-14 16:00:00,16,429.8,3.1
2023-07-14 17:00:00,17,1695.8,2.8
2023-07-14 18:00:00,18,1778.3,2.5
2023-07-14 19:00:00,19,1203.5,2.9
2023-07-14 20:00:00,20,541.5,2.4
2023-07-14 21:00:00,21,38.3,1.9
2023-07-14 22:00:00,22,,0.8
2023-07-14 23:00:00,23,,1.3
2023-07-15 00:00:00,0,,
2023-07-15 01:00:00,1,,1.1
2023-07-15 02:00:00,2,,1.2
2023-07-15 03:00:00,3,,1.1
2023-07-15 04:00:00,4,,0.2
2023-07-15 05:00:00,5,,0.5
2023-07-15 06:00:00,6,,1.6
2023-07-15 07:00:00,7,,1.4
2023-07-15 08:00:00,8,,1.8
2023-07-15 09:00:00,9,,2.0
2023-07-15 10:00:00,10,183.8,3.2
2023-07-15 11:00:00,11,427.0,3.5
2023-07-15 12:00:00,12,802.5,4.4
2023-07-15 13:00:00,13,1423.0,3.7
2023-07-15 14:00:00,14,1913.4,4.8
2023-07-15 15:00:00,15,1265.1,4.6
2023-07-15 16:00:00,16,828.9,4.5
2023-07-15 17:00:00,17,1588.4,4.2
2023-07-15 18:00:00,18,1808.3,4.3
2023-07-15 19:00:00,19,1242.5,4.1
2023-07-15 20:00:00,20,570.7,4.0
2023-07-15 21:00:00,21,57.0,4.0
2023-07-15 22:00:00,22,,3.6
2023-07-15 23:00:00,23,,
2023-07-16 00:00:00,0,,2.0
2023-07-16 01:00:00,1,,2.5
2023-07-16 02:00:00,2,,4.3
2023-07-16 03:00:00,3,,4.3
2023-07-16 04:00:00,4,,3.0
2023-07-16 05:00:00,5,,2.5
2023-07-16 06:00:00,6,,1.9
2023-07-16 07:00:00,7,,2.4
2023-07-16 08:00:00,8,,1.5
2023-07-16 09:00:00,9,0.1,1.3
2023-07-16 10:00:00,10,51.9,2.3
2023-07-16 11:00:00,11,432.1,3.6
2023-07-16 12:00:00,12,1205.9,3.8
2023-07-16 13:00:00,13,1587.1,4.4
2023-07-16 14:00:00,14,1173.1,4.1
2023-07-16 15:00:00,15,1787.0,4.9
2023-07-16 16:00:00,16,1155.0,4.4
2023-07-16 17:00:00,17,1498.9,4.9
2023-07-16 18:00:00,18,1677.5,3.9
2023-07-16 19:00:00,19,1076.1,4.1
2023-07-16 20:00:00,20,570.8,2.7
2023-07-16 21:00:00,21,54.8,1.7
2023-07-16 22:00:00,22,,2.3
2023-07-16 23:00:00,23,,4.2
2023-07-17 00:00:00,0,,4.8
2023-07-17 01:00:00,1,,4.3
2023-07-17 02:00:00,2,,4.5
2023-07-17 03:00:00,3,,3.7
2023-07-17 04:00:00,4,,1.8
2023-07-17 05:00:00,5,,1.8
2023-07-17 06:00:00,6,,1.5
2023-07-17 07:00:00,7,,1.4
2023-07-17 08:00:00,8,,1.9
2023-07-17 09:00:00,9,,1.7
2023-07-17 10:00:00,10,91.1,2.1
2023-07-17 11:00:00,11,420.0,2.8
2023-07-17 12:00:00,12,699.4,3.1
2023-07-17 13:00:00,13,1014.5,3.8
2023-07-17 14:00:00,14,1796.0,3.4
2023-07-17 15:00:00,15,973.1,4.0
2023-07-17 16:00:00,16,771.9,4.5
2023-07-17 17:00:00,17,1104.4,5.3
2023-07-17 18:00:00,18,1530.1,4.6
2023-07-17 19:00:00,19,921.3,4.7
2023-07-17 20:00:00,20,546.3,4.5
2023-07-17 21:00:00,21,60.4,2.6
2023-07-17 22:00:00,22,,3.7
2023-07-17 23:00:00,23,,4.2
2023-07-18 00:00:00,0,,3.4
2023-07-18 01:00:00,1,,3.6
2023-07-18 02:00:00,2,,2.7
2023-07-18 03:00:00,3,,2.8
2023-07-18 04:00:00,4,,2.2
2023-07-18 05:00:00,5,,1.8
2023-07-18 06:00:00,6,,1.6
2023-07-18 07:00:00,7,,2.1
2023-07-18 08:00:00,8,,1.7
2023-07-18 09:00:00,9,,1.7
2023-07-18 10:00:00,10,80.9,1.6
2023-07-18 11:00:00,11,441.6,2.7
2023-07-18 12:00:00,12,1165.8,4.2
2023-07-18 13:00:00,13,1317.7,4.4
2023-07-18 14:00:00,14,1709.4,3.9
2023-07-18 15:00:00,15,947.7,4.6
2023-07-18 16:00:00,16,1107.9,3.8
2023-07-18 17:00:00,17,1613.9,4.5
2023-07-18 18:00:00,18,1660.9,4.0
2023-07-18 19:00:00,19,1120.1,3.6
2023-07-18 20:00:00,20,515.6,2.9
2023-07-18 21:00:00,21,48.1,2.0
2023-07-18 22:00:00,22,,2.8
2023-07-18 23:00:00,23,,1.3
2023-07-19 00:00:00,0,,2.1
2023-07-19 01:00:00,1,,4.5
2023-07-19 02:00:00,2,,4.1
2023-07-19 03:00:00,3,,4.1
2023-07-19 04:00:00,4,,1.7
2023-07-19 05:00:00,5,,1.7
2023-07-19 06:00:00,6,,2.4
2023-07-19 07:00:00,7,,2.3
2023-07-19 08:00:00,8,,2.3
2023-07-19 09:00:00,9,,2.2
2023-07-19 10:00:00,10,95.5,2.0
2023-07-19 11:00:00,11,276.9,2.7
2023-07-19 12:00:00,12,977.7,4.0
2023-07-19 13:00:00,13,1012.3,4.0
2023-07-19 14:00:00,14,1010.1,3.3
2023-07-19 15:00:00,15,880.7,4.7
2023-07-19 16:00:00,16,799.5,4.5
2023-07-19 17:00:00,17,1409.7,4.2
2023-07-19 18:00:00,18,1466.0,4.5
2023-07-19 19:00:00,19,1106.8,4.0
2023-07-19 20:00:00,20,541.6,4.7
2023-07-19 21:00:00,21,62.3,2.1
2023-07-19 22:00:00,22,,1.8
2023-07-19 23:00:00,23,,2.9
2023-07-20 00:00:00,0,,6.0
2023-07-20 01:00:00,1,,5.3
2023-07-20 02:00:00,2,,4.9
2023-07-20 03:00:00,3,,4.8
2023-07-20 04:00:00,4,,4.4
2023-07-20 05:00:00,5,,4.8
2023-07-20 06:00:00,6,,2.9
2023-07-20 07:00:00,7,,2.5
2023-07-20 08:00:00,8,,2.5
2023-07-20 09:00:00,9,,3.6
2023-07-20 10:00:00,10,100.4,3.4
2023-07-20 11:00:00,11,416.4,4.3
2023-07-20 12:00:00,12,974.9,4.9
2023-07-20 13:00:00,13,1596.9,6.0
2023-07-20 14:00:00,14,1262.4,6.0
2023-07-20 15:00:00,15,1347.5,6.6
2023-07-20 16:00:00,16,1322.5,6.0
2023-07-20 17:00:00,17,1595.9,6.1
2023-07-20 18:00:00,18,1231.8,6.6
2023-07-20 19:00:00,19,1119.2,6.6
2023-07-20 20:00:00,20,439.3,4.7
2023-07-20 21:00:00,21,67.4,4.8
2023-07-20 22:00:00,22,,3.2
2023-07-20 23:00:00,23,,3.0
2023-07-21 00:00:00,0,,3.3
2023-07-21 01:00:00,1,,3.7
2023-07-21 02:00:00,2,,3.5
2023-07-21 03:00:00,3,,3.9
2023-07-21 04:00:00,4,,3.0
2023-07-21 05:00:00,5,,2.5
2023-07-21 06:00:00,6,,3.1
2023-07-21 07:00:00,7,,2.3
2023-07-21 08:00:00,8,,2.9
2023-07-21 09:00:00,9,,3.4
2023-07-21 10:00:00,10,81.9,3.2
2023-07-21 11:00:00,11,382.6,4.6
2023-07-21 12:00:00,12,1000.3,5.9
2023-07-21 13:00:00,13,1837.0,5.8
2023-07-21 14:00:00,14,2397.2,5.6
2023-07-21 15:00:00,15,1769.9,5.8
2023-07-21 16:00:00,16,1648.1,6.3
2023-07-21 17:00:00,17,1404.6,6.2
2023-07-21 18:00:00,18,1280.9,5.8
2023-07-21 19:00:00,19,873.4,5.7
2023-07-21 20:00:00,20,405.2,4.6
2023-07-21 21:00:00,21,43.0,3.7
2023-07-21 22:00:00,22,,3.6
2023-07-21 23:00:00,23,,
2023-07-22 00:00:00,0,,
2023-07-22 01:00:00,1,,
2023-07-22 02:00:00,2,,
2023-07-22 03:00:00,3,,
2023-07-22 04:00:00,4,,
2023-07-22 05:00:00,5,,
2023-07-22 06:00:00,6,,
2023-07-22 07:00:00,7,,
2023-07-22 08:00:00,8,,
2023-07-22 09:00:00,9,,
2023-07-22 10:00:00,10,,
2023-07-22 11:00:00,11,487.7,3.3
2023-07-22 12:00:00,12,,
2023-07-22 13:00:00,13,1840.2,5.5
2023-07-22 14:00:00,14,2417.6,5.0
2023-07-22 15:00:00,15,1793.3,5.0
2023-07-22 16:00:00,16,1267.4,5.7
2023-07-22 17:00:00,17,1411.3,5.5
2023-07-22 18:00:00,18,875.4,5.0
2023-07-22 19:00:00,19,481.5,4.9
2023-07-22 20:00:00,20,286.3,4.2
2023-07-22 21:00:00,21,63.0,3.4
2023-07-22 22:00:00,22,,3.9
2023-07-22 23:00:00,23,,4.5
2023-07-23 00:00:00,0,,4.3
2023-07-23 01:00:00,1,,2.4
2023-07-23 02:00:00,2,,2.1
2023-07-23 03:00:00,3,,1.8
2023-07-23 04:00:00,4,,2.0
2023-07-23 05:00:00,5,,2.3
2023-07-23 06:00:00,6,,2.2
2023-07-23 07:00:00,7,,2.2
2023-07-23 08:00:00,8,,1.7
2023-07-23 09:00:00,9,0.5,2.5
2023-07-23 10:00:00,10,70.3,2.4
2023-07-23 11:00:00,11,205.9,2.4
2023-07-23 12:00:00,12,1013.3,4.1
2023-07-23 13:00:00,13,807.7,4.4
2023-07-23 14:00:00,14,2220.5,5.2
2023-07-23 15:00:00,15,1504.2,4.2
2023-07-23 16:00:00,16,1076.1,4.6
2023-07-23 17:00:00,17,1514.9,3.9
2023-07-23 18:00:00,18,1114.4,4.1
2023-07-23 19:00:00,19,774.2,4.9
2023-07-23 20:00:00,20,474.8,4.5
2023-07-23 21:00:00,21,70.1,5.2
2023-07-23 22:00:00,22,,3.7
2023-07-23 23:00:00,23,,3.9
2023-07-24 00:00:00,0,,5.1
2023-07-24 01:00:00,1,,4.2
2023-07-24 02:00:00,2,,
2023-07-24 03:00:00,3,,
2023-07-24 04:00:00,4,,
2023-07-24 05:00:00,5,,
2023-07-24 06:00:00,6,,
2023-07-24 07:00:00,7,,
2023-07-24 08:00:00,8,,
2023-07-24 09:00:00,9,,2.4
2023-07-24 10:00:00,10,,
2023-07-24 11:00:00,11,482.4,3.1
2023-07-24 12:00:00,12,686.0,4.1
2023-07-24 13:00:00,13,1294.4,4.6
2023-07-24 14:00:00,14,1715.0,4.6
2023-07-24 15:00:00,15,,
2023-07-24 16:00:00,16,1443.1,5.5
2023-07-24 17:00:00,17,1816.5,5.7
2023-07-24 18:00:00,18,1857.4,6.6
2023-07-24 19:00:00,19,1112.0,5.4
2023-07-24 20:00:00,20,466.9,4.9
2023-07-24 21:00:00,21,75.3,3.8
2023-07-24 22:00:00,22,,2.8
2023-07-24 23:00:00,23,,3.3
2023-07-25 00:00:00,0,,3.3
2023-07-25 01:00:00,1,,2.8
2023-07-25 02:00:00,2,,2.6
2023-07-25 03:00:00,3,,2.0
2023-07-25 04:00:00,4,,2.6
2023-07-25 05:00:00,5,,2.6
2023-07-25 06:00:00,6,,2.9
2023-07-25 07:00:00,7,,3.2
2023-07-25 08:00:00,8,,2.9
2023-07-25 09:00:00,9,,3.0
2023-07-25 10:00:00,10,126.1,3.2
2023-07-25 11:00:00,11,382.3,3.8
2023-07-25 12:00:00,12,605.2,4.0
2023-07-25 13:00:00,13,714.3,3.4
2023-07-25 14:00:00,14,,
2023-07-25 15:00:00,15,,
2023-07-25 16:00:00,16,,
2023-07-25 17:00:00,17,1146.9,3.5
2023-07-25 18:00:00,18,,
2023-07-25 19:00:00,19,1120.8,2.8
2023-07-25 20:00:00,20,437.9,3.5
2023-07-25 21:00:00,21,65.5,1.7
2023-07-25 22:00:00,22,,3.0
2023-07-25 23:00:00,23,,2.8
2023-07-26 00:00:00,0,,2.6
2023-07-26 01:00:00,1,,2.2
2023-07-26 02:00:00,2,,4.2
2023-07-26 03:00:00,3,,2.2
2023-07-26 04:00:00,4,,3.4
2023-07-26 05:00:00,5,,2.0
2023-07-26 06:00:00,6,,1.7
2023-07-26 07:00:00,7,,1.5
2023-07-26 08:00:00,8,,1.5
2023-07-26 09:00:00,9,0.0,1.7
2023-07-26 10:00:00,10,69.3,1.5
2023-07-26 11:00:00,11,221.9,2.4
2023-07-26 12:00:00,12,941.8,2.7
2023-07-26 13:00:00,13,1058.0,3.4
2023-07-26 14:00:00,14,1700.6,3.5
2023-07-26 15:00:00,15,978.8,3.8
2023-07-26 16:00:00,16,968.0,4.3
2023-07-26 17:00:00,17,1380.7,3.6
2023-07-26 18:00:00,18,1535.6,3.5
2023-07-26 19:00:00,19,881.5,4.4
2023-07-26 20:00:00,20,618.2,2.6
2023-07-26 21:00:00,21,64.8,1.7
2023-07-26 22:00:00,22,,3.9
2023-07-26 23:00:00,23,,3.8
2023-07-27 00:00:00,0,,2.6
2023-07-27 01:00:00,1,,1.3
2023-07-27 02:00:00,2,,2.0
2023-07-27 03:00:00,3,,1.4
2023-07-27 04:00:00,4,,2.0
2023-07-27 05:00:00,5,,2.2
2023-07-27 06:00:00,6,,1.8
2023-07-27 07:00:00,7,,1.8
2023-07-27 08:00:00,8,,2.0
2023-07-27 09:00:00,9,,2.3
2023-07-27 10:00:00,10,47.0,2.9
2023-07-27 11:00:00,11,259.4,2.2
2023-07-27 12:00:00,12,492.3,2.7
2023-07-27 13:00:00,13,782.7,2.4
2023-07-27 14:00:00,14,855.9,3.1
2023-07-27 15:00:00,15,1158.9,3.6
2023-07-27 16:00:00,16,981.0,3.2
2023-07-27 17:00:00,17,492.0,3.7
2023-07-27 18:00:00,18,741.8,2.2
2023-07-27 19:00:00,19,726.7,3.7
2023-07-27 20:00:00,20,423.8,3.5
2023-07-27 21:00:00,21,79.6,1.4
2023-07-27 22:00:00,22,,1.5
2023-07-27 23:00:00,23,,2.3
2023-07-28 00:00:00,0,,2.7
2023-07-28 01:00:00,1,,3.0
2023-07-28 02:00:00,2,,2.5
2023-07-28 03:00:00,3,,2.7
2023-07-28 04:00:00,4,,1.9
2023-07-28 05:00:00,5,,1.7
2023-07-28 06:00:00,6,,1.6
2023-07-28 07:00:00,7,,1.7
2023-07-28 08:00:00,8,,0.8
2023-07-28 09:00:00,9,,1.0
2023-07-28 10:00:00,10,103.9,0.5
2023-07-28 11:00:00,11,467.4,1.8
2023-07-28 12:00:00,12,788.7,2.1
2023-07-28 13:00:00,13,1742.1,3.6
2023-07-28 14:00:00,14,1550.0,4.3
2023-07-28 15:00:00,15,1374.4,4.1
2023-07-28 16:00:00,16,965.3,4.8
2023-07-28 17:00:00,17,1786.4,3.6
2023-07-28 18:00:00,18,1230.9,4.2
2023-07-28 19:00:00,19,1164.9,5.5
2023-07-28 20:00:00,20,311.8,2.8
2023-07-28 21:00:00,21,69.2,3.9
2023-07-28 22:00:00,22,,3.3
2023-07-28 23:00:00,23,,3.7
2023-07-29 00:00:00,0,,4.0
2023-07-29 01:00:00,1,,3.4
2023-07-29 02:00:00,2,,3.1
2023-07-29 03:00:00,3,,2.8
2023-07-29 04:00:00,4,,2.3
2023-07-29 05:00:00,5,,3.4
2023-07-29 06:00:00,6,,2.5
2023-07-29 07:00:00,7,,1.4
2023-07-29 08:00:00,8,,1.4
2023-07-29 09:00:00,9,0.1,1.5
2023-07-29 10:00:00,10,77.8,2.4
2023-07-29 11:00:00,11,691.8,1.8
2023-07-29 12:00:00,12,979.4,2.5
2023-07-29 13:00:00,13,1406.7,2.5
2023-07-29 14:00:00,14,1036.9,2.5
2023-07-29 15:00:00,15,1174.5,3.7
2023-07-29 16:00:00,16,815.7,2.9
2023-07-29 17:00:00,17,1792.8,3.4
2023-07-29 18:00:00,18,1846.7,2.5
2023-07-29 19:00:00,19,1112.4,2.9
2023-07-29 20:00:00,20,571.9,3.0
2023-07-29 21:00:00,21,64.1,1.6
2023-07-29 22:00:00,22,,1.3
2023-07-29 23:00:00,23,,1.6
2023-07-30 00:00:00,0,,1.7
2023-07-30 01:00:00,1,,1.5
2023-07-30 02:00:00,2,,1.2
2023-07-30 03:00:00,3,,1.5
2023-07-30 04:00:00,4,,1.2
2023-07-30 05:00:00,5,,1.1
2023-07-30 06:00:00,6,,1.8
2023-07-30 07:00:00,7,,4.1
2023-07-30 08:00:00,8,,3.4
2023-07-30 09:00:00,9,,2.5
2023-07-30 10:00:00,10,64.5,3.2
2023-07-30 11:00:00,11,262.6,4.1
2023-07-30 12:00:00,12,769.7,3.2
2023-07-30 13:00:00,13,1029.9,4.3
2023-07-30 14:00:00,14,1187.2,4.1
2023-07-30 15:00:00,15,1276.3,4.1
2023-07-30 16:00:00,16,1266.0,4.2
2023-07-30 17:00:00,17,1962.5,4.6
2023-07-30 18:00:00,18,1810.3,4.6
2023-07-30 19:00:00,19,1192.7,4.2
2023-07-30 20:00:00,20,646.9,4.0
2023-07-30 21:00:00,21,74.5,2.7
2023-07-30 22:00:00,22,,1.6
2023-07-30 23:00:00,23,,1.9
2023-07-31 00:00:00,0,,2.0
2023-07-31 01:00:00,1,,2.1
2023-07-31 02:00:00,2,,1.8
2023-07-31 03:00:00,3,,3.1
2023-07-31 04:00:00,4,,3.2
2023-07-31 05:00:00,5,,2.9
2023-07-31 06:00:00,6,,3.4
2023-07-31 07:00:00,7,,3.4
2023-07-31 08:00:00,8,,2.9
2023-07-31 09:00:00,9,,2.1
2023-07-31 10:00:00,10,108.3,3.0
2023-07-31 11:00:00,11,326.5,3.9
2023-07-31 12:00:00,12,1094.5,4.4
2023-07-31 13:00:00,13,1917.6,5.1
2023-07-31 14:00:00,14,2390.7,5.6
2023-07-31 15:00:00,15,1940.0,5.5
2023-07-31 16:00:00,16,1481.1,4.8
2023-07-31 17:00:00,17,1646.7,4.7
2023-07-31 18:00:00,18,1623.0,4.3
2023-07-31 19:00:00,19,1144.4,5.3
2023-07-31 20:00:00,20,604.1,3.7
2023-07-31 21:00:00,21,77.1,4.0
2023-07-31 22:00:00,22,,4.0
2023-07-31 23:00:00,23,,5.4
2023-08-01 00:00:00,0,,2.2
2023-08-01 01:00:00,1,,2.3
2023-08-01 02:00:00,2,0.0,3.6
2023-08-01 03:00:00,3,,3.3
2023-08-01 04:00:00,4,,2.7
2023-08-01 05:00:00,5,,2.4
2023-08-01 06:00:00,6,,3.3
2023-08-01 07:00:00,7,,3.0
2023-08-01 08:00:00,8,,3.2
2023-08-01 09:00:00,9,0.2,2.7
2023-08-01 10:00:00,10,194.4,3.1
2023-08-01 11:00:00,11,548.2,3.3
2023-08-01 12:00:00,12,507.7,2.8
2023-08-01 13:00:00,13,1065.4,3.4
2023-08-01 14:00:00,14,1607.4,4.5
2023-08-01 15:00:00,15,1182.9,3.7
2023-08-01 16:00:00,16,1345.5,4.0
2023-08-01 17:00:00,17,1450.0,4.4
2023-08-01 18:00:00,18,1384.4,3.4
2023-08-01 19:00:00,19,738.3,3.3
2023-08-01 20:00:00,20,470.5,3.2
2023-08-01 21:00:00,21,40.8,4.1
2023-08-01 22:00:00,22,,4.7
2023-08-01 23:00:00,23,,4.1
2023-08-02 00:00:00,0,,3.3
2023-08-02 01:00:00,1,,4.1
2023-08-02 02:00:00,2,,3.2
2023-08-02 03:00:00,3,,3.8
2023-08-02 04:00:00,4,0.0,3.8
2023-08-02 05:00:00,5,0.1,4.2
2023-08-02 06:00:00,6,,4.0
2023-08-02 07:00:00,7,,3.9
2023-08-02 08:00:00,8,,3.4
2023-08-02 09:00:00,9,0.4,3.6
2023-08-02 10:00:00,10,44.7,4.2
2023-08-02 11:00:00,11,160.4,3.4
2023-08-02 12:00:00,12,379.0,3.9
2023-08-02 13:00:00,13,579.7,3.9
2023-08-02 14:00:00,14,1113.5,2.7
2023-08-02 15:00:00,15,1055.3,3.7
2023-08-02 16:00:00,16,842.4,3.6
2023-08-02 17:00:00,17,995.7,3.4
2023-08-02 18:00:00,18,709.4,3.2
2023-08-02 19:00:00,19,486.7,4.4
2023-08-02 20:00:00,20,143.6,1.2
2023-08-02 21:00:00,21,9.5,2.3
2023-08-02 22:00:00,22,,2.7
2023-08-02 23:00:00,23,,4.2
2023-08-03 00:00:00,0,,3.1
2023-08-03 01:00:00,1,,4.1
2023-08-03 02:00:00,2,,
2023-08-03 03:00:00,3,,4.2
2023-08-03 04:00:00,4,0.0,3.8
2023-08-03 05:00:00,5,,3.4
2023-08-03 06:00:00,6,0.2,3.8
2023-08-03 07:00:00,7,,3.7
2023-08-03 08:00:00,8,0.0,3.9
2023-08-03 09:00:00,9,0.3,2.6
2023-08-03 10:00:00,10,70.9,2.8
2023-08-03 11:00:00,11,320.5,2.5
2023-08-03 12:00:00,12,891.6,4.3
2023-08-03 13:00:00,13,1322.9,3.4
2023-08-03 14:00:00,14,875.8,3.7
2023-08-03 15:00:00,15,854.5,3.0
2023-08-03 16:00:00,16,942.6,3.8
2023-08-03 17:00:00,17,1014.7,3.1
2023-08-03 18:00:00,18,566.5,1.6
2023-08-03 19:00:00,19,888.0,2.7
2023-08-03 20:00:00,20,543.6,1.5
2023-08-03 21:00:00,21,24.2,1.4
2023-08-03 22:00:00,22,,1.7
2023-08-03 23:00:00,23,,2.4
2023-08-04 00:00:00,0,,
2023-08-04 01:00:00,1,,1.9
2023-08-04 02:00:00,2,,1.6
2023-08-04 03:00:00,3,,1.7
2023-08-04 04:00:00,4,,1.6
2023-08-04 05:00:00,5,,1.7
2023-08-04 06:00:00,6,,1.2
2023-08-04 07:00:00,7,,1.3
2023-08-04 08:00:00,8,,1.6
2023-08-04 09:00:00,9,,1.5
2023-08-04 10:00:00,10,180.7,1.8
2023-08-04 11:00:00,11,594.9,2.3
2023-08-04 12:00:00,12,1218.7,3.1
2023-08-04 13:00:00,13,1037.5,3.0
2023-08-04 14:00:00,14,969.8,2.8
2023-08-04 15:00:00,15,1148.7,2.8
2023-08-04 16:00:00,16,1319.6,3.7
2023-08-04 17:00:00,17,1801.5,3.7
2023-08-04 18:00:00,18,1392.1,3.2
2023-08-04 19:00:00,19,1017.0,2.9
2023-08-04 20:00:00,20,471.9,2.3
2023-08-04 21:00:00,21,35.8,0.5
2023-08-04 22:00:00,22,,
2023-08-04 23:00:00,23,,
2023-08-05 00:00:00,0,,
2023-08-05 01:00:00,1,,2.6
2023-08-05 02:00:00,2,,0.9
2023-08-05 03:00:00,3,,1.0
2023-08-05 04:00:00,4,,0.6
2023-08-05 05:00:00,5,,1.4
2023-08-05 06:00:00,6,,1.2
2023-08-05 07:00:00,7,,0.8
2023-08-05 08:00:00,8,,2.3
2023-08-05 09:00:00,9,,2.4
2023-08-05 10:00:00,10,154.0,2.0
2023-08-05 11:00:00,11,613.7,2.7
2023-08-05 12:00:00,12,1122.1,2.7
2023-08-05 13:00:00,13,1389.9,3.0
2023-08-05 14:00:00,14,1685.6,3.6
2023-08-05 15:00:00,15,1099.0,4.3
2023-08-05 16:00:00,16,1116.8,4.3
2023-08-05 17:00:00,17,2240.7,3.9
2023-08-05 18:00:00,18,1949.5,2.8
2023-08-05 19:00:00,19,1358.8,4.0
2023-08-05 20:00:00,20,665.7,2.7
2023-08-05 21:00:00,21,76.2,2.2
2023-08-05 22:00:00,22,,2.2
2023-08-05 23:00:00,23,,0.9
2023-08-06 00:00:00,0,,1.2
2023-08-06 01:00:00,1,,1.8
2023-08-06 02:00:00,2,,1.7
2023-08-06 03:00:00,3,,1.4
2023-08-06 04:00:00,4,,1.2
2023-08-06 05:00:00,5,,1.6
2023-08-06 06:00:00,6,,1.6
2023-08-06 07:00:00,7,,1.7
2023-08-06 08:00:00,8,,2.0
2023-08-06 09:00:00,9,,1.6
2023-08-06 10:00:00,10,189.0,2.0
2023-08-06 11:00:00,11,514.8,2.2
2023-08-06 12:00:00,12,1087.4,4.2
2023-08-06 13:00:00,13,1571.4,3.8
2023-08-06 14:00:00,14,1345.4,4.5
2023-08-06 15:00:00,15,1267.3,4.3
2023-08-06 16:00:00,16,1462.9,4.6
2023-08-06 17:00:00,17,1842.2,3.7
2023-08-06 18:00:00,18,1653.3,4.5
2023-08-06 19:00:00,19,1252.4,4.7
2023-08-06 20:00:00,20,577.1,4.3
2023-08-06 21:00:00,21,78.9,3.5
2023-08-06 22:00:00,22,,4.9
2023-08-06 23:00:00,23,,3.5
2023-08-07 00:00:00,0,,2.9
2023-08-07 01:00:00,1,,2.0
2023-08-07 02:00:00,2,,1.8
2023-08-07 03:00:00,3,,2.3
2023-08-07 04:00:00,4,,1.9
2023-08-07 05:00:00,5,,1.9
2023-08-07 06:00:00,6,,2.5
2023-08-07 07:00:00,7,,3.1
2023-08-07 08:00:00,8,,1.6
2023-08-07 09:00:00,9,,2.5
2023-08-07 10:00:00,10,72.1,2.8
2023-08-07 11:00:00,11,339.5,2.8
2023-08-07 12:00:00,12,708.7,3.0
2023-08-07 13:00:00,13,1240.2,3.2
2023-08-07 14:00:00,14,1241.0,3.0
2023-08-07 15:00:00,15,1206.3,2.6
2023-08-07 16:00:00,16,1289.7,4.4
2023-08-07 17:00:00,17,1545.3,4.3
2023-08-07 18:00:00,18,1755.1,3.5
2023-08-07 19:00:00,19,1369.8,3.1
2023-08-07 20:00:00,20,604.0,2.4
2023-08-07 21:00:00,21,68.9,1.6
2023-08-07 22:00:00,22,,2.5
2023-08-07 23:00:00,23,,2.7
2023-08-08 00:00:00,0,,2.5
2023-08-08 01:00:00,1,,2.5
2023-08-08 02:00:00,2,,3.3
2023-08-08 03:00:00,3,,1.5
2023-08-08 04:00:00,4,,1.4
2023-08-08 05:00:00,5,,1.3
2023-08-08 06:00:00,6,,2.5
2023-08-08 07:00:00,7,,1.1
2023-08-08 08:00:00,8,,1.7
2023-08-08 09:00:00,9,,1.0
2023-08-08 10:00:00,10,78.4,2.1
2023-08-08 11:00:00,11,327.3,2.0
2023-08-08 12:00:00,12,657.6,2.6
2023-08-08 13:00:00,13,835.4,3.2
2023-08-08 14:00:00,14,1204.7,3.2
2023-08-08 15:00:00,15,1119.8,3.7
2023-08-08 16:00:00,16,1254.3,4.8
2023-08-08 17:00:00,17,2003.9,2.7
2023-08-08 18:00:00,18,1906.8,3.8
2023-08-08 19:00:00,19,1337.4,3.9
2023-08-08 20:00:00,20,657.4,3.3
2023-08-08 21:00:00,21,77.2,1.9
2023-08-08 22:00:00,22,,2.1
2023-08-08 23:00:00,23,,3.1
2023-08-09 00:00:00,0,,0.9
2023-08-09 01:00:00,1,,2.4
2023-08-09 02:00:00,2,,2.2
2023-08-09 03:00:00,3,,1.7
2023-08-09 04:00:00,4,,2.2
2023-08-09 05:00:00,5,,2.6
2023-08-09 06:00:00,6,,2.6
2023-08-09 07:00:00,7,,2.4
2023-08-09 08:00:00,8,,2.1
2023-08-09 09:00:00,9,0.1,3.3
2023-08-09 10:00:00,10,67.8,3.5
2023-08-09 11:00:00,11,356.7,3.6
2023-08-09 12:00:00,12,554.0,4.1
2023-08-09 13:00:00,13,582.3,2.9
2023-08-09 14:00:00,14,1002.5,4.5
2023-08-09 15:00:00,15,829.6,5.5
2023-08-09 16:00:00,16,820.9,4.2
2023-08-09 17:00:00,17,1291.7,5.5
2023-08-09 18:00:00,18,1655.0,4.7
2023-08-09 19:00:00,19,1266.4,4.7
2023-08-09 20:00:00,20,539.4,4.7
2023-08-09 21:00:00,21,95.5,4.4
2023-08-09 22:00:00,22,,5.3
2023-08-09 23:00:00,23,,5.0
2023-08-10 00:00:00,0,,4.2
2023-08-10 01:00:00,1,,2.0
2023-08-10 02:00:00,2,,3.5
2023-08-10 03:00:00,3,,2.6
2023-08-10 04:00:00,4,,2.7
2023-08-10 05:00:00,5,,3.5
2023-08-10 06:00:00,6,,3.3
2023-08-10 07:00:00,7,,3.7
2023-08-10 08:00:00,8,,2.9
2023-08-10 09:00:00,9,1.2,3.0
2023-08-10 10:00:00,10,113.3,3.2
2023-08-10 11:00:00,11,647.6,3.7
2023-08-10 12:00:00,12,986.1,4.4
2023-08-10 13:00:00,13,1408.5,4.2
2023-08-10 14:00:00,14,1642.8,3.7
2023-08-10 15:00:00,15,1274.4,4.7
2023-08-10 16:00:00,16,1491.2,4.0
2023-08-10 17:00:00,17,1775.2,3.8
2023-08-10 18:00:00,18,1440.2,4.1
2023-08-10 19:00:00,19,1271.6,4.7
2023-08-10 20:00:00,20,668.6,3.5
2023-08-10 21:00:00,21,80.9,2.4
2023-08-10 22:00:00,22,,3.0
2023-08-10 23:00:00,23,,2.5
2023-08-11 00:00:00,0,,5.2
2023-08-11 01:00:00,1,,2.6
2023-08-11 02:00:00,2,,2.9
2023-08-11 03:00:00,3,,2.4
2023-08-11 04:00:00,4,,2.8
2023-08-11 05:00:00,5,,2.6
2023-08-11 06:00:00,6,,3.4
2023-08-11 07:00:00,7,,3.3
2023-08-11 08:00:00,8,,3.6
2023-08-11 09:00:00,9,0.3,3.2
2023-08-11 10:00:00,10,78.3,4.3
2023-08-11 11:00:00,11,485.4,4.9
2023-08-11 12:00:00,12,808.3,3.9
2023-08-11 13:00:00,13,1142.6,4.5
2023-08-11 14:00:00,14,1249.7,3.7
2023-08-11 15:00:00,15,1293.9,4.0
2023-08-11 16:00:00,16,1231.6,4.3
2023-08-11 17:00:00,17,1367.9,3.7
2023-08-11 18:00:00,18,1214.0,3.6
2023-08-11 19:00:00,19,1008.7,3.6
2023-08-11 20:00:00,20,697.9,3.4
2023-08-11 21:00:00,21,83.7,2.8
2023-08-11 22:00:00,22,,
2023-08-11 23:00:00,23,,
2023-08-12 00:00:00,0,,
2023-08-12 01:00:00,1,,
2023-08-12 02:00:00,2,,
2023-08-12 03:00:00,3,,
2023-08-12 04:00:00,4,,
2023-08-12 05:00:00,5,,3.2
2023-08-12 06:00:00,6,,2.2
2023-08-12 07:00:00,7,,3.4
2023-08-12 08:00:00,8,,2.6
2023-08-12 09:00:00,9,0.0,2.4
2023-08-12 10:00:00,10,116.2,3.7
2023-08-12 11:00:00,11,475.9,4.6
2023-08-12 12:00:00,12,1427.7,5.1
2023-08-12 13:00:00,13,2205.4,4.9
2023-08-12 14:00:00,14,1824.4,4.4
2023-08-12 15:00:00,15,1504.9,4.0
2023-08-12 16:00:00,16,1580.2,3.5
2023-08-12 17:00:00,17,2206.8,4.7
2023-08-12 18:00:00,18,1721.1,5.4
2023-08-12 19:00:00,19,1177.5,3.2
2023-08-12 20:00:00,20,598.4,4.1
2023-08-12 21:00:00,21,81.5,2.2
2023-08-12 22:00:00,22,,2.2
2023-08-12 23:00:00,23,,2.5
2023-08-13 00:00:00,0,,2.7
2023-08-13 01:00:00,1,,3.9
2023-08-13 02:00:00,2,,3.5
2023-08-13 03:00:00,3,,2.8
2023-08-13 04:00:00,4,,3.3
2023-08-13 05:00:00,5,,2.2
2023-08-13 06:00:00,6,,2.8
2023-08-13 07:00:00,7,,3.1
2023-08-13 08:00:00,8,,2.4
2023-08-13 09:00:00,9,,2.2
2023-08-13 10:00:00,10,219.9,2.9
2023-08-13 11:00:00,11,556.9,3.6
2023-08-13 12:00:00,12,1484.5,4.5
2023-08-13 13:00:00,13,1991.6,4.8
2023-08-13 14:00:00,14,2129.4,4.7
2023-08-13 15:00:00,15,1785.7,4.6
2023-08-13 16:00:00,16,1827.2,4.0
2023-08-13 17:00:00,17,2005.7,4.5
2023-08-13 18:00:00,18,1823.0,4.5
2023-08-13 19:00:00,19,990.4,4.5
2023-08-13 20:00:00,20,674.8,4.1
2023-08-13 21:00:00,21,87.5,3.3
2023-08-13 22:00:00,22,,3.7
2023-08-13 23:00:00,23,,3.6
2023-08-14 00:00:00,0,,3.5
2023-08-14 01:00:00,1,,3.4
2023-08-14 02:00:00,2,,3.7
2023-08-14 03:00:00,3,,3.0
2023-08-14 04:00:00,4,,3.4
2023-08-14 05:00:00,5,,3.8
2023-08-14 06:00:00,6,,3.5
2023-08-14 07:00:00,7,,2.7
2023-08-14 08:00:00,8,,2.2
2023-08-14 09:00:00,9,1.3,2.5
2023-08-14 10:00:00,10,88.0,2.1
2023-08-14 11:00:00,11,274.1,2.5
2023-08-14 12:00:00,12,825.0,3.3
2023-08-14 13:00:00,13,1728.3,4.6
2023-08-14 14:00:00,14,1678.2,4.7
2023-08-14 15:00:00,15,1698.7,5.2
2023-08-14 16:00:00,16,1919.6,4.8
2023-08-14 17:00:00,17,2006.7,5.9
2023-08-14 18:00:00,18,1570.6,5.2
2023-08-14 19:00:00,19,1128.0,4.7
2023-08-14 20:00:00,20,629.6,4.9
2023-08-14 21:00:00,21,83.2,3.7
2023-08-14 22:00:00,22,,3.9
2023-08-14 23:00:00,23,,5.2
2023-08-15 00:00:00,0,,
2023-08-15 01:00:00,1,,6.0
2023-08-15 02:00:00,2,,3.7
2023-08-15 03:00:00,3,,3.8
2023-08-15 04:00:00,4,,2.6
2023-08-15 05:00:00,5,,3.6
2023-08-15 06:00:00,6,,3.3
2023-08-15 07:00:00,7,,2.5
2023-08-15 08:00:00,8,,2.1
2023-08-15 09:00:00,9,0.5,2.8
2023-08-15 10:00:00,10,83.6,3.1
2023-08-15 11:00:00,11,355.7,4.5
2023-08-15 12:00:00,12,703.2,3.7
2023-08-15 13:00:00,13,,
2023-08-15 14:00:00,14,,
2023-08-15 15:00:00,15,,
2023-08-15 16:00:00,16,1439.7,5.7
2023-08-15 17:00:00,17,1779.0,4.9
2023-08-15 18:00:00,18,1183.7,4.5
2023-08-15 19:00:00,19,707.0,4.4
2023-08-15 20:00:00,20,244.2,4.7
2023-08-15 21:00:00,21,50.6,4.8
2023-08-15 22:00:00,22,,3.2
2023-08-15 23:00:00,23,,3.6
2023-08-16 00:00:00,0,,6.1
2023-08-16 01:00:00,1,,4.3
2023-08-16 02:00:00,2,,3.7
2023-08-16 03:00:00,3,,3.0
2023-08-16 04:00:00,4,,2.1
2023-08-16 05:00:00,5,,1.2
2023-08-16 06:00:00,6,,2.0
2023-08-16 07:00:00,7,,2.0
2023-08-16 08:00:00,8,,2.1
2023-08-16 09:00:00,9,0.8,2.3
2023-08-16 10:00:00,10,122.9,2.7
2023-08-16 11:00:00,11,514.2,4.0
2023-08-16 12:00:00,12,1112.5,5.4
2023-08-16 13:00:00,13,2166.7,5.1
2023-08-16 14:00:00,14,1917.1,5.3
2023-08-16 15:00:00,15,2187.6,6.1
2023-08-16 16:00:00,16,2194.0,6.6
2023-08-16 17:00:00,17,1692.3,5.5
2023-08-16 18:00:00,18,1351.3,5.7
2023-08-16 19:00:00,19,1015.0,3.8
2023-08-16 20:00:00,20,405.3,4.2
2023-08-16 21:00:00,21,60.8,2.7
2023-08-16 22:00:00,22,,3.0
2023-08-16 23:00:00,23,,6.1
2023-08-17 00:00:00,0,,4.1
2023-08-17 01:00:00,1,,5.0
2023-08-17 02:00:00,2,,4.3
2023-08-17 03:00:00,3,,4.4
2023-08-17 04:00:00,4,,3.1
2023-08-17 05:00:00,5,,3.4
2023-08-17 06:00:00,6,,2.5
2023-08-17 07:00:00,7,,1.9
2023-08-17 08:00:00,8,,1.7
2023-08-17 09:00:00,9,1.0,2.8
2023-08-17 10:00:00,10,103.4,3.1
2023-08-17 11:00:00,11,704.6,4.2
2023-08-17 12:00:00,12,856.7,4.5
2023-08-17 13:00:00,13,1380.2,4.4
2023-08-17 14:00:00,14,1368.3,3.8
2023-08-17 15:00:00,15,1665.1,4.2
2023-08-17 16:00:00,16,,
2023-08-17 17:00:00,17,,
2023-08-17 18:00:00,18,,
2023-08-17 19:00:00,19,,
2023-08-17 20:00:00,20,,
2023-08-17 21:00:00,21,,
2023-08-17 22:00:00,22,,3.1
2023-08-17 23:00:00,23,,3.3
2023-08-18 00:00:00,0,,3.3
2023-08-18 01:00:00,1,,2.7
2023-08-18 02:00:00,2,,2.7
2023-08-18 03:00:00,3,,2.9
2023-08-18 04:00:00,4,,3.9
2023-08-18 05:00:00,5,,3.1
2023-08-18 06:00:00,6,,2.3
2023-08-18 07:00:00,7,,2.3
2023-08-18 08:00:00,8,,1.9
2023-08-18 09:00:00,9,1.5,0.9
2023-08-18 10:00:00,10,101.7,1.5
2023-08-18 11:00:00,11,631.4,2.1
2023-08-18 12:00:00,12,1933.7,3.4
2023-08-18 13:00:00,13,1217.4,3.1
2023-08-18 14:00:00,14,1157.9,2.0
2023-08-18 15:00:00,15,718.1,4.8
2023-08-18 16:00:00,16,1571.5,3.0
2023-08-18 17:00:00,17,1372.4,4.0
2023-08-18 18:00:00,18,719.8,3.5
2023-08-18 19:00:00,19,573.3,3.0
2023-08-18 20:00:00,20,221.9,3.0
2023-08-18 21:00:00,21,36.1,0.8
2023-08-18 22:00:00,22,,1.2
2023-08-18 23:00:00,23,,3.3
2023-08-19 00:00:00,0,,1.7
2023-08-19 01:00:00,1,,1.5
2023-08-19 02:00:00,2,,1.6
2023-08-19 03:00:00,3,,1.3
2023-08-19 04:00:00,4,,1.8
2023-08-19 05:00:00,5,,1.4
2023-08-19 06:00:00,6,,1.8
2023-08-19 07:00:00,7,,1.9
2023-08-19 08:00:00,8,,1.5
2023-08-19 09:00:00,9,2.9,1.3
2023-08-19 10:00:00,10,204.6,1.2
2023-08-19 11:00:00,11,646.2,1.6
2023-08-19 12:00:00,12,1377.8,2.7
2023-08-19 13:00:00,13,2064.5,1.8
2023-08-19 14:00:00,14,2300.0,2.3
2023-08-19 15:00:00,15,801.9,1.8
2023-08-19 16:00:00,16,1745.1,2.8
2023-08-19 17:00:00,17,2174.9,2.7
2023-08-19 18:00:00,18,1993.8,3.1
2023-08-19 19:00:00,19,1380.3,3.1
2023-08-19 20:00:00,20,662.4,2.6
2023-08-19 21:00:00,21,73.1,1.5
2023-08-19 22:00:00,22,,1.2
2023-08-19 23:00:00,23,,1.4
2023-08-20 00:00:00,0,,1.7
2023-08-20 01:00:00,1,,1.9
2023-08-20 02:00:00,2,,1.6
2023-08-20 03:00:00,3,,1.2
2023-08-20 04:00:00,4,,1.1
2023-08-20 05:00:00,5,,2.2
2023-08-20 06:00:00,6,,2.2
2023-08-20 07:00:00,7,,2.5
2023-08-20 08:00:00,8,,2.3
2023-08-20 09:00:00,9,1.1,1.8
2023-08-20 10:00:00,10,58.9,1.0
2023-08-20 11:00:00,11,191.6,1.0
2023-08-20 12:00:00,12,419.3,2.3
2023-08-20 13:00:00,13,1340.1,2.2
2023-08-20 14:00:00,14,1974.9,1.8
2023-08-20 15:00:00,15,1120.3,3.3
2023-08-20 16:00:00,16,1855.8,1.6
2023-08-20 17:00:00,17,2051.2,1.6
2023-08-20 18:00:00,18,1923.9,1.9
2023-08-20 19:00:00,19,622.3,2.5
2023-08-20 20:00:00,20,371.7,2.3
2023-08-20 21:00:00,21,29.9,1.5
2023-08-20 22:00:00,22,,1.6
2023-08-20 23:00:00,23,,1.5
2023-08-21 00:00:00,0,,2.1
2023-08-21 01:00:00,1,,1.8
2023-08-21 02:00:00,2,,1.8
2023-08-21 03:00:00,3,,1.3
2023-08-21 04:00:00,4,,1.3
2023-08-21 05:00:00,5,,1.7
2023-08-21 06:00:00,6,,1.8
2023-08-21 07:00:00,7,,1.2
2023-08-21 08:00:00,8,,1.7
2023-08-21 09:00:00,9,2.4,1.4
2023-08-21 10:00:00,10,168.4,1.6
2023-08-21 11:00:00,11,298.5,2.5
2023-08-21 12:00:00,12,664.2,2.9
2023-08-21 13:00:00,13,1764.6,2.9
2023-08-21 14:00:00,14,2280.9,2.9
2023-08-21 15:00:00,15,1302.2,3.2
2023-08-21 16:00:00,16,2142.1,3.5
2023-08-21 17:00:00,17,2419.2,3.3
2023-08-21 18:00:00,18,1956.9,3.1
2023-08-21 19:00:00,19,1360.2,3.5
2023-08-21 20:00:00,20,656.8,3.2
2023-08-21 21:00:00,21,76.6,1.9
2023-08-21 22:00:00,22,,1.4
2023-08-21 23:00:00,23,,
2023-08-22 00:00:00,0,,
2023-08-22 01:00:00,1,,
2023-08-22 02:00:00,2,,
2023-08-22 03:00:00,3,,
2023-08-22 04:00:00,4,,
2023-08-22 05:00:00,5,,
2023-08-22 06:00:00,6,,
2023-08-22 07:00:00,7,,
2023-08-22 08:00:00,8,,
2023-08-22 09:00:00,9,,
2023-08-22 10:00:00,10,,
2023-08-22 11:00:00,11,240.0,2.1
2023-08-22 12:00:00,12,441.0,2.2
2023-08-22 13:00:00,13,856.6,3.1
2023-08-22 14:00:00,14,1105.1,3.2
2023-08-22 15:00:00,15,1213.5,4.1
2023-08-22 16:00:00,16,1336.0,4.1
2023-08-22 17:00:00,17,1569.9,4.5
2023-08-22 18:00:00,18,1631.0,4.0
2023-08-22 19:00:00,19,1223.3,4.6
2023-08-22 20:00:00,20,467.5,2.9
2023-08-22 21:00:00,21,95.0,3.1
2023-08-22 22:00:00,22,,3.3
2023-08-22 23:00:00,23,,3.5
2023-08-23 00:00:00,0,,3.3
2023-08-23 01:00:00,1,,4.1
2023-08-23 02:00:00,2,,3.0
2023-08-23 03:00:00,3,,0.9
2023-08-23 04:00:00,4,,1.4
2023-08-23 05:00:00,5,,1.4
2023-08-23 06:00:00,6,,1.3
2023-08-23 07:00:00,7,,0.8
2023-08-23 08:00:00,8,,1.5
2023-08-23 09:00:00,9,1.2,1.7
2023-08-23 10:00:00,10,106.2,1.4
2023-08-23 11:00:00,11,224.2,1.5
2023-08-23 12:00:00,12,376.8,2.7
2023-08-23 13:00:00,13,979.9,3.2
2023-08-23 14:00:00,14,1698.6,3.8
2023-08-23 15:00:00,15,1333.1,3.5
2023-08-23 16:00:00,16,1963.1,3.6
2023-08-23 17:00:00,17,2398.3,3.0
2023-08-23 18:00:00,18,1958.6,3.1
2023-08-23 19:00:00,19,1343.3,2.6
2023-08-23 20:00:00,20,643.6,3.3
2023-08-23 21:00:00,21,72.2,2.2
2023-08-23 22:00:00,22,,2.3
2023-08-23 23:00:00,23,,1.9
2023-08-24 00:00:00,0,,0.5
2023-08-24 01:00:00,1,,1.3
2023-08-24 02:00:00,2,,1.0
2023-08-24 03:00:00,3,,1.3
2023-08-24 04:00:00,4,,1.4
2023-08-24 05:00:00,5,,2.3
2023-08-24 06:00:00,6,0.0,2.0
2023-08-24 07:00:00,7,,1.8
2023-08-24 08:00:00,8,,1.5
2023-08-24 09:00:00,9,0.7,1.6
2023-08-24 10:00:00,10,70.0,2.1
2023-08-24 11:00:00,11,240.6,2.5
2023-08-24 12:00:00,12,467.7,2.3
2023-08-24 13:00:00,13,740.7,3.3
2023-08-24 14:00:00,14,1598.3,3.0
2023-08-24 15:00:00,15,1360.8,2.7
2023-08-24 16:00:00,16,2286.8,3.6
2023-08-24 17:00:00,17,2463.6,3.4
2023-08-24 18:00:00,18,1989.3,2.6
2023-08-24 19:00:00,19,1363.4,3.6
2023-08-24 20:00:00,20,654.0,3.0
2023-08-24 21:00:00,21,75.1,2.5
2023-08-24 22:00:00,22,,3.4
2023-08-24 23:00:00,23,,4.1
2023-08-25 00:00:00,0,,4.6
2023-08-25 01:00:00,1,,3.2
2023-08-25 02:00:00,2,,0.9
2023-08-25 03:00:00,3,,1.0
2023-08-25 04:00:00,4,,0.5
2023-08-25 05:00:00,5,,0.7
2023-08-25 06:00:00,6,,1.1
2023-08-25 07:00:00,7,,1.0
2023-08-25 08:00:00,8,,0.4
2023-08-25 09:00:00,9,2.8,0.6
2023-08-25 10:00:00,10,342.1,1.9
2023-08-25 11:00:00,11,985.7,2.2
2023-08-25 12:00:00,12,1267.5,1.3
2023-08-25 13:00:00,13,2242.1,1.9
2023-08-25 14:00:00,14,2081.8,3.5
2023-08-25 15:00:00,15,1345.8,2.9
2023-08-25 16:00:00,16,2336.4,2.7
2023-08-25 17:00:00,17,2457.6,2.7
2023-08-25 18:00:00,18,1967.9,3.6
2023-08-25 19:00:00,19,,
2023-08-25 20:00:00,20,,
2023-08-25 21:00:00,21,73.9,1.5
2023-08-25 22:00:00,22,,1.5
2023-08-25 23:00:00,23,,1.2
2023-08-26 00:00:00,0,,0.9
2023-08-26 01:00:00,1,,1.8
2023-08-26 02:00:00,2,,1.7
2023-08-26 03:00:00,3,,1.2
2023-08-26 04:00:00,4,,
2023-08-26 05:00:00,5,,1.4
2023-08-26 06:00:00,6,,1.3
2023-08-26 07:00:00,7,,2.2
2023-08-26 08:00:00,8,,2.3
2023-08-26 09:00:00,9,2.0,1.9
2023-08-26 10:00:00,10,294.7,2.2
2023-08-26 11:00:00,11,980.2,2.2
2023-08-26 12:00:00,12,1691.1,1.5
2023-08-26 13:00:00,13,2226.5,1.8
2023-08-26 14:00:00,14,1921.9,2.4
2023-08-26 15:00:00,15,570.1,1.5
2023-08-26 16:00:00,16,2158.8,1.6
2023-08-26 17:00:00,17,2424.9,3.0
2023-08-26 18:00:00,18,1980.4,2.2
2023-08-26 19:00:00,19,1368.9,2.0
2023-08-26 20:00:00,20,653.5,1.6
2023-08-26 21:00:00,21,44.2,1.3
2023-08-26 22:00:00,22,,1.2
2023-08-26 23:00:00,23,,1.6
2023-08-27 00:00:00,0,,1.2
2023-08-27 01:00:00,1,,0.5
2023-08-27 02:00:00,2,,2.2
2023-08-27 03:00:00,3,,1.3
2023-08-27 04:00:00,4,,1.6
2023-08-27 05:00:00,5,,1.8
2023-08-27 06:00:00,6,,1.9
2023-08-27 07:00:00,7,,2.1
2023-08-27 08:00:00,8,,1.2
2023-08-27 09:00:00,9,3.5,2.0
2023-08-27 10:00:00,10,324.4,1.7
2023-08-27 11:00:00,11,1009.4,1.8
2023-08-27 12:00:00,12,1678.2,2.1
2023-08-27 13:00:00,13,2221.7,2.1
2023-08-27 14:00:00,14,1683.9,2.8
2023-08-27 15:00:00,15,1062.1,3.3
2023-08-27 16:00:00,16,1988.3,2.9
2023-08-27 17:00:00,17,2476.9,3.6
2023-08-27 18:00:00,18,1980.9,2.9
2023-08-27 19:00:00,19,1288.2,4.0
2023-08-27 20:00:00,20,604.2,3.6
2023-08-27 21:00:00,21,66.8,2.5
2023-08-27 22:00:00,22,,2.5
2023-08-27 23:00:00,23,,2.9
2023-08-28 00:00:00,0,,2.5
2023-08-28 01:00:00,1,,2.4
2023-08-28 02:00:00,2,,1.9
2023-08-28 03:00:00,3,,1.8
2023-08-28 04:00:00,4,,1.9
2023-08-28 05:00:00,5,,1.7
2023-08-28 06:00:00,6,,2.5
2023-08-28 07:00:00,7,,1.8
2023-08-28 08:00:00,8,,1.8
2023-08-28 09:00:00,9,,1.4
2023-08-28 10:00:00,10,37.3,1.6
2023-08-28 11:00:00,11,119.9,1.4
2023-08-28 12:00:00,12,459.4,1.3
2023-08-28 13:00:00,13,1661.3,1.8
2023-08-28 14:00:00,14,1254.3,1.6
2023-08-28 15:00:00,15,1197.6,2.3
2023-08-28 16:00:00,16,2231.6,2.2
2023-08-28 17:00:00,17,2267.8,1.9
2023-08-28 18:00:00,18,1898.3,1.7
2023-08-28 19:00:00,19,1102.4,3.1
2023-08-28 20:00:00,20,578.5,2.2
2023-08-28 21:00:00,21,57.2,1.7
2023-08-28 22:00:00,22,,1.6
2023-08-28 23:00:00,23,,1.7
2023-08-29 00:00:00,0,,1.6
2023-08-29 01:00:00,1,,1.8
2023-08-29 02:00:00,2,,1.5
2023-08-29 03:00:00,3,,1.4
2023-08-29 04:00:00,4,,1.8
2023-08-29 05:00:00,5,,1.6
2023-08-29 06:00:00,6,,1.8
2023-08-29 07:00:00,7,,2.2
2023-08-29 08:00:00,8,,2.6
2023-08-29 09:00:00,9,,2.4
2023-08-29 10:00:00,10,41.1,1.8
2023-08-29 11:00:00,11,214.5,1.5
2023-08-29 12:00:00,12,281.9,2.3
2023-08-29 13:00:00,13,517.3,2.4
2023-08-29 14:00:00,14,644.7,2.5
2023-08-29 15:00:00,15,,
2023-08-29 16:00:00,16,1268.8,3.0
2023-08-29 17:00:00,17,1477.5,3.6
2023-08-29 18:00:00,18,1835.0,2.8
2023-08-29 19:00:00,19,1235.3,3.0
2023-08-29 20:00:00,20,551.4,1.6
2023-08-29 21:00:00,21,54.9,1.4
2023-08-29 22:00:00,22,,1.3
2023-08-29 23:00:00,23,,3.1
2023-08-30 00:00:00,0,,2.1
2023-08-30 01:00:00,1,,3.1
2023-08-30 02:00:00,2,,1.8
2023-08-30 03:00:00,3,,1.6
2023-08-30 04:00:00,4,,1.7
2023-08-30 05:00:00,5,,1.9
2023-08-30 06:00:00,6,,1.9
2023-08-30 07:00:00,7,,1.8
2023-08-30 08:00:00,8,,1.5
2023-08-30 09:00:00,9,6.2,1.8
2023-08-30 10:00:00,10,207.5,1.7
2023-08-30 11:00:00,11,892.2,2.2
2023-08-30 12:00:00,12,1577.1,2.1
2023-08-30 13:00:00,13,2135.3,2.3
2023-08-30 14:00:00,14,2224.1,2.4
2023-08-30 15:00:00,15,1493.9,2.7
2023-08-30 16:00:00,16,2362.6,3.1
2023-08-30 17:00:00,17,2325.2,3.3
2023-08-30 18:00:00,18,1853.9,2.5
2023-08-30 19:00:00,19,1229.6,2.7
2023-08-30 20:00:00,20,548.2,2.7
2023-08-30 21:00:00,21,52.3,2.1
2023-08-30 22:00:00,22,,2.0
2023-08-30 23:00:00,23,,1.7
2023-08-31 00:00:00,0,,1.5
2023-08-31 01:00:00,1,,1.7
2023-08-31 02:00:00,2,,1.5
2023-08-31 03:00:00,3,,1.7
2023-08-31 04:00:00,4,,1.5
2023-08-31 05:00:00,5,,2.1
2023-08-31 06:00:00,6,,2.1
2023-08-31 07:00:00,7,,1.8
2023-08-31 08:00:00,8,0.4,1.7
2023-08-31 09:00:00,9,0.4,2.2
2023-08-31 10:00:00,10,26.9,1.8
2023-08-31 11:00:00,11,83.5,1.9
2023-08-31 12:00:00,12,286.2,1.7
2023-08-31 13:00:00,13,337.4,1.9
2023-08-31 14:00:00,14,497.5,1.7
2023-08-31 15:00:00,15,1380.9,1.5
2023-08-31 16:00:00,16,2437.2,1.9
2023-08-31 17:00:00,17,2300.2,2.3
2023-08-31 18:00:00,18,1838.5,1.9
2023-08-31 19:00:00,19,1232.8,2.5
2023-08-31 20:00:00,20,553.2,2.6
2023-08-31 21:00:00,21,53.8,1.3
2023-08-31 22:00:00,22,,1.7
2023-08-31 23:00:00,23,,1.8
2023-09-01 00:00:00,0,,
2023-09-01 01:00:00,1,,1.6
2023-09-01 02:00:00,2,,1.3
2023-09-01 03:00:00,3,,1.5
2023-09-01 04:00:00,4,,2.6
2023-09-01 05:00:00,5,,2.5
2023-09-01 06:00:00,6,,2.6
2023-09-01 07:00:00,7,,2.5
2023-09-01 08:00:00,8,,2.8
2023-09-01 09:00:00,9,1.3,2.1
2023-09-01 10:00:00,10,56.1,2.9
2023-09-01 11:00:00,11,159.7,2.4
2023-09-01 12:00:00,12,572.8,2.7
2023-09-01 13:00:00,13,1768.5,2.9
2023-09-01 14:00:00,14,2312.5,3.3
2023-09-01 15:00:00,15,2114.0,3.3
2023-09-01 16:00:00,16,2499.6,3.4
2023-09-01 17:00:00,17,2385.2,4.0
2023-09-01 18:00:00,18,1934.5,3.4
2023-09-01 19:00:00,19,1313.2,4.3
2023-09-01 20:00:00,20,598.5,4.0
2023-09-01 21:00:00,21,58.1,3.0
2023-09-01 22:00:00,22,,4.7
2023-09-01 23:00:00,23,,3.3
2023-09-02 00:00:00,0,,4.6
2023-09-02 01:00:00,1,,5.5
2023-09-02 02:00:00,2,,4.1
2023-09-02 03:00:00,3,,1.8
2023-09-02 04:00:00,4,,1.7
2023-09-02 05:00:00,5,,1.6
2023-09-02 06:00:00,6,,2.1
2023-09-02 07:00:00,7,,1.8
2023-09-02 08:00:00,8,,1.7
2023-09-02 09:00:00,9,1.8,2.2
2023-09-02 10:00:00,10,170.2,2.7
2023-09-02 11:00:00,11,371.3,3.1
2023-09-02 12:00:00,12,906.4,3.1
2023-09-02 13:00:00,13,1068.3,2.4
2023-09-02 14:00:00,14,1823.2,2.9
2023-09-02 15:00:00,15,2228.7,2.8
2023-09-02 16:00:00,16,2424.8,2.9
2023-09-02 17:00:00,17,2256.5,3.2
2023-09-02 18:00:00,18,1929.2,3.2
2023-09-02 19:00:00,19,1326.5,3.5
2023-09-02 20:00:00,20,619.4,3.9
2023-09-02 21:00:00,21,65.2,3.5
2023-09-02 22:00:00,22,,2.7
2023-09-02 23:00:00,23,,3.4
2023-09-03 00:00:00,0,,4.3
2023-09-03 01:00:00,1,,3.7
2023-09-03 02:00:00,2,,3.5
2023-09-03 03:00:00,3,,0.9
2023-09-03 04:00:00,4,,1.6
2023-09-03 05:00:00,5,,1.6
2023-09-03 06:00:00,6,,2.5
2023-09-03 07:00:00,7,,1.8
2023-09-03 08:00:00,8,,2.0
2023-09-03 09:00:00,9,2.8,1.9
2023-09-03 10:00:00,10,102.7,2.0
2023-09-03 11:00:00,11,329.6,3.0
2023-09-03 12:00:00,12,667.6,4.1
2023-09-03 13:00:00,13,1723.8,4.5
2023-09-03 14:00:00,14,1678.8,3.6
2023-09-03 15:00:00,15,2339.5,4.6
2023-09-03 16:00:00,16,2337.6,5.3
2023-09-03 17:00:00,17,2379.7,4.3
2023-09-03 18:00:00,18,1832.9,3.5
2023-09-03 19:00:00,19,1294.6,4.7
2023-09-03 20:00:00,20,525.9,4.0
2023-09-03 21:00:00,21,62.3,2.8
2023-09-03 22:00:00,22,,3.6
2023-09-03 23:00:00,23,,4.0
2023-09-04 00:00:00,0,,5.0
2023-09-04 01:00:00,1,,2.7
2023-09-04 02:00:00,2,,3.7
2023-09-04 03:00:00,3,,3.3
2023-09-04 04:00:00,4,,2.3
2023-09-04 05:00:00,5,,4.2
2023-09-04 06:00:00,6,,3.6
2023-09-04 07:00:00,7,,2.4
2023-09-04 08:00:00,8,,1.2
2023-09-04 09:00:00,9,3.8,1.2
2023-09-04 10:00:00,10,192.0,2.3
2023-09-04 11:00:00,11,676.9,3.2
2023-09-04 12:00:00,12,1310.1,4.8
2023-09-04 13:00:00,13,1460.8,3.7
2023-09-04 14:00:00,14,1984.1,6.0
2023-09-04 15:00:00,15,1607.9,3.7
2023-09-04 16:00:00,16,1841.4,4.5
2023-09-04 17:00:00,17,2123.6,4.5
2023-09-04 18:00:00,18,1344.1,5.2
2023-09-04 19:00:00,19,1300.8,4.9
2023-09-04 20:00:00,20,517.0,4.2
2023-09-04 21:00:00,21,57.9,3.2
2023-09-04 22:00:00,22,,2.1
2023-09-04 23:00:00,23,,2.2
2023-09-05 00:00:00,0,,2.5
2023-09-05 01:00:00,1,,2.3
2023-09-05 02:00:00,2,,1.2
2023-09-05 03:00:00,3,,2.2
2023-09-05 04:00:00,4,,1.4
2023-09-05 05:00:00,5,,1.2
2023-09-05 06:00:00,6,,1.6
2023-09-05 07:00:00,7,,1.3
2023-09-05 08:00:00,8,,2.8
2023-09-05 09:00:00,9,7.5,1.5
2023-09-05 10:00:00,10,119.3,1.8
2023-09-05 11:00:00,11,527.5,2.1
2023-09-05 12:00:00,12,714.8,3.2
2023-09-05 13:00:00,13,774.5,3.8
2023-09-05 14:00:00,14,1248.1,3.5
2023-09-05 15:00:00,15,1302.3,3.1
2023-09-05 16:00:00,16,1908.4,3.9
2023-09-05 17:00:00,17,1545.6,4.2
2023-09-05 18:00:00,18,1556.4,4.7
2023-09-05 19:00:00,19,1225.3,4.5
2023-09-05 20:00:00,20,549.4,3.7
2023-09-05 21:00:00,21,68.8,2.3
2023-09-05 22:00:00,22,,3.3
2023-09-05 23:00:00,23,,5.3
2023-09-06 00:00:00,0,,
2023-09-06 01:00:00,1,,2.5
2023-09-06 02:00:00,2,,1.9
2023-09-06 03:00:00,3,,4.0
2023-09-06 04:00:00,4,,4.1
2023-09-06 05:00:00,5,,3.9
2023-09-06 06:00:00,6,,2.9
2023-09-06 07:00:00,7,,2.5
2023-09-06 08:00:00,8,,1.3
2023-09-06 09:00:00,9,6.9,1.7
2023-09-06 10:00:00,10,305.5,2.2
2023-09-06 11:00:00,11,584.6,3.7
2023-09-06 12:00:00,12,1041.5,4.7
2023-09-06 13:00:00,13,1513.8,4.7
2023-09-06 14:00:00,14,2126.8,5.1
2023-09-06 15:00:00,15,2738.6,5.7
2023-09-06 16:00:00,16,2750.8,6.5
2023-09-06 17:00:00,17,1680.8,5.6
2023-09-06 18:00:00,18,918.2,4.3
2023-09-06 19:00:00,19,489.1,5.6
2023-09-06 20:00:00,20,238.0,6.1
2023-09-06 21:00:00,21,21.8,5.6
2023-09-06 22:00:00,22,,5.9
2023-09-06 23:00:00,23,,5.5
2023-09-07 00:00:00,0,,3.9
2023-09-07 01:00:00,1,,4.2
2023-09-07 02:00:00,2,,2.9
2023-09-07 03:00:00,3,,2.3
2023-09-07 04:00:00,4,,3.7
2023-09-07 05:00:00,5,,3.5
2023-09-07 06:00:00,6,,2.7
2023-09-07 07:00:00,7,,2.2
2023-09-07 08:00:00,8,,3.2
2023-09-07 09:00:00,9,11.8,1.3
2023-09-07 10:00:00,10,281.9,2.7
2023-09-07 11:00:00,11,365.4,1.8
2023-09-07 12:00:00,12,989.1,3.4
2023-09-07 13:00:00,13,1124.3,3.5
2023-09-07 14:00:00,14,1209.9,3.2
2023-09-07 15:00:00,15,1806.9,3.9
2023-09-07 16:00:00,16,2041.6,4.9
2023-09-07 17:00:00,17,1698.1,5.6
2023-09-07 18:00:00,18,1439.4,5.1
2023-09-07 19:00:00,19,1021.9,5.2
2023-09-07 20:00:00,20,772.5,4.9
2023-09-07 21:00:00,21,99.1,2.7
2023-09-07 22:00:00,22,,4.3
2023-09-07 23:00:00,23,,4.2
2023-09-08 00:00:00,0,,3.8
2023-09-08 01:00:00,1,,4.4
2023-09-08 02:00:00,2,,1.7
2023-09-08 03:00:00,3,,2.4
2023-09-08 04:00:00,4,,2.6
2023-09-08 05:00:00,5,,2.3
2023-09-08 06:00:00,6,,2.5
2023-09-08 07:00:00,7,,3.1
2023-09-08 08:00:00,8,,2.3
2023-09-08 09:00:00,9,11.0,2.7
2023-09-08 10:00:00,10,175.5,3.4
2023-09-08 11:00:00,11,404.1,2.8
2023-09-08 12:00:00,12,1103.7,3.1
2023-09-08 13:00:00,13,1381.3,4.7
2023-09-08 14:00:00,14,1404.3,5.3
2023-09-08 15:00:00,15,1728.6,5.2
2023-09-08 16:00:00,16,2196.3,4.4
2023-09-08 17:00:00,17,2210.6,4.7
2023-09-08 18:00:00,18,1535.7,5.2
2023-09-08 19:00:00,19,1437.4,4.7
2023-09-08 20:00:00,20,614.1,4.5
2023-09-08 21:00:00,21,76.9,2.8
2023-09-08 22:00:00,22,,4.1
2023-09-08 23:00:00,23,,5.1
2023-09-09 00:00:00,0,,6.9
2023-09-09 01:00:00,1,,4.9
2023-09-09 02:00:00,2,,3.7
2023-09-09 03:00:00,3,,4.0
2023-09-09 04:00:00,4,,2.0
2023-09-09 05:00:00,5,,2.7
2023-09-09 06:00:00,6,,2.5
2023-09-09 07:00:00,7,,2.9
2023-09-09 08:00:00,8,,2.2
2023-09-09 09:00:00,9,13.6,1.9
2023-09-09 10:00:00,10,185.1,2.7
2023-09-09 11:00:00,11,688.6,3.8
2023-09-09 12:00:00,12,1612.7,4.7
2023-09-09 13:00:00,13,1438.3,3.6
2023-09-09 14:00:00,14,1984.4,4.1
2023-09-09 15:00:00,15,2851.7,4.5
2023-09-09 16:00:00,16,2607.7,4.6
2023-09-09 17:00:00,17,2213.5,3.9
2023-09-09 18:00:00,18,1802.0,3.9
2023-09-09 19:00:00,19,1432.2,4.3
2023-09-09 20:00:00,20,641.3,3.9
2023-09-09 21:00:00,21,83.8,2.6
2023-09-09 22:00:00,22,,3.3
2023-09-09 23:00:00,23,,3.2
2023-09-10 00:00:00,0,,4.6
2023-09-10 01:00:00,1,,4.4
2023-09-10 02:00:00,2,,4.0
2023-09-10 03:00:00,3,,2.7
2023-09-10 04:00:00,4,,2.5
2023-09-10 05:00:00,5,,2.4
2023-09-10 06:00:00,6,,2.2
2023-09-10 07:00:00,7,,3.5
2023-09-10 08:00:00,8,,2.5
2023-09-10 09:00:00,9,9.1,2.3
2023-09-10 10:00:00,10,267.1,3.0
2023-09-10 11:00:00,11,505.8,3.1
2023-09-10 12:00:00,12,1044.1,3.7
2023-09-10 13:00:00,13,1196.3,3.9
2023-09-10 14:00:00,14,1640.3,3.4
2023-09-10 15:00:00,15,1342.4,4.1
2023-09-10 16:00:00,16,1568.7,3.7
2023-09-10 17:00:00,17,1628.7,4.3
2023-09-10 18:00:00,18,1732.0,4.8
2023-09-10 19:00:00,19,1308.1,4.6
2023-09-10 20:00:00,20,628.9,4.4
2023-09-10 21:00:00,21,79.3,4.2
2023-09-10 22:00:00,22,,4.4
2023-09-10 23:00:00,23,,3.8
2023-09-11 00:00:00,0,,3.9
2023-09-11 01:00:00,1,,3.6
2023-09-11 02:00:00,2,0.0,4.3
2023-09-11 03:00:00,3,,3.0
2023-09-11 04:00:00,4,,3.4
2023-09-11 05:00:00,5,,3.5
2023-09-11 06:00:00,6,,4.2
2023-09-11 07:00:00,7,,3.5
2023-09-11 08:00:00,8,,3.4
2023-09-11 09:00:00,9,7.6,3.2
2023-09-11 10:00:00,10,117.8,2.8
2023-09-11 11:00:00,11,305.1,3.7
2023-09-11 12:00:00,12,809.9,4.0
2023-09-11 13:00:00,13,1052.0,4.1
2023-09-11 14:00:00,14,1825.9,6.1
2023-09-11 15:00:00,15,1758.3,3.4
2023-09-11 16:00:00,16,780.5,2.9
2023-09-11 17:00:00,17,1415.6,4.9
2023-09-11 18:00:00,18,1320.3,3.5
2023-09-11 19:00:00,19,981.4,4.3
2023-09-11 20:00:00,20,325.3,2.5
2023-09-11 21:00:00,21,111.8,4.6
2023-09-11 22:00:00,22,,4.7
2023-09-11 23:00:00,23,,3.3
2023-09-12 00:00:00,0,,3.3
2023-09-12 01:00:00,1,,3.0
2023-09-12 02:00:00,2,,3.0
2023-09-12 03:00:00,3,,3.1
2023-09-12 04:00:00,4,,2.1
2023-09-12 05:00:00,5,,2.5
2023-09-12 06:00:00,6,,2.2
2023-09-12 07:00:00,7,,2.3
2023-09-12 08:00:00,8,,2.3
2023-09-12 09:00:00,9,14.9,1.9
2023-09-12 10:00:00,10,246.8,1.8
2023-09-12 11:00:00,11,925.8,3.1
2023-09-12 12:00:00,12,1305.0,3.2
2023-09-12 13:00:00,13,1454.9,3.4
2023-09-12 14:00:00,14,1651.6,3.3
2023-09-12 15:00:00,15,,
2023-09-12 16:00:00,16,2035.3,4.2
2023-09-12 17:00:00,17,1751.6,3.9
2023-09-12 18:00:00,18,1320.2,4.3
2023-09-12 19:00:00,19,1034.9,3.4
2023-09-12 20:00:00,20,620.4,4.1
2023-09-12 21:00:00,21,78.4,2.6
2023-09-12 22:00:00,22,,4.4
2023-09-12 23:00:00,23,,3.9
2023-09-13 00:00:00,0,,3.5
2023-09-13 01:00:00,1,,
2023-09-13 02:00:00,2,,5.5
2023-09-13 03:00:00,3,,3.4
2023-09-13 04:00:00,4,,3.0
2023-09-13 05:00:00,5,,2.9
2023-09-13 06:00:00,6,,2.6
2023-09-13 07:00:00,7,,2.0
2023-09-13 08:00:00,8,,2.0
2023-09-13 09:00:00,9,13.4,1.9
2023-09-13 10:00:00,10,348.2,2.8
2023-09-13 11:00:00,11,981.4,4.1
2023-09-13 12:00:00,12,1665.7,5.4
2023-09-13 13:00:00,13,2380.1,4.7
2023-09-13 14:00:00,14,2805.4,5.0
2023-09-13 15:00:00,15,2955.7,4.4
2023-09-13 16:00:00,16,2867.3,4.2
2023-09-13 17:00:00,17,2546.9,5.4
2023-09-13 18:00:00,18,2016.4,5.2
2023-09-13 19:00:00,19,1350.7,4.9
2023-09-13 20:00:00,20,621.0,3.6
2023-09-13 21:00:00,21,62.9,4.1
2023-09-13 22:00:00,22,,3.6
2023-09-13 23:00:00,23,,3.2
2023-09-14 00:00:00,0,,4.6
2023-09-14 01:00:00,1,,3.8
2023-09-14 02:00:00,2,,3.7
2023-09-14 03:00:00,3,,2.3
2023-09-14 04:00:00,4,,1.8
2023-09-14 05:00:00,5,,1.8
2023-09-14 06:00:00,6,,2.0
2023-09-14 07:00:00,7,,2.3
2023-09-14 08:00:00,8,,2.6
2023-09-14 09:00:00,9,9.0,2.3
2023-09-14 10:00:00,10,204.8,3.1
2023-09-14 11:00:00,11,460.7,3.8
2023-09-14 12:00:00,12,797.0,3.2
2023-09-14 13:00:00,13,1220.2,3.2
2023-09-14 14:00:00,14,2613.8,2.8
2023-09-14 15:00:00,15,2818.0,4.1
2023-09-14 16:00:00,16,2730.7,3.0
2023-09-14 17:00:00,17,2424.2,2.7
2023-09-14 18:00:00,18,1927.2,3.8
2023-09-14 19:00:00,19,1278.4,3.3
2023-09-14 20:00:00,20,567.4,2.8
2023-09-14 21:00:00,21,54.1,3.6
2023-09-14 22:00:00,22,,2.7
2023-09-14 23:00:00,23,,1.7
2023-09-15 00:00:00,0,,1.7
2023-09-15 01:00:00,1,,1.8
2023-09-15 02:00:00,2,,1.0
2023-09-15 03:00:00,3,,0.7
2023-09-15 04:00:00,4,,1.4
2023-09-15 05:00:00,5,,1.0
2023-09-15 06:00:00,6,,0.7
2023-09-15 07:00:00,7,,0.6
2023-09-15 08:00:00,8,,1.2
2023-09-15 09:00:00,9,13.9,3.0
2023-09-15 10:00:00,10,168.5,2.4
2023-09-15 11:00:00,11,457.5,1.9
2023-09-15 12:00:00,12,552.3,2.7
2023-09-15 13:00:00,13,1059.2,3.5
2023-09-15 14:00:00,14,2637.4,3.3
2023-09-15 15:00:00,15,2914.7,3.1
2023-09-15 16:00:00,16,2858.2,2.9
2023-09-15 17:00:00,17,2547.1,3.5
2023-09-15 18:00:00,18,2044.7,3.8
2023-09-15 19:00:00,19,1392.9,4.1
2023-09-15 20:00:00,20,661.5,4.2
2023-09-15 21:00:00,21,72.3,3.5
2023-09-15 22:00:00,22,,4.3
2023-09-15 23:00:00,23,,4.6
2023-09-16 00:00:00,0,,4.9
2023-09-16 01:00:00,1,,4.2
2023-09-16 02:00:00,2,,5.1
2023-09-16 03:00:00,3,,3.0
2023-09-16 04:00:00,4,,3.0
2023-09-16 05:00:00,5,,5.2
2023-09-16 06:00:00,6,,3.9
2023-09-16 07:00:00,7,,2.5
2023-09-16 08:00:00,8,,2.3
2023-09-16 09:00:00,9,7.2,1.8
2023-09-16 10:00:00,10,196.1,2.2
2023-09-16 11:00:00,11,755.2,4.5
2023-09-16 12:00:00,12,1381.5,4.8
2023-09-16 13:00:00,13,1290.9,4.5
2023-09-16 14:00:00,14,2146.2,3.8
2023-09-16 15:00:00,15,3033.4,3.9
2023-09-16 16:00:00,16,2886.2,3.0
2023-09-16 17:00:00,17,2574.5,5.2
2023-09-16 18:00:00,18,2077.6,4.2
2023-09-16 19:00:00,19,1418.7,4.5
2023-09-16 20:00:00,20,665.4,4.3
2023-09-16 21:00:00,21,73.6,3.9
2023-09-16 22:00:00,22,,3.6
2023-09-16 23:00:00,23,,3.9
2023-09-17 00:00:00,0,,4.9
2023-09-17 01:00:00,1,,5.5
2023-09-17 02:00:00,2,,4.5
2023-09-17 03:00:00,3,,5.2
2023-09-17 04:00:00,4,,4.7
2023-09-17 05:00:00,5,,2.7
2023-09-17 06:00:00,6,,2.0
2023-09-17 07:00:00,7,,2.7
2023-09-17 08:00:00,8,,1.5
2023-09-17 09:00:00,9,16.8,2.0
2023-09-17 10:00:00,10,386.3,3.1
2023-09-17 11:00:00,11,849.3,3.7
2023-09-17 12:00:00,12,987.7,3.6
2023-09-17 13:00:00,13,1191.3,4.4
2023-09-17 14:00:00,14,1902.6,4.2
2023-09-17 15:00:00,15,2420.4,4.3
2023-09-17 16:00:00,16,2561.8,4.2
2023-09-17 17:00:00,17,2439.7,4.5
2023-09-17 18:00:00,18,1694.3,4.7
2023-09-17 19:00:00,19,1282.3,5.0
2023-09-17 20:00:00,20,554.7,4.7
2023-09-17 21:00:00,21,55.7,3.8
2023-09-17 22:00:00,22,,5.0
2023-09-17 23:00:00,23,,4.3
2023-09-18 00:00:00,0,,6.9
2023-09-18 01:00:00,1,,5.7
2023-09-18 02:00:00,2,,5.1
2023-09-18 03:00:00,3,,3.6
2023-09-18 04:00:00,4,,3.9
2023-09-18 05:00:00,5,,3.1
2023-09-18 06:00:00,6,,3.4
2023-09-18 07:00:00,7,,3.4
2023-09-18 08:00:00,8,,3.8
2023-09-18 09:00:00,9,7.8,2.7
2023-09-18 10:00:00,10,85.3,3.9
2023-09-18 11:00:00,11,286.4,4.0
2023-09-18 12:00:00,12,932.3,3.8
2023-09-18 13:00:00,13,981.3,4.7
2023-09-18 14:00:00,14,1665.7,5.1
2023-09-18 15:00:00,15,2547.1,5.2
2023-09-18 16:00:00,16,2194.5,6.1
2023-09-18 17:00:00,17,2251.7,5.7
2023-09-18 18:00:00,18,1886.1,5.5
2023-09-18 19:00:00,19,1085.4,5.6
2023-09-18 20:00:00,20,440.2,5.0
2023-09-18 21:00:00,21,50.7,3.4
2023-09-18 22:00:00,22,,4.8
2023-09-18 23:00:00,23,,5.7
2023-09-19 00:00:00,0,,3.8
2023-09-19 01:00:00,1,,5.1
2023-09-19 02:00:00,2,,3.4
2023-09-19 03:00:00,3,,3.4
2023-09-19 04:00:00,4,,1.4
2023-09-19 05:00:00,5,,3.1
2023-09-19 06:00:00,6,,1.8
2023-09-19 07:00:00,7,,2.2
2023-09-19 08:00:00,8,,2.2
2023-09-19 09:00:00,9,17.7,2.1
2023-09-19 10:00:00,10,199.1,2.7
2023-09-19 11:00:00,11,256.8,3.1
2023-09-19 12:00:00,12,970.3,3.8
2023-09-19 13:00:00,13,984.4,4.2
2023-09-19 14:00:00,14,1052.7,4.4
2023-09-19 15:00:00,15,1331.9,4.1
2023-09-19 16:00:00,16,1018.1,4.4
2023-09-19 17:00:00,17,828.4,4.5
2023-09-19 18:00:00,18,476.5,3.7
2023-09-19 19:00:00,19,212.7,3.8
2023-09-19 20:00:00,20,153.1,3.3
2023-09-19 21:00:00,21,15.3,3.1
2023-09-19 22:00:00,22,,2.4
2023-09-19 23:00:00,23,,1.6
2023-09-20 00:00:00,0,,3.3
2023-09-20 01:00:00,1,,3.1
2023-09-20 02:00:00,2,,4.2
2023-09-20 03:00:00,3,,4.5
2023-09-20 04:00:00,4,,3.6
2023-09-20 05:00:00,5,,4.0
2023-09-20 06:00:00,6,,3.5
2023-09-20 07:00:00,7,,3.7
2023-09-20 08:00:00,8,,2.4
2023-09-20 09:00:00,9,14.9,3.3
2023-09-20 10:00:00,10,261.1,3.5
2023-09-20 11:00:00,11,811.9,4.8
2023-09-20 12:00:00,12,872.7,4.0
2023-09-20 13:00:00,13,1051.6,4.4
2023-09-20 14:00:00,14,1451.3,5.0
2023-09-20 15:00:00,15,2181.3,3.8
2023-09-20 16:00:00,16,2110.7,4.9
2023-09-20 17:00:00,17,1450.1,4.7
2023-09-20 18:00:00,18,1239.4,4.5
2023-09-20 19:00:00,19,871.4,4.7
2023-09-20 20:00:00,20,322.8,4.1
2023-09-20 21:00:00,21,51.1,2.9
2023-09-20 22:00:00,22,,2.0
2023-09-20 23:00:00,23,,3.6
2023-09-21 00:00:00,0,,3.4
2023-09-21 01:00:00,1,,3.6
2023-09-21 02:00:00,2,,3.1
2023-09-21 03:00:00,3,,2.8
2023-09-21 04:00:00,4,,2.7
2023-09-21 05:00:00,5,,2.8
2023-09-21 06:00:00,6,,2.2
2023-09-21 07:00:00,7,,2.8
2023-09-21 08:00:00,8,,2.9
2023-09-21 09:00:00,9,7.8,3.2
2023-09-21 10:00:00,10,143.3,3.8
2023-09-21 11:00:00,11,623.2,4.3
2023-09-21 12:00:00,12,1034.0,4.7
2023-09-21 13:00:00,13,945.9,4.8
2023-09-21 14:00:00,14,1583.4,3.5
2023-09-21 15:00:00,15,1585.9,4.0
2023-09-21 16:00:00,16,1948.7,3.9
2023-09-21 17:00:00,17,1719.9,4.3
2023-09-21 18:00:00,18,1590.2,4.0
2023-09-21 19:00:00,19,1095.9,4.0
2023-09-21 20:00:00,20,597.7,4.3
2023-09-21 21:00:00,21,65.1,3.4
2023-09-21 22:00:00,22,,5.7
2023-09-21 23:00:00,23,,5.7
2023-09-22 00:00:00,0,,4.6
2023-09-22 01:00:00,1,,4.5
2023-09-22 02:00:00,2,,5.1
2023-09-22 03:00:00,3,,4.0
2023-09-22 04:00:00,4,,3.1
2023-09-22 05:00:00,5,,2.6
2023-09-22 06:00:00,6,,2.2
2023-09-22 07:00:00,7,,1.9
2023-09-22 08:00:00,8,,2.3
2023-09-22 09:00:00,9,17.6,2.6
2023-09-22 10:00:00,10,245.2,3.3
2023-09-22 11:00:00,11,742.7,3.8
2023-09-22 12:00:00,12,1353.8,3.7
2023-09-22 13:00:00,13,2314.6,3.8
2023-09-22 14:00:00,14,2750.0,4.8
2023-09-22 15:00:00,15,2928.1,3.7
2023-09-22 16:00:00,16,2838.5,4.1
2023-09-22 17:00:00,17,2514.2,2.7
2023-09-22 18:00:00,18,1994.0,3.6
2023-09-22 19:00:00,19,1342.1,4.0
2023-09-22 20:00:00,20,609.9,3.5
2023-09-22 21:00:00,21,59.6,2.3
2023-09-22 22:00:00,22,,2.7
2023-09-22 23:00:00,23,,2.3
2023-09-23 00:00:00,0,,4.9
2023-09-23 01:00:00,1,,2.6
2023-09-23 02:00:00,2,,3.6
2023-09-23 03:00:00,3,,3.7
2023-09-23 04:00:00,4,,2.5
2023-09-23 05:00:00,5,,2.4
2023-09-23 06:00:00,6,,1.3
2023-09-23 07:00:00,7,,1.7
2023-09-23 08:00:00,8,,1.4
2023-09-23 09:00:00,9,17.6,0.7
2023-09-23 10:00:00,10,195.9,2.8
2023-09-23 11:00:00,11,584.0,2.1
2023-09-23 12:00:00,12,1329.3,1.9
2023-09-23 13:00:00,13,1428.9,2.2
2023-09-23 14:00:00,14,1838.3,2.4
2023-09-23 15:00:00,15,2657.1,3.2
2023-09-23 16:00:00,16,2895.4,3.3
2023-09-23 17:00:00,17,2533.4,3.3
2023-09-23 18:00:00,18,2023.2,2.0
2023-09-23 19:00:00,19,1346.5,2.5
2023-09-23 20:00:00,20,574.5,1.8
2023-09-23 21:00:00,21,60.7,1.7
2023-09-23 22:00:00,22,,1.0
2023-09-23 23:00:00,23,,1.5
2023-09-24 00:00:00,0,,2.3
2023-09-24 01:00:00,1,,2.9
2023-09-24 02:00:00,2,,0.9
2023-09-24 03:00:00,3,,1.5
2023-09-24 04:00:00,4,,1.7
2023-09-24 05:00:00,5,,2.3
2023-09-24 06:00:00,6,,3.2
2023-09-24 07:00:00,7,,2.1
2023-09-24 08:00:00,8,,2.9
2023-09-24 09:00:00,9,26.6,2.5
2023-09-24 10:00:00,10,180.7,2.9
2023-09-24 11:00:00,11,346.7,2.7
2023-09-24 12:00:00,12,712.1,2.7
2023-09-24 13:00:00,13,1515.5,2.2
2023-09-24 14:00:00,14,2733.1,2.7
2023-09-24 15:00:00,15,2761.2,2.3
2023-09-24 16:00:00,16,2865.4,2.7
2023-09-24 17:00:00,17,2548.2,2.5
2023-09-24 18:00:00,18,2038.2,2.5
2023-09-24 19:00:00,19,1377.4,2.1
2023-09-24 20:00:00,20,640.2,2.2
2023-09-24 21:00:00,21,63.2,1.7
2023-09-24 22:00:00,22,,0.7
2023-09-24 23:00:00,23,,1.5
2023-09-25 00:00:00,0,,1.1
2023-09-25 01:00:00,1,,2.2
2023-09-25 02:00:00,2,,1.5
2023-09-25 03:00:00,3,,1.5
2023-09-25 04:00:00,4,,2.7
2023-09-25 05:00:00,5,,2.8
2023-09-25 06:00:00,6,,3.1
2023-09-25 07:00:00,7,,2.0
2023-09-25 08:00:00,8,,2.1
2023-09-25 09:00:00,9,6.9,0.9
2023-09-25 10:00:00,10,113.3,1.4
2023-09-25 11:00:00,11,782.0,2.4
2023-09-25 12:00:00,12,1699.4,1.9
2023-09-25 13:00:00,13,2434.5,2.3
2023-09-25 14:00:00,14,2665.0,2.7
2023-09-25 15:00:00,15,2895.3,3.7
2023-09-25 16:00:00,16,2811.3,3.5
2023-09-25 17:00:00,17,2511.1,3.4
2023-09-25 18:00:00,18,2022.3,3.8
2023-09-25 19:00:00,19,1339.3,2.1
2023-09-25 20:00:00,20,605.7,2.8
2023-09-25 21:00:00,21,59.5,1.6
2023-09-25 22:00:00,22,,1.1
2023-09-25 23:00:00,23,,0.8
2023-09-26 00:00:00,0,,2.9
2023-09-26 01:00:00,1,,2.1
2023-09-26 02:00:00,2,,3.3
2023-09-26 03:00:00,3,,1.0
2023-09-26 04:00:00,4,,1.8
2023-09-26 05:00:00,5,,2.3
2023-09-26 06:00:00,6,,2.3
2023-09-26 07:00:00,7,,2.6
2023-09-26 08:00:00,8,,3.0
2023-09-26 09:00:00,9,21.6,3.3
2023-09-26 10:00:00,10,148.0,3.2
2023-09-26 11:00:00,11,344.2,3.3
2023-09-26 12:00:00,12,1219.5,2.7
2023-09-26 13:00:00,13,2487.5,2.8
2023-09-26 14:00:00,14,2810.1,3.2
2023-09-26 15:00:00,15,2944.2,3.9
2023-09-26 16:00:00,16,2854.7,3.4
2023-09-26 17:00:00,17,2570.9,3.0
2023-09-26 18:00:00,18,2068.7,3.1
2023-09-26 19:00:00,19,1414.3,2.8
2023-09-26 20:00:00,20,660.2,2.7
2023-09-26 21:00:00,21,66.2,1.7
2023-09-26 22:00:00,22,,0.9
2023-09-26 23:00:00,23,,2.5
2023-09-27 00:00:00,0,,1.2
2023-09-27 01:00:00,1,,3.4
2023-09-27 02:00:00,2,,1.8
2023-09-27 03:00:00,3,,1.1
2023-09-27 04:00:00,4,,1.6
2023-09-27 05:00:00,5,,1.6
2023-09-27 06:00:00,6,,1.8
2023-09-27 07:00:00,7,,2.0
2023-09-27 08:00:00,8,,1.7
2023-09-27 09:00:00,9,40.8,1.4
2023-09-27 10:00:00,10,323.9,1.6
2023-09-27 11:00:00,11,904.4,1.2
2023-09-27 12:00:00,12,1482.4,1.0
2023-09-27 13:00:00,13,1424.2,1.3
2023-09-27 14:00:00,14,2652.7,2.6
2023-09-27 15:00:00,15,2494.0,2.8
2023-09-27 16:00:00,16,2290.3,2.3
2023-09-27 17:00:00,17,1704.6,3.9
2023-09-27 18:00:00,18,1547.7,3.0
2023-09-27 19:00:00,19,1364.1,1.2
2023-09-27 20:00:00,20,586.3,2.1
2023-09-27 21:00:00,21,52.7,1.7
2023-09-27 22:00:00,22,,1.7
2023-09-27 23:00:00,23,,0.6
2023-09-28 00:00:00,0,,2.8
2023-09-28 01:00:00,1,,1.6
2023-09-28 02:00:00,2,,1.3
2023-09-28 03:00:00,3,,1.3
2023-09-28 04:00:00,4,,1.4
2023-09-28 05:00:00,5,,1.9
2023-09-28 06:00:00,6,,2.0
2023-09-28 07:00:00,7,,1.7
2023-09-28 08:00:00,8,,2.3
2023-09-28 09:00:00,9,51.0,2.0
2023-09-28 10:00:00,10,545.0,2.4
2023-09-28 11:00:00,11,1131.1,1.5
2023-09-28 12:00:00,12,1779.9,2.7
2023-09-28 13:00:00,13,2376.1,2.3
2023-09-28 14:00:00,14,2709.2,3.1
2023-09-28 15:00:00,15,2654.3,2.7
2023-09-28 16:00:00,16,2269.2,3.1
2023-09-28 17:00:00,17,2210.6,1.5
2023-09-28 18:00:00,18,1245.1,1.5
2023-09-28 19:00:00,19,1096.7,2.1
2023-09-28 20:00:00,20,313.5,1.7
2023-09-28 21:00:00,21,48.1,1.4
2023-09-28 22:00:00,22,,0.9
2023-09-28 23:00:00,23,,1.5
2023-09-29 00:00:00,0,,1.3
2023-09-29 01:00:00,1,,0.9
2023-09-29 02:00:00,2,,2.0
2023-09-29 03:00:00,3,,2.0
2023-09-29 04:00:00,4,,2.1
2023-09-29 05:00:00,5,,2.6
2023-09-29 06:00:00,6,,1.5
2023-09-29 07:00:00,7,,1.7
2023-09-29 08:00:00,8,,2.1
2023-09-29 09:00:00,9,44.2,2.9
2023-09-29 10:00:00,10,393.1,4.4
2023-09-29 11:00:00,11,576.9,4.8
2023-09-29 12:00:00,12,1084.3,4.5
2023-09-29 13:00:00,13,2547.6,5.6
2023-09-29 14:00:00,14,2812.0,4.4
2023-09-29 15:00:00,15,2906.5,5.1
2023-09-29 16:00:00,16,2581.4,4.0
2023-09-29 17:00:00,17,2336.9,4.2
2023-09-29 18:00:00,18,1676.9,4.3
2023-09-29 19:00:00,19,1427.9,4.9
2023-09-29 20:00:00,20,673.5,4.3
2023-09-29 21:00:00,21,78.1,4.1
2023-09-29 22:00:00,22,,4.1
2023-09-29 23:00:00,23,,4.4
2023-09-30 00:00:00,0,,6.4
2023-09-30 01:00:00,1,,6.1
2023-09-30 02:00:00,2,,3.8
2023-09-30 03:00:00,3,,3.2
2023-09-30 04:00:00,4,,3.9
2023-09-30 05:00:00,5,,3.5
2023-09-30 06:00:00,6,,2.7
2023-09-30 07:00:00,7,,2.6
2023-09-30 08:00:00,8,,2.6
2023-09-30 09:00:00,9,54.1,2.1
2023-09-30 10:00:00,10,580.7,3.3
2023-09-30 11:00:00,11,988.0,4.3
2023-09-30 12:00:00,12,1078.6,4.1
2023-09-30 13:00:00,13,1460.5,4.4
2023-09-30 14:00:00,14,2259.2,4.9
2023-09-30 15:00:00,15,2934.9,4.7
2023-09-30 16:00:00,16,2925.4,5.9
2023-09-30 17:00:00,17,2624.4,5.5
2023-09-30 18:00:00,18,2080.0,4.4
2023-09-30 19:00:00,19,1436.2,4.4
2023-09-30 20:00:00,20,697.2,4.8
2023-09-30 21:00:00,21,75.8,4.6
2023-09-30 22:00:00,22,,4.6
2023-09-30 23:00:00,23,,4.5
2023-10-01 00:00:00,0,,5.0
2023-10-01 01:00:00,1,,4.6
2023-10-01 02:00:00,2,,3.0
2023-10-01 03:00:00,3,,1.5
2023-10-01 04:00:00,4,,1.9
2023-10-01 05:00:00,5,,1.1
2023-10-01 06:00:00,6,,1.2
2023-10-01 07:00:00,7,,1.9
2023-10-01 08:00:00,8,,1.6
2023-10-01 09:00:00,9,61.2,1.2
2023-10-01 10:00:00,10,509.4,2.1
2023-10-01 11:00:00,11,1243.8,3.1
2023-10-01 12:00:00,12,,
2023-10-01 13:00:00,13,,
2023-10-01 14:00:00,14,,
2023-10-01 15:00:00,15,,
2023-10-01 16:00:00,16,,
2023-10-01 17:00:00,17,2645.7,2.3
2023-10-01 18:00:00,18,2130.7,2.8
2023-10-01 19:00:00,19,1452.2,2.9
2023-10-01 20:00:00,20,686.7,2.9
2023-10-01 21:00:00,21,69.8,2.5
2023-10-01 22:00:00,22,,2.2
2023-10-01 23:00:00,23,,1.9
2023-10-02 00:00:00,0,,3.2
2023-10-02 01:00:00,1,,4.4
2023-10-02 02:00:00,2,,4.6
2023-10-02 03:00:00,3,,3.8
2023-10-02 04:00:00,4,,2.1
2023-10-02 05:00:00,5,,1.8
2023-10-02 06:00:00,6,,1.4
2023-10-02 07:00:00,7,,1.0
2023-10-02 08:00:00,8,,1.4
2023-10-02 09:00:00,9,63.7,0.8
2023-10-02 10:00:00,10,634.6,2.2
2023-10-02 11:00:00,11,1384.4,2.9
2023-10-02 12:00:00,12,2072.1,2.9
2023-10-02 13:00:00,13,2606.0,2.1
2023-10-02 14:00:00,14,2943.4,3.0
2023-10-02 15:00:00,15,3077.8,2.2
2023-10-02 16:00:00,16,2599.9,3.1
2023-10-02 17:00:00,17,2428.6,2.0
2023-10-02 18:00:00,18,2106.9,2.2
2023-10-02 19:00:00,19,1433.6,2.8
2023-10-02 20:00:00,20,680.6,2.5
2023-10-02 21:00:00,21,68.7,1.5
2023-10-02 22:00:00,22,,2.0
2023-10-02 23:00:00,23,,1.0
2023-10-03 00:00:00,0,,1.4
2023-10-03 01:00:00,1,,2.3
2023-10-03 02:00:00,2,,2.7
2023-10-03 03:00:00,3,,1.5
2023-10-03 04:00:00,4,,2.2
2023-10-03 05:00:00,5,,2.1
2023-10-03 06:00:00,6,,2.4
2023-10-03 07:00:00,7,,2.0
2023-10-03 08:00:00,8,,2.4
2023-10-03 09:00:00,9,28.6,2.3
2023-10-03 10:00:00,10,161.4,2.3
2023-10-03 11:00:00,11,346.5,2.3
2023-10-03 12:00:00,12,550.6,2.8
2023-10-03 13:00:00,13,2466.9,3.1
2023-10-03 14:00:00,14,2883.7,2.8
2023-10-03 15:00:00,15,2986.9,3.2
2023-10-03 16:00:00,16,2881.6,3.3
2023-10-03 17:00:00,17,2576.1,2.9
2023-10-03 18:00:00,18,2041.3,2.1
2023-10-03 19:00:00,19,1380.3,2.6
2023-10-03 20:00:00,20,629.0,2.2
2023-10-03 21:00:00,21,33.1,1.3
2023-10-03 22:00:00,22,,1.4
2023-10-03 23:00:00,23,,1.4
2023-10-04 00:00:00,0,,1.2
2023-10-04 01:00:00,1,,1.9
2023-10-04 02:00:00,2,,1.9
2023-10-04 03:00:00,3,,1.3
2023-10-04 04:00:00,4,,2.0
2023-10-04 05:00:00,5,,1.8
2023-10-04 06:00:00,6,,2.7
2023-10-04 07:00:00,7,,2.7
2023-10-04 08:00:00,8,,2.1
2023-10-04 09:00:00,9,17.4,2.1
2023-10-04 10:00:00,10,114.6,2.0
2023-10-04 11:00:00,11,395.3,2.6
2023-10-04 12:00:00,12,1088.0,1.8
2023-10-04 13:00:00,13,1993.4,2.5
2023-10-04 14:00:00,14,2723.8,4.0
2023-10-04 15:00:00,15,2924.0,1.8
2023-10-04 16:00:00,16,2816.1,3.5
2023-10-04 17:00:00,17,2512.0,3.9
2023-10-04 18:00:00,18,2020.3,2.5
2023-10-04 19:00:00,19,1341.3,3.0
2023-10-04 20:00:00,20,606.7,2.4
2023-10-04 21:00:00,21,51.7,2.2
2023-10-04 22:00:00,22,,2.3
2023-10-04 23:00:00,23,,4.1
2023-10-05 00:00:00,0,,3.0
2023-10-05 01:00:00,1,,4.4
2023-10-05 02:00:00,2,,1.8
2023-10-05 03:00:00,3,,2.1
2023-10-05 04:00:00,4,,2.4
2023-10-05 05:00:00,5,,2.2
2023-10-05 06:00:00,6,,1.3
2023-10-05 07:00:00,7,,1.5
2023-10-05 08:00:00,8,,1.5
2023-10-05 09:00:00,9,55.3,1.7
2023-10-05 10:00:00,10,590.5,2.2
2023-10-05 11:00:00,11,1336.4,3.2
2023-10-05 12:00:00,12,1988.0,3.8
2023-10-05 13:00:00,13,2443.3,2.9
2023-10-05 14:00:00,14,2865.5,3.1
2023-10-05 15:00:00,15,2976.4,3.3
2023-10-05 16:00:00,16,2866.1,3.4
2023-10-05 17:00:00,17,2557.8,3.3
2023-10-05 18:00:00,18,2015.9,4.1
2023-10-05 19:00:00,19,1138.8,3.8
2023-10-05 20:00:00,20,563.1,4.2
2023-10-05 21:00:00,21,70.9,2.9
2023-10-05 22:00:00,22,,4.4
2023-10-05 23:00:00,23,,4.2
2023-10-06 00:00:00,0,,4.4
2023-10-06 01:00:00,1,,3.4
2023-10-06 02:00:00,2,,3.6
2023-10-06 03:00:00,3,,1.6
2023-10-06 04:00:00,4,,2.6
2023-10-06 05:00:00,5,,1.8
2023-10-06 06:00:00,6,,2.4
2023-10-06 07:00:00,7,,2.0
2023-10-06 08:00:00,8,,2.3
2023-10-06 09:00:00,9,8.6,2.6
2023-10-06 10:00:00,10,86.6,1.6
2023-10-06 11:00:00,11,250.5,3.6
2023-10-06 12:00:00,12,670.8,3.4
2023-10-06 13:00:00,13,885.9,3.5
2023-10-06 14:00:00,14,1798.9,3.0
2023-10-06 15:00:00,15,1506.4,2.8
2023-10-06 16:00:00,16,2420.7,2.9
2023-10-06 17:00:00,17,2519.6,3.0
2023-10-06 18:00:00,18,1988.6,3.0
2023-10-06 19:00:00,19,1320.2,3.0
2023-10-06 20:00:00,20,579.1,2.8
2023-10-06 21:00:00,21,62.3,3.4
2023-10-06 22:00:00,22,,2.3
2023-10-06 23:00:00,23,,2.8
2023-10-07 00:00:00,0,,6.7
2023-10-07 01:00:00,1,,3.4
2023-10-07 02:00:00,2,,1.9
2023-10-07 03:00:00,3,,2.9
2023-10-07 04:00:00,4,,3.2
2023-10-07 05:00:00,5,,2.5
2023-10-07 06:00:00,6,,2.3
2023-10-07 07:00:00,7,,2.0
2023-10-07 08:00:00,8,,2.3
2023-10-07 09:00:00,9,15.0,1.8
2023-10-07 10:00:00,10,104.6,2.5
2023-10-07 11:00:00,11,896.7,2.8
2023-10-07 12:00:00,12,1529.4,2.3
2023-10-07 13:00:00,13,1901.4,3.3
2023-10-07 14:00:00,14,2601.6,3.1
2023-10-07 15:00:00,15,2814.5,3.5
2023-10-07 16:00:00,16,2869.5,2.8
2023-10-07 17:00:00,17,2667.3,3.1
2023-10-07 18:00:00,18,1548.4,4.3
2023-10-07 19:00:00,19,1267.6,4.3
2023-10-07 20:00:00,20,620.8,3.5
2023-10-07 21:00:00,21,65.5,2.7
2023-10-07 22:00:00,22,,4.3
2023-10-07 23:00:00,23,,5.7
2023-10-08 00:00:00,0,,5.2
2023-10-08 01:00:00,1,,4.0
2023-10-08 02:00:00,2,,2.4
2023-10-08 03:00:00,3,,2.9
2023-10-08 04:00:00,4,,2.7
2023-10-08 05:00:00,5,,2.1
2023-10-08 06:00:00,6,,2.6
2023-10-08 07:00:00,7,,2.5
2023-10-08 08:00:00,8,,2.2
2023-10-08 09:00:00,9,20.1,2.5
2023-10-08 10:00:00,10,133.2,3.5
2023-10-08 11:00:00,11,329.7,3.8
2023-10-08 12:00:00,12,678.7,3.2
2023-10-08 13:00:00,13,1206.0,3.4
2023-10-08 14:00:00,14,1990.4,4.2
2023-10-08 15:00:00,15,2597.4,3.9
2023-10-08 16:00:00,16,2644.5,3.8
2023-10-08 17:00:00,17,2228.8,3.7
2023-10-08 18:00:00,18,1936.5,5.1
2023-10-08 19:00:00,19,1050.7,3.4
2023-10-08 20:00:00,20,638.2,4.0
2023-10-08 21:00:00,21,73.8,4.2
2023-10-08 22:00:00,22,,3.9
2023-10-08 23:00:00,23,,3.1
2023-10-09 00:00:00,0,,3.8
2023-10-09 01:00:00,1,,2.1
2023-10-09 02:00:00,2,,2.0
2023-10-09 03:00:00,3,,2.5
2023-10-09 04:00:00,4,,1.7
2023-10-09 05:00:00,5,,1.3
2023-10-09 06:00:00,6,,1.6
2023-10-09 07:00:00,7,,2.6
2023-10-09 08:00:00,8,,1.4
2023-10-09 09:00:00,9,14.1,2.3
2023-10-09 10:00:00,10,91.1,2.1
2023-10-09 11:00:00,11,210.9,3.0
2023-10-09 12:00:00,12,495.8,2.5
2023-10-09 13:00:00,13,912.3,2.5
2023-10-09 14:00:00,14,,
2023-10-09 15:00:00,15,2946.3,4.0
2023-10-09 16:00:00,16,2811.7,4.3
2023-10-09 17:00:00,17,2309.0,3.7
2023-10-09 18:00:00,18,2100.0,3.8
2023-10-09 19:00:00,19,1396.8,2.5
2023-10-09 20:00:00,20,650.4,4.7
2023-10-09 21:00:00,21,67.5,4.2
2023-10-09 22:00:00,22,,2.8
2023-10-09 23:00:00,23,,1.6
2023-10-10 00:00:00,0,,1.1
2023-10-10 01:00:00,1,,4.2
2023-10-10 02:00:00,2,,3.1
2023-10-10 03:00:00,3,,1.6
2023-10-10 04:00:00,4,,1.7
2023-10-10 05:00:00,5,,1.8
2023-10-10 06:00:00,6,,1.2
2023-10-10 07:00:00,7,,1.4
2023-10-10 08:00:00,8,,2.0
2023-10-10 09:00:00,9,60.2,2.5
2023-10-10 10:00:00,10,433.0,3.0
2023-10-10 11:00:00,11,889.7,3.3
2023-10-10 12:00:00,12,1393.4,4.1
2023-10-10 13:00:00,13,1798.5,3.9
2023-10-10 14:00:00,14,2168.2,3.8
2023-10-10 15:00:00,15,3177.0,4.0
2023-10-10 16:00:00,16,3006.5,3.8
2023-10-10 17:00:00,17,2555.1,4.0
2023-10-10 18:00:00,18,2100.1,4.2
2023-10-10 19:00:00,19,1421.9,3.5
2023-10-10 20:00:00,20,663.0,3.5
2023-10-10 21:00:00,21,67.5,3.4
2023-10-10 22:00:00,22,,3.2
2023-10-10 23:00:00,23,,4.1
2023-10-11 00:00:00,0,,6.2
2023-10-11 01:00:00,1,,5.1
2023-10-11 02:00:00,2,,3.3
2023-10-11 03:00:00,3,,2.4
2023-10-11 04:00:00,4,,1.4
2023-10-11 05:00:00,5,,1.6
2023-10-11 06:00:00,6,,2.0
2023-10-11 07:00:00,7,,2.0
2023-10-11 08:00:00,8,,1.5
2023-10-11 09:00:00,9,45.1,1.5
2023-10-11 10:00:00,10,713.9,2.5
2023-10-11 11:00:00,11,870.1,4.0
2023-10-11 12:00:00,12,884.6,2.7
2023-10-11 13:00:00,13,1550.5,3.4
2023-10-11 14:00:00,14,1832.3,4.4
2023-10-11 15:00:00,15,2034.0,4.7
2023-10-11 16:00:00,16,1848.1,4.8
2023-10-11 17:00:00,17,1818.5,5.3
2023-10-11 18:00:00,18,1124.0,4.2
2023-10-11 19:00:00,19,1057.9,3.2
2023-10-11 20:00:00,20,571.5,3.4
2023-10-11 21:00:00,21,76.4,2.3
2023-10-11 22:00:00,22,,4.3
2023-10-11 23:00:00,23,,3.7
2023-10-12 00:00:00,0,,3.5
2023-10-12 01:00:00,1,,3.9
2023-10-12 02:00:00,2,,3.3
2023-10-12 03:00:00,3,,2.5
2023-10-12 04:00:00,4,,3.5
2023-10-12 05:00:00,5,,1.9
2023-10-12 06:00:00,6,,2.1
2023-10-12 07:00:00,7,,3.5
2023-10-12 08:00:00,8,,2.4
2023-10-12 09:00:00,9,73.9,2.2
2023-10-12 10:00:00,10,512.5,2.3
2023-10-12 11:00:00,11,771.9,4.0
2023-10-12 12:00:00,12,822.8,2.9
2023-10-12 13:00:00,13,1136.6,3.5
2023-10-12 14:00:00,14,1855.9,3.5
2023-10-12 15:00:00,15,2360.7,3.8
2023-10-12 16:00:00,16,2903.3,2.3
2023-10-12 17:00:00,17,2647.3,2.3
2023-10-12 18:00:00,18,1722.9,3.9
2023-10-12 19:00:00,19,994.7,1.0
2023-10-12 20:00:00,20,698.0,1.9
2023-10-12 21:00:00,21,,
2023-10-12 22:00:00,22,,
2023-10-12 23:00:00,23,,
2023-10-13 00:00:00,0,,
2023-10-13 01:00:00,1,,
2023-10-13 02:00:00,2,,
2023-10-13 03:00:00,3,,
2023-10-13 04:00:00,4,,
2023-10-13 05:00:00,5,,
2023-10-13 06:00:00,6,,
2023-10-13 07:00:00,7,,
2023-10-13 08:00:00,8,,
2023-10-13 09:00:00,9,,
2023-10-13 10:00:00,10,,
2023-10-13 11:00:00,11,,
2023-10-13 12:00:00,12,,
2023-10-13 13:00:00,13,,
2023-10-13 14:00:00,14,,
2023-10-13 15:00:00,15,,
2023-10-13 16:00:00,16,,
2023-10-13 17:00:00,17,2590.2,4.0
2023-10-13 18:00:00,18,2080.2,3.1
2023-10-13 19:00:00,19,1447.1,3.2
2023-10-13 20:00:00,20,674.4,3.0
2023-10-13 21:00:00,21,67.2,1.9
2023-10-13 22:00:00,22,,1.3
2023-10-13 23:00:00,23,,1.3
2023-10-14 00:00:00,0,,1.0
2023-10-14 01:00:00,1,,3.8
2023-10-14 02:00:00,2,,1.1
2023-10-14 03:00:00,3,,1.4
2023-10-14 04:00:00,4,,2.4
2023-10-14 05:00:00,5,,2.9
2023-10-14 06:00:00,6,,3.2
2023-10-14 07:00:00,7,,2.7
2023-10-14 08:00:00,8,,2.2
2023-10-14 09:00:00,9,20.2,2.4
2023-10-14 10:00:00,10,196.1,2.1
2023-10-14 11:00:00,11,454.8,2.6
2023-10-14 12:00:00,12,1109.1,3.7
2023-10-14 13:00:00,13,1583.8,4.0
2023-10-14 14:00:00,14,2000.5,4.1
2023-10-14 15:00:00,15,2433.5,5.0
2023-10-14 16:00:00,16,2195.1,4.4
2023-10-14 17:00:00,17,2471.9,4.3
2023-10-14 18:00:00,18,2093.2,5.0
2023-10-14 19:00:00,19,899.6,2.9
2023-10-14 20:00:00,20,270.1,3.1
2023-10-14 21:00:00,21,29.3,3.2
2023-10-14 22:00:00,22,,5.5
2023-10-14 23:00:00,23,,5.7
2023-10-15 00:00:00,0,,5.4
2023-10-15 01:00:00,1,,4.0
2023-10-15 02:00:00,2,,3.9
2023-10-15 03:00:00,3,,3.3
2023-10-15 04:00:00,4,,4.0
2023-10-15 05:00:00,5,,3.5
2023-10-15 06:00:00,6,,2.9
2023-10-15 07:00:00,7,,2.9
2023-10-15 08:00:00,8,,3.3
2023-10-15 09:00:00,9,41.9,3.9
2023-10-15 10:00:00,10,207.9,3.6
2023-10-15 11:00:00,11,462.2,3.0
2023-10-15 12:00:00,12,988.7,5.3
2023-10-15 13:00:00,13,777.8,3.7
2023-10-15 14:00:00,14,1698.2,4.8
2023-10-15 15:00:00,15,1381.1,6.3
2023-10-15 16:00:00,16,1713.7,5.0
2023-10-15 17:00:00,17,1441.0,5.0
2023-10-15 18:00:00,18,1140.5,5.8
2023-10-15 19:00:00,19,1080.6,6.8
2023-10-15 20:00:00,20,428.7,4.5
2023-10-15 21:00:00,21,54.6,3.3
2023-10-15 22:00:00,22,,3.7
2023-10-15 23:00:00,23,,7.2
2023-10-16 00:00:00,0,,6.5
2023-10-16 01:00:00,1,,6.0
2023-10-16 02:00:00,2,,4.2
2023-10-16 03:00:00,3,,4.4
2023-10-16 04:00:00,4,,4.7
2023-10-16 05:00:00,5,,4.4
2023-10-16 06:00:00,6,,3.8
2023-10-16 07:00:00,7,,3.7
2023-10-16 08:00:00,8,,4.3
2023-10-16 09:00:00,9,91.3,2.2
2023-10-16 10:00:00,10,536.7,2.4
2023-10-16 11:00:00,11,974.8,5.3
2023-10-16 12:00:00,12,2055.2,5.6
2023-10-16 13:00:00,13,1128.8,6.3
2023-10-16 14:00:00,14,2659.7,6.2
2023-10-16 15:00:00,15,2724.3,5.4
2023-10-16 16:00:00,16,2210.0,5.6
2023-10-16 17:00:00,17,2425.0,5.1
2023-10-16 18:00:00,18,1851.8,5.2
2023-10-16 19:00:00,19,1279.4,4.7
2023-10-16 20:00:00,20,622.6,4.6
2023-10-16 21:00:00,21,79.5,5.3
2023-10-16 22:00:00,22,,3.3
2023-10-16 23:00:00,23,,4.8
2023-10-17 00:00:00,0,,4.9
2023-10-17 01:00:00,1,,5.5
2023-10-17 02:00:00,2,,2.6
2023-10-17 03:00:00,3,,2.6
2023-10-17 04:00:00,4,,2.4
2023-10-17 05:00:00,5,,1.9
2023-10-17 06:00:00,6,,1.9
2023-10-17 07:00:00,7,,2.1
2023-10-17 08:00:00,8,,2.5
2023-10-17 09:00:00,9,69.8,2.5
2023-10-17 10:00:00,10,306.3,3.1
2023-10-17 11:00:00,11,955.6,4.6
2023-10-17 12:00:00,12,1571.6,4.2
2023-10-17 13:00:00,13,2002.1,3.9
2023-10-17 14:00:00,14,2528.3,4.2
2023-10-17 15:00:00,15,2996.4,4.8
2023-10-17 16:00:00,16,2920.4,5.1
2023-10-17 17:00:00,17,2198.0,5.4
2023-10-17 18:00:00,18,2185.2,5.7
2023-10-17 19:00:00,19,709.6,3.9
2023-10-17 20:00:00,20,538.0,5.1
2023-10-17 21:00:00,21,72.7,2.7
2023-10-17 22:00:00,22,,4.6
2023-10-17 23:00:00,23,,5.9
2023-10-18 00:00:00,0,,5.3
2023-10-18 01:00:00,1,,5.6
2023-10-18 02:00:00,2,,2.4
2023-10-18 03:00:00,3,,2.3
2023-10-18 04:00:00,4,,1.3
2023-10-18 05:00:00,5,,1.2
2023-10-18 06:00:00,6,,2.0
2023-10-18 07:00:00,7,,3.0
2023-10-18 08:00:00,8,,2.4
2023-10-18 09:00:00,9,113.2,1.1
2023-10-18 10:00:00,10,536.5,3.0
2023-10-18 11:00:00,11,1127.6,3.0
2023-10-18 12:00:00,12,2302.6,3.8
2023-10-18 13:00:00,13,2624.6,4.3
2023-10-18 14:00:00,14,3064.5,5.7
2023-10-18 15:00:00,15,3144.6,5.6
2023-10-18 16:00:00,16,3015.3,5.0
2023-10-18 17:00:00,17,2631.0,4.1
2023-10-18 18:00:00,18,2109.9,5.5
2023-10-18 19:00:00,19,1429.1,3.9
2023-10-18 20:00:00,20,690.7,3.8
2023-10-18 21:00:00,21,72.2,2.0
2023-10-18 22:00:00,22,,1.9
2023-10-18 23:00:00,23,,2.3
2023-10-19 00:00:00,0,,2.5
2023-10-19 01:00:00,1,,2.2
2023-10-19 02:00:00,2,,2.3
2023-10-19 03:00:00,3,,1.7
2023-10-19 04:00:00,4,,1.7
2023-10-19 05:00:00,5,,2.8
2023-10-19 06:00:00,6,,2.1
2023-10-19 07:00:00,7,,2.3
2023-10-19 08:00:00,8,,1.5
2023-10-19 09:00:00,9,67.2,1.2
2023-10-19 10:00:00,10,634.4,3.0
2023-10-19 11:00:00,11,1533.3,3.9
2023-10-19 12:00:00,12,2163.9,4.4
2023-10-19 13:00:00,13,2676.7,3.9
2023-10-19 14:00:00,14,3079.2,4.5
2023-10-19 15:00:00,15,3103.1,3.7
2023-10-19 16:00:00,16,3034.5,3.7
2023-10-19 17:00:00,17,2692.0,4.6
2023-10-19 18:00:00,18,2171.4,4.4
2023-10-19 19:00:00,19,1469.0,3.2
2023-10-19 20:00:00,20,699.6,3.3
2023-10-19 21:00:00,21,80.7,2.5
2023-10-19 22:00:00,22,,1.3
2023-10-19 23:00:00,23,,4.3
2023-10-20 00:00:00,0,,3.0
2023-10-20 01:00:00,1,,5.2
2023-10-20 02:00:00,2,,4.5
2023-10-20 03:00:00,3,,3.6
2023-10-20 04:00:00,4,,2.3
2023-10-20 05:00:00,5,,1.6
2023-10-20 06:00:00,6,,2.7
2023-10-20 07:00:00,7,,3.2
2023-10-20 08:00:00,8,,2.5
2023-10-20 09:00:00,9,85.0,2.9
2023-10-20 10:00:00,10,551.3,4.0
2023-10-20 11:00:00,11,1027.8,4.5
2023-10-20 12:00:00,12,1630.4,4.2
2023-10-20 13:00:00,13,2646.9,4.8
2023-10-20 14:00:00,14,3017.5,5.8
2023-10-20 15:00:00,15,3172.7,4.3
2023-10-20 16:00:00,16,2906.0,5.0
2023-10-20 17:00:00,17,2335.6,4.5
2023-10-20 18:00:00,18,2072.0,4.0
2023-10-20 19:00:00,19,1407.7,3.7
2023-10-20 20:00:00,20,496.1,3.6
2023-10-20 21:00:00,21,99.6,3.6
2023-10-20 22:00:00,22,,3.2
2023-10-20 23:00:00,23,,3.1
2023-10-21 00:00:00,0,,5.6
2023-10-21 01:00:00,1,,6.0
2023-10-21 02:00:00,2,,4.9
2023-10-21 03:00:00,3,,4.5
2023-10-21 04:00:00,4,,3.9
2023-10-21 05:00:00,5,,4.2
2023-10-21 06:00:00,6,,2.7
2023-10-21 07:00:00,7,,2.2
2023-10-21 08:00:00,8,,2.4
2023-10-21 09:00:00,9,68.3,2.5
2023-10-21 10:00:00,10,475.2,3.7
2023-10-21 11:00:00,11,1142.8,4.3
2023-10-21 12:00:00,12,2177.0,4.2
2023-10-21 13:00:00,13,2484.7,5.0
2023-10-21 14:00:00,14,2994.8,4.0
2023-10-21 15:00:00,15,3086.2,4.9
2023-10-21 16:00:00,16,2916.4,3.2
2023-10-21 17:00:00,17,2544.5,4.7
2023-10-21 18:00:00,18,1997.7,3.7
2023-10-21 19:00:00,19,1413.3,4.5
2023-10-21 20:00:00,20,582.5,3.8
2023-10-21 21:00:00,21,79.0,3.1
2023-10-21 22:00:00,22,,3.0
2023-10-21 23:00:00,23,,3.8
2023-10-22 00:00:00,0,,2.7
2023-10-22 01:00:00,1,,6.5
2023-10-22 02:00:00,2,,4.2
2023-10-22 03:00:00,3,,4.0
2023-10-22 04:00:00,4,,3.0
2023-10-22 05:00:00,5,,1.7
2023-10-22 06:00:00,6,,2.2
2023-10-22 07:00:00,7,,2.4
2023-10-22 08:00:00,8,,1.3
2023-10-22 09:00:00,9,60.7,2.3
2023-10-22 10:00:00,10,496.2,3.5
2023-10-22 11:00:00,11,985.6,3.8
2023-10-22 12:00:00,12,1990.3,3.7
2023-10-22 13:00:00,13,2665.9,4.5
2023-10-22 14:00:00,14,2354.5,4.5
2023-10-22 15:00:00,15,2395.5,4.3
2023-10-22 16:00:00,16,2473.7,4.9
2023-10-22 17:00:00,17,2303.7,5.1
2023-10-22 18:00:00,18,1791.1,5.4
2023-10-22 19:00:00,19,1011.1,4.7
2023-10-22 20:00:00,20,698.5,4.3
2023-10-22 21:00:00,21,74.4,3.1
2023-10-22 22:00:00,22,,4.4
2023-10-22 23:00:00,23,,5.3
2023-10-23 00:00:00,0,,4.6
2023-10-23 01:00:00,1,,3.2
2023-10-23 02:00:00,2,,2.3
2023-10-23 03:00:00,3,,2.4
2023-10-23 04:00:00,4,,2.7
2023-10-23 05:00:00,5,,1.7
2023-10-23 06:00:00,6,,2.3
2023-10-23 07:00:00,7,,3.2
2023-10-23 08:00:00,8,,1.6
2023-10-23 09:00:00,9,49.3,1.8
2023-10-23 10:00:00,10,171.2,3.4
2023-10-23 11:00:00,11,653.7,2.8
2023-10-23 12:00:00,12,1043.4,4.4
2023-10-23 13:00:00,13,1282.6,4.1
2023-10-23 14:00:00,14,2053.3,3.7
2023-10-23 15:00:00,15,3089.5,4.6
2023-10-23 16:00:00,16,2750.5,3.9
2023-10-23 17:00:00,17,2487.2,3.5
2023-10-23 18:00:00,18,2002.1,3.7
2023-10-23 19:00:00,19,1413.9,4.1
2023-10-23 20:00:00,20,486.4,5.0
2023-10-23 21:00:00,21,73.8,3.9
2023-10-23 22:00:00,22,,2.8
2023-10-23 23:00:00,23,,2.5
2023-10-24 00:00:00,0,,6.4
2023-10-24 01:00:00,1,,5.2
2023-10-24 02:00:00,2,,4.1
2023-10-24 03:00:00,3,,2.9
2023-10-24 04:00:00,4,,2.5
2023-10-24 05:00:00,5,,2.1
2023-10-24 06:00:00,6,,3.3
2023-10-24 07:00:00,7,,3.4
2023-10-24 08:00:00,8,,3.2
2023-10-24 09:00:00,9,48.3,2.9
2023-10-24 10:00:00,10,,
2023-10-24 11:00:00,11,,
2023-10-24 12:00:00,12,,
2023-10-24 13:00:00,13,1011.7,3.1
2023-10-24 14:00:00,14,2004.8,2.9
2023-10-24 15:00:00,15,2847.6,2.9
2023-10-24 16:00:00,16,2820.2,3.2
2023-10-24 17:00:00,17,2599.6,2.7
2023-10-24 18:00:00,18,2089.4,3.0
2023-10-24 19:00:00,19,1128.6,1.2
2023-10-24 20:00:00,20,596.2,2.3
2023-10-24 21:00:00,21,73.8,1.7
2023-10-24 22:00:00,22,,1.5
2023-10-24 23:00:00,23,,1.2
2023-10-25 00:00:00,0,,2.4
2023-10-25 01:00:00,1,,2.9
2023-10-25 02:00:00,2,,1.5
2023-10-25 03:00:00,3,,1.5
2023-10-25 04:00:00,4,,2.2
2023-10-25 05:00:00,5,,2.9
2023-10-25 06:00:00,6,,2.5
2023-10-25 07:00:00,7,,1.8
2023-10-25 08:00:00,8,,1.1
2023-10-25 09:00:00,9,118.9,2.7
2023-10-25 10:00:00,10,738.4,1.5
2023-10-25 11:00:00,11,1430.1,1.1
2023-10-25 12:00:00,12,2149.0,2.2
2023-10-25 13:00:00,13,2623.2,2.8
2023-10-25 14:00:00,14,2934.9,3.0
2023-10-25 15:00:00,15,3009.3,3.0
2023-10-25 16:00:00,16,2722.9,3.9
2023-10-25 17:00:00,17,2269.4,2.3
2023-10-25 18:00:00,18,1749.4,1.1
2023-10-25 19:00:00,19,1446.5,3.0
2023-10-25 20:00:00,20,634.3,1.7
2023-10-25 21:00:00,21,51.0,1.5
2023-10-25 22:00:00,22,,1.6
2023-10-25 23:00:00,23,,1.8
2023-10-26 00:00:00,0,,1.9
2023-10-26 01:00:00,1,,2.7
2023-10-26 02:00:00,2,,0.6
2023-10-26 03:00:00,3,,0.8
2023-10-26 04:00:00,4,,1.0
2023-10-26 05:00:00,5,,0.8
2023-10-26 06:00:00,6,,1.8
2023-10-26 07:00:00,7,,1.0
2023-10-26 08:00:00,8,,0.7
2023-10-26 09:00:00,9,126.3,0.9
2023-10-26 10:00:00,10,710.2,3.7
2023-10-26 11:00:00,11,1463.3,5.5
2023-10-26 12:00:00,12,2103.2,4.6
2023-10-26 13:00:00,13,2613.0,4.1
2023-10-26 14:00:00,14,2936.9,5.3
2023-10-26 15:00:00,15,2949.2,3.2
2023-10-26 16:00:00,16,2707.5,2.4
2023-10-26 17:00:00,17,2129.6,3.5
2023-10-26 18:00:00,18,1689.1,3.0
2023-10-26 19:00:00,19,1354.4,2.8
2023-10-26 20:00:00,20,706.7,2.0
2023-10-26 21:00:00,21,66.2,2.3
2023-10-26 22:00:00,22,,1.1
2023-10-26 23:00:00,23,,3.6
2023-10-27 00:00:00,0,,3.2
2023-10-27 01:00:00,1,,1.2
2023-10-27 02:00:00,2,,1.9
2023-10-27 03:00:00,3,,3.0
2023-10-27 04:00:00,4,,3.2
2023-10-27 05:00:00,5,,2.2
2023-10-27 06:00:00,6,,3.3
2023-10-27 07:00:00,7,,2.2
2023-10-27 08:00:00,8,,1.9
2023-10-27 09:00:00,9,111.1,1.6
2023-10-27 10:00:00,10,639.6,3.3
2023-10-27 11:00:00,11,1401.5,2.8
2023-10-27 12:00:00,12,1893.6,1.8
2023-10-27 13:00:00,13,2476.6,1.6
2023-10-27 14:00:00,14,2877.1,2.8
2023-10-27 15:00:00,15,2993.4,2.8
2023-10-27 16:00:00,16,2841.7,2.2
2023-10-27 17:00:00,17,1814.7,3.0
2023-10-27 18:00:00,18,1848.0,4.1
2023-10-27 19:00:00,19,1011.5,2.8
2023-10-27 20:00:00,20,607.8,4.5
2023-10-27 21:00:00,21,77.7,4.3
2023-10-27 22:00:00,22,,4.5
2023-10-27 23:00:00,23,,5.3
2023-10-28 00:00:00,0,,4.9
2023-10-28 01:00:00,1,,3.5
2023-10-28 02:00:00,2,,2.8
2023-10-28 03:00:00,3,,2.5
2023-10-28 04:00:00,4,,4.3
2023-10-28 05:00:00,5,,3.4
2023-10-28 06:00:00,6,,3.6
2023-10-28 07:00:00,7,,3.6
2023-10-28 08:00:00,8,,3.1
2023-10-28 09:00:00,9,63.6,2.6
2023-10-28 10:00:00,10,639.8,3.7
2023-10-28 11:00:00,11,1237.9,3.4
2023-10-28 12:00:00,12,2136.9,3.6
2023-10-28 13:00:00,13,2712.9,4.0
2023-10-28 14:00:00,14,3001.8,4.0
2023-10-28 15:00:00,15,3095.6,4.8
2023-10-28 16:00:00,16,2968.0,3.9
2023-10-28 17:00:00,17,2620.1,5.2
2023-10-28 18:00:00,18,2121.5,4.6
2023-10-28 19:00:00,19,1441.7,5.7
2023-10-28 20:00:00,20,678.8,5.0
2023-10-28 21:00:00,21,76.1,4.5
2023-10-28 22:00:00,22,,5.1
2023-10-28 23:00:00,23,,6.4
2023-10-29 00:00:00,0,,5.2
2023-10-29 01:00:00,1,,3.9
2023-10-29 02:00:00,2,,3.9
2023-10-29 03:00:00,3,,4.2
2023-10-29 04:00:00,4,,2.0
2023-10-29 05:00:00,5,,1.8
2023-10-29 06:00:00,6,,1.4
2023-10-29 07:00:00,7,,2.4
2023-10-29 08:00:00,8,,2.6
2023-10-29 09:00:00,9,59.4,3.1
2023-10-29 10:00:00,10,299.3,3.4
2023-10-29 11:00:00,11,1016.9,4.0
2023-10-29 12:00:00,12,2360.0,5.1
2023-10-29 13:00:00,13,2666.8,5.4
2023-10-29 14:00:00,14,3054.8,3.8
2023-10-29 15:00:00,15,3096.3,5.1
2023-10-29 16:00:00,16,2977.9,4.4
2023-10-29 17:00:00,17,2578.2,3.8
2023-10-29 18:00:00,18,2015.2,5.5
2023-10-29 19:00:00,19,1309.9,4.1
2023-10-29 20:00:00,20,616.0,3.8
2023-10-29 21:00:00,21,71.6,3.3
2023-10-29 22:00:00,22,,3.0
2023-10-29 23:00:00,23,,3.8
2023-10-30 00:00:00,0,,3.9
2023-10-30 01:00:00,1,,3.6
2023-10-30 02:00:00,2,,3.1
2023-10-30 03:00:00,3,,2.5
2023-10-30 04:00:00,4,,2.1
2023-10-30 05:00:00,5,,1.8
2023-10-30 06:00:00,6,,1.9
2023-10-30 07:00:00,7,,1.9
2023-10-30 08:00:00,8,,1.4
2023-10-30 09:00:00,9,58.2,3.9
2023-10-30 10:00:00,10,309.2,2.9
2023-10-30 11:00:00,11,556.5,2.6
2023-10-30 12:00:00,12,1307.3,2.8
2023-10-30 13:00:00,13,2111.5,3.6
2023-10-30 14:00:00,14,2985.9,2.8
2023-10-30 15:00:00,15,3072.9,3.4
2023-10-30 16:00:00,16,2935.4,3.0
2023-10-30 17:00:00,17,2622.9,2.3
2023-10-30 18:00:00,18,2086.5,3.5
2023-10-30 19:00:00,19,1357.8,1.0
2023-10-30 20:00:00,20,587.7,1.9
2023-10-30 21:00:00,21,54.7,3.1
2023-10-30 22:00:00,22,,1.8
2023-10-30 23:00:00,23,,1.1
2023-10-31 00:00:00,0,,0.9
2023-10-31 01:00:00,1,,1.3
2023-10-31 02:00:00,2,,3.1
2023-10-31 03:00:00,3,,1.6
2023-10-31 04:00:00,4,,1.9
2023-10-31 05:00:00,5,,1.6
2023-10-31 06:00:00,6,,1.8
2023-10-31 07:00:00,7,,2.8
2023-10-31 08:00:00,8,,2.4
2023-10-31 09:00:00,9,111.5,2.5
2023-10-31 10:00:00,10,412.6,2.8
2023-10-31 11:00:00,11,460.9,2.5
2023-10-31 12:00:00,12,1567.1,2.4
2023-10-31 13:00:00,13,2636.5,3.1
2023-10-31 14:00:00,14,2948.4,3.1
2023-10-31 15:00:00,15,3012.0,2.8
2023-10-31 16:00:00,16,2627.2,2.7
2023-10-31 17:00:00,17,2450.4,3.1
2023-10-31 18:00:00,18,2039.9,3.0
2023-10-31 19:00:00,19,1369.0,3.0
2023-10-31 20:00:00,20,602.1,3.3
2023-10-31 21:00:00,21,72.9,2.3
2023-10-31 22:00:00,22,,1.8
2023-10-31 23:00:00,23,,1.1
2023-11-01 00:00:00,0,,1.7
2023-11-01 01:00:00,1,,2.0
2023-11-01 02:00:00,2,,2.3
2023-11-01 03:00:00,3,,2.6
2023-11-01 04:00:00,4,,1.4
2023-11-01 05:00:00,5,,2.2
2023-11-01 06:00:00,6,,2.5
2023-11-01 07:00:00,7,,2.8
2023-11-01 08:00:00,8,,1.8
2023-11-01 09:00:00,9,133.2,2.6
2023-11-01 10:00:00,10,587.8,3.0
2023-11-01 11:00:00,11,285.9,1.3
2023-11-01 12:00:00,12,430.7,1.2
2023-11-01 13:00:00,13,1924.4,1.3
2023-11-01 14:00:00,14,2890.4,2.2
2023-11-01 15:00:00,15,2959.0,2.2
2023-11-01 16:00:00,16,2838.7,1.7
2023-11-01 17:00:00,17,2509.5,3.5
2023-11-01 18:00:00,18,2017.7,2.4
2023-11-01 19:00:00,19,1347.7,2.8
2023-11-01 20:00:00,20,629.9,3.0
2023-11-01 21:00:00,21,61.8,1.9
2023-11-01 22:00:00,22,,1.3
2023-11-01 23:00:00,23,,1.6
2023-11-02 00:00:00,0,,1.2
2023-11-02 01:00:00,1,,1.2
2023-11-02 02:00:00,2,,2.5
2023-11-02 03:00:00,3,,1.3
2023-11-02 04:00:00,4,,1.7
2023-11-02 05:00:00,5,,3.4
2023-11-02 06:00:00,6,,3.1
2023-11-02 07:00:00,7,,2.2
2023-11-02 08:00:00,8,,1.4
2023-11-02 09:00:00,9,35.9,1.6
2023-11-02 10:00:00,10,272.4,2.3
2023-11-02 11:00:00,11,560.0,2.5
2023-11-02 12:00:00,12,735.2,2.4
2023-11-02 13:00:00,13,1052.3,2.0
2023-11-02 14:00:00,14,672.1,3.1
2023-11-02 15:00:00,15,873.5,2.3
2023-11-02 16:00:00,16,1242.4,2.7
2023-11-02 17:00:00,17,2038.3,2.6
2023-11-02 18:00:00,18,1812.6,1.7
2023-11-02 19:00:00,19,970.8,2.3
2023-11-02 20:00:00,20,762.7,3.8
2023-11-02 21:00:00,21,131.2,3.1
2023-11-02 22:00:00,22,,0.7
2023-11-02 23:00:00,23,,1.6
2023-11-03 00:00:00,0,,1.6
2023-11-03 01:00:00,1,,1.1
2023-11-03 02:00:00,2,,3.9
2023-11-03 03:00:00,3,,3.9
2023-11-03 04:00:00,4,,2.1
2023-11-03 05:00:00,5,,2.1
2023-11-03 06:00:00,6,,2.2
2023-11-03 07:00:00,7,,2.5
2023-11-03 08:00:00,8,,2.8
2023-11-03 09:00:00,9,16.1,1.7
2023-11-03 10:00:00,10,173.4,0.6
2023-11-03 11:00:00,11,,
2023-11-03 12:00:00,12,514.7,0.6
2023-11-03 13:00:00,13,551.3,1.3
2023-11-03 14:00:00,14,418.2,3.1
2023-11-03 15:00:00,15,1111.8,1.6
2023-11-03 16:00:00,16,2450.3,1.6
2023-11-03 17:00:00,17,1744.8,1.6
2023-11-03 18:00:00,18,1662.4,1.8
2023-11-03 19:00:00,19,825.5,1.9
2023-11-03 20:00:00,20,529.6,1.5
2023-11-03 21:00:00,21,52.8,1.1
2023-11-03 22:00:00,22,,1.2
2023-11-03 23:00:00,23,,1.5
2023-11-04 00:00:00,0,,1.1
2023-11-04 01:00:00,1,,1.4
2023-11-04 02:00:00,2,,0.6
2023-11-04 03:00:00,3,,1.1
2023-11-04 04:00:00,4,,1.6
2023-11-04 05:00:00,5,,1.6
2023-11-04 06:00:00,6,,1.2
2023-11-04 07:00:00,7,,2.3
2023-11-04 08:00:00,8,,2.5
2023-11-04 09:00:00,9,30.2,2.0
2023-11-04 10:00:00,10,196.6,2.9
2023-11-04 11:00:00,11,274.6,2.1
2023-11-04 12:00:00,12,805.2,1.5
2023-11-04 13:00:00,13,942.5,1.5
2023-11-04 14:00:00,14,1473.4,2.3
2023-11-04 15:00:00,15,2760.9,2.0
2023-11-04 16:00:00,16,2107.3,2.2
2023-11-04 17:00:00,17,2254.4,1.9
2023-11-04 18:00:00,18,1812.8,1.4
2023-11-04 19:00:00,19,1398.3,1.3
2023-11-04 20:00:00,20,633.4,1.4
2023-11-04 21:00:00,21,54.9,1.2
2023-11-04 22:00:00,22,,1.8
2023-11-04 23:00:00,23,,1.0
2023-11-05 00:00:00,0,,0.9
2023-11-05 01:00:00,1,,0.5
2023-11-05 02:00:00,2,,0.7
2023-11-05 03:00:00,3,,2.1
2023-11-05 04:00:00,4,,1.5
2023-11-05 05:00:00,5,,2.0
2023-11-05 06:00:00,6,,1.7
2023-11-05 07:00:00,7,,2.4
2023-11-05 08:00:00,8,,2.5
2023-11-05 09:00:00,9,93.6,1.4
2023-11-05 10:00:00,10,608.1,2.1
2023-11-05 11:00:00,11,930.3,1.4
2023-11-05 12:00:00,12,2146.3,1.6
2023-11-05 13:00:00,13,2644.1,2.2
2023-11-05 14:00:00,14,1918.1,1.2
2023-11-05 15:00:00,15,2762.6,2.3
2023-11-05 16:00:00,16,2459.9,2.4
2023-11-05 17:00:00,17,1908.8,2.6
2023-11-05 18:00:00,18,1186.9,2.5
2023-11-05 19:00:00,19,1436.2,2.3
2023-11-05 20:00:00,20,655.7,2.5
2023-11-05 21:00:00,21,60.6,3.5
2023-11-05 22:00:00,22,,3.7
2023-11-05 23:00:00,23,,3.3
2023-11-06 00:00:00,0,,5.3
2023-11-06 01:00:00,1,,3.9
2023-11-06 02:00:00,2,,4.3
2023-11-06 03:00:00,3,,3.3
2023-11-06 04:00:00,4,,3.7
2023-11-06 05:00:00,5,,5.4
2023-11-06 06:00:00,6,,4.0
2023-11-06 07:00:00,7,,4.6
2023-11-06 08:00:00,8,,4.6
2023-11-06 09:00:00,9,14.6,2.9
2023-11-06 10:00:00,10,76.6,2.1
2023-11-06 11:00:00,11,510.6,3.2
2023-11-06 12:00:00,12,867.3,3.2
2023-11-06 13:00:00,13,1579.6,4.2
2023-11-06 14:00:00,14,1317.5,3.6
2023-11-06 15:00:00,15,2137.1,4.3
2023-11-06 16:00:00,16,1229.8,4.1
2023-11-06 17:00:00,17,1139.3,3.9
2023-11-06 18:00:00,18,917.1,4.9
2023-11-06 19:00:00,19,656.6,3.8
2023-11-06 20:00:00,20,243.3,4.4
2023-11-06 21:00:00,21,12.5,4.1
2023-11-06 22:00:00,22,,3.6
2023-11-06 23:00:00,23,,3.7
2023-11-07 00:00:00,0,,4.3
2023-11-07 01:00:00,1,,3.9
2023-11-07 02:00:00,2,,5.1
2023-11-07 03:00:00,3,,4.9
2023-11-07 04:00:00,4,,3.9
2023-11-07 05:00:00,5,,4.0
2023-11-07 06:00:00,6,,3.7
2023-11-07 07:00:00,7,,3.7
2023-11-07 08:00:00,8,,2.3
2023-11-07 09:00:00,9,48.0,2.6
2023-11-07 10:00:00,10,412.1,5.0
2023-11-07 11:00:00,11,914.4,4.0
2023-11-07 12:00:00,12,865.9,4.9
2023-11-07 13:00:00,13,633.1,5.1
2023-11-07 14:00:00,14,737.1,4.3
2023-11-07 15:00:00,15,1354.3,3.4
2023-11-07 16:00:00,16,1401.7,4.7
2023-11-07 17:00:00,17,1697.1,4.8
2023-11-07 18:00:00,18,1524.9,4.8
2023-11-07 19:00:00,19,1268.9,5.1
2023-11-07 20:00:00,20,620.1,5.8
2023-11-07 21:00:00,21,31.5,6.2
2023-11-07 22:00:00,22,,6.0
2023-11-07 23:00:00,23,,4.3
2023-11-08 00:00:00,0,,
2023-11-08 01:00:00,1,,5.4
2023-11-08 02:00:00,2,,6.0
2023-11-08 03:00:00,3,,4.6
2023-11-08 04:00:00,4,,4.7
2023-11-08 05:00:00,5,,4.3
2023-11-08 06:00:00,6,0.1,3.6
2023-11-08 07:00:00,7,,4.0
2023-11-08 08:00:00,8,0.0,3.7
2023-11-08 09:00:00,9,36.4,4.5
2023-11-08 10:00:00,10,208.9,4.2
2023-11-08 11:00:00,11,373.8,3.2
2023-11-08 12:00:00,12,741.7,3.7
2023-11-08 13:00:00,13,807.4,4.4
2023-11-08 14:00:00,14,,
2023-11-08 15:00:00,15,1114.5,4.7
2023-11-08 16:00:00,16,1951.2,3.8
2023-11-08 17:00:00,17,1371.3,4.1
2023-11-08 18:00:00,18,1567.5,5.0
2023-11-08 19:00:00,19,1396.2,4.5
2023-11-08 20:00:00,20,566.8,3.1
2023-11-08 21:00:00,21,76.3,3.2
2023-11-08 22:00:00,22,,3.6
2023-11-08 23:00:00,23,,5.3
2023-11-09 00:00:00,0,,5.7
2023-11-09 01:00:00,1,,5.4
2023-11-09 02:00:00,2,,3.9
2023-11-09 03:00:00,3,,4.1
2023-11-09 04:00:00,4,,3.7
2023-11-09 05:00:00,5,,3.7
2023-11-09 06:00:00,6,,3.3
2023-11-09 07:00:00,7,,2.9
2023-11-09 08:00:00,8,,3.0
2023-11-09 09:00:00,9,30.2,2.9
2023-11-09 10:00:00,10,234.2,3.8
2023-11-09 11:00:00,11,644.3,3.8
2023-11-09 12:00:00,12,820.5,3.2
2023-11-09 13:00:00,13,1564.9,4.3
2023-11-09 14:00:00,14,1232.8,4.7
2023-11-09 15:00:00,15,1517.9,3.3
2023-11-09 16:00:00,16,1694.7,3.8
2023-11-09 17:00:00,17,1741.9,3.4
2023-11-09 18:00:00,18,1438.7,3.4
2023-11-09 19:00:00,19,1408.4,4.9
2023-11-09 20:00:00,20,271.2,2.9
2023-11-09 21:00:00,21,57.6,3.3
2023-11-09 22:00:00,22,,3.7
2023-11-09 23:00:00,23,,4.0
2023-11-10 00:00:00,0,,3.9
2023-11-10 01:00:00,1,,2.1
2023-11-10 02:00:00,2,,4.3
2023-11-10 03:00:00,3,,2.0
2023-11-10 04:00:00,4,,2.3
2023-11-10 05:00:00,5,,1.6
2023-11-10 06:00:00,6,,1.9
2023-11-10 07:00:00,7,,1.9
2023-11-10 08:00:00,8,,1.9
2023-11-10 09:00:00,9,72.4,1.5
2023-11-10 10:00:00,10,346.2,1.8
2023-11-10 11:00:00,11,550.4,2.4
2023-11-10 12:00:00,12,1726.6,3.1
2023-11-10 13:00:00,13,2072.8,2.9
2023-11-10 14:00:00,14,2902.9,3.9
2023-11-10 15:00:00,15,3060.0,4.5
2023-11-10 16:00:00,16,2905.5,3.4
2023-11-10 17:00:00,17,2521.9,3.1
2023-11-10 18:00:00,18,2167.8,3.2
2023-11-10 19:00:00,19,1256.1,2.9
2023-11-10 20:00:00,20,717.8,3.7
2023-11-10 21:00:00,21,83.6,4.7
2023-11-10 22:00:00,22,,3.3
2023-11-10 23:00:00,23,,4.0
2023-11-11 00:00:00,0,,6.0
2023-11-11 01:00:00,1,,4.3
2023-11-11 02:00:00,2,,2.8
2023-11-11 03:00:00,3,,1.1
2023-11-11 04:00:00,4,,1.1
2023-11-11 05:00:00,5,,2.0
2023-11-11 06:00:00,6,,1.8
2023-11-11 07:00:00,7,,1.8
2023-11-11 08:00:00,8,,1.4
2023-11-11 09:00:00,9,163.0,1.8
2023-11-11 10:00:00,10,825.1,2.1
2023-11-11 11:00:00,11,1253.9,2.7
2023-11-11 12:00:00,12,2337.3,4.2
2023-11-11 13:00:00,13,2740.4,2.6
2023-11-11 14:00:00,14,3063.3,3.6
2023-11-11 15:00:00,15,3147.9,4.3
2023-11-11 16:00:00,16,3023.1,4.3
2023-11-11 17:00:00,17,2706.3,3.8
2023-11-11 18:00:00,18,2170.2,4.9
2023-11-11 19:00:00,19,1467.0,3.6
2023-11-11 20:00:00,20,716.5,3.3
2023-11-11 21:00:00,21,83.6,4.4
2023-11-11 22:00:00,22,,3.7
2023-11-11 23:00:00,23,,3.0
2023-11-12 00:00:00,0,,4.6
2023-11-12 01:00:00,1,,2.5
2023-11-12 02:00:00,2,,1.1
2023-11-12 03:00:00,3,,0.9
2023-11-12 04:00:00,4,,1.2
2023-11-12 05:00:00,5,,1.6
2023-11-12 06:00:00,6,,1.9
2023-11-12 07:00:00,7,,2.5
2023-11-12 08:00:00,8,,1.9
2023-11-12 09:00:00,9,168.7,1.8
2023-11-12 10:00:00,10,798.2,3.0
2023-11-12 11:00:00,11,1515.0,3.1
2023-11-12 12:00:00,12,2242.7,3.8
2023-11-12 13:00:00,13,2670.4,3.2
2023-11-12 14:00:00,14,3074.8,4.8
2023-11-12 15:00:00,15,2260.6,2.6
2023-11-12 16:00:00,16,2458.6,4.3
2023-11-12 17:00:00,17,2727.6,4.6
2023-11-12 18:00:00,18,1281.5,3.3
2023-11-12 19:00:00,19,589.3,4.0
2023-11-12 20:00:00,20,235.6,2.9
2023-11-12 21:00:00,21,53.4,4.1
2023-11-12 22:00:00,22,,2.5
2023-11-12 23:00:00,23,,2.8
2023-11-13 00:00:00,0,,3.2
2023-11-13 01:00:00,1,,1.9
2023-11-13 02:00:00,2,,2.7
2023-11-13 03:00:00,3,,1.9
2023-11-13 04:00:00,4,,0.7
2023-11-13 05:00:00,5,,1.3
2023-11-13 06:00:00,6,,1.9
2023-11-13 07:00:00,7,,1.9
2023-11-13 08:00:00,8,,2.3
2023-11-13 09:00:00,9,176.6,1.9
2023-11-13 10:00:00,10,838.5,3.0
2023-11-13 11:00:00,11,1590.0,2.8
2023-11-13 12:00:00,12,2250.3,3.9
2023-11-13 13:00:00,13,2742.1,3.6
2023-11-13 14:00:00,14,3067.6,4.0
2023-11-13 15:00:00,15,3179.7,4.0
2023-11-13 16:00:00,16,3050.4,3.3
2023-11-13 17:00:00,17,2712.5,3.6
2023-11-13 18:00:00,18,2187.8,3.3
2023-11-13 19:00:00,19,1496.0,4.1
2023-11-13 20:00:00,20,739.2,3.9
2023-11-13 21:00:00,21,89.8,1.9
2023-11-13 22:00:00,22,,1.3
2023-11-13 23:00:00,23,,2.1
2023-11-14 00:00:00,0,,3.2
2023-11-14 01:00:00,1,,1.5
2023-11-14 02:00:00,2,,1.8
2023-11-14 03:00:00,3,,0.8
2023-11-14 04:00:00,4,,2.0
2023-11-14 05:00:00,5,,3.4
2023-11-14 06:00:00,6,,2.4
2023-11-14 07:00:00,7,,3.2
2023-11-14 08:00:00,8,,2.4
2023-11-14 09:00:00,9,23.8,2.6
2023-11-14 10:00:00,10,92.3,3.0
2023-11-14 11:00:00,11,230.7,2.3
2023-11-14 12:00:00,12,480.7,2.6
2023-11-14 13:00:00,13,1069.4,2.0
2023-11-14 14:00:00,14,3034.9,2.8
2023-11-14 15:00:00,15,3113.1,2.6
2023-11-14 16:00:00,16,3006.7,2.7
2023-11-14 17:00:00,17,2664.9,3.8
2023-11-14 18:00:00,18,2153.6,3.9
2023-11-14 19:00:00,19,1462.8,3.7
2023-11-14 20:00:00,20,720.1,2.6
2023-11-14 21:00:00,21,88.3,1.4
2023-11-14 22:00:00,22,,1.0
2023-11-14 23:00:00,23,,1.7
2023-11-15 00:00:00,0,,1.8
2023-11-15 01:00:00,1,,1.3
2023-11-15 02:00:00,2,,1.4
2023-11-15 03:00:00,3,,1.4
2023-11-15 04:00:00,4,,1.5
2023-11-15 05:00:00,5,,2.4
2023-11-15 06:00:00,6,,3.2
2023-11-15 07:00:00,7,,2.9
2023-11-15 08:00:00,8,,1.9
2023-11-15 09:00:00,9,34.3,3.0
2023-11-15 10:00:00,10,189.0,2.6
2023-11-15 11:00:00,11,535.0,2.2
2023-11-15 12:00:00,12,1462.6,2.7
2023-11-15 13:00:00,13,,
2023-11-15 14:00:00,14,,
2023-11-15 15:00:00,15,,
2023-11-15 16:00:00,16,,
2023-11-15 17:00:00,17,,
2023-11-15 18:00:00,18,,
2023-11-15 19:00:00,19,,
2023-11-15 20:00:00,20,,
2023-11-15 21:00:00,21,,
2023-11-15 22:00:00,22,,
2023-11-15 23:00:00,23,,
2023-11-16 00:00:00,0,,
2023-11-16 01:00:00,1,,
2023-11-16 02:00:00,2,,
2023-11-16 03:00:00,3,,
2023-11-16 04:00:00,4,,
2023-11-16 05:00:00,5,,
2023-11-16 06:00:00,6,,
2023-11-16 07:00:00,7,,
2023-11-16 08:00:00,8,,
2023-11-16 09:00:00,9,,
2023-11-16 10:00:00,10,,
2023-11-16 11:00:00,11,,
2023-11-16 12:00:00,12,,
2023-11-16 13:00:00,13,,
2023-11-16 14:00:00,14,,
2023-11-16 15:00:00,15,,
2023-11-16 16:00:00,16,,
2023-11-16 17:00:00,17,,
2023-11-16 18:00:00,18,,
2023-11-16 19:00:00,19,,
2023-11-16 20:00:00,20,,
2023-11-16 21:00:00,21,,
2023-11-16 22:00:00,22,,1.8
2023-11-16 23:00:00,23,,1.3
2023-11-17 00:00:00,0,,1.4
2023-11-17 01:00:00,1,,5.1
2023-11-17 02:00:00,2,,1.2
2023-11-17 03:00:00,3,,1.5
2023-11-17 04:00:00,4,,1.7
2023-11-17 05:00:00,5,,1.3
2023-11-17 06:00:00,6,,1.7
2023-11-17 07:00:00,7,,1.4
2023-11-17 08:00:00,8,,1.9
2023-11-17 09:00:00,9,146.8,1.6
2023-11-17 10:00:00,10,819.8,1.3
2023-11-17 11:00:00,11,1272.1,1.9
2023-11-17 12:00:00,12,2100.0,2.9
2023-11-17 13:00:00,13,2654.8,3.5
2023-11-17 14:00:00,14,2936.1,3.3
2023-11-17 15:00:00,15,2598.5,3.1
2023-11-17 16:00:00,16,2390.2,2.4
2023-11-17 17:00:00,17,1675.5,2.0
2023-11-17 18:00:00,18,1598.5,2.5
2023-11-17 19:00:00,19,960.3,3.1
2023-11-17 20:00:00,20,706.4,2.5
2023-11-17 21:00:00,21,50.9,2.2
2023-11-17 22:00:00,22,,2.7
2023-11-17 23:00:00,23,,1.1
2023-11-18 00:00:00,0,,3.1
2023-11-18 01:00:00,1,,2.3
2023-11-18 02:00:00,2,,2.8
2023-11-18 03:00:00,3,,2.3
2023-11-18 04:00:00,4,,3.2
2023-11-18 05:00:00,5,,3.0
2023-11-18 06:00:00,6,,2.1
2023-11-18 07:00:00,7,,1.7
2023-11-18 08:00:00,8,,1.7
2023-11-18 09:00:00,9,141.8,2.3
2023-11-18 10:00:00,10,743.7,2.3
2023-11-18 11:00:00,11,1500.7,2.0
2023-11-18 12:00:00,12,1724.4,2.3
2023-11-18 13:00:00,13,2488.5,1.7
2023-11-18 14:00:00,14,2930.2,2.0
2023-11-18 15:00:00,15,2561.2,1.9
2023-11-18 16:00:00,16,3163.7,1.5
2023-11-18 17:00:00,17,2299.8,2.1
2023-11-18 18:00:00,18,1476.4,1.8
2023-11-18 19:00:00,19,723.1,2.0
2023-11-18 20:00:00,20,601.0,2.7
2023-11-18 21:00:00,21,104.5,2.2
2023-11-18 22:00:00,22,,4.0
2023-11-18 23:00:00,23,,4.1
2023-11-19 00:00:00,0,,4.7
2023-11-19 01:00:00,1,,3.0
2023-11-19 02:00:00,2,,3.0
2023-11-19 03:00:00,3,,1.7
2023-11-19 04:00:00,4,,1.6
2023-11-19 05:00:00,5,,1.0
2023-11-19 06:00:00,6,,2.4
2023-11-19 07:00:00,7,,1.4
2023-11-19 08:00:00,8,,1.2
2023-11-19 09:00:00,9,89.4,1.5
2023-11-19 10:00:00,10,643.2,2.2
2023-11-19 11:00:00,11,1426.0,1.5
2023-11-19 12:00:00,12,2011.8,2.7
2023-11-19 13:00:00,13,2189.3,2.5
2023-11-19 14:00:00,14,2452.6,2.5
2023-11-19 15:00:00,15,1966.8,2.7
2023-11-19 16:00:00,16,2612.8,2.2
2023-11-19 17:00:00,17,2407.0,3.6
2023-11-19 18:00:00,18,1742.9,3.4
2023-11-19 19:00:00,19,1203.0,2.6
2023-11-19 20:00:00,20,713.2,2.7
2023-11-19 21:00:00,21,98.6,3.1
2023-11-19 22:00:00,22,,1.9
2023-11-19 23:00:00,23,,1.6
2023-11-20 00:00:00,0,,1.3
2023-11-20 01:00:00,1,,1.7
2023-11-20 02:00:00,2,,2.1
2023-11-20 03:00:00,3,,1.5
2023-11-20 04:00:00,4,,1.3
2023-11-20 05:00:00,5,,2.1
2023-11-20 06:00:00,6,,2.4
2023-11-20 07:00:00,7,,2.3
2023-11-20 08:00:00,8,,1.8
2023-11-20 09:00:00,9,53.9,2.0
2023-11-20 10:00:00,10,101.9,2.8
2023-11-20 11:00:00,11,1211.7,2.5
2023-11-20 12:00:00,12,918.5,2.8
2023-11-20 13:00:00,13,803.6,2.5
2023-11-20 14:00:00,14,1130.1,1.8
2023-11-20 15:00:00,15,2429.7,1.8
2023-11-20 16:00:00,16,2128.3,2.9
2023-11-20 17:00:00,17,2772.2,1.8
2023-11-20 18:00:00,18,1628.5,2.6
2023-11-20 19:00:00,19,1399.6,3.6
2023-11-20 20:00:00,20,701.6,3.7
2023-11-20 21:00:00,21,102.1,2.6
2023-11-20 22:00:00,22,,2.0
2023-11-20 23:00:00,23,,1.3
2023-11-21 00:00:00,0,,1.9
2023-11-21 01:00:00,1,,3.1
2023-11-21 02:00:00,2,,3.1
2023-11-21 03:00:00,3,,2.6
2023-11-21 04:00:00,4,,2.4
2023-11-21 05:00:00,5,,4.2
2023-11-21 06:00:00,6,,2.8
2023-11-21 07:00:00,7,,3.3
2023-11-21 08:00:00,8,,2.4
2023-11-21 09:00:00,9,90.6,2.2
2023-11-21 10:00:00,10,331.4,3.4
2023-11-21 11:00:00,11,667.3,3.5
2023-11-21 12:00:00,12,382.9,3.0
2023-11-21 13:00:00,13,984.9,3.2
2023-11-21 14:00:00,14,1648.1,3.0
2023-11-21 15:00:00,15,1515.7,3.0
2023-11-21 16:00:00,16,1672.8,2.5
2023-11-21 17:00:00,17,2536.9,2.2
2023-11-21 18:00:00,18,1826.6,3.2
2023-11-21 19:00:00,19,947.0,3.1
2023-11-21 20:00:00,20,686.1,3.4
2023-11-21 21:00:00,21,87.4,2.0
2023-11-21 22:00:00,22,,1.0
2023-11-21 23:00:00,23,,1.1
2023-11-22 00:00:00,0,,4.1
2023-11-22 01:00:00,1,,3.9
2023-11-22 02:00:00,2,,4.6
2023-11-22 03:00:00,3,,2.4
2023-11-22 04:00:00,4,,1.2
2023-11-22 05:00:00,5,,1.5
2023-11-22 06:00:00,6,,1.1
2023-11-22 07:00:00,7,,1.8
2023-11-22 08:00:00,8,,1.1
2023-11-22 09:00:00,9,124.0,2.4
2023-11-22 10:00:00,10,580.7,2.7
2023-11-22 11:00:00,11,1437.5,3.4
2023-11-22 12:00:00,12,1830.5,3.6
2023-11-22 13:00:00,13,1550.0,3.4
2023-11-22 14:00:00,14,2154.9,3.2
2023-11-22 15:00:00,15,3227.5,3.5
2023-11-22 16:00:00,16,2100.0,3.3
2023-11-22 17:00:00,17,2251.2,3.2
2023-11-22 18:00:00,18,2082.9,3.2
2023-11-22 19:00:00,19,1559.2,3.0
2023-11-22 20:00:00,20,740.5,2.5
2023-11-22 21:00:00,21,93.3,2.1
2023-11-22 22:00:00,22,,2.4
2023-11-22 23:00:00,23,,1.4
2023-11-23 00:00:00,0,,5.9
2023-11-23 01:00:00,1,,3.2
2023-11-23 02:00:00,2,,2.3
2023-11-23 03:00:00,3,,2.4
2023-11-23 04:00:00,4,,1.7
2023-11-23 05:00:00,5,,2.0
2023-11-23 06:00:00,6,,2.6
2023-11-23 07:00:00,7,,2.2
2023-11-23 08:00:00,8,,3.7
2023-11-23 09:00:00,9,62.9,1.8
2023-11-23 10:00:00,10,285.7,4.3
2023-11-23 11:00:00,11,617.4,3.4
2023-11-23 12:00:00,12,1103.6,3.7
2023-11-23 13:00:00,13,2109.5,1.9
2023-11-23 14:00:00,14,2694.9,3.1
2023-11-23 15:00:00,15,2489.2,3.2
2023-11-23 16:00:00,16,,
2023-11-23 17:00:00,17,2168.6,2.6
2023-11-23 18:00:00,18,1604.2,2.5
2023-11-23 19:00:00,19,1135.0,2.5
2023-11-23 20:00:00,20,742.2,3.5
2023-11-23 21:00:00,21,112.8,2.3
2023-11-23 22:00:00,22,,3.0
2023-11-23 23:00:00,23,,3.0
2023-11-24 00:00:00,0,,3.6
2023-11-24 01:00:00,1,,4.7
2023-11-24 02:00:00,2,,1.2
2023-11-24 03:00:00,3,,2.1
2023-11-24 04:00:00,4,,1.9
2023-11-24 05:00:00,5,,2.3
2023-11-24 06:00:00,6,,2.1
2023-11-24 07:00:00,7,,1.8
2023-11-24 08:00:00,8,,2.4
2023-11-24 09:00:00,9,158.3,2.1
2023-11-24 10:00:00,10,800.2,2.7
2023-11-24 11:00:00,11,1541.1,3.2
2023-11-24 12:00:00,12,2193.9,3.0
2023-11-24 13:00:00,13,2690.6,1.5
2023-11-24 14:00:00,14,3011.3,2.8
2023-11-24 15:00:00,15,3103.2,3.4
2023-11-24 16:00:00,16,2975.7,3.1
2023-11-24 17:00:00,17,2665.6,3.5
2023-11-24 18:00:00,18,2148.7,3.7
2023-11-24 19:00:00,19,1490.6,3.4
2023-11-24 20:00:00,20,768.3,3.1
2023-11-24 21:00:00,21,111.0,2.1
2023-11-24 22:00:00,22,,1.5
2023-11-24 23:00:00,23,,0.6
2023-11-25 00:00:00,0,,1.2
2023-11-25 01:00:00,1,,3.7
2023-11-25 02:00:00,2,,1.6
2023-11-25 03:00:00,3,,1.6
2023-11-25 04:00:00,4,,0.8
2023-11-25 05:00:00,5,,2.5
2023-11-25 06:00:00,6,,2.7
2023-11-25 07:00:00,7,,3.0
2023-11-25 08:00:00,8,,2.4
2023-11-25 09:00:00,9,155.3,2.7
2023-11-25 10:00:00,10,619.0,4.8
2023-11-25 11:00:00,11,1536.7,4.8
2023-11-25 12:00:00,12,2145.2,4.6
2023-11-25 13:00:00,13,2626.2,4.0
2023-11-25 14:00:00,14,,
2023-11-25 15:00:00,15,3061.6,4.5
2023-11-25 16:00:00,16,2943.5,5.3
2023-11-25 17:00:00,17,2610.3,4.5
2023-11-25 18:00:00,18,2112.4,5.5
2023-11-25 19:00:00,19,1464.3,5.5
2023-11-25 20:00:00,20,742.6,5.4
2023-11-25 21:00:00,21,109.3,4.1
2023-11-25 22:00:00,22,,4.0
2023-11-25 23:00:00,23,,4.5
2023-11-26 00:00:00,0,,6.9
2023-11-26 01:00:00,1,,7.2
2023-11-26 02:00:00,2,,6.2
2023-11-26 03:00:00,3,,4.6
2023-11-26 04:00:00,4,,5.0
2023-11-26 05:00:00,5,,1.5
2023-11-26 06:00:00,6,,2.7
2023-11-26 07:00:00,7,,1.3
2023-11-26 08:00:00,8,,1.9
2023-11-26 09:00:00,9,,
2023-11-26 10:00:00,10,,
2023-11-26 11:00:00,11,,
2023-11-26 12:00:00,12,2104.7,4.9
2023-11-26 13:00:00,13,2079.8,5.4
2023-11-26 14:00:00,14,2494.9,6.0
2023-11-26 15:00:00,15,2648.3,5.3
2023-11-26 16:00:00,16,2986.4,5.3
2023-11-26 17:00:00,17,2723.0,5.3
2023-11-26 18:00:00,18,1999.7,5.9
2023-11-26 19:00:00,19,1538.2,5.6
2023-11-26 20:00:00,20,790.4,4.9
2023-11-26 21:00:00,21,121.3,3.9
2023-11-26 22:00:00,22,,4.9
2023-11-26 23:00:00,23,,4.1
2023-11-27 00:00:00,0,,6.6
2023-11-27 01:00:00,1,,6.1
2023-11-27 02:00:00,2,,5.2
2023-11-27 03:00:00,3,,4.2
2023-11-27 04:00:00,4,,3.5
2023-11-27 05:00:00,5,,2.7
2023-11-27 06:00:00,6,,3.5
2023-11-27 07:00:00,7,,4.2
2023-11-27 08:00:00,8,,2.5
2023-11-27 09:00:00,9,179.1,2.6
2023-11-27 10:00:00,10,302.3,3.1
2023-11-27 11:00:00,11,811.7,3.0
2023-11-27 12:00:00,12,2111.5,3.4
2023-11-27 13:00:00,13,2635.4,3.0
2023-11-27 14:00:00,14,2857.2,3.6
2023-11-27 15:00:00,15,3132.1,4.4
2023-11-27 16:00:00,16,3030.1,2.2
2023-11-27 17:00:00,17,2738.2,2.5
2023-11-27 18:00:00,18,2017.8,4.2
2023-11-27 19:00:00,19,1306.3,3.1
2023-11-27 20:00:00,20,757.7,3.1
2023-11-27 21:00:00,21,124.5,2.2
2023-11-27 22:00:00,22,,1.9
2023-11-27 23:00:00,23,,1.2
2023-11-28 00:00:00,0,,5.1
2023-11-28 01:00:00,1,,2.3
2023-11-28 02:00:00,2,,4.2
2023-11-28 03:00:00,3,,4.0
2023-11-28 04:00:00,4,,2.9
2023-11-28 05:00:00,5,,4.7
2023-11-28 06:00:00,6,,4.0
2023-11-28 07:00:00,7,,2.4
2023-11-28 08:00:00,8,,1.8
2023-11-28 09:00:00,9,27.6,2.4
2023-11-28 10:00:00,10,194.3,2.8
2023-11-28 11:00:00,11,401.6,2.0
2023-11-28 12:00:00,12,912.0,3.4
2023-11-28 13:00:00,13,2198.0,3.5
2023-11-28 14:00:00,14,1824.9,4.0
2023-11-28 15:00:00,15,2040.7,3.4
2023-11-28 16:00:00,16,2150.7,3.9
2023-11-28 17:00:00,17,2312.7,3.2
2023-11-28 18:00:00,18,1820.1,4.1
2023-11-28 19:00:00,19,1069.0,4.1
2023-11-28 20:00:00,20,543.0,3.3
2023-11-28 21:00:00,21,94.8,2.9
2023-11-28 22:00:00,22,,2.8
2023-11-28 23:00:00,23,,3.0
2023-11-29 00:00:00,0,,4.0
2023-11-29 01:00:00,1,,4.4
2023-11-29 02:00:00,2,,3.5
2023-11-29 03:00:00,3,,1.0
2023-11-29 04:00:00,4,,1.9
2023-11-29 05:00:00,5,,2.2
2023-11-29 06:00:00,6,,1.9
2023-11-29 07:00:00,7,,2.4
2023-11-29 08:00:00,8,,2.3
2023-11-29 09:00:00,9,84.2,1.9
2023-11-29 10:00:00,10,536.9,3.2
2023-11-29 11:00:00,11,1466.8,3.7
2023-11-29 12:00:00,12,2050.8,3.7
2023-11-29 13:00:00,13,2708.4,3.6
2023-11-29 14:00:00,14,3041.5,3.9
2023-11-29 15:00:00,15,3162.7,4.1
2023-11-29 16:00:00,16,3036.5,4.3
2023-11-29 17:00:00,17,2711.6,2.4
2023-11-29 18:00:00,18,2205.7,3.3
2023-11-29 19:00:00,19,1546.0,3.6
2023-11-29 20:00:00,20,804.1,4.3
2023-11-29 21:00:00,21,130.4,2.7
2023-11-29 22:00:00,22,,3.5
2023-11-29 23:00:00,23,,3.3
2023-11-30 00:00:00,0,,3.7
2023-11-30 01:00:00,1,,4.4
2023-11-30 02:00:00,2,,2.2
2023-11-30 03:00:00,3,,1.2
2023-11-30 04:00:00,4,,1.8
2023-11-30 05:00:00,5,,1.2
2023-11-30 06:00:00,6,,1.9
2023-11-30 07:00:00,7,,1.9
2023-11-30 08:00:00,8,,1.8
2023-11-30 09:00:00,9,151.4,2.3
2023-11-30 10:00:00,10,607.0,3.4
2023-11-30 11:00:00,11,1068.6,3.9
2023-11-30 12:00:00,12,2167.7,3.7
2023-11-30 13:00:00,13,2649.7,4.2
2023-11-30 14:00:00,14,2991.7,4.4
2023-11-30 15:00:00,15,3128.2,5.3
2023-11-30 16:00:00,16,3014.3,3.2
2023-11-30 17:00:00,17,2698.4,4.3
2023-11-30 18:00:00,18,2199.6,2.3
2023-11-30 19:00:00,19,1548.4,4.4
2023-11-30 20:00:00,20,804.0,4.0
2023-11-30 21:00:00,21,133.2,2.6
2023-11-30 22:00:00,22,,1.1
2023-11-30 23:00:00,23,,2.0
2023-12-01 00:00:00,0,,4.6
2023-12-01 01:00:00,1,,3.9
2023-12-01 02:00:00,2,,2.9
2023-12-01 03:00:00,3,,1.5
2023-12-01 04:00:00,4,,1.9
2023-12-01 05:00:00,5,,2.0
2023-12-01 06:00:00,6,,2.7
2023-12-01 07:00:00,7,,2.7
2023-12-01 08:00:00,8,,2.0
2023-12-01 09:00:00,9,16.0,1.9
2023-12-01 10:00:00,10,80.2,3.0
2023-12-01 11:00:00,11,263.4,2.4
2023-12-01 12:00:00,12,493.9,2.5
2023-12-01 13:00:00,13,1294.2,3.0
2023-12-01 14:00:00,14,2128.2,2.9
2023-12-01 15:00:00,15,3159.9,3.2
2023-12-01 16:00:00,16,2870.2,1.9
2023-12-01 17:00:00,17,2635.6,2.2
2023-12-01 18:00:00,18,2185.9,2.7
2023-12-01 19:00:00,19,1415.3,3.8
2023-12-01 20:00:00,20,845.5,2.6
2023-12-01 21:00:00,21,150.7,2.5
2023-12-01 22:00:00,22,,2.4
2023-12-01 23:00:00,23,,2.1
2023-12-02 00:00:00,0,,
2023-12-02 01:00:00,1,,1.9
2023-12-02 02:00:00,2,,1.8
2023-12-02 03:00:00,3,,1.5
2023-12-02 04:00:00,4,,1.2
2023-12-02 05:00:00,5,,0.9
2023-12-02 06:00:00,6,,0.9
2023-12-02 07:00:00,7,,1.7
2023-12-02 08:00:00,8,,1.9
2023-12-02 09:00:00,9,147.2,2.0
2023-12-02 10:00:00,10,741.0,3.4
2023-12-02 11:00:00,11,1510.7,3.5
2023-12-02 12:00:00,12,2160.3,2.9
2023-12-02 13:00:00,13,2658.4,2.8
2023-12-02 14:00:00,14,2846.6,2.5
2023-12-02 15:00:00,15,2720.7,2.8
2023-12-02 16:00:00,16,2978.8,3.5
2023-12-02 17:00:00,17,2690.9,2.8
2023-12-02 18:00:00,18,2189.4,2.9
2023-12-02 19:00:00,19,1545.6,2.0
2023-12-02 20:00:00,20,810.0,2.9
2023-12-02 21:00:00,21,136.9,2.1
2023-12-02 22:00:00,22,,1.1
2023-12-02 23:00:00,23,,1.6
2023-12-03 00:00:00,0,,1.7
2023-12-03 01:00:00,1,,3.9
2023-12-03 02:00:00,2,,2.3
2023-12-03 03:00:00,3,,2.6
2023-12-03 04:00:00,4,,3.6
2023-12-03 05:00:00,5,,3.4
2023-12-03 06:00:00,6,,2.5
2023-12-03 07:00:00,7,,1.9
2023-12-03 08:00:00,8,,2.2
2023-12-03 09:00:00,9,78.5,2.2
2023-12-03 10:00:00,10,533.4,2.8
2023-12-03 11:00:00,11,1213.4,1.7
2023-12-03 12:00:00,12,1803.2,1.6
2023-12-03 13:00:00,13,2400.3,3.4
2023-12-03 14:00:00,14,2960.2,2.0
2023-12-03 15:00:00,15,3080.5,2.7
2023-12-03 16:00:00,16,2972.5,2.5
2023-12-03 17:00:00,17,2454.7,3.1
2023-12-03 18:00:00,18,1922.3,2.8
2023-12-03 19:00:00,19,1533.7,3.6
2023-12-03 20:00:00,20,817.5,3.3
2023-12-03 21:00:00,21,144.0,2.1
2023-12-03 22:00:00,22,,2.7
2023-12-03 23:00:00,23,,1.2
2023-12-04 00:00:00,0,,1.1
2023-12-04 01:00:00,1,,3.8
2023-12-04 02:00:00,2,,1.4
2023-12-04 03:00:00,3,,3.0
2023-12-04 04:00:00,4,,1.9
2023-12-04 05:00:00,5,,2.0
2023-12-04 06:00:00,6,,1.4
2023-12-04 07:00:00,7,,1.5
2023-12-04 08:00:00,8,,1.5
2023-12-04 09:00:00,9,42.5,2.1
2023-12-04 10:00:00,10,99.1,1.3
2023-12-04 11:00:00,11,835.7,3.0
2023-12-04 12:00:00,12,559.3,3.3
2023-12-04 13:00:00,13,1577.6,3.4
2023-12-04 14:00:00,14,1336.8,2.8
2023-12-04 15:00:00,15,1603.5,1.4
2023-12-04 16:00:00,16,2053.7,2.9
2023-12-04 17:00:00,17,1062.8,2.4
2023-12-04 18:00:00,18,1461.6,3.6
2023-12-04 19:00:00,19,1048.7,5.5
2023-12-04 20:00:00,20,,
2023-12-04 21:00:00,21,,
2023-12-04 22:00:00,22,,2.2
2023-12-04 23:00:00,23,,2.4
2023-12-05 00:00:00,0,,2.5
2023-12-05 01:00:00,1,,1.5
2023-12-05 02:00:00,2,,1.5
2023-12-05 03:00:00,3,,1.0
2023-12-05 04:00:00,4,,1.3
2023-12-05 05:00:00,5,,2.4
2023-12-05 06:00:00,6,,1.6
2023-12-05 07:00:00,7,,2.1
2023-12-05 08:00:00,8,,1.2
2023-12-05 09:00:00,9,40.4,2.1
2023-12-05 10:00:00,10,100.3,2.1
2023-12-05 11:00:00,11,429.8,1.6
2023-12-05 12:00:00,12,566.5,2.5
2023-12-05 13:00:00,13,1399.3,2.8
2023-12-05 14:00:00,14,2048.7,3.0
2023-12-05 15:00:00,15,2356.1,3.3
2023-12-05 16:00:00,16,2450.7,3.3
2023-12-05 17:00:00,17,2169.4,4.7
2023-12-05 18:00:00,18,,
2023-12-05 19:00:00,19,1075.8,5.3
2023-12-05 20:00:00,20,491.5,3.0
2023-12-05 21:00:00,21,,
2023-12-05 22:00:00,22,,2.4
2023-12-05 23:00:00,23,,5.2
2023-12-06 00:00:00,0,,7.3
2023-12-06 01:00:00,1,,6.3
2023-12-06 02:00:00,2,,2.7
2023-12-06 03:00:00,3,,5.0
2023-12-06 04:00:00,4,,2.8
2023-12-06 05:00:00,5,,1.3
2023-12-06 06:00:00,6,,2.0
2023-12-06 07:00:00,7,,1.8
2023-12-06 08:00:00,8,,1.3
2023-12-06 09:00:00,9,150.6,1.3
2023-12-06 10:00:00,10,362.3,3.4
2023-12-06 11:00:00,11,687.3,4.1
2023-12-06 12:00:00,12,1230.2,4.9
2023-12-06 13:00:00,13,1922.9,5.0
2023-12-06 14:00:00,14,2211.9,4.8
2023-12-06 15:00:00,15,2291.2,4.7
2023-12-06 16:00:00,16,2443.8,6.2
2023-12-06 17:00:00,17,2494.0,5.6
2023-12-06 18:00:00,18,1944.5,5.8
2023-12-06 19:00:00,19,776.2,6.4
2023-12-06 20:00:00,20,562.1,5.5
2023-12-06 21:00:00,21,147.5,5.8
2023-12-06 22:00:00,22,,4.9
2023-12-06 23:00:00,23,,2.4
2023-12-07 00:00:00,0,,4.0
2023-12-07 01:00:00,1,,5.3
2023-12-07 02:00:00,2,,4.1
2023-12-07 03:00:00,3,,3.2
2023-12-07 04:00:00,4,,2.2
2023-12-07 05:00:00,5,,1.2
2023-12-07 06:00:00,6,,1.8
2023-12-07 07:00:00,7,,1.8
2023-12-07 08:00:00,8,,1.5
2023-12-07 09:00:00,9,38.7,1.9
2023-12-07 10:00:00,10,311.2,2.3
2023-12-07 11:00:00,11,1026.3,3.9
2023-12-07 12:00:00,12,1120.1,3.6
2023-12-07 13:00:00,13,1077.7,5.1
2023-12-07 14:00:00,14,1674.3,4.0
2023-12-07 15:00:00,15,2192.1,4.2
2023-12-07 16:00:00,16,1552.6,3.9
2023-12-07 17:00:00,17,1912.9,4.2
2023-12-07 18:00:00,18,2112.3,3.3
2023-12-07 19:00:00,19,1048.5,4.1
2023-12-07 20:00:00,20,482.2,3.6
2023-12-07 21:00:00,21,129.3,5.1
2023-12-07 22:00:00,22,,4.3
2023-12-07 23:00:00,23,,5.2
2023-12-08 00:00:00,0,,4.9
2023-12-08 01:00:00,1,,3.8
2023-12-08 02:00:00,2,,2.9
2023-12-08 03:00:00,3,,2.4
2023-12-08 04:00:00,4,,2.1
2023-12-08 05:00:00,5,,1.7
2023-12-08 06:00:00,6,,1.3
2023-12-08 07:00:00,7,,1.2
2023-12-08 08:00:00,8,,1.7
2023-12-08 09:00:00,9,69.8,1.9
2023-12-08 10:00:00,10,248.3,2.4
2023-12-08 11:00:00,11,588.4,2.5
2023-12-08 12:00:00,12,444.9,2.8
2023-12-08 13:00:00,13,978.2,2.5
2023-12-08 14:00:00,14,970.1,3.4
2023-12-08 15:00:00,15,2397.6,2.8
2023-12-08 16:00:00,16,2503.1,3.3
2023-12-08 17:00:00,17,2666.6,3.0
2023-12-08 18:00:00,18,1674.7,3.3
2023-12-08 19:00:00,19,1347.0,3.4
2023-12-08 20:00:00,20,676.0,3.7
2023-12-08 21:00:00,21,146.7,2.0
2023-12-08 22:00:00,22,,1.1
2023-12-08 23:00:00,23,,4.2
2023-12-09 00:00:00,0,,4.7
2023-12-09 01:00:00,1,,1.5
2023-12-09 02:00:00,2,,1.9
2023-12-09 03:00:00,3,,1.4
2023-12-09 04:00:00,4,,2.3
2023-12-09 05:00:00,5,,2.2
2023-12-09 06:00:00,6,,2.9
2023-12-09 07:00:00,7,,2.9
2023-12-09 08:00:00,8,,2.4
2023-12-09 09:00:00,9,88.3,1.5
2023-12-09 10:00:00,10,424.8,2.8
2023-12-09 11:00:00,11,1084.9,1.1
2023-12-09 12:00:00,12,2012.5,2.8
2023-12-09 13:00:00,13,2522.3,2.6
2023-12-09 14:00:00,14,2909.2,2.6
2023-12-09 15:00:00,15,2990.7,2.9
2023-12-09 16:00:00,16,2754.0,3.1
2023-12-09 17:00:00,17,2339.3,4.6
2023-12-09 18:00:00,18,1845.5,4.0
2023-12-09 19:00:00,19,1009.4,4.4
2023-12-09 20:00:00,20,903.7,4.7
2023-12-09 21:00:00,21,155.9,3.1
2023-12-09 22:00:00,22,,2.2
2023-12-09 23:00:00,23,,3.2
2023-12-10 00:00:00,0,,5.1
2023-12-10 01:00:00,1,,6.5
2023-12-10 02:00:00,2,,5.4
2023-12-10 03:00:00,3,,3.7
2023-12-10 04:00:00,4,,2.2
2023-12-10 05:00:00,5,,1.8
2023-12-10 06:00:00,6,,1.7
2023-12-10 07:00:00,7,,1.8
2023-12-10 08:00:00,8,,1.7
2023-12-10 09:00:00,9,50.6,1.3
2023-12-10 10:00:00,10,451.5,3.4
2023-12-10 11:00:00,11,1173.5,3.7
2023-12-10 12:00:00,12,1828.4,3.3
2023-12-10 13:00:00,13,1640.8,3.9
2023-12-10 14:00:00,14,2688.1,4.6
2023-12-10 15:00:00,15,2458.5,4.2
2023-12-10 16:00:00,16,2469.4,4.3
2023-12-10 17:00:00,17,2769.6,3.9
2023-12-10 18:00:00,18,2108.9,3.6
2023-12-10 19:00:00,19,1425.1,5.5
2023-12-10 20:00:00,20,504.3,5.2
2023-12-10 21:00:00,21,81.0,3.6
2023-12-10 22:00:00,22,,4.8
2023-12-10 23:00:00,23,,5.8
2023-12-11 00:00:00,0,,3.2
2023-12-11 01:00:00,1,,3.0
2023-12-11 02:00:00,2,,2.5
2023-12-11 03:00:00,3,,3.3
2023-12-11 04:00:00,4,,2.3
2023-12-11 05:00:00,5,,1.6
2023-12-11 06:00:00,6,,1.9
2023-12-11 07:00:00,7,,1.4
2023-12-11 08:00:00,8,,1.4
2023-12-11 09:00:00,9,111.8,1.7
2023-12-11 10:00:00,10,536.3,3.0
2023-12-11 11:00:00,11,984.0,3.5
2023-12-11 12:00:00,12,1888.1,3.9
2023-12-11 13:00:00,13,2420.4,3.6
2023-12-11 14:00:00,14,2923.5,4.6
2023-12-11 15:00:00,15,3247.6,3.6
2023-12-11 16:00:00,16,3073.6,3.1
2023-12-11 17:00:00,17,1698.8,3.1
2023-12-11 18:00:00,18,2407.1,3.2
2023-12-11 19:00:00,19,1641.7,3.8
2023-12-11 20:00:00,20,869.3,3.0
2023-12-11 21:00:00,21,141.3,2.7
2023-12-11 22:00:00,22,,1.0
2023-12-11 23:00:00,23,,1.3
2023-12-12 00:00:00,0,,5.3
2023-12-12 01:00:00,1,,2.6
2023-12-12 02:00:00,2,,2.4
2023-12-12 03:00:00,3,,2.7
2023-12-12 04:00:00,4,,2.5
2023-12-12 05:00:00,5,,2.6
2023-12-12 06:00:00,6,,1.9
2023-12-12 07:00:00,7,,2.1
2023-12-12 08:00:00,8,,1.5
2023-12-12 09:00:00,9,54.7,0.9
2023-12-12 10:00:00,10,308.2,2.9
2023-12-12 11:00:00,11,533.2,3.1
2023-12-12 12:00:00,12,690.5,3.3
2023-12-12 13:00:00,13,664.4,3.7
2023-12-12 14:00:00,14,933.8,2.7
2023-12-12 15:00:00,15,2505.5,4.3
2023-12-12 16:00:00,16,2650.2,4.1
2023-12-12 17:00:00,17,2550.3,4.2
2023-12-12 18:00:00,18,2157.0,4.6
2023-12-12 19:00:00,19,1544.5,4.3
2023-12-12 20:00:00,20,699.1,3.4
2023-12-12 21:00:00,21,179.2,3.0
2023-12-12 22:00:00,22,,1.6
2023-12-12 23:00:00,23,,1.2
2023-12-13 00:00:00,0,,6.5
2023-12-13 01:00:00,1,,3.8
2023-12-13 02:00:00,2,,4.2
2023-12-13 03:00:00,3,,1.8
2023-12-13 04:00:00,4,,2.4
2023-12-13 05:00:00,5,,2.2
2023-12-13 06:00:00,6,,2.2
2023-12-13 07:00:00,7,,2.1
2023-12-13 08:00:00,8,,2.1
2023-12-13 09:00:00,9,106.2,2.5
2023-12-13 10:00:00,10,465.8,3.0
2023-12-13 11:00:00,11,837.2,3.7
2023-12-13 12:00:00,12,1023.1,5.0
2023-12-13 13:00:00,13,1185.2,4.6
2023-12-13 14:00:00,14,1603.0,5.1
2023-12-13 15:00:00,15,2391.8,5.1
2023-12-13 16:00:00,16,2840.5,5.4
2023-12-13 17:00:00,17,2549.0,4.4
2023-12-13 18:00:00,18,2193.9,5.4
2023-12-13 19:00:00,19,1549.9,4.3
2023-12-13 20:00:00,20,818.2,5.2
2023-12-13 21:00:00,21,192.5,5.0
2023-12-13 22:00:00,22,,5.2
2023-12-13 23:00:00,23,,5.8
2023-12-14 00:00:00,0,,5.8
2023-12-14 01:00:00,1,,4.3
2023-12-14 02:00:00,2,,4.3
2023-12-14 03:00:00,3,,1.3
2023-12-14 04:00:00,4,,4.4
2023-12-14 05:00:00,5,,1.8
2023-12-14 06:00:00,6,,1.6
2023-12-14 07:00:00,7,,1.7
2023-12-14 08:00:00,8,,1.9
2023-12-14 09:00:00,9,114.0,2.2
2023-12-14 10:00:00,10,577.8,3.5
2023-12-14 11:00:00,11,958.4,4.0
2023-12-14 12:00:00,12,1355.2,4.0
2023-12-14 13:00:00,13,1718.8,4.0
2023-12-14 14:00:00,14,1798.5,4.9
2023-12-14 15:00:00,15,1547.9,5.5
2023-12-14 16:00:00,16,2142.5,6.1
2023-12-14 17:00:00,17,1544.5,6.5
2023-12-14 18:00:00,18,1246.6,5.0
2023-12-14 19:00:00,19,1107.5,5.7
2023-12-14 20:00:00,20,489.1,4.7
2023-12-14 21:00:00,21,105.3,5.2
2023-12-14 22:00:00,22,,5.9
2023-12-14 23:00:00,23,,4.3
2023-12-15 00:00:00,0,,5.1
2023-12-15 01:00:00,1,,5.3
2023-12-15 02:00:00,2,,4.9
2023-12-15 03:00:00,3,,4.6
2023-12-15 04:00:00,4,,3.3
2023-12-15 05:00:00,5,,3.3
2023-12-15 06:00:00,6,,3.0
2023-12-15 07:00:00,7,,2.6
2023-12-15 08:00:00,8,,2.7
2023-12-15 09:00:00,9,46.6,2.6
2023-12-15 10:00:00,10,292.2,4.0
2023-12-15 11:00:00,11,752.0,4.1
2023-12-15 12:00:00,12,466.6,5.0
2023-12-15 13:00:00,13,811.2,5.4
2023-12-15 14:00:00,14,1052.2,5.2
2023-12-15 15:00:00,15,1496.5,4.4
2023-12-15 16:00:00,16,1257.0,4.8
2023-12-15 17:00:00,17,1534.9,4.6
2023-12-15 18:00:00,18,1068.7,3.7
2023-12-15 19:00:00,19,560.9,3.1
2023-12-15 20:00:00,20,334.3,3.6
2023-12-15 21:00:00,21,90.8,3.3
2023-12-15 22:00:00,22,,2.2
2023-12-15 23:00:00,23,,4.2
2023-12-16 00:00:00,0,,4.6
2023-12-16 01:00:00,1,,2.2
2023-12-16 02:00:00,2,,3.9
2023-12-16 03:00:00,3,,2.1
2023-12-16 04:00:00,4,,2.8
2023-12-16 05:00:00,5,,2.7
2023-12-16 06:00:00,6,,2.6
2023-12-16 07:00:00,7,,3.5
2023-12-16 08:00:00,8,,3.9
2023-12-16 09:00:00,9,38.0,3.2
2023-12-16 10:00:00,10,221.9,4.3
2023-12-16 11:00:00,11,533.3,4.5
2023-12-16 12:00:00,12,796.5,4.3
2023-12-16 13:00:00,13,1693.7,4.6
2023-12-16 14:00:00,14,1168.6,4.5
2023-12-16 15:00:00,15,2648.8,5.1
2023-12-16 16:00:00,16,2106.2,4.8
2023-12-16 17:00:00,17,2441.2,4.3
2023-12-16 18:00:00,18,1965.7,4.6
2023-12-16 19:00:00,19,1619.5,5.2
2023-12-16 20:00:00,20,614.1,4.4
2023-12-16 21:00:00,21,163.9,4.3
2023-12-16 22:00:00,22,,3.0
2023-12-16 23:00:00,23,,5.4
2023-12-17 00:00:00,0,,7.8
2023-12-17 01:00:00,1,,6.3
2023-12-17 02:00:00,2,,3.8
2023-12-17 03:00:00,3,,4.1
2023-12-17 04:00:00,4,,3.8
2023-12-17 05:00:00,5,,2.6
2023-12-17 06:00:00,6,,2.9
2023-12-17 07:00:00,7,,2.4
2023-12-17 08:00:00,8,,1.3
2023-12-17 09:00:00,9,86.7,1.4
2023-12-17 10:00:00,10,384.5,3.6
2023-12-17 11:00:00,11,559.3,3.6
2023-12-17 12:00:00,12,627.1,4.3
2023-12-17 13:00:00,13,699.6,4.0
2023-12-17 14:00:00,14,1251.6,3.7
2023-12-17 15:00:00,15,1987.3,4.2
2023-12-17 16:00:00,16,2081.9,5.2
2023-12-17 17:00:00,17,1959.2,4.3
2023-12-17 18:00:00,18,1221.4,4.6
2023-12-17 19:00:00,19,1239.5,4.1
2023-12-17 20:00:00,20,769.8,4.0
2023-12-17 21:00:00,21,211.7,3.0
2023-12-17 22:00:00,22,,4.2
2023-12-17 23:00:00,23,,4.8
2023-12-18 00:00:00,0,,4.6
2023-12-18 01:00:00,1,,5.3
2023-12-18 02:00:00,2,,3.6
2023-12-18 03:00:00,3,,3.1
2023-12-18 04:00:00,4,,1.5
2023-12-18 05:00:00,5,,1.5
2023-12-18 06:00:00,6,,1.7
2023-12-18 07:00:00,7,,1.0
2023-12-18 08:00:00,8,,1.6
2023-12-18 09:00:00,9,39.5,1.6
2023-12-18 10:00:00,10,260.1,2.7
2023-12-18 11:00:00,11,455.6,2.9
2023-12-18 12:00:00,12,1128.9,2.9
2023-12-18 13:00:00,13,1383.4,3.1
2023-12-18 14:00:00,14,1616.1,3.2
2023-12-18 15:00:00,15,2713.2,4.1
2023-12-18 16:00:00,16,2860.7,2.5
2023-12-18 17:00:00,17,1513.6,3.4
2023-12-18 18:00:00,18,2054.5,3.1
2023-12-18 19:00:00,19,1118.2,3.1
2023-12-18 20:00:00,20,681.2,2.0
2023-12-18 21:00:00,21,140.9,3.1
2023-12-18 22:00:00,22,,1.3
2023-12-18 23:00:00,23,,0.7
2023-12-19 00:00:00,0,,1.1
2023-12-19 01:00:00,1,,0.7
2023-12-19 02:00:00,2,,1.6
2023-12-19 03:00:00,3,,1.7
2023-12-19 04:00:00,4,,1.4
2023-12-19 05:00:00,5,,1.8
2023-12-19 06:00:00,6,,1.7
2023-12-19 07:00:00,7,,1.2
2023-12-19 08:00:00,8,,1.7
2023-12-19 09:00:00,9,51.7,1.2
2023-12-19 10:00:00,10,,
2023-12-19 11:00:00,11,,
2023-12-19 12:00:00,12,2038.0,2.1
2023-12-19 13:00:00,13,2535.3,3.3
2023-12-19 14:00:00,14,2853.4,3.1
2023-12-19 15:00:00,15,2443.0,3.8
2023-12-19 16:00:00,16,929.0,1.5
2023-12-19 17:00:00,17,,
2023-12-19 18:00:00,18,284.3,3.8
2023-12-19 19:00:00,19,122.5,3.5
2023-12-19 20:00:00,20,149.4,1.7
2023-12-19 21:00:00,21,77.1,2.0
2023-12-19 22:00:00,22,,
2023-12-19 23:00:00,23,,1.4
2023-12-20 00:00:00,0,,1.5
2023-12-20 01:00:00,1,,1.3
2023-12-20 02:00:00,2,,3.4
2023-12-20 03:00:00,3,,0.6
2023-12-20 04:00:00,4,,4.7
2023-12-20 05:00:00,5,,3.2
2023-12-20 06:00:00,6,,
2023-12-20 07:00:00,7,,
2023-12-20 08:00:00,8,,
2023-12-20 09:00:00,9,,
2023-12-20 10:00:00,10,,
2023-12-20 11:00:00,11,,
2023-12-20 12:00:00,12,,
2023-12-20 13:00:00,13,,
2023-12-20 14:00:00,14,,
2023-12-20 15:00:00,15,,
2023-12-20 16:00:00,16,,
2023-12-20 17:00:00,17,,
2023-12-20 18:00:00,18,,
2023-12-20 19:00:00,19,,
2023-12-20 20:00:00,20,,
2023-12-20 21:00:00,21,,
2023-12-20 22:00:00,22,,
2023-12-20 23:00:00,23,,
2023-12-21 00:00:00,0,,
2023-12-21 01:00:00,1,,
2023-12-21 02:00:00,2,,
2023-12-21 03:00:00,3,,
2023-12-21 04:00:00,4,,
2023-12-21 05:00:00,5,,
2023-12-21 06:00:00,6,,
2023-12-21 07:00:00,7,,
2023-12-21 08:00:00,8,,
2023-12-21 09:00:00,9,,
2023-12-21 10:00:00,10,,
2023-12-21 11:00:00,11,,
2023-12-21 12:00:00,12,,
2023-12-21 13:00:00,13,,
2023-12-21 14:00:00,14,,
2023-12-21 15:00:00,15,,
2023-12-21 16:00:00,16,,
2023-12-21 17:00:00,17,,
2023-12-21 18:00:00,18,,
2023-12-21 19:00:00,19,,
2023-12-21 20:00:00,20,,
2023-12-21 21:00:00,21,,
2023-12-21 22:00:00,22,,
2023-12-21 23:00:00,23,,
2023-12-22 00:00:00,0,,
2023-12-22 01:00:00,1,,
2023-12-22 02:00:00,2,,
2023-12-22 03:00:00,3,,
2023-12-22 04:00:00,4,,
2023-12-22 05:00:00,5,,
2023-12-22 06:00:00,6,,
2023-12-22 07:00:00,7,,
2023-12-22 08:00:00,8,,
2023-12-22 09:00:00,9,,
2023-12-22 10:00:00,10,,
2023-12-22 11:00:00,11,,
2023-12-22 12:00:00,12,,
2023-12-22 13:00:00,13,,
2023-12-22 14:00:00,14,,
2023-12-22 15:00:00,15,,
2023-12-22 16:00:00,16,,
2023-12-22 17:00:00,17,,
2023-12-22 18:00:00,18,1258.3,4.5
2023-12-22 19:00:00,19,1208.2,4.7
2023-12-22 20:00:00,20,810.4,4.1
2023-12-22 21:00:00,21,192.7,3.8
2023-12-22 22:00:00,22,,2.9
2023-12-22 23:00:00,23,,1.7
2023-12-23 00:00:00,0,,2.6
2023-12-23 01:00:00,1,,1.9
2023-12-23 02:00:00,2,,1.3
2023-12-23 03:00:00,3,,2.8
2023-12-23 04:00:00,4,,2.0
2023-12-23 05:00:00,5,,1.2
2023-12-23 06:00:00,6,,1.1
2023-12-23 07:00:00,7,,0.5
2023-12-23 08:00:00,8,,2.9
2023-12-23 09:00:00,9,30.0,1.3
2023-12-23 10:00:00,10,339.4,1.8
2023-12-23 11:00:00,11,611.6,1.2
2023-12-23 12:00:00,12,1672.7,4.5
2023-12-23 13:00:00,13,1515.7,4.2
2023-12-23 14:00:00,14,2364.9,5.5
2023-12-23 15:00:00,15,2643.7,4.7
2023-12-23 16:00:00,16,2788.0,4.8
2023-12-23 17:00:00,17,2135.1,3.8
2023-12-23 18:00:00,18,1530.9,4.4
2023-12-23 19:00:00,19,1397.5,4.5
2023-12-23 20:00:00,20,746.4,5.0
2023-12-23 21:00:00,21,194.5,4.1
2023-12-23 22:00:00,22,,3.3
2023-12-23 23:00:00,23,,3.4
2023-12-24 00:00:00,0,,3.5
2023-12-24 01:00:00,1,,3.1
2023-12-24 02:00:00,2,,4.3
2023-12-24 03:00:00,3,,0.8
2023-12-24 04:00:00,4,,1.4
2023-12-24 05:00:00,5,,1.5
2023-12-24 06:00:00,6,,1.7
2023-12-24 07:00:00,7,,1.9
2023-12-24 08:00:00,8,,1.8
2023-12-24 09:00:00,9,57.9,1.8
2023-12-24 10:00:00,10,324.9,1.7
2023-12-24 11:00:00,11,540.2,2.6
2023-12-24 12:00:00,12,1415.8,3.8
2023-12-24 13:00:00,13,1678.2,3.1
2023-12-24 14:00:00,14,2503.5,3.1
2023-12-24 15:00:00,15,3088.7,3.3
2023-12-24 16:00:00,16,2993.6,3.5
2023-12-24 17:00:00,17,2576.9,2.9
2023-12-24 18:00:00,18,2158.7,3.1
2023-12-24 19:00:00,19,1379.3,3.6
2023-12-24 20:00:00,20,849.1,3.0
2023-12-24 21:00:00,21,229.2,2.7
2023-12-24 22:00:00,22,,3.6
2023-12-24 23:00:00,23,,1.8
2023-12-25 00:00:00,0,,1.4
2023-12-25 01:00:00,1,,3.2
2023-12-25 02:00:00,2,,1.9
2023-12-25 03:00:00,3,,1.6
2023-12-25 04:00:00,4,,3.0
2023-12-25 05:00:00,5,,2.6
2023-12-25 06:00:00,6,,3.5
2023-12-25 07:00:00,7,,2.8
2023-12-25 08:00:00,8,,2.8
2023-12-25 09:00:00,9,65.8,2.1
2023-12-25 10:00:00,10,567.4,3.7
2023-12-25 11:00:00,11,840.2,4.6
2023-12-25 12:00:00,12,1491.2,2.9
2023-12-25 13:00:00,13,2234.4,3.7
2023-12-25 14:00:00,14,2644.0,3.7
2023-12-25 15:00:00,15,2940.7,4.7
2023-12-25 16:00:00,16,3035.0,4.0
2023-12-25 17:00:00,17,2554.2,4.4
2023-12-25 18:00:00,18,2228.3,4.7
2023-12-25 19:00:00,19,1371.8,4.7
2023-12-25 20:00:00,20,703.4,3.0
2023-12-25 21:00:00,21,188.8,2.5
2023-12-25 22:00:00,22,,4.8
2023-12-25 23:00:00,23,,4.6
2023-12-26 00:00:00,0,,3.7
2023-12-26 01:00:00,1,,4.2
2023-12-26 02:00:00,2,,3.0
2023-12-26 03:00:00,3,,1.1
2023-12-26 04:00:00,4,,1.9
2023-12-26 05:00:00,5,,2.0
2023-12-26 06:00:00,6,,2.4
2023-12-26 07:00:00,7,,1.9
2023-12-26 08:00:00,8,,1.9
2023-12-26 09:00:00,9,53.4,2.3
2023-12-26 10:00:00,10,300.3,3.1
2023-12-26 11:00:00,11,851.1,3.0
2023-12-26 12:00:00,12,1951.7,3.2
2023-12-26 13:00:00,13,2483.2,3.1
2023-12-26 14:00:00,14,2849.8,3.5
2023-12-26 15:00:00,15,3050.6,2.8
2023-12-26 16:00:00,16,3013.1,3.0
2023-12-26 17:00:00,17,2671.0,3.3
2023-12-26 18:00:00,18,2162.9,3.2
2023-12-26 19:00:00,19,1582.6,3.5
2023-12-26 20:00:00,20,816.6,4.1
2023-12-26 21:00:00,21,202.5,3.3
2023-12-26 22:00:00,22,,3.4
2023-12-26 23:00:00,23,,3.3
2023-12-27 00:00:00,0,,3.1
2023-12-27 01:00:00,1,,2.6
2023-12-27 02:00:00,2,,3.6
2023-12-27 03:00:00,3,,2.2
2023-12-27 04:00:00,4,,1.2
2023-12-27 05:00:00,5,,1.2
2023-12-27 06:00:00,6,,0.9
2023-12-27 07:00:00,7,,1.9
2023-12-27 08:00:00,8,,2.3
2023-12-27 09:00:00,9,80.3,2.7
2023-12-27 10:00:00,10,595.4,3.0
2023-12-27 11:00:00,11,1289.9,1.8
2023-12-27 12:00:00,12,1933.8,2.6
2023-12-27 13:00:00,13,2482.1,2.8
2023-12-27 14:00:00,14,2866.9,3.0
2023-12-27 15:00:00,15,3092.4,3.4
2023-12-27 16:00:00,16,3058.2,4.6
2023-12-27 17:00:00,17,2702.5,3.4
2023-12-27 18:00:00,18,2157.3,4.1
2023-12-27 19:00:00,19,1580.0,4.5
2023-12-27 20:00:00,20,895.9,4.9
2023-12-27 21:00:00,21,248.7,3.9
2023-12-27 22:00:00,22,,3.3
2023-12-27 23:00:00,23,,2.2
2023-12-28 00:00:00,0,,4.6
2023-12-28 01:00:00,1,,4.5
2023-12-28 02:00:00,2,,3.4
2023-12-28 03:00:00,3,,2.0
2023-12-28 04:00:00,4,,1.7
2023-12-28 05:00:00,5,,1.5
2023-12-28 06:00:00,6,,2.8
2023-12-28 07:00:00,7,,2.9
2023-12-28 08:00:00,8,,2.5
2023-12-28 09:00:00,9,40.9,1.9
2023-12-28 10:00:00,10,409.6,3.5
2023-12-28 11:00:00,11,865.7,2.6
2023-12-28 12:00:00,12,1893.2,3.2
2023-12-28 13:00:00,13,2157.5,4.0
2023-12-28 14:00:00,14,2853.7,3.5
2023-12-28 15:00:00,15,3071.3,2.7
2023-12-28 16:00:00,16,3073.9,2.3
2023-12-28 17:00:00,17,2719.9,3.4
2023-12-28 18:00:00,18,2210.8,2.8
2023-12-28 19:00:00,19,1630.2,2.8
2023-12-28 20:00:00,20,895.5,2.5
2023-12-28 21:00:00,21,240.5,4.0
2023-12-28 22:00:00,22,,4.2
2023-12-28 23:00:00,23,,4.0
2023-12-29 00:00:00,0,,5.1
2023-12-29 01:00:00,1,,3.6
2023-12-29 02:00:00,2,,3.4
2023-12-29 03:00:00,3,,3.4
2023-12-29 04:00:00,4,,3.0
2023-12-29 05:00:00,5,,2.3
2023-12-29 06:00:00,6,,1.7
2023-12-29 07:00:00,7,,2.6
2023-12-29 08:00:00,8,,2.2
2023-12-29 09:00:00,9,54.3,1.7
2023-12-29 10:00:00,10,310.2,1.9
2023-12-29 11:00:00,11,1298.1,3.1
2023-12-29 12:00:00,12,1994.3,3.5
2023-12-29 13:00:00,13,2565.5,3.2
2023-12-29 14:00:00,14,2869.9,2.7
2023-12-29 15:00:00,15,2853.0,3.1
2023-12-29 16:00:00,16,2823.1,3.4
2023-12-29 17:00:00,17,2639.2,3.3
2023-12-29 18:00:00,18,2222.5,2.8
2023-12-29 19:00:00,19,1578.9,4.1
2023-12-29 20:00:00,20,857.4,2.7
2023-12-29 21:00:00,21,238.5,3.0
2023-12-29 22:00:00,22,,2.6
2023-12-29 23:00:00,23,,3.1
2023-12-30 00:00:00,0,,2.2
2023-12-30 01:00:00,1,,1.8
2023-12-30 02:00:00,2,,2.1
2023-12-30 03:00:00,3,,1.4
2023-12-30 04:00:00,4,,1.3
2023-12-30 05:00:00,5,,1.3
2023-12-30 06:00:00,6,,1.8
2023-12-30 07:00:00,7,,2.1
2023-12-30 08:00:00,8,,2.6
2023-12-30 09:00:00,9,39.4,1.3
2023-12-30 10:00:00,10,439.6,2.1
2023-12-30 11:00:00,11,1063.2,2.2
2023-12-30 12:00:00,12,1824.9,2.0
2023-12-30 13:00:00,13,2345.9,2.2
2023-12-30 14:00:00,14,2807.9,2.0
2023-12-30 15:00:00,15,2985.0,2.4
2023-12-30 16:00:00,16,2827.5,2.7
2023-12-30 17:00:00,17,2502.9,2.5
2023-12-30 18:00:00,18,2115.3,2.7
2023-12-30 19:00:00,19,1596.2,2.3
2023-12-30 20:00:00,20,897.5,2.8
2023-12-30 21:00:00,21,248.6,2.7
2023-12-30 22:00:00,22,,2.0
2023-12-30 23:00:00,23,,2.2
2023-12-31 00:00:00,0,,1.9
2023-12-31 01:00:00,1,,1.5
2023-12-31 02:00:00,2,,0.9
2023-12-31 03:00:00,3,,0.5
2023-12-31 04:00:00,4,,1.6
2023-12-31 05:00:00,5,,1.2
2023-12-31 06:00:00,6,,1.2
2023-12-31 07:00:00,7,,1.8
2023-12-31 08:00:00,8,,2.1
2023-12-31 09:00:00,9,15.6,2.7
2023-12-31 10:00:00,10,235.4,3.2
2023-12-31 11:00:00,11,1086.2,3.9
2023-12-31 12:00:00,12,1842.9,3.7
2023-12-31 13:00:00,13,2438.6,1.9
2023-12-31 14:00:00,14,2697.8,2.9
2023-12-31 15:00:00,15,3033.6,2.8
2023-12-31 16:00:00,16,2261.5,2.3
2023-12-31 17:00:00,17,1731.3,3.9
2023-12-31 18:00:00,18,805.1,6.1
2023-12-31 19:00:00,19,676.1,6.7
2023-12-31 20:00:00,20,572.2,5.8
2023-12-31 21:00:00,21,144.1,1.8
2023-12-31 22:00:00,22,,2.0
2023-12-31 23:00:00,23,,2.2
