datetime_utc,hora,rad_kJm2,vento_ms
2023-01-01 00:00:00,0,0.0,0.0
2023-01-01 01:00:00,1,,0.1
2023-01-01 02:00:00,2,0.0,0.0
2023-01-01 03:00:00,3,0.0,0.0
2023-01-01 04:00:00,4,0.0,0.0
2023-01-01 05:00:00,5,0.0,0.0
2023-01-01 06:00:00,6,0.0,0.0
2023-01-01 07:00:00,7,0.0,0.0
2023-01-01 08:00:00,8,0.0,0.0
2023-01-01 09:00:00,9,27.7,0.0
2023-01-01 10:00:00,10,369.3,0.0
2023-01-01 11:00:00,11,878.8,0.0
2023-01-01 12:00:00,12,1137.5,0.2
2023-01-01 13:00:00,13,2096.0,0.2
2023-01-01 14:00:00,14,1908.0,0.6
2023-01-01 15:00:00,15,2192.3,0.8
2023-01-01 16:00:00,16,2185.3,0.3
2023-01-01 17:00:00,17,2097.4,1.2
2023-01-01 18:00:00,18,1235.3,2.5
2023-01-01 19:00:00,19,1348.4,1.1
2023-01-01 20:00:00,20,555.5,0.4
2023-01-01 21:00:00,21,110.9,1.9
2023-01-01 22:00:00,22,0.0,2.1
2023-01-01 23:00:00,23,0.0,1.9
2023-01-02 00:00:00,0,0.0,0.0
2023-01-02 01:00:00,1,0.0,0.9
2023-01-02 02:00:00,2,0.0,0.0
2023-01-02 03:00:00,3,0.0,0.0
2023-01-02 04:00:00,4,0.0,0.0
2023-01-02 05:00:00,5,0.0,0.0
2023-01-02 06:00:00,6,0.0,0.0
2023-01-02 07:00:00,7,0.0,0.0
2023-01-02 08:00:00,8,0.0,0.0
2023-01-02 09:00:00,9,27.0,0.0
2023-01-02 10:00:00,10,503.8,0.0
2023-01-02 11:00:00,11,1281.6,0.0
2023-01-02 12:00:00,12,1886.9,0.0
2023-01-02 13:00:00,13,1747.5,0.0
2023-01-02 14:00:00,14,1856.9,0.0
2023-01-02 15:00:00,15,2381.6,0.0
2023-01-02 16:00:00,16,2214.3,0.0
2023-01-02 17:00:00,17,1982.9,2.0
2023-01-02 18:00:00,18,2323.2,0.0
2023-01-02 19:00:00,19,1829.2,3.1
2023-01-02 20:00:00,20,700.0,2.8
2023-01-02 21:00:00,21,89.4,0.8
2023-01-02 22:00:00,22,0.0,3.3
2023-01-02 23:00:00,23,0.0,2.2
2023-01-03 00:00:00,0,0.0,0.0
2023-01-03 01:00:00,1,0.0,0.3
2023-01-03 02:00:00,2,0.0,0.0
2023-01-03 03:00:00,3,0.0,0.0
2023-01-03 04:00:00,4,0.0,0.0
2023-01-03 05:00:00,5,0.0,0.0
2023-01-03 06:00:00,6,0.0,0.0
2023-01-03 07:00:00,7,0.0,0.0
2023-01-03 08:00:00,8,0.0,0.0
2023-01-03 09:00:00,9,14.2,0.0
2023-01-03 10:00:00,10,210.8,0.0
2023-01-03 11:00:00,11,569.8,0.0
2023-01-03 12:00:00,12,806.1,0.2
2023-01-03 13:00:00,13,2068.4,2.4
2023-01-03 14:00:00,14,2289.6,2.7
2023-01-03 15:00:00,15,2066.4,1.3
2023-01-03 16:00:00,16,1833.8,4.2
2023-01-03 17:00:00,17,2942.2,4.4
2023-01-03 18:00:00,18,2173.9,1.8
2023-01-03 19:00:00,19,701.8,0.0
2023-01-03 20:00:00,20,310.5,0.0
2023-01-03 21:00:00,21,97.2,1.4
2023-01-03 22:00:00,22,0.0,0.3
2023-01-03 23:00:00,23,0.0,0.0
2023-01-04 00:00:00,0,0.0,0.0
2023-01-04 01:00:00,1,,0.0
2023-01-04 02:00:00,2,0.0,0.0
2023-01-04 03:00:00,3,0.0,0.0
2023-01-04 04:00:00,4,0.0,0.0
2023-01-04 05:00:00,5,0.0,0.0
2023-01-04 06:00:00,6,0.0,0.0
2023-01-04 07:00:00,7,0.0,0.0
2023-01-04 08:00:00,8,0.0,0.0
2023-01-04 09:00:00,9,23.4,0.0
2023-01-04 10:00:00,10,415.4,0.0
2023-01-04 11:00:00,11,1348.6,0.1
2023-01-04 12:00:00,12,1785.4,3.7
2023-01-04 13:00:00,13,2286.4,3.7
2023-01-04 14:00:00,14,2382.4,1.8
2023-01-04 15:00:00,15,2805.0,1.1
2023-01-04 16:00:00,16,1940.0,0.9
2023-01-04 17:00:00,17,1469.2,1.9
2023-01-04 18:00:00,18,1114.1,0.8
2023-01-04 19:00:00,19,1061.9,0.2
2023-01-04 20:00:00,20,811.6,3.9
2023-01-04 21:00:00,21,224.2,3.6
2023-01-04 22:00:00,22,0.0,1.7
2023-01-04 23:00:00,23,0.0,0.0
2023-01-05 00:00:00,0,0.0,1.2
2023-01-05 01:00:00,1,,0.0
2023-01-05 02:00:00,2,0.0,0.0
2023-01-05 03:00:00,3,0.0,0.0
2023-01-05 04:00:00,4,0.0,0.0
2023-01-05 05:00:00,5,0.0,0.0
2023-01-05 06:00:00,6,0.0,0.0
2023-01-05 07:00:00,7,0.0,0.0
2023-01-05 08:00:00,8,0.0,0.0
2023-01-05 09:00:00,9,24.8,0.0
2023-01-05 10:00:00,10,481.0,0.0
2023-01-05 11:00:00,11,1312.1,2.0
2023-01-05 12:00:00,12,1571.5,3.0
2023-01-05 13:00:00,13,2093.0,2.3
2023-01-05 14:00:00,14,2396.9,2.0
2023-01-05 15:00:00,15,3312.4,3.9
2023-01-05 16:00:00,16,2918.9,2.4
2023-01-05 17:00:00,17,2768.8,1.8
2023-01-05 18:00:00,18,2165.8,0.7
2023-01-05 19:00:00,19,1570.7,4.3
2023-01-05 20:00:00,20,850.0,5.3
2023-01-05 21:00:00,21,241.5,4.3
2023-01-05 22:00:00,22,0.1,3.4
2023-01-05 23:00:00,23,0.0,3.5
2023-01-06 00:00:00,0,0.0,2.9
2023-01-06 01:00:00,1,0.0,0.5
2023-01-06 02:00:00,2,0.0,0.5
2023-01-06 03:00:00,3,0.0,0.0
2023-01-06 04:00:00,4,0.0,0.0
2023-01-06 05:00:00,5,0.0,0.0
2023-01-06 06:00:00,6,0.0,0.0
2023-01-06 07:00:00,7,0.0,0.0
2023-01-06 08:00:00,8,0.0,0.0
2023-01-06 09:00:00,9,18.3,0.0
2023-01-06 10:00:00,10,374.9,0.0
2023-01-06 11:00:00,11,1035.1,0.0
2023-01-06 12:00:00,12,1740.7,2.8
2023-01-06 13:00:00,13,2082.7,2.2
2023-01-06 14:00:00,14,2933.2,2.0
2023-01-06 15:00:00,15,2557.4,1.8
2023-01-06 16:00:00,16,2535.1,2.1
2023-01-06 17:00:00,17,2439.1,0.9
2023-01-06 18:00:00,18,1809.8,2.6
2023-01-06 19:00:00,19,1099.7,2.0
2023-01-06 20:00:00,20,443.1,2.6
2023-01-06 21:00:00,21,106.5,4.4
2023-01-06 22:00:00,22,0.0,3.9
2023-01-06 23:00:00,23,0.0,2.6
2023-01-07 00:00:00,0,0.0,1.7
2023-01-07 01:00:00,1,0.0,0.1
2023-01-07 02:00:00,2,0.0,0.3
2023-01-07 03:00:00,3,0.0,0.3
2023-01-07 04:00:00,4,0.0,1.2
2023-01-07 05:00:00,5,0.0,0.4
2023-01-07 06:00:00,6,0.0,0.0
2023-01-07 07:00:00,7,0.0,0.0
2023-01-07 08:00:00,8,0.0,0.0
2023-01-07 09:00:00,9,18.2,0.0
2023-01-07 10:00:00,10,360.5,0.0
2023-01-07 11:00:00,11,1346.6,1.9
2023-01-07 12:00:00,12,1871.8,1.8
2023-01-07 13:00:00,13,1815.4,1.6
2023-01-07 14:00:00,14,2623.9,2.5
2023-01-07 15:00:00,15,3053.2,3.0
2023-01-07 16:00:00,16,3762.0,2.1
2023-01-07 17:00:00,17,2824.4,2.4
2023-01-07 18:00:00,18,1947.8,1.3
2023-01-07 19:00:00,19,1948.8,2.9
2023-01-07 20:00:00,20,1056.4,3.5
2023-01-07 21:00:00,21,192.2,4.7
2023-01-07 22:00:00,22,0.0,4.5
2023-01-07 23:00:00,23,0.0,4.7
2023-01-08 00:00:00,0,0.0,2.7
2023-01-08 01:00:00,1,0.0,3.4
2023-01-08 02:00:00,2,0.0,0.4
2023-01-08 03:00:00,3,0.0,2.6
2023-01-08 04:00:00,4,0.0,0.7
2023-01-08 05:00:00,5,0.0,0.0
2023-01-08 06:00:00,6,0.0,0.0
2023-01-08 07:00:00,7,0.0,0.0
2023-01-08 08:00:00,8,0.0,0.0
2023-01-08 09:00:00,9,17.1,0.0
2023-01-08 10:00:00,10,453.3,0.0
2023-01-08 11:00:00,11,947.4,0.0
2023-01-08 12:00:00,12,1325.0,3.2
2023-01-08 13:00:00,13,2227.0,2.8
2023-01-08 14:00:00,14,2580.5,2.2
2023-01-08 15:00:00,15,3277.4,1.7
2023-01-08 16:00:00,16,3712.0,3.0
2023-01-08 17:00:00,17,2337.2,0.3
2023-01-08 18:00:00,18,787.5,0.0
2023-01-08 19:00:00,19,1806.2,4.3
2023-01-08 20:00:00,20,1021.1,6.1
2023-01-08 21:00:00,21,238.6,5.0
2023-01-08 22:00:00,22,0.2,3.4
2023-01-08 23:00:00,23,0.0,2.2
2023-01-09 00:00:00,0,0.0,2.6
2023-01-09 01:00:00,1,0.0,0.8
2023-01-09 02:00:00,2,0.0,0.4
2023-01-09 03:00:00,3,0.0,0.0
2023-01-09 04:00:00,4,0.0,0.0
2023-01-09 05:00:00,5,0.0,0.0
2023-01-09 06:00:00,6,0.0,0.0
2023-01-09 07:00:00,7,0.0,0.0
2023-01-09 08:00:00,8,0.0,0.0
2023-01-09 09:00:00,9,9.7,0.0
2023-01-09 10:00:00,10,297.1,0.0
2023-01-09 11:00:00,11,473.6,0.0
2023-01-09 12:00:00,12,951.1,0.0
2023-01-09 13:00:00,13,1726.2,1.5
2023-01-09 14:00:00,14,2462.9,1.4
2023-01-09 15:00:00,15,2825.7,3.6
2023-01-09 16:00:00,16,2391.4,2.4
2023-01-09 17:00:00,17,2097.5,0.0
2023-01-09 18:00:00,18,1947.2,4.4
2023-01-09 19:00:00,19,1972.4,2.1
2023-01-09 20:00:00,20,1243.2,5.2
2023-01-09 21:00:00,21,114.2,5.0
2023-01-09 22:00:00,22,0.0,3.4
2023-01-09 23:00:00,23,0.0,3.2
2023-01-10 00:00:00,0,0.0,0.0
2023-01-10 01:00:00,1,0.0,0.0
2023-01-10 02:00:00,2,0.0,0.0
2023-01-10 03:00:00,3,0.0,0.3
2023-01-10 04:00:00,4,0.0,0.0
2023-01-10 05:00:00,5,0.0,0.0
2023-01-10 06:00:00,6,0.0,0.0
2023-01-10 07:00:00,7,0.0,0.0
2023-01-10 08:00:00,8,0.0,0.0
2023-01-10 09:00:00,9,27.2,0.0
2023-01-10 10:00:00,10,440.2,0.0
2023-01-10 11:00:00,11,1023.9,1.4
2023-01-10 12:00:00,12,1776.8,3.9
2023-01-10 13:00:00,13,2312.3,1.8
2023-01-10 14:00:00,14,1896.5,4.2
2023-01-10 15:00:00,15,2826.8,3.4
2023-01-10 16:00:00,16,2633.5,4.1
2023-01-10 17:00:00,17,1257.8,3.8
2023-01-10 18:00:00,18,1975.9,2.6
2023-01-10 19:00:00,19,481.8,0.0
2023-01-10 20:00:00,20,733.6,0.0
2023-01-10 21:00:00,21,56.1,0.0
2023-01-10 22:00:00,22,0.1,0.0
2023-01-10 23:00:00,23,0.0,0.0
2023-01-11 00:00:00,0,0.0,0.3
2023-01-11 01:00:00,1,0.0,0.0
2023-01-11 02:00:00,2,0.0,0.0
2023-01-11 03:00:00,3,0.0,0.0
2023-01-11 04:00:00,4,0.0,0.0
2023-01-11 05:00:00,5,0.0,0.0
2023-01-11 06:00:00,6,0.0,0.0
2023-01-11 07:00:00,7,0.0,0.0
2023-01-11 08:00:00,8,0.0,0.0
2023-01-11 09:00:00,9,17.2,0.0
2023-01-11 10:00:00,10,223.5,0.0
2023-01-11 11:00:00,11,1322.2,0.7
2023-01-11 12:00:00,12,1921.7,3.6
2023-01-11 13:00:00,13,1549.2,1.4
2023-01-11 14:00:00,14,2242.2,3.5
2023-01-11 15:00:00,15,2971.8,2.6
2023-01-11 16:00:00,16,2635.0,2.5
2023-01-11 17:00:00,17,1404.5,0.0
2023-01-11 18:00:00,18,2022.1,3.2
2023-01-11 19:00:00,19,2166.5,2.4
2023-01-11 20:00:00,20,578.6,3.5
2023-01-11 21:00:00,21,199.8,3.2
2023-01-11 22:00:00,22,2.2,3.9
2023-01-11 23:00:00,23,0.0,2.2
2023-01-12 00:00:00,0,0.0,1.8
2023-01-12 01:00:00,1,,0.1
2023-01-12 02:00:00,2,0.0,0.0
2023-01-12 03:00:00,3,0.0,0.0
2023-01-12 04:00:00,4,0.0,0.0
2023-01-12 05:00:00,5,0.0,0.0
2023-01-12 06:00:00,6,0.0,0.0
2023-01-12 07:00:00,7,0.0,0.0
2023-01-12 08:00:00,8,0.0,0.0
2023-01-12 09:00:00,9,12.2,0.0
2023-01-12 10:00:00,10,421.9,0.0
2023-01-12 11:00:00,11,569.6,0.0
2023-01-12 12:00:00,12,1423.5,0.0
2023-01-12 13:00:00,13,2622.5,0.3
2023-01-12 14:00:00,14,3047.6,0.0
2023-01-12 15:00:00,15,3233.4,1.4
2023-01-12 16:00:00,16,3462.0,0.0
2023-01-12 17:00:00,17,3229.6,0.5
2023-01-12 18:00:00,18,2049.5,0.0
2023-01-12 19:00:00,19,1274.7,0.0
2023-01-12 20:00:00,20,481.9,0.5
2023-01-12 21:00:00,21,119.5,4.0
2023-01-12 22:00:00,22,0.0,3.7
2023-01-12 23:00:00,23,0.0,4.2
2023-01-13 00:00:00,0,0.0,2.9
2023-01-13 01:00:00,1,0.0,0.4
2023-01-13 02:00:00,2,0.0,0.1
2023-01-13 03:00:00,3,0.0,0.0
2023-01-13 04:00:00,4,0.0,0.0
2023-01-13 05:00:00,5,0.0,0.0
2023-01-13 06:00:00,6,0.0,0.0
2023-01-13 07:00:00,7,0.0,0.0
2023-01-13 08:00:00,8,0.0,0.0
2023-01-13 09:00:00,9,19.2,0.0
2023-01-13 10:00:00,10,473.4,0.0
2023-01-13 11:00:00,11,1336.0,0.0
2023-01-13 12:00:00,12,1680.4,1.5
2023-01-13 13:00:00,13,2167.2,2.7
2023-01-13 14:00:00,14,2392.1,1.7
2023-01-13 15:00:00,15,2688.3,2.5
2023-01-13 16:00:00,16,3038.8,0.9
2023-01-13 17:00:00,17,2840.7,2.1
2023-01-13 18:00:00,18,2411.6,1.4
2023-01-13 19:00:00,19,1099.9,1.8
2023-01-13 20:00:00,20,704.3,3.3
2023-01-13 21:00:00,21,139.8,4.1
2023-01-13 22:00:00,22,1.1,4.4
2023-01-13 23:00:00,23,0.0,2.6
2023-01-14 00:00:00,0,0.0,0.1
2023-01-14 01:00:00,1,0.0,0.3
2023-01-14 02:00:00,2,0.0,0.7
2023-01-14 03:00:00,3,0.0,0.0
2023-01-14 04:00:00,4,0.0,0.0
2023-01-14 05:00:00,5,0.0,0.0
2023-01-14 06:00:00,6,0.0,0.0
2023-01-14 07:00:00,7,0.0,0.0
2023-01-14 08:00:00,8,0.0,0.0
2023-01-14 09:00:00,9,34.4,0.0
2023-01-14 10:00:00,10,375.9,0.0
2023-01-14 11:00:00,11,1051.0,0.0
2023-01-14 12:00:00,12,1282.9,1.7
2023-01-14 13:00:00,13,2175.2,3.8
2023-01-14 14:00:00,14,2876.5,4.3
2023-01-14 15:00:00,15,2200.0,0.3
2023-01-14 16:00:00,16,2617.4,4.3
2023-01-14 17:00:00,17,1638.9,3.3
2023-01-14 18:00:00,18,1465.3,4.4
2023-01-14 19:00:00,19,1705.7,2.7
2023-01-14 20:00:00,20,888.2,3.6
2023-01-14 21:00:00,21,142.6,1.5
2023-01-14 22:00:00,22,0.1,0.1
2023-01-14 23:00:00,23,0.0,0.0
2023-01-15 00:00:00,0,0.0,0.0
2023-01-15 01:00:00,1,0.0,1.4
2023-01-15 02:00:00,2,0.0,1.2
2023-01-15 03:00:00,3,0.0,0.0
2023-01-15 04:00:00,4,0.0,0.0
2023-01-15 05:00:00,5,0.0,0.0
2023-01-15 06:00:00,6,0.0,0.0
2023-01-15 07:00:00,7,0.0,0.0
2023-01-15 08:00:00,8,0.0,0.0
2023-01-15 09:00:00,9,10.0,0.0
2023-01-15 10:00:00,10,256.1,0.0
2023-01-15 11:00:00,11,707.2,0.0
2023-01-15 12:00:00,12,879.8,0.5
2023-01-15 13:00:00,13,2381.9,0.0
2023-01-15 14:00:00,14,1616.7,4.0
2023-01-15 15:00:00,15,2243.1,1.1
2023-01-15 16:00:00,16,1614.6,0.0
2023-01-15 17:00:00,17,1798.2,1.6
2023-01-15 18:00:00,18,969.8,0.8
2023-01-15 19:00:00,19,548.4,0.6
2023-01-15 20:00:00,20,271.1,0.4
2023-01-15 21:00:00,21,62.7,0.6
2023-01-15 22:00:00,22,0.0,0.3
2023-01-15 23:00:00,23,0.0,0.1
2023-01-16 00:00:00,0,0.0,0.4
2023-01-16 01:00:00,1,0.0,0.0
2023-01-16 02:00:00,2,0.0,0.0
2023-01-16 03:00:00,3,0.0,0.0
2023-01-16 04:00:00,4,0.0,0.0
2023-01-16 05:00:00,5,0.0,0.0
2023-01-16 06:00:00,6,0.0,0.0
2023-01-16 07:00:00,7,0.0,0.0
2023-01-16 08:00:00,8,0.0,0.0
2023-01-16 09:00:00,9,5.9,0.0
2023-01-16 10:00:00,10,90.1,0.0
2023-01-16 11:00:00,11,370.2,0.0
2023-01-16 12:00:00,12,863.7,0.0
2023-01-16 13:00:00,13,1308.7,0.0
2023-01-16 14:00:00,14,967.0,2.4
2023-01-16 15:00:00,15,502.8,0.4
2023-01-16 16:00:00,16,392.3,0.0
2023-01-16 17:00:00,17,235.2,0.0
2023-01-16 18:00:00,18,308.3,0.0
2023-01-16 19:00:00,19,417.5,0.0
2023-01-16 20:00:00,20,222.2,0.0
2023-01-16 21:00:00,21,48.4,0.0
2023-01-16 22:00:00,22,0.0,0.0
2023-01-16 23:00:00,23,0.0,0.0
2023-01-17 00:00:00,0,0.0,0.0
2023-01-17 01:00:00,1,,0.0
2023-01-17 02:00:00,2,0.0,0.0
2023-01-17 03:00:00,3,0.0,0.0
2023-01-17 04:00:00,4,0.0,0.0
2023-01-17 05:00:00,5,0.0,0.0
2023-01-17 06:00:00,6,0.0,0.0
2023-01-17 07:00:00,7,0.0,0.0
2023-01-17 08:00:00,8,0.0,0.0
2023-01-17 09:00:00,9,15.5,0.0
2023-01-17 10:00:00,10,519.2,0.0
2023-01-17 11:00:00,11,1347.5,0.0
2023-01-17 12:00:00,12,2061.3,0.0
2023-01-17 13:00:00,13,1871.2,0.0
2023-01-17 14:00:00,14,2582.7,0.0
2023-01-17 15:00:00,15,2784.7,0.3
2023-01-17 16:00:00,16,1470.1,2.8
2023-01-17 17:00:00,17,2587.6,2.1
2023-01-17 18:00:00,18,1900.7,4.5
2023-01-17 19:00:00,19,2094.8,3.3
2023-01-17 20:00:00,20,1175.5,4.8
2023-01-17 21:00:00,21,50.4,0.0
2023-01-17 22:00:00,22,0.7,0.0
2023-01-17 23:00:00,23,0.3,0.0
2023-01-18 00:00:00,0,0.0,0.0
2023-01-18 01:00:00,1,0.0,0.0
2023-01-18 02:00:00,2,0.0,0.0
2023-01-18 03:00:00,3,0.0,0.0
2023-01-18 04:00:00,4,0.0,0.0
2023-01-18 05:00:00,5,0.0,0.0
2023-01-18 06:00:00,6,0.0,0.0
2023-01-18 07:00:00,7,0.0,0.0
2023-01-18 08:00:00,8,0.0,0.0
2023-01-18 09:00:00,9,35.3,0.0
2023-01-18 10:00:00,10,378.0,0.0
2023-01-18 11:00:00,11,1300.9,0.0
2023-01-18 12:00:00,12,1463.6,1.7
2023-01-18 13:00:00,13,2721.9,1.3
2023-01-18 14:00:00,14,2349.1,2.3
2023-01-18 15:00:00,15,2429.1,0.5
2023-01-18 16:00:00,16,3289.0,1.3
2023-01-18 17:00:00,17,1154.0,0.5
2023-01-18 18:00:00,18,758.8,1.7
2023-01-18 19:00:00,19,371.5,0.4
2023-01-18 20:00:00,20,268.0,2.4
2023-01-18 21:00:00,21,89.9,0.3
2023-01-18 22:00:00,22,0.1,0.0
2023-01-18 23:00:00,23,0.0,0.0
2023-01-19 00:00:00,0,0.0,0.0
2023-01-19 01:00:00,1,0.0,0.0
2023-01-19 02:00:00,2,0.0,0.0
2023-01-19 03:00:00,3,0.0,0.0
2023-01-19 04:00:00,4,0.0,0.0
2023-01-19 05:00:00,5,0.0,0.0
2023-01-19 06:00:00,6,0.0,0.0
2023-01-19 07:00:00,7,0.0,0.0
2023-01-19 08:00:00,8,0.0,0.0
2023-01-19 09:00:00,9,7.9,0.0
2023-01-19 10:00:00,10,215.2,0.0
2023-01-19 11:00:00,11,261.9,0.0
2023-01-19 12:00:00,12,1152.3,0.0
2023-01-19 13:00:00,13,1574.8,0.0
2023-01-19 14:00:00,14,1587.1,0.0
2023-01-19 15:00:00,15,1859.9,0.0
2023-01-19 16:00:00,16,938.6,0.0
2023-01-19 17:00:00,17,2560.4,0.0
2023-01-19 18:00:00,18,1137.7,0.0
2023-01-19 19:00:00,19,1638.2,0.0
2023-01-19 20:00:00,20,717.6,0.8
2023-01-19 21:00:00,21,62.0,0.0
2023-01-19 22:00:00,22,0.0,0.0
2023-01-19 23:00:00,23,0.0,0.0
2023-01-20 00:00:00,0,0.0,0.0
2023-01-20 01:00:00,1,,0.0
2023-01-20 02:00:00,2,0.0,0.0
2023-01-20 03:00:00,3,0.0,0.0
2023-01-20 04:00:00,4,0.0,0.0
2023-01-20 05:00:00,5,0.0,0.0
2023-01-20 06:00:00,6,0.0,0.0
2023-01-20 07:00:00,7,0.0,0.0
2023-01-20 08:00:00,8,0.0,0.0
2023-01-20 09:00:00,9,5.2,0.0
2023-01-20 10:00:00,10,88.6,0.0
2023-01-20 11:00:00,11,785.6,0.0
2023-01-20 12:00:00,12,2087.0,0.0
2023-01-20 13:00:00,13,1714.9,0.0
2023-01-20 14:00:00,14,2211.2,0.0
2023-01-20 15:00:00,15,2594.2,0.0
2023-01-20 16:00:00,16,3035.0,1.8
2023-01-20 17:00:00,17,2839.7,2.7
2023-01-20 18:00:00,18,1803.6,4.5
2023-01-20 19:00:00,19,1602.6,1.5
2023-01-20 20:00:00,20,434.4,1.8
2023-01-20 21:00:00,21,80.6,0.0
2023-01-20 22:00:00,22,0.4,0.0
2023-01-20 23:00:00,23,0.0,0.0
2023-01-21 00:00:00,0,0.0,0.0
2023-01-21 01:00:00,1,,0.0
2023-01-21 02:00:00,2,0.0,0.0
2023-01-21 03:00:00,3,0.0,0.0
2023-01-21 04:00:00,4,0.0,0.0
2023-01-21 05:00:00,5,0.0,0.0
2023-01-21 06:00:00,6,0.0,0.0
2023-01-21 07:00:00,7,0.0,0.0
2023-01-21 08:00:00,8,0.0,0.0
2023-01-21 09:00:00,9,10.8,0.0
2023-01-21 10:00:00,10,435.9,0.0
2023-01-21 11:00:00,11,1083.4,0.0
2023-01-21 12:00:00,12,1416.3,0.0
2023-01-21 13:00:00,13,1694.5,0.4
2023-01-21 14:00:00,14,2111.0,1.6
2023-01-21 15:00:00,15,2301.1,1.1
2023-01-21 16:00:00,16,2322.6,0.7
2023-01-21 17:00:00,17,483.9,0.0
2023-01-21 18:00:00,18,1233.9,0.0
2023-01-21 19:00:00,19,752.4,0.0
2023-01-21 20:00:00,20,364.5,0.0
2023-01-21 21:00:00,21,147.7,0.0
2023-01-21 22:00:00,22,0.1,0.0
2023-01-21 23:00:00,23,0.0,0.0
2023-01-22 00:00:00,0,0.0,0.0
2023-01-22 01:00:00,1,,0.0
2023-01-22 02:00:00,2,0.0,0.0
2023-01-22 03:00:00,3,0.0,0.0
2023-01-22 04:00:00,4,0.0,0.0
2023-01-22 05:00:00,5,0.0,0.0
2023-01-22 06:00:00,6,0.0,0.0
2023-01-22 07:00:00,7,0.0,0.0
2023-01-22 08:00:00,8,0.0,0.0
2023-01-22 09:00:00,9,11.5,0.0
2023-01-22 10:00:00,10,297.6,0.0
2023-01-22 11:00:00,11,877.6,0.0
2023-01-22 12:00:00,12,1777.2,0.0
2023-01-22 13:00:00,13,1421.2,0.0
2023-01-22 14:00:00,14,3110.7,0.2
2023-01-22 15:00:00,15,2025.1,0.3
2023-01-22 16:00:00,16,2512.4,1.5
2023-01-22 17:00:00,17,2802.6,5.0
2023-01-22 18:00:00,18,1722.5,1.1
2023-01-22 19:00:00,19,1859.5,3.2
2023-01-22 20:00:00,20,293.5,6.0
2023-01-22 21:00:00,21,34.2,0.0
2023-01-22 22:00:00,22,0.0,0.0
2023-01-22 23:00:00,23,0.0,0.0
2023-01-23 00:00:00,0,0.0,0.0
2023-01-23 01:00:00,1,0.0,0.0
2023-01-23 02:00:00,2,0.0,0.0
2023-01-23 03:00:00,3,0.0,0.0
2023-01-23 04:00:00,4,0.0,0.0
2023-01-23 05:00:00,5,0.0,0.0
2023-01-23 06:00:00,6,0.0,0.0
2023-01-23 07:00:00,7,0.0,0.0
2023-01-23 08:00:00,8,0.0,0.0
2023-01-23 09:00:00,9,21.9,0.0
2023-01-23 10:00:00,10,461.6,0.0
2023-01-23 11:00:00,11,1104.4,0.0
2023-01-23 12:00:00,12,1423.9,0.0
2023-01-23 13:00:00,13,1899.4,0.0
2023-01-23 14:00:00,14,2724.9,0.0
2023-01-23 15:00:00,15,3079.1,0.0
2023-01-23 16:00:00,16,2802.0,0.0
2023-01-23 17:00:00,17,2895.0,0.0
2023-01-23 18:00:00,18,2486.7,0.0
2023-01-23 19:00:00,19,839.8,2.9
2023-01-23 20:00:00,20,316.4,2.5
2023-01-23 21:00:00,21,113.0,1.2
2023-01-23 22:00:00,22,0.1,0.0
2023-01-23 23:00:00,23,0.0,0.0
2023-01-24 00:00:00,0,0.0,0.0
2023-01-24 01:00:00,1,0.0,0.0
2023-01-24 02:00:00,2,0.0,0.0
2023-01-24 03:00:00,3,0.0,0.0
2023-01-24 04:00:00,4,0.0,0.0
2023-01-24 05:00:00,5,0.0,0.0
2023-01-24 06:00:00,6,0.0,0.0
2023-01-24 07:00:00,7,0.0,0.0
2023-01-24 08:00:00,8,0.0,0.0
2023-01-24 09:00:00,9,6.5,0.0
2023-01-24 10:00:00,10,421.0,0.0
2023-01-24 11:00:00,11,1120.5,0.0
2023-01-24 12:00:00,12,1827.8,0.0
2023-01-24 13:00:00,13,1361.1,0.0
2023-01-24 14:00:00,14,1171.7,0.0
2023-01-24 15:00:00,15,1429.8,0.0
2023-01-24 16:00:00,16,2804.3,0.7
2023-01-24 17:00:00,17,1499.7,0.0
2023-01-24 18:00:00,18,1078.1,3.9
2023-01-24 19:00:00,19,82.5,0.2
2023-01-24 20:00:00,20,74.2,1.8
2023-01-24 21:00:00,21,61.9,2.0
2023-01-24 22:00:00,22,1.2,0.0
2023-01-24 23:00:00,23,3.1,0.0
2023-01-25 00:00:00,0,0.4,0.0
2023-01-25 01:00:00,1,0.4,0.0
2023-01-25 02:00:00,2,0.0,0.0
2023-01-25 03:00:00,3,0.8,0.0
2023-01-25 04:00:00,4,1.5,0.0
2023-01-25 05:00:00,5,1.0,0.0
2023-01-25 06:00:00,6,0.2,0.0
2023-01-25 07:00:00,7,0.5,0.0
2023-01-25 08:00:00,8,0.6,0.0
2023-01-25 09:00:00,9,3.7,0.0
2023-01-25 10:00:00,10,114.8,0.0
2023-01-25 11:00:00,11,239.5,0.0
2023-01-25 12:00:00,12,1278.0,0.0
2023-01-25 13:00:00,13,1882.9,0.0
2023-01-25 14:00:00,14,2271.8,0.0
2023-01-25 15:00:00,15,2005.7,0.0
2023-01-25 16:00:00,16,669.4,0.0
2023-01-25 17:00:00,17,157.9,0.0
2023-01-25 18:00:00,18,86.7,0.0
2023-01-25 19:00:00,19,100.8,0.0
2023-01-25 20:00:00,20,96.5,0.1
2023-01-25 21:00:00,21,37.3,0.0
2023-01-25 22:00:00,22,0.8,0.0
2023-01-25 23:00:00,23,0.1,0.0
2023-01-26 00:00:00,0,1.5,0.0
2023-01-26 01:00:00,1,0.6,0.0
2023-01-26 02:00:00,2,0.8,0.0
2023-01-26 03:00:00,3,0.3,0.0
2023-01-26 04:00:00,4,0.3,0.0
2023-01-26 05:00:00,5,0.3,0.0
2023-01-26 06:00:00,6,0.6,0.0
2023-01-26 07:00:00,7,0.0,0.0
2023-01-26 08:00:00,8,0.5,0.0
2023-01-26 09:00:00,9,10.2,0.0
2023-01-26 10:00:00,10,421.3,0.0
2023-01-26 11:00:00,11,1283.3,0.0
2023-01-26 12:00:00,12,1588.5,0.0
2023-01-26 13:00:00,13,2606.1,0.0
2023-01-26 14:00:00,14,1671.4,0.0
2023-01-26 15:00:00,15,2382.6,0.0
2023-01-26 16:00:00,16,2286.9,0.0
2023-01-26 17:00:00,17,2121.9,1.1
2023-01-26 18:00:00,18,1231.8,0.0
2023-01-26 19:00:00,19,904.8,2.4
2023-01-26 20:00:00,20,623.3,0.1
2023-01-26 21:00:00,21,211.5,0.1
2023-01-26 22:00:00,22,0.5,0.8
2023-01-26 23:00:00,23,0.0,0.6
2023-01-27 00:00:00,0,0.0,0.0
2023-01-27 01:00:00,1,0.0,0.0
2023-01-27 02:00:00,2,0.0,0.0
2023-01-27 03:00:00,3,0.0,0.0
2023-01-27 04:00:00,4,0.0,0.0
2023-01-27 05:00:00,5,0.0,0.0
2023-01-27 06:00:00,6,0.0,0.0
2023-01-27 07:00:00,7,0.0,0.0
2023-01-27 08:00:00,8,0.0,0.0
2023-01-27 09:00:00,9,12.4,0.0
2023-01-27 10:00:00,10,437.3,0.0
2023-01-27 11:00:00,11,1230.3,0.0
2023-01-27 12:00:00,12,2220.0,0.0
2023-01-27 13:00:00,13,2841.9,0.1
2023-01-27 14:00:00,14,2965.7,1.3
2023-01-27 15:00:00,15,3264.8,2.1
2023-01-27 16:00:00,16,2715.4,0.3
2023-01-27 17:00:00,17,2912.7,0.0
2023-01-27 18:00:00,18,1944.0,1.0
2023-01-27 19:00:00,19,2144.2,0.2
2023-01-27 20:00:00,20,1293.8,2.4
2023-01-27 21:00:00,21,403.7,2.8
2023-01-27 22:00:00,22,2.7,2.6
2023-01-27 23:00:00,23,0.0,0.2
2023-01-28 00:00:00,0,0.0,0.2
2023-01-28 01:00:00,1,0.0,0.0
2023-01-28 02:00:00,2,0.0,0.0
2023-01-28 03:00:00,3,0.0,0.0
2023-01-28 04:00:00,4,0.0,0.0
2023-01-28 05:00:00,5,0.0,0.0
2023-01-28 06:00:00,6,0.0,0.0
2023-01-28 07:00:00,7,0.0,0.0
2023-01-28 08:00:00,8,0.0,0.0
2023-01-28 09:00:00,9,12.0,0.0
2023-01-28 10:00:00,10,440.2,0.0
2023-01-28 11:00:00,11,1283.5,0.0
2023-01-28 12:00:00,12,1846.3,0.1
2023-01-28 13:00:00,13,2333.2,0.2
2023-01-28 14:00:00,14,3699.0,0.5
2023-01-28 15:00:00,15,3836.1,4.0
2023-01-28 16:00:00,16,3819.9,2.9
2023-01-28 17:00:00,17,3248.7,2.8
2023-01-28 18:00:00,18,2711.6,1.4
2023-01-28 19:00:00,19,1576.2,0.0
2023-01-28 20:00:00,20,952.7,0.2
2023-01-28 21:00:00,21,370.6,2.8
2023-01-28 22:00:00,22,2.1,0.2
2023-01-28 23:00:00,23,0.0,0.4
2023-01-29 00:00:00,0,0.0,2.2
2023-01-29 01:00:00,1,0.0,0.0
2023-01-29 02:00:00,2,0.0,0.0
2023-01-29 03:00:00,3,0.0,0.0
2023-01-29 04:00:00,4,0.0,0.0
2023-01-29 05:00:00,5,0.0,0.0
2023-01-29 06:00:00,6,0.0,0.0
2023-01-29 07:00:00,7,0.0,0.0
2023-01-29 08:00:00,8,0.0,0.0
2023-01-29 09:00:00,9,10.0,0.0
2023-01-29 10:00:00,10,368.9,0.0
2023-01-29 11:00:00,11,1238.0,0.0
2023-01-29 12:00:00,12,2052.3,0.5
2023-01-29 13:00:00,13,2777.4,0.0
2023-01-29 14:00:00,14,3179.7,0.1
2023-01-29 15:00:00,15,3368.8,0.4
2023-01-29 16:00:00,16,3116.3,0.0
2023-01-29 17:00:00,17,2813.2,0.7
2023-01-29 18:00:00,18,2173.4,1.4
2023-01-29 19:00:00,19,1593.8,0.0
2023-01-29 20:00:00,20,1227.6,0.0
2023-01-29 21:00:00,21,317.8,2.3
2023-01-29 22:00:00,22,0.8,0.4
2023-01-29 23:00:00,23,0.0,1.2
2023-01-30 00:00:00,0,0.0,0.0
2023-01-30 01:00:00,1,,0.0
2023-01-30 02:00:00,2,0.0,0.0
2023-01-30 03:00:00,3,0.0,0.0
2023-01-30 04:00:00,4,0.0,0.0
2023-01-30 05:00:00,5,0.0,0.0
2023-01-30 06:00:00,6,0.0,0.0
2023-01-30 07:00:00,7,0.0,0.0
2023-01-30 08:00:00,8,0.0,0.0
2023-01-30 09:00:00,9,11.5,0.0
2023-01-30 10:00:00,10,387.4,0.0
2023-01-30 11:00:00,11,988.2,0.0
2023-01-30 12:00:00,12,1678.2,0.0
2023-01-30 13:00:00,13,2526.5,0.0
2023-01-30 14:00:00,14,2297.3,0.0
2023-01-30 15:00:00,15,3066.5,0.0
2023-01-30 16:00:00,16,1614.3,1.0
2023-01-30 17:00:00,17,609.0,0.0
2023-01-30 18:00:00,18,293.9,0.0
2023-01-30 19:00:00,19,319.2,0.0
2023-01-30 20:00:00,20,192.2,0.0
2023-01-30 21:00:00,21,61.6,0.0
2023-01-30 22:00:00,22,0.0,0.0
2023-01-30 23:00:00,23,0.0,0.0
2023-01-31 00:00:00,0,0.0,0.0
2023-01-31 01:00:00,1,,0.0
2023-01-31 02:00:00,2,0.0,0.0
2023-01-31 03:00:00,3,0.0,0.0
2023-01-31 04:00:00,4,0.0,0.0
2023-01-31 05:00:00,5,0.0,0.0
2023-01-31 06:00:00,6,0.0,0.0
2023-01-31 07:00:00,7,0.0,0.0
2023-01-31 08:00:00,8,0.0,0.0
2023-01-31 09:00:00,9,8.7,0.0
2023-01-31 10:00:00,10,217.4,0.0
2023-01-31 11:00:00,11,1126.7,0.0
2023-01-31 12:00:00,12,1448.0,0.0
2023-01-31 13:00:00,13,1832.2,0.0
2023-01-31 14:00:00,14,2585.0,1.5
2023-01-31 15:00:00,15,3597.4,1.5
2023-01-31 16:00:00,16,3322.9,0.7
2023-01-31 17:00:00,17,2541.7,0.3
2023-01-31 18:00:00,18,1843.8,1.4
2023-01-31 19:00:00,19,1108.9,0.2
2023-01-31 20:00:00,20,610.0,4.3
2023-01-31 21:00:00,21,138.7,2.2
2023-01-31 22:00:00,22,0.3,2.7
2023-01-31 23:00:00,23,0.0,1.2
2023-02-01 00:00:00,0,0.0,0.0
2023-02-01 01:00:00,1,0.0,0.0
2023-02-01 02:00:00,2,0.0,0.0
2023-02-01 03:00:00,3,0.0,0.0
2023-02-01 04:00:00,4,0.0,0.0
2023-02-01 05:00:00,5,0.0,0.0
2023-02-01 06:00:00,6,0.0,0.0
2023-02-01 07:00:00,7,0.0,0.0
2023-02-01 08:00:00,8,0.0,0.0
2023-02-01 09:00:00,9,7.1,0.0
2023-02-01 10:00:00,10,250.0,0.0
2023-02-01 11:00:00,11,910.1,0.0
2023-02-01 12:00:00,12,1499.7,0.0
2023-02-01 13:00:00,13,1183.9,1.5
2023-02-01 14:00:00,14,3014.0,0.0
2023-02-01 15:00:00,15,1140.0,0.0
2023-02-01 16:00:00,16,896.0,5.5
2023-02-01 17:00:00,17,559.1,0.0
2023-02-01 18:00:00,18,600.9,0.0
2023-02-01 19:00:00,19,592.1,0.0
2023-02-01 20:00:00,20,487.7,0.0
2023-02-01 21:00:00,21,153.6,0.0
2023-02-01 22:00:00,22,0.4,0.0
2023-02-01 23:00:00,23,0.0,0.0
2023-02-02 00:00:00,0,0.0,0.0
2023-02-02 01:00:00,1,,0.0
2023-02-02 02:00:00,2,0.0,0.0
2023-02-02 03:00:00,3,0.0,0.0
2023-02-02 04:00:00,4,0.0,0.0
2023-02-02 05:00:00,5,0.0,0.0
2023-02-02 06:00:00,6,0.0,0.0
2023-02-02 07:00:00,7,0.0,0.0
2023-02-02 08:00:00,8,0.1,0.0
2023-02-02 09:00:00,9,8.0,0.0
2023-02-02 10:00:00,10,208.5,0.0
2023-02-02 11:00:00,11,773.9,0.0
2023-02-02 12:00:00,12,2281.9,0.0
2023-02-02 13:00:00,13,2470.0,0.0
2023-02-02 14:00:00,14,2775.9,0.0
2023-02-02 15:00:00,15,2715.6,0.0
2023-02-02 16:00:00,16,3566.6,0.0
2023-02-02 17:00:00,17,3090.5,0.0
2023-02-02 18:00:00,18,1495.4,0.0
2023-02-02 19:00:00,19,950.5,2.8
2023-02-02 20:00:00,20,224.6,4.9
2023-02-02 21:00:00,21,19.6,0.6
2023-02-02 22:00:00,22,4.4,0.0
2023-02-02 23:00:00,23,2.5,0.0
2023-02-03 00:00:00,0,1.0,0.0
2023-02-03 01:00:00,1,2.5,0.0
2023-02-03 02:00:00,2,0.8,0.0
2023-02-03 03:00:00,3,0.3,0.0
2023-02-03 04:00:00,4,0.0,0.0
2023-02-03 05:00:00,5,0.3,0.0
2023-02-03 06:00:00,6,0.8,0.0
2023-02-03 07:00:00,7,0.2,0.0
2023-02-03 08:00:00,8,0.1,0.0
2023-02-03 09:00:00,9,12.7,0.0
2023-02-03 10:00:00,10,470.0,0.0
2023-02-03 11:00:00,11,1343.4,0.0
2023-02-03 12:00:00,12,2568.2,0.2
2023-02-03 13:00:00,13,2927.6,4.2
2023-02-03 14:00:00,14,3427.9,2.0
2023-02-03 15:00:00,15,2611.2,0.3
2023-02-03 16:00:00,16,3300.6,1.2
2023-02-03 17:00:00,17,2165.4,0.0
2023-02-03 18:00:00,18,2196.7,1.7
2023-02-03 19:00:00,19,1668.1,0.0
2023-02-03 20:00:00,20,1027.9,0.0
2023-02-03 21:00:00,21,214.8,0.0
2023-02-03 22:00:00,22,1.2,0.0
2023-02-03 23:00:00,23,0.0,0.0
2023-02-04 00:00:00,0,0.0,0.2
2023-02-04 01:00:00,1,0.0,0.7
2023-02-04 02:00:00,2,0.0,0.4
2023-02-04 03:00:00,3,0.0,0.0
2023-02-04 04:00:00,4,0.0,0.0
2023-02-04 05:00:00,5,0.0,0.0
2023-02-04 06:00:00,6,0.0,0.0
2023-02-04 07:00:00,7,0.0,0.0
2023-02-04 08:00:00,8,0.0,0.0
2023-02-04 09:00:00,9,11.7,0.0
2023-02-04 10:00:00,10,374.1,0.0
2023-02-04 11:00:00,11,1159.4,0.0
2023-02-04 12:00:00,12,1409.8,0.0
2023-02-04 13:00:00,13,2120.1,0.8
2023-02-04 14:00:00,14,2491.7,0.0
2023-02-04 15:00:00,15,2668.4,0.0
2023-02-04 16:00:00,16,3000.5,0.4
2023-02-04 17:00:00,17,2944.8,0.0
2023-02-04 18:00:00,18,2286.3,0.0
2023-02-04 19:00:00,19,1768.4,0.3
2023-02-04 20:00:00,20,1120.0,0.8
2023-02-04 21:00:00,21,314.4,0.2
2023-02-04 22:00:00,22,0.8,0.5
2023-02-04 23:00:00,23,0.0,0.3
2023-02-05 00:00:00,0,0.0,0.3
2023-02-05 01:00:00,1,,1.6
2023-02-05 02:00:00,2,0.0,0.0
2023-02-05 03:00:00,3,0.0,0.0
2023-02-05 04:00:00,4,0.0,0.0
2023-02-05 05:00:00,5,0.0,0.0
2023-02-05 06:00:00,6,0.0,0.0
2023-02-05 07:00:00,7,0.0,0.0
2023-02-05 08:00:00,8,0.0,0.0
2023-02-05 09:00:00,9,8.3,0.0
2023-02-05 10:00:00,10,352.1,0.0
2023-02-05 11:00:00,11,1258.5,0.0
2023-02-05 12:00:00,12,1674.1,0.0
2023-02-05 13:00:00,13,2463.0,0.0
2023-02-05 14:00:00,14,2715.8,0.0
2023-02-05 15:00:00,15,3031.9,0.0
2023-02-05 16:00:00,16,4011.9,0.0
2023-02-05 17:00:00,17,2815.5,1.7
2023-02-05 18:00:00,18,689.8,2.6
2023-02-05 19:00:00,19,695.3,0.0
2023-02-05 20:00:00,20,228.7,0.0
2023-02-05 21:00:00,21,89.9,1.2
2023-02-05 22:00:00,22,0.2,0.2
2023-02-05 23:00:00,23,0.0,0.0
2023-02-06 00:00:00,0,0.0,0.0
2023-02-06 01:00:00,1,0.0,0.0
2023-02-06 02:00:00,2,0.0,0.0
2023-02-06 03:00:00,3,0.0,0.0
2023-02-06 04:00:00,4,0.0,0.0
2023-02-06 05:00:00,5,0.0,0.0
2023-02-06 06:00:00,6,0.0,0.0
2023-02-06 07:00:00,7,0.0,0.0
2023-02-06 08:00:00,8,0.0,0.0
2023-02-06 09:00:00,9,6.3,0.0
2023-02-06 10:00:00,10,296.1,0.0
2023-02-06 11:00:00,11,1022.7,0.0
2023-02-06 12:00:00,12,2064.8,0.0
2023-02-06 13:00:00,13,2220.3,0.0
2023-02-06 14:00:00,14,2243.6,0.0
2023-02-06 15:00:00,15,3340.1,0.1
2023-02-06 16:00:00,16,2516.6,1.1
2023-02-06 17:00:00,17,2617.8,3.5
2023-02-06 18:00:00,18,1589.3,0.2
2023-02-06 19:00:00,19,817.5,0.0
2023-02-06 20:00:00,20,865.1,0.0
2023-02-06 21:00:00,21,224.9,0.0
2023-02-06 22:00:00,22,0.6,0.0
2023-02-06 23:00:00,23,0.0,0.2
2023-02-07 00:00:00,0,0.0,0.0
2023-02-07 01:00:00,1,0.0,0.0
2023-02-07 02:00:00,2,0.0,0.0
2023-02-07 03:00:00,3,0.0,0.0
2023-02-07 04:00:00,4,0.0,0.0
2023-02-07 05:00:00,5,0.0,0.0
2023-02-07 06:00:00,6,0.0,0.0
2023-02-07 07:00:00,7,0.0,0.0
2023-02-07 08:00:00,8,0.0,0.0
2023-02-07 09:00:00,9,8.8,0.0
2023-02-07 10:00:00,10,267.8,0.0
2023-02-07 11:00:00,11,1018.8,0.0
2023-02-07 12:00:00,12,1825.0,0.0
2023-02-07 13:00:00,13,2381.3,0.0
2023-02-07 14:00:00,14,2268.2,0.1
2023-02-07 15:00:00,15,3448.1,0.0
2023-02-07 16:00:00,16,,
2023-02-07 17:00:00,17,,
2023-02-07 18:00:00,18,1652.8,0.7
2023-02-07 19:00:00,19,656.1,0.0
2023-02-07 20:00:00,20,241.5,0.0
2023-02-07 21:00:00,21,40.8,0.0
2023-02-07 22:00:00,22,0.0,0.0
2023-02-07 23:00:00,23,0.0,0.0
2023-02-08 00:00:00,0,0.0,0.0
2023-02-08 01:00:00,1,,0.0
2023-02-08 02:00:00,2,0.0,0.0
2023-02-08 03:00:00,3,0.0,0.0
2023-02-08 04:00:00,4,0.0,0.0
2023-02-08 05:00:00,5,0.0,0.0
2023-02-08 06:00:00,6,0.0,0.0
2023-02-08 07:00:00,7,0.0,0.0
2023-02-08 08:00:00,8,0.0,0.0
2023-02-08 09:00:00,9,8.5,0.0
2023-02-08 10:00:00,10,254.3,0.0
2023-02-08 11:00:00,11,1234.4,0.0
2023-02-08 12:00:00,12,1722.9,0.0
2023-02-08 13:00:00,13,1958.4,0.0
2023-02-08 14:00:00,14,3347.4,0.1
2023-02-08 15:00:00,15,3175.3,0.0
2023-02-08 16:00:00,16,4058.0,0.1
2023-02-08 17:00:00,17,2379.5,0.0
2023-02-08 18:00:00,18,2047.3,0.0
2023-02-08 19:00:00,19,1459.7,0.0
2023-02-08 20:00:00,20,1237.8,0.0
2023-02-08 21:00:00,21,499.2,0.0
2023-02-08 22:00:00,22,5.3,0.1
2023-02-08 23:00:00,23,0.0,0.0
2023-02-09 00:00:00,0,0.0,0.1
2023-02-09 01:00:00,1,0.0,0.4
2023-02-09 02:00:00,2,0.0,0.0
2023-02-09 03:00:00,3,0.0,0.0
2023-02-09 04:00:00,4,0.0,0.0
2023-02-09 05:00:00,5,0.0,0.0
2023-02-09 06:00:00,6,0.0,0.0
2023-02-09 07:00:00,7,0.0,0.0
2023-02-09 08:00:00,8,0.0,0.0
2023-02-09 09:00:00,9,7.9,0.0
2023-02-09 10:00:00,10,407.4,0.0
2023-02-09 11:00:00,11,1280.5,0.0
2023-02-09 12:00:00,12,1998.1,0.0
2023-02-09 13:00:00,13,2515.4,0.0
2023-02-09 14:00:00,14,3134.2,0.0
2023-02-09 15:00:00,15,4061.6,0.0
2023-02-09 16:00:00,16,3732.4,0.0
2023-02-09 17:00:00,17,3494.3,0.0
2023-02-09 18:00:00,18,1395.3,1.1
2023-02-09 19:00:00,19,714.3,3.6
2023-02-09 20:00:00,20,543.6,1.0
2023-02-09 21:00:00,21,191.3,0.0
2023-02-09 22:00:00,22,1.2,0.0
2023-02-09 23:00:00,23,0.0,0.1
2023-02-10 00:00:00,0,0.0,0.6
2023-02-10 01:00:00,1,0.0,0.0
2023-02-10 02:00:00,2,0.0,0.0
2023-02-10 03:00:00,3,0.0,0.0
2023-02-10 04:00:00,4,0.0,0.0
2023-02-10 05:00:00,5,0.0,0.0
2023-02-10 06:00:00,6,0.0,0.0
2023-02-10 07:00:00,7,0.0,0.0
2023-02-10 08:00:00,8,0.0,0.0
2023-02-10 09:00:00,9,7.7,0.0
2023-02-10 10:00:00,10,513.4,0.0
2023-02-10 11:00:00,11,1190.9,0.0
2023-02-10 12:00:00,12,1330.5,0.0
2023-02-10 13:00:00,13,2447.4,0.0
2023-02-10 14:00:00,14,1986.3,0.0
2023-02-10 15:00:00,15,2921.4,0.1
2023-02-10 16:00:00,16,2849.5,0.1
2023-02-10 17:00:00,17,2611.6,0.0
2023-02-10 18:00:00,18,1356.2,1.5
2023-02-10 19:00:00,19,650.0,0.1
2023-02-10 20:00:00,20,370.6,0.3
2023-02-10 21:00:00,21,110.0,0.0
2023-02-10 22:00:00,22,0.1,0.0
2023-02-10 23:00:00,23,0.0,0.0
2023-02-11 00:00:00,0,0.0,0.0
2023-02-11 01:00:00,1,0.0,0.0
2023-02-11 02:00:00,2,0.0,0.0
2023-02-11 03:00:00,3,0.0,0.0
2023-02-11 04:00:00,4,0.0,0.0
2023-02-11 05:00:00,5,0.0,0.0
2023-02-11 06:00:00,6,0.0,0.0
2023-02-11 07:00:00,7,0.0,0.0
2023-02-11 08:00:00,8,0.0,0.0
2023-02-11 09:00:00,9,6.1,0.0
2023-02-11 10:00:00,10,390.4,0.0
2023-02-11 11:00:00,11,1227.7,0.0
2023-02-11 12:00:00,12,2068.0,0.0
2023-02-11 13:00:00,13,3070.5,0.0
2023-02-11 14:00:00,14,2752.2,0.0
2023-02-11 15:00:00,15,3566.2,0.0
2023-02-11 16:00:00,16,2566.5,0.3
2023-02-11 17:00:00,17,2613.9,0.0
2023-02-11 18:00:00,18,1998.4,0.0
2023-02-11 19:00:00,19,840.5,2.7
2023-02-11 20:00:00,20,1254.8,0.0
2023-02-11 21:00:00,21,384.8,1.1
2023-02-11 22:00:00,22,1.5,2.7
2023-02-11 23:00:00,23,0.0,1.8
2023-02-12 00:00:00,0,0.0,0.4
2023-02-12 01:00:00,1,0.0,0.0
2023-02-12 02:00:00,2,0.0,0.0
2023-02-12 03:00:00,3,0.0,0.0
2023-02-12 04:00:00,4,0.0,0.0
2023-02-12 05:00:00,5,0.0,0.0
2023-02-12 06:00:00,6,0.0,0.0
2023-02-12 07:00:00,7,0.0,0.0
2023-02-12 08:00:00,8,0.0,0.0
2023-02-12 09:00:00,9,7.5,0.0
2023-02-12 10:00:00,10,386.5,0.0
2023-02-12 11:00:00,11,1197.0,0.0
2023-02-12 12:00:00,12,1908.1,0.1
2023-02-12 13:00:00,13,2226.6,0.0
2023-02-12 14:00:00,14,2832.3,0.0
2023-02-12 15:00:00,15,3935.5,0.0
2023-02-12 16:00:00,16,3809.2,0.0
2023-02-12 17:00:00,17,3596.0,0.0
2023-02-12 18:00:00,18,2162.5,0.0
2023-02-12 19:00:00,19,1042.7,0.0
2023-02-12 20:00:00,20,264.9,0.0
2023-02-12 21:00:00,21,212.8,0.0
2023-02-12 22:00:00,22,1.1,0.0
2023-02-12 23:00:00,23,0.0,0.1
2023-02-13 00:00:00,0,0.0,0.2
2023-02-13 01:00:00,1,0.0,0.0
2023-02-13 02:00:00,2,0.0,0.0
2023-02-13 03:00:00,3,0.0,0.0
2023-02-13 04:00:00,4,0.0,0.0
2023-02-13 05:00:00,5,0.0,0.0
2023-02-13 06:00:00,6,0.0,0.0
2023-02-13 07:00:00,7,0.0,0.0
2023-02-13 08:00:00,8,0.0,0.0
2023-02-13 09:00:00,9,6.5,0.0
2023-02-13 10:00:00,10,234.3,0.0
2023-02-13 11:00:00,11,802.1,0.0
2023-02-13 12:00:00,12,1847.0,0.0
2023-02-13 13:00:00,13,1938.5,0.0
2023-02-13 14:00:00,14,2572.7,0.0
2023-02-13 15:00:00,15,1151.1,0.0
2023-02-13 16:00:00,16,703.3,0.0
2023-02-13 17:00:00,17,518.2,0.2
2023-02-13 18:00:00,18,288.2,0.2
2023-02-13 19:00:00,19,669.8,0.0
2023-02-13 20:00:00,20,465.6,0.0
2023-02-13 21:00:00,21,119.2,0.0
2023-02-13 22:00:00,22,0.1,0.0
2023-02-13 23:00:00,23,0.0,0.0
2023-02-14 00:00:00,0,0.0,0.0
2023-02-14 01:00:00,1,,0.0
2023-02-14 02:00:00,2,0.0,0.0
2023-02-14 03:00:00,3,0.0,0.0
2023-02-14 04:00:00,4,0.0,0.0
2023-02-14 05:00:00,5,0.0,0.0
2023-02-14 06:00:00,6,0.0,0.0
2023-02-14 07:00:00,7,0.0,0.0
2023-02-14 08:00:00,8,0.2,0.0
2023-02-14 09:00:00,9,5.5,0.0
2023-02-14 10:00:00,10,115.6,0.0
2023-02-14 11:00:00,11,697.9,0.0
2023-02-14 12:00:00,12,1698.8,0.0
2023-02-14 13:00:00,13,1601.3,0.0
2023-02-14 14:00:00,14,3069.3,0.8
2023-02-14 15:00:00,15,2327.1,0.0
2023-02-14 16:00:00,16,2986.0,2.3
2023-02-14 17:00:00,17,3208.9,4.0
2023-02-14 18:00:00,18,1544.0,0.0
2023-02-14 19:00:00,19,507.2,0.0
2023-02-14 20:00:00,20,437.5,0.1
2023-02-14 21:00:00,21,139.9,0.0
2023-02-14 22:00:00,22,0.2,0.1
2023-02-14 23:00:00,23,0.0,0.0
2023-02-15 00:00:00,0,0.0,0.0
2023-02-15 01:00:00,1,0.0,0.0
2023-02-15 02:00:00,2,0.0,0.0
2023-02-15 03:00:00,3,0.0,0.0
2023-02-15 04:00:00,4,0.0,0.0
2023-02-15 05:00:00,5,0.0,0.0
2023-02-15 06:00:00,6,0.0,0.0
2023-02-15 07:00:00,7,0.0,0.0
2023-02-15 08:00:00,8,0.0,0.0
2023-02-15 09:00:00,9,7.8,0.0
2023-02-15 10:00:00,10,261.5,0.0
2023-02-15 11:00:00,11,987.3,0.0
2023-02-15 12:00:00,12,960.7,0.0
2023-02-15 13:00:00,13,1163.6,0.0
2023-02-15 14:00:00,14,2565.5,0.0
2023-02-15 15:00:00,15,2631.0,1.6
2023-02-15 16:00:00,16,3412.6,3.1
2023-02-15 17:00:00,17,2937.9,3.5
2023-02-15 18:00:00,18,287.4,1.7
2023-02-15 19:00:00,19,315.5,0.0
2023-02-15 20:00:00,20,227.9,0.0
2023-02-15 21:00:00,21,51.2,0.0
2023-02-15 22:00:00,22,0.1,0.0
2023-02-15 23:00:00,23,0.0,0.0
2023-02-16 00:00:00,0,0.0,0.0
2023-02-16 01:00:00,1,0.0,0.0
2023-02-16 02:00:00,2,0.0,0.0
2023-02-16 03:00:00,3,0.0,0.0
2023-02-16 04:00:00,4,0.0,0.0
2023-02-16 05:00:00,5,0.0,0.0
2023-02-16 06:00:00,6,0.1,0.0
2023-02-16 07:00:00,7,0.1,0.0
2023-02-16 08:00:00,8,0.3,0.0
2023-02-16 09:00:00,9,6.6,0.0
2023-02-16 10:00:00,10,303.3,0.0
2023-02-16 11:00:00,11,592.0,0.0
2023-02-16 12:00:00,12,959.5,0.0
2023-02-16 13:00:00,13,2020.4,0.0
2023-02-16 14:00:00,14,2454.3,0.0
2023-02-16 15:00:00,15,2563.1,0.0
2023-02-16 16:00:00,16,2125.0,2.2
2023-02-16 17:00:00,17,510.4,0.8
2023-02-16 18:00:00,18,227.5,0.0
2023-02-16 19:00:00,19,460.7,0.0
2023-02-16 20:00:00,20,394.7,0.2
2023-02-16 21:00:00,21,55.2,0.0
2023-02-16 22:00:00,22,0.4,0.0
2023-02-16 23:00:00,23,0.0,0.0
2023-02-17 00:00:00,0,0.0,0.0
2023-02-17 01:00:00,1,0.0,0.0
2023-02-17 02:00:00,2,0.1,0.0
2023-02-17 03:00:00,3,0.0,0.0
2023-02-17 04:00:00,4,0.0,0.0
2023-02-17 05:00:00,5,0.3,0.0
2023-02-17 06:00:00,6,0.9,0.0
2023-02-17 07:00:00,7,0.3,0.0
2023-02-17 08:00:00,8,0.1,0.0
2023-02-17 09:00:00,9,6.1,0.0
2023-02-17 10:00:00,10,307.9,0.0
2023-02-17 11:00:00,11,982.0,0.0
2023-02-17 12:00:00,12,1565.7,0.0
2023-02-17 13:00:00,13,2337.8,0.0
2023-02-17 14:00:00,14,2519.0,2.0
2023-02-17 15:00:00,15,2780.1,1.6
2023-02-17 16:00:00,16,3202.1,2.3
2023-02-17 17:00:00,17,3446.2,1.1
2023-02-17 18:00:00,18,2111.7,4.6
2023-02-17 19:00:00,19,2135.8,0.9
2023-02-17 20:00:00,20,871.9,1.4
2023-02-17 21:00:00,21,85.3,1.4
2023-02-17 22:00:00,22,0.0,0.2
2023-02-17 23:00:00,23,0.0,0.1
2023-02-18 00:00:00,0,0.0,0.0
2023-02-18 01:00:00,1,0.0,0.0
2023-02-18 02:00:00,2,0.0,0.0
2023-02-18 03:00:00,3,0.0,0.0
2023-02-18 04:00:00,4,0.0,0.0
2023-02-18 05:00:00,5,0.0,0.0
2023-02-18 06:00:00,6,0.0,0.0
2023-02-18 07:00:00,7,0.0,0.0
2023-02-18 08:00:00,8,0.0,0.0
2023-02-18 09:00:00,9,8.0,0.0
2023-02-18 10:00:00,10,282.3,0.0
2023-02-18 11:00:00,11,1107.5,0.0
2023-02-18 12:00:00,12,1959.6,0.0
2023-02-18 13:00:00,13,2516.7,0.0
2023-02-18 14:00:00,14,2615.9,0.0
2023-02-18 15:00:00,15,3068.3,0.0
2023-02-18 16:00:00,16,2242.7,0.0
2023-02-18 17:00:00,17,2048.7,0.0
2023-02-18 18:00:00,18,1512.9,2.1
2023-02-18 19:00:00,19,888.1,0.0
2023-02-18 20:00:00,20,451.9,0.0
2023-02-18 21:00:00,21,136.1,0.4
2023-02-18 22:00:00,22,0.2,0.0
2023-02-18 23:00:00,23,0.0,0.0
2023-02-19 00:00:00,0,0.0,0.0
2023-02-19 01:00:00,1,,0.0
2023-02-19 02:00:00,2,0.0,0.0
2023-02-19 03:00:00,3,0.0,0.0
2023-02-19 04:00:00,4,0.0,0.0
2023-02-19 05:00:00,5,0.0,0.0
2023-02-19 06:00:00,6,0.0,0.0
2023-02-19 07:00:00,7,0.0,0.0
2023-02-19 08:00:00,8,0.0,0.0
2023-02-19 09:00:00,9,3.7,0.0
2023-02-19 10:00:00,10,257.1,0.0
2023-02-19 11:00:00,11,991.0,0.0
2023-02-19 12:00:00,12,1455.3,0.0
2023-02-19 13:00:00,13,1908.3,0.0
2023-02-19 14:00:00,14,3470.2,0.0
2023-02-19 15:00:00,15,3492.3,0.2
2023-02-19 16:00:00,16,3805.2,0.0
2023-02-19 17:00:00,17,2486.8,0.2
2023-02-19 18:00:00,18,1649.6,1.9
2023-02-19 19:00:00,19,548.2,0.0
2023-02-19 20:00:00,20,190.3,0.0
2023-02-19 21:00:00,21,29.7,0.0
2023-02-19 22:00:00,22,0.0,0.0
2023-02-19 23:00:00,23,0.0,0.0
2023-02-20 00:00:00,0,0.0,0.0
2023-02-20 01:00:00,1,,0.0
2023-02-20 02:00:00,2,0.0,0.0
2023-02-20 03:00:00,3,0.0,0.0
2023-02-20 04:00:00,4,0.0,0.0
2023-02-20 05:00:00,5,0.0,0.0
2023-02-20 06:00:00,6,0.0,0.0
2023-02-20 07:00:00,7,0.0,0.0
2023-02-20 08:00:00,8,0.0,0.0
2023-02-20 09:00:00,9,1.7,0.0
2023-02-20 10:00:00,10,100.8,0.0
2023-02-20 11:00:00,11,580.1,0.0
2023-02-20 12:00:00,12,1488.2,0.0
2023-02-20 13:00:00,13,2054.4,0.1
2023-02-20 14:00:00,14,2843.7,1.8
2023-02-20 15:00:00,15,2765.4,0.0
2023-02-20 16:00:00,16,3266.2,1.8
2023-02-20 17:00:00,17,2721.6,1.5
2023-02-20 18:00:00,18,1973.8,0.2
2023-02-20 19:00:00,19,1283.1,0.5
2023-02-20 20:00:00,20,958.3,0.0
2023-02-20 21:00:00,21,206.4,0.0
2023-02-20 22:00:00,22,0.0,0.0
2023-02-20 23:00:00,23,0.0,0.0
2023-02-21 00:00:00,0,0.0,0.0
2023-02-21 01:00:00,1,0.0,0.0
2023-02-21 02:00:00,2,0.0,0.0
2023-02-21 03:00:00,3,0.0,0.0
2023-02-21 04:00:00,4,0.0,0.0
2023-02-21 05:00:00,5,0.0,0.0
2023-02-21 06:00:00,6,0.0,0.0
2023-02-21 07:00:00,7,0.5,0.0
2023-02-21 08:00:00,8,0.0,0.0
2023-02-21 09:00:00,9,6.9,0.0
2023-02-21 10:00:00,10,240.0,0.0
2023-02-21 11:00:00,11,1094.8,0.0
2023-02-21 12:00:00,12,2120.0,0.0
2023-02-21 13:00:00,13,2119.8,0.0
2023-02-21 14:00:00,14,3392.7,0.3
2023-02-21 15:00:00,15,3883.3,2.5
2023-02-21 16:00:00,16,4049.4,1.5
2023-02-21 17:00:00,17,3538.5,1.4
2023-02-21 18:00:00,18,2875.4,1.6
2023-02-21 19:00:00,19,1703.9,3.1
2023-02-21 20:00:00,20,1319.9,2.0
2023-02-21 21:00:00,21,224.0,2.0
2023-02-21 22:00:00,22,0.5,1.9
2023-02-21 23:00:00,23,0.0,1.5
2023-02-22 00:00:00,0,0.0,0.0
2023-02-22 01:00:00,1,0.0,2.1
2023-02-22 02:00:00,2,0.0,0.0
2023-02-22 03:00:00,3,0.0,0.0
2023-02-22 04:00:00,4,0.0,0.0
2023-02-22 05:00:00,5,0.0,0.0
2023-02-22 06:00:00,6,0.0,0.0
2023-02-22 07:00:00,7,0.5,0.0
2023-02-22 08:00:00,8,0.1,0.0
2023-02-22 09:00:00,9,6.0,0.0
2023-02-22 10:00:00,10,383.0,0.0
2023-02-22 11:00:00,11,722.5,0.0
2023-02-22 12:00:00,12,1202.7,0.0
2023-02-22 13:00:00,13,1877.9,0.6
2023-02-22 14:00:00,14,1885.2,0.0
2023-02-22 15:00:00,15,2298.9,0.0
2023-02-22 16:00:00,16,2283.2,0.0
2023-02-22 17:00:00,17,1568.8,0.0
2023-02-22 18:00:00,18,1586.1,2.4
2023-02-22 19:00:00,19,902.0,5.2
2023-02-22 20:00:00,20,270.8,1.8
2023-02-22 21:00:00,21,77.2,0.6
2023-02-22 22:00:00,22,0.2,0.0
2023-02-22 23:00:00,23,0.0,0.0
2023-02-23 00:00:00,0,0.0,0.0
2023-02-23 01:00:00,1,0.0,0.0
2023-02-23 02:00:00,2,0.0,0.0
2023-02-23 03:00:00,3,0.0,0.0
2023-02-23 04:00:00,4,0.0,0.0
2023-02-23 05:00:00,5,0.6,0.0
2023-02-23 06:00:00,6,0.0,0.0
2023-02-23 07:00:00,7,0.0,0.0
2023-02-23 08:00:00,8,0.0,0.0
2023-02-23 09:00:00,9,1.7,0.0
2023-02-23 10:00:00,10,111.5,0.0
2023-02-23 11:00:00,11,472.2,0.0
2023-02-23 12:00:00,12,1734.7,0.0
2023-02-23 13:00:00,13,2242.3,0.0
2023-02-23 14:00:00,14,3211.2,0.0
2023-02-23 15:00:00,15,2058.8,0.0
2023-02-23 16:00:00,16,1689.3,2.5
2023-02-23 17:00:00,17,757.0,0.0
2023-02-23 18:00:00,18,908.7,0.0
2023-02-23 19:00:00,19,1177.3,0.0
2023-02-23 20:00:00,20,991.8,0.0
2023-02-23 21:00:00,21,119.1,0.0
2023-02-23 22:00:00,22,0.1,0.0
2023-02-23 23:00:00,23,0.0,0.0
2023-02-24 00:00:00,0,0.0,0.4
2023-02-24 01:00:00,1,0.0,0.0
2023-02-24 02:00:00,2,0.0,0.0
2023-02-24 03:00:00,3,0.1,0.0
2023-02-24 04:00:00,4,0.2,0.0
2023-02-24 05:00:00,5,0.6,0.0
2023-02-24 06:00:00,6,0.5,0.0
2023-02-24 07:00:00,7,0.0,0.0
2023-02-24 08:00:00,8,0.0,0.0
2023-02-24 09:00:00,9,6.5,0.0
2023-02-24 10:00:00,10,315.1,0.0
2023-02-24 11:00:00,11,733.6,0.0
2023-02-24 12:00:00,12,1458.0,0.0
2023-02-24 13:00:00,13,1756.2,0.0
2023-02-24 14:00:00,14,1958.6,0.0
2023-02-24 15:00:00,15,3269.0,0.0
2023-02-24 16:00:00,16,3044.0,0.0
2023-02-24 17:00:00,17,3463.4,0.0
2023-02-24 18:00:00,18,2339.9,4.2
2023-02-24 19:00:00,19,197.7,2.1
2023-02-24 20:00:00,20,5.9,0.0
2023-02-24 21:00:00,21,3.2,0.0
2023-02-24 22:00:00,22,0.0,0.0
2023-02-24 23:00:00,23,0.5,0.0
2023-02-25 00:00:00,0,0.2,0.0
2023-02-25 01:00:00,1,0.2,0.0
2023-02-25 02:00:00,2,0.0,0.0
2023-02-25 03:00:00,3,0.0,0.0
2023-02-25 04:00:00,4,0.0,0.0
2023-02-25 05:00:00,5,0.5,0.0
2023-02-25 06:00:00,6,0.0,0.0
2023-02-25 07:00:00,7,0.5,0.0
2023-02-25 08:00:00,8,1.2,0.0
2023-02-25 09:00:00,9,9.9,0.0
2023-02-25 10:00:00,10,312.8,0.0
2023-02-25 11:00:00,11,1089.2,0.0
2023-02-25 12:00:00,12,1393.3,0.0
2023-02-25 13:00:00,13,2287.8,0.0
2023-02-25 14:00:00,14,2147.6,0.0
2023-02-25 15:00:00,15,1001.6,0.0
2023-02-25 16:00:00,16,1469.0,0.0
2023-02-25 17:00:00,17,2766.3,0.0
2023-02-25 18:00:00,18,981.6,0.0
2023-02-25 19:00:00,19,900.7,0.0
2023-02-25 20:00:00,20,618.6,0.0
2023-02-25 21:00:00,21,142.5,0.0
2023-02-25 22:00:00,22,0.0,0.0
2023-02-25 23:00:00,23,0.0,0.0
2023-02-26 00:00:00,0,0.1,0.0
2023-02-26 01:00:00,1,0.0,0.0
2023-02-26 02:00:00,2,0.0,0.0
2023-02-26 03:00:00,3,0.0,0.0
2023-02-26 04:00:00,4,0.0,0.0
2023-02-26 05:00:00,5,0.0,0.0
2023-02-26 06:00:00,6,0.2,0.0
2023-02-26 07:00:00,7,0.7,0.0
2023-02-26 08:00:00,8,0.9,0.0
2023-02-26 09:00:00,9,5.2,0.0
2023-02-26 10:00:00,10,199.6,0.0
2023-02-26 11:00:00,11,811.4,0.0
2023-02-26 12:00:00,12,2122.8,0.0
2023-02-26 13:00:00,13,2074.7,1.2
2023-02-26 14:00:00,14,2779.2,0.1
2023-02-26 15:00:00,15,3364.2,2.0
2023-02-26 16:00:00,16,2811.8,3.8
2023-02-26 17:00:00,17,3260.9,0.2
2023-02-26 18:00:00,18,1813.8,0.0
2023-02-26 19:00:00,19,2110.4,0.0
2023-02-26 20:00:00,20,936.2,0.2
2023-02-26 21:00:00,21,95.0,0.0
2023-02-26 22:00:00,22,0.0,0.0
2023-02-26 23:00:00,23,0.0,0.0
2023-02-27 00:00:00,0,0.0,0.0
2023-02-27 01:00:00,1,0.0,0.0
2023-02-27 02:00:00,2,0.0,0.0
2023-02-27 03:00:00,3,0.0,0.0
2023-02-27 04:00:00,4,0.0,0.0
2023-02-27 05:00:00,5,0.0,0.0
2023-02-27 06:00:00,6,0.0,0.0
2023-02-27 07:00:00,7,0.0,0.0
2023-02-27 08:00:00,8,0.0,0.0
2023-02-27 09:00:00,9,11.2,0.0
2023-02-27 10:00:00,10,389.1,0.0
2023-02-27 11:00:00,11,1250.6,0.0
2023-02-27 12:00:00,12,1811.7,0.2
2023-02-27 13:00:00,13,2467.6,0.0
2023-02-27 14:00:00,14,3265.7,0.2
2023-02-27 15:00:00,15,4025.1,0.2
2023-02-27 16:00:00,16,3034.8,0.8
2023-02-27 17:00:00,17,3065.9,0.0
2023-02-27 18:00:00,18,2020.0,2.6
2023-02-27 19:00:00,19,854.1,0.7
2023-02-27 20:00:00,20,553.3,0.0
2023-02-27 21:00:00,21,103.7,0.0
2023-02-27 22:00:00,22,0.1,0.0
2023-02-27 23:00:00,23,0.0,0.1
2023-02-28 00:00:00,0,0.0,0.0
2023-02-28 01:00:00,1,0.0,0.1
2023-02-28 02:00:00,2,0.0,0.0
2023-02-28 03:00:00,3,0.0,0.0
2023-02-28 04:00:00,4,0.0,0.0
2023-02-28 05:00:00,5,0.0,0.0
2023-02-28 06:00:00,6,0.0,0.0
2023-02-28 07:00:00,7,0.0,0.0
2023-02-28 08:00:00,8,0.0,0.0
2023-02-28 09:00:00,9,11.6,0.0
2023-02-28 10:00:00,10,429.8,0.0
2023-02-28 11:00:00,11,1276.3,0.0
2023-02-28 12:00:00,12,2154.9,0.0
2023-02-28 13:00:00,13,2692.2,0.2
2023-02-28 14:00:00,14,3544.9,1.8
2023-02-28 15:00:00,15,4157.2,3.5
2023-02-28 16:00:00,16,3939.2,1.2
2023-02-28 17:00:00,17,3338.5,0.4
2023-02-28 18:00:00,18,2930.6,0.3
2023-02-28 19:00:00,19,2175.3,1.7
2023-02-28 20:00:00,20,1075.9,1.7
2023-02-28 21:00:00,21,202.8,0.0
2023-02-28 22:00:00,22,0.0,0.0
2023-02-28 23:00:00,23,0.0,0.0
2023-03-01 00:00:00,0,0.0,0.0
2023-03-01 01:00:00,1,,0.0
2023-03-01 02:00:00,2,0.0,0.0
2023-03-01 03:00:00,3,0.0,0.0
2023-03-01 04:00:00,4,0.0,0.0
2023-03-01 05:00:00,5,0.0,0.0
2023-03-01 06:00:00,6,0.0,0.0
2023-03-01 07:00:00,7,0.0,0.0
2023-03-01 08:00:00,8,0.0,0.0
2023-03-01 09:00:00,9,8.0,0.0
2023-03-01 10:00:00,10,365.5,0.0
2023-03-01 11:00:00,11,1241.3,0.0
2023-03-01 12:00:00,12,1679.7,0.0
2023-03-01 13:00:00,13,2289.7,2.0
2023-03-01 14:00:00,14,3072.6,1.0
2023-03-01 15:00:00,15,4045.4,0.0
2023-03-01 16:00:00,16,3705.6,0.2
2023-03-01 17:00:00,17,3568.7,0.0
2023-03-01 18:00:00,18,2647.2,0.0
2023-03-01 19:00:00,19,1862.5,0.0
2023-03-01 20:00:00,20,643.0,2.2
2023-03-01 21:00:00,21,314.1,2.6
2023-03-01 22:00:00,22,0.2,0.0
2023-03-01 23:00:00,23,0.0,0.8
2023-03-02 00:00:00,0,0.0,0.0
2023-03-02 01:00:00,1,0.0,0.0
2023-03-02 02:00:00,2,0.0,0.0
2023-03-02 03:00:00,3,0.0,0.0
2023-03-02 04:00:00,4,0.0,0.0
2023-03-02 05:00:00,5,0.0,0.0
2023-03-02 06:00:00,6,0.0,0.0
2023-03-02 07:00:00,7,0.0,0.0
2023-03-02 08:00:00,8,0.0,0.0
2023-03-02 09:00:00,9,11.8,0.0
2023-03-02 10:00:00,10,269.4,0.0
2023-03-02 11:00:00,11,1191.7,0.0
2023-03-02 12:00:00,12,2094.3,0.2
2023-03-02 13:00:00,13,2196.6,0.0
2023-03-02 14:00:00,14,3074.8,0.0
2023-03-02 15:00:00,15,3342.0,0.0
2023-03-02 16:00:00,16,3508.9,0.0
2023-03-02 17:00:00,17,3087.1,0.5
2023-03-02 18:00:00,18,2769.3,0.1
2023-03-02 19:00:00,19,2095.5,2.9
2023-03-02 20:00:00,20,1057.7,3.1
2023-03-02 21:00:00,21,124.5,3.9
2023-03-02 22:00:00,22,0.1,3.7
2023-03-02 23:00:00,23,0.0,3.0
2023-03-03 00:00:00,0,0.0,1.0
2023-03-03 01:00:00,1,,0.0
2023-03-03 02:00:00,2,0.0,0.0
2023-03-03 03:00:00,3,0.0,0.0
2023-03-03 04:00:00,4,0.0,0.0
2023-03-03 05:00:00,5,0.0,0.0
2023-03-03 06:00:00,6,0.0,0.0
2023-03-03 07:00:00,7,0.0,0.0
2023-03-03 08:00:00,8,0.0,0.0
2023-03-03 09:00:00,9,5.0,0.0
2023-03-03 10:00:00,10,127.5,0.0
2023-03-03 11:00:00,11,123.6,0.0
2023-03-03 12:00:00,12,521.3,0.0
2023-03-03 13:00:00,13,1314.7,0.0
2023-03-03 14:00:00,14,1120.9,0.0
2023-03-03 15:00:00,15,1161.3,0.0
2023-03-03 16:00:00,16,513.6,0.0
2023-03-03 17:00:00,17,711.6,0.0
2023-03-03 18:00:00,18,1251.3,0.9
2023-03-03 19:00:00,19,1294.5,0.5
2023-03-03 20:00:00,20,349.1,0.0
2023-03-03 21:00:00,21,22.1,0.0
2023-03-03 22:00:00,22,0.5,0.0
2023-03-03 23:00:00,23,0.0,0.0
2023-03-04 00:00:00,0,0.0,0.0
2023-03-04 01:00:00,1,0.0,0.0
2023-03-04 02:00:00,2,0.0,0.0
2023-03-04 03:00:00,3,0.0,0.0
2023-03-04 04:00:00,4,0.0,0.0
2023-03-04 05:00:00,5,0.4,0.0
2023-03-04 06:00:00,6,0.0,0.0
2023-03-04 07:00:00,7,0.0,0.0
2023-03-04 08:00:00,8,0.0,0.0
2023-03-04 09:00:00,9,10.9,0.0
2023-03-04 10:00:00,10,371.9,0.0
2023-03-04 11:00:00,11,1300.5,0.0
2023-03-04 12:00:00,12,1719.2,0.0
2023-03-04 13:00:00,13,1744.2,0.0
2023-03-04 14:00:00,14,1784.8,0.0
2023-03-04 15:00:00,15,1788.1,0.0
2023-03-04 16:00:00,16,2901.8,0.0
2023-03-04 17:00:00,17,2503.5,2.4
2023-03-04 18:00:00,18,676.4,1.3
2023-03-04 19:00:00,19,234.3,0.0
2023-03-04 20:00:00,20,28.7,0.0
2023-03-04 21:00:00,21,22.3,0.0
2023-03-04 22:00:00,22,2.4,0.0
2023-03-04 23:00:00,23,1.4,0.0
2023-03-05 00:00:00,0,1.5,0.0
2023-03-05 01:00:00,1,1.2,0.0
2023-03-05 02:00:00,2,1.6,0.0
2023-03-05 03:00:00,3,1.4,0.0
2023-03-05 04:00:00,4,1.5,0.0
2023-03-05 05:00:00,5,0.0,0.0
2023-03-05 06:00:00,6,1.1,0.0
2023-03-05 07:00:00,7,1.6,0.0
2023-03-05 08:00:00,8,0.9,0.0
2023-03-05 09:00:00,9,7.9,0.0
2023-03-05 10:00:00,10,308.0,0.0
2023-03-05 11:00:00,11,799.5,0.0
2023-03-05 12:00:00,12,2104.3,0.0
2023-03-05 13:00:00,13,2102.9,0.0
2023-03-05 14:00:00,14,2084.0,0.0
2023-03-05 15:00:00,15,3496.3,1.4
2023-03-05 16:00:00,16,3403.5,1.4
2023-03-05 17:00:00,17,2799.8,2.0
2023-03-05 18:00:00,18,585.8,1.6
2023-03-05 19:00:00,19,365.6,3.2
2023-03-05 20:00:00,20,449.2,2.9
2023-03-05 21:00:00,21,65.1,0.0
2023-03-05 22:00:00,22,0.0,0.0
2023-03-05 23:00:00,23,0.1,0.0
2023-03-06 00:00:00,0,0.0,0.0
2023-03-06 01:00:00,1,0.0,0.0
2023-03-06 02:00:00,2,0.0,0.0
2023-03-06 03:00:00,3,0.0,0.0
2023-03-06 04:00:00,4,0.0,0.0
2023-03-06 05:00:00,5,0.0,0.0
2023-03-06 06:00:00,6,0.0,0.0
2023-03-06 07:00:00,7,0.7,0.0
2023-03-06 08:00:00,8,0.0,0.0
2023-03-06 09:00:00,9,6.2,0.0
2023-03-06 10:00:00,10,341.4,0.0
2023-03-06 11:00:00,11,955.8,0.0
2023-03-06 12:00:00,12,1171.7,0.0
2023-03-06 13:00:00,13,2094.1,0.1
2023-03-06 14:00:00,14,3160.8,0.2
2023-03-06 15:00:00,15,3090.7,0.0
2023-03-06 16:00:00,16,2881.5,0.0
2023-03-06 17:00:00,17,3463.6,0.5
2023-03-06 18:00:00,18,1357.9,0.8
2023-03-06 19:00:00,19,1865.2,4.0
2023-03-06 20:00:00,20,474.8,1.3
2023-03-06 21:00:00,21,159.3,0.1
2023-03-06 22:00:00,22,0.0,0.0
2023-03-06 23:00:00,23,0.0,0.0
2023-03-07 00:00:00,0,0.1,0.0
2023-03-07 01:00:00,1,0.0,0.0
2023-03-07 02:00:00,2,0.0,0.0
2023-03-07 03:00:00,3,0.0,0.0
2023-03-07 04:00:00,4,0.0,0.0
2023-03-07 05:00:00,5,0.0,0.0
2023-03-07 06:00:00,6,0.0,0.0
2023-03-07 07:00:00,7,0.0,0.0
2023-03-07 08:00:00,8,0.0,0.0
2023-03-07 09:00:00,9,7.3,0.0
2023-03-07 10:00:00,10,417.3,0.0
2023-03-07 11:00:00,11,1334.2,0.0
2023-03-07 12:00:00,12,2252.8,0.0
2023-03-07 13:00:00,13,2111.1,0.4
2023-03-07 14:00:00,14,2332.6,0.6
2023-03-07 15:00:00,15,3091.8,0.7
2023-03-07 16:00:00,16,2862.5,0.6
2023-03-07 17:00:00,17,2950.6,1.1
2023-03-07 18:00:00,18,2110.1,0.2
2023-03-07 19:00:00,19,1589.7,0.0
2023-03-07 20:00:00,20,861.0,0.0
2023-03-07 21:00:00,21,160.6,0.0
2023-03-07 22:00:00,22,0.0,0.0
2023-03-07 23:00:00,23,0.0,0.0
2023-03-08 00:00:00,0,0.0,0.0
2023-03-08 01:00:00,1,,0.0
2023-03-08 02:00:00,2,0.0,0.0
2023-03-08 03:00:00,3,0.0,0.0
2023-03-08 04:00:00,4,0.0,0.0
2023-03-08 05:00:00,5,0.0,0.0
2023-03-08 06:00:00,6,0.0,0.0
2023-03-08 07:00:00,7,0.0,0.0
2023-03-08 08:00:00,8,0.0,0.0
2023-03-08 09:00:00,9,10.7,0.0
2023-03-08 10:00:00,10,428.6,0.0
2023-03-08 11:00:00,11,1333.8,0.5
2023-03-08 12:00:00,12,2253.7,1.4
2023-03-08 13:00:00,13,3072.0,0.0
2023-03-08 14:00:00,14,3773.7,2.3
2023-03-08 15:00:00,15,3951.3,2.7
2023-03-08 16:00:00,16,3805.7,1.5
2023-03-08 17:00:00,17,3599.1,2.0
2023-03-08 18:00:00,18,2885.2,2.5
2023-03-08 19:00:00,19,2128.6,2.2
2023-03-08 20:00:00,20,1200.0,1.0
2023-03-08 21:00:00,21,305.1,0.4
2023-03-08 22:00:00,22,0.0,1.1
2023-03-08 23:00:00,23,0.0,0.9
2023-03-09 00:00:00,0,0.0,0.0
2023-03-09 01:00:00,1,0.0,0.0
2023-03-09 02:00:00,2,0.0,0.0
2023-03-09 03:00:00,3,0.0,0.0
2023-03-09 04:00:00,4,0.0,0.0
2023-03-09 05:00:00,5,0.0,0.0
2023-03-09 06:00:00,6,0.0,0.0
2023-03-09 07:00:00,7,0.0,0.0
2023-03-09 08:00:00,8,0.0,0.0
2023-03-09 09:00:00,9,8.7,0.0
2023-03-09 10:00:00,10,218.9,0.0
2023-03-09 11:00:00,11,698.1,0.0
2023-03-09 12:00:00,12,1503.6,0.0
2023-03-09 13:00:00,13,1728.0,2.5
2023-03-09 14:00:00,14,2654.1,0.7
2023-03-09 15:00:00,15,3965.2,1.2
2023-03-09 16:00:00,16,3375.5,0.5
2023-03-09 17:00:00,17,2578.3,0.6
2023-03-09 18:00:00,18,1194.2,5.2
2023-03-09 19:00:00,19,357.3,4.9
2023-03-09 20:00:00,20,103.7,0.5
2023-03-09 21:00:00,21,36.5,0.0
2023-03-09 22:00:00,22,0.0,0.0
2023-03-09 23:00:00,23,0.6,0.0
2023-03-10 00:00:00,0,0.0,0.0
2023-03-10 01:00:00,1,0.0,0.0
2023-03-10 02:00:00,2,0.1,0.0
2023-03-10 03:00:00,3,0.0,0.0
2023-03-10 04:00:00,4,0.1,0.0
2023-03-10 05:00:00,5,0.2,0.0
2023-03-10 06:00:00,6,1.1,0.0
2023-03-10 07:00:00,7,1.5,0.0
2023-03-10 08:00:00,8,0.5,0.0
2023-03-10 09:00:00,9,3.6,0.0
2023-03-10 10:00:00,10,143.4,0.0
2023-03-10 11:00:00,11,490.0,0.0
2023-03-10 12:00:00,12,948.4,0.0
2023-03-10 13:00:00,13,1287.1,0.0
2023-03-10 14:00:00,14,2234.6,1.2
2023-03-10 15:00:00,15,2363.1,0.0
2023-03-10 16:00:00,16,2558.2,0.0
2023-03-10 17:00:00,17,2284.2,0.0
2023-03-10 18:00:00,18,1599.0,2.9
2023-03-10 19:00:00,19,2063.3,1.3
2023-03-10 20:00:00,20,1150.8,0.0
2023-03-10 21:00:00,21,216.7,0.0
2023-03-10 22:00:00,22,0.0,0.0
2023-03-10 23:00:00,23,0.0,0.2
2023-03-11 00:00:00,0,0.0,1.9
2023-03-11 01:00:00,1,0.0,0.0
2023-03-11 02:00:00,2,0.0,0.0
2023-03-11 03:00:00,3,0.0,0.0
2023-03-11 04:00:00,4,0.0,0.0
2023-03-11 05:00:00,5,0.0,0.0
2023-03-11 06:00:00,6,0.0,0.0
2023-03-11 07:00:00,7,0.0,0.0
2023-03-11 08:00:00,8,0.0,0.0
2023-03-11 09:00:00,9,6.8,0.0
2023-03-11 10:00:00,10,309.4,0.0
2023-03-11 11:00:00,11,600.4,0.0
2023-03-11 12:00:00,12,1450.5,0.0
2023-03-11 13:00:00,13,1887.1,0.0
2023-03-11 14:00:00,14,1974.7,0.1
2023-03-11 15:00:00,15,867.5,0.7
2023-03-11 16:00:00,16,456.4,0.0
2023-03-11 17:00:00,17,1138.8,0.0
2023-03-11 18:00:00,18,1272.4,0.0
2023-03-11 19:00:00,19,824.6,0.2
2023-03-11 20:00:00,20,512.2,1.2
2023-03-11 21:00:00,21,59.1,0.0
2023-03-11 22:00:00,22,0.0,0.0
2023-03-11 23:00:00,23,0.0,1.1
2023-03-12 00:00:00,0,0.0,1.2
2023-03-12 01:00:00,1,,0.0
2023-03-12 02:00:00,2,0.0,0.0
2023-03-12 03:00:00,3,0.0,0.0
2023-03-12 04:00:00,4,0.1,0.0
2023-03-12 05:00:00,5,0.2,0.0
2023-03-12 06:00:00,6,0.0,0.0
2023-03-12 07:00:00,7,0.1,0.0
2023-03-12 08:00:00,8,0.7,0.0
2023-03-12 09:00:00,9,5.4,0.0
2023-03-12 10:00:00,10,126.8,0.0
2023-03-12 11:00:00,11,426.3,0.0
2023-03-12 12:00:00,12,1305.5,0.0
2023-03-12 13:00:00,13,1743.6,0.8
2023-03-12 14:00:00,14,2240.1,2.0
2023-03-12 15:00:00,15,3206.8,1.9
2023-03-12 16:00:00,16,2970.2,0.0
2023-03-12 17:00:00,17,2084.6,0.0
2023-03-12 18:00:00,18,1586.8,0.0
2023-03-12 19:00:00,19,1055.6,0.8
2023-03-12 20:00:00,20,242.1,0.0
2023-03-12 21:00:00,21,23.4,0.0
2023-03-12 22:00:00,22,0.0,0.0
2023-03-12 23:00:00,23,0.6,0.0
2023-03-13 00:00:00,0,0.4,0.0
2023-03-13 01:00:00,1,0.0,0.0
2023-03-13 02:00:00,2,0.0,0.0
2023-03-13 03:00:00,3,0.6,0.0
2023-03-13 04:00:00,4,0.4,0.0
2023-03-13 05:00:00,5,0.3,0.0
2023-03-13 06:00:00,6,1.7,0.0
2023-03-13 07:00:00,7,0.7,0.0
2023-03-13 08:00:00,8,0.8,0.0
2023-03-13 09:00:00,9,7.2,0.0
2023-03-13 10:00:00,10,114.3,0.0
2023-03-13 11:00:00,11,547.6,0.0
2023-03-13 12:00:00,12,700.4,0.0
2023-03-13 13:00:00,13,549.4,0.0
2023-03-13 14:00:00,14,2876.4,0.0
2023-03-13 15:00:00,15,761.7,0.0
2023-03-13 16:00:00,16,512.8,0.0
2023-03-13 17:00:00,17,598.8,0.0
2023-03-13 18:00:00,18,441.5,0.0
2023-03-13 19:00:00,19,522.4,0.0
2023-03-13 20:00:00,20,522.5,0.0
2023-03-13 21:00:00,21,120.0,0.0
2023-03-13 22:00:00,22,1.9,0.0
2023-03-13 23:00:00,23,6.0,0.0
2023-03-14 00:00:00,0,11.9,0.0
2023-03-14 01:00:00,1,0.1,0.0
2023-03-14 02:00:00,2,2.0,0.0
2023-03-14 03:00:00,3,0.0,0.0
2023-03-14 04:00:00,4,4.5,0.0
2023-03-14 05:00:00,5,5.7,0.0
2023-03-14 06:00:00,6,7.7,0.0
2023-03-14 07:00:00,7,1.3,0.0
2023-03-14 08:00:00,8,7.8,0.0
2023-03-14 09:00:00,9,15.5,0.0
2023-03-14 10:00:00,10,141.7,0.0
2023-03-14 11:00:00,11,617.5,0.0
2023-03-14 12:00:00,12,1241.5,0.0
2023-03-14 13:00:00,13,1370.9,0.0
2023-03-14 14:00:00,14,2188.3,4.2
2023-03-14 15:00:00,15,490.5,0.2
2023-03-14 16:00:00,16,751.7,0.4
2023-03-14 17:00:00,17,745.8,0.0
2023-03-14 18:00:00,18,662.5,0.0
2023-03-14 19:00:00,19,656.4,0.0
2023-03-14 20:00:00,20,338.3,0.0
2023-03-14 21:00:00,21,53.0,0.0
2023-03-14 22:00:00,22,4.7,0.0
2023-03-14 23:00:00,23,7.5,0.0
2023-03-15 00:00:00,0,8.0,0.0
2023-03-15 01:00:00,1,9.4,0.0
2023-03-15 02:00:00,2,9.5,0.0
2023-03-15 03:00:00,3,10.9,0.0
2023-03-15 04:00:00,4,8.8,0.0
2023-03-15 05:00:00,5,9.8,0.0
2023-03-15 06:00:00,6,0.3,0.0
2023-03-15 07:00:00,7,8.4,0.0
2023-03-15 08:00:00,8,12.2,0.0
2023-03-15 09:00:00,9,11.7,0.0
2023-03-15 10:00:00,10,159.4,0.0
2023-03-15 11:00:00,11,617.3,0.0
2023-03-15 12:00:00,12,1213.6,0.0
2023-03-15 13:00:00,13,1889.4,0.0
2023-03-15 14:00:00,14,2753.9,0.0
2023-03-15 15:00:00,15,3532.1,0.1
2023-03-15 16:00:00,16,3612.0,0.0
2023-03-15 17:00:00,17,2269.2,0.0
2023-03-15 18:00:00,18,1325.2,0.0
2023-03-15 19:00:00,19,750.0,0.0
2023-03-15 20:00:00,20,407.2,0.0
2023-03-15 21:00:00,21,103.3,0.0
2023-03-15 22:00:00,22,0.0,0.0
2023-03-15 23:00:00,23,0.6,0.0
2023-03-16 00:00:00,0,4.7,0.2
2023-03-16 01:00:00,1,4.8,0.0
2023-03-16 02:00:00,2,8.3,0.0
2023-03-16 03:00:00,3,6.8,0.0
2023-03-16 04:00:00,4,6.4,0.0
2023-03-16 05:00:00,5,4.4,0.0
2023-03-16 06:00:00,6,5.1,0.0
2023-03-16 07:00:00,7,4.1,0.0
2023-03-16 08:00:00,8,4.4,0.0
2023-03-16 09:00:00,9,5.4,0.0
2023-03-16 10:00:00,10,158.7,0.0
2023-03-16 11:00:00,11,705.2,0.0
2023-03-16 12:00:00,12,1711.3,0.0
2023-03-16 13:00:00,13,1367.6,0.0
2023-03-16 14:00:00,14,1581.3,0.0
2023-03-16 15:00:00,15,2493.9,0.0
2023-03-16 16:00:00,16,2352.0,0.0
2023-03-16 17:00:00,17,2766.3,0.0
2023-03-16 18:00:00,18,2884.5,0.0
2023-03-16 19:00:00,19,929.0,0.0
2023-03-16 20:00:00,20,88.9,0.2
2023-03-16 21:00:00,21,1.9,0.0
2023-03-16 22:00:00,22,2.3,0.0
2023-03-16 23:00:00,23,2.2,0.0
2023-03-17 00:00:00,0,3.8,0.0
2023-03-17 01:00:00,1,5.4,0.0
2023-03-17 02:00:00,2,2.6,0.0
2023-03-17 03:00:00,3,7.1,0.0
2023-03-17 04:00:00,4,6.4,0.0
2023-03-17 05:00:00,5,4.5,0.0
2023-03-17 06:00:00,6,6.7,0.0
2023-03-17 07:00:00,7,8.0,0.0
2023-03-17 08:00:00,8,7.5,0.0
2023-03-17 09:00:00,9,12.9,0.0
2023-03-17 10:00:00,10,139.3,0.0
2023-03-17 11:00:00,11,648.2,0.0
2023-03-17 12:00:00,12,1626.6,0.0
2023-03-17 13:00:00,13,2191.4,0.0
2023-03-17 14:00:00,14,2786.7,0.0
2023-03-17 15:00:00,15,3720.1,0.0
2023-03-17 16:00:00,16,3695.9,0.0
2023-03-17 17:00:00,17,1890.8,0.2
2023-03-17 18:00:00,18,1136.6,0.0
2023-03-17 19:00:00,19,621.5,1.5
2023-03-17 20:00:00,20,69.6,0.0
2023-03-17 21:00:00,21,14.9,0.0
2023-03-17 22:00:00,22,2.8,0.0
2023-03-17 23:00:00,23,3.0,0.0
2023-03-18 00:00:00,0,2.8,0.0
2023-03-18 01:00:00,1,6.6,0.0
2023-03-18 02:00:00,2,7.0,0.0
2023-03-18 03:00:00,3,5.2,0.0
2023-03-18 04:00:00,4,0.4,0.0
2023-03-18 05:00:00,5,0.6,0.0
2023-03-18 06:00:00,6,2.3,0.0
2023-03-18 07:00:00,7,5.8,0.0
2023-03-18 08:00:00,8,5.7,0.0
2023-03-18 09:00:00,9,12.0,0.0
2023-03-18 10:00:00,10,275.3,0.0
2023-03-18 11:00:00,11,728.6,0.0
2023-03-18 12:00:00,12,930.0,0.0
2023-03-18 13:00:00,13,2874.0,0.0
2023-03-18 14:00:00,14,2386.8,0.0
2023-03-18 15:00:00,15,2967.8,0.0
2023-03-18 16:00:00,16,1634.6,0.0
2023-03-18 17:00:00,17,1957.5,0.0
2023-03-18 18:00:00,18,2913.9,0.0
2023-03-18 19:00:00,19,552.8,0.0
2023-03-18 20:00:00,20,311.1,0.0
2023-03-18 21:00:00,21,22.7,0.0
2023-03-18 22:00:00,22,2.4,0.0
2023-03-18 23:00:00,23,1.7,0.0
2023-03-19 00:00:00,0,1.7,0.0
2023-03-19 01:00:00,1,2.3,0.0
2023-03-19 02:00:00,2,3.6,0.0
2023-03-19 03:00:00,3,3.5,0.0
2023-03-19 04:00:00,4,4.2,0.0
2023-03-19 05:00:00,5,1.9,0.0
2023-03-19 06:00:00,6,0.7,0.0
2023-03-19 07:00:00,7,2.0,0.0
2023-03-19 08:00:00,8,2.7,0.0
2023-03-19 09:00:00,9,10.4,0.0
2023-03-19 10:00:00,10,243.3,0.0
2023-03-19 11:00:00,11,711.2,0.0
2023-03-19 12:00:00,12,1237.7,0.0
2023-03-19 13:00:00,13,2515.3,0.0
2023-03-19 14:00:00,14,2510.1,0.0
2023-03-19 15:00:00,15,2504.1,0.0
2023-03-19 16:00:00,16,1922.9,0.0
2023-03-19 17:00:00,17,3782.7,0.0
2023-03-19 18:00:00,18,2188.0,2.8
2023-03-19 19:00:00,19,1048.0,2.0
2023-03-19 20:00:00,20,339.7,0.5
2023-03-19 21:00:00,21,7.8,0.0
2023-03-19 22:00:00,22,0.0,0.1
2023-03-19 23:00:00,23,0.0,0.0
2023-03-20 00:00:00,0,0.0,0.0
2023-03-20 01:00:00,1,0.0,0.0
2023-03-20 02:00:00,2,0.2,0.0
2023-03-20 03:00:00,3,0.1,0.0
2023-03-20 04:00:00,4,0.8,0.0
2023-03-20 05:00:00,5,0.4,0.0
2023-03-20 06:00:00,6,1.1,0.0
2023-03-20 07:00:00,7,0.1,0.0
2023-03-20 08:00:00,8,0.0,0.0
2023-03-20 09:00:00,9,11.1,0.0
2023-03-20 10:00:00,10,324.2,0.0
2023-03-20 11:00:00,11,711.1,0.0
2023-03-20 12:00:00,12,1210.8,0.0
2023-03-20 13:00:00,13,781.9,0.2
2023-03-20 14:00:00,14,605.3,1.3
2023-03-20 15:00:00,15,253.4,0.0
2023-03-20 16:00:00,16,180.4,0.0
2023-03-20 17:00:00,17,257.3,0.0
2023-03-20 18:00:00,18,786.2,0.0
2023-03-20 19:00:00,19,601.2,0.0
2023-03-20 20:00:00,20,280.8,0.0
2023-03-20 21:00:00,21,33.5,0.0
2023-03-20 22:00:00,22,0.7,0.0
2023-03-20 23:00:00,23,0.5,0.0
2023-03-21 00:00:00,0,0.3,0.0
2023-03-21 01:00:00,1,0.2,0.0
2023-03-21 02:00:00,2,1.0,0.0
2023-03-21 03:00:00,3,0.4,0.0
2023-03-21 04:00:00,4,0.8,0.0
2023-03-21 05:00:00,5,0.7,0.0
2023-03-21 06:00:00,6,2.1,0.0
2023-03-21 07:00:00,7,0.1,0.0
2023-03-21 08:00:00,8,0.5,0.0
2023-03-21 09:00:00,9,7.9,0.0
2023-03-21 10:00:00,10,137.3,0.0
2023-03-21 11:00:00,11,780.9,0.0
2023-03-21 12:00:00,12,1929.3,0.0
2023-03-21 13:00:00,13,2751.5,0.0
2023-03-21 14:00:00,14,2609.8,0.0
2023-03-21 15:00:00,15,3050.7,0.0
2023-03-21 16:00:00,16,3505.1,0.0
2023-03-21 17:00:00,17,3461.1,0.0
2023-03-21 18:00:00,18,2824.9,0.0
2023-03-21 19:00:00,19,1981.1,0.0
2023-03-21 20:00:00,20,393.6,0.0
2023-03-21 21:00:00,21,53.7,0.0
2023-03-21 22:00:00,22,0.0,0.0
2023-03-21 23:00:00,23,0.0,0.0
2023-03-22 00:00:00,0,0.0,0.0
2023-03-22 01:00:00,1,0.0,0.0
2023-03-22 02:00:00,2,0.0,0.0
2023-03-22 03:00:00,3,0.0,0.0
2023-03-22 04:00:00,4,0.0,0.0
2023-03-22 05:00:00,5,0.0,0.0
2023-03-22 06:00:00,6,0.5,0.0
2023-03-22 07:00:00,7,1.6,0.0
2023-03-22 08:00:00,8,3.1,0.0
2023-03-22 09:00:00,9,4.5,0.0
2023-03-22 10:00:00,10,50.0,0.0
2023-03-22 11:00:00,11,336.4,0.0
2023-03-22 12:00:00,12,922.9,0.0
2023-03-22 13:00:00,13,1492.7,0.0
2023-03-22 14:00:00,14,2033.1,0.0
2023-03-22 15:00:00,15,3435.1,0.0
2023-03-22 16:00:00,16,4088.2,0.0
2023-03-22 17:00:00,17,2971.8,0.0
2023-03-22 18:00:00,18,3032.9,0.0
2023-03-22 19:00:00,19,1739.5,0.0
2023-03-22 20:00:00,20,310.1,0.0
2023-03-22 21:00:00,21,65.0,0.0
2023-03-22 22:00:00,22,0.0,0.0
2023-03-22 23:00:00,23,0.0,0.0
2023-03-23 00:00:00,0,0.0,0.0
2023-03-23 01:00:00,1,0.0,0.0
2023-03-23 02:00:00,2,0.0,0.0
2023-03-23 03:00:00,3,0.0,0.0
2023-03-23 04:00:00,4,0.0,0.0
2023-03-23 05:00:00,5,0.0,0.0
2023-03-23 06:00:00,6,0.4,0.0
2023-03-23 07:00:00,7,0.0,0.0
2023-03-23 08:00:00,8,0.1,0.0
2023-03-23 09:00:00,9,7.1,0.0
2023-03-23 10:00:00,10,96.3,0.0
2023-03-23 11:00:00,11,433.6,0.0
2023-03-23 12:00:00,12,1180.3,0.0
2023-03-23 13:00:00,13,2037.0,0.0
2023-03-23 14:00:00,14,2463.4,0.6
2023-03-23 15:00:00,15,2736.6,2.7
2023-03-23 16:00:00,16,2952.9,2.1
2023-03-23 17:00:00,17,1923.9,1.8
2023-03-23 18:00:00,18,1921.2,1.0
2023-03-23 19:00:00,19,1650.6,0.0
2023-03-23 20:00:00,20,622.4,0.0
2023-03-23 21:00:00,21,67.9,0.0
2023-03-23 22:00:00,22,0.0,0.0
2023-03-23 23:00:00,23,0.0,0.3
2023-03-24 00:00:00,0,0.0,0.0
2023-03-24 01:00:00,1,0.0,0.0
2023-03-24 02:00:00,2,0.0,0.0
2023-03-24 03:00:00,3,0.0,0.0
2023-03-24 04:00:00,4,0.0,0.0
2023-03-24 05:00:00,5,0.0,0.0
2023-03-24 06:00:00,6,0.0,0.0
2023-03-24 07:00:00,7,0.0,0.0
2023-03-24 08:00:00,8,0.0,0.0
2023-03-24 09:00:00,9,5.1,0.0
2023-03-24 10:00:00,10,109.3,0.0
2023-03-24 11:00:00,11,360.1,0.0
2023-03-24 12:00:00,12,722.6,0.0
2023-03-24 13:00:00,13,1340.2,0.3
2023-03-24 14:00:00,14,1397.0,0.0
2023-03-24 15:00:00,15,2230.0,0.0
2023-03-24 16:00:00,16,2323.2,0.3
2023-03-24 17:00:00,17,1823.9,0.0
2023-03-24 18:00:00,18,1374.8,0.0
2023-03-24 19:00:00,19,715.3,0.0
2023-03-24 20:00:00,20,299.4,0.0
2023-03-24 21:00:00,21,28.0,0.0
2023-03-24 22:00:00,22,0.0,0.2
2023-03-24 23:00:00,23,0.0,0.0
2023-03-25 00:00:00,0,0.0,0.0
2023-03-25 01:00:00,1,,0.0
2023-03-25 02:00:00,2,0.0,0.0
2023-03-25 03:00:00,3,0.0,0.0
2023-03-25 04:00:00,4,0.0,0.0
2023-03-25 05:00:00,5,0.7,0.0
2023-03-25 06:00:00,6,0.0,0.0
2023-03-25 07:00:00,7,0.0,0.0
2023-03-25 08:00:00,8,0.0,0.0
2023-03-25 09:00:00,9,9.7,0.0
2023-03-25 10:00:00,10,472.5,0.0
2023-03-25 11:00:00,11,943.7,0.0
2023-03-25 12:00:00,12,1269.4,0.0
2023-03-25 13:00:00,13,2259.8,0.0
2023-03-25 14:00:00,14,2384.6,0.0
2023-03-25 15:00:00,15,2840.2,0.0
2023-03-25 16:00:00,16,2323.1,0.0
2023-03-25 17:00:00,17,3059.5,0.0
2023-03-25 18:00:00,18,1760.9,2.4
2023-03-25 19:00:00,19,448.2,0.0
2023-03-25 20:00:00,20,199.4,0.6
2023-03-25 21:00:00,21,54.2,0.0
2023-03-25 22:00:00,22,0.0,0.0
2023-03-25 23:00:00,23,0.0,0.0
2023-03-26 00:00:00,0,0.0,0.0
2023-03-26 01:00:00,1,0.3,0.0
2023-03-26 02:00:00,2,0.0,0.0
2023-03-26 03:00:00,3,1.0,0.0
2023-03-26 04:00:00,4,0.8,0.0
2023-03-26 05:00:00,5,0.1,0.0
2023-03-26 06:00:00,6,0.3,0.0
2023-03-26 07:00:00,7,1.9,0.0
2023-03-26 08:00:00,8,0.7,0.0
2023-03-26 09:00:00,9,7.4,0.0
2023-03-26 10:00:00,10,211.6,0.0
2023-03-26 11:00:00,11,613.0,0.0
2023-03-26 12:00:00,12,1427.0,0.0
2023-03-26 13:00:00,13,2202.0,0.0
2023-03-26 14:00:00,14,2895.6,0.0
2023-03-26 15:00:00,15,2378.4,0.0
2023-03-26 16:00:00,16,2151.1,0.0
2023-03-26 17:00:00,17,1263.3,0.4
2023-03-26 18:00:00,18,397.0,0.0
2023-03-26 19:00:00,19,394.5,0.0
2023-03-26 20:00:00,20,275.3,0.0
2023-03-26 21:00:00,21,64.4,0.0
2023-03-26 22:00:00,22,0.0,0.0
2023-03-26 23:00:00,23,0.0,0.0
2023-03-27 00:00:00,0,0.0,0.0
2023-03-27 01:00:00,1,,0.0
2023-03-27 02:00:00,2,0.0,0.0
2023-03-27 03:00:00,3,0.0,0.0
2023-03-27 04:00:00,4,0.0,0.0
2023-03-27 05:00:00,5,0.0,0.0
2023-03-27 06:00:00,6,0.0,0.0
2023-03-27 07:00:00,7,0.0,0.0
2023-03-27 08:00:00,8,0.7,0.0
2023-03-27 09:00:00,9,7.8,0.0
2023-03-27 10:00:00,10,226.0,0.0
2023-03-27 11:00:00,11,600.9,0.0
2023-03-27 12:00:00,12,1269.2,0.0
2023-03-27 13:00:00,13,1663.3,0.0
2023-03-27 14:00:00,14,2004.0,0.0
2023-03-27 15:00:00,15,1481.2,0.0
2023-03-27 16:00:00,16,2519.7,0.2
2023-03-27 17:00:00,17,2029.4,0.0
2023-03-27 18:00:00,18,1077.5,0.0
2023-03-27 19:00:00,19,1060.4,0.0
2023-03-27 20:00:00,20,567.2,3.4
2023-03-27 21:00:00,21,28.7,0.5
2023-03-27 22:00:00,22,0.7,0.0
2023-03-27 23:00:00,23,1.5,0.0
2023-03-28 00:00:00,0,2.3,0.0
2023-03-28 01:00:00,1,1.1,0.0
2023-03-28 02:00:00,2,1.1,0.0
2023-03-28 03:00:00,3,0.0,0.0
2023-03-28 04:00:00,4,0.2,0.0
2023-03-28 05:00:00,5,0.4,0.0
2023-03-28 06:00:00,6,1.4,0.0
2023-03-28 07:00:00,7,1.5,0.0
2023-03-28 08:00:00,8,2.6,0.0
2023-03-28 09:00:00,9,7.1,0.0
2023-03-28 10:00:00,10,195.9,0.0
2023-03-28 11:00:00,11,925.7,0.0
2023-03-28 12:00:00,12,1148.6,0.0
2023-03-28 13:00:00,13,1844.1,0.0
2023-03-28 14:00:00,14,2151.6,0.0
2023-03-28 15:00:00,15,2683.6,0.0
2023-03-28 16:00:00,16,3619.1,0.0
2023-03-28 17:00:00,17,530.9,0.3
2023-03-28 18:00:00,18,446.6,0.0
2023-03-28 19:00:00,19,583.1,0.0
2023-03-28 20:00:00,20,350.6,0.0
2023-03-28 21:00:00,21,28.3,0.0
2023-03-28 22:00:00,22,0.4,0.0
2023-03-28 23:00:00,23,0.2,0.0
2023-03-29 00:00:00,0,0.0,0.0
2023-03-29 01:00:00,1,0.0,0.0
2023-03-29 02:00:00,2,0.5,0.0
2023-03-29 03:00:00,3,0.6,0.0
2023-03-29 04:00:00,4,0.8,0.0
2023-03-29 05:00:00,5,0.2,0.0
2023-03-29 06:00:00,6,2.7,0.0
2023-03-29 07:00:00,7,3.1,0.0
2023-03-29 08:00:00,8,0.2,0.0
2023-03-29 09:00:00,9,8.8,0.0
2023-03-29 10:00:00,10,160.2,0.0
2023-03-29 11:00:00,11,570.2,0.0
2023-03-29 12:00:00,12,942.4,0.0
2023-03-29 13:00:00,13,1317.5,0.0
2023-03-29 14:00:00,14,923.9,0.0
2023-03-29 15:00:00,15,1124.1,0.0
2023-03-29 16:00:00,16,949.8,0.0
2023-03-29 17:00:00,17,1289.5,0.0
2023-03-29 18:00:00,18,945.0,0.0
2023-03-29 19:00:00,19,608.2,0.0
2023-03-29 20:00:00,20,448.6,0.0
2023-03-29 21:00:00,21,34.7,0.0
2023-03-29 22:00:00,22,0.5,0.0
2023-03-29 23:00:00,23,0.5,0.0
2023-03-30 00:00:00,0,0.8,0.0
2023-03-30 01:00:00,1,0.1,0.0
2023-03-30 02:00:00,2,0.0,0.0
2023-03-30 03:00:00,3,0.0,0.0
2023-03-30 04:00:00,4,0.0,0.0
2023-03-30 05:00:00,5,0.0,0.0
2023-03-30 06:00:00,6,0.0,0.0
2023-03-30 07:00:00,7,0.0,0.0
2023-03-30 08:00:00,8,0.0,0.0
2023-03-30 09:00:00,9,9.0,0.0
2023-03-30 10:00:00,10,298.5,0.0
2023-03-30 11:00:00,11,730.8,0.0
2023-03-30 12:00:00,12,1099.9,0.0
2023-03-30 13:00:00,13,2338.4,0.0
2023-03-30 14:00:00,14,1393.2,0.0
2023-03-30 15:00:00,15,2826.0,0.0
2023-03-30 16:00:00,16,3115.4,0.0
2023-03-30 17:00:00,17,2597.6,0.0
2023-03-30 18:00:00,18,1338.9,0.0
2023-03-30 19:00:00,19,997.3,3.1
2023-03-30 20:00:00,20,234.3,0.0
2023-03-30 21:00:00,21,75.7,0.0
2023-03-30 22:00:00,22,0.0,0.0
2023-03-30 23:00:00,23,0.0,0.0
2023-03-31 00:00:00,0,0.0,0.0
2023-03-31 01:00:00,1,0.0,0.0
2023-03-31 02:00:00,2,0.0,0.0
2023-03-31 03:00:00,3,0.0,0.0
2023-03-31 04:00:00,4,0.0,0.0
2023-03-31 05:00:00,5,0.0,0.0
2023-03-31 06:00:00,6,0.1,0.0
2023-03-31 07:00:00,7,1.1,0.0
2023-03-31 08:00:00,8,0.4,0.0
2023-03-31 09:00:00,9,8.6,0.0
2023-03-31 10:00:00,10,199.5,0.0
2023-03-31 11:00:00,11,1105.2,0.0
2023-03-31 12:00:00,12,1429.7,0.0
2023-03-31 13:00:00,13,2214.3,0.0
2023-03-31 14:00:00,14,1854.9,0.0
2023-03-31 15:00:00,15,1351.3,0.0
2023-03-31 16:00:00,16,2090.0,0.0
2023-03-31 17:00:00,17,2268.8,0.9
2023-03-31 18:00:00,18,1869.0,0.0
2023-03-31 19:00:00,19,442.5,2.8
2023-03-31 20:00:00,20,237.9,0.0
2023-03-31 21:00:00,21,40.0,0.0
2023-03-31 22:00:00,22,0.0,0.0
2023-03-31 23:00:00,23,0.0,0.0
2023-04-01 00:00:00,0,0.0,0.0
2023-04-01 01:00:00,1,0.0,0.0
2023-04-01 02:00:00,2,0.0,0.0
2023-04-01 03:00:00,3,0.0,0.0
2023-04-01 04:00:00,4,0.0,0.0
2023-04-01 05:00:00,5,0.0,0.0
2023-04-01 06:00:00,6,0.0,0.0
2023-04-01 07:00:00,7,0.0,0.0
2023-04-01 08:00:00,8,0.1,0.0
2023-04-01 09:00:00,9,8.5,0.0
2023-04-01 10:00:00,10,345.8,0.0
2023-04-01 11:00:00,11,821.5,0.0
2023-04-01 12:00:00,12,1125.4,0.0
2023-04-01 13:00:00,13,2280.5,0.0
2023-04-01 14:00:00,14,2253.7,0.0
2023-04-01 15:00:00,15,1183.2,0.0
2023-04-01 16:00:00,16,1059.2,0.0
2023-04-01 17:00:00,17,1617.3,5.9
2023-04-01 18:00:00,18,52.7,0.3
2023-04-01 19:00:00,19,29.7,0.0
2023-04-01 20:00:00,20,45.7,0.0
2023-04-01 21:00:00,21,12.4,0.0
2023-04-01 22:00:00,22,0.3,0.0
2023-04-01 23:00:00,23,0.2,0.0
2023-04-02 00:00:00,0,1.1,0.0
2023-04-02 01:00:00,1,0.4,0.0
2023-04-02 02:00:00,2,1.2,0.0
2023-04-02 03:00:00,3,1.4,0.0
2023-04-02 04:00:00,4,0.1,0.0
2023-04-02 05:00:00,5,0.1,0.0
2023-04-02 06:00:00,6,,
2023-04-02 07:00:00,7,2.4,0.0
2023-04-02 08:00:00,8,3.5,0.0
2023-04-02 09:00:00,9,9.6,0.0
2023-04-02 10:00:00,10,444.3,0.0
2023-04-02 11:00:00,11,976.7,0.0
2023-04-02 12:00:00,12,1806.9,0.0
2023-04-02 13:00:00,13,1688.8,0.0
2023-04-02 14:00:00,14,2547.9,0.0
2023-04-02 15:00:00,15,1690.5,0.0
2023-04-02 16:00:00,16,2179.0,0.0
2023-04-02 17:00:00,17,738.9,1.7
2023-04-02 18:00:00,18,198.0,0.0
2023-04-02 19:00:00,19,253.7,0.0
2023-04-02 20:00:00,20,182.3,0.0
2023-04-02 21:00:00,21,30.3,0.0
2023-04-02 22:00:00,22,1.0,0.0
2023-04-02 23:00:00,23,0.2,0.0
2023-04-03 00:00:00,0,0.2,0.0
2023-04-03 01:00:00,1,0.5,0.0
2023-04-03 02:00:00,2,1.3,0.0
2023-04-03 03:00:00,3,0.1,0.0
2023-04-03 04:00:00,4,0.7,0.0
2023-04-03 05:00:00,5,1.2,0.0
2023-04-03 06:00:00,6,0.8,0.0
2023-04-03 07:00:00,7,1.4,0.0
2023-04-03 08:00:00,8,1.6,0.0
2023-04-03 09:00:00,9,14.6,0.0
2023-04-03 10:00:00,10,243.7,0.0
2023-04-03 11:00:00,11,1052.7,0.0
2023-04-03 12:00:00,12,1641.9,0.0
2023-04-03 13:00:00,13,2726.4,0.0
2023-04-03 14:00:00,14,2541.4,0.0
2023-04-03 15:00:00,15,2438.1,0.0
2023-04-03 16:00:00,16,2977.2,0.0
2023-04-03 17:00:00,17,1767.2,0.0
2023-04-03 18:00:00,18,1945.5,0.0
2023-04-03 19:00:00,19,489.0,2.6
2023-04-03 20:00:00,20,41.1,0.0
2023-04-03 21:00:00,21,2.7,0.0
2023-04-03 22:00:00,22,1.3,0.0
2023-04-03 23:00:00,23,0.5,0.0
2023-04-04 00:00:00,0,2.1,0.0
2023-04-04 01:00:00,1,1.8,0.0
2023-04-04 02:00:00,2,1.8,0.0
2023-04-04 03:00:00,3,4.2,0.0
2023-04-04 04:00:00,4,4.4,0.0
2023-04-04 05:00:00,5,3.0,0.0
2023-04-04 06:00:00,6,1.9,0.0
2023-04-04 07:00:00,7,1.4,0.0
2023-04-04 08:00:00,8,2.0,0.0
2023-04-04 09:00:00,9,10.6,0.0
2023-04-04 10:00:00,10,195.9,0.0
2023-04-04 11:00:00,11,834.9,0.0
2023-04-04 12:00:00,12,1508.2,0.0
2023-04-04 13:00:00,13,2271.5,0.0
2023-04-04 14:00:00,14,2518.9,0.0
2023-04-04 15:00:00,15,2605.3,0.0
2023-04-04 16:00:00,16,3296.3,0.0
2023-04-04 17:00:00,17,2240.2,0.0
2023-04-04 18:00:00,18,2315.8,0.0
2023-04-04 19:00:00,19,523.7,0.0
2023-04-04 20:00:00,20,11.4,0.2
2023-04-04 21:00:00,21,5.7,0.0
2023-04-04 22:00:00,22,1.1,0.0
2023-04-04 23:00:00,23,0.2,0.0
2023-04-05 00:00:00,0,0.1,0.0
2023-04-05 01:00:00,1,0.1,0.0
2023-04-05 02:00:00,2,0.0,0.0
2023-04-05 03:00:00,3,0.0,0.0
2023-04-05 04:00:00,4,0.0,0.0
2023-04-05 05:00:00,5,0.6,0.0
2023-04-05 06:00:00,6,0.5,0.0
2023-04-05 07:00:00,7,1.1,0.0
2023-04-05 08:00:00,8,0.4,0.0
2023-04-05 09:00:00,9,13.9,0.0
2023-04-05 10:00:00,10,389.9,0.0
2023-04-05 11:00:00,11,1077.0,0.0
2023-04-05 12:00:00,12,1812.9,0.0
2023-04-05 13:00:00,13,1921.6,0.0
2023-04-05 14:00:00,14,2135.2,0.0
2023-04-05 15:00:00,15,2997.7,0.0
2023-04-05 16:00:00,16,3630.9,0.0
2023-04-05 17:00:00,17,2801.1,0.0
2023-04-05 18:00:00,18,1807.2,2.1
2023-04-05 19:00:00,19,573.4,0.0
2023-04-05 20:00:00,20,368.2,0.0
2023-04-05 21:00:00,21,28.9,0.0
2023-04-05 22:00:00,22,0.0,0.0
2023-04-05 23:00:00,23,0.0,0.0
2023-04-06 00:00:00,0,0.0,0.0
2023-04-06 01:00:00,1,0.0,0.0
2023-04-06 02:00:00,2,0.1,0.0
2023-04-06 03:00:00,3,0.1,0.0
2023-04-06 04:00:00,4,0.5,0.0
2023-04-06 05:00:00,5,0.0,0.0
2023-04-06 06:00:00,6,0.1,0.0
2023-04-06 07:00:00,7,0.4,0.0
2023-04-06 08:00:00,8,0.1,0.0
2023-04-06 09:00:00,9,9.9,0.0
2023-04-06 10:00:00,10,269.9,0.0
2023-04-06 11:00:00,11,996.9,0.0
2023-04-06 12:00:00,12,1326.8,0.0
2023-04-06 13:00:00,13,1900.7,0.0
2023-04-06 14:00:00,14,1166.9,0.1
2023-04-06 15:00:00,15,396.9,0.2
2023-04-06 16:00:00,16,687.3,0.0
2023-04-06 17:00:00,17,708.9,0.0
2023-04-06 18:00:00,18,897.1,0.0
2023-04-06 19:00:00,19,822.1,0.0
2023-04-06 20:00:00,20,311.9,0.0
2023-04-06 21:00:00,21,26.7,0.0
2023-04-06 22:00:00,22,0.1,0.0
2023-04-06 23:00:00,23,0.0,0.0
2023-04-07 00:00:00,0,0.0,0.0
2023-04-07 01:00:00,1,0.6,0.0
2023-04-07 02:00:00,2,1.9,0.0
2023-04-07 03:00:00,3,0.1,0.0
2023-04-07 04:00:00,4,0.9,0.0
2023-04-07 05:00:00,5,1.1,0.0
2023-04-07 06:00:00,6,0.1,0.0
2023-04-07 07:00:00,7,0.6,0.0
2023-04-07 08:00:00,8,1.7,0.0
2023-04-07 09:00:00,9,27.8,0.0
2023-04-07 10:00:00,10,535.9,0.0
2023-04-07 11:00:00,11,1135.0,0.0
2023-04-07 12:00:00,12,1124.1,0.0
2023-04-07 13:00:00,13,826.8,0.0
2023-04-07 14:00:00,14,2016.1,0.4
2023-04-07 15:00:00,15,2963.3,0.3
2023-04-07 16:00:00,16,2728.3,0.0
2023-04-07 17:00:00,17,602.3,0.0
2023-04-07 18:00:00,18,985.9,0.0
2023-04-07 19:00:00,19,836.5,0.1
2023-04-07 20:00:00,20,191.4,0.0
2023-04-07 21:00:00,21,47.1,0.0
2023-04-07 22:00:00,22,0.0,0.0
2023-04-07 23:00:00,23,0.2,0.0
2023-04-08 00:00:00,0,1.0,0.0
2023-04-08 01:00:00,1,2.5,0.0
2023-04-08 02:00:00,2,0.3,0.0
2023-04-08 03:00:00,3,0.3,0.0
2023-04-08 04:00:00,4,0.0,0.0
2023-04-08 05:00:00,5,0.0,0.0
2023-04-08 06:00:00,6,0.0,0.0
2023-04-08 07:00:00,7,0.4,0.0
2023-04-08 08:00:00,8,0.1,0.0
2023-04-08 09:00:00,9,14.5,0.0
2023-04-08 10:00:00,10,373.8,0.0
2023-04-08 11:00:00,11,1058.0,0.0
2023-04-08 12:00:00,12,996.3,0.0
2023-04-08 13:00:00,13,1705.3,0.0
2023-04-08 14:00:00,14,1923.7,0.0
2023-04-08 15:00:00,15,2010.7,0.1
2023-04-08 16:00:00,16,3125.4,0.0
2023-04-08 17:00:00,17,2325.1,0.0
2023-04-08 18:00:00,18,860.4,4.0
2023-04-08 19:00:00,19,23.7,0.0
2023-04-08 20:00:00,20,28.0,0.0
2023-04-08 21:00:00,21,19.6,0.0
2023-04-08 22:00:00,22,0.2,0.0
2023-04-08 23:00:00,23,1.7,0.0
2023-04-09 00:00:00,0,1.9,0.0
2023-04-09 01:00:00,1,2.6,0.0
2023-04-09 02:00:00,2,1.9,0.0
2023-04-09 03:00:00,3,2.1,0.0
2023-04-09 04:00:00,4,2.7,0.0
2023-04-09 05:00:00,5,4.6,0.0
2023-04-09 06:00:00,6,4.6,0.0
2023-04-09 07:00:00,7,0.9,0.0
2023-04-09 08:00:00,8,4.2,0.0
2023-04-09 09:00:00,9,17.1,0.0
2023-04-09 10:00:00,10,454.3,0.0
2023-04-09 11:00:00,11,1319.1,0.0
2023-04-09 12:00:00,12,1492.3,0.0
2023-04-09 13:00:00,13,1649.1,0.0
2023-04-09 14:00:00,14,2158.2,0.0
2023-04-09 15:00:00,15,2140.6,0.0
2023-04-09 16:00:00,16,2150.9,0.0
2023-04-09 17:00:00,17,2079.6,0.0
2023-04-09 18:00:00,18,1449.6,0.0
2023-04-09 19:00:00,19,990.4,0.0
2023-04-09 20:00:00,20,414.6,0.0
2023-04-09 21:00:00,21,65.6,0.0
2023-04-09 22:00:00,22,0.0,0.0
2023-04-09 23:00:00,23,0.0,0.0
2023-04-10 00:00:00,0,0.0,0.0
2023-04-10 01:00:00,1,0.0,0.0
2023-04-10 02:00:00,2,0.3,0.0
2023-04-10 03:00:00,3,0.0,0.0
2023-04-10 04:00:00,4,0.0,0.0
2023-04-10 05:00:00,5,0.3,0.0
2023-04-10 06:00:00,6,2.9,0.0
2023-04-10 07:00:00,7,0.8,0.0
2023-04-10 08:00:00,8,0.1,0.0
2023-04-10 09:00:00,9,10.5,0.0
2023-04-10 10:00:00,10,422.7,0.0
2023-04-10 11:00:00,11,736.3,0.0
2023-04-10 12:00:00,12,1468.1,0.0
2023-04-10 13:00:00,13,1535.9,0.0
2023-04-10 14:00:00,14,1910.5,0.0
2023-04-10 15:00:00,15,2536.6,0.0
2023-04-10 16:00:00,16,2684.1,0.0
2023-04-10 17:00:00,17,2739.5,0.0
2023-04-10 18:00:00,18,2287.9,0.0
2023-04-10 19:00:00,19,1339.0,0.3
2023-04-10 20:00:00,20,123.8,0.0
2023-04-10 21:00:00,21,33.8,0.0
2023-04-10 22:00:00,22,0.1,0.0
2023-04-10 23:00:00,23,0.1,0.0
2023-04-11 00:00:00,0,0.0,0.0
2023-04-11 01:00:00,1,0.0,0.0
2023-04-11 02:00:00,2,0.0,0.0
2023-04-11 03:00:00,3,0.2,0.0
2023-04-11 04:00:00,4,1.2,0.0
2023-04-11 05:00:00,5,0.0,0.0
2023-04-11 06:00:00,6,0.2,0.0
2023-04-11 07:00:00,7,0.8,0.0
2023-04-11 08:00:00,8,0.1,0.0
2023-04-11 09:00:00,9,11.1,0.0
2023-04-11 10:00:00,10,244.3,0.0
2023-04-11 11:00:00,11,954.7,0.0
2023-04-11 12:00:00,12,2090.6,0.2
2023-04-11 13:00:00,13,2467.6,3.7
2023-04-11 14:00:00,14,2972.0,0.4
2023-04-11 15:00:00,15,3157.6,0.5
2023-04-11 16:00:00,16,3449.7,2.7
2023-04-11 17:00:00,17,2725.6,2.8
2023-04-11 18:00:00,18,1513.3,2.5
2023-04-11 19:00:00,19,1630.6,0.7
2023-04-11 20:00:00,20,763.3,0.4
2023-04-11 21:00:00,21,70.3,0.0
2023-04-11 22:00:00,22,0.0,1.4
2023-04-11 23:00:00,23,0.0,0.0
2023-04-12 00:00:00,0,0.0,0.0
2023-04-12 01:00:00,1,0.0,0.0
2023-04-12 02:00:00,2,0.0,0.0
2023-04-12 03:00:00,3,0.0,0.0
2023-04-12 04:00:00,4,0.0,0.0
2023-04-12 05:00:00,5,0.0,0.0
2023-04-12 06:00:00,6,0.0,0.0
2023-04-12 07:00:00,7,0.0,0.0
2023-04-12 08:00:00,8,0.0,0.0
2023-04-12 09:00:00,9,18.8,0.0
2023-04-12 10:00:00,10,548.2,0.0
2023-04-12 11:00:00,11,1278.4,0.7
2023-04-12 12:00:00,12,1846.6,0.0
2023-04-12 13:00:00,13,2663.1,0.0
2023-04-12 14:00:00,14,3209.2,1.4
2023-04-12 15:00:00,15,3609.3,2.2
2023-04-12 16:00:00,16,3409.7,2.0
2023-04-12 17:00:00,17,2493.1,2.2
2023-04-12 18:00:00,18,2159.9,2.4
2023-04-12 19:00:00,19,1798.3,1.9
2023-04-12 20:00:00,20,825.2,1.4
2023-04-12 21:00:00,21,70.9,0.0
2023-04-12 22:00:00,22,0.0,0.0
2023-04-12 23:00:00,23,0.3,0.0
2023-04-13 00:00:00,0,0.0,0.0
2023-04-13 01:00:00,1,0.0,0.0
2023-04-13 02:00:00,2,0.0,0.0
2023-04-13 03:00:00,3,0.0,0.0
2023-04-13 04:00:00,4,0.0,0.0
2023-04-13 05:00:00,5,0.0,0.0
2023-04-13 06:00:00,6,0.0,0.0
2023-04-13 07:00:00,7,0.0,0.0
2023-04-13 08:00:00,8,0.0,0.0
2023-04-13 09:00:00,9,25.4,0.0
2023-04-13 10:00:00,10,518.4,0.0
2023-04-13 11:00:00,11,967.5,0.0
2023-04-13 12:00:00,12,1853.6,0.6
2023-04-13 13:00:00,13,2160.1,1.7
2023-04-13 14:00:00,14,2332.7,2.1
2023-04-13 15:00:00,15,3048.3,0.3
2023-04-13 16:00:00,16,2809.3,0.5
2023-04-13 17:00:00,17,1877.1,2.0
2023-04-13 18:00:00,18,1798.3,1.2
2023-04-13 19:00:00,19,1547.1,0.0
2023-04-13 20:00:00,20,439.0,0.2
2023-04-13 21:00:00,21,64.8,1.2
2023-04-13 22:00:00,22,0.0,1.6
2023-04-13 23:00:00,23,0.0,1.7
2023-04-14 00:00:00,0,0.2,0.3
2023-04-14 01:00:00,1,,0.0
2023-04-14 02:00:00,2,0.0,0.0
2023-04-14 03:00:00,3,0.2,0.0
2023-04-14 04:00:00,4,0.1,0.0
2023-04-14 05:00:00,5,0.0,0.0
2023-04-14 06:00:00,6,0.0,0.0
2023-04-14 07:00:00,7,0.0,0.0
2023-04-14 08:00:00,8,0.0,0.0
2023-04-14 09:00:00,9,21.2,0.0
2023-04-14 10:00:00,10,479.5,0.0
2023-04-14 11:00:00,11,1283.7,0.0
2023-04-14 12:00:00,12,1949.2,0.0
2023-04-14 13:00:00,13,2237.2,0.0
2023-04-14 14:00:00,14,2379.0,0.9
2023-04-14 15:00:00,15,2123.2,0.0
2023-04-14 16:00:00,16,1789.6,0.0
2023-04-14 17:00:00,17,1580.2,0.4
2023-04-14 18:00:00,18,1410.7,0.0
2023-04-14 19:00:00,19,1153.4,1.8
2023-04-14 20:00:00,20,409.8,2.2
2023-04-14 21:00:00,21,45.2,0.0
2023-04-14 22:00:00,22,0.0,0.0
2023-04-14 23:00:00,23,0.0,0.0
2023-04-15 00:00:00,0,0.0,0.0
2023-04-15 01:00:00,1,0.0,0.0
2023-04-15 02:00:00,2,0.4,0.0
2023-04-15 03:00:00,3,0.5,0.0
2023-04-15 04:00:00,4,0.0,0.0
2023-04-15 05:00:00,5,0.5,0.0
2023-04-15 06:00:00,6,0.0,0.0
2023-04-15 07:00:00,7,0.0,0.0
2023-04-15 08:00:00,8,0.6,0.0
2023-04-15 09:00:00,9,12.1,0.0
2023-04-15 10:00:00,10,456.0,0.0
2023-04-15 11:00:00,11,1324.5,0.0
2023-04-15 12:00:00,12,1614.5,0.0
2023-04-15 13:00:00,13,1912.8,1.8
2023-04-15 14:00:00,14,1895.2,0.1
2023-04-15 15:00:00,15,1164.5,0.0
2023-04-15 16:00:00,16,1732.2,0.2
2023-04-15 17:00:00,17,2348.9,0.0
2023-04-15 18:00:00,18,1668.3,0.0
2023-04-15 19:00:00,19,1283.9,0.0
2023-04-15 20:00:00,20,415.3,0.0
2023-04-15 21:00:00,21,40.2,3.0
2023-04-15 22:00:00,22,0.0,0.0
2023-04-15 23:00:00,23,0.0,0.0
2023-04-16 00:00:00,0,0.1,0.0
2023-04-16 01:00:00,1,0.1,0.0
2023-04-16 02:00:00,2,0.3,0.0
2023-04-16 03:00:00,3,0.5,0.0
2023-04-16 04:00:00,4,1.2,0.0
2023-04-16 05:00:00,5,1.1,0.0
2023-04-16 06:00:00,6,3.9,0.0
2023-04-16 07:00:00,7,1.7,0.0
2023-04-16 08:00:00,8,3.8,0.0
2023-04-16 09:00:00,9,20.0,0.0
2023-04-16 10:00:00,10,290.4,0.0
2023-04-16 11:00:00,11,1071.1,0.0
2023-04-16 12:00:00,12,1998.1,0.2
2023-04-16 13:00:00,13,2500.8,0.0
2023-04-16 14:00:00,14,2489.4,0.0
2023-04-16 15:00:00,15,2451.7,0.0
2023-04-16 16:00:00,16,2969.0,1.0
2023-04-16 17:00:00,17,2514.4,1.0
2023-04-16 18:00:00,18,704.2,0.1
2023-04-16 19:00:00,19,231.9,0.0
2023-04-16 20:00:00,20,103.2,2.0
2023-04-16 21:00:00,21,8.8,0.0
2023-04-16 22:00:00,22,1.9,0.0
2023-04-16 23:00:00,23,0.8,0.0
2023-04-17 00:00:00,0,1.9,0.0
2023-04-17 01:00:00,1,1.0,0.0
2023-04-17 02:00:00,2,1.5,0.0
2023-04-17 03:00:00,3,3.5,0.0
2023-04-17 04:00:00,4,5.7,0.0
2023-04-17 05:00:00,5,6.0,0.0
2023-04-17 06:00:00,6,4.2,0.0
2023-04-17 07:00:00,7,5.7,0.0
2023-04-17 08:00:00,8,4.4,0.0
2023-04-17 09:00:00,9,15.7,0.0
2023-04-17 10:00:00,10,276.5,0.0
2023-04-17 11:00:00,11,754.4,0.0
2023-04-17 12:00:00,12,1297.4,0.0
2023-04-17 13:00:00,13,1763.1,0.0
2023-04-17 14:00:00,14,2010.9,1.3
2023-04-17 15:00:00,15,3514.0,0.9
2023-04-17 16:00:00,16,2817.0,0.5
2023-04-17 17:00:00,17,2776.3,2.0
2023-04-17 18:00:00,18,2387.1,2.4
2023-04-17 19:00:00,19,1499.7,3.3
2023-04-17 20:00:00,20,416.7,0.2
2023-04-17 21:00:00,21,33.6,1.3
2023-04-17 22:00:00,22,0.0,0.0
2023-04-17 23:00:00,23,0.3,0.0
2023-04-18 00:00:00,0,0.2,0.0
2023-04-18 01:00:00,1,0.0,0.0
2023-04-18 02:00:00,2,0.0,0.0
2023-04-18 03:00:00,3,0.8,0.0
2023-04-18 04:00:00,4,0.7,0.0
2023-04-18 05:00:00,5,3.7,0.0
2023-04-18 06:00:00,6,1.4,0.0
2023-04-18 07:00:00,7,1.7,0.0
2023-04-18 08:00:00,8,3.2,0.0
2023-04-18 09:00:00,9,16.1,0.0
2023-04-18 10:00:00,10,469.0,0.0
2023-04-18 11:00:00,11,1404.7,0.0
2023-04-18 12:00:00,12,1884.9,0.0
2023-04-18 13:00:00,13,2032.2,0.0
2023-04-18 14:00:00,14,2256.3,0.1
2023-04-18 15:00:00,15,1736.5,1.8
2023-04-18 16:00:00,16,1852.1,5.4
2023-04-18 17:00:00,17,872.9,0.1
2023-04-18 18:00:00,18,1420.7,1.3
2023-04-18 19:00:00,19,1211.0,0.0
2023-04-18 20:00:00,20,443.6,0.0
2023-04-18 21:00:00,21,38.1,0.0
2023-04-18 22:00:00,22,0.0,0.0
2023-04-18 23:00:00,23,0.1,0.0
2023-04-19 00:00:00,0,0.0,0.0
2023-04-19 01:00:00,1,0.0,0.0
2023-04-19 02:00:00,2,2.0,0.0
2023-04-19 03:00:00,3,3.3,0.0
2023-04-19 04:00:00,4,2.6,0.0
2023-04-19 05:00:00,5,1.9,0.0
2023-04-19 06:00:00,6,1.7,0.0
2023-04-19 07:00:00,7,2.7,0.0
2023-04-19 08:00:00,8,3.4,0.0
2023-04-19 09:00:00,9,20.4,0.0
2023-04-19 10:00:00,10,486.5,0.0
2023-04-19 11:00:00,11,1247.8,0.0
2023-04-19 12:00:00,12,2011.9,0.0
2023-04-19 13:00:00,13,2337.0,0.0
2023-04-19 14:00:00,14,2915.9,0.0
2023-04-19 15:00:00,15,2512.2,0.0
2023-04-19 16:00:00,16,3172.4,0.0
2023-04-19 17:00:00,17,2532.5,0.0
2023-04-19 18:00:00,18,1744.4,0.5
2023-04-19 19:00:00,19,1667.2,4.0
2023-04-19 20:00:00,20,607.4,1.8
2023-04-19 21:00:00,21,15.1,0.0
2023-04-19 22:00:00,22,0.0,0.0
2023-04-19 23:00:00,23,0.9,0.0
2023-04-20 00:00:00,0,0.1,0.0
2023-04-20 01:00:00,1,0.6,0.0
2023-04-20 02:00:00,2,0.0,0.0
2023-04-20 03:00:00,3,3.1,0.0
2023-04-20 04:00:00,4,0.8,0.0
2023-04-20 05:00:00,5,0.7,0.0
2023-04-20 06:00:00,6,2.2,0.0
2023-04-20 07:00:00,7,2.7,0.0
2023-04-20 08:00:00,8,1.1,0.0
2023-04-20 09:00:00,9,35.2,0.0
2023-04-20 10:00:00,10,434.0,0.0
2023-04-20 11:00:00,11,1136.3,0.0
2023-04-20 12:00:00,12,1536.0,0.0
2023-04-20 13:00:00,13,1694.2,0.3
2023-04-20 14:00:00,14,1934.4,0.0
2023-04-20 15:00:00,15,2469.6,1.6
2023-04-20 16:00:00,16,2463.1,0.4
2023-04-20 17:00:00,17,1885.4,1.3
2023-04-20 18:00:00,18,2211.1,4.5
2023-04-20 19:00:00,19,89.8,0.0
2023-04-20 20:00:00,20,126.6,0.0
2023-04-20 21:00:00,21,29.9,0.0
2023-04-20 22:00:00,22,0.8,0.0
2023-04-20 23:00:00,23,2.2,0.0
2023-04-21 00:00:00,0,2.4,0.0
2023-04-21 01:00:00,1,1.2,0.0
2023-04-21 02:00:00,2,2.1,0.0
2023-04-21 03:00:00,3,1.0,0.0
2023-04-21 04:00:00,4,2.9,0.0
2023-04-21 05:00:00,5,2.6,0.0
2023-04-21 06:00:00,6,4.0,0.0
2023-04-21 07:00:00,7,4.0,0.0
2023-04-21 08:00:00,8,2.6,0.0
2023-04-21 09:00:00,9,15.4,0.0
2023-04-21 10:00:00,10,250.6,0.0
2023-04-21 11:00:00,11,916.6,0.0
2023-04-21 12:00:00,12,1571.4,0.0
2023-04-21 13:00:00,13,1980.1,0.0
2023-04-21 14:00:00,14,2853.2,0.8
2023-04-21 15:00:00,15,3181.6,0.0
2023-04-21 16:00:00,16,3364.9,1.3
2023-04-21 17:00:00,17,2662.7,1.9
2023-04-21 18:00:00,18,1978.3,0.9
2023-04-21 19:00:00,19,1573.7,1.3
2023-04-21 20:00:00,20,553.8,0.0
2023-04-21 21:00:00,21,70.6,0.0
2023-04-21 22:00:00,22,0.0,1.5
2023-04-21 23:00:00,23,0.0,0.0
2023-04-22 00:00:00,0,0.0,0.0
2023-04-22 01:00:00,1,0.0,0.0
2023-04-22 02:00:00,2,0.0,0.0
2023-04-22 03:00:00,3,0.0,0.0
2023-04-22 04:00:00,4,0.0,0.0
2023-04-22 05:00:00,5,0.0,0.0
2023-04-22 06:00:00,6,0.0,0.0
2023-04-22 07:00:00,7,0.0,0.0
2023-04-22 08:00:00,8,0.6,0.0
2023-04-22 09:00:00,9,12.3,0.0
2023-04-22 10:00:00,10,400.3,0.0
2023-04-22 11:00:00,11,1382.4,0.0
2023-04-22 12:00:00,12,1841.8,2.0
2023-04-22 13:00:00,13,2598.6,2.9
2023-04-22 14:00:00,14,3083.3,4.0
2023-04-22 15:00:00,15,2812.4,2.5
2023-04-22 16:00:00,16,2745.2,0.5
2023-04-22 17:00:00,17,2767.7,0.9
2023-04-22 18:00:00,18,2251.4,1.2
2023-04-22 19:00:00,19,1505.6,0.0
2023-04-22 20:00:00,20,602.0,0.0
2023-04-22 21:00:00,21,35.5,0.0
2023-04-22 22:00:00,22,0.0,0.0
2023-04-22 23:00:00,23,0.0,0.0
2023-04-23 00:00:00,0,0.0,0.0
2023-04-23 01:00:00,1,0.0,0.0
2023-04-23 02:00:00,2,0.0,0.0
2023-04-23 03:00:00,3,0.0,0.0
2023-04-23 04:00:00,4,0.0,0.0
2023-04-23 05:00:00,5,0.0,0.0
2023-04-23 06:00:00,6,0.0,0.0
2023-04-23 07:00:00,7,0.0,0.0
2023-04-23 08:00:00,8,0.6,0.0
2023-04-23 09:00:00,9,21.7,0.0
2023-04-23 10:00:00,10,438.6,0.0
2023-04-23 11:00:00,11,941.3,0.0
2023-04-23 12:00:00,12,1965.6,0.4
2023-04-23 13:00:00,13,2476.8,0.7
2023-04-23 14:00:00,14,3087.1,3.3
2023-04-23 15:00:00,15,3473.8,1.6
2023-04-23 16:00:00,16,3107.4,3.2
2023-04-23 17:00:00,17,2899.3,2.5
2023-04-23 18:00:00,18,1963.9,1.4
2023-04-23 19:00:00,19,856.2,0.0
2023-04-23 20:00:00,20,508.8,0.5
2023-04-23 21:00:00,21,77.3,0.0
2023-04-23 22:00:00,22,0.0,0.0
2023-04-23 23:00:00,23,0.0,0.2
2023-04-24 00:00:00,0,0.0,0.0
2023-04-24 01:00:00,1,,0.0
2023-04-24 02:00:00,2,0.0,0.0
2023-04-24 03:00:00,3,0.0,0.0
2023-04-24 04:00:00,4,0.0,0.0
2023-04-24 05:00:00,5,0.2,0.0
2023-04-24 06:00:00,6,0.0,0.0
2023-04-24 07:00:00,7,0.1,0.0
2023-04-24 08:00:00,8,1.9,0.0
2023-04-24 09:00:00,9,13.1,0.0
2023-04-24 10:00:00,10,529.9,0.0
2023-04-24 11:00:00,11,1417.1,0.0
2023-04-24 12:00:00,12,1844.1,0.0
2023-04-24 13:00:00,13,2572.0,0.9
2023-04-24 14:00:00,14,3285.3,1.3
2023-04-24 15:00:00,15,2792.2,1.1
2023-04-24 16:00:00,16,2926.9,1.1
2023-04-24 17:00:00,17,2781.9,1.3
2023-04-24 18:00:00,18,1902.7,1.0
2023-04-24 19:00:00,19,899.5,2.3
2023-04-24 20:00:00,20,387.5,0.0
2023-04-24 21:00:00,21,58.0,0.0
2023-04-24 22:00:00,22,0.0,0.0
2023-04-24 23:00:00,23,0.0,0.0
2023-04-25 00:00:00,0,0.0,0.0
2023-04-25 01:00:00,1,0.0,0.0
2023-04-25 02:00:00,2,0.0,0.0
2023-04-25 03:00:00,3,0.0,0.0
2023-04-25 04:00:00,4,0.0,0.0
2023-04-25 05:00:00,5,0.0,0.0
2023-04-25 06:00:00,6,0.0,0.0
2023-04-25 07:00:00,7,0.0,0.0
2023-04-25 08:00:00,8,0.1,0.0
2023-04-25 09:00:00,9,17.9,0.0
2023-04-25 10:00:00,10,308.6,0.0
2023-04-25 11:00:00,11,978.2,0.0
2023-04-25 12:00:00,12,1753.2,0.0
2023-04-25 13:00:00,13,2225.8,1.8
2023-04-25 14:00:00,14,2244.6,1.0
2023-04-25 15:00:00,15,2923.3,1.4
2023-04-25 16:00:00,16,2962.8,3.0
2023-04-25 17:00:00,17,2630.5,1.4
2023-04-25 18:00:00,18,909.4,1.4
2023-04-25 19:00:00,19,531.4,0.0
2023-04-25 20:00:00,20,306.5,0.0
2023-04-25 21:00:00,21,51.7,0.0
2023-04-25 22:00:00,22,0.9,0.0
2023-04-25 23:00:00,23,0.8,0.0
2023-04-26 00:00:00,0,0.9,0.0
2023-04-26 01:00:00,1,1.1,0.0
2023-04-26 02:00:00,2,0.8,0.0
2023-04-26 03:00:00,3,0.0,0.0
2023-04-26 04:00:00,4,0.0,0.0
2023-04-26 05:00:00,5,3.1,0.0
2023-04-26 06:00:00,6,1.8,0.0
2023-04-26 07:00:00,7,1.6,0.0
2023-04-26 08:00:00,8,3.9,0.0
2023-04-26 09:00:00,9,19.9,0.0
2023-04-26 10:00:00,10,131.6,0.0
2023-04-26 11:00:00,11,1073.8,0.0
2023-04-26 12:00:00,12,1709.2,0.0
2023-04-26 13:00:00,13,2222.1,0.2
2023-04-26 14:00:00,14,3302.4,3.3
2023-04-26 15:00:00,15,3397.4,2.4
2023-04-26 16:00:00,16,2172.3,0.9
2023-04-26 17:00:00,17,2186.9,0.0
2023-04-26 18:00:00,18,1064.6,4.2
2023-04-26 19:00:00,19,116.6,0.6
2023-04-26 20:00:00,20,53.1,0.0
2023-04-26 21:00:00,21,15.1,0.0
2023-04-26 22:00:00,22,1.8,0.0
2023-04-26 23:00:00,23,2.4,0.0
2023-04-27 00:00:00,0,5.8,0.0
2023-04-27 01:00:00,1,4.2,0.0
2023-04-27 02:00:00,2,2.9,0.0
2023-04-27 03:00:00,3,4.9,0.0
2023-04-27 04:00:00,4,5.3,0.0
2023-04-27 05:00:00,5,5.7,0.0
2023-04-27 06:00:00,6,5.8,0.0
2023-04-27 07:00:00,7,3.0,0.0
2023-04-27 08:00:00,8,4.0,0.0
2023-04-27 09:00:00,9,10.8,0.0
2023-04-27 10:00:00,10,94.9,0.0
2023-04-27 11:00:00,11,400.4,0.0
2023-04-27 12:00:00,12,643.5,0.0
2023-04-27 13:00:00,13,996.5,0.0
2023-04-27 14:00:00,14,1606.9,0.0
2023-04-27 15:00:00,15,1308.4,0.0
2023-04-27 16:00:00,16,679.6,1.0
2023-04-27 17:00:00,17,292.0,0.0
2023-04-27 18:00:00,18,488.6,0.0
2023-04-27 19:00:00,19,380.5,0.0
2023-04-27 20:00:00,20,245.3,0.0
2023-04-27 21:00:00,21,50.7,0.0
2023-04-27 22:00:00,22,1.0,0.0
2023-04-27 23:00:00,23,0.0,0.0
2023-04-28 00:00:00,0,0.2,0.0
2023-04-28 01:00:00,1,1.1,0.0
2023-04-28 02:00:00,2,3.3,0.0
2023-04-28 03:00:00,3,3.2,0.0
2023-04-28 04:00:00,4,3.4,0.0
2023-04-28 05:00:00,5,4.7,0.0
2023-04-28 06:00:00,6,5.8,0.0
2023-04-28 07:00:00,7,5.0,0.0
2023-04-28 08:00:00,8,3.3,0.0
2023-04-28 09:00:00,9,24.1,0.0
2023-04-28 10:00:00,10,436.5,0.0
2023-04-28 11:00:00,11,1424.0,0.0
2023-04-28 12:00:00,12,2139.0,0.0
2023-04-28 13:00:00,13,3072.1,0.0
2023-04-28 14:00:00,14,3243.2,0.0
2023-04-28 15:00:00,15,2103.3,0.0
2023-04-28 16:00:00,16,1910.3,0.0
2023-04-28 17:00:00,17,1705.6,0.0
2023-04-28 18:00:00,18,1683.3,0.0
2023-04-28 19:00:00,19,530.6,2.4
2023-04-28 20:00:00,20,193.3,1.4
2023-04-28 21:00:00,21,20.6,0.0
2023-04-28 22:00:00,22,0.1,0.0
2023-04-28 23:00:00,23,1.6,0.0
2023-04-29 00:00:00,0,0.8,0.0
2023-04-29 01:00:00,1,0.9,0.0
2023-04-29 02:00:00,2,1.8,0.0
2023-04-29 03:00:00,3,1.1,0.0
2023-04-29 04:00:00,4,3.2,0.0
2023-04-29 05:00:00,5,0.9,0.0
2023-04-29 06:00:00,6,0.0,0.0
2023-04-29 07:00:00,7,0.3,0.0
2023-04-29 08:00:00,8,1.0,0.0
2023-04-29 09:00:00,9,30.4,0.0
2023-04-29 10:00:00,10,296.6,0.0
2023-04-29 11:00:00,11,915.8,0.0
2023-04-29 12:00:00,12,1566.6,0.0
2023-04-29 13:00:00,13,2378.4,0.0
2023-04-29 14:00:00,14,2816.2,0.0
2023-04-29 15:00:00,15,3429.8,0.0
2023-04-29 16:00:00,16,2297.0,0.0
2023-04-29 17:00:00,17,1491.8,0.0
2023-04-29 18:00:00,18,1878.3,0.0
2023-04-29 19:00:00,19,437.2,0.0
2023-04-29 20:00:00,20,155.6,0.0
2023-04-29 21:00:00,21,46.8,0.0
2023-04-29 22:00:00,22,0.8,0.0
2023-04-29 23:00:00,23,2.0,0.0
2023-04-30 00:00:00,0,0.1,0.0
2023-04-30 01:00:00,1,0.0,0.0
2023-04-30 02:00:00,2,0.0,0.0
2023-04-30 03:00:00,3,0.4,0.0
2023-04-30 04:00:00,4,0.0,0.0
2023-04-30 05:00:00,5,0.2,0.0
2023-04-30 06:00:00,6,0.1,0.0
2023-04-30 07:00:00,7,0.3,0.0
2023-04-30 08:00:00,8,0.9,0.0
2023-04-30 09:00:00,9,18.8,0.0
2023-04-30 10:00:00,10,290.5,0.0
2023-04-30 11:00:00,11,953.9,0.0
2023-04-30 12:00:00,12,1312.5,0.0
2023-04-30 13:00:00,13,1943.9,0.0
2023-04-30 14:00:00,14,1963.0,0.0
2023-04-30 15:00:00,15,3232.4,0.0
2023-04-30 16:00:00,16,3473.9,0.0
2023-04-30 17:00:00,17,3027.3,0.1
2023-04-30 18:00:00,18,2421.9,0.0
2023-04-30 19:00:00,19,981.8,0.0
2023-04-30 20:00:00,20,397.4,0.0
2023-04-30 21:00:00,21,29.6,0.0
2023-04-30 22:00:00,22,0.2,0.0
2023-04-30 23:00:00,23,0.0,0.0
2023-05-01 00:00:00,0,0.0,0.0
2023-05-01 01:00:00,1,0.0,0.0
2023-05-01 02:00:00,2,0.0,0.0
2023-05-01 03:00:00,3,0.0,0.0
2023-05-01 04:00:00,4,0.1,0.0
2023-05-01 05:00:00,5,0.1,0.0
2023-05-01 06:00:00,6,0.1,0.0
2023-05-01 07:00:00,7,0.0,0.0
2023-05-01 08:00:00,8,0.4,0.0
2023-05-01 09:00:00,9,14.2,0.0
2023-05-01 10:00:00,10,229.0,0.0
2023-05-01 11:00:00,11,573.1,0.0
2023-05-01 12:00:00,12,734.5,0.0
2023-05-01 13:00:00,13,1024.7,0.0
2023-05-01 14:00:00,14,1189.7,0.0
2023-05-01 15:00:00,15,1372.5,0.0
2023-05-01 16:00:00,16,1253.2,0.0
2023-05-01 17:00:00,17,1281.7,0.0
2023-05-01 18:00:00,18,1317.5,0.0
2023-05-01 19:00:00,19,884.1,0.4
2023-05-01 20:00:00,20,306.1,0.0
2023-05-01 21:00:00,21,31.4,0.0
2023-05-01 22:00:00,22,0.0,0.0
2023-05-01 23:00:00,23,0.0,0.0
2023-05-02 00:00:00,0,0.0,0.0
2023-05-02 01:00:00,1,0.0,0.0
2023-05-02 02:00:00,2,0.6,0.0
2023-05-02 03:00:00,3,0.0,0.0
2023-05-02 04:00:00,4,0.2,0.0
2023-05-02 05:00:00,5,0.2,0.0
2023-05-02 06:00:00,6,0.0,0.0
2023-05-02 07:00:00,7,0.3,0.0
2023-05-02 08:00:00,8,0.2,0.0
2023-05-02 09:00:00,9,25.1,0.0
2023-05-02 10:00:00,10,271.1,0.0
2023-05-02 11:00:00,11,1197.3,0.0
2023-05-02 12:00:00,12,2003.4,0.0
2023-05-02 13:00:00,13,2303.5,0.0
2023-05-02 14:00:00,14,2774.8,0.0
2023-05-02 15:00:00,15,2377.1,0.0
2023-05-02 16:00:00,16,3034.4,0.1
2023-05-02 17:00:00,17,2487.4,0.0
2023-05-02 18:00:00,18,2168.7,0.0
2023-05-02 19:00:00,19,998.8,0.0
2023-05-02 20:00:00,20,196.8,0.0
2023-05-02 21:00:00,21,16.6,0.0
2023-05-02 22:00:00,22,0.0,0.1
2023-05-02 23:00:00,23,0.0,0.0
2023-05-03 00:00:00,0,0.0,0.0
2023-05-03 01:00:00,1,0.1,0.0
2023-05-03 02:00:00,2,0.0,0.0
2023-05-03 03:00:00,3,0.4,0.0
2023-05-03 04:00:00,4,0.0,0.0
2023-05-03 05:00:00,5,0.0,0.0
2023-05-03 06:00:00,6,0.0,0.0
2023-05-03 07:00:00,7,0.0,0.0
2023-05-03 08:00:00,8,0.0,0.0
2023-05-03 09:00:00,9,18.3,0.0
2023-05-03 10:00:00,10,550.2,0.0
2023-05-03 11:00:00,11,1240.7,0.0
2023-05-03 12:00:00,12,1926.9,0.0
2023-05-03 13:00:00,13,2545.1,0.0
2023-05-03 14:00:00,14,2589.9,0.0
2023-05-03 15:00:00,15,2907.7,0.0
2023-05-03 16:00:00,16,3474.0,0.3
2023-05-03 17:00:00,17,2932.5,0.0
2023-05-03 18:00:00,18,2010.5,0.0
2023-05-03 19:00:00,19,877.3,0.0
2023-05-03 20:00:00,20,345.0,0.2
2023-05-03 21:00:00,21,33.3,0.0
2023-05-03 22:00:00,22,0.0,0.2
2023-05-03 23:00:00,23,0.0,0.0
2023-05-04 00:00:00,0,0.0,0.0
2023-05-04 01:00:00,1,0.0,0.0
2023-05-04 02:00:00,2,0.2,0.0
2023-05-04 03:00:00,3,0.0,0.0
2023-05-04 04:00:00,4,0.0,0.0
2023-05-04 05:00:00,5,0.0,0.0
2023-05-04 06:00:00,6,0.0,0.0
2023-05-04 07:00:00,7,0.0,0.0
2023-05-04 08:00:00,8,0.0,0.0
2023-05-04 09:00:00,9,24.7,0.0
2023-05-04 10:00:00,10,506.0,0.0
2023-05-04 11:00:00,11,1098.3,0.0
2023-05-04 12:00:00,12,1068.5,0.0
2023-05-04 13:00:00,13,1617.2,0.0
2023-05-04 14:00:00,14,2803.2,0.2
2023-05-04 15:00:00,15,3679.6,1.1
2023-05-04 16:00:00,16,3022.4,0.0
2023-05-04 17:00:00,17,2631.4,0.0
2023-05-04 18:00:00,18,1433.7,0.4
2023-05-04 19:00:00,19,1101.3,0.0
2023-05-04 20:00:00,20,616.0,0.0
2023-05-04 21:00:00,21,21.8,0.0
2023-05-04 22:00:00,22,0.0,0.0
2023-05-04 23:00:00,23,0.1,0.0
2023-05-05 00:00:00,0,0.4,0.0
2023-05-05 01:00:00,1,0.0,0.0
2023-05-05 02:00:00,2,0.0,0.0
2023-05-05 03:00:00,3,0.0,0.0
2023-05-05 04:00:00,4,0.0,0.0
2023-05-05 05:00:00,5,0.0,0.0
2023-05-05 06:00:00,6,0.0,0.0
2023-05-05 07:00:00,7,0.3,0.0
2023-05-05 08:00:00,8,0.4,0.0
2023-05-05 09:00:00,9,26.1,0.0
2023-05-05 10:00:00,10,361.7,0.0
2023-05-05 11:00:00,11,1321.9,0.0
2023-05-05 12:00:00,12,1960.8,0.0
2023-05-05 13:00:00,13,2262.1,0.0
2023-05-05 14:00:00,14,2437.9,0.0
2023-05-05 15:00:00,15,3032.0,0.0
2023-05-05 16:00:00,16,3375.8,0.6
2023-05-05 17:00:00,17,2942.3,0.0
2023-05-05 18:00:00,18,2334.5,0.0
2023-05-05 19:00:00,19,1342.6,0.0
2023-05-05 20:00:00,20,639.2,0.0
2023-05-05 21:00:00,21,38.0,0.0
2023-05-05 22:00:00,22,0.8,0.0
2023-05-05 23:00:00,23,0.0,0.0
2023-05-06 00:00:00,0,0.0,0.0
2023-05-06 01:00:00,1,0.0,0.0
2023-05-06 02:00:00,2,0.0,0.0
2023-05-06 03:00:00,3,0.0,0.0
2023-05-06 04:00:00,4,0.0,0.0
2023-05-06 05:00:00,5,0.0,0.0
2023-05-06 06:00:00,6,0.0,0.0
2023-05-06 07:00:00,7,0.0,0.0
2023-05-06 08:00:00,8,0.0,0.0
2023-05-06 09:00:00,9,29.7,0.0
2023-05-06 10:00:00,10,561.3,0.0
2023-05-06 11:00:00,11,1290.2,0.0
2023-05-06 12:00:00,12,1952.2,0.0
2023-05-06 13:00:00,13,2795.8,0.0
2023-05-06 14:00:00,14,2669.1,0.5
2023-05-06 15:00:00,15,3198.4,0.2
2023-05-06 16:00:00,16,3310.7,0.0
2023-05-06 17:00:00,17,2723.4,0.0
2023-05-06 18:00:00,18,2410.8,0.2
2023-05-06 19:00:00,19,1456.2,0.0
2023-05-06 20:00:00,20,635.6,0.0
2023-05-06 21:00:00,21,41.4,0.0
2023-05-06 22:00:00,22,0.0,0.0
2023-05-06 23:00:00,23,0.1,0.0
2023-05-07 00:00:00,0,0.0,0.0
2023-05-07 01:00:00,1,0.0,0.0
2023-05-07 02:00:00,2,0.0,0.0
2023-05-07 03:00:00,3,0.0,0.0
2023-05-07 04:00:00,4,0.3,0.0
2023-05-07 05:00:00,5,0.0,0.0
2023-05-07 06:00:00,6,0.8,0.0
2023-05-07 07:00:00,7,1.0,0.0
2023-05-07 08:00:00,8,0.6,0.0
2023-05-07 09:00:00,9,15.3,0.0
2023-05-07 10:00:00,10,410.0,0.0
2023-05-07 11:00:00,11,1353.5,0.0
2023-05-07 12:00:00,12,1944.0,0.0
2023-05-07 13:00:00,13,2690.5,0.0
2023-05-07 14:00:00,14,2904.5,0.0
2023-05-07 15:00:00,15,2729.6,0.0
2023-05-07 16:00:00,16,2690.5,0.0
2023-05-07 17:00:00,17,2197.2,0.0
2023-05-07 18:00:00,18,1627.2,0.0
2023-05-07 19:00:00,19,942.5,0.0
2023-05-07 20:00:00,20,714.8,0.0
2023-05-07 21:00:00,21,68.6,0.0
2023-05-07 22:00:00,22,0.0,0.0
2023-05-07 23:00:00,23,0.0,0.0
2023-05-08 00:00:00,0,0.0,0.0
2023-05-08 01:00:00,1,,0.0
2023-05-08 02:00:00,2,0.0,0.0
2023-05-08 03:00:00,3,0.0,0.0
2023-05-08 04:00:00,4,0.0,0.0
2023-05-08 05:00:00,5,0.0,0.0
2023-05-08 06:00:00,6,0.0,0.0
2023-05-08 07:00:00,7,0.0,0.0
2023-05-08 08:00:00,8,0.0,0.0
2023-05-08 09:00:00,9,21.6,0.0
2023-05-08 10:00:00,10,552.5,0.0
2023-05-08 11:00:00,11,1343.0,0.0
2023-05-08 12:00:00,12,1858.6,0.0
2023-05-08 13:00:00,13,2403.0,0.0
2023-05-08 14:00:00,14,2210.1,0.0
2023-05-08 15:00:00,15,2111.4,0.0
2023-05-08 16:00:00,16,2126.6,0.0
2023-05-08 17:00:00,17,2771.9,0.0
2023-05-08 18:00:00,18,2293.8,0.0
2023-05-08 19:00:00,19,1114.7,0.0
2023-05-08 20:00:00,20,725.6,0.0
2023-05-08 21:00:00,21,34.9,0.0
2023-05-08 22:00:00,22,0.0,0.0
2023-05-08 23:00:00,23,0.0,0.0
2023-05-09 00:00:00,0,0.4,0.0
2023-05-09 01:00:00,1,0.3,0.0
2023-05-09 02:00:00,2,0.0,0.0
2023-05-09 03:00:00,3,0.0,0.0
2023-05-09 04:00:00,4,0.0,0.0
2023-05-09 05:00:00,5,0.4,0.0
2023-05-09 06:00:00,6,0.0,0.0
2023-05-09 07:00:00,7,0.0,0.0
2023-05-09 08:00:00,8,0.0,0.0
2023-05-09 09:00:00,9,19.4,0.0
2023-05-09 10:00:00,10,554.2,0.0
2023-05-09 11:00:00,11,1358.1,0.0
2023-05-09 12:00:00,12,1971.8,0.0
2023-05-09 13:00:00,13,2728.6,0.0
2023-05-09 14:00:00,14,2843.2,0.1
2023-05-09 15:00:00,15,2096.8,0.0
2023-05-09 16:00:00,16,2411.9,0.0
2023-05-09 17:00:00,17,2358.2,0.0
2023-05-09 18:00:00,18,1525.7,0.0
2023-05-09 19:00:00,19,866.0,0.0
2023-05-09 20:00:00,20,560.9,0.0
2023-05-09 21:00:00,21,56.0,0.0
2023-05-09 22:00:00,22,0.0,0.0
2023-05-09 23:00:00,23,0.0,0.0
2023-05-10 00:00:00,0,0.3,0.1
2023-05-10 01:00:00,1,0.0,0.0
2023-05-10 02:00:00,2,0.0,0.0
2023-05-10 03:00:00,3,0.0,0.0
2023-05-10 04:00:00,4,0.0,0.0
2023-05-10 05:00:00,5,0.0,0.0
2023-05-10 06:00:00,6,0.0,0.0
2023-05-10 07:00:00,7,0.0,0.0
2023-05-10 08:00:00,8,0.1,0.0
2023-05-10 09:00:00,9,29.0,0.0
2023-05-10 10:00:00,10,486.2,0.0
2023-05-10 11:00:00,11,1154.9,0.0
2023-05-10 12:00:00,12,1705.3,0.0
2023-05-10 13:00:00,13,2414.3,0.0
2023-05-10 14:00:00,14,2744.0,0.1
2023-05-10 15:00:00,15,2895.1,0.4
2023-05-10 16:00:00,16,3008.2,0.0
2023-05-10 17:00:00,17,2423.9,0.0
2023-05-10 18:00:00,18,2385.6,0.0
2023-05-10 19:00:00,19,1441.7,0.0
2023-05-10 20:00:00,20,551.1,0.0
2023-05-10 21:00:00,21,43.4,0.0
2023-05-10 22:00:00,22,0.0,0.0
2023-05-10 23:00:00,23,0.0,0.0
2023-05-11 00:00:00,0,0.0,0.0
2023-05-11 01:00:00,1,,0.0
2023-05-11 02:00:00,2,0.0,0.0
2023-05-11 03:00:00,3,0.0,0.0
2023-05-11 04:00:00,4,0.0,0.0
2023-05-11 05:00:00,5,0.0,0.0
2023-05-11 06:00:00,6,0.0,0.0
2023-05-11 07:00:00,7,0.0,0.0
2023-05-11 08:00:00,8,0.0,0.0
2023-05-11 09:00:00,9,24.8,0.0
2023-05-11 10:00:00,10,512.6,0.0
2023-05-11 11:00:00,11,1292.2,0.0
2023-05-11 12:00:00,12,1674.3,0.0
2023-05-11 13:00:00,13,1411.4,0.0
2023-05-11 14:00:00,14,2503.5,0.0
2023-05-11 15:00:00,15,1859.2,0.0
2023-05-11 16:00:00,16,2662.4,0.0
2023-05-11 17:00:00,17,3092.7,0.0
2023-05-11 18:00:00,18,2458.1,0.0
2023-05-11 19:00:00,19,1275.4,0.0
2023-05-11 20:00:00,20,494.4,0.0
2023-05-11 21:00:00,21,35.1,0.0
2023-05-11 22:00:00,22,0.0,0.0
2023-05-11 23:00:00,23,0.0,0.0
2023-05-12 00:00:00,0,0.0,0.0
2023-05-12 01:00:00,1,0.0,0.0
2023-05-12 02:00:00,2,0.0,0.0
2023-05-12 03:00:00,3,0.1,0.0
2023-05-12 04:00:00,4,0.2,0.0
2023-05-12 05:00:00,5,0.2,0.0
2023-05-12 06:00:00,6,0.0,0.0
2023-05-12 07:00:00,7,0.0,0.0
2023-05-12 08:00:00,8,0.0,0.0
2023-05-12 09:00:00,9,19.7,0.0
2023-05-12 10:00:00,10,518.6,0.0
2023-05-12 11:00:00,11,1273.4,0.0
2023-05-12 12:00:00,12,1880.4,0.0
2023-05-12 13:00:00,13,2535.9,0.0
2023-05-12 14:00:00,14,2537.5,0.0
2023-05-12 15:00:00,15,2549.6,0.0
2023-05-12 16:00:00,16,2441.7,0.0
2023-05-12 17:00:00,17,2528.7,0.0
2023-05-12 18:00:00,18,1543.2,0.0
2023-05-12 19:00:00,19,1107.6,0.2
2023-05-12 20:00:00,20,563.7,0.5
2023-05-12 21:00:00,21,41.8,0.0
2023-05-12 22:00:00,22,0.0,0.1
2023-05-12 23:00:00,23,0.1,0.0
2023-05-13 00:00:00,0,0.0,0.0
2023-05-13 01:00:00,1,0.1,0.0
2023-05-13 02:00:00,2,0.4,0.0
2023-05-13 03:00:00,3,0.0,0.0
2023-05-13 04:00:00,4,1.8,0.0
2023-05-13 05:00:00,5,0.1,0.0
2023-05-13 06:00:00,6,1.1,0.0
2023-05-13 07:00:00,7,1.1,0.0
2023-05-13 08:00:00,8,1.9,0.0
2023-05-13 09:00:00,9,7.3,0.0
2023-05-13 10:00:00,10,223.5,0.0
2023-05-13 11:00:00,11,1007.4,0.0
2023-05-13 12:00:00,12,1447.6,0.0
2023-05-13 13:00:00,13,2132.5,0.0
2023-05-13 14:00:00,14,1666.7,0.0
2023-05-13 15:00:00,15,2193.1,0.0
2023-05-13 16:00:00,16,2296.2,0.0
2023-05-13 17:00:00,17,2282.3,0.0
2023-05-13 18:00:00,18,1986.5,0.0
2023-05-13 19:00:00,19,703.1,0.0
2023-05-13 20:00:00,20,455.7,0.3
2023-05-13 21:00:00,21,31.6,0.5
2023-05-13 22:00:00,22,0.0,0.0
2023-05-13 23:00:00,23,0.0,0.0
2023-05-14 00:00:00,0,0.0,0.0
2023-05-14 01:00:00,1,0.0,0.0
2023-05-14 02:00:00,2,0.0,0.0
2023-05-14 03:00:00,3,0.0,0.0
2023-05-14 04:00:00,4,0.0,0.0
2023-05-14 05:00:00,5,0.8,0.0
2023-05-14 06:00:00,6,0.0,0.0
2023-05-14 07:00:00,7,0.4,0.0
2023-05-14 08:00:00,8,0.1,0.0
2023-05-14 09:00:00,9,38.0,0.0
2023-05-14 10:00:00,10,408.5,0.0
2023-05-14 11:00:00,11,845.7,0.0
2023-05-14 12:00:00,12,1652.0,0.0
2023-05-14 13:00:00,13,2198.7,0.0
2023-05-14 14:00:00,14,2126.8,0.0
2023-05-14 15:00:00,15,2279.4,0.0
2023-05-14 16:00:00,16,1396.9,0.0
2023-05-14 17:00:00,17,940.7,0.0
2023-05-14 18:00:00,18,1819.6,0.0
2023-05-14 19:00:00,19,1069.4,4.1
2023-05-14 20:00:00,20,402.5,0.0
2023-05-14 21:00:00,21,54.8,0.0
2023-05-14 22:00:00,22,0.0,0.0
2023-05-14 23:00:00,23,0.0,0.0
2023-05-15 00:00:00,0,0.0,0.0
2023-05-15 01:00:00,1,0.1,0.0
2023-05-15 02:00:00,2,0.1,0.0
2023-05-15 03:00:00,3,0.1,0.0
2023-05-15 04:00:00,4,0.0,0.0
2023-05-15 05:00:00,5,0.3,0.0
2023-05-15 06:00:00,6,0.3,0.0
2023-05-15 07:00:00,7,0.0,0.0
2023-05-15 08:00:00,8,0.6,0.0
2023-05-15 09:00:00,9,16.3,0.0
2023-05-15 10:00:00,10,215.1,0.0
2023-05-15 11:00:00,11,518.6,0.0
2023-05-15 12:00:00,12,1634.6,0.0
2023-05-15 13:00:00,13,2350.5,0.0
2023-05-15 14:00:00,14,1773.2,0.0
2023-05-15 15:00:00,15,2838.4,0.0
2023-05-15 16:00:00,16,2181.8,0.0
2023-05-15 17:00:00,17,2595.2,0.0
2023-05-15 18:00:00,18,2269.6,0.0
2023-05-15 19:00:00,19,1021.1,0.0
2023-05-15 20:00:00,20,323.0,0.0
2023-05-15 21:00:00,21,35.4,0.0
2023-05-15 22:00:00,22,0.4,0.0
2023-05-15 23:00:00,23,0.0,0.0
2023-05-16 00:00:00,0,0.0,0.0
2023-05-16 01:00:00,1,,0.0
2023-05-16 02:00:00,2,0.0,0.0
2023-05-16 03:00:00,3,0.0,0.0
2023-05-16 04:00:00,4,0.0,0.0
2023-05-16 05:00:00,5,0.5,0.0
2023-05-16 06:00:00,6,0.0,0.0
2023-05-16 07:00:00,7,0.0,0.0
2023-05-16 08:00:00,8,0.0,0.0
2023-05-16 09:00:00,9,20.9,0.0
2023-05-16 10:00:00,10,426.9,0.0
2023-05-16 11:00:00,11,1138.3,0.0
2023-05-16 12:00:00,12,1304.1,0.0
2023-05-16 13:00:00,13,1623.9,0.0
2023-05-16 14:00:00,14,2266.7,0.0
2023-05-16 15:00:00,15,1983.2,0.0
2023-05-16 16:00:00,16,2633.4,0.0
2023-05-16 17:00:00,17,1243.7,0.0
2023-05-16 18:00:00,18,1108.3,0.0
2023-05-16 19:00:00,19,817.5,0.0
2023-05-16 20:00:00,20,265.2,0.0
2023-05-16 21:00:00,21,19.1,0.0
2023-05-16 22:00:00,22,0.0,0.0
2023-05-16 23:00:00,23,0.0,0.0
2023-05-17 00:00:00,0,0.0,0.0
2023-05-17 01:00:00,1,,0.0
2023-05-17 02:00:00,2,0.0,0.0
2023-05-17 03:00:00,3,0.0,0.0
2023-05-17 04:00:00,4,0.6,0.0
2023-05-17 05:00:00,5,0.1,0.0
2023-05-17 06:00:00,6,0.0,0.0
2023-05-17 07:00:00,7,0.0,0.0
2023-05-17 08:00:00,8,0.0,0.0
2023-05-17 09:00:00,9,23.9,0.0
2023-05-17 10:00:00,10,481.8,0.0
2023-05-17 11:00:00,11,1292.1,0.0
2023-05-17 12:00:00,12,1265.0,0.0
2023-05-17 13:00:00,13,2143.0,0.0
2023-05-17 14:00:00,14,2326.0,0.0
2023-05-17 15:00:00,15,2976.6,0.0
2023-05-17 16:00:00,16,2511.7,0.0
2023-05-17 17:00:00,17,976.2,0.0
2023-05-17 18:00:00,18,876.6,0.0
2023-05-17 19:00:00,19,548.6,0.0
2023-05-17 20:00:00,20,283.4,0.0
2023-05-17 21:00:00,21,44.9,0.0
2023-05-17 22:00:00,22,0.0,0.0
2023-05-17 23:00:00,23,0.0,0.0
2023-05-18 00:00:00,0,0.0,0.0
2023-05-18 01:00:00,1,0.0,0.0
2023-05-18 02:00:00,2,0.0,0.0
2023-05-18 03:00:00,3,0.0,0.0
2023-05-18 04:00:00,4,0.0,0.0
2023-05-18 05:00:00,5,0.0,0.0
2023-05-18 06:00:00,6,0.0,0.0
2023-05-18 07:00:00,7,0.0,0.0
2023-05-18 08:00:00,8,0.0,0.0
2023-05-18 09:00:00,9,23.4,0.0
2023-05-18 10:00:00,10,416.3,0.0
2023-05-18 11:00:00,11,1199.2,0.0
2023-05-18 12:00:00,12,1733.5,0.0
2023-05-18 13:00:00,13,2087.3,0.0
2023-05-18 14:00:00,14,2559.0,0.0
2023-05-18 15:00:00,15,1983.6,0.0
2023-05-18 16:00:00,16,2805.6,0.0
2023-05-18 17:00:00,17,2293.0,0.0
2023-05-18 18:00:00,18,1897.8,0.0
2023-05-18 19:00:00,19,358.7,0.0
2023-05-18 20:00:00,20,203.8,0.0
2023-05-18 21:00:00,21,9.5,0.0
2023-05-18 22:00:00,22,0.0,0.0
2023-05-18 23:00:00,23,0.0,0.0
2023-05-19 00:00:00,0,0.1,0.0
2023-05-19 01:00:00,1,0.3,0.0
2023-05-19 02:00:00,2,0.0,0.0
2023-05-19 03:00:00,3,0.3,0.0
2023-05-19 04:00:00,4,0.6,0.0
2023-05-19 05:00:00,5,0.0,0.0
2023-05-19 06:00:00,6,0.8,0.0
2023-05-19 07:00:00,7,0.8,0.0
2023-05-19 08:00:00,8,0.9,0.0
2023-05-19 09:00:00,9,13.5,0.0
2023-05-19 10:00:00,10,244.8,0.0
2023-05-19 11:00:00,11,464.2,0.0
2023-05-19 12:00:00,12,1341.3,0.0
2023-05-19 13:00:00,13,1378.4,0.1
2023-05-19 14:00:00,14,2050.1,0.0
2023-05-19 15:00:00,15,2161.8,0.0
2023-05-19 16:00:00,16,2874.4,0.0
2023-05-19 17:00:00,17,1720.0,0.0
2023-05-19 18:00:00,18,1048.2,0.0
2023-05-19 19:00:00,19,655.4,0.0
2023-05-19 20:00:00,20,283.4,0.0
2023-05-19 21:00:00,21,23.8,0.0
2023-05-19 22:00:00,22,0.0,0.0
2023-05-19 23:00:00,23,0.0,0.0
2023-05-20 00:00:00,0,0.1,0.0
2023-05-20 01:00:00,1,0.0,0.0
2023-05-20 02:00:00,2,0.0,0.0
2023-05-20 03:00:00,3,0.0,0.0
2023-05-20 04:00:00,4,0.1,0.0
2023-05-20 05:00:00,5,0.6,0.0
2023-05-20 06:00:00,6,0.2,0.0
2023-05-20 07:00:00,7,0.5,0.0
2023-05-20 08:00:00,8,0.0,0.0
2023-05-20 09:00:00,9,23.0,0.0
2023-05-20 10:00:00,10,524.9,0.0
2023-05-20 11:00:00,11,1309.4,0.0
2023-05-20 12:00:00,12,1651.1,0.0
2023-05-20 13:00:00,13,1754.3,0.1
2023-05-20 14:00:00,14,2276.7,0.2
2023-05-20 15:00:00,15,1914.8,2.1
2023-05-20 16:00:00,16,946.3,0.0
2023-05-20 17:00:00,17,1519.5,0.0
2023-05-20 18:00:00,18,2128.6,2.3
2023-05-20 19:00:00,19,1129.0,1.3
2023-05-20 20:00:00,20,237.0,1.2
2023-05-20 21:00:00,21,16.2,0.1
2023-05-20 22:00:00,22,0.0,0.1
2023-05-20 23:00:00,23,0.0,0.0
2023-05-21 00:00:00,0,0.1,0.2
2023-05-21 01:00:00,1,0.4,0.0
2023-05-21 02:00:00,2,0.3,0.0
2023-05-21 03:00:00,3,0.0,0.0
2023-05-21 04:00:00,4,0.1,0.0
2023-05-21 05:00:00,5,0.0,0.0
2023-05-21 06:00:00,6,0.5,0.0
2023-05-21 07:00:00,7,0.1,0.0
2023-05-21 08:00:00,8,0.4,0.0
2023-05-21 09:00:00,9,9.7,0.0
2023-05-21 10:00:00,10,161.9,0.0
2023-05-21 11:00:00,11,517.2,0.0
2023-05-21 12:00:00,12,1420.2,0.0
2023-05-21 13:00:00,13,1403.0,0.0
2023-05-21 14:00:00,14,993.4,0.0
2023-05-21 15:00:00,15,1888.7,0.0
2023-05-21 16:00:00,16,2108.8,0.0
2023-05-21 17:00:00,17,1652.6,0.0
2023-05-21 18:00:00,18,1301.9,1.8
2023-05-21 19:00:00,19,1073.6,0.0
2023-05-21 20:00:00,20,582.3,0.0
2023-05-21 21:00:00,21,27.7,0.0
2023-05-21 22:00:00,22,0.0,0.0
2023-05-21 23:00:00,23,0.0,0.3
2023-05-22 00:00:00,0,0.0,0.0
2023-05-22 01:00:00,1,,0.3
2023-05-22 02:00:00,2,0.0,0.0
2023-05-22 03:00:00,3,0.6,0.0
2023-05-22 04:00:00,4,0.3,0.4
2023-05-22 05:00:00,5,0.1,0.0
2023-05-22 06:00:00,6,0.1,0.1
2023-05-22 07:00:00,7,0.3,0.0
2023-05-22 08:00:00,8,1.3,0.5
2023-05-22 09:00:00,9,11.2,0.0
2023-05-22 10:00:00,10,167.5,0.1
2023-05-22 11:00:00,11,643.7,0.0
2023-05-22 12:00:00,12,1702.3,1.6
2023-05-22 13:00:00,13,2525.4,2.9
2023-05-22 14:00:00,14,2148.8,2.6
2023-05-22 15:00:00,15,2526.4,3.2
2023-05-22 16:00:00,16,2562.5,2.7
2023-05-22 17:00:00,17,2035.4,0.4
2023-05-22 18:00:00,18,1396.7,1.2
2023-05-22 19:00:00,19,703.1,0.0
2023-05-22 20:00:00,20,609.0,0.0
2023-05-22 21:00:00,21,35.5,0.0
2023-05-22 22:00:00,22,0.0,0.0
2023-05-22 23:00:00,23,0.0,0.0
2023-05-23 00:00:00,0,0.4,0.0
2023-05-23 01:00:00,1,1.7,0.0
2023-05-23 02:00:00,2,0.0,0.0
2023-05-23 03:00:00,3,0.0,0.0
2023-05-23 04:00:00,4,1.7,0.0
2023-05-23 05:00:00,5,2.2,0.0
2023-05-23 06:00:00,6,1.6,0.0
2023-05-23 07:00:00,7,1.0,0.0
2023-05-23 08:00:00,8,2.7,0.0
2023-05-23 09:00:00,9,8.6,0.0
2023-05-23 10:00:00,10,300.8,0.0
2023-05-23 11:00:00,11,750.2,0.0
2023-05-23 12:00:00,12,1162.4,0.0
2023-05-23 13:00:00,13,2063.3,0.4
2023-05-23 14:00:00,14,2315.6,1.2
2023-05-23 15:00:00,15,2370.2,0.0
2023-05-23 16:00:00,16,1386.8,0.0
2023-05-23 17:00:00,17,1732.0,0.2
2023-05-23 18:00:00,18,977.8,0.0
2023-05-23 19:00:00,19,894.0,0.1
2023-05-23 20:00:00,20,397.3,0.0
2023-05-23 21:00:00,21,40.7,0.0
2023-05-23 22:00:00,22,0.0,0.0
2023-05-23 23:00:00,23,0.8,0.0
2023-05-24 00:00:00,0,0.1,0.0
2023-05-24 01:00:00,1,,0.0
2023-05-24 02:00:00,2,0.0,0.0
2023-05-24 03:00:00,3,0.0,0.0
2023-05-24 04:00:00,4,0.0,0.0
2023-05-24 05:00:00,5,0.9,0.0
2023-05-24 06:00:00,6,1.7,0.0
2023-05-24 07:00:00,7,0.6,0.0
2023-05-24 08:00:00,8,0.1,0.0
2023-05-24 09:00:00,9,19.3,0.0
2023-05-24 10:00:00,10,449.5,0.0
2023-05-24 11:00:00,11,995.7,0.0
2023-05-24 12:00:00,12,1436.7,0.0
2023-05-24 13:00:00,13,1853.2,0.1
2023-05-24 14:00:00,14,2955.9,2.1
2023-05-24 15:00:00,15,2266.9,0.7
2023-05-24 16:00:00,16,2218.8,0.2
2023-05-24 17:00:00,17,1693.3,0.0
2023-05-24 18:00:00,18,1637.8,0.0
2023-05-24 19:00:00,19,1052.5,0.0
2023-05-24 20:00:00,20,296.0,0.0
2023-05-24 21:00:00,21,26.3,0.0
2023-05-24 22:00:00,22,0.1,0.0
2023-05-24 23:00:00,23,0.0,0.0
2023-05-25 00:00:00,0,0.0,0.0
2023-05-25 01:00:00,1,,0.0
2023-05-25 02:00:00,2,0.0,0.0
2023-05-25 03:00:00,3,0.0,0.0
2023-05-25 04:00:00,4,0.6,0.0
2023-05-25 05:00:00,5,0.0,0.0
2023-05-25 06:00:00,6,0.0,0.0
2023-05-25 07:00:00,7,0.1,0.0
2023-05-25 08:00:00,8,0.0,0.0
2023-05-25 09:00:00,9,26.2,0.0
2023-05-25 10:00:00,10,298.7,0.0
2023-05-25 11:00:00,11,1280.4,0.0
2023-05-25 12:00:00,12,1917.5,0.0
2023-05-25 13:00:00,13,1022.2,0.0
2023-05-25 14:00:00,14,1316.6,0.0
2023-05-25 15:00:00,15,2455.2,0.0
2023-05-25 16:00:00,16,2026.9,0.0
2023-05-25 17:00:00,17,1226.9,0.0
2023-05-25 18:00:00,18,1124.1,0.0
2023-05-25 19:00:00,19,931.8,0.0
2023-05-25 20:00:00,20,409.7,0.0
2023-05-25 21:00:00,21,63.7,0.0
2023-05-25 22:00:00,22,0.4,0.0
2023-05-25 23:00:00,23,0.6,0.0
2023-05-26 00:00:00,0,0.1,0.0
2023-05-26 01:00:00,1,0.1,0.0
2023-05-26 02:00:00,2,0.0,0.0
2023-05-26 03:00:00,3,0.3,0.0
2023-05-26 04:00:00,4,0.3,0.0
2023-05-26 05:00:00,5,0.6,0.0
2023-05-26 06:00:00,6,0.4,0.0
2023-05-26 07:00:00,7,0.2,0.0
2023-05-26 08:00:00,8,0.0,0.0
2023-05-26 09:00:00,9,10.8,0.0
2023-05-26 10:00:00,10,375.5,0.0
2023-05-26 11:00:00,11,868.1,0.0
2023-05-26 12:00:00,12,1420.0,0.0
2023-05-26 13:00:00,13,2023.1,0.0
2023-05-26 14:00:00,14,2089.8,0.0
2023-05-26 15:00:00,15,1785.4,0.1
2023-05-26 16:00:00,16,1324.1,0.5
2023-05-26 17:00:00,17,1548.9,0.0
2023-05-26 18:00:00,18,1074.8,0.0
2023-05-26 19:00:00,19,625.2,0.0
2023-05-26 20:00:00,20,277.5,0.0
2023-05-26 21:00:00,21,22.3,0.0
2023-05-26 22:00:00,22,0.6,0.0
2023-05-26 23:00:00,23,0.0,0.0
2023-05-27 00:00:00,0,0.0,0.0
2023-05-27 01:00:00,1,0.0,0.0
2023-05-27 02:00:00,2,0.0,0.0
2023-05-27 03:00:00,3,0.0,0.0
2023-05-27 04:00:00,4,0.0,0.0
2023-05-27 05:00:00,5,0.0,0.0
2023-05-27 06:00:00,6,0.0,0.0
2023-05-27 07:00:00,7,1.6,0.0
2023-05-27 08:00:00,8,1.1,0.0
2023-05-27 09:00:00,9,15.7,0.0
2023-05-27 10:00:00,10,428.3,0.0
2023-05-27 11:00:00,11,1239.7,0.0
2023-05-27 12:00:00,12,1890.5,0.0
2023-05-27 13:00:00,13,2537.2,0.5
2023-05-27 14:00:00,14,2481.6,0.0
2023-05-27 15:00:00,15,1430.1,0.2
2023-05-27 16:00:00,16,2570.1,0.2
2023-05-27 17:00:00,17,1641.7,0.0
2023-05-27 18:00:00,18,1745.8,0.0
2023-05-27 19:00:00,19,891.3,0.0
2023-05-27 20:00:00,20,292.7,0.0
2023-05-27 21:00:00,21,38.3,0.0
2023-05-27 22:00:00,22,0.0,0.0
2023-05-27 23:00:00,23,0.0,0.0
2023-05-28 00:00:00,0,0.1,0.0
2023-05-28 01:00:00,1,1.0,0.0
2023-05-28 02:00:00,2,0.0,0.0
2023-05-28 03:00:00,3,0.0,0.0
2023-05-28 04:00:00,4,0.0,0.0
2023-05-28 05:00:00,5,0.0,0.0
2023-05-28 06:00:00,6,0.1,0.0
2023-05-28 07:00:00,7,0.1,0.0
2023-05-28 08:00:00,8,0.0,0.0
2023-05-28 09:00:00,9,16.8,0.0
2023-05-28 10:00:00,10,451.4,0.0
2023-05-28 11:00:00,11,857.3,0.0
2023-05-28 12:00:00,12,1390.2,0.0
2023-05-28 13:00:00,13,2362.3,0.1
2023-05-28 14:00:00,14,2075.2,0.0
2023-05-28 15:00:00,15,2084.7,0.0
2023-05-28 16:00:00,16,2406.8,0.2
2023-05-28 17:00:00,17,2141.8,0.0
2023-05-28 18:00:00,18,1809.5,0.0
2023-05-28 19:00:00,19,1392.1,0.2
2023-05-28 20:00:00,20,437.2,0.0
2023-05-28 21:00:00,21,26.5,0.2
2023-05-28 22:00:00,22,0.0,0.1
2023-05-28 23:00:00,23,0.0,0.4
2023-05-29 00:00:00,0,0.0,0.0
2023-05-29 01:00:00,1,0.0,0.0
2023-05-29 02:00:00,2,0.0,0.0
2023-05-29 03:00:00,3,0.0,0.0
2023-05-29 04:00:00,4,0.0,0.0
2023-05-29 05:00:00,5,0.0,0.0
2023-05-29 06:00:00,6,0.0,0.0
2023-05-29 07:00:00,7,0.0,0.0
2023-05-29 08:00:00,8,0.0,0.0
2023-05-29 09:00:00,9,12.1,0.0
2023-05-29 10:00:00,10,434.6,0.0
2023-05-29 11:00:00,11,916.6,0.0
2023-05-29 12:00:00,12,1567.0,0.0
2023-05-29 13:00:00,13,1661.2,0.0
2023-05-29 14:00:00,14,2871.5,0.0
2023-05-29 15:00:00,15,1925.7,0.0
2023-05-29 16:00:00,16,1446.7,0.0
2023-05-29 17:00:00,17,1361.2,0.0
2023-05-29 18:00:00,18,650.2,0.0
2023-05-29 19:00:00,19,702.7,1.4
2023-05-29 20:00:00,20,457.1,0.0
2023-05-29 21:00:00,21,36.7,0.0
2023-05-29 22:00:00,22,0.0,0.0
2023-05-29 23:00:00,23,0.0,0.0
2023-05-30 00:00:00,0,0.0,0.0
2023-05-30 01:00:00,1,0.0,0.0
2023-05-30 02:00:00,2,0.0,0.0
2023-05-30 03:00:00,3,0.0,0.0
2023-05-30 04:00:00,4,0.4,0.0
2023-05-30 05:00:00,5,1.5,0.0
2023-05-30 06:00:00,6,0.1,0.0
2023-05-30 07:00:00,7,0.0,0.0
2023-05-30 08:00:00,8,0.0,0.0
2023-05-30 09:00:00,9,19.5,0.0
2023-05-30 10:00:00,10,530.2,0.0
2023-05-30 11:00:00,11,1193.5,0.0
2023-05-30 12:00:00,12,1136.7,0.0
2023-05-30 13:00:00,13,1618.7,0.1
2023-05-30 14:00:00,14,2170.4,0.6
2023-05-30 15:00:00,15,2220.1,3.0
2023-05-30 16:00:00,16,2244.1,3.4
2023-05-30 17:00:00,17,1839.9,3.4
2023-05-30 18:00:00,18,1356.0,1.1
2023-05-30 19:00:00,19,992.6,0.1
2023-05-30 20:00:00,20,200.4,0.4
2023-05-30 21:00:00,21,61.1,0.0
2023-05-30 22:00:00,22,0.0,0.9
2023-05-30 23:00:00,23,0.5,0.7
2023-05-31 00:00:00,0,0.0,0.1
2023-05-31 01:00:00,1,0.0,0.0
2023-05-31 02:00:00,2,0.2,0.0
2023-05-31 03:00:00,3,0.9,0.0
2023-05-31 04:00:00,4,0.5,0.0
2023-05-31 05:00:00,5,0.0,0.0
2023-05-31 06:00:00,6,0.0,0.0
2023-05-31 07:00:00,7,0.0,0.0
2023-05-31 08:00:00,8,0.0,0.0
2023-05-31 09:00:00,9,17.3,0.0
2023-05-31 10:00:00,10,495.6,0.0
2023-05-31 11:00:00,11,1135.4,0.0
2023-05-31 12:00:00,12,1586.0,0.0
2023-05-31 13:00:00,13,1964.6,0.2
2023-05-31 14:00:00,14,1499.4,0.0
2023-05-31 15:00:00,15,2000.4,0.0
2023-05-31 16:00:00,16,2396.2,1.6
2023-05-31 17:00:00,17,1763.3,0.7
2023-05-31 18:00:00,18,1877.6,0.0
2023-05-31 19:00:00,19,1354.1,0.1
2023-05-31 20:00:00,20,640.2,0.0
2023-05-31 21:00:00,21,53.6,0.0
2023-05-31 22:00:00,22,0.0,0.0
2023-05-31 23:00:00,23,0.0,0.0
2023-06-01 00:00:00,0,0.0,0.0
2023-06-01 01:00:00,1,,0.0
2023-06-01 02:00:00,2,0.0,0.0
2023-06-01 03:00:00,3,0.0,0.0
2023-06-01 04:00:00,4,0.0,0.0
2023-06-01 05:00:00,5,0.0,0.0
2023-06-01 06:00:00,6,0.0,0.0
2023-06-01 07:00:00,7,0.0,0.0
2023-06-01 08:00:00,8,0.8,0.0
2023-06-01 09:00:00,9,12.7,0.0
2023-06-01 10:00:00,10,374.9,0.0
2023-06-01 11:00:00,11,1160.0,0.0
2023-06-01 12:00:00,12,1734.8,0.1
2023-06-01 13:00:00,13,2554.4,2.4
2023-06-01 14:00:00,14,2139.0,0.7
2023-06-01 15:00:00,15,2257.3,2.0
2023-06-01 16:00:00,16,1243.3,0.0
2023-06-01 17:00:00,17,2231.5,0.3
2023-06-01 18:00:00,18,1155.3,1.2
2023-06-01 19:00:00,19,1176.8,0.2
2023-06-01 20:00:00,20,541.9,0.0
2023-06-01 21:00:00,21,52.4,0.0
2023-06-01 22:00:00,22,0.2,0.0
2023-06-01 23:00:00,23,0.0,0.0
2023-06-02 00:00:00,0,0.0,0.8
2023-06-02 01:00:00,1,0.0,0.4
2023-06-02 02:00:00,2,0.0,0.0
2023-06-02 03:00:00,3,0.0,0.0
2023-06-02 04:00:00,4,0.0,0.0
2023-06-02 05:00:00,5,0.0,0.0
2023-06-02 06:00:00,6,0.4,0.0
2023-06-02 07:00:00,7,1.9,0.0
2023-06-02 08:00:00,8,1.2,0.0
2023-06-02 09:00:00,9,18.1,0.0
2023-06-02 10:00:00,10,348.5,0.0
2023-06-02 11:00:00,11,726.0,0.0
2023-06-02 12:00:00,12,1288.7,0.0
2023-06-02 13:00:00,13,1792.8,0.0
2023-06-02 14:00:00,14,1938.5,0.4
2023-06-02 15:00:00,15,2597.3,1.3
2023-06-02 16:00:00,16,3031.0,1.9
2023-06-02 17:00:00,17,2509.4,0.7
2023-06-02 18:00:00,18,1283.4,0.3
2023-06-02 19:00:00,19,788.2,0.0
2023-06-02 20:00:00,20,281.6,1.7
2023-06-02 21:00:00,21,25.5,1.3
2023-06-02 22:00:00,22,0.0,1.9
2023-06-02 23:00:00,23,0.0,0.0
2023-06-03 00:00:00,0,0.0,0.0
2023-06-03 01:00:00,1,0.0,0.0
2023-06-03 02:00:00,2,0.0,0.0
2023-06-03 03:00:00,3,0.4,0.0
2023-06-03 04:00:00,4,0.4,0.0
2023-06-03 05:00:00,5,1.6,0.0
2023-06-03 06:00:00,6,1.4,0.0
2023-06-03 07:00:00,7,0.5,0.0
2023-06-03 08:00:00,8,0.9,0.0
2023-06-03 09:00:00,9,17.0,0.0
2023-06-03 10:00:00,10,204.7,0.0
2023-06-03 11:00:00,11,919.0,0.0
2023-06-03 12:00:00,12,1438.8,2.8
2023-06-03 13:00:00,13,1538.7,2.6
2023-06-03 14:00:00,14,1524.1,3.0
2023-06-03 15:00:00,15,2684.3,2.6
2023-06-03 16:00:00,16,2538.4,2.1
2023-06-03 17:00:00,17,2095.0,0.9
2023-06-03 18:00:00,18,1377.9,1.4
2023-06-03 19:00:00,19,757.4,0.0
2023-06-03 20:00:00,20,304.0,0.0
2023-06-03 21:00:00,21,39.9,0.0
2023-06-03 22:00:00,22,0.6,1.5
2023-06-03 23:00:00,23,0.0,0.0
2023-06-04 00:00:00,0,0.0,0.0
2023-06-04 01:00:00,1,0.0,0.0
2023-06-04 02:00:00,2,0.0,0.0
2023-06-04 03:00:00,3,0.0,0.0
2023-06-04 04:00:00,4,0.0,0.0
2023-06-04 05:00:00,5,0.0,0.0
2023-06-04 06:00:00,6,0.1,0.0
2023-06-04 07:00:00,7,0.9,0.0
2023-06-04 08:00:00,8,0.8,0.0
2023-06-04 09:00:00,9,20.5,0.0
2023-06-04 10:00:00,10,232.2,0.0
2023-06-04 11:00:00,11,866.5,0.0
2023-06-04 12:00:00,12,1516.2,0.1
2023-06-04 13:00:00,13,924.4,0.0
2023-06-04 14:00:00,14,1931.1,0.0
2023-06-04 15:00:00,15,2324.9,1.8
2023-06-04 16:00:00,16,2477.1,2.8
2023-06-04 17:00:00,17,2215.5,2.0
2023-06-04 18:00:00,18,2113.6,1.7
2023-06-04 19:00:00,19,1218.7,1.7
2023-06-04 20:00:00,20,554.5,0.0
2023-06-04 21:00:00,21,32.1,0.0
2023-06-04 22:00:00,22,0.0,0.0
2023-06-04 23:00:00,23,0.0,0.1
2023-06-05 00:00:00,0,0.0,0.0
2023-06-05 01:00:00,1,0.0,0.0
2023-06-05 02:00:00,2,0.0,0.0
2023-06-05 03:00:00,3,0.0,0.0
2023-06-05 04:00:00,4,0.0,0.0
2023-06-05 05:00:00,5,0.1,0.0
2023-06-05 06:00:00,6,0.0,0.0
2023-06-05 07:00:00,7,2.1,0.0
2023-06-05 08:00:00,8,1.2,0.0
2023-06-05 09:00:00,9,11.9,0.0
2023-06-05 10:00:00,10,116.6,0.0
2023-06-05 11:00:00,11,369.9,0.0
2023-06-05 12:00:00,12,397.7,0.0
2023-06-05 13:00:00,13,1508.8,0.0
2023-06-05 14:00:00,14,1611.1,0.0
2023-06-05 15:00:00,15,2325.7,0.0
2023-06-05 16:00:00,16,1914.3,1.7
2023-06-05 17:00:00,17,2264.5,0.5
2023-06-05 18:00:00,18,1566.3,0.2
2023-06-05 19:00:00,19,945.3,0.0
2023-06-05 20:00:00,20,695.8,0.0
2023-06-05 21:00:00,21,62.5,0.0
2023-06-05 22:00:00,22,0.6,0.0
2023-06-05 23:00:00,23,0.0,0.4
2023-06-06 00:00:00,0,0.0,0.0
2023-06-06 01:00:00,1,0.0,0.0
2023-06-06 02:00:00,2,0.0,0.0
2023-06-06 03:00:00,3,0.0,0.0
2023-06-06 04:00:00,4,0.0,0.0
2023-06-06 05:00:00,5,0.2,0.0
2023-06-06 06:00:00,6,1.5,0.0
2023-06-06 07:00:00,7,2.0,0.0
2023-06-06 08:00:00,8,1.1,0.0
2023-06-06 09:00:00,9,12.6,0.0
2023-06-06 10:00:00,10,346.6,0.0
2023-06-06 11:00:00,11,1085.5,0.0
2023-06-06 12:00:00,12,1168.2,0.0
2023-06-06 13:00:00,13,1322.4,0.0
2023-06-06 14:00:00,14,2019.1,0.9
2023-06-06 15:00:00,15,1469.9,1.3
2023-06-06 16:00:00,16,1743.0,0.2
2023-06-06 17:00:00,17,1693.8,1.7
2023-06-06 18:00:00,18,504.7,0.2
2023-06-06 19:00:00,19,939.6,0.0
2023-06-06 20:00:00,20,227.9,0.0
2023-06-06 21:00:00,21,12.6,0.0
2023-06-06 22:00:00,22,1.2,0.3
2023-06-06 23:00:00,23,0.3,1.6
2023-06-07 00:00:00,0,0.4,0.0
2023-06-07 01:00:00,1,0.5,0.0
2023-06-07 02:00:00,2,1.3,0.0
2023-06-07 03:00:00,3,0.5,0.0
2023-06-07 04:00:00,4,0.0,0.0
2023-06-07 05:00:00,5,0.0,0.0
2023-06-07 06:00:00,6,0.1,0.0
2023-06-07 07:00:00,7,0.0,0.0
2023-06-07 08:00:00,8,0.0,0.0
2023-06-07 09:00:00,9,13.6,0.0
2023-06-07 10:00:00,10,375.3,0.0
2023-06-07 11:00:00,11,940.8,0.0
2023-06-07 12:00:00,12,1501.0,0.0
2023-06-07 13:00:00,13,2053.4,1.5
2023-06-07 14:00:00,14,1465.8,0.0
2023-06-07 15:00:00,15,1773.2,0.0
2023-06-07 16:00:00,16,1353.8,2.0
2023-06-07 17:00:00,17,1184.1,1.7
2023-06-07 18:00:00,18,792.7,1.2
2023-06-07 19:00:00,19,393.5,0.0
2023-06-07 20:00:00,20,161.3,0.0
2023-06-07 21:00:00,21,15.5,0.0
2023-06-07 22:00:00,22,1.1,0.0
2023-06-07 23:00:00,23,0.1,0.0
2023-06-08 00:00:00,0,0.0,0.0
2023-06-08 01:00:00,1,0.0,0.0
2023-06-08 02:00:00,2,0.0,0.0
2023-06-08 03:00:00,3,0.0,0.0
2023-06-08 04:00:00,4,0.0,0.0
2023-06-08 05:00:00,5,0.0,0.0
2023-06-08 06:00:00,6,1.6,0.0
2023-06-08 07:00:00,7,0.9,0.0
2023-06-08 08:00:00,8,0.3,0.0
2023-06-08 09:00:00,9,7.2,0.0
2023-06-08 10:00:00,10,313.2,0.0
2023-06-08 11:00:00,11,936.6,0.0
2023-06-08 12:00:00,12,1408.3,2.8
2023-06-08 13:00:00,13,1600.5,0.4
2023-06-08 14:00:00,14,2506.4,1.9
2023-06-08 15:00:00,15,2353.6,3.7
2023-06-08 16:00:00,16,2866.5,2.2
2023-06-08 17:00:00,17,2497.6,1.9
2023-06-08 18:00:00,18,1685.5,0.0
2023-06-08 19:00:00,19,1257.5,2.5
2023-06-08 20:00:00,20,438.7,0.0
2023-06-08 21:00:00,21,38.2,0.0
2023-06-08 22:00:00,22,2.0,2.4
2023-06-08 23:00:00,23,0.0,0.2
2023-06-09 00:00:00,0,0.0,1.0
2023-06-09 01:00:00,1,0.0,0.0
2023-06-09 02:00:00,2,0.0,0.0
2023-06-09 03:00:00,3,0.0,0.0
2023-06-09 04:00:00,4,0.0,0.0
2023-06-09 05:00:00,5,0.0,0.0
2023-06-09 06:00:00,6,0.0,0.0
2023-06-09 07:00:00,7,0.0,0.0
2023-06-09 08:00:00,8,2.5,0.0
2023-06-09 09:00:00,9,16.3,0.0
2023-06-09 10:00:00,10,268.7,0.0
2023-06-09 11:00:00,11,876.4,0.0
2023-06-09 12:00:00,12,1341.0,0.9
2023-06-09 13:00:00,13,1728.2,0.0
2023-06-09 14:00:00,14,2657.9,1.7
2023-06-09 15:00:00,15,2570.8,1.8
2023-06-09 16:00:00,16,2535.7,1.0
2023-06-09 17:00:00,17,2229.8,1.3
2023-06-09 18:00:00,18,1280.4,1.7
2023-06-09 19:00:00,19,761.1,0.2
2023-06-09 20:00:00,20,681.8,0.3
2023-06-09 21:00:00,21,47.4,1.7
2023-06-09 22:00:00,22,0.0,2.4
2023-06-09 23:00:00,23,0.0,0.0
2023-06-10 00:00:00,0,0.0,0.0
2023-06-10 01:00:00,1,,0.0
2023-06-10 02:00:00,2,0.0,0.0
2023-06-10 03:00:00,3,0.0,0.0
2023-06-10 04:00:00,4,0.3,0.0
2023-06-10 05:00:00,5,0.5,0.0
2023-06-10 06:00:00,6,1.0,0.0
2023-06-10 07:00:00,7,1.8,0.0
2023-06-10 08:00:00,8,0.0,0.0
2023-06-10 09:00:00,9,12.9,0.0
2023-06-10 10:00:00,10,332.0,0.5
2023-06-10 11:00:00,11,739.6,0.0
2023-06-10 12:00:00,12,902.0,0.2
2023-06-10 13:00:00,13,946.1,0.0
2023-06-10 14:00:00,14,991.4,0.0
2023-06-10 15:00:00,15,1984.8,0.8
2023-06-10 16:00:00,16,2189.7,2.2
2023-06-10 17:00:00,17,1841.4,3.5
2023-06-10 18:00:00,18,1515.3,2.1
2023-06-10 19:00:00,19,1037.7,1.9
2023-06-10 20:00:00,20,622.5,2.5
2023-06-10 21:00:00,21,48.6,0.0
2023-06-10 22:00:00,22,0.0,2.1
2023-06-10 23:00:00,23,0.0,0.0
2023-06-11 00:00:00,0,0.0,0.0
2023-06-11 01:00:00,1,,0.0
2023-06-11 02:00:00,2,0.0,0.0
2023-06-11 03:00:00,3,0.0,0.0
2023-06-11 04:00:00,4,0.0,0.0
2023-06-11 05:00:00,5,0.0,0.0
2023-06-11 06:00:00,6,0.0,0.0
2023-06-11 07:00:00,7,0.8,0.0
2023-06-11 08:00:00,8,0.0,0.0
2023-06-11 09:00:00,9,12.2,0.0
2023-06-11 10:00:00,10,383.3,0.0
2023-06-11 11:00:00,11,636.3,0.0
2023-06-11 12:00:00,12,1309.9,2.5
2023-06-11 13:00:00,13,2015.7,4.0
2023-06-11 14:00:00,14,2460.0,2.4
2023-06-11 15:00:00,15,2727.6,3.6
2023-06-11 16:00:00,16,1824.3,2.4
2023-06-11 17:00:00,17,1867.7,2.2
2023-06-11 18:00:00,18,1860.7,3.0
2023-06-11 19:00:00,19,866.3,0.0
2023-06-11 20:00:00,20,582.6,0.0
2023-06-11 21:00:00,21,53.6,0.0
2023-06-11 22:00:00,22,0.0,0.7
2023-06-11 23:00:00,23,0.0,1.7
2023-06-12 00:00:00,0,0.0,0.8
2023-06-12 01:00:00,1,0.0,1.5
2023-06-12 02:00:00,2,0.0,0.0
2023-06-12 03:00:00,3,0.0,0.0
2023-06-12 04:00:00,4,0.0,0.0
2023-06-12 05:00:00,5,0.0,0.0
2023-06-12 06:00:00,6,0.0,0.0
2023-06-12 07:00:00,7,0.2,0.0
2023-06-12 08:00:00,8,0.5,0.0
2023-06-12 09:00:00,9,11.3,0.0
2023-06-12 10:00:00,10,235.3,0.0
2023-06-12 11:00:00,11,655.0,0.7
2023-06-12 12:00:00,12,1228.2,1.9
2023-06-12 13:00:00,13,1059.9,2.6
2023-06-12 14:00:00,14,1283.5,3.1
2023-06-12 15:00:00,15,1516.7,1.7
2023-06-12 16:00:00,16,1364.9,2.3
2023-06-12 17:00:00,17,1592.8,3.2
2023-06-12 18:00:00,18,1623.3,3.1
2023-06-12 19:00:00,19,1423.4,2.6
2023-06-12 20:00:00,20,639.4,1.1
2023-06-12 21:00:00,21,44.0,0.0
2023-06-12 22:00:00,22,0.0,0.1
2023-06-12 23:00:00,23,0.0,2.3
2023-06-13 00:00:00,0,0.0,1.6
2023-06-13 01:00:00,1,0.0,1.0
2023-06-13 02:00:00,2,0.0,0.0
2023-06-13 03:00:00,3,0.0,0.0
2023-06-13 04:00:00,4,0.0,0.0
2023-06-13 05:00:00,5,0.0,0.0
2023-06-13 06:00:00,6,1.6,0.0
2023-06-13 07:00:00,7,0.8,0.0
2023-06-13 08:00:00,8,0.7,0.0
2023-06-13 09:00:00,9,12.6,0.0
2023-06-13 10:00:00,10,222.1,0.0
2023-06-13 11:00:00,11,627.4,0.0
2023-06-13 12:00:00,12,1110.3,1.2
2023-06-13 13:00:00,13,1751.3,3.9
2023-06-13 14:00:00,14,2618.7,3.7
2023-06-13 15:00:00,15,2357.1,3.5
2023-06-13 16:00:00,16,2870.2,3.5
2023-06-13 17:00:00,17,2630.3,3.4
2023-06-13 18:00:00,18,1837.8,0.3
2023-06-13 19:00:00,19,1007.7,2.6
2023-06-13 20:00:00,20,438.3,0.7
2023-06-13 21:00:00,21,60.2,0.5
2023-06-13 22:00:00,22,0.0,1.1
2023-06-13 23:00:00,23,0.0,1.8
2023-06-14 00:00:00,0,0.0,0.7
2023-06-14 01:00:00,1,0.0,0.0
2023-06-14 02:00:00,2,0.0,0.0
2023-06-14 03:00:00,3,0.0,0.0
2023-06-14 04:00:00,4,0.0,0.0
2023-06-14 05:00:00,5,0.0,0.0
2023-06-14 06:00:00,6,0.1,0.0
2023-06-14 07:00:00,7,0.0,0.0
2023-06-14 08:00:00,8,0.0,0.0
2023-06-14 09:00:00,9,13.3,0.0
2023-06-14 10:00:00,10,478.6,0.4
2023-06-14 11:00:00,11,1146.6,1.5
2023-06-14 12:00:00,12,1758.5,2.5
2023-06-14 13:00:00,13,2096.2,3.0
2023-06-14 14:00:00,14,2842.7,3.1
2023-06-14 15:00:00,15,3048.0,3.1
2023-06-14 16:00:00,16,2955.6,3.1
2023-06-14 17:00:00,17,2612.0,0.4
2023-06-14 18:00:00,18,2173.4,1.8
2023-06-14 19:00:00,19,1239.2,2.3
2023-06-14 20:00:00,20,443.7,0.1
2023-06-14 21:00:00,21,62.5,0.0
2023-06-14 22:00:00,22,0.0,0.1
2023-06-14 23:00:00,23,0.0,0.9
2023-06-15 00:00:00,0,0.0,0.9
2023-06-15 01:00:00,1,0.0,0.6
2023-06-15 02:00:00,2,0.0,0.0
2023-06-15 03:00:00,3,0.0,0.0
2023-06-15 04:00:00,4,0.3,0.0
2023-06-15 05:00:00,5,0.0,0.0
2023-06-15 06:00:00,6,0.1,0.0
2023-06-15 07:00:00,7,2.0,0.0
2023-06-15 08:00:00,8,4.3,0.0
2023-06-15 09:00:00,9,8.2,0.0
2023-06-15 10:00:00,10,110.4,0.0
2023-06-15 11:00:00,11,242.8,0.0
2023-06-15 12:00:00,12,1053.0,2.0
2023-06-15 13:00:00,13,726.9,1.8
2023-06-15 14:00:00,14,1241.6,1.6
2023-06-15 15:00:00,15,1914.3,0.0
2023-06-15 16:00:00,16,1088.5,1.8
2023-06-15 17:00:00,17,876.3,1.0
2023-06-15 18:00:00,18,586.4,1.6
2023-06-15 19:00:00,19,976.6,1.3
2023-06-15 20:00:00,20,520.4,0.2
2023-06-15 21:00:00,21,17.8,0.0
2023-06-15 22:00:00,22,0.4,0.0
2023-06-15 23:00:00,23,1.1,0.0
2023-06-16 00:00:00,0,2.1,0.0
2023-06-16 01:00:00,1,0.6,0.0
2023-06-16 02:00:00,2,0.0,0.0
2023-06-16 03:00:00,3,0.7,0.0
2023-06-16 04:00:00,4,1.4,0.0
2023-06-16 05:00:00,5,1.0,0.0
2023-06-16 06:00:00,6,0.8,0.0
2023-06-16 07:00:00,7,0.7,0.0
2023-06-16 08:00:00,8,1.9,0.0
2023-06-16 09:00:00,9,11.2,0.0
2023-06-16 10:00:00,10,309.9,0.0
2023-06-16 11:00:00,11,1290.8,0.0
2023-06-16 12:00:00,12,1911.8,1.4
2023-06-16 13:00:00,13,1877.3,3.7
2023-06-16 14:00:00,14,2091.1,1.7
2023-06-16 15:00:00,15,2325.4,2.4
2023-06-16 16:00:00,16,1911.9,2.8
2023-06-16 17:00:00,17,1650.9,1.0
2023-06-16 18:00:00,18,2088.2,2.4
2023-06-16 19:00:00,19,1363.2,1.3
2023-06-16 20:00:00,20,254.6,0.0
2023-06-16 21:00:00,21,51.3,0.3
2023-06-16 22:00:00,22,0.1,0.5
2023-06-16 23:00:00,23,2.1,0.0
2023-06-17 00:00:00,0,0.2,0.0
2023-06-17 01:00:00,1,0.0,0.0
2023-06-17 02:00:00,2,0.5,0.0
2023-06-17 03:00:00,3,0.1,0.0
2023-06-17 04:00:00,4,0.5,0.0
2023-06-17 05:00:00,5,1.8,0.0
2023-06-17 06:00:00,6,1.9,0.0
2023-06-17 07:00:00,7,1.8,0.0
2023-06-17 08:00:00,8,0.1,0.0
2023-06-17 09:00:00,9,6.6,0.0
2023-06-17 10:00:00,10,478.8,0.0
2023-06-17 11:00:00,11,930.8,0.0
2023-06-17 12:00:00,12,982.6,0.0
2023-06-17 13:00:00,13,1062.0,0.0
2023-06-17 14:00:00,14,1538.9,0.0
2023-06-17 15:00:00,15,1741.7,0.9
2023-06-17 16:00:00,16,1192.8,0.1
2023-06-17 17:00:00,17,681.7,0.0
2023-06-17 18:00:00,18,731.3,3.5
2023-06-17 19:00:00,19,735.7,3.1
2023-06-17 20:00:00,20,266.5,1.6
2023-06-17 21:00:00,21,32.1,2.7
2023-06-17 22:00:00,22,0.0,0.1
2023-06-17 23:00:00,23,0.0,0.2
2023-06-18 00:00:00,0,0.0,0.0
2023-06-18 01:00:00,1,0.0,0.0
2023-06-18 02:00:00,2,0.2,0.0
2023-06-18 03:00:00,3,1.5,0.0
2023-06-18 04:00:00,4,0.0,0.0
2023-06-18 05:00:00,5,0.1,0.0
2023-06-18 06:00:00,6,0.0,0.0
2023-06-18 07:00:00,7,0.0,0.0
2023-06-18 08:00:00,8,0.0,0.0
2023-06-18 09:00:00,9,10.6,0.0
2023-06-18 10:00:00,10,399.8,0.0
2023-06-18 11:00:00,11,860.0,0.0
2023-06-18 12:00:00,12,1517.1,1.5
2023-06-18 13:00:00,13,1439.3,2.1
2023-06-18 14:00:00,14,2584.8,1.4
2023-06-18 15:00:00,15,2355.0,2.6
2023-06-18 16:00:00,16,2245.3,0.5
2023-06-18 17:00:00,17,1951.8,0.0
2023-06-18 18:00:00,18,2118.6,1.4
2023-06-18 19:00:00,19,1084.3,1.8
2023-06-18 20:00:00,20,728.2,0.0
2023-06-18 21:00:00,21,57.7,1.3
2023-06-18 22:00:00,22,0.0,1.9
2023-06-18 23:00:00,23,0.0,2.0
2023-06-19 00:00:00,0,0.0,0.9
2023-06-19 01:00:00,1,0.0,1.1
2023-06-19 02:00:00,2,0.0,0.3
2023-06-19 03:00:00,3,0.0,0.0
2023-06-19 04:00:00,4,0.0,0.0
2023-06-19 05:00:00,5,0.0,0.0
2023-06-19 06:00:00,6,0.0,0.0
2023-06-19 07:00:00,7,0.0,0.0
2023-06-19 08:00:00,8,0.0,0.0
2023-06-19 09:00:00,9,7.5,0.0
2023-06-19 10:00:00,10,223.5,0.0
2023-06-19 11:00:00,11,762.8,0.0
2023-06-19 12:00:00,12,1388.5,1.5
2023-06-19 13:00:00,13,1451.3,1.1
2023-06-19 14:00:00,14,1821.9,0.5
2023-06-19 15:00:00,15,2307.8,2.6
2023-06-19 16:00:00,16,2151.8,1.4
2023-06-19 17:00:00,17,1782.1,0.7
2023-06-19 18:00:00,18,832.5,0.0
2023-06-19 19:00:00,19,1431.3,0.4
2023-06-19 20:00:00,20,554.1,0.0
2023-06-19 21:00:00,21,22.5,0.9
2023-06-19 22:00:00,22,0.5,0.0
2023-06-19 23:00:00,23,0.1,0.0
2023-06-20 00:00:00,0,0.0,0.0
2023-06-20 01:00:00,1,,0.2
2023-06-20 02:00:00,2,0.0,0.0
2023-06-20 03:00:00,3,0.1,0.0
2023-06-20 04:00:00,4,0.1,0.0
2023-06-20 05:00:00,5,0.0,0.0
2023-06-20 06:00:00,6,0.0,0.0
2023-06-20 07:00:00,7,0.0,0.0
2023-06-20 08:00:00,8,0.7,0.0
2023-06-20 09:00:00,9,7.4,0.0
2023-06-20 10:00:00,10,119.9,0.0
2023-06-20 11:00:00,11,564.9,0.2
2023-06-20 12:00:00,12,1351.9,0.0
2023-06-20 13:00:00,13,1004.5,0.0
2023-06-20 14:00:00,14,1850.0,0.9
2023-06-20 15:00:00,15,1844.5,1.1
2023-06-20 16:00:00,16,2050.6,1.3
2023-06-20 17:00:00,17,769.6,0.3
2023-06-20 18:00:00,18,1291.4,0.0
2023-06-20 19:00:00,19,255.9,0.0
2023-06-20 20:00:00,20,268.4,0.0
2023-06-20 21:00:00,21,42.0,0.0
2023-06-20 22:00:00,22,0.5,0.0
2023-06-20 23:00:00,23,0.6,0.0
2023-06-21 00:00:00,0,0.0,0.0
2023-06-21 01:00:00,1,0.1,0.0
2023-06-21 02:00:00,2,0.0,0.0
2023-06-21 03:00:00,3,0.0,0.0
2023-06-21 04:00:00,4,0.6,0.0
2023-06-21 05:00:00,5,0.8,0.0
2023-06-21 06:00:00,6,1.0,0.0
2023-06-21 07:00:00,7,0.3,0.0
2023-06-21 08:00:00,8,2.4,0.0
2023-06-21 09:00:00,9,10.9,0.0
2023-06-21 10:00:00,10,98.8,0.0
2023-06-21 11:00:00,11,603.3,0.0
2023-06-21 12:00:00,12,553.6,1.0
2023-06-21 13:00:00,13,1340.0,1.6
2023-06-21 14:00:00,14,1758.0,0.6
2023-06-21 15:00:00,15,1962.7,1.4
2023-06-21 16:00:00,16,2553.1,2.3
2023-06-21 17:00:00,17,2415.6,0.9
2023-06-21 18:00:00,18,1876.2,0.0
2023-06-21 19:00:00,19,1144.4,2.1
2023-06-21 20:00:00,20,553.7,0.0
2023-06-21 21:00:00,21,33.1,0.0
2023-06-21 22:00:00,22,0.0,0.0
2023-06-21 23:00:00,23,0.4,0.0
2023-06-22 00:00:00,0,0.0,0.1
2023-06-22 01:00:00,1,0.0,0.0
2023-06-22 02:00:00,2,0.0,0.0
2023-06-22 03:00:00,3,0.0,0.0
2023-06-22 04:00:00,4,0.0,0.0
2023-06-22 05:00:00,5,0.2,0.0
2023-06-22 06:00:00,6,0.1,0.0
2023-06-22 07:00:00,7,0.3,0.0
2023-06-22 08:00:00,8,1.5,0.1
2023-06-22 09:00:00,9,10.7,0.0
2023-06-22 10:00:00,10,341.0,0.0
2023-06-22 11:00:00,11,1086.7,0.7
2023-06-22 12:00:00,12,1377.8,2.4
2023-06-22 13:00:00,13,1893.9,2.8
2023-06-22 14:00:00,14,2080.7,1.2
2023-06-22 15:00:00,15,2149.6,2.4
2023-06-22 16:00:00,16,2487.1,3.1
2023-06-22 17:00:00,17,1932.9,1.5
2023-06-22 18:00:00,18,1128.8,1.7
2023-06-22 19:00:00,19,713.1,1.8
2023-06-22 20:00:00,20,667.4,0.0
2023-06-22 21:00:00,21,38.5,0.0
2023-06-22 22:00:00,22,0.0,0.0
2023-06-22 23:00:00,23,0.0,0.0
2023-06-23 00:00:00,0,0.0,0.0
2023-06-23 01:00:00,1,0.0,0.0
2023-06-23 02:00:00,2,0.0,0.0
2023-06-23 03:00:00,3,0.0,0.0
2023-06-23 04:00:00,4,0.0,0.0
2023-06-23 05:00:00,5,0.0,0.0
2023-06-23 06:00:00,6,0.0,0.0
2023-06-23 07:00:00,7,0.0,0.0
2023-06-23 08:00:00,8,0.0,0.0
2023-06-23 09:00:00,9,9.4,0.0
2023-06-23 10:00:00,10,320.0,0.0
2023-06-23 11:00:00,11,1087.9,1.2
2023-06-23 12:00:00,12,1738.2,1.0
2023-06-23 13:00:00,13,1465.0,1.3
2023-06-23 14:00:00,14,1484.2,1.3
2023-06-23 15:00:00,15,1561.4,3.7
2023-06-23 16:00:00,16,1439.0,3.3
2023-06-23 17:00:00,17,1800.9,3.3
2023-06-23 18:00:00,18,1843.4,2.4
2023-06-23 19:00:00,19,1163.2,0.0
2023-06-23 20:00:00,20,659.7,0.1
2023-06-23 21:00:00,21,74.0,0.0
2023-06-23 22:00:00,22,0.0,0.0
2023-06-23 23:00:00,23,0.0,0.0
2023-06-24 00:00:00,0,0.0,0.0
2023-06-24 01:00:00,1,0.0,0.0
2023-06-24 02:00:00,2,0.2,0.0
2023-06-24 03:00:00,3,2.6,0.0
2023-06-24 04:00:00,4,0.5,0.0
2023-06-24 05:00:00,5,2.1,0.0
2023-06-24 06:00:00,6,3.0,0.0
2023-06-24 07:00:00,7,1.0,0.0
2023-06-24 08:00:00,8,0.1,0.0
2023-06-24 09:00:00,9,7.7,0.0
2023-06-24 10:00:00,10,336.6,0.0
2023-06-24 11:00:00,11,463.5,0.0
2023-06-24 12:00:00,12,1084.7,0.0
2023-06-24 13:00:00,13,1084.7,0.0
2023-06-24 14:00:00,14,1348.8,1.1
2023-06-24 15:00:00,15,1575.6,2.4
2023-06-24 16:00:00,16,2196.9,3.9
2023-06-24 17:00:00,17,1028.4,1.5
2023-06-24 18:00:00,18,942.7,1.5
2023-06-24 19:00:00,19,966.7,2.4
2023-06-24 20:00:00,20,256.4,0.0
2023-06-24 21:00:00,21,21.4,0.0
2023-06-24 22:00:00,22,0.0,0.2
2023-06-24 23:00:00,23,0.0,0.0
2023-06-25 00:00:00,0,0.0,0.0
2023-06-25 01:00:00,1,0.0,0.0
2023-06-25 02:00:00,2,0.1,0.0
2023-06-25 03:00:00,3,0.0,0.0
2023-06-25 04:00:00,4,0.0,0.0
2023-06-25 05:00:00,5,0.7,0.0
2023-06-25 06:00:00,6,0.7,0.0
2023-06-25 07:00:00,7,0.5,0.0
2023-06-25 08:00:00,8,0.1,0.0
2023-06-25 09:00:00,9,4.9,0.0
2023-06-25 10:00:00,10,169.7,0.0
2023-06-25 11:00:00,11,875.7,0.0
2023-06-25 12:00:00,12,1716.2,0.0
2023-06-25 13:00:00,13,1810.2,2.8
2023-06-25 14:00:00,14,2933.9,5.0
2023-06-25 15:00:00,15,2677.5,2.5
2023-06-25 16:00:00,16,2696.8,4.0
2023-06-25 17:00:00,17,2179.1,3.6
2023-06-25 18:00:00,18,1676.1,3.7
2023-06-25 19:00:00,19,1480.9,0.9
2023-06-25 20:00:00,20,432.3,0.8
2023-06-25 21:00:00,21,45.3,0.0
2023-06-25 22:00:00,22,0.0,1.3
2023-06-25 23:00:00,23,0.0,0.0
2023-06-26 00:00:00,0,0.0,0.0
2023-06-26 01:00:00,1,0.0,1.8
2023-06-26 02:00:00,2,0.0,0.0
2023-06-26 03:00:00,3,0.0,0.0
2023-06-26 04:00:00,4,0.0,0.0
2023-06-26 05:00:00,5,0.1,0.0
2023-06-26 06:00:00,6,0.0,0.0
2023-06-26 07:00:00,7,0.0,0.0
2023-06-26 08:00:00,8,0.0,0.0
2023-06-26 09:00:00,9,10.5,0.0
2023-06-26 10:00:00,10,458.0,0.0
2023-06-26 11:00:00,11,1181.4,1.3
2023-06-26 12:00:00,12,1867.5,1.7
2023-06-26 13:00:00,13,1484.9,1.1
2023-06-26 14:00:00,14,1153.0,0.8
2023-06-26 15:00:00,15,1646.8,1.7
2023-06-26 16:00:00,16,1683.7,0.9
2023-06-26 17:00:00,17,1625.3,0.5
2023-06-26 18:00:00,18,1363.4,3.0
2023-06-26 19:00:00,19,973.0,0.3
2023-06-26 20:00:00,20,264.2,1.6
2023-06-26 21:00:00,21,25.0,0.0
2023-06-26 22:00:00,22,0.1,0.0
2023-06-26 23:00:00,23,0.0,0.0
2023-06-27 00:00:00,0,0.0,0.0
2023-06-27 01:00:00,1,0.0,0.0
2023-06-27 02:00:00,2,0.0,0.0
2023-06-27 03:00:00,3,0.0,0.0
2023-06-27 04:00:00,4,0.0,0.0
2023-06-27 05:00:00,5,0.0,0.0
2023-06-27 06:00:00,6,0.0,0.0
2023-06-27 07:00:00,7,0.0,0.0
2023-06-27 08:00:00,8,0.3,0.0
2023-06-27 09:00:00,9,7.4,0.0
2023-06-27 10:00:00,10,96.3,0.0
2023-06-27 11:00:00,11,319.9,1.9
2023-06-27 12:00:00,12,460.9,0.0
2023-06-27 13:00:00,13,1252.9,0.0
2023-06-27 14:00:00,14,1131.2,0.0
2023-06-27 15:00:00,15,1964.0,1.1
2023-06-27 16:00:00,16,1726.9,2.2
2023-06-27 17:00:00,17,2512.9,0.3
2023-06-27 18:00:00,18,1686.3,0.1
2023-06-27 19:00:00,19,1332.7,0.0
2023-06-27 20:00:00,20,465.7,0.0
2023-06-27 21:00:00,21,77.3,0.0
2023-06-27 22:00:00,22,0.0,0.0
2023-06-27 23:00:00,23,0.2,0.0
2023-06-28 00:00:00,0,0.1,0.0
2023-06-28 01:00:00,1,0.2,0.0
2023-06-28 02:00:00,2,0.0,0.0
2023-06-28 03:00:00,3,0.0,0.0
2023-06-28 04:00:00,4,0.0,0.0
2023-06-28 05:00:00,5,0.0,0.0
2023-06-28 06:00:00,6,0.0,0.0
2023-06-28 07:00:00,7,0.0,0.0
2023-06-28 08:00:00,8,0.0,0.0
2023-06-28 09:00:00,9,9.8,0.0
2023-06-28 10:00:00,10,434.0,0.0
2023-06-28 11:00:00,11,1194.0,0.0
2023-06-28 12:00:00,12,1793.2,0.3
2023-06-28 13:00:00,13,2418.5,0.8
2023-06-28 14:00:00,14,2524.3,0.0
2023-06-28 15:00:00,15,2466.8,2.9
2023-06-28 16:00:00,16,2149.8,2.1
2023-06-28 17:00:00,17,947.5,0.4
2023-06-28 18:00:00,18,645.9,1.9
2023-06-28 19:00:00,19,527.2,0.4
2023-06-28 20:00:00,20,249.1,0.1
2023-06-28 21:00:00,21,39.4,0.0
2023-06-28 22:00:00,22,0.5,0.0
2023-06-28 23:00:00,23,0.0,0.5
2023-06-29 00:00:00,0,0.0,0.0
2023-06-29 01:00:00,1,0.0,0.0
2023-06-29 02:00:00,2,0.1,0.0
2023-06-29 03:00:00,3,0.0,0.0
2023-06-29 04:00:00,4,0.0,0.0
2023-06-29 05:00:00,5,0.0,0.0
2023-06-29 06:00:00,6,0.0,0.0
2023-06-29 07:00:00,7,0.0,0.0
2023-06-29 08:00:00,8,0.0,0.0
2023-06-29 09:00:00,9,3.5,0.0
2023-06-29 10:00:00,10,145.9,0.0
2023-06-29 11:00:00,11,693.7,1.6
2023-06-29 12:00:00,12,1299.5,1.0
2023-06-29 13:00:00,13,1452.6,2.4
2023-06-29 14:00:00,14,1659.8,1.0
2023-06-29 15:00:00,15,1560.0,1.4
2023-06-29 16:00:00,16,1166.7,0.1
2023-06-29 17:00:00,17,1314.5,3.3
2023-06-29 18:00:00,18,1604.6,1.7
2023-06-29 19:00:00,19,777.3,0.0
2023-06-29 20:00:00,20,280.0,0.0
2023-06-29 21:00:00,21,54.7,0.0
2023-06-29 22:00:00,22,0.0,0.0
2023-06-29 23:00:00,23,0.0,0.0
2023-06-30 00:00:00,0,0.1,0.0
2023-06-30 01:00:00,1,,0.0
2023-06-30 02:00:00,2,0.0,0.0
2023-06-30 03:00:00,3,0.0,0.0
2023-06-30 04:00:00,4,0.0,0.0
2023-06-30 05:00:00,5,0.0,0.0
2023-06-30 06:00:00,6,0.0,0.0
2023-06-30 07:00:00,7,0.0,0.0
2023-06-30 08:00:00,8,0.0,0.0
2023-06-30 09:00:00,9,6.8,0.0
2023-06-30 10:00:00,10,403.7,0.0
2023-06-30 11:00:00,11,1127.5,0.0
2023-06-30 12:00:00,12,1242.0,0.3
2023-06-30 13:00:00,13,1708.0,1.5
2023-06-30 14:00:00,14,2478.2,3.3
2023-06-30 15:00:00,15,3009.4,2.9
2023-06-30 16:00:00,16,1911.8,2.4
2023-06-30 17:00:00,17,1608.4,2.1
2023-06-30 18:00:00,18,758.0,0.0
2023-06-30 19:00:00,19,1218.0,0.0
2023-06-30 20:00:00,20,222.3,0.0
2023-06-30 21:00:00,21,45.2,0.0
2023-06-30 22:00:00,22,0.0,0.0
2023-06-30 23:00:00,23,0.8,0.0
2023-07-01 00:00:00,0,0.2,0.0
2023-07-01 01:00:00,1,0.8,0.0
2023-07-01 02:00:00,2,0.2,0.0
2023-07-01 03:00:00,3,0.7,0.0
2023-07-01 04:00:00,4,0.9,0.0
2023-07-01 05:00:00,5,0.0,0.0
2023-07-01 06:00:00,6,0.0,0.0
2023-07-01 07:00:00,7,0.0,0.0
2023-07-01 08:00:00,8,0.0,0.0
2023-07-01 09:00:00,9,5.7,0.0
2023-07-01 10:00:00,10,439.5,0.0
2023-07-01 11:00:00,11,1171.6,0.0
2023-07-01 12:00:00,12,1926.4,2.0
2023-07-01 13:00:00,13,2277.1,1.7
2023-07-01 14:00:00,14,2397.5,3.3
2023-07-01 15:00:00,15,2762.3,2.2
2023-07-01 16:00:00,16,2260.4,1.3
2023-07-01 17:00:00,17,1237.3,1.3
2023-07-01 18:00:00,18,1778.9,0.2
2023-07-01 19:00:00,19,961.2,1.1
2023-07-01 20:00:00,20,338.4,0.2
2023-07-01 21:00:00,21,54.4,0.8
2023-07-01 22:00:00,22,0.0,0.0
2023-07-01 23:00:00,23,0.0,0.0
2023-07-02 00:00:00,0,0.0,0.0
2023-07-02 01:00:00,1,,0.0
2023-07-02 02:00:00,2,0.0,0.0
2023-07-02 03:00:00,3,0.0,0.0
2023-07-02 04:00:00,4,0.0,0.0
2023-07-02 05:00:00,5,0.0,0.0
2023-07-02 06:00:00,6,0.0,0.0
2023-07-02 07:00:00,7,0.0,0.0
2023-07-02 08:00:00,8,0.0,0.0
2023-07-02 09:00:00,9,8.9,0.0
2023-07-02 10:00:00,10,444.0,0.0
2023-07-02 11:00:00,11,1154.2,1.0
2023-07-02 12:00:00,12,1649.9,1.0
2023-07-02 13:00:00,13,2233.2,0.9
2023-07-02 14:00:00,14,1934.5,3.0
2023-07-02 15:00:00,15,2969.1,1.4
2023-07-02 16:00:00,16,2539.2,2.6
2023-07-02 17:00:00,17,1994.9,2.2
2023-07-02 18:00:00,18,2098.1,2.7
2023-07-02 19:00:00,19,669.1,0.5
2023-07-02 20:00:00,20,700.1,1.4
2023-07-02 21:00:00,21,74.7,0.0
2023-07-02 22:00:00,22,0.0,0.8
2023-07-02 23:00:00,23,0.0,0.2
2023-07-03 00:00:00,0,0.0,0.0
2023-07-03 01:00:00,1,0.0,0.0
2023-07-03 02:00:00,2,0.0,0.0
2023-07-03 03:00:00,3,0.0,0.0
2023-07-03 04:00:00,4,0.0,0.0
2023-07-03 05:00:00,5,0.0,0.0
2023-07-03 06:00:00,6,0.0,0.0
2023-07-03 07:00:00,7,0.0,0.0
2023-07-03 08:00:00,8,0.0,0.0
2023-07-03 09:00:00,9,7.7,0.0
2023-07-03 10:00:00,10,259.5,0.0
2023-07-03 11:00:00,11,1161.3,0.0
2023-07-03 12:00:00,12,1471.2,0.0
2023-07-03 13:00:00,13,1559.5,0.0
2023-07-03 14:00:00,14,1729.7,0.0
2023-07-03 15:00:00,15,2685.3,0.1
2023-07-03 16:00:00,16,2338.2,0.1
2023-07-03 17:00:00,17,2445.2,0.0
2023-07-03 18:00:00,18,1123.4,0.0
2023-07-03 19:00:00,19,1509.4,0.0
2023-07-03 20:00:00,20,660.9,0.0
2023-07-03 21:00:00,21,77.0,0.0
2023-07-03 22:00:00,22,0.0,0.2
2023-07-03 23:00:00,23,0.0,0.0
2023-07-04 00:00:00,0,0.0,0.0
2023-07-04 01:00:00,1,0.0,0.0
2023-07-04 02:00:00,2,0.0,0.0
2023-07-04 03:00:00,3,0.0,0.0
2023-07-04 04:00:00,4,0.0,0.0
2023-07-04 05:00:00,5,0.0,0.0
2023-07-04 06:00:00,6,0.0,0.0
2023-07-04 07:00:00,7,0.0,0.0
2023-07-04 08:00:00,8,0.0,0.0
2023-07-04 09:00:00,9,4.4,0.0
2023-07-04 10:00:00,10,254.9,0.0
2023-07-04 11:00:00,11,545.4,0.0
2023-07-04 12:00:00,12,1127.7,0.0
2023-07-04 13:00:00,13,2005.1,0.0
2023-07-04 14:00:00,14,2270.8,0.1
2023-07-04 15:00:00,15,2172.9,0.0
2023-07-04 16:00:00,16,2048.9,0.4
2023-07-04 17:00:00,17,2508.5,0.0
2023-07-04 18:00:00,18,2020.1,0.0
2023-07-04 19:00:00,19,1272.7,0.0
2023-07-04 20:00:00,20,820.1,0.1
2023-07-04 21:00:00,21,75.2,0.0
2023-07-04 22:00:00,22,0.0,0.3
2023-07-04 23:00:00,23,0.0,0.2
2023-07-05 00:00:00,0,0.0,0.0
2023-07-05 01:00:00,1,0.0,0.0
2023-07-05 02:00:00,2,0.0,0.0
2023-07-05 03:00:00,3,0.0,0.0
2023-07-05 04:00:00,4,0.0,0.0
2023-07-05 05:00:00,5,0.0,0.0
2023-07-05 06:00:00,6,0.0,0.0
2023-07-05 07:00:00,7,0.1,0.0
2023-07-05 08:00:00,8,0.1,0.0
2023-07-05 09:00:00,9,9.6,0.0
2023-07-05 10:00:00,10,418.2,0.0
2023-07-05 11:00:00,11,1126.1,0.0
2023-07-05 12:00:00,12,1874.4,0.1
2023-07-05 13:00:00,13,2364.4,0.0
2023-07-05 14:00:00,14,2716.0,0.2
2023-07-05 15:00:00,15,3063.8,3.1
2023-07-05 16:00:00,16,2907.3,3.1
2023-07-05 17:00:00,17,2706.8,2.0
2023-07-05 18:00:00,18,2393.1,1.5
2023-07-05 19:00:00,19,1492.0,0.3
2023-07-05 20:00:00,20,674.7,0.9
2023-07-05 21:00:00,21,68.1,0.0
2023-07-05 22:00:00,22,0.0,0.0
2023-07-05 23:00:00,23,0.0,0.0
2023-07-06 00:00:00,0,0.0,0.0
2023-07-06 01:00:00,1,0.0,0.0
2023-07-06 02:00:00,2,0.0,0.0
2023-07-06 03:00:00,3,0.0,0.0
2023-07-06 04:00:00,4,0.0,0.0
2023-07-06 05:00:00,5,0.0,0.0
2023-07-06 06:00:00,6,0.0,0.0
2023-07-06 07:00:00,7,0.0,0.0
2023-07-06 08:00:00,8,0.2,0.0
2023-07-06 09:00:00,9,7.0,0.0
2023-07-06 10:00:00,10,377.0,0.0
2023-07-06 11:00:00,11,834.1,0.0
2023-07-06 12:00:00,12,1935.4,0.0
2023-07-06 13:00:00,13,2303.0,0.2
2023-07-06 14:00:00,14,2347.5,3.1
2023-07-06 15:00:00,15,2375.2,2.8
2023-07-06 16:00:00,16,1859.2,3.4
2023-07-06 17:00:00,17,1483.5,1.6
2023-07-06 18:00:00,18,1276.2,2.4
2023-07-06 19:00:00,19,696.8,3.4
2023-07-06 20:00:00,20,305.7,1.0
2023-07-06 21:00:00,21,73.3,0.0
2023-07-06 22:00:00,22,0.0,0.0
2023-07-06 23:00:00,23,0.0,0.4
2023-07-07 00:00:00,0,0.0,0.0
2023-07-07 01:00:00,1,0.0,0.0
2023-07-07 02:00:00,2,0.0,0.0
2023-07-07 03:00:00,3,0.0,0.0
2023-07-07 04:00:00,4,0.1,0.0
2023-07-07 05:00:00,5,0.0,0.0
2023-07-07 06:00:00,6,0.0,0.0
2023-07-07 07:00:00,7,0.0,0.0
2023-07-07 08:00:00,8,0.0,0.0
2023-07-07 09:00:00,9,5.5,0.0
2023-07-07 10:00:00,10,177.8,0.0
2023-07-07 11:00:00,11,1194.0,0.0
2023-07-07 12:00:00,12,1356.3,0.0
2023-07-07 13:00:00,13,1403.1,0.2
2023-07-07 14:00:00,14,1636.6,0.0
2023-07-07 15:00:00,15,1344.4,0.1
2023-07-07 16:00:00,16,2249.7,0.2
2023-07-07 17:00:00,17,2239.8,0.1
2023-07-07 18:00:00,18,1891.6,0.0
2023-07-07 19:00:00,19,1167.0,0.0
2023-07-07 20:00:00,20,666.8,0.0
2023-07-07 21:00:00,21,59.2,0.0
2023-07-07 22:00:00,22,0.0,0.8
2023-07-07 23:00:00,23,0.0,0.7
2023-07-08 00:00:00,0,0.0,0.0
2023-07-08 01:00:00,1,0.0,0.0
2023-07-08 02:00:00,2,0.0,0.0
2023-07-08 03:00:00,3,0.0,0.0
2023-07-08 04:00:00,4,0.0,0.0
2023-07-08 05:00:00,5,0.0,0.0
2023-07-08 06:00:00,6,0.5,0.0
2023-07-08 07:00:00,7,0.7,0.0
2023-07-08 08:00:00,8,0.0,0.0
2023-07-08 09:00:00,9,10.3,0.0
2023-07-08 10:00:00,10,491.1,0.0
2023-07-08 11:00:00,11,1130.3,0.1
2023-07-08 12:00:00,12,1615.0,2.8
2023-07-08 13:00:00,13,2301.9,2.5
2023-07-08 14:00:00,14,2178.8,2.3
2023-07-08 15:00:00,15,2317.5,2.3
2023-07-08 16:00:00,16,2010.8,1.0
2023-07-08 17:00:00,17,2496.0,0.0
2023-07-08 18:00:00,18,1575.8,1.7
2023-07-08 19:00:00,19,1231.6,0.0
2023-07-08 20:00:00,20,289.3,0.1
2023-07-08 21:00:00,21,67.3,0.0
2023-07-08 22:00:00,22,0.0,1.9
2023-07-08 23:00:00,23,0.0,0.1
2023-07-09 00:00:00,0,0.0,0.0
2023-07-09 01:00:00,1,,0.0
2023-07-09 02:00:00,2,0.0,0.0
2023-07-09 03:00:00,3,0.0,0.0
2023-07-09 04:00:00,4,0.0,0.0
2023-07-09 05:00:00,5,0.0,0.0
2023-07-09 06:00:00,6,0.0,0.0
2023-07-09 07:00:00,7,0.0,0.0
2023-07-09 08:00:00,8,0.6,0.0
2023-07-09 09:00:00,9,7.2,0.0
2023-07-09 10:00:00,10,382.4,0.0
2023-07-09 11:00:00,11,1139.7,0.0
2023-07-09 12:00:00,12,1930.3,3.2
2023-07-09 13:00:00,13,2481.4,3.2
2023-07-09 14:00:00,14,2386.7,3.1
2023-07-09 15:00:00,15,2693.6,1.5
2023-07-09 16:00:00,16,2730.6,2.0
2023-07-09 17:00:00,17,2402.3,0.6
2023-07-09 18:00:00,18,1750.9,1.0
2023-07-09 19:00:00,19,736.1,0.0
2023-07-09 20:00:00,20,426.6,1.4
2023-07-09 21:00:00,21,57.6,0.3
2023-07-09 22:00:00,22,0.0,0.3
2023-07-09 23:00:00,23,0.0,0.3
2023-07-10 00:00:00,0,0.0,0.0
2023-07-10 01:00:00,1,,0.0
2023-07-10 02:00:00,2,0.0,0.0
2023-07-10 03:00:00,3,0.0,0.0
2023-07-10 04:00:00,4,0.0,0.0
2023-07-10 05:00:00,5,0.0,0.0
2023-07-10 06:00:00,6,0.0,0.0
2023-07-10 07:00:00,7,0.1,0.0
2023-07-10 08:00:00,8,1.9,0.0
2023-07-10 09:00:00,9,6.7,0.0
2023-07-10 10:00:00,10,375.7,0.0
2023-07-10 11:00:00,11,1143.3,1.4
2023-07-10 12:00:00,12,927.5,1.8
2023-07-10 13:00:00,13,2024.0,1.4
2023-07-10 14:00:00,14,1961.9,1.8
2023-07-10 15:00:00,15,2583.8,0.9
2023-07-10 16:00:00,16,2487.4,1.2
2023-07-10 17:00:00,17,2447.7,0.7
2023-07-10 18:00:00,18,2041.4,1.4
2023-07-10 19:00:00,19,1003.3,3.1
2023-07-10 20:00:00,20,404.0,1.1
2023-07-10 21:00:00,21,108.5,0.0
2023-07-10 22:00:00,22,0.0,2.7
2023-07-10 23:00:00,23,0.0,0.7
2023-07-11 00:00:00,0,0.0,0.0
2023-07-11 01:00:00,1,,0.0
2023-07-11 02:00:00,2,0.0,0.0
2023-07-11 03:00:00,3,0.0,0.0
2023-07-11 04:00:00,4,0.0,0.0
2023-07-11 05:00:00,5,0.0,0.0
2023-07-11 06:00:00,6,0.0,0.0
2023-07-11 07:00:00,7,0.0,0.0
2023-07-11 08:00:00,8,0.0,0.0
2023-07-11 09:00:00,9,6.7,0.0
2023-07-11 10:00:00,10,401.1,0.0
2023-07-11 11:00:00,11,1157.1,0.0
2023-07-11 12:00:00,12,1785.0,0.0
2023-07-11 13:00:00,13,2227.9,0.0
2023-07-11 14:00:00,14,2910.5,0.6
2023-07-11 15:00:00,15,3223.2,2.4
2023-07-11 16:00:00,16,2990.0,3.5
2023-07-11 17:00:00,17,2742.3,2.3
2023-07-11 18:00:00,18,2357.8,2.0
2023-07-11 19:00:00,19,1451.0,0.8
2023-07-11 20:00:00,20,898.5,0.0
2023-07-11 21:00:00,21,96.5,0.0
2023-07-11 22:00:00,22,0.0,2.6
2023-07-11 23:00:00,23,0.0,2.6
2023-07-12 00:00:00,0,0.0,1.2
2023-07-12 01:00:00,1,0.0,2.5
2023-07-12 02:00:00,2,0.0,0.0
2023-07-12 03:00:00,3,0.0,0.0
2023-07-12 04:00:00,4,0.0,0.0
2023-07-12 05:00:00,5,0.0,0.0
2023-07-12 06:00:00,6,0.0,0.0
2023-07-12 07:00:00,7,0.0,0.0
2023-07-12 08:00:00,8,0.0,0.0
2023-07-12 09:00:00,9,6.0,0.0
2023-07-12 10:00:00,10,389.0,0.0
2023-07-12 11:00:00,11,1143.9,0.0
2023-07-12 12:00:00,12,1418.3,2.2
2023-07-12 13:00:00,13,1515.6,1.5
2023-07-12 14:00:00,14,2503.1,2.6
2023-07-12 15:00:00,15,1854.3,1.7
2023-07-12 16:00:00,16,2956.7,3.2
2023-07-12 17:00:00,17,2308.8,2.4
2023-07-12 18:00:00,18,2336.0,2.8
2023-07-12 19:00:00,19,1471.8,2.6
2023-07-12 20:00:00,20,496.7,0.6
2023-07-12 21:00:00,21,82.7,0.0
2023-07-12 22:00:00,22,0.0,3.1
2023-07-12 23:00:00,23,0.0,0.0
2023-07-13 00:00:00,0,0.0,0.0
2023-07-13 01:00:00,1,,0.0
2023-07-13 02:00:00,2,0.0,0.0
2023-07-13 03:00:00,3,0.0,0.0
2023-07-13 04:00:00,4,0.0,0.0
2023-07-13 05:00:00,5,0.0,0.0
2023-07-13 06:00:00,6,0.0,0.0
2023-07-13 07:00:00,7,0.0,0.0
2023-07-13 08:00:00,8,0.0,0.0
2023-07-13 09:00:00,9,6.0,0.0
2023-07-13 10:00:00,10,382.1,0.0
2023-07-13 11:00:00,11,1121.0,0.0
2023-07-13 12:00:00,12,1514.5,3.5
2023-07-13 13:00:00,13,2408.9,2.6
2023-07-13 14:00:00,14,2206.8,1.8
2023-07-13 15:00:00,15,2225.6,1.8
2023-07-13 16:00:00,16,1966.2,1.3
2023-07-13 17:00:00,17,1834.3,1.7
2023-07-13 18:00:00,18,2432.4,1.0
2023-07-13 19:00:00,19,1641.8,1.3
2023-07-13 20:00:00,20,560.8,1.1
2023-07-13 21:00:00,21,93.3,0.0
2023-07-13 22:00:00,22,0.0,3.5
2023-07-13 23:00:00,23,0.0,2.8
2023-07-14 00:00:00,0,0.0,2.3
2023-07-14 01:00:00,1,,1.6
2023-07-14 02:00:00,2,0.0,0.0
2023-07-14 03:00:00,3,0.0,0.0
2023-07-14 04:00:00,4,0.0,0.0
2023-07-14 05:00:00,5,0.0,0.0
2023-07-14 06:00:00,6,0.0,0.0
2023-07-14 07:00:00,7,0.0,0.0
2023-07-14 08:00:00,8,0.0,0.0
2023-07-14 09:00:00,9,6.3,0.0
2023-07-14 10:00:00,10,198.8,0.0
2023-07-14 11:00:00,11,752.5,0.0
2023-07-14 12:00:00,12,1061.1,0.0
2023-07-14 13:00:00,13,2097.3,0.0
2023-07-14 14:00:00,14,2383.5,1.8
2023-07-14 15:00:00,15,2663.0,1.0
2023-07-14 16:00:00,16,2220.0,2.5
2023-07-14 17:00:00,17,2332.9,2.0
2023-07-14 18:00:00,18,2054.5,1.2
2023-07-14 19:00:00,19,1422.6,1.3
2023-07-14 20:00:00,20,305.0,1.0
2023-07-14 21:00:00,21,87.6,3.6
2023-07-14 22:00:00,22,0.0,4.5
2023-07-14 23:00:00,23,0.0,1.9
2023-07-15 00:00:00,0,0.0,0.6
2023-07-15 01:00:00,1,,0.2
2023-07-15 02:00:00,2,0.0,0.0
2023-07-15 03:00:00,3,0.0,0.0
2023-07-15 04:00:00,4,0.0,0.0
2023-07-15 05:00:00,5,0.0,0.0
2023-07-15 06:00:00,6,0.0,0.0
2023-07-15 07:00:00,7,0.0,0.0
2023-07-15 08:00:00,8,0.0,0.0
2023-07-15 09:00:00,9,8.6,0.0
2023-07-15 10:00:00,10,404.0,0.0
2023-07-15 11:00:00,11,1174.8,0.1
2023-07-15 12:00:00,12,1131.5,0.0
2023-07-15 13:00:00,13,2313.4,0.1
2023-07-15 14:00:00,14,2404.9,0.3
2023-07-15 15:00:00,15,2632.6,1.1
2023-07-15 16:00:00,16,3059.4,0.8
2023-07-15 17:00:00,17,1721.4,0.7
2023-07-15 18:00:00,18,2193.5,0.9
2023-07-15 19:00:00,19,1157.9,0.0
2023-07-15 20:00:00,20,804.7,0.0
2023-07-15 21:00:00,21,61.2,1.3
2023-07-15 22:00:00,22,0.0,0.1
2023-07-15 23:00:00,23,0.0,0.9
2023-07-16 00:00:00,0,0.0,0.0
2023-07-16 01:00:00,1,0.0,0.0
2023-07-16 02:00:00,2,0.0,0.0
2023-07-16 03:00:00,3,0.0,0.0
2023-07-16 04:00:00,4,0.0,0.0
2023-07-16 05:00:00,5,0.0,0.0
2023-07-16 06:00:00,6,0.0,0.0
2023-07-16 07:00:00,7,0.0,0.0
2023-07-16 08:00:00,8,0.7,0.0
2023-07-16 09:00:00,9,4.5,0.0
2023-07-16 10:00:00,10,166.3,0.0
2023-07-16 11:00:00,11,756.8,0.0
2023-07-16 12:00:00,12,1343.6,0.0
2023-07-16 13:00:00,13,1563.5,0.0
2023-07-16 14:00:00,14,2069.5,0.3
2023-07-16 15:00:00,15,2058.6,1.5
2023-07-16 16:00:00,16,1907.4,0.1
2023-07-16 17:00:00,17,1741.1,0.0
2023-07-16 18:00:00,18,1761.0,1.3
2023-07-16 19:00:00,19,973.8,1.6
2023-07-16 20:00:00,20,747.2,0.8
2023-07-16 21:00:00,21,31.0,0.0
2023-07-16 22:00:00,22,0.0,1.5
2023-07-16 23:00:00,23,0.0,1.1
2023-07-17 00:00:00,0,0.0,1.8
2023-07-17 01:00:00,1,0.0,1.6
2023-07-17 02:00:00,2,0.0,1.4
2023-07-17 03:00:00,3,0.0,0.0
2023-07-17 04:00:00,4,0.0,0.0
2023-07-17 05:00:00,5,0.0,0.0
2023-07-17 06:00:00,6,0.0,0.0
2023-07-17 07:00:00,7,0.0,0.0
2023-07-17 08:00:00,8,0.0,0.0
2023-07-17 09:00:00,9,7.2,0.0
2023-07-17 10:00:00,10,402.3,0.0
2023-07-17 11:00:00,11,1138.4,2.5
2023-07-17 12:00:00,12,1726.2,3.4
2023-07-17 13:00:00,13,2042.0,4.1
2023-07-17 14:00:00,14,3032.7,4.9
2023-07-17 15:00:00,15,3204.4,4.2
2023-07-17 16:00:00,16,2004.6,2.9
2023-07-17 17:00:00,17,2466.5,2.2
2023-07-17 18:00:00,18,2265.2,3.7
2023-07-17 19:00:00,19,1649.3,2.0
2023-07-17 20:00:00,20,783.0,1.6
2023-07-17 21:00:00,21,58.2,1.2
2023-07-17 22:00:00,22,0.0,0.7
2023-07-17 23:00:00,23,0.0,0.7
2023-07-18 00:00:00,0,0.0,0.3
2023-07-18 01:00:00,1,0.0,0.0
2023-07-18 02:00:00,2,0.0,0.0
2023-07-18 03:00:00,3,0.0,0.0
2023-07-18 04:00:00,4,0.0,0.0
2023-07-18 05:00:00,5,0.0,0.0
2023-07-18 06:00:00,6,0.0,0.0
2023-07-18 07:00:00,7,0.0,0.0
2023-07-18 08:00:00,8,0.8,0.0
2023-07-18 09:00:00,9,5.5,0.0
2023-07-18 10:00:00,10,331.7,0.0
2023-07-18 11:00:00,11,956.8,0.0
2023-07-18 12:00:00,12,1523.4,1.1
2023-07-18 13:00:00,13,2405.5,3.3
2023-07-18 14:00:00,14,2752.1,4.2
2023-07-18 15:00:00,15,2680.9,3.3
2023-07-18 16:00:00,16,2994.2,5.3
2023-07-18 17:00:00,17,1927.3,3.2
2023-07-18 18:00:00,18,1575.3,5.0
2023-07-18 19:00:00,19,735.0,2.3
2023-07-18 20:00:00,20,673.4,3.0
2023-07-18 21:00:00,21,74.7,3.1
2023-07-18 22:00:00,22,0.0,2.8
2023-07-18 23:00:00,23,0.0,1.6
2023-07-19 00:00:00,0,0.0,0.3
2023-07-19 01:00:00,1,,
2023-07-19 02:00:00,2,,
2023-07-19 03:00:00,3,,
2023-07-19 04:00:00,4,,
2023-07-19 05:00:00,5,,
2023-07-19 06:00:00,6,,
2023-07-19 07:00:00,7,,
2023-07-19 08:00:00,8,,
2023-07-19 09:00:00,9,,
2023-07-19 10:00:00,10,,
2023-07-19 11:00:00,11,,
2023-07-19 12:00:00,12,,
2023-07-19 13:00:00,13,,
2023-07-19 14:00:00,14,,
2023-07-19 15:00:00,15,,
2023-07-19 16:00:00,16,,
2023-07-19 17:00:00,17,,
2023-07-19 18:00:00,18,,
2023-07-19 19:00:00,19,,
2023-07-19 20:00:00,20,,
2023-07-19 21:00:00,21,,
2023-07-19 22:00:00,22,,
2023-07-19 23:00:00,23,,
2023-07-20 00:00:00,0,,
2023-07-20 01:00:00,1,,
2023-07-20 02:00:00,2,,
2023-07-20 03:00:00,3,,
2023-07-20 04:00:00,4,,
2023-07-20 05:00:00,5,,
2023-07-20 06:00:00,6,,
2023-07-20 07:00:00,7,,
2023-07-20 08:00:00,8,,
2023-07-20 09:00:00,9,,
2023-07-20 10:00:00,10,,
2023-07-20 11:00:00,11,,
2023-07-20 12:00:00,12,,
2023-07-20 13:00:00,13,,
2023-07-20 14:00:00,14,,
2023-07-20 15:00:00,15,,
2023-07-20 16:00:00,16,,
2023-07-20 17:00:00,17,,
2023-07-20 18:00:00,18,,
2023-07-20 19:00:00,19,,
2023-07-20 20:00:00,20,,
2023-07-20 21:00:00,21,,
2023-07-20 22:00:00,22,,
2023-07-20 23:00:00,23,,
2023-07-21 00:00:00,0,,
2023-07-21 01:00:00,1,,
2023-07-21 02:00:00,2,,
2023-07-21 03:00:00,3,,
2023-07-21 04:00:00,4,,
2023-07-21 05:00:00,5,,
2023-07-21 06:00:00,6,,
2023-07-21 07:00:00,7,,
2023-07-21 08:00:00,8,,
2023-07-21 09:00:00,9,,
2023-07-21 10:00:00,10,,
2023-07-21 11:00:00,11,,
2023-07-21 12:00:00,12,,
2023-07-21 13:00:00,13,,
2023-07-21 14:00:00,14,,
2023-07-21 15:00:00,15,,
2023-07-21 16:00:00,16,,
2023-07-21 17:00:00,17,,
2023-07-21 18:00:00,18,,
2023-07-21 19:00:00,19,,
2023-07-21 20:00:00,20,,
2023-07-21 21:00:00,21,,
2023-07-21 22:00:00,22,,
2023-07-21 23:00:00,23,,
2023-07-22 00:00:00,0,,
2023-07-22 01:00:00,1,,
2023-07-22 02:00:00,2,,
2023-07-22 03:00:00,3,,
2023-07-22 04:00:00,4,,
2023-07-22 05:00:00,5,,
2023-07-22 06:00:00,6,,
2023-07-22 07:00:00,7,,
2023-07-22 08:00:00,8,,
2023-07-22 09:00:00,9,,
2023-07-22 10:00:00,10,,
2023-07-22 11:00:00,11,,
2023-07-22 12:00:00,12,,
2023-07-22 13:00:00,13,,
2023-07-22 14:00:00,14,,
2023-07-22 15:00:00,15,,
2023-07-22 16:00:00,16,,
2023-07-22 17:00:00,17,,
2023-07-22 18:00:00,18,,
2023-07-22 19:00:00,19,,
2023-07-22 20:00:00,20,,
2023-07-22 21:00:00,21,,
2023-07-22 22:00:00,22,,
2023-07-22 23:00:00,23,,
2023-07-23 00:00:00,0,,
2023-07-23 01:00:00,1,,
2023-07-23 02:00:00,2,,
2023-07-23 03:00:00,3,,
2023-07-23 04:00:00,4,,
2023-07-23 05:00:00,5,,
2023-07-23 06:00:00,6,,
2023-07-23 07:00:00,7,,
2023-07-23 08:00:00,8,,
2023-07-23 09:00:00,9,,
2023-07-23 10:00:00,10,,
2023-07-23 11:00:00,11,,
2023-07-23 12:00:00,12,,
2023-07-23 13:00:00,13,,
2023-07-23 14:00:00,14,,
2023-07-23 15:00:00,15,,
2023-07-23 16:00:00,16,,
2023-07-23 17:00:00,17,,
2023-07-23 18:00:00,18,,
2023-07-23 19:00:00,19,,
2023-07-23 20:00:00,20,,
2023-07-23 21:00:00,21,,
2023-07-23 22:00:00,22,,
2023-07-23 23:00:00,23,,
2023-07-24 00:00:00,0,,
2023-07-24 01:00:00,1,,
2023-07-24 02:00:00,2,,
2023-07-24 03:00:00,3,,
2023-07-24 04:00:00,4,,
2023-07-24 05:00:00,5,,
2023-07-24 06:00:00,6,,
2023-07-24 07:00:00,7,,
2023-07-24 08:00:00,8,,
2023-07-24 09:00:00,9,,
2023-07-24 10:00:00,10,,
2023-07-24 11:00:00,11,,
2023-07-24 12:00:00,12,,
2023-07-24 13:00:00,13,,
2023-07-24 14:00:00,14,,
2023-07-24 15:00:00,15,,
2023-07-24 16:00:00,16,,
2023-07-24 17:00:00,17,,
2023-07-24 18:00:00,18,,
2023-07-24 19:00:00,19,,
2023-07-24 20:00:00,20,,
2023-07-24 21:00:00,21,,
2023-07-24 22:00:00,22,,
2023-07-24 23:00:00,23,,
2023-07-25 00:00:00,0,,
2023-07-25 01:00:00,1,,
2023-07-25 02:00:00,2,,
2023-07-25 03:00:00,3,,
2023-07-25 04:00:00,4,,
2023-07-25 05:00:00,5,,
2023-07-25 06:00:00,6,,
2023-07-25 07:00:00,7,,
2023-07-25 08:00:00,8,,
2023-07-25 09:00:00,9,,
2023-07-25 10:00:00,10,,
2023-07-25 11:00:00,11,,
2023-07-25 12:00:00,12,,
2023-07-25 13:00:00,13,,
2023-07-25 14:00:00,14,,
2023-07-25 15:00:00,15,,
2023-07-25 16:00:00,16,,
2023-07-25 17:00:00,17,,
2023-07-25 18:00:00,18,,
2023-07-25 19:00:00,19,,
2023-07-25 20:00:00,20,,
2023-07-25 21:00:00,21,,
2023-07-25 22:00:00,22,,
2023-07-25 23:00:00,23,,
2023-07-26 00:00:00,0,,
2023-07-26 01:00:00,1,,
2023-07-26 02:00:00,2,,
2023-07-26 03:00:00,3,,
2023-07-26 04:00:00,4,,
2023-07-26 05:00:00,5,,
2023-07-26 06:00:00,6,,
2023-07-26 07:00:00,7,,
2023-07-26 08:00:00,8,,
2023-07-26 09:00:00,9,,
2023-07-26 10:00:00,10,,
2023-07-26 11:00:00,11,,
2023-07-26 12:00:00,12,,
2023-07-26 13:00:00,13,,
2023-07-26 14:00:00,14,,
2023-07-26 15:00:00,15,,
2023-07-26 16:00:00,16,,
2023-07-26 17:00:00,17,,
2023-07-26 18:00:00,18,,
2023-07-26 19:00:00,19,,
2023-07-26 20:00:00,20,,
2023-07-26 21:00:00,21,,
2023-07-26 22:00:00,22,,
2023-07-26 23:00:00,23,,
2023-07-27 00:00:00,0,,
2023-07-27 01:00:00,1,,
2023-07-27 02:00:00,2,,
2023-07-27 03:00:00,3,0.0,0.0
2023-07-27 04:00:00,4,0.0,0.0
2023-07-27 05:00:00,5,0.0,0.0
2023-07-27 06:00:00,6,0.4,0.0
2023-07-27 07:00:00,7,0.0,0.0
2023-07-27 08:00:00,8,0.0,0.0
2023-07-27 09:00:00,9,7.5,0.0
2023-07-27 10:00:00,10,388.1,0.0
2023-07-27 11:00:00,11,1053.2,0.0
2023-07-27 12:00:00,12,1989.8,3.5
2023-07-27 13:00:00,13,2628.8,3.2
2023-07-27 14:00:00,14,3026.0,3.2
2023-07-27 15:00:00,15,3168.8,2.9
2023-07-27 16:00:00,16,2670.9,1.5
2023-07-27 17:00:00,17,2355.4,2.0
2023-07-27 18:00:00,18,2134.0,2.2
2023-07-27 19:00:00,19,1486.0,1.1
2023-07-27 20:00:00,20,883.5,0.8
2023-07-27 21:00:00,21,123.8,0.0
2023-07-27 22:00:00,22,0.0,3.9
2023-07-27 23:00:00,23,0.0,3.0
2023-07-28 00:00:00,0,0.0,0.2
2023-07-28 01:00:00,1,,0.1
2023-07-28 02:00:00,2,0.0,0.0
2023-07-28 03:00:00,3,0.0,0.0
2023-07-28 04:00:00,4,0.0,0.0
2023-07-28 05:00:00,5,0.0,0.0
2023-07-28 06:00:00,6,0.0,0.0
2023-07-28 07:00:00,7,0.0,0.0
2023-07-28 08:00:00,8,0.0,0.0
2023-07-28 09:00:00,9,5.7,0.0
2023-07-28 10:00:00,10,330.1,0.0
2023-07-28 11:00:00,11,1075.8,0.1
2023-07-28 12:00:00,12,1054.0,0.0
2023-07-28 13:00:00,13,2319.0,0.0
2023-07-28 14:00:00,14,2902.4,0.3
2023-07-28 15:00:00,15,2413.2,0.5
2023-07-28 16:00:00,16,2685.7,0.0
2023-07-28 17:00:00,17,2137.5,0.0
2023-07-28 18:00:00,18,1195.0,0.0
2023-07-28 19:00:00,19,1005.5,0.0
2023-07-28 20:00:00,20,427.2,0.0
2023-07-28 21:00:00,21,65.4,0.0
2023-07-28 22:00:00,22,0.0,0.3
2023-07-28 23:00:00,23,0.0,0.1
2023-07-29 00:00:00,0,0.0,0.0
2023-07-29 01:00:00,1,0.0,0.0
2023-07-29 02:00:00,2,0.0,0.0
2023-07-29 03:00:00,3,0.0,0.0
2023-07-29 04:00:00,4,0.0,0.0
2023-07-29 05:00:00,5,0.0,0.0
2023-07-29 06:00:00,6,0.0,0.0
2023-07-29 07:00:00,7,0.0,0.0
2023-07-29 08:00:00,8,0.0,0.0
2023-07-29 09:00:00,9,5.7,0.0
2023-07-29 10:00:00,10,305.0,0.0
2023-07-29 11:00:00,11,1053.6,0.0
2023-07-29 12:00:00,12,1326.1,0.0
2023-07-29 13:00:00,13,2241.7,0.0
2023-07-29 14:00:00,14,2648.4,0.0
2023-07-29 15:00:00,15,1825.3,0.0
2023-07-29 16:00:00,16,2676.6,0.1
2023-07-29 17:00:00,17,2017.4,0.0
2023-07-29 18:00:00,18,1661.4,0.0
2023-07-29 19:00:00,19,1070.2,0.1
2023-07-29 20:00:00,20,874.7,0.0
2023-07-29 21:00:00,21,96.7,0.6
2023-07-29 22:00:00,22,0.0,1.2
2023-07-29 23:00:00,23,0.0,2.0
2023-07-30 00:00:00,0,0.0,0.5
2023-07-30 01:00:00,1,0.0,0.1
2023-07-30 02:00:00,2,0.0,0.0
2023-07-30 03:00:00,3,0.0,0.0
2023-07-30 04:00:00,4,0.0,0.0
2023-07-30 05:00:00,5,0.0,0.0
2023-07-30 06:00:00,6,0.0,0.0
2023-07-30 07:00:00,7,0.0,0.0
2023-07-30 08:00:00,8,0.0,0.0
2023-07-30 09:00:00,9,6.3,0.0
2023-07-30 10:00:00,10,354.6,0.0
2023-07-30 11:00:00,11,1178.1,0.0
2023-07-30 12:00:00,12,1948.8,0.1
2023-07-30 13:00:00,13,2525.7,0.0
2023-07-30 14:00:00,14,2919.7,0.6
2023-07-30 15:00:00,15,2855.7,0.0
2023-07-30 16:00:00,16,3157.9,1.8
2023-07-30 17:00:00,17,2592.1,0.1
2023-07-30 18:00:00,18,2397.3,0.3
2023-07-30 19:00:00,19,1630.0,0.0
2023-07-30 20:00:00,20,827.8,0.0
2023-07-30 21:00:00,21,110.9,0.0
2023-07-30 22:00:00,22,0.0,2.2
2023-07-30 23:00:00,23,0.0,0.7
2023-07-31 00:00:00,0,0.0,0.2
2023-07-31 01:00:00,1,,0.0
2023-07-31 02:00:00,2,0.0,0.0
2023-07-31 03:00:00,3,0.0,0.0
2023-07-31 04:00:00,4,0.0,0.0
2023-07-31 05:00:00,5,0.0,0.0
2023-07-31 06:00:00,6,0.0,0.0
2023-07-31 07:00:00,7,1.7,0.0
2023-07-31 08:00:00,8,1.1,0.0
2023-07-31 09:00:00,9,4.9,0.0
2023-07-31 10:00:00,10,307.4,0.0
2023-07-31 11:00:00,11,944.3,0.0
2023-07-31 12:00:00,12,925.3,0.0
2023-07-31 13:00:00,13,1373.7,0.0
2023-07-31 14:00:00,14,1985.9,0.0
2023-07-31 15:00:00,15,2403.3,0.4
2023-07-31 16:00:00,16,2772.7,1.2
2023-07-31 17:00:00,17,2622.4,0.2
2023-07-31 18:00:00,18,2435.9,0.7
2023-07-31 19:00:00,19,1790.3,1.0
2023-07-31 20:00:00,20,648.2,0.0
2023-07-31 21:00:00,21,124.7,0.0
2023-07-31 22:00:00,22,0.0,3.3
2023-07-31 23:00:00,23,0.0,0.9
2023-08-01 00:00:00,0,0.0,0.2
2023-08-01 01:00:00,1,0.0,0.0
2023-08-01 02:00:00,2,0.0,0.0
2023-08-01 03:00:00,3,0.0,0.0
2023-08-01 04:00:00,4,0.0,0.0
2023-08-01 05:00:00,5,0.0,0.0
2023-08-01 06:00:00,6,0.0,0.0
2023-08-01 07:00:00,7,0.0,0.0
2023-08-01 08:00:00,8,0.0,0.0
2023-08-01 09:00:00,9,6.8,0.0
2023-08-01 10:00:00,10,346.6,0.0
2023-08-01 11:00:00,11,1157.0,0.0
2023-08-01 12:00:00,12,1629.3,0.8
2023-08-01 13:00:00,13,1700.5,1.2
2023-08-01 14:00:00,14,2217.9,0.0
2023-08-01 15:00:00,15,2547.9,0.8
2023-08-01 16:00:00,16,3060.9,0.8
2023-08-01 17:00:00,17,2760.4,0.1
2023-08-01 18:00:00,18,2599.2,0.0
2023-08-01 19:00:00,19,1552.1,0.0
2023-08-01 20:00:00,20,927.1,0.0
2023-08-01 21:00:00,21,,
2023-08-01 22:00:00,22,0.0,2.4
2023-08-01 23:00:00,23,0.0,2.0
2023-08-02 00:00:00,0,0.0,1.0
2023-08-02 01:00:00,1,0.0,0.6
2023-08-02 02:00:00,2,0.0,0.1
2023-08-02 03:00:00,3,0.0,0.0
2023-08-02 04:00:00,4,0.0,0.0
2023-08-02 05:00:00,5,0.0,0.0
2023-08-02 06:00:00,6,0.0,0.0
2023-08-02 07:00:00,7,0.0,0.0
2023-08-02 08:00:00,8,0.7,0.0
2023-08-02 09:00:00,9,4.9,0.0
2023-08-02 10:00:00,10,140.6,0.0
2023-08-02 11:00:00,11,518.4,0.0
2023-08-02 12:00:00,12,1504.3,0.0
2023-08-02 13:00:00,13,2457.4,0.4
2023-08-02 14:00:00,14,2991.8,0.0
2023-08-02 15:00:00,15,2705.3,0.0
2023-08-02 16:00:00,16,2643.8,0.3
2023-08-02 17:00:00,17,1722.1,0.0
2023-08-02 18:00:00,18,1681.7,0.0
2023-08-02 19:00:00,19,1296.9,0.0
2023-08-02 20:00:00,20,737.8,0.0
2023-08-02 21:00:00,21,113.8,0.0
2023-08-02 22:00:00,22,0.0,3.7
2023-08-02 23:00:00,23,0.0,2.9
2023-08-03 00:00:00,0,0.0,0.1
2023-08-03 01:00:00,1,,0.2
2023-08-03 02:00:00,2,0.0,0.0
2023-08-03 03:00:00,3,0.0,0.0
2023-08-03 04:00:00,4,0.0,0.0
2023-08-03 05:00:00,5,0.0,0.0
2023-08-03 06:00:00,6,0.0,0.0
2023-08-03 07:00:00,7,0.0,0.0
2023-08-03 08:00:00,8,0.1,0.0
2023-08-03 09:00:00,9,8.8,0.0
2023-08-03 10:00:00,10,261.4,0.0
2023-08-03 11:00:00,11,869.3,0.1
2023-08-03 12:00:00,12,1175.2,0.0
2023-08-03 13:00:00,13,1946.3,0.1
2023-08-03 14:00:00,14,1674.1,1.4
2023-08-03 15:00:00,15,2980.4,1.8
2023-08-03 16:00:00,16,2616.5,0.0
2023-08-03 17:00:00,17,2205.5,0.3
2023-08-03 18:00:00,18,1717.8,0.2
2023-08-03 19:00:00,19,1847.4,0.0
2023-08-03 20:00:00,20,300.5,0.0
2023-08-03 21:00:00,21,64.7,0.0
2023-08-03 22:00:00,22,0.0,4.1
2023-08-03 23:00:00,23,0.0,1.5
2023-08-04 00:00:00,0,0.0,2.7
2023-08-04 01:00:00,1,0.0,0.8
2023-08-04 02:00:00,2,0.0,0.0
2023-08-04 03:00:00,3,0.0,0.0
2023-08-04 04:00:00,4,0.0,0.0
2023-08-04 05:00:00,5,0.0,0.0
2023-08-04 06:00:00,6,0.0,0.0
2023-08-04 07:00:00,7,0.8,0.0
2023-08-04 08:00:00,8,0.6,0.0
2023-08-04 09:00:00,9,5.6,0.0
2023-08-04 10:00:00,10,228.4,0.0
2023-08-04 11:00:00,11,1171.7,0.0
2023-08-04 12:00:00,12,1729.4,0.0
2023-08-04 13:00:00,13,2541.8,0.6
2023-08-04 14:00:00,14,1931.1,0.0
2023-08-04 15:00:00,15,2573.2,0.1
2023-08-04 16:00:00,16,2569.4,0.4
2023-08-04 17:00:00,17,1994.5,0.0
2023-08-04 18:00:00,18,2222.0,0.0
2023-08-04 19:00:00,19,1535.9,0.0
2023-08-04 20:00:00,20,647.2,0.0
2023-08-04 21:00:00,21,144.6,4.3
2023-08-04 22:00:00,22,0.0,4.2
2023-08-04 23:00:00,23,0.0,3.1
2023-08-05 00:00:00,0,0.0,1.3
2023-08-05 01:00:00,1,0.0,2.4
2023-08-05 02:00:00,2,0.0,1.3
2023-08-05 03:00:00,3,0.0,1.9
2023-08-05 04:00:00,4,0.0,0.2
2023-08-05 05:00:00,5,0.0,0.0
2023-08-05 06:00:00,6,0.0,0.0
2023-08-05 07:00:00,7,0.0,0.0
2023-08-05 08:00:00,8,0.0,0.0
2023-08-05 09:00:00,9,4.7,0.0
2023-08-05 10:00:00,10,178.2,0.0
2023-08-05 11:00:00,11,732.7,0.0
2023-08-05 12:00:00,12,1239.9,2.4
2023-08-05 13:00:00,13,1856.3,3.6
2023-08-05 14:00:00,14,1464.4,2.3
2023-08-05 15:00:00,15,2441.5,1.9
2023-08-05 16:00:00,16,1993.2,1.5
2023-08-05 17:00:00,17,2571.9,2.6
2023-08-05 18:00:00,18,2081.2,1.0
2023-08-05 19:00:00,19,1422.9,0.6
2023-08-05 20:00:00,20,535.4,0.0
2023-08-05 21:00:00,21,65.2,0.0
2023-08-05 22:00:00,22,0.0,2.8
2023-08-05 23:00:00,23,0.0,3.4
2023-08-06 00:00:00,0,0.0,1.6
2023-08-06 01:00:00,1,0.0,2.2
2023-08-06 02:00:00,2,0.0,2.1
2023-08-06 03:00:00,3,0.0,2.1
2023-08-06 04:00:00,4,0.0,0.0
2023-08-06 05:00:00,5,0.0,0.0
2023-08-06 06:00:00,6,0.0,0.0
2023-08-06 07:00:00,7,0.0,0.0
2023-08-06 08:00:00,8,0.0,0.0
2023-08-06 09:00:00,9,7.1,0.0
2023-08-06 10:00:00,10,122.3,0.0
2023-08-06 11:00:00,11,829.6,0.0
2023-08-06 12:00:00,12,1409.8,1.8
2023-08-06 13:00:00,13,1097.8,2.4
2023-08-06 14:00:00,14,2140.7,2.3
2023-08-06 15:00:00,15,2778.1,2.9
2023-08-06 16:00:00,16,1617.7,2.1
2023-08-06 17:00:00,17,2334.3,1.7
2023-08-06 18:00:00,18,1969.9,1.0
2023-08-06 19:00:00,19,1267.8,0.3
2023-08-06 20:00:00,20,379.1,0.0
2023-08-06 21:00:00,21,67.3,3.9
2023-08-06 22:00:00,22,0.0,4.0
2023-08-06 23:00:00,23,0.0,3.0
2023-08-07 00:00:00,0,0.0,3.2
2023-08-07 01:00:00,1,0.0,0.9
2023-08-07 02:00:00,2,0.0,0.0
2023-08-07 03:00:00,3,0.0,0.0
2023-08-07 04:00:00,4,0.0,0.0
2023-08-07 05:00:00,5,0.2,0.0
2023-08-07 06:00:00,6,0.9,0.0
2023-08-07 07:00:00,7,0.4,0.0
2023-08-07 08:00:00,8,0.1,0.0
2023-08-07 09:00:00,9,6.0,0.0
2023-08-07 10:00:00,10,312.1,0.0
2023-08-07 11:00:00,11,1172.9,0.0
2023-08-07 12:00:00,12,2016.8,4.3
2023-08-07 13:00:00,13,2738.2,1.6
2023-08-07 14:00:00,14,2783.3,1.8
2023-08-07 15:00:00,15,3313.1,1.7
2023-08-07 16:00:00,16,3065.7,1.4
2023-08-07 17:00:00,17,2398.8,1.6
2023-08-07 18:00:00,18,2038.6,0.3
2023-08-07 19:00:00,19,1606.5,0.0
2023-08-07 20:00:00,20,827.3,1.5
2023-08-07 21:00:00,21,100.6,4.9
2023-08-07 22:00:00,22,0.0,4.8
2023-08-07 23:00:00,23,0.0,1.3
2023-08-08 00:00:00,0,0.0,0.0
2023-08-08 01:00:00,1,0.0,0.0
2023-08-08 02:00:00,2,0.0,0.0
2023-08-08 03:00:00,3,0.0,0.0
2023-08-08 04:00:00,4,0.3,0.0
2023-08-08 05:00:00,5,0.0,0.0
2023-08-08 06:00:00,6,0.0,0.0
2023-08-08 07:00:00,7,0.0,0.0
2023-08-08 08:00:00,8,0.0,0.0
2023-08-08 09:00:00,9,7.8,0.0
2023-08-08 10:00:00,10,388.3,0.0
2023-08-08 11:00:00,11,1134.4,0.0
2023-08-08 12:00:00,12,2062.0,0.8
2023-08-08 13:00:00,13,2664.5,2.1
2023-08-08 14:00:00,14,3025.7,2.9
2023-08-08 15:00:00,15,3219.6,4.0
2023-08-08 16:00:00,16,3239.5,2.7
2023-08-08 17:00:00,17,2712.5,3.9
2023-08-08 18:00:00,18,2362.2,4.0
2023-08-08 19:00:00,19,1917.0,3.4
2023-08-08 20:00:00,20,946.6,2.6
2023-08-08 21:00:00,21,92.1,1.6
2023-08-08 22:00:00,22,0.0,3.3
2023-08-08 23:00:00,23,0.0,3.1
2023-08-09 00:00:00,0,0.0,2.4
2023-08-09 01:00:00,1,0.0,2.3
2023-08-09 02:00:00,2,0.0,0.8
2023-08-09 03:00:00,3,0.0,1.7
2023-08-09 04:00:00,4,0.0,0.6
2023-08-09 05:00:00,5,0.0,0.0
2023-08-09 06:00:00,6,1.0,0.0
2023-08-09 07:00:00,7,0.6,0.0
2023-08-09 08:00:00,8,0.1,0.0
2023-08-09 09:00:00,9,3.8,0.0
2023-08-09 10:00:00,10,454.7,2.3
2023-08-09 11:00:00,11,1054.8,4.2
2023-08-09 12:00:00,12,1426.9,3.6
2023-08-09 13:00:00,13,2541.7,5.1
2023-08-09 14:00:00,14,3081.5,4.1
2023-08-09 15:00:00,15,3020.5,4.0
2023-08-09 16:00:00,16,2850.8,4.2
2023-08-09 17:00:00,17,2634.7,4.0
2023-08-09 18:00:00,18,2404.1,3.6
2023-08-09 19:00:00,19,1702.5,2.0
2023-08-09 20:00:00,20,812.5,2.8
2023-08-09 21:00:00,21,85.9,1.9
2023-08-09 22:00:00,22,0.0,3.5
2023-08-09 23:00:00,23,0.0,3.4
2023-08-10 00:00:00,0,0.0,2.3
2023-08-10 01:00:00,1,,2.5
2023-08-10 02:00:00,2,0.0,0.5
2023-08-10 03:00:00,3,0.0,0.0
2023-08-10 04:00:00,4,0.0,0.0
2023-08-10 05:00:00,5,0.0,0.0
2023-08-10 06:00:00,6,0.0,0.0
2023-08-10 07:00:00,7,0.9,0.0
2023-08-10 08:00:00,8,0.6,0.0
2023-08-10 09:00:00,9,7.1,0.0
2023-08-10 10:00:00,10,371.9,0.0
2023-08-10 11:00:00,11,1145.0,3.1
2023-08-10 12:00:00,12,1949.3,2.6
2023-08-10 13:00:00,13,2716.2,2.9
2023-08-10 14:00:00,14,3079.9,2.7
2023-08-10 15:00:00,15,3306.6,3.4
2023-08-10 16:00:00,16,3234.8,3.3
2023-08-10 17:00:00,17,2878.9,2.0
2023-08-10 18:00:00,18,2542.5,1.1
2023-08-10 19:00:00,19,1699.0,1.6
2023-08-10 20:00:00,20,560.1,2.0
2023-08-10 21:00:00,21,67.1,5.0
2023-08-10 22:00:00,22,0.0,3.1
2023-08-10 23:00:00,23,0.0,2.5
2023-08-11 00:00:00,0,0.0,2.5
2023-08-11 01:00:00,1,0.0,2.4
2023-08-11 02:00:00,2,0.0,0.0
2023-08-11 03:00:00,3,0.0,0.0
2023-08-11 04:00:00,4,0.0,0.0
2023-08-11 05:00:00,5,0.0,0.0
2023-08-11 06:00:00,6,0.0,0.0
2023-08-11 07:00:00,7,0.0,0.0
2023-08-11 08:00:00,8,0.0,0.0
2023-08-11 09:00:00,9,9.9,0.0
2023-08-11 10:00:00,10,484.2,0.0
2023-08-11 11:00:00,11,1079.2,0.0
2023-08-11 12:00:00,12,1567.5,2.5
2023-08-11 13:00:00,13,1629.1,2.3
2023-08-11 14:00:00,14,2742.8,2.4
2023-08-11 15:00:00,15,2764.6,1.2
2023-08-11 16:00:00,16,2500.3,2.4
2023-08-11 17:00:00,17,2127.7,0.0
2023-08-11 18:00:00,18,1989.8,1.1
2023-08-11 19:00:00,19,725.7,0.0
2023-08-11 20:00:00,20,615.3,0.0
2023-08-11 21:00:00,21,46.2,0.0
2023-08-11 22:00:00,22,0.0,3.3
2023-08-11 23:00:00,23,0.0,3.8
2023-08-12 00:00:00,0,0.0,0.8
2023-08-12 01:00:00,1,0.0,0.1
2023-08-12 02:00:00,2,0.0,0.0
2023-08-12 03:00:00,3,0.0,0.0
2023-08-12 04:00:00,4,0.0,0.0
2023-08-12 05:00:00,5,0.0,0.0
2023-08-12 06:00:00,6,0.0,0.0
2023-08-12 07:00:00,7,0.0,0.0
2023-08-12 08:00:00,8,0.0,0.0
2023-08-12 09:00:00,9,9.1,0.0
2023-08-12 10:00:00,10,417.2,0.0
2023-08-12 11:00:00,11,1173.4,0.8
2023-08-12 12:00:00,12,1290.6,0.9
2023-08-12 13:00:00,13,2383.2,1.7
2023-08-12 14:00:00,14,2334.0,2.4
2023-08-12 15:00:00,15,2321.6,1.7
2023-08-12 16:00:00,16,2589.6,1.0
2023-08-12 17:00:00,17,2106.2,1.5
2023-08-12 18:00:00,18,2447.4,2.4
2023-08-12 19:00:00,19,1016.7,0.8
2023-08-12 20:00:00,20,1032.2,0.0
2023-08-12 21:00:00,21,73.4,0.0
2023-08-12 22:00:00,22,0.0,4.7
2023-08-12 23:00:00,23,0.0,2.9
2023-08-13 00:00:00,0,0.0,3.6
2023-08-13 01:00:00,1,0.0,1.7
2023-08-13 02:00:00,2,0.0,0.0
2023-08-13 03:00:00,3,0.0,0.0
2023-08-13 04:00:00,4,0.0,0.0
2023-08-13 05:00:00,5,0.0,0.0
2023-08-13 06:00:00,6,0.0,0.0
2023-08-13 07:00:00,7,0.0,0.0
2023-08-13 08:00:00,8,0.0,0.0
2023-08-13 09:00:00,9,9.7,0.0
2023-08-13 10:00:00,10,435.6,0.0
2023-08-13 11:00:00,11,1128.7,0.0
2023-08-13 12:00:00,12,2029.5,1.5
2023-08-13 13:00:00,13,2460.0,1.7
2023-08-13 14:00:00,14,2306.1,1.9
2023-08-13 15:00:00,15,2482.9,0.5
2023-08-13 16:00:00,16,3293.0,2.3
2023-08-13 17:00:00,17,2344.4,2.7
2023-08-13 18:00:00,18,2331.0,1.8
2023-08-13 19:00:00,19,1017.6,1.6
2023-08-13 20:00:00,20,888.9,2.4
2023-08-13 21:00:00,21,76.0,0.0
2023-08-13 22:00:00,22,0.0,4.0
2023-08-13 23:00:00,23,0.0,3.4
2023-08-14 00:00:00,0,0.0,2.7
2023-08-14 01:00:00,1,0.0,2.0
2023-08-14 02:00:00,2,0.0,2.1
2023-08-14 03:00:00,3,0.0,1.6
2023-08-14 04:00:00,4,0.0,0.0
2023-08-14 05:00:00,5,0.0,0.0
2023-08-14 06:00:00,6,0.0,0.0
2023-08-14 07:00:00,7,0.0,0.0
2023-08-14 08:00:00,8,0.0,0.0
2023-08-14 09:00:00,9,7.6,0.0
2023-08-14 10:00:00,10,495.0,0.0
2023-08-14 11:00:00,11,1255.0,0.9
2023-08-14 12:00:00,12,1904.9,2.2
2023-08-14 13:00:00,13,1530.5,2.3
2023-08-14 14:00:00,14,2348.2,2.2
2023-08-14 15:00:00,15,1957.0,2.2
2023-08-14 16:00:00,16,3039.0,0.7
2023-08-14 17:00:00,17,2442.6,1.9
2023-08-14 18:00:00,18,1845.0,2.1
2023-08-14 19:00:00,19,1104.3,1.8
2023-08-14 20:00:00,20,923.6,1.8
2023-08-14 21:00:00,21,74.7,0.0
2023-08-14 22:00:00,22,0.0,2.6
2023-08-14 23:00:00,23,0.0,3.0
2023-08-15 00:00:00,0,0.0,2.9
2023-08-15 01:00:00,1,0.0,0.9
2023-08-15 02:00:00,2,0.0,0.0
2023-08-15 03:00:00,3,0.0,0.0
2023-08-15 04:00:00,4,0.0,0.0
2023-08-15 05:00:00,5,0.0,0.0
2023-08-15 06:00:00,6,0.9,0.0
2023-08-15 07:00:00,7,0.7,0.0
2023-08-15 08:00:00,8,0.1,0.0
2023-08-15 09:00:00,9,11.4,0.0
2023-08-15 10:00:00,10,462.4,0.0
2023-08-15 11:00:00,11,1293.2,1.5
2023-08-15 12:00:00,12,2120.3,2.0
2023-08-15 13:00:00,13,2839.7,1.1
2023-08-15 14:00:00,14,2574.6,2.0
2023-08-15 15:00:00,15,2675.1,1.6
2023-08-15 16:00:00,16,2574.8,2.2
2023-08-15 17:00:00,17,2339.2,2.4
2023-08-15 18:00:00,18,1729.9,1.1
2023-08-15 19:00:00,19,1534.8,2.6
2023-08-15 20:00:00,20,505.0,0.0
2023-08-15 21:00:00,21,105.5,0.0
2023-08-15 22:00:00,22,0.0,0.3
2023-08-15 23:00:00,23,0.0,1.0
2023-08-16 00:00:00,0,0.0,0.7
2023-08-16 01:00:00,1,0.0,0.2
2023-08-16 02:00:00,2,0.0,0.0
2023-08-16 03:00:00,3,0.0,0.0
2023-08-16 04:00:00,4,0.0,0.0
2023-08-16 05:00:00,5,0.0,0.0
2023-08-16 06:00:00,6,0.0,0.0
2023-08-16 07:00:00,7,0.0,0.3
2023-08-16 08:00:00,8,0.7,0.0
2023-08-16 09:00:00,9,9.6,0.0
2023-08-16 10:00:00,10,385.0,0.0
2023-08-16 11:00:00,11,1242.7,2.2
2023-08-16 12:00:00,12,1956.6,2.4
2023-08-16 13:00:00,13,2693.8,3.2
2023-08-16 14:00:00,14,2794.9,1.7
2023-08-16 15:00:00,15,2650.2,3.3
2023-08-16 16:00:00,16,3109.9,0.5
2023-08-16 17:00:00,17,2838.5,2.5
2023-08-16 18:00:00,18,2330.2,2.6
2023-08-16 19:00:00,19,1978.9,1.4
2023-08-16 20:00:00,20,843.5,1.9
2023-08-16 21:00:00,21,118.2,0.2
2023-08-16 22:00:00,22,0.0,3.9
2023-08-16 23:00:00,23,0.0,1.5
2023-08-17 00:00:00,0,0.0,1.6
2023-08-17 01:00:00,1,,0.4
2023-08-17 02:00:00,2,0.0,0.0
2023-08-17 03:00:00,3,0.0,0.0
2023-08-17 04:00:00,4,0.0,0.0
2023-08-17 05:00:00,5,0.0,0.0
2023-08-17 06:00:00,6,0.0,0.0
2023-08-17 07:00:00,7,0.0,0.0
2023-08-17 08:00:00,8,0.0,0.0
2023-08-17 09:00:00,9,12.5,0.0
2023-08-17 10:00:00,10,479.0,0.0
2023-08-17 11:00:00,11,1334.0,0.4
2023-08-17 12:00:00,12,2080.7,2.6
2023-08-17 13:00:00,13,2731.7,2.3
2023-08-17 14:00:00,14,3196.9,1.2
2023-08-17 15:00:00,15,3274.5,1.7
2023-08-17 16:00:00,16,3120.2,2.6
2023-08-17 17:00:00,17,2391.6,1.6
2023-08-17 18:00:00,18,1650.0,2.7
2023-08-17 19:00:00,19,1700.6,2.8
2023-08-17 20:00:00,20,710.6,2.1
2023-08-17 21:00:00,21,60.2,0.0
2023-08-17 22:00:00,22,0.0,3.0
2023-08-17 23:00:00,23,0.0,3.1
2023-08-18 00:00:00,0,0.0,0.0
2023-08-18 01:00:00,1,0.0,0.0
2023-08-18 02:00:00,2,0.0,0.0
2023-08-18 03:00:00,3,0.0,0.0
2023-08-18 04:00:00,4,0.0,0.0
2023-08-18 05:00:00,5,0.0,0.0
2023-08-18 06:00:00,6,0.0,0.0
2023-08-18 07:00:00,7,0.0,0.0
2023-08-18 08:00:00,8,0.0,0.0
2023-08-18 09:00:00,9,10.9,0.0
2023-08-18 10:00:00,10,458.0,0.1
2023-08-18 11:00:00,11,1042.6,1.5
2023-08-18 12:00:00,12,1628.2,1.6
2023-08-18 13:00:00,13,2524.3,3.6
2023-08-18 14:00:00,14,2424.4,2.8
2023-08-18 15:00:00,15,3298.4,3.7
2023-08-18 16:00:00,16,3499.5,3.7
2023-08-18 17:00:00,17,2971.5,3.5
2023-08-18 18:00:00,18,2630.1,1.5
2023-08-18 19:00:00,19,1545.8,1.7
2023-08-18 20:00:00,20,692.0,2.8
2023-08-18 21:00:00,21,85.5,0.0
2023-08-18 22:00:00,22,0.0,3.7
2023-08-18 23:00:00,23,0.0,3.7
2023-08-19 00:00:00,0,0.0,2.1
2023-08-19 01:00:00,1,0.0,2.3
2023-08-19 02:00:00,2,0.0,1.5
2023-08-19 03:00:00,3,0.0,0.7
2023-08-19 04:00:00,4,0.0,0.0
2023-08-19 05:00:00,5,0.0,0.0
2023-08-19 06:00:00,6,0.0,0.0
2023-08-19 07:00:00,7,0.0,0.0
2023-08-19 08:00:00,8,1.3,0.0
2023-08-19 09:00:00,9,8.3,0.0
2023-08-19 10:00:00,10,189.5,0.0
2023-08-19 11:00:00,11,650.6,0.0
2023-08-19 12:00:00,12,1046.2,1.9
2023-08-19 13:00:00,13,1414.4,3.9
2023-08-19 14:00:00,14,2092.3,4.2
2023-08-19 15:00:00,15,2590.8,3.5
2023-08-19 16:00:00,16,2133.6,3.2
2023-08-19 17:00:00,17,1939.7,3.0
2023-08-19 18:00:00,18,2051.9,3.4
2023-08-19 19:00:00,19,855.3,0.5
2023-08-19 20:00:00,20,381.4,5.1
2023-08-19 21:00:00,21,95.0,4.3
2023-08-19 22:00:00,22,0.0,0.0
2023-08-19 23:00:00,23,0.0,0.0
2023-08-20 00:00:00,0,0.0,0.1
2023-08-20 01:00:00,1,,0.0
2023-08-20 02:00:00,2,0.0,0.0
2023-08-20 03:00:00,3,0.0,0.0
2023-08-20 04:00:00,4,0.0,0.0
2023-08-20 05:00:00,5,0.0,0.0
2023-08-20 06:00:00,6,0.0,0.0
2023-08-20 07:00:00,7,0.2,0.0
2023-08-20 08:00:00,8,1.8,0.0
2023-08-20 09:00:00,9,4.9,0.0
2023-08-20 10:00:00,10,122.7,0.0
2023-08-20 11:00:00,11,525.6,0.0
2023-08-20 12:00:00,12,1261.7,0.0
2023-08-20 13:00:00,13,2223.3,0.0
2023-08-20 14:00:00,14,2868.0,0.7
2023-08-20 15:00:00,15,1963.0,1.4
2023-08-20 16:00:00,16,2941.6,1.1
2023-08-20 17:00:00,17,2759.1,1.0
2023-08-20 18:00:00,18,2194.7,0.0
2023-08-20 19:00:00,19,1544.0,0.0
2023-08-20 20:00:00,20,866.9,0.0
2023-08-20 21:00:00,21,81.0,4.1
2023-08-20 22:00:00,22,0.0,3.2
2023-08-20 23:00:00,23,0.0,0.8
2023-08-21 00:00:00,0,0.0,0.0
2023-08-21 01:00:00,1,0.0,0.0
2023-08-21 02:00:00,2,0.0,0.0
2023-08-21 03:00:00,3,0.0,0.0
2023-08-21 04:00:00,4,0.0,0.0
2023-08-21 05:00:00,5,1.1,0.0
2023-08-21 06:00:00,6,0.0,0.0
2023-08-21 07:00:00,7,0.0,0.0
2023-08-21 08:00:00,8,0.0,0.0
2023-08-21 09:00:00,9,10.6,0.0
2023-08-21 10:00:00,10,268.5,0.2
2023-08-21 11:00:00,11,967.2,0.5
2023-08-21 12:00:00,12,1385.5,0.6
2023-08-21 13:00:00,13,1528.0,0.3
2023-08-21 14:00:00,14,2610.9,3.1
2023-08-21 15:00:00,15,2604.4,2.0
2023-08-21 16:00:00,16,3087.3,0.6
2023-08-21 17:00:00,17,2293.1,1.3
2023-08-21 18:00:00,18,2280.1,0.7
2023-08-21 19:00:00,19,1457.5,0.1
2023-08-21 20:00:00,20,633.8,1.4
2023-08-21 21:00:00,21,92.5,3.7
2023-08-21 22:00:00,22,0.0,5.0
2023-08-21 23:00:00,23,0.0,3.5
2023-08-22 00:00:00,0,0.0,2.5
2023-08-22 01:00:00,1,,0.4
2023-08-22 02:00:00,2,0.0,0.0
2023-08-22 03:00:00,3,0.0,0.0
2023-08-22 04:00:00,4,0.0,0.0
2023-08-22 05:00:00,5,0.5,0.0
2023-08-22 06:00:00,6,0.1,0.0
2023-08-22 07:00:00,7,0.6,0.0
2023-08-22 08:00:00,8,0.6,0.0
2023-08-22 09:00:00,9,6.4,0.0
2023-08-22 10:00:00,10,210.9,0.0
2023-08-22 11:00:00,11,630.0,1.4
2023-08-22 12:00:00,12,1541.9,2.2
2023-08-22 13:00:00,13,2303.4,3.4
2023-08-22 14:00:00,14,2580.0,3.7
2023-08-22 15:00:00,15,2710.1,2.4
2023-08-22 16:00:00,16,2995.5,1.0
2023-08-22 17:00:00,17,2682.7,3.6
2023-08-22 18:00:00,18,2433.2,0.8
2023-08-22 19:00:00,19,1567.7,0.4
2023-08-22 20:00:00,20,765.3,0.3
2023-08-22 21:00:00,21,87.2,1.2
2023-08-22 22:00:00,22,0.0,0.8
2023-08-22 23:00:00,23,0.0,0.3
2023-08-23 00:00:00,0,0.0,0.4
2023-08-23 01:00:00,1,0.0,0.0
2023-08-23 02:00:00,2,0.0,0.0
2023-08-23 03:00:00,3,0.0,0.0
2023-08-23 04:00:00,4,0.0,0.0
2023-08-23 05:00:00,5,0.0,0.0
2023-08-23 06:00:00,6,0.0,0.0
2023-08-23 07:00:00,7,0.0,0.0
2023-08-23 08:00:00,8,0.0,0.6
2023-08-23 09:00:00,9,8.5,0.0
2023-08-23 10:00:00,10,398.6,0.0
2023-08-23 11:00:00,11,1193.9,0.5
2023-08-23 12:00:00,12,1261.4,1.4
2023-08-23 13:00:00,13,2253.5,2.2
2023-08-23 14:00:00,14,2595.9,3.8
2023-08-23 15:00:00,15,2855.3,5.1
2023-08-23 16:00:00,16,3303.3,3.1
2023-08-23 17:00:00,17,2834.1,2.6
2023-08-23 18:00:00,18,1946.5,3.1
2023-08-23 19:00:00,19,1649.5,3.4
2023-08-23 20:00:00,20,547.1,2.8
2023-08-23 21:00:00,21,91.3,1.3
2023-08-23 22:00:00,22,0.0,2.9
2023-08-23 23:00:00,23,0.0,3.5
2023-08-24 00:00:00,0,0.0,2.7
2023-08-24 01:00:00,1,,1.5
2023-08-24 02:00:00,2,0.0,1.1
2023-08-24 03:00:00,3,0.0,0.1
2023-08-24 04:00:00,4,0.0,0.0
2023-08-24 05:00:00,5,0.0,0.0
2023-08-24 06:00:00,6,0.0,0.0
2023-08-24 07:00:00,7,0.0,0.0
2023-08-24 08:00:00,8,0.0,0.0
2023-08-24 09:00:00,9,11.0,0.0
2023-08-24 10:00:00,10,404.0,0.0
2023-08-24 11:00:00,11,1191.9,0.0
2023-08-24 12:00:00,12,1946.5,1.3
2023-08-24 13:00:00,13,2650.5,3.4
2023-08-24 14:00:00,14,2995.3,4.4
2023-08-24 15:00:00,15,3291.7,3.9
2023-08-24 16:00:00,16,3281.9,2.9
2023-08-24 17:00:00,17,2977.2,3.7
2023-08-24 18:00:00,18,2414.6,4.6
2023-08-24 19:00:00,19,1529.3,3.8
2023-08-24 20:00:00,20,745.8,5.5
2023-08-24 21:00:00,21,75.0,4.7
2023-08-24 22:00:00,22,0.0,4.3
2023-08-24 23:00:00,23,0.0,2.7
2023-08-25 00:00:00,0,0.0,3.0
2023-08-25 01:00:00,1,0.0,0.0
2023-08-25 02:00:00,2,0.0,1.5
2023-08-25 03:00:00,3,0.0,0.0
2023-08-25 04:00:00,4,0.0,1.0
2023-08-25 05:00:00,5,0.0,0.0
2023-08-25 06:00:00,6,0.0,0.0
2023-08-25 07:00:00,7,0.0,0.0
2023-08-25 08:00:00,8,1.0,0.0
2023-08-25 09:00:00,9,11.9,0.0
2023-08-25 10:00:00,10,426.8,0.0
2023-08-25 11:00:00,11,753.6,0.9
2023-08-25 12:00:00,12,998.3,3.1
2023-08-25 13:00:00,13,1922.6,2.4
2023-08-25 14:00:00,14,2460.7,1.5
2023-08-25 15:00:00,15,3567.9,3.2
2023-08-25 16:00:00,16,3445.8,3.6
2023-08-25 17:00:00,17,3069.9,3.1
2023-08-25 18:00:00,18,2484.2,1.8
2023-08-25 19:00:00,19,1638.2,1.4
2023-08-25 20:00:00,20,859.9,5.8
2023-08-25 21:00:00,21,73.7,4.5
2023-08-25 22:00:00,22,0.0,4.6
2023-08-25 23:00:00,23,0.0,4.7
2023-08-26 00:00:00,0,0.0,0.8
2023-08-26 01:00:00,1,,1.0
2023-08-26 02:00:00,2,0.0,0.5
2023-08-26 03:00:00,3,0.0,0.0
2023-08-26 04:00:00,4,0.0,0.0
2023-08-26 05:00:00,5,0.0,0.0
2023-08-26 06:00:00,6,0.0,0.0
2023-08-26 07:00:00,7,0.0,0.0
2023-08-26 08:00:00,8,0.0,0.0
2023-08-26 09:00:00,9,15.2,1.6
2023-08-26 10:00:00,10,469.7,0.0
2023-08-26 11:00:00,11,1298.0,1.6
2023-08-26 12:00:00,12,1491.2,2.3
2023-08-26 13:00:00,13,2438.5,2.2
2023-08-26 14:00:00,14,3246.6,1.6
2023-08-26 15:00:00,15,3466.3,3.0
2023-08-26 16:00:00,16,3498.6,1.7
2023-08-26 17:00:00,17,3122.0,0.4
2023-08-26 18:00:00,18,2273.1,2.7
2023-08-26 19:00:00,19,1472.7,2.4
2023-08-26 20:00:00,20,841.5,4.2
2023-08-26 21:00:00,21,86.6,5.0
2023-08-26 22:00:00,22,0.0,5.1
2023-08-26 23:00:00,23,0.0,4.1
2023-08-27 00:00:00,0,0.0,2.5
2023-08-27 01:00:00,1,0.0,0.2
2023-08-27 02:00:00,2,0.0,1.1
2023-08-27 03:00:00,3,0.0,0.0
2023-08-27 04:00:00,4,0.0,0.0
2023-08-27 05:00:00,5,0.0,0.0
2023-08-27 06:00:00,6,0.0,0.0
2023-08-27 07:00:00,7,0.0,0.0
2023-08-27 08:00:00,8,0.0,0.0
2023-08-27 09:00:00,9,10.5,0.0
2023-08-27 10:00:00,10,217.9,0.0
2023-08-27 11:00:00,11,808.9,0.0
2023-08-27 12:00:00,12,1302.3,0.0
2023-08-27 13:00:00,13,1778.9,0.8
2023-08-27 14:00:00,14,2618.2,1.9
2023-08-27 15:00:00,15,2437.5,0.9
2023-08-27 16:00:00,16,2454.9,0.1
2023-08-27 17:00:00,17,2268.5,0.9
2023-08-27 18:00:00,18,2305.1,0.6
2023-08-27 19:00:00,19,1347.0,1.0
2023-08-27 20:00:00,20,700.5,0.0
2023-08-27 21:00:00,21,73.9,4.4
2023-08-27 22:00:00,22,0.0,4.6
2023-08-27 23:00:00,23,0.0,4.5
2023-08-28 00:00:00,0,0.0,1.5
2023-08-28 01:00:00,1,0.0,1.7
2023-08-28 02:00:00,2,0.0,2.5
2023-08-28 03:00:00,3,0.0,1.6
2023-08-28 04:00:00,4,0.0,0.0
2023-08-28 05:00:00,5,0.0,0.0
2023-08-28 06:00:00,6,0.0,0.0
2023-08-28 07:00:00,7,0.0,0.7
2023-08-28 08:00:00,8,0.0,0.0
2023-08-28 09:00:00,9,12.3,0.0
2023-08-28 10:00:00,10,218.6,0.0
2023-08-28 11:00:00,11,648.1,0.0
2023-08-28 12:00:00,12,1332.7,0.9
2023-08-28 13:00:00,13,2119.5,3.5
2023-08-28 14:00:00,14,2564.0,2.7
2023-08-28 15:00:00,15,3018.5,2.6
2023-08-28 16:00:00,16,2367.3,2.9
2023-08-28 17:00:00,17,2876.7,2.7
2023-08-28 18:00:00,18,1941.1,2.1
2023-08-28 19:00:00,19,1024.0,0.4
2023-08-28 20:00:00,20,733.5,2.1
2023-08-28 21:00:00,21,76.1,4.5
2023-08-28 22:00:00,22,0.0,4.6
2023-08-28 23:00:00,23,0.0,3.6
2023-08-29 00:00:00,0,0.0,3.6
2023-08-29 01:00:00,1,,0.4
2023-08-29 02:00:00,2,0.0,0.0
2023-08-29 03:00:00,3,0.0,0.0
2023-08-29 04:00:00,4,0.0,0.0
2023-08-29 05:00:00,5,0.0,0.0
2023-08-29 06:00:00,6,0.0,0.0
2023-08-29 07:00:00,7,0.0,1.0
2023-08-29 08:00:00,8,0.0,0.0
2023-08-29 09:00:00,9,13.6,0.0
2023-08-29 10:00:00,10,396.9,0.0
2023-08-29 11:00:00,11,1176.8,1.0
2023-08-29 12:00:00,12,1784.8,2.5
2023-08-29 13:00:00,13,2647.4,2.9
2023-08-29 14:00:00,14,2773.7,2.3
2023-08-29 15:00:00,15,2366.8,1.8
2023-08-29 16:00:00,16,2694.2,0.9
2023-08-29 17:00:00,17,2442.3,1.4
2023-08-29 18:00:00,18,2177.0,1.8
2023-08-29 19:00:00,19,1457.1,1.7
2023-08-29 20:00:00,20,718.3,2.4
2023-08-29 21:00:00,21,87.1,5.2
2023-08-29 22:00:00,22,0.0,4.8
2023-08-29 23:00:00,23,0.0,3.4
2023-08-30 00:00:00,0,0.0,0.1
2023-08-30 01:00:00,1,0.0,0.0
2023-08-30 02:00:00,2,0.0,0.0
2023-08-30 03:00:00,3,0.0,0.0
2023-08-30 04:00:00,4,0.0,0.0
2023-08-30 05:00:00,5,0.0,0.0
2023-08-30 06:00:00,6,0.0,0.0
2023-08-30 07:00:00,7,0.0,0.0
2023-08-30 08:00:00,8,0.0,0.0
2023-08-30 09:00:00,9,8.1,0.0
2023-08-30 10:00:00,10,211.2,0.0
2023-08-30 11:00:00,11,731.3,0.0
2023-08-30 12:00:00,12,1503.4,0.2
2023-08-30 13:00:00,13,1992.2,0.3
2023-08-30 14:00:00,14,3045.0,0.3
2023-08-30 15:00:00,15,2996.2,0.4
2023-08-30 16:00:00,16,3211.5,0.0
2023-08-30 17:00:00,17,2683.7,0.5
2023-08-30 18:00:00,18,2290.3,0.3
2023-08-30 19:00:00,19,1752.0,0.9
2023-08-30 20:00:00,20,793.5,0.0
2023-08-30 21:00:00,21,81.0,4.4
2023-08-30 22:00:00,22,0.0,3.5
2023-08-30 23:00:00,23,0.0,3.7
2023-08-31 00:00:00,0,0.0,2.5
2023-08-31 01:00:00,1,0.0,0.2
2023-08-31 02:00:00,2,0.0,0.0
2023-08-31 03:00:00,3,0.0,0.0
2023-08-31 04:00:00,4,0.0,0.0
2023-08-31 05:00:00,5,0.0,0.0
2023-08-31 06:00:00,6,0.0,0.0
2023-08-31 07:00:00,7,0.0,0.0
2023-08-31 08:00:00,8,0.8,0.0
2023-08-31 09:00:00,9,9.9,0.0
2023-08-31 10:00:00,10,414.0,0.0
2023-08-31 11:00:00,11,888.5,0.1
2023-08-31 12:00:00,12,875.5,1.0
2023-08-31 13:00:00,13,1536.0,0.1
2023-08-31 14:00:00,14,2332.7,0.1
2023-08-31 15:00:00,15,2811.6,0.6
2023-08-31 16:00:00,16,3312.2,1.6
2023-08-31 17:00:00,17,2628.9,0.0
2023-08-31 18:00:00,18,2418.5,1.4
2023-08-31 19:00:00,19,1768.1,0.5
2023-08-31 20:00:00,20,789.4,0.0
2023-08-31 21:00:00,21,88.9,2.9
2023-08-31 22:00:00,22,0.0,4.1
2023-08-31 23:00:00,23,0.0,2.5
2023-09-01 00:00:00,0,0.0,0.4
2023-09-01 01:00:00,1,0.0,0.0
2023-09-01 02:00:00,2,0.0,0.0
2023-09-01 03:00:00,3,0.0,0.5
2023-09-01 04:00:00,4,0.0,0.0
2023-09-01 05:00:00,5,0.0,0.0
2023-09-01 06:00:00,6,0.0,0.0
2023-09-01 07:00:00,7,0.0,0.0
2023-09-01 08:00:00,8,0.0,0.0
2023-09-01 09:00:00,9,6.1,0.0
2023-09-01 10:00:00,10,167.1,0.0
2023-09-01 11:00:00,11,704.8,0.0
2023-09-01 12:00:00,12,1823.3,0.8
2023-09-01 13:00:00,13,2402.0,1.5
2023-09-01 14:00:00,14,3101.0,2.0
2023-09-01 15:00:00,15,3214.7,4.0
2023-09-01 16:00:00,16,3268.8,0.6
2023-09-01 17:00:00,17,3117.2,0.7
2023-09-01 18:00:00,18,2330.0,1.6
2023-09-01 19:00:00,19,1702.3,1.3
2023-09-01 20:00:00,20,639.1,5.5
2023-09-01 21:00:00,21,73.9,5.5
2023-09-01 22:00:00,22,0.0,5.4
2023-09-01 23:00:00,23,0.0,3.9
2023-09-02 00:00:00,0,0.0,3.2
2023-09-02 01:00:00,1,,2.7
2023-09-02 02:00:00,2,0.0,0.5
2023-09-02 03:00:00,3,0.0,0.0
2023-09-02 04:00:00,4,0.0,0.0
2023-09-02 05:00:00,5,0.0,0.0
2023-09-02 06:00:00,6,0.0,0.0
2023-09-02 07:00:00,7,0.0,0.0
2023-09-02 08:00:00,8,0.0,0.0
2023-09-02 09:00:00,9,22.2,0.0
2023-09-02 10:00:00,10,551.9,0.0
2023-09-02 11:00:00,11,1400.1,1.9
2023-09-02 12:00:00,12,1769.8,1.7
2023-09-02 13:00:00,13,2710.4,5.2
2023-09-02 14:00:00,14,3266.3,4.8
2023-09-02 15:00:00,15,3697.9,3.9
2023-09-02 16:00:00,16,3500.8,5.2
2023-09-02 17:00:00,17,3160.5,3.4
2023-09-02 18:00:00,18,2090.7,1.8
2023-09-02 19:00:00,19,1050.1,0.8
2023-09-02 20:00:00,20,628.7,2.3
2023-09-02 21:00:00,21,65.6,4.5
2023-09-02 22:00:00,22,0.0,4.1
2023-09-02 23:00:00,23,0.0,2.9
2023-09-03 00:00:00,0,0.0,0.8
2023-09-03 01:00:00,1,0.0,0.5
2023-09-03 02:00:00,2,0.0,1.4
2023-09-03 03:00:00,3,0.0,1.0
2023-09-03 04:00:00,4,0.0,0.0
2023-09-03 05:00:00,5,0.0,0.0
2023-09-03 06:00:00,6,0.0,0.0
2023-09-03 07:00:00,7,0.0,0.0
2023-09-03 08:00:00,8,0.0,0.0
2023-09-03 09:00:00,9,17.3,0.0
2023-09-03 10:00:00,10,445.1,0.0
2023-09-03 11:00:00,11,1210.7,4.2
2023-09-03 12:00:00,12,1585.7,3.5
2023-09-03 13:00:00,13,2881.9,4.6
2023-09-03 14:00:00,14,3247.5,3.6
2023-09-03 15:00:00,15,3527.0,3.5
2023-09-03 16:00:00,16,3482.7,4.1
2023-09-03 17:00:00,17,3032.0,2.7
2023-09-03 18:00:00,18,2396.1,2.5
2023-09-03 19:00:00,19,1632.1,3.5
2023-09-03 20:00:00,20,728.8,2.7
2023-09-03 21:00:00,21,86.7,5.2
2023-09-03 22:00:00,22,0.0,4.6
2023-09-03 23:00:00,23,0.0,2.7
2023-09-04 00:00:00,0,0.0,2.6
2023-09-04 01:00:00,1,,2.3
2023-09-04 02:00:00,2,0.0,0.0
2023-09-04 03:00:00,3,0.0,0.0
2023-09-04 04:00:00,4,0.0,0.0
2023-09-04 05:00:00,5,0.0,0.0
2023-09-04 06:00:00,6,0.0,0.0
2023-09-04 07:00:00,7,0.0,0.0
2023-09-04 08:00:00,8,0.0,0.0
2023-09-04 09:00:00,9,20.7,0.0
2023-09-04 10:00:00,10,462.5,0.0
2023-09-04 11:00:00,11,1322.8,2.8
2023-09-04 12:00:00,12,2189.6,4.7
2023-09-04 13:00:00,13,2886.3,4.5
2023-09-04 14:00:00,14,3410.4,3.3
2023-09-04 15:00:00,15,3668.1,3.3
2023-09-04 16:00:00,16,3562.0,4.6
2023-09-04 17:00:00,17,3075.5,3.1
2023-09-04 18:00:00,18,2421.5,3.7
2023-09-04 19:00:00,19,1640.7,3.6
2023-09-04 20:00:00,20,713.5,2.6
2023-09-04 21:00:00,21,86.8,4.6
2023-09-04 22:00:00,22,0.0,3.5
2023-09-04 23:00:00,23,0.0,3.1
2023-09-05 00:00:00,0,0.0,1.8
2023-09-05 01:00:00,1,0.0,0.6
2023-09-05 02:00:00,2,0.0,0.0
2023-09-05 03:00:00,3,0.0,0.0
2023-09-05 04:00:00,4,0.0,0.0
2023-09-05 05:00:00,5,0.0,0.0
2023-09-05 06:00:00,6,0.0,0.0
2023-09-05 07:00:00,7,0.0,0.0
2023-09-05 08:00:00,8,0.0,0.0
2023-09-05 09:00:00,9,19.3,0.0
2023-09-05 10:00:00,10,481.0,0.0
2023-09-05 11:00:00,11,1335.6,1.7
2023-09-05 12:00:00,12,2242.4,4.8
2023-09-05 13:00:00,13,2931.9,4.6
2023-09-05 14:00:00,14,3471.7,5.1
2023-09-05 15:00:00,15,3739.0,4.6
2023-09-05 16:00:00,16,3714.5,3.9
2023-09-05 17:00:00,17,3106.0,2.4
2023-09-05 18:00:00,18,2433.1,2.9
2023-09-05 19:00:00,19,1281.8,3.3
2023-09-05 20:00:00,20,814.0,0.0
2023-09-05 21:00:00,21,116.5,0.0
2023-09-05 22:00:00,22,0.0,3.3
2023-09-05 23:00:00,23,0.0,4.1
2023-09-06 00:00:00,0,0.0,1.2
2023-09-06 01:00:00,1,,1.3
2023-09-06 02:00:00,2,0.0,2.3
2023-09-06 03:00:00,3,0.0,0.0
2023-09-06 04:00:00,4,0.0,0.0
2023-09-06 05:00:00,5,0.0,0.0
2023-09-06 06:00:00,6,0.0,0.0
2023-09-06 07:00:00,7,0.0,0.0
2023-09-06 08:00:00,8,0.0,0.0
2023-09-06 09:00:00,9,22.3,0.0
2023-09-06 10:00:00,10,520.6,0.0
2023-09-06 11:00:00,11,1349.7,3.0
2023-09-06 12:00:00,12,2313.9,4.3
2023-09-06 13:00:00,13,2834.6,4.8
2023-09-06 14:00:00,14,3442.0,3.7
2023-09-06 15:00:00,15,3699.3,2.9
2023-09-06 16:00:00,16,3608.8,3.9
2023-09-06 17:00:00,17,2981.9,3.2
2023-09-06 18:00:00,18,2533.9,3.0
2023-09-06 19:00:00,19,1689.6,2.6
2023-09-06 20:00:00,20,856.4,2.3
2023-09-06 21:00:00,21,110.9,5.6
2023-09-06 22:00:00,22,0.0,4.6
2023-09-06 23:00:00,23,0.0,3.2
2023-09-07 00:00:00,0,0.0,2.4
2023-09-07 01:00:00,1,0.0,1.5
2023-09-07 02:00:00,2,0.0,0.0
2023-09-07 03:00:00,3,0.0,0.0
2023-09-07 04:00:00,4,0.0,0.0
2023-09-07 05:00:00,5,0.0,0.0
2023-09-07 06:00:00,6,0.0,1.5
2023-09-07 07:00:00,7,0.0,0.0
2023-09-07 08:00:00,8,0.0,0.3
2023-09-07 09:00:00,9,24.2,0.0
2023-09-07 10:00:00,10,538.5,0.5
2023-09-07 11:00:00,11,1370.9,2.4
2023-09-07 12:00:00,12,2304.5,2.8
2023-09-07 13:00:00,13,3005.3,3.0
2023-09-07 14:00:00,14,3529.4,2.3
2023-09-07 15:00:00,15,3839.0,1.9
2023-09-07 16:00:00,16,3424.6,3.3
2023-09-07 17:00:00,17,3207.5,2.2
2023-09-07 18:00:00,18,2443.8,1.1
2023-09-07 19:00:00,19,1844.3,0.4
2023-09-07 20:00:00,20,783.5,1.3
2023-09-07 21:00:00,21,113.5,5.6
2023-09-07 22:00:00,22,0.0,4.4
2023-09-07 23:00:00,23,0.0,4.2
2023-09-08 00:00:00,0,0.0,1.4
2023-09-08 01:00:00,1,0.0,0.0
2023-09-08 02:00:00,2,0.0,0.0
2023-09-08 03:00:00,3,0.0,0.0
2023-09-08 04:00:00,4,0.0,0.0
2023-09-08 05:00:00,5,0.0,0.0
2023-09-08 06:00:00,6,0.0,0.0
2023-09-08 07:00:00,7,0.2,0.0
2023-09-08 08:00:00,8,0.0,0.0
2023-09-08 09:00:00,9,8.1,0.0
2023-09-08 10:00:00,10,266.6,0.0
2023-09-08 11:00:00,11,1145.5,2.9
2023-09-08 12:00:00,12,1474.9,4.2
2023-09-08 13:00:00,13,2553.7,4.5
2023-09-08 14:00:00,14,3324.7,4.5
2023-09-08 15:00:00,15,3769.6,4.6
2023-09-08 16:00:00,16,3593.1,1.5
2023-09-08 17:00:00,17,2883.2,2.4
2023-09-08 18:00:00,18,2596.0,3.0
2023-09-08 19:00:00,19,1565.1,2.5
2023-09-08 20:00:00,20,839.3,2.6
2023-09-08 21:00:00,21,113.0,0.0
2023-09-08 22:00:00,22,0.0,3.1
2023-09-08 23:00:00,23,0.0,2.7
2023-09-09 00:00:00,0,0.0,0.1
2023-09-09 01:00:00,1,0.0,0.2
2023-09-09 02:00:00,2,0.0,0.0
2023-09-09 03:00:00,3,0.0,0.0
2023-09-09 04:00:00,4,0.0,0.0
2023-09-09 05:00:00,5,0.0,0.0
2023-09-09 06:00:00,6,0.0,0.0
2023-09-09 07:00:00,7,0.0,0.0
2023-09-09 08:00:00,8,0.0,0.0
2023-09-09 09:00:00,9,24.6,0.0
2023-09-09 10:00:00,10,547.6,0.0
2023-09-09 11:00:00,11,1424.5,2.9
2023-09-09 12:00:00,12,2295.1,2.0
2023-09-09 13:00:00,13,3027.6,0.8
2023-09-09 14:00:00,14,3502.5,0.7
2023-09-09 15:00:00,15,3723.2,1.0
2023-09-09 16:00:00,16,3488.3,0.0
2023-09-09 17:00:00,17,3357.1,0.3
2023-09-09 18:00:00,18,2113.4,0.0
2023-09-09 19:00:00,19,1024.7,0.1
2023-09-09 20:00:00,20,301.8,0.0
2023-09-09 21:00:00,21,49.5,5.1
2023-09-09 22:00:00,22,0.0,3.2
2023-09-09 23:00:00,23,0.0,2.6
2023-09-10 00:00:00,0,0.0,0.5
2023-09-10 01:00:00,1,0.0,0.0
2023-09-10 02:00:00,2,0.0,0.0
2023-09-10 03:00:00,3,0.0,0.0
2023-09-10 04:00:00,4,0.0,0.0
2023-09-10 05:00:00,5,0.0,0.0
2023-09-10 06:00:00,6,0.0,0.0
2023-09-10 07:00:00,7,0.0,0.0
2023-09-10 08:00:00,8,0.0,0.0
2023-09-10 09:00:00,9,25.0,0.0
2023-09-10 10:00:00,10,588.0,1.3
2023-09-10 11:00:00,11,1281.0,0.0
2023-09-10 12:00:00,12,1920.7,2.5
2023-09-10 13:00:00,13,1991.5,1.4
2023-09-10 14:00:00,14,,
2023-09-10 15:00:00,15,,
2023-09-10 16:00:00,16,,
2023-09-10 17:00:00,17,,
2023-09-10 18:00:00,18,,
2023-09-10 19:00:00,19,,
2023-09-10 20:00:00,20,843.6,0.1
2023-09-10 21:00:00,21,145.1,3.3
2023-09-10 22:00:00,22,0.0,3.1
2023-09-10 23:00:00,23,0.0,0.0
2023-09-11 00:00:00,0,0.0,0.2
2023-09-11 01:00:00,1,,0.3
2023-09-11 02:00:00,2,0.0,0.0
2023-09-11 03:00:00,3,0.0,0.0
2023-09-11 04:00:00,4,0.0,0.0
2023-09-11 05:00:00,5,0.0,0.0
2023-09-11 06:00:00,6,0.0,0.0
2023-09-11 07:00:00,7,0.0,0.0
2023-09-11 08:00:00,8,0.0,0.0
2023-09-11 09:00:00,9,24.5,0.1
2023-09-11 10:00:00,10,563.6,1.0
2023-09-11 11:00:00,11,1506.3,3.9
2023-09-11 12:00:00,12,2284.1,0.4
2023-09-11 13:00:00,13,2105.9,0.2
2023-09-11 14:00:00,14,2996.7,1.3
2023-09-11 15:00:00,15,3783.0,2.8
2023-09-11 16:00:00,16,3152.3,1.9
2023-09-11 17:00:00,17,3059.4,3.3
2023-09-11 18:00:00,18,2312.9,1.0
2023-09-11 19:00:00,19,1661.8,0.1
2023-09-11 20:00:00,20,864.7,1.0
2023-09-11 21:00:00,21,121.8,2.4
2023-09-11 22:00:00,22,0.0,3.2
2023-09-11 23:00:00,23,0.0,3.2
2023-09-12 00:00:00,0,0.0,1.3
2023-09-12 01:00:00,1,0.0,0.2
2023-09-12 02:00:00,2,0.0,0.2
2023-09-12 03:00:00,3,0.0,0.0
2023-09-12 04:00:00,4,0.0,0.0
2023-09-12 05:00:00,5,0.0,0.0
2023-09-12 06:00:00,6,0.0,0.0
2023-09-12 07:00:00,7,0.0,0.0
2023-09-12 08:00:00,8,0.0,0.0
2023-09-12 09:00:00,9,25.1,0.0
2023-09-12 10:00:00,10,527.6,0.0
2023-09-12 11:00:00,11,1434.3,2.3
2023-09-12 12:00:00,12,2326.9,3.8
2023-09-12 13:00:00,13,3096.6,1.2
2023-09-12 14:00:00,14,3101.7,1.6
2023-09-12 15:00:00,15,3475.5,0.2
2023-09-12 16:00:00,16,2638.2,1.2
2023-09-12 17:00:00,17,3032.6,1.5
2023-09-12 18:00:00,18,1980.2,0.2
2023-09-12 19:00:00,19,1286.0,1.5
2023-09-12 20:00:00,20,610.8,0.4
2023-09-12 21:00:00,21,84.5,0.0
2023-09-12 22:00:00,22,0.0,1.3
2023-09-12 23:00:00,23,0.0,0.0
2023-09-13 00:00:00,0,0.0,0.2
2023-09-13 01:00:00,1,,0.4
2023-09-13 02:00:00,2,0.0,0.0
2023-09-13 03:00:00,3,0.0,0.0
2023-09-13 04:00:00,4,0.0,0.0
2023-09-13 05:00:00,5,0.0,0.0
2023-09-13 06:00:00,6,0.0,0.0
2023-09-13 07:00:00,7,0.0,0.0
2023-09-13 08:00:00,8,0.0,0.0
2023-09-13 09:00:00,9,28.3,0.0
2023-09-13 10:00:00,10,441.6,0.0
2023-09-13 11:00:00,11,996.8,0.0
2023-09-13 12:00:00,12,961.2,0.0
2023-09-13 13:00:00,13,1318.9,0.0
2023-09-13 14:00:00,14,1488.0,0.0
2023-09-13 15:00:00,15,3646.4,3.1
2023-09-13 16:00:00,16,3402.3,3.2
2023-09-13 17:00:00,17,2549.0,0.2
2023-09-13 18:00:00,18,1528.0,0.0
2023-09-13 19:00:00,19,1029.0,1.5
2023-09-13 20:00:00,20,465.0,0.0
2023-09-13 21:00:00,21,40.7,0.0
2023-09-13 22:00:00,22,0.0,5.0
2023-09-13 23:00:00,23,0.0,0.2
2023-09-14 00:00:00,0,0.0,0.0
2023-09-14 01:00:00,1,0.0,0.0
2023-09-14 02:00:00,2,0.0,0.3
2023-09-14 03:00:00,3,0.0,0.0
2023-09-14 04:00:00,4,0.0,0.0
2023-09-14 05:00:00,5,0.0,0.0
2023-09-14 06:00:00,6,0.0,0.0
2023-09-14 07:00:00,7,0.0,0.0
2023-09-14 08:00:00,8,0.0,0.0
2023-09-14 09:00:00,9,26.1,0.0
2023-09-14 10:00:00,10,517.4,0.1
2023-09-14 11:00:00,11,1049.7,0.0
2023-09-14 12:00:00,12,1695.6,0.0
2023-09-14 13:00:00,13,1968.0,1.4
2023-09-14 14:00:00,14,2440.6,0.8
2023-09-14 15:00:00,15,2816.6,1.0
2023-09-14 16:00:00,16,3168.3,1.0
2023-09-14 17:00:00,17,2810.7,1.9
2023-09-14 18:00:00,18,2262.0,1.8
2023-09-14 19:00:00,19,1520.9,3.1
2023-09-14 20:00:00,20,798.3,0.1
2023-09-14 21:00:00,21,77.8,3.8
2023-09-14 22:00:00,22,0.0,4.7
2023-09-14 23:00:00,23,0.0,1.3
2023-09-15 00:00:00,0,0.0,2.1
2023-09-15 01:00:00,1,0.0,0.2
2023-09-15 02:00:00,2,0.0,0.0
2023-09-15 03:00:00,3,0.0,0.0
2023-09-15 04:00:00,4,0.0,0.0
2023-09-15 05:00:00,5,0.0,0.0
2023-09-15 06:00:00,6,0.0,0.0
2023-09-15 07:00:00,7,0.0,0.0
2023-09-15 08:00:00,8,0.0,0.0
2023-09-15 09:00:00,9,27.9,0.0
2023-09-15 10:00:00,10,491.7,0.0
2023-09-15 11:00:00,11,937.2,0.0
2023-09-15 12:00:00,12,2134.4,1.0
2023-09-15 13:00:00,13,2406.4,1.9
2023-09-15 14:00:00,14,3465.6,3.1
2023-09-15 15:00:00,15,3438.4,1.8
2023-09-15 16:00:00,16,3617.2,2.8
2023-09-15 17:00:00,17,3113.2,2.3
2023-09-15 18:00:00,18,2459.6,1.0
2023-09-15 19:00:00,19,1670.1,1.0
2023-09-15 20:00:00,20,794.8,4.8
2023-09-15 21:00:00,21,99.3,4.8
2023-09-15 22:00:00,22,0.0,5.0
2023-09-15 23:00:00,23,0.0,2.4
2023-09-16 00:00:00,0,0.0,0.0
2023-09-16 01:00:00,1,,0.6
2023-09-16 02:00:00,2,0.0,0.0
2023-09-16 03:00:00,3,0.0,0.0
2023-09-16 04:00:00,4,0.0,0.0
2023-09-16 05:00:00,5,0.0,0.0
2023-09-16 06:00:00,6,0.0,0.0
2023-09-16 07:00:00,7,0.0,0.0
2023-09-16 08:00:00,8,0.0,0.0
2023-09-16 09:00:00,9,28.6,0.0
2023-09-16 10:00:00,10,527.4,0.0
2023-09-16 11:00:00,11,1400.3,4.6
2023-09-16 12:00:00,12,2270.4,4.3
2023-09-16 13:00:00,13,2640.3,2.8
2023-09-16 14:00:00,14,3596.4,4.0
2023-09-16 15:00:00,15,3793.1,3.9
2023-09-16 16:00:00,16,3642.5,0.8
2023-09-16 17:00:00,17,3154.6,2.9
2023-09-16 18:00:00,18,2482.5,0.3
2023-09-16 19:00:00,19,1658.3,0.3
2023-09-16 20:00:00,20,786.4,1.0
2023-09-16 21:00:00,21,99.9,4.4
2023-09-16 22:00:00,22,0.0,2.2
2023-09-16 23:00:00,23,0.0,0.0
2023-09-17 00:00:00,0,0.0,0.0
2023-09-17 01:00:00,1,0.0,0.0
2023-09-17 02:00:00,2,0.0,0.0
2023-09-17 03:00:00,3,0.0,0.0
2023-09-17 04:00:00,4,0.0,0.0
2023-09-17 05:00:00,5,0.0,0.0
2023-09-17 06:00:00,6,0.0,0.0
2023-09-17 07:00:00,7,0.0,0.0
2023-09-17 08:00:00,8,0.0,0.0
2023-09-17 09:00:00,9,19.1,0.0
2023-09-17 10:00:00,10,360.2,0.0
2023-09-17 11:00:00,11,1005.4,0.7
2023-09-17 12:00:00,12,573.2,1.5
2023-09-17 13:00:00,13,1519.1,2.4
2023-09-17 14:00:00,14,1961.4,3.4
2023-09-17 15:00:00,15,3776.5,2.3
2023-09-17 16:00:00,16,3523.1,0.8
2023-09-17 17:00:00,17,3070.7,2.0
2023-09-17 18:00:00,18,2421.4,0.4
2023-09-17 19:00:00,19,1616.4,0.5
2023-09-17 20:00:00,20,722.8,0.0
2023-09-17 21:00:00,21,78.4,2.3
2023-09-17 22:00:00,22,0.0,3.6
2023-09-17 23:00:00,23,0.0,2.6
2023-09-18 00:00:00,0,0.0,0.7
2023-09-18 01:00:00,1,0.0,0.0
2023-09-18 02:00:00,2,0.0,0.0
2023-09-18 03:00:00,3,0.0,0.0
2023-09-18 04:00:00,4,0.0,0.0
2023-09-18 05:00:00,5,0.0,0.0
2023-09-18 06:00:00,6,0.0,0.0
2023-09-18 07:00:00,7,0.0,0.0
2023-09-18 08:00:00,8,0.0,0.0
2023-09-18 09:00:00,9,29.1,0.0
2023-09-18 10:00:00,10,445.8,0.0
2023-09-18 11:00:00,11,1286.2,1.3
2023-09-18 12:00:00,12,1502.9,0.3
2023-09-18 13:00:00,13,2088.2,3.1
2023-09-18 14:00:00,14,2310.9,1.6
2023-09-18 15:00:00,15,3553.7,1.2
2023-09-18 16:00:00,16,3568.6,2.9
2023-09-18 17:00:00,17,2984.5,0.1
2023-09-18 18:00:00,18,2415.4,1.5
2023-09-18 19:00:00,19,1585.8,1.4
2023-09-18 20:00:00,20,757.9,0.8
2023-09-18 21:00:00,21,87.2,0.0
2023-09-18 22:00:00,22,0.0,3.4
2023-09-18 23:00:00,23,0.0,0.4
2023-09-19 00:00:00,0,0.0,0.6
2023-09-19 01:00:00,1,0.0,0.0
2023-09-19 02:00:00,2,0.0,0.0
2023-09-19 03:00:00,3,0.0,0.0
2023-09-19 04:00:00,4,0.0,0.0
2023-09-19 05:00:00,5,0.0,0.0
2023-09-19 06:00:00,6,0.0,0.0
2023-09-19 07:00:00,7,0.0,0.0
2023-09-19 08:00:00,8,0.0,0.0
2023-09-19 09:00:00,9,31.8,0.0
2023-09-19 10:00:00,10,540.1,0.0
2023-09-19 11:00:00,11,1016.4,0.0
2023-09-19 12:00:00,12,2153.8,1.7
2023-09-19 13:00:00,13,3098.8,2.6
2023-09-19 14:00:00,14,3561.2,3.5
2023-09-19 15:00:00,15,3579.6,2.5
2023-09-19 16:00:00,16,3044.8,1.9
2023-09-19 17:00:00,17,2471.7,0.3
2023-09-19 18:00:00,18,2289.4,0.7
2023-09-19 19:00:00,19,1694.2,0.9
2023-09-19 20:00:00,20,895.7,0.4
2023-09-19 21:00:00,21,77.7,3.8
2023-09-19 22:00:00,22,0.0,3.5
2023-09-19 23:00:00,23,0.0,2.2
2023-09-20 00:00:00,0,0.0,0.0
2023-09-20 01:00:00,1,0.0,0.1
2023-09-20 02:00:00,2,0.0,0.0
2023-09-20 03:00:00,3,0.0,0.0
2023-09-20 04:00:00,4,0.0,0.0
2023-09-20 05:00:00,5,0.0,0.0
2023-09-20 06:00:00,6,0.0,0.0
2023-09-20 07:00:00,7,0.0,0.0
2023-09-20 08:00:00,8,0.0,0.0
2023-09-20 09:00:00,9,16.2,0.0
2023-09-20 10:00:00,10,317.8,0.0
2023-09-20 11:00:00,11,994.3,0.0
2023-09-20 12:00:00,12,1510.5,2.3
2023-09-20 13:00:00,13,2809.5,1.9
2023-09-20 14:00:00,14,3351.6,3.8
2023-09-20 15:00:00,15,3811.7,4.1
2023-09-20 16:00:00,16,3208.0,2.6
2023-09-20 17:00:00,17,3171.4,0.7
2023-09-20 18:00:00,18,2352.1,3.5
2023-09-20 19:00:00,19,1613.1,0.9
2023-09-20 20:00:00,20,596.6,0.0
2023-09-20 21:00:00,21,46.4,4.2
2023-09-20 22:00:00,22,0.0,1.8
2023-09-20 23:00:00,23,0.0,2.3
2023-09-21 00:00:00,0,0.0,1.9
2023-09-21 01:00:00,1,0.0,0.0
2023-09-21 02:00:00,2,0.0,0.0
2023-09-21 03:00:00,3,0.0,0.0
2023-09-21 04:00:00,4,0.0,0.0
2023-09-21 05:00:00,5,0.0,0.0
2023-09-21 06:00:00,6,0.0,0.0
2023-09-21 07:00:00,7,0.0,0.0
2023-09-21 08:00:00,8,0.0,0.0
2023-09-21 09:00:00,9,31.7,0.0
2023-09-21 10:00:00,10,543.4,0.0
2023-09-21 11:00:00,11,1437.1,1.5
2023-09-21 12:00:00,12,2097.6,2.2
2023-09-21 13:00:00,13,2514.5,3.1
2023-09-21 14:00:00,14,3585.0,5.1
2023-09-21 15:00:00,15,3661.0,1.0
2023-09-21 16:00:00,16,3618.4,2.0
2023-09-21 17:00:00,17,3065.6,2.0
2023-09-21 18:00:00,18,2327.5,0.2
2023-09-21 19:00:00,19,1640.6,1.3
2023-09-21 20:00:00,20,655.7,0.0
2023-09-21 21:00:00,21,88.1,4.1
2023-09-21 22:00:00,22,0.0,3.2
2023-09-21 23:00:00,23,0.0,0.7
2023-09-22 00:00:00,0,0.0,0.0
2023-09-22 01:00:00,1,,0.0
2023-09-22 02:00:00,2,0.0,0.0
2023-09-22 03:00:00,3,0.0,0.0
2023-09-22 04:00:00,4,0.0,0.0
2023-09-22 05:00:00,5,0.0,0.0
2023-09-22 06:00:00,6,0.0,0.0
2023-09-22 07:00:00,7,0.0,0.0
2023-09-22 08:00:00,8,0.0,0.0
2023-09-22 09:00:00,9,36.3,0.0
2023-09-22 10:00:00,10,589.0,0.2
2023-09-22 11:00:00,11,1481.3,3.2
2023-09-22 12:00:00,12,2336.0,1.9
2023-09-22 13:00:00,13,3046.2,4.1
2023-09-22 14:00:00,14,3594.8,3.0
2023-09-22 15:00:00,15,3805.6,2.8
2023-09-22 16:00:00,16,3556.5,0.0
2023-09-22 17:00:00,17,3143.5,4.3
2023-09-22 18:00:00,18,2157.5,1.3
2023-09-22 19:00:00,19,1455.0,0.0
2023-09-22 20:00:00,20,590.1,0.0
2023-09-22 21:00:00,21,89.9,3.0
2023-09-22 22:00:00,22,0.0,3.6
2023-09-22 23:00:00,23,0.0,2.7
2023-09-23 00:00:00,0,0.0,0.0
2023-09-23 01:00:00,1,0.0,0.0
2023-09-23 02:00:00,2,0.0,0.0
2023-09-23 03:00:00,3,0.0,0.6
2023-09-23 04:00:00,4,0.0,0.0
2023-09-23 05:00:00,5,0.0,0.0
2023-09-23 06:00:00,6,0.0,0.0
2023-09-23 07:00:00,7,0.0,0.0
2023-09-23 08:00:00,8,0.0,0.0
2023-09-23 09:00:00,9,38.7,0.0
2023-09-23 10:00:00,10,580.1,0.0
2023-09-23 11:00:00,11,1438.3,1.7
2023-09-23 12:00:00,12,1498.2,2.8
2023-09-23 13:00:00,13,2767.4,2.7
2023-09-23 14:00:00,14,3167.2,2.3
2023-09-23 15:00:00,15,2684.1,2.2
2023-09-23 16:00:00,16,2508.1,1.2
2023-09-23 17:00:00,17,2791.8,2.1
2023-09-23 18:00:00,18,2456.7,1.1
2023-09-23 19:00:00,19,1237.7,2.1
2023-09-23 20:00:00,20,854.2,0.6
2023-09-23 21:00:00,21,99.3,1.5
2023-09-23 22:00:00,22,0.0,0.9
2023-09-23 23:00:00,23,0.0,2.9
2023-09-24 00:00:00,0,0.0,0.4
2023-09-24 01:00:00,1,0.0,0.1
2023-09-24 02:00:00,2,0.0,0.0
2023-09-24 03:00:00,3,0.0,0.7
2023-09-24 04:00:00,4,0.0,0.0
2023-09-24 05:00:00,5,0.0,0.0
2023-09-24 06:00:00,6,0.0,0.0
2023-09-24 07:00:00,7,0.0,0.0
2023-09-24 08:00:00,8,0.0,0.0
2023-09-24 09:00:00,9,40.1,0.0
2023-09-24 10:00:00,10,578.4,0.0
2023-09-24 11:00:00,11,1451.8,2.3
2023-09-24 12:00:00,12,2103.6,4.1
2023-09-24 13:00:00,13,2527.7,1.3
2023-09-24 14:00:00,14,3326.7,3.1
2023-09-24 15:00:00,15,3583.6,2.8
2023-09-24 16:00:00,16,3473.2,2.4
2023-09-24 17:00:00,17,3163.0,1.8
2023-09-24 18:00:00,18,2240.1,3.9
2023-09-24 19:00:00,19,1687.7,0.0
2023-09-24 20:00:00,20,822.4,0.0
2023-09-24 21:00:00,21,95.1,1.3
2023-09-24 22:00:00,22,0.0,2.8
2023-09-24 23:00:00,23,0.0,2.2
2023-09-25 00:00:00,0,0.0,0.0
2023-09-25 01:00:00,1,0.0,0.0
2023-09-25 02:00:00,2,0.0,0.3
2023-09-25 03:00:00,3,0.0,0.0
2023-09-25 04:00:00,4,0.0,0.0
2023-09-25 05:00:00,5,0.0,0.1
2023-09-25 06:00:00,6,0.0,0.0
2023-09-25 07:00:00,7,0.0,0.0
2023-09-25 08:00:00,8,0.0,0.0
2023-09-25 09:00:00,9,43.2,0.0
2023-09-25 10:00:00,10,616.9,0.0
2023-09-25 11:00:00,11,1007.6,0.3
2023-09-25 12:00:00,12,1253.5,2.2
2023-09-25 13:00:00,13,2676.0,0.1
2023-09-25 14:00:00,14,3580.9,1.3
2023-09-25 15:00:00,15,3860.5,0.0
2023-09-25 16:00:00,16,3657.0,2.0
2023-09-25 17:00:00,17,3124.5,2.8
2023-09-25 18:00:00,18,2460.0,0.5
2023-09-25 19:00:00,19,1397.8,3.7
2023-09-25 20:00:00,20,819.0,5.3
2023-09-25 21:00:00,21,93.6,4.3
2023-09-25 22:00:00,22,0.0,4.9
2023-09-25 23:00:00,23,0.0,4.7
2023-09-26 00:00:00,0,0.0,3.2
2023-09-26 01:00:00,1,0.0,2.7
2023-09-26 02:00:00,2,0.0,2.6
2023-09-26 03:00:00,3,0.0,2.5
2023-09-26 04:00:00,4,0.0,0.6
2023-09-26 05:00:00,5,0.0,0.0
2023-09-26 06:00:00,6,0.0,0.0
2023-09-26 07:00:00,7,0.0,0.0
2023-09-26 08:00:00,8,0.0,0.0
2023-09-26 09:00:00,9,7.9,0.0
2023-09-26 10:00:00,10,362.5,4.2
2023-09-26 11:00:00,11,1021.1,4.9
2023-09-26 12:00:00,12,1450.9,3.8
2023-09-26 13:00:00,13,2987.3,2.9
2023-09-26 14:00:00,14,3636.1,3.6
2023-09-26 15:00:00,15,3785.5,3.9
2023-09-26 16:00:00,16,3622.1,2.8
2023-09-26 17:00:00,17,3137.5,3.1
2023-09-26 18:00:00,18,2517.7,3.4
2023-09-26 19:00:00,19,1335.0,6.3
2023-09-26 20:00:00,20,531.7,5.3
2023-09-26 21:00:00,21,79.6,6.3
2023-09-26 22:00:00,22,0.0,5.8
2023-09-26 23:00:00,23,0.0,4.8
2023-09-27 00:00:00,0,0.0,2.3
2023-09-27 01:00:00,1,0.0,2.8
2023-09-27 02:00:00,2,0.0,0.0
2023-09-27 03:00:00,3,0.0,0.0
2023-09-27 04:00:00,4,0.0,0.0
2023-09-27 05:00:00,5,0.0,0.1
2023-09-27 06:00:00,6,0.0,0.8
2023-09-27 07:00:00,7,0.0,0.0
2023-09-27 08:00:00,8,0.0,0.5
2023-09-27 09:00:00,9,43.8,0.0
2023-09-27 10:00:00,10,506.7,0.0
2023-09-27 11:00:00,11,1114.1,3.9
2023-09-27 12:00:00,12,1963.8,4.1
2023-09-27 13:00:00,13,2733.5,4.6
2023-09-27 14:00:00,14,3706.7,4.1
2023-09-27 15:00:00,15,3875.3,3.9
2023-09-27 16:00:00,16,3670.3,3.3
2023-09-27 17:00:00,17,3132.2,2.7
2023-09-27 18:00:00,18,2405.4,3.3
2023-09-27 19:00:00,19,1123.9,4.7
2023-09-27 20:00:00,20,776.4,4.2
2023-09-27 21:00:00,21,80.4,4.3
2023-09-27 22:00:00,22,0.0,5.5
2023-09-27 23:00:00,23,0.0,3.6
2023-09-28 00:00:00,0,0.0,0.0
2023-09-28 01:00:00,1,0.0,0.0
2023-09-28 02:00:00,2,0.0,1.8
2023-09-28 03:00:00,3,0.0,0.0
2023-09-28 04:00:00,4,0.0,0.5
2023-09-28 05:00:00,5,0.0,0.0
2023-09-28 06:00:00,6,0.0,0.0
2023-09-28 07:00:00,7,0.0,0.0
2023-09-28 08:00:00,8,0.0,0.0
2023-09-28 09:00:00,9,48.7,0.0
2023-09-28 10:00:00,10,630.4,0.2
2023-09-28 11:00:00,11,1416.9,1.3
2023-09-28 12:00:00,12,1826.9,1.5
2023-09-28 13:00:00,13,3197.1,2.8
2023-09-28 14:00:00,14,3622.1,4.1
2023-09-28 15:00:00,15,3829.5,2.5
2023-09-28 16:00:00,16,3633.3,4.0
2023-09-28 17:00:00,17,2928.6,3.0
2023-09-28 18:00:00,18,2218.4,4.4
2023-09-28 19:00:00,19,1599.9,2.8
2023-09-28 20:00:00,20,764.6,3.8
2023-09-28 21:00:00,21,76.0,3.9
2023-09-28 22:00:00,22,0.0,4.5
2023-09-28 23:00:00,23,0.0,4.2
2023-09-29 00:00:00,0,0.0,1.0
2023-09-29 01:00:00,1,,0.3
2023-09-29 02:00:00,2,0.0,2.5
2023-09-29 03:00:00,3,0.0,0.2
2023-09-29 04:00:00,4,0.0,0.0
2023-09-29 05:00:00,5,0.0,0.0
2023-09-29 06:00:00,6,0.0,0.0
2023-09-29 07:00:00,7,0.0,0.0
2023-09-29 08:00:00,8,0.0,0.0
2023-09-29 09:00:00,9,52.6,0.0
2023-09-29 10:00:00,10,624.4,0.2
2023-09-29 11:00:00,11,1564.3,1.9
2023-09-29 12:00:00,12,2440.0,2.6
2023-09-29 13:00:00,13,3174.7,3.5
2023-09-29 14:00:00,14,3763.3,2.8
2023-09-29 15:00:00,15,3952.5,3.1
2023-09-29 16:00:00,16,3740.2,3.9
2023-09-29 17:00:00,17,3202.9,2.1
2023-09-29 18:00:00,18,2523.7,2.5
2023-09-29 19:00:00,19,1727.9,3.0
2023-09-29 20:00:00,20,784.2,0.9
2023-09-29 21:00:00,21,98.6,4.0
2023-09-29 22:00:00,22,0.0,5.3
2023-09-29 23:00:00,23,0.0,0.5
2023-09-30 00:00:00,0,0.0,2.1
2023-09-30 01:00:00,1,0.0,0.0
2023-09-30 02:00:00,2,0.0,0.0
2023-09-30 03:00:00,3,0.0,0.1
2023-09-30 04:00:00,4,0.0,0.0
2023-09-30 05:00:00,5,0.0,0.0
2023-09-30 06:00:00,6,0.0,0.0
2023-09-30 07:00:00,7,0.0,0.0
2023-09-30 08:00:00,8,0.0,0.0
2023-09-30 09:00:00,9,21.2,0.0
2023-09-30 10:00:00,10,411.7,0.0
2023-09-30 11:00:00,11,1254.9,0.0
2023-09-30 12:00:00,12,1489.9,0.2
2023-09-30 13:00:00,13,2751.5,2.2
2023-09-30 14:00:00,14,3059.1,2.4
2023-09-30 15:00:00,15,3802.2,2.3
2023-09-30 16:00:00,16,3651.9,3.1
2023-09-30 17:00:00,17,3194.9,0.6
2023-09-30 18:00:00,18,2514.3,0.3
2023-09-30 19:00:00,19,1693.7,1.5
2023-09-30 20:00:00,20,818.9,0.5
2023-09-30 21:00:00,21,86.2,0.0
2023-09-30 22:00:00,22,0.0,2.7
2023-09-30 23:00:00,23,0.0,3.6
2023-10-01 00:00:00,0,0.0,2.1
2023-10-01 01:00:00,1,0.0,0.9
2023-10-01 02:00:00,2,0.0,2.1
2023-10-01 03:00:00,3,0.0,0.0
2023-10-01 04:00:00,4,0.0,0.0
2023-10-01 05:00:00,5,0.0,0.0
2023-10-01 06:00:00,6,0.0,0.0
2023-10-01 07:00:00,7,0.0,0.0
2023-10-01 08:00:00,8,0.0,0.0
2023-10-01 09:00:00,9,39.1,0.0
2023-10-01 10:00:00,10,416.0,0.0
2023-10-01 11:00:00,11,660.2,0.5
2023-10-01 12:00:00,12,1314.5,0.4
2023-10-01 13:00:00,13,1511.8,2.2
2023-10-01 14:00:00,14,1571.7,3.7
2023-10-01 15:00:00,15,3043.0,1.2
2023-10-01 16:00:00,16,3405.2,1.7
2023-10-01 17:00:00,17,3027.8,1.1
2023-10-01 18:00:00,18,2187.3,0.0
2023-10-01 19:00:00,19,1885.0,0.2
2023-10-01 20:00:00,20,517.0,0.0
2023-10-01 21:00:00,21,72.9,1.3
2023-10-01 22:00:00,22,0.0,3.8
2023-10-01 23:00:00,23,0.0,0.1
2023-10-02 00:00:00,0,0.0,0.7
2023-10-02 01:00:00,1,,0.1
2023-10-02 02:00:00,2,0.0,0.0
2023-10-02 03:00:00,3,0.0,0.3
2023-10-02 04:00:00,4,0.0,0.0
2023-10-02 05:00:00,5,0.0,0.0
2023-10-02 06:00:00,6,0.0,0.0
2023-10-02 07:00:00,7,0.0,0.0
2023-10-02 08:00:00,8,0.0,0.0
2023-10-02 09:00:00,9,61.1,0.0
2023-10-02 10:00:00,10,675.7,0.0
2023-10-02 11:00:00,11,1338.8,0.5
2023-10-02 12:00:00,12,2175.1,1.7
2023-10-02 13:00:00,13,3234.9,2.2
2023-10-02 14:00:00,14,3418.2,0.0
2023-10-02 15:00:00,15,3541.4,1.0
2023-10-02 16:00:00,16,3446.0,2.3
2023-10-02 17:00:00,17,2501.6,0.7
2023-10-02 18:00:00,18,2148.2,0.0
2023-10-02 19:00:00,19,1467.6,0.0
2023-10-02 20:00:00,20,706.6,5.2
2023-10-02 21:00:00,21,86.4,5.4
2023-10-02 22:00:00,22,0.0,3.9
2023-10-02 23:00:00,23,0.0,2.9
2023-10-03 00:00:00,0,0.0,2.2
2023-10-03 01:00:00,1,,0.0
2023-10-03 02:00:00,2,0.0,0.0
2023-10-03 03:00:00,3,0.0,0.2
2023-10-03 04:00:00,4,0.0,0.0
2023-10-03 05:00:00,5,0.0,0.1
2023-10-03 06:00:00,6,0.0,0.0
2023-10-03 07:00:00,7,0.0,0.0
2023-10-03 08:00:00,8,0.0,0.0
2023-10-03 09:00:00,9,43.4,0.0
2023-10-03 10:00:00,10,388.6,0.0
2023-10-03 11:00:00,11,836.7,0.0
2023-10-03 12:00:00,12,964.9,1.7
2023-10-03 13:00:00,13,1377.2,1.4
2023-10-03 14:00:00,14,3010.9,3.3
2023-10-03 15:00:00,15,3967.0,1.4
2023-10-03 16:00:00,16,3433.8,0.2
2023-10-03 17:00:00,17,3169.1,0.8
2023-10-03 18:00:00,18,2105.5,1.2
2023-10-03 19:00:00,19,1717.4,4.1
2023-10-03 20:00:00,20,649.4,5.9
2023-10-03 21:00:00,21,78.0,5.0
2023-10-03 22:00:00,22,0.0,6.0
2023-10-03 23:00:00,23,0.0,4.9
2023-10-04 00:00:00,0,0.0,3.2
2023-10-04 01:00:00,1,0.0,1.0
2023-10-04 02:00:00,2,0.0,1.3
2023-10-04 03:00:00,3,0.0,1.2
2023-10-04 04:00:00,4,0.0,0.0
2023-10-04 05:00:00,5,0.0,0.0
2023-10-04 06:00:00,6,0.0,0.0
2023-10-04 07:00:00,7,0.0,0.0
2023-10-04 08:00:00,8,0.0,0.0
2023-10-04 09:00:00,9,41.5,0.0
2023-10-04 10:00:00,10,224.2,2.2
2023-10-04 11:00:00,11,637.1,3.0
2023-10-04 12:00:00,12,1753.3,3.9
2023-10-04 13:00:00,13,3146.4,3.9
2023-10-04 14:00:00,14,3811.0,5.2
2023-10-04 15:00:00,15,4017.3,3.8
2023-10-04 16:00:00,16,3732.4,3.2
2023-10-04 17:00:00,17,3211.8,4.1
2023-10-04 18:00:00,18,2535.5,3.2
2023-10-04 19:00:00,19,1682.2,3.1
2023-10-04 20:00:00,20,617.8,4.8
2023-10-04 21:00:00,21,113.1,5.4
2023-10-04 22:00:00,22,0.0,4.8
2023-10-04 23:00:00,23,0.0,3.6
2023-10-05 00:00:00,0,0.0,3.3
2023-10-05 01:00:00,1,,0.0
2023-10-05 02:00:00,2,0.0,0.0
2023-10-05 03:00:00,3,0.0,0.0
2023-10-05 04:00:00,4,0.0,0.0
2023-10-05 05:00:00,5,0.0,0.0
2023-10-05 06:00:00,6,0.0,0.0
2023-10-05 07:00:00,7,0.0,0.0
2023-10-05 08:00:00,8,0.0,0.0
2023-10-05 09:00:00,9,68.3,0.0
2023-10-05 10:00:00,10,691.2,0.0
2023-10-05 11:00:00,11,1192.7,5.5
2023-10-05 12:00:00,12,1044.1,1.1
2023-10-05 13:00:00,13,1386.3,2.8
2023-10-05 14:00:00,14,2766.3,2.9
2023-10-05 15:00:00,15,3028.8,3.5
2023-10-05 16:00:00,16,3652.4,1.0
2023-10-05 17:00:00,17,2648.7,3.0
2023-10-05 18:00:00,18,2430.6,3.5
2023-10-05 19:00:00,19,1733.5,3.5
2023-10-05 20:00:00,20,,
2023-10-05 21:00:00,21,,
2023-10-05 22:00:00,22,,
2023-10-05 23:00:00,23,,
2023-10-06 00:00:00,0,,
2023-10-06 01:00:00,1,,
2023-10-06 02:00:00,2,,
2023-10-06 03:00:00,3,,
2023-10-06 04:00:00,4,,
2023-10-06 05:00:00,5,,
2023-10-06 06:00:00,6,,
2023-10-06 07:00:00,7,,
2023-10-06 08:00:00,8,,
2023-10-06 09:00:00,9,,
2023-10-06 10:00:00,10,,
2023-10-06 11:00:00,11,,
2023-10-06 12:00:00,12,,
2023-10-06 13:00:00,13,,
2023-10-06 14:00:00,14,,
2023-10-06 15:00:00,15,,
2023-10-06 16:00:00,16,,
2023-10-06 17:00:00,17,,
2023-10-06 18:00:00,18,,
2023-10-06 19:00:00,19,,
2023-10-06 20:00:00,20,,
2023-10-06 21:00:00,21,,
2023-10-06 22:00:00,22,,
2023-10-06 23:00:00,23,,
2023-10-07 00:00:00,0,,
2023-10-07 01:00:00,1,,
2023-10-07 02:00:00,2,,
2023-10-07 03:00:00,3,,
2023-10-07 04:00:00,4,,
2023-10-07 05:00:00,5,,
2023-10-07 06:00:00,6,,
2023-10-07 07:00:00,7,,
2023-10-07 08:00:00,8,,
2023-10-07 09:00:00,9,,
2023-10-07 10:00:00,10,,
2023-10-07 11:00:00,11,,
2023-10-07 12:00:00,12,,
2023-10-07 13:00:00,13,,
2023-10-07 14:00:00,14,,
2023-10-07 15:00:00,15,,
2023-10-07 16:00:00,16,,
2023-10-07 17:00:00,17,,
2023-10-07 18:00:00,18,,
2023-10-07 19:00:00,19,,
2023-10-07 20:00:00,20,,
2023-10-07 21:00:00,21,,
2023-10-07 22:00:00,22,,
2023-10-07 23:00:00,23,,
2023-10-08 00:00:00,0,,
2023-10-08 01:00:00,1,,
2023-10-08 02:00:00,2,,
2023-10-08 03:00:00,3,,
2023-10-08 04:00:00,4,,
2023-10-08 05:00:00,5,,
2023-10-08 06:00:00,6,,
2023-10-08 07:00:00,7,,
2023-10-08 08:00:00,8,,
2023-10-08 09:00:00,9,,
2023-10-08 10:00:00,10,,
2023-10-08 11:00:00,11,,
2023-10-08 12:00:00,12,,
2023-10-08 13:00:00,13,,
2023-10-08 14:00:00,14,,
2023-10-08 15:00:00,15,,
2023-10-08 16:00:00,16,,
2023-10-08 17:00:00,17,,
2023-10-08 18:00:00,18,,
2023-10-08 19:00:00,19,,
2023-10-08 20:00:00,20,,
2023-10-08 21:00:00,21,,
2023-10-08 22:00:00,22,,
2023-10-08 23:00:00,23,,
2023-10-09 00:00:00,0,,
2023-10-09 01:00:00,1,,
2023-10-09 02:00:00,2,,
2023-10-09 03:00:00,3,,
2023-10-09 04:00:00,4,,
2023-10-09 05:00:00,5,,
2023-10-09 06:00:00,6,,
2023-10-09 07:00:00,7,,
2023-10-09 08:00:00,8,,
2023-10-09 09:00:00,9,,
2023-10-09 10:00:00,10,,
2023-10-09 11:00:00,11,,
2023-10-09 12:00:00,12,,
2023-10-09 13:00:00,13,,
2023-10-09 14:00:00,14,,
2023-10-09 15:00:00,15,,
2023-10-09 16:00:00,16,,
2023-10-09 17:00:00,17,,
2023-10-09 18:00:00,18,,
2023-10-09 19:00:00,19,,
2023-10-09 20:00:00,20,,
2023-10-09 21:00:00,21,,
2023-10-09 22:00:00,22,,
2023-10-09 23:00:00,23,,
2023-10-10 00:00:00,0,,
2023-10-10 01:00:00,1,,
2023-10-10 02:00:00,2,,
2023-10-10 03:00:00,3,,
2023-10-10 04:00:00,4,,
2023-10-10 05:00:00,5,,
2023-10-10 06:00:00,6,,
2023-10-10 07:00:00,7,,
2023-10-10 08:00:00,8,,
2023-10-10 09:00:00,9,,
2023-10-10 10:00:00,10,,
2023-10-10 11:00:00,11,,
2023-10-10 12:00:00,12,,
2023-10-10 13:00:00,13,,
2023-10-10 14:00:00,14,,
2023-10-10 15:00:00,15,,
2023-10-10 16:00:00,16,,
2023-10-10 17:00:00,17,,
2023-10-10 18:00:00,18,,
2023-10-10 19:00:00,19,,
2023-10-10 20:00:00,20,,
2023-10-10 21:00:00,21,,
2023-10-10 22:00:00,22,,
2023-10-10 23:00:00,23,,
2023-10-11 00:00:00,0,,
2023-10-11 01:00:00,1,,
2023-10-11 02:00:00,2,,
2023-10-11 03:00:00,3,,
2023-10-11 04:00:00,4,,
2023-10-11 05:00:00,5,,
2023-10-11 06:00:00,6,,
2023-10-11 07:00:00,7,,
2023-10-11 08:00:00,8,,
2023-10-11 09:00:00,9,,
2023-10-11 10:00:00,10,,
2023-10-11 11:00:00,11,,
2023-10-11 12:00:00,12,,
2023-10-11 13:00:00,13,,
2023-10-11 14:00:00,14,,
2023-10-11 15:00:00,15,,
2023-10-11 16:00:00,16,,
2023-10-11 17:00:00,17,,
2023-10-11 18:00:00,18,,
2023-10-11 19:00:00,19,,
2023-10-11 20:00:00,20,,
2023-10-11 21:00:00,21,,
2023-10-11 22:00:00,22,,
2023-10-11 23:00:00,23,,
2023-10-12 00:00:00,0,,
2023-10-12 01:00:00,1,,
2023-10-12 02:00:00,2,,
2023-10-12 03:00:00,3,,
2023-10-12 04:00:00,4,,
2023-10-12 05:00:00,5,,
2023-10-12 06:00:00,6,,
2023-10-12 07:00:00,7,,
2023-10-12 08:00:00,8,,
2023-10-12 09:00:00,9,,
2023-10-12 10:00:00,10,,
2023-10-12 11:00:00,11,,
2023-10-12 12:00:00,12,,
2023-10-12 13:00:00,13,,
2023-10-12 14:00:00,14,,
2023-10-12 15:00:00,15,,
2023-10-12 16:00:00,16,,
2023-10-12 17:00:00,17,,
2023-10-12 18:00:00,18,,
2023-10-12 19:00:00,19,,
2023-10-12 20:00:00,20,,
2023-10-12 21:00:00,21,,
2023-10-12 22:00:00,22,,
2023-10-12 23:00:00,23,,
2023-10-13 00:00:00,0,,
2023-10-13 01:00:00,1,,
2023-10-13 02:00:00,2,,
2023-10-13 03:00:00,3,,
2023-10-13 04:00:00,4,,
2023-10-13 05:00:00,5,,
2023-10-13 06:00:00,6,,
2023-10-13 07:00:00,7,,
2023-10-13 08:00:00,8,,
2023-10-13 09:00:00,9,,
2023-10-13 10:00:00,10,,
2023-10-13 11:00:00,11,,
2023-10-13 12:00:00,12,,
2023-10-13 13:00:00,13,2307.8,2.3
2023-10-13 14:00:00,14,2444.1,0.5
2023-10-13 15:00:00,15,3286.0,1.1
2023-10-13 16:00:00,16,,
2023-10-13 17:00:00,17,,
2023-10-13 18:00:00,18,,
2023-10-13 19:00:00,19,,
2023-10-13 20:00:00,20,,
2023-10-13 21:00:00,21,,
2023-10-13 22:00:00,22,,
2023-10-13 23:00:00,23,,
2023-10-14 00:00:00,0,,
2023-10-14 01:00:00,1,,
2023-10-14 02:00:00,2,,
2023-10-14 03:00:00,3,,
2023-10-14 04:00:00,4,,
2023-10-14 05:00:00,5,,
2023-10-14 06:00:00,6,0.0,0.0
2023-10-14 07:00:00,7,0.0,0.0
2023-10-14 08:00:00,8,0.0,0.0
2023-10-14 09:00:00,9,93.2,0.0
2023-10-14 10:00:00,10,793.1,0.2
2023-10-14 11:00:00,11,,
2023-10-14 12:00:00,12,,
2023-10-14 13:00:00,13,,
2023-10-14 14:00:00,14,,
2023-10-14 15:00:00,15,,
2023-10-14 16:00:00,16,,
2023-10-14 17:00:00,17,,
2023-10-14 18:00:00,18,,
2023-10-14 19:00:00,19,,
2023-10-14 20:00:00,20,,
2023-10-14 21:00:00,21,,
2023-10-14 22:00:00,22,,
2023-10-14 23:00:00,23,,
2023-10-15 00:00:00,0,,
2023-10-15 01:00:00,1,,
2023-10-15 02:00:00,2,,
2023-10-15 03:00:00,3,,
2023-10-15 04:00:00,4,,
2023-10-15 05:00:00,5,,
2023-10-15 06:00:00,6,,
2023-10-15 07:00:00,7,,
2023-10-15 08:00:00,8,,
2023-10-15 09:00:00,9,,
2023-10-15 10:00:00,10,,
2023-10-15 11:00:00,11,,
2023-10-15 12:00:00,12,,
2023-10-15 13:00:00,13,,
2023-10-15 14:00:00,14,,
2023-10-15 15:00:00,15,,
2023-10-15 16:00:00,16,,
2023-10-15 17:00:00,17,,
2023-10-15 18:00:00,18,,
2023-10-15 19:00:00,19,,
2023-10-15 20:00:00,20,,
2023-10-15 21:00:00,21,,
2023-10-15 22:00:00,22,,
2023-10-15 23:00:00,23,,
2023-10-16 00:00:00,0,,
2023-10-16 01:00:00,1,,
2023-10-16 02:00:00,2,,
2023-10-16 03:00:00,3,,
2023-10-16 04:00:00,4,,
2023-10-16 05:00:00,5,,
2023-10-16 06:00:00,6,,
2023-10-16 07:00:00,7,,
2023-10-16 08:00:00,8,,
2023-10-16 09:00:00,9,,
2023-10-16 10:00:00,10,,
2023-10-16 11:00:00,11,,
2023-10-16 12:00:00,12,,
2023-10-16 13:00:00,13,,
2023-10-16 14:00:00,14,,
2023-10-16 15:00:00,15,,
2023-10-16 16:00:00,16,,
2023-10-16 17:00:00,17,,
2023-10-16 18:00:00,18,,
2023-10-16 19:00:00,19,,
2023-10-16 20:00:00,20,,
2023-10-16 21:00:00,21,,
2023-10-16 22:00:00,22,,
2023-10-16 23:00:00,23,,
2023-10-17 00:00:00,0,,
2023-10-17 01:00:00,1,,
2023-10-17 02:00:00,2,,
2023-10-17 03:00:00,3,,
2023-10-17 04:00:00,4,,
2023-10-17 05:00:00,5,,
2023-10-17 06:00:00,6,,
2023-10-17 07:00:00,7,,
2023-10-17 08:00:00,8,,
2023-10-17 09:00:00,9,,
2023-10-17 10:00:00,10,,
2023-10-17 11:00:00,11,,
2023-10-17 12:00:00,12,,
2023-10-17 13:00:00,13,,
2023-10-17 14:00:00,14,,
2023-10-17 15:00:00,15,,
2023-10-17 16:00:00,16,,
2023-10-17 17:00:00,17,,
2023-10-17 18:00:00,18,,
2023-10-17 19:00:00,19,,
2023-10-17 20:00:00,20,,
2023-10-17 21:00:00,21,,
2023-10-17 22:00:00,22,,
2023-10-17 23:00:00,23,,
2023-10-18 00:00:00,0,,
2023-10-18 01:00:00,1,,
2023-10-18 02:00:00,2,,
2023-10-18 03:00:00,3,,
2023-10-18 04:00:00,4,,
2023-10-18 05:00:00,5,,
2023-10-18 06:00:00,6,,
2023-10-18 07:00:00,7,,
2023-10-18 08:00:00,8,,
2023-10-18 09:00:00,9,,
2023-10-18 10:00:00,10,,
2023-10-18 11:00:00,11,,
2023-10-18 12:00:00,12,,
2023-10-18 13:00:00,13,,
2023-10-18 14:00:00,14,,
2023-10-18 15:00:00,15,,
2023-10-18 16:00:00,16,,
2023-10-18 17:00:00,17,,
2023-10-18 18:00:00,18,,
2023-10-18 19:00:00,19,,
2023-10-18 20:00:00,20,,
2023-10-18 21:00:00,21,,
2023-10-18 22:00:00,22,,
2023-10-18 23:00:00,23,,
2023-10-19 00:00:00,0,,
2023-10-19 01:00:00,1,,
2023-10-19 02:00:00,2,,
2023-10-19 03:00:00,3,,
2023-10-19 04:00:00,4,,
2023-10-19 05:00:00,5,,
2023-10-19 06:00:00,6,,
2023-10-19 07:00:00,7,,
2023-10-19 08:00:00,8,,
2023-10-19 09:00:00,9,,
2023-10-19 10:00:00,10,,
2023-10-19 11:00:00,11,,
2023-10-19 12:00:00,12,,
2023-10-19 13:00:00,13,,
2023-10-19 14:00:00,14,,
2023-10-19 15:00:00,15,,
2023-10-19 16:00:00,16,,
2023-10-19 17:00:00,17,,
2023-10-19 18:00:00,18,,
2023-10-19 19:00:00,19,,
2023-10-19 20:00:00,20,,
2023-10-19 21:00:00,21,,
2023-10-19 22:00:00,22,,
2023-10-19 23:00:00,23,,
2023-10-20 00:00:00,0,,
2023-10-20 01:00:00,1,,
2023-10-20 02:00:00,2,,
2023-10-20 03:00:00,3,,
2023-10-20 04:00:00,4,,
2023-10-20 05:00:00,5,,
2023-10-20 06:00:00,6,,
2023-10-20 07:00:00,7,,
2023-10-20 08:00:00,8,,
2023-10-20 09:00:00,9,,
2023-10-20 10:00:00,10,,
2023-10-20 11:00:00,11,,
2023-10-20 12:00:00,12,,
2023-10-20 13:00:00,13,,
2023-10-20 14:00:00,14,,
2023-10-20 15:00:00,15,,
2023-10-20 16:00:00,16,,
2023-10-20 17:00:00,17,,
2023-10-20 18:00:00,18,,
2023-10-20 19:00:00,19,,
2023-10-20 20:00:00,20,,
2023-10-20 21:00:00,21,,
2023-10-20 22:00:00,22,,
2023-10-20 23:00:00,23,,
2023-10-21 00:00:00,0,,
2023-10-21 01:00:00,1,,
2023-10-21 02:00:00,2,,
2023-10-21 03:00:00,3,,
2023-10-21 04:00:00,4,,
2023-10-21 05:00:00,5,,
2023-10-21 06:00:00,6,,
2023-10-21 07:00:00,7,,
2023-10-21 08:00:00,8,,
2023-10-21 09:00:00,9,,
2023-10-21 10:00:00,10,,
2023-10-21 11:00:00,11,,
2023-10-21 12:00:00,12,,
2023-10-21 13:00:00,13,,
2023-10-21 14:00:00,14,,
2023-10-21 15:00:00,15,,
2023-10-21 16:00:00,16,,
2023-10-21 17:00:00,17,,
2023-10-21 18:00:00,18,,
2023-10-21 19:00:00,19,,
2023-10-21 20:00:00,20,,
2023-10-21 21:00:00,21,,
2023-10-21 22:00:00,22,,
2023-10-21 23:00:00,23,,
2023-10-22 00:00:00,0,,
2023-10-22 01:00:00,1,,
2023-10-22 02:00:00,2,,
2023-10-22 03:00:00,3,,
2023-10-22 04:00:00,4,,
2023-10-22 05:00:00,5,,
2023-10-22 06:00:00,6,,
2023-10-22 07:00:00,7,,
2023-10-22 08:00:00,8,,
2023-10-22 09:00:00,9,,
2023-10-22 10:00:00,10,,
2023-10-22 11:00:00,11,,
2023-10-22 12:00:00,12,,
2023-10-22 13:00:00,13,,
2023-10-22 14:00:00,14,,
2023-10-22 15:00:00,15,,
2023-10-22 16:00:00,16,,
2023-10-22 17:00:00,17,,
2023-10-22 18:00:00,18,,
2023-10-22 19:00:00,19,,
2023-10-22 20:00:00,20,,
2023-10-22 21:00:00,21,,
2023-10-22 22:00:00,22,,
2023-10-22 23:00:00,23,,
2023-10-23 00:00:00,0,,
2023-10-23 01:00:00,1,,
2023-10-23 02:00:00,2,,
2023-10-23 03:00:00,3,,
2023-10-23 04:00:00,4,,
2023-10-23 05:00:00,5,,
2023-10-23 06:00:00,6,,
2023-10-23 07:00:00,7,,
2023-10-23 08:00:00,8,,
2023-10-23 09:00:00,9,,
2023-10-23 10:00:00,10,,
2023-10-23 11:00:00,11,,
2023-10-23 12:00:00,12,,
2023-10-23 13:00:00,13,,
2023-10-23 14:00:00,14,,
2023-10-23 15:00:00,15,,
2023-10-23 16:00:00,16,,
2023-10-23 17:00:00,17,,
2023-10-23 18:00:00,18,,
2023-10-23 19:00:00,19,,
2023-10-23 20:00:00,20,,
2023-10-23 21:00:00,21,,
2023-10-23 22:00:00,22,,
2023-10-23 23:00:00,23,,
2023-10-24 00:00:00,0,,
2023-10-24 01:00:00,1,,
2023-10-24 02:00:00,2,,
2023-10-24 03:00:00,3,,
2023-10-24 04:00:00,4,,
2023-10-24 05:00:00,5,,
2023-10-24 06:00:00,6,,
2023-10-24 07:00:00,7,,
2023-10-24 08:00:00,8,,
2023-10-24 09:00:00,9,,
2023-10-24 10:00:00,10,,
2023-10-24 11:00:00,11,,
2023-10-24 12:00:00,12,,
2023-10-24 13:00:00,13,,
2023-10-24 14:00:00,14,,
2023-10-24 15:00:00,15,,
2023-10-24 16:00:00,16,,
2023-10-24 17:00:00,17,,
2023-10-24 18:00:00,18,,
2023-10-24 19:00:00,19,,
2023-10-24 20:00:00,20,,
2023-10-24 21:00:00,21,,
2023-10-24 22:00:00,22,,
2023-10-24 23:00:00,23,,
2023-10-25 00:00:00,0,,
2023-10-25 01:00:00,1,,
2023-10-25 02:00:00,2,,
2023-10-25 03:00:00,3,,
2023-10-25 04:00:00,4,,
2023-10-25 05:00:00,5,,
2023-10-25 06:00:00,6,,
2023-10-25 07:00:00,7,,
2023-10-25 08:00:00,8,,
2023-10-25 09:00:00,9,,
2023-10-25 10:00:00,10,,
2023-10-25 11:00:00,11,,
2023-10-25 12:00:00,12,,
2023-10-25 13:00:00,13,,
2023-10-25 14:00:00,14,,
2023-10-25 15:00:00,15,,
2023-10-25 16:00:00,16,,
2023-10-25 17:00:00,17,,
2023-10-25 18:00:00,18,,
2023-10-25 19:00:00,19,,
2023-10-25 20:00:00,20,,
2023-10-25 21:00:00,21,,
2023-10-25 22:00:00,22,,
2023-10-25 23:00:00,23,,
2023-10-26 00:00:00,0,,
2023-10-26 01:00:00,1,,
2023-10-26 02:00:00,2,,
2023-10-26 03:00:00,3,,
2023-10-26 04:00:00,4,,
2023-10-26 05:00:00,5,,
2023-10-26 06:00:00,6,,
2023-10-26 07:00:00,7,,
2023-10-26 08:00:00,8,,
2023-10-26 09:00:00,9,,
2023-10-26 10:00:00,10,,
2023-10-26 11:00:00,11,,
2023-10-26 12:00:00,12,,
2023-10-26 13:00:00,13,,
2023-10-26 14:00:00,14,,
2023-10-26 15:00:00,15,,
2023-10-26 16:00:00,16,,
2023-10-26 17:00:00,17,,
2023-10-26 18:00:00,18,,
2023-10-26 19:00:00,19,,
2023-10-26 20:00:00,20,,
2023-10-26 21:00:00,21,,
2023-10-26 22:00:00,22,,
2023-10-26 23:00:00,23,,
2023-10-27 00:00:00,0,,
2023-10-27 01:00:00,1,,
2023-10-27 02:00:00,2,,
2023-10-27 03:00:00,3,,
2023-10-27 04:00:00,4,,
2023-10-27 05:00:00,5,,
2023-10-27 06:00:00,6,,
2023-10-27 07:00:00,7,,
2023-10-27 08:00:00,8,,
2023-10-27 09:00:00,9,,
2023-10-27 10:00:00,10,,
2023-10-27 11:00:00,11,,
2023-10-27 12:00:00,12,,
2023-10-27 13:00:00,13,,
2023-10-27 14:00:00,14,,
2023-10-27 15:00:00,15,,
2023-10-27 16:00:00,16,,
2023-10-27 17:00:00,17,,
2023-10-27 18:00:00,18,,
2023-10-27 19:00:00,19,,
2023-10-27 20:00:00,20,,
2023-10-27 21:00:00,21,,
2023-10-27 22:00:00,22,,
2023-10-27 23:00:00,23,,
2023-10-28 00:00:00,0,,
2023-10-28 01:00:00,1,,
2023-10-28 02:00:00,2,,
2023-10-28 03:00:00,3,,
2023-10-28 04:00:00,4,,
2023-10-28 05:00:00,5,,
2023-10-28 06:00:00,6,,
2023-10-28 07:00:00,7,,
2023-10-28 08:00:00,8,,
2023-10-28 09:00:00,9,,
2023-10-28 10:00:00,10,,
2023-10-28 11:00:00,11,,
2023-10-28 12:00:00,12,,
2023-10-28 13:00:00,13,,
2023-10-28 14:00:00,14,,
2023-10-28 15:00:00,15,,
2023-10-28 16:00:00,16,,
2023-10-28 17:00:00,17,,
2023-10-28 18:00:00,18,,
2023-10-28 19:00:00,19,,
2023-10-28 20:00:00,20,,
2023-10-28 21:00:00,21,,
2023-10-28 22:00:00,22,,
2023-10-28 23:00:00,23,,
2023-10-29 00:00:00,0,,
2023-10-29 01:00:00,1,,
2023-10-29 02:00:00,2,,
2023-10-29 03:00:00,3,,
2023-10-29 04:00:00,4,,
2023-10-29 05:00:00,5,,
2023-10-29 06:00:00,6,,
2023-10-29 07:00:00,7,,
2023-10-29 08:00:00,8,,
2023-10-29 09:00:00,9,,
2023-10-29 10:00:00,10,,
2023-10-29 11:00:00,11,,
2023-10-29 12:00:00,12,,
2023-10-29 13:00:00,13,,
2023-10-29 14:00:00,14,,
2023-10-29 15:00:00,15,,
2023-10-29 16:00:00,16,,
2023-10-29 17:00:00,17,,
2023-10-29 18:00:00,18,,
2023-10-29 19:00:00,19,,
2023-10-29 20:00:00,20,,
2023-10-29 21:00:00,21,,
2023-10-29 22:00:00,22,,
2023-10-29 23:00:00,23,,
2023-10-30 00:00:00,0,,
2023-10-30 01:00:00,1,,
2023-10-30 02:00:00,2,,
2023-10-30 03:00:00,3,,
2023-10-30 04:00:00,4,,
2023-10-30 05:00:00,5,,
2023-10-30 06:00:00,6,,
2023-10-30 07:00:00,7,,
2023-10-30 08:00:00,8,,
2023-10-30 09:00:00,9,,
2023-10-30 10:00:00,10,,
2023-10-30 11:00:00,11,,
2023-10-30 12:00:00,12,,
2023-10-30 13:00:00,13,,
2023-10-30 14:00:00,14,,
2023-10-30 15:00:00,15,,
2023-10-30 16:00:00,16,,
2023-10-30 17:00:00,17,,
2023-10-30 18:00:00,18,,
2023-10-30 19:00:00,19,,
2023-10-30 20:00:00,20,,
2023-10-30 21:00:00,21,,
2023-10-30 22:00:00,22,,
2023-10-30 23:00:00,23,,
2023-10-31 00:00:00,0,,
2023-10-31 01:00:00,1,,
2023-10-31 02:00:00,2,,
2023-10-31 03:00:00,3,,
2023-10-31 04:00:00,4,,
2023-10-31 05:00:00,5,,
2023-10-31 06:00:00,6,,
2023-10-31 07:00:00,7,,
2023-10-31 08:00:00,8,,
2023-10-31 09:00:00,9,,
2023-10-31 10:00:00,10,,
2023-10-31 11:00:00,11,,
2023-10-31 12:00:00,12,,
2023-10-31 13:00:00,13,,
2023-10-31 14:00:00,14,,
2023-10-31 15:00:00,15,,
2023-10-31 16:00:00,16,,
2023-10-31 17:00:00,17,,
2023-10-31 18:00:00,18,,
2023-10-31 19:00:00,19,,
2023-10-31 20:00:00,20,,
2023-10-31 21:00:00,21,,
2023-10-31 22:00:00,22,,
2023-10-31 23:00:00,23,,
2023-11-01 00:00:00,0,,
2023-11-01 01:00:00,1,,
2023-11-01 02:00:00,2,,
2023-11-01 03:00:00,3,,
2023-11-01 04:00:00,4,,
2023-11-01 05:00:00,5,,
2023-11-01 06:00:00,6,,
2023-11-01 07:00:00,7,,
2023-11-01 08:00:00,8,,
2023-11-01 09:00:00,9,,
2023-11-01 10:00:00,10,,
2023-11-01 11:00:00,11,,
2023-11-01 12:00:00,12,,
2023-11-01 13:00:00,13,,
2023-11-01 14:00:00,14,,
2023-11-01 15:00:00,15,,
2023-11-01 16:00:00,16,,
2023-11-01 17:00:00,17,,
2023-11-01 18:00:00,18,,
2023-11-01 19:00:00,19,,
2023-11-01 20:00:00,20,,
2023-11-01 21:00:00,21,,
2023-11-01 22:00:00,22,,
2023-11-01 23:00:00,23,,
2023-11-02 00:00:00,0,,
2023-11-02 01:00:00,1,,
2023-11-02 02:00:00,2,,
2023-11-02 03:00:00,3,,
2023-11-02 04:00:00,4,,
2023-11-02 05:00:00,5,,
2023-11-02 06:00:00,6,,
2023-11-02 07:00:00,7,,
2023-11-02 08:00:00,8,,
2023-11-02 09:00:00,9,,
2023-11-02 10:00:00,10,,
2023-11-02 11:00:00,11,,
2023-11-02 12:00:00,12,,
2023-11-02 13:00:00,13,,
2023-11-02 14:00:00,14,,
2023-11-02 15:00:00,15,,
2023-11-02 16:00:00,16,,
2023-11-02 17:00:00,17,,
2023-11-02 18:00:00,18,,
2023-11-02 19:00:00,19,,
2023-11-02 20:00:00,20,,
2023-11-02 21:00:00,21,,
2023-11-02 22:00:00,22,,
2023-11-02 23:00:00,23,,
2023-11-03 00:00:00,0,,
2023-11-03 01:00:00,1,,
2023-11-03 02:00:00,2,,
2023-11-03 03:00:00,3,,
2023-11-03 04:00:00,4,,
2023-11-03 05:00:00,5,,
2023-11-03 06:00:00,6,,
2023-11-03 07:00:00,7,,
2023-11-03 08:00:00,8,,
2023-11-03 09:00:00,9,,
2023-11-03 10:00:00,10,,
2023-11-03 11:00:00,11,,
2023-11-03 12:00:00,12,,
2023-11-03 13:00:00,13,,
2023-11-03 14:00:00,14,,
2023-11-03 15:00:00,15,,
2023-11-03 16:00:00,16,,
2023-11-03 17:00:00,17,,
2023-11-03 18:00:00,18,,
2023-11-03 19:00:00,19,,
2023-11-03 20:00:00,20,,
2023-11-03 21:00:00,21,,
2023-11-03 22:00:00,22,,
2023-11-03 23:00:00,23,,
2023-11-04 00:00:00,0,,
2023-11-04 01:00:00,1,,
2023-11-04 02:00:00,2,,
2023-11-04 03:00:00,3,,
2023-11-04 04:00:00,4,,
2023-11-04 05:00:00,5,,
2023-11-04 06:00:00,6,,
2023-11-04 07:00:00,7,,
2023-11-04 08:00:00,8,,
2023-11-04 09:00:00,9,,
2023-11-04 10:00:00,10,,
2023-11-04 11:00:00,11,,
2023-11-04 12:00:00,12,,
2023-11-04 13:00:00,13,,
2023-11-04 14:00:00,14,,
2023-11-04 15:00:00,15,,
2023-11-04 16:00:00,16,,
2023-11-04 17:00:00,17,,
2023-11-04 18:00:00,18,,
2023-11-04 19:00:00,19,,
2023-11-04 20:00:00,20,,
2023-11-04 21:00:00,21,,
2023-11-04 22:00:00,22,,
2023-11-04 23:00:00,23,,
2023-11-05 00:00:00,0,,
2023-11-05 01:00:00,1,,
2023-11-05 02:00:00,2,,
2023-11-05 03:00:00,3,,
2023-11-05 04:00:00,4,,
2023-11-05 05:00:00,5,,
2023-11-05 06:00:00,6,,
2023-11-05 07:00:00,7,,
2023-11-05 08:00:00,8,,
2023-11-05 09:00:00,9,,
2023-11-05 10:00:00,10,,
2023-11-05 11:00:00,11,,
2023-11-05 12:00:00,12,,
2023-11-05 13:00:00,13,,
2023-11-05 14:00:00,14,,
2023-11-05 15:00:00,15,,
2023-11-05 16:00:00,16,,
2023-11-05 17:00:00,17,,
2023-11-05 18:00:00,18,,
2023-11-05 19:00:00,19,,
2023-11-05 20:00:00,20,,
2023-11-05 21:00:00,21,,
2023-11-05 22:00:00,22,,
2023-11-05 23:00:00,23,,
2023-11-06 00:00:00,0,,
2023-11-06 01:00:00,1,,
2023-11-06 02:00:00,2,,
2023-11-06 03:00:00,3,,
2023-11-06 04:00:00,4,,
2023-11-06 05:00:00,5,,
2023-11-06 06:00:00,6,,
2023-11-06 07:00:00,7,,
2023-11-06 08:00:00,8,,
2023-11-06 09:00:00,9,,
2023-11-06 10:00:00,10,,
2023-11-06 11:00:00,11,,
2023-11-06 12:00:00,12,,
2023-11-06 13:00:00,13,,
2023-11-06 14:00:00,14,,
2023-11-06 15:00:00,15,,
2023-11-06 16:00:00,16,,
2023-11-06 17:00:00,17,,
2023-11-06 18:00:00,18,,
2023-11-06 19:00:00,19,,
2023-11-06 20:00:00,20,,
2023-11-06 21:00:00,21,,
2023-11-06 22:00:00,22,,
2023-11-06 23:00:00,23,,
2023-11-07 00:00:00,0,,
2023-11-07 01:00:00,1,,
2023-11-07 02:00:00,2,,
2023-11-07 03:00:00,3,,
2023-11-07 04:00:00,4,,
2023-11-07 05:00:00,5,,
2023-11-07 06:00:00,6,,
2023-11-07 07:00:00,7,,
2023-11-07 08:00:00,8,,
2023-11-07 09:00:00,9,,
2023-11-07 10:00:00,10,,
2023-11-07 11:00:00,11,,
2023-11-07 12:00:00,12,,
2023-11-07 13:00:00,13,,
2023-11-07 14:00:00,14,,
2023-11-07 15:00:00,15,,
2023-11-07 16:00:00,16,,
2023-11-07 17:00:00,17,,
2023-11-07 18:00:00,18,,
2023-11-07 19:00:00,19,,
2023-11-07 20:00:00,20,,
2023-11-07 21:00:00,21,,
2023-11-07 22:00:00,22,,
2023-11-07 23:00:00,23,,
2023-11-08 00:00:00,0,,
2023-11-08 01:00:00,1,,
2023-11-08 02:00:00,2,,
2023-11-08 03:00:00,3,,
2023-11-08 04:00:00,4,,
2023-11-08 05:00:00,5,,
2023-11-08 06:00:00,6,,
2023-11-08 07:00:00,7,,
2023-11-08 08:00:00,8,,
2023-11-08 09:00:00,9,,
2023-11-08 10:00:00,10,,
2023-11-08 11:00:00,11,,
2023-11-08 12:00:00,12,,
2023-11-08 13:00:00,13,,
2023-11-08 14:00:00,14,,
2023-11-08 15:00:00,15,,
2023-11-08 16:00:00,16,,
2023-11-08 17:00:00,17,,
2023-11-08 18:00:00,18,,
2023-11-08 19:00:00,19,,
2023-11-08 20:00:00,20,,
2023-11-08 21:00:00,21,,
2023-11-08 22:00:00,22,,
2023-11-08 23:00:00,23,,
2023-11-09 00:00:00,0,,
2023-11-09 01:00:00,1,,
2023-11-09 02:00:00,2,,
2023-11-09 03:00:00,3,,
2023-11-09 04:00:00,4,,
2023-11-09 05:00:00,5,,
2023-11-09 06:00:00,6,,
2023-11-09 07:00:00,7,,
2023-11-09 08:00:00,8,,
2023-11-09 09:00:00,9,,
2023-11-09 10:00:00,10,,
2023-11-09 11:00:00,11,,
2023-11-09 12:00:00,12,,
2023-11-09 13:00:00,13,,
2023-11-09 14:00:00,14,,
2023-11-09 15:00:00,15,,
2023-11-09 16:00:00,16,,
2023-11-09 17:00:00,17,,
2023-11-09 18:00:00,18,,
2023-11-09 19:00:00,19,,
2023-11-09 20:00:00,20,,
2023-11-09 21:00:00,21,,
2023-11-09 22:00:00,22,,
2023-11-09 23:00:00,23,,
2023-11-10 00:00:00,0,,
2023-11-10 01:00:00,1,,
2023-11-10 02:00:00,2,,
2023-11-10 03:00:00,3,,
2023-11-10 04:00:00,4,,
2023-11-10 05:00:00,5,,
2023-11-10 06:00:00,6,,
2023-11-10 07:00:00,7,,
2023-11-10 08:00:00,8,,
2023-11-10 09:00:00,9,,
2023-11-10 10:00:00,10,,
2023-11-10 11:00:00,11,,
2023-11-10 12:00:00,12,,
2023-11-10 13:00:00,13,,
2023-11-10 14:00:00,14,,
2023-11-10 15:00:00,15,,
2023-11-10 16:00:00,16,,
2023-11-10 17:00:00,17,,
2023-11-10 18:00:00,18,,
2023-11-10 19:00:00,19,,
2023-11-10 20:00:00,20,,
2023-11-10 21:00:00,21,,
2023-11-10 22:00:00,22,,
2023-11-10 23:00:00,23,,
2023-11-11 00:00:00,0,,
2023-11-11 01:00:00,1,,
2023-11-11 02:00:00,2,,
2023-11-11 03:00:00,3,,
2023-11-11 04:00:00,4,,
2023-11-11 05:00:00,5,,
2023-11-11 06:00:00,6,,
2023-11-11 07:00:00,7,,
2023-11-11 08:00:00,8,,
2023-11-11 09:00:00,9,,
2023-11-11 10:00:00,10,,
2023-11-11 11:00:00,11,,
2023-11-11 12:00:00,12,,
2023-11-11 13:00:00,13,,
2023-11-11 14:00:00,14,,
2023-11-11 15:00:00,15,,
2023-11-11 16:00:00,16,,
2023-11-11 17:00:00,17,,
2023-11-11 18:00:00,18,,
2023-11-11 19:00:00,19,,
2023-11-11 20:00:00,20,,
2023-11-11 21:00:00,21,,
2023-11-11 22:00:00,22,,
2023-11-11 23:00:00,23,,
2023-11-12 00:00:00,0,,
2023-11-12 01:00:00,1,,
2023-11-12 02:00:00,2,,
2023-11-12 03:00:00,3,,
2023-11-12 04:00:00,4,,
2023-11-12 05:00:00,5,,
2023-11-12 06:00:00,6,,
2023-11-12 07:00:00,7,,
2023-11-12 08:00:00,8,,
2023-11-12 09:00:00,9,,
2023-11-12 10:00:00,10,,
2023-11-12 11:00:00,11,,
2023-11-12 12:00:00,12,,
2023-11-12 13:00:00,13,,
2023-11-12 14:00:00,14,,
2023-11-12 15:00:00,15,,
2023-11-12 16:00:00,16,,
2023-11-12 17:00:00,17,,
2023-11-12 18:00:00,18,,
2023-11-12 19:00:00,19,,
2023-11-12 20:00:00,20,,
2023-11-12 21:00:00,21,,
2023-11-12 22:00:00,22,,
2023-11-12 23:00:00,23,,
2023-11-13 00:00:00,0,,
2023-11-13 01:00:00,1,,
2023-11-13 02:00:00,2,,
2023-11-13 03:00:00,3,,
2023-11-13 04:00:00,4,,
2023-11-13 05:00:00,5,,
2023-11-13 06:00:00,6,,
2023-11-13 07:00:00,7,,
2023-11-13 08:00:00,8,,
2023-11-13 09:00:00,9,,
2023-11-13 10:00:00,10,,
2023-11-13 11:00:00,11,,
2023-11-13 12:00:00,12,,
2023-11-13 13:00:00,13,,
2023-11-13 14:00:00,14,,
2023-11-13 15:00:00,15,,
2023-11-13 16:00:00,16,,
2023-11-13 17:00:00,17,,
2023-11-13 18:00:00,18,,
2023-11-13 19:00:00,19,,
2023-11-13 20:00:00,20,,
2023-11-13 21:00:00,21,,
2023-11-13 22:00:00,22,,
2023-11-13 23:00:00,23,,
2023-11-14 00:00:00,0,,
2023-11-14 01:00:00,1,,
2023-11-14 02:00:00,2,,
2023-11-14 03:00:00,3,,
2023-11-14 04:00:00,4,,
2023-11-14 05:00:00,5,,
2023-11-14 06:00:00,6,,
2023-11-14 07:00:00,7,,
2023-11-14 08:00:00,8,,
2023-11-14 09:00:00,9,,
2023-11-14 10:00:00,10,,
2023-11-14 11:00:00,11,,
2023-11-14 12:00:00,12,,
2023-11-14 13:00:00,13,,
2023-11-14 14:00:00,14,,
2023-11-14 15:00:00,15,,
2023-11-14 16:00:00,16,,
2023-11-14 17:00:00,17,,
2023-11-14 18:00:00,18,,
2023-11-14 19:00:00,19,,
2023-11-14 20:00:00,20,,
2023-11-14 21:00:00,21,,
2023-11-14 22:00:00,22,,
2023-11-14 23:00:00,23,,
2023-11-15 00:00:00,0,,
2023-11-15 01:00:00,1,,
2023-11-15 02:00:00,2,,
2023-11-15 03:00:00,3,,
2023-11-15 04:00:00,4,,
2023-11-15 05:00:00,5,,
2023-11-15 06:00:00,6,,
2023-11-15 07:00:00,7,,
2023-11-15 08:00:00,8,,
2023-11-15 09:00:00,9,,
2023-11-15 10:00:00,10,,
2023-11-15 11:00:00,11,,
2023-11-15 12:00:00,12,,
2023-11-15 13:00:00,13,,
2023-11-15 14:00:00,14,,
2023-11-15 15:00:00,15,,
2023-11-15 16:00:00,16,,
2023-11-15 17:00:00,17,,
2023-11-15 18:00:00,18,,
2023-11-15 19:00:00,19,,
2023-11-15 20:00:00,20,,
2023-11-15 21:00:00,21,,
2023-11-15 22:00:00,22,,
2023-11-15 23:00:00,23,,
2023-11-16 00:00:00,0,,
2023-11-16 01:00:00,1,,
2023-11-16 02:00:00,2,,
2023-11-16 03:00:00,3,,
2023-11-16 04:00:00,4,,
2023-11-16 05:00:00,5,,
2023-11-16 06:00:00,6,,
2023-11-16 07:00:00,7,,
2023-11-16 08:00:00,8,,
2023-11-16 09:00:00,9,,
2023-11-16 10:00:00,10,,
2023-11-16 11:00:00,11,,
2023-11-16 12:00:00,12,,
2023-11-16 13:00:00,13,,
2023-11-16 14:00:00,14,,
2023-11-16 15:00:00,15,,
2023-11-16 16:00:00,16,,
2023-11-16 17:00:00,17,,
2023-11-16 18:00:00,18,,
2023-11-16 19:00:00,19,,
2023-11-16 20:00:00,20,,
2023-11-16 21:00:00,21,,
2023-11-16 22:00:00,22,,
2023-11-16 23:00:00,23,,
2023-11-17 00:00:00,0,,
2023-11-17 01:00:00,1,,
2023-11-17 02:00:00,2,,
2023-11-17 03:00:00,3,,
2023-11-17 04:00:00,4,,
2023-11-17 05:00:00,5,,
2023-11-17 06:00:00,6,,
2023-11-17 07:00:00,7,,
2023-11-17 08:00:00,8,,
2023-11-17 09:00:00,9,,
2023-11-17 10:00:00,10,,
2023-11-17 11:00:00,11,,
2023-11-17 12:00:00,12,,
2023-11-17 13:00:00,13,,
2023-11-17 14:00:00,14,,
2023-11-17 15:00:00,15,,
2023-11-17 16:00:00,16,,
2023-11-17 17:00:00,17,,
2023-11-17 18:00:00,18,,
2023-11-17 19:00:00,19,,
2023-11-17 20:00:00,20,,
2023-11-17 21:00:00,21,,
2023-11-17 22:00:00,22,,
2023-11-17 23:00:00,23,,
2023-11-18 00:00:00,0,,
2023-11-18 01:00:00,1,,
2023-11-18 02:00:00,2,,
2023-11-18 03:00:00,3,,
2023-11-18 04:00:00,4,,
2023-11-18 05:00:00,5,,
2023-11-18 06:00:00,6,,
2023-11-18 07:00:00,7,,
2023-11-18 08:00:00,8,,
2023-11-18 09:00:00,9,,
2023-11-18 10:00:00,10,,
2023-11-18 11:00:00,11,,
2023-11-18 12:00:00,12,,
2023-11-18 13:00:00,13,,
2023-11-18 14:00:00,14,,
2023-11-18 15:00:00,15,,
2023-11-18 16:00:00,16,,
2023-11-18 17:00:00,17,,
2023-11-18 18:00:00,18,,
2023-11-18 19:00:00,19,,
2023-11-18 20:00:00,20,,
2023-11-18 21:00:00,21,,
2023-11-18 22:00:00,22,,
2023-11-18 23:00:00,23,,
2023-11-19 00:00:00,0,,
2023-11-19 01:00:00,1,,
2023-11-19 02:00:00,2,,
2023-11-19 03:00:00,3,,
2023-11-19 04:00:00,4,,
2023-11-19 05:00:00,5,,
2023-11-19 06:00:00,6,,
2023-11-19 07:00:00,7,,
2023-11-19 08:00:00,8,,
2023-11-19 09:00:00,9,,
2023-11-19 10:00:00,10,,
2023-11-19 11:00:00,11,,
2023-11-19 12:00:00,12,,
2023-11-19 13:00:00,13,,
2023-11-19 14:00:00,14,,
2023-11-19 15:00:00,15,,
2023-11-19 16:00:00,16,,
2023-11-19 17:00:00,17,,
2023-11-19 18:00:00,18,,
2023-11-19 19:00:00,19,,
2023-11-19 20:00:00,20,,
2023-11-19 21:00:00,21,,
2023-11-19 22:00:00,22,,
2023-11-19 23:00:00,23,,
2023-11-20 00:00:00,0,,
2023-11-20 01:00:00,1,,
2023-11-20 02:00:00,2,,
2023-11-20 03:00:00,3,,
2023-11-20 04:00:00,4,,
2023-11-20 05:00:00,5,,
2023-11-20 06:00:00,6,,
2023-11-20 07:00:00,7,,
2023-11-20 08:00:00,8,,
2023-11-20 09:00:00,9,,
2023-11-20 10:00:00,10,,
2023-11-20 11:00:00,11,,
2023-11-20 12:00:00,12,,
2023-11-20 13:00:00,13,,
2023-11-20 14:00:00,14,,
2023-11-20 15:00:00,15,,
2023-11-20 16:00:00,16,,
2023-11-20 17:00:00,17,,
2023-11-20 18:00:00,18,,
2023-11-20 19:00:00,19,,
2023-11-20 20:00:00,20,,
2023-11-20 21:00:00,21,,
2023-11-20 22:00:00,22,,
2023-11-20 23:00:00,23,,
2023-11-21 00:00:00,0,,
2023-11-21 01:00:00,1,,
2023-11-21 02:00:00,2,,
2023-11-21 03:00:00,3,,
2023-11-21 04:00:00,4,,
2023-11-21 05:00:00,5,,
2023-11-21 06:00:00,6,,
2023-11-21 07:00:00,7,,
2023-11-21 08:00:00,8,,
2023-11-21 09:00:00,9,,
2023-11-21 10:00:00,10,,
2023-11-21 11:00:00,11,,
2023-11-21 12:00:00,12,,
2023-11-21 13:00:00,13,,
2023-11-21 14:00:00,14,,
2023-11-21 15:00:00,15,3585.5,3.9
2023-11-21 16:00:00,16,2551.9,1.8
2023-11-21 17:00:00,17,2039.3,1.9
2023-11-21 18:00:00,18,1275.5,4.2
2023-11-21 19:00:00,19,991.7,4.7
2023-11-21 20:00:00,20,528.8,6.1
2023-11-21 21:00:00,21,66.7,6.0
2023-11-21 22:00:00,22,0.0,4.3
2023-11-21 23:00:00,23,0.0,1.1
2023-11-22 00:00:00,0,0.0,2.5
2023-11-22 01:00:00,1,0.0,1.9
2023-11-22 02:00:00,2,0.0,1.3
2023-11-22 03:00:00,3,0.0,0.0
2023-11-22 04:00:00,4,0.0,0.0
2023-11-22 05:00:00,5,0.0,0.0
2023-11-22 06:00:00,6,0.0,0.0
2023-11-22 07:00:00,7,0.0,0.0
2023-11-22 08:00:00,8,0.0,0.0
2023-11-22 09:00:00,9,89.0,0.1
2023-11-22 10:00:00,10,818.2,1.3
2023-11-22 11:00:00,11,1572.5,4.3
2023-11-22 12:00:00,12,2078.0,4.7
2023-11-22 13:00:00,13,2822.5,4.2
2023-11-22 14:00:00,14,3243.9,5.5
2023-11-22 15:00:00,15,3720.5,3.8
2023-11-22 16:00:00,16,2906.6,4.7
2023-11-22 17:00:00,17,2316.9,3.8
2023-11-22 18:00:00,18,1589.5,4.1
2023-11-22 19:00:00,19,1291.7,4.5
2023-11-22 20:00:00,20,400.9,5.4
2023-11-22 21:00:00,21,80.3,5.4
2023-11-22 22:00:00,22,0.0,4.7
2023-11-22 23:00:00,23,0.0,3.7
2023-11-23 00:00:00,0,0.0,2.5
2023-11-23 01:00:00,1,0.0,0.4
2023-11-23 02:00:00,2,0.0,2.5
2023-11-23 03:00:00,3,0.0,0.0
2023-11-23 04:00:00,4,0.0,0.0
2023-11-23 05:00:00,5,0.0,0.0
2023-11-23 06:00:00,6,0.0,0.0
2023-11-23 07:00:00,7,0.0,0.0
2023-11-23 08:00:00,8,0.0,0.0
2023-11-23 09:00:00,9,125.1,0.0
2023-11-23 10:00:00,10,788.8,0.3
2023-11-23 11:00:00,11,1390.1,5.2
2023-11-23 12:00:00,12,2088.7,4.8
2023-11-23 13:00:00,13,3062.6,4.6
2023-11-23 14:00:00,14,2898.1,4.7
2023-11-23 15:00:00,15,3176.1,4.1
2023-11-23 16:00:00,16,2816.7,3.9
2023-11-23 17:00:00,17,2411.3,3.9
2023-11-23 18:00:00,18,2340.6,4.5
2023-11-23 19:00:00,19,1076.3,2.9
2023-11-23 20:00:00,20,732.9,3.5
2023-11-23 21:00:00,21,99.2,4.2
2023-11-23 22:00:00,22,0.0,4.0
2023-11-23 23:00:00,23,0.0,4.1
2023-11-24 00:00:00,0,0.0,4.6
2023-11-24 01:00:00,1,0.0,3.0
2023-11-24 02:00:00,2,0.0,0.0
2023-11-24 03:00:00,3,0.0,2.1
2023-11-24 04:00:00,4,0.0,0.5
2023-11-24 05:00:00,5,0.0,0.0
2023-11-24 06:00:00,6,0.0,0.0
2023-11-24 07:00:00,7,0.0,0.0
2023-11-24 08:00:00,8,0.0,0.0
2023-11-24 09:00:00,9,104.0,0.0
2023-11-24 10:00:00,10,792.4,3.0
2023-11-24 11:00:00,11,1492.6,2.1
2023-11-24 12:00:00,12,2261.1,3.8
2023-11-24 13:00:00,13,3087.0,2.5
2023-11-24 14:00:00,14,3635.3,3.8
2023-11-24 15:00:00,15,3831.6,3.9
2023-11-24 16:00:00,16,3537.6,3.5
2023-11-24 17:00:00,17,3124.9,3.4
2023-11-24 18:00:00,18,2536.0,0.7
2023-11-24 19:00:00,19,1566.8,2.6
2023-11-24 20:00:00,20,469.9,6.2
2023-11-24 21:00:00,21,89.8,5.8
2023-11-24 22:00:00,22,0.0,4.7
2023-11-24 23:00:00,23,0.0,4.5
2023-11-25 00:00:00,0,0.0,4.4
2023-11-25 01:00:00,1,0.0,0.8
2023-11-25 02:00:00,2,0.0,0.5
2023-11-25 03:00:00,3,0.0,0.4
2023-11-25 04:00:00,4,0.0,0.3
2023-11-25 05:00:00,5,0.0,0.0
2023-11-25 06:00:00,6,0.0,0.0
2023-11-25 07:00:00,7,0.0,0.0
2023-11-25 08:00:00,8,0.0,0.0
2023-11-25 09:00:00,9,75.1,0.0
2023-11-25 10:00:00,10,499.2,0.2
2023-11-25 11:00:00,11,1291.2,2.0
2023-11-25 12:00:00,12,1796.0,3.4
2023-11-25 13:00:00,13,2867.9,2.7
2023-11-25 14:00:00,14,3571.9,3.3
2023-11-25 15:00:00,15,3779.2,1.9
2023-11-25 16:00:00,16,3165.2,3.6
2023-11-25 17:00:00,17,2352.5,0.9
2023-11-25 18:00:00,18,1543.4,0.3
2023-11-25 19:00:00,19,1342.9,4.1
2023-11-25 20:00:00,20,483.0,5.4
2023-11-25 21:00:00,21,88.1,4.8
2023-11-25 22:00:00,22,0.0,4.9
2023-11-25 23:00:00,23,0.0,2.7
2023-11-26 00:00:00,0,0.0,0.0
2023-11-26 01:00:00,1,0.0,0.6
2023-11-26 02:00:00,2,0.0,2.6
2023-11-26 03:00:00,3,0.0,1.2
2023-11-26 04:00:00,4,0.0,0.9
2023-11-26 05:00:00,5,0.0,0.0
2023-11-26 06:00:00,6,0.0,0.0
2023-11-26 07:00:00,7,0.0,0.0
2023-11-26 08:00:00,8,0.0,0.0
2023-11-26 09:00:00,9,58.2,0.0
2023-11-26 10:00:00,10,315.8,0.0
2023-11-26 11:00:00,11,714.8,0.1
2023-11-26 12:00:00,12,993.1,0.2
2023-11-26 13:00:00,13,1228.1,0.1
2023-11-26 14:00:00,14,1406.9,0.0
2023-11-26 15:00:00,15,2091.7,0.2
2023-11-26 16:00:00,16,3102.6,0.0
2023-11-26 17:00:00,17,2630.9,0.1
2023-11-26 18:00:00,18,2366.7,0.7
2023-11-26 19:00:00,19,1487.3,0.0
2023-11-26 20:00:00,20,733.7,4.2
2023-11-26 21:00:00,21,62.8,3.5
2023-11-26 22:00:00,22,0.0,3.0
2023-11-26 23:00:00,23,0.0,4.1
2023-11-27 00:00:00,0,0.0,0.0
2023-11-27 01:00:00,1,,0.0
2023-11-27 02:00:00,2,0.0,0.0
2023-11-27 03:00:00,3,0.0,0.0
2023-11-27 04:00:00,4,0.0,0.1
2023-11-27 05:00:00,5,0.0,0.0
2023-11-27 06:00:00,6,0.0,0.0
2023-11-27 07:00:00,7,0.0,0.0
2023-11-27 08:00:00,8,0.0,0.0
2023-11-27 09:00:00,9,100.0,0.0
2023-11-27 10:00:00,10,772.0,0.0
2023-11-27 11:00:00,11,1263.5,0.2
2023-11-27 12:00:00,12,1374.9,0.0
2023-11-27 13:00:00,13,2717.4,1.3
2023-11-27 14:00:00,14,3779.9,2.7
2023-11-27 15:00:00,15,4108.0,0.6
2023-11-27 16:00:00,16,2843.1,0.0
2023-11-27 17:00:00,17,2608.8,0.0
2023-11-27 18:00:00,18,1802.6,0.0
2023-11-27 19:00:00,19,1494.9,0.0
2023-11-27 20:00:00,20,612.9,3.0
2023-11-27 21:00:00,21,88.2,5.0
2023-11-27 22:00:00,22,0.0,3.9
2023-11-27 23:00:00,23,0.0,5.3
2023-11-28 00:00:00,0,0.0,1.4
2023-11-28 01:00:00,1,0.0,1.3
2023-11-28 02:00:00,2,0.0,0.0
2023-11-28 03:00:00,3,0.0,0.0
2023-11-28 04:00:00,4,0.0,0.0
2023-11-28 05:00:00,5,0.0,0.0
2023-11-28 06:00:00,6,0.0,0.0
2023-11-28 07:00:00,7,0.0,0.0
2023-11-28 08:00:00,8,0.0,0.0
2023-11-28 09:00:00,9,27.0,0.0
2023-11-28 10:00:00,10,216.7,0.0
2023-11-28 11:00:00,11,696.4,0.0
2023-11-28 12:00:00,12,1285.6,0.7
2023-11-28 13:00:00,13,2168.5,1.4
2023-11-28 14:00:00,14,2143.4,0.3
2023-11-28 15:00:00,15,2407.2,0.3
2023-11-28 16:00:00,16,1080.1,0.5
2023-11-28 17:00:00,17,1218.1,0.0
2023-11-28 18:00:00,18,1075.2,4.3
2023-11-28 19:00:00,19,1089.2,2.1
2023-11-28 20:00:00,20,1005.1,0.8
2023-11-28 21:00:00,21,38.3,0.0
2023-11-28 22:00:00,22,0.0,0.0
2023-11-28 23:00:00,23,0.0,0.8
2023-11-29 00:00:00,0,0.0,0.2
2023-11-29 01:00:00,1,,0.3
2023-11-29 02:00:00,2,0.0,0.0
2023-11-29 03:00:00,3,0.0,0.0
2023-11-29 04:00:00,4,0.0,0.0
2023-11-29 05:00:00,5,0.0,0.0
2023-11-29 06:00:00,6,0.0,0.0
2023-11-29 07:00:00,7,0.0,0.0
2023-11-29 08:00:00,8,0.0,0.0
2023-11-29 09:00:00,9,59.7,0.0
2023-11-29 10:00:00,10,736.2,0.0
2023-11-29 11:00:00,11,1240.6,0.0
2023-11-29 12:00:00,12,1177.8,0.0
2023-11-29 13:00:00,13,870.1,0.0
2023-11-29 14:00:00,14,1780.0,0.0
2023-11-29 15:00:00,15,1499.3,0.0
2023-11-29 16:00:00,16,1485.9,1.8
2023-11-29 17:00:00,17,2453.3,0.3
2023-11-29 18:00:00,18,2134.5,1.5
2023-11-29 19:00:00,19,1236.2,3.3
2023-11-29 20:00:00,20,656.0,1.4
2023-11-29 21:00:00,21,66.4,1.6
2023-11-29 22:00:00,22,0.0,2.7
2023-11-29 23:00:00,23,0.0,0.8
2023-11-30 00:00:00,0,0.0,0.1
2023-11-30 01:00:00,1,0.0,1.7
2023-11-30 02:00:00,2,0.0,0.7
2023-11-30 03:00:00,3,0.0,0.0
2023-11-30 04:00:00,4,0.0,0.0
2023-11-30 05:00:00,5,0.0,0.0
2023-11-30 06:00:00,6,0.0,0.0
2023-11-30 07:00:00,7,0.0,0.0
2023-11-30 08:00:00,8,0.0,0.0
2023-11-30 09:00:00,9,79.6,0.0
2023-11-30 10:00:00,10,622.7,0.0
2023-11-30 11:00:00,11,1291.8,0.0
2023-11-30 12:00:00,12,1954.2,0.9
2023-11-30 13:00:00,13,2106.3,0.8
2023-11-30 14:00:00,14,2572.8,1.0
2023-11-30 15:00:00,15,2571.1,0.9
2023-11-30 16:00:00,16,3012.9,0.0
2023-11-30 17:00:00,17,2549.9,0.1
2023-11-30 18:00:00,18,2163.5,0.9
2023-11-30 19:00:00,19,1323.7,2.5
2023-11-30 20:00:00,20,394.9,3.6
2023-11-30 21:00:00,21,77.1,4.9
2023-11-30 22:00:00,22,0.0,4.8
2023-11-30 23:00:00,23,0.0,4.6
2023-12-01 00:00:00,0,0.0,2.4
2023-12-01 01:00:00,1,0.0,0.3
2023-12-01 02:00:00,2,0.0,1.9
2023-12-01 03:00:00,3,0.0,1.6
2023-12-01 04:00:00,4,0.0,0.0
2023-12-01 05:00:00,5,0.0,0.0
2023-12-01 06:00:00,6,0.0,0.2
2023-12-01 07:00:00,7,0.0,0.0
2023-12-01 08:00:00,8,0.0,0.0
2023-12-01 09:00:00,9,87.7,0.0
2023-12-01 10:00:00,10,709.8,0.0
2023-12-01 11:00:00,11,1444.4,0.0
2023-12-01 12:00:00,12,1643.8,0.1
2023-12-01 13:00:00,13,2221.6,1.2
2023-12-01 14:00:00,14,3176.0,2.2
2023-12-01 15:00:00,15,2733.9,1.6
2023-12-01 16:00:00,16,2485.0,0.5
2023-12-01 17:00:00,17,2281.3,0.0
2023-12-01 18:00:00,18,1953.4,0.0
2023-12-01 19:00:00,19,1412.5,2.3
2023-12-01 20:00:00,20,898.2,5.0
2023-12-01 21:00:00,21,73.3,4.4
2023-12-01 22:00:00,22,0.0,5.3
2023-12-01 23:00:00,23,0.0,5.1
2023-12-02 00:00:00,0,0.0,3.9
2023-12-02 01:00:00,1,0.0,2.9
2023-12-02 02:00:00,2,0.0,2.3
2023-12-02 03:00:00,3,0.0,2.1
2023-12-02 04:00:00,4,0.0,0.0
2023-12-02 05:00:00,5,0.0,0.0
2023-12-02 06:00:00,6,0.0,0.0
2023-12-02 07:00:00,7,0.0,0.0
2023-12-02 08:00:00,8,0.0,0.0
2023-12-02 09:00:00,9,34.5,0.0
2023-12-02 10:00:00,10,198.5,0.0
2023-12-02 11:00:00,11,515.0,0.0
2023-12-02 12:00:00,12,1287.5,0.0
2023-12-02 13:00:00,13,1467.1,0.0
2023-12-02 14:00:00,14,3267.3,0.7
2023-12-02 15:00:00,15,2334.7,0.0
2023-12-02 16:00:00,16,2262.7,1.0
2023-12-02 17:00:00,17,2231.7,0.8
2023-12-02 18:00:00,18,2273.5,0.0
2023-12-02 19:00:00,19,1311.5,1.8
2023-12-02 20:00:00,20,714.4,6.1
2023-12-02 21:00:00,21,37.8,5.9
2023-12-02 22:00:00,22,0.0,4.8
2023-12-02 23:00:00,23,0.0,5.3
2023-12-03 00:00:00,0,0.0,1.0
2023-12-03 01:00:00,1,0.0,0.2
2023-12-03 02:00:00,2,0.0,2.7
2023-12-03 03:00:00,3,0.0,0.1
2023-12-03 04:00:00,4,0.0,1.9
2023-12-03 05:00:00,5,0.0,0.0
2023-12-03 06:00:00,6,0.0,0.0
2023-12-03 07:00:00,7,0.0,0.0
2023-12-03 08:00:00,8,0.0,0.0
2023-12-03 09:00:00,9,92.0,0.0
2023-12-03 10:00:00,10,742.1,0.0
2023-12-03 11:00:00,11,1483.3,0.0
2023-12-03 12:00:00,12,1631.4,3.3
2023-12-03 13:00:00,13,2000.9,2.1
2023-12-03 14:00:00,14,2026.5,2.2
2023-12-03 15:00:00,15,2506.0,2.5
2023-12-03 16:00:00,16,2506.8,0.0
2023-12-03 17:00:00,17,2885.1,1.8
2023-12-03 18:00:00,18,1687.2,0.0
2023-12-03 19:00:00,19,900.2,2.6
2023-12-03 20:00:00,20,352.1,5.4
2023-12-03 21:00:00,21,83.9,4.7
2023-12-03 22:00:00,22,0.0,5.6
2023-12-03 23:00:00,23,0.0,5.1
2023-12-04 00:00:00,0,0.0,4.2
2023-12-04 01:00:00,1,,1.5
2023-12-04 02:00:00,2,0.0,1.0
2023-12-04 03:00:00,3,0.0,0.0
2023-12-04 04:00:00,4,0.0,0.0
2023-12-04 05:00:00,5,0.0,0.0
2023-12-04 06:00:00,6,0.0,0.0
2023-12-04 07:00:00,7,0.0,0.0
2023-12-04 08:00:00,8,0.0,0.0
2023-12-04 09:00:00,9,89.5,0.0
2023-12-04 10:00:00,10,551.8,0.0
2023-12-04 11:00:00,11,1260.6,0.0
2023-12-04 12:00:00,12,1625.2,0.0
2023-12-04 13:00:00,13,1990.1,0.1
2023-12-04 14:00:00,14,3249.4,0.0
2023-12-04 15:00:00,15,2212.4,0.0
2023-12-04 16:00:00,16,1970.9,0.0
2023-12-04 17:00:00,17,2087.6,0.4
2023-12-04 18:00:00,18,1622.4,2.1
2023-12-04 19:00:00,19,1674.0,3.4
2023-12-04 20:00:00,20,947.0,5.3
2023-12-04 21:00:00,21,70.0,5.5
2023-12-04 22:00:00,22,0.0,3.8
2023-12-04 23:00:00,23,0.0,1.7
2023-12-05 00:00:00,0,0.0,2.5
2023-12-05 01:00:00,1,0.0,0.0
2023-12-05 02:00:00,2,0.0,0.0
2023-12-05 03:00:00,3,0.0,0.0
2023-12-05 04:00:00,4,0.0,0.0
2023-12-05 05:00:00,5,0.0,0.0
2023-12-05 06:00:00,6,0.0,0.0
2023-12-05 07:00:00,7,0.0,0.0
2023-12-05 08:00:00,8,0.0,0.0
2023-12-05 09:00:00,9,70.3,0.0
2023-12-05 10:00:00,10,708.3,0.0
2023-12-05 11:00:00,11,1313.3,0.5
2023-12-05 12:00:00,12,1835.7,2.0
2023-12-05 13:00:00,13,1794.1,0.4
2023-12-05 14:00:00,14,2135.6,1.6
2023-12-05 15:00:00,15,2178.3,1.5
2023-12-05 16:00:00,16,2996.6,0.4
2023-12-05 17:00:00,17,3008.3,0.5
2023-12-05 18:00:00,18,2470.9,3.4
2023-12-05 19:00:00,19,1182.8,3.6
2023-12-05 20:00:00,20,374.4,5.1
2023-12-05 21:00:00,21,145.1,5.0
2023-12-05 22:00:00,22,0.0,4.6
2023-12-05 23:00:00,23,0.0,4.0
2023-12-06 00:00:00,0,0.0,3.8
2023-12-06 01:00:00,1,0.0,2.8
2023-12-06 02:00:00,2,0.0,0.0
2023-12-06 03:00:00,3,0.0,0.0
2023-12-06 04:00:00,4,0.0,0.0
2023-12-06 05:00:00,5,0.0,0.0
2023-12-06 06:00:00,6,0.0,0.0
2023-12-06 07:00:00,7,0.0,0.0
2023-12-06 08:00:00,8,0.0,0.0
2023-12-06 09:00:00,9,44.4,0.0
2023-12-06 10:00:00,10,427.8,0.8
2023-12-06 11:00:00,11,904.5,5.9
2023-12-06 12:00:00,12,1168.7,3.8
2023-12-06 13:00:00,13,2837.7,4.8
2023-12-06 14:00:00,14,2906.3,4.4
2023-12-06 15:00:00,15,2807.2,4.6
2023-12-06 16:00:00,16,2800.8,4.9
2023-12-06 17:00:00,17,1811.8,2.7
2023-12-06 18:00:00,18,2218.0,2.8
2023-12-06 19:00:00,19,1859.8,3.9
2023-12-06 20:00:00,20,565.0,4.1
2023-12-06 21:00:00,21,83.0,5.3
2023-12-06 22:00:00,22,0.0,4.3
2023-12-06 23:00:00,23,0.0,3.8
2023-12-07 00:00:00,0,0.0,2.9
2023-12-07 01:00:00,1,0.0,2.4
2023-12-07 02:00:00,2,0.0,1.1
2023-12-07 03:00:00,3,0.0,1.6
2023-12-07 04:00:00,4,0.0,0.0
2023-12-07 05:00:00,5,0.0,0.0
2023-12-07 06:00:00,6,0.0,0.0
2023-12-07 07:00:00,7,0.0,0.0
2023-12-07 08:00:00,8,0.0,0.0
2023-12-07 09:00:00,9,49.7,0.0
2023-12-07 10:00:00,10,575.7,0.0
2023-12-07 11:00:00,11,1035.0,1.0
2023-12-07 12:00:00,12,1359.3,2.4
2023-12-07 13:00:00,13,2194.5,3.7
2023-12-07 14:00:00,14,3014.1,4.1
2023-12-07 15:00:00,15,2844.6,3.0
2023-12-07 16:00:00,16,1847.9,2.8
2023-12-07 17:00:00,17,1424.0,2.4
2023-12-07 18:00:00,18,1249.1,2.4
2023-12-07 19:00:00,19,879.7,4.4
2023-12-07 20:00:00,20,730.4,4.2
2023-12-07 21:00:00,21,83.7,4.1
2023-12-07 22:00:00,22,0.0,4.8
2023-12-07 23:00:00,23,0.0,3.7
2023-12-08 00:00:00,0,0.0,2.6
2023-12-08 01:00:00,1,,1.2
2023-12-08 02:00:00,2,0.0,0.6
2023-12-08 03:00:00,3,0.0,0.7
2023-12-08 04:00:00,4,0.0,0.0
2023-12-08 05:00:00,5,0.0,0.0
2023-12-08 06:00:00,6,0.0,0.0
2023-12-08 07:00:00,7,0.0,0.0
2023-12-08 08:00:00,8,0.0,0.0
2023-12-08 09:00:00,9,78.4,0.0
2023-12-08 10:00:00,10,685.2,0.0
2023-12-08 11:00:00,11,1129.7,2.4
2023-12-08 12:00:00,12,1706.3,3.7
2023-12-08 13:00:00,13,2661.7,2.4
2023-12-08 14:00:00,14,2789.9,3.3
2023-12-08 15:00:00,15,3205.9,3.1
2023-12-08 16:00:00,16,2990.7,2.2
2023-12-08 17:00:00,17,2983.5,2.0
2023-12-08 18:00:00,18,1777.7,0.1
2023-12-08 19:00:00,19,1440.2,0.3
2023-12-08 20:00:00,20,809.2,0.0
2023-12-08 21:00:00,21,100.0,5.2
2023-12-08 22:00:00,22,0.0,4.6
2023-12-08 23:00:00,23,0.0,3.6
2023-12-09 00:00:00,0,0.0,1.8
2023-12-09 01:00:00,1,0.0,2.5
2023-12-09 02:00:00,2,0.0,0.7
2023-12-09 03:00:00,3,0.0,0.0
2023-12-09 04:00:00,4,0.0,0.0
2023-12-09 05:00:00,5,0.0,0.0
2023-12-09 06:00:00,6,0.0,0.0
2023-12-09 07:00:00,7,0.0,0.0
2023-12-09 08:00:00,8,0.0,0.0
2023-12-09 09:00:00,9,56.1,0.0
2023-12-09 10:00:00,10,531.3,0.0
2023-12-09 11:00:00,11,936.8,2.6
2023-12-09 12:00:00,12,944.4,3.1
2023-12-09 13:00:00,13,1712.4,1.8
2023-12-09 14:00:00,14,3299.1,2.1
2023-12-09 15:00:00,15,3246.0,2.0
2023-12-09 16:00:00,16,3108.2,2.9
2023-12-09 17:00:00,17,2409.4,2.0
2023-12-09 18:00:00,18,1864.1,2.1
2023-12-09 19:00:00,19,1475.5,1.5
2023-12-09 20:00:00,20,720.5,0.4
2023-12-09 21:00:00,21,144.9,5.5
2023-12-09 22:00:00,22,0.0,4.2
2023-12-09 23:00:00,23,0.0,3.5
2023-12-10 00:00:00,0,0.0,3.5
2023-12-10 01:00:00,1,0.0,0.8
2023-12-10 02:00:00,2,0.0,2.8
2023-12-10 03:00:00,3,0.0,1.9
2023-12-10 04:00:00,4,0.0,2.0
2023-12-10 05:00:00,5,0.0,0.0
2023-12-10 06:00:00,6,0.0,0.0
2023-12-10 07:00:00,7,0.0,0.0
2023-12-10 08:00:00,8,0.0,0.0
2023-12-10 09:00:00,9,53.4,0.0
2023-12-10 10:00:00,10,277.2,1.2
2023-12-10 11:00:00,11,264.9,2.8
2023-12-10 12:00:00,12,1017.9,1.8
2023-12-10 13:00:00,13,941.5,3.7
2023-12-10 14:00:00,14,2141.4,1.7
2023-12-10 15:00:00,15,1588.0,1.8
2023-12-10 16:00:00,16,2278.8,3.2
2023-12-10 17:00:00,17,1143.0,3.0
2023-12-10 18:00:00,18,1789.2,5.6
2023-12-10 19:00:00,19,1230.3,4.0
2023-12-10 20:00:00,20,743.5,4.6
2023-12-10 21:00:00,21,56.3,2.4
2023-12-10 22:00:00,22,0.0,0.6
2023-12-10 23:00:00,23,0.0,1.1
2023-12-11 00:00:00,0,0.0,2.2
2023-12-11 01:00:00,1,0.0,0.0
2023-12-11 02:00:00,2,0.0,0.0
2023-12-11 03:00:00,3,0.0,0.0
2023-12-11 04:00:00,4,0.0,0.0
2023-12-11 05:00:00,5,0.0,0.0
2023-12-11 06:00:00,6,0.0,0.0
2023-12-11 07:00:00,7,0.0,0.0
2023-12-11 08:00:00,8,0.0,0.0
2023-12-11 09:00:00,9,59.2,0.0
2023-12-11 10:00:00,10,598.2,0.0
2023-12-11 11:00:00,11,1447.6,0.0
2023-12-11 12:00:00,12,1149.5,0.0
2023-12-11 13:00:00,13,2244.2,0.7
2023-12-11 14:00:00,14,2841.4,1.3
2023-12-11 15:00:00,15,2726.9,4.1
2023-12-11 16:00:00,16,2251.6,4.2
2023-12-11 17:00:00,17,2091.0,2.3
2023-12-11 18:00:00,18,2070.4,2.7
2023-12-11 19:00:00,19,301.8,2.9
2023-12-11 20:00:00,20,144.1,1.7
2023-12-11 21:00:00,21,60.2,3.0
2023-12-11 22:00:00,22,0.0,1.7
2023-12-11 23:00:00,23,0.0,0.0
2023-12-12 00:00:00,0,0.0,1.6
2023-12-12 01:00:00,1,0.0,0.0
2023-12-12 02:00:00,2,0.0,0.0
2023-12-12 03:00:00,3,0.0,0.0
2023-12-12 04:00:00,4,0.0,0.0
2023-12-12 05:00:00,5,0.0,0.0
2023-12-12 06:00:00,6,0.0,0.0
2023-12-12 07:00:00,7,0.0,0.0
2023-12-12 08:00:00,8,0.0,0.0
2023-12-12 09:00:00,9,66.1,0.0
2023-12-12 10:00:00,10,689.6,0.0
2023-12-12 11:00:00,11,1256.1,1.8
2023-12-12 12:00:00,12,1182.6,0.8
2023-12-12 13:00:00,13,2219.1,3.2
2023-12-12 14:00:00,14,2734.3,2.9
2023-12-12 15:00:00,15,,
2023-12-12 16:00:00,16,2999.5,3.0
2023-12-12 17:00:00,17,2972.4,0.5
2023-12-12 18:00:00,18,1863.3,1.9
2023-12-12 19:00:00,19,1572.6,0.1
2023-12-12 20:00:00,20,1023.8,0.5
2023-12-12 21:00:00,21,147.2,3.0
2023-12-12 22:00:00,22,0.0,3.3
2023-12-12 23:00:00,23,0.0,3.7
2023-12-13 00:00:00,0,0.0,1.1
2023-12-13 01:00:00,1,0.0,1.9
2023-12-13 02:00:00,2,0.0,0.7
2023-12-13 03:00:00,3,0.0,0.0
2023-12-13 04:00:00,4,0.0,0.0
2023-12-13 05:00:00,5,0.0,0.0
2023-12-13 06:00:00,6,0.0,0.0
2023-12-13 07:00:00,7,0.0,0.0
2023-12-13 08:00:00,8,0.0,0.0
2023-12-13 09:00:00,9,66.7,0.0
2023-12-13 10:00:00,10,536.2,0.0
2023-12-13 11:00:00,11,708.7,1.5
2023-12-13 12:00:00,12,1082.8,0.0
2023-12-13 13:00:00,13,1750.4,2.0
2023-12-13 14:00:00,14,3134.7,0.0
2023-12-13 15:00:00,15,3747.6,1.2
2023-12-13 16:00:00,16,3552.6,2.7
2023-12-13 17:00:00,17,2887.0,3.6
2023-12-13 18:00:00,18,1896.9,2.2
2023-12-13 19:00:00,19,1408.7,3.9
2023-12-13 20:00:00,20,688.0,3.1
2023-12-13 21:00:00,21,143.7,4.2
2023-12-13 22:00:00,22,0.0,4.9
2023-12-13 23:00:00,23,0.0,5.0
2023-12-14 00:00:00,0,0.0,3.6
2023-12-14 01:00:00,1,0.0,2.2
2023-12-14 02:00:00,2,0.0,0.3
2023-12-14 03:00:00,3,0.0,0.0
2023-12-14 04:00:00,4,0.0,1.1
2023-12-14 05:00:00,5,0.0,0.0
2023-12-14 06:00:00,6,0.0,0.0
2023-12-14 07:00:00,7,0.0,0.0
2023-12-14 08:00:00,8,0.0,0.8
2023-12-14 09:00:00,9,45.0,0.0
2023-12-14 10:00:00,10,327.7,2.1
2023-12-14 11:00:00,11,1259.6,3.7
2023-12-14 12:00:00,12,1564.4,3.5
2023-12-14 13:00:00,13,2564.3,3.1
2023-12-14 14:00:00,14,3444.7,3.2
2023-12-14 15:00:00,15,3461.1,3.4
2023-12-14 16:00:00,16,3261.0,3.6
2023-12-14 17:00:00,17,2524.7,3.9
2023-12-14 18:00:00,18,2474.6,4.0
2023-12-14 19:00:00,19,1752.3,2.2
2023-12-14 20:00:00,20,921.5,2.9
2023-12-14 21:00:00,21,126.5,1.6
2023-12-14 22:00:00,22,0.0,4.3
2023-12-14 23:00:00,23,0.0,4.1
2023-12-15 00:00:00,0,0.0,3.1
2023-12-15 01:00:00,1,0.0,2.0
2023-12-15 02:00:00,2,0.0,2.7
2023-12-15 03:00:00,3,0.0,2.6
2023-12-15 04:00:00,4,0.0,0.9
2023-12-15 05:00:00,5,0.0,0.0
2023-12-15 06:00:00,6,0.0,0.0
2023-12-15 07:00:00,7,0.0,0.0
2023-12-15 08:00:00,8,0.0,0.0
2023-12-15 09:00:00,9,48.9,0.0
2023-12-15 10:00:00,10,670.3,1.8
2023-12-15 11:00:00,11,1391.3,2.9
2023-12-15 12:00:00,12,2152.3,2.7
2023-12-15 13:00:00,13,3055.6,3.3
2023-12-15 14:00:00,14,3473.3,3.4
2023-12-15 15:00:00,15,3648.4,2.4
2023-12-15 16:00:00,16,3234.5,3.6
2023-12-15 17:00:00,17,3050.5,3.1
2023-12-15 18:00:00,18,2323.2,2.6
2023-12-15 19:00:00,19,1451.8,0.3
2023-12-15 20:00:00,20,644.7,3.3
2023-12-15 21:00:00,21,123.8,1.5
2023-12-15 22:00:00,22,0.0,4.4
2023-12-15 23:00:00,23,0.0,4.6
2023-12-16 00:00:00,0,0.0,4.0
2023-12-16 01:00:00,1,0.0,2.2
2023-12-16 02:00:00,2,0.0,0.7
2023-12-16 03:00:00,3,0.0,0.0
2023-12-16 04:00:00,4,0.0,0.0
2023-12-16 05:00:00,5,0.0,0.0
2023-12-16 06:00:00,6,0.0,0.0
2023-12-16 07:00:00,7,0.0,0.8
2023-12-16 08:00:00,8,0.0,0.0
2023-12-16 09:00:00,9,23.1,0.0
2023-12-16 10:00:00,10,305.7,1.5
2023-12-16 11:00:00,11,1008.3,4.7
2023-12-16 12:00:00,12,1079.1,0.0
2023-12-16 13:00:00,13,998.1,1.5
2023-12-16 14:00:00,14,1101.6,1.7
2023-12-16 15:00:00,15,1733.2,2.6
2023-12-16 16:00:00,16,1635.4,1.2
2023-12-16 17:00:00,17,1800.6,2.9
2023-12-16 18:00:00,18,1712.5,1.1
2023-12-16 19:00:00,19,853.6,1.3
2023-12-16 20:00:00,20,447.3,0.0
2023-12-16 21:00:00,21,64.1,2.9
2023-12-16 22:00:00,22,0.0,4.1
2023-12-16 23:00:00,23,0.0,4.0
2023-12-17 00:00:00,0,0.0,2.4
2023-12-17 01:00:00,1,0.0,2.7
2023-12-17 02:00:00,2,0.0,0.0
2023-12-17 03:00:00,3,0.0,0.0
2023-12-17 04:00:00,4,0.0,0.0
2023-12-17 05:00:00,5,0.0,0.0
2023-12-17 06:00:00,6,0.0,0.0
2023-12-17 07:00:00,7,0.0,0.0
2023-12-17 08:00:00,8,0.0,0.0
2023-12-17 09:00:00,9,25.8,0.0
2023-12-17 10:00:00,10,671.0,0.0
2023-12-17 11:00:00,11,957.9,0.0
2023-12-17 12:00:00,12,1223.6,4.1
2023-12-17 13:00:00,13,1633.5,2.3
2023-12-17 14:00:00,14,1956.6,1.8
2023-12-17 15:00:00,15,2031.2,1.5
2023-12-17 16:00:00,16,1974.1,1.9
2023-12-17 17:00:00,17,1841.4,3.0
2023-12-17 18:00:00,18,1858.2,0.0
2023-12-17 19:00:00,19,1086.7,5.7
2023-12-17 20:00:00,20,908.7,4.3
2023-12-17 21:00:00,21,51.4,5.2
2023-12-17 22:00:00,22,0.0,5.0
2023-12-17 23:00:00,23,0.0,4.2
2023-12-18 00:00:00,0,0.0,0.0
2023-12-18 01:00:00,1,,0.0
2023-12-18 02:00:00,2,0.0,0.0
2023-12-18 03:00:00,3,0.0,0.0
2023-12-18 04:00:00,4,0.0,0.0
2023-12-18 05:00:00,5,0.0,0.0
2023-12-18 06:00:00,6,0.0,0.0
2023-12-18 07:00:00,7,0.0,0.0
2023-12-18 08:00:00,8,0.0,0.0
2023-12-18 09:00:00,9,19.8,0.0
2023-12-18 10:00:00,10,206.7,0.0
2023-12-18 11:00:00,11,585.1,0.0
2023-12-18 12:00:00,12,,
2023-12-18 13:00:00,13,,
2023-12-18 14:00:00,14,1621.3,0.0
2023-12-18 15:00:00,15,1643.5,0.0
2023-12-18 16:00:00,16,1966.5,0.0
2023-12-18 17:00:00,17,1657.6,0.2
2023-12-18 18:00:00,18,1393.5,0.0
2023-12-18 19:00:00,19,1282.8,1.3
2023-12-18 20:00:00,20,413.1,0.7
2023-12-18 21:00:00,21,30.2,1.1
2023-12-18 22:00:00,22,0.0,0.3
2023-12-18 23:00:00,23,0.0,1.7
2023-12-19 00:00:00,0,0.4,4.0
2023-12-19 01:00:00,1,0.0,0.0
2023-12-19 02:00:00,2,0.0,0.1
2023-12-19 03:00:00,3,0.0,0.0
2023-12-19 04:00:00,4,0.0,0.0
2023-12-19 05:00:00,5,0.0,0.0
2023-12-19 06:00:00,6,0.0,0.0
2023-12-19 07:00:00,7,0.0,0.0
2023-12-19 08:00:00,8,0.5,0.0
2023-12-19 09:00:00,9,40.8,0.0
2023-12-19 10:00:00,10,325.4,0.0
2023-12-19 11:00:00,11,,
2023-12-19 12:00:00,12,,
2023-12-19 13:00:00,13,2235.8,0.0
2023-12-19 14:00:00,14,1907.6,0.0
2023-12-19 15:00:00,15,,
2023-12-19 16:00:00,16,,
2023-12-19 17:00:00,17,,
2023-12-19 18:00:00,18,712.3,0.1
2023-12-19 19:00:00,19,717.8,0.0
2023-12-19 20:00:00,20,363.5,0.0
2023-12-19 21:00:00,21,57.0,0.0
2023-12-19 22:00:00,22,0.0,0.1
2023-12-19 23:00:00,23,0.0,0.1
2023-12-20 00:00:00,0,,
2023-12-20 01:00:00,1,,
2023-12-20 02:00:00,2,,
2023-12-20 03:00:00,3,,
2023-12-20 04:00:00,4,,
2023-12-20 05:00:00,5,,
2023-12-20 06:00:00,6,,
2023-12-20 07:00:00,7,,
2023-12-20 08:00:00,8,,
2023-12-20 09:00:00,9,,
2023-12-20 10:00:00,10,,
2023-12-20 11:00:00,11,,
2023-12-20 12:00:00,12,,
2023-12-20 13:00:00,13,,
2023-12-20 14:00:00,14,,
2023-12-20 15:00:00,15,,
2023-12-20 16:00:00,16,,
2023-12-20 17:00:00,17,,
2023-12-20 18:00:00,18,,
2023-12-20 19:00:00,19,,
2023-12-20 20:00:00,20,,
2023-12-20 21:00:00,21,,
2023-12-20 22:00:00,22,,
2023-12-20 23:00:00,23,0.0,0.0
2023-12-21 00:00:00,0,0.0,0.0
2023-12-21 01:00:00,1,,0.0
2023-12-21 02:00:00,2,0.0,0.0
2023-12-21 03:00:00,3,0.0,0.0
2023-12-21 04:00:00,4,,
2023-12-21 05:00:00,5,,
2023-12-21 06:00:00,6,0.0,0.0
2023-12-21 07:00:00,7,0.0,0.0
2023-12-21 08:00:00,8,0.0,0.0
2023-12-21 09:00:00,9,40.1,0.0
2023-12-21 10:00:00,10,186.9,0.0
2023-12-21 11:00:00,11,1150.8,1.5
2023-12-21 12:00:00,12,,
2023-12-21 13:00:00,13,2563.3,5.0
2023-12-21 14:00:00,14,2518.4,4.2
2023-12-21 15:00:00,15,3091.8,5.6
2023-12-21 16:00:00,16,2730.5,2.2
2023-12-21 17:00:00,17,2659.4,4.9
2023-12-21 18:00:00,18,2082.8,5.5
2023-12-21 19:00:00,19,1359.5,2.1
2023-12-21 20:00:00,20,510.7,0.2
2023-12-21 21:00:00,21,121.6,0.8
2023-12-21 22:00:00,22,0.0,0.7
2023-12-21 23:00:00,23,0.0,0.5
2023-12-22 00:00:00,0,0.0,0.0
2023-12-22 01:00:00,1,0.0,0.0
2023-12-22 02:00:00,2,0.0,0.0
2023-12-22 03:00:00,3,0.0,0.0
2023-12-22 04:00:00,4,0.0,0.0
2023-12-22 05:00:00,5,0.0,0.0
2023-12-22 06:00:00,6,0.0,0.0
2023-12-22 07:00:00,7,0.0,0.0
2023-12-22 08:00:00,8,0.0,0.0
2023-12-22 09:00:00,9,65.7,0.0
2023-12-22 10:00:00,10,582.6,0.0
2023-12-22 11:00:00,11,1653.1,2.8
2023-12-22 12:00:00,12,2312.5,3.0
2023-12-22 13:00:00,13,2514.4,4.5
2023-12-22 14:00:00,14,3122.2,3.6
2023-12-22 15:00:00,15,3306.6,4.5
2023-12-22 16:00:00,16,3538.7,2.9
2023-12-22 17:00:00,17,3116.0,1.1
2023-12-22 18:00:00,18,2368.2,3.9
2023-12-22 19:00:00,19,1280.6,0.1
2023-12-22 20:00:00,20,446.0,0.0
2023-12-22 21:00:00,21,151.2,3.8
2023-12-22 22:00:00,22,0.0,0.1
2023-12-22 23:00:00,23,0.0,2.6
2023-12-23 00:00:00,0,0.0,0.0
2023-12-23 01:00:00,1,,1.2
2023-12-23 02:00:00,2,0.0,0.0
2023-12-23 03:00:00,3,0.0,0.0
2023-12-23 04:00:00,4,0.0,0.0
2023-12-23 05:00:00,5,0.0,0.0
2023-12-23 06:00:00,6,0.0,0.0
2023-12-23 07:00:00,7,0.0,0.0
2023-12-23 08:00:00,8,0.0,0.0
2023-12-23 09:00:00,9,39.8,0.0
2023-12-23 10:00:00,10,571.2,0.0
2023-12-23 11:00:00,11,1340.1,1.3
2023-12-23 12:00:00,12,2144.7,0.9
2023-12-23 13:00:00,13,3117.6,0.9
2023-12-23 14:00:00,14,3020.7,1.8
2023-12-23 15:00:00,15,2681.2,0.8
2023-12-23 16:00:00,16,3097.7,0.3
2023-12-23 17:00:00,17,2684.9,0.1
2023-12-23 18:00:00,18,2748.5,0.0
2023-12-23 19:00:00,19,1884.0,0.0
2023-12-23 20:00:00,20,1039.5,0.0
2023-12-23 21:00:00,21,232.4,2.5
2023-12-23 22:00:00,22,0.0,4.7
2023-12-23 23:00:00,23,0.0,1.7
2023-12-24 00:00:00,0,0.0,1.1
2023-12-24 01:00:00,1,0.0,0.0
2023-12-24 02:00:00,2,0.0,0.0
2023-12-24 03:00:00,3,0.0,0.0
2023-12-24 04:00:00,4,0.0,0.0
2023-12-24 05:00:00,5,0.0,0.0
2023-12-24 06:00:00,6,0.0,0.0
2023-12-24 07:00:00,7,0.0,0.0
2023-12-24 08:00:00,8,0.0,0.0
2023-12-24 09:00:00,9,35.5,0.0
2023-12-24 10:00:00,10,608.9,0.0
2023-12-24 11:00:00,11,1432.6,0.0
2023-12-24 12:00:00,12,1798.9,1.2
2023-12-24 13:00:00,13,2035.7,0.4
2023-12-24 14:00:00,14,2609.3,0.0
2023-12-24 15:00:00,15,2988.0,0.1
2023-12-24 16:00:00,16,2773.3,1.5
2023-12-24 17:00:00,17,3001.0,0.8
2023-12-24 18:00:00,18,1510.4,0.9
2023-12-24 19:00:00,19,803.4,0.8
2023-12-24 20:00:00,20,707.3,2.8
2023-12-24 21:00:00,21,110.7,4.6
2023-12-24 22:00:00,22,0.0,4.0
2023-12-24 23:00:00,23,0.0,1.0
2023-12-25 00:00:00,0,0.0,0.0
2023-12-25 01:00:00,1,,0.0
2023-12-25 02:00:00,2,0.0,0.0
2023-12-25 03:00:00,3,0.0,0.0
2023-12-25 04:00:00,4,0.0,0.0
2023-12-25 05:00:00,5,0.0,0.0
2023-12-25 06:00:00,6,0.0,0.0
2023-12-25 07:00:00,7,0.0,0.0
2023-12-25 08:00:00,8,0.0,0.0
2023-12-25 09:00:00,9,26.6,0.0
2023-12-25 10:00:00,10,604.6,0.0
2023-12-25 11:00:00,11,1471.1,1.0
2023-12-25 12:00:00,12,2307.2,2.8
2023-12-25 13:00:00,13,2826.4,4.8
2023-12-25 14:00:00,14,3367.5,3.9
2023-12-25 15:00:00,15,3045.2,1.8
2023-12-25 16:00:00,16,2471.9,0.1
2023-12-25 17:00:00,17,2350.9,1.8
2023-12-25 18:00:00,18,1572.9,1.4
2023-12-25 19:00:00,19,1182.5,0.1
2023-12-25 20:00:00,20,1056.0,3.2
2023-12-25 21:00:00,21,198.2,2.9
2023-12-25 22:00:00,22,0.0,0.3
2023-12-25 23:00:00,23,0.0,1.3
2023-12-26 00:00:00,0,0.0,1.6
2023-12-26 01:00:00,1,0.0,0.0
2023-12-26 02:00:00,2,0.0,0.0
2023-12-26 03:00:00,3,0.0,0.0
2023-12-26 04:00:00,4,0.0,0.0
2023-12-26 05:00:00,5,0.0,0.0
2023-12-26 06:00:00,6,0.0,0.0
2023-12-26 07:00:00,7,0.0,0.0
2023-12-26 08:00:00,8,0.0,0.0
2023-12-26 09:00:00,9,27.8,0.0
2023-12-26 10:00:00,10,594.6,0.0
2023-12-26 11:00:00,11,1248.0,0.1
2023-12-26 12:00:00,12,1808.7,0.2
2023-12-26 13:00:00,13,2640.2,1.5
2023-12-26 14:00:00,14,2677.9,1.6
2023-12-26 15:00:00,15,3223.6,1.6
2023-12-26 16:00:00,16,2549.8,0.3
2023-12-26 17:00:00,17,2153.3,0.3
2023-12-26 18:00:00,18,688.2,1.8
2023-12-26 19:00:00,19,251.2,0.0
2023-12-26 20:00:00,20,31.9,0.0
2023-12-26 21:00:00,21,9.8,0.0
2023-12-26 22:00:00,22,0.0,0.0
2023-12-26 23:00:00,23,0.0,0.4
2023-12-27 00:00:00,0,0.0,1.6
2023-12-27 01:00:00,1,,0.5
2023-12-27 02:00:00,2,0.0,0.0
2023-12-27 03:00:00,3,0.0,0.0
2023-12-27 04:00:00,4,0.0,0.0
2023-12-27 05:00:00,5,0.0,0.0
2023-12-27 06:00:00,6,0.0,0.0
2023-12-27 07:00:00,7,0.0,0.0
2023-12-27 08:00:00,8,0.0,0.0
2023-12-27 09:00:00,9,43.6,0.0
2023-12-27 10:00:00,10,484.2,0.0
2023-12-27 11:00:00,11,1407.2,0.0
2023-12-27 12:00:00,12,985.9,0.0
2023-12-27 13:00:00,13,1510.0,0.0
2023-12-27 14:00:00,14,2169.9,2.1
2023-12-27 15:00:00,15,2834.1,1.0
2023-12-27 16:00:00,16,3089.3,0.8
2023-12-27 17:00:00,17,3150.1,0.0
2023-12-27 18:00:00,18,2804.1,0.1
2023-12-27 19:00:00,19,1786.0,1.5
2023-12-27 20:00:00,20,594.4,3.6
2023-12-27 21:00:00,21,109.1,4.4
2023-12-27 22:00:00,22,0.0,2.9
2023-12-27 23:00:00,23,0.0,2.1
2023-12-28 00:00:00,0,0.0,1.7
2023-12-28 01:00:00,1,0.0,3.6
2023-12-28 02:00:00,2,0.0,1.0
2023-12-28 03:00:00,3,0.0,0.0
2023-12-28 04:00:00,4,0.0,0.0
2023-12-28 05:00:00,5,0.0,0.0
2023-12-28 06:00:00,6,0.0,0.0
2023-12-28 07:00:00,7,0.0,0.0
2023-12-28 08:00:00,8,0.0,0.0
2023-12-28 09:00:00,9,44.2,0.0
2023-12-28 10:00:00,10,371.2,0.0
2023-12-28 11:00:00,11,,
2023-12-28 12:00:00,12,1892.5,0.0
2023-12-28 13:00:00,13,1953.8,0.1
2023-12-28 14:00:00,14,2128.5,0.0
2023-12-28 15:00:00,15,2667.4,0.0
2023-12-28 16:00:00,16,2372.3,2.9
2023-12-28 17:00:00,17,2754.1,4.4
2023-12-28 18:00:00,18,2071.4,0.8
2023-12-28 19:00:00,19,1372.0,3.8
2023-12-28 20:00:00,20,616.0,5.2
2023-12-28 21:00:00,21,80.3,4.7
2023-12-28 22:00:00,22,0.0,3.7
2023-12-28 23:00:00,23,0.0,3.2
2023-12-29 00:00:00,0,0.0,2.5
2023-12-29 01:00:00,1,0.0,1.3
2023-12-29 02:00:00,2,0.0,0.0
2023-12-29 03:00:00,3,0.0,0.0
2023-12-29 04:00:00,4,0.0,0.0
2023-12-29 05:00:00,5,0.0,0.0
2023-12-29 06:00:00,6,0.0,0.0
2023-12-29 07:00:00,7,0.0,0.0
2023-12-29 08:00:00,8,0.0,0.0
2023-12-29 09:00:00,9,26.9,0.0
2023-12-29 10:00:00,10,403.3,0.0
2023-12-29 11:00:00,11,1390.8,0.0
2023-12-29 12:00:00,12,1839.6,0.8
2023-12-29 13:00:00,13,2181.8,0.4
2023-12-29 14:00:00,14,3440.2,2.9
2023-12-29 15:00:00,15,3605.9,1.0
2023-12-29 16:00:00,16,3188.6,1.1
2023-12-29 17:00:00,17,1495.7,0.8
2023-12-29 18:00:00,18,2265.2,0.5
2023-12-29 19:00:00,19,1679.1,1.3
2023-12-29 20:00:00,20,677.9,3.7
2023-12-29 21:00:00,21,196.5,3.7
2023-12-29 22:00:00,22,0.0,4.0
2023-12-29 23:00:00,23,0.0,3.6
2023-12-30 00:00:00,0,0.0,3.7
2023-12-30 01:00:00,1,,3.4
2023-12-30 02:00:00,2,0.0,1.6
2023-12-30 03:00:00,3,0.0,0.0
2023-12-30 04:00:00,4,0.0,0.0
2023-12-30 05:00:00,5,0.0,0.2
2023-12-30 06:00:00,6,0.0,0.0
2023-12-30 07:00:00,7,0.0,0.0
2023-12-30 08:00:00,8,0.0,0.0
2023-12-30 09:00:00,9,31.9,0.0
2023-12-30 10:00:00,10,549.5,0.0
2023-12-30 11:00:00,11,1359.6,0.0
2023-12-30 12:00:00,12,1666.5,0.0
2023-12-30 13:00:00,13,1548.1,0.0
2023-12-30 14:00:00,14,1866.7,0.3
2023-12-30 15:00:00,15,2072.3,0.6
2023-12-30 16:00:00,16,2041.9,0.0
2023-12-30 17:00:00,17,2643.4,0.0
2023-12-30 18:00:00,18,1333.4,0.0
2023-12-30 19:00:00,19,1902.8,0.1
2023-12-30 20:00:00,20,980.6,3.4
2023-12-30 21:00:00,21,203.8,3.7
2023-12-30 22:00:00,22,0.0,5.4
2023-12-30 23:00:00,23,0.0,1.9
2023-12-31 00:00:00,0,0.0,2.4
2023-12-31 01:00:00,1,,0.0
2023-12-31 02:00:00,2,0.0,0.0
2023-12-31 03:00:00,3,0.0,0.0
2023-12-31 04:00:00,4,0.0,0.0
2023-12-31 05:00:00,5,0.0,0.0
2023-12-31 06:00:00,6,0.0,0.0
2023-12-31 07:00:00,7,0.0,0.0
2023-12-31 08:00:00,8,0.0,0.0
2023-12-31 09:00:00,9,40.4,0.0
2023-12-31 10:00:00,10,282.2,0.0
2023-12-31 11:00:00,11,634.6,0.1
2023-12-31 12:00:00,12,,
2023-12-31 13:00:00,13,2274.6,1.2
2023-12-31 14:00:00,14,2013.3,0.0
2023-12-31 15:00:00,15,2983.8,0.6
2023-12-31 16:00:00,16,1760.7,0.6
2023-12-31 17:00:00,17,2563.9,0.2
2023-12-31 18:00:00,18,1895.4,2.4
2023-12-31 19:00:00,19,1530.6,4.3
2023-12-31 20:00:00,20,836.4,3.2
2023-12-31 21:00:00,21,115.5,2.9
2023-12-31 22:00:00,22,0.0,2.6
2023-12-31 23:00:00,23,0.0,3.9
