datetime_utc,hora,rad_kJm2,vento_ms
2022-01-01 00:00:00,0,,
2022-01-01 01:00:00,1,,
2022-01-01 02:00:00,2,,
2022-01-01 03:00:00,3,,
2022-01-01 04:00:00,4,,
2022-01-01 05:00:00,5,,
2022-01-01 06:00:00,6,,
2022-01-01 07:00:00,7,,
2022-01-01 08:00:00,8,,
2022-01-01 09:00:00,9,,
2022-01-01 10:00:00,10,,
2022-01-01 11:00:00,11,,
2022-01-01 12:00:00,12,,
2022-01-01 13:00:00,13,,
2022-01-01 14:00:00,14,,
2022-01-01 15:00:00,15,,
2022-01-01 16:00:00,16,,
2022-01-01 17:00:00,17,,
2022-01-01 18:00:00,18,,
2022-01-01 19:00:00,19,,
2022-01-01 20:00:00,20,,
2022-01-01 21:00:00,21,,
2022-01-01 22:00:00,22,,
2022-01-01 23:00:00,23,,
2022-01-02 00:00:00,0,,
2022-01-02 01:00:00,1,,
2022-01-02 02:00:00,2,,
2022-01-02 03:00:00,3,,
2022-01-02 04:00:00,4,,
2022-01-02 05:00:00,5,,
2022-01-02 06:00:00,6,,
2022-01-02 07:00:00,7,,
2022-01-02 08:00:00,8,,
2022-01-02 09:00:00,9,,
2022-01-02 10:00:00,10,,
2022-01-02 11:00:00,11,,
2022-01-02 12:00:00,12,,
2022-01-02 13:00:00,13,,
2022-01-02 14:00:00,14,,
2022-01-02 15:00:00,15,,
2022-01-02 16:00:00,16,,
2022-01-02 17:00:00,17,,
2022-01-02 18:00:00,18,,
2022-01-02 19:00:00,19,,
2022-01-02 20:00:00,20,,
2022-01-02 21:00:00,21,,
2022-01-02 22:00:00,22,,
2022-01-02 23:00:00,23,,
2022-01-03 00:00:00,0,,
2022-01-03 01:00:00,1,,
2022-01-03 02:00:00,2,,
2022-01-03 03:00:00,3,,
2022-01-03 04:00:00,4,,
2022-01-03 05:00:00,5,,
2022-01-03 06:00:00,6,,
2022-01-03 07:00:00,7,,
2022-01-03 08:00:00,8,,
2022-01-03 09:00:00,9,,
2022-01-03 10:00:00,10,,
2022-01-03 11:00:00,11,,
2022-01-03 12:00:00,12,,
2022-01-03 13:00:00,13,,
2022-01-03 14:00:00,14,,
2022-01-03 15:00:00,15,,
2022-01-03 16:00:00,16,,
2022-01-03 17:00:00,17,,
2022-01-03 18:00:00,18,,
2022-01-03 19:00:00,19,,
2022-01-03 20:00:00,20,,
2022-01-03 21:00:00,21,,
2022-01-03 22:00:00,22,,
2022-01-03 23:00:00,23,,
2022-01-04 00:00:00,0,,
2022-01-04 01:00:00,1,,
2022-01-04 02:00:00,2,,
2022-01-04 03:00:00,3,,
2022-01-04 04:00:00,4,,
2022-01-04 05:00:00,5,,
2022-01-04 06:00:00,6,,
2022-01-04 07:00:00,7,,
2022-01-04 08:00:00,8,,
2022-01-04 09:00:00,9,,
2022-01-04 10:00:00,10,,
2022-01-04 11:00:00,11,,
2022-01-04 12:00:00,12,,
2022-01-04 13:00:00,13,,
2022-01-04 14:00:00,14,,
2022-01-04 15:00:00,15,,
2022-01-04 16:00:00,16,,
2022-01-04 17:00:00,17,,
2022-01-04 18:00:00,18,,
2022-01-04 19:00:00,19,,
2022-01-04 20:00:00,20,,
2022-01-04 21:00:00,21,,
2022-01-04 22:00:00,22,,
2022-01-04 23:00:00,23,,
2022-01-05 00:00:00,0,,
2022-01-05 01:00:00,1,,
2022-01-05 02:00:00,2,,
2022-01-05 03:00:00,3,,
2022-01-05 04:00:00,4,,
2022-01-05 05:00:00,5,,
2022-01-05 06:00:00,6,,
2022-01-05 07:00:00,7,,
2022-01-05 08:00:00,8,,
2022-01-05 09:00:00,9,,
2022-01-05 10:00:00,10,,
2022-01-05 11:00:00,11,,
2022-01-05 12:00:00,12,,
2022-01-05 13:00:00,13,,
2022-01-05 14:00:00,14,,
2022-01-05 15:00:00,15,,
2022-01-05 16:00:00,16,,
2022-01-05 17:00:00,17,,
2022-01-05 18:00:00,18,,
2022-01-05 19:00:00,19,,
2022-01-05 20:00:00,20,,
2022-01-05 21:00:00,21,,
2022-01-05 22:00:00,22,,
2022-01-05 23:00:00,23,,
2022-01-06 00:00:00,0,,
2022-01-06 01:00:00,1,,
2022-01-06 02:00:00,2,,
2022-01-06 03:00:00,3,,
2022-01-06 04:00:00,4,,
2022-01-06 05:00:00,5,,
2022-01-06 06:00:00,6,,
2022-01-06 07:00:00,7,,
2022-01-06 08:00:00,8,,
2022-01-06 09:00:00,9,,
2022-01-06 10:00:00,10,,
2022-01-06 11:00:00,11,,
2022-01-06 12:00:00,12,,
2022-01-06 13:00:00,13,,
2022-01-06 14:00:00,14,,
2022-01-06 15:00:00,15,,
2022-01-06 16:00:00,16,,
2022-01-06 17:00:00,17,,
2022-01-06 18:00:00,18,,
2022-01-06 19:00:00,19,,
2022-01-06 20:00:00,20,,
2022-01-06 21:00:00,21,,
2022-01-06 22:00:00,22,,
2022-01-06 23:00:00,23,,
2022-01-07 00:00:00,0,,
2022-01-07 01:00:00,1,,
2022-01-07 02:00:00,2,,
2022-01-07 03:00:00,3,,
2022-01-07 04:00:00,4,,
2022-01-07 05:00:00,5,,
2022-01-07 06:00:00,6,,
2022-01-07 07:00:00,7,,
2022-01-07 08:00:00,8,,
2022-01-07 09:00:00,9,,
2022-01-07 10:00:00,10,,
2022-01-07 11:00:00,11,,
2022-01-07 12:00:00,12,,
2022-01-07 13:00:00,13,,
2022-01-07 14:00:00,14,,
2022-01-07 15:00:00,15,,
2022-01-07 16:00:00,16,,
2022-01-07 17:00:00,17,,
2022-01-07 18:00:00,18,,
2022-01-07 19:00:00,19,,
2022-01-07 20:00:00,20,,
2022-01-07 21:00:00,21,,
2022-01-07 22:00:00,22,,
2022-01-07 23:00:00,23,,
2022-01-08 00:00:00,0,,
2022-01-08 01:00:00,1,,
2022-01-08 02:00:00,2,,
2022-01-08 03:00:00,3,,
2022-01-08 04:00:00,4,,
2022-01-08 05:00:00,5,,
2022-01-08 06:00:00,6,,
2022-01-08 07:00:00,7,,
2022-01-08 08:00:00,8,,
2022-01-08 09:00:00,9,,
2022-01-08 10:00:00,10,,
2022-01-08 11:00:00,11,,
2022-01-08 12:00:00,12,,
2022-01-08 13:00:00,13,,
2022-01-08 14:00:00,14,,
2022-01-08 15:00:00,15,,
2022-01-08 16:00:00,16,,
2022-01-08 17:00:00,17,,
2022-01-08 18:00:00,18,,
2022-01-08 19:00:00,19,,
2022-01-08 20:00:00,20,,
2022-01-08 21:00:00,21,,
2022-01-08 22:00:00,22,,
2022-01-08 23:00:00,23,,
2022-01-09 00:00:00,0,,
2022-01-09 01:00:00,1,,
2022-01-09 02:00:00,2,,
2022-01-09 03:00:00,3,,
2022-01-09 04:00:00,4,,
2022-01-09 05:00:00,5,,
2022-01-09 06:00:00,6,,
2022-01-09 07:00:00,7,,
2022-01-09 08:00:00,8,,
2022-01-09 09:00:00,9,,
2022-01-09 10:00:00,10,,
2022-01-09 11:00:00,11,,
2022-01-09 12:00:00,12,,
2022-01-09 13:00:00,13,,
2022-01-09 14:00:00,14,,
2022-01-09 15:00:00,15,,
2022-01-09 16:00:00,16,,
2022-01-09 17:00:00,17,,
2022-01-09 18:00:00,18,,
2022-01-09 19:00:00,19,,
2022-01-09 20:00:00,20,,
2022-01-09 21:00:00,21,,
2022-01-09 22:00:00,22,,
2022-01-09 23:00:00,23,,
2022-01-10 00:00:00,0,,
2022-01-10 01:00:00,1,,
2022-01-10 02:00:00,2,,
2022-01-10 03:00:00,3,,
2022-01-10 04:00:00,4,,
2022-01-10 05:00:00,5,,
2022-01-10 06:00:00,6,,
2022-01-10 07:00:00,7,,
2022-01-10 08:00:00,8,,
2022-01-10 09:00:00,9,,
2022-01-10 10:00:00,10,,
2022-01-10 11:00:00,11,,
2022-01-10 12:00:00,12,,
2022-01-10 13:00:00,13,,
2022-01-10 14:00:00,14,,
2022-01-10 15:00:00,15,,
2022-01-10 16:00:00,16,,
2022-01-10 17:00:00,17,,
2022-01-10 18:00:00,18,,
2022-01-10 19:00:00,19,,
2022-01-10 20:00:00,20,,
2022-01-10 21:00:00,21,,
2022-01-10 22:00:00,22,,
2022-01-10 23:00:00,23,,
2022-01-11 00:00:00,0,,
2022-01-11 01:00:00,1,,
2022-01-11 02:00:00,2,,
2022-01-11 03:00:00,3,,
2022-01-11 04:00:00,4,,
2022-01-11 05:00:00,5,,
2022-01-11 06:00:00,6,,
2022-01-11 07:00:00,7,,
2022-01-11 08:00:00,8,,
2022-01-11 09:00:00,9,,
2022-01-11 10:00:00,10,,
2022-01-11 11:00:00,11,,
2022-01-11 12:00:00,12,,
2022-01-11 13:00:00,13,,
2022-01-11 14:00:00,14,,
2022-01-11 15:00:00,15,,
2022-01-11 16:00:00,16,,
2022-01-11 17:00:00,17,,
2022-01-11 18:00:00,18,,
2022-01-11 19:00:00,19,,
2022-01-11 20:00:00,20,,
2022-01-11 21:00:00,21,,
2022-01-11 22:00:00,22,,
2022-01-11 23:00:00,23,,
2022-01-12 00:00:00,0,,
2022-01-12 01:00:00,1,,
2022-01-12 02:00:00,2,,
2022-01-12 03:00:00,3,,
2022-01-12 04:00:00,4,,
2022-01-12 05:00:00,5,,
2022-01-12 06:00:00,6,,
2022-01-12 07:00:00,7,,
2022-01-12 08:00:00,8,,
2022-01-12 09:00:00,9,,
2022-01-12 10:00:00,10,,
2022-01-12 11:00:00,11,,
2022-01-12 12:00:00,12,,
2022-01-12 13:00:00,13,,
2022-01-12 14:00:00,14,,
2022-01-12 15:00:00,15,,
2022-01-12 16:00:00,16,,
2022-01-12 17:00:00,17,,
2022-01-12 18:00:00,18,,
2022-01-12 19:00:00,19,,
2022-01-12 20:00:00,20,,
2022-01-12 21:00:00,21,,
2022-01-12 22:00:00,22,,
2022-01-12 23:00:00,23,,
2022-01-13 00:00:00,0,,
2022-01-13 01:00:00,1,,
2022-01-13 02:00:00,2,,
2022-01-13 03:00:00,3,,
2022-01-13 04:00:00,4,,
2022-01-13 05:00:00,5,,
2022-01-13 06:00:00,6,,
2022-01-13 07:00:00,7,,
2022-01-13 08:00:00,8,,
2022-01-13 09:00:00,9,,
2022-01-13 10:00:00,10,,
2022-01-13 11:00:00,11,,
2022-01-13 12:00:00,12,,
2022-01-13 13:00:00,13,,
2022-01-13 14:00:00,14,,
2022-01-13 15:00:00,15,,
2022-01-13 16:00:00,16,,
2022-01-13 17:00:00,17,,
2022-01-13 18:00:00,18,,
2022-01-13 19:00:00,19,,
2022-01-13 20:00:00,20,,
2022-01-13 21:00:00,21,,
2022-01-13 22:00:00,22,,
2022-01-13 23:00:00,23,,
2022-01-14 00:00:00,0,,
2022-01-14 01:00:00,1,,
2022-01-14 02:00:00,2,,
2022-01-14 03:00:00,3,,
2022-01-14 04:00:00,4,,
2022-01-14 05:00:00,5,,
2022-01-14 06:00:00,6,,
2022-01-14 07:00:00,7,,
2022-01-14 08:00:00,8,,
2022-01-14 09:00:00,9,,
2022-01-14 10:00:00,10,,
2022-01-14 11:00:00,11,,
2022-01-14 12:00:00,12,,
2022-01-14 13:00:00,13,,
2022-01-14 14:00:00,14,,
2022-01-14 15:00:00,15,,
2022-01-14 16:00:00,16,,
2022-01-14 17:00:00,17,,
2022-01-14 18:00:00,18,,
2022-01-14 19:00:00,19,,
2022-01-14 20:00:00,20,,
2022-01-14 21:00:00,21,,
2022-01-14 22:00:00,22,,
2022-01-14 23:00:00,23,,
2022-01-15 00:00:00,0,,
2022-01-15 01:00:00,1,,
2022-01-15 02:00:00,2,,
2022-01-15 03:00:00,3,,
2022-01-15 04:00:00,4,,
2022-01-15 05:00:00,5,,
2022-01-15 06:00:00,6,,
2022-01-15 07:00:00,7,,
2022-01-15 08:00:00,8,,
2022-01-15 09:00:00,9,,
2022-01-15 10:00:00,10,,
2022-01-15 11:00:00,11,,
2022-01-15 12:00:00,12,,
2022-01-15 13:00:00,13,,
2022-01-15 14:00:00,14,,
2022-01-15 15:00:00,15,,
2022-01-15 16:00:00,16,,
2022-01-15 17:00:00,17,,
2022-01-15 18:00:00,18,,
2022-01-15 19:00:00,19,,
2022-01-15 20:00:00,20,,
2022-01-15 21:00:00,21,,
2022-01-15 22:00:00,22,,
2022-01-15 23:00:00,23,,
2022-01-16 00:00:00,0,,
2022-01-16 01:00:00,1,,
2022-01-16 02:00:00,2,,
2022-01-16 03:00:00,3,,
2022-01-16 04:00:00,4,,
2022-01-16 05:00:00,5,,
2022-01-16 06:00:00,6,,
2022-01-16 07:00:00,7,,
2022-01-16 08:00:00,8,,
2022-01-16 09:00:00,9,,
2022-01-16 10:00:00,10,,
2022-01-16 11:00:00,11,,
2022-01-16 12:00:00,12,,
2022-01-16 13:00:00,13,,
2022-01-16 14:00:00,14,,
2022-01-16 15:00:00,15,,
2022-01-16 16:00:00,16,,
2022-01-16 17:00:00,17,,
2022-01-16 18:00:00,18,,
2022-01-16 19:00:00,19,,
2022-01-16 20:00:00,20,,
2022-01-16 21:00:00,21,,
2022-01-16 22:00:00,22,,
2022-01-16 23:00:00,23,,
2022-01-17 00:00:00,0,,
2022-01-17 01:00:00,1,,
2022-01-17 02:00:00,2,,
2022-01-17 03:00:00,3,,
2022-01-17 04:00:00,4,,
2022-01-17 05:00:00,5,,
2022-01-17 06:00:00,6,,
2022-01-17 07:00:00,7,,
2022-01-17 08:00:00,8,,
2022-01-17 09:00:00,9,,
2022-01-17 10:00:00,10,,
2022-01-17 11:00:00,11,,
2022-01-17 12:00:00,12,,
2022-01-17 13:00:00,13,,
2022-01-17 14:00:00,14,,
2022-01-17 15:00:00,15,,
2022-01-17 16:00:00,16,,
2022-01-17 17:00:00,17,,
2022-01-17 18:00:00,18,,
2022-01-17 19:00:00,19,,
2022-01-17 20:00:00,20,,
2022-01-17 21:00:00,21,,
2022-01-17 22:00:00,22,,
2022-01-17 23:00:00,23,,
2022-01-18 00:00:00,0,,
2022-01-18 01:00:00,1,,
2022-01-18 02:00:00,2,,
2022-01-18 03:00:00,3,,
2022-01-18 04:00:00,4,,
2022-01-18 05:00:00,5,,
2022-01-18 06:00:00,6,,
2022-01-18 07:00:00,7,,
2022-01-18 08:00:00,8,,
2022-01-18 09:00:00,9,,
2022-01-18 10:00:00,10,,
2022-01-18 11:00:00,11,,
2022-01-18 12:00:00,12,,
2022-01-18 13:00:00,13,,
2022-01-18 14:00:00,14,,
2022-01-18 15:00:00,15,,
2022-01-18 16:00:00,16,,
2022-01-18 17:00:00,17,,
2022-01-18 18:00:00,18,,
2022-01-18 19:00:00,19,,
2022-01-18 20:00:00,20,,
2022-01-18 21:00:00,21,,
2022-01-18 22:00:00,22,,
2022-01-18 23:00:00,23,,
2022-01-19 00:00:00,0,,
2022-01-19 01:00:00,1,,
2022-01-19 02:00:00,2,,
2022-01-19 03:00:00,3,,
2022-01-19 04:00:00,4,,
2022-01-19 05:00:00,5,,
2022-01-19 06:00:00,6,,
2022-01-19 07:00:00,7,,
2022-01-19 08:00:00,8,,
2022-01-19 09:00:00,9,,
2022-01-19 10:00:00,10,,
2022-01-19 11:00:00,11,,
2022-01-19 12:00:00,12,,
2022-01-19 13:00:00,13,,
2022-01-19 14:00:00,14,,
2022-01-19 15:00:00,15,,
2022-01-19 16:00:00,16,,
2022-01-19 17:00:00,17,,
2022-01-19 18:00:00,18,,
2022-01-19 19:00:00,19,,
2022-01-19 20:00:00,20,,
2022-01-19 21:00:00,21,,
2022-01-19 22:00:00,22,,
2022-01-19 23:00:00,23,,
2022-01-20 00:00:00,0,,
2022-01-20 01:00:00,1,,
2022-01-20 02:00:00,2,,
2022-01-20 03:00:00,3,,
2022-01-20 04:00:00,4,,
2022-01-20 05:00:00,5,,
2022-01-20 06:00:00,6,,
2022-01-20 07:00:00,7,,
2022-01-20 08:00:00,8,,
2022-01-20 09:00:00,9,,
2022-01-20 10:00:00,10,,
2022-01-20 11:00:00,11,,
2022-01-20 12:00:00,12,,
2022-01-20 13:00:00,13,,
2022-01-20 14:00:00,14,,
2022-01-20 15:00:00,15,,
2022-01-20 16:00:00,16,,
2022-01-20 17:00:00,17,,
2022-01-20 18:00:00,18,,
2022-01-20 19:00:00,19,,
2022-01-20 20:00:00,20,,
2022-01-20 21:00:00,21,,
2022-01-20 22:00:00,22,,
2022-01-20 23:00:00,23,,
2022-01-21 00:00:00,0,,
2022-01-21 01:00:00,1,,
2022-01-21 02:00:00,2,,
2022-01-21 03:00:00,3,,
2022-01-21 04:00:00,4,,
2022-01-21 05:00:00,5,,
2022-01-21 06:00:00,6,,
2022-01-21 07:00:00,7,,
2022-01-21 08:00:00,8,,
2022-01-21 09:00:00,9,,
2022-01-21 10:00:00,10,,
2022-01-21 11:00:00,11,,
2022-01-21 12:00:00,12,,
2022-01-21 13:00:00,13,,
2022-01-21 14:00:00,14,,
2022-01-21 15:00:00,15,,
2022-01-21 16:00:00,16,,
2022-01-21 17:00:00,17,,
2022-01-21 18:00:00,18,,
2022-01-21 19:00:00,19,,
2022-01-21 20:00:00,20,,
2022-01-21 21:00:00,21,,
2022-01-21 22:00:00,22,,
2022-01-21 23:00:00,23,,
2022-01-22 00:00:00,0,,
2022-01-22 01:00:00,1,,
2022-01-22 02:00:00,2,,
2022-01-22 03:00:00,3,,
2022-01-22 04:00:00,4,,
2022-01-22 05:00:00,5,,
2022-01-22 06:00:00,6,,
2022-01-22 07:00:00,7,,
2022-01-22 08:00:00,8,,
2022-01-22 09:00:00,9,,
2022-01-22 10:00:00,10,,
2022-01-22 11:00:00,11,,
2022-01-22 12:00:00,12,,
2022-01-22 13:00:00,13,,
2022-01-22 14:00:00,14,,
2022-01-22 15:00:00,15,,
2022-01-22 16:00:00,16,,
2022-01-22 17:00:00,17,,
2022-01-22 18:00:00,18,,
2022-01-22 19:00:00,19,,
2022-01-22 20:00:00,20,,
2022-01-22 21:00:00,21,,
2022-01-22 22:00:00,22,,
2022-01-22 23:00:00,23,,
2022-01-23 00:00:00,0,,
2022-01-23 01:00:00,1,,
2022-01-23 02:00:00,2,,
2022-01-23 03:00:00,3,,
2022-01-23 04:00:00,4,,
2022-01-23 05:00:00,5,,
2022-01-23 06:00:00,6,,
2022-01-23 07:00:00,7,,
2022-01-23 08:00:00,8,,
2022-01-23 09:00:00,9,,
2022-01-23 10:00:00,10,,
2022-01-23 11:00:00,11,,
2022-01-23 12:00:00,12,,
2022-01-23 13:00:00,13,,
2022-01-23 14:00:00,14,,
2022-01-23 15:00:00,15,,
2022-01-23 16:00:00,16,,
2022-01-23 17:00:00,17,,
2022-01-23 18:00:00,18,,
2022-01-23 19:00:00,19,,
2022-01-23 20:00:00,20,,
2022-01-23 21:00:00,21,,
2022-01-23 22:00:00,22,,
2022-01-23 23:00:00,23,,
2022-01-24 00:00:00,0,,
2022-01-24 01:00:00,1,,
2022-01-24 02:00:00,2,,
2022-01-24 03:00:00,3,,
2022-01-24 04:00:00,4,,
2022-01-24 05:00:00,5,,
2022-01-24 06:00:00,6,,
2022-01-24 07:00:00,7,,
2022-01-24 08:00:00,8,,
2022-01-24 09:00:00,9,,
2022-01-24 10:00:00,10,,
2022-01-24 11:00:00,11,,
2022-01-24 12:00:00,12,,
2022-01-24 13:00:00,13,,
2022-01-24 14:00:00,14,,
2022-01-24 15:00:00,15,,
2022-01-24 16:00:00,16,,
2022-01-24 17:00:00,17,,
2022-01-24 18:00:00,18,,
2022-01-24 19:00:00,19,,
2022-01-24 20:00:00,20,,
2022-01-24 21:00:00,21,,
2022-01-24 22:00:00,22,,
2022-01-24 23:00:00,23,,
2022-01-25 00:00:00,0,,
2022-01-25 01:00:00,1,,
2022-01-25 02:00:00,2,,
2022-01-25 03:00:00,3,,
2022-01-25 04:00:00,4,,
2022-01-25 05:00:00,5,,
2022-01-25 06:00:00,6,,
2022-01-25 07:00:00,7,,
2022-01-25 08:00:00,8,,
2022-01-25 09:00:00,9,,
2022-01-25 10:00:00,10,,
2022-01-25 11:00:00,11,,
2022-01-25 12:00:00,12,,
2022-01-25 13:00:00,13,,
2022-01-25 14:00:00,14,,
2022-01-25 15:00:00,15,,
2022-01-25 16:00:00,16,,
2022-01-25 17:00:00,17,,
2022-01-25 18:00:00,18,,
2022-01-25 19:00:00,19,,
2022-01-25 20:00:00,20,,
2022-01-25 21:00:00,21,,
2022-01-25 22:00:00,22,,
2022-01-25 23:00:00,23,,
2022-01-26 00:00:00,0,,
2022-01-26 01:00:00,1,,
2022-01-26 02:00:00,2,,
2022-01-26 03:00:00,3,,
2022-01-26 04:00:00,4,,
2022-01-26 05:00:00,5,,
2022-01-26 06:00:00,6,,
2022-01-26 07:00:00,7,,
2022-01-26 08:00:00,8,,
2022-01-26 09:00:00,9,,
2022-01-26 10:00:00,10,,
2022-01-26 11:00:00,11,,
2022-01-26 12:00:00,12,,
2022-01-26 13:00:00,13,,
2022-01-26 14:00:00,14,,
2022-01-26 15:00:00,15,,
2022-01-26 16:00:00,16,,
2022-01-26 17:00:00,17,,
2022-01-26 18:00:00,18,,
2022-01-26 19:00:00,19,,
2022-01-26 20:00:00,20,,
2022-01-26 21:00:00,21,,
2022-01-26 22:00:00,22,,
2022-01-26 23:00:00,23,,
2022-01-27 00:00:00,0,,
2022-01-27 01:00:00,1,,
2022-01-27 02:00:00,2,,
2022-01-27 03:00:00,3,,
2022-01-27 04:00:00,4,,
2022-01-27 05:00:00,5,,
2022-01-27 06:00:00,6,,
2022-01-27 07:00:00,7,,
2022-01-27 08:00:00,8,,
2022-01-27 09:00:00,9,,
2022-01-27 10:00:00,10,,
2022-01-27 11:00:00,11,,
2022-01-27 12:00:00,12,,
2022-01-27 13:00:00,13,,
2022-01-27 14:00:00,14,,
2022-01-27 15:00:00,15,,
2022-01-27 16:00:00,16,,
2022-01-27 17:00:00,17,,
2022-01-27 18:00:00,18,,
2022-01-27 19:00:00,19,,
2022-01-27 20:00:00,20,,
2022-01-27 21:00:00,21,,
2022-01-27 22:00:00,22,,
2022-01-27 23:00:00,23,,
2022-01-28 00:00:00,0,,
2022-01-28 01:00:00,1,,
2022-01-28 02:00:00,2,,
2022-01-28 03:00:00,3,,
2022-01-28 04:00:00,4,,
2022-01-28 05:00:00,5,,
2022-01-28 06:00:00,6,,
2022-01-28 07:00:00,7,,
2022-01-28 08:00:00,8,,
2022-01-28 09:00:00,9,,
2022-01-28 10:00:00,10,,
2022-01-28 11:00:00,11,,
2022-01-28 12:00:00,12,,
2022-01-28 13:00:00,13,,
2022-01-28 14:00:00,14,,
2022-01-28 15:00:00,15,,
2022-01-28 16:00:00,16,,
2022-01-28 17:00:00,17,,
2022-01-28 18:00:00,18,,
2022-01-28 19:00:00,19,,
2022-01-28 20:00:00,20,,
2022-01-28 21:00:00,21,,
2022-01-28 22:00:00,22,,
2022-01-28 23:00:00,23,,
2022-01-29 00:00:00,0,,
2022-01-29 01:00:00,1,,
2022-01-29 02:00:00,2,,
2022-01-29 03:00:00,3,,
2022-01-29 04:00:00,4,,
2022-01-29 05:00:00,5,,
2022-01-29 06:00:00,6,,
2022-01-29 07:00:00,7,,
2022-01-29 08:00:00,8,,
2022-01-29 09:00:00,9,,
2022-01-29 10:00:00,10,,
2022-01-29 11:00:00,11,,
2022-01-29 12:00:00,12,,
2022-01-29 13:00:00,13,,
2022-01-29 14:00:00,14,,
2022-01-29 15:00:00,15,,
2022-01-29 16:00:00,16,,
2022-01-29 17:00:00,17,,
2022-01-29 18:00:00,18,,
2022-01-29 19:00:00,19,,
2022-01-29 20:00:00,20,,
2022-01-29 21:00:00,21,,
2022-01-29 22:00:00,22,,
2022-01-29 23:00:00,23,,
2022-01-30 00:00:00,0,,
2022-01-30 01:00:00,1,,
2022-01-30 02:00:00,2,,
2022-01-30 03:00:00,3,,
2022-01-30 04:00:00,4,,
2022-01-30 05:00:00,5,,
2022-01-30 06:00:00,6,,
2022-01-30 07:00:00,7,,
2022-01-30 08:00:00,8,,
2022-01-30 09:00:00,9,,
2022-01-30 10:00:00,10,,
2022-01-30 11:00:00,11,,
2022-01-30 12:00:00,12,,
2022-01-30 13:00:00,13,,
2022-01-30 14:00:00,14,,
2022-01-30 15:00:00,15,,
2022-01-30 16:00:00,16,,
2022-01-30 17:00:00,17,,
2022-01-30 18:00:00,18,,
2022-01-30 19:00:00,19,,
2022-01-30 20:00:00,20,,
2022-01-30 21:00:00,21,,
2022-01-30 22:00:00,22,,
2022-01-30 23:00:00,23,,
2022-01-31 00:00:00,0,,
2022-01-31 01:00:00,1,,
2022-01-31 02:00:00,2,,
2022-01-31 03:00:00,3,,
2022-01-31 04:00:00,4,,
2022-01-31 05:00:00,5,,
2022-01-31 06:00:00,6,,
2022-01-31 07:00:00,7,,
2022-01-31 08:00:00,8,,
2022-01-31 09:00:00,9,,
2022-01-31 10:00:00,10,,
2022-01-31 11:00:00,11,,
2022-01-31 12:00:00,12,,
2022-01-31 13:00:00,13,,
2022-01-31 14:00:00,14,,
2022-01-31 15:00:00,15,,
2022-01-31 16:00:00,16,,
2022-01-31 17:00:00,17,,
2022-01-31 18:00:00,18,,
2022-01-31 19:00:00,19,,
2022-01-31 20:00:00,20,,
2022-01-31 21:00:00,21,,
2022-01-31 22:00:00,22,,
2022-01-31 23:00:00,23,,
2022-02-01 00:00:00,0,,
2022-02-01 01:00:00,1,,
2022-02-01 02:00:00,2,,
2022-02-01 03:00:00,3,,
2022-02-01 04:00:00,4,,
2022-02-01 05:00:00,5,,
2022-02-01 06:00:00,6,,
2022-02-01 07:00:00,7,,
2022-02-01 08:00:00,8,,
2022-02-01 09:00:00,9,,
2022-02-01 10:00:00,10,,
2022-02-01 11:00:00,11,,
2022-02-01 12:00:00,12,,
2022-02-01 13:00:00,13,,
2022-02-01 14:00:00,14,,
2022-02-01 15:00:00,15,,
2022-02-01 16:00:00,16,,
2022-02-01 17:00:00,17,,
2022-02-01 18:00:00,18,,
2022-02-01 19:00:00,19,,
2022-02-01 20:00:00,20,,
2022-02-01 21:00:00,21,,
2022-02-01 22:00:00,22,,
2022-02-01 23:00:00,23,,
2022-02-02 00:00:00,0,,
2022-02-02 01:00:00,1,,
2022-02-02 02:00:00,2,,
2022-02-02 03:00:00,3,,
2022-02-02 04:00:00,4,,
2022-02-02 05:00:00,5,,
2022-02-02 06:00:00,6,,
2022-02-02 07:00:00,7,,
2022-02-02 08:00:00,8,,
2022-02-02 09:00:00,9,,
2022-02-02 10:00:00,10,,
2022-02-02 11:00:00,11,,
2022-02-02 12:00:00,12,,
2022-02-02 13:00:00,13,,
2022-02-02 14:00:00,14,,
2022-02-02 15:00:00,15,,
2022-02-02 16:00:00,16,,
2022-02-02 17:00:00,17,,
2022-02-02 18:00:00,18,,
2022-02-02 19:00:00,19,,
2022-02-02 20:00:00,20,,
2022-02-02 21:00:00,21,,
2022-02-02 22:00:00,22,,
2022-02-02 23:00:00,23,,
2022-02-03 00:00:00,0,,
2022-02-03 01:00:00,1,,
2022-02-03 02:00:00,2,,
2022-02-03 03:00:00,3,,
2022-02-03 04:00:00,4,,
2022-02-03 05:00:00,5,,
2022-02-03 06:00:00,6,,
2022-02-03 07:00:00,7,,
2022-02-03 08:00:00,8,,
2022-02-03 09:00:00,9,,
2022-02-03 10:00:00,10,,
2022-02-03 11:00:00,11,,
2022-02-03 12:00:00,12,,
2022-02-03 13:00:00,13,,
2022-02-03 14:00:00,14,,
2022-02-03 15:00:00,15,,
2022-02-03 16:00:00,16,,
2022-02-03 17:00:00,17,,
2022-02-03 18:00:00,18,,
2022-02-03 19:00:00,19,,
2022-02-03 20:00:00,20,,
2022-02-03 21:00:00,21,,
2022-02-03 22:00:00,22,,
2022-02-03 23:00:00,23,,
2022-02-04 00:00:00,0,,
2022-02-04 01:00:00,1,,
2022-02-04 02:00:00,2,,
2022-02-04 03:00:00,3,,
2022-02-04 04:00:00,4,,
2022-02-04 05:00:00,5,,
2022-02-04 06:00:00,6,,
2022-02-04 07:00:00,7,,
2022-02-04 08:00:00,8,,
2022-02-04 09:00:00,9,,
2022-02-04 10:00:00,10,,
2022-02-04 11:00:00,11,,
2022-02-04 12:00:00,12,,
2022-02-04 13:00:00,13,,
2022-02-04 14:00:00,14,,
2022-02-04 15:00:00,15,,
2022-02-04 16:00:00,16,,
2022-02-04 17:00:00,17,,
2022-02-04 18:00:00,18,,
2022-02-04 19:00:00,19,,
2022-02-04 20:00:00,20,,
2022-02-04 21:00:00,21,,
2022-02-04 22:00:00,22,,
2022-02-04 23:00:00,23,,
2022-02-05 00:00:00,0,,
2022-02-05 01:00:00,1,,
2022-02-05 02:00:00,2,,
2022-02-05 03:00:00,3,,
2022-02-05 04:00:00,4,,
2022-02-05 05:00:00,5,,
2022-02-05 06:00:00,6,,
2022-02-05 07:00:00,7,,
2022-02-05 08:00:00,8,,
2022-02-05 09:00:00,9,,
2022-02-05 10:00:00,10,,
2022-02-05 11:00:00,11,,
2022-02-05 12:00:00,12,,
2022-02-05 13:00:00,13,,
2022-02-05 14:00:00,14,,
2022-02-05 15:00:00,15,,
2022-02-05 16:00:00,16,,
2022-02-05 17:00:00,17,,
2022-02-05 18:00:00,18,,
2022-02-05 19:00:00,19,,
2022-02-05 20:00:00,20,,
2022-02-05 21:00:00,21,,
2022-02-05 22:00:00,22,,
2022-02-05 23:00:00,23,,
2022-02-06 00:00:00,0,,
2022-02-06 01:00:00,1,,
2022-02-06 02:00:00,2,,
2022-02-06 03:00:00,3,,
2022-02-06 04:00:00,4,,
2022-02-06 05:00:00,5,,
2022-02-06 06:00:00,6,,
2022-02-06 07:00:00,7,,
2022-02-06 08:00:00,8,,
2022-02-06 09:00:00,9,,
2022-02-06 10:00:00,10,,
2022-02-06 11:00:00,11,,
2022-02-06 12:00:00,12,,
2022-02-06 13:00:00,13,,
2022-02-06 14:00:00,14,,
2022-02-06 15:00:00,15,,
2022-02-06 16:00:00,16,,
2022-02-06 17:00:00,17,,
2022-02-06 18:00:00,18,,
2022-02-06 19:00:00,19,,
2022-02-06 20:00:00,20,,
2022-02-06 21:00:00,21,,
2022-02-06 22:00:00,22,,
2022-02-06 23:00:00,23,,
2022-02-07 00:00:00,0,,
2022-02-07 01:00:00,1,,
2022-02-07 02:00:00,2,,
2022-02-07 03:00:00,3,,
2022-02-07 04:00:00,4,,
2022-02-07 05:00:00,5,,
2022-02-07 06:00:00,6,,
2022-02-07 07:00:00,7,,
2022-02-07 08:00:00,8,,
2022-02-07 09:00:00,9,,
2022-02-07 10:00:00,10,,
2022-02-07 11:00:00,11,,
2022-02-07 12:00:00,12,,
2022-02-07 13:00:00,13,,
2022-02-07 14:00:00,14,,
2022-02-07 15:00:00,15,,
2022-02-07 16:00:00,16,,
2022-02-07 17:00:00,17,,
2022-02-07 18:00:00,18,,
2022-02-07 19:00:00,19,,
2022-02-07 20:00:00,20,,
2022-02-07 21:00:00,21,,
2022-02-07 22:00:00,22,,
2022-02-07 23:00:00,23,,
2022-02-08 00:00:00,0,,
2022-02-08 01:00:00,1,,
2022-02-08 02:00:00,2,,
2022-02-08 03:00:00,3,,
2022-02-08 04:00:00,4,,
2022-02-08 05:00:00,5,,
2022-02-08 06:00:00,6,,
2022-02-08 07:00:00,7,,
2022-02-08 08:00:00,8,,
2022-02-08 09:00:00,9,,
2022-02-08 10:00:00,10,,
2022-02-08 11:00:00,11,,
2022-02-08 12:00:00,12,,
2022-02-08 13:00:00,13,,
2022-02-08 14:00:00,14,,
2022-02-08 15:00:00,15,,
2022-02-08 16:00:00,16,,
2022-02-08 17:00:00,17,,
2022-02-08 18:00:00,18,,
2022-02-08 19:00:00,19,,
2022-02-08 20:00:00,20,,
2022-02-08 21:00:00,21,,
2022-02-08 22:00:00,22,,
2022-02-08 23:00:00,23,,
2022-02-09 00:00:00,0,,
2022-02-09 01:00:00,1,,
2022-02-09 02:00:00,2,,
2022-02-09 03:00:00,3,,
2022-02-09 04:00:00,4,,
2022-02-09 05:00:00,5,,
2022-02-09 06:00:00,6,,
2022-02-09 07:00:00,7,,
2022-02-09 08:00:00,8,,
2022-02-09 09:00:00,9,,
2022-02-09 10:00:00,10,,
2022-02-09 11:00:00,11,,
2022-02-09 12:00:00,12,,
2022-02-09 13:00:00,13,,
2022-02-09 14:00:00,14,,
2022-02-09 15:00:00,15,,
2022-02-09 16:00:00,16,,
2022-02-09 17:00:00,17,,
2022-02-09 18:00:00,18,,
2022-02-09 19:00:00,19,,
2022-02-09 20:00:00,20,,
2022-02-09 21:00:00,21,,
2022-02-09 22:00:00,22,,
2022-02-09 23:00:00,23,,
2022-02-10 00:00:00,0,,
2022-02-10 01:00:00,1,,
2022-02-10 02:00:00,2,,
2022-02-10 03:00:00,3,,
2022-02-10 04:00:00,4,,
2022-02-10 05:00:00,5,,
2022-02-10 06:00:00,6,,
2022-02-10 07:00:00,7,,
2022-02-10 08:00:00,8,,
2022-02-10 09:00:00,9,,
2022-02-10 10:00:00,10,,
2022-02-10 11:00:00,11,,
2022-02-10 12:00:00,12,,
2022-02-10 13:00:00,13,,
2022-02-10 14:00:00,14,,
2022-02-10 15:00:00,15,,
2022-02-10 16:00:00,16,,
2022-02-10 17:00:00,17,,
2022-02-10 18:00:00,18,,
2022-02-10 19:00:00,19,,
2022-02-10 20:00:00,20,,
2022-02-10 21:00:00,21,,
2022-02-10 22:00:00,22,,
2022-02-10 23:00:00,23,,
2022-02-11 00:00:00,0,,
2022-02-11 01:00:00,1,,
2022-02-11 02:00:00,2,,
2022-02-11 03:00:00,3,,
2022-02-11 04:00:00,4,,
2022-02-11 05:00:00,5,,
2022-02-11 06:00:00,6,,
2022-02-11 07:00:00,7,,
2022-02-11 08:00:00,8,,
2022-02-11 09:00:00,9,,
2022-02-11 10:00:00,10,,
2022-02-11 11:00:00,11,,
2022-02-11 12:00:00,12,,
2022-02-11 13:00:00,13,,
2022-02-11 14:00:00,14,,
2022-02-11 15:00:00,15,,
2022-02-11 16:00:00,16,,
2022-02-11 17:00:00,17,,
2022-02-11 18:00:00,18,,
2022-02-11 19:00:00,19,,
2022-02-11 20:00:00,20,,
2022-02-11 21:00:00,21,,
2022-02-11 22:00:00,22,,
2022-02-11 23:00:00,23,,
2022-02-12 00:00:00,0,,
2022-02-12 01:00:00,1,,
2022-02-12 02:00:00,2,,
2022-02-12 03:00:00,3,,
2022-02-12 04:00:00,4,,
2022-02-12 05:00:00,5,,
2022-02-12 06:00:00,6,,
2022-02-12 07:00:00,7,,
2022-02-12 08:00:00,8,,
2022-02-12 09:00:00,9,,
2022-02-12 10:00:00,10,,
2022-02-12 11:00:00,11,,
2022-02-12 12:00:00,12,,
2022-02-12 13:00:00,13,,
2022-02-12 14:00:00,14,,
2022-02-12 15:00:00,15,,
2022-02-12 16:00:00,16,,
2022-02-12 17:00:00,17,,
2022-02-12 18:00:00,18,,
2022-02-12 19:00:00,19,,
2022-02-12 20:00:00,20,,
2022-02-12 21:00:00,21,,
2022-02-12 22:00:00,22,,
2022-02-12 23:00:00,23,,
2022-02-13 00:00:00,0,,
2022-02-13 01:00:00,1,,
2022-02-13 02:00:00,2,,
2022-02-13 03:00:00,3,,
2022-02-13 04:00:00,4,,
2022-02-13 05:00:00,5,,
2022-02-13 06:00:00,6,,
2022-02-13 07:00:00,7,,
2022-02-13 08:00:00,8,,
2022-02-13 09:00:00,9,,
2022-02-13 10:00:00,10,,
2022-02-13 11:00:00,11,,
2022-02-13 12:00:00,12,,
2022-02-13 13:00:00,13,,
2022-02-13 14:00:00,14,,
2022-02-13 15:00:00,15,,
2022-02-13 16:00:00,16,,
2022-02-13 17:00:00,17,,
2022-02-13 18:00:00,18,,
2022-02-13 19:00:00,19,,
2022-02-13 20:00:00,20,,
2022-02-13 21:00:00,21,,
2022-02-13 22:00:00,22,,
2022-02-13 23:00:00,23,,
2022-02-14 00:00:00,0,,
2022-02-14 01:00:00,1,,
2022-02-14 02:00:00,2,,
2022-02-14 03:00:00,3,,
2022-02-14 04:00:00,4,,
2022-02-14 05:00:00,5,,
2022-02-14 06:00:00,6,,
2022-02-14 07:00:00,7,,
2022-02-14 08:00:00,8,,
2022-02-14 09:00:00,9,,
2022-02-14 10:00:00,10,,
2022-02-14 11:00:00,11,,
2022-02-14 12:00:00,12,,
2022-02-14 13:00:00,13,,
2022-02-14 14:00:00,14,,
2022-02-14 15:00:00,15,,
2022-02-14 16:00:00,16,,
2022-02-14 17:00:00,17,,
2022-02-14 18:00:00,18,,
2022-02-14 19:00:00,19,,
2022-02-14 20:00:00,20,,
2022-02-14 21:00:00,21,,
2022-02-14 22:00:00,22,,
2022-02-14 23:00:00,23,,
2022-02-15 00:00:00,0,,
2022-02-15 01:00:00,1,,
2022-02-15 02:00:00,2,,
2022-02-15 03:00:00,3,,
2022-02-15 04:00:00,4,,
2022-02-15 05:00:00,5,,
2022-02-15 06:00:00,6,,
2022-02-15 07:00:00,7,,
2022-02-15 08:00:00,8,,
2022-02-15 09:00:00,9,,
2022-02-15 10:00:00,10,,
2022-02-15 11:00:00,11,,
2022-02-15 12:00:00,12,,
2022-02-15 13:00:00,13,,
2022-02-15 14:00:00,14,,
2022-02-15 15:00:00,15,,
2022-02-15 16:00:00,16,,
2022-02-15 17:00:00,17,,
2022-02-15 18:00:00,18,,
2022-02-15 19:00:00,19,,
2022-02-15 20:00:00,20,,
2022-02-15 21:00:00,21,,
2022-02-15 22:00:00,22,,
2022-02-15 23:00:00,23,,
2022-02-16 00:00:00,0,,
2022-02-16 01:00:00,1,,
2022-02-16 02:00:00,2,,
2022-02-16 03:00:00,3,,
2022-02-16 04:00:00,4,,
2022-02-16 05:00:00,5,,
2022-02-16 06:00:00,6,,
2022-02-16 07:00:00,7,,
2022-02-16 08:00:00,8,,
2022-02-16 09:00:00,9,,
2022-02-16 10:00:00,10,,
2022-02-16 11:00:00,11,,
2022-02-16 12:00:00,12,,
2022-02-16 13:00:00,13,,
2022-02-16 14:00:00,14,,
2022-02-16 15:00:00,15,,
2022-02-16 16:00:00,16,,
2022-02-16 17:00:00,17,,
2022-02-16 18:00:00,18,,
2022-02-16 19:00:00,19,,
2022-02-16 20:00:00,20,,
2022-02-16 21:00:00,21,,
2022-02-16 22:00:00,22,,
2022-02-16 23:00:00,23,,
2022-02-17 00:00:00,0,,
2022-02-17 01:00:00,1,,
2022-02-17 02:00:00,2,,
2022-02-17 03:00:00,3,,
2022-02-17 04:00:00,4,,
2022-02-17 05:00:00,5,,
2022-02-17 06:00:00,6,,
2022-02-17 07:00:00,7,,
2022-02-17 08:00:00,8,,
2022-02-17 09:00:00,9,,
2022-02-17 10:00:00,10,,
2022-02-17 11:00:00,11,,
2022-02-17 12:00:00,12,,
2022-02-17 13:00:00,13,,
2022-02-17 14:00:00,14,,
2022-02-17 15:00:00,15,,
2022-02-17 16:00:00,16,,
2022-02-17 17:00:00,17,,
2022-02-17 18:00:00,18,,
2022-02-17 19:00:00,19,,
2022-02-17 20:00:00,20,,
2022-02-17 21:00:00,21,,
2022-02-17 22:00:00,22,,
2022-02-17 23:00:00,23,,
2022-02-18 00:00:00,0,,
2022-02-18 01:00:00,1,,
2022-02-18 02:00:00,2,,
2022-02-18 03:00:00,3,,
2022-02-18 04:00:00,4,,
2022-02-18 05:00:00,5,,
2022-02-18 06:00:00,6,,
2022-02-18 07:00:00,7,,
2022-02-18 08:00:00,8,,
2022-02-18 09:00:00,9,,
2022-02-18 10:00:00,10,,
2022-02-18 11:00:00,11,,
2022-02-18 12:00:00,12,,
2022-02-18 13:00:00,13,,
2022-02-18 14:00:00,14,,
2022-02-18 15:00:00,15,,
2022-02-18 16:00:00,16,,
2022-02-18 17:00:00,17,,
2022-02-18 18:00:00,18,,
2022-02-18 19:00:00,19,,
2022-02-18 20:00:00,20,,
2022-02-18 21:00:00,21,,
2022-02-18 22:00:00,22,,
2022-02-18 23:00:00,23,,
2022-02-19 00:00:00,0,,
2022-02-19 01:00:00,1,,
2022-02-19 02:00:00,2,,
2022-02-19 03:00:00,3,,
2022-02-19 04:00:00,4,,
2022-02-19 05:00:00,5,,
2022-02-19 06:00:00,6,,
2022-02-19 07:00:00,7,,
2022-02-19 08:00:00,8,,
2022-02-19 09:00:00,9,,
2022-02-19 10:00:00,10,,
2022-02-19 11:00:00,11,,
2022-02-19 12:00:00,12,,
2022-02-19 13:00:00,13,,
2022-02-19 14:00:00,14,,
2022-02-19 15:00:00,15,,
2022-02-19 16:00:00,16,,
2022-02-19 17:00:00,17,,
2022-02-19 18:00:00,18,,
2022-02-19 19:00:00,19,,
2022-02-19 20:00:00,20,,
2022-02-19 21:00:00,21,,
2022-02-19 22:00:00,22,,
2022-02-19 23:00:00,23,,
2022-02-20 00:00:00,0,,
2022-02-20 01:00:00,1,,
2022-02-20 02:00:00,2,,
2022-02-20 03:00:00,3,,
2022-02-20 04:00:00,4,,
2022-02-20 05:00:00,5,,
2022-02-20 06:00:00,6,,
2022-02-20 07:00:00,7,,
2022-02-20 08:00:00,8,,
2022-02-20 09:00:00,9,,
2022-02-20 10:00:00,10,,
2022-02-20 11:00:00,11,,
2022-02-20 12:00:00,12,,
2022-02-20 13:00:00,13,,
2022-02-20 14:00:00,14,,
2022-02-20 15:00:00,15,,
2022-02-20 16:00:00,16,,
2022-02-20 17:00:00,17,,
2022-02-20 18:00:00,18,,
2022-02-20 19:00:00,19,,
2022-02-20 20:00:00,20,,
2022-02-20 21:00:00,21,,
2022-02-20 22:00:00,22,,
2022-02-20 23:00:00,23,,
2022-02-21 00:00:00,0,,
2022-02-21 01:00:00,1,,
2022-02-21 02:00:00,2,,
2022-02-21 03:00:00,3,,
2022-02-21 04:00:00,4,,
2022-02-21 05:00:00,5,,
2022-02-21 06:00:00,6,,
2022-02-21 07:00:00,7,,
2022-02-21 08:00:00,8,,
2022-02-21 09:00:00,9,,
2022-02-21 10:00:00,10,,
2022-02-21 11:00:00,11,,
2022-02-21 12:00:00,12,,
2022-02-21 13:00:00,13,,
2022-02-21 14:00:00,14,,
2022-02-21 15:00:00,15,,
2022-02-21 16:00:00,16,,
2022-02-21 17:00:00,17,,
2022-02-21 18:00:00,18,,
2022-02-21 19:00:00,19,,
2022-02-21 20:00:00,20,,
2022-02-21 21:00:00,21,,
2022-02-21 22:00:00,22,,
2022-02-21 23:00:00,23,,
2022-02-22 00:00:00,0,,
2022-02-22 01:00:00,1,,
2022-02-22 02:00:00,2,,
2022-02-22 03:00:00,3,,
2022-02-22 04:00:00,4,,
2022-02-22 05:00:00,5,,
2022-02-22 06:00:00,6,,
2022-02-22 07:00:00,7,,
2022-02-22 08:00:00,8,,
2022-02-22 09:00:00,9,,
2022-02-22 10:00:00,10,,
2022-02-22 11:00:00,11,,
2022-02-22 12:00:00,12,,
2022-02-22 13:00:00,13,,
2022-02-22 14:00:00,14,,
2022-02-22 15:00:00,15,,
2022-02-22 16:00:00,16,,
2022-02-22 17:00:00,17,,
2022-02-22 18:00:00,18,,
2022-02-22 19:00:00,19,,
2022-02-22 20:00:00,20,,
2022-02-22 21:00:00,21,,
2022-02-22 22:00:00,22,,
2022-02-22 23:00:00,23,,
2022-02-23 00:00:00,0,,
2022-02-23 01:00:00,1,,
2022-02-23 02:00:00,2,,
2022-02-23 03:00:00,3,,
2022-02-23 04:00:00,4,,
2022-02-23 05:00:00,5,,
2022-02-23 06:00:00,6,,
2022-02-23 07:00:00,7,,
2022-02-23 08:00:00,8,,
2022-02-23 09:00:00,9,,
2022-02-23 10:00:00,10,,
2022-02-23 11:00:00,11,,
2022-02-23 12:00:00,12,,
2022-02-23 13:00:00,13,,
2022-02-23 14:00:00,14,,
2022-02-23 15:00:00,15,,
2022-02-23 16:00:00,16,,
2022-02-23 17:00:00,17,,
2022-02-23 18:00:00,18,,
2022-02-23 19:00:00,19,,
2022-02-23 20:00:00,20,,
2022-02-23 21:00:00,21,,
2022-02-23 22:00:00,22,,
2022-02-23 23:00:00,23,,
2022-02-24 00:00:00,0,,
2022-02-24 01:00:00,1,,
2022-02-24 02:00:00,2,,
2022-02-24 03:00:00,3,,
2022-02-24 04:00:00,4,,
2022-02-24 05:00:00,5,,
2022-02-24 06:00:00,6,,
2022-02-24 07:00:00,7,,
2022-02-24 08:00:00,8,,
2022-02-24 09:00:00,9,,
2022-02-24 10:00:00,10,,
2022-02-24 11:00:00,11,,
2022-02-24 12:00:00,12,,
2022-02-24 13:00:00,13,,
2022-02-24 14:00:00,14,,
2022-02-24 15:00:00,15,,
2022-02-24 16:00:00,16,,
2022-02-24 17:00:00,17,,
2022-02-24 18:00:00,18,,
2022-02-24 19:00:00,19,,
2022-02-24 20:00:00,20,,
2022-02-24 21:00:00,21,,
2022-02-24 22:00:00,22,,
2022-02-24 23:00:00,23,,
2022-02-25 00:00:00,0,,
2022-02-25 01:00:00,1,,
2022-02-25 02:00:00,2,,
2022-02-25 03:00:00,3,,
2022-02-25 04:00:00,4,,
2022-02-25 05:00:00,5,,
2022-02-25 06:00:00,6,,
2022-02-25 07:00:00,7,,
2022-02-25 08:00:00,8,,
2022-02-25 09:00:00,9,,
2022-02-25 10:00:00,10,,
2022-02-25 11:00:00,11,,
2022-02-25 12:00:00,12,,
2022-02-25 13:00:00,13,,
2022-02-25 14:00:00,14,,
2022-02-25 15:00:00,15,,
2022-02-25 16:00:00,16,,
2022-02-25 17:00:00,17,,
2022-02-25 18:00:00,18,,
2022-02-25 19:00:00,19,,
2022-02-25 20:00:00,20,,
2022-02-25 21:00:00,21,,
2022-02-25 22:00:00,22,,
2022-02-25 23:00:00,23,,
2022-02-26 00:00:00,0,,
2022-02-26 01:00:00,1,,
2022-02-26 02:00:00,2,,
2022-02-26 03:00:00,3,,
2022-02-26 04:00:00,4,,
2022-02-26 05:00:00,5,,
2022-02-26 06:00:00,6,,
2022-02-26 07:00:00,7,,
2022-02-26 08:00:00,8,,
2022-02-26 09:00:00,9,,
2022-02-26 10:00:00,10,,
2022-02-26 11:00:00,11,,
2022-02-26 12:00:00,12,,
2022-02-26 13:00:00,13,,
2022-02-26 14:00:00,14,,
2022-02-26 15:00:00,15,,
2022-02-26 16:00:00,16,,
2022-02-26 17:00:00,17,,
2022-02-26 18:00:00,18,,
2022-02-26 19:00:00,19,,
2022-02-26 20:00:00,20,,
2022-02-26 21:00:00,21,,
2022-02-26 22:00:00,22,,
2022-02-26 23:00:00,23,,
2022-02-27 00:00:00,0,,
2022-02-27 01:00:00,1,,
2022-02-27 02:00:00,2,,
2022-02-27 03:00:00,3,,
2022-02-27 04:00:00,4,,
2022-02-27 05:00:00,5,,
2022-02-27 06:00:00,6,,
2022-02-27 07:00:00,7,,
2022-02-27 08:00:00,8,,
2022-02-27 09:00:00,9,,
2022-02-27 10:00:00,10,,
2022-02-27 11:00:00,11,,
2022-02-27 12:00:00,12,,
2022-02-27 13:00:00,13,,
2022-02-27 14:00:00,14,,
2022-02-27 15:00:00,15,,
2022-02-27 16:00:00,16,,
2022-02-27 17:00:00,17,,
2022-02-27 18:00:00,18,,
2022-02-27 19:00:00,19,,
2022-02-27 20:00:00,20,,
2022-02-27 21:00:00,21,,
2022-02-27 22:00:00,22,,
2022-02-27 23:00:00,23,,
2022-02-28 00:00:00,0,,
2022-02-28 01:00:00,1,,
2022-02-28 02:00:00,2,,
2022-02-28 03:00:00,3,,
2022-02-28 04:00:00,4,,
2022-02-28 05:00:00,5,,
2022-02-28 06:00:00,6,,
2022-02-28 07:00:00,7,,
2022-02-28 08:00:00,8,,
2022-02-28 09:00:00,9,,
2022-02-28 10:00:00,10,,
2022-02-28 11:00:00,11,,
2022-02-28 12:00:00,12,,
2022-02-28 13:00:00,13,,
2022-02-28 14:00:00,14,,
2022-02-28 15:00:00,15,,
2022-02-28 16:00:00,16,,
2022-02-28 17:00:00,17,,
2022-02-28 18:00:00,18,,
2022-02-28 19:00:00,19,,
2022-02-28 20:00:00,20,,
2022-02-28 21:00:00,21,,
2022-02-28 22:00:00,22,,
2022-02-28 23:00:00,23,,
2022-03-01 00:00:00,0,,
2022-03-01 01:00:00,1,,
2022-03-01 02:00:00,2,,
2022-03-01 03:00:00,3,,
2022-03-01 04:00:00,4,,
2022-03-01 05:00:00,5,,
2022-03-01 06:00:00,6,,
2022-03-01 07:00:00,7,,
2022-03-01 08:00:00,8,,
2022-03-01 09:00:00,9,,
2022-03-01 10:00:00,10,,
2022-03-01 11:00:00,11,,
2022-03-01 12:00:00,12,,
2022-03-01 13:00:00,13,,
2022-03-01 14:00:00,14,,
2022-03-01 15:00:00,15,,
2022-03-01 16:00:00,16,,
2022-03-01 17:00:00,17,,
2022-03-01 18:00:00,18,,
2022-03-01 19:00:00,19,,
2022-03-01 20:00:00,20,,
2022-03-01 21:00:00,21,,
2022-03-01 22:00:00,22,,
2022-03-01 23:00:00,23,,
2022-03-02 00:00:00,0,,
2022-03-02 01:00:00,1,,
2022-03-02 02:00:00,2,,
2022-03-02 03:00:00,3,,
2022-03-02 04:00:00,4,,
2022-03-02 05:00:00,5,,
2022-03-02 06:00:00,6,,
2022-03-02 07:00:00,7,,
2022-03-02 08:00:00,8,,
2022-03-02 09:00:00,9,,
2022-03-02 10:00:00,10,,
2022-03-02 11:00:00,11,,
2022-03-02 12:00:00,12,,
2022-03-02 13:00:00,13,,
2022-03-02 14:00:00,14,,
2022-03-02 15:00:00,15,,
2022-03-02 16:00:00,16,,
2022-03-02 17:00:00,17,,
2022-03-02 18:00:00,18,,
2022-03-02 19:00:00,19,,
2022-03-02 20:00:00,20,,
2022-03-02 21:00:00,21,,
2022-03-02 22:00:00,22,,
2022-03-02 23:00:00,23,,
2022-03-03 00:00:00,0,,
2022-03-03 01:00:00,1,,
2022-03-03 02:00:00,2,,
2022-03-03 03:00:00,3,,
2022-03-03 04:00:00,4,,
2022-03-03 05:00:00,5,,
2022-03-03 06:00:00,6,,
2022-03-03 07:00:00,7,,
2022-03-03 08:00:00,8,,
2022-03-03 09:00:00,9,,
2022-03-03 10:00:00,10,,
2022-03-03 11:00:00,11,,
2022-03-03 12:00:00,12,,
2022-03-03 13:00:00,13,,
2022-03-03 14:00:00,14,,
2022-03-03 15:00:00,15,,
2022-03-03 16:00:00,16,,
2022-03-03 17:00:00,17,,
2022-03-03 18:00:00,18,,
2022-03-03 19:00:00,19,,
2022-03-03 20:00:00,20,,
2022-03-03 21:00:00,21,,
2022-03-03 22:00:00,22,,
2022-03-03 23:00:00,23,,
2022-03-04 00:00:00,0,,
2022-03-04 01:00:00,1,,
2022-03-04 02:00:00,2,,
2022-03-04 03:00:00,3,,
2022-03-04 04:00:00,4,,
2022-03-04 05:00:00,5,,
2022-03-04 06:00:00,6,,
2022-03-04 07:00:00,7,,
2022-03-04 08:00:00,8,,
2022-03-04 09:00:00,9,,
2022-03-04 10:00:00,10,,
2022-03-04 11:00:00,11,,
2022-03-04 12:00:00,12,,
2022-03-04 13:00:00,13,,
2022-03-04 14:00:00,14,,
2022-03-04 15:00:00,15,,
2022-03-04 16:00:00,16,,
2022-03-04 17:00:00,17,,
2022-03-04 18:00:00,18,,
2022-03-04 19:00:00,19,,
2022-03-04 20:00:00,20,,
2022-03-04 21:00:00,21,,
2022-03-04 22:00:00,22,,
2022-03-04 23:00:00,23,,
2022-03-05 00:00:00,0,,
2022-03-05 01:00:00,1,,
2022-03-05 02:00:00,2,,
2022-03-05 03:00:00,3,,
2022-03-05 04:00:00,4,,
2022-03-05 05:00:00,5,,
2022-03-05 06:00:00,6,,
2022-03-05 07:00:00,7,,
2022-03-05 08:00:00,8,,
2022-03-05 09:00:00,9,,
2022-03-05 10:00:00,10,,
2022-03-05 11:00:00,11,,
2022-03-05 12:00:00,12,,
2022-03-05 13:00:00,13,,
2022-03-05 14:00:00,14,,
2022-03-05 15:00:00,15,,
2022-03-05 16:00:00,16,,
2022-03-05 17:00:00,17,,
2022-03-05 18:00:00,18,,
2022-03-05 19:00:00,19,,
2022-03-05 20:00:00,20,,
2022-03-05 21:00:00,21,,
2022-03-05 22:00:00,22,,
2022-03-05 23:00:00,23,,
2022-03-06 00:00:00,0,,
2022-03-06 01:00:00,1,,
2022-03-06 02:00:00,2,,
2022-03-06 03:00:00,3,,
2022-03-06 04:00:00,4,,
2022-03-06 05:00:00,5,,
2022-03-06 06:00:00,6,,
2022-03-06 07:00:00,7,,
2022-03-06 08:00:00,8,,
2022-03-06 09:00:00,9,,
2022-03-06 10:00:00,10,,
2022-03-06 11:00:00,11,,
2022-03-06 12:00:00,12,,
2022-03-06 13:00:00,13,,
2022-03-06 14:00:00,14,,
2022-03-06 15:00:00,15,,
2022-03-06 16:00:00,16,,
2022-03-06 17:00:00,17,,
2022-03-06 18:00:00,18,,
2022-03-06 19:00:00,19,,
2022-03-06 20:00:00,20,,
2022-03-06 21:00:00,21,,
2022-03-06 22:00:00,22,,
2022-03-06 23:00:00,23,,
2022-03-07 00:00:00,0,,
2022-03-07 01:00:00,1,,
2022-03-07 02:00:00,2,,
2022-03-07 03:00:00,3,,
2022-03-07 04:00:00,4,,
2022-03-07 05:00:00,5,,
2022-03-07 06:00:00,6,,
2022-03-07 07:00:00,7,,
2022-03-07 08:00:00,8,,
2022-03-07 09:00:00,9,,
2022-03-07 10:00:00,10,,
2022-03-07 11:00:00,11,,
2022-03-07 12:00:00,12,,
2022-03-07 13:00:00,13,,
2022-03-07 14:00:00,14,,
2022-03-07 15:00:00,15,,
2022-03-07 16:00:00,16,,
2022-03-07 17:00:00,17,,
2022-03-07 18:00:00,18,,
2022-03-07 19:00:00,19,,
2022-03-07 20:00:00,20,,
2022-03-07 21:00:00,21,,
2022-03-07 22:00:00,22,,
2022-03-07 23:00:00,23,,
2022-03-08 00:00:00,0,,
2022-03-08 01:00:00,1,,
2022-03-08 02:00:00,2,,
2022-03-08 03:00:00,3,,
2022-03-08 04:00:00,4,,
2022-03-08 05:00:00,5,,
2022-03-08 06:00:00,6,,
2022-03-08 07:00:00,7,,
2022-03-08 08:00:00,8,,
2022-03-08 09:00:00,9,,
2022-03-08 10:00:00,10,,
2022-03-08 11:00:00,11,,
2022-03-08 12:00:00,12,,
2022-03-08 13:00:00,13,,
2022-03-08 14:00:00,14,,
2022-03-08 15:00:00,15,,
2022-03-08 16:00:00,16,,
2022-03-08 17:00:00,17,,
2022-03-08 18:00:00,18,,
2022-03-08 19:00:00,19,,
2022-03-08 20:00:00,20,,
2022-03-08 21:00:00,21,,
2022-03-08 22:00:00,22,,
2022-03-08 23:00:00,23,,
2022-03-09 00:00:00,0,,
2022-03-09 01:00:00,1,,
2022-03-09 02:00:00,2,,
2022-03-09 03:00:00,3,,
2022-03-09 04:00:00,4,,
2022-03-09 05:00:00,5,,
2022-03-09 06:00:00,6,,
2022-03-09 07:00:00,7,,
2022-03-09 08:00:00,8,,
2022-03-09 09:00:00,9,,
2022-03-09 10:00:00,10,,
2022-03-09 11:00:00,11,,
2022-03-09 12:00:00,12,,
2022-03-09 13:00:00,13,,
2022-03-09 14:00:00,14,,
2022-03-09 15:00:00,15,,
2022-03-09 16:00:00,16,,
2022-03-09 17:00:00,17,,
2022-03-09 18:00:00,18,,
2022-03-09 19:00:00,19,,
2022-03-09 20:00:00,20,,
2022-03-09 21:00:00,21,,
2022-03-09 22:00:00,22,,
2022-03-09 23:00:00,23,,
2022-03-10 00:00:00,0,,
2022-03-10 01:00:00,1,,
2022-03-10 02:00:00,2,,
2022-03-10 03:00:00,3,,
2022-03-10 04:00:00,4,,
2022-03-10 05:00:00,5,,
2022-03-10 06:00:00,6,,
2022-03-10 07:00:00,7,,
2022-03-10 08:00:00,8,,
2022-03-10 09:00:00,9,,
2022-03-10 10:00:00,10,,
2022-03-10 11:00:00,11,,
2022-03-10 12:00:00,12,,
2022-03-10 13:00:00,13,,
2022-03-10 14:00:00,14,,
2022-03-10 15:00:00,15,,
2022-03-10 16:00:00,16,,
2022-03-10 17:00:00,17,,
2022-03-10 18:00:00,18,,
2022-03-10 19:00:00,19,,
2022-03-10 20:00:00,20,,
2022-03-10 21:00:00,21,,
2022-03-10 22:00:00,22,,
2022-03-10 23:00:00,23,,
2022-03-11 00:00:00,0,,
2022-03-11 01:00:00,1,,
2022-03-11 02:00:00,2,,
2022-03-11 03:00:00,3,,
2022-03-11 04:00:00,4,,
2022-03-11 05:00:00,5,,
2022-03-11 06:00:00,6,,
2022-03-11 07:00:00,7,,
2022-03-11 08:00:00,8,,
2022-03-11 09:00:00,9,,
2022-03-11 10:00:00,10,,
2022-03-11 11:00:00,11,,
2022-03-11 12:00:00,12,,
2022-03-11 13:00:00,13,,
2022-03-11 14:00:00,14,,
2022-03-11 15:00:00,15,,
2022-03-11 16:00:00,16,,
2022-03-11 17:00:00,17,,
2022-03-11 18:00:00,18,,
2022-03-11 19:00:00,19,,
2022-03-11 20:00:00,20,,
2022-03-11 21:00:00,21,,
2022-03-11 22:00:00,22,,
2022-03-11 23:00:00,23,,
2022-03-12 00:00:00,0,,
2022-03-12 01:00:00,1,,
2022-03-12 02:00:00,2,,
2022-03-12 03:00:00,3,,
2022-03-12 04:00:00,4,,
2022-03-12 05:00:00,5,,
2022-03-12 06:00:00,6,,
2022-03-12 07:00:00,7,,
2022-03-12 08:00:00,8,,
2022-03-12 09:00:00,9,,
2022-03-12 10:00:00,10,,
2022-03-12 11:00:00,11,,
2022-03-12 12:00:00,12,,
2022-03-12 13:00:00,13,,
2022-03-12 14:00:00,14,,
2022-03-12 15:00:00,15,,
2022-03-12 16:00:00,16,,
2022-03-12 17:00:00,17,,
2022-03-12 18:00:00,18,,
2022-03-12 19:00:00,19,,
2022-03-12 20:00:00,20,,
2022-03-12 21:00:00,21,,
2022-03-12 22:00:00,22,,
2022-03-12 23:00:00,23,,
2022-03-13 00:00:00,0,,
2022-03-13 01:00:00,1,,
2022-03-13 02:00:00,2,,
2022-03-13 03:00:00,3,,
2022-03-13 04:00:00,4,,
2022-03-13 05:00:00,5,,
2022-03-13 06:00:00,6,,
2022-03-13 07:00:00,7,,
2022-03-13 08:00:00,8,,
2022-03-13 09:00:00,9,,
2022-03-13 10:00:00,10,,
2022-03-13 11:00:00,11,,
2022-03-13 12:00:00,12,,
2022-03-13 13:00:00,13,,
2022-03-13 14:00:00,14,,
2022-03-13 15:00:00,15,,
2022-03-13 16:00:00,16,,
2022-03-13 17:00:00,17,,
2022-03-13 18:00:00,18,,
2022-03-13 19:00:00,19,,
2022-03-13 20:00:00,20,,
2022-03-13 21:00:00,21,,
2022-03-13 22:00:00,22,,
2022-03-13 23:00:00,23,,
2022-03-14 00:00:00,0,,
2022-03-14 01:00:00,1,,
2022-03-14 02:00:00,2,,
2022-03-14 03:00:00,3,,
2022-03-14 04:00:00,4,,
2022-03-14 05:00:00,5,,
2022-03-14 06:00:00,6,,
2022-03-14 07:00:00,7,,
2022-03-14 08:00:00,8,,
2022-03-14 09:00:00,9,,
2022-03-14 10:00:00,10,,
2022-03-14 11:00:00,11,,
2022-03-14 12:00:00,12,,
2022-03-14 13:00:00,13,,
2022-03-14 14:00:00,14,,
2022-03-14 15:00:00,15,,
2022-03-14 16:00:00,16,,
2022-03-14 17:00:00,17,,
2022-03-14 18:00:00,18,,
2022-03-14 19:00:00,19,,
2022-03-14 20:00:00,20,,
2022-03-14 21:00:00,21,,
2022-03-14 22:00:00,22,,
2022-03-14 23:00:00,23,,
2022-03-15 00:00:00,0,,
2022-03-15 01:00:00,1,,
2022-03-15 02:00:00,2,,
2022-03-15 03:00:00,3,,
2022-03-15 04:00:00,4,,
2022-03-15 05:00:00,5,,
2022-03-15 06:00:00,6,,
2022-03-15 07:00:00,7,,
2022-03-15 08:00:00,8,,
2022-03-15 09:00:00,9,,
2022-03-15 10:00:00,10,,
2022-03-15 11:00:00,11,,
2022-03-15 12:00:00,12,,
2022-03-15 13:00:00,13,,
2022-03-15 14:00:00,14,,
2022-03-15 15:00:00,15,,
2022-03-15 16:00:00,16,,
2022-03-15 17:00:00,17,,
2022-03-15 18:00:00,18,,
2022-03-15 19:00:00,19,,
2022-03-15 20:00:00,20,,
2022-03-15 21:00:00,21,,
2022-03-15 22:00:00,22,,
2022-03-15 23:00:00,23,,
2022-03-16 00:00:00,0,,
2022-03-16 01:00:00,1,,
2022-03-16 02:00:00,2,,
2022-03-16 03:00:00,3,,
2022-03-16 04:00:00,4,,
2022-03-16 05:00:00,5,,
2022-03-16 06:00:00,6,,
2022-03-16 07:00:00,7,,
2022-03-16 08:00:00,8,,
2022-03-16 09:00:00,9,,
2022-03-16 10:00:00,10,,
2022-03-16 11:00:00,11,,
2022-03-16 12:00:00,12,,
2022-03-16 13:00:00,13,,
2022-03-16 14:00:00,14,,
2022-03-16 15:00:00,15,,
2022-03-16 16:00:00,16,,
2022-03-16 17:00:00,17,,
2022-03-16 18:00:00,18,,
2022-03-16 19:00:00,19,,
2022-03-16 20:00:00,20,,
2022-03-16 21:00:00,21,,
2022-03-16 22:00:00,22,,
2022-03-16 23:00:00,23,,
2022-03-17 00:00:00,0,,
2022-03-17 01:00:00,1,,
2022-03-17 02:00:00,2,,
2022-03-17 03:00:00,3,,
2022-03-17 04:00:00,4,,
2022-03-17 05:00:00,5,,
2022-03-17 06:00:00,6,,
2022-03-17 07:00:00,7,,
2022-03-17 08:00:00,8,,
2022-03-17 09:00:00,9,,
2022-03-17 10:00:00,10,,
2022-03-17 11:00:00,11,,
2022-03-17 12:00:00,12,,
2022-03-17 13:00:00,13,,
2022-03-17 14:00:00,14,,
2022-03-17 15:00:00,15,,
2022-03-17 16:00:00,16,,
2022-03-17 17:00:00,17,,
2022-03-17 18:00:00,18,,
2022-03-17 19:00:00,19,,
2022-03-17 20:00:00,20,,
2022-03-17 21:00:00,21,,
2022-03-17 22:00:00,22,,
2022-03-17 23:00:00,23,,
2022-03-18 00:00:00,0,,
2022-03-18 01:00:00,1,,
2022-03-18 02:00:00,2,,
2022-03-18 03:00:00,3,,
2022-03-18 04:00:00,4,,
2022-03-18 05:00:00,5,,
2022-03-18 06:00:00,6,,
2022-03-18 07:00:00,7,,
2022-03-18 08:00:00,8,,
2022-03-18 09:00:00,9,,
2022-03-18 10:00:00,10,,
2022-03-18 11:00:00,11,,
2022-03-18 12:00:00,12,,
2022-03-18 13:00:00,13,,
2022-03-18 14:00:00,14,,
2022-03-18 15:00:00,15,,
2022-03-18 16:00:00,16,,
2022-03-18 17:00:00,17,,
2022-03-18 18:00:00,18,,
2022-03-18 19:00:00,19,,
2022-03-18 20:00:00,20,,
2022-03-18 21:00:00,21,,
2022-03-18 22:00:00,22,,
2022-03-18 23:00:00,23,,
2022-03-19 00:00:00,0,,
2022-03-19 01:00:00,1,,
2022-03-19 02:00:00,2,,
2022-03-19 03:00:00,3,,
2022-03-19 04:00:00,4,,
2022-03-19 05:00:00,5,,
2022-03-19 06:00:00,6,,
2022-03-19 07:00:00,7,,
2022-03-19 08:00:00,8,,
2022-03-19 09:00:00,9,,
2022-03-19 10:00:00,10,,
2022-03-19 11:00:00,11,,
2022-03-19 12:00:00,12,,
2022-03-19 13:00:00,13,,
2022-03-19 14:00:00,14,,
2022-03-19 15:00:00,15,,
2022-03-19 16:00:00,16,,
2022-03-19 17:00:00,17,,
2022-03-19 18:00:00,18,,
2022-03-19 19:00:00,19,,
2022-03-19 20:00:00,20,,
2022-03-19 21:00:00,21,,
2022-03-19 22:00:00,22,,
2022-03-19 23:00:00,23,,
2022-03-20 00:00:00,0,,
2022-03-20 01:00:00,1,,
2022-03-20 02:00:00,2,,
2022-03-20 03:00:00,3,,
2022-03-20 04:00:00,4,,
2022-03-20 05:00:00,5,,
2022-03-20 06:00:00,6,,
2022-03-20 07:00:00,7,,
2022-03-20 08:00:00,8,,
2022-03-20 09:00:00,9,,
2022-03-20 10:00:00,10,,
2022-03-20 11:00:00,11,,
2022-03-20 12:00:00,12,,
2022-03-20 13:00:00,13,,
2022-03-20 14:00:00,14,,
2022-03-20 15:00:00,15,,
2022-03-20 16:00:00,16,,
2022-03-20 17:00:00,17,,
2022-03-20 18:00:00,18,,
2022-03-20 19:00:00,19,,
2022-03-20 20:00:00,20,,
2022-03-20 21:00:00,21,,
2022-03-20 22:00:00,22,,
2022-03-20 23:00:00,23,,
2022-03-21 00:00:00,0,,
2022-03-21 01:00:00,1,,
2022-03-21 02:00:00,2,,
2022-03-21 03:00:00,3,,
2022-03-21 04:00:00,4,,
2022-03-21 05:00:00,5,,
2022-03-21 06:00:00,6,,
2022-03-21 07:00:00,7,,
2022-03-21 08:00:00,8,,
2022-03-21 09:00:00,9,,
2022-03-21 10:00:00,10,,
2022-03-21 11:00:00,11,,
2022-03-21 12:00:00,12,,
2022-03-21 13:00:00,13,,
2022-03-21 14:00:00,14,,
2022-03-21 15:00:00,15,,
2022-03-21 16:00:00,16,,
2022-03-21 17:00:00,17,,
2022-03-21 18:00:00,18,,
2022-03-21 19:00:00,19,,
2022-03-21 20:00:00,20,,
2022-03-21 21:00:00,21,,
2022-03-21 22:00:00,22,,
2022-03-21 23:00:00,23,,
2022-03-22 00:00:00,0,,
2022-03-22 01:00:00,1,,
2022-03-22 02:00:00,2,,
2022-03-22 03:00:00,3,,
2022-03-22 04:00:00,4,,
2022-03-22 05:00:00,5,,
2022-03-22 06:00:00,6,,
2022-03-22 07:00:00,7,,
2022-03-22 08:00:00,8,,
2022-03-22 09:00:00,9,,
2022-03-22 10:00:00,10,,
2022-03-22 11:00:00,11,,
2022-03-22 12:00:00,12,,
2022-03-22 13:00:00,13,,
2022-03-22 14:00:00,14,,
2022-03-22 15:00:00,15,,
2022-03-22 16:00:00,16,,
2022-03-22 17:00:00,17,,
2022-03-22 18:00:00,18,,
2022-03-22 19:00:00,19,,
2022-03-22 20:00:00,20,,
2022-03-22 21:00:00,21,,
2022-03-22 22:00:00,22,,
2022-03-22 23:00:00,23,,
2022-03-23 00:00:00,0,,
2022-03-23 01:00:00,1,,
2022-03-23 02:00:00,2,,
2022-03-23 03:00:00,3,,
2022-03-23 04:00:00,4,,
2022-03-23 05:00:00,5,,
2022-03-23 06:00:00,6,,
2022-03-23 07:00:00,7,,
2022-03-23 08:00:00,8,,
2022-03-23 09:00:00,9,,
2022-03-23 10:00:00,10,,
2022-03-23 11:00:00,11,,
2022-03-23 12:00:00,12,,
2022-03-23 13:00:00,13,,
2022-03-23 14:00:00,14,,
2022-03-23 15:00:00,15,,
2022-03-23 16:00:00,16,,
2022-03-23 17:00:00,17,,
2022-03-23 18:00:00,18,,
2022-03-23 19:00:00,19,,
2022-03-23 20:00:00,20,,
2022-03-23 21:00:00,21,,
2022-03-23 22:00:00,22,,
2022-03-23 23:00:00,23,,
2022-03-24 00:00:00,0,,
2022-03-24 01:00:00,1,,
2022-03-24 02:00:00,2,,
2022-03-24 03:00:00,3,,
2022-03-24 04:00:00,4,,
2022-03-24 05:00:00,5,,
2022-03-24 06:00:00,6,,
2022-03-24 07:00:00,7,,
2022-03-24 08:00:00,8,,
2022-03-24 09:00:00,9,,
2022-03-24 10:00:00,10,,
2022-03-24 11:00:00,11,,
2022-03-24 12:00:00,12,,
2022-03-24 13:00:00,13,,
2022-03-24 14:00:00,14,,
2022-03-24 15:00:00,15,,
2022-03-24 16:00:00,16,,
2022-03-24 17:00:00,17,,
2022-03-24 18:00:00,18,,
2022-03-24 19:00:00,19,,
2022-03-24 20:00:00,20,,
2022-03-24 21:00:00,21,,
2022-03-24 22:00:00,22,,
2022-03-24 23:00:00,23,,
2022-03-25 00:00:00,0,,
2022-03-25 01:00:00,1,,
2022-03-25 02:00:00,2,,
2022-03-25 03:00:00,3,,
2022-03-25 04:00:00,4,,
2022-03-25 05:00:00,5,,
2022-03-25 06:00:00,6,,
2022-03-25 07:00:00,7,,
2022-03-25 08:00:00,8,,
2022-03-25 09:00:00,9,,
2022-03-25 10:00:00,10,,
2022-03-25 11:00:00,11,,
2022-03-25 12:00:00,12,,
2022-03-25 13:00:00,13,,
2022-03-25 14:00:00,14,,
2022-03-25 15:00:00,15,,
2022-03-25 16:00:00,16,,
2022-03-25 17:00:00,17,,
2022-03-25 18:00:00,18,,
2022-03-25 19:00:00,19,,
2022-03-25 20:00:00,20,,
2022-03-25 21:00:00,21,,
2022-03-25 22:00:00,22,,
2022-03-25 23:00:00,23,,
2022-03-26 00:00:00,0,,
2022-03-26 01:00:00,1,,
2022-03-26 02:00:00,2,,
2022-03-26 03:00:00,3,,
2022-03-26 04:00:00,4,,
2022-03-26 05:00:00,5,,
2022-03-26 06:00:00,6,,
2022-03-26 07:00:00,7,,
2022-03-26 08:00:00,8,,
2022-03-26 09:00:00,9,,
2022-03-26 10:00:00,10,,
2022-03-26 11:00:00,11,,
2022-03-26 12:00:00,12,,
2022-03-26 13:00:00,13,,
2022-03-26 14:00:00,14,,
2022-03-26 15:00:00,15,,
2022-03-26 16:00:00,16,,
2022-03-26 17:00:00,17,,
2022-03-26 18:00:00,18,,
2022-03-26 19:00:00,19,,
2022-03-26 20:00:00,20,,
2022-03-26 21:00:00,21,,
2022-03-26 22:00:00,22,,
2022-03-26 23:00:00,23,,
2022-03-27 00:00:00,0,,
2022-03-27 01:00:00,1,,
2022-03-27 02:00:00,2,,
2022-03-27 03:00:00,3,,
2022-03-27 04:00:00,4,,
2022-03-27 05:00:00,5,,
2022-03-27 06:00:00,6,,
2022-03-27 07:00:00,7,,
2022-03-27 08:00:00,8,,
2022-03-27 09:00:00,9,,
2022-03-27 10:00:00,10,,
2022-03-27 11:00:00,11,,
2022-03-27 12:00:00,12,,
2022-03-27 13:00:00,13,,
2022-03-27 14:00:00,14,,
2022-03-27 15:00:00,15,,
2022-03-27 16:00:00,16,,
2022-03-27 17:00:00,17,,
2022-03-27 18:00:00,18,,
2022-03-27 19:00:00,19,,
2022-03-27 20:00:00,20,,
2022-03-27 21:00:00,21,,
2022-03-27 22:00:00,22,,
2022-03-27 23:00:00,23,,
2022-03-28 00:00:00,0,,
2022-03-28 01:00:00,1,,
2022-03-28 02:00:00,2,,
2022-03-28 03:00:00,3,,
2022-03-28 04:00:00,4,,
2022-03-28 05:00:00,5,,
2022-03-28 06:00:00,6,,
2022-03-28 07:00:00,7,,
2022-03-28 08:00:00,8,,
2022-03-28 09:00:00,9,,
2022-03-28 10:00:00,10,,
2022-03-28 11:00:00,11,,
2022-03-28 12:00:00,12,,
2022-03-28 13:00:00,13,,
2022-03-28 14:00:00,14,,
2022-03-28 15:00:00,15,,
2022-03-28 16:00:00,16,,
2022-03-28 17:00:00,17,,
2022-03-28 18:00:00,18,,
2022-03-28 19:00:00,19,,
2022-03-28 20:00:00,20,,
2022-03-28 21:00:00,21,,
2022-03-28 22:00:00,22,,
2022-03-28 23:00:00,23,,
2022-03-29 00:00:00,0,,
2022-03-29 01:00:00,1,,
2022-03-29 02:00:00,2,,
2022-03-29 03:00:00,3,,
2022-03-29 04:00:00,4,,
2022-03-29 05:00:00,5,,
2022-03-29 06:00:00,6,,
2022-03-29 07:00:00,7,,
2022-03-29 08:00:00,8,,
2022-03-29 09:00:00,9,,
2022-03-29 10:00:00,10,,
2022-03-29 11:00:00,11,,
2022-03-29 12:00:00,12,,
2022-03-29 13:00:00,13,,
2022-03-29 14:00:00,14,,
2022-03-29 15:00:00,15,,
2022-03-29 16:00:00,16,,
2022-03-29 17:00:00,17,,
2022-03-29 18:00:00,18,,
2022-03-29 19:00:00,19,,
2022-03-29 20:00:00,20,,
2022-03-29 21:00:00,21,,
2022-03-29 22:00:00,22,,
2022-03-29 23:00:00,23,,
2022-03-30 00:00:00,0,,
2022-03-30 01:00:00,1,,
2022-03-30 02:00:00,2,,
2022-03-30 03:00:00,3,,
2022-03-30 04:00:00,4,,
2022-03-30 05:00:00,5,,
2022-03-30 06:00:00,6,,
2022-03-30 07:00:00,7,,
2022-03-30 08:00:00,8,,
2022-03-30 09:00:00,9,,
2022-03-30 10:00:00,10,,
2022-03-30 11:00:00,11,,
2022-03-30 12:00:00,12,,
2022-03-30 13:00:00,13,,
2022-03-30 14:00:00,14,,
2022-03-30 15:00:00,15,,
2022-03-30 16:00:00,16,,
2022-03-30 17:00:00,17,,
2022-03-30 18:00:00,18,,
2022-03-30 19:00:00,19,,
2022-03-30 20:00:00,20,,
2022-03-30 21:00:00,21,,
2022-03-30 22:00:00,22,,
2022-03-30 23:00:00,23,,
2022-03-31 00:00:00,0,,
2022-03-31 01:00:00,1,,
2022-03-31 02:00:00,2,,
2022-03-31 03:00:00,3,,
2022-03-31 04:00:00,4,,
2022-03-31 05:00:00,5,,
2022-03-31 06:00:00,6,,
2022-03-31 07:00:00,7,,
2022-03-31 08:00:00,8,,
2022-03-31 09:00:00,9,,
2022-03-31 10:00:00,10,,
2022-03-31 11:00:00,11,,
2022-03-31 12:00:00,12,,
2022-03-31 13:00:00,13,,
2022-03-31 14:00:00,14,,
2022-03-31 15:00:00,15,,
2022-03-31 16:00:00,16,,
2022-03-31 17:00:00,17,,
2022-03-31 18:00:00,18,,
2022-03-31 19:00:00,19,,
2022-03-31 20:00:00,20,,
2022-03-31 21:00:00,21,,
2022-03-31 22:00:00,22,,
2022-03-31 23:00:00,23,,
2022-04-01 00:00:00,0,,
2022-04-01 01:00:00,1,,
2022-04-01 02:00:00,2,,
2022-04-01 03:00:00,3,,
2022-04-01 04:00:00,4,,
2022-04-01 05:00:00,5,,
2022-04-01 06:00:00,6,,
2022-04-01 07:00:00,7,,
2022-04-01 08:00:00,8,,
2022-04-01 09:00:00,9,,
2022-04-01 10:00:00,10,,
2022-04-01 11:00:00,11,,
2022-04-01 12:00:00,12,,
2022-04-01 13:00:00,13,,
2022-04-01 14:00:00,14,,
2022-04-01 15:00:00,15,,
2022-04-01 16:00:00,16,,
2022-04-01 17:00:00,17,,
2022-04-01 18:00:00,18,,
2022-04-01 19:00:00,19,,
2022-04-01 20:00:00,20,,
2022-04-01 21:00:00,21,,
2022-04-01 22:00:00,22,,
2022-04-01 23:00:00,23,,
2022-04-02 00:00:00,0,,
2022-04-02 01:00:00,1,,
2022-04-02 02:00:00,2,,
2022-04-02 03:00:00,3,,
2022-04-02 04:00:00,4,,
2022-04-02 05:00:00,5,,
2022-04-02 06:00:00,6,,
2022-04-02 07:00:00,7,,
2022-04-02 08:00:00,8,,
2022-04-02 09:00:00,9,,
2022-04-02 10:00:00,10,,
2022-04-02 11:00:00,11,,
2022-04-02 12:00:00,12,,
2022-04-02 13:00:00,13,,
2022-04-02 14:00:00,14,,
2022-04-02 15:00:00,15,,
2022-04-02 16:00:00,16,,
2022-04-02 17:00:00,17,,
2022-04-02 18:00:00,18,,
2022-04-02 19:00:00,19,,
2022-04-02 20:00:00,20,,
2022-04-02 21:00:00,21,,
2022-04-02 22:00:00,22,,
2022-04-02 23:00:00,23,,
2022-04-03 00:00:00,0,,
2022-04-03 01:00:00,1,,
2022-04-03 02:00:00,2,,
2022-04-03 03:00:00,3,,
2022-04-03 04:00:00,4,,
2022-04-03 05:00:00,5,,
2022-04-03 06:00:00,6,,
2022-04-03 07:00:00,7,,
2022-04-03 08:00:00,8,,
2022-04-03 09:00:00,9,,
2022-04-03 10:00:00,10,,
2022-04-03 11:00:00,11,,
2022-04-03 12:00:00,12,,
2022-04-03 13:00:00,13,,
2022-04-03 14:00:00,14,,
2022-04-03 15:00:00,15,,
2022-04-03 16:00:00,16,,
2022-04-03 17:00:00,17,,
2022-04-03 18:00:00,18,,
2022-04-03 19:00:00,19,,
2022-04-03 20:00:00,20,,
2022-04-03 21:00:00,21,,
2022-04-03 22:00:00,22,,
2022-04-03 23:00:00,23,,
2022-04-04 00:00:00,0,,
2022-04-04 01:00:00,1,,
2022-04-04 02:00:00,2,,
2022-04-04 03:00:00,3,,
2022-04-04 04:00:00,4,,
2022-04-04 05:00:00,5,,
2022-04-04 06:00:00,6,,
2022-04-04 07:00:00,7,,
2022-04-04 08:00:00,8,,
2022-04-04 09:00:00,9,,
2022-04-04 10:00:00,10,,
2022-04-04 11:00:00,11,,
2022-04-04 12:00:00,12,,
2022-04-04 13:00:00,13,,
2022-04-04 14:00:00,14,,
2022-04-04 15:00:00,15,,
2022-04-04 16:00:00,16,,
2022-04-04 17:00:00,17,,
2022-04-04 18:00:00,18,,
2022-04-04 19:00:00,19,,
2022-04-04 20:00:00,20,,
2022-04-04 21:00:00,21,,
2022-04-04 22:00:00,22,,
2022-04-04 23:00:00,23,,
2022-04-05 00:00:00,0,,
2022-04-05 01:00:00,1,,
2022-04-05 02:00:00,2,,
2022-04-05 03:00:00,3,,
2022-04-05 04:00:00,4,,
2022-04-05 05:00:00,5,,
2022-04-05 06:00:00,6,,
2022-04-05 07:00:00,7,,
2022-04-05 08:00:00,8,,
2022-04-05 09:00:00,9,,
2022-04-05 10:00:00,10,,
2022-04-05 11:00:00,11,,
2022-04-05 12:00:00,12,,
2022-04-05 13:00:00,13,,
2022-04-05 14:00:00,14,,
2022-04-05 15:00:00,15,,
2022-04-05 16:00:00,16,,
2022-04-05 17:00:00,17,,
2022-04-05 18:00:00,18,,
2022-04-05 19:00:00,19,,
2022-04-05 20:00:00,20,,
2022-04-05 21:00:00,21,,
2022-04-05 22:00:00,22,,
2022-04-05 23:00:00,23,,
2022-04-06 00:00:00,0,,
2022-04-06 01:00:00,1,,
2022-04-06 02:00:00,2,,
2022-04-06 03:00:00,3,,
2022-04-06 04:00:00,4,,
2022-04-06 05:00:00,5,,
2022-04-06 06:00:00,6,,
2022-04-06 07:00:00,7,,
2022-04-06 08:00:00,8,,
2022-04-06 09:00:00,9,,
2022-04-06 10:00:00,10,,
2022-04-06 11:00:00,11,,
2022-04-06 12:00:00,12,,
2022-04-06 13:00:00,13,,
2022-04-06 14:00:00,14,,
2022-04-06 15:00:00,15,,
2022-04-06 16:00:00,16,,
2022-04-06 17:00:00,17,,
2022-04-06 18:00:00,18,,
2022-04-06 19:00:00,19,,
2022-04-06 20:00:00,20,,
2022-04-06 21:00:00,21,,
2022-04-06 22:00:00,22,,
2022-04-06 23:00:00,23,,
2022-04-07 00:00:00,0,,
2022-04-07 01:00:00,1,,
2022-04-07 02:00:00,2,,
2022-04-07 03:00:00,3,,
2022-04-07 04:00:00,4,,
2022-04-07 05:00:00,5,,
2022-04-07 06:00:00,6,,
2022-04-07 07:00:00,7,,
2022-04-07 08:00:00,8,,
2022-04-07 09:00:00,9,,
2022-04-07 10:00:00,10,,
2022-04-07 11:00:00,11,,
2022-04-07 12:00:00,12,,
2022-04-07 13:00:00,13,,
2022-04-07 14:00:00,14,,
2022-04-07 15:00:00,15,,
2022-04-07 16:00:00,16,64.6,0.1
2022-04-07 17:00:00,17,109.7,1.0
2022-04-07 18:00:00,18,996.6,0.9
2022-04-07 19:00:00,19,889.8,1.3
2022-04-07 20:00:00,20,380.1,0.4
2022-04-07 21:00:00,21,100.5,0.1
2022-04-07 22:00:00,22,,0.1
2022-04-07 23:00:00,23,,0.0
2022-04-08 00:00:00,0,,0.0
2022-04-08 01:00:00,1,,0.3
2022-04-08 02:00:00,2,,0.0
2022-04-08 03:00:00,3,,0.0
2022-04-08 04:00:00,4,,0.6
2022-04-08 05:00:00,5,,0.7
2022-04-08 06:00:00,6,,0.8
2022-04-08 07:00:00,7,,0.1
2022-04-08 08:00:00,8,,0.1
2022-04-08 09:00:00,9,,0.1
2022-04-08 10:00:00,10,132.4,0.2
2022-04-08 11:00:00,11,484.1,0.9
2022-04-08 12:00:00,12,983.6,1.0
2022-04-08 13:00:00,13,1605.8,0.2
2022-04-08 14:00:00,14,1027.8,0.1
2022-04-08 15:00:00,15,1833.8,1.4
2022-04-08 16:00:00,16,2787.2,0.8
2022-04-08 17:00:00,17,1194.9,1.4
2022-04-08 18:00:00,18,869.5,1.6
2022-04-08 19:00:00,19,1324.2,1.0
2022-04-08 20:00:00,20,1087.4,0.8
2022-04-08 21:00:00,21,96.5,0.5
2022-04-08 22:00:00,22,,0.6
2022-04-08 23:00:00,23,,0.8
2022-04-09 00:00:00,0,,0.2
2022-04-09 01:00:00,1,,1.0
2022-04-09 02:00:00,2,,0.7
2022-04-09 03:00:00,3,,0.0
2022-04-09 04:00:00,4,,0.0
2022-04-09 05:00:00,5,,0.0
2022-04-09 06:00:00,6,,0.0
2022-04-09 07:00:00,7,,0.0
2022-04-09 08:00:00,8,,0.0
2022-04-09 09:00:00,9,,
2022-04-09 10:00:00,10,175.7,0.0
2022-04-09 11:00:00,11,438.7,0.2
2022-04-09 12:00:00,12,1107.2,0.1
2022-04-09 13:00:00,13,1107.2,1.3
2022-04-09 14:00:00,14,2310.9,1.2
2022-04-09 15:00:00,15,2744.7,1.7
2022-04-09 16:00:00,16,2006.6,0.7
2022-04-09 17:00:00,17,1861.6,1.1
2022-04-09 18:00:00,18,1855.1,2.8
2022-04-09 19:00:00,19,1501.8,0.3
2022-04-09 20:00:00,20,598.6,1.6
2022-04-09 21:00:00,21,110.9,0.4
2022-04-09 22:00:00,22,,0.7
2022-04-09 23:00:00,23,,0.0
2022-04-10 00:00:00,0,,0.1
2022-04-10 01:00:00,1,,0.2
2022-04-10 02:00:00,2,,0.0
2022-04-10 03:00:00,3,,0.0
2022-04-10 04:00:00,4,,2.6
2022-04-10 05:00:00,5,,2.3
2022-04-10 06:00:00,6,,1.1
2022-04-10 07:00:00,7,,0.2
2022-04-10 08:00:00,8,,0.1
2022-04-10 09:00:00,9,,0.0
2022-04-10 10:00:00,10,159.0,0.0
2022-04-10 11:00:00,11,737.1,0.1
2022-04-10 12:00:00,12,1716.2,0.6
2022-04-10 13:00:00,13,2700.5,1.8
2022-04-10 14:00:00,14,2753.1,1.3
2022-04-10 15:00:00,15,2611.3,2.2
2022-04-10 16:00:00,16,1929.7,1.8
2022-04-10 17:00:00,17,2949.1,2.4
2022-04-10 18:00:00,18,1556.2,1.1
2022-04-10 19:00:00,19,630.3,0.9
2022-04-10 20:00:00,20,239.1,1.5
2022-04-10 21:00:00,21,73.8,0.1
2022-04-10 22:00:00,22,,0.0
2022-04-10 23:00:00,23,,0.1
2022-04-11 00:00:00,0,,1.4
2022-04-11 01:00:00,1,,1.0
2022-04-11 02:00:00,2,,0.2
2022-04-11 03:00:00,3,,0.1
2022-04-11 04:00:00,4,,0.1
2022-04-11 05:00:00,5,,0.0
2022-04-11 06:00:00,6,,0.0
2022-04-11 07:00:00,7,,0.0
2022-04-11 08:00:00,8,,0.0
2022-04-11 09:00:00,9,,0.0
2022-04-11 10:00:00,10,144.2,0.1
2022-04-11 11:00:00,11,334.0,0.6
2022-04-11 12:00:00,12,948.7,0.1
2022-04-11 13:00:00,13,1117.9,0.4
2022-04-11 14:00:00,14,866.0,1.1
2022-04-11 15:00:00,15,1198.4,0.1
2022-04-11 16:00:00,16,1211.8,0.1
2022-04-11 17:00:00,17,2824.4,0.4
2022-04-11 18:00:00,18,2625.0,1.8
2022-04-11 19:00:00,19,1844.2,0.9
2022-04-11 20:00:00,20,1054.9,1.6
2022-04-11 21:00:00,21,242.2,1.8
2022-04-11 22:00:00,22,,1.7
2022-04-11 23:00:00,23,,2.2
2022-04-12 00:00:00,0,,1.3
2022-04-12 01:00:00,1,,1.1
2022-04-12 02:00:00,2,,1.4
2022-04-12 03:00:00,3,,0.0
2022-04-12 04:00:00,4,,0.0
2022-04-12 05:00:00,5,,1.1
2022-04-12 06:00:00,6,,0.0
2022-04-12 07:00:00,7,,0.0
2022-04-12 08:00:00,8,,0.7
2022-04-12 09:00:00,9,,0.1
2022-04-12 10:00:00,10,113.5,0.5
2022-04-12 11:00:00,11,627.9,0.1
2022-04-12 12:00:00,12,1156.3,0.5
2022-04-12 13:00:00,13,2355.1,1.0
2022-04-12 14:00:00,14,2633.5,1.8
2022-04-12 15:00:00,15,2879.1,1.7
2022-04-12 16:00:00,16,2542.4,1.6
2022-04-12 17:00:00,17,2164.8,1.7
2022-04-12 18:00:00,18,1278.4,5.1
2022-04-12 19:00:00,19,194.0,0.6
2022-04-12 20:00:00,20,114.2,0.5
2022-04-12 21:00:00,21,47.5,0.2
2022-04-12 22:00:00,22,,0.0
2022-04-12 23:00:00,23,,0.0
2022-04-13 00:00:00,0,,0.5
2022-04-13 01:00:00,1,,0.0
2022-04-13 02:00:00,2,,0.4
2022-04-13 03:00:00,3,,1.1
2022-04-13 04:00:00,4,,0.0
2022-04-13 05:00:00,5,,0.0
2022-04-13 06:00:00,6,,0.2
2022-04-13 07:00:00,7,,0.0
2022-04-13 08:00:00,8,,1.0
2022-04-13 09:00:00,9,0.5,0.3
2022-04-13 10:00:00,10,79.1,0.4
2022-04-13 11:00:00,11,584.3,0.6
2022-04-13 12:00:00,12,1693.4,2.2
2022-04-13 13:00:00,13,1454.9,1.9
2022-04-13 14:00:00,14,2605.2,2.9
2022-04-13 15:00:00,15,2961.9,2.6
2022-04-13 16:00:00,16,3266.9,1.8
2022-04-13 17:00:00,17,2500.6,1.9
2022-04-13 18:00:00,18,2103.3,2.0
2022-04-13 19:00:00,19,1870.2,1.1
2022-04-13 20:00:00,20,1048.8,2.0
2022-04-13 21:00:00,21,209.4,0.1
2022-04-13 22:00:00,22,,0.0
2022-04-13 23:00:00,23,,0.3
2022-04-14 00:00:00,0,,1.1
2022-04-14 01:00:00,1,,0.0
2022-04-14 02:00:00,2,,0.0
2022-04-14 03:00:00,3,,0.3
2022-04-14 04:00:00,4,,0.0
2022-04-14 05:00:00,5,,0.0
2022-04-14 06:00:00,6,,0.4
2022-04-14 07:00:00,7,,0.5
2022-04-14 08:00:00,8,,0.2
2022-04-14 09:00:00,9,,0.0
2022-04-14 10:00:00,10,95.9,0.2
2022-04-14 11:00:00,11,558.1,0.2
2022-04-14 12:00:00,12,696.7,0.8
2022-04-14 13:00:00,13,1041.1,1.8
2022-04-14 14:00:00,14,1506.7,1.4
2022-04-14 15:00:00,15,2679.5,1.0
2022-04-14 16:00:00,16,2806.8,1.4
2022-04-14 17:00:00,17,3052.6,1.2
2022-04-14 18:00:00,18,2548.7,2.3
2022-04-14 19:00:00,19,1961.1,1.5
2022-04-14 20:00:00,20,1488.7,1.8
2022-04-14 21:00:00,21,317.8,0.7
2022-04-14 22:00:00,22,,1.7
2022-04-14 23:00:00,23,,0.0
2022-04-15 00:00:00,0,,0.0
2022-04-15 01:00:00,1,,1.4
2022-04-15 02:00:00,2,,0.0
2022-04-15 03:00:00,3,,0.7
2022-04-15 04:00:00,4,,0.8
2022-04-15 05:00:00,5,,0.3
2022-04-15 06:00:00,6,,0.1
2022-04-15 07:00:00,7,,0.0
2022-04-15 08:00:00,8,,0.0
2022-04-15 09:00:00,9,,0.0
2022-04-15 10:00:00,10,119.6,0.7
2022-04-15 11:00:00,11,406.7,0.9
2022-04-15 12:00:00,12,633.3,1.2
2022-04-15 13:00:00,13,644.1,1.6
2022-04-15 14:00:00,14,3204.2,1.7
2022-04-15 15:00:00,15,1973.9,1.5
2022-04-15 16:00:00,16,3048.9,1.5
2022-04-15 17:00:00,17,2924.6,1.8
2022-04-15 18:00:00,18,2348.4,1.3
2022-04-15 19:00:00,19,1686.7,2.1
2022-04-15 20:00:00,20,1037.3,0.9
2022-04-15 21:00:00,21,206.3,0.2
2022-04-15 22:00:00,22,,0.0
2022-04-15 23:00:00,23,,0.1
2022-04-16 00:00:00,0,,0.0
2022-04-16 01:00:00,1,,0.0
2022-04-16 02:00:00,2,,0.7
2022-04-16 03:00:00,3,,0.0
2022-04-16 04:00:00,4,,0.1
2022-04-16 05:00:00,5,,0.0
2022-04-16 06:00:00,6,,0.0
2022-04-16 07:00:00,7,,1.3
2022-04-16 08:00:00,8,,0.0
2022-04-16 09:00:00,9,,0.0
2022-04-16 10:00:00,10,68.9,0.7
2022-04-16 11:00:00,11,437.6,0.0
2022-04-16 12:00:00,12,879.1,0.7
2022-04-16 13:00:00,13,1178.4,1.9
2022-04-16 14:00:00,14,2270.1,2.4
2022-04-16 15:00:00,15,2613.2,1.9
2022-04-16 16:00:00,16,2472.0,0.7
2022-04-16 17:00:00,17,2025.6,0.9
2022-04-16 18:00:00,18,2401.8,1.2
2022-04-16 19:00:00,19,1677.5,0.7
2022-04-16 20:00:00,20,847.9,0.9
2022-04-16 21:00:00,21,157.9,1.3
2022-04-16 22:00:00,22,,1.6
2022-04-16 23:00:00,23,,2.2
2022-04-17 00:00:00,0,,0.1
2022-04-17 01:00:00,1,,0.2
2022-04-17 02:00:00,2,,0.6
2022-04-17 03:00:00,3,,1.1
2022-04-17 04:00:00,4,,0.0
2022-04-17 05:00:00,5,,0.5
2022-04-17 06:00:00,6,,1.2
2022-04-17 07:00:00,7,,0.8
2022-04-17 08:00:00,8,,0.8
2022-04-17 09:00:00,9,,0.0
2022-04-17 10:00:00,10,74.7,0.0
2022-04-17 11:00:00,11,254.0,0.0
2022-04-17 12:00:00,12,505.1,0.0
2022-04-17 13:00:00,13,290.3,2.0
2022-04-17 14:00:00,14,397.4,0.7
2022-04-17 15:00:00,15,443.8,0.4
2022-04-17 16:00:00,16,627.0,0.6
2022-04-17 17:00:00,17,1462.4,1.2
2022-04-17 18:00:00,18,1983.8,1.1
2022-04-17 19:00:00,19,1806.2,1.3
2022-04-17 20:00:00,20,578.1,3.6
2022-04-17 21:00:00,21,16.6,0.8
2022-04-17 22:00:00,22,,1.5
2022-04-17 23:00:00,23,,0.3
2022-04-18 00:00:00,0,,0.6
2022-04-18 01:00:00,1,,0.0
2022-04-18 02:00:00,2,,0.0
2022-04-18 03:00:00,3,,0.0
2022-04-18 04:00:00,4,,0.0
2022-04-18 05:00:00,5,,0.0
2022-04-18 06:00:00,6,,0.5
2022-04-18 07:00:00,7,,0.8
2022-04-18 08:00:00,8,,0.1
2022-04-18 09:00:00,9,,0.1
2022-04-18 10:00:00,10,59.8,0.0
2022-04-18 11:00:00,11,218.1,0.0
2022-04-18 12:00:00,12,277.6,0.0
2022-04-18 13:00:00,13,652.8,0.4
2022-04-18 14:00:00,14,1962.1,0.7
2022-04-18 15:00:00,15,1828.4,2.0
2022-04-18 16:00:00,16,1107.1,0.1
2022-04-18 17:00:00,17,1365.6,0.0
2022-04-18 18:00:00,18,1982.9,0.2
2022-04-18 19:00:00,19,1118.6,2.0
2022-04-18 20:00:00,20,348.5,0.2
2022-04-18 21:00:00,21,70.8,0.0
2022-04-18 22:00:00,22,,0.0
2022-04-18 23:00:00,23,,0.2
2022-04-19 00:00:00,0,,0.0
2022-04-19 01:00:00,1,,0.0
2022-04-19 02:00:00,2,,0.0
2022-04-19 03:00:00,3,,0.0
2022-04-19 04:00:00,4,,0.0
2022-04-19 05:00:00,5,,0.0
2022-04-19 06:00:00,6,,0.0
2022-04-19 07:00:00,7,,0.0
2022-04-19 08:00:00,8,,0.0
2022-04-19 09:00:00,9,,0.0
2022-04-19 10:00:00,10,134.1,0.0
2022-04-19 11:00:00,11,450.4,0.0
2022-04-19 12:00:00,12,936.5,0.2
2022-04-19 13:00:00,13,1524.4,1.9
2022-04-19 14:00:00,14,1875.8,2.4
2022-04-19 15:00:00,15,1270.7,1.8
2022-04-19 16:00:00,16,2617.7,1.8
2022-04-19 17:00:00,17,1431.4,3.6
2022-04-19 18:00:00,18,1957.0,2.4
2022-04-19 19:00:00,19,1196.5,0.8
2022-04-19 20:00:00,20,627.5,2.0
2022-04-19 21:00:00,21,97.8,2.1
2022-04-19 22:00:00,22,,1.8
2022-04-19 23:00:00,23,,1.6
2022-04-20 00:00:00,0,,0.6
2022-04-20 01:00:00,1,,0.0
2022-04-20 02:00:00,2,,0.0
2022-04-20 03:00:00,3,,0.0
2022-04-20 04:00:00,4,,0.0
2022-04-20 05:00:00,5,,0.0
2022-04-20 06:00:00,6,,0.0
2022-04-20 07:00:00,7,,0.0
2022-04-20 08:00:00,8,,0.0
2022-04-20 09:00:00,9,,0.0
2022-04-20 10:00:00,10,108.9,0.0
2022-04-20 11:00:00,11,474.4,0.1
2022-04-20 12:00:00,12,1516.4,2.7
2022-04-20 13:00:00,13,2232.1,1.8
2022-04-20 14:00:00,14,2682.1,2.3
2022-04-20 15:00:00,15,2467.5,2.2
2022-04-20 16:00:00,16,2799.4,1.9
2022-04-20 17:00:00,17,2382.7,1.9
2022-04-20 18:00:00,18,2175.2,2.1
2022-04-20 19:00:00,19,1814.1,1.8
2022-04-20 20:00:00,20,978.9,0.9
2022-04-20 21:00:00,21,179.3,1.2
2022-04-20 22:00:00,22,,1.1
2022-04-20 23:00:00,23,,1.2
2022-04-21 00:00:00,0,,1.5
2022-04-21 01:00:00,1,,0.0
2022-04-21 02:00:00,2,,0.2
2022-04-21 03:00:00,3,,0.8
2022-04-21 04:00:00,4,,0.0
2022-04-21 05:00:00,5,,0.2
2022-04-21 06:00:00,6,,0.1
2022-04-21 07:00:00,7,,0.4
2022-04-21 08:00:00,8,,0.0
2022-04-21 09:00:00,9,,0.1
2022-04-21 10:00:00,10,82.6,0.0
2022-04-21 11:00:00,11,465.5,0.0
2022-04-21 12:00:00,12,1748.8,2.1
2022-04-21 13:00:00,13,2466.7,1.9
2022-04-21 14:00:00,14,2127.9,2.1
2022-04-21 15:00:00,15,1825.4,1.5
2022-04-21 16:00:00,16,3025.5,1.6
2022-04-21 17:00:00,17,2317.5,1.6
2022-04-21 18:00:00,18,2340.7,1.8
2022-04-21 19:00:00,19,1774.9,1.5
2022-04-21 20:00:00,20,824.3,0.7
2022-04-21 21:00:00,21,232.9,2.7
2022-04-21 22:00:00,22,0.8,0.7
2022-04-21 23:00:00,23,,0.0
2022-04-22 00:00:00,0,,0.2
2022-04-22 01:00:00,1,,0.0
2022-04-22 02:00:00,2,,0.0
2022-04-22 03:00:00,3,,0.0
2022-04-22 04:00:00,4,,0.0
2022-04-22 05:00:00,5,,0.0
2022-04-22 06:00:00,6,,0.0
2022-04-22 07:00:00,7,,0.0
2022-04-22 08:00:00,8,,0.0
2022-04-22 09:00:00,9,0.1,0.0
2022-04-22 10:00:00,10,159.8,0.0
2022-04-22 11:00:00,11,715.6,0.1
2022-04-22 12:00:00,12,1669.5,1.0
2022-04-22 13:00:00,13,1330.8,0.9
2022-04-22 14:00:00,14,2576.5,1.1
2022-04-22 15:00:00,15,2510.1,1.6
2022-04-22 16:00:00,16,2352.9,2.0
2022-04-22 17:00:00,17,2680.0,1.3
2022-04-22 18:00:00,18,2241.0,1.3
2022-04-22 19:00:00,19,1766.5,2.5
2022-04-22 20:00:00,20,1002.7,0.5
2022-04-22 21:00:00,21,174.8,0.7
2022-04-22 22:00:00,22,,0.8
2022-04-22 23:00:00,23,,0.1
2022-04-23 00:00:00,0,,0.0
2022-04-23 01:00:00,1,,0.0
2022-04-23 02:00:00,2,,1.1
2022-04-23 03:00:00,3,,0.9
2022-04-23 04:00:00,4,,1.0
2022-04-23 05:00:00,5,,1.8
2022-04-23 06:00:00,6,,1.8
2022-04-23 07:00:00,7,,0.7
2022-04-23 08:00:00,8,,0.7
2022-04-23 09:00:00,9,,0.2
2022-04-23 10:00:00,10,135.9,0.1
2022-04-23 11:00:00,11,508.2,0.9
2022-04-23 12:00:00,12,1022.5,0.8
2022-04-23 13:00:00,13,1674.0,1.1
2022-04-23 14:00:00,14,3171.6,1.6
2022-04-23 15:00:00,15,2433.6,0.8
2022-04-23 16:00:00,16,2401.5,1.0
2022-04-23 17:00:00,17,2171.6,0.5
2022-04-23 18:00:00,18,1550.1,1.2
2022-04-23 19:00:00,19,580.2,5.0
2022-04-23 20:00:00,20,120.0,0.5
2022-04-23 21:00:00,21,51.8,1.0
2022-04-23 22:00:00,22,,0.6
2022-04-23 23:00:00,23,,0.0
2022-04-24 00:00:00,0,,0.0
2022-04-24 01:00:00,1,,1.5
2022-04-24 02:00:00,2,,1.1
2022-04-24 03:00:00,3,,1.8
2022-04-24 04:00:00,4,,1.3
2022-04-24 05:00:00,5,,0.8
2022-04-24 06:00:00,6,,2.1
2022-04-24 07:00:00,7,,0.2
2022-04-24 08:00:00,8,,0.0
2022-04-24 09:00:00,9,,0.0
2022-04-24 10:00:00,10,126.2,0.0
2022-04-24 11:00:00,11,527.9,0.0
2022-04-24 12:00:00,12,1427.4,0.2
2022-04-24 13:00:00,13,2424.5,0.2
2022-04-24 14:00:00,14,2502.5,0.9
2022-04-24 15:00:00,15,2880.2,1.8
2022-04-24 16:00:00,16,2324.2,1.2
2022-04-24 17:00:00,17,2156.6,1.4
2022-04-24 18:00:00,18,1882.5,1.9
2022-04-24 19:00:00,19,1333.0,1.2
2022-04-24 20:00:00,20,521.5,1.9
2022-04-24 21:00:00,21,126.9,1.1
2022-04-24 22:00:00,22,,0.0
2022-04-24 23:00:00,23,,0.0
2022-04-25 00:00:00,0,,0.0
2022-04-25 01:00:00,1,,0.9
2022-04-25 02:00:00,2,,0.0
2022-04-25 03:00:00,3,,0.0
2022-04-25 04:00:00,4,,0.0
2022-04-25 05:00:00,5,,0.0
2022-04-25 06:00:00,6,,0.0
2022-04-25 07:00:00,7,,0.0
2022-04-25 08:00:00,8,,0.0
2022-04-25 09:00:00,9,,0.2
2022-04-25 10:00:00,10,100.1,0.5
2022-04-25 11:00:00,11,707.4,0.5
2022-04-25 12:00:00,12,1786.8,3.3
2022-04-25 13:00:00,13,2552.6,3.5
2022-04-25 14:00:00,14,3181.8,2.8
2022-04-25 15:00:00,15,3263.8,2.3
2022-04-25 16:00:00,16,2970.5,2.4
2022-04-25 17:00:00,17,2715.2,2.7
2022-04-25 18:00:00,18,2073.8,1.8
2022-04-25 19:00:00,19,1072.7,1.0
2022-04-25 20:00:00,20,912.5,2.1
2022-04-25 21:00:00,21,174.5,1.0
2022-04-25 22:00:00,22,,0.2
2022-04-25 23:00:00,23,,0.6
2022-04-26 00:00:00,0,,0.0
2022-04-26 01:00:00,1,,0.8
2022-04-26 02:00:00,2,,0.0
2022-04-26 03:00:00,3,,0.0
2022-04-26 04:00:00,4,,1.4
2022-04-26 05:00:00,5,,0.0
2022-04-26 06:00:00,6,,0.0
2022-04-26 07:00:00,7,,0.5
2022-04-26 08:00:00,8,,0.0
2022-04-26 09:00:00,9,,0.2
2022-04-26 10:00:00,10,94.9,0.0
2022-04-26 11:00:00,11,923.7,2.2
2022-04-26 12:00:00,12,1803.3,2.7
2022-04-26 13:00:00,13,2581.3,3.9
2022-04-26 14:00:00,14,2858.1,2.2
2022-04-26 15:00:00,15,2711.3,2.3
2022-04-26 16:00:00,16,1485.8,1.9
2022-04-26 17:00:00,17,889.2,2.9
2022-04-26 18:00:00,18,959.1,1.9
2022-04-26 19:00:00,19,822.7,0.6
2022-04-26 20:00:00,20,622.1,1.4
2022-04-26 21:00:00,21,124.4,1.0
2022-04-26 22:00:00,22,,0.5
2022-04-26 23:00:00,23,,0.0
2022-04-27 00:00:00,0,,0.0
2022-04-27 01:00:00,1,,0.4
2022-04-27 02:00:00,2,,0.0
2022-04-27 03:00:00,3,,0.1
2022-04-27 04:00:00,4,,1.0
2022-04-27 05:00:00,5,,0.0
2022-04-27 06:00:00,6,,0.0
2022-04-27 07:00:00,7,,0.0
2022-04-27 08:00:00,8,,0.0
2022-04-27 09:00:00,9,0.9,0.4
2022-04-27 10:00:00,10,135.2,0.0
2022-04-27 11:00:00,11,884.4,0.1
2022-04-27 12:00:00,12,1824.2,2.1
2022-04-27 13:00:00,13,2595.7,2.5
2022-04-27 14:00:00,14,3162.9,2.1
2022-04-27 15:00:00,15,3407.0,3.1
2022-04-27 16:00:00,16,3157.9,2.5
2022-04-27 17:00:00,17,2791.4,2.3
2022-04-27 18:00:00,18,2453.2,2.6
2022-04-27 19:00:00,19,1608.6,1.2
2022-04-27 20:00:00,20,708.8,1.0
2022-04-27 21:00:00,21,142.2,0.5
2022-04-27 22:00:00,22,,0.4
2022-04-27 23:00:00,23,,0.9
2022-04-28 00:00:00,0,,0.2
2022-04-28 01:00:00,1,,0.0
2022-04-28 02:00:00,2,,0.0
2022-04-28 03:00:00,3,,0.1
2022-04-28 04:00:00,4,,0.0
2022-04-28 05:00:00,5,,0.0
2022-04-28 06:00:00,6,,0.1
2022-04-28 07:00:00,7,,0.0
2022-04-28 08:00:00,8,,0.3
2022-04-28 09:00:00,9,,0.1
2022-04-28 10:00:00,10,159.1,0.0
2022-04-28 11:00:00,11,715.2,0.3
2022-04-28 12:00:00,12,1558.4,1.4
2022-04-28 13:00:00,13,2428.2,2.1
2022-04-28 14:00:00,14,3011.3,2.7
2022-04-28 15:00:00,15,3298.9,2.0
2022-04-28 16:00:00,16,2742.8,2.1
2022-04-28 17:00:00,17,2514.1,1.6
2022-04-28 18:00:00,18,2248.7,1.7
2022-04-28 19:00:00,19,1711.6,1.6
2022-04-28 20:00:00,20,860.9,0.6
2022-04-28 21:00:00,21,153.0,1.6
2022-04-28 22:00:00,22,,0.7
2022-04-28 23:00:00,23,,0.5
2022-04-29 00:00:00,0,,0.0
2022-04-29 01:00:00,1,,0.4
2022-04-29 02:00:00,2,,1.1
2022-04-29 03:00:00,3,,0.1
2022-04-29 04:00:00,4,,0.5
2022-04-29 05:00:00,5,,0.0
2022-04-29 06:00:00,6,,0.6
2022-04-29 07:00:00,7,,1.0
2022-04-29 08:00:00,8,,0.2
2022-04-29 09:00:00,9,,0.0
2022-04-29 10:00:00,10,94.8,0.0
2022-04-29 11:00:00,11,912.7,2.0
2022-04-29 12:00:00,12,1772.3,2.7
2022-04-29 13:00:00,13,2615.6,2.2
2022-04-29 14:00:00,14,3043.1,3.1
2022-04-29 15:00:00,15,2900.0,2.2
2022-04-29 16:00:00,16,2969.5,1.9
2022-04-29 17:00:00,17,2681.8,2.0
2022-04-29 18:00:00,18,2074.1,1.2
2022-04-29 19:00:00,19,1500.0,0.9
2022-04-29 20:00:00,20,682.3,0.7
2022-04-29 21:00:00,21,131.9,0.4
2022-04-29 22:00:00,22,,0.1
2022-04-29 23:00:00,23,,0.0
2022-04-30 00:00:00,0,,0.0
2022-04-30 01:00:00,1,,0.2
2022-04-30 02:00:00,2,,0.0
2022-04-30 03:00:00,3,,0.0
2022-04-30 04:00:00,4,,0.0
2022-04-30 05:00:00,5,,0.0
2022-04-30 06:00:00,6,,0.0
2022-04-30 07:00:00,7,,0.0
2022-04-30 08:00:00,8,,0.0
2022-04-30 09:00:00,9,,0.0
2022-04-30 10:00:00,10,179.1,0.4
2022-04-30 11:00:00,11,1041.9,0.4
2022-04-30 12:00:00,12,1220.1,1.5
2022-04-30 13:00:00,13,2275.5,2.6
2022-04-30 14:00:00,14,2734.8,2.1
2022-04-30 15:00:00,15,2741.9,1.6
2022-04-30 16:00:00,16,2937.9,1.8
2022-04-30 17:00:00,17,2433.0,1.7
2022-04-30 18:00:00,18,1792.4,1.7
2022-04-30 19:00:00,19,1575.4,1.4
2022-04-30 20:00:00,20,354.4,1.6
2022-04-30 21:00:00,21,80.0,1.3
2022-04-30 22:00:00,22,,0.3
2022-04-30 23:00:00,23,,0.0
2022-05-01 00:00:00,0,,0.1
2022-05-01 01:00:00,1,,0.2
2022-05-01 02:00:00,2,,0.4
2022-05-01 03:00:00,3,,0.0
2022-05-01 04:00:00,4,,0.0
2022-05-01 05:00:00,5,,0.0
2022-05-01 06:00:00,6,,0.0
2022-05-01 07:00:00,7,,0.0
2022-05-01 08:00:00,8,,1.2
2022-05-01 09:00:00,9,,0.0
2022-05-01 10:00:00,10,92.0,0.0
2022-05-01 11:00:00,11,880.1,1.5
2022-05-01 12:00:00,12,1746.6,3.3
2022-05-01 13:00:00,13,2551.7,2.4
2022-05-01 14:00:00,14,3082.8,2.6
2022-05-01 15:00:00,15,3316.6,2.4
2022-05-01 16:00:00,16,3067.9,2.2
2022-05-01 17:00:00,17,2695.0,1.4
2022-05-01 18:00:00,18,1899.4,1.6
2022-05-01 19:00:00,19,1739.1,1.0
2022-05-01 20:00:00,20,811.4,0.9
2022-05-01 21:00:00,21,142.1,1.2
2022-05-01 22:00:00,22,,1.4
2022-05-01 23:00:00,23,,1.2
2022-05-02 00:00:00,0,,0.0
2022-05-02 01:00:00,1,,1.1
2022-05-02 02:00:00,2,,0.3
2022-05-02 03:00:00,3,,0.0
2022-05-02 04:00:00,4,,0.6
2022-05-02 05:00:00,5,,0.1
2022-05-02 06:00:00,6,,0.0
2022-05-02 07:00:00,7,,0.1
2022-05-02 08:00:00,8,,0.0
2022-05-02 09:00:00,9,,0.0
2022-05-02 10:00:00,10,137.6,0.0
2022-05-02 11:00:00,11,879.0,0.4
2022-05-02 12:00:00,12,1767.8,0.4
2022-05-02 13:00:00,13,2182.5,1.4
2022-05-02 14:00:00,14,2989.9,3.2
2022-05-02 15:00:00,15,2335.8,2.5
2022-05-02 16:00:00,16,3079.3,2.5
2022-05-02 17:00:00,17,2630.8,2.4
2022-05-02 18:00:00,18,2188.9,1.6
2022-05-02 19:00:00,19,1140.1,2.3
2022-05-02 20:00:00,20,678.3,1.7
2022-05-02 21:00:00,21,42.8,1.2
2022-05-02 22:00:00,22,,0.2
2022-05-02 23:00:00,23,,0.0
2022-05-03 00:00:00,0,,0.0
2022-05-03 01:00:00,1,,0.1
2022-05-03 02:00:00,2,,0.0
2022-05-03 03:00:00,3,,0.0
2022-05-03 04:00:00,4,,0.0
2022-05-03 05:00:00,5,,0.0
2022-05-03 06:00:00,6,,0.1
2022-05-03 07:00:00,7,,0.4
2022-05-03 08:00:00,8,,0.5
2022-05-03 09:00:00,9,,0.0
2022-05-03 10:00:00,10,108.4,0.0
2022-05-03 11:00:00,11,499.9,0.0
2022-05-03 12:00:00,12,1524.8,2.3
2022-05-03 13:00:00,13,2382.2,2.2
2022-05-03 14:00:00,14,2472.3,1.6
2022-05-03 15:00:00,15,1780.3,1.5
2022-05-03 16:00:00,16,2453.9,2.0
2022-05-03 17:00:00,17,2038.4,2.1
2022-05-03 18:00:00,18,2310.1,1.6
2022-05-03 19:00:00,19,1488.7,2.2
2022-05-03 20:00:00,20,772.3,1.0
2022-05-03 21:00:00,21,68.9,0.8
2022-05-03 22:00:00,22,,1.1
2022-05-03 23:00:00,23,,0.0
2022-05-04 00:00:00,0,,0.0
2022-05-04 01:00:00,1,,0.2
2022-05-04 02:00:00,2,,0.0
2022-05-04 03:00:00,3,0.4,4.9
2022-05-04 04:00:00,4,,0.1
2022-05-04 05:00:00,5,,0.6
2022-05-04 06:00:00,6,,0.0
2022-05-04 07:00:00,7,,0.3
2022-05-04 08:00:00,8,,0.0
2022-05-04 09:00:00,9,,0.0
2022-05-04 10:00:00,10,171.4,0.9
2022-05-04 11:00:00,11,620.2,0.6
2022-05-04 12:00:00,12,1753.0,0.2
2022-05-04 13:00:00,13,2572.6,1.4
2022-05-04 14:00:00,14,1858.1,1.8
2022-05-04 15:00:00,15,2417.7,2.4
2022-05-04 16:00:00,16,2011.2,0.9
2022-05-04 17:00:00,17,1521.3,0.8
2022-05-04 18:00:00,18,2429.6,1.1
2022-05-04 19:00:00,19,1641.9,1.0
2022-05-04 20:00:00,20,359.4,0.5
2022-05-04 21:00:00,21,17.2,0.5
2022-05-04 22:00:00,22,,0.5
2022-05-04 23:00:00,23,,0.2
2022-05-05 00:00:00,0,,0.0
2022-05-05 01:00:00,1,,0.0
2022-05-05 02:00:00,2,,1.1
2022-05-05 03:00:00,3,,0.0
2022-05-05 04:00:00,4,,0.0
2022-05-05 05:00:00,5,,0.0
2022-05-05 06:00:00,6,,0.8
2022-05-05 07:00:00,7,,0.0
2022-05-05 08:00:00,8,,0.8
2022-05-05 09:00:00,9,,0.0
2022-05-05 10:00:00,10,101.0,1.5
2022-05-05 11:00:00,11,420.5,0.3
2022-05-05 12:00:00,12,1110.8,0.1
2022-05-05 13:00:00,13,1418.0,1.0
2022-05-05 14:00:00,14,1783.9,0.7
2022-05-05 15:00:00,15,2654.5,1.6
2022-05-05 16:00:00,16,2239.3,1.4
2022-05-05 17:00:00,17,2195.9,0.9
2022-05-05 18:00:00,18,1681.8,2.0
2022-05-05 19:00:00,19,1679.8,0.7
2022-05-05 20:00:00,20,878.3,1.5
2022-05-05 21:00:00,21,134.8,1.2
2022-05-05 22:00:00,22,,3.2
2022-05-05 23:00:00,23,,0.0
2022-05-06 00:00:00,0,,0.0
2022-05-06 01:00:00,1,,0.0
2022-05-06 02:00:00,2,,0.5
2022-05-06 03:00:00,3,,0.5
2022-05-06 04:00:00,4,,0.0
2022-05-06 05:00:00,5,,0.0
2022-05-06 06:00:00,6,,0.8
2022-05-06 07:00:00,7,,1.0
2022-05-06 08:00:00,8,,0.0
2022-05-06 09:00:00,9,,1.4
2022-05-06 10:00:00,10,110.4,1.3
2022-05-06 11:00:00,11,655.1,0.4
2022-05-06 12:00:00,12,1726.4,0.7
2022-05-06 13:00:00,13,2519.0,1.5
2022-05-06 14:00:00,14,2867.0,2.8
2022-05-06 15:00:00,15,2642.0,1.4
2022-05-06 16:00:00,16,2113.2,1.6
2022-05-06 17:00:00,17,2046.8,1.4
2022-05-06 18:00:00,18,1853.3,2.1
2022-05-06 19:00:00,19,1705.7,1.2
2022-05-06 20:00:00,20,860.7,0.9
2022-05-06 21:00:00,21,105.5,1.3
2022-05-06 22:00:00,22,,1.6
2022-05-06 23:00:00,23,,0.0
2022-05-07 00:00:00,0,,0.2
2022-05-07 01:00:00,1,,0.1
2022-05-07 02:00:00,2,,0.0
2022-05-07 03:00:00,3,,0.8
2022-05-07 04:00:00,4,,0.5
2022-05-07 05:00:00,5,,0.0
2022-05-07 06:00:00,6,,0.2
2022-05-07 07:00:00,7,,1.2
2022-05-07 08:00:00,8,,0.0
2022-05-07 09:00:00,9,,0.6
2022-05-07 10:00:00,10,115.9,0.0
2022-05-07 11:00:00,11,587.7,0.5
2022-05-07 12:00:00,12,1766.0,1.0
2022-05-07 13:00:00,13,1330.5,2.3
2022-05-07 14:00:00,14,2492.8,2.7
2022-05-07 15:00:00,15,2726.5,2.7
2022-05-07 16:00:00,16,2561.6,2.3
2022-05-07 17:00:00,17,2217.2,1.4
2022-05-07 18:00:00,18,2150.8,0.9
2022-05-07 19:00:00,19,1441.3,1.3
2022-05-07 20:00:00,20,851.9,0.9
2022-05-07 21:00:00,21,89.9,1.7
2022-05-07 22:00:00,22,,0.5
2022-05-07 23:00:00,23,,1.0
2022-05-08 00:00:00,0,,0.1
2022-05-08 01:00:00,1,,0.0
2022-05-08 02:00:00,2,,0.2
2022-05-08 03:00:00,3,,0.2
2022-05-08 04:00:00,4,,0.0
2022-05-08 05:00:00,5,,0.8
2022-05-08 06:00:00,6,,1.1
2022-05-08 07:00:00,7,,0.0
2022-05-08 08:00:00,8,,0.0
2022-05-08 09:00:00,9,,0.0
2022-05-08 10:00:00,10,129.1,0.0
2022-05-08 11:00:00,11,439.1,0.1
2022-05-08 12:00:00,12,1718.2,0.6
2022-05-08 13:00:00,13,2432.9,2.3
2022-05-08 14:00:00,14,2497.4,3.2
2022-05-08 15:00:00,15,2702.4,1.9
2022-05-08 16:00:00,16,2534.1,2.2
2022-05-08 17:00:00,17,1880.8,1.5
2022-05-08 18:00:00,18,2191.5,1.8
2022-05-08 19:00:00,19,1575.3,1.3
2022-05-08 20:00:00,20,593.0,0.2
2022-05-08 21:00:00,21,89.4,0.4
2022-05-08 22:00:00,22,,0.3
2022-05-08 23:00:00,23,,0.0
2022-05-09 00:00:00,0,,0.2
2022-05-09 01:00:00,1,,0.0
2022-05-09 02:00:00,2,,1.3
2022-05-09 03:00:00,3,,0.0
2022-05-09 04:00:00,4,,0.9
2022-05-09 05:00:00,5,,0.0
2022-05-09 06:00:00,6,,0.9
2022-05-09 07:00:00,7,,1.2
2022-05-09 08:00:00,8,,1.6
2022-05-09 09:00:00,9,,0.8
2022-05-09 10:00:00,10,71.2,0.3
2022-05-09 11:00:00,11,408.6,1.0
2022-05-09 12:00:00,12,641.2,0.3
2022-05-09 13:00:00,13,876.1,1.4
2022-05-09 14:00:00,14,1253.8,1.9
2022-05-09 15:00:00,15,945.1,1.3
2022-05-09 16:00:00,16,1151.0,1.9
2022-05-09 17:00:00,17,1357.3,1.2
2022-05-09 18:00:00,18,1411.6,1.3
2022-05-09 19:00:00,19,1431.4,2.0
2022-05-09 20:00:00,20,392.8,0.8
2022-05-09 21:00:00,21,72.2,0.1
2022-05-09 22:00:00,22,,0.0
2022-05-09 23:00:00,23,,0.0
2022-05-10 00:00:00,0,,0.0
2022-05-10 01:00:00,1,,0.9
2022-05-10 02:00:00,2,,0.0
2022-05-10 03:00:00,3,,0.1
2022-05-10 04:00:00,4,,0.0
2022-05-10 05:00:00,5,,0.0
2022-05-10 06:00:00,6,,0.0
2022-05-10 07:00:00,7,,0.0
2022-05-10 08:00:00,8,,0.0
2022-05-10 09:00:00,9,,0.0
2022-05-10 10:00:00,10,89.3,0.2
2022-05-10 11:00:00,11,578.9,0.0
2022-05-10 12:00:00,12,1670.2,2.2
2022-05-10 13:00:00,13,2383.3,3.0
2022-05-10 14:00:00,14,1569.5,2.0
2022-05-10 15:00:00,15,2263.2,1.6
2022-05-10 16:00:00,16,1198.0,1.3
2022-05-10 17:00:00,17,1584.1,1.6
2022-05-10 18:00:00,18,1329.9,0.8
2022-05-10 19:00:00,19,1422.3,0.4
2022-05-10 20:00:00,20,256.5,1.7
2022-05-10 21:00:00,21,60.4,0.0
2022-05-10 22:00:00,22,,0.0
2022-05-10 23:00:00,23,,1.0
2022-05-11 00:00:00,0,,0.0
2022-05-11 01:00:00,1,,0.1
2022-05-11 02:00:00,2,,0.8
2022-05-11 03:00:00,3,,1.8
2022-05-11 04:00:00,4,,0.0
2022-05-11 05:00:00,5,,0.0
2022-05-11 06:00:00,6,,0.3
2022-05-11 07:00:00,7,,0.0
2022-05-11 08:00:00,8,,0.0
2022-05-11 09:00:00,9,0.2,0.3
2022-05-11 10:00:00,10,81.2,0.1
2022-05-11 11:00:00,11,496.6,0.7
2022-05-11 12:00:00,12,593.3,2.0
2022-05-11 13:00:00,13,1653.1,1.9
2022-05-11 14:00:00,14,1732.1,1.1
2022-05-11 15:00:00,15,827.3,0.4
2022-05-11 16:00:00,16,1677.7,1.1
2022-05-11 17:00:00,17,1447.7,1.4
2022-05-11 18:00:00,18,1466.2,2.6
2022-05-11 19:00:00,19,920.4,0.7
2022-05-11 20:00:00,20,471.1,1.3
2022-05-11 21:00:00,21,48.2,1.1
2022-05-11 22:00:00,22,,0.6
2022-05-11 23:00:00,23,,0.1
2022-05-12 00:00:00,0,,0.0
2022-05-12 01:00:00,1,,0.1
2022-05-12 02:00:00,2,,0.3
2022-05-12 03:00:00,3,,0.0
2022-05-12 04:00:00,4,,0.1
2022-05-12 05:00:00,5,,0.1
2022-05-12 06:00:00,6,,0.4
2022-05-12 07:00:00,7,,0.0
2022-05-12 08:00:00,8,,0.0
2022-05-12 09:00:00,9,,0.1
2022-05-12 10:00:00,10,136.1,0.0
2022-05-12 11:00:00,11,664.2,1.6
2022-05-12 12:00:00,12,1663.8,0.8
2022-05-12 13:00:00,13,2174.4,0.5
2022-05-12 14:00:00,14,1524.5,0.7
2022-05-12 15:00:00,15,2209.8,1.0
2022-05-12 16:00:00,16,1653.7,1.2
2022-05-12 17:00:00,17,1963.7,2.1
2022-05-12 18:00:00,18,1619.3,1.0
2022-05-12 19:00:00,19,1581.1,1.3
2022-05-12 20:00:00,20,437.6,2.1
2022-05-12 21:00:00,21,62.7,0.8
2022-05-12 22:00:00,22,,0.0
2022-05-12 23:00:00,23,,1.1
2022-05-13 00:00:00,0,,0.3
2022-05-13 01:00:00,1,,0.0
2022-05-13 02:00:00,2,,0.0
2022-05-13 03:00:00,3,,0.2
2022-05-13 04:00:00,4,,0.0
2022-05-13 05:00:00,5,,0.0
2022-05-13 06:00:00,6,,0.0
2022-05-13 07:00:00,7,,0.0
2022-05-13 08:00:00,8,,0.6
2022-05-13 09:00:00,9,,0.7
2022-05-13 10:00:00,10,81.5,0.1
2022-05-13 11:00:00,11,289.5,0.3
2022-05-13 12:00:00,12,1090.4,0.6
2022-05-13 13:00:00,13,1666.4,0.7
2022-05-13 14:00:00,14,2262.5,1.6
2022-05-13 15:00:00,15,2655.3,1.4
2022-05-13 16:00:00,16,2403.4,2.7
2022-05-13 17:00:00,17,2418.5,1.2
2022-05-13 18:00:00,18,2042.7,1.7
2022-05-13 19:00:00,19,946.4,5.8
2022-05-13 20:00:00,20,239.2,1.1
2022-05-13 21:00:00,21,37.2,0.6
2022-05-13 22:00:00,22,,0.1
2022-05-13 23:00:00,23,,0.0
2022-05-14 00:00:00,0,,0.0
2022-05-14 01:00:00,1,,0.0
2022-05-14 02:00:00,2,,0.0
2022-05-14 03:00:00,3,,0.7
2022-05-14 04:00:00,4,,0.6
2022-05-14 05:00:00,5,,0.0
2022-05-14 06:00:00,6,,0.3
2022-05-14 07:00:00,7,,0.7
2022-05-14 08:00:00,8,,1.1
2022-05-14 09:00:00,9,,1.0
2022-05-14 10:00:00,10,136.8,0.0
2022-05-14 11:00:00,11,741.6,1.0
2022-05-14 12:00:00,12,1310.9,1.2
2022-05-14 13:00:00,13,2363.2,3.3
2022-05-14 14:00:00,14,2540.9,3.5
2022-05-14 15:00:00,15,3091.7,2.9
2022-05-14 16:00:00,16,2689.7,2.6
2022-05-14 17:00:00,17,2214.2,2.5
2022-05-14 18:00:00,18,2264.4,2.2
2022-05-14 19:00:00,19,1624.9,2.3
2022-05-14 20:00:00,20,845.1,1.9
2022-05-14 21:00:00,21,79.7,0.9
2022-05-14 22:00:00,22,,0.1
2022-05-14 23:00:00,23,,0.0
2022-05-15 00:00:00,0,,0.5
2022-05-15 01:00:00,1,,0.9
2022-05-15 02:00:00,2,,0.2
2022-05-15 03:00:00,3,,0.1
2022-05-15 04:00:00,4,,0.0
2022-05-15 05:00:00,5,,0.1
2022-05-15 06:00:00,6,,0.1
2022-05-15 07:00:00,7,,0.0
2022-05-15 08:00:00,8,,0.0
2022-05-15 09:00:00,9,,0.0
2022-05-15 10:00:00,10,103.9,0.2
2022-05-15 11:00:00,11,501.6,0.0
2022-05-15 12:00:00,12,1110.1,0.1
2022-05-15 13:00:00,13,1973.2,2.4
2022-05-15 14:00:00,14,2153.1,1.9
2022-05-15 15:00:00,15,2020.9,1.6
2022-05-15 16:00:00,16,2213.4,2.2
2022-05-15 17:00:00,17,1452.5,1.3
2022-05-15 18:00:00,18,1093.4,1.3
2022-05-15 19:00:00,19,690.7,1.0
2022-05-15 20:00:00,20,291.7,3.0
2022-05-15 21:00:00,21,50.0,0.9
2022-05-15 22:00:00,22,,0.0
2022-05-15 23:00:00,23,,0.1
2022-05-16 00:00:00,0,,0.0
2022-05-16 01:00:00,1,,0.0
2022-05-16 02:00:00,2,,0.0
2022-05-16 03:00:00,3,,0.0
2022-05-16 04:00:00,4,,0.2
2022-05-16 05:00:00,5,,0.4
2022-05-16 06:00:00,6,,0.0
2022-05-16 07:00:00,7,,0.1
2022-05-16 08:00:00,8,,0.0
2022-05-16 09:00:00,9,,0.0
2022-05-16 10:00:00,10,126.3,0.0
2022-05-16 11:00:00,11,523.9,0.0
2022-05-16 12:00:00,12,1115.3,0.6
2022-05-16 13:00:00,13,1572.7,2.1
2022-05-16 14:00:00,14,2560.5,2.5
2022-05-16 15:00:00,15,2111.2,1.8
2022-05-16 16:00:00,16,1433.3,2.5
2022-05-16 17:00:00,17,1330.0,2.3
2022-05-16 18:00:00,18,1457.7,2.2
2022-05-16 19:00:00,19,964.8,1.9
2022-05-16 20:00:00,20,539.2,0.8
2022-05-16 21:00:00,21,90.2,0.0
2022-05-16 22:00:00,22,,0.2
2022-05-16 23:00:00,23,,1.5
2022-05-17 00:00:00,0,,0.0
2022-05-17 01:00:00,1,,0.1
2022-05-17 02:00:00,2,,0.6
2022-05-17 03:00:00,3,,0.0
2022-05-17 04:00:00,4,,0.7
2022-05-17 05:00:00,5,,0.6
2022-05-17 06:00:00,6,,0.0
2022-05-17 07:00:00,7,,1.8
2022-05-17 08:00:00,8,,0.0
2022-05-17 09:00:00,9,,0.0
2022-05-17 10:00:00,10,140.5,0.1
2022-05-17 11:00:00,11,605.7,0.0
2022-05-17 12:00:00,12,1297.5,0.1
2022-05-17 13:00:00,13,2274.3,1.2
2022-05-17 14:00:00,14,1816.1,2.0
2022-05-17 15:00:00,15,1861.2,1.0
2022-05-17 16:00:00,16,1841.6,1.1
2022-05-17 17:00:00,17,1598.7,1.0
2022-05-17 18:00:00,18,969.7,0.4
2022-05-17 19:00:00,19,773.6,0.5
2022-05-17 20:00:00,20,663.3,0.5
2022-05-17 21:00:00,21,74.6,0.5
2022-05-17 22:00:00,22,,0.0
2022-05-17 23:00:00,23,,0.2
2022-05-18 00:00:00,0,,1.7
2022-05-18 01:00:00,1,,0.0
2022-05-18 02:00:00,2,,0.3
2022-05-18 03:00:00,3,,0.0
2022-05-18 04:00:00,4,,0.0
2022-05-18 05:00:00,5,,0.0
2022-05-18 06:00:00,6,,0.0
2022-05-18 07:00:00,7,,0.0
2022-05-18 08:00:00,8,,0.0
2022-05-18 09:00:00,9,,0.0
2022-05-18 10:00:00,10,146.0,0.3
2022-05-18 11:00:00,11,477.3,0.5
2022-05-18 12:00:00,12,1583.5,0.5
2022-05-18 13:00:00,13,2305.4,0.9
2022-05-18 14:00:00,14,2799.1,1.7
2022-05-18 15:00:00,15,2453.1,1.8
2022-05-18 16:00:00,16,2312.1,0.9
2022-05-18 17:00:00,17,2457.7,2.4
2022-05-18 18:00:00,18,2023.8,1.1
2022-05-18 19:00:00,19,1597.6,1.8
2022-05-18 20:00:00,20,667.3,0.4
2022-05-18 21:00:00,21,46.2,0.7
2022-05-18 22:00:00,22,,0.1
2022-05-18 23:00:00,23,,0.0
2022-05-19 00:00:00,0,,0.0
2022-05-19 01:00:00,1,,1.0
2022-05-19 02:00:00,2,,0.9
2022-05-19 03:00:00,3,,0.8
2022-05-19 04:00:00,4,,0.0
2022-05-19 05:00:00,5,,0.8
2022-05-19 06:00:00,6,,0.4
2022-05-19 07:00:00,7,,0.8
2022-05-19 08:00:00,8,,0.5
2022-05-19 09:00:00,9,,0.1
2022-05-19 10:00:00,10,102.0,0.1
2022-05-19 11:00:00,11,331.2,0.4
2022-05-19 12:00:00,12,1357.7,1.5
2022-05-19 13:00:00,13,1150.3,1.5
2022-05-19 14:00:00,14,1511.6,1.4
2022-05-19 15:00:00,15,2771.9,1.5
2022-05-19 16:00:00,16,2319.0,1.7
2022-05-19 17:00:00,17,2165.0,1.5
2022-05-19 18:00:00,18,1753.2,1.5
2022-05-19 19:00:00,19,1510.8,2.7
2022-05-19 20:00:00,20,613.1,0.5
2022-05-19 21:00:00,21,75.5,4.0
2022-05-19 22:00:00,22,,2.1
2022-05-19 23:00:00,23,,0.5
2022-05-20 00:00:00,0,,1.1
2022-05-20 01:00:00,1,,0.0
2022-05-20 02:00:00,2,,0.7
2022-05-20 03:00:00,3,,0.0
2022-05-20 04:00:00,4,,0.4
2022-05-20 05:00:00,5,,0.0
2022-05-20 06:00:00,6,,0.5
2022-05-20 07:00:00,7,,0.0
2022-05-20 08:00:00,8,,0.1
2022-05-20 09:00:00,9,,0.7
2022-05-20 10:00:00,10,84.0,0.0
2022-05-20 11:00:00,11,463.8,0.8
2022-05-20 12:00:00,12,757.5,1.2
2022-05-20 13:00:00,13,614.9,1.0
2022-05-20 14:00:00,14,1025.5,1.0
2022-05-20 15:00:00,15,1746.0,1.2
2022-05-20 16:00:00,16,1479.0,1.1
2022-05-20 17:00:00,17,1557.3,1.3
2022-05-20 18:00:00,18,1094.5,1.1
2022-05-20 19:00:00,19,1140.2,1.3
2022-05-20 20:00:00,20,652.1,1.1
2022-05-20 21:00:00,21,141.5,1.1
2022-05-20 22:00:00,22,,0.1
2022-05-20 23:00:00,23,,0.6
2022-05-21 00:00:00,0,,0.4
2022-05-21 01:00:00,1,,0.0
2022-05-21 02:00:00,2,,0.0
2022-05-21 03:00:00,3,,0.4
2022-05-21 04:00:00,4,,0.0
2022-05-21 05:00:00,5,,0.5
2022-05-21 06:00:00,6,,0.6
2022-05-21 07:00:00,7,,0.0
2022-05-21 08:00:00,8,,1.1
2022-05-21 09:00:00,9,,0.0
2022-05-21 10:00:00,10,80.9,0.0
2022-05-21 11:00:00,11,209.7,0.0
2022-05-21 12:00:00,12,374.1,0.5
2022-05-21 13:00:00,13,634.9,0.0
2022-05-21 14:00:00,14,777.5,0.3
2022-05-21 15:00:00,15,433.3,1.4
2022-05-21 16:00:00,16,429.0,1.2
2022-05-21 17:00:00,17,737.0,0.8
2022-05-21 18:00:00,18,1153.6,0.9
2022-05-21 19:00:00,19,929.0,0.9
2022-05-21 20:00:00,20,327.4,0.0
2022-05-21 21:00:00,21,68.1,0.0
2022-05-21 22:00:00,22,,0.0
2022-05-21 23:00:00,23,,0.0
2022-05-22 00:00:00,0,,0.0
2022-05-22 01:00:00,1,,0.0
2022-05-22 02:00:00,2,,0.0
2022-05-22 03:00:00,3,,0.1
2022-05-22 04:00:00,4,,0.0
2022-05-22 05:00:00,5,,0.0
2022-05-22 06:00:00,6,,0.1
2022-05-22 07:00:00,7,,0.0
2022-05-22 08:00:00,8,,0.0
2022-05-22 09:00:00,9,,0.0
2022-05-22 10:00:00,10,95.6,0.1
2022-05-22 11:00:00,11,390.2,2.1
2022-05-22 12:00:00,12,1707.9,2.6
2022-05-22 13:00:00,13,2363.7,2.1
2022-05-22 14:00:00,14,2917.6,2.3
2022-05-22 15:00:00,15,3062.9,2.1
2022-05-22 16:00:00,16,1863.8,1.4
2022-05-22 17:00:00,17,1623.9,1.2
2022-05-22 18:00:00,18,2235.9,0.9
2022-05-22 19:00:00,19,1380.2,0.6
2022-05-22 20:00:00,20,451.3,1.7
2022-05-22 21:00:00,21,108.5,1.7
2022-05-22 22:00:00,22,,1.6
2022-05-22 23:00:00,23,,0.9
2022-05-23 00:00:00,0,,0.1
2022-05-23 01:00:00,1,,0.0
2022-05-23 02:00:00,2,,0.3
2022-05-23 03:00:00,3,,0.0
2022-05-23 04:00:00,4,,0.0
2022-05-23 05:00:00,5,,0.5
2022-05-23 06:00:00,6,,0.0
2022-05-23 07:00:00,7,,0.0
2022-05-23 08:00:00,8,,0.0
2022-05-23 09:00:00,9,,0.2
2022-05-23 10:00:00,10,72.8,0.4
2022-05-23 11:00:00,11,359.4,2.2
2022-05-23 12:00:00,12,1738.9,2.3
2022-05-23 13:00:00,13,2439.6,2.3
2022-05-23 14:00:00,14,2880.0,2.4
2022-05-23 15:00:00,15,3068.5,1.9
2022-05-23 16:00:00,16,2632.1,1.8
2022-05-23 17:00:00,17,2054.7,2.2
2022-05-23 18:00:00,18,1396.4,1.7
2022-05-23 19:00:00,19,1211.2,1.7
2022-05-23 20:00:00,20,814.7,1.6
2022-05-23 21:00:00,21,107.1,1.2
2022-05-23 22:00:00,22,,0.4
2022-05-23 23:00:00,23,,0.0
2022-05-24 00:00:00,0,,0.8
2022-05-24 01:00:00,1,,0.0
2022-05-24 02:00:00,2,,0.1
2022-05-24 03:00:00,3,,1.0
2022-05-24 04:00:00,4,,0.9
2022-05-24 05:00:00,5,,0.1
2022-05-24 06:00:00,6,,0.0
2022-05-24 07:00:00,7,,0.1
2022-05-24 08:00:00,8,,0.2
2022-05-24 09:00:00,9,,0.2
2022-05-24 10:00:00,10,144.6,0.0
2022-05-24 11:00:00,11,474.3,0.9
2022-05-24 12:00:00,12,1853.7,2.0
2022-05-24 13:00:00,13,2424.1,3.2
2022-05-24 14:00:00,14,2792.1,2.9
2022-05-24 15:00:00,15,3000.1,2.4
2022-05-24 16:00:00,16,2429.7,2.9
2022-05-24 17:00:00,17,2276.9,2.2
2022-05-24 18:00:00,18,2079.5,1.9
2022-05-24 19:00:00,19,1117.0,1.5
2022-05-24 20:00:00,20,819.9,1.3
2022-05-24 21:00:00,21,102.2,0.9
2022-05-24 22:00:00,22,,1.3
2022-05-24 23:00:00,23,,0.9
2022-05-25 00:00:00,0,,0.3
2022-05-25 01:00:00,1,,0.8
2022-05-25 02:00:00,2,,0.6
2022-05-25 03:00:00,3,,0.0
2022-05-25 04:00:00,4,,1.0
2022-05-25 05:00:00,5,,0.0
2022-05-25 06:00:00,6,,0.0
2022-05-25 07:00:00,7,,0.0
2022-05-25 08:00:00,8,,0.0
2022-05-25 09:00:00,9,,0.2
2022-05-25 10:00:00,10,69.3,0.2
2022-05-25 11:00:00,11,354.4,0.9
2022-05-25 12:00:00,12,924.2,1.9
2022-05-25 13:00:00,13,2117.9,2.2
2022-05-25 14:00:00,14,2524.5,3.3
2022-05-25 15:00:00,15,2322.0,2.5
2022-05-25 16:00:00,16,2613.2,2.2
2022-05-25 17:00:00,17,2203.9,2.6
2022-05-25 18:00:00,18,2048.5,3.1
2022-05-25 19:00:00,19,913.1,1.9
2022-05-25 20:00:00,20,422.7,0.5
2022-05-25 21:00:00,21,60.4,0.1
2022-05-25 22:00:00,22,,1.0
2022-05-25 23:00:00,23,,0.0
2022-05-26 00:00:00,0,,0.0
2022-05-26 01:00:00,1,,0.0
2022-05-26 02:00:00,2,,0.0
2022-05-26 03:00:00,3,,0.0
2022-05-26 04:00:00,4,,0.0
2022-05-26 05:00:00,5,,1.9
2022-05-26 06:00:00,6,,2.2
2022-05-26 07:00:00,7,,3.1
2022-05-26 08:00:00,8,,2.5
2022-05-26 09:00:00,9,,3.0
2022-05-26 10:00:00,10,89.0,2.6
2022-05-26 11:00:00,11,481.3,3.6
2022-05-26 12:00:00,12,1521.8,3.2
2022-05-26 13:00:00,13,2019.6,3.3
2022-05-26 14:00:00,14,2260.6,3.1
2022-05-26 15:00:00,15,1489.5,2.4
2022-05-26 16:00:00,16,1731.2,2.1
2022-05-26 17:00:00,17,1760.1,1.9
2022-05-26 18:00:00,18,1059.2,1.9
2022-05-26 19:00:00,19,707.7,1.3
2022-05-26 20:00:00,20,485.9,1.1
2022-05-26 21:00:00,21,60.7,0.7
2022-05-26 22:00:00,22,,0.7
2022-05-26 23:00:00,23,,0.6
2022-05-27 00:00:00,0,,0.0
2022-05-27 01:00:00,1,,2.9
2022-05-27 02:00:00,2,,1.7
2022-05-27 03:00:00,3,,0.4
2022-05-27 04:00:00,4,,0.0
2022-05-27 05:00:00,5,,0.0
2022-05-27 06:00:00,6,,0.5
2022-05-27 07:00:00,7,,0.6
2022-05-27 08:00:00,8,,0.3
2022-05-27 09:00:00,9,,0.0
2022-05-27 10:00:00,10,107.8,0.9
2022-05-27 11:00:00,11,384.7,3.5
2022-05-27 12:00:00,12,1028.8,3.5
2022-05-27 13:00:00,13,1791.4,4.0
2022-05-27 14:00:00,14,2833.2,3.7
2022-05-27 15:00:00,15,2993.5,2.8
2022-05-27 16:00:00,16,1932.8,2.2
2022-05-27 17:00:00,17,1498.3,2.5
2022-05-27 18:00:00,18,1448.4,1.5
2022-05-27 19:00:00,19,1210.7,2.3
2022-05-27 20:00:00,20,789.8,1.7
2022-05-27 21:00:00,21,108.0,0.6
2022-05-27 22:00:00,22,,0.3
2022-05-27 23:00:00,23,,0.0
2022-05-28 00:00:00,0,,0.0
2022-05-28 01:00:00,1,,0.0
2022-05-28 02:00:00,2,,0.4
2022-05-28 03:00:00,3,,0.6
2022-05-28 04:00:00,4,,0.5
2022-05-28 05:00:00,5,,0.0
2022-05-28 06:00:00,6,,0.5
2022-05-28 07:00:00,7,,0.8
2022-05-28 08:00:00,8,,0.3
2022-05-28 09:00:00,9,,0.0
2022-05-28 10:00:00,10,110.5,0.2
2022-05-28 11:00:00,11,471.9,2.2
2022-05-28 12:00:00,12,1515.3,3.2
2022-05-28 13:00:00,13,2379.4,3.1
2022-05-28 14:00:00,14,2834.8,2.7
2022-05-28 15:00:00,15,3046.7,2.6
2022-05-28 16:00:00,16,2670.4,2.8
2022-05-28 17:00:00,17,2138.9,2.3
2022-05-28 18:00:00,18,1911.4,2.0
2022-05-28 19:00:00,19,1531.6,2.4
2022-05-28 20:00:00,20,831.0,1.4
2022-05-28 21:00:00,21,83.5,0.9
2022-05-28 22:00:00,22,,0.7
2022-05-28 23:00:00,23,,0.0
2022-05-29 00:00:00,0,,0.0
2022-05-29 01:00:00,1,,0.0
2022-05-29 02:00:00,2,,1.1
2022-05-29 03:00:00,3,,0.0
2022-05-29 04:00:00,4,,0.0
2022-05-29 05:00:00,5,,1.1
2022-05-29 06:00:00,6,,0.0
2022-05-29 07:00:00,7,,0.0
2022-05-29 08:00:00,8,,0.0
2022-05-29 09:00:00,9,,0.0
2022-05-29 10:00:00,10,66.2,0.2
2022-05-29 11:00:00,11,356.6,0.1
2022-05-29 12:00:00,12,1646.7,1.6
2022-05-29 13:00:00,13,2354.3,3.2
2022-05-29 14:00:00,14,2795.8,2.0
2022-05-29 15:00:00,15,3020.4,3.3
2022-05-29 16:00:00,16,2446.4,2.6
2022-05-29 17:00:00,17,1632.6,2.1
2022-05-29 18:00:00,18,1798.6,2.6
2022-05-29 19:00:00,19,1212.6,1.6
2022-05-29 20:00:00,20,513.7,1.2
2022-05-29 21:00:00,21,75.0,0.8
2022-05-29 22:00:00,22,,0.5
2022-05-29 23:00:00,23,,0.0
2022-05-30 00:00:00,0,,0.0
2022-05-30 01:00:00,1,,1.0
2022-05-30 02:00:00,2,,0.0
2022-05-30 03:00:00,3,,1.2
2022-05-30 04:00:00,4,,0.3
2022-05-30 05:00:00,5,,0.0
2022-05-30 06:00:00,6,,0.8
2022-05-30 07:00:00,7,,0.7
2022-05-30 08:00:00,8,,0.0
2022-05-30 09:00:00,9,,0.9
2022-05-30 10:00:00,10,69.0,0.0
2022-05-30 11:00:00,11,330.9,0.2
2022-05-30 12:00:00,12,1664.5,0.5
2022-05-30 13:00:00,13,2170.1,0.8
2022-05-30 14:00:00,14,2358.6,1.7
2022-05-30 15:00:00,15,2578.3,2.8
2022-05-30 16:00:00,16,2240.5,2.2
2022-05-30 17:00:00,17,2159.8,2.3
2022-05-30 18:00:00,18,2087.0,1.6
2022-05-30 19:00:00,19,1384.2,1.7
2022-05-30 20:00:00,20,788.6,0.7
2022-05-30 21:00:00,21,99.0,0.8
2022-05-30 22:00:00,22,,1.5
2022-05-30 23:00:00,23,,0.0
2022-05-31 00:00:00,0,,0.2
2022-05-31 01:00:00,1,,0.1
2022-05-31 02:00:00,2,,0.0
2022-05-31 03:00:00,3,,0.0
2022-05-31 04:00:00,4,,0.4
2022-05-31 05:00:00,5,,0.1
2022-05-31 06:00:00,6,,0.0
2022-05-31 07:00:00,7,,1.1
2022-05-31 08:00:00,8,,1.6
2022-05-31 09:00:00,9,,0.1
2022-05-31 10:00:00,10,74.6,0.0
2022-05-31 11:00:00,11,308.4,0.1
2022-05-31 12:00:00,12,1353.0,0.9
2022-05-31 13:00:00,13,2226.1,1.8
2022-05-31 14:00:00,14,2131.3,2.4
2022-05-31 15:00:00,15,1644.7,1.5
2022-05-31 16:00:00,16,1660.2,1.8
2022-05-31 17:00:00,17,1525.0,2.2
2022-05-31 18:00:00,18,1486.0,1.7
2022-05-31 19:00:00,19,1062.7,1.9
2022-05-31 20:00:00,20,558.6,0.6
2022-05-31 21:00:00,21,85.0,0.3
2022-05-31 22:00:00,22,,0.2
2022-05-31 23:00:00,23,,0.5
2022-06-01 00:00:00,0,,0.0
2022-06-01 01:00:00,1,,0.0
2022-06-01 02:00:00,2,,0.3
2022-06-01 03:00:00,3,,1.4
2022-06-01 04:00:00,4,,3.1
2022-06-01 05:00:00,5,,2.1
2022-06-01 06:00:00,6,,0.5
2022-06-01 07:00:00,7,,0.0
2022-06-01 08:00:00,8,,0.0
2022-06-01 09:00:00,9,,0.7
2022-06-01 10:00:00,10,112.6,0.3
2022-06-01 11:00:00,11,349.8,1.7
2022-06-01 12:00:00,12,1590.3,1.8
2022-06-01 13:00:00,13,2252.5,3.4
2022-06-01 14:00:00,14,1478.4,2.2
2022-06-01 15:00:00,15,1590.5,2.2
2022-06-01 16:00:00,16,2227.3,2.2
2022-06-01 17:00:00,17,808.8,2.0
2022-06-01 18:00:00,18,1680.8,1.4
2022-06-01 19:00:00,19,470.9,2.4
2022-06-01 20:00:00,20,127.1,0.1
2022-06-01 21:00:00,21,56.3,2.1
2022-06-01 22:00:00,22,,0.3
2022-06-01 23:00:00,23,,0.0
2022-06-02 00:00:00,0,,0.0
2022-06-02 01:00:00,1,,0.0
2022-06-02 02:00:00,2,,0.1
2022-06-02 03:00:00,3,,1.3
2022-06-02 04:00:00,4,,0.1
2022-06-02 05:00:00,5,,0.3
2022-06-02 06:00:00,6,,0.5
2022-06-02 07:00:00,7,,0.0
2022-06-02 08:00:00,8,,0.1
2022-06-02 09:00:00,9,,0.0
2022-06-02 10:00:00,10,111.1,0.2
2022-06-02 11:00:00,11,480.3,0.2
2022-06-02 12:00:00,12,1542.9,0.6
2022-06-02 13:00:00,13,2057.1,2.2
2022-06-02 14:00:00,14,2889.7,2.2
2022-06-02 15:00:00,15,2380.2,2.5
2022-06-02 16:00:00,16,2770.5,1.6
2022-06-02 17:00:00,17,1734.4,1.3
2022-06-02 18:00:00,18,1246.3,1.9
2022-06-02 19:00:00,19,1493.8,0.6
2022-06-02 20:00:00,20,447.2,0.4
2022-06-02 21:00:00,21,122.0,0.8
2022-06-02 22:00:00,22,,0.4
2022-06-02 23:00:00,23,,0.0
2022-06-03 00:00:00,0,,0.0
2022-06-03 01:00:00,1,,0.0
2022-06-03 02:00:00,2,,0.0
2022-06-03 03:00:00,3,,0.1
2022-06-03 04:00:00,4,,0.0
2022-06-03 05:00:00,5,,0.3
2022-06-03 06:00:00,6,,0.8
2022-06-03 07:00:00,7,,0.2
2022-06-03 08:00:00,8,,0.5
2022-06-03 09:00:00,9,,0.0
2022-06-03 10:00:00,10,96.3,0.1
2022-06-03 11:00:00,11,497.4,1.5
2022-06-03 12:00:00,12,701.6,0.9
2022-06-03 13:00:00,13,2329.8,1.6
2022-06-03 14:00:00,14,1767.7,1.5
2022-06-03 15:00:00,15,2706.3,1.5
2022-06-03 16:00:00,16,1566.0,1.3
2022-06-03 17:00:00,17,1679.7,1.3
2022-06-03 18:00:00,18,1518.2,0.9
2022-06-03 19:00:00,19,1180.2,1.4
2022-06-03 20:00:00,20,432.8,4.2
2022-06-03 21:00:00,21,33.1,0.1
2022-06-03 22:00:00,22,,0.2
2022-06-03 23:00:00,23,,0.4
2022-06-04 00:00:00,0,,0.0
2022-06-04 01:00:00,1,,0.0
2022-06-04 02:00:00,2,,0.0
2022-06-04 03:00:00,3,,0.0
2022-06-04 04:00:00,4,,0.0
2022-06-04 05:00:00,5,,1.5
2022-06-04 06:00:00,6,,3.2
2022-06-04 07:00:00,7,,1.3
2022-06-04 08:00:00,8,,0.0
2022-06-04 09:00:00,9,,0.4
2022-06-04 10:00:00,10,47.4,0.0
2022-06-04 11:00:00,11,261.7,0.0
2022-06-04 12:00:00,12,1021.8,0.1
2022-06-04 13:00:00,13,1078.5,1.2
2022-06-04 14:00:00,14,2216.9,3.2
2022-06-04 15:00:00,15,2630.9,3.0
2022-06-04 16:00:00,16,2163.5,1.6
2022-06-04 17:00:00,17,2335.8,1.5
2022-06-04 18:00:00,18,1309.3,1.5
2022-06-04 19:00:00,19,662.7,1.2
2022-06-04 20:00:00,20,389.3,0.1
2022-06-04 21:00:00,21,106.4,0.2
2022-06-04 22:00:00,22,,0.4
2022-06-04 23:00:00,23,,0.3
2022-06-05 00:00:00,0,,1.4
2022-06-05 01:00:00,1,,0.2
2022-06-05 02:00:00,2,,1.3
2022-06-05 03:00:00,3,,0.2
2022-06-05 04:00:00,4,,1.0
2022-06-05 05:00:00,5,,0.1
2022-06-05 06:00:00,6,,0.2
2022-06-05 07:00:00,7,,0.0
2022-06-05 08:00:00,8,,0.7
2022-06-05 09:00:00,9,,0.0
2022-06-05 10:00:00,10,91.0,0.0
2022-06-05 11:00:00,11,355.8,0.1
2022-06-05 12:00:00,12,964.6,1.2
2022-06-05 13:00:00,13,1353.1,2.8
2022-06-05 14:00:00,14,2026.2,3.4
2022-06-05 15:00:00,15,3047.3,3.1
2022-06-05 16:00:00,16,2573.5,3.8
2022-06-05 17:00:00,17,1903.0,2.9
2022-06-05 18:00:00,18,1870.3,3.4
2022-06-05 19:00:00,19,1520.1,3.0
2022-06-05 20:00:00,20,806.7,3.0
2022-06-05 21:00:00,21,105.5,1.3
2022-06-05 22:00:00,22,,0.2
2022-06-05 23:00:00,23,,0.0
2022-06-06 00:00:00,0,,0.0
2022-06-06 01:00:00,1,,0.0
2022-06-06 02:00:00,2,,0.2
2022-06-06 03:00:00,3,,0.4
2022-06-06 04:00:00,4,,1.2
2022-06-06 05:00:00,5,,0.5
2022-06-06 06:00:00,6,,1.5
2022-06-06 07:00:00,7,,0.7
2022-06-06 08:00:00,8,,1.8
2022-06-06 09:00:00,9,,1.5
2022-06-06 10:00:00,10,92.4,2.2
2022-06-06 11:00:00,11,332.5,3.1
2022-06-06 12:00:00,12,1046.2,3.9
2022-06-06 13:00:00,13,2017.6,3.5
2022-06-06 14:00:00,14,2919.7,2.9
2022-06-06 15:00:00,15,2466.7,2.6
2022-06-06 16:00:00,16,1688.9,2.3
2022-06-06 17:00:00,17,1385.1,2.6
2022-06-06 18:00:00,18,912.8,1.7
2022-06-06 19:00:00,19,530.2,1.2
2022-06-06 20:00:00,20,267.1,1.0
2022-06-06 21:00:00,21,34.6,0.9
2022-06-06 22:00:00,22,,0.6
2022-06-06 23:00:00,23,,0.8
2022-06-07 00:00:00,0,,1.3
2022-06-07 01:00:00,1,,0.0
2022-06-07 02:00:00,2,,0.3
2022-06-07 03:00:00,3,,0.0
2022-06-07 04:00:00,4,,0.1
2022-06-07 05:00:00,5,,0.2
2022-06-07 06:00:00,6,,0.0
2022-06-07 07:00:00,7,,0.2
2022-06-07 08:00:00,8,,0.0
2022-06-07 09:00:00,9,,0.0
2022-06-07 10:00:00,10,70.1,0.4
2022-06-07 11:00:00,11,286.7,0.9
2022-06-07 12:00:00,12,1643.6,3.7
2022-06-07 13:00:00,13,2375.9,2.7
2022-06-07 14:00:00,14,2836.8,2.2
2022-06-07 15:00:00,15,3017.3,2.4
2022-06-07 16:00:00,16,2552.4,2.2
2022-06-07 17:00:00,17,2073.9,2.6
2022-06-07 18:00:00,18,2062.1,2.1
2022-06-07 19:00:00,19,1533.2,1.2
2022-06-07 20:00:00,20,746.6,2.1
2022-06-07 21:00:00,21,84.5,1.1
2022-06-07 22:00:00,22,,1.4
2022-06-07 23:00:00,23,,1.1
2022-06-08 00:00:00,0,,0.0
2022-06-08 01:00:00,1,,0.0
2022-06-08 02:00:00,2,,0.1
2022-06-08 03:00:00,3,,0.8
2022-06-08 04:00:00,4,,0.4
2022-06-08 05:00:00,5,,0.0
2022-06-08 06:00:00,6,,1.0
2022-06-08 07:00:00,7,,0.9
2022-06-08 08:00:00,8,,0.6
2022-06-08 09:00:00,9,,0.0
2022-06-08 10:00:00,10,95.2,0.0
2022-06-08 11:00:00,11,357.7,0.4
2022-06-08 12:00:00,12,1428.8,0.9
2022-06-08 13:00:00,13,2427.6,1.7
2022-06-08 14:00:00,14,2866.0,1.8
2022-06-08 15:00:00,15,2407.7,1.5
2022-06-08 16:00:00,16,1626.7,0.9
2022-06-08 17:00:00,17,2193.0,2.1
2022-06-08 18:00:00,18,1467.8,3.2
2022-06-08 19:00:00,19,1393.8,2.6
2022-06-08 20:00:00,20,682.9,2.4
2022-06-08 21:00:00,21,114.5,1.3
2022-06-08 22:00:00,22,,1.2
2022-06-08 23:00:00,23,,0.1
2022-06-09 00:00:00,0,,0.7
2022-06-09 01:00:00,1,,1.0
2022-06-09 02:00:00,2,,0.0
2022-06-09 03:00:00,3,,0.0
2022-06-09 04:00:00,4,,0.0
2022-06-09 05:00:00,5,,0.0
2022-06-09 06:00:00,6,,0.0
2022-06-09 07:00:00,7,,0.9
2022-06-09 08:00:00,8,,0.0
2022-06-09 09:00:00,9,,0.2
2022-06-09 10:00:00,10,92.2,0.0
2022-06-09 11:00:00,11,258.9,0.7
2022-06-09 12:00:00,12,1329.8,0.5
2022-06-09 13:00:00,13,1775.3,1.9
2022-06-09 14:00:00,14,2797.0,3.2
2022-06-09 15:00:00,15,2952.5,2.9
2022-06-09 16:00:00,16,1507.8,2.0
2022-06-09 17:00:00,17,2043.5,2.3
2022-06-09 18:00:00,18,1999.7,2.0
2022-06-09 19:00:00,19,1521.6,1.9
2022-06-09 20:00:00,20,767.4,1.5
2022-06-09 21:00:00,21,108.6,1.7
2022-06-09 22:00:00,22,,1.3
2022-06-09 23:00:00,23,,0.0
2022-06-10 00:00:00,0,,0.0
2022-06-10 01:00:00,1,,0.1
2022-06-10 02:00:00,2,,0.9
2022-06-10 03:00:00,3,,0.0
2022-06-10 04:00:00,4,,0.0
2022-06-10 05:00:00,5,,0.7
2022-06-10 06:00:00,6,,0.0
2022-06-10 07:00:00,7,,0.0
2022-06-10 08:00:00,8,,0.0
2022-06-10 09:00:00,9,,0.0
2022-06-10 10:00:00,10,44.6,0.0
2022-06-10 11:00:00,11,394.7,0.1
2022-06-10 12:00:00,12,867.7,0.3
2022-06-10 13:00:00,13,2291.7,1.8
2022-06-10 14:00:00,14,1490.4,1.3
2022-06-10 15:00:00,15,2274.2,1.9
2022-06-10 16:00:00,16,1825.5,1.8
2022-06-10 17:00:00,17,1982.5,1.7
2022-06-10 18:00:00,18,1506.4,1.5
2022-06-10 19:00:00,19,1547.5,1.3
2022-06-10 20:00:00,20,667.1,0.6
2022-06-10 21:00:00,21,95.2,0.2
2022-06-10 22:00:00,22,,0.0
2022-06-10 23:00:00,23,,0.0
2022-06-11 00:00:00,0,,0.0
2022-06-11 01:00:00,1,,0.0
2022-06-11 02:00:00,2,,1.2
2022-06-11 03:00:00,3,,1.0
2022-06-11 04:00:00,4,,0.0
2022-06-11 05:00:00,5,,0.5
2022-06-11 06:00:00,6,,0.3
2022-06-11 07:00:00,7,,0.4
2022-06-11 08:00:00,8,,0.1
2022-06-11 09:00:00,9,,0.0
2022-06-11 10:00:00,10,135.2,0.1
2022-06-11 11:00:00,11,390.4,0.1
2022-06-11 12:00:00,12,1543.7,1.6
2022-06-11 13:00:00,13,2067.0,2.5
2022-06-11 14:00:00,14,2068.8,1.8
2022-06-11 15:00:00,15,1994.5,2.5
2022-06-11 16:00:00,16,2075.8,2.1
2022-06-11 17:00:00,17,1604.3,1.4
2022-06-11 18:00:00,18,1671.6,1.8
2022-06-11 19:00:00,19,613.5,1.1
2022-06-11 20:00:00,20,436.5,0.7
2022-06-11 21:00:00,21,87.0,1.1
2022-06-11 22:00:00,22,,0.3
2022-06-11 23:00:00,23,,1.8
2022-06-12 00:00:00,0,,0.0
2022-06-12 01:00:00,1,,0.8
2022-06-12 02:00:00,2,,1.3
2022-06-12 03:00:00,3,,0.0
2022-06-12 04:00:00,4,,0.0
2022-06-12 05:00:00,5,,0.0
2022-06-12 06:00:00,6,,0.0
2022-06-12 07:00:00,7,,0.0
2022-06-12 08:00:00,8,,0.1
2022-06-12 09:00:00,9,,0.0
2022-06-12 10:00:00,10,79.9,0.0
2022-06-12 11:00:00,11,337.4,0.5
2022-06-12 12:00:00,12,1581.3,1.3
2022-06-12 13:00:00,13,2329.1,1.4
2022-06-12 14:00:00,14,2554.0,2.1
2022-06-12 15:00:00,15,2338.3,1.3
2022-06-12 16:00:00,16,2214.7,2.4
2022-06-12 17:00:00,17,1721.1,3.4
2022-06-12 18:00:00,18,392.5,1.2
2022-06-12 19:00:00,19,1507.7,2.4
2022-06-12 20:00:00,20,559.4,0.1
2022-06-12 21:00:00,21,51.5,1.2
2022-06-12 22:00:00,22,,1.2
2022-06-12 23:00:00,23,,0.9
2022-06-13 00:00:00,0,,1.2
2022-06-13 01:00:00,1,,0.7
2022-06-13 02:00:00,2,,0.0
2022-06-13 03:00:00,3,,0.3
2022-06-13 04:00:00,4,,1.2
2022-06-13 05:00:00,5,,0.0
2022-06-13 06:00:00,6,,0.1
2022-06-13 07:00:00,7,,0.1
2022-06-13 08:00:00,8,,1.6
2022-06-13 09:00:00,9,0.2,1.5
2022-06-13 10:00:00,10,266.1,0.9
2022-06-13 11:00:00,11,657.1,0.2
2022-06-13 12:00:00,12,1788.4,1.0
2022-06-13 13:00:00,13,2382.3,1.0
2022-06-13 14:00:00,14,2678.8,0.8
2022-06-13 15:00:00,15,2776.4,1.4
2022-06-13 16:00:00,16,2734.0,2.0
2022-06-13 17:00:00,17,2117.4,2.0
2022-06-13 18:00:00,18,1905.8,1.4
2022-06-13 19:00:00,19,715.9,4.7
2022-06-13 20:00:00,20,182.9,0.0
2022-06-13 21:00:00,21,44.9,0.3
2022-06-13 22:00:00,22,,0.0
2022-06-13 23:00:00,23,,0.0
2022-06-14 00:00:00,0,,0.0
2022-06-14 01:00:00,1,,0.0
2022-06-14 02:00:00,2,,0.0
2022-06-14 03:00:00,3,,0.0
2022-06-14 04:00:00,4,,0.0
2022-06-14 05:00:00,5,,0.2
2022-06-14 06:00:00,6,,0.1
2022-06-14 07:00:00,7,,0.0
2022-06-14 08:00:00,8,,0.7
2022-06-14 09:00:00,9,0.0,0.4
2022-06-14 10:00:00,10,54.6,0.2
2022-06-14 11:00:00,11,215.2,1.1
2022-06-14 12:00:00,12,578.2,1.0
2022-06-14 13:00:00,13,711.6,0.7
2022-06-14 14:00:00,14,637.7,0.9
2022-06-14 15:00:00,15,1854.8,2.7
2022-06-14 16:00:00,16,2518.6,2.5
2022-06-14 17:00:00,17,1548.8,2.2
2022-06-14 18:00:00,18,1842.1,2.4
2022-06-14 19:00:00,19,1536.0,1.7
2022-06-14 20:00:00,20,843.0,1.7
2022-06-14 21:00:00,21,96.7,1.5
2022-06-14 22:00:00,22,,1.1
2022-06-14 23:00:00,23,,1.8
2022-06-15 00:00:00,0,,0.0
2022-06-15 01:00:00,1,,0.0
2022-06-15 02:00:00,2,,1.6
2022-06-15 03:00:00,3,,0.0
2022-06-15 04:00:00,4,,0.8
2022-06-15 05:00:00,5,,0.7
2022-06-15 06:00:00,6,,0.0
2022-06-15 07:00:00,7,,0.8
2022-06-15 08:00:00,8,,0.0
2022-06-15 09:00:00,9,,0.0
2022-06-15 10:00:00,10,80.7,0.0
2022-06-15 11:00:00,11,381.7,0.0
2022-06-15 12:00:00,12,1636.3,2.3
2022-06-15 13:00:00,13,2051.8,2.9
2022-06-15 14:00:00,14,1220.0,3.1
2022-06-15 15:00:00,15,2371.3,2.6
2022-06-15 16:00:00,16,2389.8,2.6
2022-06-15 17:00:00,17,1760.7,2.5
2022-06-15 18:00:00,18,2116.8,1.6
2022-06-15 19:00:00,19,1500.9,2.2
2022-06-15 20:00:00,20,545.2,1.6
2022-06-15 21:00:00,21,126.2,0.8
2022-06-15 22:00:00,22,,0.3
2022-06-15 23:00:00,23,,0.1
2022-06-16 00:00:00,0,,0.4
2022-06-16 01:00:00,1,,0.0
2022-06-16 02:00:00,2,,0.0
2022-06-16 03:00:00,3,,0.0
2022-06-16 04:00:00,4,,0.0
2022-06-16 05:00:00,5,,0.7
2022-06-16 06:00:00,6,,0.2
2022-06-16 07:00:00,7,,0.0
2022-06-16 08:00:00,8,,0.0
2022-06-16 09:00:00,9,,0.1
2022-06-16 10:00:00,10,106.3,0.0
2022-06-16 11:00:00,11,448.5,1.5
2022-06-16 12:00:00,12,1152.7,4.2
2022-06-16 13:00:00,13,2246.9,4.0
2022-06-16 14:00:00,14,2849.6,2.8
2022-06-16 15:00:00,15,2808.1,3.3
2022-06-16 16:00:00,16,2499.2,1.6
2022-06-16 17:00:00,17,2137.2,2.6
2022-06-16 18:00:00,18,1854.6,2.2
2022-06-16 19:00:00,19,1467.5,2.1
2022-06-16 20:00:00,20,724.3,1.9
2022-06-16 21:00:00,21,62.0,1.4
2022-06-16 22:00:00,22,,1.1
2022-06-16 23:00:00,23,,0.0
2022-06-17 00:00:00,0,,0.4
2022-06-17 01:00:00,1,,0.8
2022-06-17 02:00:00,2,,0.4
2022-06-17 03:00:00,3,,1.1
2022-06-17 04:00:00,4,,0.0
2022-06-17 05:00:00,5,,0.5
2022-06-17 06:00:00,6,,0.0
2022-06-17 07:00:00,7,,0.0
2022-06-17 08:00:00,8,,0.3
2022-06-17 09:00:00,9,,0.0
2022-06-17 10:00:00,10,69.8,0.1
2022-06-17 11:00:00,11,377.6,0.2
2022-06-17 12:00:00,12,1581.6,1.4
2022-06-17 13:00:00,13,2358.3,1.7
2022-06-17 14:00:00,14,2815.9,2.1
2022-06-17 15:00:00,15,3007.9,1.8
2022-06-17 16:00:00,16,2491.7,1.2
2022-06-17 17:00:00,17,2148.7,1.5
2022-06-17 18:00:00,18,1768.6,1.1
2022-06-17 19:00:00,19,1282.2,1.3
2022-06-17 20:00:00,20,827.6,1.5
2022-06-17 21:00:00,21,100.0,1.3
2022-06-17 22:00:00,22,,1.0
2022-06-17 23:00:00,23,,0.6
2022-06-18 00:00:00,0,,0.0
2022-06-18 01:00:00,1,,0.6
2022-06-18 02:00:00,2,,0.4
2022-06-18 03:00:00,3,,0.0
2022-06-18 04:00:00,4,,0.0
2022-06-18 05:00:00,5,,0.2
2022-06-18 06:00:00,6,,0.4
2022-06-18 07:00:00,7,,0.0
2022-06-18 08:00:00,8,,0.0
2022-06-18 09:00:00,9,,0.0
2022-06-18 10:00:00,10,63.9,0.0
2022-06-18 11:00:00,11,288.4,0.2
2022-06-18 12:00:00,12,1581.9,0.8
2022-06-18 13:00:00,13,2341.4,2.1
2022-06-18 14:00:00,14,2821.3,1.7
2022-06-18 15:00:00,15,2771.7,1.8
2022-06-18 16:00:00,16,2364.9,0.9
2022-06-18 17:00:00,17,1690.7,1.3
2022-06-18 18:00:00,18,1609.2,0.9
2022-06-18 19:00:00,19,1485.5,1.9
2022-06-18 20:00:00,20,715.4,0.5
2022-06-18 21:00:00,21,98.4,0.9
2022-06-18 22:00:00,22,,1.7
2022-06-18 23:00:00,23,,0.0
2022-06-19 00:00:00,0,,1.0
2022-06-19 01:00:00,1,,0.0
2022-06-19 02:00:00,2,,1.3
2022-06-19 03:00:00,3,,1.0
2022-06-19 04:00:00,4,,0.0
2022-06-19 05:00:00,5,,1.3
2022-06-19 06:00:00,6,,0.0
2022-06-19 07:00:00,7,,0.5
2022-06-19 08:00:00,8,,0.7
2022-06-19 09:00:00,9,,0.2
2022-06-19 10:00:00,10,64.7,0.1
2022-06-19 11:00:00,11,327.5,0.1
2022-06-19 12:00:00,12,1313.7,1.0
2022-06-19 13:00:00,13,2333.5,1.4
2022-06-19 14:00:00,14,1090.3,0.7
2022-06-19 15:00:00,15,1667.5,1.6
2022-06-19 16:00:00,16,2283.0,2.1
2022-06-19 17:00:00,17,2044.5,2.5
2022-06-19 18:00:00,18,1902.8,2.1
2022-06-19 19:00:00,19,1628.1,1.6
2022-06-19 20:00:00,20,831.3,0.9
2022-06-19 21:00:00,21,99.8,0.4
2022-06-19 22:00:00,22,,0.5
2022-06-19 23:00:00,23,,0.6
2022-06-20 00:00:00,0,,0.1
2022-06-20 01:00:00,1,,0.0
2022-06-20 02:00:00,2,,0.7
2022-06-20 03:00:00,3,,0.0
2022-06-20 04:00:00,4,,1.2
2022-06-20 05:00:00,5,,0.0
2022-06-20 06:00:00,6,,0.0
2022-06-20 07:00:00,7,,0.0
2022-06-20 08:00:00,8,,1.6
2022-06-20 09:00:00,9,,0.3
2022-06-20 10:00:00,10,55.4,0.0
2022-06-20 11:00:00,11,257.4,0.7
2022-06-20 12:00:00,12,1605.9,3.2
2022-06-20 13:00:00,13,2350.8,1.9
2022-06-20 14:00:00,14,2840.4,3.0
2022-06-20 15:00:00,15,3012.5,3.4
2022-06-20 16:00:00,16,2479.4,2.2
2022-06-20 17:00:00,17,2030.9,2.1
2022-06-20 18:00:00,18,2044.5,1.5
2022-06-20 19:00:00,19,1600.1,1.1
2022-06-20 20:00:00,20,871.6,1.7
2022-06-20 21:00:00,21,114.5,1.1
2022-06-20 22:00:00,22,,0.3
2022-06-20 23:00:00,23,,1.2
2022-06-21 00:00:00,0,,0.0
2022-06-21 01:00:00,1,,1.5
2022-06-21 02:00:00,2,,0.6
2022-06-21 03:00:00,3,,0.5
2022-06-21 04:00:00,4,,0.1
2022-06-21 05:00:00,5,,0.0
2022-06-21 06:00:00,6,,0.0
2022-06-21 07:00:00,7,,0.0
2022-06-21 08:00:00,8,,0.0
2022-06-21 09:00:00,9,,0.0
2022-06-21 10:00:00,10,63.2,0.0
2022-06-21 11:00:00,11,394.4,0.1
2022-06-21 12:00:00,12,1416.2,2.1
2022-06-21 13:00:00,13,2306.1,3.7
2022-06-21 14:00:00,14,2117.4,3.3
2022-06-21 15:00:00,15,2039.8,3.8
2022-06-21 16:00:00,16,1802.0,3.2
2022-06-21 17:00:00,17,1707.0,2.7
2022-06-21 18:00:00,18,1504.8,2.3
2022-06-21 19:00:00,19,1377.3,2.0
2022-06-21 20:00:00,20,424.4,0.9
2022-06-21 21:00:00,21,68.4,0.3
2022-06-21 22:00:00,22,,0.0
2022-06-21 23:00:00,23,,0.0
2022-06-22 00:00:00,0,,1.0
2022-06-22 01:00:00,1,,2.8
2022-06-22 02:00:00,2,,0.0
2022-06-22 03:00:00,3,,0.5
2022-06-22 04:00:00,4,,0.2
2022-06-22 05:00:00,5,,0.0
2022-06-22 06:00:00,6,,0.0
2022-06-22 07:00:00,7,,0.0
2022-06-22 08:00:00,8,,0.9
2022-06-22 09:00:00,9,,1.5
2022-06-22 10:00:00,10,51.8,1.5
2022-06-22 11:00:00,11,296.3,2.3
2022-06-22 12:00:00,12,1431.4,3.8
2022-06-22 13:00:00,13,2353.2,3.2
2022-06-22 14:00:00,14,2838.2,2.6
2022-06-22 15:00:00,15,2620.5,2.8
2022-06-22 16:00:00,16,2341.3,3.1
2022-06-22 17:00:00,17,1869.7,2.4
2022-06-22 18:00:00,18,1786.3,2.5
2022-06-22 19:00:00,19,1043.6,0.7
2022-06-22 20:00:00,20,851.0,0.9
2022-06-22 21:00:00,21,110.5,1.1
2022-06-22 22:00:00,22,,0.9
2022-06-22 23:00:00,23,,0.3
2022-06-23 00:00:00,0,,0.0
2022-06-23 01:00:00,1,,0.4
2022-06-23 02:00:00,2,,0.3
2022-06-23 03:00:00,3,,0.0
2022-06-23 04:00:00,4,,0.0
2022-06-23 05:00:00,5,,0.7
2022-06-23 06:00:00,6,,0.4
2022-06-23 07:00:00,7,,0.1
2022-06-23 08:00:00,8,,0.1
2022-06-23 09:00:00,9,,0.2
2022-06-23 10:00:00,10,37.6,0.0
2022-06-23 11:00:00,11,432.0,0.5
2022-06-23 12:00:00,12,1169.1,2.5
2022-06-23 13:00:00,13,1817.0,3.9
2022-06-23 14:00:00,14,2745.1,2.7
2022-06-23 15:00:00,15,2738.5,3.3
2022-06-23 16:00:00,16,2149.0,2.3
2022-06-23 17:00:00,17,1927.2,2.7
2022-06-23 18:00:00,18,1465.7,2.3
2022-06-23 19:00:00,19,1413.7,3.1
2022-06-23 20:00:00,20,561.3,1.4
2022-06-23 21:00:00,21,113.3,1.6
2022-06-23 22:00:00,22,,1.2
2022-06-23 23:00:00,23,,0.0
2022-06-24 00:00:00,0,,0.0
2022-06-24 01:00:00,1,,0.0
2022-06-24 02:00:00,2,,0.0
2022-06-24 03:00:00,3,,0.0
2022-06-24 04:00:00,4,,0.0
2022-06-24 05:00:00,5,,0.0
2022-06-24 06:00:00,6,,0.0
2022-06-24 07:00:00,7,,0.5
2022-06-24 08:00:00,8,,0.0
2022-06-24 09:00:00,9,,0.2
2022-06-24 10:00:00,10,54.6,0.0
2022-06-24 11:00:00,11,277.8,0.5
2022-06-24 12:00:00,12,1533.8,1.6
2022-06-24 13:00:00,13,2283.2,3.7
2022-06-24 14:00:00,14,2798.4,3.7
2022-06-24 15:00:00,15,2904.4,2.7
2022-06-24 16:00:00,16,2371.4,2.6
2022-06-24 17:00:00,17,1928.2,2.4
2022-06-24 18:00:00,18,1781.2,2.8
2022-06-24 19:00:00,19,1562.2,1.7
2022-06-24 20:00:00,20,642.5,2.2
2022-06-24 21:00:00,21,164.1,1.6
2022-06-24 22:00:00,22,,0.7
2022-06-24 23:00:00,23,,0.6
2022-06-25 00:00:00,0,,0.0
2022-06-25 01:00:00,1,,0.0
2022-06-25 02:00:00,2,,0.0
2022-06-25 03:00:00,3,,0.0
2022-06-25 04:00:00,4,,0.0
2022-06-25 05:00:00,5,,0.4
2022-06-25 06:00:00,6,,0.6
2022-06-25 07:00:00,7,,0.5
2022-06-25 08:00:00,8,,0.6
2022-06-25 09:00:00,9,,0.0
2022-06-25 10:00:00,10,93.4,0.2
2022-06-25 11:00:00,11,358.7,2.1
2022-06-25 12:00:00,12,1563.2,2.9
2022-06-25 13:00:00,13,2348.5,2.3
2022-06-25 14:00:00,14,2821.7,4.9
2022-06-25 15:00:00,15,3026.7,3.3
2022-06-25 16:00:00,16,2494.3,4.1
2022-06-25 17:00:00,17,2029.3,3.0
2022-06-25 18:00:00,18,2049.1,3.4
2022-06-25 19:00:00,19,1600.9,2.6
2022-06-25 20:00:00,20,861.4,1.5
2022-06-25 21:00:00,21,114.7,0.7
2022-06-25 22:00:00,22,,1.3
2022-06-25 23:00:00,23,,0.0
2022-06-26 00:00:00,0,,0.3
2022-06-26 01:00:00,1,,1.0
2022-06-26 02:00:00,2,,1.7
2022-06-26 03:00:00,3,,0.0
2022-06-26 04:00:00,4,,0.0
2022-06-26 05:00:00,5,,0.1
2022-06-26 06:00:00,6,,0.7
2022-06-26 07:00:00,7,,0.3
2022-06-26 08:00:00,8,,0.0
2022-06-26 09:00:00,9,,0.2
2022-06-26 10:00:00,10,52.4,0.0
2022-06-26 11:00:00,11,282.6,0.8
2022-06-26 12:00:00,12,1573.5,2.6
2022-06-26 13:00:00,13,2362.1,3.4
2022-06-26 14:00:00,14,2822.8,2.5
2022-06-26 15:00:00,15,3011.9,3.4
2022-06-26 16:00:00,16,2494.0,3.3
2022-06-26 17:00:00,17,2032.7,3.2
2022-06-26 18:00:00,18,2060.5,2.9
2022-06-26 19:00:00,19,1636.8,1.6
2022-06-26 20:00:00,20,902.0,1.5
2022-06-26 21:00:00,21,121.8,0.2
2022-06-26 22:00:00,22,,0.6
2022-06-26 23:00:00,23,,0.0
2022-06-27 00:00:00,0,,0.0
2022-06-27 01:00:00,1,,0.0
2022-06-27 02:00:00,2,,0.8
2022-06-27 03:00:00,3,,0.4
2022-06-27 04:00:00,4,,0.5
2022-06-27 05:00:00,5,,0.9
2022-06-27 06:00:00,6,,1.0
2022-06-27 07:00:00,7,,0.0
2022-06-27 08:00:00,8,,0.3
2022-06-27 09:00:00,9,,0.3
2022-06-27 10:00:00,10,51.9,0.0
2022-06-27 11:00:00,11,284.7,1.9
2022-06-27 12:00:00,12,1552.1,3.2
2022-06-27 13:00:00,13,2336.3,2.6
2022-06-27 14:00:00,14,2786.7,3.6
2022-06-27 15:00:00,15,2976.5,2.9
2022-06-27 16:00:00,16,2447.9,3.0
2022-06-27 17:00:00,17,1991.0,4.2
2022-06-27 18:00:00,18,2023.6,3.5
2022-06-27 19:00:00,19,1604.1,2.8
2022-06-27 20:00:00,20,887.3,1.8
2022-06-27 21:00:00,21,126.7,0.0
2022-06-27 22:00:00,22,,0.0
2022-06-27 23:00:00,23,,1.6
2022-06-28 00:00:00,0,,0.0
2022-06-28 01:00:00,1,,0.0
2022-06-28 02:00:00,2,,0.0
2022-06-28 03:00:00,3,,1.0
2022-06-28 04:00:00,4,,0.0
2022-06-28 05:00:00,5,,0.5
2022-06-28 06:00:00,6,,0.0
2022-06-28 07:00:00,7,,0.2
2022-06-28 08:00:00,8,,0.1
2022-06-28 09:00:00,9,,0.0
2022-06-28 10:00:00,10,51.5,0.0
2022-06-28 11:00:00,11,294.3,2.1
2022-06-28 12:00:00,12,1523.0,3.4
2022-06-28 13:00:00,13,2319.8,2.6
2022-06-28 14:00:00,14,2769.4,2.4
2022-06-28 15:00:00,15,2952.8,1.6
2022-06-28 16:00:00,16,2437.0,2.5
2022-06-28 17:00:00,17,1972.8,2.6
2022-06-28 18:00:00,18,2052.1,2.5
2022-06-28 19:00:00,19,1503.2,1.8
2022-06-28 20:00:00,20,577.5,0.9
2022-06-28 21:00:00,21,108.2,0.4
2022-06-28 22:00:00,22,,0.1
2022-06-28 23:00:00,23,,0.8
2022-06-29 00:00:00,0,,0.0
2022-06-29 01:00:00,1,,0.0
2022-06-29 02:00:00,2,,0.0
2022-06-29 03:00:00,3,,0.1
2022-06-29 04:00:00,4,,1.0
2022-06-29 05:00:00,5,,0.0
2022-06-29 06:00:00,6,,0.0
2022-06-29 07:00:00,7,,0.0
2022-06-29 08:00:00,8,,0.0
2022-06-29 09:00:00,9,,0.0
2022-06-29 10:00:00,10,54.2,0.0
2022-06-29 11:00:00,11,285.7,0.4
2022-06-29 12:00:00,12,1523.6,2.6
2022-06-29 13:00:00,13,2308.7,2.3
2022-06-29 14:00:00,14,2751.6,1.7
2022-06-29 15:00:00,15,2958.1,2.0
2022-06-29 16:00:00,16,2449.2,1.8
2022-06-29 17:00:00,17,1976.8,2.0
2022-06-29 18:00:00,18,1928.1,2.4
2022-06-29 19:00:00,19,1526.9,1.6
2022-06-29 20:00:00,20,421.9,0.6
2022-06-29 21:00:00,21,125.3,1.2
2022-06-29 22:00:00,22,,1.3
2022-06-29 23:00:00,23,,0.0
2022-06-30 00:00:00,0,,0.0
2022-06-30 01:00:00,1,,0.0
2022-06-30 02:00:00,2,,0.0
2022-06-30 03:00:00,3,,0.0
2022-06-30 04:00:00,4,,0.6
2022-06-30 05:00:00,5,,0.0
2022-06-30 06:00:00,6,,0.0
2022-06-30 07:00:00,7,,0.1
2022-06-30 08:00:00,8,,0.2
2022-06-30 09:00:00,9,,0.0
2022-06-30 10:00:00,10,53.0,0.0
2022-06-30 11:00:00,11,293.6,0.1
2022-06-30 12:00:00,12,1495.9,0.8
2022-06-30 13:00:00,13,2279.2,1.4
2022-06-30 14:00:00,14,2734.7,2.0
2022-06-30 15:00:00,15,2862.3,2.6
2022-06-30 16:00:00,16,2471.4,2.8
2022-06-30 17:00:00,17,1852.1,2.0
2022-06-30 18:00:00,18,2133.5,2.0
2022-06-30 19:00:00,19,1726.8,1.1
2022-06-30 20:00:00,20,786.0,0.9
2022-06-30 21:00:00,21,112.1,0.6
2022-06-30 22:00:00,22,,2.0
2022-06-30 23:00:00,23,,1.1
2022-07-01 00:00:00,0,,0.0
2022-07-01 01:00:00,1,,1.0
2022-07-01 02:00:00,2,,0.8
2022-07-01 03:00:00,3,,0.0
2022-07-01 04:00:00,4,,0.1
2022-07-01 05:00:00,5,,0.1
2022-07-01 06:00:00,6,,0.4
2022-07-01 07:00:00,7,,1.2
2022-07-01 08:00:00,8,,2.4
2022-07-01 09:00:00,9,,0.0
2022-07-01 10:00:00,10,67.1,0.5
2022-07-01 11:00:00,11,429.4,0.8
2022-07-01 12:00:00,12,1133.3,1.0
2022-07-01 13:00:00,13,2066.3,2.8
2022-07-01 14:00:00,14,1843.5,1.3
2022-07-01 15:00:00,15,2695.9,1.7
2022-07-01 16:00:00,16,2446.5,1.9
2022-07-01 17:00:00,17,1729.2,1.6
2022-07-01 18:00:00,18,1966.2,1.7
2022-07-01 19:00:00,19,1406.9,1.4
2022-07-01 20:00:00,20,789.2,1.8
2022-07-01 21:00:00,21,121.0,0.1
2022-07-01 22:00:00,22,,1.3
2022-07-01 23:00:00,23,,0.0
2022-07-02 00:00:00,0,,0.6
2022-07-02 01:00:00,1,,0.0
2022-07-02 02:00:00,2,,0.9
2022-07-02 03:00:00,3,,0.7
2022-07-02 04:00:00,4,,1.5
2022-07-02 05:00:00,5,,0.1
2022-07-02 06:00:00,6,,0.2
2022-07-02 07:00:00,7,,0.0
2022-07-02 08:00:00,8,,1.7
2022-07-02 09:00:00,9,,0.1
2022-07-02 10:00:00,10,70.9,0.0
2022-07-02 11:00:00,11,397.2,0.7
2022-07-02 12:00:00,12,1273.8,1.9
2022-07-02 13:00:00,13,1530.5,2.8
2022-07-02 14:00:00,14,2131.6,3.3
2022-07-02 15:00:00,15,2230.2,2.1
2022-07-02 16:00:00,16,1712.7,2.6
2022-07-02 17:00:00,17,1216.7,2.8
2022-07-02 18:00:00,18,948.2,1.7
2022-07-02 19:00:00,19,738.9,1.3
2022-07-02 20:00:00,20,555.2,1.4
2022-07-02 21:00:00,21,130.8,0.6
2022-07-02 22:00:00,22,,0.9
2022-07-02 23:00:00,23,,0.9
2022-07-03 00:00:00,0,,1.5
2022-07-03 01:00:00,1,,1.6
2022-07-03 02:00:00,2,,1.4
2022-07-03 03:00:00,3,,1.0
2022-07-03 04:00:00,4,,1.5
2022-07-03 05:00:00,5,,1.6
2022-07-03 06:00:00,6,,1.5
2022-07-03 07:00:00,7,,1.1
2022-07-03 08:00:00,8,,1.9
2022-07-03 09:00:00,9,,0.2
2022-07-03 10:00:00,10,57.2,1.2
2022-07-03 11:00:00,11,296.6,2.4
2022-07-03 12:00:00,12,1470.7,3.4
2022-07-03 13:00:00,13,2229.9,2.9
2022-07-03 14:00:00,14,2298.5,3.9
2022-07-03 15:00:00,15,1935.3,3.8
2022-07-03 16:00:00,16,1966.1,2.8
2022-07-03 17:00:00,17,1895.6,2.3
2022-07-03 18:00:00,18,1838.6,2.9
2022-07-03 19:00:00,19,1258.4,1.8
2022-07-03 20:00:00,20,371.2,1.4
2022-07-03 21:00:00,21,100.6,0.8
2022-07-03 22:00:00,22,,0.0
2022-07-03 23:00:00,23,,1.3
2022-07-04 00:00:00,0,,0.0
2022-07-04 01:00:00,1,,0.0
2022-07-04 02:00:00,2,,1.0
2022-07-04 03:00:00,3,,0.0
2022-07-04 04:00:00,4,,0.0
2022-07-04 05:00:00,5,,0.0
2022-07-04 06:00:00,6,,0.1
2022-07-04 07:00:00,7,,0.1
2022-07-04 08:00:00,8,,0.2
2022-07-04 09:00:00,9,,0.0
2022-07-04 10:00:00,10,56.4,1.3
2022-07-04 11:00:00,11,301.8,2.8
2022-07-04 12:00:00,12,1482.4,4.3
2022-07-04 13:00:00,13,2271.7,4.3
2022-07-04 14:00:00,14,2718.0,3.5
2022-07-04 15:00:00,15,2924.6,3.2
2022-07-04 16:00:00,16,2415.9,3.3
2022-07-04 17:00:00,17,1999.3,3.3
2022-07-04 18:00:00,18,1310.4,2.7
2022-07-04 19:00:00,19,508.5,1.6
2022-07-04 20:00:00,20,419.8,1.0
2022-07-04 21:00:00,21,113.1,0.6
2022-07-04 22:00:00,22,,0.5
2022-07-04 23:00:00,23,,0.0
2022-07-05 00:00:00,0,,1.4
2022-07-05 01:00:00,1,,0.7
2022-07-05 02:00:00,2,,0.0
2022-07-05 03:00:00,3,,0.6
2022-07-05 04:00:00,4,,0.7
2022-07-05 05:00:00,5,,0.8
2022-07-05 06:00:00,6,,0.5
2022-07-05 07:00:00,7,,2.1
2022-07-05 08:00:00,8,,1.9
2022-07-05 09:00:00,9,,0.9
2022-07-05 10:00:00,10,60.9,1.6
2022-07-05 11:00:00,11,308.1,2.7
2022-07-05 12:00:00,12,1507.2,3.9
2022-07-05 13:00:00,13,2348.1,3.0
2022-07-05 14:00:00,14,2755.1,3.6
2022-07-05 15:00:00,15,2759.0,2.7
2022-07-05 16:00:00,16,2468.5,4.1
2022-07-05 17:00:00,17,1916.5,2.7
2022-07-05 18:00:00,18,1584.6,2.7
2022-07-05 19:00:00,19,711.1,2.0
2022-07-05 20:00:00,20,404.3,1.3
2022-07-05 21:00:00,21,78.7,0.4
2022-07-05 22:00:00,22,,0.0
2022-07-05 23:00:00,23,,0.9
2022-07-06 00:00:00,0,,0.3
2022-07-06 01:00:00,1,,0.0
2022-07-06 02:00:00,2,,0.0
2022-07-06 03:00:00,3,,0.1
2022-07-06 04:00:00,4,,0.9
2022-07-06 05:00:00,5,,0.0
2022-07-06 06:00:00,6,,0.0
2022-07-06 07:00:00,7,,0.0
2022-07-06 08:00:00,8,,0.0
2022-07-06 09:00:00,9,,0.1
2022-07-06 10:00:00,10,71.5,0.1
2022-07-06 11:00:00,11,377.3,2.0
2022-07-06 12:00:00,12,1548.9,4.2
2022-07-06 13:00:00,13,2244.7,2.5
2022-07-06 14:00:00,14,2722.2,3.9
2022-07-06 15:00:00,15,2968.7,3.9
2022-07-06 16:00:00,16,2434.5,2.7
2022-07-06 17:00:00,17,1977.3,2.7
2022-07-06 18:00:00,18,1994.2,2.5
2022-07-06 19:00:00,19,1489.8,2.6
2022-07-06 20:00:00,20,670.7,1.9
2022-07-06 21:00:00,21,151.3,0.4
2022-07-06 22:00:00,22,,1.0
2022-07-06 23:00:00,23,,1.7
2022-07-07 00:00:00,0,,0.9
2022-07-07 01:00:00,1,,1.0
2022-07-07 02:00:00,2,,0.0
2022-07-07 03:00:00,3,,0.0
2022-07-07 04:00:00,4,,0.8
2022-07-07 05:00:00,5,,0.5
2022-07-07 06:00:00,6,,0.3
2022-07-07 07:00:00,7,,0.0
2022-07-07 08:00:00,8,,1.0
2022-07-07 09:00:00,9,,0.0
2022-07-07 10:00:00,10,56.1,1.9
2022-07-07 11:00:00,11,298.8,3.5
2022-07-07 12:00:00,12,1510.5,2.9
2022-07-07 13:00:00,13,2290.7,2.9
2022-07-07 14:00:00,14,2513.7,3.6
2022-07-07 15:00:00,15,2535.8,3.1
2022-07-07 16:00:00,16,2002.5,2.2
2022-07-07 17:00:00,17,1339.4,2.3
2022-07-07 18:00:00,18,1007.2,2.1
2022-07-07 19:00:00,19,918.5,2.5
2022-07-07 20:00:00,20,324.3,0.6
2022-07-07 21:00:00,21,68.0,0.5
2022-07-07 22:00:00,22,,0.9
2022-07-07 23:00:00,23,,0.5
2022-07-08 00:00:00,0,,0.0
2022-07-08 01:00:00,1,,1.0
2022-07-08 02:00:00,2,,0.4
2022-07-08 03:00:00,3,,1.4
2022-07-08 04:00:00,4,,1.6
2022-07-08 05:00:00,5,,0.9
2022-07-08 06:00:00,6,,0.8
2022-07-08 07:00:00,7,,0.6
2022-07-08 08:00:00,8,,0.0
2022-07-08 09:00:00,9,,0.3
2022-07-08 10:00:00,10,60.7,0.0
2022-07-08 11:00:00,11,283.2,0.1
2022-07-08 12:00:00,12,1062.2,1.3
2022-07-08 13:00:00,13,1423.1,3.6
2022-07-08 14:00:00,14,2271.1,3.8
2022-07-08 15:00:00,15,3126.9,2.8
2022-07-08 16:00:00,16,1996.3,3.9
2022-07-08 17:00:00,17,1341.3,2.2
2022-07-08 18:00:00,18,1680.9,2.2
2022-07-08 19:00:00,19,1318.5,2.8
2022-07-08 20:00:00,20,975.2,1.4
2022-07-08 21:00:00,21,160.3,0.1
2022-07-08 22:00:00,22,,0.0
2022-07-08 23:00:00,23,,0.0
2022-07-09 00:00:00,0,,0.0
2022-07-09 01:00:00,1,,0.0
2022-07-09 02:00:00,2,,0.0
2022-07-09 03:00:00,3,,1.4
2022-07-09 04:00:00,4,,0.7
2022-07-09 05:00:00,5,,0.7
2022-07-09 06:00:00,6,,0.2
2022-07-09 07:00:00,7,,0.0
2022-07-09 08:00:00,8,,0.0
2022-07-09 09:00:00,9,,0.0
2022-07-09 10:00:00,10,57.2,1.2
2022-07-09 11:00:00,11,307.8,3.5
2022-07-09 12:00:00,12,1542.6,6.5
2022-07-09 13:00:00,13,2302.9,5.3
2022-07-09 14:00:00,14,2747.3,4.4
2022-07-09 15:00:00,15,2937.4,5.1
2022-07-09 16:00:00,16,2460.3,3.2
2022-07-09 17:00:00,17,2015.1,4.8
2022-07-09 18:00:00,18,2039.3,3.4
2022-07-09 19:00:00,19,1642.8,3.9
2022-07-09 20:00:00,20,931.8,2.6
2022-07-09 21:00:00,21,156.6,0.1
2022-07-09 22:00:00,22,,0.0
2022-07-09 23:00:00,23,,1.8
2022-07-10 00:00:00,0,,0.0
2022-07-10 01:00:00,1,,0.0
2022-07-10 02:00:00,2,,1.4
2022-07-10 03:00:00,3,,0.0
2022-07-10 04:00:00,4,,0.0
2022-07-10 05:00:00,5,,0.0
2022-07-10 06:00:00,6,,0.0
2022-07-10 07:00:00,7,,0.0
2022-07-10 08:00:00,8,,0.0
2022-07-10 09:00:00,9,,0.1
2022-07-10 10:00:00,10,63.9,0.2
2022-07-10 11:00:00,11,326.5,2.2
2022-07-10 12:00:00,12,1505.3,3.4
2022-07-10 13:00:00,13,2204.3,4.0
2022-07-10 14:00:00,14,2027.8,4.1
2022-07-10 15:00:00,15,2124.9,4.1
2022-07-10 16:00:00,16,1327.1,2.8
2022-07-10 17:00:00,17,1012.5,2.3
2022-07-10 18:00:00,18,785.3,1.4
2022-07-10 19:00:00,19,315.3,0.2
2022-07-10 20:00:00,20,471.6,0.5
2022-07-10 21:00:00,21,178.6,0.8
2022-07-10 22:00:00,22,,0.0
2022-07-10 23:00:00,23,,0.0
2022-07-11 00:00:00,0,,0.8
2022-07-11 01:00:00,1,,0.0
2022-07-11 02:00:00,2,,0.0
2022-07-11 03:00:00,3,,1.4
2022-07-11 04:00:00,4,,0.7
2022-07-11 05:00:00,5,,0.0
2022-07-11 06:00:00,6,,0.0
2022-07-11 07:00:00,7,,0.3
2022-07-11 08:00:00,8,,0.8
2022-07-11 09:00:00,9,,0.0
2022-07-11 10:00:00,10,65.7,0.1
2022-07-11 11:00:00,11,325.6,3.6
2022-07-11 12:00:00,12,1541.7,4.0
2022-07-11 13:00:00,13,2310.7,2.4
2022-07-11 14:00:00,14,2747.6,3.5
2022-07-11 15:00:00,15,2942.5,4.1
2022-07-11 16:00:00,16,2447.6,2.0
2022-07-11 17:00:00,17,2027.2,2.4
2022-07-11 18:00:00,18,1970.3,1.6
2022-07-11 19:00:00,19,1630.4,1.7
2022-07-11 20:00:00,20,911.1,0.8
2022-07-11 21:00:00,21,131.8,1.0
2022-07-11 22:00:00,22,,0.0
2022-07-11 23:00:00,23,,0.4
2022-07-12 00:00:00,0,,0.0
2022-07-12 01:00:00,1,,0.0
2022-07-12 02:00:00,2,,0.0
2022-07-12 03:00:00,3,,0.6
2022-07-12 04:00:00,4,,0.0
2022-07-12 05:00:00,5,,0.0
2022-07-12 06:00:00,6,,0.0
2022-07-12 07:00:00,7,,0.0
2022-07-12 08:00:00,8,,0.9
2022-07-12 09:00:00,9,,0.0
2022-07-12 10:00:00,10,48.8,0.1
2022-07-12 11:00:00,11,269.3,0.2
2022-07-12 12:00:00,12,847.5,0.5
2022-07-12 13:00:00,13,2218.5,3.4
2022-07-12 14:00:00,14,2674.6,2.8
2022-07-12 15:00:00,15,2914.8,3.6
2022-07-12 16:00:00,16,2451.8,3.4
2022-07-12 17:00:00,17,2016.6,1.4
2022-07-12 18:00:00,18,1964.2,2.6
2022-07-12 19:00:00,19,1643.0,1.7
2022-07-12 20:00:00,20,928.6,1.3
2022-07-12 21:00:00,21,166.8,1.2
2022-07-12 22:00:00,22,,1.0
2022-07-12 23:00:00,23,,0.6
2022-07-13 00:00:00,0,,0.5
2022-07-13 01:00:00,1,,0.4
2022-07-13 02:00:00,2,,0.0
2022-07-13 03:00:00,3,,0.3
2022-07-13 04:00:00,4,,0.7
2022-07-13 05:00:00,5,,0.3
2022-07-13 06:00:00,6,,0.2
2022-07-13 07:00:00,7,,0.2
2022-07-13 08:00:00,8,,0.0
2022-07-13 09:00:00,9,,0.0
2022-07-13 10:00:00,10,58.2,0.3
2022-07-13 11:00:00,11,338.2,0.4
2022-07-13 12:00:00,12,1531.8,1.3
2022-07-13 13:00:00,13,2276.0,2.5
2022-07-13 14:00:00,14,2728.8,1.9
2022-07-13 15:00:00,15,3023.9,2.5
2022-07-13 16:00:00,16,2077.7,2.0
2022-07-13 17:00:00,17,2013.8,2.6
2022-07-13 18:00:00,18,1777.8,2.4
2022-07-13 19:00:00,19,1397.5,1.7
2022-07-13 20:00:00,20,927.6,2.0
2022-07-13 21:00:00,21,169.0,0.0
2022-07-13 22:00:00,22,,0.0
2022-07-13 23:00:00,23,,0.0
2022-07-14 00:00:00,0,,0.0
2022-07-14 01:00:00,1,,0.3
2022-07-14 02:00:00,2,,0.0
2022-07-14 03:00:00,3,,0.2
2022-07-14 04:00:00,4,,1.3
2022-07-14 05:00:00,5,,0.0
2022-07-14 06:00:00,6,,0.7
2022-07-14 07:00:00,7,,1.8
2022-07-14 08:00:00,8,,2.1
2022-07-14 09:00:00,9,,1.6
2022-07-14 10:00:00,10,68.9,1.4
2022-07-14 11:00:00,11,385.9,2.3
2022-07-14 12:00:00,12,1331.9,3.2
2022-07-14 13:00:00,13,2010.1,3.8
2022-07-14 14:00:00,14,2672.8,2.2
2022-07-14 15:00:00,15,1811.0,2.0
2022-07-14 16:00:00,16,1620.8,1.5
2022-07-14 17:00:00,17,1244.3,2.8
2022-07-14 18:00:00,18,1245.6,1.8
2022-07-14 19:00:00,19,1363.8,1.2
2022-07-14 20:00:00,20,577.2,1.2
2022-07-14 21:00:00,21,76.5,0.5
2022-07-14 22:00:00,22,,0.0
2022-07-14 23:00:00,23,,0.3
2022-07-15 00:00:00,0,,0.0
2022-07-15 01:00:00,1,,0.0
2022-07-15 02:00:00,2,,0.0
2022-07-15 03:00:00,3,,0.8
2022-07-15 04:00:00,4,,0.2
2022-07-15 05:00:00,5,,0.2
2022-07-15 06:00:00,6,,0.0
2022-07-15 07:00:00,7,,0.5
2022-07-15 08:00:00,8,,0.3
2022-07-15 09:00:00,9,,0.0
2022-07-15 10:00:00,10,60.8,0.2
2022-07-15 11:00:00,11,341.9,1.5
2022-07-15 12:00:00,12,986.3,2.3
2022-07-15 13:00:00,13,1469.7,3.2
2022-07-15 14:00:00,14,1516.9,2.8
2022-07-15 15:00:00,15,2435.0,2.2
2022-07-15 16:00:00,16,2177.5,2.7
2022-07-15 17:00:00,17,2137.0,3.5
2022-07-15 18:00:00,18,1751.7,3.0
2022-07-15 19:00:00,19,1466.4,2.4
2022-07-15 20:00:00,20,957.5,2.1
2022-07-15 21:00:00,21,203.5,0.4
2022-07-15 22:00:00,22,,0.0
2022-07-15 23:00:00,23,,1.6
2022-07-16 00:00:00,0,,0.5
2022-07-16 01:00:00,1,,0.3
2022-07-16 02:00:00,2,,0.0
2022-07-16 03:00:00,3,,0.0
2022-07-16 04:00:00,4,,2.1
2022-07-16 05:00:00,5,,0.0
2022-07-16 06:00:00,6,,0.4
2022-07-16 07:00:00,7,,0.0
2022-07-16 08:00:00,8,,0.0
2022-07-16 09:00:00,9,,1.2
2022-07-16 10:00:00,10,56.2,0.0
2022-07-16 11:00:00,11,392.7,0.1
2022-07-16 12:00:00,12,1565.2,3.7
2022-07-16 13:00:00,13,2313.2,3.6
2022-07-16 14:00:00,14,2776.7,2.9
2022-07-16 15:00:00,15,2968.9,2.6
2022-07-16 16:00:00,16,2495.7,2.0
2022-07-16 17:00:00,17,2050.3,3.1
2022-07-16 18:00:00,18,2071.1,3.1
2022-07-16 19:00:00,19,1652.7,2.6
2022-07-16 20:00:00,20,960.7,1.9
2022-07-16 21:00:00,21,175.2,0.3
2022-07-16 22:00:00,22,,0.0
2022-07-16 23:00:00,23,,1.0
2022-07-17 00:00:00,0,,0.6
2022-07-17 01:00:00,1,,0.0
2022-07-17 02:00:00,2,,0.0
2022-07-17 03:00:00,3,,0.0
2022-07-17 04:00:00,4,,0.8
2022-07-17 05:00:00,5,,0.5
2022-07-17 06:00:00,6,,0.0
2022-07-17 07:00:00,7,,0.0
2022-07-17 08:00:00,8,,0.0
2022-07-17 09:00:00,9,,0.1
2022-07-17 10:00:00,10,54.6,0.0
2022-07-17 11:00:00,11,394.2,0.1
2022-07-17 12:00:00,12,1579.6,4.4
2022-07-17 13:00:00,13,2323.6,3.5
2022-07-17 14:00:00,14,2770.6,2.9
2022-07-17 15:00:00,15,2968.8,2.3
2022-07-17 16:00:00,16,2492.7,2.3
2022-07-17 17:00:00,17,1830.0,3.6
2022-07-17 18:00:00,18,2134.3,2.9
2022-07-17 19:00:00,19,1686.7,3.2
2022-07-17 20:00:00,20,605.2,1.8
2022-07-17 21:00:00,21,180.1,1.1
2022-07-17 22:00:00,22,,0.5
2022-07-17 23:00:00,23,,0.0
2022-07-18 00:00:00,0,,0.9
2022-07-18 01:00:00,1,,0.1
2022-07-18 02:00:00,2,,0.2
2022-07-18 03:00:00,3,,0.0
2022-07-18 04:00:00,4,,0.7
2022-07-18 05:00:00,5,,0.4
2022-07-18 06:00:00,6,,0.1
2022-07-18 07:00:00,7,,0.4
2022-07-18 08:00:00,8,,0.1
2022-07-18 09:00:00,9,,0.8
2022-07-18 10:00:00,10,53.8,0.0
2022-07-18 11:00:00,11,375.6,1.8
2022-07-18 12:00:00,12,1564.8,3.5
2022-07-18 13:00:00,13,2314.6,4.0
2022-07-18 14:00:00,14,2772.0,3.0
2022-07-18 15:00:00,15,2958.8,1.9
2022-07-18 16:00:00,16,2418.0,2.5
2022-07-18 17:00:00,17,1840.5,1.9
2022-07-18 18:00:00,18,2022.5,2.1
2022-07-18 19:00:00,19,1345.1,1.7
2022-07-18 20:00:00,20,996.8,1.3
2022-07-18 21:00:00,21,180.3,0.5
2022-07-18 22:00:00,22,,0.0
2022-07-18 23:00:00,23,,0.9
2022-07-19 00:00:00,0,,0.0
2022-07-19 01:00:00,1,,0.0
2022-07-19 02:00:00,2,,1.0
2022-07-19 03:00:00,3,,0.1
2022-07-19 04:00:00,4,,0.0
2022-07-19 05:00:00,5,,0.0
2022-07-19 06:00:00,6,,0.0
2022-07-19 07:00:00,7,,0.0
2022-07-19 08:00:00,8,,0.0
2022-07-19 09:00:00,9,,0.0
2022-07-19 10:00:00,10,54.4,0.0
2022-07-19 11:00:00,11,372.2,2.0
2022-07-19 12:00:00,12,1568.7,5.2
2022-07-19 13:00:00,13,2295.8,3.5
2022-07-19 14:00:00,14,2746.4,3.2
2022-07-19 15:00:00,15,2942.5,2.5
2022-07-19 16:00:00,16,2483.9,2.7
2022-07-19 17:00:00,17,2053.8,2.4
2022-07-19 18:00:00,18,2065.1,1.7
2022-07-19 19:00:00,19,1665.7,1.2
2022-07-19 20:00:00,20,956.8,1.8
2022-07-19 21:00:00,21,185.8,0.7
2022-07-19 22:00:00,22,,1.0
2022-07-19 23:00:00,23,,0.2
2022-07-20 00:00:00,0,,0.0
2022-07-20 01:00:00,1,,1.4
2022-07-20 02:00:00,2,,0.4
2022-07-20 03:00:00,3,,0.0
2022-07-20 04:00:00,4,,0.0
2022-07-20 05:00:00,5,,0.0
2022-07-20 06:00:00,6,,0.0
2022-07-20 07:00:00,7,,0.0
2022-07-20 08:00:00,8,,0.0
2022-07-20 09:00:00,9,,0.4
2022-07-20 10:00:00,10,53.7,0.0
2022-07-20 11:00:00,11,394.1,1.8
2022-07-20 12:00:00,12,1623.3,3.8
2022-07-20 13:00:00,13,2326.2,3.3
2022-07-20 14:00:00,14,2788.9,3.1
2022-07-20 15:00:00,15,2984.9,4.0
2022-07-20 16:00:00,16,2536.5,3.3
2022-07-20 17:00:00,17,2084.2,2.7
2022-07-20 18:00:00,18,2090.6,3.2
2022-07-20 19:00:00,19,1670.9,2.7
2022-07-20 20:00:00,20,958.2,2.1
2022-07-20 21:00:00,21,178.8,0.5
2022-07-20 22:00:00,22,,1.0
2022-07-20 23:00:00,23,,1.6
2022-07-21 00:00:00,0,,0.0
2022-07-21 01:00:00,1,,0.2
2022-07-21 02:00:00,2,,0.0
2022-07-21 03:00:00,3,,0.0
2022-07-21 04:00:00,4,,0.1
2022-07-21 05:00:00,5,,0.2
2022-07-21 06:00:00,6,,0.1
2022-07-21 07:00:00,7,,0.0
2022-07-21 08:00:00,8,,0.0
2022-07-21 09:00:00,9,,0.0
2022-07-21 10:00:00,10,52.5,0.0
2022-07-21 11:00:00,11,446.9,0.4
2022-07-21 12:00:00,12,1607.0,2.8
2022-07-21 13:00:00,13,2346.3,3.1
2022-07-21 14:00:00,14,1951.6,2.7
2022-07-21 15:00:00,15,2429.3,2.4
2022-07-21 16:00:00,16,2720.5,2.3
2022-07-21 17:00:00,17,2095.9,2.4
2022-07-21 18:00:00,18,1800.0,2.0
2022-07-21 19:00:00,19,910.9,1.6
2022-07-21 20:00:00,20,449.2,0.2
2022-07-21 21:00:00,21,130.0,0.6
2022-07-21 22:00:00,22,,0.2
2022-07-21 23:00:00,23,,0.2
2022-07-22 00:00:00,0,,0.0
2022-07-22 01:00:00,1,,0.0
2022-07-22 02:00:00,2,,0.0
2022-07-22 03:00:00,3,,0.0
2022-07-22 04:00:00,4,,0.0
2022-07-22 05:00:00,5,,0.3
2022-07-22 06:00:00,6,,0.1
2022-07-22 07:00:00,7,,0.5
2022-07-22 08:00:00,8,,0.3
2022-07-22 09:00:00,9,,0.0
2022-07-22 10:00:00,10,83.1,0.0
2022-07-22 11:00:00,11,477.3,0.8
2022-07-22 12:00:00,12,1580.8,3.5
2022-07-22 13:00:00,13,2216.5,2.3
2022-07-22 14:00:00,14,2680.6,1.4
2022-07-22 15:00:00,15,2935.6,2.0
2022-07-22 16:00:00,16,2502.0,2.0
2022-07-22 17:00:00,17,1827.4,3.4
2022-07-22 18:00:00,18,1967.7,3.5
2022-07-22 19:00:00,19,986.8,1.4
2022-07-22 20:00:00,20,834.4,1.1
2022-07-22 21:00:00,21,195.1,0.0
2022-07-22 22:00:00,22,,0.1
2022-07-22 23:00:00,23,,0.1
2022-07-23 00:00:00,0,,0.0
2022-07-23 01:00:00,1,,0.0
2022-07-23 02:00:00,2,,0.0
2022-07-23 03:00:00,3,,0.7
2022-07-23 04:00:00,4,,1.4
2022-07-23 05:00:00,5,,0.0
2022-07-23 06:00:00,6,,0.5
2022-07-23 07:00:00,7,,0.5
2022-07-23 08:00:00,8,,0.0
2022-07-23 09:00:00,9,,0.0
2022-07-23 10:00:00,10,50.8,0.0
2022-07-23 11:00:00,11,505.5,0.8
2022-07-23 12:00:00,12,1634.8,3.5
2022-07-23 13:00:00,13,2302.1,2.9
2022-07-23 14:00:00,14,2742.5,2.1
2022-07-23 15:00:00,15,2935.9,2.0
2022-07-23 16:00:00,16,2498.2,2.4
2022-07-23 17:00:00,17,2032.2,3.9
2022-07-23 18:00:00,18,1986.9,2.3
2022-07-23 19:00:00,19,1689.1,3.1
2022-07-23 20:00:00,20,980.1,2.6
2022-07-23 21:00:00,21,179.4,0.2
2022-07-23 22:00:00,22,,0.0
2022-07-23 23:00:00,23,,1.6
2022-07-24 00:00:00,0,,0.0
2022-07-24 01:00:00,1,,0.0
2022-07-24 02:00:00,2,,0.4
2022-07-24 03:00:00,3,,0.0
2022-07-24 04:00:00,4,,0.0
2022-07-24 05:00:00,5,,0.0
2022-07-24 06:00:00,6,,0.0
2022-07-24 07:00:00,7,,0.0
2022-07-24 08:00:00,8,,0.0
2022-07-24 09:00:00,9,,0.0
2022-07-24 10:00:00,10,51.2,0.2
2022-07-24 11:00:00,11,514.9,0.2
2022-07-24 12:00:00,12,1618.6,2.6
2022-07-24 13:00:00,13,2280.6,2.5
2022-07-24 14:00:00,14,2734.1,2.9
2022-07-24 15:00:00,15,2938.9,2.7
2022-07-24 16:00:00,16,2497.0,2.3
2022-07-24 17:00:00,17,2021.9,2.3
2022-07-24 18:00:00,18,1958.5,1.9
2022-07-24 19:00:00,19,1600.4,1.6
2022-07-24 20:00:00,20,911.8,2.4
2022-07-24 21:00:00,21,170.3,1.4
2022-07-24 22:00:00,22,,1.0
2022-07-24 23:00:00,23,,0.1
2022-07-25 00:00:00,0,,0.8
2022-07-25 01:00:00,1,,1.1
2022-07-25 02:00:00,2,,0.7
2022-07-25 03:00:00,3,,0.0
2022-07-25 04:00:00,4,,0.0
2022-07-25 05:00:00,5,,0.0
2022-07-25 06:00:00,6,,0.0
2022-07-25 07:00:00,7,,0.0
2022-07-25 08:00:00,8,,0.7
2022-07-25 09:00:00,9,,0.5
2022-07-25 10:00:00,10,52.5,0.9
2022-07-25 11:00:00,11,571.1,3.2
2022-07-25 12:00:00,12,1625.7,2.2
2022-07-25 13:00:00,13,2297.3,2.9
2022-07-25 14:00:00,14,2722.8,2.6
2022-07-25 15:00:00,15,2895.0,3.9
2022-07-25 16:00:00,16,2458.8,3.9
2022-07-25 17:00:00,17,1962.3,2.2
2022-07-25 18:00:00,18,2104.1,2.6
2022-07-25 19:00:00,19,1629.3,2.2
2022-07-25 20:00:00,20,856.2,2.2
2022-07-25 21:00:00,21,114.5,0.4
2022-07-25 22:00:00,22,,0.3
2022-07-25 23:00:00,23,,0.0
2022-07-26 00:00:00,0,,0.0
2022-07-26 01:00:00,1,,0.0
2022-07-26 02:00:00,2,,0.1
2022-07-26 03:00:00,3,,0.6
2022-07-26 04:00:00,4,,0.5
2022-07-26 05:00:00,5,,0.0
2022-07-26 06:00:00,6,,1.3
2022-07-26 07:00:00,7,,0.1
2022-07-26 08:00:00,8,,0.1
2022-07-26 09:00:00,9,,0.0
2022-07-26 10:00:00,10,54.0,0.0
2022-07-26 11:00:00,11,592.5,0.3
2022-07-26 12:00:00,12,1646.3,3.8
2022-07-26 13:00:00,13,2327.6,4.1
2022-07-26 14:00:00,14,2747.4,3.3
2022-07-26 15:00:00,15,2974.1,4.0
2022-07-26 16:00:00,16,2543.5,3.1
2022-07-26 17:00:00,17,2131.0,2.6
2022-07-26 18:00:00,18,2137.7,2.4
2022-07-26 19:00:00,19,1463.9,2.8
2022-07-26 20:00:00,20,876.1,2.8
2022-07-26 21:00:00,21,96.2,0.7
2022-07-26 22:00:00,22,,1.3
2022-07-26 23:00:00,23,,1.4
2022-07-27 00:00:00,0,,0.0
2022-07-27 01:00:00,1,,0.6
2022-07-27 02:00:00,2,,0.2
2022-07-27 03:00:00,3,,0.2
2022-07-27 04:00:00,4,,0.0
2022-07-27 05:00:00,5,,0.0
2022-07-27 06:00:00,6,,0.1
2022-07-27 07:00:00,7,,0.0
2022-07-27 08:00:00,8,,0.2
2022-07-27 09:00:00,9,,0.2
2022-07-27 10:00:00,10,49.9,0.7
2022-07-27 11:00:00,11,570.3,3.1
2022-07-27 12:00:00,12,1656.3,3.7
2022-07-27 13:00:00,13,2205.3,3.1
2022-07-27 14:00:00,14,1630.9,3.4
2022-07-27 15:00:00,15,2454.8,2.9
2022-07-27 16:00:00,16,2253.2,3.1
2022-07-27 17:00:00,17,1537.1,2.1
2022-07-27 18:00:00,18,1874.1,1.6
2022-07-27 19:00:00,19,724.6,1.7
2022-07-27 20:00:00,20,1032.3,1.4
2022-07-27 21:00:00,21,192.3,1.3
2022-07-27 22:00:00,22,,0.0
2022-07-27 23:00:00,23,,0.4
2022-07-28 00:00:00,0,,0.7
2022-07-28 01:00:00,1,,0.0
2022-07-28 02:00:00,2,,0.0
2022-07-28 03:00:00,3,,0.1
2022-07-28 04:00:00,4,,0.3
2022-07-28 05:00:00,5,,0.4
2022-07-28 06:00:00,6,,0.8
2022-07-28 07:00:00,7,,0.0
2022-07-28 08:00:00,8,,1.6
2022-07-28 09:00:00,9,,0.0
2022-07-28 10:00:00,10,48.7,0.0
2022-07-28 11:00:00,11,554.9,0.5
2022-07-28 12:00:00,12,1645.4,1.9
2022-07-28 13:00:00,13,2302.4,2.7
2022-07-28 14:00:00,14,2743.4,2.6
2022-07-28 15:00:00,15,2928.2,1.9
2022-07-28 16:00:00,16,2403.5,3.9
2022-07-28 17:00:00,17,2115.2,1.7
2022-07-28 18:00:00,18,2014.6,1.6
2022-07-28 19:00:00,19,1624.3,1.1
2022-07-28 20:00:00,20,989.7,1.6
2022-07-28 21:00:00,21,180.5,0.5
2022-07-28 22:00:00,22,,0.0
2022-07-28 23:00:00,23,,0.0
2022-07-29 00:00:00,0,,0.0
2022-07-29 01:00:00,1,,0.7
2022-07-29 02:00:00,2,,0.0
2022-07-29 03:00:00,3,,0.0
2022-07-29 04:00:00,4,,1.5
2022-07-29 05:00:00,5,,0.0
2022-07-29 06:00:00,6,,0.2
2022-07-29 07:00:00,7,,0.0
2022-07-29 08:00:00,8,,0.0
2022-07-29 09:00:00,9,,0.6
2022-07-29 10:00:00,10,53.4,0.5
2022-07-29 11:00:00,11,562.3,0.6
2022-07-29 12:00:00,12,1620.6,3.5
2022-07-29 13:00:00,13,2279.1,2.4
2022-07-29 14:00:00,14,2709.1,1.2
2022-07-29 15:00:00,15,2899.8,1.7
2022-07-29 16:00:00,16,2505.2,2.0
2022-07-29 17:00:00,17,2122.8,2.2
2022-07-29 18:00:00,18,1837.8,1.5
2022-07-29 19:00:00,19,1688.7,1.1
2022-07-29 20:00:00,20,501.9,0.5
2022-07-29 21:00:00,21,175.6,0.4
2022-07-29 22:00:00,22,,0.1
2022-07-29 23:00:00,23,,0.7
2022-07-30 00:00:00,0,,0.0
2022-07-30 01:00:00,1,,0.0
2022-07-30 02:00:00,2,,0.0
2022-07-30 03:00:00,3,,0.7
2022-07-30 04:00:00,4,,0.9
2022-07-30 05:00:00,5,,0.0
2022-07-30 06:00:00,6,,1.8
2022-07-30 07:00:00,7,,0.0
2022-07-30 08:00:00,8,,1.7
2022-07-30 09:00:00,9,,1.2
2022-07-30 10:00:00,10,53.9,0.0
2022-07-30 11:00:00,11,372.3,0.9
2022-07-30 12:00:00,12,1513.6,1.2
2022-07-30 13:00:00,13,2238.4,3.0
2022-07-30 14:00:00,14,2710.5,2.5
2022-07-30 15:00:00,15,2816.2,2.1
2022-07-30 16:00:00,16,2261.6,1.4
2022-07-30 17:00:00,17,2197.9,1.4
2022-07-30 18:00:00,18,2148.3,0.7
2022-07-30 19:00:00,19,1542.9,0.9
2022-07-30 20:00:00,20,861.3,0.2
2022-07-30 21:00:00,21,171.1,0.9
2022-07-30 22:00:00,22,,1.5
2022-07-30 23:00:00,23,,1.6
2022-07-31 00:00:00,0,,1.7
2022-07-31 01:00:00,1,,0.0
2022-07-31 02:00:00,2,,1.4
2022-07-31 03:00:00,3,,1.1
2022-07-31 04:00:00,4,,1.9
2022-07-31 05:00:00,5,,0.4
2022-07-31 06:00:00,6,,0.0
2022-07-31 07:00:00,7,,0.7
2022-07-31 08:00:00,8,,0.2
2022-07-31 09:00:00,9,,0.6
2022-07-31 10:00:00,10,46.7,0.2
2022-07-31 11:00:00,11,272.5,0.6
2022-07-31 12:00:00,12,569.4,0.9
2022-07-31 13:00:00,13,1561.7,1.2
2022-07-31 14:00:00,14,2477.1,2.5
2022-07-31 15:00:00,15,2340.3,2.2
2022-07-31 16:00:00,16,1561.8,1.9
2022-07-31 17:00:00,17,829.2,2.0
2022-07-31 18:00:00,18,1173.4,2.4
2022-07-31 19:00:00,19,788.9,1.2
2022-07-31 20:00:00,20,207.4,0.4
2022-07-31 21:00:00,21,51.9,0.6
2022-07-31 22:00:00,22,,0.1
2022-07-31 23:00:00,23,,0.0
2022-08-01 00:00:00,0,,0.1
2022-08-01 01:00:00,1,,1.1
2022-08-01 02:00:00,2,,0.6
2022-08-01 03:00:00,3,,1.1
2022-08-01 04:00:00,4,,0.0
2022-08-01 05:00:00,5,,0.1
2022-08-01 06:00:00,6,,0.0
2022-08-01 07:00:00,7,,0.3
2022-08-01 08:00:00,8,,0.9
2022-08-01 09:00:00,9,,1.2
2022-08-01 10:00:00,10,70.0,0.0
2022-08-01 11:00:00,11,554.5,0.4
2022-08-01 12:00:00,12,1666.0,0.8
2022-08-01 13:00:00,13,2107.0,1.1
2022-08-01 14:00:00,14,2528.4,2.1
2022-08-01 15:00:00,15,3090.5,3.0
2022-08-01 16:00:00,16,2711.7,3.2
2022-08-01 17:00:00,17,2237.6,2.1
2022-08-01 18:00:00,18,2213.0,3.3
2022-08-01 19:00:00,19,1716.3,2.7
2022-08-01 20:00:00,20,982.5,2.0
2022-08-01 21:00:00,21,170.8,0.9
2022-08-01 22:00:00,22,,0.0
2022-08-01 23:00:00,23,,0.7
2022-08-02 00:00:00,0,,1.0
2022-08-02 01:00:00,1,,0.0
2022-08-02 02:00:00,2,,0.3
2022-08-02 03:00:00,3,,0.5
2022-08-02 04:00:00,4,,0.0
2022-08-02 05:00:00,5,,0.0
2022-08-02 06:00:00,6,,0.0
2022-08-02 07:00:00,7,,0.1
2022-08-02 08:00:00,8,,0.7
2022-08-02 09:00:00,9,,0.8
2022-08-02 10:00:00,10,59.8,0.7
2022-08-02 11:00:00,11,594.2,0.7
2022-08-02 12:00:00,12,1733.1,2.1
2022-08-02 13:00:00,13,2437.4,3.1
2022-08-02 14:00:00,14,2942.2,3.5
2022-08-02 15:00:00,15,3170.4,3.9
2022-08-02 16:00:00,16,2722.5,3.5
2022-08-02 17:00:00,17,2291.1,3.7
2022-08-02 18:00:00,18,2263.5,3.3
2022-08-02 19:00:00,19,1766.7,3.4
2022-08-02 20:00:00,20,1026.4,3.4
2022-08-02 21:00:00,21,172.0,1.3
2022-08-02 22:00:00,22,,0.8
2022-08-02 23:00:00,23,,0.5
2022-08-03 00:00:00,0,,0.0
2022-08-03 01:00:00,1,,0.8
2022-08-03 02:00:00,2,,0.0
2022-08-03 03:00:00,3,,0.2
2022-08-03 04:00:00,4,,0.2
2022-08-03 05:00:00,5,,0.1
2022-08-03 06:00:00,6,,0.0
2022-08-03 07:00:00,7,,0.8
2022-08-03 08:00:00,8,,0.0
2022-08-03 09:00:00,9,,0.0
2022-08-03 10:00:00,10,78.6,0.0
2022-08-03 11:00:00,11,641.1,0.1
2022-08-03 12:00:00,12,1701.8,0.4
2022-08-03 13:00:00,13,2405.4,3.1
2022-08-03 14:00:00,14,2906.1,3.7
2022-08-03 15:00:00,15,3070.6,3.3
2022-08-03 16:00:00,16,2560.6,3.3
2022-08-03 17:00:00,17,1855.2,1.7
2022-08-03 18:00:00,18,2308.4,1.7
2022-08-03 19:00:00,19,1323.8,1.8
2022-08-03 20:00:00,20,490.9,1.7
2022-08-03 21:00:00,21,177.3,1.2
2022-08-03 22:00:00,22,,0.7
2022-08-03 23:00:00,23,,0.0
2022-08-04 00:00:00,0,,0.0
2022-08-04 01:00:00,1,,0.1
2022-08-04 02:00:00,2,,0.0
2022-08-04 03:00:00,3,,0.0
2022-08-04 04:00:00,4,,0.6
2022-08-04 05:00:00,5,,0.0
2022-08-04 06:00:00,6,,0.0
2022-08-04 07:00:00,7,,0.0
2022-08-04 08:00:00,8,,0.1
2022-08-04 09:00:00,9,,0.0
2022-08-04 10:00:00,10,111.1,0.0
2022-08-04 11:00:00,11,688.2,1.2
2022-08-04 12:00:00,12,835.0,0.1
2022-08-04 13:00:00,13,1792.1,2.0
2022-08-04 14:00:00,14,2073.4,2.6
2022-08-04 15:00:00,15,3034.3,2.5
2022-08-04 16:00:00,16,2920.1,2.2
2022-08-04 17:00:00,17,1958.6,2.1
2022-08-04 18:00:00,18,2138.3,2.7
2022-08-04 19:00:00,19,1340.6,1.6
2022-08-04 20:00:00,20,695.1,1.2
2022-08-04 21:00:00,21,50.8,1.5
2022-08-04 22:00:00,22,,0.7
2022-08-04 23:00:00,23,,0.8
2022-08-05 00:00:00,0,,0.0
2022-08-05 01:00:00,1,,0.0
2022-08-05 02:00:00,2,,0.5
2022-08-05 03:00:00,3,,0.9
2022-08-05 04:00:00,4,,1.2
2022-08-05 05:00:00,5,,2.2
2022-08-05 06:00:00,6,,0.5
2022-08-05 07:00:00,7,,0.4
2022-08-05 08:00:00,8,,0.0
2022-08-05 09:00:00,9,,0.9
2022-08-05 10:00:00,10,80.5,1.5
2022-08-05 11:00:00,11,424.3,1.3
2022-08-05 12:00:00,12,1318.6,2.1
2022-08-05 13:00:00,13,1823.4,2.2
2022-08-05 14:00:00,14,2020.9,2.9
2022-08-05 15:00:00,15,2234.3,2.9
2022-08-05 16:00:00,16,2273.7,3.0
2022-08-05 17:00:00,17,1867.3,1.9
2022-08-05 18:00:00,18,1724.3,1.9
2022-08-05 19:00:00,19,891.7,2.5
2022-08-05 20:00:00,20,795.5,1.8
2022-08-05 21:00:00,21,226.1,1.4
2022-08-05 22:00:00,22,,1.5
2022-08-05 23:00:00,23,,0.6
2022-08-06 00:00:00,0,,0.0
2022-08-06 01:00:00,1,,0.9
2022-08-06 02:00:00,2,,0.1
2022-08-06 03:00:00,3,,0.4
2022-08-06 04:00:00,4,,0.0
2022-08-06 05:00:00,5,,0.4
2022-08-06 06:00:00,6,,0.7
2022-08-06 07:00:00,7,,0.0
2022-08-06 08:00:00,8,,0.7
2022-08-06 09:00:00,9,,0.5
2022-08-06 10:00:00,10,102.7,0.3
2022-08-06 11:00:00,11,747.6,1.8
2022-08-06 12:00:00,12,1736.3,1.6
2022-08-06 13:00:00,13,2430.8,2.5
2022-08-06 14:00:00,14,2931.8,2.6
2022-08-06 15:00:00,15,3142.0,2.7
2022-08-06 16:00:00,16,2697.5,2.9
2022-08-06 17:00:00,17,2319.5,2.6
2022-08-06 18:00:00,18,2285.9,3.2
2022-08-06 19:00:00,19,1754.3,3.5
2022-08-06 20:00:00,20,937.0,1.9
2022-08-06 21:00:00,21,169.9,1.5
2022-08-06 22:00:00,22,,1.7
2022-08-06 23:00:00,23,,0.0
2022-08-07 00:00:00,0,,0.2
2022-08-07 01:00:00,1,,0.0
2022-08-07 02:00:00,2,,0.6
2022-08-07 03:00:00,3,,0.0
2022-08-07 04:00:00,4,,0.4
2022-08-07 05:00:00,5,,0.1
2022-08-07 06:00:00,6,,0.0
2022-08-07 07:00:00,7,,1.2
2022-08-07 08:00:00,8,,0.1
2022-08-07 09:00:00,9,,0.4
2022-08-07 10:00:00,10,65.0,0.0
2022-08-07 11:00:00,11,783.7,0.5
2022-08-07 12:00:00,12,1761.7,0.3
2022-08-07 13:00:00,13,2460.9,3.5
2022-08-07 14:00:00,14,2964.7,2.9
2022-08-07 15:00:00,15,3165.4,3.0
2022-08-07 16:00:00,16,2735.8,2.3
2022-08-07 17:00:00,17,2346.8,3.1
2022-08-07 18:00:00,18,2286.1,2.3
2022-08-07 19:00:00,19,1764.6,2.1
2022-08-07 20:00:00,20,1033.3,1.6
2022-08-07 21:00:00,21,174.2,0.8
2022-08-07 22:00:00,22,,0.0
2022-08-07 23:00:00,23,,0.1
2022-08-08 00:00:00,0,,0.0
2022-08-08 01:00:00,1,,0.3
2022-08-08 02:00:00,2,,0.6
2022-08-08 03:00:00,3,,1.6
2022-08-08 04:00:00,4,,0.2
2022-08-08 05:00:00,5,,0.3
2022-08-08 06:00:00,6,,0.4
2022-08-08 07:00:00,7,,0.0
2022-08-08 08:00:00,8,,0.3
2022-08-08 09:00:00,9,,0.3
2022-08-08 10:00:00,10,65.3,0.2
2022-08-08 11:00:00,11,780.9,0.1
2022-08-08 12:00:00,12,1764.4,2.9
2022-08-08 13:00:00,13,2468.2,2.0
2022-08-08 14:00:00,14,2972.7,2.8
2022-08-08 15:00:00,15,3208.8,2.5
2022-08-08 16:00:00,16,2771.7,3.7
2022-08-08 17:00:00,17,2398.2,4.4
2022-08-08 18:00:00,18,2335.9,3.9
2022-08-08 19:00:00,19,1801.8,2.5
2022-08-08 20:00:00,20,1071.2,1.9
2022-08-08 21:00:00,21,193.7,0.8
2022-08-08 22:00:00,22,,1.0
2022-08-08 23:00:00,23,,0.0
2022-08-09 00:00:00,0,,0.8
2022-08-09 01:00:00,1,,0.0
2022-08-09 02:00:00,2,,0.1
2022-08-09 03:00:00,3,,0.1
2022-08-09 04:00:00,4,,0.2
2022-08-09 05:00:00,5,,0.5
2022-08-09 06:00:00,6,,0.0
2022-08-09 07:00:00,7,,0.0
2022-08-09 08:00:00,8,,0.0
2022-08-09 09:00:00,9,,1.4
2022-08-09 10:00:00,10,81.1,0.9
2022-08-09 11:00:00,11,791.6,0.1
2022-08-09 12:00:00,12,1732.9,0.8
2022-08-09 13:00:00,13,2455.2,1.9
2022-08-09 14:00:00,14,2956.4,2.7
2022-08-09 15:00:00,15,2979.6,2.1
2022-08-09 16:00:00,16,2448.7,1.8
2022-08-09 17:00:00,17,2232.6,2.7
2022-08-09 18:00:00,18,2121.5,3.1
2022-08-09 19:00:00,19,1617.6,1.0
2022-08-09 20:00:00,20,1058.0,1.4
2022-08-09 21:00:00,21,191.3,1.2
2022-08-09 22:00:00,22,,1.2
2022-08-09 23:00:00,23,,1.2
2022-08-10 00:00:00,0,,0.0
2022-08-10 01:00:00,1,,0.0
2022-08-10 02:00:00,2,,0.1
2022-08-10 03:00:00,3,,0.0
2022-08-10 04:00:00,4,,1.3
2022-08-10 05:00:00,5,,0.2
2022-08-10 06:00:00,6,,0.3
2022-08-10 07:00:00,7,,0.0
2022-08-10 08:00:00,8,,3.7
2022-08-10 09:00:00,9,,0.6
2022-08-10 10:00:00,10,81.4,0.4
2022-08-10 11:00:00,11,793.3,0.9
2022-08-10 12:00:00,12,1727.1,0.8
2022-08-10 13:00:00,13,2407.4,1.0
2022-08-10 14:00:00,14,2897.5,1.5
2022-08-10 15:00:00,15,3142.5,1.8
2022-08-10 16:00:00,16,2747.2,2.2
2022-08-10 17:00:00,17,2405.2,1.4
2022-08-10 18:00:00,18,2066.8,1.6
2022-08-10 19:00:00,19,1405.9,1.0
2022-08-10 20:00:00,20,973.2,0.6
2022-08-10 21:00:00,21,125.2,0.9
2022-08-10 22:00:00,22,,0.0
2022-08-10 23:00:00,23,,0.3
2022-08-11 00:00:00,0,,1.4
2022-08-11 01:00:00,1,,0.9
2022-08-11 02:00:00,2,,0.8
2022-08-11 03:00:00,3,,0.6
2022-08-11 04:00:00,4,,0.8
2022-08-11 05:00:00,5,,0.3
2022-08-11 06:00:00,6,,0.6
2022-08-11 07:00:00,7,,2.1
2022-08-11 08:00:00,8,,1.4
2022-08-11 09:00:00,9,,0.0
2022-08-11 10:00:00,10,47.9,0.0
2022-08-11 11:00:00,11,212.8,0.2
2022-08-11 12:00:00,12,493.5,1.3
2022-08-11 13:00:00,13,723.3,2.8
2022-08-11 14:00:00,14,1138.5,1.8
2022-08-11 15:00:00,15,2947.6,1.3
2022-08-11 16:00:00,16,2737.5,1.5
2022-08-11 17:00:00,17,2367.1,1.7
2022-08-11 18:00:00,18,2260.0,1.2
2022-08-11 19:00:00,19,1622.7,2.3
2022-08-11 20:00:00,20,1004.2,1.6
2022-08-11 21:00:00,21,173.9,0.8
2022-08-11 22:00:00,22,,0.0
2022-08-11 23:00:00,23,,0.0
2022-08-12 00:00:00,0,,0.3
2022-08-12 01:00:00,1,,1.0
2022-08-12 02:00:00,2,,0.1
2022-08-12 03:00:00,3,,0.0
2022-08-12 04:00:00,4,,0.0
2022-08-12 05:00:00,5,,0.0
2022-08-12 06:00:00,6,,1.8
2022-08-12 07:00:00,7,,0.2
2022-08-12 08:00:00,8,,1.2
2022-08-12 09:00:00,9,,1.2
2022-08-12 10:00:00,10,80.7,0.3
2022-08-12 11:00:00,11,408.5,1.5
2022-08-12 12:00:00,12,612.4,2.6
2022-08-12 13:00:00,13,1577.1,2.6
2022-08-12 14:00:00,14,2500.3,2.4
2022-08-12 15:00:00,15,3104.9,1.6
2022-08-12 16:00:00,16,2758.4,1.9
2022-08-12 17:00:00,17,2288.3,1.2
2022-08-12 18:00:00,18,2039.6,1.4
2022-08-12 19:00:00,19,1630.6,1.9
2022-08-12 20:00:00,20,1014.5,2.5
2022-08-12 21:00:00,21,157.1,1.5
2022-08-12 22:00:00,22,,0.8
2022-08-12 23:00:00,23,,0.0
2022-08-13 00:00:00,0,,0.3
2022-08-13 01:00:00,1,,0.0
2022-08-13 02:00:00,2,,1.3
2022-08-13 03:00:00,3,,1.1
2022-08-13 04:00:00,4,,0.9
2022-08-13 05:00:00,5,,1.5
2022-08-13 06:00:00,6,,0.5
2022-08-13 07:00:00,7,,0.2
2022-08-13 08:00:00,8,,0.0
2022-08-13 09:00:00,9,,0.0
2022-08-13 10:00:00,10,188.7,0.6
2022-08-13 11:00:00,11,771.3,0.9
2022-08-13 12:00:00,12,1679.7,1.2
2022-08-13 13:00:00,13,2408.3,3.1
2022-08-13 14:00:00,14,2890.7,3.7
2022-08-13 15:00:00,15,3128.2,4.2
2022-08-13 16:00:00,16,2762.3,3.2
2022-08-13 17:00:00,17,2431.4,3.3
2022-08-13 18:00:00,18,2277.0,3.1
2022-08-13 19:00:00,19,1698.9,3.1
2022-08-13 20:00:00,20,961.6,2.4
2022-08-13 21:00:00,21,169.8,0.4
2022-08-13 22:00:00,22,,0.0
2022-08-13 23:00:00,23,,0.1
2022-08-14 00:00:00,0,,0.0
2022-08-14 01:00:00,1,,1.0
2022-08-14 02:00:00,2,,0.8
2022-08-14 03:00:00,3,,0.3
2022-08-14 04:00:00,4,,0.1
2022-08-14 05:00:00,5,,0.0
2022-08-14 06:00:00,6,,0.0
2022-08-14 07:00:00,7,,0.0
2022-08-14 08:00:00,8,,0.0
2022-08-14 09:00:00,9,,0.4
2022-08-14 10:00:00,10,119.2,0.7
2022-08-14 11:00:00,11,874.8,3.6
2022-08-14 12:00:00,12,1613.7,3.4
2022-08-14 13:00:00,13,2451.6,4.4
2022-08-14 14:00:00,14,2869.9,4.4
2022-08-14 15:00:00,15,3080.7,3.6
2022-08-14 16:00:00,16,2875.2,3.5
2022-08-14 17:00:00,17,2460.4,3.1
2022-08-14 18:00:00,18,2209.8,3.0
2022-08-14 19:00:00,19,1546.7,2.3
2022-08-14 20:00:00,20,912.1,2.3
2022-08-14 21:00:00,21,112.6,1.7
2022-08-14 22:00:00,22,,1.3
2022-08-14 23:00:00,23,,0.0
2022-08-15 00:00:00,0,,0.2
2022-08-15 01:00:00,1,,0.0
2022-08-15 02:00:00,2,,0.9
2022-08-15 03:00:00,3,,0.0
2022-08-15 04:00:00,4,,0.0
2022-08-15 05:00:00,5,,0.0
2022-08-15 06:00:00,6,,2.0
2022-08-15 07:00:00,7,,2.6
2022-08-15 08:00:00,8,,1.8
2022-08-15 09:00:00,9,,1.1
2022-08-15 10:00:00,10,100.1,1.2
2022-08-15 11:00:00,11,911.4,2.7
2022-08-15 12:00:00,12,1787.4,2.4
2022-08-15 13:00:00,13,2468.0,3.8
2022-08-15 14:00:00,14,2959.6,3.9
2022-08-15 15:00:00,15,3162.6,3.1
2022-08-15 16:00:00,16,2777.5,3.2
2022-08-15 17:00:00,17,2518.8,2.1
2022-08-15 18:00:00,18,2335.2,2.2
2022-08-15 19:00:00,19,1635.4,3.3
2022-08-15 20:00:00,20,1000.2,2.4
2022-08-15 21:00:00,21,236.1,1.6
2022-08-15 22:00:00,22,,1.4
2022-08-15 23:00:00,23,,1.0
2022-08-16 00:00:00,0,,0.6
2022-08-16 01:00:00,1,,0.0
2022-08-16 02:00:00,2,,1.7
2022-08-16 03:00:00,3,,0.1
2022-08-16 04:00:00,4,,0.0
2022-08-16 05:00:00,5,,0.0
2022-08-16 06:00:00,6,,0.0
2022-08-16 07:00:00,7,,0.0
2022-08-16 08:00:00,8,,0.0
2022-08-16 09:00:00,9,,0.0
2022-08-16 10:00:00,10,97.7,2.9
2022-08-16 11:00:00,11,936.7,3.5
2022-08-16 12:00:00,12,1808.6,4.1
2022-08-16 13:00:00,13,2495.2,3.9
2022-08-16 14:00:00,14,2979.9,4.1
2022-08-16 15:00:00,15,3198.5,2.9
2022-08-16 16:00:00,16,2087.4,2.5
2022-08-16 17:00:00,17,2159.1,3.2
2022-08-16 18:00:00,18,2219.8,3.1
2022-08-16 19:00:00,19,1841.2,3.5
2022-08-16 20:00:00,20,1098.9,3.2
2022-08-16 21:00:00,21,241.2,1.4
2022-08-16 22:00:00,22,,0.3
2022-08-16 23:00:00,23,,0.0
2022-08-17 00:00:00,0,,0.0
2022-08-17 01:00:00,1,,0.9
2022-08-17 02:00:00,2,,0.6
2022-08-17 03:00:00,3,,0.0
2022-08-17 04:00:00,4,,0.2
2022-08-17 05:00:00,5,,0.0
2022-08-17 06:00:00,6,,0.9
2022-08-17 07:00:00,7,,1.0
2022-08-17 08:00:00,8,,0.0
2022-08-17 09:00:00,9,,0.0
2022-08-17 10:00:00,10,88.4,0.0
2022-08-17 11:00:00,11,942.8,2.9
2022-08-17 12:00:00,12,1799.7,2.7
2022-08-17 13:00:00,13,2481.5,4.2
2022-08-17 14:00:00,14,2813.7,2.7
2022-08-17 15:00:00,15,3188.5,2.5
2022-08-17 16:00:00,16,2893.0,2.5
2022-08-17 17:00:00,17,2505.4,3.2
2022-08-17 18:00:00,18,2434.8,1.9
2022-08-17 19:00:00,19,1570.1,2.4
2022-08-17 20:00:00,20,1067.3,2.4
2022-08-17 21:00:00,21,221.4,0.9
2022-08-17 22:00:00,22,,1.2
2022-08-17 23:00:00,23,,0.0
2022-08-18 00:00:00,0,,0.0
2022-08-18 01:00:00,1,,1.0
2022-08-18 02:00:00,2,,0.0
2022-08-18 03:00:00,3,,1.2
2022-08-18 04:00:00,4,,0.0
2022-08-18 05:00:00,5,,0.0
2022-08-18 06:00:00,6,,0.2
2022-08-18 07:00:00,7,,0.0
2022-08-18 08:00:00,8,,0.0
2022-08-18 09:00:00,9,,2.6
2022-08-18 10:00:00,10,98.3,0.1
2022-08-18 11:00:00,11,875.4,1.3
2022-08-18 12:00:00,12,1795.1,3.2
2022-08-18 13:00:00,13,2230.9,3.7
2022-08-18 14:00:00,14,2822.9,3.6
2022-08-18 15:00:00,15,3065.2,2.7
2022-08-18 16:00:00,16,2764.2,1.6
2022-08-18 17:00:00,17,2496.1,2.3
2022-08-18 18:00:00,18,1846.1,1.7
2022-08-18 19:00:00,19,1876.2,1.1
2022-08-18 20:00:00,20,1156.6,2.5
2022-08-18 21:00:00,21,212.7,1.1
2022-08-18 22:00:00,22,,1.2
2022-08-18 23:00:00,23,,0.1
2022-08-19 00:00:00,0,,0.0
2022-08-19 01:00:00,1,,0.0
2022-08-19 02:00:00,2,,0.0
2022-08-19 03:00:00,3,,0.4
2022-08-19 04:00:00,4,,0.9
2022-08-19 05:00:00,5,,1.7
2022-08-19 06:00:00,6,,1.5
2022-08-19 07:00:00,7,,0.0
2022-08-19 08:00:00,8,,0.0
2022-08-19 09:00:00,9,,0.0
2022-08-19 10:00:00,10,98.2,2.2
2022-08-19 11:00:00,11,929.5,1.1
2022-08-19 12:00:00,12,1811.0,3.6
2022-08-19 13:00:00,13,2476.7,2.7
2022-08-19 14:00:00,14,2966.4,3.4
2022-08-19 15:00:00,15,3176.3,2.2
2022-08-19 16:00:00,16,2828.7,3.6
2022-08-19 17:00:00,17,2601.7,2.3
2022-08-19 18:00:00,18,2330.1,2.3
2022-08-19 19:00:00,19,1563.8,2.6
2022-08-19 20:00:00,20,1104.8,2.7
2022-08-19 21:00:00,21,204.3,0.9
2022-08-19 22:00:00,22,,0.0
2022-08-19 23:00:00,23,,1.1
2022-08-20 00:00:00,0,,0.0
2022-08-20 01:00:00,1,,0.4
2022-08-20 02:00:00,2,,0.7
2022-08-20 03:00:00,3,,0.1
2022-08-20 04:00:00,4,,1.8
2022-08-20 05:00:00,5,,0.0
2022-08-20 06:00:00,6,,0.0
2022-08-20 07:00:00,7,,0.0
2022-08-20 08:00:00,8,,1.1
2022-08-20 09:00:00,9,,2.1
2022-08-20 10:00:00,10,100.4,0.9
2022-08-20 11:00:00,11,947.3,2.4
2022-08-20 12:00:00,12,1836.4,3.2
2022-08-20 13:00:00,13,2513.9,3.8
2022-08-20 14:00:00,14,3005.1,3.5
2022-08-20 15:00:00,15,3199.9,4.3
2022-08-20 16:00:00,16,2871.1,2.9
2022-08-20 17:00:00,17,2623.1,3.2
2022-08-20 18:00:00,18,2447.0,3.2
2022-08-20 19:00:00,19,1606.8,2.7
2022-08-20 20:00:00,20,814.5,1.9
2022-08-20 21:00:00,21,197.3,0.5
2022-08-20 22:00:00,22,,1.6
2022-08-20 23:00:00,23,,1.7
2022-08-21 00:00:00,0,,0.0
2022-08-21 01:00:00,1,,0.0
2022-08-21 02:00:00,2,,0.4
2022-08-21 03:00:00,3,,0.3
2022-08-21 04:00:00,4,,0.7
2022-08-21 05:00:00,5,,2.7
2022-08-21 06:00:00,6,,3.6
2022-08-21 07:00:00,7,,4.5
2022-08-21 08:00:00,8,,3.2
2022-08-21 09:00:00,9,,3.5
2022-08-21 10:00:00,10,117.9,3.1
2022-08-21 11:00:00,11,966.8,5.5
2022-08-21 12:00:00,12,1853.8,5.8
2022-08-21 13:00:00,13,2519.2,5.7
2022-08-21 14:00:00,14,3001.3,6.2
2022-08-21 15:00:00,15,3205.7,4.5
2022-08-21 16:00:00,16,2894.2,4.7
2022-08-21 17:00:00,17,2621.8,4.6
2022-08-21 18:00:00,18,2391.7,3.3
2022-08-21 19:00:00,19,1767.8,3.2
2022-08-21 20:00:00,20,1021.9,3.6
2022-08-21 21:00:00,21,222.2,1.7
2022-08-21 22:00:00,22,,1.5
2022-08-21 23:00:00,23,,1.1
2022-08-22 00:00:00,0,,0.0
2022-08-22 01:00:00,1,,1.2
2022-08-22 02:00:00,2,,0.8
2022-08-22 03:00:00,3,,1.0
2022-08-22 04:00:00,4,,0.0
2022-08-22 05:00:00,5,,0.0
2022-08-22 06:00:00,6,,1.3
2022-08-22 07:00:00,7,,2.4
2022-08-22 08:00:00,8,,2.4
2022-08-22 09:00:00,9,,2.8
2022-08-22 10:00:00,10,114.8,3.1
2022-08-22 11:00:00,11,881.8,3.9
2022-08-22 12:00:00,12,1786.0,3.0
2022-08-22 13:00:00,13,2470.0,3.8
2022-08-22 14:00:00,14,2892.9,3.9
2022-08-22 15:00:00,15,3086.0,3.8
2022-08-22 16:00:00,16,3091.8,3.6
2022-08-22 17:00:00,17,1543.3,3.1
2022-08-22 18:00:00,18,2272.5,2.5
2022-08-22 19:00:00,19,1229.3,1.8
2022-08-22 20:00:00,20,744.7,1.8
2022-08-22 21:00:00,21,168.2,1.2
2022-08-22 22:00:00,22,,1.3
2022-08-22 23:00:00,23,,0.0
2022-08-23 00:00:00,0,,0.0
2022-08-23 01:00:00,1,,0.4
2022-08-23 02:00:00,2,,0.9
2022-08-23 03:00:00,3,,0.5
2022-08-23 04:00:00,4,,0.0
2022-08-23 05:00:00,5,,0.6
2022-08-23 06:00:00,6,,0.0
2022-08-23 07:00:00,7,,0.1
2022-08-23 08:00:00,8,,0.0
2022-08-23 09:00:00,9,,0.2
2022-08-23 10:00:00,10,116.9,1.3
2022-08-23 11:00:00,11,872.6,2.3
2022-08-23 12:00:00,12,1759.1,3.3
2022-08-23 13:00:00,13,2424.0,3.3
2022-08-23 14:00:00,14,2715.2,3.0
2022-08-23 15:00:00,15,3161.3,3.3
2022-08-23 16:00:00,16,2755.6,1.9
2022-08-23 17:00:00,17,2412.8,2.6
2022-08-23 18:00:00,18,1549.7,2.4
2022-08-23 19:00:00,19,1450.6,1.8
2022-08-23 20:00:00,20,785.1,1.9
2022-08-23 21:00:00,21,218.7,1.1
2022-08-23 22:00:00,22,,0.1
2022-08-23 23:00:00,23,,0.0
2022-08-24 00:00:00,0,,0.0
2022-08-24 01:00:00,1,,0.2
2022-08-24 02:00:00,2,,1.8
2022-08-24 03:00:00,3,,0.5
2022-08-24 04:00:00,4,,0.7
2022-08-24 05:00:00,5,,0.0
2022-08-24 06:00:00,6,,0.0
2022-08-24 07:00:00,7,,0.2
2022-08-24 08:00:00,8,,0.3
2022-08-24 09:00:00,9,,0.7
2022-08-24 10:00:00,10,76.7,0.4
2022-08-24 11:00:00,11,937.4,1.0
2022-08-24 12:00:00,12,1858.4,3.3
2022-08-24 13:00:00,13,2488.7,2.3
2022-08-24 14:00:00,14,2963.5,2.3
2022-08-24 15:00:00,15,3186.3,2.3
2022-08-24 16:00:00,16,2438.6,2.2
2022-08-24 17:00:00,17,2168.6,2.6
2022-08-24 18:00:00,18,1673.4,2.4
2022-08-24 19:00:00,19,1570.9,2.3
2022-08-24 20:00:00,20,1110.8,2.8
2022-08-24 21:00:00,21,217.0,1.5
2022-08-24 22:00:00,22,,1.0
2022-08-24 23:00:00,23,,0.0
2022-08-25 00:00:00,0,,0.2
2022-08-25 01:00:00,1,,0.6
2022-08-25 02:00:00,2,,0.0
2022-08-25 03:00:00,3,,0.0
2022-08-25 04:00:00,4,,0.0
2022-08-25 05:00:00,5,,0.1
2022-08-25 06:00:00,6,,2.2
2022-08-25 07:00:00,7,,0.3
2022-08-25 08:00:00,8,,0.0
2022-08-25 09:00:00,9,,0.6
2022-08-25 10:00:00,10,109.7,0.0
2022-08-25 11:00:00,11,938.1,1.1
2022-08-25 12:00:00,12,1844.2,2.9
2022-08-25 13:00:00,13,2471.3,2.8
2022-08-25 14:00:00,14,2946.7,4.1
2022-08-25 15:00:00,15,3166.8,3.0
2022-08-25 16:00:00,16,2755.8,3.5
2022-08-25 17:00:00,17,2458.8,3.1
2022-08-25 18:00:00,18,2134.9,2.8
2022-08-25 19:00:00,19,1522.5,3.4
2022-08-25 20:00:00,20,700.3,2.8
2022-08-25 21:00:00,21,144.4,1.0
2022-08-25 22:00:00,22,,0.0
2022-08-25 23:00:00,23,,0.1
2022-08-26 00:00:00,0,,0.0
2022-08-26 01:00:00,1,,0.0
2022-08-26 02:00:00,2,,0.0
2022-08-26 03:00:00,3,,0.3
2022-08-26 04:00:00,4,,0.0
2022-08-26 05:00:00,5,,0.2
2022-08-26 06:00:00,6,,0.1
2022-08-26 07:00:00,7,,2.8
2022-08-26 08:00:00,8,,2.0
2022-08-26 09:00:00,9,,0.2
2022-08-26 10:00:00,10,115.7,0.2
2022-08-26 11:00:00,11,947.7,0.1
2022-08-26 12:00:00,12,1860.2,2.5
2022-08-26 13:00:00,13,2502.7,3.0
2022-08-26 14:00:00,14,3006.4,2.4
2022-08-26 15:00:00,15,3201.3,2.8
2022-08-26 16:00:00,16,2923.7,3.2
2022-08-26 17:00:00,17,2669.4,2.2
2022-08-26 18:00:00,18,2099.7,2.6
2022-08-26 19:00:00,19,1819.3,4.0
2022-08-26 20:00:00,20,895.0,2.7
2022-08-26 21:00:00,21,172.0,0.6
2022-08-26 22:00:00,22,,0.0
2022-08-26 23:00:00,23,,1.6
2022-08-27 00:00:00,0,,0.6
2022-08-27 01:00:00,1,,0.0
2022-08-27 02:00:00,2,,1.9
2022-08-27 03:00:00,3,,0.0
2022-08-27 04:00:00,4,,0.0
2022-08-27 05:00:00,5,,0.0
2022-08-27 06:00:00,6,,0.8
2022-08-27 07:00:00,7,,0.0
2022-08-27 08:00:00,8,,2.6
2022-08-27 09:00:00,9,,1.8
2022-08-27 10:00:00,10,107.4,1.6
2022-08-27 11:00:00,11,1007.7,4.4
2022-08-27 12:00:00,12,1888.1,3.5
2022-08-27 13:00:00,13,2551.7,4.9
2022-08-27 14:00:00,14,3055.5,4.0
2022-08-27 15:00:00,15,3242.6,3.9
2022-08-27 16:00:00,16,2975.0,3.0
2022-08-27 17:00:00,17,2712.9,3.2
2022-08-27 18:00:00,18,2403.6,2.2
2022-08-27 19:00:00,19,1741.7,3.3
2022-08-27 20:00:00,20,1024.3,2.8
2022-08-27 21:00:00,21,201.1,1.2
2022-08-27 22:00:00,22,,1.2
2022-08-27 23:00:00,23,,1.4
2022-08-28 00:00:00,0,,0.0
2022-08-28 01:00:00,1,,0.5
2022-08-28 02:00:00,2,,1.2
2022-08-28 03:00:00,3,,0.0
2022-08-28 04:00:00,4,,0.0
2022-08-28 05:00:00,5,,0.0
2022-08-28 06:00:00,6,,0.1
2022-08-28 07:00:00,7,,0.0
2022-08-28 08:00:00,8,,0.0
2022-08-28 09:00:00,9,,0.1
2022-08-28 10:00:00,10,120.9,0.5
2022-08-28 11:00:00,11,1002.1,4.2
2022-08-28 12:00:00,12,1888.1,5.3
2022-08-28 13:00:00,13,2547.2,4.5
2022-08-28 14:00:00,14,3031.4,3.2
2022-08-28 15:00:00,15,3271.1,3.5
2022-08-28 16:00:00,16,2934.2,2.7
2022-08-28 17:00:00,17,2396.8,2.0
2022-08-28 18:00:00,18,1653.2,1.6
2022-08-28 19:00:00,19,1841.2,2.9
2022-08-28 20:00:00,20,1081.2,3.3
2022-08-28 21:00:00,21,216.5,1.1
2022-08-28 22:00:00,22,,1.0
2022-08-28 23:00:00,23,,1.2
2022-08-29 00:00:00,0,,0.0
2022-08-29 01:00:00,1,,0.0
2022-08-29 02:00:00,2,,0.0
2022-08-29 03:00:00,3,,0.0
2022-08-29 04:00:00,4,,0.0
2022-08-29 05:00:00,5,,0.0
2022-08-29 06:00:00,6,,0.0
2022-08-29 07:00:00,7,,0.0
2022-08-29 08:00:00,8,,0.0
2022-08-29 09:00:00,9,,0.0
2022-08-29 10:00:00,10,104.6,0.2
2022-08-29 11:00:00,11,1003.1,1.0
2022-08-29 12:00:00,12,1859.4,0.7
2022-08-29 13:00:00,13,2516.1,2.4
2022-08-29 14:00:00,14,3032.5,3.1
2022-08-29 15:00:00,15,3228.8,3.6
2022-08-29 16:00:00,16,3000.9,3.6
2022-08-29 17:00:00,17,2710.9,2.9
2022-08-29 18:00:00,18,2435.1,2.5
2022-08-29 19:00:00,19,1788.3,2.2
2022-08-29 20:00:00,20,1044.2,1.2
2022-08-29 21:00:00,21,189.4,0.2
2022-08-29 22:00:00,22,,0.0
2022-08-29 23:00:00,23,,1.4
2022-08-30 00:00:00,0,,0.0
2022-08-30 01:00:00,1,,0.8
2022-08-30 02:00:00,2,,1.6
2022-08-30 03:00:00,3,,0.1
2022-08-30 04:00:00,4,,0.9
2022-08-30 05:00:00,5,,0.1
2022-08-30 06:00:00,6,,0.0
2022-08-30 07:00:00,7,,2.2
2022-08-30 08:00:00,8,,0.0
2022-08-30 09:00:00,9,,0.1
2022-08-30 10:00:00,10,116.5,0.6
2022-08-30 11:00:00,11,967.4,1.0
2022-08-30 12:00:00,12,1839.3,1.0
2022-08-30 13:00:00,13,2524.7,3.0
2022-08-30 14:00:00,14,3031.0,2.7
2022-08-30 15:00:00,15,3228.8,3.0
2022-08-30 16:00:00,16,2982.7,2.5
2022-08-30 17:00:00,17,2766.4,2.9
2022-08-30 18:00:00,18,2376.9,2.9
2022-08-30 19:00:00,19,1723.1,2.6
2022-08-30 20:00:00,20,1027.5,2.3
2022-08-30 21:00:00,21,185.3,0.9
2022-08-30 22:00:00,22,,0.0
2022-08-30 23:00:00,23,,0.0
2022-08-31 00:00:00,0,,1.0
2022-08-31 01:00:00,1,,0.0
2022-08-31 02:00:00,2,,0.0
2022-08-31 03:00:00,3,,0.0
2022-08-31 04:00:00,4,,0.2
2022-08-31 05:00:00,5,,0.4
2022-08-31 06:00:00,6,,0.0
2022-08-31 07:00:00,7,,0.1
2022-08-31 08:00:00,8,,1.3
2022-08-31 09:00:00,9,,1.4
2022-08-31 10:00:00,10,132.3,1.2
2022-08-31 11:00:00,11,1009.0,3.6
2022-08-31 12:00:00,12,1858.3,4.0
2022-08-31 13:00:00,13,2508.3,3.6
2022-08-31 14:00:00,14,3010.8,3.2
2022-08-31 15:00:00,15,3191.7,4.2
2022-08-31 16:00:00,16,2940.2,3.4
2022-08-31 17:00:00,17,2752.1,3.6
2022-08-31 18:00:00,18,2406.5,3.4
2022-08-31 19:00:00,19,1749.4,4.0
2022-08-31 20:00:00,20,1030.4,2.4
2022-08-31 21:00:00,21,187.6,1.3
2022-08-31 22:00:00,22,,0.9
2022-08-31 23:00:00,23,,1.1
2022-09-01 00:00:00,0,,0.7
2022-09-01 01:00:00,1,,0.0
2022-09-01 02:00:00,2,,0.1
2022-09-01 03:00:00,3,,0.8
2022-09-01 04:00:00,4,,0.0
2022-09-01 05:00:00,5,,0.0
2022-09-01 06:00:00,6,,0.0
2022-09-01 07:00:00,7,,0.2
2022-09-01 08:00:00,8,,0.4
2022-09-01 09:00:00,9,,1.9
2022-09-01 10:00:00,10,131.0,3.8
2022-09-01 11:00:00,11,1069.9,4.2
2022-09-01 12:00:00,12,1937.6,3.7
2022-09-01 13:00:00,13,2578.6,3.9
2022-09-01 14:00:00,14,3048.2,4.0
2022-09-01 15:00:00,15,3239.1,4.0
2022-09-01 16:00:00,16,3021.8,4.0
2022-09-01 17:00:00,17,2805.3,4.2
2022-09-01 18:00:00,18,2440.0,2.3
2022-09-01 19:00:00,19,1772.6,2.6
2022-09-01 20:00:00,20,1052.0,2.7
2022-09-01 21:00:00,21,181.4,1.5
2022-09-01 22:00:00,22,,1.2
2022-09-01 23:00:00,23,,1.0
2022-09-02 00:00:00,0,,0.0
2022-09-02 01:00:00,1,,0.9
2022-09-02 02:00:00,2,,0.9
2022-09-02 03:00:00,3,,0.1
2022-09-02 04:00:00,4,,0.0
2022-09-02 05:00:00,5,,0.4
2022-09-02 06:00:00,6,,0.0
2022-09-02 07:00:00,7,,0.1
2022-09-02 08:00:00,8,,0.1
2022-09-02 09:00:00,9,,0.1
2022-09-02 10:00:00,10,137.1,0.0
2022-09-02 11:00:00,11,1074.3,3.8
2022-09-02 12:00:00,12,1951.4,3.3
2022-09-02 13:00:00,13,2592.0,3.0
2022-09-02 14:00:00,14,3059.4,3.4
2022-09-02 15:00:00,15,3220.5,3.6
2022-09-02 16:00:00,16,2737.3,3.7
2022-09-02 17:00:00,17,2360.1,1.1
2022-09-02 18:00:00,18,2600.4,3.2
2022-09-02 19:00:00,19,1884.2,1.5
2022-09-02 20:00:00,20,1084.0,1.6
2022-09-02 21:00:00,21,151.9,0.8
2022-09-02 22:00:00,22,,1.2
2022-09-02 23:00:00,23,,0.0
2022-09-03 00:00:00,0,,0.0
2022-09-03 01:00:00,1,,0.1
2022-09-03 02:00:00,2,,0.0
2022-09-03 03:00:00,3,,0.0
2022-09-03 04:00:00,4,,1.9
2022-09-03 05:00:00,5,,0.3
2022-09-03 06:00:00,6,,0.0
2022-09-03 07:00:00,7,,0.0
2022-09-03 08:00:00,8,,0.0
2022-09-03 09:00:00,9,,0.1
2022-09-03 10:00:00,10,186.6,0.4
2022-09-03 11:00:00,11,1090.3,1.7
2022-09-03 12:00:00,12,1939.2,3.9
2022-09-03 13:00:00,13,2566.8,4.9
2022-09-03 14:00:00,14,3018.9,3.7
2022-09-03 15:00:00,15,2966.7,3.8
2022-09-03 16:00:00,16,2582.4,3.1
2022-09-03 17:00:00,17,2126.7,2.2
2022-09-03 18:00:00,18,1657.9,2.8
2022-09-03 19:00:00,19,1588.5,2.3
2022-09-03 20:00:00,20,914.4,1.5
2022-09-03 21:00:00,21,156.5,0.8
2022-09-03 22:00:00,22,,0.8
2022-09-03 23:00:00,23,,0.9
2022-09-04 00:00:00,0,,0.0
2022-09-04 01:00:00,1,,0.6
2022-09-04 02:00:00,2,,0.0
2022-09-04 03:00:00,3,,1.2
2022-09-04 04:00:00,4,,0.0
2022-09-04 05:00:00,5,,0.1
2022-09-04 06:00:00,6,,0.0
2022-09-04 07:00:00,7,,0.6
2022-09-04 08:00:00,8,,2.0
2022-09-04 09:00:00,9,,1.3
2022-09-04 10:00:00,10,151.0,0.0
2022-09-04 11:00:00,11,1054.0,0.9
2022-09-04 12:00:00,12,1904.0,2.7
2022-09-04 13:00:00,13,2544.5,2.8
2022-09-04 14:00:00,14,3026.2,2.8
2022-09-04 15:00:00,15,3087.4,3.2
2022-09-04 16:00:00,16,2826.0,2.9
2022-09-04 17:00:00,17,2792.4,3.1
2022-09-04 18:00:00,18,2057.3,1.7
2022-09-04 19:00:00,19,1390.9,1.2
2022-09-04 20:00:00,20,703.4,1.9
2022-09-04 21:00:00,21,146.7,1.3
2022-09-04 22:00:00,22,,1.0
2022-09-04 23:00:00,23,,1.3
2022-09-05 00:00:00,0,,0.2
2022-09-05 01:00:00,1,,0.9
2022-09-05 02:00:00,2,,0.2
2022-09-05 03:00:00,3,,0.5
2022-09-05 04:00:00,4,,0.0
2022-09-05 05:00:00,5,,0.0
2022-09-05 06:00:00,6,,2.2
2022-09-05 07:00:00,7,,0.0
2022-09-05 08:00:00,8,,0.2
2022-09-05 09:00:00,9,,0.0
2022-09-05 10:00:00,10,165.7,1.4
2022-09-05 11:00:00,11,1087.9,2.3
2022-09-05 12:00:00,12,1920.9,4.6
2022-09-05 13:00:00,13,2524.0,3.1
2022-09-05 14:00:00,14,2988.9,3.7
2022-09-05 15:00:00,15,3137.4,3.7
2022-09-05 16:00:00,16,2982.9,3.3
2022-09-05 17:00:00,17,2627.0,2.7
2022-09-05 18:00:00,18,2119.0,2.4
2022-09-05 19:00:00,19,1724.4,3.1
2022-09-05 20:00:00,20,859.4,2.0
2022-09-05 21:00:00,21,131.8,1.0
2022-09-05 22:00:00,22,,1.0
2022-09-05 23:00:00,23,,1.4
2022-09-06 00:00:00,0,,0.0
2022-09-06 01:00:00,1,,0.0
2022-09-06 02:00:00,2,,0.0
2022-09-06 03:00:00,3,,0.0
2022-09-06 04:00:00,4,,0.1
2022-09-06 05:00:00,5,,0.1
2022-09-06 06:00:00,6,,0.4
2022-09-06 07:00:00,7,,1.3
2022-09-06 08:00:00,8,,1.9
2022-09-06 09:00:00,9,,0.7
2022-09-06 10:00:00,10,196.8,2.2
2022-09-06 11:00:00,11,1105.3,3.8
2022-09-06 12:00:00,12,1918.1,3.0
2022-09-06 13:00:00,13,2584.0,3.7
2022-09-06 14:00:00,14,3061.7,2.8
2022-09-06 15:00:00,15,3213.6,3.2
2022-09-06 16:00:00,16,3028.2,3.9
2022-09-06 17:00:00,17,2848.6,3.3
2022-09-06 18:00:00,18,2263.5,2.4
2022-09-06 19:00:00,19,1826.1,3.5
2022-09-06 20:00:00,20,1064.6,3.4
2022-09-06 21:00:00,21,140.5,2.4
2022-09-06 22:00:00,22,,0.7
2022-09-06 23:00:00,23,,1.2
2022-09-07 00:00:00,0,,0.0
2022-09-07 01:00:00,1,,0.0
2022-09-07 02:00:00,2,,0.0
2022-09-07 03:00:00,3,,0.0
2022-09-07 04:00:00,4,,0.0
2022-09-07 05:00:00,5,,0.0
2022-09-07 06:00:00,6,,0.0
2022-09-07 07:00:00,7,,0.1
2022-09-07 08:00:00,8,,1.1
2022-09-07 09:00:00,9,,0.8
2022-09-07 10:00:00,10,207.8,0.1
2022-09-07 11:00:00,11,1076.1,2.4
2022-09-07 12:00:00,12,1873.1,3.6
2022-09-07 13:00:00,13,2577.0,3.1
2022-09-07 14:00:00,14,3050.9,2.9
2022-09-07 15:00:00,15,3225.5,2.2
2022-09-07 16:00:00,16,3032.9,2.0
2022-09-07 17:00:00,17,2862.7,3.0
2022-09-07 18:00:00,18,2409.1,3.0
2022-09-07 19:00:00,19,1785.7,3.2
2022-09-07 20:00:00,20,983.9,3.1
2022-09-07 21:00:00,21,137.6,0.9
2022-09-07 22:00:00,22,,1.0
2022-09-07 23:00:00,23,,0.5
2022-09-08 00:00:00,0,,0.0
2022-09-08 01:00:00,1,,1.0
2022-09-08 02:00:00,2,,0.0
2022-09-08 03:00:00,3,,0.0
2022-09-08 04:00:00,4,,0.0
2022-09-08 05:00:00,5,,0.0
2022-09-08 06:00:00,6,,0.0
2022-09-08 07:00:00,7,,0.0
2022-09-08 08:00:00,8,,0.6
2022-09-08 09:00:00,9,,0.8
2022-09-08 10:00:00,10,211.2,0.7
2022-09-08 11:00:00,11,1115.2,0.4
2022-09-08 12:00:00,12,1953.4,1.5
2022-09-08 13:00:00,13,2601.1,3.3
2022-09-08 14:00:00,14,3095.2,3.0
2022-09-08 15:00:00,15,3212.2,3.9
2022-09-08 16:00:00,16,2972.8,3.1
2022-09-08 17:00:00,17,2571.5,1.5
2022-09-08 18:00:00,18,2123.1,1.7
2022-09-08 19:00:00,19,1449.1,2.2
2022-09-08 20:00:00,20,820.6,0.9
2022-09-08 21:00:00,21,136.2,1.1
2022-09-08 22:00:00,22,,1.6
2022-09-08 23:00:00,23,,0.1
2022-09-09 00:00:00,0,,0.1
2022-09-09 01:00:00,1,,0.1
2022-09-09 02:00:00,2,,0.0
2022-09-09 03:00:00,3,,1.6
2022-09-09 04:00:00,4,,0.7
2022-09-09 05:00:00,5,,0.2
2022-09-09 06:00:00,6,,1.2
2022-09-09 07:00:00,7,,1.0
2022-09-09 08:00:00,8,,0.1
2022-09-09 09:00:00,9,0.2,0.4
2022-09-09 10:00:00,10,207.4,0.2
2022-09-09 11:00:00,11,934.2,0.2
2022-09-09 12:00:00,12,1634.8,0.7
2022-09-09 13:00:00,13,2453.4,2.1
2022-09-09 14:00:00,14,2980.1,3.6
2022-09-09 15:00:00,15,2902.8,2.6
2022-09-09 16:00:00,16,2980.6,2.0
2022-09-09 17:00:00,17,2318.9,3.4
2022-09-09 18:00:00,18,2246.3,2.7
2022-09-09 19:00:00,19,1854.0,2.6
2022-09-09 20:00:00,20,1119.3,1.8
2022-09-09 21:00:00,21,108.4,0.4
2022-09-09 22:00:00,22,,0.0
2022-09-09 23:00:00,23,,1.9
2022-09-10 00:00:00,0,,2.1
2022-09-10 01:00:00,1,,0.6
2022-09-10 02:00:00,2,,2.3
2022-09-10 03:00:00,3,,1.1
2022-09-10 04:00:00,4,,0.7
2022-09-10 05:00:00,5,,2.0
2022-09-10 06:00:00,6,,1.1
2022-09-10 07:00:00,7,,3.8
2022-09-10 08:00:00,8,,0.7
2022-09-10 09:00:00,9,,0.2
2022-09-10 10:00:00,10,235.1,0.5
2022-09-10 11:00:00,11,942.5,0.7
2022-09-10 12:00:00,12,1903.6,0.6
2022-09-10 13:00:00,13,2585.1,3.1
2022-09-10 14:00:00,14,3073.4,2.4
2022-09-10 15:00:00,15,3241.3,2.5
2022-09-10 16:00:00,16,2937.1,2.5
2022-09-10 17:00:00,17,2622.8,1.5
2022-09-10 18:00:00,18,1531.3,1.9
2022-09-10 19:00:00,19,1000.5,0.0
2022-09-10 20:00:00,20,488.7,1.1
2022-09-10 21:00:00,21,112.8,0.0
2022-09-10 22:00:00,22,,1.4
2022-09-10 23:00:00,23,,0.5
2022-09-11 00:00:00,0,,0.0
2022-09-11 01:00:00,1,,0.0
2022-09-11 02:00:00,2,,0.0
2022-09-11 03:00:00,3,,0.8
2022-09-11 04:00:00,4,,0.5
2022-09-11 05:00:00,5,,1.1
2022-09-11 06:00:00,6,,1.5
2022-09-11 07:00:00,7,,3.7
2022-09-11 08:00:00,8,,1.0
2022-09-11 09:00:00,9,,0.7
2022-09-11 10:00:00,10,138.0,0.4
2022-09-11 11:00:00,11,667.5,1.5
2022-09-11 12:00:00,12,1263.1,2.3
2022-09-11 13:00:00,13,2341.7,1.5
2022-09-11 14:00:00,14,2944.9,0.7
2022-09-11 15:00:00,15,3142.1,2.6
2022-09-11 16:00:00,16,3015.7,2.0
2022-09-11 17:00:00,17,2821.5,1.7
2022-09-11 18:00:00,18,2186.7,1.9
2022-09-11 19:00:00,19,1419.5,1.7
2022-09-11 20:00:00,20,659.7,0.8
2022-09-11 21:00:00,21,78.1,1.1
2022-09-11 22:00:00,22,,0.7
2022-09-11 23:00:00,23,,0.0
2022-09-12 00:00:00,0,,2.4
2022-09-12 01:00:00,1,,0.7
2022-09-12 02:00:00,2,,0.0
2022-09-12 03:00:00,3,,1.1
2022-09-12 04:00:00,4,,0.9
2022-09-12 05:00:00,5,,0.0
2022-09-12 06:00:00,6,,0.0
2022-09-12 07:00:00,7,,1.2
2022-09-12 08:00:00,8,,0.6
2022-09-12 09:00:00,9,,1.4
2022-09-12 10:00:00,10,98.9,0.6
2022-09-12 11:00:00,11,470.6,1.2
2022-09-12 12:00:00,12,869.9,1.5
2022-09-12 13:00:00,13,1440.1,2.1
2022-09-12 14:00:00,14,2522.2,1.2
2022-09-12 15:00:00,15,3316.6,2.3
2022-09-12 16:00:00,16,3056.1,2.1
2022-09-12 17:00:00,17,2738.0,2.0
2022-09-12 18:00:00,18,2317.6,1.9
2022-09-12 19:00:00,19,1263.0,0.2
2022-09-12 20:00:00,20,971.1,1.4
2022-09-12 21:00:00,21,89.1,0.9
2022-09-12 22:00:00,22,,0.0
2022-09-12 23:00:00,23,,0.5
2022-09-13 00:00:00,0,,0.0
2022-09-13 01:00:00,1,,0.0
2022-09-13 02:00:00,2,,0.7
2022-09-13 03:00:00,3,,1.6
2022-09-13 04:00:00,4,,0.8
2022-09-13 05:00:00,5,,0.0
2022-09-13 06:00:00,6,,1.9
2022-09-13 07:00:00,7,,1.5
2022-09-13 08:00:00,8,,1.3
2022-09-13 09:00:00,9,,2.2
2022-09-13 10:00:00,10,57.7,0.9
2022-09-13 11:00:00,11,223.3,1.3
2022-09-13 12:00:00,12,414.7,2.2
2022-09-13 13:00:00,13,1885.9,1.4
2022-09-13 14:00:00,14,2950.0,1.2
2022-09-13 15:00:00,15,3137.6,2.2
2022-09-13 16:00:00,16,3130.7,2.5
2022-09-13 17:00:00,17,2725.5,1.5
2022-09-13 18:00:00,18,2350.2,1.8
2022-09-13 19:00:00,19,1561.2,1.6
2022-09-13 20:00:00,20,948.5,2.1
2022-09-13 21:00:00,21,86.8,0.9
2022-09-13 22:00:00,22,,0.2
2022-09-13 23:00:00,23,,0.0
2022-09-14 00:00:00,0,,0.5
2022-09-14 01:00:00,1,,0.5
2022-09-14 02:00:00,2,,0.0
2022-09-14 03:00:00,3,,1.8
2022-09-14 04:00:00,4,,0.0
2022-09-14 05:00:00,5,,0.6
2022-09-14 06:00:00,6,,0.6
2022-09-14 07:00:00,7,,0.0
2022-09-14 08:00:00,8,,0.0
2022-09-14 09:00:00,9,,0.0
2022-09-14 10:00:00,10,197.4,0.0
2022-09-14 11:00:00,11,780.5,0.5
2022-09-14 12:00:00,12,1507.9,2.5
2022-09-14 13:00:00,13,1928.9,1.4
2022-09-14 14:00:00,14,2190.6,1.6
2022-09-14 15:00:00,15,3053.7,1.2
2022-09-14 16:00:00,16,3049.0,1.4
2022-09-14 17:00:00,17,2879.4,2.0
2022-09-14 18:00:00,18,2373.9,3.0
2022-09-14 19:00:00,19,1711.1,1.7
2022-09-14 20:00:00,20,921.8,0.8
2022-09-14 21:00:00,21,69.1,1.6
2022-09-14 22:00:00,22,,0.0
2022-09-14 23:00:00,23,,0.0
2022-09-15 00:00:00,0,,0.7
2022-09-15 01:00:00,1,,1.5
2022-09-15 02:00:00,2,,0.3
2022-09-15 03:00:00,3,,0.9
2022-09-15 04:00:00,4,,1.3
2022-09-15 05:00:00,5,,0.3
2022-09-15 06:00:00,6,,1.5
2022-09-15 07:00:00,7,,2.1
2022-09-15 08:00:00,8,,1.5
2022-09-15 09:00:00,9,,0.4
2022-09-15 10:00:00,10,131.0,1.0
2022-09-15 11:00:00,11,382.6,2.5
2022-09-15 12:00:00,12,702.1,3.2
2022-09-15 13:00:00,13,1078.1,2.3
2022-09-15 14:00:00,14,2419.6,1.4
2022-09-15 15:00:00,15,2589.2,1.3
2022-09-15 16:00:00,16,3002.1,1.1
2022-09-15 17:00:00,17,2752.5,2.3
2022-09-15 18:00:00,18,2071.2,1.9
2022-09-15 19:00:00,19,1762.6,0.6
2022-09-15 20:00:00,20,939.6,1.2
2022-09-15 21:00:00,21,74.2,1.0
2022-09-15 22:00:00,22,,1.5
2022-09-15 23:00:00,23,,0.0
2022-09-16 00:00:00,0,,0.1
2022-09-16 01:00:00,1,,0.3
2022-09-16 02:00:00,2,,1.8
2022-09-16 03:00:00,3,,0.5
2022-09-16 04:00:00,4,,0.3
2022-09-16 05:00:00,5,,1.9
2022-09-16 06:00:00,6,,1.9
2022-09-16 07:00:00,7,,2.4
2022-09-16 08:00:00,8,,2.6
2022-09-16 09:00:00,9,4.3,0.9
2022-09-16 10:00:00,10,253.9,0.7
2022-09-16 11:00:00,11,880.6,2.4
2022-09-16 12:00:00,12,1229.6,2.9
2022-09-16 13:00:00,13,2448.1,1.4
2022-09-16 14:00:00,14,2855.8,2.5
2022-09-16 15:00:00,15,2551.5,1.7
2022-09-16 16:00:00,16,2170.4,1.1
2022-09-16 17:00:00,17,2192.7,1.4
2022-09-16 18:00:00,18,1760.0,0.8
2022-09-16 19:00:00,19,1270.8,1.8
2022-09-16 20:00:00,20,893.5,1.2
2022-09-16 21:00:00,21,66.5,0.7
2022-09-16 22:00:00,22,,2.0
2022-09-16 23:00:00,23,,1.7
2022-09-17 00:00:00,0,,0.1
2022-09-17 01:00:00,1,,1.1
2022-09-17 02:00:00,2,,1.1
2022-09-17 03:00:00,3,,0.0
2022-09-17 04:00:00,4,,0.0
2022-09-17 05:00:00,5,,1.5
2022-09-17 06:00:00,6,,1.5
2022-09-17 07:00:00,7,,1.0
2022-09-17 08:00:00,8,,0.9
2022-09-17 09:00:00,9,0.0,0.1
2022-09-17 10:00:00,10,143.9,0.1
2022-09-17 11:00:00,11,381.3,1.8
2022-09-17 12:00:00,12,725.4,2.2
2022-09-17 13:00:00,13,576.4,1.5
2022-09-17 14:00:00,14,954.2,1.4
2022-09-17 15:00:00,15,1553.6,2.0
2022-09-17 16:00:00,16,2724.5,2.7
2022-09-17 17:00:00,17,2623.7,1.9
2022-09-17 18:00:00,18,2165.1,2.0
2022-09-17 19:00:00,19,1706.7,2.9
2022-09-17 20:00:00,20,867.2,3.0
2022-09-17 21:00:00,21,79.0,2.0
2022-09-17 22:00:00,22,,1.7
2022-09-17 23:00:00,23,,1.0
2022-09-18 00:00:00,0,,0.0
2022-09-18 01:00:00,1,,0.0
2022-09-18 02:00:00,2,,1.6
2022-09-18 03:00:00,3,,0.0
2022-09-18 04:00:00,4,,0.8
2022-09-18 05:00:00,5,,0.8
2022-09-18 06:00:00,6,,0.0
2022-09-18 07:00:00,7,,0.0
2022-09-18 08:00:00,8,,0.1
2022-09-18 09:00:00,9,,0.0
2022-09-18 10:00:00,10,50.2,0.1
2022-09-18 11:00:00,11,202.3,2.2
2022-09-18 12:00:00,12,359.6,1.0
2022-09-18 13:00:00,13,572.7,0.6
2022-09-18 14:00:00,14,1176.8,0.8
2022-09-18 15:00:00,15,2173.2,1.5
2022-09-18 16:00:00,16,2260.9,1.1
2022-09-18 17:00:00,17,2479.8,1.6
2022-09-18 18:00:00,18,1680.3,1.1
2022-09-18 19:00:00,19,984.0,1.1
2022-09-18 20:00:00,20,537.0,1.6
2022-09-18 21:00:00,21,105.7,1.9
2022-09-18 22:00:00,22,,0.9
2022-09-18 23:00:00,23,,0.0
2022-09-19 00:00:00,0,,0.0
2022-09-19 01:00:00,1,,1.0
2022-09-19 02:00:00,2,,0.0
2022-09-19 03:00:00,3,,0.7
2022-09-19 04:00:00,4,,0.0
2022-09-19 05:00:00,5,,1.0
2022-09-19 06:00:00,6,,2.4
2022-09-19 07:00:00,7,,2.2
2022-09-19 08:00:00,8,,0.3
2022-09-19 09:00:00,9,,0.0
2022-09-19 10:00:00,10,132.4,0.9
2022-09-19 11:00:00,11,842.1,1.0
2022-09-19 12:00:00,12,1692.4,0.9
2022-09-19 13:00:00,13,2006.9,1.1
2022-09-19 14:00:00,14,2477.4,1.7
2022-09-19 15:00:00,15,3017.7,2.1
2022-09-19 16:00:00,16,2723.0,1.4
2022-09-19 17:00:00,17,2580.6,2.3
2022-09-19 18:00:00,18,2368.6,2.1
2022-09-19 19:00:00,19,1312.8,1.4
2022-09-19 20:00:00,20,833.6,1.9
2022-09-19 21:00:00,21,61.3,0.9
2022-09-19 22:00:00,22,,1.7
2022-09-19 23:00:00,23,,1.6
2022-09-20 00:00:00,0,,0.0
2022-09-20 01:00:00,1,,0.0
2022-09-20 02:00:00,2,,0.0
2022-09-20 03:00:00,3,,0.1
2022-09-20 04:00:00,4,,1.0
2022-09-20 05:00:00,5,,0.1
2022-09-20 06:00:00,6,,0.0
2022-09-20 07:00:00,7,,1.6
2022-09-20 08:00:00,8,,0.1
2022-09-20 09:00:00,9,1.2,0.3
2022-09-20 10:00:00,10,94.6,0.6
2022-09-20 11:00:00,11,386.8,1.5
2022-09-20 12:00:00,12,1405.7,1.9
2022-09-20 13:00:00,13,1836.9,1.2
2022-09-20 14:00:00,14,2200.2,2.4
2022-09-20 15:00:00,15,2331.2,1.8
2022-09-20 16:00:00,16,2729.8,1.5
2022-09-20 17:00:00,17,2771.6,1.5
2022-09-20 18:00:00,18,2325.8,1.8
2022-09-20 19:00:00,19,1549.5,1.8
2022-09-20 20:00:00,20,834.0,0.7
2022-09-20 21:00:00,21,63.6,1.4
2022-09-20 22:00:00,22,,1.0
2022-09-20 23:00:00,23,,0.0
2022-09-21 00:00:00,0,,0.3
2022-09-21 01:00:00,1,,1.5
2022-09-21 02:00:00,2,,0.3
2022-09-21 03:00:00,3,,0.0
2022-09-21 04:00:00,4,,0.0
2022-09-21 05:00:00,5,,2.8
2022-09-21 06:00:00,6,,1.3
2022-09-21 07:00:00,7,,2.1
2022-09-21 08:00:00,8,,1.1
2022-09-21 09:00:00,9,,0.6
2022-09-21 10:00:00,10,94.2,0.9
2022-09-21 11:00:00,11,339.7,1.2
2022-09-21 12:00:00,12,420.4,2.7
2022-09-21 13:00:00,13,453.9,2.3
2022-09-21 14:00:00,14,901.7,1.0
2022-09-21 15:00:00,15,1631.1,1.8
2022-09-21 16:00:00,16,2502.3,2.4
2022-09-21 17:00:00,17,2619.4,1.9
2022-09-21 18:00:00,18,2278.8,2.0
2022-09-21 19:00:00,19,1688.9,0.7
2022-09-21 20:00:00,20,835.5,0.4
2022-09-21 21:00:00,21,69.6,0.6
2022-09-21 22:00:00,22,,0.3
2022-09-21 23:00:00,23,,0.5
2022-09-22 00:00:00,0,,1.1
2022-09-22 01:00:00,1,,0.9
2022-09-22 02:00:00,2,,0.0
2022-09-22 03:00:00,3,,1.4
2022-09-22 04:00:00,4,,1.3
2022-09-22 05:00:00,5,,0.5
2022-09-22 06:00:00,6,,1.9
2022-09-22 07:00:00,7,,2.4
2022-09-22 08:00:00,8,,2.2
2022-09-22 09:00:00,9,,2.5
2022-09-22 10:00:00,10,58.3,2.0
2022-09-22 11:00:00,11,325.3,2.5
2022-09-22 12:00:00,12,1245.4,3.6
2022-09-22 13:00:00,13,1188.4,2.3
2022-09-22 14:00:00,14,1385.3,3.1
2022-09-22 15:00:00,15,2608.7,2.3
2022-09-22 16:00:00,16,2336.3,1.6
2022-09-22 17:00:00,17,2725.7,1.5
2022-09-22 18:00:00,18,1738.0,2.5
2022-09-22 19:00:00,19,1579.2,1.2
2022-09-22 20:00:00,20,838.7,1.0
2022-09-22 21:00:00,21,69.5,1.0
2022-09-22 22:00:00,22,,1.5
2022-09-22 23:00:00,23,,0.0
2022-09-23 00:00:00,0,,0.3
2022-09-23 01:00:00,1,,1.3
2022-09-23 02:00:00,2,,0.9
2022-09-23 03:00:00,3,,0.4
2022-09-23 04:00:00,4,,0.0
2022-09-23 05:00:00,5,,3.0
2022-09-23 06:00:00,6,,2.3
2022-09-23 07:00:00,7,,0.6
2022-09-23 08:00:00,8,,1.2
2022-09-23 09:00:00,9,3.0,1.0
2022-09-23 10:00:00,10,228.5,1.3
2022-09-23 11:00:00,11,478.2,2.3
2022-09-23 12:00:00,12,581.4,2.0
2022-09-23 13:00:00,13,1857.7,2.4
2022-09-23 14:00:00,14,2209.6,1.7
2022-09-23 15:00:00,15,2259.1,1.6
2022-09-23 16:00:00,16,2244.5,1.2
2022-09-23 17:00:00,17,2151.4,1.5
2022-09-23 18:00:00,18,1753.3,1.4
2022-09-23 19:00:00,19,1644.1,1.0
2022-09-23 20:00:00,20,810.0,0.5
2022-09-23 21:00:00,21,71.7,0.1
2022-09-23 22:00:00,22,,0.4
2022-09-23 23:00:00,23,,0.1
2022-09-24 00:00:00,0,,2.1
2022-09-24 01:00:00,1,,0.6
2022-09-24 02:00:00,2,,0.1
2022-09-24 03:00:00,3,,0.0
2022-09-24 04:00:00,4,,0.0
2022-09-24 05:00:00,5,,1.0
2022-09-24 06:00:00,6,,2.8
2022-09-24 07:00:00,7,,2.1
2022-09-24 08:00:00,8,,1.8
2022-09-24 09:00:00,9,1.9,1.8
2022-09-24 10:00:00,10,81.7,0.9
2022-09-24 11:00:00,11,108.2,1.1
2022-09-24 12:00:00,12,179.0,1.2
2022-09-24 13:00:00,13,379.8,0.1
2022-09-24 14:00:00,14,711.3,0.7
2022-09-24 15:00:00,15,1808.8,1.3
2022-09-24 16:00:00,16,2015.6,1.8
2022-09-24 17:00:00,17,2511.8,1.9
2022-09-24 18:00:00,18,2176.3,1.3
2022-09-24 19:00:00,19,1693.0,1.5
2022-09-24 20:00:00,20,756.0,0.1
2022-09-24 21:00:00,21,77.7,0.5
2022-09-24 22:00:00,22,,0.0
2022-09-24 23:00:00,23,,0.0
2022-09-25 00:00:00,0,,1.1
2022-09-25 01:00:00,1,,0.5
2022-09-25 02:00:00,2,,0.0
2022-09-25 03:00:00,3,,1.6
2022-09-25 04:00:00,4,,1.2
2022-09-25 05:00:00,5,,1.9
2022-09-25 06:00:00,6,,0.8
2022-09-25 07:00:00,7,,4.3
2022-09-25 08:00:00,8,,0.1
2022-09-25 09:00:00,9,,0.2
2022-09-25 10:00:00,10,43.0,0.1
2022-09-25 11:00:00,11,513.6,0.8
2022-09-25 12:00:00,12,828.3,0.2
2022-09-25 13:00:00,13,530.6,0.1
2022-09-25 14:00:00,14,779.2,0.1
2022-09-25 15:00:00,15,1653.1,1.8
2022-09-25 16:00:00,16,1836.8,0.9
2022-09-25 17:00:00,17,2081.8,1.4
2022-09-25 18:00:00,18,2067.0,2.2
2022-09-25 19:00:00,19,1696.5,0.5
2022-09-25 20:00:00,20,1015.8,0.1
2022-09-25 21:00:00,21,153.7,2.0
2022-09-25 22:00:00,22,,1.4
2022-09-25 23:00:00,23,,0.7
2022-09-26 00:00:00,0,,1.1
2022-09-26 01:00:00,1,,0.6
2022-09-26 02:00:00,2,,0.9
2022-09-26 03:00:00,3,,0.4
2022-09-26 04:00:00,4,,0.0
2022-09-26 05:00:00,5,,3.3
2022-09-26 06:00:00,6,,2.2
2022-09-26 07:00:00,7,,1.0
2022-09-26 08:00:00,8,,1.9
2022-09-26 09:00:00,9,6.2,0.0
2022-09-26 10:00:00,10,284.1,1.4
2022-09-26 11:00:00,11,1076.6,1.1
2022-09-26 12:00:00,12,1296.9,0.7
2022-09-26 13:00:00,13,1581.6,1.1
2022-09-26 14:00:00,14,1464.1,0.9
2022-09-26 15:00:00,15,2053.1,1.0
2022-09-26 16:00:00,16,2796.7,1.3
2022-09-26 17:00:00,17,3030.6,1.6
2022-09-26 18:00:00,18,1770.7,1.4
2022-09-26 19:00:00,19,1695.7,1.6
2022-09-26 20:00:00,20,820.4,1.2
2022-09-26 21:00:00,21,69.2,0.7
2022-09-26 22:00:00,22,,0.0
2022-09-26 23:00:00,23,,0.1
2022-09-27 00:00:00,0,,0.1
2022-09-27 01:00:00,1,,0.9
2022-09-27 02:00:00,2,,0.0
2022-09-27 03:00:00,3,,0.4
2022-09-27 04:00:00,4,,0.0
2022-09-27 05:00:00,5,,0.0
2022-09-27 06:00:00,6,,0.8
2022-09-27 07:00:00,7,,1.0
2022-09-27 08:00:00,8,,1.7
2022-09-27 09:00:00,9,5.3,0.1
2022-09-27 10:00:00,10,245.1,0.0
2022-09-27 11:00:00,11,1036.6,1.1
2022-09-27 12:00:00,12,2049.7,0.8
2022-09-27 13:00:00,13,2550.8,1.3
2022-09-27 14:00:00,14,2112.5,2.2
2022-09-27 15:00:00,15,2943.7,2.5
2022-09-27 16:00:00,16,3020.3,2.1
2022-09-27 17:00:00,17,2702.3,1.2
2022-09-27 18:00:00,18,1768.0,1.8
2022-09-27 19:00:00,19,1413.2,0.7
2022-09-27 20:00:00,20,875.4,1.0
2022-09-27 21:00:00,21,65.3,0.4
2022-09-27 22:00:00,22,,0.0
2022-09-27 23:00:00,23,,0.8
2022-09-28 00:00:00,0,,0.6
2022-09-28 01:00:00,1,,1.0
2022-09-28 02:00:00,2,,0.0
2022-09-28 03:00:00,3,,0.1
2022-09-28 04:00:00,4,,0.1
2022-09-28 05:00:00,5,,0.1
2022-09-28 06:00:00,6,,3.4
2022-09-28 07:00:00,7,,0.0
2022-09-28 08:00:00,8,,0.1
2022-09-28 09:00:00,9,5.6,0.0
2022-09-28 10:00:00,10,244.7,1.5
2022-09-28 11:00:00,11,921.0,0.6
2022-09-28 12:00:00,12,1376.1,1.4
2022-09-28 13:00:00,13,2722.2,1.4
2022-09-28 14:00:00,14,3269.6,1.6
2022-09-28 15:00:00,15,3216.9,1.7
2022-09-28 16:00:00,16,2904.8,2.0
2022-09-28 17:00:00,17,2053.6,2.3
2022-09-28 18:00:00,18,2444.5,0.9
2022-09-28 19:00:00,19,1171.8,2.0
2022-09-28 20:00:00,20,814.9,2.0
2022-09-28 21:00:00,21,69.9,1.1
2022-09-28 22:00:00,22,,1.5
2022-09-28 23:00:00,23,,1.3
2022-09-29 00:00:00,0,,0.4
2022-09-29 01:00:00,1,,0.3
2022-09-29 02:00:00,2,,0.0
2022-09-29 03:00:00,3,,0.6
2022-09-29 04:00:00,4,,0.1
2022-09-29 05:00:00,5,,0.5
2022-09-29 06:00:00,6,,0.4
2022-09-29 07:00:00,7,,0.4
2022-09-29 08:00:00,8,,0.1
2022-09-29 09:00:00,9,5.1,0.6
2022-09-29 10:00:00,10,113.5,0.6
2022-09-29 11:00:00,11,452.5,1.3
2022-09-29 12:00:00,12,563.5,1.3
2022-09-29 13:00:00,13,725.5,0.7
2022-09-29 14:00:00,14,2549.6,1.5
2022-09-29 15:00:00,15,2403.8,2.1
2022-09-29 16:00:00,16,2741.6,1.8
2022-09-29 17:00:00,17,2336.5,2.3
2022-09-29 18:00:00,18,1908.1,1.1
2022-09-29 19:00:00,19,1709.3,0.8
2022-09-29 20:00:00,20,742.8,1.9
2022-09-29 21:00:00,21,65.2,1.3
2022-09-29 22:00:00,22,,0.0
2022-09-29 23:00:00,23,,0.1
2022-09-30 00:00:00,0,,0.2
2022-09-30 01:00:00,1,,1.3
2022-09-30 02:00:00,2,,0.0
2022-09-30 03:00:00,3,,0.8
2022-09-30 04:00:00,4,,1.1
2022-09-30 05:00:00,5,,0.8
2022-09-30 06:00:00,6,,1.0
2022-09-30 07:00:00,7,,0.5
2022-09-30 08:00:00,8,,0.1
2022-09-30 09:00:00,9,3.2,0.0
2022-09-30 10:00:00,10,98.3,0.1
2022-09-30 11:00:00,11,381.2,0.9
2022-09-30 12:00:00,12,475.1,1.9
2022-09-30 13:00:00,13,942.2,1.2
2022-09-30 14:00:00,14,1431.9,1.3
2022-09-30 15:00:00,15,2306.5,1.0
2022-09-30 16:00:00,16,2673.0,1.2
2022-09-30 17:00:00,17,2313.8,2.2
2022-09-30 18:00:00,18,1911.0,1.1
2022-09-30 19:00:00,19,1233.3,0.5
2022-09-30 20:00:00,20,700.4,1.4
2022-09-30 21:00:00,21,66.3,0.0
2022-09-30 22:00:00,22,,0.0
2022-09-30 23:00:00,23,,0.0
2022-10-01 00:00:00,0,,0.5
2022-10-01 01:00:00,1,,0.0
2022-10-01 02:00:00,2,,1.7
2022-10-01 03:00:00,3,,2.5
2022-10-01 04:00:00,4,,0.7
2022-10-01 05:00:00,5,,0.4
2022-10-01 06:00:00,6,,1.2
2022-10-01 07:00:00,7,,0.0
2022-10-01 08:00:00,8,,0.7
2022-10-01 09:00:00,9,6.0,0.6
2022-10-01 10:00:00,10,236.6,0.3
2022-10-01 11:00:00,11,1157.1,1.2
2022-10-01 12:00:00,12,2139.7,2.9
2022-10-01 13:00:00,13,2724.8,2.2
2022-10-01 14:00:00,14,2656.2,3.3
2022-10-01 15:00:00,15,2853.4,1.9
2022-10-01 16:00:00,16,3008.6,2.3
2022-10-01 17:00:00,17,2244.6,1.9
2022-10-01 18:00:00,18,2450.5,1.4
2022-10-01 19:00:00,19,1483.5,2.2
2022-10-01 20:00:00,20,773.7,1.8
2022-10-01 21:00:00,21,71.9,1.6
2022-10-01 22:00:00,22,,0.9
2022-10-01 23:00:00,23,,0.1
2022-10-02 00:00:00,0,,0.4
2022-10-02 01:00:00,1,,0.0
2022-10-02 02:00:00,2,,0.0
2022-10-02 03:00:00,3,,0.4
2022-10-02 04:00:00,4,,1.3
2022-10-02 05:00:00,5,,1.5
2022-10-02 06:00:00,6,,0.2
2022-10-02 07:00:00,7,,0.8
2022-10-02 08:00:00,8,,0.0
2022-10-02 09:00:00,9,5.3,0.2
2022-10-02 10:00:00,10,151.3,0.2
2022-10-02 11:00:00,11,653.1,1.1
2022-10-02 12:00:00,12,1947.1,0.7
2022-10-02 13:00:00,13,2482.1,1.2
2022-10-02 14:00:00,14,3188.4,1.9
2022-10-02 15:00:00,15,2765.9,2.7
2022-10-02 16:00:00,16,3262.1,2.7
2022-10-02 17:00:00,17,3048.4,2.4
2022-10-02 18:00:00,18,2562.2,1.0
2022-10-02 19:00:00,19,1779.7,2.9
2022-10-02 20:00:00,20,797.2,1.7
2022-10-02 21:00:00,21,62.8,1.5
2022-10-02 22:00:00,22,,0.5
2022-10-02 23:00:00,23,,1.7
2022-10-03 00:00:00,0,,0.3
2022-10-03 01:00:00,1,,1.8
2022-10-03 02:00:00,2,,2.0
2022-10-03 03:00:00,3,,0.8
2022-10-03 04:00:00,4,,2.8
2022-10-03 05:00:00,5,,1.5
2022-10-03 06:00:00,6,,0.9
2022-10-03 07:00:00,7,,1.1
2022-10-03 08:00:00,8,,0.3
2022-10-03 09:00:00,9,5.0,0.0
2022-10-03 10:00:00,10,167.4,0.9
2022-10-03 11:00:00,11,622.5,1.7
2022-10-03 12:00:00,12,2093.1,2.0
2022-10-03 13:00:00,13,2208.2,2.3
2022-10-03 14:00:00,14,2971.3,1.1
2022-10-03 15:00:00,15,2960.7,2.9
2022-10-03 16:00:00,16,2365.7,2.1
2022-10-03 17:00:00,17,2728.0,1.9
2022-10-03 18:00:00,18,1928.5,2.4
2022-10-03 19:00:00,19,1408.1,1.0
2022-10-03 20:00:00,20,818.1,2.6
2022-10-03 21:00:00,21,83.8,0.9
2022-10-03 22:00:00,22,,2.1
2022-10-03 23:00:00,23,,1.6
2022-10-04 00:00:00,0,,0.3
2022-10-04 01:00:00,1,,0.1
2022-10-04 02:00:00,2,,1.4
2022-10-04 03:00:00,3,,1.6
2022-10-04 04:00:00,4,,2.4
2022-10-04 05:00:00,5,,2.7
2022-10-04 06:00:00,6,,0.7
2022-10-04 07:00:00,7,,1.5
2022-10-04 08:00:00,8,,0.8
2022-10-04 09:00:00,9,7.9,0.0
2022-10-04 10:00:00,10,279.1,0.9
2022-10-04 11:00:00,11,945.1,1.8
2022-10-04 12:00:00,12,1754.7,1.9
2022-10-04 13:00:00,13,2530.2,2.3
2022-10-04 14:00:00,14,3293.8,2.5
2022-10-04 15:00:00,15,3040.0,2.6
2022-10-04 16:00:00,16,2643.1,1.8
2022-10-04 17:00:00,17,2322.8,1.6
2022-10-04 18:00:00,18,2157.6,1.5
2022-10-04 19:00:00,19,1673.3,2.0
2022-10-04 20:00:00,20,681.0,1.4
2022-10-04 21:00:00,21,58.0,1.5
2022-10-04 22:00:00,22,,0.3
2022-10-04 23:00:00,23,,0.9
2022-10-05 00:00:00,0,,0.5
2022-10-05 01:00:00,1,,1.2
2022-10-05 02:00:00,2,,0.9
2022-10-05 03:00:00,3,,0.0
2022-10-05 04:00:00,4,,0.8
2022-10-05 05:00:00,5,,0.5
2022-10-05 06:00:00,6,,0.8
2022-10-05 07:00:00,7,,0.0
2022-10-05 08:00:00,8,,0.0
2022-10-05 09:00:00,9,9.3,0.0
2022-10-05 10:00:00,10,266.7,0.1
2022-10-05 11:00:00,11,1191.5,1.4
2022-10-05 12:00:00,12,2056.5,2.1
2022-10-05 13:00:00,13,2708.9,1.7
2022-10-05 14:00:00,14,3045.2,2.2
2022-10-05 15:00:00,15,3024.7,3.1
2022-10-05 16:00:00,16,3081.5,1.9
2022-10-05 17:00:00,17,2486.2,2.7
2022-10-05 18:00:00,18,2043.1,3.2
2022-10-05 19:00:00,19,1106.6,1.6
2022-10-05 20:00:00,20,672.3,2.1
2022-10-05 21:00:00,21,63.2,1.3
2022-10-05 22:00:00,22,,0.5
2022-10-05 23:00:00,23,,0.3
2022-10-06 00:00:00,0,,0.7
2022-10-06 01:00:00,1,,1.6
2022-10-06 02:00:00,2,,0.0
2022-10-06 03:00:00,3,,1.4
2022-10-06 04:00:00,4,,1.9
2022-10-06 05:00:00,5,,3.5
2022-10-06 06:00:00,6,,3.8
2022-10-06 07:00:00,7,,3.3
2022-10-06 08:00:00,8,,2.1
2022-10-06 09:00:00,9,5.2,1.2
2022-10-06 10:00:00,10,105.7,2.6
2022-10-06 11:00:00,11,380.7,2.7
2022-10-06 12:00:00,12,1374.0,2.7
2022-10-06 13:00:00,13,1285.9,1.2
2022-10-06 14:00:00,14,2806.6,3.7
2022-10-06 15:00:00,15,2970.7,2.6
2022-10-06 16:00:00,16,2676.9,1.9
2022-10-06 17:00:00,17,3004.8,3.2
2022-10-06 18:00:00,18,2331.2,2.8
2022-10-06 19:00:00,19,1387.7,1.8
2022-10-06 20:00:00,20,527.9,1.0
2022-10-06 21:00:00,21,53.4,1.0
2022-10-06 22:00:00,22,,0.3
2022-10-06 23:00:00,23,,0.0
2022-10-07 00:00:00,0,,0.6
2022-10-07 01:00:00,1,,0.4
2022-10-07 02:00:00,2,,0.5
2022-10-07 03:00:00,3,,0.6
2022-10-07 04:00:00,4,,2.7
2022-10-07 05:00:00,5,,1.9
2022-10-07 06:00:00,6,,0.7
2022-10-07 07:00:00,7,,0.0
2022-10-07 08:00:00,8,,0.2
2022-10-07 09:00:00,9,10.6,0.0
2022-10-07 10:00:00,10,269.9,0.0
2022-10-07 11:00:00,11,1228.0,2.6
2022-10-07 12:00:00,12,2138.1,3.0
2022-10-07 13:00:00,13,2726.7,3.3
2022-10-07 14:00:00,14,3151.2,3.4
2022-10-07 15:00:00,15,3162.2,2.0
2022-10-07 16:00:00,16,2734.8,2.0
2022-10-07 17:00:00,17,2702.3,2.0
2022-10-07 18:00:00,18,2046.5,2.4
2022-10-07 19:00:00,19,1497.0,2.2
2022-10-07 20:00:00,20,619.0,2.0
2022-10-07 21:00:00,21,48.0,1.0
2022-10-07 22:00:00,22,,0.0
2022-10-07 23:00:00,23,,0.5
2022-10-08 00:00:00,0,,0.0
2022-10-08 01:00:00,1,,1.0
2022-10-08 02:00:00,2,,0.1
2022-10-08 03:00:00,3,,0.0
2022-10-08 04:00:00,4,,0.4
2022-10-08 05:00:00,5,,0.0
2022-10-08 06:00:00,6,,0.0
2022-10-08 07:00:00,7,,0.0
2022-10-08 08:00:00,8,,0.0
2022-10-08 09:00:00,9,10.9,0.0
2022-10-08 10:00:00,10,251.9,0.1
2022-10-08 11:00:00,11,1151.9,1.9
2022-10-08 12:00:00,12,1884.0,2.4
2022-10-08 13:00:00,13,2669.6,2.7
2022-10-08 14:00:00,14,3162.0,2.6
2022-10-08 15:00:00,15,3347.6,1.5
2022-10-08 16:00:00,16,2362.8,1.7
2022-10-08 17:00:00,17,3040.0,2.0
2022-10-08 18:00:00,18,2126.8,0.8
2022-10-08 19:00:00,19,958.8,1.4
2022-10-08 20:00:00,20,586.2,1.7
2022-10-08 21:00:00,21,61.8,1.2
2022-10-08 22:00:00,22,,1.1
2022-10-08 23:00:00,23,,0.0
2022-10-09 00:00:00,0,,0.1
2022-10-09 01:00:00,1,,0.6
2022-10-09 02:00:00,2,,1.6
2022-10-09 03:00:00,3,,0.0
2022-10-09 04:00:00,4,,2.3
2022-10-09 05:00:00,5,,2.5
2022-10-09 06:00:00,6,,1.5
2022-10-09 07:00:00,7,,1.5
2022-10-09 08:00:00,8,,0.1
2022-10-09 09:00:00,9,10.1,0.0
2022-10-09 10:00:00,10,242.2,0.4
2022-10-09 11:00:00,11,1007.0,3.6
2022-10-09 12:00:00,12,1507.1,2.2
2022-10-09 13:00:00,13,2716.7,2.1
2022-10-09 14:00:00,14,2038.0,2.3
2022-10-09 15:00:00,15,1755.8,1.5
2022-10-09 16:00:00,16,2970.0,1.8
2022-10-09 17:00:00,17,2741.1,1.5
2022-10-09 18:00:00,18,1756.1,2.3
2022-10-09 19:00:00,19,1102.8,2.6
2022-10-09 20:00:00,20,522.2,0.7
2022-10-09 21:00:00,21,55.7,0.0
2022-10-09 22:00:00,22,,0.0
2022-10-09 23:00:00,23,,0.0
2022-10-10 00:00:00,0,,1.7
2022-10-10 01:00:00,1,,0.0
2022-10-10 02:00:00,2,,2.0
2022-10-10 03:00:00,3,,0.5
2022-10-10 04:00:00,4,,0.3
2022-10-10 05:00:00,5,,1.6
2022-10-10 06:00:00,6,,0.2
2022-10-10 07:00:00,7,,0.0
2022-10-10 08:00:00,8,,0.7
2022-10-10 09:00:00,9,4.9,1.1
2022-10-10 10:00:00,10,155.0,1.4
2022-10-10 11:00:00,11,819.7,2.0
2022-10-10 12:00:00,12,1253.2,1.6
2022-10-10 13:00:00,13,2133.9,2.5
2022-10-10 14:00:00,14,3099.5,1.9
2022-10-10 15:00:00,15,2863.7,3.0
2022-10-10 16:00:00,16,2232.7,2.3
2022-10-10 17:00:00,17,2696.8,2.4
2022-10-10 18:00:00,18,2193.1,2.3
2022-10-10 19:00:00,19,1169.3,2.7
2022-10-10 20:00:00,20,436.7,2.0
2022-10-10 21:00:00,21,61.7,1.6
2022-10-10 22:00:00,22,,1.2
2022-10-10 23:00:00,23,,0.1
2022-10-11 00:00:00,0,,0.2
2022-10-11 01:00:00,1,,0.0
2022-10-11 02:00:00,2,,0.0
2022-10-11 03:00:00,3,,0.0
2022-10-11 04:00:00,4,,1.3
2022-10-11 05:00:00,5,,0.8
2022-10-11 06:00:00,6,,0.6
2022-10-11 07:00:00,7,,1.5
2022-10-11 08:00:00,8,,0.2
2022-10-11 09:00:00,9,8.7,0.0
2022-10-11 10:00:00,10,115.4,0.0
2022-10-11 11:00:00,11,330.2,0.0
2022-10-11 12:00:00,12,1700.1,0.5
2022-10-11 13:00:00,13,2516.9,3.6
2022-10-11 14:00:00,14,2948.3,3.7
2022-10-11 15:00:00,15,3206.1,2.6
2022-10-11 16:00:00,16,2745.2,3.5
2022-10-11 17:00:00,17,2609.1,2.9
2022-10-11 18:00:00,18,2241.9,2.6
2022-10-11 19:00:00,19,1074.9,2.7
2022-10-11 20:00:00,20,521.7,2.2
2022-10-11 21:00:00,21,67.6,0.7
2022-10-11 22:00:00,22,,0.0
2022-10-11 23:00:00,23,,1.7
2022-10-12 00:00:00,0,,0.0
2022-10-12 01:00:00,1,,0.8
2022-10-12 02:00:00,2,,0.0
2022-10-12 03:00:00,3,,0.9
2022-10-12 04:00:00,4,,0.1
2022-10-12 05:00:00,5,,0.0
2022-10-12 06:00:00,6,,1.9
2022-10-12 07:00:00,7,,2.7
2022-10-12 08:00:00,8,,0.0
2022-10-12 09:00:00,9,12.1,0.0
2022-10-12 10:00:00,10,253.0,0.0
2022-10-12 11:00:00,11,1237.4,1.0
2022-10-12 12:00:00,12,2180.4,4.0
2022-10-12 13:00:00,13,2851.5,3.4
2022-10-12 14:00:00,14,3335.4,3.1
2022-10-12 15:00:00,15,3329.6,2.3
2022-10-12 16:00:00,16,3264.3,2.7
2022-10-12 17:00:00,17,2935.3,1.6
2022-10-12 18:00:00,18,1961.7,1.4
2022-10-12 19:00:00,19,1226.7,2.6
2022-10-12 20:00:00,20,417.7,1.9
2022-10-12 21:00:00,21,58.8,1.6
2022-10-12 22:00:00,22,,0.0
2022-10-12 23:00:00,23,,0.0
2022-10-13 00:00:00,0,,0.0
2022-10-13 01:00:00,1,,0.0
2022-10-13 02:00:00,2,,0.0
2022-10-13 03:00:00,3,,0.4
2022-10-13 04:00:00,4,,0.0
2022-10-13 05:00:00,5,,3.1
2022-10-13 06:00:00,6,,0.0
2022-10-13 07:00:00,7,,0.0
2022-10-13 08:00:00,8,,0.5
2022-10-13 09:00:00,9,13.3,0.0
2022-10-13 10:00:00,10,273.2,1.5
2022-10-13 11:00:00,11,1141.9,0.6
2022-10-13 12:00:00,12,2047.7,2.0
2022-10-13 13:00:00,13,2619.9,2.3
2022-10-13 14:00:00,14,3218.2,2.7
2022-10-13 15:00:00,15,3334.7,3.3
2022-10-13 16:00:00,16,3322.2,2.6
2022-10-13 17:00:00,17,1783.9,2.0
2022-10-13 18:00:00,18,2213.9,2.3
2022-10-13 19:00:00,19,1111.9,2.5
2022-10-13 20:00:00,20,470.6,1.5
2022-10-13 21:00:00,21,61.6,0.9
2022-10-13 22:00:00,22,,0.7
2022-10-13 23:00:00,23,,1.4
2022-10-14 00:00:00,0,,0.0
2022-10-14 01:00:00,1,,0.7
2022-10-14 02:00:00,2,,0.0
2022-10-14 03:00:00,3,,0.3
2022-10-14 04:00:00,4,,0.3
2022-10-14 05:00:00,5,,2.9
2022-10-14 06:00:00,6,,2.1
2022-10-14 07:00:00,7,,0.0
2022-10-14 08:00:00,8,,1.3
2022-10-14 09:00:00,9,16.0,1.7
2022-10-14 10:00:00,10,277.2,0.4
2022-10-14 11:00:00,11,1141.4,1.3
2022-10-14 12:00:00,12,2103.1,1.7
2022-10-14 13:00:00,13,2596.8,3.1
2022-10-14 14:00:00,14,3161.5,2.9
2022-10-14 15:00:00,15,3226.4,3.6
2022-10-14 16:00:00,16,3017.0,3.5
2022-10-14 17:00:00,17,2575.8,2.3
2022-10-14 18:00:00,18,1664.9,4.1
2022-10-14 19:00:00,19,1254.7,1.7
2022-10-14 20:00:00,20,379.3,1.3
2022-10-14 21:00:00,21,57.4,1.5
2022-10-14 22:00:00,22,,0.0
2022-10-14 23:00:00,23,,1.7
2022-10-15 00:00:00,0,,0.0
2022-10-15 01:00:00,1,,0.4
2022-10-15 02:00:00,2,,0.0
2022-10-15 03:00:00,3,,1.6
2022-10-15 04:00:00,4,,1.8
2022-10-15 05:00:00,5,,0.3
2022-10-15 06:00:00,6,,0.7
2022-10-15 07:00:00,7,,0.1
2022-10-15 08:00:00,8,,0.2
2022-10-15 09:00:00,9,14.4,0.3
2022-10-15 10:00:00,10,241.3,0.0
2022-10-15 11:00:00,11,1135.4,0.7
2022-10-15 12:00:00,12,2082.8,1.7
2022-10-15 13:00:00,13,2777.6,2.5
2022-10-15 14:00:00,14,2789.7,2.0
2022-10-15 15:00:00,15,2147.2,2.5
2022-10-15 16:00:00,16,2209.4,3.1
2022-10-15 17:00:00,17,2332.4,2.4
2022-10-15 18:00:00,18,1933.7,2.3
2022-10-15 19:00:00,19,1091.9,1.3
2022-10-15 20:00:00,20,382.4,0.8
2022-10-15 21:00:00,21,66.1,1.0
2022-10-15 22:00:00,22,,0.0
2022-10-15 23:00:00,23,,0.0
2022-10-16 00:00:00,0,,0.0
2022-10-16 01:00:00,1,,0.7
2022-10-16 02:00:00,2,,0.0
2022-10-16 03:00:00,3,,1.1
2022-10-16 04:00:00,4,,1.0
2022-10-16 05:00:00,5,,2.5
2022-10-16 06:00:00,6,,0.0
2022-10-16 07:00:00,7,,0.1
2022-10-16 08:00:00,8,,0.8
2022-10-16 09:00:00,9,14.4,0.0
2022-10-16 10:00:00,10,261.9,0.0
2022-10-16 11:00:00,11,1032.9,2.0
2022-10-16 12:00:00,12,1886.9,0.7
2022-10-16 13:00:00,13,2283.9,3.0
2022-10-16 14:00:00,14,2064.7,2.2
2022-10-16 15:00:00,15,2264.2,2.6
2022-10-16 16:00:00,16,2343.5,2.4
2022-10-16 17:00:00,17,2642.2,2.6
2022-10-16 18:00:00,18,2166.9,1.8
2022-10-16 19:00:00,19,1206.1,1.5
2022-10-16 20:00:00,20,625.0,1.4
2022-10-16 21:00:00,21,62.9,0.5
2022-10-16 22:00:00,22,,0.7
2022-10-16 23:00:00,23,,0.0
2022-10-17 00:00:00,0,,1.3
2022-10-17 01:00:00,1,,1.3
2022-10-17 02:00:00,2,,0.9
2022-10-17 03:00:00,3,,0.0
2022-10-17 04:00:00,4,,0.1
2022-10-17 05:00:00,5,,0.0
2022-10-17 06:00:00,6,,1.6
2022-10-17 07:00:00,7,,0.3
2022-10-17 08:00:00,8,,0.0
2022-10-17 09:00:00,9,16.4,1.6
2022-10-17 10:00:00,10,277.8,0.6
2022-10-17 11:00:00,11,1160.4,0.9
2022-10-17 12:00:00,12,2042.6,1.5
2022-10-17 13:00:00,13,2492.2,1.3
2022-10-17 14:00:00,14,3026.6,2.3
2022-10-17 15:00:00,15,2616.7,1.8
2022-10-17 16:00:00,16,2663.6,1.6
2022-10-17 17:00:00,17,2427.0,2.0
2022-10-17 18:00:00,18,1803.1,1.6
2022-10-17 19:00:00,19,1438.7,2.0
2022-10-17 20:00:00,20,537.6,0.7
2022-10-17 21:00:00,21,46.6,1.0
2022-10-17 22:00:00,22,,0.4
2022-10-17 23:00:00,23,,0.0
2022-10-18 00:00:00,0,,0.2
2022-10-18 01:00:00,1,,0.1
2022-10-18 02:00:00,2,,0.0
2022-10-18 03:00:00,3,,0.6
2022-10-18 04:00:00,4,,0.1
2022-10-18 05:00:00,5,,3.3
2022-10-18 06:00:00,6,,2.6
2022-10-18 07:00:00,7,,0.1
2022-10-18 08:00:00,8,,0.2
2022-10-18 09:00:00,9,15.7,0.0
2022-10-18 10:00:00,10,293.1,1.5
2022-10-18 11:00:00,11,943.7,1.0
2022-10-18 12:00:00,12,1509.4,2.4
2022-10-18 13:00:00,13,2748.3,2.6
2022-10-18 14:00:00,14,2849.6,3.0
2022-10-18 15:00:00,15,2730.5,2.6
2022-10-18 16:00:00,16,2918.6,3.1
2022-10-18 17:00:00,17,2228.3,2.6
2022-10-18 18:00:00,18,2439.9,2.0
2022-10-18 19:00:00,19,1272.1,1.7
2022-10-18 20:00:00,20,387.5,1.9
2022-10-18 21:00:00,21,60.0,1.8
2022-10-18 22:00:00,22,,1.7
2022-10-18 23:00:00,23,,0.6
2022-10-19 00:00:00,0,,0.0
2022-10-19 01:00:00,1,,0.1
2022-10-19 02:00:00,2,,0.3
2022-10-19 03:00:00,3,,0.4
2022-10-19 04:00:00,4,,0.3
2022-10-19 05:00:00,5,,3.5
2022-10-19 06:00:00,6,,0.6
2022-10-19 07:00:00,7,,0.0
2022-10-19 08:00:00,8,,0.1
2022-10-19 09:00:00,9,20.6,0.3
2022-10-19 10:00:00,10,348.6,1.5
2022-10-19 11:00:00,11,1238.4,1.7
2022-10-19 12:00:00,12,2071.3,2.9
2022-10-19 13:00:00,13,2328.3,3.7
2022-10-19 14:00:00,14,2594.7,2.3
2022-10-19 15:00:00,15,2208.2,2.7
2022-10-19 16:00:00,16,2982.4,3.8
2022-10-19 17:00:00,17,2286.1,2.6
2022-10-19 18:00:00,18,2227.5,2.1
2022-10-19 19:00:00,19,1369.7,1.9
2022-10-19 20:00:00,20,501.9,1.1
2022-10-19 21:00:00,21,61.2,0.8
2022-10-19 22:00:00,22,,1.1
2022-10-19 23:00:00,23,,1.3
2022-10-20 00:00:00,0,,0.0
2022-10-20 01:00:00,1,,0.5
2022-10-20 02:00:00,2,,1.4
2022-10-20 03:00:00,3,,0.2
2022-10-20 04:00:00,4,,0.6
2022-10-20 05:00:00,5,,3.3
2022-10-20 06:00:00,6,,0.2
2022-10-20 07:00:00,7,,1.5
2022-10-20 08:00:00,8,,0.0
2022-10-20 09:00:00,9,17.6,0.0
2022-10-20 10:00:00,10,220.5,0.9
2022-10-20 11:00:00,11,943.5,1.2
2022-10-20 12:00:00,12,2030.8,2.6
2022-10-20 13:00:00,13,2527.9,1.3
2022-10-20 14:00:00,14,3057.9,3.2
2022-10-20 15:00:00,15,2480.1,2.3
2022-10-20 16:00:00,16,2285.7,1.5
2022-10-20 17:00:00,17,2347.6,2.0
2022-10-20 18:00:00,18,1865.6,1.3
2022-10-20 19:00:00,19,1313.7,2.9
2022-10-20 20:00:00,20,357.3,0.8
2022-10-20 21:00:00,21,73.6,1.3
2022-10-20 22:00:00,22,,0.5
2022-10-20 23:00:00,23,,0.0
2022-10-21 00:00:00,0,,0.0
2022-10-21 01:00:00,1,,0.2
2022-10-21 02:00:00,2,,0.1
2022-10-21 03:00:00,3,,0.0
2022-10-21 04:00:00,4,,0.0
2022-10-21 05:00:00,5,,0.3
2022-10-21 06:00:00,6,,0.0
2022-10-21 07:00:00,7,,1.2
2022-10-21 08:00:00,8,,0.0
2022-10-21 09:00:00,9,8.7,0.0
2022-10-21 10:00:00,10,80.2,1.1
2022-10-21 11:00:00,11,882.3,1.8
2022-10-21 12:00:00,12,1167.5,1.0
2022-10-21 13:00:00,13,1423.1,1.5
2022-10-21 14:00:00,14,2555.3,1.7
2022-10-21 15:00:00,15,2288.7,1.9
2022-10-21 16:00:00,16,2810.4,2.5
2022-10-21 17:00:00,17,2396.8,2.5
2022-10-21 18:00:00,18,1872.8,2.5
2022-10-21 19:00:00,19,1031.2,2.1
2022-10-21 20:00:00,20,561.2,1.2
2022-10-21 21:00:00,21,92.2,1.5
2022-10-21 22:00:00,22,,0.1
2022-10-21 23:00:00,23,,0.3
2022-10-22 00:00:00,0,,0.4
2022-10-22 01:00:00,1,,0.0
2022-10-22 02:00:00,2,,1.6
2022-10-22 03:00:00,3,,0.0
2022-10-22 04:00:00,4,,0.8
2022-10-22 05:00:00,5,,2.0
2022-10-22 06:00:00,6,,1.2
2022-10-22 07:00:00,7,,1.6
2022-10-22 08:00:00,8,,2.1
2022-10-22 09:00:00,9,21.7,1.4
2022-10-22 10:00:00,10,326.0,2.1
2022-10-22 11:00:00,11,883.0,2.0
2022-10-22 12:00:00,12,439.2,2.0
2022-10-22 13:00:00,13,616.9,1.9
2022-10-22 14:00:00,14,1744.9,1.8
2022-10-22 15:00:00,15,2142.6,1.4
2022-10-22 16:00:00,16,2086.5,1.3
2022-10-22 17:00:00,17,2211.2,1.6
2022-10-22 18:00:00,18,2297.5,1.7
2022-10-22 19:00:00,19,1432.6,0.6
2022-10-22 20:00:00,20,384.3,0.9
2022-10-22 21:00:00,21,49.8,0.8
2022-10-22 22:00:00,22,,0.7
2022-10-22 23:00:00,23,,0.5
2022-10-23 00:00:00,0,,0.1
2022-10-23 01:00:00,1,,0.7
2022-10-23 02:00:00,2,,0.6
2022-10-23 03:00:00,3,,0.0
2022-10-23 04:00:00,4,,0.1
2022-10-23 05:00:00,5,,1.9
2022-10-23 06:00:00,6,,1.9
2022-10-23 07:00:00,7,,1.4
2022-10-23 08:00:00,8,,0.0
2022-10-23 09:00:00,9,3.9,0.3
2022-10-23 10:00:00,10,97.7,1.1
2022-10-23 11:00:00,11,510.6,0.9
2022-10-23 12:00:00,12,1287.9,1.2
2022-10-23 13:00:00,13,1548.0,0.6
2022-10-23 14:00:00,14,2234.2,1.4
2022-10-23 15:00:00,15,1596.6,1.9
2022-10-23 16:00:00,16,1340.3,0.7
2022-10-23 17:00:00,17,1121.4,0.5
2022-10-23 18:00:00,18,960.6,0.1
2022-10-23 19:00:00,19,688.1,0.8
2022-10-23 20:00:00,20,571.4,0.2
2022-10-23 21:00:00,21,91.1,0.1
2022-10-23 22:00:00,22,,0.8
2022-10-23 23:00:00,23,,0.0
2022-10-24 00:00:00,0,,0.2
2022-10-24 01:00:00,1,,0.2
2022-10-24 02:00:00,2,,0.0
2022-10-24 03:00:00,3,,0.0
2022-10-24 04:00:00,4,,0.2
2022-10-24 05:00:00,5,,0.0
2022-10-24 06:00:00,6,,0.1
2022-10-24 07:00:00,7,,1.5
2022-10-24 08:00:00,8,,2.3
2022-10-24 09:00:00,9,8.5,1.9
2022-10-24 10:00:00,10,134.7,1.7
2022-10-24 11:00:00,11,326.7,1.6
2022-10-24 12:00:00,12,577.9,2.4
2022-10-24 13:00:00,13,601.0,1.1
2022-10-24 14:00:00,14,1083.9,0.2
2022-10-24 15:00:00,15,1233.9,0.5
2022-10-24 16:00:00,16,2690.9,1.6
2022-10-24 17:00:00,17,3153.9,1.8
2022-10-24 18:00:00,18,2360.4,1.5
2022-10-24 19:00:00,19,1602.1,0.6
2022-10-24 20:00:00,20,463.7,0.8
2022-10-24 21:00:00,21,64.7,0.7
2022-10-24 22:00:00,22,,0.0
2022-10-24 23:00:00,23,,0.0
2022-10-25 00:00:00,0,,0.4
2022-10-25 01:00:00,1,,0.4
2022-10-25 02:00:00,2,,0.0
2022-10-25 03:00:00,3,,0.0
2022-10-25 04:00:00,4,,1.6
2022-10-25 05:00:00,5,,2.3
2022-10-25 06:00:00,6,,1.8
2022-10-25 07:00:00,7,,2.8
2022-10-25 08:00:00,8,,3.1
2022-10-25 09:00:00,9,,1.8
2022-10-25 10:00:00,10,7.7,2.4
2022-10-25 11:00:00,11,131.1,1.1
2022-10-25 12:00:00,12,284.1,0.0
2022-10-25 13:00:00,13,466.8,0.0
2022-10-25 14:00:00,14,1074.8,0.1
2022-10-25 15:00:00,15,1595.2,1.1
2022-10-25 16:00:00,16,1174.0,0.9
2022-10-25 17:00:00,17,937.7,2.9
2022-10-25 18:00:00,18,635.1,1.0
2022-10-25 19:00:00,19,433.1,1.2
2022-10-25 20:00:00,20,350.8,0.1
2022-10-25 21:00:00,21,38.9,0.0
2022-10-25 22:00:00,22,,0.5
2022-10-25 23:00:00,23,,0.0
2022-10-26 00:00:00,0,,0.5
2022-10-26 01:00:00,1,,0.1
2022-10-26 02:00:00,2,,0.5
2022-10-26 03:00:00,3,,0.1
2022-10-26 04:00:00,4,,0.1
2022-10-26 05:00:00,5,,0.0
2022-10-26 06:00:00,6,,2.5
2022-10-26 07:00:00,7,,1.2
2022-10-26 08:00:00,8,,0.9
2022-10-26 09:00:00,9,2.2,0.1
2022-10-26 10:00:00,10,32.6,3.5
2022-10-26 11:00:00,11,29.6,2.4
2022-10-26 12:00:00,12,45.6,0.0
2022-10-26 13:00:00,13,194.1,0.6
2022-10-26 14:00:00,14,624.7,0.3
2022-10-26 15:00:00,15,915.6,0.3
2022-10-26 16:00:00,16,1432.0,0.0
2022-10-26 17:00:00,17,1593.9,0.0
2022-10-26 18:00:00,18,1158.4,0.0
2022-10-26 19:00:00,19,837.0,0.8
2022-10-26 20:00:00,20,408.1,0.4
2022-10-26 21:00:00,21,49.0,0.2
2022-10-26 22:00:00,22,,0.0
2022-10-26 23:00:00,23,,0.0
2022-10-27 00:00:00,0,,0.0
2022-10-27 01:00:00,1,,0.0
2022-10-27 02:00:00,2,,0.0
2022-10-27 03:00:00,3,,0.0
2022-10-27 04:00:00,4,,0.0
2022-10-27 05:00:00,5,,0.0
2022-10-27 06:00:00,6,,0.0
2022-10-27 07:00:00,7,,0.2
2022-10-27 08:00:00,8,,0.0
2022-10-27 09:00:00,9,23.2,0.0
2022-10-27 10:00:00,10,280.2,0.0
2022-10-27 11:00:00,11,1277.5,2.6
2022-10-27 12:00:00,12,2052.1,2.6
2022-10-27 13:00:00,13,2335.5,2.1
2022-10-27 14:00:00,14,2426.1,1.3
2022-10-27 15:00:00,15,2678.8,2.9
2022-10-27 16:00:00,16,3019.9,2.5
2022-10-27 17:00:00,17,3243.3,2.7
2022-10-27 18:00:00,18,1812.6,2.7
2022-10-27 19:00:00,19,1203.4,2.6
2022-10-27 20:00:00,20,242.9,2.5
2022-10-27 21:00:00,21,61.3,0.8
2022-10-27 22:00:00,22,,0.5
2022-10-27 23:00:00,23,,0.1
2022-10-28 00:00:00,0,,0.5
2022-10-28 01:00:00,1,,0.9
2022-10-28 02:00:00,2,,0.0
2022-10-28 03:00:00,3,,0.5
2022-10-28 04:00:00,4,,0.0
2022-10-28 05:00:00,5,,2.2
2022-10-28 06:00:00,6,,0.3
2022-10-28 07:00:00,7,,0.4
2022-10-28 08:00:00,8,,0.8
2022-10-28 09:00:00,9,17.6,1.2
2022-10-28 10:00:00,10,234.3,0.0
2022-10-28 11:00:00,11,720.3,1.9
2022-10-28 12:00:00,12,594.1,1.2
2022-10-28 13:00:00,13,1743.7,1.8
2022-10-28 14:00:00,14,2067.3,1.0
2022-10-28 15:00:00,15,2118.0,1.5
2022-10-28 16:00:00,16,2679.1,2.0
2022-10-28 17:00:00,17,2678.1,2.3
2022-10-28 18:00:00,18,2492.6,2.5
2022-10-28 19:00:00,19,1332.5,2.0
2022-10-28 20:00:00,20,506.8,2.0
2022-10-28 21:00:00,21,70.5,1.0
2022-10-28 22:00:00,22,,0.3
2022-10-28 23:00:00,23,,0.1
2022-10-29 00:00:00,0,,0.2
2022-10-29 01:00:00,1,,0.4
2022-10-29 02:00:00,2,,1.2
2022-10-29 03:00:00,3,,0.0
2022-10-29 04:00:00,4,,0.0
2022-10-29 05:00:00,5,,2.9
2022-10-29 06:00:00,6,,0.9
2022-10-29 07:00:00,7,,0.1
2022-10-29 08:00:00,8,,0.0
2022-10-29 09:00:00,9,26.8,0.0
2022-10-29 10:00:00,10,270.1,0.0
2022-10-29 11:00:00,11,1066.1,1.0
2022-10-29 12:00:00,12,2017.9,1.3
2022-10-29 13:00:00,13,2825.8,1.1
2022-10-29 14:00:00,14,3280.8,2.3
2022-10-29 15:00:00,15,3293.5,2.0
2022-10-29 16:00:00,16,2854.7,1.5
2022-10-29 17:00:00,17,2843.3,2.2
2022-10-29 18:00:00,18,2381.6,1.8
2022-10-29 19:00:00,19,1382.9,2.5
2022-10-29 20:00:00,20,488.9,1.7
2022-10-29 21:00:00,21,82.4,1.4
2022-10-29 22:00:00,22,,0.4
2022-10-29 23:00:00,23,,0.3
2022-10-30 00:00:00,0,,0.0
2022-10-30 01:00:00,1,,0.0
2022-10-30 02:00:00,2,,0.7
2022-10-30 03:00:00,3,,1.2
2022-10-30 04:00:00,4,,0.2
2022-10-30 05:00:00,5,,0.0
2022-10-30 06:00:00,6,,2.3
2022-10-30 07:00:00,7,,0.7
2022-10-30 08:00:00,8,,1.0
2022-10-30 09:00:00,9,19.9,0.9
2022-10-30 10:00:00,10,265.9,0.2
2022-10-30 11:00:00,11,1171.6,1.5
2022-10-30 12:00:00,12,1846.8,2.2
2022-10-30 13:00:00,13,1907.9,2.3
2022-10-30 14:00:00,14,3040.8,2.4
2022-10-30 15:00:00,15,2976.2,2.2
2022-10-30 16:00:00,16,2819.6,1.3
2022-10-30 17:00:00,17,2788.5,1.0
2022-10-30 18:00:00,18,2285.7,1.3
2022-10-30 19:00:00,19,1521.0,1.0
2022-10-30 20:00:00,20,364.7,0.6
2022-10-30 21:00:00,21,65.5,0.4
2022-10-30 22:00:00,22,,0.0
2022-10-30 23:00:00,23,,0.9
2022-10-31 00:00:00,0,,0.0
2022-10-31 01:00:00,1,,1.9
2022-10-31 02:00:00,2,,0.8
2022-10-31 03:00:00,3,,0.2
2022-10-31 04:00:00,4,,2.5
2022-10-31 05:00:00,5,,2.0
2022-10-31 06:00:00,6,,1.0
2022-10-31 07:00:00,7,,1.7
2022-10-31 08:00:00,8,,1.2
2022-10-31 09:00:00,9,35.2,0.5
2022-10-31 10:00:00,10,307.4,2.0
2022-10-31 11:00:00,11,1111.5,2.3
2022-10-31 12:00:00,12,2139.7,2.5
2022-10-31 13:00:00,13,2783.3,2.5
2022-10-31 14:00:00,14,3297.5,2.7
2022-10-31 15:00:00,15,3219.1,1.5
2022-10-31 16:00:00,16,3180.3,1.1
2022-10-31 17:00:00,17,2289.3,0.6
2022-10-31 18:00:00,18,2087.6,1.5
2022-10-31 19:00:00,19,1035.5,2.5
2022-10-31 20:00:00,20,460.7,2.0
2022-10-31 21:00:00,21,67.6,1.4
2022-10-31 22:00:00,22,,0.0
2022-10-31 23:00:00,23,,1.7
2022-11-01 00:00:00,0,,0.0
2022-11-01 01:00:00,1,,0.4
2022-11-01 02:00:00,2,,1.3
2022-11-01 03:00:00,3,,2.3
2022-11-01 04:00:00,4,,2.4
2022-11-01 05:00:00,5,,2.2
2022-11-01 06:00:00,6,,2.1
2022-11-01 07:00:00,7,,1.9
2022-11-01 08:00:00,8,,3.2
2022-11-01 09:00:00,9,26.4,1.1
2022-11-01 10:00:00,10,189.2,0.9
2022-11-01 11:00:00,11,546.4,3.5
2022-11-01 12:00:00,12,1296.8,3.4
2022-11-01 13:00:00,13,2111.8,3.5
2022-11-01 14:00:00,14,2824.4,3.6
2022-11-01 15:00:00,15,2610.9,3.0
2022-11-01 16:00:00,16,2712.4,2.5
2022-11-01 17:00:00,17,2825.6,2.4
2022-11-01 18:00:00,18,2140.7,1.7
2022-11-01 19:00:00,19,1204.5,0.9
2022-11-01 20:00:00,20,406.4,0.4
2022-11-01 21:00:00,21,68.8,0.3
2022-11-01 22:00:00,22,,2.3
2022-11-01 23:00:00,23,,1.2
2022-11-02 00:00:00,0,,1.3
2022-11-02 01:00:00,1,,0.2
2022-11-02 02:00:00,2,,0.2
2022-11-02 03:00:00,3,,1.2
2022-11-02 04:00:00,4,,0.0
2022-11-02 05:00:00,5,,0.3
2022-11-02 06:00:00,6,,1.5
2022-11-02 07:00:00,7,,0.0
2022-11-02 08:00:00,8,,0.0
2022-11-02 09:00:00,9,6.3,0.0
2022-11-02 10:00:00,10,225.9,0.4
2022-11-02 11:00:00,11,536.6,1.6
2022-11-02 12:00:00,12,1303.6,1.2
2022-11-02 13:00:00,13,1692.6,1.8
2022-11-02 14:00:00,14,1284.8,2.4
2022-11-02 15:00:00,15,2520.5,0.9
2022-11-02 16:00:00,16,2535.9,2.1
2022-11-02 17:00:00,17,2039.2,1.5
2022-11-02 18:00:00,18,1833.3,1.5
2022-11-02 19:00:00,19,1218.2,0.8
2022-11-02 20:00:00,20,505.3,1.8
2022-11-02 21:00:00,21,84.4,1.8
2022-11-02 22:00:00,22,,0.8
2022-11-02 23:00:00,23,,1.4
2022-11-03 00:00:00,0,,1.1
2022-11-03 01:00:00,1,,0.1
2022-11-03 02:00:00,2,,0.7
2022-11-03 03:00:00,3,,0.4
2022-11-03 04:00:00,4,,0.7
2022-11-03 05:00:00,5,,0.5
2022-11-03 06:00:00,6,,0.9
2022-11-03 07:00:00,7,,0.6
2022-11-03 08:00:00,8,,0.3
2022-11-03 09:00:00,9,26.7,1.0
2022-11-03 10:00:00,10,266.1,1.5
2022-11-03 11:00:00,11,1071.4,1.4
2022-11-03 12:00:00,12,1796.7,1.7
2022-11-03 13:00:00,13,2462.6,1.1
2022-11-03 14:00:00,14,2937.8,1.0
2022-11-03 15:00:00,15,2470.9,2.8
2022-11-03 16:00:00,16,1795.2,1.9
2022-11-03 17:00:00,17,1047.1,1.9
2022-11-03 18:00:00,18,246.3,0.1
2022-11-03 19:00:00,19,102.3,0.4
2022-11-03 20:00:00,20,98.4,1.2
2022-11-03 21:00:00,21,34.7,1.2
2022-11-03 22:00:00,22,,1.0
2022-11-03 23:00:00,23,,0.3
2022-11-04 00:00:00,0,,0.7
2022-11-04 01:00:00,1,,2.5
2022-11-04 02:00:00,2,,2.3
2022-11-04 03:00:00,3,,1.0
2022-11-04 04:00:00,4,,2.1
2022-11-04 05:00:00,5,,2.0
2022-11-04 06:00:00,6,,1.2
2022-11-04 07:00:00,7,,0.6
2022-11-04 08:00:00,8,,1.4
2022-11-04 09:00:00,9,4.5,0.0
2022-11-04 10:00:00,10,79.5,0.4
2022-11-04 11:00:00,11,170.5,0.4
2022-11-04 12:00:00,12,247.8,0.4
2022-11-04 13:00:00,13,331.9,2.0
2022-11-04 14:00:00,14,482.1,2.0
2022-11-04 15:00:00,15,683.7,1.3
2022-11-04 16:00:00,16,523.8,2.7
2022-11-04 17:00:00,17,636.3,0.5
2022-11-04 18:00:00,18,543.5,1.9
2022-11-04 19:00:00,19,402.6,2.5
2022-11-04 20:00:00,20,207.5,1.1
2022-11-04 21:00:00,21,22.1,1.3
2022-11-04 22:00:00,22,,0.4
2022-11-04 23:00:00,23,,1.2
2022-11-05 00:00:00,0,,0.6
2022-11-05 01:00:00,1,,1.4
2022-11-05 02:00:00,2,,1.8
2022-11-05 03:00:00,3,,1.9
2022-11-05 04:00:00,4,,1.4
2022-11-05 05:00:00,5,,0.7
2022-11-05 06:00:00,6,,0.0
2022-11-05 07:00:00,7,,0.8
2022-11-05 08:00:00,8,,1.0
2022-11-05 09:00:00,9,37.1,0.9
2022-11-05 10:00:00,10,479.6,0.6
2022-11-05 11:00:00,11,783.8,0.6
2022-11-05 12:00:00,12,1088.2,1.0
2022-11-05 13:00:00,13,1312.4,0.6
2022-11-05 14:00:00,14,1557.1,1.1
2022-11-05 15:00:00,15,2749.8,1.5
2022-11-05 16:00:00,16,3361.9,1.9
2022-11-05 17:00:00,17,2253.5,1.8
2022-11-05 18:00:00,18,1979.1,1.2
2022-11-05 19:00:00,19,1346.8,1.0
2022-11-05 20:00:00,20,403.7,0.7
2022-11-05 21:00:00,21,64.1,1.3
2022-11-05 22:00:00,22,,0.3
2022-11-05 23:00:00,23,,0.4
2022-11-06 00:00:00,0,,0.9
2022-11-06 01:00:00,1,,0.4
2022-11-06 02:00:00,2,,0.0
2022-11-06 03:00:00,3,,0.0
2022-11-06 04:00:00,4,,0.7
2022-11-06 05:00:00,5,,0.2
2022-11-06 06:00:00,6,,0.1
2022-11-06 07:00:00,7,,0.5
2022-11-06 08:00:00,8,,0.6
2022-11-06 09:00:00,9,3.7,0.9
2022-11-06 10:00:00,10,22.4,3.9
2022-11-06 11:00:00,11,26.3,1.9
2022-11-06 12:00:00,12,92.4,0.4
2022-11-06 13:00:00,13,299.8,0.4
2022-11-06 14:00:00,14,1102.6,0.1
2022-11-06 15:00:00,15,2035.3,1.3
2022-11-06 16:00:00,16,2372.3,1.6
2022-11-06 17:00:00,17,1206.0,2.1
2022-11-06 18:00:00,18,789.7,1.4
2022-11-06 19:00:00,19,490.1,0.6
2022-11-06 20:00:00,20,206.4,0.5
2022-11-06 21:00:00,21,66.6,0.2
2022-11-06 22:00:00,22,,0.4
2022-11-06 23:00:00,23,,1.1
2022-11-07 00:00:00,0,,0.1
2022-11-07 01:00:00,1,,1.1
2022-11-07 02:00:00,2,,0.0
2022-11-07 03:00:00,3,,0.0
2022-11-07 04:00:00,4,,0.0
2022-11-07 05:00:00,5,,0.1
2022-11-07 06:00:00,6,,0.5
2022-11-07 07:00:00,7,,0.3
2022-11-07 08:00:00,8,,0.3
2022-11-07 09:00:00,9,16.2,0.0
2022-11-07 10:00:00,10,350.8,0.3
2022-11-07 11:00:00,11,1077.9,0.8
2022-11-07 12:00:00,12,1530.1,2.2
2022-11-07 13:00:00,13,2610.9,3.0
2022-11-07 14:00:00,14,2443.7,3.4
2022-11-07 15:00:00,15,2947.3,2.7
2022-11-07 16:00:00,16,2161.0,2.6
2022-11-07 17:00:00,17,3033.3,1.4
2022-11-07 18:00:00,18,1933.6,1.6
2022-11-07 19:00:00,19,1015.4,0.3
2022-11-07 20:00:00,20,258.8,1.5
2022-11-07 21:00:00,21,42.3,1.1
2022-11-07 22:00:00,22,,0.9
2022-11-07 23:00:00,23,,0.1
2022-11-08 00:00:00,0,,3.1
2022-11-08 01:00:00,1,,3.2
2022-11-08 02:00:00,2,,0.0
2022-11-08 03:00:00,3,,0.0
2022-11-08 04:00:00,4,,0.0
2022-11-08 05:00:00,5,,1.0
2022-11-08 06:00:00,6,,0.2
2022-11-08 07:00:00,7,,0.0
2022-11-08 08:00:00,8,,0.4
2022-11-08 09:00:00,9,4.8,0.0
2022-11-08 10:00:00,10,71.5,0.9
2022-11-08 11:00:00,11,85.0,0.4
2022-11-08 12:00:00,12,158.2,0.1
2022-11-08 13:00:00,13,503.2,0.0
2022-11-08 14:00:00,14,1126.4,0.3
2022-11-08 15:00:00,15,1792.1,0.2
2022-11-08 16:00:00,16,2156.2,1.3
2022-11-08 17:00:00,17,1041.8,0.2
2022-11-08 18:00:00,18,130.0,0.7
2022-11-08 19:00:00,19,93.2,0.6
2022-11-08 20:00:00,20,78.1,0.8
2022-11-08 21:00:00,21,30.9,0.3
2022-11-08 22:00:00,22,,0.3
2022-11-08 23:00:00,23,,0.3
2022-11-09 00:00:00,0,,0.1
2022-11-09 01:00:00,1,,0.6
2022-11-09 02:00:00,2,,0.5
2022-11-09 03:00:00,3,,1.2
2022-11-09 04:00:00,4,,0.1
2022-11-09 05:00:00,5,,0.1
2022-11-09 06:00:00,6,,1.4
2022-11-09 07:00:00,7,,0.1
2022-11-09 08:00:00,8,,0.9
2022-11-09 09:00:00,9,16.4,1.1
2022-11-09 10:00:00,10,255.1,0.2
2022-11-09 11:00:00,11,932.1,0.4
2022-11-09 12:00:00,12,2410.6,1.6
2022-11-09 13:00:00,13,2577.8,1.7
2022-11-09 14:00:00,14,1764.0,0.5
2022-11-09 15:00:00,15,2968.4,1.6
2022-11-09 16:00:00,16,3518.8,2.4
2022-11-09 17:00:00,17,3168.3,2.1
2022-11-09 18:00:00,18,2403.7,2.6
2022-11-09 19:00:00,19,1515.2,2.1
2022-11-09 20:00:00,20,241.8,1.6
2022-11-09 21:00:00,21,53.6,1.1
2022-11-09 22:00:00,22,,0.9
2022-11-09 23:00:00,23,,0.4
2022-11-10 00:00:00,0,,2.1
2022-11-10 01:00:00,1,,0.2
2022-11-10 02:00:00,2,,0.0
2022-11-10 03:00:00,3,,0.6
2022-11-10 04:00:00,4,,0.3
2022-11-10 05:00:00,5,,1.3
2022-11-10 06:00:00,6,,0.1
2022-11-10 07:00:00,7,,0.1
2022-11-10 08:00:00,8,,0.0
2022-11-10 09:00:00,9,26.1,0.5
2022-11-10 10:00:00,10,290.5,0.4
2022-11-10 11:00:00,11,958.9,0.5
2022-11-10 12:00:00,12,2002.0,2.3
2022-11-10 13:00:00,13,2777.4,0.7
2022-11-10 14:00:00,14,3395.3,0.8
2022-11-10 15:00:00,15,3091.4,0.9
2022-11-10 16:00:00,16,2389.0,1.1
2022-11-10 17:00:00,17,2527.6,2.1
2022-11-10 18:00:00,18,2370.4,2.0
2022-11-10 19:00:00,19,1477.3,2.3
2022-11-10 20:00:00,20,307.7,1.4
2022-11-10 21:00:00,21,111.4,1.3
2022-11-10 22:00:00,22,,0.6
2022-11-10 23:00:00,23,,0.1
2022-11-11 00:00:00,0,,0.2
2022-11-11 01:00:00,1,,1.0
2022-11-11 02:00:00,2,,0.2
2022-11-11 03:00:00,3,,0.4
2022-11-11 04:00:00,4,,0.4
2022-11-11 05:00:00,5,,0.6
2022-11-11 06:00:00,6,,0.6
2022-11-11 07:00:00,7,,0.0
2022-11-11 08:00:00,8,,0.2
2022-11-11 09:00:00,9,10.1,0.8
2022-11-11 10:00:00,10,276.6,0.5
2022-11-11 11:00:00,11,599.9,2.2
2022-11-11 12:00:00,12,635.8,1.6
2022-11-11 13:00:00,13,891.0,1.4
2022-11-11 14:00:00,14,1865.5,0.8
2022-11-11 15:00:00,15,2817.9,1.5
2022-11-11 16:00:00,16,3298.9,1.7
2022-11-11 17:00:00,17,3050.2,0.7
2022-11-11 18:00:00,18,2570.1,0.9
2022-11-11 19:00:00,19,1628.1,1.4
2022-11-11 20:00:00,20,347.2,2.3
2022-11-11 21:00:00,21,86.1,1.1
2022-11-11 22:00:00,22,,1.0
2022-11-11 23:00:00,23,,1.0
2022-11-12 00:00:00,0,,1.2
2022-11-12 01:00:00,1,,0.7
2022-11-12 02:00:00,2,,0.1
2022-11-12 03:00:00,3,,1.1
2022-11-12 04:00:00,4,,0.8
2022-11-12 05:00:00,5,,1.1
2022-11-12 06:00:00,6,,0.4
2022-11-12 07:00:00,7,,0.2
2022-11-12 08:00:00,8,,0.3
2022-11-12 09:00:00,9,21.9,1.0
2022-11-12 10:00:00,10,224.0,1.5
2022-11-12 11:00:00,11,561.7,1.7
2022-11-12 12:00:00,12,483.2,1.7
2022-11-12 13:00:00,13,1040.5,1.0
2022-11-12 14:00:00,14,1439.6,0.7
2022-11-12 15:00:00,15,1803.3,0.9
2022-11-12 16:00:00,16,3275.5,1.4
2022-11-12 17:00:00,17,2798.0,1.0
2022-11-12 18:00:00,18,2322.5,1.2
2022-11-12 19:00:00,19,1462.1,2.3
2022-11-12 20:00:00,20,402.7,0.9
2022-11-12 21:00:00,21,113.6,1.7
2022-11-12 22:00:00,22,,0.7
2022-11-12 23:00:00,23,,0.3
2022-11-13 00:00:00,0,,0.3
2022-11-13 01:00:00,1,,1.1
2022-11-13 02:00:00,2,,0.1
2022-11-13 03:00:00,3,,0.2
2022-11-13 04:00:00,4,,0.7
2022-11-13 05:00:00,5,,0.1
2022-11-13 06:00:00,6,,0.9
2022-11-13 07:00:00,7,,0.1
2022-11-13 08:00:00,8,,0.0
2022-11-13 09:00:00,9,7.9,0.9
2022-11-13 10:00:00,10,53.7,0.1
2022-11-13 11:00:00,11,271.6,1.1
2022-11-13 12:00:00,12,736.5,1.1
2022-11-13 13:00:00,13,810.3,2.3
2022-11-13 14:00:00,14,1658.1,2.1
2022-11-13 15:00:00,15,2379.0,1.4
2022-11-13 16:00:00,16,2021.0,1.1
2022-11-13 17:00:00,17,2751.6,1.2
2022-11-13 18:00:00,18,2460.4,1.3
2022-11-13 19:00:00,19,1504.3,1.6
2022-11-13 20:00:00,20,261.5,0.9
2022-11-13 21:00:00,21,60.1,1.2
2022-11-13 22:00:00,22,,0.4
2022-11-13 23:00:00,23,,1.0
2022-11-14 00:00:00,0,,1.1
2022-11-14 01:00:00,1,,0.2
2022-11-14 02:00:00,2,,0.0
2022-11-14 03:00:00,3,,0.2
2022-11-14 04:00:00,4,,0.1
2022-11-14 05:00:00,5,,0.2
2022-11-14 06:00:00,6,,2.3
2022-11-14 07:00:00,7,,1.9
2022-11-14 08:00:00,8,,2.1
2022-11-14 09:00:00,9,36.0,2.0
2022-11-14 10:00:00,10,237.2,2.2
2022-11-14 11:00:00,11,690.8,1.9
2022-11-14 12:00:00,12,1190.9,1.9
2022-11-14 13:00:00,13,1671.1,2.9
2022-11-14 14:00:00,14,2533.3,2.6
2022-11-14 15:00:00,15,2137.6,3.3
2022-11-14 16:00:00,16,2525.0,2.8
2022-11-14 17:00:00,17,2866.1,3.4
2022-11-14 18:00:00,18,2237.7,2.8
2022-11-14 19:00:00,19,1178.3,2.3
2022-11-14 20:00:00,20,176.6,0.5
2022-11-14 21:00:00,21,43.9,0.4
2022-11-14 22:00:00,22,,0.7
2022-11-14 23:00:00,23,,1.2
2022-11-15 00:00:00,0,,0.1
2022-11-15 01:00:00,1,,0.1
2022-11-15 02:00:00,2,,0.5
2022-11-15 03:00:00,3,,0.7
2022-11-15 04:00:00,4,,1.1
2022-11-15 05:00:00,5,,0.6
2022-11-15 06:00:00,6,,0.6
2022-11-15 07:00:00,7,,0.2
2022-11-15 08:00:00,8,,0.1
2022-11-15 09:00:00,9,9.7,0.1
2022-11-15 10:00:00,10,310.7,1.1
2022-11-15 11:00:00,11,723.6,1.6
2022-11-15 12:00:00,12,953.9,2.4
2022-11-15 13:00:00,13,1740.5,2.0
2022-11-15 14:00:00,14,2370.2,1.8
2022-11-15 15:00:00,15,1902.8,3.3
2022-11-15 16:00:00,16,2520.5,1.7
2022-11-15 17:00:00,17,2188.7,2.0
2022-11-15 18:00:00,18,2004.5,2.6
2022-11-15 19:00:00,19,1539.0,2.5
2022-11-15 20:00:00,20,280.8,2.4
2022-11-15 21:00:00,21,49.7,1.0
2022-11-15 22:00:00,22,,0.8
2022-11-15 23:00:00,23,,0.4
2022-11-16 00:00:00,0,,0.3
2022-11-16 01:00:00,1,,0.0
2022-11-16 02:00:00,2,,0.0
2022-11-16 03:00:00,3,,0.1
2022-11-16 04:00:00,4,,0.0
2022-11-16 05:00:00,5,,1.5
2022-11-16 06:00:00,6,,1.7
2022-11-16 07:00:00,7,,0.7
2022-11-16 08:00:00,8,,0.2
2022-11-16 09:00:00,9,35.5,0.0
2022-11-16 10:00:00,10,270.1,0.7
2022-11-16 11:00:00,11,896.1,2.0
2022-11-16 12:00:00,12,2505.0,1.3
2022-11-16 13:00:00,13,2727.2,1.1
2022-11-16 14:00:00,14,3427.2,1.4
2022-11-16 15:00:00,15,2789.0,1.8
2022-11-16 16:00:00,16,2854.1,1.4
2022-11-16 17:00:00,17,1995.6,1.9
2022-11-16 18:00:00,18,2419.8,1.5
2022-11-16 19:00:00,19,1355.1,1.8
2022-11-16 20:00:00,20,322.5,1.9
2022-11-16 21:00:00,21,60.3,1.4
2022-11-16 22:00:00,22,,1.1
2022-11-16 23:00:00,23,,1.1
2022-11-17 00:00:00,0,,0.0
2022-11-17 01:00:00,1,,0.0
2022-11-17 02:00:00,2,,1.1
2022-11-17 03:00:00,3,,1.0
2022-11-17 04:00:00,4,,0.1
2022-11-17 05:00:00,5,,0.7
2022-11-17 06:00:00,6,,1.2
2022-11-17 07:00:00,7,,0.3
2022-11-17 08:00:00,8,,1.3
2022-11-17 09:00:00,9,40.4,0.1
2022-11-17 10:00:00,10,348.7,1.6
2022-11-17 11:00:00,11,993.2,1.5
2022-11-17 12:00:00,12,1294.1,0.7
2022-11-17 13:00:00,13,2409.0,1.3
2022-11-17 14:00:00,14,2098.6,1.7
2022-11-17 15:00:00,15,2818.8,1.6
2022-11-17 16:00:00,16,2169.6,2.0
2022-11-17 17:00:00,17,2347.6,2.7
2022-11-17 18:00:00,18,807.4,2.4
2022-11-17 19:00:00,19,729.8,0.7
2022-11-17 20:00:00,20,311.0,1.7
2022-11-17 21:00:00,21,69.1,1.4
2022-11-17 22:00:00,22,,1.8
2022-11-17 23:00:00,23,,1.1
2022-11-18 00:00:00,0,,0.5
2022-11-18 01:00:00,1,,1.1
2022-11-18 02:00:00,2,,1.2
2022-11-18 03:00:00,3,,0.0
2022-11-18 04:00:00,4,,0.0
2022-11-18 05:00:00,5,,0.0
2022-11-18 06:00:00,6,,1.2
2022-11-18 07:00:00,7,,2.5
2022-11-18 08:00:00,8,,1.0
2022-11-18 09:00:00,9,,2.0
2022-11-18 10:00:00,10,5.3,5.6
2022-11-18 11:00:00,11,17.3,0.6
2022-11-18 12:00:00,12,49.2,0.2
2022-11-18 13:00:00,13,86.4,0.0
2022-11-18 14:00:00,14,295.0,0.2
2022-11-18 15:00:00,15,469.0,0.5
2022-11-18 16:00:00,16,717.5,0.2
2022-11-18 17:00:00,17,891.3,1.2
2022-11-18 18:00:00,18,769.3,0.9
2022-11-18 19:00:00,19,412.7,0.8
2022-11-18 20:00:00,20,300.3,0.9
2022-11-18 21:00:00,21,54.2,1.2
2022-11-18 22:00:00,22,,1.1
2022-11-18 23:00:00,23,,0.4
2022-11-19 00:00:00,0,,0.1
2022-11-19 01:00:00,1,,0.0
2022-11-19 02:00:00,2,,0.3
2022-11-19 03:00:00,3,,0.2
2022-11-19 04:00:00,4,,0.7
2022-11-19 05:00:00,5,,0.0
2022-11-19 06:00:00,6,,1.8
2022-11-19 07:00:00,7,,1.2
2022-11-19 08:00:00,8,,1.7
2022-11-19 09:00:00,9,4.4,1.0
2022-11-19 10:00:00,10,63.5,0.6
2022-11-19 11:00:00,11,494.7,0.1
2022-11-19 12:00:00,12,788.4,0.0
2022-11-19 13:00:00,13,1705.0,1.0
2022-11-19 14:00:00,14,2641.0,2.4
2022-11-19 15:00:00,15,2592.0,1.6
2022-11-19 16:00:00,16,2781.3,1.3
2022-11-19 17:00:00,17,2363.1,2.3
2022-11-19 18:00:00,18,1827.7,2.6
2022-11-19 19:00:00,19,779.0,1.8
2022-11-19 20:00:00,20,375.9,2.7
2022-11-19 21:00:00,21,15.9,1.0
2022-11-19 22:00:00,22,,1.0
2022-11-19 23:00:00,23,,1.4
2022-11-20 00:00:00,0,,0.2
2022-11-20 01:00:00,1,,0.6
2022-11-20 02:00:00,2,,1.8
2022-11-20 03:00:00,3,,1.9
2022-11-20 04:00:00,4,,2.2
2022-11-20 05:00:00,5,,0.6
2022-11-20 06:00:00,6,,0.4
2022-11-20 07:00:00,7,,1.0
2022-11-20 08:00:00,8,,0.6
2022-11-20 09:00:00,9,4.3,0.6
2022-11-20 10:00:00,10,146.7,1.0
2022-11-20 11:00:00,11,718.1,0.6
2022-11-20 12:00:00,12,639.0,0.5
2022-11-20 13:00:00,13,1763.9,1.2
2022-11-20 14:00:00,14,2423.5,1.0
2022-11-20 15:00:00,15,2750.6,1.0
2022-11-20 16:00:00,16,1558.2,1.0
2022-11-20 17:00:00,17,1141.8,1.8
2022-11-20 18:00:00,18,1199.2,2.0
2022-11-20 19:00:00,19,1208.8,1.1
2022-11-20 20:00:00,20,273.9,1.2
2022-11-20 21:00:00,21,71.8,1.0
2022-11-20 22:00:00,22,,0.8
2022-11-20 23:00:00,23,,0.0
2022-11-21 00:00:00,0,,1.2
2022-11-21 01:00:00,1,,1.5
2022-11-21 02:00:00,2,,0.5
2022-11-21 03:00:00,3,,0.8
2022-11-21 04:00:00,4,,0.1
2022-11-21 05:00:00,5,,0.0
2022-11-21 06:00:00,6,,0.3
2022-11-21 07:00:00,7,,0.0
2022-11-21 08:00:00,8,,0.0
2022-11-21 09:00:00,9,28.1,0.0
2022-11-21 10:00:00,10,300.5,1.6
2022-11-21 11:00:00,11,970.6,1.7
2022-11-21 12:00:00,12,2118.8,1.3
2022-11-21 13:00:00,13,2421.5,1.1
2022-11-21 14:00:00,14,1836.7,2.5
2022-11-21 15:00:00,15,2835.2,2.3
2022-11-21 16:00:00,16,2409.4,2.6
2022-11-21 17:00:00,17,1585.4,1.2
2022-11-21 18:00:00,18,1695.2,1.7
2022-11-21 19:00:00,19,1048.7,1.8
2022-11-21 20:00:00,20,317.8,1.4
2022-11-21 21:00:00,21,48.2,1.3
2022-11-21 22:00:00,22,,0.5
2022-11-21 23:00:00,23,,2.2
2022-11-22 00:00:00,0,,0.0
2022-11-22 01:00:00,1,,0.0
2022-11-22 02:00:00,2,,0.0
2022-11-22 03:00:00,3,,0.0
2022-11-22 04:00:00,4,,0.0
2022-11-22 05:00:00,5,,0.0
2022-11-22 06:00:00,6,,0.6
2022-11-22 07:00:00,7,,0.0
2022-11-22 08:00:00,8,,0.7
2022-11-22 09:00:00,9,25.8,0.3
2022-11-22 10:00:00,10,270.6,0.2
2022-11-22 11:00:00,11,869.3,0.7
2022-11-22 12:00:00,12,2011.7,1.0
2022-11-22 13:00:00,13,1859.2,0.8
2022-11-22 14:00:00,14,2627.4,0.7
2022-11-22 15:00:00,15,2745.4,1.3
2022-11-22 16:00:00,16,2935.9,1.3
2022-11-22 17:00:00,17,2675.7,0.9
2022-11-22 18:00:00,18,2158.1,1.3
2022-11-22 19:00:00,19,1480.0,0.8
2022-11-22 20:00:00,20,456.5,2.3
2022-11-22 21:00:00,21,78.3,0.8
2022-11-22 22:00:00,22,,1.1
2022-11-22 23:00:00,23,,0.0
2022-11-23 00:00:00,0,,1.3
2022-11-23 01:00:00,1,,0.0
2022-11-23 02:00:00,2,,0.5
2022-11-23 03:00:00,3,,0.3
2022-11-23 04:00:00,4,,0.0
2022-11-23 05:00:00,5,,0.0
2022-11-23 06:00:00,6,,0.0
2022-11-23 07:00:00,7,,2.2
2022-11-23 08:00:00,8,,0.8
2022-11-23 09:00:00,9,21.9,1.5
2022-11-23 10:00:00,10,224.5,0.2
2022-11-23 11:00:00,11,822.3,1.1
2022-11-23 12:00:00,12,1538.1,1.6
2022-11-23 13:00:00,13,1811.9,1.5
2022-11-23 14:00:00,14,2406.6,1.2
2022-11-23 15:00:00,15,2114.2,2.3
2022-11-23 16:00:00,16,2112.5,1.6
2022-11-23 17:00:00,17,3027.0,2.0
2022-11-23 18:00:00,18,2060.1,1.2
2022-11-23 19:00:00,19,1399.0,1.4
2022-11-23 20:00:00,20,366.4,1.3
2022-11-23 21:00:00,21,125.8,1.7
2022-11-23 22:00:00,22,,1.7
2022-11-23 23:00:00,23,,0.0
2022-11-24 00:00:00,0,,0.2
2022-11-24 01:00:00,1,,0.8
2022-11-24 02:00:00,2,,0.0
2022-11-24 03:00:00,3,,0.0
2022-11-24 04:00:00,4,,0.0
2022-11-24 05:00:00,5,,0.4
2022-11-24 06:00:00,6,,0.1
2022-11-24 07:00:00,7,,0.1
2022-11-24 08:00:00,8,,0.0
2022-11-24 09:00:00,9,20.3,0.0
2022-11-24 10:00:00,10,194.1,0.2
2022-11-24 11:00:00,11,893.8,0.6
2022-11-24 12:00:00,12,1897.4,2.0
2022-11-24 13:00:00,13,2591.5,0.9
2022-11-24 14:00:00,14,3334.0,0.6
2022-11-24 15:00:00,15,2653.2,1.3
2022-11-24 16:00:00,16,1927.4,0.6
2022-11-24 17:00:00,17,2705.6,0.5
2022-11-24 18:00:00,18,1840.4,1.1
2022-11-24 19:00:00,19,1218.7,0.7
2022-11-24 20:00:00,20,291.1,0.9
2022-11-24 21:00:00,21,68.3,1.2
2022-11-24 22:00:00,22,,0.1
2022-11-24 23:00:00,23,,0.3
2022-11-25 00:00:00,0,,0.2
2022-11-25 01:00:00,1,,0.5
2022-11-25 02:00:00,2,,0.3
2022-11-25 03:00:00,3,,0.0
2022-11-25 04:00:00,4,,0.9
2022-11-25 05:00:00,5,,1.8
2022-11-25 06:00:00,6,,3.1
2022-11-25 07:00:00,7,,1.2
2022-11-25 08:00:00,8,,1.2
2022-11-25 09:00:00,9,20.0,2.3
2022-11-25 10:00:00,10,266.1,1.6
2022-11-25 11:00:00,11,551.2,2.7
2022-11-25 12:00:00,12,869.0,3.3
2022-11-25 13:00:00,13,697.4,2.6
2022-11-25 14:00:00,14,1524.8,1.9
2022-11-25 15:00:00,15,1964.9,1.3
2022-11-25 16:00:00,16,1588.3,1.6
2022-11-25 17:00:00,17,1792.8,1.6
2022-11-25 18:00:00,18,1185.8,0.7
2022-11-25 19:00:00,19,635.8,0.1
2022-11-25 20:00:00,20,321.1,1.2
2022-11-25 21:00:00,21,109.9,3.2
2022-11-25 22:00:00,22,,1.9
2022-11-25 23:00:00,23,,0.6
2022-11-26 00:00:00,0,,0.0
2022-11-26 01:00:00,1,,1.0
2022-11-26 02:00:00,2,,0.0
2022-11-26 03:00:00,3,,0.0
2022-11-26 04:00:00,4,,0.0
2022-11-26 05:00:00,5,,0.5
2022-11-26 06:00:00,6,,0.0
2022-11-26 07:00:00,7,,1.4
2022-11-26 08:00:00,8,,0.0
2022-11-26 09:00:00,9,13.9,0.3
2022-11-26 10:00:00,10,316.5,0.1
2022-11-26 11:00:00,11,771.6,0.7
2022-11-26 12:00:00,12,1600.6,0.6
2022-11-26 13:00:00,13,1571.8,0.9
2022-11-26 14:00:00,14,2123.0,1.5
2022-11-26 15:00:00,15,2643.2,1.6
2022-11-26 16:00:00,16,2924.1,2.3
2022-11-26 17:00:00,17,2191.9,2.1
2022-11-26 18:00:00,18,1229.0,1.7
2022-11-26 19:00:00,19,292.1,1.9
2022-11-26 20:00:00,20,82.5,1.1
2022-11-26 21:00:00,21,30.4,0.0
2022-11-26 22:00:00,22,,0.8
2022-11-26 23:00:00,23,,0.1
2022-11-27 00:00:00,0,,0.1
2022-11-27 01:00:00,1,,0.2
2022-11-27 02:00:00,2,,0.0
2022-11-27 03:00:00,3,,0.0
2022-11-27 04:00:00,4,,0.0
2022-11-27 05:00:00,5,,1.1
2022-11-27 06:00:00,6,,1.1
2022-11-27 07:00:00,7,,0.2
2022-11-27 08:00:00,8,,0.6
2022-11-27 09:00:00,9,6.1,0.3
2022-11-27 10:00:00,10,35.9,0.0
2022-11-27 11:00:00,11,66.8,0.2
2022-11-27 12:00:00,12,301.7,2.6
2022-11-27 13:00:00,13,606.8,1.4
2022-11-27 14:00:00,14,909.0,2.3
2022-11-27 15:00:00,15,1266.2,0.9
2022-11-27 16:00:00,16,1078.9,1.2
2022-11-27 17:00:00,17,1182.7,1.2
2022-11-27 18:00:00,18,1376.1,1.3
2022-11-27 19:00:00,19,1425.6,0.7
2022-11-27 20:00:00,20,355.2,0.5
2022-11-27 21:00:00,21,136.3,1.2
2022-11-27 22:00:00,22,,0.5
2022-11-27 23:00:00,23,,0.7
2022-11-28 00:00:00,0,,0.0
2022-11-28 01:00:00,1,,0.0
2022-11-28 02:00:00,2,,0.0
2022-11-28 03:00:00,3,,0.0
2022-11-28 04:00:00,4,,0.0
2022-11-28 05:00:00,5,,0.0
2022-11-28 06:00:00,6,,0.0
2022-11-28 07:00:00,7,,0.1
2022-11-28 08:00:00,8,,0.2
2022-11-28 09:00:00,9,13.7,0.0
2022-11-28 10:00:00,10,241.9,0.4
2022-11-28 11:00:00,11,394.0,2.7
2022-11-28 12:00:00,12,1430.1,2.0
2022-11-28 13:00:00,13,871.6,2.8
2022-11-28 14:00:00,14,917.1,0.8
2022-11-28 15:00:00,15,734.4,2.4
2022-11-28 16:00:00,16,793.9,0.1
2022-11-28 17:00:00,17,1437.2,0.9
2022-11-28 18:00:00,18,1505.4,2.4
2022-11-28 19:00:00,19,1290.8,0.6
2022-11-28 20:00:00,20,140.3,1.2
2022-11-28 21:00:00,21,22.9,0.1
2022-11-28 22:00:00,22,,0.0
2022-11-28 23:00:00,23,,0.0
2022-11-29 00:00:00,0,,0.0
2022-11-29 01:00:00,1,,0.0
2022-11-29 02:00:00,2,,0.1
2022-11-29 03:00:00,3,,0.7
2022-11-29 04:00:00,4,,0.2
2022-11-29 05:00:00,5,,1.4
2022-11-29 06:00:00,6,,0.4
2022-11-29 07:00:00,7,,0.5
2022-11-29 08:00:00,8,,1.2
2022-11-29 09:00:00,9,4.7,0.3
2022-11-29 10:00:00,10,140.1,0.3
2022-11-29 11:00:00,11,476.7,0.8
2022-11-29 12:00:00,12,935.0,2.4
2022-11-29 13:00:00,13,1369.2,2.8
2022-11-29 14:00:00,14,1185.8,3.9
2022-11-29 15:00:00,15,1394.4,1.6
2022-11-29 16:00:00,16,1608.2,1.4
2022-11-29 17:00:00,17,1063.5,0.0
2022-11-29 18:00:00,18,338.8,0.2
2022-11-29 19:00:00,19,34.3,2.4
2022-11-29 20:00:00,20,237.9,0.0
2022-11-29 21:00:00,21,25.7,0.6
2022-11-29 22:00:00,22,,1.3
2022-11-29 23:00:00,23,,0.1
2022-11-30 00:00:00,0,,0.0
2022-11-30 01:00:00,1,,0.0
2022-11-30 02:00:00,2,,0.0
2022-11-30 03:00:00,3,,0.0
2022-11-30 04:00:00,4,,0.0
2022-11-30 05:00:00,5,,0.0
2022-11-30 06:00:00,6,,0.0
2022-11-30 07:00:00,7,,0.0
2022-11-30 08:00:00,8,,0.0
2022-11-30 09:00:00,9,16.8,0.3
2022-11-30 10:00:00,10,153.9,1.0
2022-11-30 11:00:00,11,386.2,1.6
2022-11-30 12:00:00,12,620.2,1.5
2022-11-30 13:00:00,13,801.9,1.3
2022-11-30 14:00:00,14,1733.9,0.0
2022-11-30 15:00:00,15,1653.8,0.4
2022-11-30 16:00:00,16,2903.4,0.8
2022-11-30 17:00:00,17,2913.3,0.5
2022-11-30 18:00:00,18,1824.5,0.8
2022-11-30 19:00:00,19,1363.0,0.6
2022-11-30 20:00:00,20,305.8,0.1
2022-11-30 21:00:00,21,80.1,0.3
2022-11-30 22:00:00,22,,1.7
2022-11-30 23:00:00,23,,0.1
2022-12-01 00:00:00,0,,0.0
2022-12-01 01:00:00,1,,1.3
2022-12-01 02:00:00,2,,0.0
2022-12-01 03:00:00,3,,0.0
2022-12-01 04:00:00,4,,0.0
2022-12-01 05:00:00,5,,0.0
2022-12-01 06:00:00,6,,0.1
2022-12-01 07:00:00,7,,0.0
2022-12-01 08:00:00,8,,0.0
2022-12-01 09:00:00,9,4.9,1.0
2022-12-01 10:00:00,10,45.8,0.4
2022-12-01 11:00:00,11,185.8,0.0
2022-12-01 12:00:00,12,476.3,0.0
2022-12-01 13:00:00,13,603.0,0.3
2022-12-01 14:00:00,14,896.1,1.6
2022-12-01 15:00:00,15,1441.9,0.9
2022-12-01 16:00:00,16,1553.4,0.8
2022-12-01 17:00:00,17,1689.2,0.4
2022-12-01 18:00:00,18,1303.3,0.0
2022-12-01 19:00:00,19,1252.3,0.7
2022-12-01 20:00:00,20,550.6,0.4
2022-12-01 21:00:00,21,77.8,0.8
2022-12-01 22:00:00,22,,0.6
2022-12-01 23:00:00,23,,0.6
2022-12-02 00:00:00,0,,0.0
2022-12-02 01:00:00,1,,0.0
2022-12-02 02:00:00,2,,0.0
2022-12-02 03:00:00,3,,1.4
2022-12-02 04:00:00,4,,0.0
2022-12-02 05:00:00,5,,0.0
2022-12-02 06:00:00,6,,0.7
2022-12-02 07:00:00,7,,0.0
2022-12-02 08:00:00,8,,0.1
2022-12-02 09:00:00,9,16.2,0.6
2022-12-02 10:00:00,10,114.5,0.6
2022-12-02 11:00:00,11,167.9,0.7
2022-12-02 12:00:00,12,929.9,0.8
2022-12-02 13:00:00,13,2019.0,1.1
2022-12-02 14:00:00,14,2770.1,1.7
2022-12-02 15:00:00,15,2833.2,1.8
2022-12-02 16:00:00,16,3116.4,2.6
2022-12-02 17:00:00,17,2116.2,0.9
2022-12-02 18:00:00,18,2343.4,1.7
2022-12-02 19:00:00,19,471.6,0.2
2022-12-02 20:00:00,20,342.6,0.7
2022-12-02 21:00:00,21,126.3,0.8
2022-12-02 22:00:00,22,,0.9
2022-12-02 23:00:00,23,,0.8
2022-12-03 00:00:00,0,,0.0
2022-12-03 01:00:00,1,,0.0
2022-12-03 02:00:00,2,,2.0
2022-12-03 03:00:00,3,,0.1
2022-12-03 04:00:00,4,,0.7
2022-12-03 05:00:00,5,,0.2
2022-12-03 06:00:00,6,,0.0
2022-12-03 07:00:00,7,,0.0
2022-12-03 08:00:00,8,,0.0
2022-12-03 09:00:00,9,31.9,0.0
2022-12-03 10:00:00,10,285.2,0.2
2022-12-03 11:00:00,11,837.5,0.6
2022-12-03 12:00:00,12,2166.7,0.6
2022-12-03 13:00:00,13,1590.9,1.6
2022-12-03 14:00:00,14,2006.4,2.3
2022-12-03 15:00:00,15,1664.5,2.0
2022-12-03 16:00:00,16,3069.3,2.5
2022-12-03 17:00:00,17,2571.3,2.1
2022-12-03 18:00:00,18,2293.0,1.9
2022-12-03 19:00:00,19,1199.3,1.8
2022-12-03 20:00:00,20,490.4,0.3
2022-12-03 21:00:00,21,110.3,0.0
2022-12-03 22:00:00,22,,0.0
2022-12-03 23:00:00,23,,0.0
2022-12-04 00:00:00,0,,0.1
2022-12-04 01:00:00,1,,0.1
2022-12-04 02:00:00,2,,0.0
2022-12-04 03:00:00,3,,0.5
2022-12-04 04:00:00,4,,0.3
2022-12-04 05:00:00,5,,0.0
2022-12-04 06:00:00,6,,0.0
2022-12-04 07:00:00,7,,0.0
2022-12-04 08:00:00,8,,0.7
2022-12-04 09:00:00,9,20.3,0.6
2022-12-04 10:00:00,10,189.6,0.5
2022-12-04 11:00:00,11,804.1,1.5
2022-12-04 12:00:00,12,2259.4,3.0
2022-12-04 13:00:00,13,2807.8,1.5
2022-12-04 14:00:00,14,3286.1,1.3
2022-12-04 15:00:00,15,2334.2,1.8
2022-12-04 16:00:00,16,2803.7,1.8
2022-12-04 17:00:00,17,2078.6,1.4
2022-12-04 18:00:00,18,2305.8,1.8
2022-12-04 19:00:00,19,1080.9,1.1
2022-12-04 20:00:00,20,495.3,1.3
2022-12-04 21:00:00,21,137.7,1.4
2022-12-04 22:00:00,22,,1.0
2022-12-04 23:00:00,23,,0.0
2022-12-05 00:00:00,0,,0.1
2022-12-05 01:00:00,1,,0.0
2022-12-05 02:00:00,2,,0.0
2022-12-05 03:00:00,3,,0.1
2022-12-05 04:00:00,4,,0.0
2022-12-05 05:00:00,5,,0.0
2022-12-05 06:00:00,6,,2.0
2022-12-05 07:00:00,7,,0.6
2022-12-05 08:00:00,8,,1.4
2022-12-05 09:00:00,9,40.5,1.2
2022-12-05 10:00:00,10,208.2,0.6
2022-12-05 11:00:00,11,783.9,0.0
2022-12-05 12:00:00,12,1534.5,0.3
2022-12-05 13:00:00,13,2434.1,0.7
2022-12-05 14:00:00,14,2932.1,2.6
2022-12-05 15:00:00,15,2921.7,2.7
2022-12-05 16:00:00,16,3063.8,2.7
2022-12-05 17:00:00,17,2654.4,1.1
2022-12-05 18:00:00,18,1957.0,2.4
2022-12-05 19:00:00,19,1530.9,1.7
2022-12-05 20:00:00,20,263.7,1.3
2022-12-05 21:00:00,21,101.1,1.2
2022-12-05 22:00:00,22,,0.0
2022-12-05 23:00:00,23,,0.0
2022-12-06 00:00:00,0,,1.0
2022-12-06 01:00:00,1,,0.7
2022-12-06 02:00:00,2,,0.0
2022-12-06 03:00:00,3,,0.0
2022-12-06 04:00:00,4,,0.3
2022-12-06 05:00:00,5,,0.0
2022-12-06 06:00:00,6,,2.0
2022-12-06 07:00:00,7,,0.7
2022-12-06 08:00:00,8,,0.1
2022-12-06 09:00:00,9,26.2,0.4
2022-12-06 10:00:00,10,208.6,1.3
2022-12-06 11:00:00,11,668.6,0.4
2022-12-06 12:00:00,12,1336.7,1.6
2022-12-06 13:00:00,13,2300.8,2.4
2022-12-06 14:00:00,14,2612.0,1.6
2022-12-06 15:00:00,15,2987.0,2.3
2022-12-06 16:00:00,16,2455.8,1.5
2022-12-06 17:00:00,17,2656.4,1.3
2022-12-06 18:00:00,18,2366.5,2.0
2022-12-06 19:00:00,19,1674.5,2.3
2022-12-06 20:00:00,20,488.5,1.8
2022-12-06 21:00:00,21,84.4,0.5
2022-12-06 22:00:00,22,,0.0
2022-12-06 23:00:00,23,,0.8
2022-12-07 00:00:00,0,,0.0
2022-12-07 01:00:00,1,,0.0
2022-12-07 02:00:00,2,,0.0
2022-12-07 03:00:00,3,,0.0
2022-12-07 04:00:00,4,,0.0
2022-12-07 05:00:00,5,,0.0
2022-12-07 06:00:00,6,,0.1
2022-12-07 07:00:00,7,,0.1
2022-12-07 08:00:00,8,,0.1
2022-12-07 09:00:00,9,13.7,2.4
2022-12-07 10:00:00,10,121.3,2.9
2022-12-07 11:00:00,11,729.2,2.1
2022-12-07 12:00:00,12,2249.4,2.8
2022-12-07 13:00:00,13,1739.9,1.9
2022-12-07 14:00:00,14,3182.9,2.7
2022-12-07 15:00:00,15,3145.4,2.0
2022-12-07 16:00:00,16,2854.6,1.2
2022-12-07 17:00:00,17,2172.6,1.2
2022-12-07 18:00:00,18,1727.5,0.7
2022-12-07 19:00:00,19,1798.3,1.9
2022-12-07 20:00:00,20,433.9,1.4
2022-12-07 21:00:00,21,85.5,1.1
2022-12-07 22:00:00,22,,0.0
2022-12-07 23:00:00,23,,0.0
2022-12-08 00:00:00,0,,0.0
2022-12-08 01:00:00,1,,0.0
2022-12-08 02:00:00,2,,0.6
2022-12-08 03:00:00,3,,0.5
2022-12-08 04:00:00,4,,1.7
2022-12-08 05:00:00,5,,0.1
2022-12-08 06:00:00,6,,0.0
2022-12-08 07:00:00,7,,0.0
2022-12-08 08:00:00,8,,0.0
2022-12-08 09:00:00,9,14.7,0.4
2022-12-08 10:00:00,10,137.5,0.0
2022-12-08 11:00:00,11,778.6,0.3
2022-12-08 12:00:00,12,2199.2,0.9
2022-12-08 13:00:00,13,2701.5,1.8
2022-12-08 14:00:00,14,3329.8,1.7
2022-12-08 15:00:00,15,3382.3,2.5
2022-12-08 16:00:00,16,3254.2,1.5
2022-12-08 17:00:00,17,2114.0,1.9
2022-12-08 18:00:00,18,2254.3,2.1
2022-12-08 19:00:00,19,1383.4,2.2
2022-12-08 20:00:00,20,355.8,2.4
2022-12-08 21:00:00,21,94.4,1.5
2022-12-08 22:00:00,22,,0.0
2022-12-08 23:00:00,23,,0.0
2022-12-09 00:00:00,0,,1.2
2022-12-09 01:00:00,1,,0.0
2022-12-09 02:00:00,2,,0.8
2022-12-09 03:00:00,3,,0.0
2022-12-09 04:00:00,4,,0.2
2022-12-09 05:00:00,5,,0.4
2022-12-09 06:00:00,6,,0.0
2022-12-09 07:00:00,7,,0.3
2022-12-09 08:00:00,8,,1.6
2022-12-09 09:00:00,9,0.0,0.4
2022-12-09 10:00:00,10,30.8,0.5
2022-12-09 11:00:00,11,471.8,2.7
2022-12-09 12:00:00,12,1734.1,4.0
2022-12-09 13:00:00,13,1539.8,3.6
2022-12-09 14:00:00,14,1750.2,3.8
2022-12-09 15:00:00,15,2754.6,2.8
2022-12-09 16:00:00,16,2767.7,2.0
2022-12-09 17:00:00,17,2683.6,1.9
2022-12-09 18:00:00,18,2427.2,2.6
2022-12-09 19:00:00,19,1611.3,1.7
2022-12-09 20:00:00,20,404.9,0.5
2022-12-09 21:00:00,21,97.6,1.0
2022-12-09 22:00:00,22,,0.1
2022-12-09 23:00:00,23,,0.5
2022-12-10 00:00:00,0,,0.0
2022-12-10 01:00:00,1,,1.1
2022-12-10 02:00:00,2,,0.5
2022-12-10 03:00:00,3,,0.7
2022-12-10 04:00:00,4,,0.0
2022-12-10 05:00:00,5,,1.4
2022-12-10 06:00:00,6,,1.7
2022-12-10 07:00:00,7,,1.1
2022-12-10 08:00:00,8,,0.7
2022-12-10 09:00:00,9,14.5,0.0
2022-12-10 10:00:00,10,110.7,0.0
2022-12-10 11:00:00,11,543.3,0.3
2022-12-10 12:00:00,12,1559.7,0.1
2022-12-10 13:00:00,13,2081.0,0.9
2022-12-10 14:00:00,14,2171.8,0.4
2022-12-10 15:00:00,15,2222.7,0.8
2022-12-10 16:00:00,16,3067.7,1.4
2022-12-10 17:00:00,17,2262.7,0.8
2022-12-10 18:00:00,18,2052.8,1.1
2022-12-10 19:00:00,19,1226.8,0.8
2022-12-10 20:00:00,20,415.7,0.4
2022-12-10 21:00:00,21,120.2,0.1
2022-12-10 22:00:00,22,,1.0
2022-12-10 23:00:00,23,,0.3
2022-12-11 00:00:00,0,,0.5
2022-12-11 01:00:00,1,,1.1
2022-12-11 02:00:00,2,,0.0
2022-12-11 03:00:00,3,,0.1
2022-12-11 04:00:00,4,,0.7
2022-12-11 05:00:00,5,,0.0
2022-12-11 06:00:00,6,,0.3
2022-12-11 07:00:00,7,,1.2
2022-12-11 08:00:00,8,,1.5
2022-12-11 09:00:00,9,16.2,0.0
2022-12-11 10:00:00,10,243.2,0.5
2022-12-11 11:00:00,11,563.8,0.5
2022-12-11 12:00:00,12,1661.1,1.5
2022-12-11 13:00:00,13,2172.9,1.8
2022-12-11 14:00:00,14,2235.5,1.1
2022-12-11 15:00:00,15,1912.2,1.0
2022-12-11 16:00:00,16,1465.6,1.4
2022-12-11 17:00:00,17,1577.1,0.9
2022-12-11 18:00:00,18,1376.0,1.0
2022-12-11 19:00:00,19,1075.7,1.3
2022-12-11 20:00:00,20,672.3,1.2
2022-12-11 21:00:00,21,231.4,0.7
2022-12-11 22:00:00,22,,0.9
2022-12-11 23:00:00,23,,0.1
2022-12-12 00:00:00,0,,0.0
2022-12-12 01:00:00,1,,1.2
2022-12-12 02:00:00,2,,0.0
2022-12-12 03:00:00,3,,0.0
2022-12-12 04:00:00,4,,1.7
2022-12-12 05:00:00,5,,3.8
2022-12-12 06:00:00,6,,0.9
2022-12-12 07:00:00,7,,0.7
2022-12-12 08:00:00,8,,1.0
2022-12-12 09:00:00,9,13.6,0.0
2022-12-12 10:00:00,10,212.6,0.6
2022-12-12 11:00:00,11,514.7,1.4
2022-12-12 12:00:00,12,665.5,2.0
2022-12-12 13:00:00,13,941.9,1.4
2022-12-12 14:00:00,14,1156.3,1.8
2022-12-12 15:00:00,15,2624.3,1.1
2022-12-12 16:00:00,16,2464.4,1.5
2022-12-12 17:00:00,17,2754.0,0.8
2022-12-12 18:00:00,18,1976.3,0.9
2022-12-12 19:00:00,19,1720.1,1.7
2022-12-12 20:00:00,20,348.7,1.8
2022-12-12 21:00:00,21,112.8,0.8
2022-12-12 22:00:00,22,,0.0
2022-12-12 23:00:00,23,,1.6
2022-12-13 00:00:00,0,,1.3
2022-12-13 01:00:00,1,,0.7
2022-12-13 02:00:00,2,,0.0
2022-12-13 03:00:00,3,,0.0
2022-12-13 04:00:00,4,,0.7
2022-12-13 05:00:00,5,,1.0
2022-12-13 06:00:00,6,,0.8
2022-12-13 07:00:00,7,,0.9
2022-12-13 08:00:00,8,,0.0
2022-12-13 09:00:00,9,8.9,0.0
2022-12-13 10:00:00,10,226.3,1.1
2022-12-13 11:00:00,11,613.4,1.3
2022-12-13 12:00:00,12,1281.1,2.5
2022-12-13 13:00:00,13,2241.4,2.7
2022-12-13 14:00:00,14,1998.6,1.4
2022-12-13 15:00:00,15,2923.0,1.6
2022-12-13 16:00:00,16,2452.0,1.0
2022-12-13 17:00:00,17,2379.6,0.9
2022-12-13 18:00:00,18,2524.3,1.8
2022-12-13 19:00:00,19,1592.8,2.3
2022-12-13 20:00:00,20,463.5,1.0
2022-12-13 21:00:00,21,82.3,0.3
2022-12-13 22:00:00,22,,0.0
2022-12-13 23:00:00,23,,0.0
2022-12-14 00:00:00,0,,0.0
2022-12-14 01:00:00,1,,0.3
2022-12-14 02:00:00,2,,0.6
2022-12-14 03:00:00,3,,0.0
2022-12-14 04:00:00,4,,1.2
2022-12-14 05:00:00,5,,0.6
2022-12-14 06:00:00,6,,1.2
2022-12-14 07:00:00,7,,0.0
2022-12-14 08:00:00,8,,1.1
2022-12-14 09:00:00,9,15.5,0.4
2022-12-14 10:00:00,10,235.6,0.8
2022-12-14 11:00:00,11,662.1,0.4
2022-12-14 12:00:00,12,1313.0,2.4
2022-12-14 13:00:00,13,1683.5,2.1
2022-12-14 14:00:00,14,2890.1,2.8
2022-12-14 15:00:00,15,2677.1,2.5
2022-12-14 16:00:00,16,2576.5,0.7
2022-12-14 17:00:00,17,2441.9,1.8
2022-12-14 18:00:00,18,2188.6,2.0
2022-12-14 19:00:00,19,1602.3,1.9
2022-12-14 20:00:00,20,527.4,0.9
2022-12-14 21:00:00,21,147.1,0.5
2022-12-14 22:00:00,22,,1.2
2022-12-14 23:00:00,23,,0.0
2022-12-15 00:00:00,0,,1.1
2022-12-15 01:00:00,1,,0.1
2022-12-15 02:00:00,2,,0.0
2022-12-15 03:00:00,3,,1.0
2022-12-15 04:00:00,4,,0.6
2022-12-15 05:00:00,5,,0.0
2022-12-15 06:00:00,6,,0.2
2022-12-15 07:00:00,7,,0.2
2022-12-15 08:00:00,8,,0.0
2022-12-15 09:00:00,9,6.3,0.2
2022-12-15 10:00:00,10,142.6,1.1
2022-12-15 11:00:00,11,433.6,0.0
2022-12-15 12:00:00,12,637.0,1.4
2022-12-15 13:00:00,13,1108.3,1.6
2022-12-15 14:00:00,14,1250.6,1.6
2022-12-15 15:00:00,15,2290.6,1.1
2022-12-15 16:00:00,16,2759.3,1.6
2022-12-15 17:00:00,17,2117.6,1.5
2022-12-15 18:00:00,18,2025.6,1.2
2022-12-15 19:00:00,19,1451.2,0.9
2022-12-15 20:00:00,20,549.7,1.0
2022-12-15 21:00:00,21,110.5,0.0
2022-12-15 22:00:00,22,,0.3
2022-12-15 23:00:00,23,,0.4
2022-12-16 00:00:00,0,,0.4
2022-12-16 01:00:00,1,,0.0
2022-12-16 02:00:00,2,,1.5
2022-12-16 03:00:00,3,,0.0
2022-12-16 04:00:00,4,,0.0
2022-12-16 05:00:00,5,,1.6
2022-12-16 06:00:00,6,,0.0
2022-12-16 07:00:00,7,,0.2
2022-12-16 08:00:00,8,,0.0
2022-12-16 09:00:00,9,5.8,1.2
2022-12-16 10:00:00,10,117.6,0.0
2022-12-16 11:00:00,11,272.2,0.8
2022-12-16 12:00:00,12,864.0,1.3
2022-12-16 13:00:00,13,1660.4,2.6
2022-12-16 14:00:00,14,1702.6,2.3
2022-12-16 15:00:00,15,2133.8,2.7
2022-12-16 16:00:00,16,2587.3,3.0
2022-12-16 17:00:00,17,1640.1,1.5
2022-12-16 18:00:00,18,966.1,1.0
2022-12-16 19:00:00,19,770.0,1.3
2022-12-16 20:00:00,20,342.5,0.9
2022-12-16 21:00:00,21,94.9,0.9
2022-12-16 22:00:00,22,,0.4
2022-12-16 23:00:00,23,,0.1
2022-12-17 00:00:00,0,,0.0
2022-12-17 01:00:00,1,,0.3
2022-12-17 02:00:00,2,,0.2
2022-12-17 03:00:00,3,,0.1
2022-12-17 04:00:00,4,,0.4
2022-12-17 05:00:00,5,,0.5
2022-12-17 06:00:00,6,,1.6
2022-12-17 07:00:00,7,,2.1
2022-12-17 08:00:00,8,,0.3
2022-12-17 09:00:00,9,6.3,0.9
2022-12-17 10:00:00,10,196.9,1.5
2022-12-17 11:00:00,11,877.5,2.4
2022-12-17 12:00:00,12,623.8,1.4
2022-12-17 13:00:00,13,1054.4,2.1
2022-12-17 14:00:00,14,2092.7,2.2
2022-12-17 15:00:00,15,1546.5,1.1
2022-12-17 16:00:00,16,2764.5,2.0
2022-12-17 17:00:00,17,1790.4,1.8
2022-12-17 18:00:00,18,825.9,1.4
2022-12-17 19:00:00,19,242.0,2.0
2022-12-17 20:00:00,20,263.8,1.1
2022-12-17 21:00:00,21,122.2,0.6
2022-12-17 22:00:00,22,,1.1
2022-12-17 23:00:00,23,,0.6
2022-12-18 00:00:00,0,,0.9
2022-12-18 01:00:00,1,,0.8
2022-12-18 02:00:00,2,,0.0
2022-12-18 03:00:00,3,,0.2
2022-12-18 04:00:00,4,,0.0
2022-12-18 05:00:00,5,,0.3
2022-12-18 06:00:00,6,,0.1
2022-12-18 07:00:00,7,,0.0
2022-12-18 08:00:00,8,,0.9
2022-12-18 09:00:00,9,14.8,0.2
2022-12-18 10:00:00,10,194.1,1.1
2022-12-18 11:00:00,11,653.3,1.1
2022-12-18 12:00:00,12,1006.6,0.5
2022-12-18 13:00:00,13,1176.9,0.4
2022-12-18 14:00:00,14,1815.5,1.4
2022-12-18 15:00:00,15,2832.3,1.6
2022-12-18 16:00:00,16,2261.0,0.8
2022-12-18 17:00:00,17,2294.5,1.1
2022-12-18 18:00:00,18,1921.2,1.5
2022-12-18 19:00:00,19,1422.9,2.2
2022-12-18 20:00:00,20,476.7,0.1
2022-12-18 21:00:00,21,82.2,0.0
2022-12-18 22:00:00,22,,0.0
2022-12-18 23:00:00,23,,0.0
2022-12-19 00:00:00,0,,0.0
2022-12-19 01:00:00,1,,0.0
2022-12-19 02:00:00,2,,1.0
2022-12-19 03:00:00,3,,0.1
2022-12-19 04:00:00,4,,0.0
2022-12-19 05:00:00,5,,0.0
2022-12-19 06:00:00,6,,1.7
2022-12-19 07:00:00,7,,0.9
2022-12-19 08:00:00,8,,1.4
2022-12-19 09:00:00,9,12.3,0.9
2022-12-19 10:00:00,10,249.2,0.0
2022-12-19 11:00:00,11,624.7,0.8
2022-12-19 12:00:00,12,1168.4,0.9
2022-12-19 13:00:00,13,1124.2,2.2
2022-12-19 14:00:00,14,1742.2,1.7
2022-12-19 15:00:00,15,1584.6,0.9
2022-12-19 16:00:00,16,1626.9,1.5
2022-12-19 17:00:00,17,1941.1,0.4
2022-12-19 18:00:00,18,2224.3,1.2
2022-12-19 19:00:00,19,1222.8,0.4
2022-12-19 20:00:00,20,515.6,0.3
2022-12-19 21:00:00,21,131.6,0.3
2022-12-19 22:00:00,22,,0.5
2022-12-19 23:00:00,23,,1.4
2022-12-20 00:00:00,0,,0.2
2022-12-20 01:00:00,1,,0.6
2022-12-20 02:00:00,2,,0.8
2022-12-20 03:00:00,3,,0.0
2022-12-20 04:00:00,4,,0.3
2022-12-20 05:00:00,5,,0.9
2022-12-20 06:00:00,6,,0.5
2022-12-20 07:00:00,7,,0.1
2022-12-20 08:00:00,8,,1.1
2022-12-20 09:00:00,9,13.1,1.1
2022-12-20 10:00:00,10,236.4,1.2
2022-12-20 11:00:00,11,652.8,1.7
2022-12-20 12:00:00,12,1435.3,3.0
2022-12-20 13:00:00,13,1706.4,2.1
2022-12-20 14:00:00,14,2345.8,1.4
2022-12-20 15:00:00,15,3140.4,1.5
2022-12-20 16:00:00,16,2562.9,1.6
2022-12-20 17:00:00,17,2786.5,2.1
2022-12-20 18:00:00,18,1316.4,0.2
2022-12-20 19:00:00,19,859.4,0.4
2022-12-20 20:00:00,20,561.0,1.2
2022-12-20 21:00:00,21,97.2,0.2
2022-12-20 22:00:00,22,,0.0
2022-12-20 23:00:00,23,,0.0
2022-12-21 00:00:00,0,,0.4
2022-12-21 01:00:00,1,,0.6
2022-12-21 02:00:00,2,,0.2
2022-12-21 03:00:00,3,,0.0
2022-12-21 04:00:00,4,,0.0
2022-12-21 05:00:00,5,,0.1
2022-12-21 06:00:00,6,,0.0
2022-12-21 07:00:00,7,,0.8
2022-12-21 08:00:00,8,,0.0
2022-12-21 09:00:00,9,9.3,0.0
2022-12-21 10:00:00,10,276.4,0.1
2022-12-21 11:00:00,11,739.8,0.6
2022-12-21 12:00:00,12,981.2,3.1
2022-12-21 13:00:00,13,1905.0,2.0
2022-12-21 14:00:00,14,1666.7,2.2
2022-12-21 15:00:00,15,2971.4,1.6
2022-12-21 16:00:00,16,2805.6,1.4
2022-12-21 17:00:00,17,2401.6,1.3
2022-12-21 18:00:00,18,2248.0,2.6
2022-12-21 19:00:00,19,1615.6,1.8
2022-12-21 20:00:00,20,525.9,1.2
2022-12-21 21:00:00,21,124.5,1.0
2022-12-21 22:00:00,22,,0.6
2022-12-21 23:00:00,23,,0.0
2022-12-22 00:00:00,0,,0.6
2022-12-22 01:00:00,1,,0.0
2022-12-22 02:00:00,2,,1.0
2022-12-22 03:00:00,3,,0.0
2022-12-22 04:00:00,4,,0.1
2022-12-22 05:00:00,5,,0.5
2022-12-22 06:00:00,6,,0.2
2022-12-22 07:00:00,7,,0.0
2022-12-22 08:00:00,8,,0.0
2022-12-22 09:00:00,9,5.8,0.1
2022-12-22 10:00:00,10,137.7,0.3
2022-12-22 11:00:00,11,503.8,2.3
2022-12-22 12:00:00,12,774.9,1.5
2022-12-22 13:00:00,13,828.3,1.5
2022-12-22 14:00:00,14,1182.6,1.4
2022-12-22 15:00:00,15,2791.1,2.2
2022-12-22 16:00:00,16,1848.5,0.8
2022-12-22 17:00:00,17,497.3,2.1
2022-12-22 18:00:00,18,1263.8,3.8
2022-12-22 19:00:00,19,165.2,1.7
2022-12-22 20:00:00,20,104.7,1.3
2022-12-22 21:00:00,21,114.4,0.4
2022-12-22 22:00:00,22,,0.4
2022-12-22 23:00:00,23,,0.0
2022-12-23 00:00:00,0,,0.5
2022-12-23 01:00:00,1,,0.6
2022-12-23 02:00:00,2,,0.2
2022-12-23 03:00:00,3,,0.4
2022-12-23 04:00:00,4,,0.8
2022-12-23 05:00:00,5,,3.1
2022-12-23 06:00:00,6,,3.2
2022-12-23 07:00:00,7,,0.6
2022-12-23 08:00:00,8,,0.0
2022-12-23 09:00:00,9,1.9,0.2
2022-12-23 10:00:00,10,70.5,0.3
2022-12-23 11:00:00,11,445.0,0.6
2022-12-23 12:00:00,12,726.4,1.8
2022-12-23 13:00:00,13,1514.3,2.7
2022-12-23 14:00:00,14,1674.7,3.3
2022-12-23 15:00:00,15,1065.4,2.5
2022-12-23 16:00:00,16,2272.3,3.4
2022-12-23 17:00:00,17,2461.0,2.8
2022-12-23 18:00:00,18,2203.1,2.2
2022-12-23 19:00:00,19,1355.1,2.1
2022-12-23 20:00:00,20,387.8,1.8
2022-12-23 21:00:00,21,97.4,1.0
2022-12-23 22:00:00,22,,0.0
2022-12-23 23:00:00,23,,1.6
2022-12-24 00:00:00,0,,0.8
2022-12-24 01:00:00,1,,0.5
2022-12-24 02:00:00,2,,0.0
2022-12-24 03:00:00,3,,0.0
2022-12-24 04:00:00,4,,0.8
2022-12-24 05:00:00,5,,0.0
2022-12-24 06:00:00,6,,0.5
2022-12-24 07:00:00,7,,1.1
2022-12-24 08:00:00,8,,0.0
2022-12-24 09:00:00,9,6.8,0.4
2022-12-24 10:00:00,10,142.6,0.6
2022-12-24 11:00:00,11,587.9,1.2
2022-12-24 12:00:00,12,1231.1,2.4
2022-12-24 13:00:00,13,1085.3,1.5
2022-12-24 14:00:00,14,3110.9,2.9
2022-12-24 15:00:00,15,2229.4,1.6
2022-12-24 16:00:00,16,2020.4,1.7
2022-12-24 17:00:00,17,2362.0,2.3
2022-12-24 18:00:00,18,832.9,1.4
2022-12-24 19:00:00,19,1089.4,1.3
2022-12-24 20:00:00,20,526.1,0.4
2022-12-24 21:00:00,21,143.7,2.1
2022-12-24 22:00:00,22,,1.1
2022-12-24 23:00:00,23,,1.1
2022-12-25 00:00:00,0,,1.0
2022-12-25 01:00:00,1,,0.2
2022-12-25 02:00:00,2,,1.0
2022-12-25 03:00:00,3,,0.2
2022-12-25 04:00:00,4,,0.5
2022-12-25 05:00:00,5,,0.2
2022-12-25 06:00:00,6,,0.3
2022-12-25 07:00:00,7,,0.6
2022-12-25 08:00:00,8,,1.3
2022-12-25 09:00:00,9,,1.6
2022-12-25 10:00:00,10,38.0,0.3
2022-12-25 11:00:00,11,311.4,0.9
2022-12-25 12:00:00,12,802.9,0.6
2022-12-25 13:00:00,13,2150.2,0.9
2022-12-25 14:00:00,14,2804.8,2.3
2022-12-25 15:00:00,15,2312.3,1.7
2022-12-25 16:00:00,16,1332.2,1.2
2022-12-25 17:00:00,17,1344.4,2.6
2022-12-25 18:00:00,18,1542.3,1.7
2022-12-25 19:00:00,19,1810.5,1.5
2022-12-25 20:00:00,20,661.9,1.9
2022-12-25 21:00:00,21,217.3,1.3
2022-12-25 22:00:00,22,,1.2
2022-12-25 23:00:00,23,,0.9
2022-12-26 00:00:00,0,,0.1
2022-12-26 01:00:00,1,,2.3
2022-12-26 02:00:00,2,,1.7
2022-12-26 03:00:00,3,,0.0
2022-12-26 04:00:00,4,,0.3
2022-12-26 05:00:00,5,,0.2
2022-12-26 06:00:00,6,,0.0
2022-12-26 07:00:00,7,,0.6
2022-12-26 08:00:00,8,,1.0
2022-12-26 09:00:00,9,9.4,0.0
2022-12-26 10:00:00,10,230.2,0.0
2022-12-26 11:00:00,11,399.7,0.0
2022-12-26 12:00:00,12,1677.1,0.0
2022-12-26 13:00:00,13,1985.1,0.7
2022-12-26 14:00:00,14,1729.5,1.2
2022-12-26 15:00:00,15,2534.2,1.3
2022-12-26 16:00:00,16,1507.2,1.2
2022-12-26 17:00:00,17,1544.9,1.2
2022-12-26 18:00:00,18,1222.8,2.2
2022-12-26 19:00:00,19,1226.1,1.5
2022-12-26 20:00:00,20,441.6,1.1
2022-12-26 21:00:00,21,154.0,1.1
2022-12-26 22:00:00,22,,0.0
2022-12-26 23:00:00,23,,0.0
2022-12-27 00:00:00,0,,0.1
2022-12-27 01:00:00,1,,0.0
2022-12-27 02:00:00,2,,0.0
2022-12-27 03:00:00,3,,0.1
2022-12-27 04:00:00,4,,0.2
2022-12-27 05:00:00,5,,0.0
2022-12-27 06:00:00,6,,0.2
2022-12-27 07:00:00,7,,0.0
2022-12-27 08:00:00,8,,3.4
2022-12-27 09:00:00,9,,2.7
2022-12-27 10:00:00,10,116.9,0.0
2022-12-27 11:00:00,11,606.3,0.0
2022-12-27 12:00:00,12,1686.6,0.0
2022-12-27 13:00:00,13,1864.2,0.0
2022-12-27 14:00:00,14,2181.7,0.0
2022-12-27 15:00:00,15,2126.2,0.0
2022-12-27 16:00:00,16,1767.6,0.0
2022-12-27 17:00:00,17,1470.0,0.0
2022-12-27 18:00:00,18,426.6,2.2
2022-12-27 19:00:00,19,143.7,1.7
2022-12-27 20:00:00,20,113.8,1.0
2022-12-27 21:00:00,21,78.4,1.1
2022-12-27 22:00:00,22,,0.7
2022-12-27 23:00:00,23,,0.0
2022-12-28 00:00:00,0,,0.2
2022-12-28 01:00:00,1,,0.0
2022-12-28 02:00:00,2,,0.0
2022-12-28 03:00:00,3,,0.0
2022-12-28 04:00:00,4,,0.3
2022-12-28 05:00:00,5,,0.9
2022-12-28 06:00:00,6,,0.4
2022-12-28 07:00:00,7,,1.1
2022-12-28 08:00:00,8,,0.6
2022-12-28 09:00:00,9,17.5,0.1
2022-12-28 10:00:00,10,248.4,0.2
2022-12-28 11:00:00,11,534.5,0.4
2022-12-28 12:00:00,12,1379.7,0.2
2022-12-28 13:00:00,13,2115.9,0.8
2022-12-28 14:00:00,14,1344.9,1.8
2022-12-28 15:00:00,15,1103.3,0.1
2022-12-28 16:00:00,16,1563.2,0.0
2022-12-28 17:00:00,17,2865.6,0.1
2022-12-28 18:00:00,18,904.3,0.6
2022-12-28 19:00:00,19,1139.4,3.8
2022-12-28 20:00:00,20,311.7,0.0
2022-12-28 21:00:00,21,130.2,0.0
2022-12-28 22:00:00,22,,0.1
2022-12-28 23:00:00,23,,0.1
2022-12-29 00:00:00,0,,0.0
2022-12-29 01:00:00,1,,0.0
2022-12-29 02:00:00,2,,0.0
2022-12-29 03:00:00,3,,0.0
2022-12-29 04:00:00,4,,0.0
2022-12-29 05:00:00,5,,0.0
2022-12-29 06:00:00,6,,0.6
2022-12-29 07:00:00,7,,0.0
2022-12-29 08:00:00,8,,1.7
2022-12-29 09:00:00,9,1.1,0.6
2022-12-29 10:00:00,10,13.0,0.3
2022-12-29 11:00:00,11,78.5,0.2
2022-12-29 12:00:00,12,914.1,0.2
2022-12-29 13:00:00,13,2050.6,0.0
2022-12-29 14:00:00,14,1349.8,0.0
2022-12-29 15:00:00,15,2470.7,0.8
2022-12-29 16:00:00,16,2825.1,0.0
2022-12-29 17:00:00,17,1448.4,0.0
2022-12-29 18:00:00,18,1813.6,1.4
2022-12-29 19:00:00,19,1632.8,0.6
2022-12-29 20:00:00,20,566.6,1.8
2022-12-29 21:00:00,21,120.5,0.0
2022-12-29 22:00:00,22,,0.0
2022-12-29 23:00:00,23,,0.0
2022-12-30 00:00:00,0,,0.0
2022-12-30 01:00:00,1,,0.0
2022-12-30 02:00:00,2,,0.0
2022-12-30 03:00:00,3,,0.0
2022-12-30 04:00:00,4,,0.0
2022-12-30 05:00:00,5,,0.0
2022-12-30 06:00:00,6,,0.0
2022-12-30 07:00:00,7,,0.0
2022-12-30 08:00:00,8,,1.0
2022-12-30 09:00:00,9,0.4,1.9
2022-12-30 10:00:00,10,6.7,0.0
2022-12-30 11:00:00,11,48.0,0.0
2022-12-30 12:00:00,12,503.5,0.0
2022-12-30 13:00:00,13,1737.1,0.0
2022-12-30 14:00:00,14,3049.2,1.8
2022-12-30 15:00:00,15,2981.1,0.1
2022-12-30 16:00:00,16,3127.6,0.0
2022-12-30 17:00:00,17,2726.6,1.0
2022-12-30 18:00:00,18,1746.2,0.3
2022-12-30 19:00:00,19,1534.8,0.3
2022-12-30 20:00:00,20,695.0,1.6
2022-12-30 21:00:00,21,64.2,1.2
2022-12-30 22:00:00,22,,0.0
2022-12-30 23:00:00,23,,1.0
2022-12-31 00:00:00,0,,1.1
2022-12-31 01:00:00,1,,0.0
2022-12-31 02:00:00,2,,2.4
2022-12-31 03:00:00,3,,0.0
2022-12-31 04:00:00,4,,0.0
2022-12-31 05:00:00,5,,0.0
2022-12-31 06:00:00,6,,0.0
2022-12-31 07:00:00,7,,0.0
2022-12-31 08:00:00,8,,0.0
2022-12-31 09:00:00,9,7.5,0.0
2022-12-31 10:00:00,10,198.5,0.0
2022-12-31 11:00:00,11,681.1,0.0
2022-12-31 12:00:00,12,2001.8,0.9
2022-12-31 13:00:00,13,2529.6,0.0
2022-12-31 14:00:00,14,2093.3,0.4
2022-12-31 15:00:00,15,2311.3,1.5
2022-12-31 16:00:00,16,1670.1,0.2
2022-12-31 17:00:00,17,1180.9,0.6
2022-12-31 18:00:00,18,940.9,0.3
2022-12-31 19:00:00,19,987.0,0.8
2022-12-31 20:00:00,20,722.4,0.2
2022-12-31 21:00:00,21,344.9,0.3
2022-12-31 22:00:00,22,2.9,0.5
2022-12-31 23:00:00,23,,0.0
