datetime_utc,hora,rad_kJm2,vento_ms
2023-01-01 00:00:00,0,,0.0
2023-01-01 01:00:00,1,,0.0
2023-01-01 02:00:00,2,,0.3
2023-01-01 03:00:00,3,,0.7
2023-01-01 04:00:00,4,,1.2
2023-01-01 05:00:00,5,,0.0
2023-01-01 06:00:00,6,,0.6
2023-01-01 07:00:00,7,,0.4
2023-01-01 08:00:00,8,,0.0
2023-01-01 09:00:00,9,4.5,0.0
2023-01-01 10:00:00,10,163.0,0.0
2023-01-01 11:00:00,11,567.5,1.1
2023-01-01 12:00:00,12,2039.8,1.1
2023-01-01 13:00:00,13,2577.7,2.4
2023-01-01 14:00:00,14,2702.5,0.8
2023-01-01 15:00:00,15,1877.8,1.2
2023-01-01 16:00:00,16,2798.2,0.0
2023-01-01 17:00:00,17,1601.8,3.2
2023-01-01 18:00:00,18,2181.6,2.4
2023-01-01 19:00:00,19,384.8,0.8
2023-01-01 20:00:00,20,513.6,1.1
2023-01-01 21:00:00,21,167.8,0.6
2023-01-01 22:00:00,22,2.1,2.4
2023-01-01 23:00:00,23,,1.7
2023-01-02 00:00:00,0,,0.9
2023-01-02 01:00:00,1,,0.8
2023-01-02 02:00:00,2,,0.0
2023-01-02 03:00:00,3,,0.8
2023-01-02 04:00:00,4,,0.4
2023-01-02 05:00:00,5,,0.3
2023-01-02 06:00:00,6,,0.8
2023-01-02 07:00:00,7,,0.4
2023-01-02 08:00:00,8,,0.0
2023-01-02 09:00:00,9,3.2,0.0
2023-01-02 10:00:00,10,131.0,0.0
2023-01-02 11:00:00,11,586.3,0.0
2023-01-02 12:00:00,12,979.6,3.0
2023-01-02 13:00:00,13,664.5,3.4
2023-01-02 14:00:00,14,1509.0,3.0
2023-01-02 15:00:00,15,647.5,1.7
2023-01-02 16:00:00,16,114.3,1.5
2023-01-02 17:00:00,17,217.6,0.0
2023-01-02 18:00:00,18,357.5,0.4
2023-01-02 19:00:00,19,445.0,0.0
2023-01-02 20:00:00,20,399.1,0.1
2023-01-02 21:00:00,21,146.9,0.0
2023-01-02 22:00:00,22,1.2,1.4
2023-01-02 23:00:00,23,,0.0
2023-01-03 00:00:00,0,,0.0
2023-01-03 01:00:00,1,,0.0
2023-01-03 02:00:00,2,,0.0
2023-01-03 03:00:00,3,,0.0
2023-01-03 04:00:00,4,,0.0
2023-01-03 05:00:00,5,,0.0
2023-01-03 06:00:00,6,,0.0
2023-01-03 07:00:00,7,,0.0
2023-01-03 08:00:00,8,,0.0
2023-01-03 09:00:00,9,1.0,0.0
2023-01-03 10:00:00,10,127.3,0.0
2023-01-03 11:00:00,11,287.2,0.0
2023-01-03 12:00:00,12,519.8,0.0
2023-01-03 13:00:00,13,783.6,0.0
2023-01-03 14:00:00,14,672.9,2.3
2023-01-03 15:00:00,15,541.0,0.9
2023-01-03 16:00:00,16,733.5,0.7
2023-01-03 17:00:00,17,853.9,0.9
2023-01-03 18:00:00,18,1167.4,1.0
2023-01-03 19:00:00,19,911.1,2.1
2023-01-03 20:00:00,20,489.5,1.7
2023-01-03 21:00:00,21,135.0,0.0
2023-01-03 22:00:00,22,,0.0
2023-01-03 23:00:00,23,,0.0
2023-01-04 00:00:00,0,,0.0
2023-01-04 01:00:00,1,,0.0
2023-01-04 02:00:00,2,,0.0
2023-01-04 03:00:00,3,,0.0
2023-01-04 04:00:00,4,,0.0
2023-01-04 05:00:00,5,,0.0
2023-01-04 06:00:00,6,,0.0
2023-01-04 07:00:00,7,,0.0
2023-01-04 08:00:00,8,,0.0
2023-01-04 09:00:00,9,4.0,0.0
2023-01-04 10:00:00,10,217.3,0.0
2023-01-04 11:00:00,11,504.5,0.0
2023-01-04 12:00:00,12,798.4,1.1
2023-01-04 13:00:00,13,1358.5,1.3
2023-01-04 14:00:00,14,2306.2,2.2
2023-01-04 15:00:00,15,2806.4,3.0
2023-01-04 16:00:00,16,3310.7,2.3
2023-01-04 17:00:00,17,2956.0,2.0
2023-01-04 18:00:00,18,2549.9,2.1
2023-01-04 19:00:00,19,2128.6,0.6
2023-01-04 20:00:00,20,568.7,0.3
2023-01-04 21:00:00,21,250.5,0.6
2023-01-04 22:00:00,22,,0.3
2023-01-04 23:00:00,23,,0.3
2023-01-05 00:00:00,0,,1.2
2023-01-05 01:00:00,1,,0.1
2023-01-05 02:00:00,2,,0.5
2023-01-05 03:00:00,3,,0.4
2023-01-05 04:00:00,4,,0.0
2023-01-05 05:00:00,5,,0.0
2023-01-05 06:00:00,6,,0.0
2023-01-05 07:00:00,7,,0.3
2023-01-05 08:00:00,8,,0.5
2023-01-05 09:00:00,9,8.7,0.1
2023-01-05 10:00:00,10,204.1,1.2
2023-01-05 11:00:00,11,617.7,1.1
2023-01-05 12:00:00,12,621.5,0.5
2023-01-05 13:00:00,13,1106.4,0.0
2023-01-05 14:00:00,14,1310.7,1.7
2023-01-05 15:00:00,15,1886.3,1.9
2023-01-05 16:00:00,16,2643.3,1.5
2023-01-05 17:00:00,17,2938.4,0.8
2023-01-05 18:00:00,18,2500.4,2.7
2023-01-05 19:00:00,19,1613.7,2.6
2023-01-05 20:00:00,20,503.8,1.1
2023-01-05 21:00:00,21,113.9,0.9
2023-01-05 22:00:00,22,,0.4
2023-01-05 23:00:00,23,,0.2
2023-01-06 00:00:00,0,,0.3
2023-01-06 01:00:00,1,,0.1
2023-01-06 02:00:00,2,,0.0
2023-01-06 03:00:00,3,,0.0
2023-01-06 04:00:00,4,,0.1
2023-01-06 05:00:00,5,,0.0
2023-01-06 06:00:00,6,,1.1
2023-01-06 07:00:00,7,,0.0
2023-01-06 08:00:00,8,,0.0
2023-01-06 09:00:00,9,0.3,0.0
2023-01-06 10:00:00,10,92.9,0.0
2023-01-06 11:00:00,11,289.7,0.0
2023-01-06 12:00:00,12,522.1,0.0
2023-01-06 13:00:00,13,694.7,0.3
2023-01-06 14:00:00,14,1260.1,1.8
2023-01-06 15:00:00,15,1627.4,0.5
2023-01-06 16:00:00,16,2049.5,0.9
2023-01-06 17:00:00,17,2289.4,1.7
2023-01-06 18:00:00,18,1959.8,1.5
2023-01-06 19:00:00,19,1007.8,1.0
2023-01-06 20:00:00,20,461.4,0.3
2023-01-06 21:00:00,21,304.3,0.0
2023-01-06 22:00:00,22,3.5,0.0
2023-01-06 23:00:00,23,,0.0
2023-01-07 00:00:00,0,,0.4
2023-01-07 01:00:00,1,,0.0
2023-01-07 02:00:00,2,,0.3
2023-01-07 03:00:00,3,,0.1
2023-01-07 04:00:00,4,,0.2
2023-01-07 05:00:00,5,,0.3
2023-01-07 06:00:00,6,,0.0
2023-01-07 07:00:00,7,,0.3
2023-01-07 08:00:00,8,,0.0
2023-01-07 09:00:00,9,2.3,1.1
2023-01-07 10:00:00,10,197.2,0.0
2023-01-07 11:00:00,11,288.6,0.0
2023-01-07 12:00:00,12,1673.6,0.0
2023-01-07 13:00:00,13,1206.0,2.9
2023-01-07 14:00:00,14,2598.7,2.3
2023-01-07 15:00:00,15,1021.9,0.8
2023-01-07 16:00:00,16,619.7,0.6
2023-01-07 17:00:00,17,213.7,1.7
2023-01-07 18:00:00,18,715.8,1.3
2023-01-07 19:00:00,19,689.8,1.1
2023-01-07 20:00:00,20,493.9,1.0
2023-01-07 21:00:00,21,104.3,0.0
2023-01-07 22:00:00,22,1.0,0.0
2023-01-07 23:00:00,23,,0.0
2023-01-08 00:00:00,0,,0.0
2023-01-08 01:00:00,1,,0.0
2023-01-08 02:00:00,2,,0.0
2023-01-08 03:00:00,3,,0.7
2023-01-08 04:00:00,4,,0.9
2023-01-08 05:00:00,5,,0.0
2023-01-08 06:00:00,6,,1.3
2023-01-08 07:00:00,7,,0.1
2023-01-08 08:00:00,8,,0.3
2023-01-08 09:00:00,9,4.1,1.1
2023-01-08 10:00:00,10,159.6,1.3
2023-01-08 11:00:00,11,655.6,0.0
2023-01-08 12:00:00,12,1746.1,1.0
2023-01-08 13:00:00,13,2315.0,0.6
2023-01-08 14:00:00,14,2976.1,0.6
2023-01-08 15:00:00,15,2501.6,0.2
2023-01-08 16:00:00,16,1985.9,0.8
2023-01-08 17:00:00,17,2523.4,1.4
2023-01-08 18:00:00,18,691.9,0.0
2023-01-08 19:00:00,19,985.3,1.6
2023-01-08 20:00:00,20,753.1,1.9
2023-01-08 21:00:00,21,244.3,0.4
2023-01-08 22:00:00,22,4.0,0.0
2023-01-08 23:00:00,23,,0.0
2023-01-09 00:00:00,0,,0.0
2023-01-09 01:00:00,1,,0.0
2023-01-09 02:00:00,2,,0.0
2023-01-09 03:00:00,3,,0.0
2023-01-09 04:00:00,4,,0.0
2023-01-09 05:00:00,5,,0.0
2023-01-09 06:00:00,6,,0.0
2023-01-09 07:00:00,7,,0.0
2023-01-09 08:00:00,8,,0.0
2023-01-09 09:00:00,9,1.9,0.0
2023-01-09 10:00:00,10,168.3,0.0
2023-01-09 11:00:00,11,439.8,0.0
2023-01-09 12:00:00,12,1302.2,0.1
2023-01-09 13:00:00,13,1358.3,0.0
2023-01-09 14:00:00,14,2002.8,1.1
2023-01-09 15:00:00,15,2516.9,0.9
2023-01-09 16:00:00,16,2716.5,0.0
2023-01-09 17:00:00,17,1870.9,0.7
2023-01-09 18:00:00,18,1190.9,2.1
2023-01-09 19:00:00,19,97.0,0.0
2023-01-09 20:00:00,20,32.3,0.0
2023-01-09 21:00:00,21,43.8,0.0
2023-01-09 22:00:00,22,1.4,0.0
2023-01-09 23:00:00,23,,0.0
2023-01-10 00:00:00,0,,0.0
2023-01-10 01:00:00,1,,0.0
2023-01-10 02:00:00,2,,0.0
2023-01-10 03:00:00,3,,0.0
2023-01-10 04:00:00,4,,0.0
2023-01-10 05:00:00,5,,0.0
2023-01-10 06:00:00,6,,0.0
2023-01-10 07:00:00,7,,0.0
2023-01-10 08:00:00,8,,0.0
2023-01-10 09:00:00,9,2.3,0.0
2023-01-10 10:00:00,10,213.7,0.0
2023-01-10 11:00:00,11,713.6,0.0
2023-01-10 12:00:00,12,1261.0,0.0
2023-01-10 13:00:00,13,2086.7,0.0
2023-01-10 14:00:00,14,1949.2,0.0
2023-01-10 15:00:00,15,1712.1,0.0
2023-01-10 16:00:00,16,2617.0,0.0
2023-01-10 17:00:00,17,2346.1,0.0
2023-01-10 18:00:00,18,958.5,0.1
2023-01-10 19:00:00,19,436.0,0.0
2023-01-10 20:00:00,20,327.6,0.0
2023-01-10 21:00:00,21,121.1,0.0
2023-01-10 22:00:00,22,2.1,0.0
2023-01-10 23:00:00,23,,0.0
2023-01-11 00:00:00,0,,0.0
2023-01-11 01:00:00,1,,0.0
2023-01-11 02:00:00,2,,0.0
2023-01-11 03:00:00,3,,0.0
2023-01-11 04:00:00,4,,0.0
2023-01-11 05:00:00,5,,0.0
2023-01-11 06:00:00,6,,0.0
2023-01-11 07:00:00,7,,0.0
2023-01-11 08:00:00,8,,0.0
2023-01-11 09:00:00,9,12.9,0.0
2023-01-11 10:00:00,10,250.6,0.0
2023-01-11 11:00:00,11,626.8,0.0
2023-01-11 12:00:00,12,667.3,0.0
2023-01-11 13:00:00,13,1434.9,0.0
2023-01-11 14:00:00,14,2273.4,0.0
2023-01-11 15:00:00,15,2408.5,0.0
2023-01-11 16:00:00,16,2598.5,0.0
2023-01-11 17:00:00,17,1737.1,0.0
2023-01-11 18:00:00,18,2786.3,0.0
2023-01-11 19:00:00,19,1883.9,0.0
2023-01-11 20:00:00,20,639.8,0.0
2023-01-11 21:00:00,21,165.9,0.0
2023-01-11 22:00:00,22,0.4,0.0
2023-01-11 23:00:00,23,,0.0
2023-01-12 00:00:00,0,,0.0
2023-01-12 01:00:00,1,,0.0
2023-01-12 02:00:00,2,,0.0
2023-01-12 03:00:00,3,,0.0
2023-01-12 04:00:00,4,,0.0
2023-01-12 05:00:00,5,,0.0
2023-01-12 06:00:00,6,,0.0
2023-01-12 07:00:00,7,,0.0
2023-01-12 08:00:00,8,,0.0
2023-01-12 09:00:00,9,1.9,0.0
2023-01-12 10:00:00,10,149.7,0.0
2023-01-12 11:00:00,11,588.1,0.0
2023-01-12 12:00:00,12,1266.2,0.0
2023-01-12 13:00:00,13,1636.3,0.0
2023-01-12 14:00:00,14,2128.7,0.0
2023-01-12 15:00:00,15,1894.2,0.0
2023-01-12 16:00:00,16,2753.5,0.0
2023-01-12 17:00:00,17,1835.6,0.0
2023-01-12 18:00:00,18,1401.3,0.0
2023-01-12 19:00:00,19,616.7,0.0
2023-01-12 20:00:00,20,158.2,0.1
2023-01-12 21:00:00,21,64.0,0.0
2023-01-12 22:00:00,22,4.2,0.0
2023-01-12 23:00:00,23,,0.0
2023-01-13 00:00:00,0,,0.0
2023-01-13 01:00:00,1,,0.0
2023-01-13 02:00:00,2,,0.0
2023-01-13 03:00:00,3,,0.0
2023-01-13 04:00:00,4,,0.0
2023-01-13 05:00:00,5,,0.0
2023-01-13 06:00:00,6,,0.0
2023-01-13 07:00:00,7,,0.0
2023-01-13 08:00:00,8,,0.0
2023-01-13 09:00:00,9,,0.0
2023-01-13 10:00:00,10,142.0,0.0
2023-01-13 11:00:00,11,261.3,0.0
2023-01-13 12:00:00,12,1195.7,0.0
2023-01-13 13:00:00,13,1016.8,0.0
2023-01-13 14:00:00,14,2102.8,0.0
2023-01-13 15:00:00,15,2006.7,0.5
2023-01-13 16:00:00,16,1946.0,0.0
2023-01-13 17:00:00,17,2285.7,0.0
2023-01-13 18:00:00,18,1410.2,0.0
2023-01-13 19:00:00,19,1359.7,0.0
2023-01-13 20:00:00,20,465.9,0.0
2023-01-13 21:00:00,21,173.1,0.0
2023-01-13 22:00:00,22,1.9,0.0
2023-01-13 23:00:00,23,,0.0
2023-01-14 00:00:00,0,,0.0
2023-01-14 01:00:00,1,,0.0
2023-01-14 02:00:00,2,,0.0
2023-01-14 03:00:00,3,,0.0
2023-01-14 04:00:00,4,,0.0
2023-01-14 05:00:00,5,,0.0
2023-01-14 06:00:00,6,,0.0
2023-01-14 07:00:00,7,,0.8
2023-01-14 08:00:00,8,,0.0
2023-01-14 09:00:00,9,,0.1
2023-01-14 10:00:00,10,244.6,0.0
2023-01-14 11:00:00,11,765.3,0.0
2023-01-14 12:00:00,12,950.5,0.0
2023-01-14 13:00:00,13,1486.0,0.0
2023-01-14 14:00:00,14,1575.6,0.0
2023-01-14 15:00:00,15,1276.0,0.0
2023-01-14 16:00:00,16,1802.1,0.0
2023-01-14 17:00:00,17,2188.2,0.0
2023-01-14 18:00:00,18,2404.6,0.0
2023-01-14 19:00:00,19,1182.2,0.0
2023-01-14 20:00:00,20,669.1,0.0
2023-01-14 21:00:00,21,137.7,0.0
2023-01-14 22:00:00,22,3.7,0.4
2023-01-14 23:00:00,23,,0.0
2023-01-15 00:00:00,0,,0.0
2023-01-15 01:00:00,1,,0.0
2023-01-15 02:00:00,2,,0.0
2023-01-15 03:00:00,3,,0.0
2023-01-15 04:00:00,4,,0.0
2023-01-15 05:00:00,5,,0.0
2023-01-15 06:00:00,6,,0.0
2023-01-15 07:00:00,7,,0.0
2023-01-15 08:00:00,8,,0.0
2023-01-15 09:00:00,9,,0.0
2023-01-15 10:00:00,10,47.7,0.0
2023-01-15 11:00:00,11,230.1,0.0
2023-01-15 12:00:00,12,160.7,0.4
2023-01-15 13:00:00,13,93.3,0.0
2023-01-15 14:00:00,14,398.2,0.0
2023-01-15 15:00:00,15,1048.5,0.0
2023-01-15 16:00:00,16,1876.8,0.0
2023-01-15 17:00:00,17,2374.5,0.0
2023-01-15 18:00:00,18,2083.0,0.0
2023-01-15 19:00:00,19,782.5,0.0
2023-01-15 20:00:00,20,464.1,0.0
2023-01-15 21:00:00,21,190.1,0.0
2023-01-15 22:00:00,22,1.5,0.0
2023-01-15 23:00:00,23,,0.0
2023-01-16 00:00:00,0,,0.0
2023-01-16 01:00:00,1,,0.0
2023-01-16 02:00:00,2,,0.0
2023-01-16 03:00:00,3,,0.0
2023-01-16 04:00:00,4,,0.0
2023-01-16 05:00:00,5,,0.0
2023-01-16 06:00:00,6,0.0,0.0
2023-01-16 07:00:00,7,,0.0
2023-01-16 08:00:00,8,,0.0
2023-01-16 09:00:00,9,,0.0
2023-01-16 10:00:00,10,118.4,0.0
2023-01-16 11:00:00,11,418.7,0.0
2023-01-16 12:00:00,12,689.5,0.0
2023-01-16 13:00:00,13,1487.1,0.0
2023-01-16 14:00:00,14,3151.2,0.0
2023-01-16 15:00:00,15,2662.1,0.1
2023-01-16 16:00:00,16,1532.6,0.0
2023-01-16 17:00:00,17,1573.9,5.6
2023-01-16 18:00:00,18,837.6,0.0
2023-01-16 19:00:00,19,92.4,0.0
2023-01-16 20:00:00,20,136.8,0.0
2023-01-16 21:00:00,21,131.0,0.0
2023-01-16 22:00:00,22,3.3,0.0
2023-01-16 23:00:00,23,,0.0
2023-01-17 00:00:00,0,,0.0
2023-01-17 01:00:00,1,,0.0
2023-01-17 02:00:00,2,,0.0
2023-01-17 03:00:00,3,,0.0
2023-01-17 04:00:00,4,,0.0
2023-01-17 05:00:00,5,,0.0
2023-01-17 06:00:00,6,,0.0
2023-01-17 07:00:00,7,,0.0
2023-01-17 08:00:00,8,,0.0
2023-01-17 09:00:00,9,,0.0
2023-01-17 10:00:00,10,108.4,0.0
2023-01-17 11:00:00,11,552.8,0.0
2023-01-17 12:00:00,12,1267.0,1.0
2023-01-17 13:00:00,13,2244.2,0.0
2023-01-17 14:00:00,14,3092.1,0.0
2023-01-17 15:00:00,15,2903.2,0.0
2023-01-17 16:00:00,16,2795.5,0.6
2023-01-17 17:00:00,17,2358.7,0.4
2023-01-17 18:00:00,18,974.0,0.0
2023-01-17 19:00:00,19,1144.3,0.0
2023-01-17 20:00:00,20,545.2,0.0
2023-01-17 21:00:00,21,194.4,0.0
2023-01-17 22:00:00,22,3.4,0.0
2023-01-17 23:00:00,23,,0.0
2023-01-18 00:00:00,0,,0.0
2023-01-18 01:00:00,1,,0.0
2023-01-18 02:00:00,2,,0.0
2023-01-18 03:00:00,3,,0.0
2023-01-18 04:00:00,4,,0.0
2023-01-18 05:00:00,5,,0.0
2023-01-18 06:00:00,6,,0.0
2023-01-18 07:00:00,7,,0.0
2023-01-18 08:00:00,8,,0.0
2023-01-18 09:00:00,9,,0.0
2023-01-18 10:00:00,10,164.4,0.0
2023-01-18 11:00:00,11,701.5,0.0
2023-01-18 12:00:00,12,1361.8,0.0
2023-01-18 13:00:00,13,2727.2,0.0
2023-01-18 14:00:00,14,2638.5,0.0
2023-01-18 15:00:00,15,2951.8,0.0
2023-01-18 16:00:00,16,2497.8,0.0
2023-01-18 17:00:00,17,1993.5,0.0
2023-01-18 18:00:00,18,641.8,0.0
2023-01-18 19:00:00,19,427.1,0.0
2023-01-18 20:00:00,20,315.5,0.0
2023-01-18 21:00:00,21,172.4,0.0
2023-01-18 22:00:00,22,,0.0
2023-01-18 23:00:00,23,,0.0
2023-01-19 00:00:00,0,,0.0
2023-01-19 01:00:00,1,,0.0
2023-01-19 02:00:00,2,,0.0
2023-01-19 03:00:00,3,,0.0
2023-01-19 04:00:00,4,,0.0
2023-01-19 05:00:00,5,,0.0
2023-01-19 06:00:00,6,,0.0
2023-01-19 07:00:00,7,,0.0
2023-01-19 08:00:00,8,,0.0
2023-01-19 09:00:00,9,,0.0
2023-01-19 10:00:00,10,40.5,0.0
2023-01-19 11:00:00,11,60.7,0.1
2023-01-19 12:00:00,12,33.7,0.0
2023-01-19 13:00:00,13,137.3,0.0
2023-01-19 14:00:00,14,239.5,0.0
2023-01-19 15:00:00,15,356.3,0.0
2023-01-19 16:00:00,16,465.6,0.0
2023-01-19 17:00:00,17,546.6,0.0
2023-01-19 18:00:00,18,812.7,0.0
2023-01-19 19:00:00,19,954.6,0.0
2023-01-19 20:00:00,20,654.3,0.0
2023-01-19 21:00:00,21,259.0,0.0
2023-01-19 22:00:00,22,5.4,0.0
2023-01-19 23:00:00,23,,0.0
2023-01-20 00:00:00,0,,0.0
2023-01-20 01:00:00,1,,0.0
2023-01-20 02:00:00,2,,0.0
2023-01-20 03:00:00,3,,0.0
2023-01-20 04:00:00,4,,0.0
2023-01-20 05:00:00,5,,0.0
2023-01-20 06:00:00,6,,0.0
2023-01-20 07:00:00,7,,0.0
2023-01-20 08:00:00,8,,0.0
2023-01-20 09:00:00,9,1.2,0.0
2023-01-20 10:00:00,10,162.4,0.0
2023-01-20 11:00:00,11,541.4,0.0
2023-01-20 12:00:00,12,2116.9,0.0
2023-01-20 13:00:00,13,2839.5,2.0
2023-01-20 14:00:00,14,2662.4,0.0
2023-01-20 15:00:00,15,2810.8,0.3
2023-01-20 16:00:00,16,2074.6,0.5
2023-01-20 17:00:00,17,1936.3,0.0
2023-01-20 18:00:00,18,1931.8,0.0
2023-01-20 19:00:00,19,1704.7,0.0
2023-01-20 20:00:00,20,643.4,0.0
2023-01-20 21:00:00,21,201.6,0.5
2023-01-20 22:00:00,22,3.8,0.0
2023-01-20 23:00:00,23,,0.0
2023-01-21 00:00:00,0,,0.0
2023-01-21 01:00:00,1,,0.0
2023-01-21 02:00:00,2,,0.0
2023-01-21 03:00:00,3,,0.0
2023-01-21 04:00:00,4,,0.0
2023-01-21 05:00:00,5,,0.0
2023-01-21 06:00:00,6,,0.0
2023-01-21 07:00:00,7,,0.0
2023-01-21 08:00:00,8,,0.0
2023-01-21 09:00:00,9,1.9,0.0
2023-01-21 10:00:00,10,196.6,0.0
2023-01-21 11:00:00,11,778.4,0.0
2023-01-21 12:00:00,12,1828.4,0.0
2023-01-21 13:00:00,13,2201.5,0.0
2023-01-21 14:00:00,14,2174.5,1.2
2023-01-21 15:00:00,15,2710.4,0.1
2023-01-21 16:00:00,16,2914.6,0.0
2023-01-21 17:00:00,17,2891.3,2.9
2023-01-21 18:00:00,18,2517.1,4.2
2023-01-21 19:00:00,19,1860.3,2.2
2023-01-21 20:00:00,20,1142.0,0.0
2023-01-21 21:00:00,21,264.8,0.0
2023-01-21 22:00:00,22,10.7,0.0
2023-01-21 23:00:00,23,,0.0
2023-01-22 00:00:00,0,,0.0
2023-01-22 01:00:00,1,,0.0
2023-01-22 02:00:00,2,,0.0
2023-01-22 03:00:00,3,,0.0
2023-01-22 04:00:00,4,,0.0
2023-01-22 05:00:00,5,,0.0
2023-01-22 06:00:00,6,,0.0
2023-01-22 07:00:00,7,,0.0
2023-01-22 08:00:00,8,,0.0
2023-01-22 09:00:00,9,0.1,0.0
2023-01-22 10:00:00,10,125.1,0.0
2023-01-22 11:00:00,11,674.4,0.0
2023-01-22 12:00:00,12,1226.7,0.0
2023-01-22 13:00:00,13,1824.4,0.0
2023-01-22 14:00:00,14,2173.5,0.0
2023-01-22 15:00:00,15,2039.0,0.0
2023-01-22 16:00:00,16,2849.7,0.0
2023-01-22 17:00:00,17,2700.5,0.0
2023-01-22 18:00:00,18,2454.8,0.0
2023-01-22 19:00:00,19,1758.5,0.0
2023-01-22 20:00:00,20,389.1,0.0
2023-01-22 21:00:00,21,221.8,0.0
2023-01-22 22:00:00,22,,0.0
2023-01-22 23:00:00,23,,0.0
2023-01-23 00:00:00,0,,0.0
2023-01-23 01:00:00,1,,0.0
2023-01-23 02:00:00,2,,0.0
2023-01-23 03:00:00,3,,0.0
2023-01-23 04:00:00,4,,0.1
2023-01-23 05:00:00,5,,0.0
2023-01-23 06:00:00,6,,0.0
2023-01-23 07:00:00,7,,0.0
2023-01-23 08:00:00,8,,0.0
2023-01-23 09:00:00,9,,0.0
2023-01-23 10:00:00,10,151.0,0.0
2023-01-23 11:00:00,11,452.4,0.0
2023-01-23 12:00:00,12,1251.0,0.0
2023-01-23 13:00:00,13,1342.0,0.0
2023-01-23 14:00:00,14,1571.1,0.0
2023-01-23 15:00:00,15,2097.4,0.0
2023-01-23 16:00:00,16,2348.1,0.0
2023-01-23 17:00:00,17,2769.6,0.0
2023-01-23 18:00:00,18,2623.8,0.0
2023-01-23 19:00:00,19,1666.7,0.0
2023-01-23 20:00:00,20,851.8,0.0
2023-01-23 21:00:00,21,218.5,0.0
2023-01-23 22:00:00,22,2.3,0.0
2023-01-23 23:00:00,23,,0.0
2023-01-24 00:00:00,0,,0.0
2023-01-24 01:00:00,1,,0.0
2023-01-24 02:00:00,2,,0.0
2023-01-24 03:00:00,3,,0.0
2023-01-24 04:00:00,4,,0.0
2023-01-24 05:00:00,5,,0.0
2023-01-24 06:00:00,6,,0.0
2023-01-24 07:00:00,7,,0.0
2023-01-24 08:00:00,8,,0.0
2023-01-24 09:00:00,9,,0.0
2023-01-24 10:00:00,10,70.8,0.0
2023-01-24 11:00:00,11,370.2,0.0
2023-01-24 12:00:00,12,739.1,0.0
2023-01-24 13:00:00,13,1794.6,0.0
2023-01-24 14:00:00,14,1564.7,0.0
2023-01-24 15:00:00,15,2981.3,0.0
2023-01-24 16:00:00,16,2861.1,0.0
2023-01-24 17:00:00,17,2348.7,0.0
2023-01-24 18:00:00,18,2722.9,0.0
2023-01-24 19:00:00,19,677.2,0.0
2023-01-24 20:00:00,20,479.1,0.0
2023-01-24 21:00:00,21,105.9,0.0
2023-01-24 22:00:00,22,5.7,0.0
2023-01-24 23:00:00,23,,0.0
2023-01-25 00:00:00,0,,0.0
2023-01-25 01:00:00,1,,0.0
2023-01-25 02:00:00,2,,0.0
2023-01-25 03:00:00,3,,0.0
2023-01-25 04:00:00,4,,1.6
2023-01-25 05:00:00,5,,0.0
2023-01-25 06:00:00,6,,0.0
2023-01-25 07:00:00,7,,0.0
2023-01-25 08:00:00,8,,0.0
2023-01-25 09:00:00,9,,0.0
2023-01-25 10:00:00,10,171.5,0.0
2023-01-25 11:00:00,11,678.7,0.0
2023-01-25 12:00:00,12,597.3,0.0
2023-01-25 13:00:00,13,557.8,0.0
2023-01-25 14:00:00,14,1073.3,0.0
2023-01-25 15:00:00,15,1311.0,0.0
2023-01-25 16:00:00,16,1638.9,0.0
2023-01-25 17:00:00,17,2062.7,0.0
2023-01-25 18:00:00,18,2699.7,0.0
2023-01-25 19:00:00,19,1596.6,0.0
2023-01-25 20:00:00,20,498.4,0.0
2023-01-25 21:00:00,21,176.9,0.4
2023-01-25 22:00:00,22,6.4,0.6
2023-01-25 23:00:00,23,,0.6
2023-01-26 00:00:00,0,,0.0
2023-01-26 01:00:00,1,,0.0
2023-01-26 02:00:00,2,,0.0
2023-01-26 03:00:00,3,,0.0
2023-01-26 04:00:00,4,,0.0
2023-01-26 05:00:00,5,,0.0
2023-01-26 06:00:00,6,,0.0
2023-01-26 07:00:00,7,,0.0
2023-01-26 08:00:00,8,,0.0
2023-01-26 09:00:00,9,,0.0
2023-01-26 10:00:00,10,149.3,0.0
2023-01-26 11:00:00,11,470.6,0.0
2023-01-26 12:00:00,12,811.2,0.0
2023-01-26 13:00:00,13,725.4,0.0
2023-01-26 14:00:00,14,1054.0,0.2
2023-01-26 15:00:00,15,814.5,0.0
2023-01-26 16:00:00,16,2127.4,0.6
2023-01-26 17:00:00,17,1362.8,0.4
2023-01-26 18:00:00,18,1753.5,0.4
2023-01-26 19:00:00,19,1137.2,0.0
2023-01-26 20:00:00,20,727.0,0.0
2023-01-26 21:00:00,21,203.5,0.0
2023-01-26 22:00:00,22,3.8,0.0
2023-01-26 23:00:00,23,,0.0
2023-01-27 00:00:00,0,,0.0
2023-01-27 01:00:00,1,,0.0
2023-01-27 02:00:00,2,,0.0
2023-01-27 03:00:00,3,,0.0
2023-01-27 04:00:00,4,,0.0
2023-01-27 05:00:00,5,,0.0
2023-01-27 06:00:00,6,,0.0
2023-01-27 07:00:00,7,,0.0
2023-01-27 08:00:00,8,,0.0
2023-01-27 09:00:00,9,,0.0
2023-01-27 10:00:00,10,155.5,0.0
2023-01-27 11:00:00,11,606.2,0.0
2023-01-27 12:00:00,12,1607.9,0.0
2023-01-27 13:00:00,13,1951.8,0.2
2023-01-27 14:00:00,14,2868.5,0.0
2023-01-27 15:00:00,15,2708.5,0.0
2023-01-27 16:00:00,16,1899.3,0.7
2023-01-27 17:00:00,17,2831.6,0.1
2023-01-27 18:00:00,18,2713.0,0.0
2023-01-27 19:00:00,19,561.2,1.4
2023-01-27 20:00:00,20,659.7,0.0
2023-01-27 21:00:00,21,189.0,0.0
2023-01-27 22:00:00,22,0.7,0.0
2023-01-27 23:00:00,23,,0.0
2023-01-28 00:00:00,0,,0.0
2023-01-28 01:00:00,1,,0.0
2023-01-28 02:00:00,2,,0.0
2023-01-28 03:00:00,3,,0.0
2023-01-28 04:00:00,4,,0.0
2023-01-28 05:00:00,5,,0.0
2023-01-28 06:00:00,6,,0.0
2023-01-28 07:00:00,7,,0.0
2023-01-28 08:00:00,8,,0.0
2023-01-28 09:00:00,9,,0.0
2023-01-28 10:00:00,10,106.1,0.0
2023-01-28 11:00:00,11,581.7,0.0
2023-01-28 12:00:00,12,798.3,0.0
2023-01-28 13:00:00,13,1118.1,0.1
2023-01-28 14:00:00,14,1670.9,0.0
2023-01-28 15:00:00,15,1907.1,0.0
2023-01-28 16:00:00,16,2194.9,0.0
2023-01-28 17:00:00,17,1811.6,0.0
2023-01-28 18:00:00,18,1199.9,0.0
2023-01-28 19:00:00,19,857.5,0.0
2023-01-28 20:00:00,20,470.5,0.0
2023-01-28 21:00:00,21,177.2,0.0
2023-01-28 22:00:00,22,3.2,0.0
2023-01-28 23:00:00,23,,0.0
2023-01-29 00:00:00,0,,0.0
2023-01-29 01:00:00,1,,0.0
2023-01-29 02:00:00,2,,0.0
2023-01-29 03:00:00,3,,0.0
2023-01-29 04:00:00,4,,0.0
2023-01-29 05:00:00,5,,0.0
2023-01-29 06:00:00,6,,0.0
2023-01-29 07:00:00,7,,0.0
2023-01-29 08:00:00,8,,0.0
2023-01-29 09:00:00,9,,0.0
2023-01-29 10:00:00,10,125.9,0.0
2023-01-29 11:00:00,11,448.8,0.0
2023-01-29 12:00:00,12,941.1,0.0
2023-01-29 13:00:00,13,1686.8,0.0
2023-01-29 14:00:00,14,2683.1,0.0
2023-01-29 15:00:00,15,2681.2,0.0
2023-01-29 16:00:00,16,3220.3,0.5
2023-01-29 17:00:00,17,3452.5,0.9
2023-01-29 18:00:00,18,2925.6,0.0
2023-01-29 19:00:00,19,1967.6,0.0
2023-01-29 20:00:00,20,601.0,0.0
2023-01-29 21:00:00,21,136.0,0.0
2023-01-29 22:00:00,22,4.9,0.0
2023-01-29 23:00:00,23,,0.0
2023-01-30 00:00:00,0,,0.0
2023-01-30 01:00:00,1,,0.0
2023-01-30 02:00:00,2,,0.0
2023-01-30 03:00:00,3,,0.0
2023-01-30 04:00:00,4,,0.0
2023-01-30 05:00:00,5,,0.0
2023-01-30 06:00:00,6,,0.0
2023-01-30 07:00:00,7,,0.0
2023-01-30 08:00:00,8,,0.0
2023-01-30 09:00:00,9,,0.0
2023-01-30 10:00:00,10,96.6,0.0
2023-01-30 11:00:00,11,368.6,0.0
2023-01-30 12:00:00,12,776.6,0.0
2023-01-30 13:00:00,13,1539.5,0.0
2023-01-30 14:00:00,14,3117.8,0.0
2023-01-30 15:00:00,15,2790.8,0.0
2023-01-30 16:00:00,16,2706.9,0.0
2023-01-30 17:00:00,17,2789.5,0.0
2023-01-30 18:00:00,18,2434.9,0.0
2023-01-30 19:00:00,19,2043.8,0.6
2023-01-30 20:00:00,20,679.0,1.7
2023-01-30 21:00:00,21,218.7,0.2
2023-01-30 22:00:00,22,10.2,0.0
2023-01-30 23:00:00,23,,0.0
2023-01-31 00:00:00,0,,0.0
2023-01-31 01:00:00,1,,0.0
2023-01-31 02:00:00,2,,0.0
2023-01-31 03:00:00,3,,0.0
2023-01-31 04:00:00,4,,0.0
2023-01-31 05:00:00,5,,0.0
2023-01-31 06:00:00,6,,0.0
2023-01-31 07:00:00,7,,0.0
2023-01-31 08:00:00,8,,0.0
2023-01-31 09:00:00,9,,0.0
2023-01-31 10:00:00,10,96.9,0.0
2023-01-31 11:00:00,11,560.3,0.0
2023-01-31 12:00:00,12,1032.4,0.0
2023-01-31 13:00:00,13,1158.1,0.0
2023-01-31 14:00:00,14,905.1,0.0
2023-01-31 15:00:00,15,2083.6,0.0
2023-01-31 16:00:00,16,1006.5,1.1
2023-01-31 17:00:00,17,688.2,0.0
2023-01-31 18:00:00,18,1089.3,0.0
2023-01-31 19:00:00,19,925.5,0.0
2023-01-31 20:00:00,20,660.4,1.9
2023-01-31 21:00:00,21,372.4,0.0
2023-01-31 22:00:00,22,6.7,0.0
2023-01-31 23:00:00,23,,0.0
2023-02-01 00:00:00,0,,0.0
2023-02-01 01:00:00,1,,0.0
2023-02-01 02:00:00,2,,0.0
2023-02-01 03:00:00,3,,0.0
2023-02-01 04:00:00,4,,0.0
2023-02-01 05:00:00,5,,0.0
2023-02-01 06:00:00,6,,0.0
2023-02-01 07:00:00,7,,0.0
2023-02-01 08:00:00,8,,0.0
2023-02-01 09:00:00,9,,0.0
2023-02-01 10:00:00,10,133.7,0.0
2023-02-01 11:00:00,11,171.7,0.0
2023-02-01 12:00:00,12,258.6,0.0
2023-02-01 13:00:00,13,265.5,0.0
2023-02-01 14:00:00,14,235.0,0.0
2023-02-01 15:00:00,15,399.3,0.0
2023-02-01 16:00:00,16,1046.8,0.0
2023-02-01 17:00:00,17,1034.3,0.0
2023-02-01 18:00:00,18,1291.7,0.6
2023-02-01 19:00:00,19,1006.1,0.0
2023-02-01 20:00:00,20,693.9,0.0
2023-02-01 21:00:00,21,143.7,0.0
2023-02-01 22:00:00,22,1.3,0.0
2023-02-01 23:00:00,23,,0.0
2023-02-02 00:00:00,0,,0.0
2023-02-02 01:00:00,1,,0.0
2023-02-02 02:00:00,2,,0.0
2023-02-02 03:00:00,3,,0.0
2023-02-02 04:00:00,4,,0.0
2023-02-02 05:00:00,5,,0.0
2023-02-02 06:00:00,6,,0.0
2023-02-02 07:00:00,7,,0.0
2023-02-02 08:00:00,8,,0.0
2023-02-02 09:00:00,9,,0.0
2023-02-02 10:00:00,10,148.2,0.0
2023-02-02 11:00:00,11,526.3,0.0
2023-02-02 12:00:00,12,948.8,0.0
2023-02-02 13:00:00,13,1445.3,0.0
2023-02-02 14:00:00,14,2577.2,0.1
2023-02-02 15:00:00,15,1833.8,0.8
2023-02-02 16:00:00,16,2028.1,1.2
2023-02-02 17:00:00,17,2115.1,0.0
2023-02-02 18:00:00,18,1611.7,1.5
2023-02-02 19:00:00,19,504.1,0.0
2023-02-02 20:00:00,20,292.0,0.0
2023-02-02 21:00:00,21,107.7,0.0
2023-02-02 22:00:00,22,0.6,0.0
2023-02-02 23:00:00,23,,0.0
2023-02-03 00:00:00,0,,0.0
2023-02-03 01:00:00,1,,0.0
2023-02-03 02:00:00,2,,0.0
2023-02-03 03:00:00,3,,0.0
2023-02-03 04:00:00,4,,0.0
2023-02-03 05:00:00,5,,0.0
2023-02-03 06:00:00,6,,0.0
2023-02-03 07:00:00,7,,0.0
2023-02-03 08:00:00,8,,0.0
2023-02-03 09:00:00,9,,0.0
2023-02-03 10:00:00,10,144.6,0.0
2023-02-03 11:00:00,11,586.6,0.0
2023-02-03 12:00:00,12,1206.9,0.2
2023-02-03 13:00:00,13,1391.4,0.0
2023-02-03 14:00:00,14,1301.7,0.0
2023-02-03 15:00:00,15,1231.1,0.0
2023-02-03 16:00:00,16,1424.5,0.0
2023-02-03 17:00:00,17,1118.3,0.0
2023-02-03 18:00:00,18,915.8,0.0
2023-02-03 19:00:00,19,711.8,0.0
2023-02-03 20:00:00,20,426.2,0.0
2023-02-03 21:00:00,21,160.9,0.0
2023-02-03 22:00:00,22,4.4,0.0
2023-02-03 23:00:00,23,,0.0
2023-02-04 00:00:00,0,,0.0
2023-02-04 01:00:00,1,,0.0
2023-02-04 02:00:00,2,,0.0
2023-02-04 03:00:00,3,,0.0
2023-02-04 04:00:00,4,,0.0
2023-02-04 05:00:00,5,,0.0
2023-02-04 06:00:00,6,,0.0
2023-02-04 07:00:00,7,,0.0
2023-02-04 08:00:00,8,,0.0
2023-02-04 09:00:00,9,,0.0
2023-02-04 10:00:00,10,174.3,0.0
2023-02-04 11:00:00,11,602.8,0.0
2023-02-04 12:00:00,12,1683.5,0.0
2023-02-04 13:00:00,13,1397.5,0.0
2023-02-04 14:00:00,14,1852.7,0.4
2023-02-04 15:00:00,15,1908.8,0.0
2023-02-04 16:00:00,16,2691.9,2.3
2023-02-04 17:00:00,17,2998.8,1.0
2023-02-04 18:00:00,18,1717.5,0.0
2023-02-04 19:00:00,19,1910.3,0.5
2023-02-04 20:00:00,20,668.0,0.1
2023-02-04 21:00:00,21,119.9,0.0
2023-02-04 22:00:00,22,0.9,0.0
2023-02-04 23:00:00,23,,0.0
2023-02-05 00:00:00,0,,0.0
2023-02-05 01:00:00,1,,0.0
2023-02-05 02:00:00,2,,0.0
2023-02-05 03:00:00,3,,0.0
2023-02-05 04:00:00,4,,0.0
2023-02-05 05:00:00,5,,0.0
2023-02-05 06:00:00,6,,0.0
2023-02-05 07:00:00,7,,0.0
2023-02-05 08:00:00,8,,0.0
2023-02-05 09:00:00,9,0.7,0.0
2023-02-05 10:00:00,10,71.0,0.0
2023-02-05 11:00:00,11,367.1,0.0
2023-02-05 12:00:00,12,658.2,0.0
2023-02-05 13:00:00,13,1663.0,0.0
2023-02-05 14:00:00,14,1852.2,0.7
2023-02-05 15:00:00,15,2194.6,0.1
2023-02-05 16:00:00,16,1636.7,0.0
2023-02-05 17:00:00,17,2964.5,0.0
2023-02-05 18:00:00,18,2092.4,0.0
2023-02-05 19:00:00,19,1419.9,0.0
2023-02-05 20:00:00,20,748.6,0.0
2023-02-05 21:00:00,21,118.5,0.0
2023-02-05 22:00:00,22,0.4,0.0
2023-02-05 23:00:00,23,,0.0
2023-02-06 00:00:00,0,,0.0
2023-02-06 01:00:00,1,,0.0
2023-02-06 02:00:00,2,,0.0
2023-02-06 03:00:00,3,,0.0
2023-02-06 04:00:00,4,,0.0
2023-02-06 05:00:00,5,,0.0
2023-02-06 06:00:00,6,,0.0
2023-02-06 07:00:00,7,,0.0
2023-02-06 08:00:00,8,,0.0
2023-02-06 09:00:00,9,,0.0
2023-02-06 10:00:00,10,86.7,0.0
2023-02-06 11:00:00,11,437.7,0.0
2023-02-06 12:00:00,12,774.8,0.0
2023-02-06 13:00:00,13,856.8,0.1
2023-02-06 14:00:00,14,1844.8,0.0
2023-02-06 15:00:00,15,2172.5,0.0
2023-02-06 16:00:00,16,1577.8,0.0
2023-02-06 17:00:00,17,874.4,0.0
2023-02-06 18:00:00,18,899.2,0.0
2023-02-06 19:00:00,19,673.1,0.0
2023-02-06 20:00:00,20,503.2,0.0
2023-02-06 21:00:00,21,114.0,0.2
2023-02-06 22:00:00,22,,0.0
2023-02-06 23:00:00,23,,0.0
2023-02-07 00:00:00,0,,0.0
2023-02-07 01:00:00,1,,0.0
2023-02-07 02:00:00,2,,0.3
2023-02-07 03:00:00,3,,0.0
2023-02-07 04:00:00,4,,0.3
2023-02-07 05:00:00,5,,0.6
2023-02-07 06:00:00,6,,0.3
2023-02-07 07:00:00,7,,0.3
2023-02-07 08:00:00,8,,0.0
2023-02-07 09:00:00,9,,0.0
2023-02-07 10:00:00,10,82.3,0.0
2023-02-07 11:00:00,11,341.6,0.0
2023-02-07 12:00:00,12,637.7,0.6
2023-02-07 13:00:00,13,553.6,0.8
2023-02-07 14:00:00,14,887.2,0.0
2023-02-07 15:00:00,15,2056.7,0.0
2023-02-07 16:00:00,16,2219.0,0.1
2023-02-07 17:00:00,17,2413.1,1.7
2023-02-07 18:00:00,18,1076.3,0.3
2023-02-07 19:00:00,19,1369.0,2.1
2023-02-07 20:00:00,20,686.3,0.0
2023-02-07 21:00:00,21,114.9,0.0
2023-02-07 22:00:00,22,,0.0
2023-02-07 23:00:00,23,,0.0
2023-02-08 00:00:00,0,,0.0
2023-02-08 01:00:00,1,,1.0
2023-02-08 02:00:00,2,,0.0
2023-02-08 03:00:00,3,,0.0
2023-02-08 04:00:00,4,,3.7
2023-02-08 05:00:00,5,,0.0
2023-02-08 06:00:00,6,,0.0
2023-02-08 07:00:00,7,,0.0
2023-02-08 08:00:00,8,,0.0
2023-02-08 09:00:00,9,,0.0
2023-02-08 10:00:00,10,142.9,0.3
2023-02-08 11:00:00,11,628.1,0.6
2023-02-08 12:00:00,12,1649.9,0.0
2023-02-08 13:00:00,13,1853.2,1.6
2023-02-08 14:00:00,14,2024.0,1.9
2023-02-08 15:00:00,15,1862.4,2.5
2023-02-08 16:00:00,16,1053.7,0.0
2023-02-08 17:00:00,17,637.9,0.0
2023-02-08 18:00:00,18,1281.2,0.0
2023-02-08 19:00:00,19,1783.3,0.0
2023-02-08 20:00:00,20,755.3,0.0
2023-02-08 21:00:00,21,245.1,0.0
2023-02-08 22:00:00,22,2.8,0.0
2023-02-08 23:00:00,23,,0.0
2023-02-09 00:00:00,0,,0.0
2023-02-09 01:00:00,1,,0.0
2023-02-09 02:00:00,2,,0.0
2023-02-09 03:00:00,3,,0.0
2023-02-09 04:00:00,4,,0.0
2023-02-09 05:00:00,5,,0.0
2023-02-09 06:00:00,6,,0.0
2023-02-09 07:00:00,7,,0.0
2023-02-09 08:00:00,8,,0.0
2023-02-09 09:00:00,9,,0.0
2023-02-09 10:00:00,10,130.0,0.0
2023-02-09 11:00:00,11,401.8,0.0
2023-02-09 12:00:00,12,1518.8,0.0
2023-02-09 13:00:00,13,2339.4,0.0
2023-02-09 14:00:00,14,1959.0,0.0
2023-02-09 15:00:00,15,1953.7,0.0
2023-02-09 16:00:00,16,3218.6,0.0
2023-02-09 17:00:00,17,3092.4,1.3
2023-02-09 18:00:00,18,2900.5,1.0
2023-02-09 19:00:00,19,2059.3,1.5
2023-02-09 20:00:00,20,751.8,0.0
2023-02-09 21:00:00,21,118.5,0.0
2023-02-09 22:00:00,22,4.2,0.0
2023-02-09 23:00:00,23,,0.0
2023-02-10 00:00:00,0,,0.0
2023-02-10 01:00:00,1,,0.0
2023-02-10 02:00:00,2,,0.0
2023-02-10 03:00:00,3,,0.0
2023-02-10 04:00:00,4,,0.0
2023-02-10 05:00:00,5,,0.0
2023-02-10 06:00:00,6,,0.0
2023-02-10 07:00:00,7,,0.0
2023-02-10 08:00:00,8,,0.0
2023-02-10 09:00:00,9,,0.0
2023-02-10 10:00:00,10,123.0,0.0
2023-02-10 11:00:00,11,422.4,0.0
2023-02-10 12:00:00,12,599.2,0.0
2023-02-10 13:00:00,13,1134.9,0.0
2023-02-10 14:00:00,14,1198.7,0.0
2023-02-10 15:00:00,15,2579.2,0.0
2023-02-10 16:00:00,16,2758.4,0.0
2023-02-10 17:00:00,17,2110.9,0.1
2023-02-10 18:00:00,18,2063.8,0.0
2023-02-10 19:00:00,19,2108.8,2.0
2023-02-10 20:00:00,20,694.8,0.0
2023-02-10 21:00:00,21,128.4,0.0
2023-02-10 22:00:00,22,3.8,0.0
2023-02-10 23:00:00,23,,0.0
2023-02-11 00:00:00,0,,0.0
2023-02-11 01:00:00,1,,0.0
2023-02-11 02:00:00,2,,0.0
2023-02-11 03:00:00,3,,0.0
2023-02-11 04:00:00,4,,0.0
2023-02-11 05:00:00,5,,0.0
2023-02-11 06:00:00,6,,0.0
2023-02-11 07:00:00,7,,0.0
2023-02-11 08:00:00,8,,0.0
2023-02-11 09:00:00,9,,0.0
2023-02-11 10:00:00,10,130.8,0.0
2023-02-11 11:00:00,11,538.3,0.0
2023-02-11 12:00:00,12,1000.2,0.0
2023-02-11 13:00:00,13,1163.3,0.0
2023-02-11 14:00:00,14,849.1,0.0
2023-02-11 15:00:00,15,727.1,0.9
2023-02-11 16:00:00,16,903.7,0.8
2023-02-11 17:00:00,17,1337.6,0.0
2023-02-11 18:00:00,18,1133.9,0.7
2023-02-11 19:00:00,19,696.3,0.0
2023-02-11 20:00:00,20,264.4,0.0
2023-02-11 21:00:00,21,90.9,0.0
2023-02-11 22:00:00,22,1.6,0.0
2023-02-11 23:00:00,23,,0.0
2023-02-12 00:00:00,0,,0.0
2023-02-12 01:00:00,1,,0.0
2023-02-12 02:00:00,2,,0.0
2023-02-12 03:00:00,3,,0.0
2023-02-12 04:00:00,4,,0.0
2023-02-12 05:00:00,5,,0.0
2023-02-12 06:00:00,6,,0.0
2023-02-12 07:00:00,7,,0.0
2023-02-12 08:00:00,8,,0.0
2023-02-12 09:00:00,9,,0.0
2023-02-12 10:00:00,10,134.0,0.0
2023-02-12 11:00:00,11,557.7,0.0
2023-02-12 12:00:00,12,1285.8,0.0
2023-02-12 13:00:00,13,1624.6,0.0
2023-02-12 14:00:00,14,2327.7,0.0
2023-02-12 15:00:00,15,2559.5,0.0
2023-02-12 16:00:00,16,2733.5,0.0
2023-02-12 17:00:00,17,1966.1,1.0
2023-02-12 18:00:00,18,2948.0,0.0
2023-02-12 19:00:00,19,2294.2,0.0
2023-02-12 20:00:00,20,499.0,0.0
2023-02-12 21:00:00,21,291.9,0.5
2023-02-12 22:00:00,22,7.9,0.0
2023-02-12 23:00:00,23,,0.0
2023-02-13 00:00:00,0,,0.0
2023-02-13 01:00:00,1,,0.0
2023-02-13 02:00:00,2,,0.0
2023-02-13 03:00:00,3,,0.0
2023-02-13 04:00:00,4,,0.0
2023-02-13 05:00:00,5,,0.0
2023-02-13 06:00:00,6,,0.0
2023-02-13 07:00:00,7,,0.0
2023-02-13 08:00:00,8,,0.0
2023-02-13 09:00:00,9,,0.0
2023-02-13 10:00:00,10,139.6,0.0
2023-02-13 11:00:00,11,461.9,0.0
2023-02-13 12:00:00,12,1559.7,0.0
2023-02-13 13:00:00,13,2344.6,0.0
2023-02-13 14:00:00,14,2367.8,1.0
2023-02-13 15:00:00,15,2174.2,0.7
2023-02-13 16:00:00,16,2037.4,1.0
2023-02-13 17:00:00,17,1271.8,0.0
2023-02-13 18:00:00,18,1271.7,0.0
2023-02-13 19:00:00,19,1171.9,0.0
2023-02-13 20:00:00,20,690.7,0.0
2023-02-13 21:00:00,21,208.9,0.0
2023-02-13 22:00:00,22,1.1,0.0
2023-02-13 23:00:00,23,,0.0
2023-02-14 00:00:00,0,,0.0
2023-02-14 01:00:00,1,,0.0
2023-02-14 02:00:00,2,,0.0
2023-02-14 03:00:00,3,,0.0
2023-02-14 04:00:00,4,,0.0
2023-02-14 05:00:00,5,,0.0
2023-02-14 06:00:00,6,,0.0
2023-02-14 07:00:00,7,,0.0
2023-02-14 08:00:00,8,,0.0
2023-02-14 09:00:00,9,,0.0
2023-02-14 10:00:00,10,133.2,0.0
2023-02-14 11:00:00,11,602.5,0.0
2023-02-14 12:00:00,12,898.3,0.0
2023-02-14 13:00:00,13,2145.2,0.0
2023-02-14 14:00:00,14,3482.9,3.5
2023-02-14 15:00:00,15,1520.2,1.4
2023-02-14 16:00:00,16,3240.6,2.9
2023-02-14 17:00:00,17,2327.4,0.0
2023-02-14 18:00:00,18,1159.4,1.8
2023-02-14 19:00:00,19,278.1,0.0
2023-02-14 20:00:00,20,142.3,0.6
2023-02-14 21:00:00,21,180.6,0.0
2023-02-14 22:00:00,22,2.2,0.0
2023-02-14 23:00:00,23,,0.0
2023-02-15 00:00:00,0,,0.0
2023-02-15 01:00:00,1,,0.0
2023-02-15 02:00:00,2,,0.0
2023-02-15 03:00:00,3,,0.0
2023-02-15 04:00:00,4,,0.0
2023-02-15 05:00:00,5,,0.0
2023-02-15 06:00:00,6,,0.0
2023-02-15 07:00:00,7,,0.0
2023-02-15 08:00:00,8,,0.0
2023-02-15 09:00:00,9,,0.0
2023-02-15 10:00:00,10,80.7,0.0
2023-02-15 11:00:00,11,508.8,0.0
2023-02-15 12:00:00,12,647.2,0.0
2023-02-15 13:00:00,13,685.1,0.0
2023-02-15 14:00:00,14,1634.7,0.1
2023-02-15 15:00:00,15,1865.2,1.1
2023-02-15 16:00:00,16,1844.6,0.0
2023-02-15 17:00:00,17,1990.6,0.0
2023-02-15 18:00:00,18,2234.8,0.1
2023-02-15 19:00:00,19,1683.5,0.1
2023-02-15 20:00:00,20,621.3,0.0
2023-02-15 21:00:00,21,190.9,0.0
2023-02-15 22:00:00,22,0.4,0.0
2023-02-15 23:00:00,23,,0.0
2023-02-16 00:00:00,0,,0.0
2023-02-16 01:00:00,1,,0.0
2023-02-16 02:00:00,2,,0.0
2023-02-16 03:00:00,3,,0.0
2023-02-16 04:00:00,4,,0.0
2023-02-16 05:00:00,5,,0.0
2023-02-16 06:00:00,6,,0.0
2023-02-16 07:00:00,7,,0.0
2023-02-16 08:00:00,8,,0.0
2023-02-16 09:00:00,9,,0.0
2023-02-16 10:00:00,10,105.7,0.0
2023-02-16 11:00:00,11,424.6,0.0
2023-02-16 12:00:00,12,379.2,0.0
2023-02-16 13:00:00,13,1063.4,0.0
2023-02-16 14:00:00,14,884.7,0.0
2023-02-16 15:00:00,15,1124.3,0.0
2023-02-16 16:00:00,16,2577.4,0.1
2023-02-16 17:00:00,17,2052.3,0.0
2023-02-16 18:00:00,18,2267.8,0.3
2023-02-16 19:00:00,19,1277.1,0.0
2023-02-16 20:00:00,20,620.3,0.0
2023-02-16 21:00:00,21,184.1,0.0
2023-02-16 22:00:00,22,2.8,0.0
2023-02-16 23:00:00,23,,0.0
2023-02-17 00:00:00,0,,0.0
2023-02-17 01:00:00,1,,0.0
2023-02-17 02:00:00,2,,0.0
2023-02-17 03:00:00,3,,0.0
2023-02-17 04:00:00,4,,0.0
2023-02-17 05:00:00,5,,0.0
2023-02-17 06:00:00,6,,0.0
2023-02-17 07:00:00,7,,0.0
2023-02-17 08:00:00,8,,0.0
2023-02-17 09:00:00,9,,0.0
2023-02-17 10:00:00,10,179.5,0.0
2023-02-17 11:00:00,11,503.5,0.0
2023-02-17 12:00:00,12,1185.9,0.0
2023-02-17 13:00:00,13,2353.4,0.0
2023-02-17 14:00:00,14,2485.1,0.0
2023-02-17 15:00:00,15,2395.8,0.8
2023-02-17 16:00:00,16,2651.1,2.1
2023-02-17 17:00:00,17,2445.8,0.9
2023-02-17 18:00:00,18,2238.0,0.4
2023-02-17 19:00:00,19,1630.7,0.6
2023-02-17 20:00:00,20,698.5,0.0
2023-02-17 21:00:00,21,213.7,0.0
2023-02-17 22:00:00,22,1.1,0.0
2023-02-17 23:00:00,23,,0.0
2023-02-18 00:00:00,0,,0.0
2023-02-18 01:00:00,1,,0.0
2023-02-18 02:00:00,2,,0.0
2023-02-18 03:00:00,3,,0.0
2023-02-18 04:00:00,4,,0.0
2023-02-18 05:00:00,5,,0.9
2023-02-18 06:00:00,6,,0.0
2023-02-18 07:00:00,7,,0.0
2023-02-18 08:00:00,8,,0.0
2023-02-18 09:00:00,9,,0.0
2023-02-18 10:00:00,10,123.0,0.0
2023-02-18 11:00:00,11,781.1,0.0
2023-02-18 12:00:00,12,1044.2,1.9
2023-02-18 13:00:00,13,527.1,0.0
2023-02-18 14:00:00,14,715.8,0.0
2023-02-18 15:00:00,15,1547.6,0.5
2023-02-18 16:00:00,16,483.6,0.6
2023-02-18 17:00:00,17,653.6,0.0
2023-02-18 18:00:00,18,805.7,0.7
2023-02-18 19:00:00,19,626.6,0.0
2023-02-18 20:00:00,20,313.7,0.0
2023-02-18 21:00:00,21,63.9,0.0
2023-02-18 22:00:00,22,,0.0
2023-02-18 23:00:00,23,,0.0
2023-02-19 00:00:00,0,,0.0
2023-02-19 01:00:00,1,,0.0
2023-02-19 02:00:00,2,,0.0
2023-02-19 03:00:00,3,,0.0
2023-02-19 04:00:00,4,,0.0
2023-02-19 05:00:00,5,,0.0
2023-02-19 06:00:00,6,,0.0
2023-02-19 07:00:00,7,,0.0
2023-02-19 08:00:00,8,,0.0
2023-02-19 09:00:00,9,,0.0
2023-02-19 10:00:00,10,55.8,0.0
2023-02-19 11:00:00,11,246.8,0.0
2023-02-19 12:00:00,12,974.2,0.0
2023-02-19 13:00:00,13,977.8,0.0
2023-02-19 14:00:00,14,2080.2,0.4
2023-02-19 15:00:00,15,2404.3,1.0
2023-02-19 16:00:00,16,1178.0,0.0
2023-02-19 17:00:00,17,198.9,1.1
2023-02-19 18:00:00,18,216.2,0.0
2023-02-19 19:00:00,19,604.1,0.0
2023-02-19 20:00:00,20,324.8,0.0
2023-02-19 21:00:00,21,163.0,0.0
2023-02-19 22:00:00,22,1.3,0.0
2023-02-19 23:00:00,23,,0.0
2023-02-20 00:00:00,0,,0.0
2023-02-20 01:00:00,1,,0.0
2023-02-20 02:00:00,2,,0.0
2023-02-20 03:00:00,3,,0.0
2023-02-20 04:00:00,4,,0.0
2023-02-20 05:00:00,5,,0.0
2023-02-20 06:00:00,6,,0.0
2023-02-20 07:00:00,7,,0.0
2023-02-20 08:00:00,8,,0.0
2023-02-20 09:00:00,9,,0.0
2023-02-20 10:00:00,10,112.9,0.0
2023-02-20 11:00:00,11,695.7,0.0
2023-02-20 12:00:00,12,1031.2,0.0
2023-02-20 13:00:00,13,1080.9,0.0
2023-02-20 14:00:00,14,2638.3,0.8
2023-02-20 15:00:00,15,2906.1,2.0
2023-02-20 16:00:00,16,3007.6,2.1
2023-02-20 17:00:00,17,1624.7,1.8
2023-02-20 18:00:00,18,2165.2,0.0
2023-02-20 19:00:00,19,1286.1,0.0
2023-02-20 20:00:00,20,459.0,0.0
2023-02-20 21:00:00,21,191.5,0.0
2023-02-20 22:00:00,22,2.4,0.0
2023-02-20 23:00:00,23,,0.0
2023-02-21 00:00:00,0,,0.0
2023-02-21 01:00:00,1,,0.0
2023-02-21 02:00:00,2,,0.0
2023-02-21 03:00:00,3,,0.0
2023-02-21 04:00:00,4,,0.0
2023-02-21 05:00:00,5,,0.0
2023-02-21 06:00:00,6,,0.0
2023-02-21 07:00:00,7,,0.0
2023-02-21 08:00:00,8,,0.0
2023-02-21 09:00:00,9,,0.0
2023-02-21 10:00:00,10,101.1,0.0
2023-02-21 11:00:00,11,724.8,0.0
2023-02-21 12:00:00,12,1727.0,0.0
2023-02-21 13:00:00,13,2067.2,2.0
2023-02-21 14:00:00,14,2182.1,1.5
2023-02-21 15:00:00,15,2231.8,2.3
2023-02-21 16:00:00,16,2133.6,1.3
2023-02-21 17:00:00,17,3187.2,0.9
2023-02-21 18:00:00,18,2179.3,1.4
2023-02-21 19:00:00,19,1932.8,0.3
2023-02-21 20:00:00,20,579.3,0.7
2023-02-21 21:00:00,21,135.3,0.0
2023-02-21 22:00:00,22,2.0,0.0
2023-02-21 23:00:00,23,,0.0
2023-02-22 00:00:00,0,,0.0
2023-02-22 01:00:00,1,,0.0
2023-02-22 02:00:00,2,,0.0
2023-02-22 03:00:00,3,,0.0
2023-02-22 04:00:00,4,,0.0
2023-02-22 05:00:00,5,,0.0
2023-02-22 06:00:00,6,,0.0
2023-02-22 07:00:00,7,,0.0
2023-02-22 08:00:00,8,,0.1
2023-02-22 09:00:00,9,,0.0
2023-02-22 10:00:00,10,43.4,0.0
2023-02-22 11:00:00,11,498.6,0.0
2023-02-22 12:00:00,12,966.8,0.0
2023-02-22 13:00:00,13,1491.7,0.0
2023-02-22 14:00:00,14,1399.9,0.0
2023-02-22 15:00:00,15,2578.0,0.0
2023-02-22 16:00:00,16,3168.4,1.3
2023-02-22 17:00:00,17,2420.9,1.2
2023-02-22 18:00:00,18,1761.5,0.1
2023-02-22 19:00:00,19,683.4,0.1
2023-02-22 20:00:00,20,291.2,0.0
2023-02-22 21:00:00,21,111.5,0.4
2023-02-22 22:00:00,22,,0.0
2023-02-22 23:00:00,23,,1.2
2023-02-23 00:00:00,0,,0.0
2023-02-23 01:00:00,1,,0.5
2023-02-23 02:00:00,2,,0.0
2023-02-23 03:00:00,3,,0.0
2023-02-23 04:00:00,4,,0.0
2023-02-23 05:00:00,5,0.2,2.3
2023-02-23 06:00:00,6,,0.0
2023-02-23 07:00:00,7,,0.0
2023-02-23 08:00:00,8,,0.0
2023-02-23 09:00:00,9,,0.0
2023-02-23 10:00:00,10,15.7,0.0
2023-02-23 11:00:00,11,145.5,0.0
2023-02-23 12:00:00,12,337.4,0.0
2023-02-23 13:00:00,13,951.6,0.0
2023-02-23 14:00:00,14,834.8,0.0
2023-02-23 15:00:00,15,1517.9,0.0
2023-02-23 16:00:00,16,3195.9,0.0
2023-02-23 17:00:00,17,2213.3,0.0
2023-02-23 18:00:00,18,2127.8,0.0
2023-02-23 19:00:00,19,1411.5,0.0
2023-02-23 20:00:00,20,595.3,0.0
2023-02-23 21:00:00,21,251.2,0.0
2023-02-23 22:00:00,22,2.5,0.0
2023-02-23 23:00:00,23,,0.0
2023-02-24 00:00:00,0,,0.0
2023-02-24 01:00:00,1,,0.0
2023-02-24 02:00:00,2,,0.0
2023-02-24 03:00:00,3,,0.0
2023-02-24 04:00:00,4,,0.0
2023-02-24 05:00:00,5,,0.0
2023-02-24 06:00:00,6,,0.0
2023-02-24 07:00:00,7,,0.0
2023-02-24 08:00:00,8,,0.0
2023-02-24 09:00:00,9,,0.0
2023-02-24 10:00:00,10,132.0,0.0
2023-02-24 11:00:00,11,471.4,0.0
2023-02-24 12:00:00,12,1047.8,0.0
2023-02-24 13:00:00,13,2141.0,0.0
2023-02-24 14:00:00,14,2896.2,0.0
2023-02-24 15:00:00,15,2647.3,0.0
2023-02-24 16:00:00,16,2816.8,0.0
2023-02-24 17:00:00,17,1792.1,0.0
2023-02-24 18:00:00,18,722.4,0.0
2023-02-24 19:00:00,19,819.7,0.0
2023-02-24 20:00:00,20,443.8,0.0
2023-02-24 21:00:00,21,210.9,0.0
2023-02-24 22:00:00,22,3.1,0.0
2023-02-24 23:00:00,23,,0.0
2023-02-25 00:00:00,0,,0.0
2023-02-25 01:00:00,1,,0.0
2023-02-25 02:00:00,2,,0.0
2023-02-25 03:00:00,3,,0.0
2023-02-25 04:00:00,4,,0.0
2023-02-25 05:00:00,5,,0.0
2023-02-25 06:00:00,6,,0.0
2023-02-25 07:00:00,7,,0.0
2023-02-25 08:00:00,8,,0.0
2023-02-25 09:00:00,9,,0.0
2023-02-25 10:00:00,10,144.5,0.0
2023-02-25 11:00:00,11,496.6,0.0
2023-02-25 12:00:00,12,528.6,0.0
2023-02-25 13:00:00,13,782.5,0.0
2023-02-25 14:00:00,14,2501.9,0.1
2023-02-25 15:00:00,15,1662.8,0.2
2023-02-25 16:00:00,16,2565.9,0.0
2023-02-25 17:00:00,17,2625.1,0.0
2023-02-25 18:00:00,18,2154.9,0.7
2023-02-25 19:00:00,19,1487.8,0.0
2023-02-25 20:00:00,20,639.9,0.0
2023-02-25 21:00:00,21,211.7,0.0
2023-02-25 22:00:00,22,0.4,0.0
2023-02-25 23:00:00,23,,0.0
2023-02-26 00:00:00,0,,0.0
2023-02-26 01:00:00,1,,0.0
2023-02-26 02:00:00,2,,0.0
2023-02-26 03:00:00,3,,0.0
2023-02-26 04:00:00,4,,2.5
2023-02-26 05:00:00,5,,0.0
2023-02-26 06:00:00,6,,0.0
2023-02-26 07:00:00,7,,0.0
2023-02-26 08:00:00,8,,0.0
2023-02-26 09:00:00,9,,0.0
2023-02-26 10:00:00,10,133.3,0.0
2023-02-26 11:00:00,11,754.2,0.0
2023-02-26 12:00:00,12,1266.6,0.1
2023-02-26 13:00:00,13,2107.3,0.0
2023-02-26 14:00:00,14,1511.3,0.3
2023-02-26 15:00:00,15,2614.2,0.8
2023-02-26 16:00:00,16,2849.1,1.1
2023-02-26 17:00:00,17,2906.2,0.9
2023-02-26 18:00:00,18,2651.6,1.0
2023-02-26 19:00:00,19,1445.2,0.2
2023-02-26 20:00:00,20,483.1,0.0
2023-02-26 21:00:00,21,111.9,0.0
2023-02-26 22:00:00,22,0.1,0.0
2023-02-26 23:00:00,23,,0.0
2023-02-27 00:00:00,0,,0.0
2023-02-27 01:00:00,1,,0.0
2023-02-27 02:00:00,2,,0.0
2023-02-27 03:00:00,3,,0.0
2023-02-27 04:00:00,4,,0.0
2023-02-27 05:00:00,5,,0.0
2023-02-27 06:00:00,6,,0.5
2023-02-27 07:00:00,7,,0.0
2023-02-27 08:00:00,8,,0.0
2023-02-27 09:00:00,9,,0.0
2023-02-27 10:00:00,10,154.8,0.0
2023-02-27 11:00:00,11,980.6,0.0
2023-02-27 12:00:00,12,1608.7,0.0
2023-02-27 13:00:00,13,1632.4,0.3
2023-02-27 14:00:00,14,1937.0,0.0
2023-02-27 15:00:00,15,1373.3,0.0
2023-02-27 16:00:00,16,2105.5,0.0
2023-02-27 17:00:00,17,1533.9,0.5
2023-02-27 18:00:00,18,1881.3,0.4
2023-02-27 19:00:00,19,1021.0,0.7
2023-02-27 20:00:00,20,459.6,0.0
2023-02-27 21:00:00,21,136.5,0.0
2023-02-27 22:00:00,22,,0.0
2023-02-27 23:00:00,23,,0.0
2023-02-28 00:00:00,0,,0.0
2023-02-28 01:00:00,1,,0.0
2023-02-28 02:00:00,2,,0.0
2023-02-28 03:00:00,3,,0.0
2023-02-28 04:00:00,4,,0.0
2023-02-28 05:00:00,5,,0.0
2023-02-28 06:00:00,6,,0.0
2023-02-28 07:00:00,7,,0.0
2023-02-28 08:00:00,8,,0.0
2023-02-28 09:00:00,9,0.1,0.0
2023-02-28 10:00:00,10,85.7,0.0
2023-02-28 11:00:00,11,400.1,0.0
2023-02-28 12:00:00,12,1050.5,0.0
2023-02-28 13:00:00,13,1363.2,0.0
2023-02-28 14:00:00,14,2731.1,0.0
2023-02-28 15:00:00,15,2909.6,0.0
2023-02-28 16:00:00,16,2698.8,0.0
2023-02-28 17:00:00,17,3045.3,0.1
2023-02-28 18:00:00,18,2600.0,0.1
2023-02-28 19:00:00,19,1949.7,0.0
2023-02-28 20:00:00,20,570.6,0.0
2023-02-28 21:00:00,21,122.9,0.0
2023-02-28 22:00:00,22,0.4,0.0
2023-02-28 23:00:00,23,,0.0
2023-03-01 00:00:00,0,,0.0
2023-03-01 01:00:00,1,,0.0
2023-03-01 02:00:00,2,,0.0
2023-03-01 03:00:00,3,,0.1
2023-03-01 04:00:00,4,,0.0
2023-03-01 05:00:00,5,,0.1
2023-03-01 06:00:00,6,,0.0
2023-03-01 07:00:00,7,,0.1
2023-03-01 08:00:00,8,,0.0
2023-03-01 09:00:00,9,,0.0
2023-03-01 10:00:00,10,177.3,0.0
2023-03-01 11:00:00,11,768.1,0.0
2023-03-01 12:00:00,12,1073.1,0.0
2023-03-01 13:00:00,13,631.0,0.0
2023-03-01 14:00:00,14,1214.0,0.0
2023-03-01 15:00:00,15,1309.6,0.0
2023-03-01 16:00:00,16,2177.1,0.0
2023-03-01 17:00:00,17,1549.9,0.0
2023-03-01 18:00:00,18,1953.3,0.0
2023-03-01 19:00:00,19,1822.4,0.0
2023-03-01 20:00:00,20,655.5,0.0
2023-03-01 21:00:00,21,236.2,0.0
2023-03-01 22:00:00,22,,0.0
2023-03-01 23:00:00,23,,0.0
2023-03-02 00:00:00,0,,0.0
2023-03-02 01:00:00,1,,0.0
2023-03-02 02:00:00,2,,0.0
2023-03-02 03:00:00,3,,0.0
2023-03-02 04:00:00,4,,0.0
2023-03-02 05:00:00,5,,0.0
2023-03-02 06:00:00,6,,0.0
2023-03-02 07:00:00,7,,0.0
2023-03-02 08:00:00,8,,0.0
2023-03-02 09:00:00,9,,0.0
2023-03-02 10:00:00,10,121.7,0.0
2023-03-02 11:00:00,11,600.7,0.0
2023-03-02 12:00:00,12,1477.4,1.0
2023-03-02 13:00:00,13,1114.3,0.0
2023-03-02 14:00:00,14,2225.1,0.0
2023-03-02 15:00:00,15,2854.6,0.0
2023-03-02 16:00:00,16,2978.6,0.5
2023-03-02 17:00:00,17,2433.0,1.3
2023-03-02 18:00:00,18,2642.4,0.3
2023-03-02 19:00:00,19,1549.6,0.6
2023-03-02 20:00:00,20,746.7,0.2
2023-03-02 21:00:00,21,153.7,0.0
2023-03-02 22:00:00,22,,0.0
2023-03-02 23:00:00,23,,0.0
2023-03-03 00:00:00,0,,0.0
2023-03-03 01:00:00,1,,0.0
2023-03-03 02:00:00,2,,0.0
2023-03-03 03:00:00,3,,0.0
2023-03-03 04:00:00,4,,0.0
2023-03-03 05:00:00,5,,0.2
2023-03-03 06:00:00,6,,3.5
2023-03-03 07:00:00,7,,0.0
2023-03-03 08:00:00,8,,0.0
2023-03-03 09:00:00,9,,0.0
2023-03-03 10:00:00,10,115.1,0.0
2023-03-03 11:00:00,11,503.7,0.0
2023-03-03 12:00:00,12,1279.6,0.0
2023-03-03 13:00:00,13,1673.0,0.4
2023-03-03 14:00:00,14,1653.4,0.0
2023-03-03 15:00:00,15,2164.5,0.0
2023-03-03 16:00:00,16,2838.6,0.0
2023-03-03 17:00:00,17,2921.1,0.0
2023-03-03 18:00:00,18,2576.2,0.0
2023-03-03 19:00:00,19,1317.6,0.0
2023-03-03 20:00:00,20,316.6,0.0
2023-03-03 21:00:00,21,128.9,0.0
2023-03-03 22:00:00,22,1.4,0.0
2023-03-03 23:00:00,23,,0.0
2023-03-04 00:00:00,0,,0.0
2023-03-04 01:00:00,1,,0.0
2023-03-04 02:00:00,2,,2.4
2023-03-04 03:00:00,3,,0.0
2023-03-04 04:00:00,4,,0.0
2023-03-04 05:00:00,5,,0.0
2023-03-04 06:00:00,6,,0.0
2023-03-04 07:00:00,7,,0.0
2023-03-04 08:00:00,8,,0.0
2023-03-04 09:00:00,9,,0.0
2023-03-04 10:00:00,10,193.0,0.0
2023-03-04 11:00:00,11,736.6,0.0
2023-03-04 12:00:00,12,882.0,0.0
2023-03-04 13:00:00,13,1410.1,0.0
2023-03-04 14:00:00,14,1247.9,0.0
2023-03-04 15:00:00,15,1623.4,0.7
2023-03-04 16:00:00,16,2554.4,2.6
2023-03-04 17:00:00,17,2972.4,0.4
2023-03-04 18:00:00,18,1951.2,1.2
2023-03-04 19:00:00,19,1706.6,1.0
2023-03-04 20:00:00,20,735.6,0.0
2023-03-04 21:00:00,21,139.4,0.0
2023-03-04 22:00:00,22,0.1,0.0
2023-03-04 23:00:00,23,,0.0
2023-03-05 00:00:00,0,,0.0
2023-03-05 01:00:00,1,,0.0
2023-03-05 02:00:00,2,,0.0
2023-03-05 03:00:00,3,,0.0
2023-03-05 04:00:00,4,,0.4
2023-03-05 05:00:00,5,,0.0
2023-03-05 06:00:00,6,,0.0
2023-03-05 07:00:00,7,,0.0
2023-03-05 08:00:00,8,,0.0
2023-03-05 09:00:00,9,,0.0
2023-03-05 10:00:00,10,145.8,0.0
2023-03-05 11:00:00,11,904.2,0.0
2023-03-05 12:00:00,12,1459.6,1.4
2023-03-05 13:00:00,13,1408.9,2.1
2023-03-05 14:00:00,14,2362.7,1.6
2023-03-05 15:00:00,15,1967.0,0.8
2023-03-05 16:00:00,16,2300.3,0.7
2023-03-05 17:00:00,17,3054.6,1.5
2023-03-05 18:00:00,18,1463.6,1.2
2023-03-05 19:00:00,19,1616.5,0.5
2023-03-05 20:00:00,20,672.2,0.6
2023-03-05 21:00:00,21,81.9,1.2
2023-03-05 22:00:00,22,,1.3
2023-03-05 23:00:00,23,,1.7
2023-03-06 00:00:00,0,,0.0
2023-03-06 01:00:00,1,,0.0
2023-03-06 02:00:00,2,,0.0
2023-03-06 03:00:00,3,,0.6
2023-03-06 04:00:00,4,,2.1
2023-03-06 05:00:00,5,,0.0
2023-03-06 06:00:00,6,,0.0
2023-03-06 07:00:00,7,,0.0
2023-03-06 08:00:00,8,,0.0
2023-03-06 09:00:00,9,,0.0
2023-03-06 10:00:00,10,83.2,1.2
2023-03-06 11:00:00,11,319.8,1.6
2023-03-06 12:00:00,12,549.8,1.7
2023-03-06 13:00:00,13,1388.0,1.9
2023-03-06 14:00:00,14,1297.0,1.5
2023-03-06 15:00:00,15,2200.7,1.7
2023-03-06 16:00:00,16,1965.9,2.0
2023-03-06 17:00:00,17,2479.7,1.6
2023-03-06 18:00:00,18,2106.2,1.9
2023-03-06 19:00:00,19,1060.9,0.7
2023-03-06 20:00:00,20,710.3,1.5
2023-03-06 21:00:00,21,119.0,0.4
2023-03-06 22:00:00,22,,0.6
2023-03-06 23:00:00,23,,0.0
2023-03-07 00:00:00,0,,0.0
2023-03-07 01:00:00,1,,0.0
2023-03-07 02:00:00,2,,0.0
2023-03-07 03:00:00,3,,0.0
2023-03-07 04:00:00,4,,1.8
2023-03-07 05:00:00,5,,1.0
2023-03-07 06:00:00,6,,0.4
2023-03-07 07:00:00,7,,0.9
2023-03-07 08:00:00,8,,0.0
2023-03-07 09:00:00,9,,0.0
2023-03-07 10:00:00,10,80.6,0.0
2023-03-07 11:00:00,11,297.1,0.3
2023-03-07 12:00:00,12,1011.5,0.8
2023-03-07 13:00:00,13,1564.8,1.0
2023-03-07 14:00:00,14,2533.7,1.6
2023-03-07 15:00:00,15,2596.6,2.2
2023-03-07 16:00:00,16,2451.0,1.7
2023-03-07 17:00:00,17,2441.5,1.9
2023-03-07 18:00:00,18,1829.1,1.8
2023-03-07 19:00:00,19,1111.6,2.0
2023-03-07 20:00:00,20,606.4,1.0
2023-03-07 21:00:00,21,166.3,0.8
2023-03-07 22:00:00,22,,0.0
2023-03-07 23:00:00,23,,0.0
2023-03-08 00:00:00,0,,0.0
2023-03-08 01:00:00,1,,0.0
2023-03-08 02:00:00,2,,0.0
2023-03-08 03:00:00,3,,0.0
2023-03-08 04:00:00,4,,0.0
2023-03-08 05:00:00,5,,0.1
2023-03-08 06:00:00,6,,0.0
2023-03-08 07:00:00,7,,0.7
2023-03-08 08:00:00,8,,0.2
2023-03-08 09:00:00,9,,0.7
2023-03-08 10:00:00,10,132.9,0.0
2023-03-08 11:00:00,11,433.0,0.0
2023-03-08 12:00:00,12,1711.0,2.0
2023-03-08 13:00:00,13,2479.4,2.2
2023-03-08 14:00:00,14,3133.4,1.6
2023-03-08 15:00:00,15,2956.1,1.4
2023-03-08 16:00:00,16,2575.9,1.4
2023-03-08 17:00:00,17,1749.3,0.9
2023-03-08 18:00:00,18,1123.4,0.3
2023-03-08 19:00:00,19,584.8,0.1
2023-03-08 20:00:00,20,525.7,0.6
2023-03-08 21:00:00,21,160.4,1.2
2023-03-08 22:00:00,22,,0.8
2023-03-08 23:00:00,23,,1.8
2023-03-09 00:00:00,0,,0.0
2023-03-09 01:00:00,1,,0.0
2023-03-09 02:00:00,2,,0.5
2023-03-09 03:00:00,3,,0.2
2023-03-09 04:00:00,4,,0.2
2023-03-09 05:00:00,5,,0.0
2023-03-09 06:00:00,6,,0.8
2023-03-09 07:00:00,7,,1.5
2023-03-09 08:00:00,8,,0.8
2023-03-09 09:00:00,9,,0.3
2023-03-09 10:00:00,10,102.3,0.0
2023-03-09 11:00:00,11,884.1,1.1
2023-03-09 12:00:00,12,1621.2,1.3
2023-03-09 13:00:00,13,2681.4,1.7
2023-03-09 14:00:00,14,3281.8,1.3
2023-03-09 15:00:00,15,2510.4,3.5
2023-03-09 16:00:00,16,244.7,0.0
2023-03-09 17:00:00,17,604.4,0.0
2023-03-09 18:00:00,18,533.0,0.0
2023-03-09 19:00:00,19,673.9,0.0
2023-03-09 20:00:00,20,409.6,0.0
2023-03-09 21:00:00,21,123.6,0.0
2023-03-09 22:00:00,22,,0.0
2023-03-09 23:00:00,23,,0.0
2023-03-10 00:00:00,0,,0.0
2023-03-10 01:00:00,1,,0.0
2023-03-10 02:00:00,2,,0.0
2023-03-10 03:00:00,3,,0.0
2023-03-10 04:00:00,4,,0.0
2023-03-10 05:00:00,5,,0.0
2023-03-10 06:00:00,6,,0.0
2023-03-10 07:00:00,7,,0.0
2023-03-10 08:00:00,8,,0.0
2023-03-10 09:00:00,9,,0.0
2023-03-10 10:00:00,10,43.5,0.0
2023-03-10 11:00:00,11,177.3,0.0
2023-03-10 12:00:00,12,885.1,0.0
2023-03-10 13:00:00,13,905.1,0.0
2023-03-10 14:00:00,14,1976.1,0.0
2023-03-10 15:00:00,15,1815.3,0.0
2023-03-10 16:00:00,16,1652.6,0.0
2023-03-10 17:00:00,17,1414.2,2.1
2023-03-10 18:00:00,18,1167.5,0.0
2023-03-10 19:00:00,19,824.4,0.0
2023-03-10 20:00:00,20,342.1,0.0
2023-03-10 21:00:00,21,91.0,0.0
2023-03-10 22:00:00,22,,0.0
2023-03-10 23:00:00,23,,0.0
2023-03-11 00:00:00,0,,0.0
2023-03-11 01:00:00,1,,0.0
2023-03-11 02:00:00,2,,0.0
2023-03-11 03:00:00,3,,0.0
2023-03-11 04:00:00,4,,0.0
2023-03-11 05:00:00,5,,0.0
2023-03-11 06:00:00,6,,0.0
2023-03-11 07:00:00,7,,0.0
2023-03-11 08:00:00,8,,0.0
2023-03-11 09:00:00,9,,0.0
2023-03-11 10:00:00,10,109.3,0.0
2023-03-11 11:00:00,11,342.5,0.0
2023-03-11 12:00:00,12,758.5,0.0
2023-03-11 13:00:00,13,1852.9,0.0
2023-03-11 14:00:00,14,2415.3,0.0
2023-03-11 15:00:00,15,2204.0,0.9
2023-03-11 16:00:00,16,2189.0,1.3
2023-03-11 17:00:00,17,2787.5,1.4
2023-03-11 18:00:00,18,1171.0,0.2
2023-03-11 19:00:00,19,572.4,0.0
2023-03-11 20:00:00,20,282.2,0.0
2023-03-11 21:00:00,21,110.8,0.0
2023-03-11 22:00:00,22,,0.0
2023-03-11 23:00:00,23,,0.0
2023-03-12 00:00:00,0,,0.0
2023-03-12 01:00:00,1,,0.0
2023-03-12 02:00:00,2,,0.0
2023-03-12 03:00:00,3,,0.0
2023-03-12 04:00:00,4,,0.0
2023-03-12 05:00:00,5,,0.0
2023-03-12 06:00:00,6,,0.0
2023-03-12 07:00:00,7,,0.0
2023-03-12 08:00:00,8,,0.0
2023-03-12 09:00:00,9,,0.0
2023-03-12 10:00:00,10,63.1,0.0
2023-03-12 11:00:00,11,389.4,0.0
2023-03-12 12:00:00,12,1450.0,0.0
2023-03-12 13:00:00,13,1748.5,0.0
2023-03-12 14:00:00,14,1869.7,0.0
2023-03-12 15:00:00,15,1795.5,0.0
2023-03-12 16:00:00,16,1698.8,0.0
2023-03-12 17:00:00,17,2679.1,0.0
2023-03-12 18:00:00,18,2333.1,2.6
2023-03-12 19:00:00,19,605.7,0.0
2023-03-12 20:00:00,20,770.1,0.0
2023-03-12 21:00:00,21,136.1,0.0
2023-03-12 22:00:00,22,,0.0
2023-03-12 23:00:00,23,,0.0
2023-03-13 00:00:00,0,,0.0
2023-03-13 01:00:00,1,,0.0
2023-03-13 02:00:00,2,,0.0
2023-03-13 03:00:00,3,,0.0
2023-03-13 04:00:00,4,,0.0
2023-03-13 05:00:00,5,,0.5
2023-03-13 06:00:00,6,,0.0
2023-03-13 07:00:00,7,,0.2
2023-03-13 08:00:00,8,,0.0
2023-03-13 09:00:00,9,,0.3
2023-03-13 10:00:00,10,24.1,0.0
2023-03-13 11:00:00,11,200.5,0.0
2023-03-13 12:00:00,12,442.2,0.0
2023-03-13 13:00:00,13,909.7,0.0
2023-03-13 14:00:00,14,1365.8,0.0
2023-03-13 15:00:00,15,1663.9,0.0
2023-03-13 16:00:00,16,1229.6,0.0
2023-03-13 17:00:00,17,1254.6,0.0
2023-03-13 18:00:00,18,2544.9,0.0
2023-03-13 19:00:00,19,1006.0,0.0
2023-03-13 20:00:00,20,518.8,0.0
2023-03-13 21:00:00,21,79.5,0.7
2023-03-13 22:00:00,22,,0.0
2023-03-13 23:00:00,23,,0.0
2023-03-14 00:00:00,0,,0.0
2023-03-14 01:00:00,1,,0.0
2023-03-14 02:00:00,2,,0.0
2023-03-14 03:00:00,3,,0.0
2023-03-14 04:00:00,4,,0.0
2023-03-14 05:00:00,5,,0.0
2023-03-14 06:00:00,6,,0.0
2023-03-14 07:00:00,7,,0.0
2023-03-14 08:00:00,8,,0.0
2023-03-14 09:00:00,9,,0.0
2023-03-14 10:00:00,10,78.6,0.0
2023-03-14 11:00:00,11,267.9,0.0
2023-03-14 12:00:00,12,1070.6,0.0
2023-03-14 13:00:00,13,1704.8,0.0
2023-03-14 14:00:00,14,2480.4,0.0
2023-03-14 15:00:00,15,1809.2,0.0
2023-03-14 16:00:00,16,1943.9,0.0
2023-03-14 17:00:00,17,1940.4,1.7
2023-03-14 18:00:00,18,486.2,0.9
2023-03-14 19:00:00,19,380.2,0.8
2023-03-14 20:00:00,20,519.8,2.5
2023-03-14 21:00:00,21,32.4,0.1
2023-03-14 22:00:00,22,,1.6
2023-03-14 23:00:00,23,,0.9
2023-03-15 00:00:00,0,,0.3
2023-03-15 01:00:00,1,,0.0
2023-03-15 02:00:00,2,,0.4
2023-03-15 03:00:00,3,,0.0
2023-03-15 04:00:00,4,,0.0
2023-03-15 05:00:00,5,,0.9
2023-03-15 06:00:00,6,,1.2
2023-03-15 07:00:00,7,,0.3
2023-03-15 08:00:00,8,,0.0
2023-03-15 09:00:00,9,,1.2
2023-03-15 10:00:00,10,33.6,0.0
2023-03-15 11:00:00,11,216.8,0.8
2023-03-15 12:00:00,12,564.1,0.8
2023-03-15 13:00:00,13,1158.6,0.6
2023-03-15 14:00:00,14,1539.4,0.0
2023-03-15 15:00:00,15,1653.5,0.2
2023-03-15 16:00:00,16,1306.0,1.0
2023-03-15 17:00:00,17,1530.3,1.6
2023-03-15 18:00:00,18,1356.3,1.4
2023-03-15 19:00:00,19,516.2,1.2
2023-03-15 20:00:00,20,276.4,2.1
2023-03-15 21:00:00,21,69.6,1.1
2023-03-15 22:00:00,22,,0.5
2023-03-15 23:00:00,23,,0.1
2023-03-16 00:00:00,0,,0.0
2023-03-16 01:00:00,1,,0.0
2023-03-16 02:00:00,2,,0.0
2023-03-16 03:00:00,3,,0.0
2023-03-16 04:00:00,4,,0.0
2023-03-16 05:00:00,5,,0.0
2023-03-16 06:00:00,6,,0.0
2023-03-16 07:00:00,7,,0.0
2023-03-16 08:00:00,8,,0.0
2023-03-16 09:00:00,9,,0.0
2023-03-16 10:00:00,10,194.8,0.0
2023-03-16 11:00:00,11,815.4,0.0
2023-03-16 12:00:00,12,1741.3,0.0
2023-03-16 13:00:00,13,2570.7,0.3
2023-03-16 14:00:00,14,3063.4,1.0
2023-03-16 15:00:00,15,3493.2,1.3
2023-03-16 16:00:00,16,3347.8,1.3
2023-03-16 17:00:00,17,2773.8,2.1
2023-03-16 18:00:00,18,2723.7,1.6
2023-03-16 19:00:00,19,2133.8,3.2
2023-03-16 20:00:00,20,296.6,1.7
2023-03-16 21:00:00,21,32.7,2.3
2023-03-16 22:00:00,22,,1.3
2023-03-16 23:00:00,23,,0.0
2023-03-17 00:00:00,0,,0.0
2023-03-17 01:00:00,1,,0.0
2023-03-17 02:00:00,2,,0.0
2023-03-17 03:00:00,3,,0.0
2023-03-17 04:00:00,4,,0.0
2023-03-17 05:00:00,5,,0.0
2023-03-17 06:00:00,6,,2.3
2023-03-17 07:00:00,7,,0.0
2023-03-17 08:00:00,8,,0.0
2023-03-17 09:00:00,9,,0.0
2023-03-17 10:00:00,10,117.2,0.3
2023-03-17 11:00:00,11,570.8,0.3
2023-03-17 12:00:00,12,1253.5,0.9
2023-03-17 13:00:00,13,1008.5,2.5
2023-03-17 14:00:00,14,610.8,2.3
2023-03-17 15:00:00,15,955.2,3.3
2023-03-17 16:00:00,16,1717.7,2.5
2023-03-17 17:00:00,17,2016.1,0.7
2023-03-17 18:00:00,18,2310.3,1.3
2023-03-17 19:00:00,19,828.8,0.0
2023-03-17 20:00:00,20,549.3,0.0
2023-03-17 21:00:00,21,146.9,2.4
2023-03-17 22:00:00,22,,1.8
2023-03-17 23:00:00,23,,1.6
2023-03-18 00:00:00,0,,0.0
2023-03-18 01:00:00,1,,0.0
2023-03-18 02:00:00,2,,1.0
2023-03-18 03:00:00,3,,0.0
2023-03-18 04:00:00,4,,0.0
2023-03-18 05:00:00,5,,0.0
2023-03-18 06:00:00,6,,0.0
2023-03-18 07:00:00,7,,0.0
2023-03-18 08:00:00,8,,3.3
2023-03-18 09:00:00,9,,0.5
2023-03-18 10:00:00,10,148.4,0.9
2023-03-18 11:00:00,11,609.8,1.0
2023-03-18 12:00:00,12,1504.9,1.6
2023-03-18 13:00:00,13,2430.6,1.4
2023-03-18 14:00:00,14,2383.8,0.9
2023-03-18 15:00:00,15,2595.6,2.0
2023-03-18 16:00:00,16,2520.4,0.5
2023-03-18 17:00:00,17,2692.0,1.6
2023-03-18 18:00:00,18,1944.7,1.3
2023-03-18 19:00:00,19,1261.9,1.5
2023-03-18 20:00:00,20,1011.4,0.7
2023-03-18 21:00:00,21,75.1,0.7
2023-03-18 22:00:00,22,,0.0
2023-03-18 23:00:00,23,,1.5
2023-03-19 00:00:00,0,,0.1
2023-03-19 01:00:00,1,,0.0
2023-03-19 02:00:00,2,,0.6
2023-03-19 03:00:00,3,,0.0
2023-03-19 04:00:00,4,,0.0
2023-03-19 05:00:00,5,,0.0
2023-03-19 06:00:00,6,,0.7
2023-03-19 07:00:00,7,,0.1
2023-03-19 08:00:00,8,,0.1
2023-03-19 09:00:00,9,,0.0
2023-03-19 10:00:00,10,74.7,0.2
2023-03-19 11:00:00,11,464.5,0.0
2023-03-19 12:00:00,12,1863.2,1.2
2023-03-19 13:00:00,13,2643.1,0.4
2023-03-19 14:00:00,14,2044.8,0.5
2023-03-19 15:00:00,15,2244.8,0.6
2023-03-19 16:00:00,16,3592.9,0.5
2023-03-19 17:00:00,17,2769.4,2.7
2023-03-19 18:00:00,18,167.6,0.6
2023-03-19 19:00:00,19,307.4,0.0
2023-03-19 20:00:00,20,469.8,0.2
2023-03-19 21:00:00,21,196.5,0.5
2023-03-19 22:00:00,22,,0.1
2023-03-19 23:00:00,23,,0.0
2023-03-20 00:00:00,0,,0.1
2023-03-20 01:00:00,1,,0.0
2023-03-20 02:00:00,2,,0.4
2023-03-20 03:00:00,3,,1.2
2023-03-20 04:00:00,4,,1.0
2023-03-20 05:00:00,5,,0.4
2023-03-20 06:00:00,6,,0.2
2023-03-20 07:00:00,7,,0.0
2023-03-20 08:00:00,8,,0.0
2023-03-20 09:00:00,9,,1.2
2023-03-20 10:00:00,10,66.9,0.0
2023-03-20 11:00:00,11,226.6,0.0
2023-03-20 12:00:00,12,429.7,0.2
2023-03-20 13:00:00,13,909.3,0.9
2023-03-20 14:00:00,14,1978.3,1.0
2023-03-20 15:00:00,15,1232.1,4.2
2023-03-20 16:00:00,16,3353.2,3.3
2023-03-20 17:00:00,17,2136.0,1.8
2023-03-20 18:00:00,18,1418.8,1.1
2023-03-20 19:00:00,19,1021.0,0.8
2023-03-20 20:00:00,20,1035.0,0.4
2023-03-20 21:00:00,21,129.9,0.0
2023-03-20 22:00:00,22,,0.0
2023-03-20 23:00:00,23,,0.5
2023-03-21 00:00:00,0,,0.0
2023-03-21 01:00:00,1,,1.1
2023-03-21 02:00:00,2,,1.0
2023-03-21 03:00:00,3,,2.6
2023-03-21 04:00:00,4,,2.5
2023-03-21 05:00:00,5,,1.0
2023-03-21 06:00:00,6,,0.0
2023-03-21 07:00:00,7,,1.2
2023-03-21 08:00:00,8,,1.0
2023-03-21 09:00:00,9,,1.1
2023-03-21 10:00:00,10,132.0,1.3
2023-03-21 11:00:00,11,407.8,0.6
2023-03-21 12:00:00,12,812.0,2.2
2023-03-21 13:00:00,13,1396.2,2.2
2023-03-21 14:00:00,14,1849.7,1.7
2023-03-21 15:00:00,15,2090.7,1.9
2023-03-21 16:00:00,16,2912.3,2.5
2023-03-21 17:00:00,17,2681.0,1.3
2023-03-21 18:00:00,18,1179.4,2.6
2023-03-21 19:00:00,19,888.1,0.6
2023-03-21 20:00:00,20,187.2,1.1
2023-03-21 21:00:00,21,57.0,0.3
2023-03-21 22:00:00,22,,0.2
2023-03-21 23:00:00,23,,0.0
2023-03-22 00:00:00,0,,0.0
2023-03-22 01:00:00,1,,0.1
2023-03-22 02:00:00,2,,0.3
2023-03-22 03:00:00,3,,0.0
2023-03-22 04:00:00,4,,0.0
2023-03-22 05:00:00,5,,0.0
2023-03-22 06:00:00,6,,0.0
2023-03-22 07:00:00,7,,0.0
2023-03-22 08:00:00,8,,0.0
2023-03-22 09:00:00,9,,0.0
2023-03-22 10:00:00,10,75.1,0.0
2023-03-22 11:00:00,11,453.5,0.7
2023-03-22 12:00:00,12,661.6,1.1
2023-03-22 13:00:00,13,1043.5,1.7
2023-03-22 14:00:00,14,1567.0,1.4
2023-03-22 15:00:00,15,915.5,0.8
2023-03-22 16:00:00,16,1000.5,0.8
2023-03-22 17:00:00,17,1092.9,0.7
2023-03-22 18:00:00,18,1882.1,0.2
2023-03-22 19:00:00,19,1766.1,0.9
2023-03-22 20:00:00,20,1067.2,0.6
2023-03-22 21:00:00,21,65.1,0.8
2023-03-22 22:00:00,22,,0.0
2023-03-22 23:00:00,23,,1.6
2023-03-23 00:00:00,0,,0.0
2023-03-23 01:00:00,1,,0.0
2023-03-23 02:00:00,2,,0.0
2023-03-23 03:00:00,3,,0.0
2023-03-23 04:00:00,4,,0.0
2023-03-23 05:00:00,5,,0.0
2023-03-23 06:00:00,6,,0.0
2023-03-23 07:00:00,7,,0.0
2023-03-23 08:00:00,8,,0.0
2023-03-23 09:00:00,9,,0.0
2023-03-23 10:00:00,10,151.7,0.0
2023-03-23 11:00:00,11,1008.9,0.3
2023-03-23 12:00:00,12,1971.9,1.5
2023-03-23 13:00:00,13,2498.7,2.9
2023-03-23 14:00:00,14,2459.4,1.9
2023-03-23 15:00:00,15,1956.7,1.9
2023-03-23 16:00:00,16,2611.5,1.6
2023-03-23 17:00:00,17,2258.1,2.2
2023-03-23 18:00:00,18,967.0,1.9
2023-03-23 19:00:00,19,242.4,0.3
2023-03-23 20:00:00,20,223.9,0.1
2023-03-23 21:00:00,21,164.0,0.3
2023-03-23 22:00:00,22,,0.0
2023-03-23 23:00:00,23,,0.0
2023-03-24 00:00:00,0,,0.1
2023-03-24 01:00:00,1,,0.0
2023-03-24 02:00:00,2,,0.1
2023-03-24 03:00:00,3,,0.2
2023-03-24 04:00:00,4,,0.1
2023-03-24 05:00:00,5,,0.0
2023-03-24 06:00:00,6,,0.2
2023-03-24 07:00:00,7,,0.7
2023-03-24 08:00:00,8,,0.6
2023-03-24 09:00:00,9,,0.0
2023-03-24 10:00:00,10,71.9,0.5
2023-03-24 11:00:00,11,223.5,0.0
2023-03-24 12:00:00,12,584.3,0.0
2023-03-24 13:00:00,13,2254.7,0.6
2023-03-24 14:00:00,14,1747.1,0.4
2023-03-24 15:00:00,15,2457.8,1.8
2023-03-24 16:00:00,16,2385.7,1.7
2023-03-24 17:00:00,17,2569.5,1.5
2023-03-24 18:00:00,18,1753.2,2.0
2023-03-24 19:00:00,19,1576.0,2.2
2023-03-24 20:00:00,20,927.2,1.6
2023-03-24 21:00:00,21,62.3,0.0
2023-03-24 22:00:00,22,,0.0
2023-03-24 23:00:00,23,,0.0
2023-03-25 00:00:00,0,,1.9
2023-03-25 01:00:00,1,,1.5
2023-03-25 02:00:00,2,,0.0
2023-03-25 03:00:00,3,,0.0
2023-03-25 04:00:00,4,,0.0
2023-03-25 05:00:00,5,,0.0
2023-03-25 06:00:00,6,,0.0
2023-03-25 07:00:00,7,,0.0
2023-03-25 08:00:00,8,,0.0
2023-03-25 09:00:00,9,,0.0
2023-03-25 10:00:00,10,103.0,0.0
2023-03-25 11:00:00,11,412.2,1.0
2023-03-25 12:00:00,12,809.1,1.8
2023-03-25 13:00:00,13,1146.6,1.2
2023-03-25 14:00:00,14,2615.5,1.1
2023-03-25 15:00:00,15,2579.8,0.6
2023-03-25 16:00:00,16,2736.9,1.2
2023-03-25 17:00:00,17,1585.9,1.4
2023-03-25 18:00:00,18,1501.1,1.2
2023-03-25 19:00:00,19,1725.6,1.5
2023-03-25 20:00:00,20,1062.8,0.9
2023-03-25 21:00:00,21,74.7,1.2
2023-03-25 22:00:00,22,,1.3
2023-03-25 23:00:00,23,,0.0
2023-03-26 00:00:00,0,,0.0
2023-03-26 01:00:00,1,,0.0
2023-03-26 02:00:00,2,,0.0
2023-03-26 03:00:00,3,,0.0
2023-03-26 04:00:00,4,,0.2
2023-03-26 05:00:00,5,,0.9
2023-03-26 06:00:00,6,,2.4
2023-03-26 07:00:00,7,,1.3
2023-03-26 08:00:00,8,,0.0
2023-03-26 09:00:00,9,0.2,0.0
2023-03-26 10:00:00,10,126.3,0.0
2023-03-26 11:00:00,11,450.3,0.0
2023-03-26 12:00:00,12,396.5,0.1
2023-03-26 13:00:00,13,820.2,0.2
2023-03-26 14:00:00,14,2597.2,0.8
2023-03-26 15:00:00,15,2347.5,2.2
2023-03-26 16:00:00,16,3089.7,1.8
2023-03-26 17:00:00,17,2063.3,1.5
2023-03-26 18:00:00,18,2575.0,1.8
2023-03-26 19:00:00,19,354.6,1.1
2023-03-26 20:00:00,20,78.1,0.3
2023-03-26 21:00:00,21,14.8,0.0
2023-03-26 22:00:00,22,,0.0
2023-03-26 23:00:00,23,,0.0
2023-03-27 00:00:00,0,,0.0
2023-03-27 01:00:00,1,,0.0
2023-03-27 02:00:00,2,,0.0
2023-03-27 03:00:00,3,,0.0
2023-03-27 04:00:00,4,,0.0
2023-03-27 05:00:00,5,,1.5
2023-03-27 06:00:00,6,,0.9
2023-03-27 07:00:00,7,,0.0
2023-03-27 08:00:00,8,,0.0
2023-03-27 09:00:00,9,,0.0
2023-03-27 10:00:00,10,76.2,1.1
2023-03-27 11:00:00,11,364.1,0.0
2023-03-27 12:00:00,12,452.1,0.2
2023-03-27 13:00:00,13,503.4,0.0
2023-03-27 14:00:00,14,1303.6,1.2
2023-03-27 15:00:00,15,1942.1,0.9
2023-03-27 16:00:00,16,1584.0,1.0
2023-03-27 17:00:00,17,1740.4,0.6
2023-03-27 18:00:00,18,1300.4,0.4
2023-03-27 19:00:00,19,885.1,0.4
2023-03-27 20:00:00,20,575.6,1.7
2023-03-27 21:00:00,21,159.6,1.5
2023-03-27 22:00:00,22,,0.5
2023-03-27 23:00:00,23,,1.1
2023-03-28 00:00:00,0,,0.0
2023-03-28 01:00:00,1,,0.0
2023-03-28 02:00:00,2,,0.0
2023-03-28 03:00:00,3,,0.0
2023-03-28 04:00:00,4,,0.0
2023-03-28 05:00:00,5,,0.0
2023-03-28 06:00:00,6,,1.3
2023-03-28 07:00:00,7,,1.2
2023-03-28 08:00:00,8,,0.0
2023-03-28 09:00:00,9,,0.0
2023-03-28 10:00:00,10,147.4,0.0
2023-03-28 11:00:00,11,523.0,0.0
2023-03-28 12:00:00,12,716.7,0.0
2023-03-28 13:00:00,13,813.1,0.8
2023-03-28 14:00:00,14,1998.7,0.0
2023-03-28 15:00:00,15,2292.3,0.8
2023-03-28 16:00:00,16,2382.1,1.8
2023-03-28 17:00:00,17,1142.1,2.6
2023-03-28 18:00:00,18,736.9,0.2
2023-03-28 19:00:00,19,327.1,0.0
2023-03-28 20:00:00,20,247.8,0.0
2023-03-28 21:00:00,21,103.3,0.4
2023-03-28 22:00:00,22,,0.0
2023-03-28 23:00:00,23,,0.0
2023-03-29 00:00:00,0,,1.1
2023-03-29 01:00:00,1,,0.0
2023-03-29 02:00:00,2,,0.0
2023-03-29 03:00:00,3,,2.6
2023-03-29 04:00:00,4,,1.5
2023-03-29 05:00:00,5,,1.3
2023-03-29 06:00:00,6,,0.1
2023-03-29 07:00:00,7,,0.0
2023-03-29 08:00:00,8,,0.0
2023-03-29 09:00:00,9,,0.0
2023-03-29 10:00:00,10,243.9,0.0
2023-03-29 11:00:00,11,668.0,0.0
2023-03-29 12:00:00,12,1917.4,0.0
2023-03-29 13:00:00,13,1417.6,2.4
2023-03-29 14:00:00,14,1191.4,1.8
2023-03-29 15:00:00,15,1731.7,3.7
2023-03-29 16:00:00,16,2417.7,1.1
2023-03-29 17:00:00,17,2605.0,1.3
2023-03-29 18:00:00,18,1491.3,2.1
2023-03-29 19:00:00,19,948.7,0.5
2023-03-29 20:00:00,20,202.9,0.0
2023-03-29 21:00:00,21,70.5,1.5
2023-03-29 22:00:00,22,,1.9
2023-03-29 23:00:00,23,,0.0
2023-03-30 00:00:00,0,,0.0
2023-03-30 01:00:00,1,,0.0
2023-03-30 02:00:00,2,,0.5
2023-03-30 03:00:00,3,,0.0
2023-03-30 04:00:00,4,,0.0
2023-03-30 05:00:00,5,,0.0
2023-03-30 06:00:00,6,,0.0
2023-03-30 07:00:00,7,,0.0
2023-03-30 08:00:00,8,,0.0
2023-03-30 09:00:00,9,0.0,0.4
2023-03-30 10:00:00,10,81.6,0.0
2023-03-30 11:00:00,11,405.9,0.2
2023-03-30 12:00:00,12,1252.7,1.5
2023-03-30 13:00:00,13,1716.0,0.7
2023-03-30 14:00:00,14,1651.3,0.0
2023-03-30 15:00:00,15,1893.6,1.4
2023-03-30 16:00:00,16,2142.1,1.2
2023-03-30 17:00:00,17,2767.6,1.5
2023-03-30 18:00:00,18,741.0,0.0
2023-03-30 19:00:00,19,565.6,0.0
2023-03-30 20:00:00,20,903.9,0.0
2023-03-30 21:00:00,21,154.5,0.0
2023-03-30 22:00:00,22,,1.7
2023-03-30 23:00:00,23,,0.4
2023-03-31 00:00:00,0,,0.0
2023-03-31 01:00:00,1,,0.0
2023-03-31 02:00:00,2,,0.0
2023-03-31 03:00:00,3,,0.0
2023-03-31 04:00:00,4,,0.0
2023-03-31 05:00:00,5,,0.3
2023-03-31 06:00:00,6,,1.2
2023-03-31 07:00:00,7,,0.0
2023-03-31 08:00:00,8,,0.0
2023-03-31 09:00:00,9,,0.0
2023-03-31 10:00:00,10,141.8,0.0
2023-03-31 11:00:00,11,484.9,0.0
2023-03-31 12:00:00,12,836.1,0.1
2023-03-31 13:00:00,13,933.3,0.9
2023-03-31 14:00:00,14,2126.4,2.0
2023-03-31 15:00:00,15,2178.0,1.4
2023-03-31 16:00:00,16,1810.2,2.0
2023-03-31 17:00:00,17,1516.8,2.3
2023-03-31 18:00:00,18,1106.4,1.4
2023-03-31 19:00:00,19,1281.0,1.8
2023-03-31 20:00:00,20,1183.1,1.8
2023-03-31 21:00:00,21,186.5,0.6
2023-03-31 22:00:00,22,,0.0
2023-03-31 23:00:00,23,,0.0
2023-04-01 00:00:00,0,,0.0
2023-04-01 01:00:00,1,,0.0
2023-04-01 02:00:00,2,,0.0
2023-04-01 03:00:00,3,,1.2
2023-04-01 04:00:00,4,,2.5
2023-04-01 05:00:00,5,,2.2
2023-04-01 06:00:00,6,,0.8
2023-04-01 07:00:00,7,,0.1
2023-04-01 08:00:00,8,,0.0
2023-04-01 09:00:00,9,,0.0
2023-04-01 10:00:00,10,149.9,0.0
2023-04-01 11:00:00,11,497.7,0.0
2023-04-01 12:00:00,12,1262.8,0.0
2023-04-01 13:00:00,13,2177.1,0.0
2023-04-01 14:00:00,14,2370.6,0.0
2023-04-01 15:00:00,15,2581.2,1.4
2023-04-01 16:00:00,16,2677.5,1.2
2023-04-01 17:00:00,17,2104.1,1.6
2023-04-01 18:00:00,18,1783.3,0.7
2023-04-01 19:00:00,19,1027.4,1.7
2023-04-01 20:00:00,20,583.6,0.7
2023-04-01 21:00:00,21,122.4,0.1
2023-04-01 22:00:00,22,,0.0
2023-04-01 23:00:00,23,,1.9
2023-04-02 00:00:00,0,,2.6
2023-04-02 01:00:00,1,,1.7
2023-04-02 02:00:00,2,,1.2
2023-04-02 03:00:00,3,,0.7
2023-04-02 04:00:00,4,,0.0
2023-04-02 05:00:00,5,,0.0
2023-04-02 06:00:00,6,,0.0
2023-04-02 07:00:00,7,,0.0
2023-04-02 08:00:00,8,,0.0
2023-04-02 09:00:00,9,,0.0
2023-04-02 10:00:00,10,138.8,0.0
2023-04-02 11:00:00,11,350.7,0.0
2023-04-02 12:00:00,12,519.1,0.3
2023-04-02 13:00:00,13,1117.2,1.1
2023-04-02 14:00:00,14,2321.0,0.7
2023-04-02 15:00:00,15,2942.1,2.1
2023-04-02 16:00:00,16,2892.8,1.5
2023-04-02 17:00:00,17,2052.5,1.0
2023-04-02 18:00:00,18,1799.5,1.6
2023-04-02 19:00:00,19,1555.3,1.2
2023-04-02 20:00:00,20,1010.9,1.2
2023-04-02 21:00:00,21,136.1,0.4
2023-04-02 22:00:00,22,,0.4
2023-04-02 23:00:00,23,,2.3
2023-04-03 00:00:00,0,,0.8
2023-04-03 01:00:00,1,,3.0
2023-04-03 02:00:00,2,,4.2
2023-04-03 03:00:00,3,,1.4
2023-04-03 04:00:00,4,,0.6
2023-04-03 05:00:00,5,,0.0
2023-04-03 06:00:00,6,,0.0
2023-04-03 07:00:00,7,,0.0
2023-04-03 08:00:00,8,,0.0
2023-04-03 09:00:00,9,,0.0
2023-04-03 10:00:00,10,124.0,0.0
2023-04-03 11:00:00,11,389.1,0.0
2023-04-03 12:00:00,12,692.8,0.0
2023-04-03 13:00:00,13,1635.8,1.2
2023-04-03 14:00:00,14,1988.8,1.5
2023-04-03 15:00:00,15,2021.2,2.1
2023-04-03 16:00:00,16,2632.7,2.0
2023-04-03 17:00:00,17,2184.4,1.8
2023-04-03 18:00:00,18,1593.0,1.7
2023-04-03 19:00:00,19,1304.1,2.2
2023-04-03 20:00:00,20,1034.8,1.5
2023-04-03 21:00:00,21,235.0,0.2
2023-04-03 22:00:00,22,,0.1
2023-04-03 23:00:00,23,,4.2
2023-04-04 00:00:00,0,,2.4
2023-04-04 01:00:00,1,,0.7
2023-04-04 02:00:00,2,,0.0
2023-04-04 03:00:00,3,,0.0
2023-04-04 04:00:00,4,,0.8
2023-04-04 05:00:00,5,,1.6
2023-04-04 06:00:00,6,,0.8
2023-04-04 07:00:00,7,,0.0
2023-04-04 08:00:00,8,,0.0
2023-04-04 09:00:00,9,,0.0
2023-04-04 10:00:00,10,120.2,0.0
2023-04-04 11:00:00,11,474.1,0.0
2023-04-04 12:00:00,12,1598.7,1.2
2023-04-04 13:00:00,13,2458.0,1.7
2023-04-04 14:00:00,14,2750.1,1.7
2023-04-04 15:00:00,15,2642.4,1.4
2023-04-04 16:00:00,16,2476.7,2.8
2023-04-04 17:00:00,17,2521.5,2.4
2023-04-04 18:00:00,18,2159.6,3.2
2023-04-04 19:00:00,19,1893.6,2.8
2023-04-04 20:00:00,20,527.6,2.3
2023-04-04 21:00:00,21,25.5,0.3
2023-04-04 22:00:00,22,,0.0
2023-04-04 23:00:00,23,,0.0
2023-04-05 00:00:00,0,,0.0
2023-04-05 01:00:00,1,,0.0
2023-04-05 02:00:00,2,,0.0
2023-04-05 03:00:00,3,,0.0
2023-04-05 04:00:00,4,,0.0
2023-04-05 05:00:00,5,,0.0
2023-04-05 06:00:00,6,,0.0
2023-04-05 07:00:00,7,,0.0
2023-04-05 08:00:00,8,,0.0
2023-04-05 09:00:00,9,,0.0
2023-04-05 10:00:00,10,136.7,0.0
2023-04-05 11:00:00,11,414.8,0.0
2023-04-05 12:00:00,12,764.3,0.5
2023-04-05 13:00:00,13,1152.7,0.0
2023-04-05 14:00:00,14,1821.2,0.0
2023-04-05 15:00:00,15,1159.1,1.0
2023-04-05 16:00:00,16,933.2,0.9
2023-04-05 17:00:00,17,2784.8,0.7
2023-04-05 18:00:00,18,1955.1,1.8
2023-04-05 19:00:00,19,687.7,2.0
2023-04-05 20:00:00,20,95.4,1.0
2023-04-05 21:00:00,21,13.4,1.7
2023-04-05 22:00:00,22,,0.0
2023-04-05 23:00:00,23,,0.0
2023-04-06 00:00:00,0,,0.0
2023-04-06 01:00:00,1,,0.0
2023-04-06 02:00:00,2,,0.0
2023-04-06 03:00:00,3,,0.0
2023-04-06 04:00:00,4,,0.0
2023-04-06 05:00:00,5,,0.0
2023-04-06 06:00:00,6,,0.0
2023-04-06 07:00:00,7,,0.0
2023-04-06 08:00:00,8,,0.0
2023-04-06 09:00:00,9,,0.0
2023-04-06 10:00:00,10,108.1,0.0
2023-04-06 11:00:00,11,406.8,0.0
2023-04-06 12:00:00,12,830.8,0.0
2023-04-06 13:00:00,13,1377.1,0.0
2023-04-06 14:00:00,14,1986.9,0.0
2023-04-06 15:00:00,15,2538.2,1.2
2023-04-06 16:00:00,16,2761.6,2.6
2023-04-06 17:00:00,17,2037.9,0.0
2023-04-06 18:00:00,18,2047.7,2.1
2023-04-06 19:00:00,19,148.1,0.8
2023-04-06 20:00:00,20,53.9,0.0
2023-04-06 21:00:00,21,26.0,0.0
2023-04-06 22:00:00,22,,0.0
2023-04-06 23:00:00,23,,0.0
2023-04-07 00:00:00,0,,0.0
2023-04-07 01:00:00,1,,0.4
2023-04-07 02:00:00,2,,0.0
2023-04-07 03:00:00,3,,0.0
2023-04-07 04:00:00,4,,0.0
2023-04-07 05:00:00,5,,0.0
2023-04-07 06:00:00,6,,0.0
2023-04-07 07:00:00,7,,0.0
2023-04-07 08:00:00,8,,0.0
2023-04-07 09:00:00,9,0.2,0.0
2023-04-07 10:00:00,10,128.1,0.0
2023-04-07 11:00:00,11,654.6,0.0
2023-04-07 12:00:00,12,983.2,1.3
2023-04-07 13:00:00,13,1184.7,2.0
2023-04-07 14:00:00,14,2520.7,1.7
2023-04-07 15:00:00,15,1749.8,1.6
2023-04-07 16:00:00,16,2210.6,0.8
2023-04-07 17:00:00,17,1001.3,1.1
2023-04-07 18:00:00,18,893.4,1.2
2023-04-07 19:00:00,19,454.2,2.4
2023-04-07 20:00:00,20,273.2,0.0
2023-04-07 21:00:00,21,51.0,0.6
2023-04-07 22:00:00,22,,0.0
2023-04-07 23:00:00,23,,0.0
2023-04-08 00:00:00,0,,0.0
2023-04-08 01:00:00,1,,1.4
2023-04-08 02:00:00,2,,0.0
2023-04-08 03:00:00,3,,0.0
2023-04-08 04:00:00,4,,0.0
2023-04-08 05:00:00,5,,0.0
2023-04-08 06:00:00,6,,0.0
2023-04-08 07:00:00,7,,0.0
2023-04-08 08:00:00,8,,0.0
2023-04-08 09:00:00,9,0.2,0.0
2023-04-08 10:00:00,10,128.3,0.1
2023-04-08 11:00:00,11,360.5,0.0
2023-04-08 12:00:00,12,381.0,0.0
2023-04-08 13:00:00,13,891.0,1.0
2023-04-08 14:00:00,14,1587.8,1.2
2023-04-08 15:00:00,15,2621.8,1.2
2023-04-08 16:00:00,16,2971.8,1.7
2023-04-08 17:00:00,17,2493.3,0.9
2023-04-08 18:00:00,18,1820.6,0.8
2023-04-08 19:00:00,19,1134.2,1.2
2023-04-08 20:00:00,20,491.6,0.0
2023-04-08 21:00:00,21,121.8,2.0
2023-04-08 22:00:00,22,2.5,0.1
2023-04-08 23:00:00,23,,0.0
2023-04-09 00:00:00,0,,0.5
2023-04-09 01:00:00,1,,0.0
2023-04-09 02:00:00,2,,0.0
2023-04-09 03:00:00,3,0.0,2.2
2023-04-09 04:00:00,4,,1.8
2023-04-09 05:00:00,5,,0.5
2023-04-09 06:00:00,6,,0.2
2023-04-09 07:00:00,7,,0.3
2023-04-09 08:00:00,8,,1.6
2023-04-09 09:00:00,9,,0.1
2023-04-09 10:00:00,10,149.6,0.2
2023-04-09 11:00:00,11,460.5,2.5
2023-04-09 12:00:00,12,1710.6,3.1
2023-04-09 13:00:00,13,2110.4,2.1
2023-04-09 14:00:00,14,2834.2,2.1
2023-04-09 15:00:00,15,1851.7,1.2
2023-04-09 16:00:00,16,941.7,1.0
2023-04-09 17:00:00,17,1760.7,1.7
2023-04-09 18:00:00,18,2173.8,1.1
2023-04-09 19:00:00,19,1470.2,0.6
2023-04-09 20:00:00,20,1026.6,1.0
2023-04-09 21:00:00,21,82.7,0.4
2023-04-09 22:00:00,22,,0.0
2023-04-09 23:00:00,23,,1.6
2023-04-10 00:00:00,0,,0.7
2023-04-10 01:00:00,1,,0.6
2023-04-10 02:00:00,2,,0.1
2023-04-10 03:00:00,3,,0.0
2023-04-10 04:00:00,4,,0.3
2023-04-10 05:00:00,5,,0.1
2023-04-10 06:00:00,6,,1.0
2023-04-10 07:00:00,7,,0.2
2023-04-10 08:00:00,8,,0.0
2023-04-10 09:00:00,9,,0.0
2023-04-10 10:00:00,10,79.8,0.0
2023-04-10 11:00:00,11,219.3,0.8
2023-04-10 12:00:00,12,81.5,0.9
2023-04-10 13:00:00,13,65.1,0.3
2023-04-10 14:00:00,14,389.0,0.0
2023-04-10 15:00:00,15,916.1,0.4
2023-04-10 16:00:00,16,1279.3,1.3
2023-04-10 17:00:00,17,1694.9,0.8
2023-04-10 18:00:00,18,1478.4,2.1
2023-04-10 19:00:00,19,975.9,1.0
2023-04-10 20:00:00,20,805.1,0.4
2023-04-10 21:00:00,21,110.1,0.3
2023-04-10 22:00:00,22,,0.0
2023-04-10 23:00:00,23,,0.2
2023-04-11 00:00:00,0,,0.0
2023-04-11 01:00:00,1,,0.6
2023-04-11 02:00:00,2,,0.1
2023-04-11 03:00:00,3,,0.0
2023-04-11 04:00:00,4,,0.0
2023-04-11 05:00:00,5,,0.0
2023-04-11 06:00:00,6,,0.4
2023-04-11 07:00:00,7,,0.1
2023-04-11 08:00:00,8,,2.0
2023-04-11 09:00:00,9,,0.0
2023-04-11 10:00:00,10,60.9,1.3
2023-04-11 11:00:00,11,647.3,0.7
2023-04-11 12:00:00,12,1846.3,0.7
2023-04-11 13:00:00,13,2091.9,0.7
2023-04-11 14:00:00,14,2335.3,0.7
2023-04-11 15:00:00,15,1171.9,1.3
2023-04-11 16:00:00,16,1856.5,1.8
2023-04-11 17:00:00,17,692.6,2.3
2023-04-11 18:00:00,18,175.2,0.4
2023-04-11 19:00:00,19,514.8,0.6
2023-04-11 20:00:00,20,492.8,0.1
2023-04-11 21:00:00,21,92.7,0.2
2023-04-11 22:00:00,22,,0.8
2023-04-11 23:00:00,23,,0.0
2023-04-12 00:00:00,0,,0.0
2023-04-12 01:00:00,1,,0.0
2023-04-12 02:00:00,2,,0.0
2023-04-12 03:00:00,3,,0.0
2023-04-12 04:00:00,4,,0.0
2023-04-12 05:00:00,5,,0.0
2023-04-12 06:00:00,6,,0.0
2023-04-12 07:00:00,7,,0.0
2023-04-12 08:00:00,8,,1.1
2023-04-12 09:00:00,9,,0.5
2023-04-12 10:00:00,10,134.8,0.0
2023-04-12 11:00:00,11,799.0,0.9
2023-04-12 12:00:00,12,1620.2,1.0
2023-04-12 13:00:00,13,1957.6,0.8
2023-04-12 14:00:00,14,2808.0,1.8
2023-04-12 15:00:00,15,2874.6,2.2
2023-04-12 16:00:00,16,2751.2,2.1
2023-04-12 17:00:00,17,1066.2,1.2
2023-04-12 18:00:00,18,1502.6,2.1
2023-04-12 19:00:00,19,1121.7,1.0
2023-04-12 20:00:00,20,195.2,0.8
2023-04-12 21:00:00,21,33.4,0.0
2023-04-12 22:00:00,22,,0.7
2023-04-12 23:00:00,23,,0.0
2023-04-13 00:00:00,0,,0.0
2023-04-13 01:00:00,1,,0.3
2023-04-13 02:00:00,2,,0.5
2023-04-13 03:00:00,3,,0.0
2023-04-13 04:00:00,4,,0.0
2023-04-13 05:00:00,5,,0.2
2023-04-13 06:00:00,6,,0.0
2023-04-13 07:00:00,7,,0.3
2023-04-13 08:00:00,8,,0.8
2023-04-13 09:00:00,9,,0.8
2023-04-13 10:00:00,10,62.1,0.9
2023-04-13 11:00:00,11,274.2,0.0
2023-04-13 12:00:00,12,1054.5,0.7
2023-04-13 13:00:00,13,1920.8,1.0
2023-04-13 14:00:00,14,1627.2,1.8
2023-04-13 15:00:00,15,2295.3,2.1
2023-04-13 16:00:00,16,1405.4,2.3
2023-04-13 17:00:00,17,328.6,0.2
2023-04-13 18:00:00,18,492.9,0.0
2023-04-13 19:00:00,19,676.9,0.0
2023-04-13 20:00:00,20,236.9,0.4
2023-04-13 21:00:00,21,81.6,0.0
2023-04-13 22:00:00,22,,0.0
2023-04-13 23:00:00,23,,0.0
2023-04-14 00:00:00,0,,0.0
2023-04-14 01:00:00,1,,0.0
2023-04-14 02:00:00,2,,0.0
2023-04-14 03:00:00,3,,0.0
2023-04-14 04:00:00,4,,0.0
2023-04-14 05:00:00,5,,0.0
2023-04-14 06:00:00,6,,0.0
2023-04-14 07:00:00,7,,0.0
2023-04-14 08:00:00,8,0.1,0.8
2023-04-14 09:00:00,9,,0.0
2023-04-14 10:00:00,10,72.7,0.0
2023-04-14 11:00:00,11,409.7,0.3
2023-04-14 12:00:00,12,819.9,0.2
2023-04-14 13:00:00,13,1238.2,0.0
2023-04-14 14:00:00,14,1764.8,0.8
2023-04-14 15:00:00,15,2200.7,1.0
2023-04-14 16:00:00,16,2416.9,2.0
2023-04-14 17:00:00,17,2804.8,1.6
2023-04-14 18:00:00,18,2208.2,1.3
2023-04-14 19:00:00,19,1177.3,1.2
2023-04-14 20:00:00,20,689.3,0.8
2023-04-14 21:00:00,21,71.0,0.9
2023-04-14 22:00:00,22,,0.4
2023-04-14 23:00:00,23,,0.0
2023-04-15 00:00:00,0,,1.0
2023-04-15 01:00:00,1,,0.0
2023-04-15 02:00:00,2,,0.0
2023-04-15 03:00:00,3,,0.0
2023-04-15 04:00:00,4,,0.0
2023-04-15 05:00:00,5,,0.0
2023-04-15 06:00:00,6,,0.0
2023-04-15 07:00:00,7,,0.0
2023-04-15 08:00:00,8,,0.0
2023-04-15 09:00:00,9,0.1,0.0
2023-04-15 10:00:00,10,177.2,0.0
2023-04-15 11:00:00,11,447.4,0.1
2023-04-15 12:00:00,12,1620.9,0.5
2023-04-15 13:00:00,13,1901.4,1.3
2023-04-15 14:00:00,14,2386.4,1.8
2023-04-15 15:00:00,15,2381.2,1.9
2023-04-15 16:00:00,16,2870.3,3.8
2023-04-15 17:00:00,17,1017.7,1.9
2023-04-15 18:00:00,18,782.1,0.7
2023-04-15 19:00:00,19,530.8,1.2
2023-04-15 20:00:00,20,316.2,0.0
2023-04-15 21:00:00,21,43.1,0.0
2023-04-15 22:00:00,22,,0.0
2023-04-15 23:00:00,23,,0.0
2023-04-16 00:00:00,0,,0.0
2023-04-16 01:00:00,1,,0.0
2023-04-16 02:00:00,2,,0.3
2023-04-16 03:00:00,3,,0.0
2023-04-16 04:00:00,4,,1.2
2023-04-16 05:00:00,5,,0.7
2023-04-16 06:00:00,6,,2.4
2023-04-16 07:00:00,7,,1.9
2023-04-16 08:00:00,8,,1.2
2023-04-16 09:00:00,9,,1.5
2023-04-16 10:00:00,10,96.7,0.5
2023-04-16 11:00:00,11,294.7,0.0
2023-04-16 12:00:00,12,857.4,0.0
2023-04-16 13:00:00,13,2264.6,2.4
2023-04-16 14:00:00,14,2880.2,1.2
2023-04-16 15:00:00,15,2160.4,1.3
2023-04-16 16:00:00,16,2342.8,1.0
2023-04-16 17:00:00,17,1857.0,1.0
2023-04-16 18:00:00,18,1784.9,0.4
2023-04-16 19:00:00,19,863.3,0.0
2023-04-16 20:00:00,20,384.7,0.0
2023-04-16 21:00:00,21,102.6,0.0
2023-04-16 22:00:00,22,,0.1
2023-04-16 23:00:00,23,,0.8
2023-04-17 00:00:00,0,,0.0
2023-04-17 01:00:00,1,,0.0
2023-04-17 02:00:00,2,,0.0
2023-04-17 03:00:00,3,,0.0
2023-04-17 04:00:00,4,,0.0
2023-04-17 05:00:00,5,,2.9
2023-04-17 06:00:00,6,,1.3
2023-04-17 07:00:00,7,,0.5
2023-04-17 08:00:00,8,,0.0
2023-04-17 09:00:00,9,,0.0
2023-04-17 10:00:00,10,165.6,0.0
2023-04-17 11:00:00,11,843.5,0.0
2023-04-17 12:00:00,12,1596.3,0.5
2023-04-17 13:00:00,13,1580.4,0.0
2023-04-17 14:00:00,14,1706.6,0.2
2023-04-17 15:00:00,15,2413.6,0.7
2023-04-17 16:00:00,16,2220.7,1.7
2023-04-17 17:00:00,17,1947.7,1.7
2023-04-17 18:00:00,18,1635.8,1.7
2023-04-17 19:00:00,19,946.1,0.8
2023-04-17 20:00:00,20,1026.4,1.5
2023-04-17 21:00:00,21,147.9,1.1
2023-04-17 22:00:00,22,,0.1
2023-04-17 23:00:00,23,,0.6
2023-04-18 00:00:00,0,,0.3
2023-04-18 01:00:00,1,,0.0
2023-04-18 02:00:00,2,,0.5
2023-04-18 03:00:00,3,,0.0
2023-04-18 04:00:00,4,,0.0
2023-04-18 05:00:00,5,,0.0
2023-04-18 06:00:00,6,,0.0
2023-04-18 07:00:00,7,,0.0
2023-04-18 08:00:00,8,,0.2
2023-04-18 09:00:00,9,,0.1
2023-04-18 10:00:00,10,125.3,0.8
2023-04-18 11:00:00,11,537.5,0.4
2023-04-18 12:00:00,12,731.8,1.4
2023-04-18 13:00:00,13,1075.9,1.6
2023-04-18 14:00:00,14,1598.4,0.7
2023-04-18 15:00:00,15,2008.1,1.5
2023-04-18 16:00:00,16,1926.8,1.9
2023-04-18 17:00:00,17,1815.5,1.0
2023-04-18 18:00:00,18,1107.7,0.6
2023-04-18 19:00:00,19,541.4,0.6
2023-04-18 20:00:00,20,346.1,0.1
2023-04-18 21:00:00,21,61.1,0.0
2023-04-18 22:00:00,22,,0.0
2023-04-18 23:00:00,23,,0.0
2023-04-19 00:00:00,0,,1.0
2023-04-19 01:00:00,1,,1.7
2023-04-19 02:00:00,2,,2.3
2023-04-19 03:00:00,3,,0.4
2023-04-19 04:00:00,4,,0.6
2023-04-19 05:00:00,5,,1.4
2023-04-19 06:00:00,6,,0.0
2023-04-19 07:00:00,7,,0.0
2023-04-19 08:00:00,8,,0.0
2023-04-19 09:00:00,9,0.2,0.0
2023-04-19 10:00:00,10,111.5,0.0
2023-04-19 11:00:00,11,469.2,0.0
2023-04-19 12:00:00,12,722.6,0.0
2023-04-19 13:00:00,13,1697.1,0.6
2023-04-19 14:00:00,14,2048.3,1.1
2023-04-19 15:00:00,15,2016.9,0.3
2023-04-19 16:00:00,16,2409.3,1.2
2023-04-19 17:00:00,17,2365.9,1.8
2023-04-19 18:00:00,18,1076.2,1.0
2023-04-19 19:00:00,19,1071.2,0.4
2023-04-19 20:00:00,20,413.4,0.7
2023-04-19 21:00:00,21,75.9,1.4
2023-04-19 22:00:00,22,,1.3
2023-04-19 23:00:00,23,,1.5
2023-04-20 00:00:00,0,,1.0
2023-04-20 01:00:00,1,,0.8
2023-04-20 02:00:00,2,,0.0
2023-04-20 03:00:00,3,,0.0
2023-04-20 04:00:00,4,,0.0
2023-04-20 05:00:00,5,,0.0
2023-04-20 06:00:00,6,,0.1
2023-04-20 07:00:00,7,,0.0
2023-04-20 08:00:00,8,,0.1
2023-04-20 09:00:00,9,,0.0
2023-04-20 10:00:00,10,104.1,0.0
2023-04-20 11:00:00,11,414.0,0.0
2023-04-20 12:00:00,12,892.1,0.2
2023-04-20 13:00:00,13,2030.8,1.1
2023-04-20 14:00:00,14,2664.0,1.6
2023-04-20 15:00:00,15,2931.1,0.5
2023-04-20 16:00:00,16,2543.4,1.6
2023-04-20 17:00:00,17,1627.1,1.2
2023-04-20 18:00:00,18,1671.0,2.0
2023-04-20 19:00:00,19,1244.4,0.0
2023-04-20 20:00:00,20,930.9,0.1
2023-04-20 21:00:00,21,132.2,1.0
2023-04-20 22:00:00,22,,0.9
2023-04-20 23:00:00,23,,0.0
2023-04-21 00:00:00,0,,0.0
2023-04-21 01:00:00,1,,0.5
2023-04-21 02:00:00,2,,0.0
2023-04-21 03:00:00,3,,0.0
2023-04-21 04:00:00,4,,0.0
2023-04-21 05:00:00,5,,0.8
2023-04-21 06:00:00,6,,0.3
2023-04-21 07:00:00,7,,0.0
2023-04-21 08:00:00,8,,0.6
2023-04-21 09:00:00,9,,0.4
2023-04-21 10:00:00,10,127.5,0.0
2023-04-21 11:00:00,11,526.7,0.8
2023-04-21 12:00:00,12,651.5,1.2
2023-04-21 13:00:00,13,1236.9,1.8
2023-04-21 14:00:00,14,1467.0,2.0
2023-04-21 15:00:00,15,2336.7,1.4
2023-04-21 16:00:00,16,2175.5,0.8
2023-04-21 17:00:00,17,1807.3,2.0
2023-04-21 18:00:00,18,1849.4,2.5
2023-04-21 19:00:00,19,1427.1,2.0
2023-04-21 20:00:00,20,834.8,1.2
2023-04-21 21:00:00,21,123.7,1.3
2023-04-21 22:00:00,22,,1.5
2023-04-21 23:00:00,23,,0.1
2023-04-22 00:00:00,0,,0.3
2023-04-22 01:00:00,1,,0.0
2023-04-22 02:00:00,2,,0.0
2023-04-22 03:00:00,3,,0.0
2023-04-22 04:00:00,4,,0.0
2023-04-22 05:00:00,5,,0.0
2023-04-22 06:00:00,6,,0.0
2023-04-22 07:00:00,7,,0.0
2023-04-22 08:00:00,8,,0.1
2023-04-22 09:00:00,9,0.2,0.3
2023-04-22 10:00:00,10,130.3,0.1
2023-04-22 11:00:00,11,939.3,0.8
2023-04-22 12:00:00,12,1661.6,3.0
2023-04-22 13:00:00,13,2319.5,3.9
2023-04-22 14:00:00,14,2674.3,3.6
2023-04-22 15:00:00,15,2124.6,2.7
2023-04-22 16:00:00,16,2149.5,1.9
2023-04-22 17:00:00,17,2446.5,2.9
2023-04-22 18:00:00,18,1856.2,2.5
2023-04-22 19:00:00,19,1403.6,2.7
2023-04-22 20:00:00,20,810.8,1.5
2023-04-22 21:00:00,21,115.4,0.5
2023-04-22 22:00:00,22,,0.3
2023-04-22 23:00:00,23,,0.0
2023-04-23 00:00:00,0,,0.0
2023-04-23 01:00:00,1,,0.1
2023-04-23 02:00:00,2,,0.0
2023-04-23 03:00:00,3,,0.0
2023-04-23 04:00:00,4,,0.6
2023-04-23 05:00:00,5,,0.0
2023-04-23 06:00:00,6,,0.5
2023-04-23 07:00:00,7,,0.2
2023-04-23 08:00:00,8,,0.0
2023-04-23 09:00:00,9,,0.0
2023-04-23 10:00:00,10,107.9,0.0
2023-04-23 11:00:00,11,917.1,3.2
2023-04-23 12:00:00,12,1667.6,3.7
2023-04-23 13:00:00,13,2244.8,2.7
2023-04-23 14:00:00,14,2747.9,2.9
2023-04-23 15:00:00,15,2840.4,2.1
2023-04-23 16:00:00,16,2082.3,2.7
2023-04-23 17:00:00,17,2445.1,1.0
2023-04-23 18:00:00,18,1546.5,1.8
2023-04-23 19:00:00,19,936.3,1.5
2023-04-23 20:00:00,20,810.0,2.0
2023-04-23 21:00:00,21,33.8,0.9
2023-04-23 22:00:00,22,,1.3
2023-04-23 23:00:00,23,,1.6
2023-04-24 00:00:00,0,,1.4
2023-04-24 01:00:00,1,,0.0
2023-04-24 02:00:00,2,,0.0
2023-04-24 03:00:00,3,,0.0
2023-04-24 04:00:00,4,,0.0
2023-04-24 05:00:00,5,,0.0
2023-04-24 06:00:00,6,,0.0
2023-04-24 07:00:00,7,,0.0
2023-04-24 08:00:00,8,,0.0
2023-04-24 09:00:00,9,0.0,0.0
2023-04-24 10:00:00,10,221.7,0.0
2023-04-24 11:00:00,11,1085.7,0.0
2023-04-24 12:00:00,12,1677.0,0.9
2023-04-24 13:00:00,13,2272.3,2.6
2023-04-24 14:00:00,14,2770.6,2.5
2023-04-24 15:00:00,15,2713.6,2.4
2023-04-24 16:00:00,16,2608.4,2.2
2023-04-24 17:00:00,17,2431.0,1.0
2023-04-24 18:00:00,18,1372.8,1.9
2023-04-24 19:00:00,19,983.1,0.0
2023-04-24 20:00:00,20,357.5,0.0
2023-04-24 21:00:00,21,77.2,0.0
2023-04-24 22:00:00,22,,0.0
2023-04-24 23:00:00,23,,0.0
2023-04-25 00:00:00,0,,0.0
2023-04-25 01:00:00,1,,0.0
2023-04-25 02:00:00,2,,0.0
2023-04-25 03:00:00,3,,0.0
2023-04-25 04:00:00,4,,0.0
2023-04-25 05:00:00,5,,0.0
2023-04-25 06:00:00,6,,0.0
2023-04-25 07:00:00,7,,0.0
2023-04-25 08:00:00,8,,0.0
2023-04-25 09:00:00,9,2.5,0.0
2023-04-25 10:00:00,10,148.9,0.0
2023-04-25 11:00:00,11,525.3,0.9
2023-04-25 12:00:00,12,1757.6,3.4
2023-04-25 13:00:00,13,1782.4,2.4
2023-04-25 14:00:00,14,2315.8,2.4
2023-04-25 15:00:00,15,2514.9,2.6
2023-04-25 16:00:00,16,2512.1,1.7
2023-04-25 17:00:00,17,1934.5,1.1
2023-04-25 18:00:00,18,1586.7,0.2
2023-04-25 19:00:00,19,1093.8,0.8
2023-04-25 20:00:00,20,960.7,0.0
2023-04-25 21:00:00,21,133.5,0.0
2023-04-25 22:00:00,22,,0.0
2023-04-25 23:00:00,23,,0.0
2023-04-26 00:00:00,0,,0.0
2023-04-26 01:00:00,1,,0.0
2023-04-26 02:00:00,2,,0.0
2023-04-26 03:00:00,3,,0.0
2023-04-26 04:00:00,4,,0.0
2023-04-26 05:00:00,5,,0.0
2023-04-26 06:00:00,6,,0.0
2023-04-26 07:00:00,7,,0.0
2023-04-26 08:00:00,8,,0.0
2023-04-26 09:00:00,9,,0.0
2023-04-26 10:00:00,10,83.1,0.0
2023-04-26 11:00:00,11,886.7,0.2
2023-04-26 12:00:00,12,1681.3,2.8
2023-04-26 13:00:00,13,2234.4,2.0
2023-04-26 14:00:00,14,2707.6,2.0
2023-04-26 15:00:00,15,2825.2,2.2
2023-04-26 16:00:00,16,2213.7,0.0
2023-04-26 17:00:00,17,1632.9,0.0
2023-04-26 18:00:00,18,1720.4,0.0
2023-04-26 19:00:00,19,1315.8,0.0
2023-04-26 20:00:00,20,444.4,0.0
2023-04-26 21:00:00,21,87.3,0.0
2023-04-26 22:00:00,22,,0.0
2023-04-26 23:00:00,23,,0.0
2023-04-27 00:00:00,0,,0.0
2023-04-27 01:00:00,1,,0.0
2023-04-27 02:00:00,2,,0.0
2023-04-27 03:00:00,3,,0.0
2023-04-27 04:00:00,4,,0.0
2023-04-27 05:00:00,5,,0.0
2023-04-27 06:00:00,6,,0.0
2023-04-27 07:00:00,7,,0.0
2023-04-27 08:00:00,8,,0.0
2023-04-27 09:00:00,9,,0.0
2023-04-27 10:00:00,10,145.6,0.0
2023-04-27 11:00:00,11,519.4,0.0
2023-04-27 12:00:00,12,542.2,0.0
2023-04-27 13:00:00,13,410.6,0.0
2023-04-27 14:00:00,14,510.0,0.0
2023-04-27 15:00:00,15,590.6,0.0
2023-04-27 16:00:00,16,932.7,0.0
2023-04-27 17:00:00,17,1321.0,0.0
2023-04-27 18:00:00,18,1529.3,0.0
2023-04-27 19:00:00,19,977.5,0.0
2023-04-27 20:00:00,20,440.6,0.0
2023-04-27 21:00:00,21,47.3,0.0
2023-04-27 22:00:00,22,,0.0
2023-04-27 23:00:00,23,,0.0
2023-04-28 00:00:00,0,,0.0
2023-04-28 01:00:00,1,,0.0
2023-04-28 02:00:00,2,,0.0
2023-04-28 03:00:00,3,,0.0
2023-04-28 04:00:00,4,,0.0
2023-04-28 05:00:00,5,,0.0
2023-04-28 06:00:00,6,,0.0
2023-04-28 07:00:00,7,,0.0
2023-04-28 08:00:00,8,,0.0
2023-04-28 09:00:00,9,,0.0
2023-04-28 10:00:00,10,95.3,0.0
2023-04-28 11:00:00,11,376.7,0.0
2023-04-28 12:00:00,12,1374.8,0.0
2023-04-28 13:00:00,13,1830.4,0.0
2023-04-28 14:00:00,14,2625.9,0.0
2023-04-28 15:00:00,15,2476.6,0.0
2023-04-28 16:00:00,16,2633.6,0.0
2023-04-28 17:00:00,17,762.2,0.1
2023-04-28 18:00:00,18,1196.2,0.0
2023-04-28 19:00:00,19,1464.1,0.0
2023-04-28 20:00:00,20,685.8,0.0
2023-04-28 21:00:00,21,114.8,0.0
2023-04-28 22:00:00,22,,0.0
2023-04-28 23:00:00,23,,0.0
2023-04-29 00:00:00,0,,0.0
2023-04-29 01:00:00,1,,0.0
2023-04-29 02:00:00,2,,0.0
2023-04-29 03:00:00,3,,0.0
2023-04-29 04:00:00,4,,0.0
2023-04-29 05:00:00,5,,0.0
2023-04-29 06:00:00,6,,0.0
2023-04-29 07:00:00,7,,0.0
2023-04-29 08:00:00,8,,0.0
2023-04-29 09:00:00,9,,0.0
2023-04-29 10:00:00,10,129.7,0.0
2023-04-29 11:00:00,11,357.0,0.0
2023-04-29 12:00:00,12,754.4,0.1
2023-04-29 13:00:00,13,1046.5,0.0
2023-04-29 14:00:00,14,1652.2,0.0
2023-04-29 15:00:00,15,1669.7,0.0
2023-04-29 16:00:00,16,1877.7,0.0
2023-04-29 17:00:00,17,2174.9,0.0
2023-04-29 18:00:00,18,1404.3,0.0
2023-04-29 19:00:00,19,1148.8,0.0
2023-04-29 20:00:00,20,761.7,0.0
2023-04-29 21:00:00,21,73.7,0.0
2023-04-29 22:00:00,22,,0.0
2023-04-29 23:00:00,23,,0.0
2023-04-30 00:00:00,0,,0.0
2023-04-30 01:00:00,1,,0.0
2023-04-30 02:00:00,2,,0.0
2023-04-30 03:00:00,3,,0.0
2023-04-30 04:00:00,4,,0.0
2023-04-30 05:00:00,5,,0.0
2023-04-30 06:00:00,6,,0.0
2023-04-30 07:00:00,7,,0.0
2023-04-30 08:00:00,8,,0.0
2023-04-30 09:00:00,9,1.0,0.0
2023-04-30 10:00:00,10,114.3,0.0
2023-04-30 11:00:00,11,262.9,0.0
2023-04-30 12:00:00,12,646.7,0.0
2023-04-30 13:00:00,13,1297.0,0.0
2023-04-30 14:00:00,14,2411.5,0.0
2023-04-30 15:00:00,15,1833.0,0.0
2023-04-30 16:00:00,16,2142.4,0.0
2023-04-30 17:00:00,17,2344.1,1.0
2023-04-30 18:00:00,18,759.6,0.6
2023-04-30 19:00:00,19,558.6,0.0
2023-04-30 20:00:00,20,457.2,0.0
2023-04-30 21:00:00,21,74.0,0.0
2023-04-30 22:00:00,22,,0.0
2023-04-30 23:00:00,23,,0.0
2023-05-01 00:00:00,0,,0.0
2023-05-01 01:00:00,1,,0.0
2023-05-01 02:00:00,2,,0.0
2023-05-01 03:00:00,3,,0.0
2023-05-01 04:00:00,4,,0.0
2023-05-01 05:00:00,5,,0.0
2023-05-01 06:00:00,6,,0.0
2023-05-01 07:00:00,7,,0.0
2023-05-01 08:00:00,8,,0.0
2023-05-01 09:00:00,9,,0.0
2023-05-01 10:00:00,10,155.0,0.0
2023-05-01 11:00:00,11,571.5,0.0
2023-05-01 12:00:00,12,1152.2,0.0
2023-05-01 13:00:00,13,729.8,0.0
2023-05-01 14:00:00,14,1428.9,0.0
2023-05-01 15:00:00,15,1342.7,0.0
2023-05-01 16:00:00,16,655.4,1.8
2023-05-01 17:00:00,17,2561.5,3.0
2023-05-01 18:00:00,18,1543.0,2.9
2023-05-01 19:00:00,19,857.6,0.2
2023-05-01 20:00:00,20,324.0,0.4
2023-05-01 21:00:00,21,32.9,0.0
2023-05-01 22:00:00,22,,0.0
2023-05-01 23:00:00,23,,0.6
2023-05-02 00:00:00,0,,0.0
2023-05-02 01:00:00,1,,0.7
2023-05-02 02:00:00,2,,0.0
2023-05-02 03:00:00,3,,0.0
2023-05-02 04:00:00,4,,0.0
2023-05-02 05:00:00,5,,0.0
2023-05-02 06:00:00,6,,0.0
2023-05-02 07:00:00,7,,0.0
2023-05-02 08:00:00,8,,0.2
2023-05-02 09:00:00,9,1.5,0.2
2023-05-02 10:00:00,10,109.3,0.5
2023-05-02 11:00:00,11,530.8,0.0
2023-05-02 12:00:00,12,1507.1,1.0
2023-05-02 13:00:00,13,2091.3,1.3
2023-05-02 14:00:00,14,2686.4,2.0
2023-05-02 15:00:00,15,2714.8,1.1
2023-05-02 16:00:00,16,1717.3,0.6
2023-05-02 17:00:00,17,1360.2,0.7
2023-05-02 18:00:00,18,1494.7,1.8
2023-05-02 19:00:00,19,1187.8,1.5
2023-05-02 20:00:00,20,193.2,1.3
2023-05-02 21:00:00,21,28.0,1.1
2023-05-02 22:00:00,22,,1.4
2023-05-02 23:00:00,23,,0.3
2023-05-03 00:00:00,0,,1.3
2023-05-03 01:00:00,1,,0.6
2023-05-03 02:00:00,2,,0.9
2023-05-03 03:00:00,3,,0.0
2023-05-03 04:00:00,4,,0.8
2023-05-03 05:00:00,5,,0.0
2023-05-03 06:00:00,6,,0.0
2023-05-03 07:00:00,7,,0.0
2023-05-03 08:00:00,8,,0.1
2023-05-03 09:00:00,9,1.1,0.3
2023-05-03 10:00:00,10,128.1,0.0
2023-05-03 11:00:00,11,444.9,0.2
2023-05-03 12:00:00,12,1289.2,1.3
2023-05-03 13:00:00,13,1582.0,0.9
2023-05-03 14:00:00,14,1654.0,0.6
2023-05-03 15:00:00,15,1606.7,1.2
2023-05-03 16:00:00,16,1141.3,1.9
2023-05-03 17:00:00,17,1852.2,0.7
2023-05-03 18:00:00,18,720.7,1.8
2023-05-03 19:00:00,19,892.8,2.1
2023-05-03 20:00:00,20,745.0,0.7
2023-05-03 21:00:00,21,25.7,0.6
2023-05-03 22:00:00,22,,0.9
2023-05-03 23:00:00,23,,1.7
2023-05-04 00:00:00,0,,0.8
2023-05-04 01:00:00,1,,0.0
2023-05-04 02:00:00,2,,0.0
2023-05-04 03:00:00,3,,0.0
2023-05-04 04:00:00,4,,0.0
2023-05-04 05:00:00,5,,0.0
2023-05-04 06:00:00,6,,0.0
2023-05-04 07:00:00,7,,1.2
2023-05-04 08:00:00,8,,1.1
2023-05-04 09:00:00,9,,1.2
2023-05-04 10:00:00,10,37.7,1.0
2023-05-04 11:00:00,11,169.1,0.5
2023-05-04 12:00:00,12,240.4,0.0
2023-05-04 13:00:00,13,418.6,0.0
2023-05-04 14:00:00,14,1167.7,0.2
2023-05-04 15:00:00,15,2197.5,0.6
2023-05-04 16:00:00,16,1047.5,2.2
2023-05-04 17:00:00,17,835.3,0.9
2023-05-04 18:00:00,18,948.2,0.8
2023-05-04 19:00:00,19,915.3,0.9
2023-05-04 20:00:00,20,503.9,0.1
2023-05-04 21:00:00,21,37.9,0.4
2023-05-04 22:00:00,22,,0.4
2023-05-04 23:00:00,23,,0.1
2023-05-05 00:00:00,0,,0.4
2023-05-05 01:00:00,1,,0.1
2023-05-05 02:00:00,2,,0.0
2023-05-05 03:00:00,3,,0.6
2023-05-05 04:00:00,4,,0.0
2023-05-05 05:00:00,5,,0.8
2023-05-05 06:00:00,6,,0.0
2023-05-05 07:00:00,7,,0.0
2023-05-05 08:00:00,8,,0.0
2023-05-05 09:00:00,9,0.2,0.2
2023-05-05 10:00:00,10,92.6,0.4
2023-05-05 11:00:00,11,304.9,0.0
2023-05-05 12:00:00,12,622.5,0.2
2023-05-05 13:00:00,13,1033.1,0.2
2023-05-05 14:00:00,14,1967.9,1.5
2023-05-05 15:00:00,15,2166.5,2.5
2023-05-05 16:00:00,16,2597.6,2.3
2023-05-05 17:00:00,17,2346.2,2.0
2023-05-05 18:00:00,18,1388.3,1.5
2023-05-05 19:00:00,19,1100.7,0.9
2023-05-05 20:00:00,20,378.7,0.5
2023-05-05 21:00:00,21,63.6,4.1
2023-05-05 22:00:00,22,,1.2
2023-05-05 23:00:00,23,,0.5
2023-05-06 00:00:00,0,,0.9
2023-05-06 01:00:00,1,,0.0
2023-05-06 02:00:00,2,,0.0
2023-05-06 03:00:00,3,,0.0
2023-05-06 04:00:00,4,,0.0
2023-05-06 05:00:00,5,,0.0
2023-05-06 06:00:00,6,,0.1
2023-05-06 07:00:00,7,,0.5
2023-05-06 08:00:00,8,,0.1
2023-05-06 09:00:00,9,0.3,0.0
2023-05-06 10:00:00,10,102.9,0.0
2023-05-06 11:00:00,11,540.3,0.0
2023-05-06 12:00:00,12,1283.9,2.9
2023-05-06 13:00:00,13,1925.7,1.7
2023-05-06 14:00:00,14,2103.5,2.4
2023-05-06 15:00:00,15,1920.0,2.1
2023-05-06 16:00:00,16,1710.3,2.5
2023-05-06 17:00:00,17,1425.0,2.1
2023-05-06 18:00:00,18,1303.0,1.8
2023-05-06 19:00:00,19,1148.7,1.8
2023-05-06 20:00:00,20,698.5,1.9
2023-05-06 21:00:00,21,18.1,1.2
2023-05-06 22:00:00,22,,0.0
2023-05-06 23:00:00,23,,0.7
2023-05-07 00:00:00,0,,0.0
2023-05-07 01:00:00,1,,0.0
2023-05-07 02:00:00,2,,0.0
2023-05-07 03:00:00,3,,0.0
2023-05-07 04:00:00,4,,0.0
2023-05-07 05:00:00,5,,0.0
2023-05-07 06:00:00,6,,0.0
2023-05-07 07:00:00,7,,0.0
2023-05-07 08:00:00,8,,0.0
2023-05-07 09:00:00,9,0.0,0.0
2023-05-07 10:00:00,10,154.5,0.0
2023-05-07 11:00:00,11,609.8,0.0
2023-05-07 12:00:00,12,1700.9,2.5
2023-05-07 13:00:00,13,1404.1,2.2
2023-05-07 14:00:00,14,1171.8,1.8
2023-05-07 15:00:00,15,1880.4,1.5
2023-05-07 16:00:00,16,1424.8,1.8
2023-05-07 17:00:00,17,1520.7,2.0
2023-05-07 18:00:00,18,1264.7,1.3
2023-05-07 19:00:00,19,708.0,0.9
2023-05-07 20:00:00,20,588.9,1.2
2023-05-07 21:00:00,21,49.5,0.8
2023-05-07 22:00:00,22,,0.0
2023-05-07 23:00:00,23,,0.0
2023-05-08 00:00:00,0,,0.3
2023-05-08 01:00:00,1,,0.9
2023-05-08 02:00:00,2,,0.3
2023-05-08 03:00:00,3,,0.0
2023-05-08 04:00:00,4,,0.6
2023-05-08 05:00:00,5,,0.2
2023-05-08 06:00:00,6,,0.0
2023-05-08 07:00:00,7,,0.1
2023-05-08 08:00:00,8,,0.0
2023-05-08 09:00:00,9,,0.0
2023-05-08 10:00:00,10,110.1,0.3
2023-05-08 11:00:00,11,631.4,0.5
2023-05-08 12:00:00,12,1566.5,2.2
2023-05-08 13:00:00,13,2129.4,1.8
2023-05-08 14:00:00,14,2544.1,2.1
2023-05-08 15:00:00,15,2556.5,2.1
2023-05-08 16:00:00,16,2245.5,2.5
2023-05-08 17:00:00,17,2002.2,2.0
2023-05-08 18:00:00,18,1508.5,1.1
2023-05-08 19:00:00,19,778.8,1.2
2023-05-08 20:00:00,20,707.9,0.7
2023-05-08 21:00:00,21,72.2,1.1
2023-05-08 22:00:00,22,,0.5
2023-05-08 23:00:00,23,,0.5
2023-05-09 00:00:00,0,,0.0
2023-05-09 01:00:00,1,,0.3
2023-05-09 02:00:00,2,,0.0
2023-05-09 03:00:00,3,,0.1
2023-05-09 04:00:00,4,,0.0
2023-05-09 05:00:00,5,,0.2
2023-05-09 06:00:00,6,,1.1
2023-05-09 07:00:00,7,,0.0
2023-05-09 08:00:00,8,,0.0
2023-05-09 09:00:00,9,,0.0
2023-05-09 10:00:00,10,89.9,0.1
2023-05-09 11:00:00,11,582.2,0.1
2023-05-09 12:00:00,12,1564.3,0.4
2023-05-09 13:00:00,13,2071.9,1.6
2023-05-09 14:00:00,14,2343.6,1.8
2023-05-09 15:00:00,15,1992.8,1.7
2023-05-09 16:00:00,16,2336.9,1.8
2023-05-09 17:00:00,17,1699.7,1.3
2023-05-09 18:00:00,18,1495.7,2.2
2023-05-09 19:00:00,19,1384.3,2.3
2023-05-09 20:00:00,20,753.3,2.1
2023-05-09 21:00:00,21,45.9,0.6
2023-05-09 22:00:00,22,,0.0
2023-05-09 23:00:00,23,,0.0
2023-05-10 00:00:00,0,,0.1
2023-05-10 01:00:00,1,,0.0
2023-05-10 02:00:00,2,,0.0
2023-05-10 03:00:00,3,,0.3
2023-05-10 04:00:00,4,,0.0
2023-05-10 05:00:00,5,,0.1
2023-05-10 06:00:00,6,,0.2
2023-05-10 07:00:00,7,,0.0
2023-05-10 08:00:00,8,,0.4
2023-05-10 09:00:00,9,,0.0
2023-05-10 10:00:00,10,69.6,0.3
2023-05-10 11:00:00,11,483.2,1.3
2023-05-10 12:00:00,12,1534.0,0.8
2023-05-10 13:00:00,13,2045.7,1.4
2023-05-10 14:00:00,14,2501.8,1.0
2023-05-10 15:00:00,15,1908.9,1.5
2023-05-10 16:00:00,16,2150.0,1.3
2023-05-10 17:00:00,17,1711.1,1.3
2023-05-10 18:00:00,18,1849.2,0.9
2023-05-10 19:00:00,19,1141.8,2.0
2023-05-10 20:00:00,20,440.0,1.4
2023-05-10 21:00:00,21,69.7,1.8
2023-05-10 22:00:00,22,,0.6
2023-05-10 23:00:00,23,,0.0
2023-05-11 00:00:00,0,,0.0
2023-05-11 01:00:00,1,,0.0
2023-05-11 02:00:00,2,,0.0
2023-05-11 03:00:00,3,,0.0
2023-05-11 04:00:00,4,,0.0
2023-05-11 05:00:00,5,,0.0
2023-05-11 06:00:00,6,,0.0
2023-05-11 07:00:00,7,,0.0
2023-05-11 08:00:00,8,,0.0
2023-05-11 09:00:00,9,1.0,0.2
2023-05-11 10:00:00,10,62.8,0.1
2023-05-11 11:00:00,11,325.4,0.0
2023-05-11 12:00:00,12,742.2,1.4
2023-05-11 13:00:00,13,1075.9,1.5
2023-05-11 14:00:00,14,1417.5,0.1
2023-05-11 15:00:00,15,1720.5,1.3
2023-05-11 16:00:00,16,1033.2,0.9
2023-05-11 17:00:00,17,2107.1,2.3
2023-05-11 18:00:00,18,1931.1,2.2
2023-05-11 19:00:00,19,1399.4,2.0
2023-05-11 20:00:00,20,650.8,1.3
2023-05-11 21:00:00,21,46.7,0.5
2023-05-11 22:00:00,22,,0.0
2023-05-11 23:00:00,23,,0.0
2023-05-12 00:00:00,0,,0.7
2023-05-12 01:00:00,1,,0.0
2023-05-12 02:00:00,2,,0.9
2023-05-12 03:00:00,3,,0.0
2023-05-12 04:00:00,4,,0.4
2023-05-12 05:00:00,5,,1.3
2023-05-12 06:00:00,6,,1.1
2023-05-12 07:00:00,7,,0.5
2023-05-12 08:00:00,8,,0.9
2023-05-12 09:00:00,9,1.0,0.1
2023-05-12 10:00:00,10,161.2,0.0
2023-05-12 11:00:00,11,605.2,0.0
2023-05-12 12:00:00,12,1544.6,0.5
2023-05-12 13:00:00,13,2258.2,0.8
2023-05-12 14:00:00,14,1183.3,1.5
2023-05-12 15:00:00,15,1859.2,0.9
2023-05-12 16:00:00,16,2292.4,2.0
2023-05-12 17:00:00,17,2209.6,0.9
2023-05-12 18:00:00,18,1300.5,0.6
2023-05-12 19:00:00,19,1328.9,1.0
2023-05-12 20:00:00,20,721.3,1.6
2023-05-12 21:00:00,21,55.1,1.3
2023-05-12 22:00:00,22,,1.0
2023-05-12 23:00:00,23,,0.7
2023-05-13 00:00:00,0,,0.2
2023-05-13 01:00:00,1,,0.0
2023-05-13 02:00:00,2,,0.1
2023-05-13 03:00:00,3,,0.0
2023-05-13 04:00:00,4,,0.7
2023-05-13 05:00:00,5,,0.0
2023-05-13 06:00:00,6,,0.0
2023-05-13 07:00:00,7,,0.0
2023-05-13 08:00:00,8,,1.9
2023-05-13 09:00:00,9,,0.8
2023-05-13 10:00:00,10,120.1,0.1
2023-05-13 11:00:00,11,470.2,0.2
2023-05-13 12:00:00,12,1100.3,1.5
2023-05-13 13:00:00,13,1303.3,1.9
2023-05-13 14:00:00,14,1844.9,2.2
2023-05-13 15:00:00,15,1367.4,1.5
2023-05-13 16:00:00,16,1730.8,0.7
2023-05-13 17:00:00,17,1532.5,1.4
2023-05-13 18:00:00,18,1730.1,0.9
2023-05-13 19:00:00,19,933.7,0.7
2023-05-13 20:00:00,20,481.8,0.2
2023-05-13 21:00:00,21,44.0,0.0
2023-05-13 22:00:00,22,,0.7
2023-05-13 23:00:00,23,,1.0
2023-05-14 00:00:00,0,,0.1
2023-05-14 01:00:00,1,,1.5
2023-05-14 02:00:00,2,,0.0
2023-05-14 03:00:00,3,,1.8
2023-05-14 04:00:00,4,,1.2
2023-05-14 05:00:00,5,,0.0
2023-05-14 06:00:00,6,,0.5
2023-05-14 07:00:00,7,,1.5
2023-05-14 08:00:00,8,,0.1
2023-05-14 09:00:00,9,,1.5
2023-05-14 10:00:00,10,63.9,1.3
2023-05-14 11:00:00,11,395.2,1.5
2023-05-14 12:00:00,12,553.9,2.2
2023-05-14 13:00:00,13,828.0,1.5
2023-05-14 14:00:00,14,1977.5,1.6
2023-05-14 15:00:00,15,1661.6,2.1
2023-05-14 16:00:00,16,1818.3,1.8
2023-05-14 17:00:00,17,1672.4,1.5
2023-05-14 18:00:00,18,1146.8,2.7
2023-05-14 19:00:00,19,1191.0,3.3
2023-05-14 20:00:00,20,616.7,2.7
2023-05-14 21:00:00,21,45.7,1.8
2023-05-14 22:00:00,22,,1.0
2023-05-14 23:00:00,23,,0.0
2023-05-15 00:00:00,0,,0.0
2023-05-15 01:00:00,1,,0.0
2023-05-15 02:00:00,2,,0.0
2023-05-15 03:00:00,3,,0.0
2023-05-15 04:00:00,4,,0.0
2023-05-15 05:00:00,5,,0.0
2023-05-15 06:00:00,6,,0.0
2023-05-15 07:00:00,7,,0.0
2023-05-15 08:00:00,8,,0.0
2023-05-15 09:00:00,9,,0.0
2023-05-15 10:00:00,10,98.8,0.0
2023-05-15 11:00:00,11,329.4,0.0
2023-05-15 12:00:00,12,1166.6,0.8
2023-05-15 13:00:00,13,1682.3,0.9
2023-05-15 14:00:00,14,1818.4,2.2
2023-05-15 15:00:00,15,1816.5,2.3
2023-05-15 16:00:00,16,1322.4,2.2
2023-05-15 17:00:00,17,1463.4,1.1
2023-05-15 18:00:00,18,578.4,0.0
2023-05-15 19:00:00,19,459.3,1.0
2023-05-15 20:00:00,20,275.5,1.3
2023-05-15 21:00:00,21,33.3,0.0
2023-05-15 22:00:00,22,,0.0
2023-05-15 23:00:00,23,,0.0
2023-05-16 00:00:00,0,,0.0
2023-05-16 01:00:00,1,,0.0
2023-05-16 02:00:00,2,,0.0
2023-05-16 03:00:00,3,,0.0
2023-05-16 04:00:00,4,,0.0
2023-05-16 05:00:00,5,,0.0
2023-05-16 06:00:00,6,,0.0
2023-05-16 07:00:00,7,,0.0
2023-05-16 08:00:00,8,,0.0
2023-05-16 09:00:00,9,,0.0
2023-05-16 10:00:00,10,93.2,0.0
2023-05-16 11:00:00,11,335.4,0.0
2023-05-16 12:00:00,12,947.7,0.0
2023-05-16 13:00:00,13,1540.3,0.0
2023-05-16 14:00:00,14,1596.6,1.7
2023-05-16 15:00:00,15,2194.6,2.2
2023-05-16 16:00:00,16,994.6,1.8
2023-05-16 17:00:00,17,610.8,1.6
2023-05-16 18:00:00,18,724.4,0.3
2023-05-16 19:00:00,19,690.9,0.3
2023-05-16 20:00:00,20,220.3,0.1
2023-05-16 21:00:00,21,32.4,1.5
2023-05-16 22:00:00,22,,1.2
2023-05-16 23:00:00,23,,0.0
2023-05-17 00:00:00,0,,0.0
2023-05-17 01:00:00,1,,0.0
2023-05-17 02:00:00,2,,0.7
2023-05-17 03:00:00,3,,0.0
2023-05-17 04:00:00,4,,0.0
2023-05-17 05:00:00,5,,0.0
2023-05-17 06:00:00,6,,0.0
2023-05-17 07:00:00,7,,0.0
2023-05-17 08:00:00,8,,0.0
2023-05-17 09:00:00,9,,0.1
2023-05-17 10:00:00,10,71.9,0.6
2023-05-17 11:00:00,11,424.6,0.5
2023-05-17 12:00:00,12,1226.4,0.3
2023-05-17 13:00:00,13,1802.8,1.0
2023-05-17 14:00:00,14,1640.7,0.9
2023-05-17 15:00:00,15,1613.4,2.0
2023-05-17 16:00:00,16,1482.5,1.5
2023-05-17 17:00:00,17,1717.7,1.4
2023-05-17 18:00:00,18,1121.8,1.8
2023-05-17 19:00:00,19,779.3,1.7
2023-05-17 20:00:00,20,344.8,1.2
2023-05-17 21:00:00,21,40.5,0.6
2023-05-17 22:00:00,22,,1.5
2023-05-17 23:00:00,23,,0.0
2023-05-18 00:00:00,0,,0.0
2023-05-18 01:00:00,1,,0.3
2023-05-18 02:00:00,2,,0.2
2023-05-18 03:00:00,3,,1.1
2023-05-18 04:00:00,4,,0.0
2023-05-18 05:00:00,5,,0.0
2023-05-18 06:00:00,6,,0.0
2023-05-18 07:00:00,7,,0.5
2023-05-18 08:00:00,8,,0.3
2023-05-18 09:00:00,9,,0.0
2023-05-18 10:00:00,10,100.8,0.2
2023-05-18 11:00:00,11,234.2,0.0
2023-05-18 12:00:00,12,510.6,0.2
2023-05-18 13:00:00,13,860.8,0.2
2023-05-18 14:00:00,14,485.2,2.2
2023-05-18 15:00:00,15,875.8,1.2
2023-05-18 16:00:00,16,1306.5,1.6
2023-05-18 17:00:00,17,527.6,0.4
2023-05-18 18:00:00,18,480.3,1.2
2023-05-18 19:00:00,19,323.0,0.2
2023-05-18 20:00:00,20,68.5,1.2
2023-05-18 21:00:00,21,14.0,0.6
2023-05-18 22:00:00,22,,0.5
2023-05-18 23:00:00,23,,1.1
2023-05-19 00:00:00,0,,1.5
2023-05-19 01:00:00,1,,0.1
2023-05-19 02:00:00,2,,0.2
2023-05-19 03:00:00,3,,0.0
2023-05-19 04:00:00,4,,0.2
2023-05-19 05:00:00,5,,0.0
2023-05-19 06:00:00,6,,0.6
2023-05-19 07:00:00,7,,0.0
2023-05-19 08:00:00,8,,0.4
2023-05-19 09:00:00,9,,0.0
2023-05-19 10:00:00,10,37.4,0.2
2023-05-19 11:00:00,11,308.6,0.0
2023-05-19 12:00:00,12,1353.7,2.1
2023-05-19 13:00:00,13,1962.5,2.4
2023-05-19 14:00:00,14,2151.6,3.1
2023-05-19 15:00:00,15,1673.8,1.7
2023-05-19 16:00:00,16,2281.0,1.5
2023-05-19 17:00:00,17,1772.4,1.5
2023-05-19 18:00:00,18,1554.9,1.5
2023-05-19 19:00:00,19,1077.3,2.0
2023-05-19 20:00:00,20,548.9,1.2
2023-05-19 21:00:00,21,35.9,0.6
2023-05-19 22:00:00,22,,0.0
2023-05-19 23:00:00,23,,0.0
2023-05-20 00:00:00,0,,0.1
2023-05-20 01:00:00,1,,1.2
2023-05-20 02:00:00,2,,0.0
2023-05-20 03:00:00,3,,0.0
2023-05-20 04:00:00,4,,0.5
2023-05-20 05:00:00,5,,0.0
2023-05-20 06:00:00,6,,0.0
2023-05-20 07:00:00,7,,0.0
2023-05-20 08:00:00,8,,0.0
2023-05-20 09:00:00,9,,0.0
2023-05-20 10:00:00,10,119.4,0.9
2023-05-20 11:00:00,11,295.0,0.0
2023-05-20 12:00:00,12,1118.0,1.8
2023-05-20 13:00:00,13,1380.5,1.5
2023-05-20 14:00:00,14,1660.1,2.2
2023-05-20 15:00:00,15,1858.6,1.6
2023-05-20 16:00:00,16,1731.9,2.0
2023-05-20 17:00:00,17,1029.0,1.6
2023-05-20 18:00:00,18,588.3,1.2
2023-05-20 19:00:00,19,478.6,0.9
2023-05-20 20:00:00,20,231.0,1.1
2023-05-20 21:00:00,21,30.1,0.5
2023-05-20 22:00:00,22,,0.6
2023-05-20 23:00:00,23,,0.2
2023-05-21 00:00:00,0,,0.0
2023-05-21 01:00:00,1,,0.0
2023-05-21 02:00:00,2,,0.0
2023-05-21 03:00:00,3,,0.0
2023-05-21 04:00:00,4,,0.0
2023-05-21 05:00:00,5,,0.0
2023-05-21 06:00:00,6,,0.0
2023-05-21 07:00:00,7,,0.5
2023-05-21 08:00:00,8,,0.0
2023-05-21 09:00:00,9,,0.2
2023-05-21 10:00:00,10,75.7,0.0
2023-05-21 11:00:00,11,429.9,1.3
2023-05-21 12:00:00,12,1478.9,2.5
2023-05-21 13:00:00,13,1905.0,2.5
2023-05-21 14:00:00,14,2316.1,2.1
2023-05-21 15:00:00,15,2322.2,2.3
2023-05-21 16:00:00,16,2109.0,2.6
2023-05-21 17:00:00,17,2003.7,3.5
2023-05-21 18:00:00,18,1761.2,1.9
2023-05-21 19:00:00,19,1026.1,1.8
2023-05-21 20:00:00,20,379.0,1.7
2023-05-21 21:00:00,21,36.5,1.0
2023-05-21 22:00:00,22,,0.6
2023-05-21 23:00:00,23,,0.0
2023-05-22 00:00:00,0,,0.0
2023-05-22 01:00:00,1,,0.1
2023-05-22 02:00:00,2,,0.0
2023-05-22 03:00:00,3,,0.0
2023-05-22 04:00:00,4,,0.0
2023-05-22 05:00:00,5,,0.0
2023-05-22 06:00:00,6,,0.0
2023-05-22 07:00:00,7,,0.1
2023-05-22 08:00:00,8,,0.0
2023-05-22 09:00:00,9,,0.7
2023-05-22 10:00:00,10,65.4,1.7
2023-05-22 11:00:00,11,364.6,3.4
2023-05-22 12:00:00,12,1505.5,3.9
2023-05-22 13:00:00,13,1949.4,3.2
2023-05-22 14:00:00,14,2360.7,3.2
2023-05-22 15:00:00,15,2360.4,2.6
2023-05-22 16:00:00,16,2155.6,3.3
2023-05-22 17:00:00,17,1708.3,2.9
2023-05-22 18:00:00,18,1423.7,2.1
2023-05-22 19:00:00,19,1163.8,2.4
2023-05-22 20:00:00,20,377.0,1.6
2023-05-22 21:00:00,21,40.5,1.1
2023-05-22 22:00:00,22,,0.6
2023-05-22 23:00:00,23,,0.9
2023-05-23 00:00:00,0,,0.2
2023-05-23 01:00:00,1,,0.0
2023-05-23 02:00:00,2,,0.0
2023-05-23 03:00:00,3,,0.0
2023-05-23 04:00:00,4,,0.0
2023-05-23 05:00:00,5,,0.1
2023-05-23 06:00:00,6,,0.4
2023-05-23 07:00:00,7,,0.0
2023-05-23 08:00:00,8,,0.0
2023-05-23 09:00:00,9,,0.0
2023-05-23 10:00:00,10,62.0,1.3
2023-05-23 11:00:00,11,311.4,4.4
2023-05-23 12:00:00,12,1475.8,4.0
2023-05-23 13:00:00,13,1903.7,3.3
2023-05-23 14:00:00,14,2285.7,2.5
2023-05-23 15:00:00,15,2263.5,2.3
2023-05-23 16:00:00,16,1965.2,3.1
2023-05-23 17:00:00,17,1710.8,2.9
2023-05-23 18:00:00,18,1274.7,2.7
2023-05-23 19:00:00,19,547.2,3.1
2023-05-23 20:00:00,20,236.1,1.9
2023-05-23 21:00:00,21,28.3,1.3
2023-05-23 22:00:00,22,,1.1
2023-05-23 23:00:00,23,,1.1
2023-05-24 00:00:00,0,,0.7
2023-05-24 01:00:00,1,,0.0
2023-05-24 02:00:00,2,,0.0
2023-05-24 03:00:00,3,,0.1
2023-05-24 04:00:00,4,,0.2
2023-05-24 05:00:00,5,,1.9
2023-05-24 06:00:00,6,,2.5
2023-05-24 07:00:00,7,,2.9
2023-05-24 08:00:00,8,,2.4
2023-05-24 09:00:00,9,,2.2
2023-05-24 10:00:00,10,100.5,2.5
2023-05-24 11:00:00,11,335.1,2.6
2023-05-24 12:00:00,12,1123.7,2.6
2023-05-24 13:00:00,13,1779.3,1.7
2023-05-24 14:00:00,14,1623.3,2.3
2023-05-24 15:00:00,15,2266.7,2.9
2023-05-24 16:00:00,16,1798.3,2.1
2023-05-24 17:00:00,17,1455.3,2.0
2023-05-24 18:00:00,18,1375.4,1.6
2023-05-24 19:00:00,19,1072.3,1.8
2023-05-24 20:00:00,20,672.0,1.7
2023-05-24 21:00:00,21,47.8,1.5
2023-05-24 22:00:00,22,,1.7
2023-05-24 23:00:00,23,,0.4
2023-05-25 00:00:00,0,,0.5
2023-05-25 01:00:00,1,,0.0
2023-05-25 02:00:00,2,,0.0
2023-05-25 03:00:00,3,,0.0
2023-05-25 04:00:00,4,,0.0
2023-05-25 05:00:00,5,,0.0
2023-05-25 06:00:00,6,,0.7
2023-05-25 07:00:00,7,,2.7
2023-05-25 08:00:00,8,,2.2
2023-05-25 09:00:00,9,,0.0
2023-05-25 10:00:00,10,57.7,1.7
2023-05-25 11:00:00,11,222.5,4.2
2023-05-25 12:00:00,12,1203.5,3.5
2023-05-25 13:00:00,13,1924.0,2.9
2023-05-25 14:00:00,14,2298.6,3.9
2023-05-25 15:00:00,15,2297.9,2.4
2023-05-25 16:00:00,16,2141.5,3.1
2023-05-25 17:00:00,17,1681.8,2.5
2023-05-25 18:00:00,18,1143.8,2.1
2023-05-25 19:00:00,19,1011.7,2.2
2023-05-25 20:00:00,20,521.4,1.3
2023-05-25 21:00:00,21,36.0,1.1
2023-05-25 22:00:00,22,,1.0
2023-05-25 23:00:00,23,,0.8
2023-05-26 00:00:00,0,,0.0
2023-05-26 01:00:00,1,,0.0
2023-05-26 02:00:00,2,,0.5
2023-05-26 03:00:00,3,,0.0
2023-05-26 04:00:00,4,,0.0
2023-05-26 05:00:00,5,,0.1
2023-05-26 06:00:00,6,,0.0
2023-05-26 07:00:00,7,,0.0
2023-05-26 08:00:00,8,,1.1
2023-05-26 09:00:00,9,,0.0
2023-05-26 10:00:00,10,56.8,0.0
2023-05-26 11:00:00,11,304.4,0.2
2023-05-26 12:00:00,12,1451.6,2.8
2023-05-26 13:00:00,13,1906.5,2.7
2023-05-26 14:00:00,14,2123.2,2.9
2023-05-26 15:00:00,15,2213.5,3.4
2023-05-26 16:00:00,16,2021.3,3.3
2023-05-26 17:00:00,17,1709.0,2.8
2023-05-26 18:00:00,18,1095.5,3.1
2023-05-26 19:00:00,19,1211.7,2.9
2023-05-26 20:00:00,20,626.9,1.4
2023-05-26 21:00:00,21,37.6,0.5
2023-05-26 22:00:00,22,,0.5
2023-05-26 23:00:00,23,,0.1
2023-05-27 00:00:00,0,,0.0
2023-05-27 01:00:00,1,,0.8
2023-05-27 02:00:00,2,,0.0
2023-05-27 03:00:00,3,,1.0
2023-05-27 04:00:00,4,,0.0
2023-05-27 05:00:00,5,,0.0
2023-05-27 06:00:00,6,,0.0
2023-05-27 07:00:00,7,,0.9
2023-05-27 08:00:00,8,,1.5
2023-05-27 09:00:00,9,,1.0
2023-05-27 10:00:00,10,55.6,0.6
2023-05-27 11:00:00,11,287.0,3.3
2023-05-27 12:00:00,12,1090.1,2.9
2023-05-27 13:00:00,13,1904.0,3.4
2023-05-27 14:00:00,14,2288.9,3.0
2023-05-27 15:00:00,15,2102.4,3.0
2023-05-27 16:00:00,16,1865.3,3.0
2023-05-27 17:00:00,17,1659.7,2.2
2023-05-27 18:00:00,18,1255.6,2.5
2023-05-27 19:00:00,19,1172.4,2.7
2023-05-27 20:00:00,20,528.1,1.7
2023-05-27 21:00:00,21,22.4,0.1
2023-05-27 22:00:00,22,,0.0
2023-05-27 23:00:00,23,,0.0
2023-05-28 00:00:00,0,,0.0
2023-05-28 01:00:00,1,,1.2
2023-05-28 02:00:00,2,,0.3
2023-05-28 03:00:00,3,,0.0
2023-05-28 04:00:00,4,,0.2
2023-05-28 05:00:00,5,,0.0
2023-05-28 06:00:00,6,,0.0
2023-05-28 07:00:00,7,,0.0
2023-05-28 08:00:00,8,,0.6
2023-05-28 09:00:00,9,,0.4
2023-05-28 10:00:00,10,53.0,0.1
2023-05-28 11:00:00,11,285.8,2.4
2023-05-28 12:00:00,12,1452.0,3.9
2023-05-28 13:00:00,13,1884.3,3.0
2023-05-28 14:00:00,14,2293.2,2.8
2023-05-28 15:00:00,15,2350.2,2.4
2023-05-28 16:00:00,16,1916.4,1.5
2023-05-28 17:00:00,17,1660.9,1.6
2023-05-28 18:00:00,18,1059.2,2.0
2023-05-28 19:00:00,19,859.3,1.5
2023-05-28 20:00:00,20,669.1,1.2
2023-05-28 21:00:00,21,34.5,0.2
2023-05-28 22:00:00,22,,0.6
2023-05-28 23:00:00,23,,0.0
2023-05-29 00:00:00,0,,0.3
2023-05-29 01:00:00,1,,0.0
2023-05-29 02:00:00,2,,0.2
2023-05-29 03:00:00,3,,0.6
2023-05-29 04:00:00,4,,0.1
2023-05-29 05:00:00,5,,0.0
2023-05-29 06:00:00,6,,0.4
2023-05-29 07:00:00,7,,0.2
2023-05-29 08:00:00,8,,0.0
2023-05-29 09:00:00,9,,0.0
2023-05-29 10:00:00,10,94.4,0.0
2023-05-29 11:00:00,11,373.1,0.2
2023-05-29 12:00:00,12,865.1,0.5
2023-05-29 13:00:00,13,1985.5,2.7
2023-05-29 14:00:00,14,1712.6,1.9
2023-05-29 15:00:00,15,2074.7,2.6
2023-05-29 16:00:00,16,1545.1,2.4
2023-05-29 17:00:00,17,1468.8,2.0
2023-05-29 18:00:00,18,1373.5,1.9
2023-05-29 19:00:00,19,573.5,1.1
2023-05-29 20:00:00,20,159.7,1.5
2023-05-29 21:00:00,21,21.3,0.6
2023-05-29 22:00:00,22,,0.1
2023-05-29 23:00:00,23,,0.6
2023-05-30 00:00:00,0,,0.8
2023-05-30 01:00:00,1,,0.2
2023-05-30 02:00:00,2,,0.0
2023-05-30 03:00:00,3,,0.0
2023-05-30 04:00:00,4,,0.0
2023-05-30 05:00:00,5,,0.1
2023-05-30 06:00:00,6,,0.0
2023-05-30 07:00:00,7,,0.1
2023-05-30 08:00:00,8,,0.3
2023-05-30 09:00:00,9,,0.0
2023-05-30 10:00:00,10,105.4,0.6
2023-05-30 11:00:00,11,317.1,0.2
2023-05-30 12:00:00,12,669.1,1.0
2023-05-30 13:00:00,13,1784.4,1.6
2023-05-30 14:00:00,14,2360.1,2.5
2023-05-30 15:00:00,15,2255.3,2.6
2023-05-30 16:00:00,16,2240.8,2.9
2023-05-30 17:00:00,17,1715.1,2.5
2023-05-30 18:00:00,18,1593.6,2.0
2023-05-30 19:00:00,19,1004.6,1.7
2023-05-30 20:00:00,20,610.7,1.2
2023-05-30 21:00:00,21,39.7,1.3
2023-05-30 22:00:00,22,,1.3
2023-05-30 23:00:00,23,,0.2
2023-05-31 00:00:00,0,,0.0
2023-05-31 01:00:00,1,,0.0
2023-05-31 02:00:00,2,,0.2
2023-05-31 03:00:00,3,,0.4
2023-05-31 04:00:00,4,,0.0
2023-05-31 05:00:00,5,,0.7
2023-05-31 06:00:00,6,,0.6
2023-05-31 07:00:00,7,,0.5
2023-05-31 08:00:00,8,,0.2
2023-05-31 09:00:00,9,,1.4
2023-05-31 10:00:00,10,72.0,0.0
2023-05-31 11:00:00,11,276.2,0.6
2023-05-31 12:00:00,12,1346.1,1.9
2023-05-31 13:00:00,13,1930.5,2.8
2023-05-31 14:00:00,14,2175.7,2.6
2023-05-31 15:00:00,15,2138.4,2.0
2023-05-31 16:00:00,16,2099.4,2.7
2023-05-31 17:00:00,17,1898.0,2.3
2023-05-31 18:00:00,18,1376.8,2.3
2023-05-31 19:00:00,19,1012.6,1.5
2023-05-31 20:00:00,20,552.6,1.5
2023-05-31 21:00:00,21,36.7,0.5
2023-05-31 22:00:00,22,,1.1
2023-05-31 23:00:00,23,,0.3
2023-06-01 00:00:00,0,,0.0
2023-06-01 01:00:00,1,,0.0
2023-06-01 02:00:00,2,,0.0
2023-06-01 03:00:00,3,,0.0
2023-06-01 04:00:00,4,,0.0
2023-06-01 05:00:00,5,,0.0
2023-06-01 06:00:00,6,,0.0
2023-06-01 07:00:00,7,,0.0
2023-06-01 08:00:00,8,,0.0
2023-06-01 09:00:00,9,,0.0
2023-06-01 10:00:00,10,59.9,0.0
2023-06-01 11:00:00,11,220.6,0.0
2023-06-01 12:00:00,12,1428.2,2.2
2023-06-01 13:00:00,13,1859.7,2.8
2023-06-01 14:00:00,14,2256.0,2.1
2023-06-01 15:00:00,15,2235.8,2.1
2023-06-01 16:00:00,16,2066.5,2.1
2023-06-01 17:00:00,17,1900.2,2.1
2023-06-01 18:00:00,18,1665.7,1.5
2023-06-01 19:00:00,19,921.4,1.1
2023-06-01 20:00:00,20,377.5,1.0
2023-06-01 21:00:00,21,34.6,0.5
2023-06-01 22:00:00,22,,0.7
2023-06-01 23:00:00,23,,0.0
2023-06-02 00:00:00,0,,0.0
2023-06-02 01:00:00,1,,0.0
2023-06-02 02:00:00,2,,0.1
2023-06-02 03:00:00,3,,0.0
2023-06-02 04:00:00,4,,0.2
2023-06-02 05:00:00,5,,0.1
2023-06-02 06:00:00,6,,0.2
2023-06-02 07:00:00,7,,0.1
2023-06-02 08:00:00,8,,0.0
2023-06-02 09:00:00,9,,0.0
2023-06-02 10:00:00,10,59.1,0.0
2023-06-02 11:00:00,11,215.6,0.7
2023-06-02 12:00:00,12,1398.1,0.6
2023-06-02 13:00:00,13,1801.7,0.7
2023-06-02 14:00:00,14,1972.8,2.2
2023-06-02 15:00:00,15,2230.8,1.9
2023-06-02 16:00:00,16,2037.8,2.0
2023-06-02 17:00:00,17,1824.6,2.3
2023-06-02 18:00:00,18,1648.7,3.6
2023-06-02 19:00:00,19,1209.6,3.1
2023-06-02 20:00:00,20,653.4,1.5
2023-06-02 21:00:00,21,34.5,0.0
2023-06-02 22:00:00,22,,0.3
2023-06-02 23:00:00,23,,0.0
2023-06-03 00:00:00,0,,0.0
2023-06-03 01:00:00,1,,0.1
2023-06-03 02:00:00,2,,0.0
2023-06-03 03:00:00,3,,0.0
2023-06-03 04:00:00,4,,1.1
2023-06-03 05:00:00,5,,0.0
2023-06-03 06:00:00,6,,0.0
2023-06-03 07:00:00,7,,0.0
2023-06-03 08:00:00,8,,0.0
2023-06-03 09:00:00,9,,0.0
2023-06-03 10:00:00,10,50.3,1.1
2023-06-03 11:00:00,11,203.8,2.5
2023-06-03 12:00:00,12,1438.3,3.1
2023-06-03 13:00:00,13,1836.4,3.3
2023-06-03 14:00:00,14,1931.9,2.4
2023-06-03 15:00:00,15,1856.1,1.8
2023-06-03 16:00:00,16,1667.6,2.4
2023-06-03 17:00:00,17,1706.7,2.6
2023-06-03 18:00:00,18,1472.2,2.4
2023-06-03 19:00:00,19,906.4,2.0
2023-06-03 20:00:00,20,611.5,1.6
2023-06-03 21:00:00,21,30.9,1.3
2023-06-03 22:00:00,22,,0.4
2023-06-03 23:00:00,23,,0.0
2023-06-04 00:00:00,0,,0.0
2023-06-04 01:00:00,1,,0.0
2023-06-04 02:00:00,2,,0.0
2023-06-04 03:00:00,3,,0.0
2023-06-04 04:00:00,4,,0.0
2023-06-04 05:00:00,5,,0.0
2023-06-04 06:00:00,6,,1.1
2023-06-04 07:00:00,7,,1.8
2023-06-04 08:00:00,8,,2.6
2023-06-04 09:00:00,9,,2.4
2023-06-04 10:00:00,10,110.6,2.6
2023-06-04 11:00:00,11,293.0,4.6
2023-06-04 12:00:00,12,1123.4,4.2
2023-06-04 13:00:00,13,1865.5,4.4
2023-06-04 14:00:00,14,2295.6,3.4
2023-06-04 15:00:00,15,2131.0,3.7
2023-06-04 16:00:00,16,1383.9,2.7
2023-06-04 17:00:00,17,1304.3,2.0
2023-06-04 18:00:00,18,1013.7,2.9
2023-06-04 19:00:00,19,849.7,2.4
2023-06-04 20:00:00,20,604.5,2.3
2023-06-04 21:00:00,21,39.1,1.3
2023-06-04 22:00:00,22,,0.6
2023-06-04 23:00:00,23,,0.9
2023-06-05 00:00:00,0,,0.5
2023-06-05 01:00:00,1,,0.0
2023-06-05 02:00:00,2,,0.0
2023-06-05 03:00:00,3,,0.5
2023-06-05 04:00:00,4,,0.0
2023-06-05 05:00:00,5,,0.0
2023-06-05 06:00:00,6,,0.0
2023-06-05 07:00:00,7,,0.0
2023-06-05 08:00:00,8,,0.0
2023-06-05 09:00:00,9,,0.0
2023-06-05 10:00:00,10,55.9,0.8
2023-06-05 11:00:00,11,195.5,0.4
2023-06-05 12:00:00,12,1421.3,3.3
2023-06-05 13:00:00,13,1842.0,2.2
2023-06-05 14:00:00,14,2240.0,3.8
2023-06-05 15:00:00,15,2240.3,3.0
2023-06-05 16:00:00,16,2082.5,2.3
2023-06-05 17:00:00,17,1871.4,1.9
2023-06-05 18:00:00,18,1731.8,2.1
2023-06-05 19:00:00,19,1122.2,1.4
2023-06-05 20:00:00,20,643.5,1.5
2023-06-05 21:00:00,21,32.7,1.0
2023-06-05 22:00:00,22,,0.0
2023-06-05 23:00:00,23,,0.0
2023-06-06 00:00:00,0,,0.0
2023-06-06 01:00:00,1,,0.1
2023-06-06 02:00:00,2,,0.2
2023-06-06 03:00:00,3,,0.0
2023-06-06 04:00:00,4,,0.1
2023-06-06 05:00:00,5,,0.0
2023-06-06 06:00:00,6,,0.0
2023-06-06 07:00:00,7,,0.0
2023-06-06 08:00:00,8,,0.0
2023-06-06 09:00:00,9,,0.0
2023-06-06 10:00:00,10,43.7,0.2
2023-06-06 11:00:00,11,157.1,0.6
2023-06-06 12:00:00,12,1411.7,2.4
2023-06-06 13:00:00,13,1826.0,2.8
2023-06-06 14:00:00,14,2212.8,2.7
2023-06-06 15:00:00,15,2197.9,2.1
2023-06-06 16:00:00,16,1667.9,2.1
2023-06-06 17:00:00,17,1700.0,1.6
2023-06-06 18:00:00,18,1491.2,2.5
2023-06-06 19:00:00,19,939.1,1.1
2023-06-06 20:00:00,20,170.9,1.0
2023-06-06 21:00:00,21,41.8,0.4
2023-06-06 22:00:00,22,,1.2
2023-06-06 23:00:00,23,,0.6
2023-06-07 00:00:00,0,,0.0
2023-06-07 01:00:00,1,,0.0
2023-06-07 02:00:00,2,,0.0
2023-06-07 03:00:00,3,,0.2
2023-06-07 04:00:00,4,,0.2
2023-06-07 05:00:00,5,,0.0
2023-06-07 06:00:00,6,,0.0
2023-06-07 07:00:00,7,,0.0
2023-06-07 08:00:00,8,,0.0
2023-06-07 09:00:00,9,,0.0
2023-06-07 10:00:00,10,69.9,0.0
2023-06-07 11:00:00,11,344.9,0.1
2023-06-07 12:00:00,12,1362.3,3.3
2023-06-07 13:00:00,13,1818.2,3.4
2023-06-07 14:00:00,14,2208.6,2.6
2023-06-07 15:00:00,15,2199.5,2.2
2023-06-07 16:00:00,16,2039.6,2.4
2023-06-07 17:00:00,17,1689.7,1.7
2023-06-07 18:00:00,18,1368.9,2.3
2023-06-07 19:00:00,19,1211.0,2.2
2023-06-07 20:00:00,20,658.0,2.0
2023-06-07 21:00:00,21,42.0,0.9
2023-06-07 22:00:00,22,,0.2
2023-06-07 23:00:00,23,,0.0
2023-06-08 00:00:00,0,,0.0
2023-06-08 01:00:00,1,,0.3
2023-06-08 02:00:00,2,,0.3
2023-06-08 03:00:00,3,,0.3
2023-06-08 04:00:00,4,,0.0
2023-06-08 05:00:00,5,,0.0
2023-06-08 06:00:00,6,,0.0
2023-06-08 07:00:00,7,,0.0
2023-06-08 08:00:00,8,,0.0
2023-06-08 09:00:00,9,,0.0
2023-06-08 10:00:00,10,64.7,1.2
2023-06-08 11:00:00,11,270.3,2.5
2023-06-08 12:00:00,12,1303.8,2.9
2023-06-08 13:00:00,13,1769.5,3.0
2023-06-08 14:00:00,14,2197.4,2.8
2023-06-08 15:00:00,15,1678.7,2.2
2023-06-08 16:00:00,16,1797.6,2.3
2023-06-08 17:00:00,17,1393.6,1.7
2023-06-08 18:00:00,18,1406.2,2.0
2023-06-08 19:00:00,19,802.2,1.6
2023-06-08 20:00:00,20,664.2,0.9
2023-06-08 21:00:00,21,35.5,0.0
2023-06-08 22:00:00,22,,0.0
2023-06-08 23:00:00,23,,0.8
2023-06-09 00:00:00,0,,0.1
2023-06-09 01:00:00,1,,0.0
2023-06-09 02:00:00,2,,0.0
2023-06-09 03:00:00,3,,0.0
2023-06-09 04:00:00,4,,0.3
2023-06-09 05:00:00,5,,0.0
2023-06-09 06:00:00,6,,0.1
2023-06-09 07:00:00,7,,0.0
2023-06-09 08:00:00,8,,0.0
2023-06-09 09:00:00,9,,0.0
2023-06-09 10:00:00,10,81.0,0.1
2023-06-09 11:00:00,11,229.0,2.1
2023-06-09 12:00:00,12,1406.4,2.3
2023-06-09 13:00:00,13,1796.1,2.4
2023-06-09 14:00:00,14,2160.4,1.8
2023-06-09 15:00:00,15,2212.9,2.2
2023-06-09 16:00:00,16,1548.1,1.3
2023-06-09 17:00:00,17,1433.7,0.8
2023-06-09 18:00:00,18,981.2,1.2
2023-06-09 19:00:00,19,530.6,1.4
2023-06-09 20:00:00,20,642.9,1.1
2023-06-09 21:00:00,21,40.3,2.3
2023-06-09 22:00:00,22,,1.0
2023-06-09 23:00:00,23,,0.6
2023-06-10 00:00:00,0,,0.0
2023-06-10 01:00:00,1,,0.0
2023-06-10 02:00:00,2,,0.7
2023-06-10 03:00:00,3,,0.0
2023-06-10 04:00:00,4,,0.0
2023-06-10 05:00:00,5,,1.2
2023-06-10 06:00:00,6,,0.1
2023-06-10 07:00:00,7,,0.6
2023-06-10 08:00:00,8,,0.0
2023-06-10 09:00:00,9,,0.0
2023-06-10 10:00:00,10,54.9,0.0
2023-06-10 11:00:00,11,314.1,0.0
2023-06-10 12:00:00,12,1351.2,1.5
2023-06-10 13:00:00,13,1789.0,2.1
2023-06-10 14:00:00,14,2227.9,2.5
2023-06-10 15:00:00,15,2250.3,2.7
2023-06-10 16:00:00,16,1896.0,3.1
2023-06-10 17:00:00,17,1946.4,3.0
2023-06-10 18:00:00,18,1645.3,2.2
2023-06-10 19:00:00,19,1254.6,1.5
2023-06-10 20:00:00,20,616.6,1.1
2023-06-10 21:00:00,21,37.8,1.3
2023-06-10 22:00:00,22,,0.2
2023-06-10 23:00:00,23,,0.1
2023-06-11 00:00:00,0,,0.0
2023-06-11 01:00:00,1,,0.4
2023-06-11 02:00:00,2,,0.0
2023-06-11 03:00:00,3,,0.0
2023-06-11 04:00:00,4,,0.0
2023-06-11 05:00:00,5,,0.0
2023-06-11 06:00:00,6,,0.0
2023-06-11 07:00:00,7,,0.0
2023-06-11 08:00:00,8,,0.0
2023-06-11 09:00:00,9,,0.0
2023-06-11 10:00:00,10,31.0,0.0
2023-06-11 11:00:00,11,358.4,0.3
2023-06-11 12:00:00,12,912.2,1.6
2023-06-11 13:00:00,13,1768.9,2.5
2023-06-11 14:00:00,14,2044.1,1.8
2023-06-11 15:00:00,15,1425.2,1.6
2023-06-11 16:00:00,16,1287.9,1.8
2023-06-11 17:00:00,17,1631.5,1.7
2023-06-11 18:00:00,18,1661.6,3.0
2023-06-11 19:00:00,19,954.7,1.5
2023-06-11 20:00:00,20,676.3,1.8
2023-06-11 21:00:00,21,47.3,1.7
2023-06-11 22:00:00,22,,1.0
2023-06-11 23:00:00,23,,0.0
2023-06-12 00:00:00,0,,0.0
2023-06-12 01:00:00,1,,0.0
2023-06-12 02:00:00,2,,0.0
2023-06-12 03:00:00,3,,0.0
2023-06-12 04:00:00,4,,0.0
2023-06-12 05:00:00,5,,0.6
2023-06-12 06:00:00,6,,0.0
2023-06-12 07:00:00,7,,0.9
2023-06-12 08:00:00,8,,0.0
2023-06-12 09:00:00,9,,0.0
2023-06-12 10:00:00,10,57.7,0.0
2023-06-12 11:00:00,11,165.6,0.4
2023-06-12 12:00:00,12,1388.3,3.5
2023-06-12 13:00:00,13,1798.8,2.3
2023-06-12 14:00:00,14,2116.6,1.5
2023-06-12 15:00:00,15,2182.4,2.1
2023-06-12 16:00:00,16,1236.3,2.1
2023-06-12 17:00:00,17,1785.9,2.1
2023-06-12 18:00:00,18,1510.0,2.1
2023-06-12 19:00:00,19,659.4,1.8
2023-06-12 20:00:00,20,605.5,2.6
2023-06-12 21:00:00,21,43.8,1.5
2023-06-12 22:00:00,22,,0.0
2023-06-12 23:00:00,23,,0.0
2023-06-13 00:00:00,0,,0.0
2023-06-13 01:00:00,1,,0.6
2023-06-13 02:00:00,2,,0.2
2023-06-13 03:00:00,3,,0.1
2023-06-13 04:00:00,4,,0.0
2023-06-13 05:00:00,5,,0.2
2023-06-13 06:00:00,6,,0.0
2023-06-13 07:00:00,7,,0.0
2023-06-13 08:00:00,8,,0.8
2023-06-13 09:00:00,9,,1.3
2023-06-13 10:00:00,10,38.8,0.0
2023-06-13 11:00:00,11,296.6,0.1
2023-06-13 12:00:00,12,1387.3,2.4
2023-06-13 13:00:00,13,1791.8,2.8
2023-06-13 14:00:00,14,2115.1,2.9
2023-06-13 15:00:00,15,1930.4,2.7
2023-06-13 16:00:00,16,1915.4,2.3
2023-06-13 17:00:00,17,1393.1,1.6
2023-06-13 18:00:00,18,982.7,2.2
2023-06-13 19:00:00,19,1051.2,1.8
2023-06-13 20:00:00,20,486.7,1.5
2023-06-13 21:00:00,21,40.7,1.4
2023-06-13 22:00:00,22,,0.7
2023-06-13 23:00:00,23,,0.0
2023-06-14 00:00:00,0,,0.0
2023-06-14 01:00:00,1,,0.3
2023-06-14 02:00:00,2,,0.0
2023-06-14 03:00:00,3,,0.0
2023-06-14 04:00:00,4,,0.0
2023-06-14 05:00:00,5,,0.0
2023-06-14 06:00:00,6,,0.0
2023-06-14 07:00:00,7,,0.0
2023-06-14 08:00:00,8,,0.3
2023-06-14 09:00:00,9,,0.0
2023-06-14 10:00:00,10,51.3,0.0
2023-06-14 11:00:00,11,169.8,0.2
2023-06-14 12:00:00,12,1371.4,3.0
2023-06-14 13:00:00,13,1782.6,2.4
2023-06-14 14:00:00,14,2164.3,3.3
2023-06-14 15:00:00,15,2115.6,2.7
2023-06-14 16:00:00,16,1690.3,2.6
2023-06-14 17:00:00,17,1530.9,2.6
2023-06-14 18:00:00,18,1422.7,1.9
2023-06-14 19:00:00,19,885.9,2.0
2023-06-14 20:00:00,20,393.3,0.6
2023-06-14 21:00:00,21,37.3,0.7
2023-06-14 22:00:00,22,,0.0
2023-06-14 23:00:00,23,,0.0
2023-06-15 00:00:00,0,,0.0
2023-06-15 01:00:00,1,,0.6
2023-06-15 02:00:00,2,,0.0
2023-06-15 03:00:00,3,,0.1
2023-06-15 04:00:00,4,,0.0
2023-06-15 05:00:00,5,,0.3
2023-06-15 06:00:00,6,,0.0
2023-06-15 07:00:00,7,,0.0
2023-06-15 08:00:00,8,,0.0
2023-06-15 09:00:00,9,,0.0
2023-06-15 10:00:00,10,63.9,0.0
2023-06-15 11:00:00,11,246.3,0.0
2023-06-15 12:00:00,12,1192.8,3.7
2023-06-15 13:00:00,13,1780.1,3.9
2023-06-15 14:00:00,14,2127.8,3.4
2023-06-15 15:00:00,15,1959.0,3.2
2023-06-15 16:00:00,16,1176.6,2.0
2023-06-15 17:00:00,17,1218.7,3.2
2023-06-15 18:00:00,18,1079.6,2.4
2023-06-15 19:00:00,19,1065.2,2.8
2023-06-15 20:00:00,20,466.2,0.5
2023-06-15 21:00:00,21,40.3,2.1
2023-06-15 22:00:00,22,,0.0
2023-06-15 23:00:00,23,,0.1
2023-06-16 00:00:00,0,,1.0
2023-06-16 01:00:00,1,,0.0
2023-06-16 02:00:00,2,,0.1
2023-06-16 03:00:00,3,,0.0
2023-06-16 04:00:00,4,,0.6
2023-06-16 05:00:00,5,,0.0
2023-06-16 06:00:00,6,,0.0
2023-06-16 07:00:00,7,,0.1
2023-06-16 08:00:00,8,,0.0
2023-06-16 09:00:00,9,,0.0
2023-06-16 10:00:00,10,85.5,0.3
2023-06-16 11:00:00,11,303.6,0.1
2023-06-16 12:00:00,12,717.0,1.9
2023-06-16 13:00:00,13,1112.5,3.9
2023-06-16 14:00:00,14,1908.0,3.2
2023-06-16 15:00:00,15,1542.8,4.4
2023-06-16 16:00:00,16,1130.9,3.1
2023-06-16 17:00:00,17,935.9,2.8
2023-06-16 18:00:00,18,858.1,2.4
2023-06-16 19:00:00,19,483.2,1.4
2023-06-16 20:00:00,20,342.8,1.1
2023-06-16 21:00:00,21,57.1,1.5
2023-06-16 22:00:00,22,,0.3
2023-06-16 23:00:00,23,,0.0
2023-06-17 00:00:00,0,,0.0
2023-06-17 01:00:00,1,,0.4
2023-06-17 02:00:00,2,,0.0
2023-06-17 03:00:00,3,,0.0
2023-06-17 04:00:00,4,,0.0
2023-06-17 05:00:00,5,,0.0
2023-06-17 06:00:00,6,,0.0
2023-06-17 07:00:00,7,,0.0
2023-06-17 08:00:00,8,,0.0
2023-06-17 09:00:00,9,,0.0
2023-06-17 10:00:00,10,94.9,0.1
2023-06-17 11:00:00,11,176.9,0.9
2023-06-17 12:00:00,12,1365.7,2.1
2023-06-17 13:00:00,13,1784.9,2.4
2023-06-17 14:00:00,14,2181.2,2.8
2023-06-17 15:00:00,15,2174.9,2.1
2023-06-17 16:00:00,16,2014.0,2.4
2023-06-17 17:00:00,17,1854.3,3.0
2023-06-17 18:00:00,18,1614.5,3.3
2023-06-17 19:00:00,19,1212.3,2.7
2023-06-17 20:00:00,20,668.0,1.9
2023-06-17 21:00:00,21,40.4,0.9
2023-06-17 22:00:00,22,,0.0
2023-06-17 23:00:00,23,,0.0
2023-06-18 00:00:00,0,,1.1
2023-06-18 01:00:00,1,,0.3
2023-06-18 02:00:00,2,,0.7
2023-06-18 03:00:00,3,,0.2
2023-06-18 04:00:00,4,,0.0
2023-06-18 05:00:00,5,,0.0
2023-06-18 06:00:00,6,,0.0
2023-06-18 07:00:00,7,,1.5
2023-06-18 08:00:00,8,,0.9
2023-06-18 09:00:00,9,,0.1
2023-06-18 10:00:00,10,105.7,0.7
2023-06-18 11:00:00,11,355.6,0.8
2023-06-18 12:00:00,12,1203.7,0.6
2023-06-18 13:00:00,13,1701.2,1.4
2023-06-18 14:00:00,14,1828.9,2.4
2023-06-18 15:00:00,15,1818.0,1.8
2023-06-18 16:00:00,16,1720.9,1.3
2023-06-18 17:00:00,17,1587.7,1.8
2023-06-18 18:00:00,18,1422.9,1.6
2023-06-18 19:00:00,19,920.0,1.6
2023-06-18 20:00:00,20,328.0,0.2
2023-06-18 21:00:00,21,32.9,0.3
2023-06-18 22:00:00,22,,0.2
2023-06-18 23:00:00,23,,0.0
2023-06-19 00:00:00,0,,0.3
2023-06-19 01:00:00,1,,0.8
2023-06-19 02:00:00,2,,0.0
2023-06-19 03:00:00,3,,0.9
2023-06-19 04:00:00,4,,0.7
2023-06-19 05:00:00,5,,0.0
2023-06-19 06:00:00,6,,0.1
2023-06-19 07:00:00,7,,0.0
2023-06-19 08:00:00,8,,1.2
2023-06-19 09:00:00,9,,0.1
2023-06-19 10:00:00,10,41.6,0.3
2023-06-19 11:00:00,11,183.0,0.0
2023-06-19 12:00:00,12,1139.8,0.9
2023-06-19 13:00:00,13,1738.4,2.4
2023-06-19 14:00:00,14,1978.5,2.3
2023-06-19 15:00:00,15,2132.4,2.2
2023-06-19 16:00:00,16,2015.5,2.9
2023-06-19 17:00:00,17,1784.3,1.1
2023-06-19 18:00:00,18,1426.8,2.4
2023-06-19 19:00:00,19,1210.6,1.6
2023-06-19 20:00:00,20,651.5,2.1
2023-06-19 21:00:00,21,44.6,0.9
2023-06-19 22:00:00,22,,0.2
2023-06-19 23:00:00,23,,0.0
2023-06-20 00:00:00,0,,0.1
2023-06-20 01:00:00,1,,0.1
2023-06-20 02:00:00,2,,0.0
2023-06-20 03:00:00,3,,0.0
2023-06-20 04:00:00,4,,0.0
2023-06-20 05:00:00,5,,0.2
2023-06-20 06:00:00,6,,0.0
2023-06-20 07:00:00,7,,0.0
2023-06-20 08:00:00,8,,0.0
2023-06-20 09:00:00,9,,0.0
2023-06-20 10:00:00,10,69.2,0.3
2023-06-20 11:00:00,11,177.7,0.4
2023-06-20 12:00:00,12,1344.2,2.6
2023-06-20 13:00:00,13,1799.1,2.4
2023-06-20 14:00:00,14,2145.1,2.6
2023-06-20 15:00:00,15,2055.0,2.5
2023-06-20 16:00:00,16,1662.3,2.6
2023-06-20 17:00:00,17,1176.3,3.1
2023-06-20 18:00:00,18,1292.7,2.9
2023-06-20 19:00:00,19,941.6,2.8
2023-06-20 20:00:00,20,664.1,2.0
2023-06-20 21:00:00,21,40.6,0.6
2023-06-20 22:00:00,22,,0.5
2023-06-20 23:00:00,23,,0.9
2023-06-21 00:00:00,0,,0.0
2023-06-21 01:00:00,1,,0.5
2023-06-21 02:00:00,2,,0.3
2023-06-21 03:00:00,3,,0.5
2023-06-21 04:00:00,4,,1.5
2023-06-21 05:00:00,5,,2.5
2023-06-21 06:00:00,6,,2.4
2023-06-21 07:00:00,7,,2.6
2023-06-21 08:00:00,8,,3.3
2023-06-21 09:00:00,9,,3.8
2023-06-21 10:00:00,10,46.7,2.9
2023-06-21 11:00:00,11,175.2,4.8
2023-06-21 12:00:00,12,1311.0,5.5
2023-06-21 13:00:00,13,1748.5,4.3
2023-06-21 14:00:00,14,2127.4,3.3
2023-06-21 15:00:00,15,2137.5,2.9
2023-06-21 16:00:00,16,1976.5,2.8
2023-06-21 17:00:00,17,1238.6,1.9
2023-06-21 18:00:00,18,806.8,2.4
2023-06-21 19:00:00,19,688.7,2.2
2023-06-21 20:00:00,20,385.3,1.4
2023-06-21 21:00:00,21,41.4,1.2
2023-06-21 22:00:00,22,,1.4
2023-06-21 23:00:00,23,,1.1
2023-06-22 00:00:00,0,,0.8
2023-06-22 01:00:00,1,,0.0
2023-06-22 02:00:00,2,,0.0
2023-06-22 03:00:00,3,,0.0
2023-06-22 04:00:00,4,,0.8
2023-06-22 05:00:00,5,,0.1
2023-06-22 06:00:00,6,,0.6
2023-06-22 07:00:00,7,,0.6
2023-06-22 08:00:00,8,,1.8
2023-06-22 09:00:00,9,,1.9
2023-06-22 10:00:00,10,75.6,2.6
2023-06-22 11:00:00,11,184.4,4.7
2023-06-22 12:00:00,12,1328.6,4.2
2023-06-22 13:00:00,13,1754.4,4.1
2023-06-22 14:00:00,14,2139.5,3.3
2023-06-22 15:00:00,15,2148.0,3.4
2023-06-22 16:00:00,16,1985.0,2.8
2023-06-22 17:00:00,17,1734.8,3.6
2023-06-22 18:00:00,18,1540.0,2.6
2023-06-22 19:00:00,19,1141.8,2.3
2023-06-22 20:00:00,20,538.0,2.0
2023-06-22 21:00:00,21,53.1,1.0
2023-06-22 22:00:00,22,,0.6
2023-06-22 23:00:00,23,,0.0
2023-06-23 00:00:00,0,,1.3
2023-06-23 01:00:00,1,,0.9
2023-06-23 02:00:00,2,,2.0
2023-06-23 03:00:00,3,,0.3
2023-06-23 04:00:00,4,,0.9
2023-06-23 05:00:00,5,,0.2
2023-06-23 06:00:00,6,,0.4
2023-06-23 07:00:00,7,,3.2
2023-06-23 08:00:00,8,,4.0
2023-06-23 09:00:00,9,,3.5
2023-06-23 10:00:00,10,57.5,3.7
2023-06-23 11:00:00,11,205.7,4.7
2023-06-23 12:00:00,12,1334.5,3.8
2023-06-23 13:00:00,13,1771.4,3.5
2023-06-23 14:00:00,14,2160.0,3.0
2023-06-23 15:00:00,15,2143.1,2.6
2023-06-23 16:00:00,16,1995.7,3.0
2023-06-23 17:00:00,17,1808.1,3.0
2023-06-23 18:00:00,18,1588.9,2.6
2023-06-23 19:00:00,19,1209.2,2.3
2023-06-23 20:00:00,20,666.6,1.8
2023-06-23 21:00:00,21,46.1,1.1
2023-06-23 22:00:00,22,,2.4
2023-06-23 23:00:00,23,,0.0
2023-06-24 00:00:00,0,,1.3
2023-06-24 01:00:00,1,,0.1
2023-06-24 02:00:00,2,,0.0
2023-06-24 03:00:00,3,,0.5
2023-06-24 04:00:00,4,,0.0
2023-06-24 05:00:00,5,,0.0
2023-06-24 06:00:00,6,,0.0
2023-06-24 07:00:00,7,,0.0
2023-06-24 08:00:00,8,,0.0
2023-06-24 09:00:00,9,,0.0
2023-06-24 10:00:00,10,65.3,0.0
2023-06-24 11:00:00,11,172.3,2.8
2023-06-24 12:00:00,12,1315.2,3.5
2023-06-24 13:00:00,13,1737.3,3.6
2023-06-24 14:00:00,14,2132.4,3.0
2023-06-24 15:00:00,15,2068.3,2.7
2023-06-24 16:00:00,16,1435.3,2.3
2023-06-24 17:00:00,17,1373.7,2.1
2023-06-24 18:00:00,18,1393.4,2.6
2023-06-24 19:00:00,19,943.5,1.8
2023-06-24 20:00:00,20,539.2,1.2
2023-06-24 21:00:00,21,48.5,1.1
2023-06-24 22:00:00,22,,0.5
2023-06-24 23:00:00,23,,0.7
2023-06-25 00:00:00,0,,1.2
2023-06-25 01:00:00,1,,1.2
2023-06-25 02:00:00,2,,1.0
2023-06-25 03:00:00,3,,0.0
2023-06-25 04:00:00,4,,0.0
2023-06-25 05:00:00,5,,0.0
2023-06-25 06:00:00,6,,0.0
2023-06-25 07:00:00,7,,0.0
2023-06-25 08:00:00,8,,0.0
2023-06-25 09:00:00,9,,0.0
2023-06-25 10:00:00,10,59.2,0.0
2023-06-25 11:00:00,11,180.8,0.7
2023-06-25 12:00:00,12,1313.8,4.0
2023-06-25 13:00:00,13,1751.1,4.4
2023-06-25 14:00:00,14,2135.6,2.4
2023-06-25 15:00:00,15,2139.8,2.9
2023-06-25 16:00:00,16,1931.3,2.6
2023-06-25 17:00:00,17,1432.2,2.4
2023-06-25 18:00:00,18,1478.4,3.1
2023-06-25 19:00:00,19,1273.9,2.5
2023-06-25 20:00:00,20,556.6,3.0
2023-06-25 21:00:00,21,50.3,1.8
2023-06-25 22:00:00,22,,1.1
2023-06-25 23:00:00,23,,0.7
2023-06-26 00:00:00,0,,1.6
2023-06-26 01:00:00,1,,0.9
2023-06-26 02:00:00,2,,0.8
2023-06-26 03:00:00,3,,0.5
2023-06-26 04:00:00,4,,1.1
2023-06-26 05:00:00,5,,0.0
2023-06-26 06:00:00,6,,0.4
2023-06-26 07:00:00,7,,0.0
2023-06-26 08:00:00,8,,0.3
2023-06-26 09:00:00,9,,0.0
2023-06-26 10:00:00,10,113.3,0.0
2023-06-26 11:00:00,11,371.2,2.9
2023-06-26 12:00:00,12,1309.3,4.2
2023-06-26 13:00:00,13,1578.8,3.5
2023-06-26 14:00:00,14,1877.3,3.1
2023-06-26 15:00:00,15,2116.4,3.1
2023-06-26 16:00:00,16,1460.1,2.5
2023-06-26 17:00:00,17,1504.4,1.3
2023-06-26 18:00:00,18,1129.6,0.4
2023-06-26 19:00:00,19,771.2,1.6
2023-06-26 20:00:00,20,681.0,1.7
2023-06-26 21:00:00,21,54.8,1.4
2023-06-26 22:00:00,22,,0.0
2023-06-26 23:00:00,23,,0.0
2023-06-27 00:00:00,0,,0.0
2023-06-27 01:00:00,1,,0.0
2023-06-27 02:00:00,2,,0.0
2023-06-27 03:00:00,3,,0.0
2023-06-27 04:00:00,4,,0.0
2023-06-27 05:00:00,5,,1.5
2023-06-27 06:00:00,6,,0.7
2023-06-27 07:00:00,7,,0.0
2023-06-27 08:00:00,8,,0.8
2023-06-27 09:00:00,9,,0.0
2023-06-27 10:00:00,10,118.0,0.0
2023-06-27 11:00:00,11,202.8,1.0
2023-06-27 12:00:00,12,1304.1,3.7
2023-06-27 13:00:00,13,1746.7,3.6
2023-06-27 14:00:00,14,2132.1,2.7
2023-06-27 15:00:00,15,2127.7,2.8
2023-06-27 16:00:00,16,2018.3,2.7
2023-06-27 17:00:00,17,1711.3,3.5
2023-06-27 18:00:00,18,955.2,2.5
2023-06-27 19:00:00,19,663.5,3.7
2023-06-27 20:00:00,20,260.4,1.3
2023-06-27 21:00:00,21,27.1,1.0
2023-06-27 22:00:00,22,,0.5
2023-06-27 23:00:00,23,,0.0
2023-06-28 00:00:00,0,,0.0
2023-06-28 01:00:00,1,,0.0
2023-06-28 02:00:00,2,,0.4
2023-06-28 03:00:00,3,,0.0
2023-06-28 04:00:00,4,,0.0
2023-06-28 05:00:00,5,,0.0
2023-06-28 06:00:00,6,,0.0
2023-06-28 07:00:00,7,,1.4
2023-06-28 08:00:00,8,,0.0
2023-06-28 09:00:00,9,,0.0
2023-06-28 10:00:00,10,56.3,0.1
2023-06-28 11:00:00,11,185.3,3.5
2023-06-28 12:00:00,12,1304.7,3.4
2023-06-28 13:00:00,13,1729.5,3.5
2023-06-28 14:00:00,14,2118.5,4.2
2023-06-28 15:00:00,15,2124.0,3.1
2023-06-28 16:00:00,16,1962.1,2.0
2023-06-28 17:00:00,17,1843.9,2.7
2023-06-28 18:00:00,18,1446.1,2.7
2023-06-28 19:00:00,19,1035.0,0.8
2023-06-28 20:00:00,20,657.8,1.4
2023-06-28 21:00:00,21,56.5,0.4
2023-06-28 22:00:00,22,,0.0
2023-06-28 23:00:00,23,,0.0
2023-06-29 00:00:00,0,,0.0
2023-06-29 01:00:00,1,,0.0
2023-06-29 02:00:00,2,,0.1
2023-06-29 03:00:00,3,,0.5
2023-06-29 04:00:00,4,,0.1
2023-06-29 05:00:00,5,,0.0
2023-06-29 06:00:00,6,,0.0
2023-06-29 07:00:00,7,,0.0
2023-06-29 08:00:00,8,,0.0
2023-06-29 09:00:00,9,,0.0
2023-06-29 10:00:00,10,85.9,0.0
2023-06-29 11:00:00,11,209.3,2.2
2023-06-29 12:00:00,12,1296.7,2.5
2023-06-29 13:00:00,13,1724.2,2.8
2023-06-29 14:00:00,14,2114.9,2.5
2023-06-29 15:00:00,15,2077.2,2.3
2023-06-29 16:00:00,16,1914.8,2.2
2023-06-29 17:00:00,17,1756.4,2.3
2023-06-29 18:00:00,18,1522.5,3.3
2023-06-29 19:00:00,19,1030.9,2.6
2023-06-29 20:00:00,20,718.8,3.0
2023-06-29 21:00:00,21,61.0,1.1
2023-06-29 22:00:00,22,,0.0
2023-06-29 23:00:00,23,,1.4
2023-06-30 00:00:00,0,,0.0
2023-06-30 01:00:00,1,,0.0
2023-06-30 02:00:00,2,,0.0
2023-06-30 03:00:00,3,,0.0
2023-06-30 04:00:00,4,,0.0
2023-06-30 05:00:00,5,,0.4
2023-06-30 06:00:00,6,,0.0
2023-06-30 07:00:00,7,,0.0
2023-06-30 08:00:00,8,,0.0
2023-06-30 09:00:00,9,,0.0
2023-06-30 10:00:00,10,70.8,0.9
2023-06-30 11:00:00,11,333.6,1.6
2023-06-30 12:00:00,12,1402.3,3.4
2023-06-30 13:00:00,13,1709.9,3.0
2023-06-30 14:00:00,14,2097.3,3.1
2023-06-30 15:00:00,15,2093.4,2.6
2023-06-30 16:00:00,16,1967.5,2.1
2023-06-30 17:00:00,17,1677.6,2.3
2023-06-30 18:00:00,18,1369.4,3.3
2023-06-30 19:00:00,19,1138.1,2.6
2023-06-30 20:00:00,20,606.9,2.8
2023-06-30 21:00:00,21,73.7,0.4
2023-06-30 22:00:00,22,,0.0
2023-06-30 23:00:00,23,,0.0
2023-07-01 00:00:00,0,,0.3
2023-07-01 01:00:00,1,,0.0
2023-07-01 02:00:00,2,,0.0
2023-07-01 03:00:00,3,,0.1
2023-07-01 04:00:00,4,,0.4
2023-07-01 05:00:00,5,,0.1
2023-07-01 06:00:00,6,,0.0
2023-07-01 07:00:00,7,,0.3
2023-07-01 08:00:00,8,,0.0
2023-07-01 09:00:00,9,,0.0
2023-07-01 10:00:00,10,56.2,0.0
2023-07-01 11:00:00,11,203.7,2.3
2023-07-01 12:00:00,12,1302.4,3.0
2023-07-01 13:00:00,13,1724.2,2.6
2023-07-01 14:00:00,14,2112.1,3.0
2023-07-01 15:00:00,15,2115.1,1.8
2023-07-01 16:00:00,16,1975.4,2.0
2023-07-01 17:00:00,17,1764.5,1.9
2023-07-01 18:00:00,18,1577.2,2.7
2023-07-01 19:00:00,19,1209.2,1.8
2023-07-01 20:00:00,20,698.0,2.6
2023-07-01 21:00:00,21,66.2,0.8
2023-07-01 22:00:00,22,,0.0
2023-07-01 23:00:00,23,,0.0
2023-07-02 00:00:00,0,,0.0
2023-07-02 01:00:00,1,,1.1
2023-07-02 02:00:00,2,,0.0
2023-07-02 03:00:00,3,,0.8
2023-07-02 04:00:00,4,,1.1
2023-07-02 05:00:00,5,,1.2
2023-07-02 06:00:00,6,,0.0
2023-07-02 07:00:00,7,,0.0
2023-07-02 08:00:00,8,,0.0
2023-07-02 09:00:00,9,,0.0
2023-07-02 10:00:00,10,47.9,0.0
2023-07-02 11:00:00,11,242.8,1.6
2023-07-02 12:00:00,12,1218.6,2.2
2023-07-02 13:00:00,13,1655.5,2.2
2023-07-02 14:00:00,14,2065.7,2.5
2023-07-02 15:00:00,15,2009.0,3.0
2023-07-02 16:00:00,16,1861.4,2.0
2023-07-02 17:00:00,17,1524.0,1.4
2023-07-02 18:00:00,18,1117.2,1.6
2023-07-02 19:00:00,19,961.3,2.3
2023-07-02 20:00:00,20,705.7,1.7
2023-07-02 21:00:00,21,75.0,0.3
2023-07-02 22:00:00,22,,0.0
2023-07-02 23:00:00,23,,0.0
2023-07-03 00:00:00,0,,0.4
2023-07-03 01:00:00,1,,0.0
2023-07-03 02:00:00,2,,0.0
2023-07-03 03:00:00,3,,0.0
2023-07-03 04:00:00,4,,0.0
2023-07-03 05:00:00,5,,0.0
2023-07-03 06:00:00,6,,0.0
2023-07-03 07:00:00,7,,0.0
2023-07-03 08:00:00,8,,0.1
2023-07-03 09:00:00,9,,0.2
2023-07-03 10:00:00,10,104.8,0.1
2023-07-03 11:00:00,11,317.9,0.6
2023-07-03 12:00:00,12,1168.2,0.5
2023-07-03 13:00:00,13,1675.9,1.2
2023-07-03 14:00:00,14,2051.0,2.8
2023-07-03 15:00:00,15,2080.5,2.6
2023-07-03 16:00:00,16,1494.1,2.3
2023-07-03 17:00:00,17,1611.9,0.9
2023-07-03 18:00:00,18,1268.3,0.7
2023-07-03 19:00:00,19,1078.2,1.6
2023-07-03 20:00:00,20,738.3,1.4
2023-07-03 21:00:00,21,65.8,0.6
2023-07-03 22:00:00,22,,1.3
2023-07-03 23:00:00,23,,0.0
2023-07-04 00:00:00,0,,0.4
2023-07-04 01:00:00,1,,0.4
2023-07-04 02:00:00,2,,1.2
2023-07-04 03:00:00,3,,0.0
2023-07-04 04:00:00,4,,0.0
2023-07-04 05:00:00,5,,0.1
2023-07-04 06:00:00,6,,1.1
2023-07-04 07:00:00,7,,0.0
2023-07-04 08:00:00,8,,0.2
2023-07-04 09:00:00,9,,0.8
2023-07-04 10:00:00,10,52.4,0.9
2023-07-04 11:00:00,11,230.4,1.7
2023-07-04 12:00:00,12,1306.2,2.6
2023-07-04 13:00:00,13,1716.8,2.5
2023-07-04 14:00:00,14,2110.1,2.1
2023-07-04 15:00:00,15,2113.2,2.5
2023-07-04 16:00:00,16,1975.1,1.6
2023-07-04 17:00:00,17,1806.7,2.0
2023-07-04 18:00:00,18,1549.3,2.1
2023-07-04 19:00:00,19,1058.6,2.1
2023-07-04 20:00:00,20,633.2,2.3
2023-07-04 21:00:00,21,73.4,1.0
2023-07-04 22:00:00,22,,0.9
2023-07-04 23:00:00,23,,0.0
2023-07-05 00:00:00,0,,0.0
2023-07-05 01:00:00,1,,0.2
2023-07-05 02:00:00,2,,0.0
2023-07-05 03:00:00,3,,0.0
2023-07-05 04:00:00,4,,0.0
2023-07-05 05:00:00,5,,1.8
2023-07-05 06:00:00,6,,1.4
2023-07-05 07:00:00,7,,0.5
2023-07-05 08:00:00,8,,2.5
2023-07-05 09:00:00,9,,2.5
2023-07-05 10:00:00,10,54.5,0.3
2023-07-05 11:00:00,11,265.8,3.0
2023-07-05 12:00:00,12,1302.4,3.9
2023-07-05 13:00:00,13,1719.4,3.8
2023-07-05 14:00:00,14,2091.1,3.3
2023-07-05 15:00:00,15,2095.9,3.4
2023-07-05 16:00:00,16,1982.3,2.2
2023-07-05 17:00:00,17,1803.3,3.1
2023-07-05 18:00:00,18,1566.2,3.1
2023-07-05 19:00:00,19,1171.8,2.6
2023-07-05 20:00:00,20,672.7,3.0
2023-07-05 21:00:00,21,71.0,1.3
2023-07-05 22:00:00,22,,0.2
2023-07-05 23:00:00,23,,0.9
2023-07-06 00:00:00,0,,0.1
2023-07-06 01:00:00,1,,0.6
2023-07-06 02:00:00,2,,0.2
2023-07-06 03:00:00,3,,0.1
2023-07-06 04:00:00,4,,0.9
2023-07-06 05:00:00,5,,0.0
2023-07-06 06:00:00,6,,0.1
2023-07-06 07:00:00,7,,0.1
2023-07-06 08:00:00,8,,0.1
2023-07-06 09:00:00,9,,0.0
2023-07-06 10:00:00,10,55.2,1.9
2023-07-06 11:00:00,11,287.3,4.2
2023-07-06 12:00:00,12,1313.1,3.8
2023-07-06 13:00:00,13,1727.5,2.8
2023-07-06 14:00:00,14,2120.9,2.6
2023-07-06 15:00:00,15,2027.0,3.2
2023-07-06 16:00:00,16,1886.0,2.2
2023-07-06 17:00:00,17,1773.9,1.7
2023-07-06 18:00:00,18,1527.0,1.4
2023-07-06 19:00:00,19,1208.4,2.1
2023-07-06 20:00:00,20,410.6,2.2
2023-07-06 21:00:00,21,52.2,1.8
2023-07-06 22:00:00,22,,1.2
2023-07-06 23:00:00,23,,0.2
2023-07-07 00:00:00,0,,0.1
2023-07-07 01:00:00,1,,0.7
2023-07-07 02:00:00,2,,0.0
2023-07-07 03:00:00,3,,0.0
2023-07-07 04:00:00,4,,0.0
2023-07-07 05:00:00,5,,0.4
2023-07-07 06:00:00,6,,0.8
2023-07-07 07:00:00,7,,0.0
2023-07-07 08:00:00,8,,0.0
2023-07-07 09:00:00,9,,0.0
2023-07-07 10:00:00,10,45.9,0.0
2023-07-07 11:00:00,11,252.8,0.2
2023-07-07 12:00:00,12,1279.9,1.9
2023-07-07 13:00:00,13,1538.3,2.2
2023-07-07 14:00:00,14,1755.8,2.4
2023-07-07 15:00:00,15,2127.4,2.0
2023-07-07 16:00:00,16,1635.0,1.5
2023-07-07 17:00:00,17,1696.3,2.1
2023-07-07 18:00:00,18,1760.1,2.3
2023-07-07 19:00:00,19,680.8,1.5
2023-07-07 20:00:00,20,534.5,2.1
2023-07-07 21:00:00,21,85.8,1.7
2023-07-07 22:00:00,22,,1.7
2023-07-07 23:00:00,23,,0.0
2023-07-08 00:00:00,0,,0.4
2023-07-08 01:00:00,1,,0.0
2023-07-08 02:00:00,2,,0.3
2023-07-08 03:00:00,3,,0.0
2023-07-08 04:00:00,4,,0.0
2023-07-08 05:00:00,5,,0.0
2023-07-08 06:00:00,6,,0.0
2023-07-08 07:00:00,7,,0.1
2023-07-08 08:00:00,8,,0.1
2023-07-08 09:00:00,9,,0.0
2023-07-08 10:00:00,10,59.4,0.9
2023-07-08 11:00:00,11,282.7,1.3
2023-07-08 12:00:00,12,754.4,0.1
2023-07-08 13:00:00,13,1485.1,1.6
2023-07-08 14:00:00,14,1949.1,2.0
2023-07-08 15:00:00,15,2372.1,2.0
2023-07-08 16:00:00,16,1453.8,2.3
2023-07-08 17:00:00,17,1578.5,1.6
2023-07-08 18:00:00,18,1228.2,1.5
2023-07-08 19:00:00,19,1123.8,2.6
2023-07-08 20:00:00,20,480.8,0.8
2023-07-08 21:00:00,21,104.9,0.7
2023-07-08 22:00:00,22,,0.1
2023-07-08 23:00:00,23,,0.7
2023-07-09 00:00:00,0,,0.2
2023-07-09 01:00:00,1,,0.1
2023-07-09 02:00:00,2,,0.2
2023-07-09 03:00:00,3,,0.0
2023-07-09 04:00:00,4,,0.0
2023-07-09 05:00:00,5,,0.0
2023-07-09 06:00:00,6,,0.0
2023-07-09 07:00:00,7,,0.5
2023-07-09 08:00:00,8,,0.0
2023-07-09 09:00:00,9,,0.0
2023-07-09 10:00:00,10,50.8,0.0
2023-07-09 11:00:00,11,292.2,1.7
2023-07-09 12:00:00,12,1305.9,3.3
2023-07-09 13:00:00,13,1731.0,3.6
2023-07-09 14:00:00,14,2079.8,3.0
2023-07-09 15:00:00,15,1973.3,2.3
2023-07-09 16:00:00,16,2028.3,2.5
2023-07-09 17:00:00,17,1746.5,2.3
2023-07-09 18:00:00,18,1492.2,1.5
2023-07-09 19:00:00,19,1077.1,2.0
2023-07-09 20:00:00,20,166.2,1.2
2023-07-09 21:00:00,21,37.2,0.2
2023-07-09 22:00:00,22,,1.7
2023-07-09 23:00:00,23,,0.0
2023-07-10 00:00:00,0,,1.3
2023-07-10 01:00:00,1,,0.1
2023-07-10 02:00:00,2,,0.0
2023-07-10 03:00:00,3,,0.0
2023-07-10 04:00:00,4,,0.0
2023-07-10 05:00:00,5,,0.6
2023-07-10 06:00:00,6,,0.0
2023-07-10 07:00:00,7,,0.2
2023-07-10 08:00:00,8,,0.2
2023-07-10 09:00:00,9,,0.0
2023-07-10 10:00:00,10,71.8,0.0
2023-07-10 11:00:00,11,328.4,0.3
2023-07-10 12:00:00,12,687.3,1.6
2023-07-10 13:00:00,13,1283.5,1.2
2023-07-10 14:00:00,14,1419.7,3.1
2023-07-10 15:00:00,15,2086.2,2.5
2023-07-10 16:00:00,16,1581.1,1.8
2023-07-10 17:00:00,17,1646.2,1.9
2023-07-10 18:00:00,18,1251.4,1.5
2023-07-10 19:00:00,19,992.1,1.6
2023-07-10 20:00:00,20,589.3,0.7
2023-07-10 21:00:00,21,73.9,1.3
2023-07-10 22:00:00,22,,0.0
2023-07-10 23:00:00,23,,0.4
2023-07-11 00:00:00,0,,0.0
2023-07-11 01:00:00,1,,0.5
2023-07-11 02:00:00,2,,0.0
2023-07-11 03:00:00,3,,1.1
2023-07-11 04:00:00,4,,0.1
2023-07-11 05:00:00,5,,0.5
2023-07-11 06:00:00,6,,0.2
2023-07-11 07:00:00,7,,0.2
2023-07-11 08:00:00,8,,0.0
2023-07-11 09:00:00,9,,0.0
2023-07-11 10:00:00,10,51.0,0.0
2023-07-11 11:00:00,11,382.1,0.2
2023-07-11 12:00:00,12,1257.4,0.3
2023-07-11 13:00:00,13,1346.3,2.8
2023-07-11 14:00:00,14,1575.9,3.3
2023-07-11 15:00:00,15,1857.8,2.5
2023-07-11 16:00:00,16,1942.6,2.0
2023-07-11 17:00:00,17,1578.6,1.4
2023-07-11 18:00:00,18,1370.7,1.4
2023-07-11 19:00:00,19,1039.6,1.1
2023-07-11 20:00:00,20,728.9,1.8
2023-07-11 21:00:00,21,64.6,0.0
2023-07-11 22:00:00,22,,0.0
2023-07-11 23:00:00,23,,0.4
2023-07-12 00:00:00,0,,0.4
2023-07-12 01:00:00,1,,0.0
2023-07-12 02:00:00,2,,0.0
2023-07-12 03:00:00,3,,0.0
2023-07-12 04:00:00,4,,0.6
2023-07-12 05:00:00,5,,0.8
2023-07-12 06:00:00,6,,0.2
2023-07-12 07:00:00,7,,0.0
2023-07-12 08:00:00,8,,0.0
2023-07-12 09:00:00,9,,0.0
2023-07-12 10:00:00,10,49.8,0.6
2023-07-12 11:00:00,11,310.6,0.4
2023-07-12 12:00:00,12,1298.6,0.9
2023-07-12 13:00:00,13,1699.1,3.1
2023-07-12 14:00:00,14,2108.1,3.0
2023-07-12 15:00:00,15,2136.2,2.9
2023-07-12 16:00:00,16,1956.2,2.4
2023-07-12 17:00:00,17,1715.1,2.0
2023-07-12 18:00:00,18,1592.5,2.0
2023-07-12 19:00:00,19,1129.5,0.9
2023-07-12 20:00:00,20,724.6,1.5
2023-07-12 21:00:00,21,71.7,0.5
2023-07-12 22:00:00,22,,0.4
2023-07-12 23:00:00,23,,0.0
2023-07-13 00:00:00,0,,0.2
2023-07-13 01:00:00,1,,0.5
2023-07-13 02:00:00,2,,0.0
2023-07-13 03:00:00,3,,0.0
2023-07-13 04:00:00,4,,0.8
2023-07-13 05:00:00,5,,0.5
2023-07-13 06:00:00,6,,0.0
2023-07-13 07:00:00,7,,1.8
2023-07-13 08:00:00,8,,0.0
2023-07-13 09:00:00,9,,0.2
2023-07-13 10:00:00,10,36.4,0.0
2023-07-13 11:00:00,11,310.2,0.3
2023-07-13 12:00:00,12,845.3,1.9
2023-07-13 13:00:00,13,1451.0,1.1
2023-07-13 14:00:00,14,1855.4,1.4
2023-07-13 15:00:00,15,1898.7,1.7
2023-07-13 16:00:00,16,1782.7,1.3
2023-07-13 17:00:00,17,1394.4,0.9
2023-07-13 18:00:00,18,1045.4,0.6
2023-07-13 19:00:00,19,1299.1,1.1
2023-07-13 20:00:00,20,707.6,1.4
2023-07-13 21:00:00,21,69.4,0.4
2023-07-13 22:00:00,22,,0.2
2023-07-13 23:00:00,23,,0.1
2023-07-14 00:00:00,0,,0.0
2023-07-14 01:00:00,1,,0.0
2023-07-14 02:00:00,2,,0.0
2023-07-14 03:00:00,3,,0.4
2023-07-14 04:00:00,4,,0.5
2023-07-14 05:00:00,5,,0.0
2023-07-14 06:00:00,6,,0.2
2023-07-14 07:00:00,7,,0.0
2023-07-14 08:00:00,8,,0.0
2023-07-14 09:00:00,9,,0.0
2023-07-14 10:00:00,10,86.2,0.2
2023-07-14 11:00:00,11,327.6,0.9
2023-07-14 12:00:00,12,483.0,1.4
2023-07-14 13:00:00,13,602.2,1.2
2023-07-14 14:00:00,14,689.1,1.1
2023-07-14 15:00:00,15,1535.6,1.0
2023-07-14 16:00:00,16,2005.9,1.2
2023-07-14 17:00:00,17,1833.9,1.2
2023-07-14 18:00:00,18,1599.5,1.4
2023-07-14 19:00:00,19,1221.7,2.5
2023-07-14 20:00:00,20,718.7,2.2
2023-07-14 21:00:00,21,79.1,1.4
2023-07-14 22:00:00,22,,0.0
2023-07-14 23:00:00,23,,0.0
2023-07-15 00:00:00,0,,0.9
2023-07-15 01:00:00,1,,0.0
2023-07-15 02:00:00,2,,0.1
2023-07-15 03:00:00,3,,0.0
2023-07-15 04:00:00,4,,0.0
2023-07-15 05:00:00,5,,0.0
2023-07-15 06:00:00,6,,0.0
2023-07-15 07:00:00,7,,0.8
2023-07-15 08:00:00,8,,1.4
2023-07-15 09:00:00,9,,1.8
2023-07-15 10:00:00,10,21.2,0.3
2023-07-15 11:00:00,11,96.1,0.5
2023-07-15 12:00:00,12,269.5,1.4
2023-07-15 13:00:00,13,652.2,2.5
2023-07-15 14:00:00,14,561.5,1.1
2023-07-15 15:00:00,15,1161.5,1.1
2023-07-15 16:00:00,16,1553.6,2.4
2023-07-15 17:00:00,17,1239.6,1.9
2023-07-15 18:00:00,18,1451.0,1.5
2023-07-15 19:00:00,19,1216.0,1.9
2023-07-15 20:00:00,20,651.5,1.4
2023-07-15 21:00:00,21,74.6,0.1
2023-07-15 22:00:00,22,,0.0
2023-07-15 23:00:00,23,,1.4
2023-07-16 00:00:00,0,,0.1
2023-07-16 01:00:00,1,,0.0
2023-07-16 02:00:00,2,,0.0
2023-07-16 03:00:00,3,,0.0
2023-07-16 04:00:00,4,,0.0
2023-07-16 05:00:00,5,,0.0
2023-07-16 06:00:00,6,,1.4
2023-07-16 07:00:00,7,,0.6
2023-07-16 08:00:00,8,,0.5
2023-07-16 09:00:00,9,,0.4
2023-07-16 10:00:00,10,54.7,0.2
2023-07-16 11:00:00,11,333.6,1.2
2023-07-16 12:00:00,12,1144.7,0.8
2023-07-16 13:00:00,13,1720.5,3.0
2023-07-16 14:00:00,14,2122.7,3.0
2023-07-16 15:00:00,15,2168.0,2.3
2023-07-16 16:00:00,16,2028.5,2.0
2023-07-16 17:00:00,17,1859.9,2.2
2023-07-16 18:00:00,18,1627.2,1.9
2023-07-16 19:00:00,19,1240.9,2.6
2023-07-16 20:00:00,20,737.2,2.0
2023-07-16 21:00:00,21,68.6,0.8
2023-07-16 22:00:00,22,,0.5
2023-07-16 23:00:00,23,,0.1
2023-07-17 00:00:00,0,,0.0
2023-07-17 01:00:00,1,,0.0
2023-07-17 02:00:00,2,,0.0
2023-07-17 03:00:00,3,,1.1
2023-07-17 04:00:00,4,,0.1
2023-07-17 05:00:00,5,,0.0
2023-07-17 06:00:00,6,,0.0
2023-07-17 07:00:00,7,,0.0
2023-07-17 08:00:00,8,,0.0
2023-07-17 09:00:00,9,,0.4
2023-07-17 10:00:00,10,43.8,0.7
2023-07-17 11:00:00,11,332.0,1.5
2023-07-17 12:00:00,12,1219.1,3.6
2023-07-17 13:00:00,13,1724.6,3.1
2023-07-17 14:00:00,14,2130.1,3.1
2023-07-17 15:00:00,15,2157.4,2.6
2023-07-17 16:00:00,16,2023.0,2.4
2023-07-17 17:00:00,17,1549.3,2.2
2023-07-17 18:00:00,18,924.8,1.6
2023-07-17 19:00:00,19,1319.2,3.2
2023-07-17 20:00:00,20,569.7,1.9
2023-07-17 21:00:00,21,67.3,1.1
2023-07-17 22:00:00,22,,0.0
2023-07-17 23:00:00,23,,0.5
2023-07-18 00:00:00,0,,0.0
2023-07-18 01:00:00,1,,0.0
2023-07-18 02:00:00,2,,0.0
2023-07-18 03:00:00,3,,1.5
2023-07-18 04:00:00,4,,0.0
2023-07-18 05:00:00,5,,0.0
2023-07-18 06:00:00,6,,0.8
2023-07-18 07:00:00,7,,0.0
2023-07-18 08:00:00,8,,0.0
2023-07-18 09:00:00,9,,0.0
2023-07-18 10:00:00,10,41.9,0.0
2023-07-18 11:00:00,11,319.0,2.6
2023-07-18 12:00:00,12,1309.2,3.3
2023-07-18 13:00:00,13,1718.9,4.2
2023-07-18 14:00:00,14,2109.2,4.0
2023-07-18 15:00:00,15,2133.6,3.6
2023-07-18 16:00:00,16,2002.2,2.8
2023-07-18 17:00:00,17,1832.8,2.9
2023-07-18 18:00:00,18,1605.3,2.2
2023-07-18 19:00:00,19,1215.7,1.8
2023-07-18 20:00:00,20,715.0,1.4
2023-07-18 21:00:00,21,64.7,1.7
2023-07-18 22:00:00,22,,2.0
2023-07-18 23:00:00,23,,0.0
2023-07-19 00:00:00,0,,1.8
2023-07-19 01:00:00,1,,0.0
2023-07-19 02:00:00,2,,0.0
2023-07-19 03:00:00,3,,1.2
2023-07-19 04:00:00,4,,0.0
2023-07-19 05:00:00,5,,0.0
2023-07-19 06:00:00,6,,0.0
2023-07-19 07:00:00,7,,0.0
2023-07-19 08:00:00,8,,0.0
2023-07-19 09:00:00,9,,0.0
2023-07-19 10:00:00,10,62.4,0.0
2023-07-19 11:00:00,11,261.3,0.0
2023-07-19 12:00:00,12,569.5,3.0
2023-07-19 13:00:00,13,1545.1,3.4
2023-07-19 14:00:00,14,2045.9,2.8
2023-07-19 15:00:00,15,2096.2,3.0
2023-07-19 16:00:00,16,1930.4,2.5
2023-07-19 17:00:00,17,1649.1,2.4
2023-07-19 18:00:00,18,1317.6,2.3
2023-07-19 19:00:00,19,1149.4,2.6
2023-07-19 20:00:00,20,575.1,1.4
2023-07-19 21:00:00,21,72.7,0.7
2023-07-19 22:00:00,22,,0.0
2023-07-19 23:00:00,23,,0.0
2023-07-20 00:00:00,0,,0.3
2023-07-20 01:00:00,1,,0.0
2023-07-20 02:00:00,2,,0.5
2023-07-20 03:00:00,3,,0.0
2023-07-20 04:00:00,4,,0.2
2023-07-20 05:00:00,5,,0.0
2023-07-20 06:00:00,6,,0.0
2023-07-20 07:00:00,7,,0.0
2023-07-20 08:00:00,8,,0.0
2023-07-20 09:00:00,9,,1.2
2023-07-20 10:00:00,10,40.3,3.8
2023-07-20 11:00:00,11,406.4,4.8
2023-07-20 12:00:00,12,1297.8,4.6
2023-07-20 13:00:00,13,1720.9,7.0
2023-07-20 14:00:00,14,2132.5,4.0
2023-07-20 15:00:00,15,2186.2,4.0
2023-07-20 16:00:00,16,2030.5,4.6
2023-07-20 17:00:00,17,1630.6,3.1
2023-07-20 18:00:00,18,1589.0,4.2
2023-07-20 19:00:00,19,1234.3,2.8
2023-07-20 20:00:00,20,760.5,2.6
2023-07-20 21:00:00,21,82.8,1.3
2023-07-20 22:00:00,22,,0.1
2023-07-20 23:00:00,23,,1.1
2023-07-21 00:00:00,0,,0.1
2023-07-21 01:00:00,1,,0.8
2023-07-21 02:00:00,2,,0.9
2023-07-21 03:00:00,3,,0.8
2023-07-21 04:00:00,4,,0.5
2023-07-21 05:00:00,5,,1.0
2023-07-21 06:00:00,6,,1.4
2023-07-21 07:00:00,7,,1.3
2023-07-21 08:00:00,8,,1.4
2023-07-21 09:00:00,9,,1.4
2023-07-21 10:00:00,10,45.5,2.5
2023-07-21 11:00:00,11,422.8,3.4
2023-07-21 12:00:00,12,1332.9,6.2
2023-07-21 13:00:00,13,1736.1,5.0
2023-07-21 14:00:00,14,2143.3,5.3
2023-07-21 15:00:00,15,2148.3,4.1
2023-07-21 16:00:00,16,2039.1,4.0
2023-07-21 17:00:00,17,1647.6,2.9
2023-07-21 18:00:00,18,1243.4,3.5
2023-07-21 19:00:00,19,1010.4,2.3
2023-07-21 20:00:00,20,688.4,1.9
2023-07-21 21:00:00,21,92.9,1.1
2023-07-21 22:00:00,22,,1.2
2023-07-21 23:00:00,23,,0.9
2023-07-22 00:00:00,0,,0.0
2023-07-22 01:00:00,1,,0.1
2023-07-22 02:00:00,2,,0.0
2023-07-22 03:00:00,3,,0.0
2023-07-22 04:00:00,4,,0.0
2023-07-22 05:00:00,5,,0.1
2023-07-22 06:00:00,6,,0.0
2023-07-22 07:00:00,7,,0.0
2023-07-22 08:00:00,8,,1.1
2023-07-22 09:00:00,9,,0.4
2023-07-22 10:00:00,10,46.2,0.1
2023-07-22 11:00:00,11,419.1,3.6
2023-07-22 12:00:00,12,1346.3,3.8
2023-07-22 13:00:00,13,1734.7,3.1
2023-07-22 14:00:00,14,2142.4,3.8
2023-07-22 15:00:00,15,2180.0,2.2
2023-07-22 16:00:00,16,2038.1,3.0
2023-07-22 17:00:00,17,1871.4,2.5
2023-07-22 18:00:00,18,1620.4,1.7
2023-07-22 19:00:00,19,1223.8,2.5
2023-07-22 20:00:00,20,716.9,1.4
2023-07-22 21:00:00,21,76.5,0.2
2023-07-22 22:00:00,22,,0.0
2023-07-22 23:00:00,23,,0.4
2023-07-23 00:00:00,0,,0.0
2023-07-23 01:00:00,1,,0.0
2023-07-23 02:00:00,2,,0.3
2023-07-23 03:00:00,3,,0.0
2023-07-23 04:00:00,4,,0.0
2023-07-23 05:00:00,5,,0.0
2023-07-23 06:00:00,6,,0.0
2023-07-23 07:00:00,7,,0.0
2023-07-23 08:00:00,8,,0.0
2023-07-23 09:00:00,9,,0.0
2023-07-23 10:00:00,10,49.7,0.0
2023-07-23 11:00:00,11,273.1,0.4
2023-07-23 12:00:00,12,1229.2,4.8
2023-07-23 13:00:00,13,1729.0,3.8
2023-07-23 14:00:00,14,2128.5,4.0
2023-07-23 15:00:00,15,2168.0,2.5
2023-07-23 16:00:00,16,1963.7,3.0
2023-07-23 17:00:00,17,1967.0,2.3
2023-07-23 18:00:00,18,1369.5,3.6
2023-07-23 19:00:00,19,1250.7,2.4
2023-07-23 20:00:00,20,591.4,1.3
2023-07-23 21:00:00,21,84.3,0.7
2023-07-23 22:00:00,22,,0.6
2023-07-23 23:00:00,23,,0.0
2023-07-24 00:00:00,0,,1.6
2023-07-24 01:00:00,1,,0.0
2023-07-24 02:00:00,2,,0.0
2023-07-24 03:00:00,3,,1.1
2023-07-24 04:00:00,4,,0.0
2023-07-24 05:00:00,5,,0.0
2023-07-24 06:00:00,6,,0.0
2023-07-24 07:00:00,7,,0.1
2023-07-24 08:00:00,8,,0.0
2023-07-24 09:00:00,9,,0.1
2023-07-24 10:00:00,10,49.1,0.0
2023-07-24 11:00:00,11,417.3,0.7
2023-07-24 12:00:00,12,1297.1,3.2
2023-07-24 13:00:00,13,1706.9,3.1
2023-07-24 14:00:00,14,2133.1,4.0
2023-07-24 15:00:00,15,2180.7,3.1
2023-07-24 16:00:00,16,2040.6,2.8
2023-07-24 17:00:00,17,1879.8,1.7
2023-07-24 18:00:00,18,1472.7,2.1
2023-07-24 19:00:00,19,1100.7,2.4
2023-07-24 20:00:00,20,667.4,2.0
2023-07-24 21:00:00,21,87.6,1.1
2023-07-24 22:00:00,22,,0.0
2023-07-24 23:00:00,23,,0.0
2023-07-25 00:00:00,0,,0.0
2023-07-25 01:00:00,1,,0.0
2023-07-25 02:00:00,2,,0.0
2023-07-25 03:00:00,3,,0.8
2023-07-25 04:00:00,4,,0.1
2023-07-25 05:00:00,5,,0.0
2023-07-25 06:00:00,6,,0.1
2023-07-25 07:00:00,7,,0.2
2023-07-25 08:00:00,8,,0.0
2023-07-25 09:00:00,9,,0.0
2023-07-25 10:00:00,10,50.2,0.1
2023-07-25 11:00:00,11,453.5,3.1
2023-07-25 12:00:00,12,1353.8,3.2
2023-07-25 13:00:00,13,1738.8,3.1
2023-07-25 14:00:00,14,2143.5,3.7
2023-07-25 15:00:00,15,2192.2,2.6
2023-07-25 16:00:00,16,2060.4,2.5
2023-07-25 17:00:00,17,1885.1,2.8
2023-07-25 18:00:00,18,1652.3,3.4
2023-07-25 19:00:00,19,1264.7,1.5
2023-07-25 20:00:00,20,779.5,2.2
2023-07-25 21:00:00,21,93.9,0.9
2023-07-25 22:00:00,22,,0.5
2023-07-25 23:00:00,23,,0.5
2023-07-26 00:00:00,0,,0.0
2023-07-26 01:00:00,1,,0.0
2023-07-26 02:00:00,2,,0.1
2023-07-26 03:00:00,3,,0.1
2023-07-26 04:00:00,4,,0.7
2023-07-26 05:00:00,5,,0.0
2023-07-26 06:00:00,6,,0.0
2023-07-26 07:00:00,7,,0.0
2023-07-26 08:00:00,8,,0.0
2023-07-26 09:00:00,9,,0.0
2023-07-26 10:00:00,10,51.6,0.0
2023-07-26 11:00:00,11,475.3,2.1
2023-07-26 12:00:00,12,1354.6,1.8
2023-07-26 13:00:00,13,1731.2,2.2
2023-07-26 14:00:00,14,2135.4,3.1
2023-07-26 15:00:00,15,2187.8,2.9
2023-07-26 16:00:00,16,2057.4,3.2
2023-07-26 17:00:00,17,1873.3,2.5
2023-07-26 18:00:00,18,1650.0,2.0
2023-07-26 19:00:00,19,1260.8,1.9
2023-07-26 20:00:00,20,731.0,1.4
2023-07-26 21:00:00,21,95.2,0.7
2023-07-26 22:00:00,22,,0.0
2023-07-26 23:00:00,23,,0.0
2023-07-27 00:00:00,0,,0.0
2023-07-27 01:00:00,1,,0.0
2023-07-27 02:00:00,2,,0.0
2023-07-27 03:00:00,3,,0.0
2023-07-27 04:00:00,4,,0.2
2023-07-27 05:00:00,5,,0.1
2023-07-27 06:00:00,6,,0.0
2023-07-27 07:00:00,7,,0.0
2023-07-27 08:00:00,8,,0.0
2023-07-27 09:00:00,9,,0.0
2023-07-27 10:00:00,10,56.9,1.6
2023-07-27 11:00:00,11,507.0,1.6
2023-07-27 12:00:00,12,1356.3,2.0
2023-07-27 13:00:00,13,1737.7,2.8
2023-07-27 14:00:00,14,2146.5,2.9
2023-07-27 15:00:00,15,2165.6,3.0
2023-07-27 16:00:00,16,2076.1,2.6
2023-07-27 17:00:00,17,1857.6,2.6
2023-07-27 18:00:00,18,1639.6,2.3
2023-07-27 19:00:00,19,1177.2,2.1
2023-07-27 20:00:00,20,779.0,1.7
2023-07-27 21:00:00,21,97.4,1.1
2023-07-27 22:00:00,22,,0.5
2023-07-27 23:00:00,23,,0.5
2023-07-28 00:00:00,0,,0.0
2023-07-28 01:00:00,1,,0.0
2023-07-28 02:00:00,2,,0.0
2023-07-28 03:00:00,3,,0.0
2023-07-28 04:00:00,4,,0.2
2023-07-28 05:00:00,5,,0.5
2023-07-28 06:00:00,6,,0.0
2023-07-28 07:00:00,7,,0.0
2023-07-28 08:00:00,8,,0.7
2023-07-28 09:00:00,9,,2.0
2023-07-28 10:00:00,10,59.7,0.0
2023-07-28 11:00:00,11,515.2,0.1
2023-07-28 12:00:00,12,1355.2,2.8
2023-07-28 13:00:00,13,1725.3,2.4
2023-07-28 14:00:00,14,2127.7,2.6
2023-07-28 15:00:00,15,2178.6,3.6
2023-07-28 16:00:00,16,2047.9,2.3
2023-07-28 17:00:00,17,1858.4,1.8
2023-07-28 18:00:00,18,1621.8,2.2
2023-07-28 19:00:00,19,1035.8,2.1
2023-07-28 20:00:00,20,756.4,2.5
2023-07-28 21:00:00,21,98.2,1.2
2023-07-28 22:00:00,22,,0.0
2023-07-28 23:00:00,23,,0.0
2023-07-29 00:00:00,0,,0.4
2023-07-29 01:00:00,1,,0.1
2023-07-29 02:00:00,2,,0.0
2023-07-29 03:00:00,3,,0.8
2023-07-29 04:00:00,4,,0.0
2023-07-29 05:00:00,5,,0.0
2023-07-29 06:00:00,6,,0.0
2023-07-29 07:00:00,7,,0.4
2023-07-29 08:00:00,8,,0.0
2023-07-29 09:00:00,9,,0.0
2023-07-29 10:00:00,10,64.1,0.0
2023-07-29 11:00:00,11,521.8,1.9
2023-07-29 12:00:00,12,1323.8,1.1
2023-07-29 13:00:00,13,1691.1,3.1
2023-07-29 14:00:00,14,2086.3,2.8
2023-07-29 15:00:00,15,2135.3,2.9
2023-07-29 16:00:00,16,2000.7,2.6
2023-07-29 17:00:00,17,1797.5,2.4
2023-07-29 18:00:00,18,1651.4,2.1
2023-07-29 19:00:00,19,893.4,1.4
2023-07-29 20:00:00,20,599.4,1.4
2023-07-29 21:00:00,21,108.3,1.6
2023-07-29 22:00:00,22,,0.6
2023-07-29 23:00:00,23,,0.0
2023-07-30 00:00:00,0,,0.0
2023-07-30 01:00:00,1,,0.0
2023-07-30 02:00:00,2,,0.2
2023-07-30 03:00:00,3,,0.0
2023-07-30 04:00:00,4,,0.1
2023-07-30 05:00:00,5,,0.0
2023-07-30 06:00:00,6,,0.1
2023-07-30 07:00:00,7,,0.7
2023-07-30 08:00:00,8,,0.0
2023-07-30 09:00:00,9,,1.0
2023-07-30 10:00:00,10,80.6,0.3
2023-07-30 11:00:00,11,357.2,0.2
2023-07-30 12:00:00,12,1025.8,0.6
2023-07-30 13:00:00,13,1695.9,1.6
2023-07-30 14:00:00,14,2102.3,4.1
2023-07-30 15:00:00,15,2162.3,3.1
2023-07-30 16:00:00,16,1943.0,1.6
2023-07-30 17:00:00,17,1809.4,1.2
2023-07-30 18:00:00,18,1596.6,2.1
2023-07-30 19:00:00,19,1121.9,1.5
2023-07-30 20:00:00,20,740.2,1.7
2023-07-30 21:00:00,21,97.1,1.2
2023-07-30 22:00:00,22,,0.8
2023-07-30 23:00:00,23,,0.0
2023-07-31 00:00:00,0,,0.0
2023-07-31 01:00:00,1,,0.7
2023-07-31 02:00:00,2,,0.0
2023-07-31 03:00:00,3,,0.2
2023-07-31 04:00:00,4,,0.0
2023-07-31 05:00:00,5,,0.0
2023-07-31 06:00:00,6,,0.0
2023-07-31 07:00:00,7,,0.0
2023-07-31 08:00:00,8,,0.0
2023-07-31 09:00:00,9,,0.0
2023-07-31 10:00:00,10,92.0,0.1
2023-07-31 11:00:00,11,456.7,0.0
2023-07-31 12:00:00,12,1340.6,1.4
2023-07-31 13:00:00,13,1725.5,3.2
2023-07-31 14:00:00,14,2125.3,3.0
2023-07-31 15:00:00,15,2179.1,3.3
2023-07-31 16:00:00,16,2050.0,3.2
2023-07-31 17:00:00,17,1888.0,2.2
2023-07-31 18:00:00,18,1641.0,2.7
2023-07-31 19:00:00,19,1250.7,2.1
2023-07-31 20:00:00,20,777.2,2.0
2023-07-31 21:00:00,21,103.4,1.6
2023-07-31 22:00:00,22,,0.9
2023-07-31 23:00:00,23,,0.0
2023-08-01 00:00:00,0,,0.0
2023-08-01 01:00:00,1,,0.1
2023-08-01 02:00:00,2,,0.0
2023-08-01 03:00:00,3,,0.0
2023-08-01 04:00:00,4,,0.0
2023-08-01 05:00:00,5,,0.0
2023-08-01 06:00:00,6,,0.0
2023-08-01 07:00:00,7,,0.0
2023-08-01 08:00:00,8,,0.0
2023-08-01 09:00:00,9,,0.0
2023-08-01 10:00:00,10,91.6,1.2
2023-08-01 11:00:00,11,561.1,1.8
2023-08-01 12:00:00,12,1381.2,3.8
2023-08-01 13:00:00,13,1743.3,2.9
2023-08-01 14:00:00,14,2145.5,2.5
2023-08-01 15:00:00,15,2203.1,2.7
2023-08-01 16:00:00,16,2070.3,4.1
2023-08-01 17:00:00,17,1894.7,4.0
2023-08-01 18:00:00,18,1626.2,2.3
2023-08-01 19:00:00,19,1259.9,3.1
2023-08-01 20:00:00,20,789.8,3.2
2023-08-01 21:00:00,21,104.4,1.3
2023-08-01 22:00:00,22,,0.8
2023-08-01 23:00:00,23,,0.0
2023-08-02 00:00:00,0,,0.0
2023-08-02 01:00:00,1,,0.0
2023-08-02 02:00:00,2,,0.2
2023-08-02 03:00:00,3,,0.0
2023-08-02 04:00:00,4,,0.0
2023-08-02 05:00:00,5,,0.0
2023-08-02 06:00:00,6,,0.1
2023-08-02 07:00:00,7,,0.1
2023-08-02 08:00:00,8,,0.0
2023-08-02 09:00:00,9,,1.7
2023-08-02 10:00:00,10,96.4,0.0
2023-08-02 11:00:00,11,573.6,2.4
2023-08-02 12:00:00,12,1386.5,2.2
2023-08-02 13:00:00,13,1766.3,2.0
2023-08-02 14:00:00,14,2036.7,2.4
2023-08-02 15:00:00,15,2189.4,2.7
2023-08-02 16:00:00,16,2083.8,2.5
2023-08-02 17:00:00,17,1932.0,2.6
2023-08-02 18:00:00,18,1615.1,2.4
2023-08-02 19:00:00,19,1033.4,2.5
2023-08-02 20:00:00,20,845.4,0.9
2023-08-02 21:00:00,21,106.7,0.8
2023-08-02 22:00:00,22,,0.0
2023-08-02 23:00:00,23,,0.0
2023-08-03 00:00:00,0,,0.1
2023-08-03 01:00:00,1,,0.2
2023-08-03 02:00:00,2,,0.0
2023-08-03 03:00:00,3,,0.6
2023-08-03 04:00:00,4,,0.1
2023-08-03 05:00:00,5,,0.0
2023-08-03 06:00:00,6,,0.0
2023-08-03 07:00:00,7,,0.0
2023-08-03 08:00:00,8,,0.0
2023-08-03 09:00:00,9,,0.7
2023-08-03 10:00:00,10,95.1,1.2
2023-08-03 11:00:00,11,622.4,1.9
2023-08-03 12:00:00,12,1459.4,2.6
2023-08-03 13:00:00,13,1697.7,2.6
2023-08-03 14:00:00,14,2234.9,2.9
2023-08-03 15:00:00,15,2135.7,2.8
2023-08-03 16:00:00,16,2007.7,2.9
2023-08-03 17:00:00,17,1492.9,2.7
2023-08-03 18:00:00,18,1093.3,1.9
2023-08-03 19:00:00,19,1037.0,1.4
2023-08-03 20:00:00,20,664.5,0.8
2023-08-03 21:00:00,21,121.5,1.1
2023-08-03 22:00:00,22,,0.1
2023-08-03 23:00:00,23,,0.7
2023-08-04 00:00:00,0,,0.0
2023-08-04 01:00:00,1,,0.0
2023-08-04 02:00:00,2,,0.1
2023-08-04 03:00:00,3,,0.9
2023-08-04 04:00:00,4,,0.0
2023-08-04 05:00:00,5,,0.0
2023-08-04 06:00:00,6,,0.0
2023-08-04 07:00:00,7,,0.1
2023-08-04 08:00:00,8,,0.0
2023-08-04 09:00:00,9,,0.0
2023-08-04 10:00:00,10,73.1,0.0
2023-08-04 11:00:00,11,639.3,0.4
2023-08-04 12:00:00,12,1426.1,2.6
2023-08-04 13:00:00,13,1749.9,2.0
2023-08-04 14:00:00,14,2146.9,1.4
2023-08-04 15:00:00,15,2204.6,1.9
2023-08-04 16:00:00,16,2086.1,1.8
2023-08-04 17:00:00,17,1912.5,2.3
2023-08-04 18:00:00,18,1172.9,0.9
2023-08-04 19:00:00,19,1264.7,2.2
2023-08-04 20:00:00,20,667.6,0.7
2023-08-04 21:00:00,21,99.2,0.7
2023-08-04 22:00:00,22,,1.3
2023-08-04 23:00:00,23,,0.0
2023-08-05 00:00:00,0,,0.0
2023-08-05 01:00:00,1,,2.1
2023-08-05 02:00:00,2,,0.0
2023-08-05 03:00:00,3,,0.0
2023-08-05 04:00:00,4,,0.0
2023-08-05 05:00:00,5,,0.5
2023-08-05 06:00:00,6,,1.9
2023-08-05 07:00:00,7,,1.6
2023-08-05 08:00:00,8,,0.1
2023-08-05 09:00:00,9,,0.4
2023-08-05 10:00:00,10,90.1,0.1
2023-08-05 11:00:00,11,630.0,0.6
2023-08-05 12:00:00,12,1278.2,1.6
2023-08-05 13:00:00,13,1309.5,1.9
2023-08-05 14:00:00,14,2183.7,2.7
2023-08-05 15:00:00,15,1998.8,1.5
2023-08-05 16:00:00,16,2077.2,1.5
2023-08-05 17:00:00,17,1210.2,1.4
2023-08-05 18:00:00,18,1148.7,1.1
2023-08-05 19:00:00,19,1378.0,1.1
2023-08-05 20:00:00,20,678.0,1.3
2023-08-05 21:00:00,21,98.5,1.3
2023-08-05 22:00:00,22,,1.0
2023-08-05 23:00:00,23,,0.9
2023-08-06 00:00:00,0,,0.0
2023-08-06 01:00:00,1,,0.6
2023-08-06 02:00:00,2,,0.8
2023-08-06 03:00:00,3,,0.6
2023-08-06 04:00:00,4,,0.3
2023-08-06 05:00:00,5,,0.0
2023-08-06 06:00:00,6,,0.7
2023-08-06 07:00:00,7,,0.1
2023-08-06 08:00:00,8,,0.9
2023-08-06 09:00:00,9,,0.8
2023-08-06 10:00:00,10,87.1,0.4
2023-08-06 11:00:00,11,657.6,0.4
2023-08-06 12:00:00,12,1391.4,0.5
2023-08-06 13:00:00,13,1768.8,0.7
2023-08-06 14:00:00,14,2159.8,2.3
2023-08-06 15:00:00,15,2220.5,2.1
2023-08-06 16:00:00,16,2092.4,2.6
2023-08-06 17:00:00,17,1917.4,2.2
2023-08-06 18:00:00,18,1676.0,1.8
2023-08-06 19:00:00,19,1256.2,0.6
2023-08-06 20:00:00,20,781.4,1.4
2023-08-06 21:00:00,21,96.9,1.8
2023-08-06 22:00:00,22,,2.0
2023-08-06 23:00:00,23,,0.4
2023-08-07 00:00:00,0,,0.0
2023-08-07 01:00:00,1,,0.0
2023-08-07 02:00:00,2,,0.0
2023-08-07 03:00:00,3,,0.9
2023-08-07 04:00:00,4,,0.0
2023-08-07 05:00:00,5,,0.0
2023-08-07 06:00:00,6,,2.0
2023-08-07 07:00:00,7,,0.0
2023-08-07 08:00:00,8,,1.2
2023-08-07 09:00:00,9,,0.0
2023-08-07 10:00:00,10,89.6,0.3
2023-08-07 11:00:00,11,650.8,1.9
2023-08-07 12:00:00,12,1395.6,3.5
2023-08-07 13:00:00,13,1755.5,3.8
2023-08-07 14:00:00,14,2119.5,2.8
2023-08-07 15:00:00,15,2199.8,3.3
2023-08-07 16:00:00,16,2075.6,2.9
2023-08-07 17:00:00,17,1895.6,1.8
2023-08-07 18:00:00,18,1507.8,3.4
2023-08-07 19:00:00,19,948.7,2.4
2023-08-07 20:00:00,20,570.5,2.0
2023-08-07 21:00:00,21,88.7,0.6
2023-08-07 22:00:00,22,,0.0
2023-08-07 23:00:00,23,,0.1
2023-08-08 00:00:00,0,,0.1
2023-08-08 01:00:00,1,,0.0
2023-08-08 02:00:00,2,,0.0
2023-08-08 03:00:00,3,,0.0
2023-08-08 04:00:00,4,,0.0
2023-08-08 05:00:00,5,,0.0
2023-08-08 06:00:00,6,,0.0
2023-08-08 07:00:00,7,,0.1
2023-08-08 08:00:00,8,,0.0
2023-08-08 09:00:00,9,,1.6
2023-08-08 10:00:00,10,114.6,0.1
2023-08-08 11:00:00,11,602.6,0.3
2023-08-08 12:00:00,12,1394.2,2.1
2023-08-08 13:00:00,13,1761.6,3.6
2023-08-08 14:00:00,14,2141.8,3.5
2023-08-08 15:00:00,15,2204.9,3.0
2023-08-08 16:00:00,16,2042.9,2.8
2023-08-08 17:00:00,17,1634.4,2.5
2023-08-08 18:00:00,18,1558.5,1.7
2023-08-08 19:00:00,19,761.1,1.7
2023-08-08 20:00:00,20,578.6,2.0
2023-08-08 21:00:00,21,77.3,1.6
2023-08-08 22:00:00,22,,0.9
2023-08-08 23:00:00,23,,0.3
2023-08-09 00:00:00,0,,0.0
2023-08-09 01:00:00,1,,0.0
2023-08-09 02:00:00,2,,0.0
2023-08-09 03:00:00,3,,0.0
2023-08-09 04:00:00,4,,0.0
2023-08-09 05:00:00,5,,0.2
2023-08-09 06:00:00,6,,1.1
2023-08-09 07:00:00,7,,1.1
2023-08-09 08:00:00,8,,0.0
2023-08-09 09:00:00,9,,0.8
2023-08-09 10:00:00,10,98.6,0.5
2023-08-09 11:00:00,11,626.3,0.4
2023-08-09 12:00:00,12,1388.1,2.0
2023-08-09 13:00:00,13,1801.5,3.5
2023-08-09 14:00:00,14,2161.9,2.8
2023-08-09 15:00:00,15,2243.1,2.8
2023-08-09 16:00:00,16,2109.8,3.4
2023-08-09 17:00:00,17,1894.4,2.5
2023-08-09 18:00:00,18,1506.9,2.1
2023-08-09 19:00:00,19,1160.9,2.1
2023-08-09 20:00:00,20,550.6,2.6
2023-08-09 21:00:00,21,94.2,0.9
2023-08-09 22:00:00,22,,0.5
2023-08-09 23:00:00,23,,0.0
2023-08-10 00:00:00,0,,0.0
2023-08-10 01:00:00,1,,0.0
2023-08-10 02:00:00,2,,0.0
2023-08-10 03:00:00,3,,0.4
2023-08-10 04:00:00,4,,0.0
2023-08-10 05:00:00,5,,0.0
2023-08-10 06:00:00,6,,0.0
2023-08-10 07:00:00,7,,0.6
2023-08-10 08:00:00,8,,1.3
2023-08-10 09:00:00,9,,1.2
2023-08-10 10:00:00,10,124.1,2.1
2023-08-10 11:00:00,11,482.6,1.4
2023-08-10 12:00:00,12,1064.7,1.7
2023-08-10 13:00:00,13,1572.2,3.3
2023-08-10 14:00:00,14,2198.1,1.5
2023-08-10 15:00:00,15,1944.1,2.4
2023-08-10 16:00:00,16,1416.0,2.6
2023-08-10 17:00:00,17,1513.8,2.9
2023-08-10 18:00:00,18,1374.2,2.5
2023-08-10 19:00:00,19,1241.3,2.1
2023-08-10 20:00:00,20,677.6,1.9
2023-08-10 21:00:00,21,95.7,1.0
2023-08-10 22:00:00,22,,1.9
2023-08-10 23:00:00,23,,0.0
2023-08-11 00:00:00,0,,0.4
2023-08-11 01:00:00,1,,0.0
2023-08-11 02:00:00,2,,0.5
2023-08-11 03:00:00,3,,0.0
2023-08-11 04:00:00,4,,1.8
2023-08-11 05:00:00,5,,0.0
2023-08-11 06:00:00,6,,0.2
2023-08-11 07:00:00,7,,0.0
2023-08-11 08:00:00,8,,0.1
2023-08-11 09:00:00,9,,1.2
2023-08-11 10:00:00,10,106.5,0.0
2023-08-11 11:00:00,11,793.6,0.1
2023-08-11 12:00:00,12,1426.7,2.3
2023-08-11 13:00:00,13,1823.0,2.5
2023-08-11 14:00:00,14,2209.1,3.6
2023-08-11 15:00:00,15,2281.8,3.6
2023-08-11 16:00:00,16,2163.0,3.0
2023-08-11 17:00:00,17,1963.6,4.2
2023-08-11 18:00:00,18,1689.6,2.7
2023-08-11 19:00:00,19,1271.2,2.1
2023-08-11 20:00:00,20,795.7,2.5
2023-08-11 21:00:00,21,98.6,1.2
2023-08-11 22:00:00,22,,0.0
2023-08-11 23:00:00,23,,1.3
2023-08-12 00:00:00,0,,0.0
2023-08-12 01:00:00,1,,0.2
2023-08-12 02:00:00,2,,0.6
2023-08-12 03:00:00,3,,0.0
2023-08-12 04:00:00,4,,0.8
2023-08-12 05:00:00,5,,0.0
2023-08-12 06:00:00,6,,0.1
2023-08-12 07:00:00,7,,0.1
2023-08-12 08:00:00,8,,0.0
2023-08-12 09:00:00,9,,0.2
2023-08-12 10:00:00,10,98.7,0.0
2023-08-12 11:00:00,11,771.5,0.2
2023-08-12 12:00:00,12,1391.9,0.3
2023-08-12 13:00:00,13,1803.0,1.6
2023-08-12 14:00:00,14,2195.8,2.3
2023-08-12 15:00:00,15,2235.1,1.9
2023-08-12 16:00:00,16,1999.6,2.3
2023-08-12 17:00:00,17,1889.4,1.9
2023-08-12 18:00:00,18,1672.6,3.2
2023-08-12 19:00:00,19,1264.9,2.5
2023-08-12 20:00:00,20,776.3,2.3
2023-08-12 21:00:00,21,92.1,1.0
2023-08-12 22:00:00,22,,1.4
2023-08-12 23:00:00,23,,1.5
2023-08-13 00:00:00,0,,0.9
2023-08-13 01:00:00,1,,1.2
2023-08-13 02:00:00,2,,0.0
2023-08-13 03:00:00,3,,0.0
2023-08-13 04:00:00,4,,0.0
2023-08-13 05:00:00,5,,0.6
2023-08-13 06:00:00,6,,0.0
2023-08-13 07:00:00,7,,0.5
2023-08-13 08:00:00,8,,0.7
2023-08-13 09:00:00,9,,0.0
2023-08-13 10:00:00,10,101.2,0.0
2023-08-13 11:00:00,11,832.1,0.1
2023-08-13 12:00:00,12,1421.7,2.3
2023-08-13 13:00:00,13,1820.8,3.0
2023-08-13 14:00:00,14,2201.8,2.8
2023-08-13 15:00:00,15,2269.6,2.5
2023-08-13 16:00:00,16,2134.8,1.5
2023-08-13 17:00:00,17,1849.3,1.3
2023-08-13 18:00:00,18,1302.0,2.1
2023-08-13 19:00:00,19,1338.2,1.5
2023-08-13 20:00:00,20,736.5,1.5
2023-08-13 21:00:00,21,68.3,0.8
2023-08-13 22:00:00,22,,0.8
2023-08-13 23:00:00,23,,0.0
2023-08-14 00:00:00,0,,0.0
2023-08-14 01:00:00,1,,0.0
2023-08-14 02:00:00,2,,1.2
2023-08-14 03:00:00,3,,0.2
2023-08-14 04:00:00,4,,0.1
2023-08-14 05:00:00,5,,0.4
2023-08-14 06:00:00,6,,0.6
2023-08-14 07:00:00,7,,0.0
2023-08-14 08:00:00,8,,0.5
2023-08-14 09:00:00,9,,0.4
2023-08-14 10:00:00,10,106.7,0.5
2023-08-14 11:00:00,11,868.3,1.0
2023-08-14 12:00:00,12,1448.0,2.6
2023-08-14 13:00:00,13,1837.6,2.9
2023-08-14 14:00:00,14,2220.7,2.6
2023-08-14 15:00:00,15,2291.0,3.3
2023-08-14 16:00:00,16,2165.9,3.1
2023-08-14 17:00:00,17,1984.7,4.0
2023-08-14 18:00:00,18,1707.0,3.3
2023-08-14 19:00:00,19,1160.6,3.4
2023-08-14 20:00:00,20,770.1,2.0
2023-08-14 21:00:00,21,92.6,1.4
2023-08-14 22:00:00,22,,1.0
2023-08-14 23:00:00,23,,0.0
2023-08-15 00:00:00,0,,0.8
2023-08-15 01:00:00,1,,0.0
2023-08-15 02:00:00,2,,0.3
2023-08-15 03:00:00,3,,0.0
2023-08-15 04:00:00,4,,0.0
2023-08-15 05:00:00,5,,0.0
2023-08-15 06:00:00,6,,0.4
2023-08-15 07:00:00,7,,0.0
2023-08-15 08:00:00,8,,0.0
2023-08-15 09:00:00,9,,1.0
2023-08-15 10:00:00,10,121.0,2.9
2023-08-15 11:00:00,11,894.1,2.9
2023-08-15 12:00:00,12,1441.8,3.0
2023-08-15 13:00:00,13,1842.8,4.0
2023-08-15 14:00:00,14,2213.9,2.7
2023-08-15 15:00:00,15,2288.1,3.7
2023-08-15 16:00:00,16,2164.9,2.2
2023-08-15 17:00:00,17,1970.0,3.9
2023-08-15 18:00:00,18,1696.0,1.9
2023-08-15 19:00:00,19,1290.8,2.6
2023-08-15 20:00:00,20,783.3,2.9
2023-08-15 21:00:00,21,131.0,0.5
2023-08-15 22:00:00,22,,0.8
2023-08-15 23:00:00,23,,0.1
2023-08-16 00:00:00,0,,0.4
2023-08-16 01:00:00,1,,0.2
2023-08-16 02:00:00,2,,0.0
2023-08-16 03:00:00,3,,0.9
2023-08-16 04:00:00,4,,0.2
2023-08-16 05:00:00,5,,0.3
2023-08-16 06:00:00,6,,0.0
2023-08-16 07:00:00,7,,0.0
2023-08-16 08:00:00,8,,0.4
2023-08-16 09:00:00,9,,0.2
2023-08-16 10:00:00,10,131.7,1.9
2023-08-16 11:00:00,11,908.7,2.2
2023-08-16 12:00:00,12,1447.5,2.5
2023-08-16 13:00:00,13,1850.2,3.6
2023-08-16 14:00:00,14,2224.5,3.9
2023-08-16 15:00:00,15,2298.6,3.5
2023-08-16 16:00:00,16,2182.4,3.7
2023-08-16 17:00:00,17,2023.5,3.2
2023-08-16 18:00:00,18,1509.5,2.0
2023-08-16 19:00:00,19,1027.1,1.0
2023-08-16 20:00:00,20,781.2,1.7
2023-08-16 21:00:00,21,128.4,0.8
2023-08-16 22:00:00,22,,0.7
2023-08-16 23:00:00,23,,0.0
2023-08-17 00:00:00,0,,0.0
2023-08-17 01:00:00,1,,0.0
2023-08-17 02:00:00,2,,0.0
2023-08-17 03:00:00,3,,1.2
2023-08-17 04:00:00,4,,0.1
2023-08-17 05:00:00,5,,0.0
2023-08-17 06:00:00,6,,0.0
2023-08-17 07:00:00,7,,0.0
2023-08-17 08:00:00,8,,0.0
2023-08-17 09:00:00,9,,0.4
2023-08-17 10:00:00,10,128.6,2.3
2023-08-17 11:00:00,11,934.2,3.9
2023-08-17 12:00:00,12,1467.0,4.1
2023-08-17 13:00:00,13,1865.6,4.2
2023-08-17 14:00:00,14,2224.5,3.0
2023-08-17 15:00:00,15,2312.8,2.9
2023-08-17 16:00:00,16,2194.3,3.4
2023-08-17 17:00:00,17,1989.8,4.3
2023-08-17 18:00:00,18,1688.6,3.9
2023-08-17 19:00:00,19,1271.8,2.7
2023-08-17 20:00:00,20,791.3,2.1
2023-08-17 21:00:00,21,137.8,0.9
2023-08-17 22:00:00,22,,0.5
2023-08-17 23:00:00,23,,0.0
2023-08-18 00:00:00,0,,1.2
2023-08-18 01:00:00,1,,0.3
2023-08-18 02:00:00,2,,0.3
2023-08-18 03:00:00,3,,0.0
2023-08-18 04:00:00,4,,0.0
2023-08-18 05:00:00,5,,0.0
2023-08-18 06:00:00,6,,0.0
2023-08-18 07:00:00,7,,0.0
2023-08-18 08:00:00,8,,0.1
2023-08-18 09:00:00,9,,0.1
2023-08-18 10:00:00,10,122.2,0.0
2023-08-18 11:00:00,11,938.7,0.7
2023-08-18 12:00:00,12,1470.4,2.6
2023-08-18 13:00:00,13,1858.5,2.6
2023-08-18 14:00:00,14,2238.6,3.5
2023-08-18 15:00:00,15,2300.5,4.1
2023-08-18 16:00:00,16,2184.2,3.1
2023-08-18 17:00:00,17,2006.9,2.7
2023-08-18 18:00:00,18,1696.0,3.0
2023-08-18 19:00:00,19,1278.2,2.4
2023-08-18 20:00:00,20,776.0,1.6
2023-08-18 21:00:00,21,142.3,1.4
2023-08-18 22:00:00,22,,0.4
2023-08-18 23:00:00,23,,0.0
2023-08-19 00:00:00,0,,0.0
2023-08-19 01:00:00,1,,0.0
2023-08-19 02:00:00,2,,0.0
2023-08-19 03:00:00,3,,0.0
2023-08-19 04:00:00,4,,0.0
2023-08-19 05:00:00,5,,0.1
2023-08-19 06:00:00,6,,0.2
2023-08-19 07:00:00,7,,3.1
2023-08-19 08:00:00,8,,0.3
2023-08-19 09:00:00,9,,0.1
2023-08-19 10:00:00,10,115.1,0.0
2023-08-19 11:00:00,11,886.2,0.7
2023-08-19 12:00:00,12,1421.4,1.5
2023-08-19 13:00:00,13,1843.9,2.6
2023-08-19 14:00:00,14,2220.5,1.8
2023-08-19 15:00:00,15,2296.1,2.4
2023-08-19 16:00:00,16,1991.4,2.8
2023-08-19 17:00:00,17,1797.7,1.6
2023-08-19 18:00:00,18,1436.7,2.6
2023-08-19 19:00:00,19,1284.7,1.7
2023-08-19 20:00:00,20,855.0,2.1
2023-08-19 21:00:00,21,152.1,1.3
2023-08-19 22:00:00,22,,0.2
2023-08-19 23:00:00,23,,1.9
2023-08-20 00:00:00,0,,0.0
2023-08-20 01:00:00,1,,0.0
2023-08-20 02:00:00,2,,1.4
2023-08-20 03:00:00,3,,0.0
2023-08-20 04:00:00,4,,0.0
2023-08-20 05:00:00,5,,0.0
2023-08-20 06:00:00,6,,0.0
2023-08-20 07:00:00,7,,0.2
2023-08-20 08:00:00,8,,0.0
2023-08-20 09:00:00,9,,0.2
2023-08-20 10:00:00,10,53.7,0.0
2023-08-20 11:00:00,11,282.9,1.5
2023-08-20 12:00:00,12,767.2,1.8
2023-08-20 13:00:00,13,1814.4,2.6
2023-08-20 14:00:00,14,2044.5,2.1
2023-08-20 15:00:00,15,2370.7,2.5
2023-08-20 16:00:00,16,2310.2,2.1
2023-08-20 17:00:00,17,1676.8,2.0
2023-08-20 18:00:00,18,1489.8,2.2
2023-08-20 19:00:00,19,944.7,1.0
2023-08-20 20:00:00,20,570.3,1.2
2023-08-20 21:00:00,21,140.9,1.3
2023-08-20 22:00:00,22,,0.0
2023-08-20 23:00:00,23,,0.0
2023-08-21 00:00:00,0,,0.6
2023-08-21 01:00:00,1,,0.4
2023-08-21 02:00:00,2,,0.6
2023-08-21 03:00:00,3,,1.5
2023-08-21 04:00:00,4,,1.4
2023-08-21 05:00:00,5,,2.0
2023-08-21 06:00:00,6,,1.7
2023-08-21 07:00:00,7,,0.8
2023-08-21 08:00:00,8,,0.0
2023-08-21 09:00:00,9,,0.8
2023-08-21 10:00:00,10,120.3,0.0
2023-08-21 11:00:00,11,918.0,3.2
2023-08-21 12:00:00,12,1412.4,2.7
2023-08-21 13:00:00,13,1854.6,2.8
2023-08-21 14:00:00,14,2109.3,2.4
2023-08-21 15:00:00,15,2318.6,2.8
2023-08-21 16:00:00,16,2198.8,3.2
2023-08-21 17:00:00,17,1997.1,1.2
2023-08-21 18:00:00,18,1623.9,2.1
2023-08-21 19:00:00,19,1264.8,2.5
2023-08-21 20:00:00,20,776.1,2.1
2023-08-21 21:00:00,21,141.0,1.3
2023-08-21 22:00:00,22,,1.0
2023-08-21 23:00:00,23,,0.5
2023-08-22 00:00:00,0,,0.0
2023-08-22 01:00:00,1,,1.1
2023-08-22 02:00:00,2,,0.0
2023-08-22 03:00:00,3,,0.4
2023-08-22 04:00:00,4,,0.3
2023-08-22 05:00:00,5,,0.7
2023-08-22 06:00:00,6,,0.0
2023-08-22 07:00:00,7,,2.6
2023-08-22 08:00:00,8,,2.0
2023-08-22 09:00:00,9,,0.9
2023-08-22 10:00:00,10,112.9,0.9
2023-08-22 11:00:00,11,331.8,1.5
2023-08-22 12:00:00,12,457.9,2.8
2023-08-22 13:00:00,13,911.9,3.3
2023-08-22 14:00:00,14,1675.9,1.8
2023-08-22 15:00:00,15,1880.0,2.7
2023-08-22 16:00:00,16,2143.1,1.7
2023-08-22 17:00:00,17,1720.9,2.3
2023-08-22 18:00:00,18,1536.4,2.2
2023-08-22 19:00:00,19,1068.0,2.2
2023-08-22 20:00:00,20,727.1,1.8
2023-08-22 21:00:00,21,125.0,1.7
2023-08-22 22:00:00,22,,1.3
2023-08-22 23:00:00,23,,0.0
2023-08-23 00:00:00,0,,0.0
2023-08-23 01:00:00,1,,0.0
2023-08-23 02:00:00,2,,1.6
2023-08-23 03:00:00,3,,1.2
2023-08-23 04:00:00,4,,0.0
2023-08-23 05:00:00,5,,0.0
2023-08-23 06:00:00,6,,0.1
2023-08-23 07:00:00,7,,0.1
2023-08-23 08:00:00,8,,0.0
2023-08-23 09:00:00,9,,0.0
2023-08-23 10:00:00,10,41.6,1.3
2023-08-23 11:00:00,11,208.6,2.7
2023-08-23 12:00:00,12,528.5,2.3
2023-08-23 13:00:00,13,848.8,2.5
2023-08-23 14:00:00,14,1189.2,1.2
2023-08-23 15:00:00,15,1753.1,2.4
2023-08-23 16:00:00,16,1824.0,1.3
2023-08-23 17:00:00,17,2118.4,2.1
2023-08-23 18:00:00,18,1557.0,2.8
2023-08-23 19:00:00,19,1238.0,3.2
2023-08-23 20:00:00,20,691.8,1.6
2023-08-23 21:00:00,21,123.4,1.6
2023-08-23 22:00:00,22,,0.6
2023-08-23 23:00:00,23,,0.4
2023-08-24 00:00:00,0,,0.0
2023-08-24 01:00:00,1,,1.6
2023-08-24 02:00:00,2,,0.0
2023-08-24 03:00:00,3,,1.1
2023-08-24 04:00:00,4,,0.5
2023-08-24 05:00:00,5,,1.9
2023-08-24 06:00:00,6,,2.3
2023-08-24 07:00:00,7,,0.0
2023-08-24 08:00:00,8,,0.0
2023-08-24 09:00:00,9,,0.0
2023-08-24 10:00:00,10,121.9,0.0
2023-08-24 11:00:00,11,896.3,0.1
2023-08-24 12:00:00,12,1454.2,1.6
2023-08-24 13:00:00,13,1904.5,1.2
2023-08-24 14:00:00,14,2268.4,1.8
2023-08-24 15:00:00,15,2106.4,2.1
2023-08-24 16:00:00,16,2063.8,2.9
2023-08-24 17:00:00,17,1956.7,1.8
2023-08-24 18:00:00,18,1480.5,2.8
2023-08-24 19:00:00,19,1148.4,1.2
2023-08-24 20:00:00,20,754.6,0.8
2023-08-24 21:00:00,21,118.7,0.9
2023-08-24 22:00:00,22,,1.4
2023-08-24 23:00:00,23,,0.0
2023-08-25 00:00:00,0,,0.8
2023-08-25 01:00:00,1,,1.3
2023-08-25 02:00:00,2,,0.0
2023-08-25 03:00:00,3,,0.5
2023-08-25 04:00:00,4,,2.4
2023-08-25 05:00:00,5,,1.9
2023-08-25 06:00:00,6,,1.7
2023-08-25 07:00:00,7,,0.4
2023-08-25 08:00:00,8,,0.9
2023-08-25 09:00:00,9,,1.2
2023-08-25 10:00:00,10,127.8,0.8
2023-08-25 11:00:00,11,772.1,2.3
2023-08-25 12:00:00,12,1343.6,2.5
2023-08-25 13:00:00,13,1862.4,2.1
2023-08-25 14:00:00,14,2222.3,2.0
2023-08-25 15:00:00,15,2153.2,1.3
2023-08-25 16:00:00,16,2196.1,2.3
2023-08-25 17:00:00,17,1777.8,1.8
2023-08-25 18:00:00,18,1587.7,1.3
2023-08-25 19:00:00,19,1172.8,2.1
2023-08-25 20:00:00,20,693.4,3.6
2023-08-25 21:00:00,21,113.8,1.9
2023-08-25 22:00:00,22,,1.9
2023-08-25 23:00:00,23,,1.5
2023-08-26 00:00:00,0,,0.0
2023-08-26 01:00:00,1,,0.0
2023-08-26 02:00:00,2,,0.3
2023-08-26 03:00:00,3,,1.5
2023-08-26 04:00:00,4,,0.0
2023-08-26 05:00:00,5,,0.0
2023-08-26 06:00:00,6,,0.0
2023-08-26 07:00:00,7,,1.6
2023-08-26 08:00:00,8,,0.2
2023-08-26 09:00:00,9,,0.7
2023-08-26 10:00:00,10,98.7,1.8
2023-08-26 11:00:00,11,450.9,3.4
2023-08-26 12:00:00,12,916.9,2.9
2023-08-26 13:00:00,13,1233.0,2.2
2023-08-26 14:00:00,14,1702.8,1.0
2023-08-26 15:00:00,15,2112.1,1.6
2023-08-26 16:00:00,16,2313.0,1.6
2023-08-26 17:00:00,17,2214.5,1.0
2023-08-26 18:00:00,18,1755.0,1.7
2023-08-26 19:00:00,19,1227.5,1.5
2023-08-26 20:00:00,20,702.7,1.3
2023-08-26 21:00:00,21,106.4,0.0
2023-08-26 22:00:00,22,,0.0
2023-08-26 23:00:00,23,,0.0
2023-08-27 00:00:00,0,,0.1
2023-08-27 01:00:00,1,,0.0
2023-08-27 02:00:00,2,,0.3
2023-08-27 03:00:00,3,,0.0
2023-08-27 04:00:00,4,,0.4
2023-08-27 05:00:00,5,,1.1
2023-08-27 06:00:00,6,,2.9
2023-08-27 07:00:00,7,,0.9
2023-08-27 08:00:00,8,,1.5
2023-08-27 09:00:00,9,,2.9
2023-08-27 10:00:00,10,63.4,2.4
2023-08-27 11:00:00,11,229.3,3.8
2023-08-27 12:00:00,12,400.3,3.2
2023-08-27 13:00:00,13,485.1,1.4
2023-08-27 14:00:00,14,888.6,2.5
2023-08-27 15:00:00,15,1428.8,0.6
2023-08-27 16:00:00,16,1732.9,0.6
2023-08-27 17:00:00,17,1614.0,1.1
2023-08-27 18:00:00,18,1286.1,1.3
2023-08-27 19:00:00,19,1267.8,0.7
2023-08-27 20:00:00,20,754.6,1.4
2023-08-27 21:00:00,21,123.1,0.7
2023-08-27 22:00:00,22,,0.1
2023-08-27 23:00:00,23,,0.0
2023-08-28 00:00:00,0,,0.0
2023-08-28 01:00:00,1,,0.0
2023-08-28 02:00:00,2,,0.0
2023-08-28 03:00:00,3,,0.3
2023-08-28 04:00:00,4,,0.1
2023-08-28 05:00:00,5,,3.1
2023-08-28 06:00:00,6,,3.4
2023-08-28 07:00:00,7,,2.3
2023-08-28 08:00:00,8,,1.7
2023-08-28 09:00:00,9,,2.2
2023-08-28 10:00:00,10,76.1,1.8
2023-08-28 11:00:00,11,508.0,3.7
2023-08-28 12:00:00,12,659.8,3.2
2023-08-28 13:00:00,13,862.2,3.0
2023-08-28 14:00:00,14,1386.7,2.7
2023-08-28 15:00:00,15,1400.3,1.9
2023-08-28 16:00:00,16,1362.8,1.3
2023-08-28 17:00:00,17,1314.1,1.1
2023-08-28 18:00:00,18,1487.6,1.1
2023-08-28 19:00:00,19,1278.5,1.8
2023-08-28 20:00:00,20,670.2,1.0
2023-08-28 21:00:00,21,99.7,1.2
2023-08-28 22:00:00,22,,1.3
2023-08-28 23:00:00,23,,0.0
2023-08-29 00:00:00,0,,0.0
2023-08-29 01:00:00,1,,0.3
2023-08-29 02:00:00,2,,0.0
2023-08-29 03:00:00,3,,0.6
2023-08-29 04:00:00,4,,1.0
2023-08-29 05:00:00,5,,0.7
2023-08-29 06:00:00,6,,0.9
2023-08-29 07:00:00,7,,0.0
2023-08-29 08:00:00,8,,1.3
2023-08-29 09:00:00,9,,0.1
2023-08-29 10:00:00,10,77.9,0.8
2023-08-29 11:00:00,11,293.4,1.6
2023-08-29 12:00:00,12,650.2,1.9
2023-08-29 13:00:00,13,906.5,1.6
2023-08-29 14:00:00,14,1602.3,1.0
2023-08-29 15:00:00,15,2169.1,1.5
2023-08-29 16:00:00,16,1359.0,1.1
2023-08-29 17:00:00,17,1751.6,1.8
2023-08-29 18:00:00,18,1422.2,1.4
2023-08-29 19:00:00,19,1021.3,0.6
2023-08-29 20:00:00,20,530.0,0.9
2023-08-29 21:00:00,21,86.9,0.6
2023-08-29 22:00:00,22,,0.0
2023-08-29 23:00:00,23,,1.9
2023-08-30 00:00:00,0,,0.0
2023-08-30 01:00:00,1,,0.1
2023-08-30 02:00:00,2,,0.0
2023-08-30 03:00:00,3,,0.0
2023-08-30 04:00:00,4,,0.5
2023-08-30 05:00:00,5,,3.2
2023-08-30 06:00:00,6,,1.4
2023-08-30 07:00:00,7,,1.2
2023-08-30 08:00:00,8,,0.2
2023-08-30 09:00:00,9,,0.2
2023-08-30 10:00:00,10,114.5,0.0
2023-08-30 11:00:00,11,353.3,0.0
2023-08-30 12:00:00,12,973.7,2.1
2023-08-30 13:00:00,13,1818.9,1.2
2023-08-30 14:00:00,14,1539.8,0.6
2023-08-30 15:00:00,15,1835.8,0.7
2023-08-30 16:00:00,16,2033.9,0.9
2023-08-30 17:00:00,17,2048.2,1.7
2023-08-30 18:00:00,18,1805.4,2.2
2023-08-30 19:00:00,19,1188.0,2.4
2023-08-30 20:00:00,20,744.9,1.8
2023-08-30 21:00:00,21,113.6,2.1
2023-08-30 22:00:00,22,,1.8
2023-08-30 23:00:00,23,,0.3
2023-08-31 00:00:00,0,,0.4
2023-08-31 01:00:00,1,,0.0
2023-08-31 02:00:00,2,,0.0
2023-08-31 03:00:00,3,,0.0
2023-08-31 04:00:00,4,,0.4
2023-08-31 05:00:00,5,,4.0
2023-08-31 06:00:00,6,,1.0
2023-08-31 07:00:00,7,,0.4
2023-08-31 08:00:00,8,,0.0
2023-08-31 09:00:00,9,,1.5
2023-08-31 10:00:00,10,77.1,1.8
2023-08-31 11:00:00,11,333.3,1.3
2023-08-31 12:00:00,12,513.9,1.3
2023-08-31 13:00:00,13,849.0,0.9
2023-08-31 14:00:00,14,1566.7,0.7
2023-08-31 15:00:00,15,1685.1,1.2
2023-08-31 16:00:00,16,2338.3,1.1
2023-08-31 17:00:00,17,1598.0,1.8
2023-08-31 18:00:00,18,1637.0,1.6
2023-08-31 19:00:00,19,1206.5,1.0
2023-08-31 20:00:00,20,575.7,0.2
2023-08-31 21:00:00,21,90.8,1.0
2023-08-31 22:00:00,22,,0.9
2023-08-31 23:00:00,23,,0.1
2023-09-01 00:00:00,0,,0.0
2023-09-01 01:00:00,1,,0.0
2023-09-01 02:00:00,2,,0.0
2023-09-01 03:00:00,3,,0.0
2023-09-01 04:00:00,4,,0.3
2023-09-01 05:00:00,5,,2.1
2023-09-01 06:00:00,6,,2.0
2023-09-01 07:00:00,7,,1.8
2023-09-01 08:00:00,8,,0.8
2023-09-01 09:00:00,9,,0.8
2023-09-01 10:00:00,10,88.1,0.4
2023-09-01 11:00:00,11,512.3,2.3
2023-09-01 12:00:00,12,1332.0,2.5
2023-09-01 13:00:00,13,2000.3,2.0
2023-09-01 14:00:00,14,2051.1,2.7
2023-09-01 15:00:00,15,1643.4,2.2
2023-09-01 16:00:00,16,1724.0,0.7
2023-09-01 17:00:00,17,2141.4,1.2
2023-09-01 18:00:00,18,1411.4,1.6
2023-09-01 19:00:00,19,854.4,2.0
2023-09-01 20:00:00,20,685.4,2.3
2023-09-01 21:00:00,21,88.5,1.2
2023-09-01 22:00:00,22,,0.7
2023-09-01 23:00:00,23,,0.0
2023-09-02 00:00:00,0,,0.8
2023-09-02 01:00:00,1,,0.0
2023-09-02 02:00:00,2,,0.8
2023-09-02 03:00:00,3,,0.0
2023-09-02 04:00:00,4,,1.9
2023-09-02 05:00:00,5,,2.0
2023-09-02 06:00:00,6,,2.2
2023-09-02 07:00:00,7,,1.9
2023-09-02 08:00:00,8,,2.2
2023-09-02 09:00:00,9,,0.6
2023-09-02 10:00:00,10,97.2,0.1
2023-09-02 11:00:00,11,508.3,1.2
2023-09-02 12:00:00,12,1082.9,0.6
2023-09-02 13:00:00,13,1900.4,1.3
2023-09-02 14:00:00,14,1865.0,1.3
2023-09-02 15:00:00,15,2099.5,2.3
2023-09-02 16:00:00,16,2158.1,2.2
2023-09-02 17:00:00,17,2171.8,2.5
2023-09-02 18:00:00,18,1751.2,1.7
2023-09-02 19:00:00,19,1162.1,2.0
2023-09-02 20:00:00,20,791.7,2.5
2023-09-02 21:00:00,21,119.4,1.7
2023-09-02 22:00:00,22,,0.7
2023-09-02 23:00:00,23,,0.1
2023-09-03 00:00:00,0,,1.2
2023-09-03 01:00:00,1,,0.0
2023-09-03 02:00:00,2,,0.5
2023-09-03 03:00:00,3,,0.0
2023-09-03 04:00:00,4,,0.0
2023-09-03 05:00:00,5,,0.0
2023-09-03 06:00:00,6,,2.4
2023-09-03 07:00:00,7,,0.5
2023-09-03 08:00:00,8,,1.6
2023-09-03 09:00:00,9,0.3,0.0
2023-09-03 10:00:00,10,131.1,0.0
2023-09-03 11:00:00,11,485.3,0.0
2023-09-03 12:00:00,12,1457.2,1.6
2023-09-03 13:00:00,13,1949.0,2.1
2023-09-03 14:00:00,14,1983.4,2.6
2023-09-03 15:00:00,15,2417.6,2.5
2023-09-03 16:00:00,16,2219.5,1.8
2023-09-03 17:00:00,17,2028.4,3.2
2023-09-03 18:00:00,18,1062.7,0.9
2023-09-03 19:00:00,19,1094.9,2.1
2023-09-03 20:00:00,20,778.5,1.0
2023-09-03 21:00:00,21,113.4,1.1
2023-09-03 22:00:00,22,,2.8
2023-09-03 23:00:00,23,,0.4
2023-09-04 00:00:00,0,,0.6
2023-09-04 01:00:00,1,,1.4
2023-09-04 02:00:00,2,,1.0
2023-09-04 03:00:00,3,,0.4
2023-09-04 04:00:00,4,,0.1
2023-09-04 05:00:00,5,,0.2
2023-09-04 06:00:00,6,,0.0
2023-09-04 07:00:00,7,,0.4
2023-09-04 08:00:00,8,,1.3
2023-09-04 09:00:00,9,,0.9
2023-09-04 10:00:00,10,200.5,0.9
2023-09-04 11:00:00,11,954.4,0.3
2023-09-04 12:00:00,12,1536.0,1.0
2023-09-04 13:00:00,13,2018.8,1.9
2023-09-04 14:00:00,14,2458.6,2.2
2023-09-04 15:00:00,15,2480.9,1.9
2023-09-04 16:00:00,16,2237.3,2.4
2023-09-04 17:00:00,17,2096.7,2.2
2023-09-04 18:00:00,18,1749.8,2.8
2023-09-04 19:00:00,19,1295.3,1.9
2023-09-04 20:00:00,20,730.9,1.7
2023-09-04 21:00:00,21,90.2,1.9
2023-09-04 22:00:00,22,,1.8
2023-09-04 23:00:00,23,,0.1
2023-09-05 00:00:00,0,,0.0
2023-09-05 01:00:00,1,,0.7
2023-09-05 02:00:00,2,,0.0
2023-09-05 03:00:00,3,,0.0
2023-09-05 04:00:00,4,,0.0
2023-09-05 05:00:00,5,,0.0
2023-09-05 06:00:00,6,,0.1
2023-09-05 07:00:00,7,,0.4
2023-09-05 08:00:00,8,,0.0
2023-09-05 09:00:00,9,,0.0
2023-09-05 10:00:00,10,207.5,0.1
2023-09-05 11:00:00,11,964.1,1.2
2023-09-05 12:00:00,12,1548.1,0.6
2023-09-05 13:00:00,13,2087.2,4.0
2023-09-05 14:00:00,14,2441.0,3.1
2023-09-05 15:00:00,15,2543.5,2.6
2023-09-05 16:00:00,16,2249.2,3.3
2023-09-05 17:00:00,17,2200.2,2.2
2023-09-05 18:00:00,18,1520.1,2.0
2023-09-05 19:00:00,19,1129.9,2.6
2023-09-05 20:00:00,20,702.6,3.7
2023-09-05 21:00:00,21,86.4,0.6
2023-09-05 22:00:00,22,,1.1
2023-09-05 23:00:00,23,,0.0
2023-09-06 00:00:00,0,,0.0
2023-09-06 01:00:00,1,,0.5
2023-09-06 02:00:00,2,,0.0
2023-09-06 03:00:00,3,,0.3
2023-09-06 04:00:00,4,,0.0
2023-09-06 05:00:00,5,,0.0
2023-09-06 06:00:00,6,,1.9
2023-09-06 07:00:00,7,,0.8
2023-09-06 08:00:00,8,,1.1
2023-09-06 09:00:00,9,,0.0
2023-09-06 10:00:00,10,208.7,0.0
2023-09-06 11:00:00,11,992.5,2.0
2023-09-06 12:00:00,12,1584.6,2.1
2023-09-06 13:00:00,13,2119.7,2.6
2023-09-06 14:00:00,14,2431.4,2.7
2023-09-06 15:00:00,15,2550.2,3.2
2023-09-06 16:00:00,16,2397.2,2.5
2023-09-06 17:00:00,17,1914.8,2.3
2023-09-06 18:00:00,18,1682.2,2.7
2023-09-06 19:00:00,19,1275.2,1.9
2023-09-06 20:00:00,20,761.9,1.7
2023-09-06 21:00:00,21,83.5,0.0
2023-09-06 22:00:00,22,,0.2
2023-09-06 23:00:00,23,,0.0
2023-09-07 00:00:00,0,,0.0
2023-09-07 01:00:00,1,,0.4
2023-09-07 02:00:00,2,,0.0
2023-09-07 03:00:00,3,,1.6
2023-09-07 04:00:00,4,,0.4
2023-09-07 05:00:00,5,,2.5
2023-09-07 06:00:00,6,,1.4
2023-09-07 07:00:00,7,,1.3
2023-09-07 08:00:00,8,,0.0
2023-09-07 09:00:00,9,,0.1
2023-09-07 10:00:00,10,245.9,0.1
2023-09-07 11:00:00,11,1018.8,0.7
2023-09-07 12:00:00,12,1606.0,2.8
2023-09-07 13:00:00,13,2179.7,3.9
2023-09-07 14:00:00,14,2499.6,3.4
2023-09-07 15:00:00,15,2577.3,3.0
2023-09-07 16:00:00,16,2280.0,3.4
2023-09-07 17:00:00,17,1838.7,3.1
2023-09-07 18:00:00,18,1615.4,2.2
2023-09-07 19:00:00,19,1233.1,1.2
2023-09-07 20:00:00,20,394.9,2.2
2023-09-07 21:00:00,21,96.5,1.7
2023-09-07 22:00:00,22,,2.1
2023-09-07 23:00:00,23,,0.1
2023-09-08 00:00:00,0,,0.0
2023-09-08 01:00:00,1,,0.0
2023-09-08 02:00:00,2,,0.3
2023-09-08 03:00:00,3,,0.0
2023-09-08 04:00:00,4,,0.1
2023-09-08 05:00:00,5,,0.0
2023-09-08 06:00:00,6,,3.3
2023-09-08 07:00:00,7,,1.9
2023-09-08 08:00:00,8,,0.0
2023-09-08 09:00:00,9,,0.0
2023-09-08 10:00:00,10,248.0,0.3
2023-09-08 11:00:00,11,1050.0,0.4
2023-09-08 12:00:00,12,1652.4,4.0
2023-09-08 13:00:00,13,2181.3,2.5
2023-09-08 14:00:00,14,2310.2,3.5
2023-09-08 15:00:00,15,2355.5,2.8
2023-09-08 16:00:00,16,2540.2,3.1
2023-09-08 17:00:00,17,2066.4,1.9
2023-09-08 18:00:00,18,1768.4,1.8
2023-09-08 19:00:00,19,1338.0,1.8
2023-09-08 20:00:00,20,779.9,2.4
2023-09-08 21:00:00,21,68.1,1.0
2023-09-08 22:00:00,22,,0.7
2023-09-08 23:00:00,23,,1.3
2023-09-09 00:00:00,0,,0.0
2023-09-09 01:00:00,1,,0.5
2023-09-09 02:00:00,2,,0.0
2023-09-09 03:00:00,3,,0.0
2023-09-09 04:00:00,4,,0.0
2023-09-09 05:00:00,5,,0.0
2023-09-09 06:00:00,6,,0.0
2023-09-09 07:00:00,7,,0.0
2023-09-09 08:00:00,8,,0.0
2023-09-09 09:00:00,9,,0.3
2023-09-09 10:00:00,10,262.7,0.0
2023-09-09 11:00:00,11,1070.7,2.8
2023-09-09 12:00:00,12,1667.5,2.9
2023-09-09 13:00:00,13,2183.1,3.1
2023-09-09 14:00:00,14,2497.8,3.8
2023-09-09 15:00:00,15,2594.3,2.4
2023-09-09 16:00:00,16,2344.2,2.4
2023-09-09 17:00:00,17,2018.5,3.0
2023-09-09 18:00:00,18,1715.2,3.3
2023-09-09 19:00:00,19,981.6,3.9
2023-09-09 20:00:00,20,487.0,2.6
2023-09-09 21:00:00,21,47.9,1.3
2023-09-09 22:00:00,22,,1.0
2023-09-09 23:00:00,23,,0.2
2023-09-10 00:00:00,0,,0.0
2023-09-10 01:00:00,1,,0.0
2023-09-10 02:00:00,2,,0.4
2023-09-10 03:00:00,3,,0.0
2023-09-10 04:00:00,4,,1.0
2023-09-10 05:00:00,5,,0.5
2023-09-10 06:00:00,6,,0.3
2023-09-10 07:00:00,7,,0.8
2023-09-10 08:00:00,8,,2.1
2023-09-10 09:00:00,9,,0.0
2023-09-10 10:00:00,10,218.2,0.1
2023-09-10 11:00:00,11,1119.6,1.1
2023-09-10 12:00:00,12,1667.4,3.1
2023-09-10 13:00:00,13,2206.3,2.7
2023-09-10 14:00:00,14,2502.8,2.7
2023-09-10 15:00:00,15,2581.0,3.9
2023-09-10 16:00:00,16,2491.9,2.4
2023-09-10 17:00:00,17,2203.5,2.9
2023-09-10 18:00:00,18,1642.9,2.4
2023-09-10 19:00:00,19,1107.6,2.2
2023-09-10 20:00:00,20,536.6,2.3
2023-09-10 21:00:00,21,53.5,1.1
2023-09-10 22:00:00,22,,1.3
2023-09-10 23:00:00,23,,0.0
2023-09-11 00:00:00,0,,0.0
2023-09-11 01:00:00,1,,0.0
2023-09-11 02:00:00,2,,0.5
2023-09-11 03:00:00,3,,0.2
2023-09-11 04:00:00,4,,0.0
2023-09-11 05:00:00,5,,0.0
2023-09-11 06:00:00,6,,0.0
2023-09-11 07:00:00,7,,2.7
2023-09-11 08:00:00,8,,1.3
2023-09-11 09:00:00,9,,1.5
2023-09-11 10:00:00,10,285.0,0.0
2023-09-11 11:00:00,11,1066.2,0.6
2023-09-11 12:00:00,12,1662.2,2.7
2023-09-11 13:00:00,13,2205.5,3.0
2023-09-11 14:00:00,14,2353.8,3.4
2023-09-11 15:00:00,15,2008.1,3.1
2023-09-11 16:00:00,16,1826.1,2.1
2023-09-11 17:00:00,17,1792.0,2.7
2023-09-11 18:00:00,18,1558.1,1.3
2023-09-11 19:00:00,19,1234.9,2.2
2023-09-11 20:00:00,20,580.7,2.2
2023-09-11 21:00:00,21,44.8,1.5
2023-09-11 22:00:00,22,,2.1
2023-09-11 23:00:00,23,,0.0
2023-09-12 00:00:00,0,,0.1
2023-09-12 01:00:00,1,,0.0
2023-09-12 02:00:00,2,,0.0
2023-09-12 03:00:00,3,,0.0
2023-09-12 04:00:00,4,,0.0
2023-09-12 05:00:00,5,,0.5
2023-09-12 06:00:00,6,,2.8
2023-09-12 07:00:00,7,,2.8
2023-09-12 08:00:00,8,,0.7
2023-09-12 09:00:00,9,1.7,0.0
2023-09-12 10:00:00,10,274.3,0.0
2023-09-12 11:00:00,11,1077.7,0.9
2023-09-12 12:00:00,12,1672.8,3.4
2023-09-12 13:00:00,13,2201.4,3.5
2023-09-12 14:00:00,14,2536.8,3.5
2023-09-12 15:00:00,15,2664.3,3.1
2023-09-12 16:00:00,16,2322.8,2.4
2023-09-12 17:00:00,17,2220.8,2.1
2023-09-12 18:00:00,18,1539.6,2.7
2023-09-12 19:00:00,19,1215.3,2.4
2023-09-12 20:00:00,20,638.9,1.7
2023-09-12 21:00:00,21,49.2,1.3
2023-09-12 22:00:00,22,,1.7
2023-09-12 23:00:00,23,,0.0
2023-09-13 00:00:00,0,,0.0
2023-09-13 01:00:00,1,,0.6
2023-09-13 02:00:00,2,,0.0
2023-09-13 03:00:00,3,,0.0
2023-09-13 04:00:00,4,,0.7
2023-09-13 05:00:00,5,,1.1
2023-09-13 06:00:00,6,,0.0
2023-09-13 07:00:00,7,,0.3
2023-09-13 08:00:00,8,,1.6
2023-09-13 09:00:00,9,,0.0
2023-09-13 10:00:00,10,282.1,0.5
2023-09-13 11:00:00,11,1077.1,0.7
2023-09-13 12:00:00,12,1673.9,2.5
2023-09-13 13:00:00,13,2190.2,3.5
2023-09-13 14:00:00,14,2376.7,2.5
2023-09-13 15:00:00,15,2459.9,3.3
2023-09-13 16:00:00,16,2460.7,2.4
2023-09-13 17:00:00,17,2085.5,2.8
2023-09-13 18:00:00,18,1744.7,2.1
2023-09-13 19:00:00,19,1168.1,2.5
2023-09-13 20:00:00,20,490.5,1.8
2023-09-13 21:00:00,21,40.0,0.8
2023-09-13 22:00:00,22,,0.5
2023-09-13 23:00:00,23,,0.1
2023-09-14 00:00:00,0,,0.0
2023-09-14 01:00:00,1,,0.0
2023-09-14 02:00:00,2,,0.0
2023-09-14 03:00:00,3,,2.8
2023-09-14 04:00:00,4,,1.8
2023-09-14 05:00:00,5,,0.0
2023-09-14 06:00:00,6,,2.0
2023-09-14 07:00:00,7,,1.8
2023-09-14 08:00:00,8,,1.1
2023-09-14 09:00:00,9,,0.1
2023-09-14 10:00:00,10,249.5,1.4
2023-09-14 11:00:00,11,988.1,1.0
2023-09-14 12:00:00,12,1558.8,1.1
2023-09-14 13:00:00,13,1666.7,1.9
2023-09-14 14:00:00,14,2033.0,1.3
2023-09-14 15:00:00,15,2533.8,1.9
2023-09-14 16:00:00,16,2382.3,2.8
2023-09-14 17:00:00,17,1999.9,3.3
2023-09-14 18:00:00,18,1564.8,3.6
2023-09-14 19:00:00,19,1149.9,3.3
2023-09-14 20:00:00,20,525.2,2.7
2023-09-14 21:00:00,21,47.2,0.9
2023-09-14 22:00:00,22,,0.8
2023-09-14 23:00:00,23,,0.0
2023-09-15 00:00:00,0,,0.0
2023-09-15 01:00:00,1,,0.0
2023-09-15 02:00:00,2,,0.3
2023-09-15 03:00:00,3,,0.5
2023-09-15 04:00:00,4,,0.0
2023-09-15 05:00:00,5,,0.0
2023-09-15 06:00:00,6,,0.0
2023-09-15 07:00:00,7,,1.5
2023-09-15 08:00:00,8,,0.6
2023-09-15 09:00:00,9,0.2,0.0
2023-09-15 10:00:00,10,263.9,0.0
2023-09-15 11:00:00,11,995.7,0.7
2023-09-15 12:00:00,12,1579.2,0.9
2023-09-15 13:00:00,13,2090.1,1.2
2023-09-15 14:00:00,14,2388.6,2.1
2023-09-15 15:00:00,15,2494.0,2.0
2023-09-15 16:00:00,16,2340.0,2.5
2023-09-15 17:00:00,17,2097.5,2.2
2023-09-15 18:00:00,18,1573.6,2.1
2023-09-15 19:00:00,19,1078.3,1.8
2023-09-15 20:00:00,20,510.4,1.0
2023-09-15 21:00:00,21,40.4,1.6
2023-09-15 22:00:00,22,,0.5
2023-09-15 23:00:00,23,,0.1
2023-09-16 00:00:00,0,,0.3
2023-09-16 01:00:00,1,,1.3
2023-09-16 02:00:00,2,,0.6
2023-09-16 03:00:00,3,,0.9
2023-09-16 04:00:00,4,,0.7
2023-09-16 05:00:00,5,,0.5
2023-09-16 06:00:00,6,,0.3
2023-09-16 07:00:00,7,,0.2
2023-09-16 08:00:00,8,,0.0
2023-09-16 09:00:00,9,1.0,0.2
2023-09-16 10:00:00,10,207.3,0.3
2023-09-16 11:00:00,11,339.2,2.3
2023-09-16 12:00:00,12,429.3,1.8
2023-09-16 13:00:00,13,1694.6,1.1
2023-09-16 14:00:00,14,2211.5,1.7
2023-09-16 15:00:00,15,2471.1,1.5
2023-09-16 16:00:00,16,2227.2,2.9
2023-09-16 17:00:00,17,1851.5,1.9
2023-09-16 18:00:00,18,1445.6,1.9
2023-09-16 19:00:00,19,1119.8,1.7
2023-09-16 20:00:00,20,504.9,3.0
2023-09-16 21:00:00,21,40.0,1.8
2023-09-16 22:00:00,22,,2.2
2023-09-16 23:00:00,23,,0.0
2023-09-17 00:00:00,0,,0.6
2023-09-17 01:00:00,1,,0.0
2023-09-17 02:00:00,2,,0.2
2023-09-17 03:00:00,3,,0.0
2023-09-17 04:00:00,4,,0.1
2023-09-17 05:00:00,5,,2.0
2023-09-17 06:00:00,6,,1.7
2023-09-17 07:00:00,7,,0.0
2023-09-17 08:00:00,8,,0.0
2023-09-17 09:00:00,9,1.1,0.0
2023-09-17 10:00:00,10,276.7,0.0
2023-09-17 11:00:00,11,1044.2,1.1
2023-09-17 12:00:00,12,1437.1,0.7
2023-09-17 13:00:00,13,1807.8,2.6
2023-09-17 14:00:00,14,2289.8,1.4
2023-09-17 15:00:00,15,2239.5,1.5
2023-09-17 16:00:00,16,1830.3,2.3
2023-09-17 17:00:00,17,2123.8,1.4
2023-09-17 18:00:00,18,1681.0,2.3
2023-09-17 19:00:00,19,1152.2,3.4
2023-09-17 20:00:00,20,535.8,2.0
2023-09-17 21:00:00,21,42.1,2.0
2023-09-17 22:00:00,22,,1.9
2023-09-17 23:00:00,23,,0.1
2023-09-18 00:00:00,0,,0.0
2023-09-18 01:00:00,1,,0.0
2023-09-18 02:00:00,2,,0.0
2023-09-18 03:00:00,3,,0.0
2023-09-18 04:00:00,4,,0.5
2023-09-18 05:00:00,5,,0.3
2023-09-18 06:00:00,6,,0.0
2023-09-18 07:00:00,7,,1.0
2023-09-18 08:00:00,8,,0.2
2023-09-18 09:00:00,9,1.2,0.0
2023-09-18 10:00:00,10,261.8,0.5
2023-09-18 11:00:00,11,968.3,0.3
2023-09-18 12:00:00,12,1525.9,0.7
2023-09-18 13:00:00,13,2001.3,2.1
2023-09-18 14:00:00,14,1997.1,2.3
2023-09-18 15:00:00,15,2336.5,2.5
2023-09-18 16:00:00,16,2062.6,1.8
2023-09-18 17:00:00,17,2035.5,2.5
2023-09-18 18:00:00,18,1663.9,2.6
2023-09-18 19:00:00,19,1077.2,2.0
2023-09-18 20:00:00,20,508.5,1.3
2023-09-18 21:00:00,21,43.0,0.0
2023-09-18 22:00:00,22,,0.3
2023-09-18 23:00:00,23,,0.1
2023-09-19 00:00:00,0,,0.7
2023-09-19 01:00:00,1,,1.0
2023-09-19 02:00:00,2,,0.0
2023-09-19 03:00:00,3,,0.0
2023-09-19 04:00:00,4,,0.0
2023-09-19 05:00:00,5,,0.4
2023-09-19 06:00:00,6,,0.0
2023-09-19 07:00:00,7,,0.1
2023-09-19 08:00:00,8,,2.5
2023-09-19 09:00:00,9,2.2,3.4
2023-09-19 10:00:00,10,288.3,2.9
2023-09-19 11:00:00,11,1040.9,1.3
2023-09-19 12:00:00,12,1603.4,2.1
2023-09-19 13:00:00,13,2114.3,3.5
2023-09-19 14:00:00,14,2367.5,3.3
2023-09-19 15:00:00,15,2351.9,2.3
2023-09-19 16:00:00,16,2297.0,2.6
2023-09-19 17:00:00,17,1995.7,2.5
2023-09-19 18:00:00,18,1497.6,2.7
2023-09-19 19:00:00,19,1016.8,1.5
2023-09-19 20:00:00,20,395.4,2.4
2023-09-19 21:00:00,21,41.8,1.7
2023-09-19 22:00:00,22,,1.2
2023-09-19 23:00:00,23,,0.0
2023-09-20 00:00:00,0,,0.2
2023-09-20 01:00:00,1,,0.0
2023-09-20 02:00:00,2,,0.0
2023-09-20 03:00:00,3,,0.4
2023-09-20 04:00:00,4,,0.2
2023-09-20 05:00:00,5,,0.1
2023-09-20 06:00:00,6,,1.4
2023-09-20 07:00:00,7,,2.0
2023-09-20 08:00:00,8,,0.0
2023-09-20 09:00:00,9,3.2,0.0
2023-09-20 10:00:00,10,293.3,0.0
2023-09-20 11:00:00,11,1015.2,0.6
2023-09-20 12:00:00,12,1355.6,3.3
2023-09-20 13:00:00,13,1921.6,3.5
2023-09-20 14:00:00,14,1861.7,2.2
2023-09-20 15:00:00,15,2061.3,2.5
2023-09-20 16:00:00,16,2289.2,2.2
2023-09-20 17:00:00,17,2025.7,2.0
2023-09-20 18:00:00,18,1803.7,2.1
2023-09-20 19:00:00,19,1097.4,1.0
2023-09-20 20:00:00,20,362.9,1.0
2023-09-20 21:00:00,21,44.1,0.1
2023-09-20 22:00:00,22,,0.0
2023-09-20 23:00:00,23,,0.0
2023-09-21 00:00:00,0,,0.0
2023-09-21 01:00:00,1,,0.9
2023-09-21 02:00:00,2,,0.0
2023-09-21 03:00:00,3,,1.7
2023-09-21 04:00:00,4,,1.6
2023-09-21 05:00:00,5,,2.5
2023-09-21 06:00:00,6,,1.1
2023-09-21 07:00:00,7,,1.2
2023-09-21 08:00:00,8,,1.8
2023-09-21 09:00:00,9,1.6,2.0
2023-09-21 10:00:00,10,284.9,1.0
2023-09-21 11:00:00,11,1067.1,2.1
2023-09-21 12:00:00,12,1665.2,1.9
2023-09-21 13:00:00,13,2215.9,1.6
2023-09-21 14:00:00,14,2467.5,2.3
2023-09-21 15:00:00,15,2435.3,1.9
2023-09-21 16:00:00,16,2232.8,1.1
2023-09-21 17:00:00,17,1911.7,2.1
2023-09-21 18:00:00,18,1581.8,1.1
2023-09-21 19:00:00,19,929.7,2.5
2023-09-21 20:00:00,20,449.3,2.6
2023-09-21 21:00:00,21,43.0,1.5
2023-09-21 22:00:00,22,,1.1
2023-09-21 23:00:00,23,,1.1
2023-09-22 00:00:00,0,,0.6
2023-09-22 01:00:00,1,,0.2
2023-09-22 02:00:00,2,,0.1
2023-09-22 03:00:00,3,,0.0
2023-09-22 04:00:00,4,,0.0
2023-09-22 05:00:00,5,,0.0
2023-09-22 06:00:00,6,,0.1
2023-09-22 07:00:00,7,,1.0
2023-09-22 08:00:00,8,,0.7
2023-09-22 09:00:00,9,1.9,0.5
2023-09-22 10:00:00,10,305.5,0.0
2023-09-22 11:00:00,11,1139.8,3.6
2023-09-22 12:00:00,12,1753.2,3.3
2023-09-22 13:00:00,13,2280.6,3.7
2023-09-22 14:00:00,14,2525.9,2.5
2023-09-22 15:00:00,15,2377.5,3.1
2023-09-22 16:00:00,16,2466.7,2.5
2023-09-22 17:00:00,17,2246.0,2.1
2023-09-22 18:00:00,18,1729.4,2.3
2023-09-22 19:00:00,19,1214.0,2.4
2023-09-22 20:00:00,20,485.5,1.4
2023-09-22 21:00:00,21,28.4,1.4
2023-09-22 22:00:00,22,,1.8
2023-09-22 23:00:00,23,,0.0
2023-09-23 00:00:00,0,,0.0
2023-09-23 01:00:00,1,,0.0
2023-09-23 02:00:00,2,,0.6
2023-09-23 03:00:00,3,,0.0
2023-09-23 04:00:00,4,,3.5
2023-09-23 05:00:00,5,,0.0
2023-09-23 06:00:00,6,,1.2
2023-09-23 07:00:00,7,,0.0
2023-09-23 08:00:00,8,,0.0
2023-09-23 09:00:00,9,4.8,0.0
2023-09-23 10:00:00,10,282.2,0.1
2023-09-23 11:00:00,11,1063.3,1.0
2023-09-23 12:00:00,12,1681.4,0.7
2023-09-23 13:00:00,13,2101.4,1.4
2023-09-23 14:00:00,14,1598.0,1.5
2023-09-23 15:00:00,15,2010.8,1.3
2023-09-23 16:00:00,16,2469.0,2.9
2023-09-23 17:00:00,17,1898.2,1.7
2023-09-23 18:00:00,18,1648.6,1.1
2023-09-23 19:00:00,19,941.9,0.7
2023-09-23 20:00:00,20,473.4,2.2
2023-09-23 21:00:00,21,42.2,1.8
2023-09-23 22:00:00,22,,2.1
2023-09-23 23:00:00,23,,1.7
2023-09-24 00:00:00,0,,0.1
2023-09-24 01:00:00,1,,0.8
2023-09-24 02:00:00,2,,0.0
2023-09-24 03:00:00,3,,0.4
2023-09-24 04:00:00,4,,0.0
2023-09-24 05:00:00,5,,0.9
2023-09-24 06:00:00,6,,1.5
2023-09-24 07:00:00,7,,0.1
2023-09-24 08:00:00,8,,0.0
2023-09-24 09:00:00,9,4.2,0.0
2023-09-24 10:00:00,10,192.8,0.0
2023-09-24 11:00:00,11,341.6,1.9
2023-09-24 12:00:00,12,716.0,2.2
2023-09-24 13:00:00,13,2163.3,2.1
2023-09-24 14:00:00,14,2504.1,2.3
2023-09-24 15:00:00,15,2550.4,3.1
2023-09-24 16:00:00,16,2367.6,2.7
2023-09-24 17:00:00,17,2019.2,2.1
2023-09-24 18:00:00,18,1356.5,1.3
2023-09-24 19:00:00,19,1118.1,0.7
2023-09-24 20:00:00,20,435.8,1.3
2023-09-24 21:00:00,21,74.4,0.9
2023-09-24 22:00:00,22,,0.1
2023-09-24 23:00:00,23,,0.2
2023-09-25 00:00:00,0,,1.7
2023-09-25 01:00:00,1,,0.5
2023-09-25 02:00:00,2,,0.5
2023-09-25 03:00:00,3,,0.8
2023-09-25 04:00:00,4,,1.9
2023-09-25 05:00:00,5,,1.9
2023-09-25 06:00:00,6,,0.0
2023-09-25 07:00:00,7,,0.2
2023-09-25 08:00:00,8,,0.2
2023-09-25 09:00:00,9,4.6,0.0
2023-09-25 10:00:00,10,297.3,0.0
2023-09-25 11:00:00,11,1079.4,2.0
2023-09-25 12:00:00,12,1669.1,2.7
2023-09-25 13:00:00,13,2237.2,2.9
2023-09-25 14:00:00,14,2492.5,2.5
2023-09-25 15:00:00,15,2602.9,2.1
2023-09-25 16:00:00,16,2249.8,2.5
2023-09-25 17:00:00,17,2151.5,1.8
2023-09-25 18:00:00,18,1575.0,1.1
2023-09-25 19:00:00,19,1300.9,1.6
2023-09-25 20:00:00,20,580.2,0.8
2023-09-25 21:00:00,21,70.2,1.7
2023-09-25 22:00:00,22,,0.6
2023-09-25 23:00:00,23,,0.2
2023-09-26 00:00:00,0,,0.0
2023-09-26 01:00:00,1,,0.3
2023-09-26 02:00:00,2,,0.1
2023-09-26 03:00:00,3,,0.0
2023-09-26 04:00:00,4,,2.5
2023-09-26 05:00:00,5,,2.4
2023-09-26 06:00:00,6,,1.8
2023-09-26 07:00:00,7,,2.5
2023-09-26 08:00:00,8,,2.4
2023-09-26 09:00:00,9,8.7,1.3
2023-09-26 10:00:00,10,217.8,0.8
2023-09-26 11:00:00,11,554.3,3.7
2023-09-26 12:00:00,12,937.4,3.7
2023-09-26 13:00:00,13,849.0,3.5
2023-09-26 14:00:00,14,1027.7,3.0
2023-09-26 15:00:00,15,1134.1,2.9
2023-09-26 16:00:00,16,1622.8,2.0
2023-09-26 17:00:00,17,2181.3,2.1
2023-09-26 18:00:00,18,1754.8,2.3
2023-09-26 19:00:00,19,1152.1,2.7
2023-09-26 20:00:00,20,503.4,3.5
2023-09-26 21:00:00,21,51.4,2.2
2023-09-26 22:00:00,22,,1.5
2023-09-26 23:00:00,23,,2.2
2023-09-27 00:00:00,0,,1.5
2023-09-27 01:00:00,1,,2.0
2023-09-27 02:00:00,2,,0.4
2023-09-27 03:00:00,3,,2.0
2023-09-27 04:00:00,4,,4.1
2023-09-27 05:00:00,5,,3.4
2023-09-27 06:00:00,6,,2.7
2023-09-27 07:00:00,7,,2.1
2023-09-27 08:00:00,8,,1.9
2023-09-27 09:00:00,9,3.6,0.7
2023-09-27 10:00:00,10,208.9,1.3
2023-09-27 11:00:00,11,865.8,3.0
2023-09-27 12:00:00,12,724.5,2.6
2023-09-27 13:00:00,13,2076.5,2.2
2023-09-27 14:00:00,14,2464.4,2.2
2023-09-27 15:00:00,15,2105.0,1.7
2023-09-27 16:00:00,16,2058.8,1.4
2023-09-27 17:00:00,17,2055.2,2.1
2023-09-27 18:00:00,18,1531.5,2.4
2023-09-27 19:00:00,19,830.6,2.4
2023-09-27 20:00:00,20,372.9,2.4
2023-09-27 21:00:00,21,63.3,1.6
2023-09-27 22:00:00,22,,1.6
2023-09-27 23:00:00,23,,0.9
2023-09-28 00:00:00,0,,0.0
2023-09-28 01:00:00,1,,0.0
2023-09-28 02:00:00,2,,0.0
2023-09-28 03:00:00,3,,3.2
2023-09-28 04:00:00,4,,3.2
2023-09-28 05:00:00,5,,2.6
2023-09-28 06:00:00,6,,2.9
2023-09-28 07:00:00,7,,3.4
2023-09-28 08:00:00,8,,1.7
2023-09-28 09:00:00,9,5.1,1.2
2023-09-28 10:00:00,10,269.7,0.9
2023-09-28 11:00:00,11,722.5,2.3
2023-09-28 12:00:00,12,1530.1,1.5
2023-09-28 13:00:00,13,2188.7,2.3
2023-09-28 14:00:00,14,2491.3,2.9
2023-09-28 15:00:00,15,2516.9,2.9
2023-09-28 16:00:00,16,2595.0,2.5
2023-09-28 17:00:00,17,1718.4,1.7
2023-09-28 18:00:00,18,1279.4,2.4
2023-09-28 19:00:00,19,1062.8,2.3
2023-09-28 20:00:00,20,502.3,2.4
2023-09-28 21:00:00,21,37.6,1.0
2023-09-28 22:00:00,22,,0.9
2023-09-28 23:00:00,23,,0.0
2023-09-29 00:00:00,0,,0.0
2023-09-29 01:00:00,1,,0.0
2023-09-29 02:00:00,2,,0.0
2023-09-29 03:00:00,3,,0.0
2023-09-29 04:00:00,4,,0.2
2023-09-29 05:00:00,5,,0.1
2023-09-29 06:00:00,6,,0.5
2023-09-29 07:00:00,7,,0.0
2023-09-29 08:00:00,8,,0.2
2023-09-29 09:00:00,9,11.6,0.0
2023-09-29 10:00:00,10,360.3,1.3
2023-09-29 11:00:00,11,1041.6,2.8
2023-09-29 12:00:00,12,1767.1,3.0
2023-09-29 13:00:00,13,2335.0,3.0
2023-09-29 14:00:00,14,2550.6,2.3
2023-09-29 15:00:00,15,2619.1,2.9
2023-09-29 16:00:00,16,2429.8,2.4
2023-09-29 17:00:00,17,2119.1,2.3
2023-09-29 18:00:00,18,1632.7,2.2
2023-09-29 19:00:00,19,1298.9,2.9
2023-09-29 20:00:00,20,542.7,2.4
2023-09-29 21:00:00,21,70.5,1.5
2023-09-29 22:00:00,22,,2.3
2023-09-29 23:00:00,23,,0.2
2023-09-30 00:00:00,0,,0.0
2023-09-30 01:00:00,1,,0.0
2023-09-30 02:00:00,2,,0.0
2023-09-30 03:00:00,3,,0.0
2023-09-30 04:00:00,4,,2.6
2023-09-30 05:00:00,5,,1.1
2023-09-30 06:00:00,6,,1.2
2023-09-30 07:00:00,7,,0.9
2023-09-30 08:00:00,8,,1.9
2023-09-30 09:00:00,9,7.1,0.8
2023-09-30 10:00:00,10,337.1,0.0
2023-09-30 11:00:00,11,1073.9,2.0
2023-09-30 12:00:00,12,1711.6,1.2
2023-09-30 13:00:00,13,2225.8,1.0
2023-09-30 14:00:00,14,2438.4,2.5
2023-09-30 15:00:00,15,2336.6,2.9
2023-09-30 16:00:00,16,2324.8,1.8
2023-09-30 17:00:00,17,2342.2,2.1
2023-09-30 18:00:00,18,1692.9,1.9
2023-09-30 19:00:00,19,1130.2,1.4
2023-09-30 20:00:00,20,339.7,0.6
2023-09-30 21:00:00,21,47.5,1.3
2023-09-30 22:00:00,22,,1.4
2023-09-30 23:00:00,23,,0.9
2023-10-01 00:00:00,0,,0.2
2023-10-01 01:00:00,1,,0.8
2023-10-01 02:00:00,2,,0.6
2023-10-01 03:00:00,3,,0.0
2023-10-01 04:00:00,4,,0.0
2023-10-01 05:00:00,5,,0.1
2023-10-01 06:00:00,6,,0.3
2023-10-01 07:00:00,7,,0.4
2023-10-01 08:00:00,8,,1.1
2023-10-01 09:00:00,9,7.9,0.1
2023-10-01 10:00:00,10,210.7,0.7
2023-10-01 11:00:00,11,567.4,0.2
2023-10-01 12:00:00,12,1294.2,0.3
2023-10-01 13:00:00,13,1675.7,0.7
2023-10-01 14:00:00,14,1898.8,2.2
2023-10-01 15:00:00,15,2571.0,1.8
2023-10-01 16:00:00,16,2430.0,1.5
2023-10-01 17:00:00,17,2322.0,2.0
2023-10-01 18:00:00,18,1872.0,1.8
2023-10-01 19:00:00,19,1280.5,1.3
2023-10-01 20:00:00,20,561.4,1.9
2023-10-01 21:00:00,21,49.7,1.9
2023-10-01 22:00:00,22,,1.6
2023-10-01 23:00:00,23,,0.2
2023-10-02 00:00:00,0,,0.2
2023-10-02 01:00:00,1,,0.9
2023-10-02 02:00:00,2,,0.1
2023-10-02 03:00:00,3,,0.0
2023-10-02 04:00:00,4,,0.1
2023-10-02 05:00:00,5,,0.4
2023-10-02 06:00:00,6,,0.0
2023-10-02 07:00:00,7,,0.5
2023-10-02 08:00:00,8,,0.0
2023-10-02 09:00:00,9,10.0,0.0
2023-10-02 10:00:00,10,332.3,0.0
2023-10-02 11:00:00,11,1140.8,2.5
2023-10-02 12:00:00,12,1754.6,1.6
2023-10-02 13:00:00,13,1871.1,2.5
2023-10-02 14:00:00,14,2355.6,1.8
2023-10-02 15:00:00,15,2597.2,1.5
2023-10-02 16:00:00,16,2533.6,2.0
2023-10-02 17:00:00,17,2151.8,1.9
2023-10-02 18:00:00,18,1539.7,1.2
2023-10-02 19:00:00,19,1255.1,2.1
2023-10-02 20:00:00,20,524.8,1.9
2023-10-02 21:00:00,21,49.8,1.1
2023-10-02 22:00:00,22,,1.3
2023-10-02 23:00:00,23,,0.0
2023-10-03 00:00:00,0,,0.1
2023-10-03 01:00:00,1,,1.0
2023-10-03 02:00:00,2,,0.0
2023-10-03 03:00:00,3,,1.4
2023-10-03 04:00:00,4,,2.5
2023-10-03 05:00:00,5,,1.0
2023-10-03 06:00:00,6,,0.5
2023-10-03 07:00:00,7,,1.8
2023-10-03 08:00:00,8,,0.1
2023-10-03 09:00:00,9,10.1,0.8
2023-10-03 10:00:00,10,175.5,1.7
2023-10-03 11:00:00,11,604.5,2.6
2023-10-03 12:00:00,12,1476.6,4.0
2023-10-03 13:00:00,13,2340.4,2.7
2023-10-03 14:00:00,14,2561.3,1.9
2023-10-03 15:00:00,15,2649.8,2.0
2023-10-03 16:00:00,16,2583.8,2.1
2023-10-03 17:00:00,17,2390.7,1.0
2023-10-03 18:00:00,18,1733.7,2.0
2023-10-03 19:00:00,19,1261.9,2.2
2023-10-03 20:00:00,20,526.4,1.3
2023-10-03 21:00:00,21,62.5,2.1
2023-10-03 22:00:00,22,,1.9
2023-10-03 23:00:00,23,,1.2
2023-10-04 00:00:00,0,,0.8
2023-10-04 01:00:00,1,,0.3
2023-10-04 02:00:00,2,,1.1
2023-10-04 03:00:00,3,,0.4
2023-10-04 04:00:00,4,,2.6
2023-10-04 05:00:00,5,,1.6
2023-10-04 06:00:00,6,,1.6
2023-10-04 07:00:00,7,,1.5
2023-10-04 08:00:00,8,,2.0
2023-10-04 09:00:00,9,13.8,1.3
2023-10-04 10:00:00,10,285.6,1.9
2023-10-04 11:00:00,11,558.5,4.0
2023-10-04 12:00:00,12,796.2,3.2
2023-10-04 13:00:00,13,1706.2,2.4
2023-10-04 14:00:00,14,2188.7,2.3
2023-10-04 15:00:00,15,2552.4,1.6
2023-10-04 16:00:00,16,2529.7,2.2
2023-10-04 17:00:00,17,2265.8,1.7
2023-10-04 18:00:00,18,1861.4,1.4
2023-10-04 19:00:00,19,979.1,1.2
2023-10-04 20:00:00,20,541.5,0.8
2023-10-04 21:00:00,21,51.0,0.7
2023-10-04 22:00:00,22,,1.6
2023-10-04 23:00:00,23,,0.0
2023-10-05 00:00:00,0,,0.0
2023-10-05 01:00:00,1,,0.2
2023-10-05 02:00:00,2,,0.7
2023-10-05 03:00:00,3,,0.0
2023-10-05 04:00:00,4,,2.7
2023-10-05 05:00:00,5,,1.6
2023-10-05 06:00:00,6,,2.0
2023-10-05 07:00:00,7,,2.3
2023-10-05 08:00:00,8,,0.8
2023-10-05 09:00:00,9,7.5,0.7
2023-10-05 10:00:00,10,368.4,1.7
2023-10-05 11:00:00,11,1242.5,2.5
2023-10-05 12:00:00,12,1793.8,2.2
2023-10-05 13:00:00,13,2367.3,2.1
2023-10-05 14:00:00,14,2639.2,1.5
2023-10-05 15:00:00,15,2266.1,1.5
2023-10-05 16:00:00,16,2123.4,1.5
2023-10-05 17:00:00,17,1485.2,1.4
2023-10-05 18:00:00,18,1013.6,1.0
2023-10-05 19:00:00,19,1273.1,0.6
2023-10-05 20:00:00,20,488.8,1.1
2023-10-05 21:00:00,21,39.1,1.5
2023-10-05 22:00:00,22,,1.6
2023-10-05 23:00:00,23,,0.0
2023-10-06 00:00:00,0,,0.0
2023-10-06 01:00:00,1,,2.0
2023-10-06 02:00:00,2,,0.0
2023-10-06 03:00:00,3,,3.3
2023-10-06 04:00:00,4,,2.6
2023-10-06 05:00:00,5,,2.0
2023-10-06 06:00:00,6,,1.9
2023-10-06 07:00:00,7,,2.3
2023-10-06 08:00:00,8,,1.1
2023-10-06 09:00:00,9,12.6,1.3
2023-10-06 10:00:00,10,310.1,1.6
2023-10-06 11:00:00,11,981.6,2.2
2023-10-06 12:00:00,12,1863.1,3.1
2023-10-06 13:00:00,13,2423.7,2.4
2023-10-06 14:00:00,14,2625.1,2.4
2023-10-06 15:00:00,15,2342.3,2.2
2023-10-06 16:00:00,16,1985.7,2.5
2023-10-06 17:00:00,17,2139.0,1.4
2023-10-06 18:00:00,18,1902.9,2.6
2023-10-06 19:00:00,19,1220.2,1.0
2023-10-06 20:00:00,20,553.8,1.8
2023-10-06 21:00:00,21,46.1,1.8
2023-10-06 22:00:00,22,,2.0
2023-10-06 23:00:00,23,,1.1
2023-10-07 00:00:00,0,,0.0
2023-10-07 01:00:00,1,,0.5
2023-10-07 02:00:00,2,,0.6
2023-10-07 03:00:00,3,,0.7
2023-10-07 04:00:00,4,,2.7
2023-10-07 05:00:00,5,,1.9
2023-10-07 06:00:00,6,,2.6
2023-10-07 07:00:00,7,,2.4
2023-10-07 08:00:00,8,,0.2
2023-10-07 09:00:00,9,15.1,0.0
2023-10-07 10:00:00,10,132.8,0.5
2023-10-07 11:00:00,11,636.5,1.2
2023-10-07 12:00:00,12,1015.7,1.9
2023-10-07 13:00:00,13,2181.1,1.3
2023-10-07 14:00:00,14,2364.6,1.3
2023-10-07 15:00:00,15,2231.8,1.1
2023-10-07 16:00:00,16,2776.6,1.8
2023-10-07 17:00:00,17,2419.3,1.7
2023-10-07 18:00:00,18,1976.8,2.7
2023-10-07 19:00:00,19,1361.8,1.4
2023-10-07 20:00:00,20,167.5,1.1
2023-10-07 21:00:00,21,25.0,0.9
2023-10-07 22:00:00,22,,0.8
2023-10-07 23:00:00,23,,0.4
2023-10-08 00:00:00,0,,0.0
2023-10-08 01:00:00,1,,0.5
2023-10-08 02:00:00,2,,0.0
2023-10-08 03:00:00,3,,0.0
2023-10-08 04:00:00,4,,1.1
2023-10-08 05:00:00,5,,2.1
2023-10-08 06:00:00,6,,1.2
2023-10-08 07:00:00,7,,1.9
2023-10-08 08:00:00,8,,0.7
2023-10-08 09:00:00,9,19.9,1.4
2023-10-08 10:00:00,10,431.8,2.3
2023-10-08 11:00:00,11,715.6,3.1
2023-10-08 12:00:00,12,461.3,2.0
2023-10-08 13:00:00,13,1186.7,1.9
2023-10-08 14:00:00,14,1938.4,1.7
2023-10-08 15:00:00,15,2260.4,2.4
2023-10-08 16:00:00,16,2277.2,3.0
2023-10-08 17:00:00,17,2363.9,1.3
2023-10-08 18:00:00,18,1698.3,5.1
2023-10-08 19:00:00,19,201.5,0.6
2023-10-08 20:00:00,20,198.4,2.0
2023-10-08 21:00:00,21,19.2,0.9
2023-10-08 22:00:00,22,,0.7
2023-10-08 23:00:00,23,,0.0
2023-10-09 00:00:00,0,,0.1
2023-10-09 01:00:00,1,,0.6
2023-10-09 02:00:00,2,,0.0
2023-10-09 03:00:00,3,,0.0
2023-10-09 04:00:00,4,,2.3
2023-10-09 05:00:00,5,,0.2
2023-10-09 06:00:00,6,,0.0
2023-10-09 07:00:00,7,,0.0
2023-10-09 08:00:00,8,,0.0
2023-10-09 09:00:00,9,4.9,1.1
2023-10-09 10:00:00,10,65.2,1.1
2023-10-09 11:00:00,11,224.4,0.9
2023-10-09 12:00:00,12,567.2,0.8
2023-10-09 13:00:00,13,698.5,1.7
2023-10-09 14:00:00,14,1411.1,0.9
2023-10-09 15:00:00,15,2651.3,1.4
2023-10-09 16:00:00,16,2772.0,1.6
2023-10-09 17:00:00,17,2578.6,1.8
2023-10-09 18:00:00,18,2045.1,1.2
2023-10-09 19:00:00,19,1319.7,1.7
2023-10-09 20:00:00,20,387.4,1.0
2023-10-09 21:00:00,21,43.1,0.8
2023-10-09 22:00:00,22,,0.0
2023-10-09 23:00:00,23,,0.0
2023-10-10 00:00:00,0,,0.0
2023-10-10 01:00:00,1,,0.0
2023-10-10 02:00:00,2,,0.9
2023-10-10 03:00:00,3,,0.0
2023-10-10 04:00:00,4,,0.0
2023-10-10 05:00:00,5,,4.0
2023-10-10 06:00:00,6,,1.8
2023-10-10 07:00:00,7,,2.8
2023-10-10 08:00:00,8,,1.3
2023-10-10 09:00:00,9,9.7,1.6
2023-10-10 10:00:00,10,185.7,1.6
2023-10-10 11:00:00,11,692.0,2.8
2023-10-10 12:00:00,12,1281.2,1.8
2023-10-10 13:00:00,13,2180.5,2.2
2023-10-10 14:00:00,14,2253.3,1.2
2023-10-10 15:00:00,15,2897.5,1.7
2023-10-10 16:00:00,16,2668.7,1.8
2023-10-10 17:00:00,17,2259.9,3.0
2023-10-10 18:00:00,18,1866.6,2.5
2023-10-10 19:00:00,19,1165.3,2.4
2023-10-10 20:00:00,20,338.8,2.4
2023-10-10 21:00:00,21,23.1,2.3
2023-10-10 22:00:00,22,,1.9
2023-10-10 23:00:00,23,,1.6
2023-10-11 00:00:00,0,,0.7
2023-10-11 01:00:00,1,,0.0
2023-10-11 02:00:00,2,,0.6
2023-10-11 03:00:00,3,,0.0
2023-10-11 04:00:00,4,,2.5
2023-10-11 05:00:00,5,,2.9
2023-10-11 06:00:00,6,,2.2
2023-10-11 07:00:00,7,,2.1
2023-10-11 08:00:00,8,,2.8
2023-10-11 09:00:00,9,7.5,1.8
2023-10-11 10:00:00,10,130.8,1.8
2023-10-11 11:00:00,11,230.5,1.5
2023-10-11 12:00:00,12,233.7,1.8
2023-10-11 13:00:00,13,296.4,1.3
2023-10-11 14:00:00,14,867.2,0.7
2023-10-11 15:00:00,15,1611.3,1.3
2023-10-11 16:00:00,16,2065.1,0.9
2023-10-11 17:00:00,17,2234.9,1.2
2023-10-11 18:00:00,18,1817.4,1.3
2023-10-11 19:00:00,19,1314.3,1.6
2023-10-11 20:00:00,20,526.5,2.1
2023-10-11 21:00:00,21,58.6,1.1
2023-10-11 22:00:00,22,,0.8
2023-10-11 23:00:00,23,,0.0
2023-10-12 00:00:00,0,,0.0
2023-10-12 01:00:00,1,,0.0
2023-10-12 02:00:00,2,,0.0
2023-10-12 03:00:00,3,,0.8
2023-10-12 04:00:00,4,,1.0
2023-10-12 05:00:00,5,,1.8
2023-10-12 06:00:00,6,,2.4
2023-10-12 07:00:00,7,,1.3
2023-10-12 08:00:00,8,,1.4
2023-10-12 09:00:00,9,14.5,0.0
2023-10-12 10:00:00,10,355.9,0.2
2023-10-12 11:00:00,11,932.8,1.7
2023-10-12 12:00:00,12,1780.5,2.5
2023-10-12 13:00:00,13,1604.0,1.5
2023-10-12 14:00:00,14,1853.2,1.8
2023-10-12 15:00:00,15,2728.7,0.7
2023-10-12 16:00:00,16,2407.4,2.4
2023-10-12 17:00:00,17,2585.4,2.6
2023-10-12 18:00:00,18,1718.7,2.1
2023-10-12 19:00:00,19,1232.3,1.6
2023-10-12 20:00:00,20,434.6,1.0
2023-10-12 21:00:00,21,74.3,0.0
2023-10-12 22:00:00,22,,0.0
2023-10-12 23:00:00,23,,0.0
2023-10-13 00:00:00,0,,0.0
2023-10-13 01:00:00,1,,0.9
2023-10-13 02:00:00,2,,0.0
2023-10-13 03:00:00,3,,0.0
2023-10-13 04:00:00,4,,0.3
2023-10-13 05:00:00,5,,1.6
2023-10-13 06:00:00,6,,1.9
2023-10-13 07:00:00,7,,0.0
2023-10-13 08:00:00,8,,0.0
2023-10-13 09:00:00,9,16.3,0.6
2023-10-13 10:00:00,10,348.3,0.0
2023-10-13 11:00:00,11,1174.3,3.2
2023-10-13 12:00:00,12,1942.4,2.0
2023-10-13 13:00:00,13,2554.9,3.2
2023-10-13 14:00:00,14,2045.8,2.2
2023-10-13 15:00:00,15,2279.7,2.4
2023-10-13 16:00:00,16,1544.5,1.8
2023-10-13 17:00:00,17,958.5,1.3
2023-10-13 18:00:00,18,1209.9,1.6
2023-10-13 19:00:00,19,1428.0,2.1
2023-10-13 20:00:00,20,460.5,3.4
2023-10-13 21:00:00,21,102.1,2.8
2023-10-13 22:00:00,22,,1.0
2023-10-13 23:00:00,23,,1.7
2023-10-14 00:00:00,0,,0.0
2023-10-14 01:00:00,1,,0.0
2023-10-14 02:00:00,2,,0.1
2023-10-14 03:00:00,3,,2.4
2023-10-14 04:00:00,4,,0.2
2023-10-14 05:00:00,5,,0.0
2023-10-14 06:00:00,6,,0.0
2023-10-14 07:00:00,7,,0.0
2023-10-14 08:00:00,8,,0.1
2023-10-14 09:00:00,9,24.9,0.0
2023-10-14 10:00:00,10,392.0,0.0
2023-10-14 11:00:00,11,1287.8,2.6
2023-10-14 12:00:00,12,1982.1,2.1
2023-10-14 13:00:00,13,2578.7,2.0
2023-10-14 14:00:00,14,2810.3,1.5
2023-10-14 15:00:00,15,2975.6,1.5
2023-10-14 16:00:00,16,1623.2,2.1
2023-10-14 17:00:00,17,1565.0,1.4
2023-10-14 18:00:00,18,1866.1,2.1
2023-10-14 19:00:00,19,456.2,2.4
2023-10-14 20:00:00,20,138.5,2.3
2023-10-14 21:00:00,21,30.5,1.0
2023-10-14 22:00:00,22,,2.6
2023-10-14 23:00:00,23,4.3,6.8
2023-10-15 00:00:00,0,,3.1
2023-10-15 01:00:00,1,,3.0
2023-10-15 02:00:00,2,,3.9
2023-10-15 03:00:00,3,,3.1
2023-10-15 04:00:00,4,,2.7
2023-10-15 05:00:00,5,,0.8
2023-10-15 06:00:00,6,,0.7
2023-10-15 07:00:00,7,,0.1
2023-10-15 08:00:00,8,,0.0
2023-10-15 09:00:00,9,18.9,0.0
2023-10-15 10:00:00,10,405.3,0.7
2023-10-15 11:00:00,11,1189.7,0.2
2023-10-15 12:00:00,12,685.2,0.7
2023-10-15 13:00:00,13,783.6,0.9
2023-10-15 14:00:00,14,1767.2,1.7
2023-10-15 15:00:00,15,2644.8,1.6
2023-10-15 16:00:00,16,2706.8,1.1
2023-10-15 17:00:00,17,2201.3,1.0
2023-10-15 18:00:00,18,1481.8,2.3
2023-10-15 19:00:00,19,480.2,0.5
2023-10-15 20:00:00,20,463.0,1.1
2023-10-15 21:00:00,21,42.8,0.0
2023-10-15 22:00:00,22,,0.2
2023-10-15 23:00:00,23,,0.6
2023-10-16 00:00:00,0,,0.4
2023-10-16 01:00:00,1,,0.9
2023-10-16 02:00:00,2,,0.1
2023-10-16 03:00:00,3,,0.0
2023-10-16 04:00:00,4,,4.4
2023-10-16 05:00:00,5,,1.4
2023-10-16 06:00:00,6,,0.8
2023-10-16 07:00:00,7,,1.1
2023-10-16 08:00:00,8,,0.0
2023-10-16 09:00:00,9,19.6,0.4
2023-10-16 10:00:00,10,405.2,0.4
2023-10-16 11:00:00,11,1313.8,1.0
2023-10-16 12:00:00,12,2057.7,0.8
2023-10-16 13:00:00,13,2641.1,1.7
2023-10-16 14:00:00,14,1636.8,2.5
2023-10-16 15:00:00,15,1409.4,1.7
2023-10-16 16:00:00,16,2087.4,2.0
2023-10-16 17:00:00,17,1322.3,1.2
2023-10-16 18:00:00,18,1514.9,1.5
2023-10-16 19:00:00,19,955.0,1.9
2023-10-16 20:00:00,20,505.8,0.5
2023-10-16 21:00:00,21,63.8,0.4
2023-10-16 22:00:00,22,,0.3
2023-10-16 23:00:00,23,,0.0
2023-10-17 00:00:00,0,,0.0
2023-10-17 01:00:00,1,,0.6
2023-10-17 02:00:00,2,,0.2
2023-10-17 03:00:00,3,,0.0
2023-10-17 04:00:00,4,,0.0
2023-10-17 05:00:00,5,,0.6
2023-10-17 06:00:00,6,,0.3
2023-10-17 07:00:00,7,,0.7
2023-10-17 08:00:00,8,,0.0
2023-10-17 09:00:00,9,18.9,0.0
2023-10-17 10:00:00,10,398.7,0.5
2023-10-17 11:00:00,11,1155.4,1.4
2023-10-17 12:00:00,12,1882.5,1.3
2023-10-17 13:00:00,13,2308.2,0.7
2023-10-17 14:00:00,14,1931.0,1.5
2023-10-17 15:00:00,15,2900.3,2.5
2023-10-17 16:00:00,16,2733.6,2.3
2023-10-17 17:00:00,17,2056.9,1.3
2023-10-17 18:00:00,18,1337.3,1.1
2023-10-17 19:00:00,19,1197.3,2.4
2023-10-17 20:00:00,20,433.3,2.3
2023-10-17 21:00:00,21,40.2,1.4
2023-10-17 22:00:00,22,,0.8
2023-10-17 23:00:00,23,,0.8
2023-10-18 00:00:00,0,,0.0
2023-10-18 01:00:00,1,,0.0
2023-10-18 02:00:00,2,,0.0
2023-10-18 03:00:00,3,,0.0
2023-10-18 04:00:00,4,,0.0
2023-10-18 05:00:00,5,,0.5
2023-10-18 06:00:00,6,,0.0
2023-10-18 07:00:00,7,,0.0
2023-10-18 08:00:00,8,,0.0
2023-10-18 09:00:00,9,31.8,0.0
2023-10-18 10:00:00,10,334.0,0.4
2023-10-18 11:00:00,11,1289.7,0.8
2023-10-18 12:00:00,12,2063.9,0.8
2023-10-18 13:00:00,13,2705.0,1.9
2023-10-18 14:00:00,14,2859.7,2.4
2023-10-18 15:00:00,15,2850.6,3.5
2023-10-18 16:00:00,16,2760.2,2.2
2023-10-18 17:00:00,17,2634.5,1.5
2023-10-18 18:00:00,18,1951.2,0.7
2023-10-18 19:00:00,19,1276.5,0.3
2023-10-18 20:00:00,20,401.8,2.4
2023-10-18 21:00:00,21,42.4,2.2
2023-10-18 22:00:00,22,,0.6
2023-10-18 23:00:00,23,,0.0
2023-10-19 00:00:00,0,,0.0
2023-10-19 01:00:00,1,,0.0
2023-10-19 02:00:00,2,,0.0
2023-10-19 03:00:00,3,,0.0
2023-10-19 04:00:00,4,,1.1
2023-10-19 05:00:00,5,,2.1
2023-10-19 06:00:00,6,,0.1
2023-10-19 07:00:00,7,,0.2
2023-10-19 08:00:00,8,,0.0
2023-10-19 09:00:00,9,23.2,0.0
2023-10-19 10:00:00,10,366.1,0.0
2023-10-19 11:00:00,11,1322.6,2.1
2023-10-19 12:00:00,12,2031.8,2.4
2023-10-19 13:00:00,13,2621.9,2.3
2023-10-19 14:00:00,14,2770.4,1.9
2023-10-19 15:00:00,15,2183.3,1.9
2023-10-19 16:00:00,16,2555.2,1.9
2023-10-19 17:00:00,17,2222.2,1.2
2023-10-19 18:00:00,18,1959.9,2.0
2023-10-19 19:00:00,19,1122.5,1.7
2023-10-19 20:00:00,20,393.1,1.6
2023-10-19 21:00:00,21,66.1,0.8
2023-10-19 22:00:00,22,,0.3
2023-10-19 23:00:00,23,,0.0
2023-10-20 00:00:00,0,,1.9
2023-10-20 01:00:00,1,,0.0
2023-10-20 02:00:00,2,,0.1
2023-10-20 03:00:00,3,,0.6
2023-10-20 04:00:00,4,,2.7
2023-10-20 05:00:00,5,,0.2
2023-10-20 06:00:00,6,,0.0
2023-10-20 07:00:00,7,,1.7
2023-10-20 08:00:00,8,,2.1
2023-10-20 09:00:00,9,18.7,0.3
2023-10-20 10:00:00,10,366.0,0.5
2023-10-20 11:00:00,11,1380.8,3.6
2023-10-20 12:00:00,12,2058.7,2.5
2023-10-20 13:00:00,13,2682.6,2.1
2023-10-20 14:00:00,14,2687.1,3.2
2023-10-20 15:00:00,15,2218.5,2.2
2023-10-20 16:00:00,16,2736.7,1.6
2023-10-20 17:00:00,17,2546.4,1.3
2023-10-20 18:00:00,18,1670.3,1.9
2023-10-20 19:00:00,19,1242.5,3.4
2023-10-20 20:00:00,20,403.1,3.3
2023-10-20 21:00:00,21,57.5,2.1
2023-10-20 22:00:00,22,,1.1
2023-10-20 23:00:00,23,,0.0
2023-10-21 00:00:00,0,,0.0
2023-10-21 01:00:00,1,,0.0
2023-10-21 02:00:00,2,,0.6
2023-10-21 03:00:00,3,,0.5
2023-10-21 04:00:00,4,,1.5
2023-10-21 05:00:00,5,,2.8
2023-10-21 06:00:00,6,,1.4
2023-10-21 07:00:00,7,,0.0
2023-10-21 08:00:00,8,,1.2
2023-10-21 09:00:00,9,21.7,0.2
2023-10-21 10:00:00,10,378.8,0.3
2023-10-21 11:00:00,11,1346.7,3.5
2023-10-21 12:00:00,12,2044.0,2.5
2023-10-21 13:00:00,13,2622.6,3.5
2023-10-21 14:00:00,14,2223.6,2.5
2023-10-21 15:00:00,15,1944.3,1.8
2023-10-21 16:00:00,16,2341.1,2.0
2023-10-21 17:00:00,17,2171.4,1.1
2023-10-21 18:00:00,18,1748.1,1.2
2023-10-21 19:00:00,19,1102.7,2.2
2023-10-21 20:00:00,20,368.4,3.3
2023-10-21 21:00:00,21,44.7,1.1
2023-10-21 22:00:00,22,,0.8
2023-10-21 23:00:00,23,,1.1
2023-10-22 00:00:00,0,,0.1
2023-10-22 01:00:00,1,,0.1
2023-10-22 02:00:00,2,,0.6
2023-10-22 03:00:00,3,,0.2
2023-10-22 04:00:00,4,,0.0
2023-10-22 05:00:00,5,,2.7
2023-10-22 06:00:00,6,,0.8
2023-10-22 07:00:00,7,,0.2
2023-10-22 08:00:00,8,,0.1
2023-10-22 09:00:00,9,33.0,0.0
2023-10-22 10:00:00,10,313.1,1.0
2023-10-22 11:00:00,11,663.7,2.5
2023-10-22 12:00:00,12,1018.4,1.6
2023-10-22 13:00:00,13,2448.4,1.0
2023-10-22 14:00:00,14,2120.7,2.8
2023-10-22 15:00:00,15,2374.1,1.9
2023-10-22 16:00:00,16,2058.7,2.2
2023-10-22 17:00:00,17,1705.7,3.1
2023-10-22 18:00:00,18,1544.2,1.5
2023-10-22 19:00:00,19,1076.8,1.3
2023-10-22 20:00:00,20,339.3,1.9
2023-10-22 21:00:00,21,23.7,1.4
2023-10-22 22:00:00,22,,1.8
2023-10-22 23:00:00,23,,0.2
2023-10-23 00:00:00,0,,0.8
2023-10-23 01:00:00,1,,0.5
2023-10-23 02:00:00,2,,0.0
2023-10-23 03:00:00,3,,1.0
2023-10-23 04:00:00,4,,3.0
2023-10-23 05:00:00,5,,2.0
2023-10-23 06:00:00,6,,1.4
2023-10-23 07:00:00,7,,1.1
2023-10-23 08:00:00,8,,1.1
2023-10-23 09:00:00,9,20.7,0.6
2023-10-23 10:00:00,10,226.4,2.2
2023-10-23 11:00:00,11,1347.1,2.5
2023-10-23 12:00:00,12,1430.0,1.4
2023-10-23 13:00:00,13,2320.4,1.6
2023-10-23 14:00:00,14,1210.2,2.9
2023-10-23 15:00:00,15,1756.9,2.8
2023-10-23 16:00:00,16,2327.4,1.5
2023-10-23 17:00:00,17,1955.5,2.2
2023-10-23 18:00:00,18,1502.6,1.6
2023-10-23 19:00:00,19,1083.9,3.3
2023-10-23 20:00:00,20,204.6,2.6
2023-10-23 21:00:00,21,18.0,1.6
2023-10-23 22:00:00,22,,1.3
2023-10-23 23:00:00,23,,0.7
2023-10-24 00:00:00,0,,0.3
2023-10-24 01:00:00,1,,0.3
2023-10-24 02:00:00,2,,0.0
2023-10-24 03:00:00,3,,0.4
2023-10-24 04:00:00,4,,2.8
2023-10-24 05:00:00,5,,3.2
2023-10-24 06:00:00,6,,3.2
2023-10-24 07:00:00,7,,1.7
2023-10-24 08:00:00,8,,1.0
2023-10-24 09:00:00,9,19.1,1.4
2023-10-24 10:00:00,10,252.5,2.1
2023-10-24 11:00:00,11,1182.4,1.8
2023-10-24 12:00:00,12,1618.6,2.6
2023-10-24 13:00:00,13,1712.7,2.8
2023-10-24 14:00:00,14,2497.9,2.5
2023-10-24 15:00:00,15,2345.3,2.8
2023-10-24 16:00:00,16,1831.2,2.5
2023-10-24 17:00:00,17,1418.0,3.1
2023-10-24 18:00:00,18,418.6,0.9
2023-10-24 19:00:00,19,230.0,1.7
2023-10-24 20:00:00,20,246.1,0.0
2023-10-24 21:00:00,21,22.5,0.6
2023-10-24 22:00:00,22,,2.1
2023-10-24 23:00:00,23,,1.4
2023-10-25 00:00:00,0,,0.8
2023-10-25 01:00:00,1,,0.0
2023-10-25 02:00:00,2,,0.0
2023-10-25 03:00:00,3,,3.2
2023-10-25 04:00:00,4,,0.0
2023-10-25 05:00:00,5,,0.0
2023-10-25 06:00:00,6,,0.0
2023-10-25 07:00:00,7,,0.0
2023-10-25 08:00:00,8,,0.5
2023-10-25 09:00:00,9,25.9,0.0
2023-10-25 10:00:00,10,330.1,0.0
2023-10-25 11:00:00,11,936.3,0.5
2023-10-25 12:00:00,12,1842.0,1.5
2023-10-25 13:00:00,13,1618.2,1.0
2023-10-25 14:00:00,14,1633.2,0.3
2023-10-25 15:00:00,15,2383.3,1.9
2023-10-25 16:00:00,16,2450.1,2.0
2023-10-25 17:00:00,17,1745.5,0.9
2023-10-25 18:00:00,18,1595.4,1.4
2023-10-25 19:00:00,19,1210.3,0.8
2023-10-25 20:00:00,20,396.8,1.3
2023-10-25 21:00:00,21,32.1,0.2
2023-10-25 22:00:00,22,,1.0
2023-10-25 23:00:00,23,,0.0
2023-10-26 00:00:00,0,,0.0
2023-10-26 01:00:00,1,,0.0
2023-10-26 02:00:00,2,,0.0
2023-10-26 03:00:00,3,,3.5
2023-10-26 04:00:00,4,,2.7
2023-10-26 05:00:00,5,,1.5
2023-10-26 06:00:00,6,,1.5
2023-10-26 07:00:00,7,,1.4
2023-10-26 08:00:00,8,,1.4
2023-10-26 09:00:00,9,24.4,0.0
2023-10-26 10:00:00,10,418.4,1.7
2023-10-26 11:00:00,11,1318.3,3.1
2023-10-26 12:00:00,12,2009.6,3.5
2023-10-26 13:00:00,13,2716.7,4.4
2023-10-26 14:00:00,14,2887.0,3.1
2023-10-26 15:00:00,15,2887.5,2.9
2023-10-26 16:00:00,16,2807.1,2.8
2023-10-26 17:00:00,17,2665.3,3.6
2023-10-26 18:00:00,18,2032.0,2.1
2023-10-26 19:00:00,19,1251.1,3.1
2023-10-26 20:00:00,20,344.1,2.7
2023-10-26 21:00:00,21,40.4,1.8
2023-10-26 22:00:00,22,,1.7
2023-10-26 23:00:00,23,,1.6
2023-10-27 00:00:00,0,,0.3
2023-10-27 01:00:00,1,,0.1
2023-10-27 02:00:00,2,,0.0
2023-10-27 03:00:00,3,,1.9
2023-10-27 04:00:00,4,,2.6
2023-10-27 05:00:00,5,,1.9
2023-10-27 06:00:00,6,,1.8
2023-10-27 07:00:00,7,,1.8
2023-10-27 08:00:00,8,,1.1
2023-10-27 09:00:00,9,24.8,0.0
2023-10-27 10:00:00,10,402.9,0.5
2023-10-27 11:00:00,11,1282.5,2.2
2023-10-27 12:00:00,12,1954.6,2.0
2023-10-27 13:00:00,13,2615.8,1.9
2023-10-27 14:00:00,14,2804.0,1.9
2023-10-27 15:00:00,15,2845.6,1.9
2023-10-27 16:00:00,16,2639.5,1.9
2023-10-27 17:00:00,17,1943.5,1.8
2023-10-27 18:00:00,18,1787.8,1.6
2023-10-27 19:00:00,19,1163.4,3.3
2023-10-27 20:00:00,20,331.8,2.6
2023-10-27 21:00:00,21,36.6,1.7
2023-10-27 22:00:00,22,,1.3
2023-10-27 23:00:00,23,,1.5
2023-10-28 00:00:00,0,,0.0
2023-10-28 01:00:00,1,,0.0
2023-10-28 02:00:00,2,,0.0
2023-10-28 03:00:00,3,,3.8
2023-10-28 04:00:00,4,,2.4
2023-10-28 05:00:00,5,,2.3
2023-10-28 06:00:00,6,,1.0
2023-10-28 07:00:00,7,,2.1
2023-10-28 08:00:00,8,,0.9
2023-10-28 09:00:00,9,23.6,1.1
2023-10-28 10:00:00,10,185.2,0.3
2023-10-28 11:00:00,11,785.1,0.3
2023-10-28 12:00:00,12,1818.5,0.7
2023-10-28 13:00:00,13,2620.9,2.2
2023-10-28 14:00:00,14,2922.1,2.0
2023-10-28 15:00:00,15,2860.3,1.3
2023-10-28 16:00:00,16,1993.0,1.8
2023-10-28 17:00:00,17,2242.8,2.0
2023-10-28 18:00:00,18,1572.4,2.1
2023-10-28 19:00:00,19,978.8,2.8
2023-10-28 20:00:00,20,226.8,1.8
2023-10-28 21:00:00,21,25.0,1.8
2023-10-28 22:00:00,22,,1.8
2023-10-28 23:00:00,23,,0.0
2023-10-29 00:00:00,0,,0.0
2023-10-29 01:00:00,1,,0.0
2023-10-29 02:00:00,2,,0.0
2023-10-29 03:00:00,3,,0.4
2023-10-29 04:00:00,4,,1.1
2023-10-29 05:00:00,5,,0.0
2023-10-29 06:00:00,6,,0.9
2023-10-29 07:00:00,7,,0.2
2023-10-29 08:00:00,8,,1.4
2023-10-29 09:00:00,9,26.2,1.7
2023-10-29 10:00:00,10,350.4,2.7
2023-10-29 11:00:00,11,1189.5,1.7
2023-10-29 12:00:00,12,1938.1,1.5
2023-10-29 13:00:00,13,2620.9,2.9
2023-10-29 14:00:00,14,2867.2,1.5
2023-10-29 15:00:00,15,2478.2,2.9
2023-10-29 16:00:00,16,2645.4,1.6
2023-10-29 17:00:00,17,2073.3,3.2
2023-10-29 18:00:00,18,1689.6,3.1
2023-10-29 19:00:00,19,984.0,0.9
2023-10-29 20:00:00,20,256.5,1.8
2023-10-29 21:00:00,21,33.4,2.1
2023-10-29 22:00:00,22,,2.3
2023-10-29 23:00:00,23,,0.5
2023-10-30 00:00:00,0,,0.0
2023-10-30 01:00:00,1,,0.0
2023-10-30 02:00:00,2,,0.0
2023-10-30 03:00:00,3,,0.7
2023-10-30 04:00:00,4,,2.4
2023-10-30 05:00:00,5,,1.1
2023-10-30 06:00:00,6,,0.3
2023-10-30 07:00:00,7,,0.0
2023-10-30 08:00:00,8,,0.2
2023-10-30 09:00:00,9,25.7,0.0
2023-10-30 10:00:00,10,389.0,0.0
2023-10-30 11:00:00,11,1314.7,2.1
2023-10-30 12:00:00,12,2048.3,1.4
2023-10-30 13:00:00,13,2727.4,1.5
2023-10-30 14:00:00,14,2886.8,1.5
2023-10-30 15:00:00,15,2888.6,1.6
2023-10-30 16:00:00,16,2730.9,1.5
2023-10-30 17:00:00,17,2311.9,1.5
2023-10-30 18:00:00,18,1770.1,2.4
2023-10-30 19:00:00,19,1267.3,1.0
2023-10-30 20:00:00,20,358.4,2.3
2023-10-30 21:00:00,21,44.4,2.2
2023-10-30 22:00:00,22,,1.3
2023-10-30 23:00:00,23,,0.3
2023-10-31 00:00:00,0,,0.0
2023-10-31 01:00:00,1,,1.6
2023-10-31 02:00:00,2,,0.7
2023-10-31 03:00:00,3,,0.4
2023-10-31 04:00:00,4,,1.1
2023-10-31 05:00:00,5,,2.1
2023-10-31 06:00:00,6,,2.0
2023-10-31 07:00:00,7,,1.7
2023-10-31 08:00:00,8,,1.5
2023-10-31 09:00:00,9,21.9,1.3
2023-10-31 10:00:00,10,380.9,1.2
2023-10-31 11:00:00,11,1202.2,2.3
2023-10-31 12:00:00,12,1806.7,1.8
2023-10-31 13:00:00,13,2697.7,1.5
2023-10-31 14:00:00,14,2075.5,1.6
2023-10-31 15:00:00,15,2751.7,2.9
2023-10-31 16:00:00,16,2888.7,2.8
2023-10-31 17:00:00,17,2628.5,1.8
2023-10-31 18:00:00,18,2021.1,1.8
2023-10-31 19:00:00,19,1291.7,0.9
2023-10-31 20:00:00,20,383.4,0.6
2023-10-31 21:00:00,21,48.7,0.7
2023-10-31 22:00:00,22,,0.9
2023-10-31 23:00:00,23,,0.1
2023-11-01 00:00:00,0,,0.0
2023-11-01 01:00:00,1,,0.1
2023-11-01 02:00:00,2,,0.0
2023-11-01 03:00:00,3,,1.0
2023-11-01 04:00:00,4,,3.8
2023-11-01 05:00:00,5,,3.8
2023-11-01 06:00:00,6,,2.6
2023-11-01 07:00:00,7,,3.3
2023-11-01 08:00:00,8,,2.5
2023-11-01 09:00:00,9,28.6,1.3
2023-11-01 10:00:00,10,306.2,2.3
2023-11-01 11:00:00,11,660.4,3.8
2023-11-01 12:00:00,12,649.1,1.5
2023-11-01 13:00:00,13,626.5,1.4
2023-11-01 14:00:00,14,1249.4,2.2
2023-11-01 15:00:00,15,1620.3,2.3
2023-11-01 16:00:00,16,1845.8,1.7
2023-11-01 17:00:00,17,1056.7,0.8
2023-11-01 18:00:00,18,1524.0,1.3
2023-11-01 19:00:00,19,1014.5,2.1
2023-11-01 20:00:00,20,361.8,1.9
2023-11-01 21:00:00,21,48.7,1.7
2023-11-01 22:00:00,22,,1.2
2023-11-01 23:00:00,23,,0.4
2023-11-02 00:00:00,0,,0.4
2023-11-02 01:00:00,1,,1.2
2023-11-02 02:00:00,2,,0.0
2023-11-02 03:00:00,3,,0.0
2023-11-02 04:00:00,4,,0.0
2023-11-02 05:00:00,5,,0.0
2023-11-02 06:00:00,6,,2.8
2023-11-02 07:00:00,7,,1.9
2023-11-02 08:00:00,8,,1.3
2023-11-02 09:00:00,9,29.0,0.5
2023-11-02 10:00:00,10,382.5,1.5
2023-11-02 11:00:00,11,1280.6,4.9
2023-11-02 12:00:00,12,1817.6,3.2
2023-11-02 13:00:00,13,2674.8,3.6
2023-11-02 14:00:00,14,1841.3,2.0
2023-11-02 15:00:00,15,2381.5,2.6
2023-11-02 16:00:00,16,2449.7,1.5
2023-11-02 17:00:00,17,2196.3,2.1
2023-11-02 18:00:00,18,1851.1,1.4
2023-11-02 19:00:00,19,629.4,1.3
2023-11-02 20:00:00,20,371.4,1.8
2023-11-02 21:00:00,21,49.4,1.7
2023-11-02 22:00:00,22,,3.5
2023-11-02 23:00:00,23,,2.8
2023-11-03 00:00:00,0,,1.3
2023-11-03 01:00:00,1,,1.1
2023-11-03 02:00:00,2,,0.1
2023-11-03 03:00:00,3,,1.5
2023-11-03 04:00:00,4,,0.2
2023-11-03 05:00:00,5,,0.0
2023-11-03 06:00:00,6,,1.4
2023-11-03 07:00:00,7,,0.2
2023-11-03 08:00:00,8,,0.0
2023-11-03 09:00:00,9,10.7,1.3
2023-11-03 10:00:00,10,130.3,0.0
2023-11-03 11:00:00,11,696.0,1.9
2023-11-03 12:00:00,12,1079.5,2.2
2023-11-03 13:00:00,13,1090.5,2.2
2023-11-03 14:00:00,14,1184.1,2.0
2023-11-03 15:00:00,15,1545.0,1.0
2023-11-03 16:00:00,16,2444.9,1.0
2023-11-03 17:00:00,17,2171.0,1.5
2023-11-03 18:00:00,18,1241.7,0.6
2023-11-03 19:00:00,19,658.2,3.5
2023-11-03 20:00:00,20,126.8,0.7
2023-11-03 21:00:00,21,28.0,0.5
2023-11-03 22:00:00,22,,5.5
2023-11-03 23:00:00,23,,1.6
2023-11-04 00:00:00,0,,0.0
2023-11-04 01:00:00,1,,0.0
2023-11-04 02:00:00,2,,0.1
2023-11-04 03:00:00,3,,2.1
2023-11-04 04:00:00,4,,0.2
2023-11-04 05:00:00,5,,0.0
2023-11-04 06:00:00,6,,0.2
2023-11-04 07:00:00,7,,0.1
2023-11-04 08:00:00,8,,0.0
2023-11-04 09:00:00,9,27.1,0.0
2023-11-04 10:00:00,10,222.7,0.0
2023-11-04 11:00:00,11,1268.9,2.4
2023-11-04 12:00:00,12,1764.7,2.5
2023-11-04 13:00:00,13,2196.0,1.7
2023-11-04 14:00:00,14,2456.1,1.2
2023-11-04 15:00:00,15,2613.2,1.4
2023-11-04 16:00:00,16,1447.8,0.8
2023-11-04 17:00:00,17,1311.7,1.5
2023-11-04 18:00:00,18,1914.5,1.2
2023-11-04 19:00:00,19,1184.4,1.5
2023-11-04 20:00:00,20,493.5,5.9
2023-11-04 21:00:00,21,26.1,0.6
2023-11-04 22:00:00,22,,1.2
2023-11-04 23:00:00,23,,0.1
2023-11-05 00:00:00,0,,0.0
2023-11-05 01:00:00,1,,0.0
2023-11-05 02:00:00,2,,0.0
2023-11-05 03:00:00,3,,0.6
2023-11-05 04:00:00,4,,1.5
2023-11-05 05:00:00,5,,2.5
2023-11-05 06:00:00,6,,3.1
2023-11-05 07:00:00,7,,0.3
2023-11-05 08:00:00,8,,0.7
2023-11-05 09:00:00,9,29.5,0.0
2023-11-05 10:00:00,10,234.7,0.0
2023-11-05 11:00:00,11,1019.2,0.3
2023-11-05 12:00:00,12,1934.8,2.5
2023-11-05 13:00:00,13,2560.1,1.7
2023-11-05 14:00:00,14,2474.2,1.8
2023-11-05 15:00:00,15,1375.5,1.1
2023-11-05 16:00:00,16,1610.6,2.1
2023-11-05 17:00:00,17,1115.4,1.7
2023-11-05 18:00:00,18,1611.5,1.3
2023-11-05 19:00:00,19,1096.7,0.6
2023-11-05 20:00:00,20,395.8,1.7
2023-11-05 21:00:00,21,39.1,0.6
2023-11-05 22:00:00,22,,0.1
2023-11-05 23:00:00,23,,0.4
2023-11-06 00:00:00,0,,0.1
2023-11-06 01:00:00,1,,0.0
2023-11-06 02:00:00,2,,0.0
2023-11-06 03:00:00,3,,3.2
2023-11-06 04:00:00,4,,2.0
2023-11-06 05:00:00,5,,0.9
2023-11-06 06:00:00,6,,2.4
2023-11-06 07:00:00,7,,1.8
2023-11-06 08:00:00,8,,1.5
2023-11-06 09:00:00,9,7.9,1.3
2023-11-06 10:00:00,10,46.1,0.1
2023-11-06 11:00:00,11,56.7,0.6
2023-11-06 12:00:00,12,23.6,1.0
2023-11-06 13:00:00,13,77.6,2.0
2023-11-06 14:00:00,14,272.8,0.0
2023-11-06 15:00:00,15,740.8,1.5
2023-11-06 16:00:00,16,655.7,1.3
2023-11-06 17:00:00,17,633.7,0.3
2023-11-06 18:00:00,18,550.0,0.4
2023-11-06 19:00:00,19,391.4,0.9
2023-11-06 20:00:00,20,181.7,0.3
2023-11-06 21:00:00,21,15.1,0.6
2023-11-06 22:00:00,22,,0.1
2023-11-06 23:00:00,23,,0.0
2023-11-07 00:00:00,0,,0.0
2023-11-07 01:00:00,1,,0.0
2023-11-07 02:00:00,2,,0.0
2023-11-07 03:00:00,3,,0.0
2023-11-07 04:00:00,4,,0.0
2023-11-07 05:00:00,5,,0.0
2023-11-07 06:00:00,6,,0.0
2023-11-07 07:00:00,7,,2.0
2023-11-07 08:00:00,8,,0.9
2023-11-07 09:00:00,9,21.3,0.1
2023-11-07 10:00:00,10,229.7,0.0
2023-11-07 11:00:00,11,775.0,0.0
2023-11-07 12:00:00,12,1033.2,0.9
2023-11-07 13:00:00,13,1728.8,1.0
2023-11-07 14:00:00,14,2706.1,1.3
2023-11-07 15:00:00,15,2293.7,1.3
2023-11-07 16:00:00,16,2367.8,1.7
2023-11-07 17:00:00,17,2753.7,2.2
2023-11-07 18:00:00,18,2261.1,1.6
2023-11-07 19:00:00,19,1266.1,1.4
2023-11-07 20:00:00,20,465.9,2.5
2023-11-07 21:00:00,21,44.4,1.4
2023-11-07 22:00:00,22,,1.7
2023-11-07 23:00:00,23,,1.6
2023-11-08 00:00:00,0,,0.1
2023-11-08 01:00:00,1,,0.7
2023-11-08 02:00:00,2,,0.4
2023-11-08 03:00:00,3,,0.4
2023-11-08 04:00:00,4,,0.0
2023-11-08 05:00:00,5,,2.4
2023-11-08 06:00:00,6,,0.0
2023-11-08 07:00:00,7,,0.9
2023-11-08 08:00:00,8,,0.0
2023-11-08 09:00:00,9,36.0,0.0
2023-11-08 10:00:00,10,388.7,1.1
2023-11-08 11:00:00,11,796.3,1.2
2023-11-08 12:00:00,12,1901.0,0.7
2023-11-08 13:00:00,13,2613.2,2.2
2023-11-08 14:00:00,14,2895.8,1.6
2023-11-08 15:00:00,15,2498.8,2.2
2023-11-08 16:00:00,16,2741.1,1.8
2023-11-08 17:00:00,17,2806.7,1.4
2023-11-08 18:00:00,18,2121.7,1.5
2023-11-08 19:00:00,19,896.7,1.1
2023-11-08 20:00:00,20,244.6,0.4
2023-11-08 21:00:00,21,35.3,0.7
2023-11-08 22:00:00,22,,0.0
2023-11-08 23:00:00,23,,0.0
2023-11-09 00:00:00,0,,1.4
2023-11-09 01:00:00,1,,0.2
2023-11-09 02:00:00,2,,0.4
2023-11-09 03:00:00,3,,0.0
2023-11-09 04:00:00,4,,0.1
2023-11-09 05:00:00,5,,0.6
2023-11-09 06:00:00,6,,0.0
2023-11-09 07:00:00,7,,1.9
2023-11-09 08:00:00,8,,0.0
2023-11-09 09:00:00,9,24.7,0.4
2023-11-09 10:00:00,10,391.5,0.9
2023-11-09 11:00:00,11,1127.8,2.2
2023-11-09 12:00:00,12,2034.3,1.1
2023-11-09 13:00:00,13,1774.4,2.3
2023-11-09 14:00:00,14,2713.9,2.4
2023-11-09 15:00:00,15,2455.4,3.4
2023-11-09 16:00:00,16,2112.4,1.9
2023-11-09 17:00:00,17,2636.9,1.4
2023-11-09 18:00:00,18,2040.1,2.3
2023-11-09 19:00:00,19,1317.5,0.8
2023-11-09 20:00:00,20,255.3,1.6
2023-11-09 21:00:00,21,46.1,1.1
2023-11-09 22:00:00,22,,0.0
2023-11-09 23:00:00,23,,2.0
2023-11-10 00:00:00,0,,0.0
2023-11-10 01:00:00,1,,0.0
2023-11-10 02:00:00,2,,0.5
2023-11-10 03:00:00,3,,0.4
2023-11-10 04:00:00,4,,0.8
2023-11-10 05:00:00,5,,1.3
2023-11-10 06:00:00,6,,0.3
2023-11-10 07:00:00,7,,0.0
2023-11-10 08:00:00,8,,0.0
2023-11-10 09:00:00,9,30.8,0.0
2023-11-10 10:00:00,10,361.6,0.3
2023-11-10 11:00:00,11,697.7,2.2
2023-11-10 12:00:00,12,1090.0,2.4
2023-11-10 13:00:00,13,2138.6,1.3
2023-11-10 14:00:00,14,2134.3,1.7
2023-11-10 15:00:00,15,2796.6,3.2
2023-11-10 16:00:00,16,2611.4,2.6
2023-11-10 17:00:00,17,2353.9,2.4
2023-11-10 18:00:00,18,1902.9,2.0
2023-11-10 19:00:00,19,1266.6,1.3
2023-11-10 20:00:00,20,274.6,1.4
2023-11-10 21:00:00,21,45.1,0.2
2023-11-10 22:00:00,22,,0.0
2023-11-10 23:00:00,23,,0.1
2023-11-11 00:00:00,0,,0.0
2023-11-11 01:00:00,1,,0.1
2023-11-11 02:00:00,2,,0.0
2023-11-11 03:00:00,3,,0.4
2023-11-11 04:00:00,4,,0.6
2023-11-11 05:00:00,5,,1.8
2023-11-11 06:00:00,6,,2.1
2023-11-11 07:00:00,7,,0.9
2023-11-11 08:00:00,8,,1.2
2023-11-11 09:00:00,9,29.3,0.7
2023-11-11 10:00:00,10,387.9,1.7
2023-11-11 11:00:00,11,1305.4,2.2
2023-11-11 12:00:00,12,2130.0,4.0
2023-11-11 13:00:00,13,2783.4,3.0
2023-11-11 14:00:00,14,2896.8,3.5
2023-11-11 15:00:00,15,2952.8,3.1
2023-11-11 16:00:00,16,2688.2,1.9
2023-11-11 17:00:00,17,2503.4,1.8
2023-11-11 18:00:00,18,1698.6,1.6
2023-11-11 19:00:00,19,1357.2,2.9
2023-11-11 20:00:00,20,301.9,2.1
2023-11-11 21:00:00,21,50.1,0.0
2023-11-11 22:00:00,22,,0.0
2023-11-11 23:00:00,23,,1.0
2023-11-12 00:00:00,0,,0.0
2023-11-12 01:00:00,1,,0.7
2023-11-12 02:00:00,2,,0.8
2023-11-12 03:00:00,3,,0.0
2023-11-12 04:00:00,4,,1.0
2023-11-12 05:00:00,5,,0.0
2023-11-12 06:00:00,6,,1.1
2023-11-12 07:00:00,7,,0.5
2023-11-12 08:00:00,8,,0.0
2023-11-12 09:00:00,9,28.4,1.0
2023-11-12 10:00:00,10,404.8,1.2
2023-11-12 11:00:00,11,1296.3,2.8
2023-11-12 12:00:00,12,2140.9,2.4
2023-11-12 13:00:00,13,2788.0,1.0
2023-11-12 14:00:00,14,2944.4,1.2
2023-11-12 15:00:00,15,2897.0,1.4
2023-11-12 16:00:00,16,2744.5,1.7
2023-11-12 17:00:00,17,2461.6,1.4
2023-11-12 18:00:00,18,2016.6,0.8
2023-11-12 19:00:00,19,1286.1,1.5
2023-11-12 20:00:00,20,258.1,2.0
2023-11-12 21:00:00,21,49.0,1.9
2023-11-12 22:00:00,22,,2.3
2023-11-12 23:00:00,23,,0.4
2023-11-13 00:00:00,0,,0.0
2023-11-13 01:00:00,1,,0.3
2023-11-13 02:00:00,2,,0.0
2023-11-13 03:00:00,3,,0.0
2023-11-13 04:00:00,4,,2.1
2023-11-13 05:00:00,5,,1.8
2023-11-13 06:00:00,6,,0.1
2023-11-13 07:00:00,7,,0.0
2023-11-13 08:00:00,8,,0.0
2023-11-13 09:00:00,9,28.1,0.0
2023-11-13 10:00:00,10,404.4,0.3
2023-11-13 11:00:00,11,1294.5,2.7
2023-11-13 12:00:00,12,2282.3,2.5
2023-11-13 13:00:00,13,2751.4,2.2
2023-11-13 14:00:00,14,2918.8,1.3
2023-11-13 15:00:00,15,2885.0,1.6
2023-11-13 16:00:00,16,2846.3,2.1
2023-11-13 17:00:00,17,2120.5,0.6
2023-11-13 18:00:00,18,2041.8,1.1
2023-11-13 19:00:00,19,1333.4,0.3
2023-11-13 20:00:00,20,262.5,1.4
2023-11-13 21:00:00,21,44.9,1.2
2023-11-13 22:00:00,22,,0.0
2023-11-13 23:00:00,23,,1.6
2023-11-14 00:00:00,0,,0.0
2023-11-14 01:00:00,1,,0.0
2023-11-14 02:00:00,2,,0.0
2023-11-14 03:00:00,3,,0.0
2023-11-14 04:00:00,4,,2.9
2023-11-14 05:00:00,5,,0.8
2023-11-14 06:00:00,6,,0.0
2023-11-14 07:00:00,7,,0.2
2023-11-14 08:00:00,8,,0.4
2023-11-14 09:00:00,9,22.3,2.0
2023-11-14 10:00:00,10,134.5,1.9
2023-11-14 11:00:00,11,378.3,2.2
2023-11-14 12:00:00,12,1499.9,1.0
2023-11-14 13:00:00,13,2190.1,1.5
2023-11-14 14:00:00,14,2685.8,2.1
2023-11-14 15:00:00,15,2664.5,0.6
2023-11-14 16:00:00,16,2798.1,1.1
2023-11-14 17:00:00,17,2434.5,1.1
2023-11-14 18:00:00,18,1803.9,1.6
2023-11-14 19:00:00,19,1240.4,0.5
2023-11-14 20:00:00,20,287.3,0.0
2023-11-14 21:00:00,21,48.7,0.0
2023-11-14 22:00:00,22,,0.7
2023-11-14 23:00:00,23,,0.3
2023-11-15 00:00:00,0,,0.0
2023-11-15 01:00:00,1,,1.1
2023-11-15 02:00:00,2,,1.1
2023-11-15 03:00:00,3,,3.3
2023-11-15 04:00:00,4,,2.8
2023-11-15 05:00:00,5,,3.5
2023-11-15 06:00:00,6,,1.7
2023-11-15 07:00:00,7,,2.5
2023-11-15 08:00:00,8,,1.2
2023-11-15 09:00:00,9,14.1,0.5
2023-11-15 10:00:00,10,125.0,0.1
2023-11-15 11:00:00,11,535.8,2.4
2023-11-15 12:00:00,12,945.7,1.8
2023-11-15 13:00:00,13,2214.1,2.2
2023-11-15 14:00:00,14,2655.8,1.6
2023-11-15 15:00:00,15,2452.4,1.0
2023-11-15 16:00:00,16,2343.3,1.3
2023-11-15 17:00:00,17,2296.6,1.7
2023-11-15 18:00:00,18,1677.0,1.4
2023-11-15 19:00:00,19,1231.6,2.7
2023-11-15 20:00:00,20,403.4,2.9
2023-11-15 21:00:00,21,48.5,1.5
2023-11-15 22:00:00,22,,0.5
2023-11-15 23:00:00,23,,0.0
2023-11-16 00:00:00,0,,0.0
2023-11-16 01:00:00,1,,1.2
2023-11-16 02:00:00,2,,0.4
2023-11-16 03:00:00,3,,2.3
2023-11-16 04:00:00,4,,2.3
2023-11-16 05:00:00,5,,0.7
2023-11-16 06:00:00,6,,1.2
2023-11-16 07:00:00,7,,0.0
2023-11-16 08:00:00,8,,2.1
2023-11-16 09:00:00,9,6.5,0.1
2023-11-16 10:00:00,10,95.9,0.5
2023-11-16 11:00:00,11,399.7,0.2
2023-11-16 12:00:00,12,689.4,0.3
2023-11-16 13:00:00,13,1245.6,1.3
2023-11-16 14:00:00,14,2775.1,1.0
2023-11-16 15:00:00,15,2559.3,1.4
2023-11-16 16:00:00,16,1636.4,1.2
2023-11-16 17:00:00,17,1692.9,1.0
2023-11-16 18:00:00,18,1680.7,0.9
2023-11-16 19:00:00,19,1143.3,0.5
2023-11-16 20:00:00,20,349.6,2.1
2023-11-16 21:00:00,21,77.4,1.9
2023-11-16 22:00:00,22,,0.1
2023-11-16 23:00:00,23,,1.3
2023-11-17 00:00:00,0,,0.1
2023-11-17 01:00:00,1,,0.0
2023-11-17 02:00:00,2,,0.0
2023-11-17 03:00:00,3,,1.5
2023-11-17 04:00:00,4,,3.4
2023-11-17 05:00:00,5,,1.6
2023-11-17 06:00:00,6,,3.6
2023-11-17 07:00:00,7,,1.9
2023-11-17 08:00:00,8,,0.7
2023-11-17 09:00:00,9,17.8,1.3
2023-11-17 10:00:00,10,102.6,0.4
2023-11-17 11:00:00,11,413.3,1.7
2023-11-17 12:00:00,12,639.5,2.2
2023-11-17 13:00:00,13,480.6,0.9
2023-11-17 14:00:00,14,779.7,2.2
2023-11-17 15:00:00,15,769.9,1.3
2023-11-17 16:00:00,16,1501.4,1.2
2023-11-17 17:00:00,17,2084.0,1.0
2023-11-17 18:00:00,18,1795.7,1.0
2023-11-17 19:00:00,19,1288.5,0.8
2023-11-17 20:00:00,20,300.2,0.5
2023-11-17 21:00:00,21,51.4,0.2
2023-11-17 22:00:00,22,,0.0
2023-11-17 23:00:00,23,,0.1
2023-11-18 00:00:00,0,,0.0
2023-11-18 01:00:00,1,,0.8
2023-11-18 02:00:00,2,,0.5
2023-11-18 03:00:00,3,,0.5
2023-11-18 04:00:00,4,,1.9
2023-11-18 05:00:00,5,,1.4
2023-11-18 06:00:00,6,,0.8
2023-11-18 07:00:00,7,,0.1
2023-11-18 08:00:00,8,,1.0
2023-11-18 09:00:00,9,38.3,0.0
2023-11-18 10:00:00,10,368.8,0.6
2023-11-18 11:00:00,11,1181.4,3.1
2023-11-18 12:00:00,12,2131.7,2.8
2023-11-18 13:00:00,13,2226.4,2.2
2023-11-18 14:00:00,14,2265.5,2.4
2023-11-18 15:00:00,15,2700.1,1.7
2023-11-18 16:00:00,16,1654.9,0.8
2023-11-18 17:00:00,17,2250.1,1.5
2023-11-18 18:00:00,18,1965.2,1.8
2023-11-18 19:00:00,19,1094.9,1.5
2023-11-18 20:00:00,20,286.0,0.1
2023-11-18 21:00:00,21,69.3,0.0
2023-11-18 22:00:00,22,,0.0
2023-11-18 23:00:00,23,,0.7
2023-11-19 00:00:00,0,,1.6
2023-11-19 01:00:00,1,,0.3
2023-11-19 02:00:00,2,,0.9
2023-11-19 03:00:00,3,,0.0
2023-11-19 04:00:00,4,,2.2
2023-11-19 05:00:00,5,,1.9
2023-11-19 06:00:00,6,,1.1
2023-11-19 07:00:00,7,,1.3
2023-11-19 08:00:00,8,,0.7
2023-11-19 09:00:00,9,32.9,0.7
2023-11-19 10:00:00,10,359.6,1.5
2023-11-19 11:00:00,11,1181.6,3.1
2023-11-19 12:00:00,12,1538.6,2.8
2023-11-19 13:00:00,13,2009.9,2.6
2023-11-19 14:00:00,14,2415.4,1.4
2023-11-19 15:00:00,15,2537.0,1.3
2023-11-19 16:00:00,16,1619.1,1.5
2023-11-19 17:00:00,17,2272.7,0.9
2023-11-19 18:00:00,18,2125.5,1.5
2023-11-19 19:00:00,19,798.0,0.4
2023-11-19 20:00:00,20,336.8,2.3
2023-11-19 21:00:00,21,53.6,0.1
2023-11-19 22:00:00,22,,1.7
2023-11-19 23:00:00,23,,0.9
2023-11-20 00:00:00,0,,0.1
2023-11-20 01:00:00,1,,0.6
2023-11-20 02:00:00,2,,1.4
2023-11-20 03:00:00,3,,1.1
2023-11-20 04:00:00,4,,1.9
2023-11-20 05:00:00,5,,2.3
2023-11-20 06:00:00,6,,4.4
2023-11-20 07:00:00,7,,2.5
2023-11-20 08:00:00,8,,2.0
2023-11-20 09:00:00,9,4.0,2.6
2023-11-20 10:00:00,10,73.6,1.6
2023-11-20 11:00:00,11,224.0,1.9
2023-11-20 12:00:00,12,221.6,2.0
2023-11-20 13:00:00,13,425.3,1.5
2023-11-20 14:00:00,14,341.7,1.5
2023-11-20 15:00:00,15,721.2,0.6
2023-11-20 16:00:00,16,1431.6,3.1
2023-11-20 17:00:00,17,2033.6,2.3
2023-11-20 18:00:00,18,1428.7,1.0
2023-11-20 19:00:00,19,1169.1,1.2
2023-11-20 20:00:00,20,297.5,0.5
2023-11-20 21:00:00,21,43.7,0.1
2023-11-20 22:00:00,22,,0.0
2023-11-20 23:00:00,23,,1.0
2023-11-21 00:00:00,0,,0.3
2023-11-21 01:00:00,1,,0.1
2023-11-21 02:00:00,2,,0.5
2023-11-21 03:00:00,3,,0.9
2023-11-21 04:00:00,4,,0.5
2023-11-21 05:00:00,5,,0.1
2023-11-21 06:00:00,6,,0.8
2023-11-21 07:00:00,7,,0.0
2023-11-21 08:00:00,8,,0.0
2023-11-21 09:00:00,9,27.6,0.1
2023-11-21 10:00:00,10,167.0,0.0
2023-11-21 11:00:00,11,1037.9,1.7
2023-11-21 12:00:00,12,1728.0,2.0
2023-11-21 13:00:00,13,2569.6,2.1
2023-11-21 14:00:00,14,2349.4,2.3
2023-11-21 15:00:00,15,2124.5,1.1
2023-11-21 16:00:00,16,1635.4,4.0
2023-11-21 17:00:00,17,2129.3,3.3
2023-11-21 18:00:00,18,1242.6,3.8
2023-11-21 19:00:00,19,1200.2,2.9
2023-11-21 20:00:00,20,167.4,2.5
2023-11-21 21:00:00,21,26.3,1.0
2023-11-21 22:00:00,22,,0.2
2023-11-21 23:00:00,23,,0.0
2023-11-22 00:00:00,0,,0.9
2023-11-22 01:00:00,1,,0.7
2023-11-22 02:00:00,2,,0.0
2023-11-22 03:00:00,3,,0.1
2023-11-22 04:00:00,4,,0.5
2023-11-22 05:00:00,5,,0.8
2023-11-22 06:00:00,6,,1.2
2023-11-22 07:00:00,7,,1.2
2023-11-22 08:00:00,8,,0.9
2023-11-22 09:00:00,9,32.4,0.3
2023-11-22 10:00:00,10,432.0,0.8
2023-11-22 11:00:00,11,940.7,1.5
2023-11-22 12:00:00,12,1204.5,1.8
2023-11-22 13:00:00,13,2140.1,2.1
2023-11-22 14:00:00,14,1851.4,2.7
2023-11-22 15:00:00,15,2034.3,1.6
2023-11-22 16:00:00,16,1100.0,1.3
2023-11-22 17:00:00,17,371.9,2.7
2023-11-22 18:00:00,18,513.2,2.8
2023-11-22 19:00:00,19,569.1,1.9
2023-11-22 20:00:00,20,322.5,2.1
2023-11-22 21:00:00,21,65.3,0.3
2023-11-22 22:00:00,22,,0.3
2023-11-22 23:00:00,23,,0.5
2023-11-23 00:00:00,0,,3.3
2023-11-23 01:00:00,1,,1.2
2023-11-23 02:00:00,2,,0.4
2023-11-23 03:00:00,3,,2.4
2023-11-23 04:00:00,4,,1.5
2023-11-23 05:00:00,5,,0.0
2023-11-23 06:00:00,6,,0.7
2023-11-23 07:00:00,7,,0.1
2023-11-23 08:00:00,8,,0.2
2023-11-23 09:00:00,9,68.8,0.7
2023-11-23 10:00:00,10,345.4,0.1
2023-11-23 11:00:00,11,535.4,0.1
2023-11-23 12:00:00,12,1584.9,0.2
2023-11-23 13:00:00,13,1569.6,0.2
2023-11-23 14:00:00,14,2156.5,1.4
2023-11-23 15:00:00,15,2053.6,0.9
2023-11-23 16:00:00,16,2334.1,1.1
2023-11-23 17:00:00,17,2037.3,1.5
2023-11-23 18:00:00,18,1716.8,1.7
2023-11-23 19:00:00,19,953.8,1.6
2023-11-23 20:00:00,20,420.4,1.4
2023-11-23 21:00:00,21,96.1,1.1
2023-11-23 22:00:00,22,,1.5
2023-11-23 23:00:00,23,,0.0
2023-11-24 00:00:00,0,,0.0
2023-11-24 01:00:00,1,,0.2
2023-11-24 02:00:00,2,,0.0
2023-11-24 03:00:00,3,,1.1
2023-11-24 04:00:00,4,,0.0
2023-11-24 05:00:00,5,,1.7
2023-11-24 06:00:00,6,,0.0
2023-11-24 07:00:00,7,,0.0
2023-11-24 08:00:00,8,,0.0
2023-11-24 09:00:00,9,23.2,0.0
2023-11-24 10:00:00,10,360.2,0.6
2023-11-24 11:00:00,11,1258.7,1.0
2023-11-24 12:00:00,12,1799.2,1.0
2023-11-24 13:00:00,13,2413.5,1.6
2023-11-24 14:00:00,14,2328.0,1.1
2023-11-24 15:00:00,15,2904.3,1.2
2023-11-24 16:00:00,16,2333.9,1.5
2023-11-24 17:00:00,17,2478.0,1.6
2023-11-24 18:00:00,18,1935.7,1.2
2023-11-24 19:00:00,19,1477.9,2.6
2023-11-24 20:00:00,20,375.9,1.3
2023-11-24 21:00:00,21,43.0,0.6
2023-11-24 22:00:00,22,,0.0
2023-11-24 23:00:00,23,,0.2
2023-11-25 00:00:00,0,,0.0
2023-11-25 01:00:00,1,,0.7
2023-11-25 02:00:00,2,,1.3
2023-11-25 03:00:00,3,,1.2
2023-11-25 04:00:00,4,,1.0
2023-11-25 05:00:00,5,,2.6
2023-11-25 06:00:00,6,,0.0
2023-11-25 07:00:00,7,,0.3
2023-11-25 08:00:00,8,,0.0
2023-11-25 09:00:00,9,25.3,0.0
2023-11-25 10:00:00,10,362.4,1.4
2023-11-25 11:00:00,11,1278.1,2.7
2023-11-25 12:00:00,12,2209.4,2.1
2023-11-25 13:00:00,13,2556.9,2.7
2023-11-25 14:00:00,14,2443.5,1.1
2023-11-25 15:00:00,15,2889.3,1.3
2023-11-25 16:00:00,16,2918.7,1.1
2023-11-25 17:00:00,17,2291.8,1.7
2023-11-25 18:00:00,18,2098.0,1.4
2023-11-25 19:00:00,19,1341.9,1.7
2023-11-25 20:00:00,20,315.9,2.9
2023-11-25 21:00:00,21,57.3,1.5
2023-11-25 22:00:00,22,,0.8
2023-11-25 23:00:00,23,,0.7
2023-11-26 00:00:00,0,,1.1
2023-11-26 01:00:00,1,,0.5
2023-11-26 02:00:00,2,,0.1
2023-11-26 03:00:00,3,,0.6
2023-11-26 04:00:00,4,,2.7
2023-11-26 05:00:00,5,,1.3
2023-11-26 06:00:00,6,,0.0
2023-11-26 07:00:00,7,,0.7
2023-11-26 08:00:00,8,,0.0
2023-11-26 09:00:00,9,23.9,0.1
2023-11-26 10:00:00,10,357.9,0.8
2023-11-26 11:00:00,11,924.0,1.1
2023-11-26 12:00:00,12,1204.9,2.1
2023-11-26 13:00:00,13,2139.2,2.5
2023-11-26 14:00:00,14,2603.2,2.8
2023-11-26 15:00:00,15,1912.4,0.7
2023-11-26 16:00:00,16,2604.7,2.2
2023-11-26 17:00:00,17,1823.9,2.1
2023-11-26 18:00:00,18,2050.9,2.2
2023-11-26 19:00:00,19,1213.2,1.4
2023-11-26 20:00:00,20,260.7,0.7
2023-11-26 21:00:00,21,50.1,0.8
2023-11-26 22:00:00,22,,1.3
2023-11-26 23:00:00,23,,0.6
2023-11-27 00:00:00,0,,0.0
2023-11-27 01:00:00,1,,0.2
2023-11-27 02:00:00,2,,0.3
2023-11-27 03:00:00,3,,0.5
2023-11-27 04:00:00,4,,0.6
2023-11-27 05:00:00,5,,0.5
2023-11-27 06:00:00,6,,0.8
2023-11-27 07:00:00,7,,0.0
2023-11-27 08:00:00,8,,0.0
2023-11-27 09:00:00,9,23.7,0.0
2023-11-27 10:00:00,10,320.2,0.4
2023-11-27 11:00:00,11,1337.9,1.7
2023-11-27 12:00:00,12,2185.8,1.5
2023-11-27 13:00:00,13,2397.0,0.6
2023-11-27 14:00:00,14,1967.0,1.5
2023-11-27 15:00:00,15,2915.2,2.0
2023-11-27 16:00:00,16,2476.4,1.1
2023-11-27 17:00:00,17,2093.5,2.1
2023-11-27 18:00:00,18,2219.5,1.4
2023-11-27 19:00:00,19,1240.1,0.3
2023-11-27 20:00:00,20,281.8,1.6
2023-11-27 21:00:00,21,53.2,0.5
2023-11-27 22:00:00,22,,2.2
2023-11-27 23:00:00,23,,0.3
2023-11-28 00:00:00,0,,0.0
2023-11-28 01:00:00,1,,0.1
2023-11-28 02:00:00,2,,0.2
2023-11-28 03:00:00,3,,0.0
2023-11-28 04:00:00,4,,0.1
2023-11-28 05:00:00,5,,2.6
2023-11-28 06:00:00,6,,1.2
2023-11-28 07:00:00,7,,1.4
2023-11-28 08:00:00,8,,0.0
2023-11-28 09:00:00,9,19.7,0.8
2023-11-28 10:00:00,10,177.0,1.5
2023-11-28 11:00:00,11,595.0,2.4
2023-11-28 12:00:00,12,1065.3,2.0
2023-11-28 13:00:00,13,1902.0,2.9
2023-11-28 14:00:00,14,1560.5,1.4
2023-11-28 15:00:00,15,1925.3,1.7
2023-11-28 16:00:00,16,2699.6,1.2
2023-11-28 17:00:00,17,2477.2,1.9
2023-11-28 18:00:00,18,2191.1,1.1
2023-11-28 19:00:00,19,1370.4,2.5
2023-11-28 20:00:00,20,337.4,1.7
2023-11-28 21:00:00,21,137.2,1.6
2023-11-28 22:00:00,22,,4.8
2023-11-28 23:00:00,23,,1.5
2023-11-29 00:00:00,0,,0.0
2023-11-29 01:00:00,1,,1.3
2023-11-29 02:00:00,2,,1.6
2023-11-29 03:00:00,3,,0.7
2023-11-29 04:00:00,4,,0.6
2023-11-29 05:00:00,5,,1.9
2023-11-29 06:00:00,6,,1.8
2023-11-29 07:00:00,7,,0.6
2023-11-29 08:00:00,8,,0.0
2023-11-29 09:00:00,9,25.0,0.0
2023-11-29 10:00:00,10,362.8,0.1
2023-11-29 11:00:00,11,538.0,2.6
2023-11-29 12:00:00,12,1345.1,2.7
2023-11-29 13:00:00,13,1199.9,1.0
2023-11-29 14:00:00,14,1818.9,1.6
2023-11-29 15:00:00,15,1827.1,2.1
2023-11-29 16:00:00,16,2588.7,1.6
2023-11-29 17:00:00,17,2022.8,2.1
2023-11-29 18:00:00,18,1328.1,2.5
2023-11-29 19:00:00,19,965.3,1.4
2023-11-29 20:00:00,20,274.9,1.4
2023-11-29 21:00:00,21,35.7,1.2
2023-11-29 22:00:00,22,,1.4
2023-11-29 23:00:00,23,,0.0
2023-11-30 00:00:00,0,,0.1
2023-11-30 01:00:00,1,,0.0
2023-11-30 02:00:00,2,,0.0
2023-11-30 03:00:00,3,,0.0
2023-11-30 04:00:00,4,,1.8
2023-11-30 05:00:00,5,,1.6
2023-11-30 06:00:00,6,,2.1
2023-11-30 07:00:00,7,,0.3
2023-11-30 08:00:00,8,,1.3
2023-11-30 09:00:00,9,27.3,1.0
2023-11-30 10:00:00,10,330.2,1.7
2023-11-30 11:00:00,11,1292.5,3.0
2023-11-30 12:00:00,12,2038.8,3.5
2023-11-30 13:00:00,13,2681.2,3.1
2023-11-30 14:00:00,14,2697.1,2.4
2023-11-30 15:00:00,15,2543.1,1.3
2023-11-30 16:00:00,16,1951.7,2.0
2023-11-30 17:00:00,17,2606.4,2.0
2023-11-30 18:00:00,18,1781.2,1.2
2023-11-30 19:00:00,19,1189.4,1.5
2023-11-30 20:00:00,20,274.8,1.7
2023-11-30 21:00:00,21,57.1,1.9
2023-11-30 22:00:00,22,,1.7
2023-11-30 23:00:00,23,,0.0
2023-12-01 00:00:00,0,,0.4
2023-12-01 01:00:00,1,,0.1
2023-12-01 02:00:00,2,,0.0
2023-12-01 03:00:00,3,,2.6
2023-12-01 04:00:00,4,,2.7
2023-12-01 05:00:00,5,,3.1
2023-12-01 06:00:00,6,,0.5
2023-12-01 07:00:00,7,,0.3
2023-12-01 08:00:00,8,,1.2
2023-12-01 09:00:00,9,23.8,0.0
2023-12-01 10:00:00,10,295.7,1.0
2023-12-01 11:00:00,11,655.4,2.3
2023-12-01 12:00:00,12,646.5,3.3
2023-12-01 13:00:00,13,836.0,2.9
2023-12-01 14:00:00,14,846.8,2.4
2023-12-01 15:00:00,15,1019.8,0.4
2023-12-01 16:00:00,16,1987.9,2.0
2023-12-01 17:00:00,17,2400.5,2.0
2023-12-01 18:00:00,18,2037.8,0.8
2023-12-01 19:00:00,19,1256.0,1.1
2023-12-01 20:00:00,20,323.8,0.2
2023-12-01 21:00:00,21,60.9,0.0
2023-12-01 22:00:00,22,,0.0
2023-12-01 23:00:00,23,,1.0
2023-12-02 00:00:00,0,,0.1
2023-12-02 01:00:00,1,,0.0
2023-12-02 02:00:00,2,,0.0
2023-12-02 03:00:00,3,,0.0
2023-12-02 04:00:00,4,,1.0
2023-12-02 05:00:00,5,,1.0
2023-12-02 06:00:00,6,,0.0
2023-12-02 07:00:00,7,,0.9
2023-12-02 08:00:00,8,,0.0
2023-12-02 09:00:00,9,22.2,0.0
2023-12-02 10:00:00,10,359.4,0.2
2023-12-02 11:00:00,11,696.1,2.4
2023-12-02 12:00:00,12,763.7,3.7
2023-12-02 13:00:00,13,986.8,2.9
2023-12-02 14:00:00,14,1275.7,1.8
2023-12-02 15:00:00,15,1186.0,1.0
2023-12-02 16:00:00,16,2632.3,1.1
2023-12-02 17:00:00,17,2411.1,0.9
2023-12-02 18:00:00,18,2074.0,0.9
2023-12-02 19:00:00,19,1443.4,2.1
2023-12-02 20:00:00,20,413.8,1.8
2023-12-02 21:00:00,21,63.5,0.7
2023-12-02 22:00:00,22,,1.2
2023-12-02 23:00:00,23,,0.0
2023-12-03 00:00:00,0,,0.0
2023-12-03 01:00:00,1,,0.0
2023-12-03 02:00:00,2,,1.4
2023-12-03 03:00:00,3,,0.0
2023-12-03 04:00:00,4,,0.3
2023-12-03 05:00:00,5,,3.3
2023-12-03 06:00:00,6,,1.7
2023-12-03 07:00:00,7,,0.6
2023-12-03 08:00:00,8,,0.1
2023-12-03 09:00:00,9,30.4,1.2
2023-12-03 10:00:00,10,304.8,1.1
2023-12-03 11:00:00,11,643.8,3.5
2023-12-03 12:00:00,12,1013.6,2.6
2023-12-03 13:00:00,13,449.8,2.5
2023-12-03 14:00:00,14,1678.2,2.9
2023-12-03 15:00:00,15,2537.8,2.6
2023-12-03 16:00:00,16,1733.1,1.4
2023-12-03 17:00:00,17,1211.8,1.5
2023-12-03 18:00:00,18,1844.8,3.3
2023-12-03 19:00:00,19,1337.1,1.8
2023-12-03 20:00:00,20,271.2,1.1
2023-12-03 21:00:00,21,60.8,0.4
2023-12-03 22:00:00,22,,0.0
2023-12-03 23:00:00,23,,0.4
2023-12-04 00:00:00,0,,0.8
2023-12-04 01:00:00,1,,0.0
2023-12-04 02:00:00,2,,0.0
2023-12-04 03:00:00,3,,0.0
2023-12-04 04:00:00,4,,0.0
2023-12-04 05:00:00,5,,2.1
2023-12-04 06:00:00,6,,1.3
2023-12-04 07:00:00,7,,1.8
2023-12-04 08:00:00,8,,0.6
2023-12-04 09:00:00,9,12.7,0.0
2023-12-04 10:00:00,10,167.7,1.8
2023-12-04 11:00:00,11,898.2,1.5
2023-12-04 12:00:00,12,1743.9,3.8
2023-12-04 13:00:00,13,2623.1,3.3
2023-12-04 14:00:00,14,1761.0,3.3
2023-12-04 15:00:00,15,1545.2,1.3
2023-12-04 16:00:00,16,2158.3,1.6
2023-12-04 17:00:00,17,2043.5,1.7
2023-12-04 18:00:00,18,1738.8,0.7
2023-12-04 19:00:00,19,1000.0,0.1
2023-12-04 20:00:00,20,326.4,1.4
2023-12-04 21:00:00,21,99.7,1.3
2023-12-04 22:00:00,22,,1.1
2023-12-04 23:00:00,23,,0.0
2023-12-05 00:00:00,0,,0.3
2023-12-05 01:00:00,1,,0.2
2023-12-05 02:00:00,2,,0.4
2023-12-05 03:00:00,3,,0.0
2023-12-05 04:00:00,4,,0.0
2023-12-05 05:00:00,5,,1.0
2023-12-05 06:00:00,6,,0.3
2023-12-05 07:00:00,7,,0.3
2023-12-05 08:00:00,8,,0.0
2023-12-05 09:00:00,9,24.9,0.1
2023-12-05 10:00:00,10,343.5,0.4
2023-12-05 11:00:00,11,805.3,1.2
2023-12-05 12:00:00,12,2128.8,1.2
2023-12-05 13:00:00,13,2417.4,1.0
2023-12-05 14:00:00,14,2187.6,1.4
2023-12-05 15:00:00,15,1774.4,0.9
2023-12-05 16:00:00,16,2853.4,1.5
2023-12-05 17:00:00,17,1763.2,1.3
2023-12-05 18:00:00,18,2021.6,1.5
2023-12-05 19:00:00,19,1051.8,1.1
2023-12-05 20:00:00,20,213.3,1.1
2023-12-05 21:00:00,21,37.9,1.2
2023-12-05 22:00:00,22,,0.8
2023-12-05 23:00:00,23,,0.5
2023-12-06 00:00:00,0,,0.2
2023-12-06 01:00:00,1,,0.0
2023-12-06 02:00:00,2,,1.0
2023-12-06 03:00:00,3,,1.2
2023-12-06 04:00:00,4,,4.4
2023-12-06 05:00:00,5,,0.5
2023-12-06 06:00:00,6,,2.0
2023-12-06 07:00:00,7,,1.8
2023-12-06 08:00:00,8,,0.5
2023-12-06 09:00:00,9,3.0,0.6
2023-12-06 10:00:00,10,69.9,0.9
2023-12-06 11:00:00,11,420.9,0.0
2023-12-06 12:00:00,12,1185.4,0.3
2023-12-06 13:00:00,13,1821.9,1.1
2023-12-06 14:00:00,14,1896.0,0.7
2023-12-06 15:00:00,15,1743.5,0.9
2023-12-06 16:00:00,16,1820.4,2.0
2023-12-06 17:00:00,17,1900.1,1.3
2023-12-06 18:00:00,18,2079.2,1.8
2023-12-06 19:00:00,19,1405.3,3.2
2023-12-06 20:00:00,20,351.6,2.0
2023-12-06 21:00:00,21,120.5,1.2
2023-12-06 22:00:00,22,,0.6
2023-12-06 23:00:00,23,,0.0
2023-12-07 00:00:00,0,,0.0
2023-12-07 01:00:00,1,,0.5
2023-12-07 02:00:00,2,,0.7
2023-12-07 03:00:00,3,,0.0
2023-12-07 04:00:00,4,,0.0
2023-12-07 05:00:00,5,,0.3
2023-12-07 06:00:00,6,,0.2
2023-12-07 07:00:00,7,,1.7
2023-12-07 08:00:00,8,,0.0
2023-12-07 09:00:00,9,25.5,0.1
2023-12-07 10:00:00,10,225.1,0.1
2023-12-07 11:00:00,11,1171.8,0.8
2023-12-07 12:00:00,12,1900.3,0.9
2023-12-07 13:00:00,13,1904.7,2.2
2023-12-07 14:00:00,14,879.1,2.8
2023-12-07 15:00:00,15,2027.8,1.7
2023-12-07 16:00:00,16,3061.6,2.2
2023-12-07 17:00:00,17,2443.5,2.5
2023-12-07 18:00:00,18,1211.3,2.1
2023-12-07 19:00:00,19,1279.3,0.8
2023-12-07 20:00:00,20,387.0,1.7
2023-12-07 21:00:00,21,93.1,1.6
2023-12-07 22:00:00,22,,1.1
2023-12-07 23:00:00,23,,1.3
2023-12-08 00:00:00,0,,0.2
2023-12-08 01:00:00,1,,0.0
2023-12-08 02:00:00,2,,0.2
2023-12-08 03:00:00,3,,0.3
2023-12-08 04:00:00,4,,1.3
2023-12-08 05:00:00,5,,0.1
2023-12-08 06:00:00,6,,0.0
2023-12-08 07:00:00,7,,0.0
2023-12-08 08:00:00,8,,0.0
2023-12-08 09:00:00,9,20.8,0.0
2023-12-08 10:00:00,10,350.4,0.0
2023-12-08 11:00:00,11,621.5,0.5
2023-12-08 12:00:00,12,1912.6,0.5
2023-12-08 13:00:00,13,2407.9,1.7
2023-12-08 14:00:00,14,2390.9,0.9
2023-12-08 15:00:00,15,2602.3,1.3
2023-12-08 16:00:00,16,2129.8,1.1
2023-12-08 17:00:00,17,1660.9,1.1
2023-12-08 18:00:00,18,1658.2,1.5
2023-12-08 19:00:00,19,690.2,2.3
2023-12-08 20:00:00,20,276.1,1.1
2023-12-08 21:00:00,21,102.9,2.1
2023-12-08 22:00:00,22,,1.7
2023-12-08 23:00:00,23,,0.2
2023-12-09 00:00:00,0,,0.0
2023-12-09 01:00:00,1,,0.6
2023-12-09 02:00:00,2,,0.0
2023-12-09 03:00:00,3,,0.0
2023-12-09 04:00:00,4,,0.9
2023-12-09 05:00:00,5,,1.9
2023-12-09 06:00:00,6,,1.8
2023-12-09 07:00:00,7,,0.1
2023-12-09 08:00:00,8,,2.0
2023-12-09 09:00:00,9,7.2,1.9
2023-12-09 10:00:00,10,98.0,1.6
2023-12-09 11:00:00,11,391.1,0.7
2023-12-09 12:00:00,12,775.8,2.4
2023-12-09 13:00:00,13,940.2,2.2
2023-12-09 14:00:00,14,1145.1,0.3
2023-12-09 15:00:00,15,2188.4,0.9
2023-12-09 16:00:00,16,2370.2,1.2
2023-12-09 17:00:00,17,2217.5,1.3
2023-12-09 18:00:00,18,1824.2,0.7
2023-12-09 19:00:00,19,979.6,1.3
2023-12-09 20:00:00,20,372.9,1.0
2023-12-09 21:00:00,21,52.8,1.0
2023-12-09 22:00:00,22,,0.0
2023-12-09 23:00:00,23,,0.2
2023-12-10 00:00:00,0,,0.4
2023-12-10 01:00:00,1,,0.0
2023-12-10 02:00:00,2,,0.0
2023-12-10 03:00:00,3,,0.1
2023-12-10 04:00:00,4,,0.8
2023-12-10 05:00:00,5,,0.1
2023-12-10 06:00:00,6,,1.8
2023-12-10 07:00:00,7,,2.2
2023-12-10 08:00:00,8,,1.5
2023-12-10 09:00:00,9,12.3,2.3
2023-12-10 10:00:00,10,190.8,2.5
2023-12-10 11:00:00,11,297.3,2.9
2023-12-10 12:00:00,12,109.1,2.0
2023-12-10 13:00:00,13,197.6,1.7
2023-12-10 14:00:00,14,74.3,2.1
2023-12-10 15:00:00,15,212.7,1.0
2023-12-10 16:00:00,16,426.3,0.1
2023-12-10 17:00:00,17,550.2,0.0
2023-12-10 18:00:00,18,712.0,1.5
2023-12-10 19:00:00,19,646.8,0.6
2023-12-10 20:00:00,20,375.3,0.0
2023-12-10 21:00:00,21,68.8,0.0
2023-12-10 22:00:00,22,,0.0
2023-12-10 23:00:00,23,,0.0
2023-12-11 00:00:00,0,,0.4
2023-12-11 01:00:00,1,,0.1
2023-12-11 02:00:00,2,,0.4
2023-12-11 03:00:00,3,,0.0
2023-12-11 04:00:00,4,,1.1
2023-12-11 05:00:00,5,,0.0
2023-12-11 06:00:00,6,,0.0
2023-12-11 07:00:00,7,,0.0
2023-12-11 08:00:00,8,,0.0
2023-12-11 09:00:00,9,14.4,0.0
2023-12-11 10:00:00,10,202.9,0.0
2023-12-11 11:00:00,11,644.6,0.0
2023-12-11 12:00:00,12,925.6,0.8
2023-12-11 13:00:00,13,381.5,0.7
2023-12-11 14:00:00,14,809.6,1.6
2023-12-11 15:00:00,15,1515.4,1.6
2023-12-11 16:00:00,16,1403.0,1.0
2023-12-11 17:00:00,17,1465.6,1.8
2023-12-11 18:00:00,18,587.9,2.2
2023-12-11 19:00:00,19,912.9,1.4
2023-12-11 20:00:00,20,356.9,0.8
2023-12-11 21:00:00,21,92.2,0.0
2023-12-11 22:00:00,22,,0.2
2023-12-11 23:00:00,23,,0.2
2023-12-12 00:00:00,0,,0.1
2023-12-12 01:00:00,1,,0.0
2023-12-12 02:00:00,2,,1.0
2023-12-12 03:00:00,3,,0.0
2023-12-12 04:00:00,4,,0.0
2023-12-12 05:00:00,5,,0.0
2023-12-12 06:00:00,6,,2.4
2023-12-12 07:00:00,7,,0.8
2023-12-12 08:00:00,8,,0.6
2023-12-12 09:00:00,9,14.5,0.0
2023-12-12 10:00:00,10,167.4,0.0
2023-12-12 11:00:00,11,821.3,0.0
2023-12-12 12:00:00,12,2272.0,1.6
2023-12-12 13:00:00,13,2520.7,1.1
2023-12-12 14:00:00,14,2933.5,1.1
2023-12-12 15:00:00,15,2829.6,3.1
2023-12-12 16:00:00,16,2212.4,1.2
2023-12-12 17:00:00,17,2014.9,1.9
2023-12-12 18:00:00,18,2035.8,1.5
2023-12-12 19:00:00,19,1161.5,2.3
2023-12-12 20:00:00,20,296.1,2.4
2023-12-12 21:00:00,21,92.7,1.3
2023-12-12 22:00:00,22,,0.3
2023-12-12 23:00:00,23,,0.9
2023-12-13 00:00:00,0,,0.0
2023-12-13 01:00:00,1,,0.4
2023-12-13 02:00:00,2,,0.0
2023-12-13 03:00:00,3,,0.1
2023-12-13 04:00:00,4,,0.2
2023-12-13 05:00:00,5,,0.4
2023-12-13 06:00:00,6,,0.3
2023-12-13 07:00:00,7,,1.5
2023-12-13 08:00:00,8,,0.9
2023-12-13 09:00:00,9,13.6,0.0
2023-12-13 10:00:00,10,226.0,1.0
2023-12-13 11:00:00,11,1132.7,2.0
2023-12-13 12:00:00,12,1941.0,0.8
2023-12-13 13:00:00,13,2643.7,0.5
2023-12-13 14:00:00,14,2365.8,1.0
2023-12-13 15:00:00,15,1993.2,1.0
2023-12-13 16:00:00,16,2614.4,1.9
2023-12-13 17:00:00,17,2438.2,1.9
2023-12-13 18:00:00,18,2243.6,2.0
2023-12-13 19:00:00,19,1199.4,1.7
2023-12-13 20:00:00,20,371.9,1.5
2023-12-13 21:00:00,21,55.2,0.5
2023-12-13 22:00:00,22,,0.0
2023-12-13 23:00:00,23,,0.6
2023-12-14 00:00:00,0,,0.0
2023-12-14 01:00:00,1,,0.0
2023-12-14 02:00:00,2,,0.5
2023-12-14 03:00:00,3,,0.1
2023-12-14 04:00:00,4,,2.4
2023-12-14 05:00:00,5,,0.6
2023-12-14 06:00:00,6,,1.2
2023-12-14 07:00:00,7,,0.0
2023-12-14 08:00:00,8,,0.0
2023-12-14 09:00:00,9,8.3,0.3
2023-12-14 10:00:00,10,239.5,1.1
2023-12-14 11:00:00,11,820.2,0.8
2023-12-14 12:00:00,12,1972.4,0.6
2023-12-14 13:00:00,13,2838.4,1.2
2023-12-14 14:00:00,14,2263.0,1.9
2023-12-14 15:00:00,15,2959.1,2.3
2023-12-14 16:00:00,16,2300.2,2.1
2023-12-14 17:00:00,17,1963.8,2.5
2023-12-14 18:00:00,18,1136.1,2.1
2023-12-14 19:00:00,19,693.1,1.8
2023-12-14 20:00:00,20,400.4,1.5
2023-12-14 21:00:00,21,95.4,0.9
2023-12-14 22:00:00,22,,0.8
2023-12-14 23:00:00,23,,0.8
2023-12-15 00:00:00,0,,0.2
2023-12-15 01:00:00,1,,0.6
2023-12-15 02:00:00,2,,0.7
2023-12-15 03:00:00,3,,1.1
2023-12-15 04:00:00,4,,0.1
2023-12-15 05:00:00,5,,0.0
2023-12-15 06:00:00,6,,0.0
2023-12-15 07:00:00,7,,0.0
2023-12-15 08:00:00,8,,0.5
2023-12-15 09:00:00,9,6.1,0.0
2023-12-15 10:00:00,10,103.8,0.0
2023-12-15 11:00:00,11,582.9,0.6
2023-12-15 12:00:00,12,1129.8,0.9
2023-12-15 13:00:00,13,1815.7,1.2
2023-12-15 14:00:00,14,2203.6,2.4
2023-12-15 15:00:00,15,639.0,1.6
2023-12-15 16:00:00,16,1049.6,2.0
2023-12-15 17:00:00,17,780.7,2.3
2023-12-15 18:00:00,18,723.9,2.7
2023-12-15 19:00:00,19,530.2,2.6
2023-12-15 20:00:00,20,365.1,2.7
2023-12-15 21:00:00,21,100.8,1.6
2023-12-15 22:00:00,22,,1.4
2023-12-15 23:00:00,23,,1.3
2023-12-16 00:00:00,0,,0.0
2023-12-16 01:00:00,1,,0.1
2023-12-16 02:00:00,2,,0.7
2023-12-16 03:00:00,3,,0.0
2023-12-16 04:00:00,4,,0.0
2023-12-16 05:00:00,5,,0.1
2023-12-16 06:00:00,6,,0.2
2023-12-16 07:00:00,7,,0.4
2023-12-16 08:00:00,8,,0.0
2023-12-16 09:00:00,9,12.8,0.6
2023-12-16 10:00:00,10,195.4,0.1
2023-12-16 11:00:00,11,487.1,0.1
2023-12-16 12:00:00,12,1304.6,0.4
2023-12-16 13:00:00,13,1979.2,3.0
2023-12-16 14:00:00,14,1645.7,2.4
2023-12-16 15:00:00,15,1622.8,2.3
2023-12-16 16:00:00,16,1151.4,1.9
2023-12-16 17:00:00,17,1478.5,1.7
2023-12-16 18:00:00,18,2055.9,1.8
2023-12-16 19:00:00,19,1370.2,2.0
2023-12-16 20:00:00,20,467.3,1.8
2023-12-16 21:00:00,21,146.4,1.5
2023-12-16 22:00:00,22,,1.1
2023-12-16 23:00:00,23,,0.0
2023-12-17 00:00:00,0,,0.0
2023-12-17 01:00:00,1,,0.0
2023-12-17 02:00:00,2,,0.0
2023-12-17 03:00:00,3,,2.2
2023-12-17 04:00:00,4,,2.0
2023-12-17 05:00:00,5,,2.0
2023-12-17 06:00:00,6,,2.3
2023-12-17 07:00:00,7,,0.0
2023-12-17 08:00:00,8,,0.0
2023-12-17 09:00:00,9,16.5,0.0
2023-12-17 10:00:00,10,293.5,0.0
2023-12-17 11:00:00,11,1063.7,0.1
2023-12-17 12:00:00,12,1636.1,0.9
2023-12-17 13:00:00,13,1765.0,0.9
2023-12-17 14:00:00,14,2181.8,1.5
2023-12-17 15:00:00,15,1557.3,2.8
2023-12-17 16:00:00,16,1595.4,2.3
2023-12-17 17:00:00,17,1938.7,2.5
2023-12-17 18:00:00,18,1792.0,2.3
2023-12-17 19:00:00,19,683.7,1.7
2023-12-17 20:00:00,20,332.5,1.9
2023-12-17 21:00:00,21,87.6,1.6
2023-12-17 22:00:00,22,,0.1
2023-12-17 23:00:00,23,,1.2
2023-12-18 00:00:00,0,,0.7
2023-12-18 01:00:00,1,,1.1
2023-12-18 02:00:00,2,,0.0
2023-12-18 03:00:00,3,,0.3
2023-12-18 04:00:00,4,,2.3
2023-12-18 05:00:00,5,,2.8
2023-12-18 06:00:00,6,,3.4
2023-12-18 07:00:00,7,,1.6
2023-12-18 08:00:00,8,,1.1
2023-12-18 09:00:00,9,2.2,0.6
2023-12-18 10:00:00,10,74.0,0.4
2023-12-18 11:00:00,11,369.2,1.4
2023-12-18 12:00:00,12,650.5,1.6
2023-12-18 13:00:00,13,1055.4,0.8
2023-12-18 14:00:00,14,1731.9,1.0
2023-12-18 15:00:00,15,2439.3,1.6
2023-12-18 16:00:00,16,2033.1,0.7
2023-12-18 17:00:00,17,1915.0,4.1
2023-12-18 18:00:00,18,1070.2,2.9
2023-12-18 19:00:00,19,282.9,2.6
2023-12-18 20:00:00,20,440.3,1.6
2023-12-18 21:00:00,21,98.1,2.6
2023-12-18 22:00:00,22,,1.3
2023-12-18 23:00:00,23,,0.0
2023-12-19 00:00:00,0,,0.6
2023-12-19 01:00:00,1,,0.0
2023-12-19 02:00:00,2,,0.0
2023-12-19 03:00:00,3,,0.0
2023-12-19 04:00:00,4,,0.0
2023-12-19 05:00:00,5,,1.0
2023-12-19 06:00:00,6,,1.8
2023-12-19 07:00:00,7,,0.4
2023-12-19 08:00:00,8,,0.1
2023-12-19 09:00:00,9,16.7,0.5
2023-12-19 10:00:00,10,265.5,0.0
2023-12-19 11:00:00,11,893.8,0.0
2023-12-19 12:00:00,12,2054.1,2.8
2023-12-19 13:00:00,13,2185.4,1.5
2023-12-19 14:00:00,14,1929.7,3.8
2023-12-19 15:00:00,15,2829.2,2.6
2023-12-19 16:00:00,16,2506.1,2.2
2023-12-19 17:00:00,17,1496.2,2.3
2023-12-19 18:00:00,18,2342.2,3.1
2023-12-19 19:00:00,19,1405.3,4.3
2023-12-19 20:00:00,20,416.5,4.4
2023-12-19 21:00:00,21,93.0,1.2
2023-12-19 22:00:00,22,,3.1
2023-12-19 23:00:00,23,,2.5
2023-12-20 00:00:00,0,,2.1
2023-12-20 01:00:00,1,,1.7
2023-12-20 02:00:00,2,,0.8
2023-12-20 03:00:00,3,,0.0
2023-12-20 04:00:00,4,,0.0
2023-12-20 05:00:00,5,,0.0
2023-12-20 06:00:00,6,,0.2
2023-12-20 07:00:00,7,,0.0
2023-12-20 08:00:00,8,,0.0
2023-12-20 09:00:00,9,7.0,0.0
2023-12-20 10:00:00,10,102.1,0.1
2023-12-20 11:00:00,11,557.6,1.3
2023-12-20 12:00:00,12,955.6,2.7
2023-12-20 13:00:00,13,2108.5,3.8
2023-12-20 14:00:00,14,1877.2,3.9
2023-12-20 15:00:00,15,2163.3,3.6
2023-12-20 16:00:00,16,1571.0,2.9
2023-12-20 17:00:00,17,667.8,1.7
2023-12-20 18:00:00,18,975.9,1.5
2023-12-20 19:00:00,19,980.9,2.3
2023-12-20 20:00:00,20,248.4,10.1
2023-12-20 21:00:00,21,13.2,2.3
2023-12-20 22:00:00,22,,3.0
2023-12-20 23:00:00,23,,1.1
2023-12-21 00:00:00,0,,0.0
2023-12-21 01:00:00,1,,2.8
2023-12-21 02:00:00,2,,0.5
2023-12-21 03:00:00,3,,0.8
2023-12-21 04:00:00,4,,1.0
2023-12-21 05:00:00,5,,2.3
2023-12-21 06:00:00,6,,0.0
2023-12-21 07:00:00,7,,0.0
2023-12-21 08:00:00,8,,0.0
2023-12-21 09:00:00,9,8.2,0.0
2023-12-21 10:00:00,10,140.6,0.0
2023-12-21 11:00:00,11,345.9,0.0
2023-12-21 12:00:00,12,678.2,0.0
2023-12-21 13:00:00,13,1223.3,0.0
2023-12-21 14:00:00,14,1670.2,3.3
2023-12-21 15:00:00,15,1667.0,3.1
2023-12-21 16:00:00,16,1739.9,2.2
2023-12-21 17:00:00,17,1489.4,2.4
2023-12-21 18:00:00,18,955.5,2.7
2023-12-21 19:00:00,19,855.1,2.0
2023-12-21 20:00:00,20,448.3,0.7
2023-12-21 21:00:00,21,101.0,0.1
2023-12-21 22:00:00,22,,0.8
2023-12-21 23:00:00,23,,0.9
2023-12-22 00:00:00,0,,0.3
2023-12-22 01:00:00,1,,0.0
2023-12-22 02:00:00,2,,0.0
2023-12-22 03:00:00,3,,0.0
2023-12-22 04:00:00,4,,0.2
2023-12-22 05:00:00,5,,0.8
2023-12-22 06:00:00,6,,3.2
2023-12-22 07:00:00,7,,2.8
2023-12-22 08:00:00,8,,0.5
2023-12-22 09:00:00,9,,0.0
2023-12-22 10:00:00,10,52.9,0.0
2023-12-22 11:00:00,11,303.4,0.0
2023-12-22 12:00:00,12,476.0,0.3
2023-12-22 13:00:00,13,884.2,0.0
2023-12-22 14:00:00,14,986.9,0.5
2023-12-22 15:00:00,15,1531.1,1.0
2023-12-22 16:00:00,16,1271.7,0.8
2023-12-22 17:00:00,17,939.6,1.3
2023-12-22 18:00:00,18,1558.4,1.8
2023-12-22 19:00:00,19,885.8,1.4
2023-12-22 20:00:00,20,419.9,0.5
2023-12-22 21:00:00,21,77.9,0.9
2023-12-22 22:00:00,22,,0.0
2023-12-22 23:00:00,23,,0.0
2023-12-23 00:00:00,0,,0.0
2023-12-23 01:00:00,1,,0.2
2023-12-23 02:00:00,2,,0.0
2023-12-23 03:00:00,3,,0.6
2023-12-23 04:00:00,4,,0.0
2023-12-23 05:00:00,5,,0.0
2023-12-23 06:00:00,6,,0.0
2023-12-23 07:00:00,7,,0.0
2023-12-23 08:00:00,8,,0.0
2023-12-23 09:00:00,9,12.3,0.0
2023-12-23 10:00:00,10,239.8,0.1
2023-12-23 11:00:00,11,1041.2,0.0
2023-12-23 12:00:00,12,2034.2,0.8
2023-12-23 13:00:00,13,2738.6,2.6
2023-12-23 14:00:00,14,2574.6,2.4
2023-12-23 15:00:00,15,3357.4,2.6
2023-12-23 16:00:00,16,2988.4,1.1
2023-12-23 17:00:00,17,2310.7,1.9
2023-12-23 18:00:00,18,1835.8,1.7
2023-12-23 19:00:00,19,1101.0,1.5
2023-12-23 20:00:00,20,548.7,1.5
2023-12-23 21:00:00,21,91.7,1.4
2023-12-23 22:00:00,22,,1.3
2023-12-23 23:00:00,23,,0.2
2023-12-24 00:00:00,0,,0.8
2023-12-24 01:00:00,1,,0.0
2023-12-24 02:00:00,2,,0.0
2023-12-24 03:00:00,3,,0.0
2023-12-24 04:00:00,4,,0.0
2023-12-24 05:00:00,5,,0.0
2023-12-24 06:00:00,6,,2.5
2023-12-24 07:00:00,7,,1.2
2023-12-24 08:00:00,8,,0.0
2023-12-24 09:00:00,9,14.5,0.0
2023-12-24 10:00:00,10,313.9,0.0
2023-12-24 11:00:00,11,1126.8,0.0
2023-12-24 12:00:00,12,2028.9,0.0
2023-12-24 13:00:00,13,2682.4,0.9
2023-12-24 14:00:00,14,2821.5,0.4
2023-12-24 15:00:00,15,2813.6,0.1
2023-12-24 16:00:00,16,2811.6,1.6
2023-12-24 17:00:00,17,2379.1,1.0
2023-12-24 18:00:00,18,2262.0,1.2
2023-12-24 19:00:00,19,1412.1,1.0
2023-12-24 20:00:00,20,353.5,1.9
2023-12-24 21:00:00,21,77.1,1.6
2023-12-24 22:00:00,22,,0.0
2023-12-24 23:00:00,23,,0.0
2023-12-25 00:00:00,0,,0.0
2023-12-25 01:00:00,1,,0.0
2023-12-25 02:00:00,2,,0.0
2023-12-25 03:00:00,3,,0.0
2023-12-25 04:00:00,4,,0.0
2023-12-25 05:00:00,5,,0.7
2023-12-25 06:00:00,6,,0.0
2023-12-25 07:00:00,7,,0.0
2023-12-25 08:00:00,8,,0.0
2023-12-25 09:00:00,9,15.1,0.0
2023-12-25 10:00:00,10,273.4,0.0
2023-12-25 11:00:00,11,934.5,0.5
2023-12-25 12:00:00,12,856.2,1.4
2023-12-25 13:00:00,13,781.1,0.7
2023-12-25 14:00:00,14,851.8,0.0
2023-12-25 15:00:00,15,2154.1,0.0
2023-12-25 16:00:00,16,3086.9,0.0
2023-12-25 17:00:00,17,2224.8,0.0
2023-12-25 18:00:00,18,2257.2,0.0
2023-12-25 19:00:00,19,1515.1,0.0
2023-12-25 20:00:00,20,378.6,0.6
2023-12-25 21:00:00,21,86.0,0.0
2023-12-25 22:00:00,22,,0.0
2023-12-25 23:00:00,23,,0.0
2023-12-26 00:00:00,0,,0.0
2023-12-26 01:00:00,1,,0.0
2023-12-26 02:00:00,2,,0.0
2023-12-26 03:00:00,3,,0.0
2023-12-26 04:00:00,4,,0.0
2023-12-26 05:00:00,5,,0.0
2023-12-26 06:00:00,6,,0.0
2023-12-26 07:00:00,7,,0.0
2023-12-26 08:00:00,8,,0.0
2023-12-26 09:00:00,9,11.8,0.0
2023-12-26 10:00:00,10,184.1,0.0
2023-12-26 11:00:00,11,1067.1,0.0
2023-12-26 12:00:00,12,1998.4,0.0
2023-12-26 13:00:00,13,2659.4,0.0
2023-12-26 14:00:00,14,3102.2,0.0
2023-12-26 15:00:00,15,3129.1,0.0
2023-12-26 16:00:00,16,3066.0,0.0
2023-12-26 17:00:00,17,2040.0,0.0
2023-12-26 18:00:00,18,2263.4,0.0
2023-12-26 19:00:00,19,1541.7,0.0
2023-12-26 20:00:00,20,458.8,0.0
2023-12-26 21:00:00,21,86.4,0.0
2023-12-26 22:00:00,22,,0.0
2023-12-26 23:00:00,23,,0.0
2023-12-27 00:00:00,0,,0.0
2023-12-27 01:00:00,1,,0.0
2023-12-27 02:00:00,2,,1.0
2023-12-27 03:00:00,3,,1.8
2023-12-27 04:00:00,4,,0.2
2023-12-27 05:00:00,5,,0.0
2023-12-27 06:00:00,6,,0.0
2023-12-27 07:00:00,7,,0.0
2023-12-27 08:00:00,8,,0.8
2023-12-27 09:00:00,9,8.3,0.0
2023-12-27 10:00:00,10,124.6,0.0
2023-12-27 11:00:00,11,392.1,0.0
2023-12-27 12:00:00,12,893.0,0.0
2023-12-27 13:00:00,13,1871.7,1.3
2023-12-27 14:00:00,14,2388.0,0.0
2023-12-27 15:00:00,15,1874.4,0.0
2023-12-27 16:00:00,16,2012.2,1.3
2023-12-27 17:00:00,17,1848.7,0.2
2023-12-27 18:00:00,18,2271.5,0.0
2023-12-27 19:00:00,19,1395.4,0.0
2023-12-27 20:00:00,20,350.7,0.0
2023-12-27 21:00:00,21,103.8,0.0
2023-12-27 22:00:00,22,,0.0
2023-12-27 23:00:00,23,,0.0
2023-12-28 00:00:00,0,,0.0
2023-12-28 01:00:00,1,,0.0
2023-12-28 02:00:00,2,,0.0
2023-12-28 03:00:00,3,,0.0
2023-12-28 04:00:00,4,,3.2
2023-12-28 05:00:00,5,,3.0
2023-12-28 06:00:00,6,,0.4
2023-12-28 07:00:00,7,,0.4
2023-12-28 08:00:00,8,,0.0
2023-12-28 09:00:00,9,,0.0
2023-12-28 10:00:00,10,71.2,0.0
2023-12-28 11:00:00,11,197.4,0.0
2023-12-28 12:00:00,12,292.4,0.0
2023-12-28 13:00:00,13,121.5,4.9
2023-12-28 14:00:00,14,234.9,0.0
2023-12-28 15:00:00,15,387.6,1.1
2023-12-28 16:00:00,16,806.0,0.1
2023-12-28 17:00:00,17,795.7,0.0
2023-12-28 18:00:00,18,677.3,0.0
2023-12-28 19:00:00,19,579.8,0.0
2023-12-28 20:00:00,20,358.0,0.0
2023-12-28 21:00:00,21,142.9,0.0
2023-12-28 22:00:00,22,,0.0
2023-12-28 23:00:00,23,,0.0
2023-12-29 00:00:00,0,,0.0
2023-12-29 01:00:00,1,,0.0
2023-12-29 02:00:00,2,,0.0
2023-12-29 03:00:00,3,,0.0
2023-12-29 04:00:00,4,,0.0
2023-12-29 05:00:00,5,,0.0
2023-12-29 06:00:00,6,,0.0
2023-12-29 07:00:00,7,,0.0
2023-12-29 08:00:00,8,,0.0
2023-12-29 09:00:00,9,9.0,0.0
2023-12-29 10:00:00,10,226.2,0.0
2023-12-29 11:00:00,11,787.9,0.0
2023-12-29 12:00:00,12,1021.9,1.2
2023-12-29 13:00:00,13,1024.0,2.9
2023-12-29 14:00:00,14,2591.0,2.7
2023-12-29 15:00:00,15,2092.3,3.0
2023-12-29 16:00:00,16,1634.2,0.9
2023-12-29 17:00:00,17,2122.8,0.0
2023-12-29 18:00:00,18,1692.9,4.6
2023-12-29 19:00:00,19,615.5,0.0
2023-12-29 20:00:00,20,133.3,0.0
2023-12-29 21:00:00,21,46.3,0.0
2023-12-29 22:00:00,22,,0.0
2023-12-29 23:00:00,23,,0.0
2023-12-30 00:00:00,0,,0.0
2023-12-30 01:00:00,1,,0.0
2023-12-30 02:00:00,2,,0.0
2023-12-30 03:00:00,3,,0.0
2023-12-30 04:00:00,4,,0.0
2023-12-30 05:00:00,5,,1.3
2023-12-30 06:00:00,6,,0.0
2023-12-30 07:00:00,7,,0.0
2023-12-30 08:00:00,8,,0.0
2023-12-30 09:00:00,9,8.4,0.0
2023-12-30 10:00:00,10,149.7,0.0
2023-12-30 11:00:00,11,717.1,0.9
2023-12-30 12:00:00,12,1475.2,2.0
2023-12-30 13:00:00,13,1863.7,1.2
2023-12-30 14:00:00,14,1651.7,0.8
2023-12-30 15:00:00,15,1759.9,0.0
2023-12-30 16:00:00,16,2499.9,0.0
2023-12-30 17:00:00,17,1862.7,0.0
2023-12-30 18:00:00,18,1823.7,0.0
2023-12-30 19:00:00,19,1288.8,0.0
2023-12-30 20:00:00,20,427.5,0.0
2023-12-30 21:00:00,21,128.1,0.0
2023-12-30 22:00:00,22,,0.0
2023-12-30 23:00:00,23,,0.0
2023-12-31 00:00:00,0,,0.0
2023-12-31 01:00:00,1,,0.0
2023-12-31 02:00:00,2,,0.0
2023-12-31 03:00:00,3,,0.0
2023-12-31 04:00:00,4,,0.0
2023-12-31 05:00:00,5,,0.0
2023-12-31 06:00:00,6,,0.0
2023-12-31 07:00:00,7,,0.0
2023-12-31 08:00:00,8,,0.0
2023-12-31 09:00:00,9,4.6,0.0
2023-12-31 10:00:00,10,149.8,0.0
2023-12-31 11:00:00,11,362.5,0.3
2023-12-31 12:00:00,12,932.5,0.0
2023-12-31 13:00:00,13,837.9,0.5
2023-12-31 14:00:00,14,1394.2,1.8
2023-12-31 15:00:00,15,1608.4,1.0
2023-12-31 16:00:00,16,1933.2,1.8
2023-12-31 17:00:00,17,2398.0,0.9
2023-12-31 18:00:00,18,1817.8,1.6
2023-12-31 19:00:00,19,851.9,0.0
2023-12-31 20:00:00,20,281.7,0.5
2023-12-31 21:00:00,21,115.0,0.0
2023-12-31 22:00:00,22,0.6,4.4
2023-12-31 23:00:00,23,,0.3
