datetime_utc,hora,rad_kJm2,vento_ms
2022-01-01 00:00:00,0,,
2022-01-01 01:00:00,1,,
2022-01-01 02:00:00,2,,
2022-01-01 03:00:00,3,,
2022-01-01 04:00:00,4,,
2022-01-01 05:00:00,5,,
2022-01-01 06:00:00,6,,
2022-01-01 07:00:00,7,,
2022-01-01 08:00:00,8,,
2022-01-01 09:00:00,9,,
2022-01-01 10:00:00,10,,
2022-01-01 11:00:00,11,,
2022-01-01 12:00:00,12,,
2022-01-01 13:00:00,13,,
2022-01-01 14:00:00,14,,
2022-01-01 15:00:00,15,,
2022-01-01 16:00:00,16,,
2022-01-01 17:00:00,17,,
2022-01-01 18:00:00,18,,
2022-01-01 19:00:00,19,,
2022-01-01 20:00:00,20,,
2022-01-01 21:00:00,21,,
2022-01-01 22:00:00,22,,
2022-01-01 23:00:00,23,,
2022-01-02 00:00:00,0,,
2022-01-02 01:00:00,1,,
2022-01-02 02:00:00,2,,
2022-01-02 03:00:00,3,,
2022-01-02 04:00:00,4,,
2022-01-02 05:00:00,5,,
2022-01-02 06:00:00,6,,
2022-01-02 07:00:00,7,,
2022-01-02 08:00:00,8,,
2022-01-02 09:00:00,9,,
2022-01-02 10:00:00,10,,
2022-01-02 11:00:00,11,,
2022-01-02 12:00:00,12,,
2022-01-02 13:00:00,13,,
2022-01-02 14:00:00,14,,
2022-01-02 15:00:00,15,,
2022-01-02 16:00:00,16,,
2022-01-02 17:00:00,17,,
2022-01-02 18:00:00,18,,
2022-01-02 19:00:00,19,,
2022-01-02 20:00:00,20,,
2022-01-02 21:00:00,21,,
2022-01-02 22:00:00,22,,
2022-01-02 23:00:00,23,,
2022-01-03 00:00:00,0,,
2022-01-03 01:00:00,1,,
2022-01-03 02:00:00,2,,
2022-01-03 03:00:00,3,,
2022-01-03 04:00:00,4,,
2022-01-03 05:00:00,5,,
2022-01-03 06:00:00,6,,
2022-01-03 07:00:00,7,,
2022-01-03 08:00:00,8,,
2022-01-03 09:00:00,9,,
2022-01-03 10:00:00,10,,
2022-01-03 11:00:00,11,,
2022-01-03 12:00:00,12,,
2022-01-03 13:00:00,13,,
2022-01-03 14:00:00,14,,
2022-01-03 15:00:00,15,,
2022-01-03 16:00:00,16,,
2022-01-03 17:00:00,17,,
2022-01-03 18:00:00,18,,
2022-01-03 19:00:00,19,,
2022-01-03 20:00:00,20,,
2022-01-03 21:00:00,21,,
2022-01-03 22:00:00,22,,
2022-01-03 23:00:00,23,,
2022-01-04 00:00:00,0,,
2022-01-04 01:00:00,1,,
2022-01-04 02:00:00,2,,
2022-01-04 03:00:00,3,,
2022-01-04 04:00:00,4,,
2022-01-04 05:00:00,5,,
2022-01-04 06:00:00,6,,
2022-01-04 07:00:00,7,,
2022-01-04 08:00:00,8,,
2022-01-04 09:00:00,9,,
2022-01-04 10:00:00,10,,
2022-01-04 11:00:00,11,,
2022-01-04 12:00:00,12,,
2022-01-04 13:00:00,13,,
2022-01-04 14:00:00,14,,
2022-01-04 15:00:00,15,,
2022-01-04 16:00:00,16,,
2022-01-04 17:00:00,17,,
2022-01-04 18:00:00,18,,
2022-01-04 19:00:00,19,,
2022-01-04 20:00:00,20,,
2022-01-04 21:00:00,21,,
2022-01-04 22:00:00,22,,
2022-01-04 23:00:00,23,,
2022-01-05 00:00:00,0,,
2022-01-05 01:00:00,1,,
2022-01-05 02:00:00,2,,
2022-01-05 03:00:00,3,,
2022-01-05 04:00:00,4,,
2022-01-05 05:00:00,5,,
2022-01-05 06:00:00,6,,
2022-01-05 07:00:00,7,,
2022-01-05 08:00:00,8,,
2022-01-05 09:00:00,9,,
2022-01-05 10:00:00,10,,
2022-01-05 11:00:00,11,,
2022-01-05 12:00:00,12,,
2022-01-05 13:00:00,13,,
2022-01-05 14:00:00,14,,
2022-01-05 15:00:00,15,,
2022-01-05 16:00:00,16,,
2022-01-05 17:00:00,17,,
2022-01-05 18:00:00,18,,
2022-01-05 19:00:00,19,,
2022-01-05 20:00:00,20,,
2022-01-05 21:00:00,21,,
2022-01-05 22:00:00,22,,
2022-01-05 23:00:00,23,,
2022-01-06 00:00:00,0,,
2022-01-06 01:00:00,1,,
2022-01-06 02:00:00,2,,
2022-01-06 03:00:00,3,,
2022-01-06 04:00:00,4,,
2022-01-06 05:00:00,5,,
2022-01-06 06:00:00,6,,
2022-01-06 07:00:00,7,,
2022-01-06 08:00:00,8,,
2022-01-06 09:00:00,9,,
2022-01-06 10:00:00,10,,
2022-01-06 11:00:00,11,,
2022-01-06 12:00:00,12,,
2022-01-06 13:00:00,13,,
2022-01-06 14:00:00,14,,
2022-01-06 15:00:00,15,,
2022-01-06 16:00:00,16,,
2022-01-06 17:00:00,17,,
2022-01-06 18:00:00,18,,
2022-01-06 19:00:00,19,,
2022-01-06 20:00:00,20,,
2022-01-06 21:00:00,21,,
2022-01-06 22:00:00,22,,
2022-01-06 23:00:00,23,,
2022-01-07 00:00:00,0,,
2022-01-07 01:00:00,1,,
2022-01-07 02:00:00,2,,
2022-01-07 03:00:00,3,,
2022-01-07 04:00:00,4,,
2022-01-07 05:00:00,5,,
2022-01-07 06:00:00,6,,
2022-01-07 07:00:00,7,,
2022-01-07 08:00:00,8,,
2022-01-07 09:00:00,9,,
2022-01-07 10:00:00,10,,
2022-01-07 11:00:00,11,,
2022-01-07 12:00:00,12,,
2022-01-07 13:00:00,13,,
2022-01-07 14:00:00,14,,
2022-01-07 15:00:00,15,,
2022-01-07 16:00:00,16,,
2022-01-07 17:00:00,17,,
2022-01-07 18:00:00,18,,
2022-01-07 19:00:00,19,,
2022-01-07 20:00:00,20,,
2022-01-07 21:00:00,21,,
2022-01-07 22:00:00,22,,
2022-01-07 23:00:00,23,,
2022-01-08 00:00:00,0,,
2022-01-08 01:00:00,1,,
2022-01-08 02:00:00,2,,
2022-01-08 03:00:00,3,,
2022-01-08 04:00:00,4,,
2022-01-08 05:00:00,5,,
2022-01-08 06:00:00,6,,
2022-01-08 07:00:00,7,,
2022-01-08 08:00:00,8,,
2022-01-08 09:00:00,9,,
2022-01-08 10:00:00,10,,
2022-01-08 11:00:00,11,,
2022-01-08 12:00:00,12,,
2022-01-08 13:00:00,13,,
2022-01-08 14:00:00,14,,
2022-01-08 15:00:00,15,,
2022-01-08 16:00:00,16,,
2022-01-08 17:00:00,17,,
2022-01-08 18:00:00,18,,
2022-01-08 19:00:00,19,,
2022-01-08 20:00:00,20,,
2022-01-08 21:00:00,21,,
2022-01-08 22:00:00,22,,
2022-01-08 23:00:00,23,,
2022-01-09 00:00:00,0,,
2022-01-09 01:00:00,1,,
2022-01-09 02:00:00,2,,
2022-01-09 03:00:00,3,,
2022-01-09 04:00:00,4,,
2022-01-09 05:00:00,5,,
2022-01-09 06:00:00,6,,
2022-01-09 07:00:00,7,,
2022-01-09 08:00:00,8,,
2022-01-09 09:00:00,9,,
2022-01-09 10:00:00,10,,
2022-01-09 11:00:00,11,,
2022-01-09 12:00:00,12,,
2022-01-09 13:00:00,13,,
2022-01-09 14:00:00,14,,
2022-01-09 15:00:00,15,,
2022-01-09 16:00:00,16,,
2022-01-09 17:00:00,17,,
2022-01-09 18:00:00,18,,
2022-01-09 19:00:00,19,,
2022-01-09 20:00:00,20,,
2022-01-09 21:00:00,21,,
2022-01-09 22:00:00,22,,
2022-01-09 23:00:00,23,,
2022-01-10 00:00:00,0,,
2022-01-10 01:00:00,1,,
2022-01-10 02:00:00,2,,
2022-01-10 03:00:00,3,,
2022-01-10 04:00:00,4,,
2022-01-10 05:00:00,5,,
2022-01-10 06:00:00,6,,
2022-01-10 07:00:00,7,,
2022-01-10 08:00:00,8,,
2022-01-10 09:00:00,9,,
2022-01-10 10:00:00,10,,
2022-01-10 11:00:00,11,,
2022-01-10 12:00:00,12,,
2022-01-10 13:00:00,13,,
2022-01-10 14:00:00,14,,
2022-01-10 15:00:00,15,,
2022-01-10 16:00:00,16,,
2022-01-10 17:00:00,17,,
2022-01-10 18:00:00,18,,
2022-01-10 19:00:00,19,,
2022-01-10 20:00:00,20,,
2022-01-10 21:00:00,21,,
2022-01-10 22:00:00,22,,
2022-01-10 23:00:00,23,,
2022-01-11 00:00:00,0,,
2022-01-11 01:00:00,1,,
2022-01-11 02:00:00,2,,
2022-01-11 03:00:00,3,,
2022-01-11 04:00:00,4,,
2022-01-11 05:00:00,5,,
2022-01-11 06:00:00,6,,
2022-01-11 07:00:00,7,,
2022-01-11 08:00:00,8,,
2022-01-11 09:00:00,9,,
2022-01-11 10:00:00,10,,
2022-01-11 11:00:00,11,,
2022-01-11 12:00:00,12,,
2022-01-11 13:00:00,13,,
2022-01-11 14:00:00,14,,
2022-01-11 15:00:00,15,,
2022-01-11 16:00:00,16,,
2022-01-11 17:00:00,17,,
2022-01-11 18:00:00,18,,
2022-01-11 19:00:00,19,,
2022-01-11 20:00:00,20,,
2022-01-11 21:00:00,21,,
2022-01-11 22:00:00,22,,
2022-01-11 23:00:00,23,,
2022-01-12 00:00:00,0,,
2022-01-12 01:00:00,1,,
2022-01-12 02:00:00,2,,
2022-01-12 03:00:00,3,,
2022-01-12 04:00:00,4,,
2022-01-12 05:00:00,5,,
2022-01-12 06:00:00,6,,
2022-01-12 07:00:00,7,,
2022-01-12 08:00:00,8,,
2022-01-12 09:00:00,9,,
2022-01-12 10:00:00,10,,
2022-01-12 11:00:00,11,,
2022-01-12 12:00:00,12,,
2022-01-12 13:00:00,13,,
2022-01-12 14:00:00,14,,
2022-01-12 15:00:00,15,,
2022-01-12 16:00:00,16,,
2022-01-12 17:00:00,17,,
2022-01-12 18:00:00,18,,
2022-01-12 19:00:00,19,,
2022-01-12 20:00:00,20,,
2022-01-12 21:00:00,21,,
2022-01-12 22:00:00,22,,
2022-01-12 23:00:00,23,,
2022-01-13 00:00:00,0,,
2022-01-13 01:00:00,1,,
2022-01-13 02:00:00,2,,
2022-01-13 03:00:00,3,,
2022-01-13 04:00:00,4,,
2022-01-13 05:00:00,5,,
2022-01-13 06:00:00,6,,
2022-01-13 07:00:00,7,,
2022-01-13 08:00:00,8,,
2022-01-13 09:00:00,9,,
2022-01-13 10:00:00,10,,
2022-01-13 11:00:00,11,,
2022-01-13 12:00:00,12,,
2022-01-13 13:00:00,13,,
2022-01-13 14:00:00,14,,
2022-01-13 15:00:00,15,,
2022-01-13 16:00:00,16,,
2022-01-13 17:00:00,17,,
2022-01-13 18:00:00,18,,
2022-01-13 19:00:00,19,,
2022-01-13 20:00:00,20,,
2022-01-13 21:00:00,21,,
2022-01-13 22:00:00,22,,
2022-01-13 23:00:00,23,,
2022-01-14 00:00:00,0,,
2022-01-14 01:00:00,1,,
2022-01-14 02:00:00,2,,
2022-01-14 03:00:00,3,,
2022-01-14 04:00:00,4,,
2022-01-14 05:00:00,5,,
2022-01-14 06:00:00,6,,
2022-01-14 07:00:00,7,,
2022-01-14 08:00:00,8,,
2022-01-14 09:00:00,9,,
2022-01-14 10:00:00,10,,
2022-01-14 11:00:00,11,,
2022-01-14 12:00:00,12,,
2022-01-14 13:00:00,13,,
2022-01-14 14:00:00,14,,
2022-01-14 15:00:00,15,,
2022-01-14 16:00:00,16,,
2022-01-14 17:00:00,17,,
2022-01-14 18:00:00,18,,
2022-01-14 19:00:00,19,,
2022-01-14 20:00:00,20,,
2022-01-14 21:00:00,21,,
2022-01-14 22:00:00,22,,
2022-01-14 23:00:00,23,,
2022-01-15 00:00:00,0,,
2022-01-15 01:00:00,1,,
2022-01-15 02:00:00,2,,
2022-01-15 03:00:00,3,,
2022-01-15 04:00:00,4,,
2022-01-15 05:00:00,5,,
2022-01-15 06:00:00,6,,
2022-01-15 07:00:00,7,,
2022-01-15 08:00:00,8,,
2022-01-15 09:00:00,9,,
2022-01-15 10:00:00,10,,
2022-01-15 11:00:00,11,,
2022-01-15 12:00:00,12,,
2022-01-15 13:00:00,13,,
2022-01-15 14:00:00,14,,
2022-01-15 15:00:00,15,,
2022-01-15 16:00:00,16,,
2022-01-15 17:00:00,17,,
2022-01-15 18:00:00,18,,
2022-01-15 19:00:00,19,,
2022-01-15 20:00:00,20,,
2022-01-15 21:00:00,21,,
2022-01-15 22:00:00,22,,
2022-01-15 23:00:00,23,,
2022-01-16 00:00:00,0,,
2022-01-16 01:00:00,1,,
2022-01-16 02:00:00,2,,
2022-01-16 03:00:00,3,,
2022-01-16 04:00:00,4,,
2022-01-16 05:00:00,5,,
2022-01-16 06:00:00,6,,
2022-01-16 07:00:00,7,,
2022-01-16 08:00:00,8,,
2022-01-16 09:00:00,9,,
2022-01-16 10:00:00,10,,
2022-01-16 11:00:00,11,,
2022-01-16 12:00:00,12,,
2022-01-16 13:00:00,13,,
2022-01-16 14:00:00,14,,
2022-01-16 15:00:00,15,,
2022-01-16 16:00:00,16,,
2022-01-16 17:00:00,17,,
2022-01-16 18:00:00,18,,
2022-01-16 19:00:00,19,,
2022-01-16 20:00:00,20,,
2022-01-16 21:00:00,21,,
2022-01-16 22:00:00,22,,
2022-01-16 23:00:00,23,,
2022-01-17 00:00:00,0,,
2022-01-17 01:00:00,1,,
2022-01-17 02:00:00,2,,
2022-01-17 03:00:00,3,,
2022-01-17 04:00:00,4,,
2022-01-17 05:00:00,5,,
2022-01-17 06:00:00,6,,
2022-01-17 07:00:00,7,,
2022-01-17 08:00:00,8,,
2022-01-17 09:00:00,9,,
2022-01-17 10:00:00,10,,
2022-01-17 11:00:00,11,,
2022-01-17 12:00:00,12,,
2022-01-17 13:00:00,13,,
2022-01-17 14:00:00,14,,
2022-01-17 15:00:00,15,,
2022-01-17 16:00:00,16,,
2022-01-17 17:00:00,17,,
2022-01-17 18:00:00,18,,
2022-01-17 19:00:00,19,,
2022-01-17 20:00:00,20,,
2022-01-17 21:00:00,21,,
2022-01-17 22:00:00,22,,
2022-01-17 23:00:00,23,,
2022-01-18 00:00:00,0,,
2022-01-18 01:00:00,1,,
2022-01-18 02:00:00,2,,
2022-01-18 03:00:00,3,,
2022-01-18 04:00:00,4,,
2022-01-18 05:00:00,5,,
2022-01-18 06:00:00,6,,
2022-01-18 07:00:00,7,,
2022-01-18 08:00:00,8,,
2022-01-18 09:00:00,9,,
2022-01-18 10:00:00,10,,
2022-01-18 11:00:00,11,,
2022-01-18 12:00:00,12,,
2022-01-18 13:00:00,13,,
2022-01-18 14:00:00,14,,
2022-01-18 15:00:00,15,,
2022-01-18 16:00:00,16,,
2022-01-18 17:00:00,17,,
2022-01-18 18:00:00,18,,
2022-01-18 19:00:00,19,,
2022-01-18 20:00:00,20,,
2022-01-18 21:00:00,21,,
2022-01-18 22:00:00,22,,
2022-01-18 23:00:00,23,,
2022-01-19 00:00:00,0,,
2022-01-19 01:00:00,1,,
2022-01-19 02:00:00,2,,
2022-01-19 03:00:00,3,,
2022-01-19 04:00:00,4,,
2022-01-19 05:00:00,5,,
2022-01-19 06:00:00,6,,
2022-01-19 07:00:00,7,,
2022-01-19 08:00:00,8,,
2022-01-19 09:00:00,9,,
2022-01-19 10:00:00,10,,
2022-01-19 11:00:00,11,,
2022-01-19 12:00:00,12,,
2022-01-19 13:00:00,13,,
2022-01-19 14:00:00,14,,
2022-01-19 15:00:00,15,,
2022-01-19 16:00:00,16,,
2022-01-19 17:00:00,17,,
2022-01-19 18:00:00,18,,
2022-01-19 19:00:00,19,,
2022-01-19 20:00:00,20,,
2022-01-19 21:00:00,21,,
2022-01-19 22:00:00,22,,
2022-01-19 23:00:00,23,,
2022-01-20 00:00:00,0,,
2022-01-20 01:00:00,1,,
2022-01-20 02:00:00,2,,
2022-01-20 03:00:00,3,,
2022-01-20 04:00:00,4,,
2022-01-20 05:00:00,5,,
2022-01-20 06:00:00,6,,
2022-01-20 07:00:00,7,,
2022-01-20 08:00:00,8,,
2022-01-20 09:00:00,9,,
2022-01-20 10:00:00,10,,
2022-01-20 11:00:00,11,,
2022-01-20 12:00:00,12,,
2022-01-20 13:00:00,13,,
2022-01-20 14:00:00,14,,
2022-01-20 15:00:00,15,,
2022-01-20 16:00:00,16,,
2022-01-20 17:00:00,17,,
2022-01-20 18:00:00,18,,
2022-01-20 19:00:00,19,,
2022-01-20 20:00:00,20,,
2022-01-20 21:00:00,21,,
2022-01-20 22:00:00,22,,
2022-01-20 23:00:00,23,,
2022-01-21 00:00:00,0,,
2022-01-21 01:00:00,1,,
2022-01-21 02:00:00,2,,
2022-01-21 03:00:00,3,,
2022-01-21 04:00:00,4,,
2022-01-21 05:00:00,5,,
2022-01-21 06:00:00,6,,
2022-01-21 07:00:00,7,,
2022-01-21 08:00:00,8,,
2022-01-21 09:00:00,9,,
2022-01-21 10:00:00,10,,
2022-01-21 11:00:00,11,,
2022-01-21 12:00:00,12,,
2022-01-21 13:00:00,13,,
2022-01-21 14:00:00,14,,
2022-01-21 15:00:00,15,,
2022-01-21 16:00:00,16,,
2022-01-21 17:00:00,17,,
2022-01-21 18:00:00,18,,
2022-01-21 19:00:00,19,,
2022-01-21 20:00:00,20,,
2022-01-21 21:00:00,21,,
2022-01-21 22:00:00,22,,
2022-01-21 23:00:00,23,,
2022-01-22 00:00:00,0,,
2022-01-22 01:00:00,1,,
2022-01-22 02:00:00,2,,
2022-01-22 03:00:00,3,,
2022-01-22 04:00:00,4,,
2022-01-22 05:00:00,5,,
2022-01-22 06:00:00,6,,
2022-01-22 07:00:00,7,,
2022-01-22 08:00:00,8,,
2022-01-22 09:00:00,9,,
2022-01-22 10:00:00,10,,
2022-01-22 11:00:00,11,,
2022-01-22 12:00:00,12,,
2022-01-22 13:00:00,13,,
2022-01-22 14:00:00,14,,
2022-01-22 15:00:00,15,,
2022-01-22 16:00:00,16,,
2022-01-22 17:00:00,17,,
2022-01-22 18:00:00,18,,
2022-01-22 19:00:00,19,,
2022-01-22 20:00:00,20,,
2022-01-22 21:00:00,21,,
2022-01-22 22:00:00,22,,
2022-01-22 23:00:00,23,,
2022-01-23 00:00:00,0,,
2022-01-23 01:00:00,1,,
2022-01-23 02:00:00,2,,
2022-01-23 03:00:00,3,,
2022-01-23 04:00:00,4,,
2022-01-23 05:00:00,5,,
2022-01-23 06:00:00,6,,
2022-01-23 07:00:00,7,,
2022-01-23 08:00:00,8,,
2022-01-23 09:00:00,9,,
2022-01-23 10:00:00,10,,
2022-01-23 11:00:00,11,,
2022-01-23 12:00:00,12,,
2022-01-23 13:00:00,13,,
2022-01-23 14:00:00,14,,
2022-01-23 15:00:00,15,,
2022-01-23 16:00:00,16,,
2022-01-23 17:00:00,17,,
2022-01-23 18:00:00,18,,
2022-01-23 19:00:00,19,,
2022-01-23 20:00:00,20,,
2022-01-23 21:00:00,21,,
2022-01-23 22:00:00,22,,
2022-01-23 23:00:00,23,,
2022-01-24 00:00:00,0,,
2022-01-24 01:00:00,1,,
2022-01-24 02:00:00,2,,
2022-01-24 03:00:00,3,,
2022-01-24 04:00:00,4,,
2022-01-24 05:00:00,5,,
2022-01-24 06:00:00,6,,
2022-01-24 07:00:00,7,,
2022-01-24 08:00:00,8,,
2022-01-24 09:00:00,9,,
2022-01-24 10:00:00,10,,
2022-01-24 11:00:00,11,,
2022-01-24 12:00:00,12,,
2022-01-24 13:00:00,13,,
2022-01-24 14:00:00,14,,
2022-01-24 15:00:00,15,,
2022-01-24 16:00:00,16,,
2022-01-24 17:00:00,17,,
2022-01-24 18:00:00,18,,
2022-01-24 19:00:00,19,,
2022-01-24 20:00:00,20,,
2022-01-24 21:00:00,21,,
2022-01-24 22:00:00,22,,
2022-01-24 23:00:00,23,,
2022-01-25 00:00:00,0,,
2022-01-25 01:00:00,1,,
2022-01-25 02:00:00,2,,
2022-01-25 03:00:00,3,,
2022-01-25 04:00:00,4,,
2022-01-25 05:00:00,5,,
2022-01-25 06:00:00,6,,
2022-01-25 07:00:00,7,,
2022-01-25 08:00:00,8,,
2022-01-25 09:00:00,9,,
2022-01-25 10:00:00,10,,
2022-01-25 11:00:00,11,,
2022-01-25 12:00:00,12,,
2022-01-25 13:00:00,13,,
2022-01-25 14:00:00,14,,
2022-01-25 15:00:00,15,,
2022-01-25 16:00:00,16,,
2022-01-25 17:00:00,17,,
2022-01-25 18:00:00,18,,
2022-01-25 19:00:00,19,,
2022-01-25 20:00:00,20,,
2022-01-25 21:00:00,21,,
2022-01-25 22:00:00,22,,
2022-01-25 23:00:00,23,,
2022-01-26 00:00:00,0,,
2022-01-26 01:00:00,1,,
2022-01-26 02:00:00,2,,
2022-01-26 03:00:00,3,,
2022-01-26 04:00:00,4,,
2022-01-26 05:00:00,5,,
2022-01-26 06:00:00,6,,
2022-01-26 07:00:00,7,,
2022-01-26 08:00:00,8,,
2022-01-26 09:00:00,9,,
2022-01-26 10:00:00,10,,
2022-01-26 11:00:00,11,,
2022-01-26 12:00:00,12,,
2022-01-26 13:00:00,13,,
2022-01-26 14:00:00,14,,
2022-01-26 15:00:00,15,,
2022-01-26 16:00:00,16,,
2022-01-26 17:00:00,17,,
2022-01-26 18:00:00,18,,
2022-01-26 19:00:00,19,,
2022-01-26 20:00:00,20,,
2022-01-26 21:00:00,21,,
2022-01-26 22:00:00,22,,
2022-01-26 23:00:00,23,,
2022-01-27 00:00:00,0,,
2022-01-27 01:00:00,1,,
2022-01-27 02:00:00,2,,
2022-01-27 03:00:00,3,,
2022-01-27 04:00:00,4,,
2022-01-27 05:00:00,5,,
2022-01-27 06:00:00,6,,
2022-01-27 07:00:00,7,,
2022-01-27 08:00:00,8,,
2022-01-27 09:00:00,9,,
2022-01-27 10:00:00,10,,
2022-01-27 11:00:00,11,,
2022-01-27 12:00:00,12,,
2022-01-27 13:00:00,13,,
2022-01-27 14:00:00,14,,
2022-01-27 15:00:00,15,,
2022-01-27 16:00:00,16,,
2022-01-27 17:00:00,17,,
2022-01-27 18:00:00,18,,
2022-01-27 19:00:00,19,,
2022-01-27 20:00:00,20,,
2022-01-27 21:00:00,21,,
2022-01-27 22:00:00,22,,
2022-01-27 23:00:00,23,,
2022-01-28 00:00:00,0,,
2022-01-28 01:00:00,1,,
2022-01-28 02:00:00,2,,
2022-01-28 03:00:00,3,,
2022-01-28 04:00:00,4,,
2022-01-28 05:00:00,5,,
2022-01-28 06:00:00,6,,
2022-01-28 07:00:00,7,,
2022-01-28 08:00:00,8,,
2022-01-28 09:00:00,9,,
2022-01-28 10:00:00,10,,
2022-01-28 11:00:00,11,,
2022-01-28 12:00:00,12,,
2022-01-28 13:00:00,13,,
2022-01-28 14:00:00,14,,
2022-01-28 15:00:00,15,,
2022-01-28 16:00:00,16,,
2022-01-28 17:00:00,17,,
2022-01-28 18:00:00,18,,
2022-01-28 19:00:00,19,,
2022-01-28 20:00:00,20,,
2022-01-28 21:00:00,21,,
2022-01-28 22:00:00,22,,
2022-01-28 23:00:00,23,,
2022-01-29 00:00:00,0,,
2022-01-29 01:00:00,1,,
2022-01-29 02:00:00,2,,
2022-01-29 03:00:00,3,,
2022-01-29 04:00:00,4,,
2022-01-29 05:00:00,5,,
2022-01-29 06:00:00,6,,
2022-01-29 07:00:00,7,,
2022-01-29 08:00:00,8,,
2022-01-29 09:00:00,9,,
2022-01-29 10:00:00,10,,
2022-01-29 11:00:00,11,,
2022-01-29 12:00:00,12,,
2022-01-29 13:00:00,13,,
2022-01-29 14:00:00,14,,
2022-01-29 15:00:00,15,,
2022-01-29 16:00:00,16,,
2022-01-29 17:00:00,17,,
2022-01-29 18:00:00,18,,
2022-01-29 19:00:00,19,,
2022-01-29 20:00:00,20,,
2022-01-29 21:00:00,21,,
2022-01-29 22:00:00,22,,
2022-01-29 23:00:00,23,,
2022-01-30 00:00:00,0,,
2022-01-30 01:00:00,1,,
2022-01-30 02:00:00,2,,
2022-01-30 03:00:00,3,,
2022-01-30 04:00:00,4,,
2022-01-30 05:00:00,5,,
2022-01-30 06:00:00,6,,
2022-01-30 07:00:00,7,,
2022-01-30 08:00:00,8,,
2022-01-30 09:00:00,9,,
2022-01-30 10:00:00,10,,
2022-01-30 11:00:00,11,,
2022-01-30 12:00:00,12,,
2022-01-30 13:00:00,13,,
2022-01-30 14:00:00,14,,
2022-01-30 15:00:00,15,,
2022-01-30 16:00:00,16,,
2022-01-30 17:00:00,17,,
2022-01-30 18:00:00,18,,
2022-01-30 19:00:00,19,,
2022-01-30 20:00:00,20,,
2022-01-30 21:00:00,21,,
2022-01-30 22:00:00,22,,
2022-01-30 23:00:00,23,,
2022-01-31 00:00:00,0,,
2022-01-31 01:00:00,1,,
2022-01-31 02:00:00,2,,
2022-01-31 03:00:00,3,,
2022-01-31 04:00:00,4,,
2022-01-31 05:00:00,5,,
2022-01-31 06:00:00,6,,
2022-01-31 07:00:00,7,,
2022-01-31 08:00:00,8,,
2022-01-31 09:00:00,9,,
2022-01-31 10:00:00,10,,
2022-01-31 11:00:00,11,,
2022-01-31 12:00:00,12,,
2022-01-31 13:00:00,13,,
2022-01-31 14:00:00,14,,
2022-01-31 15:00:00,15,,
2022-01-31 16:00:00,16,,
2022-01-31 17:00:00,17,,
2022-01-31 18:00:00,18,,
2022-01-31 19:00:00,19,,
2022-01-31 20:00:00,20,,
2022-01-31 21:00:00,21,,
2022-01-31 22:00:00,22,,
2022-01-31 23:00:00,23,,
2022-02-01 00:00:00,0,,
2022-02-01 01:00:00,1,,
2022-02-01 02:00:00,2,,
2022-02-01 03:00:00,3,,
2022-02-01 04:00:00,4,,
2022-02-01 05:00:00,5,,
2022-02-01 06:00:00,6,,
2022-02-01 07:00:00,7,,
2022-02-01 08:00:00,8,,
2022-02-01 09:00:00,9,,
2022-02-01 10:00:00,10,,
2022-02-01 11:00:00,11,,
2022-02-01 12:00:00,12,,
2022-02-01 13:00:00,13,,
2022-02-01 14:00:00,14,,
2022-02-01 15:00:00,15,,
2022-02-01 16:00:00,16,,
2022-02-01 17:00:00,17,,
2022-02-01 18:00:00,18,,
2022-02-01 19:00:00,19,,
2022-02-01 20:00:00,20,,
2022-02-01 21:00:00,21,,
2022-02-01 22:00:00,22,,
2022-02-01 23:00:00,23,,
2022-02-02 00:00:00,0,,
2022-02-02 01:00:00,1,,
2022-02-02 02:00:00,2,,
2022-02-02 03:00:00,3,,
2022-02-02 04:00:00,4,,
2022-02-02 05:00:00,5,,
2022-02-02 06:00:00,6,,
2022-02-02 07:00:00,7,,
2022-02-02 08:00:00,8,,
2022-02-02 09:00:00,9,,
2022-02-02 10:00:00,10,,
2022-02-02 11:00:00,11,,
2022-02-02 12:00:00,12,,
2022-02-02 13:00:00,13,,
2022-02-02 14:00:00,14,,
2022-02-02 15:00:00,15,,
2022-02-02 16:00:00,16,,
2022-02-02 17:00:00,17,,
2022-02-02 18:00:00,18,,
2022-02-02 19:00:00,19,,
2022-02-02 20:00:00,20,,
2022-02-02 21:00:00,21,,
2022-02-02 22:00:00,22,,
2022-02-02 23:00:00,23,,
2022-02-03 00:00:00,0,,
2022-02-03 01:00:00,1,,
2022-02-03 02:00:00,2,,
2022-02-03 03:00:00,3,,
2022-02-03 04:00:00,4,,
2022-02-03 05:00:00,5,,
2022-02-03 06:00:00,6,,
2022-02-03 07:00:00,7,,
2022-02-03 08:00:00,8,,
2022-02-03 09:00:00,9,,
2022-02-03 10:00:00,10,,
2022-02-03 11:00:00,11,,
2022-02-03 12:00:00,12,,
2022-02-03 13:00:00,13,,
2022-02-03 14:00:00,14,,
2022-02-03 15:00:00,15,,
2022-02-03 16:00:00,16,,
2022-02-03 17:00:00,17,,
2022-02-03 18:00:00,18,,
2022-02-03 19:00:00,19,,
2022-02-03 20:00:00,20,,
2022-02-03 21:00:00,21,,
2022-02-03 22:00:00,22,,
2022-02-03 23:00:00,23,,
2022-02-04 00:00:00,0,,
2022-02-04 01:00:00,1,,
2022-02-04 02:00:00,2,,
2022-02-04 03:00:00,3,,
2022-02-04 04:00:00,4,,
2022-02-04 05:00:00,5,,
2022-02-04 06:00:00,6,,
2022-02-04 07:00:00,7,,
2022-02-04 08:00:00,8,,
2022-02-04 09:00:00,9,,
2022-02-04 10:00:00,10,,
2022-02-04 11:00:00,11,,
2022-02-04 12:00:00,12,,
2022-02-04 13:00:00,13,,
2022-02-04 14:00:00,14,,
2022-02-04 15:00:00,15,,
2022-02-04 16:00:00,16,,
2022-02-04 17:00:00,17,,
2022-02-04 18:00:00,18,,
2022-02-04 19:00:00,19,,
2022-02-04 20:00:00,20,,
2022-02-04 21:00:00,21,,
2022-02-04 22:00:00,22,,
2022-02-04 23:00:00,23,,
2022-02-05 00:00:00,0,,
2022-02-05 01:00:00,1,,
2022-02-05 02:00:00,2,,
2022-02-05 03:00:00,3,,
2022-02-05 04:00:00,4,,
2022-02-05 05:00:00,5,,
2022-02-05 06:00:00,6,,
2022-02-05 07:00:00,7,,
2022-02-05 08:00:00,8,,
2022-02-05 09:00:00,9,,
2022-02-05 10:00:00,10,,
2022-02-05 11:00:00,11,,
2022-02-05 12:00:00,12,,
2022-02-05 13:00:00,13,,
2022-02-05 14:00:00,14,,
2022-02-05 15:00:00,15,,
2022-02-05 16:00:00,16,,
2022-02-05 17:00:00,17,,
2022-02-05 18:00:00,18,,
2022-02-05 19:00:00,19,,
2022-02-05 20:00:00,20,,
2022-02-05 21:00:00,21,,
2022-02-05 22:00:00,22,,
2022-02-05 23:00:00,23,,
2022-02-06 00:00:00,0,,
2022-02-06 01:00:00,1,,
2022-02-06 02:00:00,2,,
2022-02-06 03:00:00,3,,
2022-02-06 04:00:00,4,,
2022-02-06 05:00:00,5,,
2022-02-06 06:00:00,6,,
2022-02-06 07:00:00,7,,
2022-02-06 08:00:00,8,,
2022-02-06 09:00:00,9,,
2022-02-06 10:00:00,10,,
2022-02-06 11:00:00,11,,
2022-02-06 12:00:00,12,,
2022-02-06 13:00:00,13,,
2022-02-06 14:00:00,14,,
2022-02-06 15:00:00,15,,
2022-02-06 16:00:00,16,,
2022-02-06 17:00:00,17,,
2022-02-06 18:00:00,18,,
2022-02-06 19:00:00,19,,
2022-02-06 20:00:00,20,,
2022-02-06 21:00:00,21,,
2022-02-06 22:00:00,22,,
2022-02-06 23:00:00,23,,
2022-02-07 00:00:00,0,,
2022-02-07 01:00:00,1,,
2022-02-07 02:00:00,2,,
2022-02-07 03:00:00,3,,
2022-02-07 04:00:00,4,,
2022-02-07 05:00:00,5,,
2022-02-07 06:00:00,6,,
2022-02-07 07:00:00,7,,
2022-02-07 08:00:00,8,,
2022-02-07 09:00:00,9,,
2022-02-07 10:00:00,10,,
2022-02-07 11:00:00,11,,
2022-02-07 12:00:00,12,,
2022-02-07 13:00:00,13,,
2022-02-07 14:00:00,14,,
2022-02-07 15:00:00,15,,
2022-02-07 16:00:00,16,,
2022-02-07 17:00:00,17,,
2022-02-07 18:00:00,18,,
2022-02-07 19:00:00,19,,
2022-02-07 20:00:00,20,,
2022-02-07 21:00:00,21,,
2022-02-07 22:00:00,22,,
2022-02-07 23:00:00,23,,
2022-02-08 00:00:00,0,,
2022-02-08 01:00:00,1,,
2022-02-08 02:00:00,2,,
2022-02-08 03:00:00,3,,
2022-02-08 04:00:00,4,,
2022-02-08 05:00:00,5,,
2022-02-08 06:00:00,6,,
2022-02-08 07:00:00,7,,
2022-02-08 08:00:00,8,,
2022-02-08 09:00:00,9,,
2022-02-08 10:00:00,10,,
2022-02-08 11:00:00,11,,
2022-02-08 12:00:00,12,,
2022-02-08 13:00:00,13,,
2022-02-08 14:00:00,14,,
2022-02-08 15:00:00,15,,
2022-02-08 16:00:00,16,,
2022-02-08 17:00:00,17,,
2022-02-08 18:00:00,18,,
2022-02-08 19:00:00,19,,
2022-02-08 20:00:00,20,,
2022-02-08 21:00:00,21,,
2022-02-08 22:00:00,22,,
2022-02-08 23:00:00,23,,
2022-02-09 00:00:00,0,,
2022-02-09 01:00:00,1,,
2022-02-09 02:00:00,2,,
2022-02-09 03:00:00,3,,
2022-02-09 04:00:00,4,,
2022-02-09 05:00:00,5,,
2022-02-09 06:00:00,6,,
2022-02-09 07:00:00,7,,
2022-02-09 08:00:00,8,,
2022-02-09 09:00:00,9,,
2022-02-09 10:00:00,10,,
2022-02-09 11:00:00,11,,
2022-02-09 12:00:00,12,,
2022-02-09 13:00:00,13,,
2022-02-09 14:00:00,14,,
2022-02-09 15:00:00,15,,
2022-02-09 16:00:00,16,,
2022-02-09 17:00:00,17,,
2022-02-09 18:00:00,18,,
2022-02-09 19:00:00,19,,
2022-02-09 20:00:00,20,,
2022-02-09 21:00:00,21,,
2022-02-09 22:00:00,22,,
2022-02-09 23:00:00,23,,
2022-02-10 00:00:00,0,,
2022-02-10 01:00:00,1,,
2022-02-10 02:00:00,2,,
2022-02-10 03:00:00,3,,
2022-02-10 04:00:00,4,,
2022-02-10 05:00:00,5,,
2022-02-10 06:00:00,6,,
2022-02-10 07:00:00,7,,
2022-02-10 08:00:00,8,,
2022-02-10 09:00:00,9,,
2022-02-10 10:00:00,10,,
2022-02-10 11:00:00,11,,
2022-02-10 12:00:00,12,,
2022-02-10 13:00:00,13,,
2022-02-10 14:00:00,14,,
2022-02-10 15:00:00,15,,
2022-02-10 16:00:00,16,,
2022-02-10 17:00:00,17,,
2022-02-10 18:00:00,18,,
2022-02-10 19:00:00,19,,
2022-02-10 20:00:00,20,,
2022-02-10 21:00:00,21,,
2022-02-10 22:00:00,22,,
2022-02-10 23:00:00,23,,
2022-02-11 00:00:00,0,,
2022-02-11 01:00:00,1,,
2022-02-11 02:00:00,2,,
2022-02-11 03:00:00,3,,
2022-02-11 04:00:00,4,,
2022-02-11 05:00:00,5,,
2022-02-11 06:00:00,6,,
2022-02-11 07:00:00,7,,
2022-02-11 08:00:00,8,,
2022-02-11 09:00:00,9,,
2022-02-11 10:00:00,10,,
2022-02-11 11:00:00,11,,
2022-02-11 12:00:00,12,,
2022-02-11 13:00:00,13,,
2022-02-11 14:00:00,14,,
2022-02-11 15:00:00,15,,
2022-02-11 16:00:00,16,,
2022-02-11 17:00:00,17,,
2022-02-11 18:00:00,18,,
2022-02-11 19:00:00,19,,
2022-02-11 20:00:00,20,,
2022-02-11 21:00:00,21,,
2022-02-11 22:00:00,22,,
2022-02-11 23:00:00,23,,
2022-02-12 00:00:00,0,,
2022-02-12 01:00:00,1,,
2022-02-12 02:00:00,2,,
2022-02-12 03:00:00,3,,
2022-02-12 04:00:00,4,,
2022-02-12 05:00:00,5,,
2022-02-12 06:00:00,6,,
2022-02-12 07:00:00,7,,
2022-02-12 08:00:00,8,,
2022-02-12 09:00:00,9,,
2022-02-12 10:00:00,10,,
2022-02-12 11:00:00,11,,
2022-02-12 12:00:00,12,,
2022-02-12 13:00:00,13,,
2022-02-12 14:00:00,14,,
2022-02-12 15:00:00,15,,
2022-02-12 16:00:00,16,,
2022-02-12 17:00:00,17,,
2022-02-12 18:00:00,18,,
2022-02-12 19:00:00,19,,
2022-02-12 20:00:00,20,,
2022-02-12 21:00:00,21,,
2022-02-12 22:00:00,22,,
2022-02-12 23:00:00,23,,
2022-02-13 00:00:00,0,,
2022-02-13 01:00:00,1,,
2022-02-13 02:00:00,2,,
2022-02-13 03:00:00,3,,
2022-02-13 04:00:00,4,,
2022-02-13 05:00:00,5,,
2022-02-13 06:00:00,6,,
2022-02-13 07:00:00,7,,
2022-02-13 08:00:00,8,,
2022-02-13 09:00:00,9,,
2022-02-13 10:00:00,10,,
2022-02-13 11:00:00,11,,
2022-02-13 12:00:00,12,,
2022-02-13 13:00:00,13,,
2022-02-13 14:00:00,14,,
2022-02-13 15:00:00,15,,
2022-02-13 16:00:00,16,,
2022-02-13 17:00:00,17,,
2022-02-13 18:00:00,18,,
2022-02-13 19:00:00,19,,
2022-02-13 20:00:00,20,,
2022-02-13 21:00:00,21,,
2022-02-13 22:00:00,22,,
2022-02-13 23:00:00,23,,
2022-02-14 00:00:00,0,,
2022-02-14 01:00:00,1,,
2022-02-14 02:00:00,2,,
2022-02-14 03:00:00,3,,
2022-02-14 04:00:00,4,,
2022-02-14 05:00:00,5,,
2022-02-14 06:00:00,6,,
2022-02-14 07:00:00,7,,
2022-02-14 08:00:00,8,,
2022-02-14 09:00:00,9,,
2022-02-14 10:00:00,10,,
2022-02-14 11:00:00,11,,
2022-02-14 12:00:00,12,,
2022-02-14 13:00:00,13,,
2022-02-14 14:00:00,14,,
2022-02-14 15:00:00,15,,
2022-02-14 16:00:00,16,,
2022-02-14 17:00:00,17,,
2022-02-14 18:00:00,18,,
2022-02-14 19:00:00,19,,
2022-02-14 20:00:00,20,,
2022-02-14 21:00:00,21,,
2022-02-14 22:00:00,22,,
2022-02-14 23:00:00,23,,
2022-02-15 00:00:00,0,,
2022-02-15 01:00:00,1,,
2022-02-15 02:00:00,2,,
2022-02-15 03:00:00,3,,
2022-02-15 04:00:00,4,,
2022-02-15 05:00:00,5,,
2022-02-15 06:00:00,6,,
2022-02-15 07:00:00,7,,
2022-02-15 08:00:00,8,,
2022-02-15 09:00:00,9,,
2022-02-15 10:00:00,10,,
2022-02-15 11:00:00,11,,
2022-02-15 12:00:00,12,,
2022-02-15 13:00:00,13,,
2022-02-15 14:00:00,14,,
2022-02-15 15:00:00,15,,
2022-02-15 16:00:00,16,,
2022-02-15 17:00:00,17,,
2022-02-15 18:00:00,18,,
2022-02-15 19:00:00,19,,
2022-02-15 20:00:00,20,,
2022-02-15 21:00:00,21,,
2022-02-15 22:00:00,22,,
2022-02-15 23:00:00,23,,
2022-02-16 00:00:00,0,,
2022-02-16 01:00:00,1,,
2022-02-16 02:00:00,2,,
2022-02-16 03:00:00,3,,
2022-02-16 04:00:00,4,,
2022-02-16 05:00:00,5,,
2022-02-16 06:00:00,6,,
2022-02-16 07:00:00,7,,
2022-02-16 08:00:00,8,,
2022-02-16 09:00:00,9,,
2022-02-16 10:00:00,10,,
2022-02-16 11:00:00,11,,
2022-02-16 12:00:00,12,,
2022-02-16 13:00:00,13,,
2022-02-16 14:00:00,14,,
2022-02-16 15:00:00,15,,
2022-02-16 16:00:00,16,,
2022-02-16 17:00:00,17,,
2022-02-16 18:00:00,18,,
2022-02-16 19:00:00,19,,
2022-02-16 20:00:00,20,,
2022-02-16 21:00:00,21,,
2022-02-16 22:00:00,22,,
2022-02-16 23:00:00,23,,
2022-02-17 00:00:00,0,,
2022-02-17 01:00:00,1,,
2022-02-17 02:00:00,2,,
2022-02-17 03:00:00,3,,
2022-02-17 04:00:00,4,,
2022-02-17 05:00:00,5,,
2022-02-17 06:00:00,6,,
2022-02-17 07:00:00,7,,
2022-02-17 08:00:00,8,,
2022-02-17 09:00:00,9,,
2022-02-17 10:00:00,10,,
2022-02-17 11:00:00,11,,
2022-02-17 12:00:00,12,,
2022-02-17 13:00:00,13,,
2022-02-17 14:00:00,14,,
2022-02-17 15:00:00,15,,
2022-02-17 16:00:00,16,,
2022-02-17 17:00:00,17,,
2022-02-17 18:00:00,18,,
2022-02-17 19:00:00,19,,
2022-02-17 20:00:00,20,,
2022-02-17 21:00:00,21,,
2022-02-17 22:00:00,22,,
2022-02-17 23:00:00,23,,
2022-02-18 00:00:00,0,,
2022-02-18 01:00:00,1,,
2022-02-18 02:00:00,2,,
2022-02-18 03:00:00,3,,
2022-02-18 04:00:00,4,,
2022-02-18 05:00:00,5,,
2022-02-18 06:00:00,6,,
2022-02-18 07:00:00,7,,
2022-02-18 08:00:00,8,,
2022-02-18 09:00:00,9,,
2022-02-18 10:00:00,10,,
2022-02-18 11:00:00,11,,
2022-02-18 12:00:00,12,,
2022-02-18 13:00:00,13,,
2022-02-18 14:00:00,14,,
2022-02-18 15:00:00,15,,
2022-02-18 16:00:00,16,,
2022-02-18 17:00:00,17,,
2022-02-18 18:00:00,18,,
2022-02-18 19:00:00,19,,
2022-02-18 20:00:00,20,,
2022-02-18 21:00:00,21,,
2022-02-18 22:00:00,22,,
2022-02-18 23:00:00,23,,
2022-02-19 00:00:00,0,,
2022-02-19 01:00:00,1,,
2022-02-19 02:00:00,2,,
2022-02-19 03:00:00,3,,
2022-02-19 04:00:00,4,,
2022-02-19 05:00:00,5,,
2022-02-19 06:00:00,6,,
2022-02-19 07:00:00,7,,
2022-02-19 08:00:00,8,,
2022-02-19 09:00:00,9,,
2022-02-19 10:00:00,10,,
2022-02-19 11:00:00,11,,
2022-02-19 12:00:00,12,,
2022-02-19 13:00:00,13,,
2022-02-19 14:00:00,14,,
2022-02-19 15:00:00,15,,
2022-02-19 16:00:00,16,,
2022-02-19 17:00:00,17,,
2022-02-19 18:00:00,18,,
2022-02-19 19:00:00,19,,
2022-02-19 20:00:00,20,,
2022-02-19 21:00:00,21,,
2022-02-19 22:00:00,22,,
2022-02-19 23:00:00,23,,
2022-02-20 00:00:00,0,,
2022-02-20 01:00:00,1,,
2022-02-20 02:00:00,2,,
2022-02-20 03:00:00,3,,
2022-02-20 04:00:00,4,,
2022-02-20 05:00:00,5,,
2022-02-20 06:00:00,6,,
2022-02-20 07:00:00,7,,
2022-02-20 08:00:00,8,,
2022-02-20 09:00:00,9,,
2022-02-20 10:00:00,10,,
2022-02-20 11:00:00,11,,
2022-02-20 12:00:00,12,,
2022-02-20 13:00:00,13,,
2022-02-20 14:00:00,14,,
2022-02-20 15:00:00,15,,
2022-02-20 16:00:00,16,,
2022-02-20 17:00:00,17,,
2022-02-20 18:00:00,18,,
2022-02-20 19:00:00,19,,
2022-02-20 20:00:00,20,,
2022-02-20 21:00:00,21,,
2022-02-20 22:00:00,22,,
2022-02-20 23:00:00,23,,
2022-02-21 00:00:00,0,,
2022-02-21 01:00:00,1,,
2022-02-21 02:00:00,2,,
2022-02-21 03:00:00,3,,
2022-02-21 04:00:00,4,,
2022-02-21 05:00:00,5,,
2022-02-21 06:00:00,6,,
2022-02-21 07:00:00,7,,
2022-02-21 08:00:00,8,,
2022-02-21 09:00:00,9,,
2022-02-21 10:00:00,10,,
2022-02-21 11:00:00,11,,
2022-02-21 12:00:00,12,,
2022-02-21 13:00:00,13,,
2022-02-21 14:00:00,14,,
2022-02-21 15:00:00,15,,
2022-02-21 16:00:00,16,,
2022-02-21 17:00:00,17,,
2022-02-21 18:00:00,18,,
2022-02-21 19:00:00,19,,
2022-02-21 20:00:00,20,,
2022-02-21 21:00:00,21,,
2022-02-21 22:00:00,22,,
2022-02-21 23:00:00,23,,
2022-02-22 00:00:00,0,,
2022-02-22 01:00:00,1,,
2022-02-22 02:00:00,2,,
2022-02-22 03:00:00,3,,
2022-02-22 04:00:00,4,,
2022-02-22 05:00:00,5,,
2022-02-22 06:00:00,6,,
2022-02-22 07:00:00,7,,
2022-02-22 08:00:00,8,,
2022-02-22 09:00:00,9,,
2022-02-22 10:00:00,10,,
2022-02-22 11:00:00,11,,
2022-02-22 12:00:00,12,,
2022-02-22 13:00:00,13,,
2022-02-22 14:00:00,14,,
2022-02-22 15:00:00,15,,
2022-02-22 16:00:00,16,,
2022-02-22 17:00:00,17,,
2022-02-22 18:00:00,18,,
2022-02-22 19:00:00,19,,
2022-02-22 20:00:00,20,,
2022-02-22 21:00:00,21,,
2022-02-22 22:00:00,22,,
2022-02-22 23:00:00,23,,
2022-02-23 00:00:00,0,,
2022-02-23 01:00:00,1,,
2022-02-23 02:00:00,2,,
2022-02-23 03:00:00,3,,
2022-02-23 04:00:00,4,,
2022-02-23 05:00:00,5,,
2022-02-23 06:00:00,6,,
2022-02-23 07:00:00,7,,
2022-02-23 08:00:00,8,,
2022-02-23 09:00:00,9,,
2022-02-23 10:00:00,10,,
2022-02-23 11:00:00,11,,
2022-02-23 12:00:00,12,,
2022-02-23 13:00:00,13,,
2022-02-23 14:00:00,14,,
2022-02-23 15:00:00,15,,
2022-02-23 16:00:00,16,,
2022-02-23 17:00:00,17,,
2022-02-23 18:00:00,18,,
2022-02-23 19:00:00,19,,
2022-02-23 20:00:00,20,,
2022-02-23 21:00:00,21,,
2022-02-23 22:00:00,22,,
2022-02-23 23:00:00,23,,
2022-02-24 00:00:00,0,,
2022-02-24 01:00:00,1,,
2022-02-24 02:00:00,2,,
2022-02-24 03:00:00,3,,
2022-02-24 04:00:00,4,,
2022-02-24 05:00:00,5,,
2022-02-24 06:00:00,6,,
2022-02-24 07:00:00,7,,
2022-02-24 08:00:00,8,,
2022-02-24 09:00:00,9,,
2022-02-24 10:00:00,10,,
2022-02-24 11:00:00,11,,
2022-02-24 12:00:00,12,,
2022-02-24 13:00:00,13,,
2022-02-24 14:00:00,14,,
2022-02-24 15:00:00,15,,
2022-02-24 16:00:00,16,,
2022-02-24 17:00:00,17,,
2022-02-24 18:00:00,18,,
2022-02-24 19:00:00,19,,
2022-02-24 20:00:00,20,,
2022-02-24 21:00:00,21,,
2022-02-24 22:00:00,22,,
2022-02-24 23:00:00,23,,
2022-02-25 00:00:00,0,,
2022-02-25 01:00:00,1,,
2022-02-25 02:00:00,2,,
2022-02-25 03:00:00,3,,
2022-02-25 04:00:00,4,,
2022-02-25 05:00:00,5,,
2022-02-25 06:00:00,6,,
2022-02-25 07:00:00,7,,
2022-02-25 08:00:00,8,,
2022-02-25 09:00:00,9,,
2022-02-25 10:00:00,10,,
2022-02-25 11:00:00,11,,
2022-02-25 12:00:00,12,,
2022-02-25 13:00:00,13,,
2022-02-25 14:00:00,14,,
2022-02-25 15:00:00,15,,
2022-02-25 16:00:00,16,,
2022-02-25 17:00:00,17,,
2022-02-25 18:00:00,18,,
2022-02-25 19:00:00,19,,
2022-02-25 20:00:00,20,,
2022-02-25 21:00:00,21,,
2022-02-25 22:00:00,22,,
2022-02-25 23:00:00,23,,
2022-02-26 00:00:00,0,,
2022-02-26 01:00:00,1,,
2022-02-26 02:00:00,2,,
2022-02-26 03:00:00,3,,
2022-02-26 04:00:00,4,,
2022-02-26 05:00:00,5,,
2022-02-26 06:00:00,6,,
2022-02-26 07:00:00,7,,
2022-02-26 08:00:00,8,,
2022-02-26 09:00:00,9,,
2022-02-26 10:00:00,10,,
2022-02-26 11:00:00,11,,
2022-02-26 12:00:00,12,,
2022-02-26 13:00:00,13,,
2022-02-26 14:00:00,14,,
2022-02-26 15:00:00,15,,
2022-02-26 16:00:00,16,,
2022-02-26 17:00:00,17,,
2022-02-26 18:00:00,18,,
2022-02-26 19:00:00,19,,
2022-02-26 20:00:00,20,,
2022-02-26 21:00:00,21,,
2022-02-26 22:00:00,22,,
2022-02-26 23:00:00,23,,
2022-02-27 00:00:00,0,,
2022-02-27 01:00:00,1,,
2022-02-27 02:00:00,2,,
2022-02-27 03:00:00,3,,
2022-02-27 04:00:00,4,,
2022-02-27 05:00:00,5,,
2022-02-27 06:00:00,6,,
2022-02-27 07:00:00,7,,
2022-02-27 08:00:00,8,,
2022-02-27 09:00:00,9,,
2022-02-27 10:00:00,10,,
2022-02-27 11:00:00,11,,
2022-02-27 12:00:00,12,,
2022-02-27 13:00:00,13,,
2022-02-27 14:00:00,14,,
2022-02-27 15:00:00,15,,
2022-02-27 16:00:00,16,,
2022-02-27 17:00:00,17,,
2022-02-27 18:00:00,18,,
2022-02-27 19:00:00,19,,
2022-02-27 20:00:00,20,,
2022-02-27 21:00:00,21,,
2022-02-27 22:00:00,22,,
2022-02-27 23:00:00,23,,
2022-02-28 00:00:00,0,,
2022-02-28 01:00:00,1,,
2022-02-28 02:00:00,2,,
2022-02-28 03:00:00,3,,
2022-02-28 04:00:00,4,,
2022-02-28 05:00:00,5,,
2022-02-28 06:00:00,6,,
2022-02-28 07:00:00,7,,
2022-02-28 08:00:00,8,,
2022-02-28 09:00:00,9,,
2022-02-28 10:00:00,10,,
2022-02-28 11:00:00,11,,
2022-02-28 12:00:00,12,,
2022-02-28 13:00:00,13,,
2022-02-28 14:00:00,14,,
2022-02-28 15:00:00,15,,
2022-02-28 16:00:00,16,,
2022-02-28 17:00:00,17,,
2022-02-28 18:00:00,18,,
2022-02-28 19:00:00,19,,
2022-02-28 20:00:00,20,,
2022-02-28 21:00:00,21,,
2022-02-28 22:00:00,22,,
2022-02-28 23:00:00,23,,
2022-03-01 00:00:00,0,,
2022-03-01 01:00:00,1,,
2022-03-01 02:00:00,2,,
2022-03-01 03:00:00,3,,
2022-03-01 04:00:00,4,,
2022-03-01 05:00:00,5,,
2022-03-01 06:00:00,6,,
2022-03-01 07:00:00,7,,
2022-03-01 08:00:00,8,,
2022-03-01 09:00:00,9,,
2022-03-01 10:00:00,10,,
2022-03-01 11:00:00,11,,
2022-03-01 12:00:00,12,,
2022-03-01 13:00:00,13,,
2022-03-01 14:00:00,14,,
2022-03-01 15:00:00,15,,
2022-03-01 16:00:00,16,,
2022-03-01 17:00:00,17,,
2022-03-01 18:00:00,18,,
2022-03-01 19:00:00,19,,
2022-03-01 20:00:00,20,,
2022-03-01 21:00:00,21,,
2022-03-01 22:00:00,22,,
2022-03-01 23:00:00,23,,
2022-03-02 00:00:00,0,,
2022-03-02 01:00:00,1,,
2022-03-02 02:00:00,2,,
2022-03-02 03:00:00,3,,
2022-03-02 04:00:00,4,,
2022-03-02 05:00:00,5,,
2022-03-02 06:00:00,6,,
2022-03-02 07:00:00,7,,
2022-03-02 08:00:00,8,,
2022-03-02 09:00:00,9,,
2022-03-02 10:00:00,10,,
2022-03-02 11:00:00,11,,
2022-03-02 12:00:00,12,,
2022-03-02 13:00:00,13,,
2022-03-02 14:00:00,14,,
2022-03-02 15:00:00,15,,
2022-03-02 16:00:00,16,,
2022-03-02 17:00:00,17,,
2022-03-02 18:00:00,18,,
2022-03-02 19:00:00,19,,
2022-03-02 20:00:00,20,,
2022-03-02 21:00:00,21,,
2022-03-02 22:00:00,22,,
2022-03-02 23:00:00,23,,
2022-03-03 00:00:00,0,,
2022-03-03 01:00:00,1,,
2022-03-03 02:00:00,2,,
2022-03-03 03:00:00,3,,
2022-03-03 04:00:00,4,,
2022-03-03 05:00:00,5,,
2022-03-03 06:00:00,6,,
2022-03-03 07:00:00,7,,
2022-03-03 08:00:00,8,,
2022-03-03 09:00:00,9,,
2022-03-03 10:00:00,10,,
2022-03-03 11:00:00,11,,
2022-03-03 12:00:00,12,,
2022-03-03 13:00:00,13,,
2022-03-03 14:00:00,14,,
2022-03-03 15:00:00,15,,
2022-03-03 16:00:00,16,,
2022-03-03 17:00:00,17,,
2022-03-03 18:00:00,18,,
2022-03-03 19:00:00,19,,
2022-03-03 20:00:00,20,,
2022-03-03 21:00:00,21,,
2022-03-03 22:00:00,22,,
2022-03-03 23:00:00,23,,
2022-03-04 00:00:00,0,,
2022-03-04 01:00:00,1,,
2022-03-04 02:00:00,2,,
2022-03-04 03:00:00,3,,
2022-03-04 04:00:00,4,,
2022-03-04 05:00:00,5,,
2022-03-04 06:00:00,6,,
2022-03-04 07:00:00,7,,
2022-03-04 08:00:00,8,,
2022-03-04 09:00:00,9,,
2022-03-04 10:00:00,10,,
2022-03-04 11:00:00,11,,
2022-03-04 12:00:00,12,,
2022-03-04 13:00:00,13,,
2022-03-04 14:00:00,14,,
2022-03-04 15:00:00,15,,
2022-03-04 16:00:00,16,,
2022-03-04 17:00:00,17,,
2022-03-04 18:00:00,18,,
2022-03-04 19:00:00,19,,
2022-03-04 20:00:00,20,,
2022-03-04 21:00:00,21,,
2022-03-04 22:00:00,22,,
2022-03-04 23:00:00,23,,
2022-03-05 00:00:00,0,,
2022-03-05 01:00:00,1,,
2022-03-05 02:00:00,2,,
2022-03-05 03:00:00,3,,
2022-03-05 04:00:00,4,,
2022-03-05 05:00:00,5,,
2022-03-05 06:00:00,6,,
2022-03-05 07:00:00,7,,
2022-03-05 08:00:00,8,,
2022-03-05 09:00:00,9,,
2022-03-05 10:00:00,10,,
2022-03-05 11:00:00,11,,
2022-03-05 12:00:00,12,,
2022-03-05 13:00:00,13,,
2022-03-05 14:00:00,14,,
2022-03-05 15:00:00,15,,
2022-03-05 16:00:00,16,,
2022-03-05 17:00:00,17,,
2022-03-05 18:00:00,18,,
2022-03-05 19:00:00,19,,
2022-03-05 20:00:00,20,,
2022-03-05 21:00:00,21,,
2022-03-05 22:00:00,22,,
2022-03-05 23:00:00,23,,
2022-03-06 00:00:00,0,,
2022-03-06 01:00:00,1,,
2022-03-06 02:00:00,2,,
2022-03-06 03:00:00,3,,
2022-03-06 04:00:00,4,,
2022-03-06 05:00:00,5,,
2022-03-06 06:00:00,6,,
2022-03-06 07:00:00,7,,
2022-03-06 08:00:00,8,,
2022-03-06 09:00:00,9,,
2022-03-06 10:00:00,10,,
2022-03-06 11:00:00,11,,
2022-03-06 12:00:00,12,,
2022-03-06 13:00:00,13,,
2022-03-06 14:00:00,14,,
2022-03-06 15:00:00,15,,
2022-03-06 16:00:00,16,,
2022-03-06 17:00:00,17,,
2022-03-06 18:00:00,18,,
2022-03-06 19:00:00,19,,
2022-03-06 20:00:00,20,,
2022-03-06 21:00:00,21,,
2022-03-06 22:00:00,22,,
2022-03-06 23:00:00,23,,
2022-03-07 00:00:00,0,,
2022-03-07 01:00:00,1,,
2022-03-07 02:00:00,2,,
2022-03-07 03:00:00,3,,
2022-03-07 04:00:00,4,,
2022-03-07 05:00:00,5,,
2022-03-07 06:00:00,6,,
2022-03-07 07:00:00,7,,
2022-03-07 08:00:00,8,,
2022-03-07 09:00:00,9,,
2022-03-07 10:00:00,10,,
2022-03-07 11:00:00,11,,
2022-03-07 12:00:00,12,,
2022-03-07 13:00:00,13,,
2022-03-07 14:00:00,14,,
2022-03-07 15:00:00,15,,
2022-03-07 16:00:00,16,,
2022-03-07 17:00:00,17,,
2022-03-07 18:00:00,18,,
2022-03-07 19:00:00,19,,
2022-03-07 20:00:00,20,,
2022-03-07 21:00:00,21,,
2022-03-07 22:00:00,22,,
2022-03-07 23:00:00,23,,
2022-03-08 00:00:00,0,,
2022-03-08 01:00:00,1,,
2022-03-08 02:00:00,2,,
2022-03-08 03:00:00,3,,
2022-03-08 04:00:00,4,,
2022-03-08 05:00:00,5,,
2022-03-08 06:00:00,6,,
2022-03-08 07:00:00,7,,
2022-03-08 08:00:00,8,,
2022-03-08 09:00:00,9,,
2022-03-08 10:00:00,10,,
2022-03-08 11:00:00,11,,
2022-03-08 12:00:00,12,,
2022-03-08 13:00:00,13,,
2022-03-08 14:00:00,14,,
2022-03-08 15:00:00,15,,
2022-03-08 16:00:00,16,,
2022-03-08 17:00:00,17,,
2022-03-08 18:00:00,18,,
2022-03-08 19:00:00,19,,
2022-03-08 20:00:00,20,,
2022-03-08 21:00:00,21,,
2022-03-08 22:00:00,22,,
2022-03-08 23:00:00,23,,
2022-03-09 00:00:00,0,,
2022-03-09 01:00:00,1,,
2022-03-09 02:00:00,2,,
2022-03-09 03:00:00,3,,
2022-03-09 04:00:00,4,,
2022-03-09 05:00:00,5,,
2022-03-09 06:00:00,6,,
2022-03-09 07:00:00,7,,
2022-03-09 08:00:00,8,,
2022-03-09 09:00:00,9,,
2022-03-09 10:00:00,10,,
2022-03-09 11:00:00,11,,
2022-03-09 12:00:00,12,,
2022-03-09 13:00:00,13,,
2022-03-09 14:00:00,14,,
2022-03-09 15:00:00,15,,
2022-03-09 16:00:00,16,,
2022-03-09 17:00:00,17,,
2022-03-09 18:00:00,18,,
2022-03-09 19:00:00,19,,
2022-03-09 20:00:00,20,,
2022-03-09 21:00:00,21,,
2022-03-09 22:00:00,22,,
2022-03-09 23:00:00,23,,
2022-03-10 00:00:00,0,,
2022-03-10 01:00:00,1,,
2022-03-10 02:00:00,2,,
2022-03-10 03:00:00,3,,
2022-03-10 04:00:00,4,,
2022-03-10 05:00:00,5,,
2022-03-10 06:00:00,6,,
2022-03-10 07:00:00,7,,
2022-03-10 08:00:00,8,,
2022-03-10 09:00:00,9,,
2022-03-10 10:00:00,10,,
2022-03-10 11:00:00,11,,
2022-03-10 12:00:00,12,,
2022-03-10 13:00:00,13,,
2022-03-10 14:00:00,14,,
2022-03-10 15:00:00,15,,
2022-03-10 16:00:00,16,,
2022-03-10 17:00:00,17,,
2022-03-10 18:00:00,18,,
2022-03-10 19:00:00,19,,
2022-03-10 20:00:00,20,,
2022-03-10 21:00:00,21,,
2022-03-10 22:00:00,22,,
2022-03-10 23:00:00,23,,
2022-03-11 00:00:00,0,,
2022-03-11 01:00:00,1,,
2022-03-11 02:00:00,2,,
2022-03-11 03:00:00,3,,
2022-03-11 04:00:00,4,,
2022-03-11 05:00:00,5,,
2022-03-11 06:00:00,6,,
2022-03-11 07:00:00,7,,
2022-03-11 08:00:00,8,,
2022-03-11 09:00:00,9,,
2022-03-11 10:00:00,10,,
2022-03-11 11:00:00,11,,
2022-03-11 12:00:00,12,,
2022-03-11 13:00:00,13,,
2022-03-11 14:00:00,14,,
2022-03-11 15:00:00,15,,
2022-03-11 16:00:00,16,,
2022-03-11 17:00:00,17,,
2022-03-11 18:00:00,18,,
2022-03-11 19:00:00,19,,
2022-03-11 20:00:00,20,,
2022-03-11 21:00:00,21,,
2022-03-11 22:00:00,22,,
2022-03-11 23:00:00,23,,
2022-03-12 00:00:00,0,,
2022-03-12 01:00:00,1,,
2022-03-12 02:00:00,2,,
2022-03-12 03:00:00,3,,
2022-03-12 04:00:00,4,,
2022-03-12 05:00:00,5,,
2022-03-12 06:00:00,6,,
2022-03-12 07:00:00,7,,
2022-03-12 08:00:00,8,,
2022-03-12 09:00:00,9,,
2022-03-12 10:00:00,10,,
2022-03-12 11:00:00,11,,
2022-03-12 12:00:00,12,,
2022-03-12 13:00:00,13,,
2022-03-12 14:00:00,14,,
2022-03-12 15:00:00,15,,
2022-03-12 16:00:00,16,,
2022-03-12 17:00:00,17,,
2022-03-12 18:00:00,18,,
2022-03-12 19:00:00,19,,
2022-03-12 20:00:00,20,,
2022-03-12 21:00:00,21,,
2022-03-12 22:00:00,22,,
2022-03-12 23:00:00,23,,
2022-03-13 00:00:00,0,,
2022-03-13 01:00:00,1,,
2022-03-13 02:00:00,2,,
2022-03-13 03:00:00,3,,
2022-03-13 04:00:00,4,,
2022-03-13 05:00:00,5,,
2022-03-13 06:00:00,6,,
2022-03-13 07:00:00,7,,
2022-03-13 08:00:00,8,,
2022-03-13 09:00:00,9,,
2022-03-13 10:00:00,10,,
2022-03-13 11:00:00,11,,
2022-03-13 12:00:00,12,,
2022-03-13 13:00:00,13,,
2022-03-13 14:00:00,14,,
2022-03-13 15:00:00,15,,
2022-03-13 16:00:00,16,,
2022-03-13 17:00:00,17,,
2022-03-13 18:00:00,18,,
2022-03-13 19:00:00,19,,
2022-03-13 20:00:00,20,,
2022-03-13 21:00:00,21,,
2022-03-13 22:00:00,22,,
2022-03-13 23:00:00,23,,
2022-03-14 00:00:00,0,,
2022-03-14 01:00:00,1,,
2022-03-14 02:00:00,2,,
2022-03-14 03:00:00,3,,
2022-03-14 04:00:00,4,,
2022-03-14 05:00:00,5,,
2022-03-14 06:00:00,6,,
2022-03-14 07:00:00,7,,
2022-03-14 08:00:00,8,,
2022-03-14 09:00:00,9,,
2022-03-14 10:00:00,10,,
2022-03-14 11:00:00,11,,
2022-03-14 12:00:00,12,,
2022-03-14 13:00:00,13,,
2022-03-14 14:00:00,14,,
2022-03-14 15:00:00,15,,
2022-03-14 16:00:00,16,,
2022-03-14 17:00:00,17,,
2022-03-14 18:00:00,18,,
2022-03-14 19:00:00,19,,
2022-03-14 20:00:00,20,,
2022-03-14 21:00:00,21,,
2022-03-14 22:00:00,22,,
2022-03-14 23:00:00,23,,
2022-03-15 00:00:00,0,,
2022-03-15 01:00:00,1,,
2022-03-15 02:00:00,2,,
2022-03-15 03:00:00,3,,
2022-03-15 04:00:00,4,,
2022-03-15 05:00:00,5,,
2022-03-15 06:00:00,6,,
2022-03-15 07:00:00,7,,
2022-03-15 08:00:00,8,,
2022-03-15 09:00:00,9,,
2022-03-15 10:00:00,10,,
2022-03-15 11:00:00,11,,
2022-03-15 12:00:00,12,,
2022-03-15 13:00:00,13,,
2022-03-15 14:00:00,14,,
2022-03-15 15:00:00,15,,
2022-03-15 16:00:00,16,,
2022-03-15 17:00:00,17,,
2022-03-15 18:00:00,18,,
2022-03-15 19:00:00,19,,
2022-03-15 20:00:00,20,,
2022-03-15 21:00:00,21,,
2022-03-15 22:00:00,22,,
2022-03-15 23:00:00,23,,
2022-03-16 00:00:00,0,,
2022-03-16 01:00:00,1,,
2022-03-16 02:00:00,2,,
2022-03-16 03:00:00,3,,
2022-03-16 04:00:00,4,,
2022-03-16 05:00:00,5,,
2022-03-16 06:00:00,6,,
2022-03-16 07:00:00,7,,
2022-03-16 08:00:00,8,,
2022-03-16 09:00:00,9,,
2022-03-16 10:00:00,10,,
2022-03-16 11:00:00,11,,
2022-03-16 12:00:00,12,,
2022-03-16 13:00:00,13,,
2022-03-16 14:00:00,14,,
2022-03-16 15:00:00,15,,
2022-03-16 16:00:00,16,,
2022-03-16 17:00:00,17,,
2022-03-16 18:00:00,18,,
2022-03-16 19:00:00,19,,
2022-03-16 20:00:00,20,,
2022-03-16 21:00:00,21,,
2022-03-16 22:00:00,22,,
2022-03-16 23:00:00,23,,
2022-03-17 00:00:00,0,,
2022-03-17 01:00:00,1,,
2022-03-17 02:00:00,2,,
2022-03-17 03:00:00,3,,
2022-03-17 04:00:00,4,,
2022-03-17 05:00:00,5,,
2022-03-17 06:00:00,6,,
2022-03-17 07:00:00,7,,
2022-03-17 08:00:00,8,,
2022-03-17 09:00:00,9,,
2022-03-17 10:00:00,10,,
2022-03-17 11:00:00,11,,
2022-03-17 12:00:00,12,,
2022-03-17 13:00:00,13,,
2022-03-17 14:00:00,14,,
2022-03-17 15:00:00,15,,
2022-03-17 16:00:00,16,,
2022-03-17 17:00:00,17,,
2022-03-17 18:00:00,18,,
2022-03-17 19:00:00,19,,
2022-03-17 20:00:00,20,,
2022-03-17 21:00:00,21,,
2022-03-17 22:00:00,22,,
2022-03-17 23:00:00,23,,
2022-03-18 00:00:00,0,,
2022-03-18 01:00:00,1,,
2022-03-18 02:00:00,2,,
2022-03-18 03:00:00,3,,
2022-03-18 04:00:00,4,,
2022-03-18 05:00:00,5,,
2022-03-18 06:00:00,6,,
2022-03-18 07:00:00,7,,
2022-03-18 08:00:00,8,,
2022-03-18 09:00:00,9,,
2022-03-18 10:00:00,10,,
2022-03-18 11:00:00,11,,
2022-03-18 12:00:00,12,,
2022-03-18 13:00:00,13,,
2022-03-18 14:00:00,14,,
2022-03-18 15:00:00,15,,
2022-03-18 16:00:00,16,,
2022-03-18 17:00:00,17,,
2022-03-18 18:00:00,18,,
2022-03-18 19:00:00,19,,
2022-03-18 20:00:00,20,,
2022-03-18 21:00:00,21,,
2022-03-18 22:00:00,22,,
2022-03-18 23:00:00,23,,
2022-03-19 00:00:00,0,,
2022-03-19 01:00:00,1,,
2022-03-19 02:00:00,2,,
2022-03-19 03:00:00,3,,
2022-03-19 04:00:00,4,,
2022-03-19 05:00:00,5,,
2022-03-19 06:00:00,6,,
2022-03-19 07:00:00,7,,
2022-03-19 08:00:00,8,,
2022-03-19 09:00:00,9,,
2022-03-19 10:00:00,10,,
2022-03-19 11:00:00,11,,
2022-03-19 12:00:00,12,,
2022-03-19 13:00:00,13,,
2022-03-19 14:00:00,14,,
2022-03-19 15:00:00,15,,
2022-03-19 16:00:00,16,,
2022-03-19 17:00:00,17,,
2022-03-19 18:00:00,18,,
2022-03-19 19:00:00,19,,
2022-03-19 20:00:00,20,,
2022-03-19 21:00:00,21,,
2022-03-19 22:00:00,22,,
2022-03-19 23:00:00,23,,
2022-03-20 00:00:00,0,,
2022-03-20 01:00:00,1,,
2022-03-20 02:00:00,2,,
2022-03-20 03:00:00,3,,
2022-03-20 04:00:00,4,,
2022-03-20 05:00:00,5,,
2022-03-20 06:00:00,6,,
2022-03-20 07:00:00,7,,
2022-03-20 08:00:00,8,,
2022-03-20 09:00:00,9,,
2022-03-20 10:00:00,10,,
2022-03-20 11:00:00,11,,
2022-03-20 12:00:00,12,,
2022-03-20 13:00:00,13,,
2022-03-20 14:00:00,14,,
2022-03-20 15:00:00,15,,
2022-03-20 16:00:00,16,,
2022-03-20 17:00:00,17,,
2022-03-20 18:00:00,18,,
2022-03-20 19:00:00,19,,
2022-03-20 20:00:00,20,,
2022-03-20 21:00:00,21,,
2022-03-20 22:00:00,22,,
2022-03-20 23:00:00,23,,
2022-03-21 00:00:00,0,,
2022-03-21 01:00:00,1,,
2022-03-21 02:00:00,2,,
2022-03-21 03:00:00,3,,
2022-03-21 04:00:00,4,,
2022-03-21 05:00:00,5,,
2022-03-21 06:00:00,6,,
2022-03-21 07:00:00,7,,
2022-03-21 08:00:00,8,,
2022-03-21 09:00:00,9,,
2022-03-21 10:00:00,10,,
2022-03-21 11:00:00,11,,
2022-03-21 12:00:00,12,,
2022-03-21 13:00:00,13,,
2022-03-21 14:00:00,14,,
2022-03-21 15:00:00,15,,
2022-03-21 16:00:00,16,,
2022-03-21 17:00:00,17,,
2022-03-21 18:00:00,18,,
2022-03-21 19:00:00,19,,
2022-03-21 20:00:00,20,,
2022-03-21 21:00:00,21,,
2022-03-21 22:00:00,22,,
2022-03-21 23:00:00,23,,
2022-03-22 00:00:00,0,,
2022-03-22 01:00:00,1,,
2022-03-22 02:00:00,2,,
2022-03-22 03:00:00,3,,
2022-03-22 04:00:00,4,,
2022-03-22 05:00:00,5,,
2022-03-22 06:00:00,6,,
2022-03-22 07:00:00,7,,
2022-03-22 08:00:00,8,,
2022-03-22 09:00:00,9,,
2022-03-22 10:00:00,10,,
2022-03-22 11:00:00,11,,
2022-03-22 12:00:00,12,,
2022-03-22 13:00:00,13,,
2022-03-22 14:00:00,14,,
2022-03-22 15:00:00,15,,
2022-03-22 16:00:00,16,,
2022-03-22 17:00:00,17,,
2022-03-22 18:00:00,18,,
2022-03-22 19:00:00,19,,
2022-03-22 20:00:00,20,,
2022-03-22 21:00:00,21,,
2022-03-22 22:00:00,22,,
2022-03-22 23:00:00,23,,
2022-03-23 00:00:00,0,,
2022-03-23 01:00:00,1,,
2022-03-23 02:00:00,2,,
2022-03-23 03:00:00,3,,
2022-03-23 04:00:00,4,,
2022-03-23 05:00:00,5,,
2022-03-23 06:00:00,6,,
2022-03-23 07:00:00,7,,
2022-03-23 08:00:00,8,,
2022-03-23 09:00:00,9,,
2022-03-23 10:00:00,10,,
2022-03-23 11:00:00,11,,
2022-03-23 12:00:00,12,,
2022-03-23 13:00:00,13,,
2022-03-23 14:00:00,14,,
2022-03-23 15:00:00,15,,
2022-03-23 16:00:00,16,,
2022-03-23 17:00:00,17,,
2022-03-23 18:00:00,18,,
2022-03-23 19:00:00,19,,
2022-03-23 20:00:00,20,,
2022-03-23 21:00:00,21,,
2022-03-23 22:00:00,22,,
2022-03-23 23:00:00,23,,
2022-03-24 00:00:00,0,,
2022-03-24 01:00:00,1,,
2022-03-24 02:00:00,2,,
2022-03-24 03:00:00,3,,
2022-03-24 04:00:00,4,,
2022-03-24 05:00:00,5,,
2022-03-24 06:00:00,6,,
2022-03-24 07:00:00,7,,
2022-03-24 08:00:00,8,,
2022-03-24 09:00:00,9,,
2022-03-24 10:00:00,10,,
2022-03-24 11:00:00,11,,
2022-03-24 12:00:00,12,,
2022-03-24 13:00:00,13,,
2022-03-24 14:00:00,14,,
2022-03-24 15:00:00,15,,
2022-03-24 16:00:00,16,,
2022-03-24 17:00:00,17,,
2022-03-24 18:00:00,18,,
2022-03-24 19:00:00,19,,
2022-03-24 20:00:00,20,,
2022-03-24 21:00:00,21,,
2022-03-24 22:00:00,22,,
2022-03-24 23:00:00,23,,
2022-03-25 00:00:00,0,,
2022-03-25 01:00:00,1,,
2022-03-25 02:00:00,2,,
2022-03-25 03:00:00,3,,
2022-03-25 04:00:00,4,,
2022-03-25 05:00:00,5,,
2022-03-25 06:00:00,6,,
2022-03-25 07:00:00,7,,
2022-03-25 08:00:00,8,,
2022-03-25 09:00:00,9,,
2022-03-25 10:00:00,10,,
2022-03-25 11:00:00,11,,
2022-03-25 12:00:00,12,,
2022-03-25 13:00:00,13,,
2022-03-25 14:00:00,14,,
2022-03-25 15:00:00,15,,
2022-03-25 16:00:00,16,,
2022-03-25 17:00:00,17,,
2022-03-25 18:00:00,18,,
2022-03-25 19:00:00,19,,
2022-03-25 20:00:00,20,,
2022-03-25 21:00:00,21,,
2022-03-25 22:00:00,22,,
2022-03-25 23:00:00,23,,
2022-03-26 00:00:00,0,,
2022-03-26 01:00:00,1,,
2022-03-26 02:00:00,2,,
2022-03-26 03:00:00,3,,
2022-03-26 04:00:00,4,,
2022-03-26 05:00:00,5,,
2022-03-26 06:00:00,6,,
2022-03-26 07:00:00,7,,
2022-03-26 08:00:00,8,,
2022-03-26 09:00:00,9,,
2022-03-26 10:00:00,10,,
2022-03-26 11:00:00,11,,
2022-03-26 12:00:00,12,,
2022-03-26 13:00:00,13,,
2022-03-26 14:00:00,14,,
2022-03-26 15:00:00,15,,
2022-03-26 16:00:00,16,,
2022-03-26 17:00:00,17,,
2022-03-26 18:00:00,18,,
2022-03-26 19:00:00,19,,
2022-03-26 20:00:00,20,,
2022-03-26 21:00:00,21,,
2022-03-26 22:00:00,22,,
2022-03-26 23:00:00,23,,
2022-03-27 00:00:00,0,,
2022-03-27 01:00:00,1,,
2022-03-27 02:00:00,2,,
2022-03-27 03:00:00,3,,
2022-03-27 04:00:00,4,,
2022-03-27 05:00:00,5,,
2022-03-27 06:00:00,6,,
2022-03-27 07:00:00,7,,
2022-03-27 08:00:00,8,,
2022-03-27 09:00:00,9,,
2022-03-27 10:00:00,10,,
2022-03-27 11:00:00,11,,
2022-03-27 12:00:00,12,,
2022-03-27 13:00:00,13,,
2022-03-27 14:00:00,14,,
2022-03-27 15:00:00,15,,
2022-03-27 16:00:00,16,,
2022-03-27 17:00:00,17,,
2022-03-27 18:00:00,18,,
2022-03-27 19:00:00,19,,
2022-03-27 20:00:00,20,,
2022-03-27 21:00:00,21,,
2022-03-27 22:00:00,22,,
2022-03-27 23:00:00,23,,
2022-03-28 00:00:00,0,,
2022-03-28 01:00:00,1,,
2022-03-28 02:00:00,2,,
2022-03-28 03:00:00,3,,
2022-03-28 04:00:00,4,,
2022-03-28 05:00:00,5,,
2022-03-28 06:00:00,6,,
2022-03-28 07:00:00,7,,
2022-03-28 08:00:00,8,,
2022-03-28 09:00:00,9,,
2022-03-28 10:00:00,10,,
2022-03-28 11:00:00,11,,
2022-03-28 12:00:00,12,,
2022-03-28 13:00:00,13,,
2022-03-28 14:00:00,14,,
2022-03-28 15:00:00,15,,
2022-03-28 16:00:00,16,,
2022-03-28 17:00:00,17,,
2022-03-28 18:00:00,18,,
2022-03-28 19:00:00,19,,
2022-03-28 20:00:00,20,,
2022-03-28 21:00:00,21,,
2022-03-28 22:00:00,22,,
2022-03-28 23:00:00,23,,
2022-03-29 00:00:00,0,,
2022-03-29 01:00:00,1,,
2022-03-29 02:00:00,2,,
2022-03-29 03:00:00,3,,
2022-03-29 04:00:00,4,,
2022-03-29 05:00:00,5,,
2022-03-29 06:00:00,6,,
2022-03-29 07:00:00,7,,
2022-03-29 08:00:00,8,,
2022-03-29 09:00:00,9,,
2022-03-29 10:00:00,10,,
2022-03-29 11:00:00,11,,
2022-03-29 12:00:00,12,,
2022-03-29 13:00:00,13,,
2022-03-29 14:00:00,14,,
2022-03-29 15:00:00,15,,
2022-03-29 16:00:00,16,,
2022-03-29 17:00:00,17,,
2022-03-29 18:00:00,18,,
2022-03-29 19:00:00,19,,
2022-03-29 20:00:00,20,,
2022-03-29 21:00:00,21,,
2022-03-29 22:00:00,22,,
2022-03-29 23:00:00,23,,
2022-03-30 00:00:00,0,,
2022-03-30 01:00:00,1,,
2022-03-30 02:00:00,2,,
2022-03-30 03:00:00,3,,
2022-03-30 04:00:00,4,,
2022-03-30 05:00:00,5,,
2022-03-30 06:00:00,6,,
2022-03-30 07:00:00,7,,
2022-03-30 08:00:00,8,,
2022-03-30 09:00:00,9,,
2022-03-30 10:00:00,10,,
2022-03-30 11:00:00,11,,
2022-03-30 12:00:00,12,,
2022-03-30 13:00:00,13,,
2022-03-30 14:00:00,14,,
2022-03-30 15:00:00,15,,
2022-03-30 16:00:00,16,,
2022-03-30 17:00:00,17,,
2022-03-30 18:00:00,18,,
2022-03-30 19:00:00,19,,
2022-03-30 20:00:00,20,,
2022-03-30 21:00:00,21,,
2022-03-30 22:00:00,22,,
2022-03-30 23:00:00,23,,
2022-03-31 00:00:00,0,,
2022-03-31 01:00:00,1,,
2022-03-31 02:00:00,2,,
2022-03-31 03:00:00,3,,
2022-03-31 04:00:00,4,,
2022-03-31 05:00:00,5,,
2022-03-31 06:00:00,6,,
2022-03-31 07:00:00,7,,
2022-03-31 08:00:00,8,,
2022-03-31 09:00:00,9,,
2022-03-31 10:00:00,10,,
2022-03-31 11:00:00,11,,
2022-03-31 12:00:00,12,,
2022-03-31 13:00:00,13,,
2022-03-31 14:00:00,14,,
2022-03-31 15:00:00,15,,
2022-03-31 16:00:00,16,,
2022-03-31 17:00:00,17,,
2022-03-31 18:00:00,18,,
2022-03-31 19:00:00,19,,
2022-03-31 20:00:00,20,,
2022-03-31 21:00:00,21,,
2022-03-31 22:00:00,22,,
2022-03-31 23:00:00,23,,
2022-04-01 00:00:00,0,,
2022-04-01 01:00:00,1,,
2022-04-01 02:00:00,2,,
2022-04-01 03:00:00,3,,
2022-04-01 04:00:00,4,,
2022-04-01 05:00:00,5,,
2022-04-01 06:00:00,6,,
2022-04-01 07:00:00,7,,
2022-04-01 08:00:00,8,,
2022-04-01 09:00:00,9,,
2022-04-01 10:00:00,10,,
2022-04-01 11:00:00,11,,
2022-04-01 12:00:00,12,,
2022-04-01 13:00:00,13,,
2022-04-01 14:00:00,14,,
2022-04-01 15:00:00,15,,
2022-04-01 16:00:00,16,,
2022-04-01 17:00:00,17,,
2022-04-01 18:00:00,18,,
2022-04-01 19:00:00,19,,
2022-04-01 20:00:00,20,,
2022-04-01 21:00:00,21,,
2022-04-01 22:00:00,22,,
2022-04-01 23:00:00,23,,
2022-04-02 00:00:00,0,,
2022-04-02 01:00:00,1,,
2022-04-02 02:00:00,2,,
2022-04-02 03:00:00,3,,
2022-04-02 04:00:00,4,,
2022-04-02 05:00:00,5,,
2022-04-02 06:00:00,6,,
2022-04-02 07:00:00,7,,
2022-04-02 08:00:00,8,,
2022-04-02 09:00:00,9,,
2022-04-02 10:00:00,10,,
2022-04-02 11:00:00,11,,
2022-04-02 12:00:00,12,,
2022-04-02 13:00:00,13,,
2022-04-02 14:00:00,14,,
2022-04-02 15:00:00,15,,
2022-04-02 16:00:00,16,,
2022-04-02 17:00:00,17,,
2022-04-02 18:00:00,18,,
2022-04-02 19:00:00,19,,
2022-04-02 20:00:00,20,,
2022-04-02 21:00:00,21,,
2022-04-02 22:00:00,22,,
2022-04-02 23:00:00,23,,
2022-04-03 00:00:00,0,,
2022-04-03 01:00:00,1,,
2022-04-03 02:00:00,2,,
2022-04-03 03:00:00,3,,
2022-04-03 04:00:00,4,,
2022-04-03 05:00:00,5,,
2022-04-03 06:00:00,6,,
2022-04-03 07:00:00,7,,
2022-04-03 08:00:00,8,,
2022-04-03 09:00:00,9,,
2022-04-03 10:00:00,10,,
2022-04-03 11:00:00,11,,
2022-04-03 12:00:00,12,,
2022-04-03 13:00:00,13,,
2022-04-03 14:00:00,14,,
2022-04-03 15:00:00,15,,
2022-04-03 16:00:00,16,,
2022-04-03 17:00:00,17,,
2022-04-03 18:00:00,18,,
2022-04-03 19:00:00,19,,
2022-04-03 20:00:00,20,,
2022-04-03 21:00:00,21,,
2022-04-03 22:00:00,22,,
2022-04-03 23:00:00,23,,
2022-04-04 00:00:00,0,,
2022-04-04 01:00:00,1,,
2022-04-04 02:00:00,2,,
2022-04-04 03:00:00,3,,
2022-04-04 04:00:00,4,,
2022-04-04 05:00:00,5,,
2022-04-04 06:00:00,6,,
2022-04-04 07:00:00,7,,
2022-04-04 08:00:00,8,,
2022-04-04 09:00:00,9,,
2022-04-04 10:00:00,10,,
2022-04-04 11:00:00,11,,
2022-04-04 12:00:00,12,,
2022-04-04 13:00:00,13,,
2022-04-04 14:00:00,14,,
2022-04-04 15:00:00,15,,
2022-04-04 16:00:00,16,,
2022-04-04 17:00:00,17,,
2022-04-04 18:00:00,18,,
2022-04-04 19:00:00,19,,
2022-04-04 20:00:00,20,,
2022-04-04 21:00:00,21,,
2022-04-04 22:00:00,22,,
2022-04-04 23:00:00,23,,
2022-04-05 00:00:00,0,,
2022-04-05 01:00:00,1,,
2022-04-05 02:00:00,2,,
2022-04-05 03:00:00,3,,
2022-04-05 04:00:00,4,,
2022-04-05 05:00:00,5,,
2022-04-05 06:00:00,6,,
2022-04-05 07:00:00,7,,
2022-04-05 08:00:00,8,,
2022-04-05 09:00:00,9,,
2022-04-05 10:00:00,10,,
2022-04-05 11:00:00,11,,
2022-04-05 12:00:00,12,,
2022-04-05 13:00:00,13,,
2022-04-05 14:00:00,14,,
2022-04-05 15:00:00,15,,
2022-04-05 16:00:00,16,,
2022-04-05 17:00:00,17,,
2022-04-05 18:00:00,18,,
2022-04-05 19:00:00,19,,
2022-04-05 20:00:00,20,,
2022-04-05 21:00:00,21,,
2022-04-05 22:00:00,22,,
2022-04-05 23:00:00,23,,
2022-04-06 00:00:00,0,,
2022-04-06 01:00:00,1,,
2022-04-06 02:00:00,2,,
2022-04-06 03:00:00,3,,
2022-04-06 04:00:00,4,,
2022-04-06 05:00:00,5,,
2022-04-06 06:00:00,6,,
2022-04-06 07:00:00,7,,
2022-04-06 08:00:00,8,,
2022-04-06 09:00:00,9,,
2022-04-06 10:00:00,10,,
2022-04-06 11:00:00,11,,
2022-04-06 12:00:00,12,,
2022-04-06 13:00:00,13,,
2022-04-06 14:00:00,14,,
2022-04-06 15:00:00,15,,
2022-04-06 16:00:00,16,838.0,1.8
2022-04-06 17:00:00,17,3013.6,1.9
2022-04-06 18:00:00,18,1544.9,2.7
2022-04-06 19:00:00,19,1988.0,2.1
2022-04-06 20:00:00,20,1065.5,1.6
2022-04-06 21:00:00,21,168.2,0.2
2022-04-06 22:00:00,22,,0.4
2022-04-06 23:00:00,23,,0.5
2022-04-07 00:00:00,0,,1.2
2022-04-07 01:00:00,1,,2.2
2022-04-07 02:00:00,2,,1.8
2022-04-07 03:00:00,3,,1.0
2022-04-07 04:00:00,4,,0.6
2022-04-07 05:00:00,5,,0.7
2022-04-07 06:00:00,6,,1.0
2022-04-07 07:00:00,7,,0.5
2022-04-07 08:00:00,8,,0.2
2022-04-07 09:00:00,9,0.4,0.3
2022-04-07 10:00:00,10,167.7,0.6
2022-04-07 11:00:00,11,447.5,0.8
2022-04-07 12:00:00,12,1977.9,1.2
2022-04-07 13:00:00,13,2550.5,1.6
2022-04-07 14:00:00,14,2335.8,1.2
2022-04-07 15:00:00,15,3127.3,2.3
2022-04-07 16:00:00,16,2479.6,1.6
2022-04-07 17:00:00,17,2368.6,2.2
2022-04-07 18:00:00,18,1992.9,2.5
2022-04-07 19:00:00,19,616.0,1.4
2022-04-07 20:00:00,20,265.9,0.9
2022-04-07 21:00:00,21,75.7,1.0
2022-04-07 22:00:00,22,,1.1
2022-04-07 23:00:00,23,,0.6
2022-04-08 00:00:00,0,,0.8
2022-04-08 01:00:00,1,,1.4
2022-04-08 02:00:00,2,,0.7
2022-04-08 03:00:00,3,,0.3
2022-04-08 04:00:00,4,,0.5
2022-04-08 05:00:00,5,,0.2
2022-04-08 06:00:00,6,,0.6
2022-04-08 07:00:00,7,,0.3
2022-04-08 08:00:00,8,,0.3
2022-04-08 09:00:00,9,0.3,0.3
2022-04-08 10:00:00,10,256.9,0.7
2022-04-08 11:00:00,11,786.7,1.5
2022-04-08 12:00:00,12,1397.5,1.4
2022-04-08 13:00:00,13,2442.6,1.5
2022-04-08 14:00:00,14,2899.8,1.3
2022-04-08 15:00:00,15,3395.5,2.7
2022-04-08 16:00:00,16,2534.0,1.9
2022-04-08 17:00:00,17,2162.1,1.8
2022-04-08 18:00:00,18,1891.6,2.5
2022-04-08 19:00:00,19,672.7,0.9
2022-04-08 20:00:00,20,816.7,0.9
2022-04-08 21:00:00,21,141.5,0.9
2022-04-08 22:00:00,22,,0.5
2022-04-08 23:00:00,23,,1.6
2022-04-09 00:00:00,0,,1.4
2022-04-09 01:00:00,1,,0.7
2022-04-09 02:00:00,2,,0.5
2022-04-09 03:00:00,3,,0.3
2022-04-09 04:00:00,4,,1.0
2022-04-09 05:00:00,5,,0.6
2022-04-09 06:00:00,6,,0.5
2022-04-09 07:00:00,7,,0.6
2022-04-09 08:00:00,8,,0.2
2022-04-09 09:00:00,9,1.2,0.6
2022-04-09 10:00:00,10,264.5,1.2
2022-04-09 11:00:00,11,911.1,0.5
2022-04-09 12:00:00,12,1820.4,1.2
2022-04-09 13:00:00,13,2604.1,1.5
2022-04-09 14:00:00,14,2703.3,1.6
2022-04-09 15:00:00,15,2793.5,1.8
2022-04-09 16:00:00,16,2553.8,1.5
2022-04-09 17:00:00,17,2703.8,2.1
2022-04-09 18:00:00,18,2622.5,3.3
2022-04-09 19:00:00,19,2017.2,3.1
2022-04-09 20:00:00,20,1029.9,1.8
2022-04-09 21:00:00,21,182.1,0.5
2022-04-09 22:00:00,22,,2.4
2022-04-09 23:00:00,23,,1.7
2022-04-10 00:00:00,0,,1.0
2022-04-10 01:00:00,1,,3.1
2022-04-10 02:00:00,2,,2.0
2022-04-10 03:00:00,3,,1.1
2022-04-10 04:00:00,4,,0.9
2022-04-10 05:00:00,5,,1.5
2022-04-10 06:00:00,6,,2.1
2022-04-10 07:00:00,7,,1.1
2022-04-10 08:00:00,8,,0.6
2022-04-10 09:00:00,9,,0.3
2022-04-10 10:00:00,10,223.5,0.6
2022-04-10 11:00:00,11,811.5,0.9
2022-04-10 12:00:00,12,1740.5,1.3
2022-04-10 13:00:00,13,1874.9,1.7
2022-04-10 14:00:00,14,1785.7,1.4
2022-04-10 15:00:00,15,2709.0,2.6
2022-04-10 16:00:00,16,2088.9,2.7
2022-04-10 17:00:00,17,2798.5,1.5
2022-04-10 18:00:00,18,2153.6,1.7
2022-04-10 19:00:00,19,1259.1,1.0
2022-04-10 20:00:00,20,555.2,1.1
2022-04-10 21:00:00,21,157.9,0.6
2022-04-10 22:00:00,22,2.9,1.2
2022-04-10 23:00:00,23,,1.0
2022-04-11 00:00:00,0,,0.2
2022-04-11 01:00:00,1,,1.0
2022-04-11 02:00:00,2,,0.3
2022-04-11 03:00:00,3,,1.5
2022-04-11 04:00:00,4,,0.5
2022-04-11 05:00:00,5,,0.7
2022-04-11 06:00:00,6,,0.5
2022-04-11 07:00:00,7,,0.5
2022-04-11 08:00:00,8,,0.8
2022-04-11 09:00:00,9,2.4,0.3
2022-04-11 10:00:00,10,116.4,1.1
2022-04-11 11:00:00,11,565.4,1.1
2022-04-11 12:00:00,12,992.8,1.7
2022-04-11 13:00:00,13,1584.1,2.0
2022-04-11 14:00:00,14,1855.3,1.9
2022-04-11 15:00:00,15,2552.5,1.2
2022-04-11 16:00:00,16,1828.3,1.8
2022-04-11 17:00:00,17,2002.2,2.2
2022-04-11 18:00:00,18,709.1,1.4
2022-04-11 19:00:00,19,1359.5,1.6
2022-04-11 20:00:00,20,384.8,1.3
2022-04-11 21:00:00,21,32.4,0.5
2022-04-11 22:00:00,22,,1.1
2022-04-11 23:00:00,23,,2.1
2022-04-12 00:00:00,0,,1.5
2022-04-12 01:00:00,1,,1.4
2022-04-12 02:00:00,2,,0.8
2022-04-12 03:00:00,3,,0.5
2022-04-12 04:00:00,4,,0.3
2022-04-12 05:00:00,5,,0.8
2022-04-12 06:00:00,6,,0.2
2022-04-12 07:00:00,7,,0.3
2022-04-12 08:00:00,8,,0.6
2022-04-12 09:00:00,9,2.3,0.5
2022-04-12 10:00:00,10,137.1,1.3
2022-04-12 11:00:00,11,530.8,1.3
2022-04-12 12:00:00,12,1173.7,1.0
2022-04-12 13:00:00,13,2310.7,1.0
2022-04-12 14:00:00,14,3015.6,1.3
2022-04-12 15:00:00,15,3022.1,1.3
2022-04-12 16:00:00,16,2571.5,0.7
2022-04-12 17:00:00,17,1922.3,2.6
2022-04-12 18:00:00,18,2362.1,1.4
2022-04-12 19:00:00,19,976.6,0.8
2022-04-12 20:00:00,20,358.5,0.7
2022-04-12 21:00:00,21,93.2,1.3
2022-04-12 22:00:00,22,,1.2
2022-04-12 23:00:00,23,,0.9
2022-04-13 00:00:00,0,,1.8
2022-04-13 01:00:00,1,,0.9
2022-04-13 02:00:00,2,,1.0
2022-04-13 03:00:00,3,,1.0
2022-04-13 04:00:00,4,,0.8
2022-04-13 05:00:00,5,,0.6
2022-04-13 06:00:00,6,,0.2
2022-04-13 07:00:00,7,,0.1
2022-04-13 08:00:00,8,,0.3
2022-04-13 09:00:00,9,0.7,0.2
2022-04-13 10:00:00,10,213.5,0.3
2022-04-13 11:00:00,11,1143.3,1.2
2022-04-13 12:00:00,12,1465.2,2.0
2022-04-13 13:00:00,13,1643.6,2.0
2022-04-13 14:00:00,14,2041.5,1.9
2022-04-13 15:00:00,15,2047.0,1.2
2022-04-13 16:00:00,16,1970.1,0.6
2022-04-13 17:00:00,17,2293.9,0.9
2022-04-13 18:00:00,18,2134.5,0.9
2022-04-13 19:00:00,19,1947.6,0.9
2022-04-13 20:00:00,20,883.0,0.8
2022-04-13 21:00:00,21,186.9,0.2
2022-04-13 22:00:00,22,,0.3
2022-04-13 23:00:00,23,,0.3
2022-04-14 00:00:00,0,,0.2
2022-04-14 01:00:00,1,,0.6
2022-04-14 02:00:00,2,,0.4
2022-04-14 03:00:00,3,,0.7
2022-04-14 04:00:00,4,,0.4
2022-04-14 05:00:00,5,,0.6
2022-04-14 06:00:00,6,,1.1
2022-04-14 07:00:00,7,,0.4
2022-04-14 08:00:00,8,,0.2
2022-04-14 09:00:00,9,3.3,0.4
2022-04-14 10:00:00,10,350.9,0.4
2022-04-14 11:00:00,11,654.4,1.2
2022-04-14 12:00:00,12,1358.2,2.3
2022-04-14 13:00:00,13,2366.2,2.4
2022-04-14 14:00:00,14,2869.5,2.1
2022-04-14 15:00:00,15,3162.4,1.7
2022-04-14 16:00:00,16,2762.3,1.7
2022-04-14 17:00:00,17,2770.3,1.8
2022-04-14 18:00:00,18,2573.3,1.4
2022-04-14 19:00:00,19,1950.4,1.6
2022-04-14 20:00:00,20,1086.6,1.7
2022-04-14 21:00:00,21,194.8,0.3
2022-04-14 22:00:00,22,,0.1
2022-04-14 23:00:00,23,,0.2
2022-04-15 00:00:00,0,,0.2
2022-04-15 01:00:00,1,,1.5
2022-04-15 02:00:00,2,,0.4
2022-04-15 03:00:00,3,,0.2
2022-04-15 04:00:00,4,,0.3
2022-04-15 05:00:00,5,,0.3
2022-04-15 06:00:00,6,,0.2
2022-04-15 07:00:00,7,,0.1
2022-04-15 08:00:00,8,,0.3
2022-04-15 09:00:00,9,0.6,0.4
2022-04-15 10:00:00,10,169.6,0.7
2022-04-15 11:00:00,11,625.6,0.4
2022-04-15 12:00:00,12,1279.1,1.8
2022-04-15 13:00:00,13,2321.9,1.8
2022-04-15 14:00:00,14,2027.0,2.1
2022-04-15 15:00:00,15,2496.3,1.7
2022-04-15 16:00:00,16,2311.8,1.2
2022-04-15 17:00:00,17,2427.1,1.6
2022-04-15 18:00:00,18,1665.0,1.7
2022-04-15 19:00:00,19,1257.3,1.3
2022-04-15 20:00:00,20,179.8,1.6
2022-04-15 21:00:00,21,43.7,0.8
2022-04-15 22:00:00,22,,0.5
2022-04-15 23:00:00,23,,0.5
2022-04-16 00:00:00,0,,0.5
2022-04-16 01:00:00,1,,0.3
2022-04-16 02:00:00,2,,0.8
2022-04-16 03:00:00,3,,0.5
2022-04-16 04:00:00,4,,0.3
2022-04-16 05:00:00,5,,0.7
2022-04-16 06:00:00,6,,0.4
2022-04-16 07:00:00,7,,0.9
2022-04-16 08:00:00,8,,0.7
2022-04-16 09:00:00,9,2.3,0.5
2022-04-16 10:00:00,10,100.8,0.4
2022-04-16 11:00:00,11,818.5,1.9
2022-04-16 12:00:00,12,1195.2,1.7
2022-04-16 13:00:00,13,1640.4,1.6
2022-04-16 14:00:00,14,1473.5,1.6
2022-04-16 15:00:00,15,2397.3,2.5
2022-04-16 16:00:00,16,613.8,1.4
2022-04-16 17:00:00,17,624.3,1.1
2022-04-16 18:00:00,18,816.7,2.6
2022-04-16 19:00:00,19,278.2,0.8
2022-04-16 20:00:00,20,365.0,0.9
2022-04-16 21:00:00,21,66.3,0.5
2022-04-16 22:00:00,22,,0.4
2022-04-16 23:00:00,23,,0.5
2022-04-17 00:00:00,0,,1.1
2022-04-17 01:00:00,1,,0.5
2022-04-17 02:00:00,2,,0.8
2022-04-17 03:00:00,3,,0.6
2022-04-17 04:00:00,4,,0.3
2022-04-17 05:00:00,5,,1.3
2022-04-17 06:00:00,6,,0.6
2022-04-17 07:00:00,7,,0.9
2022-04-17 08:00:00,8,,0.2
2022-04-17 09:00:00,9,2.4,0.7
2022-04-17 10:00:00,10,136.5,0.7
2022-04-17 11:00:00,11,423.9,1.4
2022-04-17 12:00:00,12,716.6,1.0
2022-04-17 13:00:00,13,1492.1,2.0
2022-04-17 14:00:00,14,1988.7,2.1
2022-04-17 15:00:00,15,2174.2,2.2
2022-04-17 16:00:00,16,3161.5,1.7
2022-04-17 17:00:00,17,2181.8,0.9
2022-04-17 18:00:00,18,2242.9,1.2
2022-04-17 19:00:00,19,1618.9,1.3
2022-04-17 20:00:00,20,919.2,1.1
2022-04-17 21:00:00,21,155.0,0.6
2022-04-17 22:00:00,22,,0.3
2022-04-17 23:00:00,23,,0.8
2022-04-18 00:00:00,0,,0.4
2022-04-18 01:00:00,1,,0.5
2022-04-18 02:00:00,2,,1.8
2022-04-18 03:00:00,3,,0.9
2022-04-18 04:00:00,4,,0.7
2022-04-18 05:00:00,5,,0.3
2022-04-18 06:00:00,6,,0.3
2022-04-18 07:00:00,7,,0.8
2022-04-18 08:00:00,8,,0.5
2022-04-18 09:00:00,9,2.3,0.9
2022-04-18 10:00:00,10,287.6,1.0
2022-04-18 11:00:00,11,811.0,0.9
2022-04-18 12:00:00,12,1486.6,1.1
2022-04-18 13:00:00,13,2336.3,1.9
2022-04-18 14:00:00,14,2299.2,3.1
2022-04-18 15:00:00,15,2624.7,3.6
2022-04-18 16:00:00,16,1715.7,2.0
2022-04-18 17:00:00,17,1385.3,4.3
2022-04-18 18:00:00,18,1218.3,1.7
2022-04-18 19:00:00,19,416.3,0.8
2022-04-18 20:00:00,20,406.2,1.2
2022-04-18 21:00:00,21,96.6,0.4
2022-04-18 22:00:00,22,,0.6
2022-04-18 23:00:00,23,,0.3
2022-04-19 00:00:00,0,,0.2
2022-04-19 01:00:00,1,,0.2
2022-04-19 02:00:00,2,,0.9
2022-04-19 03:00:00,3,,0.8
2022-04-19 04:00:00,4,,0.8
2022-04-19 05:00:00,5,,0.8
2022-04-19 06:00:00,6,,1.4
2022-04-19 07:00:00,7,,0.8
2022-04-19 08:00:00,8,,0.7
2022-04-19 09:00:00,9,,0.6
2022-04-19 10:00:00,10,264.6,0.5
2022-04-19 11:00:00,11,670.9,0.7
2022-04-19 12:00:00,12,1359.8,1.2
2022-04-19 13:00:00,13,1213.7,2.2
2022-04-19 14:00:00,14,1550.3,2.2
2022-04-19 15:00:00,15,2170.3,1.3
2022-04-19 16:00:00,16,1618.6,2.7
2022-04-19 17:00:00,17,624.2,2.2
2022-04-19 18:00:00,18,539.3,1.7
2022-04-19 19:00:00,19,765.8,1.1
2022-04-19 20:00:00,20,621.8,1.1
2022-04-19 21:00:00,21,130.2,0.3
2022-04-19 22:00:00,22,,0.9
2022-04-19 23:00:00,23,,0.9
2022-04-20 00:00:00,0,,0.9
2022-04-20 01:00:00,1,,1.9
2022-04-20 02:00:00,2,,0.7
2022-04-20 03:00:00,3,,0.4
2022-04-20 04:00:00,4,,0.4
2022-04-20 05:00:00,5,,1.1
2022-04-20 06:00:00,6,,0.3
2022-04-20 07:00:00,7,,0.7
2022-04-20 08:00:00,8,,0.5
2022-04-20 09:00:00,9,0.3,0.4
2022-04-20 10:00:00,10,256.5,0.4
2022-04-20 11:00:00,11,900.4,0.6
2022-04-20 12:00:00,12,1587.9,0.8
2022-04-20 13:00:00,13,2210.5,0.9
2022-04-20 14:00:00,14,2047.8,1.5
2022-04-20 15:00:00,15,2968.4,3.2
2022-04-20 16:00:00,16,2275.1,2.8
2022-04-20 17:00:00,17,2919.3,2.3
2022-04-20 18:00:00,18,2433.3,3.4
2022-04-20 19:00:00,19,1518.4,1.6
2022-04-20 20:00:00,20,754.3,0.6
2022-04-20 21:00:00,21,105.7,0.1
2022-04-20 22:00:00,22,,0.3
2022-04-20 23:00:00,23,,0.3
2022-04-21 00:00:00,0,,0.3
2022-04-21 01:00:00,1,,0.1
2022-04-21 02:00:00,2,,0.6
2022-04-21 03:00:00,3,,0.2
2022-04-21 04:00:00,4,,0.3
2022-04-21 05:00:00,5,,1.1
2022-04-21 06:00:00,6,,0.4
2022-04-21 07:00:00,7,,0.3
2022-04-21 08:00:00,8,,0.2
2022-04-21 09:00:00,9,1.9,0.2
2022-04-21 10:00:00,10,153.0,0.2
2022-04-21 11:00:00,11,640.3,0.5
2022-04-21 12:00:00,12,1341.8,1.1
2022-04-21 13:00:00,13,1978.7,0.9
2022-04-21 14:00:00,14,1952.7,1.1
2022-04-21 15:00:00,15,2362.8,2.5
2022-04-21 16:00:00,16,2194.3,4.2
2022-04-21 17:00:00,17,2513.7,2.4
2022-04-21 18:00:00,18,1848.1,1.6
2022-04-21 19:00:00,19,1723.1,2.4
2022-04-21 20:00:00,20,867.0,2.9
2022-04-21 21:00:00,21,144.5,1.0
2022-04-21 22:00:00,22,,3.6
2022-04-21 23:00:00,23,,1.6
2022-04-22 00:00:00,0,,0.6
2022-04-22 01:00:00,1,,0.4
2022-04-22 02:00:00,2,,0.5
2022-04-22 03:00:00,3,,1.1
2022-04-22 04:00:00,4,,0.4
2022-04-22 05:00:00,5,,0.3
2022-04-22 06:00:00,6,,0.3
2022-04-22 07:00:00,7,,0.2
2022-04-22 08:00:00,8,,0.7
2022-04-22 09:00:00,9,0.0,0.5
2022-04-22 10:00:00,10,203.9,0.4
2022-04-22 11:00:00,11,954.4,0.9
2022-04-22 12:00:00,12,1767.5,1.1
2022-04-22 13:00:00,13,2601.6,1.1
2022-04-22 14:00:00,14,2479.9,1.8
2022-04-22 15:00:00,15,2543.0,2.1
2022-04-22 16:00:00,16,2847.1,2.3
2022-04-22 17:00:00,17,2845.5,2.3
2022-04-22 18:00:00,18,1866.3,3.1
2022-04-22 19:00:00,19,1808.7,2.6
2022-04-22 20:00:00,20,731.8,1.9
2022-04-22 21:00:00,21,149.5,0.4
2022-04-22 22:00:00,22,,0.2
2022-04-22 23:00:00,23,,0.3
2022-04-23 00:00:00,0,,1.9
2022-04-23 01:00:00,1,,1.8
2022-04-23 02:00:00,2,,0.7
2022-04-23 03:00:00,3,,2.1
2022-04-23 04:00:00,4,,2.5
2022-04-23 05:00:00,5,,1.0
2022-04-23 06:00:00,6,,0.3
2022-04-23 07:00:00,7,,1.1
2022-04-23 08:00:00,8,,0.6
2022-04-23 09:00:00,9,0.1,0.9
2022-04-23 10:00:00,10,133.2,0.6
2022-04-23 11:00:00,11,538.2,0.9
2022-04-23 12:00:00,12,666.1,0.9
2022-04-23 13:00:00,13,1539.7,1.7
2022-04-23 14:00:00,14,2529.0,2.0
2022-04-23 15:00:00,15,2490.6,1.0
2022-04-23 16:00:00,16,2474.1,1.7
2022-04-23 17:00:00,17,1548.7,1.1
2022-04-23 18:00:00,18,794.2,1.7
2022-04-23 19:00:00,19,307.7,0.8
2022-04-23 20:00:00,20,45.3,2.5
2022-04-23 21:00:00,21,4.4,2.0
2022-04-23 22:00:00,22,,1.9
2022-04-23 23:00:00,23,,0.4
2022-04-24 00:00:00,0,,0.6
2022-04-24 01:00:00,1,,0.9
2022-04-24 02:00:00,2,,1.5
2022-04-24 03:00:00,3,,0.4
2022-04-24 04:00:00,4,0.5,2.6
2022-04-24 05:00:00,5,,1.1
2022-04-24 06:00:00,6,,1.4
2022-04-24 07:00:00,7,,0.9
2022-04-24 08:00:00,8,,1.2
2022-04-24 09:00:00,9,3.2,0.7
2022-04-24 10:00:00,10,202.8,1.6
2022-04-24 11:00:00,11,674.3,0.7
2022-04-24 12:00:00,12,1272.9,1.4
2022-04-24 13:00:00,13,2227.2,1.4
2022-04-24 14:00:00,14,2458.8,1.6
2022-04-24 15:00:00,15,2862.7,1.4
2022-04-24 16:00:00,16,2776.3,1.8
2022-04-24 17:00:00,17,2261.3,2.9
2022-04-24 18:00:00,18,2209.0,1.4
2022-04-24 19:00:00,19,1521.3,1.5
2022-04-24 20:00:00,20,981.4,0.9
2022-04-24 21:00:00,21,104.0,0.3
2022-04-24 22:00:00,22,,0.4
2022-04-24 23:00:00,23,,0.2
2022-04-25 00:00:00,0,,0.3
2022-04-25 01:00:00,1,,0.2
2022-04-25 02:00:00,2,,0.6
2022-04-25 03:00:00,3,,0.4
2022-04-25 04:00:00,4,,0.3
2022-04-25 05:00:00,5,,0.3
2022-04-25 06:00:00,6,,0.7
2022-04-25 07:00:00,7,,0.5
2022-04-25 08:00:00,8,,0.7
2022-04-25 09:00:00,9,,0.2
2022-04-25 10:00:00,10,192.2,0.4
2022-04-25 11:00:00,11,741.1,1.4
2022-04-25 12:00:00,12,1664.9,1.9
2022-04-25 13:00:00,13,2282.7,3.3
2022-04-25 14:00:00,14,2304.2,2.8
2022-04-25 15:00:00,15,2451.9,3.0
2022-04-25 16:00:00,16,2370.2,3.1
2022-04-25 17:00:00,17,2264.1,1.9
2022-04-25 18:00:00,18,2327.7,3.3
2022-04-25 19:00:00,19,1160.7,3.1
2022-04-25 20:00:00,20,954.1,2.1
2022-04-25 21:00:00,21,68.1,0.8
2022-04-25 22:00:00,22,,0.4
2022-04-25 23:00:00,23,,0.8
2022-04-26 00:00:00,0,,1.3
2022-04-26 01:00:00,1,,0.7
2022-04-26 02:00:00,2,,0.7
2022-04-26 03:00:00,3,,0.4
2022-04-26 04:00:00,4,,0.2
2022-04-26 05:00:00,5,,0.2
2022-04-26 06:00:00,6,,0.3
2022-04-26 07:00:00,7,,0.4
2022-04-26 08:00:00,8,,0.5
2022-04-26 09:00:00,9,2.0,0.6
2022-04-26 10:00:00,10,214.8,0.5
2022-04-26 11:00:00,11,1039.7,3.2
2022-04-26 12:00:00,12,1855.0,3.1
2022-04-26 13:00:00,13,2100.5,3.6
2022-04-26 14:00:00,14,2190.1,2.7
2022-04-26 15:00:00,15,2635.9,2.3
2022-04-26 16:00:00,16,2917.0,2.5
2022-04-26 17:00:00,17,2522.4,1.6
2022-04-26 18:00:00,18,1861.5,1.9
2022-04-26 19:00:00,19,1741.7,1.8
2022-04-26 20:00:00,20,942.9,2.7
2022-04-26 21:00:00,21,147.8,1.7
2022-04-26 22:00:00,22,,1.7
2022-04-26 23:00:00,23,,0.5
2022-04-27 00:00:00,0,,0.2
2022-04-27 01:00:00,1,,0.2
2022-04-27 02:00:00,2,,0.3
2022-04-27 03:00:00,3,,0.6
2022-04-27 04:00:00,4,,0.8
2022-04-27 05:00:00,5,,0.2
2022-04-27 06:00:00,6,,0.2
2022-04-27 07:00:00,7,,0.5
2022-04-27 08:00:00,8,,0.3
2022-04-27 09:00:00,9,0.7,0.4
2022-04-27 10:00:00,10,164.9,0.8
2022-04-27 11:00:00,11,713.1,3.3
2022-04-27 12:00:00,12,1597.8,0.6
2022-04-27 13:00:00,13,2132.1,2.8
2022-04-27 14:00:00,14,2782.8,2.5
2022-04-27 15:00:00,15,2796.3,3.0
2022-04-27 16:00:00,16,3024.9,2.7
2022-04-27 17:00:00,17,2105.1,3.4
2022-04-27 18:00:00,18,2370.2,2.8
2022-04-27 19:00:00,19,1783.4,3.0
2022-04-27 20:00:00,20,926.6,1.9
2022-04-27 21:00:00,21,118.3,0.6
2022-04-27 22:00:00,22,,0.3
2022-04-27 23:00:00,23,,0.1
2022-04-28 00:00:00,0,,0.4
2022-04-28 01:00:00,1,,1.2
2022-04-28 02:00:00,2,,1.0
2022-04-28 03:00:00,3,,0.5
2022-04-28 04:00:00,4,,0.4
2022-04-28 05:00:00,5,,0.3
2022-04-28 06:00:00,6,,0.3
2022-04-28 07:00:00,7,,0.2
2022-04-28 08:00:00,8,,0.2
2022-04-28 09:00:00,9,1.5,0.5
2022-04-28 10:00:00,10,184.2,0.7
2022-04-28 11:00:00,11,513.5,0.6
2022-04-28 12:00:00,12,1602.9,0.8
2022-04-28 13:00:00,13,2427.2,2.1
2022-04-28 14:00:00,14,2397.0,2.7
2022-04-28 15:00:00,15,2009.8,3.3
2022-04-28 16:00:00,16,2988.7,3.4
2022-04-28 17:00:00,17,2507.8,3.7
2022-04-28 18:00:00,18,2177.0,4.2
2022-04-28 19:00:00,19,1626.9,3.2
2022-04-28 20:00:00,20,874.9,1.8
2022-04-28 21:00:00,21,141.4,0.3
2022-04-28 22:00:00,22,,0.3
2022-04-28 23:00:00,23,,0.3
2022-04-29 00:00:00,0,,0.8
2022-04-29 01:00:00,1,1.8,6.5
2022-04-29 02:00:00,2,0.3,1.3
2022-04-29 03:00:00,3,,1.2
2022-04-29 04:00:00,4,,1.4
2022-04-29 05:00:00,5,,0.5
2022-04-29 06:00:00,6,,0.7
2022-04-29 07:00:00,7,,0.5
2022-04-29 08:00:00,8,,0.6
2022-04-29 09:00:00,9,0.6,0.8
2022-04-29 10:00:00,10,156.4,1.0
2022-04-29 11:00:00,11,1035.9,1.5
2022-04-29 12:00:00,12,1749.5,1.8
2022-04-29 13:00:00,13,1813.8,2.8
2022-04-29 14:00:00,14,2584.1,3.7
2022-04-29 15:00:00,15,2738.4,2.7
2022-04-29 16:00:00,16,3141.1,3.4
2022-04-29 17:00:00,17,2478.1,2.5
2022-04-29 18:00:00,18,2260.9,2.6
2022-04-29 19:00:00,19,1717.5,2.4
2022-04-29 20:00:00,20,608.0,0.8
2022-04-29 21:00:00,21,169.4,0.2
2022-04-29 22:00:00,22,,0.5
2022-04-29 23:00:00,23,,1.1
2022-04-30 00:00:00,0,,0.8
2022-04-30 01:00:00,1,,0.4
2022-04-30 02:00:00,2,,0.7
2022-04-30 03:00:00,3,,0.5
2022-04-30 04:00:00,4,,1.9
2022-04-30 05:00:00,5,,0.4
2022-04-30 06:00:00,6,,0.4
2022-04-30 07:00:00,7,,0.9
2022-04-30 08:00:00,8,,2.1
2022-04-30 09:00:00,9,,0.9
2022-04-30 10:00:00,10,46.2,1.0
2022-04-30 11:00:00,11,656.5,2.4
2022-04-30 12:00:00,12,1801.8,3.3
2022-04-30 13:00:00,13,2455.4,2.8
2022-04-30 14:00:00,14,2736.6,4.2
2022-04-30 15:00:00,15,3252.4,3.8
2022-04-30 16:00:00,16,2326.9,2.9
2022-04-30 17:00:00,17,2268.9,2.5
2022-04-30 18:00:00,18,2661.2,3.3
2022-04-30 19:00:00,19,1552.9,3.2
2022-04-30 20:00:00,20,874.0,2.7
2022-04-30 21:00:00,21,86.5,1.5
2022-04-30 22:00:00,22,,0.7
2022-04-30 23:00:00,23,,0.7
2022-05-01 00:00:00,0,,0.3
2022-05-01 01:00:00,1,,0.2
2022-05-01 02:00:00,2,,0.4
2022-05-01 03:00:00,3,,0.2
2022-05-01 04:00:00,4,,0.2
2022-05-01 05:00:00,5,,0.3
2022-05-01 06:00:00,6,,0.2
2022-05-01 07:00:00,7,,0.6
2022-05-01 08:00:00,8,,0.4
2022-05-01 09:00:00,9,1.5,0.5
2022-05-01 10:00:00,10,211.3,0.8
2022-05-01 11:00:00,11,690.7,1.4
2022-05-01 12:00:00,12,1495.9,1.0
2022-05-01 13:00:00,13,1944.8,3.3
2022-05-01 14:00:00,14,2828.1,3.4
2022-05-01 15:00:00,15,2988.5,3.0
2022-05-01 16:00:00,16,2468.5,2.7
2022-05-01 17:00:00,17,2508.5,2.8
2022-05-01 18:00:00,18,1811.4,1.7
2022-05-01 19:00:00,19,1517.9,2.1
2022-05-01 20:00:00,20,598.3,2.0
2022-05-01 21:00:00,21,167.5,0.6
2022-05-01 22:00:00,22,,0.3
2022-05-01 23:00:00,23,,0.1
2022-05-02 00:00:00,0,,0.4
2022-05-02 01:00:00,1,,0.1
2022-05-02 02:00:00,2,,0.1
2022-05-02 03:00:00,3,,0.2
2022-05-02 04:00:00,4,,0.2
2022-05-02 05:00:00,5,,0.2
2022-05-02 06:00:00,6,,0.8
2022-05-02 07:00:00,7,,0.3
2022-05-02 08:00:00,8,,0.3
2022-05-02 09:00:00,9,1.5,0.5
2022-05-02 10:00:00,10,169.5,0.2
2022-05-02 11:00:00,11,975.2,1.1
2022-05-02 12:00:00,12,1666.1,1.4
2022-05-02 13:00:00,13,2396.5,2.5
2022-05-02 14:00:00,14,2640.2,3.0
2022-05-02 15:00:00,15,1729.9,3.3
2022-05-02 16:00:00,16,2640.4,3.7
2022-05-02 17:00:00,17,2541.1,2.5
2022-05-02 18:00:00,18,1693.1,2.0
2022-05-02 19:00:00,19,1677.3,2.4
2022-05-02 20:00:00,20,983.4,1.6
2022-05-02 21:00:00,21,108.0,0.2
2022-05-02 22:00:00,22,,0.3
2022-05-02 23:00:00,23,,0.6
2022-05-03 00:00:00,0,,1.4
2022-05-03 01:00:00,1,,1.9
2022-05-03 02:00:00,2,,0.3
2022-05-03 03:00:00,3,,0.7
2022-05-03 04:00:00,4,,0.8
2022-05-03 05:00:00,5,,0.6
2022-05-03 06:00:00,6,,0.9
2022-05-03 07:00:00,7,,0.4
2022-05-03 08:00:00,8,,0.5
2022-05-03 09:00:00,9,0.3,0.4
2022-05-03 10:00:00,10,186.3,0.7
2022-05-03 11:00:00,11,936.3,1.0
2022-05-03 12:00:00,12,1767.5,2.7
2022-05-03 13:00:00,13,1901.6,2.2
2022-05-03 14:00:00,14,2463.6,3.2
2022-05-03 15:00:00,15,3051.2,1.7
2022-05-03 16:00:00,16,1972.7,2.6
2022-05-03 17:00:00,17,1254.3,1.8
2022-05-03 18:00:00,18,547.7,1.3
2022-05-03 19:00:00,19,626.4,0.7
2022-05-03 20:00:00,20,312.6,0.7
2022-05-03 21:00:00,21,50.1,0.2
2022-05-03 22:00:00,22,,0.4
2022-05-03 23:00:00,23,,0.3
2022-05-04 00:00:00,0,,0.7
2022-05-04 01:00:00,1,,1.3
2022-05-04 02:00:00,2,,1.0
2022-05-04 03:00:00,3,,0.5
2022-05-04 04:00:00,4,,0.7
2022-05-04 05:00:00,5,,0.8
2022-05-04 06:00:00,6,,0.7
2022-05-04 07:00:00,7,,0.7
2022-05-04 08:00:00,8,,0.6
2022-05-04 09:00:00,9,0.5,0.5
2022-05-04 10:00:00,10,161.6,0.8
2022-05-04 11:00:00,11,965.6,0.8
2022-05-04 12:00:00,12,1585.4,1.4
2022-05-04 13:00:00,13,1749.7,1.0
2022-05-04 14:00:00,14,1502.2,1.5
2022-05-04 15:00:00,15,1727.1,3.1
2022-05-04 16:00:00,16,2610.4,2.9
2022-05-04 17:00:00,17,1077.5,2.8
2022-05-04 18:00:00,18,438.3,0.6
2022-05-04 19:00:00,19,411.7,0.7
2022-05-04 20:00:00,20,307.9,0.8
2022-05-04 21:00:00,21,59.5,0.4
2022-05-04 22:00:00,22,,0.2
2022-05-04 23:00:00,23,,0.7
2022-05-05 00:00:00,0,,0.8
2022-05-05 01:00:00,1,,0.4
2022-05-05 02:00:00,2,,0.3
2022-05-05 03:00:00,3,,0.4
2022-05-05 04:00:00,4,,0.2
2022-05-05 05:00:00,5,,0.7
2022-05-05 06:00:00,6,,0.3
2022-05-05 07:00:00,7,,0.6
2022-05-05 08:00:00,8,,0.2
2022-05-05 09:00:00,9,0.7,0.3
2022-05-05 10:00:00,10,148.5,0.5
2022-05-05 11:00:00,11,966.3,0.5
2022-05-05 12:00:00,12,1709.0,0.7
2022-05-05 13:00:00,13,2025.6,1.9
2022-05-05 14:00:00,14,2159.8,1.4
2022-05-05 15:00:00,15,1805.4,1.7
2022-05-05 16:00:00,16,2702.6,1.4
2022-05-05 17:00:00,17,2465.5,3.1
2022-05-05 18:00:00,18,1013.5,2.0
2022-05-05 19:00:00,19,1326.3,2.3
2022-05-05 20:00:00,20,494.8,0.4
2022-05-05 21:00:00,21,51.8,0.2
2022-05-05 22:00:00,22,,1.0
2022-05-05 23:00:00,23,,0.4
2022-05-06 00:00:00,0,,0.4
2022-05-06 01:00:00,1,,0.3
2022-05-06 02:00:00,2,,0.4
2022-05-06 03:00:00,3,,0.1
2022-05-06 04:00:00,4,,0.2
2022-05-06 05:00:00,5,,0.4
2022-05-06 06:00:00,6,,0.3
2022-05-06 07:00:00,7,,0.3
2022-05-06 08:00:00,8,,0.4
2022-05-06 09:00:00,9,1.0,0.5
2022-05-06 10:00:00,10,137.9,0.6
2022-05-06 11:00:00,11,702.6,1.3
2022-05-06 12:00:00,12,1733.4,1.5
2022-05-06 13:00:00,13,2392.1,3.0
2022-05-06 14:00:00,14,2697.8,4.0
2022-05-06 15:00:00,15,2929.7,2.0
2022-05-06 16:00:00,16,2222.9,2.3
2022-05-06 17:00:00,17,2351.5,2.4
2022-05-06 18:00:00,18,1189.7,0.6
2022-05-06 19:00:00,19,344.1,0.4
2022-05-06 20:00:00,20,187.3,0.9
2022-05-06 21:00:00,21,30.9,0.6
2022-05-06 22:00:00,22,,0.6
2022-05-06 23:00:00,23,,0.9
2022-05-07 00:00:00,0,,0.4
2022-05-07 01:00:00,1,,1.2
2022-05-07 02:00:00,2,,1.1
2022-05-07 03:00:00,3,,0.4
2022-05-07 04:00:00,4,,0.3
2022-05-07 05:00:00,5,,0.5
2022-05-07 06:00:00,6,,0.3
2022-05-07 07:00:00,7,,0.3
2022-05-07 08:00:00,8,,0.3
2022-05-07 09:00:00,9,0.7,0.2
2022-05-07 10:00:00,10,196.5,1.4
2022-05-07 11:00:00,11,672.8,1.1
2022-05-07 12:00:00,12,1730.2,1.3
2022-05-07 13:00:00,13,2022.7,2.2
2022-05-07 14:00:00,14,2185.0,2.5
2022-05-07 15:00:00,15,2091.8,3.6
2022-05-07 16:00:00,16,2694.6,3.6
2022-05-07 17:00:00,17,2680.9,2.4
2022-05-07 18:00:00,18,2287.8,2.6
2022-05-07 19:00:00,19,1409.2,2.1
2022-05-07 20:00:00,20,334.5,1.1
2022-05-07 21:00:00,21,14.5,0.8
2022-05-07 22:00:00,22,,0.6
2022-05-07 23:00:00,23,,0.5
2022-05-08 00:00:00,0,,0.6
2022-05-08 01:00:00,1,,0.4
2022-05-08 02:00:00,2,,0.1
2022-05-08 03:00:00,3,,0.2
2022-05-08 04:00:00,4,,0.4
2022-05-08 05:00:00,5,,0.9
2022-05-08 06:00:00,6,,0.7
2022-05-08 07:00:00,7,,0.5
2022-05-08 08:00:00,8,,0.3
2022-05-08 09:00:00,9,1.5,1.1
2022-05-08 10:00:00,10,275.0,1.1
2022-05-08 11:00:00,11,786.8,1.2
2022-05-08 12:00:00,12,1375.3,1.6
2022-05-08 13:00:00,13,1793.3,2.6
2022-05-08 14:00:00,14,1937.8,2.6
2022-05-08 15:00:00,15,1646.6,1.9
2022-05-08 16:00:00,16,2747.3,2.7
2022-05-08 17:00:00,17,1807.4,4.3
2022-05-08 18:00:00,18,2019.2,3.1
2022-05-08 19:00:00,19,1225.7,3.1
2022-05-08 20:00:00,20,605.0,1.1
2022-05-08 21:00:00,21,62.8,1.0
2022-05-08 22:00:00,22,,0.6
2022-05-08 23:00:00,23,,0.7
2022-05-09 00:00:00,0,,1.2
2022-05-09 01:00:00,1,,1.0
2022-05-09 02:00:00,2,,1.5
2022-05-09 03:00:00,3,,1.6
2022-05-09 04:00:00,4,,1.7
2022-05-09 05:00:00,5,,0.1
2022-05-09 06:00:00,6,,1.5
2022-05-09 07:00:00,7,,1.3
2022-05-09 08:00:00,8,,0.7
2022-05-09 09:00:00,9,,0.7
2022-05-09 10:00:00,10,208.3,0.4
2022-05-09 11:00:00,11,651.5,0.5
2022-05-09 12:00:00,12,989.2,0.7
2022-05-09 13:00:00,13,1187.1,0.9
2022-05-09 14:00:00,14,1230.4,1.0
2022-05-09 15:00:00,15,688.8,2.8
2022-05-09 16:00:00,16,1439.7,2.5
2022-05-09 17:00:00,17,1294.3,0.9
2022-05-09 18:00:00,18,757.2,0.6
2022-05-09 19:00:00,19,400.1,0.7
2022-05-09 20:00:00,20,210.8,1.0
2022-05-09 21:00:00,21,42.3,0.8
2022-05-09 22:00:00,22,,1.0
2022-05-09 23:00:00,23,,0.8
2022-05-10 00:00:00,0,,1.0
2022-05-10 01:00:00,1,,0.5
2022-05-10 02:00:00,2,,0.1
2022-05-10 03:00:00,3,,1.1
2022-05-10 04:00:00,4,,0.7
2022-05-10 05:00:00,5,0.1,1.2
2022-05-10 06:00:00,6,,1.2
2022-05-10 07:00:00,7,,0.5
2022-05-10 08:00:00,8,,0.6
2022-05-10 09:00:00,9,,0.2
2022-05-10 10:00:00,10,84.8,1.1
2022-05-10 11:00:00,11,276.3,0.7
2022-05-10 12:00:00,12,850.6,0.9
2022-05-10 13:00:00,13,1382.2,0.6
2022-05-10 14:00:00,14,2344.5,1.9
2022-05-10 15:00:00,15,2608.7,1.7
2022-05-10 16:00:00,16,2251.3,2.0
2022-05-10 17:00:00,17,1905.8,2.0
2022-05-10 18:00:00,18,1671.2,1.9
2022-05-10 19:00:00,19,1246.0,0.8
2022-05-10 20:00:00,20,738.1,1.1
2022-05-10 21:00:00,21,89.4,0.9
2022-05-10 22:00:00,22,,0.6
2022-05-10 23:00:00,23,,0.2
2022-05-11 00:00:00,0,,0.3
2022-05-11 01:00:00,1,,0.5
2022-05-11 02:00:00,2,,0.2
2022-05-11 03:00:00,3,,0.1
2022-05-11 04:00:00,4,,0.5
2022-05-11 05:00:00,5,,0.7
2022-05-11 06:00:00,6,,0.8
2022-05-11 07:00:00,7,,0.5
2022-05-11 08:00:00,8,,1.7
2022-05-11 09:00:00,9,2.2,0.9
2022-05-11 10:00:00,10,86.2,1.0
2022-05-11 11:00:00,11,187.5,0.8
2022-05-11 12:00:00,12,445.7,0.5
2022-05-11 13:00:00,13,827.9,2.3
2022-05-11 14:00:00,14,1115.0,1.0
2022-05-11 15:00:00,15,1569.6,1.1
2022-05-11 16:00:00,16,2147.3,1.5
2022-05-11 17:00:00,17,2807.0,1.5
2022-05-11 18:00:00,18,2424.1,2.1
2022-05-11 19:00:00,19,814.9,1.6
2022-05-11 20:00:00,20,742.9,3.0
2022-05-11 21:00:00,21,87.7,0.4
2022-05-11 22:00:00,22,,0.4
2022-05-11 23:00:00,23,,0.3
2022-05-12 00:00:00,0,,1.0
2022-05-12 01:00:00,1,,0.5
2022-05-12 02:00:00,2,,0.3
2022-05-12 03:00:00,3,,1.3
2022-05-12 04:00:00,4,,1.0
2022-05-12 05:00:00,5,,0.6
2022-05-12 06:00:00,6,,0.7
2022-05-12 07:00:00,7,,0.6
2022-05-12 08:00:00,8,,0.6
2022-05-12 09:00:00,9,0.9,0.3
2022-05-12 10:00:00,10,151.2,1.0
2022-05-12 11:00:00,11,861.2,0.9
2022-05-12 12:00:00,12,1539.8,1.1
2022-05-12 13:00:00,13,2302.9,1.4
2022-05-12 14:00:00,14,2294.8,1.5
2022-05-12 15:00:00,15,2207.2,1.8
2022-05-12 16:00:00,16,1999.8,1.8
2022-05-12 17:00:00,17,2606.1,2.4
2022-05-12 18:00:00,18,1961.8,1.5
2022-05-12 19:00:00,19,1387.1,1.2
2022-05-12 20:00:00,20,850.2,0.6
2022-05-12 21:00:00,21,80.2,0.2
2022-05-12 22:00:00,22,,0.1
2022-05-12 23:00:00,23,,1.9
2022-05-13 00:00:00,0,,1.3
2022-05-13 01:00:00,1,,1.0
2022-05-13 02:00:00,2,,1.0
2022-05-13 03:00:00,3,,0.8
2022-05-13 04:00:00,4,,1.0
2022-05-13 05:00:00,5,,1.1
2022-05-13 06:00:00,6,,0.8
2022-05-13 07:00:00,7,,1.3
2022-05-13 08:00:00,8,,0.5
2022-05-13 09:00:00,9,1.3,0.5
2022-05-13 10:00:00,10,118.9,1.0
2022-05-13 11:00:00,11,689.6,0.8
2022-05-13 12:00:00,12,1402.3,1.2
2022-05-13 13:00:00,13,1596.7,0.6
2022-05-13 14:00:00,14,2834.5,1.3
2022-05-13 15:00:00,15,3077.4,1.7
2022-05-13 16:00:00,16,2414.3,2.0
2022-05-13 17:00:00,17,2637.3,1.7
2022-05-13 18:00:00,18,1685.5,1.5
2022-05-13 19:00:00,19,1315.9,2.2
2022-05-13 20:00:00,20,424.5,1.5
2022-05-13 21:00:00,21,108.1,1.4
2022-05-13 22:00:00,22,,0.7
2022-05-13 23:00:00,23,,0.8
2022-05-14 00:00:00,0,,1.1
2022-05-14 01:00:00,1,,0.8
2022-05-14 02:00:00,2,,1.7
2022-05-14 03:00:00,3,,0.9
2022-05-14 04:00:00,4,,0.7
2022-05-14 05:00:00,5,,0.1
2022-05-14 06:00:00,6,,0.4
2022-05-14 07:00:00,7,,0.3
2022-05-14 08:00:00,8,,0.2
2022-05-14 09:00:00,9,0.4,0.2
2022-05-14 10:00:00,10,155.9,1.4
2022-05-14 11:00:00,11,828.6,2.0
2022-05-14 12:00:00,12,1562.6,2.6
2022-05-14 13:00:00,13,2399.6,3.4
2022-05-14 14:00:00,14,2867.8,2.7
2022-05-14 15:00:00,15,2689.6,1.4
2022-05-14 16:00:00,16,2668.4,2.4
2022-05-14 17:00:00,17,2484.9,3.4
2022-05-14 18:00:00,18,1661.3,3.0
2022-05-14 19:00:00,19,1545.1,2.1
2022-05-14 20:00:00,20,877.2,0.8
2022-05-14 21:00:00,21,115.2,0.4
2022-05-14 22:00:00,22,1.0,5.1
2022-05-14 23:00:00,23,,0.6
2022-05-15 00:00:00,0,,0.3
2022-05-15 01:00:00,1,,0.4
2022-05-15 02:00:00,2,,0.3
2022-05-15 03:00:00,3,,0.5
2022-05-15 04:00:00,4,,0.3
2022-05-15 05:00:00,5,,0.3
2022-05-15 06:00:00,6,,0.3
2022-05-15 07:00:00,7,,0.3
2022-05-15 08:00:00,8,,0.1
2022-05-15 09:00:00,9,1.0,0.2
2022-05-15 10:00:00,10,149.3,0.4
2022-05-15 11:00:00,11,541.6,0.8
2022-05-15 12:00:00,12,1112.2,2.4
2022-05-15 13:00:00,13,2166.2,2.2
2022-05-15 14:00:00,14,1898.8,1.7
2022-05-15 15:00:00,15,1448.9,2.3
2022-05-15 16:00:00,16,2458.5,1.1
2022-05-15 17:00:00,17,1387.6,1.9
2022-05-15 18:00:00,18,1695.7,3.8
2022-05-15 19:00:00,19,1674.4,2.7
2022-05-15 20:00:00,20,670.3,2.8
2022-05-15 21:00:00,21,88.0,1.1
2022-05-15 22:00:00,22,,0.4
2022-05-15 23:00:00,23,,0.4
2022-05-16 00:00:00,0,,0.3
2022-05-16 01:00:00,1,,0.3
2022-05-16 02:00:00,2,,0.3
2022-05-16 03:00:00,3,,0.2
2022-05-16 04:00:00,4,,0.5
2022-05-16 05:00:00,5,,0.2
2022-05-16 06:00:00,6,,0.1
2022-05-16 07:00:00,7,,0.7
2022-05-16 08:00:00,8,,0.4
2022-05-16 09:00:00,9,,0.2
2022-05-16 10:00:00,10,146.5,0.2
2022-05-16 11:00:00,11,798.6,0.7
2022-05-16 12:00:00,12,1594.9,1.7
2022-05-16 13:00:00,13,2344.3,2.6
2022-05-16 14:00:00,14,2471.7,2.1
2022-05-16 15:00:00,15,2454.4,2.4
2022-05-16 16:00:00,16,2204.9,2.1
2022-05-16 17:00:00,17,1869.5,2.3
2022-05-16 18:00:00,18,1712.6,1.6
2022-05-16 19:00:00,19,608.9,0.7
2022-05-16 20:00:00,20,243.5,0.7
2022-05-16 21:00:00,21,30.6,0.4
2022-05-16 22:00:00,22,,1.4
2022-05-16 23:00:00,23,,0.2
2022-05-17 00:00:00,0,,0.1
2022-05-17 01:00:00,1,,0.3
2022-05-17 02:00:00,2,,0.2
2022-05-17 03:00:00,3,,0.3
2022-05-17 04:00:00,4,,0.4
2022-05-17 05:00:00,5,,0.5
2022-05-17 06:00:00,6,,0.2
2022-05-17 07:00:00,7,,0.5
2022-05-17 08:00:00,8,,0.4
2022-05-17 09:00:00,9,,0.4
2022-05-17 10:00:00,10,124.8,0.3
2022-05-17 11:00:00,11,922.2,0.9
2022-05-17 12:00:00,12,1671.8,1.3
2022-05-17 13:00:00,13,2263.4,1.7
2022-05-17 14:00:00,14,2656.3,2.6
2022-05-17 15:00:00,15,2361.7,3.1
2022-05-17 16:00:00,16,2809.7,2.3
2022-05-17 17:00:00,17,2307.4,2.1
2022-05-17 18:00:00,18,1169.5,1.0
2022-05-17 19:00:00,19,758.8,1.3
2022-05-17 20:00:00,20,371.4,1.3
2022-05-17 21:00:00,21,88.9,0.4
2022-05-17 22:00:00,22,,0.2
2022-05-17 23:00:00,23,,0.1
2022-05-18 00:00:00,0,,0.3
2022-05-18 01:00:00,1,,0.2
2022-05-18 02:00:00,2,,0.3
2022-05-18 03:00:00,3,,0.2
2022-05-18 04:00:00,4,,0.4
2022-05-18 05:00:00,5,,0.5
2022-05-18 06:00:00,6,,0.2
2022-05-18 07:00:00,7,,0.2
2022-05-18 08:00:00,8,,0.3
2022-05-18 09:00:00,9,0.6,0.3
2022-05-18 10:00:00,10,178.7,0.5
2022-05-18 11:00:00,11,828.8,0.7
2022-05-18 12:00:00,12,1449.0,0.9
2022-05-18 13:00:00,13,2289.2,1.3
2022-05-18 14:00:00,14,2253.4,1.6
2022-05-18 15:00:00,15,2164.3,1.2
2022-05-18 16:00:00,16,2212.4,1.8
2022-05-18 17:00:00,17,2751.4,1.4
2022-05-18 18:00:00,18,2100.7,1.0
2022-05-18 19:00:00,19,1416.9,1.1
2022-05-18 20:00:00,20,879.9,0.8
2022-05-18 21:00:00,21,103.5,0.3
2022-05-18 22:00:00,22,,0.4
2022-05-18 23:00:00,23,,0.3
2022-05-19 00:00:00,0,,0.1
2022-05-19 01:00:00,1,,0.4
2022-05-19 02:00:00,2,,0.2
2022-05-19 03:00:00,3,,0.7
2022-05-19 04:00:00,4,,0.8
2022-05-19 05:00:00,5,,0.6
2022-05-19 06:00:00,6,,0.8
2022-05-19 07:00:00,7,,0.9
2022-05-19 08:00:00,8,,0.4
2022-05-19 09:00:00,9,0.8,0.9
2022-05-19 10:00:00,10,114.0,1.2
2022-05-19 11:00:00,11,253.0,1.4
2022-05-19 12:00:00,12,265.5,1.7
2022-05-19 13:00:00,13,359.1,1.9
2022-05-19 14:00:00,14,852.3,0.7
2022-05-19 15:00:00,15,982.4,1.2
2022-05-19 16:00:00,16,619.9,2.3
2022-05-19 17:00:00,17,587.2,0.9
2022-05-19 18:00:00,18,469.2,1.0
2022-05-19 19:00:00,19,278.7,1.1
2022-05-19 20:00:00,20,156.7,1.5
2022-05-19 21:00:00,21,40.9,0.4
2022-05-19 22:00:00,22,,0.5
2022-05-19 23:00:00,23,,1.0
2022-05-20 00:00:00,0,,1.0
2022-05-20 01:00:00,1,,1.1
2022-05-20 02:00:00,2,,0.4
2022-05-20 03:00:00,3,,0.8
2022-05-20 04:00:00,4,,0.5
2022-05-20 05:00:00,5,,0.3
2022-05-20 06:00:00,6,,1.1
2022-05-20 07:00:00,7,,0.7
2022-05-20 08:00:00,8,,0.2
2022-05-20 09:00:00,9,0.1,0.3
2022-05-20 10:00:00,10,51.3,0.8
2022-05-20 11:00:00,11,296.7,0.8
2022-05-20 12:00:00,12,805.6,1.5
2022-05-20 13:00:00,13,1427.5,2.4
2022-05-20 14:00:00,14,1299.9,2.0
2022-05-20 15:00:00,15,2031.5,2.2
2022-05-20 16:00:00,16,1746.6,1.1
2022-05-20 17:00:00,17,958.7,1.6
2022-05-20 18:00:00,18,1142.2,2.0
2022-05-20 19:00:00,19,1664.4,2.5
2022-05-20 20:00:00,20,439.8,1.4
2022-05-20 21:00:00,21,80.9,0.6
2022-05-20 22:00:00,22,,0.8
2022-05-20 23:00:00,23,,1.7
2022-05-21 00:00:00,0,,2.2
2022-05-21 01:00:00,1,,1.2
2022-05-21 02:00:00,2,,0.5
2022-05-21 03:00:00,3,,1.1
2022-05-21 04:00:00,4,,0.4
2022-05-21 05:00:00,5,,0.4
2022-05-21 06:00:00,6,,1.1
2022-05-21 07:00:00,7,,0.6
2022-05-21 08:00:00,8,,0.6
2022-05-21 09:00:00,9,1.2,0.5
2022-05-21 10:00:00,10,67.1,0.5
2022-05-21 11:00:00,11,352.5,0.5
2022-05-21 12:00:00,12,1152.8,0.7
2022-05-21 13:00:00,13,1492.3,1.1
2022-05-21 14:00:00,14,1934.3,2.0
2022-05-21 15:00:00,15,2336.1,1.7
2022-05-21 16:00:00,16,2227.8,2.7
2022-05-21 17:00:00,17,2494.2,2.6
2022-05-21 18:00:00,18,1415.2,1.9
2022-05-21 19:00:00,19,1036.2,2.4
2022-05-21 20:00:00,20,780.0,2.2
2022-05-21 21:00:00,21,125.3,1.1
2022-05-21 22:00:00,22,,0.7
2022-05-21 23:00:00,23,,0.3
2022-05-22 00:00:00,0,,0.6
2022-05-22 01:00:00,1,,0.5
2022-05-22 02:00:00,2,,0.7
2022-05-22 03:00:00,3,,1.1
2022-05-22 04:00:00,4,,1.5
2022-05-22 05:00:00,5,,0.5
2022-05-22 06:00:00,6,,0.6
2022-05-22 07:00:00,7,,1.5
2022-05-22 08:00:00,8,,0.3
2022-05-22 09:00:00,9,0.8,0.4
2022-05-22 10:00:00,10,116.1,0.3
2022-05-22 11:00:00,11,586.7,0.5
2022-05-22 12:00:00,12,1395.6,2.1
2022-05-22 13:00:00,13,1986.9,3.1
2022-05-22 14:00:00,14,2675.5,3.4
2022-05-22 15:00:00,15,2363.8,2.6
2022-05-22 16:00:00,16,2841.0,2.8
2022-05-22 17:00:00,17,1666.8,2.3
2022-05-22 18:00:00,18,2172.4,3.1
2022-05-22 19:00:00,19,1384.8,1.2
2022-05-22 20:00:00,20,852.4,1.8
2022-05-22 21:00:00,21,104.7,0.3
2022-05-22 22:00:00,22,,2.3
2022-05-22 23:00:00,23,,0.6
2022-05-23 00:00:00,0,,0.6
2022-05-23 01:00:00,1,,0.8
2022-05-23 02:00:00,2,,0.4
2022-05-23 03:00:00,3,,1.7
2022-05-23 04:00:00,4,,0.5
2022-05-23 05:00:00,5,,0.3
2022-05-23 06:00:00,6,,0.3
2022-05-23 07:00:00,7,,0.6
2022-05-23 08:00:00,8,,0.5
2022-05-23 09:00:00,9,0.6,0.3
2022-05-23 10:00:00,10,196.1,0.3
2022-05-23 11:00:00,11,804.0,0.7
2022-05-23 12:00:00,12,1055.9,1.1
2022-05-23 13:00:00,13,1538.1,1.7
2022-05-23 14:00:00,14,2548.1,2.6
2022-05-23 15:00:00,15,2750.4,2.4
2022-05-23 16:00:00,16,2796.0,3.3
2022-05-23 17:00:00,17,2591.7,3.0
2022-05-23 18:00:00,18,2234.7,3.0
2022-05-23 19:00:00,19,1517.1,2.7
2022-05-23 20:00:00,20,864.7,1.9
2022-05-23 21:00:00,21,115.4,0.7
2022-05-23 22:00:00,22,,0.1
2022-05-23 23:00:00,23,,0.2
2022-05-24 00:00:00,0,,0.2
2022-05-24 01:00:00,1,,0.2
2022-05-24 02:00:00,2,,0.2
2022-05-24 03:00:00,3,,0.2
2022-05-24 04:00:00,4,,0.7
2022-05-24 05:00:00,5,,0.8
2022-05-24 06:00:00,6,,0.3
2022-05-24 07:00:00,7,,0.4
2022-05-24 08:00:00,8,,1.6
2022-05-24 09:00:00,9,,0.2
2022-05-24 10:00:00,10,159.5,0.4
2022-05-24 11:00:00,11,557.4,1.0
2022-05-24 12:00:00,12,1641.5,2.6
2022-05-24 13:00:00,13,2077.4,4.3
2022-05-24 14:00:00,14,2837.7,3.5
2022-05-24 15:00:00,15,2983.5,2.7
2022-05-24 16:00:00,16,2924.9,3.2
2022-05-24 17:00:00,17,2172.8,2.9
2022-05-24 18:00:00,18,2218.1,2.1
2022-05-24 19:00:00,19,1544.5,3.0
2022-05-24 20:00:00,20,879.0,1.4
2022-05-24 21:00:00,21,106.8,0.3
2022-05-24 22:00:00,22,,0.3
2022-05-24 23:00:00,23,,0.2
2022-05-25 00:00:00,0,,0.2
2022-05-25 01:00:00,1,,0.3
2022-05-25 02:00:00,2,,0.3
2022-05-25 03:00:00,3,,0.3
2022-05-25 04:00:00,4,,0.2
2022-05-25 05:00:00,5,,0.5
2022-05-25 06:00:00,6,,0.5
2022-05-25 07:00:00,7,,1.0
2022-05-25 08:00:00,8,,0.9
2022-05-25 09:00:00,9,,0.1
2022-05-25 10:00:00,10,104.4,0.2
2022-05-25 11:00:00,11,768.0,1.7
2022-05-25 12:00:00,12,1334.1,2.1
2022-05-25 13:00:00,13,2147.8,3.0
2022-05-25 14:00:00,14,2697.8,4.5
2022-05-25 15:00:00,15,2989.7,5.4
2022-05-25 16:00:00,16,2951.0,4.4
2022-05-25 17:00:00,17,2513.6,4.7
2022-05-25 18:00:00,18,1665.8,3.7
2022-05-25 19:00:00,19,1670.2,3.6
2022-05-25 20:00:00,20,862.9,2.4
2022-05-25 21:00:00,21,99.0,0.9
2022-05-25 22:00:00,22,,0.3
2022-05-25 23:00:00,23,,0.2
2022-05-26 00:00:00,0,,0.4
2022-05-26 01:00:00,1,,0.3
2022-05-26 02:00:00,2,,0.2
2022-05-26 03:00:00,3,,0.1
2022-05-26 04:00:00,4,,0.1
2022-05-26 05:00:00,5,,0.3
2022-05-26 06:00:00,6,,0.2
2022-05-26 07:00:00,7,,0.4
2022-05-26 08:00:00,8,,0.6
2022-05-26 09:00:00,9,,0.4
2022-05-26 10:00:00,10,86.8,1.3
2022-05-26 11:00:00,11,853.5,3.6
2022-05-26 12:00:00,12,1305.7,4.7
2022-05-26 13:00:00,13,1861.2,3.7
2022-05-26 14:00:00,14,2585.3,4.1
2022-05-26 15:00:00,15,2633.2,2.8
2022-05-26 16:00:00,16,2381.5,3.2
2022-05-26 17:00:00,17,1990.2,3.2
2022-05-26 18:00:00,18,1471.7,2.7
2022-05-26 19:00:00,19,1230.7,2.8
2022-05-26 20:00:00,20,816.1,2.2
2022-05-26 21:00:00,21,105.2,0.5
2022-05-26 22:00:00,22,,0.4
2022-05-26 23:00:00,23,,0.9
2022-05-27 00:00:00,0,,0.2
2022-05-27 01:00:00,1,,0.3
2022-05-27 02:00:00,2,,4.3
2022-05-27 03:00:00,3,,1.1
2022-05-27 04:00:00,4,,1.4
2022-05-27 05:00:00,5,,2.1
2022-05-27 06:00:00,6,,1.9
2022-05-27 07:00:00,7,,1.4
2022-05-27 08:00:00,8,,1.3
2022-05-27 09:00:00,9,,0.7
2022-05-27 10:00:00,10,92.9,1.7
2022-05-27 11:00:00,11,879.8,3.8
2022-05-27 12:00:00,12,1653.6,3.8
2022-05-27 13:00:00,13,2396.0,3.7
2022-05-27 14:00:00,14,2226.0,4.1
2022-05-27 15:00:00,15,2283.6,4.0
2022-05-27 16:00:00,16,2660.6,3.7
2022-05-27 17:00:00,17,2020.8,3.7
2022-05-27 18:00:00,18,1924.5,3.6
2022-05-27 19:00:00,19,1563.0,2.7
2022-05-27 20:00:00,20,901.6,2.8
2022-05-27 21:00:00,21,125.2,1.0
2022-05-27 22:00:00,22,,1.0
2022-05-27 23:00:00,23,,0.5
2022-05-28 00:00:00,0,,0.3
2022-05-28 01:00:00,1,,0.2
2022-05-28 02:00:00,2,,0.4
2022-05-28 03:00:00,3,,0.4
2022-05-28 04:00:00,4,,0.2
2022-05-28 05:00:00,5,,0.1
2022-05-28 06:00:00,6,,0.2
2022-05-28 07:00:00,7,,0.4
2022-05-28 08:00:00,8,,0.2
2022-05-28 09:00:00,9,0.8,0.7
2022-05-28 10:00:00,10,168.3,2.0
2022-05-28 11:00:00,11,869.1,3.3
2022-05-28 12:00:00,12,1681.0,4.7
2022-05-28 13:00:00,13,1999.9,5.6
2022-05-28 14:00:00,14,2116.1,4.5
2022-05-28 15:00:00,15,2085.2,3.6
2022-05-28 16:00:00,16,2370.5,3.6
2022-05-28 17:00:00,17,3046.9,3.7
2022-05-28 18:00:00,18,2341.5,4.6
2022-05-28 19:00:00,19,1599.0,3.5
2022-05-28 20:00:00,20,612.5,2.3
2022-05-28 21:00:00,21,53.0,1.1
2022-05-28 22:00:00,22,,0.8
2022-05-28 23:00:00,23,,0.3
2022-05-29 00:00:00,0,,0.5
2022-05-29 01:00:00,1,,0.2
2022-05-29 02:00:00,2,,0.2
2022-05-29 03:00:00,3,,0.3
2022-05-29 04:00:00,4,,0.7
2022-05-29 05:00:00,5,,0.4
2022-05-29 06:00:00,6,,0.4
2022-05-29 07:00:00,7,,1.0
2022-05-29 08:00:00,8,,0.5
2022-05-29 09:00:00,9,0.4,0.9
2022-05-29 10:00:00,10,163.1,0.3
2022-05-29 11:00:00,11,1017.7,2.8
2022-05-29 12:00:00,12,1173.6,2.1
2022-05-29 13:00:00,13,2091.6,4.0
2022-05-29 14:00:00,14,2768.5,3.2
2022-05-29 15:00:00,15,2947.8,2.2
2022-05-29 16:00:00,16,2334.1,2.1
2022-05-29 17:00:00,17,1490.3,2.6
2022-05-29 18:00:00,18,1671.4,2.0
2022-05-29 19:00:00,19,1043.6,1.6
2022-05-29 20:00:00,20,712.3,1.6
2022-05-29 21:00:00,21,116.4,0.8
2022-05-29 22:00:00,22,,0.8
2022-05-29 23:00:00,23,,0.4
2022-05-30 00:00:00,0,,0.4
2022-05-30 01:00:00,1,,0.3
2022-05-30 02:00:00,2,,0.4
2022-05-30 03:00:00,3,,0.2
2022-05-30 04:00:00,4,,0.5
2022-05-30 05:00:00,5,,0.7
2022-05-30 06:00:00,6,,0.2
2022-05-30 07:00:00,7,,0.2
2022-05-30 08:00:00,8,,0.6
2022-05-30 09:00:00,9,,0.3
2022-05-30 10:00:00,10,126.1,0.2
2022-05-30 11:00:00,11,876.6,0.4
2022-05-30 12:00:00,12,1683.5,0.9
2022-05-30 13:00:00,13,1896.6,1.3
2022-05-30 14:00:00,14,2320.9,1.8
2022-05-30 15:00:00,15,2470.0,2.2
2022-05-30 16:00:00,16,2522.8,2.9
2022-05-30 17:00:00,17,2728.3,2.7
2022-05-30 18:00:00,18,1720.6,1.4
2022-05-30 19:00:00,19,1269.8,2.1
2022-05-30 20:00:00,20,835.2,0.8
2022-05-30 21:00:00,21,83.1,0.1
2022-05-30 22:00:00,22,,0.3
2022-05-30 23:00:00,23,,0.3
2022-05-31 00:00:00,0,,0.4
2022-05-31 01:00:00,1,,0.2
2022-05-31 02:00:00,2,,1.2
2022-05-31 03:00:00,3,,0.5
2022-05-31 04:00:00,4,,0.3
2022-05-31 05:00:00,5,,0.5
2022-05-31 06:00:00,6,,0.8
2022-05-31 07:00:00,7,,0.6
2022-05-31 08:00:00,8,,0.3
2022-05-31 09:00:00,9,,0.4
2022-05-31 10:00:00,10,79.4,0.7
2022-05-31 11:00:00,11,805.7,1.0
2022-05-31 12:00:00,12,1723.7,1.4
2022-05-31 13:00:00,13,1260.0,1.9
2022-05-31 14:00:00,14,1914.8,2.5
2022-05-31 15:00:00,15,2213.5,2.8
2022-05-31 16:00:00,16,2786.0,2.2
2022-05-31 17:00:00,17,2062.2,2.9
2022-05-31 18:00:00,18,1839.5,2.2
2022-05-31 19:00:00,19,1517.0,2.8
2022-05-31 20:00:00,20,436.4,1.1
2022-05-31 21:00:00,21,68.5,0.3
2022-05-31 22:00:00,22,,0.6
2022-05-31 23:00:00,23,,0.3
2022-06-01 00:00:00,0,,0.4
2022-06-01 01:00:00,1,,0.4
2022-06-01 02:00:00,2,,1.2
2022-06-01 03:00:00,3,,1.3
2022-06-01 04:00:00,4,,0.6
2022-06-01 05:00:00,5,,0.6
2022-06-01 06:00:00,6,,1.9
2022-06-01 07:00:00,7,,2.8
2022-06-01 08:00:00,8,,1.7
2022-06-01 09:00:00,9,1.1,0.7
2022-06-01 10:00:00,10,138.1,0.2
2022-06-01 11:00:00,11,614.6,1.1
2022-06-01 12:00:00,12,952.9,1.9
2022-06-01 13:00:00,13,1969.7,1.8
2022-06-01 14:00:00,14,1900.2,1.3
2022-06-01 15:00:00,15,2826.4,1.7
2022-06-01 16:00:00,16,2632.6,2.3
2022-06-01 17:00:00,17,2262.6,3.7
2022-06-01 18:00:00,18,2253.1,2.3
2022-06-01 19:00:00,19,1650.3,1.3
2022-06-01 20:00:00,20,700.7,1.0
2022-06-01 21:00:00,21,79.9,0.5
2022-06-01 22:00:00,22,,2.5
2022-06-01 23:00:00,23,,2.3
2022-06-02 00:00:00,0,,0.8
2022-06-02 01:00:00,1,,1.2
2022-06-02 02:00:00,2,,1.1
2022-06-02 03:00:00,3,,0.9
2022-06-02 04:00:00,4,,0.8
2022-06-02 05:00:00,5,,0.8
2022-06-02 06:00:00,6,,0.4
2022-06-02 07:00:00,7,,0.4
2022-06-02 08:00:00,8,,0.5
2022-06-02 09:00:00,9,,0.9
2022-06-02 10:00:00,10,165.6,2.3
2022-06-02 11:00:00,11,602.4,2.6
2022-06-02 12:00:00,12,1015.3,1.9
2022-06-02 13:00:00,13,1371.3,1.4
2022-06-02 14:00:00,14,1612.9,2.5
2022-06-02 15:00:00,15,2701.5,3.0
2022-06-02 16:00:00,16,2379.1,1.9
2022-06-02 17:00:00,17,1847.7,1.3
2022-06-02 18:00:00,18,1561.0,2.8
2022-06-02 19:00:00,19,950.4,1.4
2022-06-02 20:00:00,20,717.8,1.7
2022-06-02 21:00:00,21,154.3,1.2
2022-06-02 22:00:00,22,,0.7
2022-06-02 23:00:00,23,,1.3
2022-06-03 00:00:00,0,,1.1
2022-06-03 01:00:00,1,,1.9
2022-06-03 02:00:00,2,,0.7
2022-06-03 03:00:00,3,,0.4
2022-06-03 04:00:00,4,,0.7
2022-06-03 05:00:00,5,,0.9
2022-06-03 06:00:00,6,,0.4
2022-06-03 07:00:00,7,,0.8
2022-06-03 08:00:00,8,,2.2
2022-06-03 09:00:00,9,,2.0
2022-06-03 10:00:00,10,150.6,1.1
2022-06-03 11:00:00,11,417.4,0.9
2022-06-03 12:00:00,12,644.3,0.9
2022-06-03 13:00:00,13,1337.9,1.1
2022-06-03 14:00:00,14,2112.2,1.0
2022-06-03 15:00:00,15,2242.6,1.4
2022-06-03 16:00:00,16,2595.8,4.6
2022-06-03 17:00:00,17,1976.8,1.6
2022-06-03 18:00:00,18,1819.1,0.7
2022-06-03 19:00:00,19,511.4,0.4
2022-06-03 20:00:00,20,368.3,0.7
2022-06-03 21:00:00,21,61.9,0.5
2022-06-03 22:00:00,22,,0.2
2022-06-03 23:00:00,23,,0.5
2022-06-04 00:00:00,0,,0.5
2022-06-04 01:00:00,1,,0.9
2022-06-04 02:00:00,2,0.4,2.0
2022-06-04 03:00:00,3,,1.2
2022-06-04 04:00:00,4,,0.5
2022-06-04 05:00:00,5,,0.9
2022-06-04 06:00:00,6,,1.2
2022-06-04 07:00:00,7,,0.6
2022-06-04 08:00:00,8,,1.5
2022-06-04 09:00:00,9,,0.6
2022-06-04 10:00:00,10,49.0,0.6
2022-06-04 11:00:00,11,306.2,0.6
2022-06-04 12:00:00,12,403.9,0.8
2022-06-04 13:00:00,13,601.0,1.0
2022-06-04 14:00:00,14,1556.4,1.4
2022-06-04 15:00:00,15,1876.8,1.6
2022-06-04 16:00:00,16,1723.3,1.3
2022-06-04 17:00:00,17,1424.6,1.8
2022-06-04 18:00:00,18,1139.3,1.6
2022-06-04 19:00:00,19,1032.7,2.1
2022-06-04 20:00:00,20,899.6,1.3
2022-06-04 21:00:00,21,93.0,0.2
2022-06-04 22:00:00,22,,0.5
2022-06-04 23:00:00,23,,1.3
2022-06-05 00:00:00,0,,0.3
2022-06-05 01:00:00,1,,0.3
2022-06-05 02:00:00,2,,0.7
2022-06-05 03:00:00,3,,0.4
2022-06-05 04:00:00,4,,0.4
2022-06-05 05:00:00,5,,0.5
2022-06-05 06:00:00,6,,0.9
2022-06-05 07:00:00,7,,1.2
2022-06-05 08:00:00,8,,0.3
2022-06-05 09:00:00,9,,0.3
2022-06-05 10:00:00,10,58.6,0.7
2022-06-05 11:00:00,11,459.3,0.3
2022-06-05 12:00:00,12,652.4,0.8
2022-06-05 13:00:00,13,1406.7,2.7
2022-06-05 14:00:00,14,1394.7,3.7
2022-06-05 15:00:00,15,2453.6,4.1
2022-06-05 16:00:00,16,2732.7,3.6
2022-06-05 17:00:00,17,2025.8,2.3
2022-06-05 18:00:00,18,1407.6,3.0
2022-06-05 19:00:00,19,1386.7,2.4
2022-06-05 20:00:00,20,379.7,2.5
2022-06-05 21:00:00,21,29.1,0.7
2022-06-05 22:00:00,22,,0.4
2022-06-05 23:00:00,23,,0.7
2022-06-06 00:00:00,0,,0.6
2022-06-06 01:00:00,1,,0.4
2022-06-06 02:00:00,2,,2.9
2022-06-06 03:00:00,3,,0.3
2022-06-06 04:00:00,4,,1.4
2022-06-06 05:00:00,5,,0.5
2022-06-06 06:00:00,6,,0.6
2022-06-06 07:00:00,7,,0.8
2022-06-06 08:00:00,8,,1.7
2022-06-06 09:00:00,9,,0.6
2022-06-06 10:00:00,10,142.5,1.2
2022-06-06 11:00:00,11,786.6,2.0
2022-06-06 12:00:00,12,1735.7,5.0
2022-06-06 13:00:00,13,2174.8,3.7
2022-06-06 14:00:00,14,2045.1,4.2
2022-06-06 15:00:00,15,1971.6,3.6
2022-06-06 16:00:00,16,1010.0,2.6
2022-06-06 17:00:00,17,938.6,1.9
2022-06-06 18:00:00,18,796.7,2.4
2022-06-06 19:00:00,19,466.3,0.9
2022-06-06 20:00:00,20,248.4,0.9
2022-06-06 21:00:00,21,60.9,1.1
2022-06-06 22:00:00,22,,0.2
2022-06-06 23:00:00,23,,0.4
2022-06-07 00:00:00,0,,0.2
2022-06-07 01:00:00,1,,0.2
2022-06-07 02:00:00,2,,0.3
2022-06-07 03:00:00,3,,0.1
2022-06-07 04:00:00,4,,0.4
2022-06-07 05:00:00,5,,0.1
2022-06-07 06:00:00,6,,0.3
2022-06-07 07:00:00,7,,0.5
2022-06-07 08:00:00,8,,0.4
2022-06-07 09:00:00,9,,0.3
2022-06-07 10:00:00,10,83.6,0.9
2022-06-07 11:00:00,11,774.1,3.0
2022-06-07 12:00:00,12,1675.1,4.1
2022-06-07 13:00:00,13,2303.7,3.5
2022-06-07 14:00:00,14,2771.8,3.4
2022-06-07 15:00:00,15,2986.8,3.7
2022-06-07 16:00:00,16,2977.1,3.5
2022-06-07 17:00:00,17,2556.2,2.4
2022-06-07 18:00:00,18,2214.5,2.2
2022-06-07 19:00:00,19,1209.2,1.9
2022-06-07 20:00:00,20,538.0,0.8
2022-06-07 21:00:00,21,71.0,0.3
2022-06-07 22:00:00,22,,0.1
2022-06-07 23:00:00,23,,0.2
2022-06-08 00:00:00,0,,0.3
2022-06-08 01:00:00,1,,0.1
2022-06-08 02:00:00,2,,0.3
2022-06-08 03:00:00,3,,0.4
2022-06-08 04:00:00,4,,0.3
2022-06-08 05:00:00,5,,0.1
2022-06-08 06:00:00,6,,0.5
2022-06-08 07:00:00,7,,0.3
2022-06-08 08:00:00,8,,0.4
2022-06-08 09:00:00,9,,0.5
2022-06-08 10:00:00,10,140.4,0.2
2022-06-08 11:00:00,11,1104.1,1.5
2022-06-08 12:00:00,12,2097.0,3.1
2022-06-08 13:00:00,13,2483.7,2.6
2022-06-08 14:00:00,14,2867.7,2.6
2022-06-08 15:00:00,15,2983.4,1.8
2022-06-08 16:00:00,16,2978.0,2.3
2022-06-08 17:00:00,17,2464.0,2.2
2022-06-08 18:00:00,18,2306.7,1.9
2022-06-08 19:00:00,19,1682.4,1.9
2022-06-08 20:00:00,20,814.5,0.7
2022-06-08 21:00:00,21,82.6,0.3
2022-06-08 22:00:00,22,,0.4
2022-06-08 23:00:00,23,,0.2
2022-06-09 00:00:00,0,,0.5
2022-06-09 01:00:00,1,,0.5
2022-06-09 02:00:00,2,,0.3
2022-06-09 03:00:00,3,,0.4
2022-06-09 04:00:00,4,,0.4
2022-06-09 05:00:00,5,,0.2
2022-06-09 06:00:00,6,,0.3
2022-06-09 07:00:00,7,,1.2
2022-06-09 08:00:00,8,,0.6
2022-06-09 09:00:00,9,,0.2
2022-06-09 10:00:00,10,122.8,0.3
2022-06-09 11:00:00,11,741.1,1.1
2022-06-09 12:00:00,12,1627.8,1.5
2022-06-09 13:00:00,13,2276.4,1.9
2022-06-09 14:00:00,14,2657.6,1.7
2022-06-09 15:00:00,15,2436.0,2.3
2022-06-09 16:00:00,16,2938.0,2.0
2022-06-09 17:00:00,17,2610.9,2.0
2022-06-09 18:00:00,18,2338.0,1.8
2022-06-09 19:00:00,19,1617.4,1.3
2022-06-09 20:00:00,20,778.9,0.8
2022-06-09 21:00:00,21,98.9,0.4
2022-06-09 22:00:00,22,,0.2
2022-06-09 23:00:00,23,,0.3
2022-06-10 00:00:00,0,,0.4
2022-06-10 01:00:00,1,,0.3
2022-06-10 02:00:00,2,,0.3
2022-06-10 03:00:00,3,,0.2
2022-06-10 04:00:00,4,,0.7
2022-06-10 05:00:00,5,,0.4
2022-06-10 06:00:00,6,,0.2
2022-06-10 07:00:00,7,,0.2
2022-06-10 08:00:00,8,,0.3
2022-06-10 09:00:00,9,,0.3
2022-06-10 10:00:00,10,108.6,0.5
2022-06-10 11:00:00,11,899.9,0.9
2022-06-10 12:00:00,12,1392.2,0.9
2022-06-10 13:00:00,13,1988.6,1.7
2022-06-10 14:00:00,14,2579.2,2.3
2022-06-10 15:00:00,15,2439.8,3.2
2022-06-10 16:00:00,16,2056.0,1.5
2022-06-10 17:00:00,17,1913.7,2.5
2022-06-10 18:00:00,18,1534.2,1.2
2022-06-10 19:00:00,19,1172.7,2.8
2022-06-10 20:00:00,20,866.5,1.6
2022-06-10 21:00:00,21,85.4,0.5
2022-06-10 22:00:00,22,,5.2
2022-06-10 23:00:00,23,,0.7
2022-06-11 00:00:00,0,,0.4
2022-06-11 01:00:00,1,,0.3
2022-06-11 02:00:00,2,,0.6
2022-06-11 03:00:00,3,,0.6
2022-06-11 04:00:00,4,,0.4
2022-06-11 05:00:00,5,,0.5
2022-06-11 06:00:00,6,,0.2
2022-06-11 07:00:00,7,,0.1
2022-06-11 08:00:00,8,,0.3
2022-06-11 09:00:00,9,,0.3
2022-06-11 10:00:00,10,110.5,0.5
2022-06-11 11:00:00,11,743.8,0.9
2022-06-11 12:00:00,12,1596.6,0.8
2022-06-11 13:00:00,13,2162.3,1.4
2022-06-11 14:00:00,14,2820.7,2.1
2022-06-11 15:00:00,15,2557.8,2.4
2022-06-11 16:00:00,16,3020.9,2.1
2022-06-11 17:00:00,17,1144.3,1.2
2022-06-11 18:00:00,18,1939.8,0.5
2022-06-11 19:00:00,19,1244.8,1.0
2022-06-11 20:00:00,20,523.4,0.7
2022-06-11 21:00:00,21,118.9,0.8
2022-06-11 22:00:00,22,,0.6
2022-06-11 23:00:00,23,,0.3
2022-06-12 00:00:00,0,,0.4
2022-06-12 01:00:00,1,,0.6
2022-06-12 02:00:00,2,,0.4
2022-06-12 03:00:00,3,,0.3
2022-06-12 04:00:00,4,,0.6
2022-06-12 05:00:00,5,,0.8
2022-06-12 06:00:00,6,,0.6
2022-06-12 07:00:00,7,,0.4
2022-06-12 08:00:00,8,,0.5
2022-06-12 09:00:00,9,,0.2
2022-06-12 10:00:00,10,86.9,0.6
2022-06-12 11:00:00,11,701.7,1.0
2022-06-12 12:00:00,12,1620.9,1.5
2022-06-12 13:00:00,13,2235.5,1.3
2022-06-12 14:00:00,14,2586.7,2.5
2022-06-12 15:00:00,15,2828.0,1.6
2022-06-12 16:00:00,16,2219.9,1.0
2022-06-12 17:00:00,17,2795.5,1.1
2022-06-12 18:00:00,18,2273.5,0.8
2022-06-12 19:00:00,19,1363.7,0.8
2022-06-12 20:00:00,20,882.7,0.9
2022-06-12 21:00:00,21,100.8,0.2
2022-06-12 22:00:00,22,,0.2
2022-06-12 23:00:00,23,,0.2
2022-06-13 00:00:00,0,,0.3
2022-06-13 01:00:00,1,,0.1
2022-06-13 02:00:00,2,,0.5
2022-06-13 03:00:00,3,,0.6
2022-06-13 04:00:00,4,,1.3
2022-06-13 05:00:00,5,,0.8
2022-06-13 06:00:00,6,,0.5
2022-06-13 07:00:00,7,,0.9
2022-06-13 08:00:00,8,,0.3
2022-06-13 09:00:00,9,,0.5
2022-06-13 10:00:00,10,145.1,0.2
2022-06-13 11:00:00,11,685.2,0.7
2022-06-13 12:00:00,12,1321.2,0.7
2022-06-13 13:00:00,13,2123.9,1.1
2022-06-13 14:00:00,14,2796.3,1.4
2022-06-13 15:00:00,15,2202.7,1.3
2022-06-13 16:00:00,16,1960.3,0.7
2022-06-13 17:00:00,17,2748.4,1.6
2022-06-13 18:00:00,18,2152.4,1.2
2022-06-13 19:00:00,19,1211.0,0.7
2022-06-13 20:00:00,20,857.5,0.6
2022-06-13 21:00:00,21,118.1,0.2
2022-06-13 22:00:00,22,,0.1
2022-06-13 23:00:00,23,,0.1
2022-06-14 00:00:00,0,,0.2
2022-06-14 01:00:00,1,,0.2
2022-06-14 02:00:00,2,,0.4
2022-06-14 03:00:00,3,,0.1
2022-06-14 04:00:00,4,,1.3
2022-06-14 05:00:00,5,,1.9
2022-06-14 06:00:00,6,,0.3
2022-06-14 07:00:00,7,,0.5
2022-06-14 08:00:00,8,,0.5
2022-06-14 09:00:00,9,,0.3
2022-06-14 10:00:00,10,157.7,0.4
2022-06-14 11:00:00,11,691.0,1.3
2022-06-14 12:00:00,12,1034.0,1.3
2022-06-14 13:00:00,13,1810.7,1.1
2022-06-14 14:00:00,14,2473.6,1.4
2022-06-14 15:00:00,15,2184.3,1.9
2022-06-14 16:00:00,16,2831.8,2.1
2022-06-14 17:00:00,17,2830.1,2.4
2022-06-14 18:00:00,18,1910.7,2.9
2022-06-14 19:00:00,19,1674.8,1.9
2022-06-14 20:00:00,20,891.7,1.6
2022-06-14 21:00:00,21,109.6,0.2
2022-06-14 22:00:00,22,,0.3
2022-06-14 23:00:00,23,,0.6
2022-06-15 00:00:00,0,,0.2
2022-06-15 01:00:00,1,,0.4
2022-06-15 02:00:00,2,,0.5
2022-06-15 03:00:00,3,,0.4
2022-06-15 04:00:00,4,,0.3
2022-06-15 05:00:00,5,,0.8
2022-06-15 06:00:00,6,,0.1
2022-06-15 07:00:00,7,,0.2
2022-06-15 08:00:00,8,,0.2
2022-06-15 09:00:00,9,,0.7
2022-06-15 10:00:00,10,90.2,0.6
2022-06-15 11:00:00,11,717.6,1.0
2022-06-15 12:00:00,12,1639.8,1.9
2022-06-15 13:00:00,13,2281.2,2.4
2022-06-15 14:00:00,14,2764.7,2.3
2022-06-15 15:00:00,15,2580.8,2.7
2022-06-15 16:00:00,16,2952.8,3.0
2022-06-15 17:00:00,17,1940.7,3.5
2022-06-15 18:00:00,18,2058.7,3.4
2022-06-15 19:00:00,19,1487.4,2.9
2022-06-15 20:00:00,20,810.5,2.2
2022-06-15 21:00:00,21,118.6,4.8
2022-06-15 22:00:00,22,3.5,0.9
2022-06-15 23:00:00,23,,0.4
2022-06-16 00:00:00,0,,0.2
2022-06-16 01:00:00,1,,0.1
2022-06-16 02:00:00,2,,0.6
2022-06-16 03:00:00,3,,0.3
2022-06-16 04:00:00,4,,0.2
2022-06-16 05:00:00,5,,0.3
2022-06-16 06:00:00,6,,0.4
2022-06-16 07:00:00,7,,0.4
2022-06-16 08:00:00,8,,0.3
2022-06-16 09:00:00,9,,0.5
2022-06-16 10:00:00,10,72.3,0.3
2022-06-16 11:00:00,11,699.0,1.7
2022-06-16 12:00:00,12,1655.1,3.8
2022-06-16 13:00:00,13,2268.1,3.0
2022-06-16 14:00:00,14,2417.8,3.8
2022-06-16 15:00:00,15,2787.2,4.3
2022-06-16 16:00:00,16,2690.7,3.1
2022-06-16 17:00:00,17,2657.3,3.7
2022-06-16 18:00:00,18,2276.4,3.1
2022-06-16 19:00:00,19,1378.5,1.5
2022-06-16 20:00:00,20,967.4,2.8
2022-06-16 21:00:00,21,112.7,0.2
2022-06-16 22:00:00,22,,0.2
2022-06-16 23:00:00,23,,0.1
2022-06-17 00:00:00,0,,0.1
2022-06-17 01:00:00,1,,0.2
2022-06-17 02:00:00,2,,0.3
2022-06-17 03:00:00,3,,0.6
2022-06-17 04:00:00,4,,0.6
2022-06-17 05:00:00,5,,0.7
2022-06-17 06:00:00,6,,0.3
2022-06-17 07:00:00,7,,0.4
2022-06-17 08:00:00,8,,0.3
2022-06-17 09:00:00,9,,0.3
2022-06-17 10:00:00,10,82.6,0.3
2022-06-17 11:00:00,11,698.9,1.5
2022-06-17 12:00:00,12,1635.1,3.1
2022-06-17 13:00:00,13,2260.7,3.8
2022-06-17 14:00:00,14,2763.0,3.4
2022-06-17 15:00:00,15,2978.9,3.3
2022-06-17 16:00:00,16,2951.4,3.3
2022-06-17 17:00:00,17,2709.0,2.4
2022-06-17 18:00:00,18,2142.8,2.8
2022-06-17 19:00:00,19,1440.6,2.9
2022-06-17 20:00:00,20,905.7,1.7
2022-06-17 21:00:00,21,106.6,0.2
2022-06-17 22:00:00,22,,0.1
2022-06-17 23:00:00,23,,0.1
2022-06-18 00:00:00,0,,0.3
2022-06-18 01:00:00,1,,0.3
2022-06-18 02:00:00,2,,0.1
2022-06-18 03:00:00,3,,0.3
2022-06-18 04:00:00,4,,0.2
2022-06-18 05:00:00,5,,0.2
2022-06-18 06:00:00,6,,0.4
2022-06-18 07:00:00,7,,0.6
2022-06-18 08:00:00,8,,0.4
2022-06-18 09:00:00,9,,0.8
2022-06-18 10:00:00,10,119.8,0.8
2022-06-18 11:00:00,11,474.6,1.4
2022-06-18 12:00:00,12,1565.5,1.3
2022-06-18 13:00:00,13,1646.4,1.3
2022-06-18 14:00:00,14,2624.7,1.3
2022-06-18 15:00:00,15,2344.1,1.1
2022-06-18 16:00:00,16,3109.8,1.6
2022-06-18 17:00:00,17,2711.5,1.5
2022-06-18 18:00:00,18,1998.5,0.8
2022-06-18 19:00:00,19,1537.9,0.6
2022-06-18 20:00:00,20,883.5,1.0
2022-06-18 21:00:00,21,135.9,0.2
2022-06-18 22:00:00,22,,0.1
2022-06-18 23:00:00,23,,0.2
2022-06-19 00:00:00,0,,0.2
2022-06-19 01:00:00,1,,0.1
2022-06-19 02:00:00,2,,0.0
2022-06-19 03:00:00,3,,0.3
2022-06-19 04:00:00,4,,0.5
2022-06-19 05:00:00,5,,0.6
2022-06-19 06:00:00,6,,0.6
2022-06-19 07:00:00,7,,1.1
2022-06-19 08:00:00,8,,0.4
2022-06-19 09:00:00,9,,0.3
2022-06-19 10:00:00,10,148.5,0.6
2022-06-19 11:00:00,11,878.7,0.4
2022-06-19 12:00:00,12,1549.4,0.7
2022-06-19 13:00:00,13,2154.3,2.1
2022-06-19 14:00:00,14,2347.5,2.7
2022-06-19 15:00:00,15,2955.3,1.8
2022-06-19 16:00:00,16,2685.2,2.1
2022-06-19 17:00:00,17,2485.5,3.4
2022-06-19 18:00:00,18,2258.3,3.0
2022-06-19 19:00:00,19,1666.9,3.3
2022-06-19 20:00:00,20,885.8,2.1
2022-06-19 21:00:00,21,121.9,0.4
2022-06-19 22:00:00,22,,0.2
2022-06-19 23:00:00,23,,0.1
2022-06-20 00:00:00,0,,0.2
2022-06-20 01:00:00,1,,0.3
2022-06-20 02:00:00,2,,0.3
2022-06-20 03:00:00,3,,0.5
2022-06-20 04:00:00,4,,0.8
2022-06-20 05:00:00,5,,0.5
2022-06-20 06:00:00,6,,0.5
2022-06-20 07:00:00,7,,0.4
2022-06-20 08:00:00,8,,0.5
2022-06-20 09:00:00,9,,0.3
2022-06-20 10:00:00,10,80.5,0.4
2022-06-20 11:00:00,11,703.1,1.1
2022-06-20 12:00:00,12,1612.8,2.6
2022-06-20 13:00:00,13,2292.7,2.3
2022-06-20 14:00:00,14,2585.4,3.3
2022-06-20 15:00:00,15,2703.7,2.9
2022-06-20 16:00:00,16,2733.1,3.3
2022-06-20 17:00:00,17,2476.5,3.3
2022-06-20 18:00:00,18,2021.8,3.1
2022-06-20 19:00:00,19,1683.7,2.3
2022-06-20 20:00:00,20,903.2,2.3
2022-06-20 21:00:00,21,119.3,0.3
2022-06-20 22:00:00,22,,0.3
2022-06-20 23:00:00,23,,0.2
2022-06-21 00:00:00,0,,0.1
2022-06-21 01:00:00,1,,0.2
2022-06-21 02:00:00,2,,0.5
2022-06-21 03:00:00,3,,1.1
2022-06-21 04:00:00,4,,0.4
2022-06-21 05:00:00,5,,0.4
2022-06-21 06:00:00,6,,0.5
2022-06-21 07:00:00,7,,0.7
2022-06-21 08:00:00,8,,0.2
2022-06-21 09:00:00,9,,0.4
2022-06-21 10:00:00,10,127.1,0.6
2022-06-21 11:00:00,11,580.0,0.7
2022-06-21 12:00:00,12,1366.0,2.8
2022-06-21 13:00:00,13,1705.7,3.7
2022-06-21 14:00:00,14,1654.9,3.2
2022-06-21 15:00:00,15,1696.9,3.4
2022-06-21 16:00:00,16,1575.1,3.6
2022-06-21 17:00:00,17,1324.0,2.8
2022-06-21 18:00:00,18,994.5,2.3
2022-06-21 19:00:00,19,639.1,0.7
2022-06-21 20:00:00,20,445.9,0.7
2022-06-21 21:00:00,21,93.3,0.3
2022-06-21 22:00:00,22,,0.2
2022-06-21 23:00:00,23,,0.6
2022-06-22 00:00:00,0,,0.4
2022-06-22 01:00:00,1,,0.6
2022-06-22 02:00:00,2,,0.3
2022-06-22 03:00:00,3,,0.2
2022-06-22 04:00:00,4,,0.1
2022-06-22 05:00:00,5,,0.4
2022-06-22 06:00:00,6,,0.6
2022-06-22 07:00:00,7,,0.4
2022-06-22 08:00:00,8,,0.5
2022-06-22 09:00:00,9,0.0,0.6
2022-06-22 10:00:00,10,148.5,0.4
2022-06-22 11:00:00,11,725.3,2.2
2022-06-22 12:00:00,12,1616.0,2.6
2022-06-22 13:00:00,13,1979.4,2.8
2022-06-22 14:00:00,14,2240.3,3.1
2022-06-22 15:00:00,15,2643.0,2.1
2022-06-22 16:00:00,16,2514.4,2.5
2022-06-22 17:00:00,17,2342.1,3.0
2022-06-22 18:00:00,18,2331.8,3.2
2022-06-22 19:00:00,19,1536.6,3.2
2022-06-22 20:00:00,20,978.7,2.7
2022-06-22 21:00:00,21,143.5,1.5
2022-06-22 22:00:00,22,,0.2
2022-06-22 23:00:00,23,,0.3
2022-06-23 00:00:00,0,,0.2
2022-06-23 01:00:00,1,,0.1
2022-06-23 02:00:00,2,,0.5
2022-06-23 03:00:00,3,,0.4
2022-06-23 04:00:00,4,,0.3
2022-06-23 05:00:00,5,,0.2
2022-06-23 06:00:00,6,,0.2
2022-06-23 07:00:00,7,,0.3
2022-06-23 08:00:00,8,,0.3
2022-06-23 09:00:00,9,,0.2
2022-06-23 10:00:00,10,74.6,0.4
2022-06-23 11:00:00,11,657.0,2.3
2022-06-23 12:00:00,12,1619.8,3.1
2022-06-23 13:00:00,13,2255.1,4.2
2022-06-23 14:00:00,14,2039.3,5.0
2022-06-23 15:00:00,15,2140.9,3.4
2022-06-23 16:00:00,16,2122.1,2.8
2022-06-23 17:00:00,17,1954.7,3.0
2022-06-23 18:00:00,18,1592.3,3.2
2022-06-23 19:00:00,19,1126.6,3.2
2022-06-23 20:00:00,20,446.2,1.4
2022-06-23 21:00:00,21,55.0,0.5
2022-06-23 22:00:00,22,,0.1
2022-06-23 23:00:00,23,,0.2
2022-06-24 00:00:00,0,,0.3
2022-06-24 01:00:00,1,,0.2
2022-06-24 02:00:00,2,,0.3
2022-06-24 03:00:00,3,,0.3
2022-06-24 04:00:00,4,,0.3
2022-06-24 05:00:00,5,,0.1
2022-06-24 06:00:00,6,,0.5
2022-06-24 07:00:00,7,,0.3
2022-06-24 08:00:00,8,,0.2
2022-06-24 09:00:00,9,,0.3
2022-06-24 10:00:00,10,120.1,0.7
2022-06-24 11:00:00,11,698.1,2.0
2022-06-24 12:00:00,12,1575.4,2.9
2022-06-24 13:00:00,13,2207.4,3.2
2022-06-24 14:00:00,14,2736.7,3.6
2022-06-24 15:00:00,15,2769.3,3.0
2022-06-24 16:00:00,16,2354.9,4.1
2022-06-24 17:00:00,17,2553.4,3.1
2022-06-24 18:00:00,18,1815.3,2.5
2022-06-24 19:00:00,19,1365.6,4.0
2022-06-24 20:00:00,20,891.5,2.8
2022-06-24 21:00:00,21,127.2,0.7
2022-06-24 22:00:00,22,,0.7
2022-06-24 23:00:00,23,,0.4
2022-06-25 00:00:00,0,,1.3
2022-06-25 01:00:00,1,,0.3
2022-06-25 02:00:00,2,,0.3
2022-06-25 03:00:00,3,,1.0
2022-06-25 04:00:00,4,,0.2
2022-06-25 05:00:00,5,,0.6
2022-06-25 06:00:00,6,,0.7
2022-06-25 07:00:00,7,,0.7
2022-06-25 08:00:00,8,,0.9
2022-06-25 09:00:00,9,,0.7
2022-06-25 10:00:00,10,84.9,0.5
2022-06-25 11:00:00,11,649.3,3.1
2022-06-25 12:00:00,12,1609.4,6.0
2022-06-25 13:00:00,13,2238.2,4.6
2022-06-25 14:00:00,14,2724.2,3.7
2022-06-25 15:00:00,15,2952.3,5.5
2022-06-25 16:00:00,16,2937.3,4.9
2022-06-25 17:00:00,17,2697.0,3.6
2022-06-25 18:00:00,18,2268.6,4.0
2022-06-25 19:00:00,19,1654.2,2.6
2022-06-25 20:00:00,20,896.6,2.0
2022-06-25 21:00:00,21,126.2,0.2
2022-06-25 22:00:00,22,,0.3
2022-06-25 23:00:00,23,,0.1
2022-06-26 00:00:00,0,,0.2
2022-06-26 01:00:00,1,,0.2
2022-06-26 02:00:00,2,,0.4
2022-06-26 03:00:00,3,,0.2
2022-06-26 04:00:00,4,,0.1
2022-06-26 05:00:00,5,,0.2
2022-06-26 06:00:00,6,,0.2
2022-06-26 07:00:00,7,,0.3
2022-06-26 08:00:00,8,,0.6
2022-06-26 09:00:00,9,,0.4
2022-06-26 10:00:00,10,76.4,1.2
2022-06-26 11:00:00,11,651.6,1.9
2022-06-26 12:00:00,12,1611.9,3.3
2022-06-26 13:00:00,13,2242.7,4.4
2022-06-26 14:00:00,14,2732.3,3.9
2022-06-26 15:00:00,15,2948.2,3.5
2022-06-26 16:00:00,16,2920.8,4.2
2022-06-26 17:00:00,17,2681.6,3.5
2022-06-26 18:00:00,18,2267.1,3.4
2022-06-26 19:00:00,19,1664.7,3.0
2022-06-26 20:00:00,20,897.4,1.5
2022-06-26 21:00:00,21,127.8,0.2
2022-06-26 22:00:00,22,,0.1
2022-06-26 23:00:00,23,,0.3
2022-06-27 00:00:00,0,,0.1
2022-06-27 01:00:00,1,,0.2
2022-06-27 02:00:00,2,,0.3
2022-06-27 03:00:00,3,,0.4
2022-06-27 04:00:00,4,,0.2
2022-06-27 05:00:00,5,,1.5
2022-06-27 06:00:00,6,,0.2
2022-06-27 07:00:00,7,,0.4
2022-06-27 08:00:00,8,,0.4
2022-06-27 09:00:00,9,,0.1
2022-06-27 10:00:00,10,73.5,1.1
2022-06-27 11:00:00,11,646.4,2.5
2022-06-27 12:00:00,12,1589.2,3.0
2022-06-27 13:00:00,13,2218.1,3.0
2022-06-27 14:00:00,14,2707.7,3.8
2022-06-27 15:00:00,15,2924.2,3.9
2022-06-27 16:00:00,16,2901.6,3.5
2022-06-27 17:00:00,17,2671.4,3.4
2022-06-27 18:00:00,18,2262.8,4.1
2022-06-27 19:00:00,19,1639.5,2.7
2022-06-27 20:00:00,20,904.7,2.5
2022-06-27 21:00:00,21,127.4,0.3
2022-06-27 22:00:00,22,,0.1
2022-06-27 23:00:00,23,,0.1
2022-06-28 00:00:00,0,,0.2
2022-06-28 01:00:00,1,,0.1
2022-06-28 02:00:00,2,,0.5
2022-06-28 03:00:00,3,,0.4
2022-06-28 04:00:00,4,,0.4
2022-06-28 05:00:00,5,,0.4
2022-06-28 06:00:00,6,,0.2
2022-06-28 07:00:00,7,,0.3
2022-06-28 08:00:00,8,,0.2
2022-06-28 09:00:00,9,,0.3
2022-06-28 10:00:00,10,104.7,0.3
2022-06-28 11:00:00,11,682.1,2.6
2022-06-28 12:00:00,12,1519.4,2.7
2022-06-28 13:00:00,13,2309.0,3.0
2022-06-28 14:00:00,14,2689.8,2.3
2022-06-28 15:00:00,15,2803.9,2.5
2022-06-28 16:00:00,16,2846.2,3.0
2022-06-28 17:00:00,17,2601.2,2.5
2022-06-28 18:00:00,18,2253.8,3.0
2022-06-28 19:00:00,19,1678.8,2.9
2022-06-28 20:00:00,20,904.9,1.7
2022-06-28 21:00:00,21,127.3,0.9
2022-06-28 22:00:00,22,,0.2
2022-06-28 23:00:00,23,,0.2
2022-06-29 00:00:00,0,,0.3
2022-06-29 01:00:00,1,,0.2
2022-06-29 02:00:00,2,,0.5
2022-06-29 03:00:00,3,,0.3
2022-06-29 04:00:00,4,,0.3
2022-06-29 05:00:00,5,,1.6
2022-06-29 06:00:00,6,,0.8
2022-06-29 07:00:00,7,,0.6
2022-06-29 08:00:00,8,,0.5
2022-06-29 09:00:00,9,,0.3
2022-06-29 10:00:00,10,82.2,0.4
2022-06-29 11:00:00,11,638.9,2.0
2022-06-29 12:00:00,12,1571.4,3.7
2022-06-29 13:00:00,13,2213.6,2.4
2022-06-29 14:00:00,14,2756.3,3.5
2022-06-29 15:00:00,15,2879.6,2.7
2022-06-29 16:00:00,16,2790.5,2.7
2022-06-29 17:00:00,17,2388.3,1.9
2022-06-29 18:00:00,18,2134.9,1.3
2022-06-29 19:00:00,19,1462.4,1.2
2022-06-29 20:00:00,20,750.7,1.2
2022-06-29 21:00:00,21,146.7,0.2
2022-06-29 22:00:00,22,,0.3
2022-06-29 23:00:00,23,,0.4
2022-06-30 00:00:00,0,,0.5
2022-06-30 01:00:00,1,,0.2
2022-06-30 02:00:00,2,,0.1
2022-06-30 03:00:00,3,,0.3
2022-06-30 04:00:00,4,,0.6
2022-06-30 05:00:00,5,,0.4
2022-06-30 06:00:00,6,,0.6
2022-06-30 07:00:00,7,,0.7
2022-06-30 08:00:00,8,,0.4
2022-06-30 09:00:00,9,,0.4
2022-06-30 10:00:00,10,78.6,1.2
2022-06-30 11:00:00,11,629.6,0.9
2022-06-30 12:00:00,12,1547.7,1.0
2022-06-30 13:00:00,13,2164.5,1.0
2022-06-30 14:00:00,14,2659.1,1.2
2022-06-30 15:00:00,15,3073.4,1.4
2022-06-30 16:00:00,16,2403.1,1.8
2022-06-30 17:00:00,17,2634.6,2.0
2022-06-30 18:00:00,18,1970.5,1.2
2022-06-30 19:00:00,19,1726.1,1.0
2022-06-30 20:00:00,20,913.6,1.1
2022-06-30 21:00:00,21,132.8,0.2
2022-06-30 22:00:00,22,,0.3
2022-06-30 23:00:00,23,,0.3
2022-07-01 00:00:00,0,,0.2
2022-07-01 01:00:00,1,,0.5
2022-07-01 02:00:00,2,,0.3
2022-07-01 03:00:00,3,,0.4
2022-07-01 04:00:00,4,,0.2
2022-07-01 05:00:00,5,,0.4
2022-07-01 06:00:00,6,,0.3
2022-07-01 07:00:00,7,,0.1
2022-07-01 08:00:00,8,,0.8
2022-07-01 09:00:00,9,,0.8
2022-07-01 10:00:00,10,151.4,0.4
2022-07-01 11:00:00,11,685.6,0.8
2022-07-01 12:00:00,12,1479.2,1.3
2022-07-01 13:00:00,13,1458.8,1.9
2022-07-01 14:00:00,14,1235.8,3.6
2022-07-01 15:00:00,15,3019.7,3.8
2022-07-01 16:00:00,16,2285.2,2.4
2022-07-01 17:00:00,17,2386.9,1.5
2022-07-01 18:00:00,18,2322.2,1.1
2022-07-01 19:00:00,19,895.9,1.1
2022-07-01 20:00:00,20,904.0,1.4
2022-07-01 21:00:00,21,123.3,0.8
2022-07-01 22:00:00,22,,0.2
2022-07-01 23:00:00,23,,0.3
2022-07-02 00:00:00,0,,0.3
2022-07-02 01:00:00,1,,0.2
2022-07-02 02:00:00,2,,1.8
2022-07-02 03:00:00,3,,0.5
2022-07-02 04:00:00,4,,0.3
2022-07-02 05:00:00,5,,0.9
2022-07-02 06:00:00,6,,0.4
2022-07-02 07:00:00,7,,0.5
2022-07-02 08:00:00,8,,0.2
2022-07-02 09:00:00,9,,0.3
2022-07-02 10:00:00,10,77.9,0.9
2022-07-02 11:00:00,11,683.2,1.3
2022-07-02 12:00:00,12,1585.6,3.5
2022-07-02 13:00:00,13,1971.0,4.7
2022-07-02 14:00:00,14,1994.8,3.7
2022-07-02 15:00:00,15,2752.7,4.2
2022-07-02 16:00:00,16,2191.4,3.2
2022-07-02 17:00:00,17,2249.8,2.5
2022-07-02 18:00:00,18,2006.2,2.4
2022-07-02 19:00:00,19,1146.0,2.6
2022-07-02 20:00:00,20,392.9,1.2
2022-07-02 21:00:00,21,85.5,0.2
2022-07-02 22:00:00,22,,0.1
2022-07-02 23:00:00,23,,0.9
2022-07-03 00:00:00,0,,0.4
2022-07-03 01:00:00,1,,2.4
2022-07-03 02:00:00,2,,1.7
2022-07-03 03:00:00,3,,1.0
2022-07-03 04:00:00,4,,0.2
2022-07-03 05:00:00,5,,0.2
2022-07-03 06:00:00,6,,2.1
2022-07-03 07:00:00,7,,1.6
2022-07-03 08:00:00,8,,1.2
2022-07-03 09:00:00,9,,1.5
2022-07-03 10:00:00,10,77.2,1.0
2022-07-03 11:00:00,11,505.0,2.9
2022-07-03 12:00:00,12,1419.0,3.4
2022-07-03 13:00:00,13,2083.7,5.3
2022-07-03 14:00:00,14,2745.3,4.5
2022-07-03 15:00:00,15,2977.3,5.0
2022-07-03 16:00:00,16,2750.2,4.2
2022-07-03 17:00:00,17,2140.0,3.2
2022-07-03 18:00:00,18,2299.0,2.8
2022-07-03 19:00:00,19,1626.9,3.4
2022-07-03 20:00:00,20,927.7,1.8
2022-07-03 21:00:00,21,145.0,0.3
2022-07-03 22:00:00,22,,0.2
2022-07-03 23:00:00,23,,0.2
2022-07-04 00:00:00,0,,0.6
2022-07-04 01:00:00,1,,0.7
2022-07-04 02:00:00,2,,1.7
2022-07-04 03:00:00,3,,1.0
2022-07-04 04:00:00,4,,0.6
2022-07-04 05:00:00,5,,0.8
2022-07-04 06:00:00,6,,0.4
2022-07-04 07:00:00,7,,0.5
2022-07-04 08:00:00,8,,0.4
2022-07-04 09:00:00,9,,0.3
2022-07-04 10:00:00,10,92.6,1.5
2022-07-04 11:00:00,11,613.3,2.8
2022-07-04 12:00:00,12,1579.4,3.1
2022-07-04 13:00:00,13,2210.9,4.3
2022-07-04 14:00:00,14,2711.8,3.9
2022-07-04 15:00:00,15,2779.0,3.9
2022-07-04 16:00:00,16,1751.9,4.1
2022-07-04 17:00:00,17,2316.9,3.3
2022-07-04 18:00:00,18,1719.7,2.2
2022-07-04 19:00:00,19,989.3,1.3
2022-07-04 20:00:00,20,416.9,1.0
2022-07-04 21:00:00,21,48.7,0.2
2022-07-04 22:00:00,22,,0.4
2022-07-04 23:00:00,23,,0.3
2022-07-05 00:00:00,0,,0.5
2022-07-05 01:00:00,1,,0.4
2022-07-05 02:00:00,2,,0.2
2022-07-05 03:00:00,3,,0.4
2022-07-05 04:00:00,4,,0.4
2022-07-05 05:00:00,5,,1.1
2022-07-05 06:00:00,6,,1.9
2022-07-05 07:00:00,7,,1.4
2022-07-05 08:00:00,8,,2.3
2022-07-05 09:00:00,9,,2.1
2022-07-05 10:00:00,10,99.6,1.6
2022-07-05 11:00:00,11,741.5,3.5
2022-07-05 12:00:00,12,1313.8,5.1
2022-07-05 13:00:00,13,2197.7,5.3
2022-07-05 14:00:00,14,2501.0,3.3
2022-07-05 15:00:00,15,2492.7,4.6
2022-07-05 16:00:00,16,2600.2,3.4
2022-07-05 17:00:00,17,2055.5,4.4
2022-07-05 18:00:00,18,1512.7,3.2
2022-07-05 19:00:00,19,789.4,3.0
2022-07-05 20:00:00,20,745.4,2.6
2022-07-05 21:00:00,21,148.6,0.3
2022-07-05 22:00:00,22,,0.4
2022-07-05 23:00:00,23,,0.2
2022-07-06 00:00:00,0,,0.4
2022-07-06 01:00:00,1,,0.2
2022-07-06 02:00:00,2,,0.3
2022-07-06 03:00:00,3,,0.3
2022-07-06 04:00:00,4,,1.3
2022-07-06 05:00:00,5,,1.0
2022-07-06 06:00:00,6,,0.4
2022-07-06 07:00:00,7,,1.3
2022-07-06 08:00:00,8,,0.2
2022-07-06 09:00:00,9,,0.3
2022-07-06 10:00:00,10,99.3,0.3
2022-07-06 11:00:00,11,450.1,2.2
2022-07-06 12:00:00,12,902.4,3.5
2022-07-06 13:00:00,13,2163.3,3.7
2022-07-06 14:00:00,14,2730.4,5.4
2022-07-06 15:00:00,15,2889.6,4.3
2022-07-06 16:00:00,16,2947.8,4.6
2022-07-06 17:00:00,17,2081.0,4.1
2022-07-06 18:00:00,18,1629.5,3.8
2022-07-06 19:00:00,19,1379.8,3.8
2022-07-06 20:00:00,20,936.3,2.1
2022-07-06 21:00:00,21,154.2,1.5
2022-07-06 22:00:00,22,,0.5
2022-07-06 23:00:00,23,,0.2
2022-07-07 00:00:00,0,,0.2
2022-07-07 01:00:00,1,,0.2
2022-07-07 02:00:00,2,,0.2
2022-07-07 03:00:00,3,,0.9
2022-07-07 04:00:00,4,,0.3
2022-07-07 05:00:00,5,,0.4
2022-07-07 06:00:00,6,,0.3
2022-07-07 07:00:00,7,,0.7
2022-07-07 08:00:00,8,,1.9
2022-07-07 09:00:00,9,,1.1
2022-07-07 10:00:00,10,110.2,0.3
2022-07-07 11:00:00,11,692.9,3.8
2022-07-07 12:00:00,12,1570.1,4.4
2022-07-07 13:00:00,13,1980.1,3.6
2022-07-07 14:00:00,14,2299.1,3.3
2022-07-07 15:00:00,15,2271.5,2.5
2022-07-07 16:00:00,16,1877.0,3.2
2022-07-07 17:00:00,17,1786.1,2.0
2022-07-07 18:00:00,18,1028.9,1.2
2022-07-07 19:00:00,19,524.7,1.1
2022-07-07 20:00:00,20,706.2,2.2
2022-07-07 21:00:00,21,75.0,1.2
2022-07-07 22:00:00,22,,0.4
2022-07-07 23:00:00,23,,0.6
2022-07-08 00:00:00,0,,0.9
2022-07-08 01:00:00,1,,0.6
2022-07-08 02:00:00,2,,1.9
2022-07-08 03:00:00,3,,1.7
2022-07-08 04:00:00,4,,1.7
2022-07-08 05:00:00,5,,1.6
2022-07-08 06:00:00,6,,1.7
2022-07-08 07:00:00,7,,1.5
2022-07-08 08:00:00,8,,1.8
2022-07-08 09:00:00,9,,1.9
2022-07-08 10:00:00,10,73.6,1.8
2022-07-08 11:00:00,11,527.4,3.6
2022-07-08 12:00:00,12,966.9,3.2
2022-07-08 13:00:00,13,1244.2,5.0
2022-07-08 14:00:00,14,2170.7,5.5
2022-07-08 15:00:00,15,2270.0,4.4
2022-07-08 16:00:00,16,2659.5,3.6
2022-07-08 17:00:00,17,1461.5,3.5
2022-07-08 18:00:00,18,1624.7,3.0
2022-07-08 19:00:00,19,1640.2,2.6
2022-07-08 20:00:00,20,969.3,2.5
2022-07-08 21:00:00,21,152.6,0.4
2022-07-08 22:00:00,22,,0.2
2022-07-08 23:00:00,23,,0.3
2022-07-09 00:00:00,0,,0.2
2022-07-09 01:00:00,1,,0.3
2022-07-09 02:00:00,2,,0.7
2022-07-09 03:00:00,3,,0.3
2022-07-09 04:00:00,4,,0.2
2022-07-09 05:00:00,5,,0.3
2022-07-09 06:00:00,6,,0.3
2022-07-09 07:00:00,7,,0.5
2022-07-09 08:00:00,8,,1.4
2022-07-09 09:00:00,9,,0.4
2022-07-09 10:00:00,10,141.8,2.6
2022-07-09 11:00:00,11,510.6,2.8
2022-07-09 12:00:00,12,1315.2,5.3
2022-07-09 13:00:00,13,1671.5,5.4
2022-07-09 14:00:00,14,2625.3,5.5
2022-07-09 15:00:00,15,2937.2,6.3
2022-07-09 16:00:00,16,2945.6,4.8
2022-07-09 17:00:00,17,2701.8,4.6
2022-07-09 18:00:00,18,2294.3,4.5
2022-07-09 19:00:00,19,1709.1,4.0
2022-07-09 20:00:00,20,967.3,2.9
2022-07-09 21:00:00,21,154.2,0.6
2022-07-09 22:00:00,22,,0.3
2022-07-09 23:00:00,23,,0.3
2022-07-10 00:00:00,0,,0.2
2022-07-10 01:00:00,1,,0.2
2022-07-10 02:00:00,2,,0.3
2022-07-10 03:00:00,3,,0.4
2022-07-10 04:00:00,4,,0.3
2022-07-10 05:00:00,5,,0.2
2022-07-10 06:00:00,6,,0.5
2022-07-10 07:00:00,7,,0.2
2022-07-10 08:00:00,8,,0.4
2022-07-10 09:00:00,9,,0.1
2022-07-10 10:00:00,10,95.4,1.0
2022-07-10 11:00:00,11,716.5,3.6
2022-07-10 12:00:00,12,1582.4,4.9
2022-07-10 13:00:00,13,2220.7,5.3
2022-07-10 14:00:00,14,2601.7,4.9
2022-07-10 15:00:00,15,2257.8,4.5
2022-07-10 16:00:00,16,2399.9,4.1
2022-07-10 17:00:00,17,2106.5,3.4
2022-07-10 18:00:00,18,1315.2,3.6
2022-07-10 19:00:00,19,768.5,2.4
2022-07-10 20:00:00,20,471.1,2.6
2022-07-10 21:00:00,21,142.2,1.2
2022-07-10 22:00:00,22,,0.2
2022-07-10 23:00:00,23,,0.3
2022-07-11 00:00:00,0,,0.2
2022-07-11 01:00:00,1,,0.4
2022-07-11 02:00:00,2,,1.3
2022-07-11 03:00:00,3,,1.2
2022-07-11 04:00:00,4,,0.8
2022-07-11 05:00:00,5,,0.5
2022-07-11 06:00:00,6,,0.4
2022-07-11 07:00:00,7,,0.5
2022-07-11 08:00:00,8,,0.7
2022-07-11 09:00:00,9,,0.6
2022-07-11 10:00:00,10,68.2,1.1
2022-07-11 11:00:00,11,712.7,4.1
2022-07-11 12:00:00,12,1602.7,5.0
2022-07-11 13:00:00,13,2242.5,4.2
2022-07-11 14:00:00,14,2748.7,4.9
2022-07-11 15:00:00,15,2972.4,4.0
2022-07-11 16:00:00,16,2962.2,3.1
2022-07-11 17:00:00,17,2449.0,2.6
2022-07-11 18:00:00,18,2278.6,2.0
2022-07-11 19:00:00,19,1285.1,2.0
2022-07-11 20:00:00,20,888.9,1.5
2022-07-11 21:00:00,21,192.2,1.0
2022-07-11 22:00:00,22,,0.4
2022-07-11 23:00:00,23,,0.2
2022-07-12 00:00:00,0,,0.3
2022-07-12 01:00:00,1,,0.5
2022-07-12 02:00:00,2,,0.3
2022-07-12 03:00:00,3,,0.4
2022-07-12 04:00:00,4,,0.3
2022-07-12 05:00:00,5,,0.3
2022-07-12 06:00:00,6,,1.2
2022-07-12 07:00:00,7,,0.6
2022-07-12 08:00:00,8,,0.3
2022-07-12 09:00:00,9,,0.4
2022-07-12 10:00:00,10,82.7,0.2
2022-07-12 11:00:00,11,558.2,1.1
2022-07-12 12:00:00,12,786.2,1.4
2022-07-12 13:00:00,13,1581.5,1.9
2022-07-12 14:00:00,14,2595.7,2.2
2022-07-12 15:00:00,15,2827.7,1.2
2022-07-12 16:00:00,16,2585.6,1.5
2022-07-12 17:00:00,17,2188.6,2.1
2022-07-12 18:00:00,18,1496.4,1.4
2022-07-12 19:00:00,19,992.0,1.8
2022-07-12 20:00:00,20,496.5,1.4
2022-07-12 21:00:00,21,105.9,0.3
2022-07-12 22:00:00,22,,0.6
2022-07-12 23:00:00,23,,0.3
2022-07-13 00:00:00,0,,0.2
2022-07-13 01:00:00,1,,0.5
2022-07-13 02:00:00,2,,0.2
2022-07-13 03:00:00,3,,0.5
2022-07-13 04:00:00,4,,0.2
2022-07-13 05:00:00,5,,0.3
2022-07-13 06:00:00,6,,0.3
2022-07-13 07:00:00,7,,0.5
2022-07-13 08:00:00,8,,0.6
2022-07-13 09:00:00,9,,0.5
2022-07-13 10:00:00,10,82.1,0.4
2022-07-13 11:00:00,11,463.1,1.1
2022-07-13 12:00:00,12,1277.2,1.9
2022-07-13 13:00:00,13,2237.8,2.2
2022-07-13 14:00:00,14,2429.0,3.1
2022-07-13 15:00:00,15,2795.0,3.1
2022-07-13 16:00:00,16,2822.8,2.3
2022-07-13 17:00:00,17,2538.8,2.2
2022-07-13 18:00:00,18,2366.6,2.9
2022-07-13 19:00:00,19,1692.2,3.0
2022-07-13 20:00:00,20,908.3,2.8
2022-07-13 21:00:00,21,134.5,0.4
2022-07-13 22:00:00,22,,0.3
2022-07-13 23:00:00,23,,0.3
2022-07-14 00:00:00,0,,0.5
2022-07-14 01:00:00,1,,0.2
2022-07-14 02:00:00,2,,0.2
2022-07-14 03:00:00,3,,0.4
2022-07-14 04:00:00,4,,0.6
2022-07-14 05:00:00,5,,0.6
2022-07-14 06:00:00,6,,0.4
2022-07-14 07:00:00,7,,0.7
2022-07-14 08:00:00,8,,2.5
2022-07-14 09:00:00,9,,0.4
2022-07-14 10:00:00,10,111.6,1.6
2022-07-14 11:00:00,11,938.2,4.7
2022-07-14 12:00:00,12,1596.7,5.3
2022-07-14 13:00:00,13,2228.5,4.0
2022-07-14 14:00:00,14,2259.2,4.0
2022-07-14 15:00:00,15,2396.5,3.3
2022-07-14 16:00:00,16,2410.8,3.1
2022-07-14 17:00:00,17,2318.7,3.3
2022-07-14 18:00:00,18,1811.6,2.4
2022-07-14 19:00:00,19,1716.7,2.3
2022-07-14 20:00:00,20,980.8,2.4
2022-07-14 21:00:00,21,164.0,1.7
2022-07-14 22:00:00,22,,0.2
2022-07-14 23:00:00,23,,0.2
2022-07-15 00:00:00,0,,0.3
2022-07-15 01:00:00,1,,0.1
2022-07-15 02:00:00,2,,0.2
2022-07-15 03:00:00,3,,0.1
2022-07-15 04:00:00,4,,0.4
2022-07-15 05:00:00,5,,0.5
2022-07-15 06:00:00,6,,0.5
2022-07-15 07:00:00,7,,0.2
2022-07-15 08:00:00,8,,0.1
2022-07-15 09:00:00,9,,0.3
2022-07-15 10:00:00,10,107.8,0.7
2022-07-15 11:00:00,11,685.9,2.4
2022-07-15 12:00:00,12,1038.0,4.3
2022-07-15 13:00:00,13,1959.1,3.7
2022-07-15 14:00:00,14,2796.8,2.9
2022-07-15 15:00:00,15,2628.5,3.2
2022-07-15 16:00:00,16,3079.1,3.2
2022-07-15 17:00:00,17,2726.4,3.9
2022-07-15 18:00:00,18,2326.3,3.4
2022-07-15 19:00:00,19,1654.8,3.0
2022-07-15 20:00:00,20,557.7,2.0
2022-07-15 21:00:00,21,70.9,0.3
2022-07-15 22:00:00,22,,0.2
2022-07-15 23:00:00,23,,0.2
2022-07-16 00:00:00,0,,0.5
2022-07-16 01:00:00,1,,0.2
2022-07-16 02:00:00,2,,0.3
2022-07-16 03:00:00,3,,0.2
2022-07-16 04:00:00,4,,0.2
2022-07-16 05:00:00,5,,0.3
2022-07-16 06:00:00,6,,0.2
2022-07-16 07:00:00,7,,0.2
2022-07-16 08:00:00,8,,0.7
2022-07-16 09:00:00,9,,0.3
2022-07-16 10:00:00,10,75.1,0.4
2022-07-16 11:00:00,11,694.3,1.4
2022-07-16 12:00:00,12,1576.8,3.8
2022-07-16 13:00:00,13,2219.2,3.4
2022-07-16 14:00:00,14,2741.7,2.9
2022-07-16 15:00:00,15,2985.0,3.6
2022-07-16 16:00:00,16,2985.3,4.4
2022-07-16 17:00:00,17,2755.0,4.1
2022-07-16 18:00:00,18,2326.2,2.5
2022-07-16 19:00:00,19,1730.5,2.6
2022-07-16 20:00:00,20,990.0,2.1
2022-07-16 21:00:00,21,173.5,0.2
2022-07-16 22:00:00,22,,0.1
2022-07-16 23:00:00,23,,0.5
2022-07-17 00:00:00,0,,0.3
2022-07-17 01:00:00,1,,0.2
2022-07-17 02:00:00,2,,0.1
2022-07-17 03:00:00,3,,0.2
2022-07-17 04:00:00,4,,0.2
2022-07-17 05:00:00,5,,0.4
2022-07-17 06:00:00,6,,0.4
2022-07-17 07:00:00,7,,0.8
2022-07-17 08:00:00,8,,0.2
2022-07-17 09:00:00,9,,0.9
2022-07-17 10:00:00,10,68.4,0.4
2022-07-17 11:00:00,11,709.1,2.6
2022-07-17 12:00:00,12,1597.3,3.2
2022-07-17 13:00:00,13,2244.0,3.8
2022-07-17 14:00:00,14,2738.0,4.5
2022-07-17 15:00:00,15,2915.5,2.7
2022-07-17 16:00:00,16,2950.1,3.6
2022-07-17 17:00:00,17,2766.3,4.0
2022-07-17 18:00:00,18,2386.5,3.5
2022-07-17 19:00:00,19,1753.5,3.1
2022-07-17 20:00:00,20,1004.2,2.5
2022-07-17 21:00:00,21,174.0,0.2
2022-07-17 22:00:00,22,,0.1
2022-07-17 23:00:00,23,,0.2
2022-07-18 00:00:00,0,,0.2
2022-07-18 01:00:00,1,,0.1
2022-07-18 02:00:00,2,,0.4
2022-07-18 03:00:00,3,,1.2
2022-07-18 04:00:00,4,,0.7
2022-07-18 05:00:00,5,,0.3
2022-07-18 06:00:00,6,,0.4
2022-07-18 07:00:00,7,,0.4
2022-07-18 08:00:00,8,,0.6
2022-07-18 09:00:00,9,,0.6
2022-07-18 10:00:00,10,65.7,2.0
2022-07-18 11:00:00,11,705.3,3.7
2022-07-18 12:00:00,12,1616.8,4.1
2022-07-18 13:00:00,13,2265.5,3.5
2022-07-18 14:00:00,14,2760.5,2.9
2022-07-18 15:00:00,15,2946.2,3.4
2022-07-18 16:00:00,16,2970.3,2.9
2022-07-18 17:00:00,17,2744.3,2.6
2022-07-18 18:00:00,18,2328.9,3.6
2022-07-18 19:00:00,19,1645.5,2.9
2022-07-18 20:00:00,20,976.8,2.2
2022-07-18 21:00:00,21,173.2,1.5
2022-07-18 22:00:00,22,,0.4
2022-07-18 23:00:00,23,,0.1
2022-07-19 00:00:00,0,,0.2
2022-07-19 01:00:00,1,,0.5
2022-07-19 02:00:00,2,,0.4
2022-07-19 03:00:00,3,,1.2
2022-07-19 04:00:00,4,,2.8
2022-07-19 05:00:00,5,,0.8
2022-07-19 06:00:00,6,,0.5
2022-07-19 07:00:00,7,,0.3
2022-07-19 08:00:00,8,,0.3
2022-07-19 09:00:00,9,,0.2
2022-07-19 10:00:00,10,69.0,1.1
2022-07-19 11:00:00,11,709.2,2.4
2022-07-19 12:00:00,12,1612.6,4.6
2022-07-19 13:00:00,13,2255.1,3.9
2022-07-19 14:00:00,14,2759.1,4.5
2022-07-19 15:00:00,15,2998.3,3.6
2022-07-19 16:00:00,16,3005.7,5.0
2022-07-19 17:00:00,17,2785.8,3.3
2022-07-19 18:00:00,18,2354.6,3.8
2022-07-19 19:00:00,19,1750.7,3.4
2022-07-19 20:00:00,20,993.9,2.1
2022-07-19 21:00:00,21,170.2,0.1
2022-07-19 22:00:00,22,,0.2
2022-07-19 23:00:00,23,,0.2
2022-07-20 00:00:00,0,,0.4
2022-07-20 01:00:00,1,,0.1
2022-07-20 02:00:00,2,,0.2
2022-07-20 03:00:00,3,,0.5
2022-07-20 04:00:00,4,,0.7
2022-07-20 05:00:00,5,,0.5
2022-07-20 06:00:00,6,,0.5
2022-07-20 07:00:00,7,,0.1
2022-07-20 08:00:00,8,,0.1
2022-07-20 09:00:00,9,,0.2
2022-07-20 10:00:00,10,72.2,0.5
2022-07-20 11:00:00,11,717.3,2.8
2022-07-20 12:00:00,12,1634.4,5.1
2022-07-20 13:00:00,13,2282.2,4.5
2022-07-20 14:00:00,14,2790.8,3.8
2022-07-20 15:00:00,15,3032.7,3.9
2022-07-20 16:00:00,16,3023.1,3.7
2022-07-20 17:00:00,17,2788.1,3.8
2022-07-20 18:00:00,18,2353.2,3.3
2022-07-20 19:00:00,19,1762.9,2.9
2022-07-20 20:00:00,20,1010.8,2.6
2022-07-20 21:00:00,21,186.3,0.5
2022-07-20 22:00:00,22,,0.3
2022-07-20 23:00:00,23,,0.3
2022-07-21 00:00:00,0,,0.2
2022-07-21 01:00:00,1,,0.4
2022-07-21 02:00:00,2,,0.2
2022-07-21 03:00:00,3,,0.2
2022-07-21 04:00:00,4,,1.2
2022-07-21 05:00:00,5,,1.0
2022-07-21 06:00:00,6,,0.5
2022-07-21 07:00:00,7,,0.2
2022-07-21 08:00:00,8,,0.3
2022-07-21 09:00:00,9,,0.3
2022-07-21 10:00:00,10,110.1,0.5
2022-07-21 11:00:00,11,642.5,1.1
2022-07-21 12:00:00,12,1568.2,1.0
2022-07-21 13:00:00,13,1663.8,3.0
2022-07-21 14:00:00,14,2548.1,3.2
2022-07-21 15:00:00,15,2006.4,2.2
2022-07-21 16:00:00,16,2646.9,2.3
2022-07-21 17:00:00,17,2678.7,1.6
2022-07-21 18:00:00,18,1960.0,2.3
2022-07-21 19:00:00,19,1592.5,2.2
2022-07-21 20:00:00,20,983.9,0.5
2022-07-21 21:00:00,21,184.5,0.2
2022-07-21 22:00:00,22,,0.5
2022-07-21 23:00:00,23,,0.1
2022-07-22 00:00:00,0,,0.2
2022-07-22 01:00:00,1,,0.5
2022-07-22 02:00:00,2,,0.3
2022-07-22 03:00:00,3,,0.4
2022-07-22 04:00:00,4,,0.3
2022-07-22 05:00:00,5,,0.3
2022-07-22 06:00:00,6,,0.2
2022-07-22 07:00:00,7,,1.8
2022-07-22 08:00:00,8,,0.4
2022-07-22 09:00:00,9,,0.3
2022-07-22 10:00:00,10,92.3,0.6
2022-07-22 11:00:00,11,684.8,0.6
2022-07-22 12:00:00,12,1637.1,1.5
2022-07-22 13:00:00,13,1229.7,3.2
2022-07-22 14:00:00,14,1960.5,2.6
2022-07-22 15:00:00,15,2687.9,4.0
2022-07-22 16:00:00,16,2962.5,3.4
2022-07-22 17:00:00,17,2517.0,3.4
2022-07-22 18:00:00,18,2193.7,3.4
2022-07-22 19:00:00,19,1688.3,2.9
2022-07-22 20:00:00,20,1071.1,2.2
2022-07-22 21:00:00,21,174.2,0.2
2022-07-22 22:00:00,22,,0.3
2022-07-22 23:00:00,23,,0.3
2022-07-23 00:00:00,0,,0.2
2022-07-23 01:00:00,1,,0.1
2022-07-23 02:00:00,2,,0.1
2022-07-23 03:00:00,3,,0.1
2022-07-23 04:00:00,4,,0.2
2022-07-23 05:00:00,5,,0.5
2022-07-23 06:00:00,6,,0.8
2022-07-23 07:00:00,7,,0.5
2022-07-23 08:00:00,8,,0.4
2022-07-23 09:00:00,9,,0.3
2022-07-23 10:00:00,10,87.5,0.2
2022-07-23 11:00:00,11,689.5,1.5
2022-07-23 12:00:00,12,1585.3,3.2
2022-07-23 13:00:00,13,2197.3,4.6
2022-07-23 14:00:00,14,2741.9,3.9
2022-07-23 15:00:00,15,2992.7,3.3
2022-07-23 16:00:00,16,2976.8,2.6
2022-07-23 17:00:00,17,2763.3,3.1
2022-07-23 18:00:00,18,2246.5,3.7
2022-07-23 19:00:00,19,1723.8,2.7
2022-07-23 20:00:00,20,992.9,1.9
2022-07-23 21:00:00,21,196.0,1.4
2022-07-23 22:00:00,22,,0.1
2022-07-23 23:00:00,23,,0.1
2022-07-24 00:00:00,0,,0.2
2022-07-24 01:00:00,1,,0.2
2022-07-24 02:00:00,2,,0.1
2022-07-24 03:00:00,3,,1.0
2022-07-24 04:00:00,4,,0.4
2022-07-24 05:00:00,5,,0.3
2022-07-24 06:00:00,6,,0.7
2022-07-24 07:00:00,7,,0.3
2022-07-24 08:00:00,8,,0.6
2022-07-24 09:00:00,9,,0.4
2022-07-24 10:00:00,10,77.8,0.4
2022-07-24 11:00:00,11,729.8,1.1
2022-07-24 12:00:00,12,1582.8,3.5
2022-07-24 13:00:00,13,2244.8,4.2
2022-07-24 14:00:00,14,2771.5,3.6
2022-07-24 15:00:00,15,2979.2,3.6
2022-07-24 16:00:00,16,2988.5,3.8
2022-07-24 17:00:00,17,2762.1,2.4
2022-07-24 18:00:00,18,2319.1,3.0
2022-07-24 19:00:00,19,1724.8,1.8
2022-07-24 20:00:00,20,847.5,1.2
2022-07-24 21:00:00,21,179.8,0.6
2022-07-24 22:00:00,22,,0.2
2022-07-24 23:00:00,23,,0.4
2022-07-25 00:00:00,0,,0.2
2022-07-25 01:00:00,1,,0.3
2022-07-25 02:00:00,2,,0.1
2022-07-25 03:00:00,3,,0.1
2022-07-25 04:00:00,4,,1.2
2022-07-25 05:00:00,5,,0.9
2022-07-25 06:00:00,6,,0.7
2022-07-25 07:00:00,7,,0.4
2022-07-25 08:00:00,8,,0.1
2022-07-25 09:00:00,9,,0.2
2022-07-25 10:00:00,10,133.5,2.1
2022-07-25 11:00:00,11,755.3,3.1
2022-07-25 12:00:00,12,1500.1,5.1
2022-07-25 13:00:00,13,2295.5,4.9
2022-07-25 14:00:00,14,2801.8,5.0
2022-07-25 15:00:00,15,3025.4,4.1
2022-07-25 16:00:00,16,2974.5,3.2
2022-07-25 17:00:00,17,2807.4,3.8
2022-07-25 18:00:00,18,2250.2,2.9
2022-07-25 19:00:00,19,1628.1,2.9
2022-07-25 20:00:00,20,894.3,2.4
2022-07-25 21:00:00,21,159.9,1.7
2022-07-25 22:00:00,22,,0.2
2022-07-25 23:00:00,23,,0.5
2022-07-26 00:00:00,0,,0.2
2022-07-26 01:00:00,1,,0.3
2022-07-26 02:00:00,2,,0.2
2022-07-26 03:00:00,3,,0.2
2022-07-26 04:00:00,4,,0.3
2022-07-26 05:00:00,5,,0.5
2022-07-26 06:00:00,6,,0.3
2022-07-26 07:00:00,7,,0.4
2022-07-26 08:00:00,8,,0.3
2022-07-26 09:00:00,9,,0.4
2022-07-26 10:00:00,10,72.4,0.3
2022-07-26 11:00:00,11,760.5,1.9
2022-07-26 12:00:00,12,1668.5,4.6
2022-07-26 13:00:00,13,2301.6,4.3
2022-07-26 14:00:00,14,2781.1,3.4
2022-07-26 15:00:00,15,3024.2,3.4
2022-07-26 16:00:00,16,3055.0,3.7
2022-07-26 17:00:00,17,2842.6,3.6
2022-07-26 18:00:00,18,2408.8,2.3
2022-07-26 19:00:00,19,1776.6,2.3
2022-07-26 20:00:00,20,1012.0,1.5
2022-07-26 21:00:00,21,192.5,0.4
2022-07-26 22:00:00,22,,0.1
2022-07-26 23:00:00,23,,0.1
2022-07-27 00:00:00,0,,0.3
2022-07-27 01:00:00,1,,0.2
2022-07-27 02:00:00,2,,0.2
2022-07-27 03:00:00,3,,0.2
2022-07-27 04:00:00,4,,0.3
2022-07-27 05:00:00,5,,1.1
2022-07-27 06:00:00,6,,0.9
2022-07-27 07:00:00,7,,0.2
2022-07-27 08:00:00,8,,0.3
2022-07-27 09:00:00,9,,0.3
2022-07-27 10:00:00,10,77.1,1.1
2022-07-27 11:00:00,11,741.3,2.2
2022-07-27 12:00:00,12,1622.7,2.4
2022-07-27 13:00:00,13,2177.7,2.4
2022-07-27 14:00:00,14,2684.7,3.4
2022-07-27 15:00:00,15,3007.1,3.4
2022-07-27 16:00:00,16,2883.5,2.9
2022-07-27 17:00:00,17,2586.5,3.2
2022-07-27 18:00:00,18,2382.8,2.2
2022-07-27 19:00:00,19,1811.2,2.1
2022-07-27 20:00:00,20,1024.6,1.9
2022-07-27 21:00:00,21,204.4,0.2
2022-07-27 22:00:00,22,,0.2
2022-07-27 23:00:00,23,,0.2
2022-07-28 00:00:00,0,,0.3
2022-07-28 01:00:00,1,,0.5
2022-07-28 02:00:00,2,,0.2
2022-07-28 03:00:00,3,,0.2
2022-07-28 04:00:00,4,,0.3
2022-07-28 05:00:00,5,,1.2
2022-07-28 06:00:00,6,,0.7
2022-07-28 07:00:00,7,,0.4
2022-07-28 08:00:00,8,,0.4
2022-07-28 09:00:00,9,,0.6
2022-07-28 10:00:00,10,72.1,0.7
2022-07-28 11:00:00,11,731.5,0.6
2022-07-28 12:00:00,12,1622.0,4.7
2022-07-28 13:00:00,13,2276.2,4.5
2022-07-28 14:00:00,14,2779.3,4.4
2022-07-28 15:00:00,15,3017.3,3.6
2022-07-28 16:00:00,16,3038.0,2.4
2022-07-28 17:00:00,17,2802.5,3.0
2022-07-28 18:00:00,18,2086.6,1.2
2022-07-28 19:00:00,19,1551.8,2.5
2022-07-28 20:00:00,20,546.1,0.8
2022-07-28 21:00:00,21,160.3,0.2
2022-07-28 22:00:00,22,,0.2
2022-07-28 23:00:00,23,,0.3
2022-07-29 00:00:00,0,,0.2
2022-07-29 01:00:00,1,,0.5
2022-07-29 02:00:00,2,,0.2
2022-07-29 03:00:00,3,,0.3
2022-07-29 04:00:00,4,,0.3
2022-07-29 05:00:00,5,,0.4
2022-07-29 06:00:00,6,,0.1
2022-07-29 07:00:00,7,,0.5
2022-07-29 08:00:00,8,,2.0
2022-07-29 09:00:00,9,,0.2
2022-07-29 10:00:00,10,103.6,0.7
2022-07-29 11:00:00,11,705.2,0.4
2022-07-29 12:00:00,12,1563.8,1.2
2022-07-29 13:00:00,13,2219.5,1.3
2022-07-29 14:00:00,14,2202.2,2.4
2022-07-29 15:00:00,15,2375.4,2.0
2022-07-29 16:00:00,16,2529.8,2.4
2022-07-29 17:00:00,17,2065.2,2.4
2022-07-29 18:00:00,18,2018.3,1.2
2022-07-29 19:00:00,19,1578.6,1.0
2022-07-29 20:00:00,20,869.5,1.8
2022-07-29 21:00:00,21,202.3,0.3
2022-07-29 22:00:00,22,,0.3
2022-07-29 23:00:00,23,,0.1
2022-07-30 00:00:00,0,,0.2
2022-07-30 01:00:00,1,,0.7
2022-07-30 02:00:00,2,,2.2
2022-07-30 03:00:00,3,,2.0
2022-07-30 04:00:00,4,,1.6
2022-07-30 05:00:00,5,,0.9
2022-07-30 06:00:00,6,,0.4
2022-07-30 07:00:00,7,,0.9
2022-07-30 08:00:00,8,,0.2
2022-07-30 09:00:00,9,,0.1
2022-07-30 10:00:00,10,83.4,0.4
2022-07-30 11:00:00,11,407.3,0.9
2022-07-30 12:00:00,12,1562.6,2.2
2022-07-30 13:00:00,13,2204.1,2.5
2022-07-30 14:00:00,14,2775.3,2.0
2022-07-30 15:00:00,15,2101.2,1.3
2022-07-30 16:00:00,16,1631.3,0.7
2022-07-30 17:00:00,17,2848.4,1.4
2022-07-30 18:00:00,18,2155.3,1.2
2022-07-30 19:00:00,19,1021.9,4.6
2022-07-30 20:00:00,20,151.7,0.7
2022-07-30 21:00:00,21,35.0,1.2
2022-07-30 22:00:00,22,,1.4
2022-07-30 23:00:00,23,,1.3
2022-07-31 00:00:00,0,,0.7
2022-07-31 01:00:00,1,,0.9
2022-07-31 02:00:00,2,,0.9
2022-07-31 03:00:00,3,,0.8
2022-07-31 04:00:00,4,,1.0
2022-07-31 05:00:00,5,,0.6
2022-07-31 06:00:00,6,,0.5
2022-07-31 07:00:00,7,,0.6
2022-07-31 08:00:00,8,,0.4
2022-07-31 09:00:00,9,,0.3
2022-07-31 10:00:00,10,116.6,2.0
2022-07-31 11:00:00,11,715.9,1.5
2022-07-31 12:00:00,12,1599.2,1.2
2022-07-31 13:00:00,13,2214.9,2.7
2022-07-31 14:00:00,14,2378.1,2.4
2022-07-31 15:00:00,15,2550.0,2.6
2022-07-31 16:00:00,16,2510.0,2.5
2022-07-31 17:00:00,17,2773.9,2.2
2022-07-31 18:00:00,18,2379.7,2.9
2022-07-31 19:00:00,19,1638.8,2.6
2022-07-31 20:00:00,20,1025.3,3.5
2022-07-31 21:00:00,21,205.4,1.6
2022-07-31 22:00:00,22,,0.2
2022-07-31 23:00:00,23,,0.3
2022-08-01 00:00:00,0,,0.6
2022-08-01 01:00:00,1,,0.6
2022-08-01 02:00:00,2,,0.5
2022-08-01 03:00:00,3,,0.2
2022-08-01 04:00:00,4,,0.4
2022-08-01 05:00:00,5,,0.9
2022-08-01 06:00:00,6,,0.5
2022-08-01 07:00:00,7,,0.7
2022-08-01 08:00:00,8,,0.7
2022-08-01 09:00:00,9,,0.3
2022-08-01 10:00:00,10,138.6,1.0
2022-08-01 11:00:00,11,913.5,1.1
2022-08-01 12:00:00,12,1453.4,1.8
2022-08-01 13:00:00,13,1855.3,2.5
2022-08-01 14:00:00,14,2492.5,4.4
2022-08-01 15:00:00,15,2983.3,3.4
2022-08-01 16:00:00,16,3104.9,3.8
2022-08-01 17:00:00,17,2820.1,4.5
2022-08-01 18:00:00,18,2417.4,4.3
2022-08-01 19:00:00,19,1781.2,4.1
2022-08-01 20:00:00,20,1018.3,2.4
2022-08-01 21:00:00,21,201.9,0.2
2022-08-01 22:00:00,22,,0.2
2022-08-01 23:00:00,23,,0.5
2022-08-02 00:00:00,0,,0.3
2022-08-02 01:00:00,1,,0.4
2022-08-02 02:00:00,2,,0.5
2022-08-02 03:00:00,3,,0.3
2022-08-02 04:00:00,4,,0.6
2022-08-02 05:00:00,5,,0.5
2022-08-02 06:00:00,6,,0.5
2022-08-02 07:00:00,7,,0.3
2022-08-02 08:00:00,8,,0.1
2022-08-02 09:00:00,9,,0.3
2022-08-02 10:00:00,10,82.3,0.8
2022-08-02 11:00:00,11,788.3,2.7
2022-08-02 12:00:00,12,1679.2,3.3
2022-08-02 13:00:00,13,2359.1,3.2
2022-08-02 14:00:00,14,2864.9,4.5
2022-08-02 15:00:00,15,3111.0,3.9
2022-08-02 16:00:00,16,3119.6,3.4
2022-08-02 17:00:00,17,2897.4,4.6
2022-08-02 18:00:00,18,2467.7,2.8
2022-08-02 19:00:00,19,1822.0,2.8
2022-08-02 20:00:00,20,1027.8,2.7
2022-08-02 21:00:00,21,212.8,0.8
2022-08-02 22:00:00,22,,0.2
2022-08-02 23:00:00,23,,0.1
2022-08-03 00:00:00,0,,0.1
2022-08-03 01:00:00,1,,0.3
2022-08-03 02:00:00,2,,0.4
2022-08-03 03:00:00,3,,0.3
2022-08-03 04:00:00,4,,0.7
2022-08-03 05:00:00,5,,0.3
2022-08-03 06:00:00,6,,0.6
2022-08-03 07:00:00,7,,0.3
2022-08-03 08:00:00,8,,0.2
2022-08-03 09:00:00,9,,0.2
2022-08-03 10:00:00,10,85.1,0.5
2022-08-03 11:00:00,11,782.9,1.3
2022-08-03 12:00:00,12,1643.9,3.3
2022-08-03 13:00:00,13,2343.8,3.5
2022-08-03 14:00:00,14,2785.8,4.0
2022-08-03 15:00:00,15,3116.6,4.5
2022-08-03 16:00:00,16,2907.8,2.9
2022-08-03 17:00:00,17,2575.2,3.0
2022-08-03 18:00:00,18,2066.2,1.7
2022-08-03 19:00:00,19,1573.6,1.3
2022-08-03 20:00:00,20,974.7,1.6
2022-08-03 21:00:00,21,219.0,0.3
2022-08-03 22:00:00,22,,0.4
2022-08-03 23:00:00,23,,0.2
2022-08-04 00:00:00,0,,0.2
2022-08-04 01:00:00,1,,0.5
2022-08-04 02:00:00,2,,0.5
2022-08-04 03:00:00,3,,0.9
2022-08-04 04:00:00,4,,0.3
2022-08-04 05:00:00,5,,0.7
2022-08-04 06:00:00,6,,0.3
2022-08-04 07:00:00,7,,0.1
2022-08-04 08:00:00,8,,0.6
2022-08-04 09:00:00,9,,0.4
2022-08-04 10:00:00,10,82.5,1.9
2022-08-04 11:00:00,11,808.4,2.0
2022-08-04 12:00:00,12,1470.5,2.3
2022-08-04 13:00:00,13,1127.7,2.9
2022-08-04 14:00:00,14,1683.2,2.1
2022-08-04 15:00:00,15,2410.3,2.1
2022-08-04 16:00:00,16,2735.5,2.6
2022-08-04 17:00:00,17,2355.1,2.7
2022-08-04 18:00:00,18,2212.4,3.1
2022-08-04 19:00:00,19,1047.2,2.3
2022-08-04 20:00:00,20,866.9,1.8
2022-08-04 21:00:00,21,207.9,0.4
2022-08-04 22:00:00,22,,0.1
2022-08-04 23:00:00,23,,0.3
2022-08-05 00:00:00,0,,1.5
2022-08-05 01:00:00,1,,1.5
2022-08-05 02:00:00,2,,2.2
2022-08-05 03:00:00,3,,2.2
2022-08-05 04:00:00,4,,0.8
2022-08-05 05:00:00,5,,1.4
2022-08-05 06:00:00,6,,1.1
2022-08-05 07:00:00,7,,1.7
2022-08-05 08:00:00,8,,0.3
2022-08-05 09:00:00,9,,0.9
2022-08-05 10:00:00,10,134.2,0.5
2022-08-05 11:00:00,11,524.9,1.2
2022-08-05 12:00:00,12,947.8,2.6
2022-08-05 13:00:00,13,1923.7,3.1
2022-08-05 14:00:00,14,2509.8,4.6
2022-08-05 15:00:00,15,2771.3,3.4
2022-08-05 16:00:00,16,2804.6,2.6
2022-08-05 17:00:00,17,1984.6,3.0
2022-08-05 18:00:00,18,2231.7,1.7
2022-08-05 19:00:00,19,1312.3,3.4
2022-08-05 20:00:00,20,603.2,2.6
2022-08-05 21:00:00,21,195.7,1.9
2022-08-05 22:00:00,22,,0.3
2022-08-05 23:00:00,23,,0.1
2022-08-06 00:00:00,0,,0.4
2022-08-06 01:00:00,1,,0.1
2022-08-06 02:00:00,2,,0.2
2022-08-06 03:00:00,3,,0.1
2022-08-06 04:00:00,4,,0.3
2022-08-06 05:00:00,5,,0.6
2022-08-06 06:00:00,6,,0.2
2022-08-06 07:00:00,7,,0.6
2022-08-06 08:00:00,8,,0.8
2022-08-06 09:00:00,9,,0.2
2022-08-06 10:00:00,10,78.0,0.4
2022-08-06 11:00:00,11,843.1,0.9
2022-08-06 12:00:00,12,1684.8,2.2
2022-08-06 13:00:00,13,2374.3,3.4
2022-08-06 14:00:00,14,2879.0,2.6
2022-08-06 15:00:00,15,3117.2,2.9
2022-08-06 16:00:00,16,3031.1,2.5
2022-08-06 17:00:00,17,2879.1,3.2
2022-08-06 18:00:00,18,2539.7,4.0
2022-08-06 19:00:00,19,1855.1,2.9
2022-08-06 20:00:00,20,1060.8,2.2
2022-08-06 21:00:00,21,206.0,0.2
2022-08-06 22:00:00,22,,0.1
2022-08-06 23:00:00,23,,0.1
2022-08-07 00:00:00,0,,0.1
2022-08-07 01:00:00,1,,0.3
2022-08-07 02:00:00,2,,0.1
2022-08-07 03:00:00,3,,0.6
2022-08-07 04:00:00,4,,0.3
2022-08-07 05:00:00,5,,0.2
2022-08-07 06:00:00,6,,0.2
2022-08-07 07:00:00,7,,0.1
2022-08-07 08:00:00,8,,0.2
2022-08-07 09:00:00,9,,0.3
2022-08-07 10:00:00,10,83.5,0.5
2022-08-07 11:00:00,11,832.8,1.8
2022-08-07 12:00:00,12,1600.7,3.3
2022-08-07 13:00:00,13,2345.6,4.1
2022-08-07 14:00:00,14,2943.0,2.7
2022-08-07 15:00:00,15,3276.6,2.4
2022-08-07 16:00:00,16,2913.4,2.3
2022-08-07 17:00:00,17,2855.2,2.8
2022-08-07 18:00:00,18,2427.8,2.8
2022-08-07 19:00:00,19,1725.0,2.7
2022-08-07 20:00:00,20,1009.0,2.5
2022-08-07 21:00:00,21,195.9,0.2
2022-08-07 22:00:00,22,,0.3
2022-08-07 23:00:00,23,,0.1
2022-08-08 00:00:00,0,,0.2
2022-08-08 01:00:00,1,,0.2
2022-08-08 02:00:00,2,,0.2
2022-08-08 03:00:00,3,,0.2
2022-08-08 04:00:00,4,,0.4
2022-08-08 05:00:00,5,,1.4
2022-08-08 06:00:00,6,,1.0
2022-08-08 07:00:00,7,,0.4
2022-08-08 08:00:00,8,,
2022-08-08 09:00:00,9,,1.6
2022-08-08 10:00:00,10,103.8,0.6
2022-08-08 11:00:00,11,825.8,1.3
2022-08-08 12:00:00,12,1658.1,1.5
2022-08-08 13:00:00,13,2388.0,2.8
2022-08-08 14:00:00,14,2930.6,1.9
2022-08-08 15:00:00,15,3142.4,3.3
2022-08-08 16:00:00,16,3147.7,3.0
2022-08-08 17:00:00,17,2929.4,3.0
2022-08-08 18:00:00,18,2482.6,3.0
2022-08-08 19:00:00,19,1839.4,2.4
2022-08-08 20:00:00,20,1057.1,2.5
2022-08-08 21:00:00,21,203.5,0.2
2022-08-08 22:00:00,22,,0.1
2022-08-08 23:00:00,23,,0.1
2022-08-09 00:00:00,0,,0.2
2022-08-09 01:00:00,1,,0.7
2022-08-09 02:00:00,2,,0.4
2022-08-09 03:00:00,3,,1.0
2022-08-09 04:00:00,4,,0.8
2022-08-09 05:00:00,5,,0.7
2022-08-09 06:00:00,6,,1.3
2022-08-09 07:00:00,7,,
2022-08-09 08:00:00,8,,0.6
2022-08-09 09:00:00,9,,0.3
2022-08-09 10:00:00,10,139.2,1.0
2022-08-09 11:00:00,11,874.5,1.0
2022-08-09 12:00:00,12,1646.2,1.7
2022-08-09 13:00:00,13,2392.2,3.9
2022-08-09 14:00:00,14,2909.9,3.5
2022-08-09 15:00:00,15,3139.2,4.3
2022-08-09 16:00:00,16,3137.8,2.4
2022-08-09 17:00:00,17,2922.1,3.0
2022-08-09 18:00:00,18,2497.9,2.0
2022-08-09 19:00:00,19,1839.7,2.2
2022-08-09 20:00:00,20,1036.4,2.3
2022-08-09 21:00:00,21,199.5,0.3
2022-08-09 22:00:00,22,,0.2
2022-08-09 23:00:00,23,,0.2
2022-08-10 00:00:00,0,,0.2
2022-08-10 01:00:00,1,,0.3
2022-08-10 02:00:00,2,,0.2
2022-08-10 03:00:00,3,,0.5
2022-08-10 04:00:00,4,,0.5
2022-08-10 05:00:00,5,,0.3
2022-08-10 06:00:00,6,,1.1
2022-08-10 07:00:00,7,,0.6
2022-08-10 08:00:00,8,,0.4
2022-08-10 09:00:00,9,0.0,0.3
2022-08-10 10:00:00,10,82.8,0.6
2022-08-10 11:00:00,11,325.2,1.5
2022-08-10 12:00:00,12,654.4,1.0
2022-08-10 13:00:00,13,1678.7,0.9
2022-08-10 14:00:00,14,2808.0,2.0
2022-08-10 15:00:00,15,3138.6,1.4
2022-08-10 16:00:00,16,2834.0,1.2
2022-08-10 17:00:00,17,2769.1,1.4
2022-08-10 18:00:00,18,2069.5,1.5
2022-08-10 19:00:00,19,1840.1,2.0
2022-08-10 20:00:00,20,998.3,1.6
2022-08-10 21:00:00,21,196.8,0.6
2022-08-10 22:00:00,22,,0.5
2022-08-10 23:00:00,23,,0.2
2022-08-11 00:00:00,0,,0.4
2022-08-11 01:00:00,1,,0.3
2022-08-11 02:00:00,2,,0.3
2022-08-11 03:00:00,3,,1.2
2022-08-11 04:00:00,4,,1.5
2022-08-11 05:00:00,5,,1.4
2022-08-11 06:00:00,6,,0.8
2022-08-11 07:00:00,7,,1.3
2022-08-11 08:00:00,8,,0.6
2022-08-11 09:00:00,9,,0.5
2022-08-11 10:00:00,10,109.5,0.7
2022-08-11 11:00:00,11,887.3,1.5
2022-08-11 12:00:00,12,1626.7,0.9
2022-08-11 13:00:00,13,2351.6,1.7
2022-08-11 14:00:00,14,2881.0,1.7
2022-08-11 15:00:00,15,3091.6,1.6
2022-08-11 16:00:00,16,2961.1,1.6
2022-08-11 17:00:00,17,2472.5,1.9
2022-08-11 18:00:00,18,2010.1,1.5
2022-08-11 19:00:00,19,1648.7,0.9
2022-08-11 20:00:00,20,1015.3,1.0
2022-08-11 21:00:00,21,191.2,0.1
2022-08-11 22:00:00,22,,0.1
2022-08-11 23:00:00,23,,0.4
2022-08-12 00:00:00,0,,0.2
2022-08-12 01:00:00,1,,0.2
2022-08-12 02:00:00,2,,2.0
2022-08-12 03:00:00,3,,1.8
2022-08-12 04:00:00,4,,1.5
2022-08-12 05:00:00,5,,0.2
2022-08-12 06:00:00,6,,0.1
2022-08-12 07:00:00,7,,0.2
2022-08-12 08:00:00,8,,0.1
2022-08-12 09:00:00,9,,0.3
2022-08-12 10:00:00,10,153.9,0.2
2022-08-12 11:00:00,11,568.0,1.5
2022-08-12 12:00:00,12,1347.6,1.5
2022-08-12 13:00:00,13,2261.7,1.8
2022-08-12 14:00:00,14,2851.7,1.7
2022-08-12 15:00:00,15,3173.3,2.1
2022-08-12 16:00:00,16,2395.9,1.7
2022-08-12 17:00:00,17,2217.9,1.6
2022-08-12 18:00:00,18,2557.6,1.8
2022-08-12 19:00:00,19,1354.9,1.2
2022-08-12 20:00:00,20,972.1,0.8
2022-08-12 21:00:00,21,182.3,0.1
2022-08-12 22:00:00,22,,0.4
2022-08-12 23:00:00,23,,0.2
2022-08-13 00:00:00,0,,0.3
2022-08-13 01:00:00,1,,2.7
2022-08-13 02:00:00,2,,1.3
2022-08-13 03:00:00,3,,1.3
2022-08-13 04:00:00,4,,1.2
2022-08-13 05:00:00,5,,0.8
2022-08-13 06:00:00,6,,0.4
2022-08-13 07:00:00,7,,0.6
2022-08-13 08:00:00,8,,1.8
2022-08-13 09:00:00,9,,1.3
2022-08-13 10:00:00,10,74.2,0.6
2022-08-13 11:00:00,11,790.2,1.0
2022-08-13 12:00:00,12,1550.2,2.0
2022-08-13 13:00:00,13,2548.2,2.8
2022-08-13 14:00:00,14,2769.2,3.6
2022-08-13 15:00:00,15,2988.5,2.6
2022-08-13 16:00:00,16,2908.3,3.3
2022-08-13 17:00:00,17,2257.7,2.4
2022-08-13 18:00:00,18,2200.7,2.6
2022-08-13 19:00:00,19,1549.3,1.2
2022-08-13 20:00:00,20,948.8,2.1
2022-08-13 21:00:00,21,178.7,0.2
2022-08-13 22:00:00,22,,0.1
2022-08-13 23:00:00,23,,0.2
2022-08-14 00:00:00,0,,0.4
2022-08-14 01:00:00,1,,0.3
2022-08-14 02:00:00,2,,0.3
2022-08-14 03:00:00,3,,0.6
2022-08-14 04:00:00,4,,0.7
2022-08-14 05:00:00,5,,0.5
2022-08-14 06:00:00,6,,0.5
2022-08-14 07:00:00,7,,0.5
2022-08-14 08:00:00,8,,0.2
2022-08-14 09:00:00,9,,0.2
2022-08-14 10:00:00,10,126.4,0.5
2022-08-14 11:00:00,11,943.2,2.2
2022-08-14 12:00:00,12,1758.2,4.1
2022-08-14 13:00:00,13,2429.6,5.0
2022-08-14 14:00:00,14,2918.2,5.1
2022-08-14 15:00:00,15,3164.2,4.6
2022-08-14 16:00:00,16,3179.9,3.0
2022-08-14 17:00:00,17,2927.2,3.5
2022-08-14 18:00:00,18,2478.0,3.4
2022-08-14 19:00:00,19,1773.6,3.5
2022-08-14 20:00:00,20,1001.2,2.1
2022-08-14 21:00:00,21,198.0,0.2
2022-08-14 22:00:00,22,,0.5
2022-08-14 23:00:00,23,,0.2
2022-08-15 00:00:00,0,,0.2
2022-08-15 01:00:00,1,,0.3
2022-08-15 02:00:00,2,,0.3
2022-08-15 03:00:00,3,,1.0
2022-08-15 04:00:00,4,,0.2
2022-08-15 05:00:00,5,,0.4
2022-08-15 06:00:00,6,,0.2
2022-08-15 07:00:00,7,,0.4
2022-08-15 08:00:00,8,,0.5
2022-08-15 09:00:00,9,,0.2
2022-08-15 10:00:00,10,102.2,0.7
2022-08-15 11:00:00,11,950.6,4.2
2022-08-15 12:00:00,12,1772.4,5.0
2022-08-15 13:00:00,13,2451.6,3.6
2022-08-15 14:00:00,14,2932.8,3.7
2022-08-15 15:00:00,15,3174.7,4.2
2022-08-15 16:00:00,16,3181.7,4.2
2022-08-15 17:00:00,17,2967.2,3.8
2022-08-15 18:00:00,18,2537.9,4.3
2022-08-15 19:00:00,19,1785.6,3.4
2022-08-15 20:00:00,20,1042.7,3.5
2022-08-15 21:00:00,21,196.7,0.3
2022-08-15 22:00:00,22,,0.1
2022-08-15 23:00:00,23,,0.2
2022-08-16 00:00:00,0,,0.2
2022-08-16 01:00:00,1,,0.5
2022-08-16 02:00:00,2,,0.2
2022-08-16 03:00:00,3,,0.3
2022-08-16 04:00:00,4,,0.2
2022-08-16 05:00:00,5,,0.3
2022-08-16 06:00:00,6,,0.4
2022-08-16 07:00:00,7,,0.4
2022-08-16 08:00:00,8,,0.3
2022-08-16 09:00:00,9,,0.1
2022-08-16 10:00:00,10,89.9,0.3
2022-08-16 11:00:00,11,980.8,2.2
2022-08-16 12:00:00,12,1814.3,5.7
2022-08-16 13:00:00,13,2495.1,5.2
2022-08-16 14:00:00,14,2984.4,3.4
2022-08-16 15:00:00,15,3225.1,3.3
2022-08-16 16:00:00,16,2898.8,4.4
2022-08-16 17:00:00,17,2904.0,3.5
2022-08-16 18:00:00,18,2625.6,3.5
2022-08-16 19:00:00,19,1958.6,3.1
2022-08-16 20:00:00,20,940.3,2.6
2022-08-16 21:00:00,21,197.2,0.1
2022-08-16 22:00:00,22,,0.4
2022-08-16 23:00:00,23,,0.1
2022-08-17 00:00:00,0,,0.2
2022-08-17 01:00:00,1,,0.2
2022-08-17 02:00:00,2,,0.3
2022-08-17 03:00:00,3,,1.3
2022-08-17 04:00:00,4,,
2022-08-17 05:00:00,5,,0.3
2022-08-17 06:00:00,6,,0.2
2022-08-17 07:00:00,7,,0.2
2022-08-17 08:00:00,8,,0.6
2022-08-17 09:00:00,9,,0.4
2022-08-17 10:00:00,10,109.8,0.3
2022-08-17 11:00:00,11,984.8,2.7
2022-08-17 12:00:00,12,1798.5,4.0
2022-08-17 13:00:00,13,2499.1,4.3
2022-08-17 14:00:00,14,2974.2,4.2
2022-08-17 15:00:00,15,2469.4,3.5
2022-08-17 16:00:00,16,2923.2,2.9
2022-08-17 17:00:00,17,2319.2,2.9
2022-08-17 18:00:00,18,1947.2,2.9
2022-08-17 19:00:00,19,1847.7,2.2
2022-08-17 20:00:00,20,803.9,1.6
2022-08-17 21:00:00,21,117.3,0.4
2022-08-17 22:00:00,22,,0.3
2022-08-17 23:00:00,23,,0.3
2022-08-18 00:00:00,0,,0.1
2022-08-18 01:00:00,1,,0.3
2022-08-18 02:00:00,2,,0.4
2022-08-18 03:00:00,3,,0.2
2022-08-18 04:00:00,4,,0.6
2022-08-18 05:00:00,5,,0.5
2022-08-18 06:00:00,6,,0.6
2022-08-18 07:00:00,7,,0.3
2022-08-18 08:00:00,8,,0.3
2022-08-18 09:00:00,9,,0.1
2022-08-18 10:00:00,10,123.7,0.3
2022-08-18 11:00:00,11,985.5,0.9
2022-08-18 12:00:00,12,1790.7,2.8
2022-08-18 13:00:00,13,2475.6,3.6
2022-08-18 14:00:00,14,2541.6,1.9
2022-08-18 15:00:00,15,2680.9,2.6
2022-08-18 16:00:00,16,2421.6,2.3
2022-08-18 17:00:00,17,1911.5,2.7
2022-08-18 18:00:00,18,1897.6,1.1
2022-08-18 19:00:00,19,1039.3,1.1
2022-08-18 20:00:00,20,1031.6,1.6
2022-08-18 21:00:00,21,184.5,0.3
2022-08-18 22:00:00,22,,0.2
2022-08-18 23:00:00,23,,0.4
2022-08-19 00:00:00,0,,0.2
2022-08-19 01:00:00,1,,0.2
2022-08-19 02:00:00,2,,0.1
2022-08-19 03:00:00,3,,0.1
2022-08-19 04:00:00,4,,1.1
2022-08-19 05:00:00,5,,0.6
2022-08-19 06:00:00,6,,0.8
2022-08-19 07:00:00,7,,0.4
2022-08-19 08:00:00,8,,0.5
2022-08-19 09:00:00,9,,0.6
2022-08-19 10:00:00,10,133.3,0.3
2022-08-19 11:00:00,11,947.0,0.9
2022-08-19 12:00:00,12,1737.3,1.6
2022-08-19 13:00:00,13,2426.4,3.3
2022-08-19 14:00:00,14,1985.4,2.8
2022-08-19 15:00:00,15,2381.9,2.9
2022-08-19 16:00:00,16,3254.8,2.5
2022-08-19 17:00:00,17,2978.5,2.9
2022-08-19 18:00:00,18,2434.1,2.3
2022-08-19 19:00:00,19,1894.1,1.6
2022-08-19 20:00:00,20,1054.4,2.4
2022-08-19 21:00:00,21,189.9,0.2
2022-08-19 22:00:00,22,,0.1
2022-08-19 23:00:00,23,,0.1
2022-08-20 00:00:00,0,,0.2
2022-08-20 01:00:00,1,,0.4
2022-08-20 02:00:00,2,,0.3
2022-08-20 03:00:00,3,,1.2
2022-08-20 04:00:00,4,,1.1
2022-08-20 05:00:00,5,,0.6
2022-08-20 06:00:00,6,,1.4
2022-08-20 07:00:00,7,,0.7
2022-08-20 08:00:00,8,,0.6
2022-08-20 09:00:00,9,,0.9
2022-08-20 10:00:00,10,137.5,2.0
2022-08-20 11:00:00,11,1009.8,3.0
2022-08-20 12:00:00,12,1841.1,5.5
2022-08-20 13:00:00,13,2528.1,4.9
2022-08-20 14:00:00,14,3010.5,4.4
2022-08-20 15:00:00,15,3237.3,3.5
2022-08-20 16:00:00,16,3245.4,3.6
2022-08-20 17:00:00,17,3017.5,3.0
2022-08-20 18:00:00,18,2518.4,2.6
2022-08-20 19:00:00,19,1778.9,2.2
2022-08-20 20:00:00,20,1059.2,1.3
2022-08-20 21:00:00,21,193.6,0.3
2022-08-20 22:00:00,22,,0.4
2022-08-20 23:00:00,23,,0.5
2022-08-21 00:00:00,0,,0.4
2022-08-21 01:00:00,1,,0.4
2022-08-21 02:00:00,2,,0.2
2022-08-21 03:00:00,3,,0.5
2022-08-21 04:00:00,4,,0.5
2022-08-21 05:00:00,5,,0.4
2022-08-21 06:00:00,6,,0.8
2022-08-21 07:00:00,7,,0.1
2022-08-21 08:00:00,8,,0.2
2022-08-21 09:00:00,9,,0.2
2022-08-21 10:00:00,10,,
2022-08-21 11:00:00,11,1164.2,0.8
2022-08-21 12:00:00,12,1847.3,4.5
2022-08-21 13:00:00,13,2538.7,5.0
2022-08-21 14:00:00,14,3027.6,4.7
2022-08-21 15:00:00,15,3263.7,5.5
2022-08-21 16:00:00,16,3271.7,4.0
2022-08-21 17:00:00,17,3064.5,4.5
2022-08-21 18:00:00,18,1832.1,3.7
2022-08-21 19:00:00,19,1864.0,3.6
2022-08-21 20:00:00,20,1045.9,2.5
2022-08-21 21:00:00,21,181.5,0.2
2022-08-21 22:00:00,22,,0.3
2022-08-21 23:00:00,23,,0.2
2022-08-22 00:00:00,0,,0.3
2022-08-22 01:00:00,1,,0.1
2022-08-22 02:00:00,2,,0.2
2022-08-22 03:00:00,3,,0.3
2022-08-22 04:00:00,4,,0.5
2022-08-22 05:00:00,5,,0.7
2022-08-22 06:00:00,6,,0.5
2022-08-22 07:00:00,7,,
2022-08-22 08:00:00,8,,1.3
2022-08-22 09:00:00,9,,0.4
2022-08-22 10:00:00,10,140.2,0.7
2022-08-22 11:00:00,11,975.7,3.1
2022-08-22 12:00:00,12,1791.5,4.7
2022-08-22 13:00:00,13,2467.6,6.0
2022-08-22 14:00:00,14,2832.2,4.6
2022-08-22 15:00:00,15,2819.0,4.1
2022-08-22 16:00:00,16,2552.3,4.3
2022-08-22 17:00:00,17,2563.8,3.8
2022-08-22 18:00:00,18,1688.6,1.7
2022-08-22 19:00:00,19,1811.4,2.6
2022-08-22 20:00:00,20,782.5,1.2
2022-08-22 21:00:00,21,101.9,0.1
2022-08-22 22:00:00,22,,0.2
2022-08-22 23:00:00,23,,0.2
2022-08-23 00:00:00,0,,0.3
2022-08-23 01:00:00,1,,0.1
2022-08-23 02:00:00,2,,0.2
2022-08-23 03:00:00,3,,0.2
2022-08-23 04:00:00,4,,0.7
2022-08-23 05:00:00,5,,0.5
2022-08-23 06:00:00,6,,0.5
2022-08-23 07:00:00,7,,0.5
2022-08-23 08:00:00,8,,
2022-08-23 09:00:00,9,,0.1
2022-08-23 10:00:00,10,161.6,0.8
2022-08-23 11:00:00,11,708.5,1.3
2022-08-23 12:00:00,12,1783.5,2.7
2022-08-23 13:00:00,13,2517.0,3.6
2022-08-23 14:00:00,14,2401.4,3.4
2022-08-23 15:00:00,15,3203.6,2.2
2022-08-23 16:00:00,16,3136.8,2.8
2022-08-23 17:00:00,17,2747.1,2.7
2022-08-23 18:00:00,18,2103.6,1.7
2022-08-23 19:00:00,19,1912.3,2.4
2022-08-23 20:00:00,20,1070.1,1.2
2022-08-23 21:00:00,21,228.7,0.3
2022-08-23 22:00:00,22,,0.1
2022-08-23 23:00:00,23,,0.1
2022-08-24 00:00:00,0,,0.2
2022-08-24 01:00:00,1,,0.4
2022-08-24 02:00:00,2,,0.1
2022-08-24 03:00:00,3,,1.3
2022-08-24 04:00:00,4,,1.8
2022-08-24 05:00:00,5,,1.2
2022-08-24 06:00:00,6,,0.7
2022-08-24 07:00:00,7,,2.2
2022-08-24 08:00:00,8,,1.8
2022-08-24 09:00:00,9,,0.5
2022-08-24 10:00:00,10,194.0,0.7
2022-08-24 11:00:00,11,781.8,0.7
2022-08-24 12:00:00,12,2099.3,4.5
2022-08-24 13:00:00,13,2526.8,3.7
2022-08-24 14:00:00,14,2997.0,3.4
2022-08-24 15:00:00,15,3245.1,3.2
2022-08-24 16:00:00,16,3043.3,2.5
2022-08-24 17:00:00,17,2216.5,1.4
2022-08-24 18:00:00,18,1735.7,1.6
2022-08-24 19:00:00,19,1600.3,2.5
2022-08-24 20:00:00,20,636.3,0.8
2022-08-24 21:00:00,21,182.4,0.3
2022-08-24 22:00:00,22,,0.2
2022-08-24 23:00:00,23,,0.2
2022-08-25 00:00:00,0,,0.1
2022-08-25 01:00:00,1,,0.6
2022-08-25 02:00:00,2,,0.9
2022-08-25 03:00:00,3,,1.5
2022-08-25 04:00:00,4,,1.5
2022-08-25 05:00:00,5,,0.8
2022-08-25 06:00:00,6,,0.4
2022-08-25 07:00:00,7,,0.8
2022-08-25 08:00:00,8,,0.3
2022-08-25 09:00:00,9,,0.4
2022-08-25 10:00:00,10,207.6,0.7
2022-08-25 11:00:00,11,870.9,1.2
2022-08-25 12:00:00,12,1331.3,3.2
2022-08-25 13:00:00,13,2745.1,4.0
2022-08-25 14:00:00,14,2640.8,4.1
2022-08-25 15:00:00,15,2074.3,2.1
2022-08-25 16:00:00,16,2414.7,2.3
2022-08-25 17:00:00,17,2044.9,2.1
2022-08-25 18:00:00,18,2297.7,2.4
2022-08-25 19:00:00,19,1648.4,2.0
2022-08-25 20:00:00,20,1118.4,1.3
2022-08-25 21:00:00,21,211.9,0.1
2022-08-25 22:00:00,22,,0.3
2022-08-25 23:00:00,23,,0.3
2022-08-26 00:00:00,0,,0.3
2022-08-26 01:00:00,1,,0.2
2022-08-26 02:00:00,2,,0.2
2022-08-26 03:00:00,3,,1.2
2022-08-26 04:00:00,4,,0.5
2022-08-26 05:00:00,5,,0.3
2022-08-26 06:00:00,6,,0.4
2022-08-26 07:00:00,7,,0.3
2022-08-26 08:00:00,8,,0.8
2022-08-26 09:00:00,9,,0.2
2022-08-26 10:00:00,10,234.6,0.8
2022-08-26 11:00:00,11,1003.7,2.0
2022-08-26 12:00:00,12,1879.6,3.1
2022-08-26 13:00:00,13,2553.1,4.7
2022-08-26 14:00:00,14,3054.4,3.5
2022-08-26 15:00:00,15,3300.7,2.9
2022-08-26 16:00:00,16,3316.1,3.0
2022-08-26 17:00:00,17,2687.8,2.7
2022-08-26 18:00:00,18,2383.8,3.2
2022-08-26 19:00:00,19,1615.7,2.1
2022-08-26 20:00:00,20,1134.7,1.3
2022-08-26 21:00:00,21,202.3,0.1
2022-08-26 22:00:00,22,,0.2
2022-08-26 23:00:00,23,,0.5
2022-08-27 00:00:00,0,,0.3
2022-08-27 01:00:00,1,,0.3
2022-08-27 02:00:00,2,,0.3
2022-08-27 03:00:00,3,,0.2
2022-08-27 04:00:00,4,,0.5
2022-08-27 05:00:00,5,,1.0
2022-08-27 06:00:00,6,,0.5
2022-08-27 07:00:00,7,,
2022-08-27 08:00:00,8,,0.5
2022-08-27 09:00:00,9,,0.3
2022-08-27 10:00:00,10,275.2,0.4
2022-08-27 11:00:00,11,1073.1,4.2
2022-08-27 12:00:00,12,1905.3,4.3
2022-08-27 13:00:00,13,2586.0,4.0
2022-08-27 14:00:00,14,3066.2,3.5
2022-08-27 15:00:00,15,3251.9,2.7
2022-08-27 16:00:00,16,3200.2,4.0
2022-08-27 17:00:00,17,2986.2,4.3
2022-08-27 18:00:00,18,2539.6,2.4
2022-08-27 19:00:00,19,1878.3,3.0
2022-08-27 20:00:00,20,1065.5,2.3
2022-08-27 21:00:00,21,192.2,0.3
2022-08-27 22:00:00,22,,0.3
2022-08-27 23:00:00,23,,0.2
2022-08-28 00:00:00,0,,0.2
2022-08-28 01:00:00,1,,0.1
2022-08-28 02:00:00,2,,0.4
2022-08-28 03:00:00,3,,0.8
2022-08-28 04:00:00,4,,0.3
2022-08-28 05:00:00,5,,0.5
2022-08-28 06:00:00,6,,0.5
2022-08-28 07:00:00,7,,0.5
2022-08-28 08:00:00,8,,0.4
2022-08-28 09:00:00,9,,0.6
2022-08-28 10:00:00,10,274.7,0.2
2022-08-28 11:00:00,11,1043.9,1.5
2022-08-28 12:00:00,12,1864.6,1.7
2022-08-28 13:00:00,13,2572.2,3.8
2022-08-28 14:00:00,14,3054.3,2.1
2022-08-28 15:00:00,15,3279.0,2.8
2022-08-28 16:00:00,16,3264.0,3.3
2022-08-28 17:00:00,17,3064.3,1.8
2022-08-28 18:00:00,18,2130.9,3.3
2022-08-28 19:00:00,19,1709.2,1.5
2022-08-28 20:00:00,20,974.7,2.2
2022-08-28 21:00:00,21,185.1,0.4
2022-08-28 22:00:00,22,,0.1
2022-08-28 23:00:00,23,,0.3
2022-08-29 00:00:00,0,,0.2
2022-08-29 01:00:00,1,,0.2
2022-08-29 02:00:00,2,,0.2
2022-08-29 03:00:00,3,,0.1
2022-08-29 04:00:00,4,,0.3
2022-08-29 05:00:00,5,,0.4
2022-08-29 06:00:00,6,,0.4
2022-08-29 07:00:00,7,,0.4
2022-08-29 08:00:00,8,,0.6
2022-08-29 09:00:00,9,,0.6
2022-08-29 10:00:00,10,268.7,0.9
2022-08-29 11:00:00,11,1048.7,0.9
2022-08-29 12:00:00,12,1870.5,1.4
2022-08-29 13:00:00,13,2543.7,2.1
2022-08-29 14:00:00,14,2958.2,2.8
2022-08-29 15:00:00,15,3303.7,2.5
2022-08-29 16:00:00,16,3310.8,2.8
2022-08-29 17:00:00,17,3000.4,2.9
2022-08-29 18:00:00,18,2477.3,3.3
2022-08-29 19:00:00,19,1819.7,2.9
2022-08-29 20:00:00,20,1011.8,1.7
2022-08-29 21:00:00,21,191.8,0.2
2022-08-29 22:00:00,22,,0.4
2022-08-29 23:00:00,23,,0.4
2022-08-30 00:00:00,0,,0.2
2022-08-30 01:00:00,1,,0.2
2022-08-30 02:00:00,2,,0.1
2022-08-30 03:00:00,3,,1.4
2022-08-30 04:00:00,4,,0.2
2022-08-30 05:00:00,5,,0.7
2022-08-30 06:00:00,6,,0.8
2022-08-30 07:00:00,7,,0.5
2022-08-30 08:00:00,8,,0.2
2022-08-30 09:00:00,9,,1.1
2022-08-30 10:00:00,10,162.2,0.7
2022-08-30 11:00:00,11,412.7,2.0
2022-08-30 12:00:00,12,844.5,2.3
2022-08-30 13:00:00,13,2489.1,2.0
2022-08-30 14:00:00,14,2839.3,3.0
2022-08-30 15:00:00,15,3329.6,3.6
2022-08-30 16:00:00,16,3291.7,3.3
2022-08-30 17:00:00,17,3037.8,2.4
2022-08-30 18:00:00,18,2523.8,3.5
2022-08-30 19:00:00,19,1841.8,2.2
2022-08-30 20:00:00,20,1019.2,1.1
2022-08-30 21:00:00,21,189.7,0.3
2022-08-30 22:00:00,22,,0.1
2022-08-30 23:00:00,23,,0.1
2022-08-31 00:00:00,0,,0.2
2022-08-31 01:00:00,1,,0.4
2022-08-31 02:00:00,2,,0.2
2022-08-31 03:00:00,3,,0.2
2022-08-31 04:00:00,4,,0.7
2022-08-31 05:00:00,5,,0.5
2022-08-31 06:00:00,6,,0.5
2022-08-31 07:00:00,7,,0.6
2022-08-31 08:00:00,8,,0.5
2022-08-31 09:00:00,9,,0.3
2022-08-31 10:00:00,10,290.9,1.6
2022-08-31 11:00:00,11,1078.6,4.1
2022-08-31 12:00:00,12,1899.1,6.0
2022-08-31 13:00:00,13,2600.8,4.5
2022-08-31 14:00:00,14,3081.1,4.3
2022-08-31 15:00:00,15,3309.4,3.9
2022-08-31 16:00:00,16,3309.6,4.0
2022-08-31 17:00:00,17,3064.4,4.7
2022-08-31 18:00:00,18,2561.8,3.4
2022-08-31 19:00:00,19,1871.9,3.2
2022-08-31 20:00:00,20,1039.5,2.9
2022-08-31 21:00:00,21,193.8,1.4
2022-08-31 22:00:00,22,,0.1
2022-08-31 23:00:00,23,,0.2
2022-09-01 00:00:00,0,,0.2
2022-09-01 01:00:00,1,,0.2
2022-09-01 02:00:00,2,,0.2
2022-09-01 03:00:00,3,,0.4
2022-09-01 04:00:00,4,,0.2
2022-09-01 05:00:00,5,,0.4
2022-09-01 06:00:00,6,,0.3
2022-09-01 07:00:00,7,,1.8
2022-09-01 08:00:00,8,,0.7
2022-09-01 09:00:00,9,,0.3
2022-09-01 10:00:00,10,301.4,0.7
2022-09-01 11:00:00,11,1107.7,4.2
2022-09-01 12:00:00,12,1938.8,4.3
2022-09-01 13:00:00,13,2617.9,3.6
2022-09-01 14:00:00,14,3089.7,3.3
2022-09-01 15:00:00,15,3307.3,3.7
2022-09-01 16:00:00,16,3241.9,3.8
2022-09-01 17:00:00,17,3009.2,4.2
2022-09-01 18:00:00,18,2550.6,3.8
2022-09-01 19:00:00,19,1888.8,3.0
2022-09-01 20:00:00,20,1051.6,3.5
2022-09-01 21:00:00,21,213.4,1.3
2022-09-01 22:00:00,22,,0.1
2022-09-01 23:00:00,23,,0.1
2022-09-02 00:00:00,0,,0.3
2022-09-02 01:00:00,1,,0.2
2022-09-02 02:00:00,2,,0.2
2022-09-02 03:00:00,3,,0.2
2022-09-02 04:00:00,4,,0.9
2022-09-02 05:00:00,5,,0.5
2022-09-02 06:00:00,6,,0.7
2022-09-02 07:00:00,7,,0.2
2022-09-02 08:00:00,8,,0.2
2022-09-02 09:00:00,9,,
2022-09-02 10:00:00,10,301.4,0.4
2022-09-02 11:00:00,11,1112.6,3.6
2022-09-02 12:00:00,12,1957.4,4.2
2022-09-02 13:00:00,13,2649.2,4.6
2022-09-02 14:00:00,14,3127.0,4.5
2022-09-02 15:00:00,15,3354.8,3.7
2022-09-02 16:00:00,16,3356.2,2.5
2022-09-02 17:00:00,17,2539.2,2.7
2022-09-02 18:00:00,18,2537.4,3.1
2022-09-02 19:00:00,19,1531.6,3.9
2022-09-02 20:00:00,20,793.8,1.5
2022-09-02 21:00:00,21,183.0,0.4
2022-09-02 22:00:00,22,,0.2
2022-09-02 23:00:00,23,,0.4
2022-09-03 00:00:00,0,,0.3
2022-09-03 01:00:00,1,,0.1
2022-09-03 02:00:00,2,,0.3
2022-09-03 03:00:00,3,,0.3
2022-09-03 04:00:00,4,,0.3
2022-09-03 05:00:00,5,,2.1
2022-09-03 06:00:00,6,,0.3
2022-09-03 07:00:00,7,,0.7
2022-09-03 08:00:00,8,,0.3
2022-09-03 09:00:00,9,0.5,0.3
2022-09-03 10:00:00,10,271.5,1.0
2022-09-03 11:00:00,11,1075.8,0.6
2022-09-03 12:00:00,12,1921.2,1.3
2022-09-03 13:00:00,13,2163.0,2.5
2022-09-03 14:00:00,14,2767.2,3.5
2022-09-03 15:00:00,15,3176.9,2.4
2022-09-03 16:00:00,16,3214.9,1.8
2022-09-03 17:00:00,17,2603.5,1.6
2022-09-03 18:00:00,18,2017.0,2.0
2022-09-03 19:00:00,19,1152.9,2.0
2022-09-03 20:00:00,20,995.7,1.5
2022-09-03 21:00:00,21,183.3,0.2
2022-09-03 22:00:00,22,,0.3
2022-09-03 23:00:00,23,,0.2
2022-09-04 00:00:00,0,,0.3
2022-09-04 01:00:00,1,,0.2
2022-09-04 02:00:00,2,,0.3
2022-09-04 03:00:00,3,,0.3
2022-09-04 04:00:00,4,,0.7
2022-09-04 05:00:00,5,,0.2
2022-09-04 06:00:00,6,,0.3
2022-09-04 07:00:00,7,,0.4
2022-09-04 08:00:00,8,,0.7
2022-09-04 09:00:00,9,1.4,0.3
2022-09-04 10:00:00,10,310.4,1.9
2022-09-04 11:00:00,11,1109.4,1.7
2022-09-04 12:00:00,12,1949.2,3.4
2022-09-04 13:00:00,13,2629.0,4.3
2022-09-04 14:00:00,14,3083.5,2.7
2022-09-04 15:00:00,15,3217.0,2.2
2022-09-04 16:00:00,16,3363.5,2.5
2022-09-04 17:00:00,17,2881.1,2.2
2022-09-04 18:00:00,18,2364.6,1.6
2022-09-04 19:00:00,19,1761.6,3.4
2022-09-04 20:00:00,20,877.3,1.6
2022-09-04 21:00:00,21,176.9,0.3
2022-09-04 22:00:00,22,,0.2
2022-09-04 23:00:00,23,,0.2
2022-09-05 00:00:00,0,,0.2
2022-09-05 01:00:00,1,,0.4
2022-09-05 02:00:00,2,,1.8
2022-09-05 03:00:00,3,,0.8
2022-09-05 04:00:00,4,,0.3
2022-09-05 05:00:00,5,,0.4
2022-09-05 06:00:00,6,,0.1
2022-09-05 07:00:00,7,,0.6
2022-09-05 08:00:00,8,,0.5
2022-09-05 09:00:00,9,2.3,0.2
2022-09-05 10:00:00,10,390.0,1.0
2022-09-05 11:00:00,11,1022.4,2.2
2022-09-05 12:00:00,12,1902.6,3.5
2022-09-05 13:00:00,13,2577.4,3.4
2022-09-05 14:00:00,14,2987.5,3.6
2022-09-05 15:00:00,15,3138.0,3.6
2022-09-05 16:00:00,16,2556.8,2.3
2022-09-05 17:00:00,17,2048.1,1.8
2022-09-05 18:00:00,18,2216.6,2.2
2022-09-05 19:00:00,19,1811.2,2.8
2022-09-05 20:00:00,20,985.9,1.1
2022-09-05 21:00:00,21,165.9,0.3
2022-09-05 22:00:00,22,,0.4
2022-09-05 23:00:00,23,,0.2
2022-09-06 00:00:00,0,,0.3
2022-09-06 01:00:00,1,,0.3
2022-09-06 02:00:00,2,,1.1
2022-09-06 03:00:00,3,,0.9
2022-09-06 04:00:00,4,,0.8
2022-09-06 05:00:00,5,,0.5
2022-09-06 06:00:00,6,,0.3
2022-09-06 07:00:00,7,,0.6
2022-09-06 08:00:00,8,,0.3
2022-09-06 09:00:00,9,4.4,0.5
2022-09-06 10:00:00,10,347.2,2.4
2022-09-06 11:00:00,11,1022.7,4.2
2022-09-06 12:00:00,12,1818.5,4.1
2022-09-06 13:00:00,13,2651.9,4.5
2022-09-06 14:00:00,14,3114.3,4.1
2022-09-06 15:00:00,15,3321.3,5.6
2022-09-06 16:00:00,16,3302.0,4.4
2022-09-06 17:00:00,17,3059.3,4.1
2022-09-06 18:00:00,18,2405.1,3.7
2022-09-06 19:00:00,19,1686.3,3.2
2022-09-06 20:00:00,20,872.4,2.3
2022-09-06 21:00:00,21,169.9,0.2
2022-09-06 22:00:00,22,,0.2
2022-09-06 23:00:00,23,,0.3
2022-09-07 00:00:00,0,,0.3
2022-09-07 01:00:00,1,,0.2
2022-09-07 02:00:00,2,,0.2
2022-09-07 03:00:00,3,,0.9
2022-09-07 04:00:00,4,,0.6
2022-09-07 05:00:00,5,,0.6
2022-09-07 06:00:00,6,,0.6
2022-09-07 07:00:00,7,,0.2
2022-09-07 08:00:00,8,,0.2
2022-09-07 09:00:00,9,,
2022-09-07 10:00:00,10,355.3,0.6
2022-09-07 11:00:00,11,1180.5,4.9
2022-09-07 12:00:00,12,1993.9,4.0
2022-09-07 13:00:00,13,2669.4,2.8
2022-09-07 14:00:00,14,3120.5,3.1
2022-09-07 15:00:00,15,3304.9,3.0
2022-09-07 16:00:00,16,3217.3,4.2
2022-09-07 17:00:00,17,3084.3,2.0
2022-09-07 18:00:00,18,2509.1,2.9
2022-09-07 19:00:00,19,1723.7,3.1
2022-09-07 20:00:00,20,880.2,2.7
2022-09-07 21:00:00,21,160.9,0.2
2022-09-07 22:00:00,22,,0.4
2022-09-07 23:00:00,23,,0.3
2022-09-08 00:00:00,0,,0.4
2022-09-08 01:00:00,1,,0.3
2022-09-08 02:00:00,2,,0.2
2022-09-08 03:00:00,3,,0.6
2022-09-08 04:00:00,4,,1.3
2022-09-08 05:00:00,5,,0.4
2022-09-08 06:00:00,6,,0.5
2022-09-08 07:00:00,7,,0.4
2022-09-08 08:00:00,8,,0.4
2022-09-08 09:00:00,9,2.7,0.2
2022-09-08 10:00:00,10,334.1,1.3
2022-09-08 11:00:00,11,1136.9,1.2
2022-09-08 12:00:00,12,1983.0,3.8
2022-09-08 13:00:00,13,2696.2,4.6
2022-09-08 14:00:00,14,3154.0,3.3
2022-09-08 15:00:00,15,3350.2,2.8
2022-09-08 16:00:00,16,3344.7,3.0
2022-09-08 17:00:00,17,3024.2,3.0
2022-09-08 18:00:00,18,2432.5,2.6
2022-09-08 19:00:00,19,1683.9,2.0
2022-09-08 20:00:00,20,829.9,0.9
2022-09-08 21:00:00,21,129.6,0.2
2022-09-08 22:00:00,22,,0.2
2022-09-08 23:00:00,23,,0.3
2022-09-09 00:00:00,0,,0.1
2022-09-09 01:00:00,1,,0.2
2022-09-09 02:00:00,2,,0.3
2022-09-09 03:00:00,3,,0.3
2022-09-09 04:00:00,4,,0.5
2022-09-09 05:00:00,5,,1.4
2022-09-09 06:00:00,6,,0.9
2022-09-09 07:00:00,7,,0.4
2022-09-09 08:00:00,8,,0.3
2022-09-09 09:00:00,9,4.1,0.1
2022-09-09 10:00:00,10,290.8,0.2
2022-09-09 11:00:00,11,1067.8,1.6
2022-09-09 12:00:00,12,1904.4,2.0
2022-09-09 13:00:00,13,2585.5,2.2
2022-09-09 14:00:00,14,3035.7,4.2
2022-09-09 15:00:00,15,3347.2,2.6
2022-09-09 16:00:00,16,3112.3,1.4
2022-09-09 17:00:00,17,2441.3,1.8
2022-09-09 18:00:00,18,1880.6,0.9
2022-09-09 19:00:00,19,1631.2,1.0
2022-09-09 20:00:00,20,622.7,1.5
2022-09-09 21:00:00,21,121.3,0.4
2022-09-09 22:00:00,22,,0.1
2022-09-09 23:00:00,23,,0.3
2022-09-10 00:00:00,0,,0.1
2022-09-10 01:00:00,1,,0.3
2022-09-10 02:00:00,2,,0.7
2022-09-10 03:00:00,3,,1.2
2022-09-10 04:00:00,4,,0.6
2022-09-10 05:00:00,5,,0.9
2022-09-10 06:00:00,6,,0.5
2022-09-10 07:00:00,7,,1.3
2022-09-10 08:00:00,8,,0.3
2022-09-10 09:00:00,9,2.6,0.2
2022-09-10 10:00:00,10,329.9,1.8
2022-09-10 11:00:00,11,1080.1,0.8
2022-09-10 12:00:00,12,1949.6,2.4
2022-09-10 13:00:00,13,2658.5,2.7
2022-09-10 14:00:00,14,2870.1,1.8
2022-09-10 15:00:00,15,2947.0,1.7
2022-09-10 16:00:00,16,3145.3,2.5
2022-09-10 17:00:00,17,3012.7,1.9
2022-09-10 18:00:00,18,2296.8,1.5
2022-09-10 19:00:00,19,1408.5,1.4
2022-09-10 20:00:00,20,736.0,1.0
2022-09-10 21:00:00,21,182.9,0.2
2022-09-10 22:00:00,22,,0.2
2022-09-10 23:00:00,23,,0.3
2022-09-11 00:00:00,0,,0.4
2022-09-11 01:00:00,1,,1.2
2022-09-11 02:00:00,2,,1.4
2022-09-11 03:00:00,3,,1.8
2022-09-11 04:00:00,4,,1.2
2022-09-11 05:00:00,5,,0.5
2022-09-11 06:00:00,6,,0.1
2022-09-11 07:00:00,7,,0.1
2022-09-11 08:00:00,8,,2.1
2022-09-11 09:00:00,9,4.0,0.8
2022-09-11 10:00:00,10,233.3,1.5
2022-09-11 11:00:00,11,857.4,1.4
2022-09-11 12:00:00,12,1940.5,1.5
2022-09-11 13:00:00,13,2633.9,2.0
2022-09-11 14:00:00,14,2867.3,2.1
2022-09-11 15:00:00,15,3024.6,2.0
2022-09-11 16:00:00,16,2780.9,2.3
2022-09-11 17:00:00,17,2933.6,2.6
2022-09-11 18:00:00,18,2558.5,1.6
2022-09-11 19:00:00,19,1435.4,1.3
2022-09-11 20:00:00,20,967.6,1.0
2022-09-11 21:00:00,21,166.9,0.3
2022-09-11 22:00:00,22,,0.2
2022-09-11 23:00:00,23,,0.3
2022-09-12 00:00:00,0,,0.2
2022-09-12 01:00:00,1,,0.2
2022-09-12 02:00:00,2,,3.0
2022-09-12 03:00:00,3,,2.1
2022-09-12 04:00:00,4,,1.7
2022-09-12 05:00:00,5,,1.3
2022-09-12 06:00:00,6,,1.0
2022-09-12 07:00:00,7,,0.6
2022-09-12 08:00:00,8,,0.4
2022-09-12 09:00:00,9,3.2,0.9
2022-09-12 10:00:00,10,349.2,0.4
2022-09-12 11:00:00,11,824.3,1.1
2022-09-12 12:00:00,12,1763.9,1.8
2022-09-12 13:00:00,13,2414.0,2.7
2022-09-12 14:00:00,14,2506.1,2.4
2022-09-12 15:00:00,15,2841.6,2.2
2022-09-12 16:00:00,16,3257.0,2.2
2022-09-12 17:00:00,17,2801.3,1.5
2022-09-12 18:00:00,18,1853.3,1.6
2022-09-12 19:00:00,19,1796.2,1.1
2022-09-12 20:00:00,20,680.6,1.5
2022-09-12 21:00:00,21,163.2,0.4
2022-09-12 22:00:00,22,,0.2
2022-09-12 23:00:00,23,,0.2
2022-09-13 00:00:00,0,,0.3
2022-09-13 01:00:00,1,,0.2
2022-09-13 02:00:00,2,,0.2
2022-09-13 03:00:00,3,,1.8
2022-09-13 04:00:00,4,,0.6
2022-09-13 05:00:00,5,,0.2
2022-09-13 06:00:00,6,,0.7
2022-09-13 07:00:00,7,,0.3
2022-09-13 08:00:00,8,,0.9
2022-09-13 09:00:00,9,4.7,0.1
2022-09-13 10:00:00,10,254.8,0.5
2022-09-13 11:00:00,11,1053.1,1.4
2022-09-13 12:00:00,12,1774.1,1.6
2022-09-13 13:00:00,13,2618.7,1.6
2022-09-13 14:00:00,14,2631.9,1.1
2022-09-13 15:00:00,15,2356.6,2.5
2022-09-13 16:00:00,16,2693.0,2.1
2022-09-13 17:00:00,17,3057.5,1.4
2022-09-13 18:00:00,18,1545.9,1.4
2022-09-13 19:00:00,19,1896.6,2.2
2022-09-13 20:00:00,20,984.4,1.4
2022-09-13 21:00:00,21,164.2,0.5
2022-09-13 22:00:00,22,,0.4
2022-09-13 23:00:00,23,,0.3
2022-09-14 00:00:00,0,,0.1
2022-09-14 01:00:00,1,,0.5
2022-09-14 02:00:00,2,,1.5
2022-09-14 03:00:00,3,,0.3
2022-09-14 04:00:00,4,,0.2
2022-09-14 05:00:00,5,,0.2
2022-09-14 06:00:00,6,,0.2
2022-09-14 07:00:00,7,,0.2
2022-09-14 08:00:00,8,,0.1
2022-09-14 09:00:00,9,4.9,0.2
2022-09-14 10:00:00,10,340.2,0.4
2022-09-14 11:00:00,11,1135.4,1.1
2022-09-14 12:00:00,12,1970.3,3.7
2022-09-14 13:00:00,13,2671.2,3.0
2022-09-14 14:00:00,14,3097.4,2.3
2022-09-14 15:00:00,15,3356.4,2.3
2022-09-14 16:00:00,16,3154.5,2.3
2022-09-14 17:00:00,17,2990.8,1.7
2022-09-14 18:00:00,18,2187.6,1.4
2022-09-14 19:00:00,19,1806.6,2.0
2022-09-14 20:00:00,20,913.8,1.5
2022-09-14 21:00:00,21,165.6,0.3
2022-09-14 22:00:00,22,,0.4
2022-09-14 23:00:00,23,,0.7
2022-09-15 00:00:00,0,,0.2
2022-09-15 01:00:00,1,,0.4
2022-09-15 02:00:00,2,,2.9
2022-09-15 03:00:00,3,,2.1
2022-09-15 04:00:00,4,,2.2
2022-09-15 05:00:00,5,,1.0
2022-09-15 06:00:00,6,,1.1
2022-09-15 07:00:00,7,,1.3
2022-09-15 08:00:00,8,,0.9
2022-09-15 09:00:00,9,4.5,1.0
2022-09-15 10:00:00,10,321.2,0.7
2022-09-15 11:00:00,11,967.7,1.8
2022-09-15 12:00:00,12,1902.3,1.8
2022-09-15 13:00:00,13,2597.0,2.3
2022-09-15 14:00:00,14,3115.5,1.8
2022-09-15 15:00:00,15,3257.4,1.5
2022-09-15 16:00:00,16,3135.0,1.7
2022-09-15 17:00:00,17,2506.9,2.0
2022-09-15 18:00:00,18,1655.0,0.9
2022-09-15 19:00:00,19,1725.4,1.0
2022-09-15 20:00:00,20,595.8,0.9
2022-09-15 21:00:00,21,153.0,0.3
2022-09-15 22:00:00,22,,0.3
2022-09-15 23:00:00,23,,0.2
2022-09-16 00:00:00,0,,2.6
2022-09-16 01:00:00,1,,2.3
2022-09-16 02:00:00,2,,1.4
2022-09-16 03:00:00,3,,2.6
2022-09-16 04:00:00,4,,2.7
2022-09-16 05:00:00,5,,1.7
2022-09-16 06:00:00,6,,2.2
2022-09-16 07:00:00,7,,0.8
2022-09-16 08:00:00,8,,0.7
2022-09-16 09:00:00,9,5.5,0.5
2022-09-16 10:00:00,10,353.8,0.7
2022-09-16 11:00:00,11,1128.8,1.4
2022-09-16 12:00:00,12,1960.8,2.7
2022-09-16 13:00:00,13,2681.2,2.2
2022-09-16 14:00:00,14,3135.5,2.0
2022-09-16 15:00:00,15,3334.9,1.5
2022-09-16 16:00:00,16,3632.1,1.4
2022-09-16 17:00:00,17,3039.4,1.9
2022-09-16 18:00:00,18,2600.2,1.5
2022-09-16 19:00:00,19,1687.6,1.6
2022-09-16 20:00:00,20,1018.8,1.3
2022-09-16 21:00:00,21,158.9,0.6
2022-09-16 22:00:00,22,,0.2
2022-09-16 23:00:00,23,,0.4
2022-09-17 00:00:00,0,,0.6
2022-09-17 01:00:00,1,,0.4
2022-09-17 02:00:00,2,,1.2
2022-09-17 03:00:00,3,,1.2
2022-09-17 04:00:00,4,,1.5
2022-09-17 05:00:00,5,,1.2
2022-09-17 06:00:00,6,,0.6
2022-09-17 07:00:00,7,,0.6
2022-09-17 08:00:00,8,,0.2
2022-09-17 09:00:00,9,6.1,0.3
2022-09-17 10:00:00,10,357.7,0.6
2022-09-17 11:00:00,11,1065.0,2.4
2022-09-17 12:00:00,12,2041.5,2.7
2022-09-17 13:00:00,13,2581.9,1.7
2022-09-17 14:00:00,14,2810.6,1.7
2022-09-17 15:00:00,15,2415.2,1.9
2022-09-17 16:00:00,16,3074.9,1.9
2022-09-17 17:00:00,17,2274.7,0.9
2022-09-17 18:00:00,18,2570.4,1.2
2022-09-17 19:00:00,19,1340.1,1.0
2022-09-17 20:00:00,20,725.2,0.3
2022-09-17 21:00:00,21,121.5,0.5
2022-09-17 22:00:00,22,,0.3
2022-09-17 23:00:00,23,,0.2
2022-09-18 00:00:00,0,,0.6
2022-09-18 01:00:00,1,,3.0
2022-09-18 02:00:00,2,,1.5
2022-09-18 03:00:00,3,,1.8
2022-09-18 04:00:00,4,,1.2
2022-09-18 05:00:00,5,,1.1
2022-09-18 06:00:00,6,,0.3
2022-09-18 07:00:00,7,,0.3
2022-09-18 08:00:00,8,,0.5
2022-09-18 09:00:00,9,5.1,0.5
2022-09-18 10:00:00,10,269.0,1.7
2022-09-18 11:00:00,11,1054.4,2.3
2022-09-18 12:00:00,12,1423.2,2.3
2022-09-18 13:00:00,13,1630.1,2.7
2022-09-18 14:00:00,14,2675.8,2.4
2022-09-18 15:00:00,15,2632.2,2.7
2022-09-18 16:00:00,16,2833.8,1.5
2022-09-18 17:00:00,17,2526.6,2.5
2022-09-18 18:00:00,18,1969.1,1.8
2022-09-18 19:00:00,19,1346.8,0.7
2022-09-18 20:00:00,20,768.8,0.6
2022-09-18 21:00:00,21,145.8,0.2
2022-09-18 22:00:00,22,,0.4
2022-09-18 23:00:00,23,,0.3
2022-09-19 00:00:00,0,,0.2
2022-09-19 01:00:00,1,,0.4
2022-09-19 02:00:00,2,,2.7
2022-09-19 03:00:00,3,,2.7
2022-09-19 04:00:00,4,,1.6
2022-09-19 05:00:00,5,,0.9
2022-09-19 06:00:00,6,,0.6
2022-09-19 07:00:00,7,,0.5
2022-09-19 08:00:00,8,,0.4
2022-09-19 09:00:00,9,4.3,0.2
2022-09-19 10:00:00,10,142.0,1.2
2022-09-19 11:00:00,11,173.6,1.9
2022-09-19 12:00:00,12,1199.3,1.8
2022-09-19 13:00:00,13,2549.0,2.5
2022-09-19 14:00:00,14,3059.2,2.6
2022-09-19 15:00:00,15,2712.7,2.3
2022-09-19 16:00:00,16,3371.4,2.0
2022-09-19 17:00:00,17,2922.5,1.1
2022-09-19 18:00:00,18,2514.8,2.0
2022-09-19 19:00:00,19,1816.1,1.6
2022-09-19 20:00:00,20,891.0,0.8
2022-09-19 21:00:00,21,140.4,0.7
2022-09-19 22:00:00,22,,0.2
2022-09-19 23:00:00,23,,0.2
2022-09-20 00:00:00,0,,0.2
2022-09-20 01:00:00,1,,0.6
2022-09-20 02:00:00,2,,3.1
2022-09-20 03:00:00,3,,1.9
2022-09-20 04:00:00,4,,1.2
2022-09-20 05:00:00,5,,0.4
2022-09-20 06:00:00,6,,0.5
2022-09-20 07:00:00,7,,0.6
2022-09-20 08:00:00,8,,0.5
2022-09-20 09:00:00,9,4.7,0.2
2022-09-20 10:00:00,10,204.2,0.6
2022-09-20 11:00:00,11,1027.6,1.4
2022-09-20 12:00:00,12,1992.6,1.3
2022-09-20 13:00:00,13,2460.8,2.3
2022-09-20 14:00:00,14,3237.8,2.4
2022-09-20 15:00:00,15,3340.2,1.1
2022-09-20 16:00:00,16,3374.6,2.2
2022-09-20 17:00:00,17,3062.9,1.8
2022-09-20 18:00:00,18,2545.6,1.7
2022-09-20 19:00:00,19,1795.0,1.7
2022-09-20 20:00:00,20,946.9,1.0
2022-09-20 21:00:00,21,142.0,0.1
2022-09-20 22:00:00,22,,0.2
2022-09-20 23:00:00,23,,0.1
2022-09-21 00:00:00,0,,0.3
2022-09-21 01:00:00,1,,2.3
2022-09-21 02:00:00,2,,1.8
2022-09-21 03:00:00,3,,2.1
2022-09-21 04:00:00,4,,1.1
2022-09-21 05:00:00,5,,0.9
2022-09-21 06:00:00,6,,0.4
2022-09-21 07:00:00,7,,0.2
2022-09-21 08:00:00,8,,0.5
2022-09-21 09:00:00,9,6.6,0.5
2022-09-21 10:00:00,10,166.6,1.0
2022-09-21 11:00:00,11,799.0,2.2
2022-09-21 12:00:00,12,2018.0,2.3
2022-09-21 13:00:00,13,2744.1,1.6
2022-09-21 14:00:00,14,3160.9,1.7
2022-09-21 15:00:00,15,3325.4,1.5
2022-09-21 16:00:00,16,3369.2,1.6
2022-09-21 17:00:00,17,3052.9,1.4
2022-09-21 18:00:00,18,2538.5,1.9
2022-09-21 19:00:00,19,1812.0,1.9
2022-09-21 20:00:00,20,948.6,1.1
2022-09-21 21:00:00,21,127.0,0.2
2022-09-21 22:00:00,22,,0.3
2022-09-21 23:00:00,23,,0.2
2022-09-22 00:00:00,0,,3.2
2022-09-22 01:00:00,1,,2.9
2022-09-22 02:00:00,2,,2.6
2022-09-22 03:00:00,3,,2.2
2022-09-22 04:00:00,4,,1.0
2022-09-22 05:00:00,5,,0.9
2022-09-22 06:00:00,6,,0.9
2022-09-22 07:00:00,7,,0.1
2022-09-22 08:00:00,8,,0.2
2022-09-22 09:00:00,9,6.1,0.4
2022-09-22 10:00:00,10,268.1,0.8
2022-09-22 11:00:00,11,688.2,1.8
2022-09-22 12:00:00,12,1571.8,2.2
2022-09-22 13:00:00,13,2604.4,2.7
2022-09-22 14:00:00,14,2319.1,1.7
2022-09-22 15:00:00,15,2822.9,1.3
2022-09-22 16:00:00,16,3095.6,1.6
2022-09-22 17:00:00,17,2147.3,1.7
2022-09-22 18:00:00,18,1799.8,1.3
2022-09-22 19:00:00,19,1795.6,2.0
2022-09-22 20:00:00,20,890.2,2.0
2022-09-22 21:00:00,21,121.8,0.8
2022-09-22 22:00:00,22,,0.3
2022-09-22 23:00:00,23,,0.4
2022-09-23 00:00:00,0,,0.2
2022-09-23 01:00:00,1,,0.3
2022-09-23 02:00:00,2,,1.9
2022-09-23 03:00:00,3,,2.0
2022-09-23 04:00:00,4,,0.9
2022-09-23 05:00:00,5,,0.5
2022-09-23 06:00:00,6,,0.7
2022-09-23 07:00:00,7,,0.5
2022-09-23 08:00:00,8,,0.7
2022-09-23 09:00:00,9,9.0,0.3
2022-09-23 10:00:00,10,378.6,1.4
2022-09-23 11:00:00,11,1138.3,3.5
2022-09-23 12:00:00,12,1969.1,2.7
2022-09-23 13:00:00,13,2648.6,1.8
2022-09-23 14:00:00,14,2755.2,1.3
2022-09-23 15:00:00,15,2655.8,1.5
2022-09-23 16:00:00,16,2888.2,1.0
2022-09-23 17:00:00,17,2457.2,1.3
2022-09-23 18:00:00,18,2518.9,0.8
2022-09-23 19:00:00,19,1940.5,0.9
2022-09-23 20:00:00,20,687.8,0.8
2022-09-23 21:00:00,21,88.7,0.2
2022-09-23 22:00:00,22,,0.1
2022-09-23 23:00:00,23,,0.3
2022-09-24 00:00:00,0,,0.3
2022-09-24 01:00:00,1,,0.2
2022-09-24 02:00:00,2,,2.2
2022-09-24 03:00:00,3,,2.4
2022-09-24 04:00:00,4,,2.1
2022-09-24 05:00:00,5,,2.3
2022-09-24 06:00:00,6,,1.7
2022-09-24 07:00:00,7,,1.5
2022-09-24 08:00:00,8,,1.7
2022-09-24 09:00:00,9,8.5,0.9
2022-09-24 10:00:00,10,335.7,2.2
2022-09-24 11:00:00,11,1174.2,3.1
2022-09-24 12:00:00,12,1833.3,3.1
2022-09-24 13:00:00,13,2654.3,2.3
2022-09-24 14:00:00,14,2702.4,1.7
2022-09-24 15:00:00,15,1703.3,1.2
2022-09-24 16:00:00,16,2017.0,1.7
2022-09-24 17:00:00,17,2874.4,2.6
2022-09-24 18:00:00,18,2624.5,1.7
2022-09-24 19:00:00,19,1781.1,1.1
2022-09-24 20:00:00,20,898.6,0.8
2022-09-24 21:00:00,21,124.9,0.2
2022-09-24 22:00:00,22,,0.5
2022-09-24 23:00:00,23,,0.6
2022-09-25 00:00:00,0,,0.9
2022-09-25 01:00:00,1,,2.7
2022-09-25 02:00:00,2,,1.1
2022-09-25 03:00:00,3,,1.4
2022-09-25 04:00:00,4,,0.3
2022-09-25 05:00:00,5,,0.9
2022-09-25 06:00:00,6,,1.1
2022-09-25 07:00:00,7,,0.8
2022-09-25 08:00:00,8,,0.7
2022-09-25 09:00:00,9,8.7,0.5
2022-09-25 10:00:00,10,207.8,1.1
2022-09-25 11:00:00,11,891.7,1.4
2022-09-25 12:00:00,12,1466.9,2.0
2022-09-25 13:00:00,13,2291.5,3.3
2022-09-25 14:00:00,14,2552.6,3.0
2022-09-25 15:00:00,15,2524.4,1.5
2022-09-25 16:00:00,16,2538.1,2.5
2022-09-25 17:00:00,17,2886.7,1.7
2022-09-25 18:00:00,18,2467.9,1.6
2022-09-25 19:00:00,19,1200.2,2.1
2022-09-25 20:00:00,20,691.2,1.2
2022-09-25 21:00:00,21,38.6,0.3
2022-09-25 22:00:00,22,,0.4
2022-09-25 23:00:00,23,,0.4
2022-09-26 00:00:00,0,,0.6
2022-09-26 01:00:00,1,,1.5
2022-09-26 02:00:00,2,,1.3
2022-09-26 03:00:00,3,,1.0
2022-09-26 04:00:00,4,,1.1
2022-09-26 05:00:00,5,,1.0
2022-09-26 06:00:00,6,,0.3
2022-09-26 07:00:00,7,,0.6
2022-09-26 08:00:00,8,,0.3
2022-09-26 09:00:00,9,10.9,1.0
2022-09-26 10:00:00,10,282.2,0.2
2022-09-26 11:00:00,11,806.4,0.9
2022-09-26 12:00:00,12,1406.0,1.4
2022-09-26 13:00:00,13,2219.3,2.5
2022-09-26 14:00:00,14,3368.1,2.5
2022-09-26 15:00:00,15,3309.0,2.7
2022-09-26 16:00:00,16,2497.5,2.0
2022-09-26 17:00:00,17,2918.9,2.9
2022-09-26 18:00:00,18,2552.3,1.5
2022-09-26 19:00:00,19,1845.6,1.3
2022-09-26 20:00:00,20,885.4,0.7
2022-09-26 21:00:00,21,119.9,0.3
2022-09-26 22:00:00,22,,0.3
2022-09-26 23:00:00,23,,0.6
2022-09-27 00:00:00,0,,0.2
2022-09-27 01:00:00,1,,0.7
2022-09-27 02:00:00,2,,2.3
2022-09-27 03:00:00,3,,1.5
2022-09-27 04:00:00,4,,0.9
2022-09-27 05:00:00,5,,0.4
2022-09-27 06:00:00,6,,0.2
2022-09-27 07:00:00,7,,0.3
2022-09-27 08:00:00,8,,0.2
2022-09-27 09:00:00,9,11.9,0.3
2022-09-27 10:00:00,10,321.8,0.5
2022-09-27 11:00:00,11,1091.1,1.6
2022-09-27 12:00:00,12,1874.1,3.8
2022-09-27 13:00:00,13,2708.3,2.4
2022-09-27 14:00:00,14,2974.0,2.4
2022-09-27 15:00:00,15,2480.6,1.7
2022-09-27 16:00:00,16,2990.5,1.8
2022-09-27 17:00:00,17,2800.6,2.0
2022-09-27 18:00:00,18,2442.8,1.4
2022-09-27 19:00:00,19,1506.4,1.1
2022-09-27 20:00:00,20,889.7,1.3
2022-09-27 21:00:00,21,103.2,0.1
2022-09-27 22:00:00,22,,0.4
2022-09-27 23:00:00,23,,0.5
2022-09-28 00:00:00,0,,0.6
2022-09-28 01:00:00,1,,0.7
2022-09-28 02:00:00,2,,1.8
2022-09-28 03:00:00,3,,1.5
2022-09-28 04:00:00,4,,1.9
2022-09-28 05:00:00,5,,0.9
2022-09-28 06:00:00,6,,0.9
2022-09-28 07:00:00,7,,0.4
2022-09-28 08:00:00,8,,0.3
2022-09-28 09:00:00,9,12.1,0.5
2022-09-28 10:00:00,10,403.2,0.6
2022-09-28 11:00:00,11,886.7,2.0
2022-09-28 12:00:00,12,1987.5,1.7
2022-09-28 13:00:00,13,2727.9,2.2
2022-09-28 14:00:00,14,2816.2,1.7
2022-09-28 15:00:00,15,3452.4,1.7
2022-09-28 16:00:00,16,2891.0,1.7
2022-09-28 17:00:00,17,2752.1,1.6
2022-09-28 18:00:00,18,2324.8,2.5
2022-09-28 19:00:00,19,1753.9,1.5
2022-09-28 20:00:00,20,867.7,1.0
2022-09-28 21:00:00,21,121.0,0.2
2022-09-28 22:00:00,22,,0.1
2022-09-28 23:00:00,23,,0.3
2022-09-29 00:00:00,0,,0.3
2022-09-29 01:00:00,1,,2.0
2022-09-29 02:00:00,2,,0.9
2022-09-29 03:00:00,3,,0.7
2022-09-29 04:00:00,4,,0.9
2022-09-29 05:00:00,5,,1.3
2022-09-29 06:00:00,6,,0.7
2022-09-29 07:00:00,7,,0.9
2022-09-29 08:00:00,8,,0.2
2022-09-29 09:00:00,9,13.0,0.2
2022-09-29 10:00:00,10,380.8,0.4
2022-09-29 11:00:00,11,1094.3,1.3
2022-09-29 12:00:00,12,1967.6,2.9
2022-09-29 13:00:00,13,2715.2,2.2
2022-09-29 14:00:00,14,3083.9,2.6
2022-09-29 15:00:00,15,3104.3,1.8
2022-09-29 16:00:00,16,2967.2,1.5
2022-09-29 17:00:00,17,2902.0,1.4
2022-09-29 18:00:00,18,1877.7,1.1
2022-09-29 19:00:00,19,1698.0,1.9
2022-09-29 20:00:00,20,847.9,1.0
2022-09-29 21:00:00,21,114.7,0.4
2022-09-29 22:00:00,22,,0.3
2022-09-29 23:00:00,23,,0.2
2022-09-30 00:00:00,0,,0.4
2022-09-30 01:00:00,1,,1.5
2022-09-30 02:00:00,2,,1.1
2022-09-30 03:00:00,3,,2.1
2022-09-30 04:00:00,4,,1.6
2022-09-30 05:00:00,5,,0.8
2022-09-30 06:00:00,6,,1.1
2022-09-30 07:00:00,7,,0.4
2022-09-30 08:00:00,8,,0.3
2022-09-30 09:00:00,9,13.6,0.1
2022-09-30 10:00:00,10,394.6,1.2
2022-09-30 11:00:00,11,990.1,2.0
2022-09-30 12:00:00,12,2010.7,1.3
2022-09-30 13:00:00,13,2685.1,3.1
2022-09-30 14:00:00,14,2722.4,2.4
2022-09-30 15:00:00,15,2796.9,1.4
2022-09-30 16:00:00,16,3041.9,1.8
2022-09-30 17:00:00,17,2629.1,1.4
2022-09-30 18:00:00,18,1674.4,1.0
2022-09-30 19:00:00,19,1688.0,1.1
2022-09-30 20:00:00,20,824.6,0.6
2022-09-30 21:00:00,21,127.6,0.1
2022-09-30 22:00:00,22,,1.2
2022-09-30 23:00:00,23,,0.3
2022-10-01 00:00:00,0,,4.5
2022-10-01 01:00:00,1,0.5,3.9
2022-10-01 02:00:00,2,3.0,2.0
2022-10-01 03:00:00,3,,1.9
2022-10-01 04:00:00,4,,1.1
2022-10-01 05:00:00,5,,1.7
2022-10-01 06:00:00,6,,0.3
2022-10-01 07:00:00,7,,0.2
2022-10-01 08:00:00,8,,0.3
2022-10-01 09:00:00,9,17.9,0.3
2022-10-01 10:00:00,10,383.7,1.5
2022-10-01 11:00:00,11,831.9,1.2
2022-10-01 12:00:00,12,1509.9,1.8
2022-10-01 13:00:00,13,2888.2,2.2
2022-10-01 14:00:00,14,3260.4,2.7
2022-10-01 15:00:00,15,3425.2,2.6
2022-10-01 16:00:00,16,3266.6,1.3
2022-10-01 17:00:00,17,2752.6,1.3
2022-10-01 18:00:00,18,2433.0,1.6
2022-10-01 19:00:00,19,1776.6,1.4
2022-10-01 20:00:00,20,969.3,0.8
2022-10-01 21:00:00,21,137.7,0.7
2022-10-01 22:00:00,22,,0.2
2022-10-01 23:00:00,23,,0.3
2022-10-02 00:00:00,0,,0.2
2022-10-02 01:00:00,1,,1.6
2022-10-02 02:00:00,2,,1.9
2022-10-02 03:00:00,3,,2.2
2022-10-02 04:00:00,4,,1.6
2022-10-02 05:00:00,5,,0.7
2022-10-02 06:00:00,6,,0.5
2022-10-02 07:00:00,7,,0.3
2022-10-02 08:00:00,8,,0.4
2022-10-02 09:00:00,9,9.4,0.3
2022-10-02 10:00:00,10,262.5,0.4
2022-10-02 11:00:00,11,902.0,0.9
2022-10-02 12:00:00,12,1598.3,1.6
2022-10-02 13:00:00,13,2746.9,2.0
2022-10-02 14:00:00,14,3070.7,3.7
2022-10-02 15:00:00,15,3231.9,2.6
2022-10-02 16:00:00,16,3194.3,2.6
2022-10-02 17:00:00,17,2978.5,1.4
2022-10-02 18:00:00,18,2192.4,2.2
2022-10-02 19:00:00,19,1306.2,0.9
2022-10-02 20:00:00,20,621.8,0.4
2022-10-02 21:00:00,21,121.5,0.1
2022-10-02 22:00:00,22,,0.2
2022-10-02 23:00:00,23,,0.2
2022-10-03 00:00:00,0,,0.2
2022-10-03 01:00:00,1,,0.2
2022-10-03 02:00:00,2,,2.8
2022-10-03 03:00:00,3,,2.0
2022-10-03 04:00:00,4,,2.0
2022-10-03 05:00:00,5,,1.7
2022-10-03 06:00:00,6,,0.6
2022-10-03 07:00:00,7,,0.5
2022-10-03 08:00:00,8,,0.2
2022-10-03 09:00:00,9,16.4,0.5
2022-10-03 10:00:00,10,430.3,0.6
2022-10-03 11:00:00,11,973.0,2.5
2022-10-03 12:00:00,12,1996.7,2.0
2022-10-03 13:00:00,13,2639.5,1.1
2022-10-03 14:00:00,14,2923.9,2.1
2022-10-03 15:00:00,15,3372.6,1.3
2022-10-03 16:00:00,16,2267.1,0.8
2022-10-03 17:00:00,17,3201.3,1.7
2022-10-03 18:00:00,18,2380.3,1.2
2022-10-03 19:00:00,19,1808.5,1.0
2022-10-03 20:00:00,20,799.7,0.5
2022-10-03 21:00:00,21,125.5,0.4
2022-10-03 22:00:00,22,,0.3
2022-10-03 23:00:00,23,,0.2
2022-10-04 00:00:00,0,,0.2
2022-10-04 01:00:00,1,,3.0
2022-10-04 02:00:00,2,,2.7
2022-10-04 03:00:00,3,,2.7
2022-10-04 04:00:00,4,,1.8
2022-10-04 05:00:00,5,,0.6
2022-10-04 06:00:00,6,,0.6
2022-10-04 07:00:00,7,,0.2
2022-10-04 08:00:00,8,,0.3
2022-10-04 09:00:00,9,18.7,0.2
2022-10-04 10:00:00,10,417.0,1.6
2022-10-04 11:00:00,11,1127.5,2.6
2022-10-04 12:00:00,12,2106.2,1.8
2022-10-04 13:00:00,13,2706.9,1.9
2022-10-04 14:00:00,14,3295.0,1.7
2022-10-04 15:00:00,15,3421.9,2.0
2022-10-04 16:00:00,16,2757.7,1.6
2022-10-04 17:00:00,17,2673.5,1.0
2022-10-04 18:00:00,18,2287.4,1.5
2022-10-04 19:00:00,19,1799.7,1.1
2022-10-04 20:00:00,20,866.6,0.7
2022-10-04 21:00:00,21,132.4,0.1
2022-10-04 22:00:00,22,,0.3
2022-10-04 23:00:00,23,,0.2
2022-10-05 00:00:00,0,,0.2
2022-10-05 01:00:00,1,,1.7
2022-10-05 02:00:00,2,,2.4
2022-10-05 03:00:00,3,,1.4
2022-10-05 04:00:00,4,,0.6
2022-10-05 05:00:00,5,,0.3
2022-10-05 06:00:00,6,,0.2
2022-10-05 07:00:00,7,,0.3
2022-10-05 08:00:00,8,,0.2
2022-10-05 09:00:00,9,18.2,0.3
2022-10-05 10:00:00,10,445.5,0.5
2022-10-05 11:00:00,11,1284.7,1.5
2022-10-05 12:00:00,12,2083.7,2.1
2022-10-05 13:00:00,13,2758.0,1.4
2022-10-05 14:00:00,14,3172.9,1.7
2022-10-05 15:00:00,15,3377.1,2.0
2022-10-05 16:00:00,16,2807.2,2.2
2022-10-05 17:00:00,17,2905.4,1.8
2022-10-05 18:00:00,18,2453.6,2.5
2022-10-05 19:00:00,19,1768.1,0.7
2022-10-05 20:00:00,20,818.5,0.8
2022-10-05 21:00:00,21,118.8,0.2
2022-10-05 22:00:00,22,,0.6
2022-10-05 23:00:00,23,,0.4
2022-10-06 00:00:00,0,,2.8
2022-10-06 01:00:00,1,,3.4
2022-10-06 02:00:00,2,,2.6
2022-10-06 03:00:00,3,,2.4
2022-10-06 04:00:00,4,,1.7
2022-10-06 05:00:00,5,,0.8
2022-10-06 06:00:00,6,,0.5
2022-10-06 07:00:00,7,,0.2
2022-10-06 08:00:00,8,,0.2
2022-10-06 09:00:00,9,18.2,0.2
2022-10-06 10:00:00,10,439.2,0.8
2022-10-06 11:00:00,11,1253.6,1.8
2022-10-06 12:00:00,12,2016.0,3.5
2022-10-06 13:00:00,13,2712.3,3.5
2022-10-06 14:00:00,14,3271.5,3.3
2022-10-06 15:00:00,15,3410.1,2.8
2022-10-06 16:00:00,16,3400.1,2.6
2022-10-06 17:00:00,17,2991.0,3.1
2022-10-06 18:00:00,18,2354.6,2.5
2022-10-06 19:00:00,19,1748.1,1.8
2022-10-06 20:00:00,20,852.8,1.4
2022-10-06 21:00:00,21,139.4,0.2
2022-10-06 22:00:00,22,,0.2
2022-10-06 23:00:00,23,,0.2
2022-10-07 00:00:00,0,,2.5
2022-10-07 01:00:00,1,,2.0
2022-10-07 02:00:00,2,,1.8
2022-10-07 03:00:00,3,,1.6
2022-10-07 04:00:00,4,,1.1
2022-10-07 05:00:00,5,,1.1
2022-10-07 06:00:00,6,,0.9
2022-10-07 07:00:00,7,,0.4
2022-10-07 08:00:00,8,,0.2
2022-10-07 09:00:00,9,17.6,0.2
2022-10-07 10:00:00,10,490.9,1.3
2022-10-07 11:00:00,11,1288.6,2.5
2022-10-07 12:00:00,12,2135.0,2.2
2022-10-07 13:00:00,13,2803.5,2.9
2022-10-07 14:00:00,14,3214.9,2.8
2022-10-07 15:00:00,15,3407.3,2.7
2022-10-07 16:00:00,16,3356.1,2.7
2022-10-07 17:00:00,17,3108.7,1.6
2022-10-07 18:00:00,18,2447.4,2.2
2022-10-07 19:00:00,19,1819.2,1.2
2022-10-07 20:00:00,20,868.0,1.7
2022-10-07 21:00:00,21,137.9,0.7
2022-10-07 22:00:00,22,,0.2
2022-10-07 23:00:00,23,,0.3
2022-10-08 00:00:00,0,,1.1
2022-10-08 01:00:00,1,,1.7
2022-10-08 02:00:00,2,,1.6
2022-10-08 03:00:00,3,,1.7
2022-10-08 04:00:00,4,,0.3
2022-10-08 05:00:00,5,,0.3
2022-10-08 06:00:00,6,,0.6
2022-10-08 07:00:00,7,,0.3
2022-10-08 08:00:00,8,,0.2
2022-10-08 09:00:00,9,15.8,0.8
2022-10-08 10:00:00,10,188.5,0.9
2022-10-08 11:00:00,11,914.2,2.4
2022-10-08 12:00:00,12,1648.5,2.3
2022-10-08 13:00:00,13,2587.4,2.0
2022-10-08 14:00:00,14,3203.0,1.4
2022-10-08 15:00:00,15,3444.3,1.9
2022-10-08 16:00:00,16,3111.8,1.5
2022-10-08 17:00:00,17,2528.8,1.9
2022-10-08 18:00:00,18,1446.7,1.5
2022-10-08 19:00:00,19,1587.9,1.4
2022-10-08 20:00:00,20,648.6,1.5
2022-10-08 21:00:00,21,104.1,0.2
2022-10-08 22:00:00,22,,0.3
2022-10-08 23:00:00,23,,0.4
2022-10-09 00:00:00,0,,3.3
2022-10-09 01:00:00,1,,0.9
2022-10-09 02:00:00,2,,2.7
2022-10-09 03:00:00,3,,1.5
2022-10-09 04:00:00,4,,1.6
2022-10-09 05:00:00,5,,0.3
2022-10-09 06:00:00,6,,0.3
2022-10-09 07:00:00,7,,0.1
2022-10-09 08:00:00,8,,0.2
2022-10-09 09:00:00,9,13.4,0.4
2022-10-09 10:00:00,10,253.5,0.6
2022-10-09 11:00:00,11,1275.0,1.7
2022-10-09 12:00:00,12,2058.0,2.2
2022-10-09 13:00:00,13,2752.7,2.1
2022-10-09 14:00:00,14,3037.3,2.7
2022-10-09 15:00:00,15,2807.0,1.9
2022-10-09 16:00:00,16,2944.0,1.5
2022-10-09 17:00:00,17,2288.1,2.5
2022-10-09 18:00:00,18,2126.5,1.7
2022-10-09 19:00:00,19,1729.7,1.0
2022-10-09 20:00:00,20,648.3,0.8
2022-10-09 21:00:00,21,121.4,0.5
2022-10-09 22:00:00,22,,0.3
2022-10-09 23:00:00,23,,0.2
2022-10-10 00:00:00,0,,1.6
2022-10-10 01:00:00,1,,2.6
2022-10-10 02:00:00,2,,2.0
2022-10-10 03:00:00,3,,0.9
2022-10-10 04:00:00,4,,0.7
2022-10-10 05:00:00,5,,0.3
2022-10-10 06:00:00,6,,0.5
2022-10-10 07:00:00,7,,0.2
2022-10-10 08:00:00,8,,0.4
2022-10-10 09:00:00,9,14.3,0.9
2022-10-10 10:00:00,10,281.6,0.8
2022-10-10 11:00:00,11,1105.4,0.9
2022-10-10 12:00:00,12,1880.8,2.7
2022-10-10 13:00:00,13,2421.4,3.9
2022-10-10 14:00:00,14,2792.8,2.8
2022-10-10 15:00:00,15,3151.8,3.2
2022-10-10 16:00:00,16,3393.5,3.0
2022-10-10 17:00:00,17,2348.9,2.5
2022-10-10 18:00:00,18,1119.9,0.9
2022-10-10 19:00:00,19,656.4,1.4
2022-10-10 20:00:00,20,854.3,1.0
2022-10-10 21:00:00,21,111.2,0.1
2022-10-10 22:00:00,22,,0.3
2022-10-10 23:00:00,23,,0.2
2022-10-11 00:00:00,0,,2.0
2022-10-11 01:00:00,1,,1.6
2022-10-11 02:00:00,2,,1.0
2022-10-11 03:00:00,3,,0.6
2022-10-11 04:00:00,4,,0.5
2022-10-11 05:00:00,5,,0.6
2022-10-11 06:00:00,6,,0.3
2022-10-11 07:00:00,7,,0.9
2022-10-11 08:00:00,8,,0.6
2022-10-11 09:00:00,9,25.0,1.5
2022-10-11 10:00:00,10,478.8,1.1
2022-10-11 11:00:00,11,1301.0,1.8
2022-10-11 12:00:00,12,2161.8,3.8
2022-10-11 13:00:00,13,2466.5,4.7
2022-10-11 14:00:00,14,2869.4,5.0
2022-10-11 15:00:00,15,3165.9,4.8
2022-10-11 16:00:00,16,2922.7,4.6
2022-10-11 17:00:00,17,3006.8,5.3
2022-10-11 18:00:00,18,2060.8,3.6
2022-10-11 19:00:00,19,997.0,3.2
2022-10-11 20:00:00,20,632.6,1.0
2022-10-11 21:00:00,21,103.3,0.2
2022-10-11 22:00:00,22,,0.2
2022-10-11 23:00:00,23,,0.3
2022-10-12 00:00:00,0,,0.2
2022-10-12 01:00:00,1,,0.3
2022-10-12 02:00:00,2,,2.3
2022-10-12 03:00:00,3,,0.7
2022-10-12 04:00:00,4,,0.3
2022-10-12 05:00:00,5,,0.3
2022-10-12 06:00:00,6,,0.6
2022-10-12 07:00:00,7,,0.2
2022-10-12 08:00:00,8,,0.3
2022-10-12 09:00:00,9,23.4,0.4
2022-10-12 10:00:00,10,487.2,1.3
2022-10-12 11:00:00,11,1325.5,1.1
2022-10-12 12:00:00,12,2153.4,2.7
2022-10-12 13:00:00,13,2843.0,3.2
2022-10-12 14:00:00,14,3273.9,3.0
2022-10-12 15:00:00,15,3448.5,2.7
2022-10-12 16:00:00,16,3391.5,2.2
2022-10-12 17:00:00,17,3101.3,1.9
2022-10-12 18:00:00,18,2330.8,1.8
2022-10-12 19:00:00,19,1732.3,2.1
2022-10-12 20:00:00,20,872.9,1.8
2022-10-12 21:00:00,21,109.1,0.2
2022-10-12 22:00:00,22,,0.2
2022-10-12 23:00:00,23,,0.2
2022-10-13 00:00:00,0,,0.2
2022-10-13 01:00:00,1,,0.4
2022-10-13 02:00:00,2,,1.4
2022-10-13 03:00:00,3,,1.5
2022-10-13 04:00:00,4,,0.5
2022-10-13 05:00:00,5,,0.2
2022-10-13 06:00:00,6,,0.3
2022-10-13 07:00:00,7,,0.3
2022-10-13 08:00:00,8,,0.3
2022-10-13 09:00:00,9,21.3,0.6
2022-10-13 10:00:00,10,417.9,0.9
2022-10-13 11:00:00,11,1354.7,1.7
2022-10-13 12:00:00,12,2137.3,2.3
2022-10-13 13:00:00,13,2818.5,2.7
2022-10-13 14:00:00,14,2849.5,2.6
2022-10-13 15:00:00,15,2676.5,2.6
2022-10-13 16:00:00,16,3577.3,3.8
2022-10-13 17:00:00,17,1994.9,2.0
2022-10-13 18:00:00,18,1536.1,1.2
2022-10-13 19:00:00,19,1704.3,1.6
2022-10-13 20:00:00,20,822.6,0.7
2022-10-13 21:00:00,21,102.5,0.2
2022-10-13 22:00:00,22,,0.2
2022-10-13 23:00:00,23,,0.3
2022-10-14 00:00:00,0,,0.3
2022-10-14 01:00:00,1,,2.4
2022-10-14 02:00:00,2,,1.3
2022-10-14 03:00:00,3,,1.6
2022-10-14 04:00:00,4,,2.1
2022-10-14 05:00:00,5,,1.7
2022-10-14 06:00:00,6,,1.0
2022-10-14 07:00:00,7,,0.3
2022-10-14 08:00:00,8,,0.1
2022-10-14 09:00:00,9,24.0,0.2
2022-10-14 10:00:00,10,489.5,0.7
2022-10-14 11:00:00,11,1301.4,2.2
2022-10-14 12:00:00,12,2119.9,2.2
2022-10-14 13:00:00,13,2786.6,1.5
2022-10-14 14:00:00,14,3262.5,2.3
2022-10-14 15:00:00,15,3223.0,1.8
2022-10-14 16:00:00,16,2460.2,2.1
2022-10-14 17:00:00,17,2247.6,2.2
2022-10-14 18:00:00,18,2087.3,2.8
2022-10-14 19:00:00,19,1547.3,0.9
2022-10-14 20:00:00,20,859.4,1.9
2022-10-14 21:00:00,21,109.6,0.5
2022-10-14 22:00:00,22,,0.2
2022-10-14 23:00:00,23,,1.6
2022-10-15 00:00:00,0,,1.7
2022-10-15 01:00:00,1,,2.5
2022-10-15 02:00:00,2,,0.9
2022-10-15 03:00:00,3,,1.9
2022-10-15 04:00:00,4,,1.3
2022-10-15 05:00:00,5,,0.7
2022-10-15 06:00:00,6,,0.2
2022-10-15 07:00:00,7,,0.3
2022-10-15 08:00:00,8,,0.3
2022-10-15 09:00:00,9,24.3,0.3
2022-10-15 10:00:00,10,498.1,0.9
2022-10-15 11:00:00,11,1299.2,1.1
2022-10-15 12:00:00,12,2115.2,1.9
2022-10-15 13:00:00,13,2787.0,1.9
2022-10-15 14:00:00,14,3021.2,2.9
2022-10-15 15:00:00,15,3024.3,2.7
2022-10-15 16:00:00,16,2811.6,3.6
2022-10-15 17:00:00,17,2341.9,2.7
2022-10-15 18:00:00,18,2172.4,1.6
2022-10-15 19:00:00,19,1393.1,1.0
2022-10-15 20:00:00,20,861.1,0.9
2022-10-15 21:00:00,21,91.0,0.2
2022-10-15 22:00:00,22,,0.5
2022-10-15 23:00:00,23,,0.4
2022-10-16 00:00:00,0,,0.2
2022-10-16 01:00:00,1,,2.5
2022-10-16 02:00:00,2,,2.2
2022-10-16 03:00:00,3,,1.1
2022-10-16 04:00:00,4,,1.1
2022-10-16 05:00:00,5,,0.4
2022-10-16 06:00:00,6,,0.3
2022-10-16 07:00:00,7,,0.3
2022-10-16 08:00:00,8,,0.3
2022-10-16 09:00:00,9,22.6,0.9
2022-10-16 10:00:00,10,482.1,0.6
2022-10-16 11:00:00,11,1279.8,1.8
2022-10-16 12:00:00,12,2129.0,2.6
2022-10-16 13:00:00,13,2174.8,3.1
2022-10-16 14:00:00,14,2940.9,3.9
2022-10-16 15:00:00,15,2964.5,3.3
2022-10-16 16:00:00,16,2368.6,2.4
2022-10-16 17:00:00,17,2550.1,2.6
2022-10-16 18:00:00,18,1777.2,2.5
2022-10-16 19:00:00,19,1484.5,3.2
2022-10-16 20:00:00,20,880.1,2.1
2022-10-16 21:00:00,21,108.9,0.3
2022-10-16 22:00:00,22,,0.2
2022-10-16 23:00:00,23,,0.1
2022-10-17 00:00:00,0,,0.4
2022-10-17 01:00:00,1,,0.4
2022-10-17 02:00:00,2,,2.3
2022-10-17 03:00:00,3,,1.2
2022-10-17 04:00:00,4,,1.3
2022-10-17 05:00:00,5,,0.2
2022-10-17 06:00:00,6,,0.4
2022-10-17 07:00:00,7,,0.6
2022-10-17 08:00:00,8,,0.5
2022-10-17 09:00:00,9,25.5,0.4
2022-10-17 10:00:00,10,492.4,0.6
2022-10-17 11:00:00,11,1286.7,1.4
2022-10-17 12:00:00,12,1982.8,3.4
2022-10-17 13:00:00,13,2645.6,3.9
2022-10-17 14:00:00,14,3273.4,2.9
2022-10-17 15:00:00,15,3534.4,4.0
2022-10-17 16:00:00,16,2901.0,1.7
2022-10-17 17:00:00,17,2687.1,1.6
2022-10-17 18:00:00,18,2349.8,1.5
2022-10-17 19:00:00,19,1765.8,2.1
2022-10-17 20:00:00,20,765.5,0.6
2022-10-17 21:00:00,21,73.6,0.2
2022-10-17 22:00:00,22,,0.2
2022-10-17 23:00:00,23,,0.3
2022-10-18 00:00:00,0,,0.2
2022-10-18 01:00:00,1,,2.5
2022-10-18 02:00:00,2,,1.5
2022-10-18 03:00:00,3,,1.0
2022-10-18 04:00:00,4,,0.6
2022-10-18 05:00:00,5,,0.3
2022-10-18 06:00:00,6,,0.2
2022-10-18 07:00:00,7,,0.2
2022-10-18 08:00:00,8,,0.1
2022-10-18 09:00:00,9,26.3,0.7
2022-10-18 10:00:00,10,469.0,1.3
2022-10-18 11:00:00,11,1271.1,2.2
2022-10-18 12:00:00,12,2101.5,4.2
2022-10-18 13:00:00,13,2783.4,4.0
2022-10-18 14:00:00,14,3238.5,4.0
2022-10-18 15:00:00,15,3066.6,2.9
2022-10-18 16:00:00,16,2804.8,2.9
2022-10-18 17:00:00,17,2645.7,3.4
2022-10-18 18:00:00,18,2105.4,1.3
2022-10-18 19:00:00,19,1387.9,2.3
2022-10-18 20:00:00,20,850.5,0.7
2022-10-18 21:00:00,21,100.5,0.3
2022-10-18 22:00:00,22,,0.2
2022-10-18 23:00:00,23,,0.1
2022-10-19 00:00:00,0,,0.2
2022-10-19 01:00:00,1,,1.8
2022-10-19 02:00:00,2,,1.6
2022-10-19 03:00:00,3,,1.3
2022-10-19 04:00:00,4,,1.0
2022-10-19 05:00:00,5,,0.3
2022-10-19 06:00:00,6,,0.1
2022-10-19 07:00:00,7,,0.3
2022-10-19 08:00:00,8,,0.2
2022-10-19 09:00:00,9,31.5,0.4
2022-10-19 10:00:00,10,460.6,1.4
2022-10-19 11:00:00,11,1316.7,2.6
2022-10-19 12:00:00,12,2127.0,2.6
2022-10-19 13:00:00,13,2780.4,2.8
2022-10-19 14:00:00,14,2973.4,3.1
2022-10-19 15:00:00,15,2482.6,2.2
2022-10-19 16:00:00,16,2998.1,3.6
2022-10-19 17:00:00,17,2475.7,3.9
2022-10-19 18:00:00,18,2676.9,2.2
2022-10-19 19:00:00,19,1401.2,2.1
2022-10-19 20:00:00,20,874.4,1.5
2022-10-19 21:00:00,21,109.3,0.3
2022-10-19 22:00:00,22,,0.2
2022-10-19 23:00:00,23,,0.5
2022-10-20 00:00:00,0,,0.3
2022-10-20 01:00:00,1,,2.2
2022-10-20 02:00:00,2,,2.5
2022-10-20 03:00:00,3,,2.1
2022-10-20 04:00:00,4,,0.9
2022-10-20 05:00:00,5,,0.2
2022-10-20 06:00:00,6,,0.4
2022-10-20 07:00:00,7,,0.3
2022-10-20 08:00:00,8,,0.6
2022-10-20 09:00:00,9,15.2,0.2
2022-10-20 10:00:00,10,256.5,0.4
2022-10-20 11:00:00,11,984.1,1.6
2022-10-20 12:00:00,12,1542.2,2.2
2022-10-20 13:00:00,13,2792.8,3.0
2022-10-20 14:00:00,14,3146.6,3.2
2022-10-20 15:00:00,15,3058.4,2.7
2022-10-20 16:00:00,16,2884.0,1.7
2022-10-20 17:00:00,17,2905.6,1.5
2022-10-20 18:00:00,18,2143.3,2.5
2022-10-20 19:00:00,19,1652.8,2.3
2022-10-20 20:00:00,20,586.0,1.1
2022-10-20 21:00:00,21,82.9,0.2
2022-10-20 22:00:00,22,,0.1
2022-10-20 23:00:00,23,,0.2
2022-10-21 00:00:00,0,,0.3
2022-10-21 01:00:00,1,,0.5
2022-10-21 02:00:00,2,,1.5
2022-10-21 03:00:00,3,,1.5
2022-10-21 04:00:00,4,,1.3
2022-10-21 05:00:00,5,,1.0
2022-10-21 06:00:00,6,,0.4
2022-10-21 07:00:00,7,,0.2
2022-10-21 08:00:00,8,,0.2
2022-10-21 09:00:00,9,29.1,0.2
2022-10-21 10:00:00,10,475.0,0.5
2022-10-21 11:00:00,11,1276.6,1.7
2022-10-21 12:00:00,12,1685.4,2.0
2022-10-21 13:00:00,13,2259.8,2.5
2022-10-21 14:00:00,14,3167.5,1.5
2022-10-21 15:00:00,15,3018.1,1.8
2022-10-21 16:00:00,16,2914.5,1.8
2022-10-21 17:00:00,17,2647.5,1.1
2022-10-21 18:00:00,18,2341.3,1.8
2022-10-21 19:00:00,19,1635.3,0.9
2022-10-21 20:00:00,20,724.1,1.4
2022-10-21 21:00:00,21,90.6,1.2
2022-10-21 22:00:00,22,,0.2
2022-10-21 23:00:00,23,,0.2
2022-10-22 00:00:00,0,,0.2
2022-10-22 01:00:00,1,,2.6
2022-10-22 02:00:00,2,,2.2
2022-10-22 03:00:00,3,,3.0
2022-10-22 04:00:00,4,,1.8
2022-10-22 05:00:00,5,,1.8
2022-10-22 06:00:00,6,,1.1
2022-10-22 07:00:00,7,,0.5
2022-10-22 08:00:00,8,,0.2
2022-10-22 09:00:00,9,35.2,0.3
2022-10-22 10:00:00,10,452.3,0.6
2022-10-22 11:00:00,11,1224.3,1.6
2022-10-22 12:00:00,12,2074.4,2.5
2022-10-22 13:00:00,13,2720.0,3.0
2022-10-22 14:00:00,14,2997.4,1.6
2022-10-22 15:00:00,15,2928.7,1.9
2022-10-22 16:00:00,16,2217.0,1.3
2022-10-22 17:00:00,17,2018.8,1.2
2022-10-22 18:00:00,18,2371.6,0.9
2022-10-22 19:00:00,19,1652.0,1.2
2022-10-22 20:00:00,20,709.2,1.2
2022-10-22 21:00:00,21,94.5,0.7
2022-10-22 22:00:00,22,,1.3
2022-10-22 23:00:00,23,,0.3
2022-10-23 00:00:00,0,,3.0
2022-10-23 01:00:00,1,,3.7
2022-10-23 02:00:00,2,,2.5
2022-10-23 03:00:00,3,,1.6
2022-10-23 04:00:00,4,,1.6
2022-10-23 05:00:00,5,,1.5
2022-10-23 06:00:00,6,,0.9
2022-10-23 07:00:00,7,,0.8
2022-10-23 08:00:00,8,,0.9
2022-10-23 09:00:00,9,20.2,0.3
2022-10-23 10:00:00,10,211.2,0.8
2022-10-23 11:00:00,11,566.9,1.2
2022-10-23 12:00:00,12,1316.4,1.8
2022-10-23 13:00:00,13,1361.1,2.1
2022-10-23 14:00:00,14,2610.7,2.5
2022-10-23 15:00:00,15,3398.2,2.0
2022-10-23 16:00:00,16,3374.4,1.7
2022-10-23 17:00:00,17,2608.3,2.0
2022-10-23 18:00:00,18,1874.3,1.7
2022-10-23 19:00:00,19,1700.8,1.8
2022-10-23 20:00:00,20,780.2,1.7
2022-10-23 21:00:00,21,99.8,0.2
2022-10-23 22:00:00,22,,0.5
2022-10-23 23:00:00,23,,0.4
2022-10-24 00:00:00,0,,0.3
2022-10-24 01:00:00,1,,1.6
2022-10-24 02:00:00,2,,2.6
2022-10-24 03:00:00,3,,2.2
2022-10-24 04:00:00,4,,1.8
2022-10-24 05:00:00,5,,1.2
2022-10-24 06:00:00,6,,1.0
2022-10-24 07:00:00,7,,0.5
2022-10-24 08:00:00,8,,0.2
2022-10-24 09:00:00,9,18.7,0.7
2022-10-24 10:00:00,10,307.3,0.5
2022-10-24 11:00:00,11,913.2,2.0
2022-10-24 12:00:00,12,1771.6,2.3
2022-10-24 13:00:00,13,1720.2,2.4
2022-10-24 14:00:00,14,1701.7,2.2
2022-10-24 15:00:00,15,2243.9,1.5
2022-10-24 16:00:00,16,1908.1,1.4
2022-10-24 17:00:00,17,1662.3,0.7
2022-10-24 18:00:00,18,2264.6,2.1
2022-10-24 19:00:00,19,1712.3,0.9
2022-10-24 20:00:00,20,866.5,0.7
2022-10-24 21:00:00,21,108.3,0.3
2022-10-24 22:00:00,22,,0.2
2022-10-24 23:00:00,23,,0.3
2022-10-25 00:00:00,0,,0.5
2022-10-25 01:00:00,1,,1.8
2022-10-25 02:00:00,2,,2.2
2022-10-25 03:00:00,3,,2.5
2022-10-25 04:00:00,4,,1.9
2022-10-25 05:00:00,5,,1.5
2022-10-25 06:00:00,6,,0.7
2022-10-25 07:00:00,7,,0.8
2022-10-25 08:00:00,8,,0.7
2022-10-25 09:00:00,9,25.2,1.0
2022-10-25 10:00:00,10,268.4,1.8
2022-10-25 11:00:00,11,564.6,2.2
2022-10-25 12:00:00,12,994.4,1.2
2022-10-25 13:00:00,13,663.5,1.6
2022-10-25 14:00:00,14,1476.8,1.6
2022-10-25 15:00:00,15,2076.3,1.1
2022-10-25 16:00:00,16,1020.8,1.1
2022-10-25 17:00:00,17,1985.2,2.4
2022-10-25 18:00:00,18,1456.2,2.1
2022-10-25 19:00:00,19,1152.3,1.4
2022-10-25 20:00:00,20,246.4,1.5
2022-10-25 21:00:00,21,25.0,2.3
2022-10-25 22:00:00,22,,1.3
2022-10-25 23:00:00,23,,1.6
2022-10-26 00:00:00,0,,2.8
2022-10-26 01:00:00,1,,1.7
2022-10-26 02:00:00,2,,0.4
2022-10-26 03:00:00,3,,3.6
2022-10-26 04:00:00,4,,2.4
2022-10-26 05:00:00,5,,1.6
2022-10-26 06:00:00,6,,0.7
2022-10-26 07:00:00,7,,0.8
2022-10-26 08:00:00,8,,0.7
2022-10-26 09:00:00,9,7.7,0.6
2022-10-26 10:00:00,10,96.5,0.8
2022-10-26 11:00:00,11,302.0,0.8
2022-10-26 12:00:00,12,182.1,1.9
2022-10-26 13:00:00,13,774.6,1.3
2022-10-26 14:00:00,14,543.2,1.1
2022-10-26 15:00:00,15,1360.9,2.9
2022-10-26 16:00:00,16,1494.5,2.0
2022-10-26 17:00:00,17,2231.4,3.7
2022-10-26 18:00:00,18,1630.5,2.3
2022-10-26 19:00:00,19,1631.7,2.3
2022-10-26 20:00:00,20,656.2,2.1
2022-10-26 21:00:00,21,63.2,1.5
2022-10-26 22:00:00,22,,1.3
2022-10-26 23:00:00,23,,0.9
2022-10-27 00:00:00,0,,0.3
2022-10-27 01:00:00,1,,0.5
2022-10-27 02:00:00,2,,0.4
2022-10-27 03:00:00,3,,0.7
2022-10-27 04:00:00,4,,1.8
2022-10-27 05:00:00,5,,1.1
2022-10-27 06:00:00,6,,0.6
2022-10-27 07:00:00,7,,0.3
2022-10-27 08:00:00,8,,0.4
2022-10-27 09:00:00,9,40.9,0.3
2022-10-27 10:00:00,10,506.2,0.9
2022-10-27 11:00:00,11,1242.7,2.0
2022-10-27 12:00:00,12,2092.5,2.0
2022-10-27 13:00:00,13,2612.1,2.3
2022-10-27 14:00:00,14,2364.9,1.7
2022-10-27 15:00:00,15,2379.9,2.7
2022-10-27 16:00:00,16,2553.2,2.3
2022-10-27 17:00:00,17,2507.1,2.0
2022-10-27 18:00:00,18,2472.9,1.9
2022-10-27 19:00:00,19,1651.6,1.8
2022-10-27 20:00:00,20,301.1,1.4
2022-10-27 21:00:00,21,52.2,0.4
2022-10-27 22:00:00,22,,0.2
2022-10-27 23:00:00,23,,0.2
2022-10-28 00:00:00,0,,0.1
2022-10-28 01:00:00,1,,2.2
2022-10-28 02:00:00,2,,2.2
2022-10-28 03:00:00,3,,1.4
2022-10-28 04:00:00,4,,0.5
2022-10-28 05:00:00,5,,0.4
2022-10-28 06:00:00,6,,0.5
2022-10-28 07:00:00,7,,0.5
2022-10-28 08:00:00,8,,0.2
2022-10-28 09:00:00,9,29.4,0.5
2022-10-28 10:00:00,10,378.4,0.7
2022-10-28 11:00:00,11,1381.0,1.8
2022-10-28 12:00:00,12,2149.7,2.9
2022-10-28 13:00:00,13,2827.2,3.6
2022-10-28 14:00:00,14,3361.1,2.1
2022-10-28 15:00:00,15,2930.7,2.5
2022-10-28 16:00:00,16,2299.3,2.8
2022-10-28 17:00:00,17,2466.9,2.2
2022-10-28 18:00:00,18,2072.4,2.2
2022-10-28 19:00:00,19,1171.8,1.4
2022-10-28 20:00:00,20,571.0,1.0
2022-10-28 21:00:00,21,128.9,0.2
2022-10-28 22:00:00,22,,0.3
2022-10-28 23:00:00,23,,0.5
2022-10-29 00:00:00,0,,0.1
2022-10-29 01:00:00,1,,2.2
2022-10-29 02:00:00,2,,1.7
2022-10-29 03:00:00,3,,0.8
2022-10-29 04:00:00,4,,0.1
2022-10-29 05:00:00,5,,0.2
2022-10-29 06:00:00,6,,0.4
2022-10-29 07:00:00,7,,0.3
2022-10-29 08:00:00,8,,1.0
2022-10-29 09:00:00,9,66.3,0.6
2022-10-29 10:00:00,10,616.8,1.7
2022-10-29 11:00:00,11,1381.8,2.0
2022-10-29 12:00:00,12,2182.9,3.9
2022-10-29 13:00:00,13,2819.9,3.9
2022-10-29 14:00:00,14,3238.0,2.6
2022-10-29 15:00:00,15,3295.8,3.2
2022-10-29 16:00:00,16,3316.7,3.7
2022-10-29 17:00:00,17,3028.4,3.7
2022-10-29 18:00:00,18,2461.1,3.6
2022-10-29 19:00:00,19,1652.7,3.8
2022-10-29 20:00:00,20,845.8,2.2
2022-10-29 21:00:00,21,102.6,0.3
2022-10-29 22:00:00,22,,0.2
2022-10-29 23:00:00,23,,0.2
2022-10-30 00:00:00,0,,0.3
2022-10-30 01:00:00,1,,0.2
2022-10-30 02:00:00,2,,1.7
2022-10-30 03:00:00,3,,0.2
2022-10-30 04:00:00,4,,0.4
2022-10-30 05:00:00,5,,1.0
2022-10-30 06:00:00,6,,0.6
2022-10-30 07:00:00,7,,0.2
2022-10-30 08:00:00,8,,0.3
2022-10-30 09:00:00,9,29.1,0.5
2022-10-30 10:00:00,10,404.5,0.7
2022-10-30 11:00:00,11,1131.7,2.0
2022-10-30 12:00:00,12,1960.6,2.1
2022-10-30 13:00:00,13,2743.1,2.7
2022-10-30 14:00:00,14,3147.0,1.5
2022-10-30 15:00:00,15,3216.1,1.5
2022-10-30 16:00:00,16,2655.6,1.5
2022-10-30 17:00:00,17,2244.6,2.0
2022-10-30 18:00:00,18,1866.6,2.3
2022-10-30 19:00:00,19,1434.7,1.4
2022-10-30 20:00:00,20,375.4,0.8
2022-10-30 21:00:00,21,161.0,0.3
2022-10-30 22:00:00,22,,0.2
2022-10-30 23:00:00,23,,0.5
2022-10-31 00:00:00,0,,0.3
2022-10-31 01:00:00,1,,1.9
2022-10-31 02:00:00,2,,1.5
2022-10-31 03:00:00,3,,0.6
2022-10-31 04:00:00,4,,1.0
2022-10-31 05:00:00,5,,0.5
2022-10-31 06:00:00,6,,0.4
2022-10-31 07:00:00,7,,0.1
2022-10-31 08:00:00,8,,0.3
2022-10-31 09:00:00,9,34.9,0.2
2022-10-31 10:00:00,10,570.9,0.7
2022-10-31 11:00:00,11,1399.9,1.3
2022-10-31 12:00:00,12,2206.6,1.9
2022-10-31 13:00:00,13,2859.7,2.1
2022-10-31 14:00:00,14,3282.4,3.1
2022-10-31 15:00:00,15,3461.0,2.0
2022-10-31 16:00:00,16,3340.4,1.1
2022-10-31 17:00:00,17,2959.2,1.3
2022-10-31 18:00:00,18,2221.9,1.1
2022-10-31 19:00:00,19,1618.2,1.6
2022-10-31 20:00:00,20,922.8,2.0
2022-10-31 21:00:00,21,136.1,0.2
2022-10-31 22:00:00,22,,0.4
2022-10-31 23:00:00,23,,0.3
2022-11-01 00:00:00,0,,2.4
2022-11-01 01:00:00,1,,3.1
2022-11-01 02:00:00,2,,2.2
2022-11-01 03:00:00,3,,2.1
2022-11-01 04:00:00,4,,1.6
2022-11-01 05:00:00,5,,0.8
2022-11-01 06:00:00,6,,2.0
2022-11-01 07:00:00,7,,0.7
2022-11-01 08:00:00,8,,1.4
2022-11-01 09:00:00,9,39.2,1.3
2022-11-01 10:00:00,10,492.0,3.3
2022-11-01 11:00:00,11,1151.8,2.5
2022-11-01 12:00:00,12,1902.4,4.1
2022-11-01 13:00:00,13,2619.1,3.7
2022-11-01 14:00:00,14,3015.2,2.6
2022-11-01 15:00:00,15,3089.3,1.7
2022-11-01 16:00:00,16,3002.5,1.8
2022-11-01 17:00:00,17,2593.2,2.9
2022-11-01 18:00:00,18,1498.5,2.2
2022-11-01 19:00:00,19,1283.6,2.5
2022-11-01 20:00:00,20,664.5,1.8
2022-11-01 21:00:00,21,95.7,0.3
2022-11-01 22:00:00,22,,0.2
2022-11-01 23:00:00,23,,0.3
2022-11-02 00:00:00,0,,2.4
2022-11-02 01:00:00,1,,2.1
2022-11-02 02:00:00,2,,1.5
2022-11-02 03:00:00,3,,1.2
2022-11-02 04:00:00,4,,1.1
2022-11-02 05:00:00,5,,1.4
2022-11-02 06:00:00,6,,0.7
2022-11-02 07:00:00,7,,0.4
2022-11-02 08:00:00,8,,0.4
2022-11-02 09:00:00,9,23.4,0.3
2022-11-02 10:00:00,10,210.1,0.8
2022-11-02 11:00:00,11,1078.1,2.1
2022-11-02 12:00:00,12,1536.9,1.7
2022-11-02 13:00:00,13,1669.0,1.7
2022-11-02 14:00:00,14,1315.0,1.9
2022-11-02 15:00:00,15,1423.7,1.3
2022-11-02 16:00:00,16,1223.8,1.2
2022-11-02 17:00:00,17,1413.2,3.6
2022-11-02 18:00:00,18,1335.8,3.4
2022-11-02 19:00:00,19,799.7,2.7
2022-11-02 20:00:00,20,503.4,3.1
2022-11-02 21:00:00,21,90.8,3.0
2022-11-02 22:00:00,22,,2.6
2022-11-02 23:00:00,23,,1.6
2022-11-03 00:00:00,0,,0.6
2022-11-03 01:00:00,1,,0.5
2022-11-03 02:00:00,2,,0.2
2022-11-03 03:00:00,3,,0.4
2022-11-03 04:00:00,4,,1.2
2022-11-03 05:00:00,5,,0.7
2022-11-03 06:00:00,6,,0.4
2022-11-03 07:00:00,7,,0.5
2022-11-03 08:00:00,8,,0.2
2022-11-03 09:00:00,9,26.5,0.3
2022-11-03 10:00:00,10,477.2,0.7
2022-11-03 11:00:00,11,1286.3,1.6
2022-11-03 12:00:00,12,2061.9,1.0
2022-11-03 13:00:00,13,2724.0,2.1
2022-11-03 14:00:00,14,1751.1,1.4
2022-11-03 15:00:00,15,2293.6,1.8
2022-11-03 16:00:00,16,1501.1,1.2
2022-11-03 17:00:00,17,1352.2,1.1
2022-11-03 18:00:00,18,738.0,5.6
2022-11-03 19:00:00,19,477.0,0.6
2022-11-03 20:00:00,20,468.7,1.1
2022-11-03 21:00:00,21,76.4,4.1
2022-11-03 22:00:00,22,,2.1
2022-11-03 23:00:00,23,,1.2
2022-11-04 00:00:00,0,,0.6
2022-11-04 01:00:00,1,,1.0
2022-11-04 02:00:00,2,,0.2
2022-11-04 03:00:00,3,,1.3
2022-11-04 04:00:00,4,,1.2
2022-11-04 05:00:00,5,,0.3
2022-11-04 06:00:00,6,,1.3
2022-11-04 07:00:00,7,,1.3
2022-11-04 08:00:00,8,,1.3
2022-11-04 09:00:00,9,11.3,1.1
2022-11-04 10:00:00,10,133.1,1.1
2022-11-04 11:00:00,11,363.5,0.5
2022-11-04 12:00:00,12,273.7,0.4
2022-11-04 13:00:00,13,284.2,0.6
2022-11-04 14:00:00,14,463.0,0.9
2022-11-04 15:00:00,15,555.1,1.3
2022-11-04 16:00:00,16,887.2,3.8
2022-11-04 17:00:00,17,451.8,3.4
2022-11-04 18:00:00,18,60.5,2.9
2022-11-04 19:00:00,19,121.8,1.4
2022-11-04 20:00:00,20,90.4,1.6
2022-11-04 21:00:00,21,21.0,0.6
2022-11-04 22:00:00,22,,0.3
2022-11-04 23:00:00,23,,1.1
2022-11-05 00:00:00,0,,0.7
2022-11-05 01:00:00,1,,0.6
2022-11-05 02:00:00,2,,0.4
2022-11-05 03:00:00,3,,0.6
2022-11-05 04:00:00,4,,0.7
2022-11-05 05:00:00,5,,0.4
2022-11-05 06:00:00,6,,0.5
2022-11-05 07:00:00,7,,0.2
2022-11-05 08:00:00,8,,0.2
2022-11-05 09:00:00,9,67.5,0.5
2022-11-05 10:00:00,10,403.3,0.7
2022-11-05 11:00:00,11,836.0,1.1
2022-11-05 12:00:00,12,1612.6,0.9
2022-11-05 13:00:00,13,2317.8,1.6
2022-11-05 14:00:00,14,2637.2,1.9
2022-11-05 15:00:00,15,3129.2,1.1
2022-11-05 16:00:00,16,3956.6,1.6
2022-11-05 17:00:00,17,2345.8,2.3
2022-11-05 18:00:00,18,2416.2,1.4
2022-11-05 19:00:00,19,1626.6,1.1
2022-11-05 20:00:00,20,958.4,0.9
2022-11-05 21:00:00,21,117.0,0.5
2022-11-05 22:00:00,22,,0.2
2022-11-05 23:00:00,23,,0.3
2022-11-06 00:00:00,0,,0.4
2022-11-06 01:00:00,1,,0.3
2022-11-06 02:00:00,2,,0.3
2022-11-06 03:00:00,3,,0.4
2022-11-06 04:00:00,4,,0.8
2022-11-06 05:00:00,5,,0.7
2022-11-06 06:00:00,6,,0.3
2022-11-06 07:00:00,7,,0.3
2022-11-06 08:00:00,8,,0.4
2022-11-06 09:00:00,9,33.7,0.4
2022-11-06 10:00:00,10,505.7,1.4
2022-11-06 11:00:00,11,1321.8,1.7
2022-11-06 12:00:00,12,2132.3,2.1
2022-11-06 13:00:00,13,2048.3,1.6
2022-11-06 14:00:00,14,1878.7,1.5
2022-11-06 15:00:00,15,2342.9,4.7
2022-11-06 16:00:00,16,618.2,2.9
2022-11-06 17:00:00,17,443.7,2.7
2022-11-06 18:00:00,18,236.6,2.0
2022-11-06 19:00:00,19,293.8,1.2
2022-11-06 20:00:00,20,169.6,1.3
2022-11-06 21:00:00,21,36.5,0.8
2022-11-06 22:00:00,22,,0.3
2022-11-06 23:00:00,23,,0.4
2022-11-07 00:00:00,0,,0.2
2022-11-07 01:00:00,1,,0.4
2022-11-07 02:00:00,2,,0.2
2022-11-07 03:00:00,3,,0.1
2022-11-07 04:00:00,4,,0.5
2022-11-07 05:00:00,5,,0.6
2022-11-07 06:00:00,6,,0.6
2022-11-07 07:00:00,7,,0.6
2022-11-07 08:00:00,8,,0.5
2022-11-07 09:00:00,9,26.3,0.4
2022-11-07 10:00:00,10,313.9,1.6
2022-11-07 11:00:00,11,771.6,1.6
2022-11-07 12:00:00,12,1348.8,1.0
2022-11-07 13:00:00,13,1721.3,1.1
2022-11-07 14:00:00,14,1268.6,2.0
2022-11-07 15:00:00,15,783.6,1.7
2022-11-07 16:00:00,16,1754.7,0.8
2022-11-07 17:00:00,17,1489.1,1.5
2022-11-07 18:00:00,18,1543.1,2.3
2022-11-07 19:00:00,19,543.6,2.1
2022-11-07 20:00:00,20,446.6,1.2
2022-11-07 21:00:00,21,127.9,0.6
2022-11-07 22:00:00,22,,0.4
2022-11-07 23:00:00,23,,0.4
2022-11-08 00:00:00,0,,0.3
2022-11-08 01:00:00,1,,0.4
2022-11-08 02:00:00,2,,0.2
2022-11-08 03:00:00,3,,1.3
2022-11-08 04:00:00,4,,0.6
2022-11-08 05:00:00,5,,0.4
2022-11-08 06:00:00,6,,0.3
2022-11-08 07:00:00,7,,0.1
2022-11-08 08:00:00,8,,0.2
2022-11-08 09:00:00,9,36.5,0.3
2022-11-08 10:00:00,10,291.4,0.5
2022-11-08 11:00:00,11,638.2,1.4
2022-11-08 12:00:00,12,1256.3,1.4
2022-11-08 13:00:00,13,1582.4,1.8
2022-11-08 14:00:00,14,1882.8,1.1
2022-11-08 15:00:00,15,3159.6,1.6
2022-11-08 16:00:00,16,2869.8,1.6
2022-11-08 17:00:00,17,2872.7,1.9
2022-11-08 18:00:00,18,760.3,1.9
2022-11-08 19:00:00,19,343.2,3.0
2022-11-08 20:00:00,20,214.8,2.1
2022-11-08 21:00:00,21,56.5,1.3
2022-11-08 22:00:00,22,,2.6
2022-11-08 23:00:00,23,,1.4
2022-11-09 00:00:00,0,,1.0
2022-11-09 01:00:00,1,,1.8
2022-11-09 02:00:00,2,,2.4
2022-11-09 03:00:00,3,,2.5
2022-11-09 04:00:00,4,,0.3
2022-11-09 05:00:00,5,,0.2
2022-11-09 06:00:00,6,,0.5
2022-11-09 07:00:00,7,,0.3
2022-11-09 08:00:00,8,,0.2
2022-11-09 09:00:00,9,31.0,0.3
2022-11-09 10:00:00,10,614.8,1.0
2022-11-09 11:00:00,11,1477.6,3.3
2022-11-09 12:00:00,12,2281.2,2.0
2022-11-09 13:00:00,13,2935.4,2.5
2022-11-09 14:00:00,14,3310.8,1.6
2022-11-09 15:00:00,15,3183.2,1.4
2022-11-09 16:00:00,16,3219.3,1.8
2022-11-09 17:00:00,17,2735.3,1.6
2022-11-09 18:00:00,18,1916.2,1.5
2022-11-09 19:00:00,19,1580.3,2.4
2022-11-09 20:00:00,20,976.8,2.4
2022-11-09 21:00:00,21,147.1,0.5
2022-11-09 22:00:00,22,,0.6
2022-11-09 23:00:00,23,,0.3
2022-11-10 00:00:00,0,,0.6
2022-11-10 01:00:00,1,,0.5
2022-11-10 02:00:00,2,,1.0
2022-11-10 03:00:00,3,,0.7
2022-11-10 04:00:00,4,,1.4
2022-11-10 05:00:00,5,,1.0
2022-11-10 06:00:00,6,,0.5
2022-11-10 07:00:00,7,,0.2
2022-11-10 08:00:00,8,,0.4
2022-11-10 09:00:00,9,34.5,0.2
2022-11-10 10:00:00,10,372.0,1.8
2022-11-10 11:00:00,11,1195.2,2.5
2022-11-10 12:00:00,12,2156.9,2.2
2022-11-10 13:00:00,13,2934.1,1.2
2022-11-10 14:00:00,14,3467.8,1.9
2022-11-10 15:00:00,15,2799.1,1.4
2022-11-10 16:00:00,16,2940.2,2.1
2022-11-10 17:00:00,17,2860.0,1.2
2022-11-10 18:00:00,18,1544.3,1.3
2022-11-10 19:00:00,19,1565.3,1.8
2022-11-10 20:00:00,20,888.8,1.5
2022-11-10 21:00:00,21,216.7,0.8
2022-11-10 22:00:00,22,,0.5
2022-11-10 23:00:00,23,,0.3
2022-11-11 00:00:00,0,,0.5
2022-11-11 01:00:00,1,,0.3
2022-11-11 02:00:00,2,,1.9
2022-11-11 03:00:00,3,,1.4
2022-11-11 04:00:00,4,,1.2
2022-11-11 05:00:00,5,,0.3
2022-11-11 06:00:00,6,,0.4
2022-11-11 07:00:00,7,,0.3
2022-11-11 08:00:00,8,,0.3
2022-11-11 09:00:00,9,41.2,0.6
2022-11-11 10:00:00,10,426.2,1.0
2022-11-11 11:00:00,11,1143.3,2.6
2022-11-11 12:00:00,12,1998.1,2.1
2022-11-11 13:00:00,13,2557.4,1.6
2022-11-11 14:00:00,14,3475.0,1.7
2022-11-11 15:00:00,15,3307.0,1.7
2022-11-11 16:00:00,16,2309.8,0.7
2022-11-11 17:00:00,17,2669.8,0.9
2022-11-11 18:00:00,18,1874.2,1.1
2022-11-11 19:00:00,19,1927.6,1.2
2022-11-11 20:00:00,20,738.1,0.9
2022-11-11 21:00:00,21,92.3,0.4
2022-11-11 22:00:00,22,,0.2
2022-11-11 23:00:00,23,,0.2
2022-11-12 00:00:00,0,,0.3
2022-11-12 01:00:00,1,,0.3
2022-11-12 02:00:00,2,,0.4
2022-11-12 03:00:00,3,,1.0
2022-11-12 04:00:00,4,,0.5
2022-11-12 05:00:00,5,,0.8
2022-11-12 06:00:00,6,,0.2
2022-11-12 07:00:00,7,,0.3
2022-11-12 08:00:00,8,,0.3
2022-11-12 09:00:00,9,46.2,0.7
2022-11-12 10:00:00,10,549.1,2.3
2022-11-12 11:00:00,11,1338.7,2.4
2022-11-12 12:00:00,12,2223.5,2.2
2022-11-12 13:00:00,13,2519.8,1.9
2022-11-12 14:00:00,14,2544.1,1.5
2022-11-12 15:00:00,15,3119.0,2.1
2022-11-12 16:00:00,16,2275.9,1.6
2022-11-12 17:00:00,17,2608.4,0.7
2022-11-12 18:00:00,18,1083.4,1.1
2022-11-12 19:00:00,19,47.9,3.5
2022-11-12 20:00:00,20,113.0,1.0
2022-11-12 21:00:00,21,72.5,1.5
2022-11-12 22:00:00,22,,0.4
2022-11-12 23:00:00,23,,0.1
2022-11-13 00:00:00,0,,0.5
2022-11-13 01:00:00,1,,1.9
2022-11-13 02:00:00,2,,1.4
2022-11-13 03:00:00,3,,1.2
2022-11-13 04:00:00,4,,0.3
2022-11-13 05:00:00,5,,0.5
2022-11-13 06:00:00,6,,0.3
2022-11-13 07:00:00,7,,0.5
2022-11-13 08:00:00,8,,0.5
2022-11-13 09:00:00,9,37.6,0.1
2022-11-13 10:00:00,10,572.4,0.6
2022-11-13 11:00:00,11,1418.1,1.8
2022-11-13 12:00:00,12,2147.0,2.2
2022-11-13 13:00:00,13,2476.0,2.2
2022-11-13 14:00:00,14,2680.7,1.2
2022-11-13 15:00:00,15,2834.6,1.5
2022-11-13 16:00:00,16,2563.3,1.4
2022-11-13 17:00:00,17,3007.5,1.9
2022-11-13 18:00:00,18,2445.8,1.9
2022-11-13 19:00:00,19,1290.6,1.6
2022-11-13 20:00:00,20,954.7,1.5
2022-11-13 21:00:00,21,143.8,0.8
2022-11-13 22:00:00,22,,0.2
2022-11-13 23:00:00,23,,0.2
2022-11-14 00:00:00,0,,0.3
2022-11-14 01:00:00,1,,0.3
2022-11-14 02:00:00,2,,2.0
2022-11-14 03:00:00,3,,2.4
2022-11-14 04:00:00,4,,1.2
2022-11-14 05:00:00,5,,0.8
2022-11-14 06:00:00,6,,1.3
2022-11-14 07:00:00,7,,0.7
2022-11-14 08:00:00,8,,0.3
2022-11-14 09:00:00,9,24.2,0.4
2022-11-14 10:00:00,10,215.0,0.4
2022-11-14 11:00:00,11,370.9,0.4
2022-11-14 12:00:00,12,851.4,1.4
2022-11-14 13:00:00,13,1180.9,1.7
2022-11-14 14:00:00,14,2048.2,1.4
2022-11-14 15:00:00,15,2642.7,1.5
2022-11-14 16:00:00,16,3357.9,1.3
2022-11-14 17:00:00,17,3038.4,1.5
2022-11-14 18:00:00,18,1906.3,0.7
2022-11-14 19:00:00,19,1423.8,1.4
2022-11-14 20:00:00,20,144.1,2.0
2022-11-14 21:00:00,21,14.8,0.8
2022-11-14 22:00:00,22,,0.6
2022-11-14 23:00:00,23,,0.8
2022-11-15 00:00:00,0,,2.6
2022-11-15 01:00:00,1,,1.4
2022-11-15 02:00:00,2,,2.3
2022-11-15 03:00:00,3,,0.6
2022-11-15 04:00:00,4,,0.6
2022-11-15 05:00:00,5,,0.4
2022-11-15 06:00:00,6,,0.1
2022-11-15 07:00:00,7,,0.3
2022-11-15 08:00:00,8,,0.2
2022-11-15 09:00:00,9,26.3,0.8
2022-11-15 10:00:00,10,239.5,0.7
2022-11-15 11:00:00,11,1480.5,1.5
2022-11-15 12:00:00,12,1882.1,1.9
2022-11-15 13:00:00,13,2114.4,2.1
2022-11-15 14:00:00,14,2282.8,2.3
2022-11-15 15:00:00,15,2395.6,2.0
2022-11-15 16:00:00,16,3318.5,1.8
2022-11-15 17:00:00,17,2990.9,2.1
2022-11-15 18:00:00,18,2663.5,1.9
2022-11-15 19:00:00,19,1777.9,1.3
2022-11-15 20:00:00,20,998.8,0.5
2022-11-15 21:00:00,21,85.6,0.2
2022-11-15 22:00:00,22,,0.2
2022-11-15 23:00:00,23,,0.1
2022-11-16 00:00:00,0,,0.8
2022-11-16 01:00:00,1,,2.8
2022-11-16 02:00:00,2,,2.1
2022-11-16 03:00:00,3,,1.4
2022-11-16 04:00:00,4,,1.2
2022-11-16 05:00:00,5,,0.6
2022-11-16 06:00:00,6,,0.3
2022-11-16 07:00:00,7,,0.4
2022-11-16 08:00:00,8,,0.2
2022-11-16 09:00:00,9,45.2,0.3
2022-11-16 10:00:00,10,634.6,0.8
2022-11-16 11:00:00,11,1283.7,1.8
2022-11-16 12:00:00,12,1968.1,1.2
2022-11-16 13:00:00,13,2788.3,1.3
2022-11-16 14:00:00,14,3192.2,1.1
2022-11-16 15:00:00,15,3284.3,1.3
2022-11-16 16:00:00,16,2554.8,0.7
2022-11-16 17:00:00,17,2755.6,1.4
2022-11-16 18:00:00,18,2530.1,1.7
2022-11-16 19:00:00,19,1544.3,1.8
2022-11-16 20:00:00,20,667.7,0.8
2022-11-16 21:00:00,21,74.9,0.1
2022-11-16 22:00:00,22,,0.7
2022-11-16 23:00:00,23,,0.6
2022-11-17 00:00:00,0,,0.7
2022-11-17 01:00:00,1,,0.2
2022-11-17 02:00:00,2,,0.6
2022-11-17 03:00:00,3,,1.7
2022-11-17 04:00:00,4,,1.6
2022-11-17 05:00:00,5,,0.6
2022-11-17 06:00:00,6,,0.5
2022-11-17 07:00:00,7,,0.3
2022-11-17 08:00:00,8,,0.3
2022-11-17 09:00:00,9,64.3,0.1
2022-11-17 10:00:00,10,615.2,2.4
2022-11-17 11:00:00,11,1322.2,2.7
2022-11-17 12:00:00,12,2055.8,2.6
2022-11-17 13:00:00,13,2212.3,1.7
2022-11-17 14:00:00,14,2585.7,2.0
2022-11-17 15:00:00,15,2871.0,1.5
2022-11-17 16:00:00,16,2350.3,0.9
2022-11-17 17:00:00,17,2671.5,1.5
2022-11-17 18:00:00,18,2158.7,1.5
2022-11-17 19:00:00,19,1336.2,0.5
2022-11-17 20:00:00,20,918.2,0.9
2022-11-17 21:00:00,21,133.4,0.4
2022-11-17 22:00:00,22,,0.2
2022-11-17 23:00:00,23,,0.3
2022-11-18 00:00:00,0,,0.9
2022-11-18 01:00:00,1,,1.9
2022-11-18 02:00:00,2,,1.6
2022-11-18 03:00:00,3,,2.2
2022-11-18 04:00:00,4,,1.3
2022-11-18 05:00:00,5,,0.5
2022-11-18 06:00:00,6,,0.9
2022-11-18 07:00:00,7,,0.9
2022-11-18 08:00:00,8,,0.5
2022-11-18 09:00:00,9,21.9,0.5
2022-11-18 10:00:00,10,179.4,0.6
2022-11-18 11:00:00,11,889.1,1.9
2022-11-18 12:00:00,12,746.6,2.1
2022-11-18 13:00:00,13,932.5,1.2
2022-11-18 14:00:00,14,2769.2,2.3
2022-11-18 15:00:00,15,3101.6,2.3
2022-11-18 16:00:00,16,2555.8,2.1
2022-11-18 17:00:00,17,2089.4,1.0
2022-11-18 18:00:00,18,917.9,1.8
2022-11-18 19:00:00,19,785.0,1.4
2022-11-18 20:00:00,20,568.8,1.5
2022-11-18 21:00:00,21,31.0,2.9
2022-11-18 22:00:00,22,,0.6
2022-11-18 23:00:00,23,,0.7
2022-11-19 00:00:00,0,,2.2
2022-11-19 01:00:00,1,,0.6
2022-11-19 02:00:00,2,,0.3
2022-11-19 03:00:00,3,,0.5
2022-11-19 04:00:00,4,,0.4
2022-11-19 05:00:00,5,,0.4
2022-11-19 06:00:00,6,,0.4
2022-11-19 07:00:00,7,,0.5
2022-11-19 08:00:00,8,,0.6
2022-11-19 09:00:00,9,44.7,0.3
2022-11-19 10:00:00,10,560.9,0.4
2022-11-19 11:00:00,11,1298.0,1.9
2022-11-19 12:00:00,12,1545.1,1.9
2022-11-19 13:00:00,13,1861.6,2.1
2022-11-19 14:00:00,14,2327.8,2.3
2022-11-19 15:00:00,15,2271.6,1.6
2022-11-19 16:00:00,16,1826.4,1.5
2022-11-19 17:00:00,17,2254.9,2.8
2022-11-19 18:00:00,18,1652.6,1.7
2022-11-19 19:00:00,19,1161.0,2.4
2022-11-19 20:00:00,20,685.2,2.3
2022-11-19 21:00:00,21,87.4,1.4
2022-11-19 22:00:00,22,,1.0
2022-11-19 23:00:00,23,,0.6
2022-11-20 00:00:00,0,,0.6
2022-11-20 01:00:00,1,,2.1
2022-11-20 02:00:00,2,,0.6
2022-11-20 03:00:00,3,,1.4
2022-11-20 04:00:00,4,,1.0
2022-11-20 05:00:00,5,,0.8
2022-11-20 06:00:00,6,,1.1
2022-11-20 07:00:00,7,,0.4
2022-11-20 08:00:00,8,,0.6
2022-11-20 09:00:00,9,16.5,1.0
2022-11-20 10:00:00,10,222.6,0.6
2022-11-20 11:00:00,11,797.3,0.9
2022-11-20 12:00:00,12,1291.8,1.5
2022-11-20 13:00:00,13,1299.9,1.3
2022-11-20 14:00:00,14,1648.1,1.7
2022-11-20 15:00:00,15,1778.8,1.1
2022-11-20 16:00:00,16,1516.4,2.1
2022-11-20 17:00:00,17,1682.3,2.0
2022-11-20 18:00:00,18,1076.9,2.1
2022-11-20 19:00:00,19,816.7,2.8
2022-11-20 20:00:00,20,329.6,1.4
2022-11-20 21:00:00,21,169.5,1.0
2022-11-20 22:00:00,22,,0.3
2022-11-20 23:00:00,23,,0.5
2022-11-21 00:00:00,0,,0.8
2022-11-21 01:00:00,1,,0.3
2022-11-21 02:00:00,2,,0.2
2022-11-21 03:00:00,3,,0.1
2022-11-21 04:00:00,4,,0.1
2022-11-21 05:00:00,5,,0.9
2022-11-21 06:00:00,6,,0.3
2022-11-21 07:00:00,7,,0.4
2022-11-21 08:00:00,8,,0.4
2022-11-21 09:00:00,9,37.1,0.1
2022-11-21 10:00:00,10,580.4,0.6
2022-11-21 11:00:00,11,1404.1,1.3
2022-11-21 12:00:00,12,2282.7,1.4
2022-11-21 13:00:00,13,2483.8,1.7
2022-11-21 14:00:00,14,2968.5,1.7
2022-11-21 15:00:00,15,2685.9,1.7
2022-11-21 16:00:00,16,2347.6,1.4
2022-11-21 17:00:00,17,2119.9,0.9
2022-11-21 18:00:00,18,1905.8,1.9
2022-11-21 19:00:00,19,1929.6,1.8
2022-11-21 20:00:00,20,724.6,1.8
2022-11-21 21:00:00,21,141.2,0.6
2022-11-21 22:00:00,22,,0.3
2022-11-21 23:00:00,23,,0.5
2022-11-22 00:00:00,0,,0.3
2022-11-22 01:00:00,1,,0.2
2022-11-22 02:00:00,2,,1.2
2022-11-22 03:00:00,3,,0.9
2022-11-22 04:00:00,4,,0.7
2022-11-22 05:00:00,5,,0.3
2022-11-22 06:00:00,6,,0.3
2022-11-22 07:00:00,7,,0.2
2022-11-22 08:00:00,8,,0.2
2022-11-22 09:00:00,9,42.3,0.5
2022-11-22 10:00:00,10,552.3,0.5
2022-11-22 11:00:00,11,1378.5,1.5
2022-11-22 12:00:00,12,1984.0,3.0
2022-11-22 13:00:00,13,2719.3,2.2
2022-11-22 14:00:00,14,2748.9,1.7
2022-11-22 15:00:00,15,2676.4,1.5
2022-11-22 16:00:00,16,2736.7,1.6
2022-11-22 17:00:00,17,2396.2,2.2
2022-11-22 18:00:00,18,1916.1,2.1
2022-11-22 19:00:00,19,1333.3,3.3
2022-11-22 20:00:00,20,913.5,2.3
2022-11-22 21:00:00,21,134.3,0.2
2022-11-22 22:00:00,22,,0.5
2022-11-22 23:00:00,23,,0.1
2022-11-23 00:00:00,0,,0.2
2022-11-23 01:00:00,1,,0.3
2022-11-23 02:00:00,2,,0.4
2022-11-23 03:00:00,3,,1.9
2022-11-23 04:00:00,4,,1.4
2022-11-23 05:00:00,5,,1.1
2022-11-23 06:00:00,6,,0.9
2022-11-23 07:00:00,7,,0.2
2022-11-23 08:00:00,8,,0.2
2022-11-23 09:00:00,9,38.3,0.2
2022-11-23 10:00:00,10,430.3,0.8
2022-11-23 11:00:00,11,1199.4,1.5
2022-11-23 12:00:00,12,2082.3,1.6
2022-11-23 13:00:00,13,2724.8,1.9
2022-11-23 14:00:00,14,3435.3,1.4
2022-11-23 15:00:00,15,3059.0,1.2
2022-11-23 16:00:00,16,2165.9,1.3
2022-11-23 17:00:00,17,2632.6,2.3
2022-11-23 18:00:00,18,2533.6,2.4
2022-11-23 19:00:00,19,1684.7,1.0
2022-11-23 20:00:00,20,930.7,0.5
2022-11-23 21:00:00,21,154.7,0.7
2022-11-23 22:00:00,22,,0.2
2022-11-23 23:00:00,23,,0.4
2022-11-24 00:00:00,0,,0.3
2022-11-24 01:00:00,1,,2.1
2022-11-24 02:00:00,2,,1.9
2022-11-24 03:00:00,3,,1.2
2022-11-24 04:00:00,4,,1.0
2022-11-24 05:00:00,5,,0.5
2022-11-24 06:00:00,6,,0.4
2022-11-24 07:00:00,7,,0.2
2022-11-24 08:00:00,8,,0.4
2022-11-24 09:00:00,9,34.3,0.2
2022-11-24 10:00:00,10,521.3,0.6
2022-11-24 11:00:00,11,1499.6,1.9
2022-11-24 12:00:00,12,2255.2,2.0
2022-11-24 13:00:00,13,2831.0,1.9
2022-11-24 14:00:00,14,3264.6,2.0
2022-11-24 15:00:00,15,3432.4,2.1
2022-11-24 16:00:00,16,3319.3,2.0
2022-11-24 17:00:00,17,3039.1,2.5
2022-11-24 18:00:00,18,2597.4,1.3
2022-11-24 19:00:00,19,1501.8,0.9
2022-11-24 20:00:00,20,750.5,1.0
2022-11-24 21:00:00,21,127.3,0.4
2022-11-24 22:00:00,22,,0.6
2022-11-24 23:00:00,23,,0.3
2022-11-25 00:00:00,0,,0.1
2022-11-25 01:00:00,1,,1.3
2022-11-25 02:00:00,2,,2.0
2022-11-25 03:00:00,3,,1.6
2022-11-25 04:00:00,4,,0.9
2022-11-25 05:00:00,5,,1.0
2022-11-25 06:00:00,6,,1.5
2022-11-25 07:00:00,7,,1.2
2022-11-25 08:00:00,8,,0.3
2022-11-25 09:00:00,9,21.3,0.6
2022-11-25 10:00:00,10,354.7,1.8
2022-11-25 11:00:00,11,561.4,1.4
2022-11-25 12:00:00,12,1218.7,1.9
2022-11-25 13:00:00,13,2799.1,1.5
2022-11-25 14:00:00,14,2245.4,1.6
2022-11-25 15:00:00,15,2295.2,1.1
2022-11-25 16:00:00,16,2965.8,1.4
2022-11-25 17:00:00,17,2536.6,1.2
2022-11-25 18:00:00,18,2116.1,1.0
2022-11-25 19:00:00,19,1416.9,1.4
2022-11-25 20:00:00,20,581.5,1.9
2022-11-25 21:00:00,21,144.2,1.6
2022-11-25 22:00:00,22,,2.2
2022-11-25 23:00:00,23,,2.0
2022-11-26 00:00:00,0,,1.8
2022-11-26 01:00:00,1,,2.0
2022-11-26 02:00:00,2,,0.5
2022-11-26 03:00:00,3,,0.4
2022-11-26 04:00:00,4,,0.6
2022-11-26 05:00:00,5,,0.9
2022-11-26 06:00:00,6,,0.7
2022-11-26 07:00:00,7,,0.3
2022-11-26 08:00:00,8,,0.3
2022-11-26 09:00:00,9,37.1,0.1
2022-11-26 10:00:00,10,502.0,0.4
2022-11-26 11:00:00,11,1258.5,0.8
2022-11-26 12:00:00,12,1806.0,1.3
2022-11-26 13:00:00,13,2386.5,1.3
2022-11-26 14:00:00,14,2301.5,1.2
2022-11-26 15:00:00,15,2108.7,1.8
2022-11-26 16:00:00,16,1790.6,1.7
2022-11-26 17:00:00,17,1272.2,7.3
2022-11-26 18:00:00,18,329.8,1.6
2022-11-26 19:00:00,19,345.7,0.5
2022-11-26 20:00:00,20,335.4,0.7
2022-11-26 21:00:00,21,46.9,0.6
2022-11-26 22:00:00,22,,0.9
2022-11-26 23:00:00,23,,0.6
2022-11-27 00:00:00,0,,0.9
2022-11-27 01:00:00,1,,0.3
2022-11-27 02:00:00,2,,0.5
2022-11-27 03:00:00,3,,0.3
2022-11-27 04:00:00,4,,0.4
2022-11-27 05:00:00,5,,0.4
2022-11-27 06:00:00,6,,0.4
2022-11-27 07:00:00,7,,0.6
2022-11-27 08:00:00,8,,0.4
2022-11-27 09:00:00,9,15.6,0.6
2022-11-27 10:00:00,10,160.3,0.5
2022-11-27 11:00:00,11,609.3,1.2
2022-11-27 12:00:00,12,1227.3,1.6
2022-11-27 13:00:00,13,2516.7,3.4
2022-11-27 14:00:00,14,3056.2,2.2
2022-11-27 15:00:00,15,1797.5,1.8
2022-11-27 16:00:00,16,1955.3,1.4
2022-11-27 17:00:00,17,2334.2,1.0
2022-11-27 18:00:00,18,536.6,2.1
2022-11-27 19:00:00,19,856.4,2.3
2022-11-27 20:00:00,20,703.4,1.7
2022-11-27 21:00:00,21,160.8,0.4
2022-11-27 22:00:00,22,,0.4
2022-11-27 23:00:00,23,,0.4
2022-11-28 00:00:00,0,,0.5
2022-11-28 01:00:00,1,,0.2
2022-11-28 02:00:00,2,,0.1
2022-11-28 03:00:00,3,,0.7
2022-11-28 04:00:00,4,,0.5
2022-11-28 05:00:00,5,,0.2
2022-11-28 06:00:00,6,,0.5
2022-11-28 07:00:00,7,,0.8
2022-11-28 08:00:00,8,,0.6
2022-11-28 09:00:00,9,32.7,0.3
2022-11-28 10:00:00,10,562.2,1.4
2022-11-28 11:00:00,11,1083.8,3.3
2022-11-28 12:00:00,12,1682.5,3.3
2022-11-28 13:00:00,13,2711.4,1.9
2022-11-28 14:00:00,14,2421.7,2.3
2022-11-28 15:00:00,15,2105.4,2.3
2022-11-28 16:00:00,16,3050.3,2.9
2022-11-28 17:00:00,17,2789.4,2.8
2022-11-28 18:00:00,18,2287.8,1.2
2022-11-28 19:00:00,19,1547.9,1.7
2022-11-28 20:00:00,20,408.8,1.0
2022-11-28 21:00:00,21,79.7,1.4
2022-11-28 22:00:00,22,,1.1
2022-11-28 23:00:00,23,,2.1
2022-11-29 00:00:00,0,,1.6
2022-11-29 01:00:00,1,,1.9
2022-11-29 02:00:00,2,0.3,0.6
2022-11-29 03:00:00,3,0.6,0.7
2022-11-29 04:00:00,4,,1.4
2022-11-29 05:00:00,5,,1.1
2022-11-29 06:00:00,6,,1.0
2022-11-29 07:00:00,7,,0.6
2022-11-29 08:00:00,8,,0.7
2022-11-29 09:00:00,9,17.2,0.3
2022-11-29 10:00:00,10,219.7,0.2
2022-11-29 11:00:00,11,559.7,0.9
2022-11-29 12:00:00,12,694.1,1.1
2022-11-29 13:00:00,13,1096.8,1.6
2022-11-29 14:00:00,14,1566.6,2.4
2022-11-29 15:00:00,15,2781.8,2.0
2022-11-29 16:00:00,16,2723.4,1.0
2022-11-29 17:00:00,17,1813.7,1.4
2022-11-29 18:00:00,18,1504.4,0.8
2022-11-29 19:00:00,19,915.2,1.3
2022-11-29 20:00:00,20,105.0,7.4
2022-11-29 21:00:00,21,2.7,3.8
2022-11-29 22:00:00,22,,0.4
2022-11-29 23:00:00,23,,1.5
2022-11-30 00:00:00,0,,2.0
2022-11-30 01:00:00,1,,0.9
2022-11-30 02:00:00,2,,0.2
2022-11-30 03:00:00,3,0.3,0.7
2022-11-30 04:00:00,4,,0.9
2022-11-30 05:00:00,5,,0.7
2022-11-30 06:00:00,6,,0.2
2022-11-30 07:00:00,7,,0.5
2022-11-30 08:00:00,8,,0.6
2022-11-30 09:00:00,9,32.5,0.3
2022-11-30 10:00:00,10,365.4,0.7
2022-11-30 11:00:00,11,1382.9,0.9
2022-11-30 12:00:00,12,1832.0,0.8
2022-11-30 13:00:00,13,2049.6,1.8
2022-11-30 14:00:00,14,2390.6,1.2
2022-11-30 15:00:00,15,2491.0,1.4
2022-11-30 16:00:00,16,2504.3,1.4
2022-11-30 17:00:00,17,1895.3,2.1
2022-11-30 18:00:00,18,1415.0,0.9
2022-11-30 19:00:00,19,1830.9,1.4
2022-11-30 20:00:00,20,930.4,0.9
2022-11-30 21:00:00,21,73.9,0.4
2022-11-30 22:00:00,22,,0.6
2022-11-30 23:00:00,23,,0.2
2022-12-01 00:00:00,0,,0.3
2022-12-01 01:00:00,1,,0.9
2022-12-01 02:00:00,2,,1.1
2022-12-01 03:00:00,3,,0.7
2022-12-01 04:00:00,4,,0.5
2022-12-01 05:00:00,5,,0.2
2022-12-01 06:00:00,6,,0.9
2022-12-01 07:00:00,7,,0.3
2022-12-01 08:00:00,8,,0.5
2022-12-01 09:00:00,9,14.8,0.4
2022-12-01 10:00:00,10,239.9,0.5
2022-12-01 11:00:00,11,860.7,1.1
2022-12-01 12:00:00,12,2010.5,1.5
2022-12-01 13:00:00,13,2746.0,1.3
2022-12-01 14:00:00,14,2689.9,1.4
2022-12-01 15:00:00,15,2210.8,1.3
2022-12-01 16:00:00,16,1804.2,2.1
2022-12-01 17:00:00,17,1281.8,0.8
2022-12-01 18:00:00,18,583.7,0.7
2022-12-01 19:00:00,19,656.1,1.2
2022-12-01 20:00:00,20,342.1,0.5
2022-12-01 21:00:00,21,71.5,1.3
2022-12-01 22:00:00,22,,1.0
2022-12-01 23:00:00,23,,1.0
2022-12-02 00:00:00,0,,0.4
2022-12-02 01:00:00,1,,0.5
2022-12-02 02:00:00,2,,0.7
2022-12-02 03:00:00,3,,0.7
2022-12-02 04:00:00,4,,0.6
2022-12-02 05:00:00,5,,0.4
2022-12-02 06:00:00,6,,0.9
2022-12-02 07:00:00,7,,0.5
2022-12-02 08:00:00,8,,0.4
2022-12-02 09:00:00,9,1.6,1.5
2022-12-02 10:00:00,10,62.7,0.8
2022-12-02 11:00:00,11,554.3,0.4
2022-12-02 12:00:00,12,2036.3,1.9
2022-12-02 13:00:00,13,2664.5,2.1
2022-12-02 14:00:00,14,2090.5,1.9
2022-12-02 15:00:00,15,2532.1,2.3
2022-12-02 16:00:00,16,1917.5,2.3
2022-12-02 17:00:00,17,2621.3,1.3
2022-12-02 18:00:00,18,2029.2,1.5
2022-12-02 19:00:00,19,1961.7,1.0
2022-12-02 20:00:00,20,559.9,0.6
2022-12-02 21:00:00,21,126.8,1.0
2022-12-02 22:00:00,22,,0.3
2022-12-02 23:00:00,23,,0.3
2022-12-03 00:00:00,0,,2.0
2022-12-03 01:00:00,1,,0.5
2022-12-03 02:00:00,2,,1.2
2022-12-03 03:00:00,3,,0.6
2022-12-03 04:00:00,4,,0.2
2022-12-03 05:00:00,5,,0.3
2022-12-03 06:00:00,6,,0.5
2022-12-03 07:00:00,7,,0.3
2022-12-03 08:00:00,8,,0.1
2022-12-03 09:00:00,9,32.3,0.2
2022-12-03 10:00:00,10,539.8,0.9
2022-12-03 11:00:00,11,1346.9,2.3
2022-12-03 12:00:00,12,2129.1,1.8
2022-12-03 13:00:00,13,2615.3,2.0
2022-12-03 14:00:00,14,3204.6,2.6
2022-12-03 15:00:00,15,3089.9,2.0
2022-12-03 16:00:00,16,2734.9,2.2
2022-12-03 17:00:00,17,2649.6,2.8
2022-12-03 18:00:00,18,2084.4,0.9
2022-12-03 19:00:00,19,1912.8,2.2
2022-12-03 20:00:00,20,1061.4,1.2
2022-12-03 21:00:00,21,155.2,0.3
2022-12-03 22:00:00,22,,0.3
2022-12-03 23:00:00,23,,0.4
2022-12-04 00:00:00,0,,0.3
2022-12-04 01:00:00,1,,0.4
2022-12-04 02:00:00,2,,0.7
2022-12-04 03:00:00,3,,0.4
2022-12-04 04:00:00,4,,1.2
2022-12-04 05:00:00,5,,0.9
2022-12-04 06:00:00,6,,0.8
2022-12-04 07:00:00,7,,0.4
2022-12-04 08:00:00,8,,0.5
2022-12-04 09:00:00,9,25.2,0.2
2022-12-04 10:00:00,10,491.0,0.5
2022-12-04 11:00:00,11,1176.5,1.3
2022-12-04 12:00:00,12,1930.3,0.7
2022-12-04 13:00:00,13,2266.3,0.8
2022-12-04 14:00:00,14,2119.3,2.6
2022-12-04 15:00:00,15,3681.6,2.4
2022-12-04 16:00:00,16,1969.7,1.4
2022-12-04 17:00:00,17,2989.9,1.3
2022-12-04 18:00:00,18,2293.3,1.3
2022-12-04 19:00:00,19,1832.4,1.7
2022-12-04 20:00:00,20,874.1,1.4
2022-12-04 21:00:00,21,188.8,1.1
2022-12-04 22:00:00,22,,0.5
2022-12-04 23:00:00,23,,0.4
2022-12-05 00:00:00,0,,0.3
2022-12-05 01:00:00,1,,0.4
2022-12-05 02:00:00,2,,0.5
2022-12-05 03:00:00,3,,0.2
2022-12-05 04:00:00,4,,0.6
2022-12-05 05:00:00,5,,0.3
2022-12-05 06:00:00,6,,0.3
2022-12-05 07:00:00,7,,0.4
2022-12-05 08:00:00,8,,0.8
2022-12-05 09:00:00,9,25.2,0.3
2022-12-05 10:00:00,10,434.7,0.4
2022-12-05 11:00:00,11,1182.3,1.5
2022-12-05 12:00:00,12,1992.8,1.3
2022-12-05 13:00:00,13,2764.9,1.8
2022-12-05 14:00:00,14,2701.9,2.6
2022-12-05 15:00:00,15,3304.4,1.8
2022-12-05 16:00:00,16,3384.4,2.3
2022-12-05 17:00:00,17,2591.1,1.5
2022-12-05 18:00:00,18,2366.1,1.5
2022-12-05 19:00:00,19,1916.3,1.3
2022-12-05 20:00:00,20,1089.8,0.9
2022-12-05 21:00:00,21,266.5,0.6
2022-12-05 22:00:00,22,,0.2
2022-12-05 23:00:00,23,,0.2
2022-12-06 00:00:00,0,,0.2
2022-12-06 01:00:00,1,,0.5
2022-12-06 02:00:00,2,,1.3
2022-12-06 03:00:00,3,,1.1
2022-12-06 04:00:00,4,,0.5
2022-12-06 05:00:00,5,,0.9
2022-12-06 06:00:00,6,,1.0
2022-12-06 07:00:00,7,,0.7
2022-12-06 08:00:00,8,,0.5
2022-12-06 09:00:00,9,37.5,0.3
2022-12-06 10:00:00,10,433.5,1.7
2022-12-06 11:00:00,11,1322.8,1.5
2022-12-06 12:00:00,12,1617.6,2.2
2022-12-06 13:00:00,13,2290.0,4.5
2022-12-06 14:00:00,14,2505.0,3.1
2022-12-06 15:00:00,15,2976.6,3.1
2022-12-06 16:00:00,16,3419.9,3.5
2022-12-06 17:00:00,17,3183.1,3.0
2022-12-06 18:00:00,18,2638.6,2.1
2022-12-06 19:00:00,19,1796.5,1.8
2022-12-06 20:00:00,20,1030.7,3.1
2022-12-06 21:00:00,21,220.4,1.0
2022-12-06 22:00:00,22,,0.2
2022-12-06 23:00:00,23,,0.2
2022-12-07 00:00:00,0,,0.2
2022-12-07 01:00:00,1,,0.4
2022-12-07 02:00:00,2,,0.3
2022-12-07 03:00:00,3,,0.5
2022-12-07 04:00:00,4,,0.4
2022-12-07 05:00:00,5,,0.2
2022-12-07 06:00:00,6,,0.5
2022-12-07 07:00:00,7,,0.8
2022-12-07 08:00:00,8,,0.3
2022-12-07 09:00:00,9,27.2,0.2
2022-12-07 10:00:00,10,519.0,1.2
2022-12-07 11:00:00,11,1338.3,0.7
2022-12-07 12:00:00,12,2147.8,2.1
2022-12-07 13:00:00,13,2822.6,1.9
2022-12-07 14:00:00,14,3269.9,3.1
2022-12-07 15:00:00,15,3460.2,1.2
2022-12-07 16:00:00,16,3382.1,1.2
2022-12-07 17:00:00,17,3157.3,2.2
2022-12-07 18:00:00,18,2711.2,2.5
2022-12-07 19:00:00,19,1858.8,2.1
2022-12-07 20:00:00,20,869.6,1.3
2022-12-07 21:00:00,21,218.1,1.2
2022-12-07 22:00:00,22,,0.3
2022-12-07 23:00:00,23,,0.2
2022-12-08 00:00:00,0,,0.2
2022-12-08 01:00:00,1,,0.3
2022-12-08 02:00:00,2,,0.2
2022-12-08 03:00:00,3,,0.5
2022-12-08 04:00:00,4,,0.2
2022-12-08 05:00:00,5,,0.5
2022-12-08 06:00:00,6,,0.5
2022-12-08 07:00:00,7,,0.2
2022-12-08 08:00:00,8,,0.3
2022-12-08 09:00:00,9,25.5,0.1
2022-12-08 10:00:00,10,517.8,0.3
2022-12-08 11:00:00,11,1308.5,1.2
2022-12-08 12:00:00,12,2104.8,1.1
2022-12-08 13:00:00,13,2336.3,1.0
2022-12-08 14:00:00,14,2990.8,2.0
2022-12-08 15:00:00,15,3008.6,1.5
2022-12-08 16:00:00,16,3506.1,1.7
2022-12-08 17:00:00,17,3223.5,1.6
2022-12-08 18:00:00,18,2642.4,1.7
2022-12-08 19:00:00,19,1927.0,0.8
2022-12-08 20:00:00,20,1051.8,0.6
2022-12-08 21:00:00,21,225.0,1.0
2022-12-08 22:00:00,22,,0.1
2022-12-08 23:00:00,23,,0.4
2022-12-09 00:00:00,0,,0.3
2022-12-09 01:00:00,1,,2.8
2022-12-09 02:00:00,2,,2.3
2022-12-09 03:00:00,3,,1.7
2022-12-09 04:00:00,4,,0.7
2022-12-09 05:00:00,5,,0.5
2022-12-09 06:00:00,6,,0.9
2022-12-09 07:00:00,7,,1.0
2022-12-09 08:00:00,8,,1.5
2022-12-09 09:00:00,9,21.1,0.2
2022-12-09 10:00:00,10,393.6,1.5
2022-12-09 11:00:00,11,1054.2,2.3
2022-12-09 12:00:00,12,1951.4,2.3
2022-12-09 13:00:00,13,2852.6,2.6
2022-12-09 14:00:00,14,3231.4,1.9
2022-12-09 15:00:00,15,3304.4,1.4
2022-12-09 16:00:00,16,2498.2,1.0
2022-12-09 17:00:00,17,3083.0,1.9
2022-12-09 18:00:00,18,2539.7,1.0
2022-12-09 19:00:00,19,1726.8,1.2
2022-12-09 20:00:00,20,1036.6,0.8
2022-12-09 21:00:00,21,188.1,0.8
2022-12-09 22:00:00,22,,0.3
2022-12-09 23:00:00,23,,0.4
2022-12-10 00:00:00,0,,1.6
2022-12-10 01:00:00,1,,0.9
2022-12-10 02:00:00,2,,0.4
2022-12-10 03:00:00,3,,1.0
2022-12-10 04:00:00,4,,0.3
2022-12-10 05:00:00,5,,0.3
2022-12-10 06:00:00,6,,1.4
2022-12-10 07:00:00,7,,0.3
2022-12-10 08:00:00,8,,1.1
2022-12-10 09:00:00,9,24.2,0.3
2022-12-10 10:00:00,10,340.4,0.5
2022-12-10 11:00:00,11,813.0,0.7
2022-12-10 12:00:00,12,1136.6,1.3
2022-12-10 13:00:00,13,2453.2,1.7
2022-12-10 14:00:00,14,2659.1,1.9
2022-12-10 15:00:00,15,3084.2,2.8
2022-12-10 16:00:00,16,3224.8,2.5
2022-12-10 17:00:00,17,2863.8,1.4
2022-12-10 18:00:00,18,2699.1,1.2
2022-12-10 19:00:00,19,1834.2,1.3
2022-12-10 20:00:00,20,1133.3,1.7
2022-12-10 21:00:00,21,255.3,1.2
2022-12-10 22:00:00,22,,2.4
2022-12-10 23:00:00,23,,0.4
2022-12-11 00:00:00,0,,1.0
2022-12-11 01:00:00,1,,0.7
2022-12-11 02:00:00,2,,1.0
2022-12-11 03:00:00,3,,2.7
2022-12-11 04:00:00,4,,1.1
2022-12-11 05:00:00,5,,2.1
2022-12-11 06:00:00,6,,0.7
2022-12-11 07:00:00,7,,0.4
2022-12-11 08:00:00,8,,0.2
2022-12-11 09:00:00,9,14.5,0.3
2022-12-11 10:00:00,10,187.8,0.3
2022-12-11 11:00:00,11,449.3,0.4
2022-12-11 12:00:00,12,1103.9,0.5
2022-12-11 13:00:00,13,1779.3,1.2
2022-12-11 14:00:00,14,2061.2,1.8
2022-12-11 15:00:00,15,2559.7,1.7
2022-12-11 16:00:00,16,3266.6,2.6
2022-12-11 17:00:00,17,2823.8,1.6
2022-12-11 18:00:00,18,1632.3,1.2
2022-12-11 19:00:00,19,1214.1,0.6
2022-12-11 20:00:00,20,709.2,0.5
2022-12-11 21:00:00,21,307.5,0.7
2022-12-11 22:00:00,22,,0.3
2022-12-11 23:00:00,23,,0.3
2022-12-12 00:00:00,0,,0.3
2022-12-12 01:00:00,1,,1.1
2022-12-12 02:00:00,2,,1.5
2022-12-12 03:00:00,3,,1.4
2022-12-12 04:00:00,4,,1.5
2022-12-12 05:00:00,5,,0.8
2022-12-12 06:00:00,6,,0.8
2022-12-12 07:00:00,7,,0.2
2022-12-12 08:00:00,8,,0.2
2022-12-12 09:00:00,9,26.5,0.2
2022-12-12 10:00:00,10,385.4,0.6
2022-12-12 11:00:00,11,1198.6,2.6
2022-12-12 12:00:00,12,1970.8,1.7
2022-12-12 13:00:00,13,2039.3,1.6
2022-12-12 14:00:00,14,2743.5,2.3
2022-12-12 15:00:00,15,2349.7,1.7
2022-12-12 16:00:00,16,3055.9,2.3
2022-12-12 17:00:00,17,2405.8,0.9
2022-12-12 18:00:00,18,1719.7,0.8
2022-12-12 19:00:00,19,1314.2,1.6
2022-12-12 20:00:00,20,833.1,1.0
2022-12-12 21:00:00,21,98.3,0.4
2022-12-12 22:00:00,22,,1.2
2022-12-12 23:00:00,23,,0.5
2022-12-13 00:00:00,0,,1.4
2022-12-13 01:00:00,1,,1.0
2022-12-13 02:00:00,2,,0.8
2022-12-13 03:00:00,3,,0.7
2022-12-13 04:00:00,4,,0.6
2022-12-13 05:00:00,5,,0.6
2022-12-13 06:00:00,6,,0.4
2022-12-13 07:00:00,7,,0.7
2022-12-13 08:00:00,8,,0.6
2022-12-13 09:00:00,9,13.1,0.3
2022-12-13 10:00:00,10,403.1,1.2
2022-12-13 11:00:00,11,1185.7,2.0
2022-12-13 12:00:00,12,2033.4,1.8
2022-12-13 13:00:00,13,2679.0,2.3
2022-12-13 14:00:00,14,3006.5,1.7
2022-12-13 15:00:00,15,3375.7,1.8
2022-12-13 16:00:00,16,3207.1,1.8
2022-12-13 17:00:00,17,2865.1,1.7
2022-12-13 18:00:00,18,2688.1,1.2
2022-12-13 19:00:00,19,1924.4,0.6
2022-12-13 20:00:00,20,1142.9,0.5
2022-12-13 21:00:00,21,249.4,0.1
2022-12-13 22:00:00,22,,0.4
2022-12-13 23:00:00,23,,0.3
2022-12-14 00:00:00,0,,0.3
2022-12-14 01:00:00,1,,1.6
2022-12-14 02:00:00,2,,1.3
2022-12-14 03:00:00,3,,0.8
2022-12-14 04:00:00,4,,0.2
2022-12-14 05:00:00,5,,0.3
2022-12-14 06:00:00,6,,0.2
2022-12-14 07:00:00,7,,0.3
2022-12-14 08:00:00,8,,0.4
2022-12-14 09:00:00,9,21.8,0.2
2022-12-14 10:00:00,10,287.1,0.3
2022-12-14 11:00:00,11,973.2,1.5
2022-12-14 12:00:00,12,1195.5,2.2
2022-12-14 13:00:00,13,2434.2,2.6
2022-12-14 14:00:00,14,2676.9,2.3
2022-12-14 15:00:00,15,2942.1,1.4
2022-12-14 16:00:00,16,2497.7,1.3
2022-12-14 17:00:00,17,1793.6,1.3
2022-12-14 18:00:00,18,2537.3,1.9
2022-12-14 19:00:00,19,1533.8,1.1
2022-12-14 20:00:00,20,950.9,1.1
2022-12-14 21:00:00,21,282.7,0.5
2022-12-14 22:00:00,22,,0.2
2022-12-14 23:00:00,23,,0.2
2022-12-15 00:00:00,0,,0.4
2022-12-15 01:00:00,1,,1.1
2022-12-15 02:00:00,2,,0.6
2022-12-15 03:00:00,3,,1.1
2022-12-15 04:00:00,4,,0.3
2022-12-15 05:00:00,5,,0.4
2022-12-15 06:00:00,6,,0.4
2022-12-15 07:00:00,7,,0.8
2022-12-15 08:00:00,8,,0.2
2022-12-15 09:00:00,9,13.1,0.1
2022-12-15 10:00:00,10,272.3,0.6
2022-12-15 11:00:00,11,577.3,1.2
2022-12-15 12:00:00,12,1477.6,1.5
2022-12-15 13:00:00,13,2538.2,1.6
2022-12-15 14:00:00,14,2945.6,1.7
2022-12-15 15:00:00,15,3201.3,2.0
2022-12-15 16:00:00,16,3334.7,1.3
2022-12-15 17:00:00,17,2810.1,1.1
2022-12-15 18:00:00,18,2605.3,0.9
2022-12-15 19:00:00,19,1898.2,1.0
2022-12-15 20:00:00,20,1092.1,0.7
2022-12-15 21:00:00,21,178.0,1.0
2022-12-15 22:00:00,22,,0.3
2022-12-15 23:00:00,23,,0.3
2022-12-16 00:00:00,0,,0.2
2022-12-16 01:00:00,1,,1.6
2022-12-16 02:00:00,2,,0.3
2022-12-16 03:00:00,3,,0.4
2022-12-16 04:00:00,4,,0.6
2022-12-16 05:00:00,5,,0.9
2022-12-16 06:00:00,6,,0.3
2022-12-16 07:00:00,7,,0.1
2022-12-16 08:00:00,8,,0.4
2022-12-16 09:00:00,9,14.0,0.8
2022-12-16 10:00:00,10,315.2,0.6
2022-12-16 11:00:00,11,615.8,1.2
2022-12-16 12:00:00,12,973.6,1.7
2022-12-16 13:00:00,13,1504.9,1.4
2022-12-16 14:00:00,14,1198.4,0.8
2022-12-16 15:00:00,15,2014.6,1.3
2022-12-16 16:00:00,16,2703.7,1.0
2022-12-16 17:00:00,17,3026.4,1.5
2022-12-16 18:00:00,18,1111.9,2.7
2022-12-16 19:00:00,19,735.7,1.1
2022-12-16 20:00:00,20,648.9,1.4
2022-12-16 21:00:00,21,112.4,0.7
2022-12-16 22:00:00,22,,0.7
2022-12-16 23:00:00,23,,0.5
2022-12-17 00:00:00,0,,0.4
2022-12-17 01:00:00,1,,2.1
2022-12-17 02:00:00,2,,2.0
2022-12-17 03:00:00,3,,0.5
2022-12-17 04:00:00,4,,0.4
2022-12-17 05:00:00,5,,1.2
2022-12-17 06:00:00,6,,0.2
2022-12-17 07:00:00,7,,0.3
2022-12-17 08:00:00,8,,0.8
2022-12-17 09:00:00,9,5.7,0.6
2022-12-17 10:00:00,10,140.5,0.3
2022-12-17 11:00:00,11,307.8,0.7
2022-12-17 12:00:00,12,979.4,1.3
2022-12-17 13:00:00,13,2068.1,1.9
2022-12-17 14:00:00,14,2736.2,1.8
2022-12-17 15:00:00,15,2300.7,1.8
2022-12-17 16:00:00,16,2679.7,1.2
2022-12-17 17:00:00,17,2579.5,1.0
2022-12-17 18:00:00,18,1770.1,2.9
2022-12-17 19:00:00,19,716.6,2.8
2022-12-17 20:00:00,20,451.1,2.6
2022-12-17 21:00:00,21,117.4,1.6
2022-12-17 22:00:00,22,,1.9
2022-12-17 23:00:00,23,,0.4
2022-12-18 00:00:00,0,,0.7
2022-12-18 01:00:00,1,,0.9
2022-12-18 02:00:00,2,,0.4
2022-12-18 03:00:00,3,,0.4
2022-12-18 04:00:00,4,,0.8
2022-12-18 05:00:00,5,,0.9
2022-12-18 06:00:00,6,,0.4
2022-12-18 07:00:00,7,,0.5
2022-12-18 08:00:00,8,,0.3
2022-12-18 09:00:00,9,9.1,0.4
2022-12-18 10:00:00,10,316.1,1.1
2022-12-18 11:00:00,11,936.1,1.8
2022-12-18 12:00:00,12,1691.7,2.2
2022-12-18 13:00:00,13,1966.5,1.9
2022-12-18 14:00:00,14,1927.2,0.9
2022-12-18 15:00:00,15,2634.8,1.8
2022-12-18 16:00:00,16,2948.7,2.2
2022-12-18 17:00:00,17,2827.8,2.0
2022-12-18 18:00:00,18,2600.4,0.9
2022-12-18 19:00:00,19,1835.4,1.5
2022-12-18 20:00:00,20,894.2,1.0
2022-12-18 21:00:00,21,240.2,0.5
2022-12-18 22:00:00,22,,0.1
2022-12-18 23:00:00,23,,0.3
2022-12-19 00:00:00,0,,0.3
2022-12-19 01:00:00,1,,1.4
2022-12-19 02:00:00,2,,2.2
2022-12-19 03:00:00,3,,1.1
2022-12-19 04:00:00,4,,0.7
2022-12-19 05:00:00,5,,0.2
2022-12-19 06:00:00,6,,1.1
2022-12-19 07:00:00,7,,1.0
2022-12-19 08:00:00,8,,0.4
2022-12-19 09:00:00,9,16.4,0.2
2022-12-19 10:00:00,10,354.7,0.5
2022-12-19 11:00:00,11,928.9,2.0
2022-12-19 12:00:00,12,1849.8,2.1
2022-12-19 13:00:00,13,2515.8,2.0
2022-12-19 14:00:00,14,2696.7,1.4
2022-12-19 15:00:00,15,2510.9,1.3
2022-12-19 16:00:00,16,3270.4,1.6
2022-12-19 17:00:00,17,2507.5,1.2
2022-12-19 18:00:00,18,2484.0,1.1
2022-12-19 19:00:00,19,1813.0,1.1
2022-12-19 20:00:00,20,1035.7,0.9
2022-12-19 21:00:00,21,225.2,0.2
2022-12-19 22:00:00,22,,0.4
2022-12-19 23:00:00,23,,0.3
2022-12-20 00:00:00,0,,0.5
2022-12-20 01:00:00,1,,1.5
2022-12-20 02:00:00,2,,2.2
2022-12-20 03:00:00,3,,1.2
2022-12-20 04:00:00,4,,1.0
2022-12-20 05:00:00,5,,0.3
2022-12-20 06:00:00,6,,0.2
2022-12-20 07:00:00,7,,0.3
2022-12-20 08:00:00,8,,0.3
2022-12-20 09:00:00,9,13.5,0.5
2022-12-20 10:00:00,10,285.4,0.5
2022-12-20 11:00:00,11,864.0,1.8
2022-12-20 12:00:00,12,1822.9,1.8
2022-12-20 13:00:00,13,2415.2,1.6
2022-12-20 14:00:00,14,2217.4,1.7
2022-12-20 15:00:00,15,3229.8,1.1
2022-12-20 16:00:00,16,2683.8,1.3
2022-12-20 17:00:00,17,2943.5,1.4
2022-12-20 18:00:00,18,1693.8,1.0
2022-12-20 19:00:00,19,1540.6,1.3
2022-12-20 20:00:00,20,898.4,0.4
2022-12-20 21:00:00,21,253.2,0.3
2022-12-20 22:00:00,22,,0.5
2022-12-20 23:00:00,23,,0.3
2022-12-21 00:00:00,0,,2.2
2022-12-21 01:00:00,1,,1.9
2022-12-21 02:00:00,2,,1.3
2022-12-21 03:00:00,3,,0.8
2022-12-21 04:00:00,4,,0.6
2022-12-21 05:00:00,5,,0.5
2022-12-21 06:00:00,6,,0.3
2022-12-21 07:00:00,7,,0.2
2022-12-21 08:00:00,8,,0.2
2022-12-21 09:00:00,9,18.2,0.3
2022-12-21 10:00:00,10,302.0,0.4
2022-12-21 11:00:00,11,415.3,1.1
2022-12-21 12:00:00,12,1234.6,2.7
2022-12-21 13:00:00,13,1715.5,1.7
2022-12-21 14:00:00,14,1909.4,1.3
2022-12-21 15:00:00,15,3043.7,1.2
2022-12-21 16:00:00,16,2682.5,1.7
2022-12-21 17:00:00,17,2238.4,1.1
2022-12-21 18:00:00,18,2274.0,1.0
2022-12-21 19:00:00,19,1533.3,1.3
2022-12-21 20:00:00,20,979.4,1.9
2022-12-21 21:00:00,21,281.2,0.3
2022-12-21 22:00:00,22,,0.3
2022-12-21 23:00:00,23,,1.3
2022-12-22 00:00:00,0,,2.2
2022-12-22 01:00:00,1,,2.0
2022-12-22 02:00:00,2,,1.1
2022-12-22 03:00:00,3,,1.4
2022-12-22 04:00:00,4,,1.1
2022-12-22 05:00:00,5,,0.8
2022-12-22 06:00:00,6,,0.7
2022-12-22 07:00:00,7,,0.4
2022-12-22 08:00:00,8,,0.4
2022-12-22 09:00:00,9,14.3,0.2
2022-12-22 10:00:00,10,318.6,1.2
2022-12-22 11:00:00,11,635.3,1.9
2022-12-22 12:00:00,12,762.7,2.5
2022-12-22 13:00:00,13,1405.2,2.7
2022-12-22 14:00:00,14,1607.5,1.8
2022-12-22 15:00:00,15,2715.9,2.1
2022-12-22 16:00:00,16,2933.3,1.3
2022-12-22 17:00:00,17,2003.5,1.4
2022-12-22 18:00:00,18,784.9,1.2
2022-12-22 19:00:00,19,767.8,1.0
2022-12-22 20:00:00,20,321.0,0.9
2022-12-22 21:00:00,21,38.3,1.9
2022-12-22 22:00:00,22,,1.5
2022-12-22 23:00:00,23,,1.1
2022-12-23 00:00:00,0,,1.7
2022-12-23 01:00:00,1,,1.7
2022-12-23 02:00:00,2,,0.7
2022-12-23 03:00:00,3,,0.4
2022-12-23 04:00:00,4,,0.6
2022-12-23 05:00:00,5,,0.6
2022-12-23 06:00:00,6,,0.8
2022-12-23 07:00:00,7,,0.5
2022-12-23 08:00:00,8,,0.8
2022-12-23 09:00:00,9,0.3,0.9
2022-12-23 10:00:00,10,45.5,0.3
2022-12-23 11:00:00,11,256.8,0.6
2022-12-23 12:00:00,12,602.8,1.1
2022-12-23 13:00:00,13,405.8,0.8
2022-12-23 14:00:00,14,678.9,1.2
2022-12-23 15:00:00,15,1022.6,0.6
2022-12-23 16:00:00,16,1120.7,0.6
2022-12-23 17:00:00,17,1546.2,1.5
2022-12-23 18:00:00,18,1537.8,1.0
2022-12-23 19:00:00,19,616.2,1.3
2022-12-23 20:00:00,20,402.8,1.2
2022-12-23 21:00:00,21,357.5,0.9
2022-12-23 22:00:00,22,,0.8
2022-12-23 23:00:00,23,,0.2
2022-12-24 00:00:00,0,,0.5
2022-12-24 01:00:00,1,,0.4
2022-12-24 02:00:00,2,,0.8
2022-12-24 03:00:00,3,,0.4
2022-12-24 04:00:00,4,,0.2
2022-12-24 05:00:00,5,,0.5
2022-12-24 06:00:00,6,,0.4
2022-12-24 07:00:00,7,,0.3
2022-12-24 08:00:00,8,,0.4
2022-12-24 09:00:00,9,4.1,0.7
2022-12-24 10:00:00,10,325.3,1.3
2022-12-24 11:00:00,11,725.1,1.1
2022-12-24 12:00:00,12,1901.5,1.7
2022-12-24 13:00:00,13,2342.0,1.3
2022-12-24 14:00:00,14,2373.7,1.2
2022-12-24 15:00:00,15,1065.6,0.6
2022-12-24 16:00:00,16,1583.3,1.4
2022-12-24 17:00:00,17,2671.3,1.7
2022-12-24 18:00:00,18,2304.9,2.2
2022-12-24 19:00:00,19,1844.3,2.0
2022-12-24 20:00:00,20,636.3,1.5
2022-12-24 21:00:00,21,139.3,0.9
2022-12-24 22:00:00,22,,0.2
2022-12-24 23:00:00,23,,0.7
2022-12-25 00:00:00,0,,0.3
2022-12-25 01:00:00,1,,2.1
2022-12-25 02:00:00,2,,1.0
2022-12-25 03:00:00,3,,0.6
2022-12-25 04:00:00,4,,0.4
2022-12-25 05:00:00,5,,1.0
2022-12-25 06:00:00,6,,0.5
2022-12-25 07:00:00,7,,2.3
2022-12-25 08:00:00,8,,1.8
2022-12-25 09:00:00,9,1.4,0.8
2022-12-25 10:00:00,10,132.7,1.4
2022-12-25 11:00:00,11,495.9,1.0
2022-12-25 12:00:00,12,1025.7,0.6
2022-12-25 13:00:00,13,2375.2,1.9
2022-12-25 14:00:00,14,2712.9,1.6
2022-12-25 15:00:00,15,2226.2,1.3
2022-12-25 16:00:00,16,1417.3,1.0
2022-12-25 17:00:00,17,1987.2,1.3
2022-12-25 18:00:00,18,2381.2,1.8
2022-12-25 19:00:00,19,1320.4,1.5
2022-12-25 20:00:00,20,624.5,0.4
2022-12-25 21:00:00,21,97.4,0.5
2022-12-25 22:00:00,22,,0.3
2022-12-25 23:00:00,23,,0.7
2022-12-26 00:00:00,0,,2.7
2022-12-26 01:00:00,1,,1.9
2022-12-26 02:00:00,2,,0.8
2022-12-26 03:00:00,3,,1.0
2022-12-26 04:00:00,4,,0.6
2022-12-26 05:00:00,5,,0.6
2022-12-26 06:00:00,6,,0.8
2022-12-26 07:00:00,7,,0.4
2022-12-26 08:00:00,8,,0.4
2022-12-26 09:00:00,9,5.6,0.3
2022-12-26 10:00:00,10,305.4,1.8
2022-12-26 11:00:00,11,1069.8,1.4
2022-12-26 12:00:00,12,1679.9,3.2
2022-12-26 13:00:00,13,2522.9,2.2
2022-12-26 14:00:00,14,2987.6,2.0
2022-12-26 15:00:00,15,2833.6,1.3
2022-12-26 16:00:00,16,1714.2,1.0
2022-12-26 17:00:00,17,1263.5,0.7
2022-12-26 18:00:00,18,1346.9,2.2
2022-12-26 19:00:00,19,860.7,0.6
2022-12-26 20:00:00,20,420.1,0.3
2022-12-26 21:00:00,21,108.3,0.4
2022-12-26 22:00:00,22,,0.2
2022-12-26 23:00:00,23,,0.3
2022-12-27 00:00:00,0,,0.3
2022-12-27 01:00:00,1,,0.3
2022-12-27 02:00:00,2,,0.6
2022-12-27 03:00:00,3,,1.2
2022-12-27 04:00:00,4,,3.0
2022-12-27 05:00:00,5,,1.4
2022-12-27 06:00:00,6,,2.0
2022-12-27 07:00:00,7,,1.6
2022-12-27 08:00:00,8,,0.9
2022-12-27 09:00:00,9,0.4,0.8
2022-12-27 10:00:00,10,27.6,1.2
2022-12-27 11:00:00,11,213.1,0.8
2022-12-27 12:00:00,12,1048.1,1.2
2022-12-27 13:00:00,13,2003.9,1.1
2022-12-27 14:00:00,14,2903.5,1.2
2022-12-27 15:00:00,15,2833.3,1.5
2022-12-27 16:00:00,16,2546.8,0.9
2022-12-27 17:00:00,17,2577.1,0.9
2022-12-27 18:00:00,18,638.8,1.1
2022-12-27 19:00:00,19,182.1,0.5
2022-12-27 20:00:00,20,94.5,0.6
2022-12-27 21:00:00,21,46.9,1.6
2022-12-27 22:00:00,22,,0.9
2022-12-27 23:00:00,23,,0.3
2022-12-28 00:00:00,0,,0.3
2022-12-28 01:00:00,1,,1.0
2022-12-28 02:00:00,2,,1.2
2022-12-28 03:00:00,3,,2.7
2022-12-28 04:00:00,4,,1.0
2022-12-28 05:00:00,5,,1.4
2022-12-28 06:00:00,6,,0.6
2022-12-28 07:00:00,7,,0.7
2022-12-28 08:00:00,8,,0.5
2022-12-28 09:00:00,9,15.1,0.7
2022-12-28 10:00:00,10,205.5,0.7
2022-12-28 11:00:00,11,466.1,0.5
2022-12-28 12:00:00,12,1551.3,1.6
2022-12-28 13:00:00,13,1604.2,1.0
2022-12-28 14:00:00,14,1929.3,1.1
2022-12-28 15:00:00,15,2965.2,1.1
2022-12-28 16:00:00,16,1515.7,2.9
2022-12-28 17:00:00,17,257.0,1.6
2022-12-28 18:00:00,18,1156.4,2.3
2022-12-28 19:00:00,19,1204.4,1.9
2022-12-28 20:00:00,20,1153.5,1.8
2022-12-28 21:00:00,21,301.6,1.3
2022-12-28 22:00:00,22,,1.0
2022-12-28 23:00:00,23,,1.4
2022-12-29 00:00:00,0,,1.6
2022-12-29 01:00:00,1,,2.5
2022-12-29 02:00:00,2,,3.2
2022-12-29 03:00:00,3,,1.0
2022-12-29 04:00:00,4,,0.9
2022-12-29 05:00:00,5,,0.5
2022-12-29 06:00:00,6,,0.9
2022-12-29 07:00:00,7,,0.8
2022-12-29 08:00:00,8,,1.6
2022-12-29 09:00:00,9,10.9,0.8
2022-12-29 10:00:00,10,187.5,1.1
2022-12-29 11:00:00,11,464.4,1.8
2022-12-29 12:00:00,12,1017.3,1.5
2022-12-29 13:00:00,13,1413.0,1.6
2022-12-29 14:00:00,14,1389.4,1.8
2022-12-29 15:00:00,15,2904.6,1.9
2022-12-29 16:00:00,16,3063.6,3.2
2022-12-29 17:00:00,17,3226.0,3.5
2022-12-29 18:00:00,18,2496.0,1.6
2022-12-29 19:00:00,19,1667.4,1.4
2022-12-29 20:00:00,20,1112.2,1.5
2022-12-29 21:00:00,21,315.3,1.8
2022-12-29 22:00:00,22,4.4,0.2
2022-12-29 23:00:00,23,,0.5
2022-12-30 00:00:00,0,,0.2
2022-12-30 01:00:00,1,,0.2
2022-12-30 02:00:00,2,,1.2
2022-12-30 03:00:00,3,,0.9
2022-12-30 04:00:00,4,,1.8
2022-12-30 05:00:00,5,,1.8
2022-12-30 06:00:00,6,,1.9
2022-12-30 07:00:00,7,,0.7
2022-12-30 08:00:00,8,,0.7
2022-12-30 09:00:00,9,,0.9
2022-12-30 10:00:00,10,65.3,0.8
2022-12-30 11:00:00,11,213.5,1.1
2022-12-30 12:00:00,12,373.1,0.5
2022-12-30 13:00:00,13,988.7,0.7
2022-12-30 14:00:00,14,1287.4,1.5
2022-12-30 15:00:00,15,2046.9,0.9
2022-12-30 16:00:00,16,2117.3,1.2
2022-12-30 17:00:00,17,1686.5,1.1
2022-12-30 18:00:00,18,1777.2,1.7
2022-12-30 19:00:00,19,1196.0,1.7
2022-12-30 20:00:00,20,1172.6,0.5
2022-12-30 21:00:00,21,317.2,0.7
2022-12-30 22:00:00,22,,0.4
2022-12-30 23:00:00,23,,0.4
2022-12-31 00:00:00,0,,0.4
2022-12-31 01:00:00,1,,0.3
2022-12-31 02:00:00,2,,0.7
2022-12-31 03:00:00,3,,1.7
2022-12-31 04:00:00,4,,0.6
2022-12-31 05:00:00,5,,1.4
2022-12-31 06:00:00,6,,0.8
2022-12-31 07:00:00,7,0.1,2.6
2022-12-31 08:00:00,8,,0.5
2022-12-31 09:00:00,9,0.4,1.0
2022-12-31 10:00:00,10,45.3,0.6
2022-12-31 11:00:00,11,339.6,0.7
2022-12-31 12:00:00,12,723.7,0.7
2022-12-31 13:00:00,13,822.1,1.5
2022-12-31 14:00:00,14,501.6,1.9
2022-12-31 15:00:00,15,1067.1,1.6
2022-12-31 16:00:00,16,1377.7,1.1
2022-12-31 17:00:00,17,1083.1,1.6
2022-12-31 18:00:00,18,1753.1,0.9
2022-12-31 19:00:00,19,2028.3,1.0
2022-12-31 20:00:00,20,1110.5,0.7
2022-12-31 21:00:00,21,218.4,0.8
2022-12-31 22:00:00,22,,0.5
2022-12-31 23:00:00,23,,0.7
