datetime_utc,hora,rad_kJm2,vento_ms
2023-01-01 00:00:00,0,,0.9
2023-01-01 01:00:00,1,,0.2
2023-01-01 02:00:00,2,,0.0
2023-01-01 03:00:00,3,,0.1
2023-01-01 04:00:00,4,,0.9
2023-01-01 05:00:00,5,,0.2
2023-01-01 06:00:00,6,,0.0
2023-01-01 07:00:00,7,,0.0
2023-01-01 08:00:00,8,,0.0
2023-01-01 09:00:00,9,1.7,0.0
2023-01-01 10:00:00,10,219.3,1.2
2023-01-01 11:00:00,11,1119.2,0.2
2023-01-01 12:00:00,12,2027.7,0.5
2023-01-01 13:00:00,13,2826.1,3.1
2023-01-01 14:00:00,14,3265.3,3.9
2023-01-01 15:00:00,15,3090.2,3.8
2023-01-01 16:00:00,16,3538.8,3.7
2023-01-01 17:00:00,17,3084.7,3.3
2023-01-01 18:00:00,18,3039.5,2.3
2023-01-01 19:00:00,19,1952.9,2.2
2023-01-01 20:00:00,20,1254.6,2.7
2023-01-01 21:00:00,21,260.6,1.6
2023-01-01 22:00:00,22,14.2,0.9
2023-01-01 23:00:00,23,,0.6
2023-01-02 00:00:00,0,,0.9
2023-01-02 01:00:00,1,,0.1
2023-01-02 02:00:00,2,,0.0
2023-01-02 03:00:00,3,,0.0
2023-01-02 04:00:00,4,,0.0
2023-01-02 05:00:00,5,,0.3
2023-01-02 06:00:00,6,,0.0
2023-01-02 07:00:00,7,,0.0
2023-01-02 08:00:00,8,,0.0
2023-01-02 09:00:00,9,1.6,0.8
2023-01-02 10:00:00,10,197.6,0.0
2023-01-02 11:00:00,11,949.1,0.1
2023-01-02 12:00:00,12,1987.4,2.2
2023-01-02 13:00:00,13,2787.1,1.7
2023-01-02 14:00:00,14,3295.6,1.7
2023-01-02 15:00:00,15,3092.2,1.3
2023-01-02 16:00:00,16,1348.6,1.3
2023-01-02 17:00:00,17,1876.3,0.9
2023-01-02 18:00:00,18,1992.6,4.3
2023-01-02 19:00:00,19,2186.5,2.5
2023-01-02 20:00:00,20,1130.6,3.0
2023-01-02 21:00:00,21,245.9,2.0
2023-01-02 22:00:00,22,12.7,1.1
2023-01-02 23:00:00,23,,1.5
2023-01-03 00:00:00,0,,1.4
2023-01-03 01:00:00,1,,1.4
2023-01-03 02:00:00,2,,0.5
2023-01-03 03:00:00,3,,0.0
2023-01-03 04:00:00,4,,0.1
2023-01-03 05:00:00,5,,0.5
2023-01-03 06:00:00,6,,0.4
2023-01-03 07:00:00,7,,0.0
2023-01-03 08:00:00,8,,0.3
2023-01-03 09:00:00,9,1.9,0.1
2023-01-03 10:00:00,10,219.1,0.1
2023-01-03 11:00:00,11,1035.1,0.1
2023-01-03 12:00:00,12,1560.7,2.3
2023-01-03 13:00:00,13,2219.1,1.3
2023-01-03 14:00:00,14,1541.1,2.1
2023-01-03 15:00:00,15,2119.9,0.7
2023-01-03 16:00:00,16,1415.5,0.4
2023-01-03 17:00:00,17,974.2,2.3
2023-01-03 18:00:00,18,796.9,1.5
2023-01-03 19:00:00,19,1411.2,0.8
2023-01-03 20:00:00,20,1518.2,1.0
2023-01-03 21:00:00,21,317.8,1.8
2023-01-03 22:00:00,22,17.6,1.4
2023-01-03 23:00:00,23,,1.2
2023-01-04 00:00:00,0,,0.8
2023-01-04 01:00:00,1,,0.6
2023-01-04 02:00:00,2,,0.0
2023-01-04 03:00:00,3,,0.0
2023-01-04 04:00:00,4,,0.0
2023-01-04 05:00:00,5,,0.0
2023-01-04 06:00:00,6,,0.0
2023-01-04 07:00:00,7,,0.0
2023-01-04 08:00:00,8,,0.0
2023-01-04 09:00:00,9,,0.1
2023-01-04 10:00:00,10,189.9,0.0
2023-01-04 11:00:00,11,1038.5,0.0
2023-01-04 12:00:00,12,1959.5,0.3
2023-01-04 13:00:00,13,2750.1,1.7
2023-01-04 14:00:00,14,3307.0,1.5
2023-01-04 15:00:00,15,3598.1,1.3
2023-01-04 16:00:00,16,3570.2,1.6
2023-01-04 17:00:00,17,2961.6,0.6
2023-01-04 18:00:00,18,2822.9,0.8
2023-01-04 19:00:00,19,2483.3,0.9
2023-01-04 20:00:00,20,884.5,1.9
2023-01-04 21:00:00,21,250.9,1.5
2023-01-04 22:00:00,22,13.8,1.1
2023-01-04 23:00:00,23,,0.0
2023-01-05 00:00:00,0,,0.4
2023-01-05 01:00:00,1,,0.0
2023-01-05 02:00:00,2,,0.0
2023-01-05 03:00:00,3,,0.9
2023-01-05 04:00:00,4,,0.0
2023-01-05 05:00:00,5,,0.3
2023-01-05 06:00:00,6,,0.5
2023-01-05 07:00:00,7,,0.4
2023-01-05 08:00:00,8,,0.7
2023-01-05 09:00:00,9,,0.0
2023-01-05 10:00:00,10,234.3,0.1
2023-01-05 11:00:00,11,1270.9,0.8
2023-01-05 12:00:00,12,940.2,1.9
2023-01-05 13:00:00,13,1145.6,2.2
2023-01-05 14:00:00,14,850.0,3.0
2023-01-05 15:00:00,15,1198.4,1.3
2023-01-05 16:00:00,16,1858.4,3.1
2023-01-05 17:00:00,17,2724.0,2.0
2023-01-05 18:00:00,18,2235.1,1.8
2023-01-05 19:00:00,19,1295.7,0.7
2023-01-05 20:00:00,20,562.2,1.2
2023-01-05 21:00:00,21,216.3,2.1
2023-01-05 22:00:00,22,15.1,1.3
2023-01-05 23:00:00,23,,2.0
2023-01-06 00:00:00,0,,0.0
2023-01-06 01:00:00,1,,0.1
2023-01-06 02:00:00,2,,0.2
2023-01-06 03:00:00,3,,0.7
2023-01-06 04:00:00,4,,0.1
2023-01-06 05:00:00,5,,0.7
2023-01-06 06:00:00,6,,0.1
2023-01-06 07:00:00,7,,0.3
2023-01-06 08:00:00,8,,0.0
2023-01-06 09:00:00,9,,0.0
2023-01-06 10:00:00,10,150.1,0.0
2023-01-06 11:00:00,11,465.9,0.7
2023-01-06 12:00:00,12,1104.1,1.0
2023-01-06 13:00:00,13,1352.9,1.0
2023-01-06 14:00:00,14,2206.1,0.5
2023-01-06 15:00:00,15,2677.1,0.5
2023-01-06 16:00:00,16,3367.6,1.6
2023-01-06 17:00:00,17,2017.2,1.5
2023-01-06 18:00:00,18,2870.1,0.7
2023-01-06 19:00:00,19,1226.0,0.7
2023-01-06 20:00:00,20,494.5,1.1
2023-01-06 21:00:00,21,209.5,0.3
2023-01-06 22:00:00,22,8.2,0.4
2023-01-06 23:00:00,23,,0.7
2023-01-07 00:00:00,0,,0.1
2023-01-07 01:00:00,1,,0.3
2023-01-07 02:00:00,2,,0.0
2023-01-07 03:00:00,3,,0.0
2023-01-07 04:00:00,4,,0.0
2023-01-07 05:00:00,5,,0.0
2023-01-07 06:00:00,6,,0.0
2023-01-07 07:00:00,7,,0.8
2023-01-07 08:00:00,8,,0.7
2023-01-07 09:00:00,9,0.1,0.0
2023-01-07 10:00:00,10,198.7,0.3
2023-01-07 11:00:00,11,1075.1,1.2
2023-01-07 12:00:00,12,1069.1,1.8
2023-01-07 13:00:00,13,1505.9,2.0
2023-01-07 14:00:00,14,1558.6,1.5
2023-01-07 15:00:00,15,2748.5,2.9
2023-01-07 16:00:00,16,1363.7,1.1
2023-01-07 17:00:00,17,766.6,0.1
2023-01-07 18:00:00,18,1443.8,1.9
2023-01-07 19:00:00,19,838.3,1.4
2023-01-07 20:00:00,20,438.4,0.1
2023-01-07 21:00:00,21,266.7,0.0
2023-01-07 22:00:00,22,20.8,0.0
2023-01-07 23:00:00,23,,0.3
2023-01-08 00:00:00,0,,0.1
2023-01-08 01:00:00,1,,0.0
2023-01-08 02:00:00,2,,0.0
2023-01-08 03:00:00,3,,0.0
2023-01-08 04:00:00,4,,0.0
2023-01-08 05:00:00,5,,0.0
2023-01-08 06:00:00,6,,0.0
2023-01-08 07:00:00,7,,0.0
2023-01-08 08:00:00,8,,0.1
2023-01-08 09:00:00,9,0.7,0.1
2023-01-08 10:00:00,10,130.7,0.0
2023-01-08 11:00:00,11,479.2,0.4
2023-01-08 12:00:00,12,1477.1,1.3
2023-01-08 13:00:00,13,2087.9,1.1
2023-01-08 14:00:00,14,1754.2,0.1
2023-01-08 15:00:00,15,2534.5,0.9
2023-01-08 16:00:00,16,3693.5,1.4
2023-01-08 17:00:00,17,2511.4,2.5
2023-01-08 18:00:00,18,3074.1,1.9
2023-01-08 19:00:00,19,845.3,0.7
2023-01-08 20:00:00,20,715.0,0.9
2023-01-08 21:00:00,21,247.1,0.0
2023-01-08 22:00:00,22,6.8,0.0
2023-01-08 23:00:00,23,,1.2
2023-01-09 00:00:00,0,,0.8
2023-01-09 01:00:00,1,,1.4
2023-01-09 02:00:00,2,,0.9
2023-01-09 03:00:00,3,,0.1
2023-01-09 04:00:00,4,,0.5
2023-01-09 05:00:00,5,,1.3
2023-01-09 06:00:00,6,,0.3
2023-01-09 07:00:00,7,,1.1
2023-01-09 08:00:00,8,,0.9
2023-01-09 09:00:00,9,0.5,1.4
2023-01-09 10:00:00,10,180.3,1.3
2023-01-09 11:00:00,11,217.3,1.1
2023-01-09 12:00:00,12,157.7,0.4
2023-01-09 13:00:00,13,65.0,2.5
2023-01-09 14:00:00,14,176.0,1.4
2023-01-09 15:00:00,15,276.2,0.1
2023-01-09 16:00:00,16,520.8,1.2
2023-01-09 17:00:00,17,995.0,0.8
2023-01-09 18:00:00,18,1686.5,0.5
2023-01-09 19:00:00,19,1905.7,0.5
2023-01-09 20:00:00,20,1376.6,1.4
2023-01-09 21:00:00,21,408.8,0.0
2023-01-09 22:00:00,22,23.5,0.5
2023-01-09 23:00:00,23,,0.3
2023-01-10 00:00:00,0,,0.7
2023-01-10 01:00:00,1,,0.7
2023-01-10 02:00:00,2,,1.1
2023-01-10 03:00:00,3,,1.2
2023-01-10 04:00:00,4,,0.4
2023-01-10 05:00:00,5,,0.2
2023-01-10 06:00:00,6,,0.2
2023-01-10 07:00:00,7,,1.1
2023-01-10 08:00:00,8,,0.8
2023-01-10 09:00:00,9,0.5,0.2
2023-01-10 10:00:00,10,135.7,0.0
2023-01-10 11:00:00,11,515.8,0.1
2023-01-10 12:00:00,12,1765.2,0.5
2023-01-10 13:00:00,13,1876.9,0.6
2023-01-10 14:00:00,14,2424.0,0.6
2023-01-10 15:00:00,15,2569.8,1.1
2023-01-10 16:00:00,16,3359.0,1.4
2023-01-10 17:00:00,17,2989.6,0.9
2023-01-10 18:00:00,18,1822.6,1.5
2023-01-10 19:00:00,19,881.4,0.8
2023-01-10 20:00:00,20,616.2,2.8
2023-01-10 21:00:00,21,155.4,2.4
2023-01-10 22:00:00,22,5.7,0.6
2023-01-10 23:00:00,23,,0.0
2023-01-11 00:00:00,0,,0.0
2023-01-11 01:00:00,1,,0.2
2023-01-11 02:00:00,2,,0.5
2023-01-11 03:00:00,3,,0.1
2023-01-11 04:00:00,4,,0.8
2023-01-11 05:00:00,5,,0.5
2023-01-11 06:00:00,6,,0.1
2023-01-11 07:00:00,7,,0.0
2023-01-11 08:00:00,8,,0.0
2023-01-11 09:00:00,9,0.0,0.1
2023-01-11 10:00:00,10,123.7,0.5
2023-01-11 11:00:00,11,237.5,0.0
2023-01-11 12:00:00,12,439.3,0.8
2023-01-11 13:00:00,13,1685.9,1.0
2023-01-11 14:00:00,14,2847.7,0.8
2023-01-11 15:00:00,15,3166.5,0.6
2023-01-11 16:00:00,16,1172.1,0.6
2023-01-11 17:00:00,17,2437.0,0.2
2023-01-11 18:00:00,18,2587.7,1.2
2023-01-11 19:00:00,19,2006.5,1.1
2023-01-11 20:00:00,20,1692.7,0.2
2023-01-11 21:00:00,21,738.0,1.8
2023-01-11 22:00:00,22,10.9,0.4
2023-01-11 23:00:00,23,,0.0
2023-01-12 00:00:00,0,,0.0
2023-01-12 01:00:00,1,,0.0
2023-01-12 02:00:00,2,,0.0
2023-01-12 03:00:00,3,,0.4
2023-01-12 04:00:00,4,,0.0
2023-01-12 05:00:00,5,,0.0
2023-01-12 06:00:00,6,,0.9
2023-01-12 07:00:00,7,,0.8
2023-01-12 08:00:00,8,,0.3
2023-01-12 09:00:00,9,,1.0
2023-01-12 10:00:00,10,179.2,0.5
2023-01-12 11:00:00,11,1090.8,0.9
2023-01-12 12:00:00,12,760.8,0.5
2023-01-12 13:00:00,13,1113.6,0.8
2023-01-12 14:00:00,14,3253.0,1.3
2023-01-12 15:00:00,15,2211.5,1.0
2023-01-12 16:00:00,16,3209.3,0.9
2023-01-12 17:00:00,17,2263.7,1.5
2023-01-12 18:00:00,18,2501.4,1.6
2023-01-12 19:00:00,19,645.7,0.7
2023-01-12 20:00:00,20,217.2,0.1
2023-01-12 21:00:00,21,123.6,0.8
2023-01-12 22:00:00,22,15.1,0.2
2023-01-12 23:00:00,23,,0.0
2023-01-13 00:00:00,0,,0.1
2023-01-13 01:00:00,1,,0.7
2023-01-13 02:00:00,2,,0.0
2023-01-13 03:00:00,3,,0.0
2023-01-13 04:00:00,4,,0.1
2023-01-13 05:00:00,5,,0.0
2023-01-13 06:00:00,6,,0.3
2023-01-13 07:00:00,7,,0.3
2023-01-13 08:00:00,8,,0.0
2023-01-13 09:00:00,9,0.2,0.6
2023-01-13 10:00:00,10,169.3,1.1
2023-01-13 11:00:00,11,715.2,0.7
2023-01-13 12:00:00,12,1096.2,2.2
2023-01-13 13:00:00,13,1814.7,1.8
2023-01-13 14:00:00,14,2805.9,2.4
2023-01-13 15:00:00,15,2520.4,2.5
2023-01-13 16:00:00,16,2539.5,1.9
2023-01-13 17:00:00,17,2172.2,1.4
2023-01-13 18:00:00,18,1844.5,0.4
2023-01-13 19:00:00,19,822.0,2.9
2023-01-13 20:00:00,20,264.7,1.5
2023-01-13 21:00:00,21,161.8,0.9
2023-01-13 22:00:00,22,13.3,0.1
2023-01-13 23:00:00,23,,0.2
2023-01-14 00:00:00,0,,0.1
2023-01-14 01:00:00,1,,0.0
2023-01-14 02:00:00,2,,0.2
2023-01-14 03:00:00,3,,0.0
2023-01-14 04:00:00,4,,0.4
2023-01-14 05:00:00,5,,0.1
2023-01-14 06:00:00,6,,0.0
2023-01-14 07:00:00,7,,0.4
2023-01-14 08:00:00,8,,0.0
2023-01-14 09:00:00,9,,0.0
2023-01-14 10:00:00,10,155.1,2.0
2023-01-14 11:00:00,11,515.7,0.7
2023-01-14 12:00:00,12,1539.0,2.1
2023-01-14 13:00:00,13,495.4,3.5
2023-01-14 14:00:00,14,846.7,1.8
2023-01-14 15:00:00,15,896.0,1.1
2023-01-14 16:00:00,16,2666.1,3.1
2023-01-14 17:00:00,17,2344.9,2.2
2023-01-14 18:00:00,18,2228.8,2.2
2023-01-14 19:00:00,19,1977.2,1.6
2023-01-14 20:00:00,20,730.4,1.4
2023-01-14 21:00:00,21,295.3,0.2
2023-01-14 22:00:00,22,21.4,0.9
2023-01-14 23:00:00,23,,0.6
2023-01-15 00:00:00,0,,0.8
2023-01-15 01:00:00,1,,2.0
2023-01-15 02:00:00,2,,0.5
2023-01-15 03:00:00,3,,0.8
2023-01-15 04:00:00,4,,0.1
2023-01-15 05:00:00,5,,0.6
2023-01-15 06:00:00,6,,0.4
2023-01-15 07:00:00,7,,0.2
2023-01-15 08:00:00,8,,0.8
2023-01-15 09:00:00,9,,0.4
2023-01-15 10:00:00,10,126.0,0.7
2023-01-15 11:00:00,11,1078.6,1.2
2023-01-15 12:00:00,12,1694.6,0.3
2023-01-15 13:00:00,13,2224.7,1.9
2023-01-15 14:00:00,14,1894.3,1.2
2023-01-15 15:00:00,15,3794.0,1.5
2023-01-15 16:00:00,16,2994.9,1.3
2023-01-15 17:00:00,17,2799.9,1.4
2023-01-15 18:00:00,18,2770.8,7.0
2023-01-15 19:00:00,19,1333.0,2.3
2023-01-15 20:00:00,20,283.1,1.0
2023-01-15 21:00:00,21,87.7,0.1
2023-01-15 22:00:00,22,8.9,1.0
2023-01-15 23:00:00,23,,1.1
2023-01-16 00:00:00,0,,0.3
2023-01-16 01:00:00,1,,0.0
2023-01-16 02:00:00,2,,0.6
2023-01-16 03:00:00,3,,0.0
2023-01-16 04:00:00,4,,1.2
2023-01-16 05:00:00,5,,1.6
2023-01-16 06:00:00,6,,0.0
2023-01-16 07:00:00,7,,1.0
2023-01-16 08:00:00,8,,0.1
2023-01-16 09:00:00,9,,0.1
2023-01-16 10:00:00,10,108.8,0.7
2023-01-16 11:00:00,11,727.4,0.2
2023-01-16 12:00:00,12,981.8,0.7
2023-01-16 13:00:00,13,673.0,1.6
2023-01-16 14:00:00,14,2211.2,0.6
2023-01-16 15:00:00,15,2461.8,1.5
2023-01-16 16:00:00,16,3819.8,1.5
2023-01-16 17:00:00,17,2183.0,1.4
2023-01-16 18:00:00,18,2067.5,1.3
2023-01-16 19:00:00,19,1290.3,2.8
2023-01-16 20:00:00,20,1227.1,3.3
2023-01-16 21:00:00,21,276.5,2.4
2023-01-16 22:00:00,22,18.5,1.5
2023-01-16 23:00:00,23,,1.2
2023-01-17 00:00:00,0,,0.9
2023-01-17 01:00:00,1,,1.2
2023-01-17 02:00:00,2,,1.6
2023-01-17 03:00:00,3,,0.8
2023-01-17 04:00:00,4,,0.3
2023-01-17 05:00:00,5,,0.0
2023-01-17 06:00:00,6,,0.0
2023-01-17 07:00:00,7,,0.1
2023-01-17 08:00:00,8,,0.0
2023-01-17 09:00:00,9,,0.3
2023-01-17 10:00:00,10,115.5,0.1
2023-01-17 11:00:00,11,450.8,0.4
2023-01-17 12:00:00,12,1072.6,0.9
2023-01-17 13:00:00,13,1995.3,1.2
2023-01-17 14:00:00,14,2569.5,1.0
2023-01-17 15:00:00,15,2071.8,2.9
2023-01-17 16:00:00,16,2930.2,3.0
2023-01-17 17:00:00,17,2697.0,3.9
2023-01-17 18:00:00,18,1921.3,2.3
2023-01-17 19:00:00,19,1642.5,3.4
2023-01-17 20:00:00,20,1038.4,1.8
2023-01-17 21:00:00,21,333.6,0.9
2023-01-17 22:00:00,22,16.2,1.1
2023-01-17 23:00:00,23,,0.4
2023-01-18 00:00:00,0,,0.4
2023-01-18 01:00:00,1,,0.1
2023-01-18 02:00:00,2,,0.4
2023-01-18 03:00:00,3,,0.0
2023-01-18 04:00:00,4,,0.0
2023-01-18 05:00:00,5,,0.0
2023-01-18 06:00:00,6,,0.0
2023-01-18 07:00:00,7,,0.0
2023-01-18 08:00:00,8,,0.0
2023-01-18 09:00:00,9,,0.1
2023-01-18 10:00:00,10,155.9,0.0
2023-01-18 11:00:00,11,758.8,0.1
2023-01-18 12:00:00,12,991.6,0.2
2023-01-18 13:00:00,13,979.5,0.6
2023-01-18 14:00:00,14,1072.4,0.5
2023-01-18 15:00:00,15,2439.7,0.8
2023-01-18 16:00:00,16,1852.9,1.2
2023-01-18 17:00:00,17,1259.9,1.7
2023-01-18 18:00:00,18,922.6,0.7
2023-01-18 19:00:00,19,807.9,0.2
2023-01-18 20:00:00,20,473.0,0.0
2023-01-18 21:00:00,21,258.6,0.4
2023-01-18 22:00:00,22,19.7,1.1
2023-01-18 23:00:00,23,,1.3
2023-01-19 00:00:00,0,,1.2
2023-01-19 01:00:00,1,,2.3
2023-01-19 02:00:00,2,0.2,3.1
2023-01-19 03:00:00,3,,2.2
2023-01-19 04:00:00,4,,1.0
2023-01-19 05:00:00,5,,0.3
2023-01-19 06:00:00,6,,0.1
2023-01-19 07:00:00,7,,2.1
2023-01-19 08:00:00,8,,0.6
2023-01-19 09:00:00,9,,0.1
2023-01-19 10:00:00,10,28.9,0.0
2023-01-19 11:00:00,11,192.0,0.8
2023-01-19 12:00:00,12,401.5,1.2
2023-01-19 13:00:00,13,449.3,1.3
2023-01-19 14:00:00,14,647.1,1.4
2023-01-19 15:00:00,15,654.9,1.5
2023-01-19 16:00:00,16,1178.6,0.7
2023-01-19 17:00:00,17,866.8,1.2
2023-01-19 18:00:00,18,864.1,0.7
2023-01-19 19:00:00,19,642.3,0.9
2023-01-19 20:00:00,20,498.5,0.7
2023-01-19 21:00:00,21,219.8,0.0
2023-01-19 22:00:00,22,25.0,0.0
2023-01-19 23:00:00,23,,0.4
2023-01-20 00:00:00,0,,0.0
2023-01-20 01:00:00,1,,0.1
2023-01-20 02:00:00,2,,0.6
2023-01-20 03:00:00,3,,0.0
2023-01-20 04:00:00,4,,0.0
2023-01-20 05:00:00,5,,0.0
2023-01-20 06:00:00,6,,0.3
2023-01-20 07:00:00,7,,1.1
2023-01-20 08:00:00,8,,0.6
2023-01-20 09:00:00,9,,0.0
2023-01-20 10:00:00,10,212.1,0.3
2023-01-20 11:00:00,11,654.5,0.5
2023-01-20 12:00:00,12,1436.6,0.1
2023-01-20 13:00:00,13,2812.3,1.0
2023-01-20 14:00:00,14,3328.6,1.7
2023-01-20 15:00:00,15,3778.7,1.4
2023-01-20 16:00:00,16,2889.6,2.0
2023-01-20 17:00:00,17,2792.8,1.8
2023-01-20 18:00:00,18,2804.7,1.9
2023-01-20 19:00:00,19,2534.3,2.3
2023-01-20 20:00:00,20,1094.9,1.3
2023-01-20 21:00:00,21,162.9,0.2
2023-01-20 22:00:00,22,35.0,0.8
2023-01-20 23:00:00,23,,0.9
2023-01-21 00:00:00,0,,0.9
2023-01-21 01:00:00,1,,0.6
2023-01-21 02:00:00,2,,0.1
2023-01-21 03:00:00,3,,0.0
2023-01-21 04:00:00,4,,0.0
2023-01-21 05:00:00,5,,0.2
2023-01-21 06:00:00,6,,0.0
2023-01-21 07:00:00,7,,0.0
2023-01-21 08:00:00,8,,0.0
2023-01-21 09:00:00,9,,0.4
2023-01-21 10:00:00,10,152.5,0.3
2023-01-21 11:00:00,11,535.7,0.2
2023-01-21 12:00:00,12,1786.1,0.5
2023-01-21 13:00:00,13,2575.2,2.4
2023-01-21 14:00:00,14,2860.1,1.7
2023-01-21 15:00:00,15,3073.2,1.4
2023-01-21 16:00:00,16,3100.5,1.5
2023-01-21 17:00:00,17,2849.6,2.7
2023-01-21 18:00:00,18,2623.8,2.3
2023-01-21 19:00:00,19,2481.8,2.3
2023-01-21 20:00:00,20,764.2,1.4
2023-01-21 21:00:00,21,231.2,0.4
2023-01-21 22:00:00,22,33.2,1.1
2023-01-21 23:00:00,23,,1.0
2023-01-22 00:00:00,0,,0.7
2023-01-22 01:00:00,1,,0.6
2023-01-22 02:00:00,2,,0.2
2023-01-22 03:00:00,3,,0.3
2023-01-22 04:00:00,4,,0.0
2023-01-22 05:00:00,5,,0.0
2023-01-22 06:00:00,6,,0.2
2023-01-22 07:00:00,7,,0.2
2023-01-22 08:00:00,8,,0.2
2023-01-22 09:00:00,9,,0.7
2023-01-22 10:00:00,10,96.0,0.0
2023-01-22 11:00:00,11,974.5,1.1
2023-01-22 12:00:00,12,1630.4,2.3
2023-01-22 13:00:00,13,2058.3,2.3
2023-01-22 14:00:00,14,2767.9,1.4
2023-01-22 15:00:00,15,2404.8,1.2
2023-01-22 16:00:00,16,2998.7,2.7
2023-01-22 17:00:00,17,2663.8,1.8
2023-01-22 18:00:00,18,3287.6,1.5
2023-01-22 19:00:00,19,957.3,1.0
2023-01-22 20:00:00,20,898.3,0.9
2023-01-22 21:00:00,21,272.3,0.7
2023-01-22 22:00:00,22,18.7,0.1
2023-01-22 23:00:00,23,,0.0
2023-01-23 00:00:00,0,,0.0
2023-01-23 01:00:00,1,,0.6
2023-01-23 02:00:00,2,,1.2
2023-01-23 03:00:00,3,,0.3
2023-01-23 04:00:00,4,,0.6
2023-01-23 05:00:00,5,,0.2
2023-01-23 06:00:00,6,,1.2
2023-01-23 07:00:00,7,,0.0
2023-01-23 08:00:00,8,,0.5
2023-01-23 09:00:00,9,,0.8
2023-01-23 10:00:00,10,150.9,0.4
2023-01-23 11:00:00,11,779.7,0.3
2023-01-23 12:00:00,12,1176.0,1.5
2023-01-23 13:00:00,13,2238.4,0.4
2023-01-23 14:00:00,14,1583.2,1.0
2023-01-23 15:00:00,15,3554.9,1.6
2023-01-23 16:00:00,16,3256.9,1.6
2023-01-23 17:00:00,17,3227.1,0.7
2023-01-23 18:00:00,18,2818.9,1.3
2023-01-23 19:00:00,19,2262.7,2.7
2023-01-23 20:00:00,20,1266.9,1.7
2023-01-23 21:00:00,21,674.5,2.4
2023-01-23 22:00:00,22,35.6,0.2
2023-01-23 23:00:00,23,,1.2
2023-01-24 00:00:00,0,,0.8
2023-01-24 01:00:00,1,,0.4
2023-01-24 02:00:00,2,,0.1
2023-01-24 03:00:00,3,,0.1
2023-01-24 04:00:00,4,,0.0
2023-01-24 05:00:00,5,,0.3
2023-01-24 06:00:00,6,,0.0
2023-01-24 07:00:00,7,,0.0
2023-01-24 08:00:00,8,,0.0
2023-01-24 09:00:00,9,,0.1
2023-01-24 10:00:00,10,95.3,0.0
2023-01-24 11:00:00,11,931.9,0.2
2023-01-24 12:00:00,12,1888.8,0.6
2023-01-24 13:00:00,13,2263.3,1.0
2023-01-24 14:00:00,14,3030.3,0.4
2023-01-24 15:00:00,15,3257.7,0.6
2023-01-24 16:00:00,16,3771.7,0.7
2023-01-24 17:00:00,17,3292.8,1.0
2023-01-24 18:00:00,18,3216.2,1.1
2023-01-24 19:00:00,19,2153.5,1.0
2023-01-24 20:00:00,20,1124.2,1.3
2023-01-24 21:00:00,21,389.4,0.3
2023-01-24 22:00:00,22,19.2,1.1
2023-01-24 23:00:00,23,,0.9
2023-01-25 00:00:00,0,,1.0
2023-01-25 01:00:00,1,,1.7
2023-01-25 02:00:00,2,,1.0
2023-01-25 03:00:00,3,,0.5
2023-01-25 04:00:00,4,,1.1
2023-01-25 05:00:00,5,,0.7
2023-01-25 06:00:00,6,,1.4
2023-01-25 07:00:00,7,,1.4
2023-01-25 08:00:00,8,,0.5
2023-01-25 09:00:00,9,,0.6
2023-01-25 10:00:00,10,98.1,0.5
2023-01-25 11:00:00,11,266.1,1.2
2023-01-25 12:00:00,12,999.4,2.2
2023-01-25 13:00:00,13,1506.6,1.2
2023-01-25 14:00:00,14,2841.6,1.7
2023-01-25 15:00:00,15,1687.2,0.7
2023-01-25 16:00:00,16,3538.8,1.7
2023-01-25 17:00:00,17,3586.1,3.2
2023-01-25 18:00:00,18,3067.0,4.0
2023-01-25 19:00:00,19,2494.5,3.2
2023-01-25 20:00:00,20,1734.5,4.8
2023-01-25 21:00:00,21,304.4,1.7
2023-01-25 22:00:00,22,19.7,0.7
2023-01-25 23:00:00,23,,0.8
2023-01-26 00:00:00,0,,0.3
2023-01-26 01:00:00,1,,0.1
2023-01-26 02:00:00,2,,1.0
2023-01-26 03:00:00,3,,0.9
2023-01-26 04:00:00,4,,1.0
2023-01-26 05:00:00,5,,0.1
2023-01-26 06:00:00,6,,0.0
2023-01-26 07:00:00,7,,0.9
2023-01-26 08:00:00,8,,0.8
2023-01-26 09:00:00,9,,0.7
2023-01-26 10:00:00,10,91.3,0.9
2023-01-26 11:00:00,11,391.5,0.4
2023-01-26 12:00:00,12,1639.5,1.5
2023-01-26 13:00:00,13,2726.7,2.3
2023-01-26 14:00:00,14,2468.5,2.5
2023-01-26 15:00:00,15,2243.9,1.5
2023-01-26 16:00:00,16,2517.3,1.9
2023-01-26 17:00:00,17,2299.5,0.8
2023-01-26 18:00:00,18,2004.4,1.3
2023-01-26 19:00:00,19,2214.3,4.8
2023-01-26 20:00:00,20,1393.1,3.7
2023-01-26 21:00:00,21,397.4,1.6
2023-01-26 22:00:00,22,32.7,0.9
2023-01-26 23:00:00,23,,1.0
2023-01-27 00:00:00,0,,0.9
2023-01-27 01:00:00,1,,0.0
2023-01-27 02:00:00,2,,0.0
2023-01-27 03:00:00,3,,0.1
2023-01-27 04:00:00,4,,0.0
2023-01-27 05:00:00,5,,0.0
2023-01-27 06:00:00,6,,0.4
2023-01-27 07:00:00,7,,0.3
2023-01-27 08:00:00,8,,0.1
2023-01-27 09:00:00,9,,0.1
2023-01-27 10:00:00,10,107.0,0.0
2023-01-27 11:00:00,11,948.2,0.1
2023-01-27 12:00:00,12,1591.4,0.1
2023-01-27 13:00:00,13,1927.9,2.0
2023-01-27 14:00:00,14,2102.0,2.1
2023-01-27 15:00:00,15,2801.9,1.5
2023-01-27 16:00:00,16,3788.0,1.2
2023-01-27 17:00:00,17,3540.9,2.3
2023-01-27 18:00:00,18,2953.9,2.1
2023-01-27 19:00:00,19,1909.7,2.5
2023-01-27 20:00:00,20,1171.3,1.9
2023-01-27 21:00:00,21,302.1,0.8
2023-01-27 22:00:00,22,21.3,0.8
2023-01-27 23:00:00,23,,0.2
2023-01-28 00:00:00,0,,0.0
2023-01-28 01:00:00,1,,0.0
2023-01-28 02:00:00,2,,0.0
2023-01-28 03:00:00,3,,0.1
2023-01-28 04:00:00,4,,0.2
2023-01-28 05:00:00,5,,0.2
2023-01-28 06:00:00,6,,0.0
2023-01-28 07:00:00,7,,0.5
2023-01-28 08:00:00,8,,0.3
2023-01-28 09:00:00,9,,0.3
2023-01-28 10:00:00,10,112.2,0.3
2023-01-28 11:00:00,11,569.2,1.4
2023-01-28 12:00:00,12,1693.3,0.8
2023-01-28 13:00:00,13,2099.6,0.9
2023-01-28 14:00:00,14,2439.1,1.1
2023-01-28 15:00:00,15,2466.9,1.4
2023-01-28 16:00:00,16,1443.0,3.4
2023-01-28 17:00:00,17,1264.6,5.0
2023-01-28 18:00:00,18,1082.7,3.1
2023-01-28 19:00:00,19,772.0,2.5
2023-01-28 20:00:00,20,492.8,2.3
2023-01-28 21:00:00,21,192.6,0.9
2023-01-28 22:00:00,22,17.3,0.0
2023-01-28 23:00:00,23,,0.0
2023-01-29 00:00:00,0,,0.0
2023-01-29 01:00:00,1,,0.0
2023-01-29 02:00:00,2,,0.0
2023-01-29 03:00:00,3,,0.0
2023-01-29 04:00:00,4,,0.0
2023-01-29 05:00:00,5,,0.0
2023-01-29 06:00:00,6,,0.0
2023-01-29 07:00:00,7,,0.2
2023-01-29 08:00:00,8,,0.0
2023-01-29 09:00:00,9,,0.0
2023-01-29 10:00:00,10,170.6,0.1
2023-01-29 11:00:00,11,851.1,0.6
2023-01-29 12:00:00,12,1322.7,1.2
2023-01-29 13:00:00,13,2014.1,1.5
2023-01-29 14:00:00,14,2805.0,1.9
2023-01-29 15:00:00,15,2446.3,1.8
2023-01-29 16:00:00,16,2856.7,2.2
2023-01-29 17:00:00,17,1925.2,0.8
2023-01-29 18:00:00,18,650.6,0.3
2023-01-29 19:00:00,19,918.7,0.0
2023-01-29 20:00:00,20,1630.3,0.7
2023-01-29 21:00:00,21,520.5,0.2
2023-01-29 22:00:00,22,25.0,0.0
2023-01-29 23:00:00,23,,0.1
2023-01-30 00:00:00,0,,0.0
2023-01-30 01:00:00,1,,0.8
2023-01-30 02:00:00,2,,0.3
2023-01-30 03:00:00,3,,0.0
2023-01-30 04:00:00,4,,0.1
2023-01-30 05:00:00,5,,0.1
2023-01-30 06:00:00,6,,0.0
2023-01-30 07:00:00,7,,0.1
2023-01-30 08:00:00,8,,0.3
2023-01-30 09:00:00,9,,0.0
2023-01-30 10:00:00,10,91.3,0.0
2023-01-30 11:00:00,11,951.1,0.0
2023-01-30 12:00:00,12,1903.2,0.3
2023-01-30 13:00:00,13,2702.1,0.9
2023-01-30 14:00:00,14,3333.2,1.9
2023-01-30 15:00:00,15,3287.6,2.9
2023-01-30 16:00:00,16,3108.0,2.5
2023-01-30 17:00:00,17,3646.9,2.4
2023-01-30 18:00:00,18,3199.2,2.6
2023-01-30 19:00:00,19,2233.9,2.3
2023-01-30 20:00:00,20,1635.8,3.1
2023-01-30 21:00:00,21,596.1,1.4
2023-01-30 22:00:00,22,22.2,0.0
2023-01-30 23:00:00,23,,0.2
2023-01-31 00:00:00,0,,0.3
2023-01-31 01:00:00,1,,0.5
2023-01-31 02:00:00,2,,0.1
2023-01-31 03:00:00,3,,0.0
2023-01-31 04:00:00,4,,0.4
2023-01-31 05:00:00,5,,0.9
2023-01-31 06:00:00,6,,0.0
2023-01-31 07:00:00,7,,0.0
2023-01-31 08:00:00,8,,0.0
2023-01-31 09:00:00,9,,0.0
2023-01-31 10:00:00,10,96.8,0.1
2023-01-31 11:00:00,11,929.7,0.3
2023-01-31 12:00:00,12,1901.1,1.2
2023-01-31 13:00:00,13,2718.5,1.9
2023-01-31 14:00:00,14,3330.4,0.9
2023-01-31 15:00:00,15,2675.8,3.0
2023-01-31 16:00:00,16,3121.2,1.5
2023-01-31 17:00:00,17,1702.1,2.6
2023-01-31 18:00:00,18,2895.5,1.5
2023-01-31 19:00:00,19,2422.6,2.1
2023-01-31 20:00:00,20,702.2,0.8
2023-01-31 21:00:00,21,326.2,1.1
2023-01-31 22:00:00,22,39.3,1.1
2023-01-31 23:00:00,23,,1.3
2023-02-01 00:00:00,0,,0.9
2023-02-01 01:00:00,1,,1.1
2023-02-01 02:00:00,2,,0.5
2023-02-01 03:00:00,3,,0.9
2023-02-01 04:00:00,4,,0.5
2023-02-01 05:00:00,5,,0.2
2023-02-01 06:00:00,6,,0.0
2023-02-01 07:00:00,7,,0.0
2023-02-01 08:00:00,8,,0.6
2023-02-01 09:00:00,9,,0.0
2023-02-01 10:00:00,10,114.6,0.0
2023-02-01 11:00:00,11,454.9,0.5
2023-02-01 12:00:00,12,928.8,0.2
2023-02-01 13:00:00,13,562.1,0.7
2023-02-01 14:00:00,14,1788.4,0.1
2023-02-01 15:00:00,15,3442.7,1.1
2023-02-01 16:00:00,16,1525.3,3.5
2023-02-01 17:00:00,17,1016.9,1.9
2023-02-01 18:00:00,18,253.5,1.6
2023-02-01 19:00:00,19,415.3,1.0
2023-02-01 20:00:00,20,490.2,2.1
2023-02-01 21:00:00,21,216.3,0.8
2023-02-01 22:00:00,22,16.8,0.1
2023-02-01 23:00:00,23,,0.0
2023-02-02 00:00:00,0,,0.0
2023-02-02 01:00:00,1,,0.3
2023-02-02 02:00:00,2,,1.2
2023-02-02 03:00:00,3,,0.1
2023-02-02 04:00:00,4,,0.0
2023-02-02 05:00:00,5,,0.0
2023-02-02 06:00:00,6,,0.2
2023-02-02 07:00:00,7,,0.6
2023-02-02 08:00:00,8,,0.3
2023-02-02 09:00:00,9,,0.2
2023-02-02 10:00:00,10,91.2,0.0
2023-02-02 11:00:00,11,548.3,0.0
2023-02-02 12:00:00,12,819.7,0.8
2023-02-02 13:00:00,13,1135.5,0.7
2023-02-02 14:00:00,14,1838.1,1.4
2023-02-02 15:00:00,15,1292.1,0.8
2023-02-02 16:00:00,16,1202.9,0.8
2023-02-02 17:00:00,17,1461.4,1.6
2023-02-02 18:00:00,18,1329.9,0.9
2023-02-02 19:00:00,19,1235.7,1.9
2023-02-02 20:00:00,20,410.4,1.3
2023-02-02 21:00:00,21,168.3,0.2
2023-02-02 22:00:00,22,10.1,0.0
2023-02-02 23:00:00,23,,0.0
2023-02-03 00:00:00,0,,0.1
2023-02-03 01:00:00,1,,0.0
2023-02-03 02:00:00,2,,0.1
2023-02-03 03:00:00,3,,0.4
2023-02-03 04:00:00,4,,0.3
2023-02-03 05:00:00,5,,1.3
2023-02-03 06:00:00,6,,0.1
2023-02-03 07:00:00,7,,0.0
2023-02-03 08:00:00,8,,0.3
2023-02-03 09:00:00,9,,0.1
2023-02-03 10:00:00,10,114.6,0.0
2023-02-03 11:00:00,11,588.3,0.5
2023-02-03 12:00:00,12,1245.0,0.3
2023-02-03 13:00:00,13,1931.4,2.4
2023-02-03 14:00:00,14,2305.3,4.0
2023-02-03 15:00:00,15,3021.9,4.0
2023-02-03 16:00:00,16,3573.5,4.4
2023-02-03 17:00:00,17,3037.8,3.5
2023-02-03 18:00:00,18,3033.0,3.3
2023-02-03 19:00:00,19,2052.1,3.4
2023-02-03 20:00:00,20,1618.5,3.2
2023-02-03 21:00:00,21,540.4,2.5
2023-02-03 22:00:00,22,27.9,1.8
2023-02-03 23:00:00,23,,1.0
2023-02-04 00:00:00,0,,1.0
2023-02-04 01:00:00,1,,0.8
2023-02-04 02:00:00,2,,0.6
2023-02-04 03:00:00,3,,0.0
2023-02-04 04:00:00,4,,0.0
2023-02-04 05:00:00,5,,0.0
2023-02-04 06:00:00,6,,0.0
2023-02-04 07:00:00,7,,0.0
2023-02-04 08:00:00,8,,0.1
2023-02-04 09:00:00,9,,0.0
2023-02-04 10:00:00,10,142.8,0.0
2023-02-04 11:00:00,11,791.4,0.2
2023-02-04 12:00:00,12,1409.0,0.2
2023-02-04 13:00:00,13,2644.2,0.7
2023-02-04 14:00:00,14,3157.2,1.8
2023-02-04 15:00:00,15,2915.5,2.2
2023-02-04 16:00:00,16,3706.0,2.8
2023-02-04 17:00:00,17,2811.4,2.1
2023-02-04 18:00:00,18,1954.8,2.1
2023-02-04 19:00:00,19,2426.5,3.1
2023-02-04 20:00:00,20,932.4,1.9
2023-02-04 21:00:00,21,418.4,1.2
2023-02-04 22:00:00,22,40.4,0.6
2023-02-04 23:00:00,23,,0.4
2023-02-05 00:00:00,0,,0.1
2023-02-05 01:00:00,1,,0.0
2023-02-05 02:00:00,2,,0.0
2023-02-05 03:00:00,3,,0.3
2023-02-05 04:00:00,4,,0.1
2023-02-05 05:00:00,5,,1.6
2023-02-05 06:00:00,6,,0.7
2023-02-05 07:00:00,7,,0.0
2023-02-05 08:00:00,8,,0.1
2023-02-05 09:00:00,9,,0.4
2023-02-05 10:00:00,10,154.0,0.6
2023-02-05 11:00:00,11,819.7,0.1
2023-02-05 12:00:00,12,1609.6,0.3
2023-02-05 13:00:00,13,2410.6,1.7
2023-02-05 14:00:00,14,1127.3,2.5
2023-02-05 15:00:00,15,205.8,0.0
2023-02-05 16:00:00,16,336.6,0.3
2023-02-05 17:00:00,17,383.5,2.2
2023-02-05 18:00:00,18,362.3,0.4
2023-02-05 19:00:00,19,581.2,0.4
2023-02-05 20:00:00,20,370.0,0.0
2023-02-05 21:00:00,21,217.7,0.1
2023-02-05 22:00:00,22,14.9,0.1
2023-02-05 23:00:00,23,,0.0
2023-02-06 00:00:00,0,,0.1
2023-02-06 01:00:00,1,,0.2
2023-02-06 02:00:00,2,,0.0
2023-02-06 03:00:00,3,,0.0
2023-02-06 04:00:00,4,,0.0
2023-02-06 05:00:00,5,,0.3
2023-02-06 06:00:00,6,,0.0
2023-02-06 07:00:00,7,,0.0
2023-02-06 08:00:00,8,,0.0
2023-02-06 09:00:00,9,,0.0
2023-02-06 10:00:00,10,100.9,0.0
2023-02-06 11:00:00,11,366.7,0.2
2023-02-06 12:00:00,12,749.7,0.4
2023-02-06 13:00:00,13,967.2,0.1
2023-02-06 14:00:00,14,1559.0,1.4
2023-02-06 15:00:00,15,2768.7,0.6
2023-02-06 16:00:00,16,3099.7,1.1
2023-02-06 17:00:00,17,2322.0,2.6
2023-02-06 18:00:00,18,2214.8,2.9
2023-02-06 19:00:00,19,2171.2,1.4
2023-02-06 20:00:00,20,1037.8,1.3
2023-02-06 21:00:00,21,125.2,0.5
2023-02-06 22:00:00,22,0.5,0.4
2023-02-06 23:00:00,23,,0.2
2023-02-07 00:00:00,0,,0.6
2023-02-07 01:00:00,1,,0.7
2023-02-07 02:00:00,2,,0.0
2023-02-07 03:00:00,3,,0.0
2023-02-07 04:00:00,4,,0.4
2023-02-07 05:00:00,5,,0.4
2023-02-07 06:00:00,6,,0.0
2023-02-07 07:00:00,7,,0.3
2023-02-07 08:00:00,8,,0.0
2023-02-07 09:00:00,9,,0.0
2023-02-07 10:00:00,10,29.9,1.3
2023-02-07 11:00:00,11,331.6,1.6
2023-02-07 12:00:00,12,878.2,0.7
2023-02-07 13:00:00,13,1597.5,0.5
2023-02-07 14:00:00,14,2434.7,1.0
2023-02-07 15:00:00,15,2136.1,0.4
2023-02-07 16:00:00,16,2159.5,1.2
2023-02-07 17:00:00,17,3605.5,2.1
2023-02-07 18:00:00,18,2713.6,2.9
2023-02-07 19:00:00,19,1829.4,3.3
2023-02-07 20:00:00,20,1604.6,1.3
2023-02-07 21:00:00,21,638.3,1.0
2023-02-07 22:00:00,22,31.8,0.6
2023-02-07 23:00:00,23,,0.8
2023-02-08 00:00:00,0,,0.2
2023-02-08 01:00:00,1,,0.5
2023-02-08 02:00:00,2,,0.8
2023-02-08 03:00:00,3,,0.6
2023-02-08 04:00:00,4,,0.1
2023-02-08 05:00:00,5,,0.0
2023-02-08 06:00:00,6,,0.0
2023-02-08 07:00:00,7,,0.1
2023-02-08 08:00:00,8,,0.0
2023-02-08 09:00:00,9,,0.0
2023-02-08 10:00:00,10,103.3,0.1
2023-02-08 11:00:00,11,888.5,0.4
2023-02-08 12:00:00,12,1868.5,0.3
2023-02-08 13:00:00,13,2845.9,0.5
2023-02-08 14:00:00,14,3153.2,1.6
2023-02-08 15:00:00,15,3893.3,2.3
2023-02-08 16:00:00,16,3294.5,2.5
2023-02-08 17:00:00,17,3292.0,2.1
2023-02-08 18:00:00,18,3227.3,3.6
2023-02-08 19:00:00,19,1816.3,1.6
2023-02-08 20:00:00,20,1228.9,2.9
2023-02-08 21:00:00,21,687.6,1.9
2023-02-08 22:00:00,22,33.7,1.7
2023-02-08 23:00:00,23,,2.0
2023-02-09 00:00:00,0,,1.5
2023-02-09 01:00:00,1,,0.0
2023-02-09 02:00:00,2,,0.0
2023-02-09 03:00:00,3,,0.0
2023-02-09 04:00:00,4,,0.7
2023-02-09 05:00:00,5,,0.3
2023-02-09 06:00:00,6,,1.0
2023-02-09 07:00:00,7,,0.4
2023-02-09 08:00:00,8,,0.1
2023-02-09 09:00:00,9,,0.5
2023-02-09 10:00:00,10,130.5,0.4
2023-02-09 11:00:00,11,890.9,0.6
2023-02-09 12:00:00,12,1881.5,0.6
2023-02-09 13:00:00,13,2703.2,1.8
2023-02-09 14:00:00,14,3323.7,2.1
2023-02-09 15:00:00,15,3601.5,3.1
2023-02-09 16:00:00,16,3852.5,3.1
2023-02-09 17:00:00,17,3382.4,2.9
2023-02-09 18:00:00,18,3261.7,2.2
2023-02-09 19:00:00,19,2466.3,3.2
2023-02-09 20:00:00,20,1617.5,1.7
2023-02-09 21:00:00,21,646.7,1.6
2023-02-09 22:00:00,22,20.4,0.9
2023-02-09 23:00:00,23,,1.0
2023-02-10 00:00:00,0,,1.2
2023-02-10 01:00:00,1,,1.0
2023-02-10 02:00:00,2,,0.6
2023-02-10 03:00:00,3,,0.3
2023-02-10 04:00:00,4,,1.1
2023-02-10 05:00:00,5,,0.4
2023-02-10 06:00:00,6,,0.6
2023-02-10 07:00:00,7,,1.2
2023-02-10 08:00:00,8,,0.1
2023-02-10 09:00:00,9,,0.0
2023-02-10 10:00:00,10,61.9,0.0
2023-02-10 11:00:00,11,881.5,0.1
2023-02-10 12:00:00,12,1791.3,0.6
2023-02-10 13:00:00,13,2685.3,1.1
2023-02-10 14:00:00,14,3288.7,1.0
2023-02-10 15:00:00,15,3685.5,2.4
2023-02-10 16:00:00,16,3795.3,3.0
2023-02-10 17:00:00,17,3453.3,2.5
2023-02-10 18:00:00,18,3222.2,2.5
2023-02-10 19:00:00,19,2098.6,2.3
2023-02-10 20:00:00,20,1602.7,2.3
2023-02-10 21:00:00,21,644.0,2.1
2023-02-10 22:00:00,22,25.1,1.1
2023-02-10 23:00:00,23,,1.0
2023-02-11 00:00:00,0,,1.1
2023-02-11 01:00:00,1,,0.8
2023-02-11 02:00:00,2,,0.5
2023-02-11 03:00:00,3,,0.1
2023-02-11 04:00:00,4,,0.0
2023-02-11 05:00:00,5,,1.0
2023-02-11 06:00:00,6,,0.0
2023-02-11 07:00:00,7,,0.0
2023-02-11 08:00:00,8,,0.0
2023-02-11 09:00:00,9,,0.5
2023-02-11 10:00:00,10,105.3,0.0
2023-02-11 11:00:00,11,698.8,0.3
2023-02-11 12:00:00,12,1429.9,1.5
2023-02-11 13:00:00,13,2123.1,1.7
2023-02-11 14:00:00,14,971.2,2.3
2023-02-11 15:00:00,15,1388.0,0.6
2023-02-11 16:00:00,16,1501.5,1.4
2023-02-11 17:00:00,17,1880.8,1.6
2023-02-11 18:00:00,18,2757.9,2.0
2023-02-11 19:00:00,19,1080.7,1.2
2023-02-11 20:00:00,20,683.8,1.0
2023-02-11 21:00:00,21,264.8,1.2
2023-02-11 22:00:00,22,15.4,3.4
2023-02-11 23:00:00,23,,1.9
2023-02-12 00:00:00,0,,1.9
2023-02-12 01:00:00,1,,0.8
2023-02-12 02:00:00,2,,0.7
2023-02-12 03:00:00,3,,1.0
2023-02-12 04:00:00,4,,0.0
2023-02-12 05:00:00,5,,0.3
2023-02-12 06:00:00,6,,0.7
2023-02-12 07:00:00,7,,0.0
2023-02-12 08:00:00,8,,0.1
2023-02-12 09:00:00,9,,1.2
2023-02-12 10:00:00,10,101.8,0.0
2023-02-12 11:00:00,11,838.2,0.8
2023-02-12 12:00:00,12,1728.2,0.6
2023-02-12 13:00:00,13,2487.6,0.6
2023-02-12 14:00:00,14,2576.5,1.2
2023-02-12 15:00:00,15,2680.0,1.0
2023-02-12 16:00:00,16,3184.1,2.2
2023-02-12 17:00:00,17,3341.5,1.6
2023-02-12 18:00:00,18,3292.5,1.4
2023-02-12 19:00:00,19,1707.3,2.2
2023-02-12 20:00:00,20,1619.4,2.5
2023-02-12 21:00:00,21,660.6,1.6
2023-02-12 22:00:00,22,22.7,0.8
2023-02-12 23:00:00,23,,1.3
2023-02-13 00:00:00,0,,0.9
2023-02-13 01:00:00,1,,1.6
2023-02-13 02:00:00,2,,1.4
2023-02-13 03:00:00,3,,0.1
2023-02-13 04:00:00,4,,0.2
2023-02-13 05:00:00,5,,0.1
2023-02-13 06:00:00,6,,0.0
2023-02-13 07:00:00,7,,0.0
2023-02-13 08:00:00,8,,0.0
2023-02-13 09:00:00,9,,0.0
2023-02-13 10:00:00,10,80.1,0.0
2023-02-13 11:00:00,11,901.8,0.0
2023-02-13 12:00:00,12,1861.3,1.3
2023-02-13 13:00:00,13,2656.1,0.9
2023-02-13 14:00:00,14,3040.4,2.2
2023-02-13 15:00:00,15,3464.6,2.6
2023-02-13 16:00:00,16,2202.1,2.8
2023-02-13 17:00:00,17,2840.2,3.7
2023-02-13 18:00:00,18,2771.3,3.1
2023-02-13 19:00:00,19,2169.0,3.3
2023-02-13 20:00:00,20,1584.4,3.1
2023-02-13 21:00:00,21,645.7,2.1
2023-02-13 22:00:00,22,26.9,0.8
2023-02-13 23:00:00,23,,0.7
2023-02-14 00:00:00,0,,1.0
2023-02-14 01:00:00,1,,0.7
2023-02-14 02:00:00,2,,0.2
2023-02-14 03:00:00,3,,0.0
2023-02-14 04:00:00,4,,0.1
2023-02-14 05:00:00,5,,0.0
2023-02-14 06:00:00,6,,0.0
2023-02-14 07:00:00,7,,0.0
2023-02-14 08:00:00,8,,0.3
2023-02-14 09:00:00,9,,0.0
2023-02-14 10:00:00,10,114.8,0.1
2023-02-14 11:00:00,11,861.7,1.0
2023-02-14 12:00:00,12,1610.8,1.2
2023-02-14 13:00:00,13,2054.5,1.0
2023-02-14 14:00:00,14,2550.2,1.8
2023-02-14 15:00:00,15,2138.2,1.7
2023-02-14 16:00:00,16,3241.3,2.7
2023-02-14 17:00:00,17,2743.4,2.7
2023-02-14 18:00:00,18,1939.6,2.6
2023-02-14 19:00:00,19,1486.0,2.0
2023-02-14 20:00:00,20,853.6,2.1
2023-02-14 21:00:00,21,396.3,1.1
2023-02-14 22:00:00,22,21.2,1.0
2023-02-14 23:00:00,23,,1.2
2023-02-15 00:00:00,0,,1.4
2023-02-15 01:00:00,1,,1.4
2023-02-15 02:00:00,2,,0.9
2023-02-15 03:00:00,3,,0.3
2023-02-15 04:00:00,4,,0.5
2023-02-15 05:00:00,5,,0.8
2023-02-15 06:00:00,6,,0.0
2023-02-15 07:00:00,7,,0.0
2023-02-15 08:00:00,8,,0.7
2023-02-15 09:00:00,9,,0.8
2023-02-15 10:00:00,10,118.6,0.0
2023-02-15 11:00:00,11,709.9,0.1
2023-02-15 12:00:00,12,1179.6,1.6
2023-02-15 13:00:00,13,1246.0,0.7
2023-02-15 14:00:00,14,1351.4,0.2
2023-02-15 15:00:00,15,2353.1,0.8
2023-02-15 16:00:00,16,3384.8,1.2
2023-02-15 17:00:00,17,2654.3,1.3
2023-02-15 18:00:00,18,2738.6,1.0
2023-02-15 19:00:00,19,1850.8,1.8
2023-02-15 20:00:00,20,1113.0,2.2
2023-02-15 21:00:00,21,515.1,0.2
2023-02-15 22:00:00,22,20.1,0.6
2023-02-15 23:00:00,23,,0.7
2023-02-16 00:00:00,0,,0.0
2023-02-16 01:00:00,1,,0.1
2023-02-16 02:00:00,2,,0.3
2023-02-16 03:00:00,3,,0.7
2023-02-16 04:00:00,4,,0.2
2023-02-16 05:00:00,5,,0.3
2023-02-16 06:00:00,6,,1.9
2023-02-16 07:00:00,7,,0.0
2023-02-16 08:00:00,8,,0.2
2023-02-16 09:00:00,9,,1.3
2023-02-16 10:00:00,10,101.1,0.1
2023-02-16 11:00:00,11,596.4,0.5
2023-02-16 12:00:00,12,1177.9,1.5
2023-02-16 13:00:00,13,1861.2,1.5
2023-02-16 14:00:00,14,2303.0,1.4
2023-02-16 15:00:00,15,2409.6,1.6
2023-02-16 16:00:00,16,834.3,0.8
2023-02-16 17:00:00,17,1703.0,1.1
2023-02-16 18:00:00,18,2215.1,1.1
2023-02-16 19:00:00,19,1302.1,1.8
2023-02-16 20:00:00,20,516.6,0.6
2023-02-16 21:00:00,21,259.9,0.1
2023-02-16 22:00:00,22,19.1,0.1
2023-02-16 23:00:00,23,,0.1
2023-02-17 00:00:00,0,,0.1
2023-02-17 01:00:00,1,,0.5
2023-02-17 02:00:00,2,,0.1
2023-02-17 03:00:00,3,,1.2
2023-02-17 04:00:00,4,,0.1
2023-02-17 05:00:00,5,,1.4
2023-02-17 06:00:00,6,,1.2
2023-02-17 07:00:00,7,,0.7
2023-02-17 08:00:00,8,,0.7
2023-02-17 09:00:00,9,,0.1
2023-02-17 10:00:00,10,150.9,0.9
2023-02-17 11:00:00,11,831.0,0.8
2023-02-17 12:00:00,12,1116.8,1.5
2023-02-17 13:00:00,13,1403.2,0.8
2023-02-17 14:00:00,14,2377.9,1.3
2023-02-17 15:00:00,15,3542.5,1.2
2023-02-17 16:00:00,16,3449.0,1.4
2023-02-17 17:00:00,17,3216.8,1.5
2023-02-17 18:00:00,18,957.1,1.4
2023-02-17 19:00:00,19,310.9,2.0
2023-02-17 20:00:00,20,45.8,2.3
2023-02-17 21:00:00,21,42.1,0.2
2023-02-17 22:00:00,22,7.0,0.1
2023-02-17 23:00:00,23,,0.1
2023-02-18 00:00:00,0,,0.2
2023-02-18 01:00:00,1,,1.0
2023-02-18 02:00:00,2,,0.9
2023-02-18 03:00:00,3,,0.3
2023-02-18 04:00:00,4,,0.2
2023-02-18 05:00:00,5,,0.0
2023-02-18 06:00:00,6,,0.0
2023-02-18 07:00:00,7,,0.1
2023-02-18 08:00:00,8,,0.1
2023-02-18 09:00:00,9,,0.4
2023-02-18 10:00:00,10,32.4,0.2
2023-02-18 11:00:00,11,301.8,0.1
2023-02-18 12:00:00,12,814.0,0.5
2023-02-18 13:00:00,13,1520.4,1.0
2023-02-18 14:00:00,14,2566.4,2.5
2023-02-18 15:00:00,15,2011.6,2.8
2023-02-18 16:00:00,16,375.4,1.2
2023-02-18 17:00:00,17,795.2,1.6
2023-02-18 18:00:00,18,837.9,0.5
2023-02-18 19:00:00,19,1404.4,0.4
2023-02-18 20:00:00,20,389.9,1.9
2023-02-18 21:00:00,21,35.3,2.2
2023-02-18 22:00:00,22,0.7,2.4
2023-02-18 23:00:00,23,,1.1
2023-02-19 00:00:00,0,,1.1
2023-02-19 01:00:00,1,,0.0
2023-02-19 02:00:00,2,,1.2
2023-02-19 03:00:00,3,,1.2
2023-02-19 04:00:00,4,,0.0
2023-02-19 05:00:00,5,,0.0
2023-02-19 06:00:00,6,,0.1
2023-02-19 07:00:00,7,,0.7
2023-02-19 08:00:00,8,,0.0
2023-02-19 09:00:00,9,,0.3
2023-02-19 10:00:00,10,114.3,0.5
2023-02-19 11:00:00,11,649.0,0.4
2023-02-19 12:00:00,12,1426.3,1.8
2023-02-19 13:00:00,13,1327.4,2.3
2023-02-19 14:00:00,14,2880.7,0.9
2023-02-19 15:00:00,15,2141.8,0.6
2023-02-19 16:00:00,16,1742.4,0.3
2023-02-19 17:00:00,17,1866.3,0.3
2023-02-19 18:00:00,18,2533.4,1.2
2023-02-19 19:00:00,19,1259.7,3.1
2023-02-19 20:00:00,20,1606.6,1.9
2023-02-19 21:00:00,21,437.2,2.9
2023-02-19 22:00:00,22,30.0,0.5
2023-02-19 23:00:00,23,,1.7
2023-02-20 00:00:00,0,,0.5
2023-02-20 01:00:00,1,,0.2
2023-02-20 02:00:00,2,,0.0
2023-02-20 03:00:00,3,,0.4
2023-02-20 04:00:00,4,,0.1
2023-02-20 05:00:00,5,,0.2
2023-02-20 06:00:00,6,,0.3
2023-02-20 07:00:00,7,,0.0
2023-02-20 08:00:00,8,,0.9
2023-02-20 09:00:00,9,,0.0
2023-02-20 10:00:00,10,72.4,0.0
2023-02-20 11:00:00,11,495.8,0.2
2023-02-20 12:00:00,12,979.8,0.4
2023-02-20 13:00:00,13,1272.4,1.6
2023-02-20 14:00:00,14,1642.8,2.8
2023-02-20 15:00:00,15,2435.6,3.1
2023-02-20 16:00:00,16,2276.1,3.1
2023-02-20 17:00:00,17,3087.5,3.8
2023-02-20 18:00:00,18,2386.4,2.8
2023-02-20 19:00:00,19,2245.7,4.0
2023-02-20 20:00:00,20,772.9,2.6
2023-02-20 21:00:00,21,407.1,1.9
2023-02-20 22:00:00,22,24.3,0.1
2023-02-20 23:00:00,23,,0.3
2023-02-21 00:00:00,0,,0.0
2023-02-21 01:00:00,1,,0.0
2023-02-21 02:00:00,2,,0.4
2023-02-21 03:00:00,3,,0.1
2023-02-21 04:00:00,4,,0.0
2023-02-21 05:00:00,5,,0.4
2023-02-21 06:00:00,6,,0.0
2023-02-21 07:00:00,7,,0.3
2023-02-21 08:00:00,8,,0.0
2023-02-21 09:00:00,9,,0.1
2023-02-21 10:00:00,10,68.0,0.3
2023-02-21 11:00:00,11,408.6,0.0
2023-02-21 12:00:00,12,860.6,0.7
2023-02-21 13:00:00,13,1556.7,0.8
2023-02-21 14:00:00,14,2250.9,1.5
2023-02-21 15:00:00,15,2846.9,3.2
2023-02-21 16:00:00,16,2284.7,2.3
2023-02-21 17:00:00,17,2654.1,2.3
2023-02-21 18:00:00,18,1908.7,2.4
2023-02-21 19:00:00,19,1606.5,2.0
2023-02-21 20:00:00,20,1083.3,1.8
2023-02-21 21:00:00,21,370.2,1.7
2023-02-21 22:00:00,22,19.7,0.0
2023-02-21 23:00:00,23,,0.1
2023-02-22 00:00:00,0,,0.0
2023-02-22 01:00:00,1,,0.6
2023-02-22 02:00:00,2,,0.3
2023-02-22 03:00:00,3,,0.0
2023-02-22 04:00:00,4,,0.0
2023-02-22 05:00:00,5,,0.0
2023-02-22 06:00:00,6,,0.0
2023-02-22 07:00:00,7,,0.1
2023-02-22 08:00:00,8,,0.3
2023-02-22 09:00:00,9,,0.5
2023-02-22 10:00:00,10,104.4,0.8
2023-02-22 11:00:00,11,479.5,0.5
2023-02-22 12:00:00,12,807.3,0.5
2023-02-22 13:00:00,13,512.7,0.4
2023-02-22 14:00:00,14,1586.7,0.7
2023-02-22 15:00:00,15,1925.8,0.7
2023-02-22 16:00:00,16,2181.0,2.2
2023-02-22 17:00:00,17,2249.1,1.8
2023-02-22 18:00:00,18,2223.5,2.2
2023-02-22 19:00:00,19,1659.9,1.1
2023-02-22 20:00:00,20,991.8,1.0
2023-02-22 21:00:00,21,461.0,0.3
2023-02-22 22:00:00,22,23.3,1.7
2023-02-22 23:00:00,23,,2.2
2023-02-23 00:00:00,0,,2.0
2023-02-23 01:00:00,1,,1.3
2023-02-23 02:00:00,2,,2.2
2023-02-23 03:00:00,3,,1.7
2023-02-23 04:00:00,4,,2.4
2023-02-23 05:00:00,5,,2.4
2023-02-23 06:00:00,6,,2.0
2023-02-23 07:00:00,7,,1.3
2023-02-23 08:00:00,8,,0.1
2023-02-23 09:00:00,9,,0.4
2023-02-23 10:00:00,10,18.7,6.8
2023-02-23 11:00:00,11,33.8,0.1
2023-02-23 12:00:00,12,251.9,0.4
2023-02-23 13:00:00,13,994.9,0.2
2023-02-23 14:00:00,14,1473.3,1.0
2023-02-23 15:00:00,15,2827.9,1.3
2023-02-23 16:00:00,16,2538.8,1.0
2023-02-23 17:00:00,17,2559.2,1.6
2023-02-23 18:00:00,18,2478.1,1.2
2023-02-23 19:00:00,19,1396.6,1.2
2023-02-23 20:00:00,20,854.3,1.0
2023-02-23 21:00:00,21,412.4,1.0
2023-02-23 22:00:00,22,25.2,1.2
2023-02-23 23:00:00,23,,1.0
2023-02-24 00:00:00,0,,0.4
2023-02-24 01:00:00,1,,0.4
2023-02-24 02:00:00,2,,0.2
2023-02-24 03:00:00,3,,0.1
2023-02-24 04:00:00,4,,0.0
2023-02-24 05:00:00,5,,0.0
2023-02-24 06:00:00,6,,0.3
2023-02-24 07:00:00,7,,0.4
2023-02-24 08:00:00,8,,1.0
2023-02-24 09:00:00,9,,0.7
2023-02-24 10:00:00,10,116.0,0.0
2023-02-24 11:00:00,11,883.9,0.9
2023-02-24 12:00:00,12,1798.0,1.6
2023-02-24 13:00:00,13,2488.2,1.1
2023-02-24 14:00:00,14,3243.6,1.2
2023-02-24 15:00:00,15,3043.2,1.4
2023-02-24 16:00:00,16,2917.5,0.8
2023-02-24 17:00:00,17,2598.8,0.6
2023-02-24 18:00:00,18,1742.5,1.1
2023-02-24 19:00:00,19,1504.8,2.3
2023-02-24 20:00:00,20,857.8,1.9
2023-02-24 21:00:00,21,388.7,1.4
2023-02-24 22:00:00,22,22.9,1.0
2023-02-24 23:00:00,23,,0.0
2023-02-25 00:00:00,0,,0.3
2023-02-25 01:00:00,1,,0.4
2023-02-25 02:00:00,2,,0.8
2023-02-25 03:00:00,3,,1.4
2023-02-25 04:00:00,4,,0.1
2023-02-25 05:00:00,5,,0.2
2023-02-25 06:00:00,6,,0.3
2023-02-25 07:00:00,7,,0.6
2023-02-25 08:00:00,8,,0.4
2023-02-25 09:00:00,9,,0.5
2023-02-25 10:00:00,10,118.0,0.6
2023-02-25 11:00:00,11,545.9,0.4
2023-02-25 12:00:00,12,803.4,1.3
2023-02-25 13:00:00,13,1496.4,1.2
2023-02-25 14:00:00,14,1999.3,1.6
2023-02-25 15:00:00,15,2153.1,1.8
2023-02-25 16:00:00,16,1892.0,0.7
2023-02-25 17:00:00,17,1683.7,1.2
2023-02-25 18:00:00,18,1192.6,1.5
2023-02-25 19:00:00,19,1000.2,3.0
2023-02-25 20:00:00,20,618.6,1.9
2023-02-25 21:00:00,21,210.3,0.0
2023-02-25 22:00:00,22,,0.1
2023-02-25 23:00:00,23,,0.0
2023-02-26 00:00:00,0,,0.1
2023-02-26 01:00:00,1,,1.2
2023-02-26 02:00:00,2,,0.0
2023-02-26 03:00:00,3,,0.0
2023-02-26 04:00:00,4,,0.6
2023-02-26 05:00:00,5,,0.2
2023-02-26 06:00:00,6,,0.3
2023-02-26 07:00:00,7,,0.0
2023-02-26 08:00:00,8,,0.0
2023-02-26 09:00:00,9,,0.5
2023-02-26 10:00:00,10,89.2,0.7
2023-02-26 11:00:00,11,447.3,0.8
2023-02-26 12:00:00,12,1314.4,1.5
2023-02-26 13:00:00,13,1320.3,1.2
2023-02-26 14:00:00,14,1639.0,1.5
2023-02-26 15:00:00,15,2107.4,1.4
2023-02-26 16:00:00,16,564.3,2.1
2023-02-26 17:00:00,17,867.8,4.3
2023-02-26 18:00:00,18,903.2,2.3
2023-02-26 19:00:00,19,1342.7,1.5
2023-02-26 20:00:00,20,781.6,0.7
2023-02-26 21:00:00,21,339.8,0.4
2023-02-26 22:00:00,22,19.6,0.9
2023-02-26 23:00:00,23,,0.2
2023-02-27 00:00:00,0,,0.6
2023-02-27 01:00:00,1,,0.1
2023-02-27 02:00:00,2,,0.5
2023-02-27 03:00:00,3,,0.3
2023-02-27 04:00:00,4,,0.0
2023-02-27 05:00:00,5,,0.5
2023-02-27 06:00:00,6,,0.0
2023-02-27 07:00:00,7,,0.0
2023-02-27 08:00:00,8,,0.0
2023-02-27 09:00:00,9,,0.0
2023-02-27 10:00:00,10,89.0,0.5
2023-02-27 11:00:00,11,402.5,0.0
2023-02-27 12:00:00,12,769.0,0.7
2023-02-27 13:00:00,13,1940.7,1.1
2023-02-27 14:00:00,14,3013.1,1.9
2023-02-27 15:00:00,15,1492.7,2.6
2023-02-27 16:00:00,16,1073.6,1.5
2023-02-27 17:00:00,17,271.2,0.2
2023-02-27 18:00:00,18,782.3,0.3
2023-02-27 19:00:00,19,1032.3,1.5
2023-02-27 20:00:00,20,462.2,0.2
2023-02-27 21:00:00,21,199.9,0.0
2023-02-27 22:00:00,22,8.6,0.0
2023-02-27 23:00:00,23,,0.2
2023-02-28 00:00:00,0,,0.0
2023-02-28 01:00:00,1,,0.1
2023-02-28 02:00:00,2,,0.0
2023-02-28 03:00:00,3,,0.0
2023-02-28 04:00:00,4,,0.0
2023-02-28 05:00:00,5,,0.0
2023-02-28 06:00:00,6,,0.0
2023-02-28 07:00:00,7,,0.0
2023-02-28 08:00:00,8,,0.6
2023-02-28 09:00:00,9,,0.1
2023-02-28 10:00:00,10,128.5,0.0
2023-02-28 11:00:00,11,535.4,0.8
2023-02-28 12:00:00,12,1183.6,0.4
2023-02-28 13:00:00,13,942.4,0.8
2023-02-28 14:00:00,14,2805.4,0.5
2023-02-28 15:00:00,15,3348.2,0.8
2023-02-28 16:00:00,16,3370.1,1.4
2023-02-28 17:00:00,17,2689.0,2.7
2023-02-28 18:00:00,18,2345.2,1.6
2023-02-28 19:00:00,19,1342.4,2.1
2023-02-28 20:00:00,20,723.2,0.7
2023-02-28 21:00:00,21,335.0,1.2
2023-02-28 22:00:00,22,14.4,0.9
2023-02-28 23:00:00,23,,0.6
2023-03-01 00:00:00,0,,0.2
2023-03-01 01:00:00,1,,0.1
2023-03-01 02:00:00,2,,0.3
2023-03-01 03:00:00,3,,0.0
2023-03-01 04:00:00,4,,0.1
2023-03-01 05:00:00,5,,0.0
2023-03-01 06:00:00,6,,0.0
2023-03-01 07:00:00,7,,0.0
2023-03-01 08:00:00,8,,0.8
2023-03-01 09:00:00,9,,1.5
2023-03-01 10:00:00,10,89.3,0.2
2023-03-01 11:00:00,11,550.2,0.0
2023-03-01 12:00:00,12,1539.8,0.5
2023-03-01 13:00:00,13,2247.8,1.5
2023-03-01 14:00:00,14,2853.3,2.1
2023-03-01 15:00:00,15,3585.7,2.2
2023-03-01 16:00:00,16,3795.8,2.3
2023-03-01 17:00:00,17,2618.6,2.3
2023-03-01 18:00:00,18,2296.9,2.3
2023-03-01 19:00:00,19,2161.2,2.8
2023-03-01 20:00:00,20,1512.6,3.0
2023-03-01 21:00:00,21,547.0,1.4
2023-03-01 22:00:00,22,8.8,0.7
2023-03-01 23:00:00,23,,1.2
2023-03-02 00:00:00,0,,1.4
2023-03-02 01:00:00,1,,0.8
2023-03-02 02:00:00,2,,0.9
2023-03-02 03:00:00,3,,0.5
2023-03-02 04:00:00,4,,0.0
2023-03-02 05:00:00,5,,0.5
2023-03-02 06:00:00,6,,0.3
2023-03-02 07:00:00,7,,0.0
2023-03-02 08:00:00,8,,0.0
2023-03-02 09:00:00,9,,0.0
2023-03-02 10:00:00,10,95.8,0.0
2023-03-02 11:00:00,11,816.7,0.4
2023-03-02 12:00:00,12,1386.9,0.4
2023-03-02 13:00:00,13,2140.4,0.6
2023-03-02 14:00:00,14,2602.3,2.9
2023-03-02 15:00:00,15,3073.6,2.8
2023-03-02 16:00:00,16,3480.9,3.2
2023-03-02 17:00:00,17,3415.7,3.2
2023-03-02 18:00:00,18,2736.0,3.3
2023-03-02 19:00:00,19,2098.1,3.8
2023-03-02 20:00:00,20,1392.9,2.3
2023-03-02 21:00:00,21,390.6,1.3
2023-03-02 22:00:00,22,11.1,0.7
2023-03-02 23:00:00,23,,1.0
2023-03-03 00:00:00,0,,1.1
2023-03-03 01:00:00,1,,0.7
2023-03-03 02:00:00,2,,1.1
2023-03-03 03:00:00,3,,0.0
2023-03-03 04:00:00,4,,0.0
2023-03-03 05:00:00,5,,0.0
2023-03-03 06:00:00,6,,0.2
2023-03-03 07:00:00,7,,0.0
2023-03-03 08:00:00,8,,0.0
2023-03-03 09:00:00,9,,0.0
2023-03-03 10:00:00,10,116.1,0.1
2023-03-03 11:00:00,11,571.4,0.1
2023-03-03 12:00:00,12,1119.1,1.5
2023-03-03 13:00:00,13,1786.7,1.4
2023-03-03 14:00:00,14,1943.2,1.8
2023-03-03 15:00:00,15,2469.8,2.0
2023-03-03 16:00:00,16,3077.3,2.9
2023-03-03 17:00:00,17,3055.2,2.6
2023-03-03 18:00:00,18,2739.4,2.7
2023-03-03 19:00:00,19,2152.2,2.3
2023-03-03 20:00:00,20,1502.9,2.7
2023-03-03 21:00:00,21,628.4,0.4
2023-03-03 22:00:00,22,21.9,2.0
2023-03-03 23:00:00,23,,0.8
2023-03-04 00:00:00,0,,1.1
2023-03-04 01:00:00,1,,0.9
2023-03-04 02:00:00,2,,1.5
2023-03-04 03:00:00,3,,0.2
2023-03-04 04:00:00,4,,0.0
2023-03-04 05:00:00,5,,0.0
2023-03-04 06:00:00,6,,0.0
2023-03-04 07:00:00,7,,0.0
2023-03-04 08:00:00,8,,0.0
2023-03-04 09:00:00,9,,0.5
2023-03-04 10:00:00,10,101.9,0.2
2023-03-04 11:00:00,11,877.6,0.7
2023-03-04 12:00:00,12,1783.0,0.8
2023-03-04 13:00:00,13,1776.1,2.0
2023-03-04 14:00:00,14,1646.6,2.2
2023-03-04 15:00:00,15,1816.9,2.9
2023-03-04 16:00:00,16,2484.1,3.7
2023-03-04 17:00:00,17,2932.8,3.3
2023-03-04 18:00:00,18,2193.7,2.8
2023-03-04 19:00:00,19,1877.8,3.5
2023-03-04 20:00:00,20,800.6,2.2
2023-03-04 21:00:00,21,297.4,0.5
2023-03-04 22:00:00,22,12.2,0.3
2023-03-04 23:00:00,23,,0.2
2023-03-05 00:00:00,0,,1.1
2023-03-05 01:00:00,1,,0.0
2023-03-05 02:00:00,2,,0.3
2023-03-05 03:00:00,3,,0.0
2023-03-05 04:00:00,4,,0.0
2023-03-05 05:00:00,5,,0.0
2023-03-05 06:00:00,6,,0.2
2023-03-05 07:00:00,7,,0.2
2023-03-05 08:00:00,8,,0.0
2023-03-05 09:00:00,9,,0.0
2023-03-05 10:00:00,10,101.5,0.0
2023-03-05 11:00:00,11,954.8,0.0
2023-03-05 12:00:00,12,1838.6,0.7
2023-03-05 13:00:00,13,2613.5,1.6
2023-03-05 14:00:00,14,3102.7,1.6
2023-03-05 15:00:00,15,2941.4,1.7
2023-03-05 16:00:00,16,3343.2,1.9
2023-03-05 17:00:00,17,2652.1,2.2
2023-03-05 18:00:00,18,2552.3,3.6
2023-03-05 19:00:00,19,1701.4,4.1
2023-03-05 20:00:00,20,682.3,2.5
2023-03-05 21:00:00,21,252.5,1.2
2023-03-05 22:00:00,22,10.9,0.1
2023-03-05 23:00:00,23,,0.6
2023-03-06 00:00:00,0,,1.5
2023-03-06 01:00:00,1,,0.4
2023-03-06 02:00:00,2,,0.1
2023-03-06 03:00:00,3,,0.0
2023-03-06 04:00:00,4,,0.1
2023-03-06 05:00:00,5,,0.1
2023-03-06 06:00:00,6,,0.1
2023-03-06 07:00:00,7,,0.0
2023-03-06 08:00:00,8,,0.3
2023-03-06 09:00:00,9,,0.1
2023-03-06 10:00:00,10,108.0,0.1
2023-03-06 11:00:00,11,397.2,0.0
2023-03-06 12:00:00,12,1170.5,0.3
2023-03-06 13:00:00,13,1896.3,0.5
2023-03-06 14:00:00,14,1753.2,1.3
2023-03-06 15:00:00,15,1949.0,0.9
2023-03-06 16:00:00,16,2710.8,2.3
2023-03-06 17:00:00,17,2792.9,3.8
2023-03-06 18:00:00,18,2668.3,3.1
2023-03-06 19:00:00,19,2130.6,3.8
2023-03-06 20:00:00,20,1428.7,3.2
2023-03-06 21:00:00,21,347.8,1.4
2023-03-06 22:00:00,22,10.2,0.4
2023-03-06 23:00:00,23,,1.5
2023-03-07 00:00:00,0,,0.9
2023-03-07 01:00:00,1,,0.0
2023-03-07 02:00:00,2,,0.1
2023-03-07 03:00:00,3,,0.0
2023-03-07 04:00:00,4,,0.1
2023-03-07 05:00:00,5,,0.0
2023-03-07 06:00:00,6,,0.0
2023-03-07 07:00:00,7,,0.2
2023-03-07 08:00:00,8,,0.2
2023-03-07 09:00:00,9,,0.8
2023-03-07 10:00:00,10,86.2,0.0
2023-03-07 11:00:00,11,348.3,0.4
2023-03-07 12:00:00,12,1281.5,2.0
2023-03-07 13:00:00,13,1438.6,2.0
2023-03-07 14:00:00,14,1825.4,1.1
2023-03-07 15:00:00,15,2838.4,1.7
2023-03-07 16:00:00,16,2292.9,4.7
2023-03-07 17:00:00,17,1548.3,5.0
2023-03-07 18:00:00,18,1923.7,3.7
2023-03-07 19:00:00,19,1179.7,1.5
2023-03-07 20:00:00,20,454.3,1.7
2023-03-07 21:00:00,21,91.6,0.0
2023-03-07 22:00:00,22,1.0,0.1
2023-03-07 23:00:00,23,,0.7
2023-03-08 00:00:00,0,,0.4
2023-03-08 01:00:00,1,,0.2
2023-03-08 02:00:00,2,,0.0
2023-03-08 03:00:00,3,,0.6
2023-03-08 04:00:00,4,,0.0
2023-03-08 05:00:00,5,,0.0
2023-03-08 06:00:00,6,,0.0
2023-03-08 07:00:00,7,,0.0
2023-03-08 08:00:00,8,,0.0
2023-03-08 09:00:00,9,,0.5
2023-03-08 10:00:00,10,94.3,0.8
2023-03-08 11:00:00,11,650.5,0.5
2023-03-08 12:00:00,12,1186.1,0.2
2023-03-08 13:00:00,13,1799.4,1.8
2023-03-08 14:00:00,14,1916.8,1.8
2023-03-08 15:00:00,15,3038.7,2.3
2023-03-08 16:00:00,16,2628.0,1.3
2023-03-08 17:00:00,17,2254.4,1.3
2023-03-08 18:00:00,18,1262.3,1.2
2023-03-08 19:00:00,19,626.1,2.5
2023-03-08 20:00:00,20,66.4,1.7
2023-03-08 21:00:00,21,14.6,0.0
2023-03-08 22:00:00,22,0.3,1.5
2023-03-08 23:00:00,23,,1.8
2023-03-09 00:00:00,0,,0.3
2023-03-09 01:00:00,1,,0.4
2023-03-09 02:00:00,2,,0.0
2023-03-09 03:00:00,3,,0.0
2023-03-09 04:00:00,4,,0.0
2023-03-09 05:00:00,5,,0.0
2023-03-09 06:00:00,6,,0.4
2023-03-09 07:00:00,7,,0.0
2023-03-09 08:00:00,8,,0.3
2023-03-09 09:00:00,9,,1.1
2023-03-09 10:00:00,10,99.2,0.0
2023-03-09 11:00:00,11,691.8,0.1
2023-03-09 12:00:00,12,1345.4,2.4
2023-03-09 13:00:00,13,1643.9,1.7
2023-03-09 14:00:00,14,3303.5,1.3
2023-03-09 15:00:00,15,1964.3,0.7
2023-03-09 16:00:00,16,2610.4,2.4
2023-03-09 17:00:00,17,3488.5,1.4
2023-03-09 18:00:00,18,2909.1,2.2
2023-03-09 19:00:00,19,2258.2,2.6
2023-03-09 20:00:00,20,1041.1,2.2
2023-03-09 21:00:00,21,441.7,0.7
2023-03-09 22:00:00,22,5.1,0.6
2023-03-09 23:00:00,23,,0.5
2023-03-10 00:00:00,0,,0.2
2023-03-10 01:00:00,1,,0.4
2023-03-10 02:00:00,2,,0.2
2023-03-10 03:00:00,3,,0.2
2023-03-10 04:00:00,4,,0.4
2023-03-10 05:00:00,5,,1.2
2023-03-10 06:00:00,6,,0.5
2023-03-10 07:00:00,7,,0.0
2023-03-10 08:00:00,8,,0.5
2023-03-10 09:00:00,9,,0.3
2023-03-10 10:00:00,10,107.2,1.2
2023-03-10 11:00:00,11,737.5,1.1
2023-03-10 12:00:00,12,887.5,1.4
2023-03-10 13:00:00,13,1850.7,1.2
2023-03-10 14:00:00,14,2020.2,1.9
2023-03-10 15:00:00,15,3066.1,1.4
2023-03-10 16:00:00,16,2611.8,1.0
2023-03-10 17:00:00,17,2071.4,2.1
2023-03-10 18:00:00,18,1731.5,2.2
2023-03-10 19:00:00,19,1307.5,1.5
2023-03-10 20:00:00,20,591.8,1.1
2023-03-10 21:00:00,21,185.7,0.9
2023-03-10 22:00:00,22,7.0,0.7
2023-03-10 23:00:00,23,,0.9
2023-03-11 00:00:00,0,,0.6
2023-03-11 01:00:00,1,,0.1
2023-03-11 02:00:00,2,,0.0
2023-03-11 03:00:00,3,,0.1
2023-03-11 04:00:00,4,,0.2
2023-03-11 05:00:00,5,,0.1
2023-03-11 06:00:00,6,,0.0
2023-03-11 07:00:00,7,,0.7
2023-03-11 08:00:00,8,,0.2
2023-03-11 09:00:00,9,,0.3
2023-03-11 10:00:00,10,116.0,1.2
2023-03-11 11:00:00,11,878.9,0.1
2023-03-11 12:00:00,12,1845.5,1.2
2023-03-11 13:00:00,13,2255.7,0.6
2023-03-11 14:00:00,14,2434.3,0.5
2023-03-11 15:00:00,15,2158.7,1.5
2023-03-11 16:00:00,16,1870.2,1.8
2023-03-11 17:00:00,17,1588.5,1.7
2023-03-11 18:00:00,18,1356.2,2.1
2023-03-11 19:00:00,19,1172.4,1.9
2023-03-11 20:00:00,20,362.3,1.6
2023-03-11 21:00:00,21,36.5,1.9
2023-03-11 22:00:00,22,0.7,0.9
2023-03-11 23:00:00,23,,0.1
2023-03-12 00:00:00,0,,0.1
2023-03-12 01:00:00,1,,0.0
2023-03-12 02:00:00,2,,0.3
2023-03-12 03:00:00,3,,0.8
2023-03-12 04:00:00,4,,0.2
2023-03-12 05:00:00,5,,0.0
2023-03-12 06:00:00,6,,0.1
2023-03-12 07:00:00,7,,0.0
2023-03-12 08:00:00,8,,0.0
2023-03-12 09:00:00,9,,0.0
2023-03-12 10:00:00,10,80.2,0.0
2023-03-12 11:00:00,11,815.1,0.3
2023-03-12 12:00:00,12,1103.3,1.2
2023-03-12 13:00:00,13,2119.6,1.4
2023-03-12 14:00:00,14,2633.2,1.8
2023-03-12 15:00:00,15,2298.8,1.0
2023-03-12 16:00:00,16,2567.8,0.2
2023-03-12 17:00:00,17,857.6,0.9
2023-03-12 18:00:00,18,932.0,0.4
2023-03-12 19:00:00,19,1468.1,0.5
2023-03-12 20:00:00,20,302.5,0.7
2023-03-12 21:00:00,21,69.7,0.0
2023-03-12 22:00:00,22,3.0,0.0
2023-03-12 23:00:00,23,,1.6
2023-03-13 00:00:00,0,,0.0
2023-03-13 01:00:00,1,,0.0
2023-03-13 02:00:00,2,,0.9
2023-03-13 03:00:00,3,,0.1
2023-03-13 04:00:00,4,,1.0
2023-03-13 05:00:00,5,,0.5
2023-03-13 06:00:00,6,,0.6
2023-03-13 07:00:00,7,,1.1
2023-03-13 08:00:00,8,,1.2
2023-03-13 09:00:00,9,,0.6
2023-03-13 10:00:00,10,41.6,0.8
2023-03-13 11:00:00,11,241.5,0.6
2023-03-13 12:00:00,12,1156.5,2.4
2023-03-13 13:00:00,13,1187.4,1.6
2023-03-13 14:00:00,14,1653.0,2.4
2023-03-13 15:00:00,15,1184.9,2.6
2023-03-13 16:00:00,16,1653.3,2.4
2023-03-13 17:00:00,17,1657.8,1.2
2023-03-13 18:00:00,18,1303.1,1.9
2023-03-13 19:00:00,19,484.0,2.2
2023-03-13 20:00:00,20,212.3,1.5
2023-03-13 21:00:00,21,81.4,0.7
2023-03-13 22:00:00,22,,0.3
2023-03-13 23:00:00,23,,0.5
2023-03-14 00:00:00,0,,1.0
2023-03-14 01:00:00,1,,1.3
2023-03-14 02:00:00,2,,1.6
2023-03-14 03:00:00,3,,0.1
2023-03-14 04:00:00,4,,0.2
2023-03-14 05:00:00,5,,0.8
2023-03-14 06:00:00,6,,0.8
2023-03-14 07:00:00,7,,1.2
2023-03-14 08:00:00,8,,0.4
2023-03-14 09:00:00,9,,1.4
2023-03-14 10:00:00,10,132.3,0.5
2023-03-14 11:00:00,11,651.3,1.4
2023-03-14 12:00:00,12,992.2,1.5
2023-03-14 13:00:00,13,1197.4,1.9
2023-03-14 14:00:00,14,1534.8,2.2
2023-03-14 15:00:00,15,2678.9,2.4
2023-03-14 16:00:00,16,2023.4,1.7
2023-03-14 17:00:00,17,2587.2,2.4
2023-03-14 18:00:00,18,2795.6,1.8
2023-03-14 19:00:00,19,2120.3,1.7
2023-03-14 20:00:00,20,1538.0,1.5
2023-03-14 21:00:00,21,115.6,1.7
2023-03-14 22:00:00,22,,1.0
2023-03-14 23:00:00,23,,1.8
2023-03-15 00:00:00,0,,1.7
2023-03-15 01:00:00,1,,0.9
2023-03-15 02:00:00,2,,0.3
2023-03-15 03:00:00,3,,0.0
2023-03-15 04:00:00,4,,0.2
2023-03-15 05:00:00,5,,1.2
2023-03-15 06:00:00,6,,1.2
2023-03-15 07:00:00,7,,1.1
2023-03-15 08:00:00,8,,0.8
2023-03-15 09:00:00,9,,0.6
2023-03-15 10:00:00,10,16.7,3.0
2023-03-15 11:00:00,11,200.2,1.0
2023-03-15 12:00:00,12,359.1,0.0
2023-03-15 13:00:00,13,557.6,1.2
2023-03-15 14:00:00,14,513.3,0.4
2023-03-15 15:00:00,15,395.3,0.7
2023-03-15 16:00:00,16,455.6,0.8
2023-03-15 17:00:00,17,499.2,0.9
2023-03-15 18:00:00,18,465.6,0.4
2023-03-15 19:00:00,19,567.7,0.6
2023-03-15 20:00:00,20,424.7,1.0
2023-03-15 21:00:00,21,157.0,0.3
2023-03-15 22:00:00,22,4.0,0.1
2023-03-15 23:00:00,23,,0.4
2023-03-16 00:00:00,0,,0.1
2023-03-16 01:00:00,1,,0.2
2023-03-16 02:00:00,2,,0.0
2023-03-16 03:00:00,3,,0.3
2023-03-16 04:00:00,4,,0.5
2023-03-16 05:00:00,5,,0.1
2023-03-16 06:00:00,6,,0.0
2023-03-16 07:00:00,7,,0.1
2023-03-16 08:00:00,8,,0.1
2023-03-16 09:00:00,9,,0.0
2023-03-16 10:00:00,10,133.9,0.1
2023-03-16 11:00:00,11,582.7,0.5
2023-03-16 12:00:00,12,1350.0,0.7
2023-03-16 13:00:00,13,2869.7,0.7
2023-03-16 14:00:00,14,2547.4,1.1
2023-03-16 15:00:00,15,3544.0,1.1
2023-03-16 16:00:00,16,3072.7,0.7
2023-03-16 17:00:00,17,2880.1,1.1
2023-03-16 18:00:00,18,3075.8,0.9
2023-03-16 19:00:00,19,1946.8,1.3
2023-03-16 20:00:00,20,1111.9,0.0
2023-03-16 21:00:00,21,288.8,1.2
2023-03-16 22:00:00,22,9.2,2.2
2023-03-16 23:00:00,23,,3.2
2023-03-17 00:00:00,0,,2.7
2023-03-17 01:00:00,1,,0.1
2023-03-17 02:00:00,2,,0.8
2023-03-17 03:00:00,3,,0.6
2023-03-17 04:00:00,4,,0.0
2023-03-17 05:00:00,5,,0.1
2023-03-17 06:00:00,6,,0.0
2023-03-17 07:00:00,7,,0.0
2023-03-17 08:00:00,8,,0.3
2023-03-17 09:00:00,9,,1.9
2023-03-17 10:00:00,10,81.1,0.3
2023-03-17 11:00:00,11,354.0,0.8
2023-03-17 12:00:00,12,490.2,0.5
2023-03-17 13:00:00,13,1219.2,1.2
2023-03-17 14:00:00,14,1538.4,2.1
2023-03-17 15:00:00,15,2163.5,1.8
2023-03-17 16:00:00,16,2942.3,3.0
2023-03-17 17:00:00,17,3637.6,3.6
2023-03-17 18:00:00,18,3013.6,3.3
2023-03-17 19:00:00,19,2231.0,2.0
2023-03-17 20:00:00,20,973.7,0.4
2023-03-17 21:00:00,21,278.0,1.9
2023-03-17 22:00:00,22,3.1,1.3
2023-03-17 23:00:00,23,,0.7
2023-03-18 00:00:00,0,,3.2
2023-03-18 01:00:00,1,0.9,2.3
2023-03-18 02:00:00,2,0.3,0.3
2023-03-18 03:00:00,3,,1.9
2023-03-18 04:00:00,4,0.1,2.5
2023-03-18 05:00:00,5,,0.6
2023-03-18 06:00:00,6,,1.1
2023-03-18 07:00:00,7,,2.6
2023-03-18 08:00:00,8,,0.7
2023-03-18 09:00:00,9,,1.5
2023-03-18 10:00:00,10,118.1,0.3
2023-03-18 11:00:00,11,547.2,0.1
2023-03-18 12:00:00,12,1560.3,1.3
2023-03-18 13:00:00,13,2496.0,0.3
2023-03-18 14:00:00,14,2950.0,0.6
2023-03-18 15:00:00,15,2882.9,0.8
2023-03-18 16:00:00,16,2510.5,0.5
2023-03-18 17:00:00,17,2729.3,1.0
2023-03-18 18:00:00,18,1976.2,2.0
2023-03-18 19:00:00,19,1963.8,1.5
2023-03-18 20:00:00,20,710.5,0.7
2023-03-18 21:00:00,21,101.3,0.2
2023-03-18 22:00:00,22,,0.8
2023-03-18 23:00:00,23,,0.3
2023-03-19 00:00:00,0,,0.1
2023-03-19 01:00:00,1,,1.4
2023-03-19 02:00:00,2,,0.3
2023-03-19 03:00:00,3,,0.0
2023-03-19 04:00:00,4,,0.0
2023-03-19 05:00:00,5,,0.9
2023-03-19 06:00:00,6,,0.1
2023-03-19 07:00:00,7,,2.5
2023-03-19 08:00:00,8,,0.7
2023-03-19 09:00:00,9,,0.0
2023-03-19 10:00:00,10,123.0,0.0
2023-03-19 11:00:00,11,306.5,0.3
2023-03-19 12:00:00,12,706.6,0.2
2023-03-19 13:00:00,13,2324.6,0.6
2023-03-19 14:00:00,14,3000.4,1.6
2023-03-19 15:00:00,15,3393.7,1.5
2023-03-19 16:00:00,16,3015.4,1.4
2023-03-19 17:00:00,17,3600.6,1.5
2023-03-19 18:00:00,18,2096.6,2.7
2023-03-19 19:00:00,19,1934.7,2.7
2023-03-19 20:00:00,20,234.6,5.1
2023-03-19 21:00:00,21,104.9,2.5
2023-03-19 22:00:00,22,0.3,2.0
2023-03-19 23:00:00,23,,2.8
2023-03-20 00:00:00,0,,1.3
2023-03-20 01:00:00,1,,0.5
2023-03-20 02:00:00,2,,0.6
2023-03-20 03:00:00,3,,0.0
2023-03-20 04:00:00,4,,0.3
2023-03-20 05:00:00,5,,0.0
2023-03-20 06:00:00,6,,0.2
2023-03-20 07:00:00,7,,0.0
2023-03-20 08:00:00,8,,0.0
2023-03-20 09:00:00,9,,0.0
2023-03-20 10:00:00,10,129.6,0.0
2023-03-20 11:00:00,11,666.1,0.4
2023-03-20 12:00:00,12,1367.2,1.0
2023-03-20 13:00:00,13,1254.2,1.7
2023-03-20 14:00:00,14,1680.5,1.7
2023-03-20 15:00:00,15,2188.0,0.8
2023-03-20 16:00:00,16,3728.8,1.0
2023-03-20 17:00:00,17,3346.3,1.2
2023-03-20 18:00:00,18,2787.8,0.5
2023-03-20 19:00:00,19,1168.0,3.8
2023-03-20 20:00:00,20,695.3,1.4
2023-03-20 21:00:00,21,222.1,1.0
2023-03-20 22:00:00,22,8.5,0.0
2023-03-20 23:00:00,23,,0.0
2023-03-21 00:00:00,0,,0.8
2023-03-21 01:00:00,1,,0.6
2023-03-21 02:00:00,2,,0.4
2023-03-21 03:00:00,3,,1.1
2023-03-21 04:00:00,4,,0.0
2023-03-21 05:00:00,5,,0.5
2023-03-21 06:00:00,6,,0.0
2023-03-21 07:00:00,7,,0.3
2023-03-21 08:00:00,8,,1.6
2023-03-21 09:00:00,9,,0.7
2023-03-21 10:00:00,10,208.7,1.5
2023-03-21 11:00:00,11,972.5,0.7
2023-03-21 12:00:00,12,1280.9,2.0
2023-03-21 13:00:00,13,1898.1,2.5
2023-03-21 14:00:00,14,1117.8,1.7
2023-03-21 15:00:00,15,1046.4,0.5
2023-03-21 16:00:00,16,1104.2,2.7
2023-03-21 17:00:00,17,1821.1,1.9
2023-03-21 18:00:00,18,1476.0,3.2
2023-03-21 19:00:00,19,429.8,3.0
2023-03-21 20:00:00,20,223.4,1.9
2023-03-21 21:00:00,21,111.8,0.6
2023-03-21 22:00:00,22,3.4,0.0
2023-03-21 23:00:00,23,,0.0
2023-03-22 00:00:00,0,,0.0
2023-03-22 01:00:00,1,,0.5
2023-03-22 02:00:00,2,,0.4
2023-03-22 03:00:00,3,,0.4
2023-03-22 04:00:00,4,,1.0
2023-03-22 05:00:00,5,,0.7
2023-03-22 06:00:00,6,,1.3
2023-03-22 07:00:00,7,,0.2
2023-03-22 08:00:00,8,,0.5
2023-03-22 09:00:00,9,,0.1
2023-03-22 10:00:00,10,109.4,0.5
2023-03-22 11:00:00,11,463.3,0.7
2023-03-22 12:00:00,12,929.3,1.8
2023-03-22 13:00:00,13,1867.4,2.6
2023-03-22 14:00:00,14,2764.5,2.0
2023-03-22 15:00:00,15,3262.0,2.1
2023-03-22 16:00:00,16,3523.7,2.3
2023-03-22 17:00:00,17,2895.1,1.4
2023-03-22 18:00:00,18,2563.2,1.4
2023-03-22 19:00:00,19,1987.0,2.6
2023-03-22 20:00:00,20,751.4,1.6
2023-03-22 21:00:00,21,279.7,0.5
2023-03-22 22:00:00,22,4.7,0.0
2023-03-22 23:00:00,23,,0.0
2023-03-23 00:00:00,0,,1.1
2023-03-23 01:00:00,1,,0.0
2023-03-23 02:00:00,2,,0.0
2023-03-23 03:00:00,3,,0.1
2023-03-23 04:00:00,4,,0.0
2023-03-23 05:00:00,5,,0.3
2023-03-23 06:00:00,6,,0.0
2023-03-23 07:00:00,7,,0.0
2023-03-23 08:00:00,8,,0.2
2023-03-23 09:00:00,9,,0.0
2023-03-23 10:00:00,10,96.0,0.1
2023-03-23 11:00:00,11,430.2,0.7
2023-03-23 12:00:00,12,1140.8,2.0
2023-03-23 13:00:00,13,1738.1,2.8
2023-03-23 14:00:00,14,1907.2,2.5
2023-03-23 15:00:00,15,2557.4,3.3
2023-03-23 16:00:00,16,2665.8,2.3
2023-03-23 17:00:00,17,1778.2,1.7
2023-03-23 18:00:00,18,3035.3,2.9
2023-03-23 19:00:00,19,1433.2,3.1
2023-03-23 20:00:00,20,550.1,0.3
2023-03-23 21:00:00,21,139.4,0.5
2023-03-23 22:00:00,22,1.8,0.3
2023-03-23 23:00:00,23,,0.1
2023-03-24 00:00:00,0,,0.8
2023-03-24 01:00:00,1,,0.1
2023-03-24 02:00:00,2,,0.4
2023-03-24 03:00:00,3,,1.0
2023-03-24 04:00:00,4,,0.9
2023-03-24 05:00:00,5,,0.0
2023-03-24 06:00:00,6,,0.0
2023-03-24 07:00:00,7,,0.0
2023-03-24 08:00:00,8,,0.0
2023-03-24 09:00:00,9,,0.0
2023-03-24 10:00:00,10,145.0,1.5
2023-03-24 11:00:00,11,744.8,0.8
2023-03-24 12:00:00,12,1377.5,2.1
2023-03-24 13:00:00,13,2037.2,4.3
2023-03-24 14:00:00,14,3278.6,4.1
2023-03-24 15:00:00,15,3087.5,2.9
2023-03-24 16:00:00,16,3064.0,3.3
2023-03-24 17:00:00,17,2850.3,2.3
2023-03-24 18:00:00,18,2618.0,2.4
2023-03-24 19:00:00,19,1318.2,1.7
2023-03-24 20:00:00,20,619.8,0.4
2023-03-24 21:00:00,21,185.2,0.6
2023-03-24 22:00:00,22,0.0,0.4
2023-03-24 23:00:00,23,,0.8
2023-03-25 00:00:00,0,,1.1
2023-03-25 01:00:00,1,,0.2
2023-03-25 02:00:00,2,,0.0
2023-03-25 03:00:00,3,,0.0
2023-03-25 04:00:00,4,,0.0
2023-03-25 05:00:00,5,,0.0
2023-03-25 06:00:00,6,,0.0
2023-03-25 07:00:00,7,,0.0
2023-03-25 08:00:00,8,,0.0
2023-03-25 09:00:00,9,,0.0
2023-03-25 10:00:00,10,135.5,0.0
2023-03-25 11:00:00,11,896.9,0.0
2023-03-25 12:00:00,12,1807.8,0.3
2023-03-25 13:00:00,13,2707.6,0.4
2023-03-25 14:00:00,14,2860.3,1.5
2023-03-25 15:00:00,15,3663.7,2.3
2023-03-25 16:00:00,16,3215.8,2.2
2023-03-25 17:00:00,17,3514.8,2.4
2023-03-25 18:00:00,18,3018.1,2.3
2023-03-25 19:00:00,19,2266.8,2.2
2023-03-25 20:00:00,20,1174.0,1.5
2023-03-25 21:00:00,21,152.2,0.6
2023-03-25 22:00:00,22,,0.6
2023-03-25 23:00:00,23,,0.3
2023-03-26 00:00:00,0,,0.5
2023-03-26 01:00:00,1,,0.8
2023-03-26 02:00:00,2,,0.1
2023-03-26 03:00:00,3,,0.0
2023-03-26 04:00:00,4,,0.0
2023-03-26 05:00:00,5,,0.0
2023-03-26 06:00:00,6,,0.6
2023-03-26 07:00:00,7,,0.4
2023-03-26 08:00:00,8,,0.0
2023-03-26 09:00:00,9,,0.0
2023-03-26 10:00:00,10,172.6,0.0
2023-03-26 11:00:00,11,731.0,0.0
2023-03-26 12:00:00,12,1390.5,0.3
2023-03-26 13:00:00,13,2352.4,1.2
2023-03-26 14:00:00,14,2997.7,0.9
2023-03-26 15:00:00,15,3145.0,0.8
2023-03-26 16:00:00,16,3020.1,1.6
2023-03-26 17:00:00,17,3439.1,1.1
2023-03-26 18:00:00,18,631.9,1.4
2023-03-26 19:00:00,19,974.7,1.4
2023-03-26 20:00:00,20,578.8,0.0
2023-03-26 21:00:00,21,195.4,1.2
2023-03-26 22:00:00,22,1.0,0.0
2023-03-26 23:00:00,23,,0.8
2023-03-27 00:00:00,0,,0.0
2023-03-27 01:00:00,1,,0.0
2023-03-27 02:00:00,2,,0.0
2023-03-27 03:00:00,3,,0.2
2023-03-27 04:00:00,4,,0.0
2023-03-27 05:00:00,5,,0.6
2023-03-27 06:00:00,6,,0.0
2023-03-27 07:00:00,7,,0.0
2023-03-27 08:00:00,8,,0.1
2023-03-27 09:00:00,9,,0.0
2023-03-27 10:00:00,10,114.7,0.1
2023-03-27 11:00:00,11,499.5,0.0
2023-03-27 12:00:00,12,874.1,0.6
2023-03-27 13:00:00,13,1129.6,0.5
2023-03-27 14:00:00,14,1071.1,1.2
2023-03-27 15:00:00,15,1140.2,0.9
2023-03-27 16:00:00,16,1483.7,2.5
2023-03-27 17:00:00,17,1312.7,3.1
2023-03-27 18:00:00,18,1077.3,0.5
2023-03-27 19:00:00,19,876.9,2.1
2023-03-27 20:00:00,20,580.6,0.9
2023-03-27 21:00:00,21,175.1,0.2
2023-03-27 22:00:00,22,0.2,0.0
2023-03-27 23:00:00,23,,0.0
2023-03-28 00:00:00,0,,0.0
2023-03-28 01:00:00,1,,0.9
2023-03-28 02:00:00,2,,1.3
2023-03-28 03:00:00,3,,0.9
2023-03-28 04:00:00,4,,1.3
2023-03-28 05:00:00,5,,0.0
2023-03-28 06:00:00,6,,1.6
2023-03-28 07:00:00,7,,0.6
2023-03-28 08:00:00,8,,0.7
2023-03-28 09:00:00,9,,0.5
2023-03-28 10:00:00,10,109.9,1.4
2023-03-28 11:00:00,11,959.1,2.6
2023-03-28 12:00:00,12,1821.4,1.5
2023-03-28 13:00:00,13,2587.8,1.7
2023-03-28 14:00:00,14,2607.7,2.3
2023-03-28 15:00:00,15,3374.5,2.8
2023-03-28 16:00:00,16,2101.4,1.9
2023-03-28 17:00:00,17,1235.6,1.0
2023-03-28 18:00:00,18,1723.2,4.5
2023-03-28 19:00:00,19,1891.9,1.8
2023-03-28 20:00:00,20,464.8,1.2
2023-03-28 21:00:00,21,88.3,1.9
2023-03-28 22:00:00,22,,0.3
2023-03-28 23:00:00,23,,1.6
2023-03-29 00:00:00,0,,0.0
2023-03-29 01:00:00,1,,0.0
2023-03-29 02:00:00,2,,0.1
2023-03-29 03:00:00,3,,0.0
2023-03-29 04:00:00,4,,0.0
2023-03-29 05:00:00,5,,0.0
2023-03-29 06:00:00,6,,0.0
2023-03-29 07:00:00,7,,0.0
2023-03-29 08:00:00,8,,0.1
2023-03-29 09:00:00,9,,0.1
2023-03-29 10:00:00,10,120.8,0.0
2023-03-29 11:00:00,11,791.4,0.0
2023-03-29 12:00:00,12,1169.9,0.5
2023-03-29 13:00:00,13,1798.1,1.7
2023-03-29 14:00:00,14,2996.6,2.5
2023-03-29 15:00:00,15,3099.9,3.3
2023-03-29 16:00:00,16,3036.5,3.0
2023-03-29 17:00:00,17,2354.3,2.2
2023-03-29 18:00:00,18,1579.9,1.1
2023-03-29 19:00:00,19,1503.4,1.9
2023-03-29 20:00:00,20,1027.3,1.1
2023-03-29 21:00:00,21,363.2,0.1
2023-03-29 22:00:00,22,0.6,0.7
2023-03-29 23:00:00,23,,0.9
2023-03-30 00:00:00,0,,1.3
2023-03-30 01:00:00,1,,1.3
2023-03-30 02:00:00,2,,0.0
2023-03-30 03:00:00,3,,0.5
2023-03-30 04:00:00,4,,0.0
2023-03-30 05:00:00,5,,0.8
2023-03-30 06:00:00,6,,0.6
2023-03-30 07:00:00,7,,0.0
2023-03-30 08:00:00,8,,0.0
2023-03-30 09:00:00,9,,0.1
2023-03-30 10:00:00,10,104.4,0.0
2023-03-30 11:00:00,11,352.6,0.0
2023-03-30 12:00:00,12,921.5,0.1
2023-03-30 13:00:00,13,1920.2,1.0
2023-03-30 14:00:00,14,2631.7,1.0
2023-03-30 15:00:00,15,3031.3,2.8
2023-03-30 16:00:00,16,3586.4,3.0
2023-03-30 17:00:00,17,3355.1,2.4
2023-03-30 18:00:00,18,2864.4,3.8
2023-03-30 19:00:00,19,2110.4,2.6
2023-03-30 20:00:00,20,1097.2,1.3
2023-03-30 21:00:00,21,304.0,0.4
2023-03-30 22:00:00,22,0.9,0.3
2023-03-30 23:00:00,23,,0.0
2023-03-31 00:00:00,0,,0.0
2023-03-31 01:00:00,1,,0.1
2023-03-31 02:00:00,2,,0.7
2023-03-31 03:00:00,3,,1.2
2023-03-31 04:00:00,4,,0.0
2023-03-31 05:00:00,5,,0.1
2023-03-31 06:00:00,6,,0.6
2023-03-31 07:00:00,7,,0.1
2023-03-31 08:00:00,8,,0.0
2023-03-31 09:00:00,9,,0.0
2023-03-31 10:00:00,10,118.3,0.2
2023-03-31 11:00:00,11,747.4,1.8
2023-03-31 12:00:00,12,1282.1,2.7
2023-03-31 13:00:00,13,1762.7,2.8
2023-03-31 14:00:00,14,3310.2,4.0
2023-03-31 15:00:00,15,2628.3,3.0
2023-03-31 16:00:00,16,3184.1,4.0
2023-03-31 17:00:00,17,2801.6,3.1
2023-03-31 18:00:00,18,2690.6,3.6
2023-03-31 19:00:00,19,1837.7,2.5
2023-03-31 20:00:00,20,1044.4,2.1
2023-03-31 21:00:00,21,227.2,0.2
2023-03-31 22:00:00,22,,1.2
2023-03-31 23:00:00,23,,1.0
2023-04-01 00:00:00,0,,0.2
2023-04-01 01:00:00,1,,0.0
2023-04-01 02:00:00,2,,0.0
2023-04-01 03:00:00,3,,0.0
2023-04-01 04:00:00,4,,0.1
2023-04-01 05:00:00,5,,0.0
2023-04-01 06:00:00,6,,0.0
2023-04-01 07:00:00,7,,1.0
2023-04-01 08:00:00,8,,0.0
2023-04-01 09:00:00,9,,0.0
2023-04-01 10:00:00,10,147.6,0.0
2023-04-01 11:00:00,11,707.2,1.2
2023-04-01 12:00:00,12,1517.7,1.6
2023-04-01 13:00:00,13,2049.7,1.6
2023-04-01 14:00:00,14,3030.2,1.5
2023-04-01 15:00:00,15,3347.4,1.8
2023-04-01 16:00:00,16,3410.4,1.0
2023-04-01 17:00:00,17,2302.1,1.3
2023-04-01 18:00:00,18,3275.6,1.2
2023-04-01 19:00:00,19,1748.3,1.0
2023-04-01 20:00:00,20,1516.4,0.8
2023-04-01 21:00:00,21,147.7,0.1
2023-04-01 22:00:00,22,,0.2
2023-04-01 23:00:00,23,,0.0
2023-04-02 00:00:00,0,,0.2
2023-04-02 01:00:00,1,,1.3
2023-04-02 02:00:00,2,,0.5
2023-04-02 03:00:00,3,,0.0
2023-04-02 04:00:00,4,,0.0
2023-04-02 05:00:00,5,,0.0
2023-04-02 06:00:00,6,,0.0
2023-04-02 07:00:00,7,,0.1
2023-04-02 08:00:00,8,,0.2
2023-04-02 09:00:00,9,,0.1
2023-04-02 10:00:00,10,125.2,0.0
2023-04-02 11:00:00,11,1029.4,0.6
2023-04-02 12:00:00,12,1990.5,0.6
2023-04-02 13:00:00,13,2535.9,1.4
2023-04-02 14:00:00,14,2539.6,0.6
2023-04-02 15:00:00,15,2795.2,1.0
2023-04-02 16:00:00,16,2628.0,1.8
2023-04-02 17:00:00,17,2959.5,0.6
2023-04-02 18:00:00,18,1926.3,1.3
2023-04-02 19:00:00,19,1466.8,2.8
2023-04-02 20:00:00,20,1027.4,2.5
2023-04-02 21:00:00,21,288.7,0.6
2023-04-02 22:00:00,22,,0.8
2023-04-02 23:00:00,23,,0.9
2023-04-03 00:00:00,0,,0.5
2023-04-03 01:00:00,1,,0.9
2023-04-03 02:00:00,2,,0.5
2023-04-03 03:00:00,3,,2.4
2023-04-03 04:00:00,4,,0.8
2023-04-03 05:00:00,5,,0.5
2023-04-03 06:00:00,6,,0.8
2023-04-03 07:00:00,7,0.9,2.3
2023-04-03 08:00:00,8,,1.9
2023-04-03 09:00:00,9,,0.6
2023-04-03 10:00:00,10,14.1,0.1
2023-04-03 11:00:00,11,309.5,1.5
2023-04-03 12:00:00,12,630.5,2.9
2023-04-03 13:00:00,13,428.7,1.9
2023-04-03 14:00:00,14,917.9,1.5
2023-04-03 15:00:00,15,1390.5,1.6
2023-04-03 16:00:00,16,1719.6,0.5
2023-04-03 17:00:00,17,1551.1,0.3
2023-04-03 18:00:00,18,1290.9,0.3
2023-04-03 19:00:00,19,686.8,0.2
2023-04-03 20:00:00,20,473.1,0.2
2023-04-03 21:00:00,21,110.6,0.8
2023-04-03 22:00:00,22,,0.2
2023-04-03 23:00:00,23,,0.0
2023-04-04 00:00:00,0,,0.1
2023-04-04 01:00:00,1,,0.1
2023-04-04 02:00:00,2,,0.8
2023-04-04 03:00:00,3,,1.7
2023-04-04 04:00:00,4,,0.7
2023-04-04 05:00:00,5,,0.1
2023-04-04 06:00:00,6,,0.3
2023-04-04 07:00:00,7,,0.6
2023-04-04 08:00:00,8,,0.0
2023-04-04 09:00:00,9,,0.0
2023-04-04 10:00:00,10,95.9,0.0
2023-04-04 11:00:00,11,633.4,0.3
2023-04-04 12:00:00,12,1611.9,1.1
2023-04-04 13:00:00,13,2112.5,1.6
2023-04-04 14:00:00,14,2896.0,1.7
2023-04-04 15:00:00,15,3478.1,1.2
2023-04-04 16:00:00,16,3392.4,0.8
2023-04-04 17:00:00,17,2957.7,0.7
2023-04-04 18:00:00,18,2374.3,0.9
2023-04-04 19:00:00,19,1654.7,0.3
2023-04-04 20:00:00,20,1384.5,0.6
2023-04-04 21:00:00,21,488.7,1.4
2023-04-04 22:00:00,22,1.4,3.5
2023-04-04 23:00:00,23,,0.0
2023-04-05 00:00:00,0,,0.1
2023-04-05 01:00:00,1,,0.0
2023-04-05 02:00:00,2,,0.0
2023-04-05 03:00:00,3,,0.0
2023-04-05 04:00:00,4,,0.9
2023-04-05 05:00:00,5,,0.0
2023-04-05 06:00:00,6,,0.7
2023-04-05 07:00:00,7,,0.1
2023-04-05 08:00:00,8,,0.2
2023-04-05 09:00:00,9,,0.8
2023-04-05 10:00:00,10,95.9,0.0
2023-04-05 11:00:00,11,746.6,0.3
2023-04-05 12:00:00,12,1455.6,0.5
2023-04-05 13:00:00,13,2187.0,1.1
2023-04-05 14:00:00,14,2676.8,1.1
2023-04-05 15:00:00,15,2867.8,1.0
2023-04-05 16:00:00,16,3341.9,1.6
2023-04-05 17:00:00,17,1090.0,3.0
2023-04-05 18:00:00,18,569.3,2.1
2023-04-05 19:00:00,19,224.0,1.0
2023-04-05 20:00:00,20,177.3,0.5
2023-04-05 21:00:00,21,46.4,0.6
2023-04-05 22:00:00,22,,0.6
2023-04-05 23:00:00,23,,0.2
2023-04-06 00:00:00,0,,0.0
2023-04-06 01:00:00,1,,0.0
2023-04-06 02:00:00,2,,0.6
2023-04-06 03:00:00,3,,0.0
2023-04-06 04:00:00,4,,0.6
2023-04-06 05:00:00,5,,0.1
2023-04-06 06:00:00,6,,0.8
2023-04-06 07:00:00,7,,0.0
2023-04-06 08:00:00,8,,0.3
2023-04-06 09:00:00,9,,0.2
2023-04-06 10:00:00,10,134.3,0.7
2023-04-06 11:00:00,11,873.3,0.7
2023-04-06 12:00:00,12,1160.9,0.9
2023-04-06 13:00:00,13,1568.1,1.2
2023-04-06 14:00:00,14,1999.8,1.3
2023-04-06 15:00:00,15,2846.8,0.6
2023-04-06 16:00:00,16,2223.6,0.6
2023-04-06 17:00:00,17,2999.1,2.1
2023-04-06 18:00:00,18,1249.3,2.8
2023-04-06 19:00:00,19,466.9,1.7
2023-04-06 20:00:00,20,30.6,1.7
2023-04-06 21:00:00,21,2.3,1.3
2023-04-06 22:00:00,22,,1.2
2023-04-06 23:00:00,23,,0.0
2023-04-07 00:00:00,0,,0.7
2023-04-07 01:00:00,1,,0.2
2023-04-07 02:00:00,2,,1.0
2023-04-07 03:00:00,3,,0.0
2023-04-07 04:00:00,4,,0.0
2023-04-07 05:00:00,5,,0.1
2023-04-07 06:00:00,6,,0.0
2023-04-07 07:00:00,7,,0.0
2023-04-07 08:00:00,8,,0.0
2023-04-07 09:00:00,9,,1.1
2023-04-07 10:00:00,10,136.3,0.0
2023-04-07 11:00:00,11,918.7,0.3
2023-04-07 12:00:00,12,1582.3,1.3
2023-04-07 13:00:00,13,2225.6,1.1
2023-04-07 14:00:00,14,2444.4,0.9
2023-04-07 15:00:00,15,2835.2,2.5
2023-04-07 16:00:00,16,3083.2,2.3
2023-04-07 17:00:00,17,2823.6,2.9
2023-04-07 18:00:00,18,2814.0,2.2
2023-04-07 19:00:00,19,1968.0,1.9
2023-04-07 20:00:00,20,1029.3,1.5
2023-04-07 21:00:00,21,180.4,0.3
2023-04-07 22:00:00,22,,1.2
2023-04-07 23:00:00,23,,0.6
2023-04-08 00:00:00,0,,0.6
2023-04-08 01:00:00,1,,0.0
2023-04-08 02:00:00,2,,0.0
2023-04-08 03:00:00,3,,0.0
2023-04-08 04:00:00,4,,0.3
2023-04-08 05:00:00,5,,0.4
2023-04-08 06:00:00,6,,0.1
2023-04-08 07:00:00,7,,0.0
2023-04-08 08:00:00,8,,0.0
2023-04-08 09:00:00,9,,0.0
2023-04-08 10:00:00,10,137.6,0.0
2023-04-08 11:00:00,11,1001.0,1.1
2023-04-08 12:00:00,12,1595.6,1.1
2023-04-08 13:00:00,13,1667.1,0.5
2023-04-08 14:00:00,14,2097.3,1.0
2023-04-08 15:00:00,15,2855.4,0.6
2023-04-08 16:00:00,16,3238.6,1.2
2023-04-08 17:00:00,17,1280.0,1.7
2023-04-08 18:00:00,18,719.8,2.1
2023-04-08 19:00:00,19,472.8,3.1
2023-04-08 20:00:00,20,23.3,0.6
2023-04-08 21:00:00,21,16.6,0.3
2023-04-08 22:00:00,22,,0.6
2023-04-08 23:00:00,23,,0.0
2023-04-09 00:00:00,0,,0.3
2023-04-09 01:00:00,1,,0.2
2023-04-09 02:00:00,2,,0.0
2023-04-09 03:00:00,3,,0.1
2023-04-09 04:00:00,4,,0.0
2023-04-09 05:00:00,5,,0.0
2023-04-09 06:00:00,6,,0.0
2023-04-09 07:00:00,7,,0.5
2023-04-09 08:00:00,8,,0.0
2023-04-09 09:00:00,9,,0.2
2023-04-09 10:00:00,10,99.7,0.7
2023-04-09 11:00:00,11,541.7,0.6
2023-04-09 12:00:00,12,1159.8,0.8
2023-04-09 13:00:00,13,1737.8,0.8
2023-04-09 14:00:00,14,2551.8,1.6
2023-04-09 15:00:00,15,2698.4,1.6
2023-04-09 16:00:00,16,2711.8,2.4
2023-04-09 17:00:00,17,2882.0,1.0
2023-04-09 18:00:00,18,192.9,1.8
2023-04-09 19:00:00,19,185.3,2.1
2023-04-09 20:00:00,20,228.9,0.8
2023-04-09 21:00:00,21,20.2,1.3
2023-04-09 22:00:00,22,,0.5
2023-04-09 23:00:00,23,,0.0
2023-04-10 00:00:00,0,,0.0
2023-04-10 01:00:00,1,,0.1
2023-04-10 02:00:00,2,,0.0
2023-04-10 03:00:00,3,,0.0
2023-04-10 04:00:00,4,,0.7
2023-04-10 05:00:00,5,,0.0
2023-04-10 06:00:00,6,,1.1
2023-04-10 07:00:00,7,,0.1
2023-04-10 08:00:00,8,,0.3
2023-04-10 09:00:00,9,,0.1
2023-04-10 10:00:00,10,134.7,0.2
2023-04-10 11:00:00,11,748.3,0.1
2023-04-10 12:00:00,12,1736.9,0.7
2023-04-10 13:00:00,13,2413.4,1.2
2023-04-10 14:00:00,14,2975.2,0.6
2023-04-10 15:00:00,15,2490.2,1.3
2023-04-10 16:00:00,16,2779.6,2.2
2023-04-10 17:00:00,17,1707.8,4.9
2023-04-10 18:00:00,18,1521.9,1.6
2023-04-10 19:00:00,19,1997.0,2.0
2023-04-10 20:00:00,20,938.3,1.9
2023-04-10 21:00:00,21,163.0,0.5
2023-04-10 22:00:00,22,,0.0
2023-04-10 23:00:00,23,,0.5
2023-04-11 00:00:00,0,,0.1
2023-04-11 01:00:00,1,,0.0
2023-04-11 02:00:00,2,,1.1
2023-04-11 03:00:00,3,,1.0
2023-04-11 04:00:00,4,,0.0
2023-04-11 05:00:00,5,,0.0
2023-04-11 06:00:00,6,,0.0
2023-04-11 07:00:00,7,,0.0
2023-04-11 08:00:00,8,,0.0
2023-04-11 09:00:00,9,0.0,0.0
2023-04-11 10:00:00,10,123.7,0.2
2023-04-11 11:00:00,11,768.2,0.5
2023-04-11 12:00:00,12,1812.5,0.7
2023-04-11 13:00:00,13,2371.7,0.3
2023-04-11 14:00:00,14,2443.0,1.1
2023-04-11 15:00:00,15,2941.6,1.5
2023-04-11 16:00:00,16,2961.9,1.4
2023-04-11 17:00:00,17,2200.7,1.1
2023-04-11 18:00:00,18,2579.6,5.0
2023-04-11 19:00:00,19,2215.9,2.8
2023-04-11 20:00:00,20,1207.4,3.8
2023-04-11 21:00:00,21,173.0,1.7
2023-04-11 22:00:00,22,,1.1
2023-04-11 23:00:00,23,,0.4
2023-04-12 00:00:00,0,,1.1
2023-04-12 01:00:00,1,,0.4
2023-04-12 02:00:00,2,,0.0
2023-04-12 03:00:00,3,,0.4
2023-04-12 04:00:00,4,,1.0
2023-04-12 05:00:00,5,,1.3
2023-04-12 06:00:00,6,,0.1
2023-04-12 07:00:00,7,,0.3
2023-04-12 08:00:00,8,,0.6
2023-04-12 09:00:00,9,,0.0
2023-04-12 10:00:00,10,84.7,1.2
2023-04-12 11:00:00,11,1064.4,1.4
2023-04-12 12:00:00,12,1742.9,1.4
2023-04-12 13:00:00,13,2587.1,1.1
2023-04-12 14:00:00,14,2719.3,1.9
2023-04-12 15:00:00,15,2422.6,2.8
2023-04-12 16:00:00,16,2875.2,3.6
2023-04-12 17:00:00,17,2923.6,3.3
2023-04-12 18:00:00,18,2408.4,4.0
2023-04-12 19:00:00,19,2016.4,2.6
2023-04-12 20:00:00,20,1127.7,1.7
2023-04-12 21:00:00,21,278.7,0.9
2023-04-12 22:00:00,22,,0.5
2023-04-12 23:00:00,23,,0.5
2023-04-13 00:00:00,0,,0.5
2023-04-13 01:00:00,1,,0.0
2023-04-13 02:00:00,2,,0.0
2023-04-13 03:00:00,3,,1.3
2023-04-13 04:00:00,4,,0.0
2023-04-13 05:00:00,5,,0.0
2023-04-13 06:00:00,6,,0.1
2023-04-13 07:00:00,7,,0.0
2023-04-13 08:00:00,8,,0.0
2023-04-13 09:00:00,9,,0.0
2023-04-13 10:00:00,10,91.1,0.0
2023-04-13 11:00:00,11,978.0,0.2
2023-04-13 12:00:00,12,1746.1,0.5
2023-04-13 13:00:00,13,2401.8,0.8
2023-04-13 14:00:00,14,3209.4,2.5
2023-04-13 15:00:00,15,3305.4,2.6
2023-04-13 16:00:00,16,2968.0,3.9
2023-04-13 17:00:00,17,3568.0,2.3
2023-04-13 18:00:00,18,1694.1,1.9
2023-04-13 19:00:00,19,887.9,1.4
2023-04-13 20:00:00,20,472.1,1.3
2023-04-13 21:00:00,21,132.3,0.4
2023-04-13 22:00:00,22,,0.1
2023-04-13 23:00:00,23,,0.2
2023-04-14 00:00:00,0,,0.0
2023-04-14 01:00:00,1,,0.2
2023-04-14 02:00:00,2,,0.3
2023-04-14 03:00:00,3,,0.0
2023-04-14 04:00:00,4,,0.0
2023-04-14 05:00:00,5,,0.1
2023-04-14 06:00:00,6,,0.0
2023-04-14 07:00:00,7,,0.0
2023-04-14 08:00:00,8,,0.0
2023-04-14 09:00:00,9,,0.0
2023-04-14 10:00:00,10,96.4,0.3
2023-04-14 11:00:00,11,850.9,0.6
2023-04-14 12:00:00,12,1710.8,0.2
2023-04-14 13:00:00,13,2139.2,0.8
2023-04-14 14:00:00,14,1887.2,1.3
2023-04-14 15:00:00,15,1862.6,0.9
2023-04-14 16:00:00,16,2402.6,1.4
2023-04-14 17:00:00,17,1318.2,1.3
2023-04-14 18:00:00,18,2362.3,1.4
2023-04-14 19:00:00,19,1505.1,1.8
2023-04-14 20:00:00,20,959.5,1.7
2023-04-14 21:00:00,21,233.5,1.3
2023-04-14 22:00:00,22,,0.8
2023-04-14 23:00:00,23,,0.6
2023-04-15 00:00:00,0,,0.2
2023-04-15 01:00:00,1,,0.6
2023-04-15 02:00:00,2,,0.5
2023-04-15 03:00:00,3,,0.0
2023-04-15 04:00:00,4,,0.0
2023-04-15 05:00:00,5,,0.3
2023-04-15 06:00:00,6,,0.0
2023-04-15 07:00:00,7,,0.6
2023-04-15 08:00:00,8,,0.0
2023-04-15 09:00:00,9,,0.0
2023-04-15 10:00:00,10,80.4,0.1
2023-04-15 11:00:00,11,955.8,0.3
2023-04-15 12:00:00,12,1779.7,1.0
2023-04-15 13:00:00,13,2527.0,1.6
2023-04-15 14:00:00,14,2661.5,2.6
2023-04-15 15:00:00,15,3070.7,1.4
2023-04-15 16:00:00,16,2885.8,2.2
2023-04-15 17:00:00,17,3250.1,1.5
2023-04-15 18:00:00,18,2660.4,2.8
2023-04-15 19:00:00,19,1767.2,2.0
2023-04-15 20:00:00,20,1114.7,1.7
2023-04-15 21:00:00,21,246.1,1.8
2023-04-15 22:00:00,22,,0.4
2023-04-15 23:00:00,23,,0.3
2023-04-16 00:00:00,0,,1.0
2023-04-16 01:00:00,1,,0.0
2023-04-16 02:00:00,2,,0.8
2023-04-16 03:00:00,3,,0.0
2023-04-16 04:00:00,4,,0.6
2023-04-16 05:00:00,5,,0.0
2023-04-16 06:00:00,6,,0.0
2023-04-16 07:00:00,7,,0.2
2023-04-16 08:00:00,8,,0.0
2023-04-16 09:00:00,9,,0.0
2023-04-16 10:00:00,10,77.4,0.0
2023-04-16 11:00:00,11,609.1,1.5
2023-04-16 12:00:00,12,1656.2,2.3
2023-04-16 13:00:00,13,1927.3,2.1
2023-04-16 14:00:00,14,2478.5,1.7
2023-04-16 15:00:00,15,2665.2,1.6
2023-04-16 16:00:00,16,3017.7,2.3
2023-04-16 17:00:00,17,2513.1,0.1
2023-04-16 18:00:00,18,2611.3,1.0
2023-04-16 19:00:00,19,2040.6,1.7
2023-04-16 20:00:00,20,728.2,0.9
2023-04-16 21:00:00,21,208.4,0.0
2023-04-16 22:00:00,22,,0.2
2023-04-16 23:00:00,23,,0.2
2023-04-17 00:00:00,0,,0.2
2023-04-17 01:00:00,1,,0.3
2023-04-17 02:00:00,2,,0.3
2023-04-17 03:00:00,3,,0.0
2023-04-17 04:00:00,4,,0.0
2023-04-17 05:00:00,5,,0.8
2023-04-17 06:00:00,6,,0.2
2023-04-17 07:00:00,7,,0.1
2023-04-17 08:00:00,8,,0.0
2023-04-17 09:00:00,9,,0.2
2023-04-17 10:00:00,10,113.2,0.2
2023-04-17 11:00:00,11,855.4,0.8
2023-04-17 12:00:00,12,1217.0,0.9
2023-04-17 13:00:00,13,1806.5,0.4
2023-04-17 14:00:00,14,1665.3,0.6
2023-04-17 15:00:00,15,2332.7,1.0
2023-04-17 16:00:00,16,3159.2,0.8
2023-04-17 17:00:00,17,3229.7,1.9
2023-04-17 18:00:00,18,2718.7,1.7
2023-04-17 19:00:00,19,1669.9,2.3
2023-04-17 20:00:00,20,900.3,0.8
2023-04-17 21:00:00,21,99.9,1.3
2023-04-17 22:00:00,22,,0.7
2023-04-17 23:00:00,23,,0.5
2023-04-18 00:00:00,0,,0.9
2023-04-18 01:00:00,1,,0.1
2023-04-18 02:00:00,2,,0.2
2023-04-18 03:00:00,3,,0.8
2023-04-18 04:00:00,4,,0.0
2023-04-18 05:00:00,5,,0.0
2023-04-18 06:00:00,6,,0.0
2023-04-18 07:00:00,7,,0.0
2023-04-18 08:00:00,8,,0.0
2023-04-18 09:00:00,9,,0.0
2023-04-18 10:00:00,10,123.3,0.1
2023-04-18 11:00:00,11,845.0,0.9
2023-04-18 12:00:00,12,1275.2,1.9
2023-04-18 13:00:00,13,2015.6,1.4
2023-04-18 14:00:00,14,2476.3,1.8
2023-04-18 15:00:00,15,3154.5,1.7
2023-04-18 16:00:00,16,1518.0,7.6
2023-04-18 17:00:00,17,646.1,0.8
2023-04-18 18:00:00,18,1717.2,0.0
2023-04-18 19:00:00,19,1503.7,0.8
2023-04-18 20:00:00,20,437.3,0.7
2023-04-18 21:00:00,21,149.3,1.0
2023-04-18 22:00:00,22,,0.5
2023-04-18 23:00:00,23,,1.1
2023-04-19 00:00:00,0,,0.2
2023-04-19 01:00:00,1,,0.7
2023-04-19 02:00:00,2,,0.6
2023-04-19 03:00:00,3,,0.4
2023-04-19 04:00:00,4,,0.9
2023-04-19 05:00:00,5,,0.4
2023-04-19 06:00:00,6,,0.0
2023-04-19 07:00:00,7,,0.0
2023-04-19 08:00:00,8,,0.2
2023-04-19 09:00:00,9,,0.0
2023-04-19 10:00:00,10,81.5,0.5
2023-04-19 11:00:00,11,472.0,1.0
2023-04-19 12:00:00,12,999.5,0.1
2023-04-19 13:00:00,13,1754.6,0.8
2023-04-19 14:00:00,14,2591.3,1.6
2023-04-19 15:00:00,15,2671.8,1.3
2023-04-19 16:00:00,16,2295.8,1.4
2023-04-19 17:00:00,17,2493.4,2.2
2023-04-19 18:00:00,18,2023.5,1.0
2023-04-19 19:00:00,19,1612.7,0.7
2023-04-19 20:00:00,20,786.6,1.0
2023-04-19 21:00:00,21,203.0,0.0
2023-04-19 22:00:00,22,,0.0
2023-04-19 23:00:00,23,,0.0
2023-04-20 00:00:00,0,,0.1
2023-04-20 01:00:00,1,,0.4
2023-04-20 02:00:00,2,,0.2
2023-04-20 03:00:00,3,,0.0
2023-04-20 04:00:00,4,,0.0
2023-04-20 05:00:00,5,,0.4
2023-04-20 06:00:00,6,,0.0
2023-04-20 07:00:00,7,,0.2
2023-04-20 08:00:00,8,,1.1
2023-04-20 09:00:00,9,,0.2
2023-04-20 10:00:00,10,47.7,0.1
2023-04-20 11:00:00,11,457.0,0.9
2023-04-20 12:00:00,12,1111.6,0.1
2023-04-20 13:00:00,13,2229.1,0.8
2023-04-20 14:00:00,14,2936.0,1.4
2023-04-20 15:00:00,15,3616.9,1.1
2023-04-20 16:00:00,16,3645.0,0.9
2023-04-20 17:00:00,17,2303.1,1.5
2023-04-20 18:00:00,18,1938.6,1.7
2023-04-20 19:00:00,19,1853.1,1.4
2023-04-20 20:00:00,20,1109.6,1.0
2023-04-20 21:00:00,21,102.1,1.8
2023-04-20 22:00:00,22,,1.8
2023-04-20 23:00:00,23,,0.5
2023-04-21 00:00:00,0,,0.4
2023-04-21 01:00:00,1,,0.5
2023-04-21 02:00:00,2,,0.0
2023-04-21 03:00:00,3,,1.1
2023-04-21 04:00:00,4,,0.7
2023-04-21 05:00:00,5,,0.2
2023-04-21 06:00:00,6,,0.0
2023-04-21 07:00:00,7,,0.0
2023-04-21 08:00:00,8,,0.0
2023-04-21 09:00:00,9,,0.0
2023-04-21 10:00:00,10,109.9,0.4
2023-04-21 11:00:00,11,846.8,0.2
2023-04-21 12:00:00,12,1213.6,0.4
2023-04-21 13:00:00,13,2173.7,0.8
2023-04-21 14:00:00,14,2204.6,2.5
2023-04-21 15:00:00,15,2673.6,2.8
2023-04-21 16:00:00,16,2606.1,2.4
2023-04-21 17:00:00,17,2600.6,3.5
2023-04-21 18:00:00,18,2446.2,2.1
2023-04-21 19:00:00,19,1998.0,2.7
2023-04-21 20:00:00,20,1107.1,2.5
2023-04-21 21:00:00,21,291.4,1.2
2023-04-21 22:00:00,22,,0.8
2023-04-21 23:00:00,23,,0.1
2023-04-22 00:00:00,0,,0.4
2023-04-22 01:00:00,1,,0.0
2023-04-22 02:00:00,2,,0.2
2023-04-22 03:00:00,3,,0.0
2023-04-22 04:00:00,4,,0.0
2023-04-22 05:00:00,5,,0.5
2023-04-22 06:00:00,6,,0.0
2023-04-22 07:00:00,7,,0.8
2023-04-22 08:00:00,8,,0.0
2023-04-22 09:00:00,9,,0.0
2023-04-22 10:00:00,10,96.8,0.0
2023-04-22 11:00:00,11,517.1,0.1
2023-04-22 12:00:00,12,1557.0,1.0
2023-04-22 13:00:00,13,2455.7,5.2
2023-04-22 14:00:00,14,3096.3,5.8
2023-04-22 15:00:00,15,2799.6,4.0
2023-04-22 16:00:00,16,2845.5,4.0
2023-04-22 17:00:00,17,2886.9,3.5
2023-04-22 18:00:00,18,2404.1,3.5
2023-04-22 19:00:00,19,1825.0,3.6
2023-04-22 20:00:00,20,1045.8,2.7
2023-04-22 21:00:00,21,187.2,0.5
2023-04-22 22:00:00,22,,1.3
2023-04-22 23:00:00,23,,0.7
2023-04-23 00:00:00,0,,0.7
2023-04-23 01:00:00,1,,0.2
2023-04-23 02:00:00,2,,0.4
2023-04-23 03:00:00,3,,0.1
2023-04-23 04:00:00,4,,0.0
2023-04-23 05:00:00,5,,0.4
2023-04-23 06:00:00,6,,0.0
2023-04-23 07:00:00,7,,0.0
2023-04-23 08:00:00,8,,0.0
2023-04-23 09:00:00,9,,0.0
2023-04-23 10:00:00,10,153.4,0.1
2023-04-23 11:00:00,11,930.6,1.3
2023-04-23 12:00:00,12,1765.1,2.6
2023-04-23 13:00:00,13,2502.4,4.1
2023-04-23 14:00:00,14,3092.9,4.3
2023-04-23 15:00:00,15,3338.4,3.5
2023-04-23 16:00:00,16,3414.9,3.6
2023-04-23 17:00:00,17,2812.8,3.2
2023-04-23 18:00:00,18,2065.7,2.6
2023-04-23 19:00:00,19,1660.6,2.3
2023-04-23 20:00:00,20,1001.8,2.4
2023-04-23 21:00:00,21,222.9,0.9
2023-04-23 22:00:00,22,,1.0
2023-04-23 23:00:00,23,,0.9
2023-04-24 00:00:00,0,,1.1
2023-04-24 01:00:00,1,,1.0
2023-04-24 02:00:00,2,,0.5
2023-04-24 03:00:00,3,,0.9
2023-04-24 04:00:00,4,,1.4
2023-04-24 05:00:00,5,,0.3
2023-04-24 06:00:00,6,,0.0
2023-04-24 07:00:00,7,,0.4
2023-04-24 08:00:00,8,,1.1
2023-04-24 09:00:00,9,,0.0
2023-04-24 10:00:00,10,114.3,0.0
2023-04-24 11:00:00,11,982.9,0.1
2023-04-24 12:00:00,12,1823.0,2.9
2023-04-24 13:00:00,13,2506.4,2.8
2023-04-24 14:00:00,14,3143.4,3.6
2023-04-24 15:00:00,15,2658.1,3.5
2023-04-24 16:00:00,16,2556.2,2.5
2023-04-24 17:00:00,17,3069.5,3.4
2023-04-24 18:00:00,18,2212.1,2.2
2023-04-24 19:00:00,19,1534.0,1.9
2023-04-24 20:00:00,20,1119.2,2.7
2023-04-24 21:00:00,21,124.7,1.0
2023-04-24 22:00:00,22,,1.1
2023-04-24 23:00:00,23,,1.5
2023-04-25 00:00:00,0,,0.4
2023-04-25 01:00:00,1,,0.7
2023-04-25 02:00:00,2,,0.4
2023-04-25 03:00:00,3,,1.0
2023-04-25 04:00:00,4,,1.1
2023-04-25 05:00:00,5,,0.2
2023-04-25 06:00:00,6,,0.2
2023-04-25 07:00:00,7,,0.0
2023-04-25 08:00:00,8,,0.4
2023-04-25 09:00:00,9,,0.0
2023-04-25 10:00:00,10,113.6,0.0
2023-04-25 11:00:00,11,601.9,0.0
2023-04-25 12:00:00,12,1564.2,1.5
2023-04-25 13:00:00,13,2405.8,3.5
2023-04-25 14:00:00,14,3149.1,3.4
2023-04-25 15:00:00,15,2938.4,3.7
2023-04-25 16:00:00,16,2823.6,3.1
2023-04-25 17:00:00,17,1977.7,2.2
2023-04-25 18:00:00,18,1685.1,1.9
2023-04-25 19:00:00,19,1116.6,2.0
2023-04-25 20:00:00,20,655.7,1.1
2023-04-25 21:00:00,21,136.7,1.0
2023-04-25 22:00:00,22,,1.1
2023-04-25 23:00:00,23,,1.4
2023-04-26 00:00:00,0,,1.0
2023-04-26 01:00:00,1,,0.3
2023-04-26 02:00:00,2,,0.6
2023-04-26 03:00:00,3,,0.1
2023-04-26 04:00:00,4,,0.2
2023-04-26 05:00:00,5,,0.1
2023-04-26 06:00:00,6,,0.0
2023-04-26 07:00:00,7,,0.0
2023-04-26 08:00:00,8,,0.0
2023-04-26 09:00:00,9,,0.1
2023-04-26 10:00:00,10,140.5,0.0
2023-04-26 11:00:00,11,899.0,0.6
2023-04-26 12:00:00,12,1738.8,2.5
2023-04-26 13:00:00,13,2474.3,3.5
2023-04-26 14:00:00,14,3003.8,3.6
2023-04-26 15:00:00,15,3123.0,4.3
2023-04-26 16:00:00,16,3382.6,3.3
2023-04-26 17:00:00,17,3034.0,2.7
2023-04-26 18:00:00,18,1849.1,1.2
2023-04-26 19:00:00,19,1891.4,2.1
2023-04-26 20:00:00,20,1085.5,1.1
2023-04-26 21:00:00,21,232.2,0.5
2023-04-26 22:00:00,22,,0.0
2023-04-26 23:00:00,23,,0.0
2023-04-27 00:00:00,0,,1.2
2023-04-27 01:00:00,1,,0.2
2023-04-27 02:00:00,2,,0.1
2023-04-27 03:00:00,3,,0.0
2023-04-27 04:00:00,4,,0.0
2023-04-27 05:00:00,5,,1.8
2023-04-27 06:00:00,6,,0.0
2023-04-27 07:00:00,7,,0.0
2023-04-27 08:00:00,8,,0.0
2023-04-27 09:00:00,9,,0.0
2023-04-27 10:00:00,10,108.2,0.0
2023-04-27 11:00:00,11,462.1,0.2
2023-04-27 12:00:00,12,825.5,0.0
2023-04-27 13:00:00,13,2423.2,1.0
2023-04-27 14:00:00,14,2604.3,1.2
2023-04-27 15:00:00,15,2406.6,2.3
2023-04-27 16:00:00,16,2387.5,1.8
2023-04-27 17:00:00,17,2862.7,1.0
2023-04-27 18:00:00,18,2044.3,1.6
2023-04-27 19:00:00,19,1543.5,1.4
2023-04-27 20:00:00,20,948.9,1.1
2023-04-27 21:00:00,21,160.8,1.2
2023-04-27 22:00:00,22,,0.8
2023-04-27 23:00:00,23,,0.5
2023-04-28 00:00:00,0,,0.3
2023-04-28 01:00:00,1,,0.3
2023-04-28 02:00:00,2,,0.0
2023-04-28 03:00:00,3,,0.0
2023-04-28 04:00:00,4,,0.0
2023-04-28 05:00:00,5,,0.0
2023-04-28 06:00:00,6,,0.0
2023-04-28 07:00:00,7,,0.2
2023-04-28 08:00:00,8,,0.0
2023-04-28 09:00:00,9,,1.4
2023-04-28 10:00:00,10,99.3,0.3
2023-04-28 11:00:00,11,736.7,0.6
2023-04-28 12:00:00,12,1399.9,1.6
2023-04-28 13:00:00,13,2307.9,0.8
2023-04-28 14:00:00,14,2478.6,1.0
2023-04-28 15:00:00,15,2712.7,0.9
2023-04-28 16:00:00,16,3383.2,1.4
2023-04-28 17:00:00,17,3134.9,0.6
2023-04-28 18:00:00,18,2033.7,1.3
2023-04-28 19:00:00,19,1593.0,0.5
2023-04-28 20:00:00,20,424.4,0.0
2023-04-28 21:00:00,21,100.3,0.9
2023-04-28 22:00:00,22,,0.3
2023-04-28 23:00:00,23,,1.3
2023-04-29 00:00:00,0,,1.6
2023-04-29 01:00:00,1,,0.9
2023-04-29 02:00:00,2,,0.1
2023-04-29 03:00:00,3,,0.4
2023-04-29 04:00:00,4,,0.1
2023-04-29 05:00:00,5,,0.3
2023-04-29 06:00:00,6,,0.2
2023-04-29 07:00:00,7,,0.2
2023-04-29 08:00:00,8,,0.5
2023-04-29 09:00:00,9,,0.8
2023-04-29 10:00:00,10,104.0,0.6
2023-04-29 11:00:00,11,554.7,0.8
2023-04-29 12:00:00,12,1624.1,3.0
2023-04-29 13:00:00,13,2146.0,3.0
2023-04-29 14:00:00,14,2332.1,3.0
2023-04-29 15:00:00,15,2036.6,1.6
2023-04-29 16:00:00,16,2702.8,3.1
2023-04-29 17:00:00,17,2419.3,2.6
2023-04-29 18:00:00,18,1575.3,2.3
2023-04-29 19:00:00,19,1707.3,3.1
2023-04-29 20:00:00,20,565.3,1.1
2023-04-29 21:00:00,21,97.3,0.3
2023-04-29 22:00:00,22,,0.0
2023-04-29 23:00:00,23,,1.0
2023-04-30 00:00:00,0,,0.0
2023-04-30 01:00:00,1,,0.0
2023-04-30 02:00:00,2,,0.0
2023-04-30 03:00:00,3,,0.0
2023-04-30 04:00:00,4,,0.0
2023-04-30 05:00:00,5,,0.0
2023-04-30 06:00:00,6,,0.1
2023-04-30 07:00:00,7,,0.1
2023-04-30 08:00:00,8,,0.0
2023-04-30 09:00:00,9,,0.0
2023-04-30 10:00:00,10,109.5,0.0
2023-04-30 11:00:00,11,712.8,0.3
2023-04-30 12:00:00,12,1413.0,1.2
2023-04-30 13:00:00,13,1686.4,0.8
2023-04-30 14:00:00,14,1730.8,1.0
2023-04-30 15:00:00,15,2217.6,2.1
2023-04-30 16:00:00,16,3235.1,3.3
2023-04-30 17:00:00,17,2987.9,3.4
2023-04-30 18:00:00,18,1993.6,4.0
2023-04-30 19:00:00,19,876.8,2.6
2023-04-30 20:00:00,20,361.9,1.0
2023-04-30 21:00:00,21,111.7,0.6
2023-04-30 22:00:00,22,,0.9
2023-04-30 23:00:00,23,,0.6
2023-05-01 00:00:00,0,,0.0
2023-05-01 01:00:00,1,,0.2
2023-05-01 02:00:00,2,,0.0
2023-05-01 03:00:00,3,,0.0
2023-05-01 04:00:00,4,,0.9
2023-05-01 05:00:00,5,,0.0
2023-05-01 06:00:00,6,,0.2
2023-05-01 07:00:00,7,,0.2
2023-05-01 08:00:00,8,,0.4
2023-05-01 09:00:00,9,,0.3
2023-05-01 10:00:00,10,76.9,1.8
2023-05-01 11:00:00,11,306.5,2.3
2023-05-01 12:00:00,12,1115.5,0.7
2023-05-01 13:00:00,13,969.9,0.4
2023-05-01 14:00:00,14,1686.5,1.5
2023-05-01 15:00:00,15,1644.2,1.5
2023-05-01 16:00:00,16,380.4,2.2
2023-05-01 17:00:00,17,70.4,1.1
2023-05-01 18:00:00,18,93.6,0.9
2023-05-01 19:00:00,19,177.2,0.1
2023-05-01 20:00:00,20,139.0,0.0
2023-05-01 21:00:00,21,43.9,0.1
2023-05-01 22:00:00,22,,0.4
2023-05-01 23:00:00,23,,0.0
2023-05-02 00:00:00,0,,0.0
2023-05-02 01:00:00,1,,0.6
2023-05-02 02:00:00,2,,0.2
2023-05-02 03:00:00,3,,0.4
2023-05-02 04:00:00,4,,0.0
2023-05-02 05:00:00,5,,0.4
2023-05-02 06:00:00,6,,0.0
2023-05-02 07:00:00,7,,0.1
2023-05-02 08:00:00,8,,0.0
2023-05-02 09:00:00,9,,0.2
2023-05-02 10:00:00,10,178.5,0.1
2023-05-02 11:00:00,11,631.0,0.2
2023-05-02 12:00:00,12,943.5,1.0
2023-05-02 13:00:00,13,1608.0,1.9
2023-05-02 14:00:00,14,2783.1,1.1
2023-05-02 15:00:00,15,3148.9,2.0
2023-05-02 16:00:00,16,3152.4,0.7
2023-05-02 17:00:00,17,3012.3,1.7
2023-05-02 18:00:00,18,2238.9,2.5
2023-05-02 19:00:00,19,1454.8,0.4
2023-05-02 20:00:00,20,919.5,0.8
2023-05-02 21:00:00,21,62.4,0.8
2023-05-02 22:00:00,22,,0.4
2023-05-02 23:00:00,23,,0.8
2023-05-03 00:00:00,0,,1.2
2023-05-03 01:00:00,1,,1.0
2023-05-03 02:00:00,2,0.3,0.6
2023-05-03 03:00:00,3,0.2,0.7
2023-05-03 04:00:00,4,,0.6
2023-05-03 05:00:00,5,0.3,0.7
2023-05-03 06:00:00,6,0.0,1.0
2023-05-03 07:00:00,7,,2.0
2023-05-03 08:00:00,8,,1.6
2023-05-03 09:00:00,9,,0.1
2023-05-03 10:00:00,10,34.5,0.0
2023-05-03 11:00:00,11,210.5,0.6
2023-05-03 12:00:00,12,1216.9,0.1
2023-05-03 13:00:00,13,1141.3,1.2
2023-05-03 14:00:00,14,2362.9,0.8
2023-05-03 15:00:00,15,1727.9,1.6
2023-05-03 16:00:00,16,2855.7,0.6
2023-05-03 17:00:00,17,1798.9,0.3
2023-05-03 18:00:00,18,939.6,5.5
2023-05-03 19:00:00,19,372.9,1.9
2023-05-03 20:00:00,20,62.7,2.6
2023-05-03 21:00:00,21,16.4,0.7
2023-05-03 22:00:00,22,,0.0
2023-05-03 23:00:00,23,,0.9
2023-05-04 00:00:00,0,,0.6
2023-05-04 01:00:00,1,,0.7
2023-05-04 02:00:00,2,,0.4
2023-05-04 03:00:00,3,,0.2
2023-05-04 04:00:00,4,,0.2
2023-05-04 05:00:00,5,,0.7
2023-05-04 06:00:00,6,,0.0
2023-05-04 07:00:00,7,,0.2
2023-05-04 08:00:00,8,,0.2
2023-05-04 09:00:00,9,,0.5
2023-05-04 10:00:00,10,132.2,0.3
2023-05-04 11:00:00,11,887.2,0.7
2023-05-04 12:00:00,12,1649.3,2.3
2023-05-04 13:00:00,13,1938.8,2.9
2023-05-04 14:00:00,14,2333.9,3.1
2023-05-04 15:00:00,15,2982.9,2.9
2023-05-04 16:00:00,16,2845.7,3.4
2023-05-04 17:00:00,17,1598.1,2.6
2023-05-04 18:00:00,18,1246.1,2.7
2023-05-04 19:00:00,19,853.2,1.2
2023-05-04 20:00:00,20,410.3,1.2
2023-05-04 21:00:00,21,120.7,1.0
2023-05-04 22:00:00,22,,0.1
2023-05-04 23:00:00,23,,1.3
2023-05-05 00:00:00,0,,0.4
2023-05-05 01:00:00,1,,0.0
2023-05-05 02:00:00,2,,0.2
2023-05-05 03:00:00,3,,0.0
2023-05-05 04:00:00,4,,0.4
2023-05-05 05:00:00,5,,0.5
2023-05-05 06:00:00,6,,0.0
2023-05-05 07:00:00,7,,0.0
2023-05-05 08:00:00,8,,0.0
2023-05-05 09:00:00,9,,0.1
2023-05-05 10:00:00,10,95.3,0.2
2023-05-05 11:00:00,11,704.7,0.2
2023-05-05 12:00:00,12,1596.2,0.9
2023-05-05 13:00:00,13,1902.1,1.4
2023-05-05 14:00:00,14,1751.7,3.2
2023-05-05 15:00:00,15,2466.3,3.6
2023-05-05 16:00:00,16,2467.1,3.5
2023-05-05 17:00:00,17,2586.0,2.3
2023-05-05 18:00:00,18,656.7,1.0
2023-05-05 19:00:00,19,716.2,2.8
2023-05-05 20:00:00,20,203.3,1.1
2023-05-05 21:00:00,21,85.2,0.0
2023-05-05 22:00:00,22,,0.5
2023-05-05 23:00:00,23,,0.0
2023-05-06 00:00:00,0,,0.0
2023-05-06 01:00:00,1,,0.0
2023-05-06 02:00:00,2,,0.0
2023-05-06 03:00:00,3,,0.0
2023-05-06 04:00:00,4,,0.0
2023-05-06 05:00:00,5,,0.1
2023-05-06 06:00:00,6,,0.0
2023-05-06 07:00:00,7,,0.0
2023-05-06 08:00:00,8,,0.0
2023-05-06 09:00:00,9,,0.3
2023-05-06 10:00:00,10,90.2,0.1
2023-05-06 11:00:00,11,567.7,0.4
2023-05-06 12:00:00,12,1307.4,2.0
2023-05-06 13:00:00,13,1947.8,2.7
2023-05-06 14:00:00,14,2919.7,5.0
2023-05-06 15:00:00,15,3324.8,3.6
2023-05-06 16:00:00,16,2587.3,2.4
2023-05-06 17:00:00,17,2830.6,3.4
2023-05-06 18:00:00,18,1960.5,2.0
2023-05-06 19:00:00,19,1691.2,2.9
2023-05-06 20:00:00,20,672.7,1.1
2023-05-06 21:00:00,21,118.8,0.0
2023-05-06 22:00:00,22,,0.4
2023-05-06 23:00:00,23,,0.8
2023-05-07 00:00:00,0,,0.4
2023-05-07 01:00:00,1,,0.4
2023-05-07 02:00:00,2,,0.1
2023-05-07 03:00:00,3,,0.0
2023-05-07 04:00:00,4,,0.0
2023-05-07 05:00:00,5,,0.0
2023-05-07 06:00:00,6,,0.0
2023-05-07 07:00:00,7,,0.0
2023-05-07 08:00:00,8,,0.0
2023-05-07 09:00:00,9,,0.4
2023-05-07 10:00:00,10,120.9,1.0
2023-05-07 11:00:00,11,671.6,0.4
2023-05-07 12:00:00,12,1754.7,4.7
2023-05-07 13:00:00,13,2530.6,4.9
2023-05-07 14:00:00,14,3030.6,4.7
2023-05-07 15:00:00,15,3172.2,3.5
2023-05-07 16:00:00,16,2489.3,3.7
2023-05-07 17:00:00,17,1633.0,2.0
2023-05-07 18:00:00,18,2589.0,2.3
2023-05-07 19:00:00,19,1003.1,1.1
2023-05-07 20:00:00,20,784.6,0.2
2023-05-07 21:00:00,21,104.1,0.0
2023-05-07 22:00:00,22,,0.5
2023-05-07 23:00:00,23,,0.4
2023-05-08 00:00:00,0,,0.0
2023-05-08 01:00:00,1,,0.8
2023-05-08 02:00:00,2,,0.7
2023-05-08 03:00:00,3,,0.3
2023-05-08 04:00:00,4,,0.3
2023-05-08 05:00:00,5,,0.9
2023-05-08 06:00:00,6,,0.1
2023-05-08 07:00:00,7,,0.1
2023-05-08 08:00:00,8,,0.0
2023-05-08 09:00:00,9,,0.1
2023-05-08 10:00:00,10,119.4,0.1
2023-05-08 11:00:00,11,931.8,0.9
2023-05-08 12:00:00,12,1743.0,1.4
2023-05-08 13:00:00,13,2428.7,2.9
2023-05-08 14:00:00,14,2803.6,2.7
2023-05-08 15:00:00,15,2962.2,2.7
2023-05-08 16:00:00,16,3058.3,2.5
2023-05-08 17:00:00,17,2686.7,2.3
2023-05-08 18:00:00,18,2531.0,1.8
2023-05-08 19:00:00,19,1831.8,1.9
2023-05-08 20:00:00,20,1036.2,2.0
2023-05-08 21:00:00,21,198.8,1.3
2023-05-08 22:00:00,22,,0.1
2023-05-08 23:00:00,23,,0.0
2023-05-09 00:00:00,0,,0.6
2023-05-09 01:00:00,1,,0.0
2023-05-09 02:00:00,2,,0.2
2023-05-09 03:00:00,3,,0.0
2023-05-09 04:00:00,4,,0.0
2023-05-09 05:00:00,5,,0.0
2023-05-09 06:00:00,6,,0.0
2023-05-09 07:00:00,7,,0.2
2023-05-09 08:00:00,8,,0.0
2023-05-09 09:00:00,9,,0.4
2023-05-09 10:00:00,10,105.2,0.0
2023-05-09 11:00:00,11,933.2,0.5
2023-05-09 12:00:00,12,1734.4,0.3
2023-05-09 13:00:00,13,2449.3,1.4
2023-05-09 14:00:00,14,2998.3,3.0
2023-05-09 15:00:00,15,3350.6,3.3
2023-05-09 16:00:00,16,3200.2,2.4
2023-05-09 17:00:00,17,3027.6,1.5
2023-05-09 18:00:00,18,2480.6,1.6
2023-05-09 19:00:00,19,1463.5,2.4
2023-05-09 20:00:00,20,984.9,1.7
2023-05-09 21:00:00,21,186.1,1.0
2023-05-09 22:00:00,22,,0.0
2023-05-09 23:00:00,23,,0.5
2023-05-10 00:00:00,0,,0.0
2023-05-10 01:00:00,1,,0.6
2023-05-10 02:00:00,2,,0.3
2023-05-10 03:00:00,3,,0.8
2023-05-10 04:00:00,4,,0.3
2023-05-10 05:00:00,5,,0.1
2023-05-10 06:00:00,6,,0.0
2023-05-10 07:00:00,7,,0.0
2023-05-10 08:00:00,8,,0.0
2023-05-10 09:00:00,9,,0.1
2023-05-10 10:00:00,10,119.0,1.1
2023-05-10 11:00:00,11,913.8,0.0
2023-05-10 12:00:00,12,1706.8,0.6
2023-05-10 13:00:00,13,2459.3,1.5
2023-05-10 14:00:00,14,2924.9,3.3
2023-05-10 15:00:00,15,2987.1,2.1
2023-05-10 16:00:00,16,2995.8,2.3
2023-05-10 17:00:00,17,3111.4,3.0
2023-05-10 18:00:00,18,2414.4,2.0
2023-05-10 19:00:00,19,1840.3,1.7
2023-05-10 20:00:00,20,1005.8,0.5
2023-05-10 21:00:00,21,184.8,0.3
2023-05-10 22:00:00,22,,0.3
2023-05-10 23:00:00,23,,0.0
2023-05-11 00:00:00,0,,1.2
2023-05-11 01:00:00,1,,0.7
2023-05-11 02:00:00,2,,1.3
2023-05-11 03:00:00,3,,1.2
2023-05-11 04:00:00,4,,2.9
2023-05-11 05:00:00,5,,0.8
2023-05-11 06:00:00,6,,0.0
2023-05-11 07:00:00,7,,0.4
2023-05-11 08:00:00,8,,0.0
2023-05-11 09:00:00,9,,0.0
2023-05-11 10:00:00,10,104.9,1.9
2023-05-11 11:00:00,11,520.3,0.4
2023-05-11 12:00:00,12,1603.6,1.0
2023-05-11 13:00:00,13,1923.9,1.3
2023-05-11 14:00:00,14,2090.3,2.1
2023-05-11 15:00:00,15,3182.1,1.5
2023-05-11 16:00:00,16,2667.3,1.1
2023-05-11 17:00:00,17,1297.3,1.7
2023-05-11 18:00:00,18,1862.5,2.2
2023-05-11 19:00:00,19,120.7,4.6
2023-05-11 20:00:00,20,64.2,1.5
2023-05-11 21:00:00,21,63.8,1.5
2023-05-11 22:00:00,22,,0.1
2023-05-11 23:00:00,23,,0.4
2023-05-12 00:00:00,0,,0.6
2023-05-12 01:00:00,1,,2.0
2023-05-12 02:00:00,2,,2.3
2023-05-12 03:00:00,3,,1.7
2023-05-12 04:00:00,4,,1.0
2023-05-12 05:00:00,5,,1.4
2023-05-12 06:00:00,6,,0.9
2023-05-12 07:00:00,7,,1.2
2023-05-12 08:00:00,8,,0.0
2023-05-12 09:00:00,9,,0.1
2023-05-12 10:00:00,10,82.2,0.1
2023-05-12 11:00:00,11,451.6,0.8
2023-05-12 12:00:00,12,1049.7,1.6
2023-05-12 13:00:00,13,2283.0,0.4
2023-05-12 14:00:00,14,2843.9,0.7
2023-05-12 15:00:00,15,3174.6,2.5
2023-05-12 16:00:00,16,2695.7,2.3
2023-05-12 17:00:00,17,2552.1,1.1
2023-05-12 18:00:00,18,1651.9,1.9
2023-05-12 19:00:00,19,1107.9,1.3
2023-05-12 20:00:00,20,485.3,1.3
2023-05-12 21:00:00,21,111.9,1.0
2023-05-12 22:00:00,22,,0.7
2023-05-12 23:00:00,23,,0.0
2023-05-13 00:00:00,0,,0.3
2023-05-13 01:00:00,1,,0.0
2023-05-13 02:00:00,2,,1.6
2023-05-13 03:00:00,3,,0.1
2023-05-13 04:00:00,4,,1.4
2023-05-13 05:00:00,5,,1.4
2023-05-13 06:00:00,6,,0.9
2023-05-13 07:00:00,7,,0.0
2023-05-13 08:00:00,8,,0.0
2023-05-13 09:00:00,9,,0.4
2023-05-13 10:00:00,10,109.8,0.6
2023-05-13 11:00:00,11,724.7,0.2
2023-05-13 12:00:00,12,1099.6,0.3
2023-05-13 13:00:00,13,2227.8,0.8
2023-05-13 14:00:00,14,2715.2,0.6
2023-05-13 15:00:00,15,2686.9,0.9
2023-05-13 16:00:00,16,3280.9,0.5
2023-05-13 17:00:00,17,3093.2,1.3
2023-05-13 18:00:00,18,1494.4,1.0
2023-05-13 19:00:00,19,1369.0,1.2
2023-05-13 20:00:00,20,812.6,0.3
2023-05-13 21:00:00,21,54.2,0.9
2023-05-13 22:00:00,22,,1.9
2023-05-13 23:00:00,23,,0.0
2023-05-14 00:00:00,0,,1.3
2023-05-14 01:00:00,1,,1.1
2023-05-14 02:00:00,2,,0.1
2023-05-14 03:00:00,3,,2.4
2023-05-14 04:00:00,4,,0.7
2023-05-14 05:00:00,5,,0.6
2023-05-14 06:00:00,6,,0.3
2023-05-14 07:00:00,7,,0.0
2023-05-14 08:00:00,8,,0.0
2023-05-14 09:00:00,9,,0.0
2023-05-14 10:00:00,10,159.4,0.0
2023-05-14 11:00:00,11,573.9,0.2
2023-05-14 12:00:00,12,890.7,1.2
2023-05-14 13:00:00,13,1899.8,1.0
2023-05-14 14:00:00,14,1919.9,0.5
2023-05-14 15:00:00,15,1718.9,0.6
2023-05-14 16:00:00,16,596.7,0.0
2023-05-14 17:00:00,17,2265.3,1.7
2023-05-14 18:00:00,18,2554.7,1.0
2023-05-14 19:00:00,19,1155.8,1.0
2023-05-14 20:00:00,20,489.2,0.8
2023-05-14 21:00:00,21,220.5,0.9
2023-05-14 22:00:00,22,,1.7
2023-05-14 23:00:00,23,,0.6
2023-05-15 00:00:00,0,,1.4
2023-05-15 01:00:00,1,,1.5
2023-05-15 02:00:00,2,,0.0
2023-05-15 03:00:00,3,,0.0
2023-05-15 04:00:00,4,,0.0
2023-05-15 05:00:00,5,,0.0
2023-05-15 06:00:00,6,,0.0
2023-05-15 07:00:00,7,,0.2
2023-05-15 08:00:00,8,,0.2
2023-05-15 09:00:00,9,,0.1
2023-05-15 10:00:00,10,140.4,0.0
2023-05-15 11:00:00,11,662.3,0.0
2023-05-15 12:00:00,12,1261.0,1.8
2023-05-15 13:00:00,13,2365.3,2.8
2023-05-15 14:00:00,14,2744.8,3.5
2023-05-15 15:00:00,15,3046.9,2.2
2023-05-15 16:00:00,16,2599.7,2.9
2023-05-15 17:00:00,17,2372.6,1.1
2023-05-15 18:00:00,18,1720.3,2.8
2023-05-15 19:00:00,19,1768.5,2.4
2023-05-15 20:00:00,20,887.2,1.3
2023-05-15 21:00:00,21,117.7,1.1
2023-05-15 22:00:00,22,,2.4
2023-05-15 23:00:00,23,,1.5
2023-05-16 00:00:00,0,,1.4
2023-05-16 01:00:00,1,,0.3
2023-05-16 02:00:00,2,,0.2
2023-05-16 03:00:00,3,,0.0
2023-05-16 04:00:00,4,,0.3
2023-05-16 05:00:00,5,,0.0
2023-05-16 06:00:00,6,,0.0
2023-05-16 07:00:00,7,,0.0
2023-05-16 08:00:00,8,,0.1
2023-05-16 09:00:00,9,,0.1
2023-05-16 10:00:00,10,139.2,0.0
2023-05-16 11:00:00,11,896.1,0.7
2023-05-16 12:00:00,12,1036.4,1.3
2023-05-16 13:00:00,13,1717.9,1.9
2023-05-16 14:00:00,14,2847.5,3.2
2023-05-16 15:00:00,15,2513.4,2.9
2023-05-16 16:00:00,16,2502.3,1.8
2023-05-16 17:00:00,17,1768.1,1.6
2023-05-16 18:00:00,18,1731.8,1.4
2023-05-16 19:00:00,19,1100.4,1.8
2023-05-16 20:00:00,20,484.6,0.3
2023-05-16 21:00:00,21,97.5,1.1
2023-05-16 22:00:00,22,,0.5
2023-05-16 23:00:00,23,,0.0
2023-05-17 00:00:00,0,,0.2
2023-05-17 01:00:00,1,,0.1
2023-05-17 02:00:00,2,,0.0
2023-05-17 03:00:00,3,,0.0
2023-05-17 04:00:00,4,,0.0
2023-05-17 05:00:00,5,,0.0
2023-05-17 06:00:00,6,,0.0
2023-05-17 07:00:00,7,,0.2
2023-05-17 08:00:00,8,,0.0
2023-05-17 09:00:00,9,,0.0
2023-05-17 10:00:00,10,114.3,0.0
2023-05-17 11:00:00,11,583.6,0.1
2023-05-17 12:00:00,12,1567.4,0.8
2023-05-17 13:00:00,13,2074.3,0.8
2023-05-17 14:00:00,14,2367.1,1.8
2023-05-17 15:00:00,15,3029.8,2.2
2023-05-17 16:00:00,16,3224.6,1.9
2023-05-17 17:00:00,17,2737.7,2.4
2023-05-17 18:00:00,18,2283.3,2.6
2023-05-17 19:00:00,19,1545.8,2.2
2023-05-17 20:00:00,20,374.9,0.9
2023-05-17 21:00:00,21,77.5,0.8
2023-05-17 22:00:00,22,,0.9
2023-05-17 23:00:00,23,,1.2
2023-05-18 00:00:00,0,,1.7
2023-05-18 01:00:00,1,,0.7
2023-05-18 02:00:00,2,,1.3
2023-05-18 03:00:00,3,,0.1
2023-05-18 04:00:00,4,,1.2
2023-05-18 05:00:00,5,,0.7
2023-05-18 06:00:00,6,,0.5
2023-05-18 07:00:00,7,,0.1
2023-05-18 08:00:00,8,,0.0
2023-05-18 09:00:00,9,,0.0
2023-05-18 10:00:00,10,51.7,0.6
2023-05-18 11:00:00,11,238.1,0.0
2023-05-18 12:00:00,12,447.6,0.0
2023-05-18 13:00:00,13,840.7,1.2
2023-05-18 14:00:00,14,1816.2,1.6
2023-05-18 15:00:00,15,1397.2,2.2
2023-05-18 16:00:00,16,1599.6,2.8
2023-05-18 17:00:00,17,1272.0,3.2
2023-05-18 18:00:00,18,577.7,1.7
2023-05-18 19:00:00,19,423.6,1.5
2023-05-18 20:00:00,20,412.2,1.7
2023-05-18 21:00:00,21,65.1,1.2
2023-05-18 22:00:00,22,,1.0
2023-05-18 23:00:00,23,,0.2
2023-05-19 00:00:00,0,,0.8
2023-05-19 01:00:00,1,,0.9
2023-05-19 02:00:00,2,,0.0
2023-05-19 03:00:00,3,,0.0
2023-05-19 04:00:00,4,,0.1
2023-05-19 05:00:00,5,,0.0
2023-05-19 06:00:00,6,,0.0
2023-05-19 07:00:00,7,,0.2
2023-05-19 08:00:00,8,,0.0
2023-05-19 09:00:00,9,,0.0
2023-05-19 10:00:00,10,125.9,0.0
2023-05-19 11:00:00,11,817.7,1.1
2023-05-19 12:00:00,12,1661.0,3.5
2023-05-19 13:00:00,13,2345.7,2.6
2023-05-19 14:00:00,14,2850.0,3.6
2023-05-19 15:00:00,15,3119.3,2.3
2023-05-19 16:00:00,16,3144.1,2.7
2023-05-19 17:00:00,17,2930.5,3.2
2023-05-19 18:00:00,18,2495.5,1.4
2023-05-19 19:00:00,19,1788.4,1.7
2023-05-19 20:00:00,20,956.2,1.6
2023-05-19 21:00:00,21,204.8,0.5
2023-05-19 22:00:00,22,,1.0
2023-05-19 23:00:00,23,,0.1
2023-05-20 00:00:00,0,,0.7
2023-05-20 01:00:00,1,,0.9
2023-05-20 02:00:00,2,,0.9
2023-05-20 03:00:00,3,,0.9
2023-05-20 04:00:00,4,,0.4
2023-05-20 05:00:00,5,,0.6
2023-05-20 06:00:00,6,,0.0
2023-05-20 07:00:00,7,,0.0
2023-05-20 08:00:00,8,,0.0
2023-05-20 09:00:00,9,,0.3
2023-05-20 10:00:00,10,130.5,0.0
2023-05-20 11:00:00,11,853.0,0.8
2023-05-20 12:00:00,12,1656.8,4.0
2023-05-20 13:00:00,13,2008.4,3.8
2023-05-20 14:00:00,14,2785.1,3.4
2023-05-20 15:00:00,15,2994.7,3.1
2023-05-20 16:00:00,16,3119.1,2.9
2023-05-20 17:00:00,17,2159.6,3.0
2023-05-20 18:00:00,18,2508.8,3.2
2023-05-20 19:00:00,19,1810.5,1.9
2023-05-20 20:00:00,20,969.4,0.8
2023-05-20 21:00:00,21,207.1,0.6
2023-05-20 22:00:00,22,,0.5
2023-05-20 23:00:00,23,,0.3
2023-05-21 00:00:00,0,,0.0
2023-05-21 01:00:00,1,,0.0
2023-05-21 02:00:00,2,,0.0
2023-05-21 03:00:00,3,,0.0
2023-05-21 04:00:00,4,,0.1
2023-05-21 05:00:00,5,,0.0
2023-05-21 06:00:00,6,,0.1
2023-05-21 07:00:00,7,,0.0
2023-05-21 08:00:00,8,,0.0
2023-05-21 09:00:00,9,,0.0
2023-05-21 10:00:00,10,54.8,0.9
2023-05-21 11:00:00,11,417.4,0.3
2023-05-21 12:00:00,12,1633.1,2.9
2023-05-21 13:00:00,13,2211.3,2.6
2023-05-21 14:00:00,14,2825.9,4.1
2023-05-21 15:00:00,15,3023.5,3.0
2023-05-21 16:00:00,16,2990.1,2.2
2023-05-21 17:00:00,17,2867.3,3.7
2023-05-21 18:00:00,18,2357.3,2.4
2023-05-21 19:00:00,19,1757.0,2.7
2023-05-21 20:00:00,20,959.8,1.6
2023-05-21 21:00:00,21,198.7,1.0
2023-05-21 22:00:00,22,,0.3
2023-05-21 23:00:00,23,,0.2
2023-05-22 00:00:00,0,,0.4
2023-05-22 01:00:00,1,,0.0
2023-05-22 02:00:00,2,,0.0
2023-05-22 03:00:00,3,,0.2
2023-05-22 04:00:00,4,,0.0
2023-05-22 05:00:00,5,,0.0
2023-05-22 06:00:00,6,,0.0
2023-05-22 07:00:00,7,,0.6
2023-05-22 08:00:00,8,,0.5
2023-05-22 09:00:00,9,,0.2
2023-05-22 10:00:00,10,143.6,0.0
2023-05-22 11:00:00,11,849.1,1.9
2023-05-22 12:00:00,12,1651.4,3.4
2023-05-22 13:00:00,13,2346.8,4.1
2023-05-22 14:00:00,14,2842.5,2.8
2023-05-22 15:00:00,15,3116.5,2.5
2023-05-22 16:00:00,16,3165.5,3.2
2023-05-22 17:00:00,17,2698.7,3.1
2023-05-22 18:00:00,18,2411.0,2.7
2023-05-22 19:00:00,19,1684.9,2.1
2023-05-22 20:00:00,20,1027.3,1.8
2023-05-22 21:00:00,21,209.8,0.9
2023-05-22 22:00:00,22,,0.5
2023-05-22 23:00:00,23,,0.9
2023-05-23 00:00:00,0,,1.3
2023-05-23 01:00:00,1,,1.8
2023-05-23 02:00:00,2,,1.5
2023-05-23 03:00:00,3,,0.7
2023-05-23 04:00:00,4,,0.2
2023-05-23 05:00:00,5,,0.3
2023-05-23 06:00:00,6,,0.0
2023-05-23 07:00:00,7,,0.1
2023-05-23 08:00:00,8,,0.2
2023-05-23 09:00:00,9,,0.0
2023-05-23 10:00:00,10,145.2,0.9
2023-05-23 11:00:00,11,857.1,2.6
2023-05-23 12:00:00,12,1665.5,4.4
2023-05-23 13:00:00,13,2360.1,3.7
2023-05-23 14:00:00,14,2857.9,3.9
2023-05-23 15:00:00,15,3110.1,4.9
2023-05-23 16:00:00,16,3153.3,4.6
2023-05-23 17:00:00,17,2990.8,4.6
2023-05-23 18:00:00,18,2042.5,3.9
2023-05-23 19:00:00,19,1729.5,3.0
2023-05-23 20:00:00,20,797.0,1.7
2023-05-23 21:00:00,21,204.0,0.9
2023-05-23 22:00:00,22,,0.6
2023-05-23 23:00:00,23,,1.8
2023-05-24 00:00:00,0,,1.0
2023-05-24 01:00:00,1,,0.4
2023-05-24 02:00:00,2,,0.0
2023-05-24 03:00:00,3,,0.2
2023-05-24 04:00:00,4,,0.3
2023-05-24 05:00:00,5,,0.0
2023-05-24 06:00:00,6,,0.5
2023-05-24 07:00:00,7,,0.8
2023-05-24 08:00:00,8,,1.1
2023-05-24 09:00:00,9,,0.8
2023-05-24 10:00:00,10,101.8,0.1
2023-05-24 11:00:00,11,748.4,2.4
2023-05-24 12:00:00,12,1290.9,3.6
2023-05-24 13:00:00,13,2029.5,3.0
2023-05-24 14:00:00,14,2015.3,3.1
2023-05-24 15:00:00,15,2645.7,3.8
2023-05-24 16:00:00,16,2979.8,3.1
2023-05-24 17:00:00,17,2573.7,3.3
2023-05-24 18:00:00,18,1931.2,3.1
2023-05-24 19:00:00,19,1589.6,3.1
2023-05-24 20:00:00,20,968.9,2.4
2023-05-24 21:00:00,21,231.8,0.7
2023-05-24 22:00:00,22,,1.4
2023-05-24 23:00:00,23,,2.2
2023-05-25 00:00:00,0,,1.3
2023-05-25 01:00:00,1,,1.2
2023-05-25 02:00:00,2,,0.5
2023-05-25 03:00:00,3,,0.0
2023-05-25 04:00:00,4,,0.2
2023-05-25 05:00:00,5,,0.0
2023-05-25 06:00:00,6,,1.1
2023-05-25 07:00:00,7,,0.0
2023-05-25 08:00:00,8,,0.1
2023-05-25 09:00:00,9,,0.0
2023-05-25 10:00:00,10,155.3,0.2
2023-05-25 11:00:00,11,812.9,0.6
2023-05-25 12:00:00,12,1613.9,3.3
2023-05-25 13:00:00,13,2332.3,4.0
2023-05-25 14:00:00,14,2551.1,3.9
2023-05-25 15:00:00,15,3024.7,3.7
2023-05-25 16:00:00,16,2321.4,3.4
2023-05-25 17:00:00,17,2264.9,2.7
2023-05-25 18:00:00,18,1386.3,1.5
2023-05-25 19:00:00,19,1240.7,2.4
2023-05-25 20:00:00,20,363.0,1.6
2023-05-25 21:00:00,21,206.8,1.5
2023-05-25 22:00:00,22,,1.1
2023-05-25 23:00:00,23,,1.1
2023-05-26 00:00:00,0,,1.3
2023-05-26 01:00:00,1,,0.7
2023-05-26 02:00:00,2,,1.1
2023-05-26 03:00:00,3,,0.0
2023-05-26 04:00:00,4,,0.0
2023-05-26 05:00:00,5,,0.0
2023-05-26 06:00:00,6,,0.0
2023-05-26 07:00:00,7,,0.7
2023-05-26 08:00:00,8,,0.0
2023-05-26 09:00:00,9,,0.0
2023-05-26 10:00:00,10,156.5,0.1
2023-05-26 11:00:00,11,841.0,0.2
2023-05-26 12:00:00,12,1548.0,2.7
2023-05-26 13:00:00,13,2104.3,4.3
2023-05-26 14:00:00,14,2668.3,4.0
2023-05-26 15:00:00,15,2605.2,4.0
2023-05-26 16:00:00,16,2259.0,3.9
2023-05-26 17:00:00,17,2814.0,3.6
2023-05-26 18:00:00,18,2042.0,3.0
2023-05-26 19:00:00,19,1363.6,3.3
2023-05-26 20:00:00,20,664.0,2.2
2023-05-26 21:00:00,21,132.5,1.5
2023-05-26 22:00:00,22,,2.2
2023-05-26 23:00:00,23,,1.4
2023-05-27 00:00:00,0,,2.2
2023-05-27 01:00:00,1,,3.7
2023-05-27 02:00:00,2,,1.3
2023-05-27 03:00:00,3,,0.3
2023-05-27 04:00:00,4,,0.0
2023-05-27 05:00:00,5,,0.0
2023-05-27 06:00:00,6,,0.0
2023-05-27 07:00:00,7,,0.5
2023-05-27 08:00:00,8,,0.0
2023-05-27 09:00:00,9,,0.0
2023-05-27 10:00:00,10,114.1,0.0
2023-05-27 11:00:00,11,785.6,0.2
2023-05-27 12:00:00,12,1449.1,2.6
2023-05-27 13:00:00,13,2324.1,3.6
2023-05-27 14:00:00,14,2739.7,4.1
2023-05-27 15:00:00,15,3135.5,3.4
2023-05-27 16:00:00,16,2530.2,3.5
2023-05-27 17:00:00,17,2424.3,2.7
2023-05-27 18:00:00,18,2547.3,2.2
2023-05-27 19:00:00,19,988.2,1.1
2023-05-27 20:00:00,20,798.2,1.4
2023-05-27 21:00:00,21,204.3,1.4
2023-05-27 22:00:00,22,,0.8
2023-05-27 23:00:00,23,,1.5
2023-05-28 00:00:00,0,,0.1
2023-05-28 01:00:00,1,,0.3
2023-05-28 02:00:00,2,,0.0
2023-05-28 03:00:00,3,,1.2
2023-05-28 04:00:00,4,,0.0
2023-05-28 05:00:00,5,,0.0
2023-05-28 06:00:00,6,,0.0
2023-05-28 07:00:00,7,,0.0
2023-05-28 08:00:00,8,,0.0
2023-05-28 09:00:00,9,,0.0
2023-05-28 10:00:00,10,138.8,0.0
2023-05-28 11:00:00,11,838.4,0.3
2023-05-28 12:00:00,12,1629.6,3.9
2023-05-28 13:00:00,13,2323.0,3.0
2023-05-28 14:00:00,14,2808.5,2.7
2023-05-28 15:00:00,15,3028.4,2.6
2023-05-28 16:00:00,16,3056.5,1.8
2023-05-28 17:00:00,17,2891.9,2.4
2023-05-28 18:00:00,18,2445.5,1.7
2023-05-28 19:00:00,19,1817.9,1.8
2023-05-28 20:00:00,20,992.2,1.3
2023-05-28 21:00:00,21,207.7,1.5
2023-05-28 22:00:00,22,,0.1
2023-05-28 23:00:00,23,,0.0
2023-05-29 00:00:00,0,,0.0
2023-05-29 01:00:00,1,,0.6
2023-05-29 02:00:00,2,,0.0
2023-05-29 03:00:00,3,,0.0
2023-05-29 04:00:00,4,,0.8
2023-05-29 05:00:00,5,,0.4
2023-05-29 06:00:00,6,,0.0
2023-05-29 07:00:00,7,,1.1
2023-05-29 08:00:00,8,,0.1
2023-05-29 09:00:00,9,,0.4
2023-05-29 10:00:00,10,138.5,0.2
2023-05-29 11:00:00,11,826.6,2.1
2023-05-29 12:00:00,12,1614.0,2.9
2023-05-29 13:00:00,13,2290.5,3.1
2023-05-29 14:00:00,14,2800.9,3.5
2023-05-29 15:00:00,15,2909.7,1.9
2023-05-29 16:00:00,16,2938.0,3.6
2023-05-29 17:00:00,17,2944.2,3.2
2023-05-29 18:00:00,18,1917.2,2.0
2023-05-29 19:00:00,19,1693.3,2.3
2023-05-29 20:00:00,20,741.9,1.8
2023-05-29 21:00:00,21,176.4,0.5
2023-05-29 22:00:00,22,,1.1
2023-05-29 23:00:00,23,,1.2
2023-05-30 00:00:00,0,,1.1
2023-05-30 01:00:00,1,,1.0
2023-05-30 02:00:00,2,,0.1
2023-05-30 03:00:00,3,,0.0
2023-05-30 04:00:00,4,,0.0
2023-05-30 05:00:00,5,,1.1
2023-05-30 06:00:00,6,,0.0
2023-05-30 07:00:00,7,,0.0
2023-05-30 08:00:00,8,,0.0
2023-05-30 09:00:00,9,,0.0
2023-05-30 10:00:00,10,142.6,0.6
2023-05-30 11:00:00,11,812.1,1.7
2023-05-30 12:00:00,12,1592.1,2.0
2023-05-30 13:00:00,13,2287.9,4.1
2023-05-30 14:00:00,14,2805.3,3.9
2023-05-30 15:00:00,15,2930.0,4.4
2023-05-30 16:00:00,16,2898.7,3.0
2023-05-30 17:00:00,17,2796.8,3.7
2023-05-30 18:00:00,18,2353.2,3.2
2023-05-30 19:00:00,19,1755.0,3.2
2023-05-30 20:00:00,20,969.7,2.2
2023-05-30 21:00:00,21,205.3,1.0
2023-05-30 22:00:00,22,,0.7
2023-05-30 23:00:00,23,,0.6
2023-05-31 00:00:00,0,,1.2
2023-05-31 01:00:00,1,,0.1
2023-05-31 02:00:00,2,,0.1
2023-05-31 03:00:00,3,,0.1
2023-05-31 04:00:00,4,,1.0
2023-05-31 05:00:00,5,,0.5
2023-05-31 06:00:00,6,,1.2
2023-05-31 07:00:00,7,,0.0
2023-05-31 08:00:00,8,,0.9
2023-05-31 09:00:00,9,,1.2
2023-05-31 10:00:00,10,129.6,0.1
2023-05-31 11:00:00,11,810.6,2.3
2023-05-31 12:00:00,12,1598.4,4.0
2023-05-31 13:00:00,13,2279.5,3.3
2023-05-31 14:00:00,14,2763.9,4.6
2023-05-31 15:00:00,15,3035.2,3.9
2023-05-31 16:00:00,16,3055.0,3.3
2023-05-31 17:00:00,17,2834.3,3.0
2023-05-31 18:00:00,18,2381.0,2.8
2023-05-31 19:00:00,19,1767.3,2.3
2023-05-31 20:00:00,20,870.5,1.0
2023-05-31 21:00:00,21,206.1,0.4
2023-05-31 22:00:00,22,,0.5
2023-05-31 23:00:00,23,,0.3
2023-06-01 00:00:00,0,,0.3
2023-06-01 01:00:00,1,,0.1
2023-06-01 02:00:00,2,,0.0
2023-06-01 03:00:00,3,,0.0
2023-06-01 04:00:00,4,,0.8
2023-06-01 05:00:00,5,,0.2
2023-06-01 06:00:00,6,,0.0
2023-06-01 07:00:00,7,,0.0
2023-06-01 08:00:00,8,,0.0
2023-06-01 09:00:00,9,,0.3
2023-06-01 10:00:00,10,128.0,0.0
2023-06-01 11:00:00,11,866.4,0.1
2023-06-01 12:00:00,12,1601.5,2.1
2023-06-01 13:00:00,13,2282.0,3.1
2023-06-01 14:00:00,14,2771.6,2.1
2023-06-01 15:00:00,15,3034.9,1.8
2023-06-01 16:00:00,16,3045.2,3.1
2023-06-01 17:00:00,17,2808.8,2.7
2023-06-01 18:00:00,18,2463.8,2.4
2023-06-01 19:00:00,19,1515.4,1.0
2023-06-01 20:00:00,20,964.9,1.8
2023-06-01 21:00:00,21,204.2,0.1
2023-06-01 22:00:00,22,,0.0
2023-06-01 23:00:00,23,,0.1
2023-06-02 00:00:00,0,,1.1
2023-06-02 01:00:00,1,,0.0
2023-06-02 02:00:00,2,,0.9
2023-06-02 03:00:00,3,,0.9
2023-06-02 04:00:00,4,,0.2
2023-06-02 05:00:00,5,,0.0
2023-06-02 06:00:00,6,,0.0
2023-06-02 07:00:00,7,,0.3
2023-06-02 08:00:00,8,,0.0
2023-06-02 09:00:00,9,,0.2
2023-06-02 10:00:00,10,136.5,0.0
2023-06-02 11:00:00,11,792.3,0.0
2023-06-02 12:00:00,12,1555.9,0.4
2023-06-02 13:00:00,13,2242.5,1.3
2023-06-02 14:00:00,14,2755.5,2.7
2023-06-02 15:00:00,15,3032.3,2.3
2023-06-02 16:00:00,16,2963.1,2.7
2023-06-02 17:00:00,17,2771.1,2.8
2023-06-02 18:00:00,18,2403.0,2.1
2023-06-02 19:00:00,19,1709.2,1.4
2023-06-02 20:00:00,20,951.3,1.4
2023-06-02 21:00:00,21,200.2,1.4
2023-06-02 22:00:00,22,,0.8
2023-06-02 23:00:00,23,,0.8
2023-06-03 00:00:00,0,,0.7
2023-06-03 01:00:00,1,,0.0
2023-06-03 02:00:00,2,,0.1
2023-06-03 03:00:00,3,,0.1
2023-06-03 04:00:00,4,,0.8
2023-06-03 05:00:00,5,,0.0
2023-06-03 06:00:00,6,,0.0
2023-06-03 07:00:00,7,,0.0
2023-06-03 08:00:00,8,,0.0
2023-06-03 09:00:00,9,,0.0
2023-06-03 10:00:00,10,135.3,0.7
2023-06-03 11:00:00,11,793.2,0.2
2023-06-03 12:00:00,12,1575.0,3.3
2023-06-03 13:00:00,13,2235.1,3.5
2023-06-03 14:00:00,14,2770.7,4.4
2023-06-03 15:00:00,15,3049.1,4.5
2023-06-03 16:00:00,16,3062.6,4.5
2023-06-03 17:00:00,17,2835.9,4.0
2023-06-03 18:00:00,18,2451.4,3.7
2023-06-03 19:00:00,19,1638.1,2.9
2023-06-03 20:00:00,20,812.8,2.2
2023-06-03 21:00:00,21,237.4,1.5
2023-06-03 22:00:00,22,,1.3
2023-06-03 23:00:00,23,,1.1
2023-06-04 00:00:00,0,,0.7
2023-06-04 01:00:00,1,,0.2
2023-06-04 02:00:00,2,,0.0
2023-06-04 03:00:00,3,,0.0
2023-06-04 04:00:00,4,,0.0
2023-06-04 05:00:00,5,,0.0
2023-06-04 06:00:00,6,,0.1
2023-06-04 07:00:00,7,,0.3
2023-06-04 08:00:00,8,,0.1
2023-06-04 09:00:00,9,,0.3
2023-06-04 10:00:00,10,80.5,0.7
2023-06-04 11:00:00,11,370.4,0.8
2023-06-04 12:00:00,12,799.1,1.6
2023-06-04 13:00:00,13,2057.2,2.4
2023-06-04 14:00:00,14,2350.9,3.5
2023-06-04 15:00:00,15,2749.8,3.0
2023-06-04 16:00:00,16,2656.6,2.9
2023-06-04 17:00:00,17,2776.0,2.9
2023-06-04 18:00:00,18,2098.9,2.5
2023-06-04 19:00:00,19,1644.3,1.7
2023-06-04 20:00:00,20,691.5,2.1
2023-06-04 21:00:00,21,165.1,1.4
2023-06-04 22:00:00,22,,1.6
2023-06-04 23:00:00,23,,1.2
2023-06-05 00:00:00,0,,0.8
2023-06-05 01:00:00,1,,0.7
2023-06-05 02:00:00,2,,0.8
2023-06-05 03:00:00,3,,0.7
2023-06-05 04:00:00,4,,0.0
2023-06-05 05:00:00,5,,0.0
2023-06-05 06:00:00,6,,0.0
2023-06-05 07:00:00,7,,0.0
2023-06-05 08:00:00,8,,0.3
2023-06-05 09:00:00,9,,0.0
2023-06-05 10:00:00,10,134.9,0.1
2023-06-05 11:00:00,11,799.1,1.4
2023-06-05 12:00:00,12,1588.9,2.8
2023-06-05 13:00:00,13,2271.1,2.6
2023-06-05 14:00:00,14,2762.8,2.3
2023-06-05 15:00:00,15,3038.8,2.7
2023-06-05 16:00:00,16,2799.2,2.6
2023-06-05 17:00:00,17,2959.7,2.5
2023-06-05 18:00:00,18,2465.3,3.0
2023-06-05 19:00:00,19,1756.6,2.4
2023-06-05 20:00:00,20,775.9,1.3
2023-06-05 21:00:00,21,179.7,1.6
2023-06-05 22:00:00,22,,0.0
2023-06-05 23:00:00,23,,1.0
2023-06-06 00:00:00,0,,0.0
2023-06-06 01:00:00,1,,0.0
2023-06-06 02:00:00,2,,0.3
2023-06-06 03:00:00,3,,0.7
2023-06-06 04:00:00,4,,0.0
2023-06-06 05:00:00,5,,0.0
2023-06-06 06:00:00,6,,0.0
2023-06-06 07:00:00,7,,0.0
2023-06-06 08:00:00,8,,0.0
2023-06-06 09:00:00,9,,0.0
2023-06-06 10:00:00,10,130.2,0.0
2023-06-06 11:00:00,11,793.6,0.6
2023-06-06 12:00:00,12,1584.2,2.7
2023-06-06 13:00:00,13,2273.7,3.8
2023-06-06 14:00:00,14,2772.3,3.5
2023-06-06 15:00:00,15,3041.7,2.8
2023-06-06 16:00:00,16,3044.0,3.0
2023-06-06 17:00:00,17,2614.5,3.5
2023-06-06 18:00:00,18,2396.8,2.1
2023-06-06 19:00:00,19,1653.9,1.7
2023-06-06 20:00:00,20,1001.1,0.5
2023-06-06 21:00:00,21,199.1,0.8
2023-06-06 22:00:00,22,,0.0
2023-06-06 23:00:00,23,,0.0
2023-06-07 00:00:00,0,,0.4
2023-06-07 01:00:00,1,,0.1
2023-06-07 02:00:00,2,,1.6
2023-06-07 03:00:00,3,,0.4
2023-06-07 04:00:00,4,,0.0
2023-06-07 05:00:00,5,,0.0
2023-06-07 06:00:00,6,,0.7
2023-06-07 07:00:00,7,,0.0
2023-06-07 08:00:00,8,,0.0
2023-06-07 09:00:00,9,,0.0
2023-06-07 10:00:00,10,144.9,0.1
2023-06-07 11:00:00,11,790.5,0.1
2023-06-07 12:00:00,12,1564.2,2.6
2023-06-07 13:00:00,13,2256.2,2.1
2023-06-07 14:00:00,14,2753.1,2.6
2023-06-07 15:00:00,15,3025.2,2.4
2023-06-07 16:00:00,16,2772.4,3.3
2023-06-07 17:00:00,17,2684.8,2.3
2023-06-07 18:00:00,18,2387.0,1.8
2023-06-07 19:00:00,19,1477.5,1.4
2023-06-07 20:00:00,20,841.2,1.1
2023-06-07 21:00:00,21,190.2,0.0
2023-06-07 22:00:00,22,,0.2
2023-06-07 23:00:00,23,,0.8
2023-06-08 00:00:00,0,,0.0
2023-06-08 01:00:00,1,,0.1
2023-06-08 02:00:00,2,,0.0
2023-06-08 03:00:00,3,,1.1
2023-06-08 04:00:00,4,,0.4
2023-06-08 05:00:00,5,,0.2
2023-06-08 06:00:00,6,,0.0
2023-06-08 07:00:00,7,,0.0
2023-06-08 08:00:00,8,,0.7
2023-06-08 09:00:00,9,,0.1
2023-06-08 10:00:00,10,118.8,0.8
2023-06-08 11:00:00,11,776.1,0.3
2023-06-08 12:00:00,12,1536.3,2.4
2023-06-08 13:00:00,13,2239.8,2.7
2023-06-08 14:00:00,14,2744.7,3.0
2023-06-08 15:00:00,15,3011.1,2.3
2023-06-08 16:00:00,16,2944.7,3.2
2023-06-08 17:00:00,17,2827.1,3.0
2023-06-08 18:00:00,18,2508.7,3.7
2023-06-08 19:00:00,19,1857.0,2.0
2023-06-08 20:00:00,20,631.9,0.8
2023-06-08 21:00:00,21,244.8,1.4
2023-06-08 22:00:00,22,,1.0
2023-06-08 23:00:00,23,,0.6
2023-06-09 00:00:00,0,,0.0
2023-06-09 01:00:00,1,,1.0
2023-06-09 02:00:00,2,,0.5
2023-06-09 03:00:00,3,,0.0
2023-06-09 04:00:00,4,,0.0
2023-06-09 05:00:00,5,,1.1
2023-06-09 06:00:00,6,,1.6
2023-06-09 07:00:00,7,,0.5
2023-06-09 08:00:00,8,,0.0
2023-06-09 09:00:00,9,,0.0
2023-06-09 10:00:00,10,125.9,0.0
2023-06-09 11:00:00,11,773.2,0.9
2023-06-09 12:00:00,12,1551.1,3.0
2023-06-09 13:00:00,13,2237.5,3.9
2023-06-09 14:00:00,14,2731.2,2.8
2023-06-09 15:00:00,15,2958.6,3.8
2023-06-09 16:00:00,16,3130.9,2.9
2023-06-09 17:00:00,17,2737.7,3.1
2023-06-09 18:00:00,18,2256.2,2.6
2023-06-09 19:00:00,19,1775.4,2.3
2023-06-09 20:00:00,20,916.2,1.6
2023-06-09 21:00:00,21,212.0,0.5
2023-06-09 22:00:00,22,,0.2
2023-06-09 23:00:00,23,,0.0
2023-06-10 00:00:00,0,,0.7
2023-06-10 01:00:00,1,,0.0
2023-06-10 02:00:00,2,,0.3
2023-06-10 03:00:00,3,,0.0
2023-06-10 04:00:00,4,,0.5
2023-06-10 05:00:00,5,,0.0
2023-06-10 06:00:00,6,,0.0
2023-06-10 07:00:00,7,,0.0
2023-06-10 08:00:00,8,,0.0
2023-06-10 09:00:00,9,,0.2
2023-06-10 10:00:00,10,115.5,0.0
2023-06-10 11:00:00,11,764.2,0.9
2023-06-10 12:00:00,12,1558.7,3.5
2023-06-10 13:00:00,13,2249.8,4.0
2023-06-10 14:00:00,14,2743.4,3.3
2023-06-10 15:00:00,15,3014.6,3.6
2023-06-10 16:00:00,16,3025.2,3.3
2023-06-10 17:00:00,17,2803.1,2.8
2023-06-10 18:00:00,18,1996.3,2.3
2023-06-10 19:00:00,19,1230.9,1.4
2023-06-10 20:00:00,20,975.6,0.9
2023-06-10 21:00:00,21,205.9,0.0
2023-06-10 22:00:00,22,,0.0
2023-06-10 23:00:00,23,,0.0
2023-06-11 00:00:00,0,,0.0
2023-06-11 01:00:00,1,,0.8
2023-06-11 02:00:00,2,,0.1
2023-06-11 03:00:00,3,,0.4
2023-06-11 04:00:00,4,,0.0
2023-06-11 05:00:00,5,,0.4
2023-06-11 06:00:00,6,,0.0
2023-06-11 07:00:00,7,,0.0
2023-06-11 08:00:00,8,,0.1
2023-06-11 09:00:00,9,,0.0
2023-06-11 10:00:00,10,110.7,1.3
2023-06-11 11:00:00,11,760.3,1.8
2023-06-11 12:00:00,12,1534.5,3.5
2023-06-11 13:00:00,13,2229.0,2.9
2023-06-11 14:00:00,14,2720.2,3.3
2023-06-11 15:00:00,15,2860.8,2.4
2023-06-11 16:00:00,16,2846.8,2.7
2023-06-11 17:00:00,17,2255.4,1.5
2023-06-11 18:00:00,18,2356.8,2.4
2023-06-11 19:00:00,19,1781.9,3.1
2023-06-11 20:00:00,20,972.7,1.8
2023-06-11 21:00:00,21,217.5,1.6
2023-06-11 22:00:00,22,,0.8
2023-06-11 23:00:00,23,,0.5
2023-06-12 00:00:00,0,,0.9
2023-06-12 01:00:00,1,,0.1
2023-06-12 02:00:00,2,,0.5
2023-06-12 03:00:00,3,,0.2
2023-06-12 04:00:00,4,,0.0
2023-06-12 05:00:00,5,,0.7
2023-06-12 06:00:00,6,,0.3
2023-06-12 07:00:00,7,,0.1
2023-06-12 08:00:00,8,,0.0
2023-06-12 09:00:00,9,,0.0
2023-06-12 10:00:00,10,120.7,0.0
2023-06-12 11:00:00,11,774.0,0.8
2023-06-12 12:00:00,12,1551.1,2.5
2023-06-12 13:00:00,13,2229.4,2.9
2023-06-12 14:00:00,14,2742.2,4.0
2023-06-12 15:00:00,15,3016.4,3.1
2023-06-12 16:00:00,16,2998.5,3.5
2023-06-12 17:00:00,17,2676.9,3.9
2023-06-12 18:00:00,18,2140.7,3.5
2023-06-12 19:00:00,19,1736.7,3.5
2023-06-12 20:00:00,20,988.9,2.5
2023-06-12 21:00:00,21,213.6,1.0
2023-06-12 22:00:00,22,,1.2
2023-06-12 23:00:00,23,,0.9
2023-06-13 00:00:00,0,,0.6
2023-06-13 01:00:00,1,,1.1
2023-06-13 02:00:00,2,,1.2
2023-06-13 03:00:00,3,,0.9
2023-06-13 04:00:00,4,,0.9
2023-06-13 05:00:00,5,,1.1
2023-06-13 06:00:00,6,,0.8
2023-06-13 07:00:00,7,,1.0
2023-06-13 08:00:00,8,,0.2
2023-06-13 09:00:00,9,,0.1
2023-06-13 10:00:00,10,123.4,0.0
2023-06-13 11:00:00,11,755.8,1.3
2023-06-13 12:00:00,12,1543.2,3.4
2023-06-13 13:00:00,13,2233.8,4.2
2023-06-13 14:00:00,14,2740.3,4.5
2023-06-13 15:00:00,15,3008.4,3.8
2023-06-13 16:00:00,16,3032.5,3.4
2023-06-13 17:00:00,17,2777.8,2.4
2023-06-13 18:00:00,18,2148.6,2.8
2023-06-13 19:00:00,19,1459.7,2.4
2023-06-13 20:00:00,20,877.9,2.3
2023-06-13 21:00:00,21,217.9,0.8
2023-06-13 22:00:00,22,,0.9
2023-06-13 23:00:00,23,,0.6
2023-06-14 00:00:00,0,,1.1
2023-06-14 01:00:00,1,,0.2
2023-06-14 02:00:00,2,,0.2
2023-06-14 03:00:00,3,,1.1
2023-06-14 04:00:00,4,,0.0
2023-06-14 05:00:00,5,,0.0
2023-06-14 06:00:00,6,,0.0
2023-06-14 07:00:00,7,,0.0
2023-06-14 08:00:00,8,,0.0
2023-06-14 09:00:00,9,,0.0
2023-06-14 10:00:00,10,121.2,1.2
2023-06-14 11:00:00,11,747.4,0.4
2023-06-14 12:00:00,12,1533.9,3.5
2023-06-14 13:00:00,13,2224.1,3.5
2023-06-14 14:00:00,14,2734.6,4.1
2023-06-14 15:00:00,15,2990.5,4.4
2023-06-14 16:00:00,16,3068.8,3.7
2023-06-14 17:00:00,17,2168.7,2.9
2023-06-14 18:00:00,18,2040.4,3.6
2023-06-14 19:00:00,19,1332.3,2.1
2023-06-14 20:00:00,20,621.7,0.6
2023-06-14 21:00:00,21,225.9,0.9
2023-06-14 22:00:00,22,,0.4
2023-06-14 23:00:00,23,,0.0
2023-06-15 00:00:00,0,,0.0
2023-06-15 01:00:00,1,,0.6
2023-06-15 02:00:00,2,,0.0
2023-06-15 03:00:00,3,,0.0
2023-06-15 04:00:00,4,,0.0
2023-06-15 05:00:00,5,,0.6
2023-06-15 06:00:00,6,,0.2
2023-06-15 07:00:00,7,,0.0
2023-06-15 08:00:00,8,,0.5
2023-06-15 09:00:00,9,,0.8
2023-06-15 10:00:00,10,118.4,0.6
2023-06-15 11:00:00,11,751.9,0.0
2023-06-15 12:00:00,12,1537.5,1.1
2023-06-15 13:00:00,13,2236.0,2.8
2023-06-15 14:00:00,14,2731.3,1.7
2023-06-15 15:00:00,15,3007.2,3.8
2023-06-15 16:00:00,16,2916.1,2.9
2023-06-15 17:00:00,17,2577.0,2.8
2023-06-15 18:00:00,18,2036.0,2.8
2023-06-15 19:00:00,19,1759.9,2.4
2023-06-15 20:00:00,20,992.0,1.4
2023-06-15 21:00:00,21,220.9,0.7
2023-06-15 22:00:00,22,,1.1
2023-06-15 23:00:00,23,,0.9
2023-06-16 00:00:00,0,,0.0
2023-06-16 01:00:00,1,,0.1
2023-06-16 02:00:00,2,,0.0
2023-06-16 03:00:00,3,,0.0
2023-06-16 04:00:00,4,,0.5
2023-06-16 05:00:00,5,,0.0
2023-06-16 06:00:00,6,,0.0
2023-06-16 07:00:00,7,,0.0
2023-06-16 08:00:00,8,,0.0
2023-06-16 09:00:00,9,,0.0
2023-06-16 10:00:00,10,65.4,0.0
2023-06-16 11:00:00,11,433.7,0.0
2023-06-16 12:00:00,12,953.0,2.0
2023-06-16 13:00:00,13,1259.9,3.5
2023-06-16 14:00:00,14,2621.0,3.9
2023-06-16 15:00:00,15,3020.3,3.1
2023-06-16 16:00:00,16,2697.0,2.7
2023-06-16 17:00:00,17,1902.9,2.1
2023-06-16 18:00:00,18,1682.6,2.8
2023-06-16 19:00:00,19,724.9,1.9
2023-06-16 20:00:00,20,308.5,1.3
2023-06-16 21:00:00,21,73.6,0.1
2023-06-16 22:00:00,22,,0.6
2023-06-16 23:00:00,23,,0.6
2023-06-17 00:00:00,0,,1.3
2023-06-17 01:00:00,1,,1.6
2023-06-17 02:00:00,2,,1.1
2023-06-17 03:00:00,3,,0.0
2023-06-17 04:00:00,4,,0.0
2023-06-17 05:00:00,5,,0.2
2023-06-17 06:00:00,6,,0.0
2023-06-17 07:00:00,7,,1.3
2023-06-17 08:00:00,8,,1.3
2023-06-17 09:00:00,9,,0.3
2023-06-17 10:00:00,10,129.4,0.4
2023-06-17 11:00:00,11,771.8,1.7
2023-06-17 12:00:00,12,1495.3,3.4
2023-06-17 13:00:00,13,2190.1,4.0
2023-06-17 14:00:00,14,2698.3,4.5
2023-06-17 15:00:00,15,2894.9,3.0
2023-06-17 16:00:00,16,3009.4,3.5
2023-06-17 17:00:00,17,2811.9,3.4
2023-06-17 18:00:00,18,2384.7,3.1
2023-06-17 19:00:00,19,1571.3,1.8
2023-06-17 20:00:00,20,957.0,1.6
2023-06-17 21:00:00,21,191.1,0.3
2023-06-17 22:00:00,22,,0.4
2023-06-17 23:00:00,23,,0.3
2023-06-18 00:00:00,0,,0.5
2023-06-18 01:00:00,1,,0.7
2023-06-18 02:00:00,2,,0.6
2023-06-18 03:00:00,3,,0.0
2023-06-18 04:00:00,4,,0.0
2023-06-18 05:00:00,5,,0.5
2023-06-18 06:00:00,6,,0.3
2023-06-18 07:00:00,7,,0.0
2023-06-18 08:00:00,8,,0.0
2023-06-18 09:00:00,9,,0.9
2023-06-18 10:00:00,10,113.4,0.2
2023-06-18 11:00:00,11,754.5,0.1
2023-06-18 12:00:00,12,1525.5,1.6
2023-06-18 13:00:00,13,2213.9,4.4
2023-06-18 14:00:00,14,2712.2,3.4
2023-06-18 15:00:00,15,2970.0,3.1
2023-06-18 16:00:00,16,3042.4,2.8
2023-06-18 17:00:00,17,2252.4,2.7
2023-06-18 18:00:00,18,2302.3,1.5
2023-06-18 19:00:00,19,1278.2,1.9
2023-06-18 20:00:00,20,840.9,0.4
2023-06-18 21:00:00,21,170.7,0.0
2023-06-18 22:00:00,22,,0.0
2023-06-18 23:00:00,23,,0.0
2023-06-19 00:00:00,0,,0.0
2023-06-19 01:00:00,1,,1.2
2023-06-19 02:00:00,2,,1.2
2023-06-19 03:00:00,3,,0.4
2023-06-19 04:00:00,4,,1.2
2023-06-19 05:00:00,5,,0.2
2023-06-19 06:00:00,6,,1.1
2023-06-19 07:00:00,7,,0.0
2023-06-19 08:00:00,8,,1.2
2023-06-19 09:00:00,9,,0.0
2023-06-19 10:00:00,10,48.3,0.2
2023-06-19 11:00:00,11,671.8,1.4
2023-06-19 12:00:00,12,1541.6,2.5
2023-06-19 13:00:00,13,2218.6,3.4
2023-06-19 14:00:00,14,2705.3,2.8
2023-06-19 15:00:00,15,2980.9,2.8
2023-06-19 16:00:00,16,3014.6,2.1
2023-06-19 17:00:00,17,2807.4,2.9
2023-06-19 18:00:00,18,2362.4,2.0
2023-06-19 19:00:00,19,1770.7,1.0
2023-06-19 20:00:00,20,984.9,0.9
2023-06-19 21:00:00,21,207.8,0.1
2023-06-19 22:00:00,22,,0.0
2023-06-19 23:00:00,23,,0.0
2023-06-20 00:00:00,0,,0.8
2023-06-20 01:00:00,1,,1.0
2023-06-20 02:00:00,2,,1.1
2023-06-20 03:00:00,3,,0.1
2023-06-20 04:00:00,4,,0.2
2023-06-20 05:00:00,5,,1.1
2023-06-20 06:00:00,6,,1.6
2023-06-20 07:00:00,7,,0.5
2023-06-20 08:00:00,8,,0.0
2023-06-20 09:00:00,9,,1.3
2023-06-20 10:00:00,10,94.2,0.1
2023-06-20 11:00:00,11,665.3,0.3
2023-06-20 12:00:00,12,1326.4,2.8
2023-06-20 13:00:00,13,1754.8,3.6
2023-06-20 14:00:00,14,2781.5,3.3
2023-06-20 15:00:00,15,3004.5,3.6
2023-06-20 16:00:00,16,2934.3,3.7
2023-06-20 17:00:00,17,2671.0,3.7
2023-06-20 18:00:00,18,2280.9,2.7
2023-06-20 19:00:00,19,1592.9,3.5
2023-06-20 20:00:00,20,936.1,3.3
2023-06-20 21:00:00,21,252.4,1.3
2023-06-20 22:00:00,22,,1.3
2023-06-20 23:00:00,23,,1.3
2023-06-21 00:00:00,0,,1.7
2023-06-21 01:00:00,1,,1.0
2023-06-21 02:00:00,2,,0.9
2023-06-21 03:00:00,3,,0.5
2023-06-21 04:00:00,4,,0.0
2023-06-21 05:00:00,5,,0.0
2023-06-21 06:00:00,6,,0.2
2023-06-21 07:00:00,7,,0.2
2023-06-21 08:00:00,8,,0.6
2023-06-21 09:00:00,9,,0.0
2023-06-21 10:00:00,10,57.7,0.0
2023-06-21 11:00:00,11,573.8,0.8
2023-06-21 12:00:00,12,1547.1,4.5
2023-06-21 13:00:00,13,2246.6,4.1
2023-06-21 14:00:00,14,2744.7,4.3
2023-06-21 15:00:00,15,2879.9,4.9
2023-06-21 16:00:00,16,3022.9,3.8
2023-06-21 17:00:00,17,2261.6,3.5
2023-06-21 18:00:00,18,1965.9,3.4
2023-06-21 19:00:00,19,1633.8,4.1
2023-06-21 20:00:00,20,792.5,2.1
2023-06-21 21:00:00,21,229.1,0.5
2023-06-21 22:00:00,22,,0.7
2023-06-21 23:00:00,23,,2.8
2023-06-22 00:00:00,0,,2.1
2023-06-22 01:00:00,1,,2.2
2023-06-22 02:00:00,2,,1.9
2023-06-22 03:00:00,3,,2.3
2023-06-22 04:00:00,4,,1.6
2023-06-22 05:00:00,5,,0.7
2023-06-22 06:00:00,6,,0.5
2023-06-22 07:00:00,7,,0.2
2023-06-22 08:00:00,8,,0.2
2023-06-22 09:00:00,9,,0.9
2023-06-22 10:00:00,10,109.9,0.7
2023-06-22 11:00:00,11,760.9,3.4
2023-06-22 12:00:00,12,1510.7,5.5
2023-06-22 13:00:00,13,2220.0,3.8
2023-06-22 14:00:00,14,2757.3,4.3
2023-06-22 15:00:00,15,3009.9,4.1
2023-06-22 16:00:00,16,2992.7,3.4
2023-06-22 17:00:00,17,2815.9,2.9
2023-06-22 18:00:00,18,2177.4,2.8
2023-06-22 19:00:00,19,1508.7,2.4
2023-06-22 20:00:00,20,840.0,2.8
2023-06-22 21:00:00,21,98.8,1.2
2023-06-22 22:00:00,22,,0.8
2023-06-22 23:00:00,23,,0.7
2023-06-23 00:00:00,0,,0.6
2023-06-23 01:00:00,1,,0.8
2023-06-23 02:00:00,2,,0.7
2023-06-23 03:00:00,3,,0.3
2023-06-23 04:00:00,4,,1.0
2023-06-23 05:00:00,5,,0.9
2023-06-23 06:00:00,6,,0.0
2023-06-23 07:00:00,7,,0.0
2023-06-23 08:00:00,8,,0.0
2023-06-23 09:00:00,9,,0.4
2023-06-23 10:00:00,10,114.3,0.1
2023-06-23 11:00:00,11,742.1,0.3
2023-06-23 12:00:00,12,1532.7,3.8
2023-06-23 13:00:00,13,2224.5,3.4
2023-06-23 14:00:00,14,2736.1,2.9
2023-06-23 15:00:00,15,3024.2,4.1
2023-06-23 16:00:00,16,3069.2,4.0
2023-06-23 17:00:00,17,2850.7,4.8
2023-06-23 18:00:00,18,2417.4,4.0
2023-06-23 19:00:00,19,1759.4,2.8
2023-06-23 20:00:00,20,993.9,2.2
2023-06-23 21:00:00,21,220.1,1.8
2023-06-23 22:00:00,22,,0.1
2023-06-23 23:00:00,23,,1.1
2023-06-24 00:00:00,0,,0.4
2023-06-24 01:00:00,1,,0.1
2023-06-24 02:00:00,2,,0.3
2023-06-24 03:00:00,3,,0.2
2023-06-24 04:00:00,4,,1.5
2023-06-24 05:00:00,5,,0.0
2023-06-24 06:00:00,6,,0.0
2023-06-24 07:00:00,7,,0.8
2023-06-24 08:00:00,8,,0.0
2023-06-24 09:00:00,9,,0.0
2023-06-24 10:00:00,10,112.4,0.0
2023-06-24 11:00:00,11,729.0,0.1
2023-06-24 12:00:00,12,1507.5,3.0
2023-06-24 13:00:00,13,2212.2,2.4
2023-06-24 14:00:00,14,2713.6,2.7
2023-06-24 15:00:00,15,3001.5,3.4
2023-06-24 16:00:00,16,2640.8,2.9
2023-06-24 17:00:00,17,2582.5,2.9
2023-06-24 18:00:00,18,2448.4,2.4
2023-06-24 19:00:00,19,1543.0,2.6
2023-06-24 20:00:00,20,920.1,1.9
2023-06-24 21:00:00,21,224.0,0.6
2023-06-24 22:00:00,22,,0.7
2023-06-24 23:00:00,23,,0.4
2023-06-25 00:00:00,0,,0.5
2023-06-25 01:00:00,1,,0.6
2023-06-25 02:00:00,2,,0.8
2023-06-25 03:00:00,3,,0.0
2023-06-25 04:00:00,4,,0.0
2023-06-25 05:00:00,5,,0.6
2023-06-25 06:00:00,6,,0.1
2023-06-25 07:00:00,7,,0.6
2023-06-25 08:00:00,8,,1.6
2023-06-25 09:00:00,9,,0.0
2023-06-25 10:00:00,10,110.9,0.0
2023-06-25 11:00:00,11,715.2,0.0
2023-06-25 12:00:00,12,1507.5,1.7
2023-06-25 13:00:00,13,2190.4,3.0
2023-06-25 14:00:00,14,2723.9,4.6
2023-06-25 15:00:00,15,2834.5,3.3
2023-06-25 16:00:00,16,3060.2,3.4
2023-06-25 17:00:00,17,2897.3,3.5
2023-06-25 18:00:00,18,2382.4,3.8
2023-06-25 19:00:00,19,1698.6,2.7
2023-06-25 20:00:00,20,817.5,3.0
2023-06-25 21:00:00,21,83.3,1.4
2023-06-25 22:00:00,22,,1.4
2023-06-25 23:00:00,23,,1.3
2023-06-26 00:00:00,0,,1.9
2023-06-26 01:00:00,1,,0.5
2023-06-26 02:00:00,2,,0.0
2023-06-26 03:00:00,3,,0.8
2023-06-26 04:00:00,4,,1.1
2023-06-26 05:00:00,5,,0.6
2023-06-26 06:00:00,6,,0.0
2023-06-26 07:00:00,7,,0.0
2023-06-26 08:00:00,8,,0.3
2023-06-26 09:00:00,9,,0.5
2023-06-26 10:00:00,10,33.6,0.0
2023-06-26 11:00:00,11,723.7,0.1
2023-06-26 12:00:00,12,1563.0,2.8
2023-06-26 13:00:00,13,2264.0,2.7
2023-06-26 14:00:00,14,2758.2,4.5
2023-06-26 15:00:00,15,3047.5,3.4
2023-06-26 16:00:00,16,3063.3,2.2
2023-06-26 17:00:00,17,2834.6,3.2
2023-06-26 18:00:00,18,2470.1,4.1
2023-06-26 19:00:00,19,1866.4,2.9
2023-06-26 20:00:00,20,1000.5,2.2
2023-06-26 21:00:00,21,232.8,1.1
2023-06-26 22:00:00,22,,1.2
2023-06-26 23:00:00,23,,1.0
2023-06-27 00:00:00,0,,1.3
2023-06-27 01:00:00,1,,0.3
2023-06-27 02:00:00,2,,0.0
2023-06-27 03:00:00,3,,1.0
2023-06-27 04:00:00,4,,0.0
2023-06-27 05:00:00,5,,0.0
2023-06-27 06:00:00,6,,0.0
2023-06-27 07:00:00,7,,0.0
2023-06-27 08:00:00,8,,0.9
2023-06-27 09:00:00,9,,0.5
2023-06-27 10:00:00,10,73.2,0.0
2023-06-27 11:00:00,11,411.6,0.1
2023-06-27 12:00:00,12,1428.0,2.2
2023-06-27 13:00:00,13,2207.5,4.8
2023-06-27 14:00:00,14,2718.9,4.2
2023-06-27 15:00:00,15,3007.8,3.2
2023-06-27 16:00:00,16,2842.9,3.5
2023-06-27 17:00:00,17,2428.1,2.7
2023-06-27 18:00:00,18,1789.5,2.0
2023-06-27 19:00:00,19,1587.8,2.7
2023-06-27 20:00:00,20,849.8,2.0
2023-06-27 21:00:00,21,237.9,0.5
2023-06-27 22:00:00,22,,0.6
2023-06-27 23:00:00,23,,0.5
2023-06-28 00:00:00,0,,0.1
2023-06-28 01:00:00,1,,0.2
2023-06-28 02:00:00,2,,0.0
2023-06-28 03:00:00,3,,0.2
2023-06-28 04:00:00,4,,0.0
2023-06-28 05:00:00,5,,1.3
2023-06-28 06:00:00,6,,0.6
2023-06-28 07:00:00,7,,0.5
2023-06-28 08:00:00,8,,0.0
2023-06-28 09:00:00,9,,0.0
2023-06-28 10:00:00,10,109.1,0.0
2023-06-28 11:00:00,11,729.4,0.3
2023-06-28 12:00:00,12,1509.2,2.6
2023-06-28 13:00:00,13,2208.9,4.6
2023-06-28 14:00:00,14,2719.2,3.5
2023-06-28 15:00:00,15,3014.1,5.4
2023-06-28 16:00:00,16,3096.6,3.3
2023-06-28 17:00:00,17,2751.1,2.4
2023-06-28 18:00:00,18,1910.5,2.6
2023-06-28 19:00:00,19,1889.1,2.3
2023-06-28 20:00:00,20,1032.2,0.6
2023-06-28 21:00:00,21,266.5,0.8
2023-06-28 22:00:00,22,,0.8
2023-06-28 23:00:00,23,,1.0
2023-06-29 00:00:00,0,,0.0
2023-06-29 01:00:00,1,,0.5
2023-06-29 02:00:00,2,,1.3
2023-06-29 03:00:00,3,,0.3
2023-06-29 04:00:00,4,,0.3
2023-06-29 05:00:00,5,,0.0
2023-06-29 06:00:00,6,,0.1
2023-06-29 07:00:00,7,,0.0
2023-06-29 08:00:00,8,,0.5
2023-06-29 09:00:00,9,,0.0
2023-06-29 10:00:00,10,31.7,0.2
2023-06-29 11:00:00,11,286.8,1.7
2023-06-29 12:00:00,12,938.6,1.9
2023-06-29 13:00:00,13,2190.9,3.7
2023-06-29 14:00:00,14,2709.1,3.1
2023-06-29 15:00:00,15,2988.0,4.5
2023-06-29 16:00:00,16,3016.9,3.4
2023-06-29 17:00:00,17,2858.7,3.0
2023-06-29 18:00:00,18,2289.7,2.6
2023-06-29 19:00:00,19,1417.7,0.6
2023-06-29 20:00:00,20,744.6,1.4
2023-06-29 21:00:00,21,138.0,0.0
2023-06-29 22:00:00,22,,0.0
2023-06-29 23:00:00,23,,0.1
2023-06-30 00:00:00,0,,0.0
2023-06-30 01:00:00,1,,0.0
2023-06-30 02:00:00,2,,0.8
2023-06-30 03:00:00,3,,0.3
2023-06-30 04:00:00,4,,1.1
2023-06-30 05:00:00,5,,1.0
2023-06-30 06:00:00,6,,0.0
2023-06-30 07:00:00,7,,0.4
2023-06-30 08:00:00,8,,0.8
2023-06-30 09:00:00,9,,0.4
2023-06-30 10:00:00,10,95.1,0.4
2023-06-30 11:00:00,11,720.6,1.4
2023-06-30 12:00:00,12,1500.4,3.1
2023-06-30 13:00:00,13,2201.7,4.1
2023-06-30 14:00:00,14,2709.8,3.5
2023-06-30 15:00:00,15,2984.3,3.3
2023-06-30 16:00:00,16,3027.0,2.9
2023-06-30 17:00:00,17,2464.1,2.1
2023-06-30 18:00:00,18,1695.3,1.1
2023-06-30 19:00:00,19,1841.4,0.7
2023-06-30 20:00:00,20,1031.2,1.8
2023-06-30 21:00:00,21,106.8,1.0
2023-06-30 22:00:00,22,,0.1
2023-06-30 23:00:00,23,,0.1
2023-07-01 00:00:00,0,,0.0
2023-07-01 01:00:00,1,,0.0
2023-07-01 02:00:00,2,,1.3
2023-07-01 03:00:00,3,,1.4
2023-07-01 04:00:00,4,,0.1
2023-07-01 05:00:00,5,,0.1
2023-07-01 06:00:00,6,,0.0
2023-07-01 07:00:00,7,,0.5
2023-07-01 08:00:00,8,,0.1
2023-07-01 09:00:00,9,,0.4
2023-07-01 10:00:00,10,97.4,0.3
2023-07-01 11:00:00,11,726.9,0.7
2023-07-01 12:00:00,12,1508.3,3.7
2023-07-01 13:00:00,13,2212.1,4.3
2023-07-01 14:00:00,14,2714.3,3.7
2023-07-01 15:00:00,15,2991.5,4.4
2023-07-01 16:00:00,16,3036.5,4.0
2023-07-01 17:00:00,17,2781.3,2.3
2023-07-01 18:00:00,18,2447.8,2.8
2023-07-01 19:00:00,19,1693.1,0.9
2023-07-01 20:00:00,20,1098.6,1.2
2023-07-01 21:00:00,21,204.3,0.2
2023-07-01 22:00:00,22,,0.3
2023-07-01 23:00:00,23,,0.0
2023-07-02 00:00:00,0,,0.3
2023-07-02 01:00:00,1,,1.1
2023-07-02 02:00:00,2,,1.7
2023-07-02 03:00:00,3,,1.2
2023-07-02 04:00:00,4,,1.4
2023-07-02 05:00:00,5,,0.0
2023-07-02 06:00:00,6,,0.1
2023-07-02 07:00:00,7,,0.1
2023-07-02 08:00:00,8,,0.6
2023-07-02 09:00:00,9,,0.0
2023-07-02 10:00:00,10,104.8,0.0
2023-07-02 11:00:00,11,717.7,1.8
2023-07-02 12:00:00,12,1514.0,3.2
2023-07-02 13:00:00,13,2238.7,4.3
2023-07-02 14:00:00,14,2723.0,4.2
2023-07-02 15:00:00,15,3035.9,3.7
2023-07-02 16:00:00,16,2751.3,3.5
2023-07-02 17:00:00,17,2905.5,3.1
2023-07-02 18:00:00,18,1243.1,1.0
2023-07-02 19:00:00,19,1891.4,1.0
2023-07-02 20:00:00,20,880.4,1.7
2023-07-02 21:00:00,21,258.0,0.0
2023-07-02 22:00:00,22,,0.4
2023-07-02 23:00:00,23,,0.0
2023-07-03 00:00:00,0,,0.4
2023-07-03 01:00:00,1,,0.5
2023-07-03 02:00:00,2,,0.5
2023-07-03 03:00:00,3,,0.6
2023-07-03 04:00:00,4,,1.6
2023-07-03 05:00:00,5,,0.8
2023-07-03 06:00:00,6,,1.1
2023-07-03 07:00:00,7,,0.0
2023-07-03 08:00:00,8,,1.1
2023-07-03 09:00:00,9,,0.0
2023-07-03 10:00:00,10,75.4,0.2
2023-07-03 11:00:00,11,668.2,2.2
2023-07-03 12:00:00,12,1508.3,2.0
2023-07-03 13:00:00,13,2180.0,2.6
2023-07-03 14:00:00,14,2709.1,4.1
2023-07-03 15:00:00,15,2981.4,2.6
2023-07-03 16:00:00,16,3059.9,3.2
2023-07-03 17:00:00,17,1881.7,2.2
2023-07-03 18:00:00,18,2272.8,2.5
2023-07-03 19:00:00,19,1875.3,1.5
2023-07-03 20:00:00,20,1049.3,0.7
2023-07-03 21:00:00,21,250.2,0.1
2023-07-03 22:00:00,22,,0.2
2023-07-03 23:00:00,23,,0.0
2023-07-04 00:00:00,0,,0.1
2023-07-04 01:00:00,1,,0.6
2023-07-04 02:00:00,2,,0.4
2023-07-04 03:00:00,3,,0.8
2023-07-04 04:00:00,4,,1.2
2023-07-04 05:00:00,5,,2.2
2023-07-04 06:00:00,6,,0.2
2023-07-04 07:00:00,7,,0.5
2023-07-04 08:00:00,8,,0.0
2023-07-04 09:00:00,9,,0.4
2023-07-04 10:00:00,10,93.9,0.0
2023-07-04 11:00:00,11,720.4,1.0
2023-07-04 12:00:00,12,1506.5,3.6
2023-07-04 13:00:00,13,2216.1,4.3
2023-07-04 14:00:00,14,2735.4,3.0
2023-07-04 15:00:00,15,3020.6,3.5
2023-07-04 16:00:00,16,3057.7,3.2
2023-07-04 17:00:00,17,2855.3,2.9
2023-07-04 18:00:00,18,2442.0,2.2
2023-07-04 19:00:00,19,1822.1,3.0
2023-07-04 20:00:00,20,1004.0,1.6
2023-07-04 21:00:00,21,230.4,0.2
2023-07-04 22:00:00,22,,0.0
2023-07-04 23:00:00,23,,0.8
2023-07-05 00:00:00,0,,0.5
2023-07-05 01:00:00,1,,0.0
2023-07-05 02:00:00,2,,0.0
2023-07-05 03:00:00,3,,0.1
2023-07-05 04:00:00,4,,0.0
2023-07-05 05:00:00,5,,0.0
2023-07-05 06:00:00,6,,0.0
2023-07-05 07:00:00,7,,0.7
2023-07-05 08:00:00,8,,0.4
2023-07-05 09:00:00,9,,0.0
2023-07-05 10:00:00,10,91.7,0.0
2023-07-05 11:00:00,11,714.3,1.0
2023-07-05 12:00:00,12,1508.4,4.8
2023-07-05 13:00:00,13,2214.3,5.1
2023-07-05 14:00:00,14,2706.1,4.5
2023-07-05 15:00:00,15,2980.4,4.1
2023-07-05 16:00:00,16,3032.5,4.3
2023-07-05 17:00:00,17,2785.9,3.3
2023-07-05 18:00:00,18,2409.9,2.6
2023-07-05 19:00:00,19,1784.3,3.2
2023-07-05 20:00:00,20,1015.4,3.1
2023-07-05 21:00:00,21,249.7,1.9
2023-07-05 22:00:00,22,,2.2
2023-07-05 23:00:00,23,,0.8
2023-07-06 00:00:00,0,,1.2
2023-07-06 01:00:00,1,,0.0
2023-07-06 02:00:00,2,,0.2
2023-07-06 03:00:00,3,,0.0
2023-07-06 04:00:00,4,,0.0
2023-07-06 05:00:00,5,,0.1
2023-07-06 06:00:00,6,,0.6
2023-07-06 07:00:00,7,,1.2
2023-07-06 08:00:00,8,,0.0
2023-07-06 09:00:00,9,,0.0
2023-07-06 10:00:00,10,80.5,0.5
2023-07-06 11:00:00,11,618.2,0.1
2023-07-06 12:00:00,12,1489.8,2.2
2023-07-06 13:00:00,13,2174.1,4.2
2023-07-06 14:00:00,14,2584.4,3.0
2023-07-06 15:00:00,15,2992.8,3.7
2023-07-06 16:00:00,16,3047.6,2.8
2023-07-06 17:00:00,17,2764.6,3.3
2023-07-06 18:00:00,18,1617.5,1.4
2023-07-06 19:00:00,19,1255.3,1.0
2023-07-06 20:00:00,20,863.8,0.8
2023-07-06 21:00:00,21,173.5,0.8
2023-07-06 22:00:00,22,,0.8
2023-07-06 23:00:00,23,,1.0
2023-07-07 00:00:00,0,,1.6
2023-07-07 01:00:00,1,,0.2
2023-07-07 02:00:00,2,,1.2
2023-07-07 03:00:00,3,,1.0
2023-07-07 04:00:00,4,,0.4
2023-07-07 05:00:00,5,,1.3
2023-07-07 06:00:00,6,,0.6
2023-07-07 07:00:00,7,,0.0
2023-07-07 08:00:00,8,,0.8
2023-07-07 09:00:00,9,,0.0
2023-07-07 10:00:00,10,102.1,0.0
2023-07-07 11:00:00,11,702.8,0.1
2023-07-07 12:00:00,12,1505.2,3.1
2023-07-07 13:00:00,13,2214.6,4.2
2023-07-07 14:00:00,14,2744.8,4.7
2023-07-07 15:00:00,15,3041.6,3.4
2023-07-07 16:00:00,16,3003.5,3.1
2023-07-07 17:00:00,17,1976.0,3.5
2023-07-07 18:00:00,18,2397.0,3.3
2023-07-07 19:00:00,19,1731.5,2.6
2023-07-07 20:00:00,20,1098.6,2.1
2023-07-07 21:00:00,21,284.4,0.9
2023-07-07 22:00:00,22,,0.3
2023-07-07 23:00:00,23,,0.7
2023-07-08 00:00:00,0,,0.0
2023-07-08 01:00:00,1,,0.3
2023-07-08 02:00:00,2,,0.1
2023-07-08 03:00:00,3,,0.0
2023-07-08 04:00:00,4,,0.9
2023-07-08 05:00:00,5,,0.1
2023-07-08 06:00:00,6,,0.4
2023-07-08 07:00:00,7,,0.8
2023-07-08 08:00:00,8,,0.3
2023-07-08 09:00:00,9,,0.5
2023-07-08 10:00:00,10,86.4,0.4
2023-07-08 11:00:00,11,712.4,0.4
2023-07-08 12:00:00,12,1506.7,3.6
2023-07-08 13:00:00,13,2210.5,4.1
2023-07-08 14:00:00,14,2736.6,3.4
2023-07-08 15:00:00,15,2858.6,2.8
2023-07-08 16:00:00,16,2609.2,2.5
2023-07-08 17:00:00,17,1971.5,2.3
2023-07-08 18:00:00,18,1941.7,1.9
2023-07-08 19:00:00,19,1805.9,2.9
2023-07-08 20:00:00,20,718.6,1.8
2023-07-08 21:00:00,21,239.2,0.0
2023-07-08 22:00:00,22,,0.0
2023-07-08 23:00:00,23,,0.0
2023-07-09 00:00:00,0,,0.7
2023-07-09 01:00:00,1,,0.9
2023-07-09 02:00:00,2,,0.0
2023-07-09 03:00:00,3,,0.2
2023-07-09 04:00:00,4,,0.0
2023-07-09 05:00:00,5,,0.0
2023-07-09 06:00:00,6,,0.0
2023-07-09 07:00:00,7,,1.1
2023-07-09 08:00:00,8,,0.0
2023-07-09 09:00:00,9,,0.0
2023-07-09 10:00:00,10,45.5,0.0
2023-07-09 11:00:00,11,464.2,0.1
2023-07-09 12:00:00,12,1262.6,1.7
2023-07-09 13:00:00,13,2146.0,3.7
2023-07-09 14:00:00,14,2720.7,3.6
2023-07-09 15:00:00,15,2915.6,3.0
2023-07-09 16:00:00,16,2976.9,2.9
2023-07-09 17:00:00,17,2172.6,2.2
2023-07-09 18:00:00,18,1633.8,1.0
2023-07-09 19:00:00,19,1030.7,1.1
2023-07-09 20:00:00,20,1017.6,1.0
2023-07-09 21:00:00,21,131.7,3.0
2023-07-09 22:00:00,22,,0.5
2023-07-09 23:00:00,23,,0.6
2023-07-10 00:00:00,0,,0.3
2023-07-10 01:00:00,1,,0.5
2023-07-10 02:00:00,2,,0.2
2023-07-10 03:00:00,3,,0.9
2023-07-10 04:00:00,4,,0.3
2023-07-10 05:00:00,5,,0.1
2023-07-10 06:00:00,6,,0.0
2023-07-10 07:00:00,7,,0.0
2023-07-10 08:00:00,8,,0.0
2023-07-10 09:00:00,9,,0.1
2023-07-10 10:00:00,10,68.9,0.6
2023-07-10 11:00:00,11,632.4,1.3
2023-07-10 12:00:00,12,848.3,1.2
2023-07-10 13:00:00,13,2167.7,3.1
2023-07-10 14:00:00,14,2634.8,4.1
2023-07-10 15:00:00,15,2760.3,3.7
2023-07-10 16:00:00,16,2946.3,3.6
2023-07-10 17:00:00,17,2350.0,2.7
2023-07-10 18:00:00,18,2448.5,2.6
2023-07-10 19:00:00,19,1798.0,2.6
2023-07-10 20:00:00,20,1030.4,2.4
2023-07-10 21:00:00,21,217.4,1.0
2023-07-10 22:00:00,22,,0.9
2023-07-10 23:00:00,23,,0.8
2023-07-11 00:00:00,0,,0.9
2023-07-11 01:00:00,1,,0.9
2023-07-11 02:00:00,2,,0.7
2023-07-11 03:00:00,3,,1.3
2023-07-11 04:00:00,4,,0.0
2023-07-11 05:00:00,5,,0.0
2023-07-11 06:00:00,6,,0.9
2023-07-11 07:00:00,7,,0.0
2023-07-11 08:00:00,8,,0.0
2023-07-11 09:00:00,9,,0.0
2023-07-11 10:00:00,10,80.6,0.0
2023-07-11 11:00:00,11,718.5,1.1
2023-07-11 12:00:00,12,1512.3,3.2
2023-07-11 13:00:00,13,2213.3,4.6
2023-07-11 14:00:00,14,2744.5,3.7
2023-07-11 15:00:00,15,3018.0,4.0
2023-07-11 16:00:00,16,3108.9,3.0
2023-07-11 17:00:00,17,2600.5,2.9
2023-07-11 18:00:00,18,2500.4,2.0
2023-07-11 19:00:00,19,1594.3,1.7
2023-07-11 20:00:00,20,786.8,2.1
2023-07-11 21:00:00,21,114.8,0.0
2023-07-11 22:00:00,22,,0.0
2023-07-11 23:00:00,23,,0.0
2023-07-12 00:00:00,0,,0.0
2023-07-12 01:00:00,1,,0.8
2023-07-12 02:00:00,2,,0.5
2023-07-12 03:00:00,3,,0.5
2023-07-12 04:00:00,4,,0.0
2023-07-12 05:00:00,5,,0.3
2023-07-12 06:00:00,6,,0.0
2023-07-12 07:00:00,7,,0.0
2023-07-12 08:00:00,8,,1.1
2023-07-12 09:00:00,9,,0.8
2023-07-12 10:00:00,10,95.6,0.5
2023-07-12 11:00:00,11,743.5,1.5
2023-07-12 12:00:00,12,1498.3,3.6
2023-07-12 13:00:00,13,2207.5,2.8
2023-07-12 14:00:00,14,2724.4,3.3
2023-07-12 15:00:00,15,3019.2,4.1
2023-07-12 16:00:00,16,3082.1,2.9
2023-07-12 17:00:00,17,2651.1,3.0
2023-07-12 18:00:00,18,2249.8,2.2
2023-07-12 19:00:00,19,1216.4,1.6
2023-07-12 20:00:00,20,1023.3,0.8
2023-07-12 21:00:00,21,286.1,0.0
2023-07-12 22:00:00,22,,0.0
2023-07-12 23:00:00,23,,0.0
2023-07-13 00:00:00,0,,0.8
2023-07-13 01:00:00,1,,0.0
2023-07-13 02:00:00,2,,0.8
2023-07-13 03:00:00,3,,1.7
2023-07-13 04:00:00,4,,1.7
2023-07-13 05:00:00,5,,1.1
2023-07-13 06:00:00,6,,0.3
2023-07-13 07:00:00,7,,0.1
2023-07-13 08:00:00,8,,0.0
2023-07-13 09:00:00,9,,0.0
2023-07-13 10:00:00,10,64.2,0.1
2023-07-13 11:00:00,11,672.8,0.2
2023-07-13 12:00:00,12,1508.9,0.8
2023-07-13 13:00:00,13,1730.2,3.9
2023-07-13 14:00:00,14,2695.6,3.8
2023-07-13 15:00:00,15,2893.1,2.9
2023-07-13 16:00:00,16,2919.3,1.9
2023-07-13 17:00:00,17,2907.7,1.8
2023-07-13 18:00:00,18,2231.4,3.0
2023-07-13 19:00:00,19,1834.6,1.8
2023-07-13 20:00:00,20,956.8,1.7
2023-07-13 21:00:00,21,262.8,0.4
2023-07-13 22:00:00,22,,0.6
2023-07-13 23:00:00,23,,0.3
2023-07-14 00:00:00,0,,1.0
2023-07-14 01:00:00,1,,0.0
2023-07-14 02:00:00,2,,0.0
2023-07-14 03:00:00,3,,0.0
2023-07-14 04:00:00,4,,0.0
2023-07-14 05:00:00,5,,0.0
2023-07-14 06:00:00,6,,0.0
2023-07-14 07:00:00,7,,0.7
2023-07-14 08:00:00,8,,0.0
2023-07-14 09:00:00,9,,0.2
2023-07-14 10:00:00,10,79.7,0.0
2023-07-14 11:00:00,11,682.2,0.0
2023-07-14 12:00:00,12,1473.9,0.1
2023-07-14 13:00:00,13,2194.6,0.6
2023-07-14 14:00:00,14,2725.1,1.1
2023-07-14 15:00:00,15,2999.9,2.0
2023-07-14 16:00:00,16,2625.1,1.3
2023-07-14 17:00:00,17,3001.5,1.5
2023-07-14 18:00:00,18,2556.3,1.2
2023-07-14 19:00:00,19,1715.1,1.3
2023-07-14 20:00:00,20,1051.9,1.5
2023-07-14 21:00:00,21,259.2,0.0
2023-07-14 22:00:00,22,,0.6
2023-07-14 23:00:00,23,,0.5
2023-07-15 00:00:00,0,,0.0
2023-07-15 01:00:00,1,,0.3
2023-07-15 02:00:00,2,,1.2
2023-07-15 03:00:00,3,,0.1
2023-07-15 04:00:00,4,,0.1
2023-07-15 05:00:00,5,,1.0
2023-07-15 06:00:00,6,,0.6
2023-07-15 07:00:00,7,,0.2
2023-07-15 08:00:00,8,,0.9
2023-07-15 09:00:00,9,,0.2
2023-07-15 10:00:00,10,81.2,0.3
2023-07-15 11:00:00,11,651.0,1.1
2023-07-15 12:00:00,12,1192.1,1.4
2023-07-15 13:00:00,13,2115.9,3.6
2023-07-15 14:00:00,14,2543.7,2.3
2023-07-15 15:00:00,15,2667.4,3.6
2023-07-15 16:00:00,16,2943.6,3.4
2023-07-15 17:00:00,17,2479.1,2.1
2023-07-15 18:00:00,18,2475.9,2.5
2023-07-15 19:00:00,19,1850.3,2.3
2023-07-15 20:00:00,20,1076.1,2.4
2023-07-15 21:00:00,21,273.3,1.1
2023-07-15 22:00:00,22,,1.0
2023-07-15 23:00:00,23,,1.7
2023-07-16 00:00:00,0,,0.4
2023-07-16 01:00:00,1,,0.2
2023-07-16 02:00:00,2,,0.0
2023-07-16 03:00:00,3,,0.3
2023-07-16 04:00:00,4,,0.3
2023-07-16 05:00:00,5,,0.1
2023-07-16 06:00:00,6,,0.1
2023-07-16 07:00:00,7,,1.0
2023-07-16 08:00:00,8,,0.0
2023-07-16 09:00:00,9,,1.3
2023-07-16 10:00:00,10,73.5,0.0
2023-07-16 11:00:00,11,708.3,0.4
2023-07-16 12:00:00,12,1508.1,2.6
2023-07-16 13:00:00,13,2236.5,3.5
2023-07-16 14:00:00,14,2763.3,3.2
2023-07-16 15:00:00,15,3062.6,3.4
2023-07-16 16:00:00,16,3107.5,3.1
2023-07-16 17:00:00,17,2931.2,2.8
2023-07-16 18:00:00,18,2533.1,3.6
2023-07-16 19:00:00,19,1903.8,3.1
2023-07-16 20:00:00,20,1044.8,2.6
2023-07-16 21:00:00,21,252.9,1.4
2023-07-16 22:00:00,22,,0.0
2023-07-16 23:00:00,23,,0.0
2023-07-17 00:00:00,0,,0.6
2023-07-17 01:00:00,1,,0.7
2023-07-17 02:00:00,2,,1.3
2023-07-17 03:00:00,3,,0.4
2023-07-17 04:00:00,4,,0.1
2023-07-17 05:00:00,5,,0.0
2023-07-17 06:00:00,6,,1.1
2023-07-17 07:00:00,7,,0.8
2023-07-17 08:00:00,8,,0.4
2023-07-17 09:00:00,9,,0.3
2023-07-17 10:00:00,10,68.7,0.4
2023-07-17 11:00:00,11,713.7,0.5
2023-07-17 12:00:00,12,1513.1,2.5
2023-07-17 13:00:00,13,2258.0,2.4
2023-07-17 14:00:00,14,2792.6,4.1
2023-07-17 15:00:00,15,3093.5,4.4
2023-07-17 16:00:00,16,3150.0,4.4
2023-07-17 17:00:00,17,2870.7,4.1
2023-07-17 18:00:00,18,2473.6,3.0
2023-07-17 19:00:00,19,1907.1,2.9
2023-07-17 20:00:00,20,953.6,2.1
2023-07-17 21:00:00,21,244.1,2.2
2023-07-17 22:00:00,22,,0.9
2023-07-17 23:00:00,23,,1.2
2023-07-18 00:00:00,0,,0.8
2023-07-18 01:00:00,1,,0.8
2023-07-18 02:00:00,2,,1.1
2023-07-18 03:00:00,3,,1.3
2023-07-18 04:00:00,4,,1.3
2023-07-18 05:00:00,5,,0.3
2023-07-18 06:00:00,6,,0.1
2023-07-18 07:00:00,7,,0.7
2023-07-18 08:00:00,8,,0.2
2023-07-18 09:00:00,9,,0.3
2023-07-18 10:00:00,10,62.3,0.0
2023-07-18 11:00:00,11,735.5,0.1
2023-07-18 12:00:00,12,1537.2,3.3
2023-07-18 13:00:00,13,2272.9,2.6
2023-07-18 14:00:00,14,2798.3,3.9
2023-07-18 15:00:00,15,3084.6,3.7
2023-07-18 16:00:00,16,3153.4,4.0
2023-07-18 17:00:00,17,2955.7,3.3
2023-07-18 18:00:00,18,2539.1,3.2
2023-07-18 19:00:00,19,1902.4,3.2
2023-07-18 20:00:00,20,1058.9,2.2
2023-07-18 21:00:00,21,213.9,2.1
2023-07-18 22:00:00,22,,0.7
2023-07-18 23:00:00,23,,1.5
2023-07-19 00:00:00,0,,0.7
2023-07-19 01:00:00,1,,0.0
2023-07-19 02:00:00,2,,1.0
2023-07-19 03:00:00,3,,0.0
2023-07-19 04:00:00,4,,0.1
2023-07-19 05:00:00,5,,0.1
2023-07-19 06:00:00,6,,0.0
2023-07-19 07:00:00,7,,0.0
2023-07-19 08:00:00,8,,1.3
2023-07-19 09:00:00,9,,0.1
2023-07-19 10:00:00,10,59.7,1.2
2023-07-19 11:00:00,11,698.6,0.5
2023-07-19 12:00:00,12,1491.2,1.0
2023-07-19 13:00:00,13,2227.3,2.5
2023-07-19 14:00:00,14,2763.7,3.1
2023-07-19 15:00:00,15,3068.2,2.9
2023-07-19 16:00:00,16,3136.5,2.7
2023-07-19 17:00:00,17,2945.7,2.4
2023-07-19 18:00:00,18,2528.4,3.4
2023-07-19 19:00:00,19,1883.8,1.6
2023-07-19 20:00:00,20,928.4,1.6
2023-07-19 21:00:00,21,203.4,0.1
2023-07-19 22:00:00,22,,0.5
2023-07-19 23:00:00,23,,0.1
2023-07-20 00:00:00,0,,0.0
2023-07-20 01:00:00,1,,1.0
2023-07-20 02:00:00,2,,1.4
2023-07-20 03:00:00,3,,0.0
2023-07-20 04:00:00,4,,0.2
2023-07-20 05:00:00,5,,0.4
2023-07-20 06:00:00,6,,0.0
2023-07-20 07:00:00,7,,0.4
2023-07-20 08:00:00,8,,0.8
2023-07-20 09:00:00,9,,0.1
2023-07-20 10:00:00,10,61.8,0.0
2023-07-20 11:00:00,11,710.7,0.0
2023-07-20 12:00:00,12,1519.1,2.8
2023-07-20 13:00:00,13,2228.5,4.8
2023-07-20 14:00:00,14,2786.6,6.1
2023-07-20 15:00:00,15,3113.4,4.1
2023-07-20 16:00:00,16,3180.8,5.5
2023-07-20 17:00:00,17,2980.5,4.2
2023-07-20 18:00:00,18,2549.7,3.7
2023-07-20 19:00:00,19,1901.2,4.1
2023-07-20 20:00:00,20,1033.5,4.0
2023-07-20 21:00:00,21,269.3,1.5
2023-07-20 22:00:00,22,,0.2
2023-07-20 23:00:00,23,,0.8
2023-07-21 00:00:00,0,,1.7
2023-07-21 01:00:00,1,,1.8
2023-07-21 02:00:00,2,,1.4
2023-07-21 03:00:00,3,,0.9
2023-07-21 04:00:00,4,,0.5
2023-07-21 05:00:00,5,,0.6
2023-07-21 06:00:00,6,,0.6
2023-07-21 07:00:00,7,,1.2
2023-07-21 08:00:00,8,,0.2
2023-07-21 09:00:00,9,,1.5
2023-07-21 10:00:00,10,57.8,1.2
2023-07-21 11:00:00,11,769.4,1.9
2023-07-21 12:00:00,12,1586.6,4.7
2023-07-21 13:00:00,13,2326.0,4.6
2023-07-21 14:00:00,14,2856.9,5.0
2023-07-21 15:00:00,15,3161.0,4.0
2023-07-21 16:00:00,16,3216.1,4.1
2023-07-21 17:00:00,17,2909.4,4.2
2023-07-21 18:00:00,18,1597.1,2.9
2023-07-21 19:00:00,19,1898.9,3.1
2023-07-21 20:00:00,20,1147.9,4.2
2023-07-21 21:00:00,21,239.2,1.6
2023-07-21 22:00:00,22,,1.1
2023-07-21 23:00:00,23,,1.0
2023-07-22 00:00:00,0,,2.1
2023-07-22 01:00:00,1,,0.6
2023-07-22 02:00:00,2,,0.1
2023-07-22 03:00:00,3,,1.1
2023-07-22 04:00:00,4,,0.0
2023-07-22 05:00:00,5,,1.1
2023-07-22 06:00:00,6,,0.0
2023-07-22 07:00:00,7,,0.0
2023-07-22 08:00:00,8,,0.0
2023-07-22 09:00:00,9,,0.0
2023-07-22 10:00:00,10,54.6,0.1
2023-07-22 11:00:00,11,747.8,0.7
2023-07-22 12:00:00,12,1553.6,4.0
2023-07-22 13:00:00,13,2308.1,5.3
2023-07-22 14:00:00,14,2827.1,6.4
2023-07-22 15:00:00,15,3121.3,5.9
2023-07-22 16:00:00,16,3194.5,4.9
2023-07-22 17:00:00,17,2977.3,5.0
2023-07-22 18:00:00,18,2539.8,4.8
2023-07-22 19:00:00,19,1891.4,3.9
2023-07-22 20:00:00,20,1053.9,3.0
2023-07-22 21:00:00,21,209.3,0.5
2023-07-22 22:00:00,22,,0.9
2023-07-22 23:00:00,23,,0.9
2023-07-23 00:00:00,0,,0.3
2023-07-23 01:00:00,1,,1.0
2023-07-23 02:00:00,2,,1.0
2023-07-23 03:00:00,3,,0.0
2023-07-23 04:00:00,4,,0.8
2023-07-23 05:00:00,5,,1.6
2023-07-23 06:00:00,6,,1.2
2023-07-23 07:00:00,7,,0.1
2023-07-23 08:00:00,8,,0.8
2023-07-23 09:00:00,9,,2.0
2023-07-23 10:00:00,10,52.4,0.7
2023-07-23 11:00:00,11,738.2,0.0
2023-07-23 12:00:00,12,1528.8,3.1
2023-07-23 13:00:00,13,2276.4,4.4
2023-07-23 14:00:00,14,2788.0,5.4
2023-07-23 15:00:00,15,3086.4,5.5
2023-07-23 16:00:00,16,3143.7,4.9
2023-07-23 17:00:00,17,2926.2,4.5
2023-07-23 18:00:00,18,2493.7,3.1
2023-07-23 19:00:00,19,1868.9,3.1
2023-07-23 20:00:00,20,1023.8,3.7
2023-07-23 21:00:00,21,209.2,2.1
2023-07-23 22:00:00,22,,0.7
2023-07-23 23:00:00,23,,0.7
2023-07-24 00:00:00,0,,0.0
2023-07-24 01:00:00,1,,1.0
2023-07-24 02:00:00,2,,1.1
2023-07-24 03:00:00,3,,0.0
2023-07-24 04:00:00,4,,0.8
2023-07-24 05:00:00,5,,1.7
2023-07-24 06:00:00,6,,1.1
2023-07-24 07:00:00,7,,0.0
2023-07-24 08:00:00,8,,0.7
2023-07-24 09:00:00,9,,0.9
2023-07-24 10:00:00,10,54.6,0.7
2023-07-24 11:00:00,11,740.7,0.2
2023-07-24 12:00:00,12,1534.4,2.7
2023-07-24 13:00:00,13,2280.2,4.2
2023-07-24 14:00:00,14,2790.0,3.9
2023-07-24 15:00:00,15,3084.9,4.1
2023-07-24 16:00:00,16,3159.1,2.5
2023-07-24 17:00:00,17,2951.9,3.5
2023-07-24 18:00:00,18,2521.7,1.9
2023-07-24 19:00:00,19,1843.5,1.0
2023-07-24 20:00:00,20,915.8,1.6
2023-07-24 21:00:00,21,235.1,0.1
2023-07-24 22:00:00,22,,0.0
2023-07-24 23:00:00,23,,0.4
2023-07-25 00:00:00,0,,0.1
2023-07-25 01:00:00,1,,0.0
2023-07-25 02:00:00,2,,1.0
2023-07-25 03:00:00,3,,1.4
2023-07-25 04:00:00,4,,0.8
2023-07-25 05:00:00,5,,0.0
2023-07-25 06:00:00,6,,0.4
2023-07-25 07:00:00,7,,0.5
2023-07-25 08:00:00,8,,1.4
2023-07-25 09:00:00,9,,0.0
2023-07-25 10:00:00,10,54.6,0.0
2023-07-25 11:00:00,11,737.2,0.4
2023-07-25 12:00:00,12,1545.2,3.1
2023-07-25 13:00:00,13,2292.2,5.0
2023-07-25 14:00:00,14,2808.1,3.9
2023-07-25 15:00:00,15,3111.1,3.5
2023-07-25 16:00:00,16,3184.5,2.7
2023-07-25 17:00:00,17,2940.4,2.6
2023-07-25 18:00:00,18,2509.4,1.2
2023-07-25 19:00:00,19,1861.0,2.6
2023-07-25 20:00:00,20,924.0,1.6
2023-07-25 21:00:00,21,194.4,0.4
2023-07-25 22:00:00,22,,1.5
2023-07-25 23:00:00,23,,0.9
2023-07-26 00:00:00,0,,0.6
2023-07-26 01:00:00,1,,0.7
2023-07-26 02:00:00,2,,1.9
2023-07-26 03:00:00,3,,1.4
2023-07-26 04:00:00,4,,0.1
2023-07-26 05:00:00,5,,0.0
2023-07-26 06:00:00,6,,0.0
2023-07-26 07:00:00,7,,0.0
2023-07-26 08:00:00,8,,0.1
2023-07-26 09:00:00,9,,0.0
2023-07-26 10:00:00,10,60.1,0.0
2023-07-26 11:00:00,11,739.8,0.5
2023-07-26 12:00:00,12,1566.7,3.1
2023-07-26 13:00:00,13,2299.6,3.3
2023-07-26 14:00:00,14,2812.1,4.3
2023-07-26 15:00:00,15,3121.3,3.9
2023-07-26 16:00:00,16,3181.0,3.5
2023-07-26 17:00:00,17,2963.3,4.2
2023-07-26 18:00:00,18,2558.9,2.1
2023-07-26 19:00:00,19,1933.0,2.6
2023-07-26 20:00:00,20,994.1,2.1
2023-07-26 21:00:00,21,187.1,1.1
2023-07-26 22:00:00,22,,0.3
2023-07-26 23:00:00,23,,0.0
2023-07-27 00:00:00,0,,0.2
2023-07-27 01:00:00,1,,1.2
2023-07-27 02:00:00,2,,1.0
2023-07-27 03:00:00,3,,1.3
2023-07-27 04:00:00,4,,0.4
2023-07-27 05:00:00,5,,0.5
2023-07-27 06:00:00,6,,0.0
2023-07-27 07:00:00,7,,0.0
2023-07-27 08:00:00,8,,0.0
2023-07-27 09:00:00,9,,0.2
2023-07-27 10:00:00,10,57.5,0.0
2023-07-27 11:00:00,11,729.3,0.8
2023-07-27 12:00:00,12,1562.7,2.8
2023-07-27 13:00:00,13,2301.4,4.1
2023-07-27 14:00:00,14,2830.3,4.1
2023-07-27 15:00:00,15,3138.2,3.7
2023-07-27 16:00:00,16,3233.1,2.9
2023-07-27 17:00:00,17,2835.0,2.1
2023-07-27 18:00:00,18,2302.2,2.3
2023-07-27 19:00:00,19,1811.4,0.9
2023-07-27 20:00:00,20,946.2,1.6
2023-07-27 21:00:00,21,268.7,0.4
2023-07-27 22:00:00,22,,0.3
2023-07-27 23:00:00,23,,0.3
2023-07-28 00:00:00,0,,0.1
2023-07-28 01:00:00,1,,1.3
2023-07-28 02:00:00,2,,1.9
2023-07-28 03:00:00,3,,1.6
2023-07-28 04:00:00,4,,0.0
2023-07-28 05:00:00,5,,0.1
2023-07-28 06:00:00,6,,0.0
2023-07-28 07:00:00,7,,0.0
2023-07-28 08:00:00,8,,0.0
2023-07-28 09:00:00,9,,0.0
2023-07-28 10:00:00,10,54.1,0.1
2023-07-28 11:00:00,11,716.6,0.7
2023-07-28 12:00:00,12,1544.6,3.2
2023-07-28 13:00:00,13,2291.9,3.6
2023-07-28 14:00:00,14,2816.6,3.1
2023-07-28 15:00:00,15,3125.8,1.8
2023-07-28 16:00:00,16,2946.2,3.7
2023-07-28 17:00:00,17,2887.0,1.7
2023-07-28 18:00:00,18,2289.9,1.4
2023-07-28 19:00:00,19,1937.5,0.8
2023-07-28 20:00:00,20,952.1,0.8
2023-07-28 21:00:00,21,159.4,0.1
2023-07-28 22:00:00,22,,0.0
2023-07-28 23:00:00,23,,0.3
2023-07-29 00:00:00,0,,0.7
2023-07-29 01:00:00,1,,1.1
2023-07-29 02:00:00,2,,1.6
2023-07-29 03:00:00,3,,1.4
2023-07-29 04:00:00,4,,1.4
2023-07-29 05:00:00,5,,0.0
2023-07-29 06:00:00,6,,0.4
2023-07-29 07:00:00,7,,0.0
2023-07-29 08:00:00,8,,0.1
2023-07-29 09:00:00,9,,0.5
2023-07-29 10:00:00,10,49.8,0.0
2023-07-29 11:00:00,11,697.3,1.9
2023-07-29 12:00:00,12,1533.4,2.9
2023-07-29 13:00:00,13,2268.3,4.5
2023-07-29 14:00:00,14,2792.0,3.7
2023-07-29 15:00:00,15,3096.1,2.8
2023-07-29 16:00:00,16,3169.8,3.4
2023-07-29 17:00:00,17,2822.2,2.0
2023-07-29 18:00:00,18,2527.3,2.0
2023-07-29 19:00:00,19,1825.5,1.3
2023-07-29 20:00:00,20,921.2,1.2
2023-07-29 21:00:00,21,177.4,1.2
2023-07-29 22:00:00,22,,0.0
2023-07-29 23:00:00,23,,0.0
2023-07-30 00:00:00,0,,0.5
2023-07-30 01:00:00,1,,0.4
2023-07-30 02:00:00,2,,0.0
2023-07-30 03:00:00,3,,0.0
2023-07-30 04:00:00,4,,0.3
2023-07-30 05:00:00,5,,0.5
2023-07-30 06:00:00,6,,0.0
2023-07-30 07:00:00,7,,0.4
2023-07-30 08:00:00,8,,0.0
2023-07-30 09:00:00,9,,1.0
2023-07-30 10:00:00,10,12.4,0.1
2023-07-30 11:00:00,11,163.2,0.0
2023-07-30 12:00:00,12,584.1,1.3
2023-07-30 13:00:00,13,2175.2,4.2
2023-07-30 14:00:00,14,2796.6,3.3
2023-07-30 15:00:00,15,3098.7,4.1
2023-07-30 16:00:00,16,3177.6,3.5
2023-07-30 17:00:00,17,3011.5,2.5
2023-07-30 18:00:00,18,2337.3,2.9
2023-07-30 19:00:00,19,1792.7,1.9
2023-07-30 20:00:00,20,1124.5,2.6
2023-07-30 21:00:00,21,231.6,0.7
2023-07-30 22:00:00,22,,0.4
2023-07-30 23:00:00,23,,0.0
2023-07-31 00:00:00,0,,0.0
2023-07-31 01:00:00,1,,0.7
2023-07-31 02:00:00,2,,0.7
2023-07-31 03:00:00,3,,0.0
2023-07-31 04:00:00,4,,0.0
2023-07-31 05:00:00,5,,0.0
2023-07-31 06:00:00,6,,0.0
2023-07-31 07:00:00,7,,1.3
2023-07-31 08:00:00,8,,0.7
2023-07-31 09:00:00,9,,0.0
2023-07-31 10:00:00,10,49.4,0.0
2023-07-31 11:00:00,11,712.3,0.3
2023-07-31 12:00:00,12,1548.2,3.3
2023-07-31 13:00:00,13,2286.1,3.4
2023-07-31 14:00:00,14,2814.8,4.7
2023-07-31 15:00:00,15,3121.2,4.3
2023-07-31 16:00:00,16,3185.3,3.9
2023-07-31 17:00:00,17,2960.9,2.6
2023-07-31 18:00:00,18,2609.6,3.2
2023-07-31 19:00:00,19,1470.3,3.4
2023-07-31 20:00:00,20,677.6,0.9
2023-07-31 21:00:00,21,258.9,0.8
2023-07-31 22:00:00,22,,0.7
2023-07-31 23:00:00,23,,0.1
2023-08-01 00:00:00,0,,0.0
2023-08-01 01:00:00,1,,0.9
2023-08-01 02:00:00,2,,0.4
2023-08-01 03:00:00,3,,0.7
2023-08-01 04:00:00,4,,0.0
2023-08-01 05:00:00,5,,0.0
2023-08-01 06:00:00,6,,0.0
2023-08-01 07:00:00,7,,1.2
2023-08-01 08:00:00,8,,0.0
2023-08-01 09:00:00,9,,0.0
2023-08-01 10:00:00,10,53.8,0.0
2023-08-01 11:00:00,11,650.9,1.5
2023-08-01 12:00:00,12,1535.7,4.3
2023-08-01 13:00:00,13,2305.5,3.7
2023-08-01 14:00:00,14,2836.5,3.9
2023-08-01 15:00:00,15,3136.9,4.6
2023-08-01 16:00:00,16,3211.7,4.0
2023-08-01 17:00:00,17,2961.9,3.6
2023-08-01 18:00:00,18,2422.6,3.0
2023-08-01 19:00:00,19,1767.2,3.3
2023-08-01 20:00:00,20,903.0,2.9
2023-08-01 21:00:00,21,291.9,0.4
2023-08-01 22:00:00,22,,0.7
2023-08-01 23:00:00,23,,0.0
2023-08-02 00:00:00,0,,0.4
2023-08-02 01:00:00,1,,0.4
2023-08-02 02:00:00,2,,1.4
2023-08-02 03:00:00,3,,0.8
2023-08-02 04:00:00,4,,0.6
2023-08-02 05:00:00,5,,0.0
2023-08-02 06:00:00,6,,0.0
2023-08-02 07:00:00,7,,0.8
2023-08-02 08:00:00,8,,1.0
2023-08-02 09:00:00,9,,0.0
2023-08-02 10:00:00,10,69.5,0.0
2023-08-02 11:00:00,11,503.4,0.0
2023-08-02 12:00:00,12,1559.3,3.8
2023-08-02 13:00:00,13,2304.7,3.3
2023-08-02 14:00:00,14,2854.5,3.6
2023-08-02 15:00:00,15,3119.8,3.2
2023-08-02 16:00:00,16,2802.3,3.1
2023-08-02 17:00:00,17,2372.1,2.6
2023-08-02 18:00:00,18,2120.1,2.9
2023-08-02 19:00:00,19,1768.8,2.1
2023-08-02 20:00:00,20,1059.1,3.1
2023-08-02 21:00:00,21,305.0,1.1
2023-08-02 22:00:00,22,,1.3
2023-08-02 23:00:00,23,,0.3
2023-08-03 00:00:00,0,,0.6
2023-08-03 01:00:00,1,,0.0
2023-08-03 02:00:00,2,,1.0
2023-08-03 03:00:00,3,,0.2
2023-08-03 04:00:00,4,,0.0
2023-08-03 05:00:00,5,,0.0
2023-08-03 06:00:00,6,,0.0
2023-08-03 07:00:00,7,,1.2
2023-08-03 08:00:00,8,,0.8
2023-08-03 09:00:00,9,,0.0
2023-08-03 10:00:00,10,56.3,1.2
2023-08-03 11:00:00,11,731.4,0.2
2023-08-03 12:00:00,12,1616.5,3.3
2023-08-03 13:00:00,13,2322.6,2.4
2023-08-03 14:00:00,14,2907.9,1.4
2023-08-03 15:00:00,15,3042.0,3.7
2023-08-03 16:00:00,16,3190.6,2.6
2023-08-03 17:00:00,17,2512.5,2.3
2023-08-03 18:00:00,18,2712.9,1.4
2023-08-03 19:00:00,19,1352.1,2.1
2023-08-03 20:00:00,20,784.0,1.1
2023-08-03 21:00:00,21,149.3,0.2
2023-08-03 22:00:00,22,,0.0
2023-08-03 23:00:00,23,,0.0
2023-08-04 00:00:00,0,,0.0
2023-08-04 01:00:00,1,,0.2
2023-08-04 02:00:00,2,,0.0
2023-08-04 03:00:00,3,,0.0
2023-08-04 04:00:00,4,,1.0
2023-08-04 05:00:00,5,,0.5
2023-08-04 06:00:00,6,,0.3
2023-08-04 07:00:00,7,,0.2
2023-08-04 08:00:00,8,,0.0
2023-08-04 09:00:00,9,,0.0
2023-08-04 10:00:00,10,48.6,1.2
2023-08-04 11:00:00,11,776.6,0.2
2023-08-04 12:00:00,12,1590.6,3.5
2023-08-04 13:00:00,13,2323.2,2.9
2023-08-04 14:00:00,14,2829.0,1.6
2023-08-04 15:00:00,15,3123.6,1.3
2023-08-04 16:00:00,16,3186.1,1.8
2023-08-04 17:00:00,17,3070.4,1.6
2023-08-04 18:00:00,18,2182.0,0.3
2023-08-04 19:00:00,19,1704.5,1.8
2023-08-04 20:00:00,20,1022.8,0.4
2023-08-04 21:00:00,21,296.0,0.0
2023-08-04 22:00:00,22,,0.0
2023-08-04 23:00:00,23,,0.0
2023-08-05 00:00:00,0,,0.8
2023-08-05 01:00:00,1,,0.6
2023-08-05 02:00:00,2,,0.2
2023-08-05 03:00:00,3,,0.2
2023-08-05 04:00:00,4,,1.7
2023-08-05 05:00:00,5,,1.2
2023-08-05 06:00:00,6,,0.4
2023-08-05 07:00:00,7,,1.1
2023-08-05 08:00:00,8,,0.0
2023-08-05 09:00:00,9,,0.5
2023-08-05 10:00:00,10,41.4,0.6
2023-08-05 11:00:00,11,313.5,1.6
2023-08-05 12:00:00,12,1531.5,5.0
2023-08-05 13:00:00,13,2288.4,4.9
2023-08-05 14:00:00,14,2815.7,3.8
2023-08-05 15:00:00,15,3126.8,3.5
2023-08-05 16:00:00,16,3193.6,2.8
2023-08-05 17:00:00,17,2984.5,3.2
2023-08-05 18:00:00,18,2594.8,2.9
2023-08-05 19:00:00,19,1930.3,1.5
2023-08-05 20:00:00,20,471.8,0.7
2023-08-05 21:00:00,21,236.0,0.0
2023-08-05 22:00:00,22,,0.0
2023-08-05 23:00:00,23,,0.1
2023-08-06 00:00:00,0,,0.0
2023-08-06 01:00:00,1,,0.4
2023-08-06 02:00:00,2,,1.4
2023-08-06 03:00:00,3,,1.6
2023-08-06 04:00:00,4,,0.4
2023-08-06 05:00:00,5,,0.0
2023-08-06 06:00:00,6,,0.0
2023-08-06 07:00:00,7,,0.0
2023-08-06 08:00:00,8,,1.4
2023-08-06 09:00:00,9,,0.0
2023-08-06 10:00:00,10,52.6,0.0
2023-08-06 11:00:00,11,755.4,0.5
2023-08-06 12:00:00,12,1611.3,2.9
2023-08-06 13:00:00,13,2347.7,4.2
2023-08-06 14:00:00,14,2877.0,2.8
2023-08-06 15:00:00,15,3189.3,3.5
2023-08-06 16:00:00,16,3248.7,2.6
2023-08-06 17:00:00,17,3005.9,2.9
2023-08-06 18:00:00,18,2626.8,2.4
2023-08-06 19:00:00,19,1989.4,2.2
2023-08-06 20:00:00,20,1057.0,1.5
2023-08-06 21:00:00,21,227.2,0.3
2023-08-06 22:00:00,22,,0.1
2023-08-06 23:00:00,23,,0.5
2023-08-07 00:00:00,0,,1.2
2023-08-07 01:00:00,1,,0.9
2023-08-07 02:00:00,2,,0.0
2023-08-07 03:00:00,3,,0.4
2023-08-07 04:00:00,4,,0.1
2023-08-07 05:00:00,5,,0.0
2023-08-07 06:00:00,6,,0.5
2023-08-07 07:00:00,7,,0.0
2023-08-07 08:00:00,8,,1.4
2023-08-07 09:00:00,9,,0.1
2023-08-07 10:00:00,10,52.0,0.0
2023-08-07 11:00:00,11,770.8,0.1
2023-08-07 12:00:00,12,1624.2,3.5
2023-08-07 13:00:00,13,2359.7,3.0
2023-08-07 14:00:00,14,2871.7,4.7
2023-08-07 15:00:00,15,3176.7,2.9
2023-08-07 16:00:00,16,3229.3,3.1
2023-08-07 17:00:00,17,3004.9,2.4
2023-08-07 18:00:00,18,2595.9,2.3
2023-08-07 19:00:00,19,1811.0,1.9
2023-08-07 20:00:00,20,932.3,2.1
2023-08-07 21:00:00,21,291.2,1.7
2023-08-07 22:00:00,22,,0.0
2023-08-07 23:00:00,23,,0.0
2023-08-08 00:00:00,0,,0.5
2023-08-08 01:00:00,1,,0.0
2023-08-08 02:00:00,2,,0.2
2023-08-08 03:00:00,3,,0.9
2023-08-08 04:00:00,4,,0.2
2023-08-08 05:00:00,5,,0.0
2023-08-08 06:00:00,6,,0.1
2023-08-08 07:00:00,7,,0.0
2023-08-08 08:00:00,8,,0.9
2023-08-08 09:00:00,9,,0.0
2023-08-08 10:00:00,10,55.4,0.0
2023-08-08 11:00:00,11,752.0,1.5
2023-08-08 12:00:00,12,1611.3,3.3
2023-08-08 13:00:00,13,2343.7,3.0
2023-08-08 14:00:00,14,2850.9,2.8
2023-08-08 15:00:00,15,3155.2,2.8
2023-08-08 16:00:00,16,3221.4,1.5
2023-08-08 17:00:00,17,2893.0,3.6
2023-08-08 18:00:00,18,2157.8,3.4
2023-08-08 19:00:00,19,1846.8,3.2
2023-08-08 20:00:00,20,991.0,1.4
2023-08-08 21:00:00,21,311.0,0.7
2023-08-08 22:00:00,22,,0.8
2023-08-08 23:00:00,23,,0.0
2023-08-09 00:00:00,0,,0.8
2023-08-09 01:00:00,1,,0.5
2023-08-09 02:00:00,2,,0.4
2023-08-09 03:00:00,3,,0.1
2023-08-09 04:00:00,4,,0.0
2023-08-09 05:00:00,5,,0.3
2023-08-09 06:00:00,6,,0.2
2023-08-09 07:00:00,7,,0.0
2023-08-09 08:00:00,8,,0.0
2023-08-09 09:00:00,9,,0.6
2023-08-09 10:00:00,10,59.6,0.1
2023-08-09 11:00:00,11,752.4,0.8
2023-08-09 12:00:00,12,1625.2,4.7
2023-08-09 13:00:00,13,2359.2,5.3
2023-08-09 14:00:00,14,2834.4,2.9
2023-08-09 15:00:00,15,3165.3,2.1
2023-08-09 16:00:00,16,3227.1,2.2
2023-08-09 17:00:00,17,3030.8,2.6
2023-08-09 18:00:00,18,2429.8,2.2
2023-08-09 19:00:00,19,1805.6,1.7
2023-08-09 20:00:00,20,870.0,2.3
2023-08-09 21:00:00,21,296.0,1.5
2023-08-09 22:00:00,22,,0.8
2023-08-09 23:00:00,23,,0.8
2023-08-10 00:00:00,0,,0.9
2023-08-10 01:00:00,1,,0.0
2023-08-10 02:00:00,2,,0.6
2023-08-10 03:00:00,3,,0.1
2023-08-10 04:00:00,4,,1.0
2023-08-10 05:00:00,5,,0.3
2023-08-10 06:00:00,6,,0.3
2023-08-10 07:00:00,7,,1.3
2023-08-10 08:00:00,8,,0.0
2023-08-10 09:00:00,9,,0.8
2023-08-10 10:00:00,10,59.8,0.0
2023-08-10 11:00:00,11,787.7,0.9
2023-08-10 12:00:00,12,1662.7,4.1
2023-08-10 13:00:00,13,2396.9,4.4
2023-08-10 14:00:00,14,2903.3,3.1
2023-08-10 15:00:00,15,3187.1,2.3
2023-08-10 16:00:00,16,3159.8,3.4
2023-08-10 17:00:00,17,2929.7,4.2
2023-08-10 18:00:00,18,2695.2,3.2
2023-08-10 19:00:00,19,1846.3,1.2
2023-08-10 20:00:00,20,1029.6,2.6
2023-08-10 21:00:00,21,308.4,0.4
2023-08-10 22:00:00,22,,0.5
2023-08-10 23:00:00,23,,0.4
2023-08-11 00:00:00,0,,0.9
2023-08-11 01:00:00,1,,0.0
2023-08-11 02:00:00,2,,0.0
2023-08-11 03:00:00,3,,0.0
2023-08-11 04:00:00,4,,0.0
2023-08-11 05:00:00,5,,0.6
2023-08-11 06:00:00,6,,0.1
2023-08-11 07:00:00,7,,0.0
2023-08-11 08:00:00,8,,0.0
2023-08-11 09:00:00,9,,1.3
2023-08-11 10:00:00,10,61.7,1.0
2023-08-11 11:00:00,11,788.0,0.1
2023-08-11 12:00:00,12,1683.8,3.9
2023-08-11 13:00:00,13,2417.5,3.6
2023-08-11 14:00:00,14,2923.0,3.5
2023-08-11 15:00:00,15,3211.3,3.3
2023-08-11 16:00:00,16,3279.3,2.8
2023-08-11 17:00:00,17,3006.1,3.3
2023-08-11 18:00:00,18,2589.3,1.9
2023-08-11 19:00:00,19,1962.8,3.1
2023-08-11 20:00:00,20,1093.3,2.6
2023-08-11 21:00:00,21,318.2,1.2
2023-08-11 22:00:00,22,,0.0
2023-08-11 23:00:00,23,,0.3
2023-08-12 00:00:00,0,,0.4
2023-08-12 01:00:00,1,,0.0
2023-08-12 02:00:00,2,,1.7
2023-08-12 03:00:00,3,,1.3
2023-08-12 04:00:00,4,,0.1
2023-08-12 05:00:00,5,,0.5
2023-08-12 06:00:00,6,,1.4
2023-08-12 07:00:00,7,,0.1
2023-08-12 08:00:00,8,,0.0
2023-08-12 09:00:00,9,,0.1
2023-08-12 10:00:00,10,68.6,0.0
2023-08-12 11:00:00,11,792.9,0.7
2023-08-12 12:00:00,12,1687.1,3.6
2023-08-12 13:00:00,13,2430.4,3.2
2023-08-12 14:00:00,14,2949.2,3.1
2023-08-12 15:00:00,15,3246.8,2.6
2023-08-12 16:00:00,16,3332.9,3.2
2023-08-12 17:00:00,17,3034.4,1.6
2023-08-12 18:00:00,18,2614.0,2.5
2023-08-12 19:00:00,19,1988.5,1.8
2023-08-12 20:00:00,20,1034.4,2.0
2023-08-12 21:00:00,21,312.7,2.0
2023-08-12 22:00:00,22,,1.9
2023-08-12 23:00:00,23,,0.4
2023-08-13 00:00:00,0,,0.7
2023-08-13 01:00:00,1,,1.3
2023-08-13 02:00:00,2,,0.9
2023-08-13 03:00:00,3,,0.4
2023-08-13 04:00:00,4,,0.4
2023-08-13 05:00:00,5,,1.0
2023-08-13 06:00:00,6,,0.1
2023-08-13 07:00:00,7,,1.0
2023-08-13 08:00:00,8,,0.8
2023-08-13 09:00:00,9,,0.1
2023-08-13 10:00:00,10,68.0,1.5
2023-08-13 11:00:00,11,794.9,1.0
2023-08-13 12:00:00,12,1667.7,2.2
2023-08-13 13:00:00,13,2400.9,2.8
2023-08-13 14:00:00,14,2888.0,2.5
2023-08-13 15:00:00,15,3206.5,2.4
2023-08-13 16:00:00,16,3212.9,2.5
2023-08-13 17:00:00,17,2888.7,2.0
2023-08-13 18:00:00,18,2492.9,2.0
2023-08-13 19:00:00,19,1959.2,2.1
2023-08-13 20:00:00,20,1077.0,1.5
2023-08-13 21:00:00,21,312.3,0.1
2023-08-13 22:00:00,22,,0.6
2023-08-13 23:00:00,23,,0.8
2023-08-14 00:00:00,0,,1.4
2023-08-14 01:00:00,1,,0.8
2023-08-14 02:00:00,2,,0.8
2023-08-14 03:00:00,3,,1.0
2023-08-14 04:00:00,4,,1.4
2023-08-14 05:00:00,5,,0.1
2023-08-14 06:00:00,6,,1.4
2023-08-14 07:00:00,7,,1.8
2023-08-14 08:00:00,8,,0.3
2023-08-14 09:00:00,9,,0.2
2023-08-14 10:00:00,10,69.2,1.3
2023-08-14 11:00:00,11,809.8,0.6
2023-08-14 12:00:00,12,1695.0,4.0
2023-08-14 13:00:00,13,2439.6,4.6
2023-08-14 14:00:00,14,2946.8,3.7
2023-08-14 15:00:00,15,3216.6,3.3
2023-08-14 16:00:00,16,2807.5,3.5
2023-08-14 17:00:00,17,2750.7,2.6
2023-08-14 18:00:00,18,2443.9,2.2
2023-08-14 19:00:00,19,1919.0,2.1
2023-08-14 20:00:00,20,1104.6,2.0
2023-08-14 21:00:00,21,295.4,1.9
2023-08-14 22:00:00,22,,0.5
2023-08-14 23:00:00,23,,0.7
2023-08-15 00:00:00,0,,0.4
2023-08-15 01:00:00,1,,0.2
2023-08-15 02:00:00,2,,0.1
2023-08-15 03:00:00,3,,1.2
2023-08-15 04:00:00,4,,0.3
2023-08-15 05:00:00,5,,0.4
2023-08-15 06:00:00,6,,1.4
2023-08-15 07:00:00,7,,1.3
2023-08-15 08:00:00,8,,0.0
2023-08-15 09:00:00,9,,0.0
2023-08-15 10:00:00,10,76.0,0.1
2023-08-15 11:00:00,11,816.1,0.0
2023-08-15 12:00:00,12,1705.7,2.9
2023-08-15 13:00:00,13,2431.8,3.8
2023-08-15 14:00:00,14,2943.7,3.6
2023-08-15 15:00:00,15,3224.9,3.0
2023-08-15 16:00:00,16,3548.1,3.1
2023-08-15 17:00:00,17,2867.2,3.2
2023-08-15 18:00:00,18,2699.7,1.3
2023-08-15 19:00:00,19,1951.9,0.9
2023-08-15 20:00:00,20,1103.1,0.8
2023-08-15 21:00:00,21,312.6,0.7
2023-08-15 22:00:00,22,,0.9
2023-08-15 23:00:00,23,,0.5
2023-08-16 00:00:00,0,,1.1
2023-08-16 01:00:00,1,,0.2
2023-08-16 02:00:00,2,,0.6
2023-08-16 03:00:00,3,,0.2
2023-08-16 04:00:00,4,,1.0
2023-08-16 05:00:00,5,,0.3
2023-08-16 06:00:00,6,,0.3
2023-08-16 07:00:00,7,,1.0
2023-08-16 08:00:00,8,,0.4
2023-08-16 09:00:00,9,,0.2
2023-08-16 10:00:00,10,79.7,0.2
2023-08-16 11:00:00,11,795.9,1.1
2023-08-16 12:00:00,12,1689.7,4.0
2023-08-16 13:00:00,13,2421.6,5.1
2023-08-16 14:00:00,14,2923.5,5.2
2023-08-16 15:00:00,15,3207.5,4.3
2023-08-16 16:00:00,16,3313.6,3.4
2023-08-16 17:00:00,17,2708.5,3.4
2023-08-16 18:00:00,18,2561.3,2.8
2023-08-16 19:00:00,19,1823.3,1.9
2023-08-16 20:00:00,20,1078.1,1.8
2023-08-16 21:00:00,21,261.1,0.2
2023-08-16 22:00:00,22,,0.7
2023-08-16 23:00:00,23,,0.0
2023-08-17 00:00:00,0,,0.4
2023-08-17 01:00:00,1,,0.1
2023-08-17 02:00:00,2,,0.1
2023-08-17 03:00:00,3,,0.0
2023-08-17 04:00:00,4,,0.2
2023-08-17 05:00:00,5,,0.6
2023-08-17 06:00:00,6,,0.1
2023-08-17 07:00:00,7,,0.0
2023-08-17 08:00:00,8,,0.0
2023-08-17 09:00:00,9,,0.0
2023-08-17 10:00:00,10,76.3,0.1
2023-08-17 11:00:00,11,821.1,1.8
2023-08-17 12:00:00,12,1713.8,3.6
2023-08-17 13:00:00,13,2442.4,5.9
2023-08-17 14:00:00,14,2944.1,4.2
2023-08-17 15:00:00,15,3246.0,4.4
2023-08-17 16:00:00,16,3294.5,3.0
2023-08-17 17:00:00,17,2820.7,3.0
2023-08-17 18:00:00,18,2427.0,2.1
2023-08-17 19:00:00,19,2011.1,2.6
2023-08-17 20:00:00,20,1002.2,1.5
2023-08-17 21:00:00,21,229.1,1.2
2023-08-17 22:00:00,22,,0.1
2023-08-17 23:00:00,23,,0.4
2023-08-18 00:00:00,0,,1.2
2023-08-18 01:00:00,1,,1.7
2023-08-18 02:00:00,2,,0.0
2023-08-18 03:00:00,3,,0.0
2023-08-18 04:00:00,4,,0.0
2023-08-18 05:00:00,5,,0.0
2023-08-18 06:00:00,6,,0.0
2023-08-18 07:00:00,7,,1.3
2023-08-18 08:00:00,8,,1.7
2023-08-18 09:00:00,9,,0.0
2023-08-18 10:00:00,10,70.8,0.0
2023-08-18 11:00:00,11,809.6,0.9
2023-08-18 12:00:00,12,1730.6,4.1
2023-08-18 13:00:00,13,2463.1,3.5
2023-08-18 14:00:00,14,2969.3,3.9
2023-08-18 15:00:00,15,3276.3,3.5
2023-08-18 16:00:00,16,3301.8,3.7
2023-08-18 17:00:00,17,3011.2,2.4
2023-08-18 18:00:00,18,2533.0,2.7
2023-08-18 19:00:00,19,1915.7,2.9
2023-08-18 20:00:00,20,1191.1,3.0
2023-08-18 21:00:00,21,326.1,1.7
2023-08-18 22:00:00,22,,1.7
2023-08-18 23:00:00,23,,0.0
2023-08-19 00:00:00,0,,0.6
2023-08-19 01:00:00,1,,1.9
2023-08-19 02:00:00,2,,0.9
2023-08-19 03:00:00,3,,1.3
2023-08-19 04:00:00,4,,0.0
2023-08-19 05:00:00,5,,0.0
2023-08-19 06:00:00,6,,0.0
2023-08-19 07:00:00,7,,0.0
2023-08-19 08:00:00,8,,0.0
2023-08-19 09:00:00,9,,1.0
2023-08-19 10:00:00,10,68.7,0.7
2023-08-19 11:00:00,11,842.5,0.4
2023-08-19 12:00:00,12,1688.3,4.0
2023-08-19 13:00:00,13,2419.3,4.1
2023-08-19 14:00:00,14,2899.6,4.0
2023-08-19 15:00:00,15,3188.9,3.2
2023-08-19 16:00:00,16,3260.3,2.3
2023-08-19 17:00:00,17,2886.0,2.5
2023-08-19 18:00:00,18,2130.5,3.3
2023-08-19 19:00:00,19,2097.7,2.8
2023-08-19 20:00:00,20,945.1,1.0
2023-08-19 21:00:00,21,267.7,0.2
2023-08-19 22:00:00,22,,0.5
2023-08-19 23:00:00,23,,1.2
2023-08-20 00:00:00,0,,0.5
2023-08-20 01:00:00,1,,0.6
2023-08-20 02:00:00,2,,0.6
2023-08-20 03:00:00,3,,0.1
2023-08-20 04:00:00,4,,1.4
2023-08-20 05:00:00,5,,0.5
2023-08-20 06:00:00,6,,0.1
2023-08-20 07:00:00,7,,0.0
2023-08-20 08:00:00,8,,0.0
2023-08-20 09:00:00,9,,0.0
2023-08-20 10:00:00,10,80.4,0.0
2023-08-20 11:00:00,11,802.0,1.7
2023-08-20 12:00:00,12,1588.3,1.7
2023-08-20 13:00:00,13,2337.2,4.4
2023-08-20 14:00:00,14,2865.9,3.7
2023-08-20 15:00:00,15,3185.3,4.6
2023-08-20 16:00:00,16,2881.7,3.3
2023-08-20 17:00:00,17,2861.0,2.2
2023-08-20 18:00:00,18,2227.7,1.0
2023-08-20 19:00:00,19,1974.9,2.4
2023-08-20 20:00:00,20,1015.8,1.3
2023-08-20 21:00:00,21,300.8,0.9
2023-08-20 22:00:00,22,,0.0
2023-08-20 23:00:00,23,,0.2
2023-08-21 00:00:00,0,,1.5
2023-08-21 01:00:00,1,,1.5
2023-08-21 02:00:00,2,,0.2
2023-08-21 03:00:00,3,,0.7
2023-08-21 04:00:00,4,,0.0
2023-08-21 05:00:00,5,,0.1
2023-08-21 06:00:00,6,,0.0
2023-08-21 07:00:00,7,,0.2
2023-08-21 08:00:00,8,,0.4
2023-08-21 09:00:00,9,,0.9
2023-08-21 10:00:00,10,69.5,0.5
2023-08-21 11:00:00,11,838.2,0.9
2023-08-21 12:00:00,12,1702.0,2.2
2023-08-21 13:00:00,13,2431.3,4.8
2023-08-21 14:00:00,14,2942.8,5.8
2023-08-21 15:00:00,15,3205.2,2.8
2023-08-21 16:00:00,16,3238.4,3.7
2023-08-21 17:00:00,17,2956.7,2.8
2023-08-21 18:00:00,18,2323.0,2.4
2023-08-21 19:00:00,19,1912.1,3.7
2023-08-21 20:00:00,20,1096.9,2.9
2023-08-21 21:00:00,21,283.9,2.2
2023-08-21 22:00:00,22,,0.6
2023-08-21 23:00:00,23,,0.7
2023-08-22 00:00:00,0,,1.0
2023-08-22 01:00:00,1,,1.5
2023-08-22 02:00:00,2,,1.4
2023-08-22 03:00:00,3,,1.0
2023-08-22 04:00:00,4,,0.7
2023-08-22 05:00:00,5,,0.2
2023-08-22 06:00:00,6,,0.0
2023-08-22 07:00:00,7,,0.6
2023-08-22 08:00:00,8,,2.0
2023-08-22 09:00:00,9,,0.8
2023-08-22 10:00:00,10,86.2,0.8
2023-08-22 11:00:00,11,772.3,0.8
2023-08-22 12:00:00,12,1643.9,2.7
2023-08-22 13:00:00,13,2220.0,2.8
2023-08-22 14:00:00,14,2069.8,1.5
2023-08-22 15:00:00,15,3116.4,1.4
2023-08-22 16:00:00,16,2489.4,1.7
2023-08-22 17:00:00,17,2824.9,2.2
2023-08-22 18:00:00,18,2425.5,3.0
2023-08-22 19:00:00,19,1930.0,0.7
2023-08-22 20:00:00,20,1198.3,0.7
2023-08-22 21:00:00,21,301.1,0.0
2023-08-22 22:00:00,22,,0.4
2023-08-22 23:00:00,23,,0.6
2023-08-23 00:00:00,0,,1.0
2023-08-23 01:00:00,1,,0.2
2023-08-23 02:00:00,2,,0.4
2023-08-23 03:00:00,3,,0.0
2023-08-23 04:00:00,4,,0.5
2023-08-23 05:00:00,5,,0.3
2023-08-23 06:00:00,6,,0.6
2023-08-23 07:00:00,7,,2.4
2023-08-23 08:00:00,8,,1.2
2023-08-23 09:00:00,9,,0.0
2023-08-23 10:00:00,10,119.8,0.0
2023-08-23 11:00:00,11,858.3,0.2
2023-08-23 12:00:00,12,1851.2,1.0
2023-08-23 13:00:00,13,2004.3,1.3
2023-08-23 14:00:00,14,2284.8,3.4
2023-08-23 15:00:00,15,2909.4,2.9
2023-08-23 16:00:00,16,2852.0,2.5
2023-08-23 17:00:00,17,2443.8,2.8
2023-08-23 18:00:00,18,2667.9,2.5
2023-08-23 19:00:00,19,1960.1,2.7
2023-08-23 20:00:00,20,1044.0,2.3
2023-08-23 21:00:00,21,321.7,1.5
2023-08-23 22:00:00,22,,1.6
2023-08-23 23:00:00,23,,2.0
2023-08-24 00:00:00,0,,1.1
2023-08-24 01:00:00,1,,0.0
2023-08-24 02:00:00,2,,0.0
2023-08-24 03:00:00,3,,0.3
2023-08-24 04:00:00,4,,0.0
2023-08-24 05:00:00,5,,0.0
2023-08-24 06:00:00,6,,0.0
2023-08-24 07:00:00,7,,0.4
2023-08-24 08:00:00,8,,0.0
2023-08-24 09:00:00,9,,0.9
2023-08-24 10:00:00,10,76.9,0.1
2023-08-24 11:00:00,11,801.7,0.8
2023-08-24 12:00:00,12,1681.9,2.0
2023-08-24 13:00:00,13,2428.8,1.4
2023-08-24 14:00:00,14,2974.5,1.3
2023-08-24 15:00:00,15,3321.6,1.5
2023-08-24 16:00:00,16,3269.2,2.1
2023-08-24 17:00:00,17,2356.6,2.5
2023-08-24 18:00:00,18,2379.1,1.0
2023-08-24 19:00:00,19,1906.5,2.1
2023-08-24 20:00:00,20,801.6,0.4
2023-08-24 21:00:00,21,278.9,0.1
2023-08-24 22:00:00,22,,1.0
2023-08-24 23:00:00,23,,0.7
2023-08-25 00:00:00,0,,1.4
2023-08-25 01:00:00,1,,0.4
2023-08-25 02:00:00,2,,1.5
2023-08-25 03:00:00,3,,0.9
2023-08-25 04:00:00,4,,0.8
2023-08-25 05:00:00,5,,0.5
2023-08-25 06:00:00,6,,3.4
2023-08-25 07:00:00,7,,2.1
2023-08-25 08:00:00,8,,1.3
2023-08-25 09:00:00,9,,0.4
2023-08-25 10:00:00,10,28.1,0.9
2023-08-25 11:00:00,11,373.7,0.2
2023-08-25 12:00:00,12,1564.6,1.9
2023-08-25 13:00:00,13,2362.5,2.4
2023-08-25 14:00:00,14,2929.6,1.7
2023-08-25 15:00:00,15,3454.6,2.4
2023-08-25 16:00:00,16,3545.9,1.7
2023-08-25 17:00:00,17,2813.8,1.2
2023-08-25 18:00:00,18,2220.6,1.6
2023-08-25 19:00:00,19,1490.1,1.0
2023-08-25 20:00:00,20,1083.0,1.3
2023-08-25 21:00:00,21,258.7,0.1
2023-08-25 22:00:00,22,,0.0
2023-08-25 23:00:00,23,,0.2
2023-08-26 00:00:00,0,,1.4
2023-08-26 01:00:00,1,,1.6
2023-08-26 02:00:00,2,,2.1
2023-08-26 03:00:00,3,,1.9
2023-08-26 04:00:00,4,,2.1
2023-08-26 05:00:00,5,,1.1
2023-08-26 06:00:00,6,,0.9
2023-08-26 07:00:00,7,,0.5
2023-08-26 08:00:00,8,,0.0
2023-08-26 09:00:00,9,,0.0
2023-08-26 10:00:00,10,88.3,0.0
2023-08-26 11:00:00,11,424.9,0.8
2023-08-26 12:00:00,12,608.5,1.1
2023-08-26 13:00:00,13,1382.0,1.0
2023-08-26 14:00:00,14,2425.9,2.7
2023-08-26 15:00:00,15,2881.6,2.7
2023-08-26 16:00:00,16,2096.6,1.4
2023-08-26 17:00:00,17,2602.1,1.4
2023-08-26 18:00:00,18,2615.4,2.6
2023-08-26 19:00:00,19,1915.5,1.1
2023-08-26 20:00:00,20,678.3,0.1
2023-08-26 21:00:00,21,96.7,2.0
2023-08-26 22:00:00,22,,0.0
2023-08-26 23:00:00,23,,1.2
2023-08-27 00:00:00,0,,1.0
2023-08-27 01:00:00,1,,0.0
2023-08-27 02:00:00,2,,1.4
2023-08-27 03:00:00,3,,1.8
2023-08-27 04:00:00,4,,1.8
2023-08-27 05:00:00,5,,0.3
2023-08-27 06:00:00,6,,0.3
2023-08-27 07:00:00,7,,0.0
2023-08-27 08:00:00,8,,1.3
2023-08-27 09:00:00,9,,1.8
2023-08-27 10:00:00,10,86.9,0.2
2023-08-27 11:00:00,11,729.8,0.2
2023-08-27 12:00:00,12,1351.7,0.5
2023-08-27 13:00:00,13,2302.4,1.6
2023-08-27 14:00:00,14,2924.7,1.8
2023-08-27 15:00:00,15,2700.6,0.8
2023-08-27 16:00:00,16,2182.0,1.1
2023-08-27 17:00:00,17,2386.6,0.4
2023-08-27 18:00:00,18,2697.5,1.9
2023-08-27 19:00:00,19,1978.3,1.4
2023-08-27 20:00:00,20,1012.2,1.8
2023-08-27 21:00:00,21,240.3,0.8
2023-08-27 22:00:00,22,,1.4
2023-08-27 23:00:00,23,,2.3
2023-08-28 00:00:00,0,,1.0
2023-08-28 01:00:00,1,,0.2
2023-08-28 02:00:00,2,,0.7
2023-08-28 03:00:00,3,,0.6
2023-08-28 04:00:00,4,,0.0
2023-08-28 05:00:00,5,,0.0
2023-08-28 06:00:00,6,,0.0
2023-08-28 07:00:00,7,,0.0
2023-08-28 08:00:00,8,,0.9
2023-08-28 09:00:00,9,,1.7
2023-08-28 10:00:00,10,72.0,0.0
2023-08-28 11:00:00,11,462.3,2.2
2023-08-28 12:00:00,12,1633.3,2.4
2023-08-28 13:00:00,13,2524.9,2.4
2023-08-28 14:00:00,14,1820.8,1.8
2023-08-28 15:00:00,15,2495.8,2.0
2023-08-28 16:00:00,16,1391.9,1.6
2023-08-28 17:00:00,17,1777.0,1.4
2023-08-28 18:00:00,18,1786.2,2.0
2023-08-28 19:00:00,19,1069.4,2.8
2023-08-28 20:00:00,20,452.1,2.3
2023-08-28 21:00:00,21,159.7,1.5
2023-08-28 22:00:00,22,,1.2
2023-08-28 23:00:00,23,,1.7
2023-08-29 00:00:00,0,,0.9
2023-08-29 01:00:00,1,,0.3
2023-08-29 02:00:00,2,,0.2
2023-08-29 03:00:00,3,,0.0
2023-08-29 04:00:00,4,,0.3
2023-08-29 05:00:00,5,,0.0
2023-08-29 06:00:00,6,,0.0
2023-08-29 07:00:00,7,,0.1
2023-08-29 08:00:00,8,,0.1
2023-08-29 09:00:00,9,,0.0
2023-08-29 10:00:00,10,85.0,0.0
2023-08-29 11:00:00,11,772.1,1.1
2023-08-29 12:00:00,12,1537.4,3.2
2023-08-29 13:00:00,13,1324.1,4.6
2023-08-29 14:00:00,14,2800.1,3.5
2023-08-29 15:00:00,15,3187.9,2.8
2023-08-29 16:00:00,16,3206.1,2.5
2023-08-29 17:00:00,17,2908.2,1.6
2023-08-29 18:00:00,18,1493.2,2.9
2023-08-29 19:00:00,19,1799.8,2.2
2023-08-29 20:00:00,20,1180.4,2.7
2023-08-29 21:00:00,21,282.8,3.1
2023-08-29 22:00:00,22,,0.0
2023-08-29 23:00:00,23,,0.0
2023-08-30 00:00:00,0,,0.1
2023-08-30 01:00:00,1,,0.2
2023-08-30 02:00:00,2,,0.0
2023-08-30 03:00:00,3,,0.0
2023-08-30 04:00:00,4,,0.0
2023-08-30 05:00:00,5,,0.1
2023-08-30 06:00:00,6,,0.0
2023-08-30 07:00:00,7,,0.0
2023-08-30 08:00:00,8,,0.0
2023-08-30 09:00:00,9,,0.9
2023-08-30 10:00:00,10,77.2,0.6
2023-08-30 11:00:00,11,745.1,1.8
2023-08-30 12:00:00,12,1644.3,1.8
2023-08-30 13:00:00,13,1786.8,1.1
2023-08-30 14:00:00,14,2141.8,1.3
2023-08-30 15:00:00,15,2982.2,0.9
2023-08-30 16:00:00,16,2939.1,2.0
2023-08-30 17:00:00,17,2712.0,2.3
2023-08-30 18:00:00,18,2163.1,2.0
2023-08-30 19:00:00,19,1461.4,1.2
2023-08-30 20:00:00,20,877.9,1.6
2023-08-30 21:00:00,21,247.7,0.8
2023-08-30 22:00:00,22,,0.6
2023-08-30 23:00:00,23,,5.4
2023-08-31 00:00:00,0,0.7,1.1
2023-08-31 01:00:00,1,,1.2
2023-08-31 02:00:00,2,,1.7
2023-08-31 03:00:00,3,,1.2
2023-08-31 04:00:00,4,,1.1
2023-08-31 05:00:00,5,,0.7
2023-08-31 06:00:00,6,,0.3
2023-08-31 07:00:00,7,,0.4
2023-08-31 08:00:00,8,,0.6
2023-08-31 09:00:00,9,,0.7
2023-08-31 10:00:00,10,128.8,0.7
2023-08-31 11:00:00,11,360.5,0.4
2023-08-31 12:00:00,12,1558.9,0.5
2023-08-31 13:00:00,13,1836.5,0.4
2023-08-31 14:00:00,14,2354.7,0.8
2023-08-31 15:00:00,15,3066.7,1.2
2023-08-31 16:00:00,16,3259.8,0.7
2023-08-31 17:00:00,17,3175.2,1.0
2023-08-31 18:00:00,18,2403.7,1.2
2023-08-31 19:00:00,19,1672.2,1.0
2023-08-31 20:00:00,20,1081.4,2.1
2023-08-31 21:00:00,21,247.0,1.7
2023-08-31 22:00:00,22,9.1,3.1
2023-08-31 23:00:00,23,4.2,2.4
2023-09-01 00:00:00,0,0.9,0.1
2023-09-01 01:00:00,1,,0.2
2023-09-01 02:00:00,2,,0.2
2023-09-01 03:00:00,3,,0.1
2023-09-01 04:00:00,4,,0.0
2023-09-01 05:00:00,5,,0.0
2023-09-01 06:00:00,6,,0.0
2023-09-01 07:00:00,7,,0.0
2023-09-01 08:00:00,8,,0.2
2023-09-01 09:00:00,9,,0.8
2023-09-01 10:00:00,10,115.9,0.3
2023-09-01 11:00:00,11,458.8,0.9
2023-09-01 12:00:00,12,1082.9,1.1
2023-09-01 13:00:00,13,1365.6,1.9
2023-09-01 14:00:00,14,2738.7,1.3
2023-09-01 15:00:00,15,2176.2,1.8
2023-09-01 16:00:00,16,3000.3,1.5
2023-09-01 17:00:00,17,2651.6,1.7
2023-09-01 18:00:00,18,2166.5,1.2
2023-09-01 19:00:00,19,1771.7,1.6
2023-09-01 20:00:00,20,733.7,0.3
2023-09-01 21:00:00,21,117.7,0.0
2023-09-01 22:00:00,22,,0.8
2023-09-01 23:00:00,23,,0.9
2023-09-02 00:00:00,0,,0.0
2023-09-02 01:00:00,1,,0.0
2023-09-02 02:00:00,2,,1.0
2023-09-02 03:00:00,3,,1.0
2023-09-02 04:00:00,4,,0.6
2023-09-02 05:00:00,5,,0.7
2023-09-02 06:00:00,6,,0.5
2023-09-02 07:00:00,7,,0.5
2023-09-02 08:00:00,8,,0.2
2023-09-02 09:00:00,9,,0.0
2023-09-02 10:00:00,10,114.9,0.9
2023-09-02 11:00:00,11,409.6,1.4
2023-09-02 12:00:00,12,546.6,1.2
2023-09-02 13:00:00,13,2433.2,1.4
2023-09-02 14:00:00,14,2599.4,3.1
2023-09-02 15:00:00,15,3570.3,3.6
2023-09-02 16:00:00,16,2983.5,2.5
2023-09-02 17:00:00,17,2798.5,2.9
2023-09-02 18:00:00,18,2395.6,3.2
2023-09-02 19:00:00,19,1916.4,2.3
2023-09-02 20:00:00,20,907.5,2.3
2023-09-02 21:00:00,21,194.9,0.9
2023-09-02 22:00:00,22,,1.0
2023-09-02 23:00:00,23,,1.0
2023-09-03 00:00:00,0,,1.0
2023-09-03 01:00:00,1,,0.0
2023-09-03 02:00:00,2,,0.3
2023-09-03 03:00:00,3,,0.0
2023-09-03 04:00:00,4,,1.3
2023-09-03 05:00:00,5,,1.1
2023-09-03 06:00:00,6,,0.2
2023-09-03 07:00:00,7,,0.0
2023-09-03 08:00:00,8,,0.5
2023-09-03 09:00:00,9,,0.0
2023-09-03 10:00:00,10,95.7,0.5
2023-09-03 11:00:00,11,741.4,1.3
2023-09-03 12:00:00,12,1772.3,1.9
2023-09-03 13:00:00,13,2559.7,4.5
2023-09-03 14:00:00,14,3049.6,5.7
2023-09-03 15:00:00,15,3024.6,3.2
2023-09-03 16:00:00,16,2924.5,3.8
2023-09-03 17:00:00,17,2961.4,3.8
2023-09-03 18:00:00,18,2611.8,2.0
2023-09-03 19:00:00,19,1895.2,2.2
2023-09-03 20:00:00,20,1014.8,1.9
2023-09-03 21:00:00,21,103.2,0.7
2023-09-03 22:00:00,22,,1.2
2023-09-03 23:00:00,23,,0.1
2023-09-04 00:00:00,0,,0.0
2023-09-04 01:00:00,1,,0.2
2023-09-04 02:00:00,2,,0.4
2023-09-04 03:00:00,3,,0.0
2023-09-04 04:00:00,4,,0.0
2023-09-04 05:00:00,5,,0.7
2023-09-04 06:00:00,6,,0.0
2023-09-04 07:00:00,7,,0.0
2023-09-04 08:00:00,8,,0.0
2023-09-04 09:00:00,9,,0.4
2023-09-04 10:00:00,10,85.4,0.0
2023-09-04 11:00:00,11,886.0,0.5
2023-09-04 12:00:00,12,1791.2,2.8
2023-09-04 13:00:00,13,2564.3,4.2
2023-09-04 14:00:00,14,3122.6,3.8
2023-09-04 15:00:00,15,3442.7,5.2
2023-09-04 16:00:00,16,3475.5,3.6
2023-09-04 17:00:00,17,3197.0,2.3
2023-09-04 18:00:00,18,2704.3,2.0
2023-09-04 19:00:00,19,1978.1,2.4
2023-09-04 20:00:00,20,1063.6,2.0
2023-09-04 21:00:00,21,228.7,0.4
2023-09-04 22:00:00,22,,0.4
2023-09-04 23:00:00,23,,0.1
2023-09-05 00:00:00,0,,0.5
2023-09-05 01:00:00,1,,0.3
2023-09-05 02:00:00,2,,0.3
2023-09-05 03:00:00,3,,1.4
2023-09-05 04:00:00,4,,0.2
2023-09-05 05:00:00,5,,1.4
2023-09-05 06:00:00,6,,0.0
2023-09-05 07:00:00,7,,0.2
2023-09-05 08:00:00,8,,0.6
2023-09-05 09:00:00,9,,0.0
2023-09-05 10:00:00,10,88.2,0.1
2023-09-05 11:00:00,11,854.2,0.0
2023-09-05 12:00:00,12,1733.0,1.8
2023-09-05 13:00:00,13,2501.4,3.6
2023-09-05 14:00:00,14,3071.7,3.4
2023-09-05 15:00:00,15,3387.8,3.5
2023-09-05 16:00:00,16,3410.7,2.1
2023-09-05 17:00:00,17,3104.9,1.6
2023-09-05 18:00:00,18,2573.8,2.7
2023-09-05 19:00:00,19,1857.7,2.1
2023-09-05 20:00:00,20,954.9,1.9
2023-09-05 21:00:00,21,190.9,1.8
2023-09-05 22:00:00,22,,1.2
2023-09-05 23:00:00,23,,0.2
2023-09-06 00:00:00,0,,1.1
2023-09-06 01:00:00,1,,1.5
2023-09-06 02:00:00,2,,1.4
2023-09-06 03:00:00,3,,0.9
2023-09-06 04:00:00,4,,0.4
2023-09-06 05:00:00,5,,0.0
2023-09-06 06:00:00,6,,0.0
2023-09-06 07:00:00,7,,0.6
2023-09-06 08:00:00,8,,0.0
2023-09-06 09:00:00,9,,0.0
2023-09-06 10:00:00,10,93.0,0.8
2023-09-06 11:00:00,11,849.0,0.4
2023-09-06 12:00:00,12,1676.8,3.2
2023-09-06 13:00:00,13,2434.5,3.4
2023-09-06 14:00:00,14,3027.1,3.1
2023-09-06 15:00:00,15,3353.3,2.3
2023-09-06 16:00:00,16,3386.6,2.6
2023-09-06 17:00:00,17,3067.1,2.4
2023-09-06 18:00:00,18,2436.8,1.9
2023-09-06 19:00:00,19,1603.0,0.5
2023-09-06 20:00:00,20,866.1,1.2
2023-09-06 21:00:00,21,262.9,0.8
2023-09-06 22:00:00,22,,0.7
2023-09-06 23:00:00,23,,1.1
2023-09-07 00:00:00,0,,0.6
2023-09-07 01:00:00,1,,0.8
2023-09-07 02:00:00,2,,1.8
2023-09-07 03:00:00,3,,0.0
2023-09-07 04:00:00,4,,0.4
2023-09-07 05:00:00,5,,0.4
2023-09-07 06:00:00,6,,1.0
2023-09-07 07:00:00,7,,0.2
2023-09-07 08:00:00,8,,0.9
2023-09-07 09:00:00,9,,2.7
2023-09-07 10:00:00,10,98.4,1.3
2023-09-07 11:00:00,11,926.4,3.3
2023-09-07 12:00:00,12,1919.8,4.3
2023-09-07 13:00:00,13,2640.9,4.5
2023-09-07 14:00:00,14,3077.4,4.8
2023-09-07 15:00:00,15,3461.0,5.3
2023-09-07 16:00:00,16,3367.5,4.7
2023-09-07 17:00:00,17,3080.6,4.0
2023-09-07 18:00:00,18,2511.2,3.2
2023-09-07 19:00:00,19,1803.5,4.0
2023-09-07 20:00:00,20,1075.5,3.1
2023-09-07 21:00:00,21,228.4,1.9
2023-09-07 22:00:00,22,,1.6
2023-09-07 23:00:00,23,,1.1
2023-09-08 00:00:00,0,,0.0
2023-09-08 01:00:00,1,,1.5
2023-09-08 02:00:00,2,,0.0
2023-09-08 03:00:00,3,,1.1
2023-09-08 04:00:00,4,,0.0
2023-09-08 05:00:00,5,,0.1
2023-09-08 06:00:00,6,,0.1
2023-09-08 07:00:00,7,,0.0
2023-09-08 08:00:00,8,,0.0
2023-09-08 09:00:00,9,,0.3
2023-09-08 10:00:00,10,88.1,0.4
2023-09-08 11:00:00,11,1031.9,2.6
2023-09-08 12:00:00,12,1876.2,4.5
2023-09-08 13:00:00,13,2606.1,4.1
2023-09-08 14:00:00,14,3151.4,3.9
2023-09-08 15:00:00,15,3409.1,3.2
2023-09-08 16:00:00,16,3446.2,2.3
2023-09-08 17:00:00,17,3114.1,2.0
2023-09-08 18:00:00,18,2511.3,1.7
2023-09-08 19:00:00,19,1741.0,1.1
2023-09-08 20:00:00,20,992.2,2.1
2023-09-08 21:00:00,21,213.7,1.0
2023-09-08 22:00:00,22,,1.0
2023-09-08 23:00:00,23,,0.9
2023-09-09 00:00:00,0,,1.2
2023-09-09 01:00:00,1,,1.0
2023-09-09 02:00:00,2,,1.4
2023-09-09 03:00:00,3,,1.4
2023-09-09 04:00:00,4,,1.1
2023-09-09 05:00:00,5,,0.0
2023-09-09 06:00:00,6,,1.5
2023-09-09 07:00:00,7,,0.0
2023-09-09 08:00:00,8,,0.5
2023-09-09 09:00:00,9,,0.0
2023-09-09 10:00:00,10,100.1,0.1
2023-09-09 11:00:00,11,986.7,2.1
2023-09-09 12:00:00,12,1878.5,4.3
2023-09-09 13:00:00,13,2637.6,4.2
2023-09-09 14:00:00,14,3151.0,5.0
2023-09-09 15:00:00,15,3484.5,3.7
2023-09-09 16:00:00,16,3526.4,3.9
2023-09-09 17:00:00,17,3252.3,3.6
2023-09-09 18:00:00,18,2797.2,2.8
2023-09-09 19:00:00,19,1664.5,1.8
2023-09-09 20:00:00,20,1082.0,2.5
2023-09-09 21:00:00,21,277.1,0.8
2023-09-09 22:00:00,22,,1.4
2023-09-09 23:00:00,23,,0.7
2023-09-10 00:00:00,0,,0.9
2023-09-10 01:00:00,1,,0.6
2023-09-10 02:00:00,2,,1.3
2023-09-10 03:00:00,3,,0.1
2023-09-10 04:00:00,4,,0.0
2023-09-10 05:00:00,5,,0.1
2023-09-10 06:00:00,6,,0.0
2023-09-10 07:00:00,7,,1.1
2023-09-10 08:00:00,8,,0.4
2023-09-10 09:00:00,9,,0.0
2023-09-10 10:00:00,10,90.0,0.0
2023-09-10 11:00:00,11,1012.2,1.7
2023-09-10 12:00:00,12,1902.7,3.9
2023-09-10 13:00:00,13,2635.6,3.3
2023-09-10 14:00:00,14,3200.2,3.5
2023-09-10 15:00:00,15,3504.1,3.9
2023-09-10 16:00:00,16,3508.3,2.6
2023-09-10 17:00:00,17,3182.8,3.2
2023-09-10 18:00:00,18,2675.0,3.2
2023-09-10 19:00:00,19,1987.6,1.9
2023-09-10 20:00:00,20,928.9,1.6
2023-09-10 21:00:00,21,274.2,1.3
2023-09-10 22:00:00,22,,1.8
2023-09-10 23:00:00,23,,1.6
2023-09-11 00:00:00,0,,1.6
2023-09-11 01:00:00,1,,1.1
2023-09-11 02:00:00,2,,1.1
2023-09-11 03:00:00,3,,1.4
2023-09-11 04:00:00,4,,0.0
2023-09-11 05:00:00,5,,0.0
2023-09-11 06:00:00,6,,1.6
2023-09-11 07:00:00,7,,1.3
2023-09-11 08:00:00,8,,0.0
2023-09-11 09:00:00,9,,0.2
2023-09-11 10:00:00,10,91.3,0.0
2023-09-11 11:00:00,11,1007.6,1.2
2023-09-11 12:00:00,12,1853.9,3.7
2023-09-11 13:00:00,13,2632.8,3.4
2023-09-11 14:00:00,14,3199.8,3.8
2023-09-11 15:00:00,15,3512.6,4.0
2023-09-11 16:00:00,16,3587.7,3.2
2023-09-11 17:00:00,17,2646.8,2.7
2023-09-11 18:00:00,18,2454.1,2.1
2023-09-11 19:00:00,19,1269.9,2.7
2023-09-11 20:00:00,20,705.1,1.0
2023-09-11 21:00:00,21,151.1,1.2
2023-09-11 22:00:00,22,,1.3
2023-09-11 23:00:00,23,,1.2
2023-09-12 00:00:00,0,,1.0
2023-09-12 01:00:00,1,,1.2
2023-09-12 02:00:00,2,,0.6
2023-09-12 03:00:00,3,,0.5
2023-09-12 04:00:00,4,,0.7
2023-09-12 05:00:00,5,,0.0
2023-09-12 06:00:00,6,,1.5
2023-09-12 07:00:00,7,,1.3
2023-09-12 08:00:00,8,,1.2
2023-09-12 09:00:00,9,,0.0
2023-09-12 10:00:00,10,106.4,0.3
2023-09-12 11:00:00,11,1082.0,2.7
2023-09-12 12:00:00,12,1911.7,5.1
2023-09-12 13:00:00,13,2685.5,4.0
2023-09-12 14:00:00,14,3218.1,3.9
2023-09-12 15:00:00,15,3513.1,4.1
2023-09-12 16:00:00,16,3607.6,2.7
2023-09-12 17:00:00,17,3149.4,2.8
2023-09-12 18:00:00,18,2543.1,3.4
2023-09-12 19:00:00,19,2048.3,2.5
2023-09-12 20:00:00,20,1064.7,2.7
2023-09-12 21:00:00,21,247.8,1.3
2023-09-12 22:00:00,22,,0.8
2023-09-12 23:00:00,23,,1.0
2023-09-13 00:00:00,0,,1.1
2023-09-13 01:00:00,1,,0.2
2023-09-13 02:00:00,2,,0.0
2023-09-13 03:00:00,3,,0.2
2023-09-13 04:00:00,4,,0.2
2023-09-13 05:00:00,5,,0.3
2023-09-13 06:00:00,6,,0.0
2023-09-13 07:00:00,7,,1.8
2023-09-13 08:00:00,8,,0.3
2023-09-13 09:00:00,9,,0.0
2023-09-13 10:00:00,10,98.6,0.0
2023-09-13 11:00:00,11,1012.3,1.1
2023-09-13 12:00:00,12,1914.9,4.4
2023-09-13 13:00:00,13,2659.3,3.7
2023-09-13 14:00:00,14,3193.4,4.2
2023-09-13 15:00:00,15,3506.5,3.0
2023-09-13 16:00:00,16,3207.8,3.3
2023-09-13 17:00:00,17,2881.4,3.4
2023-09-13 18:00:00,18,2358.0,3.1
2023-09-13 19:00:00,19,1595.1,2.8
2023-09-13 20:00:00,20,667.2,1.8
2023-09-13 21:00:00,21,190.0,0.5
2023-09-13 22:00:00,22,,1.0
2023-09-13 23:00:00,23,,0.1
2023-09-14 00:00:00,0,,0.1
2023-09-14 01:00:00,1,,0.4
2023-09-14 02:00:00,2,,1.1
2023-09-14 03:00:00,3,,1.7
2023-09-14 04:00:00,4,,0.0
2023-09-14 05:00:00,5,,0.4
2023-09-14 06:00:00,6,,0.7
2023-09-14 07:00:00,7,,0.3
2023-09-14 08:00:00,8,,0.0
2023-09-14 09:00:00,9,,0.0
2023-09-14 10:00:00,10,114.5,0.7
2023-09-14 11:00:00,11,950.1,1.9
2023-09-14 12:00:00,12,1832.6,3.0
2023-09-14 13:00:00,13,2568.9,4.1
2023-09-14 14:00:00,14,3067.9,3.4
2023-09-14 15:00:00,15,3376.7,3.2
2023-09-14 16:00:00,16,3404.3,3.2
2023-09-14 17:00:00,17,3112.5,2.2
2023-09-14 18:00:00,18,2632.3,0.8
2023-09-14 19:00:00,19,1890.9,1.7
2023-09-14 20:00:00,20,985.7,1.0
2023-09-14 21:00:00,21,248.7,0.2
2023-09-14 22:00:00,22,,0.1
2023-09-14 23:00:00,23,,0.4
2023-09-15 00:00:00,0,,0.1
2023-09-15 01:00:00,1,,0.7
2023-09-15 02:00:00,2,,0.8
2023-09-15 03:00:00,3,,0.8
2023-09-15 04:00:00,4,,1.4
2023-09-15 05:00:00,5,,0.3
2023-09-15 06:00:00,6,,0.7
2023-09-15 07:00:00,7,,0.2
2023-09-15 08:00:00,8,,1.0
2023-09-15 09:00:00,9,,0.7
2023-09-15 10:00:00,10,111.9,0.0
2023-09-15 11:00:00,11,897.1,0.3
2023-09-15 12:00:00,12,1802.4,3.6
2023-09-15 13:00:00,13,2525.2,3.8
2023-09-15 14:00:00,14,2964.8,3.0
2023-09-15 15:00:00,15,3287.4,2.7
2023-09-15 16:00:00,16,3329.8,3.3
2023-09-15 17:00:00,17,3082.9,1.8
2023-09-15 18:00:00,18,2603.9,1.8
2023-09-15 19:00:00,19,1868.9,2.6
2023-09-15 20:00:00,20,887.0,1.7
2023-09-15 21:00:00,21,226.4,1.5
2023-09-15 22:00:00,22,,0.0
2023-09-15 23:00:00,23,,0.7
2023-09-16 00:00:00,0,,1.7
2023-09-16 01:00:00,1,,1.4
2023-09-16 02:00:00,2,,0.7
2023-09-16 03:00:00,3,,0.0
2023-09-16 04:00:00,4,,0.9
2023-09-16 05:00:00,5,,0.0
2023-09-16 06:00:00,6,,0.3
2023-09-16 07:00:00,7,,0.2
2023-09-16 08:00:00,8,,0.9
2023-09-16 09:00:00,9,,0.1
2023-09-16 10:00:00,10,120.3,0.0
2023-09-16 11:00:00,11,925.4,2.2
2023-09-16 12:00:00,12,1732.2,2.1
2023-09-16 13:00:00,13,2510.6,2.6
2023-09-16 14:00:00,14,3056.3,2.9
2023-09-16 15:00:00,15,2888.7,3.8
2023-09-16 16:00:00,16,3138.1,3.3
2023-09-16 17:00:00,17,2719.8,3.2
2023-09-16 18:00:00,18,2446.7,3.0
2023-09-16 19:00:00,19,1756.7,3.5
2023-09-16 20:00:00,20,917.1,3.0
2023-09-16 21:00:00,21,202.4,1.0
2023-09-16 22:00:00,22,,0.8
2023-09-16 23:00:00,23,,1.1
2023-09-17 00:00:00,0,,0.1
2023-09-17 01:00:00,1,,0.7
2023-09-17 02:00:00,2,,0.3
2023-09-17 03:00:00,3,,0.0
2023-09-17 04:00:00,4,,0.1
2023-09-17 05:00:00,5,,0.3
2023-09-17 06:00:00,6,,1.4
2023-09-17 07:00:00,7,,1.6
2023-09-17 08:00:00,8,,0.7
2023-09-17 09:00:00,9,,0.1
2023-09-17 10:00:00,10,121.5,0.7
2023-09-17 11:00:00,11,1009.5,0.9
2023-09-17 12:00:00,12,1865.3,4.5
2023-09-17 13:00:00,13,2645.2,4.6
2023-09-17 14:00:00,14,3146.2,4.3
2023-09-17 15:00:00,15,3455.3,4.3
2023-09-17 16:00:00,16,3451.5,3.0
2023-09-17 17:00:00,17,3198.3,2.9
2023-09-17 18:00:00,18,2696.8,2.9
2023-09-17 19:00:00,19,1914.8,1.7
2023-09-17 20:00:00,20,862.6,2.2
2023-09-17 21:00:00,21,239.8,0.6
2023-09-17 22:00:00,22,,1.0
2023-09-17 23:00:00,23,,0.9
2023-09-18 00:00:00,0,,0.5
2023-09-18 01:00:00,1,,1.0
2023-09-18 02:00:00,2,,0.2
2023-09-18 03:00:00,3,,1.7
2023-09-18 04:00:00,4,,0.0
2023-09-18 05:00:00,5,,1.4
2023-09-18 06:00:00,6,,0.2
2023-09-18 07:00:00,7,,0.1
2023-09-18 08:00:00,8,,0.0
2023-09-18 09:00:00,9,,0.0
2023-09-18 10:00:00,10,128.8,0.0
2023-09-18 11:00:00,11,977.5,0.9
2023-09-18 12:00:00,12,1830.2,4.3
2023-09-18 13:00:00,13,2523.8,4.0
2023-09-18 14:00:00,14,3057.4,2.8
2023-09-18 15:00:00,15,3337.0,3.5
2023-09-18 16:00:00,16,3307.8,2.0
2023-09-18 17:00:00,17,2960.4,2.2
2023-09-18 18:00:00,18,2539.3,3.3
2023-09-18 19:00:00,19,1723.7,1.2
2023-09-18 20:00:00,20,826.9,2.2
2023-09-18 21:00:00,21,179.7,1.7
2023-09-18 22:00:00,22,,1.3
2023-09-18 23:00:00,23,,0.5
2023-09-19 00:00:00,0,,0.9
2023-09-19 01:00:00,1,,0.6
2023-09-19 02:00:00,2,,0.0
2023-09-19 03:00:00,3,,0.9
2023-09-19 04:00:00,4,,1.5
2023-09-19 05:00:00,5,,0.4
2023-09-19 06:00:00,6,,0.7
2023-09-19 07:00:00,7,,0.0
2023-09-19 08:00:00,8,,0.0
2023-09-19 09:00:00,9,,0.0
2023-09-19 10:00:00,10,144.1,0.3
2023-09-19 11:00:00,11,937.9,0.2
2023-09-19 12:00:00,12,1776.4,3.2
2023-09-19 13:00:00,13,2511.8,3.7
2023-09-19 14:00:00,14,3048.5,1.9
2023-09-19 15:00:00,15,3329.3,3.6
2023-09-19 16:00:00,16,3321.8,2.7
2023-09-19 17:00:00,17,3052.9,1.9
2023-09-19 18:00:00,18,2418.8,1.8
2023-09-19 19:00:00,19,1701.7,2.3
2023-09-19 20:00:00,20,838.9,1.7
2023-09-19 21:00:00,21,180.4,0.3
2023-09-19 22:00:00,22,,0.7
2023-09-19 23:00:00,23,,0.8
2023-09-20 00:00:00,0,,0.0
2023-09-20 01:00:00,1,,0.0
2023-09-20 02:00:00,2,,1.1
2023-09-20 03:00:00,3,,0.3
2023-09-20 04:00:00,4,,1.3
2023-09-20 05:00:00,5,,0.0
2023-09-20 06:00:00,6,,0.2
2023-09-20 07:00:00,7,,0.0
2023-09-20 08:00:00,8,,0.2
2023-09-20 09:00:00,9,,0.8
2023-09-20 10:00:00,10,139.3,0.5
2023-09-20 11:00:00,11,996.5,2.6
2023-09-20 12:00:00,12,1850.4,4.5
2023-09-20 13:00:00,13,2608.2,3.4
2023-09-20 14:00:00,14,3129.1,3.6
2023-09-20 15:00:00,15,3418.3,2.6
2023-09-20 16:00:00,16,2964.4,2.1
2023-09-20 17:00:00,17,2502.5,2.0
2023-09-20 18:00:00,18,2611.4,2.4
2023-09-20 19:00:00,19,1957.6,1.3
2023-09-20 20:00:00,20,1000.5,1.6
2023-09-20 21:00:00,21,252.1,1.8
2023-09-20 22:00:00,22,,1.4
2023-09-20 23:00:00,23,,0.7
2023-09-21 00:00:00,0,,0.2
2023-09-21 01:00:00,1,,0.2
2023-09-21 02:00:00,2,,0.2
2023-09-21 03:00:00,3,,0.0
2023-09-21 04:00:00,4,,0.4
2023-09-21 05:00:00,5,,1.0
2023-09-21 06:00:00,6,,1.4
2023-09-21 07:00:00,7,,1.5
2023-09-21 08:00:00,8,,0.7
2023-09-21 09:00:00,9,,0.0
2023-09-21 10:00:00,10,169.7,0.9
2023-09-21 11:00:00,11,1006.9,2.7
2023-09-21 12:00:00,12,1869.3,4.8
2023-09-21 13:00:00,13,2599.3,3.7
2023-09-21 14:00:00,14,3119.7,4.8
2023-09-21 15:00:00,15,3385.9,4.3
2023-09-21 16:00:00,16,3373.4,3.4
2023-09-21 17:00:00,17,3116.0,2.7
2023-09-21 18:00:00,18,2631.2,3.9
2023-09-21 19:00:00,19,1879.0,2.5
2023-09-21 20:00:00,20,1005.2,1.7
2023-09-21 21:00:00,21,216.8,0.3
2023-09-21 22:00:00,22,,0.4
2023-09-21 23:00:00,23,,1.3
2023-09-22 00:00:00,0,,1.5
2023-09-22 01:00:00,1,,0.2
2023-09-22 02:00:00,2,,1.5
2023-09-22 03:00:00,3,,0.1
2023-09-22 04:00:00,4,,0.0
2023-09-22 05:00:00,5,,0.0
2023-09-22 06:00:00,6,,0.0
2023-09-22 07:00:00,7,,0.9
2023-09-22 08:00:00,8,,1.6
2023-09-22 09:00:00,9,,0.3
2023-09-22 10:00:00,10,185.5,0.0
2023-09-22 11:00:00,11,1025.9,2.3
2023-09-22 12:00:00,12,1886.4,3.2
2023-09-22 13:00:00,13,2650.5,3.4
2023-09-22 14:00:00,14,3178.6,3.7
2023-09-22 15:00:00,15,3466.2,3.8
2023-09-22 16:00:00,16,3520.5,3.3
2023-09-22 17:00:00,17,2489.3,2.7
2023-09-22 18:00:00,18,1801.1,1.8
2023-09-22 19:00:00,19,1840.6,1.5
2023-09-22 20:00:00,20,962.1,1.0
2023-09-22 21:00:00,21,217.2,1.1
2023-09-22 22:00:00,22,,0.6
2023-09-22 23:00:00,23,,1.3
2023-09-23 00:00:00,0,,0.2
2023-09-23 01:00:00,1,,0.1
2023-09-23 02:00:00,2,,1.2
2023-09-23 03:00:00,3,,1.4
2023-09-23 04:00:00,4,,0.8
2023-09-23 05:00:00,5,,0.8
2023-09-23 06:00:00,6,,0.0
2023-09-23 07:00:00,7,,1.9
2023-09-23 08:00:00,8,,0.5
2023-09-23 09:00:00,9,,0.7
2023-09-23 10:00:00,10,193.2,0.1
2023-09-23 11:00:00,11,1002.9,1.0
2023-09-23 12:00:00,12,1869.2,2.0
2023-09-23 13:00:00,13,2608.0,3.3
2023-09-23 14:00:00,14,3134.9,3.4
2023-09-23 15:00:00,15,3399.3,2.4
2023-09-23 16:00:00,16,3419.0,0.7
2023-09-23 17:00:00,17,2957.9,0.8
2023-09-23 18:00:00,18,2455.9,0.9
2023-09-23 19:00:00,19,1641.2,0.1
2023-09-23 20:00:00,20,976.3,1.2
2023-09-23 21:00:00,21,199.5,0.4
2023-09-23 22:00:00,22,,0.4
2023-09-23 23:00:00,23,,0.9
2023-09-24 00:00:00,0,,1.7
2023-09-24 01:00:00,1,,0.0
2023-09-24 02:00:00,2,,0.7
2023-09-24 03:00:00,3,,0.0
2023-09-24 04:00:00,4,,1.0
2023-09-24 05:00:00,5,,0.0
2023-09-24 06:00:00,6,,0.4
2023-09-24 07:00:00,7,,0.1
2023-09-24 08:00:00,8,,0.3
2023-09-24 09:00:00,9,,1.0
2023-09-24 10:00:00,10,189.0,1.5
2023-09-24 11:00:00,11,939.7,1.6
2023-09-24 12:00:00,12,1727.1,1.9
2023-09-24 13:00:00,13,2417.3,1.0
2023-09-24 14:00:00,14,2924.4,1.9
2023-09-24 15:00:00,15,2387.0,3.0
2023-09-24 16:00:00,16,2893.3,2.7
2023-09-24 17:00:00,17,2835.2,1.9
2023-09-24 18:00:00,18,2292.9,2.2
2023-09-24 19:00:00,19,2024.7,1.5
2023-09-24 20:00:00,20,714.0,0.1
2023-09-24 21:00:00,21,165.1,0.3
2023-09-24 22:00:00,22,,0.6
2023-09-24 23:00:00,23,,0.1
2023-09-25 00:00:00,0,,0.4
2023-09-25 01:00:00,1,,1.1
2023-09-25 02:00:00,2,,0.0
2023-09-25 03:00:00,3,,0.0
2023-09-25 04:00:00,4,,0.0
2023-09-25 05:00:00,5,,0.0
2023-09-25 06:00:00,6,,0.2
2023-09-25 07:00:00,7,,0.0
2023-09-25 08:00:00,8,,0.0
2023-09-25 09:00:00,9,,1.0
2023-09-25 10:00:00,10,123.6,1.1
2023-09-25 11:00:00,11,925.1,1.5
2023-09-25 12:00:00,12,1834.3,1.9
2023-09-25 13:00:00,13,2570.4,1.7
2023-09-25 14:00:00,14,3125.7,2.1
2023-09-25 15:00:00,15,3422.1,1.5
2023-09-25 16:00:00,16,2986.3,1.4
2023-09-25 17:00:00,17,3301.4,2.0
2023-09-25 18:00:00,18,2256.8,1.7
2023-09-25 19:00:00,19,1689.3,1.0
2023-09-25 20:00:00,20,912.6,0.4
2023-09-25 21:00:00,21,210.9,0.0
2023-09-25 22:00:00,22,,0.0
2023-09-25 23:00:00,23,,0.1
2023-09-26 00:00:00,0,,2.5
2023-09-26 01:00:00,1,,0.9
2023-09-26 02:00:00,2,,0.9
2023-09-26 03:00:00,3,,0.9
2023-09-26 04:00:00,4,,0.6
2023-09-26 05:00:00,5,,0.3
2023-09-26 06:00:00,6,,0.0
2023-09-26 07:00:00,7,,0.7
2023-09-26 08:00:00,8,,0.0
2023-09-26 09:00:00,9,,1.6
2023-09-26 10:00:00,10,251.8,0.5
2023-09-26 11:00:00,11,995.9,3.0
2023-09-26 12:00:00,12,1842.9,2.4
2023-09-26 13:00:00,13,2570.3,3.9
2023-09-26 14:00:00,14,3129.0,2.8
2023-09-26 15:00:00,15,2906.5,3.0
2023-09-26 16:00:00,16,2559.8,1.2
2023-09-26 17:00:00,17,2117.1,0.8
2023-09-26 18:00:00,18,1979.6,1.5
2023-09-26 19:00:00,19,1757.3,3.3
2023-09-26 20:00:00,20,939.0,1.8
2023-09-26 21:00:00,21,230.1,1.4
2023-09-26 22:00:00,22,,1.6
2023-09-26 23:00:00,23,,2.8
2023-09-27 00:00:00,0,,0.6
2023-09-27 01:00:00,1,,0.9
2023-09-27 02:00:00,2,,0.2
2023-09-27 03:00:00,3,,0.1
2023-09-27 04:00:00,4,,0.3
2023-09-27 05:00:00,5,,1.1
2023-09-27 06:00:00,6,,0.0
2023-09-27 07:00:00,7,,4.1
2023-09-27 08:00:00,8,,1.9
2023-09-27 09:00:00,9,,0.0
2023-09-27 10:00:00,10,188.5,0.6
2023-09-27 11:00:00,11,305.7,1.8
2023-09-27 12:00:00,12,408.1,2.0
2023-09-27 13:00:00,13,1486.1,2.1
2023-09-27 14:00:00,14,1908.8,1.6
2023-09-27 15:00:00,15,3218.9,0.8
2023-09-27 16:00:00,16,2943.1,1.4
2023-09-27 17:00:00,17,2574.4,1.7
2023-09-27 18:00:00,18,2188.4,1.9
2023-09-27 19:00:00,19,572.5,2.4
2023-09-27 20:00:00,20,233.1,1.2
2023-09-27 21:00:00,21,76.6,2.3
2023-09-27 22:00:00,22,,1.2
2023-09-27 23:00:00,23,,2.7
2023-09-28 00:00:00,0,,0.6
2023-09-28 01:00:00,1,,0.5
2023-09-28 02:00:00,2,,0.0
2023-09-28 03:00:00,3,,1.6
2023-09-28 04:00:00,4,,1.0
2023-09-28 05:00:00,5,,0.0
2023-09-28 06:00:00,6,,0.0
2023-09-28 07:00:00,7,,0.0
2023-09-28 08:00:00,8,,0.0
2023-09-28 09:00:00,9,,0.8
2023-09-28 10:00:00,10,138.3,1.1
2023-09-28 11:00:00,11,784.3,2.3
2023-09-28 12:00:00,12,520.2,3.3
2023-09-28 13:00:00,13,1678.5,2.6
2023-09-28 14:00:00,14,2643.5,2.3
2023-09-28 15:00:00,15,2075.8,2.8
2023-09-28 16:00:00,16,2455.0,2.7
2023-09-28 17:00:00,17,2501.3,2.3
2023-09-28 18:00:00,18,2152.8,1.0
2023-09-28 19:00:00,19,961.0,0.8
2023-09-28 20:00:00,20,487.3,0.6
2023-09-28 21:00:00,21,119.3,2.0
2023-09-28 22:00:00,22,,1.5
2023-09-28 23:00:00,23,,1.2
2023-09-29 00:00:00,0,,0.0
2023-09-29 01:00:00,1,,0.0
2023-09-29 02:00:00,2,,0.2
2023-09-29 03:00:00,3,,0.0
2023-09-29 04:00:00,4,,1.4
2023-09-29 05:00:00,5,,0.4
2023-09-29 06:00:00,6,,0.7
2023-09-29 07:00:00,7,,0.0
2023-09-29 08:00:00,8,,0.1
2023-09-29 09:00:00,9,,0.6
2023-09-29 10:00:00,10,217.7,0.0
2023-09-29 11:00:00,11,1066.1,1.1
2023-09-29 12:00:00,12,1812.5,2.3
2023-09-29 13:00:00,13,2709.9,2.7
2023-09-29 14:00:00,14,3156.3,0.8
2023-09-29 15:00:00,15,3526.1,1.0
2023-09-29 16:00:00,16,3085.1,1.2
2023-09-29 17:00:00,17,2738.4,1.9
2023-09-29 18:00:00,18,2128.9,1.7
2023-09-29 19:00:00,19,1707.7,1.1
2023-09-29 20:00:00,20,928.8,0.4
2023-09-29 21:00:00,21,196.8,0.0
2023-09-29 22:00:00,22,,0.0
2023-09-29 23:00:00,23,,0.0
2023-09-30 00:00:00,0,,0.6
2023-09-30 01:00:00,1,,0.1
2023-09-30 02:00:00,2,,0.4
2023-09-30 03:00:00,3,,0.4
2023-09-30 04:00:00,4,,2.2
2023-09-30 05:00:00,5,,0.5
2023-09-30 06:00:00,6,,1.2
2023-09-30 07:00:00,7,,0.8
2023-09-30 08:00:00,8,,0.9
2023-09-30 09:00:00,9,,3.3
2023-09-30 10:00:00,10,103.9,1.7
2023-09-30 11:00:00,11,1019.4,2.4
2023-09-30 12:00:00,12,1952.1,1.3
2023-09-30 13:00:00,13,2504.5,3.0
2023-09-30 14:00:00,14,3183.8,3.5
2023-09-30 15:00:00,15,3453.9,3.4
2023-09-30 16:00:00,16,3442.0,3.5
2023-09-30 17:00:00,17,2969.9,2.1
2023-09-30 18:00:00,18,2400.4,2.3
2023-09-30 19:00:00,19,1429.5,3.6
2023-09-30 20:00:00,20,763.1,1.4
2023-09-30 21:00:00,21,193.5,0.4
2023-09-30 22:00:00,22,,0.6
2023-09-30 23:00:00,23,,0.4
2023-10-01 00:00:00,0,,1.3
2023-10-01 01:00:00,1,,1.9
2023-10-01 02:00:00,2,,1.0
2023-10-01 03:00:00,3,,0.8
2023-10-01 04:00:00,4,,1.1
2023-10-01 05:00:00,5,,1.5
2023-10-01 06:00:00,6,,0.0
2023-10-01 07:00:00,7,,0.6
2023-10-01 08:00:00,8,,0.6
2023-10-01 09:00:00,9,1.7,1.9
2023-10-01 10:00:00,10,250.1,0.7
2023-10-01 11:00:00,11,1007.9,1.4
2023-10-01 12:00:00,12,1871.0,4.0
2023-10-01 13:00:00,13,2697.5,2.7
2023-10-01 14:00:00,14,3209.1,3.5
2023-10-01 15:00:00,15,3437.7,3.2
2023-10-01 16:00:00,16,3441.2,1.3
2023-10-01 17:00:00,17,3203.8,1.8
2023-10-01 18:00:00,18,2686.0,1.0
2023-10-01 19:00:00,19,1881.8,0.6
2023-10-01 20:00:00,20,928.0,0.3
2023-10-01 21:00:00,21,197.7,0.7
2023-10-01 22:00:00,22,,0.5
2023-10-01 23:00:00,23,,0.3
2023-10-02 00:00:00,0,,0.5
2023-10-02 01:00:00,1,,1.3
2023-10-02 02:00:00,2,,0.2
2023-10-02 03:00:00,3,,0.1
2023-10-02 04:00:00,4,,0.8
2023-10-02 05:00:00,5,,0.3
2023-10-02 06:00:00,6,,0.0
2023-10-02 07:00:00,7,,0.0
2023-10-02 08:00:00,8,,1.1
2023-10-02 09:00:00,9,,0.7
2023-10-02 10:00:00,10,125.7,2.0
2023-10-02 11:00:00,11,574.3,1.1
2023-10-02 12:00:00,12,1750.7,2.2
2023-10-02 13:00:00,13,2579.7,2.5
2023-10-02 14:00:00,14,2225.6,1.6
2023-10-02 15:00:00,15,3434.2,1.6
2023-10-02 16:00:00,16,3191.2,2.0
2023-10-02 17:00:00,17,3291.7,2.5
2023-10-02 18:00:00,18,2472.6,1.8
2023-10-02 19:00:00,19,1940.1,1.0
2023-10-02 20:00:00,20,935.4,1.2
2023-10-02 21:00:00,21,215.0,0.0
2023-10-02 22:00:00,22,,0.0
2023-10-02 23:00:00,23,,0.1
2023-10-03 00:00:00,0,,1.2
2023-10-03 01:00:00,1,,0.8
2023-10-03 02:00:00,2,,0.1
2023-10-03 03:00:00,3,,1.9
2023-10-03 04:00:00,4,,0.7
2023-10-03 05:00:00,5,,0.9
2023-10-03 06:00:00,6,,1.6
2023-10-03 07:00:00,7,,0.1
2023-10-03 08:00:00,8,,0.4
2023-10-03 09:00:00,9,,1.3
2023-10-03 10:00:00,10,237.5,2.0
2023-10-03 11:00:00,11,1064.5,2.3
2023-10-03 12:00:00,12,1949.8,2.7
2023-10-03 13:00:00,13,2723.6,2.1
2023-10-03 14:00:00,14,3185.4,2.4
2023-10-03 15:00:00,15,2963.6,1.7
2023-10-03 16:00:00,16,3429.4,2.3
2023-10-03 17:00:00,17,2835.8,3.1
2023-10-03 18:00:00,18,2649.8,1.6
2023-10-03 19:00:00,19,1933.2,1.8
2023-10-03 20:00:00,20,1001.1,1.0
2023-10-03 21:00:00,21,219.6,0.6
2023-10-03 22:00:00,22,,0.2
2023-10-03 23:00:00,23,,0.3
2023-10-04 00:00:00,0,,1.1
2023-10-04 01:00:00,1,,0.1
2023-10-04 02:00:00,2,,0.6
2023-10-04 03:00:00,3,,0.4
2023-10-04 04:00:00,4,,0.0
2023-10-04 05:00:00,5,,1.5
2023-10-04 06:00:00,6,,1.9
2023-10-04 07:00:00,7,,1.6
2023-10-04 08:00:00,8,,1.4
2023-10-04 09:00:00,9,1.5,1.7
2023-10-04 10:00:00,10,239.8,1.0
2023-10-04 11:00:00,11,925.8,2.2
2023-10-04 12:00:00,12,1894.4,2.6
2023-10-04 13:00:00,13,2656.5,2.4
2023-10-04 14:00:00,14,2810.9,2.0
2023-10-04 15:00:00,15,3030.2,1.7
2023-10-04 16:00:00,16,2598.8,3.1
2023-10-04 17:00:00,17,3330.5,1.4
2023-10-04 18:00:00,18,2256.0,1.1
2023-10-04 19:00:00,19,1622.4,1.3
2023-10-04 20:00:00,20,909.5,0.7
2023-10-04 21:00:00,21,119.5,0.9
2023-10-04 22:00:00,22,,0.1
2023-10-04 23:00:00,23,,0.7
2023-10-05 00:00:00,0,,0.6
2023-10-05 01:00:00,1,,1.4
2023-10-05 02:00:00,2,,1.2
2023-10-05 03:00:00,3,,0.0
2023-10-05 04:00:00,4,,1.1
2023-10-05 05:00:00,5,,1.1
2023-10-05 06:00:00,6,,0.0
2023-10-05 07:00:00,7,,0.0
2023-10-05 08:00:00,8,,0.0
2023-10-05 09:00:00,9,2.0,1.5
2023-10-05 10:00:00,10,267.1,0.2
2023-10-05 11:00:00,11,1004.8,2.7
2023-10-05 12:00:00,12,1845.4,1.8
2023-10-05 13:00:00,13,2634.8,1.2
2023-10-05 14:00:00,14,3154.5,0.9
2023-10-05 15:00:00,15,3008.5,0.8
2023-10-05 16:00:00,16,3033.7,1.6
2023-10-05 17:00:00,17,3082.4,0.8
2023-10-05 18:00:00,18,2477.9,1.3
2023-10-05 19:00:00,19,1777.7,1.8
2023-10-05 20:00:00,20,849.7,1.9
2023-10-05 21:00:00,21,223.3,1.0
2023-10-05 22:00:00,22,,1.0
2023-10-05 23:00:00,23,,0.2
2023-10-06 00:00:00,0,,0.0
2023-10-06 01:00:00,1,,0.4
2023-10-06 02:00:00,2,,0.0
2023-10-06 03:00:00,3,,0.0
2023-10-06 04:00:00,4,,1.0
2023-10-06 05:00:00,5,,0.5
2023-10-06 06:00:00,6,,1.2
2023-10-06 07:00:00,7,,0.0
2023-10-06 08:00:00,8,,0.8
2023-10-06 09:00:00,9,,0.8
2023-10-06 10:00:00,10,152.8,1.9
2023-10-06 11:00:00,11,893.6,2.3
2023-10-06 12:00:00,12,1606.9,2.4
2023-10-06 13:00:00,13,2731.4,2.4
2023-10-06 14:00:00,14,3270.0,2.2
2023-10-06 15:00:00,15,3521.4,1.7
2023-10-06 16:00:00,16,2599.2,1.4
2023-10-06 17:00:00,17,2668.4,1.5
2023-10-06 18:00:00,18,2752.8,1.4
2023-10-06 19:00:00,19,1880.3,1.0
2023-10-06 20:00:00,20,708.6,1.0
2023-10-06 21:00:00,21,141.5,0.7
2023-10-06 22:00:00,22,,2.2
2023-10-06 23:00:00,23,,2.8
2023-10-07 00:00:00,0,,2.6
2023-10-07 01:00:00,1,,2.8
2023-10-07 02:00:00,2,,0.2
2023-10-07 03:00:00,3,,1.9
2023-10-07 04:00:00,4,,1.2
2023-10-07 05:00:00,5,,1.9
2023-10-07 06:00:00,6,,1.5
2023-10-07 07:00:00,7,,1.0
2023-10-07 08:00:00,8,,0.5
2023-10-07 09:00:00,9,0.4,1.2
2023-10-07 10:00:00,10,47.9,2.7
2023-10-07 11:00:00,11,232.6,2.1
2023-10-07 12:00:00,12,398.2,0.2
2023-10-07 13:00:00,13,610.3,0.6
2023-10-07 14:00:00,14,2161.9,2.4
2023-10-07 15:00:00,15,3102.5,3.4
2023-10-07 16:00:00,16,3458.4,2.2
2023-10-07 17:00:00,17,3218.3,0.8
2023-10-07 18:00:00,18,2743.4,2.7
2023-10-07 19:00:00,19,1945.8,2.3
2023-10-07 20:00:00,20,1063.0,2.2
2023-10-07 21:00:00,21,230.8,0.6
2023-10-07 22:00:00,22,,1.1
2023-10-07 23:00:00,23,,1.6
2023-10-08 00:00:00,0,,1.6
2023-10-08 01:00:00,1,,2.0
2023-10-08 02:00:00,2,,1.4
2023-10-08 03:00:00,3,,1.0
2023-10-08 04:00:00,4,,0.3
2023-10-08 05:00:00,5,,0.3
2023-10-08 06:00:00,6,,0.2
2023-10-08 07:00:00,7,,0.0
2023-10-08 08:00:00,8,,0.0
2023-10-08 09:00:00,9,1.1,0.0
2023-10-08 10:00:00,10,134.2,1.0
2023-10-08 11:00:00,11,292.8,0.7
2023-10-08 12:00:00,12,79.1,5.3
2023-10-08 13:00:00,13,149.6,0.5
2023-10-08 14:00:00,14,631.6,1.4
2023-10-08 15:00:00,15,1710.9,1.9
2023-10-08 16:00:00,16,2203.8,1.3
2023-10-08 17:00:00,17,2545.4,3.2
2023-10-08 18:00:00,18,2148.0,2.6
2023-10-08 19:00:00,19,2220.8,1.8
2023-10-08 20:00:00,20,1070.8,1.6
2023-10-08 21:00:00,21,168.7,1.8
2023-10-08 22:00:00,22,,1.5
2023-10-08 23:00:00,23,,1.0
2023-10-09 00:00:00,0,,0.0
2023-10-09 01:00:00,1,,1.2
2023-10-09 02:00:00,2,,1.0
2023-10-09 03:00:00,3,,1.5
2023-10-09 04:00:00,4,,0.0
2023-10-09 05:00:00,5,,0.0
2023-10-09 06:00:00,6,,0.0
2023-10-09 07:00:00,7,,0.0
2023-10-09 08:00:00,8,,0.0
2023-10-09 09:00:00,9,1.9,0.0
2023-10-09 10:00:00,10,242.7,0.3
2023-10-09 11:00:00,11,619.5,0.7
2023-10-09 12:00:00,12,1016.9,1.5
2023-10-09 13:00:00,13,1941.3,0.8
2023-10-09 14:00:00,14,3243.3,1.7
2023-10-09 15:00:00,15,3590.8,1.2
2023-10-09 16:00:00,16,3308.8,1.9
2023-10-09 17:00:00,17,3126.8,1.6
2023-10-09 18:00:00,18,2371.0,1.1
2023-10-09 19:00:00,19,1728.0,2.1
2023-10-09 20:00:00,20,1022.1,1.9
2023-10-09 21:00:00,21,225.0,1.0
2023-10-09 22:00:00,22,,1.1
2023-10-09 23:00:00,23,,0.3
2023-10-10 00:00:00,0,,1.3
2023-10-10 01:00:00,1,,1.3
2023-10-10 02:00:00,2,,0.2
2023-10-10 03:00:00,3,,0.7
2023-10-10 04:00:00,4,,0.5
2023-10-10 05:00:00,5,,0.0
2023-10-10 06:00:00,6,,0.3
2023-10-10 07:00:00,7,,0.4
2023-10-10 08:00:00,8,,0.5
2023-10-10 09:00:00,9,3.6,0.3
2023-10-10 10:00:00,10,281.9,0.0
2023-10-10 11:00:00,11,1166.8,1.3
2023-10-10 12:00:00,12,2020.9,1.8
2023-10-10 13:00:00,13,2703.7,2.0
2023-10-10 14:00:00,14,3318.1,1.7
2023-10-10 15:00:00,15,3663.6,2.2
2023-10-10 16:00:00,16,3235.6,1.3
2023-10-10 17:00:00,17,2815.8,1.3
2023-10-10 18:00:00,18,2220.4,1.5
2023-10-10 19:00:00,19,1701.1,2.0
2023-10-10 20:00:00,20,894.3,1.4
2023-10-10 21:00:00,21,232.9,0.9
2023-10-10 22:00:00,22,,0.8
2023-10-10 23:00:00,23,,1.4
2023-10-11 00:00:00,0,,1.6
2023-10-11 01:00:00,1,,1.6
2023-10-11 02:00:00,2,,0.9
2023-10-11 03:00:00,3,,0.6
2023-10-11 04:00:00,4,,0.3
2023-10-11 05:00:00,5,,0.3
2023-10-11 06:00:00,6,,0.8
2023-10-11 07:00:00,7,,0.1
2023-10-11 08:00:00,8,,0.0
2023-10-11 09:00:00,9,3.5,0.1
2023-10-11 10:00:00,10,155.3,0.2
2023-10-11 11:00:00,11,372.2,1.2
2023-10-11 12:00:00,12,914.6,1.1
2023-10-11 13:00:00,13,1525.9,2.5
2023-10-11 14:00:00,14,2785.5,1.4
2023-10-11 15:00:00,15,2533.1,1.8
2023-10-11 16:00:00,16,2693.2,1.5
2023-10-11 17:00:00,17,2388.3,1.9
2023-10-11 18:00:00,18,2748.8,1.8
2023-10-11 19:00:00,19,1490.5,1.3
2023-10-11 20:00:00,20,961.2,1.0
2023-10-11 21:00:00,21,228.7,1.1
2023-10-11 22:00:00,22,,1.2
2023-10-11 23:00:00,23,,1.2
2023-10-12 00:00:00,0,,1.5
2023-10-12 01:00:00,1,,0.9
2023-10-12 02:00:00,2,,0.2
2023-10-12 03:00:00,3,,0.3
2023-10-12 04:00:00,4,,0.1
2023-10-12 05:00:00,5,,0.0
2023-10-12 06:00:00,6,,0.0
2023-10-12 07:00:00,7,,0.0
2023-10-12 08:00:00,8,,0.5
2023-10-12 09:00:00,9,4.1,0.0
2023-10-12 10:00:00,10,121.3,0.0
2023-10-12 11:00:00,11,1016.2,1.8
2023-10-12 12:00:00,12,1884.4,2.7
2023-10-12 13:00:00,13,2505.5,1.3
2023-10-12 14:00:00,14,1900.3,1.1
2023-10-12 15:00:00,15,3298.1,1.9
2023-10-12 16:00:00,16,3612.7,2.3
2023-10-12 17:00:00,17,3035.9,2.5
2023-10-12 18:00:00,18,2628.4,2.4
2023-10-12 19:00:00,19,1603.5,2.6
2023-10-12 20:00:00,20,1008.6,2.1
2023-10-12 21:00:00,21,116.7,1.1
2023-10-12 22:00:00,22,,0.8
2023-10-12 23:00:00,23,,0.9
2023-10-13 00:00:00,0,,1.7
2023-10-13 01:00:00,1,,0.6
2023-10-13 02:00:00,2,,0.0
2023-10-13 03:00:00,3,,0.1
2023-10-13 04:00:00,4,,1.1
2023-10-13 05:00:00,5,,0.2
2023-10-13 06:00:00,6,,0.0
2023-10-13 07:00:00,7,,0.5
2023-10-13 08:00:00,8,,0.5
2023-10-13 09:00:00,9,4.4,0.0
2023-10-13 10:00:00,10,225.2,0.2
2023-10-13 11:00:00,11,1102.9,1.4
2023-10-13 12:00:00,12,1982.0,2.0
2023-10-13 13:00:00,13,2671.5,1.7
2023-10-13 14:00:00,14,3295.3,1.3
2023-10-13 15:00:00,15,2771.3,0.9
2023-10-13 16:00:00,16,3672.4,1.9
2023-10-13 17:00:00,17,2967.4,1.0
2023-10-13 18:00:00,18,2554.8,1.3
2023-10-13 19:00:00,19,1907.2,1.7
2023-10-13 20:00:00,20,1002.8,0.6
2023-10-13 21:00:00,21,227.4,0.0
2023-10-13 22:00:00,22,,1.7
2023-10-13 23:00:00,23,,0.6
2023-10-14 00:00:00,0,,1.4
2023-10-14 01:00:00,1,,1.5
2023-10-14 02:00:00,2,,1.4
2023-10-14 03:00:00,3,,0.0
2023-10-14 04:00:00,4,,0.0
2023-10-14 05:00:00,5,,0.8
2023-10-14 06:00:00,6,,1.6
2023-10-14 07:00:00,7,,1.7
2023-10-14 08:00:00,8,,0.3
2023-10-14 09:00:00,9,3.0,0.9
2023-10-14 10:00:00,10,159.7,0.8
2023-10-14 11:00:00,11,789.1,3.2
2023-10-14 12:00:00,12,1139.1,2.6
2023-10-14 13:00:00,13,2691.3,2.8
2023-10-14 14:00:00,14,3380.3,1.7
2023-10-14 15:00:00,15,3475.9,1.8
2023-10-14 16:00:00,16,3257.4,1.5
2023-10-14 17:00:00,17,2863.7,1.1
2023-10-14 18:00:00,18,2699.8,2.8
2023-10-14 19:00:00,19,279.1,2.3
2023-10-14 20:00:00,20,96.4,2.0
2023-10-14 21:00:00,21,19.6,2.2
2023-10-14 22:00:00,22,0.0,4.6
2023-10-14 23:00:00,23,,0.6
2023-10-15 00:00:00,0,,0.0
2023-10-15 01:00:00,1,,0.0
2023-10-15 02:00:00,2,,0.6
2023-10-15 03:00:00,3,,0.6
2023-10-15 04:00:00,4,,1.3
2023-10-15 05:00:00,5,0.8,2.5
2023-10-15 06:00:00,6,,3.2
2023-10-15 07:00:00,7,,0.3
2023-10-15 08:00:00,8,,0.1
2023-10-15 09:00:00,9,16.2,0.0
2023-10-15 10:00:00,10,199.7,0.1
2023-10-15 11:00:00,11,496.1,0.5
2023-10-15 12:00:00,12,1564.4,0.7
2023-10-15 13:00:00,13,2328.7,0.6
2023-10-15 14:00:00,14,3000.1,1.1
2023-10-15 15:00:00,15,3486.1,1.7
2023-10-15 16:00:00,16,3171.3,1.5
2023-10-15 17:00:00,17,2315.3,0.9
2023-10-15 18:00:00,18,2297.1,1.0
2023-10-15 19:00:00,19,1965.8,1.5
2023-10-15 20:00:00,20,730.2,1.9
2023-10-15 21:00:00,21,195.3,1.2
2023-10-15 22:00:00,22,,0.1
2023-10-15 23:00:00,23,,0.0
2023-10-16 00:00:00,0,,0.0
2023-10-16 01:00:00,1,,0.1
2023-10-16 02:00:00,2,,1.2
2023-10-16 03:00:00,3,,1.4
2023-10-16 04:00:00,4,,0.2
2023-10-16 05:00:00,5,,0.5
2023-10-16 06:00:00,6,,0.0
2023-10-16 07:00:00,7,,0.0
2023-10-16 08:00:00,8,,0.7
2023-10-16 09:00:00,9,6.7,0.3
2023-10-16 10:00:00,10,193.0,1.6
2023-10-16 11:00:00,11,1144.3,1.2
2023-10-16 12:00:00,12,1756.8,0.5
2023-10-16 13:00:00,13,2053.2,2.2
2023-10-16 14:00:00,14,2415.2,1.4
2023-10-16 15:00:00,15,3155.3,2.3
2023-10-16 16:00:00,16,2591.7,1.2
2023-10-16 17:00:00,17,3095.9,1.4
2023-10-16 18:00:00,18,2595.9,1.3
2023-10-16 19:00:00,19,1852.7,1.1
2023-10-16 20:00:00,20,1065.2,1.1
2023-10-16 21:00:00,21,238.1,0.3
2023-10-16 22:00:00,22,,1.3
2023-10-16 23:00:00,23,,0.7
2023-10-17 00:00:00,0,,0.2
2023-10-17 01:00:00,1,,0.1
2023-10-17 02:00:00,2,,0.6
2023-10-17 03:00:00,3,,0.0
2023-10-17 04:00:00,4,,0.0
2023-10-17 05:00:00,5,,0.0
2023-10-17 06:00:00,6,,0.9
2023-10-17 07:00:00,7,,0.1
2023-10-17 08:00:00,8,,0.3
2023-10-17 09:00:00,9,8.5,0.0
2023-10-17 10:00:00,10,318.0,0.1
2023-10-17 11:00:00,11,1213.3,0.5
2023-10-17 12:00:00,12,2156.6,1.9
2023-10-17 13:00:00,13,2964.8,3.6
2023-10-17 14:00:00,14,3486.9,3.1
2023-10-17 15:00:00,15,3758.2,2.7
2023-10-17 16:00:00,16,3696.6,2.3
2023-10-17 17:00:00,17,3505.0,1.9
2023-10-17 18:00:00,18,2364.6,2.0
2023-10-17 19:00:00,19,2069.9,1.4
2023-10-17 20:00:00,20,871.7,1.0
2023-10-17 21:00:00,21,221.8,0.7
2023-10-17 22:00:00,22,,1.1
2023-10-17 23:00:00,23,,0.1
2023-10-18 00:00:00,0,,0.5
2023-10-18 01:00:00,1,,1.3
2023-10-18 02:00:00,2,,0.1
2023-10-18 03:00:00,3,,0.2
2023-10-18 04:00:00,4,,0.3
2023-10-18 05:00:00,5,,0.1
2023-10-18 06:00:00,6,,1.3
2023-10-18 07:00:00,7,,1.8
2023-10-18 08:00:00,8,,1.8
2023-10-18 09:00:00,9,8.0,0.0
2023-10-18 10:00:00,10,313.4,0.2
2023-10-18 11:00:00,11,1218.7,0.0
2023-10-18 12:00:00,12,2078.0,1.0
2023-10-18 13:00:00,13,2795.0,2.2
2023-10-18 14:00:00,14,3354.0,3.5
2023-10-18 15:00:00,15,3712.6,1.9
2023-10-18 16:00:00,16,3670.0,2.5
2023-10-18 17:00:00,17,3362.9,1.4
2023-10-18 18:00:00,18,2722.7,0.6
2023-10-18 19:00:00,19,1860.0,1.0
2023-10-18 20:00:00,20,847.0,1.5
2023-10-18 21:00:00,21,228.1,1.5
2023-10-18 22:00:00,22,,0.8
2023-10-18 23:00:00,23,,1.2
2023-10-19 00:00:00,0,,1.6
2023-10-19 01:00:00,1,,0.3
2023-10-19 02:00:00,2,,0.2
2023-10-19 03:00:00,3,,0.0
2023-10-19 04:00:00,4,,0.0
2023-10-19 05:00:00,5,,1.6
2023-10-19 06:00:00,6,,0.8
2023-10-19 07:00:00,7,,0.2
2023-10-19 08:00:00,8,,0.2
2023-10-19 09:00:00,9,8.2,1.2
2023-10-19 10:00:00,10,295.6,0.3
2023-10-19 11:00:00,11,1056.0,0.6
2023-10-19 12:00:00,12,1985.8,2.5
2023-10-19 13:00:00,13,2709.6,1.6
2023-10-19 14:00:00,14,3280.0,1.5
2023-10-19 15:00:00,15,3635.1,2.2
2023-10-19 16:00:00,16,3571.4,2.4
2023-10-19 17:00:00,17,3334.2,1.9
2023-10-19 18:00:00,18,2346.7,1.1
2023-10-19 19:00:00,19,1862.3,1.7
2023-10-19 20:00:00,20,985.9,0.6
2023-10-19 21:00:00,21,209.0,0.1
2023-10-19 22:00:00,22,,0.9
2023-10-19 23:00:00,23,,0.7
2023-10-20 00:00:00,0,,1.6
2023-10-20 01:00:00,1,,0.9
2023-10-20 02:00:00,2,,0.0
2023-10-20 03:00:00,3,,0.1
2023-10-20 04:00:00,4,,0.0
2023-10-20 05:00:00,5,,0.0
2023-10-20 06:00:00,6,,0.2
2023-10-20 07:00:00,7,,0.4
2023-10-20 08:00:00,8,,0.4
2023-10-20 09:00:00,9,7.1,1.2
2023-10-20 10:00:00,10,309.0,1.3
2023-10-20 11:00:00,11,1159.5,2.1
2023-10-20 12:00:00,12,2024.1,2.8
2023-10-20 13:00:00,13,2716.5,1.8
2023-10-20 14:00:00,14,3258.2,1.0
2023-10-20 15:00:00,15,3441.8,1.6
2023-10-20 16:00:00,16,3332.3,0.8
2023-10-20 17:00:00,17,3123.5,1.0
2023-10-20 18:00:00,18,2603.5,0.3
2023-10-20 19:00:00,19,1916.3,1.3
2023-10-20 20:00:00,20,994.5,1.0
2023-10-20 21:00:00,21,203.6,1.3
2023-10-20 22:00:00,22,,1.2
2023-10-20 23:00:00,23,,0.5
2023-10-21 00:00:00,0,,1.1
2023-10-21 01:00:00,1,,1.6
2023-10-21 02:00:00,2,,0.1
2023-10-21 03:00:00,3,,0.0
2023-10-21 04:00:00,4,,0.0
2023-10-21 05:00:00,5,,0.0
2023-10-21 06:00:00,6,,0.5
2023-10-21 07:00:00,7,,1.1
2023-10-21 08:00:00,8,,1.4
2023-10-21 09:00:00,9,11.1,0.0
2023-10-21 10:00:00,10,295.1,0.2
2023-10-21 11:00:00,11,1119.5,0.9
2023-10-21 12:00:00,12,2042.2,2.6
2023-10-21 13:00:00,13,2742.2,2.6
2023-10-21 14:00:00,14,3237.2,3.0
2023-10-21 15:00:00,15,3342.5,2.8
2023-10-21 16:00:00,16,3475.5,3.9
2023-10-21 17:00:00,17,3257.9,2.7
2023-10-21 18:00:00,18,2703.0,0.8
2023-10-21 19:00:00,19,1738.9,2.1
2023-10-21 20:00:00,20,977.9,1.6
2023-10-21 21:00:00,21,284.8,0.2
2023-10-21 22:00:00,22,,1.3
2023-10-21 23:00:00,23,,0.4
2023-10-22 00:00:00,0,,1.0
2023-10-22 01:00:00,1,,1.4
2023-10-22 02:00:00,2,,0.0
2023-10-22 03:00:00,3,,0.2
2023-10-22 04:00:00,4,,0.5
2023-10-22 05:00:00,5,,0.3
2023-10-22 06:00:00,6,,0.8
2023-10-22 07:00:00,7,,0.0
2023-10-22 08:00:00,8,,0.0
2023-10-22 09:00:00,9,12.5,0.6
2023-10-22 10:00:00,10,317.8,1.0
2023-10-22 11:00:00,11,1091.1,0.5
2023-10-22 12:00:00,12,1952.4,1.2
2023-10-22 13:00:00,13,2766.4,0.7
2023-10-22 14:00:00,14,3147.4,3.0
2023-10-22 15:00:00,15,3071.4,2.3
2023-10-22 16:00:00,16,2675.8,2.3
2023-10-22 17:00:00,17,2276.9,1.8
2023-10-22 18:00:00,18,2139.6,1.0
2023-10-22 19:00:00,19,1462.1,2.4
2023-10-22 20:00:00,20,845.6,1.7
2023-10-22 21:00:00,21,142.3,1.1
2023-10-22 22:00:00,22,,1.5
2023-10-22 23:00:00,23,,0.6
2023-10-23 00:00:00,0,,1.8
2023-10-23 01:00:00,1,,0.3
2023-10-23 02:00:00,2,,1.2
2023-10-23 03:00:00,3,,0.2
2023-10-23 04:00:00,4,,0.0
2023-10-23 05:00:00,5,,0.7
2023-10-23 06:00:00,6,,0.0
2023-10-23 07:00:00,7,,0.0
2023-10-23 08:00:00,8,,0.4
2023-10-23 09:00:00,9,12.9,0.6
2023-10-23 10:00:00,10,210.2,0.4
2023-10-23 11:00:00,11,461.3,0.7
2023-10-23 12:00:00,12,1964.8,2.3
2023-10-23 13:00:00,13,2273.3,1.1
2023-10-23 14:00:00,14,2143.6,2.4
2023-10-23 15:00:00,15,2508.9,2.6
2023-10-23 16:00:00,16,2761.6,3.8
2023-10-23 17:00:00,17,2640.7,2.2
2023-10-23 18:00:00,18,2034.1,2.4
2023-10-23 19:00:00,19,1603.3,2.3
2023-10-23 20:00:00,20,597.0,1.0
2023-10-23 21:00:00,21,146.6,0.1
2023-10-23 22:00:00,22,,0.1
2023-10-23 23:00:00,23,,1.0
2023-10-24 00:00:00,0,,1.5
2023-10-24 01:00:00,1,,2.5
2023-10-24 02:00:00,2,,0.4
2023-10-24 03:00:00,3,,0.4
2023-10-24 04:00:00,4,,2.6
2023-10-24 05:00:00,5,,0.8
2023-10-24 06:00:00,6,,1.0
2023-10-24 07:00:00,7,,0.2
2023-10-24 08:00:00,8,1.4,0.8
2023-10-24 09:00:00,9,3.8,1.5
2023-10-24 10:00:00,10,139.0,2.6
2023-10-24 11:00:00,11,499.3,1.9
2023-10-24 12:00:00,12,553.1,2.5
2023-10-24 13:00:00,13,1539.9,2.2
2023-10-24 14:00:00,14,1042.0,2.0
2023-10-24 15:00:00,15,1087.9,1.8
2023-10-24 16:00:00,16,1138.1,3.5
2023-10-24 17:00:00,17,1356.1,3.9
2023-10-24 18:00:00,18,1181.4,4.6
2023-10-24 19:00:00,19,824.2,2.4
2023-10-24 20:00:00,20,98.7,0.0
2023-10-24 21:00:00,21,12.7,1.3
2023-10-24 22:00:00,22,,1.8
2023-10-24 23:00:00,23,,0.1
2023-10-25 00:00:00,0,,0.0
2023-10-25 01:00:00,1,,0.8
2023-10-25 02:00:00,2,,0.0
2023-10-25 03:00:00,3,,0.1
2023-10-25 04:00:00,4,,0.4
2023-10-25 05:00:00,5,,0.5
2023-10-25 06:00:00,6,,
2023-10-25 07:00:00,7,,
2023-10-25 08:00:00,8,,
2023-10-25 09:00:00,9,,
2023-10-25 10:00:00,10,,
2023-10-25 11:00:00,11,,
2023-10-25 12:00:00,12,,
2023-10-25 13:00:00,13,,
2023-10-25 14:00:00,14,,
2023-10-25 15:00:00,15,,
2023-10-25 16:00:00,16,,
2023-10-25 17:00:00,17,,
2023-10-25 18:00:00,18,,
2023-10-25 19:00:00,19,,
2023-10-25 20:00:00,20,,
2023-10-25 21:00:00,21,,
2023-10-25 22:00:00,22,,
2023-10-25 23:00:00,23,,
2023-10-26 00:00:00,0,,
2023-10-26 01:00:00,1,,
2023-10-26 02:00:00,2,,
2023-10-26 03:00:00,3,,
2023-10-26 04:00:00,4,,
2023-10-26 05:00:00,5,,
2023-10-26 06:00:00,6,,
2023-10-26 07:00:00,7,,
2023-10-26 08:00:00,8,,
2023-10-26 09:00:00,9,,
2023-10-26 10:00:00,10,,
2023-10-26 11:00:00,11,,
2023-10-26 12:00:00,12,,
2023-10-26 13:00:00,13,,
2023-10-26 14:00:00,14,,
2023-10-26 15:00:00,15,,
2023-10-26 16:00:00,16,,
2023-10-26 17:00:00,17,,
2023-10-26 18:00:00,18,,
2023-10-26 19:00:00,19,,
2023-10-26 20:00:00,20,,
2023-10-26 21:00:00,21,,
2023-10-26 22:00:00,22,,
2023-10-26 23:00:00,23,,
2023-10-27 00:00:00,0,,
2023-10-27 01:00:00,1,,
2023-10-27 02:00:00,2,,
2023-10-27 03:00:00,3,,
2023-10-27 04:00:00,4,,
2023-10-27 05:00:00,5,,
2023-10-27 06:00:00,6,,
2023-10-27 07:00:00,7,,
2023-10-27 08:00:00,8,,
2023-10-27 09:00:00,9,,
2023-10-27 10:00:00,10,,
2023-10-27 11:00:00,11,,
2023-10-27 12:00:00,12,,
2023-10-27 13:00:00,13,,
2023-10-27 14:00:00,14,,
2023-10-27 15:00:00,15,,
2023-10-27 16:00:00,16,,
2023-10-27 17:00:00,17,,
2023-10-27 18:00:00,18,,
2023-10-27 19:00:00,19,,
2023-10-27 20:00:00,20,,
2023-10-27 21:00:00,21,,
2023-10-27 22:00:00,22,,
2023-10-27 23:00:00,23,,
2023-10-28 00:00:00,0,,
2023-10-28 01:00:00,1,,
2023-10-28 02:00:00,2,,
2023-10-28 03:00:00,3,,
2023-10-28 04:00:00,4,,
2023-10-28 05:00:00,5,,
2023-10-28 06:00:00,6,,
2023-10-28 07:00:00,7,,
2023-10-28 08:00:00,8,,
2023-10-28 09:00:00,9,,
2023-10-28 10:00:00,10,,
2023-10-28 11:00:00,11,,
2023-10-28 12:00:00,12,,
2023-10-28 13:00:00,13,,
2023-10-28 14:00:00,14,,
2023-10-28 15:00:00,15,,
2023-10-28 16:00:00,16,,
2023-10-28 17:00:00,17,,
2023-10-28 18:00:00,18,,
2023-10-28 19:00:00,19,,
2023-10-28 20:00:00,20,,
2023-10-28 21:00:00,21,,
2023-10-28 22:00:00,22,,
2023-10-28 23:00:00,23,,
2023-10-29 00:00:00,0,,
2023-10-29 01:00:00,1,,
2023-10-29 02:00:00,2,,
2023-10-29 03:00:00,3,,
2023-10-29 04:00:00,4,,
2023-10-29 05:00:00,5,,
2023-10-29 06:00:00,6,,
2023-10-29 07:00:00,7,,
2023-10-29 08:00:00,8,,
2023-10-29 09:00:00,9,,
2023-10-29 10:00:00,10,,
2023-10-29 11:00:00,11,,
2023-10-29 12:00:00,12,,
2023-10-29 13:00:00,13,,
2023-10-29 14:00:00,14,,
2023-10-29 15:00:00,15,,
2023-10-29 16:00:00,16,,
2023-10-29 17:00:00,17,,
2023-10-29 18:00:00,18,,
2023-10-29 19:00:00,19,,
2023-10-29 20:00:00,20,,
2023-10-29 21:00:00,21,,
2023-10-29 22:00:00,22,,
2023-10-29 23:00:00,23,,
2023-10-30 00:00:00,0,,
2023-10-30 01:00:00,1,,
2023-10-30 02:00:00,2,,
2023-10-30 03:00:00,3,,
2023-10-30 04:00:00,4,,
2023-10-30 05:00:00,5,,
2023-10-30 06:00:00,6,,
2023-10-30 07:00:00,7,,
2023-10-30 08:00:00,8,,
2023-10-30 09:00:00,9,,
2023-10-30 10:00:00,10,,
2023-10-30 11:00:00,11,,
2023-10-30 12:00:00,12,,
2023-10-30 13:00:00,13,,
2023-10-30 14:00:00,14,,
2023-10-30 15:00:00,15,,
2023-10-30 16:00:00,16,,
2023-10-30 17:00:00,17,,
2023-10-30 18:00:00,18,,
2023-10-30 19:00:00,19,,
2023-10-30 20:00:00,20,,
2023-10-30 21:00:00,21,,
2023-10-30 22:00:00,22,,
2023-10-30 23:00:00,23,,
2023-10-31 00:00:00,0,,
2023-10-31 01:00:00,1,,
2023-10-31 02:00:00,2,,
2023-10-31 03:00:00,3,,
2023-10-31 04:00:00,4,,
2023-10-31 05:00:00,5,,
2023-10-31 06:00:00,6,,
2023-10-31 07:00:00,7,,
2023-10-31 08:00:00,8,,
2023-10-31 09:00:00,9,,
2023-10-31 10:00:00,10,,
2023-10-31 11:00:00,11,,
2023-10-31 12:00:00,12,,
2023-10-31 13:00:00,13,,
2023-10-31 14:00:00,14,,
2023-10-31 15:00:00,15,,
2023-10-31 16:00:00,16,,
2023-10-31 17:00:00,17,,
2023-10-31 18:00:00,18,,
2023-10-31 19:00:00,19,,
2023-10-31 20:00:00,20,,
2023-10-31 21:00:00,21,,
2023-10-31 22:00:00,22,,
2023-10-31 23:00:00,23,,
2023-11-01 00:00:00,0,,
2023-11-01 01:00:00,1,,
2023-11-01 02:00:00,2,,
2023-11-01 03:00:00,3,,
2023-11-01 04:00:00,4,,
2023-11-01 05:00:00,5,,
2023-11-01 06:00:00,6,,
2023-11-01 07:00:00,7,,
2023-11-01 08:00:00,8,,
2023-11-01 09:00:00,9,,
2023-11-01 10:00:00,10,,
2023-11-01 11:00:00,11,,
2023-11-01 12:00:00,12,,
2023-11-01 13:00:00,13,,
2023-11-01 14:00:00,14,,
2023-11-01 15:00:00,15,,
2023-11-01 16:00:00,16,,
2023-11-01 17:00:00,17,,
2023-11-01 18:00:00,18,,
2023-11-01 19:00:00,19,,
2023-11-01 20:00:00,20,,
2023-11-01 21:00:00,21,,
2023-11-01 22:00:00,22,,
2023-11-01 23:00:00,23,,
2023-11-02 00:00:00,0,,
2023-11-02 01:00:00,1,,
2023-11-02 02:00:00,2,,
2023-11-02 03:00:00,3,,
2023-11-02 04:00:00,4,,
2023-11-02 05:00:00,5,,
2023-11-02 06:00:00,6,,
2023-11-02 07:00:00,7,,
2023-11-02 08:00:00,8,,
2023-11-02 09:00:00,9,,
2023-11-02 10:00:00,10,,
2023-11-02 11:00:00,11,,
2023-11-02 12:00:00,12,,
2023-11-02 13:00:00,13,,
2023-11-02 14:00:00,14,,
2023-11-02 15:00:00,15,,
2023-11-02 16:00:00,16,,
2023-11-02 17:00:00,17,,
2023-11-02 18:00:00,18,,
2023-11-02 19:00:00,19,,
2023-11-02 20:00:00,20,,
2023-11-02 21:00:00,21,,
2023-11-02 22:00:00,22,,
2023-11-02 23:00:00,23,,
2023-11-03 00:00:00,0,,
2023-11-03 01:00:00,1,,
2023-11-03 02:00:00,2,,
2023-11-03 03:00:00,3,,
2023-11-03 04:00:00,4,,
2023-11-03 05:00:00,5,,
2023-11-03 06:00:00,6,,
2023-11-03 07:00:00,7,,
2023-11-03 08:00:00,8,,
2023-11-03 09:00:00,9,,
2023-11-03 10:00:00,10,,
2023-11-03 11:00:00,11,,
2023-11-03 12:00:00,12,,
2023-11-03 13:00:00,13,,
2023-11-03 14:00:00,14,,
2023-11-03 15:00:00,15,,
2023-11-03 16:00:00,16,,
2023-11-03 17:00:00,17,,
2023-11-03 18:00:00,18,,
2023-11-03 19:00:00,19,,
2023-11-03 20:00:00,20,,
2023-11-03 21:00:00,21,,
2023-11-03 22:00:00,22,,
2023-11-03 23:00:00,23,,
2023-11-04 00:00:00,0,,
2023-11-04 01:00:00,1,,
2023-11-04 02:00:00,2,,
2023-11-04 03:00:00,3,,
2023-11-04 04:00:00,4,,
2023-11-04 05:00:00,5,,
2023-11-04 06:00:00,6,,
2023-11-04 07:00:00,7,,
2023-11-04 08:00:00,8,,
2023-11-04 09:00:00,9,,
2023-11-04 10:00:00,10,,
2023-11-04 11:00:00,11,,
2023-11-04 12:00:00,12,,
2023-11-04 13:00:00,13,,
2023-11-04 14:00:00,14,,
2023-11-04 15:00:00,15,,
2023-11-04 16:00:00,16,,
2023-11-04 17:00:00,17,,
2023-11-04 18:00:00,18,,
2023-11-04 19:00:00,19,,
2023-11-04 20:00:00,20,,
2023-11-04 21:00:00,21,,
2023-11-04 22:00:00,22,,
2023-11-04 23:00:00,23,,
2023-11-05 00:00:00,0,,
2023-11-05 01:00:00,1,,
2023-11-05 02:00:00,2,,
2023-11-05 03:00:00,3,,
2023-11-05 04:00:00,4,,
2023-11-05 05:00:00,5,,
2023-11-05 06:00:00,6,,
2023-11-05 07:00:00,7,,
2023-11-05 08:00:00,8,,
2023-11-05 09:00:00,9,,
2023-11-05 10:00:00,10,,
2023-11-05 11:00:00,11,,
2023-11-05 12:00:00,12,,
2023-11-05 13:00:00,13,,
2023-11-05 14:00:00,14,,
2023-11-05 15:00:00,15,,
2023-11-05 16:00:00,16,,
2023-11-05 17:00:00,17,,
2023-11-05 18:00:00,18,,
2023-11-05 19:00:00,19,,
2023-11-05 20:00:00,20,,
2023-11-05 21:00:00,21,,
2023-11-05 22:00:00,22,,
2023-11-05 23:00:00,23,,
2023-11-06 00:00:00,0,,
2023-11-06 01:00:00,1,,
2023-11-06 02:00:00,2,,
2023-11-06 03:00:00,3,,
2023-11-06 04:00:00,4,,
2023-11-06 05:00:00,5,,
2023-11-06 06:00:00,6,,
2023-11-06 07:00:00,7,,
2023-11-06 08:00:00,8,,
2023-11-06 09:00:00,9,,
2023-11-06 10:00:00,10,,
2023-11-06 11:00:00,11,,
2023-11-06 12:00:00,12,,
2023-11-06 13:00:00,13,,
2023-11-06 14:00:00,14,,
2023-11-06 15:00:00,15,,
2023-11-06 16:00:00,16,,
2023-11-06 17:00:00,17,,
2023-11-06 18:00:00,18,,
2023-11-06 19:00:00,19,,
2023-11-06 20:00:00,20,,
2023-11-06 21:00:00,21,,
2023-11-06 22:00:00,22,,
2023-11-06 23:00:00,23,,
2023-11-07 00:00:00,0,,
2023-11-07 01:00:00,1,,
2023-11-07 02:00:00,2,,
2023-11-07 03:00:00,3,,
2023-11-07 04:00:00,4,,
2023-11-07 05:00:00,5,,
2023-11-07 06:00:00,6,,
2023-11-07 07:00:00,7,,
2023-11-07 08:00:00,8,,
2023-11-07 09:00:00,9,,
2023-11-07 10:00:00,10,,
2023-11-07 11:00:00,11,,
2023-11-07 12:00:00,12,,
2023-11-07 13:00:00,13,,
2023-11-07 14:00:00,14,,
2023-11-07 15:00:00,15,,
2023-11-07 16:00:00,16,,
2023-11-07 17:00:00,17,,
2023-11-07 18:00:00,18,,
2023-11-07 19:00:00,19,,
2023-11-07 20:00:00,20,,
2023-11-07 21:00:00,21,,
2023-11-07 22:00:00,22,,
2023-11-07 23:00:00,23,,
2023-11-08 00:00:00,0,,
2023-11-08 01:00:00,1,,
2023-11-08 02:00:00,2,,
2023-11-08 03:00:00,3,,
2023-11-08 04:00:00,4,,
2023-11-08 05:00:00,5,,
2023-11-08 06:00:00,6,,
2023-11-08 07:00:00,7,,
2023-11-08 08:00:00,8,,
2023-11-08 09:00:00,9,,
2023-11-08 10:00:00,10,,
2023-11-08 11:00:00,11,,
2023-11-08 12:00:00,12,,
2023-11-08 13:00:00,13,,
2023-11-08 14:00:00,14,,
2023-11-08 15:00:00,15,,
2023-11-08 16:00:00,16,,
2023-11-08 17:00:00,17,,
2023-11-08 18:00:00,18,,
2023-11-08 19:00:00,19,,
2023-11-08 20:00:00,20,,
2023-11-08 21:00:00,21,,
2023-11-08 22:00:00,22,,
2023-11-08 23:00:00,23,,
2023-11-09 00:00:00,0,,
2023-11-09 01:00:00,1,,
2023-11-09 02:00:00,2,,
2023-11-09 03:00:00,3,,
2023-11-09 04:00:00,4,,
2023-11-09 05:00:00,5,,
2023-11-09 06:00:00,6,,
2023-11-09 07:00:00,7,,
2023-11-09 08:00:00,8,,
2023-11-09 09:00:00,9,,
2023-11-09 10:00:00,10,,
2023-11-09 11:00:00,11,,
2023-11-09 12:00:00,12,,
2023-11-09 13:00:00,13,,
2023-11-09 14:00:00,14,,
2023-11-09 15:00:00,15,,
2023-11-09 16:00:00,16,,
2023-11-09 17:00:00,17,,
2023-11-09 18:00:00,18,,
2023-11-09 19:00:00,19,,
2023-11-09 20:00:00,20,,
2023-11-09 21:00:00,21,,
2023-11-09 22:00:00,22,,
2023-11-09 23:00:00,23,,
2023-11-10 00:00:00,0,,
2023-11-10 01:00:00,1,,
2023-11-10 02:00:00,2,,
2023-11-10 03:00:00,3,,
2023-11-10 04:00:00,4,,
2023-11-10 05:00:00,5,,
2023-11-10 06:00:00,6,,
2023-11-10 07:00:00,7,,
2023-11-10 08:00:00,8,,
2023-11-10 09:00:00,9,,
2023-11-10 10:00:00,10,,
2023-11-10 11:00:00,11,,
2023-11-10 12:00:00,12,,
2023-11-10 13:00:00,13,,
2023-11-10 14:00:00,14,,
2023-11-10 15:00:00,15,,
2023-11-10 16:00:00,16,,
2023-11-10 17:00:00,17,,
2023-11-10 18:00:00,18,,
2023-11-10 19:00:00,19,,
2023-11-10 20:00:00,20,,
2023-11-10 21:00:00,21,,
2023-11-10 22:00:00,22,,
2023-11-10 23:00:00,23,,
2023-11-11 00:00:00,0,,
2023-11-11 01:00:00,1,,
2023-11-11 02:00:00,2,,
2023-11-11 03:00:00,3,,
2023-11-11 04:00:00,4,,
2023-11-11 05:00:00,5,,
2023-11-11 06:00:00,6,,
2023-11-11 07:00:00,7,,
2023-11-11 08:00:00,8,,
2023-11-11 09:00:00,9,,
2023-11-11 10:00:00,10,,
2023-11-11 11:00:00,11,,
2023-11-11 12:00:00,12,,
2023-11-11 13:00:00,13,,
2023-11-11 14:00:00,14,,
2023-11-11 15:00:00,15,,
2023-11-11 16:00:00,16,,
2023-11-11 17:00:00,17,,
2023-11-11 18:00:00,18,,
2023-11-11 19:00:00,19,,
2023-11-11 20:00:00,20,,
2023-11-11 21:00:00,21,,
2023-11-11 22:00:00,22,,
2023-11-11 23:00:00,23,,
2023-11-12 00:00:00,0,,
2023-11-12 01:00:00,1,,
2023-11-12 02:00:00,2,,
2023-11-12 03:00:00,3,,
2023-11-12 04:00:00,4,,
2023-11-12 05:00:00,5,,
2023-11-12 06:00:00,6,,
2023-11-12 07:00:00,7,,
2023-11-12 08:00:00,8,,
2023-11-12 09:00:00,9,,
2023-11-12 10:00:00,10,,
2023-11-12 11:00:00,11,86.4,
2023-11-12 12:00:00,12,2151.9,0.2
2023-11-12 13:00:00,13,2857.3,1.4
2023-11-12 14:00:00,14,3406.2,2.1
2023-11-12 15:00:00,15,3700.0,3.1
2023-11-12 16:00:00,16,3642.1,1.9
2023-11-12 17:00:00,17,3317.7,1.9
2023-11-12 18:00:00,18,2733.1,1.1
2023-11-12 19:00:00,19,1851.7,1.7
2023-11-12 20:00:00,20,964.8,0.8
2023-11-12 21:00:00,21,146.5,0.7
2023-11-12 22:00:00,22,,0.2
2023-11-12 23:00:00,23,,0.8
2023-11-13 00:00:00,0,,1.0
2023-11-13 01:00:00,1,,1.2
2023-11-13 02:00:00,2,,0.2
2023-11-13 03:00:00,3,,0.0
2023-11-13 04:00:00,4,,0.1
2023-11-13 05:00:00,5,,0.3
2023-11-13 06:00:00,6,,0.9
2023-11-13 07:00:00,7,,0.0
2023-11-13 08:00:00,8,,0.0
2023-11-13 09:00:00,9,19.0,0.1
2023-11-13 10:00:00,10,358.4,0.6
2023-11-13 11:00:00,11,1289.2,0.4
2023-11-13 12:00:00,12,2128.2,1.9
2023-11-13 13:00:00,13,2835.9,1.1
2023-11-13 14:00:00,14,3341.0,1.6
2023-11-13 15:00:00,15,3636.8,1.5
2023-11-13 16:00:00,16,3668.5,2.0
2023-11-13 17:00:00,17,3251.1,1.6
2023-11-13 18:00:00,18,2359.2,2.1
2023-11-13 19:00:00,19,1589.7,1.1
2023-11-13 20:00:00,20,1068.6,1.7
2023-11-13 21:00:00,21,143.8,0.1
2023-11-13 22:00:00,22,,1.1
2023-11-13 23:00:00,23,,0.5
2023-11-14 00:00:00,0,,1.1
2023-11-14 01:00:00,1,,1.0
2023-11-14 02:00:00,2,,1.9
2023-11-14 03:00:00,3,,0.5
2023-11-14 04:00:00,4,,0.3
2023-11-14 05:00:00,5,,1.1
2023-11-14 06:00:00,6,,0.0
2023-11-14 07:00:00,7,,0.0
2023-11-14 08:00:00,8,,0.1
2023-11-14 09:00:00,9,17.9,0.2
2023-11-14 10:00:00,10,347.7,0.2
2023-11-14 11:00:00,11,1231.8,0.6
2023-11-14 12:00:00,12,2051.4,1.9
2023-11-14 13:00:00,13,2787.6,2.1
2023-11-14 14:00:00,14,3312.8,1.6
2023-11-14 15:00:00,15,3582.8,1.5
2023-11-14 16:00:00,16,3081.6,1.5
2023-11-14 17:00:00,17,3294.0,1.3
2023-11-14 18:00:00,18,2670.1,1.7
2023-11-14 19:00:00,19,1799.9,2.2
2023-11-14 20:00:00,20,945.4,1.7
2023-11-14 21:00:00,21,129.1,1.0
2023-11-14 22:00:00,22,,1.3
2023-11-14 23:00:00,23,,0.4
2023-11-15 00:00:00,0,,0.4
2023-11-15 01:00:00,1,,0.8
2023-11-15 02:00:00,2,,0.9
2023-11-15 03:00:00,3,,0.6
2023-11-15 04:00:00,4,,0.8
2023-11-15 05:00:00,5,,
2023-11-15 06:00:00,6,,
2023-11-15 07:00:00,7,,
2023-11-15 08:00:00,8,,
2023-11-15 09:00:00,9,,
2023-11-15 10:00:00,10,,
2023-11-15 11:00:00,11,,
2023-11-15 12:00:00,12,,
2023-11-15 13:00:00,13,,
2023-11-15 14:00:00,14,,
2023-11-15 15:00:00,15,,
2023-11-15 16:00:00,16,,
2023-11-15 17:00:00,17,,
2023-11-15 18:00:00,18,,
2023-11-15 19:00:00,19,,
2023-11-15 20:00:00,20,,
2023-11-15 21:00:00,21,,
2023-11-15 22:00:00,22,,
2023-11-15 23:00:00,23,,
2023-11-16 00:00:00,0,,
2023-11-16 01:00:00,1,,
2023-11-16 02:00:00,2,,
2023-11-16 03:00:00,3,,
2023-11-16 04:00:00,4,,
2023-11-16 05:00:00,5,,
2023-11-16 06:00:00,6,,
2023-11-16 07:00:00,7,,
2023-11-16 08:00:00,8,,
2023-11-16 09:00:00,9,,
2023-11-16 10:00:00,10,,
2023-11-16 11:00:00,11,,
2023-11-16 12:00:00,12,,
2023-11-16 13:00:00,13,,
2023-11-16 14:00:00,14,,
2023-11-16 15:00:00,15,,
2023-11-16 16:00:00,16,,
2023-11-16 17:00:00,17,,
2023-11-16 18:00:00,18,,
2023-11-16 19:00:00,19,,
2023-11-16 20:00:00,20,,
2023-11-16 21:00:00,21,,
2023-11-16 22:00:00,22,,
2023-11-16 23:00:00,23,,
2023-11-17 00:00:00,0,,
2023-11-17 01:00:00,1,,
2023-11-17 02:00:00,2,,
2023-11-17 03:00:00,3,,
2023-11-17 04:00:00,4,,
2023-11-17 05:00:00,5,,
2023-11-17 06:00:00,6,,
2023-11-17 07:00:00,7,,
2023-11-17 08:00:00,8,,
2023-11-17 09:00:00,9,,
2023-11-17 10:00:00,10,,
2023-11-17 11:00:00,11,,
2023-11-17 12:00:00,12,,
2023-11-17 13:00:00,13,,
2023-11-17 14:00:00,14,,
2023-11-17 15:00:00,15,,
2023-11-17 16:00:00,16,,
2023-11-17 17:00:00,17,,
2023-11-17 18:00:00,18,,
2023-11-17 19:00:00,19,,
2023-11-17 20:00:00,20,,
2023-11-17 21:00:00,21,,
2023-11-17 22:00:00,22,,
2023-11-17 23:00:00,23,,
2023-11-18 00:00:00,0,,
2023-11-18 01:00:00,1,,
2023-11-18 02:00:00,2,,
2023-11-18 03:00:00,3,,
2023-11-18 04:00:00,4,,
2023-11-18 05:00:00,5,,
2023-11-18 06:00:00,6,,
2023-11-18 07:00:00,7,,
2023-11-18 08:00:00,8,,
2023-11-18 09:00:00,9,,
2023-11-18 10:00:00,10,,
2023-11-18 11:00:00,11,,
2023-11-18 12:00:00,12,,
2023-11-18 13:00:00,13,,
2023-11-18 14:00:00,14,,
2023-11-18 15:00:00,15,,
2023-11-18 16:00:00,16,,
2023-11-18 17:00:00,17,,
2023-11-18 18:00:00,18,,
2023-11-18 19:00:00,19,,
2023-11-18 20:00:00,20,,
2023-11-18 21:00:00,21,,
2023-11-18 22:00:00,22,,
2023-11-18 23:00:00,23,,
2023-11-19 00:00:00,0,,
2023-11-19 01:00:00,1,,
2023-11-19 02:00:00,2,,
2023-11-19 03:00:00,3,,
2023-11-19 04:00:00,4,,
2023-11-19 05:00:00,5,,
2023-11-19 06:00:00,6,,
2023-11-19 07:00:00,7,,
2023-11-19 08:00:00,8,,
2023-11-19 09:00:00,9,,
2023-11-19 10:00:00,10,,
2023-11-19 11:00:00,11,,
2023-11-19 12:00:00,12,,
2023-11-19 13:00:00,13,,
2023-11-19 14:00:00,14,,
2023-11-19 15:00:00,15,,
2023-11-19 16:00:00,16,,
2023-11-19 17:00:00,17,,
2023-11-19 18:00:00,18,,
2023-11-19 19:00:00,19,,
2023-11-19 20:00:00,20,,
2023-11-19 21:00:00,21,,
2023-11-19 22:00:00,22,,
2023-11-19 23:00:00,23,,
2023-11-20 00:00:00,0,,
2023-11-20 01:00:00,1,,
2023-11-20 02:00:00,2,,
2023-11-20 03:00:00,3,,
2023-11-20 04:00:00,4,,
2023-11-20 05:00:00,5,,
2023-11-20 06:00:00,6,,
2023-11-20 07:00:00,7,,
2023-11-20 08:00:00,8,,
2023-11-20 09:00:00,9,,
2023-11-20 10:00:00,10,,
2023-11-20 11:00:00,11,,
2023-11-20 12:00:00,12,,
2023-11-20 13:00:00,13,,
2023-11-20 14:00:00,14,,
2023-11-20 15:00:00,15,,
2023-11-20 16:00:00,16,,
2023-11-20 17:00:00,17,,
2023-11-20 18:00:00,18,,
2023-11-20 19:00:00,19,,
2023-11-20 20:00:00,20,,
2023-11-20 21:00:00,21,,
2023-11-20 22:00:00,22,,
2023-11-20 23:00:00,23,,
2023-11-21 00:00:00,0,,
2023-11-21 01:00:00,1,,
2023-11-21 02:00:00,2,,
2023-11-21 03:00:00,3,,
2023-11-21 04:00:00,4,,
2023-11-21 05:00:00,5,,
2023-11-21 06:00:00,6,,
2023-11-21 07:00:00,7,,
2023-11-21 08:00:00,8,,
2023-11-21 09:00:00,9,,
2023-11-21 10:00:00,10,,
2023-11-21 11:00:00,11,,
2023-11-21 12:00:00,12,,
2023-11-21 13:00:00,13,,
2023-11-21 14:00:00,14,,
2023-11-21 15:00:00,15,,
2023-11-21 16:00:00,16,,
2023-11-21 17:00:00,17,,
2023-11-21 18:00:00,18,,
2023-11-21 19:00:00,19,,
2023-11-21 20:00:00,20,,
2023-11-21 21:00:00,21,,
2023-11-21 22:00:00,22,,
2023-11-21 23:00:00,23,,
2023-11-22 00:00:00,0,,
2023-11-22 01:00:00,1,,
2023-11-22 02:00:00,2,,
2023-11-22 03:00:00,3,,
2023-11-22 04:00:00,4,,
2023-11-22 05:00:00,5,,
2023-11-22 06:00:00,6,,
2023-11-22 07:00:00,7,,
2023-11-22 08:00:00,8,,
2023-11-22 09:00:00,9,,
2023-11-22 10:00:00,10,,
2023-11-22 11:00:00,11,,
2023-11-22 12:00:00,12,,
2023-11-22 13:00:00,13,,
2023-11-22 14:00:00,14,,
2023-11-22 15:00:00,15,,
2023-11-22 16:00:00,16,,
2023-11-22 17:00:00,17,,
2023-11-22 18:00:00,18,,
2023-11-22 19:00:00,19,,
2023-11-22 20:00:00,20,,
2023-11-22 21:00:00,21,,
2023-11-22 22:00:00,22,,
2023-11-22 23:00:00,23,,
2023-11-23 00:00:00,0,,
2023-11-23 01:00:00,1,,
2023-11-23 02:00:00,2,,
2023-11-23 03:00:00,3,,
2023-11-23 04:00:00,4,,
2023-11-23 05:00:00,5,,
2023-11-23 06:00:00,6,,
2023-11-23 07:00:00,7,,
2023-11-23 08:00:00,8,,
2023-11-23 09:00:00,9,,
2023-11-23 10:00:00,10,,
2023-11-23 11:00:00,11,,
2023-11-23 12:00:00,12,,
2023-11-23 13:00:00,13,,
2023-11-23 14:00:00,14,,
2023-11-23 15:00:00,15,,
2023-11-23 16:00:00,16,,
2023-11-23 17:00:00,17,,
2023-11-23 18:00:00,18,,
2023-11-23 19:00:00,19,,
2023-11-23 20:00:00,20,,
2023-11-23 21:00:00,21,,
2023-11-23 22:00:00,22,,
2023-11-23 23:00:00,23,,
2023-11-24 00:00:00,0,,
2023-11-24 01:00:00,1,,
2023-11-24 02:00:00,2,,
2023-11-24 03:00:00,3,,
2023-11-24 04:00:00,4,,
2023-11-24 05:00:00,5,,
2023-11-24 06:00:00,6,,
2023-11-24 07:00:00,7,,
2023-11-24 08:00:00,8,,
2023-11-24 09:00:00,9,,
2023-11-24 10:00:00,10,,
2023-11-24 11:00:00,11,,
2023-11-24 12:00:00,12,,
2023-11-24 13:00:00,13,,
2023-11-24 14:00:00,14,,
2023-11-24 15:00:00,15,,
2023-11-24 16:00:00,16,,
2023-11-24 17:00:00,17,,
2023-11-24 18:00:00,18,,
2023-11-24 19:00:00,19,,
2023-11-24 20:00:00,20,,
2023-11-24 21:00:00,21,,
2023-11-24 22:00:00,22,,
2023-11-24 23:00:00,23,,
2023-11-25 00:00:00,0,,
2023-11-25 01:00:00,1,,
2023-11-25 02:00:00,2,,
2023-11-25 03:00:00,3,,
2023-11-25 04:00:00,4,,
2023-11-25 05:00:00,5,,
2023-11-25 06:00:00,6,,
2023-11-25 07:00:00,7,,
2023-11-25 08:00:00,8,,
2023-11-25 09:00:00,9,,
2023-11-25 10:00:00,10,,
2023-11-25 11:00:00,11,,
2023-11-25 12:00:00,12,,
2023-11-25 13:00:00,13,,
2023-11-25 14:00:00,14,,
2023-11-25 15:00:00,15,,
2023-11-25 16:00:00,16,,
2023-11-25 17:00:00,17,,
2023-11-25 18:00:00,18,,
2023-11-25 19:00:00,19,,
2023-11-25 20:00:00,20,,
2023-11-25 21:00:00,21,,
2023-11-25 22:00:00,22,,
2023-11-25 23:00:00,23,,
2023-11-26 00:00:00,0,,
2023-11-26 01:00:00,1,,
2023-11-26 02:00:00,2,,
2023-11-26 03:00:00,3,,
2023-11-26 04:00:00,4,,
2023-11-26 05:00:00,5,,
2023-11-26 06:00:00,6,,
2023-11-26 07:00:00,7,,
2023-11-26 08:00:00,8,,
2023-11-26 09:00:00,9,,
2023-11-26 10:00:00,10,,
2023-11-26 11:00:00,11,,
2023-11-26 12:00:00,12,894.4,0.6
2023-11-26 13:00:00,13,2379.6,2.0
2023-11-26 14:00:00,14,2817.1,4.0
2023-11-26 15:00:00,15,2342.2,4.8
2023-11-26 16:00:00,16,3103.3,4.3
2023-11-26 17:00:00,17,2067.2,4.4
2023-11-26 18:00:00,18,2440.2,4.3
2023-11-26 19:00:00,19,1287.8,3.0
2023-11-26 20:00:00,20,504.2,1.2
2023-11-26 21:00:00,21,169.5,1.0
2023-11-26 22:00:00,22,,1.3
2023-11-26 23:00:00,23,,0.1
2023-11-27 00:00:00,0,,0.8
2023-11-27 01:00:00,1,,1.1
2023-11-27 02:00:00,2,,0.0
2023-11-27 03:00:00,3,,0.5
2023-11-27 04:00:00,4,,0.0
2023-11-27 05:00:00,5,,0.6
2023-11-27 06:00:00,6,,0.2
2023-11-27 07:00:00,7,,1.6
2023-11-27 08:00:00,8,,1.5
2023-11-27 09:00:00,9,15.7,0.2
2023-11-27 10:00:00,10,316.5,1.1
2023-11-27 11:00:00,11,1003.2,3.3
2023-11-27 12:00:00,12,2057.8,2.0
2023-11-27 13:00:00,13,2482.8,1.3
2023-11-27 14:00:00,14,2073.0,1.6
2023-11-27 15:00:00,15,3352.0,1.1
2023-11-27 16:00:00,16,2918.8,1.9
2023-11-27 17:00:00,17,2739.8,1.8
2023-11-27 18:00:00,18,2383.9,1.8
2023-11-27 19:00:00,19,1875.3,1.5
2023-11-27 20:00:00,20,653.0,0.4
2023-11-27 21:00:00,21,177.9,0.2
2023-11-27 22:00:00,22,,1.2
2023-11-27 23:00:00,23,,0.4
2023-11-28 00:00:00,0,,2.4
2023-11-28 01:00:00,1,,2.1
2023-11-28 02:00:00,2,,1.6
2023-11-28 03:00:00,3,,0.0
2023-11-28 04:00:00,4,,0.5
2023-11-28 05:00:00,5,,0.3
2023-11-28 06:00:00,6,,0.4
2023-11-28 07:00:00,7,,0.6
2023-11-28 08:00:00,8,,0.3
2023-11-28 09:00:00,9,16.7,1.1
2023-11-28 10:00:00,10,328.5,0.7
2023-11-28 11:00:00,11,1326.9,1.3
2023-11-28 12:00:00,12,2168.3,1.5
2023-11-28 13:00:00,13,2706.6,2.4
2023-11-28 14:00:00,14,2419.2,3.2
2023-11-28 15:00:00,15,3640.2,2.4
2023-11-28 16:00:00,16,3550.1,2.7
2023-11-28 17:00:00,17,3017.9,3.0
2023-11-28 18:00:00,18,1968.4,2.8
2023-11-28 19:00:00,19,1712.1,2.9
2023-11-28 20:00:00,20,962.6,1.7
2023-11-28 21:00:00,21,138.5,1.0
2023-11-28 22:00:00,22,,1.6
2023-11-28 23:00:00,23,,1.4
2023-11-29 00:00:00,0,,0.8
2023-11-29 01:00:00,1,,0.3
2023-11-29 02:00:00,2,,0.1
2023-11-29 03:00:00,3,,1.0
2023-11-29 04:00:00,4,,0.9
2023-11-29 05:00:00,5,,0.0
2023-11-29 06:00:00,6,,0.9
2023-11-29 07:00:00,7,,0.0
2023-11-29 08:00:00,8,,0.0
2023-11-29 09:00:00,9,10.5,0.6
2023-11-29 10:00:00,10,399.9,0.0
2023-11-29 11:00:00,11,883.7,0.2
2023-11-29 12:00:00,12,2167.9,0.9
2023-11-29 13:00:00,13,2879.0,1.7
2023-11-29 14:00:00,14,3405.6,2.4
2023-11-29 15:00:00,15,3525.6,3.1
2023-11-29 16:00:00,16,2536.0,1.4
2023-11-29 17:00:00,17,2608.9,1.8
2023-11-29 18:00:00,18,2650.8,2.3
2023-11-29 19:00:00,19,1357.6,2.3
2023-11-29 20:00:00,20,1067.0,2.2
2023-11-29 21:00:00,21,139.7,1.5
2023-11-29 22:00:00,22,,0.8
2023-11-29 23:00:00,23,,0.8
2023-11-30 00:00:00,0,,0.0
2023-11-30 01:00:00,1,,0.0
2023-11-30 02:00:00,2,,0.0
2023-11-30 03:00:00,3,,0.0
2023-11-30 04:00:00,4,,0.2
2023-11-30 05:00:00,5,,0.0
2023-11-30 06:00:00,6,,0.0
2023-11-30 07:00:00,7,,0.0
2023-11-30 08:00:00,8,,0.0
2023-11-30 09:00:00,9,15.1,0.1
2023-11-30 10:00:00,10,369.2,0.2
2023-11-30 11:00:00,11,1297.4,1.6
2023-11-30 12:00:00,12,2117.3,1.4
2023-11-30 13:00:00,13,2833.6,1.2
2023-11-30 14:00:00,14,2928.8,1.9
2023-11-30 15:00:00,15,2299.8,0.6
2023-11-30 16:00:00,16,2181.3,2.4
2023-11-30 17:00:00,17,2871.0,2.8
2023-11-30 18:00:00,18,2628.9,1.8
2023-11-30 19:00:00,19,1977.8,2.9
2023-11-30 20:00:00,20,1137.4,2.4
2023-11-30 21:00:00,21,136.6,1.8
2023-11-30 22:00:00,22,,1.2
2023-11-30 23:00:00,23,,1.4
2023-12-01 00:00:00,0,,1.2
2023-12-01 01:00:00,1,,1.4
2023-12-01 02:00:00,2,,0.9
2023-12-01 03:00:00,3,,1.1
2023-12-01 04:00:00,4,,0.0
2023-12-01 05:00:00,5,,0.0
2023-12-01 06:00:00,6,,0.0
2023-12-01 07:00:00,7,,0.5
2023-12-01 08:00:00,8,,0.9
2023-12-01 09:00:00,9,14.6,0.4
2023-12-01 10:00:00,10,357.7,0.1
2023-12-01 11:00:00,11,1239.3,2.1
2023-12-01 12:00:00,12,2079.8,2.7
2023-12-01 13:00:00,13,2404.9,2.6
2023-12-01 14:00:00,14,1917.7,2.5
2023-12-01 15:00:00,15,2812.8,0.6
2023-12-01 16:00:00,16,3087.0,2.2
2023-12-01 17:00:00,17,2846.4,2.3
2023-12-01 18:00:00,18,1664.9,1.4
2023-12-01 19:00:00,19,1803.1,2.0
2023-12-01 20:00:00,20,948.5,1.9
2023-12-01 21:00:00,21,158.8,0.9
2023-12-01 22:00:00,22,,1.1
2023-12-01 23:00:00,23,,0.0
2023-12-02 00:00:00,0,,0.2
2023-12-02 01:00:00,1,,1.4
2023-12-02 02:00:00,2,,1.4
2023-12-02 03:00:00,3,,0.3
2023-12-02 04:00:00,4,,0.9
2023-12-02 05:00:00,5,,0.2
2023-12-02 06:00:00,6,,1.9
2023-12-02 07:00:00,7,,0.3
2023-12-02 08:00:00,8,,0.2
2023-12-02 09:00:00,9,13.2,0.3
2023-12-02 10:00:00,10,360.3,0.9
2023-12-02 11:00:00,11,1184.8,2.6
2023-12-02 12:00:00,12,1588.9,2.2
2023-12-02 13:00:00,13,1583.2,1.6
2023-12-02 14:00:00,14,2291.7,1.0
2023-12-02 15:00:00,15,2072.7,1.4
2023-12-02 16:00:00,16,3181.0,1.7
2023-12-02 17:00:00,17,2971.8,1.8
2023-12-02 18:00:00,18,2290.2,0.7
2023-12-02 19:00:00,19,1657.7,1.2
2023-12-02 20:00:00,20,662.7,0.0
2023-12-02 21:00:00,21,48.7,0.1
2023-12-02 22:00:00,22,,1.3
2023-12-02 23:00:00,23,,0.8
2023-12-03 00:00:00,0,,0.5
2023-12-03 01:00:00,1,,0.4
2023-12-03 02:00:00,2,,0.5
2023-12-03 03:00:00,3,,0.2
2023-12-03 04:00:00,4,,1.2
2023-12-03 05:00:00,5,,1.6
2023-12-03 06:00:00,6,,0.3
2023-12-03 07:00:00,7,,1.5
2023-12-03 08:00:00,8,,0.0
2023-12-03 09:00:00,9,14.6,0.9
2023-12-03 10:00:00,10,207.4,1.6
2023-12-03 11:00:00,11,670.0,2.8
2023-12-03 12:00:00,12,1625.8,3.3
2023-12-03 13:00:00,13,1556.9,2.5
2023-12-03 14:00:00,14,1814.2,2.1
2023-12-03 15:00:00,15,2934.7,1.7
2023-12-03 16:00:00,16,2471.8,2.6
2023-12-03 17:00:00,17,2940.7,2.8
2023-12-03 18:00:00,18,1690.8,1.7
2023-12-03 19:00:00,19,1221.0,2.1
2023-12-03 20:00:00,20,447.7,2.0
2023-12-03 21:00:00,21,16.2,1.8
2023-12-03 22:00:00,22,,2.8
2023-12-03 23:00:00,23,,0.7
2023-12-04 00:00:00,0,,0.0
2023-12-04 01:00:00,1,,1.7
2023-12-04 02:00:00,2,,0.0
2023-12-04 03:00:00,3,,0.7
2023-12-04 04:00:00,4,,0.0
2023-12-04 05:00:00,5,,0.2
2023-12-04 06:00:00,6,,0.0
2023-12-04 07:00:00,7,,0.0
2023-12-04 08:00:00,8,,0.2
2023-12-04 09:00:00,9,14.7,0.0
2023-12-04 10:00:00,10,201.8,0.3
2023-12-04 11:00:00,11,512.5,1.1
2023-12-04 12:00:00,12,843.9,1.3
2023-12-04 13:00:00,13,825.4,0.2
2023-12-04 14:00:00,14,1120.9,1.3
2023-12-04 15:00:00,15,1442.8,3.2
2023-12-04 16:00:00,16,1325.9,1.7
2023-12-04 17:00:00,17,361.9,0.7
2023-12-04 18:00:00,18,54.3,0.5
2023-12-04 19:00:00,19,357.0,1.1
2023-12-04 20:00:00,20,343.6,0.5
2023-12-04 21:00:00,21,186.0,0.0
2023-12-04 22:00:00,22,1.2,0.7
2023-12-04 23:00:00,23,,
2023-12-05 00:00:00,0,,
2023-12-05 01:00:00,1,,
2023-12-05 02:00:00,2,,
2023-12-05 03:00:00,3,,
2023-12-05 04:00:00,4,,
2023-12-05 05:00:00,5,,
2023-12-05 06:00:00,6,,
2023-12-05 07:00:00,7,,
2023-12-05 08:00:00,8,,
2023-12-05 09:00:00,9,,
2023-12-05 10:00:00,10,,
2023-12-05 11:00:00,11,,
2023-12-05 12:00:00,12,,
2023-12-05 13:00:00,13,,
2023-12-05 14:00:00,14,,
2023-12-05 15:00:00,15,,
2023-12-05 16:00:00,16,,
2023-12-05 17:00:00,17,,
2023-12-05 18:00:00,18,,
2023-12-05 19:00:00,19,,
2023-12-05 20:00:00,20,,
2023-12-05 21:00:00,21,,
2023-12-05 22:00:00,22,,
2023-12-05 23:00:00,23,,
2023-12-06 00:00:00,0,,
2023-12-06 01:00:00,1,,
2023-12-06 02:00:00,2,,
2023-12-06 03:00:00,3,,
2023-12-06 04:00:00,4,,
2023-12-06 05:00:00,5,,
2023-12-06 06:00:00,6,,
2023-12-06 07:00:00,7,,
2023-12-06 08:00:00,8,,
2023-12-06 09:00:00,9,,
2023-12-06 10:00:00,10,,
2023-12-06 11:00:00,11,,
2023-12-06 12:00:00,12,,
2023-12-06 13:00:00,13,,
2023-12-06 14:00:00,14,,
2023-12-06 15:00:00,15,,
2023-12-06 16:00:00,16,,
2023-12-06 17:00:00,17,,
2023-12-06 18:00:00,18,,
2023-12-06 19:00:00,19,,
2023-12-06 20:00:00,20,,
2023-12-06 21:00:00,21,,
2023-12-06 22:00:00,22,,
2023-12-06 23:00:00,23,,
2023-12-07 00:00:00,0,,
2023-12-07 01:00:00,1,,
2023-12-07 02:00:00,2,,
2023-12-07 03:00:00,3,,
2023-12-07 04:00:00,4,,
2023-12-07 05:00:00,5,,
2023-12-07 06:00:00,6,,
2023-12-07 07:00:00,7,,
2023-12-07 08:00:00,8,,
2023-12-07 09:00:00,9,,
2023-12-07 10:00:00,10,,
2023-12-07 11:00:00,11,,
2023-12-07 12:00:00,12,,
2023-12-07 13:00:00,13,,
2023-12-07 14:00:00,14,,
2023-12-07 15:00:00,15,,
2023-12-07 16:00:00,16,,
2023-12-07 17:00:00,17,,
2023-12-07 18:00:00,18,,
2023-12-07 19:00:00,19,,
2023-12-07 20:00:00,20,,
2023-12-07 21:00:00,21,,
2023-12-07 22:00:00,22,,
2023-12-07 23:00:00,23,,
2023-12-08 00:00:00,0,,
2023-12-08 01:00:00,1,,
2023-12-08 02:00:00,2,,
2023-12-08 03:00:00,3,,
2023-12-08 04:00:00,4,,
2023-12-08 05:00:00,5,,
2023-12-08 06:00:00,6,,
2023-12-08 07:00:00,7,,
2023-12-08 08:00:00,8,,
2023-12-08 09:00:00,9,,
2023-12-08 10:00:00,10,,
2023-12-08 11:00:00,11,,
2023-12-08 12:00:00,12,,
2023-12-08 13:00:00,13,,
2023-12-08 14:00:00,14,,
2023-12-08 15:00:00,15,,
2023-12-08 16:00:00,16,,
2023-12-08 17:00:00,17,,
2023-12-08 18:00:00,18,,
2023-12-08 19:00:00,19,,
2023-12-08 20:00:00,20,,
2023-12-08 21:00:00,21,,
2023-12-08 22:00:00,22,,
2023-12-08 23:00:00,23,,
2023-12-09 00:00:00,0,,
2023-12-09 01:00:00,1,,
2023-12-09 02:00:00,2,,
2023-12-09 03:00:00,3,,
2023-12-09 04:00:00,4,,
2023-12-09 05:00:00,5,,
2023-12-09 06:00:00,6,,
2023-12-09 07:00:00,7,,
2023-12-09 08:00:00,8,,
2023-12-09 09:00:00,9,,
2023-12-09 10:00:00,10,,
2023-12-09 11:00:00,11,,
2023-12-09 12:00:00,12,,
2023-12-09 13:00:00,13,,
2023-12-09 14:00:00,14,,
2023-12-09 15:00:00,15,,
2023-12-09 16:00:00,16,,
2023-12-09 17:00:00,17,,
2023-12-09 18:00:00,18,,
2023-12-09 19:00:00,19,,
2023-12-09 20:00:00,20,,
2023-12-09 21:00:00,21,,
2023-12-09 22:00:00,22,,
2023-12-09 23:00:00,23,,
2023-12-10 00:00:00,0,,
2023-12-10 01:00:00,1,,
2023-12-10 02:00:00,2,,
2023-12-10 03:00:00,3,,
2023-12-10 04:00:00,4,,
2023-12-10 05:00:00,5,,
2023-12-10 06:00:00,6,,
2023-12-10 07:00:00,7,,
2023-12-10 08:00:00,8,,
2023-12-10 09:00:00,9,,
2023-12-10 10:00:00,10,,
2023-12-10 11:00:00,11,,
2023-12-10 12:00:00,12,,
2023-12-10 13:00:00,13,,
2023-12-10 14:00:00,14,,
2023-12-10 15:00:00,15,,
2023-12-10 16:00:00,16,,
2023-12-10 17:00:00,17,,
2023-12-10 18:00:00,18,,
2023-12-10 19:00:00,19,,
2023-12-10 20:00:00,20,,
2023-12-10 21:00:00,21,,
2023-12-10 22:00:00,22,,
2023-12-10 23:00:00,23,,
2023-12-11 00:00:00,0,,
2023-12-11 01:00:00,1,,
2023-12-11 02:00:00,2,,
2023-12-11 03:00:00,3,,
2023-12-11 04:00:00,4,,
2023-12-11 05:00:00,5,,
2023-12-11 06:00:00,6,,
2023-12-11 07:00:00,7,,
2023-12-11 08:00:00,8,,
2023-12-11 09:00:00,9,,
2023-12-11 10:00:00,10,,
2023-12-11 11:00:00,11,,
2023-12-11 12:00:00,12,,
2023-12-11 13:00:00,13,,
2023-12-11 14:00:00,14,,
2023-12-11 15:00:00,15,,
2023-12-11 16:00:00,16,,
2023-12-11 17:00:00,17,,
2023-12-11 18:00:00,18,,
2023-12-11 19:00:00,19,,
2023-12-11 20:00:00,20,,
2023-12-11 21:00:00,21,,
2023-12-11 22:00:00,22,,
2023-12-11 23:00:00,23,,
2023-12-12 00:00:00,0,,
2023-12-12 01:00:00,1,,
2023-12-12 02:00:00,2,,
2023-12-12 03:00:00,3,,
2023-12-12 04:00:00,4,,
2023-12-12 05:00:00,5,,
2023-12-12 06:00:00,6,,
2023-12-12 07:00:00,7,,
2023-12-12 08:00:00,8,,
2023-12-12 09:00:00,9,,
2023-12-12 10:00:00,10,135.5,0.0
2023-12-12 11:00:00,11,1190.3,0.3
2023-12-12 12:00:00,12,1463.8,0.8
2023-12-12 13:00:00,13,2652.0,1.1
2023-12-12 14:00:00,14,3446.0,0.9
2023-12-12 15:00:00,15,3217.9,1.0
2023-12-12 16:00:00,16,2933.9,0.8
2023-12-12 17:00:00,17,887.0,3.2
2023-12-12 18:00:00,18,1274.1,0.3
2023-12-12 19:00:00,19,1681.6,0.7
2023-12-12 20:00:00,20,736.3,0.2
2023-12-12 21:00:00,21,156.6,0.5
2023-12-12 22:00:00,22,2.5,0.1
2023-12-12 23:00:00,23,,0.0
2023-12-13 00:00:00,0,,0.0
2023-12-13 01:00:00,1,,0.0
2023-12-13 02:00:00,2,,0.5
2023-12-13 03:00:00,3,,0.0
2023-12-13 04:00:00,4,,0.0
2023-12-13 05:00:00,5,,0.0
2023-12-13 06:00:00,6,,0.3
2023-12-13 07:00:00,7,,0.0
2023-12-13 08:00:00,8,,0.0
2023-12-13 09:00:00,9,10.3,0.0
2023-12-13 10:00:00,10,342.0,0.0
2023-12-13 11:00:00,11,1084.4,1.5
2023-12-13 12:00:00,12,1621.6,1.6
2023-12-13 13:00:00,13,2541.2,1.3
2023-12-13 14:00:00,14,3420.0,1.9
2023-12-13 15:00:00,15,2543.6,1.9
2023-12-13 16:00:00,16,2109.9,1.3
2023-12-13 17:00:00,17,1949.2,2.1
2023-12-13 18:00:00,18,2440.9,1.6
2023-12-13 19:00:00,19,651.7,0.8
2023-12-13 20:00:00,20,1049.1,0.8
2023-12-13 21:00:00,21,168.9,1.3
2023-12-13 22:00:00,22,,0.7
2023-12-13 23:00:00,23,,0.2
2023-12-14 00:00:00,0,,0.9
2023-12-14 01:00:00,1,,0.3
2023-12-14 02:00:00,2,,0.5
2023-12-14 03:00:00,3,,0.0
2023-12-14 04:00:00,4,,0.7
2023-12-14 05:00:00,5,,0.0
2023-12-14 06:00:00,6,,0.0
2023-12-14 07:00:00,7,,0.0
2023-12-14 08:00:00,8,,0.0
2023-12-14 09:00:00,9,3.5,0.3
2023-12-14 10:00:00,10,63.8,1.9
2023-12-14 11:00:00,11,194.6,0.9
2023-12-14 12:00:00,12,442.2,1.1
2023-12-14 13:00:00,13,407.7,1.0
2023-12-14 14:00:00,14,1048.1,1.1
2023-12-14 15:00:00,15,2414.0,1.5
2023-12-14 16:00:00,16,1086.9,1.4
2023-12-14 17:00:00,17,877.5,1.8
2023-12-14 18:00:00,18,1779.8,2.6
2023-12-14 19:00:00,19,1360.0,2.9
2023-12-14 20:00:00,20,801.0,0.2
2023-12-14 21:00:00,21,183.5,0.6
2023-12-14 22:00:00,22,0.0,0.1
2023-12-14 23:00:00,23,,0.9
2023-12-15 00:00:00,0,,0.5
2023-12-15 01:00:00,1,,0.0
2023-12-15 02:00:00,2,,0.0
2023-12-15 03:00:00,3,,0.0
2023-12-15 04:00:00,4,,0.8
2023-12-15 05:00:00,5,,0.3
2023-12-15 06:00:00,6,,0.0
2023-12-15 07:00:00,7,,0.8
2023-12-15 08:00:00,8,,0.6
2023-12-15 09:00:00,9,7.5,0.0
2023-12-15 10:00:00,10,374.1,0.0
2023-12-15 11:00:00,11,1215.1,2.2
2023-12-15 12:00:00,12,1953.8,0.6
2023-12-15 13:00:00,13,2630.4,5.2
2023-12-15 14:00:00,14,3172.4,2.4
2023-12-15 15:00:00,15,3049.6,1.8
2023-12-15 16:00:00,16,2747.6,2.4
2023-12-15 17:00:00,17,2393.2,2.2
2023-12-15 18:00:00,18,2216.0,2.8
2023-12-15 19:00:00,19,1516.4,3.8
2023-12-15 20:00:00,20,612.8,3.2
2023-12-15 21:00:00,21,160.5,1.6
2023-12-15 22:00:00,22,2.5,0.9
2023-12-15 23:00:00,23,,1.5
2023-12-16 00:00:00,0,,1.2
2023-12-16 01:00:00,1,,0.7
2023-12-16 02:00:00,2,,0.0
2023-12-16 03:00:00,3,,0.2
2023-12-16 04:00:00,4,,0.6
2023-12-16 05:00:00,5,,0.4
2023-12-16 06:00:00,6,,0.0
2023-12-16 07:00:00,7,,0.0
2023-12-16 08:00:00,8,,0.0
2023-12-16 09:00:00,9,7.3,0.0
2023-12-16 10:00:00,10,307.7,0.1
2023-12-16 11:00:00,11,892.1,0.2
2023-12-16 12:00:00,12,1636.7,1.4
2023-12-16 13:00:00,13,2867.9,3.2
2023-12-16 14:00:00,14,3381.9,4.0
2023-12-16 15:00:00,15,2997.6,3.0
2023-12-16 16:00:00,16,3224.9,3.5
2023-12-16 17:00:00,17,3479.5,3.1
2023-12-16 18:00:00,18,2586.0,2.2
2023-12-16 19:00:00,19,1049.5,1.7
2023-12-16 20:00:00,20,380.1,1.9
2023-12-16 21:00:00,21,76.4,0.9
2023-12-16 22:00:00,22,0.5,0.7
2023-12-16 23:00:00,23,,0.0
2023-12-17 00:00:00,0,,0.0
2023-12-17 01:00:00,1,,0.2
2023-12-17 02:00:00,2,,0.0
2023-12-17 03:00:00,3,,0.8
2023-12-17 04:00:00,4,,0.1
2023-12-17 05:00:00,5,,0.1
2023-12-17 06:00:00,6,,2.3
2023-12-17 07:00:00,7,,1.6
2023-12-17 08:00:00,8,,0.6
2023-12-17 09:00:00,9,11.7,1.1
2023-12-17 10:00:00,10,382.2,0.6
2023-12-17 11:00:00,11,1221.4,3.2
2023-12-17 12:00:00,12,1529.7,2.1
2023-12-17 13:00:00,13,2816.9,1.9
2023-12-17 14:00:00,14,3208.9,1.4
2023-12-17 15:00:00,15,2891.1,1.4
2023-12-17 16:00:00,16,2104.9,0.5
2023-12-17 17:00:00,17,672.2,6.1
2023-12-17 18:00:00,18,318.7,2.5
2023-12-17 19:00:00,19,97.4,2.4
2023-12-17 20:00:00,20,108.9,2.8
2023-12-17 21:00:00,21,37.0,2.5
2023-12-17 22:00:00,22,,1.3
2023-12-17 23:00:00,23,,0.0
2023-12-18 00:00:00,0,,0.0
2023-12-18 01:00:00,1,,0.4
2023-12-18 02:00:00,2,,0.8
2023-12-18 03:00:00,3,,1.5
2023-12-18 04:00:00,4,,0.1
2023-12-18 05:00:00,5,,1.5
2023-12-18 06:00:00,6,,0.7
2023-12-18 07:00:00,7,,1.8
2023-12-18 08:00:00,8,,0.8
2023-12-18 09:00:00,9,,0.2
2023-12-18 10:00:00,10,57.4,0.8
2023-12-18 11:00:00,11,257.0,2.2
2023-12-18 12:00:00,12,1371.2,1.0
2023-12-18 13:00:00,13,1335.9,3.0
2023-12-18 14:00:00,14,3532.6,3.1
2023-12-18 15:00:00,15,3734.4,1.7
2023-12-18 16:00:00,16,2032.3,2.3
2023-12-18 17:00:00,17,2349.4,1.4
2023-12-18 18:00:00,18,2071.4,2.9
2023-12-18 19:00:00,19,2124.8,2.5
2023-12-18 20:00:00,20,1053.4,1.1
2023-12-18 21:00:00,21,201.2,0.1
2023-12-18 22:00:00,22,2.8,0.9
2023-12-18 23:00:00,23,,0.5
2023-12-19 00:00:00,0,,0.2
2023-12-19 01:00:00,1,,1.5
2023-12-19 02:00:00,2,,1.2
2023-12-19 03:00:00,3,,0.0
2023-12-19 04:00:00,4,,0.6
2023-12-19 05:00:00,5,,0.1
2023-12-19 06:00:00,6,,1.3
2023-12-19 07:00:00,7,,0.6
2023-12-19 08:00:00,8,,0.0
2023-12-19 09:00:00,9,2.5,0.0
2023-12-19 10:00:00,10,91.3,0.0
2023-12-19 11:00:00,11,289.2,0.6
2023-12-19 12:00:00,12,907.6,0.0
2023-12-19 13:00:00,13,1598.4,1.3
2023-12-19 14:00:00,14,2842.5,1.5
2023-12-19 15:00:00,15,3604.3,3.2
2023-12-19 16:00:00,16,1694.7,1.6
2023-12-19 17:00:00,17,1982.3,2.0
2023-12-19 18:00:00,18,1102.7,0.6
2023-12-19 19:00:00,19,1956.9,1.4
2023-12-19 20:00:00,20,320.4,1.0
2023-12-19 21:00:00,21,89.1,2.8
2023-12-19 22:00:00,22,,0.5
2023-12-19 23:00:00,23,,1.0
2023-12-20 00:00:00,0,,2.4
2023-12-20 01:00:00,1,,2.0
2023-12-20 02:00:00,2,,2.3
2023-12-20 03:00:00,3,,0.6
2023-12-20 04:00:00,4,,0.4
2023-12-20 05:00:00,5,,0.3
2023-12-20 06:00:00,6,,0.3
2023-12-20 07:00:00,7,,0.0
2023-12-20 08:00:00,8,,0.0
2023-12-20 09:00:00,9,,1.3
2023-12-20 10:00:00,10,98.4,1.8
2023-12-20 11:00:00,11,637.3,1.4
2023-12-20 12:00:00,12,1675.0,1.5
2023-12-20 13:00:00,13,1677.6,2.1
2023-12-20 14:00:00,14,2219.3,2.4
2023-12-20 15:00:00,15,2352.7,2.0
2023-12-20 16:00:00,16,2415.5,2.9
2023-12-20 17:00:00,17,1807.5,2.5
2023-12-20 18:00:00,18,1579.2,2.7
2023-12-20 19:00:00,19,2098.0,3.5
2023-12-20 20:00:00,20,651.8,0.9
2023-12-20 21:00:00,21,176.8,1.8
2023-12-20 22:00:00,22,4.7,0.4
2023-12-20 23:00:00,23,,1.0
2023-12-21 00:00:00,0,,0.9
2023-12-21 01:00:00,1,,0.0
2023-12-21 02:00:00,2,,2.2
2023-12-21 03:00:00,3,,2.5
2023-12-21 04:00:00,4,,2.2
2023-12-21 05:00:00,5,,1.5
2023-12-21 06:00:00,6,,1.2
2023-12-21 07:00:00,7,,0.9
2023-12-21 08:00:00,8,,1.4
2023-12-21 09:00:00,9,0.1,1.2
2023-12-21 10:00:00,10,127.8,1.2
2023-12-21 11:00:00,11,511.2,1.9
2023-12-21 12:00:00,12,908.2,2.9
2023-12-21 13:00:00,13,1562.8,2.3
2023-12-21 14:00:00,14,2443.6,2.6
2023-12-21 15:00:00,15,1576.0,4.1
2023-12-21 16:00:00,16,2320.3,3.1
2023-12-21 17:00:00,17,1708.0,2.4
2023-12-21 18:00:00,18,1846.4,3.1
2023-12-21 19:00:00,19,1684.1,3.1
2023-12-21 20:00:00,20,505.6,1.5
2023-12-21 21:00:00,21,185.8,1.9
2023-12-21 22:00:00,22,6.8,0.3
2023-12-21 23:00:00,23,,0.6
2023-12-22 00:00:00,0,,0.3
2023-12-22 01:00:00,1,,0.0
2023-12-22 02:00:00,2,,0.0
2023-12-22 03:00:00,3,,1.0
2023-12-22 04:00:00,4,,0.7
2023-12-22 05:00:00,5,,0.0
2023-12-22 06:00:00,6,,0.0
2023-12-22 07:00:00,7,,0.2
2023-12-22 08:00:00,8,,1.1
2023-12-22 09:00:00,9,0.6,2.3
2023-12-22 10:00:00,10,39.5,4.8
2023-12-22 11:00:00,11,170.9,3.4
2023-12-22 12:00:00,12,711.5,1.6
2023-12-22 13:00:00,13,2414.1,3.2
2023-12-22 14:00:00,14,2697.4,3.6
2023-12-22 15:00:00,15,3382.8,3.0
2023-12-22 16:00:00,16,2415.7,3.2
2023-12-22 17:00:00,17,1925.5,3.7
2023-12-22 18:00:00,18,1904.5,2.2
2023-12-22 19:00:00,19,1569.7,2.1
2023-12-22 20:00:00,20,846.9,1.6
2023-12-22 21:00:00,21,277.4,1.2
2023-12-22 22:00:00,22,10.1,1.3
2023-12-22 23:00:00,23,,0.9
2023-12-23 00:00:00,0,,0.3
2023-12-23 01:00:00,1,,0.3
2023-12-23 02:00:00,2,,0.0
2023-12-23 03:00:00,3,,0.5
2023-12-23 04:00:00,4,,1.0
2023-12-23 05:00:00,5,,0.0
2023-12-23 06:00:00,6,,0.0
2023-12-23 07:00:00,7,,0.0
2023-12-23 08:00:00,8,,0.0
2023-12-23 09:00:00,9,7.6,0.0
2023-12-23 10:00:00,10,329.1,0.0
2023-12-23 11:00:00,11,1216.1,0.8
2023-12-23 12:00:00,12,2037.9,1.1
2023-12-23 13:00:00,13,2755.5,4.1
2023-12-23 14:00:00,14,3338.2,4.3
2023-12-23 15:00:00,15,3540.2,3.8
2023-12-23 16:00:00,16,3402.9,2.0
2023-12-23 17:00:00,17,2781.8,2.5
2023-12-23 18:00:00,18,2466.5,2.6
2023-12-23 19:00:00,19,2208.2,3.5
2023-12-23 20:00:00,20,1276.8,2.7
2023-12-23 21:00:00,21,160.9,1.2
2023-12-23 22:00:00,22,5.4,1.0
2023-12-23 23:00:00,23,,0.8
2023-12-24 00:00:00,0,,1.1
2023-12-24 01:00:00,1,,0.9
2023-12-24 02:00:00,2,,0.1
2023-12-24 03:00:00,3,,0.6
2023-12-24 04:00:00,4,,1.1
2023-12-24 05:00:00,5,,0.5
2023-12-24 06:00:00,6,,0.2
2023-12-24 07:00:00,7,,0.1
2023-12-24 08:00:00,8,,0.0
2023-12-24 09:00:00,9,4.2,0.0
2023-12-24 10:00:00,10,300.8,0.1
2023-12-24 11:00:00,11,1057.2,0.0
2023-12-24 12:00:00,12,1909.7,1.1
2023-12-24 13:00:00,13,2798.3,1.8
2023-12-24 14:00:00,14,3257.1,1.4
2023-12-24 15:00:00,15,3684.2,3.9
2023-12-24 16:00:00,16,3822.1,3.6
2023-12-24 17:00:00,17,2782.9,2.2
2023-12-24 18:00:00,18,2062.5,2.0
2023-12-24 19:00:00,19,2036.9,1.9
2023-12-24 20:00:00,20,1398.7,2.5
2023-12-24 21:00:00,21,219.3,1.3
2023-12-24 22:00:00,22,7.9,1.2
2023-12-24 23:00:00,23,,1.0
2023-12-25 00:00:00,0,,1.4
2023-12-25 01:00:00,1,,0.5
2023-12-25 02:00:00,2,,1.0
2023-12-25 03:00:00,3,,0.3
2023-12-25 04:00:00,4,,0.8
2023-12-25 05:00:00,5,,0.0
2023-12-25 06:00:00,6,,0.3
2023-12-25 07:00:00,7,,0.0
2023-12-25 08:00:00,8,,1.6
2023-12-25 09:00:00,9,3.7,0.9
2023-12-25 10:00:00,10,241.2,0.8
2023-12-25 11:00:00,11,1120.7,0.9
2023-12-25 12:00:00,12,2037.4,2.3
2023-12-25 13:00:00,13,2878.4,2.0
2023-12-25 14:00:00,14,3069.3,1.0
2023-12-25 15:00:00,15,3362.3,1.7
2023-12-25 16:00:00,16,2616.0,2.6
2023-12-25 17:00:00,17,2931.2,2.9
2023-12-25 18:00:00,18,2976.6,2.9
2023-12-25 19:00:00,19,2218.7,3.2
2023-12-25 20:00:00,20,1286.2,2.5
2023-12-25 21:00:00,21,144.3,1.2
2023-12-25 22:00:00,22,6.6,1.5
2023-12-25 23:00:00,23,,1.4
2023-12-26 00:00:00,0,,0.2
2023-12-26 01:00:00,1,,1.1
2023-12-26 02:00:00,2,,1.6
2023-12-26 03:00:00,3,,1.3
2023-12-26 04:00:00,4,,0.5
2023-12-26 05:00:00,5,,0.0
2023-12-26 06:00:00,6,,0.9
2023-12-26 07:00:00,7,,0.0
2023-12-26 08:00:00,8,,0.0
2023-12-26 09:00:00,9,5.0,0.2
2023-12-26 10:00:00,10,286.7,0.0
2023-12-26 11:00:00,11,1183.6,0.7
2023-12-26 12:00:00,12,2036.1,2.8
2023-12-26 13:00:00,13,2766.3,2.5
2023-12-26 14:00:00,14,3299.7,1.6
2023-12-26 15:00:00,15,3644.8,1.5
2023-12-26 16:00:00,16,3522.9,1.6
2023-12-26 17:00:00,17,3010.0,1.4
2023-12-26 18:00:00,18,1737.3,1.5
2023-12-26 19:00:00,19,1462.1,0.9
2023-12-26 20:00:00,20,1297.0,0.0
2023-12-26 21:00:00,21,158.5,0.0
2023-12-26 22:00:00,22,10.4,0.6
2023-12-26 23:00:00,23,,1.1
2023-12-27 00:00:00,0,,1.0
2023-12-27 01:00:00,1,,0.9
2023-12-27 02:00:00,2,,0.2
2023-12-27 03:00:00,3,,0.5
2023-12-27 04:00:00,4,,0.5
2023-12-27 05:00:00,5,,0.0
2023-12-27 06:00:00,6,,0.4
2023-12-27 07:00:00,7,,0.2
2023-12-27 08:00:00,8,,0.1
2023-12-27 09:00:00,9,2.7,1.0
2023-12-27 10:00:00,10,208.9,0.0
2023-12-27 11:00:00,11,1036.4,1.1
2023-12-27 12:00:00,12,2038.3,2.8
2023-12-27 13:00:00,13,1833.6,3.3
2023-12-27 14:00:00,14,1670.0,2.3
2023-12-27 15:00:00,15,3011.7,2.6
2023-12-27 16:00:00,16,3258.2,2.4
2023-12-27 17:00:00,17,2803.8,2.3
2023-12-27 18:00:00,18,1751.7,2.5
2023-12-27 19:00:00,19,2210.7,2.6
2023-12-27 20:00:00,20,1289.2,3.7
2023-12-27 21:00:00,21,156.9,2.3
2023-12-27 22:00:00,22,7.0,1.3
2023-12-27 23:00:00,23,,0.4
2023-12-28 00:00:00,0,,1.0
2023-12-28 01:00:00,1,,0.0
2023-12-28 02:00:00,2,,0.3
2023-12-28 03:00:00,3,,0.8
2023-12-28 04:00:00,4,,0.8
2023-12-28 05:00:00,5,,0.5
2023-12-28 06:00:00,6,,0.1
2023-12-28 07:00:00,7,,1.1
2023-12-28 08:00:00,8,,1.5
2023-12-28 09:00:00,9,,0.0
2023-12-28 10:00:00,10,183.9,0.1
2023-12-28 11:00:00,11,331.0,0.1
2023-12-28 12:00:00,12,381.3,0.9
2023-12-28 13:00:00,13,141.9,1.3
2023-12-28 14:00:00,14,403.3,0.2
2023-12-28 15:00:00,15,536.0,2.7
2023-12-28 16:00:00,16,1407.3,1.5
2023-12-28 17:00:00,17,1986.3,0.6
2023-12-28 18:00:00,18,2604.5,0.8
2023-12-28 19:00:00,19,2010.1,1.5
2023-12-28 20:00:00,20,829.4,0.2
2023-12-28 21:00:00,21,254.5,1.3
2023-12-28 22:00:00,22,10.3,0.1
2023-12-28 23:00:00,23,,0.0
2023-12-29 00:00:00,0,,0.7
2023-12-29 01:00:00,1,,0.0
2023-12-29 02:00:00,2,,0.7
2023-12-29 03:00:00,3,,0.1
2023-12-29 04:00:00,4,,0.0
2023-12-29 05:00:00,5,,0.1
2023-12-29 06:00:00,6,,0.0
2023-12-29 07:00:00,7,,0.0
2023-12-29 08:00:00,8,,0.1
2023-12-29 09:00:00,9,4.1,0.0
2023-12-29 10:00:00,10,139.6,0.0
2023-12-29 11:00:00,11,495.4,0.3
2023-12-29 12:00:00,12,1290.1,1.4
2023-12-29 13:00:00,13,1805.8,1.8
2023-12-29 14:00:00,14,1491.0,1.5
2023-12-29 15:00:00,15,2128.2,1.9
2023-12-29 16:00:00,16,2777.4,2.6
2023-12-29 17:00:00,17,3171.0,3.0
2023-12-29 18:00:00,18,2896.4,1.3
2023-12-29 19:00:00,19,2227.6,2.8
2023-12-29 20:00:00,20,1110.5,1.9
2023-12-29 21:00:00,21,299.6,0.6
2023-12-29 22:00:00,22,15.2,1.6
2023-12-29 23:00:00,23,,0.5
2023-12-30 00:00:00,0,,1.7
2023-12-30 01:00:00,1,,0.4
2023-12-30 02:00:00,2,,0.4
2023-12-30 03:00:00,3,,1.1
2023-12-30 04:00:00,4,,1.2
2023-12-30 05:00:00,5,,0.0
2023-12-30 06:00:00,6,,0.2
2023-12-30 07:00:00,7,,0.2
2023-12-30 08:00:00,8,,0.0
2023-12-30 09:00:00,9,9.5,0.2
2023-12-30 10:00:00,10,250.8,0.1
2023-12-30 11:00:00,11,939.6,0.5
2023-12-30 12:00:00,12,976.8,1.8
2023-12-30 13:00:00,13,1643.3,1.6
2023-12-30 14:00:00,14,2737.0,2.7
2023-12-30 15:00:00,15,3662.1,2.5
2023-12-30 16:00:00,16,3077.2,2.6
2023-12-30 17:00:00,17,2741.9,2.3
2023-12-30 18:00:00,18,2051.2,2.5
2023-12-30 19:00:00,19,2101.8,1.6
2023-12-30 20:00:00,20,966.8,0.5
2023-12-30 21:00:00,21,210.9,0.1
2023-12-30 22:00:00,22,5.5,0.9
2023-12-30 23:00:00,23,,1.9
2023-12-31 00:00:00,0,,0.5
2023-12-31 01:00:00,1,,0.1
2023-12-31 02:00:00,2,,0.1
2023-12-31 03:00:00,3,,0.1
2023-12-31 04:00:00,4,,0.3
2023-12-31 05:00:00,5,,0.9
2023-12-31 06:00:00,6,,2.5
2023-12-31 07:00:00,7,,2.4
2023-12-31 08:00:00,8,,0.8
2023-12-31 09:00:00,9,,1.0
2023-12-31 10:00:00,10,86.6,0.7
2023-12-31 11:00:00,11,347.7,1.3
2023-12-31 12:00:00,12,923.8,1.8
2023-12-31 13:00:00,13,1413.0,1.0
2023-12-31 14:00:00,14,1447.9,1.8
2023-12-31 15:00:00,15,2289.2,4.0
2023-12-31 16:00:00,16,1751.0,3.1
2023-12-31 17:00:00,17,1678.5,1.6
2023-12-31 18:00:00,18,1075.8,0.9
2023-12-31 19:00:00,19,625.0,0.2
2023-12-31 20:00:00,20,343.9,1.1
2023-12-31 21:00:00,21,201.1,0.1
2023-12-31 22:00:00,22,4.3,0.2
2023-12-31 23:00:00,23,,0.7
