datetime_utc,hora,rad_kJm2,vento_ms
2023-01-01 00:00:00,0,,
2023-01-01 01:00:00,1,,
2023-01-01 02:00:00,2,,
2023-01-01 03:00:00,3,,
2023-01-01 04:00:00,4,,
2023-01-01 05:00:00,5,,
2023-01-01 06:00:00,6,,
2023-01-01 07:00:00,7,,
2023-01-01 08:00:00,8,,
2023-01-01 09:00:00,9,0.2,
2023-01-01 10:00:00,10,171.0,
2023-01-01 11:00:00,11,925.1,
2023-01-01 12:00:00,12,1928.6,
2023-01-01 13:00:00,13,2039.9,
2023-01-01 14:00:00,14,1368.5,
2023-01-01 15:00:00,15,3159.0,
2023-01-01 16:00:00,16,2921.8,
2023-01-01 17:00:00,17,2293.5,
2023-01-01 18:00:00,18,2625.3,
2023-01-01 19:00:00,19,1274.7,
2023-01-01 20:00:00,20,172.6,
2023-01-01 21:00:00,21,89.6,
2023-01-01 22:00:00,22,13.9,
2023-01-01 23:00:00,23,,
2023-01-02 00:00:00,0,,
2023-01-02 01:00:00,1,,
2023-01-02 02:00:00,2,,
2023-01-02 03:00:00,3,,
2023-01-02 04:00:00,4,,
2023-01-02 05:00:00,5,,
2023-01-02 06:00:00,6,,
2023-01-02 07:00:00,7,,
2023-01-02 08:00:00,8,,
2023-01-02 09:00:00,9,0.1,
2023-01-02 10:00:00,10,138.7,
2023-01-02 11:00:00,11,829.1,
2023-01-02 12:00:00,12,1535.7,
2023-01-02 13:00:00,13,2009.3,
2023-01-02 14:00:00,14,2592.7,
2023-01-02 15:00:00,15,1631.7,
2023-01-02 16:00:00,16,2719.8,
2023-01-02 17:00:00,17,1940.8,
2023-01-02 18:00:00,18,1750.3,
2023-01-02 19:00:00,19,1454.2,
2023-01-02 20:00:00,20,283.6,
2023-01-02 21:00:00,21,89.4,
2023-01-02 22:00:00,22,11.3,
2023-01-02 23:00:00,23,,
2023-01-03 00:00:00,0,,
2023-01-03 01:00:00,1,1.1,
2023-01-03 02:00:00,2,,
2023-01-03 03:00:00,3,,
2023-01-03 04:00:00,4,,
2023-01-03 05:00:00,5,,
2023-01-03 06:00:00,6,,
2023-01-03 07:00:00,7,,
2023-01-03 08:00:00,8,,
2023-01-03 09:00:00,9,,
2023-01-03 10:00:00,10,194.8,
2023-01-03 11:00:00,11,645.0,
2023-01-03 12:00:00,12,1023.9,
2023-01-03 13:00:00,13,2198.7,
2023-01-03 14:00:00,14,2479.5,
2023-01-03 15:00:00,15,2699.1,
2023-01-03 16:00:00,16,2623.1,
2023-01-03 17:00:00,17,3197.6,
2023-01-03 18:00:00,18,2494.9,
2023-01-03 19:00:00,19,1531.9,
2023-01-03 20:00:00,20,708.0,
2023-01-03 21:00:00,21,190.8,
2023-01-03 22:00:00,22,5.8,
2023-01-03 23:00:00,23,,
2023-01-04 00:00:00,0,,
2023-01-04 01:00:00,1,,
2023-01-04 02:00:00,2,,
2023-01-04 03:00:00,3,,
2023-01-04 04:00:00,4,,
2023-01-04 05:00:00,5,,
2023-01-04 06:00:00,6,,
2023-01-04 07:00:00,7,,
2023-01-04 08:00:00,8,,
2023-01-04 09:00:00,9,,
2023-01-04 10:00:00,10,129.2,
2023-01-04 11:00:00,11,921.9,
2023-01-04 12:00:00,12,1361.9,
2023-01-04 13:00:00,13,1525.1,
2023-01-04 14:00:00,14,1246.0,
2023-01-04 15:00:00,15,2728.5,
2023-01-04 16:00:00,16,2467.1,
2023-01-04 17:00:00,17,2029.7,
2023-01-04 18:00:00,18,1886.6,
2023-01-04 19:00:00,19,1884.0,
2023-01-04 20:00:00,20,315.2,
2023-01-04 21:00:00,21,30.7,
2023-01-04 22:00:00,22,3.5,
2023-01-04 23:00:00,23,,
2023-01-05 00:00:00,0,,
2023-01-05 01:00:00,1,,
2023-01-05 02:00:00,2,,
2023-01-05 03:00:00,3,,
2023-01-05 04:00:00,4,,
2023-01-05 05:00:00,5,,
2023-01-05 06:00:00,6,,
2023-01-05 07:00:00,7,0.2,
2023-01-05 08:00:00,8,,
2023-01-05 09:00:00,9,,
2023-01-05 10:00:00,10,,
2023-01-05 11:00:00,11,,
2023-01-05 12:00:00,12,,
2023-01-05 13:00:00,13,,
2023-01-05 14:00:00,14,,
2023-01-05 15:00:00,15,,
2023-01-05 16:00:00,16,,
2023-01-05 17:00:00,17,,
2023-01-05 18:00:00,18,,
2023-01-05 19:00:00,19,,
2023-01-05 20:00:00,20,,
2023-01-05 21:00:00,21,,
2023-01-05 22:00:00,22,,
2023-01-05 23:00:00,23,,
2023-01-06 00:00:00,0,,
2023-01-06 01:00:00,1,,
2023-01-06 02:00:00,2,,
2023-01-06 03:00:00,3,,
2023-01-06 04:00:00,4,,
2023-01-06 05:00:00,5,,
2023-01-06 06:00:00,6,,
2023-01-06 07:00:00,7,,
2023-01-06 08:00:00,8,,
2023-01-06 09:00:00,9,,
2023-01-06 10:00:00,10,,
2023-01-06 11:00:00,11,,
2023-01-06 12:00:00,12,,
2023-01-06 13:00:00,13,,
2023-01-06 14:00:00,14,,
2023-01-06 15:00:00,15,,
2023-01-06 16:00:00,16,,
2023-01-06 17:00:00,17,,
2023-01-06 18:00:00,18,,
2023-01-06 19:00:00,19,,
2023-01-06 20:00:00,20,,
2023-01-06 21:00:00,21,,
2023-01-06 22:00:00,22,,
2023-01-06 23:00:00,23,,
2023-01-07 00:00:00,0,,
2023-01-07 01:00:00,1,,
2023-01-07 02:00:00,2,,
2023-01-07 03:00:00,3,,
2023-01-07 04:00:00,4,,
2023-01-07 05:00:00,5,,
2023-01-07 06:00:00,6,,
2023-01-07 07:00:00,7,,
2023-01-07 08:00:00,8,,
2023-01-07 09:00:00,9,,
2023-01-07 10:00:00,10,,
2023-01-07 11:00:00,11,,
2023-01-07 12:00:00,12,,
2023-01-07 13:00:00,13,,
2023-01-07 14:00:00,14,,
2023-01-07 15:00:00,15,,
2023-01-07 16:00:00,16,,
2023-01-07 17:00:00,17,,
2023-01-07 18:00:00,18,,
2023-01-07 19:00:00,19,,
2023-01-07 20:00:00,20,,
2023-01-07 21:00:00,21,,
2023-01-07 22:00:00,22,,
2023-01-07 23:00:00,23,,
2023-01-08 00:00:00,0,,
2023-01-08 01:00:00,1,,
2023-01-08 02:00:00,2,,
2023-01-08 03:00:00,3,,
2023-01-08 04:00:00,4,,
2023-01-08 05:00:00,5,,
2023-01-08 06:00:00,6,,
2023-01-08 07:00:00,7,,
2023-01-08 08:00:00,8,,
2023-01-08 09:00:00,9,,
2023-01-08 10:00:00,10,,
2023-01-08 11:00:00,11,,
2023-01-08 12:00:00,12,,
2023-01-08 13:00:00,13,,
2023-01-08 14:00:00,14,,
2023-01-08 15:00:00,15,,
2023-01-08 16:00:00,16,,
2023-01-08 17:00:00,17,,
2023-01-08 18:00:00,18,,
2023-01-08 19:00:00,19,,
2023-01-08 20:00:00,20,,
2023-01-08 21:00:00,21,,
2023-01-08 22:00:00,22,,
2023-01-08 23:00:00,23,,
2023-01-09 00:00:00,0,,
2023-01-09 01:00:00,1,,
2023-01-09 02:00:00,2,,
2023-01-09 03:00:00,3,,
2023-01-09 04:00:00,4,,
2023-01-09 05:00:00,5,,
2023-01-09 06:00:00,6,,
2023-01-09 07:00:00,7,,
2023-01-09 08:00:00,8,,
2023-01-09 09:00:00,9,,
2023-01-09 10:00:00,10,,
2023-01-09 11:00:00,11,,
2023-01-09 12:00:00,12,,
2023-01-09 13:00:00,13,,
2023-01-09 14:00:00,14,,
2023-01-09 15:00:00,15,,
2023-01-09 16:00:00,16,,
2023-01-09 17:00:00,17,,
2023-01-09 18:00:00,18,,
2023-01-09 19:00:00,19,,
2023-01-09 20:00:00,20,,
2023-01-09 21:00:00,21,,
2023-01-09 22:00:00,22,,
2023-01-09 23:00:00,23,,
2023-01-10 00:00:00,0,,
2023-01-10 01:00:00,1,,
2023-01-10 02:00:00,2,,
2023-01-10 03:00:00,3,,
2023-01-10 04:00:00,4,,
2023-01-10 05:00:00,5,,
2023-01-10 06:00:00,6,,
2023-01-10 07:00:00,7,,
2023-01-10 08:00:00,8,,
2023-01-10 09:00:00,9,,
2023-01-10 10:00:00,10,,
2023-01-10 11:00:00,11,,
2023-01-10 12:00:00,12,,
2023-01-10 13:00:00,13,,
2023-01-10 14:00:00,14,,
2023-01-10 15:00:00,15,1306.9,
2023-01-10 16:00:00,16,2707.3,
2023-01-10 17:00:00,17,1074.7,
2023-01-10 18:00:00,18,1935.3,
2023-01-10 19:00:00,19,906.3,
2023-01-10 20:00:00,20,453.8,
2023-01-10 21:00:00,21,303.7,
2023-01-10 22:00:00,22,4.5,
2023-01-10 23:00:00,23,0.4,
2023-01-11 00:00:00,0,,
2023-01-11 01:00:00,1,,
2023-01-11 02:00:00,2,,
2023-01-11 03:00:00,3,,
2023-01-11 04:00:00,4,,
2023-01-11 05:00:00,5,,
2023-01-11 06:00:00,6,,
2023-01-11 07:00:00,7,,
2023-01-11 08:00:00,8,,
2023-01-11 09:00:00,9,,
2023-01-11 10:00:00,10,41.5,
2023-01-11 11:00:00,11,157.0,
2023-01-11 12:00:00,12,509.1,
2023-01-11 13:00:00,13,1143.5,
2023-01-11 14:00:00,14,2301.7,
2023-01-11 15:00:00,15,2642.1,
2023-01-11 16:00:00,16,2474.9,
2023-01-11 17:00:00,17,1766.3,
2023-01-11 18:00:00,18,1590.9,
2023-01-11 19:00:00,19,1245.4,
2023-01-11 20:00:00,20,1087.8,
2023-01-11 21:00:00,21,409.8,
2023-01-11 22:00:00,22,17.8,
2023-01-11 23:00:00,23,,
2023-01-12 00:00:00,0,,
2023-01-12 01:00:00,1,,
2023-01-12 02:00:00,2,,
2023-01-12 03:00:00,3,,
2023-01-12 04:00:00,4,,
2023-01-12 05:00:00,5,,
2023-01-12 06:00:00,6,,
2023-01-12 07:00:00,7,,
2023-01-12 08:00:00,8,,
2023-01-12 09:00:00,9,,
2023-01-12 10:00:00,10,178.2,
2023-01-12 11:00:00,11,483.4,
2023-01-12 12:00:00,12,718.2,
2023-01-12 13:00:00,13,1618.7,
2023-01-12 14:00:00,14,2289.8,
2023-01-12 15:00:00,15,2419.9,
2023-01-12 16:00:00,16,2076.1,
2023-01-12 17:00:00,17,1811.8,
2023-01-12 18:00:00,18,2117.9,
2023-01-12 19:00:00,19,1484.1,
2023-01-12 20:00:00,20,1363.0,
2023-01-12 21:00:00,21,644.5,
2023-01-12 22:00:00,22,19.0,
2023-01-12 23:00:00,23,,
2023-01-13 00:00:00,0,,
2023-01-13 01:00:00,1,,
2023-01-13 02:00:00,2,,
2023-01-13 03:00:00,3,,
2023-01-13 04:00:00,4,,
2023-01-13 05:00:00,5,,
2023-01-13 06:00:00,6,,
2023-01-13 07:00:00,7,,
2023-01-13 08:00:00,8,,
2023-01-13 09:00:00,9,,
2023-01-13 10:00:00,10,98.7,
2023-01-13 11:00:00,11,446.0,
2023-01-13 12:00:00,12,910.9,
2023-01-13 13:00:00,13,1494.9,
2023-01-13 14:00:00,14,2092.9,
2023-01-13 15:00:00,15,2445.8,
2023-01-13 16:00:00,16,2790.6,
2023-01-13 17:00:00,17,2788.0,
2023-01-13 18:00:00,18,2107.7,
2023-01-13 19:00:00,19,1684.6,
2023-01-13 20:00:00,20,1244.0,
2023-01-13 21:00:00,21,448.4,
2023-01-13 22:00:00,22,8.8,
2023-01-13 23:00:00,23,,
2023-01-14 00:00:00,0,,
2023-01-14 01:00:00,1,,
2023-01-14 02:00:00,2,,
2023-01-14 03:00:00,3,,
2023-01-14 04:00:00,4,,
2023-01-14 05:00:00,5,,
2023-01-14 06:00:00,6,,
2023-01-14 07:00:00,7,,
2023-01-14 08:00:00,8,,
2023-01-14 09:00:00,9,0.5,
2023-01-14 10:00:00,10,111.5,
2023-01-14 11:00:00,11,724.6,
2023-01-14 12:00:00,12,951.0,
2023-01-14 13:00:00,13,1641.9,
2023-01-14 14:00:00,14,1596.6,
2023-01-14 15:00:00,15,1444.8,
2023-01-14 16:00:00,16,1794.9,
2023-01-14 17:00:00,17,1058.0,
2023-01-14 18:00:00,18,1547.0,
2023-01-14 19:00:00,19,1351.0,
2023-01-14 20:00:00,20,360.8,
2023-01-14 21:00:00,21,135.4,
2023-01-14 22:00:00,22,12.2,
2023-01-14 23:00:00,23,4.5,
2023-01-15 00:00:00,0,,
2023-01-15 01:00:00,1,,
2023-01-15 02:00:00,2,0.2,
2023-01-15 03:00:00,3,,
2023-01-15 04:00:00,4,,
2023-01-15 05:00:00,5,0.9,
2023-01-15 06:00:00,6,,
2023-01-15 07:00:00,7,,
2023-01-15 08:00:00,8,,
2023-01-15 09:00:00,9,,
2023-01-15 10:00:00,10,67.7,
2023-01-15 11:00:00,11,337.5,
2023-01-15 12:00:00,12,641.4,
2023-01-15 13:00:00,13,1041.0,
2023-01-15 14:00:00,14,1122.6,
2023-01-15 15:00:00,15,1776.0,
2023-01-15 16:00:00,16,2276.2,
2023-01-15 17:00:00,17,940.6,
2023-01-15 18:00:00,18,255.0,
2023-01-15 19:00:00,19,155.4,
2023-01-15 20:00:00,20,68.4,
2023-01-15 21:00:00,21,30.2,
2023-01-15 22:00:00,22,2.0,
2023-01-15 23:00:00,23,,
2023-01-16 00:00:00,0,0.5,
2023-01-16 01:00:00,1,,
2023-01-16 02:00:00,2,,
2023-01-16 03:00:00,3,,
2023-01-16 04:00:00,4,,
2023-01-16 05:00:00,5,,
2023-01-16 06:00:00,6,,
2023-01-16 07:00:00,7,,
2023-01-16 08:00:00,8,,
2023-01-16 09:00:00,9,,
2023-01-16 10:00:00,10,78.0,
2023-01-16 11:00:00,11,575.7,
2023-01-16 12:00:00,12,1583.8,
2023-01-16 13:00:00,13,2487.5,
2023-01-16 14:00:00,14,2396.3,
2023-01-16 15:00:00,15,1161.6,
2023-01-16 16:00:00,16,1960.3,
2023-01-16 17:00:00,17,1745.2,
2023-01-16 18:00:00,18,1021.4,
2023-01-16 19:00:00,19,1356.6,
2023-01-16 20:00:00,20,1085.0,
2023-01-16 21:00:00,21,282.9,
2023-01-16 22:00:00,22,5.4,
2023-01-16 23:00:00,23,,
2023-01-17 00:00:00,0,,
2023-01-17 01:00:00,1,3.1,
2023-01-17 02:00:00,2,,
2023-01-17 03:00:00,3,,
2023-01-17 04:00:00,4,,
2023-01-17 05:00:00,5,,
2023-01-17 06:00:00,6,,
2023-01-17 07:00:00,7,,
2023-01-17 08:00:00,8,,
2023-01-17 09:00:00,9,,
2023-01-17 10:00:00,10,210.8,
2023-01-17 11:00:00,11,659.5,
2023-01-17 12:00:00,12,1509.6,
2023-01-17 13:00:00,13,2548.7,
2023-01-17 14:00:00,14,2372.1,
2023-01-17 15:00:00,15,2309.3,
2023-01-17 16:00:00,16,3391.6,
2023-01-17 17:00:00,17,2526.5,
2023-01-17 18:00:00,18,2473.7,
2023-01-17 19:00:00,19,1812.7,
2023-01-17 20:00:00,20,1541.2,
2023-01-17 21:00:00,21,414.2,
2023-01-17 22:00:00,22,20.4,
2023-01-17 23:00:00,23,,
2023-01-18 00:00:00,0,,
2023-01-18 01:00:00,1,,
2023-01-18 02:00:00,2,,
2023-01-18 03:00:00,3,,
2023-01-18 04:00:00,4,,
2023-01-18 05:00:00,5,,
2023-01-18 06:00:00,6,,
2023-01-18 07:00:00,7,,
2023-01-18 08:00:00,8,0.2,
2023-01-18 09:00:00,9,,
2023-01-18 10:00:00,10,31.8,
2023-01-18 11:00:00,11,283.4,
2023-01-18 12:00:00,12,813.9,
2023-01-18 13:00:00,13,878.4,
2023-01-18 14:00:00,14,1071.8,
2023-01-18 15:00:00,15,1539.1,
2023-01-18 16:00:00,16,1132.3,
2023-01-18 17:00:00,17,1204.2,
2023-01-18 18:00:00,18,1715.3,
2023-01-18 19:00:00,19,1348.2,
2023-01-18 20:00:00,20,731.7,
2023-01-18 21:00:00,21,281.1,
2023-01-18 22:00:00,22,11.7,
2023-01-18 23:00:00,23,,
2023-01-19 00:00:00,0,,
2023-01-19 01:00:00,1,,
2023-01-19 02:00:00,2,,
2023-01-19 03:00:00,3,1.2,
2023-01-19 04:00:00,4,0.0,
2023-01-19 05:00:00,5,0.2,
2023-01-19 06:00:00,6,,
2023-01-19 07:00:00,7,,
2023-01-19 08:00:00,8,0.7,
2023-01-19 09:00:00,9,0.0,
2023-01-19 10:00:00,10,10.7,
2023-01-19 11:00:00,11,65.4,
2023-01-19 12:00:00,12,165.7,
2023-01-19 13:00:00,13,361.2,
2023-01-19 14:00:00,14,676.0,
2023-01-19 15:00:00,15,1052.1,
2023-01-19 16:00:00,16,1320.1,
2023-01-19 17:00:00,17,1868.4,
2023-01-19 18:00:00,18,2037.0,
2023-01-19 19:00:00,19,1186.7,
2023-01-19 20:00:00,20,126.4,
2023-01-19 21:00:00,21,59.5,
2023-01-19 22:00:00,22,2.3,
2023-01-19 23:00:00,23,,
2023-01-20 00:00:00,0,0.4,
2023-01-20 01:00:00,1,0.4,
2023-01-20 02:00:00,2,0.2,
2023-01-20 03:00:00,3,0.0,
2023-01-20 04:00:00,4,,
2023-01-20 05:00:00,5,,
2023-01-20 06:00:00,6,,
2023-01-20 07:00:00,7,,
2023-01-20 08:00:00,8,,
2023-01-20 09:00:00,9,,
2023-01-20 10:00:00,10,127.4,
2023-01-20 11:00:00,11,658.5,
2023-01-20 12:00:00,12,980.0,
2023-01-20 13:00:00,13,1383.6,
2023-01-20 14:00:00,14,1808.7,
2023-01-20 15:00:00,15,3183.8,
2023-01-20 16:00:00,16,3196.7,
2023-01-20 17:00:00,17,2050.4,
2023-01-20 18:00:00,18,2039.8,
2023-01-20 19:00:00,19,2305.1,
2023-01-20 20:00:00,20,1541.9,
2023-01-20 21:00:00,21,633.8,
2023-01-20 22:00:00,22,17.6,
2023-01-20 23:00:00,23,,
2023-01-21 00:00:00,0,,
2023-01-21 01:00:00,1,,
2023-01-21 02:00:00,2,,
2023-01-21 03:00:00,3,,
2023-01-21 04:00:00,4,,
2023-01-21 05:00:00,5,,
2023-01-21 06:00:00,6,,
2023-01-21 07:00:00,7,,
2023-01-21 08:00:00,8,,
2023-01-21 09:00:00,9,,
2023-01-21 10:00:00,10,150.2,
2023-01-21 11:00:00,11,606.5,
2023-01-21 12:00:00,12,961.7,
2023-01-21 13:00:00,13,2273.1,
2023-01-21 14:00:00,14,2212.4,
2023-01-21 15:00:00,15,2034.9,
2023-01-21 16:00:00,16,3627.3,
2023-01-21 17:00:00,17,2955.5,
2023-01-21 18:00:00,18,2541.3,
2023-01-21 19:00:00,19,1200.5,
2023-01-21 20:00:00,20,545.3,
2023-01-21 21:00:00,21,222.3,
2023-01-21 22:00:00,22,11.7,
2023-01-21 23:00:00,23,,
2023-01-22 00:00:00,0,,
2023-01-22 01:00:00,1,,
2023-01-22 02:00:00,2,,
2023-01-22 03:00:00,3,,
2023-01-22 04:00:00,4,,
2023-01-22 05:00:00,5,,
2023-01-22 06:00:00,6,,
2023-01-22 07:00:00,7,,
2023-01-22 08:00:00,8,,
2023-01-22 09:00:00,9,,
2023-01-22 10:00:00,10,,
2023-01-22 11:00:00,11,,
2023-01-22 12:00:00,12,,
2023-01-22 13:00:00,13,,
2023-01-22 14:00:00,14,,
2023-01-22 15:00:00,15,,
2023-01-22 16:00:00,16,,
2023-01-22 17:00:00,17,,
2023-01-22 18:00:00,18,,
2023-01-22 19:00:00,19,,
2023-01-22 20:00:00,20,,
2023-01-22 21:00:00,21,,
2023-01-22 22:00:00,22,,
2023-01-22 23:00:00,23,,
2023-01-23 00:00:00,0,,
2023-01-23 01:00:00,1,,
2023-01-23 02:00:00,2,,
2023-01-23 03:00:00,3,,
2023-01-23 04:00:00,4,,
2023-01-23 05:00:00,5,,
2023-01-23 06:00:00,6,,
2023-01-23 07:00:00,7,,
2023-01-23 08:00:00,8,,
2023-01-23 09:00:00,9,,
2023-01-23 10:00:00,10,,
2023-01-23 11:00:00,11,,
2023-01-23 12:00:00,12,,
2023-01-23 13:00:00,13,,
2023-01-23 14:00:00,14,,
2023-01-23 15:00:00,15,,
2023-01-23 16:00:00,16,,
2023-01-23 17:00:00,17,,
2023-01-23 18:00:00,18,,
2023-01-23 19:00:00,19,,
2023-01-23 20:00:00,20,,
2023-01-23 21:00:00,21,,
2023-01-23 22:00:00,22,,
2023-01-23 23:00:00,23,,
2023-01-24 00:00:00,0,,
2023-01-24 01:00:00,1,,
2023-01-24 02:00:00,2,,
2023-01-24 03:00:00,3,,
2023-01-24 04:00:00,4,,
2023-01-24 05:00:00,5,,
2023-01-24 06:00:00,6,,
2023-01-24 07:00:00,7,,
2023-01-24 08:00:00,8,,
2023-01-24 09:00:00,9,,
2023-01-24 10:00:00,10,,
2023-01-24 11:00:00,11,,
2023-01-24 12:00:00,12,,
2023-01-24 13:00:00,13,,
2023-01-24 14:00:00,14,,
2023-01-24 15:00:00,15,,
2023-01-24 16:00:00,16,,
2023-01-24 17:00:00,17,,
2023-01-24 18:00:00,18,,
2023-01-24 19:00:00,19,,
2023-01-24 20:00:00,20,,
2023-01-24 21:00:00,21,,
2023-01-24 22:00:00,22,,
2023-01-24 23:00:00,23,,
2023-01-25 00:00:00,0,,
2023-01-25 01:00:00,1,,
2023-01-25 02:00:00,2,,
2023-01-25 03:00:00,3,,
2023-01-25 04:00:00,4,,
2023-01-25 05:00:00,5,,
2023-01-25 06:00:00,6,,
2023-01-25 07:00:00,7,,
2023-01-25 08:00:00,8,,
2023-01-25 09:00:00,9,,
2023-01-25 10:00:00,10,,
2023-01-25 11:00:00,11,,
2023-01-25 12:00:00,12,,
2023-01-25 13:00:00,13,,
2023-01-25 14:00:00,14,,
2023-01-25 15:00:00,15,,
2023-01-25 16:00:00,16,,
2023-01-25 17:00:00,17,,
2023-01-25 18:00:00,18,,
2023-01-25 19:00:00,19,,
2023-01-25 20:00:00,20,,
2023-01-25 21:00:00,21,,
2023-01-25 22:00:00,22,,
2023-01-25 23:00:00,23,,
2023-01-26 00:00:00,0,,
2023-01-26 01:00:00,1,,
2023-01-26 02:00:00,2,,
2023-01-26 03:00:00,3,,
2023-01-26 04:00:00,4,,
2023-01-26 05:00:00,5,,
2023-01-26 06:00:00,6,,
2023-01-26 07:00:00,7,,
2023-01-26 08:00:00,8,,
2023-01-26 09:00:00,9,,
2023-01-26 10:00:00,10,,
2023-01-26 11:00:00,11,,
2023-01-26 12:00:00,12,,
2023-01-26 13:00:00,13,,
2023-01-26 14:00:00,14,,
2023-01-26 15:00:00,15,,
2023-01-26 16:00:00,16,,
2023-01-26 17:00:00,17,,
2023-01-26 18:00:00,18,,
2023-01-26 19:00:00,19,,
2023-01-26 20:00:00,20,,
2023-01-26 21:00:00,21,,
2023-01-26 22:00:00,22,,
2023-01-26 23:00:00,23,,
2023-01-27 00:00:00,0,,
2023-01-27 01:00:00,1,,
2023-01-27 02:00:00,2,,
2023-01-27 03:00:00,3,,
2023-01-27 04:00:00,4,,
2023-01-27 05:00:00,5,,
2023-01-27 06:00:00,6,,
2023-01-27 07:00:00,7,,
2023-01-27 08:00:00,8,,
2023-01-27 09:00:00,9,,
2023-01-27 10:00:00,10,,
2023-01-27 11:00:00,11,,
2023-01-27 12:00:00,12,320.9,
2023-01-27 13:00:00,13,2091.5,
2023-01-27 14:00:00,14,1734.6,
2023-01-27 15:00:00,15,2658.8,
2023-01-27 16:00:00,16,,
2023-01-27 17:00:00,17,,
2023-01-27 18:00:00,18,,
2023-01-27 19:00:00,19,,
2023-01-27 20:00:00,20,,
2023-01-27 21:00:00,21,,
2023-01-27 22:00:00,22,,
2023-01-27 23:00:00,23,,
2023-01-28 00:00:00,0,,
2023-01-28 01:00:00,1,,
2023-01-28 02:00:00,2,,
2023-01-28 03:00:00,3,,
2023-01-28 04:00:00,4,,
2023-01-28 05:00:00,5,,
2023-01-28 06:00:00,6,,
2023-01-28 07:00:00,7,,
2023-01-28 08:00:00,8,,
2023-01-28 09:00:00,9,,
2023-01-28 10:00:00,10,,
2023-01-28 11:00:00,11,,
2023-01-28 12:00:00,12,,
2023-01-28 13:00:00,13,,
2023-01-28 14:00:00,14,,
2023-01-28 15:00:00,15,,
2023-01-28 16:00:00,16,,
2023-01-28 17:00:00,17,,
2023-01-28 18:00:00,18,,
2023-01-28 19:00:00,19,,
2023-01-28 20:00:00,20,,
2023-01-28 21:00:00,21,,
2023-01-28 22:00:00,22,,
2023-01-28 23:00:00,23,,
2023-01-29 00:00:00,0,,
2023-01-29 01:00:00,1,,
2023-01-29 02:00:00,2,,
2023-01-29 03:00:00,3,,
2023-01-29 04:00:00,4,,
2023-01-29 05:00:00,5,,
2023-01-29 06:00:00,6,,
2023-01-29 07:00:00,7,,
2023-01-29 08:00:00,8,,
2023-01-29 09:00:00,9,,
2023-01-29 10:00:00,10,,
2023-01-29 11:00:00,11,,
2023-01-29 12:00:00,12,,
2023-01-29 13:00:00,13,,
2023-01-29 14:00:00,14,,
2023-01-29 15:00:00,15,,
2023-01-29 16:00:00,16,,
2023-01-29 17:00:00,17,,
2023-01-29 18:00:00,18,,
2023-01-29 19:00:00,19,,
2023-01-29 20:00:00,20,,
2023-01-29 21:00:00,21,,
2023-01-29 22:00:00,22,,
2023-01-29 23:00:00,23,,
2023-01-30 00:00:00,0,,
2023-01-30 01:00:00,1,,
2023-01-30 02:00:00,2,,
2023-01-30 03:00:00,3,,
2023-01-30 04:00:00,4,,
2023-01-30 05:00:00,5,,
2023-01-30 06:00:00,6,,
2023-01-30 07:00:00,7,,
2023-01-30 08:00:00,8,,
2023-01-30 09:00:00,9,,
2023-01-30 10:00:00,10,,
2023-01-30 11:00:00,11,,
2023-01-30 12:00:00,12,,
2023-01-30 13:00:00,13,,
2023-01-30 14:00:00,14,,
2023-01-30 15:00:00,15,,
2023-01-30 16:00:00,16,,
2023-01-30 17:00:00,17,,
2023-01-30 18:00:00,18,,
2023-01-30 19:00:00,19,,
2023-01-30 20:00:00,20,,
2023-01-30 21:00:00,21,,
2023-01-30 22:00:00,22,,
2023-01-30 23:00:00,23,,
2023-01-31 00:00:00,0,,
2023-01-31 01:00:00,1,,
2023-01-31 02:00:00,2,,
2023-01-31 03:00:00,3,,
2023-01-31 04:00:00,4,,
2023-01-31 05:00:00,5,,
2023-01-31 06:00:00,6,,
2023-01-31 07:00:00,7,,
2023-01-31 08:00:00,8,,
2023-01-31 09:00:00,9,,
2023-01-31 10:00:00,10,,
2023-01-31 11:00:00,11,,
2023-01-31 12:00:00,12,,
2023-01-31 13:00:00,13,,
2023-01-31 14:00:00,14,,
2023-01-31 15:00:00,15,,
2023-01-31 16:00:00,16,,
2023-01-31 17:00:00,17,,
2023-01-31 18:00:00,18,,
2023-01-31 19:00:00,19,,
2023-01-31 20:00:00,20,,
2023-01-31 21:00:00,21,,
2023-01-31 22:00:00,22,,
2023-01-31 23:00:00,23,,
2023-02-01 00:00:00,0,,
2023-02-01 01:00:00,1,,
2023-02-01 02:00:00,2,,
2023-02-01 03:00:00,3,,
2023-02-01 04:00:00,4,,
2023-02-01 05:00:00,5,,
2023-02-01 06:00:00,6,,
2023-02-01 07:00:00,7,,
2023-02-01 08:00:00,8,,
2023-02-01 09:00:00,9,,
2023-02-01 10:00:00,10,,
2023-02-01 11:00:00,11,,
2023-02-01 12:00:00,12,,
2023-02-01 13:00:00,13,,
2023-02-01 14:00:00,14,,
2023-02-01 15:00:00,15,,
2023-02-01 16:00:00,16,,
2023-02-01 17:00:00,17,,
2023-02-01 18:00:00,18,,
2023-02-01 19:00:00,19,,
2023-02-01 20:00:00,20,,
2023-02-01 21:00:00,21,,
2023-02-01 22:00:00,22,,
2023-02-01 23:00:00,23,,
2023-02-02 00:00:00,0,,
2023-02-02 01:00:00,1,,
2023-02-02 02:00:00,2,,
2023-02-02 03:00:00,3,,
2023-02-02 04:00:00,4,,
2023-02-02 05:00:00,5,,
2023-02-02 06:00:00,6,,
2023-02-02 07:00:00,7,,
2023-02-02 08:00:00,8,,
2023-02-02 09:00:00,9,,
2023-02-02 10:00:00,10,,
2023-02-02 11:00:00,11,,
2023-02-02 12:00:00,12,,
2023-02-02 13:00:00,13,,
2023-02-02 14:00:00,14,,
2023-02-02 15:00:00,15,,
2023-02-02 16:00:00,16,,
2023-02-02 17:00:00,17,,
2023-02-02 18:00:00,18,,
2023-02-02 19:00:00,19,,
2023-02-02 20:00:00,20,,
2023-02-02 21:00:00,21,,
2023-02-02 22:00:00,22,,
2023-02-02 23:00:00,23,,
2023-02-03 00:00:00,0,,
2023-02-03 01:00:00,1,,
2023-02-03 02:00:00,2,,
2023-02-03 03:00:00,3,,
2023-02-03 04:00:00,4,,
2023-02-03 05:00:00,5,,
2023-02-03 06:00:00,6,,
2023-02-03 07:00:00,7,,
2023-02-03 08:00:00,8,,
2023-02-03 09:00:00,9,,
2023-02-03 10:00:00,10,,
2023-02-03 11:00:00,11,,
2023-02-03 12:00:00,12,,
2023-02-03 13:00:00,13,,
2023-02-03 14:00:00,14,,
2023-02-03 15:00:00,15,,
2023-02-03 16:00:00,16,,
2023-02-03 17:00:00,17,,
2023-02-03 18:00:00,18,,
2023-02-03 19:00:00,19,,
2023-02-03 20:00:00,20,,
2023-02-03 21:00:00,21,,
2023-02-03 22:00:00,22,,
2023-02-03 23:00:00,23,,
2023-02-04 00:00:00,0,,
2023-02-04 01:00:00,1,,
2023-02-04 02:00:00,2,,
2023-02-04 03:00:00,3,,
2023-02-04 04:00:00,4,,
2023-02-04 05:00:00,5,,
2023-02-04 06:00:00,6,,
2023-02-04 07:00:00,7,,
2023-02-04 08:00:00,8,,
2023-02-04 09:00:00,9,,
2023-02-04 10:00:00,10,,
2023-02-04 11:00:00,11,,
2023-02-04 12:00:00,12,,
2023-02-04 13:00:00,13,,
2023-02-04 14:00:00,14,,
2023-02-04 15:00:00,15,,
2023-02-04 16:00:00,16,,
2023-02-04 17:00:00,17,,
2023-02-04 18:00:00,18,,
2023-02-04 19:00:00,19,,
2023-02-04 20:00:00,20,,
2023-02-04 21:00:00,21,,
2023-02-04 22:00:00,22,,
2023-02-04 23:00:00,23,,
2023-02-05 00:00:00,0,,
2023-02-05 01:00:00,1,,
2023-02-05 02:00:00,2,,
2023-02-05 03:00:00,3,,
2023-02-05 04:00:00,4,,
2023-02-05 05:00:00,5,,
2023-02-05 06:00:00,6,,
2023-02-05 07:00:00,7,,
2023-02-05 08:00:00,8,,
2023-02-05 09:00:00,9,,
2023-02-05 10:00:00,10,,
2023-02-05 11:00:00,11,,
2023-02-05 12:00:00,12,,
2023-02-05 13:00:00,13,,
2023-02-05 14:00:00,14,,
2023-02-05 15:00:00,15,,
2023-02-05 16:00:00,16,,
2023-02-05 17:00:00,17,,
2023-02-05 18:00:00,18,,
2023-02-05 19:00:00,19,,
2023-02-05 20:00:00,20,,
2023-02-05 21:00:00,21,,
2023-02-05 22:00:00,22,,
2023-02-05 23:00:00,23,,
2023-02-06 00:00:00,0,,
2023-02-06 01:00:00,1,,
2023-02-06 02:00:00,2,,
2023-02-06 03:00:00,3,,
2023-02-06 04:00:00,4,,
2023-02-06 05:00:00,5,,
2023-02-06 06:00:00,6,,
2023-02-06 07:00:00,7,,
2023-02-06 08:00:00,8,,
2023-02-06 09:00:00,9,,
2023-02-06 10:00:00,10,,
2023-02-06 11:00:00,11,,
2023-02-06 12:00:00,12,,
2023-02-06 13:00:00,13,,
2023-02-06 14:00:00,14,,
2023-02-06 15:00:00,15,,
2023-02-06 16:00:00,16,,
2023-02-06 17:00:00,17,,
2023-02-06 18:00:00,18,,
2023-02-06 19:00:00,19,,
2023-02-06 20:00:00,20,,
2023-02-06 21:00:00,21,,
2023-02-06 22:00:00,22,,
2023-02-06 23:00:00,23,,
2023-02-07 00:00:00,0,,
2023-02-07 01:00:00,1,,
2023-02-07 02:00:00,2,,
2023-02-07 03:00:00,3,,
2023-02-07 04:00:00,4,,
2023-02-07 05:00:00,5,,
2023-02-07 06:00:00,6,,
2023-02-07 07:00:00,7,,
2023-02-07 08:00:00,8,,
2023-02-07 09:00:00,9,,
2023-02-07 10:00:00,10,,
2023-02-07 11:00:00,11,,
2023-02-07 12:00:00,12,,
2023-02-07 13:00:00,13,,
2023-02-07 14:00:00,14,,
2023-02-07 15:00:00,15,,
2023-02-07 16:00:00,16,,
2023-02-07 17:00:00,17,,
2023-02-07 18:00:00,18,,
2023-02-07 19:00:00,19,,
2023-02-07 20:00:00,20,,
2023-02-07 21:00:00,21,,
2023-02-07 22:00:00,22,,
2023-02-07 23:00:00,23,,
2023-02-08 00:00:00,0,,
2023-02-08 01:00:00,1,,
2023-02-08 02:00:00,2,,
2023-02-08 03:00:00,3,,
2023-02-08 04:00:00,4,,
2023-02-08 05:00:00,5,,
2023-02-08 06:00:00,6,,
2023-02-08 07:00:00,7,,
2023-02-08 08:00:00,8,,
2023-02-08 09:00:00,9,,
2023-02-08 10:00:00,10,,
2023-02-08 11:00:00,11,,
2023-02-08 12:00:00,12,,
2023-02-08 13:00:00,13,,
2023-02-08 14:00:00,14,,
2023-02-08 15:00:00,15,,
2023-02-08 16:00:00,16,,
2023-02-08 17:00:00,17,,
2023-02-08 18:00:00,18,,
2023-02-08 19:00:00,19,,
2023-02-08 20:00:00,20,,
2023-02-08 21:00:00,21,,
2023-02-08 22:00:00,22,,
2023-02-08 23:00:00,23,,
2023-02-09 00:00:00,0,,
2023-02-09 01:00:00,1,,
2023-02-09 02:00:00,2,,
2023-02-09 03:00:00,3,,
2023-02-09 04:00:00,4,,
2023-02-09 05:00:00,5,,
2023-02-09 06:00:00,6,,
2023-02-09 07:00:00,7,,
2023-02-09 08:00:00,8,,
2023-02-09 09:00:00,9,,
2023-02-09 10:00:00,10,,
2023-02-09 11:00:00,11,,
2023-02-09 12:00:00,12,,
2023-02-09 13:00:00,13,,
2023-02-09 14:00:00,14,,
2023-02-09 15:00:00,15,,
2023-02-09 16:00:00,16,,
2023-02-09 17:00:00,17,,
2023-02-09 18:00:00,18,,
2023-02-09 19:00:00,19,,
2023-02-09 20:00:00,20,,
2023-02-09 21:00:00,21,,
2023-02-09 22:00:00,22,,
2023-02-09 23:00:00,23,,
2023-02-10 00:00:00,0,,
2023-02-10 01:00:00,1,,
2023-02-10 02:00:00,2,,
2023-02-10 03:00:00,3,,
2023-02-10 04:00:00,4,,
2023-02-10 05:00:00,5,,
2023-02-10 06:00:00,6,,
2023-02-10 07:00:00,7,,
2023-02-10 08:00:00,8,,
2023-02-10 09:00:00,9,,
2023-02-10 10:00:00,10,,
2023-02-10 11:00:00,11,,
2023-02-10 12:00:00,12,,
2023-02-10 13:00:00,13,,
2023-02-10 14:00:00,14,,
2023-02-10 15:00:00,15,,
2023-02-10 16:00:00,16,,
2023-02-10 17:00:00,17,,
2023-02-10 18:00:00,18,,
2023-02-10 19:00:00,19,,
2023-02-10 20:00:00,20,,
2023-02-10 21:00:00,21,,
2023-02-10 22:00:00,22,,
2023-02-10 23:00:00,23,,
2023-02-11 00:00:00,0,,
2023-02-11 01:00:00,1,,
2023-02-11 02:00:00,2,,
2023-02-11 03:00:00,3,,
2023-02-11 04:00:00,4,,
2023-02-11 05:00:00,5,,
2023-02-11 06:00:00,6,,
2023-02-11 07:00:00,7,,
2023-02-11 08:00:00,8,,
2023-02-11 09:00:00,9,,
2023-02-11 10:00:00,10,,
2023-02-11 11:00:00,11,,
2023-02-11 12:00:00,12,,
2023-02-11 13:00:00,13,,
2023-02-11 14:00:00,14,,
2023-02-11 15:00:00,15,,
2023-02-11 16:00:00,16,,
2023-02-11 17:00:00,17,,
2023-02-11 18:00:00,18,,
2023-02-11 19:00:00,19,,
2023-02-11 20:00:00,20,,
2023-02-11 21:00:00,21,,
2023-02-11 22:00:00,22,,
2023-02-11 23:00:00,23,,
2023-02-12 00:00:00,0,,
2023-02-12 01:00:00,1,,
2023-02-12 02:00:00,2,,
2023-02-12 03:00:00,3,,
2023-02-12 04:00:00,4,,
2023-02-12 05:00:00,5,,
2023-02-12 06:00:00,6,,
2023-02-12 07:00:00,7,,
2023-02-12 08:00:00,8,,
2023-02-12 09:00:00,9,,
2023-02-12 10:00:00,10,,
2023-02-12 11:00:00,11,,
2023-02-12 12:00:00,12,,
2023-02-12 13:00:00,13,,
2023-02-12 14:00:00,14,,
2023-02-12 15:00:00,15,,
2023-02-12 16:00:00,16,,
2023-02-12 17:00:00,17,,
2023-02-12 18:00:00,18,,
2023-02-12 19:00:00,19,,
2023-02-12 20:00:00,20,,
2023-02-12 21:00:00,21,,
2023-02-12 22:00:00,22,,
2023-02-12 23:00:00,23,,
2023-02-13 00:00:00,0,,
2023-02-13 01:00:00,1,,
2023-02-13 02:00:00,2,,
2023-02-13 03:00:00,3,,
2023-02-13 04:00:00,4,,
2023-02-13 05:00:00,5,,
2023-02-13 06:00:00,6,,
2023-02-13 07:00:00,7,,
2023-02-13 08:00:00,8,,
2023-02-13 09:00:00,9,,
2023-02-13 10:00:00,10,,
2023-02-13 11:00:00,11,,
2023-02-13 12:00:00,12,,
2023-02-13 13:00:00,13,,
2023-02-13 14:00:00,14,,
2023-02-13 15:00:00,15,,
2023-02-13 16:00:00,16,,
2023-02-13 17:00:00,17,,
2023-02-13 18:00:00,18,,
2023-02-13 19:00:00,19,,
2023-02-13 20:00:00,20,,
2023-02-13 21:00:00,21,,
2023-02-13 22:00:00,22,,
2023-02-13 23:00:00,23,,
2023-02-14 00:00:00,0,,
2023-02-14 01:00:00,1,,
2023-02-14 02:00:00,2,,
2023-02-14 03:00:00,3,,
2023-02-14 04:00:00,4,,
2023-02-14 05:00:00,5,,
2023-02-14 06:00:00,6,,
2023-02-14 07:00:00,7,,
2023-02-14 08:00:00,8,,
2023-02-14 09:00:00,9,,
2023-02-14 10:00:00,10,,
2023-02-14 11:00:00,11,,
2023-02-14 12:00:00,12,,
2023-02-14 13:00:00,13,,
2023-02-14 14:00:00,14,,
2023-02-14 15:00:00,15,,
2023-02-14 16:00:00,16,,
2023-02-14 17:00:00,17,,
2023-02-14 18:00:00,18,,
2023-02-14 19:00:00,19,,
2023-02-14 20:00:00,20,,
2023-02-14 21:00:00,21,,
2023-02-14 22:00:00,22,,
2023-02-14 23:00:00,23,,
2023-02-15 00:00:00,0,,
2023-02-15 01:00:00,1,,
2023-02-15 02:00:00,2,,
2023-02-15 03:00:00,3,,
2023-02-15 04:00:00,4,,
2023-02-15 05:00:00,5,,
2023-02-15 06:00:00,6,,
2023-02-15 07:00:00,7,,
2023-02-15 08:00:00,8,,
2023-02-15 09:00:00,9,,
2023-02-15 10:00:00,10,,
2023-02-15 11:00:00,11,,
2023-02-15 12:00:00,12,,
2023-02-15 13:00:00,13,,
2023-02-15 14:00:00,14,,
2023-02-15 15:00:00,15,,
2023-02-15 16:00:00,16,,
2023-02-15 17:00:00,17,,
2023-02-15 18:00:00,18,,
2023-02-15 19:00:00,19,,
2023-02-15 20:00:00,20,,
2023-02-15 21:00:00,21,,
2023-02-15 22:00:00,22,,
2023-02-15 23:00:00,23,,
2023-02-16 00:00:00,0,,
2023-02-16 01:00:00,1,,
2023-02-16 02:00:00,2,,
2023-02-16 03:00:00,3,,
2023-02-16 04:00:00,4,,
2023-02-16 05:00:00,5,,
2023-02-16 06:00:00,6,,
2023-02-16 07:00:00,7,,
2023-02-16 08:00:00,8,,
2023-02-16 09:00:00,9,,
2023-02-16 10:00:00,10,,
2023-02-16 11:00:00,11,,
2023-02-16 12:00:00,12,,
2023-02-16 13:00:00,13,,
2023-02-16 14:00:00,14,,
2023-02-16 15:00:00,15,,
2023-02-16 16:00:00,16,,
2023-02-16 17:00:00,17,,
2023-02-16 18:00:00,18,,
2023-02-16 19:00:00,19,,
2023-02-16 20:00:00,20,,
2023-02-16 21:00:00,21,,
2023-02-16 22:00:00,22,,
2023-02-16 23:00:00,23,,
2023-02-17 00:00:00,0,,
2023-02-17 01:00:00,1,,
2023-02-17 02:00:00,2,,
2023-02-17 03:00:00,3,,
2023-02-17 04:00:00,4,,
2023-02-17 05:00:00,5,,
2023-02-17 06:00:00,6,,
2023-02-17 07:00:00,7,,
2023-02-17 08:00:00,8,,
2023-02-17 09:00:00,9,,
2023-02-17 10:00:00,10,,
2023-02-17 11:00:00,11,,
2023-02-17 12:00:00,12,,
2023-02-17 13:00:00,13,,
2023-02-17 14:00:00,14,,
2023-02-17 15:00:00,15,,
2023-02-17 16:00:00,16,,
2023-02-17 17:00:00,17,,
2023-02-17 18:00:00,18,,
2023-02-17 19:00:00,19,,
2023-02-17 20:00:00,20,,
2023-02-17 21:00:00,21,,
2023-02-17 22:00:00,22,,
2023-02-17 23:00:00,23,,
2023-02-18 00:00:00,0,,
2023-02-18 01:00:00,1,,
2023-02-18 02:00:00,2,,
2023-02-18 03:00:00,3,,
2023-02-18 04:00:00,4,,
2023-02-18 05:00:00,5,,
2023-02-18 06:00:00,6,,
2023-02-18 07:00:00,7,,
2023-02-18 08:00:00,8,,
2023-02-18 09:00:00,9,,
2023-02-18 10:00:00,10,,
2023-02-18 11:00:00,11,,
2023-02-18 12:00:00,12,,
2023-02-18 13:00:00,13,,
2023-02-18 14:00:00,14,,
2023-02-18 15:00:00,15,,
2023-02-18 16:00:00,16,,
2023-02-18 17:00:00,17,,
2023-02-18 18:00:00,18,,
2023-02-18 19:00:00,19,,
2023-02-18 20:00:00,20,,
2023-02-18 21:00:00,21,,
2023-02-18 22:00:00,22,,
2023-02-18 23:00:00,23,,
2023-02-19 00:00:00,0,,
2023-02-19 01:00:00,1,,
2023-02-19 02:00:00,2,,
2023-02-19 03:00:00,3,,
2023-02-19 04:00:00,4,,
2023-02-19 05:00:00,5,,
2023-02-19 06:00:00,6,,
2023-02-19 07:00:00,7,,
2023-02-19 08:00:00,8,,
2023-02-19 09:00:00,9,,
2023-02-19 10:00:00,10,,
2023-02-19 11:00:00,11,,
2023-02-19 12:00:00,12,,
2023-02-19 13:00:00,13,,
2023-02-19 14:00:00,14,,
2023-02-19 15:00:00,15,,
2023-02-19 16:00:00,16,,
2023-02-19 17:00:00,17,,
2023-02-19 18:00:00,18,,
2023-02-19 19:00:00,19,,
2023-02-19 20:00:00,20,,
2023-02-19 21:00:00,21,,
2023-02-19 22:00:00,22,,
2023-02-19 23:00:00,23,,
2023-02-20 00:00:00,0,,
2023-02-20 01:00:00,1,,
2023-02-20 02:00:00,2,,
2023-02-20 03:00:00,3,,
2023-02-20 04:00:00,4,,
2023-02-20 05:00:00,5,,
2023-02-20 06:00:00,6,,
2023-02-20 07:00:00,7,,
2023-02-20 08:00:00,8,,
2023-02-20 09:00:00,9,,
2023-02-20 10:00:00,10,,
2023-02-20 11:00:00,11,,
2023-02-20 12:00:00,12,,
2023-02-20 13:00:00,13,,
2023-02-20 14:00:00,14,,
2023-02-20 15:00:00,15,,
2023-02-20 16:00:00,16,,
2023-02-20 17:00:00,17,,
2023-02-20 18:00:00,18,,
2023-02-20 19:00:00,19,,
2023-02-20 20:00:00,20,,
2023-02-20 21:00:00,21,,
2023-02-20 22:00:00,22,,
2023-02-20 23:00:00,23,,
2023-02-21 00:00:00,0,,
2023-02-21 01:00:00,1,,
2023-02-21 02:00:00,2,,
2023-02-21 03:00:00,3,,
2023-02-21 04:00:00,4,,
2023-02-21 05:00:00,5,,
2023-02-21 06:00:00,6,,
2023-02-21 07:00:00,7,,
2023-02-21 08:00:00,8,,
2023-02-21 09:00:00,9,,
2023-02-21 10:00:00,10,,
2023-02-21 11:00:00,11,,
2023-02-21 12:00:00,12,,
2023-02-21 13:00:00,13,,
2023-02-21 14:00:00,14,,
2023-02-21 15:00:00,15,,
2023-02-21 16:00:00,16,,
2023-02-21 17:00:00,17,,
2023-02-21 18:00:00,18,,
2023-02-21 19:00:00,19,,
2023-02-21 20:00:00,20,,
2023-02-21 21:00:00,21,,
2023-02-21 22:00:00,22,,
2023-02-21 23:00:00,23,,
2023-02-22 00:00:00,0,,
2023-02-22 01:00:00,1,,
2023-02-22 02:00:00,2,,
2023-02-22 03:00:00,3,,
2023-02-22 04:00:00,4,,
2023-02-22 05:00:00,5,,
2023-02-22 06:00:00,6,,
2023-02-22 07:00:00,7,,
2023-02-22 08:00:00,8,,
2023-02-22 09:00:00,9,,
2023-02-22 10:00:00,10,,
2023-02-22 11:00:00,11,,
2023-02-22 12:00:00,12,,
2023-02-22 13:00:00,13,,
2023-02-22 14:00:00,14,,
2023-02-22 15:00:00,15,,
2023-02-22 16:00:00,16,,
2023-02-22 17:00:00,17,,
2023-02-22 18:00:00,18,,
2023-02-22 19:00:00,19,,
2023-02-22 20:00:00,20,,
2023-02-22 21:00:00,21,,
2023-02-22 22:00:00,22,,
2023-02-22 23:00:00,23,,
2023-02-23 00:00:00,0,,
2023-02-23 01:00:00,1,,
2023-02-23 02:00:00,2,,
2023-02-23 03:00:00,3,,
2023-02-23 04:00:00,4,,
2023-02-23 05:00:00,5,,
2023-02-23 06:00:00,6,,
2023-02-23 07:00:00,7,,
2023-02-23 08:00:00,8,,
2023-02-23 09:00:00,9,,
2023-02-23 10:00:00,10,,
2023-02-23 11:00:00,11,,
2023-02-23 12:00:00,12,,
2023-02-23 13:00:00,13,,
2023-02-23 14:00:00,14,,
2023-02-23 15:00:00,15,,
2023-02-23 16:00:00,16,,
2023-02-23 17:00:00,17,,
2023-02-23 18:00:00,18,,
2023-02-23 19:00:00,19,,
2023-02-23 20:00:00,20,,
2023-02-23 21:00:00,21,,
2023-02-23 22:00:00,22,,
2023-02-23 23:00:00,23,,
2023-02-24 00:00:00,0,,
2023-02-24 01:00:00,1,,
2023-02-24 02:00:00,2,,
2023-02-24 03:00:00,3,,
2023-02-24 04:00:00,4,,
2023-02-24 05:00:00,5,,
2023-02-24 06:00:00,6,,
2023-02-24 07:00:00,7,,
2023-02-24 08:00:00,8,,
2023-02-24 09:00:00,9,,
2023-02-24 10:00:00,10,,
2023-02-24 11:00:00,11,,
2023-02-24 12:00:00,12,,
2023-02-24 13:00:00,13,,
2023-02-24 14:00:00,14,,
2023-02-24 15:00:00,15,,
2023-02-24 16:00:00,16,,
2023-02-24 17:00:00,17,,
2023-02-24 18:00:00,18,,
2023-02-24 19:00:00,19,,
2023-02-24 20:00:00,20,,
2023-02-24 21:00:00,21,,
2023-02-24 22:00:00,22,,
2023-02-24 23:00:00,23,,
2023-02-25 00:00:00,0,,
2023-02-25 01:00:00,1,,
2023-02-25 02:00:00,2,,
2023-02-25 03:00:00,3,,
2023-02-25 04:00:00,4,,
2023-02-25 05:00:00,5,,
2023-02-25 06:00:00,6,,
2023-02-25 07:00:00,7,,
2023-02-25 08:00:00,8,,
2023-02-25 09:00:00,9,,
2023-02-25 10:00:00,10,,
2023-02-25 11:00:00,11,,
2023-02-25 12:00:00,12,,
2023-02-25 13:00:00,13,,
2023-02-25 14:00:00,14,,
2023-02-25 15:00:00,15,,
2023-02-25 16:00:00,16,,
2023-02-25 17:00:00,17,,
2023-02-25 18:00:00,18,,
2023-02-25 19:00:00,19,,
2023-02-25 20:00:00,20,,
2023-02-25 21:00:00,21,,
2023-02-25 22:00:00,22,,
2023-02-25 23:00:00,23,,
2023-02-26 00:00:00,0,,
2023-02-26 01:00:00,1,,
2023-02-26 02:00:00,2,,
2023-02-26 03:00:00,3,,
2023-02-26 04:00:00,4,,
2023-02-26 05:00:00,5,,
2023-02-26 06:00:00,6,,
2023-02-26 07:00:00,7,,
2023-02-26 08:00:00,8,,
2023-02-26 09:00:00,9,,
2023-02-26 10:00:00,10,,
2023-02-26 11:00:00,11,,
2023-02-26 12:00:00,12,,
2023-02-26 13:00:00,13,,
2023-02-26 14:00:00,14,,
2023-02-26 15:00:00,15,,
2023-02-26 16:00:00,16,,
2023-02-26 17:00:00,17,,
2023-02-26 18:00:00,18,,
2023-02-26 19:00:00,19,,
2023-02-26 20:00:00,20,,
2023-02-26 21:00:00,21,,
2023-02-26 22:00:00,22,,
2023-02-26 23:00:00,23,,
2023-02-27 00:00:00,0,,
2023-02-27 01:00:00,1,,
2023-02-27 02:00:00,2,,
2023-02-27 03:00:00,3,,
2023-02-27 04:00:00,4,,
2023-02-27 05:00:00,5,,
2023-02-27 06:00:00,6,,
2023-02-27 07:00:00,7,,
2023-02-27 08:00:00,8,,
2023-02-27 09:00:00,9,,
2023-02-27 10:00:00,10,,
2023-02-27 11:00:00,11,,
2023-02-27 12:00:00,12,,
2023-02-27 13:00:00,13,,
2023-02-27 14:00:00,14,,
2023-02-27 15:00:00,15,,
2023-02-27 16:00:00,16,,
2023-02-27 17:00:00,17,,
2023-02-27 18:00:00,18,,
2023-02-27 19:00:00,19,,
2023-02-27 20:00:00,20,,
2023-02-27 21:00:00,21,,
2023-02-27 22:00:00,22,,
2023-02-27 23:00:00,23,,
2023-02-28 00:00:00,0,,
2023-02-28 01:00:00,1,,
2023-02-28 02:00:00,2,,
2023-02-28 03:00:00,3,,
2023-02-28 04:00:00,4,,
2023-02-28 05:00:00,5,,
2023-02-28 06:00:00,6,,
2023-02-28 07:00:00,7,,
2023-02-28 08:00:00,8,,
2023-02-28 09:00:00,9,,
2023-02-28 10:00:00,10,,
2023-02-28 11:00:00,11,,
2023-02-28 12:00:00,12,,
2023-02-28 13:00:00,13,,
2023-02-28 14:00:00,14,,
2023-02-28 15:00:00,15,,
2023-02-28 16:00:00,16,,
2023-02-28 17:00:00,17,,
2023-02-28 18:00:00,18,,
2023-02-28 19:00:00,19,,
2023-02-28 20:00:00,20,,
2023-02-28 21:00:00,21,,
2023-02-28 22:00:00,22,,
2023-02-28 23:00:00,23,,
2023-03-01 00:00:00,0,,
2023-03-01 01:00:00,1,,
2023-03-01 02:00:00,2,,
2023-03-01 03:00:00,3,,
2023-03-01 04:00:00,4,,
2023-03-01 05:00:00,5,,
2023-03-01 06:00:00,6,,
2023-03-01 07:00:00,7,,
2023-03-01 08:00:00,8,,
2023-03-01 09:00:00,9,,
2023-03-01 10:00:00,10,,
2023-03-01 11:00:00,11,,
2023-03-01 12:00:00,12,,
2023-03-01 13:00:00,13,,
2023-03-01 14:00:00,14,,
2023-03-01 15:00:00,15,2343.2,
2023-03-01 16:00:00,16,,
2023-03-01 17:00:00,17,28.9,
2023-03-01 18:00:00,18,255.5,
2023-03-01 19:00:00,19,1534.8,
2023-03-01 20:00:00,20,1488.3,
2023-03-01 21:00:00,21,521.2,
2023-03-01 22:00:00,22,25.5,
2023-03-01 23:00:00,23,,
2023-03-02 00:00:00,0,,
2023-03-02 01:00:00,1,,
2023-03-02 02:00:00,2,,
2023-03-02 03:00:00,3,,
2023-03-02 04:00:00,4,,
2023-03-02 05:00:00,5,,
2023-03-02 06:00:00,6,,
2023-03-02 07:00:00,7,,
2023-03-02 08:00:00,8,,
2023-03-02 09:00:00,9,,
2023-03-02 10:00:00,10,69.6,
2023-03-02 11:00:00,11,477.7,
2023-03-02 12:00:00,12,678.6,
2023-03-02 13:00:00,13,992.4,
2023-03-02 14:00:00,14,1722.5,
2023-03-02 15:00:00,15,2631.7,
2023-03-02 16:00:00,16,2756.3,
2023-03-02 17:00:00,17,2505.9,
2023-03-02 18:00:00,18,1748.8,
2023-03-02 19:00:00,19,1991.2,
2023-03-02 20:00:00,20,1369.1,
2023-03-02 21:00:00,21,476.9,
2023-03-02 22:00:00,22,17.0,
2023-03-02 23:00:00,23,,
2023-03-03 00:00:00,0,,
2023-03-03 01:00:00,1,,
2023-03-03 02:00:00,2,,
2023-03-03 03:00:00,3,,
2023-03-03 04:00:00,4,,
2023-03-03 05:00:00,5,,
2023-03-03 06:00:00,6,,
2023-03-03 07:00:00,7,,
2023-03-03 08:00:00,8,,
2023-03-03 09:00:00,9,,
2023-03-03 10:00:00,10,86.6,
2023-03-03 11:00:00,11,358.2,
2023-03-03 12:00:00,12,610.3,
2023-03-03 13:00:00,13,559.9,
2023-03-03 14:00:00,14,467.6,
2023-03-03 15:00:00,15,954.5,
2023-03-03 16:00:00,16,1578.4,
2023-03-03 17:00:00,17,1590.4,
2023-03-03 18:00:00,18,2194.8,
2023-03-03 19:00:00,19,2317.9,
2023-03-03 20:00:00,20,1375.8,
2023-03-03 21:00:00,21,548.1,
2023-03-03 22:00:00,22,18.2,
2023-03-03 23:00:00,23,,
2023-03-04 00:00:00,0,,
2023-03-04 01:00:00,1,,
2023-03-04 02:00:00,2,,
2023-03-04 03:00:00,3,,
2023-03-04 04:00:00,4,,
2023-03-04 05:00:00,5,,
2023-03-04 06:00:00,6,,
2023-03-04 07:00:00,7,,
2023-03-04 08:00:00,8,,
2023-03-04 09:00:00,9,,
2023-03-04 10:00:00,10,54.2,
2023-03-04 11:00:00,11,376.9,
2023-03-04 12:00:00,12,1247.4,
2023-03-04 13:00:00,13,2034.8,
2023-03-04 14:00:00,14,2743.4,
2023-03-04 15:00:00,15,2600.2,
2023-03-04 16:00:00,16,3088.7,
2023-03-04 17:00:00,17,2128.2,
2023-03-04 18:00:00,18,1523.9,
2023-03-04 19:00:00,19,1314.8,
2023-03-04 20:00:00,20,1365.9,
2023-03-04 21:00:00,21,575.5,
2023-03-04 22:00:00,22,22.4,
2023-03-04 23:00:00,23,,
2023-03-05 00:00:00,0,,
2023-03-05 01:00:00,1,,
2023-03-05 02:00:00,2,,
2023-03-05 03:00:00,3,,
2023-03-05 04:00:00,4,,
2023-03-05 05:00:00,5,,
2023-03-05 06:00:00,6,,
2023-03-05 07:00:00,7,,
2023-03-05 08:00:00,8,,
2023-03-05 09:00:00,9,,
2023-03-05 10:00:00,10,96.4,
2023-03-05 11:00:00,11,362.7,
2023-03-05 12:00:00,12,1566.9,
2023-03-05 13:00:00,13,2429.6,
2023-03-05 14:00:00,14,1952.3,
2023-03-05 15:00:00,15,2913.1,
2023-03-05 16:00:00,16,2475.4,
2023-03-05 17:00:00,17,2806.6,
2023-03-05 18:00:00,18,2593.9,
2023-03-05 19:00:00,19,1601.5,
2023-03-05 20:00:00,20,1186.5,
2023-03-05 21:00:00,21,419.3,
2023-03-05 22:00:00,22,13.8,
2023-03-05 23:00:00,23,,
2023-03-06 00:00:00,0,2.8,
2023-03-06 01:00:00,1,,
2023-03-06 02:00:00,2,,
2023-03-06 03:00:00,3,,
2023-03-06 04:00:00,4,,
2023-03-06 05:00:00,5,,
2023-03-06 06:00:00,6,,
2023-03-06 07:00:00,7,,
2023-03-06 08:00:00,8,,
2023-03-06 09:00:00,9,,
2023-03-06 10:00:00,10,65.3,
2023-03-06 11:00:00,11,373.4,
2023-03-06 12:00:00,12,1465.2,
2023-03-06 13:00:00,13,2352.4,
2023-03-06 14:00:00,14,2216.8,
2023-03-06 15:00:00,15,2332.7,
2023-03-06 16:00:00,16,2009.9,
2023-03-06 17:00:00,17,2437.4,
2023-03-06 18:00:00,18,2029.6,
2023-03-06 19:00:00,19,2164.1,
2023-03-06 20:00:00,20,1430.8,
2023-03-06 21:00:00,21,522.2,
2023-03-06 22:00:00,22,14.1,
2023-03-06 23:00:00,23,,
2023-03-07 00:00:00,0,,
2023-03-07 01:00:00,1,,
2023-03-07 02:00:00,2,,
2023-03-07 03:00:00,3,,
2023-03-07 04:00:00,4,,
2023-03-07 05:00:00,5,,
2023-03-07 06:00:00,6,,
2023-03-07 07:00:00,7,,
2023-03-07 08:00:00,8,,
2023-03-07 09:00:00,9,,
2023-03-07 10:00:00,10,109.3,
2023-03-07 11:00:00,11,527.2,
2023-03-07 12:00:00,12,913.4,
2023-03-07 13:00:00,13,1250.2,
2023-03-07 14:00:00,14,2042.0,
2023-03-07 15:00:00,15,2876.4,
2023-03-07 16:00:00,16,2979.4,
2023-03-07 17:00:00,17,2523.8,
2023-03-07 18:00:00,18,2172.6,
2023-03-07 19:00:00,19,1790.6,
2023-03-07 20:00:00,20,1313.7,
2023-03-07 21:00:00,21,242.2,
2023-03-07 22:00:00,22,11.8,
2023-03-07 23:00:00,23,,
2023-03-08 00:00:00,0,,
2023-03-08 01:00:00,1,,
2023-03-08 02:00:00,2,,
2023-03-08 03:00:00,3,,
2023-03-08 04:00:00,4,,
2023-03-08 05:00:00,5,,
2023-03-08 06:00:00,6,,
2023-03-08 07:00:00,7,,
2023-03-08 08:00:00,8,,
2023-03-08 09:00:00,9,,
2023-03-08 10:00:00,10,74.7,
2023-03-08 11:00:00,11,426.2,
2023-03-08 12:00:00,12,1350.0,
2023-03-08 13:00:00,13,1804.4,
2023-03-08 14:00:00,14,2335.6,
2023-03-08 15:00:00,15,3308.9,
2023-03-08 16:00:00,16,3095.5,
2023-03-08 17:00:00,17,2533.8,
2023-03-08 18:00:00,18,2181.1,
2023-03-08 19:00:00,19,2035.0,
2023-03-08 20:00:00,20,1033.6,
2023-03-08 21:00:00,21,383.3,
2023-03-08 22:00:00,22,14.8,
2023-03-08 23:00:00,23,,
2023-03-09 00:00:00,0,,
2023-03-09 01:00:00,1,,
2023-03-09 02:00:00,2,,
2023-03-09 03:00:00,3,,
2023-03-09 04:00:00,4,,
2023-03-09 05:00:00,5,,
2023-03-09 06:00:00,6,,
2023-03-09 07:00:00,7,,
2023-03-09 08:00:00,8,,
2023-03-09 09:00:00,9,,
2023-03-09 10:00:00,10,96.2,
2023-03-09 11:00:00,11,489.9,
2023-03-09 12:00:00,12,993.2,
2023-03-09 13:00:00,13,1283.4,
2023-03-09 14:00:00,14,1290.9,
2023-03-09 15:00:00,15,3003.0,
2023-03-09 16:00:00,16,2942.4,
2023-03-09 17:00:00,17,2449.3,
2023-03-09 18:00:00,18,2321.4,
2023-03-09 19:00:00,19,1316.1,
2023-03-09 20:00:00,20,998.9,
2023-03-09 21:00:00,21,284.3,
2023-03-09 22:00:00,22,9.5,
2023-03-09 23:00:00,23,,
2023-03-10 00:00:00,0,3.3,
2023-03-10 01:00:00,1,,
2023-03-10 02:00:00,2,,
2023-03-10 03:00:00,3,0.0,
2023-03-10 04:00:00,4,,
2023-03-10 05:00:00,5,,
2023-03-10 06:00:00,6,,
2023-03-10 07:00:00,7,,
2023-03-10 08:00:00,8,,
2023-03-10 09:00:00,9,,
2023-03-10 10:00:00,10,38.9,
2023-03-10 11:00:00,11,268.7,
2023-03-10 12:00:00,12,603.3,
2023-03-10 13:00:00,13,1278.8,
2023-03-10 14:00:00,14,2306.5,
2023-03-10 15:00:00,15,2201.3,
2023-03-10 16:00:00,16,1664.5,
2023-03-10 17:00:00,17,1886.3,
2023-03-10 18:00:00,18,1613.6,
2023-03-10 19:00:00,19,1973.7,
2023-03-10 20:00:00,20,1696.0,
2023-03-10 21:00:00,21,309.5,
2023-03-10 22:00:00,22,15.8,
2023-03-10 23:00:00,23,,
2023-03-11 00:00:00,0,,
2023-03-11 01:00:00,1,,
2023-03-11 02:00:00,2,,
2023-03-11 03:00:00,3,,
2023-03-11 04:00:00,4,,
2023-03-11 05:00:00,5,,
2023-03-11 06:00:00,6,,
2023-03-11 07:00:00,7,,
2023-03-11 08:00:00,8,,
2023-03-11 09:00:00,9,,
2023-03-11 10:00:00,10,93.0,
2023-03-11 11:00:00,11,564.0,
2023-03-11 12:00:00,12,1173.1,
2023-03-11 13:00:00,13,2400.4,
2023-03-11 14:00:00,14,2437.1,
2023-03-11 15:00:00,15,2475.5,
2023-03-11 16:00:00,16,2699.9,
2023-03-11 17:00:00,17,2762.8,
2023-03-11 18:00:00,18,2516.1,
2023-03-11 19:00:00,19,1927.3,
2023-03-11 20:00:00,20,1383.8,
2023-03-11 21:00:00,21,229.7,
2023-03-11 22:00:00,22,8.8,
2023-03-11 23:00:00,23,,
2023-03-12 00:00:00,0,,
2023-03-12 01:00:00,1,,
2023-03-12 02:00:00,2,,
2023-03-12 03:00:00,3,,
2023-03-12 04:00:00,4,,
2023-03-12 05:00:00,5,,
2023-03-12 06:00:00,6,,
2023-03-12 07:00:00,7,,
2023-03-12 08:00:00,8,,
2023-03-12 09:00:00,9,,
2023-03-12 10:00:00,10,46.1,
2023-03-12 11:00:00,11,362.3,
2023-03-12 12:00:00,12,1053.1,
2023-03-12 13:00:00,13,2018.7,
2023-03-12 14:00:00,14,1643.9,
2023-03-12 15:00:00,15,2948.2,
2023-03-12 16:00:00,16,2731.0,
2023-03-12 17:00:00,17,2474.1,
2023-03-12 18:00:00,18,2750.1,
2023-03-12 19:00:00,19,2373.8,
2023-03-12 20:00:00,20,1043.2,
2023-03-12 21:00:00,21,139.4,
2023-03-12 22:00:00,22,5.0,
2023-03-12 23:00:00,23,1.9,
2023-03-13 00:00:00,0,0.0,
2023-03-13 01:00:00,1,1.4,
2023-03-13 02:00:00,2,0.4,
2023-03-13 03:00:00,3,,
2023-03-13 04:00:00,4,,
2023-03-13 05:00:00,5,,
2023-03-13 06:00:00,6,,
2023-03-13 07:00:00,7,,
2023-03-13 08:00:00,8,,
2023-03-13 09:00:00,9,,
2023-03-13 10:00:00,10,21.5,
2023-03-13 11:00:00,11,392.5,
2023-03-13 12:00:00,12,579.1,
2023-03-13 13:00:00,13,888.9,
2023-03-13 14:00:00,14,825.5,
2023-03-13 15:00:00,15,858.6,
2023-03-13 16:00:00,16,726.2,
2023-03-13 17:00:00,17,1282.8,
2023-03-13 18:00:00,18,966.3,
2023-03-13 19:00:00,19,1197.7,
2023-03-13 20:00:00,20,839.3,
2023-03-13 21:00:00,21,466.9,
2023-03-13 22:00:00,22,16.1,
2023-03-13 23:00:00,23,,
2023-03-14 00:00:00,0,,
2023-03-14 01:00:00,1,,
2023-03-14 02:00:00,2,,
2023-03-14 03:00:00,3,,
2023-03-14 04:00:00,4,,
2023-03-14 05:00:00,5,0.1,
2023-03-14 06:00:00,6,0.3,
2023-03-14 07:00:00,7,,
2023-03-14 08:00:00,8,,
2023-03-14 09:00:00,9,0.3,
2023-03-14 10:00:00,10,177.5,
2023-03-14 11:00:00,11,928.3,
2023-03-14 12:00:00,12,1001.7,
2023-03-14 13:00:00,13,1453.0,
2023-03-14 14:00:00,14,1897.0,
2023-03-14 15:00:00,15,2453.3,
2023-03-14 16:00:00,16,2812.9,
2023-03-14 17:00:00,17,3465.0,
2023-03-14 18:00:00,18,2546.0,
2023-03-14 19:00:00,19,1842.1,
2023-03-14 20:00:00,20,1298.3,
2023-03-14 21:00:00,21,314.0,
2023-03-14 22:00:00,22,3.8,
2023-03-14 23:00:00,23,,
2023-03-15 00:00:00,0,,
2023-03-15 01:00:00,1,,
2023-03-15 02:00:00,2,,
2023-03-15 03:00:00,3,0.4,
2023-03-15 04:00:00,4,,
2023-03-15 05:00:00,5,,
2023-03-15 06:00:00,6,,
2023-03-15 07:00:00,7,,
2023-03-15 08:00:00,8,,
2023-03-15 09:00:00,9,,
2023-03-15 10:00:00,10,33.5,
2023-03-15 11:00:00,11,188.2,
2023-03-15 12:00:00,12,608.3,
2023-03-15 13:00:00,13,894.3,
2023-03-15 14:00:00,14,1077.0,
2023-03-15 15:00:00,15,1245.0,
2023-03-15 16:00:00,16,1415.3,
2023-03-15 17:00:00,17,1774.4,
2023-03-15 18:00:00,18,2213.2,
2023-03-15 19:00:00,19,1278.6,
2023-03-15 20:00:00,20,951.1,
2023-03-15 21:00:00,21,323.9,
2023-03-15 22:00:00,22,10.3,
2023-03-15 23:00:00,23,,
2023-03-16 00:00:00,0,,
2023-03-16 01:00:00,1,,
2023-03-16 02:00:00,2,,
2023-03-16 03:00:00,3,,
2023-03-16 04:00:00,4,,
2023-03-16 05:00:00,5,,
2023-03-16 06:00:00,6,,
2023-03-16 07:00:00,7,,
2023-03-16 08:00:00,8,,
2023-03-16 09:00:00,9,,
2023-03-16 10:00:00,10,64.8,
2023-03-16 11:00:00,11,287.1,
2023-03-16 12:00:00,12,805.9,
2023-03-16 13:00:00,13,2157.7,
2023-03-16 14:00:00,14,2665.6,
2023-03-16 15:00:00,15,2353.6,
2023-03-16 16:00:00,16,2768.5,
2023-03-16 17:00:00,17,3485.2,
2023-03-16 18:00:00,18,2133.5,
2023-03-16 19:00:00,19,1405.7,
2023-03-16 20:00:00,20,1102.7,
2023-03-16 21:00:00,21,172.0,
2023-03-16 22:00:00,22,6.4,
2023-03-16 23:00:00,23,,
2023-03-17 00:00:00,0,,
2023-03-17 01:00:00,1,,
2023-03-17 02:00:00,2,,
2023-03-17 03:00:00,3,,
2023-03-17 04:00:00,4,,
2023-03-17 05:00:00,5,,
2023-03-17 06:00:00,6,,
2023-03-17 07:00:00,7,,
2023-03-17 08:00:00,8,0.2,
2023-03-17 09:00:00,9,,
2023-03-17 10:00:00,10,24.5,
2023-03-17 11:00:00,11,114.0,
2023-03-17 12:00:00,12,212.2,
2023-03-17 13:00:00,13,396.6,
2023-03-17 14:00:00,14,779.4,
2023-03-17 15:00:00,15,1049.2,
2023-03-17 16:00:00,16,1691.8,
2023-03-17 17:00:00,17,2063.2,
2023-03-17 18:00:00,18,842.6,
2023-03-17 19:00:00,19,304.5,
2023-03-17 20:00:00,20,102.9,
2023-03-17 21:00:00,21,66.1,
2023-03-17 22:00:00,22,2.4,
2023-03-17 23:00:00,23,,
2023-03-18 00:00:00,0,,
2023-03-18 01:00:00,1,,
2023-03-18 02:00:00,2,,
2023-03-18 03:00:00,3,,
2023-03-18 04:00:00,4,,
2023-03-18 05:00:00,5,0.7,
2023-03-18 06:00:00,6,0.0,
2023-03-18 07:00:00,7,,
2023-03-18 08:00:00,8,,
2023-03-18 09:00:00,9,,
2023-03-18 10:00:00,10,43.2,
2023-03-18 11:00:00,11,437.0,
2023-03-18 12:00:00,12,1987.5,
2023-03-18 13:00:00,13,2303.5,
2023-03-18 14:00:00,14,2943.3,
2023-03-18 15:00:00,15,3018.0,
2023-03-18 16:00:00,16,2346.3,
2023-03-18 17:00:00,17,1729.4,
2023-03-18 18:00:00,18,1867.0,
2023-03-18 19:00:00,19,1609.7,
2023-03-18 20:00:00,20,853.2,
2023-03-18 21:00:00,21,397.5,
2023-03-18 22:00:00,22,32.1,
2023-03-18 23:00:00,23,,
2023-03-19 00:00:00,0,,
2023-03-19 01:00:00,1,,
2023-03-19 02:00:00,2,,
2023-03-19 03:00:00,3,,
2023-03-19 04:00:00,4,,
2023-03-19 05:00:00,5,,
2023-03-19 06:00:00,6,,
2023-03-19 07:00:00,7,,
2023-03-19 08:00:00,8,,
2023-03-19 09:00:00,9,0.4,
2023-03-19 10:00:00,10,135.4,
2023-03-19 11:00:00,11,389.9,
2023-03-19 12:00:00,12,1320.6,
2023-03-19 13:00:00,13,1564.4,
2023-03-19 14:00:00,14,2386.5,
2023-03-19 15:00:00,15,2492.5,
2023-03-19 16:00:00,16,1626.4,
2023-03-19 17:00:00,17,2385.6,
2023-03-19 18:00:00,18,1472.6,
2023-03-19 19:00:00,19,1018.2,
2023-03-19 20:00:00,20,191.0,
2023-03-19 21:00:00,21,89.7,
2023-03-19 22:00:00,22,4.5,
2023-03-19 23:00:00,23,,
2023-03-20 00:00:00,0,,
2023-03-20 01:00:00,1,0.2,
2023-03-20 02:00:00,2,,
2023-03-20 03:00:00,3,,
2023-03-20 04:00:00,4,,
2023-03-20 05:00:00,5,,
2023-03-20 06:00:00,6,,
2023-03-20 07:00:00,7,,
2023-03-20 08:00:00,8,,
2023-03-20 09:00:00,9,,
2023-03-20 10:00:00,10,51.0,
2023-03-20 11:00:00,11,219.1,
2023-03-20 12:00:00,12,423.0,
2023-03-20 13:00:00,13,1028.0,
2023-03-20 14:00:00,14,1623.7,
2023-03-20 15:00:00,15,1480.5,
2023-03-20 16:00:00,16,2538.1,
2023-03-20 17:00:00,17,2984.0,
2023-03-20 18:00:00,18,3029.0,
2023-03-20 19:00:00,19,2271.1,
2023-03-20 20:00:00,20,770.1,
2023-03-20 21:00:00,21,57.2,
2023-03-20 22:00:00,22,0.2,
2023-03-20 23:00:00,23,,
2023-03-21 00:00:00,0,,
2023-03-21 01:00:00,1,,
2023-03-21 02:00:00,2,,
2023-03-21 03:00:00,3,,
2023-03-21 04:00:00,4,,
2023-03-21 05:00:00,5,,
2023-03-21 06:00:00,6,,
2023-03-21 07:00:00,7,,
2023-03-21 08:00:00,8,,
2023-03-21 09:00:00,9,,
2023-03-21 10:00:00,10,46.2,
2023-03-21 11:00:00,11,256.9,
2023-03-21 12:00:00,12,294.1,
2023-03-21 13:00:00,13,780.0,
2023-03-21 14:00:00,14,967.5,
2023-03-21 15:00:00,15,1558.0,
2023-03-21 16:00:00,16,2142.1,
2023-03-21 17:00:00,17,2625.4,
2023-03-21 18:00:00,18,1195.9,
2023-03-21 19:00:00,19,1116.3,
2023-03-21 20:00:00,20,1231.5,
2023-03-21 21:00:00,21,397.7,
2023-03-21 22:00:00,22,4.4,
2023-03-21 23:00:00,23,0.0,
2023-03-22 00:00:00,0,,
2023-03-22 01:00:00,1,,
2023-03-22 02:00:00,2,,
2023-03-22 03:00:00,3,,
2023-03-22 04:00:00,4,,
2023-03-22 05:00:00,5,,
2023-03-22 06:00:00,6,,
2023-03-22 07:00:00,7,,
2023-03-22 08:00:00,8,,
2023-03-22 09:00:00,9,,
2023-03-22 10:00:00,10,99.1,
2023-03-22 11:00:00,11,603.9,
2023-03-22 12:00:00,12,1167.5,
2023-03-22 13:00:00,13,1893.1,
2023-03-22 14:00:00,14,2325.0,
2023-03-22 15:00:00,15,1486.6,
2023-03-22 16:00:00,16,2518.4,
2023-03-22 17:00:00,17,2852.2,
2023-03-22 18:00:00,18,906.0,
2023-03-22 19:00:00,19,173.7,
2023-03-22 20:00:00,20,196.6,
2023-03-22 21:00:00,21,180.3,
2023-03-22 22:00:00,22,6.9,
2023-03-22 23:00:00,23,,
2023-03-23 00:00:00,0,,
2023-03-23 01:00:00,1,,
2023-03-23 02:00:00,2,,
2023-03-23 03:00:00,3,,
2023-03-23 04:00:00,4,,
2023-03-23 05:00:00,5,,
2023-03-23 06:00:00,6,,
2023-03-23 07:00:00,7,,
2023-03-23 08:00:00,8,,
2023-03-23 09:00:00,9,,
2023-03-23 10:00:00,10,110.5,
2023-03-23 11:00:00,11,538.9,
2023-03-23 12:00:00,12,1696.4,
2023-03-23 13:00:00,13,2587.6,
2023-03-23 14:00:00,14,3619.3,
2023-03-23 15:00:00,15,3754.6,
2023-03-23 16:00:00,16,3075.7,
2023-03-23 17:00:00,17,2297.4,
2023-03-23 18:00:00,18,1676.4,
2023-03-23 19:00:00,19,578.7,
2023-03-23 20:00:00,20,328.5,
2023-03-23 21:00:00,21,109.9,
2023-03-23 22:00:00,22,2.1,
2023-03-23 23:00:00,23,,
2023-03-24 00:00:00,0,,
2023-03-24 01:00:00,1,,
2023-03-24 02:00:00,2,,
2023-03-24 03:00:00,3,,
2023-03-24 04:00:00,4,,
2023-03-24 05:00:00,5,,
2023-03-24 06:00:00,6,,
2023-03-24 07:00:00,7,,
2023-03-24 08:00:00,8,,
2023-03-24 09:00:00,9,,
2023-03-24 10:00:00,10,95.6,
2023-03-24 11:00:00,11,491.6,
2023-03-24 12:00:00,12,1395.6,
2023-03-24 13:00:00,13,1921.9,
2023-03-24 14:00:00,14,2163.2,
2023-03-24 15:00:00,15,1317.1,
2023-03-24 16:00:00,16,1362.1,
2023-03-24 17:00:00,17,2614.7,
2023-03-24 18:00:00,18,1011.2,
2023-03-24 19:00:00,19,433.1,
2023-03-24 20:00:00,20,105.2,
2023-03-24 21:00:00,21,55.9,
2023-03-24 22:00:00,22,1.3,
2023-03-24 23:00:00,23,,
2023-03-25 00:00:00,0,,
2023-03-25 01:00:00,1,,
2023-03-25 02:00:00,2,,
2023-03-25 03:00:00,3,,
2023-03-25 04:00:00,4,,
2023-03-25 05:00:00,5,,
2023-03-25 06:00:00,6,,
2023-03-25 07:00:00,7,,
2023-03-25 08:00:00,8,,
2023-03-25 09:00:00,9,,
2023-03-25 10:00:00,10,102.2,
2023-03-25 11:00:00,11,406.5,
2023-03-25 12:00:00,12,1086.5,
2023-03-25 13:00:00,13,1701.7,
2023-03-25 14:00:00,14,2059.2,
2023-03-25 15:00:00,15,2191.7,
2023-03-25 16:00:00,16,3281.6,
2023-03-25 17:00:00,17,2603.5,
2023-03-25 18:00:00,18,2520.8,
2023-03-25 19:00:00,19,2070.2,
2023-03-25 20:00:00,20,1177.9,
2023-03-25 21:00:00,21,176.2,
2023-03-25 22:00:00,22,2.3,
2023-03-25 23:00:00,23,,
2023-03-26 00:00:00,0,,
2023-03-26 01:00:00,1,,
2023-03-26 02:00:00,2,,
2023-03-26 03:00:00,3,,
2023-03-26 04:00:00,4,1.2,
2023-03-26 05:00:00,5,,
2023-03-26 06:00:00,6,,
2023-03-26 07:00:00,7,,
2023-03-26 08:00:00,8,,
2023-03-26 09:00:00,9,,
2023-03-26 10:00:00,10,46.5,
2023-03-26 11:00:00,11,427.7,
2023-03-26 12:00:00,12,1697.0,
2023-03-26 13:00:00,13,2307.3,
2023-03-26 14:00:00,14,2592.6,
2023-03-26 15:00:00,15,2204.8,
2023-03-26 16:00:00,16,3720.1,
2023-03-26 17:00:00,17,3692.2,
2023-03-26 18:00:00,18,3098.9,
2023-03-26 19:00:00,19,2274.0,
2023-03-26 20:00:00,20,1356.5,
2023-03-26 21:00:00,21,301.1,
2023-03-26 22:00:00,22,6.2,
2023-03-26 23:00:00,23,,
2023-03-27 00:00:00,0,2.9,
2023-03-27 01:00:00,1,0.3,
2023-03-27 02:00:00,2,,
2023-03-27 03:00:00,3,,
2023-03-27 04:00:00,4,,
2023-03-27 05:00:00,5,,
2023-03-27 06:00:00,6,,
2023-03-27 07:00:00,7,,
2023-03-27 08:00:00,8,,
2023-03-27 09:00:00,9,,
2023-03-27 10:00:00,10,93.5,
2023-03-27 11:00:00,11,468.8,
2023-03-27 12:00:00,12,865.4,
2023-03-27 13:00:00,13,1942.6,
2023-03-27 14:00:00,14,2201.6,
2023-03-27 15:00:00,15,2651.8,
2023-03-27 16:00:00,16,3426.7,
2023-03-27 17:00:00,17,2937.7,
2023-03-27 18:00:00,18,915.7,
2023-03-27 19:00:00,19,1194.5,
2023-03-27 20:00:00,20,1173.6,
2023-03-27 21:00:00,21,395.4,
2023-03-27 22:00:00,22,2.8,
2023-03-27 23:00:00,23,,
2023-03-28 00:00:00,0,,
2023-03-28 01:00:00,1,,
2023-03-28 02:00:00,2,,
2023-03-28 03:00:00,3,,
2023-03-28 04:00:00,4,,
2023-03-28 05:00:00,5,,
2023-03-28 06:00:00,6,,
2023-03-28 07:00:00,7,,
2023-03-28 08:00:00,8,,
2023-03-28 09:00:00,9,,
2023-03-28 10:00:00,10,28.4,
2023-03-28 11:00:00,11,103.3,
2023-03-28 12:00:00,12,244.4,
2023-03-28 13:00:00,13,1305.5,
2023-03-28 14:00:00,14,2272.5,
2023-03-28 15:00:00,15,1184.3,
2023-03-28 16:00:00,16,1229.1,
2023-03-28 17:00:00,17,663.4,
2023-03-28 18:00:00,18,2505.3,
2023-03-28 19:00:00,19,1871.8,
2023-03-28 20:00:00,20,1450.5,
2023-03-28 21:00:00,21,230.2,
2023-03-28 22:00:00,22,2.0,
2023-03-28 23:00:00,23,,
2023-03-29 00:00:00,0,,
2023-03-29 01:00:00,1,,
2023-03-29 02:00:00,2,0.8,
2023-03-29 03:00:00,3,,
2023-03-29 04:00:00,4,,
2023-03-29 05:00:00,5,,
2023-03-29 06:00:00,6,,
2023-03-29 07:00:00,7,,
2023-03-29 08:00:00,8,,
2023-03-29 09:00:00,9,,
2023-03-29 10:00:00,10,74.1,
2023-03-29 11:00:00,11,404.2,
2023-03-29 12:00:00,12,1157.0,
2023-03-29 13:00:00,13,2419.9,
2023-03-29 14:00:00,14,2843.2,
2023-03-29 15:00:00,15,2206.0,
2023-03-29 16:00:00,16,1975.2,
2023-03-29 17:00:00,17,2213.8,
2023-03-29 18:00:00,18,2733.6,
2023-03-29 19:00:00,19,2074.1,
2023-03-29 20:00:00,20,1039.7,
2023-03-29 21:00:00,21,354.6,
2023-03-29 22:00:00,22,4.4,
2023-03-29 23:00:00,23,,
2023-03-30 00:00:00,0,,
2023-03-30 01:00:00,1,,
2023-03-30 02:00:00,2,,
2023-03-30 03:00:00,3,,
2023-03-30 04:00:00,4,,
2023-03-30 05:00:00,5,,
2023-03-30 06:00:00,6,,
2023-03-30 07:00:00,7,0.0,
2023-03-30 08:00:00,8,,
2023-03-30 09:00:00,9,0.6,
2023-03-30 10:00:00,10,68.3,
2023-03-30 11:00:00,11,356.9,
2023-03-30 12:00:00,12,896.9,
2023-03-30 13:00:00,13,1868.5,
2023-03-30 14:00:00,14,1222.2,
2023-03-30 15:00:00,15,2126.8,
2023-03-30 16:00:00,16,3208.1,
2023-03-30 17:00:00,17,3140.2,
2023-03-30 18:00:00,18,2874.4,
2023-03-30 19:00:00,19,578.3,
2023-03-30 20:00:00,20,234.7,
2023-03-30 21:00:00,21,56.0,
2023-03-30 22:00:00,22,0.2,
2023-03-30 23:00:00,23,,
2023-03-31 00:00:00,0,,
2023-03-31 01:00:00,1,,
2023-03-31 02:00:00,2,,
2023-03-31 03:00:00,3,,
2023-03-31 04:00:00,4,,
2023-03-31 05:00:00,5,,
2023-03-31 06:00:00,6,,
2023-03-31 07:00:00,7,,
2023-03-31 08:00:00,8,,
2023-03-31 09:00:00,9,,
2023-03-31 10:00:00,10,45.4,
2023-03-31 11:00:00,11,543.5,
2023-03-31 12:00:00,12,810.3,
2023-03-31 13:00:00,13,1708.5,
2023-03-31 14:00:00,14,1496.5,
2023-03-31 15:00:00,15,1015.1,
2023-03-31 16:00:00,16,1861.8,
2023-03-31 17:00:00,17,1912.1,
2023-03-31 18:00:00,18,1845.6,
2023-03-31 19:00:00,19,1250.7,
2023-03-31 20:00:00,20,732.1,
2023-03-31 21:00:00,21,193.6,
2023-03-31 22:00:00,22,1.2,
2023-03-31 23:00:00,23,,
2023-04-01 00:00:00,0,1.0,
2023-04-01 01:00:00,1,,
2023-04-01 02:00:00,2,,
2023-04-01 03:00:00,3,,
2023-04-01 04:00:00,4,,
2023-04-01 05:00:00,5,,
2023-04-01 06:00:00,6,,
2023-04-01 07:00:00,7,,
2023-04-01 08:00:00,8,,
2023-04-01 09:00:00,9,,
2023-04-01 10:00:00,10,16.6,
2023-04-01 11:00:00,11,72.8,
2023-04-01 12:00:00,12,414.8,
2023-04-01 13:00:00,13,1080.0,
2023-04-01 14:00:00,14,2647.4,
2023-04-01 15:00:00,15,2510.6,
2023-04-01 16:00:00,16,2785.8,
2023-04-01 17:00:00,17,2028.7,
2023-04-01 18:00:00,18,2180.0,
2023-04-01 19:00:00,19,1868.2,
2023-04-01 20:00:00,20,1406.0,
2023-04-01 21:00:00,21,269.4,
2023-04-01 22:00:00,22,0.6,
2023-04-01 23:00:00,23,,
2023-04-02 00:00:00,0,,
2023-04-02 01:00:00,1,,
2023-04-02 02:00:00,2,,
2023-04-02 03:00:00,3,,
2023-04-02 04:00:00,4,,
2023-04-02 05:00:00,5,,
2023-04-02 06:00:00,6,,
2023-04-02 07:00:00,7,,
2023-04-02 08:00:00,8,,
2023-04-02 09:00:00,9,,
2023-04-02 10:00:00,10,130.8,
2023-04-02 11:00:00,11,445.9,
2023-04-02 12:00:00,12,1626.5,
2023-04-02 13:00:00,13,2220.4,
2023-04-02 14:00:00,14,3025.7,
2023-04-02 15:00:00,15,2971.2,
2023-04-02 16:00:00,16,3481.6,
2023-04-02 17:00:00,17,2591.1,
2023-04-02 18:00:00,18,2923.6,
2023-04-02 19:00:00,19,1874.2,
2023-04-02 20:00:00,20,256.4,
2023-04-02 21:00:00,21,150.3,
2023-04-02 22:00:00,22,2.3,
2023-04-02 23:00:00,23,0.3,
2023-04-03 00:00:00,0,0.0,
2023-04-03 01:00:00,1,0.0,
2023-04-03 02:00:00,2,0.0,
2023-04-03 03:00:00,3,0.0,
2023-04-03 04:00:00,4,0.3,
2023-04-03 05:00:00,5,,
2023-04-03 06:00:00,6,,
2023-04-03 07:00:00,7,,
2023-04-03 08:00:00,8,,
2023-04-03 09:00:00,9,,
2023-04-03 10:00:00,10,94.9,
2023-04-03 11:00:00,11,461.1,
2023-04-03 12:00:00,12,1047.5,
2023-04-03 13:00:00,13,2385.6,
2023-04-03 14:00:00,14,3085.2,
2023-04-03 15:00:00,15,3055.2,
2023-04-03 16:00:00,16,2791.1,
2023-04-03 17:00:00,17,2775.7,
2023-04-03 18:00:00,18,2205.8,
2023-04-03 19:00:00,19,1952.3,
2023-04-03 20:00:00,20,1373.4,
2023-04-03 21:00:00,21,164.4,
2023-04-03 22:00:00,22,0.2,
2023-04-03 23:00:00,23,,
2023-04-04 00:00:00,0,,
2023-04-04 01:00:00,1,,
2023-04-04 02:00:00,2,,
2023-04-04 03:00:00,3,,
2023-04-04 04:00:00,4,,
2023-04-04 05:00:00,5,,
2023-04-04 06:00:00,6,,
2023-04-04 07:00:00,7,,
2023-04-04 08:00:00,8,,
2023-04-04 09:00:00,9,1.7,
2023-04-04 10:00:00,10,34.5,
2023-04-04 11:00:00,11,285.6,
2023-04-04 12:00:00,12,661.4,
2023-04-04 13:00:00,13,981.8,
2023-04-04 14:00:00,14,1104.7,
2023-04-04 15:00:00,15,1067.6,
2023-04-04 16:00:00,16,1497.8,
2023-04-04 17:00:00,17,1245.2,
2023-04-04 18:00:00,18,989.3,
2023-04-04 19:00:00,19,837.3,
2023-04-04 20:00:00,20,659.7,
2023-04-04 21:00:00,21,211.6,
2023-04-04 22:00:00,22,0.6,
2023-04-04 23:00:00,23,,
2023-04-05 00:00:00,0,,
2023-04-05 01:00:00,1,,
2023-04-05 02:00:00,2,,
2023-04-05 03:00:00,3,,
2023-04-05 04:00:00,4,,
2023-04-05 05:00:00,5,,
2023-04-05 06:00:00,6,,
2023-04-05 07:00:00,7,,
2023-04-05 08:00:00,8,,
2023-04-05 09:00:00,9,,
2023-04-05 10:00:00,10,112.0,
2023-04-05 11:00:00,11,485.2,
2023-04-05 12:00:00,12,898.9,
2023-04-05 13:00:00,13,1356.7,
2023-04-05 14:00:00,14,1655.8,
2023-04-05 15:00:00,15,3082.8,
2023-04-05 16:00:00,16,2975.8,
2023-04-05 17:00:00,17,2585.5,
2023-04-05 18:00:00,18,1453.0,
2023-04-05 19:00:00,19,2308.4,
2023-04-05 20:00:00,20,1194.5,
2023-04-05 21:00:00,21,243.2,
2023-04-05 22:00:00,22,1.2,
2023-04-05 23:00:00,23,,
2023-04-06 00:00:00,0,,
2023-04-06 01:00:00,1,2.4,
2023-04-06 02:00:00,2,,
2023-04-06 03:00:00,3,,
2023-04-06 04:00:00,4,,
2023-04-06 05:00:00,5,,
2023-04-06 06:00:00,6,,
2023-04-06 07:00:00,7,,
2023-04-06 08:00:00,8,,
2023-04-06 09:00:00,9,,
2023-04-06 10:00:00,10,161.2,
2023-04-06 11:00:00,11,610.9,
2023-04-06 12:00:00,12,1736.9,
2023-04-06 13:00:00,13,1232.9,
2023-04-06 14:00:00,14,1997.7,
2023-04-06 15:00:00,15,2205.8,
2023-04-06 16:00:00,16,2194.5,
2023-04-06 17:00:00,17,2629.8,
2023-04-06 18:00:00,18,2019.5,
2023-04-06 19:00:00,19,1560.9,
2023-04-06 20:00:00,20,1031.5,
2023-04-06 21:00:00,21,462.5,
2023-04-06 22:00:00,22,7.3,
2023-04-06 23:00:00,23,1.1,
2023-04-07 00:00:00,0,3.3,
2023-04-07 01:00:00,1,,
2023-04-07 02:00:00,2,,
2023-04-07 03:00:00,3,,
2023-04-07 04:00:00,4,,
2023-04-07 05:00:00,5,,
2023-04-07 06:00:00,6,,
2023-04-07 07:00:00,7,,
2023-04-07 08:00:00,8,,
2023-04-07 09:00:00,9,,
2023-04-07 10:00:00,10,85.3,
2023-04-07 11:00:00,11,461.0,
2023-04-07 12:00:00,12,822.2,
2023-04-07 13:00:00,13,1775.7,
2023-04-07 14:00:00,14,1455.6,
2023-04-07 15:00:00,15,2224.0,
2023-04-07 16:00:00,16,1493.9,
2023-04-07 17:00:00,17,514.8,
2023-04-07 18:00:00,18,191.6,
2023-04-07 19:00:00,19,495.5,
2023-04-07 20:00:00,20,745.8,
2023-04-07 21:00:00,21,160.9,
2023-04-07 22:00:00,22,2.9,
2023-04-07 23:00:00,23,,
2023-04-08 00:00:00,0,,
2023-04-08 01:00:00,1,,
2023-04-08 02:00:00,2,,
2023-04-08 03:00:00,3,,
2023-04-08 04:00:00,4,,
2023-04-08 05:00:00,5,0.5,
2023-04-08 06:00:00,6,0.2,
2023-04-08 07:00:00,7,,
2023-04-08 08:00:00,8,0.3,
2023-04-08 09:00:00,9,0.3,
2023-04-08 10:00:00,10,62.3,
2023-04-08 11:00:00,11,224.2,
2023-04-08 12:00:00,12,624.4,
2023-04-08 13:00:00,13,1230.3,
2023-04-08 14:00:00,14,1760.9,
2023-04-08 15:00:00,15,1542.8,
2023-04-08 16:00:00,16,1026.3,
2023-04-08 17:00:00,17,1421.8,
2023-04-08 18:00:00,18,2564.9,
2023-04-08 19:00:00,19,2119.9,
2023-04-08 20:00:00,20,1259.0,
2023-04-08 21:00:00,21,233.0,
2023-04-08 22:00:00,22,5.4,
2023-04-08 23:00:00,23,,
2023-04-09 00:00:00,0,,
2023-04-09 01:00:00,1,,
2023-04-09 02:00:00,2,,
2023-04-09 03:00:00,3,,
2023-04-09 04:00:00,4,,
2023-04-09 05:00:00,5,0.6,
2023-04-09 06:00:00,6,0.7,
2023-04-09 07:00:00,7,0.0,
2023-04-09 08:00:00,8,,
2023-04-09 09:00:00,9,,
2023-04-09 10:00:00,10,103.4,
2023-04-09 11:00:00,11,475.1,
2023-04-09 12:00:00,12,1016.2,
2023-04-09 13:00:00,13,2749.0,
2023-04-09 14:00:00,14,2888.2,
2023-04-09 15:00:00,15,2306.2,
2023-04-09 16:00:00,16,3354.5,
2023-04-09 17:00:00,17,3200.0,
2023-04-09 18:00:00,18,2775.4,
2023-04-09 19:00:00,19,1816.4,
2023-04-09 20:00:00,20,845.9,
2023-04-09 21:00:00,21,191.2,
2023-04-09 22:00:00,22,0.0,
2023-04-09 23:00:00,23,,
2023-04-10 00:00:00,0,,
2023-04-10 01:00:00,1,,
2023-04-10 02:00:00,2,,
2023-04-10 03:00:00,3,,
2023-04-10 04:00:00,4,,
2023-04-10 05:00:00,5,,
2023-04-10 06:00:00,6,,
2023-04-10 07:00:00,7,,
2023-04-10 08:00:00,8,,
2023-04-10 09:00:00,9,,
2023-04-10 10:00:00,10,104.3,
2023-04-10 11:00:00,11,182.7,
2023-04-10 12:00:00,12,1742.1,
2023-04-10 13:00:00,13,2047.8,
2023-04-10 14:00:00,14,1731.8,
2023-04-10 15:00:00,15,1809.2,
2023-04-10 16:00:00,16,1837.9,
2023-04-10 17:00:00,17,1685.1,
2023-04-10 18:00:00,18,1891.5,
2023-04-10 19:00:00,19,1338.2,
2023-04-10 20:00:00,20,563.3,
2023-04-10 21:00:00,21,149.7,
2023-04-10 22:00:00,22,,
2023-04-10 23:00:00,23,,
2023-04-11 00:00:00,0,,
2023-04-11 01:00:00,1,,
2023-04-11 02:00:00,2,0.1,
2023-04-11 03:00:00,3,,
2023-04-11 04:00:00,4,,
2023-04-11 05:00:00,5,,
2023-04-11 06:00:00,6,,
2023-04-11 07:00:00,7,,
2023-04-11 08:00:00,8,,
2023-04-11 09:00:00,9,0.5,
2023-04-11 10:00:00,10,137.6,
2023-04-11 11:00:00,11,596.6,
2023-04-11 12:00:00,12,1350.5,
2023-04-11 13:00:00,13,1436.2,
2023-04-11 14:00:00,14,1569.1,
2023-04-11 15:00:00,15,2997.6,
2023-04-11 16:00:00,16,2641.8,
2023-04-11 17:00:00,17,1798.1,
2023-04-11 18:00:00,18,1762.8,
2023-04-11 19:00:00,19,1165.8,
2023-04-11 20:00:00,20,132.1,
2023-04-11 21:00:00,21,57.2,
2023-04-11 22:00:00,22,1.3,
2023-04-11 23:00:00,23,,
2023-04-12 00:00:00,0,,
2023-04-12 01:00:00,1,,
2023-04-12 02:00:00,2,,
2023-04-12 03:00:00,3,,
2023-04-12 04:00:00,4,,
2023-04-12 05:00:00,5,,
2023-04-12 06:00:00,6,,
2023-04-12 07:00:00,7,,
2023-04-12 08:00:00,8,,
2023-04-12 09:00:00,9,,
2023-04-12 10:00:00,10,151.4,
2023-04-12 11:00:00,11,302.7,
2023-04-12 12:00:00,12,1569.2,
2023-04-12 13:00:00,13,2270.4,
2023-04-12 14:00:00,14,1641.5,
2023-04-12 15:00:00,15,1708.9,
2023-04-12 16:00:00,16,1318.5,
2023-04-12 17:00:00,17,1292.6,
2023-04-12 18:00:00,18,2142.3,
2023-04-12 19:00:00,19,2000.5,
2023-04-12 20:00:00,20,1623.7,
2023-04-12 21:00:00,21,172.2,
2023-04-12 22:00:00,22,,
2023-04-12 23:00:00,23,,
2023-04-13 00:00:00,0,,
2023-04-13 01:00:00,1,,
2023-04-13 02:00:00,2,,
2023-04-13 03:00:00,3,,
2023-04-13 04:00:00,4,,
2023-04-13 05:00:00,5,,
2023-04-13 06:00:00,6,,
2023-04-13 07:00:00,7,,
2023-04-13 08:00:00,8,,
2023-04-13 09:00:00,9,,
2023-04-13 10:00:00,10,87.5,
2023-04-13 11:00:00,11,403.3,
2023-04-13 12:00:00,12,1260.3,
2023-04-13 13:00:00,13,1503.3,
2023-04-13 14:00:00,14,2359.6,
2023-04-13 15:00:00,15,1770.9,
2023-04-13 16:00:00,16,2780.1,
2023-04-13 17:00:00,17,1170.5,
2023-04-13 18:00:00,18,661.7,
2023-04-13 19:00:00,19,202.4,
2023-04-13 20:00:00,20,181.5,
2023-04-13 21:00:00,21,73.4,
2023-04-13 22:00:00,22,0.6,
2023-04-13 23:00:00,23,,
2023-04-14 00:00:00,0,,
2023-04-14 01:00:00,1,,
2023-04-14 02:00:00,2,0.1,
2023-04-14 03:00:00,3,,
2023-04-14 04:00:00,4,,
2023-04-14 05:00:00,5,,
2023-04-14 06:00:00,6,,
2023-04-14 07:00:00,7,,
2023-04-14 08:00:00,8,,
2023-04-14 09:00:00,9,,
2023-04-14 10:00:00,10,151.9,
2023-04-14 11:00:00,11,586.6,
2023-04-14 12:00:00,12,1058.9,
2023-04-14 13:00:00,13,2088.8,
2023-04-14 14:00:00,14,2440.3,
2023-04-14 15:00:00,15,2578.6,
2023-04-14 16:00:00,16,3026.1,
2023-04-14 17:00:00,17,1808.1,
2023-04-14 18:00:00,18,2738.2,
2023-04-14 19:00:00,19,1987.7,
2023-04-14 20:00:00,20,480.2,
2023-04-14 21:00:00,21,170.0,
2023-04-14 22:00:00,22,,
2023-04-14 23:00:00,23,,
2023-04-15 00:00:00,0,,
2023-04-15 01:00:00,1,,
2023-04-15 02:00:00,2,,
2023-04-15 03:00:00,3,,
2023-04-15 04:00:00,4,,
2023-04-15 05:00:00,5,,
2023-04-15 06:00:00,6,,
2023-04-15 07:00:00,7,,
2023-04-15 08:00:00,8,,
2023-04-15 09:00:00,9,,
2023-04-15 10:00:00,10,114.6,
2023-04-15 11:00:00,11,657.0,
2023-04-15 12:00:00,12,1611.7,
2023-04-15 13:00:00,13,2011.4,
2023-04-15 14:00:00,14,2129.8,
2023-04-15 15:00:00,15,1634.3,
2023-04-15 16:00:00,16,1303.7,
2023-04-15 17:00:00,17,3308.9,
2023-04-15 18:00:00,18,327.5,
2023-04-15 19:00:00,19,138.3,
2023-04-15 20:00:00,20,160.2,
2023-04-15 21:00:00,21,100.3,
2023-04-15 22:00:00,22,1.4,
2023-04-15 23:00:00,23,0.6,
2023-04-16 00:00:00,0,,
2023-04-16 01:00:00,1,,
2023-04-16 02:00:00,2,2.4,
2023-04-16 03:00:00,3,1.0,
2023-04-16 04:00:00,4,,
2023-04-16 05:00:00,5,,
2023-04-16 06:00:00,6,,
2023-04-16 07:00:00,7,,
2023-04-16 08:00:00,8,,
2023-04-16 09:00:00,9,,
2023-04-16 10:00:00,10,83.2,
2023-04-16 11:00:00,11,396.9,
2023-04-16 12:00:00,12,712.4,
2023-04-16 13:00:00,13,1432.8,
2023-04-16 14:00:00,14,2318.1,
2023-04-16 15:00:00,15,2360.1,
2023-04-16 16:00:00,16,1280.5,
2023-04-16 17:00:00,17,1370.9,
2023-04-16 18:00:00,18,1893.7,
2023-04-16 19:00:00,19,2015.4,
2023-04-16 20:00:00,20,1200.7,
2023-04-16 21:00:00,21,159.0,
2023-04-16 22:00:00,22,,
2023-04-16 23:00:00,23,,
2023-04-17 00:00:00,0,,
2023-04-17 01:00:00,1,,
2023-04-17 02:00:00,2,,
2023-04-17 03:00:00,3,,
2023-04-17 04:00:00,4,,
2023-04-17 05:00:00,5,,
2023-04-17 06:00:00,6,,
2023-04-17 07:00:00,7,,
2023-04-17 08:00:00,8,,
2023-04-17 09:00:00,9,,
2023-04-17 10:00:00,10,106.4,
2023-04-17 11:00:00,11,293.6,
2023-04-17 12:00:00,12,1670.6,
2023-04-17 13:00:00,13,2146.7,
2023-04-17 14:00:00,14,2610.6,
2023-04-17 15:00:00,15,2547.4,
2023-04-17 16:00:00,16,2893.0,
2023-04-17 17:00:00,17,2990.7,
2023-04-17 18:00:00,18,2449.0,
2023-04-17 19:00:00,19,1325.0,
2023-04-17 20:00:00,20,1135.3,
2023-04-17 21:00:00,21,149.2,
2023-04-17 22:00:00,22,,
2023-04-17 23:00:00,23,,
2023-04-18 00:00:00,0,,
2023-04-18 01:00:00,1,,
2023-04-18 02:00:00,2,,
2023-04-18 03:00:00,3,,
2023-04-18 04:00:00,4,,
2023-04-18 05:00:00,5,,
2023-04-18 06:00:00,6,,
2023-04-18 07:00:00,7,,
2023-04-18 08:00:00,8,,
2023-04-18 09:00:00,9,,
2023-04-18 10:00:00,10,101.4,
2023-04-18 11:00:00,11,552.2,
2023-04-18 12:00:00,12,861.5,
2023-04-18 13:00:00,13,1556.5,
2023-04-18 14:00:00,14,1598.6,
2023-04-18 15:00:00,15,2772.9,
2023-04-18 16:00:00,16,1287.7,
2023-04-18 17:00:00,17,2145.4,
2023-04-18 18:00:00,18,2460.3,
2023-04-18 19:00:00,19,1511.0,
2023-04-18 20:00:00,20,341.8,
2023-04-18 21:00:00,21,150.1,
2023-04-18 22:00:00,22,,
2023-04-18 23:00:00,23,,
2023-04-19 00:00:00,0,,
2023-04-19 01:00:00,1,,
2023-04-19 02:00:00,2,,
2023-04-19 03:00:00,3,,
2023-04-19 04:00:00,4,,
2023-04-19 05:00:00,5,,
2023-04-19 06:00:00,6,0.0,
2023-04-19 07:00:00,7,,
2023-04-19 08:00:00,8,,
2023-04-19 09:00:00,9,,
2023-04-19 10:00:00,10,87.2,
2023-04-19 11:00:00,11,349.9,
2023-04-19 12:00:00,12,671.9,
2023-04-19 13:00:00,13,2204.2,
2023-04-19 14:00:00,14,1939.1,
2023-04-19 15:00:00,15,1766.2,
2023-04-19 16:00:00,16,2009.9,
2023-04-19 17:00:00,17,1931.0,
2023-04-19 18:00:00,18,1248.3,
2023-04-19 19:00:00,19,719.0,
2023-04-19 20:00:00,20,420.0,
2023-04-19 21:00:00,21,128.3,
2023-04-19 22:00:00,22,0.9,
2023-04-19 23:00:00,23,,
2023-04-20 00:00:00,0,,
2023-04-20 01:00:00,1,,
2023-04-20 02:00:00,2,,
2023-04-20 03:00:00,3,,
2023-04-20 04:00:00,4,,
2023-04-20 05:00:00,5,,
2023-04-20 06:00:00,6,,
2023-04-20 07:00:00,7,,
2023-04-20 08:00:00,8,,
2023-04-20 09:00:00,9,0.8,
2023-04-20 10:00:00,10,82.4,
2023-04-20 11:00:00,11,500.1,
2023-04-20 12:00:00,12,1211.8,
2023-04-20 13:00:00,13,1287.4,
2023-04-20 14:00:00,14,2236.9,
2023-04-20 15:00:00,15,2416.3,
2023-04-20 16:00:00,16,3165.4,
2023-04-20 17:00:00,17,2186.6,
2023-04-20 18:00:00,18,2206.2,
2023-04-20 19:00:00,19,1510.4,
2023-04-20 20:00:00,20,485.8,
2023-04-20 21:00:00,21,158.5,
2023-04-20 22:00:00,22,,
2023-04-20 23:00:00,23,,
2023-04-21 00:00:00,0,,
2023-04-21 01:00:00,1,,
2023-04-21 02:00:00,2,,
2023-04-21 03:00:00,3,,
2023-04-21 04:00:00,4,,
2023-04-21 05:00:00,5,,
2023-04-21 06:00:00,6,,
2023-04-21 07:00:00,7,,
2023-04-21 08:00:00,8,,
2023-04-21 09:00:00,9,0.9,
2023-04-21 10:00:00,10,151.4,
2023-04-21 11:00:00,11,256.4,
2023-04-21 12:00:00,12,1106.5,
2023-04-21 13:00:00,13,1645.7,
2023-04-21 14:00:00,14,2338.6,
2023-04-21 15:00:00,15,2918.8,
2023-04-21 16:00:00,16,2761.9,
2023-04-21 17:00:00,17,2953.1,
2023-04-21 18:00:00,18,2560.3,
2023-04-21 19:00:00,19,1967.7,
2023-04-21 20:00:00,20,1136.0,
2023-04-21 21:00:00,21,143.4,
2023-04-21 22:00:00,22,,
2023-04-21 23:00:00,23,,
2023-04-22 00:00:00,0,,
2023-04-22 01:00:00,1,,
2023-04-22 02:00:00,2,,
2023-04-22 03:00:00,3,,
2023-04-22 04:00:00,4,,
2023-04-22 05:00:00,5,,
2023-04-22 06:00:00,6,,
2023-04-22 07:00:00,7,,
2023-04-22 08:00:00,8,,
2023-04-22 09:00:00,9,,
2023-04-22 10:00:00,10,79.6,
2023-04-22 11:00:00,11,465.3,
2023-04-22 12:00:00,12,911.9,
2023-04-22 13:00:00,13,1586.2,
2023-04-22 14:00:00,14,1912.1,
2023-04-22 15:00:00,15,2413.4,
2023-04-22 16:00:00,16,2947.3,
2023-04-22 17:00:00,17,3068.6,
2023-04-22 18:00:00,18,2627.9,
2023-04-22 19:00:00,19,1717.5,
2023-04-22 20:00:00,20,1063.8,
2023-04-22 21:00:00,21,178.8,
2023-04-22 22:00:00,22,,
2023-04-22 23:00:00,23,,
2023-04-23 00:00:00,0,,
2023-04-23 01:00:00,1,,
2023-04-23 02:00:00,2,,
2023-04-23 03:00:00,3,,
2023-04-23 04:00:00,4,,
2023-04-23 05:00:00,5,,
2023-04-23 06:00:00,6,,
2023-04-23 07:00:00,7,,
2023-04-23 08:00:00,8,,
2023-04-23 09:00:00,9,,
2023-04-23 10:00:00,10,129.2,
2023-04-23 11:00:00,11,450.1,
2023-04-23 12:00:00,12,1671.3,
2023-04-23 13:00:00,13,1986.4,
2023-04-23 14:00:00,14,2412.7,
2023-04-23 15:00:00,15,3238.9,
2023-04-23 16:00:00,16,3147.1,
2023-04-23 17:00:00,17,3052.2,
2023-04-23 18:00:00,18,2322.8,
2023-04-23 19:00:00,19,1834.9,
2023-04-23 20:00:00,20,623.0,
2023-04-23 21:00:00,21,126.9,
2023-04-23 22:00:00,22,,
2023-04-23 23:00:00,23,,
2023-04-24 00:00:00,0,,
2023-04-24 01:00:00,1,,
2023-04-24 02:00:00,2,,
2023-04-24 03:00:00,3,,
2023-04-24 04:00:00,4,,
2023-04-24 05:00:00,5,,
2023-04-24 06:00:00,6,,
2023-04-24 07:00:00,7,,
2023-04-24 08:00:00,8,,
2023-04-24 09:00:00,9,,
2023-04-24 10:00:00,10,160.6,
2023-04-24 11:00:00,11,535.6,
2023-04-24 12:00:00,12,1716.7,
2023-04-24 13:00:00,13,2511.5,
2023-04-24 14:00:00,14,2909.0,
2023-04-24 15:00:00,15,3498.3,
2023-04-24 16:00:00,16,3253.8,
2023-04-24 17:00:00,17,2869.3,
2023-04-24 18:00:00,18,1703.4,
2023-04-24 19:00:00,19,1097.6,
2023-04-24 20:00:00,20,618.3,
2023-04-24 21:00:00,21,129.6,
2023-04-24 22:00:00,22,,
2023-04-24 23:00:00,23,,
2023-04-25 00:00:00,0,,
2023-04-25 01:00:00,1,,
2023-04-25 02:00:00,2,,
2023-04-25 03:00:00,3,,
2023-04-25 04:00:00,4,,
2023-04-25 05:00:00,5,,
2023-04-25 06:00:00,6,,
2023-04-25 07:00:00,7,,
2023-04-25 08:00:00,8,,
2023-04-25 09:00:00,9,,
2023-04-25 10:00:00,10,192.8,
2023-04-25 11:00:00,11,596.7,
2023-04-25 12:00:00,12,1374.7,
2023-04-25 13:00:00,13,2394.9,
2023-04-25 14:00:00,14,2939.6,
2023-04-25 15:00:00,15,2910.0,
2023-04-25 16:00:00,16,2393.9,
2023-04-25 17:00:00,17,1578.8,
2023-04-25 18:00:00,18,2329.5,
2023-04-25 19:00:00,19,1230.9,
2023-04-25 20:00:00,20,678.5,
2023-04-25 21:00:00,21,88.6,
2023-04-25 22:00:00,22,,
2023-04-25 23:00:00,23,,
2023-04-26 00:00:00,0,,
2023-04-26 01:00:00,1,,
2023-04-26 02:00:00,2,,
2023-04-26 03:00:00,3,,
2023-04-26 04:00:00,4,,
2023-04-26 05:00:00,5,,
2023-04-26 06:00:00,6,,
2023-04-26 07:00:00,7,,
2023-04-26 08:00:00,8,,
2023-04-26 09:00:00,9,,
2023-04-26 10:00:00,10,100.4,
2023-04-26 11:00:00,11,352.7,
2023-04-26 12:00:00,12,1610.5,
2023-04-26 13:00:00,13,1384.6,
2023-04-26 14:00:00,14,1931.9,
2023-04-26 15:00:00,15,2482.5,
2023-04-26 16:00:00,16,2098.7,
2023-04-26 17:00:00,17,1759.5,
2023-04-26 18:00:00,18,1498.3,
2023-04-26 19:00:00,19,1301.1,
2023-04-26 20:00:00,20,929.2,
2023-04-26 21:00:00,21,209.3,
2023-04-26 22:00:00,22,,
2023-04-26 23:00:00,23,,
2023-04-27 00:00:00,0,,
2023-04-27 01:00:00,1,,
2023-04-27 02:00:00,2,,
2023-04-27 03:00:00,3,,
2023-04-27 04:00:00,4,,
2023-04-27 05:00:00,5,,
2023-04-27 06:00:00,6,,
2023-04-27 07:00:00,7,,
2023-04-27 08:00:00,8,,
2023-04-27 09:00:00,9,,
2023-04-27 10:00:00,10,95.5,
2023-04-27 11:00:00,11,299.9,
2023-04-27 12:00:00,12,793.0,
2023-04-27 13:00:00,13,1044.9,
2023-04-27 14:00:00,14,1281.4,
2023-04-27 15:00:00,15,1122.5,
2023-04-27 16:00:00,16,1707.1,
2023-04-27 17:00:00,17,2084.8,
2023-04-27 18:00:00,18,2094.1,
2023-04-27 19:00:00,19,943.2,
2023-04-27 20:00:00,20,166.1,
2023-04-27 21:00:00,21,48.7,
2023-04-27 22:00:00,22,,
2023-04-27 23:00:00,23,,
2023-04-28 00:00:00,0,,
2023-04-28 01:00:00,1,,
2023-04-28 02:00:00,2,,
2023-04-28 03:00:00,3,,
2023-04-28 04:00:00,4,,
2023-04-28 05:00:00,5,,
2023-04-28 06:00:00,6,,
2023-04-28 07:00:00,7,,
2023-04-28 08:00:00,8,,
2023-04-28 09:00:00,9,,
2023-04-28 10:00:00,10,61.5,
2023-04-28 11:00:00,11,207.0,
2023-04-28 12:00:00,12,557.4,
2023-04-28 13:00:00,13,1936.1,
2023-04-28 14:00:00,14,2059.1,
2023-04-28 15:00:00,15,2826.3,
2023-04-28 16:00:00,16,1656.9,
2023-04-28 17:00:00,17,2264.8,
2023-04-28 18:00:00,18,2326.6,
2023-04-28 19:00:00,19,1489.0,
2023-04-28 20:00:00,20,534.3,
2023-04-28 21:00:00,21,143.0,
2023-04-28 22:00:00,22,,
2023-04-28 23:00:00,23,,
2023-04-29 00:00:00,0,,
2023-04-29 01:00:00,1,,
2023-04-29 02:00:00,2,,
2023-04-29 03:00:00,3,,
2023-04-29 04:00:00,4,,
2023-04-29 05:00:00,5,,
2023-04-29 06:00:00,6,,
2023-04-29 07:00:00,7,,
2023-04-29 08:00:00,8,,
2023-04-29 09:00:00,9,,
2023-04-29 10:00:00,10,123.4,
2023-04-29 11:00:00,11,272.6,
2023-04-29 12:00:00,12,1508.0,
2023-04-29 13:00:00,13,1677.8,
2023-04-29 14:00:00,14,1640.6,
2023-04-29 15:00:00,15,1913.2,
2023-04-29 16:00:00,16,1841.8,
2023-04-29 17:00:00,17,2147.6,
2023-04-29 18:00:00,18,1384.1,
2023-04-29 19:00:00,19,1294.0,
2023-04-29 20:00:00,20,823.8,
2023-04-29 21:00:00,21,105.5,
2023-04-29 22:00:00,22,,
2023-04-29 23:00:00,23,,
2023-04-30 00:00:00,0,,
2023-04-30 01:00:00,1,2.0,
2023-04-30 02:00:00,2,,
2023-04-30 03:00:00,3,,
2023-04-30 04:00:00,4,,
2023-04-30 05:00:00,5,,
2023-04-30 06:00:00,6,,
2023-04-30 07:00:00,7,,
2023-04-30 08:00:00,8,,
2023-04-30 09:00:00,9,0.5,
2023-04-30 10:00:00,10,176.1,
2023-04-30 11:00:00,11,396.7,
2023-04-30 12:00:00,12,975.1,
2023-04-30 13:00:00,13,1635.9,
2023-04-30 14:00:00,14,2058.7,
2023-04-30 15:00:00,15,2074.3,
2023-04-30 16:00:00,16,2218.8,
2023-04-30 17:00:00,17,1512.0,
2023-04-30 18:00:00,18,1402.9,
2023-04-30 19:00:00,19,1722.5,
2023-04-30 20:00:00,20,787.9,
2023-04-30 21:00:00,21,152.7,
2023-04-30 22:00:00,22,,
2023-04-30 23:00:00,23,,
2023-05-01 00:00:00,0,,
2023-05-01 01:00:00,1,0.4,
2023-05-01 02:00:00,2,,
2023-05-01 03:00:00,3,,
2023-05-01 04:00:00,4,,
2023-05-01 05:00:00,5,,
2023-05-01 06:00:00,6,,
2023-05-01 07:00:00,7,,
2023-05-01 08:00:00,8,,
2023-05-01 09:00:00,9,0.3,
2023-05-01 10:00:00,10,114.8,
2023-05-01 11:00:00,11,540.5,
2023-05-01 12:00:00,12,989.9,
2023-05-01 13:00:00,13,2079.1,
2023-05-01 14:00:00,14,2286.6,
2023-05-01 15:00:00,15,2179.8,
2023-05-01 16:00:00,16,2092.2,
2023-05-01 17:00:00,17,1195.3,
2023-05-01 18:00:00,18,973.1,
2023-05-01 19:00:00,19,1549.2,
2023-05-01 20:00:00,20,248.1,
2023-05-01 21:00:00,21,41.1,
2023-05-01 22:00:00,22,,
2023-05-01 23:00:00,23,,
2023-05-02 00:00:00,0,,
2023-05-02 01:00:00,1,,
2023-05-02 02:00:00,2,,
2023-05-02 03:00:00,3,,
2023-05-02 04:00:00,4,,
2023-05-02 05:00:00,5,0.0,
2023-05-02 06:00:00,6,,
2023-05-02 07:00:00,7,0.3,
2023-05-02 08:00:00,8,,
2023-05-02 09:00:00,9,,
2023-05-02 10:00:00,10,118.5,
2023-05-02 11:00:00,11,556.2,
2023-05-02 12:00:00,12,1001.5,
2023-05-02 13:00:00,13,1392.6,
2023-05-02 14:00:00,14,2418.6,
2023-05-02 15:00:00,15,3055.1,
2023-05-02 16:00:00,16,3090.4,
2023-05-02 17:00:00,17,2308.4,
2023-05-02 18:00:00,18,669.0,
2023-05-02 19:00:00,19,142.3,
2023-05-02 20:00:00,20,142.1,
2023-05-02 21:00:00,21,51.9,
2023-05-02 22:00:00,22,,
2023-05-02 23:00:00,23,,
2023-05-03 00:00:00,0,,
2023-05-03 01:00:00,1,,
2023-05-03 02:00:00,2,,
2023-05-03 03:00:00,3,,
2023-05-03 04:00:00,4,,
2023-05-03 05:00:00,5,,
2023-05-03 06:00:00,6,,
2023-05-03 07:00:00,7,,
2023-05-03 08:00:00,8,,
2023-05-03 09:00:00,9,,
2023-05-03 10:00:00,10,147.6,
2023-05-03 11:00:00,11,495.9,
2023-05-03 12:00:00,12,1481.3,
2023-05-03 13:00:00,13,1337.7,
2023-05-03 14:00:00,14,1152.3,
2023-05-03 15:00:00,15,2135.5,
2023-05-03 16:00:00,16,2636.9,
2023-05-03 17:00:00,17,3037.8,
2023-05-03 18:00:00,18,2374.7,
2023-05-03 19:00:00,19,1804.2,
2023-05-03 20:00:00,20,904.2,
2023-05-03 21:00:00,21,54.5,
2023-05-03 22:00:00,22,,
2023-05-03 23:00:00,23,0.8,
2023-05-04 00:00:00,0,0.6,
2023-05-04 01:00:00,1,,
2023-05-04 02:00:00,2,,
2023-05-04 03:00:00,3,,
2023-05-04 04:00:00,4,,
2023-05-04 05:00:00,5,,
2023-05-04 06:00:00,6,,
2023-05-04 07:00:00,7,,
2023-05-04 08:00:00,8,,
2023-05-04 09:00:00,9,,
2023-05-04 10:00:00,10,136.1,
2023-05-04 11:00:00,11,688.7,
2023-05-04 12:00:00,12,1532.9,
2023-05-04 13:00:00,13,1483.6,
2023-05-04 14:00:00,14,1200.5,
2023-05-04 15:00:00,15,2837.2,
2023-05-04 16:00:00,16,3117.5,
2023-05-04 17:00:00,17,1175.8,
2023-05-04 18:00:00,18,1565.6,
2023-05-04 19:00:00,19,754.3,
2023-05-04 20:00:00,20,467.0,
2023-05-04 21:00:00,21,54.3,
2023-05-04 22:00:00,22,,
2023-05-04 23:00:00,23,,
2023-05-05 00:00:00,0,,
2023-05-05 01:00:00,1,,
2023-05-05 02:00:00,2,,
2023-05-05 03:00:00,3,,
2023-05-05 04:00:00,4,,
2023-05-05 05:00:00,5,,
2023-05-05 06:00:00,6,,
2023-05-05 07:00:00,7,,
2023-05-05 08:00:00,8,,
2023-05-05 09:00:00,9,,
2023-05-05 10:00:00,10,110.7,
2023-05-05 11:00:00,11,524.8,
2023-05-05 12:00:00,12,1212.6,
2023-05-05 13:00:00,13,1506.6,
2023-05-05 14:00:00,14,2636.9,
2023-05-05 15:00:00,15,2397.2,
2023-05-05 16:00:00,16,3004.7,
2023-05-05 17:00:00,17,3019.9,
2023-05-05 18:00:00,18,2401.9,
2023-05-05 19:00:00,19,1912.5,
2023-05-05 20:00:00,20,1026.8,
2023-05-05 21:00:00,21,127.2,
2023-05-05 22:00:00,22,,
2023-05-05 23:00:00,23,,
2023-05-06 00:00:00,0,,
2023-05-06 01:00:00,1,,
2023-05-06 02:00:00,2,,
2023-05-06 03:00:00,3,,
2023-05-06 04:00:00,4,,
2023-05-06 05:00:00,5,,
2023-05-06 06:00:00,6,,
2023-05-06 07:00:00,7,,
2023-05-06 08:00:00,8,,
2023-05-06 09:00:00,9,,
2023-05-06 10:00:00,10,84.5,
2023-05-06 11:00:00,11,388.2,
2023-05-06 12:00:00,12,1129.9,
2023-05-06 13:00:00,13,2147.8,
2023-05-06 14:00:00,14,1908.2,
2023-05-06 15:00:00,15,3045.9,
2023-05-06 16:00:00,16,2599.5,
2023-05-06 17:00:00,17,2608.2,
2023-05-06 18:00:00,18,2405.8,
2023-05-06 19:00:00,19,1913.2,
2023-05-06 20:00:00,20,820.4,
2023-05-06 21:00:00,21,157.5,
2023-05-06 22:00:00,22,0.8,
2023-05-06 23:00:00,23,,
2023-05-07 00:00:00,0,,
2023-05-07 01:00:00,1,,
2023-05-07 02:00:00,2,,
2023-05-07 03:00:00,3,,
2023-05-07 04:00:00,4,,
2023-05-07 05:00:00,5,,
2023-05-07 06:00:00,6,,
2023-05-07 07:00:00,7,,
2023-05-07 08:00:00,8,,
2023-05-07 09:00:00,9,,
2023-05-07 10:00:00,10,75.4,
2023-05-07 11:00:00,11,470.9,
2023-05-07 12:00:00,12,1100.8,
2023-05-07 13:00:00,13,2442.1,
2023-05-07 14:00:00,14,3151.7,
2023-05-07 15:00:00,15,3093.9,
2023-05-07 16:00:00,16,3167.6,
2023-05-07 17:00:00,17,2947.5,
2023-05-07 18:00:00,18,2455.3,
2023-05-07 19:00:00,19,1678.2,
2023-05-07 20:00:00,20,1032.2,
2023-05-07 21:00:00,21,105.9,
2023-05-07 22:00:00,22,,
2023-05-07 23:00:00,23,,
2023-05-08 00:00:00,0,,
2023-05-08 01:00:00,1,,
2023-05-08 02:00:00,2,,
2023-05-08 03:00:00,3,,
2023-05-08 04:00:00,4,,
2023-05-08 05:00:00,5,,
2023-05-08 06:00:00,6,,
2023-05-08 07:00:00,7,,
2023-05-08 08:00:00,8,,
2023-05-08 09:00:00,9,,
2023-05-08 10:00:00,10,97.0,
2023-05-08 11:00:00,11,541.3,
2023-05-08 12:00:00,12,1233.1,
2023-05-08 13:00:00,13,1637.8,
2023-05-08 14:00:00,14,2111.6,
2023-05-08 15:00:00,15,3112.9,
2023-05-08 16:00:00,16,3158.7,
2023-05-08 17:00:00,17,2585.3,
2023-05-08 18:00:00,18,2406.1,
2023-05-08 19:00:00,19,1562.3,
2023-05-08 20:00:00,20,1023.7,
2023-05-08 21:00:00,21,121.6,
2023-05-08 22:00:00,22,,
2023-05-08 23:00:00,23,,
2023-05-09 00:00:00,0,,
2023-05-09 01:00:00,1,,
2023-05-09 02:00:00,2,,
2023-05-09 03:00:00,3,,
2023-05-09 04:00:00,4,,
2023-05-09 05:00:00,5,,
2023-05-09 06:00:00,6,,
2023-05-09 07:00:00,7,,
2023-05-09 08:00:00,8,,
2023-05-09 09:00:00,9,,
2023-05-09 10:00:00,10,111.2,
2023-05-09 11:00:00,11,518.3,
2023-05-09 12:00:00,12,1662.9,
2023-05-09 13:00:00,13,1877.8,
2023-05-09 14:00:00,14,2870.8,
2023-05-09 15:00:00,15,2975.4,
2023-05-09 16:00:00,16,3157.0,
2023-05-09 17:00:00,17,2962.2,
2023-05-09 18:00:00,18,1640.3,
2023-05-09 19:00:00,19,1687.9,
2023-05-09 20:00:00,20,790.3,
2023-05-09 21:00:00,21,122.6,
2023-05-09 22:00:00,22,,
2023-05-09 23:00:00,23,,
2023-05-10 00:00:00,0,,
2023-05-10 01:00:00,1,,
2023-05-10 02:00:00,2,,
2023-05-10 03:00:00,3,,
2023-05-10 04:00:00,4,,
2023-05-10 05:00:00,5,,
2023-05-10 06:00:00,6,,
2023-05-10 07:00:00,7,,
2023-05-10 08:00:00,8,,
2023-05-10 09:00:00,9,0.7,
2023-05-10 10:00:00,10,70.7,
2023-05-10 11:00:00,11,326.2,
2023-05-10 12:00:00,12,577.6,
2023-05-10 13:00:00,13,1139.3,
2023-05-10 14:00:00,14,2763.8,
2023-05-10 15:00:00,15,2742.1,
2023-05-10 16:00:00,16,2682.6,
2023-05-10 17:00:00,17,2197.9,
2023-05-10 18:00:00,18,1955.1,
2023-05-10 19:00:00,19,1573.9,
2023-05-10 20:00:00,20,948.8,
2023-05-10 21:00:00,21,97.0,
2023-05-10 22:00:00,22,,
2023-05-10 23:00:00,23,,
2023-05-11 00:00:00,0,,
2023-05-11 01:00:00,1,,
2023-05-11 02:00:00,2,,
2023-05-11 03:00:00,3,,
2023-05-11 04:00:00,4,,
2023-05-11 05:00:00,5,,
2023-05-11 06:00:00,6,,
2023-05-11 07:00:00,7,,
2023-05-11 08:00:00,8,,
2023-05-11 09:00:00,9,0.6,
2023-05-11 10:00:00,10,123.9,
2023-05-11 11:00:00,11,448.6,
2023-05-11 12:00:00,12,1212.2,
2023-05-11 13:00:00,13,2058.4,
2023-05-11 14:00:00,14,2289.5,
2023-05-11 15:00:00,15,1992.4,
2023-05-11 16:00:00,16,1878.8,
2023-05-11 17:00:00,17,2182.5,
2023-05-11 18:00:00,18,2502.5,
2023-05-11 19:00:00,19,1777.4,
2023-05-11 20:00:00,20,584.7,
2023-05-11 21:00:00,21,124.0,
2023-05-11 22:00:00,22,,
2023-05-11 23:00:00,23,,
2023-05-12 00:00:00,0,,
2023-05-12 01:00:00,1,,
2023-05-12 02:00:00,2,,
2023-05-12 03:00:00,3,,
2023-05-12 04:00:00,4,,
2023-05-12 05:00:00,5,,
2023-05-12 06:00:00,6,,
2023-05-12 07:00:00,7,,
2023-05-12 08:00:00,8,,
2023-05-12 09:00:00,9,,
2023-05-12 10:00:00,10,80.5,
2023-05-12 11:00:00,11,512.7,
2023-05-12 12:00:00,12,1107.4,
2023-05-12 13:00:00,13,2084.6,
2023-05-12 14:00:00,14,2705.9,
2023-05-12 15:00:00,15,1953.6,
2023-05-12 16:00:00,16,2713.7,
2023-05-12 17:00:00,17,1627.0,
2023-05-12 18:00:00,18,2380.0,
2023-05-12 19:00:00,19,1528.3,
2023-05-12 20:00:00,20,1139.9,
2023-05-12 21:00:00,21,145.3,
2023-05-12 22:00:00,22,,
2023-05-12 23:00:00,23,,
2023-05-13 00:00:00,0,,
2023-05-13 01:00:00,1,,
2023-05-13 02:00:00,2,,
2023-05-13 03:00:00,3,,
2023-05-13 04:00:00,4,,
2023-05-13 05:00:00,5,,
2023-05-13 06:00:00,6,,
2023-05-13 07:00:00,7,,
2023-05-13 08:00:00,8,,
2023-05-13 09:00:00,9,,
2023-05-13 10:00:00,10,93.8,
2023-05-13 11:00:00,11,640.1,
2023-05-13 12:00:00,12,1045.0,
2023-05-13 13:00:00,13,2097.4,
2023-05-13 14:00:00,14,2633.4,
2023-05-13 15:00:00,15,2628.3,
2023-05-13 16:00:00,16,2644.1,
2023-05-13 17:00:00,17,2844.5,
2023-05-13 18:00:00,18,1988.6,
2023-05-13 19:00:00,19,1755.0,
2023-05-13 20:00:00,20,686.2,
2023-05-13 21:00:00,21,134.7,
2023-05-13 22:00:00,22,,
2023-05-13 23:00:00,23,,
2023-05-14 00:00:00,0,,
2023-05-14 01:00:00,1,,
2023-05-14 02:00:00,2,,
2023-05-14 03:00:00,3,,
2023-05-14 04:00:00,4,,
2023-05-14 05:00:00,5,,
2023-05-14 06:00:00,6,,
2023-05-14 07:00:00,7,,
2023-05-14 08:00:00,8,,
2023-05-14 09:00:00,9,,
2023-05-14 10:00:00,10,113.4,
2023-05-14 11:00:00,11,469.2,
2023-05-14 12:00:00,12,708.6,
2023-05-14 13:00:00,13,1682.1,
2023-05-14 14:00:00,14,1806.9,
2023-05-14 15:00:00,15,2540.5,
2023-05-14 16:00:00,16,1068.8,
2023-05-14 17:00:00,17,2814.3,
2023-05-14 18:00:00,18,1970.1,
2023-05-14 19:00:00,19,831.8,
2023-05-14 20:00:00,20,500.1,
2023-05-14 21:00:00,21,149.7,
2023-05-14 22:00:00,22,,
2023-05-14 23:00:00,23,,
2023-05-15 00:00:00,0,1.5,
2023-05-15 01:00:00,1,,
2023-05-15 02:00:00,2,,
2023-05-15 03:00:00,3,,
2023-05-15 04:00:00,4,,
2023-05-15 05:00:00,5,,
2023-05-15 06:00:00,6,0.5,
2023-05-15 07:00:00,7,,
2023-05-15 08:00:00,8,,
2023-05-15 09:00:00,9,,
2023-05-15 10:00:00,10,9.8,
2023-05-15 11:00:00,11,139.7,
2023-05-15 12:00:00,12,354.1,
2023-05-15 13:00:00,13,935.7,
2023-05-15 14:00:00,14,1971.3,
2023-05-15 15:00:00,15,2939.5,
2023-05-15 16:00:00,16,2715.5,
2023-05-15 17:00:00,17,1996.1,
2023-05-15 18:00:00,18,1059.1,
2023-05-15 19:00:00,19,1209.0,
2023-05-15 20:00:00,20,532.1,
2023-05-15 21:00:00,21,121.7,
2023-05-15 22:00:00,22,,
2023-05-15 23:00:00,23,,
2023-05-16 00:00:00,0,,
2023-05-16 01:00:00,1,,
2023-05-16 02:00:00,2,,
2023-05-16 03:00:00,3,,
2023-05-16 04:00:00,4,,
2023-05-16 05:00:00,5,,
2023-05-16 06:00:00,6,,
2023-05-16 07:00:00,7,,
2023-05-16 08:00:00,8,,
2023-05-16 09:00:00,9,0.0,
2023-05-16 10:00:00,10,69.1,
2023-05-16 11:00:00,11,239.6,
2023-05-16 12:00:00,12,1036.0,
2023-05-16 13:00:00,13,1180.6,
2023-05-16 14:00:00,14,1790.8,
2023-05-16 15:00:00,15,1753.0,
2023-05-16 16:00:00,16,1413.2,
2023-05-16 17:00:00,17,1900.8,
2023-05-16 18:00:00,18,1190.7,
2023-05-16 19:00:00,19,1525.8,
2023-05-16 20:00:00,20,635.5,
2023-05-16 21:00:00,21,137.3,
2023-05-16 22:00:00,22,,
2023-05-16 23:00:00,23,,
2023-05-17 00:00:00,0,,
2023-05-17 01:00:00,1,,
2023-05-17 02:00:00,2,,
2023-05-17 03:00:00,3,,
2023-05-17 04:00:00,4,,
2023-05-17 05:00:00,5,,
2023-05-17 06:00:00,6,,
2023-05-17 07:00:00,7,,
2023-05-17 08:00:00,8,,
2023-05-17 09:00:00,9,0.2,
2023-05-17 10:00:00,10,111.5,
2023-05-17 11:00:00,11,792.6,
2023-05-17 12:00:00,12,1204.9,
2023-05-17 13:00:00,13,1427.8,
2023-05-17 14:00:00,14,1752.8,
2023-05-17 15:00:00,15,1688.5,
2023-05-17 16:00:00,16,2115.3,
2023-05-17 17:00:00,17,1735.3,
2023-05-17 18:00:00,18,787.1,
2023-05-17 19:00:00,19,217.8,
2023-05-17 20:00:00,20,403.4,
2023-05-17 21:00:00,21,84.6,
2023-05-17 22:00:00,22,,
2023-05-17 23:00:00,23,,
2023-05-18 00:00:00,0,,
2023-05-18 01:00:00,1,,
2023-05-18 02:00:00,2,,
2023-05-18 03:00:00,3,,
2023-05-18 04:00:00,4,,
2023-05-18 05:00:00,5,,
2023-05-18 06:00:00,6,,
2023-05-18 07:00:00,7,,
2023-05-18 08:00:00,8,,
2023-05-18 09:00:00,9,,
2023-05-18 10:00:00,10,107.1,
2023-05-18 11:00:00,11,597.1,
2023-05-18 12:00:00,12,1094.5,
2023-05-18 13:00:00,13,1483.9,
2023-05-18 14:00:00,14,1878.9,
2023-05-18 15:00:00,15,1934.3,
2023-05-18 16:00:00,16,1473.2,
2023-05-18 17:00:00,17,609.8,
2023-05-18 18:00:00,18,219.2,
2023-05-18 19:00:00,19,92.3,
2023-05-18 20:00:00,20,124.1,
2023-05-18 21:00:00,21,52.5,
2023-05-18 22:00:00,22,,
2023-05-18 23:00:00,23,,
2023-05-19 00:00:00,0,,
2023-05-19 01:00:00,1,,
2023-05-19 02:00:00,2,,
2023-05-19 03:00:00,3,,
2023-05-19 04:00:00,4,,
2023-05-19 05:00:00,5,0.0,
2023-05-19 06:00:00,6,,
2023-05-19 07:00:00,7,,
2023-05-19 08:00:00,8,,
2023-05-19 09:00:00,9,,
2023-05-19 10:00:00,10,86.8,
2023-05-19 11:00:00,11,318.8,
2023-05-19 12:00:00,12,510.4,
2023-05-19 13:00:00,13,2346.7,
2023-05-19 14:00:00,14,1955.3,
2023-05-19 15:00:00,15,1376.2,
2023-05-19 16:00:00,16,2553.1,
2023-05-19 17:00:00,17,732.1,
2023-05-19 18:00:00,18,539.2,
2023-05-19 19:00:00,19,434.4,
2023-05-19 20:00:00,20,260.1,
2023-05-19 21:00:00,21,121.4,
2023-05-19 22:00:00,22,,
2023-05-19 23:00:00,23,,
2023-05-20 00:00:00,0,,
2023-05-20 01:00:00,1,,
2023-05-20 02:00:00,2,,
2023-05-20 03:00:00,3,,
2023-05-20 04:00:00,4,,
2023-05-20 05:00:00,5,,
2023-05-20 06:00:00,6,,
2023-05-20 07:00:00,7,,
2023-05-20 08:00:00,8,,
2023-05-20 09:00:00,9,,
2023-05-20 10:00:00,10,79.2,
2023-05-20 11:00:00,11,627.2,
2023-05-20 12:00:00,12,489.6,
2023-05-20 13:00:00,13,1212.7,
2023-05-20 14:00:00,14,1694.7,
2023-05-20 15:00:00,15,2318.1,
2023-05-20 16:00:00,16,1728.5,
2023-05-20 17:00:00,17,1530.3,
2023-05-20 18:00:00,18,2102.9,
2023-05-20 19:00:00,19,1476.3,
2023-05-20 20:00:00,20,770.4,
2023-05-20 21:00:00,21,82.9,
2023-05-20 22:00:00,22,,
2023-05-20 23:00:00,23,,
2023-05-21 00:00:00,0,,
2023-05-21 01:00:00,1,,
2023-05-21 02:00:00,2,,
2023-05-21 03:00:00,3,,
2023-05-21 04:00:00,4,,
2023-05-21 05:00:00,5,,
2023-05-21 06:00:00,6,,
2023-05-21 07:00:00,7,,
2023-05-21 08:00:00,8,,
2023-05-21 09:00:00,9,,
2023-05-21 10:00:00,10,75.5,
2023-05-21 11:00:00,11,388.7,
2023-05-21 12:00:00,12,935.6,
2023-05-21 13:00:00,13,965.2,
2023-05-21 14:00:00,14,1385.0,
2023-05-21 15:00:00,15,2373.7,
2023-05-21 16:00:00,16,2289.0,
2023-05-21 17:00:00,17,2654.5,
2023-05-21 18:00:00,18,2238.9,
2023-05-21 19:00:00,19,1550.2,
2023-05-21 20:00:00,20,884.9,
2023-05-21 21:00:00,21,95.8,
2023-05-21 22:00:00,22,,
2023-05-21 23:00:00,23,,
2023-05-22 00:00:00,0,,
2023-05-22 01:00:00,1,,
2023-05-22 02:00:00,2,,
2023-05-22 03:00:00,3,,
2023-05-22 04:00:00,4,,
2023-05-22 05:00:00,5,,
2023-05-22 06:00:00,6,,
2023-05-22 07:00:00,7,,
2023-05-22 08:00:00,8,,
2023-05-22 09:00:00,9,,
2023-05-22 10:00:00,10,101.3,
2023-05-22 11:00:00,11,763.8,
2023-05-22 12:00:00,12,1617.3,
2023-05-22 13:00:00,13,2381.0,
2023-05-22 14:00:00,14,2987.1,
2023-05-22 15:00:00,15,2817.3,
2023-05-22 16:00:00,16,2774.6,
2023-05-22 17:00:00,17,2526.6,
2023-05-22 18:00:00,18,2204.8,
2023-05-22 19:00:00,19,1353.0,
2023-05-22 20:00:00,20,861.8,
2023-05-22 21:00:00,21,120.5,
2023-05-22 22:00:00,22,,
2023-05-22 23:00:00,23,,
2023-05-23 00:00:00,0,,
2023-05-23 01:00:00,1,,
2023-05-23 02:00:00,2,,
2023-05-23 03:00:00,3,,
2023-05-23 04:00:00,4,,
2023-05-23 05:00:00,5,,
2023-05-23 06:00:00,6,,
2023-05-23 07:00:00,7,,
2023-05-23 08:00:00,8,,
2023-05-23 09:00:00,9,,
2023-05-23 10:00:00,10,89.1,
2023-05-23 11:00:00,11,657.2,
2023-05-23 12:00:00,12,1653.7,
2023-05-23 13:00:00,13,2379.3,
2023-05-23 14:00:00,14,2850.3,
2023-05-23 15:00:00,15,3144.5,
2023-05-23 16:00:00,16,3159.8,
2023-05-23 17:00:00,17,2358.6,
2023-05-23 18:00:00,18,2106.0,
2023-05-23 19:00:00,19,1374.0,
2023-05-23 20:00:00,20,800.3,
2023-05-23 21:00:00,21,121.9,
2023-05-23 22:00:00,22,,
2023-05-23 23:00:00,23,,
2023-05-24 00:00:00,0,,
2023-05-24 01:00:00,1,,
2023-05-24 02:00:00,2,,
2023-05-24 03:00:00,3,,
2023-05-24 04:00:00,4,,
2023-05-24 05:00:00,5,,
2023-05-24 06:00:00,6,,
2023-05-24 07:00:00,7,,
2023-05-24 08:00:00,8,,
2023-05-24 09:00:00,9,,
2023-05-24 10:00:00,10,121.6,
2023-05-24 11:00:00,11,566.6,
2023-05-24 12:00:00,12,1617.9,
2023-05-24 13:00:00,13,1648.1,
2023-05-24 14:00:00,14,1803.7,
2023-05-24 15:00:00,15,1555.9,
2023-05-24 16:00:00,16,1611.7,
2023-05-24 17:00:00,17,1910.5,
2023-05-24 18:00:00,18,1951.1,
2023-05-24 19:00:00,19,1201.1,
2023-05-24 20:00:00,20,736.4,
2023-05-24 21:00:00,21,207.9,
2023-05-24 22:00:00,22,,
2023-05-24 23:00:00,23,,
2023-05-25 00:00:00,0,,
2023-05-25 01:00:00,1,,
2023-05-25 02:00:00,2,,
2023-05-25 03:00:00,3,,
2023-05-25 04:00:00,4,,
2023-05-25 05:00:00,5,,
2023-05-25 06:00:00,6,,
2023-05-25 07:00:00,7,,
2023-05-25 08:00:00,8,,
2023-05-25 09:00:00,9,,
2023-05-25 10:00:00,10,150.3,
2023-05-25 11:00:00,11,604.6,
2023-05-25 12:00:00,12,1600.0,
2023-05-25 13:00:00,13,2154.7,
2023-05-25 14:00:00,14,2476.1,
2023-05-25 15:00:00,15,2627.1,
2023-05-25 16:00:00,16,2928.6,
2023-05-25 17:00:00,17,2763.4,
2023-05-25 18:00:00,18,1584.8,
2023-05-25 19:00:00,19,1439.2,
2023-05-25 20:00:00,20,593.7,
2023-05-25 21:00:00,21,143.7,
2023-05-25 22:00:00,22,,
2023-05-25 23:00:00,23,,
2023-05-26 00:00:00,0,,
2023-05-26 01:00:00,1,,
2023-05-26 02:00:00,2,,
2023-05-26 03:00:00,3,,
2023-05-26 04:00:00,4,,
2023-05-26 05:00:00,5,,
2023-05-26 06:00:00,6,,
2023-05-26 07:00:00,7,,
2023-05-26 08:00:00,8,,
2023-05-26 09:00:00,9,,
2023-05-26 10:00:00,10,87.0,
2023-05-26 11:00:00,11,651.9,
2023-05-26 12:00:00,12,1664.6,
2023-05-26 13:00:00,13,2348.1,
2023-05-26 14:00:00,14,2869.2,
2023-05-26 15:00:00,15,3190.3,
2023-05-26 16:00:00,16,2768.7,
2023-05-26 17:00:00,17,2773.3,
2023-05-26 18:00:00,18,1697.1,
2023-05-26 19:00:00,19,1810.0,
2023-05-26 20:00:00,20,980.1,
2023-05-26 21:00:00,21,138.9,
2023-05-26 22:00:00,22,,
2023-05-26 23:00:00,23,,
2023-05-27 00:00:00,0,,
2023-05-27 01:00:00,1,,
2023-05-27 02:00:00,2,,
2023-05-27 03:00:00,3,,
2023-05-27 04:00:00,4,,
2023-05-27 05:00:00,5,,
2023-05-27 06:00:00,6,,
2023-05-27 07:00:00,7,,
2023-05-27 08:00:00,8,,
2023-05-27 09:00:00,9,0.8,
2023-05-27 10:00:00,10,53.8,
2023-05-27 11:00:00,11,309.5,
2023-05-27 12:00:00,12,936.5,
2023-05-27 13:00:00,13,1969.5,
2023-05-27 14:00:00,14,1581.1,
2023-05-27 15:00:00,15,2235.6,
2023-05-27 16:00:00,16,1308.1,
2023-05-27 17:00:00,17,1647.5,
2023-05-27 18:00:00,18,1184.6,
2023-05-27 19:00:00,19,795.7,
2023-05-27 20:00:00,20,512.0,
2023-05-27 21:00:00,21,126.7,
2023-05-27 22:00:00,22,,
2023-05-27 23:00:00,23,,
2023-05-28 00:00:00,0,,
2023-05-28 01:00:00,1,,
2023-05-28 02:00:00,2,,
2023-05-28 03:00:00,3,,
2023-05-28 04:00:00,4,,
2023-05-28 05:00:00,5,,
2023-05-28 06:00:00,6,,
2023-05-28 07:00:00,7,,
2023-05-28 08:00:00,8,,
2023-05-28 09:00:00,9,,
2023-05-28 10:00:00,10,100.3,
2023-05-28 11:00:00,11,591.1,
2023-05-28 12:00:00,12,1673.3,
2023-05-28 13:00:00,13,1693.2,
2023-05-28 14:00:00,14,2405.0,
2023-05-28 15:00:00,15,2595.1,
2023-05-28 16:00:00,16,2916.3,
2023-05-28 17:00:00,17,2659.5,
2023-05-28 18:00:00,18,2086.7,
2023-05-28 19:00:00,19,1168.6,
2023-05-28 20:00:00,20,626.4,
2023-05-28 21:00:00,21,84.9,
2023-05-28 22:00:00,22,,
2023-05-28 23:00:00,23,,
2023-05-29 00:00:00,0,,
2023-05-29 01:00:00,1,,
2023-05-29 02:00:00,2,,
2023-05-29 03:00:00,3,,
2023-05-29 04:00:00,4,,
2023-05-29 05:00:00,5,,
2023-05-29 06:00:00,6,,
2023-05-29 07:00:00,7,,
2023-05-29 08:00:00,8,,
2023-05-29 09:00:00,9,,
2023-05-29 10:00:00,10,79.3,
2023-05-29 11:00:00,11,471.7,
2023-05-29 12:00:00,12,489.1,
2023-05-29 13:00:00,13,1629.8,
2023-05-29 14:00:00,14,1867.1,
2023-05-29 15:00:00,15,1906.9,
2023-05-29 16:00:00,16,2661.8,
2023-05-29 17:00:00,17,2277.4,
2023-05-29 18:00:00,18,1828.8,
2023-05-29 19:00:00,19,1557.3,
2023-05-29 20:00:00,20,773.5,
2023-05-29 21:00:00,21,130.2,
2023-05-29 22:00:00,22,,
2023-05-29 23:00:00,23,,
2023-05-30 00:00:00,0,,
2023-05-30 01:00:00,1,,
2023-05-30 02:00:00,2,,
2023-05-30 03:00:00,3,,
2023-05-30 04:00:00,4,,
2023-05-30 05:00:00,5,,
2023-05-30 06:00:00,6,,
2023-05-30 07:00:00,7,,
2023-05-30 08:00:00,8,,
2023-05-30 09:00:00,9,,
2023-05-30 10:00:00,10,128.7,
2023-05-30 11:00:00,11,681.0,
2023-05-30 12:00:00,12,1522.9,
2023-05-30 13:00:00,13,1720.0,
2023-05-30 14:00:00,14,1476.3,
2023-05-30 15:00:00,15,2070.7,
2023-05-30 16:00:00,16,2855.8,
2023-05-30 17:00:00,17,1485.3,
2023-05-30 18:00:00,18,1828.1,
2023-05-30 19:00:00,19,1747.0,
2023-05-30 20:00:00,20,1021.8,
2023-05-30 21:00:00,21,156.6,
2023-05-30 22:00:00,22,,
2023-05-30 23:00:00,23,,
2023-05-31 00:00:00,0,,
2023-05-31 01:00:00,1,,
2023-05-31 02:00:00,2,,
2023-05-31 03:00:00,3,,
2023-05-31 04:00:00,4,,
2023-05-31 05:00:00,5,,
2023-05-31 06:00:00,6,,
2023-05-31 07:00:00,7,,
2023-05-31 08:00:00,8,,
2023-05-31 09:00:00,9,,
2023-05-31 10:00:00,10,46.1,
2023-05-31 11:00:00,11,436.1,
2023-05-31 12:00:00,12,1617.2,
2023-05-31 13:00:00,13,2140.4,
2023-05-31 14:00:00,14,2780.3,
2023-05-31 15:00:00,15,3014.9,
2023-05-31 16:00:00,16,2456.9,
2023-05-31 17:00:00,17,2343.2,
2023-05-31 18:00:00,18,2275.3,
2023-05-31 19:00:00,19,1670.5,
2023-05-31 20:00:00,20,746.9,
2023-05-31 21:00:00,21,139.1,
2023-05-31 22:00:00,22,,
2023-05-31 23:00:00,23,,
2023-06-01 00:00:00,0,,
2023-06-01 01:00:00,1,,
2023-06-01 02:00:00,2,,
2023-06-01 03:00:00,3,,
2023-06-01 04:00:00,4,,
2023-06-01 05:00:00,5,,
2023-06-01 06:00:00,6,,
2023-06-01 07:00:00,7,,
2023-06-01 08:00:00,8,,
2023-06-01 09:00:00,9,,
2023-06-01 10:00:00,10,81.5,
2023-06-01 11:00:00,11,420.8,
2023-06-01 12:00:00,12,837.7,
2023-06-01 13:00:00,13,1144.1,
2023-06-01 14:00:00,14,2655.5,
2023-06-01 15:00:00,15,3002.4,
2023-06-01 16:00:00,16,3027.3,
2023-06-01 17:00:00,17,2146.6,
2023-06-01 18:00:00,18,1181.2,
2023-06-01 19:00:00,19,1327.6,
2023-06-01 20:00:00,20,583.3,
2023-06-01 21:00:00,21,138.4,
2023-06-01 22:00:00,22,,
2023-06-01 23:00:00,23,,
2023-06-02 00:00:00,0,,
2023-06-02 01:00:00,1,,
2023-06-02 02:00:00,2,,
2023-06-02 03:00:00,3,,
2023-06-02 04:00:00,4,,
2023-06-02 05:00:00,5,,
2023-06-02 06:00:00,6,,
2023-06-02 07:00:00,7,,
2023-06-02 08:00:00,8,,
2023-06-02 09:00:00,9,,
2023-06-02 10:00:00,10,76.8,
2023-06-02 11:00:00,11,686.0,
2023-06-02 12:00:00,12,1197.6,
2023-06-02 13:00:00,13,1963.0,
2023-06-02 14:00:00,14,2419.6,
2023-06-02 15:00:00,15,2598.7,
2023-06-02 16:00:00,16,2677.0,
2023-06-02 17:00:00,17,1911.1,
2023-06-02 18:00:00,18,1646.9,
2023-06-02 19:00:00,19,1253.0,
2023-06-02 20:00:00,20,848.5,
2023-06-02 21:00:00,21,141.6,
2023-06-02 22:00:00,22,,
2023-06-02 23:00:00,23,,
2023-06-03 00:00:00,0,,
2023-06-03 01:00:00,1,,
2023-06-03 02:00:00,2,,
2023-06-03 03:00:00,3,,
2023-06-03 04:00:00,4,,
2023-06-03 05:00:00,5,,
2023-06-03 06:00:00,6,,
2023-06-03 07:00:00,7,,
2023-06-03 08:00:00,8,,
2023-06-03 09:00:00,9,,
2023-06-03 10:00:00,10,89.3,
2023-06-03 11:00:00,11,367.9,
2023-06-03 12:00:00,12,703.6,
2023-06-03 13:00:00,13,1528.5,
2023-06-03 14:00:00,14,2479.4,
2023-06-03 15:00:00,15,3009.8,
2023-06-03 16:00:00,16,2033.0,
2023-06-03 17:00:00,17,1818.5,
2023-06-03 18:00:00,18,1418.3,
2023-06-03 19:00:00,19,415.6,
2023-06-03 20:00:00,20,382.8,
2023-06-03 21:00:00,21,74.4,
2023-06-03 22:00:00,22,,
2023-06-03 23:00:00,23,,
2023-06-04 00:00:00,0,,
2023-06-04 01:00:00,1,,
2023-06-04 02:00:00,2,,
2023-06-04 03:00:00,3,,
2023-06-04 04:00:00,4,,
2023-06-04 05:00:00,5,,
2023-06-04 06:00:00,6,,
2023-06-04 07:00:00,7,,
2023-06-04 08:00:00,8,,
2023-06-04 09:00:00,9,,
2023-06-04 10:00:00,10,118.2,
2023-06-04 11:00:00,11,481.4,
2023-06-04 12:00:00,12,850.5,
2023-06-04 13:00:00,13,1491.7,
2023-06-04 14:00:00,14,1950.5,
2023-06-04 15:00:00,15,2099.1,
2023-06-04 16:00:00,16,2079.0,
2023-06-04 17:00:00,17,2339.9,
2023-06-04 18:00:00,18,2314.7,
2023-06-04 19:00:00,19,1603.9,
2023-06-04 20:00:00,20,954.6,
2023-06-04 21:00:00,21,143.6,
2023-06-04 22:00:00,22,,
2023-06-04 23:00:00,23,,
2023-06-05 00:00:00,0,,
2023-06-05 01:00:00,1,,
2023-06-05 02:00:00,2,,
2023-06-05 03:00:00,3,,
2023-06-05 04:00:00,4,,
2023-06-05 05:00:00,5,,
2023-06-05 06:00:00,6,,
2023-06-05 07:00:00,7,,
2023-06-05 08:00:00,8,,
2023-06-05 09:00:00,9,,
2023-06-05 10:00:00,10,65.5,
2023-06-05 11:00:00,11,689.1,
2023-06-05 12:00:00,12,1542.6,
2023-06-05 13:00:00,13,2314.4,
2023-06-05 14:00:00,14,2804.9,
2023-06-05 15:00:00,15,3059.2,
2023-06-05 16:00:00,16,2548.7,
2023-06-05 17:00:00,17,1654.5,
2023-06-05 18:00:00,18,1585.5,
2023-06-05 19:00:00,19,1599.1,
2023-06-05 20:00:00,20,945.6,
2023-06-05 21:00:00,21,135.4,
2023-06-05 22:00:00,22,,
2023-06-05 23:00:00,23,,
2023-06-06 00:00:00,0,,
2023-06-06 01:00:00,1,,
2023-06-06 02:00:00,2,,
2023-06-06 03:00:00,3,,
2023-06-06 04:00:00,4,,
2023-06-06 05:00:00,5,,
2023-06-06 06:00:00,6,,
2023-06-06 07:00:00,7,,
2023-06-06 08:00:00,8,,
2023-06-06 09:00:00,9,,
2023-06-06 10:00:00,10,85.0,
2023-06-06 11:00:00,11,487.4,
2023-06-06 12:00:00,12,1093.5,
2023-06-06 13:00:00,13,2289.6,
2023-06-06 14:00:00,14,2101.4,
2023-06-06 15:00:00,15,2898.3,
2023-06-06 16:00:00,16,2275.7,
2023-06-06 17:00:00,17,2535.8,
2023-06-06 18:00:00,18,1253.7,
2023-06-06 19:00:00,19,1287.4,
2023-06-06 20:00:00,20,494.3,
2023-06-06 21:00:00,21,97.9,
2023-06-06 22:00:00,22,,
2023-06-06 23:00:00,23,,
2023-06-07 00:00:00,0,,
2023-06-07 01:00:00,1,,
2023-06-07 02:00:00,2,,
2023-06-07 03:00:00,3,,
2023-06-07 04:00:00,4,,
2023-06-07 05:00:00,5,,
2023-06-07 06:00:00,6,,
2023-06-07 07:00:00,7,,
2023-06-07 08:00:00,8,,
2023-06-07 09:00:00,9,,
2023-06-07 10:00:00,10,95.6,
2023-06-07 11:00:00,11,370.8,
2023-06-07 12:00:00,12,930.3,
2023-06-07 13:00:00,13,1958.4,
2023-06-07 14:00:00,14,1357.5,
2023-06-07 15:00:00,15,1413.3,
2023-06-07 16:00:00,16,1991.3,
2023-06-07 17:00:00,17,1918.4,
2023-06-07 18:00:00,18,1494.2,
2023-06-07 19:00:00,19,1280.6,
2023-06-07 20:00:00,20,756.9,
2023-06-07 21:00:00,21,131.4,
2023-06-07 22:00:00,22,,
2023-06-07 23:00:00,23,,
2023-06-08 00:00:00,0,,
2023-06-08 01:00:00,1,,
2023-06-08 02:00:00,2,,
2023-06-08 03:00:00,3,,
2023-06-08 04:00:00,4,,
2023-06-08 05:00:00,5,,
2023-06-08 06:00:00,6,,
2023-06-08 07:00:00,7,,
2023-06-08 08:00:00,8,,
2023-06-08 09:00:00,9,,
2023-06-08 10:00:00,10,73.3,
2023-06-08 11:00:00,11,645.4,
2023-06-08 12:00:00,12,1546.0,
2023-06-08 13:00:00,13,1567.9,
2023-06-08 14:00:00,14,1544.1,
2023-06-08 15:00:00,15,2548.1,
2023-06-08 16:00:00,16,2830.4,
2023-06-08 17:00:00,17,1493.9,
2023-06-08 18:00:00,18,2143.6,
2023-06-08 19:00:00,19,1316.8,
2023-06-08 20:00:00,20,859.0,
2023-06-08 21:00:00,21,129.9,
2023-06-08 22:00:00,22,,
2023-06-08 23:00:00,23,,
2023-06-09 00:00:00,0,,
2023-06-09 01:00:00,1,,
2023-06-09 02:00:00,2,,
2023-06-09 03:00:00,3,,
2023-06-09 04:00:00,4,,
2023-06-09 05:00:00,5,,
2023-06-09 06:00:00,6,,
2023-06-09 07:00:00,7,,
2023-06-09 08:00:00,8,,
2023-06-09 09:00:00,9,,
2023-06-09 10:00:00,10,95.1,
2023-06-09 11:00:00,11,568.1,
2023-06-09 12:00:00,12,1158.1,
2023-06-09 13:00:00,13,1133.0,
2023-06-09 14:00:00,14,1670.9,
2023-06-09 15:00:00,15,2485.8,
2023-06-09 16:00:00,16,2490.2,
2023-06-09 17:00:00,17,2084.9,
2023-06-09 18:00:00,18,1480.3,
2023-06-09 19:00:00,19,1338.8,
2023-06-09 20:00:00,20,878.3,
2023-06-09 21:00:00,21,125.1,
2023-06-09 22:00:00,22,,
2023-06-09 23:00:00,23,,
2023-06-10 00:00:00,0,,
2023-06-10 01:00:00,1,,
2023-06-10 02:00:00,2,,
2023-06-10 03:00:00,3,,
2023-06-10 04:00:00,4,,
2023-06-10 05:00:00,5,,
2023-06-10 06:00:00,6,,
2023-06-10 07:00:00,7,,
2023-06-10 08:00:00,8,,
2023-06-10 09:00:00,9,,
2023-06-10 10:00:00,10,84.9,
2023-06-10 11:00:00,11,504.0,
2023-06-10 12:00:00,12,1105.7,
2023-06-10 13:00:00,13,1513.1,
2023-06-10 14:00:00,14,1910.6,
2023-06-10 15:00:00,15,2265.9,
2023-06-10 16:00:00,16,2066.9,
2023-06-10 17:00:00,17,1859.6,
2023-06-10 18:00:00,18,2083.9,
2023-06-10 19:00:00,19,1630.3,
2023-06-10 20:00:00,20,706.6,
2023-06-10 21:00:00,21,125.1,
2023-06-10 22:00:00,22,,
2023-06-10 23:00:00,23,,
2023-06-11 00:00:00,0,,
2023-06-11 01:00:00,1,,
2023-06-11 02:00:00,2,,
2023-06-11 03:00:00,3,,
2023-06-11 04:00:00,4,,
2023-06-11 05:00:00,5,,
2023-06-11 06:00:00,6,,
2023-06-11 07:00:00,7,,
2023-06-11 08:00:00,8,,
2023-06-11 09:00:00,9,,
2023-06-11 10:00:00,10,88.4,
2023-06-11 11:00:00,11,363.8,
2023-06-11 12:00:00,12,556.5,
2023-06-11 13:00:00,13,1030.7,
2023-06-11 14:00:00,14,1394.5,
2023-06-11 15:00:00,15,2066.5,
2023-06-11 16:00:00,16,2377.4,
2023-06-11 17:00:00,17,1076.7,
2023-06-11 18:00:00,18,1979.0,
2023-06-11 19:00:00,19,226.6,
2023-06-11 20:00:00,20,212.4,
2023-06-11 21:00:00,21,84.5,
2023-06-11 22:00:00,22,,
2023-06-11 23:00:00,23,,
2023-06-12 00:00:00,0,,
2023-06-12 01:00:00,1,,
2023-06-12 02:00:00,2,,
2023-06-12 03:00:00,3,,
2023-06-12 04:00:00,4,,
2023-06-12 05:00:00,5,,
2023-06-12 06:00:00,6,,
2023-06-12 07:00:00,7,,
2023-06-12 08:00:00,8,,
2023-06-12 09:00:00,9,,
2023-06-12 10:00:00,10,99.8,
2023-06-12 11:00:00,11,443.6,
2023-06-12 12:00:00,12,796.7,
2023-06-12 13:00:00,13,1553.6,
2023-06-12 14:00:00,14,2403.4,
2023-06-12 15:00:00,15,2342.5,
2023-06-12 16:00:00,16,2408.9,
2023-06-12 17:00:00,17,2383.9,
2023-06-12 18:00:00,18,2077.9,
2023-06-12 19:00:00,19,1419.4,
2023-06-12 20:00:00,20,920.6,
2023-06-12 21:00:00,21,135.8,
2023-06-12 22:00:00,22,,
2023-06-12 23:00:00,23,,
2023-06-13 00:00:00,0,,
2023-06-13 01:00:00,1,,
2023-06-13 02:00:00,2,,
2023-06-13 03:00:00,3,,
2023-06-13 04:00:00,4,,
2023-06-13 05:00:00,5,,
2023-06-13 06:00:00,6,,
2023-06-13 07:00:00,7,,
2023-06-13 08:00:00,8,,
2023-06-13 09:00:00,9,,
2023-06-13 10:00:00,10,88.8,
2023-06-13 11:00:00,11,585.0,
2023-06-13 12:00:00,12,1454.8,
2023-06-13 13:00:00,13,1610.4,
2023-06-13 14:00:00,14,2688.2,
2023-06-13 15:00:00,15,2388.4,
2023-06-13 16:00:00,16,2437.5,
2023-06-13 17:00:00,17,1715.2,
2023-06-13 18:00:00,18,2248.6,
2023-06-13 19:00:00,19,1803.1,
2023-06-13 20:00:00,20,769.6,
2023-06-13 21:00:00,21,138.1,
2023-06-13 22:00:00,22,,
2023-06-13 23:00:00,23,,
2023-06-14 00:00:00,0,,
2023-06-14 01:00:00,1,,
2023-06-14 02:00:00,2,,
2023-06-14 03:00:00,3,,
2023-06-14 04:00:00,4,,
2023-06-14 05:00:00,5,,
2023-06-14 06:00:00,6,,
2023-06-14 07:00:00,7,,
2023-06-14 08:00:00,8,0.0,
2023-06-14 09:00:00,9,0.6,
2023-06-14 10:00:00,10,105.0,
2023-06-14 11:00:00,11,488.5,
2023-06-14 12:00:00,12,1120.1,
2023-06-14 13:00:00,13,1118.4,
2023-06-14 14:00:00,14,1471.0,
2023-06-14 15:00:00,15,1526.2,
2023-06-14 16:00:00,16,1199.6,
2023-06-14 17:00:00,17,2130.5,
2023-06-14 18:00:00,18,1776.6,
2023-06-14 19:00:00,19,1655.5,
2023-06-14 20:00:00,20,943.5,
2023-06-14 21:00:00,21,119.2,
2023-06-14 22:00:00,22,,
2023-06-14 23:00:00,23,,
2023-06-15 00:00:00,0,,
2023-06-15 01:00:00,1,,
2023-06-15 02:00:00,2,,
2023-06-15 03:00:00,3,,
2023-06-15 04:00:00,4,,
2023-06-15 05:00:00,5,,
2023-06-15 06:00:00,6,,
2023-06-15 07:00:00,7,,
2023-06-15 08:00:00,8,,
2023-06-15 09:00:00,9,,
2023-06-15 10:00:00,10,61.3,
2023-06-15 11:00:00,11,433.3,
2023-06-15 12:00:00,12,1289.3,
2023-06-15 13:00:00,13,1801.9,
2023-06-15 14:00:00,14,2609.4,
2023-06-15 15:00:00,15,2513.4,
2023-06-15 16:00:00,16,2859.9,
2023-06-15 17:00:00,17,2496.0,
2023-06-15 18:00:00,18,2183.8,
2023-06-15 19:00:00,19,1052.1,
2023-06-15 20:00:00,20,864.5,
2023-06-15 21:00:00,21,164.2,
2023-06-15 22:00:00,22,0.3,
2023-06-15 23:00:00,23,,
2023-06-16 00:00:00,0,,
2023-06-16 01:00:00,1,,
2023-06-16 02:00:00,2,,
2023-06-16 03:00:00,3,,
2023-06-16 04:00:00,4,,
2023-06-16 05:00:00,5,,
2023-06-16 06:00:00,6,,
2023-06-16 07:00:00,7,,
2023-06-16 08:00:00,8,,
2023-06-16 09:00:00,9,,
2023-06-16 10:00:00,10,100.8,
2023-06-16 11:00:00,11,391.3,
2023-06-16 12:00:00,12,903.9,
2023-06-16 13:00:00,13,1367.2,
2023-06-16 14:00:00,14,2341.7,
2023-06-16 15:00:00,15,2109.8,
2023-06-16 16:00:00,16,2029.5,
2023-06-16 17:00:00,17,2051.3,
2023-06-16 18:00:00,18,2248.3,
2023-06-16 19:00:00,19,1702.6,
2023-06-16 20:00:00,20,1049.0,
2023-06-16 21:00:00,21,144.9,
2023-06-16 22:00:00,22,,
2023-06-16 23:00:00,23,,
2023-06-17 00:00:00,0,,
2023-06-17 01:00:00,1,,
2023-06-17 02:00:00,2,,
2023-06-17 03:00:00,3,,
2023-06-17 04:00:00,4,,
2023-06-17 05:00:00,5,,
2023-06-17 06:00:00,6,,
2023-06-17 07:00:00,7,,
2023-06-17 08:00:00,8,,
2023-06-17 09:00:00,9,,
2023-06-17 10:00:00,10,57.4,
2023-06-17 11:00:00,11,567.2,
2023-06-17 12:00:00,12,1553.0,
2023-06-17 13:00:00,13,2135.2,
2023-06-17 14:00:00,14,2511.8,
2023-06-17 15:00:00,15,2650.1,
2023-06-17 16:00:00,16,3064.5,
2023-06-17 17:00:00,17,1725.6,
2023-06-17 18:00:00,18,2074.2,
2023-06-17 19:00:00,19,1508.6,
2023-06-17 20:00:00,20,370.4,
2023-06-17 21:00:00,21,118.9,
2023-06-17 22:00:00,22,,
2023-06-17 23:00:00,23,,
2023-06-18 00:00:00,0,,
2023-06-18 01:00:00,1,,
2023-06-18 02:00:00,2,,
2023-06-18 03:00:00,3,,
2023-06-18 04:00:00,4,,
2023-06-18 05:00:00,5,,
2023-06-18 06:00:00,6,,
2023-06-18 07:00:00,7,,
2023-06-18 08:00:00,8,,
2023-06-18 09:00:00,9,,
2023-06-18 10:00:00,10,71.1,
2023-06-18 11:00:00,11,551.4,
2023-06-18 12:00:00,12,1376.6,
2023-06-18 13:00:00,13,1568.6,
2023-06-18 14:00:00,14,2520.9,
2023-06-18 15:00:00,15,2747.9,
2023-06-18 16:00:00,16,1767.8,
2023-06-18 17:00:00,17,2010.8,
2023-06-18 18:00:00,18,2024.1,
2023-06-18 19:00:00,19,1485.6,
2023-06-18 20:00:00,20,466.0,
2023-06-18 21:00:00,21,146.3,
2023-06-18 22:00:00,22,,
2023-06-18 23:00:00,23,,
2023-06-19 00:00:00,0,,
2023-06-19 01:00:00,1,,
2023-06-19 02:00:00,2,,
2023-06-19 03:00:00,3,,
2023-06-19 04:00:00,4,,
2023-06-19 05:00:00,5,,
2023-06-19 06:00:00,6,,
2023-06-19 07:00:00,7,,
2023-06-19 08:00:00,8,,
2023-06-19 09:00:00,9,,
2023-06-19 10:00:00,10,93.3,
2023-06-19 11:00:00,11,476.2,
2023-06-19 12:00:00,12,1023.9,
2023-06-19 13:00:00,13,1918.7,
2023-06-19 14:00:00,14,2082.9,
2023-06-19 15:00:00,15,1845.4,
2023-06-19 16:00:00,16,2156.8,
2023-06-19 17:00:00,17,920.3,
2023-06-19 18:00:00,18,1924.6,
2023-06-19 19:00:00,19,390.1,
2023-06-19 20:00:00,20,749.3,
2023-06-19 21:00:00,21,171.1,
2023-06-19 22:00:00,22,,
2023-06-19 23:00:00,23,,
2023-06-20 00:00:00,0,,
2023-06-20 01:00:00,1,,
2023-06-20 02:00:00,2,,
2023-06-20 03:00:00,3,,
2023-06-20 04:00:00,4,,
2023-06-20 05:00:00,5,,
2023-06-20 06:00:00,6,,
2023-06-20 07:00:00,7,,
2023-06-20 08:00:00,8,,
2023-06-20 09:00:00,9,,
2023-06-20 10:00:00,10,73.9,
2023-06-20 11:00:00,11,501.2,
2023-06-20 12:00:00,12,1218.0,
2023-06-20 13:00:00,13,1926.0,
2023-06-20 14:00:00,14,2029.6,
2023-06-20 15:00:00,15,2097.2,
2023-06-20 16:00:00,16,2341.4,
2023-06-20 17:00:00,17,2262.0,
2023-06-20 18:00:00,18,1568.2,
2023-06-20 19:00:00,19,1429.2,
2023-06-20 20:00:00,20,982.1,
2023-06-20 21:00:00,21,136.5,
2023-06-20 22:00:00,22,,
2023-06-20 23:00:00,23,,
2023-06-21 00:00:00,0,,
2023-06-21 01:00:00,1,,
2023-06-21 02:00:00,2,,
2023-06-21 03:00:00,3,,
2023-06-21 04:00:00,4,,
2023-06-21 05:00:00,5,,
2023-06-21 06:00:00,6,,
2023-06-21 07:00:00,7,,
2023-06-21 08:00:00,8,,
2023-06-21 09:00:00,9,,
2023-06-21 10:00:00,10,45.3,
2023-06-21 11:00:00,11,368.2,
2023-06-21 12:00:00,12,1355.3,
2023-06-21 13:00:00,13,1890.9,
2023-06-21 14:00:00,14,2606.9,
2023-06-21 15:00:00,15,1759.1,
2023-06-21 16:00:00,16,1789.7,
2023-06-21 17:00:00,17,1813.2,
2023-06-21 18:00:00,18,1843.9,
2023-06-21 19:00:00,19,1398.3,
2023-06-21 20:00:00,20,820.2,
2023-06-21 21:00:00,21,134.0,
2023-06-21 22:00:00,22,,
2023-06-21 23:00:00,23,,
2023-06-22 00:00:00,0,,
2023-06-22 01:00:00,1,,
2023-06-22 02:00:00,2,,
2023-06-22 03:00:00,3,,
2023-06-22 04:00:00,4,,
2023-06-22 05:00:00,5,,
2023-06-22 06:00:00,6,0.1,
2023-06-22 07:00:00,7,,
2023-06-22 08:00:00,8,,
2023-06-22 09:00:00,9,,
2023-06-22 10:00:00,10,72.0,
2023-06-22 11:00:00,11,498.5,
2023-06-22 12:00:00,12,1552.2,
2023-06-22 13:00:00,13,2098.5,
2023-06-22 14:00:00,14,2757.4,
2023-06-22 15:00:00,15,3036.6,
2023-06-22 16:00:00,16,2893.3,
2023-06-22 17:00:00,17,2796.1,
2023-06-22 18:00:00,18,1839.4,
2023-06-22 19:00:00,19,1406.6,
2023-06-22 20:00:00,20,1014.1,
2023-06-22 21:00:00,21,156.0,
2023-06-22 22:00:00,22,,
2023-06-22 23:00:00,23,,
2023-06-23 00:00:00,0,,
2023-06-23 01:00:00,1,,
2023-06-23 02:00:00,2,,
2023-06-23 03:00:00,3,,
2023-06-23 04:00:00,4,,
2023-06-23 05:00:00,5,,
2023-06-23 06:00:00,6,,
2023-06-23 07:00:00,7,,
2023-06-23 08:00:00,8,,
2023-06-23 09:00:00,9,,
2023-06-23 10:00:00,10,56.9,
2023-06-23 11:00:00,11,513.9,
2023-06-23 12:00:00,12,1586.8,
2023-06-23 13:00:00,13,2258.9,
2023-06-23 14:00:00,14,2747.6,
2023-06-23 15:00:00,15,3012.0,
2023-06-23 16:00:00,16,3016.9,
2023-06-23 17:00:00,17,2560.4,
2023-06-23 18:00:00,18,2412.1,
2023-06-23 19:00:00,19,1795.3,
2023-06-23 20:00:00,20,1012.2,
2023-06-23 21:00:00,21,149.8,
2023-06-23 22:00:00,22,,
2023-06-23 23:00:00,23,,
2023-06-24 00:00:00,0,,
2023-06-24 01:00:00,1,,
2023-06-24 02:00:00,2,,
2023-06-24 03:00:00,3,,
2023-06-24 04:00:00,4,,
2023-06-24 05:00:00,5,,
2023-06-24 06:00:00,6,,
2023-06-24 07:00:00,7,,
2023-06-24 08:00:00,8,,
2023-06-24 09:00:00,9,,
2023-06-24 10:00:00,10,69.9,
2023-06-24 11:00:00,11,553.8,
2023-06-24 12:00:00,12,1549.8,
2023-06-24 13:00:00,13,2139.6,
2023-06-24 14:00:00,14,2717.7,
2023-06-24 15:00:00,15,1948.6,
2023-06-24 16:00:00,16,1926.1,
2023-06-24 17:00:00,17,2003.4,
2023-06-24 18:00:00,18,1383.6,
2023-06-24 19:00:00,19,1534.2,
2023-06-24 20:00:00,20,1054.9,
2023-06-24 21:00:00,21,80.7,
2023-06-24 22:00:00,22,,
2023-06-24 23:00:00,23,,
2023-06-25 00:00:00,0,,
2023-06-25 01:00:00,1,,
2023-06-25 02:00:00,2,,
2023-06-25 03:00:00,3,,
2023-06-25 04:00:00,4,,
2023-06-25 05:00:00,5,,
2023-06-25 06:00:00,6,,
2023-06-25 07:00:00,7,,
2023-06-25 08:00:00,8,,
2023-06-25 09:00:00,9,,
2023-06-25 10:00:00,10,54.7,
2023-06-25 11:00:00,11,518.7,
2023-06-25 12:00:00,12,1562.3,
2023-06-25 13:00:00,13,2240.7,
2023-06-25 14:00:00,14,2734.9,
2023-06-25 15:00:00,15,3040.4,
2023-06-25 16:00:00,16,2688.9,
2023-06-25 17:00:00,17,2486.5,
2023-06-25 18:00:00,18,2425.2,
2023-06-25 19:00:00,19,1569.5,
2023-06-25 20:00:00,20,948.6,
2023-06-25 21:00:00,21,158.1,
2023-06-25 22:00:00,22,,
2023-06-25 23:00:00,23,,
2023-06-26 00:00:00,0,,
2023-06-26 01:00:00,1,,
2023-06-26 02:00:00,2,,
2023-06-26 03:00:00,3,,
2023-06-26 04:00:00,4,,
2023-06-26 05:00:00,5,,
2023-06-26 06:00:00,6,,
2023-06-26 07:00:00,7,,
2023-06-26 08:00:00,8,,
2023-06-26 09:00:00,9,,
2023-06-26 10:00:00,10,53.9,
2023-06-26 11:00:00,11,566.8,
2023-06-26 12:00:00,12,1533.7,
2023-06-26 13:00:00,13,2239.6,
2023-06-26 14:00:00,14,2744.8,
2023-06-26 15:00:00,15,2956.4,
2023-06-26 16:00:00,16,1960.7,
2023-06-26 17:00:00,17,2586.3,
2023-06-26 18:00:00,18,2087.0,
2023-06-26 19:00:00,19,1608.4,
2023-06-26 20:00:00,20,637.2,
2023-06-26 21:00:00,21,150.6,
2023-06-26 22:00:00,22,,
2023-06-26 23:00:00,23,,
2023-06-27 00:00:00,0,,
2023-06-27 01:00:00,1,,
2023-06-27 02:00:00,2,,
2023-06-27 03:00:00,3,,
2023-06-27 04:00:00,4,,
2023-06-27 05:00:00,5,,
2023-06-27 06:00:00,6,,
2023-06-27 07:00:00,7,,
2023-06-27 08:00:00,8,,
2023-06-27 09:00:00,9,,
2023-06-27 10:00:00,10,84.0,
2023-06-27 11:00:00,11,477.4,
2023-06-27 12:00:00,12,1150.3,
2023-06-27 13:00:00,13,2099.2,
2023-06-27 14:00:00,14,2389.0,
2023-06-27 15:00:00,15,2922.8,
2023-06-27 16:00:00,16,2144.2,
2023-06-27 17:00:00,17,2137.5,
2023-06-27 18:00:00,18,1842.3,
2023-06-27 19:00:00,19,1552.2,
2023-06-27 20:00:00,20,986.5,
2023-06-27 21:00:00,21,148.3,
2023-06-27 22:00:00,22,,
2023-06-27 23:00:00,23,,
2023-06-28 00:00:00,0,,
2023-06-28 01:00:00,1,,
2023-06-28 02:00:00,2,,
2023-06-28 03:00:00,3,,
2023-06-28 04:00:00,4,,
2023-06-28 05:00:00,5,,
2023-06-28 06:00:00,6,,
2023-06-28 07:00:00,7,,
2023-06-28 08:00:00,8,,
2023-06-28 09:00:00,9,,
2023-06-28 10:00:00,10,59.5,
2023-06-28 11:00:00,11,513.3,
2023-06-28 12:00:00,12,1495.1,
2023-06-28 13:00:00,13,2190.6,
2023-06-28 14:00:00,14,2736.8,
2023-06-28 15:00:00,15,3019.7,
2023-06-28 16:00:00,16,2728.8,
2023-06-28 17:00:00,17,2093.8,
2023-06-28 18:00:00,18,1970.1,
2023-06-28 19:00:00,19,1152.0,
2023-06-28 20:00:00,20,577.3,
2023-06-28 21:00:00,21,168.2,
2023-06-28 22:00:00,22,,
2023-06-28 23:00:00,23,,
2023-06-29 00:00:00,0,,
2023-06-29 01:00:00,1,,
2023-06-29 02:00:00,2,,
2023-06-29 03:00:00,3,,
2023-06-29 04:00:00,4,,
2023-06-29 05:00:00,5,,
2023-06-29 06:00:00,6,,
2023-06-29 07:00:00,7,,
2023-06-29 08:00:00,8,,
2023-06-29 09:00:00,9,,
2023-06-29 10:00:00,10,58.8,
2023-06-29 11:00:00,11,542.7,
2023-06-29 12:00:00,12,1511.4,
2023-06-29 13:00:00,13,2136.1,
2023-06-29 14:00:00,14,2691.9,
2023-06-29 15:00:00,15,3211.5,
2023-06-29 16:00:00,16,2896.6,
2023-06-29 17:00:00,17,2438.0,
2023-06-29 18:00:00,18,1801.7,
2023-06-29 19:00:00,19,1119.2,
2023-06-29 20:00:00,20,1013.7,
2023-06-29 21:00:00,21,166.4,
2023-06-29 22:00:00,22,,
2023-06-29 23:00:00,23,,
2023-06-30 00:00:00,0,,
2023-06-30 01:00:00,1,,
2023-06-30 02:00:00,2,,
2023-06-30 03:00:00,3,,
2023-06-30 04:00:00,4,,
2023-06-30 05:00:00,5,,
2023-06-30 06:00:00,6,,
2023-06-30 07:00:00,7,,
2023-06-30 08:00:00,8,,
2023-06-30 09:00:00,9,,
2023-06-30 10:00:00,10,75.3,
2023-06-30 11:00:00,11,315.7,
2023-06-30 12:00:00,12,632.2,
2023-06-30 13:00:00,13,1473.4,
2023-06-30 14:00:00,14,2216.7,
2023-06-30 15:00:00,15,1598.5,
2023-06-30 16:00:00,16,1837.0,
2023-06-30 17:00:00,17,2391.6,
2023-06-30 18:00:00,18,2077.4,
2023-06-30 19:00:00,19,1369.5,
2023-06-30 20:00:00,20,895.0,
2023-06-30 21:00:00,21,67.0,
2023-06-30 22:00:00,22,,
2023-06-30 23:00:00,23,,
2023-07-01 00:00:00,0,,
2023-07-01 01:00:00,1,,
2023-07-01 02:00:00,2,,
2023-07-01 03:00:00,3,,
2023-07-01 04:00:00,4,,
2023-07-01 05:00:00,5,,
2023-07-01 06:00:00,6,,
2023-07-01 07:00:00,7,,
2023-07-01 08:00:00,8,,
2023-07-01 09:00:00,9,,
2023-07-01 10:00:00,10,52.1,
2023-07-01 11:00:00,11,483.2,
2023-07-01 12:00:00,12,937.2,
2023-07-01 13:00:00,13,1653.0,
2023-07-01 14:00:00,14,1352.0,
2023-07-01 15:00:00,15,1682.7,
2023-07-01 16:00:00,16,1367.6,
2023-07-01 17:00:00,17,1593.9,
2023-07-01 18:00:00,18,2109.7,
2023-07-01 19:00:00,19,1407.4,
2023-07-01 20:00:00,20,771.9,
2023-07-01 21:00:00,21,80.5,
2023-07-01 22:00:00,22,,
2023-07-01 23:00:00,23,,
2023-07-02 00:00:00,0,,
2023-07-02 01:00:00,1,,
2023-07-02 02:00:00,2,,
2023-07-02 03:00:00,3,,
2023-07-02 04:00:00,4,,
2023-07-02 05:00:00,5,,
2023-07-02 06:00:00,6,,
2023-07-02 07:00:00,7,,
2023-07-02 08:00:00,8,,
2023-07-02 09:00:00,9,,
2023-07-02 10:00:00,10,73.1,
2023-07-02 11:00:00,11,495.4,
2023-07-02 12:00:00,12,841.0,
2023-07-02 13:00:00,13,1377.7,
2023-07-02 14:00:00,14,2709.3,
2023-07-02 15:00:00,15,2633.5,
2023-07-02 16:00:00,16,2296.4,
2023-07-02 17:00:00,17,2545.9,
2023-07-02 18:00:00,18,2303.5,
2023-07-02 19:00:00,19,1049.1,
2023-07-02 20:00:00,20,781.4,
2023-07-02 21:00:00,21,163.9,
2023-07-02 22:00:00,22,,
2023-07-02 23:00:00,23,,
2023-07-03 00:00:00,0,,
2023-07-03 01:00:00,1,,
2023-07-03 02:00:00,2,,
2023-07-03 03:00:00,3,,
2023-07-03 04:00:00,4,,
2023-07-03 05:00:00,5,,
2023-07-03 06:00:00,6,,
2023-07-03 07:00:00,7,,
2023-07-03 08:00:00,8,,
2023-07-03 09:00:00,9,,
2023-07-03 10:00:00,10,55.6,
2023-07-03 11:00:00,11,518.0,
2023-07-03 12:00:00,12,1079.3,
2023-07-03 13:00:00,13,1642.6,
2023-07-03 14:00:00,14,2075.4,
2023-07-03 15:00:00,15,2451.5,
2023-07-03 16:00:00,16,2508.1,
2023-07-03 17:00:00,17,1856.3,
2023-07-03 18:00:00,18,1938.1,
2023-07-03 19:00:00,19,1707.2,
2023-07-03 20:00:00,20,792.2,
2023-07-03 21:00:00,21,177.8,
2023-07-03 22:00:00,22,,
2023-07-03 23:00:00,23,,
2023-07-04 00:00:00,0,,
2023-07-04 01:00:00,1,,
2023-07-04 02:00:00,2,,
2023-07-04 03:00:00,3,,
2023-07-04 04:00:00,4,,
2023-07-04 05:00:00,5,,
2023-07-04 06:00:00,6,,
2023-07-04 07:00:00,7,,
2023-07-04 08:00:00,8,,
2023-07-04 09:00:00,9,,
2023-07-04 10:00:00,10,76.1,
2023-07-04 11:00:00,11,439.5,
2023-07-04 12:00:00,12,880.3,
2023-07-04 13:00:00,13,1767.9,
2023-07-04 14:00:00,14,2242.9,
2023-07-04 15:00:00,15,2770.0,
2023-07-04 16:00:00,16,3065.1,
2023-07-04 17:00:00,17,2901.2,
2023-07-04 18:00:00,18,2470.4,
2023-07-04 19:00:00,19,1709.9,
2023-07-04 20:00:00,20,913.9,
2023-07-04 21:00:00,21,172.2,
2023-07-04 22:00:00,22,,
2023-07-04 23:00:00,23,,
2023-07-05 00:00:00,0,,
2023-07-05 01:00:00,1,,
2023-07-05 02:00:00,2,,
2023-07-05 03:00:00,3,,
2023-07-05 04:00:00,4,,
2023-07-05 05:00:00,5,,
2023-07-05 06:00:00,6,,
2023-07-05 07:00:00,7,,
2023-07-05 08:00:00,8,,
2023-07-05 09:00:00,9,,
2023-07-05 10:00:00,10,68.7,
2023-07-05 11:00:00,11,572.2,
2023-07-05 12:00:00,12,1460.2,
2023-07-05 13:00:00,13,2204.9,
2023-07-05 14:00:00,14,2716.8,
2023-07-05 15:00:00,15,2984.6,
2023-07-05 16:00:00,16,3018.4,
2023-07-05 17:00:00,17,2692.0,
2023-07-05 18:00:00,18,2287.3,
2023-07-05 19:00:00,19,1673.7,
2023-07-05 20:00:00,20,864.2,
2023-07-05 21:00:00,21,170.7,
2023-07-05 22:00:00,22,,
2023-07-05 23:00:00,23,,
2023-07-06 00:00:00,0,,
2023-07-06 01:00:00,1,,
2023-07-06 02:00:00,2,,
2023-07-06 03:00:00,3,,
2023-07-06 04:00:00,4,,
2023-07-06 05:00:00,5,,
2023-07-06 06:00:00,6,,
2023-07-06 07:00:00,7,,
2023-07-06 08:00:00,8,,
2023-07-06 09:00:00,9,,
2023-07-06 10:00:00,10,61.5,
2023-07-06 11:00:00,11,520.1,
2023-07-06 12:00:00,12,1512.9,
2023-07-06 13:00:00,13,2208.1,
2023-07-06 14:00:00,14,2722.9,
2023-07-06 15:00:00,15,2977.3,
2023-07-06 16:00:00,16,3028.2,
2023-07-06 17:00:00,17,2538.5,
2023-07-06 18:00:00,18,2407.3,
2023-07-06 19:00:00,19,1857.0,
2023-07-06 20:00:00,20,978.0,
2023-07-06 21:00:00,21,132.7,
2023-07-06 22:00:00,22,,
2023-07-06 23:00:00,23,,
2023-07-07 00:00:00,0,,
2023-07-07 01:00:00,1,,
2023-07-07 02:00:00,2,,
2023-07-07 03:00:00,3,,
2023-07-07 04:00:00,4,,
2023-07-07 05:00:00,5,,
2023-07-07 06:00:00,6,,
2023-07-07 07:00:00,7,,
2023-07-07 08:00:00,8,,
2023-07-07 09:00:00,9,,
2023-07-07 10:00:00,10,66.7,
2023-07-07 11:00:00,11,267.9,
2023-07-07 12:00:00,12,695.9,
2023-07-07 13:00:00,13,1267.1,
2023-07-07 14:00:00,14,2430.9,
2023-07-07 15:00:00,15,2933.5,
2023-07-07 16:00:00,16,2221.5,
2023-07-07 17:00:00,17,1799.9,
2023-07-07 18:00:00,18,2055.3,
2023-07-07 19:00:00,19,1675.1,
2023-07-07 20:00:00,20,992.4,
2023-07-07 21:00:00,21,183.4,
2023-07-07 22:00:00,22,,
2023-07-07 23:00:00,23,,
2023-07-08 00:00:00,0,,
2023-07-08 01:00:00,1,,
2023-07-08 02:00:00,2,,
2023-07-08 03:00:00,3,,
2023-07-08 04:00:00,4,,
2023-07-08 05:00:00,5,,
2023-07-08 06:00:00,6,,
2023-07-08 07:00:00,7,,
2023-07-08 08:00:00,8,,
2023-07-08 09:00:00,9,,
2023-07-08 10:00:00,10,71.4,
2023-07-08 11:00:00,11,561.5,
2023-07-08 12:00:00,12,1312.3,
2023-07-08 13:00:00,13,1209.6,
2023-07-08 14:00:00,14,1748.2,
2023-07-08 15:00:00,15,1733.7,
2023-07-08 16:00:00,16,1716.7,
2023-07-08 17:00:00,17,1350.1,
2023-07-08 18:00:00,18,2079.9,
2023-07-08 19:00:00,19,1622.7,
2023-07-08 20:00:00,20,975.8,
2023-07-08 21:00:00,21,174.0,
2023-07-08 22:00:00,22,,
2023-07-08 23:00:00,23,,
2023-07-09 00:00:00,0,,
2023-07-09 01:00:00,1,,
2023-07-09 02:00:00,2,,
2023-07-09 03:00:00,3,,
2023-07-09 04:00:00,4,,
2023-07-09 05:00:00,5,,
2023-07-09 06:00:00,6,,
2023-07-09 07:00:00,7,,
2023-07-09 08:00:00,8,,
2023-07-09 09:00:00,9,,
2023-07-09 10:00:00,10,69.0,
2023-07-09 11:00:00,11,293.7,
2023-07-09 12:00:00,12,896.4,
2023-07-09 13:00:00,13,1229.5,
2023-07-09 14:00:00,14,1664.0,
2023-07-09 15:00:00,15,2542.1,
2023-07-09 16:00:00,16,1756.7,
2023-07-09 17:00:00,17,1867.3,
2023-07-09 18:00:00,18,2399.5,
2023-07-09 19:00:00,19,1789.1,
2023-07-09 20:00:00,20,1051.4,
2023-07-09 21:00:00,21,196.6,
2023-07-09 22:00:00,22,,
2023-07-09 23:00:00,23,,
2023-07-10 00:00:00,0,,
2023-07-10 01:00:00,1,,
2023-07-10 02:00:00,2,,
2023-07-10 03:00:00,3,,
2023-07-10 04:00:00,4,,
2023-07-10 05:00:00,5,,
2023-07-10 06:00:00,6,,
2023-07-10 07:00:00,7,,
2023-07-10 08:00:00,8,,
2023-07-10 09:00:00,9,,
2023-07-10 10:00:00,10,68.8,
2023-07-10 11:00:00,11,356.0,
2023-07-10 12:00:00,12,1189.5,
2023-07-10 13:00:00,13,1091.0,
2023-07-10 14:00:00,14,1603.6,
2023-07-10 15:00:00,15,1859.8,
2023-07-10 16:00:00,16,2321.5,
2023-07-10 17:00:00,17,1968.1,
2023-07-10 18:00:00,18,2204.2,
2023-07-10 19:00:00,19,1207.2,
2023-07-10 20:00:00,20,786.5,
2023-07-10 21:00:00,21,181.4,
2023-07-10 22:00:00,22,,
2023-07-10 23:00:00,23,,
2023-07-11 00:00:00,0,,
2023-07-11 01:00:00,1,,
2023-07-11 02:00:00,2,,
2023-07-11 03:00:00,3,,
2023-07-11 04:00:00,4,,
2023-07-11 05:00:00,5,,
2023-07-11 06:00:00,6,,
2023-07-11 07:00:00,7,,
2023-07-11 08:00:00,8,,
2023-07-11 09:00:00,9,,
2023-07-11 10:00:00,10,90.8,
2023-07-11 11:00:00,11,372.0,
2023-07-11 12:00:00,12,1131.6,
2023-07-11 13:00:00,13,1424.7,
2023-07-11 14:00:00,14,1575.6,
2023-07-11 15:00:00,15,2375.3,
2023-07-11 16:00:00,16,2781.9,
2023-07-11 17:00:00,17,1963.3,
2023-07-11 18:00:00,18,1633.2,
2023-07-11 19:00:00,19,1487.6,
2023-07-11 20:00:00,20,1067.0,
2023-07-11 21:00:00,21,149.3,
2023-07-11 22:00:00,22,,
2023-07-11 23:00:00,23,,
2023-07-12 00:00:00,0,,
2023-07-12 01:00:00,1,,
2023-07-12 02:00:00,2,,
2023-07-12 03:00:00,3,,
2023-07-12 04:00:00,4,,
2023-07-12 05:00:00,5,,
2023-07-12 06:00:00,6,,
2023-07-12 07:00:00,7,,
2023-07-12 08:00:00,8,,
2023-07-12 09:00:00,9,,
2023-07-12 10:00:00,10,56.4,
2023-07-12 11:00:00,11,466.5,
2023-07-12 12:00:00,12,1330.7,
2023-07-12 13:00:00,13,1306.6,
2023-07-12 14:00:00,14,1853.8,
2023-07-12 15:00:00,15,2693.5,
2023-07-12 16:00:00,16,3098.9,
2023-07-12 17:00:00,17,1816.5,
2023-07-12 18:00:00,18,810.1,
2023-07-12 19:00:00,19,717.5,
2023-07-12 20:00:00,20,322.3,
2023-07-12 21:00:00,21,74.1,
2023-07-12 22:00:00,22,,
2023-07-12 23:00:00,23,,
2023-07-13 00:00:00,0,,
2023-07-13 01:00:00,1,,
2023-07-13 02:00:00,2,,
2023-07-13 03:00:00,3,,
2023-07-13 04:00:00,4,,
2023-07-13 05:00:00,5,,
2023-07-13 06:00:00,6,,
2023-07-13 07:00:00,7,,
2023-07-13 08:00:00,8,,
2023-07-13 09:00:00,9,,
2023-07-13 10:00:00,10,67.0,
2023-07-13 11:00:00,11,516.2,
2023-07-13 12:00:00,12,757.8,
2023-07-13 13:00:00,13,895.2,
2023-07-13 14:00:00,14,1916.1,
2023-07-13 15:00:00,15,1452.1,
2023-07-13 16:00:00,16,1666.0,
2023-07-13 17:00:00,17,1226.8,
2023-07-13 18:00:00,18,1585.9,
2023-07-13 19:00:00,19,1054.4,
2023-07-13 20:00:00,20,979.0,
2023-07-13 21:00:00,21,166.2,
2023-07-13 22:00:00,22,,
2023-07-13 23:00:00,23,,
2023-07-14 00:00:00,0,,
2023-07-14 01:00:00,1,,
2023-07-14 02:00:00,2,,
2023-07-14 03:00:00,3,,
2023-07-14 04:00:00,4,,
2023-07-14 05:00:00,5,,
2023-07-14 06:00:00,6,,
2023-07-14 07:00:00,7,,
2023-07-14 08:00:00,8,,
2023-07-14 09:00:00,9,,
2023-07-14 10:00:00,10,30.5,
2023-07-14 11:00:00,11,210.0,
2023-07-14 12:00:00,12,534.3,
2023-07-14 13:00:00,13,1447.2,
2023-07-14 14:00:00,14,1500.5,
2023-07-14 15:00:00,15,1739.6,
2023-07-14 16:00:00,16,1983.4,
2023-07-14 17:00:00,17,1689.3,
2023-07-14 18:00:00,18,1865.0,
2023-07-14 19:00:00,19,1183.4,
2023-07-14 20:00:00,20,960.9,
2023-07-14 21:00:00,21,196.0,
2023-07-14 22:00:00,22,0.3,
2023-07-14 23:00:00,23,,
2023-07-15 00:00:00,0,,
2023-07-15 01:00:00,1,,
2023-07-15 02:00:00,2,,
2023-07-15 03:00:00,3,,
2023-07-15 04:00:00,4,,
2023-07-15 05:00:00,5,,
2023-07-15 06:00:00,6,,
2023-07-15 07:00:00,7,,
2023-07-15 08:00:00,8,,
2023-07-15 09:00:00,9,,
2023-07-15 10:00:00,10,66.1,
2023-07-15 11:00:00,11,437.8,
2023-07-15 12:00:00,12,841.1,
2023-07-15 13:00:00,13,1412.8,
2023-07-15 14:00:00,14,2050.7,
2023-07-15 15:00:00,15,1856.8,
2023-07-15 16:00:00,16,2175.7,
2023-07-15 17:00:00,17,1592.8,
2023-07-15 18:00:00,18,2010.0,
2023-07-15 19:00:00,19,1743.1,
2023-07-15 20:00:00,20,1001.6,
2023-07-15 21:00:00,21,212.7,
2023-07-15 22:00:00,22,,
2023-07-15 23:00:00,23,,
2023-07-16 00:00:00,0,,
2023-07-16 01:00:00,1,,
2023-07-16 02:00:00,2,3.2,
2023-07-16 03:00:00,3,,
2023-07-16 04:00:00,4,,
2023-07-16 05:00:00,5,,
2023-07-16 06:00:00,6,,
2023-07-16 07:00:00,7,,
2023-07-16 08:00:00,8,,
2023-07-16 09:00:00,9,,
2023-07-16 10:00:00,10,73.9,
2023-07-16 11:00:00,11,408.0,
2023-07-16 12:00:00,12,926.5,
2023-07-16 13:00:00,13,1566.0,
2023-07-16 14:00:00,14,2514.7,
2023-07-16 15:00:00,15,2878.6,
2023-07-16 16:00:00,16,2835.4,
2023-07-16 17:00:00,17,2247.8,
2023-07-16 18:00:00,18,2562.6,
2023-07-16 19:00:00,19,1556.5,
2023-07-16 20:00:00,20,1025.3,
2023-07-16 21:00:00,21,197.9,
2023-07-16 22:00:00,22,0.3,
2023-07-16 23:00:00,23,,
2023-07-17 00:00:00,0,,
2023-07-17 01:00:00,1,,
2023-07-17 02:00:00,2,,
2023-07-17 03:00:00,3,,
2023-07-17 04:00:00,4,,
2023-07-17 05:00:00,5,,
2023-07-17 06:00:00,6,,
2023-07-17 07:00:00,7,,
2023-07-17 08:00:00,8,,
2023-07-17 09:00:00,9,,
2023-07-17 10:00:00,10,76.3,
2023-07-17 11:00:00,11,415.3,
2023-07-17 12:00:00,12,1427.4,
2023-07-17 13:00:00,13,1896.0,
2023-07-17 14:00:00,14,2411.5,
2023-07-17 15:00:00,15,2629.3,
2023-07-17 16:00:00,16,2429.9,
2023-07-17 17:00:00,17,1504.2,
2023-07-17 18:00:00,18,2121.1,
2023-07-17 19:00:00,19,1625.4,
2023-07-17 20:00:00,20,537.4,
2023-07-17 21:00:00,21,153.8,
2023-07-17 22:00:00,22,,
2023-07-17 23:00:00,23,,
2023-07-18 00:00:00,0,,
2023-07-18 01:00:00,1,,
2023-07-18 02:00:00,2,,
2023-07-18 03:00:00,3,,
2023-07-18 04:00:00,4,,
2023-07-18 05:00:00,5,,
2023-07-18 06:00:00,6,,
2023-07-18 07:00:00,7,,
2023-07-18 08:00:00,8,,
2023-07-18 09:00:00,9,,
2023-07-18 10:00:00,10,66.5,
2023-07-18 11:00:00,11,436.2,
2023-07-18 12:00:00,12,1088.3,
2023-07-18 13:00:00,13,2165.4,
2023-07-18 14:00:00,14,2516.6,
2023-07-18 15:00:00,15,2383.6,
2023-07-18 16:00:00,16,2836.0,
2023-07-18 17:00:00,17,2847.4,
2023-07-18 18:00:00,18,1658.4,
2023-07-18 19:00:00,19,1514.9,
2023-07-18 20:00:00,20,951.4,
2023-07-18 21:00:00,21,185.3,
2023-07-18 22:00:00,22,,
2023-07-18 23:00:00,23,,
2023-07-19 00:00:00,0,,
2023-07-19 01:00:00,1,,
2023-07-19 02:00:00,2,,
2023-07-19 03:00:00,3,,
2023-07-19 04:00:00,4,,
2023-07-19 05:00:00,5,,
2023-07-19 06:00:00,6,,
2023-07-19 07:00:00,7,,
2023-07-19 08:00:00,8,,
2023-07-19 09:00:00,9,,
2023-07-19 10:00:00,10,81.9,
2023-07-19 11:00:00,11,382.5,
2023-07-19 12:00:00,12,1321.6,
2023-07-19 13:00:00,13,1904.2,
2023-07-19 14:00:00,14,2436.1,
2023-07-19 15:00:00,15,2371.7,
2023-07-19 16:00:00,16,2408.0,
2023-07-19 17:00:00,17,2649.7,
2023-07-19 18:00:00,18,2052.6,
2023-07-19 19:00:00,19,1645.1,
2023-07-19 20:00:00,20,1022.7,
2023-07-19 21:00:00,21,193.7,
2023-07-19 22:00:00,22,0.0,
2023-07-19 23:00:00,23,,
2023-07-20 00:00:00,0,,
2023-07-20 01:00:00,1,,
2023-07-20 02:00:00,2,,
2023-07-20 03:00:00,3,,
2023-07-20 04:00:00,4,,
2023-07-20 05:00:00,5,,
2023-07-20 06:00:00,6,,
2023-07-20 07:00:00,7,,
2023-07-20 08:00:00,8,,
2023-07-20 09:00:00,9,,
2023-07-20 10:00:00,10,61.2,
2023-07-20 11:00:00,11,351.4,
2023-07-20 12:00:00,12,1131.4,
2023-07-20 13:00:00,13,1271.3,
2023-07-20 14:00:00,14,2447.7,
2023-07-20 15:00:00,15,2493.3,
2023-07-20 16:00:00,16,3111.2,
2023-07-20 17:00:00,17,2802.8,
2023-07-20 18:00:00,18,2316.8,
2023-07-20 19:00:00,19,1637.0,
2023-07-20 20:00:00,20,1064.6,
2023-07-20 21:00:00,21,197.1,
2023-07-20 22:00:00,22,0.5,
2023-07-20 23:00:00,23,,
2023-07-21 00:00:00,0,,
2023-07-21 01:00:00,1,,
2023-07-21 02:00:00,2,,
2023-07-21 03:00:00,3,,
2023-07-21 04:00:00,4,,
2023-07-21 05:00:00,5,,
2023-07-21 06:00:00,6,,
2023-07-21 07:00:00,7,,
2023-07-21 08:00:00,8,,
2023-07-21 09:00:00,9,,
2023-07-21 10:00:00,10,49.0,
2023-07-21 11:00:00,11,497.5,
2023-07-21 12:00:00,12,1579.4,
2023-07-21 13:00:00,13,2281.3,
2023-07-21 14:00:00,14,2809.2,
2023-07-21 15:00:00,15,3102.8,
2023-07-21 16:00:00,16,2972.1,
2023-07-21 17:00:00,17,2763.1,
2023-07-21 18:00:00,18,1712.8,
2023-07-21 19:00:00,19,1318.6,
2023-07-21 20:00:00,20,1142.4,
2023-07-21 21:00:00,21,208.2,
2023-07-21 22:00:00,22,,
2023-07-21 23:00:00,23,,
2023-07-22 00:00:00,0,,
2023-07-22 01:00:00,1,,
2023-07-22 02:00:00,2,,
2023-07-22 03:00:00,3,,
2023-07-22 04:00:00,4,,
2023-07-22 05:00:00,5,,
2023-07-22 06:00:00,6,,
2023-07-22 07:00:00,7,,
2023-07-22 08:00:00,8,,
2023-07-22 09:00:00,9,,
2023-07-22 10:00:00,10,52.8,
2023-07-22 11:00:00,11,486.6,
2023-07-22 12:00:00,12,1563.0,
2023-07-22 13:00:00,13,2259.6,
2023-07-22 14:00:00,14,2775.7,
2023-07-22 15:00:00,15,3123.8,
2023-07-22 16:00:00,16,2787.8,
2023-07-22 17:00:00,17,1866.1,
2023-07-22 18:00:00,18,2035.8,
2023-07-22 19:00:00,19,1488.0,
2023-07-22 20:00:00,20,656.4,
2023-07-22 21:00:00,21,129.6,
2023-07-22 22:00:00,22,,
2023-07-22 23:00:00,23,,
2023-07-23 00:00:00,0,,
2023-07-23 01:00:00,1,,
2023-07-23 02:00:00,2,,
2023-07-23 03:00:00,3,,
2023-07-23 04:00:00,4,,
2023-07-23 05:00:00,5,,
2023-07-23 06:00:00,6,,
2023-07-23 07:00:00,7,,
2023-07-23 08:00:00,8,,
2023-07-23 09:00:00,9,,
2023-07-23 10:00:00,10,53.5,
2023-07-23 11:00:00,11,476.4,
2023-07-23 12:00:00,12,1531.2,
2023-07-23 13:00:00,13,2173.3,
2023-07-23 14:00:00,14,2814.1,
2023-07-23 15:00:00,15,2977.9,
2023-07-23 16:00:00,16,2657.0,
2023-07-23 17:00:00,17,2191.7,
2023-07-23 18:00:00,18,2066.4,
2023-07-23 19:00:00,19,1286.4,
2023-07-23 20:00:00,20,742.0,
2023-07-23 21:00:00,21,199.8,
2023-07-23 22:00:00,22,,
2023-07-23 23:00:00,23,,
2023-07-24 00:00:00,0,,
2023-07-24 01:00:00,1,,
2023-07-24 02:00:00,2,,
2023-07-24 03:00:00,3,,
2023-07-24 04:00:00,4,,
2023-07-24 05:00:00,5,,
2023-07-24 06:00:00,6,,
2023-07-24 07:00:00,7,,
2023-07-24 08:00:00,8,,
2023-07-24 09:00:00,9,,
2023-07-24 10:00:00,10,92.1,
2023-07-24 11:00:00,11,553.5,
2023-07-24 12:00:00,12,1573.1,
2023-07-24 13:00:00,13,2237.7,
2023-07-24 14:00:00,14,2790.3,
2023-07-24 15:00:00,15,3119.9,
2023-07-24 16:00:00,16,3147.6,
2023-07-24 17:00:00,17,2594.8,
2023-07-24 18:00:00,18,2460.0,
2023-07-24 19:00:00,19,1888.7,
2023-07-24 20:00:00,20,979.0,
2023-07-24 21:00:00,21,182.9,
2023-07-24 22:00:00,22,,
2023-07-24 23:00:00,23,,
2023-07-25 00:00:00,0,,
2023-07-25 01:00:00,1,,
2023-07-25 02:00:00,2,,
2023-07-25 03:00:00,3,,
2023-07-25 04:00:00,4,,
2023-07-25 05:00:00,5,,
2023-07-25 06:00:00,6,,
2023-07-25 07:00:00,7,,
2023-07-25 08:00:00,8,,
2023-07-25 09:00:00,9,,
2023-07-25 10:00:00,10,56.0,
2023-07-25 11:00:00,11,383.5,
2023-07-25 12:00:00,12,1532.9,
2023-07-25 13:00:00,13,2236.2,
2023-07-25 14:00:00,14,2805.0,
2023-07-25 15:00:00,15,3072.3,
2023-07-25 16:00:00,16,3224.6,
2023-07-25 17:00:00,17,2561.5,
2023-07-25 18:00:00,18,2348.8,
2023-07-25 19:00:00,19,1602.2,
2023-07-25 20:00:00,20,868.4,
2023-07-25 21:00:00,21,184.4,
2023-07-25 22:00:00,22,0.4,
2023-07-25 23:00:00,23,,
2023-07-26 00:00:00,0,,
2023-07-26 01:00:00,1,,
2023-07-26 02:00:00,2,,
2023-07-26 03:00:00,3,,
2023-07-26 04:00:00,4,,
2023-07-26 05:00:00,5,,
2023-07-26 06:00:00,6,,
2023-07-26 07:00:00,7,,
2023-07-26 08:00:00,8,,
2023-07-26 09:00:00,9,,
2023-07-26 10:00:00,10,50.5,
2023-07-26 11:00:00,11,335.3,
2023-07-26 12:00:00,12,1269.0,
2023-07-26 13:00:00,13,1230.9,
2023-07-26 14:00:00,14,2339.1,
2023-07-26 15:00:00,15,2600.3,
2023-07-26 16:00:00,16,2462.1,
2023-07-26 17:00:00,17,2380.1,
2023-07-26 18:00:00,18,2239.2,
2023-07-26 19:00:00,19,1656.7,
2023-07-26 20:00:00,20,935.5,
2023-07-26 21:00:00,21,121.9,
2023-07-26 22:00:00,22,0.4,
2023-07-26 23:00:00,23,,
2023-07-27 00:00:00,0,,
2023-07-27 01:00:00,1,,
2023-07-27 02:00:00,2,,
2023-07-27 03:00:00,3,,
2023-07-27 04:00:00,4,,
2023-07-27 05:00:00,5,,
2023-07-27 06:00:00,6,,
2023-07-27 07:00:00,7,,
2023-07-27 08:00:00,8,,
2023-07-27 09:00:00,9,,
2023-07-27 10:00:00,10,53.5,
2023-07-27 11:00:00,11,325.5,
2023-07-27 12:00:00,12,760.7,
2023-07-27 13:00:00,13,1312.2,
2023-07-27 14:00:00,14,1902.0,
2023-07-27 15:00:00,15,2984.6,
2023-07-27 16:00:00,16,3064.6,
2023-07-27 17:00:00,17,2750.9,
2023-07-27 18:00:00,18,1758.0,
2023-07-27 19:00:00,19,1548.1,
2023-07-27 20:00:00,20,1149.9,
2023-07-27 21:00:00,21,236.2,
2023-07-27 22:00:00,22,0.5,
2023-07-27 23:00:00,23,,
2023-07-28 00:00:00,0,,
2023-07-28 01:00:00,1,,
2023-07-28 02:00:00,2,,
2023-07-28 03:00:00,3,,
2023-07-28 04:00:00,4,,
2023-07-28 05:00:00,5,,
2023-07-28 06:00:00,6,,
2023-07-28 07:00:00,7,,
2023-07-28 08:00:00,8,,
2023-07-28 09:00:00,9,,
2023-07-28 10:00:00,10,31.5,
2023-07-28 11:00:00,11,365.2,
2023-07-28 12:00:00,12,846.7,
2023-07-28 13:00:00,13,1604.6,
2023-07-28 14:00:00,14,2227.2,
2023-07-28 15:00:00,15,2759.0,
2023-07-28 16:00:00,16,2483.4,
2023-07-28 17:00:00,17,2054.3,
2023-07-28 18:00:00,18,2656.5,
2023-07-28 19:00:00,19,1347.4,
2023-07-28 20:00:00,20,1011.8,
2023-07-28 21:00:00,21,200.9,
2023-07-28 22:00:00,22,0.2,
2023-07-28 23:00:00,23,,
2023-07-29 00:00:00,0,,
2023-07-29 01:00:00,1,,
2023-07-29 02:00:00,2,,
2023-07-29 03:00:00,3,,
2023-07-29 04:00:00,4,,
2023-07-29 05:00:00,5,,
2023-07-29 06:00:00,6,,
2023-07-29 07:00:00,7,,
2023-07-29 08:00:00,8,,
2023-07-29 09:00:00,9,,
2023-07-29 10:00:00,10,62.1,
2023-07-29 11:00:00,11,301.5,
2023-07-29 12:00:00,12,1052.3,
2023-07-29 13:00:00,13,1507.2,
2023-07-29 14:00:00,14,2065.4,
2023-07-29 15:00:00,15,2113.6,
2023-07-29 16:00:00,16,2811.5,
2023-07-29 17:00:00,17,2967.6,
2023-07-29 18:00:00,18,1695.6,
2023-07-29 19:00:00,19,1614.1,
2023-07-29 20:00:00,20,1094.0,
2023-07-29 21:00:00,21,197.4,
2023-07-29 22:00:00,22,,
2023-07-29 23:00:00,23,,
2023-07-30 00:00:00,0,,
2023-07-30 01:00:00,1,,
2023-07-30 02:00:00,2,,
2023-07-30 03:00:00,3,,
2023-07-30 04:00:00,4,,
2023-07-30 05:00:00,5,,
2023-07-30 06:00:00,6,,
2023-07-30 07:00:00,7,,
2023-07-30 08:00:00,8,,
2023-07-30 09:00:00,9,,
2023-07-30 10:00:00,10,31.2,
2023-07-30 11:00:00,11,167.8,
2023-07-30 12:00:00,12,425.8,
2023-07-30 13:00:00,13,1070.2,
2023-07-30 14:00:00,14,1940.0,
2023-07-30 15:00:00,15,2329.6,
2023-07-30 16:00:00,16,2443.7,
2023-07-30 17:00:00,17,2433.8,
2023-07-30 18:00:00,18,1913.4,
2023-07-30 19:00:00,19,1596.3,
2023-07-30 20:00:00,20,1106.3,
2023-07-30 21:00:00,21,199.5,
2023-07-30 22:00:00,22,1.5,
2023-07-30 23:00:00,23,,
2023-07-31 00:00:00,0,,
2023-07-31 01:00:00,1,,
2023-07-31 02:00:00,2,,
2023-07-31 03:00:00,3,,
2023-07-31 04:00:00,4,,
2023-07-31 05:00:00,5,,
2023-07-31 06:00:00,6,,
2023-07-31 07:00:00,7,,
2023-07-31 08:00:00,8,,
2023-07-31 09:00:00,9,,
2023-07-31 10:00:00,10,21.9,
2023-07-31 11:00:00,11,437.6,
2023-07-31 12:00:00,12,437.9,
2023-07-31 13:00:00,13,847.8,
2023-07-31 14:00:00,14,1800.9,
2023-07-31 15:00:00,15,2665.0,
2023-07-31 16:00:00,16,2084.7,
2023-07-31 17:00:00,17,2458.6,
2023-07-31 18:00:00,18,1865.1,
2023-07-31 19:00:00,19,1803.9,
2023-07-31 20:00:00,20,899.5,
2023-07-31 21:00:00,21,190.5,
2023-07-31 22:00:00,22,0.5,
2023-07-31 23:00:00,23,,
2023-08-01 00:00:00,0,,
2023-08-01 01:00:00,1,,
2023-08-01 02:00:00,2,,
2023-08-01 03:00:00,3,,
2023-08-01 04:00:00,4,,
2023-08-01 05:00:00,5,,
2023-08-01 06:00:00,6,,
2023-08-01 07:00:00,7,,
2023-08-01 08:00:00,8,,
2023-08-01 09:00:00,9,,
2023-08-01 10:00:00,10,61.6,
2023-08-01 11:00:00,11,427.9,
2023-08-01 12:00:00,12,1551.3,
2023-08-01 13:00:00,13,2248.8,
2023-08-01 14:00:00,14,2915.5,
2023-08-01 15:00:00,15,3156.1,
2023-08-01 16:00:00,16,3168.5,
2023-08-01 17:00:00,17,2843.5,
2023-08-01 18:00:00,18,2534.0,
2023-08-01 19:00:00,19,1871.7,
2023-08-01 20:00:00,20,1100.7,
2023-08-01 21:00:00,21,191.2,
2023-08-01 22:00:00,22,0.2,
2023-08-01 23:00:00,23,,
2023-08-02 00:00:00,0,,
2023-08-02 01:00:00,1,,
2023-08-02 02:00:00,2,,
2023-08-02 03:00:00,3,,
2023-08-02 04:00:00,4,,
2023-08-02 05:00:00,5,,
2023-08-02 06:00:00,6,,
2023-08-02 07:00:00,7,,
2023-08-02 08:00:00,8,,
2023-08-02 09:00:00,9,,
2023-08-02 10:00:00,10,65.6,
2023-08-02 11:00:00,11,388.2,
2023-08-02 12:00:00,12,1365.6,
2023-08-02 13:00:00,13,1697.3,
2023-08-02 14:00:00,14,2419.6,
2023-08-02 15:00:00,15,2545.4,
2023-08-02 16:00:00,16,3226.4,
2023-08-02 17:00:00,17,2709.3,
2023-08-02 18:00:00,18,2162.9,
2023-08-02 19:00:00,19,1500.3,
2023-08-02 20:00:00,20,1075.4,
2023-08-02 21:00:00,21,199.5,
2023-08-02 22:00:00,22,0.3,
2023-08-02 23:00:00,23,,
2023-08-03 00:00:00,0,,
2023-08-03 01:00:00,1,,
2023-08-03 02:00:00,2,,
2023-08-03 03:00:00,3,,
2023-08-03 04:00:00,4,,
2023-08-03 05:00:00,5,,
2023-08-03 06:00:00,6,,
2023-08-03 07:00:00,7,,
2023-08-03 08:00:00,8,,
2023-08-03 09:00:00,9,,
2023-08-03 10:00:00,10,28.9,
2023-08-03 11:00:00,11,165.6,
2023-08-03 12:00:00,12,1069.1,
2023-08-03 13:00:00,13,1827.3,
2023-08-03 14:00:00,14,2289.1,
2023-08-03 15:00:00,15,2615.0,
2023-08-03 16:00:00,16,2069.5,
2023-08-03 17:00:00,17,2520.1,
2023-08-03 18:00:00,18,2314.8,
2023-08-03 19:00:00,19,1094.1,
2023-08-03 20:00:00,20,1132.0,
2023-08-03 21:00:00,21,190.4,
2023-08-03 22:00:00,22,0.8,
2023-08-03 23:00:00,23,,
2023-08-04 00:00:00,0,,
2023-08-04 01:00:00,1,,
2023-08-04 02:00:00,2,,
2023-08-04 03:00:00,3,,
2023-08-04 04:00:00,4,,
2023-08-04 05:00:00,5,,
2023-08-04 06:00:00,6,,
2023-08-04 07:00:00,7,,
2023-08-04 08:00:00,8,,
2023-08-04 09:00:00,9,,
2023-08-04 10:00:00,10,46.9,
2023-08-04 11:00:00,11,376.4,
2023-08-04 12:00:00,12,1404.6,
2023-08-04 13:00:00,13,1450.9,
2023-08-04 14:00:00,14,2101.4,
2023-08-04 15:00:00,15,2977.7,
2023-08-04 16:00:00,16,2332.8,
2023-08-04 17:00:00,17,2106.6,
2023-08-04 18:00:00,18,1802.6,
2023-08-04 19:00:00,19,1539.2,
2023-08-04 20:00:00,20,1064.9,
2023-08-04 21:00:00,21,206.9,
2023-08-04 22:00:00,22,,
2023-08-04 23:00:00,23,,
2023-08-05 00:00:00,0,,
2023-08-05 01:00:00,1,,
2023-08-05 02:00:00,2,,
2023-08-05 03:00:00,3,,
2023-08-05 04:00:00,4,,
2023-08-05 05:00:00,5,,
2023-08-05 06:00:00,6,,
2023-08-05 07:00:00,7,,
2023-08-05 08:00:00,8,,
2023-08-05 09:00:00,9,,
2023-08-05 10:00:00,10,76.6,
2023-08-05 11:00:00,11,410.7,
2023-08-05 12:00:00,12,791.1,
2023-08-05 13:00:00,13,947.4,
2023-08-05 14:00:00,14,596.6,
2023-08-05 15:00:00,15,1701.4,
2023-08-05 16:00:00,16,2445.9,
2023-08-05 17:00:00,17,2572.0,
2023-08-05 18:00:00,18,2518.3,
2023-08-05 19:00:00,19,1776.2,
2023-08-05 20:00:00,20,885.4,
2023-08-05 21:00:00,21,190.7,
2023-08-05 22:00:00,22,,
2023-08-05 23:00:00,23,,
2023-08-06 00:00:00,0,,
2023-08-06 01:00:00,1,,
2023-08-06 02:00:00,2,,
2023-08-06 03:00:00,3,,
2023-08-06 04:00:00,4,,
2023-08-06 05:00:00,5,,
2023-08-06 06:00:00,6,,
2023-08-06 07:00:00,7,,
2023-08-06 08:00:00,8,,
2023-08-06 09:00:00,9,,
2023-08-06 10:00:00,10,29.0,
2023-08-06 11:00:00,11,160.5,
2023-08-06 12:00:00,12,334.6,
2023-08-06 13:00:00,13,1127.2,
2023-08-06 14:00:00,14,1637.6,
2023-08-06 15:00:00,15,2632.7,
2023-08-06 16:00:00,16,3418.0,
2023-08-06 17:00:00,17,2802.9,
2023-08-06 18:00:00,18,2087.1,
2023-08-06 19:00:00,19,1813.6,
2023-08-06 20:00:00,20,1064.6,
2023-08-06 21:00:00,21,200.2,
2023-08-06 22:00:00,22,0.5,
2023-08-06 23:00:00,23,,
2023-08-07 00:00:00,0,,
2023-08-07 01:00:00,1,,
2023-08-07 02:00:00,2,,
2023-08-07 03:00:00,3,,
2023-08-07 04:00:00,4,,
2023-08-07 05:00:00,5,,
2023-08-07 06:00:00,6,,
2023-08-07 07:00:00,7,,
2023-08-07 08:00:00,8,,
2023-08-07 09:00:00,9,,
2023-08-07 10:00:00,10,85.0,
2023-08-07 11:00:00,11,347.1,
2023-08-07 12:00:00,12,813.6,
2023-08-07 13:00:00,13,1657.9,
2023-08-07 14:00:00,14,2588.4,
2023-08-07 15:00:00,15,2647.9,
2023-08-07 16:00:00,16,2631.5,
2023-08-07 17:00:00,17,2506.7,
2023-08-07 18:00:00,18,1728.3,
2023-08-07 19:00:00,19,1676.6,
2023-08-07 20:00:00,20,1081.3,
2023-08-07 21:00:00,21,209.6,
2023-08-07 22:00:00,22,2.1,
2023-08-07 23:00:00,23,,
2023-08-08 00:00:00,0,,
2023-08-08 01:00:00,1,,
2023-08-08 02:00:00,2,,
2023-08-08 03:00:00,3,,
2023-08-08 04:00:00,4,,
2023-08-08 05:00:00,5,,
2023-08-08 06:00:00,6,,
2023-08-08 07:00:00,7,,
2023-08-08 08:00:00,8,,
2023-08-08 09:00:00,9,,
2023-08-08 10:00:00,10,37.2,
2023-08-08 11:00:00,11,375.5,
2023-08-08 12:00:00,12,953.4,
2023-08-08 13:00:00,13,1879.5,
2023-08-08 14:00:00,14,2259.3,
2023-08-08 15:00:00,15,2655.7,
2023-08-08 16:00:00,16,3015.6,
2023-08-08 17:00:00,17,2732.5,
2023-08-08 18:00:00,18,2312.6,
2023-08-08 19:00:00,19,1770.1,
2023-08-08 20:00:00,20,1050.4,
2023-08-08 21:00:00,21,173.7,
2023-08-08 22:00:00,22,0.8,
2023-08-08 23:00:00,23,,
2023-08-09 00:00:00,0,,
2023-08-09 01:00:00,1,,
2023-08-09 02:00:00,2,,
2023-08-09 03:00:00,3,,
2023-08-09 04:00:00,4,,
2023-08-09 05:00:00,5,,
2023-08-09 06:00:00,6,,
2023-08-09 07:00:00,7,,
2023-08-09 08:00:00,8,,
2023-08-09 09:00:00,9,,
2023-08-09 10:00:00,10,62.0,
2023-08-09 11:00:00,11,300.9,
2023-08-09 12:00:00,12,626.9,
2023-08-09 13:00:00,13,1198.7,
2023-08-09 14:00:00,14,2103.6,
2023-08-09 15:00:00,15,2593.4,
2023-08-09 16:00:00,16,2374.5,
2023-08-09 17:00:00,17,2253.7,
2023-08-09 18:00:00,18,2087.4,
2023-08-09 19:00:00,19,1740.2,
2023-08-09 20:00:00,20,834.7,
2023-08-09 21:00:00,21,318.6,
2023-08-09 22:00:00,22,2.8,
2023-08-09 23:00:00,23,,
2023-08-10 00:00:00,0,,
2023-08-10 01:00:00,1,,
2023-08-10 02:00:00,2,,
2023-08-10 03:00:00,3,,
2023-08-10 04:00:00,4,,
2023-08-10 05:00:00,5,,
2023-08-10 06:00:00,6,,
2023-08-10 07:00:00,7,,
2023-08-10 08:00:00,8,,
2023-08-10 09:00:00,9,,
2023-08-10 10:00:00,10,89.3,
2023-08-10 11:00:00,11,412.3,
2023-08-10 12:00:00,12,1340.2,
2023-08-10 13:00:00,13,1435.7,
2023-08-10 14:00:00,14,1910.4,
2023-08-10 15:00:00,15,3270.0,
2023-08-10 16:00:00,16,2686.0,
2023-08-10 17:00:00,17,2670.1,
2023-08-10 18:00:00,18,2511.3,
2023-08-10 19:00:00,19,1300.7,
2023-08-10 20:00:00,20,937.5,
2023-08-10 21:00:00,21,192.7,
2023-08-10 22:00:00,22,,
2023-08-10 23:00:00,23,,
2023-08-11 00:00:00,0,,
2023-08-11 01:00:00,1,,
2023-08-11 02:00:00,2,,
2023-08-11 03:00:00,3,,
2023-08-11 04:00:00,4,,
2023-08-11 05:00:00,5,,
2023-08-11 06:00:00,6,,
2023-08-11 07:00:00,7,,
2023-08-11 08:00:00,8,,
2023-08-11 09:00:00,9,,
2023-08-11 10:00:00,10,50.6,
2023-08-11 11:00:00,11,236.7,
2023-08-11 12:00:00,12,1028.2,
2023-08-11 13:00:00,13,2184.0,
2023-08-11 14:00:00,14,3060.8,
2023-08-11 15:00:00,15,2960.5,
2023-08-11 16:00:00,16,2698.1,
2023-08-11 17:00:00,17,2336.6,
2023-08-11 18:00:00,18,1675.8,
2023-08-11 19:00:00,19,1593.4,
2023-08-11 20:00:00,20,1096.5,
2023-08-11 21:00:00,21,231.4,
2023-08-11 22:00:00,22,0.7,
2023-08-11 23:00:00,23,,
2023-08-12 00:00:00,0,,
2023-08-12 01:00:00,1,,
2023-08-12 02:00:00,2,,
2023-08-12 03:00:00,3,,
2023-08-12 04:00:00,4,,
2023-08-12 05:00:00,5,,
2023-08-12 06:00:00,6,,
2023-08-12 07:00:00,7,,
2023-08-12 08:00:00,8,,
2023-08-12 09:00:00,9,,
2023-08-12 10:00:00,10,45.1,
2023-08-12 11:00:00,11,195.4,
2023-08-12 12:00:00,12,1377.9,
2023-08-12 13:00:00,13,1680.7,
2023-08-12 14:00:00,14,2147.7,
2023-08-12 15:00:00,15,2893.2,
2023-08-12 16:00:00,16,3240.1,
2023-08-12 17:00:00,17,2591.4,
2023-08-12 18:00:00,18,2082.2,
2023-08-12 19:00:00,19,1400.8,
2023-08-12 20:00:00,20,1188.8,
2023-08-12 21:00:00,21,171.7,
2023-08-12 22:00:00,22,0.6,
2023-08-12 23:00:00,23,,
2023-08-13 00:00:00,0,,
2023-08-13 01:00:00,1,,
2023-08-13 02:00:00,2,,
2023-08-13 03:00:00,3,,
2023-08-13 04:00:00,4,,
2023-08-13 05:00:00,5,,
2023-08-13 06:00:00,6,,
2023-08-13 07:00:00,7,,
2023-08-13 08:00:00,8,,
2023-08-13 09:00:00,9,,
2023-08-13 10:00:00,10,52.8,
2023-08-13 11:00:00,11,180.2,
2023-08-13 12:00:00,12,565.4,
2023-08-13 13:00:00,13,1551.5,
2023-08-13 14:00:00,14,2151.6,
2023-08-13 15:00:00,15,2201.2,
2023-08-13 16:00:00,16,3584.0,
2023-08-13 17:00:00,17,2555.7,
2023-08-13 18:00:00,18,2235.5,
2023-08-13 19:00:00,19,1068.6,
2023-08-13 20:00:00,20,1047.5,
2023-08-13 21:00:00,21,117.9,
2023-08-13 22:00:00,22,,
2023-08-13 23:00:00,23,,
2023-08-14 00:00:00,0,,
2023-08-14 01:00:00,1,,
2023-08-14 02:00:00,2,,
2023-08-14 03:00:00,3,,
2023-08-14 04:00:00,4,,
2023-08-14 05:00:00,5,,
2023-08-14 06:00:00,6,,
2023-08-14 07:00:00,7,,
2023-08-14 08:00:00,8,,
2023-08-14 09:00:00,9,,
2023-08-14 10:00:00,10,74.5,
2023-08-14 11:00:00,11,456.8,
2023-08-14 12:00:00,12,662.3,
2023-08-14 13:00:00,13,1228.5,
2023-08-14 14:00:00,14,2183.7,
2023-08-14 15:00:00,15,2976.8,
2023-08-14 16:00:00,16,2636.4,
2023-08-14 17:00:00,17,2624.9,
2023-08-14 18:00:00,18,2335.8,
2023-08-14 19:00:00,19,1858.4,
2023-08-14 20:00:00,20,891.0,
2023-08-14 21:00:00,21,158.2,
2023-08-14 22:00:00,22,0.6,
2023-08-14 23:00:00,23,,
2023-08-15 00:00:00,0,,
2023-08-15 01:00:00,1,,
2023-08-15 02:00:00,2,,
2023-08-15 03:00:00,3,,
2023-08-15 04:00:00,4,,
2023-08-15 05:00:00,5,,
2023-08-15 06:00:00,6,,
2023-08-15 07:00:00,7,,
2023-08-15 08:00:00,8,,
2023-08-15 09:00:00,9,,
2023-08-15 10:00:00,10,88.4,
2023-08-15 11:00:00,11,331.9,
2023-08-15 12:00:00,12,1201.1,
2023-08-15 13:00:00,13,2132.1,
2023-08-15 14:00:00,14,2751.7,
2023-08-15 15:00:00,15,3137.7,
2023-08-15 16:00:00,16,3336.9,
2023-08-15 17:00:00,17,2936.9,
2023-08-15 18:00:00,18,2354.9,
2023-08-15 19:00:00,19,1807.5,
2023-08-15 20:00:00,20,1019.6,
2023-08-15 21:00:00,21,183.5,
2023-08-15 22:00:00,22,0.4,
2023-08-15 23:00:00,23,,
2023-08-16 00:00:00,0,,
2023-08-16 01:00:00,1,,
2023-08-16 02:00:00,2,,
2023-08-16 03:00:00,3,,
2023-08-16 04:00:00,4,,
2023-08-16 05:00:00,5,,
2023-08-16 06:00:00,6,,
2023-08-16 07:00:00,7,,
2023-08-16 08:00:00,8,,
2023-08-16 09:00:00,9,,
2023-08-16 10:00:00,10,62.3,
2023-08-16 11:00:00,11,246.8,
2023-08-16 12:00:00,12,1591.2,
2023-08-16 13:00:00,13,1790.8,
2023-08-16 14:00:00,14,2250.6,
2023-08-16 15:00:00,15,3061.2,
2023-08-16 16:00:00,16,2546.0,
2023-08-16 17:00:00,17,3063.7,
2023-08-16 18:00:00,18,1624.3,
2023-08-16 19:00:00,19,1572.8,
2023-08-16 20:00:00,20,1059.7,
2023-08-16 21:00:00,21,207.4,
2023-08-16 22:00:00,22,0.4,
2023-08-16 23:00:00,23,,
2023-08-17 00:00:00,0,,
2023-08-17 01:00:00,1,,
2023-08-17 02:00:00,2,,
2023-08-17 03:00:00,3,,
2023-08-17 04:00:00,4,,
2023-08-17 05:00:00,5,,
2023-08-17 06:00:00,6,,
2023-08-17 07:00:00,7,,
2023-08-17 08:00:00,8,,
2023-08-17 09:00:00,9,,
2023-08-17 10:00:00,10,66.6,
2023-08-17 11:00:00,11,432.0,
2023-08-17 12:00:00,12,1597.5,
2023-08-17 13:00:00,13,2437.8,
2023-08-17 14:00:00,14,2993.7,
2023-08-17 15:00:00,15,3090.2,
2023-08-17 16:00:00,16,2732.1,
2023-08-17 17:00:00,17,2498.7,
2023-08-17 18:00:00,18,2585.5,
2023-08-17 19:00:00,19,1442.7,
2023-08-17 20:00:00,20,1121.1,
2023-08-17 21:00:00,21,217.1,
2023-08-17 22:00:00,22,0.0,
2023-08-17 23:00:00,23,,
2023-08-18 00:00:00,0,,
2023-08-18 01:00:00,1,,
2023-08-18 02:00:00,2,,
2023-08-18 03:00:00,3,,
2023-08-18 04:00:00,4,,
2023-08-18 05:00:00,5,,
2023-08-18 06:00:00,6,,
2023-08-18 07:00:00,7,,
2023-08-18 08:00:00,8,,
2023-08-18 09:00:00,9,,
2023-08-18 10:00:00,10,68.3,
2023-08-18 11:00:00,11,410.8,
2023-08-18 12:00:00,12,1644.1,
2023-08-18 13:00:00,13,2438.8,
2023-08-18 14:00:00,14,3000.1,
2023-08-18 15:00:00,15,3265.3,
2023-08-18 16:00:00,16,3256.9,
2023-08-18 17:00:00,17,2846.4,
2023-08-18 18:00:00,18,2534.4,
2023-08-18 19:00:00,19,1712.3,
2023-08-18 20:00:00,20,1109.9,
2023-08-18 21:00:00,21,241.7,
2023-08-18 22:00:00,22,0.3,
2023-08-18 23:00:00,23,,
2023-08-19 00:00:00,0,,
2023-08-19 01:00:00,1,,
2023-08-19 02:00:00,2,,
2023-08-19 03:00:00,3,,
2023-08-19 04:00:00,4,,
2023-08-19 05:00:00,5,,
2023-08-19 06:00:00,6,,
2023-08-19 07:00:00,7,,
2023-08-19 08:00:00,8,,
2023-08-19 09:00:00,9,,
2023-08-19 10:00:00,10,29.1,
2023-08-19 11:00:00,11,218.3,
2023-08-19 12:00:00,12,558.6,
2023-08-19 13:00:00,13,750.5,
2023-08-19 14:00:00,14,1327.0,
2023-08-19 15:00:00,15,1833.8,
2023-08-19 16:00:00,16,2224.9,
2023-08-19 17:00:00,17,3126.8,
2023-08-19 18:00:00,18,2070.7,
2023-08-19 19:00:00,19,1559.5,
2023-08-19 20:00:00,20,979.2,
2023-08-19 21:00:00,21,214.8,
2023-08-19 22:00:00,22,,
2023-08-19 23:00:00,23,,
2023-08-20 00:00:00,0,,
2023-08-20 01:00:00,1,,
2023-08-20 02:00:00,2,,
2023-08-20 03:00:00,3,,
2023-08-20 04:00:00,4,,
2023-08-20 05:00:00,5,,
2023-08-20 06:00:00,6,,
2023-08-20 07:00:00,7,,
2023-08-20 08:00:00,8,,
2023-08-20 09:00:00,9,,
2023-08-20 10:00:00,10,46.4,
2023-08-20 11:00:00,11,407.9,
2023-08-20 12:00:00,12,1485.7,
2023-08-20 13:00:00,13,1438.1,
2023-08-20 14:00:00,14,2293.7,
2023-08-20 15:00:00,15,2635.9,
2023-08-20 16:00:00,16,2480.4,
2023-08-20 17:00:00,17,2552.0,
2023-08-20 18:00:00,18,2448.1,
2023-08-20 19:00:00,19,2061.0,
2023-08-20 20:00:00,20,1113.8,
2023-08-20 21:00:00,21,181.3,
2023-08-20 22:00:00,22,,
2023-08-20 23:00:00,23,,
2023-08-21 00:00:00,0,,
2023-08-21 01:00:00,1,,
2023-08-21 02:00:00,2,,
2023-08-21 03:00:00,3,,
2023-08-21 04:00:00,4,,
2023-08-21 05:00:00,5,,
2023-08-21 06:00:00,6,,
2023-08-21 07:00:00,7,,
2023-08-21 08:00:00,8,,
2023-08-21 09:00:00,9,,
2023-08-21 10:00:00,10,42.8,
2023-08-21 11:00:00,11,353.6,
2023-08-21 12:00:00,12,1061.5,
2023-08-21 13:00:00,13,2078.6,
2023-08-21 14:00:00,14,2733.1,
2023-08-21 15:00:00,15,2504.9,
2023-08-21 16:00:00,16,2235.6,
2023-08-21 17:00:00,17,2397.3,
2023-08-21 18:00:00,18,1744.4,
2023-08-21 19:00:00,19,1265.7,
2023-08-21 20:00:00,20,1011.4,
2023-08-21 21:00:00,21,166.0,
2023-08-21 22:00:00,22,,
2023-08-21 23:00:00,23,,
2023-08-22 00:00:00,0,,
2023-08-22 01:00:00,1,,
2023-08-22 02:00:00,2,,
2023-08-22 03:00:00,3,,
2023-08-22 04:00:00,4,,
2023-08-22 05:00:00,5,,
2023-08-22 06:00:00,6,,
2023-08-22 07:00:00,7,,
2023-08-22 08:00:00,8,,
2023-08-22 09:00:00,9,,
2023-08-22 10:00:00,10,59.6,
2023-08-22 11:00:00,11,385.9,
2023-08-22 12:00:00,12,459.5,
2023-08-22 13:00:00,13,1969.1,
2023-08-22 14:00:00,14,2660.9,
2023-08-22 15:00:00,15,2317.1,
2023-08-22 16:00:00,16,2707.0,
2023-08-22 17:00:00,17,2587.7,
2023-08-22 18:00:00,18,1370.5,
2023-08-22 19:00:00,19,1724.3,
2023-08-22 20:00:00,20,986.7,
2023-08-22 21:00:00,21,186.5,
2023-08-22 22:00:00,22,,
2023-08-22 23:00:00,23,,
2023-08-23 00:00:00,0,,
2023-08-23 01:00:00,1,,
2023-08-23 02:00:00,2,,
2023-08-23 03:00:00,3,,
2023-08-23 04:00:00,4,,
2023-08-23 05:00:00,5,,
2023-08-23 06:00:00,6,,
2023-08-23 07:00:00,7,,
2023-08-23 08:00:00,8,,
2023-08-23 09:00:00,9,0.2,
2023-08-23 10:00:00,10,74.3,
2023-08-23 11:00:00,11,420.4,
2023-08-23 12:00:00,12,579.9,
2023-08-23 13:00:00,13,1107.4,
2023-08-23 14:00:00,14,1437.4,
2023-08-23 15:00:00,15,1627.8,
2023-08-23 16:00:00,16,1815.5,
2023-08-23 17:00:00,17,1788.2,
2023-08-23 18:00:00,18,2209.4,
2023-08-23 19:00:00,19,1668.1,
2023-08-23 20:00:00,20,873.7,
2023-08-23 21:00:00,21,182.3,
2023-08-23 22:00:00,22,,
2023-08-23 23:00:00,23,,
2023-08-24 00:00:00,0,,
2023-08-24 01:00:00,1,,
2023-08-24 02:00:00,2,,
2023-08-24 03:00:00,3,,
2023-08-24 04:00:00,4,,
2023-08-24 05:00:00,5,,
2023-08-24 06:00:00,6,,
2023-08-24 07:00:00,7,,
2023-08-24 08:00:00,8,,
2023-08-24 09:00:00,9,,
2023-08-24 10:00:00,10,82.5,
2023-08-24 11:00:00,11,378.3,
2023-08-24 12:00:00,12,1404.2,
2023-08-24 13:00:00,13,2247.4,
2023-08-24 14:00:00,14,2949.9,
2023-08-24 15:00:00,15,3260.7,
2023-08-24 16:00:00,16,3257.0,
2023-08-24 17:00:00,17,2787.0,
2023-08-24 18:00:00,18,1910.1,
2023-08-24 19:00:00,19,1239.8,
2023-08-24 20:00:00,20,968.4,
2023-08-24 21:00:00,21,165.0,
2023-08-24 22:00:00,22,,
2023-08-24 23:00:00,23,,
2023-08-25 00:00:00,0,,
2023-08-25 01:00:00,1,,
2023-08-25 02:00:00,2,,
2023-08-25 03:00:00,3,,
2023-08-25 04:00:00,4,,
2023-08-25 05:00:00,5,,
2023-08-25 06:00:00,6,,
2023-08-25 07:00:00,7,,
2023-08-25 08:00:00,8,,
2023-08-25 09:00:00,9,,
2023-08-25 10:00:00,10,92.5,
2023-08-25 11:00:00,11,431.4,
2023-08-25 12:00:00,12,1309.6,
2023-08-25 13:00:00,13,2332.9,
2023-08-25 14:00:00,14,2847.3,
2023-08-25 15:00:00,15,3130.8,
2023-08-25 16:00:00,16,3306.4,
2023-08-25 17:00:00,17,2202.4,
2023-08-25 18:00:00,18,1902.8,
2023-08-25 19:00:00,19,1506.6,
2023-08-25 20:00:00,20,834.1,
2023-08-25 21:00:00,21,155.4,
2023-08-25 22:00:00,22,,
2023-08-25 23:00:00,23,,
2023-08-26 00:00:00,0,,
2023-08-26 01:00:00,1,,
2023-08-26 02:00:00,2,,
2023-08-26 03:00:00,3,,
2023-08-26 04:00:00,4,,
2023-08-26 05:00:00,5,,
2023-08-26 06:00:00,6,,
2023-08-26 07:00:00,7,,
2023-08-26 08:00:00,8,,
2023-08-26 09:00:00,9,,
2023-08-26 10:00:00,10,115.9,
2023-08-26 11:00:00,11,424.3,
2023-08-26 12:00:00,12,779.1,
2023-08-26 13:00:00,13,1977.2,
2023-08-26 14:00:00,14,1264.6,
2023-08-26 15:00:00,15,985.6,
2023-08-26 16:00:00,16,1695.5,
2023-08-26 17:00:00,17,2380.7,
2023-08-26 18:00:00,18,2324.5,
2023-08-26 19:00:00,19,1576.5,
2023-08-26 20:00:00,20,781.9,
2023-08-26 21:00:00,21,156.2,
2023-08-26 22:00:00,22,,
2023-08-26 23:00:00,23,,
2023-08-27 00:00:00,0,,
2023-08-27 01:00:00,1,,
2023-08-27 02:00:00,2,,
2023-08-27 03:00:00,3,,
2023-08-27 04:00:00,4,,
2023-08-27 05:00:00,5,,
2023-08-27 06:00:00,6,,
2023-08-27 07:00:00,7,,
2023-08-27 08:00:00,8,,
2023-08-27 09:00:00,9,,
2023-08-27 10:00:00,10,88.0,
2023-08-27 11:00:00,11,430.1,
2023-08-27 12:00:00,12,1560.2,
2023-08-27 13:00:00,13,2515.7,
2023-08-27 14:00:00,14,2710.3,
2023-08-27 15:00:00,15,3029.4,
2023-08-27 16:00:00,16,2658.9,
2023-08-27 17:00:00,17,1933.2,
2023-08-27 18:00:00,18,2202.9,
2023-08-27 19:00:00,19,1301.2,
2023-08-27 20:00:00,20,939.8,
2023-08-27 21:00:00,21,154.0,
2023-08-27 22:00:00,22,,
2023-08-27 23:00:00,23,,
2023-08-28 00:00:00,0,,
2023-08-28 01:00:00,1,,
2023-08-28 02:00:00,2,,
2023-08-28 03:00:00,3,,
2023-08-28 04:00:00,4,,
2023-08-28 05:00:00,5,,
2023-08-28 06:00:00,6,,
2023-08-28 07:00:00,7,,
2023-08-28 08:00:00,8,,
2023-08-28 09:00:00,9,,
2023-08-28 10:00:00,10,91.0,
2023-08-28 11:00:00,11,467.5,
2023-08-28 12:00:00,12,1549.5,
2023-08-28 13:00:00,13,2446.6,
2023-08-28 14:00:00,14,2363.7,
2023-08-28 15:00:00,15,2878.8,
2023-08-28 16:00:00,16,2058.1,
2023-08-28 17:00:00,17,2259.8,
2023-08-28 18:00:00,18,1839.2,
2023-08-28 19:00:00,19,1681.3,
2023-08-28 20:00:00,20,1036.9,
2023-08-28 21:00:00,21,157.3,
2023-08-28 22:00:00,22,,
2023-08-28 23:00:00,23,,
2023-08-29 00:00:00,0,,
2023-08-29 01:00:00,1,,
2023-08-29 02:00:00,2,,
2023-08-29 03:00:00,3,,
2023-08-29 04:00:00,4,,
2023-08-29 05:00:00,5,,
2023-08-29 06:00:00,6,,
2023-08-29 07:00:00,7,,
2023-08-29 08:00:00,8,,
2023-08-29 09:00:00,9,,
2023-08-29 10:00:00,10,109.7,
2023-08-29 11:00:00,11,508.2,
2023-08-29 12:00:00,12,1229.7,
2023-08-29 13:00:00,13,1395.6,
2023-08-29 14:00:00,14,2009.1,
2023-08-29 15:00:00,15,3070.9,
2023-08-29 16:00:00,16,2059.1,
2023-08-29 17:00:00,17,1610.2,
2023-08-29 18:00:00,18,1795.8,
2023-08-29 19:00:00,19,1525.0,
2023-08-29 20:00:00,20,756.9,
2023-08-29 21:00:00,21,160.8,
2023-08-29 22:00:00,22,,
2023-08-29 23:00:00,23,,
2023-08-30 00:00:00,0,,
2023-08-30 01:00:00,1,,
2023-08-30 02:00:00,2,,
2023-08-30 03:00:00,3,,
2023-08-30 04:00:00,4,,
2023-08-30 05:00:00,5,,
2023-08-30 06:00:00,6,,
2023-08-30 07:00:00,7,,
2023-08-30 08:00:00,8,,
2023-08-30 09:00:00,9,,
2023-08-30 10:00:00,10,93.9,
2023-08-30 11:00:00,11,474.7,
2023-08-30 12:00:00,12,1096.3,
2023-08-30 13:00:00,13,1729.2,
2023-08-30 14:00:00,14,1864.1,
2023-08-30 15:00:00,15,1675.7,
2023-08-30 16:00:00,16,1785.1,
2023-08-30 17:00:00,17,1907.6,
2023-08-30 18:00:00,18,1564.9,
2023-08-30 19:00:00,19,1695.0,
2023-08-30 20:00:00,20,935.5,
2023-08-30 21:00:00,21,154.4,
2023-08-30 22:00:00,22,,
2023-08-30 23:00:00,23,,
2023-08-31 00:00:00,0,,
2023-08-31 01:00:00,1,,
2023-08-31 02:00:00,2,,
2023-08-31 03:00:00,3,,
2023-08-31 04:00:00,4,,
2023-08-31 05:00:00,5,,
2023-08-31 06:00:00,6,,
2023-08-31 07:00:00,7,,
2023-08-31 08:00:00,8,,
2023-08-31 09:00:00,9,,
2023-08-31 10:00:00,10,113.5,
2023-08-31 11:00:00,11,411.4,
2023-08-31 12:00:00,12,774.5,
2023-08-31 13:00:00,13,1331.8,
2023-08-31 14:00:00,14,1657.1,
2023-08-31 15:00:00,15,1757.5,
2023-08-31 16:00:00,16,1765.1,
2023-08-31 17:00:00,17,2096.4,
2023-08-31 18:00:00,18,2268.4,
2023-08-31 19:00:00,19,832.9,
2023-08-31 20:00:00,20,781.4,
2023-08-31 21:00:00,21,147.6,
2023-08-31 22:00:00,22,,
2023-08-31 23:00:00,23,,
2023-09-01 00:00:00,0,,
2023-09-01 01:00:00,1,,
2023-09-01 02:00:00,2,,
2023-09-01 03:00:00,3,,
2023-09-01 04:00:00,4,,
2023-09-01 05:00:00,5,,
2023-09-01 06:00:00,6,,
2023-09-01 07:00:00,7,,
2023-09-01 08:00:00,8,,
2023-09-01 09:00:00,9,,
2023-09-01 10:00:00,10,85.1,
2023-09-01 11:00:00,11,388.1,
2023-09-01 12:00:00,12,1726.9,
2023-09-01 13:00:00,13,1037.3,
2023-09-01 14:00:00,14,931.2,
2023-09-01 15:00:00,15,1424.0,
2023-09-01 16:00:00,16,2366.9,
2023-09-01 17:00:00,17,2717.2,
2023-09-01 18:00:00,18,2159.8,
2023-09-01 19:00:00,19,1689.6,
2023-09-01 20:00:00,20,968.6,
2023-09-01 21:00:00,21,172.2,
2023-09-01 22:00:00,22,,
2023-09-01 23:00:00,23,,
2023-09-02 00:00:00,0,8.6,
2023-09-02 01:00:00,1,1.3,
2023-09-02 02:00:00,2,1.4,
2023-09-02 03:00:00,3,0.8,
2023-09-02 04:00:00,4,1.3,
2023-09-02 05:00:00,5,,
2023-09-02 06:00:00,6,1.8,
2023-09-02 07:00:00,7,3.7,
2023-09-02 08:00:00,8,1.3,
2023-09-02 09:00:00,9,,
2023-09-02 10:00:00,10,110.7,
2023-09-02 11:00:00,11,432.1,
2023-09-02 12:00:00,12,1225.6,
2023-09-02 13:00:00,13,2470.0,
2023-09-02 14:00:00,14,2981.5,
2023-09-02 15:00:00,15,3098.1,
2023-09-02 16:00:00,16,2982.7,
2023-09-02 17:00:00,17,2593.6,
2023-09-02 18:00:00,18,2159.0,
2023-09-02 19:00:00,19,1633.0,
2023-09-02 20:00:00,20,1093.2,
2023-09-02 21:00:00,21,170.1,
2023-09-02 22:00:00,22,,
2023-09-02 23:00:00,23,,
2023-09-03 00:00:00,0,,
2023-09-03 01:00:00,1,,
2023-09-03 02:00:00,2,,
2023-09-03 03:00:00,3,,
2023-09-03 04:00:00,4,,
2023-09-03 05:00:00,5,,
2023-09-03 06:00:00,6,,
2023-09-03 07:00:00,7,,
2023-09-03 08:00:00,8,,
2023-09-03 09:00:00,9,,
2023-09-03 10:00:00,10,129.1,
2023-09-03 11:00:00,11,483.9,
2023-09-03 12:00:00,12,1230.1,
2023-09-03 13:00:00,13,1726.3,
2023-09-03 14:00:00,14,1830.7,
2023-09-03 15:00:00,15,3092.8,
2023-09-03 16:00:00,16,3061.5,
2023-09-03 17:00:00,17,2648.1,
2023-09-03 18:00:00,18,2355.2,
2023-09-03 19:00:00,19,1788.3,
2023-09-03 20:00:00,20,1008.7,
2023-09-03 21:00:00,21,154.3,
2023-09-03 22:00:00,22,,
2023-09-03 23:00:00,23,,
2023-09-04 00:00:00,0,,
2023-09-04 01:00:00,1,,
2023-09-04 02:00:00,2,,
2023-09-04 03:00:00,3,,
2023-09-04 04:00:00,4,,
2023-09-04 05:00:00,5,,
2023-09-04 06:00:00,6,,
2023-09-04 07:00:00,7,,
2023-09-04 08:00:00,8,,
2023-09-04 09:00:00,9,,
2023-09-04 10:00:00,10,119.4,
2023-09-04 11:00:00,11,444.4,
2023-09-04 12:00:00,12,1542.7,
2023-09-04 13:00:00,13,2530.5,
2023-09-04 14:00:00,14,2769.2,
2023-09-04 15:00:00,15,2761.2,
2023-09-04 16:00:00,16,1814.9,
2023-09-04 17:00:00,17,2332.7,
2023-09-04 18:00:00,18,2379.1,
2023-09-04 19:00:00,19,1503.7,
2023-09-04 20:00:00,20,690.2,
2023-09-04 21:00:00,21,163.9,
2023-09-04 22:00:00,22,,
2023-09-04 23:00:00,23,,
2023-09-05 00:00:00,0,,
2023-09-05 01:00:00,1,,
2023-09-05 02:00:00,2,,
2023-09-05 03:00:00,3,,
2023-09-05 04:00:00,4,,
2023-09-05 05:00:00,5,,
2023-09-05 06:00:00,6,,
2023-09-05 07:00:00,7,,
2023-09-05 08:00:00,8,,
2023-09-05 09:00:00,9,,
2023-09-05 10:00:00,10,113.5,
2023-09-05 11:00:00,11,517.5,
2023-09-05 12:00:00,12,1024.9,
2023-09-05 13:00:00,13,1904.5,
2023-09-05 14:00:00,14,2882.8,
2023-09-05 15:00:00,15,3433.9,
2023-09-05 16:00:00,16,3454.4,
2023-09-05 17:00:00,17,2997.3,
2023-09-05 18:00:00,18,1765.0,
2023-09-05 19:00:00,19,1869.4,
2023-09-05 20:00:00,20,1032.0,
2023-09-05 21:00:00,21,164.4,
2023-09-05 22:00:00,22,,
2023-09-05 23:00:00,23,,
2023-09-06 00:00:00,0,,
2023-09-06 01:00:00,1,,
2023-09-06 02:00:00,2,,
2023-09-06 03:00:00,3,,
2023-09-06 04:00:00,4,,
2023-09-06 05:00:00,5,,
2023-09-06 06:00:00,6,,
2023-09-06 07:00:00,7,,
2023-09-06 08:00:00,8,,
2023-09-06 09:00:00,9,,
2023-09-06 10:00:00,10,63.5,
2023-09-06 11:00:00,11,411.5,
2023-09-06 12:00:00,12,1224.0,
2023-09-06 13:00:00,13,1407.7,
2023-09-06 14:00:00,14,1853.5,
2023-09-06 15:00:00,15,2520.1,
2023-09-06 16:00:00,16,2620.5,
2023-09-06 17:00:00,17,2429.3,
2023-09-06 18:00:00,18,2137.0,
2023-09-06 19:00:00,19,1353.7,
2023-09-06 20:00:00,20,963.4,
2023-09-06 21:00:00,21,125.5,
2023-09-06 22:00:00,22,,
2023-09-06 23:00:00,23,,
2023-09-07 00:00:00,0,,
2023-09-07 01:00:00,1,,
2023-09-07 02:00:00,2,,
2023-09-07 03:00:00,3,,
2023-09-07 04:00:00,4,,
2023-09-07 05:00:00,5,,
2023-09-07 06:00:00,6,,
2023-09-07 07:00:00,7,,
2023-09-07 08:00:00,8,,
2023-09-07 09:00:00,9,,
2023-09-07 10:00:00,10,118.4,
2023-09-07 11:00:00,11,563.8,
2023-09-07 12:00:00,12,1343.5,
2023-09-07 13:00:00,13,1576.4,
2023-09-07 14:00:00,14,2139.2,
2023-09-07 15:00:00,15,2553.2,
2023-09-07 16:00:00,16,2607.4,
2023-09-07 17:00:00,17,2436.4,
2023-09-07 18:00:00,18,2423.3,
2023-09-07 19:00:00,19,1782.5,
2023-09-07 20:00:00,20,922.8,
2023-09-07 21:00:00,21,161.1,
2023-09-07 22:00:00,22,,
2023-09-07 23:00:00,23,,
2023-09-08 00:00:00,0,,
2023-09-08 01:00:00,1,,
2023-09-08 02:00:00,2,,
2023-09-08 03:00:00,3,,
2023-09-08 04:00:00,4,,
2023-09-08 05:00:00,5,,
2023-09-08 06:00:00,6,,
2023-09-08 07:00:00,7,,
2023-09-08 08:00:00,8,,
2023-09-08 09:00:00,9,,
2023-09-08 10:00:00,10,149.0,
2023-09-08 11:00:00,11,383.3,
2023-09-08 12:00:00,12,892.0,
2023-09-08 13:00:00,13,1478.9,
2023-09-08 14:00:00,14,2206.7,
2023-09-08 15:00:00,15,2490.8,
2023-09-08 16:00:00,16,2761.8,
2023-09-08 17:00:00,17,2475.8,
2023-09-08 18:00:00,18,1261.3,
2023-09-08 19:00:00,19,1318.0,
2023-09-08 20:00:00,20,557.0,
2023-09-08 21:00:00,21,181.9,
2023-09-08 22:00:00,22,,
2023-09-08 23:00:00,23,,
2023-09-09 00:00:00,0,,
2023-09-09 01:00:00,1,,
2023-09-09 02:00:00,2,,
2023-09-09 03:00:00,3,,
2023-09-09 04:00:00,4,,
2023-09-09 05:00:00,5,,
2023-09-09 06:00:00,6,,
2023-09-09 07:00:00,7,,
2023-09-09 08:00:00,8,,
2023-09-09 09:00:00,9,,
2023-09-09 10:00:00,10,124.9,
2023-09-09 11:00:00,11,537.0,
2023-09-09 12:00:00,12,1308.5,
2023-09-09 13:00:00,13,2229.3,
2023-09-09 14:00:00,14,3141.2,
2023-09-09 15:00:00,15,3068.8,
2023-09-09 16:00:00,16,2473.2,
2023-09-09 17:00:00,17,2419.9,
2023-09-09 18:00:00,18,1888.0,
2023-09-09 19:00:00,19,1774.5,
2023-09-09 20:00:00,20,818.3,
2023-09-09 21:00:00,21,133.4,
2023-09-09 22:00:00,22,,
2023-09-09 23:00:00,23,,
2023-09-10 00:00:00,0,,
2023-09-10 01:00:00,1,,
2023-09-10 02:00:00,2,,
2023-09-10 03:00:00,3,,
2023-09-10 04:00:00,4,,
2023-09-10 05:00:00,5,,
2023-09-10 06:00:00,6,,
2023-09-10 07:00:00,7,,
2023-09-10 08:00:00,8,,
2023-09-10 09:00:00,9,,
2023-09-10 10:00:00,10,127.5,
2023-09-10 11:00:00,11,488.0,
2023-09-10 12:00:00,12,1418.7,
2023-09-10 13:00:00,13,1631.0,
2023-09-10 14:00:00,14,2510.4,
2023-09-10 15:00:00,15,3253.9,
2023-09-10 16:00:00,16,2960.8,
2023-09-10 17:00:00,17,2607.2,
2023-09-10 18:00:00,18,1943.6,
2023-09-10 19:00:00,19,1465.2,
2023-09-10 20:00:00,20,820.7,
2023-09-10 21:00:00,21,154.8,
2023-09-10 22:00:00,22,,
2023-09-10 23:00:00,23,,
2023-09-11 00:00:00,0,,
2023-09-11 01:00:00,1,,
2023-09-11 02:00:00,2,,
2023-09-11 03:00:00,3,,
2023-09-11 04:00:00,4,,
2023-09-11 05:00:00,5,,
2023-09-11 06:00:00,6,,
2023-09-11 07:00:00,7,,
2023-09-11 08:00:00,8,,
2023-09-11 09:00:00,9,1.0,
2023-09-11 10:00:00,10,161.5,
2023-09-11 11:00:00,11,526.0,
2023-09-11 12:00:00,12,691.8,
2023-09-11 13:00:00,13,1063.0,
2023-09-11 14:00:00,14,2314.2,
2023-09-11 15:00:00,15,2876.4,
2023-09-11 16:00:00,16,2603.8,
2023-09-11 17:00:00,17,2697.5,
2023-09-11 18:00:00,18,2547.2,
2023-09-11 19:00:00,19,1833.5,
2023-09-11 20:00:00,20,928.8,
2023-09-11 21:00:00,21,163.0,
2023-09-11 22:00:00,22,,
2023-09-11 23:00:00,23,,
2023-09-12 00:00:00,0,,
2023-09-12 01:00:00,1,,
2023-09-12 02:00:00,2,,
2023-09-12 03:00:00,3,,
2023-09-12 04:00:00,4,,
2023-09-12 05:00:00,5,,
2023-09-12 06:00:00,6,,
2023-09-12 07:00:00,7,,
2023-09-12 08:00:00,8,,
2023-09-12 09:00:00,9,,
2023-09-12 10:00:00,10,157.3,
2023-09-12 11:00:00,11,479.6,
2023-09-12 12:00:00,12,596.0,
2023-09-12 13:00:00,13,1328.6,
2023-09-12 14:00:00,14,2280.9,
2023-09-12 15:00:00,15,2441.4,
2023-09-12 16:00:00,16,2497.3,
2023-09-12 17:00:00,17,2755.9,
2023-09-12 18:00:00,18,2334.6,
2023-09-12 19:00:00,19,1758.3,
2023-09-12 20:00:00,20,860.8,
2023-09-12 21:00:00,21,175.3,
2023-09-12 22:00:00,22,,
2023-09-12 23:00:00,23,,
2023-09-13 00:00:00,0,,
2023-09-13 01:00:00,1,,
2023-09-13 02:00:00,2,,
2023-09-13 03:00:00,3,,
2023-09-13 04:00:00,4,,
2023-09-13 05:00:00,5,,
2023-09-13 06:00:00,6,,
2023-09-13 07:00:00,7,,
2023-09-13 08:00:00,8,,
2023-09-13 09:00:00,9,0.9,
2023-09-13 10:00:00,10,177.4,
2023-09-13 11:00:00,11,571.3,
2023-09-13 12:00:00,12,1575.4,
2023-09-13 13:00:00,13,2049.4,
2023-09-13 14:00:00,14,2681.9,
2023-09-13 15:00:00,15,3383.3,
2023-09-13 16:00:00,16,3438.8,
2023-09-13 17:00:00,17,3140.9,
2023-09-13 18:00:00,18,2556.7,
2023-09-13 19:00:00,19,1973.8,
2023-09-13 20:00:00,20,1052.3,
2023-09-13 21:00:00,21,170.3,
2023-09-13 22:00:00,22,,
2023-09-13 23:00:00,23,,
2023-09-14 00:00:00,0,,
2023-09-14 01:00:00,1,,
2023-09-14 02:00:00,2,,
2023-09-14 03:00:00,3,,
2023-09-14 04:00:00,4,,
2023-09-14 05:00:00,5,,
2023-09-14 06:00:00,6,,
2023-09-14 07:00:00,7,,
2023-09-14 08:00:00,8,,
2023-09-14 09:00:00,9,,
2023-09-14 10:00:00,10,200.1,
2023-09-14 11:00:00,11,519.4,
2023-09-14 12:00:00,12,2044.3,
2023-09-14 13:00:00,13,2107.0,
2023-09-14 14:00:00,14,2037.7,
2023-09-14 15:00:00,15,1986.0,
2023-09-14 16:00:00,16,2340.5,
2023-09-14 17:00:00,17,2792.2,
2023-09-14 18:00:00,18,2005.1,
2023-09-14 19:00:00,19,1157.4,
2023-09-14 20:00:00,20,999.9,
2023-09-14 21:00:00,21,148.6,
2023-09-14 22:00:00,22,,
2023-09-14 23:00:00,23,,
2023-09-15 00:00:00,0,,
2023-09-15 01:00:00,1,,
2023-09-15 02:00:00,2,,
2023-09-15 03:00:00,3,,
2023-09-15 04:00:00,4,,
2023-09-15 05:00:00,5,,
2023-09-15 06:00:00,6,,
2023-09-15 07:00:00,7,,
2023-09-15 08:00:00,8,,
2023-09-15 09:00:00,9,,
2023-09-15 10:00:00,10,66.7,
2023-09-15 11:00:00,11,436.4,
2023-09-15 12:00:00,12,1032.0,
2023-09-15 13:00:00,13,1897.9,
2023-09-15 14:00:00,14,1938.7,
2023-09-15 15:00:00,15,2546.8,
2023-09-15 16:00:00,16,2456.1,
2023-09-15 17:00:00,17,2492.9,
2023-09-15 18:00:00,18,2200.6,
2023-09-15 19:00:00,19,1801.0,
2023-09-15 20:00:00,20,925.5,
2023-09-15 21:00:00,21,153.3,
2023-09-15 22:00:00,22,,
2023-09-15 23:00:00,23,,
2023-09-16 00:00:00,0,,
2023-09-16 01:00:00,1,,
2023-09-16 02:00:00,2,,
2023-09-16 03:00:00,3,,
2023-09-16 04:00:00,4,,
2023-09-16 05:00:00,5,,
2023-09-16 06:00:00,6,,
2023-09-16 07:00:00,7,,
2023-09-16 08:00:00,8,,
2023-09-16 09:00:00,9,1.4,
2023-09-16 10:00:00,10,117.0,
2023-09-16 11:00:00,11,435.1,
2023-09-16 12:00:00,12,594.0,
2023-09-16 13:00:00,13,1092.1,
2023-09-16 14:00:00,14,942.6,
2023-09-16 15:00:00,15,971.7,
2023-09-16 16:00:00,16,1632.7,
2023-09-16 17:00:00,17,1998.0,
2023-09-16 18:00:00,18,1869.8,
2023-09-16 19:00:00,19,1310.5,
2023-09-16 20:00:00,20,963.5,
2023-09-16 21:00:00,21,149.0,
2023-09-16 22:00:00,22,,
2023-09-16 23:00:00,23,,
2023-09-17 00:00:00,0,,
2023-09-17 01:00:00,1,,
2023-09-17 02:00:00,2,,
2023-09-17 03:00:00,3,,
2023-09-17 04:00:00,4,,
2023-09-17 05:00:00,5,,
2023-09-17 06:00:00,6,,
2023-09-17 07:00:00,7,,
2023-09-17 08:00:00,8,,
2023-09-17 09:00:00,9,,
2023-09-17 10:00:00,10,131.4,
2023-09-17 11:00:00,11,567.7,
2023-09-17 12:00:00,12,1430.0,
2023-09-17 13:00:00,13,2601.9,
2023-09-17 14:00:00,14,1973.2,
2023-09-17 15:00:00,15,2666.5,
2023-09-17 16:00:00,16,2827.0,
2023-09-17 17:00:00,17,2682.1,
2023-09-17 18:00:00,18,2306.2,
2023-09-17 19:00:00,19,1730.3,
2023-09-17 20:00:00,20,911.7,
2023-09-17 21:00:00,21,141.8,
2023-09-17 22:00:00,22,,
2023-09-17 23:00:00,23,,
2023-09-18 00:00:00,0,,
2023-09-18 01:00:00,1,,
2023-09-18 02:00:00,2,,
2023-09-18 03:00:00,3,,
2023-09-18 04:00:00,4,,
2023-09-18 05:00:00,5,,
2023-09-18 06:00:00,6,,
2023-09-18 07:00:00,7,,
2023-09-18 08:00:00,8,,
2023-09-18 09:00:00,9,,
2023-09-18 10:00:00,10,130.3,
2023-09-18 11:00:00,11,453.6,
2023-09-18 12:00:00,12,1815.5,
2023-09-18 13:00:00,13,2602.6,
2023-09-18 14:00:00,14,2995.5,
2023-09-18 15:00:00,15,2567.4,
2023-09-18 16:00:00,16,2631.3,
2023-09-18 17:00:00,17,2586.5,
2023-09-18 18:00:00,18,2218.2,
2023-09-18 19:00:00,19,1481.5,
2023-09-18 20:00:00,20,859.5,
2023-09-18 21:00:00,21,142.4,
2023-09-18 22:00:00,22,,
2023-09-18 23:00:00,23,,
2023-09-19 00:00:00,0,,
2023-09-19 01:00:00,1,,
2023-09-19 02:00:00,2,,
2023-09-19 03:00:00,3,,
2023-09-19 04:00:00,4,,
2023-09-19 05:00:00,5,,
2023-09-19 06:00:00,6,,
2023-09-19 07:00:00,7,,
2023-09-19 08:00:00,8,,
2023-09-19 09:00:00,9,0.7,
2023-09-19 10:00:00,10,144.9,
2023-09-19 11:00:00,11,582.5,
2023-09-19 12:00:00,12,998.9,
2023-09-19 13:00:00,13,2102.2,
2023-09-19 14:00:00,14,2197.6,
2023-09-19 15:00:00,15,2439.4,
2023-09-19 16:00:00,16,2624.4,
2023-09-19 17:00:00,17,2405.6,
2023-09-19 18:00:00,18,2206.4,
2023-09-19 19:00:00,19,1635.7,
2023-09-19 20:00:00,20,804.5,
2023-09-19 21:00:00,21,143.1,
2023-09-19 22:00:00,22,,
2023-09-19 23:00:00,23,,
2023-09-20 00:00:00,0,,
2023-09-20 01:00:00,1,,
2023-09-20 02:00:00,2,,
2023-09-20 03:00:00,3,,
2023-09-20 04:00:00,4,,
2023-09-20 05:00:00,5,,
2023-09-20 06:00:00,6,,
2023-09-20 07:00:00,7,,
2023-09-20 08:00:00,8,,
2023-09-20 09:00:00,9,,
2023-09-20 10:00:00,10,65.7,
2023-09-20 11:00:00,11,234.1,
2023-09-20 12:00:00,12,1789.2,
2023-09-20 13:00:00,13,1691.6,
2023-09-20 14:00:00,14,1553.8,
2023-09-20 15:00:00,15,2036.0,
2023-09-20 16:00:00,16,3182.5,
2023-09-20 17:00:00,17,2353.9,
2023-09-20 18:00:00,18,2571.5,
2023-09-20 19:00:00,19,1654.9,
2023-09-20 20:00:00,20,916.5,
2023-09-20 21:00:00,21,148.5,
2023-09-20 22:00:00,22,,
2023-09-20 23:00:00,23,,
2023-09-21 00:00:00,0,,
2023-09-21 01:00:00,1,,
2023-09-21 02:00:00,2,,
2023-09-21 03:00:00,3,,
2023-09-21 04:00:00,4,,
2023-09-21 05:00:00,5,,
2023-09-21 06:00:00,6,,
2023-09-21 07:00:00,7,,
2023-09-21 08:00:00,8,,
2023-09-21 09:00:00,9,,
2023-09-21 10:00:00,10,162.6,
2023-09-21 11:00:00,11,531.9,
2023-09-21 12:00:00,12,1719.7,
2023-09-21 13:00:00,13,2518.2,
2023-09-21 14:00:00,14,2914.4,
2023-09-21 15:00:00,15,2806.2,
2023-09-21 16:00:00,16,3189.7,
2023-09-21 17:00:00,17,2643.1,
2023-09-21 18:00:00,18,2066.2,
2023-09-21 19:00:00,19,1569.5,
2023-09-21 20:00:00,20,905.4,
2023-09-21 21:00:00,21,145.4,
2023-09-21 22:00:00,22,,
2023-09-21 23:00:00,23,,
2023-09-22 00:00:00,0,,
2023-09-22 01:00:00,1,,
2023-09-22 02:00:00,2,,
2023-09-22 03:00:00,3,,
2023-09-22 04:00:00,4,,
2023-09-22 05:00:00,5,,
2023-09-22 06:00:00,6,,
2023-09-22 07:00:00,7,,
2023-09-22 08:00:00,8,,
2023-09-22 09:00:00,9,0.1,
2023-09-22 10:00:00,10,205.8,
2023-09-22 11:00:00,11,471.6,
2023-09-22 12:00:00,12,1841.7,
2023-09-22 13:00:00,13,2611.0,
2023-09-22 14:00:00,14,3239.3,
2023-09-22 15:00:00,15,3230.4,
2023-09-22 16:00:00,16,3045.8,
2023-09-22 17:00:00,17,2848.9,
2023-09-22 18:00:00,18,1823.8,
2023-09-22 19:00:00,19,1565.0,
2023-09-22 20:00:00,20,1057.0,
2023-09-22 21:00:00,21,128.2,
2023-09-22 22:00:00,22,,
2023-09-22 23:00:00,23,,
2023-09-23 00:00:00,0,,
2023-09-23 01:00:00,1,,
2023-09-23 02:00:00,2,,
2023-09-23 03:00:00,3,,
2023-09-23 04:00:00,4,,
2023-09-23 05:00:00,5,,
2023-09-23 06:00:00,6,,
2023-09-23 07:00:00,7,,
2023-09-23 08:00:00,8,,
2023-09-23 09:00:00,9,0.7,
2023-09-23 10:00:00,10,155.1,
2023-09-23 11:00:00,11,604.3,
2023-09-23 12:00:00,12,1665.6,
2023-09-23 13:00:00,13,2121.6,
2023-09-23 14:00:00,14,2721.4,
2023-09-23 15:00:00,15,2977.3,
2023-09-23 16:00:00,16,2398.3,
2023-09-23 17:00:00,17,2308.6,
2023-09-23 18:00:00,18,2087.7,
2023-09-23 19:00:00,19,1430.5,
2023-09-23 20:00:00,20,917.9,
2023-09-23 21:00:00,21,161.6,
2023-09-23 22:00:00,22,,
2023-09-23 23:00:00,23,,
2023-09-24 00:00:00,0,,
2023-09-24 01:00:00,1,,
2023-09-24 02:00:00,2,,
2023-09-24 03:00:00,3,,
2023-09-24 04:00:00,4,,
2023-09-24 05:00:00,5,,
2023-09-24 06:00:00,6,,
2023-09-24 07:00:00,7,,
2023-09-24 08:00:00,8,,
2023-09-24 09:00:00,9,0.4,
2023-09-24 10:00:00,10,178.6,
2023-09-24 11:00:00,11,612.6,
2023-09-24 12:00:00,12,1864.8,
2023-09-24 13:00:00,13,2670.6,
2023-09-24 14:00:00,14,3267.9,
2023-09-24 15:00:00,15,3433.7,
2023-09-24 16:00:00,16,2526.9,
2023-09-24 17:00:00,17,2616.9,
2023-09-24 18:00:00,18,2043.4,
2023-09-24 19:00:00,19,1649.4,
2023-09-24 20:00:00,20,854.5,
2023-09-24 21:00:00,21,157.3,
2023-09-24 22:00:00,22,,
2023-09-24 23:00:00,23,,
2023-09-25 00:00:00,0,,
2023-09-25 01:00:00,1,,
2023-09-25 02:00:00,2,,
2023-09-25 03:00:00,3,,
2023-09-25 04:00:00,4,,
2023-09-25 05:00:00,5,,
2023-09-25 06:00:00,6,,
2023-09-25 07:00:00,7,,
2023-09-25 08:00:00,8,,
2023-09-25 09:00:00,9,0.3,
2023-09-25 10:00:00,10,182.7,
2023-09-25 11:00:00,11,495.7,
2023-09-25 12:00:00,12,1925.1,
2023-09-25 13:00:00,13,2653.1,
2023-09-25 14:00:00,14,3145.6,
2023-09-25 15:00:00,15,3374.0,
2023-09-25 16:00:00,16,3360.2,
2023-09-25 17:00:00,17,3063.8,
2023-09-25 18:00:00,18,2218.8,
2023-09-25 19:00:00,19,1604.7,
2023-09-25 20:00:00,20,865.7,
2023-09-25 21:00:00,21,156.7,
2023-09-25 22:00:00,22,,
2023-09-25 23:00:00,23,,
2023-09-26 00:00:00,0,,
2023-09-26 01:00:00,1,,
2023-09-26 02:00:00,2,,
2023-09-26 03:00:00,3,,
2023-09-26 04:00:00,4,,
2023-09-26 05:00:00,5,,
2023-09-26 06:00:00,6,,
2023-09-26 07:00:00,7,,
2023-09-26 08:00:00,8,,
2023-09-26 09:00:00,9,0.0,
2023-09-26 10:00:00,10,135.9,
2023-09-26 11:00:00,11,594.1,
2023-09-26 12:00:00,12,1086.9,
2023-09-26 13:00:00,13,1763.8,
2023-09-26 14:00:00,14,2380.9,
2023-09-26 15:00:00,15,1771.5,
2023-09-26 16:00:00,16,1875.1,
2023-09-26 17:00:00,17,1325.3,
2023-09-26 18:00:00,18,1696.8,
2023-09-26 19:00:00,19,1449.3,
2023-09-26 20:00:00,20,818.0,
2023-09-26 21:00:00,21,167.3,
2023-09-26 22:00:00,22,,
2023-09-26 23:00:00,23,,
2023-09-27 00:00:00,0,,
2023-09-27 01:00:00,1,,
2023-09-27 02:00:00,2,,
2023-09-27 03:00:00,3,,
2023-09-27 04:00:00,4,,
2023-09-27 05:00:00,5,,
2023-09-27 06:00:00,6,,
2023-09-27 07:00:00,7,,
2023-09-27 08:00:00,8,,
2023-09-27 09:00:00,9,0.7,
2023-09-27 10:00:00,10,202.2,
2023-09-27 11:00:00,11,566.4,
2023-09-27 12:00:00,12,1649.8,
2023-09-27 13:00:00,13,2391.2,
2023-09-27 14:00:00,14,2685.3,
2023-09-27 15:00:00,15,2921.0,
2023-09-27 16:00:00,16,2293.7,
2023-09-27 17:00:00,17,2103.3,
2023-09-27 18:00:00,18,1156.5,
2023-09-27 19:00:00,19,1190.9,
2023-09-27 20:00:00,20,534.1,
2023-09-27 21:00:00,21,133.7,
2023-09-27 22:00:00,22,,
2023-09-27 23:00:00,23,,
2023-09-28 00:00:00,0,,
2023-09-28 01:00:00,1,,
2023-09-28 02:00:00,2,,
2023-09-28 03:00:00,3,,
2023-09-28 04:00:00,4,,
2023-09-28 05:00:00,5,,
2023-09-28 06:00:00,6,,
2023-09-28 07:00:00,7,,
2023-09-28 08:00:00,8,,
2023-09-28 09:00:00,9,3.7,
2023-09-28 10:00:00,10,179.3,
2023-09-28 11:00:00,11,669.6,
2023-09-28 12:00:00,12,1710.9,
2023-09-28 13:00:00,13,2630.9,
2023-09-28 14:00:00,14,3278.5,
2023-09-28 15:00:00,15,3224.6,
2023-09-28 16:00:00,16,3440.2,
2023-09-28 17:00:00,17,2500.1,
2023-09-28 18:00:00,18,2299.6,
2023-09-28 19:00:00,19,1723.8,
2023-09-28 20:00:00,20,769.3,
2023-09-28 21:00:00,21,163.3,
2023-09-28 22:00:00,22,,
2023-09-28 23:00:00,23,,
2023-09-29 00:00:00,0,,
2023-09-29 01:00:00,1,,
2023-09-29 02:00:00,2,,
2023-09-29 03:00:00,3,,
2023-09-29 04:00:00,4,,
2023-09-29 05:00:00,5,,
2023-09-29 06:00:00,6,,
2023-09-29 07:00:00,7,,
2023-09-29 08:00:00,8,,
2023-09-29 09:00:00,9,0.4,
2023-09-29 10:00:00,10,152.5,
2023-09-29 11:00:00,11,628.8,
2023-09-29 12:00:00,12,1624.5,
2023-09-29 13:00:00,13,2129.6,
2023-09-29 14:00:00,14,3041.7,
2023-09-29 15:00:00,15,2612.6,
2023-09-29 16:00:00,16,3047.8,
2023-09-29 17:00:00,17,2742.3,
2023-09-29 18:00:00,18,2454.4,
2023-09-29 19:00:00,19,1705.9,
2023-09-29 20:00:00,20,978.9,
2023-09-29 21:00:00,21,262.4,
2023-09-29 22:00:00,22,,
2023-09-29 23:00:00,23,,
2023-09-30 00:00:00,0,,
2023-09-30 01:00:00,1,,
2023-09-30 02:00:00,2,,
2023-09-30 03:00:00,3,,
2023-09-30 04:00:00,4,,
2023-09-30 05:00:00,5,,
2023-09-30 06:00:00,6,,
2023-09-30 07:00:00,7,,
2023-09-30 08:00:00,8,,
2023-09-30 09:00:00,9,1.1,
2023-09-30 10:00:00,10,137.7,
2023-09-30 11:00:00,11,404.8,
2023-09-30 12:00:00,12,1406.9,
2023-09-30 13:00:00,13,2583.0,
2023-09-30 14:00:00,14,3095.6,
2023-09-30 15:00:00,15,3201.4,
2023-09-30 16:00:00,16,3151.8,
2023-09-30 17:00:00,17,2221.5,
2023-09-30 18:00:00,18,1447.1,
2023-09-30 19:00:00,19,1497.4,
2023-09-30 20:00:00,20,820.1,
2023-09-30 21:00:00,21,167.5,
2023-09-30 22:00:00,22,,
2023-09-30 23:00:00,23,,
2023-10-01 00:00:00,0,,
2023-10-01 01:00:00,1,,
2023-10-01 02:00:00,2,,
2023-10-01 03:00:00,3,,
2023-10-01 04:00:00,4,,
2023-10-01 05:00:00,5,,
2023-10-01 06:00:00,6,,
2023-10-01 07:00:00,7,,
2023-10-01 08:00:00,8,,
2023-10-01 09:00:00,9,1.2,
2023-10-01 10:00:00,10,82.9,
2023-10-01 11:00:00,11,455.3,
2023-10-01 12:00:00,12,937.9,
2023-10-01 13:00:00,13,1436.6,
2023-10-01 14:00:00,14,1508.0,
2023-10-01 15:00:00,15,2307.4,
2023-10-01 16:00:00,16,2386.6,
2023-10-01 17:00:00,17,2888.3,
2023-10-01 18:00:00,18,1782.2,
2023-10-01 19:00:00,19,1185.4,
2023-10-01 20:00:00,20,790.5,
2023-10-01 21:00:00,21,175.7,
2023-10-01 22:00:00,22,,
2023-10-01 23:00:00,23,,
2023-10-02 00:00:00,0,,
2023-10-02 01:00:00,1,,
2023-10-02 02:00:00,2,,
2023-10-02 03:00:00,3,,
2023-10-02 04:00:00,4,,
2023-10-02 05:00:00,5,,
2023-10-02 06:00:00,6,,
2023-10-02 07:00:00,7,,
2023-10-02 08:00:00,8,,
2023-10-02 09:00:00,9,2.6,
2023-10-02 10:00:00,10,205.7,
2023-10-02 11:00:00,11,615.3,
2023-10-02 12:00:00,12,1847.7,
2023-10-02 13:00:00,13,2696.6,
2023-10-02 14:00:00,14,3179.6,
2023-10-02 15:00:00,15,3429.6,
2023-10-02 16:00:00,16,3256.0,
2023-10-02 17:00:00,17,2533.9,
2023-10-02 18:00:00,18,2010.6,
2023-10-02 19:00:00,19,1215.7,
2023-10-02 20:00:00,20,896.1,
2023-10-02 21:00:00,21,183.9,
2023-10-02 22:00:00,22,,
2023-10-02 23:00:00,23,,
2023-10-03 00:00:00,0,,
2023-10-03 01:00:00,1,,
2023-10-03 02:00:00,2,,
2023-10-03 03:00:00,3,,
2023-10-03 04:00:00,4,,
2023-10-03 05:00:00,5,,
2023-10-03 06:00:00,6,,
2023-10-03 07:00:00,7,,
2023-10-03 08:00:00,8,,
2023-10-03 09:00:00,9,2.7,
2023-10-03 10:00:00,10,193.2,
2023-10-03 11:00:00,11,647.5,
2023-10-03 12:00:00,12,2155.2,
2023-10-03 13:00:00,13,2815.4,
2023-10-03 14:00:00,14,3301.4,
2023-10-03 15:00:00,15,3383.9,
2023-10-03 16:00:00,16,3242.6,
2023-10-03 17:00:00,17,2483.3,
2023-10-03 18:00:00,18,2460.6,
2023-10-03 19:00:00,19,1422.5,
2023-10-03 20:00:00,20,701.2,
2023-10-03 21:00:00,21,192.9,
2023-10-03 22:00:00,22,,
2023-10-03 23:00:00,23,,
2023-10-04 00:00:00,0,,
2023-10-04 01:00:00,1,,
2023-10-04 02:00:00,2,,
2023-10-04 03:00:00,3,,
2023-10-04 04:00:00,4,,
2023-10-04 05:00:00,5,,
2023-10-04 06:00:00,6,,
2023-10-04 07:00:00,7,,
2023-10-04 08:00:00,8,,
2023-10-04 09:00:00,9,1.5,
2023-10-04 10:00:00,10,66.0,
2023-10-04 11:00:00,11,720.4,
2023-10-04 12:00:00,12,1433.0,
2023-10-04 13:00:00,13,1262.4,
2023-10-04 14:00:00,14,1076.0,
2023-10-04 15:00:00,15,2477.8,
2023-10-04 16:00:00,16,1826.2,
2023-10-04 17:00:00,17,1821.2,
2023-10-04 18:00:00,18,2601.8,
2023-10-04 19:00:00,19,1542.9,
2023-10-04 20:00:00,20,620.4,
2023-10-04 21:00:00,21,146.2,
2023-10-04 22:00:00,22,,
2023-10-04 23:00:00,23,,
2023-10-05 00:00:00,0,,
2023-10-05 01:00:00,1,,
2023-10-05 02:00:00,2,,
2023-10-05 03:00:00,3,,
2023-10-05 04:00:00,4,,
2023-10-05 05:00:00,5,,
2023-10-05 06:00:00,6,,
2023-10-05 07:00:00,7,,
2023-10-05 08:00:00,8,,
2023-10-05 09:00:00,9,4.2,
2023-10-05 10:00:00,10,201.7,
2023-10-05 11:00:00,11,652.4,
2023-10-05 12:00:00,12,1115.9,
2023-10-05 13:00:00,13,1939.0,
2023-10-05 14:00:00,14,1843.0,
2023-10-05 15:00:00,15,2152.6,
2023-10-05 16:00:00,16,2075.3,
2023-10-05 17:00:00,17,1625.9,
2023-10-05 18:00:00,18,2165.0,
2023-10-05 19:00:00,19,1783.0,
2023-10-05 20:00:00,20,659.1,
2023-10-05 21:00:00,21,119.7,
2023-10-05 22:00:00,22,,
2023-10-05 23:00:00,23,,
2023-10-06 00:00:00,0,,
2023-10-06 01:00:00,1,,
2023-10-06 02:00:00,2,,
2023-10-06 03:00:00,3,,
2023-10-06 04:00:00,4,,
2023-10-06 05:00:00,5,,
2023-10-06 06:00:00,6,,
2023-10-06 07:00:00,7,,
2023-10-06 08:00:00,8,,
2023-10-06 09:00:00,9,5.5,
2023-10-06 10:00:00,10,237.5,
2023-10-06 11:00:00,11,792.9,
2023-10-06 12:00:00,12,2022.3,
2023-10-06 13:00:00,13,2764.4,
2023-10-06 14:00:00,14,3252.2,
2023-10-06 15:00:00,15,3388.0,
2023-10-06 16:00:00,16,2974.8,
2023-10-06 17:00:00,17,2227.5,
2023-10-06 18:00:00,18,1813.5,
2023-10-06 19:00:00,19,1746.8,
2023-10-06 20:00:00,20,895.7,
2023-10-06 21:00:00,21,161.5,
2023-10-06 22:00:00,22,,
2023-10-06 23:00:00,23,,
2023-10-07 00:00:00,0,,
2023-10-07 01:00:00,1,,
2023-10-07 02:00:00,2,,
2023-10-07 03:00:00,3,,
2023-10-07 04:00:00,4,,
2023-10-07 05:00:00,5,,
2023-10-07 06:00:00,6,,
2023-10-07 07:00:00,7,,
2023-10-07 08:00:00,8,,
2023-10-07 09:00:00,9,4.2,
2023-10-07 10:00:00,10,146.8,
2023-10-07 11:00:00,11,349.7,
2023-10-07 12:00:00,12,723.0,
2023-10-07 13:00:00,13,771.4,
2023-10-07 14:00:00,14,896.8,
2023-10-07 15:00:00,15,1429.6,
2023-10-07 16:00:00,16,2450.8,
2023-10-07 17:00:00,17,2821.1,
2023-10-07 18:00:00,18,2350.8,
2023-10-07 19:00:00,19,1812.4,
2023-10-07 20:00:00,20,666.8,
2023-10-07 21:00:00,21,186.1,
2023-10-07 22:00:00,22,,
2023-10-07 23:00:00,23,,
2023-10-08 00:00:00,0,,
2023-10-08 01:00:00,1,,
2023-10-08 02:00:00,2,,
2023-10-08 03:00:00,3,,
2023-10-08 04:00:00,4,,
2023-10-08 05:00:00,5,,
2023-10-08 06:00:00,6,,
2023-10-08 07:00:00,7,,
2023-10-08 08:00:00,8,,
2023-10-08 09:00:00,9,5.1,
2023-10-08 10:00:00,10,113.8,
2023-10-08 11:00:00,11,518.6,
2023-10-08 12:00:00,12,979.2,
2023-10-08 13:00:00,13,1107.9,
2023-10-08 14:00:00,14,1348.9,
2023-10-08 15:00:00,15,2126.3,
2023-10-08 16:00:00,16,2356.3,
2023-10-08 17:00:00,17,2668.5,
2023-10-08 18:00:00,18,1930.2,
2023-10-08 19:00:00,19,1425.5,
2023-10-08 20:00:00,20,879.5,
2023-10-08 21:00:00,21,121.1,
2023-10-08 22:00:00,22,,
2023-10-08 23:00:00,23,,
2023-10-09 00:00:00,0,,
2023-10-09 01:00:00,1,,
2023-10-09 02:00:00,2,,
2023-10-09 03:00:00,3,,
2023-10-09 04:00:00,4,,
2023-10-09 05:00:00,5,,
2023-10-09 06:00:00,6,,
2023-10-09 07:00:00,7,,
2023-10-09 08:00:00,8,,
2023-10-09 09:00:00,9,4.9,
2023-10-09 10:00:00,10,146.9,
2023-10-09 11:00:00,11,355.4,
2023-10-09 12:00:00,12,906.4,
2023-10-09 13:00:00,13,903.5,
2023-10-09 14:00:00,14,1644.0,
2023-10-09 15:00:00,15,2415.9,
2023-10-09 16:00:00,16,2135.7,
2023-10-09 17:00:00,17,2611.0,
2023-10-09 18:00:00,18,2144.7,
2023-10-09 19:00:00,19,1308.4,
2023-10-09 20:00:00,20,811.6,
2023-10-09 21:00:00,21,149.1,
2023-10-09 22:00:00,22,,
2023-10-09 23:00:00,23,,
2023-10-10 00:00:00,0,,
2023-10-10 01:00:00,1,,
2023-10-10 02:00:00,2,,
2023-10-10 03:00:00,3,,
2023-10-10 04:00:00,4,,
2023-10-10 05:00:00,5,,
2023-10-10 06:00:00,6,,
2023-10-10 07:00:00,7,,
2023-10-10 08:00:00,8,,
2023-10-10 09:00:00,9,4.2,
2023-10-10 10:00:00,10,173.1,
2023-10-10 11:00:00,11,462.9,
2023-10-10 12:00:00,12,1269.0,
2023-10-10 13:00:00,13,850.4,
2023-10-10 14:00:00,14,2445.6,
2023-10-10 15:00:00,15,1708.0,
2023-10-10 16:00:00,16,2287.4,
2023-10-10 17:00:00,17,2051.3,
2023-10-10 18:00:00,18,1917.9,
2023-10-10 19:00:00,19,1614.1,
2023-10-10 20:00:00,20,745.1,
2023-10-10 21:00:00,21,150.9,
2023-10-10 22:00:00,22,,
2023-10-10 23:00:00,23,,
2023-10-11 00:00:00,0,,
2023-10-11 01:00:00,1,,
2023-10-11 02:00:00,2,,
2023-10-11 03:00:00,3,,
2023-10-11 04:00:00,4,,
2023-10-11 05:00:00,5,,
2023-10-11 06:00:00,6,,
2023-10-11 07:00:00,7,,
2023-10-11 08:00:00,8,,
2023-10-11 09:00:00,9,4.6,
2023-10-11 10:00:00,10,91.4,
2023-10-11 11:00:00,11,382.2,
2023-10-11 12:00:00,12,538.2,
2023-10-11 13:00:00,13,1197.0,
2023-10-11 14:00:00,14,1330.0,
2023-10-11 15:00:00,15,1412.0,
2023-10-11 16:00:00,16,3027.7,
2023-10-11 17:00:00,17,1919.0,
2023-10-11 18:00:00,18,1400.0,
2023-10-11 19:00:00,19,937.6,
2023-10-11 20:00:00,20,722.8,
2023-10-11 21:00:00,21,141.1,
2023-10-11 22:00:00,22,,
2023-10-11 23:00:00,23,,
2023-10-12 00:00:00,0,,
2023-10-12 01:00:00,1,,
2023-10-12 02:00:00,2,,
2023-10-12 03:00:00,3,,
2023-10-12 04:00:00,4,,
2023-10-12 05:00:00,5,,
2023-10-12 06:00:00,6,,
2023-10-12 07:00:00,7,,
2023-10-12 08:00:00,8,,
2023-10-12 09:00:00,9,6.0,
2023-10-12 10:00:00,10,215.2,
2023-10-12 11:00:00,11,622.7,
2023-10-12 12:00:00,12,720.8,
2023-10-12 13:00:00,13,1354.3,
2023-10-12 14:00:00,14,1872.3,
2023-10-12 15:00:00,15,1893.4,
2023-10-12 16:00:00,16,2055.2,
2023-10-12 17:00:00,17,2057.1,
2023-10-12 18:00:00,18,1468.0,
2023-10-12 19:00:00,19,1588.5,
2023-10-12 20:00:00,20,984.8,
2023-10-12 21:00:00,21,129.3,
2023-10-12 22:00:00,22,,
2023-10-12 23:00:00,23,,
2023-10-13 00:00:00,0,,
2023-10-13 01:00:00,1,,
2023-10-13 02:00:00,2,,
2023-10-13 03:00:00,3,,
2023-10-13 04:00:00,4,,
2023-10-13 05:00:00,5,,
2023-10-13 06:00:00,6,,
2023-10-13 07:00:00,7,,
2023-10-13 08:00:00,8,,
2023-10-13 09:00:00,9,9.8,
2023-10-13 10:00:00,10,224.8,
2023-10-13 11:00:00,11,695.1,
2023-10-13 12:00:00,12,771.8,
2023-10-13 13:00:00,13,1300.3,
2023-10-13 14:00:00,14,1664.9,
2023-10-13 15:00:00,15,2519.9,
2023-10-13 16:00:00,16,2413.9,
2023-10-13 17:00:00,17,2772.9,
2023-10-13 18:00:00,18,2071.5,
2023-10-13 19:00:00,19,1639.6,
2023-10-13 20:00:00,20,850.2,
2023-10-13 21:00:00,21,168.8,
2023-10-13 22:00:00,22,,
2023-10-13 23:00:00,23,,
2023-10-14 00:00:00,0,,
2023-10-14 01:00:00,1,,
2023-10-14 02:00:00,2,,
2023-10-14 03:00:00,3,,
2023-10-14 04:00:00,4,,
2023-10-14 05:00:00,5,,
2023-10-14 06:00:00,6,,
2023-10-14 07:00:00,7,,
2023-10-14 08:00:00,8,,
2023-10-14 09:00:00,9,7.9,
2023-10-14 10:00:00,10,174.7,
2023-10-14 11:00:00,11,684.5,
2023-10-14 12:00:00,12,2071.2,
2023-10-14 13:00:00,13,2789.9,
2023-10-14 14:00:00,14,3296.2,
2023-10-14 15:00:00,15,3456.6,
2023-10-14 16:00:00,16,2485.5,
2023-10-14 17:00:00,17,2234.6,
2023-10-14 18:00:00,18,1811.5,
2023-10-14 19:00:00,19,1202.2,
2023-10-14 20:00:00,20,249.7,
2023-10-14 21:00:00,21,71.9,
2023-10-14 22:00:00,22,,
2023-10-14 23:00:00,23,12.1,
2023-10-15 00:00:00,0,5.8,
2023-10-15 01:00:00,1,7.6,
2023-10-15 02:00:00,2,3.9,
2023-10-15 03:00:00,3,2.2,
2023-10-15 04:00:00,4,,
2023-10-15 05:00:00,5,,
2023-10-15 06:00:00,6,,
2023-10-15 07:00:00,7,,
2023-10-15 08:00:00,8,,
2023-10-15 09:00:00,9,10.4,
2023-10-15 10:00:00,10,192.2,
2023-10-15 11:00:00,11,489.3,
2023-10-15 12:00:00,12,2279.4,
2023-10-15 13:00:00,13,2669.1,
2023-10-15 14:00:00,14,3276.7,
2023-10-15 15:00:00,15,3540.7,
2023-10-15 16:00:00,16,2781.9,
2023-10-15 17:00:00,17,2262.6,
2023-10-15 18:00:00,18,2151.0,
2023-10-15 19:00:00,19,1805.8,
2023-10-15 20:00:00,20,842.9,
2023-10-15 21:00:00,21,132.3,
2023-10-15 22:00:00,22,,
2023-10-15 23:00:00,23,,
2023-10-16 00:00:00,0,,
2023-10-16 01:00:00,1,,
2023-10-16 02:00:00,2,,
2023-10-16 03:00:00,3,,
2023-10-16 04:00:00,4,,
2023-10-16 05:00:00,5,,
2023-10-16 06:00:00,6,,
2023-10-16 07:00:00,7,,
2023-10-16 08:00:00,8,,
2023-10-16 09:00:00,9,7.4,
2023-10-16 10:00:00,10,217.8,
2023-10-16 11:00:00,11,834.2,
2023-10-16 12:00:00,12,2109.0,
2023-10-16 13:00:00,13,2307.6,
2023-10-16 14:00:00,14,1753.9,
2023-10-16 15:00:00,15,1602.5,
2023-10-16 16:00:00,16,938.3,
2023-10-16 17:00:00,17,1884.7,
2023-10-16 18:00:00,18,1077.1,
2023-10-16 19:00:00,19,1188.4,
2023-10-16 20:00:00,20,531.9,
2023-10-16 21:00:00,21,110.5,
2023-10-16 22:00:00,22,,
2023-10-16 23:00:00,23,,
2023-10-17 00:00:00,0,,
2023-10-17 01:00:00,1,,
2023-10-17 02:00:00,2,,
2023-10-17 03:00:00,3,,
2023-10-17 04:00:00,4,,
2023-10-17 05:00:00,5,,
2023-10-17 06:00:00,6,,
2023-10-17 07:00:00,7,,
2023-10-17 08:00:00,8,,
2023-10-17 09:00:00,9,9.0,
2023-10-17 10:00:00,10,194.6,
2023-10-17 11:00:00,11,758.6,
2023-10-17 12:00:00,12,562.0,
2023-10-17 13:00:00,13,1698.8,
2023-10-17 14:00:00,14,2693.9,
2023-10-17 15:00:00,15,1485.1,
2023-10-17 16:00:00,16,2094.4,
2023-10-17 17:00:00,17,1156.2,
2023-10-17 18:00:00,18,1090.5,
2023-10-17 19:00:00,19,1720.7,
2023-10-17 20:00:00,20,901.5,
2023-10-17 21:00:00,21,156.4,
2023-10-17 22:00:00,22,,
2023-10-17 23:00:00,23,,
2023-10-18 00:00:00,0,,
2023-10-18 01:00:00,1,,
2023-10-18 02:00:00,2,,
2023-10-18 03:00:00,3,,
2023-10-18 04:00:00,4,,
2023-10-18 05:00:00,5,,
2023-10-18 06:00:00,6,,
2023-10-18 07:00:00,7,,
2023-10-18 08:00:00,8,,
2023-10-18 09:00:00,9,6.5,
2023-10-18 10:00:00,10,195.5,
2023-10-18 11:00:00,11,535.4,
2023-10-18 12:00:00,12,718.2,
2023-10-18 13:00:00,13,2478.2,
2023-10-18 14:00:00,14,2497.0,
2023-10-18 15:00:00,15,3032.1,
2023-10-18 16:00:00,16,2928.7,
2023-10-18 17:00:00,17,2267.6,
2023-10-18 18:00:00,18,2521.6,
2023-10-18 19:00:00,19,1836.3,
2023-10-18 20:00:00,20,968.2,
2023-10-18 21:00:00,21,178.8,
2023-10-18 22:00:00,22,,
2023-10-18 23:00:00,23,,
2023-10-19 00:00:00,0,,
2023-10-19 01:00:00,1,,
2023-10-19 02:00:00,2,,
2023-10-19 03:00:00,3,,
2023-10-19 04:00:00,4,,
2023-10-19 05:00:00,5,,
2023-10-19 06:00:00,6,,
2023-10-19 07:00:00,7,,
2023-10-19 08:00:00,8,,
2023-10-19 09:00:00,9,7.7,
2023-10-19 10:00:00,10,147.3,
2023-10-19 11:00:00,11,792.5,
2023-10-19 12:00:00,12,1585.0,
2023-10-19 13:00:00,13,2956.3,
2023-10-19 14:00:00,14,2729.2,
2023-10-19 15:00:00,15,2706.4,
2023-10-19 16:00:00,16,2319.6,
2023-10-19 17:00:00,17,2336.7,
2023-10-19 18:00:00,18,2298.3,
2023-10-19 19:00:00,19,1761.9,
2023-10-19 20:00:00,20,796.2,
2023-10-19 21:00:00,21,126.9,
2023-10-19 22:00:00,22,,
2023-10-19 23:00:00,23,,
2023-10-20 00:00:00,0,,
2023-10-20 01:00:00,1,,
2023-10-20 02:00:00,2,,
2023-10-20 03:00:00,3,,
2023-10-20 04:00:00,4,,
2023-10-20 05:00:00,5,,
2023-10-20 06:00:00,6,,
2023-10-20 07:00:00,7,,
2023-10-20 08:00:00,8,,
2023-10-20 09:00:00,9,6.0,
2023-10-20 10:00:00,10,191.3,
2023-10-20 11:00:00,11,536.8,
2023-10-20 12:00:00,12,1916.1,
2023-10-20 13:00:00,13,2594.5,
2023-10-20 14:00:00,14,3209.9,
2023-10-20 15:00:00,15,2818.4,
2023-10-20 16:00:00,16,3368.9,
2023-10-20 17:00:00,17,2786.9,
2023-10-20 18:00:00,18,2508.9,
2023-10-20 19:00:00,19,1411.6,
2023-10-20 20:00:00,20,502.6,
2023-10-20 21:00:00,21,127.2,
2023-10-20 22:00:00,22,,
2023-10-20 23:00:00,23,,
2023-10-21 00:00:00,0,,
2023-10-21 01:00:00,1,,
2023-10-21 02:00:00,2,,
2023-10-21 03:00:00,3,,
2023-10-21 04:00:00,4,,
2023-10-21 05:00:00,5,,
2023-10-21 06:00:00,6,,
2023-10-21 07:00:00,7,,
2023-10-21 08:00:00,8,,
2023-10-21 09:00:00,9,7.9,
2023-10-21 10:00:00,10,205.5,
2023-10-21 11:00:00,11,813.3,
2023-10-21 12:00:00,12,1265.4,
2023-10-21 13:00:00,13,1609.1,
2023-10-21 14:00:00,14,1563.2,
2023-10-21 15:00:00,15,2238.6,
2023-10-21 16:00:00,16,2557.6,
2023-10-21 17:00:00,17,2301.7,
2023-10-21 18:00:00,18,2169.7,
2023-10-21 19:00:00,19,1227.6,
2023-10-21 20:00:00,20,578.7,
2023-10-21 21:00:00,21,147.3,
2023-10-21 22:00:00,22,,
2023-10-21 23:00:00,23,,
2023-10-22 00:00:00,0,,
2023-10-22 01:00:00,1,,
2023-10-22 02:00:00,2,,
2023-10-22 03:00:00,3,,
2023-10-22 04:00:00,4,,
2023-10-22 05:00:00,5,,
2023-10-22 06:00:00,6,,
2023-10-22 07:00:00,7,,
2023-10-22 08:00:00,8,,
2023-10-22 09:00:00,9,2.7,
2023-10-22 10:00:00,10,159.4,
2023-10-22 11:00:00,11,599.4,
2023-10-22 12:00:00,12,1267.1,
2023-10-22 13:00:00,13,2483.6,
2023-10-22 14:00:00,14,1678.4,
2023-10-22 15:00:00,15,2255.7,
2023-10-22 16:00:00,16,1897.0,
2023-10-22 17:00:00,17,1722.8,
2023-10-22 18:00:00,18,1763.1,
2023-10-22 19:00:00,19,1064.8,
2023-10-22 20:00:00,20,587.1,
2023-10-22 21:00:00,21,106.6,
2023-10-22 22:00:00,22,,
2023-10-22 23:00:00,23,,
2023-10-23 00:00:00,0,,
2023-10-23 01:00:00,1,,
2023-10-23 02:00:00,2,,
2023-10-23 03:00:00,3,,
2023-10-23 04:00:00,4,,
2023-10-23 05:00:00,5,,
2023-10-23 06:00:00,6,,
2023-10-23 07:00:00,7,,
2023-10-23 08:00:00,8,,
2023-10-23 09:00:00,9,9.3,
2023-10-23 10:00:00,10,261.7,
2023-10-23 11:00:00,11,817.4,
2023-10-23 12:00:00,12,1406.3,
2023-10-23 13:00:00,13,2020.3,
2023-10-23 14:00:00,14,2594.4,
2023-10-23 15:00:00,15,2743.8,
2023-10-23 16:00:00,16,2683.6,
2023-10-23 17:00:00,17,2659.1,
2023-10-23 18:00:00,18,1950.3,
2023-10-23 19:00:00,19,1348.7,
2023-10-23 20:00:00,20,723.8,
2023-10-23 21:00:00,21,101.3,
2023-10-23 22:00:00,22,,
2023-10-23 23:00:00,23,,
2023-10-24 00:00:00,0,,
2023-10-24 01:00:00,1,,
2023-10-24 02:00:00,2,,
2023-10-24 03:00:00,3,,
2023-10-24 04:00:00,4,,
2023-10-24 05:00:00,5,,
2023-10-24 06:00:00,6,,
2023-10-24 07:00:00,7,,
2023-10-24 08:00:00,8,,
2023-10-24 09:00:00,9,17.6,
2023-10-24 10:00:00,10,312.4,
2023-10-24 11:00:00,11,678.1,
2023-10-24 12:00:00,12,1047.0,
2023-10-24 13:00:00,13,2031.2,
2023-10-24 14:00:00,14,2609.5,
2023-10-24 15:00:00,15,2377.1,
2023-10-24 16:00:00,16,2314.9,
2023-10-24 17:00:00,17,968.1,
2023-10-24 18:00:00,18,1532.8,
2023-10-24 19:00:00,19,1090.5,
2023-10-24 20:00:00,20,714.3,
2023-10-24 21:00:00,21,101.5,
2023-10-24 22:00:00,22,,
2023-10-24 23:00:00,23,,
2023-10-25 00:00:00,0,,
2023-10-25 01:00:00,1,,
2023-10-25 02:00:00,2,,
2023-10-25 03:00:00,3,,
2023-10-25 04:00:00,4,,
2023-10-25 05:00:00,5,,
2023-10-25 06:00:00,6,,
2023-10-25 07:00:00,7,,
2023-10-25 08:00:00,8,,
2023-10-25 09:00:00,9,10.0,
2023-10-25 10:00:00,10,224.3,
2023-10-25 11:00:00,11,651.5,
2023-10-25 12:00:00,12,1132.2,
2023-10-25 13:00:00,13,1370.7,
2023-10-25 14:00:00,14,1966.4,
2023-10-25 15:00:00,15,2281.3,
2023-10-25 16:00:00,16,2451.7,
2023-10-25 17:00:00,17,2152.8,
2023-10-25 18:00:00,18,2341.3,
2023-10-25 19:00:00,19,1705.5,
2023-10-25 20:00:00,20,757.4,
2023-10-25 21:00:00,21,156.0,
2023-10-25 22:00:00,22,,
2023-10-25 23:00:00,23,,
2023-10-26 00:00:00,0,,
2023-10-26 01:00:00,1,,
2023-10-26 02:00:00,2,,
2023-10-26 03:00:00,3,,
2023-10-26 04:00:00,4,,
2023-10-26 05:00:00,5,,
2023-10-26 06:00:00,6,,
2023-10-26 07:00:00,7,,
2023-10-26 08:00:00,8,,
2023-10-26 09:00:00,9,12.3,
2023-10-26 10:00:00,10,268.1,
2023-10-26 11:00:00,11,618.4,
2023-10-26 12:00:00,12,1551.7,
2023-10-26 13:00:00,13,2526.6,
2023-10-26 14:00:00,14,3365.6,
2023-10-26 15:00:00,15,3511.3,
2023-10-26 16:00:00,16,3487.9,
2023-10-26 17:00:00,17,2822.8,
2023-10-26 18:00:00,18,2440.1,
2023-10-26 19:00:00,19,1425.5,
2023-10-26 20:00:00,20,772.0,
2023-10-26 21:00:00,21,132.1,
2023-10-26 22:00:00,22,,
2023-10-26 23:00:00,23,,
2023-10-27 00:00:00,0,,
2023-10-27 01:00:00,1,,
2023-10-27 02:00:00,2,,
2023-10-27 03:00:00,3,,
2023-10-27 04:00:00,4,,
2023-10-27 05:00:00,5,,
2023-10-27 06:00:00,6,,
2023-10-27 07:00:00,7,,
2023-10-27 08:00:00,8,,
2023-10-27 09:00:00,9,11.7,
2023-10-27 10:00:00,10,213.6,
2023-10-27 11:00:00,11,579.8,
2023-10-27 12:00:00,12,1880.5,
2023-10-27 13:00:00,13,2749.0,
2023-10-27 14:00:00,14,3270.5,
2023-10-27 15:00:00,15,3479.9,
2023-10-27 16:00:00,16,2683.8,
2023-10-27 17:00:00,17,2293.4,
2023-10-27 18:00:00,18,1933.2,
2023-10-27 19:00:00,19,1281.0,
2023-10-27 20:00:00,20,724.1,
2023-10-27 21:00:00,21,133.5,
2023-10-27 22:00:00,22,,
2023-10-27 23:00:00,23,,
2023-10-28 00:00:00,0,,
2023-10-28 01:00:00,1,,
2023-10-28 02:00:00,2,,
2023-10-28 03:00:00,3,,
2023-10-28 04:00:00,4,,
2023-10-28 05:00:00,5,,
2023-10-28 06:00:00,6,,
2023-10-28 07:00:00,7,,
2023-10-28 08:00:00,8,,
2023-10-28 09:00:00,9,10.6,
2023-10-28 10:00:00,10,237.9,
2023-10-28 11:00:00,11,762.2,
2023-10-28 12:00:00,12,2009.3,
2023-10-28 13:00:00,13,2284.2,
2023-10-28 14:00:00,14,2165.5,
2023-10-28 15:00:00,15,2087.6,
2023-10-28 16:00:00,16,2545.2,
2023-10-28 17:00:00,17,2057.9,
2023-10-28 18:00:00,18,1687.5,
2023-10-28 19:00:00,19,1219.5,
2023-10-28 20:00:00,20,472.4,
2023-10-28 21:00:00,21,98.4,
2023-10-28 22:00:00,22,,
2023-10-28 23:00:00,23,,
2023-10-29 00:00:00,0,,
2023-10-29 01:00:00,1,,
2023-10-29 02:00:00,2,,
2023-10-29 03:00:00,3,,
2023-10-29 04:00:00,4,,
2023-10-29 05:00:00,5,,
2023-10-29 06:00:00,6,,
2023-10-29 07:00:00,7,,
2023-10-29 08:00:00,8,,
2023-10-29 09:00:00,9,10.2,
2023-10-29 10:00:00,10,228.8,
2023-10-29 11:00:00,11,639.5,
2023-10-29 12:00:00,12,1408.6,
2023-10-29 13:00:00,13,2066.0,
2023-10-29 14:00:00,14,2406.8,
2023-10-29 15:00:00,15,2253.0,
2023-10-29 16:00:00,16,2580.6,
2023-10-29 17:00:00,17,2561.4,
2023-10-29 18:00:00,18,2024.7,
2023-10-29 19:00:00,19,1381.5,
2023-10-29 20:00:00,20,689.6,
2023-10-29 21:00:00,21,132.4,
2023-10-29 22:00:00,22,,
2023-10-29 23:00:00,23,,
2023-10-30 00:00:00,0,,
2023-10-30 01:00:00,1,,
2023-10-30 02:00:00,2,,
2023-10-30 03:00:00,3,,
2023-10-30 04:00:00,4,,
2023-10-30 05:00:00,5,,
2023-10-30 06:00:00,6,,
2023-10-30 07:00:00,7,,
2023-10-30 08:00:00,8,,
2023-10-30 09:00:00,9,11.5,
2023-10-30 10:00:00,10,239.1,
2023-10-30 11:00:00,11,760.1,
2023-10-30 12:00:00,12,1569.0,
2023-10-30 13:00:00,13,2692.6,
2023-10-30 14:00:00,14,3225.7,
2023-10-30 15:00:00,15,3080.9,
2023-10-30 16:00:00,16,2876.4,
2023-10-30 17:00:00,17,2271.0,
2023-10-30 18:00:00,18,2379.6,
2023-10-30 19:00:00,19,1548.3,
2023-10-30 20:00:00,20,871.0,
2023-10-30 21:00:00,21,155.5,
2023-10-30 22:00:00,22,,
2023-10-30 23:00:00,23,,
2023-10-31 00:00:00,0,,
2023-10-31 01:00:00,1,,
2023-10-31 02:00:00,2,,
2023-10-31 03:00:00,3,,
2023-10-31 04:00:00,4,,
2023-10-31 05:00:00,5,,
2023-10-31 06:00:00,6,,
2023-10-31 07:00:00,7,,
2023-10-31 08:00:00,8,,
2023-10-31 09:00:00,9,13.2,
2023-10-31 10:00:00,10,249.6,
2023-10-31 11:00:00,11,680.2,
2023-10-31 12:00:00,12,1311.1,
2023-10-31 13:00:00,13,2621.7,
2023-10-31 14:00:00,14,3064.0,
2023-10-31 15:00:00,15,3251.4,
2023-10-31 16:00:00,16,3322.2,
2023-10-31 17:00:00,17,3157.4,
2023-10-31 18:00:00,18,2540.1,
2023-10-31 19:00:00,19,1474.4,
2023-10-31 20:00:00,20,900.1,
2023-10-31 21:00:00,21,161.3,
2023-10-31 22:00:00,22,,
2023-10-31 23:00:00,23,,
2023-11-01 00:00:00,0,,
2023-11-01 01:00:00,1,,
2023-11-01 02:00:00,2,,
2023-11-01 03:00:00,3,,
2023-11-01 04:00:00,4,,
2023-11-01 05:00:00,5,,
2023-11-01 06:00:00,6,,
2023-11-01 07:00:00,7,,
2023-11-01 08:00:00,8,,
2023-11-01 09:00:00,9,11.5,
2023-11-01 10:00:00,10,232.7,
2023-11-01 11:00:00,11,630.4,
2023-11-01 12:00:00,12,1208.5,
2023-11-01 13:00:00,13,1933.2,
2023-11-01 14:00:00,14,1874.9,
2023-11-01 15:00:00,15,1827.9,
2023-11-01 16:00:00,16,1228.2,
2023-11-01 17:00:00,17,1371.7,
2023-11-01 18:00:00,18,1385.3,
2023-11-01 19:00:00,19,985.0,
2023-11-01 20:00:00,20,609.8,
2023-11-01 21:00:00,21,146.2,
2023-11-01 22:00:00,22,,
2023-11-01 23:00:00,23,,
2023-11-02 00:00:00,0,,
2023-11-02 01:00:00,1,,
2023-11-02 02:00:00,2,,
2023-11-02 03:00:00,3,,
2023-11-02 04:00:00,4,,
2023-11-02 05:00:00,5,,
2023-11-02 06:00:00,6,,
2023-11-02 07:00:00,7,,
2023-11-02 08:00:00,8,,
2023-11-02 09:00:00,9,10.9,
2023-11-02 10:00:00,10,259.6,
2023-11-02 11:00:00,11,664.9,
2023-11-02 12:00:00,12,1564.6,
2023-11-02 13:00:00,13,1916.0,
2023-11-02 14:00:00,14,2880.0,
2023-11-02 15:00:00,15,2767.8,
2023-11-02 16:00:00,16,1978.5,
2023-11-02 17:00:00,17,2936.0,
2023-11-02 18:00:00,18,1786.6,
2023-11-02 19:00:00,19,1657.0,
2023-11-02 20:00:00,20,651.7,
2023-11-02 21:00:00,21,171.5,
2023-11-02 22:00:00,22,,
2023-11-02 23:00:00,23,,
2023-11-03 00:00:00,0,,
2023-11-03 01:00:00,1,,
2023-11-03 02:00:00,2,,
2023-11-03 03:00:00,3,,
2023-11-03 04:00:00,4,,
2023-11-03 05:00:00,5,,
2023-11-03 06:00:00,6,,
2023-11-03 07:00:00,7,,
2023-11-03 08:00:00,8,,
2023-11-03 09:00:00,9,14.5,
2023-11-03 10:00:00,10,254.6,
2023-11-03 11:00:00,11,613.0,
2023-11-03 12:00:00,12,1274.1,
2023-11-03 13:00:00,13,1891.2,
2023-11-03 14:00:00,14,1745.8,
2023-11-03 15:00:00,15,1124.4,
2023-11-03 16:00:00,16,1281.4,
2023-11-03 17:00:00,17,1974.5,
2023-11-03 18:00:00,18,1870.0,
2023-11-03 19:00:00,19,1465.2,
2023-11-03 20:00:00,20,946.5,
2023-11-03 21:00:00,21,160.3,
2023-11-03 22:00:00,22,,
2023-11-03 23:00:00,23,,
2023-11-04 00:00:00,0,,
2023-11-04 01:00:00,1,,
2023-11-04 02:00:00,2,,
2023-11-04 03:00:00,3,,
2023-11-04 04:00:00,4,,
2023-11-04 05:00:00,5,,
2023-11-04 06:00:00,6,,
2023-11-04 07:00:00,7,,
2023-11-04 08:00:00,8,,
2023-11-04 09:00:00,9,20.9,
2023-11-04 10:00:00,10,239.4,
2023-11-04 11:00:00,11,773.2,
2023-11-04 12:00:00,12,1809.5,
2023-11-04 13:00:00,13,2435.4,
2023-11-04 14:00:00,14,2407.6,
2023-11-04 15:00:00,15,2666.5,
2023-11-04 16:00:00,16,1992.3,
2023-11-04 17:00:00,17,1657.7,
2023-11-04 18:00:00,18,1880.0,
2023-11-04 19:00:00,19,1650.4,
2023-11-04 20:00:00,20,848.5,
2023-11-04 21:00:00,21,113.9,
2023-11-04 22:00:00,22,,
2023-11-04 23:00:00,23,,
2023-11-05 00:00:00,0,,
2023-11-05 01:00:00,1,,
2023-11-05 02:00:00,2,,
2023-11-05 03:00:00,3,,
2023-11-05 04:00:00,4,,
2023-11-05 05:00:00,5,,
2023-11-05 06:00:00,6,,
2023-11-05 07:00:00,7,,
2023-11-05 08:00:00,8,,
2023-11-05 09:00:00,9,13.8,
2023-11-05 10:00:00,10,300.2,
2023-11-05 11:00:00,11,688.9,
2023-11-05 12:00:00,12,2125.7,
2023-11-05 13:00:00,13,1695.8,
2023-11-05 14:00:00,14,1565.4,
2023-11-05 15:00:00,15,1866.3,
2023-11-05 16:00:00,16,1421.4,
2023-11-05 17:00:00,17,1563.9,
2023-11-05 18:00:00,18,920.6,
2023-11-05 19:00:00,19,578.7,
2023-11-05 20:00:00,20,333.7,
2023-11-05 21:00:00,21,94.8,
2023-11-05 22:00:00,22,,
2023-11-05 23:00:00,23,,
2023-11-06 00:00:00,0,,
2023-11-06 01:00:00,1,,
2023-11-06 02:00:00,2,,
2023-11-06 03:00:00,3,,
2023-11-06 04:00:00,4,,
2023-11-06 05:00:00,5,,
2023-11-06 06:00:00,6,,
2023-11-06 07:00:00,7,,
2023-11-06 08:00:00,8,,
2023-11-06 09:00:00,9,8.6,
2023-11-06 10:00:00,10,253.2,
2023-11-06 11:00:00,11,691.8,
2023-11-06 12:00:00,12,1405.9,
2023-11-06 13:00:00,13,545.3,
2023-11-06 14:00:00,14,866.8,
2023-11-06 15:00:00,15,1200.2,
2023-11-06 16:00:00,16,1834.0,
2023-11-06 17:00:00,17,2195.6,
2023-11-06 18:00:00,18,1372.9,
2023-11-06 19:00:00,19,215.8,
2023-11-06 20:00:00,20,75.6,
2023-11-06 21:00:00,21,13.1,
2023-11-06 22:00:00,22,,
2023-11-06 23:00:00,23,,
2023-11-07 00:00:00,0,,
2023-11-07 01:00:00,1,,
2023-11-07 02:00:00,2,,
2023-11-07 03:00:00,3,,
2023-11-07 04:00:00,4,,
2023-11-07 05:00:00,5,,
2023-11-07 06:00:00,6,,
2023-11-07 07:00:00,7,,
2023-11-07 08:00:00,8,,
2023-11-07 09:00:00,9,16.0,
2023-11-07 10:00:00,10,291.1,
2023-11-07 11:00:00,11,675.1,
2023-11-07 12:00:00,12,1181.2,
2023-11-07 13:00:00,13,1680.3,
2023-11-07 14:00:00,14,1724.9,
2023-11-07 15:00:00,15,2193.2,
2023-11-07 16:00:00,16,1650.3,
2023-11-07 17:00:00,17,2992.7,
2023-11-07 18:00:00,18,2130.6,
2023-11-07 19:00:00,19,1604.2,
2023-11-07 20:00:00,20,502.5,
2023-11-07 21:00:00,21,121.0,
2023-11-07 22:00:00,22,,
2023-11-07 23:00:00,23,,
2023-11-08 00:00:00,0,,
2023-11-08 01:00:00,1,,
2023-11-08 02:00:00,2,,
2023-11-08 03:00:00,3,,
2023-11-08 04:00:00,4,,
2023-11-08 05:00:00,5,,
2023-11-08 06:00:00,6,,
2023-11-08 07:00:00,7,,
2023-11-08 08:00:00,8,,
2023-11-08 09:00:00,9,10.9,
2023-11-08 10:00:00,10,128.7,
2023-11-08 11:00:00,11,436.9,
2023-11-08 12:00:00,12,1237.8,
2023-11-08 13:00:00,13,2510.8,
2023-11-08 14:00:00,14,3034.5,
2023-11-08 15:00:00,15,2425.5,
2023-11-08 16:00:00,16,1463.6,
2023-11-08 17:00:00,17,1653.5,
2023-11-08 18:00:00,18,2008.3,
2023-11-08 19:00:00,19,1044.5,
2023-11-08 20:00:00,20,456.8,
2023-11-08 21:00:00,21,64.8,
2023-11-08 22:00:00,22,,
2023-11-08 23:00:00,23,,
2023-11-09 00:00:00,0,,
2023-11-09 01:00:00,1,,
2023-11-09 02:00:00,2,,
2023-11-09 03:00:00,3,,
2023-11-09 04:00:00,4,,
2023-11-09 05:00:00,5,,
2023-11-09 06:00:00,6,,
2023-11-09 07:00:00,7,,
2023-11-09 08:00:00,8,,
2023-11-09 09:00:00,9,8.4,
2023-11-09 10:00:00,10,166.5,
2023-11-09 11:00:00,11,247.9,
2023-11-09 12:00:00,12,310.7,
2023-11-09 13:00:00,13,1022.3,
2023-11-09 14:00:00,14,1157.1,
2023-11-09 15:00:00,15,1105.4,
2023-11-09 16:00:00,16,1805.4,
2023-11-09 17:00:00,17,1450.6,
2023-11-09 18:00:00,18,1794.2,
2023-11-09 19:00:00,19,1145.6,
2023-11-09 20:00:00,20,657.8,
2023-11-09 21:00:00,21,126.4,
2023-11-09 22:00:00,22,,
2023-11-09 23:00:00,23,,
2023-11-10 00:00:00,0,,
2023-11-10 01:00:00,1,,
2023-11-10 02:00:00,2,,
2023-11-10 03:00:00,3,,
2023-11-10 04:00:00,4,,
2023-11-10 05:00:00,5,,
2023-11-10 06:00:00,6,,
2023-11-10 07:00:00,7,,
2023-11-10 08:00:00,8,,
2023-11-10 09:00:00,9,10.5,
2023-11-10 10:00:00,10,193.3,
2023-11-10 11:00:00,11,844.3,
2023-11-10 12:00:00,12,1296.7,
2023-11-10 13:00:00,13,2044.1,
2023-11-10 14:00:00,14,2408.9,
2023-11-10 15:00:00,15,1444.6,
2023-11-10 16:00:00,16,3046.1,
2023-11-10 17:00:00,17,1991.9,
2023-11-10 18:00:00,18,1821.4,
2023-11-10 19:00:00,19,1620.5,
2023-11-10 20:00:00,20,906.4,
2023-11-10 21:00:00,21,195.0,
2023-11-10 22:00:00,22,,
2023-11-10 23:00:00,23,,
2023-11-11 00:00:00,0,,
2023-11-11 01:00:00,1,,
2023-11-11 02:00:00,2,,
2023-11-11 03:00:00,3,,
2023-11-11 04:00:00,4,,
2023-11-11 05:00:00,5,,
2023-11-11 06:00:00,6,,
2023-11-11 07:00:00,7,,
2023-11-11 08:00:00,8,,
2023-11-11 09:00:00,9,13.1,
2023-11-11 10:00:00,10,253.9,
2023-11-11 11:00:00,11,581.5,
2023-11-11 12:00:00,12,1252.3,
2023-11-11 13:00:00,13,1391.5,
2023-11-11 14:00:00,14,1613.9,
2023-11-11 15:00:00,15,1921.5,
2023-11-11 16:00:00,16,2415.6,
2023-11-11 17:00:00,17,2846.9,
2023-11-11 18:00:00,18,1977.1,
2023-11-11 19:00:00,19,1298.9,
2023-11-11 20:00:00,20,731.8,
2023-11-11 21:00:00,21,143.5,
2023-11-11 22:00:00,22,,
2023-11-11 23:00:00,23,,
2023-11-12 00:00:00,0,,
2023-11-12 01:00:00,1,,
2023-11-12 02:00:00,2,,
2023-11-12 03:00:00,3,,
2023-11-12 04:00:00,4,,
2023-11-12 05:00:00,5,,
2023-11-12 06:00:00,6,,
2023-11-12 07:00:00,7,,
2023-11-12 08:00:00,8,,
2023-11-12 09:00:00,9,11.6,
2023-11-12 10:00:00,10,213.5,
2023-11-12 11:00:00,11,633.7,
2023-11-12 12:00:00,12,1569.8,
2023-11-12 13:00:00,13,2776.4,
2023-11-12 14:00:00,14,3065.8,
2023-11-12 15:00:00,15,3175.5,
2023-11-12 16:00:00,16,2432.1,
2023-11-12 17:00:00,17,2081.8,
2023-11-12 18:00:00,18,2016.0,
2023-11-12 19:00:00,19,1493.6,
2023-11-12 20:00:00,20,764.9,
2023-11-12 21:00:00,21,132.1,
2023-11-12 22:00:00,22,,
2023-11-12 23:00:00,23,,
2023-11-13 00:00:00,0,,
2023-11-13 01:00:00,1,,
2023-11-13 02:00:00,2,,
2023-11-13 03:00:00,3,,
2023-11-13 04:00:00,4,,
2023-11-13 05:00:00,5,,
2023-11-13 06:00:00,6,,
2023-11-13 07:00:00,7,,
2023-11-13 08:00:00,8,,
2023-11-13 09:00:00,9,10.0,
2023-11-13 10:00:00,10,260.2,
2023-11-13 11:00:00,11,669.5,
2023-11-13 12:00:00,12,1491.7,
2023-11-13 13:00:00,13,1877.8,
2023-11-13 14:00:00,14,2138.9,
2023-11-13 15:00:00,15,3336.0,
2023-11-13 16:00:00,16,2946.2,
2023-11-13 17:00:00,17,2916.3,
2023-11-13 18:00:00,18,1887.1,
2023-11-13 19:00:00,19,1419.0,
2023-11-13 20:00:00,20,673.6,
2023-11-13 21:00:00,21,139.1,
2023-11-13 22:00:00,22,,
2023-11-13 23:00:00,23,,
2023-11-14 00:00:00,0,,
2023-11-14 01:00:00,1,,
2023-11-14 02:00:00,2,,
2023-11-14 03:00:00,3,,
2023-11-14 04:00:00,4,,
2023-11-14 05:00:00,5,,
2023-11-14 06:00:00,6,,
2023-11-14 07:00:00,7,,
2023-11-14 08:00:00,8,,
2023-11-14 09:00:00,9,12.8,
2023-11-14 10:00:00,10,172.4,
2023-11-14 11:00:00,11,656.2,
2023-11-14 12:00:00,12,859.7,
2023-11-14 13:00:00,13,1107.5,
2023-11-14 14:00:00,14,1448.0,
2023-11-14 15:00:00,15,1616.2,
2023-11-14 16:00:00,16,2329.6,
2023-11-14 17:00:00,17,2554.4,
2023-11-14 18:00:00,18,1941.9,
2023-11-14 19:00:00,19,1657.8,
2023-11-14 20:00:00,20,791.6,
2023-11-14 21:00:00,21,151.8,
2023-11-14 22:00:00,22,,
2023-11-14 23:00:00,23,,
2023-11-15 00:00:00,0,,
2023-11-15 01:00:00,1,,
2023-11-15 02:00:00,2,,
2023-11-15 03:00:00,3,,
2023-11-15 04:00:00,4,,
2023-11-15 05:00:00,5,,
2023-11-15 06:00:00,6,,
2023-11-15 07:00:00,7,,
2023-11-15 08:00:00,8,,
2023-11-15 09:00:00,9,10.4,
2023-11-15 10:00:00,10,272.4,
2023-11-15 11:00:00,11,537.9,
2023-11-15 12:00:00,12,468.1,
2023-11-15 13:00:00,13,1379.4,
2023-11-15 14:00:00,14,2394.4,
2023-11-15 15:00:00,15,1789.2,
2023-11-15 16:00:00,16,1513.6,
2023-11-15 17:00:00,17,1967.2,
2023-11-15 18:00:00,18,2363.4,
2023-11-15 19:00:00,19,1139.2,
2023-11-15 20:00:00,20,654.4,
2023-11-15 21:00:00,21,99.9,
2023-11-15 22:00:00,22,,
2023-11-15 23:00:00,23,,
2023-11-16 00:00:00,0,,
2023-11-16 01:00:00,1,,
2023-11-16 02:00:00,2,,
2023-11-16 03:00:00,3,,
2023-11-16 04:00:00,4,,
2023-11-16 05:00:00,5,,
2023-11-16 06:00:00,6,,
2023-11-16 07:00:00,7,,
2023-11-16 08:00:00,8,,
2023-11-16 09:00:00,9,18.4,
2023-11-16 10:00:00,10,263.2,
2023-11-16 11:00:00,11,762.0,
2023-11-16 12:00:00,12,1200.4,
2023-11-16 13:00:00,13,788.1,
2023-11-16 14:00:00,14,825.6,
2023-11-16 15:00:00,15,671.4,
2023-11-16 16:00:00,16,596.6,
2023-11-16 17:00:00,17,1315.2,
2023-11-16 18:00:00,18,1203.7,
2023-11-16 19:00:00,19,541.6,
2023-11-16 20:00:00,20,580.2,
2023-11-16 21:00:00,21,162.5,
2023-11-16 22:00:00,22,,
2023-11-16 23:00:00,23,,
2023-11-17 00:00:00,0,,
2023-11-17 01:00:00,1,,
2023-11-17 02:00:00,2,,
2023-11-17 03:00:00,3,,
2023-11-17 04:00:00,4,,
2023-11-17 05:00:00,5,,
2023-11-17 06:00:00,6,,
2023-11-17 07:00:00,7,,
2023-11-17 08:00:00,8,,
2023-11-17 09:00:00,9,14.5,
2023-11-17 10:00:00,10,258.7,
2023-11-17 11:00:00,11,619.9,
2023-11-17 12:00:00,12,1090.5,
2023-11-17 13:00:00,13,1621.7,
2023-11-17 14:00:00,14,1767.7,
2023-11-17 15:00:00,15,1928.2,
2023-11-17 16:00:00,16,1647.6,
2023-11-17 17:00:00,17,2635.2,
2023-11-17 18:00:00,18,1766.4,
2023-11-17 19:00:00,19,1291.3,
2023-11-17 20:00:00,20,870.2,
2023-11-17 21:00:00,21,125.2,
2023-11-17 22:00:00,22,,
2023-11-17 23:00:00,23,,
2023-11-18 00:00:00,0,,
2023-11-18 01:00:00,1,,
2023-11-18 02:00:00,2,,
2023-11-18 03:00:00,3,,
2023-11-18 04:00:00,4,,
2023-11-18 05:00:00,5,,
2023-11-18 06:00:00,6,,
2023-11-18 07:00:00,7,,
2023-11-18 08:00:00,8,,
2023-11-18 09:00:00,9,9.2,
2023-11-18 10:00:00,10,252.6,
2023-11-18 11:00:00,11,598.6,
2023-11-18 12:00:00,12,1183.3,
2023-11-18 13:00:00,13,1538.6,
2023-11-18 14:00:00,14,2589.5,
2023-11-18 15:00:00,15,1927.6,
2023-11-18 16:00:00,16,1680.0,
2023-11-18 17:00:00,17,1513.3,
2023-11-18 18:00:00,18,2172.2,
2023-11-18 19:00:00,19,1103.3,
2023-11-18 20:00:00,20,715.7,
2023-11-18 21:00:00,21,112.3,
2023-11-18 22:00:00,22,,
2023-11-18 23:00:00,23,,
2023-11-19 00:00:00,0,,
2023-11-19 01:00:00,1,,
2023-11-19 02:00:00,2,,
2023-11-19 03:00:00,3,,
2023-11-19 04:00:00,4,,
2023-11-19 05:00:00,5,,
2023-11-19 06:00:00,6,,
2023-11-19 07:00:00,7,,
2023-11-19 08:00:00,8,,
2023-11-19 09:00:00,9,13.4,
2023-11-19 10:00:00,10,246.4,
2023-11-19 11:00:00,11,695.9,
2023-11-19 12:00:00,12,1200.0,
2023-11-19 13:00:00,13,2442.9,
2023-11-19 14:00:00,14,2384.8,
2023-11-19 15:00:00,15,1842.5,
2023-11-19 16:00:00,16,1467.8,
2023-11-19 17:00:00,17,1521.4,
2023-11-19 18:00:00,18,1286.9,
2023-11-19 19:00:00,19,1554.2,
2023-11-19 20:00:00,20,456.0,
2023-11-19 21:00:00,21,87.6,
2023-11-19 22:00:00,22,,
2023-11-19 23:00:00,23,,
2023-11-20 00:00:00,0,,
2023-11-20 01:00:00,1,,
2023-11-20 02:00:00,2,,
2023-11-20 03:00:00,3,,
2023-11-20 04:00:00,4,,
2023-11-20 05:00:00,5,,
2023-11-20 06:00:00,6,,
2023-11-20 07:00:00,7,,
2023-11-20 08:00:00,8,,
2023-11-20 09:00:00,9,17.5,
2023-11-20 10:00:00,10,311.5,
2023-11-20 11:00:00,11,907.2,
2023-11-20 12:00:00,12,2201.7,
2023-11-20 13:00:00,13,2081.9,
2023-11-20 14:00:00,14,1423.5,
2023-11-20 15:00:00,15,1587.7,
2023-11-20 16:00:00,16,2562.5,
2023-11-20 17:00:00,17,1544.7,
2023-11-20 18:00:00,18,1775.0,
2023-11-20 19:00:00,19,1135.1,
2023-11-20 20:00:00,20,463.5,
2023-11-20 21:00:00,21,63.3,
2023-11-20 22:00:00,22,,
2023-11-20 23:00:00,23,,
2023-11-21 00:00:00,0,,
2023-11-21 01:00:00,1,,
2023-11-21 02:00:00,2,,
2023-11-21 03:00:00,3,,
2023-11-21 04:00:00,4,,
2023-11-21 05:00:00,5,,
2023-11-21 06:00:00,6,,
2023-11-21 07:00:00,7,,
2023-11-21 08:00:00,8,,
2023-11-21 09:00:00,9,12.9,
2023-11-21 10:00:00,10,219.6,
2023-11-21 11:00:00,11,866.7,
2023-11-21 12:00:00,12,1815.1,
2023-11-21 13:00:00,13,2623.5,
2023-11-21 14:00:00,14,3218.9,
2023-11-21 15:00:00,15,2118.7,
2023-11-21 16:00:00,16,2351.3,
2023-11-21 17:00:00,17,2014.1,
2023-11-21 18:00:00,18,1724.4,
2023-11-21 19:00:00,19,1164.8,
2023-11-21 20:00:00,20,639.3,
2023-11-21 21:00:00,21,166.3,
2023-11-21 22:00:00,22,,
2023-11-21 23:00:00,23,,
2023-11-22 00:00:00,0,,
2023-11-22 01:00:00,1,,
2023-11-22 02:00:00,2,,
2023-11-22 03:00:00,3,,
2023-11-22 04:00:00,4,,
2023-11-22 05:00:00,5,,
2023-11-22 06:00:00,6,,
2023-11-22 07:00:00,7,,
2023-11-22 08:00:00,8,,
2023-11-22 09:00:00,9,18.0,
2023-11-22 10:00:00,10,290.6,
2023-11-22 11:00:00,11,848.4,
2023-11-22 12:00:00,12,1138.6,
2023-11-22 13:00:00,13,1338.4,
2023-11-22 14:00:00,14,1590.3,
2023-11-22 15:00:00,15,1355.7,
2023-11-22 16:00:00,16,2384.2,
2023-11-22 17:00:00,17,1880.7,
2023-11-22 18:00:00,18,1937.9,
2023-11-22 19:00:00,19,914.5,
2023-11-22 20:00:00,20,405.3,
2023-11-22 21:00:00,21,140.4,
2023-11-22 22:00:00,22,,
2023-11-22 23:00:00,23,1.1,
2023-11-23 00:00:00,0,,
2023-11-23 01:00:00,1,,
2023-11-23 02:00:00,2,,
2023-11-23 03:00:00,3,,
2023-11-23 04:00:00,4,,
2023-11-23 05:00:00,5,,
2023-11-23 06:00:00,6,,
2023-11-23 07:00:00,7,,
2023-11-23 08:00:00,8,,
2023-11-23 09:00:00,9,,
2023-11-23 10:00:00,10,11.0,
2023-11-23 11:00:00,11,189.3,
2023-11-23 12:00:00,12,200.2,
2023-11-23 13:00:00,13,295.9,
2023-11-23 14:00:00,14,780.4,
2023-11-23 15:00:00,15,1659.4,
2023-11-23 16:00:00,16,1872.1,
2023-11-23 17:00:00,17,1751.8,
2023-11-23 18:00:00,18,1190.0,
2023-11-23 19:00:00,19,958.1,
2023-11-23 20:00:00,20,574.1,
2023-11-23 21:00:00,21,214.3,
2023-11-23 22:00:00,22,,
2023-11-23 23:00:00,23,,
2023-11-24 00:00:00,0,,
2023-11-24 01:00:00,1,,
2023-11-24 02:00:00,2,,
2023-11-24 03:00:00,3,,
2023-11-24 04:00:00,4,,
2023-11-24 05:00:00,5,,
2023-11-24 06:00:00,6,,
2023-11-24 07:00:00,7,,
2023-11-24 08:00:00,8,,
2023-11-24 09:00:00,9,6.7,
2023-11-24 10:00:00,10,270.4,
2023-11-24 11:00:00,11,978.2,
2023-11-24 12:00:00,12,2107.3,
2023-11-24 13:00:00,13,2824.6,
2023-11-24 14:00:00,14,2900.0,
2023-11-24 15:00:00,15,2928.4,
2023-11-24 16:00:00,16,3596.7,
2023-11-24 17:00:00,17,2359.6,
2023-11-24 18:00:00,18,2351.9,
2023-11-24 19:00:00,19,1635.8,
2023-11-24 20:00:00,20,979.3,
2023-11-24 21:00:00,21,207.8,
2023-11-24 22:00:00,22,,
2023-11-24 23:00:00,23,,
2023-11-25 00:00:00,0,,
2023-11-25 01:00:00,1,,
2023-11-25 02:00:00,2,,
2023-11-25 03:00:00,3,,
2023-11-25 04:00:00,4,,
2023-11-25 05:00:00,5,,
2023-11-25 06:00:00,6,,
2023-11-25 07:00:00,7,,
2023-11-25 08:00:00,8,,
2023-11-25 09:00:00,9,17.5,
2023-11-25 10:00:00,10,307.5,
2023-11-25 11:00:00,11,817.2,
2023-11-25 12:00:00,12,1208.3,
2023-11-25 13:00:00,13,2398.4,
2023-11-25 14:00:00,14,2955.7,
2023-11-25 15:00:00,15,3476.1,
2023-11-25 16:00:00,16,2521.0,
2023-11-25 17:00:00,17,2373.2,
2023-11-25 18:00:00,18,1604.5,
2023-11-25 19:00:00,19,1473.5,
2023-11-25 20:00:00,20,1026.5,
2023-11-25 21:00:00,21,179.9,
2023-11-25 22:00:00,22,,
2023-11-25 23:00:00,23,,
2023-11-26 00:00:00,0,,
2023-11-26 01:00:00,1,,
2023-11-26 02:00:00,2,,
2023-11-26 03:00:00,3,,
2023-11-26 04:00:00,4,,
2023-11-26 05:00:00,5,,
2023-11-26 06:00:00,6,,
2023-11-26 07:00:00,7,,
2023-11-26 08:00:00,8,,
2023-11-26 09:00:00,9,11.0,
2023-11-26 10:00:00,10,254.2,
2023-11-26 11:00:00,11,686.9,
2023-11-26 12:00:00,12,952.7,
2023-11-26 13:00:00,13,1615.7,
2023-11-26 14:00:00,14,1126.1,
2023-11-26 15:00:00,15,2304.6,
2023-11-26 16:00:00,16,1933.9,
2023-11-26 17:00:00,17,1850.1,
2023-11-26 18:00:00,18,1601.1,
2023-11-26 19:00:00,19,1149.6,
2023-11-26 20:00:00,20,568.8,
2023-11-26 21:00:00,21,183.0,
2023-11-26 22:00:00,22,,
2023-11-26 23:00:00,23,,
2023-11-27 00:00:00,0,,
2023-11-27 01:00:00,1,,
2023-11-27 02:00:00,2,,
2023-11-27 03:00:00,3,,
2023-11-27 04:00:00,4,,
2023-11-27 05:00:00,5,,
2023-11-27 06:00:00,6,,
2023-11-27 07:00:00,7,,
2023-11-27 08:00:00,8,,
2023-11-27 09:00:00,9,15.7,
2023-11-27 10:00:00,10,252.2,
2023-11-27 11:00:00,11,717.7,
2023-11-27 12:00:00,12,1001.8,
2023-11-27 13:00:00,13,2187.8,
2023-11-27 14:00:00,14,1970.3,
2023-11-27 15:00:00,15,2558.7,
2023-11-27 16:00:00,16,2155.3,
2023-11-27 17:00:00,17,2010.3,
2023-11-27 18:00:00,18,2087.9,
2023-11-27 19:00:00,19,1542.1,
2023-11-27 20:00:00,20,1000.8,
2023-11-27 21:00:00,21,210.4,
2023-11-27 22:00:00,22,,
2023-11-27 23:00:00,23,,
2023-11-28 00:00:00,0,,
2023-11-28 01:00:00,1,,
2023-11-28 02:00:00,2,,
2023-11-28 03:00:00,3,,
2023-11-28 04:00:00,4,,
2023-11-28 05:00:00,5,,
2023-11-28 06:00:00,6,,
2023-11-28 07:00:00,7,,
2023-11-28 08:00:00,8,,
2023-11-28 09:00:00,9,11.6,
2023-11-28 10:00:00,10,226.5,
2023-11-28 11:00:00,11,911.5,
2023-11-28 12:00:00,12,1769.4,
2023-11-28 13:00:00,13,1903.7,
2023-11-28 14:00:00,14,2694.8,
2023-11-28 15:00:00,15,2413.5,
2023-11-28 16:00:00,16,2386.9,
2023-11-28 17:00:00,17,2428.1,
2023-11-28 18:00:00,18,2259.5,
2023-11-28 19:00:00,19,1962.9,
2023-11-28 20:00:00,20,1046.0,
2023-11-28 21:00:00,21,198.9,
2023-11-28 22:00:00,22,,
2023-11-28 23:00:00,23,,
2023-11-29 00:00:00,0,,
2023-11-29 01:00:00,1,,
2023-11-29 02:00:00,2,,
2023-11-29 03:00:00,3,,
2023-11-29 04:00:00,4,,
2023-11-29 05:00:00,5,,
2023-11-29 06:00:00,6,,
2023-11-29 07:00:00,7,,
2023-11-29 08:00:00,8,,
2023-11-29 09:00:00,9,10.3,
2023-11-29 10:00:00,10,214.5,
2023-11-29 11:00:00,11,615.6,
2023-11-29 12:00:00,12,1230.6,
2023-11-29 13:00:00,13,1591.2,
2023-11-29 14:00:00,14,2649.2,
2023-11-29 15:00:00,15,2338.1,
2023-11-29 16:00:00,16,2480.9,
2023-11-29 17:00:00,17,2537.8,
2023-11-29 18:00:00,18,2299.7,
2023-11-29 19:00:00,19,1853.7,
2023-11-29 20:00:00,20,955.7,
2023-11-29 21:00:00,21,215.7,
2023-11-29 22:00:00,22,,
2023-11-29 23:00:00,23,,
2023-11-30 00:00:00,0,,
2023-11-30 01:00:00,1,,
2023-11-30 02:00:00,2,,
2023-11-30 03:00:00,3,,
2023-11-30 04:00:00,4,,
2023-11-30 05:00:00,5,,
2023-11-30 06:00:00,6,,
2023-11-30 07:00:00,7,,
2023-11-30 08:00:00,8,,
2023-11-30 09:00:00,9,12.6,
2023-11-30 10:00:00,10,232.3,
2023-11-30 11:00:00,11,878.8,
2023-11-30 12:00:00,12,1890.6,
2023-11-30 13:00:00,13,2041.6,
2023-11-30 14:00:00,14,3311.4,
2023-11-30 15:00:00,15,2160.2,
2023-11-30 16:00:00,16,1737.7,
2023-11-30 17:00:00,17,1705.8,
2023-11-30 18:00:00,18,2035.8,
2023-11-30 19:00:00,19,1529.7,
2023-11-30 20:00:00,20,711.7,
2023-11-30 21:00:00,21,84.6,
2023-11-30 22:00:00,22,,
2023-11-30 23:00:00,23,,
2023-12-01 00:00:00,0,,
2023-12-01 01:00:00,1,,
2023-12-01 02:00:00,2,,
2023-12-01 03:00:00,3,,
2023-12-01 04:00:00,4,,
2023-12-01 05:00:00,5,,
2023-12-01 06:00:00,6,,
2023-12-01 07:00:00,7,,
2023-12-01 08:00:00,8,,
2023-12-01 09:00:00,9,9.2,
2023-12-01 10:00:00,10,241.7,
2023-12-01 11:00:00,11,845.4,
2023-12-01 12:00:00,12,2237.4,
2023-12-01 13:00:00,13,1937.5,
2023-12-01 14:00:00,14,1690.2,
2023-12-01 15:00:00,15,1548.7,
2023-12-01 16:00:00,16,1777.3,
2023-12-01 17:00:00,17,1817.5,
2023-12-01 18:00:00,18,1589.9,
2023-12-01 19:00:00,19,1145.8,
2023-12-01 20:00:00,20,318.6,
2023-12-01 21:00:00,21,59.6,
2023-12-01 22:00:00,22,,
2023-12-01 23:00:00,23,,
2023-12-02 00:00:00,0,,
2023-12-02 01:00:00,1,,
2023-12-02 02:00:00,2,,
2023-12-02 03:00:00,3,,
2023-12-02 04:00:00,4,,
2023-12-02 05:00:00,5,,
2023-12-02 06:00:00,6,,
2023-12-02 07:00:00,7,,
2023-12-02 08:00:00,8,,
2023-12-02 09:00:00,9,7.7,
2023-12-02 10:00:00,10,227.9,
2023-12-02 11:00:00,11,432.9,
2023-12-02 12:00:00,12,1497.0,
2023-12-02 13:00:00,13,974.5,
2023-12-02 14:00:00,14,668.3,
2023-12-02 15:00:00,15,1878.1,
2023-12-02 16:00:00,16,2271.2,
2023-12-02 17:00:00,17,2356.8,
2023-12-02 18:00:00,18,2394.0,
2023-12-02 19:00:00,19,1778.5,
2023-12-02 20:00:00,20,1080.2,
2023-12-02 21:00:00,21,208.4,
2023-12-02 22:00:00,22,,
2023-12-02 23:00:00,23,,
2023-12-03 00:00:00,0,,
2023-12-03 01:00:00,1,,
2023-12-03 02:00:00,2,,
2023-12-03 03:00:00,3,,
2023-12-03 04:00:00,4,,
2023-12-03 05:00:00,5,,
2023-12-03 06:00:00,6,,
2023-12-03 07:00:00,7,,
2023-12-03 08:00:00,8,,
2023-12-03 09:00:00,9,11.5,
2023-12-03 10:00:00,10,236.8,
2023-12-03 11:00:00,11,864.0,
2023-12-03 12:00:00,12,1015.5,
2023-12-03 13:00:00,13,1391.3,
2023-12-03 14:00:00,14,1780.7,
2023-12-03 15:00:00,15,1642.2,
2023-12-03 16:00:00,16,2631.7,
2023-12-03 17:00:00,17,1729.6,
2023-12-03 18:00:00,18,1794.0,
2023-12-03 19:00:00,19,612.0,
2023-12-03 20:00:00,20,873.2,
2023-12-03 21:00:00,21,206.8,
2023-12-03 22:00:00,22,,
2023-12-03 23:00:00,23,,
2023-12-04 00:00:00,0,,
2023-12-04 01:00:00,1,,
2023-12-04 02:00:00,2,,
2023-12-04 03:00:00,3,,
2023-12-04 04:00:00,4,,
2023-12-04 05:00:00,5,,
2023-12-04 06:00:00,6,,
2023-12-04 07:00:00,7,,
2023-12-04 08:00:00,8,,
2023-12-04 09:00:00,9,5.8,
2023-12-04 10:00:00,10,210.5,
2023-12-04 11:00:00,11,748.4,
2023-12-04 12:00:00,12,564.3,
2023-12-04 13:00:00,13,1368.8,
2023-12-04 14:00:00,14,1448.9,
2023-12-04 15:00:00,15,1763.7,
2023-12-04 16:00:00,16,2151.4,
2023-12-04 17:00:00,17,2269.8,
2023-12-04 18:00:00,18,1544.1,
2023-12-04 19:00:00,19,1082.2,
2023-12-04 20:00:00,20,566.3,
2023-12-04 21:00:00,21,125.8,
2023-12-04 22:00:00,22,,
2023-12-04 23:00:00,23,,
2023-12-05 00:00:00,0,,
2023-12-05 01:00:00,1,,
2023-12-05 02:00:00,2,,
2023-12-05 03:00:00,3,,
2023-12-05 04:00:00,4,,
2023-12-05 05:00:00,5,,
2023-12-05 06:00:00,6,,
2023-12-05 07:00:00,7,,
2023-12-05 08:00:00,8,,
2023-12-05 09:00:00,9,4.7,
2023-12-05 10:00:00,10,103.7,
2023-12-05 11:00:00,11,230.9,
2023-12-05 12:00:00,12,1021.7,
2023-12-05 13:00:00,13,1535.6,
2023-12-05 14:00:00,14,1264.5,
2023-12-05 15:00:00,15,2189.1,
2023-12-05 16:00:00,16,2128.4,
2023-12-05 17:00:00,17,2694.8,
2023-12-05 18:00:00,18,2579.4,
2023-12-05 19:00:00,19,1371.1,
2023-12-05 20:00:00,20,329.5,
2023-12-05 21:00:00,21,222.9,
2023-12-05 22:00:00,22,,
2023-12-05 23:00:00,23,,
2023-12-06 00:00:00,0,,
2023-12-06 01:00:00,1,,
2023-12-06 02:00:00,2,,
2023-12-06 03:00:00,3,,
2023-12-06 04:00:00,4,,
2023-12-06 05:00:00,5,,
2023-12-06 06:00:00,6,,
2023-12-06 07:00:00,7,,
2023-12-06 08:00:00,8,,
2023-12-06 09:00:00,9,4.3,
2023-12-06 10:00:00,10,127.4,
2023-12-06 11:00:00,11,488.3,
2023-12-06 12:00:00,12,501.7,
2023-12-06 13:00:00,13,340.4,
2023-12-06 14:00:00,14,1703.0,
2023-12-06 15:00:00,15,1057.3,
2023-12-06 16:00:00,16,945.7,
2023-12-06 17:00:00,17,1548.1,
2023-12-06 18:00:00,18,2481.1,
2023-12-06 19:00:00,19,1528.9,
2023-12-06 20:00:00,20,1197.6,
2023-12-06 21:00:00,21,270.2,
2023-12-06 22:00:00,22,,
2023-12-06 23:00:00,23,,
2023-12-07 00:00:00,0,,
2023-12-07 01:00:00,1,,
2023-12-07 02:00:00,2,,
2023-12-07 03:00:00,3,,
2023-12-07 04:00:00,4,,
2023-12-07 05:00:00,5,,
2023-12-07 06:00:00,6,,
2023-12-07 07:00:00,7,,
2023-12-07 08:00:00,8,,
2023-12-07 09:00:00,9,5.0,
2023-12-07 10:00:00,10,274.4,
2023-12-07 11:00:00,11,785.2,
2023-12-07 12:00:00,12,1564.9,
2023-12-07 13:00:00,13,1503.1,
2023-12-07 14:00:00,14,1448.0,
2023-12-07 15:00:00,15,1106.0,
2023-12-07 16:00:00,16,1196.9,
2023-12-07 17:00:00,17,1532.4,
2023-12-07 18:00:00,18,1472.8,
2023-12-07 19:00:00,19,2020.4,
2023-12-07 20:00:00,20,1067.7,
2023-12-07 21:00:00,21,238.6,
2023-12-07 22:00:00,22,,
2023-12-07 23:00:00,23,,
2023-12-08 00:00:00,0,,
2023-12-08 01:00:00,1,,
2023-12-08 02:00:00,2,,
2023-12-08 03:00:00,3,,
2023-12-08 04:00:00,4,,
2023-12-08 05:00:00,5,,
2023-12-08 06:00:00,6,,
2023-12-08 07:00:00,7,,
2023-12-08 08:00:00,8,,
2023-12-08 09:00:00,9,5.8,
2023-12-08 10:00:00,10,271.1,
2023-12-08 11:00:00,11,819.9,
2023-12-08 12:00:00,12,1573.3,
2023-12-08 13:00:00,13,2428.5,
2023-12-08 14:00:00,14,2291.0,
2023-12-08 15:00:00,15,2207.7,
2023-12-08 16:00:00,16,2044.6,
2023-12-08 17:00:00,17,1791.9,
2023-12-08 18:00:00,18,1952.3,
2023-12-08 19:00:00,19,1732.8,
2023-12-08 20:00:00,20,902.5,
2023-12-08 21:00:00,21,95.8,
2023-12-08 22:00:00,22,,
2023-12-08 23:00:00,23,,
2023-12-09 00:00:00,0,,
2023-12-09 01:00:00,1,,
2023-12-09 02:00:00,2,,
2023-12-09 03:00:00,3,,
2023-12-09 04:00:00,4,,
2023-12-09 05:00:00,5,,
2023-12-09 06:00:00,6,,
2023-12-09 07:00:00,7,,
2023-12-09 08:00:00,8,,
2023-12-09 09:00:00,9,8.6,
2023-12-09 10:00:00,10,254.6,
2023-12-09 11:00:00,11,989.0,
2023-12-09 12:00:00,12,1651.4,
2023-12-09 13:00:00,13,1971.9,
2023-12-09 14:00:00,14,1717.3,
2023-12-09 15:00:00,15,2751.2,
2023-12-09 16:00:00,16,3093.0,
2023-12-09 17:00:00,17,1948.1,
2023-12-09 18:00:00,18,1077.9,
2023-12-09 19:00:00,19,1556.4,
2023-12-09 20:00:00,20,515.1,
2023-12-09 21:00:00,21,189.0,
2023-12-09 22:00:00,22,,
2023-12-09 23:00:00,23,,
2023-12-10 00:00:00,0,,
2023-12-10 01:00:00,1,,
2023-12-10 02:00:00,2,,
2023-12-10 03:00:00,3,,
2023-12-10 04:00:00,4,,
2023-12-10 05:00:00,5,,
2023-12-10 06:00:00,6,,
2023-12-10 07:00:00,7,,
2023-12-10 08:00:00,8,,
2023-12-10 09:00:00,9,4.0,
2023-12-10 10:00:00,10,173.2,
2023-12-10 11:00:00,11,532.6,
2023-12-10 12:00:00,12,1055.8,
2023-12-10 13:00:00,13,2018.2,
2023-12-10 14:00:00,14,1631.8,
2023-12-10 15:00:00,15,1699.7,
2023-12-10 16:00:00,16,2177.0,
2023-12-10 17:00:00,17,1706.8,
2023-12-10 18:00:00,18,1623.4,
2023-12-10 19:00:00,19,537.9,
2023-12-10 20:00:00,20,507.5,
2023-12-10 21:00:00,21,41.8,
2023-12-10 22:00:00,22,0.4,
2023-12-10 23:00:00,23,,
2023-12-11 00:00:00,0,0.2,
2023-12-11 01:00:00,1,1.0,
2023-12-11 02:00:00,2,,
2023-12-11 03:00:00,3,,
2023-12-11 04:00:00,4,,
2023-12-11 05:00:00,5,,
2023-12-11 06:00:00,6,,
2023-12-11 07:00:00,7,,
2023-12-11 08:00:00,8,,
2023-12-11 09:00:00,9,8.1,
2023-12-11 10:00:00,10,534.9,
2023-12-11 11:00:00,11,728.9,
2023-12-11 12:00:00,12,447.6,
2023-12-11 13:00:00,13,589.9,
2023-12-11 14:00:00,14,979.7,
2023-12-11 15:00:00,15,780.7,
2023-12-11 16:00:00,16,1824.0,
2023-12-11 17:00:00,17,1996.0,
2023-12-11 18:00:00,18,1123.7,
2023-12-11 19:00:00,19,1339.4,
2023-12-11 20:00:00,20,1023.4,
2023-12-11 21:00:00,21,267.7,
2023-12-11 22:00:00,22,,
2023-12-11 23:00:00,23,,
2023-12-12 00:00:00,0,,
2023-12-12 01:00:00,1,,
2023-12-12 02:00:00,2,,
2023-12-12 03:00:00,3,,
2023-12-12 04:00:00,4,,
2023-12-12 05:00:00,5,,
2023-12-12 06:00:00,6,,
2023-12-12 07:00:00,7,,
2023-12-12 08:00:00,8,,
2023-12-12 09:00:00,9,9.5,
2023-12-12 10:00:00,10,225.9,
2023-12-12 11:00:00,11,926.2,
2023-12-12 12:00:00,12,2008.3,
2023-12-12 13:00:00,13,2600.1,
2023-12-12 14:00:00,14,2348.2,
2023-12-12 15:00:00,15,3482.2,
2023-12-12 16:00:00,16,2556.9,
2023-12-12 17:00:00,17,2485.5,
2023-12-12 18:00:00,18,1962.3,
2023-12-12 19:00:00,19,851.4,
2023-12-12 20:00:00,20,868.0,
2023-12-12 21:00:00,21,269.7,
2023-12-12 22:00:00,22,,
2023-12-12 23:00:00,23,,
2023-12-13 00:00:00,0,,
2023-12-13 01:00:00,1,,
2023-12-13 02:00:00,2,,
2023-12-13 03:00:00,3,,
2023-12-13 04:00:00,4,,
2023-12-13 05:00:00,5,,
2023-12-13 06:00:00,6,,
2023-12-13 07:00:00,7,,
2023-12-13 08:00:00,8,,
2023-12-13 09:00:00,9,5.8,
2023-12-13 10:00:00,10,217.2,
2023-12-13 11:00:00,11,988.9,
2023-12-13 12:00:00,12,2045.6,
2023-12-13 13:00:00,13,2681.8,
2023-12-13 14:00:00,14,2562.0,
2023-12-13 15:00:00,15,2010.2,
2023-12-13 16:00:00,16,1889.8,
2023-12-13 17:00:00,17,2079.9,
2023-12-13 18:00:00,18,2119.9,
2023-12-13 19:00:00,19,372.0,
2023-12-13 20:00:00,20,387.1,
2023-12-13 21:00:00,21,287.8,
2023-12-13 22:00:00,22,,
2023-12-13 23:00:00,23,,
2023-12-14 00:00:00,0,,
2023-12-14 01:00:00,1,,
2023-12-14 02:00:00,2,,
2023-12-14 03:00:00,3,1.1,
2023-12-14 04:00:00,4,1.1,
2023-12-14 05:00:00,5,2.4,
2023-12-14 06:00:00,6,6.8,
2023-12-14 07:00:00,7,4.5,
2023-12-14 08:00:00,8,4.3,
2023-12-14 09:00:00,9,11.0,
2023-12-14 10:00:00,10,257.0,
2023-12-14 11:00:00,11,938.9,
2023-12-14 12:00:00,12,1635.0,
2023-12-14 13:00:00,13,1529.7,
2023-12-14 14:00:00,14,1444.5,
2023-12-14 15:00:00,15,1894.0,
2023-12-14 16:00:00,16,2540.4,
2023-12-14 17:00:00,17,2309.4,
2023-12-14 18:00:00,18,1957.8,
2023-12-14 19:00:00,19,1366.0,
2023-12-14 20:00:00,20,530.1,
2023-12-14 21:00:00,21,127.2,
2023-12-14 22:00:00,22,,
2023-12-14 23:00:00,23,,
2023-12-15 00:00:00,0,,
2023-12-15 01:00:00,1,,
2023-12-15 02:00:00,2,,
2023-12-15 03:00:00,3,,
2023-12-15 04:00:00,4,,
2023-12-15 05:00:00,5,,
2023-12-15 06:00:00,6,,
2023-12-15 07:00:00,7,,
2023-12-15 08:00:00,8,,
2023-12-15 09:00:00,9,3.9,
2023-12-15 10:00:00,10,172.6,
2023-12-15 11:00:00,11,358.2,
2023-12-15 12:00:00,12,517.7,
2023-12-15 13:00:00,13,1524.0,
2023-12-15 14:00:00,14,1608.3,
2023-12-15 15:00:00,15,1380.8,
2023-12-15 16:00:00,16,2692.0,
2023-12-15 17:00:00,17,2321.0,
2023-12-15 18:00:00,18,2121.2,
2023-12-15 19:00:00,19,1227.7,
2023-12-15 20:00:00,20,740.2,
2023-12-15 21:00:00,21,150.5,
2023-12-15 22:00:00,22,0.0,
2023-12-15 23:00:00,23,,
2023-12-16 00:00:00,0,,
2023-12-16 01:00:00,1,,
2023-12-16 02:00:00,2,,
2023-12-16 03:00:00,3,,
2023-12-16 04:00:00,4,,
2023-12-16 05:00:00,5,,
2023-12-16 06:00:00,6,,
2023-12-16 07:00:00,7,,
2023-12-16 08:00:00,8,,
2023-12-16 09:00:00,9,3.5,
2023-12-16 10:00:00,10,205.7,
2023-12-16 11:00:00,11,524.0,
2023-12-16 12:00:00,12,795.3,
2023-12-16 13:00:00,13,1516.3,
2023-12-16 14:00:00,14,2341.8,
2023-12-16 15:00:00,15,1678.9,
2023-12-16 16:00:00,16,2475.8,
2023-12-16 17:00:00,17,2794.5,
2023-12-16 18:00:00,18,2425.4,
2023-12-16 19:00:00,19,2044.5,
2023-12-16 20:00:00,20,1030.3,
2023-12-16 21:00:00,21,186.8,
2023-12-16 22:00:00,22,,
2023-12-16 23:00:00,23,,
2023-12-17 00:00:00,0,,
2023-12-17 01:00:00,1,,
2023-12-17 02:00:00,2,,
2023-12-17 03:00:00,3,,
2023-12-17 04:00:00,4,,
2023-12-17 05:00:00,5,,
2023-12-17 06:00:00,6,,
2023-12-17 07:00:00,7,,
2023-12-17 08:00:00,8,,
2023-12-17 09:00:00,9,0.7,
2023-12-17 10:00:00,10,106.5,
2023-12-17 11:00:00,11,526.1,
2023-12-17 12:00:00,12,743.4,
2023-12-17 13:00:00,13,891.9,
2023-12-17 14:00:00,14,971.2,
2023-12-17 15:00:00,15,2107.1,
2023-12-17 16:00:00,16,2398.7,
2023-12-17 17:00:00,17,1529.5,
2023-12-17 18:00:00,18,1134.3,
2023-12-17 19:00:00,19,369.6,
2023-12-17 20:00:00,20,957.8,
2023-12-17 21:00:00,21,234.1,
2023-12-17 22:00:00,22,1.5,
2023-12-17 23:00:00,23,,
2023-12-18 00:00:00,0,0.5,
2023-12-18 01:00:00,1,0.2,
2023-12-18 02:00:00,2,0.6,
2023-12-18 03:00:00,3,1.0,
2023-12-18 04:00:00,4,,
2023-12-18 05:00:00,5,,
2023-12-18 06:00:00,6,,
2023-12-18 07:00:00,7,,
2023-12-18 08:00:00,8,0.9,
2023-12-18 09:00:00,9,3.5,
2023-12-18 10:00:00,10,121.3,
2023-12-18 11:00:00,11,568.5,
2023-12-18 12:00:00,12,1218.0,
2023-12-18 13:00:00,13,1950.4,
2023-12-18 14:00:00,14,3069.6,
2023-12-18 15:00:00,15,2454.3,
2023-12-18 16:00:00,16,1917.3,
2023-12-18 17:00:00,17,1619.6,
2023-12-18 18:00:00,18,2032.8,
2023-12-18 19:00:00,19,1744.9,
2023-12-18 20:00:00,20,731.7,
2023-12-18 21:00:00,21,470.1,
2023-12-18 22:00:00,22,4.5,
2023-12-18 23:00:00,23,,
2023-12-19 00:00:00,0,,
2023-12-19 01:00:00,1,,
2023-12-19 02:00:00,2,,
2023-12-19 03:00:00,3,,
2023-12-19 04:00:00,4,,
2023-12-19 05:00:00,5,,
2023-12-19 06:00:00,6,,
2023-12-19 07:00:00,7,,
2023-12-19 08:00:00,8,,
2023-12-19 09:00:00,9,4.8,
2023-12-19 10:00:00,10,231.1,
2023-12-19 11:00:00,11,706.7,
2023-12-19 12:00:00,12,794.0,
2023-12-19 13:00:00,13,939.3,
2023-12-19 14:00:00,14,1809.8,
2023-12-19 15:00:00,15,1238.3,
2023-12-19 16:00:00,16,2634.1,
2023-12-19 17:00:00,17,2734.3,
2023-12-19 18:00:00,18,1998.9,
2023-12-19 19:00:00,19,1792.3,
2023-12-19 20:00:00,20,778.9,
2023-12-19 21:00:00,21,214.1,
2023-12-19 22:00:00,22,3.0,
2023-12-19 23:00:00,23,,
2023-12-20 00:00:00,0,,
2023-12-20 01:00:00,1,,
2023-12-20 02:00:00,2,,
2023-12-20 03:00:00,3,,
2023-12-20 04:00:00,4,,
2023-12-20 05:00:00,5,,
2023-12-20 06:00:00,6,,
2023-12-20 07:00:00,7,,
2023-12-20 08:00:00,8,,
2023-12-20 09:00:00,9,2.6,
2023-12-20 10:00:00,10,188.1,
2023-12-20 11:00:00,11,938.4,
2023-12-20 12:00:00,12,1231.8,
2023-12-20 13:00:00,13,1392.3,
2023-12-20 14:00:00,14,2264.9,
2023-12-20 15:00:00,15,2187.7,
2023-12-20 16:00:00,16,1750.1,
2023-12-20 17:00:00,17,1800.5,
2023-12-20 18:00:00,18,784.2,
2023-12-20 19:00:00,19,1857.9,
2023-12-20 20:00:00,20,894.7,
2023-12-20 21:00:00,21,302.6,
2023-12-20 22:00:00,22,10.8,
2023-12-20 23:00:00,23,,
2023-12-21 00:00:00,0,0.0,
2023-12-21 01:00:00,1,,
2023-12-21 02:00:00,2,,
2023-12-21 03:00:00,3,0.0,
2023-12-21 04:00:00,4,,
2023-12-21 05:00:00,5,,
2023-12-21 06:00:00,6,,
2023-12-21 07:00:00,7,,
2023-12-21 08:00:00,8,,
2023-12-21 09:00:00,9,3.2,
2023-12-21 10:00:00,10,255.3,
2023-12-21 11:00:00,11,1221.7,
2023-12-21 12:00:00,12,1311.7,
2023-12-21 13:00:00,13,2217.6,
2023-12-21 14:00:00,14,2390.8,
2023-12-21 15:00:00,15,2552.6,
2023-12-21 16:00:00,16,2540.8,
2023-12-21 17:00:00,17,2775.2,
2023-12-21 18:00:00,18,2311.5,
2023-12-21 19:00:00,19,1737.0,
2023-12-21 20:00:00,20,651.9,
2023-12-21 21:00:00,21,424.2,
2023-12-21 22:00:00,22,3.9,
2023-12-21 23:00:00,23,,
2023-12-22 00:00:00,0,,
2023-12-22 01:00:00,1,,
2023-12-22 02:00:00,2,,
2023-12-22 03:00:00,3,,
2023-12-22 04:00:00,4,,
2023-12-22 05:00:00,5,,
2023-12-22 06:00:00,6,,
2023-12-22 07:00:00,7,,
2023-12-22 08:00:00,8,,
2023-12-22 09:00:00,9,0.3,
2023-12-22 10:00:00,10,209.1,
2023-12-22 11:00:00,11,891.6,
2023-12-22 12:00:00,12,1891.2,
2023-12-22 13:00:00,13,2542.0,
2023-12-22 14:00:00,14,1761.0,
2023-12-22 15:00:00,15,2815.1,
2023-12-22 16:00:00,16,3043.0,
2023-12-22 17:00:00,17,3097.3,
2023-12-22 18:00:00,18,2395.3,
2023-12-22 19:00:00,19,2085.7,
2023-12-22 20:00:00,20,1188.5,
2023-12-22 21:00:00,21,338.5,
2023-12-22 22:00:00,22,3.7,
2023-12-22 23:00:00,23,,
2023-12-23 00:00:00,0,,
2023-12-23 01:00:00,1,,
2023-12-23 02:00:00,2,,
2023-12-23 03:00:00,3,,
2023-12-23 04:00:00,4,,
2023-12-23 05:00:00,5,,
2023-12-23 06:00:00,6,,
2023-12-23 07:00:00,7,,
2023-12-23 08:00:00,8,,
2023-12-23 09:00:00,9,2.2,
2023-12-23 10:00:00,10,180.8,
2023-12-23 11:00:00,11,995.8,
2023-12-23 12:00:00,12,1915.9,
2023-12-23 13:00:00,13,2615.1,
2023-12-23 14:00:00,14,2539.3,
2023-12-23 15:00:00,15,2603.3,
2023-12-23 16:00:00,16,2103.4,
2023-12-23 17:00:00,17,1817.8,
2023-12-23 18:00:00,18,1928.0,
2023-12-23 19:00:00,19,895.5,
2023-12-23 20:00:00,20,575.1,
2023-12-23 21:00:00,21,201.1,
2023-12-23 22:00:00,22,3.3,
2023-12-23 23:00:00,23,,
2023-12-24 00:00:00,0,,
2023-12-24 01:00:00,1,,
2023-12-24 02:00:00,2,,
2023-12-24 03:00:00,3,,
2023-12-24 04:00:00,4,,
2023-12-24 05:00:00,5,,
2023-12-24 06:00:00,6,,
2023-12-24 07:00:00,7,,
2023-12-24 08:00:00,8,,
2023-12-24 09:00:00,9,1.7,
2023-12-24 10:00:00,10,179.2,
2023-12-24 11:00:00,11,650.2,
2023-12-24 12:00:00,12,937.7,
2023-12-24 13:00:00,13,1821.6,
2023-12-24 14:00:00,14,1804.6,
2023-12-24 15:00:00,15,1574.3,
2023-12-24 16:00:00,16,1585.4,
2023-12-24 17:00:00,17,2148.6,
2023-12-24 18:00:00,18,1519.4,
2023-12-24 19:00:00,19,1343.7,
2023-12-24 20:00:00,20,876.0,
2023-12-24 21:00:00,21,109.9,
2023-12-24 22:00:00,22,0.5,
2023-12-24 23:00:00,23,,
2023-12-25 00:00:00,0,,
2023-12-25 01:00:00,1,,
2023-12-25 02:00:00,2,,
2023-12-25 03:00:00,3,,
2023-12-25 04:00:00,4,,
2023-12-25 05:00:00,5,,
2023-12-25 06:00:00,6,,
2023-12-25 07:00:00,7,,
2023-12-25 08:00:00,8,,
2023-12-25 09:00:00,9,2.1,
2023-12-25 10:00:00,10,190.4,
2023-12-25 11:00:00,11,801.2,
2023-12-25 12:00:00,12,1984.5,
2023-12-25 13:00:00,13,2244.2,
2023-12-25 14:00:00,14,2559.2,
2023-12-25 15:00:00,15,2043.4,
2023-12-25 16:00:00,16,3009.7,
2023-12-25 17:00:00,17,2261.7,
2023-12-25 18:00:00,18,2317.6,
2023-12-25 19:00:00,19,1949.3,
2023-12-25 20:00:00,20,1229.0,
2023-12-25 21:00:00,21,396.2,
2023-12-25 22:00:00,22,2.2,
2023-12-25 23:00:00,23,,
2023-12-26 00:00:00,0,,
2023-12-26 01:00:00,1,,
2023-12-26 02:00:00,2,,
2023-12-26 03:00:00,3,,
2023-12-26 04:00:00,4,,
2023-12-26 05:00:00,5,,
2023-12-26 06:00:00,6,,
2023-12-26 07:00:00,7,,
2023-12-26 08:00:00,8,,
2023-12-26 09:00:00,9,5.4,
2023-12-26 10:00:00,10,205.7,
2023-12-26 11:00:00,11,482.5,
2023-12-26 12:00:00,12,1372.0,
2023-12-26 13:00:00,13,2268.7,
2023-12-26 14:00:00,14,2674.8,
2023-12-26 15:00:00,15,3255.1,
2023-12-26 16:00:00,16,2331.3,
2023-12-26 17:00:00,17,2429.8,
2023-12-26 18:00:00,18,1633.3,
2023-12-26 19:00:00,19,609.6,
2023-12-26 20:00:00,20,188.0,
2023-12-26 21:00:00,21,73.7,
2023-12-26 22:00:00,22,,
2023-12-26 23:00:00,23,,
2023-12-27 00:00:00,0,,
2023-12-27 01:00:00,1,,
2023-12-27 02:00:00,2,,
2023-12-27 03:00:00,3,,
2023-12-27 04:00:00,4,,
2023-12-27 05:00:00,5,,
2023-12-27 06:00:00,6,,
2023-12-27 07:00:00,7,,
2023-12-27 08:00:00,8,,
2023-12-27 09:00:00,9,2.0,
2023-12-27 10:00:00,10,114.4,
2023-12-27 11:00:00,11,593.8,
2023-12-27 12:00:00,12,1032.0,
2023-12-27 13:00:00,13,1306.2,
2023-12-27 14:00:00,14,1785.5,
2023-12-27 15:00:00,15,2469.8,
2023-12-27 16:00:00,16,1709.7,
2023-12-27 17:00:00,17,1723.2,
2023-12-27 18:00:00,18,987.0,
2023-12-27 19:00:00,19,1388.2,
2023-12-27 20:00:00,20,1583.9,
2023-12-27 21:00:00,21,548.1,
2023-12-27 22:00:00,22,9.4,
2023-12-27 23:00:00,23,10.3,
2023-12-28 00:00:00,0,0.8,
2023-12-28 01:00:00,1,0.0,
2023-12-28 02:00:00,2,,
2023-12-28 03:00:00,3,0.5,
2023-12-28 04:00:00,4,,
2023-12-28 05:00:00,5,,
2023-12-28 06:00:00,6,,
2023-12-28 07:00:00,7,0.5,
2023-12-28 08:00:00,8,1.7,
2023-12-28 09:00:00,9,1.6,
2023-12-28 10:00:00,10,166.8,
2023-12-28 11:00:00,11,798.9,
2023-12-28 12:00:00,12,1453.4,
2023-12-28 13:00:00,13,1266.3,
2023-12-28 14:00:00,14,2232.4,
2023-12-28 15:00:00,15,2444.7,
2023-12-28 16:00:00,16,2217.3,
2023-12-28 17:00:00,17,1498.7,
2023-12-28 18:00:00,18,1254.7,
2023-12-28 19:00:00,19,1421.6,
2023-12-28 20:00:00,20,1188.6,
2023-12-28 21:00:00,21,400.9,
2023-12-28 22:00:00,22,8.9,
2023-12-28 23:00:00,23,,
2023-12-29 00:00:00,0,,
2023-12-29 01:00:00,1,,
2023-12-29 02:00:00,2,,
2023-12-29 03:00:00,3,,
2023-12-29 04:00:00,4,,
2023-12-29 05:00:00,5,,
2023-12-29 06:00:00,6,,
2023-12-29 07:00:00,7,,
2023-12-29 08:00:00,8,,
2023-12-29 09:00:00,9,,
2023-12-29 10:00:00,10,126.1,
2023-12-29 11:00:00,11,608.7,
2023-12-29 12:00:00,12,994.5,
2023-12-29 13:00:00,13,1989.3,
2023-12-29 14:00:00,14,2400.1,
2023-12-29 15:00:00,15,2638.8,
2023-12-29 16:00:00,16,2978.5,
2023-12-29 17:00:00,17,2371.9,
2023-12-29 18:00:00,18,1204.5,
2023-12-29 19:00:00,19,1202.9,
2023-12-29 20:00:00,20,1048.7,
2023-12-29 21:00:00,21,205.1,
2023-12-29 22:00:00,22,1.1,
2023-12-29 23:00:00,23,,
2023-12-30 00:00:00,0,,
2023-12-30 01:00:00,1,,
2023-12-30 02:00:00,2,,
2023-12-30 03:00:00,3,,
2023-12-30 04:00:00,4,,
2023-12-30 05:00:00,5,,
2023-12-30 06:00:00,6,,
2023-12-30 07:00:00,7,,
2023-12-30 08:00:00,8,,
2023-12-30 09:00:00,9,1.0,
2023-12-30 10:00:00,10,245.2,
2023-12-30 11:00:00,11,448.3,
2023-12-30 12:00:00,12,678.3,
2023-12-30 13:00:00,13,670.3,
2023-12-30 14:00:00,14,1190.6,
2023-12-30 15:00:00,15,2586.3,
2023-12-30 16:00:00,16,1350.5,
2023-12-30 17:00:00,17,2289.7,
2023-12-30 18:00:00,18,1841.2,
2023-12-30 19:00:00,19,1388.6,
2023-12-30 20:00:00,20,414.6,
2023-12-30 21:00:00,21,190.8,
2023-12-30 22:00:00,22,4.4,
2023-12-30 23:00:00,23,,
2023-12-31 00:00:00,0,,
2023-12-31 01:00:00,1,,
2023-12-31 02:00:00,2,,
2023-12-31 03:00:00,3,,
2023-12-31 04:00:00,4,,
2023-12-31 05:00:00,5,,
2023-12-31 06:00:00,6,,
2023-12-31 07:00:00,7,,
2023-12-31 08:00:00,8,,
2023-12-31 09:00:00,9,,
2023-12-31 10:00:00,10,78.7,
2023-12-31 11:00:00,11,444.3,
2023-12-31 12:00:00,12,785.1,
2023-12-31 13:00:00,13,1158.1,
2023-12-31 14:00:00,14,1884.4,
2023-12-31 15:00:00,15,1521.7,
2023-12-31 16:00:00,16,1189.2,
2023-12-31 17:00:00,17,1029.7,
2023-12-31 18:00:00,18,1030.1,
2023-12-31 19:00:00,19,748.5,
2023-12-31 20:00:00,20,600.8,
2023-12-31 21:00:00,21,133.5,
2023-12-31 22:00:00,22,2.7,
2023-12-31 23:00:00,23,,
