datetime_utc,hora,rad_kJm2,vento_ms
2024-01-01 00:00:00,0,,1.3
2024-01-01 01:00:00,1,,1.8
2024-01-01 02:00:00,2,,0.7
2024-01-01 03:00:00,3,,1.7
2024-01-01 04:00:00,4,,0.7
2024-01-01 05:00:00,5,,1.1
2024-01-01 06:00:00,6,,2.1
2024-01-01 07:00:00,7,,2.6
2024-01-01 08:00:00,8,,2.9
2024-01-01 09:00:00,9,56.3,0.9
2024-01-01 10:00:00,10,409.8,1.0
2024-01-01 11:00:00,11,823.0,1.3
2024-01-01 12:00:00,12,745.8,4.0
2024-01-01 13:00:00,13,2326.5,3.5
2024-01-01 14:00:00,14,3343.9,3.1
2024-01-01 15:00:00,15,3721.8,2.8
2024-01-01 16:00:00,16,1886.8,4.1
2024-01-01 17:00:00,17,2877.5,3.7
2024-01-01 18:00:00,18,1926.1,2.7
2024-01-01 19:00:00,19,1360.9,3.6
2024-01-01 20:00:00,20,847.8,4.0
2024-01-01 21:00:00,21,197.5,5.3
2024-01-01 22:00:00,22,,3.9
2024-01-01 23:00:00,23,,4.0
2024-01-02 00:00:00,0,,3.2
2024-01-02 01:00:00,1,,1.7
2024-01-02 02:00:00,2,,1.3
2024-01-02 03:00:00,3,,1.7
2024-01-02 04:00:00,4,,1.4
2024-01-02 05:00:00,5,,1.3
2024-01-02 06:00:00,6,,3.3
2024-01-02 07:00:00,7,,1.4
2024-01-02 08:00:00,8,,0.8
2024-01-02 09:00:00,9,58.5,1.3
2024-01-02 10:00:00,10,323.8,2.2
2024-01-02 11:00:00,11,995.4,2.5
2024-01-02 12:00:00,12,1643.5,2.9
2024-01-02 13:00:00,13,1703.6,4.0
2024-01-02 14:00:00,14,2671.3,2.9
2024-01-02 15:00:00,15,2667.9,2.5
2024-01-02 16:00:00,16,1044.2,1.5
2024-01-02 17:00:00,17,1856.4,2.3
2024-01-02 18:00:00,18,1519.1,2.5
2024-01-02 19:00:00,19,658.9,1.3
2024-01-02 20:00:00,20,469.4,1.9
2024-01-02 21:00:00,21,187.4,0.8
2024-01-02 22:00:00,22,,1.2
2024-01-02 23:00:00,23,,1.9
2024-01-03 00:00:00,0,,2.4
2024-01-03 01:00:00,1,,1.8
2024-01-03 02:00:00,2,,1.2
2024-01-03 03:00:00,3,,3.1
2024-01-03 04:00:00,4,,1.9
2024-01-03 05:00:00,5,,1.0
2024-01-03 06:00:00,6,,2.3
2024-01-03 07:00:00,7,1.1,2.2
2024-01-03 08:00:00,8,3.0,2.4
2024-01-03 09:00:00,9,76.3,1.3
2024-01-03 10:00:00,10,542.3,1.9
2024-01-03 11:00:00,11,1504.6,3.8
2024-01-03 12:00:00,12,2059.3,4.3
2024-01-03 13:00:00,13,2564.8,4.2
2024-01-03 14:00:00,14,2213.3,2.5
2024-01-03 15:00:00,15,2964.5,3.0
2024-01-03 16:00:00,16,2854.1,3.1
2024-01-03 17:00:00,17,2422.8,3.6
2024-01-03 18:00:00,18,2536.8,3.5
2024-01-03 19:00:00,19,1596.4,3.9
2024-01-03 20:00:00,20,706.8,3.8
2024-01-03 21:00:00,21,119.3,2.9
2024-01-03 22:00:00,22,,1.7
2024-01-03 23:00:00,23,,1.3
2024-01-04 00:00:00,0,,0.8
2024-01-04 01:00:00,1,,0.9
2024-01-04 02:00:00,2,,3.5
2024-01-04 03:00:00,3,,3.6
2024-01-04 04:00:00,4,,2.7
2024-01-04 05:00:00,5,,1.6
2024-01-04 06:00:00,6,,1.1
2024-01-04 07:00:00,7,,1.1
2024-01-04 08:00:00,8,,1.8
2024-01-04 09:00:00,9,40.3,2.3
2024-01-04 10:00:00,10,309.1,2.9
2024-01-04 11:00:00,11,1186.8,2.9
2024-01-04 12:00:00,12,2443.1,3.7
2024-01-04 13:00:00,13,3113.4,2.8
2024-01-04 14:00:00,14,2912.8,2.1
2024-01-04 15:00:00,15,3583.2,1.7
2024-01-04 16:00:00,16,2378.5,2.6
2024-01-04 17:00:00,17,2981.5,3.0
2024-01-04 18:00:00,18,2130.5,3.7
2024-01-04 19:00:00,19,1487.1,3.6
2024-01-04 20:00:00,20,960.8,2.3
2024-01-04 21:00:00,21,181.0,3.1
2024-01-04 22:00:00,22,,2.3
2024-01-04 23:00:00,23,,2.5
2024-01-05 00:00:00,0,,2.4
2024-01-05 01:00:00,1,,2.6
2024-01-05 02:00:00,2,,2.3
2024-01-05 03:00:00,3,,2.7
2024-01-05 04:00:00,4,,2.1
2024-01-05 05:00:00,5,,2.1
2024-01-05 06:00:00,6,,2.1
2024-01-05 07:00:00,7,,1.5
2024-01-05 08:00:00,8,,1.5
2024-01-05 09:00:00,9,72.5,1.7
2024-01-05 10:00:00,10,503.6,3.4
2024-01-05 11:00:00,11,1578.4,3.1
2024-01-05 12:00:00,12,2342.3,3.6
2024-01-05 13:00:00,13,2897.3,3.5
2024-01-05 14:00:00,14,3532.1,2.2
2024-01-05 15:00:00,15,3625.7,3.2
2024-01-05 16:00:00,16,3340.7,1.9
2024-01-05 17:00:00,17,2174.9,0.9
2024-01-05 18:00:00,18,2174.0,2.6
2024-01-05 19:00:00,19,1828.8,3.5
2024-01-05 20:00:00,20,492.8,2.1
2024-01-05 21:00:00,21,135.3,1.8
2024-01-05 22:00:00,22,,1.6
2024-01-05 23:00:00,23,,0.6
2024-01-06 00:00:00,0,,0.8
2024-01-06 01:00:00,1,,0.4
2024-01-06 02:00:00,2,,1.2
2024-01-06 03:00:00,3,,0.6
2024-01-06 04:00:00,4,,1.4
2024-01-06 05:00:00,5,,0.8
2024-01-06 06:00:00,6,,1.4
2024-01-06 07:00:00,7,,2.2
2024-01-06 08:00:00,8,,1.9
2024-01-06 09:00:00,9,78.1,3.0
2024-01-06 10:00:00,10,403.8,3.5
2024-01-06 11:00:00,11,1219.6,3.7
2024-01-06 12:00:00,12,2414.7,3.8
2024-01-06 13:00:00,13,2749.3,2.4
2024-01-06 14:00:00,14,3036.4,2.9
2024-01-06 15:00:00,15,2728.7,3.2
2024-01-06 16:00:00,16,3483.6,1.7
2024-01-06 17:00:00,17,2994.6,1.3
2024-01-06 18:00:00,18,2890.4,1.9
2024-01-06 19:00:00,19,1723.8,2.0
2024-01-06 20:00:00,20,936.4,4.2
2024-01-06 21:00:00,21,243.0,3.6
2024-01-06 22:00:00,22,,2.1
2024-01-06 23:00:00,23,,1.3
2024-01-07 00:00:00,0,,2.0
2024-01-07 01:00:00,1,,3.2
2024-01-07 02:00:00,2,,2.1
2024-01-07 03:00:00,3,,2.4
2024-01-07 04:00:00,4,,1.9
2024-01-07 05:00:00,5,,1.5
2024-01-07 06:00:00,6,,1.3
2024-01-07 07:00:00,7,,1.9
2024-01-07 08:00:00,8,,2.0
2024-01-07 09:00:00,9,70.3,1.5
2024-01-07 10:00:00,10,738.6,2.9
2024-01-07 11:00:00,11,1633.8,2.8
2024-01-07 12:00:00,12,2442.6,2.4
2024-01-07 13:00:00,13,3070.1,2.2
2024-01-07 14:00:00,14,3485.2,3.5
2024-01-07 15:00:00,15,3652.9,2.4
2024-01-07 16:00:00,16,3091.4,3.0
2024-01-07 17:00:00,17,1937.5,1.9
2024-01-07 18:00:00,18,2120.7,3.5
2024-01-07 19:00:00,19,1954.2,4.4
2024-01-07 20:00:00,20,1062.9,3.5
2024-01-07 21:00:00,21,236.6,3.0
2024-01-07 22:00:00,22,,1.8
2024-01-07 23:00:00,23,,2.2
2024-01-08 00:00:00,0,,3.4
2024-01-08 01:00:00,1,,2.1
2024-01-08 02:00:00,2,,1.9
2024-01-08 03:00:00,3,,1.7
2024-01-08 04:00:00,4,,1.5
2024-01-08 05:00:00,5,,1.1
2024-01-08 06:00:00,6,,0.3
2024-01-08 07:00:00,7,,0.5
2024-01-08 08:00:00,8,,0.6
2024-01-08 09:00:00,9,98.7,1.2
2024-01-08 10:00:00,10,600.2,3.1
2024-01-08 11:00:00,11,1500.8,2.6
2024-01-08 12:00:00,12,2180.3,2.7
2024-01-08 13:00:00,13,3317.8,2.9
2024-01-08 14:00:00,14,3560.3,2.0
2024-01-08 15:00:00,15,3700.9,1.9
2024-01-08 16:00:00,16,3515.7,1.5
2024-01-08 17:00:00,17,3358.7,1.9
2024-01-08 18:00:00,18,2497.3,2.7
2024-01-08 19:00:00,19,1790.7,1.4
2024-01-08 20:00:00,20,1065.9,3.5
2024-01-08 21:00:00,21,172.3,2.3
2024-01-08 22:00:00,22,,1.2
2024-01-08 23:00:00,23,,0.4
2024-01-09 00:00:00,0,,0.5
2024-01-09 01:00:00,1,,3.6
2024-01-09 02:00:00,2,,3.9
2024-01-09 03:00:00,3,,3.8
2024-01-09 04:00:00,4,,2.6
2024-01-09 05:00:00,5,,2.5
2024-01-09 06:00:00,6,,1.4
2024-01-09 07:00:00,7,,1.3
2024-01-09 08:00:00,8,,1.1
2024-01-09 09:00:00,9,41.9,1.4
2024-01-09 10:00:00,10,428.6,1.9
2024-01-09 11:00:00,11,1317.3,3.0
2024-01-09 12:00:00,12,1670.8,2.5
2024-01-09 13:00:00,13,2824.0,1.8
2024-01-09 14:00:00,14,3843.1,2.4
2024-01-09 15:00:00,15,3996.4,1.7
2024-01-09 16:00:00,16,2069.4,1.5
2024-01-09 17:00:00,17,1900.3,2.5
2024-01-09 18:00:00,18,2242.0,1.6
2024-01-09 19:00:00,19,1977.4,1.7
2024-01-09 20:00:00,20,1084.2,1.0
2024-01-09 21:00:00,21,217.9,2.6
2024-01-09 22:00:00,22,,1.8
2024-01-09 23:00:00,23,,2.2
2024-01-10 00:00:00,0,,5.6
2024-01-10 01:00:00,1,,3.2
2024-01-10 02:00:00,2,,3.5
2024-01-10 03:00:00,3,,3.6
2024-01-10 04:00:00,4,,2.5
2024-01-10 05:00:00,5,,2.7
2024-01-10 06:00:00,6,,2.7
2024-01-10 07:00:00,7,,2.3
2024-01-10 08:00:00,8,,2.0
2024-01-10 09:00:00,9,12.6,2.5
2024-01-10 10:00:00,10,145.5,2.4
2024-01-10 11:00:00,11,455.0,2.0
2024-01-10 12:00:00,12,797.8,2.9
2024-01-10 13:00:00,13,2246.5,3.1
2024-01-10 14:00:00,14,2173.9,2.8
2024-01-10 15:00:00,15,3161.3,2.8
2024-01-10 16:00:00,16,3143.8,2.2
2024-01-10 17:00:00,17,2359.8,2.5
2024-01-10 18:00:00,18,1540.4,1.2
2024-01-10 19:00:00,19,2008.2,2.0
2024-01-10 20:00:00,20,1067.1,1.7
2024-01-10 21:00:00,21,146.0,2.1
2024-01-10 22:00:00,22,,1.9
2024-01-10 23:00:00,23,,3.4
2024-01-11 00:00:00,0,,1.3
2024-01-11 01:00:00,1,4.5,1.8
2024-01-11 02:00:00,2,3.9,2.0
2024-01-11 03:00:00,3,,1.6
2024-01-11 04:00:00,4,,1.9
2024-01-11 05:00:00,5,,2.7
2024-01-11 06:00:00,6,,1.5
2024-01-11 07:00:00,7,,1.1
2024-01-11 08:00:00,8,,1.4
2024-01-11 09:00:00,9,44.5,1.1
2024-01-11 10:00:00,10,322.0,1.6
2024-01-11 11:00:00,11,934.8,1.7
2024-01-11 12:00:00,12,1970.8,2.0
2024-01-11 13:00:00,13,787.3,0.8
2024-01-11 14:00:00,14,2871.1,0.8
2024-01-11 15:00:00,15,2464.3,1.2
2024-01-11 16:00:00,16,3325.7,3.4
2024-01-11 17:00:00,17,1985.4,3.2
2024-01-11 18:00:00,18,1818.1,4.0
2024-01-11 19:00:00,19,2185.3,4.0
2024-01-11 20:00:00,20,1300.8,4.6
2024-01-11 21:00:00,21,303.7,4.4
2024-01-11 22:00:00,22,,4.8
2024-01-11 23:00:00,23,,3.8
2024-01-12 00:00:00,0,,4.4
2024-01-12 01:00:00,1,,3.4
2024-01-12 02:00:00,2,,2.7
2024-01-12 03:00:00,3,,2.6
2024-01-12 04:00:00,4,,2.9
2024-01-12 05:00:00,5,,2.2
2024-01-12 06:00:00,6,,2.4
2024-01-12 07:00:00,7,,1.9
2024-01-12 08:00:00,8,,2.5
2024-01-12 09:00:00,9,68.0,1.7
2024-01-12 10:00:00,10,730.8,2.6
2024-01-12 11:00:00,11,1627.3,2.2
2024-01-12 12:00:00,12,2447.1,3.6
2024-01-12 13:00:00,13,2830.2,3.0
2024-01-12 14:00:00,14,3226.6,3.1
2024-01-12 15:00:00,15,2782.9,5.4
2024-01-12 16:00:00,16,3672.6,3.0
2024-01-12 17:00:00,17,3282.2,2.9
2024-01-12 18:00:00,18,2720.0,3.6
2024-01-12 19:00:00,19,1785.4,3.4
2024-01-12 20:00:00,20,1113.4,2.4
2024-01-12 21:00:00,21,199.2,2.0
2024-01-12 22:00:00,22,,1.4
2024-01-12 23:00:00,23,,1.6
2024-01-13 00:00:00,0,,1.1
2024-01-13 01:00:00,1,,1.7
2024-01-13 02:00:00,2,,2.4
2024-01-13 03:00:00,3,,3.1
2024-01-13 04:00:00,4,,2.1
2024-01-13 05:00:00,5,,1.6
2024-01-13 06:00:00,6,,2.7
2024-01-13 07:00:00,7,,1.4
2024-01-13 08:00:00,8,,1.1
2024-01-13 09:00:00,9,44.2,1.3
2024-01-13 10:00:00,10,296.2,2.4
2024-01-13 11:00:00,11,985.3,3.2
2024-01-13 12:00:00,12,2325.8,2.3
2024-01-13 13:00:00,13,2951.4,1.9
2024-01-13 14:00:00,14,2658.8,2.2
2024-01-13 15:00:00,15,3828.1,1.9
2024-01-13 16:00:00,16,3888.0,2.2
2024-01-13 17:00:00,17,2866.7,1.9
2024-01-13 18:00:00,18,2305.7,2.2
2024-01-13 19:00:00,19,1463.9,2.3
2024-01-13 20:00:00,20,624.4,2.4
2024-01-13 21:00:00,21,197.5,3.5
2024-01-13 22:00:00,22,,2.7
2024-01-13 23:00:00,23,,2.8
2024-01-14 00:00:00,0,,3.6
2024-01-14 01:00:00,1,,4.1
2024-01-14 02:00:00,2,,6.2
2024-01-14 03:00:00,3,,3.3
2024-01-14 04:00:00,4,,2.6
2024-01-14 05:00:00,5,,2.2
2024-01-14 06:00:00,6,,1.2
2024-01-14 07:00:00,7,,1.7
2024-01-14 08:00:00,8,,2.0
2024-01-14 09:00:00,9,71.9,2.3
2024-01-14 10:00:00,10,714.2,1.5
2024-01-14 11:00:00,11,1527.7,2.7
2024-01-14 12:00:00,12,2044.9,2.3
2024-01-14 13:00:00,13,2682.3,2.0
2024-01-14 14:00:00,14,3207.2,2.8
2024-01-14 15:00:00,15,3270.5,1.7
2024-01-14 16:00:00,16,1347.0,1.4
2024-01-14 17:00:00,17,2318.6,1.6
2024-01-14 18:00:00,18,2672.1,1.9
2024-01-14 19:00:00,19,2071.6,1.1
2024-01-14 20:00:00,20,908.9,4.9
2024-01-14 21:00:00,21,135.2,2.1
2024-01-14 22:00:00,22,,3.2
2024-01-14 23:00:00,23,,1.9
2024-01-15 00:00:00,0,,1.1
2024-01-15 01:00:00,1,,0.8
2024-01-15 02:00:00,2,,1.5
2024-01-15 03:00:00,3,,0.6
2024-01-15 04:00:00,4,,1.9
2024-01-15 05:00:00,5,,1.9
2024-01-15 06:00:00,6,,2.4
2024-01-15 07:00:00,7,,1.5
2024-01-15 08:00:00,8,,1.5
2024-01-15 09:00:00,9,72.0,1.9
2024-01-15 10:00:00,10,704.5,2.7
2024-01-15 11:00:00,11,1591.7,3.4
2024-01-15 12:00:00,12,2399.4,3.0
2024-01-15 13:00:00,13,3028.7,3.4
2024-01-15 14:00:00,14,3421.7,2.7
2024-01-15 15:00:00,15,2799.5,1.5
2024-01-15 16:00:00,16,1937.6,2.3
2024-01-15 17:00:00,17,913.2,2.6
2024-01-15 18:00:00,18,1111.5,3.5
2024-01-15 19:00:00,19,2237.9,5.2
2024-01-15 20:00:00,20,1342.0,4.3
2024-01-15 21:00:00,21,279.3,3.1
2024-01-15 22:00:00,22,,1.6
2024-01-15 23:00:00,23,,2.6
2024-01-16 00:00:00,0,,4.9
2024-01-16 01:00:00,1,,4.2
2024-01-16 02:00:00,2,,3.4
2024-01-16 03:00:00,3,,3.9
2024-01-16 04:00:00,4,,3.1
2024-01-16 05:00:00,5,,2.4
2024-01-16 06:00:00,6,,2.4
2024-01-16 07:00:00,7,,2.0
2024-01-16 08:00:00,8,,2.8
2024-01-16 09:00:00,9,56.2,1.9
2024-01-16 10:00:00,10,678.6,3.2
2024-01-16 11:00:00,11,1351.4,4.2
2024-01-16 12:00:00,12,1944.1,3.0
2024-01-16 13:00:00,13,1554.7,4.5
2024-01-16 14:00:00,14,1777.4,4.1
2024-01-16 15:00:00,15,2651.2,3.3
2024-01-16 16:00:00,16,2325.7,3.7
2024-01-16 17:00:00,17,3439.7,3.6
2024-01-16 18:00:00,18,2117.4,2.1
2024-01-16 19:00:00,19,2176.2,4.1
2024-01-16 20:00:00,20,1167.9,4.5
2024-01-16 21:00:00,21,297.6,4.7
2024-01-16 22:00:00,22,,3.7
2024-01-16 23:00:00,23,,3.6
2024-01-17 00:00:00,0,,4.8
2024-01-17 01:00:00,1,,3.8
2024-01-17 02:00:00,2,,3.7
2024-01-17 03:00:00,3,,3.1
2024-01-17 04:00:00,4,,3.0
2024-01-17 05:00:00,5,,2.6
2024-01-17 06:00:00,6,,1.6
2024-01-17 07:00:00,7,,1.6
2024-01-17 08:00:00,8,,2.2
2024-01-17 09:00:00,9,56.6,2.3
2024-01-17 10:00:00,10,683.7,3.3
2024-01-17 11:00:00,11,1569.7,3.1
2024-01-17 12:00:00,12,2226.9,2.3
2024-01-17 13:00:00,13,2987.2,3.1
2024-01-17 14:00:00,14,2817.9,3.4
2024-01-17 15:00:00,15,3641.1,3.1
2024-01-17 16:00:00,16,3532.0,3.3
2024-01-17 17:00:00,17,3190.2,4.2
2024-01-17 18:00:00,18,2905.7,3.9
2024-01-17 19:00:00,19,2069.1,3.4
2024-01-17 20:00:00,20,1172.2,4.1
2024-01-17 21:00:00,21,281.1,2.8
2024-01-17 22:00:00,22,,1.7
2024-01-17 23:00:00,23,,1.5
2024-01-18 00:00:00,0,,3.3
2024-01-18 01:00:00,1,,4.4
2024-01-18 02:00:00,2,,3.6
2024-01-18 03:00:00,3,,3.0
2024-01-18 04:00:00,4,,3.5
2024-01-18 05:00:00,5,,2.5
2024-01-18 06:00:00,6,,2.1
2024-01-18 07:00:00,7,,1.8
2024-01-18 08:00:00,8,,1.9
2024-01-18 09:00:00,9,37.8,1.8
2024-01-18 10:00:00,10,651.6,3.2
2024-01-18 11:00:00,11,1558.8,3.0
2024-01-18 12:00:00,12,2391.8,2.3
2024-01-18 13:00:00,13,2506.4,2.1
2024-01-18 14:00:00,14,2769.3,2.8
2024-01-18 15:00:00,15,3594.3,2.1
2024-01-18 16:00:00,16,3681.9,2.1
2024-01-18 17:00:00,17,2033.5,1.8
2024-01-18 18:00:00,18,1379.8,1.6
2024-01-18 19:00:00,19,2046.9,2.4
2024-01-18 20:00:00,20,1156.6,2.5
2024-01-18 21:00:00,21,262.5,2.8
2024-01-18 22:00:00,22,,2.1
2024-01-18 23:00:00,23,,2.2
2024-01-19 00:00:00,0,,3.6
2024-01-19 01:00:00,1,,4.4
2024-01-19 02:00:00,2,,3.6
2024-01-19 03:00:00,3,,3.5
2024-01-19 04:00:00,4,,2.5
2024-01-19 05:00:00,5,,2.3
2024-01-19 06:00:00,6,,2.2
2024-01-19 07:00:00,7,,1.4
2024-01-19 08:00:00,8,,2.2
2024-01-19 09:00:00,9,36.8,2.7
2024-01-19 10:00:00,10,495.8,1.9
2024-01-19 11:00:00,11,1517.5,2.5
2024-01-19 12:00:00,12,2162.9,3.1
2024-01-19 13:00:00,13,2648.9,3.2
2024-01-19 14:00:00,14,3650.1,2.1
2024-01-19 15:00:00,15,3578.5,2.3
2024-01-19 16:00:00,16,2833.7,2.4
2024-01-19 17:00:00,17,3537.1,2.7
2024-01-19 18:00:00,18,2708.0,2.8
2024-01-19 19:00:00,19,1819.0,4.4
2024-01-19 20:00:00,20,808.8,3.3
2024-01-19 21:00:00,21,120.7,3.2
2024-01-19 22:00:00,22,,3.2
2024-01-19 23:00:00,23,,1.2
2024-01-20 00:00:00,0,,2.5
2024-01-20 01:00:00,1,,2.6
2024-01-20 02:00:00,2,,3.1
2024-01-20 03:00:00,3,,3.4
2024-01-20 04:00:00,4,,2.9
2024-01-20 05:00:00,5,,1.7
2024-01-20 06:00:00,6,,2.6
2024-01-20 07:00:00,7,,2.8
2024-01-20 08:00:00,8,,1.8
2024-01-20 09:00:00,9,35.0,1.2
2024-01-20 10:00:00,10,454.6,1.9
2024-01-20 11:00:00,11,801.4,1.6
2024-01-20 12:00:00,12,1788.6,1.4
2024-01-20 13:00:00,13,2811.9,2.1
2024-01-20 14:00:00,14,3305.8,2.2
2024-01-20 15:00:00,15,3385.0,1.2
2024-01-20 16:00:00,16,2896.9,1.4
2024-01-20 17:00:00,17,2215.5,2.8
2024-01-20 18:00:00,18,2700.3,2.5
2024-01-20 19:00:00,19,1082.6,4.2
2024-01-20 20:00:00,20,484.9,1.9
2024-01-20 21:00:00,21,250.3,3.2
2024-01-20 22:00:00,22,,2.6
2024-01-20 23:00:00,23,,2.9
2024-01-21 00:00:00,0,,3.1
2024-01-21 01:00:00,1,,2.6
2024-01-21 02:00:00,2,,2.4
2024-01-21 03:00:00,3,,2.4
2024-01-21 04:00:00,4,,2.5
2024-01-21 05:00:00,5,,2.0
2024-01-21 06:00:00,6,,1.3
2024-01-21 07:00:00,7,,1.5
2024-01-21 08:00:00,8,,1.5
2024-01-21 09:00:00,9,37.0,2.1
2024-01-21 10:00:00,10,636.3,3.2
2024-01-21 11:00:00,11,1154.9,2.1
2024-01-21 12:00:00,12,1778.5,3.9
2024-01-21 13:00:00,13,1980.0,3.1
2024-01-21 14:00:00,14,2801.3,3.4
2024-01-21 15:00:00,15,3590.0,3.1
2024-01-21 16:00:00,16,2937.6,2.0
2024-01-21 17:00:00,17,2426.0,0.9
2024-01-21 18:00:00,18,2758.5,1.5
2024-01-21 19:00:00,19,2080.8,2.6
2024-01-21 20:00:00,20,1100.3,2.3
2024-01-21 21:00:00,21,243.5,1.7
2024-01-21 22:00:00,22,,1.4
2024-01-21 23:00:00,23,,3.2
2024-01-22 00:00:00,0,,1.1
2024-01-22 01:00:00,1,,1.6
2024-01-22 02:00:00,2,,1.5
2024-01-22 03:00:00,3,,1.1
2024-01-22 04:00:00,4,,0.5
2024-01-22 05:00:00,5,,1.2
2024-01-22 06:00:00,6,,2.3
2024-01-22 07:00:00,7,,1.3
2024-01-22 08:00:00,8,,3.0
2024-01-22 09:00:00,9,47.5,2.6
2024-01-22 10:00:00,10,490.8,4.1
2024-01-22 11:00:00,11,1498.9,3.3
2024-01-22 12:00:00,12,1200.2,3.9
2024-01-22 13:00:00,13,3054.1,4.0
2024-01-22 14:00:00,14,3228.6,3.3
2024-01-22 15:00:00,15,3732.6,2.8
2024-01-22 16:00:00,16,2378.9,3.5
2024-01-22 17:00:00,17,2025.7,1.6
2024-01-22 18:00:00,18,682.1,2.0
2024-01-22 19:00:00,19,799.6,3.2
2024-01-22 20:00:00,20,708.9,2.9
2024-01-22 21:00:00,21,145.0,2.7
2024-01-22 22:00:00,22,0.5,1.6
2024-01-22 23:00:00,23,,1.7
2024-01-23 00:00:00,0,,2.1
2024-01-23 01:00:00,1,,2.4
2024-01-23 02:00:00,2,,1.5
2024-01-23 03:00:00,3,,2.4
2024-01-23 04:00:00,4,,5.5
2024-01-23 05:00:00,5,,5.9
2024-01-23 06:00:00,6,,4.1
2024-01-23 07:00:00,7,,3.2
2024-01-23 08:00:00,8,,3.2
2024-01-23 09:00:00,9,20.7,1.8
2024-01-23 10:00:00,10,477.2,3.0
2024-01-23 11:00:00,11,1650.3,4.1
2024-01-23 12:00:00,12,2387.1,4.5
2024-01-23 13:00:00,13,2347.5,3.1
2024-01-23 14:00:00,14,2582.2,3.7
2024-01-23 15:00:00,15,3295.0,4.2
2024-01-23 16:00:00,16,2421.9,3.6
2024-01-23 17:00:00,17,2796.0,3.7
2024-01-23 18:00:00,18,2149.4,3.1
2024-01-23 19:00:00,19,1763.2,4.0
2024-01-23 20:00:00,20,1077.7,4.5
2024-01-23 21:00:00,21,135.9,3.3
2024-01-23 22:00:00,22,,3.4
2024-01-23 23:00:00,23,,2.7
2024-01-24 00:00:00,0,,4.2
2024-01-24 01:00:00,1,,4.0
2024-01-24 02:00:00,2,,4.0
2024-01-24 03:00:00,3,,1.1
2024-01-24 04:00:00,4,,1.6
2024-01-24 05:00:00,5,,1.6
2024-01-24 06:00:00,6,,1.3
2024-01-24 07:00:00,7,,2.4
2024-01-24 08:00:00,8,,1.4
2024-01-24 09:00:00,9,30.5,1.5
2024-01-24 10:00:00,10,326.0,1.5
2024-01-24 11:00:00,11,878.0,2.4
2024-01-24 12:00:00,12,1025.5,3.2
2024-01-24 13:00:00,13,1534.5,3.3
2024-01-24 14:00:00,14,2728.6,3.8
2024-01-24 15:00:00,15,2112.7,3.2
2024-01-24 16:00:00,16,2876.4,3.3
2024-01-24 17:00:00,17,2495.9,3.3
2024-01-24 18:00:00,18,941.4,4.6
2024-01-24 19:00:00,19,609.7,2.6
2024-01-24 20:00:00,20,405.6,1.7
2024-01-24 21:00:00,21,44.1,0.8
2024-01-24 22:00:00,22,,2.1
2024-01-24 23:00:00,23,,2.8
2024-01-25 00:00:00,0,,3.2
2024-01-25 01:00:00,1,,1.8
2024-01-25 02:00:00,2,,1.5
2024-01-25 03:00:00,3,,1.6
2024-01-25 04:00:00,4,,0.8
2024-01-25 05:00:00,5,,1.1
2024-01-25 06:00:00,6,,4.4
2024-01-25 07:00:00,7,,3.6
2024-01-25 08:00:00,8,,1.9
2024-01-25 09:00:00,9,19.3,1.7
2024-01-25 10:00:00,10,154.6,1.1
2024-01-25 11:00:00,11,401.1,1.5
2024-01-25 12:00:00,12,692.2,0.7
2024-01-25 13:00:00,13,1066.0,1.1
2024-01-25 14:00:00,14,1295.4,1.4
2024-01-25 15:00:00,15,986.0,1.5
2024-01-25 16:00:00,16,1105.9,1.0
2024-01-25 17:00:00,17,1156.9,0.7
2024-01-25 18:00:00,18,1303.3,1.0
2024-01-25 19:00:00,19,1308.4,0.9
2024-01-25 20:00:00,20,358.6,2.4
2024-01-25 21:00:00,21,142.5,2.0
2024-01-25 22:00:00,22,,0.5
2024-01-25 23:00:00,23,,0.9
2024-01-26 00:00:00,0,,0.4
2024-01-26 01:00:00,1,,0.6
2024-01-26 02:00:00,2,,1.1
2024-01-26 03:00:00,3,,0.6
2024-01-26 04:00:00,4,,1.0
2024-01-26 05:00:00,5,,0.9
2024-01-26 06:00:00,6,,1.8
2024-01-26 07:00:00,7,,1.7
2024-01-26 08:00:00,8,,1.5
2024-01-26 09:00:00,9,11.5,0.7
2024-01-26 10:00:00,10,211.9,0.9
2024-01-26 11:00:00,11,746.2,2.4
2024-01-26 12:00:00,12,1353.5,2.2
2024-01-26 13:00:00,13,1934.1,2.7
2024-01-26 14:00:00,14,3192.4,3.2
2024-01-26 15:00:00,15,2931.0,2.9
2024-01-26 16:00:00,16,2144.5,3.1
2024-01-26 17:00:00,17,3727.3,2.3
2024-01-26 18:00:00,18,2302.7,1.9
2024-01-26 19:00:00,19,684.2,2.0
2024-01-26 20:00:00,20,36.8,3.3
2024-01-26 21:00:00,21,14.5,1.7
2024-01-26 22:00:00,22,,1.9
2024-01-26 23:00:00,23,,1.6
2024-01-27 00:00:00,0,0.7,1.8
2024-01-27 01:00:00,1,,1.1
2024-01-27 02:00:00,2,,0.5
2024-01-27 03:00:00,3,,0.8
2024-01-27 04:00:00,4,0.3,1.9
2024-01-27 05:00:00,5,,1.8
2024-01-27 06:00:00,6,,1.9
2024-01-27 07:00:00,7,,1.2
2024-01-27 08:00:00,8,0.0,1.7
2024-01-27 09:00:00,9,6.6,2.4
2024-01-27 10:00:00,10,78.8,1.9
2024-01-27 11:00:00,11,244.5,1.2
2024-01-27 12:00:00,12,486.8,0.8
2024-01-27 13:00:00,13,909.7,1.5
2024-01-27 14:00:00,14,1461.8,0.9
2024-01-27 15:00:00,15,2343.2,1.8
2024-01-27 16:00:00,16,1706.8,1.9
2024-01-27 17:00:00,17,1912.9,1.5
2024-01-27 18:00:00,18,1542.4,1.3
2024-01-27 19:00:00,19,906.7,3.9
2024-01-27 20:00:00,20,521.9,2.5
2024-01-27 21:00:00,21,84.5,2.0
2024-01-27 22:00:00,22,,0.6
2024-01-27 23:00:00,23,,0.9
2024-01-28 00:00:00,0,,0.8
2024-01-28 01:00:00,1,,0.3
2024-01-28 02:00:00,2,,0.5
2024-01-28 03:00:00,3,,0.5
2024-01-28 04:00:00,4,,1.1
2024-01-28 05:00:00,5,,0.7
2024-01-28 06:00:00,6,,0.5
2024-01-28 07:00:00,7,,1.8
2024-01-28 08:00:00,8,,1.6
2024-01-28 09:00:00,9,18.5,1.3
2024-01-28 10:00:00,10,356.1,1.1
2024-01-28 11:00:00,11,1204.8,2.6
2024-01-28 12:00:00,12,2328.5,3.6
2024-01-28 13:00:00,13,2610.1,3.6
2024-01-28 14:00:00,14,1644.2,4.0
2024-01-28 15:00:00,15,2663.5,2.3
2024-01-28 16:00:00,16,3032.9,2.7
2024-01-28 17:00:00,17,2393.2,2.2
2024-01-28 18:00:00,18,1215.7,4.1
2024-01-28 19:00:00,19,1089.5,4.0
2024-01-28 20:00:00,20,432.9,2.6
2024-01-28 21:00:00,21,111.2,1.8
2024-01-28 22:00:00,22,,1.3
2024-01-28 23:00:00,23,,1.0
2024-01-29 00:00:00,0,,0.8
2024-01-29 01:00:00,1,,1.4
2024-01-29 02:00:00,2,,2.0
2024-01-29 03:00:00,3,,2.3
2024-01-29 04:00:00,4,,2.2
2024-01-29 05:00:00,5,,2.2
2024-01-29 06:00:00,6,,1.4
2024-01-29 07:00:00,7,,1.6
2024-01-29 08:00:00,8,,1.3
2024-01-29 09:00:00,9,32.9,1.1
2024-01-29 10:00:00,10,373.4,1.5
2024-01-29 11:00:00,11,1537.1,2.7
2024-01-29 12:00:00,12,2258.1,3.0
2024-01-29 13:00:00,13,3020.2,2.3
2024-01-29 14:00:00,14,3394.7,1.4
2024-01-29 15:00:00,15,3597.1,2.1
2024-01-29 16:00:00,16,2803.2,1.9
2024-01-29 17:00:00,17,2185.6,4.1
2024-01-29 18:00:00,18,2361.2,3.9
2024-01-29 19:00:00,19,1979.2,5.5
2024-01-29 20:00:00,20,1070.4,4.8
2024-01-29 21:00:00,21,284.6,2.6
2024-01-29 22:00:00,22,1.5,1.6
2024-01-29 23:00:00,23,,1.9
2024-01-30 00:00:00,0,,0.7
2024-01-30 01:00:00,1,,1.4
2024-01-30 02:00:00,2,,1.7
2024-01-30 03:00:00,3,,1.9
2024-01-30 04:00:00,4,,1.8
2024-01-30 05:00:00,5,,0.9
2024-01-30 06:00:00,6,,1.2
2024-01-30 07:00:00,7,,1.1
2024-01-30 08:00:00,8,,1.8
2024-01-30 09:00:00,9,32.5,1.8
2024-01-30 10:00:00,10,564.4,3.5
2024-01-30 11:00:00,11,1410.3,3.0
2024-01-30 12:00:00,12,2100.3,3.1
2024-01-30 13:00:00,13,2970.2,2.7
2024-01-30 14:00:00,14,3451.8,2.3
2024-01-30 15:00:00,15,3646.0,2.6
2024-01-30 16:00:00,16,3625.8,3.9
2024-01-30 17:00:00,17,3326.6,2.8
2024-01-30 18:00:00,18,2739.2,2.7
2024-01-30 19:00:00,19,2032.9,2.0
2024-01-30 20:00:00,20,1178.7,3.6
2024-01-30 21:00:00,21,138.7,3.6
2024-01-30 22:00:00,22,,2.0
2024-01-30 23:00:00,23,,1.3
2024-01-31 00:00:00,0,,1.5
2024-01-31 01:00:00,1,,1.1
2024-01-31 02:00:00,2,,1.7
2024-01-31 03:00:00,3,,1.2
2024-01-31 04:00:00,4,,1.3
2024-01-31 05:00:00,5,,2.3
2024-01-31 06:00:00,6,,1.9
2024-01-31 07:00:00,7,,1.7
2024-01-31 08:00:00,8,,1.3
2024-01-31 09:00:00,9,30.6,1.2
2024-01-31 10:00:00,10,571.8,2.3
2024-01-31 11:00:00,11,1474.2,1.9
2024-01-31 12:00:00,12,2319.0,1.5
2024-01-31 13:00:00,13,3007.3,2.1
2024-01-31 14:00:00,14,3468.7,3.1
2024-01-31 15:00:00,15,3676.2,2.7
2024-01-31 16:00:00,16,3578.5,3.0
2024-01-31 17:00:00,17,3310.8,3.3
2024-01-31 18:00:00,18,2766.9,3.7
2024-01-31 19:00:00,19,1998.6,3.7
2024-01-31 20:00:00,20,1073.3,4.6
2024-01-31 21:00:00,21,131.1,4.5
2024-01-31 22:00:00,22,,2.1
2024-01-31 23:00:00,23,,2.2
2024-02-01 00:00:00,0,,2.4
2024-02-01 01:00:00,1,,2.9
2024-02-01 02:00:00,2,,1.9
2024-02-01 03:00:00,3,,1.4
2024-02-01 04:00:00,4,,2.1
2024-02-01 05:00:00,5,,1.6
2024-02-01 06:00:00,6,,1.9
2024-02-01 07:00:00,7,,2.7
2024-02-01 08:00:00,8,,1.5
2024-02-01 09:00:00,9,34.5,1.4
2024-02-01 10:00:00,10,620.7,2.8
2024-02-01 11:00:00,11,1518.2,3.3
2024-02-01 12:00:00,12,1433.9,2.9
2024-02-01 13:00:00,13,1943.9,3.0
2024-02-01 14:00:00,14,1814.5,2.5
2024-02-01 15:00:00,15,2849.1,3.0
2024-02-01 16:00:00,16,2998.6,2.3
2024-02-01 17:00:00,17,2594.1,3.7
2024-02-01 18:00:00,18,1263.1,3.7
2024-02-01 19:00:00,19,957.0,4.4
2024-02-01 20:00:00,20,783.6,4.2
2024-02-01 21:00:00,21,230.9,5.0
2024-02-01 22:00:00,22,,4.2
2024-02-01 23:00:00,23,,2.8
2024-02-02 00:00:00,0,,4.2
2024-02-02 01:00:00,1,,4.3
2024-02-02 02:00:00,2,,2.8
2024-02-02 03:00:00,3,,2.7
2024-02-02 04:00:00,4,,2.1
2024-02-02 05:00:00,5,,1.6
2024-02-02 06:00:00,6,,2.3
2024-02-02 07:00:00,7,,1.6
2024-02-02 08:00:00,8,,1.8
2024-02-02 09:00:00,9,21.9,1.3
2024-02-02 10:00:00,10,287.6,2.2
2024-02-02 11:00:00,11,950.6,3.7
2024-02-02 12:00:00,12,1255.7,3.1
2024-02-02 13:00:00,13,2186.7,4.0
2024-02-02 14:00:00,14,3499.3,3.2
2024-02-02 15:00:00,15,3732.2,2.9
2024-02-02 16:00:00,16,3423.1,2.7
2024-02-02 17:00:00,17,3235.6,4.1
2024-02-02 18:00:00,18,2221.5,3.7
2024-02-02 19:00:00,19,1742.4,4.6
2024-02-02 20:00:00,20,1114.6,4.5
2024-02-02 21:00:00,21,277.8,3.8
2024-02-02 22:00:00,22,,3.4
2024-02-02 23:00:00,23,,4.3
2024-02-03 00:00:00,0,,4.0
2024-02-03 01:00:00,1,,3.2
2024-02-03 02:00:00,2,,3.6
2024-02-03 03:00:00,3,,2.2
2024-02-03 04:00:00,4,,3.6
2024-02-03 05:00:00,5,,2.7
2024-02-03 06:00:00,6,,2.9
2024-02-03 07:00:00,7,,2.9
2024-02-03 08:00:00,8,,3.3
2024-02-03 09:00:00,9,60.1,2.2
2024-02-03 10:00:00,10,630.1,3.7
2024-02-03 11:00:00,11,1116.3,3.6
2024-02-03 12:00:00,12,1792.4,3.2
2024-02-03 13:00:00,13,1327.4,3.8
2024-02-03 14:00:00,14,2132.2,3.0
2024-02-03 15:00:00,15,3402.9,3.0
2024-02-03 16:00:00,16,2932.4,2.9
2024-02-03 17:00:00,17,2893.9,4.2
2024-02-03 18:00:00,18,1766.7,3.5
2024-02-03 19:00:00,19,1988.0,4.7
2024-02-03 20:00:00,20,1073.9,4.2
2024-02-03 21:00:00,21,243.2,3.4
2024-02-03 22:00:00,22,,2.2
2024-02-03 23:00:00,23,,1.3
2024-02-04 00:00:00,0,,3.6
2024-02-04 01:00:00,1,,5.0
2024-02-04 02:00:00,2,,4.3
2024-02-04 03:00:00,3,,3.3
2024-02-04 04:00:00,4,,3.3
2024-02-04 05:00:00,5,,2.5
2024-02-04 06:00:00,6,,1.9
2024-02-04 07:00:00,7,,2.2
2024-02-04 08:00:00,8,,1.9
2024-02-04 09:00:00,9,21.1,2.3
2024-02-04 10:00:00,10,534.5,1.9
2024-02-04 11:00:00,11,781.1,2.3
2024-02-04 12:00:00,12,1162.5,3.0
2024-02-04 13:00:00,13,2070.5,3.4
2024-02-04 14:00:00,14,2126.9,3.9
2024-02-04 15:00:00,15,2681.0,4.0
2024-02-04 16:00:00,16,3627.5,3.2
2024-02-04 17:00:00,17,2942.0,4.6
2024-02-04 18:00:00,18,2231.8,4.8
2024-02-04 19:00:00,19,1537.1,5.1
2024-02-04 20:00:00,20,1016.6,5.1
2024-02-04 21:00:00,21,310.8,3.9
2024-02-04 22:00:00,22,,3.0
2024-02-04 23:00:00,23,,3.1
2024-02-05 00:00:00,0,,3.4
2024-02-05 01:00:00,1,,3.0
2024-02-05 02:00:00,2,,4.5
2024-02-05 03:00:00,3,,3.7
2024-02-05 04:00:00,4,,1.8
2024-02-05 05:00:00,5,,1.8
2024-02-05 06:00:00,6,,2.9
2024-02-05 07:00:00,7,,2.2
2024-02-05 08:00:00,8,,1.4
2024-02-05 09:00:00,9,27.4,1.7
2024-02-05 10:00:00,10,588.0,3.0
2024-02-05 11:00:00,11,1426.5,3.7
2024-02-05 12:00:00,12,2261.6,3.6
2024-02-05 13:00:00,13,2192.9,3.9
2024-02-05 14:00:00,14,2779.1,3.9
2024-02-05 15:00:00,15,3285.2,4.0
2024-02-05 16:00:00,16,3078.8,3.7
2024-02-05 17:00:00,17,2788.8,4.6
2024-02-05 18:00:00,18,2810.5,4.3
2024-02-05 19:00:00,19,2012.3,4.8
2024-02-05 20:00:00,20,1023.8,3.7
2024-02-05 21:00:00,21,154.5,3.2
2024-02-05 22:00:00,22,,3.7
2024-02-05 23:00:00,23,,3.8
2024-02-06 00:00:00,0,,3.9
2024-02-06 01:00:00,1,,3.6
2024-02-06 02:00:00,2,,3.6
2024-02-06 03:00:00,3,,4.0
2024-02-06 04:00:00,4,,2.7
2024-02-06 05:00:00,5,,3.2
2024-02-06 06:00:00,6,,3.6
2024-02-06 07:00:00,7,,3.2
2024-02-06 08:00:00,8,,2.1
2024-02-06 09:00:00,9,28.0,2.8
2024-02-06 10:00:00,10,496.9,2.7
2024-02-06 11:00:00,11,1436.9,2.9
2024-02-06 12:00:00,12,2209.7,3.0
2024-02-06 13:00:00,13,2768.3,2.6
2024-02-06 14:00:00,14,3345.3,3.2
2024-02-06 15:00:00,15,3020.3,2.9
2024-02-06 16:00:00,16,3435.9,2.8
2024-02-06 17:00:00,17,3224.1,3.3
2024-02-06 18:00:00,18,2095.4,3.6
2024-02-06 19:00:00,19,2012.8,4.3
2024-02-06 20:00:00,20,1111.1,5.2
2024-02-06 21:00:00,21,281.0,4.1
2024-02-06 22:00:00,22,,2.6
2024-02-06 23:00:00,23,,1.9
2024-02-07 00:00:00,0,,1.1
2024-02-07 01:00:00,1,,3.6
2024-02-07 02:00:00,2,,3.3
2024-02-07 03:00:00,3,,3.5
2024-02-07 04:00:00,4,,2.3
2024-02-07 05:00:00,5,,2.4
2024-02-07 06:00:00,6,,1.7
2024-02-07 07:00:00,7,,1.5
2024-02-07 08:00:00,8,,1.7
2024-02-07 09:00:00,9,25.5,1.7
2024-02-07 10:00:00,10,477.9,2.6
2024-02-07 11:00:00,11,1353.2,3.1
2024-02-07 12:00:00,12,2164.1,3.3
2024-02-07 13:00:00,13,2723.4,1.8
2024-02-07 14:00:00,14,2523.7,2.6
2024-02-07 15:00:00,15,3050.0,3.4
2024-02-07 16:00:00,16,3214.6,2.7
2024-02-07 17:00:00,17,2179.2,1.6
2024-02-07 18:00:00,18,2286.7,3.4
2024-02-07 19:00:00,19,1744.5,4.0
2024-02-07 20:00:00,20,995.0,4.4
2024-02-07 21:00:00,21,225.2,3.8
2024-02-07 22:00:00,22,,2.6
2024-02-07 23:00:00,23,,1.7
2024-02-08 00:00:00,0,,0.9
2024-02-08 01:00:00,1,,3.7
2024-02-08 02:00:00,2,,3.6
2024-02-08 03:00:00,3,,2.7
2024-02-08 04:00:00,4,,2.1
2024-02-08 05:00:00,5,,2.8
2024-02-08 06:00:00,6,,2.7
2024-02-08 07:00:00,7,,2.9
2024-02-08 08:00:00,8,,2.5
2024-02-08 09:00:00,9,18.5,2.8
2024-02-08 10:00:00,10,251.8,3.3
2024-02-08 11:00:00,11,976.4,3.3
2024-02-08 12:00:00,12,2050.2,3.1
2024-02-08 13:00:00,13,2739.4,2.2
2024-02-08 14:00:00,14,3208.7,3.0
2024-02-08 15:00:00,15,1823.8,2.6
2024-02-08 16:00:00,16,3354.6,2.6
2024-02-08 17:00:00,17,3386.0,1.9
2024-02-08 18:00:00,18,1609.1,3.0
2024-02-08 19:00:00,19,1852.7,4.5
2024-02-08 20:00:00,20,1126.2,4.9
2024-02-08 21:00:00,21,200.8,3.3
2024-02-08 22:00:00,22,,3.1
2024-02-08 23:00:00,23,,4.4
2024-02-09 00:00:00,0,,3.6
2024-02-09 01:00:00,1,,3.2
2024-02-09 02:00:00,2,,1.1
2024-02-09 03:00:00,3,,1.5
2024-02-09 04:00:00,4,,1.1
2024-02-09 05:00:00,5,,2.3
2024-02-09 06:00:00,6,,3.3
2024-02-09 07:00:00,7,,1.5
2024-02-09 08:00:00,8,,1.4
2024-02-09 09:00:00,9,19.8,1.9
2024-02-09 10:00:00,10,335.5,2.1
2024-02-09 11:00:00,11,1496.1,3.3
2024-02-09 12:00:00,12,2666.7,3.0
2024-02-09 13:00:00,13,2846.6,3.4
2024-02-09 14:00:00,14,3647.2,3.0
2024-02-09 15:00:00,15,2604.0,2.4
2024-02-09 16:00:00,16,1571.8,2.8
2024-02-09 17:00:00,17,2443.2,1.7
2024-02-09 18:00:00,18,1498.9,2.4
2024-02-09 19:00:00,19,603.5,2.0
2024-02-09 20:00:00,20,540.3,1.1
2024-02-09 21:00:00,21,179.5,2.2
2024-02-09 22:00:00,22,,0.9
2024-02-09 23:00:00,23,,0.9
2024-02-10 00:00:00,0,,5.9
2024-02-10 01:00:00,1,,3.6
2024-02-10 02:00:00,2,,3.2
2024-02-10 03:00:00,3,,2.9
2024-02-10 04:00:00,4,,2.0
2024-02-10 05:00:00,5,,1.1
2024-02-10 06:00:00,6,,0.8
2024-02-10 07:00:00,7,,0.6
2024-02-10 08:00:00,8,,1.3
2024-02-10 09:00:00,9,19.6,0.7
2024-02-10 10:00:00,10,366.4,1.7
2024-02-10 11:00:00,11,1111.5,2.4
2024-02-10 12:00:00,12,1205.7,2.5
2024-02-10 13:00:00,13,1035.3,2.8
2024-02-10 14:00:00,14,1647.4,2.2
2024-02-10 15:00:00,15,2475.2,2.1
2024-02-10 16:00:00,16,2928.7,2.6
2024-02-10 17:00:00,17,3590.5,4.1
2024-02-10 18:00:00,18,2171.5,4.2
2024-02-10 19:00:00,19,993.2,3.6
2024-02-10 20:00:00,20,274.0,3.7
2024-02-10 21:00:00,21,34.7,6.4
2024-02-10 22:00:00,22,2.6,2.4
2024-02-10 23:00:00,23,4.7,1.7
2024-02-11 00:00:00,0,2.7,1.6
2024-02-11 01:00:00,1,,2.2
2024-02-11 02:00:00,2,,0.7
2024-02-11 03:00:00,3,,0.4
2024-02-11 04:00:00,4,,1.5
2024-02-11 05:00:00,5,,0.8
2024-02-11 06:00:00,6,,1.3
2024-02-11 07:00:00,7,,0.9
2024-02-11 08:00:00,8,,1.8
2024-02-11 09:00:00,9,16.9,0.9
2024-02-11 10:00:00,10,353.5,2.1
2024-02-11 11:00:00,11,800.8,2.4
2024-02-11 12:00:00,12,2148.6,3.5
2024-02-11 13:00:00,13,2666.7,2.2
2024-02-11 14:00:00,14,2981.3,2.9
2024-02-11 15:00:00,15,2434.7,3.2
2024-02-11 16:00:00,16,2876.6,2.2
2024-02-11 17:00:00,17,2995.8,6.5
2024-02-11 18:00:00,18,2723.0,5.4
2024-02-11 19:00:00,19,1299.3,7.0
2024-02-11 20:00:00,20,79.7,0.8
2024-02-11 21:00:00,21,41.4,2.7
2024-02-11 22:00:00,22,3.6,0.8
2024-02-11 23:00:00,23,1.6,0.9
2024-02-12 00:00:00,0,,1.9
2024-02-12 01:00:00,1,,1.9
2024-02-12 02:00:00,2,,1.5
2024-02-12 03:00:00,3,,1.1
2024-02-12 04:00:00,4,,2.0
2024-02-12 05:00:00,5,,1.0
2024-02-12 06:00:00,6,,1.4
2024-02-12 07:00:00,7,,0.8
2024-02-12 08:00:00,8,,1.6
2024-02-12 09:00:00,9,38.6,1.2
2024-02-12 10:00:00,10,324.1,2.4
2024-02-12 11:00:00,11,935.0,3.3
2024-02-12 12:00:00,12,1868.5,3.6
2024-02-12 13:00:00,13,1991.6,3.7
2024-02-12 14:00:00,14,2517.3,4.0
2024-02-12 15:00:00,15,2218.6,4.7
2024-02-12 16:00:00,16,2798.3,5.2
2024-02-12 17:00:00,17,2239.0,3.7
2024-02-12 18:00:00,18,1301.9,4.5
2024-02-12 19:00:00,19,1926.7,3.5
2024-02-12 20:00:00,20,673.9,5.5
2024-02-12 21:00:00,21,397.0,5.8
2024-02-12 22:00:00,22,0.0,5.6
2024-02-12 23:00:00,23,,4.1
2024-02-13 00:00:00,0,,4.4
2024-02-13 01:00:00,1,,4.1
2024-02-13 02:00:00,2,,3.6
2024-02-13 03:00:00,3,,4.0
2024-02-13 04:00:00,4,,3.0
2024-02-13 05:00:00,5,,2.1
2024-02-13 06:00:00,6,,1.7
2024-02-13 07:00:00,7,,2.9
2024-02-13 08:00:00,8,,2.0
2024-02-13 09:00:00,9,17.2,2.2
2024-02-13 10:00:00,10,507.8,1.7
2024-02-13 11:00:00,11,1160.7,3.3
2024-02-13 12:00:00,12,1842.3,3.0
2024-02-13 13:00:00,13,1695.0,3.8
2024-02-13 14:00:00,14,1888.2,4.1
2024-02-13 15:00:00,15,2227.3,3.3
2024-02-13 16:00:00,16,2386.6,3.8
2024-02-13 17:00:00,17,2193.6,3.5
2024-02-13 18:00:00,18,1672.1,1.1
2024-02-13 19:00:00,19,1105.0,2.0
2024-02-13 20:00:00,20,858.6,5.8
2024-02-13 21:00:00,21,277.4,4.7
2024-02-13 22:00:00,22,1.6,2.7
2024-02-13 23:00:00,23,0.7,3.7
2024-02-14 00:00:00,0,,0.5
2024-02-14 01:00:00,1,,1.9
2024-02-14 02:00:00,2,,0.7
2024-02-14 03:00:00,3,,2.1
2024-02-14 04:00:00,4,,0.3
2024-02-14 05:00:00,5,,0.7
2024-02-14 06:00:00,6,,0.2
2024-02-14 07:00:00,7,,1.1
2024-02-14 08:00:00,8,,1.1
2024-02-14 09:00:00,9,13.5,1.3
2024-02-14 10:00:00,10,322.9,2.4
2024-02-14 11:00:00,11,835.6,3.7
2024-02-14 12:00:00,12,1598.5,2.7
2024-02-14 13:00:00,13,2157.3,2.0
2024-02-14 14:00:00,14,2553.8,1.5
2024-02-14 15:00:00,15,3334.7,2.1
2024-02-14 16:00:00,16,1948.9,2.3
2024-02-14 17:00:00,17,3052.5,3.1
2024-02-14 18:00:00,18,2565.7,3.7
2024-02-14 19:00:00,19,1701.3,3.4
2024-02-14 20:00:00,20,1008.2,3.3
2024-02-14 21:00:00,21,218.5,2.1
2024-02-14 22:00:00,22,,1.0
2024-02-14 23:00:00,23,,0.3
2024-02-15 00:00:00,0,,4.5
2024-02-15 01:00:00,1,,3.5
2024-02-15 02:00:00,2,,4.1
2024-02-15 03:00:00,3,,4.3
2024-02-15 04:00:00,4,,2.8
2024-02-15 05:00:00,5,,1.5
2024-02-15 06:00:00,6,,1.0
2024-02-15 07:00:00,7,,0.5
2024-02-15 08:00:00,8,,0.2
2024-02-15 09:00:00,9,30.5,0.7
2024-02-15 10:00:00,10,561.2,1.3
2024-02-15 11:00:00,11,1377.2,0.9
2024-02-15 12:00:00,12,2346.9,1.9
2024-02-15 13:00:00,13,2968.3,2.4
2024-02-15 14:00:00,14,3406.3,2.9
2024-02-15 15:00:00,15,3554.1,2.9
2024-02-15 16:00:00,16,3133.7,2.3
2024-02-15 17:00:00,17,3111.7,2.9
2024-02-15 18:00:00,18,2577.9,3.4
2024-02-15 19:00:00,19,1751.1,3.7
2024-02-15 20:00:00,20,976.9,4.1
2024-02-15 21:00:00,21,155.5,6.2
2024-02-15 22:00:00,22,1.8,4.6
2024-02-15 23:00:00,23,,3.5
2024-02-16 00:00:00,0,,1.8
2024-02-16 01:00:00,1,,1.6
2024-02-16 02:00:00,2,,0.8
2024-02-16 03:00:00,3,,2.1
2024-02-16 04:00:00,4,,0.5
2024-02-16 05:00:00,5,,0.3
2024-02-16 06:00:00,6,,1.3
2024-02-16 07:00:00,7,,1.2
2024-02-16 08:00:00,8,,1.0
2024-02-16 09:00:00,9,17.3,1.5
2024-02-16 10:00:00,10,558.7,1.7
2024-02-16 11:00:00,11,1370.6,3.1
2024-02-16 12:00:00,12,2002.0,3.1
2024-02-16 13:00:00,13,2953.3,2.8
2024-02-16 14:00:00,14,3404.4,4.3
2024-02-16 15:00:00,15,3552.7,3.2
2024-02-16 16:00:00,16,3267.6,3.0
2024-02-16 17:00:00,17,3114.7,1.4
2024-02-16 18:00:00,18,2687.8,2.7
2024-02-16 19:00:00,19,1641.7,2.2
2024-02-16 20:00:00,20,614.7,2.6
2024-02-16 21:00:00,21,251.1,3.7
2024-02-16 22:00:00,22,,3.2
2024-02-16 23:00:00,23,,1.5
2024-02-17 00:00:00,0,,2.1
2024-02-17 01:00:00,1,,1.3
2024-02-17 02:00:00,2,,0.7
2024-02-17 03:00:00,3,,1.3
2024-02-17 04:00:00,4,,1.3
2024-02-17 05:00:00,5,,1.9
2024-02-17 06:00:00,6,,1.6
2024-02-17 07:00:00,7,,1.6
2024-02-17 08:00:00,8,,1.4
2024-02-17 09:00:00,9,17.6,1.0
2024-02-17 10:00:00,10,568.4,1.5
2024-02-17 11:00:00,11,1416.5,2.6
2024-02-17 12:00:00,12,2311.6,2.1
2024-02-17 13:00:00,13,2003.0,1.6
2024-02-17 14:00:00,14,2277.8,1.6
2024-02-17 15:00:00,15,3609.6,1.6
2024-02-17 16:00:00,16,3432.5,1.1
2024-02-17 17:00:00,17,3063.1,1.9
2024-02-17 18:00:00,18,2704.5,1.6
2024-02-17 19:00:00,19,1848.6,2.2
2024-02-17 20:00:00,20,498.1,5.4
2024-02-17 21:00:00,21,50.3,2.5
2024-02-17 22:00:00,22,1.6,1.3
2024-02-17 23:00:00,23,8.8,1.5
2024-02-18 00:00:00,0,0.0,2.1
2024-02-18 01:00:00,1,,1.7
2024-02-18 02:00:00,2,,1.7
2024-02-18 03:00:00,3,,1.2
2024-02-18 04:00:00,4,,2.1
2024-02-18 05:00:00,5,,2.4
2024-02-18 06:00:00,6,,1.6
2024-02-18 07:00:00,7,,2.2
2024-02-18 08:00:00,8,,2.7
2024-02-18 09:00:00,9,2.3,2.2
2024-02-18 10:00:00,10,93.7,2.9
2024-02-18 11:00:00,11,280.5,2.2
2024-02-18 12:00:00,12,650.4,2.7
2024-02-18 13:00:00,13,1404.9,2.8
2024-02-18 14:00:00,14,1567.8,2.7
2024-02-18 15:00:00,15,2338.4,1.2
2024-02-18 16:00:00,16,2168.6,3.1
2024-02-18 17:00:00,17,2318.0,3.3
2024-02-18 18:00:00,18,2419.8,4.3
2024-02-18 19:00:00,19,1925.2,5.1
2024-02-18 20:00:00,20,1109.0,4.4
2024-02-18 21:00:00,21,228.4,5.8
2024-02-18 22:00:00,22,,4.6
2024-02-18 23:00:00,23,,2.3
2024-02-19 00:00:00,0,,2.5
2024-02-19 01:00:00,1,,2.5
2024-02-19 02:00:00,2,,1.6
2024-02-19 03:00:00,3,,1.2
2024-02-19 04:00:00,4,,1.8
2024-02-19 05:00:00,5,,0.8
2024-02-19 06:00:00,6,,0.9
2024-02-19 07:00:00,7,,0.4
2024-02-19 08:00:00,8,,0.7
2024-02-19 09:00:00,9,29.3,0.6
2024-02-19 10:00:00,10,336.0,0.9
2024-02-19 11:00:00,11,889.7,0.6
2024-02-19 12:00:00,12,1538.6,1.3
2024-02-19 13:00:00,13,2187.3,1.6
2024-02-19 14:00:00,14,3254.0,2.7
2024-02-19 15:00:00,15,3544.9,2.7
2024-02-19 16:00:00,16,3467.3,2.7
2024-02-19 17:00:00,17,1170.4,3.8
2024-02-19 18:00:00,18,868.0,1.6
2024-02-19 19:00:00,19,978.7,5.4
2024-02-19 20:00:00,20,529.3,2.5
2024-02-19 21:00:00,21,161.2,1.9
2024-02-19 22:00:00,22,,1.3
2024-02-19 23:00:00,23,,0.8
2024-02-20 00:00:00,0,,1.9
2024-02-20 01:00:00,1,,0.8
2024-02-20 02:00:00,2,,4.8
2024-02-20 03:00:00,3,1.3,1.6
2024-02-20 04:00:00,4,,1.1
2024-02-20 05:00:00,5,,1.7
2024-02-20 06:00:00,6,,1.3
2024-02-20 07:00:00,7,0.4,1.0
2024-02-20 08:00:00,8,1.5,0.5
2024-02-20 09:00:00,9,12.5,0.3
2024-02-20 10:00:00,10,215.5,0.2
2024-02-20 11:00:00,11,652.9,0.9
2024-02-20 12:00:00,12,1499.6,0.7
2024-02-20 13:00:00,13,1574.7,1.8
2024-02-20 14:00:00,14,1289.0,1.8
2024-02-20 15:00:00,15,1847.6,1.5
2024-02-20 16:00:00,16,2540.4,1.6
2024-02-20 17:00:00,17,2933.5,1.3
2024-02-20 18:00:00,18,1915.1,2.6
2024-02-20 19:00:00,19,886.0,2.4
2024-02-20 20:00:00,20,415.0,2.2
2024-02-20 21:00:00,21,22.1,3.2
2024-02-20 22:00:00,22,,2.2
2024-02-20 23:00:00,23,,0.4
2024-02-21 00:00:00,0,,2.3
2024-02-21 01:00:00,1,,1.5
2024-02-21 02:00:00,2,,0.9
2024-02-21 03:00:00,3,,0.7
2024-02-21 04:00:00,4,,1.2
2024-02-21 05:00:00,5,1.1,3.8
2024-02-21 06:00:00,6,0.2,1.6
2024-02-21 07:00:00,7,,0.9
2024-02-21 08:00:00,8,,1.1
2024-02-21 09:00:00,9,6.1,1.4
2024-02-21 10:00:00,10,189.3,0.7
2024-02-21 11:00:00,11,603.5,1.0
2024-02-21 12:00:00,12,1176.2,0.3
2024-02-21 13:00:00,13,2163.7,1.4
2024-02-21 14:00:00,14,2255.0,1.5
2024-02-21 15:00:00,15,2904.1,1.9
2024-02-21 16:00:00,16,3078.8,2.8
2024-02-21 17:00:00,17,2709.3,2.0
2024-02-21 18:00:00,18,2487.4,2.1
2024-02-21 19:00:00,19,867.4,2.1
2024-02-21 20:00:00,20,471.7,4.3
2024-02-21 21:00:00,21,179.0,1.9
2024-02-21 22:00:00,22,,0.9
2024-02-21 23:00:00,23,,2.2
2024-02-22 00:00:00,0,,2.4
2024-02-22 01:00:00,1,2.4,3.8
2024-02-22 02:00:00,2,,0.4
2024-02-22 03:00:00,3,,1.1
2024-02-22 04:00:00,4,,0.6
2024-02-22 05:00:00,5,,1.6
2024-02-22 06:00:00,6,,1.2
2024-02-22 07:00:00,7,,0.9
2024-02-22 08:00:00,8,,0.7
2024-02-22 09:00:00,9,7.9,0.7
2024-02-22 10:00:00,10,208.5,0.4
2024-02-22 11:00:00,11,1004.6,0.8
2024-02-22 12:00:00,12,926.1,0.8
2024-02-22 13:00:00,13,1971.2,0.8
2024-02-22 14:00:00,14,2784.9,1.9
2024-02-22 15:00:00,15,2276.8,1.1
2024-02-22 16:00:00,16,3458.2,1.1
2024-02-22 17:00:00,17,2382.6,1.0
2024-02-22 18:00:00,18,2875.1,1.9
2024-02-22 19:00:00,19,1151.0,1.5
2024-02-22 20:00:00,20,1181.1,2.3
2024-02-22 21:00:00,21,294.4,2.8
2024-02-22 22:00:00,22,5.7,1.6
2024-02-22 23:00:00,23,1.1,1.2
2024-02-23 00:00:00,0,3.1,1.7
2024-02-23 01:00:00,1,1.3,0.7
2024-02-23 02:00:00,2,0.8,2.2
2024-02-23 03:00:00,3,,0.3
2024-02-23 04:00:00,4,0.7,1.6
2024-02-23 05:00:00,5,0.0,0.5
2024-02-23 06:00:00,6,0.3,0.4
2024-02-23 07:00:00,7,,1.1
2024-02-23 08:00:00,8,,1.2
2024-02-23 09:00:00,9,23.1,0.6
2024-02-23 10:00:00,10,344.7,1.5
2024-02-23 11:00:00,11,1259.9,1.1
2024-02-23 12:00:00,12,2365.7,2.0
2024-02-23 13:00:00,13,2714.5,1.9
2024-02-23 14:00:00,14,3388.3,2.0
2024-02-23 15:00:00,15,3355.6,2.2
2024-02-23 16:00:00,16,3228.2,2.8
2024-02-23 17:00:00,17,2914.4,2.0
2024-02-23 18:00:00,18,2241.6,2.4
2024-02-23 19:00:00,19,1561.7,4.5
2024-02-23 20:00:00,20,679.6,4.5
2024-02-23 21:00:00,21,116.3,2.8
2024-02-23 22:00:00,22,,2.4
2024-02-23 23:00:00,23,,1.4
2024-02-24 00:00:00,0,,2.5
2024-02-24 01:00:00,1,,1.5
2024-02-24 02:00:00,2,,1.2
2024-02-24 03:00:00,3,,1.4
2024-02-24 04:00:00,4,,1.5
2024-02-24 05:00:00,5,,1.0
2024-02-24 06:00:00,6,,1.8
2024-02-24 07:00:00,7,,1.5
2024-02-24 08:00:00,8,,1.0
2024-02-24 09:00:00,9,28.7,0.5
2024-02-24 10:00:00,10,584.1,1.9
2024-02-24 11:00:00,11,885.5,2.5
2024-02-24 12:00:00,12,1764.2,3.8
2024-02-24 13:00:00,13,2127.1,3.9
2024-02-24 14:00:00,14,2892.4,4.4
2024-02-24 15:00:00,15,3019.2,3.3
2024-02-24 16:00:00,16,3079.0,4.6
2024-02-24 17:00:00,17,2758.5,5.7
2024-02-24 18:00:00,18,2160.3,4.1
2024-02-24 19:00:00,19,1538.5,5.8
2024-02-24 20:00:00,20,598.6,3.7
2024-02-24 21:00:00,21,342.6,3.0
2024-02-24 22:00:00,22,0.5,2.9
2024-02-24 23:00:00,23,,4.4
2024-02-25 00:00:00,0,,2.6
2024-02-25 01:00:00,1,,1.7
2024-02-25 02:00:00,2,,1.5
2024-02-25 03:00:00,3,,1.7
2024-02-25 04:00:00,4,,2.2
2024-02-25 05:00:00,5,,1.8
2024-02-25 06:00:00,6,,1.1
2024-02-25 07:00:00,7,,0.5
2024-02-25 08:00:00,8,,2.7
2024-02-25 09:00:00,9,9.4,1.2
2024-02-25 10:00:00,10,480.8,2.9
2024-02-25 11:00:00,11,877.5,2.8
2024-02-25 12:00:00,12,1905.1,4.9
2024-02-25 13:00:00,13,2467.0,4.2
2024-02-25 14:00:00,14,2274.3,3.5
2024-02-25 15:00:00,15,2522.5,4.3
2024-02-25 16:00:00,16,1481.8,2.9
2024-02-25 17:00:00,17,1008.2,3.4
2024-02-25 18:00:00,18,699.8,3.3
2024-02-25 19:00:00,19,1086.0,5.1
2024-02-25 20:00:00,20,443.4,3.5
2024-02-25 21:00:00,21,96.9,3.5
2024-02-25 22:00:00,22,,1.8
2024-02-25 23:00:00,23,,2.1
2024-02-26 00:00:00,0,,4.3
2024-02-26 01:00:00,1,,4.2
2024-02-26 02:00:00,2,,3.3
2024-02-26 03:00:00,3,,3.4
2024-02-26 04:00:00,4,,2.3
2024-02-26 05:00:00,5,,2.1
2024-02-26 06:00:00,6,,1.0
2024-02-26 07:00:00,7,,3.2
2024-02-26 08:00:00,8,,2.2
2024-02-26 09:00:00,9,23.9,1.2
2024-02-26 10:00:00,10,501.0,2.4
2024-02-26 11:00:00,11,1246.1,3.6
2024-02-26 12:00:00,12,2182.5,4.3
2024-02-26 13:00:00,13,1997.0,3.7
2024-02-26 14:00:00,14,2385.8,3.5
2024-02-26 15:00:00,15,2733.0,3.7
2024-02-26 16:00:00,16,2532.7,4.7
2024-02-26 17:00:00,17,1743.4,4.0
2024-02-26 18:00:00,18,1461.4,3.5
2024-02-26 19:00:00,19,1976.8,4.2
2024-02-26 20:00:00,20,1086.0,4.1
2024-02-26 21:00:00,21,168.4,2.3
2024-02-26 22:00:00,22,,1.4
2024-02-26 23:00:00,23,,1.7
2024-02-27 00:00:00,0,,3.2
2024-02-27 01:00:00,1,,4.2
2024-02-27 02:00:00,2,,3.1
2024-02-27 03:00:00,3,,2.0
2024-02-27 04:00:00,4,,3.4
2024-02-27 05:00:00,5,,1.0
2024-02-27 06:00:00,6,,1.0
2024-02-27 07:00:00,7,,2.5
2024-02-27 08:00:00,8,,1.8
2024-02-27 09:00:00,9,12.7,1.7
2024-02-27 10:00:00,10,176.8,1.8
2024-02-27 11:00:00,11,681.8,2.0
2024-02-27 12:00:00,12,1080.5,2.9
2024-02-27 13:00:00,13,1499.4,2.2
2024-02-27 14:00:00,14,1916.1,2.2
2024-02-27 15:00:00,15,1281.3,3.3
2024-02-27 16:00:00,16,3258.5,2.2
2024-02-27 17:00:00,17,2793.6,3.4
2024-02-27 18:00:00,18,2791.7,4.6
2024-02-27 19:00:00,19,1894.1,4.5
2024-02-27 20:00:00,20,985.9,4.8
2024-02-27 21:00:00,21,176.0,3.1
2024-02-27 22:00:00,22,,2.8
2024-02-27 23:00:00,23,,2.5
2024-02-28 00:00:00,0,,3.8
2024-02-28 01:00:00,1,,2.1
2024-02-28 02:00:00,2,,1.4
2024-02-28 03:00:00,3,,1.9
2024-02-28 04:00:00,4,,0.9
2024-02-28 05:00:00,5,,2.5
2024-02-28 06:00:00,6,,1.7
2024-02-28 07:00:00,7,,0.9
2024-02-28 08:00:00,8,,0.8
2024-02-28 09:00:00,9,16.7,1.1
2024-02-28 10:00:00,10,368.9,2.4
2024-02-28 11:00:00,11,1444.7,3.6
2024-02-28 12:00:00,12,2211.9,2.5
2024-02-28 13:00:00,13,1634.5,2.9
2024-02-28 14:00:00,14,2054.2,2.2
2024-02-28 15:00:00,15,1316.1,2.3
2024-02-28 16:00:00,16,3673.4,2.1
2024-02-28 17:00:00,17,3324.5,2.2
2024-02-28 18:00:00,18,2848.0,2.3
2024-02-28 19:00:00,19,1514.1,1.9
2024-02-28 20:00:00,20,868.5,2.4
2024-02-28 21:00:00,21,420.1,2.0
2024-02-28 22:00:00,22,8.1,2.8
2024-02-28 23:00:00,23,0.2,1.5
2024-02-29 00:00:00,0,,1.0
2024-02-29 01:00:00,1,0.8,2.2
2024-02-29 02:00:00,2,2.1,2.1
2024-02-29 03:00:00,3,0.4,3.3
2024-02-29 04:00:00,4,,1.5
2024-02-29 05:00:00,5,,1.7
2024-02-29 06:00:00,6,,0.9
2024-02-29 07:00:00,7,,0.9
2024-02-29 08:00:00,8,,0.9
2024-02-29 09:00:00,9,19.7,2.1
2024-02-29 10:00:00,10,353.7,2.4
2024-02-29 11:00:00,11,869.5,1.5
2024-02-29 12:00:00,12,1741.2,1.7
2024-02-29 13:00:00,13,2318.6,1.2
2024-02-29 14:00:00,14,3135.1,1.7
2024-02-29 15:00:00,15,3830.4,0.9
2024-02-29 16:00:00,16,2840.0,1.7
2024-02-29 17:00:00,17,3439.5,1.4
2024-02-29 18:00:00,18,2781.6,1.2
2024-02-29 19:00:00,19,1646.2,1.0
2024-02-29 20:00:00,20,973.1,2.6
2024-02-29 21:00:00,21,264.4,1.2
2024-02-29 22:00:00,22,,1.1
2024-02-29 23:00:00,23,,1.6
2024-03-01 00:00:00,0,,1.5
2024-03-01 01:00:00,1,,1.0
2024-03-01 02:00:00,2,,1.3
2024-03-01 03:00:00,3,0.4,2.7
2024-03-01 04:00:00,4,4.4,4.7
2024-03-01 05:00:00,5,2.4,2.8
2024-03-01 06:00:00,6,,2.1
2024-03-01 07:00:00,7,,0.7
2024-03-01 08:00:00,8,,0.6
2024-03-01 09:00:00,9,12.7,1.0
2024-03-01 10:00:00,10,247.6,2.9
2024-03-01 11:00:00,11,916.3,2.5
2024-03-01 12:00:00,12,1027.2,2.1
2024-03-01 13:00:00,13,1113.1,2.3
2024-03-01 14:00:00,14,2209.9,1.5
2024-03-01 15:00:00,15,3389.3,1.1
2024-03-01 16:00:00,16,1595.9,2.2
2024-03-01 17:00:00,17,1977.6,2.4
2024-03-01 18:00:00,18,1081.5,1.3
2024-03-01 19:00:00,19,1027.0,1.8
2024-03-01 20:00:00,20,310.0,1.3
2024-03-01 21:00:00,21,111.3,0.9
2024-03-01 22:00:00,22,,0.4
2024-03-01 23:00:00,23,,0.7
2024-03-02 00:00:00,0,,1.4
2024-03-02 01:00:00,1,,1.5
2024-03-02 02:00:00,2,,0.3
2024-03-02 03:00:00,3,,1.3
2024-03-02 04:00:00,4,,1.2
2024-03-02 05:00:00,5,,2.9
2024-03-02 06:00:00,6,,1.4
2024-03-02 07:00:00,7,,2.8
2024-03-02 08:00:00,8,,2.7
2024-03-02 09:00:00,9,1.1,1.9
2024-03-02 10:00:00,10,62.0,2.7
2024-03-02 11:00:00,11,268.8,2.1
2024-03-02 12:00:00,12,807.4,1.0
2024-03-02 13:00:00,13,1543.9,2.0
2024-03-02 14:00:00,14,2179.3,1.2
2024-03-02 15:00:00,15,3948.1,1.7
2024-03-02 16:00:00,16,2683.9,1.5
2024-03-02 17:00:00,17,3323.1,0.7
2024-03-02 18:00:00,18,2664.4,1.4
2024-03-02 19:00:00,19,1223.8,0.9
2024-03-02 20:00:00,20,840.1,1.4
2024-03-02 21:00:00,21,180.9,1.2
2024-03-02 22:00:00,22,,5.2
2024-03-02 23:00:00,23,,3.0
2024-03-03 00:00:00,0,,1.6
2024-03-03 01:00:00,1,,1.4
2024-03-03 02:00:00,2,1.4,2.3
2024-03-03 03:00:00,3,2.4,0.6
2024-03-03 04:00:00,4,1.2,1.8
2024-03-03 05:00:00,5,,2.4
2024-03-03 06:00:00,6,,2.1
2024-03-03 07:00:00,7,0.5,2.9
2024-03-03 08:00:00,8,,1.4
2024-03-03 09:00:00,9,27.4,1.4
2024-03-03 10:00:00,10,336.9,1.1
2024-03-03 11:00:00,11,764.8,1.0
2024-03-03 12:00:00,12,1927.0,1.0
2024-03-03 13:00:00,13,2360.1,0.6
2024-03-03 14:00:00,14,2149.7,1.6
2024-03-03 15:00:00,15,3295.6,1.3
2024-03-03 16:00:00,16,3112.7,3.0
2024-03-03 17:00:00,17,1679.0,1.7
2024-03-03 18:00:00,18,1982.7,1.7
2024-03-03 19:00:00,19,1768.1,1.1
2024-03-03 20:00:00,20,720.9,0.9
2024-03-03 21:00:00,21,131.4,1.5
2024-03-03 22:00:00,22,,2.4
2024-03-03 23:00:00,23,,1.7
2024-03-04 00:00:00,0,,1.5
2024-03-04 01:00:00,1,,1.5
2024-03-04 02:00:00,2,,1.6
2024-03-04 03:00:00,3,1.4,4.1
2024-03-04 04:00:00,4,,0.8
2024-03-04 05:00:00,5,1.1,1.5
2024-03-04 06:00:00,6,,1.5
2024-03-04 07:00:00,7,0.4,1.5
2024-03-04 08:00:00,8,0.4,0.9
2024-03-04 09:00:00,9,17.1,0.3
2024-03-04 10:00:00,10,353.8,0.6
2024-03-04 11:00:00,11,1481.4,2.2
2024-03-04 12:00:00,12,1717.2,2.3
2024-03-04 13:00:00,13,1886.1,1.9
2024-03-04 14:00:00,14,2692.8,2.2
2024-03-04 15:00:00,15,2752.2,1.9
2024-03-04 16:00:00,16,3258.6,2.2
2024-03-04 17:00:00,17,1572.6,2.3
2024-03-04 18:00:00,18,1619.1,1.2
2024-03-04 19:00:00,19,1644.1,1.3
2024-03-04 20:00:00,20,757.5,1.1
2024-03-04 21:00:00,21,215.0,0.9
2024-03-04 22:00:00,22,,1.8
2024-03-04 23:00:00,23,,1.3
2024-03-05 00:00:00,0,,0.8
2024-03-05 01:00:00,1,,0.3
2024-03-05 02:00:00,2,,2.5
2024-03-05 03:00:00,3,,1.8
2024-03-05 04:00:00,4,,2.4
2024-03-05 05:00:00,5,,1.9
2024-03-05 06:00:00,6,,1.0
2024-03-05 07:00:00,7,,1.7
2024-03-05 08:00:00,8,,1.2
2024-03-05 09:00:00,9,13.2,1.5
2024-03-05 10:00:00,10,197.2,1.2
2024-03-05 11:00:00,11,1397.7,1.3
2024-03-05 12:00:00,12,2420.6,0.9
2024-03-05 13:00:00,13,2728.8,1.0
2024-03-05 14:00:00,14,2427.3,1.6
2024-03-05 15:00:00,15,3191.9,2.3
2024-03-05 16:00:00,16,3683.4,1.8
2024-03-05 17:00:00,17,3080.9,3.1
2024-03-05 18:00:00,18,2811.7,2.6
2024-03-05 19:00:00,19,1773.5,3.5
2024-03-05 20:00:00,20,633.6,1.3
2024-03-05 21:00:00,21,135.6,1.0
2024-03-05 22:00:00,22,,0.4
2024-03-05 23:00:00,23,,2.6
2024-03-06 00:00:00,0,,1.3
2024-03-06 01:00:00,1,,1.0
2024-03-06 02:00:00,2,,1.3
2024-03-06 03:00:00,3,,1.4
2024-03-06 04:00:00,4,,1.8
2024-03-06 05:00:00,5,,1.4
2024-03-06 06:00:00,6,,2.2
2024-03-06 07:00:00,7,,1.6
2024-03-06 08:00:00,8,,1.2
2024-03-06 09:00:00,9,21.7,1.3
2024-03-06 10:00:00,10,543.8,1.8
2024-03-06 11:00:00,11,1496.9,3.2
2024-03-06 12:00:00,12,1684.0,4.0
2024-03-06 13:00:00,13,3104.1,3.9
2024-03-06 14:00:00,14,2818.8,3.7
2024-03-06 15:00:00,15,3740.7,2.2
2024-03-06 16:00:00,16,2695.6,1.7
2024-03-06 17:00:00,17,2647.4,0.7
2024-03-06 18:00:00,18,2856.4,1.9
2024-03-06 19:00:00,19,1291.8,2.4
2024-03-06 20:00:00,20,629.2,2.1
2024-03-06 21:00:00,21,214.3,1.1
2024-03-06 22:00:00,22,,0.8
2024-03-06 23:00:00,23,,0.8
2024-03-07 00:00:00,0,,2.5
2024-03-07 01:00:00,1,,3.5
2024-03-07 02:00:00,2,,1.4
2024-03-07 03:00:00,3,,1.5
2024-03-07 04:00:00,4,,0.7
2024-03-07 05:00:00,5,,1.3
2024-03-07 06:00:00,6,,0.6
2024-03-07 07:00:00,7,,0.7
2024-03-07 08:00:00,8,,1.1
2024-03-07 09:00:00,9,18.3,0.8
2024-03-07 10:00:00,10,369.9,1.3
2024-03-07 11:00:00,11,1330.2,2.4
2024-03-07 12:00:00,12,1800.9,3.6
2024-03-07 13:00:00,13,2229.6,3.3
2024-03-07 14:00:00,14,3381.4,3.3
2024-03-07 15:00:00,15,3533.8,3.5
2024-03-07 16:00:00,16,3073.1,2.6
2024-03-07 17:00:00,17,2903.8,2.4
2024-03-07 18:00:00,18,1963.3,2.9
2024-03-07 19:00:00,19,1026.8,2.9
2024-03-07 20:00:00,20,572.2,1.3
2024-03-07 21:00:00,21,104.8,1.2
2024-03-07 22:00:00,22,,1.7
2024-03-07 23:00:00,23,,2.4
2024-03-08 00:00:00,0,,4.6
2024-03-08 01:00:00,1,,3.7
2024-03-08 02:00:00,2,,4.0
2024-03-08 03:00:00,3,,3.0
2024-03-08 04:00:00,4,,2.2
2024-03-08 05:00:00,5,,2.3
2024-03-08 06:00:00,6,,1.6
2024-03-08 07:00:00,7,,1.2
2024-03-08 08:00:00,8,,0.7
2024-03-08 09:00:00,9,25.4,0.8
2024-03-08 10:00:00,10,588.4,1.7
2024-03-08 11:00:00,11,1466.8,2.9
2024-03-08 12:00:00,12,1680.1,3.5
2024-03-08 13:00:00,13,2253.1,4.2
2024-03-08 14:00:00,14,2062.8,3.3
2024-03-08 15:00:00,15,3104.9,4.3
2024-03-08 16:00:00,16,3168.7,3.5
2024-03-08 17:00:00,17,2298.0,4.1
2024-03-08 18:00:00,18,2227.3,3.8
2024-03-08 19:00:00,19,1211.6,4.0
2024-03-08 20:00:00,20,631.8,2.4
2024-03-08 21:00:00,21,229.0,1.0
2024-03-08 22:00:00,22,,0.6
2024-03-08 23:00:00,23,,2.0
2024-03-09 00:00:00,0,,2.4
2024-03-09 01:00:00,1,,3.3
2024-03-09 02:00:00,2,,3.2
2024-03-09 03:00:00,3,,2.3
2024-03-09 04:00:00,4,,2.2
2024-03-09 05:00:00,5,,2.9
2024-03-09 06:00:00,6,,2.0
2024-03-09 07:00:00,7,,0.8
2024-03-09 08:00:00,8,,2.3
2024-03-09 09:00:00,9,19.7,1.2
2024-03-09 10:00:00,10,557.6,1.5
2024-03-09 11:00:00,11,1159.4,2.3
2024-03-09 12:00:00,12,2098.2,2.8
2024-03-09 13:00:00,13,3340.8,2.7
2024-03-09 14:00:00,14,2181.4,2.1
2024-03-09 15:00:00,15,2826.7,2.2
2024-03-09 16:00:00,16,2764.2,2.6
2024-03-09 17:00:00,17,2704.5,3.2
2024-03-09 18:00:00,18,2779.1,2.8
2024-03-09 19:00:00,19,1623.7,2.8
2024-03-09 20:00:00,20,629.3,2.4
2024-03-09 21:00:00,21,156.6,1.5
2024-03-09 22:00:00,22,,0.5
2024-03-09 23:00:00,23,,0.8
2024-03-10 00:00:00,0,,0.4
2024-03-10 01:00:00,1,,2.2
2024-03-10 02:00:00,2,,3.5
2024-03-10 03:00:00,3,,2.5
2024-03-10 04:00:00,4,,1.4
2024-03-10 05:00:00,5,,1.7
2024-03-10 06:00:00,6,,2.4
2024-03-10 07:00:00,7,,1.8
2024-03-10 08:00:00,8,,1.5
2024-03-10 09:00:00,9,15.6,1.3
2024-03-10 10:00:00,10,517.3,1.5
2024-03-10 11:00:00,11,1429.9,3.5
2024-03-10 12:00:00,12,1653.7,2.9
2024-03-10 13:00:00,13,1506.2,2.3
2024-03-10 14:00:00,14,2812.7,2.7
2024-03-10 15:00:00,15,3689.6,2.2
2024-03-10 16:00:00,16,2734.5,1.7
2024-03-10 17:00:00,17,3122.5,2.0
2024-03-10 18:00:00,18,2662.1,2.6
2024-03-10 19:00:00,19,1988.4,2.2
2024-03-10 20:00:00,20,991.6,1.0
2024-03-10 21:00:00,21,180.4,1.3
2024-03-10 22:00:00,22,,0.6
2024-03-10 23:00:00,23,,1.2
2024-03-11 00:00:00,0,,1.5
2024-03-11 01:00:00,1,,2.6
2024-03-11 02:00:00,2,,2.9
2024-03-11 03:00:00,3,,1.9
2024-03-11 04:00:00,4,,1.3
2024-03-11 05:00:00,5,,1.2
2024-03-11 06:00:00,6,,1.2
2024-03-11 07:00:00,7,,1.3
2024-03-11 08:00:00,8,,1.7
2024-03-11 09:00:00,9,16.3,1.6
2024-03-11 10:00:00,10,423.0,1.8
2024-03-11 11:00:00,11,1421.2,2.1
2024-03-11 12:00:00,12,2264.8,1.9
2024-03-11 13:00:00,13,3001.3,1.3
2024-03-11 14:00:00,14,2327.2,1.7
2024-03-11 15:00:00,15,1555.8,1.6
2024-03-11 16:00:00,16,2126.9,2.1
2024-03-11 17:00:00,17,2564.1,1.9
2024-03-11 18:00:00,18,2317.2,1.2
2024-03-11 19:00:00,19,2021.8,2.4
2024-03-11 20:00:00,20,990.4,2.4
2024-03-11 21:00:00,21,165.7,1.7
2024-03-11 22:00:00,22,,0.9
2024-03-11 23:00:00,23,,0.2
2024-03-12 00:00:00,0,,0.8
2024-03-12 01:00:00,1,,0.6
2024-03-12 02:00:00,2,,2.1
2024-03-12 03:00:00,3,,1.3
2024-03-12 04:00:00,4,,1.4
2024-03-12 05:00:00,5,,1.3
2024-03-12 06:00:00,6,,2.0
2024-03-12 07:00:00,7,,1.6
2024-03-12 08:00:00,8,,1.2
2024-03-12 09:00:00,9,20.4,2.0
2024-03-12 10:00:00,10,492.7,2.8
2024-03-12 11:00:00,11,1438.9,3.1
2024-03-12 12:00:00,12,2370.2,3.4
2024-03-12 13:00:00,13,3029.8,3.7
2024-03-12 14:00:00,14,3282.6,2.5
2024-03-12 15:00:00,15,2716.4,2.3
2024-03-12 16:00:00,16,2442.0,1.1
2024-03-12 17:00:00,17,2614.5,2.3
2024-03-12 18:00:00,18,2075.1,1.1
2024-03-12 19:00:00,19,1608.9,3.7
2024-03-12 20:00:00,20,994.4,2.6
2024-03-12 21:00:00,21,93.0,1.6
2024-03-12 22:00:00,22,,1.3
2024-03-12 23:00:00,23,,1.4
2024-03-13 00:00:00,0,,3.7
2024-03-13 01:00:00,1,,3.1
2024-03-13 02:00:00,2,,2.5
2024-03-13 03:00:00,3,,1.7
2024-03-13 04:00:00,4,,1.5
2024-03-13 05:00:00,5,,1.6
2024-03-13 06:00:00,6,,1.2
2024-03-13 07:00:00,7,,1.6
2024-03-13 08:00:00,8,,1.4
2024-03-13 09:00:00,9,9.0,0.7
2024-03-13 10:00:00,10,185.1,1.3
2024-03-13 11:00:00,11,509.6,0.9
2024-03-13 12:00:00,12,860.4,1.9
2024-03-13 13:00:00,13,1838.7,2.5
2024-03-13 14:00:00,14,1299.8,1.0
2024-03-13 15:00:00,15,3548.0,3.0
2024-03-13 16:00:00,16,3357.7,3.0
2024-03-13 17:00:00,17,3090.1,2.2
2024-03-13 18:00:00,18,993.0,2.5
2024-03-13 19:00:00,19,399.1,2.7
2024-03-13 20:00:00,20,236.4,3.1
2024-03-13 21:00:00,21,40.3,2.8
2024-03-13 22:00:00,22,,1.6
2024-03-13 23:00:00,23,,1.1
2024-03-14 00:00:00,0,,1.2
2024-03-14 01:00:00,1,,3.2
2024-03-14 02:00:00,2,,2.0
2024-03-14 03:00:00,3,3.3,1.6
2024-03-14 04:00:00,4,1.2,1.5
2024-03-14 05:00:00,5,0.4,0.5
2024-03-14 06:00:00,6,,1.2
2024-03-14 07:00:00,7,,0.6
2024-03-14 08:00:00,8,,0.9
2024-03-14 09:00:00,9,14.1,1.1
2024-03-14 10:00:00,10,298.5,1.4
2024-03-14 11:00:00,11,681.7,1.7
2024-03-14 12:00:00,12,1297.8,2.9
2024-03-14 13:00:00,13,1505.0,2.2
2024-03-14 14:00:00,14,1647.4,1.7
2024-03-14 15:00:00,15,2216.1,2.0
2024-03-14 16:00:00,16,3408.2,1.8
2024-03-14 17:00:00,17,1741.1,2.4
2024-03-14 18:00:00,18,1115.0,2.0
2024-03-14 19:00:00,19,1219.0,2.4
2024-03-14 20:00:00,20,551.7,1.7
2024-03-14 21:00:00,21,78.9,1.9
2024-03-14 22:00:00,22,1.3,4.0
2024-03-14 23:00:00,23,0.2,3.1
2024-03-15 00:00:00,0,,1.4
2024-03-15 01:00:00,1,,2.8
2024-03-15 02:00:00,2,,1.1
2024-03-15 03:00:00,3,,1.4
2024-03-15 04:00:00,4,,0.8
2024-03-15 05:00:00,5,,1.2
2024-03-15 06:00:00,6,,0.9
2024-03-15 07:00:00,7,,1.0
2024-03-15 08:00:00,8,,0.8
2024-03-15 09:00:00,9,26.2,0.7
2024-03-15 10:00:00,10,281.0,1.0
2024-03-15 11:00:00,11,809.6,2.2
2024-03-15 12:00:00,12,1440.8,2.0
2024-03-15 13:00:00,13,1274.7,1.8
2024-03-15 14:00:00,14,2955.0,2.5
2024-03-15 15:00:00,15,3133.6,2.4
2024-03-15 16:00:00,16,3546.9,3.1
2024-03-15 17:00:00,17,2889.3,2.8
2024-03-15 18:00:00,18,2387.0,4.0
2024-03-15 19:00:00,19,1741.7,3.0
2024-03-15 20:00:00,20,887.9,2.9
2024-03-15 21:00:00,21,158.2,1.9
2024-03-15 22:00:00,22,,1.1
2024-03-15 23:00:00,23,,1.2
2024-03-16 00:00:00,0,,0.6
2024-03-16 01:00:00,1,,0.6
2024-03-16 02:00:00,2,,1.2
2024-03-16 03:00:00,3,,1.4
2024-03-16 04:00:00,4,,0.9
2024-03-16 05:00:00,5,,0.8
2024-03-16 06:00:00,6,,1.5
2024-03-16 07:00:00,7,,1.7
2024-03-16 08:00:00,8,,1.4
2024-03-16 09:00:00,9,13.7,1.3
2024-03-16 10:00:00,10,533.5,2.2
2024-03-16 11:00:00,11,1417.9,1.8
2024-03-16 12:00:00,12,2408.6,2.8
2024-03-16 13:00:00,13,3136.7,3.5
2024-03-16 14:00:00,14,3542.9,4.2
2024-03-16 15:00:00,15,3742.1,4.0
2024-03-16 16:00:00,16,3437.7,3.5
2024-03-16 17:00:00,17,2947.8,4.1
2024-03-16 18:00:00,18,2556.8,3.3
2024-03-16 19:00:00,19,1582.6,2.8
2024-03-16 20:00:00,20,428.8,2.0
2024-03-16 21:00:00,21,140.7,1.9
2024-03-16 22:00:00,22,6.9,2.4
2024-03-16 23:00:00,23,6.9,3.0
2024-03-17 00:00:00,0,,1.6
2024-03-17 01:00:00,1,,2.2
2024-03-17 02:00:00,2,,1.8
2024-03-17 03:00:00,3,,1.2
2024-03-17 04:00:00,4,,1.0
2024-03-17 05:00:00,5,,1.5
2024-03-17 06:00:00,6,,2.8
2024-03-17 07:00:00,7,,1.9
2024-03-17 08:00:00,8,,2.3
2024-03-17 09:00:00,9,17.1,2.0
2024-03-17 10:00:00,10,538.7,2.6
2024-03-17 11:00:00,11,1382.5,2.7
2024-03-17 12:00:00,12,1683.6,2.6
2024-03-17 13:00:00,13,2826.3,2.1
2024-03-17 14:00:00,14,2702.1,2.4
2024-03-17 15:00:00,15,3193.7,3.0
2024-03-17 16:00:00,16,2967.7,3.3
2024-03-17 17:00:00,17,2581.9,2.1
2024-03-17 18:00:00,18,175.5,2.2
2024-03-17 19:00:00,19,353.5,2.1
2024-03-17 20:00:00,20,351.8,1.9
2024-03-17 21:00:00,21,71.2,1.0
2024-03-17 22:00:00,22,2.2,3.9
2024-03-17 23:00:00,23,0.9,2.2
2024-03-18 00:00:00,0,1.2,0.9
2024-03-18 01:00:00,1,,1.0
2024-03-18 02:00:00,2,,0.7
2024-03-18 03:00:00,3,,1.1
2024-03-18 04:00:00,4,,0.4
2024-03-18 05:00:00,5,,1.1
2024-03-18 06:00:00,6,,0.4
2024-03-18 07:00:00,7,,0.8
2024-03-18 08:00:00,8,,0.8
2024-03-18 09:00:00,9,16.3,1.0
2024-03-18 10:00:00,10,580.3,1.3
2024-03-18 11:00:00,11,1054.2,1.4
2024-03-18 12:00:00,12,1230.5,1.5
2024-03-18 13:00:00,13,2285.2,2.2
2024-03-18 14:00:00,14,2953.7,1.6
2024-03-18 15:00:00,15,3457.5,0.9
2024-03-18 16:00:00,16,3015.6,1.3
2024-03-18 17:00:00,17,2971.7,1.3
2024-03-18 18:00:00,18,1744.1,1.5
2024-03-18 19:00:00,19,1848.9,1.3
2024-03-18 20:00:00,20,930.9,2.9
2024-03-18 21:00:00,21,121.0,1.7
2024-03-18 22:00:00,22,,0.8
2024-03-18 23:00:00,23,,1.6
2024-03-19 00:00:00,0,4.5,1.5
2024-03-19 01:00:00,1,6.0,1.9
2024-03-19 02:00:00,2,3.2,0.4
2024-03-19 03:00:00,3,,0.6
2024-03-19 04:00:00,4,0.2,0.9
2024-03-19 05:00:00,5,,1.5
2024-03-19 06:00:00,6,,1.7
2024-03-19 07:00:00,7,,0.8
2024-03-19 08:00:00,8,,0.6
2024-03-19 09:00:00,9,15.5,0.9
2024-03-19 10:00:00,10,507.3,1.4
2024-03-19 11:00:00,11,1389.5,2.3
2024-03-19 12:00:00,12,2242.1,1.7
2024-03-19 13:00:00,13,3048.9,1.7
2024-03-19 14:00:00,14,3134.3,1.7
2024-03-19 15:00:00,15,3246.0,1.6
2024-03-19 16:00:00,16,3594.7,2.0
2024-03-19 17:00:00,17,3401.9,2.1
2024-03-19 18:00:00,18,2636.4,2.3
2024-03-19 19:00:00,19,1827.0,2.7
2024-03-19 20:00:00,20,848.3,2.4
2024-03-19 21:00:00,21,170.8,1.4
2024-03-19 22:00:00,22,,2.2
2024-03-19 23:00:00,23,,1.4
2024-03-20 00:00:00,0,,0.8
2024-03-20 01:00:00,1,,1.4
2024-03-20 02:00:00,2,,0.9
2024-03-20 03:00:00,3,,1.0
2024-03-20 04:00:00,4,,1.1
2024-03-20 05:00:00,5,,1.3
2024-03-20 06:00:00,6,,0.9
2024-03-20 07:00:00,7,,1.0
2024-03-20 08:00:00,8,,0.8
2024-03-20 09:00:00,9,13.3,1.1
2024-03-20 10:00:00,10,302.8,1.5
2024-03-20 11:00:00,11,728.0,1.3
2024-03-20 12:00:00,12,1571.1,2.1
2024-03-20 13:00:00,13,1438.2,1.0
2024-03-20 14:00:00,14,2097.0,1.0
2024-03-20 15:00:00,15,3806.5,1.7
2024-03-20 16:00:00,16,2614.1,1.7
2024-03-20 17:00:00,17,2933.5,2.0
2024-03-20 18:00:00,18,2494.9,1.3
2024-03-20 19:00:00,19,1734.3,1.2
2024-03-20 20:00:00,20,838.0,1.2
2024-03-20 21:00:00,21,122.3,3.1
2024-03-20 22:00:00,22,,2.1
2024-03-20 23:00:00,23,,1.7
2024-03-21 00:00:00,0,,0.7
2024-03-21 01:00:00,1,,0.8
2024-03-21 02:00:00,2,,1.7
2024-03-21 03:00:00,3,,1.5
2024-03-21 04:00:00,4,,1.4
2024-03-21 05:00:00,5,,1.4
2024-03-21 06:00:00,6,,1.1
2024-03-21 07:00:00,7,,1.0
2024-03-21 08:00:00,8,,0.7
2024-03-21 09:00:00,9,22.6,1.5
2024-03-21 10:00:00,10,513.6,1.7
2024-03-21 11:00:00,11,1414.3,2.0
2024-03-21 12:00:00,12,2281.4,2.4
2024-03-21 13:00:00,13,2975.4,3.0
2024-03-21 14:00:00,14,3399.4,1.8
2024-03-21 15:00:00,15,3481.1,1.8
2024-03-21 16:00:00,16,3443.4,1.7
2024-03-21 17:00:00,17,3228.6,1.8
2024-03-21 18:00:00,18,2449.1,2.0
2024-03-21 19:00:00,19,1522.8,1.6
2024-03-21 20:00:00,20,876.2,2.6
2024-03-21 21:00:00,21,122.5,1.9
2024-03-21 22:00:00,22,,1.2
2024-03-21 23:00:00,23,,0.9
2024-03-22 00:00:00,0,,0.3
2024-03-22 01:00:00,1,,2.9
2024-03-22 02:00:00,2,,1.8
2024-03-22 03:00:00,3,,1.6
2024-03-22 04:00:00,4,,0.8
2024-03-22 05:00:00,5,,1.3
2024-03-22 06:00:00,6,,1.7
2024-03-22 07:00:00,7,,2.4
2024-03-22 08:00:00,8,,1.6
2024-03-22 09:00:00,9,17.8,1.9
2024-03-22 10:00:00,10,570.3,2.1
2024-03-22 11:00:00,11,1492.0,2.2
2024-03-22 12:00:00,12,2427.9,2.3
2024-03-22 13:00:00,13,3056.5,1.7
2024-03-22 14:00:00,14,3445.0,2.2
2024-03-22 15:00:00,15,3589.5,1.6
2024-03-22 16:00:00,16,3630.8,1.0
2024-03-22 17:00:00,17,3138.8,2.2
2024-03-22 18:00:00,18,2707.0,2.5
2024-03-22 19:00:00,19,1836.2,3.0
2024-03-22 20:00:00,20,739.4,3.1
2024-03-22 21:00:00,21,129.8,2.0
2024-03-22 22:00:00,22,,2.0
2024-03-22 23:00:00,23,,0.8
2024-03-23 00:00:00,0,,2.3
2024-03-23 01:00:00,1,,2.2
2024-03-23 02:00:00,2,,1.9
2024-03-23 03:00:00,3,,1.6
2024-03-23 04:00:00,4,,1.5
2024-03-23 05:00:00,5,,1.5
2024-03-23 06:00:00,6,,1.0
2024-03-23 07:00:00,7,,1.7
2024-03-23 08:00:00,8,,2.1
2024-03-23 09:00:00,9,22.7,1.5
2024-03-23 10:00:00,10,555.8,3.3
2024-03-23 11:00:00,11,1488.4,3.1
2024-03-23 12:00:00,12,2370.5,4.6
2024-03-23 13:00:00,13,3018.7,3.6
2024-03-23 14:00:00,14,3275.5,3.3
2024-03-23 15:00:00,15,3704.9,3.0
2024-03-23 16:00:00,16,3040.4,3.0
2024-03-23 17:00:00,17,2839.7,3.5
2024-03-23 18:00:00,18,2452.2,2.9
2024-03-23 19:00:00,19,1595.9,3.1
2024-03-23 20:00:00,20,817.4,3.1
2024-03-23 21:00:00,21,76.2,1.5
2024-03-23 22:00:00,22,,1.3
2024-03-23 23:00:00,23,,3.0
2024-03-24 00:00:00,0,,4.7
2024-03-24 01:00:00,1,,3.7
2024-03-24 02:00:00,2,,2.1
2024-03-24 03:00:00,3,,2.1
2024-03-24 04:00:00,4,,2.1
2024-03-24 05:00:00,5,,1.6
2024-03-24 06:00:00,6,,1.4
2024-03-24 07:00:00,7,,1.7
2024-03-24 08:00:00,8,,1.5
2024-03-24 09:00:00,9,18.8,0.7
2024-03-24 10:00:00,10,501.4,1.8
2024-03-24 11:00:00,11,1439.4,3.8
2024-03-24 12:00:00,12,2362.3,4.7
2024-03-24 13:00:00,13,3171.9,3.6
2024-03-24 14:00:00,14,2744.5,4.9
2024-03-24 15:00:00,15,3331.2,4.2
2024-03-24 16:00:00,16,2669.4,3.3
2024-03-24 17:00:00,17,2274.5,4.3
2024-03-24 18:00:00,18,2493.2,3.1
2024-03-24 19:00:00,19,1772.7,2.8
2024-03-24 20:00:00,20,529.5,2.4
2024-03-24 21:00:00,21,98.8,1.8
2024-03-24 22:00:00,22,,2.9
2024-03-24 23:00:00,23,,5.2
2024-03-25 00:00:00,0,,5.4
2024-03-25 01:00:00,1,,3.3
2024-03-25 02:00:00,2,,4.2
2024-03-25 03:00:00,3,,1.9
2024-03-25 04:00:00,4,,2.8
2024-03-25 05:00:00,5,,2.2
2024-03-25 06:00:00,6,,2.0
2024-03-25 07:00:00,7,,1.5
2024-03-25 08:00:00,8,,1.5
2024-03-25 09:00:00,9,20.0,1.4
2024-03-25 10:00:00,10,553.4,1.7
2024-03-25 11:00:00,11,1301.2,2.8
2024-03-25 12:00:00,12,1765.2,3.3
2024-03-25 13:00:00,13,2915.8,2.4
2024-03-25 14:00:00,14,2888.7,2.6
2024-03-25 15:00:00,15,3234.8,3.0
2024-03-25 16:00:00,16,3252.7,1.9
2024-03-25 17:00:00,17,2478.5,3.1
2024-03-25 18:00:00,18,1543.9,2.3
2024-03-25 19:00:00,19,1244.0,3.0
2024-03-25 20:00:00,20,455.9,3.3
2024-03-25 21:00:00,21,49.4,1.7
2024-03-25 22:00:00,22,,0.6
2024-03-25 23:00:00,23,,2.1
2024-03-26 00:00:00,0,,1.1
2024-03-26 01:00:00,1,,1.2
2024-03-26 02:00:00,2,,1.9
2024-03-26 03:00:00,3,,1.4
2024-03-26 04:00:00,4,,1.6
2024-03-26 05:00:00,5,,1.7
2024-03-26 06:00:00,6,,1.4
2024-03-26 07:00:00,7,,1.3
2024-03-26 08:00:00,8,,1.4
2024-03-26 09:00:00,9,17.9,1.1
2024-03-26 10:00:00,10,524.7,2.0
2024-03-26 11:00:00,11,1419.7,2.7
2024-03-26 12:00:00,12,2104.2,2.4
2024-03-26 13:00:00,13,2665.0,1.3
2024-03-26 14:00:00,14,3630.9,1.1
2024-03-26 15:00:00,15,3357.9,1.8
2024-03-26 16:00:00,16,3559.2,1.3
2024-03-26 17:00:00,17,2756.2,0.6
2024-03-26 18:00:00,18,2202.5,1.9
2024-03-26 19:00:00,19,1794.5,3.0
2024-03-26 20:00:00,20,932.3,2.7
2024-03-26 21:00:00,21,124.0,2.0
2024-03-26 22:00:00,22,,0.8
2024-03-26 23:00:00,23,,0.4
2024-03-27 00:00:00,0,,3.0
2024-03-27 01:00:00,1,,3.0
2024-03-27 02:00:00,2,,1.8
2024-03-27 03:00:00,3,,2.1
2024-03-27 04:00:00,4,,1.7
2024-03-27 05:00:00,5,,1.9
2024-03-27 06:00:00,6,,2.4
2024-03-27 07:00:00,7,,2.4
2024-03-27 08:00:00,8,,1.8
2024-03-27 09:00:00,9,16.2,1.9
2024-03-27 10:00:00,10,457.7,2.3
2024-03-27 11:00:00,11,1248.5,3.8
2024-03-27 12:00:00,12,1523.5,2.5
2024-03-27 13:00:00,13,2002.1,1.2
2024-03-27 14:00:00,14,2784.0,1.8
2024-03-27 15:00:00,15,2349.8,2.1
2024-03-27 16:00:00,16,2813.3,1.9
2024-03-27 17:00:00,17,2189.1,2.0
2024-03-27 18:00:00,18,1686.8,2.2
2024-03-27 19:00:00,19,1388.5,1.3
2024-03-27 20:00:00,20,870.0,8.4
2024-03-27 21:00:00,21,30.9,2.2
2024-03-27 22:00:00,22,0.6,5.2
2024-03-27 23:00:00,23,1.0,2.1
2024-03-28 00:00:00,0,0.0,2.4
2024-03-28 01:00:00,1,0.6,2.1
2024-03-28 02:00:00,2,1.4,1.3
2024-03-28 03:00:00,3,,0.9
2024-03-28 04:00:00,4,,0.9
2024-03-28 05:00:00,5,,0.9
2024-03-28 06:00:00,6,,1.0
2024-03-28 07:00:00,7,,1.2
2024-03-28 08:00:00,8,,0.8
2024-03-28 09:00:00,9,14.2,1.0
2024-03-28 10:00:00,10,585.3,1.3
2024-03-28 11:00:00,11,1451.0,2.5
2024-03-28 12:00:00,12,2350.2,3.8
2024-03-28 13:00:00,13,2722.1,3.7
2024-03-28 14:00:00,14,2533.5,3.4
2024-03-28 15:00:00,15,3207.9,4.8
2024-03-28 16:00:00,16,3040.2,3.8
2024-03-28 17:00:00,17,2650.4,3.3
2024-03-28 18:00:00,18,1556.3,2.7
2024-03-28 19:00:00,19,1263.7,3.1
2024-03-28 20:00:00,20,618.0,1.1
2024-03-28 21:00:00,21,141.8,0.6
2024-03-28 22:00:00,22,,3.8
2024-03-28 23:00:00,23,,2.9
2024-03-29 00:00:00,0,,3.5
2024-03-29 01:00:00,1,,4.8
2024-03-29 02:00:00,2,,2.0
2024-03-29 03:00:00,3,,2.3
2024-03-29 04:00:00,4,,1.8
2024-03-29 05:00:00,5,,1.9
2024-03-29 06:00:00,6,,2.1
2024-03-29 07:00:00,7,,1.4
2024-03-29 08:00:00,8,,1.3
2024-03-29 09:00:00,9,3.6,2.3
2024-03-29 10:00:00,10,236.2,3.4
2024-03-29 11:00:00,11,866.8,3.2
2024-03-29 12:00:00,12,945.9,3.6
2024-03-29 13:00:00,13,2232.3,5.2
2024-03-29 14:00:00,14,3266.2,5.8
2024-03-29 15:00:00,15,3070.8,3.8
2024-03-29 16:00:00,16,2202.4,4.9
2024-03-29 17:00:00,17,2215.6,4.1
2024-03-29 18:00:00,18,1458.6,5.4
2024-03-29 19:00:00,19,931.8,4.0
2024-03-29 20:00:00,20,640.5,3.8
2024-03-29 21:00:00,21,48.5,2.2
2024-03-29 22:00:00,22,,3.2
2024-03-29 23:00:00,23,,2.2
2024-03-30 00:00:00,0,,3.1
2024-03-30 01:00:00,1,,2.1
2024-03-30 02:00:00,2,,2.3
2024-03-30 03:00:00,3,,2.7
2024-03-30 04:00:00,4,,3.0
2024-03-30 05:00:00,5,,1.4
2024-03-30 06:00:00,6,,0.4
2024-03-30 07:00:00,7,,0.7
2024-03-30 08:00:00,8,,0.9
2024-03-30 09:00:00,9,17.6,1.4
2024-03-30 10:00:00,10,394.2,2.2
2024-03-30 11:00:00,11,883.2,2.7
2024-03-30 12:00:00,12,1818.1,3.6
2024-03-30 13:00:00,13,2430.2,3.5
2024-03-30 14:00:00,14,2291.5,4.0
2024-03-30 15:00:00,15,2324.4,3.1
2024-03-30 16:00:00,16,2432.0,2.1
2024-03-30 17:00:00,17,1784.2,2.1
2024-03-30 18:00:00,18,1194.0,2.0
2024-03-30 19:00:00,19,709.2,2.2
2024-03-30 20:00:00,20,273.2,1.7
2024-03-30 21:00:00,21,26.5,1.6
2024-03-30 22:00:00,22,,1.6
2024-03-30 23:00:00,23,,2.2
2024-03-31 00:00:00,0,,2.2
2024-03-31 01:00:00,1,,1.8
2024-03-31 02:00:00,2,,1.7
2024-03-31 03:00:00,3,,0.9
2024-03-31 04:00:00,4,,0.8
2024-03-31 05:00:00,5,,0.7
2024-03-31 06:00:00,6,,0.7
2024-03-31 07:00:00,7,,0.7
2024-03-31 08:00:00,8,,0.4
2024-03-31 09:00:00,9,15.7,0.4
2024-03-31 10:00:00,10,567.4,1.2
2024-03-31 11:00:00,11,1474.3,1.9
2024-03-31 12:00:00,12,2323.6,2.3
2024-03-31 13:00:00,13,2943.1,2.2
2024-03-31 14:00:00,14,3337.0,2.4
2024-03-31 15:00:00,15,3511.3,2.7
2024-03-31 16:00:00,16,3471.7,3.3
2024-03-31 17:00:00,17,3102.4,3.3
2024-03-31 18:00:00,18,2489.8,2.7
2024-03-31 19:00:00,19,1707.7,2.5
2024-03-31 20:00:00,20,852.9,3.0
2024-03-31 21:00:00,21,71.0,3.3
2024-03-31 22:00:00,22,,1.8
2024-03-31 23:00:00,23,,2.2
2024-04-01 00:00:00,0,,5.2
2024-04-01 01:00:00,1,,3.0
2024-04-01 02:00:00,2,,3.9
2024-04-01 03:00:00,3,,2.3
2024-04-01 04:00:00,4,,0.9
2024-04-01 05:00:00,5,,0.4
2024-04-01 06:00:00,6,,0.7
2024-04-01 07:00:00,7,,0.6
2024-04-01 08:00:00,8,,0.9
2024-04-01 09:00:00,9,12.7,0.7
2024-04-01 10:00:00,10,569.5,0.6
2024-04-01 11:00:00,11,1522.2,0.9
2024-04-01 12:00:00,12,2135.1,1.6
2024-04-01 13:00:00,13,2949.1,1.5
2024-04-01 14:00:00,14,3243.8,1.7
2024-04-01 15:00:00,15,3275.9,1.9
2024-04-01 16:00:00,16,3162.1,1.5
2024-04-01 17:00:00,17,3200.9,1.9
2024-04-01 18:00:00,18,2257.8,1.5
2024-04-01 19:00:00,19,1280.8,2.4
2024-04-01 20:00:00,20,744.4,4.7
2024-04-01 21:00:00,21,19.8,5.0
2024-04-01 22:00:00,22,,2.7
2024-04-01 23:00:00,23,0.9,0.8
2024-04-02 00:00:00,0,,1.8
2024-04-02 01:00:00,1,0.0,1.9
2024-04-02 02:00:00,2,1.2,1.4
2024-04-02 03:00:00,3,1.1,1.7
2024-04-02 04:00:00,4,1.4,0.8
2024-04-02 05:00:00,5,2.1,0.8
2024-04-02 06:00:00,6,,1.7
2024-04-02 07:00:00,7,,1.6
2024-04-02 08:00:00,8,,1.2
2024-04-02 09:00:00,9,13.8,0.8
2024-04-02 10:00:00,10,185.9,1.2
2024-04-02 11:00:00,11,802.7,1.7
2024-04-02 12:00:00,12,1722.8,1.7
2024-04-02 13:00:00,13,2832.1,1.5
2024-04-02 14:00:00,14,3209.5,1.3
2024-04-02 15:00:00,15,2945.2,2.1
2024-04-02 16:00:00,16,2270.9,1.8
2024-04-02 17:00:00,17,2934.7,1.9
2024-04-02 18:00:00,18,2271.2,3.0
2024-04-02 19:00:00,19,1629.6,2.2
2024-04-02 20:00:00,20,540.9,2.3
2024-04-02 21:00:00,21,52.5,1.7
2024-04-02 22:00:00,22,,1.9
2024-04-02 23:00:00,23,,3.1
2024-04-03 00:00:00,0,,2.3
2024-04-03 01:00:00,1,,2.8
2024-04-03 02:00:00,2,,4.9
2024-04-03 03:00:00,3,,4.0
2024-04-03 04:00:00,4,,2.3
2024-04-03 05:00:00,5,1.1,2.1
2024-04-03 06:00:00,6,,0.9
2024-04-03 07:00:00,7,,0.8
2024-04-03 08:00:00,8,0.1,1.3
2024-04-03 09:00:00,9,9.1,1.6
2024-04-03 10:00:00,10,38.2,1.1
2024-04-03 11:00:00,11,207.9,1.5
2024-04-03 12:00:00,12,599.3,2.8
2024-04-03 13:00:00,13,1425.3,1.7
2024-04-03 14:00:00,14,2427.3,1.2
2024-04-03 15:00:00,15,2952.0,1.5
2024-04-03 16:00:00,16,2984.6,1.3
2024-04-03 17:00:00,17,3190.2,0.9
2024-04-03 18:00:00,18,2665.1,1.4
2024-04-03 19:00:00,19,1395.9,1.7
2024-04-03 20:00:00,20,514.3,0.9
2024-04-03 21:00:00,21,57.5,1.0
2024-04-03 22:00:00,22,,0.6
2024-04-03 23:00:00,23,,1.5
2024-04-04 00:00:00,0,,1.6
2024-04-04 01:00:00,1,4.0,7.1
2024-04-04 02:00:00,2,,2.7
2024-04-04 03:00:00,3,0.6,0.7
2024-04-04 04:00:00,4,,0.4
2024-04-04 05:00:00,5,,1.4
2024-04-04 06:00:00,6,,0.8
2024-04-04 07:00:00,7,,0.8
2024-04-04 08:00:00,8,,1.0
2024-04-04 09:00:00,9,24.3,0.7
2024-04-04 10:00:00,10,199.1,1.6
2024-04-04 11:00:00,11,745.9,1.6
2024-04-04 12:00:00,12,861.3,1.5
2024-04-04 13:00:00,13,2047.2,3.8
2024-04-04 14:00:00,14,1801.3,2.5
2024-04-04 15:00:00,15,3401.9,2.4
2024-04-04 16:00:00,16,3203.5,1.9
2024-04-04 17:00:00,17,2804.3,2.3
2024-04-04 18:00:00,18,2487.6,2.8
2024-04-04 19:00:00,19,957.6,2.9
2024-04-04 20:00:00,20,557.2,2.9
2024-04-04 21:00:00,21,78.5,5.8
2024-04-04 22:00:00,22,1.2,2.5
2024-04-04 23:00:00,23,,1.6
2024-04-05 00:00:00,0,,1.2
2024-04-05 01:00:00,1,0.7,1.5
2024-04-05 02:00:00,2,0.5,1.5
2024-04-05 03:00:00,3,0.1,0.7
2024-04-05 04:00:00,4,,1.9
2024-04-05 05:00:00,5,,1.0
2024-04-05 06:00:00,6,,0.8
2024-04-05 07:00:00,7,,0.7
2024-04-05 08:00:00,8,,1.0
2024-04-05 09:00:00,9,15.9,1.1
2024-04-05 10:00:00,10,289.4,0.9
2024-04-05 11:00:00,11,584.1,2.2
2024-04-05 12:00:00,12,878.9,3.0
2024-04-05 13:00:00,13,2346.8,3.0
2024-04-05 14:00:00,14,2786.1,2.0
2024-04-05 15:00:00,15,3071.6,2.6
2024-04-05 16:00:00,16,2905.5,3.1
2024-04-05 17:00:00,17,2651.0,2.7
2024-04-05 18:00:00,18,2121.0,3.4
2024-04-05 19:00:00,19,1652.9,3.5
2024-04-05 20:00:00,20,733.1,2.0
2024-04-05 21:00:00,21,45.2,1.3
2024-04-05 22:00:00,22,,1.1
2024-04-05 23:00:00,23,,1.4
2024-04-06 00:00:00,0,,1.9
2024-04-06 01:00:00,1,,1.6
2024-04-06 02:00:00,2,,1.5
2024-04-06 03:00:00,3,,1.2
2024-04-06 04:00:00,4,,1.8
2024-04-06 05:00:00,5,,1.8
2024-04-06 06:00:00,6,,0.7
2024-04-06 07:00:00,7,,1.6
2024-04-06 08:00:00,8,,1.5
2024-04-06 09:00:00,9,19.5,1.1
2024-04-06 10:00:00,10,605.0,1.6
2024-04-06 11:00:00,11,1415.1,3.2
2024-04-06 12:00:00,12,2313.4,3.9
2024-04-06 13:00:00,13,2824.7,3.4
2024-04-06 14:00:00,14,3005.0,2.0
2024-04-06 15:00:00,15,2717.6,1.6
2024-04-06 16:00:00,16,2909.3,2.4
2024-04-06 17:00:00,17,2715.9,2.4
2024-04-06 18:00:00,18,2502.0,3.1
2024-04-06 19:00:00,19,1653.6,2.4
2024-04-06 20:00:00,20,718.9,1.9
2024-04-06 21:00:00,21,41.2,0.9
2024-04-06 22:00:00,22,,0.8
2024-04-06 23:00:00,23,,0.5
2024-04-07 00:00:00,0,,3.2
2024-04-07 01:00:00,1,,3.1
2024-04-07 02:00:00,2,,2.5
2024-04-07 03:00:00,3,,1.5
2024-04-07 04:00:00,4,,1.8
2024-04-07 05:00:00,5,,1.5
2024-04-07 06:00:00,6,,1.9
2024-04-07 07:00:00,7,,1.0
2024-04-07 08:00:00,8,,1.4
2024-04-07 09:00:00,9,17.5,1.2
2024-04-07 10:00:00,10,601.6,2.0
2024-04-07 11:00:00,11,1282.6,2.5
2024-04-07 12:00:00,12,1662.7,3.0
2024-04-07 13:00:00,13,2068.5,2.8
2024-04-07 14:00:00,14,2469.3,3.1
2024-04-07 15:00:00,15,3394.0,2.9
2024-04-07 16:00:00,16,3255.4,2.4
2024-04-07 17:00:00,17,3081.8,3.5
2024-04-07 18:00:00,18,2480.6,3.2
2024-04-07 19:00:00,19,1658.6,2.6
2024-04-07 20:00:00,20,703.9,1.9
2024-04-07 21:00:00,21,34.7,1.1
2024-04-07 22:00:00,22,,0.6
2024-04-07 23:00:00,23,,2.6
2024-04-08 00:00:00,0,,4.9
2024-04-08 01:00:00,1,,4.7
2024-04-08 02:00:00,2,,3.0
2024-04-08 03:00:00,3,,1.9
2024-04-08 04:00:00,4,,1.0
2024-04-08 05:00:00,5,,1.5
2024-04-08 06:00:00,6,,1.1
2024-04-08 07:00:00,7,,1.6
2024-04-08 08:00:00,8,,1.0
2024-04-08 09:00:00,9,25.5,1.0
2024-04-08 10:00:00,10,680.4,1.9
2024-04-08 11:00:00,11,1320.7,2.9
2024-04-08 12:00:00,12,2269.4,2.1
2024-04-08 13:00:00,13,2790.3,3.1
2024-04-08 14:00:00,14,2604.5,3.5
2024-04-08 15:00:00,15,3449.9,3.4
2024-04-08 16:00:00,16,3000.1,3.5
2024-04-08 17:00:00,17,2626.6,2.8
2024-04-08 18:00:00,18,2399.8,2.7
2024-04-08 19:00:00,19,1380.6,2.3
2024-04-08 20:00:00,20,698.5,2.8
2024-04-08 21:00:00,21,42.1,1.3
2024-04-08 22:00:00,22,,1.3
2024-04-08 23:00:00,23,,1.2
2024-04-09 00:00:00,0,,2.9
2024-04-09 01:00:00,1,,4.2
2024-04-09 02:00:00,2,,3.2
2024-04-09 03:00:00,3,0.2,2.1
2024-04-09 04:00:00,4,,1.4
2024-04-09 05:00:00,5,,1.6
2024-04-09 06:00:00,6,,1.6
2024-04-09 07:00:00,7,,0.8
2024-04-09 08:00:00,8,,1.2
2024-04-09 09:00:00,9,11.4,1.2
2024-04-09 10:00:00,10,226.0,1.6
2024-04-09 11:00:00,11,964.1,2.9
2024-04-09 12:00:00,12,1240.9,2.6
2024-04-09 13:00:00,13,1411.4,1.9
2024-04-09 14:00:00,14,820.0,1.5
2024-04-09 15:00:00,15,1610.0,2.3
2024-04-09 16:00:00,16,1648.1,2.0
2024-04-09 17:00:00,17,2098.4,1.5
2024-04-09 18:00:00,18,2154.6,1.7
2024-04-09 19:00:00,19,1332.3,1.5
2024-04-09 20:00:00,20,482.4,1.5
2024-04-09 21:00:00,21,54.5,0.6
2024-04-09 22:00:00,22,,1.5
2024-04-09 23:00:00,23,,0.6
2024-04-10 00:00:00,0,,1.5
2024-04-10 01:00:00,1,,2.2
2024-04-10 02:00:00,2,,2.4
2024-04-10 03:00:00,3,,1.8
2024-04-10 04:00:00,4,,0.6
2024-04-10 05:00:00,5,,1.0
2024-04-10 06:00:00,6,,0.7
2024-04-10 07:00:00,7,,0.7
2024-04-10 08:00:00,8,,1.0
2024-04-10 09:00:00,9,10.6,0.8
2024-04-10 10:00:00,10,347.9,0.9
2024-04-10 11:00:00,11,1307.5,1.7
2024-04-10 12:00:00,12,1677.4,1.8
2024-04-10 13:00:00,13,1801.2,2.3
2024-04-10 14:00:00,14,2729.4,2.1
2024-04-10 15:00:00,15,2282.6,1.4
2024-04-10 16:00:00,16,1899.2,1.1
2024-04-10 17:00:00,17,3029.3,1.6
2024-04-10 18:00:00,18,1770.1,1.3
2024-04-10 19:00:00,19,1530.7,3.2
2024-04-10 20:00:00,20,380.5,2.0
2024-04-10 21:00:00,21,42.2,1.3
2024-04-10 22:00:00,22,,1.5
2024-04-10 23:00:00,23,,0.7
2024-04-11 00:00:00,0,,1.4
2024-04-11 01:00:00,1,,2.2
2024-04-11 02:00:00,2,,1.7
2024-04-11 03:00:00,3,,0.7
2024-04-11 04:00:00,4,,0.9
2024-04-11 05:00:00,5,,1.3
2024-04-11 06:00:00,6,,1.0
2024-04-11 07:00:00,7,,1.2
2024-04-11 08:00:00,8,,0.9
2024-04-11 09:00:00,9,19.2,1.2
2024-04-11 10:00:00,10,504.4,1.8
2024-04-11 11:00:00,11,1416.6,1.4
2024-04-11 12:00:00,12,1576.6,1.0
2024-04-11 13:00:00,13,2199.0,1.4
2024-04-11 14:00:00,14,1833.4,0.9
2024-04-11 15:00:00,15,2462.6,1.2
2024-04-11 16:00:00,16,1860.9,1.9
2024-04-11 17:00:00,17,2917.0,2.2
2024-04-11 18:00:00,18,2145.1,3.5
2024-04-11 19:00:00,19,1632.2,4.0
2024-04-11 20:00:00,20,783.0,3.2
2024-04-11 21:00:00,21,80.7,7.7
2024-04-11 22:00:00,22,,4.8
2024-04-11 23:00:00,23,,3.0
2024-04-12 00:00:00,0,,1.4
2024-04-12 01:00:00,1,,1.4
2024-04-12 02:00:00,2,,1.2
2024-04-12 03:00:00,3,,1.2
2024-04-12 04:00:00,4,,1.2
2024-04-12 05:00:00,5,,1.3
2024-04-12 06:00:00,6,,1.1
2024-04-12 07:00:00,7,,1.3
2024-04-12 08:00:00,8,,1.1
2024-04-12 09:00:00,9,18.1,1.7
2024-04-12 10:00:00,10,577.0,2.8
2024-04-12 11:00:00,11,1426.9,2.3
2024-04-12 12:00:00,12,2212.6,2.6
2024-04-12 13:00:00,13,1907.5,2.6
2024-04-12 14:00:00,14,2516.5,2.2
2024-04-12 15:00:00,15,2360.4,2.6
2024-04-12 16:00:00,16,3232.1,3.3
2024-04-12 17:00:00,17,2090.1,5.9
2024-04-12 18:00:00,18,1911.6,3.9
2024-04-12 19:00:00,19,1591.1,4.2
2024-04-12 20:00:00,20,513.0,2.8
2024-04-12 21:00:00,21,29.0,2.1
2024-04-12 22:00:00,22,,1.8
2024-04-12 23:00:00,23,,1.7
2024-04-13 00:00:00,0,,2.0
2024-04-13 01:00:00,1,,3.3
2024-04-13 02:00:00,2,,2.9
2024-04-13 03:00:00,3,,2.1
2024-04-13 04:00:00,4,,2.7
2024-04-13 05:00:00,5,,2.5
2024-04-13 06:00:00,6,,1.4
2024-04-13 07:00:00,7,,1.4
2024-04-13 08:00:00,8,,1.3
2024-04-13 09:00:00,9,22.8,1.7
2024-04-13 10:00:00,10,376.1,2.5
2024-04-13 11:00:00,11,1051.6,3.5
2024-04-13 12:00:00,12,1909.5,3.5
2024-04-13 13:00:00,13,2511.4,2.5
2024-04-13 14:00:00,14,2493.3,3.6
2024-04-13 15:00:00,15,3170.4,3.6
2024-04-13 16:00:00,16,3294.9,2.7
2024-04-13 17:00:00,17,2909.3,3.9
2024-04-13 18:00:00,18,2347.0,4.5
2024-04-13 19:00:00,19,1492.6,4.9
2024-04-13 20:00:00,20,629.9,3.5
2024-04-13 21:00:00,21,30.3,2.3
2024-04-13 22:00:00,22,,1.6
2024-04-13 23:00:00,23,,4.8
2024-04-14 00:00:00,0,,3.2
2024-04-14 01:00:00,1,,2.9
2024-04-14 02:00:00,2,,3.2
2024-04-14 03:00:00,3,,2.1
2024-04-14 04:00:00,4,,2.6
2024-04-14 05:00:00,5,,1.9
2024-04-14 06:00:00,6,,2.0
2024-04-14 07:00:00,7,,1.9
2024-04-14 08:00:00,8,,1.3
2024-04-14 09:00:00,9,23.5,1.0
2024-04-14 10:00:00,10,560.8,1.5
2024-04-14 11:00:00,11,1431.0,2.6
2024-04-14 12:00:00,12,1488.8,3.4
2024-04-14 13:00:00,13,2299.8,2.7
2024-04-14 14:00:00,14,2787.9,2.7
2024-04-14 15:00:00,15,3250.5,3.1
2024-04-14 16:00:00,16,2782.8,2.5
2024-04-14 17:00:00,17,2948.9,2.8
2024-04-14 18:00:00,18,2361.1,3.0
2024-04-14 19:00:00,19,1588.8,3.6
2024-04-14 20:00:00,20,623.4,3.2
2024-04-14 21:00:00,21,28.3,1.9
2024-04-14 22:00:00,22,,2.1
2024-04-14 23:00:00,23,,3.0
2024-04-15 00:00:00,0,,3.5
2024-04-15 01:00:00,1,,3.3
2024-04-15 02:00:00,2,,3.3
2024-04-15 03:00:00,3,,2.8
2024-04-15 04:00:00,4,,2.6
2024-04-15 05:00:00,5,,1.8
2024-04-15 06:00:00,6,,1.7
2024-04-15 07:00:00,7,,2.3
2024-04-15 08:00:00,8,,2.0
2024-04-15 09:00:00,9,19.4,2.1
2024-04-15 10:00:00,10,264.1,1.9
2024-04-15 11:00:00,11,773.0,3.1
2024-04-15 12:00:00,12,1417.3,3.6
2024-04-15 13:00:00,13,1601.1,3.3
2024-04-15 14:00:00,14,2114.5,2.9
2024-04-15 15:00:00,15,3307.8,3.9
2024-04-15 16:00:00,16,3113.6,3.0
2024-04-15 17:00:00,17,2619.5,4.6
2024-04-15 18:00:00,18,2251.2,5.4
2024-04-15 19:00:00,19,1621.0,5.2
2024-04-15 20:00:00,20,602.1,4.4
2024-04-15 21:00:00,21,35.2,2.7
2024-04-15 22:00:00,22,,2.1
2024-04-15 23:00:00,23,,2.9
2024-04-16 00:00:00,0,,1.9
2024-04-16 01:00:00,1,,2.0
2024-04-16 02:00:00,2,,2.7
2024-04-16 03:00:00,3,,1.4
2024-04-16 04:00:00,4,,1.4
2024-04-16 05:00:00,5,,1.5
2024-04-16 06:00:00,6,,1.1
2024-04-16 07:00:00,7,,0.8
2024-04-16 08:00:00,8,,1.0
2024-04-16 09:00:00,9,15.8,1.7
2024-04-16 10:00:00,10,590.9,2.3
2024-04-16 11:00:00,11,1469.8,4.2
2024-04-16 12:00:00,12,2309.5,3.7
2024-04-16 13:00:00,13,2234.1,3.1
2024-04-16 14:00:00,14,1330.1,2.7
2024-04-16 15:00:00,15,1689.3,3.6
2024-04-16 16:00:00,16,1869.2,2.9
2024-04-16 17:00:00,17,2331.7,2.6
2024-04-16 18:00:00,18,949.1,0.5
2024-04-16 19:00:00,19,1115.0,2.4
2024-04-16 20:00:00,20,271.2,2.8
2024-04-16 21:00:00,21,24.6,2.6
2024-04-16 22:00:00,22,1.2,2.6
2024-04-16 23:00:00,23,,2.1
2024-04-17 00:00:00,0,0.6,1.8
2024-04-17 01:00:00,1,0.3,2.0
2024-04-17 02:00:00,2,,1.6
2024-04-17 03:00:00,3,,1.5
2024-04-17 04:00:00,4,,0.2
2024-04-17 05:00:00,5,,0.4
2024-04-17 06:00:00,6,,0.7
2024-04-17 07:00:00,7,,1.1
2024-04-17 08:00:00,8,,1.1
2024-04-17 09:00:00,9,29.8,1.4
2024-04-17 10:00:00,10,431.4,1.6
2024-04-17 11:00:00,11,1389.3,3.1
2024-04-17 12:00:00,12,2568.5,3.5
2024-04-17 13:00:00,13,2021.6,3.3
2024-04-17 14:00:00,14,2246.4,4.1
2024-04-17 15:00:00,15,3275.0,5.1
2024-04-17 16:00:00,16,2927.8,3.8
2024-04-17 17:00:00,17,2485.1,3.2
2024-04-17 18:00:00,18,2124.0,4.1
2024-04-17 19:00:00,19,1480.5,3.6
2024-04-17 20:00:00,20,603.3,3.7
2024-04-17 21:00:00,21,25.9,0.9
2024-04-17 22:00:00,22,,1.3
2024-04-17 23:00:00,23,,1.9
2024-04-18 00:00:00,0,,2.0
2024-04-18 01:00:00,1,,1.9
2024-04-18 02:00:00,2,,2.0
2024-04-18 03:00:00,3,,2.2
2024-04-18 04:00:00,4,,1.6
2024-04-18 05:00:00,5,,1.3
2024-04-18 06:00:00,6,,1.8
2024-04-18 07:00:00,7,,1.7
2024-04-18 08:00:00,8,,1.9
2024-04-18 09:00:00,9,19.2,1.7
2024-04-18 10:00:00,10,463.9,2.1
2024-04-18 11:00:00,11,1528.5,1.7
2024-04-18 12:00:00,12,2116.9,2.9
2024-04-18 13:00:00,13,2535.9,2.3
2024-04-18 14:00:00,14,3251.0,2.1
2024-04-18 15:00:00,15,2413.3,1.9
2024-04-18 16:00:00,16,1941.3,2.3
2024-04-18 17:00:00,17,1988.4,5.7
2024-04-18 18:00:00,18,1974.7,5.6
2024-04-18 19:00:00,19,1381.1,4.8
2024-04-18 20:00:00,20,482.9,4.3
2024-04-18 21:00:00,21,25.4,3.8
2024-04-18 22:00:00,22,,3.7
2024-04-18 23:00:00,23,,3.6
2024-04-19 00:00:00,0,,3.3
2024-04-19 01:00:00,1,,2.2
2024-04-19 02:00:00,2,,2.9
2024-04-19 03:00:00,3,,2.9
2024-04-19 04:00:00,4,,2.1
2024-04-19 05:00:00,5,,0.8
2024-04-19 06:00:00,6,,1.7
2024-04-19 07:00:00,7,,1.5
2024-04-19 08:00:00,8,,1.6
2024-04-19 09:00:00,9,7.0,1.1
2024-04-19 10:00:00,10,109.7,0.7
2024-04-19 11:00:00,11,507.2,1.0
2024-04-19 12:00:00,12,1026.5,1.4
2024-04-19 13:00:00,13,516.1,1.5
2024-04-19 14:00:00,14,963.4,1.1
2024-04-19 15:00:00,15,1705.2,1.2
2024-04-19 16:00:00,16,2571.6,2.9
2024-04-19 17:00:00,17,1214.7,2.4
2024-04-19 18:00:00,18,1267.5,0.8
2024-04-19 19:00:00,19,1499.3,3.5
2024-04-19 20:00:00,20,312.9,3.9
2024-04-19 21:00:00,21,38.4,1.9
2024-04-19 22:00:00,22,,1.3
2024-04-19 23:00:00,23,,1.9
2024-04-20 00:00:00,0,,2.4
2024-04-20 01:00:00,1,,3.9
2024-04-20 02:00:00,2,,1.8
2024-04-20 03:00:00,3,,1.6
2024-04-20 04:00:00,4,,1.1
2024-04-20 05:00:00,5,,0.6
2024-04-20 06:00:00,6,0.1,1.4
2024-04-20 07:00:00,7,,1.3
2024-04-20 08:00:00,8,,1.7
2024-04-20 09:00:00,9,17.1,1.8
2024-04-20 10:00:00,10,330.6,1.8
2024-04-20 11:00:00,11,988.9,3.5
2024-04-20 12:00:00,12,1652.6,3.8
2024-04-20 13:00:00,13,2488.5,3.6
2024-04-20 14:00:00,14,2925.0,3.6
2024-04-20 15:00:00,15,2668.7,3.2
2024-04-20 16:00:00,16,2557.4,3.6
2024-04-20 17:00:00,17,1425.4,2.8
2024-04-20 18:00:00,18,1042.8,2.3
2024-04-20 19:00:00,19,554.7,1.9
2024-04-20 20:00:00,20,222.3,1.6
2024-04-20 21:00:00,21,16.9,1.6
2024-04-20 22:00:00,22,,1.4
2024-04-20 23:00:00,23,,1.4
2024-04-21 00:00:00,0,,1.0
2024-04-21 01:00:00,1,,1.0
2024-04-21 02:00:00,2,,0.8
2024-04-21 03:00:00,3,,2.2
2024-04-21 04:00:00,4,,0.8
2024-04-21 05:00:00,5,,0.3
2024-04-21 06:00:00,6,,0.7
2024-04-21 07:00:00,7,,1.1
2024-04-21 08:00:00,8,,0.9
2024-04-21 09:00:00,9,25.1,0.6
2024-04-21 10:00:00,10,217.6,1.1
2024-04-21 11:00:00,11,615.3,3.5
2024-04-21 12:00:00,12,1871.8,2.6
2024-04-21 13:00:00,13,1427.0,2.8
2024-04-21 14:00:00,14,2442.1,3.1
2024-04-21 15:00:00,15,2533.8,2.9
2024-04-21 16:00:00,16,2462.8,2.6
2024-04-21 17:00:00,17,2248.8,2.3
2024-04-21 18:00:00,18,1452.8,3.4
2024-04-21 19:00:00,19,1071.7,1.3
2024-04-21 20:00:00,20,505.7,2.1
2024-04-21 21:00:00,21,26.5,1.8
2024-04-21 22:00:00,22,,1.8
2024-04-21 23:00:00,23,,0.8
2024-04-22 00:00:00,0,,0.8
2024-04-22 01:00:00,1,,0.3
2024-04-22 02:00:00,2,,1.4
2024-04-22 03:00:00,3,,1.8
2024-04-22 04:00:00,4,,1.1
2024-04-22 05:00:00,5,,0.7
2024-04-22 06:00:00,6,,1.1
2024-04-22 07:00:00,7,,0.7
2024-04-22 08:00:00,8,,0.5
2024-04-22 09:00:00,9,19.4,0.9
2024-04-22 10:00:00,10,522.6,1.8
2024-04-22 11:00:00,11,1399.1,2.1
2024-04-22 12:00:00,12,2533.5,2.0
2024-04-22 13:00:00,13,2603.3,2.0
2024-04-22 14:00:00,14,2956.0,1.9
2024-04-22 15:00:00,15,2898.7,2.2
2024-04-22 16:00:00,16,3434.7,2.1
2024-04-22 17:00:00,17,2644.8,2.5
2024-04-22 18:00:00,18,798.9,2.5
2024-04-22 19:00:00,19,577.3,2.3
2024-04-22 20:00:00,20,492.9,1.7
2024-04-22 21:00:00,21,41.7,5.3
2024-04-22 22:00:00,22,0.9,2.9
2024-04-22 23:00:00,23,0.1,1.4
2024-04-23 00:00:00,0,,0.6
2024-04-23 01:00:00,1,,0.8
2024-04-23 02:00:00,2,,1.3
2024-04-23 03:00:00,3,1.5,0.6
2024-04-23 04:00:00,4,,0.4
2024-04-23 05:00:00,5,,0.7
2024-04-23 06:00:00,6,,1.0
2024-04-23 07:00:00,7,,0.8
2024-04-23 08:00:00,8,,0.4
2024-04-23 09:00:00,9,23.2,0.4
2024-04-23 10:00:00,10,561.0,0.7
2024-04-23 11:00:00,11,1032.0,1.5
2024-04-23 12:00:00,12,1070.0,1.7
2024-04-23 13:00:00,13,2810.1,2.0
2024-04-23 14:00:00,14,2965.1,1.7
2024-04-23 15:00:00,15,2498.2,1.8
2024-04-23 16:00:00,16,3165.5,2.2
2024-04-23 17:00:00,17,2613.4,1.8
2024-04-23 18:00:00,18,2353.1,1.2
2024-04-23 19:00:00,19,1615.5,1.4
2024-04-23 20:00:00,20,517.2,2.7
2024-04-23 21:00:00,21,29.9,1.5
2024-04-23 22:00:00,22,,1.6
2024-04-23 23:00:00,23,,1.3
2024-04-24 00:00:00,0,,2.0
2024-04-24 01:00:00,1,,1.3
2024-04-24 02:00:00,2,,1.4
2024-04-24 03:00:00,3,,1.3
2024-04-24 04:00:00,4,,1.0
2024-04-24 05:00:00,5,,1.0
2024-04-24 06:00:00,6,,0.9
2024-04-24 07:00:00,7,,1.2
2024-04-24 08:00:00,8,,1.3
2024-04-24 09:00:00,9,18.1,0.1
2024-04-24 10:00:00,10,552.7,1.6
2024-04-24 11:00:00,11,1415.5,2.4
2024-04-24 12:00:00,12,2047.4,2.4
2024-04-24 13:00:00,13,3191.2,2.0
2024-04-24 14:00:00,14,2635.8,2.2
2024-04-24 15:00:00,15,2880.3,1.2
2024-04-24 16:00:00,16,2691.6,2.0
2024-04-24 17:00:00,17,3160.9,2.5
2024-04-24 18:00:00,18,2133.5,3.0
2024-04-24 19:00:00,19,1215.4,3.5
2024-04-24 20:00:00,20,640.2,3.4
2024-04-24 21:00:00,21,25.9,1.1
2024-04-24 22:00:00,22,,0.7
2024-04-24 23:00:00,23,,1.8
2024-04-25 00:00:00,0,,1.8
2024-04-25 01:00:00,1,,1.7
2024-04-25 02:00:00,2,,1.5
2024-04-25 03:00:00,3,,1.1
2024-04-25 04:00:00,4,,1.3
2024-04-25 05:00:00,5,,1.8
2024-04-25 06:00:00,6,,1.8
2024-04-25 07:00:00,7,,1.2
2024-04-25 08:00:00,8,,1.5
2024-04-25 09:00:00,9,18.1,0.6
2024-04-25 10:00:00,10,433.8,1.3
2024-04-25 11:00:00,11,1396.4,2.2
2024-04-25 12:00:00,12,2228.1,2.0
2024-04-25 13:00:00,13,2736.2,2.2
2024-04-25 14:00:00,14,3200.5,2.1
2024-04-25 15:00:00,15,2905.0,2.4
2024-04-25 16:00:00,16,2814.5,2.5
2024-04-25 17:00:00,17,1975.3,2.2
2024-04-25 18:00:00,18,2315.8,2.4
2024-04-25 19:00:00,19,1005.4,1.9
2024-04-25 20:00:00,20,614.0,2.3
2024-04-25 21:00:00,21,25.4,1.1
2024-04-25 22:00:00,22,,0.3
2024-04-25 23:00:00,23,,4.1
2024-04-26 00:00:00,0,,2.8
2024-04-26 01:00:00,1,,1.7
2024-04-26 02:00:00,2,,1.2
2024-04-26 03:00:00,3,,1.3
2024-04-26 04:00:00,4,,1.6
2024-04-26 05:00:00,5,,0.8
2024-04-26 06:00:00,6,,1.6
2024-04-26 07:00:00,7,,1.6
2024-04-26 08:00:00,8,,0.7
2024-04-26 09:00:00,9,26.0,1.4
2024-04-26 10:00:00,10,572.8,2.4
2024-04-26 11:00:00,11,1167.9,3.9
2024-04-26 12:00:00,12,1532.9,4.3
2024-04-26 13:00:00,13,2564.0,3.7
2024-04-26 14:00:00,14,3064.8,3.5
2024-04-26 15:00:00,15,3319.5,2.9
2024-04-26 16:00:00,16,3211.3,2.4
2024-04-26 17:00:00,17,2890.7,2.7
2024-04-26 18:00:00,18,2020.4,3.0
2024-04-26 19:00:00,19,1221.8,3.1
2024-04-26 20:00:00,20,400.0,2.5
2024-04-26 21:00:00,21,16.3,3.1
2024-04-26 22:00:00,22,,1.2
2024-04-26 23:00:00,23,,1.4
2024-04-27 00:00:00,0,,1.0
2024-04-27 01:00:00,1,,2.9
2024-04-27 02:00:00,2,,2.6
2024-04-27 03:00:00,3,,3.1
2024-04-27 04:00:00,4,,2.8
2024-04-27 05:00:00,5,,3.1
2024-04-27 06:00:00,6,,2.0
2024-04-27 07:00:00,7,,1.5
2024-04-27 08:00:00,8,,1.3
2024-04-27 09:00:00,9,21.8,1.0
2024-04-27 10:00:00,10,419.2,2.1
2024-04-27 11:00:00,11,1070.8,2.6
2024-04-27 12:00:00,12,1402.2,3.0
2024-04-27 13:00:00,13,2377.2,4.1
2024-04-27 14:00:00,14,2591.1,3.7
2024-04-27 15:00:00,15,2368.2,4.1
2024-04-27 16:00:00,16,2265.2,3.8
2024-04-27 17:00:00,17,2276.5,3.5
2024-04-27 18:00:00,18,2022.4,3.0
2024-04-27 19:00:00,19,578.1,3.0
2024-04-27 20:00:00,20,207.5,3.1
2024-04-27 21:00:00,21,38.5,2.6
2024-04-27 22:00:00,22,,3.0
2024-04-27 23:00:00,23,,4.1
2024-04-28 00:00:00,0,,2.2
2024-04-28 01:00:00,1,,3.1
2024-04-28 02:00:00,2,,2.2
2024-04-28 03:00:00,3,,1.4
2024-04-28 04:00:00,4,,0.9
2024-04-28 05:00:00,5,,1.7
2024-04-28 06:00:00,6,,2.6
2024-04-28 07:00:00,7,,3.4
2024-04-28 08:00:00,8,,1.2
2024-04-28 09:00:00,9,12.8,1.7
2024-04-28 10:00:00,10,529.0,3.2
2024-04-28 11:00:00,11,1078.9,2.8
2024-04-28 12:00:00,12,1710.9,3.0
2024-04-28 13:00:00,13,2871.9,3.5
2024-04-28 14:00:00,14,3074.9,2.6
2024-04-28 15:00:00,15,2227.4,2.4
2024-04-28 16:00:00,16,1500.1,3.3
2024-04-28 17:00:00,17,2397.9,3.5
2024-04-28 18:00:00,18,1996.4,4.2
2024-04-28 19:00:00,19,1353.3,4.1
2024-04-28 20:00:00,20,481.1,2.9
2024-04-28 21:00:00,21,32.9,1.8
2024-04-28 22:00:00,22,,2.6
2024-04-28 23:00:00,23,,2.5
2024-04-29 00:00:00,0,2.8,2.6
2024-04-29 01:00:00,1,1.6,2.5
2024-04-29 02:00:00,2,1.2,1.9
2024-04-29 03:00:00,3,2.1,0.8
2024-04-29 04:00:00,4,2.2,1.6
2024-04-29 05:00:00,5,,0.8
2024-04-29 06:00:00,6,1.8,1.8
2024-04-29 07:00:00,7,0.4,1.8
2024-04-29 08:00:00,8,,1.6
2024-04-29 09:00:00,9,10.1,1.3
2024-04-29 10:00:00,10,242.2,1.6
2024-04-29 11:00:00,11,577.8,2.0
2024-04-29 12:00:00,12,746.5,3.4
2024-04-29 13:00:00,13,2060.6,3.3
2024-04-29 14:00:00,14,1663.2,3.4
2024-04-29 15:00:00,15,2157.2,3.1
2024-04-29 16:00:00,16,2478.6,4.1
2024-04-29 17:00:00,17,2247.6,4.3
2024-04-29 18:00:00,18,1400.0,3.3
2024-04-29 19:00:00,19,1342.7,4.6
2024-04-29 20:00:00,20,494.6,3.6
2024-04-29 21:00:00,21,29.5,1.8
2024-04-29 22:00:00,22,,2.4
2024-04-29 23:00:00,23,,2.7
2024-04-30 00:00:00,0,,1.6
2024-04-30 01:00:00,1,,3.8
2024-04-30 02:00:00,2,,2.2
2024-04-30 03:00:00,3,,1.0
2024-04-30 04:00:00,4,,1.0
2024-04-30 05:00:00,5,,1.4
2024-04-30 06:00:00,6,,1.1
2024-04-30 07:00:00,7,,1.1
2024-04-30 08:00:00,8,,1.1
2024-04-30 09:00:00,9,9.9,1.0
2024-04-30 10:00:00,10,540.6,1.4
2024-04-30 11:00:00,11,1122.1,1.6
2024-04-30 12:00:00,12,1757.5,2.3
2024-04-30 13:00:00,13,1875.8,3.2
2024-04-30 14:00:00,14,1910.2,1.8
2024-04-30 15:00:00,15,2779.2,3.3
2024-04-30 16:00:00,16,2498.8,2.0
2024-04-30 17:00:00,17,1578.0,2.0
2024-04-30 18:00:00,18,1578.3,2.1
2024-04-30 19:00:00,19,976.5,2.1
2024-04-30 20:00:00,20,426.2,1.3
2024-04-30 21:00:00,21,22.6,1.0
2024-04-30 22:00:00,22,,2.0
2024-04-30 23:00:00,23,,2.1
2024-05-01 00:00:00,0,,3.3
2024-05-01 01:00:00,1,,2.6
2024-05-01 02:00:00,2,,2.1
2024-05-01 03:00:00,3,,1.2
2024-05-01 04:00:00,4,,2.5
2024-05-01 05:00:00,5,,1.8
2024-05-01 06:00:00,6,,1.8
2024-05-01 07:00:00,7,,1.0
2024-05-01 08:00:00,8,,1.1
2024-05-01 09:00:00,9,18.5,1.2
2024-05-01 10:00:00,10,442.9,1.9
2024-05-01 11:00:00,11,582.3,2.9
2024-05-01 12:00:00,12,1109.8,3.6
2024-05-01 13:00:00,13,1700.9,3.9
2024-05-01 14:00:00,14,2758.2,2.5
2024-05-01 15:00:00,15,3058.6,3.9
2024-05-01 16:00:00,16,2453.4,3.3
2024-05-01 17:00:00,17,2598.7,2.8
2024-05-01 18:00:00,18,1949.7,3.8
2024-05-01 19:00:00,19,1166.7,2.9
2024-05-01 20:00:00,20,482.2,3.5
2024-05-01 21:00:00,21,19.4,1.9
2024-05-01 22:00:00,22,,1.7
2024-05-01 23:00:00,23,,1.5
2024-05-02 00:00:00,0,,2.2
2024-05-02 01:00:00,1,,2.0
2024-05-02 02:00:00,2,,1.3
2024-05-02 03:00:00,3,,1.4
2024-05-02 04:00:00,4,,1.7
2024-05-02 05:00:00,5,,1.8
2024-05-02 06:00:00,6,,1.1
2024-05-02 07:00:00,7,,1.2
2024-05-02 08:00:00,8,,1.3
2024-05-02 09:00:00,9,14.2,1.4
2024-05-02 10:00:00,10,472.7,1.2
2024-05-02 11:00:00,11,1416.7,2.8
2024-05-02 12:00:00,12,1019.6,3.0
2024-05-02 13:00:00,13,1079.2,3.1
2024-05-02 14:00:00,14,1782.7,3.0
2024-05-02 15:00:00,15,2676.5,3.7
2024-05-02 16:00:00,16,2575.2,4.9
2024-05-02 17:00:00,17,1668.3,5.1
2024-05-02 18:00:00,18,1763.3,4.5
2024-05-02 19:00:00,19,1469.1,4.3
2024-05-02 20:00:00,20,637.2,4.2
2024-05-02 21:00:00,21,21.4,4.6
2024-05-02 22:00:00,22,,2.3
2024-05-02 23:00:00,23,,2.4
2024-05-03 00:00:00,0,,2.1
2024-05-03 01:00:00,1,,2.5
2024-05-03 02:00:00,2,,2.1
2024-05-03 03:00:00,3,,2.2
2024-05-03 04:00:00,4,,2.5
2024-05-03 05:00:00,5,,2.5
2024-05-03 06:00:00,6,,2.0
2024-05-03 07:00:00,7,,1.4
2024-05-03 08:00:00,8,,1.6
2024-05-03 09:00:00,9,19.3,1.4
2024-05-03 10:00:00,10,574.3,2.4
2024-05-03 11:00:00,11,1325.0,3.4
2024-05-03 12:00:00,12,1960.2,3.5
2024-05-03 13:00:00,13,1934.1,3.1
2024-05-03 14:00:00,14,2863.1,4.7
2024-05-03 15:00:00,15,2481.3,4.3
2024-05-03 16:00:00,16,2509.8,4.2
2024-05-03 17:00:00,17,2450.6,3.4
2024-05-03 18:00:00,18,1651.9,3.7
2024-05-03 19:00:00,19,817.8,4.8
2024-05-03 20:00:00,20,249.1,3.8
2024-05-03 21:00:00,21,23.9,3.1
2024-05-03 22:00:00,22,,2.6
2024-05-03 23:00:00,23,,1.8
2024-05-04 00:00:00,0,,4.9
2024-05-04 01:00:00,1,,2.5
2024-05-04 02:00:00,2,,3.2
2024-05-04 03:00:00,3,,2.7
2024-05-04 04:00:00,4,,2.4
2024-05-04 05:00:00,5,,1.0
2024-05-04 06:00:00,6,,2.0
2024-05-04 07:00:00,7,,0.4
2024-05-04 08:00:00,8,,1.0
2024-05-04 09:00:00,9,13.7,0.8
2024-05-04 10:00:00,10,270.0,0.9
2024-05-04 11:00:00,11,1018.1,1.9
2024-05-04 12:00:00,12,1860.6,3.2
2024-05-04 13:00:00,13,2183.4,4.0
2024-05-04 14:00:00,14,2552.3,4.6
2024-05-04 15:00:00,15,2820.1,4.5
2024-05-04 16:00:00,16,1860.6,4.1
2024-05-04 17:00:00,17,1803.1,4.4
2024-05-04 18:00:00,18,1296.2,4.3
2024-05-04 19:00:00,19,893.0,2.8
2024-05-04 20:00:00,20,370.1,4.9
2024-05-04 21:00:00,21,29.8,2.7
2024-05-04 22:00:00,22,,1.9
2024-05-04 23:00:00,23,,2.5
2024-05-05 00:00:00,0,,2.0
2024-05-05 01:00:00,1,,1.8
2024-05-05 02:00:00,2,,2.9
2024-05-05 03:00:00,3,,2.4
2024-05-05 04:00:00,4,,2.7
2024-05-05 05:00:00,5,,1.5
2024-05-05 06:00:00,6,,1.4
2024-05-05 07:00:00,7,,0.7
2024-05-05 08:00:00,8,,1.6
2024-05-05 09:00:00,9,35.9,3.5
2024-05-05 10:00:00,10,286.0,2.6
2024-05-05 11:00:00,11,938.3,4.0
2024-05-05 12:00:00,12,1455.0,4.8
2024-05-05 13:00:00,13,1808.0,4.9
2024-05-05 14:00:00,14,3184.2,5.1
2024-05-05 15:00:00,15,3179.0,5.1
2024-05-05 16:00:00,16,3160.7,5.4
2024-05-05 17:00:00,17,2801.7,5.1
2024-05-05 18:00:00,18,2122.3,4.3
2024-05-05 19:00:00,19,1418.3,4.1
2024-05-05 20:00:00,20,283.1,3.8
2024-05-05 21:00:00,21,19.4,2.7
2024-05-05 22:00:00,22,,2.3
2024-05-05 23:00:00,23,,2.6
2024-05-06 00:00:00,0,,3.4
2024-05-06 01:00:00,1,,2.8
2024-05-06 02:00:00,2,,2.2
2024-05-06 03:00:00,3,,2.9
2024-05-06 04:00:00,4,,1.1
2024-05-06 05:00:00,5,,0.6
2024-05-06 06:00:00,6,,1.2
2024-05-06 07:00:00,7,,0.7
2024-05-06 08:00:00,8,,0.4
2024-05-06 09:00:00,9,11.0,0.6
2024-05-06 10:00:00,10,104.7,1.5
2024-05-06 11:00:00,11,702.0,1.9
2024-05-06 12:00:00,12,1701.7,4.5
2024-05-06 13:00:00,13,2097.0,4.0
2024-05-06 14:00:00,14,1909.3,4.1
2024-05-06 15:00:00,15,2395.8,5.0
2024-05-06 16:00:00,16,2125.2,3.5
2024-05-06 17:00:00,17,2506.6,4.7
2024-05-06 18:00:00,18,2261.4,4.6
2024-05-06 19:00:00,19,1150.4,3.4
2024-05-06 20:00:00,20,445.5,5.2
2024-05-06 21:00:00,21,30.2,3.8
2024-05-06 22:00:00,22,,3.3
2024-05-06 23:00:00,23,,2.6
2024-05-07 00:00:00,0,,2.1
2024-05-07 01:00:00,1,,1.7
2024-05-07 02:00:00,2,,2.3
2024-05-07 03:00:00,3,2.9,2.3
2024-05-07 04:00:00,4,0.5,3.4
2024-05-07 05:00:00,5,,2.4
2024-05-07 06:00:00,6,1.8,2.5
2024-05-07 07:00:00,7,1.6,2.8
2024-05-07 08:00:00,8,2.2,3.0
2024-05-07 09:00:00,9,7.1,3.7
2024-05-07 10:00:00,10,101.8,4.1
2024-05-07 11:00:00,11,683.8,4.2
2024-05-07 12:00:00,12,792.1,4.3
2024-05-07 13:00:00,13,879.0,4.1
2024-05-07 14:00:00,14,1277.0,4.7
2024-05-07 15:00:00,15,927.0,3.5
2024-05-07 16:00:00,16,1132.7,4.1
2024-05-07 17:00:00,17,1111.3,4.3
2024-05-07 18:00:00,18,1037.6,5.3
2024-05-07 19:00:00,19,842.3,4.2
2024-05-07 20:00:00,20,365.4,2.8
2024-05-07 21:00:00,21,33.1,2.4
2024-05-07 22:00:00,22,,2.1
2024-05-07 23:00:00,23,,3.0
2024-05-08 00:00:00,0,,2.6
2024-05-08 01:00:00,1,,1.7
2024-05-08 02:00:00,2,,1.2
2024-05-08 03:00:00,3,,0.9
2024-05-08 04:00:00,4,,1.4
2024-05-08 05:00:00,5,,1.2
2024-05-08 06:00:00,6,,1.4
2024-05-08 07:00:00,7,,0.9
2024-05-08 08:00:00,8,,1.1
2024-05-08 09:00:00,9,16.3,0.7
2024-05-08 10:00:00,10,323.4,2.4
2024-05-08 11:00:00,11,501.2,2.3
2024-05-08 12:00:00,12,795.9,4.3
2024-05-08 13:00:00,13,1728.1,2.6
2024-05-08 14:00:00,14,1850.9,3.6
2024-05-08 15:00:00,15,1496.8,3.0
2024-05-08 16:00:00,16,1891.2,4.6
2024-05-08 17:00:00,17,1758.6,3.8
2024-05-08 18:00:00,18,1405.8,2.9
2024-05-08 19:00:00,19,631.4,2.9
2024-05-08 20:00:00,20,438.5,4.1
2024-05-08 21:00:00,21,25.2,3.2
2024-05-08 22:00:00,22,,2.8
2024-05-08 23:00:00,23,,1.1
2024-05-09 00:00:00,0,,1.9
2024-05-09 01:00:00,1,2.1,1.9
2024-05-09 02:00:00,2,0.6,2.2
2024-05-09 03:00:00,3,2.0,1.5
2024-05-09 04:00:00,4,0.7,2.7
2024-05-09 05:00:00,5,1.3,2.1
2024-05-09 06:00:00,6,2.1,3.1
2024-05-09 07:00:00,7,0.8,2.8
2024-05-09 08:00:00,8,,2.7
2024-05-09 09:00:00,9,9.5,2.5
2024-05-09 10:00:00,10,232.9,2.7
2024-05-09 11:00:00,11,510.7,4.3
2024-05-09 12:00:00,12,844.6,3.9
2024-05-09 13:00:00,13,1392.2,3.4
2024-05-09 14:00:00,14,1629.6,3.8
2024-05-09 15:00:00,15,2088.6,4.2
2024-05-09 16:00:00,16,1808.2,5.6
2024-05-09 17:00:00,17,2057.8,4.9
2024-05-09 18:00:00,18,1675.4,5.1
2024-05-09 19:00:00,19,560.2,5.1
2024-05-09 20:00:00,20,298.6,4.2
2024-05-09 21:00:00,21,16.4,3.4
2024-05-09 22:00:00,22,,3.8
2024-05-09 23:00:00,23,0.8,3.8
2024-05-10 00:00:00,0,0.3,1.9
2024-05-10 01:00:00,1,2.3,2.0
2024-05-10 02:00:00,2,,1.5
2024-05-10 03:00:00,3,,1.8
2024-05-10 04:00:00,4,,1.3
2024-05-10 05:00:00,5,,1.1
2024-05-10 06:00:00,6,,0.4
2024-05-10 07:00:00,7,,0.2
2024-05-10 08:00:00,8,,1.0
2024-05-10 09:00:00,9,20.0,1.0
2024-05-10 10:00:00,10,525.6,0.5
2024-05-10 11:00:00,11,1381.8,1.9
2024-05-10 12:00:00,12,1261.5,2.6
2024-05-10 13:00:00,13,2343.1,3.1
2024-05-10 14:00:00,14,2260.7,3.3
2024-05-10 15:00:00,15,3017.8,4.5
2024-05-10 16:00:00,16,2325.6,3.0
2024-05-10 17:00:00,17,2274.8,3.4
2024-05-10 18:00:00,18,1575.8,4.8
2024-05-10 19:00:00,19,1223.9,4.7
2024-05-10 20:00:00,20,364.3,4.1
2024-05-10 21:00:00,21,20.6,2.3
2024-05-10 22:00:00,22,,1.3
2024-05-10 23:00:00,23,,1.0
2024-05-11 00:00:00,0,,0.4
2024-05-11 01:00:00,1,,0.8
2024-05-11 02:00:00,2,,0.5
2024-05-11 03:00:00,3,,0.9
2024-05-11 04:00:00,4,,0.4
2024-05-11 05:00:00,5,,0.3
2024-05-11 06:00:00,6,,1.1
2024-05-11 07:00:00,7,,0.5
2024-05-11 08:00:00,8,,0.5
2024-05-11 09:00:00,9,17.2,1.0
2024-05-11 10:00:00,10,287.5,0.6
2024-05-11 11:00:00,11,765.9,1.0
2024-05-11 12:00:00,12,1509.6,2.7
2024-05-11 13:00:00,13,2038.8,4.0
2024-05-11 14:00:00,14,1657.0,3.1
2024-05-11 15:00:00,15,2169.2,3.0
2024-05-11 16:00:00,16,1833.7,3.2
2024-05-11 17:00:00,17,2874.6,4.2
2024-05-11 18:00:00,18,1312.5,3.6
2024-05-11 19:00:00,19,1074.1,4.3
2024-05-11 20:00:00,20,343.4,3.7
2024-05-11 21:00:00,21,23.2,3.2
2024-05-11 22:00:00,22,,2.8
2024-05-11 23:00:00,23,,2.2
2024-05-12 00:00:00,0,,1.1
2024-05-12 01:00:00,1,,1.5
2024-05-12 02:00:00,2,,1.6
2024-05-12 03:00:00,3,,0.6
2024-05-12 04:00:00,4,,0.5
2024-05-12 05:00:00,5,,0.8
2024-05-12 06:00:00,6,,1.1
2024-05-12 07:00:00,7,,1.6
2024-05-12 08:00:00,8,,1.7
2024-05-12 09:00:00,9,10.0,2.3
2024-05-12 10:00:00,10,257.6,3.2
2024-05-12 11:00:00,11,633.5,2.4
2024-05-12 12:00:00,12,1836.5,2.8
2024-05-12 13:00:00,13,2311.3,2.2
2024-05-12 14:00:00,14,2319.2,2.2
2024-05-12 15:00:00,15,3131.4,2.8
2024-05-12 16:00:00,16,3000.0,3.6
2024-05-12 17:00:00,17,2407.4,2.7
2024-05-12 18:00:00,18,2045.9,3.7
2024-05-12 19:00:00,19,1368.6,5.0
2024-05-12 20:00:00,20,299.0,4.5
2024-05-12 21:00:00,21,14.5,2.9
2024-05-12 22:00:00,22,,1.4
2024-05-12 23:00:00,23,,1.0
2024-05-13 00:00:00,0,,0.8
2024-05-13 01:00:00,1,,0.6
2024-05-13 02:00:00,2,,0.6
2024-05-13 03:00:00,3,,0.2
2024-05-13 04:00:00,4,,1.3
2024-05-13 05:00:00,5,,1.4
2024-05-13 06:00:00,6,,1.3
2024-05-13 07:00:00,7,,1.1
2024-05-13 08:00:00,8,,0.7
2024-05-13 09:00:00,9,21.7,1.3
2024-05-13 10:00:00,10,512.8,2.1
2024-05-13 11:00:00,11,1164.6,2.1
2024-05-13 12:00:00,12,1877.0,1.8
2024-05-13 13:00:00,13,2711.2,2.2
2024-05-13 14:00:00,14,3054.7,2.1
2024-05-13 15:00:00,15,3205.1,2.0
2024-05-13 16:00:00,16,3093.8,1.3
2024-05-13 17:00:00,17,2758.0,2.1
2024-05-13 18:00:00,18,2278.9,3.1
2024-05-13 19:00:00,19,1067.1,3.7
2024-05-13 20:00:00,20,398.7,3.6
2024-05-13 21:00:00,21,15.1,3.2
2024-05-13 22:00:00,22,,2.5
2024-05-13 23:00:00,23,,2.2
2024-05-14 00:00:00,0,,1.5
2024-05-14 01:00:00,1,,1.2
2024-05-14 02:00:00,2,,0.6
2024-05-14 03:00:00,3,,0.4
2024-05-14 04:00:00,4,,1.0
2024-05-14 05:00:00,5,,0.9
2024-05-14 06:00:00,6,,0.5
2024-05-14 07:00:00,7,,0.2
2024-05-14 08:00:00,8,,0.7
2024-05-14 09:00:00,9,19.2,0.6
2024-05-14 10:00:00,10,509.3,1.4
2024-05-14 11:00:00,11,1332.7,2.7
2024-05-14 12:00:00,12,2135.3,2.1
2024-05-14 13:00:00,13,2693.2,2.3
2024-05-14 14:00:00,14,2975.6,2.9
2024-05-14 15:00:00,15,2275.7,3.5
2024-05-14 16:00:00,16,2341.8,3.8
2024-05-14 17:00:00,17,1657.8,4.2
2024-05-14 18:00:00,18,1759.5,4.8
2024-05-14 19:00:00,19,846.6,5.0
2024-05-14 20:00:00,20,395.0,3.6
2024-05-14 21:00:00,21,15.4,3.1
2024-05-14 22:00:00,22,,2.7
2024-05-14 23:00:00,23,,1.0
2024-05-15 00:00:00,0,,1.5
2024-05-15 01:00:00,1,,1.6
2024-05-15 02:00:00,2,,1.6
2024-05-15 03:00:00,3,,1.7
2024-05-15 04:00:00,4,,1.4
2024-05-15 05:00:00,5,,1.7
2024-05-15 06:00:00,6,,1.3
2024-05-15 07:00:00,7,,1.4
2024-05-15 08:00:00,8,,1.5
2024-05-15 09:00:00,9,15.9,1.8
2024-05-15 10:00:00,10,461.8,1.9
2024-05-15 11:00:00,11,1430.2,3.1
2024-05-15 12:00:00,12,1514.1,3.0
2024-05-15 13:00:00,13,2776.6,3.8
2024-05-15 14:00:00,14,2973.8,3.2
2024-05-15 15:00:00,15,3193.9,2.9
2024-05-15 16:00:00,16,3081.5,3.7
2024-05-15 17:00:00,17,2716.5,4.5
2024-05-15 18:00:00,18,2149.6,5.3
2024-05-15 19:00:00,19,1392.5,5.5
2024-05-15 20:00:00,20,447.9,5.0
2024-05-15 21:00:00,21,14.5,3.6
2024-05-15 22:00:00,22,,2.5
2024-05-15 23:00:00,23,,1.4
2024-05-16 00:00:00,0,,3.2
2024-05-16 01:00:00,1,,2.6
2024-05-16 02:00:00,2,,2.3
2024-05-16 03:00:00,3,,2.7
2024-05-16 04:00:00,4,,1.8
2024-05-16 05:00:00,5,,1.5
2024-05-16 06:00:00,6,,1.7
2024-05-16 07:00:00,7,,1.6
2024-05-16 08:00:00,8,,1.4
2024-05-16 09:00:00,9,17.8,1.9
2024-05-16 10:00:00,10,537.1,1.4
2024-05-16 11:00:00,11,1076.3,3.0
2024-05-16 12:00:00,12,1378.5,3.0
2024-05-16 13:00:00,13,1430.2,3.3
2024-05-16 14:00:00,14,1706.7,3.8
2024-05-16 15:00:00,15,1957.7,3.8
2024-05-16 16:00:00,16,1993.6,5.0
2024-05-16 17:00:00,17,2398.2,3.6
2024-05-16 18:00:00,18,1574.2,4.5
2024-05-16 19:00:00,19,1369.1,4.8
2024-05-16 20:00:00,20,457.2,4.5
2024-05-16 21:00:00,21,19.9,4.8
2024-05-16 22:00:00,22,,3.9
2024-05-16 23:00:00,23,,2.3
2024-05-17 00:00:00,0,,1.8
2024-05-17 01:00:00,1,,1.7
2024-05-17 02:00:00,2,,3.7
2024-05-17 03:00:00,3,,3.1
2024-05-17 04:00:00,4,,1.5
2024-05-17 05:00:00,5,,0.5
2024-05-17 06:00:00,6,,0.2
2024-05-17 07:00:00,7,,0.6
2024-05-17 08:00:00,8,,1.0
2024-05-17 09:00:00,9,21.4,1.1
2024-05-17 10:00:00,10,452.6,1.3
2024-05-17 11:00:00,11,1130.9,3.4
2024-05-17 12:00:00,12,2350.7,3.4
2024-05-17 13:00:00,13,2588.8,3.4
2024-05-17 14:00:00,14,2857.0,4.8
2024-05-17 15:00:00,15,3164.6,3.7
2024-05-17 16:00:00,16,2912.1,4.0
2024-05-17 17:00:00,17,2641.1,4.7
2024-05-17 18:00:00,18,2103.4,4.4
2024-05-17 19:00:00,19,1254.3,5.1
2024-05-17 20:00:00,20,469.1,4.9
2024-05-17 21:00:00,21,24.1,4.2
2024-05-17 22:00:00,22,,3.4
2024-05-17 23:00:00,23,,2.0
2024-05-18 00:00:00,0,,1.4
2024-05-18 01:00:00,1,,1.2
2024-05-18 02:00:00,2,,1.8
2024-05-18 03:00:00,3,,1.4
2024-05-18 04:00:00,4,,1.3
2024-05-18 05:00:00,5,,1.4
2024-05-18 06:00:00,6,,1.9
2024-05-18 07:00:00,7,,0.8
2024-05-18 08:00:00,8,,0.9
2024-05-18 09:00:00,9,18.8,1.1
2024-05-18 10:00:00,10,521.3,2.1
2024-05-18 11:00:00,11,1065.6,2.5
2024-05-18 12:00:00,12,1907.3,2.2
2024-05-18 13:00:00,13,2525.2,1.6
2024-05-18 14:00:00,14,1389.3,3.0
2024-05-18 15:00:00,15,755.7,2.7
2024-05-18 16:00:00,16,1589.9,1.7
2024-05-18 17:00:00,17,1234.3,1.2
2024-05-18 18:00:00,18,1130.1,1.5
2024-05-18 19:00:00,19,663.5,1.0
2024-05-18 20:00:00,20,502.3,3.2
2024-05-18 21:00:00,21,20.1,2.5
2024-05-18 22:00:00,22,,3.8
2024-05-18 23:00:00,23,1.7,2.2
2024-05-19 00:00:00,0,,1.6
2024-05-19 01:00:00,1,,2.3
2024-05-19 02:00:00,2,,1.1
2024-05-19 03:00:00,3,1.3,1.3
2024-05-19 04:00:00,4,2.9,2.0
2024-05-19 05:00:00,5,1.0,2.5
2024-05-19 06:00:00,6,1.1,1.5
2024-05-19 07:00:00,7,,0.9
2024-05-19 08:00:00,8,,1.4
2024-05-19 09:00:00,9,4.1,0.8
2024-05-19 10:00:00,10,225.0,1.4
2024-05-19 11:00:00,11,387.0,1.3
2024-05-19 12:00:00,12,625.2,2.3
2024-05-19 13:00:00,13,986.2,1.6
2024-05-19 14:00:00,14,1064.1,1.8
2024-05-19 15:00:00,15,1027.5,1.8
2024-05-19 16:00:00,16,1791.8,2.2
2024-05-19 17:00:00,17,1489.6,3.1
2024-05-19 18:00:00,18,935.5,3.5
2024-05-19 19:00:00,19,843.3,2.9
2024-05-19 20:00:00,20,186.0,3.0
2024-05-19 21:00:00,21,16.4,2.1
2024-05-19 22:00:00,22,,1.3
2024-05-19 23:00:00,23,,1.6
2024-05-20 00:00:00,0,,1.8
2024-05-20 01:00:00,1,,1.8
2024-05-20 02:00:00,2,,1.0
2024-05-20 03:00:00,3,,1.3
2024-05-20 04:00:00,4,,2.2
2024-05-20 05:00:00,5,,1.8
2024-05-20 06:00:00,6,,2.2
2024-05-20 07:00:00,7,,1.8
2024-05-20 08:00:00,8,,1.4
2024-05-20 09:00:00,9,12.6,1.1
2024-05-20 10:00:00,10,166.9,2.5
2024-05-20 11:00:00,11,613.9,2.3
2024-05-20 12:00:00,12,966.1,2.2
2024-05-20 13:00:00,13,964.5,3.0
2024-05-20 14:00:00,14,978.7,2.5
2024-05-20 15:00:00,15,2092.4,3.4
2024-05-20 16:00:00,16,1462.5,2.8
2024-05-20 17:00:00,17,1374.8,3.5
2024-05-20 18:00:00,18,1740.2,3.8
2024-05-20 19:00:00,19,975.5,4.2
2024-05-20 20:00:00,20,305.5,3.0
2024-05-20 21:00:00,21,10.5,2.8
2024-05-20 22:00:00,22,,2.2
2024-05-20 23:00:00,23,,1.2
2024-05-21 00:00:00,0,,1.2
2024-05-21 01:00:00,1,,2.5
2024-05-21 02:00:00,2,,1.4
2024-05-21 03:00:00,3,,1.6
2024-05-21 04:00:00,4,,1.8
2024-05-21 05:00:00,5,,1.0
2024-05-21 06:00:00,6,,0.9
2024-05-21 07:00:00,7,,0.9
2024-05-21 08:00:00,8,,0.6
2024-05-21 09:00:00,9,13.1,0.7
2024-05-21 10:00:00,10,244.0,0.6
2024-05-21 11:00:00,11,522.0,2.2
2024-05-21 12:00:00,12,849.0,3.9
2024-05-21 13:00:00,13,1549.3,2.3
2024-05-21 14:00:00,14,1556.1,4.5
2024-05-21 15:00:00,15,2568.1,3.9
2024-05-21 16:00:00,16,2100.2,4.0
2024-05-21 17:00:00,17,1591.8,4.5
2024-05-21 18:00:00,18,977.1,2.8
2024-05-21 19:00:00,19,831.0,3.5
2024-05-21 20:00:00,20,194.6,4.9
2024-05-21 21:00:00,21,21.1,0.7
2024-05-21 22:00:00,22,0.1,2.0
2024-05-21 23:00:00,23,1.1,1.6
2024-05-22 00:00:00,0,,1.5
2024-05-22 01:00:00,1,2.4,2.0
2024-05-22 02:00:00,2,,1.8
2024-05-22 03:00:00,3,,1.8
2024-05-22 04:00:00,4,,2.0
2024-05-22 05:00:00,5,,2.4
2024-05-22 06:00:00,6,0.6,2.8
2024-05-22 07:00:00,7,,0.7
2024-05-22 08:00:00,8,,0.8
2024-05-22 09:00:00,9,19.9,1.5
2024-05-22 10:00:00,10,272.8,1.8
2024-05-22 11:00:00,11,1210.2,3.2
2024-05-22 12:00:00,12,2077.2,4.4
2024-05-22 13:00:00,13,2261.6,4.3
2024-05-22 14:00:00,14,2439.6,5.0
2024-05-22 15:00:00,15,1542.2,4.4
2024-05-22 16:00:00,16,2137.8,4.9
2024-05-22 17:00:00,17,1797.4,3.6
2024-05-22 18:00:00,18,1161.9,3.0
2024-05-22 19:00:00,19,1161.1,3.5
2024-05-22 20:00:00,20,270.7,3.3
2024-05-22 21:00:00,21,13.4,2.3
2024-05-22 22:00:00,22,,3.1
2024-05-22 23:00:00,23,,2.1
2024-05-23 00:00:00,0,,1.8
2024-05-23 01:00:00,1,,1.2
2024-05-23 02:00:00,2,,1.5
2024-05-23 03:00:00,3,,0.8
2024-05-23 04:00:00,4,,0.6
2024-05-23 05:00:00,5,,1.5
2024-05-23 06:00:00,6,,0.7
2024-05-23 07:00:00,7,,0.9
2024-05-23 08:00:00,8,,0.7
2024-05-23 09:00:00,9,14.0,0.9
2024-05-23 10:00:00,10,395.5,1.4
2024-05-23 11:00:00,11,1246.0,4.6
2024-05-23 12:00:00,12,1107.9,4.1
2024-05-23 13:00:00,13,1231.5,3.2
2024-05-23 14:00:00,14,1063.5,4.3
2024-05-23 15:00:00,15,1260.1,4.5
2024-05-23 16:00:00,16,1517.5,4.5
2024-05-23 17:00:00,17,2027.6,4.7
2024-05-23 18:00:00,18,1835.8,3.9
2024-05-23 19:00:00,19,1265.4,4.6
2024-05-23 20:00:00,20,274.5,5.2
2024-05-23 21:00:00,21,22.4,4.2
2024-05-23 22:00:00,22,,3.5
2024-05-23 23:00:00,23,,3.9
2024-05-24 00:00:00,0,,2.5
2024-05-24 01:00:00,1,,1.8
2024-05-24 02:00:00,2,,1.9
2024-05-24 03:00:00,3,,1.4
2024-05-24 04:00:00,4,,0.6
2024-05-24 05:00:00,5,,0.7
2024-05-24 06:00:00,6,,1.4
2024-05-24 07:00:00,7,,1.1
2024-05-24 08:00:00,8,,0.9
2024-05-24 09:00:00,9,11.1,0.3
2024-05-24 10:00:00,10,482.4,1.6
2024-05-24 11:00:00,11,978.7,3.6
2024-05-24 12:00:00,12,1519.6,3.8
2024-05-24 13:00:00,13,2761.6,3.3
2024-05-24 14:00:00,14,2801.9,3.2
2024-05-24 15:00:00,15,2807.4,3.6
2024-05-24 16:00:00,16,2265.6,4.5
2024-05-24 17:00:00,17,2295.7,4.8
2024-05-24 18:00:00,18,1929.5,4.4
2024-05-24 19:00:00,19,836.6,4.5
2024-05-24 20:00:00,20,433.9,3.0
2024-05-24 21:00:00,21,22.5,3.8
2024-05-24 22:00:00,22,,3.1
2024-05-24 23:00:00,23,,2.7
2024-05-25 00:00:00,0,,2.7
2024-05-25 01:00:00,1,,2.3
2024-05-25 02:00:00,2,,2.4
2024-05-25 03:00:00,3,,1.8
2024-05-25 04:00:00,4,,0.9
2024-05-25 05:00:00,5,,1.4
2024-05-25 06:00:00,6,,1.5
2024-05-25 07:00:00,7,,1.6
2024-05-25 08:00:00,8,,1.2
2024-05-25 09:00:00,9,7.4,1.9
2024-05-25 10:00:00,10,218.6,1.3
2024-05-25 11:00:00,11,993.1,2.9
2024-05-25 12:00:00,12,947.1,3.2
2024-05-25 13:00:00,13,1285.2,2.9
2024-05-25 14:00:00,14,1867.2,3.2
2024-05-25 15:00:00,15,1757.3,2.9
2024-05-25 16:00:00,16,1751.0,2.1
2024-05-25 17:00:00,17,2165.9,2.7
2024-05-25 18:00:00,18,1311.1,4.6
2024-05-25 19:00:00,19,1004.3,4.3
2024-05-25 20:00:00,20,252.9,4.9
2024-05-25 21:00:00,21,16.2,2.5
2024-05-25 22:00:00,22,,2.8
2024-05-25 23:00:00,23,,2.8
2024-05-26 00:00:00,0,,3.2
2024-05-26 01:00:00,1,,2.6
2024-05-26 02:00:00,2,,2.7
2024-05-26 03:00:00,3,,1.0
2024-05-26 04:00:00,4,,1.5
2024-05-26 05:00:00,5,,1.7
2024-05-26 06:00:00,6,,1.3
2024-05-26 07:00:00,7,,1.0
2024-05-26 08:00:00,8,,1.0
2024-05-26 09:00:00,9,13.7,0.5
2024-05-26 10:00:00,10,357.2,1.5
2024-05-26 11:00:00,11,1155.4,2.6
2024-05-26 12:00:00,12,1603.4,4.3
2024-05-26 13:00:00,13,2506.2,4.4
2024-05-26 14:00:00,14,1757.1,4.1
2024-05-26 15:00:00,15,1233.0,3.8
2024-05-26 16:00:00,16,2076.0,3.2
2024-05-26 17:00:00,17,2063.6,3.3
2024-05-26 18:00:00,18,1386.6,4.5
2024-05-26 19:00:00,19,950.4,3.0
2024-05-26 20:00:00,20,491.6,2.7
2024-05-26 21:00:00,21,16.1,1.8
2024-05-26 22:00:00,22,,1.7
2024-05-26 23:00:00,23,,2.2
2024-05-27 00:00:00,0,,2.1
2024-05-27 01:00:00,1,,1.8
2024-05-27 02:00:00,2,,2.1
2024-05-27 03:00:00,3,,1.0
2024-05-27 04:00:00,4,,1.1
2024-05-27 05:00:00,5,,0.7
2024-05-27 06:00:00,6,,0.5
2024-05-27 07:00:00,7,,1.0
2024-05-27 08:00:00,8,,0.9
2024-05-27 09:00:00,9,9.3,0.7
2024-05-27 10:00:00,10,257.3,0.5
2024-05-27 11:00:00,11,1396.8,1.3
2024-05-27 12:00:00,12,1844.6,3.1
2024-05-27 13:00:00,13,2429.9,4.1
2024-05-27 14:00:00,14,2441.8,4.1
2024-05-27 15:00:00,15,2665.5,3.8
2024-05-27 16:00:00,16,2986.4,5.3
2024-05-27 17:00:00,17,2479.9,4.6
2024-05-27 18:00:00,18,2066.6,4.6
2024-05-27 19:00:00,19,1324.4,5.1
2024-05-27 20:00:00,20,479.1,3.2
2024-05-27 21:00:00,21,13.1,1.8
2024-05-27 22:00:00,22,,2.2
2024-05-27 23:00:00,23,,2.5
2024-05-28 00:00:00,0,,4.0
2024-05-28 01:00:00,1,,1.9
2024-05-28 02:00:00,2,,2.5
2024-05-28 03:00:00,3,,2.6
2024-05-28 04:00:00,4,,2.6
2024-05-28 05:00:00,5,,1.2
2024-05-28 06:00:00,6,,1.9
2024-05-28 07:00:00,7,,0.9
2024-05-28 08:00:00,8,,0.7
2024-05-28 09:00:00,9,6.6,1.3
2024-05-28 10:00:00,10,170.2,2.1
2024-05-28 11:00:00,11,533.1,3.1
2024-05-28 12:00:00,12,1205.6,4.2
2024-05-28 13:00:00,13,2028.3,3.7
2024-05-28 14:00:00,14,1408.3,3.5
2024-05-28 15:00:00,15,1667.6,3.8
2024-05-28 16:00:00,16,1506.5,3.4
2024-05-28 17:00:00,17,1699.1,3.6
2024-05-28 18:00:00,18,1689.6,3.4
2024-05-28 19:00:00,19,756.3,2.1
2024-05-28 20:00:00,20,567.1,3.6
2024-05-28 21:00:00,21,18.1,2.9
2024-05-28 22:00:00,22,,2.6
2024-05-28 23:00:00,23,,3.3
2024-05-29 00:00:00,0,,3.2
2024-05-29 01:00:00,1,,3.2
2024-05-29 02:00:00,2,,2.0
2024-05-29 03:00:00,3,,1.8
2024-05-29 04:00:00,4,,2.4
2024-05-29 05:00:00,5,,1.9
2024-05-29 06:00:00,6,,2.2
2024-05-29 07:00:00,7,,2.8
2024-05-29 08:00:00,8,,1.8
2024-05-29 09:00:00,9,6.1,1.2
2024-05-29 10:00:00,10,269.4,2.3
2024-05-29 11:00:00,11,1039.0,2.8
2024-05-29 12:00:00,12,1161.7,3.6
2024-05-29 13:00:00,13,1502.0,2.7
2024-05-29 14:00:00,14,1686.2,3.6
2024-05-29 15:00:00,15,1347.4,2.0
2024-05-29 16:00:00,16,1524.4,2.8
2024-05-29 17:00:00,17,2323.9,1.3
2024-05-29 18:00:00,18,2105.4,2.2
2024-05-29 19:00:00,19,1202.3,3.9
2024-05-29 20:00:00,20,447.7,3.4
2024-05-29 21:00:00,21,14.7,2.9
2024-05-29 22:00:00,22,,2.5
2024-05-29 23:00:00,23,,1.4
2024-05-30 00:00:00,0,,1.9
2024-05-30 01:00:00,1,,1.8
2024-05-30 02:00:00,2,,1.6
2024-05-30 03:00:00,3,,1.3
2024-05-30 04:00:00,4,,1.6
2024-05-30 05:00:00,5,,1.3
2024-05-30 06:00:00,6,,1.0
2024-05-30 07:00:00,7,,1.0
2024-05-30 08:00:00,8,,1.0
2024-05-30 09:00:00,9,7.6,1.4
2024-05-30 10:00:00,10,229.1,1.4
2024-05-30 11:00:00,11,427.3,1.6
2024-05-30 12:00:00,12,1429.2,0.9
2024-05-30 13:00:00,13,2711.7,2.3
2024-05-30 14:00:00,14,3000.0,2.3
2024-05-30 15:00:00,15,2888.2,2.5
2024-05-30 16:00:00,16,2320.6,2.6
2024-05-30 17:00:00,17,2676.4,2.7
2024-05-30 18:00:00,18,2073.2,3.3
2024-05-30 19:00:00,19,1300.0,3.6
2024-05-30 20:00:00,20,502.1,5.2
2024-05-30 21:00:00,21,27.8,4.4
2024-05-30 22:00:00,22,,3.8
2024-05-30 23:00:00,23,,2.8
2024-05-31 00:00:00,0,,3.0
2024-05-31 01:00:00,1,,2.9
2024-05-31 02:00:00,2,,2.3
2024-05-31 03:00:00,3,,1.9
2024-05-31 04:00:00,4,,1.8
2024-05-31 05:00:00,5,,1.8
2024-05-31 06:00:00,6,,1.3
2024-05-31 07:00:00,7,,1.3
2024-05-31 08:00:00,8,,0.9
2024-05-31 09:00:00,9,14.0,1.0
2024-05-31 10:00:00,10,473.7,1.4
2024-05-31 11:00:00,11,1285.2,1.8
2024-05-31 12:00:00,12,2019.5,2.6
2024-05-31 13:00:00,13,2219.5,3.9
2024-05-31 14:00:00,14,2701.7,4.5
2024-05-31 15:00:00,15,3056.0,4.8
2024-05-31 16:00:00,16,2546.9,5.4
2024-05-31 17:00:00,17,1825.2,5.8
2024-05-31 18:00:00,18,1272.1,4.7
2024-05-31 19:00:00,19,803.0,5.8
2024-05-31 20:00:00,20,474.1,4.6
2024-05-31 21:00:00,21,21.0,4.5
2024-05-31 22:00:00,22,,3.6
2024-05-31 23:00:00,23,,5.4
2024-06-01 00:00:00,0,,4.7
2024-06-01 01:00:00,1,,2.9
2024-06-01 02:00:00,2,,2.9
2024-06-01 03:00:00,3,,1.7
2024-06-01 04:00:00,4,,1.6
2024-06-01 05:00:00,5,,1.2
2024-06-01 06:00:00,6,,1.0
2024-06-01 07:00:00,7,,1.1
2024-06-01 08:00:00,8,,2.5
2024-06-01 09:00:00,9,7.3,0.6
2024-06-01 10:00:00,10,260.5,1.1
2024-06-01 11:00:00,11,705.8,1.7
2024-06-01 12:00:00,12,859.4,3.1
2024-06-01 13:00:00,13,911.5,4.6
2024-06-01 14:00:00,14,1359.6,5.1
2024-06-01 15:00:00,15,1672.8,3.6
2024-06-01 16:00:00,16,1218.5,4.8
2024-06-01 17:00:00,17,1157.9,4.9
2024-06-01 18:00:00,18,757.4,3.7
2024-06-01 19:00:00,19,504.6,3.6
2024-06-01 20:00:00,20,227.8,4.1
2024-06-01 21:00:00,21,10.9,2.5
2024-06-01 22:00:00,22,,2.4
2024-06-01 23:00:00,23,,1.9
2024-06-02 00:00:00,0,,2.1
2024-06-02 01:00:00,1,,3.1
2024-06-02 02:00:00,2,,1.2
2024-06-02 03:00:00,3,,0.9
2024-06-02 04:00:00,4,,1.6
2024-06-02 05:00:00,5,,0.9
2024-06-02 06:00:00,6,,0.8
2024-06-02 07:00:00,7,,0.5
2024-06-02 08:00:00,8,,0.8
2024-06-02 09:00:00,9,8.7,1.1
2024-06-02 10:00:00,10,237.7,1.6
2024-06-02 11:00:00,11,729.8,3.7
2024-06-02 12:00:00,12,1435.1,3.1
2024-06-02 13:00:00,13,1685.9,4.0
2024-06-02 14:00:00,14,1336.1,4.0
2024-06-02 15:00:00,15,2730.4,4.7
2024-06-02 16:00:00,16,2186.6,3.8
2024-06-02 17:00:00,17,1881.1,3.8
2024-06-02 18:00:00,18,1089.7,3.6
2024-06-02 19:00:00,19,636.5,6.3
2024-06-02 20:00:00,20,151.0,6.0
2024-06-02 21:00:00,21,15.1,5.0
2024-06-02 22:00:00,22,,4.1
2024-06-02 23:00:00,23,,2.9
2024-06-03 00:00:00,0,1.2,2.2
2024-06-03 01:00:00,1,3.2,1.7
2024-06-03 02:00:00,2,4.5,1.5
2024-06-03 03:00:00,3,0.4,1.5
2024-06-03 04:00:00,4,,0.9
2024-06-03 05:00:00,5,,1.5
2024-06-03 06:00:00,6,1.8,1.3
2024-06-03 07:00:00,7,0.2,1.4
2024-06-03 08:00:00,8,,1.4
2024-06-03 09:00:00,9,12.5,0.2
2024-06-03 10:00:00,10,247.6,1.1
2024-06-03 11:00:00,11,824.1,1.4
2024-06-03 12:00:00,12,1461.4,2.6
2024-06-03 13:00:00,13,2411.6,5.1
2024-06-03 14:00:00,14,2579.8,5.3
2024-06-03 15:00:00,15,2794.7,3.7
2024-06-03 16:00:00,16,2510.0,5.0
2024-06-03 17:00:00,17,2454.1,3.3
2024-06-03 18:00:00,18,1717.0,4.3
2024-06-03 19:00:00,19,1232.3,4.6
2024-06-03 20:00:00,20,300.4,3.6
2024-06-03 21:00:00,21,15.2,2.8
2024-06-03 22:00:00,22,,2.8
2024-06-03 23:00:00,23,,4.3
2024-06-04 00:00:00,0,,5.1
2024-06-04 01:00:00,1,,3.2
2024-06-04 02:00:00,2,,3.0
2024-06-04 03:00:00,3,,3.6
2024-06-04 04:00:00,4,,2.8
2024-06-04 05:00:00,5,,2.6
2024-06-04 06:00:00,6,,2.3
2024-06-04 07:00:00,7,,0.9
2024-06-04 08:00:00,8,,1.3
2024-06-04 09:00:00,9,9.6,2.1
2024-06-04 10:00:00,10,187.4,2.4
2024-06-04 11:00:00,11,609.9,3.3
2024-06-04 12:00:00,12,1939.9,3.8
2024-06-04 13:00:00,13,1166.0,3.1
2024-06-04 14:00:00,14,887.3,2.8
2024-06-04 15:00:00,15,1605.7,2.7
2024-06-04 16:00:00,16,1552.7,2.8
2024-06-04 17:00:00,17,1222.4,1.8
2024-06-04 18:00:00,18,1712.3,3.8
2024-06-04 19:00:00,19,970.9,4.5
2024-06-04 20:00:00,20,516.8,4.1
2024-06-04 21:00:00,21,15.0,2.7
2024-06-04 22:00:00,22,,2.6
2024-06-04 23:00:00,23,,2.7
2024-06-05 00:00:00,0,,2.5
2024-06-05 01:00:00,1,,2.9
2024-06-05 02:00:00,2,,2.6
2024-06-05 03:00:00,3,,2.1
2024-06-05 04:00:00,4,,1.4
2024-06-05 05:00:00,5,,2.1
2024-06-05 06:00:00,6,,2.0
2024-06-05 07:00:00,7,,1.8
2024-06-05 08:00:00,8,,1.0
2024-06-05 09:00:00,9,7.2,1.6
2024-06-05 10:00:00,10,170.0,0.7
2024-06-05 11:00:00,11,413.2,1.7
2024-06-05 12:00:00,12,1291.6,2.6
2024-06-05 13:00:00,13,1214.4,4.1
2024-06-05 14:00:00,14,1879.8,2.0
2024-06-05 15:00:00,15,1794.6,2.6
2024-06-05 16:00:00,16,1285.6,3.6
2024-06-05 17:00:00,17,2006.2,2.3
2024-06-05 18:00:00,18,681.1,1.3
2024-06-05 19:00:00,19,415.0,1.1
2024-06-05 20:00:00,20,186.6,3.4
2024-06-05 21:00:00,21,15.9,2.8
2024-06-05 22:00:00,22,,2.7
2024-06-05 23:00:00,23,,3.1
2024-06-06 00:00:00,0,,3.7
2024-06-06 01:00:00,1,,4.1
2024-06-06 02:00:00,2,,2.9
2024-06-06 03:00:00,3,,2.6
2024-06-06 04:00:00,4,,2.9
2024-06-06 05:00:00,5,,2.3
2024-06-06 06:00:00,6,,2.7
2024-06-06 07:00:00,7,,1.3
2024-06-06 08:00:00,8,,1.6
2024-06-06 09:00:00,9,12.4,0.3
2024-06-06 10:00:00,10,328.0,0.9
2024-06-06 11:00:00,11,785.6,2.5
2024-06-06 12:00:00,12,976.2,4.3
2024-06-06 13:00:00,13,824.5,4.4
2024-06-06 14:00:00,14,1558.6,5.3
2024-06-06 15:00:00,15,1161.0,4.1
2024-06-06 16:00:00,16,1088.0,4.3
2024-06-06 17:00:00,17,1234.4,4.7
2024-06-06 18:00:00,18,677.2,4.5
2024-06-06 19:00:00,19,404.0,3.4
2024-06-06 20:00:00,20,177.4,3.3
2024-06-06 21:00:00,21,12.9,1.9
2024-06-06 22:00:00,22,,3.7
2024-06-06 23:00:00,23,,3.7
2024-06-07 00:00:00,0,,2.3
2024-06-07 01:00:00,1,,1.7
2024-06-07 02:00:00,2,,1.4
2024-06-07 03:00:00,3,,2.2
2024-06-07 04:00:00,4,,1.9
2024-06-07 05:00:00,5,,1.7
2024-06-07 06:00:00,6,,1.8
2024-06-07 07:00:00,7,,2.4
2024-06-07 08:00:00,8,,0.5
2024-06-07 09:00:00,9,4.8,0.2
2024-06-07 10:00:00,10,322.6,1.4
2024-06-07 11:00:00,11,887.0,2.9
2024-06-07 12:00:00,12,747.2,2.9
2024-06-07 13:00:00,13,1091.9,3.9
2024-06-07 14:00:00,14,1192.1,3.8
2024-06-07 15:00:00,15,1737.1,5.7
2024-06-07 16:00:00,16,1814.6,5.5
2024-06-07 17:00:00,17,1266.6,4.8
2024-06-07 18:00:00,18,792.2,6.8
2024-06-07 19:00:00,19,1052.7,5.6
2024-06-07 20:00:00,20,418.9,5.1
2024-06-07 21:00:00,21,19.2,3.2
2024-06-07 22:00:00,22,,3.9
2024-06-07 23:00:00,23,,3.2
2024-06-08 00:00:00,0,,2.5
2024-06-08 01:00:00,1,,1.5
2024-06-08 02:00:00,2,,1.8
2024-06-08 03:00:00,3,,1.7
2024-06-08 04:00:00,4,,1.8
2024-06-08 05:00:00,5,,1.5
2024-06-08 06:00:00,6,,0.9
2024-06-08 07:00:00,7,,1.2
2024-06-08 08:00:00,8,,1.5
2024-06-08 09:00:00,9,9.8,1.3
2024-06-08 10:00:00,10,179.1,1.5
2024-06-08 11:00:00,11,539.6,2.9
2024-06-08 12:00:00,12,999.8,4.0
2024-06-08 13:00:00,13,1165.1,4.9
2024-06-08 14:00:00,14,1462.4,4.5
2024-06-08 15:00:00,15,2068.5,5.1
2024-06-08 16:00:00,16,1836.6,5.6
2024-06-08 17:00:00,17,1768.3,4.6
2024-06-08 18:00:00,18,1021.3,5.7
2024-06-08 19:00:00,19,474.6,1.8
2024-06-08 20:00:00,20,279.8,4.6
2024-06-08 21:00:00,21,17.2,2.0
2024-06-08 22:00:00,22,,3.6
2024-06-08 23:00:00,23,0.7,3.7
2024-06-09 00:00:00,0,,3.1
2024-06-09 01:00:00,1,0.4,3.2
2024-06-09 02:00:00,2,2.6,2.5
2024-06-09 03:00:00,3,0.4,1.4
2024-06-09 04:00:00,4,,0.6
2024-06-09 05:00:00,5,,1.1
2024-06-09 06:00:00,6,,0.5
2024-06-09 07:00:00,7,,1.6
2024-06-09 08:00:00,8,,2.5
2024-06-09 09:00:00,9,4.8,1.8
2024-06-09 10:00:00,10,191.1,2.1
2024-06-09 11:00:00,11,800.7,4.3
2024-06-09 12:00:00,12,1224.8,5.0
2024-06-09 13:00:00,13,1161.5,4.1
2024-06-09 14:00:00,14,1665.2,4.9
2024-06-09 15:00:00,15,2071.2,4.3
2024-06-09 16:00:00,16,1711.0,5.3
2024-06-09 17:00:00,17,2230.3,4.6
2024-06-09 18:00:00,18,1767.1,4.8
2024-06-09 19:00:00,19,1302.9,3.8
2024-06-09 20:00:00,20,491.2,3.7
2024-06-09 21:00:00,21,19.1,2.1
2024-06-09 22:00:00,22,,3.0
2024-06-09 23:00:00,23,,4.9
2024-06-10 00:00:00,0,,4.1
2024-06-10 01:00:00,1,,3.0
2024-06-10 02:00:00,2,,2.2
2024-06-10 03:00:00,3,,2.1
2024-06-10 04:00:00,4,,1.0
2024-06-10 05:00:00,5,,0.4
2024-06-10 06:00:00,6,,1.2
2024-06-10 07:00:00,7,,1.3
2024-06-10 08:00:00,8,,0.9
2024-06-10 09:00:00,9,6.7,1.0
2024-06-10 10:00:00,10,336.7,0.8
2024-06-10 11:00:00,11,962.2,2.8
2024-06-10 12:00:00,12,1390.0,3.7
2024-06-10 13:00:00,13,2534.1,4.9
2024-06-10 14:00:00,14,2567.1,5.1
2024-06-10 15:00:00,15,2199.9,4.5
2024-06-10 16:00:00,16,2207.0,4.1
2024-06-10 17:00:00,17,2246.1,4.5
2024-06-10 18:00:00,18,1327.5,4.9
2024-06-10 19:00:00,19,975.8,4.5
2024-06-10 20:00:00,20,387.9,4.9
2024-06-10 21:00:00,21,21.0,3.5
2024-06-10 22:00:00,22,,4.7
2024-06-10 23:00:00,23,,3.3
2024-06-11 00:00:00,0,,3.0
2024-06-11 01:00:00,1,,3.3
2024-06-11 02:00:00,2,,3.1
2024-06-11 03:00:00,3,,2.2
2024-06-11 04:00:00,4,,1.1
2024-06-11 05:00:00,5,,1.2
2024-06-11 06:00:00,6,,1.8
2024-06-11 07:00:00,7,,0.3
2024-06-11 08:00:00,8,,0.8
2024-06-11 09:00:00,9,6.6,1.1
2024-06-11 10:00:00,10,430.2,1.2
2024-06-11 11:00:00,11,775.4,2.6
2024-06-11 12:00:00,12,1902.5,3.7
2024-06-11 13:00:00,13,2158.9,4.5
2024-06-11 14:00:00,14,2063.0,3.8
2024-06-11 15:00:00,15,2514.4,3.6
2024-06-11 16:00:00,16,2508.8,5.2
2024-06-11 17:00:00,17,2288.1,4.5
2024-06-11 18:00:00,18,1864.1,4.9
2024-06-11 19:00:00,19,1183.5,4.8
2024-06-11 20:00:00,20,345.0,3.6
2024-06-11 21:00:00,21,19.7,2.4
2024-06-11 22:00:00,22,,2.6
2024-06-11 23:00:00,23,,3.4
2024-06-12 00:00:00,0,,3.2
2024-06-12 01:00:00,1,,3.2
2024-06-12 02:00:00,2,,2.4
2024-06-12 03:00:00,3,,2.0
2024-06-12 04:00:00,4,,2.4
2024-06-12 05:00:00,5,,1.5
2024-06-12 06:00:00,6,,1.8
2024-06-12 07:00:00,7,,1.8
2024-06-12 08:00:00,8,,1.8
2024-06-12 09:00:00,9,4.2,2.2
2024-06-12 10:00:00,10,168.9,2.8
2024-06-12 11:00:00,11,490.4,3.4
2024-06-12 12:00:00,12,826.0,4.4
2024-06-12 13:00:00,13,1337.0,4.6
2024-06-12 14:00:00,14,1564.8,3.9
2024-06-12 15:00:00,15,1802.3,3.6
2024-06-12 16:00:00,16,2356.4,4.0
2024-06-12 17:00:00,17,1426.8,4.7
2024-06-12 18:00:00,18,1067.6,5.4
2024-06-12 19:00:00,19,766.2,3.6
2024-06-12 20:00:00,20,143.8,4.7
2024-06-12 21:00:00,21,13.5,4.1
2024-06-12 22:00:00,22,,2.6
2024-06-12 23:00:00,23,,1.9
2024-06-13 00:00:00,0,,1.4
2024-06-13 01:00:00,1,,2.0
2024-06-13 02:00:00,2,,1.2
2024-06-13 03:00:00,3,,1.5
2024-06-13 04:00:00,4,,0.4
2024-06-13 05:00:00,5,,0.7
2024-06-13 06:00:00,6,,0.8
2024-06-13 07:00:00,7,,0.6
2024-06-13 08:00:00,8,,0.4
2024-06-13 09:00:00,9,3.9,1.2
2024-06-13 10:00:00,10,161.7,0.4
2024-06-13 11:00:00,11,477.7,2.1
2024-06-13 12:00:00,12,571.8,3.8
2024-06-13 13:00:00,13,718.6,4.5
2024-06-13 14:00:00,14,1081.0,4.4
2024-06-13 15:00:00,15,1292.9,4.4
2024-06-13 16:00:00,16,985.3,3.8
2024-06-13 17:00:00,17,859.4,4.0
2024-06-13 18:00:00,18,894.9,4.8
2024-06-13 19:00:00,19,521.5,4.0
2024-06-13 20:00:00,20,260.6,4.6
2024-06-13 21:00:00,21,13.4,4.9
2024-06-13 22:00:00,22,,2.9
2024-06-13 23:00:00,23,,2.6
2024-06-14 00:00:00,0,,4.4
2024-06-14 01:00:00,1,,3.2
2024-06-14 02:00:00,2,,3.3
2024-06-14 03:00:00,3,,2.6
2024-06-14 04:00:00,4,,2.9
2024-06-14 05:00:00,5,,1.9
2024-06-14 06:00:00,6,,1.6
2024-06-14 07:00:00,7,1.2,5.3
2024-06-14 08:00:00,8,1.6,1.7
2024-06-14 09:00:00,9,5.8,2.0
2024-06-14 10:00:00,10,227.5,1.6
2024-06-14 11:00:00,11,513.4,3.7
2024-06-14 12:00:00,12,1730.6,5.2
2024-06-14 13:00:00,13,2561.1,4.5
2024-06-14 14:00:00,14,2884.6,4.8
2024-06-14 15:00:00,15,3032.7,4.9
2024-06-14 16:00:00,16,2924.7,4.9
2024-06-14 17:00:00,17,2304.6,5.0
2024-06-14 18:00:00,18,2066.2,6.3
2024-06-14 19:00:00,19,1310.8,5.4
2024-06-14 20:00:00,20,509.1,5.6
2024-06-14 21:00:00,21,33.7,4.9
2024-06-14 22:00:00,22,,4.4
2024-06-14 23:00:00,23,,4.5
2024-06-15 00:00:00,0,,3.7
2024-06-15 01:00:00,1,,4.2
2024-06-15 02:00:00,2,,3.0
2024-06-15 03:00:00,3,,2.9
2024-06-15 04:00:00,4,0.3,3.4
2024-06-15 05:00:00,5,,1.7
2024-06-15 06:00:00,6,,2.0
2024-06-15 07:00:00,7,,1.3
2024-06-15 08:00:00,8,,0.7
2024-06-15 09:00:00,9,7.2,0.6
2024-06-15 10:00:00,10,312.5,0.9
2024-06-15 11:00:00,11,820.7,3.6
2024-06-15 12:00:00,12,922.0,4.3
2024-06-15 13:00:00,13,1228.1,4.8
2024-06-15 14:00:00,14,1579.2,5.1
2024-06-15 15:00:00,15,1653.9,5.5
2024-06-15 16:00:00,16,1571.1,4.8
2024-06-15 17:00:00,17,1143.2,5.4
2024-06-15 18:00:00,18,626.4,4.8
2024-06-15 19:00:00,19,360.0,3.6
2024-06-15 20:00:00,20,196.4,4.1
2024-06-15 21:00:00,21,6.3,4.4
2024-06-15 22:00:00,22,,3.7
2024-06-15 23:00:00,23,,3.6
2024-06-16 00:00:00,0,,5.4
2024-06-16 01:00:00,1,,3.4
2024-06-16 02:00:00,2,,1.7
2024-06-16 03:00:00,3,,1.9
2024-06-16 04:00:00,4,,1.4
2024-06-16 05:00:00,5,,0.3
2024-06-16 06:00:00,6,,0.9
2024-06-16 07:00:00,7,,1.8
2024-06-16 08:00:00,8,,0.6
2024-06-16 09:00:00,9,7.6,1.6
2024-06-16 10:00:00,10,407.2,1.7
2024-06-16 11:00:00,11,1190.3,4.0
2024-06-16 12:00:00,12,1706.5,5.4
2024-06-16 13:00:00,13,1974.7,5.4
2024-06-16 14:00:00,14,2098.5,5.1
2024-06-16 15:00:00,15,2994.0,5.4
2024-06-16 16:00:00,16,2989.7,5.3
2024-06-16 17:00:00,17,2595.1,4.5
2024-06-16 18:00:00,18,1804.2,4.2
2024-06-16 19:00:00,19,1064.7,5.3
2024-06-16 20:00:00,20,511.4,4.6
2024-06-16 21:00:00,21,28.0,4.8
2024-06-16 22:00:00,22,,4.3
2024-06-16 23:00:00,23,,3.8
2024-06-17 00:00:00,0,,2.7
2024-06-17 01:00:00,1,,2.7
2024-06-17 02:00:00,2,,2.4
2024-06-17 03:00:00,3,,1.7
2024-06-17 04:00:00,4,,1.4
2024-06-17 05:00:00,5,,0.8
2024-06-17 06:00:00,6,,0.8
2024-06-17 07:00:00,7,,0.3
2024-06-17 08:00:00,8,,0.8
2024-06-17 09:00:00,9,6.6,0.8
2024-06-17 10:00:00,10,397.9,0.9
2024-06-17 11:00:00,11,1065.5,2.2
2024-06-17 12:00:00,12,1480.8,3.2
2024-06-17 13:00:00,13,2438.3,4.8
2024-06-17 14:00:00,14,2861.9,4.3
2024-06-17 15:00:00,15,2978.8,3.2
2024-06-17 16:00:00,16,2538.0,4.9
2024-06-17 17:00:00,17,2506.3,4.2
2024-06-17 18:00:00,18,1947.8,4.0
2024-06-17 19:00:00,19,1301.5,4.4
2024-06-17 20:00:00,20,412.0,3.9
2024-06-17 21:00:00,21,19.1,3.3
2024-06-17 22:00:00,22,,3.8
2024-06-17 23:00:00,23,,2.6
2024-06-18 00:00:00,0,,1.6
2024-06-18 01:00:00,1,,0.8
2024-06-18 02:00:00,2,,1.1
2024-06-18 03:00:00,3,,2.6
2024-06-18 04:00:00,4,,1.6
2024-06-18 05:00:00,5,,1.6
2024-06-18 06:00:00,6,,2.1
2024-06-18 07:00:00,7,,1.3
2024-06-18 08:00:00,8,,2.1
2024-06-18 09:00:00,9,3.8,1.8
2024-06-18 10:00:00,10,208.3,2.0
2024-06-18 11:00:00,11,931.3,2.7
2024-06-18 12:00:00,12,1522.7,2.8
2024-06-18 13:00:00,13,1254.7,4.1
2024-06-18 14:00:00,14,2700.6,5.2
2024-06-18 15:00:00,15,1463.5,4.3
2024-06-18 16:00:00,16,1485.4,4.4
2024-06-18 17:00:00,17,1453.4,3.7
2024-06-18 18:00:00,18,1125.9,5.4
2024-06-18 19:00:00,19,1309.6,5.3
2024-06-18 20:00:00,20,461.9,5.2
2024-06-18 21:00:00,21,28.4,3.3
2024-06-18 22:00:00,22,,3.5
2024-06-18 23:00:00,23,,3.5
2024-06-19 00:00:00,0,,3.5
2024-06-19 01:00:00,1,,3.0
2024-06-19 02:00:00,2,,2.5
2024-06-19 03:00:00,3,,1.7
2024-06-19 04:00:00,4,,0.7
2024-06-19 05:00:00,5,,0.8
2024-06-19 06:00:00,6,,1.1
2024-06-19 07:00:00,7,,0.8
2024-06-19 08:00:00,8,,0.4
2024-06-19 09:00:00,9,3.9,1.1
2024-06-19 10:00:00,10,383.7,0.4
2024-06-19 11:00:00,11,1213.6,1.9
2024-06-19 12:00:00,12,1370.4,2.3
2024-06-19 13:00:00,13,1455.9,2.5
2024-06-19 14:00:00,14,1571.9,3.0
2024-06-19 15:00:00,15,1685.1,4.9
2024-06-19 16:00:00,16,1482.9,4.1
2024-06-19 17:00:00,17,1247.3,4.2
2024-06-19 18:00:00,18,1013.8,3.4
2024-06-19 19:00:00,19,991.8,4.4
2024-06-19 20:00:00,20,355.1,3.6
2024-06-19 21:00:00,21,19.5,2.9
2024-06-19 22:00:00,22,,4.6
2024-06-19 23:00:00,23,,3.2
2024-06-20 00:00:00,0,,2.4
2024-06-20 01:00:00,1,,2.5
2024-06-20 02:00:00,2,,1.2
2024-06-20 03:00:00,3,,2.0
2024-06-20 04:00:00,4,,1.0
2024-06-20 05:00:00,5,,1.7
2024-06-20 06:00:00,6,,1.7
2024-06-20 07:00:00,7,,2.0
2024-06-20 08:00:00,8,,1.2
2024-06-20 09:00:00,9,3.8,1.2
2024-06-20 10:00:00,10,197.8,2.7
2024-06-20 11:00:00,11,587.8,2.8
2024-06-20 12:00:00,12,727.6,3.3
2024-06-20 13:00:00,13,1069.4,3.9
2024-06-20 14:00:00,14,1796.5,5.3
2024-06-20 15:00:00,15,2509.5,4.3
2024-06-20 16:00:00,16,1851.3,4.9
2024-06-20 17:00:00,17,1413.5,4.3
2024-06-20 18:00:00,18,1759.8,4.7
2024-06-20 19:00:00,19,615.5,6.1
2024-06-20 20:00:00,20,281.9,3.4
2024-06-20 21:00:00,21,24.5,4.3
2024-06-20 22:00:00,22,,4.6
2024-06-20 23:00:00,23,0.1,3.0
2024-06-21 00:00:00,0,,2.8
2024-06-21 01:00:00,1,,4.0
2024-06-21 02:00:00,2,,3.2
2024-06-21 03:00:00,3,,2.7
2024-06-21 04:00:00,4,,1.6
2024-06-21 05:00:00,5,,3.7
2024-06-21 06:00:00,6,0.0,2.3
2024-06-21 07:00:00,7,,1.8
2024-06-21 08:00:00,8,,1.5
2024-06-21 09:00:00,9,5.2,1.5
2024-06-21 10:00:00,10,256.3,1.0
2024-06-21 11:00:00,11,512.8,2.7
2024-06-21 12:00:00,12,1309.6,4.2
2024-06-21 13:00:00,13,2273.4,4.0
2024-06-21 14:00:00,14,1756.0,4.7
2024-06-21 15:00:00,15,1534.9,4.0
2024-06-21 16:00:00,16,2271.0,4.5
2024-06-21 17:00:00,17,1411.6,5.3
2024-06-21 18:00:00,18,1633.7,5.3
2024-06-21 19:00:00,19,765.0,4.6
2024-06-21 20:00:00,20,156.2,5.4
2024-06-21 21:00:00,21,15.2,4.0
2024-06-21 22:00:00,22,,4.0
2024-06-21 23:00:00,23,,3.1
2024-06-22 00:00:00,0,,2.7
2024-06-22 01:00:00,1,,2.2
2024-06-22 02:00:00,2,0.5,1.7
2024-06-22 03:00:00,3,1.8,1.7
2024-06-22 04:00:00,4,,1.4
2024-06-22 05:00:00,5,,0.8
2024-06-22 06:00:00,6,,0.7
2024-06-22 07:00:00,7,,1.6
2024-06-22 08:00:00,8,,0.9
2024-06-22 09:00:00,9,1.5,1.0
2024-06-22 10:00:00,10,88.5,1.0
2024-06-22 11:00:00,11,575.2,2.1
2024-06-22 12:00:00,12,887.5,3.7
2024-06-22 13:00:00,13,1436.7,4.2
2024-06-22 14:00:00,14,1212.8,4.4
2024-06-22 15:00:00,15,1089.0,4.7
2024-06-22 16:00:00,16,1242.6,3.3
2024-06-22 17:00:00,17,1191.9,5.1
2024-06-22 18:00:00,18,1146.3,4.7
2024-06-22 19:00:00,19,747.2,4.3
2024-06-22 20:00:00,20,436.8,5.9
2024-06-22 21:00:00,21,33.5,4.7
2024-06-22 22:00:00,22,,3.1
2024-06-22 23:00:00,23,1.9,3.0
2024-06-23 00:00:00,0,,3.4
2024-06-23 01:00:00,1,0.2,2.8
2024-06-23 02:00:00,2,3.7,3.0
2024-06-23 03:00:00,3,1.9,2.2
2024-06-23 04:00:00,4,1.7,2.8
2024-06-23 05:00:00,5,,2.0
2024-06-23 06:00:00,6,0.0,1.2
2024-06-23 07:00:00,7,,0.7
2024-06-23 08:00:00,8,,0.5
2024-06-23 09:00:00,9,2.3,0.4
2024-06-23 10:00:00,10,167.4,1.3
2024-06-23 11:00:00,11,819.9,2.0
2024-06-23 12:00:00,12,1401.5,3.0
2024-06-23 13:00:00,13,2313.2,2.4
2024-06-23 14:00:00,14,2444.5,3.7
2024-06-23 15:00:00,15,2266.9,3.8
2024-06-23 16:00:00,16,1900.4,5.6
2024-06-23 17:00:00,17,1134.2,4.6
2024-06-23 18:00:00,18,1082.2,5.4
2024-06-23 19:00:00,19,649.6,3.6
2024-06-23 20:00:00,20,210.8,4.1
2024-06-23 21:00:00,21,11.1,3.9
2024-06-23 22:00:00,22,,3.8
2024-06-23 23:00:00,23,,3.9
2024-06-24 00:00:00,0,,3.2
2024-06-24 01:00:00,1,,3.2
2024-06-24 02:00:00,2,,2.7
2024-06-24 03:00:00,3,,1.6
2024-06-24 04:00:00,4,,3.4
2024-06-24 05:00:00,5,,3.1
2024-06-24 06:00:00,6,,2.4
2024-06-24 07:00:00,7,,2.3
2024-06-24 08:00:00,8,,1.9
2024-06-24 09:00:00,9,2.8,1.4
2024-06-24 10:00:00,10,253.1,2.8
2024-06-24 11:00:00,11,1243.1,2.4
2024-06-24 12:00:00,12,1877.3,3.5
2024-06-24 13:00:00,13,1872.4,2.7
2024-06-24 14:00:00,14,2493.9,3.1
2024-06-24 15:00:00,15,2481.3,4.3
2024-06-24 16:00:00,16,2455.2,4.8
2024-06-24 17:00:00,17,2453.2,4.4
2024-06-24 18:00:00,18,2043.4,4.3
2024-06-24 19:00:00,19,1348.6,4.3
2024-06-24 20:00:00,20,520.1,4.6
2024-06-24 21:00:00,21,25.1,2.9
2024-06-24 22:00:00,22,,2.9
2024-06-24 23:00:00,23,,1.9
2024-06-25 00:00:00,0,,0.9
2024-06-25 01:00:00,1,,1.2
2024-06-25 02:00:00,2,,0.9
2024-06-25 03:00:00,3,,1.4
2024-06-25 04:00:00,4,,1.9
2024-06-25 05:00:00,5,,1.0
2024-06-25 06:00:00,6,,1.1
2024-06-25 07:00:00,7,,0.8
2024-06-25 08:00:00,8,,1.0
2024-06-25 09:00:00,9,3.4,0.3
2024-06-25 10:00:00,10,400.2,1.2
2024-06-25 11:00:00,11,1177.6,2.6
2024-06-25 12:00:00,12,1502.3,3.3
2024-06-25 13:00:00,13,1922.2,3.2
2024-06-25 14:00:00,14,2676.2,3.8
2024-06-25 15:00:00,15,2605.6,4.3
2024-06-25 16:00:00,16,1541.0,4.1
2024-06-25 17:00:00,17,1260.8,4.3
2024-06-25 18:00:00,18,1363.3,3.0
2024-06-25 19:00:00,19,590.5,4.5
2024-06-25 20:00:00,20,279.6,4.5
2024-06-25 21:00:00,21,22.5,4.2
2024-06-25 22:00:00,22,,4.1
2024-06-25 23:00:00,23,,3.6
2024-06-26 00:00:00,0,,3.8
2024-06-26 01:00:00,1,,3.1
2024-06-26 02:00:00,2,,2.6
2024-06-26 03:00:00,3,,2.2
2024-06-26 04:00:00,4,,1.6
2024-06-26 05:00:00,5,,2.5
2024-06-26 06:00:00,6,,2.2
2024-06-26 07:00:00,7,,1.3
2024-06-26 08:00:00,8,,1.1
2024-06-26 09:00:00,9,5.1,1.2
2024-06-26 10:00:00,10,234.6,2.1
2024-06-26 11:00:00,11,731.2,3.2
2024-06-26 12:00:00,12,2064.9,4.3
2024-06-26 13:00:00,13,1168.3,2.1
2024-06-26 14:00:00,14,1066.5,2.4
2024-06-26 15:00:00,15,1557.1,2.9
2024-06-26 16:00:00,16,2682.7,4.5
2024-06-26 17:00:00,17,1637.9,3.6
2024-06-26 18:00:00,18,1175.2,3.6
2024-06-26 19:00:00,19,660.6,4.0
2024-06-26 20:00:00,20,310.1,3.3
2024-06-26 21:00:00,21,23.0,4.0
2024-06-26 22:00:00,22,,3.7
2024-06-26 23:00:00,23,,3.3
2024-06-27 00:00:00,0,,3.6
2024-06-27 01:00:00,1,,1.2
2024-06-27 02:00:00,2,,1.9
2024-06-27 03:00:00,3,,1.3
2024-06-27 04:00:00,4,,1.5
2024-06-27 05:00:00,5,,1.4
2024-06-27 06:00:00,6,,0.5
2024-06-27 07:00:00,7,,0.8
2024-06-27 08:00:00,8,,0.8
2024-06-27 09:00:00,9,4.4,0.6
2024-06-27 10:00:00,10,375.5,0.9
2024-06-27 11:00:00,11,1152.0,2.7
2024-06-27 12:00:00,12,1885.8,2.6
2024-06-27 13:00:00,13,2445.1,2.5
2024-06-27 14:00:00,14,2828.8,2.6
2024-06-27 15:00:00,15,2813.8,3.2
2024-06-27 16:00:00,16,2917.4,2.6
2024-06-27 17:00:00,17,2596.6,2.1
2024-06-27 18:00:00,18,2023.6,2.0
2024-06-27 19:00:00,19,1319.5,2.6
2024-06-27 20:00:00,20,523.4,2.5
2024-06-27 21:00:00,21,22.8,2.3
2024-06-27 22:00:00,22,,3.2
2024-06-27 23:00:00,23,,2.4
2024-06-28 00:00:00,0,,2.5
2024-06-28 01:00:00,1,,0.9
2024-06-28 02:00:00,2,,1.1
2024-06-28 03:00:00,3,,0.3
2024-06-28 04:00:00,4,,0.8
2024-06-28 05:00:00,5,,1.2
2024-06-28 06:00:00,6,,0.9
2024-06-28 07:00:00,7,,1.0
2024-06-28 08:00:00,8,,0.9
2024-06-28 09:00:00,9,3.5,0.9
2024-06-28 10:00:00,10,388.0,1.4
2024-06-28 11:00:00,11,1192.8,1.6
2024-06-28 12:00:00,12,1932.0,3.8
2024-06-28 13:00:00,13,2505.9,2.5
2024-06-28 14:00:00,14,2867.4,3.0
2024-06-28 15:00:00,15,3014.4,4.3
2024-06-28 16:00:00,16,2925.3,5.2
2024-06-28 17:00:00,17,2609.8,6.1
2024-06-28 18:00:00,18,2074.5,5.6
2024-06-28 19:00:00,19,1364.4,4.8
2024-06-28 20:00:00,20,554.2,3.5
2024-06-28 21:00:00,21,25.1,2.6
2024-06-28 22:00:00,22,,2.1
2024-06-28 23:00:00,23,,2.3
2024-06-29 00:00:00,0,,1.5
2024-06-29 01:00:00,1,,1.6
2024-06-29 02:00:00,2,,1.4
2024-06-29 03:00:00,3,,1.1
2024-06-29 04:00:00,4,,1.3
2024-06-29 05:00:00,5,,1.2
2024-06-29 06:00:00,6,,1.3
2024-06-29 07:00:00,7,,1.5
2024-06-29 08:00:00,8,,1.0
2024-06-29 09:00:00,9,3.6,0.2
2024-06-29 10:00:00,10,392.7,0.8
2024-06-29 11:00:00,11,1196.7,1.1
2024-06-29 12:00:00,12,1935.3,2.7
2024-06-29 13:00:00,13,2495.6,3.3
2024-06-29 14:00:00,14,2858.4,3.8
2024-06-29 15:00:00,15,2996.8,4.4
2024-06-29 16:00:00,16,2910.6,4.9
2024-06-29 17:00:00,17,2601.8,4.6
2024-06-29 18:00:00,18,2070.1,4.2
2024-06-29 19:00:00,19,1358.9,4.6
2024-06-29 20:00:00,20,520.7,3.6
2024-06-29 21:00:00,21,25.4,2.5
2024-06-29 22:00:00,22,,2.6
2024-06-29 23:00:00,23,,2.8
2024-06-30 00:00:00,0,,2.5
2024-06-30 01:00:00,1,,1.4
2024-06-30 02:00:00,2,,0.7
2024-06-30 03:00:00,3,,1.0
2024-06-30 04:00:00,4,,0.8
2024-06-30 05:00:00,5,,1.3
2024-06-30 06:00:00,6,,0.2
2024-06-30 07:00:00,7,,1.2
2024-06-30 08:00:00,8,,0.8
2024-06-30 09:00:00,9,4.7,1.2
2024-06-30 10:00:00,10,428.4,1.8
2024-06-30 11:00:00,11,1235.0,2.2
2024-06-30 12:00:00,12,1962.4,1.8
2024-06-30 13:00:00,13,2537.5,2.6
2024-06-30 14:00:00,14,2901.7,3.4
2024-06-30 15:00:00,15,3051.4,2.8
2024-06-30 16:00:00,16,2972.4,3.7
2024-06-30 17:00:00,17,2629.7,4.6
2024-06-30 18:00:00,18,2093.5,4.6
2024-06-30 19:00:00,19,1372.9,4.6
2024-06-30 20:00:00,20,563.8,4.7
2024-06-30 21:00:00,21,28.0,3.5
2024-06-30 22:00:00,22,,3.4
2024-06-30 23:00:00,23,,3.2
2024-07-01 00:00:00,0,,2.5
2024-07-01 01:00:00,1,,1.0
2024-07-01 02:00:00,2,,0.7
2024-07-01 03:00:00,3,,2.0
2024-07-01 04:00:00,4,,2.5
2024-07-01 05:00:00,5,,1.4
2024-07-01 06:00:00,6,,1.5
2024-07-01 07:00:00,7,,1.0
2024-07-01 08:00:00,8,,2.5
2024-07-01 09:00:00,9,3.7,1.6
2024-07-01 10:00:00,10,390.7,1.2
2024-07-01 11:00:00,11,1196.8,2.0
2024-07-01 12:00:00,12,1936.0,4.2
2024-07-01 13:00:00,13,2276.8,3.4
2024-07-01 14:00:00,14,2635.8,4.1
2024-07-01 15:00:00,15,2724.2,5.4
2024-07-01 16:00:00,16,2590.6,5.1
2024-07-01 17:00:00,17,2244.4,5.0
2024-07-01 18:00:00,18,2076.4,6.5
2024-07-01 19:00:00,19,1396.0,5.5
2024-07-01 20:00:00,20,576.6,4.6
2024-07-01 21:00:00,21,29.7,3.3
2024-07-01 22:00:00,22,,5.7
2024-07-01 23:00:00,23,,3.8
2024-07-02 00:00:00,0,,3.9
2024-07-02 01:00:00,1,,3.2
2024-07-02 02:00:00,2,,2.0
2024-07-02 03:00:00,3,,1.6
2024-07-02 04:00:00,4,,1.8
2024-07-02 05:00:00,5,,1.4
2024-07-02 06:00:00,6,,1.3
2024-07-02 07:00:00,7,,1.3
2024-07-02 08:00:00,8,,0.8
2024-07-02 09:00:00,9,3.7,0.4
2024-07-02 10:00:00,10,376.6,1.1
2024-07-02 11:00:00,11,1187.9,1.7
2024-07-02 12:00:00,12,1858.8,2.9
2024-07-02 13:00:00,13,2422.4,3.4
2024-07-02 14:00:00,14,2544.4,4.4
2024-07-02 15:00:00,15,2828.8,4.4
2024-07-02 16:00:00,16,2450.1,4.9
2024-07-02 17:00:00,17,2490.8,6.1
2024-07-02 18:00:00,18,2063.7,6.2
2024-07-02 19:00:00,19,1355.4,6.0
2024-07-02 20:00:00,20,556.4,6.9
2024-07-02 21:00:00,21,32.6,5.8
2024-07-02 22:00:00,22,,4.5
2024-07-02 23:00:00,23,,4.2
2024-07-03 00:00:00,0,,1.4
2024-07-03 01:00:00,1,,1.0
2024-07-03 02:00:00,2,,1.5
2024-07-03 03:00:00,3,,0.7
2024-07-03 04:00:00,4,,0.5
2024-07-03 05:00:00,5,,0.6
2024-07-03 06:00:00,6,,0.2
2024-07-03 07:00:00,7,,0.1
2024-07-03 08:00:00,8,,0.5
2024-07-03 09:00:00,9,4.5,0.5
2024-07-03 10:00:00,10,382.1,0.7
2024-07-03 11:00:00,11,632.6,2.1
2024-07-03 12:00:00,12,840.9,3.1
2024-07-03 13:00:00,13,1423.7,3.1
2024-07-03 14:00:00,14,1658.1,4.1
2024-07-03 15:00:00,15,2132.5,4.0
2024-07-03 16:00:00,16,1583.6,4.3
2024-07-03 17:00:00,17,1395.3,4.3
2024-07-03 18:00:00,18,1346.5,5.2
2024-07-03 19:00:00,19,689.9,3.5
2024-07-03 20:00:00,20,201.4,3.7
2024-07-03 21:00:00,21,12.2,3.1
2024-07-03 22:00:00,22,,3.2
2024-07-03 23:00:00,23,,3.1
2024-07-04 00:00:00,0,,3.1
2024-07-04 01:00:00,1,,2.9
2024-07-04 02:00:00,2,,2.8
2024-07-04 03:00:00,3,,2.2
2024-07-04 04:00:00,4,,1.9
2024-07-04 05:00:00,5,,1.6
2024-07-04 06:00:00,6,,0.6
2024-07-04 07:00:00,7,,0.9
2024-07-04 08:00:00,8,,1.0
2024-07-04 09:00:00,9,2.8,0.6
2024-07-04 10:00:00,10,368.1,0.9
2024-07-04 11:00:00,11,1181.4,4.2
2024-07-04 12:00:00,12,1580.5,4.5
2024-07-04 13:00:00,13,1854.6,4.8
2024-07-04 14:00:00,14,1744.0,4.5
2024-07-04 15:00:00,15,1781.3,4.8
2024-07-04 16:00:00,16,2125.1,4.1
2024-07-04 17:00:00,17,2056.1,3.8
2024-07-04 18:00:00,18,1481.7,4.4
2024-07-04 19:00:00,19,978.7,5.3
2024-07-04 20:00:00,20,444.4,5.1
2024-07-04 21:00:00,21,24.5,3.1
2024-07-04 22:00:00,22,,3.6
2024-07-04 23:00:00,23,,2.6
2024-07-05 00:00:00,0,,2.6
2024-07-05 01:00:00,1,,1.9
2024-07-05 02:00:00,2,,2.5
2024-07-05 03:00:00,3,,2.0
2024-07-05 04:00:00,4,,1.3
2024-07-05 05:00:00,5,,0.3
2024-07-05 06:00:00,6,,1.2
2024-07-05 07:00:00,7,,0.6
2024-07-05 08:00:00,8,,0.5
2024-07-05 09:00:00,9,4.6,1.2
2024-07-05 10:00:00,10,201.0,1.3
2024-07-05 11:00:00,11,721.9,2.9
2024-07-05 12:00:00,12,1296.2,3.2
2024-07-05 13:00:00,13,1937.4,3.0
2024-07-05 14:00:00,14,1456.3,3.9
2024-07-05 15:00:00,15,1549.5,3.1
2024-07-05 16:00:00,16,1276.1,3.9
2024-07-05 17:00:00,17,942.8,4.2
2024-07-05 18:00:00,18,789.7,4.5
2024-07-05 19:00:00,19,686.6,3.5
2024-07-05 20:00:00,20,335.9,3.5
2024-07-05 21:00:00,21,26.5,4.0
2024-07-05 22:00:00,22,0.7,2.2
2024-07-05 23:00:00,23,0.3,3.2
2024-07-06 00:00:00,0,2.1,2.3
2024-07-06 01:00:00,1,0.9,1.5
2024-07-06 02:00:00,2,2.3,2.0
2024-07-06 03:00:00,3,,2.8
2024-07-06 04:00:00,4,2.8,1.9
2024-07-06 05:00:00,5,2.6,2.0
2024-07-06 06:00:00,6,0.0,2.3
2024-07-06 07:00:00,7,,2.6
2024-07-06 08:00:00,8,,1.6
2024-07-06 09:00:00,9,2.1,2.1
2024-07-06 10:00:00,10,123.4,1.5
2024-07-06 11:00:00,11,837.0,2.3
2024-07-06 12:00:00,12,807.8,3.1
2024-07-06 13:00:00,13,1342.9,2.0
2024-07-06 14:00:00,14,1320.0,3.5
2024-07-06 15:00:00,15,2143.8,2.7
2024-07-06 16:00:00,16,1311.9,2.8
2024-07-06 17:00:00,17,1857.3,3.4
2024-07-06 18:00:00,18,836.7,1.8
2024-07-06 19:00:00,19,1218.7,4.1
2024-07-06 20:00:00,20,111.6,3.0
2024-07-06 21:00:00,21,43.8,2.9
2024-07-06 22:00:00,22,2.0,3.9
2024-07-06 23:00:00,23,0.9,3.4
2024-07-07 00:00:00,0,,3.6
2024-07-07 01:00:00,1,,3.1
2024-07-07 02:00:00,2,,1.9
2024-07-07 03:00:00,3,,2.2
2024-07-07 04:00:00,4,,2.4
2024-07-07 05:00:00,5,,2.4
2024-07-07 06:00:00,6,,1.5
2024-07-07 07:00:00,7,,2.4
2024-07-07 08:00:00,8,0.3,2.0
2024-07-07 09:00:00,9,7.5,1.6
2024-07-07 10:00:00,10,129.8,1.5
2024-07-07 11:00:00,11,625.5,1.6
2024-07-07 12:00:00,12,419.4,2.9
2024-07-07 13:00:00,13,752.4,3.2
2024-07-07 14:00:00,14,1303.6,2.9
2024-07-07 15:00:00,15,1449.7,4.6
2024-07-07 16:00:00,16,1650.5,2.9
2024-07-07 17:00:00,17,808.8,3.6
2024-07-07 18:00:00,18,1038.3,4.3
2024-07-07 19:00:00,19,901.1,3.7
2024-07-07 20:00:00,20,593.4,5.0
2024-07-07 21:00:00,21,35.3,4.0
2024-07-07 22:00:00,22,,4.2
2024-07-07 23:00:00,23,,4.2
2024-07-08 00:00:00,0,,2.9
2024-07-08 01:00:00,1,,2.1
2024-07-08 02:00:00,2,,1.1
2024-07-08 03:00:00,3,,2.3
2024-07-08 04:00:00,4,,3.0
2024-07-08 05:00:00,5,,1.8
2024-07-08 06:00:00,6,,3.0
2024-07-08 07:00:00,7,,2.7
2024-07-08 08:00:00,8,,1.4
2024-07-08 09:00:00,9,1.9,0.6
2024-07-08 10:00:00,10,120.7,1.5
2024-07-08 11:00:00,11,338.2,2.2
2024-07-08 12:00:00,12,827.5,3.2
2024-07-08 13:00:00,13,1189.1,3.1
2024-07-08 14:00:00,14,1898.0,3.6
2024-07-08 15:00:00,15,1751.5,3.7
2024-07-08 16:00:00,16,1972.7,3.7
2024-07-08 17:00:00,17,1898.4,3.5
2024-07-08 18:00:00,18,1638.1,3.3
2024-07-08 19:00:00,19,1106.7,5.3
2024-07-08 20:00:00,20,664.5,3.9
2024-07-08 21:00:00,21,44.9,4.4
2024-07-08 22:00:00,22,,3.4
2024-07-08 23:00:00,23,,3.0
2024-07-09 00:00:00,0,,3.1
2024-07-09 01:00:00,1,,2.0
2024-07-09 02:00:00,2,,2.7
2024-07-09 03:00:00,3,,3.3
2024-07-09 04:00:00,4,,0.9
2024-07-09 05:00:00,5,,2.2
2024-07-09 06:00:00,6,,0.6
2024-07-09 07:00:00,7,,0.7
2024-07-09 08:00:00,8,,0.3
2024-07-09 09:00:00,9,4.4,0.8
2024-07-09 10:00:00,10,203.0,2.1
2024-07-09 11:00:00,11,759.5,4.0
2024-07-09 12:00:00,12,1233.2,4.9
2024-07-09 13:00:00,13,1520.0,3.3
2024-07-09 14:00:00,14,1107.6,4.4
2024-07-09 15:00:00,15,2308.8,3.8
2024-07-09 16:00:00,16,2046.6,1.8
2024-07-09 17:00:00,17,2033.0,1.3
2024-07-09 18:00:00,18,1869.3,3.8
2024-07-09 19:00:00,19,1374.8,4.1
2024-07-09 20:00:00,20,455.9,3.9
2024-07-09 21:00:00,21,48.5,4.0
2024-07-09 22:00:00,22,,3.5
2024-07-09 23:00:00,23,,2.2
2024-07-10 00:00:00,0,,1.8
2024-07-10 01:00:00,1,,1.5
2024-07-10 02:00:00,2,,2.5
2024-07-10 03:00:00,3,,1.8
2024-07-10 04:00:00,4,,2.0
2024-07-10 05:00:00,5,,2.2
2024-07-10 06:00:00,6,,2.1
2024-07-10 07:00:00,7,,2.2
2024-07-10 08:00:00,8,,1.7
2024-07-10 09:00:00,9,2.4,1.8
2024-07-10 10:00:00,10,202.9,2.5
2024-07-10 11:00:00,11,807.2,3.0
2024-07-10 12:00:00,12,1421.1,2.9
2024-07-10 13:00:00,13,1547.6,3.3
2024-07-10 14:00:00,14,1847.5,3.1
2024-07-10 15:00:00,15,1555.4,3.4
2024-07-10 16:00:00,16,2160.5,1.4
2024-07-10 17:00:00,17,1786.5,3.3
2024-07-10 18:00:00,18,633.8,1.3
2024-07-10 19:00:00,19,438.4,3.4
2024-07-10 20:00:00,20,380.7,3.3
2024-07-10 21:00:00,21,19.0,1.4
2024-07-10 22:00:00,22,1.9,2.8
2024-07-10 23:00:00,23,2.8,3.4
2024-07-11 00:00:00,0,1.8,3.2
2024-07-11 01:00:00,1,,1.6
2024-07-11 02:00:00,2,0.6,2.4
2024-07-11 03:00:00,3,1.9,2.3
2024-07-11 04:00:00,4,,1.9
2024-07-11 05:00:00,5,,1.6
2024-07-11 06:00:00,6,,0.8
2024-07-11 07:00:00,7,,0.7
2024-07-11 08:00:00,8,,1.6
2024-07-11 09:00:00,9,5.2,0.7
2024-07-11 10:00:00,10,314.2,1.1
2024-07-11 11:00:00,11,1083.2,1.9
2024-07-11 12:00:00,12,1626.1,4.1
2024-07-11 13:00:00,13,2655.9,4.5
2024-07-11 14:00:00,14,3027.0,4.1
2024-07-11 15:00:00,15,3016.5,3.7
2024-07-11 16:00:00,16,2925.6,4.7
2024-07-11 17:00:00,17,2840.0,3.7
2024-07-11 18:00:00,18,2125.1,5.2
2024-07-11 19:00:00,19,714.4,4.6
2024-07-11 20:00:00,20,305.5,5.7
2024-07-11 21:00:00,21,53.6,3.5
2024-07-11 22:00:00,22,,1.7
2024-07-11 23:00:00,23,,3.4
2024-07-12 00:00:00,0,,3.2
2024-07-12 01:00:00,1,,2.6
2024-07-12 02:00:00,2,,1.9
2024-07-12 03:00:00,3,,1.7
2024-07-12 04:00:00,4,,1.4
2024-07-12 05:00:00,5,,1.1
2024-07-12 06:00:00,6,,1.9
2024-07-12 07:00:00,7,,2.4
2024-07-12 08:00:00,8,,1.8
2024-07-12 09:00:00,9,2.5,2.4
2024-07-12 10:00:00,10,139.1,1.8
2024-07-12 11:00:00,11,468.9,2.8
2024-07-12 12:00:00,12,569.4,2.5
2024-07-12 13:00:00,13,1194.7,2.3
2024-07-12 14:00:00,14,1430.1,4.1
2024-07-12 15:00:00,15,1948.2,3.5
2024-07-12 16:00:00,16,1307.9,4.6
2024-07-12 17:00:00,17,905.8,4.2
2024-07-12 18:00:00,18,738.2,4.8
2024-07-12 19:00:00,19,558.3,4.4
2024-07-12 20:00:00,20,329.8,5.9
2024-07-12 21:00:00,21,35.8,3.8
2024-07-12 22:00:00,22,,4.2
2024-07-12 23:00:00,23,,3.6
2024-07-13 00:00:00,0,,3.3
2024-07-13 01:00:00,1,,2.9
2024-07-13 02:00:00,2,,3.6
2024-07-13 03:00:00,3,,5.1
2024-07-13 04:00:00,4,,3.0
2024-07-13 05:00:00,5,,2.6
2024-07-13 06:00:00,6,,1.7
2024-07-13 07:00:00,7,,1.8
2024-07-13 08:00:00,8,,0.6
2024-07-13 09:00:00,9,5.5,0.5
2024-07-13 10:00:00,10,404.0,2.6
2024-07-13 11:00:00,11,1207.5,3.6
2024-07-13 12:00:00,12,1896.3,4.8
2024-07-13 13:00:00,13,2524.8,5.3
2024-07-13 14:00:00,14,2013.4,6.1
2024-07-13 15:00:00,15,3050.9,6.2
2024-07-13 16:00:00,16,3064.8,6.2
2024-07-13 17:00:00,17,2459.9,5.0
2024-07-13 18:00:00,18,1719.5,6.2
2024-07-13 19:00:00,19,926.2,5.4
2024-07-13 20:00:00,20,572.3,5.2
2024-07-13 21:00:00,21,42.3,3.9
2024-07-13 22:00:00,22,,2.8
2024-07-13 23:00:00,23,,2.4
2024-07-14 00:00:00,0,,3.0
2024-07-14 01:00:00,1,,2.4
2024-07-14 02:00:00,2,,2.2
2024-07-14 03:00:00,3,,1.5
2024-07-14 04:00:00,4,,1.0
2024-07-14 05:00:00,5,,0.9
2024-07-14 06:00:00,6,,2.2
2024-07-14 07:00:00,7,,1.7
2024-07-14 08:00:00,8,,0.8
2024-07-14 09:00:00,9,0.8,0.2
2024-07-14 10:00:00,10,364.5,1.4
2024-07-14 11:00:00,11,1230.9,3.8
2024-07-14 12:00:00,12,1742.5,5.3
2024-07-14 13:00:00,13,1811.1,4.7
2024-07-14 14:00:00,14,2466.8,5.5
2024-07-14 15:00:00,15,2382.8,4.8
2024-07-14 16:00:00,16,2670.0,4.9
2024-07-14 17:00:00,17,2214.4,6.0
2024-07-14 18:00:00,18,1661.4,4.6
2024-07-14 19:00:00,19,767.4,5.5
2024-07-14 20:00:00,20,489.6,4.2
2024-07-14 21:00:00,21,35.3,4.0
2024-07-14 22:00:00,22,,4.0
2024-07-14 23:00:00,23,,3.7
2024-07-15 00:00:00,0,,4.3
2024-07-15 01:00:00,1,,4.1
2024-07-15 02:00:00,2,,3.7
2024-07-15 03:00:00,3,,2.1
2024-07-15 04:00:00,4,,2.8
2024-07-15 05:00:00,5,,1.5
2024-07-15 06:00:00,6,,1.5
2024-07-15 07:00:00,7,,0.7
2024-07-15 08:00:00,8,,0.5
2024-07-15 09:00:00,9,1.9,0.5
2024-07-15 10:00:00,10,177.1,0.9
2024-07-15 11:00:00,11,1066.6,5.8
2024-07-15 12:00:00,12,1836.3,5.2
2024-07-15 13:00:00,13,1952.8,5.3
2024-07-15 14:00:00,14,2625.4,4.4
2024-07-15 15:00:00,15,3180.6,4.7
2024-07-15 16:00:00,16,3093.7,4.2
2024-07-15 17:00:00,17,2773.2,4.1
2024-07-15 18:00:00,18,2204.6,5.8
2024-07-15 19:00:00,19,1463.2,6.1
2024-07-15 20:00:00,20,650.7,4.9
2024-07-15 21:00:00,21,42.7,5.0
2024-07-15 22:00:00,22,,3.1
2024-07-15 23:00:00,23,,3.0
2024-07-16 00:00:00,0,,4.4
2024-07-16 01:00:00,1,,3.8
2024-07-16 02:00:00,2,,4.6
2024-07-16 03:00:00,3,,3.1
2024-07-16 04:00:00,4,,3.4
2024-07-16 05:00:00,5,,2.3
2024-07-16 06:00:00,6,,1.1
2024-07-16 07:00:00,7,,1.1
2024-07-16 08:00:00,8,,1.2
2024-07-16 09:00:00,9,4.0,1.4
2024-07-16 10:00:00,10,244.0,1.5
2024-07-16 11:00:00,11,1082.6,3.1
2024-07-16 12:00:00,12,1846.8,4.3
2024-07-16 13:00:00,13,1837.2,4.8
2024-07-16 14:00:00,14,2106.8,4.8
2024-07-16 15:00:00,15,1554.5,5.0
2024-07-16 16:00:00,16,1359.8,5.5
2024-07-16 17:00:00,17,1104.6,7.0
2024-07-16 18:00:00,18,1535.2,4.1
2024-07-16 19:00:00,19,975.2,5.7
2024-07-16 20:00:00,20,593.1,4.6
2024-07-16 21:00:00,21,28.5,2.8
2024-07-16 22:00:00,22,,2.1
2024-07-16 23:00:00,23,,2.1
2024-07-17 00:00:00,0,,3.1
2024-07-17 01:00:00,1,,2.2
2024-07-17 02:00:00,2,,1.9
2024-07-17 03:00:00,3,,2.3
2024-07-17 04:00:00,4,,2.8
2024-07-17 05:00:00,5,,1.7
2024-07-17 06:00:00,6,,1.3
2024-07-17 07:00:00,7,,1.2
2024-07-17 08:00:00,8,,0.9
2024-07-17 09:00:00,9,3.3,0.9
2024-07-17 10:00:00,10,170.4,1.6
2024-07-17 11:00:00,11,532.5,3.5
2024-07-17 12:00:00,12,1289.1,4.9
2024-07-17 13:00:00,13,1869.2,6.7
2024-07-17 14:00:00,14,1954.5,4.8
2024-07-17 15:00:00,15,2197.1,5.0
2024-07-17 16:00:00,16,1794.2,4.8
2024-07-17 17:00:00,17,1619.5,6.3
2024-07-17 18:00:00,18,1488.0,4.5
2024-07-17 19:00:00,19,702.6,4.3
2024-07-17 20:00:00,20,322.3,4.4
2024-07-17 21:00:00,21,33.0,4.9
2024-07-17 22:00:00,22,,3.6
2024-07-17 23:00:00,23,,3.5
2024-07-18 00:00:00,0,,4.6
2024-07-18 01:00:00,1,,2.8
2024-07-18 02:00:00,2,,2.1
2024-07-18 03:00:00,3,,2.8
2024-07-18 04:00:00,4,,1.9
2024-07-18 05:00:00,5,,1.7
2024-07-18 06:00:00,6,,2.7
2024-07-18 07:00:00,7,,1.9
2024-07-18 08:00:00,8,,1.8
2024-07-18 09:00:00,9,1.5,2.0
2024-07-18 10:00:00,10,161.9,2.8
2024-07-18 11:00:00,11,455.5,2.0
2024-07-18 12:00:00,12,1124.4,2.1
2024-07-18 13:00:00,13,1292.3,4.1
2024-07-18 14:00:00,14,1743.6,4.0
2024-07-18 15:00:00,15,1839.7,4.3
2024-07-18 16:00:00,16,1992.0,5.3
2024-07-18 17:00:00,17,2071.5,5.2
2024-07-18 18:00:00,18,1479.2,3.8
2024-07-18 19:00:00,19,904.9,4.9
2024-07-18 20:00:00,20,478.5,4.8
2024-07-18 21:00:00,21,43.5,5.3
2024-07-18 22:00:00,22,,3.7
2024-07-18 23:00:00,23,,2.8
2024-07-19 00:00:00,0,,0.9
2024-07-19 01:00:00,1,,0.8
2024-07-19 02:00:00,2,,2.3
2024-07-19 03:00:00,3,,2.9
2024-07-19 04:00:00,4,,3.2
2024-07-19 05:00:00,5,,2.7
2024-07-19 06:00:00,6,,2.0
2024-07-19 07:00:00,7,,3.1
2024-07-19 08:00:00,8,,1.8
2024-07-19 09:00:00,9,3.3,1.6
2024-07-19 10:00:00,10,292.5,2.1
2024-07-19 11:00:00,11,499.1,2.4
2024-07-19 12:00:00,12,1123.5,3.8
2024-07-19 13:00:00,13,1142.6,3.8
2024-07-19 14:00:00,14,1250.3,3.2
2024-07-19 15:00:00,15,1736.4,3.7
2024-07-19 16:00:00,16,2071.4,4.6
2024-07-19 17:00:00,17,1577.9,5.2
2024-07-19 18:00:00,18,1670.5,4.5
2024-07-19 19:00:00,19,826.7,4.8
2024-07-19 20:00:00,20,381.9,4.2
2024-07-19 21:00:00,21,22.5,5.0
2024-07-19 22:00:00,22,,4.3
2024-07-19 23:00:00,23,,2.5
2024-07-20 00:00:00,0,,3.6
2024-07-20 01:00:00,1,,3.1
2024-07-20 02:00:00,2,,3.3
2024-07-20 03:00:00,3,,2.8
2024-07-20 04:00:00,4,,1.8
2024-07-20 05:00:00,5,,3.0
2024-07-20 06:00:00,6,,2.7
2024-07-20 07:00:00,7,0.9,3.4
2024-07-20 08:00:00,8,0.1,2.4
2024-07-20 09:00:00,9,6.1,1.0
2024-07-20 10:00:00,10,236.9,1.1
2024-07-20 11:00:00,11,1234.9,2.1
2024-07-20 12:00:00,12,1866.1,3.3
2024-07-20 13:00:00,13,1043.7,4.5
2024-07-20 14:00:00,14,2057.8,3.1
2024-07-20 15:00:00,15,2008.9,5.9
2024-07-20 16:00:00,16,2052.3,5.0
2024-07-20 17:00:00,17,1504.1,4.5
2024-07-20 18:00:00,18,2164.4,4.9
2024-07-20 19:00:00,19,1431.9,4.6
2024-07-20 20:00:00,20,607.9,4.7
2024-07-20 21:00:00,21,40.3,3.5
2024-07-20 22:00:00,22,,3.8
2024-07-20 23:00:00,23,,4.1
2024-07-21 00:00:00,0,,2.5
2024-07-21 01:00:00,1,,2.2
2024-07-21 02:00:00,2,,2.0
2024-07-21 03:00:00,3,,1.6
2024-07-21 04:00:00,4,,1.9
2024-07-21 05:00:00,5,,1.9
2024-07-21 06:00:00,6,,1.1
2024-07-21 07:00:00,7,,0.7
2024-07-21 08:00:00,8,,0.9
2024-07-21 09:00:00,9,2.7,0.5
2024-07-21 10:00:00,10,381.7,0.7
2024-07-21 11:00:00,11,807.8,1.8
2024-07-21 12:00:00,12,1144.1,2.7
2024-07-21 13:00:00,13,872.4,3.4
2024-07-21 14:00:00,14,1076.9,4.4
2024-07-21 15:00:00,15,1531.4,5.0
2024-07-21 16:00:00,16,1512.6,4.5
2024-07-21 17:00:00,17,1666.1,4.0
2024-07-21 18:00:00,18,2206.4,4.6
2024-07-21 19:00:00,19,1534.0,4.7
2024-07-21 20:00:00,20,628.6,4.5
2024-07-21 21:00:00,21,17.5,4.1
2024-07-21 22:00:00,22,,2.4
2024-07-21 23:00:00,23,,2.7
2024-07-22 00:00:00,0,,2.8
2024-07-22 01:00:00,1,,3.4
2024-07-22 02:00:00,2,,2.4
2024-07-22 03:00:00,3,,3.2
2024-07-22 04:00:00,4,,1.9
2024-07-22 05:00:00,5,,0.7
2024-07-22 06:00:00,6,,1.5
2024-07-22 07:00:00,7,,1.4
2024-07-22 08:00:00,8,,0.4
2024-07-22 09:00:00,9,2.7,0.8
2024-07-22 10:00:00,10,349.6,1.3
2024-07-22 11:00:00,11,1151.5,2.3
2024-07-22 12:00:00,12,1924.3,4.0
2024-07-22 13:00:00,13,2533.4,4.4
2024-07-22 14:00:00,14,2585.9,4.1
2024-07-22 15:00:00,15,2088.0,5.4
2024-07-22 16:00:00,16,2463.8,4.7
2024-07-22 17:00:00,17,2190.1,4.2
2024-07-22 18:00:00,18,1823.2,5.8
2024-07-22 19:00:00,19,1022.1,4.1
2024-07-22 20:00:00,20,513.5,4.9
2024-07-22 21:00:00,21,31.8,3.4
2024-07-22 22:00:00,22,,2.5
2024-07-22 23:00:00,23,,3.6
2024-07-23 00:00:00,0,,3.6
2024-07-23 01:00:00,1,,3.6
2024-07-23 02:00:00,2,,3.7
2024-07-23 03:00:00,3,,2.5
2024-07-23 04:00:00,4,,2.4
2024-07-23 05:00:00,5,,2.1
2024-07-23 06:00:00,6,,1.4
2024-07-23 07:00:00,7,,1.0
2024-07-23 08:00:00,8,,0.6
2024-07-23 09:00:00,9,0.5,0.7
2024-07-23 10:00:00,10,272.9,1.3
2024-07-23 11:00:00,11,590.1,2.2
2024-07-23 12:00:00,12,858.9,3.2
2024-07-23 13:00:00,13,1119.9,4.0
2024-07-23 14:00:00,14,1382.8,4.4
2024-07-23 15:00:00,15,1617.2,4.5
2024-07-23 16:00:00,16,1578.2,4.6
2024-07-23 17:00:00,17,1503.3,4.4
2024-07-23 18:00:00,18,1368.8,4.5
2024-07-23 19:00:00,19,834.8,3.5
2024-07-23 20:00:00,20,385.3,4.1
2024-07-23 21:00:00,21,34.0,4.8
2024-07-23 22:00:00,22,,4.0
2024-07-23 23:00:00,23,,3.6
2024-07-24 00:00:00,0,,2.9
2024-07-24 01:00:00,1,,2.3
2024-07-24 02:00:00,2,,1.9
2024-07-24 03:00:00,3,,1.4
2024-07-24 04:00:00,4,,1.1
2024-07-24 05:00:00,5,,1.0
2024-07-24 06:00:00,6,,1.1
2024-07-24 07:00:00,7,,1.4
2024-07-24 08:00:00,8,,0.8
2024-07-24 09:00:00,9,1.0,2.5
2024-07-24 10:00:00,10,157.3,1.4
2024-07-24 11:00:00,11,563.0,2.8
2024-07-24 12:00:00,12,689.8,3.5
2024-07-24 13:00:00,13,883.0,4.0
2024-07-24 14:00:00,14,1285.5,4.2
2024-07-24 15:00:00,15,1365.3,3.5
2024-07-24 16:00:00,16,1294.8,4.9
2024-07-24 17:00:00,17,1729.3,4.3
2024-07-24 18:00:00,18,2314.1,4.2
2024-07-24 19:00:00,19,1346.1,4.4
2024-07-24 20:00:00,20,570.6,4.4
2024-07-24 21:00:00,21,35.4,5.1
2024-07-24 22:00:00,22,,2.3
2024-07-24 23:00:00,23,,2.5
2024-07-25 00:00:00,0,,2.0
2024-07-25 01:00:00,1,,1.5
2024-07-25 02:00:00,2,,1.6
2024-07-25 03:00:00,3,,1.8
2024-07-25 04:00:00,4,,1.5
2024-07-25 05:00:00,5,,1.6
2024-07-25 06:00:00,6,,1.0
2024-07-25 07:00:00,7,,2.3
2024-07-25 08:00:00,8,,1.4
2024-07-25 09:00:00,9,,0.5
2024-07-25 10:00:00,10,178.0,1.2
2024-07-25 11:00:00,11,644.9,1.9
2024-07-25 12:00:00,12,1366.2,2.9
2024-07-25 13:00:00,13,1425.9,3.2
2024-07-25 14:00:00,14,1755.8,4.5
2024-07-25 15:00:00,15,2293.9,5.6
2024-07-25 16:00:00,16,2382.5,5.0
2024-07-25 17:00:00,17,2394.4,4.8
2024-07-25 18:00:00,18,1992.9,5.2
2024-07-25 19:00:00,19,1544.5,6.7
2024-07-25 20:00:00,20,618.7,4.2
2024-07-25 21:00:00,21,39.0,2.6
2024-07-25 22:00:00,22,,2.5
2024-07-25 23:00:00,23,,2.4
2024-07-26 00:00:00,0,,3.4
2024-07-26 01:00:00,1,,2.5
2024-07-26 02:00:00,2,,2.3
2024-07-26 03:00:00,3,,1.6
2024-07-26 04:00:00,4,,1.6
2024-07-26 05:00:00,5,,1.8
2024-07-26 06:00:00,6,,1.6
2024-07-26 07:00:00,7,,1.3
2024-07-26 08:00:00,8,,2.3
2024-07-26 09:00:00,9,4.0,0.9
2024-07-26 10:00:00,10,318.1,1.5
2024-07-26 11:00:00,11,785.0,2.5
2024-07-26 12:00:00,12,1258.0,4.3
2024-07-26 13:00:00,13,2013.0,4.8
2024-07-26 14:00:00,14,1933.0,4.0
2024-07-26 15:00:00,15,2063.2,6.2
2024-07-26 16:00:00,16,2336.3,4.7
2024-07-26 17:00:00,17,1784.4,4.8
2024-07-26 18:00:00,18,1555.6,4.3
2024-07-26 19:00:00,19,1231.8,5.4
2024-07-26 20:00:00,20,588.4,4.6
2024-07-26 21:00:00,21,33.3,4.7
2024-07-26 22:00:00,22,,3.5
2024-07-26 23:00:00,23,,4.5
2024-07-27 00:00:00,0,,4.5
2024-07-27 01:00:00,1,,3.8
2024-07-27 02:00:00,2,,3.0
2024-07-27 03:00:00,3,,3.1
2024-07-27 04:00:00,4,,2.3
2024-07-27 05:00:00,5,,1.7
2024-07-27 06:00:00,6,,0.5
2024-07-27 07:00:00,7,,0.6
2024-07-27 08:00:00,8,,0.4
2024-07-27 09:00:00,9,5.0,0.9
2024-07-27 10:00:00,10,388.2,1.1
2024-07-27 11:00:00,11,926.4,0.8
2024-07-27 12:00:00,12,1771.0,4.0
2024-07-27 13:00:00,13,1505.7,3.4
2024-07-27 14:00:00,14,2430.6,3.8
2024-07-27 15:00:00,15,1801.7,4.0
2024-07-27 16:00:00,16,2634.5,5.3
2024-07-27 17:00:00,17,1906.5,4.8
2024-07-27 18:00:00,18,1525.7,4.2
2024-07-27 19:00:00,19,926.4,5.6
2024-07-27 20:00:00,20,442.7,5.6
2024-07-27 21:00:00,21,32.1,3.5
2024-07-27 22:00:00,22,,4.5
2024-07-27 23:00:00,23,,4.0
2024-07-28 00:00:00,0,,3.5
2024-07-28 01:00:00,1,,3.1
2024-07-28 02:00:00,2,,2.4
2024-07-28 03:00:00,3,,2.7
2024-07-28 04:00:00,4,,3.1
2024-07-28 05:00:00,5,,3.3
2024-07-28 06:00:00,6,,3.9
2024-07-28 07:00:00,7,,2.4
2024-07-28 08:00:00,8,,1.1
2024-07-28 09:00:00,9,6.4,0.5
2024-07-28 10:00:00,10,366.2,1.7
2024-07-28 11:00:00,11,1062.4,2.9
2024-07-28 12:00:00,12,2039.7,4.5
2024-07-28 13:00:00,13,2570.3,4.7
2024-07-28 14:00:00,14,1899.0,4.6
2024-07-28 15:00:00,15,1985.6,3.7
2024-07-28 16:00:00,16,2109.1,4.1
2024-07-28 17:00:00,17,2082.5,3.6
2024-07-28 18:00:00,18,1670.9,4.4
2024-07-28 19:00:00,19,1313.9,5.4
2024-07-28 20:00:00,20,546.6,5.1
2024-07-28 21:00:00,21,35.5,2.5
2024-07-28 22:00:00,22,,1.9
2024-07-28 23:00:00,23,,2.4
2024-07-29 00:00:00,0,,1.9
2024-07-29 01:00:00,1,,4.6
2024-07-29 02:00:00,2,,2.9
2024-07-29 03:00:00,3,,2.7
2024-07-29 04:00:00,4,,2.9
2024-07-29 05:00:00,5,,2.3
2024-07-29 06:00:00,6,,1.7
2024-07-29 07:00:00,7,,1.8
2024-07-29 08:00:00,8,,1.5
2024-07-29 09:00:00,9,0.7,1.3
2024-07-29 10:00:00,10,106.9,0.9
2024-07-29 11:00:00,11,273.4,1.0
2024-07-29 12:00:00,12,1175.7,1.0
2024-07-29 13:00:00,13,1650.4,3.0
2024-07-29 14:00:00,14,1921.5,4.6
2024-07-29 15:00:00,15,1753.6,3.8
2024-07-29 16:00:00,16,2471.6,4.2
2024-07-29 17:00:00,17,1744.6,3.7
2024-07-29 18:00:00,18,1710.6,3.3
2024-07-29 19:00:00,19,1127.8,4.2
2024-07-29 20:00:00,20,507.0,3.5
2024-07-29 21:00:00,21,35.3,2.3
2024-07-29 22:00:00,22,,2.1
2024-07-29 23:00:00,23,,2.4
2024-07-30 00:00:00,0,,2.9
2024-07-30 01:00:00,1,,3.6
2024-07-30 02:00:00,2,,2.5
2024-07-30 03:00:00,3,,2.3
2024-07-30 04:00:00,4,,2.2
2024-07-30 05:00:00,5,,1.7
2024-07-30 06:00:00,6,,0.5
2024-07-30 07:00:00,7,,1.0
2024-07-30 08:00:00,8,,0.4
2024-07-30 09:00:00,9,3.5,0.5
2024-07-30 10:00:00,10,305.9,1.6
2024-07-30 11:00:00,11,862.4,2.2
2024-07-30 12:00:00,12,1502.2,4.8
2024-07-30 13:00:00,13,1825.6,4.2
2024-07-30 14:00:00,14,1838.0,4.9
2024-07-30 15:00:00,15,2625.4,4.9
2024-07-30 16:00:00,16,2752.5,5.6
2024-07-30 17:00:00,17,2784.9,3.9
2024-07-30 18:00:00,18,1825.9,4.1
2024-07-30 19:00:00,19,1438.1,5.5
2024-07-30 20:00:00,20,527.1,4.2
2024-07-30 21:00:00,21,37.9,3.6
2024-07-30 22:00:00,22,,4.1
2024-07-30 23:00:00,23,,5.6
2024-07-31 00:00:00,0,,4.4
2024-07-31 01:00:00,1,,3.9
2024-07-31 02:00:00,2,,3.0
2024-07-31 03:00:00,3,,2.4
2024-07-31 04:00:00,4,,1.3
2024-07-31 05:00:00,5,,1.0
2024-07-31 06:00:00,6,,0.3
2024-07-31 07:00:00,7,,0.6
2024-07-31 08:00:00,8,,0.4
2024-07-31 09:00:00,9,4.3,0.7
2024-07-31 10:00:00,10,339.8,0.4
2024-07-31 11:00:00,11,1178.1,3.1
2024-07-31 12:00:00,12,1935.1,4.8
2024-07-31 13:00:00,13,2637.6,5.6
2024-07-31 14:00:00,14,2880.1,5.7
2024-07-31 15:00:00,15,2956.4,5.7
2024-07-31 16:00:00,16,3061.1,6.7
2024-07-31 17:00:00,17,2710.9,5.8
2024-07-31 18:00:00,18,2134.2,5.3
2024-07-31 19:00:00,19,1278.4,5.4
2024-07-31 20:00:00,20,457.8,4.3
2024-07-31 21:00:00,21,44.2,4.1
2024-07-31 22:00:00,22,,2.9
2024-07-31 23:00:00,23,,4.0
2024-08-01 00:00:00,0,,2.1
2024-08-01 01:00:00,1,,1.2
2024-08-01 02:00:00,2,,1.7
2024-08-01 03:00:00,3,,2.9
2024-08-01 04:00:00,4,,2.9
2024-08-01 05:00:00,5,,4.4
2024-08-01 06:00:00,6,,2.8
2024-08-01 07:00:00,7,,2.1
2024-08-01 08:00:00,8,,3.0
2024-08-01 09:00:00,9,4.1,3.5
2024-08-01 10:00:00,10,132.4,4.6
2024-08-01 11:00:00,11,445.4,4.1
2024-08-01 12:00:00,12,977.1,4.9
2024-08-01 13:00:00,13,1761.4,4.6
2024-08-01 14:00:00,14,1030.9,3.8
2024-08-01 15:00:00,15,2512.2,5.5
2024-08-01 16:00:00,16,2488.1,4.8
2024-08-01 17:00:00,17,2397.7,6.0
2024-08-01 18:00:00,18,1858.6,5.8
2024-08-01 19:00:00,19,1301.9,5.1
2024-08-01 20:00:00,20,506.8,5.2
2024-08-01 21:00:00,21,37.0,6.6
2024-08-01 22:00:00,22,,5.3
2024-08-01 23:00:00,23,,4.4
2024-08-02 00:00:00,0,,2.3
2024-08-02 01:00:00,1,,2.9
2024-08-02 02:00:00,2,,1.6
2024-08-02 03:00:00,3,,1.3
2024-08-02 04:00:00,4,,1.4
2024-08-02 05:00:00,5,,0.5
2024-08-02 06:00:00,6,,1.2
2024-08-02 07:00:00,7,,0.7
2024-08-02 08:00:00,8,,0.7
2024-08-02 09:00:00,9,6.3,0.9
2024-08-02 10:00:00,10,380.3,1.2
2024-08-02 11:00:00,11,978.0,2.8
2024-08-02 12:00:00,12,1290.6,5.4
2024-08-02 13:00:00,13,1713.5,5.2
2024-08-02 14:00:00,14,3016.1,5.9
2024-08-02 15:00:00,15,2977.4,5.2
2024-08-02 16:00:00,16,3211.6,5.3
2024-08-02 17:00:00,17,2616.2,5.0
2024-08-02 18:00:00,18,1674.7,4.3
2024-08-02 19:00:00,19,864.9,4.7
2024-08-02 20:00:00,20,423.3,5.5
2024-08-02 21:00:00,21,38.6,4.5
2024-08-02 22:00:00,22,,5.3
2024-08-02 23:00:00,23,,4.4
2024-08-03 00:00:00,0,0.8,2.1
2024-08-03 01:00:00,1,,2.3
2024-08-03 02:00:00,2,,1.8
2024-08-03 03:00:00,3,,1.9
2024-08-03 04:00:00,4,,1.2
2024-08-03 05:00:00,5,,1.6
2024-08-03 06:00:00,6,,1.3
2024-08-03 07:00:00,7,,0.9
2024-08-03 08:00:00,8,,2.5
2024-08-03 09:00:00,9,9.4,1.4
2024-08-03 10:00:00,10,367.5,2.4
2024-08-03 11:00:00,11,1347.1,3.2
2024-08-03 12:00:00,12,1877.3,4.6
2024-08-03 13:00:00,13,2550.3,4.3
2024-08-03 14:00:00,14,3064.4,5.3
2024-08-03 15:00:00,15,3133.4,4.1
2024-08-03 16:00:00,16,2620.3,5.0
2024-08-03 17:00:00,17,2322.3,5.2
2024-08-03 18:00:00,18,2203.7,5.3
2024-08-03 19:00:00,19,1251.2,5.1
2024-08-03 20:00:00,20,429.1,5.7
2024-08-03 21:00:00,21,46.9,5.5
2024-08-03 22:00:00,22,,5.0
2024-08-03 23:00:00,23,,4.0
2024-08-04 00:00:00,0,,3.6
2024-08-04 01:00:00,1,,2.2
2024-08-04 02:00:00,2,,3.1
2024-08-04 03:00:00,3,,2.2
2024-08-04 04:00:00,4,,2.1
2024-08-04 05:00:00,5,,3.1
2024-08-04 06:00:00,6,,2.8
2024-08-04 07:00:00,7,0.3,2.8
2024-08-04 08:00:00,8,,3.7
2024-08-04 09:00:00,9,5.1,2.9
2024-08-04 10:00:00,10,131.5,1.8
2024-08-04 11:00:00,11,712.5,2.3
2024-08-04 12:00:00,12,1030.1,3.6
2024-08-04 13:00:00,13,1035.1,4.5
2024-08-04 14:00:00,14,1827.3,4.8
2024-08-04 15:00:00,15,1720.9,4.8
2024-08-04 16:00:00,16,1197.8,4.9
2024-08-04 17:00:00,17,1308.4,3.9
2024-08-04 18:00:00,18,1585.1,4.7
2024-08-04 19:00:00,19,963.8,4.8
2024-08-04 20:00:00,20,558.2,5.2
2024-08-04 21:00:00,21,47.6,3.1
2024-08-04 22:00:00,22,,2.0
2024-08-04 23:00:00,23,,3.2
2024-08-05 00:00:00,0,,1.6
2024-08-05 01:00:00,1,,2.3
2024-08-05 02:00:00,2,,2.5
2024-08-05 03:00:00,3,,1.4
2024-08-05 04:00:00,4,,0.2
2024-08-05 05:00:00,5,,1.0
2024-08-05 06:00:00,6,,0.9
2024-08-05 07:00:00,7,,0.6
2024-08-05 08:00:00,8,,0.5
2024-08-05 09:00:00,9,6.8,0.3
2024-08-05 10:00:00,10,368.7,0.5
2024-08-05 11:00:00,11,1211.4,3.8
2024-08-05 12:00:00,12,2131.9,4.1
2024-08-05 13:00:00,13,2751.7,4.5
2024-08-05 14:00:00,14,3173.7,5.0
2024-08-05 15:00:00,15,3325.0,5.0
2024-08-05 16:00:00,16,2999.7,5.2
2024-08-05 17:00:00,17,1654.1,4.7
2024-08-05 18:00:00,18,1732.4,4.3
2024-08-05 19:00:00,19,1336.6,5.0
2024-08-05 20:00:00,20,457.4,5.0
2024-08-05 21:00:00,21,37.3,4.0
2024-08-05 22:00:00,22,,5.0
2024-08-05 23:00:00,23,,3.9
2024-08-06 00:00:00,0,,4.5
2024-08-06 01:00:00,1,,4.1
2024-08-06 02:00:00,2,,3.9
2024-08-06 03:00:00,3,,2.9
2024-08-06 04:00:00,4,,1.4
2024-08-06 05:00:00,5,,0.9
2024-08-06 06:00:00,6,,1.8
2024-08-06 07:00:00,7,,1.7
2024-08-06 08:00:00,8,,1.4
2024-08-06 09:00:00,9,7.0,1.2
2024-08-06 10:00:00,10,363.8,1.2
2024-08-06 11:00:00,11,898.4,3.1
2024-08-06 12:00:00,12,1345.9,3.2
2024-08-06 13:00:00,13,2504.8,3.6
2024-08-06 14:00:00,14,3157.6,3.9
2024-08-06 15:00:00,15,2903.1,4.4
2024-08-06 16:00:00,16,2405.6,5.1
2024-08-06 17:00:00,17,2333.9,4.8
2024-08-06 18:00:00,18,2166.7,5.1
2024-08-06 19:00:00,19,1465.6,5.8
2024-08-06 20:00:00,20,690.1,5.8
2024-08-06 21:00:00,21,35.6,4.2
2024-08-06 22:00:00,22,,4.9
2024-08-06 23:00:00,23,,4.7
2024-08-07 00:00:00,0,,2.9
2024-08-07 01:00:00,1,,2.2
2024-08-07 02:00:00,2,,1.8
2024-08-07 03:00:00,3,,2.1
2024-08-07 04:00:00,4,,2.5
2024-08-07 05:00:00,5,,2.4
2024-08-07 06:00:00,6,,1.5
2024-08-07 07:00:00,7,,3.4
2024-08-07 08:00:00,8,,2.8
2024-08-07 09:00:00,9,1.7,2.5
2024-08-07 10:00:00,10,170.4,2.8
2024-08-07 11:00:00,11,597.0,4.5
2024-08-07 12:00:00,12,842.8,4.1
2024-08-07 13:00:00,13,1699.9,3.7
2024-08-07 14:00:00,14,2149.3,3.3
2024-08-07 15:00:00,15,2896.0,4.0
2024-08-07 16:00:00,16,3271.8,5.2
2024-08-07 17:00:00,17,2876.6,4.7
2024-08-07 18:00:00,18,2277.9,5.6
2024-08-07 19:00:00,19,1548.7,5.4
2024-08-07 20:00:00,20,636.8,4.0
2024-08-07 21:00:00,21,34.7,3.0
2024-08-07 22:00:00,22,,1.9
2024-08-07 23:00:00,23,,4.2
2024-08-08 00:00:00,0,,3.7
2024-08-08 01:00:00,1,,2.7
2024-08-08 02:00:00,2,,2.4
2024-08-08 03:00:00,3,,1.8
2024-08-08 04:00:00,4,,1.5
2024-08-08 05:00:00,5,,0.4
2024-08-08 06:00:00,6,,0.5
2024-08-08 07:00:00,7,,0.7
2024-08-08 08:00:00,8,,0.9
2024-08-08 09:00:00,9,6.1,1.4
2024-08-08 10:00:00,10,442.3,1.0
2024-08-08 11:00:00,11,1237.7,1.4
2024-08-08 12:00:00,12,2119.9,2.8
2024-08-08 13:00:00,13,2732.2,3.6
2024-08-08 14:00:00,14,3121.6,3.0
2024-08-08 15:00:00,15,3275.8,5.6
2024-08-08 16:00:00,16,3203.7,5.3
2024-08-08 17:00:00,17,2858.7,5.6
2024-08-08 18:00:00,18,2287.7,5.6
2024-08-08 19:00:00,19,1547.5,5.7
2024-08-08 20:00:00,20,631.8,5.6
2024-08-08 21:00:00,21,33.9,3.6
2024-08-08 22:00:00,22,,1.9
2024-08-08 23:00:00,23,,3.3
2024-08-09 00:00:00,0,,4.0
2024-08-09 01:00:00,1,,2.9
2024-08-09 02:00:00,2,,2.6
2024-08-09 03:00:00,3,,1.3
2024-08-09 04:00:00,4,,1.2
2024-08-09 05:00:00,5,,2.1
2024-08-09 06:00:00,6,,2.0
2024-08-09 07:00:00,7,,1.4
2024-08-09 08:00:00,8,,1.4
2024-08-09 09:00:00,9,5.7,1.4
2024-08-09 10:00:00,10,216.9,3.1
2024-08-09 11:00:00,11,1229.1,4.5
2024-08-09 12:00:00,12,2161.7,4.0
2024-08-09 13:00:00,13,2664.4,4.6
2024-08-09 14:00:00,14,2746.5,3.8
2024-08-09 15:00:00,15,2863.5,4.4
2024-08-09 16:00:00,16,2850.7,4.2
2024-08-09 17:00:00,17,2848.9,3.7
2024-08-09 18:00:00,18,2295.2,5.0
2024-08-09 19:00:00,19,1540.8,5.1
2024-08-09 20:00:00,20,628.6,4.5
2024-08-09 21:00:00,21,35.0,4.0
2024-08-09 22:00:00,22,,3.0
2024-08-09 23:00:00,23,,2.0
2024-08-10 00:00:00,0,,2.6
2024-08-10 01:00:00,1,,2.5
2024-08-10 02:00:00,2,,1.7
2024-08-10 03:00:00,3,,0.8
2024-08-10 04:00:00,4,,1.6
2024-08-10 05:00:00,5,,1.2
2024-08-10 06:00:00,6,,0.5
2024-08-10 07:00:00,7,,1.6
2024-08-10 08:00:00,8,,1.3
2024-08-10 09:00:00,9,6.3,1.0
2024-08-10 10:00:00,10,459.2,1.6
2024-08-10 11:00:00,11,1255.8,1.7
2024-08-10 12:00:00,12,2145.9,2.8
2024-08-10 13:00:00,13,2759.9,2.0
2024-08-10 14:00:00,14,3133.1,1.7
2024-08-10 15:00:00,15,3300.0,1.9
2024-08-10 16:00:00,16,3218.4,2.6
2024-08-10 17:00:00,17,2847.5,2.4
2024-08-10 18:00:00,18,2302.8,2.8
2024-08-10 19:00:00,19,1561.5,2.8
2024-08-10 20:00:00,20,635.5,2.9
2024-08-10 21:00:00,21,29.3,2.3
2024-08-10 22:00:00,22,,1.3
2024-08-10 23:00:00,23,,1.5
2024-08-11 00:00:00,0,,1.5
2024-08-11 01:00:00,1,,0.6
2024-08-11 02:00:00,2,,1.7
2024-08-11 03:00:00,3,,0.8
2024-08-11 04:00:00,4,,0.9
2024-08-11 05:00:00,5,,1.1
2024-08-11 06:00:00,6,,1.4
2024-08-11 07:00:00,7,,1.7
2024-08-11 08:00:00,8,,2.3
2024-08-11 09:00:00,9,6.4,1.9
2024-08-11 10:00:00,10,461.8,1.8
2024-08-11 11:00:00,11,1261.1,2.5
2024-08-11 12:00:00,12,2134.5,2.0
2024-08-11 13:00:00,13,2753.1,2.2
2024-08-11 14:00:00,14,3156.7,3.2
2024-08-11 15:00:00,15,3307.4,1.6
2024-08-11 16:00:00,16,3144.5,3.0
2024-08-11 17:00:00,17,2909.4,4.7
2024-08-11 18:00:00,18,2331.0,4.8
2024-08-11 19:00:00,19,1572.2,4.2
2024-08-11 20:00:00,20,634.1,4.7
2024-08-11 21:00:00,21,33.4,3.3
2024-08-11 22:00:00,22,,3.7
2024-08-11 23:00:00,23,,6.4
2024-08-12 00:00:00,0,,5.2
2024-08-12 01:00:00,1,,2.6
2024-08-12 02:00:00,2,,4.0
2024-08-12 03:00:00,3,,3.4
2024-08-12 04:00:00,4,,3.3
2024-08-12 05:00:00,5,,1.4
2024-08-12 06:00:00,6,,1.8
2024-08-12 07:00:00,7,,1.6
2024-08-12 08:00:00,8,,0.9
2024-08-12 09:00:00,9,8.1,0.7
2024-08-12 10:00:00,10,447.2,1.4
2024-08-12 11:00:00,11,1116.9,1.2
2024-08-12 12:00:00,12,1746.7,2.0
2024-08-12 13:00:00,13,2730.3,2.4
2024-08-12 14:00:00,14,3099.4,1.4
2024-08-12 15:00:00,15,3254.0,3.2
2024-08-12 16:00:00,16,3175.1,3.1
2024-08-12 17:00:00,17,2830.0,3.1
2024-08-12 18:00:00,18,2258.0,3.4
2024-08-12 19:00:00,19,1520.2,3.8
2024-08-12 20:00:00,20,601.9,5.2
2024-08-12 21:00:00,21,36.0,4.3
2024-08-12 22:00:00,22,,3.3
2024-08-12 23:00:00,23,,2.5
2024-08-13 00:00:00,0,,2.0
2024-08-13 01:00:00,1,,2.7
2024-08-13 02:00:00,2,,2.8
2024-08-13 03:00:00,3,,3.0
2024-08-13 04:00:00,4,,1.1
2024-08-13 05:00:00,5,,1.1
2024-08-13 06:00:00,6,,2.4
2024-08-13 07:00:00,7,,2.2
2024-08-13 08:00:00,8,,1.7
2024-08-13 09:00:00,9,7.3,1.6
2024-08-13 10:00:00,10,443.4,2.3
2024-08-13 11:00:00,11,1252.6,3.1
2024-08-13 12:00:00,12,2128.4,2.5
2024-08-13 13:00:00,13,2742.6,2.3
2024-08-13 14:00:00,14,3139.4,3.4
2024-08-13 15:00:00,15,3300.2,3.0
2024-08-13 16:00:00,16,3185.5,2.1
2024-08-13 17:00:00,17,2808.9,5.4
2024-08-13 18:00:00,18,2248.0,4.8
2024-08-13 19:00:00,19,1492.2,6.5
2024-08-13 20:00:00,20,569.9,5.2
2024-08-13 21:00:00,21,39.2,4.7
2024-08-13 22:00:00,22,,5.3
2024-08-13 23:00:00,23,,6.0
2024-08-14 00:00:00,0,,4.7
2024-08-14 01:00:00,1,,4.8
2024-08-14 02:00:00,2,,5.0
2024-08-14 03:00:00,3,,5.6
2024-08-14 04:00:00,4,,4.1
2024-08-14 05:00:00,5,,2.6
2024-08-14 06:00:00,6,,3.3
2024-08-14 07:00:00,7,,2.1
2024-08-14 08:00:00,8,,1.7
2024-08-14 09:00:00,9,5.6,2.5
2024-08-14 10:00:00,10,180.6,2.7
2024-08-14 11:00:00,11,687.9,4.7
2024-08-14 12:00:00,12,1570.2,4.3
2024-08-14 13:00:00,13,2588.0,4.5
2024-08-14 14:00:00,14,2262.7,6.0
2024-08-14 15:00:00,15,2636.0,5.4
2024-08-14 16:00:00,16,2604.3,4.1
2024-08-14 17:00:00,17,2361.8,5.3
2024-08-14 18:00:00,18,1315.9,5.1
2024-08-14 19:00:00,19,1148.2,4.5
2024-08-14 20:00:00,20,514.0,5.0
2024-08-14 21:00:00,21,47.7,4.5
2024-08-14 22:00:00,22,,3.7
2024-08-14 23:00:00,23,,4.7
2024-08-15 00:00:00,0,,4.0
2024-08-15 01:00:00,1,,3.9
2024-08-15 02:00:00,2,,3.0
2024-08-15 03:00:00,3,,2.7
2024-08-15 04:00:00,4,,2.4
2024-08-15 05:00:00,5,,1.9
2024-08-15 06:00:00,6,,1.4
2024-08-15 07:00:00,7,,1.6
2024-08-15 08:00:00,8,,1.5
2024-08-15 09:00:00,9,8.1,1.0
2024-08-15 10:00:00,10,366.8,1.4
2024-08-15 11:00:00,11,1010.6,4.5
2024-08-15 12:00:00,12,927.4,3.9
2024-08-15 13:00:00,13,1510.1,4.3
2024-08-15 14:00:00,14,1868.1,4.4
2024-08-15 15:00:00,15,3017.7,4.9
2024-08-15 16:00:00,16,3192.9,5.0
2024-08-15 17:00:00,17,2743.5,5.0
2024-08-15 18:00:00,18,2146.8,4.2
2024-08-15 19:00:00,19,1186.3,3.8
2024-08-15 20:00:00,20,456.0,4.3
2024-08-15 21:00:00,21,50.1,4.6
2024-08-15 22:00:00,22,,4.4
2024-08-15 23:00:00,23,,5.3
2024-08-16 00:00:00,0,,5.7
2024-08-16 01:00:00,1,,4.6
2024-08-16 02:00:00,2,,3.6
2024-08-16 03:00:00,3,,3.0
2024-08-16 04:00:00,4,,2.5
2024-08-16 05:00:00,5,,1.3
2024-08-16 06:00:00,6,,0.6
2024-08-16 07:00:00,7,,1.1
2024-08-16 08:00:00,8,,1.6
2024-08-16 09:00:00,9,8.1,0.8
2024-08-16 10:00:00,10,423.6,1.5
2024-08-16 11:00:00,11,939.8,3.2
2024-08-16 12:00:00,12,707.3,3.3
2024-08-16 13:00:00,13,1581.8,4.5
2024-08-16 14:00:00,14,1492.1,4.1
2024-08-16 15:00:00,15,2141.4,5.5
2024-08-16 16:00:00,16,2443.0,4.3
2024-08-16 17:00:00,17,2126.4,4.1
2024-08-16 18:00:00,18,1885.6,4.4
2024-08-16 19:00:00,19,1238.8,5.0
2024-08-16 20:00:00,20,414.2,5.6
2024-08-16 21:00:00,21,37.4,4.7
2024-08-16 22:00:00,22,,5.3
2024-08-16 23:00:00,23,,4.4
2024-08-17 00:00:00,0,,2.7
2024-08-17 01:00:00,1,,3.0
2024-08-17 02:00:00,2,,2.9
2024-08-17 03:00:00,3,,1.8
2024-08-17 04:00:00,4,,1.4
2024-08-17 05:00:00,5,,0.9
2024-08-17 06:00:00,6,,0.8
2024-08-17 07:00:00,7,,1.1
2024-08-17 08:00:00,8,,1.1
2024-08-17 09:00:00,9,12.2,1.1
2024-08-17 10:00:00,10,255.9,0.8
2024-08-17 11:00:00,11,1095.1,1.7
2024-08-17 12:00:00,12,1054.5,3.3
2024-08-17 13:00:00,13,1304.7,2.5
2024-08-17 14:00:00,14,1423.9,2.9
2024-08-17 15:00:00,15,2203.3,3.7
2024-08-17 16:00:00,16,2341.5,5.6
2024-08-17 17:00:00,17,2669.1,5.6
2024-08-17 18:00:00,18,1830.4,5.3
2024-08-17 19:00:00,19,1381.9,4.9
2024-08-17 20:00:00,20,604.9,6.3
2024-08-17 21:00:00,21,42.0,4.8
2024-08-17 22:00:00,22,,3.9
2024-08-17 23:00:00,23,,3.3
2024-08-18 00:00:00,0,,2.9
2024-08-18 01:00:00,1,,2.5
2024-08-18 02:00:00,2,,2.3
2024-08-18 03:00:00,3,,0.6
2024-08-18 04:00:00,4,,1.7
2024-08-18 05:00:00,5,,1.8
2024-08-18 06:00:00,6,,2.8
2024-08-18 07:00:00,7,,2.9
2024-08-18 08:00:00,8,,1.5
2024-08-18 09:00:00,9,8.0,0.5
2024-08-18 10:00:00,10,288.7,2.3
2024-08-18 11:00:00,11,1146.0,2.0
2024-08-18 12:00:00,12,1542.8,3.5
2024-08-18 13:00:00,13,2037.4,4.2
2024-08-18 14:00:00,14,1830.9,4.9
2024-08-18 15:00:00,15,2684.1,4.0
2024-08-18 16:00:00,16,2109.9,5.8
2024-08-18 17:00:00,17,2250.2,4.7
2024-08-18 18:00:00,18,1925.9,5.4
2024-08-18 19:00:00,19,1361.0,4.6
2024-08-18 20:00:00,20,749.5,4.6
2024-08-18 21:00:00,21,61.8,4.0
2024-08-18 22:00:00,22,,3.1
2024-08-18 23:00:00,23,,5.1
2024-08-19 00:00:00,0,,4.6
2024-08-19 01:00:00,1,,4.4
2024-08-19 02:00:00,2,,4.8
2024-08-19 03:00:00,3,,4.2
2024-08-19 04:00:00,4,,3.6
2024-08-19 05:00:00,5,,2.5
2024-08-19 06:00:00,6,,2.3
2024-08-19 07:00:00,7,,0.9
2024-08-19 08:00:00,8,,0.7
2024-08-19 09:00:00,9,10.4,0.6
2024-08-19 10:00:00,10,503.2,1.7
2024-08-19 11:00:00,11,935.5,3.9
2024-08-19 12:00:00,12,2016.5,3.9
2024-08-19 13:00:00,13,2459.7,4.5
2024-08-19 14:00:00,14,2230.4,4.2
2024-08-19 15:00:00,15,2620.5,4.8
2024-08-19 16:00:00,16,2278.8,4.8
2024-08-19 17:00:00,17,2203.8,4.8
2024-08-19 18:00:00,18,1446.0,4.6
2024-08-19 19:00:00,19,897.3,4.9
2024-08-19 20:00:00,20,326.9,4.5
2024-08-19 21:00:00,21,45.5,4.1
2024-08-19 22:00:00,22,,4.1
2024-08-19 23:00:00,23,,4.7
2024-08-20 00:00:00,0,,4.6
2024-08-20 01:00:00,1,,2.0
2024-08-20 02:00:00,2,,1.0
2024-08-20 03:00:00,3,,4.2
2024-08-20 04:00:00,4,,3.2
2024-08-20 05:00:00,5,,2.4
2024-08-20 06:00:00,6,,1.7
2024-08-20 07:00:00,7,,1.4
2024-08-20 08:00:00,8,,1.1
2024-08-20 09:00:00,9,10.5,0.8
2024-08-20 10:00:00,10,487.1,1.6
2024-08-20 11:00:00,11,1413.5,3.5
2024-08-20 12:00:00,12,1978.4,4.0
2024-08-20 13:00:00,13,2512.2,4.0
2024-08-20 14:00:00,14,2356.3,4.3
2024-08-20 15:00:00,15,2985.2,3.4
2024-08-20 16:00:00,16,2767.7,4.4
2024-08-20 17:00:00,17,2551.1,3.9
2024-08-20 18:00:00,18,2262.7,4.7
2024-08-20 19:00:00,19,1539.1,4.7
2024-08-20 20:00:00,20,627.3,4.2
2024-08-20 21:00:00,21,39.6,3.5
2024-08-20 22:00:00,22,,2.0
2024-08-20 23:00:00,23,,3.4
2024-08-21 00:00:00,0,,4.2
2024-08-21 01:00:00,1,,3.7
2024-08-21 02:00:00,2,,3.0
2024-08-21 03:00:00,3,,2.6
2024-08-21 04:00:00,4,,3.1
2024-08-21 05:00:00,5,,1.3
2024-08-21 06:00:00,6,,1.2
2024-08-21 07:00:00,7,,1.5
2024-08-21 08:00:00,8,,1.4
2024-08-21 09:00:00,9,8.7,1.7
2024-08-21 10:00:00,10,384.6,2.6
2024-08-21 11:00:00,11,973.7,3.5
2024-08-21 12:00:00,12,1951.1,3.9
2024-08-21 13:00:00,13,2660.0,3.7
2024-08-21 14:00:00,14,2973.9,3.1
2024-08-21 15:00:00,15,3214.5,4.2
2024-08-21 16:00:00,16,3099.7,4.9
2024-08-21 17:00:00,17,2741.6,5.4
2024-08-21 18:00:00,18,2147.2,6.3
2024-08-21 19:00:00,19,1403.0,6.0
2024-08-21 20:00:00,20,553.6,4.7
2024-08-21 21:00:00,21,37.6,3.6
2024-08-21 22:00:00,22,,2.6
2024-08-21 23:00:00,23,,3.9
2024-08-22 00:00:00,0,,4.5
2024-08-22 01:00:00,1,,4.7
2024-08-22 02:00:00,2,,3.5
2024-08-22 03:00:00,3,,3.2
2024-08-22 04:00:00,4,,2.9
2024-08-22 05:00:00,5,,1.7
2024-08-22 06:00:00,6,,1.6
2024-08-22 07:00:00,7,,1.2
2024-08-22 08:00:00,8,,0.7
2024-08-22 09:00:00,9,3.4,1.2
2024-08-22 10:00:00,10,177.9,1.2
2024-08-22 11:00:00,11,544.0,3.1
2024-08-22 12:00:00,12,919.5,3.6
2024-08-22 13:00:00,13,1691.5,5.6
2024-08-22 14:00:00,14,1812.9,5.2
2024-08-22 15:00:00,15,2908.7,5.7
2024-08-22 16:00:00,16,2781.7,5.7
2024-08-22 17:00:00,17,2745.9,5.9
2024-08-22 18:00:00,18,2109.1,5.3
2024-08-22 19:00:00,19,1293.8,5.6
2024-08-22 20:00:00,20,539.0,5.0
2024-08-22 21:00:00,21,40.0,4.9
2024-08-22 22:00:00,22,,4.9
2024-08-22 23:00:00,23,,5.2
2024-08-23 00:00:00,0,,6.0
2024-08-23 01:00:00,1,,5.8
2024-08-23 02:00:00,2,,4.8
2024-08-23 03:00:00,3,,2.9
2024-08-23 04:00:00,4,,2.0
2024-08-23 05:00:00,5,,1.3
2024-08-23 06:00:00,6,,3.0
2024-08-23 07:00:00,7,,2.6
2024-08-23 08:00:00,8,,2.6
2024-08-23 09:00:00,9,9.9,1.9
2024-08-23 10:00:00,10,304.0,1.5
2024-08-23 11:00:00,11,825.9,3.0
2024-08-23 12:00:00,12,1592.4,4.3
2024-08-23 13:00:00,13,1996.6,4.6
2024-08-23 14:00:00,14,2641.5,5.5
2024-08-23 15:00:00,15,2743.8,4.5
2024-08-23 16:00:00,16,2483.3,5.2
2024-08-23 17:00:00,17,2166.5,5.2
2024-08-23 18:00:00,18,1763.2,6.1
2024-08-23 19:00:00,19,989.1,5.3
2024-08-23 20:00:00,20,455.3,4.8
2024-08-23 21:00:00,21,45.6,4.0
2024-08-23 22:00:00,22,,4.4
2024-08-23 23:00:00,23,,5.1
2024-08-24 00:00:00,0,,3.9
2024-08-24 01:00:00,1,,4.0
2024-08-24 02:00:00,2,,2.7
2024-08-24 03:00:00,3,,1.4
2024-08-24 04:00:00,4,,1.8
2024-08-24 05:00:00,5,,2.3
2024-08-24 06:00:00,6,,2.4
2024-08-24 07:00:00,7,,1.0
2024-08-24 08:00:00,8,,0.4
2024-08-24 09:00:00,9,12.2,0.8
2024-08-24 10:00:00,10,397.3,1.6
2024-08-24 11:00:00,11,1216.0,0.8
2024-08-24 12:00:00,12,2035.2,5.3
2024-08-24 13:00:00,13,2686.0,4.4
2024-08-24 14:00:00,14,2416.7,4.1
2024-08-24 15:00:00,15,2637.9,3.9
2024-08-24 16:00:00,16,2628.3,4.6
2024-08-24 17:00:00,17,2131.6,4.3
2024-08-24 18:00:00,18,1597.3,3.6
2024-08-24 19:00:00,19,750.8,3.6
2024-08-24 20:00:00,20,457.0,3.7
2024-08-24 21:00:00,21,64.6,3.5
2024-08-24 22:00:00,22,,2.5
2024-08-24 23:00:00,23,,3.3
2024-08-25 00:00:00,0,,4.0
2024-08-25 01:00:00,1,,4.8
2024-08-25 02:00:00,2,,4.6
2024-08-25 03:00:00,3,,4.0
2024-08-25 04:00:00,4,,3.0
2024-08-25 05:00:00,5,,3.4
2024-08-25 06:00:00,6,,2.4
2024-08-25 07:00:00,7,,1.9
2024-08-25 08:00:00,8,,0.4
2024-08-25 09:00:00,9,13.0,0.5
2024-08-25 10:00:00,10,411.8,1.3
2024-08-25 11:00:00,11,1287.2,3.9
2024-08-25 12:00:00,12,2085.2,4.3
2024-08-25 13:00:00,13,2376.0,3.8
2024-08-25 14:00:00,14,3043.4,4.3
2024-08-25 15:00:00,15,3149.6,4.6
2024-08-25 16:00:00,16,3168.2,4.7
2024-08-25 17:00:00,17,2829.1,5.2
2024-08-25 18:00:00,18,2220.7,4.4
2024-08-25 19:00:00,19,1424.8,5.2
2024-08-25 20:00:00,20,569.5,4.3
2024-08-25 21:00:00,21,39.0,2.6
2024-08-25 22:00:00,22,,2.7
2024-08-25 23:00:00,23,,4.6
2024-08-26 00:00:00,0,,4.6
2024-08-26 01:00:00,1,,4.7
2024-08-26 02:00:00,2,,3.0
2024-08-26 03:00:00,3,,3.1
2024-08-26 04:00:00,4,,2.0
2024-08-26 05:00:00,5,,1.8
2024-08-26 06:00:00,6,,1.1
2024-08-26 07:00:00,7,,
2024-08-26 08:00:00,8,,0.4
2024-08-26 09:00:00,9,14.5,1.1
2024-08-26 10:00:00,10,455.3,1.0
2024-08-26 11:00:00,11,1330.9,2.7
2024-08-26 12:00:00,12,2177.3,4.1
2024-08-26 13:00:00,13,2764.9,4.6
2024-08-26 14:00:00,14,3141.4,4.0
2024-08-26 15:00:00,15,3272.1,3.6
2024-08-26 16:00:00,16,3174.7,3.4
2024-08-26 17:00:00,17,2803.3,3.6
2024-08-26 18:00:00,18,2203.0,3.5
2024-08-26 19:00:00,19,1446.9,3.1
2024-08-26 20:00:00,20,579.4,4.5
2024-08-26 21:00:00,21,37.9,3.5
2024-08-26 22:00:00,22,,3.3
2024-08-26 23:00:00,23,,3.9
2024-08-27 00:00:00,0,,4.0
2024-08-27 01:00:00,1,,5.0
2024-08-27 02:00:00,2,,2.5
2024-08-27 03:00:00,3,,3.5
2024-08-27 04:00:00,4,,2.8
2024-08-27 05:00:00,5,,1.5
2024-08-27 06:00:00,6,,1.9
2024-08-27 07:00:00,7,,0.7
2024-08-27 08:00:00,8,,1.3
2024-08-27 09:00:00,9,18.7,0.9
2024-08-27 10:00:00,10,468.3,3.0
2024-08-27 11:00:00,11,1269.5,3.1
2024-08-27 12:00:00,12,2160.9,5.1
2024-08-27 13:00:00,13,2838.8,4.9
2024-08-27 14:00:00,14,3099.0,4.1
2024-08-27 15:00:00,15,2693.2,4.3
2024-08-27 16:00:00,16,3021.9,4.9
2024-08-27 17:00:00,17,2806.1,4.2
2024-08-27 18:00:00,18,2217.9,4.1
2024-08-27 19:00:00,19,1474.3,5.0
2024-08-27 20:00:00,20,596.9,4.6
2024-08-27 21:00:00,21,41.2,4.9
2024-08-27 22:00:00,22,,5.1
2024-08-27 23:00:00,23,,5.0
2024-08-28 00:00:00,0,,5.8
2024-08-28 01:00:00,1,,4.7
2024-08-28 02:00:00,2,,4.2
2024-08-28 03:00:00,3,,2.9
2024-08-28 04:00:00,4,,3.4
2024-08-28 05:00:00,5,,3.7
2024-08-28 06:00:00,6,,3.3
2024-08-28 07:00:00,7,,2.4
2024-08-28 08:00:00,8,,2.3
2024-08-28 09:00:00,9,17.6,1.8
2024-08-28 10:00:00,10,458.5,2.7
2024-08-28 11:00:00,11,672.5,3.7
2024-08-28 12:00:00,12,1230.8,5.4
2024-08-28 13:00:00,13,2840.9,5.8
2024-08-28 14:00:00,14,2675.0,4.4
2024-08-28 15:00:00,15,2904.7,6.0
2024-08-28 16:00:00,16,2482.9,6.4
2024-08-28 17:00:00,17,2192.3,5.6
2024-08-28 18:00:00,18,1794.6,5.0
2024-08-28 19:00:00,19,1265.3,5.0
2024-08-28 20:00:00,20,459.3,6.5
2024-08-28 21:00:00,21,41.0,6.8
2024-08-28 22:00:00,22,,4.2
2024-08-28 23:00:00,23,,4.0
2024-08-29 00:00:00,0,,3.8
2024-08-29 01:00:00,1,,4.7
2024-08-29 02:00:00,2,,4.8
2024-08-29 03:00:00,3,,3.4
2024-08-29 04:00:00,4,,2.1
2024-08-29 05:00:00,5,,2.9
2024-08-29 06:00:00,6,,3.2
2024-08-29 07:00:00,7,,3.7
2024-08-29 08:00:00,8,,2.6
2024-08-29 09:00:00,9,18.2,2.2
2024-08-29 10:00:00,10,562.1,3.3
2024-08-29 11:00:00,11,934.0,4.3
2024-08-29 12:00:00,12,918.4,5.4
2024-08-29 13:00:00,13,1798.3,5.0
2024-08-29 14:00:00,14,3245.0,6.5
2024-08-29 15:00:00,15,3051.7,4.9
2024-08-29 16:00:00,16,2688.0,5.3
2024-08-29 17:00:00,17,2975.1,5.7
2024-08-29 18:00:00,18,2306.5,6.1
2024-08-29 19:00:00,19,1530.2,5.7
2024-08-29 20:00:00,20,633.4,5.4
2024-08-29 21:00:00,21,36.5,3.5
2024-08-29 22:00:00,22,,2.9
2024-08-29 23:00:00,23,,4.0
2024-08-30 00:00:00,0,,3.6
2024-08-30 01:00:00,1,,3.4
2024-08-30 02:00:00,2,,3.8
2024-08-30 03:00:00,3,,4.2
2024-08-30 04:00:00,4,,2.8
2024-08-30 05:00:00,5,,1.8
2024-08-30 06:00:00,6,,1.5
2024-08-30 07:00:00,7,,1.1
2024-08-30 08:00:00,8,,1.1
2024-08-30 09:00:00,9,10.5,1.6
2024-08-30 10:00:00,10,259.3,3.3
2024-08-30 11:00:00,11,611.5,4.7
2024-08-30 12:00:00,12,692.0,3.6
2024-08-30 13:00:00,13,1241.3,4.7
2024-08-30 14:00:00,14,2181.8,4.7
2024-08-30 15:00:00,15,2072.5,3.9
2024-08-30 16:00:00,16,1920.1,4.8
2024-08-30 17:00:00,17,1684.9,6.2
2024-08-30 18:00:00,18,1418.2,5.8
2024-08-30 19:00:00,19,937.4,5.0
2024-08-30 20:00:00,20,421.7,3.9
2024-08-30 21:00:00,21,39.9,2.7
2024-08-30 22:00:00,22,,1.5
2024-08-30 23:00:00,23,,3.3
2024-08-31 00:00:00,0,,4.3
2024-08-31 01:00:00,1,,3.9
2024-08-31 02:00:00,2,,3.0
2024-08-31 03:00:00,3,,2.5
2024-08-31 04:00:00,4,,2.2
2024-08-31 05:00:00,5,,2.1
2024-08-31 06:00:00,6,,1.2
2024-08-31 07:00:00,7,,0.8
2024-08-31 08:00:00,8,,1.2
2024-08-31 09:00:00,9,22.1,0.6
2024-08-31 10:00:00,10,609.1,1.5
2024-08-31 11:00:00,11,1482.1,2.8
2024-08-31 12:00:00,12,2363.5,6.0
2024-08-31 13:00:00,13,3012.2,4.5
2024-08-31 14:00:00,14,3437.9,5.5
2024-08-31 15:00:00,15,3583.8,4.3
2024-08-31 16:00:00,16,3417.4,4.6
2024-08-31 17:00:00,17,3004.3,4.6
2024-08-31 18:00:00,18,2317.7,4.8
2024-08-31 19:00:00,19,1249.6,4.7
2024-08-31 20:00:00,20,652.4,4.8
2024-08-31 21:00:00,21,35.2,3.8
2024-08-31 22:00:00,22,,4.1
2024-08-31 23:00:00,23,,3.7
2024-09-01 00:00:00,0,,5.0
2024-09-01 01:00:00,1,,4.4
2024-09-01 02:00:00,2,,3.9
2024-09-01 03:00:00,3,,4.1
2024-09-01 04:00:00,4,,2.9
2024-09-01 05:00:00,5,,2.7
2024-09-01 06:00:00,6,,2.8
2024-09-01 07:00:00,7,,2.0
2024-09-01 08:00:00,8,,1.5
2024-09-01 09:00:00,9,23.7,1.6
2024-09-01 10:00:00,10,611.8,1.7
2024-09-01 11:00:00,11,1351.5,3.5
2024-09-01 12:00:00,12,1526.0,3.3
2024-09-01 13:00:00,13,1569.8,4.0
2024-09-01 14:00:00,14,1988.4,5.4
2024-09-01 15:00:00,15,2904.1,6.3
2024-09-01 16:00:00,16,2815.0,5.1
2024-09-01 17:00:00,17,2055.5,5.9
2024-09-01 18:00:00,18,2237.9,6.1
2024-09-01 19:00:00,19,1505.5,5.4
2024-09-01 20:00:00,20,649.5,5.0
2024-09-01 21:00:00,21,50.1,5.4
2024-09-01 22:00:00,22,,3.2
2024-09-01 23:00:00,23,,3.6
2024-09-02 00:00:00,0,,4.2
2024-09-02 01:00:00,1,,4.0
2024-09-02 02:00:00,2,,3.2
2024-09-02 03:00:00,3,,2.8
2024-09-02 04:00:00,4,,0.6
2024-09-02 05:00:00,5,,1.4
2024-09-02 06:00:00,6,,0.5
2024-09-02 07:00:00,7,,1.2
2024-09-02 08:00:00,8,,0.5
2024-09-02 09:00:00,9,26.3,0.6
2024-09-02 10:00:00,10,626.7,2.5
2024-09-02 11:00:00,11,1551.3,4.2
2024-09-02 12:00:00,12,2113.1,3.3
2024-09-02 13:00:00,13,3035.8,4.2
2024-09-02 14:00:00,14,3433.8,4.3
2024-09-02 15:00:00,15,3572.4,3.5
2024-09-02 16:00:00,16,3450.6,3.7
2024-09-02 17:00:00,17,3019.7,4.6
2024-09-02 18:00:00,18,2356.9,3.5
2024-09-02 19:00:00,19,1557.2,4.7
2024-09-02 20:00:00,20,633.0,4.1
2024-09-02 21:00:00,21,37.6,4.3
2024-09-02 22:00:00,22,,3.4
2024-09-02 23:00:00,23,,3.5
2024-09-03 00:00:00,0,,4.0
2024-09-03 01:00:00,1,,4.6
2024-09-03 02:00:00,2,,3.2
2024-09-03 03:00:00,3,,1.4
2024-09-03 04:00:00,4,,2.3
2024-09-03 05:00:00,5,,1.1
2024-09-03 06:00:00,6,,1.8
2024-09-03 07:00:00,7,,0.7
2024-09-03 08:00:00,8,,0.5
2024-09-03 09:00:00,9,25.7,0.8
2024-09-03 10:00:00,10,592.0,0.6
2024-09-03 11:00:00,11,1504.9,3.4
2024-09-03 12:00:00,12,2363.3,3.9
2024-09-03 13:00:00,13,3013.4,3.9
2024-09-03 14:00:00,14,3400.8,3.4
2024-09-03 15:00:00,15,3544.3,3.8
2024-09-03 16:00:00,16,3408.3,2.9
2024-09-03 17:00:00,17,3012.4,3.2
2024-09-03 18:00:00,18,2357.9,4.4
2024-09-03 19:00:00,19,1573.8,4.8
2024-09-03 20:00:00,20,636.9,5.0
2024-09-03 21:00:00,21,36.8,3.0
2024-09-03 22:00:00,22,,2.8
2024-09-03 23:00:00,23,,2.4
2024-09-04 00:00:00,0,,4.2
2024-09-04 01:00:00,1,,3.5
2024-09-04 02:00:00,2,,2.8
2024-09-04 03:00:00,3,,2.3
2024-09-04 04:00:00,4,,1.4
2024-09-04 05:00:00,5,,1.3
2024-09-04 06:00:00,6,,1.3
2024-09-04 07:00:00,7,,1.4
2024-09-04 08:00:00,8,,1.5
2024-09-04 09:00:00,9,26.3,1.7
2024-09-04 10:00:00,10,620.3,2.4
2024-09-04 11:00:00,11,1543.2,4.2
2024-09-04 12:00:00,12,2375.7,4.3
2024-09-04 13:00:00,13,3017.7,3.8
2024-09-04 14:00:00,14,3404.1,3.5
2024-09-04 15:00:00,15,3538.5,3.3
2024-09-04 16:00:00,16,3402.6,4.6
2024-09-04 17:00:00,17,2980.1,3.8
2024-09-04 18:00:00,18,2335.7,6.5
2024-09-04 19:00:00,19,1560.5,6.3
2024-09-04 20:00:00,20,641.1,4.9
2024-09-04 21:00:00,21,41.2,3.8
2024-09-04 22:00:00,22,,3.1
2024-09-04 23:00:00,23,,3.7
2024-09-05 00:00:00,0,,4.1
2024-09-05 01:00:00,1,,3.9
2024-09-05 02:00:00,2,,3.3
2024-09-05 03:00:00,3,,1.8
2024-09-05 04:00:00,4,,1.7
2024-09-05 05:00:00,5,,2.3
2024-09-05 06:00:00,6,,1.4
2024-09-05 07:00:00,7,,1.5
2024-09-05 08:00:00,8,,2.0
2024-09-05 09:00:00,9,28.2,2.1
2024-09-05 10:00:00,10,614.8,2.9
2024-09-05 11:00:00,11,1534.0,4.6
2024-09-05 12:00:00,12,2354.7,5.3
2024-09-05 13:00:00,13,2978.3,3.3
2024-09-05 14:00:00,14,3377.6,3.9
2024-09-05 15:00:00,15,3542.5,3.0
2024-09-05 16:00:00,16,3281.5,3.6
2024-09-05 17:00:00,17,2986.8,5.3
2024-09-05 18:00:00,18,2335.4,5.0
2024-09-05 19:00:00,19,1536.3,5.8
2024-09-05 20:00:00,20,620.6,5.8
2024-09-05 21:00:00,21,45.9,4.1
2024-09-05 22:00:00,22,,3.8
2024-09-05 23:00:00,23,,4.0
2024-09-06 00:00:00,0,,4.2
2024-09-06 01:00:00,1,,3.9
2024-09-06 02:00:00,2,,3.7
2024-09-06 03:00:00,3,,3.6
2024-09-06 04:00:00,4,,2.9
2024-09-06 05:00:00,5,,2.7
2024-09-06 06:00:00,6,,1.8
2024-09-06 07:00:00,7,,2.3
2024-09-06 08:00:00,8,,1.8
2024-09-06 09:00:00,9,26.9,2.3
2024-09-06 10:00:00,10,615.7,3.1
2024-09-06 11:00:00,11,1548.4,5.0
2024-09-06 12:00:00,12,2353.5,2.8
2024-09-06 13:00:00,13,2969.9,4.0
2024-09-06 14:00:00,14,3359.7,2.9
2024-09-06 15:00:00,15,3496.8,2.6
2024-09-06 16:00:00,16,3354.6,4.5
2024-09-06 17:00:00,17,2920.3,2.7
2024-09-06 18:00:00,18,2299.0,4.6
2024-09-06 19:00:00,19,1528.8,5.3
2024-09-06 20:00:00,20,621.2,5.3
2024-09-06 21:00:00,21,54.4,4.8
2024-09-06 22:00:00,22,,4.5
2024-09-06 23:00:00,23,,4.1
2024-09-07 00:00:00,0,,6.0
2024-09-07 01:00:00,1,,3.6
2024-09-07 02:00:00,2,,4.9
2024-09-07 03:00:00,3,,4.2
2024-09-07 04:00:00,4,,3.4
2024-09-07 05:00:00,5,,4.3
2024-09-07 06:00:00,6,,2.6
2024-09-07 07:00:00,7,,1.6
2024-09-07 08:00:00,8,,1.7
2024-09-07 09:00:00,9,29.9,0.6
2024-09-07 10:00:00,10,559.2,1.1
2024-09-07 11:00:00,11,1312.3,4.1
2024-09-07 12:00:00,12,1306.7,4.6
2024-09-07 13:00:00,13,2947.6,4.0
2024-09-07 14:00:00,14,1751.8,4.4
2024-09-07 15:00:00,15,2339.6,3.8
2024-09-07 16:00:00,16,2481.1,4.4
2024-09-07 17:00:00,17,2796.6,4.0
2024-09-07 18:00:00,18,1541.4,4.4
2024-09-07 19:00:00,19,1165.6,4.9
2024-09-07 20:00:00,20,630.7,4.6
2024-09-07 21:00:00,21,55.4,5.2
2024-09-07 22:00:00,22,,5.5
2024-09-07 23:00:00,23,,6.1
2024-09-08 00:00:00,0,,5.0
2024-09-08 01:00:00,1,,4.3
2024-09-08 02:00:00,2,,4.2
2024-09-08 03:00:00,3,,3.2
2024-09-08 04:00:00,4,,2.7
2024-09-08 05:00:00,5,,1.6
2024-09-08 06:00:00,6,,0.9
2024-09-08 07:00:00,7,,1.4
2024-09-08 08:00:00,8,,1.1
2024-09-08 09:00:00,9,24.2,1.6
2024-09-08 10:00:00,10,384.8,1.4
2024-09-08 11:00:00,11,839.1,3.4
2024-09-08 12:00:00,12,1133.9,3.1
2024-09-08 13:00:00,13,2180.0,4.4
2024-09-08 14:00:00,14,2057.1,4.3
2024-09-08 15:00:00,15,1070.9,4.4
2024-09-08 16:00:00,16,1486.0,4.9
2024-09-08 17:00:00,17,2148.7,3.3
2024-09-08 18:00:00,18,1572.8,3.9
2024-09-08 19:00:00,19,731.0,4.0
2024-09-08 20:00:00,20,287.8,3.4
2024-09-08 21:00:00,21,7.4,5.3
2024-09-08 22:00:00,22,,6.4
2024-09-08 23:00:00,23,,4.4
2024-09-09 00:00:00,0,,4.5
2024-09-09 01:00:00,1,,4.9
2024-09-09 02:00:00,2,,4.9
2024-09-09 03:00:00,3,,3.6
2024-09-09 04:00:00,4,,4.0
2024-09-09 05:00:00,5,,4.7
2024-09-09 06:00:00,6,,3.1
2024-09-09 07:00:00,7,,3.3
2024-09-09 08:00:00,8,,2.7
2024-09-09 09:00:00,9,32.2,0.6
2024-09-09 10:00:00,10,549.0,2.0
2024-09-09 11:00:00,11,1078.0,3.8
2024-09-09 12:00:00,12,1477.8,6.4
2024-09-09 13:00:00,13,2039.1,5.0
2024-09-09 14:00:00,14,2258.8,3.8
2024-09-09 15:00:00,15,2164.2,4.9
2024-09-09 16:00:00,16,3071.8,5.1
2024-09-09 17:00:00,17,2438.0,4.9
2024-09-09 18:00:00,18,2392.8,5.2
2024-09-09 19:00:00,19,1512.2,5.1
2024-09-09 20:00:00,20,589.1,4.4
2024-09-09 21:00:00,21,54.0,3.8
2024-09-09 22:00:00,22,,4.1
2024-09-09 23:00:00,23,,4.4
2024-09-10 00:00:00,0,,3.2
2024-09-10 01:00:00,1,,4.0
2024-09-10 02:00:00,2,,5.1
2024-09-10 03:00:00,3,,3.0
2024-09-10 04:00:00,4,,1.3
2024-09-10 05:00:00,5,,1.3
2024-09-10 06:00:00,6,,2.2
2024-09-10 07:00:00,7,,2.4
2024-09-10 08:00:00,8,,1.8
2024-09-10 09:00:00,9,26.9,2.0
2024-09-10 10:00:00,10,596.9,2.7
2024-09-10 11:00:00,11,945.7,4.1
2024-09-10 12:00:00,12,2364.9,4.0
2024-09-10 13:00:00,13,2795.8,4.8
2024-09-10 14:00:00,14,2945.4,5.1
2024-09-10 15:00:00,15,2492.5,3.9
2024-09-10 16:00:00,16,3080.0,4.4
2024-09-10 17:00:00,17,2615.7,5.7
2024-09-10 18:00:00,18,2096.6,4.6
2024-09-10 19:00:00,19,1639.8,4.8
2024-09-10 20:00:00,20,691.2,4.7
2024-09-10 21:00:00,21,57.8,3.5
2024-09-10 22:00:00,22,,4.9
2024-09-10 23:00:00,23,,4.6
2024-09-11 00:00:00,0,,4.7
2024-09-11 01:00:00,1,,5.4
2024-09-11 02:00:00,2,,4.3
2024-09-11 03:00:00,3,,2.5
2024-09-11 04:00:00,4,,1.9
2024-09-11 05:00:00,5,,1.7
2024-09-11 06:00:00,6,,0.6
2024-09-11 07:00:00,7,,0.9
2024-09-11 08:00:00,8,,1.4
2024-09-11 09:00:00,9,37.6,0.7
2024-09-11 10:00:00,10,703.5,2.8
2024-09-11 11:00:00,11,1661.4,4.1
2024-09-11 12:00:00,12,2266.2,4.5
2024-09-11 13:00:00,13,3064.0,5.5
2024-09-11 14:00:00,14,3522.7,4.7
2024-09-11 15:00:00,15,3167.4,5.1
2024-09-11 16:00:00,16,2669.5,4.9
2024-09-11 17:00:00,17,3002.9,5.2
2024-09-11 18:00:00,18,2036.8,3.5
2024-09-11 19:00:00,19,1291.7,5.2
2024-09-11 20:00:00,20,497.4,5.6
2024-09-11 21:00:00,21,69.0,6.2
2024-09-11 22:00:00,22,,5.7
2024-09-11 23:00:00,23,,5.0
2024-09-12 00:00:00,0,,3.6
2024-09-12 01:00:00,1,,5.7
2024-09-12 02:00:00,2,,3.9
2024-09-12 03:00:00,3,,2.6
2024-09-12 04:00:00,4,,2.4
2024-09-12 05:00:00,5,,1.6
2024-09-12 06:00:00,6,,2.0
2024-09-12 07:00:00,7,,1.5
2024-09-12 08:00:00,8,,2.0
2024-09-12 09:00:00,9,41.2,1.4
2024-09-12 10:00:00,10,720.2,3.3
2024-09-12 11:00:00,11,1689.4,5.5
2024-09-12 12:00:00,12,2432.3,5.3
2024-09-12 13:00:00,13,2850.1,3.8
2024-09-12 14:00:00,14,3182.8,3.9
2024-09-12 15:00:00,15,3548.2,4.5
2024-09-12 16:00:00,16,3587.3,4.7
2024-09-12 17:00:00,17,3005.7,4.4
2024-09-12 18:00:00,18,2342.2,5.9
2024-09-12 19:00:00,19,1408.5,6.4
2024-09-12 20:00:00,20,714.6,5.4
2024-09-12 21:00:00,21,60.0,5.6
2024-09-12 22:00:00,22,,5.2
2024-09-12 23:00:00,23,,5.6
2024-09-13 00:00:00,0,,5.2
2024-09-13 01:00:00,1,,2.1
2024-09-13 02:00:00,2,,3.0
2024-09-13 03:00:00,3,,3.3
2024-09-13 04:00:00,4,,4.3
2024-09-13 05:00:00,5,,2.4
2024-09-13 06:00:00,6,,1.3
2024-09-13 07:00:00,7,,2.9
2024-09-13 08:00:00,8,,2.7
2024-09-13 09:00:00,9,42.4,2.1
2024-09-13 10:00:00,10,469.9,3.9
2024-09-13 11:00:00,11,1486.7,5.2
2024-09-13 12:00:00,12,2124.0,4.8
2024-09-13 13:00:00,13,1859.8,3.4
2024-09-13 14:00:00,14,1327.1,3.8
2024-09-13 15:00:00,15,1779.1,2.3
2024-09-13 16:00:00,16,1580.7,3.1
2024-09-13 17:00:00,17,2290.1,3.9
2024-09-13 18:00:00,18,2038.6,3.5
2024-09-13 19:00:00,19,1096.1,4.5
2024-09-13 20:00:00,20,488.9,3.5
2024-09-13 21:00:00,21,59.2,3.1
2024-09-13 22:00:00,22,,3.7
2024-09-13 23:00:00,23,,4.9
2024-09-14 00:00:00,0,,6.1
2024-09-14 01:00:00,1,,5.1
2024-09-14 02:00:00,2,,3.0
2024-09-14 03:00:00,3,,3.4
2024-09-14 04:00:00,4,,2.7
2024-09-14 05:00:00,5,,2.1
2024-09-14 06:00:00,6,,1.4
2024-09-14 07:00:00,7,,1.3
2024-09-14 08:00:00,8,,0.9
2024-09-14 09:00:00,9,12.4,1.3
2024-09-14 10:00:00,10,175.3,1.9
2024-09-14 11:00:00,11,632.8,3.6
2024-09-14 12:00:00,12,1653.3,3.5
2024-09-14 13:00:00,13,2375.0,3.4
2024-09-14 14:00:00,14,3111.4,3.3
2024-09-14 15:00:00,15,2387.6,4.0
2024-09-14 16:00:00,16,2906.1,4.1
2024-09-14 17:00:00,17,3161.4,2.6
2024-09-14 18:00:00,18,2187.3,5.3
2024-09-14 19:00:00,19,1604.3,5.2
2024-09-14 20:00:00,20,724.8,5.4
2024-09-14 21:00:00,21,61.5,4.1
2024-09-14 22:00:00,22,,3.9
2024-09-14 23:00:00,23,,5.7
2024-09-15 00:00:00,0,,5.4
2024-09-15 01:00:00,1,,3.2
2024-09-15 02:00:00,2,,5.4
2024-09-15 03:00:00,3,,3.9
2024-09-15 04:00:00,4,,2.6
2024-09-15 05:00:00,5,,1.8
2024-09-15 06:00:00,6,,2.4
2024-09-15 07:00:00,7,,1.2
2024-09-15 08:00:00,8,,1.9
2024-09-15 09:00:00,9,49.0,1.7
2024-09-15 10:00:00,10,703.7,3.0
2024-09-15 11:00:00,11,1638.0,3.7
2024-09-15 12:00:00,12,2458.9,3.6
2024-09-15 13:00:00,13,3075.8,3.9
2024-09-15 14:00:00,14,3372.9,4.2
2024-09-15 15:00:00,15,3607.5,4.5
2024-09-15 16:00:00,16,2983.0,5.1
2024-09-15 17:00:00,17,2382.0,5.5
2024-09-15 18:00:00,18,1815.4,5.7
2024-09-15 19:00:00,19,1311.7,5.4
2024-09-15 20:00:00,20,653.7,4.8
2024-09-15 21:00:00,21,54.1,3.4
2024-09-15 22:00:00,22,,2.6
2024-09-15 23:00:00,23,,5.5
2024-09-16 00:00:00,0,,5.4
2024-09-16 01:00:00,1,,4.1
2024-09-16 02:00:00,2,,4.2
2024-09-16 03:00:00,3,,3.4
2024-09-16 04:00:00,4,,3.0
2024-09-16 05:00:00,5,,1.7
2024-09-16 06:00:00,6,,1.6
2024-09-16 07:00:00,7,,2.2
2024-09-16 08:00:00,8,,1.2
2024-09-16 09:00:00,9,49.8,1.7
2024-09-16 10:00:00,10,689.9,3.5
2024-09-16 11:00:00,11,1673.8,4.6
2024-09-16 12:00:00,12,2343.8,3.5
2024-09-16 13:00:00,13,3060.3,3.3
2024-09-16 14:00:00,14,3468.5,2.7
2024-09-16 15:00:00,15,3596.2,3.0
2024-09-16 16:00:00,16,3364.0,4.7
2024-09-16 17:00:00,17,3035.4,5.6
2024-09-16 18:00:00,18,2372.2,5.2
2024-09-16 19:00:00,19,1554.5,5.9
2024-09-16 20:00:00,20,655.9,5.0
2024-09-16 21:00:00,21,52.6,4.0
2024-09-16 22:00:00,22,,2.5
2024-09-16 23:00:00,23,,3.1
2024-09-17 00:00:00,0,,3.7
2024-09-17 01:00:00,1,,5.9
2024-09-17 02:00:00,2,,4.0
2024-09-17 03:00:00,3,,3.2
2024-09-17 04:00:00,4,,3.2
2024-09-17 05:00:00,5,,1.8
2024-09-17 06:00:00,6,,2.0
2024-09-17 07:00:00,7,,2.2
2024-09-17 08:00:00,8,,1.1
2024-09-17 09:00:00,9,54.7,1.6
2024-09-17 10:00:00,10,754.3,2.3
2024-09-17 11:00:00,11,1686.3,3.1
2024-09-17 12:00:00,12,2498.4,3.1
2024-09-17 13:00:00,13,3103.6,2.0
2024-09-17 14:00:00,14,3486.1,4.1
2024-09-17 15:00:00,15,3613.0,3.7
2024-09-17 16:00:00,16,3462.5,4.4
2024-09-17 17:00:00,17,3046.5,3.6
2024-09-17 18:00:00,18,2392.4,4.0
2024-09-17 19:00:00,19,1576.7,4.7
2024-09-17 20:00:00,20,679.1,5.1
2024-09-17 21:00:00,21,54.7,3.4
2024-09-17 22:00:00,22,,3.8
2024-09-17 23:00:00,23,,2.8
2024-09-18 00:00:00,0,,4.4
2024-09-18 01:00:00,1,,5.2
2024-09-18 02:00:00,2,,4.5
2024-09-18 03:00:00,3,,3.5
2024-09-18 04:00:00,4,,2.8
2024-09-18 05:00:00,5,,3.0
2024-09-18 06:00:00,6,,2.2
2024-09-18 07:00:00,7,,2.3
2024-09-18 08:00:00,8,,1.8
2024-09-18 09:00:00,9,56.1,2.2
2024-09-18 10:00:00,10,687.5,3.5
2024-09-18 11:00:00,11,1393.3,4.3
2024-09-18 12:00:00,12,2135.9,4.4
2024-09-18 13:00:00,13,2838.5,5.0
2024-09-18 14:00:00,14,2705.2,4.4
2024-09-18 15:00:00,15,2909.4,3.2
2024-09-18 16:00:00,16,2702.7,4.2
2024-09-18 17:00:00,17,2741.7,4.2
2024-09-18 18:00:00,18,2143.3,3.3
2024-09-18 19:00:00,19,975.9,4.3
2024-09-18 20:00:00,20,706.5,4.5
2024-09-18 21:00:00,21,63.7,4.0
2024-09-18 22:00:00,22,,5.9
2024-09-18 23:00:00,23,,5.0
2024-09-19 00:00:00,0,,4.3
2024-09-19 01:00:00,1,,4.5
2024-09-19 02:00:00,2,,3.3
2024-09-19 03:00:00,3,,3.5
2024-09-19 04:00:00,4,,3.9
2024-09-19 05:00:00,5,,2.3
2024-09-19 06:00:00,6,,2.4
2024-09-19 07:00:00,7,,2.0
2024-09-19 08:00:00,8,,1.5
2024-09-19 09:00:00,9,60.1,1.6
2024-09-19 10:00:00,10,727.7,3.9
2024-09-19 11:00:00,11,943.7,4.5
2024-09-19 12:00:00,12,1250.9,4.0
2024-09-19 13:00:00,13,1807.4,4.2
2024-09-19 14:00:00,14,2191.4,4.4
2024-09-19 15:00:00,15,2715.6,3.8
2024-09-19 16:00:00,16,2996.7,4.1
2024-09-19 17:00:00,17,2807.0,4.7
2024-09-19 18:00:00,18,2371.2,4.8
2024-09-19 19:00:00,19,1549.3,4.9
2024-09-19 20:00:00,20,662.3,5.2
2024-09-19 21:00:00,21,52.1,3.8
2024-09-19 22:00:00,22,,2.8
2024-09-19 23:00:00,23,,3.5
2024-09-20 00:00:00,0,,6.2
2024-09-20 01:00:00,1,,5.2
2024-09-20 02:00:00,2,,3.6
2024-09-20 03:00:00,3,,4.8
2024-09-20 04:00:00,4,,3.6
2024-09-20 05:00:00,5,,2.8
2024-09-20 06:00:00,6,,2.2
2024-09-20 07:00:00,7,,1.8
2024-09-20 08:00:00,8,,1.7
2024-09-20 09:00:00,9,74.7,2.1
2024-09-20 10:00:00,10,763.5,2.9
2024-09-20 11:00:00,11,1746.0,4.0
2024-09-20 12:00:00,12,2588.5,3.5
2024-09-20 13:00:00,13,2985.1,3.3
2024-09-20 14:00:00,14,3478.8,3.7
2024-09-20 15:00:00,15,3618.2,4.0
2024-09-20 16:00:00,16,3470.8,3.7
2024-09-20 17:00:00,17,3045.4,4.7
2024-09-20 18:00:00,18,2388.1,6.1
2024-09-20 19:00:00,19,1577.3,6.4
2024-09-20 20:00:00,20,675.7,5.7
2024-09-20 21:00:00,21,54.1,4.2
2024-09-20 22:00:00,22,,3.7
2024-09-20 23:00:00,23,,5.5
2024-09-21 00:00:00,0,,5.8
2024-09-21 01:00:00,1,,7.0
2024-09-21 02:00:00,2,,4.0
2024-09-21 03:00:00,3,,3.3
2024-09-21 04:00:00,4,,2.5
2024-09-21 05:00:00,5,,1.7
2024-09-21 06:00:00,6,,2.4
2024-09-21 07:00:00,7,,1.6
2024-09-21 08:00:00,8,,1.3
2024-09-21 09:00:00,9,43.2,1.3
2024-09-21 10:00:00,10,786.7,3.3
2024-09-21 11:00:00,11,1839.9,4.9
2024-09-21 12:00:00,12,2681.8,3.4
2024-09-21 13:00:00,13,3096.4,3.8
2024-09-21 14:00:00,14,3499.8,3.7
2024-09-21 15:00:00,15,3609.5,4.2
2024-09-21 16:00:00,16,3472.1,3.9
2024-09-21 17:00:00,17,3055.1,5.3
2024-09-21 18:00:00,18,2389.0,4.7
2024-09-21 19:00:00,19,1587.0,5.1
2024-09-21 20:00:00,20,685.1,4.8
2024-09-21 21:00:00,21,54.0,3.4
2024-09-21 22:00:00,22,,2.4
2024-09-21 23:00:00,23,,2.0
2024-09-22 00:00:00,0,,3.2
2024-09-22 01:00:00,1,,3.5
2024-09-22 02:00:00,2,,4.0
2024-09-22 03:00:00,3,,4.4
2024-09-22 04:00:00,4,,3.5
2024-09-22 05:00:00,5,,1.9
2024-09-22 06:00:00,6,,1.3
2024-09-22 07:00:00,7,,2.2
2024-09-22 08:00:00,8,,3.1
2024-09-22 09:00:00,9,67.0,3.8
2024-09-22 10:00:00,10,769.9,3.7
2024-09-22 11:00:00,11,1664.9,3.7
2024-09-22 12:00:00,12,2547.2,5.1
2024-09-22 13:00:00,13,2922.1,3.7
2024-09-22 14:00:00,14,3451.0,4.6
2024-09-22 15:00:00,15,3542.7,4.7
2024-09-22 16:00:00,16,3411.6,5.2
2024-09-22 17:00:00,17,2995.1,4.2
2024-09-22 18:00:00,18,2338.0,5.1
2024-09-22 19:00:00,19,1526.3,5.0
2024-09-22 20:00:00,20,642.0,4.6
2024-09-22 21:00:00,21,49.9,4.1
2024-09-22 22:00:00,22,,2.9
2024-09-22 23:00:00,23,,3.6
2024-09-23 00:00:00,0,,4.4
2024-09-23 01:00:00,1,,5.0
2024-09-23 02:00:00,2,,3.1
2024-09-23 03:00:00,3,,4.2
2024-09-23 04:00:00,4,,3.0
2024-09-23 05:00:00,5,,1.9
2024-09-23 06:00:00,6,,1.5
2024-09-23 07:00:00,7,,1.8
2024-09-23 08:00:00,8,,2.0
2024-09-23 09:00:00,9,85.4,2.7
2024-09-23 10:00:00,10,728.7,4.7
2024-09-23 11:00:00,11,1655.8,4.2
2024-09-23 12:00:00,12,2499.7,3.9
2024-09-23 13:00:00,13,3097.0,4.3
2024-09-23 14:00:00,14,3323.4,3.7
2024-09-23 15:00:00,15,3538.8,3.9
2024-09-23 16:00:00,16,3508.1,3.3
2024-09-23 17:00:00,17,3010.0,4.9
2024-09-23 18:00:00,18,2102.1,4.5
2024-09-23 19:00:00,19,1180.6,5.2
2024-09-23 20:00:00,20,675.5,5.1
2024-09-23 21:00:00,21,64.0,4.3
2024-09-23 22:00:00,22,,3.5
2024-09-23 23:00:00,23,,4.8
2024-09-24 00:00:00,0,,4.3
2024-09-24 01:00:00,1,,3.4
2024-09-24 02:00:00,2,,4.3
2024-09-24 03:00:00,3,,2.8
2024-09-24 04:00:00,4,,3.5
2024-09-24 05:00:00,5,,1.4
2024-09-24 06:00:00,6,,1.5
2024-09-24 07:00:00,7,,1.3
2024-09-24 08:00:00,8,,1.6
2024-09-24 09:00:00,9,89.6,1.8
2024-09-24 10:00:00,10,770.7,4.0
2024-09-24 11:00:00,11,1690.5,4.4
2024-09-24 12:00:00,12,2332.9,4.6
2024-09-24 13:00:00,13,2653.7,4.1
2024-09-24 14:00:00,14,3256.6,4.2
2024-09-24 15:00:00,15,3236.0,3.6
2024-09-24 16:00:00,16,2937.7,3.8
2024-09-24 17:00:00,17,2904.4,5.2
2024-09-24 18:00:00,18,2153.2,4.6
2024-09-24 19:00:00,19,1232.1,5.1
2024-09-24 20:00:00,20,467.6,4.5
2024-09-24 21:00:00,21,35.9,3.4
2024-09-24 22:00:00,22,,3.3
2024-09-24 23:00:00,23,,3.8
2024-09-25 00:00:00,0,,4.9
2024-09-25 01:00:00,1,,4.3
2024-09-25 02:00:00,2,,5.0
2024-09-25 03:00:00,3,,3.5
2024-09-25 04:00:00,4,,2.9
2024-09-25 05:00:00,5,,2.8
2024-09-25 06:00:00,6,,3.3
2024-09-25 07:00:00,7,,2.1
2024-09-25 08:00:00,8,,4.1
2024-09-25 09:00:00,9,91.2,2.4
2024-09-25 10:00:00,10,806.5,3.7
2024-09-25 11:00:00,11,1718.2,4.5
2024-09-25 12:00:00,12,2268.1,4.9
2024-09-25 13:00:00,13,2917.0,5.1
2024-09-25 14:00:00,14,3302.9,4.9
2024-09-25 15:00:00,15,3394.7,5.3
2024-09-25 16:00:00,16,3031.4,5.4
2024-09-25 17:00:00,17,2890.4,5.8
2024-09-25 18:00:00,18,2459.1,5.4
2024-09-25 19:00:00,19,1417.0,5.2
2024-09-25 20:00:00,20,622.2,4.6
2024-09-25 21:00:00,21,54.7,2.7
2024-09-25 22:00:00,22,,2.9
2024-09-25 23:00:00,23,,5.4
2024-09-26 00:00:00,0,,5.6
2024-09-26 01:00:00,1,,4.8
2024-09-26 02:00:00,2,,4.1
2024-09-26 03:00:00,3,,2.5
2024-09-26 04:00:00,4,,1.5
2024-09-26 05:00:00,5,,1.6
2024-09-26 06:00:00,6,,2.3
2024-09-26 07:00:00,7,,2.1
2024-09-26 08:00:00,8,,1.7
2024-09-26 09:00:00,9,75.5,1.8
2024-09-26 10:00:00,10,700.5,3.7
2024-09-26 11:00:00,11,1467.3,4.0
2024-09-26 12:00:00,12,2123.4,3.1
2024-09-26 13:00:00,13,2959.5,3.9
2024-09-26 14:00:00,14,3362.0,3.0
2024-09-26 15:00:00,15,3594.0,4.7
2024-09-26 16:00:00,16,3478.4,5.0
2024-09-26 17:00:00,17,3008.5,4.7
2024-09-26 18:00:00,18,2373.9,5.0
2024-09-26 19:00:00,19,1539.2,5.3
2024-09-26 20:00:00,20,640.8,4.7
2024-09-26 21:00:00,21,48.7,5.2
2024-09-26 22:00:00,22,,5.1
2024-09-26 23:00:00,23,,4.2
2024-09-27 00:00:00,0,,4.4
2024-09-27 01:00:00,1,,3.4
2024-09-27 02:00:00,2,,3.4
2024-09-27 03:00:00,3,,4.2
2024-09-27 04:00:00,4,,2.7
2024-09-27 05:00:00,5,,1.8
2024-09-27 06:00:00,6,,1.8
2024-09-27 07:00:00,7,,2.1
2024-09-27 08:00:00,8,,1.3
2024-09-27 09:00:00,9,86.1,1.8
2024-09-27 10:00:00,10,843.8,3.8
2024-09-27 11:00:00,11,1449.2,4.5
2024-09-27 12:00:00,12,2361.5,3.2
2024-09-27 13:00:00,13,3207.9,3.6
2024-09-27 14:00:00,14,3501.6,2.9
2024-09-27 15:00:00,15,3568.9,4.0
2024-09-27 16:00:00,16,3433.1,3.1
2024-09-27 17:00:00,17,3003.0,3.5
2024-09-27 18:00:00,18,2367.7,3.1
2024-09-27 19:00:00,19,1564.5,4.3
2024-09-27 20:00:00,20,664.3,3.5
2024-09-27 21:00:00,21,49.1,3.3
2024-09-27 22:00:00,22,,2.3
2024-09-27 23:00:00,23,,1.9
2024-09-28 00:00:00,0,,1.7
2024-09-28 01:00:00,1,,3.9
2024-09-28 02:00:00,2,,3.9
2024-09-28 03:00:00,3,,3.5
2024-09-28 04:00:00,4,,2.8
2024-09-28 05:00:00,5,,2.6
2024-09-28 06:00:00,6,,2.2
2024-09-28 07:00:00,7,,3.1
2024-09-28 08:00:00,8,,2.4
2024-09-28 09:00:00,9,104.3,2.2
2024-09-28 10:00:00,10,835.5,3.5
2024-09-28 11:00:00,11,1750.5,3.5
2024-09-28 12:00:00,12,2549.9,3.5
2024-09-28 13:00:00,13,3134.7,3.5
2024-09-28 14:00:00,14,3466.7,1.8
2024-09-28 15:00:00,15,3558.2,1.3
2024-09-28 16:00:00,16,3421.8,3.9
2024-09-28 17:00:00,17,2995.9,3.6
2024-09-28 18:00:00,18,2343.1,2.9
2024-09-28 19:00:00,19,1561.4,2.6
2024-09-28 20:00:00,20,709.6,4.1
2024-09-28 21:00:00,21,53.5,3.6
2024-09-28 22:00:00,22,,4.4
2024-09-28 23:00:00,23,,6.2
2024-09-29 00:00:00,0,,5.3
2024-09-29 01:00:00,1,,3.8
2024-09-29 02:00:00,2,,5.1
2024-09-29 03:00:00,3,,4.4
2024-09-29 04:00:00,4,,4.3
2024-09-29 05:00:00,5,,3.0
2024-09-29 06:00:00,6,,2.8
2024-09-29 07:00:00,7,,3.4
2024-09-29 08:00:00,8,,2.3
2024-09-29 09:00:00,9,96.9,2.4
2024-09-29 10:00:00,10,813.2,3.7
2024-09-29 11:00:00,11,1462.1,4.5
2024-09-29 12:00:00,12,1010.1,4.6
2024-09-29 13:00:00,13,1165.1,4.1
2024-09-29 14:00:00,14,1106.8,4.4
2024-09-29 15:00:00,15,1881.7,4.8
2024-09-29 16:00:00,16,2383.9,4.3
2024-09-29 17:00:00,17,2753.3,4.3
2024-09-29 18:00:00,18,1619.8,4.3
2024-09-29 19:00:00,19,1255.7,5.4
2024-09-29 20:00:00,20,655.9,6.1
2024-09-29 21:00:00,21,51.1,4.8
2024-09-29 22:00:00,22,,5.0
2024-09-29 23:00:00,23,,4.1
2024-09-30 00:00:00,0,,4.6
2024-09-30 01:00:00,1,,4.5
2024-09-30 02:00:00,2,,3.9
2024-09-30 03:00:00,3,,4.5
2024-09-30 04:00:00,4,,4.1
2024-09-30 05:00:00,5,,3.6
2024-09-30 06:00:00,6,,2.5
2024-09-30 07:00:00,7,,2.5
2024-09-30 08:00:00,8,,2.2
2024-09-30 09:00:00,9,29.6,2.3
2024-09-30 10:00:00,10,579.7,4.5
2024-09-30 11:00:00,11,1461.8,5.0
2024-09-30 12:00:00,12,2363.4,4.4
2024-09-30 13:00:00,13,1338.6,4.8
2024-09-30 14:00:00,14,1649.4,5.0
2024-09-30 15:00:00,15,2585.3,6.4
2024-09-30 16:00:00,16,3175.7,6.1
2024-09-30 17:00:00,17,2676.5,5.3
2024-09-30 18:00:00,18,2240.2,5.0
2024-09-30 19:00:00,19,1611.0,5.1
2024-09-30 20:00:00,20,446.4,5.5
2024-09-30 21:00:00,21,25.1,4.7
2024-09-30 22:00:00,22,,5.1
2024-09-30 23:00:00,23,,5.3
2024-10-01 00:00:00,0,,4.7
2024-10-01 01:00:00,1,,5.1
2024-10-01 02:00:00,2,,3.8
2024-10-01 03:00:00,3,,2.2
2024-10-01 04:00:00,4,,1.9
2024-10-01 05:00:00,5,,1.6
2024-10-01 06:00:00,6,,1.8
2024-10-01 07:00:00,7,,0.6
2024-10-01 08:00:00,8,,0.3
2024-10-01 09:00:00,9,129.7,0.6
2024-10-01 10:00:00,10,811.9,1.1
2024-10-01 11:00:00,11,1699.8,2.3
2024-10-01 12:00:00,12,2606.9,4.8
2024-10-01 13:00:00,13,3153.3,2.7
2024-10-01 14:00:00,14,3495.7,4.4
2024-10-01 15:00:00,15,3524.0,4.3
2024-10-01 16:00:00,16,3414.2,5.2
2024-10-01 17:00:00,17,2968.1,5.7
2024-10-01 18:00:00,18,2369.3,5.9
2024-10-01 19:00:00,19,1582.4,6.3
2024-10-01 20:00:00,20,660.0,6.1
2024-10-01 21:00:00,21,35.4,4.3
2024-10-01 22:00:00,22,,5.0
2024-10-01 23:00:00,23,,4.2
2024-10-02 00:00:00,0,,5.4
2024-10-02 01:00:00,1,,5.3
2024-10-02 02:00:00,2,,3.4
2024-10-02 03:00:00,3,,3.5
2024-10-02 04:00:00,4,,3.0
2024-10-02 05:00:00,5,,1.7
2024-10-02 06:00:00,6,,1.2
2024-10-02 07:00:00,7,,1.4
2024-10-02 08:00:00,8,,1.6
2024-10-02 09:00:00,9,114.1,1.4
2024-10-02 10:00:00,10,811.4,3.4
2024-10-02 11:00:00,11,1846.2,3.4
2024-10-02 12:00:00,12,2219.1,2.9
2024-10-02 13:00:00,13,3176.9,3.1
2024-10-02 14:00:00,14,3484.8,2.9
2024-10-02 15:00:00,15,3568.0,2.6
2024-10-02 16:00:00,16,3382.8,1.9
2024-10-02 17:00:00,17,2901.2,3.7
2024-10-02 18:00:00,18,2322.5,2.4
2024-10-02 19:00:00,19,1539.8,3.6
2024-10-02 20:00:00,20,674.6,4.7
2024-10-02 21:00:00,21,49.8,3.6
2024-10-02 22:00:00,22,,2.7
2024-10-02 23:00:00,23,,2.4
2024-10-03 00:00:00,0,,5.8
2024-10-03 01:00:00,1,,5.3
2024-10-03 02:00:00,2,,3.6
2024-10-03 03:00:00,3,,3.2
2024-10-03 04:00:00,4,,2.6
2024-10-03 05:00:00,5,,3.0
2024-10-03 06:00:00,6,,2.7
2024-10-03 07:00:00,7,,3.3
2024-10-03 08:00:00,8,,2.4
2024-10-03 09:00:00,9,94.3,2.2
2024-10-03 10:00:00,10,811.7,3.0
2024-10-03 11:00:00,11,1698.7,2.3
2024-10-03 12:00:00,12,2546.4,3.1
2024-10-03 13:00:00,13,3173.0,2.5
2024-10-03 14:00:00,14,3497.7,2.2
2024-10-03 15:00:00,15,3254.8,2.9
2024-10-03 16:00:00,16,2878.5,3.8
2024-10-03 17:00:00,17,2948.8,5.4
2024-10-03 18:00:00,18,2304.4,4.9
2024-10-03 19:00:00,19,1572.3,4.8
2024-10-03 20:00:00,20,645.7,5.3
2024-10-03 21:00:00,21,40.6,3.8
2024-10-03 22:00:00,22,,2.8
2024-10-03 23:00:00,23,,2.7
2024-10-04 00:00:00,0,,3.6
2024-10-04 01:00:00,1,,4.7
2024-10-04 02:00:00,2,,3.8
2024-10-04 03:00:00,3,,3.1
2024-10-04 04:00:00,4,,2.6
2024-10-04 05:00:00,5,,2.4
2024-10-04 06:00:00,6,,2.5
2024-10-04 07:00:00,7,,2.2
2024-10-04 08:00:00,8,,2.2
2024-10-04 09:00:00,9,103.3,2.6
2024-10-04 10:00:00,10,732.7,2.7
2024-10-04 11:00:00,11,1687.9,2.6
2024-10-04 12:00:00,12,2389.0,2.0
2024-10-04 13:00:00,13,3077.2,3.3
2024-10-04 14:00:00,14,3443.0,3.3
2024-10-04 15:00:00,15,3203.7,2.7
2024-10-04 16:00:00,16,3432.4,4.1
2024-10-04 17:00:00,17,2979.5,4.3
2024-10-04 18:00:00,18,2333.7,3.1
2024-10-04 19:00:00,19,1520.4,2.9
2024-10-04 20:00:00,20,633.1,3.6
2024-10-04 21:00:00,21,43.5,3.0
2024-10-04 22:00:00,22,,1.9
2024-10-04 23:00:00,23,,2.4
2024-10-05 00:00:00,0,,4.2
2024-10-05 01:00:00,1,,5.0
2024-10-05 02:00:00,2,,3.6
2024-10-05 03:00:00,3,,3.0
2024-10-05 04:00:00,4,,2.8
2024-10-05 05:00:00,5,,1.5
2024-10-05 06:00:00,6,,1.6
2024-10-05 07:00:00,7,,2.1
2024-10-05 08:00:00,8,,1.9
2024-10-05 09:00:00,9,114.4,2.1
2024-10-05 10:00:00,10,891.0,2.6
2024-10-05 11:00:00,11,1826.5,2.8
2024-10-05 12:00:00,12,2369.3,4.2
2024-10-05 13:00:00,13,3206.9,2.4
2024-10-05 14:00:00,14,3515.9,3.9
2024-10-05 15:00:00,15,3608.2,5.0
2024-10-05 16:00:00,16,3460.5,5.1
2024-10-05 17:00:00,17,3005.5,5.2
2024-10-05 18:00:00,18,2305.0,4.1
2024-10-05 19:00:00,19,1438.3,4.9
2024-10-05 20:00:00,20,585.6,3.9
2024-10-05 21:00:00,21,41.0,3.5
2024-10-05 22:00:00,22,,3.3
2024-10-05 23:00:00,23,,3.9
2024-10-06 00:00:00,0,,5.0
2024-10-06 01:00:00,1,,5.6
2024-10-06 02:00:00,2,,4.1
2024-10-06 03:00:00,3,,2.5
2024-10-06 04:00:00,4,,1.8
2024-10-06 05:00:00,5,,2.1
2024-10-06 06:00:00,6,,1.5
2024-10-06 07:00:00,7,,2.3
2024-10-06 08:00:00,8,,1.9
2024-10-06 09:00:00,9,108.0,2.5
2024-10-06 10:00:00,10,823.3,3.5
2024-10-06 11:00:00,11,1744.5,3.0
2024-10-06 12:00:00,12,2523.3,4.1
2024-10-06 13:00:00,13,3115.6,3.0
2024-10-06 14:00:00,14,3448.6,4.5
2024-10-06 15:00:00,15,3531.3,4.5
2024-10-06 16:00:00,16,3357.5,5.1
2024-10-06 17:00:00,17,2933.2,4.7
2024-10-06 18:00:00,18,2288.5,4.5
2024-10-06 19:00:00,19,1472.0,4.8
2024-10-06 20:00:00,20,604.0,3.8
2024-10-06 21:00:00,21,41.8,4.1
2024-10-06 22:00:00,22,,4.4
2024-10-06 23:00:00,23,,3.7
2024-10-07 00:00:00,0,,4.2
2024-10-07 01:00:00,1,,4.0
2024-10-07 02:00:00,2,,4.3
2024-10-07 03:00:00,3,,2.9
2024-10-07 04:00:00,4,,1.5
2024-10-07 05:00:00,5,,1.7
2024-10-07 06:00:00,6,,1.8
2024-10-07 07:00:00,7,,1.8
2024-10-07 08:00:00,8,,1.5
2024-10-07 09:00:00,9,116.7,2.8
2024-10-07 10:00:00,10,872.8,3.1
2024-10-07 11:00:00,11,1813.0,3.7
2024-10-07 12:00:00,12,2627.4,3.5
2024-10-07 13:00:00,13,3204.1,3.0
2024-10-07 14:00:00,14,3511.0,1.6
2024-10-07 15:00:00,15,3595.7,2.5
2024-10-07 16:00:00,16,3428.2,2.6
2024-10-07 17:00:00,17,2984.0,4.7
2024-10-07 18:00:00,18,2340.6,4.6
2024-10-07 19:00:00,19,1526.5,4.6
2024-10-07 20:00:00,20,640.5,5.1
2024-10-07 21:00:00,21,45.8,3.6
2024-10-07 22:00:00,22,,2.9
2024-10-07 23:00:00,23,,2.6
2024-10-08 00:00:00,0,,2.3
2024-10-08 01:00:00,1,,2.6
2024-10-08 02:00:00,2,,3.3
2024-10-08 03:00:00,3,,2.1
2024-10-08 04:00:00,4,,2.9
2024-10-08 05:00:00,5,,2.9
2024-10-08 06:00:00,6,,2.7
2024-10-08 07:00:00,7,,2.3
2024-10-08 08:00:00,8,,2.0
2024-10-08 09:00:00,9,111.4,1.6
2024-10-08 10:00:00,10,893.1,2.9
2024-10-08 11:00:00,11,1328.7,2.7
2024-10-08 12:00:00,12,1858.0,2.9
2024-10-08 13:00:00,13,3014.0,3.6
2024-10-08 14:00:00,14,3093.1,2.4
2024-10-08 15:00:00,15,3494.3,2.6
2024-10-08 16:00:00,16,3372.3,1.9
2024-10-08 17:00:00,17,2948.2,2.0
2024-10-08 18:00:00,18,2320.9,2.4
2024-10-08 19:00:00,19,1495.0,2.4
2024-10-08 20:00:00,20,621.8,2.9
2024-10-08 21:00:00,21,43.5,1.8
2024-10-08 22:00:00,22,,1.4
2024-10-08 23:00:00,23,,1.6
2024-10-09 00:00:00,0,,0.5
2024-10-09 01:00:00,1,,1.3
2024-10-09 02:00:00,2,,2.0
2024-10-09 03:00:00,3,,2.4
2024-10-09 04:00:00,4,,1.5
2024-10-09 05:00:00,5,,1.3
2024-10-09 06:00:00,6,,0.5
2024-10-09 07:00:00,7,,0.5
2024-10-09 08:00:00,8,,1.2
2024-10-09 09:00:00,9,125.1,1.2
2024-10-09 10:00:00,10,912.9,3.6
2024-10-09 11:00:00,11,1851.9,3.0
2024-10-09 12:00:00,12,2643.2,3.8
2024-10-09 13:00:00,13,3217.9,2.7
2024-10-09 14:00:00,14,3536.8,2.3
2024-10-09 15:00:00,15,3591.9,2.2
2024-10-09 16:00:00,16,3406.0,1.4
2024-10-09 17:00:00,17,2965.0,1.5
2024-10-09 18:00:00,18,2345.9,2.1
2024-10-09 19:00:00,19,1362.5,2.2
2024-10-09 20:00:00,20,574.7,3.0
2024-10-09 21:00:00,21,44.4,2.5
2024-10-09 22:00:00,22,,0.7
2024-10-09 23:00:00,23,,1.3
2024-10-10 00:00:00,0,,2.5
2024-10-10 01:00:00,1,,2.1
2024-10-10 02:00:00,2,,0.7
2024-10-10 03:00:00,3,,0.9
2024-10-10 04:00:00,4,,1.5
2024-10-10 05:00:00,5,,2.0
2024-10-10 06:00:00,6,,1.7
2024-10-10 07:00:00,7,,1.6
2024-10-10 08:00:00,8,,1.9
2024-10-10 09:00:00,9,126.8,2.8
2024-10-10 10:00:00,10,899.5,3.6
2024-10-10 11:00:00,11,1821.7,2.6
2024-10-10 12:00:00,12,2600.3,2.6
2024-10-10 13:00:00,13,3156.1,2.5
2024-10-10 14:00:00,14,3458.5,2.5
2024-10-10 15:00:00,15,3536.5,2.5
2024-10-10 16:00:00,16,3503.5,2.9
2024-10-10 17:00:00,17,2711.2,3.9
2024-10-10 18:00:00,18,2429.2,4.7
2024-10-10 19:00:00,19,1210.3,4.3
2024-10-10 20:00:00,20,322.9,4.2
2024-10-10 21:00:00,21,41.5,4.4
2024-10-10 22:00:00,22,,4.7
2024-10-10 23:00:00,23,,4.6
2024-10-11 00:00:00,0,,6.2
2024-10-11 01:00:00,1,,4.9
2024-10-11 02:00:00,2,,4.6
2024-10-11 03:00:00,3,,3.9
2024-10-11 04:00:00,4,,4.2
2024-10-11 05:00:00,5,,3.1
2024-10-11 06:00:00,6,,3.0
2024-10-11 07:00:00,7,,2.1
2024-10-11 08:00:00,8,,2.9
2024-10-11 09:00:00,9,15.6,4.6
2024-10-11 10:00:00,10,163.1,4.0
2024-10-11 11:00:00,11,1170.0,3.2
2024-10-11 12:00:00,12,1863.2,3.1
2024-10-11 13:00:00,13,3042.3,2.8
2024-10-11 14:00:00,14,3474.2,3.7
2024-10-11 15:00:00,15,3541.9,3.5
2024-10-11 16:00:00,16,3351.2,2.8
2024-10-11 17:00:00,17,2933.0,3.5
2024-10-11 18:00:00,18,2317.6,4.6
2024-10-11 19:00:00,19,1529.9,5.3
2024-10-11 20:00:00,20,656.4,4.6
2024-10-11 21:00:00,21,56.3,4.3
2024-10-11 22:00:00,22,,3.1
2024-10-11 23:00:00,23,,3.3
2024-10-12 00:00:00,0,,4.0
2024-10-12 01:00:00,1,,3.7
2024-10-12 02:00:00,2,,3.5
2024-10-12 03:00:00,3,,2.9
2024-10-12 04:00:00,4,,3.5
2024-10-12 05:00:00,5,,2.6
2024-10-12 06:00:00,6,,1.9
2024-10-12 07:00:00,7,,2.5
2024-10-12 08:00:00,8,,2.3
2024-10-12 09:00:00,9,144.5,1.7
2024-10-12 10:00:00,10,941.2,2.5
2024-10-12 11:00:00,11,1724.7,2.8
2024-10-12 12:00:00,12,2689.9,3.3
2024-10-12 13:00:00,13,3280.7,2.7
2024-10-12 14:00:00,14,3584.6,3.4
2024-10-12 15:00:00,15,3648.8,3.9
2024-10-12 16:00:00,16,3493.3,4.5
2024-10-12 17:00:00,17,3029.3,3.0
2024-10-12 18:00:00,18,2344.3,3.0
2024-10-12 19:00:00,19,1536.9,2.6
2024-10-12 20:00:00,20,637.9,3.4
2024-10-12 21:00:00,21,42.7,2.6
2024-10-12 22:00:00,22,,2.6
2024-10-12 23:00:00,23,,2.2
2024-10-13 00:00:00,0,,3.3
2024-10-13 01:00:00,1,,4.6
2024-10-13 02:00:00,2,,3.5
2024-10-13 03:00:00,3,,3.1
2024-10-13 04:00:00,4,,2.8
2024-10-13 05:00:00,5,,2.6
2024-10-13 06:00:00,6,,3.0
2024-10-13 07:00:00,7,,3.9
2024-10-13 08:00:00,8,,2.9
2024-10-13 09:00:00,9,134.5,1.6
2024-10-13 10:00:00,10,888.0,3.8
2024-10-13 11:00:00,11,1798.2,4.6
2024-10-13 12:00:00,12,2594.2,3.0
2024-10-13 13:00:00,13,3162.4,3.3
2024-10-13 14:00:00,14,3489.4,3.8
2024-10-13 15:00:00,15,3549.2,3.4
2024-10-13 16:00:00,16,3180.4,1.4
2024-10-13 17:00:00,17,2602.1,3.0
2024-10-13 18:00:00,18,2133.8,2.4
2024-10-13 19:00:00,19,1399.2,4.6
2024-10-13 20:00:00,20,615.0,4.0
2024-10-13 21:00:00,21,37.9,3.4
2024-10-13 22:00:00,22,,3.8
2024-10-13 23:00:00,23,,4.1
2024-10-14 00:00:00,0,,3.5
2024-10-14 01:00:00,1,,4.3
2024-10-14 02:00:00,2,,4.6
2024-10-14 03:00:00,3,,3.7
2024-10-14 04:00:00,4,,3.1
2024-10-14 05:00:00,5,,2.8
2024-10-14 06:00:00,6,,2.3
2024-10-14 07:00:00,7,,3.0
2024-10-14 08:00:00,8,,2.9
2024-10-14 09:00:00,9,131.3,3.6
2024-10-14 10:00:00,10,603.5,4.1
2024-10-14 11:00:00,11,1433.4,3.1
2024-10-14 12:00:00,12,2292.7,3.7
2024-10-14 13:00:00,13,2849.9,3.5
2024-10-14 14:00:00,14,3379.6,3.6
2024-10-14 15:00:00,15,3429.0,4.4
2024-10-14 16:00:00,16,2501.8,4.4
2024-10-14 17:00:00,17,1593.7,5.4
2024-10-14 18:00:00,18,835.9,5.4
2024-10-14 19:00:00,19,1238.3,5.4
2024-10-14 20:00:00,20,266.4,4.6
2024-10-14 21:00:00,21,38.2,3.5
2024-10-14 22:00:00,22,,3.9
2024-10-14 23:00:00,23,,3.5
2024-10-15 00:00:00,0,,3.1
2024-10-15 01:00:00,1,,3.3
2024-10-15 02:00:00,2,,2.6
2024-10-15 03:00:00,3,,3.9
2024-10-15 04:00:00,4,,2.5
2024-10-15 05:00:00,5,,2.5
2024-10-15 06:00:00,6,,2.0
2024-10-15 07:00:00,7,,2.1
2024-10-15 08:00:00,8,,1.5
2024-10-15 09:00:00,9,163.8,1.5
2024-10-15 10:00:00,10,960.5,2.9
2024-10-15 11:00:00,11,1871.5,3.5
2024-10-15 12:00:00,12,2645.5,4.1
2024-10-15 13:00:00,13,3082.5,3.6
2024-10-15 14:00:00,14,3360.6,3.6
2024-10-15 15:00:00,15,3059.5,4.3
2024-10-15 16:00:00,16,3128.0,5.2
2024-10-15 17:00:00,17,3091.7,5.1
2024-10-15 18:00:00,18,2302.1,5.3
2024-10-15 19:00:00,19,1505.0,5.6
2024-10-15 20:00:00,20,626.5,5.8
2024-10-15 21:00:00,21,45.9,5.6
2024-10-15 22:00:00,22,,4.6
2024-10-15 23:00:00,23,,5.3
2024-10-16 00:00:00,0,,4.5
2024-10-16 01:00:00,1,,3.2
2024-10-16 02:00:00,2,,3.2
2024-10-16 03:00:00,3,,3.2
2024-10-16 04:00:00,4,,3.7
2024-10-16 05:00:00,5,,2.7
2024-10-16 06:00:00,6,,2.0
2024-10-16 07:00:00,7,,2.8
2024-10-16 08:00:00,8,,2.1
2024-10-16 09:00:00,9,140.6,1.9
2024-10-16 10:00:00,10,914.1,2.2
2024-10-16 11:00:00,11,1569.0,2.4
2024-10-16 12:00:00,12,2536.1,3.4
2024-10-16 13:00:00,13,2864.1,3.7
2024-10-16 14:00:00,14,3602.2,2.5
2024-10-16 15:00:00,15,2819.5,1.9
2024-10-16 16:00:00,16,2392.0,2.1
2024-10-16 17:00:00,17,2201.6,2.7
2024-10-16 18:00:00,18,2257.8,3.5
2024-10-16 19:00:00,19,1484.4,3.7
2024-10-16 20:00:00,20,543.1,3.6
2024-10-16 21:00:00,21,39.0,2.4
2024-10-16 22:00:00,22,,2.3
2024-10-16 23:00:00,23,,1.5
2024-10-17 00:00:00,0,,4.9
2024-10-17 01:00:00,1,,4.6
2024-10-17 02:00:00,2,,4.3
2024-10-17 03:00:00,3,,2.7
2024-10-17 04:00:00,4,,2.2
2024-10-17 05:00:00,5,,2.8
2024-10-17 06:00:00,6,,2.3
2024-10-17 07:00:00,7,,2.0
2024-10-17 08:00:00,8,,2.3
2024-10-17 09:00:00,9,65.8,2.0
2024-10-17 10:00:00,10,404.2,2.2
2024-10-17 11:00:00,11,1031.7,2.9
2024-10-17 12:00:00,12,1932.1,3.1
2024-10-17 13:00:00,13,2015.1,2.5
2024-10-17 14:00:00,14,1233.7,1.5
2024-10-17 15:00:00,15,1801.7,2.5
2024-10-17 16:00:00,16,1715.7,1.7
2024-10-17 17:00:00,17,2160.7,1.3
2024-10-17 18:00:00,18,1807.4,2.3
2024-10-17 19:00:00,19,717.9,2.0
2024-10-17 20:00:00,20,584.5,3.1
2024-10-17 21:00:00,21,21.8,0.9
2024-10-17 22:00:00,22,,1.6
2024-10-17 23:00:00,23,,1.5
2024-10-18 00:00:00,0,,1.5
2024-10-18 01:00:00,1,,1.8
2024-10-18 02:00:00,2,,2.0
2024-10-18 03:00:00,3,,2.1
2024-10-18 04:00:00,4,,3.0
2024-10-18 05:00:00,5,,3.4
2024-10-18 06:00:00,6,,2.2
2024-10-18 07:00:00,7,,1.8
2024-10-18 08:00:00,8,,2.7
2024-10-18 09:00:00,9,159.0,2.2
2024-10-18 10:00:00,10,402.0,2.6
2024-10-18 11:00:00,11,1643.6,1.8
2024-10-18 12:00:00,12,1221.5,1.2
2024-10-18 13:00:00,13,863.3,3.8
2024-10-18 14:00:00,14,759.6,2.9
2024-10-18 15:00:00,15,1216.9,4.2
2024-10-18 16:00:00,16,2036.3,5.4
2024-10-18 17:00:00,17,2756.5,3.2
2024-10-18 18:00:00,18,1685.7,4.4
2024-10-18 19:00:00,19,565.2,3.3
2024-10-18 20:00:00,20,287.5,2.9
2024-10-18 21:00:00,21,33.3,0.9
2024-10-18 22:00:00,22,,1.0
2024-10-18 23:00:00,23,,0.7
2024-10-19 00:00:00,0,,0.7
2024-10-19 01:00:00,1,,0.6
2024-10-19 02:00:00,2,,1.0
2024-10-19 03:00:00,3,,1.2
2024-10-19 04:00:00,4,,1.7
2024-10-19 05:00:00,5,,0.9
2024-10-19 06:00:00,6,,2.0
2024-10-19 07:00:00,7,,2.3
2024-10-19 08:00:00,8,,1.7
2024-10-19 09:00:00,9,169.1,1.8
2024-10-19 10:00:00,10,816.8,3.0
2024-10-19 11:00:00,11,1758.5,2.9
2024-10-19 12:00:00,12,2502.7,1.8
2024-10-19 13:00:00,13,3009.3,2.6
2024-10-19 14:00:00,14,3711.8,1.3
2024-10-19 15:00:00,15,3086.8,2.3
2024-10-19 16:00:00,16,3008.6,1.8
2024-10-19 17:00:00,17,2366.8,3.4
2024-10-19 18:00:00,18,2154.2,4.0
2024-10-19 19:00:00,19,1597.6,3.0
2024-10-19 20:00:00,20,525.6,4.2
2024-10-19 21:00:00,21,35.7,2.6
2024-10-19 22:00:00,22,,2.2
2024-10-19 23:00:00,23,,3.5
2024-10-20 00:00:00,0,,2.3
2024-10-20 01:00:00,1,,3.6
2024-10-20 02:00:00,2,,3.4
2024-10-20 03:00:00,3,,3.7
2024-10-20 04:00:00,4,,2.8
2024-10-20 05:00:00,5,,2.3
2024-10-20 06:00:00,6,,2.4
2024-10-20 07:00:00,7,,2.3
2024-10-20 08:00:00,8,,3.2
2024-10-20 09:00:00,9,110.7,2.6
2024-10-20 10:00:00,10,849.6,4.8
2024-10-20 11:00:00,11,1822.8,3.9
2024-10-20 12:00:00,12,2583.9,3.6
2024-10-20 13:00:00,13,3161.4,3.3
2024-10-20 14:00:00,14,3501.0,2.7
2024-10-20 15:00:00,15,3600.6,4.5
2024-10-20 16:00:00,16,3389.0,2.5
2024-10-20 17:00:00,17,2963.9,3.2
2024-10-20 18:00:00,18,2341.5,2.1
2024-10-20 19:00:00,19,1552.7,2.8
2024-10-20 20:00:00,20,635.9,4.5
2024-10-20 21:00:00,21,50.1,3.3
2024-10-20 22:00:00,22,,3.7
2024-10-20 23:00:00,23,,3.7
2024-10-21 00:00:00,0,,3.9
2024-10-21 01:00:00,1,,5.1
2024-10-21 02:00:00,2,,5.1
2024-10-21 03:00:00,3,,4.5
2024-10-21 04:00:00,4,,4.6
2024-10-21 05:00:00,5,,4.2
2024-10-21 06:00:00,6,,3.6
2024-10-21 07:00:00,7,,2.7
2024-10-21 08:00:00,8,,2.3
2024-10-21 09:00:00,9,177.4,3.2
2024-10-21 10:00:00,10,954.3,4.4
2024-10-21 11:00:00,11,1799.9,3.4
2024-10-21 12:00:00,12,2587.2,3.9
2024-10-21 13:00:00,13,3222.0,3.7
2024-10-21 14:00:00,14,3599.5,3.1
2024-10-21 15:00:00,15,3675.7,2.5
2024-10-21 16:00:00,16,3506.4,2.0
2024-10-21 17:00:00,17,2157.5,4.8
2024-10-21 18:00:00,18,2249.8,5.6
2024-10-21 19:00:00,19,1455.6,5.0
2024-10-21 20:00:00,20,595.9,5.4
2024-10-21 21:00:00,21,36.4,4.9
2024-10-21 22:00:00,22,,4.8
2024-10-21 23:00:00,23,,6.5
2024-10-22 00:00:00,0,,6.0
2024-10-22 01:00:00,1,,4.9
2024-10-22 02:00:00,2,,4.8
2024-10-22 03:00:00,3,,3.8
2024-10-22 04:00:00,4,,3.4
2024-10-22 05:00:00,5,,3.8
2024-10-22 06:00:00,6,,3.1
2024-10-22 07:00:00,7,,1.4
2024-10-22 08:00:00,8,,1.7
2024-10-22 09:00:00,9,192.6,2.0
2024-10-22 10:00:00,10,978.4,3.7
2024-10-22 11:00:00,11,1896.3,4.2
2024-10-22 12:00:00,12,2673.4,4.9
2024-10-22 13:00:00,13,3202.9,3.9
2024-10-22 14:00:00,14,3602.8,4.3
2024-10-22 15:00:00,15,3707.2,4.0
2024-10-22 16:00:00,16,3479.6,4.0
2024-10-22 17:00:00,17,2997.7,4.9
2024-10-22 18:00:00,18,2176.2,4.8
2024-10-22 19:00:00,19,1474.2,5.0
2024-10-22 20:00:00,20,625.1,4.8
2024-10-22 21:00:00,21,45.9,4.2
2024-10-22 22:00:00,22,,6.8
2024-10-22 23:00:00,23,,6.3
2024-10-23 00:00:00,0,,6.7
2024-10-23 01:00:00,1,,4.0
2024-10-23 02:00:00,2,,2.8
2024-10-23 03:00:00,3,,3.6
2024-10-23 04:00:00,4,,4.1
2024-10-23 05:00:00,5,,2.1
2024-10-23 06:00:00,6,,1.9
2024-10-23 07:00:00,7,,1.7
2024-10-23 08:00:00,8,,1.7
2024-10-23 09:00:00,9,192.8,2.5
2024-10-23 10:00:00,10,1009.6,3.8
2024-10-23 11:00:00,11,1918.7,3.0
2024-10-23 12:00:00,12,2670.6,4.2
2024-10-23 13:00:00,13,3277.4,5.0
2024-10-23 14:00:00,14,3611.4,4.3
2024-10-23 15:00:00,15,3684.3,3.8
2024-10-23 16:00:00,16,3455.1,4.2
2024-10-23 17:00:00,17,2988.6,3.5
2024-10-23 18:00:00,18,2357.5,4.5
2024-10-23 19:00:00,19,1546.4,4.1
2024-10-23 20:00:00,20,650.7,4.3
2024-10-23 21:00:00,21,46.3,3.5
2024-10-23 22:00:00,22,,3.0
2024-10-23 23:00:00,23,,3.4
2024-10-24 00:00:00,0,,5.1
2024-10-24 01:00:00,1,,3.7
2024-10-24 02:00:00,2,,4.7
2024-10-24 03:00:00,3,,4.4
2024-10-24 04:00:00,4,,2.7
2024-10-24 05:00:00,5,,2.7
2024-10-24 06:00:00,6,,1.5
2024-10-24 07:00:00,7,,1.4
2024-10-24 08:00:00,8,,1.6
2024-10-24 09:00:00,9,187.7,1.4
2024-10-24 10:00:00,10,978.3,2.2
2024-10-24 11:00:00,11,,
2024-10-24 12:00:00,12,,
2024-10-24 13:00:00,13,,
2024-10-24 14:00:00,14,,
2024-10-24 15:00:00,15,,
2024-10-24 16:00:00,16,,
2024-10-24 17:00:00,17,,
2024-10-24 18:00:00,18,,
2024-10-24 19:00:00,19,,
2024-10-24 20:00:00,20,,
2024-10-24 21:00:00,21,,
2024-10-24 22:00:00,22,,
2024-10-24 23:00:00,23,,
2024-10-25 00:00:00,0,,
2024-10-25 01:00:00,1,,
2024-10-25 02:00:00,2,,
2024-10-25 03:00:00,3,,
2024-10-25 04:00:00,4,,
2024-10-25 05:00:00,5,,
2024-10-25 06:00:00,6,,2.8
2024-10-25 07:00:00,7,,2.6
2024-10-25 08:00:00,8,,2.0
2024-10-25 09:00:00,9,187.9,2.3
2024-10-25 10:00:00,10,986.8,2.9
2024-10-25 11:00:00,11,,
2024-10-25 12:00:00,12,,
2024-10-25 13:00:00,13,,
2024-10-25 14:00:00,14,,
2024-10-25 15:00:00,15,,
2024-10-25 16:00:00,16,,
2024-10-25 17:00:00,17,,
2024-10-25 18:00:00,18,,
2024-10-25 19:00:00,19,,
2024-10-25 20:00:00,20,,
2024-10-25 21:00:00,21,,
2024-10-25 22:00:00,22,,
2024-10-25 23:00:00,23,,
2024-10-26 00:00:00,0,,
2024-10-26 01:00:00,1,,
2024-10-26 02:00:00,2,,
2024-10-26 03:00:00,3,,
2024-10-26 04:00:00,4,,
2024-10-26 05:00:00,5,,
2024-10-26 06:00:00,6,,
2024-10-26 07:00:00,7,,
2024-10-26 08:00:00,8,,
2024-10-26 09:00:00,9,,
2024-10-26 10:00:00,10,,
2024-10-26 11:00:00,11,,
2024-10-26 12:00:00,12,,
2024-10-26 13:00:00,13,,
2024-10-26 14:00:00,14,,
2024-10-26 15:00:00,15,,
2024-10-26 16:00:00,16,,
2024-10-26 17:00:00,17,,
2024-10-26 18:00:00,18,,
2024-10-26 19:00:00,19,,
2024-10-26 20:00:00,20,,
2024-10-26 21:00:00,21,,
2024-10-26 22:00:00,22,,
2024-10-26 23:00:00,23,,
2024-10-27 00:00:00,0,,
2024-10-27 01:00:00,1,,
2024-10-27 02:00:00,2,,
2024-10-27 03:00:00,3,,
2024-10-27 04:00:00,4,,
2024-10-27 05:00:00,5,,
2024-10-27 06:00:00,6,,
2024-10-27 07:00:00,7,,
2024-10-27 08:00:00,8,,
2024-10-27 09:00:00,9,,
2024-10-27 10:00:00,10,,
2024-10-27 11:00:00,11,,
2024-10-27 12:00:00,12,,
2024-10-27 13:00:00,13,,
2024-10-27 14:00:00,14,,
2024-10-27 15:00:00,15,,
2024-10-27 16:00:00,16,,
2024-10-27 17:00:00,17,,
2024-10-27 18:00:00,18,,
2024-10-27 19:00:00,19,,
2024-10-27 20:00:00,20,,
2024-10-27 21:00:00,21,,
2024-10-27 22:00:00,22,,
2024-10-27 23:00:00,23,,5.3
2024-10-28 00:00:00,0,,5.0
2024-10-28 01:00:00,1,,5.1
2024-10-28 02:00:00,2,,6.1
2024-10-28 03:00:00,3,,3.9
2024-10-28 04:00:00,4,,4.5
2024-10-28 05:00:00,5,,3.5
2024-10-28 06:00:00,6,,2.9
2024-10-28 07:00:00,7,,3.6
2024-10-28 08:00:00,8,,2.3
2024-10-28 09:00:00,9,251.4,3.7
2024-10-28 10:00:00,10,970.8,4.4
2024-10-28 11:00:00,11,1221.7,4.6
2024-10-28 12:00:00,12,2144.7,4.0
2024-10-28 13:00:00,13,,
2024-10-28 14:00:00,14,,
2024-10-28 15:00:00,15,,
2024-10-28 16:00:00,16,,
2024-10-28 17:00:00,17,,
2024-10-28 18:00:00,18,,
2024-10-28 19:00:00,19,,
2024-10-28 20:00:00,20,,
2024-10-28 21:00:00,21,,
2024-10-28 22:00:00,22,,
2024-10-28 23:00:00,23,,
2024-10-29 00:00:00,0,,
2024-10-29 01:00:00,1,,
2024-10-29 02:00:00,2,,
2024-10-29 03:00:00,3,,
2024-10-29 04:00:00,4,,2.5
2024-10-29 05:00:00,5,,2.3
2024-10-29 06:00:00,6,,1.8
2024-10-29 07:00:00,7,,3.0
2024-10-29 08:00:00,8,,2.4
2024-10-29 09:00:00,9,218.5,2.9
2024-10-29 10:00:00,10,1054.5,4.1
2024-10-29 11:00:00,11,1950.9,5.0
2024-10-29 12:00:00,12,2739.3,4.6
2024-10-29 13:00:00,13,3307.3,4.2
2024-10-29 14:00:00,14,3542.3,4.3
2024-10-29 15:00:00,15,3142.6,4.7
2024-10-29 16:00:00,16,2919.8,3.2
2024-10-29 17:00:00,17,2585.1,4.0
2024-10-29 18:00:00,18,1563.5,3.1
2024-10-29 19:00:00,19,1497.2,3.9
2024-10-29 20:00:00,20,723.2,3.3
2024-10-29 21:00:00,21,51.9,3.6
2024-10-29 22:00:00,22,,1.7
2024-10-29 23:00:00,23,,2.4
2024-10-30 00:00:00,0,,4.0
2024-10-30 01:00:00,1,,4.6
2024-10-30 02:00:00,2,,3.3
2024-10-30 03:00:00,3,,3.2
2024-10-30 04:00:00,4,,2.8
2024-10-30 05:00:00,5,,2.0
2024-10-30 06:00:00,6,,2.4
2024-10-30 07:00:00,7,,2.6
2024-10-30 08:00:00,8,,2.4
2024-10-30 09:00:00,9,211.4,2.2
2024-10-30 10:00:00,10,1015.4,2.9
2024-10-30 11:00:00,11,1925.1,2.8
2024-10-30 12:00:00,12,2686.2,2.8
2024-10-30 13:00:00,13,3245.0,2.0
2024-10-30 14:00:00,14,3567.2,1.7
2024-10-30 15:00:00,15,3656.9,2.4
2024-10-30 16:00:00,16,3529.8,2.6
2024-10-30 17:00:00,17,2798.8,3.0
2024-10-30 18:00:00,18,1900.2,2.2
2024-10-30 19:00:00,19,1557.9,2.6
2024-10-30 20:00:00,20,658.1,4.0
2024-10-30 21:00:00,21,49.4,2.8
2024-10-30 22:00:00,22,,2.1
2024-10-30 23:00:00,23,,1.5
2024-10-31 00:00:00,0,,4.7
2024-10-31 01:00:00,1,,4.1
2024-10-31 02:00:00,2,,4.2
2024-10-31 03:00:00,3,,2.3
2024-10-31 04:00:00,4,,2.6
2024-10-31 05:00:00,5,,2.9
2024-10-31 06:00:00,6,,2.5
2024-10-31 07:00:00,7,,2.1
2024-10-31 08:00:00,8,,1.2
2024-10-31 09:00:00,9,249.9,1.7
2024-10-31 10:00:00,10,789.8,3.8
2024-10-31 11:00:00,11,1900.1,3.9
2024-10-31 12:00:00,12,1811.3,2.3
2024-10-31 13:00:00,13,2933.8,3.1
2024-10-31 14:00:00,14,3554.1,2.1
2024-10-31 15:00:00,15,3602.0,3.4
2024-10-31 16:00:00,16,3382.7,2.9
2024-10-31 17:00:00,17,3051.6,2.7
2024-10-31 18:00:00,18,2009.6,4.2
2024-10-31 19:00:00,19,1649.6,3.5
2024-10-31 20:00:00,20,536.7,5.3
2024-10-31 21:00:00,21,41.6,3.9
2024-10-31 22:00:00,22,,3.8
2024-10-31 23:00:00,23,,4.2
2024-11-01 00:00:00,0,,6.1
2024-11-01 01:00:00,1,,3.8
2024-11-01 02:00:00,2,,3.1
2024-11-01 03:00:00,3,,3.4
2024-11-01 04:00:00,4,,3.2
2024-11-01 05:00:00,5,,2.6
2024-11-01 06:00:00,6,,3.3
2024-11-01 07:00:00,7,,3.2
2024-11-01 08:00:00,8,,2.4
2024-11-01 09:00:00,9,103.8,3.4
2024-11-01 10:00:00,10,569.9,4.4
2024-11-01 11:00:00,11,1536.4,3.5
2024-11-01 12:00:00,12,2654.8,3.4
2024-11-01 13:00:00,13,3193.4,2.9
2024-11-01 14:00:00,14,3515.8,3.6
2024-11-01 15:00:00,15,3603.0,3.5
2024-11-01 16:00:00,16,3218.2,3.1
2024-11-01 17:00:00,17,3020.3,2.4
2024-11-01 18:00:00,18,2310.3,4.8
2024-11-01 19:00:00,19,1576.0,5.9
2024-11-01 20:00:00,20,618.0,6.0
2024-11-01 21:00:00,21,57.1,5.2
2024-11-01 22:00:00,22,,4.4
2024-11-01 23:00:00,23,,5.0
2024-11-02 00:00:00,0,,4.7
2024-11-02 01:00:00,1,,4.2
2024-11-02 02:00:00,2,,4.9
2024-11-02 03:00:00,3,,3.5
2024-11-02 04:00:00,4,,4.2
2024-11-02 05:00:00,5,,3.2
2024-11-02 06:00:00,6,,3.5
2024-11-02 07:00:00,7,,2.5
2024-11-02 08:00:00,8,,1.8
2024-11-02 09:00:00,9,94.8,1.5
2024-11-02 10:00:00,10,391.3,4.6
2024-11-02 11:00:00,11,807.9,3.9
2024-11-02 12:00:00,12,1301.5,3.6
2024-11-02 13:00:00,13,2158.3,4.8
2024-11-02 14:00:00,14,3117.7,5.5
2024-11-02 15:00:00,15,3430.5,5.0
2024-11-02 16:00:00,16,3403.3,5.3
2024-11-02 17:00:00,17,2817.7,4.3
2024-11-02 18:00:00,18,2396.0,5.9
2024-11-02 19:00:00,19,1547.5,6.1
2024-11-02 20:00:00,20,657.2,4.2
2024-11-02 21:00:00,21,50.5,3.4
2024-11-02 22:00:00,22,,4.0
2024-11-02 23:00:00,23,,4.7
2024-11-03 00:00:00,0,,5.4
2024-11-03 01:00:00,1,,4.4
2024-11-03 02:00:00,2,,5.0
2024-11-03 03:00:00,3,,4.0
2024-11-03 04:00:00,4,,3.1
2024-11-03 05:00:00,5,,2.9
2024-11-03 06:00:00,6,,2.4
2024-11-03 07:00:00,7,,2.5
2024-11-03 08:00:00,8,,2.4
2024-11-03 09:00:00,9,219.5,2.1
2024-11-03 10:00:00,10,1030.0,2.8
2024-11-03 11:00:00,11,1945.9,3.9
2024-11-03 12:00:00,12,2724.6,3.3
2024-11-03 13:00:00,13,3282.1,4.0
2024-11-03 14:00:00,14,3589.3,3.3
2024-11-03 15:00:00,15,3650.8,3.5
2024-11-03 16:00:00,16,3431.6,3.1
2024-11-03 17:00:00,17,2928.3,2.8
2024-11-03 18:00:00,18,2401.3,3.8
2024-11-03 19:00:00,19,1605.5,3.7
2024-11-03 20:00:00,20,685.4,6.5
2024-11-03 21:00:00,21,54.9,4.3
2024-11-03 22:00:00,22,,4.1
2024-11-03 23:00:00,23,,6.9
2024-11-04 00:00:00,0,,5.4
2024-11-04 01:00:00,1,,4.3
2024-11-04 02:00:00,2,,5.1
2024-11-04 03:00:00,3,,4.0
2024-11-04 04:00:00,4,,3.0
2024-11-04 05:00:00,5,,3.0
2024-11-04 06:00:00,6,,2.9
2024-11-04 07:00:00,7,,2.6
2024-11-04 08:00:00,8,,1.9
2024-11-04 09:00:00,9,211.1,1.7
2024-11-04 10:00:00,10,1000.6,3.0
2024-11-04 11:00:00,11,1908.6,3.0
2024-11-04 12:00:00,12,2696.3,3.4
2024-11-04 13:00:00,13,3255.3,3.6
2024-11-04 14:00:00,14,3589.0,3.3
2024-11-04 15:00:00,15,3657.2,3.5
2024-11-04 16:00:00,16,3443.8,3.6
2024-11-04 17:00:00,17,2991.5,4.1
2024-11-04 18:00:00,18,2347.2,3.5
2024-11-04 19:00:00,19,1536.1,2.9
2024-11-04 20:00:00,20,665.3,5.9
2024-11-04 21:00:00,21,51.6,4.7
2024-11-04 22:00:00,22,,4.6
2024-11-04 23:00:00,23,,5.3
2024-11-05 00:00:00,0,,5.3
2024-11-05 01:00:00,1,,5.6
2024-11-05 02:00:00,2,,4.4
2024-11-05 03:00:00,3,,3.4
2024-11-05 04:00:00,4,,2.8
2024-11-05 05:00:00,5,,2.7
2024-11-05 06:00:00,6,,2.5
2024-11-05 07:00:00,7,,2.3
2024-11-05 08:00:00,8,,1.5
2024-11-05 09:00:00,9,232.4,2.7
2024-11-05 10:00:00,10,1024.3,3.8
2024-11-05 11:00:00,11,1926.5,3.5
2024-11-05 12:00:00,12,2685.7,3.5
2024-11-05 13:00:00,13,3255.5,3.3
2024-11-05 14:00:00,14,3592.3,3.0
2024-11-05 15:00:00,15,3669.8,3.5
2024-11-05 16:00:00,16,3444.2,3.3
2024-11-05 17:00:00,17,2984.3,4.1
2024-11-05 18:00:00,18,2380.6,4.8
2024-11-05 19:00:00,19,1510.0,6.2
2024-11-05 20:00:00,20,650.4,5.3
2024-11-05 21:00:00,21,55.6,4.5
2024-11-05 22:00:00,22,,3.5
2024-11-05 23:00:00,23,,5.3
2024-11-06 00:00:00,0,,5.2
2024-11-06 01:00:00,1,,5.9
2024-11-06 02:00:00,2,,3.7
2024-11-06 03:00:00,3,,3.9
2024-11-06 04:00:00,4,,2.7
2024-11-06 05:00:00,5,,2.2
2024-11-06 06:00:00,6,,3.0
2024-11-06 07:00:00,7,,2.9
2024-11-06 08:00:00,8,,1.8
2024-11-06 09:00:00,9,217.8,2.9
2024-11-06 10:00:00,10,1024.2,3.4
2024-11-06 11:00:00,11,1939.8,4.5
2024-11-06 12:00:00,12,2723.5,2.9
2024-11-06 13:00:00,13,3273.9,3.3
2024-11-06 14:00:00,14,3571.1,3.9
2024-11-06 15:00:00,15,3621.0,2.9
2024-11-06 16:00:00,16,3413.5,3.6
2024-11-06 17:00:00,17,2964.6,4.5
2024-11-06 18:00:00,18,2335.6,4.5
2024-11-06 19:00:00,19,1533.6,5.1
2024-11-06 20:00:00,20,659.4,4.8
2024-11-06 21:00:00,21,54.1,4.2
2024-11-06 22:00:00,22,,4.1
2024-11-06 23:00:00,23,,4.9
2024-11-07 00:00:00,0,,5.5
2024-11-07 01:00:00,1,,3.3
2024-11-07 02:00:00,2,,4.4
2024-11-07 03:00:00,3,,4.0
2024-11-07 04:00:00,4,,2.8
2024-11-07 05:00:00,5,,3.3
2024-11-07 06:00:00,6,,2.3
2024-11-07 07:00:00,7,,2.0
2024-11-07 08:00:00,8,,1.5
2024-11-07 09:00:00,9,208.7,1.9
2024-11-07 10:00:00,10,995.0,2.9
2024-11-07 11:00:00,11,1894.5,3.3
2024-11-07 12:00:00,12,2473.4,2.4
2024-11-07 13:00:00,13,3234.3,3.4
2024-11-07 14:00:00,14,3589.8,3.0
2024-11-07 15:00:00,15,3604.3,2.9
2024-11-07 16:00:00,16,3248.0,3.3
2024-11-07 17:00:00,17,2906.9,4.0
2024-11-07 18:00:00,18,2354.9,3.9
2024-11-07 19:00:00,19,1544.7,5.7
2024-11-07 20:00:00,20,651.7,5.8
2024-11-07 21:00:00,21,31.5,3.8
2024-11-07 22:00:00,22,,2.9
2024-11-07 23:00:00,23,,5.4
2024-11-08 00:00:00,0,,4.9
2024-11-08 01:00:00,1,,3.8
2024-11-08 02:00:00,2,,2.8
2024-11-08 03:00:00,3,,3.2
2024-11-08 04:00:00,4,,2.6
2024-11-08 05:00:00,5,,2.7
2024-11-08 06:00:00,6,,1.8
2024-11-08 07:00:00,7,,1.7
2024-11-08 08:00:00,8,,1.9
2024-11-08 09:00:00,9,210.6,2.3
2024-11-08 10:00:00,10,997.8,3.1
2024-11-08 11:00:00,11,1893.1,3.6
2024-11-08 12:00:00,12,2670.8,3.5
2024-11-08 13:00:00,13,3207.0,2.3
2024-11-08 14:00:00,14,3509.1,3.1
2024-11-08 15:00:00,15,3585.5,3.6
2024-11-08 16:00:00,16,3384.7,2.7
2024-11-08 17:00:00,17,2975.0,2.4
2024-11-08 18:00:00,18,2378.9,3.0
2024-11-08 19:00:00,19,1582.2,1.0
2024-11-08 20:00:00,20,724.2,4.2
2024-11-08 21:00:00,21,56.7,2.8
2024-11-08 22:00:00,22,,3.0
2024-11-08 23:00:00,23,,3.5
2024-11-09 00:00:00,0,,4.7
2024-11-09 01:00:00,1,,4.8
2024-11-09 02:00:00,2,,4.0
2024-11-09 03:00:00,3,,3.6
2024-11-09 04:00:00,4,,3.4
2024-11-09 05:00:00,5,,3.2
2024-11-09 06:00:00,6,,2.8
2024-11-09 07:00:00,7,,2.8
2024-11-09 08:00:00,8,,1.9
2024-11-09 09:00:00,9,235.3,2.7
2024-11-09 10:00:00,10,1020.9,4.2
2024-11-09 11:00:00,11,1879.8,3.8
2024-11-09 12:00:00,12,2730.5,4.0
2024-11-09 13:00:00,13,3089.9,3.4
2024-11-09 14:00:00,14,3474.9,3.4
2024-11-09 15:00:00,15,3511.5,2.6
2024-11-09 16:00:00,16,3195.6,1.7
2024-11-09 17:00:00,17,2401.1,1.8
2024-11-09 18:00:00,18,2305.3,3.4
2024-11-09 19:00:00,19,1486.0,4.4
2024-11-09 20:00:00,20,722.3,4.3
2024-11-09 21:00:00,21,82.5,4.4
2024-11-09 22:00:00,22,,3.3
2024-11-09 23:00:00,23,,3.7
2024-11-10 00:00:00,0,,5.0
2024-11-10 01:00:00,1,,4.5
2024-11-10 02:00:00,2,,3.6
2024-11-10 03:00:00,3,,2.8
2024-11-10 04:00:00,4,,1.9
2024-11-10 05:00:00,5,,3.7
2024-11-10 06:00:00,6,,3.5
2024-11-10 07:00:00,7,,3.0
2024-11-10 08:00:00,8,,3.0
2024-11-10 09:00:00,9,216.9,2.9
2024-11-10 10:00:00,10,1027.8,4.7
2024-11-10 11:00:00,11,1911.4,4.0
2024-11-10 12:00:00,12,2675.9,2.6
2024-11-10 13:00:00,13,3194.5,2.9
2024-11-10 14:00:00,14,3524.7,3.0
2024-11-10 15:00:00,15,3538.3,1.3
2024-11-10 16:00:00,16,3390.4,1.9
2024-11-10 17:00:00,17,2945.1,2.1
2024-11-10 18:00:00,18,2280.5,2.8
2024-11-10 19:00:00,19,1612.6,4.2
2024-11-10 20:00:00,20,687.6,3.9
2024-11-10 21:00:00,21,57.9,2.6
2024-11-10 22:00:00,22,,3.1
2024-11-10 23:00:00,23,,3.2
2024-11-11 00:00:00,0,,5.0
2024-11-11 01:00:00,1,,5.8
2024-11-11 02:00:00,2,,5.1
2024-11-11 03:00:00,3,,2.5
2024-11-11 04:00:00,4,,1.2
2024-11-11 05:00:00,5,,2.6
2024-11-11 06:00:00,6,,2.4
2024-11-11 07:00:00,7,,2.6
2024-11-11 08:00:00,8,,2.7
2024-11-11 09:00:00,9,234.3,2.4
2024-11-11 10:00:00,10,1078.4,3.3
2024-11-11 11:00:00,11,1794.5,3.0
2024-11-11 12:00:00,12,2521.3,2.4
2024-11-11 13:00:00,13,3187.2,3.0
2024-11-11 14:00:00,14,3618.3,3.0
2024-11-11 15:00:00,15,3206.8,2.2
2024-11-11 16:00:00,16,2708.2,2.2
2024-11-11 17:00:00,17,2538.3,2.0
2024-11-11 18:00:00,18,1727.4,2.8
2024-11-11 19:00:00,19,1300.8,5.1
2024-11-11 20:00:00,20,605.1,3.9
2024-11-11 21:00:00,21,26.2,5.7
2024-11-11 22:00:00,22,,4.1
2024-11-11 23:00:00,23,,3.6
2024-11-12 00:00:00,0,,3.9
2024-11-12 01:00:00,1,,2.5
2024-11-12 02:00:00,2,,3.7
2024-11-12 03:00:00,3,,2.6
2024-11-12 04:00:00,4,,2.7
2024-11-12 05:00:00,5,,2.4
2024-11-12 06:00:00,6,,1.9
2024-11-12 07:00:00,7,,2.1
2024-11-12 08:00:00,8,,2.6
2024-11-12 09:00:00,9,74.3,2.7
2024-11-12 10:00:00,10,422.3,2.3
2024-11-12 11:00:00,11,814.2,2.2
2024-11-12 12:00:00,12,1563.2,1.8
2024-11-12 13:00:00,13,1265.5,1.6
2024-11-12 14:00:00,14,1930.3,2.0
2024-11-12 15:00:00,15,2452.0,2.6
2024-11-12 16:00:00,16,2085.1,3.5
2024-11-12 17:00:00,17,1761.3,2.2
2024-11-12 18:00:00,18,1704.8,3.1
2024-11-12 19:00:00,19,611.7,3.4
2024-11-12 20:00:00,20,186.4,0.6
2024-11-12 21:00:00,21,9.0,3.0
2024-11-12 22:00:00,22,,2.7
2024-11-12 23:00:00,23,,1.7
2024-11-13 00:00:00,0,,2.5
2024-11-13 01:00:00,1,,2.6
2024-11-13 02:00:00,2,,2.7
2024-11-13 03:00:00,3,,1.6
2024-11-13 04:00:00,4,,2.8
2024-11-13 05:00:00,5,,2.8
2024-11-13 06:00:00,6,,1.6
2024-11-13 07:00:00,7,,1.5
2024-11-13 08:00:00,8,,1.7
2024-11-13 09:00:00,9,100.4,2.6
2024-11-13 10:00:00,10,706.4,3.6
2024-11-13 11:00:00,11,1586.5,4.0
2024-11-13 12:00:00,12,2495.5,3.1
2024-11-13 13:00:00,13,3223.7,2.5
2024-11-13 14:00:00,14,3395.9,2.4
2024-11-13 15:00:00,15,3467.3,2.6
2024-11-13 16:00:00,16,3402.1,2.8
2024-11-13 17:00:00,17,2206.1,1.9
2024-11-13 18:00:00,18,2485.5,3.2
2024-11-13 19:00:00,19,1601.8,2.5
2024-11-13 20:00:00,20,571.5,2.9
2024-11-13 21:00:00,21,54.6,2.9
2024-11-13 22:00:00,22,,2.3
2024-11-13 23:00:00,23,,2.5
2024-11-14 00:00:00,0,,4.4
2024-11-14 01:00:00,1,,3.9
2024-11-14 02:00:00,2,,2.9
2024-11-14 03:00:00,3,,3.1
2024-11-14 04:00:00,4,,3.8
2024-11-14 05:00:00,5,,2.7
2024-11-14 06:00:00,6,,3.5
2024-11-14 07:00:00,7,,3.2
2024-11-14 08:00:00,8,,2.1
2024-11-14 09:00:00,9,244.4,3.8
2024-11-14 10:00:00,10,1018.1,4.4
2024-11-14 11:00:00,11,1891.5,4.0
2024-11-14 12:00:00,12,2667.0,3.6
2024-11-14 13:00:00,13,3095.7,3.9
2024-11-14 14:00:00,14,3091.2,2.6
2024-11-14 15:00:00,15,3712.9,2.2
2024-11-14 16:00:00,16,3466.4,1.7
2024-11-14 17:00:00,17,3015.5,5.6
2024-11-14 18:00:00,18,2473.1,6.1
2024-11-14 19:00:00,19,1764.5,4.1
2024-11-14 20:00:00,20,757.1,5.6
2024-11-14 21:00:00,21,68.5,5.1
2024-11-14 22:00:00,22,,4.5
2024-11-14 23:00:00,23,,5.7
2024-11-15 00:00:00,0,,5.2
2024-11-15 01:00:00,1,,5.2
2024-11-15 02:00:00,2,,4.4
2024-11-15 03:00:00,3,,4.3
2024-11-15 04:00:00,4,,4.4
2024-11-15 05:00:00,5,,3.4
2024-11-15 06:00:00,6,,2.4
2024-11-15 07:00:00,7,,2.5
2024-11-15 08:00:00,8,,2.8
2024-11-15 09:00:00,9,237.1,2.6
2024-11-15 10:00:00,10,1041.4,3.5
2024-11-15 11:00:00,11,1968.0,3.3
2024-11-15 12:00:00,12,2762.0,3.8
2024-11-15 13:00:00,13,3295.4,3.9
2024-11-15 14:00:00,14,3611.1,4.6
2024-11-15 15:00:00,15,3693.4,4.2
2024-11-15 16:00:00,16,2263.6,3.6
2024-11-15 17:00:00,17,2259.9,4.4
2024-11-15 18:00:00,18,2143.7,5.0
2024-11-15 19:00:00,19,1506.8,5.2
2024-11-15 20:00:00,20,682.0,6.9
2024-11-15 21:00:00,21,72.5,5.8
2024-11-15 22:00:00,22,,5.4
2024-11-15 23:00:00,23,,4.9
2024-11-16 00:00:00,0,,4.1
2024-11-16 01:00:00,1,,4.7
2024-11-16 02:00:00,2,,4.5
2024-11-16 03:00:00,3,,2.8
2024-11-16 04:00:00,4,,3.3
2024-11-16 05:00:00,5,,2.2
2024-11-16 06:00:00,6,,2.3
2024-11-16 07:00:00,7,,2.4
2024-11-16 08:00:00,8,,2.0
2024-11-16 09:00:00,9,114.5,2.7
2024-11-16 10:00:00,10,849.7,3.4
2024-11-16 11:00:00,11,987.1,3.8
2024-11-16 12:00:00,12,1801.0,3.1
2024-11-16 13:00:00,13,1962.6,4.2
2024-11-16 14:00:00,14,2661.3,4.9
2024-11-16 15:00:00,15,3076.6,5.2
2024-11-16 16:00:00,16,2776.1,5.9
2024-11-16 17:00:00,17,2586.9,4.5
2024-11-16 18:00:00,18,1779.2,4.3
2024-11-16 19:00:00,19,1233.3,3.5
2024-11-16 20:00:00,20,676.9,3.7
2024-11-16 21:00:00,21,76.0,4.2
2024-11-16 22:00:00,22,,2.8
2024-11-16 23:00:00,23,,3.3
2024-11-17 00:00:00,0,,5.3
2024-11-17 01:00:00,1,,5.0
2024-11-17 02:00:00,2,,5.2
2024-11-17 03:00:00,3,,4.1
2024-11-17 04:00:00,4,,3.5
2024-11-17 05:00:00,5,,3.1
2024-11-17 06:00:00,6,,2.8
2024-11-17 07:00:00,7,,1.7
2024-11-17 08:00:00,8,,1.8
2024-11-17 09:00:00,9,213.9,1.5
2024-11-17 10:00:00,10,1034.8,3.1
2024-11-17 11:00:00,11,1719.0,3.5
2024-11-17 12:00:00,12,1777.4,3.2
2024-11-17 13:00:00,13,3074.5,3.7
2024-11-17 14:00:00,14,3261.2,3.5
2024-11-17 15:00:00,15,3278.4,3.5
2024-11-17 16:00:00,16,3072.0,4.3
2024-11-17 17:00:00,17,3038.2,4.2
2024-11-17 18:00:00,18,2386.7,3.4
2024-11-17 19:00:00,19,1582.6,4.4
2024-11-17 20:00:00,20,721.5,4.9
2024-11-17 21:00:00,21,72.7,3.8
2024-11-17 22:00:00,22,,2.7
2024-11-17 23:00:00,23,,3.2
2024-11-18 00:00:00,0,,6.2
2024-11-18 01:00:00,1,,5.6
2024-11-18 02:00:00,2,,3.7
2024-11-18 03:00:00,3,,4.2
2024-11-18 04:00:00,4,,3.6
2024-11-18 05:00:00,5,,2.5
2024-11-18 06:00:00,6,,2.4
2024-11-18 07:00:00,7,,1.8
2024-11-18 08:00:00,8,,1.7
2024-11-18 09:00:00,9,223.5,2.7
2024-11-18 10:00:00,10,889.8,3.7
2024-11-18 11:00:00,11,1703.5,4.2
2024-11-18 12:00:00,12,2425.7,3.9
2024-11-18 13:00:00,13,3181.0,3.4
2024-11-18 14:00:00,14,3160.7,2.9
2024-11-18 15:00:00,15,3161.9,1.6
2024-11-18 16:00:00,16,3231.0,3.0
2024-11-18 17:00:00,17,3216.9,4.2
2024-11-18 18:00:00,18,2502.3,3.5
2024-11-18 19:00:00,19,1583.7,4.7
2024-11-18 20:00:00,20,714.2,4.3
2024-11-18 21:00:00,21,73.2,3.6
2024-11-18 22:00:00,22,,2.6
2024-11-18 23:00:00,23,,3.9
2024-11-19 00:00:00,0,,5.2
2024-11-19 01:00:00,1,,3.4
2024-11-19 02:00:00,2,,3.2
2024-11-19 03:00:00,3,,2.5
2024-11-19 04:00:00,4,,2.6
2024-11-19 05:00:00,5,,2.6
2024-11-19 06:00:00,6,,2.1
2024-11-19 07:00:00,7,,1.8
2024-11-19 08:00:00,8,,1.6
2024-11-19 09:00:00,9,254.1,3.2
2024-11-19 10:00:00,10,600.5,2.8
2024-11-19 11:00:00,11,1920.9,3.4
2024-11-19 12:00:00,12,2672.1,2.7
2024-11-19 13:00:00,13,3213.8,3.1
2024-11-19 14:00:00,14,3554.4,3.4
2024-11-19 15:00:00,15,3561.0,2.5
2024-11-19 16:00:00,16,3368.0,2.6
2024-11-19 17:00:00,17,2796.0,1.8
2024-11-19 18:00:00,18,1402.8,1.9
2024-11-19 19:00:00,19,1099.1,4.2
2024-11-19 20:00:00,20,743.4,4.4
2024-11-19 21:00:00,21,52.9,3.9
2024-11-19 22:00:00,22,,3.6
2024-11-19 23:00:00,23,,3.0
2024-11-20 00:00:00,0,,5.0
2024-11-20 01:00:00,1,,4.2
2024-11-20 02:00:00,2,,3.3
2024-11-20 03:00:00,3,,2.2
2024-11-20 04:00:00,4,,2.8
2024-11-20 05:00:00,5,,2.9
2024-11-20 06:00:00,6,,2.3
2024-11-20 07:00:00,7,,2.2
2024-11-20 08:00:00,8,,1.5
2024-11-20 09:00:00,9,214.8,1.5
2024-11-20 10:00:00,10,981.8,3.6
2024-11-20 11:00:00,11,1863.8,2.2
2024-11-20 12:00:00,12,2640.6,1.7
2024-11-20 13:00:00,13,2986.4,2.1
2024-11-20 14:00:00,14,2661.0,2.4
2024-11-20 15:00:00,15,2752.4,2.8
2024-11-20 16:00:00,16,3196.7,2.9
2024-11-20 17:00:00,17,3050.0,4.5
2024-11-20 18:00:00,18,2293.7,4.0
2024-11-20 19:00:00,19,1490.0,4.2
2024-11-20 20:00:00,20,674.7,4.2
2024-11-20 21:00:00,21,70.5,3.1
2024-11-20 22:00:00,22,,3.1
2024-11-20 23:00:00,23,,2.2
2024-11-21 00:00:00,0,,4.4
2024-11-21 01:00:00,1,,3.6
2024-11-21 02:00:00,2,,3.9
2024-11-21 03:00:00,3,,3.4
2024-11-21 04:00:00,4,,3.6
2024-11-21 05:00:00,5,,3.1
2024-11-21 06:00:00,6,,2.6
2024-11-21 07:00:00,7,,1.7
2024-11-21 08:00:00,8,,2.2
2024-11-21 09:00:00,9,118.4,2.4
2024-11-21 10:00:00,10,860.1,3.1
2024-11-21 11:00:00,11,1771.0,2.1
2024-11-21 12:00:00,12,2571.7,1.9
2024-11-21 13:00:00,13,3124.7,2.8
2024-11-21 14:00:00,14,3455.8,1.8
2024-11-21 15:00:00,15,3146.6,1.7
2024-11-21 16:00:00,16,2220.2,2.3
2024-11-21 17:00:00,17,2153.8,2.1
2024-11-21 18:00:00,18,2522.8,4.5
2024-11-21 19:00:00,19,1542.7,4.0
2024-11-21 20:00:00,20,661.8,3.1
2024-11-21 21:00:00,21,71.5,2.3
2024-11-21 22:00:00,22,,1.2
2024-11-21 23:00:00,23,,1.6
2024-11-22 00:00:00,0,,1.8
2024-11-22 01:00:00,1,,3.5
2024-11-22 02:00:00,2,,2.8
2024-11-22 03:00:00,3,,3.3
2024-11-22 04:00:00,4,,2.6
2024-11-22 05:00:00,5,,1.9
2024-11-22 06:00:00,6,,2.6
2024-11-22 07:00:00,7,,2.7
2024-11-22 08:00:00,8,,2.5
2024-11-22 09:00:00,9,203.7,2.2
2024-11-22 10:00:00,10,957.0,4.0
2024-11-22 11:00:00,11,1839.0,4.0
2024-11-22 12:00:00,12,2605.6,3.9
2024-11-22 13:00:00,13,3158.4,3.1
2024-11-22 14:00:00,14,3409.1,2.7
2024-11-22 15:00:00,15,3450.8,3.0
2024-11-22 16:00:00,16,3284.0,1.4
2024-11-22 17:00:00,17,3001.8,2.5
2024-11-22 18:00:00,18,2380.4,1.4
2024-11-22 19:00:00,19,1098.9,1.6
2024-11-22 20:00:00,20,456.4,1.8
2024-11-22 21:00:00,21,78.3,1.2
2024-11-22 22:00:00,22,,1.4
2024-11-22 23:00:00,23,,0.8
2024-11-23 00:00:00,0,,1.5
2024-11-23 01:00:00,1,,1.4
2024-11-23 02:00:00,2,,1.0
2024-11-23 03:00:00,3,,2.7
2024-11-23 04:00:00,4,,1.7
2024-11-23 05:00:00,5,,2.3
2024-11-23 06:00:00,6,,3.4
2024-11-23 07:00:00,7,,4.2
2024-11-23 08:00:00,8,,3.2
2024-11-23 09:00:00,9,209.7,4.7
2024-11-23 10:00:00,10,981.2,4.8
2024-11-23 11:00:00,11,1862.8,4.7
2024-11-23 12:00:00,12,2626.9,3.8
2024-11-23 13:00:00,13,3164.9,2.7
2024-11-23 14:00:00,14,3504.6,1.7
2024-11-23 15:00:00,15,3574.3,1.5
2024-11-23 16:00:00,16,3093.4,3.0
2024-11-23 17:00:00,17,1828.1,2.0
2024-11-23 18:00:00,18,2402.5,2.5
2024-11-23 19:00:00,19,1010.9,1.9
2024-11-23 20:00:00,20,656.6,2.0
2024-11-23 21:00:00,21,27.7,2.4
2024-11-23 22:00:00,22,,1.6
2024-11-23 23:00:00,23,,0.4
2024-11-24 00:00:00,0,,2.7
2024-11-24 01:00:00,1,,1.9
2024-11-24 02:00:00,2,,5.0
2024-11-24 03:00:00,3,,4.9
2024-11-24 04:00:00,4,,3.9
2024-11-24 05:00:00,5,,2.9
2024-11-24 06:00:00,6,,2.9
2024-11-24 07:00:00,7,,0.5
2024-11-24 08:00:00,8,,1.7
2024-11-24 09:00:00,9,48.2,0.9
2024-11-24 10:00:00,10,81.8,0.8
2024-11-24 11:00:00,11,823.8,2.6
2024-11-24 12:00:00,12,2008.6,2.7
2024-11-24 13:00:00,13,2367.7,2.1
2024-11-24 14:00:00,14,3367.0,1.1
2024-11-24 15:00:00,15,3609.6,1.7
2024-11-24 16:00:00,16,2698.8,2.6
2024-11-24 17:00:00,17,2921.3,3.0
2024-11-24 18:00:00,18,2337.5,3.9
2024-11-24 19:00:00,19,1522.9,3.1
2024-11-24 20:00:00,20,570.8,2.4
2024-11-24 21:00:00,21,31.2,6.5
2024-11-24 22:00:00,22,,6.0
2024-11-24 23:00:00,23,,5.5
2024-11-25 00:00:00,0,,4.5
2024-11-25 01:00:00,1,,5.0
2024-11-25 02:00:00,2,,4.1
2024-11-25 03:00:00,3,,3.2
2024-11-25 04:00:00,4,,3.2
2024-11-25 05:00:00,5,3.5,3.2
2024-11-25 06:00:00,6,,3.3
2024-11-25 07:00:00,7,,2.9
2024-11-25 08:00:00,8,,2.3
2024-11-25 09:00:00,9,3.2,2.5
2024-11-25 10:00:00,10,63.0,1.3
2024-11-25 11:00:00,11,290.8,0.8
2024-11-25 12:00:00,12,1067.4,0.9
2024-11-25 13:00:00,13,1518.9,1.2
2024-11-25 14:00:00,14,1846.0,0.8
2024-11-25 15:00:00,15,2178.8,1.2
2024-11-25 16:00:00,16,2746.2,1.3
2024-11-25 17:00:00,17,2366.8,1.2
2024-11-25 18:00:00,18,1373.7,2.9
2024-11-25 19:00:00,19,883.9,2.6
2024-11-25 20:00:00,20,378.1,2.6
2024-11-25 21:00:00,21,42.3,1.9
2024-11-25 22:00:00,22,,0.9
2024-11-25 23:00:00,23,,1.1
2024-11-26 00:00:00,0,,0.3
2024-11-26 01:00:00,1,,1.7
2024-11-26 02:00:00,2,,5.0
2024-11-26 03:00:00,3,,5.0
2024-11-26 04:00:00,4,,4.1
2024-11-26 05:00:00,5,,2.3
2024-11-26 06:00:00,6,,2.5
2024-11-26 07:00:00,7,,4.0
2024-11-26 08:00:00,8,,2.6
2024-11-26 09:00:00,9,57.8,1.5
2024-11-26 10:00:00,10,641.0,2.2
2024-11-26 11:00:00,11,1164.3,2.9
2024-11-26 12:00:00,12,2020.2,1.9
2024-11-26 13:00:00,13,1407.7,2.4
2024-11-26 14:00:00,14,2131.8,1.7
2024-11-26 15:00:00,15,1939.4,2.1
2024-11-26 16:00:00,16,2676.7,1.9
2024-11-26 17:00:00,17,2339.4,3.9
2024-11-26 18:00:00,18,1848.6,4.9
2024-11-26 19:00:00,19,865.8,3.6
2024-11-26 20:00:00,20,527.8,3.6
2024-11-26 21:00:00,21,70.3,2.6
2024-11-26 22:00:00,22,,2.1
2024-11-26 23:00:00,23,,1.7
2024-11-27 00:00:00,0,,3.1
2024-11-27 01:00:00,1,,3.4
2024-11-27 02:00:00,2,,3.4
2024-11-27 03:00:00,3,,2.4
2024-11-27 04:00:00,4,,2.7
2024-11-27 05:00:00,5,,2.1
2024-11-27 06:00:00,6,,2.4
2024-11-27 07:00:00,7,,1.8
2024-11-27 08:00:00,8,,1.9
2024-11-27 09:00:00,9,195.3,2.3
2024-11-27 10:00:00,10,1016.9,2.4
2024-11-27 11:00:00,11,1837.3,2.6
2024-11-27 12:00:00,12,2597.1,3.2
2024-11-27 13:00:00,13,3155.9,2.4
2024-11-27 14:00:00,14,3466.0,2.4
2024-11-27 15:00:00,15,3590.8,2.1
2024-11-27 16:00:00,16,3446.9,3.9
2024-11-27 17:00:00,17,3077.0,3.6
2024-11-27 18:00:00,18,2431.4,3.6
2024-11-27 19:00:00,19,1650.5,4.0
2024-11-27 20:00:00,20,775.3,5.0
2024-11-27 21:00:00,21,88.1,3.6
2024-11-27 22:00:00,22,,2.1
2024-11-27 23:00:00,23,,2.1
2024-11-28 00:00:00,0,,3.2
2024-11-28 01:00:00,1,,3.1
2024-11-28 02:00:00,2,,2.1
2024-11-28 03:00:00,3,,2.1
2024-11-28 04:00:00,4,,2.4
2024-11-28 05:00:00,5,,2.4
2024-11-28 06:00:00,6,,1.9
2024-11-28 07:00:00,7,,1.5
2024-11-28 08:00:00,8,,1.6
2024-11-28 09:00:00,9,214.0,1.9
2024-11-28 10:00:00,10,1004.2,3.0
2024-11-28 11:00:00,11,1881.0,3.3
2024-11-28 12:00:00,12,2660.2,2.4
2024-11-28 13:00:00,13,3180.4,2.3
2024-11-28 14:00:00,14,3465.1,3.4
2024-11-28 15:00:00,15,3594.0,2.2
2024-11-28 16:00:00,16,3432.2,3.8
2024-11-28 17:00:00,17,2824.2,2.2
2024-11-28 18:00:00,18,2401.1,2.9
2024-11-28 19:00:00,19,1690.3,4.4
2024-11-28 20:00:00,20,700.8,5.0
2024-11-28 21:00:00,21,97.0,3.9
2024-11-28 22:00:00,22,,2.8
2024-11-28 23:00:00,23,,3.0
2024-11-29 00:00:00,0,,2.3
2024-11-29 01:00:00,1,,3.8
2024-11-29 02:00:00,2,,2.9
2024-11-29 03:00:00,3,,2.3
2024-11-29 04:00:00,4,,3.0
2024-11-29 05:00:00,5,,2.1
2024-11-29 06:00:00,6,,2.1
2024-11-29 07:00:00,7,,2.2
2024-11-29 08:00:00,8,,0.9
2024-11-29 09:00:00,9,196.8,0.5
2024-11-29 10:00:00,10,982.3,3.8
2024-11-29 11:00:00,11,1875.1,3.2
2024-11-29 12:00:00,12,2657.1,2.9
2024-11-29 13:00:00,13,3213.5,2.8
2024-11-29 14:00:00,14,3515.6,1.9
2024-11-29 15:00:00,15,3575.8,1.6
2024-11-29 16:00:00,16,3424.6,2.2
2024-11-29 17:00:00,17,2662.8,3.5
2024-11-29 18:00:00,18,2092.1,3.0
2024-11-29 19:00:00,19,1589.0,3.9
2024-11-29 20:00:00,20,739.7,5.2
2024-11-29 21:00:00,21,102.5,3.9
2024-11-29 22:00:00,22,,2.7
2024-11-29 23:00:00,23,,2.0
2024-11-30 00:00:00,0,,3.2
2024-11-30 01:00:00,1,,3.5
2024-11-30 02:00:00,2,,3.3
2024-11-30 03:00:00,3,,2.3
2024-11-30 04:00:00,4,,2.1
2024-11-30 05:00:00,5,,2.0
2024-11-30 06:00:00,6,,1.8
2024-11-30 07:00:00,7,,2.4
2024-11-30 08:00:00,8,,2.8
2024-11-30 09:00:00,9,202.0,2.0
2024-11-30 10:00:00,10,953.4,3.2
2024-11-30 11:00:00,11,1838.0,2.6
2024-11-30 12:00:00,12,2615.2,2.4
2024-11-30 13:00:00,13,3178.0,2.3
2024-11-30 14:00:00,14,3516.7,3.1
2024-11-30 15:00:00,15,3621.4,1.6
2024-11-30 16:00:00,16,3449.1,3.1
2024-11-30 17:00:00,17,3056.3,3.4
2024-11-30 18:00:00,18,2456.6,3.2
2024-11-30 19:00:00,19,1660.7,3.4
2024-11-30 20:00:00,20,789.5,4.4
2024-11-30 21:00:00,21,90.5,3.3
2024-11-30 22:00:00,22,,3.2
2024-11-30 23:00:00,23,,2.4
2024-12-01 00:00:00,0,,2.7
2024-12-01 01:00:00,1,,3.6
2024-12-01 02:00:00,2,,2.4
2024-12-01 03:00:00,3,,1.6
2024-12-01 04:00:00,4,,2.8
2024-12-01 05:00:00,5,,2.4
2024-12-01 06:00:00,6,,1.3
2024-12-01 07:00:00,7,,1.0
2024-12-01 08:00:00,8,,1.0
2024-12-01 09:00:00,9,195.6,1.4
2024-12-01 10:00:00,10,955.7,2.7
2024-12-01 11:00:00,11,1827.1,3.6
2024-12-01 12:00:00,12,2601.4,3.1
2024-12-01 13:00:00,13,3152.6,3.0
2024-12-01 14:00:00,14,3404.1,2.3
2024-12-01 15:00:00,15,3412.7,1.2
2024-12-01 16:00:00,16,3416.0,2.2
2024-12-01 17:00:00,17,3010.4,2.4
2024-12-01 18:00:00,18,2424.5,2.8
2024-12-01 19:00:00,19,1675.6,2.6
2024-12-01 20:00:00,20,789.2,2.6
2024-12-01 21:00:00,21,78.1,2.3
2024-12-01 22:00:00,22,,1.8
2024-12-01 23:00:00,23,,1.8
2024-12-02 00:00:00,0,,1.6
2024-12-02 01:00:00,1,,2.0
2024-12-02 02:00:00,2,,1.5
2024-12-02 03:00:00,3,,0.8
2024-12-02 04:00:00,4,,1.7
2024-12-02 05:00:00,5,,1.8
2024-12-02 06:00:00,6,,1.5
2024-12-02 07:00:00,7,,1.1
2024-12-02 08:00:00,8,,0.9
2024-12-02 09:00:00,9,167.0,2.0
2024-12-02 10:00:00,10,574.1,4.0
2024-12-02 11:00:00,11,1654.6,2.5
2024-12-02 12:00:00,12,1107.4,1.9
2024-12-02 13:00:00,13,3296.4,2.4
2024-12-02 14:00:00,14,3727.1,1.7
2024-12-02 15:00:00,15,3529.9,2.0
2024-12-02 16:00:00,16,3488.4,2.7
2024-12-02 17:00:00,17,2331.1,1.2
2024-12-02 18:00:00,18,2320.1,3.7
2024-12-02 19:00:00,19,1812.0,3.6
2024-12-02 20:00:00,20,761.8,4.0
2024-12-02 21:00:00,21,129.9,2.2
2024-12-02 22:00:00,22,,2.3
2024-12-02 23:00:00,23,,4.8
2024-12-03 00:00:00,0,,4.5
2024-12-03 01:00:00,1,,3.6
2024-12-03 02:00:00,2,,2.9
2024-12-03 03:00:00,3,,2.4
2024-12-03 04:00:00,4,,2.7
2024-12-03 05:00:00,5,,2.3
2024-12-03 06:00:00,6,,2.2
2024-12-03 07:00:00,7,,1.6
2024-12-03 08:00:00,8,,1.2
2024-12-03 09:00:00,9,202.9,1.7
2024-12-03 10:00:00,10,896.0,2.7
2024-12-03 11:00:00,11,1095.1,2.7
2024-12-03 12:00:00,12,2337.1,2.2
2024-12-03 13:00:00,13,2594.0,1.3
2024-12-03 14:00:00,14,3363.3,1.7
2024-12-03 15:00:00,15,2998.8,1.7
2024-12-03 16:00:00,16,3506.7,2.3
2024-12-03 17:00:00,17,2679.3,3.1
2024-12-03 18:00:00,18,2429.4,3.3
2024-12-03 19:00:00,19,1850.6,3.2
2024-12-03 20:00:00,20,805.4,3.7
2024-12-03 21:00:00,21,70.0,1.7
2024-12-03 22:00:00,22,,0.5
2024-12-03 23:00:00,23,,1.8
2024-12-04 00:00:00,0,,1.4
2024-12-04 01:00:00,1,,2.6
2024-12-04 02:00:00,2,,2.2
2024-12-04 03:00:00,3,,3.0
2024-12-04 04:00:00,4,,2.8
2024-12-04 05:00:00,5,,2.2
2024-12-04 06:00:00,6,,0.9
2024-12-04 07:00:00,7,,1.4
2024-12-04 08:00:00,8,,1.0
2024-12-04 09:00:00,9,94.4,1.6
2024-12-04 10:00:00,10,811.9,3.3
2024-12-04 11:00:00,11,1755.5,2.1
2024-12-04 12:00:00,12,2503.9,3.0
2024-12-04 13:00:00,13,3247.3,2.2
2024-12-04 14:00:00,14,3523.9,1.4
2024-12-04 15:00:00,15,3225.8,2.4
2024-12-04 16:00:00,16,3033.4,1.6
2024-12-04 17:00:00,17,2691.0,2.6
2024-12-04 18:00:00,18,2603.3,3.6
2024-12-04 19:00:00,19,1747.7,1.1
2024-12-04 20:00:00,20,652.8,2.8
2024-12-04 21:00:00,21,101.5,4.4
2024-12-04 22:00:00,22,,4.2
2024-12-04 23:00:00,23,,1.8
2024-12-05 00:00:00,0,,2.2
2024-12-05 01:00:00,1,,1.9
2024-12-05 02:00:00,2,,1.0
2024-12-05 03:00:00,3,,1.9
2024-12-05 04:00:00,4,,1.7
2024-12-05 05:00:00,5,,1.7
2024-12-05 06:00:00,6,,1.3
2024-12-05 07:00:00,7,,0.8
2024-12-05 08:00:00,8,,1.1
2024-12-05 09:00:00,9,47.5,1.5
2024-12-05 10:00:00,10,157.7,1.9
2024-12-05 11:00:00,11,1052.6,2.9
2024-12-05 12:00:00,12,2183.6,3.5
2024-12-05 13:00:00,13,1768.7,3.5
2024-12-05 14:00:00,14,1783.8,1.8
2024-12-05 15:00:00,15,1963.4,2.4
2024-12-05 16:00:00,16,2118.6,2.2
2024-12-05 17:00:00,17,1587.2,2.4
2024-12-05 18:00:00,18,1835.8,2.9
2024-12-05 19:00:00,19,849.7,4.0
2024-12-05 20:00:00,20,682.9,3.6
2024-12-05 21:00:00,21,107.4,2.3
2024-12-05 22:00:00,22,,2.2
2024-12-05 23:00:00,23,,2.6
2024-12-06 00:00:00,0,,4.6
2024-12-06 01:00:00,1,,4.0
2024-12-06 02:00:00,2,,3.0
2024-12-06 03:00:00,3,,2.5
2024-12-06 04:00:00,4,,3.3
2024-12-06 05:00:00,5,,2.7
2024-12-06 06:00:00,6,,3.3
2024-12-06 07:00:00,7,,2.3
2024-12-06 08:00:00,8,,1.8
2024-12-06 09:00:00,9,172.3,1.5
2024-12-06 10:00:00,10,949.6,3.5
2024-12-06 11:00:00,11,1761.9,3.9
2024-12-06 12:00:00,12,2414.1,3.5
2024-12-06 13:00:00,13,3059.1,2.2
2024-12-06 14:00:00,14,3314.7,3.9
2024-12-06 15:00:00,15,3651.1,3.4
2024-12-06 16:00:00,16,3014.7,2.5
2024-12-06 17:00:00,17,2814.0,2.5
2024-12-06 18:00:00,18,1394.5,3.5
2024-12-06 19:00:00,19,744.9,4.3
2024-12-06 20:00:00,20,535.6,3.3
2024-12-06 21:00:00,21,72.2,2.5
2024-12-06 22:00:00,22,,0.8
2024-12-06 23:00:00,23,,3.0
2024-12-07 00:00:00,0,,4.5
2024-12-07 01:00:00,1,,4.3
2024-12-07 02:00:00,2,,3.8
2024-12-07 03:00:00,3,,1.9
2024-12-07 04:00:00,4,,3.4
2024-12-07 05:00:00,5,,3.3
2024-12-07 06:00:00,6,,3.6
2024-12-07 07:00:00,7,,3.1
2024-12-07 08:00:00,8,,2.2
2024-12-07 09:00:00,9,84.1,1.6
2024-12-07 10:00:00,10,461.6,2.5
2024-12-07 11:00:00,11,1931.8,2.5
2024-12-07 12:00:00,12,2657.9,2.7
2024-12-07 13:00:00,13,3112.1,1.8
2024-12-07 14:00:00,14,1542.0,2.8
2024-12-07 15:00:00,15,2660.4,2.2
2024-12-07 16:00:00,16,2750.7,3.9
2024-12-07 17:00:00,17,2044.6,3.7
2024-12-07 18:00:00,18,2104.3,3.2
2024-12-07 19:00:00,19,1389.7,3.3
2024-12-07 20:00:00,20,606.4,3.3
2024-12-07 21:00:00,21,46.7,3.7
2024-12-07 22:00:00,22,,4.0
2024-12-07 23:00:00,23,,3.1
2024-12-08 00:00:00,0,0.0,3.8
2024-12-08 01:00:00,1,,2.1
2024-12-08 02:00:00,2,,3.4
2024-12-08 03:00:00,3,1.3,1.8
2024-12-08 04:00:00,4,0.4,0.9
2024-12-08 05:00:00,5,,0.8
2024-12-08 06:00:00,6,1.3,1.5
2024-12-08 07:00:00,7,1.3,2.0
2024-12-08 08:00:00,8,,0.3
2024-12-08 09:00:00,9,64.1,1.8
2024-12-08 10:00:00,10,503.2,2.2
2024-12-08 11:00:00,11,918.6,1.9
2024-12-08 12:00:00,12,2260.5,3.3
2024-12-08 13:00:00,13,3179.1,3.1
2024-12-08 14:00:00,14,3556.9,3.1
2024-12-08 15:00:00,15,3070.7,2.3
2024-12-08 16:00:00,16,3585.7,2.4
2024-12-08 17:00:00,17,2987.6,1.3
2024-12-08 18:00:00,18,2526.0,2.0
2024-12-08 19:00:00,19,1719.3,2.1
2024-12-08 20:00:00,20,850.4,2.0
2024-12-08 21:00:00,21,117.7,1.7
2024-12-08 22:00:00,22,,1.1
2024-12-08 23:00:00,23,,1.4
2024-12-09 00:00:00,0,,3.0
2024-12-09 01:00:00,1,,4.4
2024-12-09 02:00:00,2,,2.6
2024-12-09 03:00:00,3,,2.0
2024-12-09 04:00:00,4,,2.6
2024-12-09 05:00:00,5,,2.7
2024-12-09 06:00:00,6,,3.3
2024-12-09 07:00:00,7,,2.6
2024-12-09 08:00:00,8,,3.0
2024-12-09 09:00:00,9,166.7,2.4
2024-12-09 10:00:00,10,949.3,2.5
2024-12-09 11:00:00,11,1744.1,2.3
2024-12-09 12:00:00,12,2574.2,2.9
2024-12-09 13:00:00,13,3191.7,3.0
2024-12-09 14:00:00,14,3522.0,1.8
2024-12-09 15:00:00,15,3632.3,2.4
2024-12-09 16:00:00,16,3544.5,2.3
2024-12-09 17:00:00,17,3160.9,3.4
2024-12-09 18:00:00,18,2292.9,2.7
2024-12-09 19:00:00,19,1755.4,3.3
2024-12-09 20:00:00,20,862.3,4.0
2024-12-09 21:00:00,21,124.7,3.2
2024-12-09 22:00:00,22,,1.9
2024-12-09 23:00:00,23,,1.2
2024-12-10 00:00:00,0,,3.2
2024-12-10 01:00:00,1,,4.5
2024-12-10 02:00:00,2,,3.5
2024-12-10 03:00:00,3,,3.2
2024-12-10 04:00:00,4,,2.6
2024-12-10 05:00:00,5,,1.7
2024-12-10 06:00:00,6,,1.9
2024-12-10 07:00:00,7,,1.4
2024-12-10 08:00:00,8,,1.2
2024-12-10 09:00:00,9,148.1,1.4
2024-12-10 10:00:00,10,910.1,3.2
2024-12-10 11:00:00,11,1807.7,2.7
2024-12-10 12:00:00,12,2595.9,3.1
2024-12-10 13:00:00,13,3148.8,3.1
2024-12-10 14:00:00,14,3486.2,2.5
2024-12-10 15:00:00,15,3666.8,3.1
2024-12-10 16:00:00,16,3193.9,2.0
2024-12-10 17:00:00,17,3158.9,1.8
2024-12-10 18:00:00,18,2525.1,3.6
2024-12-10 19:00:00,19,1699.2,3.3
2024-12-10 20:00:00,20,835.3,3.6
2024-12-10 21:00:00,21,124.5,3.3
2024-12-10 22:00:00,22,,1.8
2024-12-10 23:00:00,23,,1.4
2024-12-11 00:00:00,0,,0.8
2024-12-11 01:00:00,1,,2.8
2024-12-11 02:00:00,2,,2.3
2024-12-11 03:00:00,3,,2.7
2024-12-11 04:00:00,4,,2.3
2024-12-11 05:00:00,5,,1.9
2024-12-11 06:00:00,6,,1.8
2024-12-11 07:00:00,7,,2.4
2024-12-11 08:00:00,8,,2.1
2024-12-11 09:00:00,9,156.3,2.3
2024-12-11 10:00:00,10,924.5,3.6
2024-12-11 11:00:00,11,1800.8,3.0
2024-12-11 12:00:00,12,2573.0,3.1
2024-12-11 13:00:00,13,3137.1,1.3
2024-12-11 14:00:00,14,3465.4,1.2
2024-12-11 15:00:00,15,3580.5,1.6
2024-12-11 16:00:00,16,3459.2,2.0
2024-12-11 17:00:00,17,3100.1,1.7
2024-12-11 18:00:00,18,2493.1,1.6
2024-12-11 19:00:00,19,1720.0,1.1
2024-12-11 20:00:00,20,841.6,3.1
2024-12-11 21:00:00,21,123.4,2.1
2024-12-11 22:00:00,22,,1.5
2024-12-11 23:00:00,23,,1.0
2024-12-12 00:00:00,0,,0.7
2024-12-12 01:00:00,1,,2.4
2024-12-12 02:00:00,2,,2.2
2024-12-12 03:00:00,3,,2.3
2024-12-12 04:00:00,4,,1.9
2024-12-12 05:00:00,5,,1.3
2024-12-12 06:00:00,6,,2.6
2024-12-12 07:00:00,7,,2.6
2024-12-12 08:00:00,8,,2.7
2024-12-12 09:00:00,9,149.5,2.2
2024-12-12 10:00:00,10,886.7,2.6
2024-12-12 11:00:00,11,1756.3,3.5
2024-12-12 12:00:00,12,2535.9,2.2
2024-12-12 13:00:00,13,3091.4,2.7
2024-12-12 14:00:00,14,3437.0,2.4
2024-12-12 15:00:00,15,3574.7,1.9
2024-12-12 16:00:00,16,3278.6,2.3
2024-12-12 17:00:00,17,3294.8,2.2
2024-12-12 18:00:00,18,1196.2,1.6
2024-12-12 19:00:00,19,1574.1,2.1
2024-12-12 20:00:00,20,883.9,2.7
2024-12-12 21:00:00,21,155.7,3.2
2024-12-12 22:00:00,22,,2.3
2024-12-12 23:00:00,23,,6.7
2024-12-13 00:00:00,0,,6.9
2024-12-13 01:00:00,1,,4.4
2024-12-13 02:00:00,2,,4.8
2024-12-13 03:00:00,3,,3.3
2024-12-13 04:00:00,4,,3.6
2024-12-13 05:00:00,5,,3.7
2024-12-13 06:00:00,6,,2.9
2024-12-13 07:00:00,7,,2.7
2024-12-13 08:00:00,8,,2.8
2024-12-13 09:00:00,9,154.0,2.1
2024-12-13 10:00:00,10,869.4,3.3
2024-12-13 11:00:00,11,988.8,2.9
2024-12-13 12:00:00,12,2107.2,2.4
2024-12-13 13:00:00,13,2939.4,3.0
2024-12-13 14:00:00,14,3239.9,2.3
2024-12-13 15:00:00,15,3455.9,3.7
2024-12-13 16:00:00,16,3456.6,4.0
2024-12-13 17:00:00,17,3084.5,4.0
2024-12-13 18:00:00,18,2437.0,5.4
2024-12-13 19:00:00,19,1620.0,4.0
2024-12-13 20:00:00,20,851.0,4.5
2024-12-13 21:00:00,21,135.6,3.7
2024-12-13 22:00:00,22,,2.8
2024-12-13 23:00:00,23,,5.3
2024-12-14 00:00:00,0,,5.3
2024-12-14 01:00:00,1,,4.3
2024-12-14 02:00:00,2,,4.9
2024-12-14 03:00:00,3,,2.3
2024-12-14 04:00:00,4,,3.4
2024-12-14 05:00:00,5,,2.3
2024-12-14 06:00:00,6,,2.0
2024-12-14 07:00:00,7,,2.0
2024-12-14 08:00:00,8,,2.3
2024-12-14 09:00:00,9,204.3,2.1
2024-12-14 10:00:00,10,791.2,2.0
2024-12-14 11:00:00,11,1131.1,3.5
2024-12-14 12:00:00,12,2083.7,4.2
2024-12-14 13:00:00,13,2667.7,3.5
2024-12-14 14:00:00,14,2994.4,3.8
2024-12-14 15:00:00,15,3058.5,2.9
2024-12-14 16:00:00,16,2701.9,3.2
2024-12-14 17:00:00,17,3040.7,4.0
2024-12-14 18:00:00,18,1930.1,3.3
2024-12-14 19:00:00,19,1163.0,3.3
2024-12-14 20:00:00,20,814.0,4.1
2024-12-14 21:00:00,21,141.6,3.4
2024-12-14 22:00:00,22,,2.4
2024-12-14 23:00:00,23,,2.7
2024-12-15 00:00:00,0,,3.7
2024-12-15 01:00:00,1,,2.4
2024-12-15 02:00:00,2,,3.1
2024-12-15 03:00:00,3,,3.3
2024-12-15 04:00:00,4,,2.3
2024-12-15 05:00:00,5,,2.1
2024-12-15 06:00:00,6,,3.0
2024-12-15 07:00:00,7,,3.0
2024-12-15 08:00:00,8,,3.0
2024-12-15 09:00:00,9,140.7,2.8
2024-12-15 10:00:00,10,498.8,1.8
2024-12-15 11:00:00,11,963.9,2.7
2024-12-15 12:00:00,12,2504.3,2.8
2024-12-15 13:00:00,13,3075.8,2.5
2024-12-15 14:00:00,14,3629.9,2.7
2024-12-15 15:00:00,15,3510.0,2.3
2024-12-15 16:00:00,16,2590.9,2.8
2024-12-15 17:00:00,17,1316.4,3.7
2024-12-15 18:00:00,18,2635.1,4.7
2024-12-15 19:00:00,19,1669.3,3.6
2024-12-15 20:00:00,20,839.7,4.1
2024-12-15 21:00:00,21,137.0,1.5
2024-12-15 22:00:00,22,,1.8
2024-12-15 23:00:00,23,,1.1
2024-12-16 00:00:00,0,,3.0
2024-12-16 01:00:00,1,,1.7
2024-12-16 02:00:00,2,,3.3
2024-12-16 03:00:00,3,,3.2
2024-12-16 04:00:00,4,,1.8
2024-12-16 05:00:00,5,,2.2
2024-12-16 06:00:00,6,,1.8
2024-12-16 07:00:00,7,,1.8
2024-12-16 08:00:00,8,,1.9
2024-12-16 09:00:00,9,127.7,1.7
2024-12-16 10:00:00,10,808.6,2.9
2024-12-16 11:00:00,11,1665.0,3.3
2024-12-16 12:00:00,12,2468.4,3.6
2024-12-16 13:00:00,13,3037.9,3.1
2024-12-16 14:00:00,14,3327.7,2.5
2024-12-16 15:00:00,15,3156.8,2.0
2024-12-16 16:00:00,16,2738.9,2.5
2024-12-16 17:00:00,17,1395.4,3.4
2024-12-16 18:00:00,18,1938.6,3.0
2024-12-16 19:00:00,19,1112.9,5.0
2024-12-16 20:00:00,20,911.2,4.6
2024-12-16 21:00:00,21,135.3,4.1
2024-12-16 22:00:00,22,,1.0
2024-12-16 23:00:00,23,,3.1
2024-12-17 00:00:00,0,,3.5
2024-12-17 01:00:00,1,,2.1
2024-12-17 02:00:00,2,,2.6
2024-12-17 03:00:00,3,,2.3
2024-12-17 04:00:00,4,,3.3
2024-12-17 05:00:00,5,,2.1
2024-12-17 06:00:00,6,,1.6
2024-12-17 07:00:00,7,,2.2
2024-12-17 08:00:00,8,,2.4
2024-12-17 09:00:00,9,127.1,2.1
2024-12-17 10:00:00,10,821.5,2.1
2024-12-17 11:00:00,11,1688.8,2.3
2024-12-17 12:00:00,12,2487.6,3.4
2024-12-17 13:00:00,13,3054.1,3.1
2024-12-17 14:00:00,14,3379.3,2.1
2024-12-17 15:00:00,15,3492.7,3.0
2024-12-17 16:00:00,16,3411.4,3.7
2024-12-17 17:00:00,17,2808.0,3.3
2024-12-17 18:00:00,18,2383.9,3.3
2024-12-17 19:00:00,19,1383.6,3.6
2024-12-17 20:00:00,20,822.9,3.2
2024-12-17 21:00:00,21,160.5,4.1
2024-12-17 22:00:00,22,,3.9
2024-12-17 23:00:00,23,,4.2
2024-12-18 00:00:00,0,,4.4
2024-12-18 01:00:00,1,,3.7
2024-12-18 02:00:00,2,,4.5
2024-12-18 03:00:00,3,,3.7
2024-12-18 04:00:00,4,,3.5
2024-12-18 05:00:00,5,,2.4
2024-12-18 06:00:00,6,,2.4
2024-12-18 07:00:00,7,,2.3
2024-12-18 08:00:00,8,,2.4
2024-12-18 09:00:00,9,130.9,1.9
2024-12-18 10:00:00,10,804.4,2.4
2024-12-18 11:00:00,11,1689.8,2.4
2024-12-18 12:00:00,12,2431.2,3.4
2024-12-18 13:00:00,13,3065.6,3.2
2024-12-18 14:00:00,14,3403.8,1.7
2024-12-18 15:00:00,15,3289.4,2.0
2024-12-18 16:00:00,16,2684.7,2.2
2024-12-18 17:00:00,17,2218.9,2.7
2024-12-18 18:00:00,18,1838.4,4.9
2024-12-18 19:00:00,19,1811.2,4.6
2024-12-18 20:00:00,20,951.6,5.7
2024-12-18 21:00:00,21,151.5,4.2
2024-12-18 22:00:00,22,,4.0
2024-12-18 23:00:00,23,,3.0
2024-12-19 00:00:00,0,,5.8
2024-12-19 01:00:00,1,,4.9
2024-12-19 02:00:00,2,,4.1
2024-12-19 03:00:00,3,,3.7
2024-12-19 04:00:00,4,,3.3
2024-12-19 05:00:00,5,,3.0
2024-12-19 06:00:00,6,,2.7
2024-12-19 07:00:00,7,,2.6
2024-12-19 08:00:00,8,,2.8
2024-12-19 09:00:00,9,129.1,2.7
2024-12-19 10:00:00,10,805.8,3.6
2024-12-19 11:00:00,11,1511.9,3.0
2024-12-19 12:00:00,12,2153.8,2.4
2024-12-19 13:00:00,13,2924.3,1.9
2024-12-19 14:00:00,14,3266.0,2.6
2024-12-19 15:00:00,15,3125.8,1.9
2024-12-19 16:00:00,16,3261.4,3.2
2024-12-19 17:00:00,17,2205.5,4.1
2024-12-19 18:00:00,18,2639.9,5.8
2024-12-19 19:00:00,19,1737.9,6.1
2024-12-19 20:00:00,20,496.3,3.3
2024-12-19 21:00:00,21,118.3,4.0
2024-12-19 22:00:00,22,,7.0
2024-12-19 23:00:00,23,,4.1
2024-12-20 00:00:00,0,,3.3
2024-12-20 01:00:00,1,,1.7
2024-12-20 02:00:00,2,,4.0
2024-12-20 03:00:00,3,,4.1
2024-12-20 04:00:00,4,,3.0
2024-12-20 05:00:00,5,,3.0
2024-12-20 06:00:00,6,,2.6
2024-12-20 07:00:00,7,,1.7
2024-12-20 08:00:00,8,,3.6
2024-12-20 09:00:00,9,154.9,3.5
2024-12-20 10:00:00,10,704.7,3.9
2024-12-20 11:00:00,11,963.8,3.9
2024-12-20 12:00:00,12,1638.3,3.6
2024-12-20 13:00:00,13,2457.1,2.9
2024-12-20 14:00:00,14,2728.5,2.9
2024-12-20 15:00:00,15,3845.5,3.8
2024-12-20 16:00:00,16,3585.4,3.0
2024-12-20 17:00:00,17,3130.1,2.5
2024-12-20 18:00:00,18,2781.0,3.1
2024-12-20 19:00:00,19,1459.1,2.2
2024-12-20 20:00:00,20,988.7,4.1
2024-12-20 21:00:00,21,181.8,4.3
2024-12-20 22:00:00,22,,3.4
2024-12-20 23:00:00,23,,4.1
2024-12-21 00:00:00,0,,3.5
2024-12-21 01:00:00,1,,4.5
2024-12-21 02:00:00,2,,3.2
2024-12-21 03:00:00,3,,2.3
2024-12-21 04:00:00,4,,2.6
2024-12-21 05:00:00,5,,2.6
2024-12-21 06:00:00,6,,2.8
2024-12-21 07:00:00,7,,2.9
2024-12-21 08:00:00,8,,1.8
2024-12-21 09:00:00,9,127.4,1.8
2024-12-21 10:00:00,10,818.4,3.1
2024-12-21 11:00:00,11,1688.9,3.6
2024-12-21 12:00:00,12,2128.9,4.1
2024-12-21 13:00:00,13,1813.7,3.4
2024-12-21 14:00:00,14,2947.1,2.6
2024-12-21 15:00:00,15,3426.2,1.8
2024-12-21 16:00:00,16,3343.1,4.4
2024-12-21 17:00:00,17,3106.2,3.4
2024-12-21 18:00:00,18,2500.8,4.3
2024-12-21 19:00:00,19,1763.1,3.5
2024-12-21 20:00:00,20,904.2,4.2
2024-12-21 21:00:00,21,169.4,3.5
2024-12-21 22:00:00,22,,2.5
2024-12-21 23:00:00,23,,1.8
2024-12-22 00:00:00,0,,4.0
2024-12-22 01:00:00,1,,4.5
2024-12-22 02:00:00,2,,3.6
2024-12-22 03:00:00,3,,3.8
2024-12-22 04:00:00,4,,2.7
2024-12-22 05:00:00,5,,2.4
2024-12-22 06:00:00,6,,3.1
2024-12-22 07:00:00,7,,2.7
2024-12-22 08:00:00,8,,1.5
2024-12-22 09:00:00,9,97.8,2.4
2024-12-22 10:00:00,10,430.7,3.0
2024-12-22 11:00:00,11,1439.1,3.1
2024-12-22 12:00:00,12,2291.9,2.7
2024-12-22 13:00:00,13,3020.7,3.3
2024-12-22 14:00:00,14,2820.1,2.7
2024-12-22 15:00:00,15,2782.4,3.4
2024-12-22 16:00:00,16,3076.9,3.5
2024-12-22 17:00:00,17,3066.9,3.5
2024-12-22 18:00:00,18,2210.2,4.2
2024-12-22 19:00:00,19,1777.3,4.5
2024-12-22 20:00:00,20,896.1,4.6
2024-12-22 21:00:00,21,175.7,3.2
2024-12-22 22:00:00,22,,1.5
2024-12-22 23:00:00,23,,1.0
2024-12-23 00:00:00,0,,4.2
2024-12-23 01:00:00,1,,3.8
2024-12-23 02:00:00,2,,3.2
2024-12-23 03:00:00,3,,3.3
2024-12-23 04:00:00,4,,3.6
2024-12-23 05:00:00,5,,3.9
2024-12-23 06:00:00,6,,2.4
2024-12-23 07:00:00,7,,3.1
2024-12-23 08:00:00,8,,3.9
2024-12-23 09:00:00,9,121.2,3.1
2024-12-23 10:00:00,10,799.3,3.4
2024-12-23 11:00:00,11,1671.0,2.8
2024-12-23 12:00:00,12,2475.5,3.0
2024-12-23 13:00:00,13,3076.3,2.8
2024-12-23 14:00:00,14,3427.5,2.6
2024-12-23 15:00:00,15,3535.0,3.0
2024-12-23 16:00:00,16,3430.6,2.1
2024-12-23 17:00:00,17,3115.5,2.8
2024-12-23 18:00:00,18,2627.1,1.9
2024-12-23 19:00:00,19,1841.1,2.7
2024-12-23 20:00:00,20,950.6,4.2
2024-12-23 21:00:00,21,175.3,4.5
2024-12-23 22:00:00,22,,2.6
2024-12-23 23:00:00,23,,2.4
2024-12-24 00:00:00,0,,4.4
2024-12-24 01:00:00,1,,3.9
2024-12-24 02:00:00,2,,3.5
2024-12-24 03:00:00,3,,3.3
2024-12-24 04:00:00,4,,3.2
2024-12-24 05:00:00,5,,3.3
2024-12-24 06:00:00,6,,3.3
2024-12-24 07:00:00,7,,3.9
2024-12-24 08:00:00,8,,2.3
2024-12-24 09:00:00,9,122.3,1.9
2024-12-24 10:00:00,10,842.1,2.8
2024-12-24 11:00:00,11,1723.2,3.0
2024-12-24 12:00:00,12,2505.0,3.3
2024-12-24 13:00:00,13,3105.9,2.6
2024-12-24 14:00:00,14,3457.5,2.3
2024-12-24 15:00:00,15,3577.6,3.3
2024-12-24 16:00:00,16,3479.1,2.8
2024-12-24 17:00:00,17,3133.6,3.6
2024-12-24 18:00:00,18,2209.4,2.5
2024-12-24 19:00:00,19,1091.0,3.5
2024-12-24 20:00:00,20,1017.0,4.3
2024-12-24 21:00:00,21,210.7,4.1
2024-12-24 22:00:00,22,,2.7
2024-12-24 23:00:00,23,,2.0
2024-12-25 00:00:00,0,,4.4
2024-12-25 01:00:00,1,,4.5
2024-12-25 02:00:00,2,,4.4
2024-12-25 03:00:00,3,,2.7
2024-12-25 04:00:00,4,,2.6
2024-12-25 05:00:00,5,,2.4
2024-12-25 06:00:00,6,,2.8
2024-12-25 07:00:00,7,,2.1
2024-12-25 08:00:00,8,,3.0
2024-12-25 09:00:00,9,104.8,2.6
2024-12-25 10:00:00,10,444.0,2.1
2024-12-25 11:00:00,11,1349.0,3.3
2024-12-25 12:00:00,12,2321.1,3.0
2024-12-25 13:00:00,13,3179.2,2.9
2024-12-25 14:00:00,14,3492.2,1.6
2024-12-25 15:00:00,15,3549.7,3.5
2024-12-25 16:00:00,16,2853.2,3.7
2024-12-25 17:00:00,17,2464.5,3.6
2024-12-25 18:00:00,18,2281.6,4.3
2024-12-25 19:00:00,19,1520.6,4.8
2024-12-25 20:00:00,20,906.2,5.4
2024-12-25 21:00:00,21,211.2,5.8
2024-12-25 22:00:00,22,,4.9
2024-12-25 23:00:00,23,,5.9
2024-12-26 00:00:00,0,,4.4
2024-12-26 01:00:00,1,,4.5
2024-12-26 02:00:00,2,,3.9
2024-12-26 03:00:00,3,,4.1
2024-12-26 04:00:00,4,,3.4
2024-12-26 05:00:00,5,,2.6
2024-12-26 06:00:00,6,,1.9
2024-12-26 07:00:00,7,,2.1
2024-12-26 08:00:00,8,,1.4
2024-12-26 09:00:00,9,125.7,1.6
2024-12-26 10:00:00,10,932.9,2.8
2024-12-26 11:00:00,11,1788.4,4.1
2024-12-26 12:00:00,12,2596.2,3.5
2024-12-26 13:00:00,13,3163.1,2.4
2024-12-26 14:00:00,14,3458.0,2.6
2024-12-26 15:00:00,15,3545.8,2.8
2024-12-26 16:00:00,16,3574.9,3.7
2024-12-26 17:00:00,17,3226.0,2.1
2024-12-26 18:00:00,18,2661.1,3.9
2024-12-26 19:00:00,19,1807.2,3.2
2024-12-26 20:00:00,20,863.7,3.2
2024-12-26 21:00:00,21,180.9,3.2
2024-12-26 22:00:00,22,,3.8
2024-12-26 23:00:00,23,,4.2
2024-12-27 00:00:00,0,,4.8
2024-12-27 01:00:00,1,,4.2
2024-12-27 02:00:00,2,,4.0
2024-12-27 03:00:00,3,,3.9
2024-12-27 04:00:00,4,,3.5
2024-12-27 05:00:00,5,,3.5
2024-12-27 06:00:00,6,,3.1
2024-12-27 07:00:00,7,,2.8
2024-12-27 08:00:00,8,,2.3
2024-12-27 09:00:00,9,118.2,2.4
2024-12-27 10:00:00,10,866.8,3.3
2024-12-27 11:00:00,11,1763.1,2.4
2024-12-27 12:00:00,12,2584.6,2.5
2024-12-27 13:00:00,13,3188.3,2.8
2024-12-27 14:00:00,14,3529.1,1.5
2024-12-27 15:00:00,15,3628.9,3.2
2024-12-27 16:00:00,16,3530.4,2.6
2024-12-27 17:00:00,17,3173.3,2.7
2024-12-27 18:00:00,18,2633.4,4.8
2024-12-27 19:00:00,19,1896.9,4.8
2024-12-27 20:00:00,20,988.8,5.3
2024-12-27 21:00:00,21,198.7,4.9
2024-12-27 22:00:00,22,,3.9
2024-12-27 23:00:00,23,,6.7
2024-12-28 00:00:00,0,,5.7
2024-12-28 01:00:00,1,,4.2
2024-12-28 02:00:00,2,,4.4
2024-12-28 03:00:00,3,,3.1
2024-12-28 04:00:00,4,,2.4
2024-12-28 05:00:00,5,,3.6
2024-12-28 06:00:00,6,,2.1
2024-12-28 07:00:00,7,,1.8
2024-12-28 08:00:00,8,,2.5
2024-12-28 09:00:00,9,93.2,2.8
2024-12-28 10:00:00,10,718.8,3.4
2024-12-28 11:00:00,11,1642.1,3.7
2024-12-28 12:00:00,12,2438.0,3.9
2024-12-28 13:00:00,13,3039.9,2.6
2024-12-28 14:00:00,14,3399.3,2.2
2024-12-28 15:00:00,15,3547.2,3.4
2024-12-28 16:00:00,16,3256.6,4.4
2024-12-28 17:00:00,17,2761.2,3.8
2024-12-28 18:00:00,18,2654.8,5.5
2024-12-28 19:00:00,19,1953.1,5.3
2024-12-28 20:00:00,20,829.6,5.2
2024-12-28 21:00:00,21,104.8,3.7
2024-12-28 22:00:00,22,,3.0
2024-12-28 23:00:00,23,,4.5
2024-12-29 00:00:00,0,,3.8
2024-12-29 01:00:00,1,,2.6
2024-12-29 02:00:00,2,,3.5
2024-12-29 03:00:00,3,,3.6
2024-12-29 04:00:00,4,1.6,3.8
2024-12-29 05:00:00,5,,3.2
2024-12-29 06:00:00,6,0.2,1.2
2024-12-29 07:00:00,7,,0.4
2024-12-29 08:00:00,8,,1.5
2024-12-29 09:00:00,9,46.9,1.1
2024-12-29 10:00:00,10,319.0,1.6
2024-12-29 11:00:00,11,808.9,3.6
2024-12-29 12:00:00,12,1286.2,3.4
2024-12-29 13:00:00,13,1648.5,2.0
2024-12-29 14:00:00,14,2046.9,2.0
2024-12-29 15:00:00,15,2274.9,1.2
2024-12-29 16:00:00,16,3219.5,1.5
2024-12-29 17:00:00,17,3094.2,2.6
2024-12-29 18:00:00,18,2454.9,3.1
2024-12-29 19:00:00,19,1805.9,4.4
2024-12-29 20:00:00,20,930.0,3.8
2024-12-29 21:00:00,21,184.3,3.0
2024-12-29 22:00:00,22,,2.9
2024-12-29 23:00:00,23,,2.7
2024-12-30 00:00:00,0,,5.2
2024-12-30 01:00:00,1,,3.7
2024-12-30 02:00:00,2,,3.8
2024-12-30 03:00:00,3,,2.7
2024-12-30 04:00:00,4,,2.7
2024-12-30 05:00:00,5,,1.9
2024-12-30 06:00:00,6,,2.3
2024-12-30 07:00:00,7,,2.2
2024-12-30 08:00:00,8,,2.3
2024-12-30 09:00:00,9,101.4,2.5
2024-12-30 10:00:00,10,762.7,3.0
2024-12-30 11:00:00,11,1668.1,2.9
2024-12-30 12:00:00,12,2455.4,2.6
2024-12-30 13:00:00,13,3070.8,2.2
2024-12-30 14:00:00,14,3443.6,2.6
2024-12-30 15:00:00,15,3604.6,2.8
2024-12-30 16:00:00,16,3535.2,3.5
2024-12-30 17:00:00,17,3167.2,2.3
2024-12-30 18:00:00,18,2627.1,2.3
2024-12-30 19:00:00,19,1664.0,1.4
2024-12-30 20:00:00,20,844.6,5.3
2024-12-30 21:00:00,21,202.9,3.6
2024-12-30 22:00:00,22,,2.8
2024-12-30 23:00:00,23,,2.8
2024-12-31 00:00:00,0,,3.9
2024-12-31 01:00:00,1,,4.6
2024-12-31 02:00:00,2,,4.0
2024-12-31 03:00:00,3,,3.0
2024-12-31 04:00:00,4,,2.1
2024-12-31 05:00:00,5,,2.2
2024-12-31 06:00:00,6,,2.2
2024-12-31 07:00:00,7,,3.0
2024-12-31 08:00:00,8,,2.2
2024-12-31 09:00:00,9,88.2,2.1
2024-12-31 10:00:00,10,739.7,3.1
2024-12-31 11:00:00,11,1546.1,3.2
2024-12-31 12:00:00,12,2419.7,2.5
2024-12-31 13:00:00,13,3074.3,2.8
2024-12-31 14:00:00,14,3461.3,2.3
2024-12-31 15:00:00,15,3619.2,2.2
2024-12-31 16:00:00,16,3543.6,2.2
2024-12-31 17:00:00,17,3057.9,2.7
2024-12-31 18:00:00,18,2542.9,3.1
2024-12-31 19:00:00,19,1824.0,4.4
2024-12-31 20:00:00,20,932.8,4.6
2024-12-31 21:00:00,21,202.1,3.8
2024-12-31 22:00:00,22,,3.1
2024-12-31 23:00:00,23,,3.1
