datetime_utc,hora,rad_kJm2,vento_ms
2022-01-01 00:00:00,0,,
2022-01-01 01:00:00,1,,
2022-01-01 02:00:00,2,,
2022-01-01 03:00:00,3,,
2022-01-01 04:00:00,4,,
2022-01-01 05:00:00,5,,
2022-01-01 06:00:00,6,,
2022-01-01 07:00:00,7,,
2022-01-01 08:00:00,8,,
2022-01-01 09:00:00,9,,
2022-01-01 10:00:00,10,,
2022-01-01 11:00:00,11,,
2022-01-01 12:00:00,12,,
2022-01-01 13:00:00,13,,
2022-01-01 14:00:00,14,,
2022-01-01 15:00:00,15,,
2022-01-01 16:00:00,16,,
2022-01-01 17:00:00,17,,
2022-01-01 18:00:00,18,,
2022-01-01 19:00:00,19,,
2022-01-01 20:00:00,20,,
2022-01-01 21:00:00,21,,
2022-01-01 22:00:00,22,,
2022-01-01 23:00:00,23,,
2022-01-02 00:00:00,0,,
2022-01-02 01:00:00,1,,
2022-01-02 02:00:00,2,,
2022-01-02 03:00:00,3,,
2022-01-02 04:00:00,4,,
2022-01-02 05:00:00,5,,
2022-01-02 06:00:00,6,,
2022-01-02 07:00:00,7,,
2022-01-02 08:00:00,8,,
2022-01-02 09:00:00,9,,
2022-01-02 10:00:00,10,,
2022-01-02 11:00:00,11,,
2022-01-02 12:00:00,12,,
2022-01-02 13:00:00,13,,
2022-01-02 14:00:00,14,,
2022-01-02 15:00:00,15,,
2022-01-02 16:00:00,16,,
2022-01-02 17:00:00,17,,
2022-01-02 18:00:00,18,,
2022-01-02 19:00:00,19,,
2022-01-02 20:00:00,20,,
2022-01-02 21:00:00,21,,
2022-01-02 22:00:00,22,,
2022-01-02 23:00:00,23,,
2022-01-03 00:00:00,0,,
2022-01-03 01:00:00,1,,
2022-01-03 02:00:00,2,,
2022-01-03 03:00:00,3,,
2022-01-03 04:00:00,4,,
2022-01-03 05:00:00,5,,
2022-01-03 06:00:00,6,,
2022-01-03 07:00:00,7,,
2022-01-03 08:00:00,8,,
2022-01-03 09:00:00,9,,
2022-01-03 10:00:00,10,,
2022-01-03 11:00:00,11,,
2022-01-03 12:00:00,12,,
2022-01-03 13:00:00,13,,
2022-01-03 14:00:00,14,,
2022-01-03 15:00:00,15,,
2022-01-03 16:00:00,16,,
2022-01-03 17:00:00,17,,
2022-01-03 18:00:00,18,,
2022-01-03 19:00:00,19,,
2022-01-03 20:00:00,20,,
2022-01-03 21:00:00,21,,
2022-01-03 22:00:00,22,,
2022-01-03 23:00:00,23,,
2022-01-04 00:00:00,0,,
2022-01-04 01:00:00,1,,
2022-01-04 02:00:00,2,,
2022-01-04 03:00:00,3,,
2022-01-04 04:00:00,4,,
2022-01-04 05:00:00,5,,
2022-01-04 06:00:00,6,,
2022-01-04 07:00:00,7,,
2022-01-04 08:00:00,8,,
2022-01-04 09:00:00,9,,
2022-01-04 10:00:00,10,,
2022-01-04 11:00:00,11,,
2022-01-04 12:00:00,12,,
2022-01-04 13:00:00,13,,
2022-01-04 14:00:00,14,,
2022-01-04 15:00:00,15,,
2022-01-04 16:00:00,16,,
2022-01-04 17:00:00,17,,
2022-01-04 18:00:00,18,,
2022-01-04 19:00:00,19,,
2022-01-04 20:00:00,20,,
2022-01-04 21:00:00,21,,
2022-01-04 22:00:00,22,,
2022-01-04 23:00:00,23,,
2022-01-05 00:00:00,0,,
2022-01-05 01:00:00,1,,
2022-01-05 02:00:00,2,,
2022-01-05 03:00:00,3,,
2022-01-05 04:00:00,4,,
2022-01-05 05:00:00,5,,
2022-01-05 06:00:00,6,,
2022-01-05 07:00:00,7,,
2022-01-05 08:00:00,8,,
2022-01-05 09:00:00,9,,
2022-01-05 10:00:00,10,,
2022-01-05 11:00:00,11,,
2022-01-05 12:00:00,12,,
2022-01-05 13:00:00,13,,
2022-01-05 14:00:00,14,,
2022-01-05 15:00:00,15,,
2022-01-05 16:00:00,16,,
2022-01-05 17:00:00,17,,
2022-01-05 18:00:00,18,,
2022-01-05 19:00:00,19,,
2022-01-05 20:00:00,20,,
2022-01-05 21:00:00,21,,
2022-01-05 22:00:00,22,,
2022-01-05 23:00:00,23,,
2022-01-06 00:00:00,0,,
2022-01-06 01:00:00,1,,
2022-01-06 02:00:00,2,,
2022-01-06 03:00:00,3,,
2022-01-06 04:00:00,4,,
2022-01-06 05:00:00,5,,
2022-01-06 06:00:00,6,,
2022-01-06 07:00:00,7,,
2022-01-06 08:00:00,8,,
2022-01-06 09:00:00,9,,
2022-01-06 10:00:00,10,,
2022-01-06 11:00:00,11,,
2022-01-06 12:00:00,12,,
2022-01-06 13:00:00,13,,
2022-01-06 14:00:00,14,,
2022-01-06 15:00:00,15,,
2022-01-06 16:00:00,16,,
2022-01-06 17:00:00,17,,
2022-01-06 18:00:00,18,,
2022-01-06 19:00:00,19,,
2022-01-06 20:00:00,20,,
2022-01-06 21:00:00,21,,
2022-01-06 22:00:00,22,,
2022-01-06 23:00:00,23,,
2022-01-07 00:00:00,0,,
2022-01-07 01:00:00,1,,
2022-01-07 02:00:00,2,,
2022-01-07 03:00:00,3,,
2022-01-07 04:00:00,4,,
2022-01-07 05:00:00,5,,
2022-01-07 06:00:00,6,,
2022-01-07 07:00:00,7,,
2022-01-07 08:00:00,8,,
2022-01-07 09:00:00,9,,
2022-01-07 10:00:00,10,,
2022-01-07 11:00:00,11,,
2022-01-07 12:00:00,12,,
2022-01-07 13:00:00,13,,
2022-01-07 14:00:00,14,,
2022-01-07 15:00:00,15,,
2022-01-07 16:00:00,16,,
2022-01-07 17:00:00,17,,
2022-01-07 18:00:00,18,,
2022-01-07 19:00:00,19,,
2022-01-07 20:00:00,20,,
2022-01-07 21:00:00,21,,
2022-01-07 22:00:00,22,,
2022-01-07 23:00:00,23,,
2022-01-08 00:00:00,0,,
2022-01-08 01:00:00,1,,
2022-01-08 02:00:00,2,,
2022-01-08 03:00:00,3,,
2022-01-08 04:00:00,4,,
2022-01-08 05:00:00,5,,
2022-01-08 06:00:00,6,,
2022-01-08 07:00:00,7,,
2022-01-08 08:00:00,8,,
2022-01-08 09:00:00,9,,
2022-01-08 10:00:00,10,,
2022-01-08 11:00:00,11,,
2022-01-08 12:00:00,12,,
2022-01-08 13:00:00,13,,
2022-01-08 14:00:00,14,,
2022-01-08 15:00:00,15,,
2022-01-08 16:00:00,16,,
2022-01-08 17:00:00,17,,
2022-01-08 18:00:00,18,,
2022-01-08 19:00:00,19,,
2022-01-08 20:00:00,20,,
2022-01-08 21:00:00,21,,
2022-01-08 22:00:00,22,,
2022-01-08 23:00:00,23,,
2022-01-09 00:00:00,0,,
2022-01-09 01:00:00,1,,
2022-01-09 02:00:00,2,,
2022-01-09 03:00:00,3,,
2022-01-09 04:00:00,4,,
2022-01-09 05:00:00,5,,
2022-01-09 06:00:00,6,,
2022-01-09 07:00:00,7,,
2022-01-09 08:00:00,8,,
2022-01-09 09:00:00,9,,
2022-01-09 10:00:00,10,,
2022-01-09 11:00:00,11,,
2022-01-09 12:00:00,12,,
2022-01-09 13:00:00,13,,
2022-01-09 14:00:00,14,,
2022-01-09 15:00:00,15,,
2022-01-09 16:00:00,16,,
2022-01-09 17:00:00,17,,
2022-01-09 18:00:00,18,,
2022-01-09 19:00:00,19,,
2022-01-09 20:00:00,20,,
2022-01-09 21:00:00,21,,
2022-01-09 22:00:00,22,,
2022-01-09 23:00:00,23,,
2022-01-10 00:00:00,0,,
2022-01-10 01:00:00,1,,
2022-01-10 02:00:00,2,,
2022-01-10 03:00:00,3,,
2022-01-10 04:00:00,4,,
2022-01-10 05:00:00,5,,
2022-01-10 06:00:00,6,,
2022-01-10 07:00:00,7,,
2022-01-10 08:00:00,8,,
2022-01-10 09:00:00,9,,
2022-01-10 10:00:00,10,,
2022-01-10 11:00:00,11,,
2022-01-10 12:00:00,12,,
2022-01-10 13:00:00,13,,
2022-01-10 14:00:00,14,,
2022-01-10 15:00:00,15,,
2022-01-10 16:00:00,16,,
2022-01-10 17:00:00,17,,
2022-01-10 18:00:00,18,,
2022-01-10 19:00:00,19,,
2022-01-10 20:00:00,20,,
2022-01-10 21:00:00,21,,
2022-01-10 22:00:00,22,,
2022-01-10 23:00:00,23,,
2022-01-11 00:00:00,0,,
2022-01-11 01:00:00,1,,
2022-01-11 02:00:00,2,,
2022-01-11 03:00:00,3,,
2022-01-11 04:00:00,4,,
2022-01-11 05:00:00,5,,
2022-01-11 06:00:00,6,,
2022-01-11 07:00:00,7,,
2022-01-11 08:00:00,8,,
2022-01-11 09:00:00,9,,
2022-01-11 10:00:00,10,,
2022-01-11 11:00:00,11,,
2022-01-11 12:00:00,12,,
2022-01-11 13:00:00,13,,
2022-01-11 14:00:00,14,,
2022-01-11 15:00:00,15,,
2022-01-11 16:00:00,16,,
2022-01-11 17:00:00,17,,
2022-01-11 18:00:00,18,,
2022-01-11 19:00:00,19,,
2022-01-11 20:00:00,20,,
2022-01-11 21:00:00,21,,
2022-01-11 22:00:00,22,,
2022-01-11 23:00:00,23,,
2022-01-12 00:00:00,0,,
2022-01-12 01:00:00,1,,
2022-01-12 02:00:00,2,,
2022-01-12 03:00:00,3,,
2022-01-12 04:00:00,4,,
2022-01-12 05:00:00,5,,
2022-01-12 06:00:00,6,,
2022-01-12 07:00:00,7,,
2022-01-12 08:00:00,8,,
2022-01-12 09:00:00,9,,
2022-01-12 10:00:00,10,,
2022-01-12 11:00:00,11,,
2022-01-12 12:00:00,12,,
2022-01-12 13:00:00,13,,
2022-01-12 14:00:00,14,,
2022-01-12 15:00:00,15,,
2022-01-12 16:00:00,16,,
2022-01-12 17:00:00,17,,
2022-01-12 18:00:00,18,,
2022-01-12 19:00:00,19,,
2022-01-12 20:00:00,20,,
2022-01-12 21:00:00,21,,
2022-01-12 22:00:00,22,,
2022-01-12 23:00:00,23,,
2022-01-13 00:00:00,0,,
2022-01-13 01:00:00,1,,
2022-01-13 02:00:00,2,,
2022-01-13 03:00:00,3,,
2022-01-13 04:00:00,4,,
2022-01-13 05:00:00,5,,
2022-01-13 06:00:00,6,,
2022-01-13 07:00:00,7,,
2022-01-13 08:00:00,8,,
2022-01-13 09:00:00,9,,
2022-01-13 10:00:00,10,,
2022-01-13 11:00:00,11,,
2022-01-13 12:00:00,12,,
2022-01-13 13:00:00,13,,
2022-01-13 14:00:00,14,,
2022-01-13 15:00:00,15,,
2022-01-13 16:00:00,16,,
2022-01-13 17:00:00,17,,
2022-01-13 18:00:00,18,,
2022-01-13 19:00:00,19,,
2022-01-13 20:00:00,20,,
2022-01-13 21:00:00,21,,
2022-01-13 22:00:00,22,,
2022-01-13 23:00:00,23,,
2022-01-14 00:00:00,0,,
2022-01-14 01:00:00,1,,
2022-01-14 02:00:00,2,,
2022-01-14 03:00:00,3,,
2022-01-14 04:00:00,4,,
2022-01-14 05:00:00,5,,
2022-01-14 06:00:00,6,,
2022-01-14 07:00:00,7,,
2022-01-14 08:00:00,8,,
2022-01-14 09:00:00,9,,
2022-01-14 10:00:00,10,,
2022-01-14 11:00:00,11,,
2022-01-14 12:00:00,12,,
2022-01-14 13:00:00,13,,
2022-01-14 14:00:00,14,,
2022-01-14 15:00:00,15,,
2022-01-14 16:00:00,16,,
2022-01-14 17:00:00,17,,
2022-01-14 18:00:00,18,,
2022-01-14 19:00:00,19,,
2022-01-14 20:00:00,20,,
2022-01-14 21:00:00,21,,
2022-01-14 22:00:00,22,,
2022-01-14 23:00:00,23,,
2022-01-15 00:00:00,0,,
2022-01-15 01:00:00,1,,
2022-01-15 02:00:00,2,,
2022-01-15 03:00:00,3,,
2022-01-15 04:00:00,4,,
2022-01-15 05:00:00,5,,
2022-01-15 06:00:00,6,,
2022-01-15 07:00:00,7,,
2022-01-15 08:00:00,8,,
2022-01-15 09:00:00,9,,
2022-01-15 10:00:00,10,,
2022-01-15 11:00:00,11,,
2022-01-15 12:00:00,12,,
2022-01-15 13:00:00,13,,
2022-01-15 14:00:00,14,,
2022-01-15 15:00:00,15,,
2022-01-15 16:00:00,16,,
2022-01-15 17:00:00,17,,
2022-01-15 18:00:00,18,,
2022-01-15 19:00:00,19,,
2022-01-15 20:00:00,20,,
2022-01-15 21:00:00,21,,
2022-01-15 22:00:00,22,,
2022-01-15 23:00:00,23,,
2022-01-16 00:00:00,0,,
2022-01-16 01:00:00,1,,
2022-01-16 02:00:00,2,,
2022-01-16 03:00:00,3,,
2022-01-16 04:00:00,4,,
2022-01-16 05:00:00,5,,
2022-01-16 06:00:00,6,,
2022-01-16 07:00:00,7,,
2022-01-16 08:00:00,8,,
2022-01-16 09:00:00,9,,
2022-01-16 10:00:00,10,,
2022-01-16 11:00:00,11,,
2022-01-16 12:00:00,12,,
2022-01-16 13:00:00,13,,
2022-01-16 14:00:00,14,,
2022-01-16 15:00:00,15,,
2022-01-16 16:00:00,16,,
2022-01-16 17:00:00,17,,
2022-01-16 18:00:00,18,,
2022-01-16 19:00:00,19,,
2022-01-16 20:00:00,20,,
2022-01-16 21:00:00,21,,
2022-01-16 22:00:00,22,,
2022-01-16 23:00:00,23,,
2022-01-17 00:00:00,0,,
2022-01-17 01:00:00,1,,
2022-01-17 02:00:00,2,,
2022-01-17 03:00:00,3,,
2022-01-17 04:00:00,4,,
2022-01-17 05:00:00,5,,
2022-01-17 06:00:00,6,,
2022-01-17 07:00:00,7,,
2022-01-17 08:00:00,8,,
2022-01-17 09:00:00,9,,
2022-01-17 10:00:00,10,,
2022-01-17 11:00:00,11,,
2022-01-17 12:00:00,12,,
2022-01-17 13:00:00,13,,
2022-01-17 14:00:00,14,,
2022-01-17 15:00:00,15,,
2022-01-17 16:00:00,16,,
2022-01-17 17:00:00,17,,
2022-01-17 18:00:00,18,,
2022-01-17 19:00:00,19,,
2022-01-17 20:00:00,20,,
2022-01-17 21:00:00,21,,
2022-01-17 22:00:00,22,,
2022-01-17 23:00:00,23,,
2022-01-18 00:00:00,0,,
2022-01-18 01:00:00,1,,
2022-01-18 02:00:00,2,,
2022-01-18 03:00:00,3,,
2022-01-18 04:00:00,4,,
2022-01-18 05:00:00,5,,
2022-01-18 06:00:00,6,,
2022-01-18 07:00:00,7,,
2022-01-18 08:00:00,8,,
2022-01-18 09:00:00,9,,
2022-01-18 10:00:00,10,,
2022-01-18 11:00:00,11,,
2022-01-18 12:00:00,12,,
2022-01-18 13:00:00,13,,
2022-01-18 14:00:00,14,,
2022-01-18 15:00:00,15,,
2022-01-18 16:00:00,16,,
2022-01-18 17:00:00,17,,
2022-01-18 18:00:00,18,,
2022-01-18 19:00:00,19,,
2022-01-18 20:00:00,20,,
2022-01-18 21:00:00,21,,
2022-01-18 22:00:00,22,,
2022-01-18 23:00:00,23,,
2022-01-19 00:00:00,0,,
2022-01-19 01:00:00,1,,
2022-01-19 02:00:00,2,,
2022-01-19 03:00:00,3,,
2022-01-19 04:00:00,4,,
2022-01-19 05:00:00,5,,
2022-01-19 06:00:00,6,,
2022-01-19 07:00:00,7,,
2022-01-19 08:00:00,8,,
2022-01-19 09:00:00,9,,
2022-01-19 10:00:00,10,,
2022-01-19 11:00:00,11,,
2022-01-19 12:00:00,12,,
2022-01-19 13:00:00,13,,
2022-01-19 14:00:00,14,,
2022-01-19 15:00:00,15,,
2022-01-19 16:00:00,16,,
2022-01-19 17:00:00,17,,
2022-01-19 18:00:00,18,,
2022-01-19 19:00:00,19,,
2022-01-19 20:00:00,20,,
2022-01-19 21:00:00,21,,
2022-01-19 22:00:00,22,,
2022-01-19 23:00:00,23,,
2022-01-20 00:00:00,0,,
2022-01-20 01:00:00,1,,
2022-01-20 02:00:00,2,,
2022-01-20 03:00:00,3,,
2022-01-20 04:00:00,4,,
2022-01-20 05:00:00,5,,
2022-01-20 06:00:00,6,,
2022-01-20 07:00:00,7,,
2022-01-20 08:00:00,8,,
2022-01-20 09:00:00,9,,
2022-01-20 10:00:00,10,,
2022-01-20 11:00:00,11,,
2022-01-20 12:00:00,12,,
2022-01-20 13:00:00,13,,
2022-01-20 14:00:00,14,,
2022-01-20 15:00:00,15,,
2022-01-20 16:00:00,16,,
2022-01-20 17:00:00,17,,
2022-01-20 18:00:00,18,,
2022-01-20 19:00:00,19,,
2022-01-20 20:00:00,20,,
2022-01-20 21:00:00,21,,
2022-01-20 22:00:00,22,,
2022-01-20 23:00:00,23,,
2022-01-21 00:00:00,0,,
2022-01-21 01:00:00,1,,
2022-01-21 02:00:00,2,,
2022-01-21 03:00:00,3,,
2022-01-21 04:00:00,4,,
2022-01-21 05:00:00,5,,
2022-01-21 06:00:00,6,,
2022-01-21 07:00:00,7,,
2022-01-21 08:00:00,8,,
2022-01-21 09:00:00,9,,
2022-01-21 10:00:00,10,,
2022-01-21 11:00:00,11,,
2022-01-21 12:00:00,12,,
2022-01-21 13:00:00,13,,
2022-01-21 14:00:00,14,,
2022-01-21 15:00:00,15,,
2022-01-21 16:00:00,16,,
2022-01-21 17:00:00,17,,
2022-01-21 18:00:00,18,,
2022-01-21 19:00:00,19,,
2022-01-21 20:00:00,20,,
2022-01-21 21:00:00,21,,
2022-01-21 22:00:00,22,,
2022-01-21 23:00:00,23,,
2022-01-22 00:00:00,0,,
2022-01-22 01:00:00,1,,
2022-01-22 02:00:00,2,,
2022-01-22 03:00:00,3,,
2022-01-22 04:00:00,4,,
2022-01-22 05:00:00,5,,
2022-01-22 06:00:00,6,,
2022-01-22 07:00:00,7,,
2022-01-22 08:00:00,8,,
2022-01-22 09:00:00,9,,
2022-01-22 10:00:00,10,,
2022-01-22 11:00:00,11,,
2022-01-22 12:00:00,12,,
2022-01-22 13:00:00,13,,
2022-01-22 14:00:00,14,,
2022-01-22 15:00:00,15,,
2022-01-22 16:00:00,16,,
2022-01-22 17:00:00,17,,
2022-01-22 18:00:00,18,,
2022-01-22 19:00:00,19,,
2022-01-22 20:00:00,20,,
2022-01-22 21:00:00,21,,
2022-01-22 22:00:00,22,,
2022-01-22 23:00:00,23,,
2022-01-23 00:00:00,0,,
2022-01-23 01:00:00,1,,
2022-01-23 02:00:00,2,,
2022-01-23 03:00:00,3,,
2022-01-23 04:00:00,4,,
2022-01-23 05:00:00,5,,
2022-01-23 06:00:00,6,,
2022-01-23 07:00:00,7,,
2022-01-23 08:00:00,8,,
2022-01-23 09:00:00,9,,
2022-01-23 10:00:00,10,,
2022-01-23 11:00:00,11,,
2022-01-23 12:00:00,12,,
2022-01-23 13:00:00,13,,
2022-01-23 14:00:00,14,,
2022-01-23 15:00:00,15,,
2022-01-23 16:00:00,16,,
2022-01-23 17:00:00,17,,
2022-01-23 18:00:00,18,,
2022-01-23 19:00:00,19,,
2022-01-23 20:00:00,20,,
2022-01-23 21:00:00,21,,
2022-01-23 22:00:00,22,,
2022-01-23 23:00:00,23,,
2022-01-24 00:00:00,0,,
2022-01-24 01:00:00,1,,
2022-01-24 02:00:00,2,,
2022-01-24 03:00:00,3,,
2022-01-24 04:00:00,4,,
2022-01-24 05:00:00,5,,
2022-01-24 06:00:00,6,,
2022-01-24 07:00:00,7,,
2022-01-24 08:00:00,8,,
2022-01-24 09:00:00,9,,
2022-01-24 10:00:00,10,,
2022-01-24 11:00:00,11,,
2022-01-24 12:00:00,12,,
2022-01-24 13:00:00,13,,
2022-01-24 14:00:00,14,,
2022-01-24 15:00:00,15,,
2022-01-24 16:00:00,16,,
2022-01-24 17:00:00,17,,
2022-01-24 18:00:00,18,,
2022-01-24 19:00:00,19,,
2022-01-24 20:00:00,20,,
2022-01-24 21:00:00,21,,
2022-01-24 22:00:00,22,,
2022-01-24 23:00:00,23,,
2022-01-25 00:00:00,0,,
2022-01-25 01:00:00,1,,
2022-01-25 02:00:00,2,,
2022-01-25 03:00:00,3,,
2022-01-25 04:00:00,4,,
2022-01-25 05:00:00,5,,
2022-01-25 06:00:00,6,,
2022-01-25 07:00:00,7,,
2022-01-25 08:00:00,8,,
2022-01-25 09:00:00,9,,
2022-01-25 10:00:00,10,,
2022-01-25 11:00:00,11,,
2022-01-25 12:00:00,12,,
2022-01-25 13:00:00,13,,
2022-01-25 14:00:00,14,,
2022-01-25 15:00:00,15,,
2022-01-25 16:00:00,16,,
2022-01-25 17:00:00,17,,
2022-01-25 18:00:00,18,,
2022-01-25 19:00:00,19,,
2022-01-25 20:00:00,20,,
2022-01-25 21:00:00,21,,
2022-01-25 22:00:00,22,,
2022-01-25 23:00:00,23,,
2022-01-26 00:00:00,0,,
2022-01-26 01:00:00,1,,
2022-01-26 02:00:00,2,,
2022-01-26 03:00:00,3,,
2022-01-26 04:00:00,4,,
2022-01-26 05:00:00,5,,
2022-01-26 06:00:00,6,,
2022-01-26 07:00:00,7,,
2022-01-26 08:00:00,8,,
2022-01-26 09:00:00,9,,
2022-01-26 10:00:00,10,,
2022-01-26 11:00:00,11,,
2022-01-26 12:00:00,12,,
2022-01-26 13:00:00,13,,
2022-01-26 14:00:00,14,,
2022-01-26 15:00:00,15,,
2022-01-26 16:00:00,16,,
2022-01-26 17:00:00,17,,
2022-01-26 18:00:00,18,,
2022-01-26 19:00:00,19,,
2022-01-26 20:00:00,20,,
2022-01-26 21:00:00,21,,
2022-01-26 22:00:00,22,,
2022-01-26 23:00:00,23,,
2022-01-27 00:00:00,0,,
2022-01-27 01:00:00,1,,
2022-01-27 02:00:00,2,,
2022-01-27 03:00:00,3,,
2022-01-27 04:00:00,4,,
2022-01-27 05:00:00,5,,
2022-01-27 06:00:00,6,,
2022-01-27 07:00:00,7,,
2022-01-27 08:00:00,8,,
2022-01-27 09:00:00,9,,
2022-01-27 10:00:00,10,,
2022-01-27 11:00:00,11,,
2022-01-27 12:00:00,12,,
2022-01-27 13:00:00,13,,
2022-01-27 14:00:00,14,,
2022-01-27 15:00:00,15,,
2022-01-27 16:00:00,16,,
2022-01-27 17:00:00,17,,
2022-01-27 18:00:00,18,,
2022-01-27 19:00:00,19,,
2022-01-27 20:00:00,20,,
2022-01-27 21:00:00,21,,
2022-01-27 22:00:00,22,,
2022-01-27 23:00:00,23,,
2022-01-28 00:00:00,0,,
2022-01-28 01:00:00,1,,
2022-01-28 02:00:00,2,,
2022-01-28 03:00:00,3,,
2022-01-28 04:00:00,4,,
2022-01-28 05:00:00,5,,
2022-01-28 06:00:00,6,,
2022-01-28 07:00:00,7,,
2022-01-28 08:00:00,8,,
2022-01-28 09:00:00,9,,
2022-01-28 10:00:00,10,,
2022-01-28 11:00:00,11,,
2022-01-28 12:00:00,12,,
2022-01-28 13:00:00,13,,
2022-01-28 14:00:00,14,,
2022-01-28 15:00:00,15,,
2022-01-28 16:00:00,16,,
2022-01-28 17:00:00,17,,
2022-01-28 18:00:00,18,,
2022-01-28 19:00:00,19,,
2022-01-28 20:00:00,20,,
2022-01-28 21:00:00,21,,
2022-01-28 22:00:00,22,,
2022-01-28 23:00:00,23,,
2022-01-29 00:00:00,0,,
2022-01-29 01:00:00,1,,
2022-01-29 02:00:00,2,,
2022-01-29 03:00:00,3,,
2022-01-29 04:00:00,4,,
2022-01-29 05:00:00,5,,
2022-01-29 06:00:00,6,,
2022-01-29 07:00:00,7,,
2022-01-29 08:00:00,8,,
2022-01-29 09:00:00,9,,
2022-01-29 10:00:00,10,,
2022-01-29 11:00:00,11,,
2022-01-29 12:00:00,12,,
2022-01-29 13:00:00,13,,
2022-01-29 14:00:00,14,,
2022-01-29 15:00:00,15,,
2022-01-29 16:00:00,16,,
2022-01-29 17:00:00,17,,
2022-01-29 18:00:00,18,,
2022-01-29 19:00:00,19,,
2022-01-29 20:00:00,20,,
2022-01-29 21:00:00,21,,
2022-01-29 22:00:00,22,,
2022-01-29 23:00:00,23,,
2022-01-30 00:00:00,0,,
2022-01-30 01:00:00,1,,
2022-01-30 02:00:00,2,,
2022-01-30 03:00:00,3,,
2022-01-30 04:00:00,4,,
2022-01-30 05:00:00,5,,
2022-01-30 06:00:00,6,,
2022-01-30 07:00:00,7,,
2022-01-30 08:00:00,8,,
2022-01-30 09:00:00,9,,
2022-01-30 10:00:00,10,,
2022-01-30 11:00:00,11,,
2022-01-30 12:00:00,12,,
2022-01-30 13:00:00,13,,
2022-01-30 14:00:00,14,,
2022-01-30 15:00:00,15,,
2022-01-30 16:00:00,16,,
2022-01-30 17:00:00,17,,
2022-01-30 18:00:00,18,,
2022-01-30 19:00:00,19,,
2022-01-30 20:00:00,20,,
2022-01-30 21:00:00,21,,
2022-01-30 22:00:00,22,,
2022-01-30 23:00:00,23,,
2022-01-31 00:00:00,0,,
2022-01-31 01:00:00,1,,
2022-01-31 02:00:00,2,,
2022-01-31 03:00:00,3,,
2022-01-31 04:00:00,4,,
2022-01-31 05:00:00,5,,
2022-01-31 06:00:00,6,,
2022-01-31 07:00:00,7,,
2022-01-31 08:00:00,8,,
2022-01-31 09:00:00,9,,
2022-01-31 10:00:00,10,,
2022-01-31 11:00:00,11,,
2022-01-31 12:00:00,12,,
2022-01-31 13:00:00,13,,
2022-01-31 14:00:00,14,,
2022-01-31 15:00:00,15,,
2022-01-31 16:00:00,16,,
2022-01-31 17:00:00,17,,
2022-01-31 18:00:00,18,,
2022-01-31 19:00:00,19,,
2022-01-31 20:00:00,20,,
2022-01-31 21:00:00,21,,
2022-01-31 22:00:00,22,,
2022-01-31 23:00:00,23,,
2022-02-01 00:00:00,0,,
2022-02-01 01:00:00,1,,
2022-02-01 02:00:00,2,,
2022-02-01 03:00:00,3,,
2022-02-01 04:00:00,4,,
2022-02-01 05:00:00,5,,
2022-02-01 06:00:00,6,,
2022-02-01 07:00:00,7,,
2022-02-01 08:00:00,8,,
2022-02-01 09:00:00,9,,
2022-02-01 10:00:00,10,,
2022-02-01 11:00:00,11,,
2022-02-01 12:00:00,12,,
2022-02-01 13:00:00,13,,
2022-02-01 14:00:00,14,,
2022-02-01 15:00:00,15,,
2022-02-01 16:00:00,16,,
2022-02-01 17:00:00,17,,
2022-02-01 18:00:00,18,,
2022-02-01 19:00:00,19,,
2022-02-01 20:00:00,20,,
2022-02-01 21:00:00,21,,
2022-02-01 22:00:00,22,,
2022-02-01 23:00:00,23,,
2022-02-02 00:00:00,0,,
2022-02-02 01:00:00,1,,
2022-02-02 02:00:00,2,,
2022-02-02 03:00:00,3,,
2022-02-02 04:00:00,4,,
2022-02-02 05:00:00,5,,
2022-02-02 06:00:00,6,,
2022-02-02 07:00:00,7,,
2022-02-02 08:00:00,8,,
2022-02-02 09:00:00,9,,
2022-02-02 10:00:00,10,,
2022-02-02 11:00:00,11,,
2022-02-02 12:00:00,12,,
2022-02-02 13:00:00,13,,
2022-02-02 14:00:00,14,,
2022-02-02 15:00:00,15,,
2022-02-02 16:00:00,16,,
2022-02-02 17:00:00,17,,
2022-02-02 18:00:00,18,,
2022-02-02 19:00:00,19,,
2022-02-02 20:00:00,20,,
2022-02-02 21:00:00,21,,
2022-02-02 22:00:00,22,,
2022-02-02 23:00:00,23,,
2022-02-03 00:00:00,0,,
2022-02-03 01:00:00,1,,
2022-02-03 02:00:00,2,,
2022-02-03 03:00:00,3,,
2022-02-03 04:00:00,4,,
2022-02-03 05:00:00,5,,
2022-02-03 06:00:00,6,,
2022-02-03 07:00:00,7,,
2022-02-03 08:00:00,8,,
2022-02-03 09:00:00,9,,
2022-02-03 10:00:00,10,,
2022-02-03 11:00:00,11,,
2022-02-03 12:00:00,12,,
2022-02-03 13:00:00,13,,
2022-02-03 14:00:00,14,,
2022-02-03 15:00:00,15,,
2022-02-03 16:00:00,16,,
2022-02-03 17:00:00,17,,
2022-02-03 18:00:00,18,,
2022-02-03 19:00:00,19,,
2022-02-03 20:00:00,20,,
2022-02-03 21:00:00,21,,
2022-02-03 22:00:00,22,,
2022-02-03 23:00:00,23,,
2022-02-04 00:00:00,0,,
2022-02-04 01:00:00,1,,
2022-02-04 02:00:00,2,,
2022-02-04 03:00:00,3,,
2022-02-04 04:00:00,4,,
2022-02-04 05:00:00,5,,
2022-02-04 06:00:00,6,,
2022-02-04 07:00:00,7,,
2022-02-04 08:00:00,8,,
2022-02-04 09:00:00,9,,
2022-02-04 10:00:00,10,,
2022-02-04 11:00:00,11,,
2022-02-04 12:00:00,12,,
2022-02-04 13:00:00,13,,
2022-02-04 14:00:00,14,,
2022-02-04 15:00:00,15,,
2022-02-04 16:00:00,16,,
2022-02-04 17:00:00,17,,
2022-02-04 18:00:00,18,,
2022-02-04 19:00:00,19,,
2022-02-04 20:00:00,20,,
2022-02-04 21:00:00,21,,
2022-02-04 22:00:00,22,,
2022-02-04 23:00:00,23,,
2022-02-05 00:00:00,0,,
2022-02-05 01:00:00,1,,
2022-02-05 02:00:00,2,,
2022-02-05 03:00:00,3,,
2022-02-05 04:00:00,4,,
2022-02-05 05:00:00,5,,
2022-02-05 06:00:00,6,,
2022-02-05 07:00:00,7,,
2022-02-05 08:00:00,8,,
2022-02-05 09:00:00,9,,
2022-02-05 10:00:00,10,,
2022-02-05 11:00:00,11,,
2022-02-05 12:00:00,12,,
2022-02-05 13:00:00,13,,
2022-02-05 14:00:00,14,,
2022-02-05 15:00:00,15,,
2022-02-05 16:00:00,16,,
2022-02-05 17:00:00,17,,
2022-02-05 18:00:00,18,,
2022-02-05 19:00:00,19,,
2022-02-05 20:00:00,20,,
2022-02-05 21:00:00,21,,
2022-02-05 22:00:00,22,,
2022-02-05 23:00:00,23,,
2022-02-06 00:00:00,0,,
2022-02-06 01:00:00,1,,
2022-02-06 02:00:00,2,,
2022-02-06 03:00:00,3,,
2022-02-06 04:00:00,4,,
2022-02-06 05:00:00,5,,
2022-02-06 06:00:00,6,,
2022-02-06 07:00:00,7,,
2022-02-06 08:00:00,8,,
2022-02-06 09:00:00,9,,
2022-02-06 10:00:00,10,,
2022-02-06 11:00:00,11,,
2022-02-06 12:00:00,12,,
2022-02-06 13:00:00,13,,
2022-02-06 14:00:00,14,,
2022-02-06 15:00:00,15,,
2022-02-06 16:00:00,16,,
2022-02-06 17:00:00,17,,
2022-02-06 18:00:00,18,,
2022-02-06 19:00:00,19,,
2022-02-06 20:00:00,20,,
2022-02-06 21:00:00,21,,
2022-02-06 22:00:00,22,,
2022-02-06 23:00:00,23,,
2022-02-07 00:00:00,0,,
2022-02-07 01:00:00,1,,
2022-02-07 02:00:00,2,,
2022-02-07 03:00:00,3,,
2022-02-07 04:00:00,4,,
2022-02-07 05:00:00,5,,
2022-02-07 06:00:00,6,,
2022-02-07 07:00:00,7,,
2022-02-07 08:00:00,8,,
2022-02-07 09:00:00,9,,
2022-02-07 10:00:00,10,,
2022-02-07 11:00:00,11,,
2022-02-07 12:00:00,12,,
2022-02-07 13:00:00,13,,
2022-02-07 14:00:00,14,,
2022-02-07 15:00:00,15,,
2022-02-07 16:00:00,16,,
2022-02-07 17:00:00,17,,
2022-02-07 18:00:00,18,,
2022-02-07 19:00:00,19,,
2022-02-07 20:00:00,20,,
2022-02-07 21:00:00,21,,
2022-02-07 22:00:00,22,,
2022-02-07 23:00:00,23,,
2022-02-08 00:00:00,0,,
2022-02-08 01:00:00,1,,
2022-02-08 02:00:00,2,,
2022-02-08 03:00:00,3,,
2022-02-08 04:00:00,4,,
2022-02-08 05:00:00,5,,
2022-02-08 06:00:00,6,,
2022-02-08 07:00:00,7,,
2022-02-08 08:00:00,8,,
2022-02-08 09:00:00,9,,
2022-02-08 10:00:00,10,,
2022-02-08 11:00:00,11,,
2022-02-08 12:00:00,12,,
2022-02-08 13:00:00,13,,
2022-02-08 14:00:00,14,,
2022-02-08 15:00:00,15,,
2022-02-08 16:00:00,16,,
2022-02-08 17:00:00,17,,
2022-02-08 18:00:00,18,,
2022-02-08 19:00:00,19,,
2022-02-08 20:00:00,20,,
2022-02-08 21:00:00,21,,
2022-02-08 22:00:00,22,,
2022-02-08 23:00:00,23,,
2022-02-09 00:00:00,0,,
2022-02-09 01:00:00,1,,
2022-02-09 02:00:00,2,,
2022-02-09 03:00:00,3,,
2022-02-09 04:00:00,4,,
2022-02-09 05:00:00,5,,
2022-02-09 06:00:00,6,,
2022-02-09 07:00:00,7,,
2022-02-09 08:00:00,8,,
2022-02-09 09:00:00,9,,
2022-02-09 10:00:00,10,,
2022-02-09 11:00:00,11,,
2022-02-09 12:00:00,12,,
2022-02-09 13:00:00,13,,
2022-02-09 14:00:00,14,,
2022-02-09 15:00:00,15,,
2022-02-09 16:00:00,16,,
2022-02-09 17:00:00,17,,
2022-02-09 18:00:00,18,,
2022-02-09 19:00:00,19,,
2022-02-09 20:00:00,20,,
2022-02-09 21:00:00,21,,
2022-02-09 22:00:00,22,,
2022-02-09 23:00:00,23,,
2022-02-10 00:00:00,0,,
2022-02-10 01:00:00,1,,
2022-02-10 02:00:00,2,,
2022-02-10 03:00:00,3,,
2022-02-10 04:00:00,4,,
2022-02-10 05:00:00,5,,
2022-02-10 06:00:00,6,,
2022-02-10 07:00:00,7,,
2022-02-10 08:00:00,8,,
2022-02-10 09:00:00,9,,
2022-02-10 10:00:00,10,,
2022-02-10 11:00:00,11,,
2022-02-10 12:00:00,12,,
2022-02-10 13:00:00,13,,
2022-02-10 14:00:00,14,,
2022-02-10 15:00:00,15,,
2022-02-10 16:00:00,16,,
2022-02-10 17:00:00,17,,
2022-02-10 18:00:00,18,,
2022-02-10 19:00:00,19,,
2022-02-10 20:00:00,20,,
2022-02-10 21:00:00,21,,
2022-02-10 22:00:00,22,,
2022-02-10 23:00:00,23,,
2022-02-11 00:00:00,0,,
2022-02-11 01:00:00,1,,
2022-02-11 02:00:00,2,,
2022-02-11 03:00:00,3,,
2022-02-11 04:00:00,4,,
2022-02-11 05:00:00,5,,
2022-02-11 06:00:00,6,,
2022-02-11 07:00:00,7,,
2022-02-11 08:00:00,8,,
2022-02-11 09:00:00,9,,
2022-02-11 10:00:00,10,,
2022-02-11 11:00:00,11,,
2022-02-11 12:00:00,12,,
2022-02-11 13:00:00,13,,
2022-02-11 14:00:00,14,,
2022-02-11 15:00:00,15,,
2022-02-11 16:00:00,16,,
2022-02-11 17:00:00,17,,
2022-02-11 18:00:00,18,,
2022-02-11 19:00:00,19,,
2022-02-11 20:00:00,20,,
2022-02-11 21:00:00,21,,
2022-02-11 22:00:00,22,,
2022-02-11 23:00:00,23,,
2022-02-12 00:00:00,0,,
2022-02-12 01:00:00,1,,
2022-02-12 02:00:00,2,,
2022-02-12 03:00:00,3,,
2022-02-12 04:00:00,4,,
2022-02-12 05:00:00,5,,
2022-02-12 06:00:00,6,,
2022-02-12 07:00:00,7,,
2022-02-12 08:00:00,8,,
2022-02-12 09:00:00,9,,
2022-02-12 10:00:00,10,,
2022-02-12 11:00:00,11,,
2022-02-12 12:00:00,12,,
2022-02-12 13:00:00,13,,
2022-02-12 14:00:00,14,,
2022-02-12 15:00:00,15,,
2022-02-12 16:00:00,16,,
2022-02-12 17:00:00,17,,
2022-02-12 18:00:00,18,,
2022-02-12 19:00:00,19,,
2022-02-12 20:00:00,20,,
2022-02-12 21:00:00,21,,
2022-02-12 22:00:00,22,,
2022-02-12 23:00:00,23,,
2022-02-13 00:00:00,0,,
2022-02-13 01:00:00,1,,
2022-02-13 02:00:00,2,,
2022-02-13 03:00:00,3,,
2022-02-13 04:00:00,4,,
2022-02-13 05:00:00,5,,
2022-02-13 06:00:00,6,,
2022-02-13 07:00:00,7,,
2022-02-13 08:00:00,8,,
2022-02-13 09:00:00,9,,
2022-02-13 10:00:00,10,,
2022-02-13 11:00:00,11,,
2022-02-13 12:00:00,12,,
2022-02-13 13:00:00,13,,
2022-02-13 14:00:00,14,,
2022-02-13 15:00:00,15,,
2022-02-13 16:00:00,16,,
2022-02-13 17:00:00,17,,
2022-02-13 18:00:00,18,,
2022-02-13 19:00:00,19,,
2022-02-13 20:00:00,20,,
2022-02-13 21:00:00,21,,
2022-02-13 22:00:00,22,,
2022-02-13 23:00:00,23,,
2022-02-14 00:00:00,0,,
2022-02-14 01:00:00,1,,
2022-02-14 02:00:00,2,,
2022-02-14 03:00:00,3,,
2022-02-14 04:00:00,4,,
2022-02-14 05:00:00,5,,
2022-02-14 06:00:00,6,,
2022-02-14 07:00:00,7,,
2022-02-14 08:00:00,8,,
2022-02-14 09:00:00,9,,
2022-02-14 10:00:00,10,,
2022-02-14 11:00:00,11,,
2022-02-14 12:00:00,12,,
2022-02-14 13:00:00,13,,
2022-02-14 14:00:00,14,,
2022-02-14 15:00:00,15,,
2022-02-14 16:00:00,16,,
2022-02-14 17:00:00,17,,
2022-02-14 18:00:00,18,,
2022-02-14 19:00:00,19,,
2022-02-14 20:00:00,20,,
2022-02-14 21:00:00,21,,
2022-02-14 22:00:00,22,,
2022-02-14 23:00:00,23,,
2022-02-15 00:00:00,0,,
2022-02-15 01:00:00,1,,
2022-02-15 02:00:00,2,,
2022-02-15 03:00:00,3,,
2022-02-15 04:00:00,4,,
2022-02-15 05:00:00,5,,
2022-02-15 06:00:00,6,,
2022-02-15 07:00:00,7,,
2022-02-15 08:00:00,8,,
2022-02-15 09:00:00,9,,
2022-02-15 10:00:00,10,,
2022-02-15 11:00:00,11,,
2022-02-15 12:00:00,12,,
2022-02-15 13:00:00,13,,
2022-02-15 14:00:00,14,,
2022-02-15 15:00:00,15,,
2022-02-15 16:00:00,16,,
2022-02-15 17:00:00,17,,
2022-02-15 18:00:00,18,,
2022-02-15 19:00:00,19,,
2022-02-15 20:00:00,20,,
2022-02-15 21:00:00,21,,
2022-02-15 22:00:00,22,,
2022-02-15 23:00:00,23,,
2022-02-16 00:00:00,0,,
2022-02-16 01:00:00,1,,
2022-02-16 02:00:00,2,,
2022-02-16 03:00:00,3,,
2022-02-16 04:00:00,4,,
2022-02-16 05:00:00,5,,
2022-02-16 06:00:00,6,,
2022-02-16 07:00:00,7,,
2022-02-16 08:00:00,8,,
2022-02-16 09:00:00,9,,
2022-02-16 10:00:00,10,,
2022-02-16 11:00:00,11,,
2022-02-16 12:00:00,12,,
2022-02-16 13:00:00,13,,
2022-02-16 14:00:00,14,,
2022-02-16 15:00:00,15,,
2022-02-16 16:00:00,16,,
2022-02-16 17:00:00,17,,
2022-02-16 18:00:00,18,,
2022-02-16 19:00:00,19,,
2022-02-16 20:00:00,20,,
2022-02-16 21:00:00,21,,
2022-02-16 22:00:00,22,,
2022-02-16 23:00:00,23,,
2022-02-17 00:00:00,0,,
2022-02-17 01:00:00,1,,
2022-02-17 02:00:00,2,,
2022-02-17 03:00:00,3,,
2022-02-17 04:00:00,4,,
2022-02-17 05:00:00,5,,
2022-02-17 06:00:00,6,,
2022-02-17 07:00:00,7,,
2022-02-17 08:00:00,8,,
2022-02-17 09:00:00,9,,
2022-02-17 10:00:00,10,,
2022-02-17 11:00:00,11,,
2022-02-17 12:00:00,12,,
2022-02-17 13:00:00,13,,
2022-02-17 14:00:00,14,,
2022-02-17 15:00:00,15,,
2022-02-17 16:00:00,16,,
2022-02-17 17:00:00,17,,
2022-02-17 18:00:00,18,,
2022-02-17 19:00:00,19,,
2022-02-17 20:00:00,20,,
2022-02-17 21:00:00,21,,
2022-02-17 22:00:00,22,,
2022-02-17 23:00:00,23,,
2022-02-18 00:00:00,0,,
2022-02-18 01:00:00,1,,
2022-02-18 02:00:00,2,,
2022-02-18 03:00:00,3,,
2022-02-18 04:00:00,4,,
2022-02-18 05:00:00,5,,
2022-02-18 06:00:00,6,,
2022-02-18 07:00:00,7,,
2022-02-18 08:00:00,8,,
2022-02-18 09:00:00,9,,
2022-02-18 10:00:00,10,,
2022-02-18 11:00:00,11,,
2022-02-18 12:00:00,12,,
2022-02-18 13:00:00,13,,
2022-02-18 14:00:00,14,,
2022-02-18 15:00:00,15,,
2022-02-18 16:00:00,16,,
2022-02-18 17:00:00,17,,
2022-02-18 18:00:00,18,,
2022-02-18 19:00:00,19,,
2022-02-18 20:00:00,20,,
2022-02-18 21:00:00,21,,
2022-02-18 22:00:00,22,,
2022-02-18 23:00:00,23,,
2022-02-19 00:00:00,0,,
2022-02-19 01:00:00,1,,
2022-02-19 02:00:00,2,,
2022-02-19 03:00:00,3,,
2022-02-19 04:00:00,4,,
2022-02-19 05:00:00,5,,
2022-02-19 06:00:00,6,,
2022-02-19 07:00:00,7,,
2022-02-19 08:00:00,8,,
2022-02-19 09:00:00,9,,
2022-02-19 10:00:00,10,,
2022-02-19 11:00:00,11,,
2022-02-19 12:00:00,12,,
2022-02-19 13:00:00,13,,
2022-02-19 14:00:00,14,,
2022-02-19 15:00:00,15,,
2022-02-19 16:00:00,16,,
2022-02-19 17:00:00,17,,
2022-02-19 18:00:00,18,,
2022-02-19 19:00:00,19,,
2022-02-19 20:00:00,20,,
2022-02-19 21:00:00,21,,
2022-02-19 22:00:00,22,,
2022-02-19 23:00:00,23,,
2022-02-20 00:00:00,0,,
2022-02-20 01:00:00,1,,
2022-02-20 02:00:00,2,,
2022-02-20 03:00:00,3,,
2022-02-20 04:00:00,4,,
2022-02-20 05:00:00,5,,
2022-02-20 06:00:00,6,,
2022-02-20 07:00:00,7,,
2022-02-20 08:00:00,8,,
2022-02-20 09:00:00,9,,
2022-02-20 10:00:00,10,,
2022-02-20 11:00:00,11,,
2022-02-20 12:00:00,12,,
2022-02-20 13:00:00,13,,
2022-02-20 14:00:00,14,,
2022-02-20 15:00:00,15,,
2022-02-20 16:00:00,16,,
2022-02-20 17:00:00,17,,
2022-02-20 18:00:00,18,,
2022-02-20 19:00:00,19,,
2022-02-20 20:00:00,20,,
2022-02-20 21:00:00,21,,
2022-02-20 22:00:00,22,,
2022-02-20 23:00:00,23,,
2022-02-21 00:00:00,0,,
2022-02-21 01:00:00,1,,
2022-02-21 02:00:00,2,,
2022-02-21 03:00:00,3,,
2022-02-21 04:00:00,4,,
2022-02-21 05:00:00,5,,
2022-02-21 06:00:00,6,,
2022-02-21 07:00:00,7,,
2022-02-21 08:00:00,8,,
2022-02-21 09:00:00,9,,
2022-02-21 10:00:00,10,,
2022-02-21 11:00:00,11,,
2022-02-21 12:00:00,12,,
2022-02-21 13:00:00,13,,
2022-02-21 14:00:00,14,,
2022-02-21 15:00:00,15,,
2022-02-21 16:00:00,16,,
2022-02-21 17:00:00,17,,
2022-02-21 18:00:00,18,,
2022-02-21 19:00:00,19,,
2022-02-21 20:00:00,20,,
2022-02-21 21:00:00,21,,
2022-02-21 22:00:00,22,,
2022-02-21 23:00:00,23,,
2022-02-22 00:00:00,0,,
2022-02-22 01:00:00,1,,
2022-02-22 02:00:00,2,,
2022-02-22 03:00:00,3,,
2022-02-22 04:00:00,4,,
2022-02-22 05:00:00,5,,
2022-02-22 06:00:00,6,,
2022-02-22 07:00:00,7,,
2022-02-22 08:00:00,8,,
2022-02-22 09:00:00,9,,
2022-02-22 10:00:00,10,,
2022-02-22 11:00:00,11,,
2022-02-22 12:00:00,12,,
2022-02-22 13:00:00,13,,
2022-02-22 14:00:00,14,,
2022-02-22 15:00:00,15,,
2022-02-22 16:00:00,16,,
2022-02-22 17:00:00,17,,
2022-02-22 18:00:00,18,,
2022-02-22 19:00:00,19,,
2022-02-22 20:00:00,20,,
2022-02-22 21:00:00,21,,
2022-02-22 22:00:00,22,,
2022-02-22 23:00:00,23,,
2022-02-23 00:00:00,0,,
2022-02-23 01:00:00,1,,
2022-02-23 02:00:00,2,,
2022-02-23 03:00:00,3,,
2022-02-23 04:00:00,4,,
2022-02-23 05:00:00,5,,
2022-02-23 06:00:00,6,,
2022-02-23 07:00:00,7,,
2022-02-23 08:00:00,8,,
2022-02-23 09:00:00,9,,
2022-02-23 10:00:00,10,,
2022-02-23 11:00:00,11,,
2022-02-23 12:00:00,12,,
2022-02-23 13:00:00,13,,
2022-02-23 14:00:00,14,,
2022-02-23 15:00:00,15,,
2022-02-23 16:00:00,16,,
2022-02-23 17:00:00,17,,
2022-02-23 18:00:00,18,,
2022-02-23 19:00:00,19,,
2022-02-23 20:00:00,20,,
2022-02-23 21:00:00,21,,
2022-02-23 22:00:00,22,,
2022-02-23 23:00:00,23,,
2022-02-24 00:00:00,0,,
2022-02-24 01:00:00,1,,
2022-02-24 02:00:00,2,,
2022-02-24 03:00:00,3,,
2022-02-24 04:00:00,4,,
2022-02-24 05:00:00,5,,
2022-02-24 06:00:00,6,,
2022-02-24 07:00:00,7,,
2022-02-24 08:00:00,8,,
2022-02-24 09:00:00,9,,
2022-02-24 10:00:00,10,,
2022-02-24 11:00:00,11,,
2022-02-24 12:00:00,12,,
2022-02-24 13:00:00,13,,
2022-02-24 14:00:00,14,,
2022-02-24 15:00:00,15,,
2022-02-24 16:00:00,16,,
2022-02-24 17:00:00,17,,
2022-02-24 18:00:00,18,,
2022-02-24 19:00:00,19,,
2022-02-24 20:00:00,20,,
2022-02-24 21:00:00,21,,
2022-02-24 22:00:00,22,,
2022-02-24 23:00:00,23,,
2022-02-25 00:00:00,0,,
2022-02-25 01:00:00,1,,
2022-02-25 02:00:00,2,,
2022-02-25 03:00:00,3,,
2022-02-25 04:00:00,4,,
2022-02-25 05:00:00,5,,
2022-02-25 06:00:00,6,,
2022-02-25 07:00:00,7,,
2022-02-25 08:00:00,8,,
2022-02-25 09:00:00,9,,
2022-02-25 10:00:00,10,,
2022-02-25 11:00:00,11,,
2022-02-25 12:00:00,12,,
2022-02-25 13:00:00,13,,
2022-02-25 14:00:00,14,,
2022-02-25 15:00:00,15,,
2022-02-25 16:00:00,16,,
2022-02-25 17:00:00,17,,
2022-02-25 18:00:00,18,,
2022-02-25 19:00:00,19,,
2022-02-25 20:00:00,20,,
2022-02-25 21:00:00,21,,
2022-02-25 22:00:00,22,,
2022-02-25 23:00:00,23,,
2022-02-26 00:00:00,0,,
2022-02-26 01:00:00,1,,
2022-02-26 02:00:00,2,,
2022-02-26 03:00:00,3,,
2022-02-26 04:00:00,4,,
2022-02-26 05:00:00,5,,
2022-02-26 06:00:00,6,,
2022-02-26 07:00:00,7,,
2022-02-26 08:00:00,8,,
2022-02-26 09:00:00,9,,
2022-02-26 10:00:00,10,,
2022-02-26 11:00:00,11,,
2022-02-26 12:00:00,12,,
2022-02-26 13:00:00,13,,
2022-02-26 14:00:00,14,,
2022-02-26 15:00:00,15,,
2022-02-26 16:00:00,16,,
2022-02-26 17:00:00,17,,
2022-02-26 18:00:00,18,,
2022-02-26 19:00:00,19,,
2022-02-26 20:00:00,20,,
2022-02-26 21:00:00,21,,
2022-02-26 22:00:00,22,,
2022-02-26 23:00:00,23,,
2022-02-27 00:00:00,0,,
2022-02-27 01:00:00,1,,
2022-02-27 02:00:00,2,,
2022-02-27 03:00:00,3,,
2022-02-27 04:00:00,4,,
2022-02-27 05:00:00,5,,
2022-02-27 06:00:00,6,,
2022-02-27 07:00:00,7,,
2022-02-27 08:00:00,8,,
2022-02-27 09:00:00,9,,
2022-02-27 10:00:00,10,,
2022-02-27 11:00:00,11,,
2022-02-27 12:00:00,12,,
2022-02-27 13:00:00,13,,
2022-02-27 14:00:00,14,,
2022-02-27 15:00:00,15,,
2022-02-27 16:00:00,16,,
2022-02-27 17:00:00,17,,
2022-02-27 18:00:00,18,,
2022-02-27 19:00:00,19,,
2022-02-27 20:00:00,20,,
2022-02-27 21:00:00,21,,
2022-02-27 22:00:00,22,,
2022-02-27 23:00:00,23,,
2022-02-28 00:00:00,0,,
2022-02-28 01:00:00,1,,
2022-02-28 02:00:00,2,,
2022-02-28 03:00:00,3,,
2022-02-28 04:00:00,4,,
2022-02-28 05:00:00,5,,
2022-02-28 06:00:00,6,,
2022-02-28 07:00:00,7,,
2022-02-28 08:00:00,8,,
2022-02-28 09:00:00,9,,
2022-02-28 10:00:00,10,,
2022-02-28 11:00:00,11,,
2022-02-28 12:00:00,12,,
2022-02-28 13:00:00,13,,
2022-02-28 14:00:00,14,,
2022-02-28 15:00:00,15,,
2022-02-28 16:00:00,16,,
2022-02-28 17:00:00,17,,
2022-02-28 18:00:00,18,,
2022-02-28 19:00:00,19,,
2022-02-28 20:00:00,20,,
2022-02-28 21:00:00,21,,
2022-02-28 22:00:00,22,,
2022-02-28 23:00:00,23,,
2022-03-01 00:00:00,0,,
2022-03-01 01:00:00,1,,
2022-03-01 02:00:00,2,,
2022-03-01 03:00:00,3,,
2022-03-01 04:00:00,4,,
2022-03-01 05:00:00,5,,
2022-03-01 06:00:00,6,,
2022-03-01 07:00:00,7,,
2022-03-01 08:00:00,8,,
2022-03-01 09:00:00,9,,
2022-03-01 10:00:00,10,,
2022-03-01 11:00:00,11,,
2022-03-01 12:00:00,12,,
2022-03-01 13:00:00,13,,
2022-03-01 14:00:00,14,,
2022-03-01 15:00:00,15,,
2022-03-01 16:00:00,16,,
2022-03-01 17:00:00,17,,
2022-03-01 18:00:00,18,,
2022-03-01 19:00:00,19,,
2022-03-01 20:00:00,20,,
2022-03-01 21:00:00,21,,
2022-03-01 22:00:00,22,,
2022-03-01 23:00:00,23,,
2022-03-02 00:00:00,0,,
2022-03-02 01:00:00,1,,
2022-03-02 02:00:00,2,,
2022-03-02 03:00:00,3,,
2022-03-02 04:00:00,4,,
2022-03-02 05:00:00,5,,
2022-03-02 06:00:00,6,,
2022-03-02 07:00:00,7,,
2022-03-02 08:00:00,8,,
2022-03-02 09:00:00,9,,
2022-03-02 10:00:00,10,,
2022-03-02 11:00:00,11,,
2022-03-02 12:00:00,12,,
2022-03-02 13:00:00,13,,
2022-03-02 14:00:00,14,,
2022-03-02 15:00:00,15,,
2022-03-02 16:00:00,16,,
2022-03-02 17:00:00,17,,
2022-03-02 18:00:00,18,,
2022-03-02 19:00:00,19,,
2022-03-02 20:00:00,20,,
2022-03-02 21:00:00,21,,
2022-03-02 22:00:00,22,,
2022-03-02 23:00:00,23,,
2022-03-03 00:00:00,0,,
2022-03-03 01:00:00,1,,
2022-03-03 02:00:00,2,,
2022-03-03 03:00:00,3,,
2022-03-03 04:00:00,4,,
2022-03-03 05:00:00,5,,
2022-03-03 06:00:00,6,,
2022-03-03 07:00:00,7,,
2022-03-03 08:00:00,8,,
2022-03-03 09:00:00,9,,
2022-03-03 10:00:00,10,,
2022-03-03 11:00:00,11,,
2022-03-03 12:00:00,12,,
2022-03-03 13:00:00,13,,
2022-03-03 14:00:00,14,,
2022-03-03 15:00:00,15,,
2022-03-03 16:00:00,16,,
2022-03-03 17:00:00,17,,
2022-03-03 18:00:00,18,,
2022-03-03 19:00:00,19,,
2022-03-03 20:00:00,20,,
2022-03-03 21:00:00,21,,
2022-03-03 22:00:00,22,,
2022-03-03 23:00:00,23,,
2022-03-04 00:00:00,0,,
2022-03-04 01:00:00,1,,
2022-03-04 02:00:00,2,,
2022-03-04 03:00:00,3,,
2022-03-04 04:00:00,4,,
2022-03-04 05:00:00,5,,
2022-03-04 06:00:00,6,,
2022-03-04 07:00:00,7,,
2022-03-04 08:00:00,8,,
2022-03-04 09:00:00,9,,
2022-03-04 10:00:00,10,,
2022-03-04 11:00:00,11,,
2022-03-04 12:00:00,12,,
2022-03-04 13:00:00,13,,
2022-03-04 14:00:00,14,,
2022-03-04 15:00:00,15,,
2022-03-04 16:00:00,16,,
2022-03-04 17:00:00,17,,
2022-03-04 18:00:00,18,,
2022-03-04 19:00:00,19,,
2022-03-04 20:00:00,20,,
2022-03-04 21:00:00,21,,
2022-03-04 22:00:00,22,,
2022-03-04 23:00:00,23,,
2022-03-05 00:00:00,0,,
2022-03-05 01:00:00,1,,
2022-03-05 02:00:00,2,,
2022-03-05 03:00:00,3,,
2022-03-05 04:00:00,4,,
2022-03-05 05:00:00,5,,
2022-03-05 06:00:00,6,,
2022-03-05 07:00:00,7,,
2022-03-05 08:00:00,8,,
2022-03-05 09:00:00,9,,
2022-03-05 10:00:00,10,,
2022-03-05 11:00:00,11,,
2022-03-05 12:00:00,12,,
2022-03-05 13:00:00,13,,
2022-03-05 14:00:00,14,,
2022-03-05 15:00:00,15,,
2022-03-05 16:00:00,16,,
2022-03-05 17:00:00,17,,
2022-03-05 18:00:00,18,,
2022-03-05 19:00:00,19,,
2022-03-05 20:00:00,20,,
2022-03-05 21:00:00,21,,
2022-03-05 22:00:00,22,,
2022-03-05 23:00:00,23,,
2022-03-06 00:00:00,0,,
2022-03-06 01:00:00,1,,
2022-03-06 02:00:00,2,,
2022-03-06 03:00:00,3,,
2022-03-06 04:00:00,4,,
2022-03-06 05:00:00,5,,
2022-03-06 06:00:00,6,,
2022-03-06 07:00:00,7,,
2022-03-06 08:00:00,8,,
2022-03-06 09:00:00,9,,
2022-03-06 10:00:00,10,,
2022-03-06 11:00:00,11,,
2022-03-06 12:00:00,12,,
2022-03-06 13:00:00,13,,
2022-03-06 14:00:00,14,,
2022-03-06 15:00:00,15,,
2022-03-06 16:00:00,16,,
2022-03-06 17:00:00,17,,
2022-03-06 18:00:00,18,,
2022-03-06 19:00:00,19,,
2022-03-06 20:00:00,20,,
2022-03-06 21:00:00,21,,
2022-03-06 22:00:00,22,,
2022-03-06 23:00:00,23,,
2022-03-07 00:00:00,0,,
2022-03-07 01:00:00,1,,
2022-03-07 02:00:00,2,,
2022-03-07 03:00:00,3,,
2022-03-07 04:00:00,4,,
2022-03-07 05:00:00,5,,
2022-03-07 06:00:00,6,,
2022-03-07 07:00:00,7,,
2022-03-07 08:00:00,8,,
2022-03-07 09:00:00,9,,
2022-03-07 10:00:00,10,,
2022-03-07 11:00:00,11,,
2022-03-07 12:00:00,12,,
2022-03-07 13:00:00,13,,
2022-03-07 14:00:00,14,,
2022-03-07 15:00:00,15,,
2022-03-07 16:00:00,16,,
2022-03-07 17:00:00,17,,
2022-03-07 18:00:00,18,,
2022-03-07 19:00:00,19,,
2022-03-07 20:00:00,20,,
2022-03-07 21:00:00,21,,
2022-03-07 22:00:00,22,,
2022-03-07 23:00:00,23,,
2022-03-08 00:00:00,0,,
2022-03-08 01:00:00,1,,
2022-03-08 02:00:00,2,,
2022-03-08 03:00:00,3,,
2022-03-08 04:00:00,4,,
2022-03-08 05:00:00,5,,
2022-03-08 06:00:00,6,,
2022-03-08 07:00:00,7,,
2022-03-08 08:00:00,8,,
2022-03-08 09:00:00,9,,
2022-03-08 10:00:00,10,,
2022-03-08 11:00:00,11,,
2022-03-08 12:00:00,12,,
2022-03-08 13:00:00,13,,
2022-03-08 14:00:00,14,,
2022-03-08 15:00:00,15,,
2022-03-08 16:00:00,16,,
2022-03-08 17:00:00,17,,
2022-03-08 18:00:00,18,,
2022-03-08 19:00:00,19,,
2022-03-08 20:00:00,20,,
2022-03-08 21:00:00,21,,
2022-03-08 22:00:00,22,,
2022-03-08 23:00:00,23,,
2022-03-09 00:00:00,0,,
2022-03-09 01:00:00,1,,
2022-03-09 02:00:00,2,,
2022-03-09 03:00:00,3,,
2022-03-09 04:00:00,4,,
2022-03-09 05:00:00,5,,
2022-03-09 06:00:00,6,,
2022-03-09 07:00:00,7,,
2022-03-09 08:00:00,8,,
2022-03-09 09:00:00,9,,
2022-03-09 10:00:00,10,,
2022-03-09 11:00:00,11,,
2022-03-09 12:00:00,12,,
2022-03-09 13:00:00,13,,
2022-03-09 14:00:00,14,,
2022-03-09 15:00:00,15,,
2022-03-09 16:00:00,16,,
2022-03-09 17:00:00,17,,
2022-03-09 18:00:00,18,,
2022-03-09 19:00:00,19,,
2022-03-09 20:00:00,20,,
2022-03-09 21:00:00,21,,
2022-03-09 22:00:00,22,,
2022-03-09 23:00:00,23,,
2022-03-10 00:00:00,0,,
2022-03-10 01:00:00,1,,
2022-03-10 02:00:00,2,,
2022-03-10 03:00:00,3,,
2022-03-10 04:00:00,4,,
2022-03-10 05:00:00,5,,
2022-03-10 06:00:00,6,,
2022-03-10 07:00:00,7,,
2022-03-10 08:00:00,8,,
2022-03-10 09:00:00,9,,
2022-03-10 10:00:00,10,,
2022-03-10 11:00:00,11,,
2022-03-10 12:00:00,12,,
2022-03-10 13:00:00,13,,
2022-03-10 14:00:00,14,,
2022-03-10 15:00:00,15,,
2022-03-10 16:00:00,16,,
2022-03-10 17:00:00,17,,
2022-03-10 18:00:00,18,,
2022-03-10 19:00:00,19,,
2022-03-10 20:00:00,20,,
2022-03-10 21:00:00,21,,
2022-03-10 22:00:00,22,,
2022-03-10 23:00:00,23,,
2022-03-11 00:00:00,0,,
2022-03-11 01:00:00,1,,
2022-03-11 02:00:00,2,,
2022-03-11 03:00:00,3,,
2022-03-11 04:00:00,4,,
2022-03-11 05:00:00,5,,
2022-03-11 06:00:00,6,,
2022-03-11 07:00:00,7,,
2022-03-11 08:00:00,8,,
2022-03-11 09:00:00,9,,
2022-03-11 10:00:00,10,,
2022-03-11 11:00:00,11,,
2022-03-11 12:00:00,12,,
2022-03-11 13:00:00,13,,
2022-03-11 14:00:00,14,,
2022-03-11 15:00:00,15,,
2022-03-11 16:00:00,16,,
2022-03-11 17:00:00,17,,
2022-03-11 18:00:00,18,,
2022-03-11 19:00:00,19,,
2022-03-11 20:00:00,20,,
2022-03-11 21:00:00,21,,
2022-03-11 22:00:00,22,,
2022-03-11 23:00:00,23,,
2022-03-12 00:00:00,0,,
2022-03-12 01:00:00,1,,
2022-03-12 02:00:00,2,,
2022-03-12 03:00:00,3,,
2022-03-12 04:00:00,4,,
2022-03-12 05:00:00,5,,
2022-03-12 06:00:00,6,,
2022-03-12 07:00:00,7,,
2022-03-12 08:00:00,8,,
2022-03-12 09:00:00,9,,
2022-03-12 10:00:00,10,,
2022-03-12 11:00:00,11,,
2022-03-12 12:00:00,12,,
2022-03-12 13:00:00,13,,
2022-03-12 14:00:00,14,,
2022-03-12 15:00:00,15,,
2022-03-12 16:00:00,16,,
2022-03-12 17:00:00,17,,
2022-03-12 18:00:00,18,,
2022-03-12 19:00:00,19,,
2022-03-12 20:00:00,20,,
2022-03-12 21:00:00,21,,
2022-03-12 22:00:00,22,,
2022-03-12 23:00:00,23,,
2022-03-13 00:00:00,0,,
2022-03-13 01:00:00,1,,
2022-03-13 02:00:00,2,,
2022-03-13 03:00:00,3,,
2022-03-13 04:00:00,4,,
2022-03-13 05:00:00,5,,
2022-03-13 06:00:00,6,,
2022-03-13 07:00:00,7,,
2022-03-13 08:00:00,8,,
2022-03-13 09:00:00,9,,
2022-03-13 10:00:00,10,,
2022-03-13 11:00:00,11,,
2022-03-13 12:00:00,12,,
2022-03-13 13:00:00,13,,
2022-03-13 14:00:00,14,,
2022-03-13 15:00:00,15,,
2022-03-13 16:00:00,16,,
2022-03-13 17:00:00,17,,
2022-03-13 18:00:00,18,,
2022-03-13 19:00:00,19,,
2022-03-13 20:00:00,20,,
2022-03-13 21:00:00,21,,
2022-03-13 22:00:00,22,,
2022-03-13 23:00:00,23,,
2022-03-14 00:00:00,0,,
2022-03-14 01:00:00,1,,
2022-03-14 02:00:00,2,,
2022-03-14 03:00:00,3,,
2022-03-14 04:00:00,4,,
2022-03-14 05:00:00,5,,
2022-03-14 06:00:00,6,,
2022-03-14 07:00:00,7,,
2022-03-14 08:00:00,8,,
2022-03-14 09:00:00,9,,
2022-03-14 10:00:00,10,,
2022-03-14 11:00:00,11,,
2022-03-14 12:00:00,12,,
2022-03-14 13:00:00,13,,
2022-03-14 14:00:00,14,,
2022-03-14 15:00:00,15,,
2022-03-14 16:00:00,16,,
2022-03-14 17:00:00,17,,
2022-03-14 18:00:00,18,,
2022-03-14 19:00:00,19,,
2022-03-14 20:00:00,20,,
2022-03-14 21:00:00,21,,
2022-03-14 22:00:00,22,,
2022-03-14 23:00:00,23,,
2022-03-15 00:00:00,0,,
2022-03-15 01:00:00,1,,
2022-03-15 02:00:00,2,,
2022-03-15 03:00:00,3,,
2022-03-15 04:00:00,4,,
2022-03-15 05:00:00,5,,
2022-03-15 06:00:00,6,,
2022-03-15 07:00:00,7,,
2022-03-15 08:00:00,8,,
2022-03-15 09:00:00,9,,
2022-03-15 10:00:00,10,,
2022-03-15 11:00:00,11,,
2022-03-15 12:00:00,12,,
2022-03-15 13:00:00,13,,
2022-03-15 14:00:00,14,,
2022-03-15 15:00:00,15,,
2022-03-15 16:00:00,16,,
2022-03-15 17:00:00,17,,
2022-03-15 18:00:00,18,,
2022-03-15 19:00:00,19,,
2022-03-15 20:00:00,20,,
2022-03-15 21:00:00,21,,
2022-03-15 22:00:00,22,,
2022-03-15 23:00:00,23,,
2022-03-16 00:00:00,0,,
2022-03-16 01:00:00,1,,
2022-03-16 02:00:00,2,,
2022-03-16 03:00:00,3,,
2022-03-16 04:00:00,4,,
2022-03-16 05:00:00,5,,
2022-03-16 06:00:00,6,,
2022-03-16 07:00:00,7,,
2022-03-16 08:00:00,8,,
2022-03-16 09:00:00,9,,
2022-03-16 10:00:00,10,,
2022-03-16 11:00:00,11,,
2022-03-16 12:00:00,12,,
2022-03-16 13:00:00,13,,
2022-03-16 14:00:00,14,,
2022-03-16 15:00:00,15,,
2022-03-16 16:00:00,16,,
2022-03-16 17:00:00,17,,
2022-03-16 18:00:00,18,,
2022-03-16 19:00:00,19,,
2022-03-16 20:00:00,20,,
2022-03-16 21:00:00,21,,
2022-03-16 22:00:00,22,,
2022-03-16 23:00:00,23,,
2022-03-17 00:00:00,0,,
2022-03-17 01:00:00,1,,
2022-03-17 02:00:00,2,,
2022-03-17 03:00:00,3,,
2022-03-17 04:00:00,4,,
2022-03-17 05:00:00,5,,
2022-03-17 06:00:00,6,,
2022-03-17 07:00:00,7,,
2022-03-17 08:00:00,8,,
2022-03-17 09:00:00,9,,
2022-03-17 10:00:00,10,,
2022-03-17 11:00:00,11,,
2022-03-17 12:00:00,12,,
2022-03-17 13:00:00,13,,
2022-03-17 14:00:00,14,,
2022-03-17 15:00:00,15,,
2022-03-17 16:00:00,16,,
2022-03-17 17:00:00,17,,
2022-03-17 18:00:00,18,,
2022-03-17 19:00:00,19,,
2022-03-17 20:00:00,20,,
2022-03-17 21:00:00,21,,
2022-03-17 22:00:00,22,,
2022-03-17 23:00:00,23,,
2022-03-18 00:00:00,0,,
2022-03-18 01:00:00,1,,
2022-03-18 02:00:00,2,,
2022-03-18 03:00:00,3,,
2022-03-18 04:00:00,4,,
2022-03-18 05:00:00,5,,
2022-03-18 06:00:00,6,,
2022-03-18 07:00:00,7,,
2022-03-18 08:00:00,8,,
2022-03-18 09:00:00,9,,
2022-03-18 10:00:00,10,,
2022-03-18 11:00:00,11,,
2022-03-18 12:00:00,12,,
2022-03-18 13:00:00,13,,
2022-03-18 14:00:00,14,,
2022-03-18 15:00:00,15,,
2022-03-18 16:00:00,16,,
2022-03-18 17:00:00,17,,
2022-03-18 18:00:00,18,,
2022-03-18 19:00:00,19,,
2022-03-18 20:00:00,20,,
2022-03-18 21:00:00,21,,
2022-03-18 22:00:00,22,,
2022-03-18 23:00:00,23,,
2022-03-19 00:00:00,0,,
2022-03-19 01:00:00,1,,
2022-03-19 02:00:00,2,,
2022-03-19 03:00:00,3,,
2022-03-19 04:00:00,4,,
2022-03-19 05:00:00,5,,
2022-03-19 06:00:00,6,,
2022-03-19 07:00:00,7,,
2022-03-19 08:00:00,8,,
2022-03-19 09:00:00,9,,
2022-03-19 10:00:00,10,,
2022-03-19 11:00:00,11,,
2022-03-19 12:00:00,12,,
2022-03-19 13:00:00,13,,
2022-03-19 14:00:00,14,,
2022-03-19 15:00:00,15,,
2022-03-19 16:00:00,16,,
2022-03-19 17:00:00,17,,
2022-03-19 18:00:00,18,,
2022-03-19 19:00:00,19,,
2022-03-19 20:00:00,20,,
2022-03-19 21:00:00,21,,
2022-03-19 22:00:00,22,,
2022-03-19 23:00:00,23,,
2022-03-20 00:00:00,0,,
2022-03-20 01:00:00,1,,
2022-03-20 02:00:00,2,,
2022-03-20 03:00:00,3,,
2022-03-20 04:00:00,4,,
2022-03-20 05:00:00,5,,
2022-03-20 06:00:00,6,,
2022-03-20 07:00:00,7,,
2022-03-20 08:00:00,8,,
2022-03-20 09:00:00,9,,
2022-03-20 10:00:00,10,,
2022-03-20 11:00:00,11,,
2022-03-20 12:00:00,12,,
2022-03-20 13:00:00,13,,
2022-03-20 14:00:00,14,,
2022-03-20 15:00:00,15,,
2022-03-20 16:00:00,16,,
2022-03-20 17:00:00,17,,
2022-03-20 18:00:00,18,,
2022-03-20 19:00:00,19,,
2022-03-20 20:00:00,20,,
2022-03-20 21:00:00,21,,
2022-03-20 22:00:00,22,,
2022-03-20 23:00:00,23,,
2022-03-21 00:00:00,0,,
2022-03-21 01:00:00,1,,
2022-03-21 02:00:00,2,,
2022-03-21 03:00:00,3,,
2022-03-21 04:00:00,4,,
2022-03-21 05:00:00,5,,
2022-03-21 06:00:00,6,,
2022-03-21 07:00:00,7,,
2022-03-21 08:00:00,8,,
2022-03-21 09:00:00,9,,
2022-03-21 10:00:00,10,,
2022-03-21 11:00:00,11,,
2022-03-21 12:00:00,12,,
2022-03-21 13:00:00,13,,
2022-03-21 14:00:00,14,,
2022-03-21 15:00:00,15,,
2022-03-21 16:00:00,16,,
2022-03-21 17:00:00,17,,
2022-03-21 18:00:00,18,,
2022-03-21 19:00:00,19,,
2022-03-21 20:00:00,20,,
2022-03-21 21:00:00,21,,
2022-03-21 22:00:00,22,,
2022-03-21 23:00:00,23,,
2022-03-22 00:00:00,0,,
2022-03-22 01:00:00,1,,
2022-03-22 02:00:00,2,,
2022-03-22 03:00:00,3,,
2022-03-22 04:00:00,4,,
2022-03-22 05:00:00,5,,
2022-03-22 06:00:00,6,,
2022-03-22 07:00:00,7,,
2022-03-22 08:00:00,8,,
2022-03-22 09:00:00,9,,
2022-03-22 10:00:00,10,,
2022-03-22 11:00:00,11,,
2022-03-22 12:00:00,12,,
2022-03-22 13:00:00,13,,
2022-03-22 14:00:00,14,,
2022-03-22 15:00:00,15,,
2022-03-22 16:00:00,16,,
2022-03-22 17:00:00,17,,
2022-03-22 18:00:00,18,,
2022-03-22 19:00:00,19,,
2022-03-22 20:00:00,20,,
2022-03-22 21:00:00,21,,
2022-03-22 22:00:00,22,,
2022-03-22 23:00:00,23,,
2022-03-23 00:00:00,0,,
2022-03-23 01:00:00,1,,
2022-03-23 02:00:00,2,,
2022-03-23 03:00:00,3,,
2022-03-23 04:00:00,4,,
2022-03-23 05:00:00,5,,
2022-03-23 06:00:00,6,,
2022-03-23 07:00:00,7,,
2022-03-23 08:00:00,8,,
2022-03-23 09:00:00,9,,
2022-03-23 10:00:00,10,,
2022-03-23 11:00:00,11,,
2022-03-23 12:00:00,12,,
2022-03-23 13:00:00,13,,
2022-03-23 14:00:00,14,,
2022-03-23 15:00:00,15,,
2022-03-23 16:00:00,16,,
2022-03-23 17:00:00,17,,
2022-03-23 18:00:00,18,,
2022-03-23 19:00:00,19,,
2022-03-23 20:00:00,20,,
2022-03-23 21:00:00,21,,
2022-03-23 22:00:00,22,,
2022-03-23 23:00:00,23,,
2022-03-24 00:00:00,0,,
2022-03-24 01:00:00,1,,
2022-03-24 02:00:00,2,,
2022-03-24 03:00:00,3,,
2022-03-24 04:00:00,4,,
2022-03-24 05:00:00,5,,
2022-03-24 06:00:00,6,,
2022-03-24 07:00:00,7,,
2022-03-24 08:00:00,8,,
2022-03-24 09:00:00,9,,
2022-03-24 10:00:00,10,,
2022-03-24 11:00:00,11,,
2022-03-24 12:00:00,12,,
2022-03-24 13:00:00,13,,
2022-03-24 14:00:00,14,,
2022-03-24 15:00:00,15,,
2022-03-24 16:00:00,16,,
2022-03-24 17:00:00,17,,
2022-03-24 18:00:00,18,,
2022-03-24 19:00:00,19,,
2022-03-24 20:00:00,20,,
2022-03-24 21:00:00,21,,
2022-03-24 22:00:00,22,,
2022-03-24 23:00:00,23,,
2022-03-25 00:00:00,0,,
2022-03-25 01:00:00,1,,
2022-03-25 02:00:00,2,,
2022-03-25 03:00:00,3,,
2022-03-25 04:00:00,4,,
2022-03-25 05:00:00,5,,
2022-03-25 06:00:00,6,,
2022-03-25 07:00:00,7,,
2022-03-25 08:00:00,8,,
2022-03-25 09:00:00,9,,
2022-03-25 10:00:00,10,,
2022-03-25 11:00:00,11,,
2022-03-25 12:00:00,12,,
2022-03-25 13:00:00,13,,
2022-03-25 14:00:00,14,,
2022-03-25 15:00:00,15,,
2022-03-25 16:00:00,16,,
2022-03-25 17:00:00,17,,
2022-03-25 18:00:00,18,,
2022-03-25 19:00:00,19,,
2022-03-25 20:00:00,20,,
2022-03-25 21:00:00,21,,
2022-03-25 22:00:00,22,,
2022-03-25 23:00:00,23,,
2022-03-26 00:00:00,0,,
2022-03-26 01:00:00,1,,
2022-03-26 02:00:00,2,,
2022-03-26 03:00:00,3,,
2022-03-26 04:00:00,4,,
2022-03-26 05:00:00,5,,
2022-03-26 06:00:00,6,,
2022-03-26 07:00:00,7,,
2022-03-26 08:00:00,8,,
2022-03-26 09:00:00,9,,
2022-03-26 10:00:00,10,,
2022-03-26 11:00:00,11,,
2022-03-26 12:00:00,12,,
2022-03-26 13:00:00,13,,
2022-03-26 14:00:00,14,,
2022-03-26 15:00:00,15,,
2022-03-26 16:00:00,16,,
2022-03-26 17:00:00,17,,
2022-03-26 18:00:00,18,,
2022-03-26 19:00:00,19,,
2022-03-26 20:00:00,20,,
2022-03-26 21:00:00,21,,
2022-03-26 22:00:00,22,,
2022-03-26 23:00:00,23,,
2022-03-27 00:00:00,0,,
2022-03-27 01:00:00,1,,
2022-03-27 02:00:00,2,,
2022-03-27 03:00:00,3,,
2022-03-27 04:00:00,4,,
2022-03-27 05:00:00,5,,
2022-03-27 06:00:00,6,,
2022-03-27 07:00:00,7,,
2022-03-27 08:00:00,8,,
2022-03-27 09:00:00,9,,
2022-03-27 10:00:00,10,,
2022-03-27 11:00:00,11,,
2022-03-27 12:00:00,12,,
2022-03-27 13:00:00,13,,
2022-03-27 14:00:00,14,,
2022-03-27 15:00:00,15,,
2022-03-27 16:00:00,16,,
2022-03-27 17:00:00,17,,
2022-03-27 18:00:00,18,,
2022-03-27 19:00:00,19,,
2022-03-27 20:00:00,20,,
2022-03-27 21:00:00,21,,
2022-03-27 22:00:00,22,,
2022-03-27 23:00:00,23,,
2022-03-28 00:00:00,0,,
2022-03-28 01:00:00,1,,
2022-03-28 02:00:00,2,,
2022-03-28 03:00:00,3,,
2022-03-28 04:00:00,4,,
2022-03-28 05:00:00,5,,
2022-03-28 06:00:00,6,,
2022-03-28 07:00:00,7,,
2022-03-28 08:00:00,8,,
2022-03-28 09:00:00,9,,
2022-03-28 10:00:00,10,,
2022-03-28 11:00:00,11,,
2022-03-28 12:00:00,12,,
2022-03-28 13:00:00,13,,
2022-03-28 14:00:00,14,,
2022-03-28 15:00:00,15,,
2022-03-28 16:00:00,16,,
2022-03-28 17:00:00,17,,
2022-03-28 18:00:00,18,,
2022-03-28 19:00:00,19,,
2022-03-28 20:00:00,20,,
2022-03-28 21:00:00,21,,
2022-03-28 22:00:00,22,,
2022-03-28 23:00:00,23,,
2022-03-29 00:00:00,0,,
2022-03-29 01:00:00,1,,
2022-03-29 02:00:00,2,,
2022-03-29 03:00:00,3,,
2022-03-29 04:00:00,4,,
2022-03-29 05:00:00,5,,
2022-03-29 06:00:00,6,,
2022-03-29 07:00:00,7,,
2022-03-29 08:00:00,8,,
2022-03-29 09:00:00,9,,
2022-03-29 10:00:00,10,,
2022-03-29 11:00:00,11,,
2022-03-29 12:00:00,12,,
2022-03-29 13:00:00,13,,
2022-03-29 14:00:00,14,,
2022-03-29 15:00:00,15,,
2022-03-29 16:00:00,16,,
2022-03-29 17:00:00,17,,
2022-03-29 18:00:00,18,,
2022-03-29 19:00:00,19,,
2022-03-29 20:00:00,20,,
2022-03-29 21:00:00,21,,
2022-03-29 22:00:00,22,,
2022-03-29 23:00:00,23,,
2022-03-30 00:00:00,0,,
2022-03-30 01:00:00,1,,
2022-03-30 02:00:00,2,,
2022-03-30 03:00:00,3,,
2022-03-30 04:00:00,4,,
2022-03-30 05:00:00,5,,
2022-03-30 06:00:00,6,,
2022-03-30 07:00:00,7,,
2022-03-30 08:00:00,8,,
2022-03-30 09:00:00,9,,
2022-03-30 10:00:00,10,,
2022-03-30 11:00:00,11,,
2022-03-30 12:00:00,12,,
2022-03-30 13:00:00,13,,
2022-03-30 14:00:00,14,,
2022-03-30 15:00:00,15,,
2022-03-30 16:00:00,16,,
2022-03-30 17:00:00,17,,
2022-03-30 18:00:00,18,,
2022-03-30 19:00:00,19,,
2022-03-30 20:00:00,20,,
2022-03-30 21:00:00,21,,
2022-03-30 22:00:00,22,,
2022-03-30 23:00:00,23,,
2022-03-31 00:00:00,0,,
2022-03-31 01:00:00,1,,
2022-03-31 02:00:00,2,,
2022-03-31 03:00:00,3,,
2022-03-31 04:00:00,4,,
2022-03-31 05:00:00,5,,
2022-03-31 06:00:00,6,,
2022-03-31 07:00:00,7,,
2022-03-31 08:00:00,8,,
2022-03-31 09:00:00,9,,
2022-03-31 10:00:00,10,,
2022-03-31 11:00:00,11,,
2022-03-31 12:00:00,12,,
2022-03-31 13:00:00,13,,
2022-03-31 14:00:00,14,,
2022-03-31 15:00:00,15,,
2022-03-31 16:00:00,16,,
2022-03-31 17:00:00,17,,
2022-03-31 18:00:00,18,,
2022-03-31 19:00:00,19,,
2022-03-31 20:00:00,20,,
2022-03-31 21:00:00,21,,
2022-03-31 22:00:00,22,,
2022-03-31 23:00:00,23,,
2022-04-01 00:00:00,0,,
2022-04-01 01:00:00,1,,
2022-04-01 02:00:00,2,,
2022-04-01 03:00:00,3,,
2022-04-01 04:00:00,4,,
2022-04-01 05:00:00,5,,
2022-04-01 06:00:00,6,,
2022-04-01 07:00:00,7,,
2022-04-01 08:00:00,8,,
2022-04-01 09:00:00,9,,
2022-04-01 10:00:00,10,,
2022-04-01 11:00:00,11,,
2022-04-01 12:00:00,12,,
2022-04-01 13:00:00,13,,
2022-04-01 14:00:00,14,,
2022-04-01 15:00:00,15,,
2022-04-01 16:00:00,16,,
2022-04-01 17:00:00,17,,
2022-04-01 18:00:00,18,,
2022-04-01 19:00:00,19,,
2022-04-01 20:00:00,20,,
2022-04-01 21:00:00,21,,
2022-04-01 22:00:00,22,,
2022-04-01 23:00:00,23,,
2022-04-02 00:00:00,0,,
2022-04-02 01:00:00,1,,
2022-04-02 02:00:00,2,,
2022-04-02 03:00:00,3,,
2022-04-02 04:00:00,4,,
2022-04-02 05:00:00,5,,
2022-04-02 06:00:00,6,,
2022-04-02 07:00:00,7,,
2022-04-02 08:00:00,8,,
2022-04-02 09:00:00,9,,
2022-04-02 10:00:00,10,,
2022-04-02 11:00:00,11,,
2022-04-02 12:00:00,12,,
2022-04-02 13:00:00,13,,
2022-04-02 14:00:00,14,,
2022-04-02 15:00:00,15,,
2022-04-02 16:00:00,16,,
2022-04-02 17:00:00,17,,
2022-04-02 18:00:00,18,,
2022-04-02 19:00:00,19,,
2022-04-02 20:00:00,20,,
2022-04-02 21:00:00,21,,
2022-04-02 22:00:00,22,,
2022-04-02 23:00:00,23,,
2022-04-03 00:00:00,0,,
2022-04-03 01:00:00,1,,
2022-04-03 02:00:00,2,,
2022-04-03 03:00:00,3,,
2022-04-03 04:00:00,4,,
2022-04-03 05:00:00,5,,
2022-04-03 06:00:00,6,,
2022-04-03 07:00:00,7,,
2022-04-03 08:00:00,8,,
2022-04-03 09:00:00,9,,
2022-04-03 10:00:00,10,,
2022-04-03 11:00:00,11,,
2022-04-03 12:00:00,12,,
2022-04-03 13:00:00,13,,
2022-04-03 14:00:00,14,,
2022-04-03 15:00:00,15,,
2022-04-03 16:00:00,16,,
2022-04-03 17:00:00,17,,
2022-04-03 18:00:00,18,,
2022-04-03 19:00:00,19,,
2022-04-03 20:00:00,20,,
2022-04-03 21:00:00,21,,
2022-04-03 22:00:00,22,,
2022-04-03 23:00:00,23,,
2022-04-04 00:00:00,0,,
2022-04-04 01:00:00,1,,
2022-04-04 02:00:00,2,,
2022-04-04 03:00:00,3,,
2022-04-04 04:00:00,4,,
2022-04-04 05:00:00,5,,
2022-04-04 06:00:00,6,,
2022-04-04 07:00:00,7,,
2022-04-04 08:00:00,8,,
2022-04-04 09:00:00,9,,
2022-04-04 10:00:00,10,,
2022-04-04 11:00:00,11,,
2022-04-04 12:00:00,12,,
2022-04-04 13:00:00,13,,
2022-04-04 14:00:00,14,,
2022-04-04 15:00:00,15,,
2022-04-04 16:00:00,16,,
2022-04-04 17:00:00,17,,
2022-04-04 18:00:00,18,,
2022-04-04 19:00:00,19,,
2022-04-04 20:00:00,20,,
2022-04-04 21:00:00,21,,
2022-04-04 22:00:00,22,,
2022-04-04 23:00:00,23,,
2022-04-05 00:00:00,0,,
2022-04-05 01:00:00,1,,
2022-04-05 02:00:00,2,,
2022-04-05 03:00:00,3,,
2022-04-05 04:00:00,4,,
2022-04-05 05:00:00,5,,
2022-04-05 06:00:00,6,,
2022-04-05 07:00:00,7,,
2022-04-05 08:00:00,8,,
2022-04-05 09:00:00,9,,
2022-04-05 10:00:00,10,,
2022-04-05 11:00:00,11,,
2022-04-05 12:00:00,12,,
2022-04-05 13:00:00,13,,
2022-04-05 14:00:00,14,,
2022-04-05 15:00:00,15,,
2022-04-05 16:00:00,16,,
2022-04-05 17:00:00,17,,
2022-04-05 18:00:00,18,,
2022-04-05 19:00:00,19,,
2022-04-05 20:00:00,20,,
2022-04-05 21:00:00,21,,
2022-04-05 22:00:00,22,,
2022-04-05 23:00:00,23,,
2022-04-06 00:00:00,0,,
2022-04-06 01:00:00,1,,
2022-04-06 02:00:00,2,,
2022-04-06 03:00:00,3,,
2022-04-06 04:00:00,4,,
2022-04-06 05:00:00,5,,
2022-04-06 06:00:00,6,,
2022-04-06 07:00:00,7,,
2022-04-06 08:00:00,8,,
2022-04-06 09:00:00,9,,
2022-04-06 10:00:00,10,,
2022-04-06 11:00:00,11,,
2022-04-06 12:00:00,12,,
2022-04-06 13:00:00,13,,
2022-04-06 14:00:00,14,,
2022-04-06 15:00:00,15,,
2022-04-06 16:00:00,16,,
2022-04-06 17:00:00,17,,
2022-04-06 18:00:00,18,,
2022-04-06 19:00:00,19,,
2022-04-06 20:00:00,20,,
2022-04-06 21:00:00,21,,
2022-04-06 22:00:00,22,,
2022-04-06 23:00:00,23,,
2022-04-07 00:00:00,0,,
2022-04-07 01:00:00,1,,
2022-04-07 02:00:00,2,,
2022-04-07 03:00:00,3,,
2022-04-07 04:00:00,4,,
2022-04-07 05:00:00,5,,
2022-04-07 06:00:00,6,,
2022-04-07 07:00:00,7,,
2022-04-07 08:00:00,8,,
2022-04-07 09:00:00,9,,
2022-04-07 10:00:00,10,,
2022-04-07 11:00:00,11,,
2022-04-07 12:00:00,12,,
2022-04-07 13:00:00,13,,
2022-04-07 14:00:00,14,,
2022-04-07 15:00:00,15,,
2022-04-07 16:00:00,16,,
2022-04-07 17:00:00,17,,
2022-04-07 18:00:00,18,,
2022-04-07 19:00:00,19,,
2022-04-07 20:00:00,20,,
2022-04-07 21:00:00,21,,
2022-04-07 22:00:00,22,,
2022-04-07 23:00:00,23,,
2022-04-08 00:00:00,0,,
2022-04-08 01:00:00,1,,
2022-04-08 02:00:00,2,,
2022-04-08 03:00:00,3,,
2022-04-08 04:00:00,4,,
2022-04-08 05:00:00,5,,
2022-04-08 06:00:00,6,,
2022-04-08 07:00:00,7,,
2022-04-08 08:00:00,8,,
2022-04-08 09:00:00,9,,
2022-04-08 10:00:00,10,,
2022-04-08 11:00:00,11,,
2022-04-08 12:00:00,12,,
2022-04-08 13:00:00,13,,
2022-04-08 14:00:00,14,,
2022-04-08 15:00:00,15,,
2022-04-08 16:00:00,16,,
2022-04-08 17:00:00,17,,
2022-04-08 18:00:00,18,,
2022-04-08 19:00:00,19,,
2022-04-08 20:00:00,20,,
2022-04-08 21:00:00,21,,
2022-04-08 22:00:00,22,,
2022-04-08 23:00:00,23,,
2022-04-09 00:00:00,0,,
2022-04-09 01:00:00,1,,
2022-04-09 02:00:00,2,,
2022-04-09 03:00:00,3,,
2022-04-09 04:00:00,4,,
2022-04-09 05:00:00,5,,
2022-04-09 06:00:00,6,,
2022-04-09 07:00:00,7,,
2022-04-09 08:00:00,8,,
2022-04-09 09:00:00,9,,
2022-04-09 10:00:00,10,,
2022-04-09 11:00:00,11,,
2022-04-09 12:00:00,12,,
2022-04-09 13:00:00,13,,
2022-04-09 14:00:00,14,,
2022-04-09 15:00:00,15,,
2022-04-09 16:00:00,16,,
2022-04-09 17:00:00,17,,
2022-04-09 18:00:00,18,,
2022-04-09 19:00:00,19,,
2022-04-09 20:00:00,20,,
2022-04-09 21:00:00,21,,
2022-04-09 22:00:00,22,,
2022-04-09 23:00:00,23,,
2022-04-10 00:00:00,0,,
2022-04-10 01:00:00,1,,
2022-04-10 02:00:00,2,,
2022-04-10 03:00:00,3,,
2022-04-10 04:00:00,4,,
2022-04-10 05:00:00,5,,
2022-04-10 06:00:00,6,,
2022-04-10 07:00:00,7,,
2022-04-10 08:00:00,8,,
2022-04-10 09:00:00,9,,
2022-04-10 10:00:00,10,,
2022-04-10 11:00:00,11,,
2022-04-10 12:00:00,12,,
2022-04-10 13:00:00,13,,
2022-04-10 14:00:00,14,,
2022-04-10 15:00:00,15,,
2022-04-10 16:00:00,16,,
2022-04-10 17:00:00,17,,
2022-04-10 18:00:00,18,,
2022-04-10 19:00:00,19,,
2022-04-10 20:00:00,20,,
2022-04-10 21:00:00,21,,
2022-04-10 22:00:00,22,,
2022-04-10 23:00:00,23,,
2022-04-11 00:00:00,0,,
2022-04-11 01:00:00,1,,
2022-04-11 02:00:00,2,,
2022-04-11 03:00:00,3,,
2022-04-11 04:00:00,4,,
2022-04-11 05:00:00,5,,
2022-04-11 06:00:00,6,,
2022-04-11 07:00:00,7,,
2022-04-11 08:00:00,8,,
2022-04-11 09:00:00,9,,
2022-04-11 10:00:00,10,,
2022-04-11 11:00:00,11,,
2022-04-11 12:00:00,12,,
2022-04-11 13:00:00,13,,
2022-04-11 14:00:00,14,,
2022-04-11 15:00:00,15,,
2022-04-11 16:00:00,16,,
2022-04-11 17:00:00,17,,
2022-04-11 18:00:00,18,,
2022-04-11 19:00:00,19,,
2022-04-11 20:00:00,20,,
2022-04-11 21:00:00,21,,
2022-04-11 22:00:00,22,,
2022-04-11 23:00:00,23,,
2022-04-12 00:00:00,0,,
2022-04-12 01:00:00,1,,
2022-04-12 02:00:00,2,,
2022-04-12 03:00:00,3,,
2022-04-12 04:00:00,4,,
2022-04-12 05:00:00,5,,
2022-04-12 06:00:00,6,,
2022-04-12 07:00:00,7,,
2022-04-12 08:00:00,8,,
2022-04-12 09:00:00,9,,
2022-04-12 10:00:00,10,,
2022-04-12 11:00:00,11,,
2022-04-12 12:00:00,12,,
2022-04-12 13:00:00,13,,
2022-04-12 14:00:00,14,,
2022-04-12 15:00:00,15,,
2022-04-12 16:00:00,16,,
2022-04-12 17:00:00,17,,
2022-04-12 18:00:00,18,,
2022-04-12 19:00:00,19,,
2022-04-12 20:00:00,20,,
2022-04-12 21:00:00,21,,
2022-04-12 22:00:00,22,,
2022-04-12 23:00:00,23,,
2022-04-13 00:00:00,0,,
2022-04-13 01:00:00,1,,
2022-04-13 02:00:00,2,,
2022-04-13 03:00:00,3,,
2022-04-13 04:00:00,4,,
2022-04-13 05:00:00,5,,
2022-04-13 06:00:00,6,,
2022-04-13 07:00:00,7,,
2022-04-13 08:00:00,8,,
2022-04-13 09:00:00,9,,
2022-04-13 10:00:00,10,,
2022-04-13 11:00:00,11,,
2022-04-13 12:00:00,12,,
2022-04-13 13:00:00,13,,
2022-04-13 14:00:00,14,,
2022-04-13 15:00:00,15,,
2022-04-13 16:00:00,16,,
2022-04-13 17:00:00,17,,
2022-04-13 18:00:00,18,,
2022-04-13 19:00:00,19,,
2022-04-13 20:00:00,20,,
2022-04-13 21:00:00,21,,
2022-04-13 22:00:00,22,,
2022-04-13 23:00:00,23,,
2022-04-14 00:00:00,0,,
2022-04-14 01:00:00,1,,
2022-04-14 02:00:00,2,,
2022-04-14 03:00:00,3,,
2022-04-14 04:00:00,4,,
2022-04-14 05:00:00,5,,
2022-04-14 06:00:00,6,,
2022-04-14 07:00:00,7,,
2022-04-14 08:00:00,8,,
2022-04-14 09:00:00,9,,
2022-04-14 10:00:00,10,,
2022-04-14 11:00:00,11,,
2022-04-14 12:00:00,12,,
2022-04-14 13:00:00,13,,
2022-04-14 14:00:00,14,,
2022-04-14 15:00:00,15,,
2022-04-14 16:00:00,16,,
2022-04-14 17:00:00,17,,
2022-04-14 18:00:00,18,,
2022-04-14 19:00:00,19,,
2022-04-14 20:00:00,20,,
2022-04-14 21:00:00,21,,
2022-04-14 22:00:00,22,,
2022-04-14 23:00:00,23,,
2022-04-15 00:00:00,0,,
2022-04-15 01:00:00,1,,
2022-04-15 02:00:00,2,,
2022-04-15 03:00:00,3,,
2022-04-15 04:00:00,4,,
2022-04-15 05:00:00,5,,
2022-04-15 06:00:00,6,,
2022-04-15 07:00:00,7,,
2022-04-15 08:00:00,8,,
2022-04-15 09:00:00,9,,
2022-04-15 10:00:00,10,,
2022-04-15 11:00:00,11,,
2022-04-15 12:00:00,12,,
2022-04-15 13:00:00,13,,
2022-04-15 14:00:00,14,,
2022-04-15 15:00:00,15,,
2022-04-15 16:00:00,16,,
2022-04-15 17:00:00,17,,
2022-04-15 18:00:00,18,,
2022-04-15 19:00:00,19,,
2022-04-15 20:00:00,20,,
2022-04-15 21:00:00,21,,
2022-04-15 22:00:00,22,,
2022-04-15 23:00:00,23,,
2022-04-16 00:00:00,0,,
2022-04-16 01:00:00,1,,
2022-04-16 02:00:00,2,,
2022-04-16 03:00:00,3,,
2022-04-16 04:00:00,4,,
2022-04-16 05:00:00,5,,
2022-04-16 06:00:00,6,,
2022-04-16 07:00:00,7,,
2022-04-16 08:00:00,8,,
2022-04-16 09:00:00,9,,
2022-04-16 10:00:00,10,,
2022-04-16 11:00:00,11,,
2022-04-16 12:00:00,12,,
2022-04-16 13:00:00,13,,
2022-04-16 14:00:00,14,,
2022-04-16 15:00:00,15,,
2022-04-16 16:00:00,16,,
2022-04-16 17:00:00,17,,
2022-04-16 18:00:00,18,,
2022-04-16 19:00:00,19,,
2022-04-16 20:00:00,20,,
2022-04-16 21:00:00,21,,
2022-04-16 22:00:00,22,,
2022-04-16 23:00:00,23,,
2022-04-17 00:00:00,0,,
2022-04-17 01:00:00,1,,
2022-04-17 02:00:00,2,,
2022-04-17 03:00:00,3,,
2022-04-17 04:00:00,4,,
2022-04-17 05:00:00,5,,
2022-04-17 06:00:00,6,,
2022-04-17 07:00:00,7,,
2022-04-17 08:00:00,8,,
2022-04-17 09:00:00,9,,
2022-04-17 10:00:00,10,,
2022-04-17 11:00:00,11,,
2022-04-17 12:00:00,12,,
2022-04-17 13:00:00,13,,
2022-04-17 14:00:00,14,,
2022-04-17 15:00:00,15,,
2022-04-17 16:00:00,16,,
2022-04-17 17:00:00,17,,
2022-04-17 18:00:00,18,,
2022-04-17 19:00:00,19,,
2022-04-17 20:00:00,20,,
2022-04-17 21:00:00,21,,
2022-04-17 22:00:00,22,,
2022-04-17 23:00:00,23,,
2022-04-18 00:00:00,0,,
2022-04-18 01:00:00,1,,
2022-04-18 02:00:00,2,,
2022-04-18 03:00:00,3,,
2022-04-18 04:00:00,4,,
2022-04-18 05:00:00,5,,
2022-04-18 06:00:00,6,,
2022-04-18 07:00:00,7,,
2022-04-18 08:00:00,8,,
2022-04-18 09:00:00,9,,
2022-04-18 10:00:00,10,,
2022-04-18 11:00:00,11,,
2022-04-18 12:00:00,12,,
2022-04-18 13:00:00,13,,
2022-04-18 14:00:00,14,,
2022-04-18 15:00:00,15,,
2022-04-18 16:00:00,16,,
2022-04-18 17:00:00,17,,
2022-04-18 18:00:00,18,,
2022-04-18 19:00:00,19,,
2022-04-18 20:00:00,20,,
2022-04-18 21:00:00,21,,
2022-04-18 22:00:00,22,,
2022-04-18 23:00:00,23,,
2022-04-19 00:00:00,0,,
2022-04-19 01:00:00,1,,
2022-04-19 02:00:00,2,,
2022-04-19 03:00:00,3,,
2022-04-19 04:00:00,4,,
2022-04-19 05:00:00,5,,
2022-04-19 06:00:00,6,,
2022-04-19 07:00:00,7,,
2022-04-19 08:00:00,8,,
2022-04-19 09:00:00,9,,
2022-04-19 10:00:00,10,,
2022-04-19 11:00:00,11,,
2022-04-19 12:00:00,12,,
2022-04-19 13:00:00,13,,
2022-04-19 14:00:00,14,,
2022-04-19 15:00:00,15,,
2022-04-19 16:00:00,16,,
2022-04-19 17:00:00,17,,
2022-04-19 18:00:00,18,,
2022-04-19 19:00:00,19,,
2022-04-19 20:00:00,20,,
2022-04-19 21:00:00,21,,
2022-04-19 22:00:00,22,,
2022-04-19 23:00:00,23,,
2022-04-20 00:00:00,0,,
2022-04-20 01:00:00,1,,
2022-04-20 02:00:00,2,,
2022-04-20 03:00:00,3,,
2022-04-20 04:00:00,4,,
2022-04-20 05:00:00,5,,
2022-04-20 06:00:00,6,,
2022-04-20 07:00:00,7,,
2022-04-20 08:00:00,8,,
2022-04-20 09:00:00,9,,
2022-04-20 10:00:00,10,,
2022-04-20 11:00:00,11,,
2022-04-20 12:00:00,12,,
2022-04-20 13:00:00,13,,
2022-04-20 14:00:00,14,,
2022-04-20 15:00:00,15,,
2022-04-20 16:00:00,16,,
2022-04-20 17:00:00,17,,
2022-04-20 18:00:00,18,,
2022-04-20 19:00:00,19,,
2022-04-20 20:00:00,20,,
2022-04-20 21:00:00,21,,
2022-04-20 22:00:00,22,,
2022-04-20 23:00:00,23,,
2022-04-21 00:00:00,0,,
2022-04-21 01:00:00,1,,
2022-04-21 02:00:00,2,,
2022-04-21 03:00:00,3,,
2022-04-21 04:00:00,4,,
2022-04-21 05:00:00,5,,
2022-04-21 06:00:00,6,,
2022-04-21 07:00:00,7,,
2022-04-21 08:00:00,8,,
2022-04-21 09:00:00,9,,
2022-04-21 10:00:00,10,,
2022-04-21 11:00:00,11,,
2022-04-21 12:00:00,12,,
2022-04-21 13:00:00,13,,
2022-04-21 14:00:00,14,,
2022-04-21 15:00:00,15,,
2022-04-21 16:00:00,16,,
2022-04-21 17:00:00,17,,
2022-04-21 18:00:00,18,,
2022-04-21 19:00:00,19,,
2022-04-21 20:00:00,20,,
2022-04-21 21:00:00,21,,
2022-04-21 22:00:00,22,,
2022-04-21 23:00:00,23,,
2022-04-22 00:00:00,0,,
2022-04-22 01:00:00,1,,
2022-04-22 02:00:00,2,,
2022-04-22 03:00:00,3,,
2022-04-22 04:00:00,4,,
2022-04-22 05:00:00,5,,
2022-04-22 06:00:00,6,,
2022-04-22 07:00:00,7,,
2022-04-22 08:00:00,8,,
2022-04-22 09:00:00,9,,
2022-04-22 10:00:00,10,,
2022-04-22 11:00:00,11,,
2022-04-22 12:00:00,12,,
2022-04-22 13:00:00,13,,
2022-04-22 14:00:00,14,,
2022-04-22 15:00:00,15,,
2022-04-22 16:00:00,16,,
2022-04-22 17:00:00,17,,
2022-04-22 18:00:00,18,,
2022-04-22 19:00:00,19,,
2022-04-22 20:00:00,20,,
2022-04-22 21:00:00,21,,
2022-04-22 22:00:00,22,,
2022-04-22 23:00:00,23,,
2022-04-23 00:00:00,0,,
2022-04-23 01:00:00,1,,
2022-04-23 02:00:00,2,,
2022-04-23 03:00:00,3,,
2022-04-23 04:00:00,4,,
2022-04-23 05:00:00,5,,
2022-04-23 06:00:00,6,,
2022-04-23 07:00:00,7,,
2022-04-23 08:00:00,8,,
2022-04-23 09:00:00,9,,
2022-04-23 10:00:00,10,,
2022-04-23 11:00:00,11,,
2022-04-23 12:00:00,12,,
2022-04-23 13:00:00,13,,
2022-04-23 14:00:00,14,,
2022-04-23 15:00:00,15,,
2022-04-23 16:00:00,16,,
2022-04-23 17:00:00,17,,
2022-04-23 18:00:00,18,,
2022-04-23 19:00:00,19,,
2022-04-23 20:00:00,20,,
2022-04-23 21:00:00,21,,
2022-04-23 22:00:00,22,,
2022-04-23 23:00:00,23,,
2022-04-24 00:00:00,0,,
2022-04-24 01:00:00,1,,
2022-04-24 02:00:00,2,,
2022-04-24 03:00:00,3,,
2022-04-24 04:00:00,4,,
2022-04-24 05:00:00,5,,
2022-04-24 06:00:00,6,,
2022-04-24 07:00:00,7,,
2022-04-24 08:00:00,8,,
2022-04-24 09:00:00,9,,
2022-04-24 10:00:00,10,,
2022-04-24 11:00:00,11,,
2022-04-24 12:00:00,12,,
2022-04-24 13:00:00,13,,
2022-04-24 14:00:00,14,,
2022-04-24 15:00:00,15,,
2022-04-24 16:00:00,16,,
2022-04-24 17:00:00,17,,
2022-04-24 18:00:00,18,,
2022-04-24 19:00:00,19,,
2022-04-24 20:00:00,20,,
2022-04-24 21:00:00,21,,
2022-04-24 22:00:00,22,,
2022-04-24 23:00:00,23,,
2022-04-25 00:00:00,0,,
2022-04-25 01:00:00,1,,
2022-04-25 02:00:00,2,,
2022-04-25 03:00:00,3,,
2022-04-25 04:00:00,4,,
2022-04-25 05:00:00,5,,
2022-04-25 06:00:00,6,,
2022-04-25 07:00:00,7,,
2022-04-25 08:00:00,8,,
2022-04-25 09:00:00,9,,
2022-04-25 10:00:00,10,,
2022-04-25 11:00:00,11,,
2022-04-25 12:00:00,12,,
2022-04-25 13:00:00,13,,
2022-04-25 14:00:00,14,,
2022-04-25 15:00:00,15,,
2022-04-25 16:00:00,16,,
2022-04-25 17:00:00,17,,
2022-04-25 18:00:00,18,,
2022-04-25 19:00:00,19,,
2022-04-25 20:00:00,20,,
2022-04-25 21:00:00,21,,
2022-04-25 22:00:00,22,,
2022-04-25 23:00:00,23,,
2022-04-26 00:00:00,0,,
2022-04-26 01:00:00,1,,
2022-04-26 02:00:00,2,,
2022-04-26 03:00:00,3,,
2022-04-26 04:00:00,4,,
2022-04-26 05:00:00,5,,
2022-04-26 06:00:00,6,,
2022-04-26 07:00:00,7,,
2022-04-26 08:00:00,8,,
2022-04-26 09:00:00,9,,
2022-04-26 10:00:00,10,,
2022-04-26 11:00:00,11,,
2022-04-26 12:00:00,12,,
2022-04-26 13:00:00,13,,
2022-04-26 14:00:00,14,,
2022-04-26 15:00:00,15,,
2022-04-26 16:00:00,16,,
2022-04-26 17:00:00,17,,
2022-04-26 18:00:00,18,,
2022-04-26 19:00:00,19,,
2022-04-26 20:00:00,20,,
2022-04-26 21:00:00,21,,
2022-04-26 22:00:00,22,,
2022-04-26 23:00:00,23,,
2022-04-27 00:00:00,0,,
2022-04-27 01:00:00,1,,
2022-04-27 02:00:00,2,,
2022-04-27 03:00:00,3,,
2022-04-27 04:00:00,4,,
2022-04-27 05:00:00,5,,
2022-04-27 06:00:00,6,,
2022-04-27 07:00:00,7,,
2022-04-27 08:00:00,8,,
2022-04-27 09:00:00,9,,
2022-04-27 10:00:00,10,,
2022-04-27 11:00:00,11,,
2022-04-27 12:00:00,12,,
2022-04-27 13:00:00,13,,
2022-04-27 14:00:00,14,,
2022-04-27 15:00:00,15,,
2022-04-27 16:00:00,16,,
2022-04-27 17:00:00,17,,
2022-04-27 18:00:00,18,,
2022-04-27 19:00:00,19,,
2022-04-27 20:00:00,20,,
2022-04-27 21:00:00,21,,
2022-04-27 22:00:00,22,,
2022-04-27 23:00:00,23,,
2022-04-28 00:00:00,0,,
2022-04-28 01:00:00,1,,
2022-04-28 02:00:00,2,,
2022-04-28 03:00:00,3,,
2022-04-28 04:00:00,4,,
2022-04-28 05:00:00,5,,
2022-04-28 06:00:00,6,,
2022-04-28 07:00:00,7,,
2022-04-28 08:00:00,8,,
2022-04-28 09:00:00,9,,
2022-04-28 10:00:00,10,,
2022-04-28 11:00:00,11,,
2022-04-28 12:00:00,12,,
2022-04-28 13:00:00,13,,
2022-04-28 14:00:00,14,,
2022-04-28 15:00:00,15,,
2022-04-28 16:00:00,16,,
2022-04-28 17:00:00,17,,
2022-04-28 18:00:00,18,,
2022-04-28 19:00:00,19,,
2022-04-28 20:00:00,20,,
2022-04-28 21:00:00,21,,
2022-04-28 22:00:00,22,,
2022-04-28 23:00:00,23,,
2022-04-29 00:00:00,0,,
2022-04-29 01:00:00,1,,
2022-04-29 02:00:00,2,,
2022-04-29 03:00:00,3,,
2022-04-29 04:00:00,4,,
2022-04-29 05:00:00,5,,
2022-04-29 06:00:00,6,,
2022-04-29 07:00:00,7,,
2022-04-29 08:00:00,8,,
2022-04-29 09:00:00,9,,
2022-04-29 10:00:00,10,,
2022-04-29 11:00:00,11,,
2022-04-29 12:00:00,12,,
2022-04-29 13:00:00,13,,
2022-04-29 14:00:00,14,,
2022-04-29 15:00:00,15,,
2022-04-29 16:00:00,16,,
2022-04-29 17:00:00,17,,
2022-04-29 18:00:00,18,,
2022-04-29 19:00:00,19,,
2022-04-29 20:00:00,20,,
2022-04-29 21:00:00,21,,
2022-04-29 22:00:00,22,,
2022-04-29 23:00:00,23,,
2022-04-30 00:00:00,0,,
2022-04-30 01:00:00,1,,
2022-04-30 02:00:00,2,,
2022-04-30 03:00:00,3,,
2022-04-30 04:00:00,4,,
2022-04-30 05:00:00,5,,
2022-04-30 06:00:00,6,,
2022-04-30 07:00:00,7,,
2022-04-30 08:00:00,8,,
2022-04-30 09:00:00,9,,
2022-04-30 10:00:00,10,,
2022-04-30 11:00:00,11,,
2022-04-30 12:00:00,12,,
2022-04-30 13:00:00,13,,
2022-04-30 14:00:00,14,,
2022-04-30 15:00:00,15,,
2022-04-30 16:00:00,16,,
2022-04-30 17:00:00,17,,
2022-04-30 18:00:00,18,,
2022-04-30 19:00:00,19,,
2022-04-30 20:00:00,20,,
2022-04-30 21:00:00,21,,
2022-04-30 22:00:00,22,,
2022-04-30 23:00:00,23,,
2022-05-01 00:00:00,0,,
2022-05-01 01:00:00,1,,
2022-05-01 02:00:00,2,,
2022-05-01 03:00:00,3,,
2022-05-01 04:00:00,4,,
2022-05-01 05:00:00,5,,
2022-05-01 06:00:00,6,,
2022-05-01 07:00:00,7,,
2022-05-01 08:00:00,8,,
2022-05-01 09:00:00,9,,
2022-05-01 10:00:00,10,,
2022-05-01 11:00:00,11,,
2022-05-01 12:00:00,12,,
2022-05-01 13:00:00,13,,
2022-05-01 14:00:00,14,,
2022-05-01 15:00:00,15,,
2022-05-01 16:00:00,16,,
2022-05-01 17:00:00,17,,
2022-05-01 18:00:00,18,,
2022-05-01 19:00:00,19,,
2022-05-01 20:00:00,20,,
2022-05-01 21:00:00,21,,
2022-05-01 22:00:00,22,,
2022-05-01 23:00:00,23,,
2022-05-02 00:00:00,0,,
2022-05-02 01:00:00,1,,
2022-05-02 02:00:00,2,,
2022-05-02 03:00:00,3,,
2022-05-02 04:00:00,4,,
2022-05-02 05:00:00,5,,
2022-05-02 06:00:00,6,,
2022-05-02 07:00:00,7,,
2022-05-02 08:00:00,8,,
2022-05-02 09:00:00,9,,
2022-05-02 10:00:00,10,,
2022-05-02 11:00:00,11,,
2022-05-02 12:00:00,12,,
2022-05-02 13:00:00,13,,
2022-05-02 14:00:00,14,,
2022-05-02 15:00:00,15,,
2022-05-02 16:00:00,16,,
2022-05-02 17:00:00,17,,
2022-05-02 18:00:00,18,,
2022-05-02 19:00:00,19,,
2022-05-02 20:00:00,20,,
2022-05-02 21:00:00,21,,
2022-05-02 22:00:00,22,,
2022-05-02 23:00:00,23,,
2022-05-03 00:00:00,0,,
2022-05-03 01:00:00,1,,
2022-05-03 02:00:00,2,,
2022-05-03 03:00:00,3,,
2022-05-03 04:00:00,4,,
2022-05-03 05:00:00,5,,
2022-05-03 06:00:00,6,,
2022-05-03 07:00:00,7,,
2022-05-03 08:00:00,8,,
2022-05-03 09:00:00,9,,
2022-05-03 10:00:00,10,,
2022-05-03 11:00:00,11,,
2022-05-03 12:00:00,12,,
2022-05-03 13:00:00,13,,
2022-05-03 14:00:00,14,,
2022-05-03 15:00:00,15,,
2022-05-03 16:00:00,16,,
2022-05-03 17:00:00,17,,
2022-05-03 18:00:00,18,,
2022-05-03 19:00:00,19,,
2022-05-03 20:00:00,20,,
2022-05-03 21:00:00,21,,
2022-05-03 22:00:00,22,,
2022-05-03 23:00:00,23,,
2022-05-04 00:00:00,0,,
2022-05-04 01:00:00,1,,
2022-05-04 02:00:00,2,,
2022-05-04 03:00:00,3,,
2022-05-04 04:00:00,4,,
2022-05-04 05:00:00,5,,
2022-05-04 06:00:00,6,,
2022-05-04 07:00:00,7,,
2022-05-04 08:00:00,8,,
2022-05-04 09:00:00,9,,
2022-05-04 10:00:00,10,,
2022-05-04 11:00:00,11,,
2022-05-04 12:00:00,12,,
2022-05-04 13:00:00,13,,
2022-05-04 14:00:00,14,,
2022-05-04 15:00:00,15,,
2022-05-04 16:00:00,16,,
2022-05-04 17:00:00,17,,
2022-05-04 18:00:00,18,,
2022-05-04 19:00:00,19,,
2022-05-04 20:00:00,20,,
2022-05-04 21:00:00,21,,
2022-05-04 22:00:00,22,,
2022-05-04 23:00:00,23,,
2022-05-05 00:00:00,0,,
2022-05-05 01:00:00,1,,
2022-05-05 02:00:00,2,,
2022-05-05 03:00:00,3,,
2022-05-05 04:00:00,4,,
2022-05-05 05:00:00,5,,
2022-05-05 06:00:00,6,,
2022-05-05 07:00:00,7,,
2022-05-05 08:00:00,8,,
2022-05-05 09:00:00,9,,
2022-05-05 10:00:00,10,,
2022-05-05 11:00:00,11,,
2022-05-05 12:00:00,12,,
2022-05-05 13:00:00,13,,
2022-05-05 14:00:00,14,,
2022-05-05 15:00:00,15,,
2022-05-05 16:00:00,16,,
2022-05-05 17:00:00,17,,
2022-05-05 18:00:00,18,,
2022-05-05 19:00:00,19,,
2022-05-05 20:00:00,20,,
2022-05-05 21:00:00,21,,
2022-05-05 22:00:00,22,,
2022-05-05 23:00:00,23,,
2022-05-06 00:00:00,0,,
2022-05-06 01:00:00,1,,
2022-05-06 02:00:00,2,,
2022-05-06 03:00:00,3,,
2022-05-06 04:00:00,4,,
2022-05-06 05:00:00,5,,
2022-05-06 06:00:00,6,,
2022-05-06 07:00:00,7,,
2022-05-06 08:00:00,8,,
2022-05-06 09:00:00,9,,
2022-05-06 10:00:00,10,,
2022-05-06 11:00:00,11,,
2022-05-06 12:00:00,12,,
2022-05-06 13:00:00,13,,
2022-05-06 14:00:00,14,,
2022-05-06 15:00:00,15,,
2022-05-06 16:00:00,16,,
2022-05-06 17:00:00,17,,
2022-05-06 18:00:00,18,,
2022-05-06 19:00:00,19,,
2022-05-06 20:00:00,20,,
2022-05-06 21:00:00,21,,
2022-05-06 22:00:00,22,,
2022-05-06 23:00:00,23,,
2022-05-07 00:00:00,0,,
2022-05-07 01:00:00,1,,
2022-05-07 02:00:00,2,,
2022-05-07 03:00:00,3,,
2022-05-07 04:00:00,4,,
2022-05-07 05:00:00,5,,
2022-05-07 06:00:00,6,,
2022-05-07 07:00:00,7,,
2022-05-07 08:00:00,8,,
2022-05-07 09:00:00,9,,
2022-05-07 10:00:00,10,,
2022-05-07 11:00:00,11,,
2022-05-07 12:00:00,12,,
2022-05-07 13:00:00,13,,
2022-05-07 14:00:00,14,,
2022-05-07 15:00:00,15,,
2022-05-07 16:00:00,16,,
2022-05-07 17:00:00,17,,
2022-05-07 18:00:00,18,,
2022-05-07 19:00:00,19,,
2022-05-07 20:00:00,20,,
2022-05-07 21:00:00,21,,
2022-05-07 22:00:00,22,,
2022-05-07 23:00:00,23,,
2022-05-08 00:00:00,0,,
2022-05-08 01:00:00,1,,
2022-05-08 02:00:00,2,,
2022-05-08 03:00:00,3,,
2022-05-08 04:00:00,4,,
2022-05-08 05:00:00,5,,
2022-05-08 06:00:00,6,,
2022-05-08 07:00:00,7,,
2022-05-08 08:00:00,8,,
2022-05-08 09:00:00,9,,
2022-05-08 10:00:00,10,,
2022-05-08 11:00:00,11,,
2022-05-08 12:00:00,12,,
2022-05-08 13:00:00,13,,
2022-05-08 14:00:00,14,,
2022-05-08 15:00:00,15,,
2022-05-08 16:00:00,16,,
2022-05-08 17:00:00,17,,
2022-05-08 18:00:00,18,,
2022-05-08 19:00:00,19,,
2022-05-08 20:00:00,20,,
2022-05-08 21:00:00,21,,
2022-05-08 22:00:00,22,,
2022-05-08 23:00:00,23,,
2022-05-09 00:00:00,0,,
2022-05-09 01:00:00,1,,
2022-05-09 02:00:00,2,,
2022-05-09 03:00:00,3,,
2022-05-09 04:00:00,4,,
2022-05-09 05:00:00,5,,
2022-05-09 06:00:00,6,,
2022-05-09 07:00:00,7,,
2022-05-09 08:00:00,8,,
2022-05-09 09:00:00,9,,
2022-05-09 10:00:00,10,,
2022-05-09 11:00:00,11,,
2022-05-09 12:00:00,12,,
2022-05-09 13:00:00,13,,
2022-05-09 14:00:00,14,,
2022-05-09 15:00:00,15,,
2022-05-09 16:00:00,16,,
2022-05-09 17:00:00,17,,
2022-05-09 18:00:00,18,,
2022-05-09 19:00:00,19,,
2022-05-09 20:00:00,20,,
2022-05-09 21:00:00,21,,
2022-05-09 22:00:00,22,,
2022-05-09 23:00:00,23,,
2022-05-10 00:00:00,0,,
2022-05-10 01:00:00,1,,
2022-05-10 02:00:00,2,,
2022-05-10 03:00:00,3,,
2022-05-10 04:00:00,4,,
2022-05-10 05:00:00,5,,
2022-05-10 06:00:00,6,,
2022-05-10 07:00:00,7,,
2022-05-10 08:00:00,8,,
2022-05-10 09:00:00,9,,
2022-05-10 10:00:00,10,,
2022-05-10 11:00:00,11,,
2022-05-10 12:00:00,12,,
2022-05-10 13:00:00,13,,
2022-05-10 14:00:00,14,,
2022-05-10 15:00:00,15,,
2022-05-10 16:00:00,16,,
2022-05-10 17:00:00,17,,
2022-05-10 18:00:00,18,,
2022-05-10 19:00:00,19,,
2022-05-10 20:00:00,20,,
2022-05-10 21:00:00,21,,
2022-05-10 22:00:00,22,,
2022-05-10 23:00:00,23,,
2022-05-11 00:00:00,0,,
2022-05-11 01:00:00,1,,
2022-05-11 02:00:00,2,,
2022-05-11 03:00:00,3,,
2022-05-11 04:00:00,4,,
2022-05-11 05:00:00,5,,
2022-05-11 06:00:00,6,,
2022-05-11 07:00:00,7,,
2022-05-11 08:00:00,8,,
2022-05-11 09:00:00,9,,
2022-05-11 10:00:00,10,,
2022-05-11 11:00:00,11,,
2022-05-11 12:00:00,12,,
2022-05-11 13:00:00,13,,
2022-05-11 14:00:00,14,,
2022-05-11 15:00:00,15,,
2022-05-11 16:00:00,16,,
2022-05-11 17:00:00,17,,
2022-05-11 18:00:00,18,,
2022-05-11 19:00:00,19,,
2022-05-11 20:00:00,20,,
2022-05-11 21:00:00,21,,
2022-05-11 22:00:00,22,,
2022-05-11 23:00:00,23,,
2022-05-12 00:00:00,0,,
2022-05-12 01:00:00,1,,
2022-05-12 02:00:00,2,,
2022-05-12 03:00:00,3,,
2022-05-12 04:00:00,4,,
2022-05-12 05:00:00,5,,
2022-05-12 06:00:00,6,,
2022-05-12 07:00:00,7,,
2022-05-12 08:00:00,8,,
2022-05-12 09:00:00,9,,
2022-05-12 10:00:00,10,,
2022-05-12 11:00:00,11,,
2022-05-12 12:00:00,12,,
2022-05-12 13:00:00,13,,
2022-05-12 14:00:00,14,,
2022-05-12 15:00:00,15,,
2022-05-12 16:00:00,16,,
2022-05-12 17:00:00,17,,
2022-05-12 18:00:00,18,,
2022-05-12 19:00:00,19,,
2022-05-12 20:00:00,20,,
2022-05-12 21:00:00,21,,
2022-05-12 22:00:00,22,,
2022-05-12 23:00:00,23,,
2022-05-13 00:00:00,0,,
2022-05-13 01:00:00,1,,
2022-05-13 02:00:00,2,,
2022-05-13 03:00:00,3,,
2022-05-13 04:00:00,4,,
2022-05-13 05:00:00,5,,
2022-05-13 06:00:00,6,,
2022-05-13 07:00:00,7,,
2022-05-13 08:00:00,8,,
2022-05-13 09:00:00,9,,
2022-05-13 10:00:00,10,,
2022-05-13 11:00:00,11,,
2022-05-13 12:00:00,12,,
2022-05-13 13:00:00,13,,
2022-05-13 14:00:00,14,,
2022-05-13 15:00:00,15,,
2022-05-13 16:00:00,16,,
2022-05-13 17:00:00,17,,
2022-05-13 18:00:00,18,,
2022-05-13 19:00:00,19,,
2022-05-13 20:00:00,20,,
2022-05-13 21:00:00,21,,
2022-05-13 22:00:00,22,,
2022-05-13 23:00:00,23,,
2022-05-14 00:00:00,0,,
2022-05-14 01:00:00,1,,
2022-05-14 02:00:00,2,,
2022-05-14 03:00:00,3,,
2022-05-14 04:00:00,4,,
2022-05-14 05:00:00,5,,
2022-05-14 06:00:00,6,,
2022-05-14 07:00:00,7,,
2022-05-14 08:00:00,8,,
2022-05-14 09:00:00,9,,
2022-05-14 10:00:00,10,,
2022-05-14 11:00:00,11,,
2022-05-14 12:00:00,12,,
2022-05-14 13:00:00,13,,
2022-05-14 14:00:00,14,,
2022-05-14 15:00:00,15,,
2022-05-14 16:00:00,16,,
2022-05-14 17:00:00,17,,
2022-05-14 18:00:00,18,,
2022-05-14 19:00:00,19,,
2022-05-14 20:00:00,20,,
2022-05-14 21:00:00,21,,
2022-05-14 22:00:00,22,,
2022-05-14 23:00:00,23,,
2022-05-15 00:00:00,0,,
2022-05-15 01:00:00,1,,
2022-05-15 02:00:00,2,,
2022-05-15 03:00:00,3,,
2022-05-15 04:00:00,4,,
2022-05-15 05:00:00,5,,
2022-05-15 06:00:00,6,,
2022-05-15 07:00:00,7,,
2022-05-15 08:00:00,8,,
2022-05-15 09:00:00,9,,
2022-05-15 10:00:00,10,,
2022-05-15 11:00:00,11,,
2022-05-15 12:00:00,12,,
2022-05-15 13:00:00,13,,
2022-05-15 14:00:00,14,,
2022-05-15 15:00:00,15,,
2022-05-15 16:00:00,16,,
2022-05-15 17:00:00,17,,
2022-05-15 18:00:00,18,,
2022-05-15 19:00:00,19,,
2022-05-15 20:00:00,20,,
2022-05-15 21:00:00,21,,
2022-05-15 22:00:00,22,,
2022-05-15 23:00:00,23,,
2022-05-16 00:00:00,0,,
2022-05-16 01:00:00,1,,
2022-05-16 02:00:00,2,,
2022-05-16 03:00:00,3,,
2022-05-16 04:00:00,4,,
2022-05-16 05:00:00,5,,
2022-05-16 06:00:00,6,,
2022-05-16 07:00:00,7,,
2022-05-16 08:00:00,8,,
2022-05-16 09:00:00,9,,
2022-05-16 10:00:00,10,,
2022-05-16 11:00:00,11,,
2022-05-16 12:00:00,12,,
2022-05-16 13:00:00,13,,
2022-05-16 14:00:00,14,,
2022-05-16 15:00:00,15,,
2022-05-16 16:00:00,16,,
2022-05-16 17:00:00,17,,
2022-05-16 18:00:00,18,,
2022-05-16 19:00:00,19,,
2022-05-16 20:00:00,20,,
2022-05-16 21:00:00,21,,
2022-05-16 22:00:00,22,,
2022-05-16 23:00:00,23,,
2022-05-17 00:00:00,0,,
2022-05-17 01:00:00,1,,
2022-05-17 02:00:00,2,,
2022-05-17 03:00:00,3,,
2022-05-17 04:00:00,4,,
2022-05-17 05:00:00,5,,
2022-05-17 06:00:00,6,,
2022-05-17 07:00:00,7,,
2022-05-17 08:00:00,8,,
2022-05-17 09:00:00,9,,
2022-05-17 10:00:00,10,,
2022-05-17 11:00:00,11,,
2022-05-17 12:00:00,12,,
2022-05-17 13:00:00,13,,
2022-05-17 14:00:00,14,,
2022-05-17 15:00:00,15,,
2022-05-17 16:00:00,16,,
2022-05-17 17:00:00,17,,
2022-05-17 18:00:00,18,,
2022-05-17 19:00:00,19,,
2022-05-17 20:00:00,20,,
2022-05-17 21:00:00,21,,
2022-05-17 22:00:00,22,,
2022-05-17 23:00:00,23,,
2022-05-18 00:00:00,0,,
2022-05-18 01:00:00,1,,
2022-05-18 02:00:00,2,,
2022-05-18 03:00:00,3,,
2022-05-18 04:00:00,4,,
2022-05-18 05:00:00,5,,
2022-05-18 06:00:00,6,,
2022-05-18 07:00:00,7,,
2022-05-18 08:00:00,8,,
2022-05-18 09:00:00,9,,
2022-05-18 10:00:00,10,,
2022-05-18 11:00:00,11,,
2022-05-18 12:00:00,12,,
2022-05-18 13:00:00,13,,
2022-05-18 14:00:00,14,,
2022-05-18 15:00:00,15,,
2022-05-18 16:00:00,16,,
2022-05-18 17:00:00,17,,
2022-05-18 18:00:00,18,,
2022-05-18 19:00:00,19,,
2022-05-18 20:00:00,20,,
2022-05-18 21:00:00,21,,
2022-05-18 22:00:00,22,,
2022-05-18 23:00:00,23,,
2022-05-19 00:00:00,0,,
2022-05-19 01:00:00,1,,
2022-05-19 02:00:00,2,,
2022-05-19 03:00:00,3,,
2022-05-19 04:00:00,4,,
2022-05-19 05:00:00,5,,
2022-05-19 06:00:00,6,,
2022-05-19 07:00:00,7,,
2022-05-19 08:00:00,8,,
2022-05-19 09:00:00,9,,
2022-05-19 10:00:00,10,,
2022-05-19 11:00:00,11,,
2022-05-19 12:00:00,12,,
2022-05-19 13:00:00,13,,
2022-05-19 14:00:00,14,,
2022-05-19 15:00:00,15,,
2022-05-19 16:00:00,16,,
2022-05-19 17:00:00,17,,
2022-05-19 18:00:00,18,,
2022-05-19 19:00:00,19,,
2022-05-19 20:00:00,20,,
2022-05-19 21:00:00,21,,
2022-05-19 22:00:00,22,,
2022-05-19 23:00:00,23,,
2022-05-20 00:00:00,0,,
2022-05-20 01:00:00,1,,
2022-05-20 02:00:00,2,,
2022-05-20 03:00:00,3,,
2022-05-20 04:00:00,4,,
2022-05-20 05:00:00,5,,
2022-05-20 06:00:00,6,,
2022-05-20 07:00:00,7,,
2022-05-20 08:00:00,8,,
2022-05-20 09:00:00,9,,
2022-05-20 10:00:00,10,,
2022-05-20 11:00:00,11,,
2022-05-20 12:00:00,12,,
2022-05-20 13:00:00,13,,
2022-05-20 14:00:00,14,,
2022-05-20 15:00:00,15,,
2022-05-20 16:00:00,16,,
2022-05-20 17:00:00,17,,
2022-05-20 18:00:00,18,,
2022-05-20 19:00:00,19,,
2022-05-20 20:00:00,20,,
2022-05-20 21:00:00,21,,
2022-05-20 22:00:00,22,,
2022-05-20 23:00:00,23,,
2022-05-21 00:00:00,0,,
2022-05-21 01:00:00,1,,
2022-05-21 02:00:00,2,,
2022-05-21 03:00:00,3,,
2022-05-21 04:00:00,4,,
2022-05-21 05:00:00,5,,
2022-05-21 06:00:00,6,,
2022-05-21 07:00:00,7,,
2022-05-21 08:00:00,8,,
2022-05-21 09:00:00,9,,
2022-05-21 10:00:00,10,,
2022-05-21 11:00:00,11,,
2022-05-21 12:00:00,12,,
2022-05-21 13:00:00,13,,
2022-05-21 14:00:00,14,,
2022-05-21 15:00:00,15,,
2022-05-21 16:00:00,16,,
2022-05-21 17:00:00,17,,
2022-05-21 18:00:00,18,,
2022-05-21 19:00:00,19,,
2022-05-21 20:00:00,20,,
2022-05-21 21:00:00,21,,
2022-05-21 22:00:00,22,,
2022-05-21 23:00:00,23,,
2022-05-22 00:00:00,0,,
2022-05-22 01:00:00,1,,
2022-05-22 02:00:00,2,,
2022-05-22 03:00:00,3,,
2022-05-22 04:00:00,4,,
2022-05-22 05:00:00,5,,
2022-05-22 06:00:00,6,,
2022-05-22 07:00:00,7,,
2022-05-22 08:00:00,8,,
2022-05-22 09:00:00,9,,
2022-05-22 10:00:00,10,,
2022-05-22 11:00:00,11,,
2022-05-22 12:00:00,12,,
2022-05-22 13:00:00,13,,
2022-05-22 14:00:00,14,,
2022-05-22 15:00:00,15,,
2022-05-22 16:00:00,16,,
2022-05-22 17:00:00,17,,
2022-05-22 18:00:00,18,,
2022-05-22 19:00:00,19,,
2022-05-22 20:00:00,20,,
2022-05-22 21:00:00,21,,
2022-05-22 22:00:00,22,,
2022-05-22 23:00:00,23,,
2022-05-23 00:00:00,0,,
2022-05-23 01:00:00,1,,
2022-05-23 02:00:00,2,,
2022-05-23 03:00:00,3,,
2022-05-23 04:00:00,4,,
2022-05-23 05:00:00,5,,
2022-05-23 06:00:00,6,,
2022-05-23 07:00:00,7,,
2022-05-23 08:00:00,8,,
2022-05-23 09:00:00,9,,
2022-05-23 10:00:00,10,,
2022-05-23 11:00:00,11,,
2022-05-23 12:00:00,12,,
2022-05-23 13:00:00,13,,
2022-05-23 14:00:00,14,,
2022-05-23 15:00:00,15,,
2022-05-23 16:00:00,16,,
2022-05-23 17:00:00,17,,
2022-05-23 18:00:00,18,,
2022-05-23 19:00:00,19,,
2022-05-23 20:00:00,20,,
2022-05-23 21:00:00,21,,
2022-05-23 22:00:00,22,,
2022-05-23 23:00:00,23,,
2022-05-24 00:00:00,0,,
2022-05-24 01:00:00,1,,
2022-05-24 02:00:00,2,,
2022-05-24 03:00:00,3,,
2022-05-24 04:00:00,4,,
2022-05-24 05:00:00,5,,
2022-05-24 06:00:00,6,,
2022-05-24 07:00:00,7,,
2022-05-24 08:00:00,8,,
2022-05-24 09:00:00,9,,
2022-05-24 10:00:00,10,,
2022-05-24 11:00:00,11,,
2022-05-24 12:00:00,12,,
2022-05-24 13:00:00,13,,
2022-05-24 14:00:00,14,,
2022-05-24 15:00:00,15,,
2022-05-24 16:00:00,16,,
2022-05-24 17:00:00,17,,
2022-05-24 18:00:00,18,,
2022-05-24 19:00:00,19,,
2022-05-24 20:00:00,20,,
2022-05-24 21:00:00,21,,
2022-05-24 22:00:00,22,,
2022-05-24 23:00:00,23,,
2022-05-25 00:00:00,0,,
2022-05-25 01:00:00,1,,
2022-05-25 02:00:00,2,,
2022-05-25 03:00:00,3,,
2022-05-25 04:00:00,4,,
2022-05-25 05:00:00,5,,
2022-05-25 06:00:00,6,,
2022-05-25 07:00:00,7,,
2022-05-25 08:00:00,8,,
2022-05-25 09:00:00,9,,
2022-05-25 10:00:00,10,,
2022-05-25 11:00:00,11,,
2022-05-25 12:00:00,12,,
2022-05-25 13:00:00,13,,
2022-05-25 14:00:00,14,,
2022-05-25 15:00:00,15,,
2022-05-25 16:00:00,16,,
2022-05-25 17:00:00,17,,
2022-05-25 18:00:00,18,,
2022-05-25 19:00:00,19,,
2022-05-25 20:00:00,20,,
2022-05-25 21:00:00,21,,
2022-05-25 22:00:00,22,,
2022-05-25 23:00:00,23,,
2022-05-26 00:00:00,0,,
2022-05-26 01:00:00,1,,
2022-05-26 02:00:00,2,,
2022-05-26 03:00:00,3,,
2022-05-26 04:00:00,4,,
2022-05-26 05:00:00,5,,
2022-05-26 06:00:00,6,,
2022-05-26 07:00:00,7,,
2022-05-26 08:00:00,8,,
2022-05-26 09:00:00,9,,
2022-05-26 10:00:00,10,,
2022-05-26 11:00:00,11,,
2022-05-26 12:00:00,12,,
2022-05-26 13:00:00,13,,
2022-05-26 14:00:00,14,,
2022-05-26 15:00:00,15,,
2022-05-26 16:00:00,16,,
2022-05-26 17:00:00,17,,
2022-05-26 18:00:00,18,,
2022-05-26 19:00:00,19,,
2022-05-26 20:00:00,20,,
2022-05-26 21:00:00,21,,
2022-05-26 22:00:00,22,,
2022-05-26 23:00:00,23,,
2022-05-27 00:00:00,0,,
2022-05-27 01:00:00,1,,
2022-05-27 02:00:00,2,,
2022-05-27 03:00:00,3,,
2022-05-27 04:00:00,4,,
2022-05-27 05:00:00,5,,
2022-05-27 06:00:00,6,,
2022-05-27 07:00:00,7,,
2022-05-27 08:00:00,8,,
2022-05-27 09:00:00,9,,
2022-05-27 10:00:00,10,,
2022-05-27 11:00:00,11,,
2022-05-27 12:00:00,12,,
2022-05-27 13:00:00,13,,
2022-05-27 14:00:00,14,,
2022-05-27 15:00:00,15,,
2022-05-27 16:00:00,16,,
2022-05-27 17:00:00,17,,
2022-05-27 18:00:00,18,,
2022-05-27 19:00:00,19,,
2022-05-27 20:00:00,20,,
2022-05-27 21:00:00,21,,
2022-05-27 22:00:00,22,,
2022-05-27 23:00:00,23,,
2022-05-28 00:00:00,0,,
2022-05-28 01:00:00,1,,
2022-05-28 02:00:00,2,,
2022-05-28 03:00:00,3,,
2022-05-28 04:00:00,4,,
2022-05-28 05:00:00,5,,
2022-05-28 06:00:00,6,,
2022-05-28 07:00:00,7,,
2022-05-28 08:00:00,8,,
2022-05-28 09:00:00,9,,
2022-05-28 10:00:00,10,,
2022-05-28 11:00:00,11,,
2022-05-28 12:00:00,12,,
2022-05-28 13:00:00,13,,
2022-05-28 14:00:00,14,,
2022-05-28 15:00:00,15,,
2022-05-28 16:00:00,16,,
2022-05-28 17:00:00,17,,
2022-05-28 18:00:00,18,,
2022-05-28 19:00:00,19,,
2022-05-28 20:00:00,20,,
2022-05-28 21:00:00,21,,
2022-05-28 22:00:00,22,,
2022-05-28 23:00:00,23,,
2022-05-29 00:00:00,0,,
2022-05-29 01:00:00,1,,
2022-05-29 02:00:00,2,,
2022-05-29 03:00:00,3,,
2022-05-29 04:00:00,4,,
2022-05-29 05:00:00,5,,
2022-05-29 06:00:00,6,,
2022-05-29 07:00:00,7,,
2022-05-29 08:00:00,8,,
2022-05-29 09:00:00,9,,
2022-05-29 10:00:00,10,,
2022-05-29 11:00:00,11,,
2022-05-29 12:00:00,12,,
2022-05-29 13:00:00,13,,
2022-05-29 14:00:00,14,,
2022-05-29 15:00:00,15,,
2022-05-29 16:00:00,16,,
2022-05-29 17:00:00,17,,
2022-05-29 18:00:00,18,,
2022-05-29 19:00:00,19,,
2022-05-29 20:00:00,20,,
2022-05-29 21:00:00,21,,
2022-05-29 22:00:00,22,,
2022-05-29 23:00:00,23,,
2022-05-30 00:00:00,0,,
2022-05-30 01:00:00,1,,
2022-05-30 02:00:00,2,,
2022-05-30 03:00:00,3,,
2022-05-30 04:00:00,4,,
2022-05-30 05:00:00,5,,
2022-05-30 06:00:00,6,,
2022-05-30 07:00:00,7,,
2022-05-30 08:00:00,8,,
2022-05-30 09:00:00,9,,
2022-05-30 10:00:00,10,,
2022-05-30 11:00:00,11,,
2022-05-30 12:00:00,12,,
2022-05-30 13:00:00,13,,
2022-05-30 14:00:00,14,,
2022-05-30 15:00:00,15,,
2022-05-30 16:00:00,16,,
2022-05-30 17:00:00,17,,
2022-05-30 18:00:00,18,,
2022-05-30 19:00:00,19,,
2022-05-30 20:00:00,20,,
2022-05-30 21:00:00,21,,
2022-05-30 22:00:00,22,,
2022-05-30 23:00:00,23,,
2022-05-31 00:00:00,0,,
2022-05-31 01:00:00,1,,
2022-05-31 02:00:00,2,,
2022-05-31 03:00:00,3,,
2022-05-31 04:00:00,4,,
2022-05-31 05:00:00,5,,
2022-05-31 06:00:00,6,,
2022-05-31 07:00:00,7,,
2022-05-31 08:00:00,8,,
2022-05-31 09:00:00,9,,
2022-05-31 10:00:00,10,,
2022-05-31 11:00:00,11,,
2022-05-31 12:00:00,12,,
2022-05-31 13:00:00,13,,
2022-05-31 14:00:00,14,,
2022-05-31 15:00:00,15,,
2022-05-31 16:00:00,16,,
2022-05-31 17:00:00,17,,
2022-05-31 18:00:00,18,,
2022-05-31 19:00:00,19,,
2022-05-31 20:00:00,20,,
2022-05-31 21:00:00,21,,
2022-05-31 22:00:00,22,,
2022-05-31 23:00:00,23,,
2022-06-01 00:00:00,0,,
2022-06-01 01:00:00,1,,
2022-06-01 02:00:00,2,,
2022-06-01 03:00:00,3,,
2022-06-01 04:00:00,4,,
2022-06-01 05:00:00,5,,
2022-06-01 06:00:00,6,,
2022-06-01 07:00:00,7,,
2022-06-01 08:00:00,8,,
2022-06-01 09:00:00,9,,
2022-06-01 10:00:00,10,,
2022-06-01 11:00:00,11,,
2022-06-01 12:00:00,12,,
2022-06-01 13:00:00,13,,
2022-06-01 14:00:00,14,,
2022-06-01 15:00:00,15,,
2022-06-01 16:00:00,16,,
2022-06-01 17:00:00,17,,
2022-06-01 18:00:00,18,,
2022-06-01 19:00:00,19,,
2022-06-01 20:00:00,20,,
2022-06-01 21:00:00,21,,
2022-06-01 22:00:00,22,,
2022-06-01 23:00:00,23,,
2022-06-02 00:00:00,0,,
2022-06-02 01:00:00,1,,
2022-06-02 02:00:00,2,,
2022-06-02 03:00:00,3,,
2022-06-02 04:00:00,4,,
2022-06-02 05:00:00,5,,
2022-06-02 06:00:00,6,,
2022-06-02 07:00:00,7,,
2022-06-02 08:00:00,8,,
2022-06-02 09:00:00,9,,
2022-06-02 10:00:00,10,,
2022-06-02 11:00:00,11,,
2022-06-02 12:00:00,12,,
2022-06-02 13:00:00,13,,
2022-06-02 14:00:00,14,,
2022-06-02 15:00:00,15,,
2022-06-02 16:00:00,16,,
2022-06-02 17:00:00,17,,
2022-06-02 18:00:00,18,,
2022-06-02 19:00:00,19,,
2022-06-02 20:00:00,20,,
2022-06-02 21:00:00,21,,
2022-06-02 22:00:00,22,,
2022-06-02 23:00:00,23,,
2022-06-03 00:00:00,0,,
2022-06-03 01:00:00,1,,
2022-06-03 02:00:00,2,,
2022-06-03 03:00:00,3,,
2022-06-03 04:00:00,4,,
2022-06-03 05:00:00,5,,
2022-06-03 06:00:00,6,,
2022-06-03 07:00:00,7,,
2022-06-03 08:00:00,8,,
2022-06-03 09:00:00,9,,
2022-06-03 10:00:00,10,,
2022-06-03 11:00:00,11,,
2022-06-03 12:00:00,12,,
2022-06-03 13:00:00,13,,
2022-06-03 14:00:00,14,,
2022-06-03 15:00:00,15,,
2022-06-03 16:00:00,16,,
2022-06-03 17:00:00,17,,
2022-06-03 18:00:00,18,,
2022-06-03 19:00:00,19,,
2022-06-03 20:00:00,20,,
2022-06-03 21:00:00,21,,
2022-06-03 22:00:00,22,,
2022-06-03 23:00:00,23,,
2022-06-04 00:00:00,0,,
2022-06-04 01:00:00,1,,
2022-06-04 02:00:00,2,,
2022-06-04 03:00:00,3,,
2022-06-04 04:00:00,4,,
2022-06-04 05:00:00,5,,
2022-06-04 06:00:00,6,,
2022-06-04 07:00:00,7,,
2022-06-04 08:00:00,8,,
2022-06-04 09:00:00,9,,
2022-06-04 10:00:00,10,,
2022-06-04 11:00:00,11,,
2022-06-04 12:00:00,12,,
2022-06-04 13:00:00,13,,
2022-06-04 14:00:00,14,,
2022-06-04 15:00:00,15,,
2022-06-04 16:00:00,16,,
2022-06-04 17:00:00,17,,
2022-06-04 18:00:00,18,,
2022-06-04 19:00:00,19,,
2022-06-04 20:00:00,20,,
2022-06-04 21:00:00,21,,
2022-06-04 22:00:00,22,,
2022-06-04 23:00:00,23,,
2022-06-05 00:00:00,0,,
2022-06-05 01:00:00,1,,
2022-06-05 02:00:00,2,,
2022-06-05 03:00:00,3,,
2022-06-05 04:00:00,4,,
2022-06-05 05:00:00,5,,
2022-06-05 06:00:00,6,,
2022-06-05 07:00:00,7,,
2022-06-05 08:00:00,8,,
2022-06-05 09:00:00,9,,
2022-06-05 10:00:00,10,,
2022-06-05 11:00:00,11,,
2022-06-05 12:00:00,12,,
2022-06-05 13:00:00,13,,
2022-06-05 14:00:00,14,,
2022-06-05 15:00:00,15,,
2022-06-05 16:00:00,16,,
2022-06-05 17:00:00,17,,
2022-06-05 18:00:00,18,,
2022-06-05 19:00:00,19,,
2022-06-05 20:00:00,20,,
2022-06-05 21:00:00,21,,
2022-06-05 22:00:00,22,,
2022-06-05 23:00:00,23,,
2022-06-06 00:00:00,0,,
2022-06-06 01:00:00,1,,
2022-06-06 02:00:00,2,,
2022-06-06 03:00:00,3,,
2022-06-06 04:00:00,4,,
2022-06-06 05:00:00,5,,
2022-06-06 06:00:00,6,,
2022-06-06 07:00:00,7,,
2022-06-06 08:00:00,8,,
2022-06-06 09:00:00,9,,
2022-06-06 10:00:00,10,,
2022-06-06 11:00:00,11,,
2022-06-06 12:00:00,12,,
2022-06-06 13:00:00,13,,
2022-06-06 14:00:00,14,,
2022-06-06 15:00:00,15,,
2022-06-06 16:00:00,16,,
2022-06-06 17:00:00,17,,
2022-06-06 18:00:00,18,,
2022-06-06 19:00:00,19,,
2022-06-06 20:00:00,20,,
2022-06-06 21:00:00,21,,
2022-06-06 22:00:00,22,,
2022-06-06 23:00:00,23,,
2022-06-07 00:00:00,0,,
2022-06-07 01:00:00,1,,
2022-06-07 02:00:00,2,,
2022-06-07 03:00:00,3,,
2022-06-07 04:00:00,4,,
2022-06-07 05:00:00,5,,
2022-06-07 06:00:00,6,,
2022-06-07 07:00:00,7,,
2022-06-07 08:00:00,8,,
2022-06-07 09:00:00,9,,
2022-06-07 10:00:00,10,,
2022-06-07 11:00:00,11,,
2022-06-07 12:00:00,12,,
2022-06-07 13:00:00,13,,
2022-06-07 14:00:00,14,,
2022-06-07 15:00:00,15,,
2022-06-07 16:00:00,16,,
2022-06-07 17:00:00,17,,
2022-06-07 18:00:00,18,,
2022-06-07 19:00:00,19,,
2022-06-07 20:00:00,20,,
2022-06-07 21:00:00,21,,
2022-06-07 22:00:00,22,,
2022-06-07 23:00:00,23,,
2022-06-08 00:00:00,0,,
2022-06-08 01:00:00,1,,
2022-06-08 02:00:00,2,,
2022-06-08 03:00:00,3,,
2022-06-08 04:00:00,4,,
2022-06-08 05:00:00,5,,
2022-06-08 06:00:00,6,,
2022-06-08 07:00:00,7,,
2022-06-08 08:00:00,8,,
2022-06-08 09:00:00,9,,
2022-06-08 10:00:00,10,,
2022-06-08 11:00:00,11,,
2022-06-08 12:00:00,12,,
2022-06-08 13:00:00,13,,
2022-06-08 14:00:00,14,,
2022-06-08 15:00:00,15,,
2022-06-08 16:00:00,16,,
2022-06-08 17:00:00,17,,
2022-06-08 18:00:00,18,,
2022-06-08 19:00:00,19,,
2022-06-08 20:00:00,20,,
2022-06-08 21:00:00,21,,
2022-06-08 22:00:00,22,,
2022-06-08 23:00:00,23,,
2022-06-09 00:00:00,0,,
2022-06-09 01:00:00,1,,
2022-06-09 02:00:00,2,,
2022-06-09 03:00:00,3,,
2022-06-09 04:00:00,4,,
2022-06-09 05:00:00,5,,
2022-06-09 06:00:00,6,,
2022-06-09 07:00:00,7,,
2022-06-09 08:00:00,8,,
2022-06-09 09:00:00,9,,
2022-06-09 10:00:00,10,,
2022-06-09 11:00:00,11,,
2022-06-09 12:00:00,12,,
2022-06-09 13:00:00,13,,
2022-06-09 14:00:00,14,,
2022-06-09 15:00:00,15,,
2022-06-09 16:00:00,16,,
2022-06-09 17:00:00,17,,
2022-06-09 18:00:00,18,,
2022-06-09 19:00:00,19,,
2022-06-09 20:00:00,20,,
2022-06-09 21:00:00,21,,
2022-06-09 22:00:00,22,,
2022-06-09 23:00:00,23,,
2022-06-10 00:00:00,0,,
2022-06-10 01:00:00,1,,
2022-06-10 02:00:00,2,,
2022-06-10 03:00:00,3,,
2022-06-10 04:00:00,4,,
2022-06-10 05:00:00,5,,
2022-06-10 06:00:00,6,,
2022-06-10 07:00:00,7,,
2022-06-10 08:00:00,8,,
2022-06-10 09:00:00,9,,
2022-06-10 10:00:00,10,,
2022-06-10 11:00:00,11,,
2022-06-10 12:00:00,12,,
2022-06-10 13:00:00,13,,
2022-06-10 14:00:00,14,,
2022-06-10 15:00:00,15,,
2022-06-10 16:00:00,16,,
2022-06-10 17:00:00,17,,
2022-06-10 18:00:00,18,,
2022-06-10 19:00:00,19,,
2022-06-10 20:00:00,20,,
2022-06-10 21:00:00,21,,
2022-06-10 22:00:00,22,,
2022-06-10 23:00:00,23,,
2022-06-11 00:00:00,0,,
2022-06-11 01:00:00,1,,
2022-06-11 02:00:00,2,,
2022-06-11 03:00:00,3,,
2022-06-11 04:00:00,4,,
2022-06-11 05:00:00,5,,
2022-06-11 06:00:00,6,,
2022-06-11 07:00:00,7,,
2022-06-11 08:00:00,8,,
2022-06-11 09:00:00,9,,
2022-06-11 10:00:00,10,,
2022-06-11 11:00:00,11,,
2022-06-11 12:00:00,12,,
2022-06-11 13:00:00,13,,
2022-06-11 14:00:00,14,,
2022-06-11 15:00:00,15,,
2022-06-11 16:00:00,16,,
2022-06-11 17:00:00,17,,
2022-06-11 18:00:00,18,,
2022-06-11 19:00:00,19,,
2022-06-11 20:00:00,20,,
2022-06-11 21:00:00,21,,
2022-06-11 22:00:00,22,,
2022-06-11 23:00:00,23,,
2022-06-12 00:00:00,0,,
2022-06-12 01:00:00,1,,
2022-06-12 02:00:00,2,,
2022-06-12 03:00:00,3,,
2022-06-12 04:00:00,4,,
2022-06-12 05:00:00,5,,
2022-06-12 06:00:00,6,,
2022-06-12 07:00:00,7,,
2022-06-12 08:00:00,8,,
2022-06-12 09:00:00,9,,
2022-06-12 10:00:00,10,,
2022-06-12 11:00:00,11,,
2022-06-12 12:00:00,12,,
2022-06-12 13:00:00,13,,
2022-06-12 14:00:00,14,,
2022-06-12 15:00:00,15,,
2022-06-12 16:00:00,16,,
2022-06-12 17:00:00,17,,
2022-06-12 18:00:00,18,,
2022-06-12 19:00:00,19,,
2022-06-12 20:00:00,20,,
2022-06-12 21:00:00,21,,
2022-06-12 22:00:00,22,,
2022-06-12 23:00:00,23,,
2022-06-13 00:00:00,0,,
2022-06-13 01:00:00,1,,
2022-06-13 02:00:00,2,,
2022-06-13 03:00:00,3,,
2022-06-13 04:00:00,4,,
2022-06-13 05:00:00,5,,
2022-06-13 06:00:00,6,,
2022-06-13 07:00:00,7,,
2022-06-13 08:00:00,8,,
2022-06-13 09:00:00,9,,
2022-06-13 10:00:00,10,,
2022-06-13 11:00:00,11,,
2022-06-13 12:00:00,12,,
2022-06-13 13:00:00,13,,
2022-06-13 14:00:00,14,,
2022-06-13 15:00:00,15,,
2022-06-13 16:00:00,16,,
2022-06-13 17:00:00,17,,
2022-06-13 18:00:00,18,,
2022-06-13 19:00:00,19,,
2022-06-13 20:00:00,20,,
2022-06-13 21:00:00,21,,
2022-06-13 22:00:00,22,,
2022-06-13 23:00:00,23,,
2022-06-14 00:00:00,0,,
2022-06-14 01:00:00,1,,
2022-06-14 02:00:00,2,,
2022-06-14 03:00:00,3,,
2022-06-14 04:00:00,4,,
2022-06-14 05:00:00,5,,
2022-06-14 06:00:00,6,,
2022-06-14 07:00:00,7,,
2022-06-14 08:00:00,8,,
2022-06-14 09:00:00,9,,
2022-06-14 10:00:00,10,,
2022-06-14 11:00:00,11,,
2022-06-14 12:00:00,12,,
2022-06-14 13:00:00,13,,
2022-06-14 14:00:00,14,,
2022-06-14 15:00:00,15,,
2022-06-14 16:00:00,16,,
2022-06-14 17:00:00,17,,
2022-06-14 18:00:00,18,,
2022-06-14 19:00:00,19,,
2022-06-14 20:00:00,20,,
2022-06-14 21:00:00,21,,
2022-06-14 22:00:00,22,,
2022-06-14 23:00:00,23,,
2022-06-15 00:00:00,0,,
2022-06-15 01:00:00,1,,
2022-06-15 02:00:00,2,,
2022-06-15 03:00:00,3,,
2022-06-15 04:00:00,4,,
2022-06-15 05:00:00,5,,
2022-06-15 06:00:00,6,,
2022-06-15 07:00:00,7,,
2022-06-15 08:00:00,8,,
2022-06-15 09:00:00,9,,
2022-06-15 10:00:00,10,,
2022-06-15 11:00:00,11,,
2022-06-15 12:00:00,12,,
2022-06-15 13:00:00,13,,
2022-06-15 14:00:00,14,,
2022-06-15 15:00:00,15,,
2022-06-15 16:00:00,16,,
2022-06-15 17:00:00,17,,
2022-06-15 18:00:00,18,,
2022-06-15 19:00:00,19,,
2022-06-15 20:00:00,20,,
2022-06-15 21:00:00,21,,
2022-06-15 22:00:00,22,,
2022-06-15 23:00:00,23,,
2022-06-16 00:00:00,0,,
2022-06-16 01:00:00,1,,
2022-06-16 02:00:00,2,,
2022-06-16 03:00:00,3,,
2022-06-16 04:00:00,4,,
2022-06-16 05:00:00,5,,
2022-06-16 06:00:00,6,,
2022-06-16 07:00:00,7,,
2022-06-16 08:00:00,8,,
2022-06-16 09:00:00,9,,
2022-06-16 10:00:00,10,,
2022-06-16 11:00:00,11,,
2022-06-16 12:00:00,12,,
2022-06-16 13:00:00,13,,
2022-06-16 14:00:00,14,,
2022-06-16 15:00:00,15,,
2022-06-16 16:00:00,16,,
2022-06-16 17:00:00,17,,
2022-06-16 18:00:00,18,,
2022-06-16 19:00:00,19,,
2022-06-16 20:00:00,20,,
2022-06-16 21:00:00,21,,
2022-06-16 22:00:00,22,,
2022-06-16 23:00:00,23,,
2022-06-17 00:00:00,0,,
2022-06-17 01:00:00,1,,
2022-06-17 02:00:00,2,,
2022-06-17 03:00:00,3,,
2022-06-17 04:00:00,4,,
2022-06-17 05:00:00,5,,
2022-06-17 06:00:00,6,,
2022-06-17 07:00:00,7,,
2022-06-17 08:00:00,8,,
2022-06-17 09:00:00,9,,
2022-06-17 10:00:00,10,,
2022-06-17 11:00:00,11,,
2022-06-17 12:00:00,12,,
2022-06-17 13:00:00,13,,
2022-06-17 14:00:00,14,,
2022-06-17 15:00:00,15,,
2022-06-17 16:00:00,16,,
2022-06-17 17:00:00,17,,
2022-06-17 18:00:00,18,,
2022-06-17 19:00:00,19,,
2022-06-17 20:00:00,20,,
2022-06-17 21:00:00,21,,
2022-06-17 22:00:00,22,,
2022-06-17 23:00:00,23,,
2022-06-18 00:00:00,0,,
2022-06-18 01:00:00,1,,
2022-06-18 02:00:00,2,,
2022-06-18 03:00:00,3,,
2022-06-18 04:00:00,4,,
2022-06-18 05:00:00,5,,
2022-06-18 06:00:00,6,,
2022-06-18 07:00:00,7,,
2022-06-18 08:00:00,8,,
2022-06-18 09:00:00,9,,
2022-06-18 10:00:00,10,,
2022-06-18 11:00:00,11,,
2022-06-18 12:00:00,12,,
2022-06-18 13:00:00,13,,
2022-06-18 14:00:00,14,,
2022-06-18 15:00:00,15,,
2022-06-18 16:00:00,16,,
2022-06-18 17:00:00,17,,
2022-06-18 18:00:00,18,,
2022-06-18 19:00:00,19,,
2022-06-18 20:00:00,20,,
2022-06-18 21:00:00,21,,
2022-06-18 22:00:00,22,,
2022-06-18 23:00:00,23,,
2022-06-19 00:00:00,0,,
2022-06-19 01:00:00,1,,
2022-06-19 02:00:00,2,,
2022-06-19 03:00:00,3,,
2022-06-19 04:00:00,4,,
2022-06-19 05:00:00,5,,
2022-06-19 06:00:00,6,,
2022-06-19 07:00:00,7,,
2022-06-19 08:00:00,8,,
2022-06-19 09:00:00,9,,
2022-06-19 10:00:00,10,,
2022-06-19 11:00:00,11,,
2022-06-19 12:00:00,12,,
2022-06-19 13:00:00,13,,
2022-06-19 14:00:00,14,,
2022-06-19 15:00:00,15,,
2022-06-19 16:00:00,16,,
2022-06-19 17:00:00,17,,
2022-06-19 18:00:00,18,,
2022-06-19 19:00:00,19,,
2022-06-19 20:00:00,20,,
2022-06-19 21:00:00,21,,
2022-06-19 22:00:00,22,,
2022-06-19 23:00:00,23,,
2022-06-20 00:00:00,0,,
2022-06-20 01:00:00,1,,
2022-06-20 02:00:00,2,,
2022-06-20 03:00:00,3,,
2022-06-20 04:00:00,4,,
2022-06-20 05:00:00,5,,
2022-06-20 06:00:00,6,,
2022-06-20 07:00:00,7,,
2022-06-20 08:00:00,8,,
2022-06-20 09:00:00,9,,
2022-06-20 10:00:00,10,,
2022-06-20 11:00:00,11,,
2022-06-20 12:00:00,12,,
2022-06-20 13:00:00,13,,
2022-06-20 14:00:00,14,,
2022-06-20 15:00:00,15,,
2022-06-20 16:00:00,16,,
2022-06-20 17:00:00,17,,
2022-06-20 18:00:00,18,,
2022-06-20 19:00:00,19,,
2022-06-20 20:00:00,20,,
2022-06-20 21:00:00,21,,
2022-06-20 22:00:00,22,,
2022-06-20 23:00:00,23,,
2022-06-21 00:00:00,0,,
2022-06-21 01:00:00,1,,
2022-06-21 02:00:00,2,,
2022-06-21 03:00:00,3,,
2022-06-21 04:00:00,4,,
2022-06-21 05:00:00,5,,
2022-06-21 06:00:00,6,,
2022-06-21 07:00:00,7,,
2022-06-21 08:00:00,8,,
2022-06-21 09:00:00,9,,
2022-06-21 10:00:00,10,,
2022-06-21 11:00:00,11,,
2022-06-21 12:00:00,12,,
2022-06-21 13:00:00,13,,
2022-06-21 14:00:00,14,,
2022-06-21 15:00:00,15,,
2022-06-21 16:00:00,16,,
2022-06-21 17:00:00,17,,
2022-06-21 18:00:00,18,,
2022-06-21 19:00:00,19,,
2022-06-21 20:00:00,20,,
2022-06-21 21:00:00,21,,
2022-06-21 22:00:00,22,,
2022-06-21 23:00:00,23,,
2022-06-22 00:00:00,0,,
2022-06-22 01:00:00,1,,
2022-06-22 02:00:00,2,,
2022-06-22 03:00:00,3,,
2022-06-22 04:00:00,4,,
2022-06-22 05:00:00,5,,
2022-06-22 06:00:00,6,,
2022-06-22 07:00:00,7,,
2022-06-22 08:00:00,8,,
2022-06-22 09:00:00,9,,
2022-06-22 10:00:00,10,,
2022-06-22 11:00:00,11,,
2022-06-22 12:00:00,12,,
2022-06-22 13:00:00,13,,
2022-06-22 14:00:00,14,,
2022-06-22 15:00:00,15,,
2022-06-22 16:00:00,16,,
2022-06-22 17:00:00,17,,
2022-06-22 18:00:00,18,,
2022-06-22 19:00:00,19,,
2022-06-22 20:00:00,20,,
2022-06-22 21:00:00,21,,
2022-06-22 22:00:00,22,,
2022-06-22 23:00:00,23,,
2022-06-23 00:00:00,0,,
2022-06-23 01:00:00,1,,
2022-06-23 02:00:00,2,,
2022-06-23 03:00:00,3,,
2022-06-23 04:00:00,4,,
2022-06-23 05:00:00,5,,
2022-06-23 06:00:00,6,,
2022-06-23 07:00:00,7,,
2022-06-23 08:00:00,8,,
2022-06-23 09:00:00,9,,
2022-06-23 10:00:00,10,,
2022-06-23 11:00:00,11,,
2022-06-23 12:00:00,12,,
2022-06-23 13:00:00,13,,
2022-06-23 14:00:00,14,,
2022-06-23 15:00:00,15,,
2022-06-23 16:00:00,16,,
2022-06-23 17:00:00,17,,
2022-06-23 18:00:00,18,,
2022-06-23 19:00:00,19,,
2022-06-23 20:00:00,20,,
2022-06-23 21:00:00,21,,
2022-06-23 22:00:00,22,,
2022-06-23 23:00:00,23,,
2022-06-24 00:00:00,0,,
2022-06-24 01:00:00,1,,
2022-06-24 02:00:00,2,,
2022-06-24 03:00:00,3,,
2022-06-24 04:00:00,4,,
2022-06-24 05:00:00,5,,
2022-06-24 06:00:00,6,,
2022-06-24 07:00:00,7,,
2022-06-24 08:00:00,8,,
2022-06-24 09:00:00,9,,
2022-06-24 10:00:00,10,,
2022-06-24 11:00:00,11,,
2022-06-24 12:00:00,12,,
2022-06-24 13:00:00,13,,
2022-06-24 14:00:00,14,,
2022-06-24 15:00:00,15,,
2022-06-24 16:00:00,16,,
2022-06-24 17:00:00,17,,
2022-06-24 18:00:00,18,,
2022-06-24 19:00:00,19,,
2022-06-24 20:00:00,20,,
2022-06-24 21:00:00,21,,
2022-06-24 22:00:00,22,,
2022-06-24 23:00:00,23,,
2022-06-25 00:00:00,0,,
2022-06-25 01:00:00,1,,
2022-06-25 02:00:00,2,,
2022-06-25 03:00:00,3,,
2022-06-25 04:00:00,4,,
2022-06-25 05:00:00,5,,
2022-06-25 06:00:00,6,,
2022-06-25 07:00:00,7,,
2022-06-25 08:00:00,8,,
2022-06-25 09:00:00,9,,
2022-06-25 10:00:00,10,,
2022-06-25 11:00:00,11,,
2022-06-25 12:00:00,12,,
2022-06-25 13:00:00,13,,
2022-06-25 14:00:00,14,,
2022-06-25 15:00:00,15,,
2022-06-25 16:00:00,16,,
2022-06-25 17:00:00,17,,
2022-06-25 18:00:00,18,,
2022-06-25 19:00:00,19,,
2022-06-25 20:00:00,20,,
2022-06-25 21:00:00,21,,
2022-06-25 22:00:00,22,,
2022-06-25 23:00:00,23,,
2022-06-26 00:00:00,0,,
2022-06-26 01:00:00,1,,
2022-06-26 02:00:00,2,,
2022-06-26 03:00:00,3,,
2022-06-26 04:00:00,4,,
2022-06-26 05:00:00,5,,
2022-06-26 06:00:00,6,,
2022-06-26 07:00:00,7,,
2022-06-26 08:00:00,8,,
2022-06-26 09:00:00,9,,
2022-06-26 10:00:00,10,,
2022-06-26 11:00:00,11,,
2022-06-26 12:00:00,12,,
2022-06-26 13:00:00,13,,
2022-06-26 14:00:00,14,,
2022-06-26 15:00:00,15,,
2022-06-26 16:00:00,16,,
2022-06-26 17:00:00,17,,
2022-06-26 18:00:00,18,,
2022-06-26 19:00:00,19,,
2022-06-26 20:00:00,20,,
2022-06-26 21:00:00,21,,
2022-06-26 22:00:00,22,,
2022-06-26 23:00:00,23,,
2022-06-27 00:00:00,0,,
2022-06-27 01:00:00,1,,
2022-06-27 02:00:00,2,,
2022-06-27 03:00:00,3,,
2022-06-27 04:00:00,4,,
2022-06-27 05:00:00,5,,
2022-06-27 06:00:00,6,,
2022-06-27 07:00:00,7,,
2022-06-27 08:00:00,8,,
2022-06-27 09:00:00,9,,
2022-06-27 10:00:00,10,,
2022-06-27 11:00:00,11,,
2022-06-27 12:00:00,12,,
2022-06-27 13:00:00,13,,
2022-06-27 14:00:00,14,,
2022-06-27 15:00:00,15,,
2022-06-27 16:00:00,16,,
2022-06-27 17:00:00,17,,
2022-06-27 18:00:00,18,,
2022-06-27 19:00:00,19,,
2022-06-27 20:00:00,20,,
2022-06-27 21:00:00,21,,
2022-06-27 22:00:00,22,,
2022-06-27 23:00:00,23,,
2022-06-28 00:00:00,0,,
2022-06-28 01:00:00,1,,
2022-06-28 02:00:00,2,,
2022-06-28 03:00:00,3,,
2022-06-28 04:00:00,4,,
2022-06-28 05:00:00,5,,
2022-06-28 06:00:00,6,,
2022-06-28 07:00:00,7,,
2022-06-28 08:00:00,8,,
2022-06-28 09:00:00,9,,
2022-06-28 10:00:00,10,,
2022-06-28 11:00:00,11,,
2022-06-28 12:00:00,12,,
2022-06-28 13:00:00,13,,
2022-06-28 14:00:00,14,,
2022-06-28 15:00:00,15,,
2022-06-28 16:00:00,16,,
2022-06-28 17:00:00,17,,
2022-06-28 18:00:00,18,,
2022-06-28 19:00:00,19,,
2022-06-28 20:00:00,20,,
2022-06-28 21:00:00,21,,
2022-06-28 22:00:00,22,,
2022-06-28 23:00:00,23,,
2022-06-29 00:00:00,0,,
2022-06-29 01:00:00,1,,
2022-06-29 02:00:00,2,,
2022-06-29 03:00:00,3,,
2022-06-29 04:00:00,4,,
2022-06-29 05:00:00,5,,
2022-06-29 06:00:00,6,,
2022-06-29 07:00:00,7,,
2022-06-29 08:00:00,8,,
2022-06-29 09:00:00,9,,
2022-06-29 10:00:00,10,,
2022-06-29 11:00:00,11,,
2022-06-29 12:00:00,12,,
2022-06-29 13:00:00,13,,
2022-06-29 14:00:00,14,,
2022-06-29 15:00:00,15,,
2022-06-29 16:00:00,16,,
2022-06-29 17:00:00,17,,
2022-06-29 18:00:00,18,,
2022-06-29 19:00:00,19,,
2022-06-29 20:00:00,20,,
2022-06-29 21:00:00,21,,
2022-06-29 22:00:00,22,,
2022-06-29 23:00:00,23,,
2022-06-30 00:00:00,0,,
2022-06-30 01:00:00,1,,
2022-06-30 02:00:00,2,,
2022-06-30 03:00:00,3,,
2022-06-30 04:00:00,4,,
2022-06-30 05:00:00,5,,
2022-06-30 06:00:00,6,,
2022-06-30 07:00:00,7,,
2022-06-30 08:00:00,8,,
2022-06-30 09:00:00,9,,
2022-06-30 10:00:00,10,,
2022-06-30 11:00:00,11,,
2022-06-30 12:00:00,12,,
2022-06-30 13:00:00,13,,
2022-06-30 14:00:00,14,,
2022-06-30 15:00:00,15,,
2022-06-30 16:00:00,16,,
2022-06-30 17:00:00,17,,
2022-06-30 18:00:00,18,,
2022-06-30 19:00:00,19,,
2022-06-30 20:00:00,20,,
2022-06-30 21:00:00,21,,
2022-06-30 22:00:00,22,,
2022-06-30 23:00:00,23,,
2022-07-01 00:00:00,0,,
2022-07-01 01:00:00,1,,
2022-07-01 02:00:00,2,,
2022-07-01 03:00:00,3,,
2022-07-01 04:00:00,4,,
2022-07-01 05:00:00,5,,
2022-07-01 06:00:00,6,,
2022-07-01 07:00:00,7,,
2022-07-01 08:00:00,8,,
2022-07-01 09:00:00,9,,
2022-07-01 10:00:00,10,,
2022-07-01 11:00:00,11,,
2022-07-01 12:00:00,12,,
2022-07-01 13:00:00,13,,
2022-07-01 14:00:00,14,,
2022-07-01 15:00:00,15,,
2022-07-01 16:00:00,16,,
2022-07-01 17:00:00,17,,
2022-07-01 18:00:00,18,,
2022-07-01 19:00:00,19,,
2022-07-01 20:00:00,20,,
2022-07-01 21:00:00,21,,
2022-07-01 22:00:00,22,,
2022-07-01 23:00:00,23,,
2022-07-02 00:00:00,0,,
2022-07-02 01:00:00,1,,
2022-07-02 02:00:00,2,,
2022-07-02 03:00:00,3,,
2022-07-02 04:00:00,4,,
2022-07-02 05:00:00,5,,
2022-07-02 06:00:00,6,,
2022-07-02 07:00:00,7,,
2022-07-02 08:00:00,8,,
2022-07-02 09:00:00,9,,
2022-07-02 10:00:00,10,,
2022-07-02 11:00:00,11,,
2022-07-02 12:00:00,12,,
2022-07-02 13:00:00,13,,
2022-07-02 14:00:00,14,,
2022-07-02 15:00:00,15,,
2022-07-02 16:00:00,16,,
2022-07-02 17:00:00,17,,
2022-07-02 18:00:00,18,,
2022-07-02 19:00:00,19,,
2022-07-02 20:00:00,20,,
2022-07-02 21:00:00,21,,
2022-07-02 22:00:00,22,,
2022-07-02 23:00:00,23,,
2022-07-03 00:00:00,0,,
2022-07-03 01:00:00,1,,
2022-07-03 02:00:00,2,,
2022-07-03 03:00:00,3,,
2022-07-03 04:00:00,4,,
2022-07-03 05:00:00,5,,
2022-07-03 06:00:00,6,,
2022-07-03 07:00:00,7,,
2022-07-03 08:00:00,8,,
2022-07-03 09:00:00,9,,
2022-07-03 10:00:00,10,,
2022-07-03 11:00:00,11,,
2022-07-03 12:00:00,12,,
2022-07-03 13:00:00,13,,
2022-07-03 14:00:00,14,,
2022-07-03 15:00:00,15,,
2022-07-03 16:00:00,16,,
2022-07-03 17:00:00,17,,
2022-07-03 18:00:00,18,,
2022-07-03 19:00:00,19,,
2022-07-03 20:00:00,20,,
2022-07-03 21:00:00,21,,
2022-07-03 22:00:00,22,,
2022-07-03 23:00:00,23,,
2022-07-04 00:00:00,0,,
2022-07-04 01:00:00,1,,
2022-07-04 02:00:00,2,,
2022-07-04 03:00:00,3,,
2022-07-04 04:00:00,4,,
2022-07-04 05:00:00,5,,
2022-07-04 06:00:00,6,,
2022-07-04 07:00:00,7,,
2022-07-04 08:00:00,8,,
2022-07-04 09:00:00,9,,
2022-07-04 10:00:00,10,,
2022-07-04 11:00:00,11,,
2022-07-04 12:00:00,12,,
2022-07-04 13:00:00,13,,
2022-07-04 14:00:00,14,,
2022-07-04 15:00:00,15,,
2022-07-04 16:00:00,16,,
2022-07-04 17:00:00,17,,
2022-07-04 18:00:00,18,,
2022-07-04 19:00:00,19,,
2022-07-04 20:00:00,20,,
2022-07-04 21:00:00,21,,
2022-07-04 22:00:00,22,,
2022-07-04 23:00:00,23,,
2022-07-05 00:00:00,0,,
2022-07-05 01:00:00,1,,
2022-07-05 02:00:00,2,,
2022-07-05 03:00:00,3,,
2022-07-05 04:00:00,4,,
2022-07-05 05:00:00,5,,
2022-07-05 06:00:00,6,,
2022-07-05 07:00:00,7,,
2022-07-05 08:00:00,8,,
2022-07-05 09:00:00,9,,
2022-07-05 10:00:00,10,,
2022-07-05 11:00:00,11,,
2022-07-05 12:00:00,12,,
2022-07-05 13:00:00,13,,
2022-07-05 14:00:00,14,,
2022-07-05 15:00:00,15,,
2022-07-05 16:00:00,16,,
2022-07-05 17:00:00,17,,
2022-07-05 18:00:00,18,,
2022-07-05 19:00:00,19,,
2022-07-05 20:00:00,20,,
2022-07-05 21:00:00,21,,
2022-07-05 22:00:00,22,,
2022-07-05 23:00:00,23,,
2022-07-06 00:00:00,0,,
2022-07-06 01:00:00,1,,
2022-07-06 02:00:00,2,,
2022-07-06 03:00:00,3,,
2022-07-06 04:00:00,4,,
2022-07-06 05:00:00,5,,
2022-07-06 06:00:00,6,,
2022-07-06 07:00:00,7,,
2022-07-06 08:00:00,8,,
2022-07-06 09:00:00,9,,
2022-07-06 10:00:00,10,,
2022-07-06 11:00:00,11,,
2022-07-06 12:00:00,12,,
2022-07-06 13:00:00,13,,
2022-07-06 14:00:00,14,,
2022-07-06 15:00:00,15,,
2022-07-06 16:00:00,16,,
2022-07-06 17:00:00,17,,
2022-07-06 18:00:00,18,,
2022-07-06 19:00:00,19,,
2022-07-06 20:00:00,20,,
2022-07-06 21:00:00,21,,
2022-07-06 22:00:00,22,,
2022-07-06 23:00:00,23,,
2022-07-07 00:00:00,0,,
2022-07-07 01:00:00,1,,
2022-07-07 02:00:00,2,,
2022-07-07 03:00:00,3,,
2022-07-07 04:00:00,4,,
2022-07-07 05:00:00,5,,
2022-07-07 06:00:00,6,,
2022-07-07 07:00:00,7,,
2022-07-07 08:00:00,8,,
2022-07-07 09:00:00,9,,
2022-07-07 10:00:00,10,,
2022-07-07 11:00:00,11,,
2022-07-07 12:00:00,12,,
2022-07-07 13:00:00,13,,
2022-07-07 14:00:00,14,,
2022-07-07 15:00:00,15,,
2022-07-07 16:00:00,16,,
2022-07-07 17:00:00,17,,
2022-07-07 18:00:00,18,,
2022-07-07 19:00:00,19,,
2022-07-07 20:00:00,20,,
2022-07-07 21:00:00,21,,
2022-07-07 22:00:00,22,,
2022-07-07 23:00:00,23,,
2022-07-08 00:00:00,0,,
2022-07-08 01:00:00,1,,
2022-07-08 02:00:00,2,,
2022-07-08 03:00:00,3,,
2022-07-08 04:00:00,4,,
2022-07-08 05:00:00,5,,
2022-07-08 06:00:00,6,,
2022-07-08 07:00:00,7,,
2022-07-08 08:00:00,8,,
2022-07-08 09:00:00,9,,
2022-07-08 10:00:00,10,,
2022-07-08 11:00:00,11,,
2022-07-08 12:00:00,12,,
2022-07-08 13:00:00,13,,
2022-07-08 14:00:00,14,,
2022-07-08 15:00:00,15,,
2022-07-08 16:00:00,16,,
2022-07-08 17:00:00,17,,
2022-07-08 18:00:00,18,,
2022-07-08 19:00:00,19,,
2022-07-08 20:00:00,20,,
2022-07-08 21:00:00,21,,
2022-07-08 22:00:00,22,,
2022-07-08 23:00:00,23,,
2022-07-09 00:00:00,0,,
2022-07-09 01:00:00,1,,
2022-07-09 02:00:00,2,,
2022-07-09 03:00:00,3,,
2022-07-09 04:00:00,4,,
2022-07-09 05:00:00,5,,
2022-07-09 06:00:00,6,,
2022-07-09 07:00:00,7,,
2022-07-09 08:00:00,8,,
2022-07-09 09:00:00,9,,
2022-07-09 10:00:00,10,,
2022-07-09 11:00:00,11,,
2022-07-09 12:00:00,12,,
2022-07-09 13:00:00,13,,
2022-07-09 14:00:00,14,,
2022-07-09 15:00:00,15,,
2022-07-09 16:00:00,16,,
2022-07-09 17:00:00,17,,
2022-07-09 18:00:00,18,,
2022-07-09 19:00:00,19,,
2022-07-09 20:00:00,20,,
2022-07-09 21:00:00,21,,
2022-07-09 22:00:00,22,,
2022-07-09 23:00:00,23,,
2022-07-10 00:00:00,0,,
2022-07-10 01:00:00,1,,
2022-07-10 02:00:00,2,,
2022-07-10 03:00:00,3,,
2022-07-10 04:00:00,4,,
2022-07-10 05:00:00,5,,
2022-07-10 06:00:00,6,,
2022-07-10 07:00:00,7,,
2022-07-10 08:00:00,8,,
2022-07-10 09:00:00,9,,
2022-07-10 10:00:00,10,,
2022-07-10 11:00:00,11,,
2022-07-10 12:00:00,12,,
2022-07-10 13:00:00,13,,
2022-07-10 14:00:00,14,,
2022-07-10 15:00:00,15,,
2022-07-10 16:00:00,16,,
2022-07-10 17:00:00,17,,
2022-07-10 18:00:00,18,,
2022-07-10 19:00:00,19,,
2022-07-10 20:00:00,20,,
2022-07-10 21:00:00,21,,
2022-07-10 22:00:00,22,,
2022-07-10 23:00:00,23,,
2022-07-11 00:00:00,0,,
2022-07-11 01:00:00,1,,
2022-07-11 02:00:00,2,,
2022-07-11 03:00:00,3,,
2022-07-11 04:00:00,4,,
2022-07-11 05:00:00,5,,
2022-07-11 06:00:00,6,,
2022-07-11 07:00:00,7,,
2022-07-11 08:00:00,8,,
2022-07-11 09:00:00,9,,
2022-07-11 10:00:00,10,,
2022-07-11 11:00:00,11,,
2022-07-11 12:00:00,12,,
2022-07-11 13:00:00,13,,
2022-07-11 14:00:00,14,,
2022-07-11 15:00:00,15,,
2022-07-11 16:00:00,16,,
2022-07-11 17:00:00,17,,
2022-07-11 18:00:00,18,,
2022-07-11 19:00:00,19,,
2022-07-11 20:00:00,20,,
2022-07-11 21:00:00,21,,
2022-07-11 22:00:00,22,,
2022-07-11 23:00:00,23,,
2022-07-12 00:00:00,0,,
2022-07-12 01:00:00,1,,
2022-07-12 02:00:00,2,,
2022-07-12 03:00:00,3,,
2022-07-12 04:00:00,4,,
2022-07-12 05:00:00,5,,
2022-07-12 06:00:00,6,,
2022-07-12 07:00:00,7,,
2022-07-12 08:00:00,8,,
2022-07-12 09:00:00,9,,
2022-07-12 10:00:00,10,,
2022-07-12 11:00:00,11,,
2022-07-12 12:00:00,12,,
2022-07-12 13:00:00,13,,
2022-07-12 14:00:00,14,,
2022-07-12 15:00:00,15,,
2022-07-12 16:00:00,16,,
2022-07-12 17:00:00,17,,
2022-07-12 18:00:00,18,,
2022-07-12 19:00:00,19,,
2022-07-12 20:00:00,20,,
2022-07-12 21:00:00,21,,
2022-07-12 22:00:00,22,,
2022-07-12 23:00:00,23,,
2022-07-13 00:00:00,0,,
2022-07-13 01:00:00,1,,
2022-07-13 02:00:00,2,,
2022-07-13 03:00:00,3,,
2022-07-13 04:00:00,4,,
2022-07-13 05:00:00,5,,
2022-07-13 06:00:00,6,,
2022-07-13 07:00:00,7,,
2022-07-13 08:00:00,8,,
2022-07-13 09:00:00,9,,
2022-07-13 10:00:00,10,,
2022-07-13 11:00:00,11,,
2022-07-13 12:00:00,12,,
2022-07-13 13:00:00,13,,
2022-07-13 14:00:00,14,,
2022-07-13 15:00:00,15,,
2022-07-13 16:00:00,16,,
2022-07-13 17:00:00,17,,
2022-07-13 18:00:00,18,,
2022-07-13 19:00:00,19,,
2022-07-13 20:00:00,20,,
2022-07-13 21:00:00,21,,
2022-07-13 22:00:00,22,,
2022-07-13 23:00:00,23,,
2022-07-14 00:00:00,0,,
2022-07-14 01:00:00,1,,
2022-07-14 02:00:00,2,,
2022-07-14 03:00:00,3,,
2022-07-14 04:00:00,4,,
2022-07-14 05:00:00,5,,
2022-07-14 06:00:00,6,,
2022-07-14 07:00:00,7,,
2022-07-14 08:00:00,8,,
2022-07-14 09:00:00,9,,
2022-07-14 10:00:00,10,,
2022-07-14 11:00:00,11,,
2022-07-14 12:00:00,12,,
2022-07-14 13:00:00,13,,
2022-07-14 14:00:00,14,,
2022-07-14 15:00:00,15,,
2022-07-14 16:00:00,16,,
2022-07-14 17:00:00,17,,
2022-07-14 18:00:00,18,,
2022-07-14 19:00:00,19,,
2022-07-14 20:00:00,20,,
2022-07-14 21:00:00,21,,
2022-07-14 22:00:00,22,,
2022-07-14 23:00:00,23,,
2022-07-15 00:00:00,0,,
2022-07-15 01:00:00,1,,
2022-07-15 02:00:00,2,,
2022-07-15 03:00:00,3,,
2022-07-15 04:00:00,4,,
2022-07-15 05:00:00,5,,
2022-07-15 06:00:00,6,,
2022-07-15 07:00:00,7,,
2022-07-15 08:00:00,8,,
2022-07-15 09:00:00,9,,
2022-07-15 10:00:00,10,,
2022-07-15 11:00:00,11,,
2022-07-15 12:00:00,12,,
2022-07-15 13:00:00,13,,
2022-07-15 14:00:00,14,,
2022-07-15 15:00:00,15,,
2022-07-15 16:00:00,16,,
2022-07-15 17:00:00,17,,
2022-07-15 18:00:00,18,,
2022-07-15 19:00:00,19,,
2022-07-15 20:00:00,20,,
2022-07-15 21:00:00,21,,
2022-07-15 22:00:00,22,,
2022-07-15 23:00:00,23,,
2022-07-16 00:00:00,0,,
2022-07-16 01:00:00,1,,
2022-07-16 02:00:00,2,,
2022-07-16 03:00:00,3,,
2022-07-16 04:00:00,4,,
2022-07-16 05:00:00,5,,
2022-07-16 06:00:00,6,,
2022-07-16 07:00:00,7,,
2022-07-16 08:00:00,8,,
2022-07-16 09:00:00,9,,
2022-07-16 10:00:00,10,,
2022-07-16 11:00:00,11,,
2022-07-16 12:00:00,12,,
2022-07-16 13:00:00,13,,
2022-07-16 14:00:00,14,,
2022-07-16 15:00:00,15,,
2022-07-16 16:00:00,16,,
2022-07-16 17:00:00,17,,
2022-07-16 18:00:00,18,,
2022-07-16 19:00:00,19,,
2022-07-16 20:00:00,20,,
2022-07-16 21:00:00,21,,
2022-07-16 22:00:00,22,,
2022-07-16 23:00:00,23,,
2022-07-17 00:00:00,0,,
2022-07-17 01:00:00,1,,
2022-07-17 02:00:00,2,,
2022-07-17 03:00:00,3,,
2022-07-17 04:00:00,4,,
2022-07-17 05:00:00,5,,
2022-07-17 06:00:00,6,,
2022-07-17 07:00:00,7,,
2022-07-17 08:00:00,8,,
2022-07-17 09:00:00,9,,
2022-07-17 10:00:00,10,,
2022-07-17 11:00:00,11,,
2022-07-17 12:00:00,12,,
2022-07-17 13:00:00,13,,
2022-07-17 14:00:00,14,,
2022-07-17 15:00:00,15,,
2022-07-17 16:00:00,16,,
2022-07-17 17:00:00,17,,
2022-07-17 18:00:00,18,,
2022-07-17 19:00:00,19,,
2022-07-17 20:00:00,20,,
2022-07-17 21:00:00,21,,
2022-07-17 22:00:00,22,,
2022-07-17 23:00:00,23,,
2022-07-18 00:00:00,0,,
2022-07-18 01:00:00,1,,
2022-07-18 02:00:00,2,,
2022-07-18 03:00:00,3,,
2022-07-18 04:00:00,4,,
2022-07-18 05:00:00,5,,
2022-07-18 06:00:00,6,,
2022-07-18 07:00:00,7,,
2022-07-18 08:00:00,8,,
2022-07-18 09:00:00,9,,
2022-07-18 10:00:00,10,,
2022-07-18 11:00:00,11,,
2022-07-18 12:00:00,12,,
2022-07-18 13:00:00,13,,
2022-07-18 14:00:00,14,,
2022-07-18 15:00:00,15,,
2022-07-18 16:00:00,16,,
2022-07-18 17:00:00,17,,
2022-07-18 18:00:00,18,,
2022-07-18 19:00:00,19,,
2022-07-18 20:00:00,20,,
2022-07-18 21:00:00,21,,
2022-07-18 22:00:00,22,,
2022-07-18 23:00:00,23,,
2022-07-19 00:00:00,0,,
2022-07-19 01:00:00,1,,
2022-07-19 02:00:00,2,,
2022-07-19 03:00:00,3,,
2022-07-19 04:00:00,4,,
2022-07-19 05:00:00,5,,
2022-07-19 06:00:00,6,,
2022-07-19 07:00:00,7,,
2022-07-19 08:00:00,8,,
2022-07-19 09:00:00,9,,
2022-07-19 10:00:00,10,,
2022-07-19 11:00:00,11,,
2022-07-19 12:00:00,12,,
2022-07-19 13:00:00,13,,
2022-07-19 14:00:00,14,,
2022-07-19 15:00:00,15,,
2022-07-19 16:00:00,16,,
2022-07-19 17:00:00,17,,
2022-07-19 18:00:00,18,,
2022-07-19 19:00:00,19,,
2022-07-19 20:00:00,20,,
2022-07-19 21:00:00,21,,
2022-07-19 22:00:00,22,,
2022-07-19 23:00:00,23,,
2022-07-20 00:00:00,0,,
2022-07-20 01:00:00,1,,
2022-07-20 02:00:00,2,,
2022-07-20 03:00:00,3,,
2022-07-20 04:00:00,4,,
2022-07-20 05:00:00,5,,
2022-07-20 06:00:00,6,,
2022-07-20 07:00:00,7,,
2022-07-20 08:00:00,8,,
2022-07-20 09:00:00,9,,
2022-07-20 10:00:00,10,,
2022-07-20 11:00:00,11,,
2022-07-20 12:00:00,12,,
2022-07-20 13:00:00,13,,
2022-07-20 14:00:00,14,,
2022-07-20 15:00:00,15,,
2022-07-20 16:00:00,16,,
2022-07-20 17:00:00,17,,
2022-07-20 18:00:00,18,,
2022-07-20 19:00:00,19,,
2022-07-20 20:00:00,20,,
2022-07-20 21:00:00,21,,
2022-07-20 22:00:00,22,,
2022-07-20 23:00:00,23,,
2022-07-21 00:00:00,0,,
2022-07-21 01:00:00,1,,
2022-07-21 02:00:00,2,,
2022-07-21 03:00:00,3,,
2022-07-21 04:00:00,4,,
2022-07-21 05:00:00,5,,
2022-07-21 06:00:00,6,,
2022-07-21 07:00:00,7,,
2022-07-21 08:00:00,8,,
2022-07-21 09:00:00,9,,
2022-07-21 10:00:00,10,,
2022-07-21 11:00:00,11,,
2022-07-21 12:00:00,12,,
2022-07-21 13:00:00,13,,
2022-07-21 14:00:00,14,,
2022-07-21 15:00:00,15,,
2022-07-21 16:00:00,16,,
2022-07-21 17:00:00,17,,
2022-07-21 18:00:00,18,,
2022-07-21 19:00:00,19,,
2022-07-21 20:00:00,20,,
2022-07-21 21:00:00,21,,
2022-07-21 22:00:00,22,,
2022-07-21 23:00:00,23,,
2022-07-22 00:00:00,0,,
2022-07-22 01:00:00,1,,
2022-07-22 02:00:00,2,,
2022-07-22 03:00:00,3,,
2022-07-22 04:00:00,4,,
2022-07-22 05:00:00,5,,
2022-07-22 06:00:00,6,,
2022-07-22 07:00:00,7,,
2022-07-22 08:00:00,8,,
2022-07-22 09:00:00,9,,
2022-07-22 10:00:00,10,,
2022-07-22 11:00:00,11,,
2022-07-22 12:00:00,12,,
2022-07-22 13:00:00,13,,
2022-07-22 14:00:00,14,,
2022-07-22 15:00:00,15,,
2022-07-22 16:00:00,16,,
2022-07-22 17:00:00,17,,
2022-07-22 18:00:00,18,,
2022-07-22 19:00:00,19,,
2022-07-22 20:00:00,20,,
2022-07-22 21:00:00,21,,
2022-07-22 22:00:00,22,,
2022-07-22 23:00:00,23,,
2022-07-23 00:00:00,0,,
2022-07-23 01:00:00,1,,
2022-07-23 02:00:00,2,,
2022-07-23 03:00:00,3,,
2022-07-23 04:00:00,4,,
2022-07-23 05:00:00,5,,
2022-07-23 06:00:00,6,,
2022-07-23 07:00:00,7,,
2022-07-23 08:00:00,8,,
2022-07-23 09:00:00,9,,
2022-07-23 10:00:00,10,,
2022-07-23 11:00:00,11,,
2022-07-23 12:00:00,12,,
2022-07-23 13:00:00,13,,
2022-07-23 14:00:00,14,,
2022-07-23 15:00:00,15,,
2022-07-23 16:00:00,16,,
2022-07-23 17:00:00,17,,
2022-07-23 18:00:00,18,,
2022-07-23 19:00:00,19,,
2022-07-23 20:00:00,20,,
2022-07-23 21:00:00,21,,
2022-07-23 22:00:00,22,,
2022-07-23 23:00:00,23,,
2022-07-24 00:00:00,0,,
2022-07-24 01:00:00,1,,
2022-07-24 02:00:00,2,,
2022-07-24 03:00:00,3,,
2022-07-24 04:00:00,4,,
2022-07-24 05:00:00,5,,
2022-07-24 06:00:00,6,,
2022-07-24 07:00:00,7,,
2022-07-24 08:00:00,8,,
2022-07-24 09:00:00,9,,
2022-07-24 10:00:00,10,,
2022-07-24 11:00:00,11,,
2022-07-24 12:00:00,12,,
2022-07-24 13:00:00,13,,
2022-07-24 14:00:00,14,,
2022-07-24 15:00:00,15,,
2022-07-24 16:00:00,16,,
2022-07-24 17:00:00,17,,
2022-07-24 18:00:00,18,,
2022-07-24 19:00:00,19,,
2022-07-24 20:00:00,20,,
2022-07-24 21:00:00,21,,
2022-07-24 22:00:00,22,,
2022-07-24 23:00:00,23,,
2022-07-25 00:00:00,0,,
2022-07-25 01:00:00,1,,
2022-07-25 02:00:00,2,,
2022-07-25 03:00:00,3,,
2022-07-25 04:00:00,4,,
2022-07-25 05:00:00,5,,
2022-07-25 06:00:00,6,,
2022-07-25 07:00:00,7,,
2022-07-25 08:00:00,8,,
2022-07-25 09:00:00,9,,
2022-07-25 10:00:00,10,,
2022-07-25 11:00:00,11,,
2022-07-25 12:00:00,12,,
2022-07-25 13:00:00,13,,
2022-07-25 14:00:00,14,,
2022-07-25 15:00:00,15,,
2022-07-25 16:00:00,16,,
2022-07-25 17:00:00,17,,
2022-07-25 18:00:00,18,,
2022-07-25 19:00:00,19,,
2022-07-25 20:00:00,20,,
2022-07-25 21:00:00,21,,
2022-07-25 22:00:00,22,,
2022-07-25 23:00:00,23,,
2022-07-26 00:00:00,0,,
2022-07-26 01:00:00,1,,
2022-07-26 02:00:00,2,,
2022-07-26 03:00:00,3,,
2022-07-26 04:00:00,4,,
2022-07-26 05:00:00,5,,
2022-07-26 06:00:00,6,,
2022-07-26 07:00:00,7,,
2022-07-26 08:00:00,8,,
2022-07-26 09:00:00,9,,
2022-07-26 10:00:00,10,,
2022-07-26 11:00:00,11,,
2022-07-26 12:00:00,12,,
2022-07-26 13:00:00,13,,
2022-07-26 14:00:00,14,,
2022-07-26 15:00:00,15,,
2022-07-26 16:00:00,16,,
2022-07-26 17:00:00,17,,
2022-07-26 18:00:00,18,,
2022-07-26 19:00:00,19,,
2022-07-26 20:00:00,20,,
2022-07-26 21:00:00,21,,
2022-07-26 22:00:00,22,,
2022-07-26 23:00:00,23,,
2022-07-27 00:00:00,0,,
2022-07-27 01:00:00,1,,
2022-07-27 02:00:00,2,,
2022-07-27 03:00:00,3,,
2022-07-27 04:00:00,4,,
2022-07-27 05:00:00,5,,
2022-07-27 06:00:00,6,,
2022-07-27 07:00:00,7,,
2022-07-27 08:00:00,8,,
2022-07-27 09:00:00,9,,
2022-07-27 10:00:00,10,,
2022-07-27 11:00:00,11,,
2022-07-27 12:00:00,12,,
2022-07-27 13:00:00,13,,
2022-07-27 14:00:00,14,,
2022-07-27 15:00:00,15,,
2022-07-27 16:00:00,16,,
2022-07-27 17:00:00,17,,
2022-07-27 18:00:00,18,,
2022-07-27 19:00:00,19,,
2022-07-27 20:00:00,20,,
2022-07-27 21:00:00,21,,
2022-07-27 22:00:00,22,,
2022-07-27 23:00:00,23,,
2022-07-28 00:00:00,0,,
2022-07-28 01:00:00,1,,
2022-07-28 02:00:00,2,,
2022-07-28 03:00:00,3,,
2022-07-28 04:00:00,4,,
2022-07-28 05:00:00,5,,
2022-07-28 06:00:00,6,,
2022-07-28 07:00:00,7,,
2022-07-28 08:00:00,8,,
2022-07-28 09:00:00,9,,
2022-07-28 10:00:00,10,,
2022-07-28 11:00:00,11,,
2022-07-28 12:00:00,12,,
2022-07-28 13:00:00,13,,
2022-07-28 14:00:00,14,,
2022-07-28 15:00:00,15,,
2022-07-28 16:00:00,16,,
2022-07-28 17:00:00,17,,
2022-07-28 18:00:00,18,,
2022-07-28 19:00:00,19,,
2022-07-28 20:00:00,20,,
2022-07-28 21:00:00,21,,
2022-07-28 22:00:00,22,,
2022-07-28 23:00:00,23,,
2022-07-29 00:00:00,0,,
2022-07-29 01:00:00,1,,
2022-07-29 02:00:00,2,,
2022-07-29 03:00:00,3,,
2022-07-29 04:00:00,4,,
2022-07-29 05:00:00,5,,
2022-07-29 06:00:00,6,,
2022-07-29 07:00:00,7,,
2022-07-29 08:00:00,8,,
2022-07-29 09:00:00,9,,
2022-07-29 10:00:00,10,,
2022-07-29 11:00:00,11,,
2022-07-29 12:00:00,12,,
2022-07-29 13:00:00,13,,
2022-07-29 14:00:00,14,,
2022-07-29 15:00:00,15,,
2022-07-29 16:00:00,16,,
2022-07-29 17:00:00,17,,
2022-07-29 18:00:00,18,,
2022-07-29 19:00:00,19,,
2022-07-29 20:00:00,20,,
2022-07-29 21:00:00,21,,
2022-07-29 22:00:00,22,,
2022-07-29 23:00:00,23,,
2022-07-30 00:00:00,0,,
2022-07-30 01:00:00,1,,
2022-07-30 02:00:00,2,,
2022-07-30 03:00:00,3,,
2022-07-30 04:00:00,4,,
2022-07-30 05:00:00,5,,
2022-07-30 06:00:00,6,,
2022-07-30 07:00:00,7,,
2022-07-30 08:00:00,8,,
2022-07-30 09:00:00,9,,
2022-07-30 10:00:00,10,,
2022-07-30 11:00:00,11,,
2022-07-30 12:00:00,12,,
2022-07-30 13:00:00,13,,
2022-07-30 14:00:00,14,,
2022-07-30 15:00:00,15,,
2022-07-30 16:00:00,16,,
2022-07-30 17:00:00,17,,
2022-07-30 18:00:00,18,,
2022-07-30 19:00:00,19,,
2022-07-30 20:00:00,20,,
2022-07-30 21:00:00,21,,
2022-07-30 22:00:00,22,,
2022-07-30 23:00:00,23,,
2022-07-31 00:00:00,0,,
2022-07-31 01:00:00,1,,
2022-07-31 02:00:00,2,,
2022-07-31 03:00:00,3,,
2022-07-31 04:00:00,4,,
2022-07-31 05:00:00,5,,
2022-07-31 06:00:00,6,,
2022-07-31 07:00:00,7,,
2022-07-31 08:00:00,8,,
2022-07-31 09:00:00,9,,
2022-07-31 10:00:00,10,,
2022-07-31 11:00:00,11,,
2022-07-31 12:00:00,12,,
2022-07-31 13:00:00,13,,
2022-07-31 14:00:00,14,,
2022-07-31 15:00:00,15,,
2022-07-31 16:00:00,16,,
2022-07-31 17:00:00,17,,
2022-07-31 18:00:00,18,,
2022-07-31 19:00:00,19,,
2022-07-31 20:00:00,20,,
2022-07-31 21:00:00,21,,
2022-07-31 22:00:00,22,,
2022-07-31 23:00:00,23,,
2022-08-01 00:00:00,0,,
2022-08-01 01:00:00,1,,
2022-08-01 02:00:00,2,,
2022-08-01 03:00:00,3,,
2022-08-01 04:00:00,4,,
2022-08-01 05:00:00,5,,
2022-08-01 06:00:00,6,,
2022-08-01 07:00:00,7,,
2022-08-01 08:00:00,8,,
2022-08-01 09:00:00,9,,
2022-08-01 10:00:00,10,,
2022-08-01 11:00:00,11,,
2022-08-01 12:00:00,12,,
2022-08-01 13:00:00,13,,
2022-08-01 14:00:00,14,,
2022-08-01 15:00:00,15,,
2022-08-01 16:00:00,16,,
2022-08-01 17:00:00,17,,
2022-08-01 18:00:00,18,,
2022-08-01 19:00:00,19,,
2022-08-01 20:00:00,20,,
2022-08-01 21:00:00,21,,
2022-08-01 22:00:00,22,,
2022-08-01 23:00:00,23,,
2022-08-02 00:00:00,0,,
2022-08-02 01:00:00,1,,
2022-08-02 02:00:00,2,,
2022-08-02 03:00:00,3,,
2022-08-02 04:00:00,4,,
2022-08-02 05:00:00,5,,
2022-08-02 06:00:00,6,,
2022-08-02 07:00:00,7,,
2022-08-02 08:00:00,8,,
2022-08-02 09:00:00,9,,
2022-08-02 10:00:00,10,,
2022-08-02 11:00:00,11,,
2022-08-02 12:00:00,12,,
2022-08-02 13:00:00,13,,
2022-08-02 14:00:00,14,,
2022-08-02 15:00:00,15,,
2022-08-02 16:00:00,16,,
2022-08-02 17:00:00,17,,
2022-08-02 18:00:00,18,,
2022-08-02 19:00:00,19,,
2022-08-02 20:00:00,20,,
2022-08-02 21:00:00,21,,
2022-08-02 22:00:00,22,,
2022-08-02 23:00:00,23,,
2022-08-03 00:00:00,0,,
2022-08-03 01:00:00,1,,
2022-08-03 02:00:00,2,,
2022-08-03 03:00:00,3,,
2022-08-03 04:00:00,4,,
2022-08-03 05:00:00,5,,
2022-08-03 06:00:00,6,,
2022-08-03 07:00:00,7,,
2022-08-03 08:00:00,8,,
2022-08-03 09:00:00,9,,
2022-08-03 10:00:00,10,,
2022-08-03 11:00:00,11,,
2022-08-03 12:00:00,12,,
2022-08-03 13:00:00,13,,
2022-08-03 14:00:00,14,,
2022-08-03 15:00:00,15,,
2022-08-03 16:00:00,16,,
2022-08-03 17:00:00,17,,
2022-08-03 18:00:00,18,,
2022-08-03 19:00:00,19,,
2022-08-03 20:00:00,20,,
2022-08-03 21:00:00,21,,
2022-08-03 22:00:00,22,,
2022-08-03 23:00:00,23,,
2022-08-04 00:00:00,0,,
2022-08-04 01:00:00,1,,
2022-08-04 02:00:00,2,,
2022-08-04 03:00:00,3,,
2022-08-04 04:00:00,4,,
2022-08-04 05:00:00,5,,
2022-08-04 06:00:00,6,,
2022-08-04 07:00:00,7,,
2022-08-04 08:00:00,8,,
2022-08-04 09:00:00,9,,
2022-08-04 10:00:00,10,,
2022-08-04 11:00:00,11,,
2022-08-04 12:00:00,12,,
2022-08-04 13:00:00,13,,
2022-08-04 14:00:00,14,,
2022-08-04 15:00:00,15,,
2022-08-04 16:00:00,16,,
2022-08-04 17:00:00,17,,
2022-08-04 18:00:00,18,,
2022-08-04 19:00:00,19,,
2022-08-04 20:00:00,20,,
2022-08-04 21:00:00,21,,
2022-08-04 22:00:00,22,,
2022-08-04 23:00:00,23,,
2022-08-05 00:00:00,0,,
2022-08-05 01:00:00,1,,
2022-08-05 02:00:00,2,,
2022-08-05 03:00:00,3,,
2022-08-05 04:00:00,4,,
2022-08-05 05:00:00,5,,
2022-08-05 06:00:00,6,,
2022-08-05 07:00:00,7,,
2022-08-05 08:00:00,8,,
2022-08-05 09:00:00,9,,
2022-08-05 10:00:00,10,,
2022-08-05 11:00:00,11,,
2022-08-05 12:00:00,12,,
2022-08-05 13:00:00,13,,
2022-08-05 14:00:00,14,,
2022-08-05 15:00:00,15,,
2022-08-05 16:00:00,16,,
2022-08-05 17:00:00,17,,
2022-08-05 18:00:00,18,,
2022-08-05 19:00:00,19,,
2022-08-05 20:00:00,20,,
2022-08-05 21:00:00,21,,
2022-08-05 22:00:00,22,,
2022-08-05 23:00:00,23,,
2022-08-06 00:00:00,0,,
2022-08-06 01:00:00,1,,
2022-08-06 02:00:00,2,,
2022-08-06 03:00:00,3,,
2022-08-06 04:00:00,4,,
2022-08-06 05:00:00,5,,
2022-08-06 06:00:00,6,,
2022-08-06 07:00:00,7,,
2022-08-06 08:00:00,8,,
2022-08-06 09:00:00,9,,
2022-08-06 10:00:00,10,,
2022-08-06 11:00:00,11,,
2022-08-06 12:00:00,12,,
2022-08-06 13:00:00,13,,
2022-08-06 14:00:00,14,,
2022-08-06 15:00:00,15,,
2022-08-06 16:00:00,16,,
2022-08-06 17:00:00,17,,
2022-08-06 18:00:00,18,,
2022-08-06 19:00:00,19,,
2022-08-06 20:00:00,20,,
2022-08-06 21:00:00,21,,
2022-08-06 22:00:00,22,,
2022-08-06 23:00:00,23,,
2022-08-07 00:00:00,0,,
2022-08-07 01:00:00,1,,
2022-08-07 02:00:00,2,,
2022-08-07 03:00:00,3,,
2022-08-07 04:00:00,4,,
2022-08-07 05:00:00,5,,
2022-08-07 06:00:00,6,,
2022-08-07 07:00:00,7,,
2022-08-07 08:00:00,8,,
2022-08-07 09:00:00,9,,
2022-08-07 10:00:00,10,,
2022-08-07 11:00:00,11,,
2022-08-07 12:00:00,12,,
2022-08-07 13:00:00,13,,
2022-08-07 14:00:00,14,,
2022-08-07 15:00:00,15,,
2022-08-07 16:00:00,16,,
2022-08-07 17:00:00,17,,
2022-08-07 18:00:00,18,,
2022-08-07 19:00:00,19,,
2022-08-07 20:00:00,20,,
2022-08-07 21:00:00,21,,
2022-08-07 22:00:00,22,,
2022-08-07 23:00:00,23,,
2022-08-08 00:00:00,0,,
2022-08-08 01:00:00,1,,
2022-08-08 02:00:00,2,,
2022-08-08 03:00:00,3,,
2022-08-08 04:00:00,4,,
2022-08-08 05:00:00,5,,
2022-08-08 06:00:00,6,,
2022-08-08 07:00:00,7,,
2022-08-08 08:00:00,8,,
2022-08-08 09:00:00,9,,
2022-08-08 10:00:00,10,,
2022-08-08 11:00:00,11,,
2022-08-08 12:00:00,12,,
2022-08-08 13:00:00,13,,
2022-08-08 14:00:00,14,,
2022-08-08 15:00:00,15,,
2022-08-08 16:00:00,16,,
2022-08-08 17:00:00,17,,
2022-08-08 18:00:00,18,,
2022-08-08 19:00:00,19,,
2022-08-08 20:00:00,20,,
2022-08-08 21:00:00,21,,
2022-08-08 22:00:00,22,,
2022-08-08 23:00:00,23,,
2022-08-09 00:00:00,0,,
2022-08-09 01:00:00,1,,
2022-08-09 02:00:00,2,,
2022-08-09 03:00:00,3,,
2022-08-09 04:00:00,4,,
2022-08-09 05:00:00,5,,
2022-08-09 06:00:00,6,,
2022-08-09 07:00:00,7,,
2022-08-09 08:00:00,8,,
2022-08-09 09:00:00,9,,
2022-08-09 10:00:00,10,,
2022-08-09 11:00:00,11,,
2022-08-09 12:00:00,12,,
2022-08-09 13:00:00,13,,
2022-08-09 14:00:00,14,,
2022-08-09 15:00:00,15,,
2022-08-09 16:00:00,16,,
2022-08-09 17:00:00,17,,
2022-08-09 18:00:00,18,,
2022-08-09 19:00:00,19,,
2022-08-09 20:00:00,20,,
2022-08-09 21:00:00,21,,
2022-08-09 22:00:00,22,,
2022-08-09 23:00:00,23,,
2022-08-10 00:00:00,0,,
2022-08-10 01:00:00,1,,
2022-08-10 02:00:00,2,,
2022-08-10 03:00:00,3,,
2022-08-10 04:00:00,4,,
2022-08-10 05:00:00,5,,
2022-08-10 06:00:00,6,,
2022-08-10 07:00:00,7,,
2022-08-10 08:00:00,8,,
2022-08-10 09:00:00,9,,
2022-08-10 10:00:00,10,,
2022-08-10 11:00:00,11,,
2022-08-10 12:00:00,12,,
2022-08-10 13:00:00,13,,
2022-08-10 14:00:00,14,,
2022-08-10 15:00:00,15,,
2022-08-10 16:00:00,16,,
2022-08-10 17:00:00,17,,
2022-08-10 18:00:00,18,,
2022-08-10 19:00:00,19,,
2022-08-10 20:00:00,20,,
2022-08-10 21:00:00,21,,
2022-08-10 22:00:00,22,,
2022-08-10 23:00:00,23,,
2022-08-11 00:00:00,0,,
2022-08-11 01:00:00,1,,
2022-08-11 02:00:00,2,,
2022-08-11 03:00:00,3,,
2022-08-11 04:00:00,4,,
2022-08-11 05:00:00,5,,
2022-08-11 06:00:00,6,,
2022-08-11 07:00:00,7,,
2022-08-11 08:00:00,8,,
2022-08-11 09:00:00,9,,
2022-08-11 10:00:00,10,,
2022-08-11 11:00:00,11,,
2022-08-11 12:00:00,12,,
2022-08-11 13:00:00,13,,
2022-08-11 14:00:00,14,,
2022-08-11 15:00:00,15,,
2022-08-11 16:00:00,16,,
2022-08-11 17:00:00,17,,
2022-08-11 18:00:00,18,,
2022-08-11 19:00:00,19,,
2022-08-11 20:00:00,20,,
2022-08-11 21:00:00,21,,
2022-08-11 22:00:00,22,,
2022-08-11 23:00:00,23,,
2022-08-12 00:00:00,0,,
2022-08-12 01:00:00,1,,
2022-08-12 02:00:00,2,,
2022-08-12 03:00:00,3,,
2022-08-12 04:00:00,4,,
2022-08-12 05:00:00,5,,
2022-08-12 06:00:00,6,,
2022-08-12 07:00:00,7,,
2022-08-12 08:00:00,8,,
2022-08-12 09:00:00,9,,
2022-08-12 10:00:00,10,,
2022-08-12 11:00:00,11,,
2022-08-12 12:00:00,12,,
2022-08-12 13:00:00,13,,
2022-08-12 14:00:00,14,,
2022-08-12 15:00:00,15,,
2022-08-12 16:00:00,16,,
2022-08-12 17:00:00,17,,
2022-08-12 18:00:00,18,,
2022-08-12 19:00:00,19,,
2022-08-12 20:00:00,20,,
2022-08-12 21:00:00,21,,
2022-08-12 22:00:00,22,,
2022-08-12 23:00:00,23,,
2022-08-13 00:00:00,0,,
2022-08-13 01:00:00,1,,
2022-08-13 02:00:00,2,,
2022-08-13 03:00:00,3,,
2022-08-13 04:00:00,4,,
2022-08-13 05:00:00,5,,
2022-08-13 06:00:00,6,,
2022-08-13 07:00:00,7,,
2022-08-13 08:00:00,8,,
2022-08-13 09:00:00,9,,
2022-08-13 10:00:00,10,,
2022-08-13 11:00:00,11,,
2022-08-13 12:00:00,12,,
2022-08-13 13:00:00,13,,
2022-08-13 14:00:00,14,,
2022-08-13 15:00:00,15,,
2022-08-13 16:00:00,16,,
2022-08-13 17:00:00,17,,
2022-08-13 18:00:00,18,,
2022-08-13 19:00:00,19,,
2022-08-13 20:00:00,20,,
2022-08-13 21:00:00,21,,
2022-08-13 22:00:00,22,,
2022-08-13 23:00:00,23,,
2022-08-14 00:00:00,0,,
2022-08-14 01:00:00,1,,
2022-08-14 02:00:00,2,,
2022-08-14 03:00:00,3,,
2022-08-14 04:00:00,4,,
2022-08-14 05:00:00,5,,
2022-08-14 06:00:00,6,,
2022-08-14 07:00:00,7,,
2022-08-14 08:00:00,8,,
2022-08-14 09:00:00,9,,
2022-08-14 10:00:00,10,,
2022-08-14 11:00:00,11,,
2022-08-14 12:00:00,12,,
2022-08-14 13:00:00,13,,
2022-08-14 14:00:00,14,,
2022-08-14 15:00:00,15,,
2022-08-14 16:00:00,16,,
2022-08-14 17:00:00,17,,
2022-08-14 18:00:00,18,,
2022-08-14 19:00:00,19,,
2022-08-14 20:00:00,20,,
2022-08-14 21:00:00,21,,
2022-08-14 22:00:00,22,,
2022-08-14 23:00:00,23,,
2022-08-15 00:00:00,0,,
2022-08-15 01:00:00,1,,
2022-08-15 02:00:00,2,,
2022-08-15 03:00:00,3,,
2022-08-15 04:00:00,4,,
2022-08-15 05:00:00,5,,
2022-08-15 06:00:00,6,,
2022-08-15 07:00:00,7,,
2022-08-15 08:00:00,8,,
2022-08-15 09:00:00,9,,
2022-08-15 10:00:00,10,,
2022-08-15 11:00:00,11,,
2022-08-15 12:00:00,12,,
2022-08-15 13:00:00,13,,
2022-08-15 14:00:00,14,,
2022-08-15 15:00:00,15,,
2022-08-15 16:00:00,16,,
2022-08-15 17:00:00,17,,
2022-08-15 18:00:00,18,,
2022-08-15 19:00:00,19,,
2022-08-15 20:00:00,20,,
2022-08-15 21:00:00,21,,
2022-08-15 22:00:00,22,,
2022-08-15 23:00:00,23,,
2022-08-16 00:00:00,0,,
2022-08-16 01:00:00,1,,
2022-08-16 02:00:00,2,,
2022-08-16 03:00:00,3,,
2022-08-16 04:00:00,4,,
2022-08-16 05:00:00,5,,
2022-08-16 06:00:00,6,,
2022-08-16 07:00:00,7,,
2022-08-16 08:00:00,8,,
2022-08-16 09:00:00,9,,
2022-08-16 10:00:00,10,,
2022-08-16 11:00:00,11,,
2022-08-16 12:00:00,12,,
2022-08-16 13:00:00,13,,
2022-08-16 14:00:00,14,,
2022-08-16 15:00:00,15,,
2022-08-16 16:00:00,16,,
2022-08-16 17:00:00,17,,
2022-08-16 18:00:00,18,,
2022-08-16 19:00:00,19,,
2022-08-16 20:00:00,20,,
2022-08-16 21:00:00,21,,
2022-08-16 22:00:00,22,,
2022-08-16 23:00:00,23,,
2022-08-17 00:00:00,0,,
2022-08-17 01:00:00,1,,
2022-08-17 02:00:00,2,,
2022-08-17 03:00:00,3,,
2022-08-17 04:00:00,4,,
2022-08-17 05:00:00,5,,
2022-08-17 06:00:00,6,,
2022-08-17 07:00:00,7,,
2022-08-17 08:00:00,8,,
2022-08-17 09:00:00,9,,
2022-08-17 10:00:00,10,,
2022-08-17 11:00:00,11,,
2022-08-17 12:00:00,12,,
2022-08-17 13:00:00,13,,
2022-08-17 14:00:00,14,,
2022-08-17 15:00:00,15,,
2022-08-17 16:00:00,16,,
2022-08-17 17:00:00,17,,
2022-08-17 18:00:00,18,,
2022-08-17 19:00:00,19,,
2022-08-17 20:00:00,20,,
2022-08-17 21:00:00,21,,
2022-08-17 22:00:00,22,,
2022-08-17 23:00:00,23,,
2022-08-18 00:00:00,0,,
2022-08-18 01:00:00,1,,
2022-08-18 02:00:00,2,,
2022-08-18 03:00:00,3,,
2022-08-18 04:00:00,4,,
2022-08-18 05:00:00,5,,
2022-08-18 06:00:00,6,,
2022-08-18 07:00:00,7,,
2022-08-18 08:00:00,8,,
2022-08-18 09:00:00,9,,
2022-08-18 10:00:00,10,,
2022-08-18 11:00:00,11,,
2022-08-18 12:00:00,12,,
2022-08-18 13:00:00,13,,
2022-08-18 14:00:00,14,,
2022-08-18 15:00:00,15,,
2022-08-18 16:00:00,16,,
2022-08-18 17:00:00,17,,
2022-08-18 18:00:00,18,,
2022-08-18 19:00:00,19,,
2022-08-18 20:00:00,20,,
2022-08-18 21:00:00,21,,
2022-08-18 22:00:00,22,,
2022-08-18 23:00:00,23,,
2022-08-19 00:00:00,0,,
2022-08-19 01:00:00,1,,
2022-08-19 02:00:00,2,,
2022-08-19 03:00:00,3,,
2022-08-19 04:00:00,4,,
2022-08-19 05:00:00,5,,
2022-08-19 06:00:00,6,,
2022-08-19 07:00:00,7,,
2022-08-19 08:00:00,8,,
2022-08-19 09:00:00,9,,
2022-08-19 10:00:00,10,,
2022-08-19 11:00:00,11,,
2022-08-19 12:00:00,12,,
2022-08-19 13:00:00,13,,
2022-08-19 14:00:00,14,,
2022-08-19 15:00:00,15,,
2022-08-19 16:00:00,16,,
2022-08-19 17:00:00,17,,
2022-08-19 18:00:00,18,,
2022-08-19 19:00:00,19,,
2022-08-19 20:00:00,20,,
2022-08-19 21:00:00,21,,
2022-08-19 22:00:00,22,,
2022-08-19 23:00:00,23,,
2022-08-20 00:00:00,0,,
2022-08-20 01:00:00,1,,
2022-08-20 02:00:00,2,,
2022-08-20 03:00:00,3,,
2022-08-20 04:00:00,4,,
2022-08-20 05:00:00,5,,
2022-08-20 06:00:00,6,,
2022-08-20 07:00:00,7,,
2022-08-20 08:00:00,8,,
2022-08-20 09:00:00,9,,
2022-08-20 10:00:00,10,,
2022-08-20 11:00:00,11,,
2022-08-20 12:00:00,12,,
2022-08-20 13:00:00,13,,
2022-08-20 14:00:00,14,,
2022-08-20 15:00:00,15,,
2022-08-20 16:00:00,16,,
2022-08-20 17:00:00,17,,
2022-08-20 18:00:00,18,,
2022-08-20 19:00:00,19,,
2022-08-20 20:00:00,20,,
2022-08-20 21:00:00,21,,
2022-08-20 22:00:00,22,,
2022-08-20 23:00:00,23,,
2022-08-21 00:00:00,0,,
2022-08-21 01:00:00,1,,
2022-08-21 02:00:00,2,,
2022-08-21 03:00:00,3,,
2022-08-21 04:00:00,4,,
2022-08-21 05:00:00,5,,
2022-08-21 06:00:00,6,,
2022-08-21 07:00:00,7,,
2022-08-21 08:00:00,8,,
2022-08-21 09:00:00,9,,
2022-08-21 10:00:00,10,,
2022-08-21 11:00:00,11,,
2022-08-21 12:00:00,12,,
2022-08-21 13:00:00,13,,
2022-08-21 14:00:00,14,,
2022-08-21 15:00:00,15,,
2022-08-21 16:00:00,16,,
2022-08-21 17:00:00,17,,
2022-08-21 18:00:00,18,,
2022-08-21 19:00:00,19,,
2022-08-21 20:00:00,20,,
2022-08-21 21:00:00,21,,
2022-08-21 22:00:00,22,,
2022-08-21 23:00:00,23,,
2022-08-22 00:00:00,0,,
2022-08-22 01:00:00,1,,
2022-08-22 02:00:00,2,,
2022-08-22 03:00:00,3,,
2022-08-22 04:00:00,4,,
2022-08-22 05:00:00,5,,
2022-08-22 06:00:00,6,,
2022-08-22 07:00:00,7,,
2022-08-22 08:00:00,8,,
2022-08-22 09:00:00,9,,
2022-08-22 10:00:00,10,,
2022-08-22 11:00:00,11,,
2022-08-22 12:00:00,12,,
2022-08-22 13:00:00,13,,
2022-08-22 14:00:00,14,,
2022-08-22 15:00:00,15,,
2022-08-22 16:00:00,16,,
2022-08-22 17:00:00,17,,
2022-08-22 18:00:00,18,,
2022-08-22 19:00:00,19,,
2022-08-22 20:00:00,20,,
2022-08-22 21:00:00,21,,
2022-08-22 22:00:00,22,,
2022-08-22 23:00:00,23,,
2022-08-23 00:00:00,0,,
2022-08-23 01:00:00,1,,
2022-08-23 02:00:00,2,,
2022-08-23 03:00:00,3,,
2022-08-23 04:00:00,4,,
2022-08-23 05:00:00,5,,
2022-08-23 06:00:00,6,,
2022-08-23 07:00:00,7,,
2022-08-23 08:00:00,8,,
2022-08-23 09:00:00,9,,
2022-08-23 10:00:00,10,,
2022-08-23 11:00:00,11,,
2022-08-23 12:00:00,12,,
2022-08-23 13:00:00,13,,
2022-08-23 14:00:00,14,,
2022-08-23 15:00:00,15,,
2022-08-23 16:00:00,16,,
2022-08-23 17:00:00,17,,
2022-08-23 18:00:00,18,,
2022-08-23 19:00:00,19,,
2022-08-23 20:00:00,20,,
2022-08-23 21:00:00,21,,
2022-08-23 22:00:00,22,,
2022-08-23 23:00:00,23,,
2022-08-24 00:00:00,0,,
2022-08-24 01:00:00,1,,
2022-08-24 02:00:00,2,,
2022-08-24 03:00:00,3,,
2022-08-24 04:00:00,4,,
2022-08-24 05:00:00,5,,
2022-08-24 06:00:00,6,,
2022-08-24 07:00:00,7,,
2022-08-24 08:00:00,8,,
2022-08-24 09:00:00,9,,
2022-08-24 10:00:00,10,,
2022-08-24 11:00:00,11,,
2022-08-24 12:00:00,12,,
2022-08-24 13:00:00,13,,
2022-08-24 14:00:00,14,,
2022-08-24 15:00:00,15,,
2022-08-24 16:00:00,16,,
2022-08-24 17:00:00,17,,
2022-08-24 18:00:00,18,,
2022-08-24 19:00:00,19,,
2022-08-24 20:00:00,20,,
2022-08-24 21:00:00,21,,
2022-08-24 22:00:00,22,,
2022-08-24 23:00:00,23,,
2022-08-25 00:00:00,0,,
2022-08-25 01:00:00,1,,
2022-08-25 02:00:00,2,,
2022-08-25 03:00:00,3,,
2022-08-25 04:00:00,4,,
2022-08-25 05:00:00,5,,
2022-08-25 06:00:00,6,,
2022-08-25 07:00:00,7,,
2022-08-25 08:00:00,8,,
2022-08-25 09:00:00,9,,
2022-08-25 10:00:00,10,,
2022-08-25 11:00:00,11,,
2022-08-25 12:00:00,12,,
2022-08-25 13:00:00,13,,
2022-08-25 14:00:00,14,,
2022-08-25 15:00:00,15,,
2022-08-25 16:00:00,16,,
2022-08-25 17:00:00,17,,
2022-08-25 18:00:00,18,,
2022-08-25 19:00:00,19,,
2022-08-25 20:00:00,20,,
2022-08-25 21:00:00,21,,
2022-08-25 22:00:00,22,,
2022-08-25 23:00:00,23,,
2022-08-26 00:00:00,0,,
2022-08-26 01:00:00,1,,
2022-08-26 02:00:00,2,,
2022-08-26 03:00:00,3,,
2022-08-26 04:00:00,4,,
2022-08-26 05:00:00,5,,
2022-08-26 06:00:00,6,,
2022-08-26 07:00:00,7,,
2022-08-26 08:00:00,8,,
2022-08-26 09:00:00,9,,
2022-08-26 10:00:00,10,,
2022-08-26 11:00:00,11,,
2022-08-26 12:00:00,12,,
2022-08-26 13:00:00,13,,
2022-08-26 14:00:00,14,,
2022-08-26 15:00:00,15,2513.2,5.5
2022-08-26 16:00:00,16,2456.9,5.0
2022-08-26 17:00:00,17,2843.3,5.4
2022-08-26 18:00:00,18,2227.9,5.1
2022-08-26 19:00:00,19,1331.7,5.5
2022-08-26 20:00:00,20,748.9,4.8
2022-08-26 21:00:00,21,56.2,5.2
2022-08-26 22:00:00,22,,3.9
2022-08-26 23:00:00,23,,4.3
2022-08-27 00:00:00,0,,3.1
2022-08-27 01:00:00,1,,2.5
2022-08-27 02:00:00,2,,3.5
2022-08-27 03:00:00,3,,4.0
2022-08-27 04:00:00,4,,4.0
2022-08-27 05:00:00,5,,1.5
2022-08-27 06:00:00,6,,0.3
2022-08-27 07:00:00,7,,0.5
2022-08-27 08:00:00,8,,0.5
2022-08-27 09:00:00,9,13.3,1.0
2022-08-27 10:00:00,10,403.1,1.2
2022-08-27 11:00:00,11,1074.9,3.2
2022-08-27 12:00:00,12,2083.3,4.5
2022-08-27 13:00:00,13,2310.8,4.6
2022-08-27 14:00:00,14,3008.9,4.2
2022-08-27 15:00:00,15,2809.7,4.5
2022-08-27 16:00:00,16,2996.1,4.3
2022-08-27 17:00:00,17,2097.5,5.1
2022-08-27 18:00:00,18,2096.4,5.3
2022-08-27 19:00:00,19,1656.6,5.0
2022-08-27 20:00:00,20,664.6,4.1
2022-08-27 21:00:00,21,36.3,3.8
2022-08-27 22:00:00,22,,2.7
2022-08-27 23:00:00,23,,4.1
2022-08-28 00:00:00,0,,4.2
2022-08-28 01:00:00,1,,2.4
2022-08-28 02:00:00,2,,2.5
2022-08-28 03:00:00,3,,2.2
2022-08-28 04:00:00,4,,1.8
2022-08-28 05:00:00,5,,3.0
2022-08-28 06:00:00,6,,2.3
2022-08-28 07:00:00,7,,1.6
2022-08-28 08:00:00,8,,1.8
2022-08-28 09:00:00,9,9.7,1.1
2022-08-28 10:00:00,10,243.0,1.1
2022-08-28 11:00:00,11,688.4,2.7
2022-08-28 12:00:00,12,1410.7,3.7
2022-08-28 13:00:00,13,1518.3,4.2
2022-08-28 14:00:00,14,2706.5,4.1
2022-08-28 15:00:00,15,1623.1,4.0
2022-08-28 16:00:00,16,1713.7,4.1
2022-08-28 17:00:00,17,1825.2,4.8
2022-08-28 18:00:00,18,2172.1,4.0
2022-08-28 19:00:00,19,1718.3,5.1
2022-08-28 20:00:00,20,689.6,4.6
2022-08-28 21:00:00,21,29.4,4.2
2022-08-28 22:00:00,22,,4.1
2022-08-28 23:00:00,23,,3.0
2022-08-29 00:00:00,0,,1.3
2022-08-29 01:00:00,1,,1.1
2022-08-29 02:00:00,2,,2.2
2022-08-29 03:00:00,3,,1.9
2022-08-29 04:00:00,4,,1.4
2022-08-29 05:00:00,5,,1.9
2022-08-29 06:00:00,6,,1.8
2022-08-29 07:00:00,7,,1.1
2022-08-29 08:00:00,8,,0.7
2022-08-29 09:00:00,9,12.5,0.5
2022-08-29 10:00:00,10,276.4,0.6
2022-08-29 11:00:00,11,778.5,3.3
2022-08-29 12:00:00,12,1953.9,4.4
2022-08-29 13:00:00,13,2969.4,4.4
2022-08-29 14:00:00,14,3350.8,3.5
2022-08-29 15:00:00,15,3062.9,4.7
2022-08-29 16:00:00,16,3346.8,6.0
2022-08-29 17:00:00,17,3014.1,6.0
2022-08-29 18:00:00,18,2435.7,5.6
2022-08-29 19:00:00,19,1649.3,5.3
2022-08-29 20:00:00,20,680.5,5.0
2022-08-29 21:00:00,21,30.2,3.9
2022-08-29 22:00:00,22,,4.2
2022-08-29 23:00:00,23,,3.3
2022-08-30 00:00:00,0,,2.3
2022-08-30 01:00:00,1,,2.3
2022-08-30 02:00:00,2,,3.5
2022-08-30 03:00:00,3,,3.1
2022-08-30 04:00:00,4,,3.8
2022-08-30 05:00:00,5,,2.0
2022-08-30 06:00:00,6,,1.6
2022-08-30 07:00:00,7,,0.9
2022-08-30 08:00:00,8,,0.6
2022-08-30 09:00:00,9,23.3,0.6
2022-08-30 10:00:00,10,607.7,2.2
2022-08-30 11:00:00,11,1372.2,3.7
2022-08-30 12:00:00,12,1943.1,5.3
2022-08-30 13:00:00,13,2641.1,5.7
2022-08-30 14:00:00,14,2523.9,5.2
2022-08-30 15:00:00,15,2896.2,6.7
2022-08-30 16:00:00,16,3270.2,4.7
2022-08-30 17:00:00,17,2587.5,6.3
2022-08-30 18:00:00,18,2228.7,5.7
2022-08-30 19:00:00,19,1590.4,5.7
2022-08-30 20:00:00,20,662.3,6.2
2022-08-30 21:00:00,21,37.2,5.0
2022-08-30 22:00:00,22,,4.6
2022-08-30 23:00:00,23,,4.5
2022-08-31 00:00:00,0,,4.2
2022-08-31 01:00:00,1,,4.9
2022-08-31 02:00:00,2,,5.2
2022-08-31 03:00:00,3,,4.3
2022-08-31 04:00:00,4,,4.7
2022-08-31 05:00:00,5,,3.2
2022-08-31 06:00:00,6,,4.7
2022-08-31 07:00:00,7,,3.8
2022-08-31 08:00:00,8,,3.9
2022-08-31 09:00:00,9,8.4,4.0
2022-08-31 10:00:00,10,95.0,2.5
2022-08-31 11:00:00,11,231.1,3.8
2022-08-31 12:00:00,12,367.1,3.0
2022-08-31 13:00:00,13,1056.6,4.4
2022-08-31 14:00:00,14,1273.8,4.7
2022-08-31 15:00:00,15,2254.5,4.8
2022-08-31 16:00:00,16,1657.6,5.0
2022-08-31 17:00:00,17,1779.2,5.0
2022-08-31 18:00:00,18,1760.7,4.6
2022-08-31 19:00:00,19,1329.2,5.4
2022-08-31 20:00:00,20,705.0,4.6
2022-08-31 21:00:00,21,37.4,4.2
2022-08-31 22:00:00,22,,4.6
2022-08-31 23:00:00,23,,4.2
2022-09-01 00:00:00,0,,4.2
2022-09-01 01:00:00,1,,5.3
2022-09-01 02:00:00,2,,4.5
2022-09-01 03:00:00,3,,3.1
2022-09-01 04:00:00,4,,2.3
2022-09-01 05:00:00,5,,2.1
2022-09-01 06:00:00,6,,3.4
2022-09-01 07:00:00,7,,3.5
2022-09-01 08:00:00,8,,3.2
2022-09-01 09:00:00,9,6.9,2.9
2022-09-01 10:00:00,10,107.1,4.4
2022-09-01 11:00:00,11,358.9,3.2
2022-09-01 12:00:00,12,605.2,3.9
2022-09-01 13:00:00,13,1541.9,4.8
2022-09-01 14:00:00,14,2522.4,6.0
2022-09-01 15:00:00,15,2081.5,4.2
2022-09-01 16:00:00,16,1305.1,4.5
2022-09-01 17:00:00,17,1416.6,4.2
2022-09-01 18:00:00,18,1790.2,4.8
2022-09-01 19:00:00,19,830.1,5.9
2022-09-01 20:00:00,20,553.3,5.6
2022-09-01 21:00:00,21,42.5,4.6
2022-09-01 22:00:00,22,,3.7
2022-09-01 23:00:00,23,,3.0
2022-09-02 00:00:00,0,,2.9
2022-09-02 01:00:00,1,,3.5
2022-09-02 02:00:00,2,,3.0
2022-09-02 03:00:00,3,,3.4
2022-09-02 04:00:00,4,,2.1
2022-09-02 05:00:00,5,,1.8
2022-09-02 06:00:00,6,,1.4
2022-09-02 07:00:00,7,,1.5
2022-09-02 08:00:00,8,,2.1
2022-09-02 09:00:00,9,23.9,1.6
2022-09-02 10:00:00,10,508.0,2.3
2022-09-02 11:00:00,11,1271.6,4.0
2022-09-02 12:00:00,12,1318.9,3.6
2022-09-02 13:00:00,13,1488.2,4.4
2022-09-02 14:00:00,14,2369.4,4.4
2022-09-02 15:00:00,15,2682.1,4.3
2022-09-02 16:00:00,16,2941.0,4.9
2022-09-02 17:00:00,17,2830.3,6.5
2022-09-02 18:00:00,18,1813.1,4.7
2022-09-02 19:00:00,19,1052.2,4.2
2022-09-02 20:00:00,20,719.9,5.6
2022-09-02 21:00:00,21,33.4,4.8
2022-09-02 22:00:00,22,,3.3
2022-09-02 23:00:00,23,,2.3
2022-09-03 00:00:00,0,,1.7
2022-09-03 01:00:00,1,,1.8
2022-09-03 02:00:00,2,,0.6
2022-09-03 03:00:00,3,,1.9
2022-09-03 04:00:00,4,,2.4
2022-09-03 05:00:00,5,,0.9
2022-09-03 06:00:00,6,,0.6
2022-09-03 07:00:00,7,,1.3
2022-09-03 08:00:00,8,,1.4
2022-09-03 09:00:00,9,26.2,1.3
2022-09-03 10:00:00,10,619.5,2.2
2022-09-03 11:00:00,11,1298.4,3.7
2022-09-03 12:00:00,12,1705.3,3.3
2022-09-03 13:00:00,13,2669.8,3.7
2022-09-03 14:00:00,14,2539.2,4.0
2022-09-03 15:00:00,15,2478.0,4.2
2022-09-03 16:00:00,16,2363.6,5.6
2022-09-03 17:00:00,17,1921.6,5.6
2022-09-03 18:00:00,18,2253.1,4.8
2022-09-03 19:00:00,19,1282.5,5.3
2022-09-03 20:00:00,20,680.6,4.9
2022-09-03 21:00:00,21,34.0,5.3
2022-09-03 22:00:00,22,,3.5
2022-09-03 23:00:00,23,,4.5
2022-09-04 00:00:00,0,,2.5
2022-09-04 01:00:00,1,,1.4
2022-09-04 02:00:00,2,,3.7
2022-09-04 03:00:00,3,,3.3
2022-09-04 04:00:00,4,,2.5
2022-09-04 05:00:00,5,,2.9
2022-09-04 06:00:00,6,,1.8
2022-09-04 07:00:00,7,,3.2
2022-09-04 08:00:00,8,,1.4
2022-09-04 09:00:00,9,14.4,2.1
2022-09-04 10:00:00,10,195.7,2.7
2022-09-04 11:00:00,11,550.6,4.0
2022-09-04 12:00:00,12,1412.8,3.6
2022-09-04 13:00:00,13,2179.0,4.4
2022-09-04 14:00:00,14,3088.6,4.3
2022-09-04 15:00:00,15,3505.0,4.3
2022-09-04 16:00:00,16,2769.9,5.4
2022-09-04 17:00:00,17,2761.1,5.4
2022-09-04 18:00:00,18,2317.8,5.1
2022-09-04 19:00:00,19,1198.6,5.4
2022-09-04 20:00:00,20,391.9,4.9
2022-09-04 21:00:00,21,46.7,4.7
2022-09-04 22:00:00,22,,5.2
2022-09-04 23:00:00,23,,4.3
2022-09-05 00:00:00,0,,3.1
2022-09-05 01:00:00,1,,2.5
2022-09-05 02:00:00,2,,2.0
2022-09-05 03:00:00,3,,0.8
2022-09-05 04:00:00,4,,0.9
2022-09-05 05:00:00,5,,1.7
2022-09-05 06:00:00,6,,1.7
2022-09-05 07:00:00,7,,0.7
2022-09-05 08:00:00,8,,1.8
2022-09-05 09:00:00,9,27.4,2.1
2022-09-05 10:00:00,10,654.4,4.3
2022-09-05 11:00:00,11,1272.0,5.3
2022-09-05 12:00:00,12,2199.9,4.3
2022-09-05 13:00:00,13,2828.3,5.3
2022-09-05 14:00:00,14,3149.7,6.1
2022-09-05 15:00:00,15,3390.5,5.4
2022-09-05 16:00:00,16,3189.7,5.4
2022-09-05 17:00:00,17,2983.4,6.2
2022-09-05 18:00:00,18,2457.9,6.1
2022-09-05 19:00:00,19,1584.6,5.1
2022-09-05 20:00:00,20,685.8,5.7
2022-09-05 21:00:00,21,44.0,5.0
2022-09-05 22:00:00,22,,3.2
2022-09-05 23:00:00,23,,3.2
2022-09-06 00:00:00,0,,3.0
2022-09-06 01:00:00,1,,4.2
2022-09-06 02:00:00,2,,2.7
2022-09-06 03:00:00,3,,1.9
2022-09-06 04:00:00,4,,1.8
2022-09-06 05:00:00,5,,1.8
2022-09-06 06:00:00,6,,1.5
2022-09-06 07:00:00,7,,2.1
2022-09-06 08:00:00,8,,2.9
2022-09-06 09:00:00,9,38.1,2.0
2022-09-06 10:00:00,10,727.8,4.3
2022-09-06 11:00:00,11,781.4,4.2
2022-09-06 12:00:00,12,1201.7,5.8
2022-09-06 13:00:00,13,1495.4,4.2
2022-09-06 14:00:00,14,2079.3,4.8
2022-09-06 15:00:00,15,1891.4,4.4
2022-09-06 16:00:00,16,2026.6,4.8
2022-09-06 17:00:00,17,1699.6,5.3
2022-09-06 18:00:00,18,1483.2,4.8
2022-09-06 19:00:00,19,999.1,5.0
2022-09-06 20:00:00,20,343.8,5.6
2022-09-06 21:00:00,21,40.4,4.4
2022-09-06 22:00:00,22,,4.5
2022-09-06 23:00:00,23,,4.6
2022-09-07 00:00:00,0,,4.6
2022-09-07 01:00:00,1,,4.2
2022-09-07 02:00:00,2,,4.1
2022-09-07 03:00:00,3,,3.4
2022-09-07 04:00:00,4,,3.3
2022-09-07 05:00:00,5,,3.1
2022-09-07 06:00:00,6,,2.1
2022-09-07 07:00:00,7,,1.8
2022-09-07 08:00:00,8,,1.5
2022-09-07 09:00:00,9,38.3,0.8
2022-09-07 10:00:00,10,607.4,3.4
2022-09-07 11:00:00,11,1693.3,4.3
2022-09-07 12:00:00,12,2370.6,4.2
2022-09-07 13:00:00,13,3233.6,5.3
2022-09-07 14:00:00,14,3457.6,4.4
2022-09-07 15:00:00,15,3195.7,4.4
2022-09-07 16:00:00,16,3304.6,4.5
2022-09-07 17:00:00,17,2736.5,5.1
2022-09-07 18:00:00,18,1888.7,5.1
2022-09-07 19:00:00,19,1255.3,5.4
2022-09-07 20:00:00,20,826.0,5.4
2022-09-07 21:00:00,21,61.6,4.4
2022-09-07 22:00:00,22,,4.6
2022-09-07 23:00:00,23,,3.8
2022-09-08 00:00:00,0,,4.1
2022-09-08 01:00:00,1,,4.3
2022-09-08 02:00:00,2,,3.8
2022-09-08 03:00:00,3,,3.5
2022-09-08 04:00:00,4,,2.7
2022-09-08 05:00:00,5,,1.8
2022-09-08 06:00:00,6,,1.1
2022-09-08 07:00:00,7,,0.7
2022-09-08 08:00:00,8,,1.2
2022-09-08 09:00:00,9,33.6,1.7
2022-09-08 10:00:00,10,690.3,1.5
2022-09-08 11:00:00,11,1423.3,4.1
2022-09-08 12:00:00,12,2239.0,3.5
2022-09-08 13:00:00,13,2812.5,5.0
2022-09-08 14:00:00,14,3174.4,5.0
2022-09-08 15:00:00,15,3575.4,5.2
2022-09-08 16:00:00,16,3160.2,4.9
2022-09-08 17:00:00,17,2559.7,5.4
2022-09-08 18:00:00,18,2333.6,5.8
2022-09-08 19:00:00,19,1732.6,5.7
2022-09-08 20:00:00,20,700.7,4.5
2022-09-08 21:00:00,21,64.2,4.1
2022-09-08 22:00:00,22,,2.5
2022-09-08 23:00:00,23,,2.9
2022-09-09 00:00:00,0,,4.1
2022-09-09 01:00:00,1,,4.3
2022-09-09 02:00:00,2,,3.2
2022-09-09 03:00:00,3,,2.1
2022-09-09 04:00:00,4,,2.4
2022-09-09 05:00:00,5,,2.1
2022-09-09 06:00:00,6,,1.1
2022-09-09 07:00:00,7,,1.6
2022-09-09 08:00:00,8,,1.2
2022-09-09 09:00:00,9,25.2,0.7
2022-09-09 10:00:00,10,475.2,1.4
2022-09-09 11:00:00,11,958.1,2.6
2022-09-09 12:00:00,12,1365.6,2.4
2022-09-09 13:00:00,13,1532.6,3.6
2022-09-09 14:00:00,14,2134.4,3.9
2022-09-09 15:00:00,15,2097.2,4.5
2022-09-09 16:00:00,16,3217.4,5.1
2022-09-09 17:00:00,17,2905.9,3.9
2022-09-09 18:00:00,18,2536.4,4.4
2022-09-09 19:00:00,19,1331.6,4.8
2022-09-09 20:00:00,20,547.9,5.8
2022-09-09 21:00:00,21,62.0,6.0
2022-09-09 22:00:00,22,,4.0
2022-09-09 23:00:00,23,,4.5
2022-09-10 00:00:00,0,,3.9
2022-09-10 01:00:00,1,,4.5
2022-09-10 02:00:00,2,,3.1
2022-09-10 03:00:00,3,,2.2
2022-09-10 04:00:00,4,,2.3
2022-09-10 05:00:00,5,,2.2
2022-09-10 06:00:00,6,,2.7
2022-09-10 07:00:00,7,,2.6
2022-09-10 08:00:00,8,,1.4
2022-09-10 09:00:00,9,19.3,2.5
2022-09-10 10:00:00,10,211.1,1.9
2022-09-10 11:00:00,11,1056.7,3.0
2022-09-10 12:00:00,12,1195.5,2.0
2022-09-10 13:00:00,13,1285.7,2.5
2022-09-10 14:00:00,14,1637.1,2.1
2022-09-10 15:00:00,15,2189.7,2.7
2022-09-10 16:00:00,16,2963.3,3.3
2022-09-10 17:00:00,17,2304.2,3.6
2022-09-10 18:00:00,18,2134.9,4.1
2022-09-10 19:00:00,19,1754.0,4.7
2022-09-10 20:00:00,20,759.9,4.7
2022-09-10 21:00:00,21,59.0,4.4
2022-09-10 22:00:00,22,,4.2
2022-09-10 23:00:00,23,,4.4
2022-09-11 00:00:00,0,,4.5
2022-09-11 01:00:00,1,,2.2
2022-09-11 02:00:00,2,,3.0
2022-09-11 03:00:00,3,,2.2
2022-09-11 04:00:00,4,,3.5
2022-09-11 05:00:00,5,,1.7
2022-09-11 06:00:00,6,,1.9
2022-09-11 07:00:00,7,,1.1
2022-09-11 08:00:00,8,,1.4
2022-09-11 09:00:00,9,41.2,1.0
2022-09-11 10:00:00,10,717.3,2.7
2022-09-11 11:00:00,11,1522.6,3.9
2022-09-11 12:00:00,12,1481.3,3.2
2022-09-11 13:00:00,13,2375.1,2.6
2022-09-11 14:00:00,14,2728.3,4.0
2022-09-11 15:00:00,15,3398.0,3.4
2022-09-11 16:00:00,16,2997.8,4.2
2022-09-11 17:00:00,17,3011.8,2.9
2022-09-11 18:00:00,18,2481.4,3.2
2022-09-11 19:00:00,19,1652.2,3.0
2022-09-11 20:00:00,20,734.3,4.2
2022-09-11 21:00:00,21,61.6,2.8
2022-09-11 22:00:00,22,,3.0
2022-09-11 23:00:00,23,,2.6
2022-09-12 00:00:00,0,,1.7
2022-09-12 01:00:00,1,,3.9
2022-09-12 02:00:00,2,,2.9
2022-09-12 03:00:00,3,,2.4
2022-09-12 04:00:00,4,,2.1
2022-09-12 05:00:00,5,,2.6
2022-09-12 06:00:00,6,,2.3
2022-09-12 07:00:00,7,,1.7
2022-09-12 08:00:00,8,,1.4
2022-09-12 09:00:00,9,53.9,1.6
2022-09-12 10:00:00,10,728.2,2.7
2022-09-12 11:00:00,11,1669.8,3.4
2022-09-12 12:00:00,12,2475.2,3.5
2022-09-12 13:00:00,13,1922.5,3.1
2022-09-12 14:00:00,14,2367.1,3.5
2022-09-12 15:00:00,15,2619.4,3.8
2022-09-12 16:00:00,16,3310.3,4.4
2022-09-12 17:00:00,17,2901.5,4.2
2022-09-12 18:00:00,18,2472.9,3.5
2022-09-12 19:00:00,19,1617.6,4.5
2022-09-12 20:00:00,20,727.0,4.9
2022-09-12 21:00:00,21,60.6,4.6
2022-09-12 22:00:00,22,,3.4
2022-09-12 23:00:00,23,,3.0
2022-09-13 00:00:00,0,,2.7
2022-09-13 01:00:00,1,,3.7
2022-09-13 02:00:00,2,,3.2
2022-09-13 03:00:00,3,,2.7
2022-09-13 04:00:00,4,,2.1
2022-09-13 05:00:00,5,,2.8
2022-09-13 06:00:00,6,,1.7
2022-09-13 07:00:00,7,,1.0
2022-09-13 08:00:00,8,,0.7
2022-09-13 09:00:00,9,71.9,1.4
2022-09-13 10:00:00,10,453.9,3.3
2022-09-13 11:00:00,11,1192.8,4.2
2022-09-13 12:00:00,12,1408.3,3.0
2022-09-13 13:00:00,13,1578.9,3.4
2022-09-13 14:00:00,14,1763.5,3.0
2022-09-13 15:00:00,15,2094.2,3.2
2022-09-13 16:00:00,16,2031.6,2.8
2022-09-13 17:00:00,17,2328.5,3.5
2022-09-13 18:00:00,18,1870.7,3.8
2022-09-13 19:00:00,19,1560.3,5.3
2022-09-13 20:00:00,20,775.5,4.9
2022-09-13 21:00:00,21,59.3,3.6
2022-09-13 22:00:00,22,,2.3
2022-09-13 23:00:00,23,,2.3
2022-09-14 00:00:00,0,,2.7
2022-09-14 01:00:00,1,,3.0
2022-09-14 02:00:00,2,,2.7
2022-09-14 03:00:00,3,,2.9
2022-09-14 04:00:00,4,,1.9
2022-09-14 05:00:00,5,,2.4
2022-09-14 06:00:00,6,,1.8
2022-09-14 07:00:00,7,,1.7
2022-09-14 08:00:00,8,,1.0
2022-09-14 09:00:00,9,21.9,1.8
2022-09-14 10:00:00,10,280.0,2.2
2022-09-14 11:00:00,11,701.8,2.7
2022-09-14 12:00:00,12,994.5,2.5
2022-09-14 13:00:00,13,2061.2,2.4
2022-09-14 14:00:00,14,3421.5,3.4
2022-09-14 15:00:00,15,3532.8,3.4
2022-09-14 16:00:00,16,3406.9,3.1
2022-09-14 17:00:00,17,3031.1,3.4
2022-09-14 18:00:00,18,2434.9,4.0
2022-09-14 19:00:00,19,1632.0,4.9
2022-09-14 20:00:00,20,724.5,4.5
2022-09-14 21:00:00,21,59.2,3.1
2022-09-14 22:00:00,22,,2.9
2022-09-14 23:00:00,23,,3.3
2022-09-15 00:00:00,0,,3.5
2022-09-15 01:00:00,1,,3.6
2022-09-15 02:00:00,2,,2.4
2022-09-15 03:00:00,3,,2.5
2022-09-15 04:00:00,4,,1.6
2022-09-15 05:00:00,5,,1.5
2022-09-15 06:00:00,6,,2.2
2022-09-15 07:00:00,7,,1.9
2022-09-15 08:00:00,8,,0.9
2022-09-15 09:00:00,9,60.6,1.2
2022-09-15 10:00:00,10,395.4,2.0
2022-09-15 11:00:00,11,771.7,2.4
2022-09-15 12:00:00,12,1657.5,1.9
2022-09-15 13:00:00,13,3202.1,2.1
2022-09-15 14:00:00,14,3464.1,1.9
2022-09-15 15:00:00,15,3536.9,2.3
2022-09-15 16:00:00,16,3402.2,3.7
2022-09-15 17:00:00,17,3032.4,4.6
2022-09-15 18:00:00,18,2452.9,5.3
2022-09-15 19:00:00,19,1639.9,5.5
2022-09-15 20:00:00,20,714.1,5.7
2022-09-15 21:00:00,21,55.6,3.6
2022-09-15 22:00:00,22,,3.8
2022-09-15 23:00:00,23,,3.9
2022-09-16 00:00:00,0,,3.5
2022-09-16 01:00:00,1,,3.3
2022-09-16 02:00:00,2,,2.2
2022-09-16 03:00:00,3,,1.9
2022-09-16 04:00:00,4,,3.3
2022-09-16 05:00:00,5,,2.5
2022-09-16 06:00:00,6,,1.8
2022-09-16 07:00:00,7,,2.7
2022-09-16 08:00:00,8,,1.7
2022-09-16 09:00:00,9,62.9,1.0
2022-09-16 10:00:00,10,747.6,3.9
2022-09-16 11:00:00,11,1598.6,4.1
2022-09-16 12:00:00,12,2496.0,3.7
2022-09-16 13:00:00,13,3157.8,3.4
2022-09-16 14:00:00,14,3512.2,2.2
2022-09-16 15:00:00,15,3567.5,2.6
2022-09-16 16:00:00,16,3430.0,4.5
2022-09-16 17:00:00,17,3038.5,4.5
2022-09-16 18:00:00,18,2415.7,5.6
2022-09-16 19:00:00,19,1603.2,4.1
2022-09-16 20:00:00,20,689.4,5.2
2022-09-16 21:00:00,21,52.7,3.5
2022-09-16 22:00:00,22,,4.0
2022-09-16 23:00:00,23,,3.5
2022-09-17 00:00:00,0,,3.8
2022-09-17 01:00:00,1,,3.1
2022-09-17 02:00:00,2,,2.0
2022-09-17 03:00:00,3,,2.5
2022-09-17 04:00:00,4,,1.2
2022-09-17 05:00:00,5,,1.0
2022-09-17 06:00:00,6,,2.1
2022-09-17 07:00:00,7,,2.8
2022-09-17 08:00:00,8,,2.8
2022-09-17 09:00:00,9,63.4,2.0
2022-09-17 10:00:00,10,740.1,2.2
2022-09-17 11:00:00,11,1678.5,2.6
2022-09-17 12:00:00,12,2473.8,4.5
2022-09-17 13:00:00,13,3128.1,3.3
2022-09-17 14:00:00,14,3482.2,3.8
2022-09-17 15:00:00,15,3560.4,2.7
2022-09-17 16:00:00,16,3411.4,2.1
2022-09-17 17:00:00,17,3030.6,3.9
2022-09-17 18:00:00,18,2423.7,4.4
2022-09-17 19:00:00,19,1606.6,5.7
2022-09-17 20:00:00,20,689.1,5.3
2022-09-17 21:00:00,21,52.4,5.1
2022-09-17 22:00:00,22,,3.8
2022-09-17 23:00:00,23,,3.2
2022-09-18 00:00:00,0,,3.4
2022-09-18 01:00:00,1,,4.7
2022-09-18 02:00:00,2,,5.2
2022-09-18 03:00:00,3,,3.6
2022-09-18 04:00:00,4,,2.2
2022-09-18 05:00:00,5,,2.2
2022-09-18 06:00:00,6,,1.9
2022-09-18 07:00:00,7,,1.2
2022-09-18 08:00:00,8,,1.7
2022-09-18 09:00:00,9,64.6,1.5
2022-09-18 10:00:00,10,533.9,3.0
2022-09-18 11:00:00,11,966.1,4.1
2022-09-18 12:00:00,12,1807.8,3.2
2022-09-18 13:00:00,13,2667.9,3.6
2022-09-18 14:00:00,14,2801.8,3.0
2022-09-18 15:00:00,15,3518.3,2.9
2022-09-18 16:00:00,16,3137.2,3.5
2022-09-18 17:00:00,17,2992.0,4.2
2022-09-18 18:00:00,18,2429.4,4.5
2022-09-18 19:00:00,19,1602.4,5.1
2022-09-18 20:00:00,20,686.9,5.0
2022-09-18 21:00:00,21,50.8,3.7
2022-09-18 22:00:00,22,,3.9
2022-09-18 23:00:00,23,,3.3
2022-09-19 00:00:00,0,,2.7
2022-09-19 01:00:00,1,,4.0
2022-09-19 02:00:00,2,,4.4
2022-09-19 03:00:00,3,,2.9
2022-09-19 04:00:00,4,,2.8
2022-09-19 05:00:00,5,,2.0
2022-09-19 06:00:00,6,,2.7
2022-09-19 07:00:00,7,,2.7
2022-09-19 08:00:00,8,,1.9
2022-09-19 09:00:00,9,32.2,1.6
2022-09-19 10:00:00,10,612.7,2.6
2022-09-19 11:00:00,11,1043.4,3.3
2022-09-19 12:00:00,12,1994.6,3.6
2022-09-19 13:00:00,13,2541.1,4.0
2022-09-19 14:00:00,14,3388.0,3.5
2022-09-19 15:00:00,15,3546.2,5.2
2022-09-19 16:00:00,16,3430.1,5.1
2022-09-19 17:00:00,17,2976.4,4.4
2022-09-19 18:00:00,18,2369.6,6.5
2022-09-19 19:00:00,19,1556.5,6.3
2022-09-19 20:00:00,20,663.7,5.6
2022-09-19 21:00:00,21,48.9,4.4
2022-09-19 22:00:00,22,,3.5
2022-09-19 23:00:00,23,,3.4
2022-09-20 00:00:00,0,,4.6
2022-09-20 01:00:00,1,,4.4
2022-09-20 02:00:00,2,,3.2
2022-09-20 03:00:00,3,,2.0
2022-09-20 04:00:00,4,,1.5
2022-09-20 05:00:00,5,,1.6
2022-09-20 06:00:00,6,,0.9
2022-09-20 07:00:00,7,,1.4
2022-09-20 08:00:00,8,,1.6
2022-09-20 09:00:00,9,76.7,1.5
2022-09-20 10:00:00,10,761.0,1.6
2022-09-20 11:00:00,11,1702.5,2.1
2022-09-20 12:00:00,12,2522.6,3.4
2022-09-20 13:00:00,13,3153.9,3.0
2022-09-20 14:00:00,14,3480.1,5.4
2022-09-20 15:00:00,15,3562.5,4.5
2022-09-20 16:00:00,16,3411.7,4.0
2022-09-20 17:00:00,17,3008.9,3.7
2022-09-20 18:00:00,18,2386.9,5.6
2022-09-20 19:00:00,19,1574.0,5.5
2022-09-20 20:00:00,20,665.7,5.1
2022-09-20 21:00:00,21,47.2,4.5
2022-09-20 22:00:00,22,,4.2
2022-09-20 23:00:00,23,,4.0
2022-09-21 00:00:00,0,,3.6
2022-09-21 01:00:00,1,,3.2
2022-09-21 02:00:00,2,,2.1
2022-09-21 03:00:00,3,,1.7
2022-09-21 04:00:00,4,,1.2
2022-09-21 05:00:00,5,,0.9
2022-09-21 06:00:00,6,,0.9
2022-09-21 07:00:00,7,,1.1
2022-09-21 08:00:00,8,,1.8
2022-09-21 09:00:00,9,76.8,1.6
2022-09-21 10:00:00,10,780.2,1.4
2022-09-21 11:00:00,11,1718.7,3.0
2022-09-21 12:00:00,12,2545.6,3.1
2022-09-21 13:00:00,13,3175.2,3.2
2022-09-21 14:00:00,14,3507.1,3.4
2022-09-21 15:00:00,15,3579.2,4.1
2022-09-21 16:00:00,16,3414.4,4.7
2022-09-21 17:00:00,17,3033.9,4.5
2022-09-21 18:00:00,18,2427.1,5.8
2022-09-21 19:00:00,19,1613.5,5.2
2022-09-21 20:00:00,20,691.0,5.9
2022-09-21 21:00:00,21,48.1,4.8
2022-09-21 22:00:00,22,,3.1
2022-09-21 23:00:00,23,,3.1
2022-09-22 00:00:00,0,,2.0
2022-09-22 01:00:00,1,,3.5
2022-09-22 02:00:00,2,,2.7
2022-09-22 03:00:00,3,,1.5
2022-09-22 04:00:00,4,,1.3
2022-09-22 05:00:00,5,,1.2
2022-09-22 06:00:00,6,,1.2
2022-09-22 07:00:00,7,,1.7
2022-09-22 08:00:00,8,,1.9
2022-09-22 09:00:00,9,48.6,1.5
2022-09-22 10:00:00,10,481.1,1.0
2022-09-22 11:00:00,11,1539.9,2.7
2022-09-22 12:00:00,12,2429.8,3.3
2022-09-22 13:00:00,13,3191.6,2.7
2022-09-22 14:00:00,14,3426.1,2.4
2022-09-22 15:00:00,15,3588.7,2.1
2022-09-22 16:00:00,16,3503.6,1.9
2022-09-22 17:00:00,17,2918.2,1.4
2022-09-22 18:00:00,18,2344.8,3.1
2022-09-22 19:00:00,19,1553.8,4.8
2022-09-22 20:00:00,20,658.8,3.6
2022-09-22 21:00:00,21,44.6,3.1
2022-09-22 22:00:00,22,,2.5
2022-09-22 23:00:00,23,,2.1
2022-09-23 00:00:00,0,,2.5
2022-09-23 01:00:00,1,,3.0
2022-09-23 02:00:00,2,,1.7
2022-09-23 03:00:00,3,,1.1
2022-09-23 04:00:00,4,,1.2
2022-09-23 05:00:00,5,,1.5
2022-09-23 06:00:00,6,,1.4
2022-09-23 07:00:00,7,,1.3
2022-09-23 08:00:00,8,,1.2
2022-09-23 09:00:00,9,76.3,1.6
2022-09-23 10:00:00,10,762.5,2.7
2022-09-23 11:00:00,11,1687.4,3.2
2022-09-23 12:00:00,12,2484.9,3.6
2022-09-23 13:00:00,13,3090.6,2.9
2022-09-23 14:00:00,14,3423.3,1.6
2022-09-23 15:00:00,15,3459.2,1.9
2022-09-23 16:00:00,16,3306.4,2.4
2022-09-23 17:00:00,17,2909.1,2.1
2022-09-23 18:00:00,18,2517.2,3.5
2022-09-23 19:00:00,19,1656.0,3.0
2022-09-23 20:00:00,20,854.9,3.5
2022-09-23 21:00:00,21,68.2,3.4
2022-09-23 22:00:00,22,,3.8
2022-09-23 23:00:00,23,,5.2
2022-09-24 00:00:00,0,,3.0
2022-09-24 01:00:00,1,,1.7
2022-09-24 02:00:00,2,,1.3
2022-09-24 03:00:00,3,,1.8
2022-09-24 04:00:00,4,,1.3
2022-09-24 05:00:00,5,,1.9
2022-09-24 06:00:00,6,,1.3
2022-09-24 07:00:00,7,,2.5
2022-09-24 08:00:00,8,,2.0
2022-09-24 09:00:00,9,69.0,2.0
2022-09-24 10:00:00,10,476.3,3.1
2022-09-24 11:00:00,11,1572.3,3.3
2022-09-24 12:00:00,12,2367.8,2.0
2022-09-24 13:00:00,13,2960.0,2.4
2022-09-24 14:00:00,14,3350.4,1.5
2022-09-24 15:00:00,15,3262.9,2.2
2022-09-24 16:00:00,16,3034.7,2.6
2022-09-24 17:00:00,17,2336.0,3.9
2022-09-24 18:00:00,18,2349.4,5.2
2022-09-24 19:00:00,19,1560.4,5.8
2022-09-24 20:00:00,20,643.0,6.0
2022-09-24 21:00:00,21,23.0,4.9
2022-09-24 22:00:00,22,,5.8
2022-09-24 23:00:00,23,,5.1
2022-09-25 00:00:00,0,,4.6
2022-09-25 01:00:00,1,,5.2
2022-09-25 02:00:00,2,,5.5
2022-09-25 03:00:00,3,,3.6
2022-09-25 04:00:00,4,,3.2
2022-09-25 05:00:00,5,,4.2
2022-09-25 06:00:00,6,,4.0
2022-09-25 07:00:00,7,,4.7
2022-09-25 08:00:00,8,,4.1
2022-09-25 09:00:00,9,81.6,2.6
2022-09-25 10:00:00,10,760.9,3.3
2022-09-25 11:00:00,11,1597.4,5.3
2022-09-25 12:00:00,12,2252.6,3.9
2022-09-25 13:00:00,13,3183.0,3.9
2022-09-25 14:00:00,14,3502.4,4.6
2022-09-25 15:00:00,15,3479.3,4.5
2022-09-25 16:00:00,16,3379.5,3.9
2022-09-25 17:00:00,17,2958.4,5.4
2022-09-25 18:00:00,18,2404.4,5.9
2022-09-25 19:00:00,19,1590.8,5.5
2022-09-25 20:00:00,20,678.3,5.5
2022-09-25 21:00:00,21,49.0,4.1
2022-09-25 22:00:00,22,,4.4
2022-09-25 23:00:00,23,,4.9
2022-09-26 00:00:00,0,,6.6
2022-09-26 01:00:00,1,,4.1
2022-09-26 02:00:00,2,,3.4
2022-09-26 03:00:00,3,,3.7
2022-09-26 04:00:00,4,,2.9
2022-09-26 05:00:00,5,,2.3
2022-09-26 06:00:00,6,,2.4
2022-09-26 07:00:00,7,,1.2
2022-09-26 08:00:00,8,,1.0
2022-09-26 09:00:00,9,90.4,1.2
2022-09-26 10:00:00,10,802.9,2.8
2022-09-26 11:00:00,11,1769.6,3.2
2022-09-26 12:00:00,12,2583.0,3.8
2022-09-26 13:00:00,13,2935.8,3.8
2022-09-26 14:00:00,14,2999.9,5.2
2022-09-26 15:00:00,15,2969.4,4.3
2022-09-26 16:00:00,16,2843.3,4.5
2022-09-26 17:00:00,17,2457.6,4.3
2022-09-26 18:00:00,18,1841.2,5.5
2022-09-26 19:00:00,19,1297.2,6.2
2022-09-26 20:00:00,20,639.8,5.1
2022-09-26 21:00:00,21,50.5,4.2
2022-09-26 22:00:00,22,,3.9
2022-09-26 23:00:00,23,,2.4
2022-09-27 00:00:00,0,,6.2
2022-09-27 01:00:00,1,,5.1
2022-09-27 02:00:00,2,,3.6
2022-09-27 03:00:00,3,,1.8
2022-09-27 04:00:00,4,,1.1
2022-09-27 05:00:00,5,,1.5
2022-09-27 06:00:00,6,,1.4
2022-09-27 07:00:00,7,,1.9
2022-09-27 08:00:00,8,,0.9
2022-09-27 09:00:00,9,88.3,1.3
2022-09-27 10:00:00,10,715.1,3.4
2022-09-27 11:00:00,11,1604.0,4.0
2022-09-27 12:00:00,12,2186.3,4.1
2022-09-27 13:00:00,13,2671.0,4.3
2022-09-27 14:00:00,14,3407.4,4.2
2022-09-27 15:00:00,15,3500.9,4.0
2022-09-27 16:00:00,16,3440.9,3.1
2022-09-27 17:00:00,17,3028.9,5.8
2022-09-27 18:00:00,18,2408.8,6.1
2022-09-27 19:00:00,19,1592.4,4.6
2022-09-27 20:00:00,20,685.5,4.5
2022-09-27 21:00:00,21,50.5,3.6
2022-09-27 22:00:00,22,,3.8
2022-09-27 23:00:00,23,,4.5
2022-09-28 00:00:00,0,,4.1
2022-09-28 01:00:00,1,,2.9
2022-09-28 02:00:00,2,,3.5
2022-09-28 03:00:00,3,,2.8
2022-09-28 04:00:00,4,,3.0
2022-09-28 05:00:00,5,,2.8
2022-09-28 06:00:00,6,,2.7
2022-09-28 07:00:00,7,,2.6
2022-09-28 08:00:00,8,,1.5
2022-09-28 09:00:00,9,42.8,1.5
2022-09-28 10:00:00,10,470.4,3.0
2022-09-28 11:00:00,11,1603.0,3.6
2022-09-28 12:00:00,12,2578.4,4.0
2022-09-28 13:00:00,13,3214.9,4.8
2022-09-28 14:00:00,14,3543.7,3.6
2022-09-28 15:00:00,15,3616.1,4.7
2022-09-28 16:00:00,16,3136.8,3.7
2022-09-28 17:00:00,17,2559.9,3.4
2022-09-28 18:00:00,18,1947.8,4.3
2022-09-28 19:00:00,19,1585.7,5.2
2022-09-28 20:00:00,20,716.6,4.7
2022-09-28 21:00:00,21,53.0,4.7
2022-09-28 22:00:00,22,,6.1
2022-09-28 23:00:00,23,,5.7
2022-09-29 00:00:00,0,,6.4
2022-09-29 01:00:00,1,,4.2
2022-09-29 02:00:00,2,,3.8
2022-09-29 03:00:00,3,,3.3
2022-09-29 04:00:00,4,,3.9
2022-09-29 05:00:00,5,,3.4
2022-09-29 06:00:00,6,,3.1
2022-09-29 07:00:00,7,,2.2
2022-09-29 08:00:00,8,,1.5
2022-09-29 09:00:00,9,104.3,1.8
2022-09-29 10:00:00,10,840.1,3.0
2022-09-29 11:00:00,11,1781.2,3.6
2022-09-29 12:00:00,12,2517.7,4.6
2022-09-29 13:00:00,13,3223.3,3.2
2022-09-29 14:00:00,14,3539.7,3.2
2022-09-29 15:00:00,15,3582.2,3.6
2022-09-29 16:00:00,16,3435.6,4.0
2022-09-29 17:00:00,17,3054.3,5.6
2022-09-29 18:00:00,18,2432.3,5.9
2022-09-29 19:00:00,19,1604.8,5.4
2022-09-29 20:00:00,20,690.3,4.7
2022-09-29 21:00:00,21,51.2,3.7
2022-09-29 22:00:00,22,,3.7
2022-09-29 23:00:00,23,,4.2
2022-09-30 00:00:00,0,,4.3
2022-09-30 01:00:00,1,,3.4
2022-09-30 02:00:00,2,,3.8
2022-09-30 03:00:00,3,,4.1
2022-09-30 04:00:00,4,,2.4
2022-09-30 05:00:00,5,,2.3
2022-09-30 06:00:00,6,,2.3
2022-09-30 07:00:00,7,,2.0
2022-09-30 08:00:00,8,,1.7
2022-09-30 09:00:00,9,92.7,1.5
2022-09-30 10:00:00,10,819.8,3.7
2022-09-30 11:00:00,11,1618.5,4.8
2022-09-30 12:00:00,12,1618.1,4.3
2022-09-30 13:00:00,13,2776.7,3.6
2022-09-30 14:00:00,14,3465.3,3.8
2022-09-30 15:00:00,15,3582.5,4.4
2022-09-30 16:00:00,16,3443.3,3.6
2022-09-30 17:00:00,17,3026.4,5.0
2022-09-30 18:00:00,18,2427.8,6.3
2022-09-30 19:00:00,19,1600.3,4.6
2022-09-30 20:00:00,20,688.8,5.5
2022-09-30 21:00:00,21,48.6,3.9
2022-09-30 22:00:00,22,,4.5
2022-09-30 23:00:00,23,,5.8
2022-10-01 00:00:00,0,,5.2
2022-10-01 01:00:00,1,,5.5
2022-10-01 02:00:00,2,,3.0
2022-10-01 03:00:00,3,,3.4
2022-10-01 04:00:00,4,,3.1
2022-10-01 05:00:00,5,,2.7
2022-10-01 06:00:00,6,,2.2
2022-10-01 07:00:00,7,,1.5
2022-10-01 08:00:00,8,,1.6
2022-10-01 09:00:00,9,122.0,1.6
2022-10-01 10:00:00,10,744.8,2.9
2022-10-01 11:00:00,11,1731.4,3.3
2022-10-01 12:00:00,12,2491.2,5.7
2022-10-01 13:00:00,13,3301.9,5.0
2022-10-01 14:00:00,14,3604.6,5.0
2022-10-01 15:00:00,15,3659.5,4.5
2022-10-01 16:00:00,16,3476.2,4.7
2022-10-01 17:00:00,17,3078.3,5.4
2022-10-01 18:00:00,18,2452.5,5.1
2022-10-01 19:00:00,19,1618.1,5.3
2022-10-01 20:00:00,20,696.5,5.0
2022-10-01 21:00:00,21,49.4,4.0
2022-10-01 22:00:00,22,,4.3
2022-10-01 23:00:00,23,,4.8
2022-10-02 00:00:00,0,,4.1
2022-10-02 01:00:00,1,,2.6
2022-10-02 02:00:00,2,,5.0
2022-10-02 03:00:00,3,,2.9
2022-10-02 04:00:00,4,,2.4
2022-10-02 05:00:00,5,,2.0
2022-10-02 06:00:00,6,,2.1
2022-10-02 07:00:00,7,,1.4
2022-10-02 08:00:00,8,,1.1
2022-10-02 09:00:00,9,130.3,1.1
2022-10-02 10:00:00,10,911.5,2.2
2022-10-02 11:00:00,11,1863.1,2.5
2022-10-02 12:00:00,12,2687.8,2.9
2022-10-02 13:00:00,13,3305.9,2.3
2022-10-02 14:00:00,14,3589.1,3.3
2022-10-02 15:00:00,15,3640.2,3.7
2022-10-02 16:00:00,16,3487.9,4.2
2022-10-02 17:00:00,17,3072.7,3.2
2022-10-02 18:00:00,18,2445.6,4.1
2022-10-02 19:00:00,19,1631.8,4.2
2022-10-02 20:00:00,20,704.9,4.5
2022-10-02 21:00:00,21,49.2,3.8
2022-10-02 22:00:00,22,,4.8
2022-10-02 23:00:00,23,,3.8
2022-10-03 00:00:00,0,,3.0
2022-10-03 01:00:00,1,,2.6
2022-10-03 02:00:00,2,,4.4
2022-10-03 03:00:00,3,,3.3
2022-10-03 04:00:00,4,,2.4
2022-10-03 05:00:00,5,,2.2
2022-10-03 06:00:00,6,,2.0
2022-10-03 07:00:00,7,,1.8
2022-10-03 08:00:00,8,,1.2
2022-10-03 09:00:00,9,127.8,2.4
2022-10-03 10:00:00,10,902.0,2.5
2022-10-03 11:00:00,11,1857.1,3.1
2022-10-03 12:00:00,12,2675.2,3.2
2022-10-03 13:00:00,13,3282.9,3.6
2022-10-03 14:00:00,14,3625.3,3.2
2022-10-03 15:00:00,15,3626.0,3.3
2022-10-03 16:00:00,16,3470.2,3.1
2022-10-03 17:00:00,17,3072.3,5.3
2022-10-03 18:00:00,18,2467.4,4.1
2022-10-03 19:00:00,19,1648.1,3.6
2022-10-03 20:00:00,20,718.8,4.5
2022-10-03 21:00:00,21,50.1,4.0
2022-10-03 22:00:00,22,,2.7
2022-10-03 23:00:00,23,,3.1
2022-10-04 00:00:00,0,,3.4
2022-10-04 01:00:00,1,,4.1
2022-10-04 02:00:00,2,,2.6
2022-10-04 03:00:00,3,,2.5
2022-10-04 04:00:00,4,,2.2
2022-10-04 05:00:00,5,,1.4
2022-10-04 06:00:00,6,,1.4
2022-10-04 07:00:00,7,,1.6
2022-10-04 08:00:00,8,,1.6
2022-10-04 09:00:00,9,121.7,1.3
2022-10-04 10:00:00,10,867.6,2.2
2022-10-04 11:00:00,11,1802.1,3.0
2022-10-04 12:00:00,12,2602.6,2.3
2022-10-04 13:00:00,13,3148.7,1.9
2022-10-04 14:00:00,14,3484.1,1.8
2022-10-04 15:00:00,15,3521.8,3.1
2022-10-04 16:00:00,16,3332.7,3.1
2022-10-04 17:00:00,17,2960.6,3.6
2022-10-04 18:00:00,18,2354.7,3.6
2022-10-04 19:00:00,19,1556.1,4.8
2022-10-04 20:00:00,20,643.6,3.4
2022-10-04 21:00:00,21,40.9,3.9
2022-10-04 22:00:00,22,,2.8
2022-10-04 23:00:00,23,,2.7
2022-10-05 00:00:00,0,,2.6
2022-10-05 01:00:00,1,,3.1
2022-10-05 02:00:00,2,,2.7
2022-10-05 03:00:00,3,,3.0
2022-10-05 04:00:00,4,,2.8
2022-10-05 05:00:00,5,,2.9
2022-10-05 06:00:00,6,,2.9
2022-10-05 07:00:00,7,,2.9
2022-10-05 08:00:00,8,,2.1
2022-10-05 09:00:00,9,110.6,2.7
2022-10-05 10:00:00,10,826.6,3.3
2022-10-05 11:00:00,11,1713.7,3.1
2022-10-05 12:00:00,12,2578.1,3.3
2022-10-05 13:00:00,13,3186.8,3.1
2022-10-05 14:00:00,14,3480.1,3.2
2022-10-05 15:00:00,15,3530.3,3.6
2022-10-05 16:00:00,16,3344.9,4.3
2022-10-05 17:00:00,17,2948.0,4.0
2022-10-05 18:00:00,18,2333.0,5.2
2022-10-05 19:00:00,19,1523.5,5.7
2022-10-05 20:00:00,20,628.6,6.9
2022-10-05 21:00:00,21,42.0,5.2
2022-10-05 22:00:00,22,,4.9
2022-10-05 23:00:00,23,,4.5
2022-10-06 00:00:00,0,,3.1
2022-10-06 01:00:00,1,,2.6
2022-10-06 02:00:00,2,,1.7
2022-10-06 03:00:00,3,,3.0
2022-10-06 04:00:00,4,,3.3
2022-10-06 05:00:00,5,,2.7
2022-10-06 06:00:00,6,,3.5
2022-10-06 07:00:00,7,,2.4
2022-10-06 08:00:00,8,,1.0
2022-10-06 09:00:00,9,117.7,3.4
2022-10-06 10:00:00,10,852.0,2.3
2022-10-06 11:00:00,11,1668.5,3.0
2022-10-06 12:00:00,12,1699.4,2.8
2022-10-06 13:00:00,13,3084.1,3.0
2022-10-06 14:00:00,14,3562.9,3.5
2022-10-06 15:00:00,15,3567.1,2.8
2022-10-06 16:00:00,16,3395.0,3.2
2022-10-06 17:00:00,17,3017.3,2.4
2022-10-06 18:00:00,18,2429.4,2.7
2022-10-06 19:00:00,19,1642.5,2.0
2022-10-06 20:00:00,20,675.2,5.0
2022-10-06 21:00:00,21,44.6,4.6
2022-10-06 22:00:00,22,,3.5
2022-10-06 23:00:00,23,,6.4
2022-10-07 00:00:00,0,,5.7
2022-10-07 01:00:00,1,,3.3
2022-10-07 02:00:00,2,,4.6
2022-10-07 03:00:00,3,,3.6
2022-10-07 04:00:00,4,,4.2
2022-10-07 05:00:00,5,,3.3
2022-10-07 06:00:00,6,,3.2
2022-10-07 07:00:00,7,,2.5
2022-10-07 08:00:00,8,,1.4
2022-10-07 09:00:00,9,67.6,1.8
2022-10-07 10:00:00,10,395.4,2.3
2022-10-07 11:00:00,11,902.6,2.3
2022-10-07 12:00:00,12,1268.8,2.3
2022-10-07 13:00:00,13,1712.1,2.7
2022-10-07 14:00:00,14,2166.4,3.0
2022-10-07 15:00:00,15,1978.2,4.2
2022-10-07 16:00:00,16,2312.4,3.1
2022-10-07 17:00:00,17,2925.3,4.5
2022-10-07 18:00:00,18,2340.8,4.3
2022-10-07 19:00:00,19,1560.0,5.8
2022-10-07 20:00:00,20,660.0,4.8
2022-10-07 21:00:00,21,44.2,3.1
2022-10-07 22:00:00,22,,2.2
2022-10-07 23:00:00,23,,3.0
2022-10-08 00:00:00,0,,4.1
2022-10-08 01:00:00,1,,4.8
2022-10-08 02:00:00,2,,3.8
2022-10-08 03:00:00,3,,2.5
2022-10-08 04:00:00,4,,1.9
2022-10-08 05:00:00,5,,1.6
2022-10-08 06:00:00,6,,1.3
2022-10-08 07:00:00,7,,2.0
2022-10-08 08:00:00,8,,1.5
2022-10-08 09:00:00,9,132.6,1.8
2022-10-08 10:00:00,10,885.6,2.8
2022-10-08 11:00:00,11,1814.3,3.7
2022-10-08 12:00:00,12,2616.1,4.0
2022-10-08 13:00:00,13,3209.0,2.9
2022-10-08 14:00:00,14,3521.1,2.8
2022-10-08 15:00:00,15,3543.8,3.1
2022-10-08 16:00:00,16,3357.9,3.5
2022-10-08 17:00:00,17,2967.8,4.2
2022-10-08 18:00:00,18,2345.8,5.6
2022-10-08 19:00:00,19,1536.8,5.7
2022-10-08 20:00:00,20,634.7,5.8
2022-10-08 21:00:00,21,39.6,3.9
2022-10-08 22:00:00,22,,4.6
2022-10-08 23:00:00,23,,4.9
2022-10-09 00:00:00,0,,4.0
2022-10-09 01:00:00,1,,4.1
2022-10-09 02:00:00,2,,5.1
2022-10-09 03:00:00,3,,3.4
2022-10-09 04:00:00,4,,3.0
2022-10-09 05:00:00,5,,2.8
2022-10-09 06:00:00,6,,2.8
2022-10-09 07:00:00,7,,2.3
2022-10-09 08:00:00,8,,1.7
2022-10-09 09:00:00,9,132.4,1.5
2022-10-09 10:00:00,10,882.6,3.7
2022-10-09 11:00:00,11,1818.2,4.0
2022-10-09 12:00:00,12,2247.3,5.0
2022-10-09 13:00:00,13,2777.2,4.7
2022-10-09 14:00:00,14,3599.0,4.8
2022-10-09 15:00:00,15,3418.5,5.2
2022-10-09 16:00:00,16,2946.5,4.9
2022-10-09 17:00:00,17,2883.1,6.3
2022-10-09 18:00:00,18,2149.8,5.4
2022-10-09 19:00:00,19,1271.7,4.2
2022-10-09 20:00:00,20,557.6,5.4
2022-10-09 21:00:00,21,43.8,5.2
2022-10-09 22:00:00,22,,5.4
2022-10-09 23:00:00,23,,5.3
2022-10-10 00:00:00,0,,6.4
2022-10-10 01:00:00,1,,5.3
2022-10-10 02:00:00,2,,5.1
2022-10-10 03:00:00,3,,4.4
2022-10-10 04:00:00,4,,3.9
2022-10-10 05:00:00,5,,2.4
2022-10-10 06:00:00,6,,2.3
2022-10-10 07:00:00,7,,2.3
2022-10-10 08:00:00,8,,1.8
2022-10-10 09:00:00,9,123.6,1.6
2022-10-10 10:00:00,10,844.1,1.6
2022-10-10 11:00:00,11,1334.9,2.8
2022-10-10 12:00:00,12,1803.6,3.6
2022-10-10 13:00:00,13,2235.0,3.8
2022-10-10 14:00:00,14,2832.1,4.2
2022-10-10 15:00:00,15,3234.4,4.5
2022-10-10 16:00:00,16,2579.1,3.9
2022-10-10 17:00:00,17,1742.5,6.3
2022-10-10 18:00:00,18,1784.5,5.2
2022-10-10 19:00:00,19,1069.2,5.9
2022-10-10 20:00:00,20,427.6,5.0
2022-10-10 21:00:00,21,34.7,6.8
2022-10-10 22:00:00,22,,6.4
2022-10-10 23:00:00,23,,7.0
2022-10-11 00:00:00,0,,5.7
2022-10-11 01:00:00,1,,5.9
2022-10-11 02:00:00,2,,4.4
2022-10-11 03:00:00,3,,4.4
2022-10-11 04:00:00,4,,3.3
2022-10-11 05:00:00,5,,3.9
2022-10-11 06:00:00,6,,3.4
2022-10-11 07:00:00,7,,1.7
2022-10-11 08:00:00,8,,2.5
2022-10-11 09:00:00,9,117.1,1.8
2022-10-11 10:00:00,10,651.5,4.6
2022-10-11 11:00:00,11,1669.2,5.4
2022-10-11 12:00:00,12,1530.1,3.9
2022-10-11 13:00:00,13,1434.2,4.9
2022-10-11 14:00:00,14,2151.6,5.8
2022-10-11 15:00:00,15,3185.9,6.1
2022-10-11 16:00:00,16,2503.5,5.9
2022-10-11 17:00:00,17,2181.9,5.2
2022-10-11 18:00:00,18,1589.8,5.3
2022-10-11 19:00:00,19,1217.6,5.8
2022-10-11 20:00:00,20,505.9,4.4
2022-10-11 21:00:00,21,52.4,5.3
2022-10-11 22:00:00,22,,4.7
2022-10-11 23:00:00,23,,6.1
2022-10-12 00:00:00,0,,5.4
2022-10-12 01:00:00,1,,4.7
2022-10-12 02:00:00,2,,4.0
2022-10-12 03:00:00,3,,3.1
2022-10-12 04:00:00,4,,2.6
2022-10-12 05:00:00,5,,2.4
2022-10-12 06:00:00,6,,1.8
2022-10-12 07:00:00,7,,2.8
2022-10-12 08:00:00,8,,2.3
2022-10-12 09:00:00,9,108.2,3.2
2022-10-12 10:00:00,10,864.6,4.6
2022-10-12 11:00:00,11,1828.6,4.3
2022-10-12 12:00:00,12,1262.1,5.6
2022-10-12 13:00:00,13,2912.2,4.0
2022-10-12 14:00:00,14,2253.3,4.8
2022-10-12 15:00:00,15,3446.1,5.2
2022-10-12 16:00:00,16,2921.5,6.4
2022-10-12 17:00:00,17,2321.5,5.3
2022-10-12 18:00:00,18,2184.4,5.1
2022-10-12 19:00:00,19,1454.7,3.7
2022-10-12 20:00:00,20,512.1,4.2
2022-10-12 21:00:00,21,50.3,3.7
2022-10-12 22:00:00,22,,4.8
2022-10-12 23:00:00,23,,4.8
2022-10-13 00:00:00,0,,5.9
2022-10-13 01:00:00,1,,5.4
2022-10-13 02:00:00,2,,4.6
2022-10-13 03:00:00,3,,4.6
2022-10-13 04:00:00,4,,3.5
2022-10-13 05:00:00,5,,2.5
2022-10-13 06:00:00,6,,1.2
2022-10-13 07:00:00,7,,0.6
2022-10-13 08:00:00,8,,1.0
2022-10-13 09:00:00,9,66.2,2.0
2022-10-13 10:00:00,10,959.3,3.1
2022-10-13 11:00:00,11,1827.5,3.1
2022-10-13 12:00:00,12,2801.4,3.2
2022-10-13 13:00:00,13,2650.5,3.3
2022-10-13 14:00:00,14,3516.2,3.8
2022-10-13 15:00:00,15,2700.7,3.1
2022-10-13 16:00:00,16,2828.0,3.7
2022-10-13 17:00:00,17,3070.6,5.4
2022-10-13 18:00:00,18,2358.9,6.0
2022-10-13 19:00:00,19,1567.9,5.2
2022-10-13 20:00:00,20,646.6,5.4
2022-10-13 21:00:00,21,47.7,3.8
2022-10-13 22:00:00,22,,3.7
2022-10-13 23:00:00,23,,4.3
2022-10-14 00:00:00,0,,5.8
2022-10-14 01:00:00,1,,5.8
2022-10-14 02:00:00,2,,4.4
2022-10-14 03:00:00,3,,3.3
2022-10-14 04:00:00,4,,3.6
2022-10-14 05:00:00,5,,2.9
2022-10-14 06:00:00,6,,2.6
2022-10-14 07:00:00,7,,3.5
2022-10-14 08:00:00,8,,2.0
2022-10-14 09:00:00,9,162.6,1.2
2022-10-14 10:00:00,10,868.7,4.0
2022-10-14 11:00:00,11,918.1,4.8
2022-10-14 12:00:00,12,1885.3,4.2
2022-10-14 13:00:00,13,2059.6,4.1
2022-10-14 14:00:00,14,2093.5,3.3
2022-10-14 15:00:00,15,2295.4,3.5
2022-10-14 16:00:00,16,2332.5,3.9
2022-10-14 17:00:00,17,3104.4,4.9
2022-10-14 18:00:00,18,2046.3,4.5
2022-10-14 19:00:00,19,1522.6,5.0
2022-10-14 20:00:00,20,608.5,4.6
2022-10-14 21:00:00,21,35.3,4.1
2022-10-14 22:00:00,22,,4.5
2022-10-14 23:00:00,23,,4.8
2022-10-15 00:00:00,0,,4.6
2022-10-15 01:00:00,1,,4.9
2022-10-15 02:00:00,2,,4.3
2022-10-15 03:00:00,3,,2.6
2022-10-15 04:00:00,4,,3.3
2022-10-15 05:00:00,5,,2.6
2022-10-15 06:00:00,6,,2.3
2022-10-15 07:00:00,7,,1.9
2022-10-15 08:00:00,8,,2.2
2022-10-15 09:00:00,9,159.6,2.6
2022-10-15 10:00:00,10,541.1,2.5
2022-10-15 11:00:00,11,1306.2,3.3
2022-10-15 12:00:00,12,2202.5,3.8
2022-10-15 13:00:00,13,3204.2,4.2
2022-10-15 14:00:00,14,3679.8,4.1
2022-10-15 15:00:00,15,3740.5,3.3
2022-10-15 16:00:00,16,3535.4,4.7
2022-10-15 17:00:00,17,3103.0,5.5
2022-10-15 18:00:00,18,2458.1,5.5
2022-10-15 19:00:00,19,1634.6,5.2
2022-10-15 20:00:00,20,633.8,3.9
2022-10-15 21:00:00,21,54.2,5.8
2022-10-15 22:00:00,22,,7.0
2022-10-15 23:00:00,23,,5.4
2022-10-16 00:00:00,0,,6.2
2022-10-16 01:00:00,1,,5.0
2022-10-16 02:00:00,2,,3.5
2022-10-16 03:00:00,3,,1.9
2022-10-16 04:00:00,4,,2.4
2022-10-16 05:00:00,5,,3.1
2022-10-16 06:00:00,6,,2.0
2022-10-16 07:00:00,7,,1.7
2022-10-16 08:00:00,8,,2.4
2022-10-16 09:00:00,9,173.2,2.3
2022-10-16 10:00:00,10,1000.5,3.7
2022-10-16 11:00:00,11,1003.5,4.6
2022-10-16 12:00:00,12,2667.9,3.9
2022-10-16 13:00:00,13,3098.1,3.9
2022-10-16 14:00:00,14,3518.4,4.3
2022-10-16 15:00:00,15,3117.5,5.0
2022-10-16 16:00:00,16,2978.2,4.4
2022-10-16 17:00:00,17,2749.5,5.0
2022-10-16 18:00:00,18,2448.5,4.2
2022-10-16 19:00:00,19,912.0,3.5
2022-10-16 20:00:00,20,668.8,5.4
2022-10-16 21:00:00,21,43.0,4.4
2022-10-16 22:00:00,22,,3.4
2022-10-16 23:00:00,23,,3.5
2022-10-17 00:00:00,0,,4.2
2022-10-17 01:00:00,1,,5.4
2022-10-17 02:00:00,2,,4.9
2022-10-17 03:00:00,3,,3.1
2022-10-17 04:00:00,4,,2.6
2022-10-17 05:00:00,5,,2.7
2022-10-17 06:00:00,6,,1.7
2022-10-17 07:00:00,7,,1.0
2022-10-17 08:00:00,8,,1.5
2022-10-17 09:00:00,9,155.9,2.0
2022-10-17 10:00:00,10,929.3,3.6
2022-10-17 11:00:00,11,1579.1,5.0
2022-10-17 12:00:00,12,2509.8,4.9
2022-10-17 13:00:00,13,3130.0,5.1
2022-10-17 14:00:00,14,3666.4,5.1
2022-10-17 15:00:00,15,3680.8,4.1
2022-10-17 16:00:00,16,2984.1,4.2
2022-10-17 17:00:00,17,2313.8,6.0
2022-10-17 18:00:00,18,2294.4,4.7
2022-10-17 19:00:00,19,1562.6,5.6
2022-10-17 20:00:00,20,632.0,5.1
2022-10-17 21:00:00,21,41.3,3.3
2022-10-17 22:00:00,22,,6.0
2022-10-17 23:00:00,23,,5.5
2022-10-18 00:00:00,0,,4.5
2022-10-18 01:00:00,1,,4.7
2022-10-18 02:00:00,2,,4.4
2022-10-18 03:00:00,3,,4.6
2022-10-18 04:00:00,4,,3.6
2022-10-18 05:00:00,5,,3.9
2022-10-18 06:00:00,6,,1.6
2022-10-18 07:00:00,7,,2.0
2022-10-18 08:00:00,8,,1.5
2022-10-18 09:00:00,9,161.4,3.0
2022-10-18 10:00:00,10,935.0,4.1
2022-10-18 11:00:00,11,1636.0,4.9
2022-10-18 12:00:00,12,1765.9,3.4
2022-10-18 13:00:00,13,2836.4,2.6
2022-10-18 14:00:00,14,3305.5,3.7
2022-10-18 15:00:00,15,3317.8,3.3
2022-10-18 16:00:00,16,3247.8,3.4
2022-10-18 17:00:00,17,2919.2,2.5
2022-10-18 18:00:00,18,2463.6,4.5
2022-10-18 19:00:00,19,1645.8,5.7
2022-10-18 20:00:00,20,637.5,6.0
2022-10-18 21:00:00,21,41.6,4.6
2022-10-18 22:00:00,22,,5.8
2022-10-18 23:00:00,23,,5.3
2022-10-19 00:00:00,0,,5.5
2022-10-19 01:00:00,1,,5.3
2022-10-19 02:00:00,2,,4.1
2022-10-19 03:00:00,3,,3.9
2022-10-19 04:00:00,4,,3.6
2022-10-19 05:00:00,5,,4.3
2022-10-19 06:00:00,6,,2.2
2022-10-19 07:00:00,7,,3.4
2022-10-19 08:00:00,8,,2.3
2022-10-19 09:00:00,9,152.7,1.8
2022-10-19 10:00:00,10,543.3,3.6
2022-10-19 11:00:00,11,1044.1,3.4
2022-10-19 12:00:00,12,1251.0,3.9
2022-10-19 13:00:00,13,2096.5,3.2
2022-10-19 14:00:00,14,2334.8,4.0
2022-10-19 15:00:00,15,3580.8,3.4
2022-10-19 16:00:00,16,2643.9,3.8
2022-10-19 17:00:00,17,2348.1,3.8
2022-10-19 18:00:00,18,2329.2,4.7
2022-10-19 19:00:00,19,1149.6,5.4
2022-10-19 20:00:00,20,660.9,5.4
2022-10-19 21:00:00,21,51.9,4.4
2022-10-19 22:00:00,22,,4.2
2022-10-19 23:00:00,23,,6.1
2022-10-20 00:00:00,0,,4.0
2022-10-20 01:00:00,1,,5.0
2022-10-20 02:00:00,2,,3.7
2022-10-20 03:00:00,3,,3.3
2022-10-20 04:00:00,4,,2.4
2022-10-20 05:00:00,5,,2.3
2022-10-20 06:00:00,6,,4.7
2022-10-20 07:00:00,7,,3.2
2022-10-20 08:00:00,8,,2.7
2022-10-20 09:00:00,9,92.4,3.3
2022-10-20 10:00:00,10,735.4,3.7
2022-10-20 11:00:00,11,1372.2,4.2
2022-10-20 12:00:00,12,2119.9,3.3
2022-10-20 13:00:00,13,2922.1,3.6
2022-10-20 14:00:00,14,3616.2,3.5
2022-10-20 15:00:00,15,3565.4,2.8
2022-10-20 16:00:00,16,3357.0,4.6
2022-10-20 17:00:00,17,3099.2,5.9
2022-10-20 18:00:00,18,2384.0,5.7
2022-10-20 19:00:00,19,1533.8,5.4
2022-10-20 20:00:00,20,616.1,5.9
2022-10-20 21:00:00,21,40.0,4.0
2022-10-20 22:00:00,22,,4.6
2022-10-20 23:00:00,23,,3.9
2022-10-21 00:00:00,0,,5.0
2022-10-21 01:00:00,1,,5.2
2022-10-21 02:00:00,2,,3.5
2022-10-21 03:00:00,3,,3.6
2022-10-21 04:00:00,4,,3.3
2022-10-21 05:00:00,5,,2.4
2022-10-21 06:00:00,6,,2.6
2022-10-21 07:00:00,7,,2.4
2022-10-21 08:00:00,8,,1.7
2022-10-21 09:00:00,9,181.4,1.1
2022-10-21 10:00:00,10,969.1,3.3
2022-10-21 11:00:00,11,1898.1,4.1
2022-10-21 12:00:00,12,2607.7,3.5
2022-10-21 13:00:00,13,3131.7,4.2
2022-10-21 14:00:00,14,3486.9,4.8
2022-10-21 15:00:00,15,3815.1,4.4
2022-10-21 16:00:00,16,3337.8,4.1
2022-10-21 17:00:00,17,3038.9,4.9
2022-10-21 18:00:00,18,2362.7,3.1
2022-10-21 19:00:00,19,1454.5,3.6
2022-10-21 20:00:00,20,630.2,2.9
2022-10-21 21:00:00,21,39.6,2.3
2022-10-21 22:00:00,22,,2.9
2022-10-21 23:00:00,23,,4.3
2022-10-22 00:00:00,0,,4.7
2022-10-22 01:00:00,1,,4.8
2022-10-22 02:00:00,2,,3.1
2022-10-22 03:00:00,3,,3.0
2022-10-22 04:00:00,4,,2.4
2022-10-22 05:00:00,5,,1.8
2022-10-22 06:00:00,6,,1.8
2022-10-22 07:00:00,7,,2.1
2022-10-22 08:00:00,8,,2.1
2022-10-22 09:00:00,9,176.8,2.2
2022-10-22 10:00:00,10,964.3,2.9
2022-10-22 11:00:00,11,1880.2,3.5
2022-10-22 12:00:00,12,2701.1,3.2
2022-10-22 13:00:00,13,3286.8,2.5
2022-10-22 14:00:00,14,3621.9,2.7
2022-10-22 15:00:00,15,3669.6,2.6
2022-10-22 16:00:00,16,3469.8,3.6
2022-10-22 17:00:00,17,3035.2,4.5
2022-10-22 18:00:00,18,2372.5,3.2
2022-10-22 19:00:00,19,1565.2,3.0
2022-10-22 20:00:00,20,662.1,3.3
2022-10-22 21:00:00,21,47.9,1.9
2022-10-22 22:00:00,22,,2.4
2022-10-22 23:00:00,23,,3.9
2022-10-23 00:00:00,0,,5.0
2022-10-23 01:00:00,1,,3.3
2022-10-23 02:00:00,2,,4.1
2022-10-23 03:00:00,3,,2.9
2022-10-23 04:00:00,4,,2.9
2022-10-23 05:00:00,5,,3.1
2022-10-23 06:00:00,6,,2.0
2022-10-23 07:00:00,7,,1.7
2022-10-23 08:00:00,8,,1.8
2022-10-23 09:00:00,9,164.2,1.8
2022-10-23 10:00:00,10,968.4,2.8
2022-10-23 11:00:00,11,1809.7,3.0
2022-10-23 12:00:00,12,1860.5,2.0
2022-10-23 13:00:00,13,1932.7,2.0
2022-10-23 14:00:00,14,2452.4,1.8
2022-10-23 15:00:00,15,2893.9,1.7
2022-10-23 16:00:00,16,3906.6,3.6
2022-10-23 17:00:00,17,2518.2,2.4
2022-10-23 18:00:00,18,2499.1,3.2
2022-10-23 19:00:00,19,1458.1,2.9
2022-10-23 20:00:00,20,605.6,2.0
2022-10-23 21:00:00,21,37.7,2.3
2022-10-23 22:00:00,22,,1.8
2022-10-23 23:00:00,23,,2.2
2022-10-24 00:00:00,0,,2.1
2022-10-24 01:00:00,1,,3.5
2022-10-24 02:00:00,2,,4.6
2022-10-24 03:00:00,3,,3.3
2022-10-24 04:00:00,4,,2.4
2022-10-24 05:00:00,5,,2.5
2022-10-24 06:00:00,6,,2.7
2022-10-24 07:00:00,7,,2.1
2022-10-24 08:00:00,8,,2.2
2022-10-24 09:00:00,9,172.3,2.0
2022-10-24 10:00:00,10,935.0,2.3
2022-10-24 11:00:00,11,1795.8,2.4
2022-10-24 12:00:00,12,2700.1,2.9
2022-10-24 13:00:00,13,3167.4,3.0
2022-10-24 14:00:00,14,3481.3,1.7
2022-10-24 15:00:00,15,2940.6,3.0
2022-10-24 16:00:00,16,2560.3,2.4
2022-10-24 17:00:00,17,3140.4,2.6
2022-10-24 18:00:00,18,2487.3,3.2
2022-10-24 19:00:00,19,1545.3,4.9
2022-10-24 20:00:00,20,625.0,3.5
2022-10-24 21:00:00,21,40.3,3.6
2022-10-24 22:00:00,22,,3.1
2022-10-24 23:00:00,23,,3.6
2022-10-25 00:00:00,0,,6.5
2022-10-25 01:00:00,1,,4.7
2022-10-25 02:00:00,2,,3.5
2022-10-25 03:00:00,3,,4.0
2022-10-25 04:00:00,4,,2.6
2022-10-25 05:00:00,5,,2.3
2022-10-25 06:00:00,6,,2.8
2022-10-25 07:00:00,7,,2.5
2022-10-25 08:00:00,8,,2.6
2022-10-25 09:00:00,9,179.0,3.0
2022-10-25 10:00:00,10,927.4,3.7
2022-10-25 11:00:00,11,1783.9,2.4
2022-10-25 12:00:00,12,2629.8,2.5
2022-10-25 13:00:00,13,3220.4,2.4
2022-10-25 14:00:00,14,3578.2,3.2
2022-10-25 15:00:00,15,3267.2,1.9
2022-10-25 16:00:00,16,2275.0,1.3
2022-10-25 17:00:00,17,1184.8,3.8
2022-10-25 18:00:00,18,2351.0,2.9
2022-10-25 19:00:00,19,1504.7,3.1
2022-10-25 20:00:00,20,513.8,4.0
2022-10-25 21:00:00,21,32.5,4.1
2022-10-25 22:00:00,22,,3.9
2022-10-25 23:00:00,23,,1.3
2022-10-26 00:00:00,0,,2.0
2022-10-26 01:00:00,1,,2.5
2022-10-26 02:00:00,2,,2.7
2022-10-26 03:00:00,3,,2.7
2022-10-26 04:00:00,4,,3.2
2022-10-26 05:00:00,5,,2.6
2022-10-26 06:00:00,6,,2.4
2022-10-26 07:00:00,7,,2.1
2022-10-26 08:00:00,8,,4.5
2022-10-26 09:00:00,9,9.3,3.9
2022-10-26 10:00:00,10,128.7,2.0
2022-10-26 11:00:00,11,386.3,1.2
2022-10-26 12:00:00,12,372.3,1.2
2022-10-26 13:00:00,13,857.8,0.9
2022-10-26 14:00:00,14,1986.0,1.4
2022-10-26 15:00:00,15,2412.4,1.8
2022-10-26 16:00:00,16,2764.9,1.4
2022-10-26 17:00:00,17,2011.6,2.6
2022-10-26 18:00:00,18,1116.7,4.0
2022-10-26 19:00:00,19,801.9,3.0
2022-10-26 20:00:00,20,421.4,3.3
2022-10-26 21:00:00,21,15.2,2.0
2022-10-26 22:00:00,22,,2.6
2022-10-26 23:00:00,23,,2.5
2022-10-27 00:00:00,0,,3.2
2022-10-27 01:00:00,1,,4.1
2022-10-27 02:00:00,2,,3.7
2022-10-27 03:00:00,3,,2.8
2022-10-27 04:00:00,4,,2.2
2022-10-27 05:00:00,5,,1.4
2022-10-27 06:00:00,6,,3.3
2022-10-27 07:00:00,7,,1.4
2022-10-27 08:00:00,8,,1.8
2022-10-27 09:00:00,9,29.2,1.5
2022-10-27 10:00:00,10,213.4,2.1
2022-10-27 11:00:00,11,318.7,2.6
2022-10-27 12:00:00,12,1124.6,2.7
2022-10-27 13:00:00,13,1025.1,3.2
2022-10-27 14:00:00,14,2181.4,2.9
2022-10-27 15:00:00,15,2062.9,3.8
2022-10-27 16:00:00,16,2246.6,3.7
2022-10-27 17:00:00,17,2072.3,3.4
2022-10-27 18:00:00,18,2420.1,3.7
2022-10-27 19:00:00,19,1263.1,3.6
2022-10-27 20:00:00,20,229.0,2.6
2022-10-27 21:00:00,21,19.3,1.5
2022-10-27 22:00:00,22,,1.7
2022-10-27 23:00:00,23,,3.9
2022-10-28 00:00:00,0,,3.3
2022-10-28 01:00:00,1,,2.4
2022-10-28 02:00:00,2,,3.5
2022-10-28 03:00:00,3,,3.2
2022-10-28 04:00:00,4,,2.5
2022-10-28 05:00:00,5,,2.1
2022-10-28 06:00:00,6,,1.4
2022-10-28 07:00:00,7,,1.6
2022-10-28 08:00:00,8,,1.2
2022-10-28 09:00:00,9,184.8,1.9
2022-10-28 10:00:00,10,886.9,3.0
2022-10-28 11:00:00,11,1670.9,3.0
2022-10-28 12:00:00,12,2389.6,2.6
2022-10-28 13:00:00,13,3409.9,4.1
2022-10-28 14:00:00,14,3444.3,2.7
2022-10-28 15:00:00,15,3626.5,3.5
2022-10-28 16:00:00,16,2801.6,2.8
2022-10-28 17:00:00,17,2597.7,3.3
2022-10-28 18:00:00,18,1950.9,2.3
2022-10-28 19:00:00,19,1090.3,5.1
2022-10-28 20:00:00,20,712.4,5.2
2022-10-28 21:00:00,21,61.5,3.2
2022-10-28 22:00:00,22,,2.9
2022-10-28 23:00:00,23,,3.3
2022-10-29 00:00:00,0,,6.1
2022-10-29 01:00:00,1,,3.7
2022-10-29 02:00:00,2,,2.6
2022-10-29 03:00:00,3,,2.2
2022-10-29 04:00:00,4,,2.0
2022-10-29 05:00:00,5,,2.0
2022-10-29 06:00:00,6,,1.9
2022-10-29 07:00:00,7,,2.3
2022-10-29 08:00:00,8,,1.5
2022-10-29 09:00:00,9,210.8,1.9
2022-10-29 10:00:00,10,1045.1,2.4
2022-10-29 11:00:00,11,1966.0,3.5
2022-10-29 12:00:00,12,2717.2,4.0
2022-10-29 13:00:00,13,3340.7,3.7
2022-10-29 14:00:00,14,3657.2,3.4
2022-10-29 15:00:00,15,3733.9,3.4
2022-10-29 16:00:00,16,3565.8,3.3
2022-10-29 17:00:00,17,3060.1,4.0
2022-10-29 18:00:00,18,2125.6,4.9
2022-10-29 19:00:00,19,1658.6,3.2
2022-10-29 20:00:00,20,605.9,4.1
2022-10-29 21:00:00,21,34.4,3.4
2022-10-29 22:00:00,22,,3.3
2022-10-29 23:00:00,23,,3.5
2022-10-30 00:00:00,0,,3.6
2022-10-30 01:00:00,1,,3.7
2022-10-30 02:00:00,2,,2.4
2022-10-30 03:00:00,3,,2.3
2022-10-30 04:00:00,4,,2.6
2022-10-30 05:00:00,5,,2.5
2022-10-30 06:00:00,6,,3.4
2022-10-30 07:00:00,7,,2.7
2022-10-30 08:00:00,8,,2.5
2022-10-30 09:00:00,9,206.9,2.4
2022-10-30 10:00:00,10,1034.0,2.6
2022-10-30 11:00:00,11,1922.7,3.2
2022-10-30 12:00:00,12,2737.8,2.7
2022-10-30 13:00:00,13,3338.0,3.3
2022-10-30 14:00:00,14,3672.0,3.2
2022-10-30 15:00:00,15,3732.4,2.5
2022-10-30 16:00:00,16,3601.5,3.3
2022-10-30 17:00:00,17,3036.7,2.3
2022-10-30 18:00:00,18,2049.7,2.4
2022-10-30 19:00:00,19,1618.4,2.4
2022-10-30 20:00:00,20,784.9,4.7
2022-10-30 21:00:00,21,65.2,4.5
2022-10-30 22:00:00,22,,3.1
2022-10-30 23:00:00,23,,2.8
2022-10-31 00:00:00,0,,5.6
2022-10-31 01:00:00,1,,3.0
2022-10-31 02:00:00,2,,2.9
2022-10-31 03:00:00,3,,2.6
2022-10-31 04:00:00,4,,2.2
2022-10-31 05:00:00,5,,2.3
2022-10-31 06:00:00,6,,1.9
2022-10-31 07:00:00,7,,1.5
2022-10-31 08:00:00,8,,1.4
2022-10-31 09:00:00,9,205.6,2.6
2022-10-31 10:00:00,10,1020.6,2.9
2022-10-31 11:00:00,11,1919.6,2.9
2022-10-31 12:00:00,12,2701.5,2.4
2022-10-31 13:00:00,13,3268.6,2.3
2022-10-31 14:00:00,14,3626.0,2.6
2022-10-31 15:00:00,15,3694.6,1.4
2022-10-31 16:00:00,16,3553.2,3.2
2022-10-31 17:00:00,17,3051.4,2.0
2022-10-31 18:00:00,18,2237.6,2.8
2022-10-31 19:00:00,19,1542.3,4.0
2022-10-31 20:00:00,20,633.4,3.7
2022-10-31 21:00:00,21,42.8,2.1
2022-10-31 22:00:00,22,,1.4
2022-10-31 23:00:00,23,,2.2
2022-11-01 00:00:00,0,,4.0
2022-11-01 01:00:00,1,,4.1
2022-11-01 02:00:00,2,,2.8
2022-11-01 03:00:00,3,,3.6
2022-11-01 04:00:00,4,,3.2
2022-11-01 05:00:00,5,,2.4
2022-11-01 06:00:00,6,,2.7
2022-11-01 07:00:00,7,,1.7
2022-11-01 08:00:00,8,,1.6
2022-11-01 09:00:00,9,173.6,2.9
2022-11-01 10:00:00,10,908.8,3.8
2022-11-01 11:00:00,11,1858.1,3.4
2022-11-01 12:00:00,12,2666.0,3.4
2022-11-01 13:00:00,13,2997.5,2.6
2022-11-01 14:00:00,14,3077.7,2.7
2022-11-01 15:00:00,15,3548.4,1.3
2022-11-01 16:00:00,16,3293.2,1.4
2022-11-01 17:00:00,17,2948.7,2.5
2022-11-01 18:00:00,18,2314.4,1.3
2022-11-01 19:00:00,19,1372.2,3.8
2022-11-01 20:00:00,20,584.2,3.5
2022-11-01 21:00:00,21,56.0,1.7
2022-11-01 22:00:00,22,,1.3
2022-11-01 23:00:00,23,,1.7
2022-11-02 00:00:00,0,,1.4
2022-11-02 01:00:00,1,,2.1
2022-11-02 02:00:00,2,,3.7
2022-11-02 03:00:00,3,,2.9
2022-11-02 04:00:00,4,,2.7
2022-11-02 05:00:00,5,,2.6
2022-11-02 06:00:00,6,,1.8
2022-11-02 07:00:00,7,,2.0
2022-11-02 08:00:00,8,,2.0
2022-11-02 09:00:00,9,188.9,2.0
2022-11-02 10:00:00,10,593.2,2.1
2022-11-02 11:00:00,11,668.5,1.5
2022-11-02 12:00:00,12,2396.7,1.8
2022-11-02 13:00:00,13,3182.0,2.3
2022-11-02 14:00:00,14,3306.5,1.2
2022-11-02 15:00:00,15,3301.9,1.9
2022-11-02 16:00:00,16,3495.4,2.1
2022-11-02 17:00:00,17,2484.2,1.4
2022-11-02 18:00:00,18,1913.5,3.2
2022-11-02 19:00:00,19,579.0,3.4
2022-11-02 20:00:00,20,375.0,0.5
2022-11-02 21:00:00,21,20.2,1.8
2022-11-02 22:00:00,22,,1.4
2022-11-02 23:00:00,23,,0.5
2022-11-03 00:00:00,0,,1.8
2022-11-03 01:00:00,1,,4.0
2022-11-03 02:00:00,2,,2.6
2022-11-03 03:00:00,3,,1.7
2022-11-03 04:00:00,4,,3.2
2022-11-03 05:00:00,5,,2.5
2022-11-03 06:00:00,6,,1.8
2022-11-03 07:00:00,7,,3.1
2022-11-03 08:00:00,8,,3.4
2022-11-03 09:00:00,9,24.1,2.6
2022-11-03 10:00:00,10,354.3,1.6
2022-11-03 11:00:00,11,1606.1,2.2
2022-11-03 12:00:00,12,1917.0,1.0
2022-11-03 13:00:00,13,1916.7,1.2
2022-11-03 14:00:00,14,3293.4,2.4
2022-11-03 15:00:00,15,3700.6,1.9
2022-11-03 16:00:00,16,3418.5,2.3
2022-11-03 17:00:00,17,1490.4,1.1
2022-11-03 18:00:00,18,2199.7,1.1
2022-11-03 19:00:00,19,955.3,3.0
2022-11-03 20:00:00,20,594.9,2.5
2022-11-03 21:00:00,21,52.7,2.1
2022-11-03 22:00:00,22,,1.2
2022-11-03 23:00:00,23,,1.1
2022-11-04 00:00:00,0,,1.9
2022-11-04 01:00:00,1,,4.0
2022-11-04 02:00:00,2,,3.7
2022-11-04 03:00:00,3,,2.1
2022-11-04 04:00:00,4,,2.9
2022-11-04 05:00:00,5,,3.2
2022-11-04 06:00:00,6,,3.2
2022-11-04 07:00:00,7,,3.8
2022-11-04 08:00:00,8,,3.7
2022-11-04 09:00:00,9,1.0,2.5
2022-11-04 10:00:00,10,16.4,1.7
2022-11-04 11:00:00,11,56.0,2.0
2022-11-04 12:00:00,12,218.0,2.9
2022-11-04 13:00:00,13,655.2,2.7
2022-11-04 14:00:00,14,1138.0,2.5
2022-11-04 15:00:00,15,995.4,2.1
2022-11-04 16:00:00,16,870.2,0.9
2022-11-04 17:00:00,17,977.8,1.5
2022-11-04 18:00:00,18,663.0,1.0
2022-11-04 19:00:00,19,479.3,2.1
2022-11-04 20:00:00,20,258.4,2.2
2022-11-04 21:00:00,21,27.1,2.5
2022-11-04 22:00:00,22,,1.9
2022-11-04 23:00:00,23,,1.9
2022-11-05 00:00:00,0,,0.8
2022-11-05 01:00:00,1,,0.1
2022-11-05 02:00:00,2,,0.4
2022-11-05 03:00:00,3,,0.6
2022-11-05 04:00:00,4,,0.6
2022-11-05 05:00:00,5,,0.7
2022-11-05 06:00:00,6,,0.8
2022-11-05 07:00:00,7,,0.9
2022-11-05 08:00:00,8,,1.2
2022-11-05 09:00:00,9,28.0,1.4
2022-11-05 10:00:00,10,235.9,2.1
2022-11-05 11:00:00,11,632.5,2.6
2022-11-05 12:00:00,12,627.4,1.2
2022-11-05 13:00:00,13,920.2,2.3
2022-11-05 14:00:00,14,416.5,2.8
2022-11-05 15:00:00,15,1619.1,2.8
2022-11-05 16:00:00,16,1864.2,3.0
2022-11-05 17:00:00,17,550.9,1.1
2022-11-05 18:00:00,18,877.8,2.8
2022-11-05 19:00:00,19,737.9,3.2
2022-11-05 20:00:00,20,357.4,2.1
2022-11-05 21:00:00,21,11.7,2.1
2022-11-05 22:00:00,22,,1.1
2022-11-05 23:00:00,23,,0.5
2022-11-06 00:00:00,0,,0.7
2022-11-06 01:00:00,1,,0.6
2022-11-06 02:00:00,2,,3.3
2022-11-06 03:00:00,3,,3.0
2022-11-06 04:00:00,4,,2.6
2022-11-06 05:00:00,5,,3.0
2022-11-06 06:00:00,6,,3.4
2022-11-06 07:00:00,7,,3.3
2022-11-06 08:00:00,8,,3.0
2022-11-06 09:00:00,9,43.7,3.5
2022-11-06 10:00:00,10,260.7,3.5
2022-11-06 11:00:00,11,1062.8,3.2
2022-11-06 12:00:00,12,545.5,3.8
2022-11-06 13:00:00,13,1109.7,3.7
2022-11-06 14:00:00,14,1572.0,3.1
2022-11-06 15:00:00,15,1585.4,2.9
2022-11-06 16:00:00,16,2880.2,2.7
2022-11-06 17:00:00,17,2177.2,3.8
2022-11-06 18:00:00,18,615.6,4.5
2022-11-06 19:00:00,19,1634.7,4.0
2022-11-06 20:00:00,20,354.8,3.2
2022-11-06 21:00:00,21,24.3,3.5
2022-11-06 22:00:00,22,,2.9
2022-11-06 23:00:00,23,,5.0
2022-11-07 00:00:00,0,2.0,4.8
2022-11-07 01:00:00,1,,3.3
2022-11-07 02:00:00,2,,2.1
2022-11-07 03:00:00,3,,3.0
2022-11-07 04:00:00,4,,2.0
2022-11-07 05:00:00,5,,2.1
2022-11-07 06:00:00,6,,2.8
2022-11-07 07:00:00,7,,2.0
2022-11-07 08:00:00,8,,1.2
2022-11-07 09:00:00,9,130.9,2.1
2022-11-07 10:00:00,10,182.5,3.7
2022-11-07 11:00:00,11,1331.5,4.7
2022-11-07 12:00:00,12,1781.3,4.0
2022-11-07 13:00:00,13,1238.2,3.7
2022-11-07 14:00:00,14,2792.0,2.9
2022-11-07 15:00:00,15,2344.6,2.9
2022-11-07 16:00:00,16,1679.5,1.9
2022-11-07 17:00:00,17,2168.6,2.5
2022-11-07 18:00:00,18,2483.9,1.8
2022-11-07 19:00:00,19,974.0,1.5
2022-11-07 20:00:00,20,191.6,5.1
2022-11-07 21:00:00,21,14.6,1.3
2022-11-07 22:00:00,22,2.5,2.6
2022-11-07 23:00:00,23,,0.6
2022-11-08 00:00:00,0,1.1,2.0
2022-11-08 01:00:00,1,1.3,2.0
2022-11-08 02:00:00,2,,1.6
2022-11-08 03:00:00,3,,1.4
2022-11-08 04:00:00,4,,1.5
2022-11-08 05:00:00,5,,1.8
2022-11-08 06:00:00,6,,1.2
2022-11-08 07:00:00,7,,1.4
2022-11-08 08:00:00,8,,1.4
2022-11-08 09:00:00,9,75.0,1.6
2022-11-08 10:00:00,10,685.6,1.9
2022-11-08 11:00:00,11,1418.3,1.6
2022-11-08 12:00:00,12,1610.4,1.6
2022-11-08 13:00:00,13,1198.6,1.0
2022-11-08 14:00:00,14,1493.6,1.7
2022-11-08 15:00:00,15,2620.4,1.1
2022-11-08 16:00:00,16,3062.4,1.9
2022-11-08 17:00:00,17,2807.4,1.9
2022-11-08 18:00:00,18,2204.3,2.3
2022-11-08 19:00:00,19,1581.5,2.8
2022-11-08 20:00:00,20,526.6,4.5
2022-11-08 21:00:00,21,22.9,1.4
2022-11-08 22:00:00,22,,2.0
2022-11-08 23:00:00,23,,2.4
2022-11-09 00:00:00,0,,2.8
2022-11-09 01:00:00,1,,4.0
2022-11-09 02:00:00,2,,4.3
2022-11-09 03:00:00,3,,2.4
2022-11-09 04:00:00,4,,1.8
2022-11-09 05:00:00,5,,1.4
2022-11-09 06:00:00,6,,0.9
2022-11-09 07:00:00,7,,1.2
2022-11-09 08:00:00,8,,1.5
2022-11-09 09:00:00,9,150.3,1.3
2022-11-09 10:00:00,10,843.1,2.2
2022-11-09 11:00:00,11,1909.6,3.2
2022-11-09 12:00:00,12,2700.9,2.3
2022-11-09 13:00:00,13,1726.3,1.0
2022-11-09 14:00:00,14,3399.6,2.0
2022-11-09 15:00:00,15,3646.0,1.2
2022-11-09 16:00:00,16,3131.2,1.0
2022-11-09 17:00:00,17,787.7,3.4
2022-11-09 18:00:00,18,1821.2,3.0
2022-11-09 19:00:00,19,891.3,2.6
2022-11-09 20:00:00,20,158.8,1.0
2022-11-09 21:00:00,21,8.8,0.6
2022-11-09 22:00:00,22,,0.4
2022-11-09 23:00:00,23,,1.7
2022-11-10 00:00:00,0,,1.5
2022-11-10 01:00:00,1,,3.4
2022-11-10 02:00:00,2,,2.5
2022-11-10 03:00:00,3,,1.9
2022-11-10 04:00:00,4,,1.7
2022-11-10 05:00:00,5,,1.8
2022-11-10 06:00:00,6,,1.7
2022-11-10 07:00:00,7,,1.9
2022-11-10 08:00:00,8,,1.7
2022-11-10 09:00:00,9,224.6,1.6
2022-11-10 10:00:00,10,1012.7,2.1
2022-11-10 11:00:00,11,1888.2,2.9
2022-11-10 12:00:00,12,2697.9,2.7
2022-11-10 13:00:00,13,3417.1,1.8
2022-11-10 14:00:00,14,3400.6,2.0
2022-11-10 15:00:00,15,3587.0,1.9
2022-11-10 16:00:00,16,3102.4,2.7
2022-11-10 17:00:00,17,2860.9,3.0
2022-11-10 18:00:00,18,2422.5,3.7
2022-11-10 19:00:00,19,1578.2,3.7
2022-11-10 20:00:00,20,706.9,4.1
2022-11-10 21:00:00,21,55.5,1.7
2022-11-10 22:00:00,22,,1.6
2022-11-10 23:00:00,23,,0.6
2022-11-11 00:00:00,0,,1.8
2022-11-11 01:00:00,1,,2.4
2022-11-11 02:00:00,2,,2.7
2022-11-11 03:00:00,3,,3.2
2022-11-11 04:00:00,4,,2.4
2022-11-11 05:00:00,5,,2.3
2022-11-11 06:00:00,6,,2.3
2022-11-11 07:00:00,7,,1.3
2022-11-11 08:00:00,8,,1.4
2022-11-11 09:00:00,9,200.4,1.3
2022-11-11 10:00:00,10,997.3,2.4
2022-11-11 11:00:00,11,1814.8,2.6
2022-11-11 12:00:00,12,2277.3,1.5
2022-11-11 13:00:00,13,3451.2,3.1
2022-11-11 14:00:00,14,3646.3,2.2
2022-11-11 15:00:00,15,3733.1,2.7
2022-11-11 16:00:00,16,3507.8,2.6
2022-11-11 17:00:00,17,3065.9,1.9
2022-11-11 18:00:00,18,2432.7,2.7
2022-11-11 19:00:00,19,1583.7,2.6
2022-11-11 20:00:00,20,554.5,1.6
2022-11-11 21:00:00,21,65.8,1.4
2022-11-11 22:00:00,22,,1.0
2022-11-11 23:00:00,23,,5.5
2022-11-12 00:00:00,0,,5.5
2022-11-12 01:00:00,1,,3.5
2022-11-12 02:00:00,2,,2.7
2022-11-12 03:00:00,3,,1.7
2022-11-12 04:00:00,4,,1.5
2022-11-12 05:00:00,5,,1.4
2022-11-12 06:00:00,6,,2.1
2022-11-12 07:00:00,7,,1.8
2022-11-12 08:00:00,8,,1.4
2022-11-12 09:00:00,9,114.5,1.9
2022-11-12 10:00:00,10,607.1,2.7
2022-11-12 11:00:00,11,1371.6,3.1
2022-11-12 12:00:00,12,1515.7,2.3
2022-11-12 13:00:00,13,2266.0,1.9
2022-11-12 14:00:00,14,2531.7,1.6
2022-11-12 15:00:00,15,2437.6,3.3
2022-11-12 16:00:00,16,3472.0,2.8
2022-11-12 17:00:00,17,3031.5,3.4
2022-11-12 18:00:00,18,2507.4,3.2
2022-11-12 19:00:00,19,1499.1,2.7
2022-11-12 20:00:00,20,918.1,2.3
2022-11-12 21:00:00,21,51.3,3.1
2022-11-12 22:00:00,22,0.6,10.7
2022-11-12 23:00:00,23,,1.3
2022-11-13 00:00:00,0,,1.6
2022-11-13 01:00:00,1,,1.2
2022-11-13 02:00:00,2,,1.7
2022-11-13 03:00:00,3,,1.2
2022-11-13 04:00:00,4,,1.7
2022-11-13 05:00:00,5,,1.3
2022-11-13 06:00:00,6,,1.5
2022-11-13 07:00:00,7,,1.0
2022-11-13 08:00:00,8,,1.5
2022-11-13 09:00:00,9,98.4,1.6
2022-11-13 10:00:00,10,358.2,2.9
2022-11-13 11:00:00,11,1063.8,2.5
2022-11-13 12:00:00,12,2444.1,2.2
2022-11-13 13:00:00,13,3449.9,2.3
2022-11-13 14:00:00,14,2083.2,2.9
2022-11-13 15:00:00,15,2880.3,3.5
2022-11-13 16:00:00,16,2362.6,3.3
2022-11-13 17:00:00,17,2211.4,2.7
2022-11-13 18:00:00,18,1952.5,2.7
2022-11-13 19:00:00,19,1562.9,3.8
2022-11-13 20:00:00,20,693.4,3.7
2022-11-13 21:00:00,21,60.1,1.7
2022-11-13 22:00:00,22,,1.4
2022-11-13 23:00:00,23,,2.2
2022-11-14 00:00:00,0,,3.4
2022-11-14 01:00:00,1,,4.8
2022-11-14 02:00:00,2,,3.7
2022-11-14 03:00:00,3,,3.9
2022-11-14 04:00:00,4,,2.5
2022-11-14 05:00:00,5,,2.0
2022-11-14 06:00:00,6,,1.8
2022-11-14 07:00:00,7,,1.4
2022-11-14 08:00:00,8,,2.6
2022-11-14 09:00:00,9,83.0,2.4
2022-11-14 10:00:00,10,468.6,2.3
2022-11-14 11:00:00,11,979.3,3.8
2022-11-14 12:00:00,12,1393.7,2.5
2022-11-14 13:00:00,13,1755.4,2.3
2022-11-14 14:00:00,14,2916.8,0.9
2022-11-14 15:00:00,15,3329.4,1.4
2022-11-14 16:00:00,16,3428.2,1.5
2022-11-14 17:00:00,17,2784.7,1.2
2022-11-14 18:00:00,18,1603.9,1.3
2022-11-14 19:00:00,19,1083.0,1.7
2022-11-14 20:00:00,20,789.8,1.6
2022-11-14 21:00:00,21,61.5,0.8
2022-11-14 22:00:00,22,,1.1
2022-11-14 23:00:00,23,,1.2
2022-11-15 00:00:00,0,,1.4
2022-11-15 01:00:00,1,,1.4
2022-11-15 02:00:00,2,,2.5
2022-11-15 03:00:00,3,,2.1
2022-11-15 04:00:00,4,,1.6
2022-11-15 05:00:00,5,,2.3
2022-11-15 06:00:00,6,,3.0
2022-11-15 07:00:00,7,,2.8
2022-11-15 08:00:00,8,,2.3
2022-11-15 09:00:00,9,117.7,2.7
2022-11-15 10:00:00,10,737.0,3.7
2022-11-15 11:00:00,11,1720.9,4.2
2022-11-15 12:00:00,12,2359.0,3.0
2022-11-15 13:00:00,13,2761.0,2.7
2022-11-15 14:00:00,14,3285.4,2.5
2022-11-15 15:00:00,15,2827.9,2.3
2022-11-15 16:00:00,16,3144.8,2.2
2022-11-15 17:00:00,17,2438.5,2.7
2022-11-15 18:00:00,18,2447.7,2.8
2022-11-15 19:00:00,19,1275.1,1.6
2022-11-15 20:00:00,20,590.9,2.3
2022-11-15 21:00:00,21,51.5,2.2
2022-11-15 22:00:00,22,,5.2
2022-11-15 23:00:00,23,,1.5
2022-11-16 00:00:00,0,,2.1
2022-11-16 01:00:00,1,,1.8
2022-11-16 02:00:00,2,,2.7
2022-11-16 03:00:00,3,,1.9
2022-11-16 04:00:00,4,,2.4
2022-11-16 05:00:00,5,,1.4
2022-11-16 06:00:00,6,,1.8
2022-11-16 07:00:00,7,,2.3
2022-11-16 08:00:00,8,,2.4
2022-11-16 09:00:00,9,105.9,1.9
2022-11-16 10:00:00,10,685.7,3.2
2022-11-16 11:00:00,11,1975.2,3.0
2022-11-16 12:00:00,12,2785.6,3.5
2022-11-16 13:00:00,13,3224.0,2.7
2022-11-16 14:00:00,14,3630.9,2.4
2022-11-16 15:00:00,15,3440.7,3.4
2022-11-16 16:00:00,16,2866.0,4.1
2022-11-16 17:00:00,17,3002.3,4.2
2022-11-16 18:00:00,18,2256.2,4.8
2022-11-16 19:00:00,19,1682.6,5.0
2022-11-16 20:00:00,20,925.6,5.0
2022-11-16 21:00:00,21,90.5,2.7
2022-11-16 22:00:00,22,,2.2
2022-11-16 23:00:00,23,,2.4
2022-11-17 00:00:00,0,,3.5
2022-11-17 01:00:00,1,,3.4
2022-11-17 02:00:00,2,,2.3
2022-11-17 03:00:00,3,,2.3
2022-11-17 04:00:00,4,,1.7
2022-11-17 05:00:00,5,,1.6
2022-11-17 06:00:00,6,,1.5
2022-11-17 07:00:00,7,,1.9
2022-11-17 08:00:00,8,,1.7
2022-11-17 09:00:00,9,230.8,2.6
2022-11-17 10:00:00,10,1048.3,2.3
2022-11-17 11:00:00,11,1918.4,2.3
2022-11-17 12:00:00,12,2727.4,2.3
2022-11-17 13:00:00,13,3314.3,3.2
2022-11-17 14:00:00,14,3635.8,3.0
2022-11-17 15:00:00,15,3733.7,2.9
2022-11-17 16:00:00,16,3535.6,4.6
2022-11-17 17:00:00,17,3072.2,4.3
2022-11-17 18:00:00,18,2441.0,4.6
2022-11-17 19:00:00,19,1639.7,4.3
2022-11-17 20:00:00,20,729.9,4.4
2022-11-17 21:00:00,21,64.8,2.0
2022-11-17 22:00:00,22,,1.7
2022-11-17 23:00:00,23,,1.6
2022-11-18 00:00:00,0,,2.0
2022-11-18 01:00:00,1,,1.8
2022-11-18 02:00:00,2,,2.5
2022-11-18 03:00:00,3,,2.5
2022-11-18 04:00:00,4,,1.9
2022-11-18 05:00:00,5,,2.2
2022-11-18 06:00:00,6,,2.2
2022-11-18 07:00:00,7,,2.3
2022-11-18 08:00:00,8,,1.6
2022-11-18 09:00:00,9,217.1,2.3
2022-11-18 10:00:00,10,986.7,2.9
2022-11-18 11:00:00,11,1890.4,2.4
2022-11-18 12:00:00,12,2203.6,2.0
2022-11-18 13:00:00,13,3243.4,2.4
2022-11-18 14:00:00,14,3710.2,2.5
2022-11-18 15:00:00,15,3480.1,1.7
2022-11-18 16:00:00,16,3085.2,3.0
2022-11-18 17:00:00,17,3043.9,1.8
2022-11-18 18:00:00,18,1727.1,1.5
2022-11-18 19:00:00,19,894.2,1.2
2022-11-18 20:00:00,20,435.2,2.4
2022-11-18 21:00:00,21,56.9,1.7
2022-11-18 22:00:00,22,,1.5
2022-11-18 23:00:00,23,,1.2
2022-11-19 00:00:00,0,,0.6
2022-11-19 01:00:00,1,,1.6
2022-11-19 02:00:00,2,,4.1
2022-11-19 03:00:00,3,,2.8
2022-11-19 04:00:00,4,,1.9
2022-11-19 05:00:00,5,,1.7
2022-11-19 06:00:00,6,,1.1
2022-11-19 07:00:00,7,,1.3
2022-11-19 08:00:00,8,,1.8
2022-11-19 09:00:00,9,168.0,3.0
2022-11-19 10:00:00,10,558.9,3.2
2022-11-19 11:00:00,11,1234.5,3.3
2022-11-19 12:00:00,12,2048.0,3.9
2022-11-19 13:00:00,13,1912.2,3.1
2022-11-19 14:00:00,14,3089.0,1.7
2022-11-19 15:00:00,15,3347.3,2.6
2022-11-19 16:00:00,16,2585.7,1.1
2022-11-19 17:00:00,17,2649.2,1.7
2022-11-19 18:00:00,18,1437.7,4.1
2022-11-19 19:00:00,19,1627.2,3.0
2022-11-19 20:00:00,20,748.4,1.6
2022-11-19 21:00:00,21,15.7,1.5
2022-11-19 22:00:00,22,,1.4
2022-11-19 23:00:00,23,,1.2
2022-11-20 00:00:00,0,,1.1
2022-11-20 01:00:00,1,,0.6
2022-11-20 02:00:00,2,,1.1
2022-11-20 03:00:00,3,,2.4
2022-11-20 04:00:00,4,,2.2
2022-11-20 05:00:00,5,,1.2
2022-11-20 06:00:00,6,,1.7
2022-11-20 07:00:00,7,,1.4
2022-11-20 08:00:00,8,,1.9
2022-11-20 09:00:00,9,204.7,2.0
2022-11-20 10:00:00,10,942.6,3.1
2022-11-20 11:00:00,11,1290.3,2.5
2022-11-20 12:00:00,12,1500.7,1.5
2022-11-20 13:00:00,13,1955.2,1.6
2022-11-20 14:00:00,14,3195.2,1.8
2022-11-20 15:00:00,15,3103.9,1.6
2022-11-20 16:00:00,16,3279.4,1.9
2022-11-20 17:00:00,17,2606.7,2.9
2022-11-20 18:00:00,18,1743.0,3.4
2022-11-20 19:00:00,19,1100.8,2.6
2022-11-20 20:00:00,20,548.2,3.9
2022-11-20 21:00:00,21,46.3,2.5
2022-11-20 22:00:00,22,,2.1
2022-11-20 23:00:00,23,,2.3
2022-11-21 00:00:00,0,,3.5
2022-11-21 01:00:00,1,,4.3
2022-11-21 02:00:00,2,,4.0
2022-11-21 03:00:00,3,,3.5
2022-11-21 04:00:00,4,,2.2
2022-11-21 05:00:00,5,,2.1
2022-11-21 06:00:00,6,,1.7
2022-11-21 07:00:00,7,,1.5
2022-11-21 08:00:00,8,,2.2
2022-11-21 09:00:00,9,219.7,0.7
2022-11-21 10:00:00,10,1094.7,2.3
2022-11-21 11:00:00,11,1795.7,2.7
2022-11-21 12:00:00,12,2865.3,3.1
2022-11-21 13:00:00,13,3304.6,2.8
2022-11-21 14:00:00,14,2994.4,3.2
2022-11-21 15:00:00,15,3167.7,3.3
2022-11-21 16:00:00,16,3454.5,3.5
2022-11-21 17:00:00,17,2931.6,3.8
2022-11-21 18:00:00,18,2195.6,3.8
2022-11-21 19:00:00,19,696.8,3.1
2022-11-21 20:00:00,20,296.9,2.5
2022-11-21 21:00:00,21,44.1,2.1
2022-11-21 22:00:00,22,,3.7
2022-11-21 23:00:00,23,,3.3
2022-11-22 00:00:00,0,,3.8
2022-11-22 01:00:00,1,,3.5
2022-11-22 02:00:00,2,,2.6
2022-11-22 03:00:00,3,,2.5
2022-11-22 04:00:00,4,,1.9
2022-11-22 05:00:00,5,,2.1
2022-11-22 06:00:00,6,,1.8
2022-11-22 07:00:00,7,,1.8
2022-11-22 08:00:00,8,,1.5
2022-11-22 09:00:00,9,280.7,2.0
2022-11-22 10:00:00,10,1067.9,3.3
2022-11-22 11:00:00,11,1940.5,2.8
2022-11-22 12:00:00,12,2706.5,2.2
2022-11-22 13:00:00,13,3274.9,2.8
2022-11-22 14:00:00,14,3617.0,1.3
2022-11-22 15:00:00,15,3746.4,3.6
2022-11-22 16:00:00,16,3478.1,3.2
2022-11-22 17:00:00,17,3066.0,4.0
2022-11-22 18:00:00,18,2450.2,4.1
2022-11-22 19:00:00,19,1644.0,4.5
2022-11-22 20:00:00,20,743.8,4.8
2022-11-22 21:00:00,21,75.0,4.1
2022-11-22 22:00:00,22,,4.5
2022-11-22 23:00:00,23,,6.2
2022-11-23 00:00:00,0,,5.1
2022-11-23 01:00:00,1,,4.4
2022-11-23 02:00:00,2,,3.8
2022-11-23 03:00:00,3,,3.7
2022-11-23 04:00:00,4,,3.4
2022-11-23 05:00:00,5,,3.7
2022-11-23 06:00:00,6,,2.9
2022-11-23 07:00:00,7,,3.6
2022-11-23 08:00:00,8,,2.8
2022-11-23 09:00:00,9,108.4,2.8
2022-11-23 10:00:00,10,715.3,3.2
2022-11-23 11:00:00,11,1526.5,3.2
2022-11-23 12:00:00,12,624.8,2.0
2022-11-23 13:00:00,13,1251.8,1.9
2022-11-23 14:00:00,14,2471.8,1.4
2022-11-23 15:00:00,15,3250.9,3.3
2022-11-23 16:00:00,16,3454.2,3.6
2022-11-23 17:00:00,17,2693.0,3.9
2022-11-23 18:00:00,18,2471.5,3.0
2022-11-23 19:00:00,19,1600.4,3.5
2022-11-23 20:00:00,20,774.8,3.7
2022-11-23 21:00:00,21,85.9,3.7
2022-11-23 22:00:00,22,,2.3
2022-11-23 23:00:00,23,,2.2
2022-11-24 00:00:00,0,,2.9
2022-11-24 01:00:00,1,,2.4
2022-11-24 02:00:00,2,,2.2
2022-11-24 03:00:00,3,,3.4
2022-11-24 04:00:00,4,,2.7
2022-11-24 05:00:00,5,,2.1
2022-11-24 06:00:00,6,,2.2
2022-11-24 07:00:00,7,,1.9
2022-11-24 08:00:00,8,,2.4
2022-11-24 09:00:00,9,157.2,2.6
2022-11-24 10:00:00,10,755.0,2.9
2022-11-24 11:00:00,11,1882.1,3.4
2022-11-24 12:00:00,12,2390.5,3.4
2022-11-24 13:00:00,13,3188.1,2.5
2022-11-24 14:00:00,14,3645.3,1.9
2022-11-24 15:00:00,15,3674.8,1.8
2022-11-24 16:00:00,16,3670.1,3.1
2022-11-24 17:00:00,17,2977.7,1.8
2022-11-24 18:00:00,18,1646.2,1.9
2022-11-24 19:00:00,19,1574.3,1.6
2022-11-24 20:00:00,20,764.2,3.4
2022-11-24 21:00:00,21,74.3,1.9
2022-11-24 22:00:00,22,,1.1
2022-11-24 23:00:00,23,,0.9
2022-11-25 00:00:00,0,,1.8
2022-11-25 01:00:00,1,,3.2
2022-11-25 02:00:00,2,,3.4
2022-11-25 03:00:00,3,,4.2
2022-11-25 04:00:00,4,,2.4
2022-11-25 05:00:00,5,,1.5
2022-11-25 06:00:00,6,,2.4
2022-11-25 07:00:00,7,,4.5
2022-11-25 08:00:00,8,,3.7
2022-11-25 09:00:00,9,62.1,3.7
2022-11-25 10:00:00,10,311.6,3.6
2022-11-25 11:00:00,11,1423.4,4.7
2022-11-25 12:00:00,12,2104.3,4.4
2022-11-25 13:00:00,13,3207.2,3.9
2022-11-25 14:00:00,14,3018.9,3.7
2022-11-25 15:00:00,15,2755.7,2.1
2022-11-25 16:00:00,16,2059.3,1.8
2022-11-25 17:00:00,17,2780.1,2.5
2022-11-25 18:00:00,18,1219.5,1.8
2022-11-25 19:00:00,19,592.4,2.0
2022-11-25 20:00:00,20,367.5,2.8
2022-11-25 21:00:00,21,27.4,2.4
2022-11-25 22:00:00,22,,2.0
2022-11-25 23:00:00,23,,1.5
2022-11-26 00:00:00,0,,3.3
2022-11-26 01:00:00,1,0.7,2.5
2022-11-26 02:00:00,2,,3.1
2022-11-26 03:00:00,3,,2.5
2022-11-26 04:00:00,4,,3.3
2022-11-26 05:00:00,5,,2.6
2022-11-26 06:00:00,6,,1.9
2022-11-26 07:00:00,7,,1.6
2022-11-26 08:00:00,8,,2.1
2022-11-26 09:00:00,9,53.2,1.5
2022-11-26 10:00:00,10,435.4,2.8
2022-11-26 11:00:00,11,1131.8,2.9
2022-11-26 12:00:00,12,2140.3,3.2
2022-11-26 13:00:00,13,2811.4,2.4
2022-11-26 14:00:00,14,2983.6,2.4
2022-11-26 15:00:00,15,3384.0,2.3
2022-11-26 16:00:00,16,2573.0,2.0
2022-11-26 17:00:00,17,2969.6,1.2
2022-11-26 18:00:00,18,1809.0,1.1
2022-11-26 19:00:00,19,840.4,2.7
2022-11-26 20:00:00,20,507.3,3.1
2022-11-26 21:00:00,21,34.1,3.0
2022-11-26 22:00:00,22,,5.4
2022-11-26 23:00:00,23,,2.9
2022-11-27 00:00:00,0,,3.7
2022-11-27 01:00:00,1,0.1,5.1
2022-11-27 02:00:00,2,0.5,2.7
2022-11-27 03:00:00,3,3.0,2.0
2022-11-27 04:00:00,4,,1.4
2022-11-27 05:00:00,5,1.6,1.4
2022-11-27 06:00:00,6,,1.3
2022-11-27 07:00:00,7,,1.6
2022-11-27 08:00:00,8,,1.3
2022-11-27 09:00:00,9,102.3,1.3
2022-11-27 10:00:00,10,435.2,2.1
2022-11-27 11:00:00,11,916.1,2.3
2022-11-27 12:00:00,12,2828.4,3.1
2022-11-27 13:00:00,13,2702.4,3.6
2022-11-27 14:00:00,14,2014.1,1.9
2022-11-27 15:00:00,15,3721.3,2.4
2022-11-27 16:00:00,16,2764.5,2.2
2022-11-27 17:00:00,17,1932.8,1.0
2022-11-27 18:00:00,18,1586.7,1.8
2022-11-27 19:00:00,19,1098.2,1.3
2022-11-27 20:00:00,20,594.3,3.4
2022-11-27 21:00:00,21,64.2,1.8
2022-11-27 22:00:00,22,,2.1
2022-11-27 23:00:00,23,,0.8
2022-11-28 00:00:00,0,,1.7
2022-11-28 01:00:00,1,,3.2
2022-11-28 02:00:00,2,,3.5
2022-11-28 03:00:00,3,,2.7
2022-11-28 04:00:00,4,,1.8
2022-11-28 05:00:00,5,,1.8
2022-11-28 06:00:00,6,,1.8
2022-11-28 07:00:00,7,,1.4
2022-11-28 08:00:00,8,,1.2
2022-11-28 09:00:00,9,98.6,2.2
2022-11-28 10:00:00,10,545.7,3.4
2022-11-28 11:00:00,11,1594.6,4.6
2022-11-28 12:00:00,12,1948.0,4.4
2022-11-28 13:00:00,13,2694.3,3.8
2022-11-28 14:00:00,14,2719.7,3.9
2022-11-28 15:00:00,15,3046.4,3.1
2022-11-28 16:00:00,16,3090.7,4.5
2022-11-28 17:00:00,17,2321.7,3.7
2022-11-28 18:00:00,18,1469.2,3.7
2022-11-28 19:00:00,19,624.6,2.9
2022-11-28 20:00:00,20,110.8,2.7
2022-11-28 21:00:00,21,19.5,3.0
2022-11-28 22:00:00,22,,3.4
2022-11-28 23:00:00,23,,2.8
2022-11-29 00:00:00,0,,3.1
2022-11-29 01:00:00,1,,3.2
2022-11-29 02:00:00,2,,2.0
2022-11-29 03:00:00,3,,1.6
2022-11-29 04:00:00,4,,1.6
2022-11-29 05:00:00,5,,1.2
2022-11-29 06:00:00,6,,2.0
2022-11-29 07:00:00,7,,1.4
2022-11-29 08:00:00,8,,1.1
2022-11-29 09:00:00,9,40.0,0.8
2022-11-29 10:00:00,10,430.5,1.3
2022-11-29 11:00:00,11,161.7,2.1
2022-11-29 12:00:00,12,1154.4,1.1
2022-11-29 13:00:00,13,2774.6,2.7
2022-11-29 14:00:00,14,2471.8,2.3
2022-11-29 15:00:00,15,2319.4,1.8
2022-11-29 16:00:00,16,1101.4,1.6
2022-11-29 17:00:00,17,1660.7,1.0
2022-11-29 18:00:00,18,1844.2,1.8
2022-11-29 19:00:00,19,706.6,3.7
2022-11-29 20:00:00,20,67.4,2.7
2022-11-29 21:00:00,21,5.2,5.0
2022-11-29 22:00:00,22,,3.3
2022-11-29 23:00:00,23,,2.9
2022-11-30 00:00:00,0,,2.3
2022-11-30 01:00:00,1,,2.2
2022-11-30 02:00:00,2,,1.7
2022-11-30 03:00:00,3,,1.4
2022-11-30 04:00:00,4,,1.6
2022-11-30 05:00:00,5,,0.4
2022-11-30 06:00:00,6,,0.2
2022-11-30 07:00:00,7,,0.9
2022-11-30 08:00:00,8,,1.7
2022-11-30 09:00:00,9,145.5,1.3
2022-11-30 10:00:00,10,820.9,1.7
2022-11-30 11:00:00,11,794.6,1.5
2022-11-30 12:00:00,12,946.2,3.0
2022-11-30 13:00:00,13,844.0,2.8
2022-11-30 14:00:00,14,2447.0,3.2
2022-11-30 15:00:00,15,1787.7,0.8
2022-11-30 16:00:00,16,356.7,1.7
2022-11-30 17:00:00,17,687.6,2.0
2022-11-30 18:00:00,18,866.6,0.9
2022-11-30 19:00:00,19,1217.1,0.6
2022-11-30 20:00:00,20,640.8,1.4
2022-11-30 21:00:00,21,72.6,1.6
2022-11-30 22:00:00,22,,2.7
2022-11-30 23:00:00,23,,2.3
2022-12-01 00:00:00,0,,1.6
2022-12-01 01:00:00,1,,2.5
2022-12-01 02:00:00,2,,1.4
2022-12-01 03:00:00,3,,1.9
2022-12-01 04:00:00,4,,1.2
2022-12-01 05:00:00,5,,1.7
2022-12-01 06:00:00,6,,1.8
2022-12-01 07:00:00,7,,1.5
2022-12-01 08:00:00,8,,1.1
2022-12-01 09:00:00,9,126.0,1.5
2022-12-01 10:00:00,10,605.0,2.3
2022-12-01 11:00:00,11,1616.9,3.5
2022-12-01 12:00:00,12,2556.0,3.8
2022-12-01 13:00:00,13,2959.0,4.2
2022-12-01 14:00:00,14,3184.6,3.8
2022-12-01 15:00:00,15,3056.5,3.5
2022-12-01 16:00:00,16,3471.9,2.0
2022-12-01 17:00:00,17,2519.4,1.4
2022-12-01 18:00:00,18,1576.3,2.9
2022-12-01 19:00:00,19,241.6,2.5
2022-12-01 20:00:00,20,138.3,2.8
2022-12-01 21:00:00,21,10.1,1.4
2022-12-01 22:00:00,22,,1.5
2022-12-01 23:00:00,23,,1.4
2022-12-02 00:00:00,0,0.9,0.6
2022-12-02 01:00:00,1,,0.8
2022-12-02 02:00:00,2,,2.3
2022-12-02 03:00:00,3,0.0,2.1
2022-12-02 04:00:00,4,,1.9
2022-12-02 05:00:00,5,,2.1
2022-12-02 06:00:00,6,,1.4
2022-12-02 07:00:00,7,,1.5
2022-12-02 08:00:00,8,,2.0
2022-12-02 09:00:00,9,117.6,1.4
2022-12-02 10:00:00,10,427.9,1.9
2022-12-02 11:00:00,11,964.8,2.0
2022-12-02 12:00:00,12,1732.6,3.2
2022-12-02 13:00:00,13,2209.5,2.4
2022-12-02 14:00:00,14,1758.5,2.9
2022-12-02 15:00:00,15,2092.5,1.3
2022-12-02 16:00:00,16,3180.6,2.3
2022-12-02 17:00:00,17,2870.2,2.9
2022-12-02 18:00:00,18,2185.0,3.0
2022-12-02 19:00:00,19,815.4,2.6
2022-12-02 20:00:00,20,817.1,2.3
2022-12-02 21:00:00,21,75.4,1.5
2022-12-02 22:00:00,22,,0.6
2022-12-02 23:00:00,23,,0.6
2022-12-03 00:00:00,0,,0.9
2022-12-03 01:00:00,1,,2.4
2022-12-03 02:00:00,2,,1.8
2022-12-03 03:00:00,3,,1.5
2022-12-03 04:00:00,4,,0.7
2022-12-03 05:00:00,5,,0.6
2022-12-03 06:00:00,6,,1.1
2022-12-03 07:00:00,7,,0.7
2022-12-03 08:00:00,8,,0.9
2022-12-03 09:00:00,9,203.5,0.8
2022-12-03 10:00:00,10,984.1,1.6
2022-12-03 11:00:00,11,1888.9,2.3
2022-12-03 12:00:00,12,2733.1,2.5
2022-12-03 13:00:00,13,3189.5,2.3
2022-12-03 14:00:00,14,3500.0,2.7
2022-12-03 15:00:00,15,3377.5,2.6
2022-12-03 16:00:00,16,2944.3,2.0
2022-12-03 17:00:00,17,3208.5,2.6
2022-12-03 18:00:00,18,1216.3,1.7
2022-12-03 19:00:00,19,598.6,2.2
2022-12-03 20:00:00,20,128.8,2.9
2022-12-03 21:00:00,21,36.7,4.4
2022-12-03 22:00:00,22,,3.8
2022-12-03 23:00:00,23,,4.1
2022-12-04 00:00:00,0,,3.9
2022-12-04 01:00:00,1,,3.5
2022-12-04 02:00:00,2,,3.4
2022-12-04 03:00:00,3,,2.0
2022-12-04 04:00:00,4,,1.7
2022-12-04 05:00:00,5,,1.5
2022-12-04 06:00:00,6,,1.1
2022-12-04 07:00:00,7,,1.2
2022-12-04 08:00:00,8,,1.2
2022-12-04 09:00:00,9,223.8,1.4
2022-12-04 10:00:00,10,1069.5,2.6
2022-12-04 11:00:00,11,1922.3,3.4
2022-12-04 12:00:00,12,2642.6,3.6
2022-12-04 13:00:00,13,3087.5,2.8
2022-12-04 14:00:00,14,3584.4,2.5
2022-12-04 15:00:00,15,3433.9,2.2
2022-12-04 16:00:00,16,2217.1,2.3
2022-12-04 17:00:00,17,1276.3,3.8
2022-12-04 18:00:00,18,1795.5,4.9
2022-12-04 19:00:00,19,869.5,3.6
2022-12-04 20:00:00,20,313.0,1.2
2022-12-04 21:00:00,21,27.0,0.3
2022-12-04 22:00:00,22,,0.6
2022-12-04 23:00:00,23,,1.1
2022-12-05 00:00:00,0,,1.4
2022-12-05 01:00:00,1,,1.4
2022-12-05 02:00:00,2,,1.6
2022-12-05 03:00:00,3,,3.0
2022-12-05 04:00:00,4,,2.8
2022-12-05 05:00:00,5,,1.9
2022-12-05 06:00:00,6,,1.5
2022-12-05 07:00:00,7,,1.5
2022-12-05 08:00:00,8,,1.4
2022-12-05 09:00:00,9,163.5,1.2
2022-12-05 10:00:00,10,913.6,2.4
2022-12-05 11:00:00,11,994.1,2.6
2022-12-05 12:00:00,12,1941.6,2.1
2022-12-05 13:00:00,13,1787.3,2.4
2022-12-05 14:00:00,14,1248.5,2.3
2022-12-05 15:00:00,15,1535.6,2.1
2022-12-05 16:00:00,16,1980.6,1.4
2022-12-05 17:00:00,17,1504.8,1.6
2022-12-05 18:00:00,18,2335.5,1.2
2022-12-05 19:00:00,19,901.6,2.4
2022-12-05 20:00:00,20,110.4,3.3
2022-12-05 21:00:00,21,18.4,2.8
2022-12-05 22:00:00,22,0.1,1.5
2022-12-05 23:00:00,23,0.2,1.5
2022-12-06 00:00:00,0,3.0,1.9
2022-12-06 01:00:00,1,,1.6
2022-12-06 02:00:00,2,,1.3
2022-12-06 03:00:00,3,2.2,1.6
2022-12-06 04:00:00,4,1.7,1.9
2022-12-06 05:00:00,5,,1.1
2022-12-06 06:00:00,6,,0.5
2022-12-06 07:00:00,7,,0.9
2022-12-06 08:00:00,8,,1.1
2022-12-06 09:00:00,9,55.8,1.1
2022-12-06 10:00:00,10,381.7,1.7
2022-12-06 11:00:00,11,741.2,1.8
2022-12-06 12:00:00,12,1213.2,2.3
2022-12-06 13:00:00,13,2025.6,2.2
2022-12-06 14:00:00,14,3481.5,2.5
2022-12-06 15:00:00,15,3110.7,3.4
2022-12-06 16:00:00,16,2599.1,2.8
2022-12-06 17:00:00,17,2899.1,2.6
2022-12-06 18:00:00,18,1963.1,1.8
2022-12-06 19:00:00,19,1688.3,4.4
2022-12-06 20:00:00,20,499.6,2.1
2022-12-06 21:00:00,21,82.3,3.2
2022-12-06 22:00:00,22,,3.5
2022-12-06 23:00:00,23,,2.6
2022-12-07 00:00:00,0,,3.8
2022-12-07 01:00:00,1,,2.6
2022-12-07 02:00:00,2,,1.2
2022-12-07 03:00:00,3,,0.4
2022-12-07 04:00:00,4,,0.8
2022-12-07 05:00:00,5,,0.8
2022-12-07 06:00:00,6,,1.5
2022-12-07 07:00:00,7,,1.6
2022-12-07 08:00:00,8,,0.5
2022-12-07 09:00:00,9,182.9,0.8
2022-12-07 10:00:00,10,753.0,1.7
2022-12-07 11:00:00,11,1241.9,2.1
2022-12-07 12:00:00,12,2347.4,2.5
2022-12-07 13:00:00,13,3232.9,2.7
2022-12-07 14:00:00,14,3538.1,2.2
2022-12-07 15:00:00,15,3684.0,2.4
2022-12-07 16:00:00,16,3561.9,3.7
2022-12-07 17:00:00,17,3120.5,3.4
2022-12-07 18:00:00,18,2502.6,3.1
2022-12-07 19:00:00,19,1720.6,3.3
2022-12-07 20:00:00,20,831.9,4.6
2022-12-07 21:00:00,21,115.0,2.1
2022-12-07 22:00:00,22,,1.9
2022-12-07 23:00:00,23,,1.3
2022-12-08 00:00:00,0,,0.4
2022-12-08 01:00:00,1,,0.8
2022-12-08 02:00:00,2,,1.0
2022-12-08 03:00:00,3,,1.4
2022-12-08 04:00:00,4,,0.9
2022-12-08 05:00:00,5,,1.1
2022-12-08 06:00:00,6,,1.4
2022-12-08 07:00:00,7,,1.2
2022-12-08 08:00:00,8,,1.4
2022-12-08 09:00:00,9,146.5,1.5
2022-12-08 10:00:00,10,908.4,1.5
2022-12-08 11:00:00,11,1553.6,2.6
2022-12-08 12:00:00,12,2570.2,2.0
2022-12-08 13:00:00,13,2860.3,2.7
2022-12-08 14:00:00,14,3241.6,2.1
2022-12-08 15:00:00,15,3604.4,1.2
2022-12-08 16:00:00,16,3531.8,1.5
2022-12-08 17:00:00,17,2820.4,2.3
2022-12-08 18:00:00,18,2443.6,1.3
2022-12-08 19:00:00,19,1140.9,1.5
2022-12-08 20:00:00,20,856.1,3.1
2022-12-08 21:00:00,21,107.7,1.1
2022-12-08 22:00:00,22,,0.9
2022-12-08 23:00:00,23,,0.3
2022-12-09 00:00:00,0,,1.6
2022-12-09 01:00:00,1,,1.6
2022-12-09 02:00:00,2,,0.4
2022-12-09 03:00:00,3,,2.4
2022-12-09 04:00:00,4,,2.3
2022-12-09 05:00:00,5,,2.0
2022-12-09 06:00:00,6,,1.4
2022-12-09 07:00:00,7,,1.5
2022-12-09 08:00:00,8,,1.8
2022-12-09 09:00:00,9,158.4,1.5
2022-12-09 10:00:00,10,912.2,3.8
2022-12-09 11:00:00,11,1784.0,4.3
2022-12-09 12:00:00,12,2538.8,4.4
2022-12-09 13:00:00,13,3167.4,3.9
2022-12-09 14:00:00,14,3543.0,3.2
2022-12-09 15:00:00,15,3639.3,3.6
2022-12-09 16:00:00,16,3573.5,2.8
2022-12-09 17:00:00,17,2847.1,2.3
2022-12-09 18:00:00,18,2053.8,1.3
2022-12-09 19:00:00,19,1483.7,1.9
2022-12-09 20:00:00,20,748.3,2.5
2022-12-09 21:00:00,21,89.2,3.1
2022-12-09 22:00:00,22,,2.3
2022-12-09 23:00:00,23,,0.9
2022-12-10 00:00:00,0,,1.0
2022-12-10 01:00:00,1,,1.2
2022-12-10 02:00:00,2,,2.2
2022-12-10 03:00:00,3,,3.2
2022-12-10 04:00:00,4,,2.3
2022-12-10 05:00:00,5,,1.2
2022-12-10 06:00:00,6,,2.1
2022-12-10 07:00:00,7,,2.1
2022-12-10 08:00:00,8,,1.6
2022-12-10 09:00:00,9,171.5,1.2
2022-12-10 10:00:00,10,935.1,1.8
2022-12-10 11:00:00,11,1797.7,3.7
2022-12-10 12:00:00,12,2545.0,3.0
2022-12-10 13:00:00,13,3157.8,2.3
2022-12-10 14:00:00,14,3525.7,2.5
2022-12-10 15:00:00,15,3653.0,2.3
2022-12-10 16:00:00,16,3631.9,2.5
2022-12-10 17:00:00,17,2582.7,3.5
2022-12-10 18:00:00,18,2167.2,3.1
2022-12-10 19:00:00,19,928.6,9.3
2022-12-10 20:00:00,20,152.5,2.0
2022-12-10 21:00:00,21,27.3,0.9
2022-12-10 22:00:00,22,0.2,0.7
2022-12-10 23:00:00,23,,1.5
2022-12-11 00:00:00,0,,1.1
2022-12-11 01:00:00,1,0.9,1.4
2022-12-11 02:00:00,2,,1.2
2022-12-11 03:00:00,3,,1.4
2022-12-11 04:00:00,4,,1.1
2022-12-11 05:00:00,5,,1.2
2022-12-11 06:00:00,6,,1.4
2022-12-11 07:00:00,7,,1.1
2022-12-11 08:00:00,8,,1.2
2022-12-11 09:00:00,9,111.2,1.9
2022-12-11 10:00:00,10,754.1,1.6
2022-12-11 11:00:00,11,1760.4,2.0
2022-12-11 12:00:00,12,2373.3,2.6
2022-12-11 13:00:00,13,2692.6,2.6
2022-12-11 14:00:00,14,3531.7,1.8
2022-12-11 15:00:00,15,3444.8,2.5
2022-12-11 16:00:00,16,3565.7,2.6
2022-12-11 17:00:00,17,3115.0,1.1
2022-12-11 18:00:00,18,1693.5,3.8
2022-12-11 19:00:00,19,1187.6,3.1
2022-12-11 20:00:00,20,676.1,2.0
2022-12-11 21:00:00,21,161.2,1.1
2022-12-11 22:00:00,22,,1.8
2022-12-11 23:00:00,23,,1.6
2022-12-12 00:00:00,0,,0.8
2022-12-12 01:00:00,1,,1.4
2022-12-12 02:00:00,2,,1.5
2022-12-12 03:00:00,3,,1.3
2022-12-12 04:00:00,4,,1.4
2022-12-12 05:00:00,5,,1.0
2022-12-12 06:00:00,6,,2.0
2022-12-12 07:00:00,7,,1.9
2022-12-12 08:00:00,8,,0.9
2022-12-12 09:00:00,9,165.3,2.5
2022-12-12 10:00:00,10,914.3,1.9
2022-12-12 11:00:00,11,1776.6,4.7
2022-12-12 12:00:00,12,2601.0,3.4
2022-12-12 13:00:00,13,3205.9,3.1
2022-12-12 14:00:00,14,3601.6,2.5
2022-12-12 15:00:00,15,3702.7,2.3
2022-12-12 16:00:00,16,3458.7,2.0
2022-12-12 17:00:00,17,3273.4,2.4
2022-12-12 18:00:00,18,2567.7,2.9
2022-12-12 19:00:00,19,1733.3,1.8
2022-12-12 20:00:00,20,880.2,1.8
2022-12-12 21:00:00,21,149.6,1.7
2022-12-12 22:00:00,22,,1.0
2022-12-12 23:00:00,23,,0.5
2022-12-13 00:00:00,0,,0.9
2022-12-13 01:00:00,1,,0.6
2022-12-13 02:00:00,2,,0.8
2022-12-13 03:00:00,3,,2.2
2022-12-13 04:00:00,4,,1.7
2022-12-13 05:00:00,5,,1.7
2022-12-13 06:00:00,6,,1.6
2022-12-13 07:00:00,7,,1.9
2022-12-13 08:00:00,8,,1.4
2022-12-13 09:00:00,9,153.7,1.7
2022-12-13 10:00:00,10,898.1,3.0
2022-12-13 11:00:00,11,1786.4,3.3
2022-12-13 12:00:00,12,2575.8,4.9
2022-12-13 13:00:00,13,3171.8,3.3
2022-12-13 14:00:00,14,3541.3,3.2
2022-12-13 15:00:00,15,3682.3,2.1
2022-12-13 16:00:00,16,3242.0,1.6
2022-12-13 17:00:00,17,3161.9,2.2
2022-12-13 18:00:00,18,2538.2,1.9
2022-12-13 19:00:00,19,1738.8,2.3
2022-12-13 20:00:00,20,842.9,2.5
2022-12-13 21:00:00,21,122.2,1.0
2022-12-13 22:00:00,22,,1.6
2022-12-13 23:00:00,23,,1.6
2022-12-14 00:00:00,0,,1.2
2022-12-14 01:00:00,1,,1.1
2022-12-14 02:00:00,2,,1.5
2022-12-14 03:00:00,3,,0.9
2022-12-14 04:00:00,4,,3.2
2022-12-14 05:00:00,5,,2.6
2022-12-14 06:00:00,6,,1.8
2022-12-14 07:00:00,7,,1.7
2022-12-14 08:00:00,8,,1.6
2022-12-14 09:00:00,9,153.0,1.6
2022-12-14 10:00:00,10,887.5,3.0
2022-12-14 11:00:00,11,1770.9,3.3
2022-12-14 12:00:00,12,2545.8,3.0
2022-12-14 13:00:00,13,3145.0,3.2
2022-12-14 14:00:00,14,3433.8,2.6
2022-12-14 15:00:00,15,3580.3,3.5
2022-12-14 16:00:00,16,3107.4,2.5
2022-12-14 17:00:00,17,3048.5,1.2
2022-12-14 18:00:00,18,2268.6,2.9
2022-12-14 19:00:00,19,1492.8,2.3
2022-12-14 20:00:00,20,787.8,1.6
2022-12-14 21:00:00,21,124.4,0.8
2022-12-14 22:00:00,22,,1.7
2022-12-14 23:00:00,23,,0.4
2022-12-15 00:00:00,0,,1.4
2022-12-15 01:00:00,1,,1.1
2022-12-15 02:00:00,2,,1.1
2022-12-15 03:00:00,3,,3.6
2022-12-15 04:00:00,4,,1.8
2022-12-15 05:00:00,5,,2.1
2022-12-15 06:00:00,6,,1.7
2022-12-15 07:00:00,7,,1.4
2022-12-15 08:00:00,8,,2.4
2022-12-15 09:00:00,9,155.3,2.5
2022-12-15 10:00:00,10,818.6,3.8
2022-12-15 11:00:00,11,1654.0,3.2
2022-12-15 12:00:00,12,2458.4,3.7
2022-12-15 13:00:00,13,3024.4,3.4
2022-12-15 14:00:00,14,3162.1,2.5
2022-12-15 15:00:00,15,3437.5,2.7
2022-12-15 16:00:00,16,3444.2,1.7
2022-12-15 17:00:00,17,2580.0,1.6
2022-12-15 18:00:00,18,2492.4,1.8
2022-12-15 19:00:00,19,1594.8,0.9
2022-12-15 20:00:00,20,537.1,1.9
2022-12-15 21:00:00,21,92.3,1.7
2022-12-15 22:00:00,22,,0.8
2022-12-15 23:00:00,23,,0.8
2022-12-16 00:00:00,0,,2.4
2022-12-16 01:00:00,1,,1.6
2022-12-16 02:00:00,2,,1.7
2022-12-16 03:00:00,3,,0.8
2022-12-16 04:00:00,4,,2.1
2022-12-16 05:00:00,5,,2.3
2022-12-16 06:00:00,6,,0.7
2022-12-16 07:00:00,7,,1.3
2022-12-16 08:00:00,8,,1.8
2022-12-16 09:00:00,9,93.2,2.1
2022-12-16 10:00:00,10,815.0,2.8
2022-12-16 11:00:00,11,1706.3,3.4
2022-12-16 12:00:00,12,2509.4,3.6
2022-12-16 13:00:00,13,3063.3,3.5
2022-12-16 14:00:00,14,3471.0,1.4
2022-12-16 15:00:00,15,3619.1,2.5
2022-12-16 16:00:00,16,3499.7,2.5
2022-12-16 17:00:00,17,3104.3,1.6
2022-12-16 18:00:00,18,2517.3,2.7
2022-12-16 19:00:00,19,1739.9,1.7
2022-12-16 20:00:00,20,854.1,2.9
2022-12-16 21:00:00,21,126.4,2.1
2022-12-16 22:00:00,22,,0.8
2022-12-16 23:00:00,23,,1.3
2022-12-17 00:00:00,0,,1.7
2022-12-17 01:00:00,1,,1.5
2022-12-17 02:00:00,2,,1.5
2022-12-17 03:00:00,3,,1.5
2022-12-17 04:00:00,4,,2.0
2022-12-17 05:00:00,5,,1.9
2022-12-17 06:00:00,6,,1.7
2022-12-17 07:00:00,7,,2.4
2022-12-17 08:00:00,8,,2.4
2022-12-17 09:00:00,9,120.3,2.5
2022-12-17 10:00:00,10,852.7,3.2
2022-12-17 11:00:00,11,1033.4,4.3
2022-12-17 12:00:00,12,1625.4,3.9
2022-12-17 13:00:00,13,3123.6,3.9
2022-12-17 14:00:00,14,3519.8,2.5
2022-12-17 15:00:00,15,3280.4,2.7
2022-12-17 16:00:00,16,2803.7,1.8
2022-12-17 17:00:00,17,3185.2,1.3
2022-12-17 18:00:00,18,1688.1,1.6
2022-12-17 19:00:00,19,1654.2,2.1
2022-12-17 20:00:00,20,1114.2,2.8
2022-12-17 21:00:00,21,147.7,2.1
2022-12-17 22:00:00,22,,1.5
2022-12-17 23:00:00,23,,0.4
2022-12-18 00:00:00,0,,1.8
2022-12-18 01:00:00,1,,1.5
2022-12-18 02:00:00,2,,1.0
2022-12-18 03:00:00,3,,0.7
2022-12-18 04:00:00,4,,1.0
2022-12-18 05:00:00,5,,1.3
2022-12-18 06:00:00,6,,1.6
2022-12-18 07:00:00,7,,1.2
2022-12-18 08:00:00,8,,1.7
2022-12-18 09:00:00,9,66.3,1.6
2022-12-18 10:00:00,10,723.8,3.4
2022-12-18 11:00:00,11,1695.7,2.5
2022-12-18 12:00:00,12,2497.3,2.6
2022-12-18 13:00:00,13,3028.7,2.5
2022-12-18 14:00:00,14,3262.0,1.8
2022-12-18 15:00:00,15,2865.0,2.0
2022-12-18 16:00:00,16,3134.8,2.8
2022-12-18 17:00:00,17,2492.2,4.2
2022-12-18 18:00:00,18,2634.1,3.1
2022-12-18 19:00:00,19,1993.4,4.3
2022-12-18 20:00:00,20,1019.9,4.2
2022-12-18 21:00:00,21,247.5,3.4
2022-12-18 22:00:00,22,,3.3
2022-12-18 23:00:00,23,,2.1
2022-12-19 00:00:00,0,,3.6
2022-12-19 01:00:00,1,,1.8
2022-12-19 02:00:00,2,,3.1
2022-12-19 03:00:00,3,,2.7
2022-12-19 04:00:00,4,,0.9
2022-12-19 05:00:00,5,,2.0
2022-12-19 06:00:00,6,,1.5
2022-12-19 07:00:00,7,,2.5
2022-12-19 08:00:00,8,,1.4
2022-12-19 09:00:00,9,147.2,1.4
2022-12-19 10:00:00,10,904.4,3.0
2022-12-19 11:00:00,11,1772.7,3.0
2022-12-19 12:00:00,12,2579.1,2.4
2022-12-19 13:00:00,13,3236.7,2.2
2022-12-19 14:00:00,14,3566.7,1.6
2022-12-19 15:00:00,15,3734.9,1.5
2022-12-19 16:00:00,16,3598.5,3.0
2022-12-19 17:00:00,17,3266.0,3.0
2022-12-19 18:00:00,18,2599.5,3.1
2022-12-19 19:00:00,19,1800.8,3.0
2022-12-19 20:00:00,20,903.5,3.1
2022-12-19 21:00:00,21,150.6,2.2
2022-12-19 22:00:00,22,,2.5
2022-12-19 23:00:00,23,,1.6
2022-12-20 00:00:00,0,,2.1
2022-12-20 01:00:00,1,,2.7
2022-12-20 02:00:00,2,,2.5
2022-12-20 03:00:00,3,,3.8
2022-12-20 04:00:00,4,,2.1
2022-12-20 05:00:00,5,,1.7
2022-12-20 06:00:00,6,,2.3
2022-12-20 07:00:00,7,,1.2
2022-12-20 08:00:00,8,,1.4
2022-12-20 09:00:00,9,88.0,1.5
2022-12-20 10:00:00,10,396.9,1.4
2022-12-20 11:00:00,11,802.2,3.2
2022-12-20 12:00:00,12,1662.9,2.0
2022-12-20 13:00:00,13,2851.7,1.5
2022-12-20 14:00:00,14,3476.7,1.6
2022-12-20 15:00:00,15,2837.8,1.8
2022-12-20 16:00:00,16,3600.6,1.9
2022-12-20 17:00:00,17,3149.6,2.3
2022-12-20 18:00:00,18,2511.3,3.7
2022-12-20 19:00:00,19,1756.1,2.8
2022-12-20 20:00:00,20,881.6,3.1
2022-12-20 21:00:00,21,145.5,2.2
2022-12-20 22:00:00,22,,1.5
2022-12-20 23:00:00,23,,0.3
2022-12-21 00:00:00,0,,1.3
2022-12-21 01:00:00,1,,0.8
2022-12-21 02:00:00,2,,1.6
2022-12-21 03:00:00,3,,2.0
2022-12-21 04:00:00,4,,2.3
2022-12-21 05:00:00,5,,1.3
2022-12-21 06:00:00,6,,2.7
2022-12-21 07:00:00,7,,2.5
2022-12-21 08:00:00,8,,1.1
2022-12-21 09:00:00,9,110.0,2.1
2022-12-21 10:00:00,10,794.4,3.1
2022-12-21 11:00:00,11,1649.8,3.1
2022-12-21 12:00:00,12,2439.1,2.5
2022-12-21 13:00:00,13,3053.6,1.8
2022-12-21 14:00:00,14,3500.3,1.7
2022-12-21 15:00:00,15,3723.4,1.7
2022-12-21 16:00:00,16,3634.0,2.0
2022-12-21 17:00:00,17,3255.7,1.9
2022-12-21 18:00:00,18,2584.8,1.9
2022-12-21 19:00:00,19,1905.9,3.1
2022-12-21 20:00:00,20,996.8,2.4
2022-12-21 21:00:00,21,145.5,1.5
2022-12-21 22:00:00,22,,0.7
2022-12-21 23:00:00,23,,1.9
2022-12-22 00:00:00,0,,2.2
2022-12-22 01:00:00,1,,1.9
2022-12-22 02:00:00,2,,1.4
2022-12-22 03:00:00,3,,2.2
2022-12-22 04:00:00,4,,1.4
2022-12-22 05:00:00,5,,2.0
2022-12-22 06:00:00,6,,2.5
2022-12-22 07:00:00,7,,2.2
2022-12-22 08:00:00,8,,1.9
2022-12-22 09:00:00,9,113.8,1.9
2022-12-22 10:00:00,10,768.0,3.2
2022-12-22 11:00:00,11,1378.5,3.5
2022-12-22 12:00:00,12,1569.7,3.9
2022-12-22 13:00:00,13,2705.5,4.0
2022-12-22 14:00:00,14,3330.8,3.3
2022-12-22 15:00:00,15,3086.4,2.2
2022-12-22 16:00:00,16,3655.4,2.2
2022-12-22 17:00:00,17,2957.5,1.6
2022-12-22 18:00:00,18,1404.6,2.8
2022-12-22 19:00:00,19,1653.3,2.1
2022-12-22 20:00:00,20,559.5,2.4
2022-12-22 21:00:00,21,68.6,2.4
2022-12-22 22:00:00,22,,4.4
2022-12-22 23:00:00,23,,1.9
2022-12-23 00:00:00,0,,2.6
2022-12-23 01:00:00,1,,2.8
2022-12-23 02:00:00,2,,2.3
2022-12-23 03:00:00,3,,1.9
2022-12-23 04:00:00,4,,1.0
2022-12-23 05:00:00,5,,1.4
2022-12-23 06:00:00,6,,1.6
2022-12-23 07:00:00,7,,2.4
2022-12-23 08:00:00,8,,2.7
2022-12-23 09:00:00,9,0.5,4.2
2022-12-23 10:00:00,10,8.1,2.8
2022-12-23 11:00:00,11,9.7,1.3
2022-12-23 12:00:00,12,25.5,2.4
2022-12-23 13:00:00,13,59.3,2.0
2022-12-23 14:00:00,14,153.9,2.1
2022-12-23 15:00:00,15,399.3,1.5
2022-12-23 16:00:00,16,326.7,2.0
2022-12-23 17:00:00,17,670.3,1.9
2022-12-23 18:00:00,18,875.1,2.2
2022-12-23 19:00:00,19,727.2,1.9
2022-12-23 20:00:00,20,371.6,1.1
2022-12-23 21:00:00,21,83.1,1.2
2022-12-23 22:00:00,22,,1.4
2022-12-23 23:00:00,23,,1.0
2022-12-24 00:00:00,0,,0.8
2022-12-24 01:00:00,1,,0.3
2022-12-24 02:00:00,2,,0.5
2022-12-24 03:00:00,3,,1.7
2022-12-24 04:00:00,4,,1.1
2022-12-24 05:00:00,5,,1.6
2022-12-24 06:00:00,6,,1.4
2022-12-24 07:00:00,7,,1.2
2022-12-24 08:00:00,8,,1.6
2022-12-24 09:00:00,9,64.7,1.1
2022-12-24 10:00:00,10,436.2,1.2
2022-12-24 11:00:00,11,804.3,2.1
2022-12-24 12:00:00,12,1353.1,1.9
2022-12-24 13:00:00,13,2050.0,2.8
2022-12-24 14:00:00,14,2712.4,2.3
2022-12-24 15:00:00,15,2640.2,3.2
2022-12-24 16:00:00,16,1271.8,4.2
2022-12-24 17:00:00,17,583.7,3.1
2022-12-24 18:00:00,18,1034.9,3.3
2022-12-24 19:00:00,19,799.8,2.6
2022-12-24 20:00:00,20,320.5,1.6
2022-12-24 21:00:00,21,94.0,1.2
2022-12-24 22:00:00,22,,1.0
2022-12-24 23:00:00,23,,0.3
2022-12-25 00:00:00,0,,1.4
2022-12-25 01:00:00,1,,2.9
2022-12-25 02:00:00,2,,2.3
2022-12-25 03:00:00,3,,1.8
2022-12-25 04:00:00,4,,0.9
2022-12-25 05:00:00,5,,0.8
2022-12-25 06:00:00,6,,0.9
2022-12-25 07:00:00,7,,0.8
2022-12-25 08:00:00,8,,1.5
2022-12-25 09:00:00,9,93.9,1.8
2022-12-25 10:00:00,10,466.0,2.5
2022-12-25 11:00:00,11,651.2,2.4
2022-12-25 12:00:00,12,1039.6,2.9
2022-12-25 13:00:00,13,2525.1,2.8
2022-12-25 14:00:00,14,3248.6,2.9
2022-12-25 15:00:00,15,2814.8,2.8
2022-12-25 16:00:00,16,2406.2,2.8
2022-12-25 17:00:00,17,2512.4,3.6
2022-12-25 18:00:00,18,1555.3,1.4
2022-12-25 19:00:00,19,1255.5,1.3
2022-12-25 20:00:00,20,246.3,2.9
2022-12-25 21:00:00,21,124.5,3.7
2022-12-25 22:00:00,22,,1.8
2022-12-25 23:00:00,23,,0.7
2022-12-26 00:00:00,0,,0.4
2022-12-26 01:00:00,1,,0.8
2022-12-26 02:00:00,2,,1.1
2022-12-26 03:00:00,3,,2.0
2022-12-26 04:00:00,4,,1.9
2022-12-26 05:00:00,5,,1.8
2022-12-26 06:00:00,6,,2.3
2022-12-26 07:00:00,7,,1.8
2022-12-26 08:00:00,8,,1.2
2022-12-26 09:00:00,9,83.3,1.3
2022-12-26 10:00:00,10,751.5,2.0
2022-12-26 11:00:00,11,1703.4,2.5
2022-12-26 12:00:00,12,2527.4,2.3
2022-12-26 13:00:00,13,3025.9,2.6
2022-12-26 14:00:00,14,3631.3,2.6
2022-12-26 15:00:00,15,3808.6,2.7
2022-12-26 16:00:00,16,3102.5,3.6
2022-12-26 17:00:00,17,2664.9,2.9
2022-12-26 18:00:00,18,2542.8,3.2
2022-12-26 19:00:00,19,1414.8,5.1
2022-12-26 20:00:00,20,716.5,4.4
2022-12-26 21:00:00,21,77.1,2.3
2022-12-26 22:00:00,22,,2.4
2022-12-26 23:00:00,23,,2.9
2022-12-27 00:00:00,0,,2.7
2022-12-27 01:00:00,1,,2.8
2022-12-27 02:00:00,2,,2.0
2022-12-27 03:00:00,3,,1.4
2022-12-27 04:00:00,4,,2.0
2022-12-27 05:00:00,5,,2.3
2022-12-27 06:00:00,6,,2.4
2022-12-27 07:00:00,7,,2.0
2022-12-27 08:00:00,8,,2.2
2022-12-27 09:00:00,9,76.4,2.2
2022-12-27 10:00:00,10,375.4,1.5
2022-12-27 11:00:00,11,1294.4,2.7
2022-12-27 12:00:00,12,2205.9,2.5
2022-12-27 13:00:00,13,3062.7,3.0
2022-12-27 14:00:00,14,2438.8,2.8
2022-12-27 15:00:00,15,3203.1,3.9
2022-12-27 16:00:00,16,3201.5,3.7
2022-12-27 17:00:00,17,2804.5,3.9
2022-12-27 18:00:00,18,1479.0,4.3
2022-12-27 19:00:00,19,1429.2,3.2
2022-12-27 20:00:00,20,767.7,3.6
2022-12-27 21:00:00,21,199.6,2.3
2022-12-27 22:00:00,22,,1.6
2022-12-27 23:00:00,23,,2.1
2022-12-28 00:00:00,0,,4.4
2022-12-28 01:00:00,1,,3.5
2022-12-28 02:00:00,2,,3.8
2022-12-28 03:00:00,3,,2.2
2022-12-28 04:00:00,4,,1.5
2022-12-28 05:00:00,5,,1.5
2022-12-28 06:00:00,6,,2.5
2022-12-28 07:00:00,7,,2.7
2022-12-28 08:00:00,8,,2.2
2022-12-28 09:00:00,9,115.9,3.4
2022-12-28 10:00:00,10,796.1,3.2
2022-12-28 11:00:00,11,1699.6,3.1
2022-12-28 12:00:00,12,2550.1,3.9
2022-12-28 13:00:00,13,3103.6,2.8
2022-12-28 14:00:00,14,3365.2,3.2
2022-12-28 15:00:00,15,3893.9,4.0
2022-12-28 16:00:00,16,3253.9,3.3
2022-12-28 17:00:00,17,2664.4,3.3
2022-12-28 18:00:00,18,2400.6,3.9
2022-12-28 19:00:00,19,1776.5,5.1
2022-12-28 20:00:00,20,977.5,4.1
2022-12-28 21:00:00,21,149.5,4.2
2022-12-28 22:00:00,22,,3.5
2022-12-28 23:00:00,23,,5.1
2022-12-29 00:00:00,0,,4.5
2022-12-29 01:00:00,1,,3.4
2022-12-29 02:00:00,2,,2.6
2022-12-29 03:00:00,3,,2.1
2022-12-29 04:00:00,4,,1.5
2022-12-29 05:00:00,5,,1.9
2022-12-29 06:00:00,6,,2.5
2022-12-29 07:00:00,7,,2.5
2022-12-29 08:00:00,8,,1.6
2022-12-29 09:00:00,9,74.4,2.3
2022-12-29 10:00:00,10,471.5,2.6
2022-12-29 11:00:00,11,1477.8,2.9
2022-12-29 12:00:00,12,2029.5,1.9
2022-12-29 13:00:00,13,3092.0,2.2
2022-12-29 14:00:00,14,2830.0,1.9
2022-12-29 15:00:00,15,3410.3,2.6
2022-12-29 16:00:00,16,3466.5,3.6
2022-12-29 17:00:00,17,3028.8,3.6
2022-12-29 18:00:00,18,2248.2,4.1
2022-12-29 19:00:00,19,2018.6,4.1
2022-12-29 20:00:00,20,1154.6,4.9
2022-12-29 21:00:00,21,261.6,1.3
2022-12-29 22:00:00,22,,1.8
2022-12-29 23:00:00,23,,1.1
2022-12-30 00:00:00,0,,2.1
2022-12-30 01:00:00,1,,3.3
2022-12-30 02:00:00,2,,3.3
2022-12-30 03:00:00,3,,1.5
2022-12-30 04:00:00,4,,1.2
2022-12-30 05:00:00,5,,1.3
2022-12-30 06:00:00,6,,1.9
2022-12-30 07:00:00,7,,1.8
2022-12-30 08:00:00,8,,2.5
2022-12-30 09:00:00,9,103.5,2.1
2022-12-30 10:00:00,10,784.1,1.9
2022-12-30 11:00:00,11,1699.5,1.8
2022-12-30 12:00:00,12,2446.3,3.2
2022-12-30 13:00:00,13,3059.9,2.7
2022-12-30 14:00:00,14,3398.8,3.4
2022-12-30 15:00:00,15,3705.9,4.1
2022-12-30 16:00:00,16,3546.6,3.3
2022-12-30 17:00:00,17,3178.8,3.6
2022-12-30 18:00:00,18,2487.9,4.6
2022-12-30 19:00:00,19,1947.3,4.2
2022-12-30 20:00:00,20,993.0,4.0
2022-12-30 21:00:00,21,224.2,3.5
2022-12-30 22:00:00,22,,2.3
2022-12-30 23:00:00,23,,2.3
2022-12-31 00:00:00,0,,4.3
2022-12-31 01:00:00,1,,5.3
2022-12-31 02:00:00,2,,3.7
2022-12-31 03:00:00,3,,4.6
2022-12-31 04:00:00,4,,3.5
2022-12-31 05:00:00,5,,2.6
2022-12-31 06:00:00,6,,2.3
2022-12-31 07:00:00,7,,2.2
2022-12-31 08:00:00,8,,2.3
2022-12-31 09:00:00,9,118.3,1.9
2022-12-31 10:00:00,10,658.7,4.0
2022-12-31 11:00:00,11,1242.7,4.1
2022-12-31 12:00:00,12,2440.5,5.0
2022-12-31 13:00:00,13,3273.1,4.1
2022-12-31 14:00:00,14,3500.2,4.5
2022-12-31 15:00:00,15,3473.6,2.4
2022-12-31 16:00:00,16,3211.5,4.2
2022-12-31 17:00:00,17,3298.6,4.6
2022-12-31 18:00:00,18,2520.4,5.0
2022-12-31 19:00:00,19,1460.1,4.4
2022-12-31 20:00:00,20,738.7,3.4
2022-12-31 21:00:00,21,153.6,2.0
2022-12-31 22:00:00,22,,2.3
2022-12-31 23:00:00,23,,4.2
