datetime_utc,hora,rad_kJm2,vento_ms
2025-01-01 00:00:00,0,,2.7
2025-01-01 01:00:00,1,,2.3
2025-01-01 02:00:00,2,,1.2
2025-01-01 03:00:00,3,,1.2
2025-01-01 04:00:00,4,,1.0
2025-01-01 05:00:00,5,,1.3
2025-01-01 06:00:00,6,,1.1
2025-01-01 07:00:00,7,,1.0
2025-01-01 08:00:00,8,,1.0
2025-01-01 09:00:00,9,,1.1
2025-01-01 10:00:00,10,161.8,0.4
2025-01-01 11:00:00,11,804.2,2.1
2025-01-01 12:00:00,12,1705.7,2.2
2025-01-01 13:00:00,13,2496.7,2.8
2025-01-01 14:00:00,14,2276.0,2.3
2025-01-01 15:00:00,15,3042.3,3.1
2025-01-01 16:00:00,16,2906.1,2.0
2025-01-01 17:00:00,17,2673.1,3.0
2025-01-01 18:00:00,18,2101.9,0.9
2025-01-01 19:00:00,19,1656.0,3.4
2025-01-01 20:00:00,20,1069.3,3.8
2025-01-01 21:00:00,21,501.5,1.9
2025-01-01 22:00:00,22,4.5,1.0
2025-01-01 23:00:00,23,0.9,4.4
2025-01-02 00:00:00,0,,3.7
2025-01-02 01:00:00,1,,2.5
2025-01-02 02:00:00,2,,1.8
2025-01-02 03:00:00,3,,2.0
2025-01-02 04:00:00,4,,1.7
2025-01-02 05:00:00,5,,1.7
2025-01-02 06:00:00,6,,1.5
2025-01-02 07:00:00,7,,1.5
2025-01-02 08:00:00,8,,1.3
2025-01-02 09:00:00,9,,1.3
2025-01-02 10:00:00,10,172.2,1.1
2025-01-02 11:00:00,11,880.1,1.8
2025-01-02 12:00:00,12,1779.4,1.6
2025-01-02 13:00:00,13,2558.6,3.5
2025-01-02 14:00:00,14,2791.5,2.9
2025-01-02 15:00:00,15,2071.9,3.5
2025-01-02 16:00:00,16,2831.4,3.7
2025-01-02 17:00:00,17,2676.3,3.3
2025-01-02 18:00:00,18,2932.5,1.4
2025-01-02 19:00:00,19,2326.5,3.7
2025-01-02 20:00:00,20,1373.4,2.6
2025-01-02 21:00:00,21,511.5,2.0
2025-01-02 22:00:00,22,25.7,2.7
2025-01-02 23:00:00,23,,2.1
2025-01-03 00:00:00,0,,4.0
2025-01-03 01:00:00,1,,2.5
2025-01-03 02:00:00,2,,2.0
2025-01-03 03:00:00,3,,1.6
2025-01-03 04:00:00,4,,1.3
2025-01-03 05:00:00,5,,1.6
2025-01-03 06:00:00,6,,1.3
2025-01-03 07:00:00,7,,1.2
2025-01-03 08:00:00,8,,0.5
2025-01-03 09:00:00,9,,1.2
2025-01-03 10:00:00,10,158.1,0.9
2025-01-03 11:00:00,11,875.5,1.6
2025-01-03 12:00:00,12,1745.9,1.7
2025-01-03 13:00:00,13,2448.3,2.4
2025-01-03 14:00:00,14,2904.8,1.6
2025-01-03 15:00:00,15,2721.1,1.1
2025-01-03 16:00:00,16,1100.7,5.5
2025-01-03 17:00:00,17,2316.2,1.9
2025-01-03 18:00:00,18,2387.4,3.2
2025-01-03 19:00:00,19,2263.5,3.4
2025-01-03 20:00:00,20,757.6,2.3
2025-01-03 21:00:00,21,251.9,4.1
2025-01-03 22:00:00,22,8.5,2.8
2025-01-03 23:00:00,23,,2.4
2025-01-04 00:00:00,0,,2.3
2025-01-04 01:00:00,1,,0.7
2025-01-04 02:00:00,2,,1.2
2025-01-04 03:00:00,3,,0.4
2025-01-04 04:00:00,4,,0.4
2025-01-04 05:00:00,5,,0.8
2025-01-04 06:00:00,6,,0.8
2025-01-04 07:00:00,7,,1.6
2025-01-04 08:00:00,8,,1.3
2025-01-04 09:00:00,9,,0.7
2025-01-04 10:00:00,10,178.0,0.9
2025-01-04 11:00:00,11,859.1,2.2
2025-01-04 12:00:00,12,1720.1,3.3
2025-01-04 13:00:00,13,2274.1,3.1
2025-01-04 14:00:00,14,3009.2,3.3
2025-01-04 15:00:00,15,3110.8,4.1
2025-01-04 16:00:00,16,3204.7,3.0
2025-01-04 17:00:00,17,3023.7,3.4
2025-01-04 18:00:00,18,1574.7,3.2
2025-01-04 19:00:00,19,1591.1,4.3
2025-01-04 20:00:00,20,893.5,3.0
2025-01-04 21:00:00,21,177.9,5.6
2025-01-04 22:00:00,22,10.1,3.9
2025-01-04 23:00:00,23,,3.9
2025-01-05 00:00:00,0,,2.5
2025-01-05 01:00:00,1,,2.9
2025-01-05 02:00:00,2,,1.9
2025-01-05 03:00:00,3,,2.9
2025-01-05 04:00:00,4,,2.0
2025-01-05 05:00:00,5,,0.7
2025-01-05 06:00:00,6,,1.0
2025-01-05 07:00:00,7,,0.8
2025-01-05 08:00:00,8,,0.3
2025-01-05 09:00:00,9,,1.0
2025-01-05 10:00:00,10,123.6,1.1
2025-01-05 11:00:00,11,825.1,0.8
2025-01-05 12:00:00,12,1664.0,6.1
2025-01-05 13:00:00,13,2460.7,4.4
2025-01-05 14:00:00,14,3024.0,2.6
2025-01-05 15:00:00,15,3398.5,3.1
2025-01-05 16:00:00,16,2907.7,4.4
2025-01-05 17:00:00,17,2805.6,4.3
2025-01-05 18:00:00,18,2447.7,4.1
2025-01-05 19:00:00,19,1981.0,4.1
2025-01-05 20:00:00,20,1302.7,3.2
2025-01-05 21:00:00,21,502.7,3.0
2025-01-05 22:00:00,22,11.9,4.2
2025-01-05 23:00:00,23,,3.6
2025-01-06 00:00:00,0,,2.4
2025-01-06 01:00:00,1,,2.2
2025-01-06 02:00:00,2,,2.0
2025-01-06 03:00:00,3,,1.3
2025-01-06 04:00:00,4,,0.6
2025-01-06 05:00:00,5,,0.5
2025-01-06 06:00:00,6,,0.5
2025-01-06 07:00:00,7,,1.5
2025-01-06 08:00:00,8,,0.7
2025-01-06 09:00:00,9,,1.4
2025-01-06 10:00:00,10,191.7,1.1
2025-01-06 11:00:00,11,577.4,1.3
2025-01-06 12:00:00,12,1123.0,1.6
2025-01-06 13:00:00,13,2044.1,1.2
2025-01-06 14:00:00,14,2475.6,1.5
2025-01-06 15:00:00,15,3037.0,1.9
2025-01-06 16:00:00,16,3490.2,2.7
2025-01-06 17:00:00,17,1856.6,3.0
2025-01-06 18:00:00,18,763.7,2.0
2025-01-06 19:00:00,19,1047.9,1.7
2025-01-06 20:00:00,20,1124.2,1.9
2025-01-06 21:00:00,21,272.4,1.1
2025-01-06 22:00:00,22,13.2,1.4
2025-01-06 23:00:00,23,,3.0
2025-01-07 00:00:00,0,,2.1
2025-01-07 01:00:00,1,,1.9
2025-01-07 02:00:00,2,,1.4
2025-01-07 03:00:00,3,,1.2
2025-01-07 04:00:00,4,,0.5
2025-01-07 05:00:00,5,,1.0
2025-01-07 06:00:00,6,,1.7
2025-01-07 07:00:00,7,,1.4
2025-01-07 08:00:00,8,,1.2
2025-01-07 09:00:00,9,,0.9
2025-01-07 10:00:00,10,102.9,1.2
2025-01-07 11:00:00,11,766.8,1.1
2025-01-07 12:00:00,12,1619.9,1.9
2025-01-07 13:00:00,13,1788.0,0.8
2025-01-07 14:00:00,14,2645.5,1.7
2025-01-07 15:00:00,15,3098.4,0.9
2025-01-07 16:00:00,16,3582.5,2.0
2025-01-07 17:00:00,17,2175.1,2.9
2025-01-07 18:00:00,18,1249.8,3.3
2025-01-07 19:00:00,19,611.9,0.9
2025-01-07 20:00:00,20,564.3,2.7
2025-01-07 21:00:00,21,241.5,3.0
2025-01-07 22:00:00,22,13.9,2.0
2025-01-07 23:00:00,23,,2.2
2025-01-08 00:00:00,0,,1.5
2025-01-08 01:00:00,1,,0.7
2025-01-08 02:00:00,2,,1.3
2025-01-08 03:00:00,3,,0.7
2025-01-08 04:00:00,4,,1.0
2025-01-08 05:00:00,5,,1.1
2025-01-08 06:00:00,6,,1.2
2025-01-08 07:00:00,7,,1.4
2025-01-08 08:00:00,8,,1.2
2025-01-08 09:00:00,9,,1.0
2025-01-08 10:00:00,10,76.1,0.4
2025-01-08 11:00:00,11,727.4,1.3
2025-01-08 12:00:00,12,1738.5,1.8
2025-01-08 13:00:00,13,1867.9,2.6
2025-01-08 14:00:00,14,2286.5,1.9
2025-01-08 15:00:00,15,2596.7,1.9
2025-01-08 16:00:00,16,3184.9,1.9
2025-01-08 17:00:00,17,1828.2,1.9
2025-01-08 18:00:00,18,1803.8,1.7
2025-01-08 19:00:00,19,1921.7,2.2
2025-01-08 20:00:00,20,958.0,2.5
2025-01-08 21:00:00,21,456.5,1.6
2025-01-08 22:00:00,22,8.3,3.7
2025-01-08 23:00:00,23,,3.2
2025-01-09 00:00:00,0,,2.9
2025-01-09 01:00:00,1,,2.6
2025-01-09 02:00:00,2,,2.7
2025-01-09 03:00:00,3,,2.7
2025-01-09 04:00:00,4,,1.9
2025-01-09 05:00:00,5,,2.1
2025-01-09 06:00:00,6,,0.8
2025-01-09 07:00:00,7,,0.9
2025-01-09 08:00:00,8,,0.4
2025-01-09 09:00:00,9,,1.0
2025-01-09 10:00:00,10,88.2,1.2
2025-01-09 11:00:00,11,423.8,1.0
2025-01-09 12:00:00,12,1132.3,1.9
2025-01-09 13:00:00,13,1709.3,1.2
2025-01-09 14:00:00,14,2380.8,1.6
2025-01-09 15:00:00,15,2142.8,1.2
2025-01-09 16:00:00,16,2307.7,1.3
2025-01-09 17:00:00,17,2776.6,1.7
2025-01-09 18:00:00,18,2619.7,3.0
2025-01-09 19:00:00,19,779.7,2.9
2025-01-09 20:00:00,20,322.0,3.6
2025-01-09 21:00:00,21,107.3,2.4
2025-01-09 22:00:00,22,9.1,2.4
2025-01-09 23:00:00,23,,2.3
2025-01-10 00:00:00,0,,1.9
2025-01-10 01:00:00,1,,1.3
2025-01-10 02:00:00,2,,2.0
2025-01-10 03:00:00,3,,1.1
2025-01-10 04:00:00,4,,1.5
2025-01-10 05:00:00,5,,0.6
2025-01-10 06:00:00,6,,1.1
2025-01-10 07:00:00,7,,1.2
2025-01-10 08:00:00,8,,1.1
2025-01-10 09:00:00,9,,1.2
2025-01-10 10:00:00,10,77.5,1.6
2025-01-10 11:00:00,11,384.2,1.8
2025-01-10 12:00:00,12,1310.3,1.7
2025-01-10 13:00:00,13,2642.2,1.6
2025-01-10 14:00:00,14,3020.0,2.2
2025-01-10 15:00:00,15,3104.3,2.5
2025-01-10 16:00:00,16,3213.5,3.1
2025-01-10 17:00:00,17,3058.4,2.9
2025-01-10 18:00:00,18,2756.6,3.7
2025-01-10 19:00:00,19,1705.0,2.3
2025-01-10 20:00:00,20,316.0,2.2
2025-01-10 21:00:00,21,244.0,2.7
2025-01-10 22:00:00,22,18.7,1.3
2025-01-10 23:00:00,23,,4.3
2025-01-11 00:00:00,0,,4.0
2025-01-11 01:00:00,1,1.0,2.6
2025-01-11 02:00:00,2,1.5,0.7
2025-01-11 03:00:00,3,,0.4
2025-01-11 04:00:00,4,,0.7
2025-01-11 05:00:00,5,,0.9
2025-01-11 06:00:00,6,,1.2
2025-01-11 07:00:00,7,,0.9
2025-01-11 08:00:00,8,,0.6
2025-01-11 09:00:00,9,,0.8
2025-01-11 10:00:00,10,110.0,0.3
2025-01-11 11:00:00,11,588.0,0.6
2025-01-11 12:00:00,12,1259.5,0.9
2025-01-11 13:00:00,13,1730.1,1.1
2025-01-11 14:00:00,14,2398.2,1.2
2025-01-11 15:00:00,15,2250.5,1.3
2025-01-11 16:00:00,16,2493.0,2.7
2025-01-11 17:00:00,17,2098.0,2.1
2025-01-11 18:00:00,18,1613.8,1.8
2025-01-11 19:00:00,19,1711.3,1.2
2025-01-11 20:00:00,20,1652.0,1.4
2025-01-11 21:00:00,21,531.6,4.7
2025-01-11 22:00:00,22,31.4,1.9
2025-01-11 23:00:00,23,,1.9
2025-01-12 00:00:00,0,,2.8
2025-01-12 01:00:00,1,,3.2
2025-01-12 02:00:00,2,,1.9
2025-01-12 03:00:00,3,,1.1
2025-01-12 04:00:00,4,,1.4
2025-01-12 05:00:00,5,,0.8
2025-01-12 06:00:00,6,,1.2
2025-01-12 07:00:00,7,,1.4
2025-01-12 08:00:00,8,,1.2
2025-01-12 09:00:00,9,,1.3
2025-01-12 10:00:00,10,172.2,0.4
2025-01-12 11:00:00,11,561.4,1.4
2025-01-12 12:00:00,12,951.5,2.3
2025-01-12 13:00:00,13,2111.4,2.3
2025-01-12 14:00:00,14,2223.2,1.5
2025-01-12 15:00:00,15,2600.2,2.0
2025-01-12 16:00:00,16,2878.3,2.7
2025-01-12 17:00:00,17,2072.0,1.9
2025-01-12 18:00:00,18,1729.4,2.6
2025-01-12 19:00:00,19,1439.2,3.1
2025-01-12 20:00:00,20,959.1,1.3
2025-01-12 21:00:00,21,197.8,1.3
2025-01-12 22:00:00,22,12.3,3.4
2025-01-12 23:00:00,23,,1.5
2025-01-13 00:00:00,0,,1.3
2025-01-13 01:00:00,1,,1.3
2025-01-13 02:00:00,2,,0.8
2025-01-13 03:00:00,3,,0.4
2025-01-13 04:00:00,4,,0.8
2025-01-13 05:00:00,5,,0.5
2025-01-13 06:00:00,6,,0.7
2025-01-13 07:00:00,7,,0.6
2025-01-13 08:00:00,8,,1.2
2025-01-13 09:00:00,9,,0.2
2025-01-13 10:00:00,10,157.6,0.5
2025-01-13 11:00:00,11,862.8,1.2
2025-01-13 12:00:00,12,1241.5,0.9
2025-01-13 13:00:00,13,2445.8,3.8
2025-01-13 14:00:00,14,2857.7,2.4
2025-01-13 15:00:00,15,3235.2,2.4
2025-01-13 16:00:00,16,3582.3,1.7
2025-01-13 17:00:00,17,3395.3,2.0
2025-01-13 18:00:00,18,2830.4,4.6
2025-01-13 19:00:00,19,2343.4,1.7
2025-01-13 20:00:00,20,560.4,1.6
2025-01-13 21:00:00,21,197.0,7.7
2025-01-13 22:00:00,22,7.4,4.7
2025-01-13 23:00:00,23,1.2,2.7
2025-01-14 00:00:00,0,1.0,1.4
2025-01-14 01:00:00,1,1.6,1.4
2025-01-14 02:00:00,2,,2.1
2025-01-14 03:00:00,3,0.2,1.1
2025-01-14 04:00:00,4,,1.7
2025-01-14 05:00:00,5,,2.6
2025-01-14 06:00:00,6,,0.8
2025-01-14 07:00:00,7,,0.6
2025-01-14 08:00:00,8,,1.6
2025-01-14 09:00:00,9,,2.1
2025-01-14 10:00:00,10,21.9,1.6
2025-01-14 11:00:00,11,109.4,1.6
2025-01-14 12:00:00,12,238.4,2.0
2025-01-14 13:00:00,13,499.2,0.9
2025-01-14 14:00:00,14,1206.1,1.4
2025-01-14 15:00:00,15,889.1,2.2
2025-01-14 16:00:00,16,1432.9,2.1
2025-01-14 17:00:00,17,2462.3,3.3
2025-01-14 18:00:00,18,2335.3,3.0
2025-01-14 19:00:00,19,2439.4,3.4
2025-01-14 20:00:00,20,1353.2,3.5
2025-01-14 21:00:00,21,661.5,3.9
2025-01-14 22:00:00,22,72.7,3.1
2025-01-14 23:00:00,23,,2.7
2025-01-15 00:00:00,0,0.6,2.6
2025-01-15 01:00:00,1,0.2,1.8
2025-01-15 02:00:00,2,0.1,1.1
2025-01-15 03:00:00,3,,0.5
2025-01-15 04:00:00,4,,0.6
2025-01-15 05:00:00,5,,0.2
2025-01-15 06:00:00,6,,0.9
2025-01-15 07:00:00,7,0.0,0.8
2025-01-15 08:00:00,8,0.0,1.3
2025-01-15 09:00:00,9,,0.8
2025-01-15 10:00:00,10,23.7,0.5
2025-01-15 11:00:00,11,110.7,0.7
2025-01-15 12:00:00,12,242.0,1.2
2025-01-15 13:00:00,13,432.6,0.6
2025-01-15 14:00:00,14,1012.3,1.8
2025-01-15 15:00:00,15,1272.8,1.0
2025-01-15 16:00:00,16,1100.0,2.1
2025-01-15 17:00:00,17,852.9,1.5
2025-01-15 18:00:00,18,1544.3,1.3
2025-01-15 19:00:00,19,900.8,0.9
2025-01-15 20:00:00,20,1557.2,0.6
2025-01-15 21:00:00,21,531.8,1.6
2025-01-15 22:00:00,22,25.1,1.6
2025-01-15 23:00:00,23,,1.7
2025-01-16 00:00:00,0,,1.6
2025-01-16 01:00:00,1,,0.9
2025-01-16 02:00:00,2,,0.3
2025-01-16 03:00:00,3,,0.7
2025-01-16 04:00:00,4,,0.7
2025-01-16 05:00:00,5,,0.9
2025-01-16 06:00:00,6,,1.1
2025-01-16 07:00:00,7,,0.7
2025-01-16 08:00:00,8,,0.8
2025-01-16 09:00:00,9,,0.6
2025-01-16 10:00:00,10,117.4,0.7
2025-01-16 11:00:00,11,437.4,1.4
2025-01-16 12:00:00,12,1137.5,0.8
2025-01-16 13:00:00,13,2183.1,1.6
2025-01-16 14:00:00,14,3343.0,1.2
2025-01-16 15:00:00,15,3733.0,1.5
2025-01-16 16:00:00,16,3673.8,1.4
2025-01-16 17:00:00,17,3467.7,1.8
2025-01-16 18:00:00,18,3135.6,1.5
2025-01-16 19:00:00,19,1231.9,1.8
2025-01-16 20:00:00,20,791.1,3.4
2025-01-16 21:00:00,21,355.8,2.4
2025-01-16 22:00:00,22,18.1,2.8
2025-01-16 23:00:00,23,,2.8
2025-01-17 00:00:00,0,,0.6
2025-01-17 01:00:00,1,,1.4
2025-01-17 02:00:00,2,,0.8
2025-01-17 03:00:00,3,,0.7
2025-01-17 04:00:00,4,,1.6
2025-01-17 05:00:00,5,,0.9
2025-01-17 06:00:00,6,,1.5
2025-01-17 07:00:00,7,,0.5
2025-01-17 08:00:00,8,,0.7
2025-01-17 09:00:00,9,,0.3
2025-01-17 10:00:00,10,69.2,0.5
2025-01-17 11:00:00,11,258.7,0.6
2025-01-17 12:00:00,12,732.2,1.2
2025-01-17 13:00:00,13,1518.8,1.5
2025-01-17 14:00:00,14,1747.2,1.2
2025-01-17 15:00:00,15,1533.1,0.8
2025-01-17 16:00:00,16,1336.4,0.6
2025-01-17 17:00:00,17,874.8,1.3
2025-01-17 18:00:00,18,390.3,0.7
2025-01-17 19:00:00,19,336.8,1.2
2025-01-17 20:00:00,20,397.2,0.7
2025-01-17 21:00:00,21,241.4,0.3
2025-01-17 22:00:00,22,43.5,0.7
2025-01-17 23:00:00,23,,0.9
2025-01-18 00:00:00,0,,1.2
2025-01-18 01:00:00,1,,0.9
2025-01-18 02:00:00,2,,0.7
2025-01-18 03:00:00,3,,1.2
2025-01-18 04:00:00,4,,1.5
2025-01-18 05:00:00,5,,1.3
2025-01-18 06:00:00,6,,1.0
2025-01-18 07:00:00,7,,0.9
2025-01-18 08:00:00,8,,0.7
2025-01-18 09:00:00,9,,0.9
2025-01-18 10:00:00,10,91.8,0.8
2025-01-18 11:00:00,11,536.3,1.1
2025-01-18 12:00:00,12,1023.0,2.1
2025-01-18 13:00:00,13,2454.7,2.9
2025-01-18 14:00:00,14,2879.5,1.6
2025-01-18 15:00:00,15,2934.3,1.5
2025-01-18 16:00:00,16,2990.2,0.8
2025-01-18 17:00:00,17,2809.4,1.3
2025-01-18 18:00:00,18,3039.5,1.7
2025-01-18 19:00:00,19,2344.9,1.0
2025-01-18 20:00:00,20,1194.4,6.0
2025-01-18 21:00:00,21,54.9,3.9
2025-01-18 22:00:00,22,,1.8
2025-01-18 23:00:00,23,,2.5
2025-01-19 00:00:00,0,,1.3
2025-01-19 01:00:00,1,,4.3
2025-01-19 02:00:00,2,,1.1
2025-01-19 03:00:00,3,,1.4
2025-01-19 04:00:00,4,,1.6
2025-01-19 05:00:00,5,,0.9
2025-01-19 06:00:00,6,,0.3
2025-01-19 07:00:00,7,,2.0
2025-01-19 08:00:00,8,,1.6
2025-01-19 09:00:00,9,,0.9
2025-01-19 10:00:00,10,91.8,1.6
2025-01-19 11:00:00,11,449.8,1.0
2025-01-19 12:00:00,12,827.7,0.3
2025-01-19 13:00:00,13,1689.4,1.5
2025-01-19 14:00:00,14,3003.9,1.5
2025-01-19 15:00:00,15,4020.5,2.8
2025-01-19 16:00:00,16,2743.6,3.2
2025-01-19 17:00:00,17,2796.4,3.2
2025-01-19 18:00:00,18,2821.5,2.6
2025-01-19 19:00:00,19,1963.3,3.1
2025-01-19 20:00:00,20,1593.4,2.1
2025-01-19 21:00:00,21,669.1,2.5
2025-01-19 22:00:00,22,64.1,2.9
2025-01-19 23:00:00,23,,3.1
2025-01-20 00:00:00,0,,2.6
2025-01-20 01:00:00,1,,2.9
2025-01-20 02:00:00,2,,1.8
2025-01-20 03:00:00,3,,0.9
2025-01-20 04:00:00,4,,1.3
2025-01-20 05:00:00,5,,1.3
2025-01-20 06:00:00,6,,0.9
2025-01-20 07:00:00,7,,0.8
2025-01-20 08:00:00,8,,0.9
2025-01-20 09:00:00,9,,0.7
2025-01-20 10:00:00,10,25.7,0.4
2025-01-20 11:00:00,11,129.2,0.2
2025-01-20 12:00:00,12,193.5,0.4
2025-01-20 13:00:00,13,436.8,1.1
2025-01-20 14:00:00,14,1410.7,0.7
2025-01-20 15:00:00,15,2473.4,1.4
2025-01-20 16:00:00,16,2769.7,1.2
2025-01-20 17:00:00,17,3461.3,2.4
2025-01-20 18:00:00,18,2491.6,1.1
2025-01-20 19:00:00,19,2218.9,2.9
2025-01-20 20:00:00,20,984.7,4.4
2025-01-20 21:00:00,21,288.8,3.3
2025-01-20 22:00:00,22,4.7,2.0
2025-01-20 23:00:00,23,,1.6
2025-01-21 00:00:00,0,,1.4
2025-01-21 01:00:00,1,,0.8
2025-01-21 02:00:00,2,,0.4
2025-01-21 03:00:00,3,,0.6
2025-01-21 04:00:00,4,,0.4
2025-01-21 05:00:00,5,,0.5
2025-01-21 06:00:00,6,,1.1
2025-01-21 07:00:00,7,,0.7
2025-01-21 08:00:00,8,,0.5
2025-01-21 09:00:00,9,,0.4
2025-01-21 10:00:00,10,117.9,0.7
2025-01-21 11:00:00,11,795.1,0.7
2025-01-21 12:00:00,12,1579.1,1.1
2025-01-21 13:00:00,13,1404.0,1.3
2025-01-21 14:00:00,14,2339.0,1.7
2025-01-21 15:00:00,15,3347.5,1.8
2025-01-21 16:00:00,16,3062.0,1.9
2025-01-21 17:00:00,17,3690.2,2.1
2025-01-21 18:00:00,18,2727.3,1.4
2025-01-21 19:00:00,19,2176.9,2.1
2025-01-21 20:00:00,20,731.8,3.5
2025-01-21 21:00:00,21,425.7,1.7
2025-01-21 22:00:00,22,53.2,2.0
2025-01-21 23:00:00,23,,2.0
2025-01-22 00:00:00,0,,0.5
2025-01-22 01:00:00,1,,0.8
2025-01-22 02:00:00,2,,0.8
2025-01-22 03:00:00,3,,1.6
2025-01-22 04:00:00,4,,0.8
2025-01-22 05:00:00,5,,0.6
2025-01-22 06:00:00,6,,0.7
2025-01-22 07:00:00,7,,0.5
2025-01-22 08:00:00,8,,0.7
2025-01-22 09:00:00,9,,1.2
2025-01-22 10:00:00,10,83.1,1.1
2025-01-22 11:00:00,11,768.8,0.9
2025-01-22 12:00:00,12,1740.9,1.3
2025-01-22 13:00:00,13,2511.3,1.0
2025-01-22 14:00:00,14,3029.0,1.8
2025-01-22 15:00:00,15,2376.3,1.9
2025-01-22 16:00:00,16,2514.4,1.7
2025-01-22 17:00:00,17,1462.4,3.7
2025-01-22 18:00:00,18,970.9,0.7
2025-01-22 19:00:00,19,836.3,1.4
2025-01-22 20:00:00,20,900.5,1.8
2025-01-22 21:00:00,21,309.4,0.8
2025-01-22 22:00:00,22,31.7,0.7
2025-01-22 23:00:00,23,,2.4
2025-01-23 00:00:00,0,,1.6
2025-01-23 01:00:00,1,,1.1
2025-01-23 02:00:00,2,,0.3
2025-01-23 03:00:00,3,,0.8
2025-01-23 04:00:00,4,,1.3
2025-01-23 05:00:00,5,,0.6
2025-01-23 06:00:00,6,,1.0
2025-01-23 07:00:00,7,,0.9
2025-01-23 08:00:00,8,,0.3
2025-01-23 09:00:00,9,,0.9
2025-01-23 10:00:00,10,95.2,0.6
2025-01-23 11:00:00,11,715.7,1.0
2025-01-23 12:00:00,12,1455.9,1.3
2025-01-23 13:00:00,13,1832.0,1.6
2025-01-23 14:00:00,14,1487.7,1.4
2025-01-23 15:00:00,15,2139.0,1.8
2025-01-23 16:00:00,16,2087.8,0.4
2025-01-23 17:00:00,17,3603.3,1.0
2025-01-23 18:00:00,18,2295.5,3.0
2025-01-23 19:00:00,19,1460.8,1.1
2025-01-23 20:00:00,20,196.2,2.2
2025-01-23 21:00:00,21,20.5,2.7
2025-01-23 22:00:00,22,,1.2
2025-01-23 23:00:00,23,,1.1
2025-01-24 00:00:00,0,,1.2
2025-01-24 01:00:00,1,,2.0
2025-01-24 02:00:00,2,,1.0
2025-01-24 03:00:00,3,,0.7
2025-01-24 04:00:00,4,,0.7
2025-01-24 05:00:00,5,,0.5
2025-01-24 06:00:00,6,,0.4
2025-01-24 07:00:00,7,,0.6
2025-01-24 08:00:00,8,,0.7
2025-01-24 09:00:00,9,,0.7
2025-01-24 10:00:00,10,94.6,0.7
2025-01-24 11:00:00,11,798.9,0.4
2025-01-24 12:00:00,12,1681.3,1.3
2025-01-24 13:00:00,13,2311.8,1.9
2025-01-24 14:00:00,14,2776.6,3.0
2025-01-24 15:00:00,15,2888.3,2.5
2025-01-24 16:00:00,16,2685.5,1.6
2025-01-24 17:00:00,17,2776.3,1.7
2025-01-24 18:00:00,18,3331.0,1.9
2025-01-24 19:00:00,19,791.2,3.8
2025-01-24 20:00:00,20,62.2,2.8
2025-01-24 21:00:00,21,8.0,3.5
2025-01-24 22:00:00,22,1.0,2.3
2025-01-24 23:00:00,23,,1.6
2025-01-25 00:00:00,0,,2.5
2025-01-25 01:00:00,1,,0.5
2025-01-25 02:00:00,2,,0.8
2025-01-25 03:00:00,3,,1.1
2025-01-25 04:00:00,4,,1.0
2025-01-25 05:00:00,5,,1.0
2025-01-25 06:00:00,6,,0.7
2025-01-25 07:00:00,7,,0.8
2025-01-25 08:00:00,8,,0.5
2025-01-25 09:00:00,9,0.3,2.3
2025-01-25 10:00:00,10,93.1,1.1
2025-01-25 11:00:00,11,480.0,0.5
2025-01-25 12:00:00,12,1371.1,0.7
2025-01-25 13:00:00,13,2034.7,0.7
2025-01-25 14:00:00,14,2564.0,1.5
2025-01-25 15:00:00,15,3238.5,1.8
2025-01-25 16:00:00,16,2813.1,2.1
2025-01-25 17:00:00,17,3292.6,1.8
2025-01-25 18:00:00,18,1276.3,4.3
2025-01-25 19:00:00,19,893.0,2.0
2025-01-25 20:00:00,20,271.7,0.8
2025-01-25 21:00:00,21,106.1,0.5
2025-01-25 22:00:00,22,56.0,1.7
2025-01-25 23:00:00,23,,2.4
2025-01-26 00:00:00,0,,1.7
2025-01-26 01:00:00,1,,1.2
2025-01-26 02:00:00,2,,1.7
2025-01-26 03:00:00,3,,1.4
2025-01-26 04:00:00,4,,0.6
2025-01-26 05:00:00,5,,0.7
2025-01-26 06:00:00,6,,0.7
2025-01-26 07:00:00,7,,0.4
2025-01-26 08:00:00,8,,0.4
2025-01-26 09:00:00,9,,0.5
2025-01-26 10:00:00,10,67.2,1.2
2025-01-26 11:00:00,11,461.4,0.7
2025-01-26 12:00:00,12,869.0,0.8
2025-01-26 13:00:00,13,1537.7,1.5
2025-01-26 14:00:00,14,2877.8,1.6
2025-01-26 15:00:00,15,3544.4,1.1
2025-01-26 16:00:00,16,3857.4,1.7
2025-01-26 17:00:00,17,2210.0,1.0
2025-01-26 18:00:00,18,2566.7,2.9
2025-01-26 19:00:00,19,881.9,4.1
2025-01-26 20:00:00,20,18.9,1.2
2025-01-26 21:00:00,21,4.5,1.0
2025-01-26 22:00:00,22,0.3,2.6
2025-01-26 23:00:00,23,,1.7
2025-01-27 00:00:00,0,,0.4
2025-01-27 01:00:00,1,,1.1
2025-01-27 02:00:00,2,,1.2
2025-01-27 03:00:00,3,,0.9
2025-01-27 04:00:00,4,,0.6
2025-01-27 05:00:00,5,,1.2
2025-01-27 06:00:00,6,,1.2
2025-01-27 07:00:00,7,,1.3
2025-01-27 08:00:00,8,,1.7
2025-01-27 09:00:00,9,,1.4
2025-01-27 10:00:00,10,159.8,0.4
2025-01-27 11:00:00,11,990.3,0.5
2025-01-27 12:00:00,12,1531.6,0.8
2025-01-27 13:00:00,13,2601.2,3.5
2025-01-27 14:00:00,14,2831.2,3.5
2025-01-27 15:00:00,15,3119.7,2.6
2025-01-27 16:00:00,16,2503.8,2.6
2025-01-27 17:00:00,17,2275.6,2.4
2025-01-27 18:00:00,18,2433.2,3.3
2025-01-27 19:00:00,19,2211.5,3.1
2025-01-27 20:00:00,20,1343.2,2.8
2025-01-27 21:00:00,21,168.2,3.7
2025-01-27 22:00:00,22,25.7,0.7
2025-01-27 23:00:00,23,,3.9
2025-01-28 00:00:00,0,,1.9
2025-01-28 01:00:00,1,,0.7
2025-01-28 02:00:00,2,,1.1
2025-01-28 03:00:00,3,,0.6
2025-01-28 04:00:00,4,,1.6
2025-01-28 05:00:00,5,,0.5
2025-01-28 06:00:00,6,,0.6
2025-01-28 07:00:00,7,,0.6
2025-01-28 08:00:00,8,,0.5
2025-01-28 09:00:00,9,,1.1
2025-01-28 10:00:00,10,132.5,1.1
2025-01-28 11:00:00,11,846.0,1.6
2025-01-28 12:00:00,12,1766.9,3.6
2025-01-28 13:00:00,13,2596.5,3.6
2025-01-28 14:00:00,14,3234.4,4.2
2025-01-28 15:00:00,15,3621.2,2.7
2025-01-28 16:00:00,16,3677.8,2.9
2025-01-28 17:00:00,17,3074.3,1.9
2025-01-28 18:00:00,18,2175.6,2.8
2025-01-28 19:00:00,19,2202.9,2.6
2025-01-28 20:00:00,20,1574.8,2.9
2025-01-28 21:00:00,21,619.0,2.8
2025-01-28 22:00:00,22,30.6,2.0
2025-01-28 23:00:00,23,,2.7
2025-01-29 00:00:00,0,,2.5
2025-01-29 01:00:00,1,,1.7
2025-01-29 02:00:00,2,,1.7
2025-01-29 03:00:00,3,,0.5
2025-01-29 04:00:00,4,,1.6
2025-01-29 05:00:00,5,,0.9
2025-01-29 06:00:00,6,,1.3
2025-01-29 07:00:00,7,,0.2
2025-01-29 08:00:00,8,,0.3
2025-01-29 09:00:00,9,,0.3
2025-01-29 10:00:00,10,109.9,0.8
2025-01-29 11:00:00,11,812.9,1.2
2025-01-29 12:00:00,12,1695.8,1.0
2025-01-29 13:00:00,13,2557.9,2.6
2025-01-29 14:00:00,14,3256.2,3.1
2025-01-29 15:00:00,15,3538.6,3.0
2025-01-29 16:00:00,16,3581.6,3.0
2025-01-29 17:00:00,17,3559.4,2.2
2025-01-29 18:00:00,18,2069.7,1.5
2025-01-29 19:00:00,19,1119.3,1.4
2025-01-29 20:00:00,20,628.5,3.4
2025-01-29 21:00:00,21,419.8,3.2
2025-01-29 22:00:00,22,37.8,1.5
2025-01-29 23:00:00,23,,1.5
2025-01-30 00:00:00,0,,1.1
2025-01-30 01:00:00,1,,0.7
2025-01-30 02:00:00,2,,0.4
2025-01-30 03:00:00,3,,0.8
2025-01-30 04:00:00,4,,0.9
2025-01-30 05:00:00,5,,0.7
2025-01-30 06:00:00,6,,0.8
2025-01-30 07:00:00,7,,0.5
2025-01-30 08:00:00,8,,1.5
2025-01-30 09:00:00,9,,1.8
2025-01-30 10:00:00,10,97.3,0.6
2025-01-30 11:00:00,11,810.8,0.8
2025-01-30 12:00:00,12,1663.1,0.9
2025-01-30 13:00:00,13,2501.5,1.5
2025-01-30 14:00:00,14,2960.2,2.6
2025-01-30 15:00:00,15,2466.0,1.6
2025-01-30 16:00:00,16,2253.8,2.2
2025-01-30 17:00:00,17,3159.3,1.9
2025-01-30 18:00:00,18,1630.8,2.1
2025-01-30 19:00:00,19,1360.9,2.4
2025-01-30 20:00:00,20,1313.6,1.2
2025-01-30 21:00:00,21,437.0,0.9
2025-01-30 22:00:00,22,30.9,3.7
2025-01-30 23:00:00,23,2.0,2.7
2025-01-31 00:00:00,0,,1.4
2025-01-31 01:00:00,1,,0.8
2025-01-31 02:00:00,2,,0.6
2025-01-31 03:00:00,3,,0.5
2025-01-31 04:00:00,4,,0.4
2025-01-31 05:00:00,5,,0.9
2025-01-31 06:00:00,6,,0.8
2025-01-31 07:00:00,7,,0.9
2025-01-31 08:00:00,8,,0.4
2025-01-31 09:00:00,9,,0.5
2025-01-31 10:00:00,10,76.8,0.4
2025-01-31 11:00:00,11,708.9,1.6
2025-01-31 12:00:00,12,1644.8,1.1
2025-01-31 13:00:00,13,2261.8,1.0
2025-01-31 14:00:00,14,3115.8,1.2
2025-01-31 15:00:00,15,2889.2,1.2
2025-01-31 16:00:00,16,3572.1,1.8
2025-01-31 17:00:00,17,2979.7,1.6
2025-01-31 18:00:00,18,1578.6,1.5
2025-01-31 19:00:00,19,2278.9,1.8
2025-01-31 20:00:00,20,513.7,1.4
2025-01-31 21:00:00,21,300.0,0.6
2025-01-31 22:00:00,22,20.5,1.9
2025-01-31 23:00:00,23,,4.3
2025-02-01 00:00:00,0,,1.4
2025-02-01 01:00:00,1,,1.9
2025-02-01 02:00:00,2,,1.7
2025-02-01 03:00:00,3,,0.8
2025-02-01 04:00:00,4,,1.1
2025-02-01 05:00:00,5,,1.1
2025-02-01 06:00:00,6,,1.1
2025-02-01 07:00:00,7,,1.2
2025-02-01 08:00:00,8,,0.9
2025-02-01 09:00:00,9,,0.7
2025-02-01 10:00:00,10,135.0,0.8
2025-02-01 11:00:00,11,882.7,0.9
2025-02-01 12:00:00,12,1751.6,0.9
2025-02-01 13:00:00,13,1583.9,1.5
2025-02-01 14:00:00,14,2147.1,1.8
2025-02-01 15:00:00,15,2437.4,2.4
2025-02-01 16:00:00,16,2697.4,2.3
2025-02-01 17:00:00,17,3491.1,1.7
2025-02-01 18:00:00,18,2631.0,1.9
2025-02-01 19:00:00,19,1573.2,2.3
2025-02-01 20:00:00,20,1296.4,4.0
2025-02-01 21:00:00,21,298.8,2.4
2025-02-01 22:00:00,22,26.2,0.8
2025-02-01 23:00:00,23,,1.9
2025-02-02 00:00:00,0,,1.2
2025-02-02 01:00:00,1,,0.7
2025-02-02 02:00:00,2,,0.6
2025-02-02 03:00:00,3,,0.3
2025-02-02 04:00:00,4,,0.4
2025-02-02 05:00:00,5,,0.7
2025-02-02 06:00:00,6,,1.0
2025-02-02 07:00:00,7,,0.5
2025-02-02 08:00:00,8,,0.8
2025-02-02 09:00:00,9,,1.3
2025-02-02 10:00:00,10,125.9,0.9
2025-02-02 11:00:00,11,843.6,0.8
2025-02-02 12:00:00,12,1841.9,0.9
2025-02-02 13:00:00,13,2353.5,4.3
2025-02-02 14:00:00,14,3240.9,3.5
2025-02-02 15:00:00,15,3725.6,3.5
2025-02-02 16:00:00,16,3033.1,3.5
2025-02-02 17:00:00,17,3360.6,1.5
2025-02-02 18:00:00,18,1904.5,2.4
2025-02-02 19:00:00,19,829.6,1.5
2025-02-02 20:00:00,20,1194.5,3.9
2025-02-02 21:00:00,21,521.3,2.7
2025-02-02 22:00:00,22,51.8,1.7
2025-02-02 23:00:00,23,,1.4
2025-02-03 00:00:00,0,,1.6
2025-02-03 01:00:00,1,,0.8
2025-02-03 02:00:00,2,,0.7
2025-02-03 03:00:00,3,,0.7
2025-02-03 04:00:00,4,,0.4
2025-02-03 05:00:00,5,,0.5
2025-02-03 06:00:00,6,,0.6
2025-02-03 07:00:00,7,,1.0
2025-02-03 08:00:00,8,,0.9
2025-02-03 09:00:00,9,,0.9
2025-02-03 10:00:00,10,97.2,0.5
2025-02-03 11:00:00,11,631.5,1.2
2025-02-03 12:00:00,12,1483.7,0.9
2025-02-03 13:00:00,13,2511.8,1.0
2025-02-03 14:00:00,14,3021.7,1.5
2025-02-03 15:00:00,15,2927.1,2.9
2025-02-03 16:00:00,16,3338.7,3.0
2025-02-03 17:00:00,17,3130.7,2.8
2025-02-03 18:00:00,18,2830.9,3.3
2025-02-03 19:00:00,19,1454.8,2.1
2025-02-03 20:00:00,20,931.4,1.8
2025-02-03 21:00:00,21,385.9,1.0
2025-02-03 22:00:00,22,72.9,1.3
2025-02-03 23:00:00,23,,3.0
2025-02-04 00:00:00,0,,2.8
2025-02-04 01:00:00,1,1.0,3.2
2025-02-04 02:00:00,2,,0.8
2025-02-04 03:00:00,3,,0.8
2025-02-04 04:00:00,4,,0.5
2025-02-04 05:00:00,5,,0.8
2025-02-04 06:00:00,6,,0.6
2025-02-04 07:00:00,7,,1.0
2025-02-04 08:00:00,8,,1.0
2025-02-04 09:00:00,9,,0.5
2025-02-04 10:00:00,10,102.4,0.2
2025-02-04 11:00:00,11,593.3,0.8
2025-02-04 12:00:00,12,1131.0,1.5
2025-02-04 13:00:00,13,1488.4,1.4
2025-02-04 14:00:00,14,2337.0,1.8
2025-02-04 15:00:00,15,2841.6,1.3
2025-02-04 16:00:00,16,3941.0,3.0
2025-02-04 17:00:00,17,2828.7,3.1
2025-02-04 18:00:00,18,2278.7,2.2
2025-02-04 19:00:00,19,2333.1,2.4
2025-02-04 20:00:00,20,1194.0,1.3
2025-02-04 21:00:00,21,508.6,1.4
2025-02-04 22:00:00,22,60.3,1.9
2025-02-04 23:00:00,23,,1.0
2025-02-05 00:00:00,0,,3.1
2025-02-05 01:00:00,1,,2.3
2025-02-05 02:00:00,2,,1.5
2025-02-05 03:00:00,3,,0.9
2025-02-05 04:00:00,4,,1.4
2025-02-05 05:00:00,5,,1.2
2025-02-05 06:00:00,6,,0.6
2025-02-05 07:00:00,7,,0.9
2025-02-05 08:00:00,8,,1.0
2025-02-05 09:00:00,9,,1.2
2025-02-05 10:00:00,10,94.8,1.0
2025-02-05 11:00:00,11,672.0,0.6
2025-02-05 12:00:00,12,1738.2,1.9
2025-02-05 13:00:00,13,2280.8,3.4
2025-02-05 14:00:00,14,2511.0,2.8
2025-02-05 15:00:00,15,2637.1,2.1
2025-02-05 16:00:00,16,3202.0,2.7
2025-02-05 17:00:00,17,3026.0,2.2
2025-02-05 18:00:00,18,2963.4,2.6
2025-02-05 19:00:00,19,878.3,1.7
2025-02-05 20:00:00,20,213.6,1.7
2025-02-05 21:00:00,21,185.9,2.0
2025-02-05 22:00:00,22,71.4,5.6
2025-02-05 23:00:00,23,,2.6
2025-02-06 00:00:00,0,,1.0
2025-02-06 01:00:00,1,,1.3
2025-02-06 02:00:00,2,,0.7
2025-02-06 03:00:00,3,,1.0
2025-02-06 04:00:00,4,,0.8
2025-02-06 05:00:00,5,,0.6
2025-02-06 06:00:00,6,,0.5
2025-02-06 07:00:00,7,,1.2
2025-02-06 08:00:00,8,,1.6
2025-02-06 09:00:00,9,,0.3
2025-02-06 10:00:00,10,84.8,0.4
2025-02-06 11:00:00,11,663.9,0.9
2025-02-06 12:00:00,12,1691.1,1.4
2025-02-06 13:00:00,13,2698.7,2.2
2025-02-06 14:00:00,14,2804.6,2.0
2025-02-06 15:00:00,15,2968.0,1.8
2025-02-06 16:00:00,16,3481.6,1.8
2025-02-06 17:00:00,17,3724.4,2.6
2025-02-06 18:00:00,18,3181.4,2.5
2025-02-06 19:00:00,19,1643.3,2.6
2025-02-06 20:00:00,20,375.6,1.3
2025-02-06 21:00:00,21,78.1,1.9
2025-02-06 22:00:00,22,16.1,3.7
2025-02-06 23:00:00,23,,2.7
2025-02-07 00:00:00,0,,3.4
2025-02-07 01:00:00,1,,1.8
2025-02-07 02:00:00,2,,1.0
2025-02-07 03:00:00,3,,0.6
2025-02-07 04:00:00,4,,0.8
2025-02-07 05:00:00,5,,1.8
2025-02-07 06:00:00,6,,1.0
2025-02-07 07:00:00,7,,1.6
2025-02-07 08:00:00,8,,0.9
2025-02-07 09:00:00,9,,1.2
2025-02-07 10:00:00,10,52.5,0.8
2025-02-07 11:00:00,11,445.1,0.7
2025-02-07 12:00:00,12,1615.4,1.5
2025-02-07 13:00:00,13,2712.5,2.2
2025-02-07 14:00:00,14,2169.8,2.3
2025-02-07 15:00:00,15,3326.9,3.2
2025-02-07 16:00:00,16,2504.7,3.3
2025-02-07 17:00:00,17,2622.9,2.1
2025-02-07 18:00:00,18,1950.2,1.6
2025-02-07 19:00:00,19,1025.8,2.1
2025-02-07 20:00:00,20,435.9,0.6
2025-02-07 21:00:00,21,331.3,0.9
2025-02-07 22:00:00,22,38.2,1.4
2025-02-07 23:00:00,23,,2.7
2025-02-08 00:00:00,0,,2.2
2025-02-08 01:00:00,1,,1.2
2025-02-08 02:00:00,2,,1.1
2025-02-08 03:00:00,3,,1.2
2025-02-08 04:00:00,4,,0.6
2025-02-08 05:00:00,5,,0.8
2025-02-08 06:00:00,6,,0.5
2025-02-08 07:00:00,7,,0.6
2025-02-08 08:00:00,8,,0.4
2025-02-08 09:00:00,9,,0.1
2025-02-08 10:00:00,10,67.4,0.7
2025-02-08 11:00:00,11,748.6,1.0
2025-02-08 12:00:00,12,1366.3,1.0
2025-02-08 13:00:00,13,2033.9,1.6
2025-02-08 14:00:00,14,2817.2,1.3
2025-02-08 15:00:00,15,3091.8,1.9
2025-02-08 16:00:00,16,3482.0,2.2
2025-02-08 17:00:00,17,2582.0,1.6
2025-02-08 18:00:00,18,1068.1,1.2
2025-02-08 19:00:00,19,951.0,2.5
2025-02-08 20:00:00,20,922.3,1.5
2025-02-08 21:00:00,21,241.0,2.1
2025-02-08 22:00:00,22,13.6,2.6
2025-02-08 23:00:00,23,,1.5
2025-02-09 00:00:00,0,,1.5
2025-02-09 01:00:00,1,,1.3
2025-02-09 02:00:00,2,,0.4
2025-02-09 03:00:00,3,,0.4
2025-02-09 04:00:00,4,,0.6
2025-02-09 05:00:00,5,,0.5
2025-02-09 06:00:00,6,,1.3
2025-02-09 07:00:00,7,,0.9
2025-02-09 08:00:00,8,,0.8
2025-02-09 09:00:00,9,,0.7
2025-02-09 10:00:00,10,87.9,0.5
2025-02-09 11:00:00,11,385.1,1.4
2025-02-09 12:00:00,12,1306.0,0.8
2025-02-09 13:00:00,13,2197.3,1.4
2025-02-09 14:00:00,14,2102.5,2.9
2025-02-09 15:00:00,15,2805.3,2.5
2025-02-09 16:00:00,16,3498.7,2.1
2025-02-09 17:00:00,17,3826.3,2.4
2025-02-09 18:00:00,18,3104.8,1.8
2025-02-09 19:00:00,19,1956.7,2.2
2025-02-09 20:00:00,20,970.5,1.4
2025-02-09 21:00:00,21,828.7,2.5
2025-02-09 22:00:00,22,43.1,2.8
2025-02-09 23:00:00,23,,2.8
2025-02-10 00:00:00,0,,2.0
2025-02-10 01:00:00,1,,1.6
2025-02-10 02:00:00,2,,1.7
2025-02-10 03:00:00,3,,0.9
2025-02-10 04:00:00,4,,1.2
2025-02-10 05:00:00,5,,0.6
2025-02-10 06:00:00,6,,0.4
2025-02-10 07:00:00,7,,0.4
2025-02-10 08:00:00,8,,0.8
2025-02-10 09:00:00,9,,1.1
2025-02-10 10:00:00,10,69.3,0.8
2025-02-10 11:00:00,11,474.4,1.1
2025-02-10 12:00:00,12,1319.3,1.2
2025-02-10 13:00:00,13,2393.8,2.3
2025-02-10 14:00:00,14,2999.2,2.1
2025-02-10 15:00:00,15,3238.4,2.4
2025-02-10 16:00:00,16,1357.2,1.5
2025-02-10 17:00:00,17,2059.1,2.6
2025-02-10 18:00:00,18,2160.7,2.1
2025-02-10 19:00:00,19,1233.9,1.3
2025-02-10 20:00:00,20,244.4,1.1
2025-02-10 21:00:00,21,82.9,1.0
2025-02-10 22:00:00,22,9.6,1.8
2025-02-10 23:00:00,23,,0.3
2025-02-11 00:00:00,0,,1.4
2025-02-11 01:00:00,1,,1.4
2025-02-11 02:00:00,2,,1.3
2025-02-11 03:00:00,3,,0.8
2025-02-11 04:00:00,4,,0.6
2025-02-11 05:00:00,5,,0.6
2025-02-11 06:00:00,6,,0.8
2025-02-11 07:00:00,7,,0.8
2025-02-11 08:00:00,8,,1.2
2025-02-11 09:00:00,9,,1.3
2025-02-11 10:00:00,10,75.7,1.0
2025-02-11 11:00:00,11,657.5,1.2
2025-02-11 12:00:00,12,1089.9,1.4
2025-02-11 13:00:00,13,2096.7,1.7
2025-02-11 14:00:00,14,2378.9,1.9
2025-02-11 15:00:00,15,3483.5,1.5
2025-02-11 16:00:00,16,2188.3,1.7
2025-02-11 17:00:00,17,3423.3,1.2
2025-02-11 18:00:00,18,2688.0,2.5
2025-02-11 19:00:00,19,1501.4,0.8
2025-02-11 20:00:00,20,1338.8,2.0
2025-02-11 21:00:00,21,250.5,0.5
2025-02-11 22:00:00,22,29.7,3.7
2025-02-11 23:00:00,23,,2.5
2025-02-12 00:00:00,0,,1.8
2025-02-12 01:00:00,1,,0.8
2025-02-12 02:00:00,2,,1.3
2025-02-12 03:00:00,3,,1.1
2025-02-12 04:00:00,4,,1.4
2025-02-12 05:00:00,5,,0.2
2025-02-12 06:00:00,6,,0.9
2025-02-12 07:00:00,7,,0.6
2025-02-12 08:00:00,8,,0.6
2025-02-12 09:00:00,9,,0.5
2025-02-12 10:00:00,10,58.5,0.8
2025-02-12 11:00:00,11,439.8,1.2
2025-02-12 12:00:00,12,1554.2,1.2
2025-02-12 13:00:00,13,2395.3,0.9
2025-02-12 14:00:00,14,3173.4,2.5
2025-02-12 15:00:00,15,3534.9,3.4
2025-02-12 16:00:00,16,2349.2,1.7
2025-02-12 17:00:00,17,1854.3,1.8
2025-02-12 18:00:00,18,1800.8,1.3
2025-02-12 19:00:00,19,930.4,2.0
2025-02-12 20:00:00,20,220.1,1.6
2025-02-12 21:00:00,21,91.0,2.2
2025-02-12 22:00:00,22,7.2,2.4
2025-02-12 23:00:00,23,,2.0
2025-02-13 00:00:00,0,,1.5
2025-02-13 01:00:00,1,,1.6
2025-02-13 02:00:00,2,,1.7
2025-02-13 03:00:00,3,,1.1
2025-02-13 04:00:00,4,,1.5
2025-02-13 05:00:00,5,,0.4
2025-02-13 06:00:00,6,,0.9
2025-02-13 07:00:00,7,,0.9
2025-02-13 08:00:00,8,,0.8
2025-02-13 09:00:00,9,,1.0
2025-02-13 10:00:00,10,91.3,0.6
2025-02-13 11:00:00,11,812.9,1.4
2025-02-13 12:00:00,12,1728.9,1.1
2025-02-13 13:00:00,13,2585.6,4.5
2025-02-13 14:00:00,14,3119.9,3.1
2025-02-13 15:00:00,15,3459.1,2.6
2025-02-13 16:00:00,16,2618.4,2.0
2025-02-13 17:00:00,17,519.2,1.5
2025-02-13 18:00:00,18,991.8,2.4
2025-02-13 19:00:00,19,555.5,1.0
2025-02-13 20:00:00,20,487.5,2.1
2025-02-13 21:00:00,21,126.6,4.0
2025-02-13 22:00:00,22,17.9,4.0
2025-02-13 23:00:00,23,,2.1
2025-02-14 00:00:00,0,,1.8
2025-02-14 01:00:00,1,,1.2
2025-02-14 02:00:00,2,,2.3
2025-02-14 03:00:00,3,,0.9
2025-02-14 04:00:00,4,,1.1
2025-02-14 05:00:00,5,,1.3
2025-02-14 06:00:00,6,,0.6
2025-02-14 07:00:00,7,,0.4
2025-02-14 08:00:00,8,,0.9
2025-02-14 09:00:00,9,,0.7
2025-02-14 10:00:00,10,65.2,0.8
2025-02-14 11:00:00,11,432.5,0.9
2025-02-14 12:00:00,12,1315.1,1.1
2025-02-14 13:00:00,13,1803.9,1.0
2025-02-14 14:00:00,14,1896.6,1.6
2025-02-14 15:00:00,15,2853.5,1.4
2025-02-14 16:00:00,16,3334.0,1.1
2025-02-14 17:00:00,17,2238.8,1.1
2025-02-14 18:00:00,18,1425.6,1.1
2025-02-14 19:00:00,19,207.1,4.4
2025-02-14 20:00:00,20,92.5,3.9
2025-02-14 21:00:00,21,66.1,3.0
2025-02-14 22:00:00,22,6.8,2.0
2025-02-14 23:00:00,23,,2.3
2025-02-15 00:00:00,0,,0.8
2025-02-15 01:00:00,1,,0.3
2025-02-15 02:00:00,2,,0.3
2025-02-15 03:00:00,3,,0.8
2025-02-15 04:00:00,4,,0.4
2025-02-15 05:00:00,5,,0.4
2025-02-15 06:00:00,6,,0.3
2025-02-15 07:00:00,7,,1.0
2025-02-15 08:00:00,8,,0.3
2025-02-15 09:00:00,9,,0.3
2025-02-15 10:00:00,10,101.8,0.6
2025-02-15 11:00:00,11,611.3,1.0
2025-02-15 12:00:00,12,1668.1,2.1
2025-02-15 13:00:00,13,2376.9,4.5
2025-02-15 14:00:00,14,3064.0,3.7
2025-02-15 15:00:00,15,3491.9,3.5
2025-02-15 16:00:00,16,3048.4,2.6
2025-02-15 17:00:00,17,3317.7,3.5
2025-02-15 18:00:00,18,2752.7,3.0
2025-02-15 19:00:00,19,1419.2,2.5
2025-02-15 20:00:00,20,725.3,1.7
2025-02-15 21:00:00,21,275.9,1.1
2025-02-15 22:00:00,22,29.5,0.5
2025-02-15 23:00:00,23,,1.2
2025-02-16 00:00:00,0,,0.6
2025-02-16 01:00:00,1,,0.7
2025-02-16 02:00:00,2,,1.7
2025-02-16 03:00:00,3,,1.8
2025-02-16 04:00:00,4,,1.3
2025-02-16 05:00:00,5,,1.5
2025-02-16 06:00:00,6,,0.8
2025-02-16 07:00:00,7,,0.8
2025-02-16 08:00:00,8,,0.9
2025-02-16 09:00:00,9,,2.5
2025-02-16 10:00:00,10,96.6,2.1
2025-02-16 11:00:00,11,605.2,1.0
2025-02-16 12:00:00,12,1567.2,2.1
2025-02-16 13:00:00,13,2221.8,1.4
2025-02-16 14:00:00,14,2440.4,1.5
2025-02-16 15:00:00,15,2198.3,1.3
2025-02-16 16:00:00,16,2570.0,1.1
2025-02-16 17:00:00,17,2900.1,1.1
2025-02-16 18:00:00,18,2048.6,1.7
2025-02-16 19:00:00,19,1796.3,0.9
2025-02-16 20:00:00,20,987.3,1.7
2025-02-16 21:00:00,21,190.7,1.3
2025-02-16 22:00:00,22,4.2,2.3
2025-02-16 23:00:00,23,,1.2
2025-02-17 00:00:00,0,,1.6
2025-02-17 01:00:00,1,,2.3
2025-02-17 02:00:00,2,,1.6
2025-02-17 03:00:00,3,,1.9
2025-02-17 04:00:00,4,,1.0
2025-02-17 05:00:00,5,,0.4
2025-02-17 06:00:00,6,,0.8
2025-02-17 07:00:00,7,,0.7
2025-02-17 08:00:00,8,,0.4
2025-02-17 09:00:00,9,,1.0
2025-02-17 10:00:00,10,48.9,0.7
2025-02-17 11:00:00,11,533.4,0.6
2025-02-17 12:00:00,12,1030.7,1.5
2025-02-17 13:00:00,13,1743.2,2.2
2025-02-17 14:00:00,14,2613.9,2.5
2025-02-17 15:00:00,15,2700.3,3.6
2025-02-17 16:00:00,16,3352.4,3.7
2025-02-17 17:00:00,17,1669.5,3.9
2025-02-17 18:00:00,18,1184.4,2.5
2025-02-17 19:00:00,19,801.1,2.6
2025-02-17 20:00:00,20,524.4,1.6
2025-02-17 21:00:00,21,346.2,0.3
2025-02-17 22:00:00,22,35.4,1.3
2025-02-17 23:00:00,23,,0.6
2025-02-18 00:00:00,0,,1.6
2025-02-18 01:00:00,1,,1.5
2025-02-18 02:00:00,2,,2.3
2025-02-18 03:00:00,3,,0.7
2025-02-18 04:00:00,4,,0.8
2025-02-18 05:00:00,5,,0.5
2025-02-18 06:00:00,6,,0.7
2025-02-18 07:00:00,7,,0.3
2025-02-18 08:00:00,8,,0.5
2025-02-18 09:00:00,9,,0.4
2025-02-18 10:00:00,10,41.9,0.6
2025-02-18 11:00:00,11,225.1,1.2
2025-02-18 12:00:00,12,846.5,1.6
2025-02-18 13:00:00,13,2589.2,1.9
2025-02-18 14:00:00,14,2460.4,1.6
2025-02-18 15:00:00,15,1149.3,1.1
2025-02-18 16:00:00,16,3812.9,1.6
2025-02-18 17:00:00,17,3485.6,2.4
2025-02-18 18:00:00,18,3150.8,1.9
2025-02-18 19:00:00,19,2309.9,5.5
2025-02-18 20:00:00,20,400.8,2.0
2025-02-18 21:00:00,21,278.3,1.5
2025-02-18 22:00:00,22,68.4,2.2
2025-02-18 23:00:00,23,,2.2
2025-02-19 00:00:00,0,,2.0
2025-02-19 01:00:00,1,,1.5
2025-02-19 02:00:00,2,,1.2
2025-02-19 03:00:00,3,,0.4
2025-02-19 04:00:00,4,,0.7
2025-02-19 05:00:00,5,,0.2
2025-02-19 06:00:00,6,,1.0
2025-02-19 07:00:00,7,,0.9
2025-02-19 08:00:00,8,,0.3
2025-02-19 09:00:00,9,,0.6
2025-02-19 10:00:00,10,56.7,1.0
2025-02-19 11:00:00,11,461.4,0.8
2025-02-19 12:00:00,12,1154.2,0.5
2025-02-19 13:00:00,13,2127.0,1.5
2025-02-19 14:00:00,14,1904.1,2.3
2025-02-19 15:00:00,15,1567.2,0.7
2025-02-19 16:00:00,16,1680.3,3.0
2025-02-19 17:00:00,17,2786.9,5.4
2025-02-19 18:00:00,18,2038.5,3.0
2025-02-19 19:00:00,19,925.1,2.5
2025-02-19 20:00:00,20,403.0,1.9
2025-02-19 21:00:00,21,164.7,2.0
2025-02-19 22:00:00,22,8.6,0.7
2025-02-19 23:00:00,23,,1.2
2025-02-20 00:00:00,0,,0.8
2025-02-20 01:00:00,1,,0.6
2025-02-20 02:00:00,2,,0.6
2025-02-20 03:00:00,3,,0.8
2025-02-20 04:00:00,4,,0.9
2025-02-20 05:00:00,5,,1.2
2025-02-20 06:00:00,6,,0.9
2025-02-20 07:00:00,7,,0.5
2025-02-20 08:00:00,8,,0.5
2025-02-20 09:00:00,9,,0.9
2025-02-20 10:00:00,10,44.8,1.1
2025-02-20 11:00:00,11,373.5,0.8
2025-02-20 12:00:00,12,1620.2,1.1
2025-02-20 13:00:00,13,2591.0,1.1
2025-02-20 14:00:00,14,3153.8,3.8
2025-02-20 15:00:00,15,2788.4,4.6
2025-02-20 16:00:00,16,1782.1,1.9
2025-02-20 17:00:00,17,2896.2,3.5
2025-02-20 18:00:00,18,2512.6,2.0
2025-02-20 19:00:00,19,1409.0,2.1
2025-02-20 20:00:00,20,1451.0,3.0
2025-02-20 21:00:00,21,246.4,1.9
2025-02-20 22:00:00,22,15.6,1.1
2025-02-20 23:00:00,23,,1.3
2025-02-21 00:00:00,0,,2.8
2025-02-21 01:00:00,1,,2.8
2025-02-21 02:00:00,2,,0.9
2025-02-21 03:00:00,3,,0.7
2025-02-21 04:00:00,4,,1.2
2025-02-21 05:00:00,5,,1.5
2025-02-21 06:00:00,6,,0.5
2025-02-21 07:00:00,7,,0.7
2025-02-21 08:00:00,8,,0.9
2025-02-21 09:00:00,9,,0.7
2025-02-21 10:00:00,10,53.7,0.5
2025-02-21 11:00:00,11,656.8,1.0
2025-02-21 12:00:00,12,1797.7,0.8
2025-02-21 13:00:00,13,2388.4,2.1
2025-02-21 14:00:00,14,2921.5,2.5
2025-02-21 15:00:00,15,2974.0,1.8
2025-02-21 16:00:00,16,3756.0,3.3
2025-02-21 17:00:00,17,3153.2,3.1
2025-02-21 18:00:00,18,2684.3,3.2
2025-02-21 19:00:00,19,1992.4,3.3
2025-02-21 20:00:00,20,1249.9,3.8
2025-02-21 21:00:00,21,250.3,3.0
2025-02-21 22:00:00,22,23.8,1.4
2025-02-21 23:00:00,23,,1.6
2025-02-22 00:00:00,0,,1.3
2025-02-22 01:00:00,1,,1.1
2025-02-22 02:00:00,2,,0.9
2025-02-22 03:00:00,3,,1.2
2025-02-22 04:00:00,4,,0.9
2025-02-22 05:00:00,5,,1.0
2025-02-22 06:00:00,6,,1.6
2025-02-22 07:00:00,7,,1.7
2025-02-22 08:00:00,8,,0.8
2025-02-22 09:00:00,9,,0.8
2025-02-22 10:00:00,10,64.9,1.0
2025-02-22 11:00:00,11,624.4,0.7
2025-02-22 12:00:00,12,1060.5,1.0
2025-02-22 13:00:00,13,2317.5,1.3
2025-02-22 14:00:00,14,3287.2,2.3
2025-02-22 15:00:00,15,3092.4,0.7
2025-02-22 16:00:00,16,2273.5,1.1
2025-02-22 17:00:00,17,3108.0,2.1
2025-02-22 18:00:00,18,3159.0,2.5
2025-02-22 19:00:00,19,1117.4,2.1
2025-02-22 20:00:00,20,1264.8,1.7
2025-02-22 21:00:00,21,752.8,1.4
2025-02-22 22:00:00,22,41.4,1.4
2025-02-22 23:00:00,23,,1.3
2025-02-23 00:00:00,0,,3.2
2025-02-23 01:00:00,1,,2.5
2025-02-23 02:00:00,2,,1.4
2025-02-23 03:00:00,3,,0.7
2025-02-23 04:00:00,4,,1.4
2025-02-23 05:00:00,5,,0.8
2025-02-23 06:00:00,6,,0.6
2025-02-23 07:00:00,7,,2.1
2025-02-23 08:00:00,8,,1.0
2025-02-23 09:00:00,9,,0.8
2025-02-23 10:00:00,10,116.0,0.8
2025-02-23 11:00:00,11,803.6,2.3
2025-02-23 12:00:00,12,1412.9,2.0
2025-02-23 13:00:00,13,2522.0,3.1
2025-02-23 14:00:00,14,3344.5,2.1
2025-02-23 15:00:00,15,2792.0,2.8
2025-02-23 16:00:00,16,3545.5,2.6
2025-02-23 17:00:00,17,3324.3,1.4
2025-02-23 18:00:00,18,790.9,1.1
2025-02-23 19:00:00,19,462.9,1.8
2025-02-23 20:00:00,20,377.4,1.3
2025-02-23 21:00:00,21,326.8,1.9
2025-02-23 22:00:00,22,23.2,1.8
2025-02-23 23:00:00,23,,1.4
2025-02-24 00:00:00,0,,1.3
2025-02-24 01:00:00,1,,2.3
2025-02-24 02:00:00,2,,0.3
2025-02-24 03:00:00,3,,0.6
2025-02-24 04:00:00,4,,0.6
2025-02-24 05:00:00,5,,0.8
2025-02-24 06:00:00,6,,0.5
2025-02-24 07:00:00,7,,0.7
2025-02-24 08:00:00,8,,1.4
2025-02-24 09:00:00,9,,0.9
2025-02-24 10:00:00,10,87.9,0.8
2025-02-24 11:00:00,11,781.2,1.0
2025-02-24 12:00:00,12,1755.8,0.8
2025-02-24 13:00:00,13,2581.4,1.7
2025-02-24 14:00:00,14,3334.9,1.7
2025-02-24 15:00:00,15,2366.1,2.2
2025-02-24 16:00:00,16,2747.3,1.2
2025-02-24 17:00:00,17,1697.7,1.4
2025-02-24 18:00:00,18,2596.3,2.4
2025-02-24 19:00:00,19,2554.1,3.6
2025-02-24 20:00:00,20,1589.1,3.5
2025-02-24 21:00:00,21,676.8,2.2
2025-02-24 22:00:00,22,83.9,4.5
2025-02-24 23:00:00,23,0.6,5.6
2025-02-25 00:00:00,0,,1.0
2025-02-25 01:00:00,1,,1.2
2025-02-25 02:00:00,2,,0.9
2025-02-25 03:00:00,3,,2.4
2025-02-25 04:00:00,4,,0.4
2025-02-25 05:00:00,5,,1.7
2025-02-25 06:00:00,6,,0.9
2025-02-25 07:00:00,7,,0.9
2025-02-25 08:00:00,8,,1.0
2025-02-25 09:00:00,9,,0.7
2025-02-25 10:00:00,10,117.7,1.0
2025-02-25 11:00:00,11,928.3,1.4
2025-02-25 12:00:00,12,1921.1,1.6
2025-02-25 13:00:00,13,2356.0,1.1
2025-02-25 14:00:00,14,2036.7,3.2
2025-02-25 15:00:00,15,3250.8,1.8
2025-02-25 16:00:00,16,2338.4,1.8
2025-02-25 17:00:00,17,879.1,3.6
2025-02-25 18:00:00,18,596.2,2.7
2025-02-25 19:00:00,19,750.2,1.3
2025-02-25 20:00:00,20,93.1,1.5
2025-02-25 21:00:00,21,44.6,2.2
2025-02-25 22:00:00,22,9.9,0.9
2025-02-25 23:00:00,23,,0.5
2025-02-26 00:00:00,0,,0.5
2025-02-26 01:00:00,1,,0.4
2025-02-26 02:00:00,2,,0.6
2025-02-26 03:00:00,3,,0.5
2025-02-26 04:00:00,4,,0.5
2025-02-26 05:00:00,5,,0.4
2025-02-26 06:00:00,6,,0.6
2025-02-26 07:00:00,7,,0.6
2025-02-26 08:00:00,8,,0.2
2025-02-26 09:00:00,9,,0.7
2025-02-26 10:00:00,10,73.5,0.8
2025-02-26 11:00:00,11,535.8,1.5
2025-02-26 12:00:00,12,955.3,1.6
2025-02-26 13:00:00,13,1986.8,1.2
2025-02-26 14:00:00,14,1887.8,1.1
2025-02-26 15:00:00,15,2161.7,1.5
2025-02-26 16:00:00,16,3402.6,1.2
2025-02-26 17:00:00,17,2868.4,1.4
2025-02-26 18:00:00,18,2082.2,1.4
2025-02-26 19:00:00,19,2182.3,1.3
2025-02-26 20:00:00,20,1438.5,2.4
2025-02-26 21:00:00,21,659.5,1.7
2025-02-26 22:00:00,22,31.8,1.2
2025-02-26 23:00:00,23,,1.0
2025-02-27 00:00:00,0,,3.1
2025-02-27 01:00:00,1,,2.4
2025-02-27 02:00:00,2,,1.1
2025-02-27 03:00:00,3,,1.2
2025-02-27 04:00:00,4,,1.7
2025-02-27 05:00:00,5,,1.2
2025-02-27 06:00:00,6,,0.9
2025-02-27 07:00:00,7,,1.3
2025-02-27 08:00:00,8,,1.5
2025-02-27 09:00:00,9,,0.7
2025-02-27 10:00:00,10,35.1,0.7
2025-02-27 11:00:00,11,445.1,1.3
2025-02-27 12:00:00,12,1096.2,0.9
2025-02-27 13:00:00,13,2178.9,1.5
2025-02-27 14:00:00,14,2283.8,2.0
2025-02-27 15:00:00,15,2738.7,1.3
2025-02-27 16:00:00,16,2735.3,1.5
2025-02-27 17:00:00,17,3435.3,2.6
2025-02-27 18:00:00,18,2895.4,3.1
2025-02-27 19:00:00,19,942.5,6.1
2025-02-27 20:00:00,20,99.7,2.7
2025-02-27 21:00:00,21,13.3,1.3
2025-02-27 22:00:00,22,,2.6
2025-02-27 23:00:00,23,,2.4
2025-02-28 00:00:00,0,,1.9
2025-02-28 01:00:00,1,0.0,0.9
2025-02-28 02:00:00,2,,0.8
2025-02-28 03:00:00,3,,2.1
2025-02-28 04:00:00,4,,0.9
2025-02-28 05:00:00,5,,2.1
2025-02-28 06:00:00,6,,0.7
2025-02-28 07:00:00,7,,1.3
2025-02-28 08:00:00,8,,1.1
2025-02-28 09:00:00,9,,0.9
2025-02-28 10:00:00,10,36.3,0.6
2025-02-28 11:00:00,11,358.9,1.0
2025-02-28 12:00:00,12,786.3,1.4
2025-02-28 13:00:00,13,853.1,1.3
2025-02-28 14:00:00,14,1155.2,2.7
2025-02-28 15:00:00,15,1043.8,1.2
2025-02-28 16:00:00,16,713.1,1.8
2025-02-28 17:00:00,17,1370.2,1.2
2025-02-28 18:00:00,18,1417.3,1.2
2025-02-28 19:00:00,19,1036.8,4.0
2025-02-28 20:00:00,20,230.0,1.9
2025-02-28 21:00:00,21,88.8,2.7
2025-02-28 22:00:00,22,6.2,1.4
2025-02-28 23:00:00,23,,1.1
2025-03-01 00:00:00,0,,1.5
2025-03-01 01:00:00,1,,1.1
2025-03-01 02:00:00,2,,0.5
2025-03-01 03:00:00,3,,0.2
2025-03-01 04:00:00,4,,1.1
2025-03-01 05:00:00,5,,0.6
2025-03-01 06:00:00,6,,0.7
2025-03-01 07:00:00,7,,0.8
2025-03-01 08:00:00,8,,0.8
2025-03-01 09:00:00,9,,0.5
2025-03-01 10:00:00,10,74.1,0.9
2025-03-01 11:00:00,11,445.9,0.9
2025-03-01 12:00:00,12,932.1,0.5
2025-03-01 13:00:00,13,2006.0,1.1
2025-03-01 14:00:00,14,2990.3,1.7
2025-03-01 15:00:00,15,3076.4,2.1
2025-03-01 16:00:00,16,852.9,2.0
2025-03-01 17:00:00,17,1459.2,2.0
2025-03-01 18:00:00,18,503.8,1.5
2025-03-01 19:00:00,19,119.0,1.4
2025-03-01 20:00:00,20,68.1,1.3
2025-03-01 21:00:00,21,22.7,1.7
2025-03-01 22:00:00,22,0.6,1.9
2025-03-01 23:00:00,23,,0.5
2025-03-02 00:00:00,0,,0.7
2025-03-02 01:00:00,1,,1.2
2025-03-02 02:00:00,2,,2.1
2025-03-02 03:00:00,3,,0.8
2025-03-02 04:00:00,4,,0.8
2025-03-02 05:00:00,5,,0.6
2025-03-02 06:00:00,6,,0.6
2025-03-02 07:00:00,7,,1.4
2025-03-02 08:00:00,8,,0.7
2025-03-02 09:00:00,9,,0.9
2025-03-02 10:00:00,10,47.4,1.9
2025-03-02 11:00:00,11,545.4,
2025-03-02 12:00:00,12,1787.3,
2025-03-02 13:00:00,13,2177.1,
2025-03-02 14:00:00,14,1683.7,
2025-03-02 15:00:00,15,3095.8,
2025-03-02 16:00:00,16,3179.9,
2025-03-02 17:00:00,17,991.2,
2025-03-02 18:00:00,18,1975.3,
2025-03-02 19:00:00,19,2612.3,
2025-03-02 20:00:00,20,1620.8,
2025-03-02 21:00:00,21,160.8,
2025-03-02 22:00:00,22,3.8,
2025-03-02 23:00:00,23,,
2025-03-03 00:00:00,0,,
2025-03-03 01:00:00,1,,
2025-03-03 02:00:00,2,,
2025-03-03 03:00:00,3,,
2025-03-03 04:00:00,4,,
2025-03-03 05:00:00,5,,
2025-03-03 06:00:00,6,,
2025-03-03 07:00:00,7,,
2025-03-03 08:00:00,8,,
2025-03-03 09:00:00,9,,
2025-03-03 10:00:00,10,90.9,
2025-03-03 11:00:00,11,524.6,
2025-03-03 12:00:00,12,1565.4,
2025-03-03 13:00:00,13,2174.3,
2025-03-03 14:00:00,14,2208.2,
2025-03-03 15:00:00,15,2247.2,
2025-03-03 16:00:00,16,2607.2,
2025-03-03 17:00:00,17,2992.6,
2025-03-03 18:00:00,18,2908.8,
2025-03-03 19:00:00,19,462.4,
2025-03-03 20:00:00,20,88.8,
2025-03-03 21:00:00,21,29.4,
2025-03-03 22:00:00,22,2.0,
2025-03-03 23:00:00,23,,
2025-03-04 00:00:00,0,,
2025-03-04 01:00:00,1,,
2025-03-04 02:00:00,2,,
2025-03-04 03:00:00,3,,
2025-03-04 04:00:00,4,,
2025-03-04 05:00:00,5,,
2025-03-04 06:00:00,6,,
2025-03-04 07:00:00,7,,
2025-03-04 08:00:00,8,,
2025-03-04 09:00:00,9,,
2025-03-04 10:00:00,10,70.3,
2025-03-04 11:00:00,11,456.6,
2025-03-04 12:00:00,12,1683.5,
2025-03-04 13:00:00,13,1742.7,
2025-03-04 14:00:00,14,1826.0,
2025-03-04 15:00:00,15,2370.9,
2025-03-04 16:00:00,16,2662.6,
2025-03-04 17:00:00,17,2310.7,
2025-03-04 18:00:00,18,1539.5,
2025-03-04 19:00:00,19,589.3,
2025-03-04 20:00:00,20,257.8,
2025-03-04 21:00:00,21,59.7,
2025-03-04 22:00:00,22,0.1,
2025-03-04 23:00:00,23,,
2025-03-05 00:00:00,0,,
2025-03-05 01:00:00,1,,
2025-03-05 02:00:00,2,,
2025-03-05 03:00:00,3,,
2025-03-05 04:00:00,4,,
2025-03-05 05:00:00,5,,
2025-03-05 06:00:00,6,,
2025-03-05 07:00:00,7,,
2025-03-05 08:00:00,8,,
2025-03-05 09:00:00,9,,
2025-03-05 10:00:00,10,79.6,
2025-03-05 11:00:00,11,343.2,
2025-03-05 12:00:00,12,1562.9,
2025-03-05 13:00:00,13,2636.0,
2025-03-05 14:00:00,14,2014.2,
2025-03-05 15:00:00,15,1179.1,
2025-03-05 16:00:00,16,3295.8,
2025-03-05 17:00:00,17,3290.3,
2025-03-05 18:00:00,18,2395.6,
2025-03-05 19:00:00,19,1417.8,
2025-03-05 20:00:00,20,1024.5,
2025-03-05 21:00:00,21,138.1,
2025-03-05 22:00:00,22,11.8,
2025-03-05 23:00:00,23,,
2025-03-06 00:00:00,0,,
2025-03-06 01:00:00,1,,
2025-03-06 02:00:00,2,,
2025-03-06 03:00:00,3,,
2025-03-06 04:00:00,4,,
2025-03-06 05:00:00,5,,
2025-03-06 06:00:00,6,,
2025-03-06 07:00:00,7,,
2025-03-06 08:00:00,8,,
2025-03-06 09:00:00,9,,
2025-03-06 10:00:00,10,48.4,
2025-03-06 11:00:00,11,409.8,
2025-03-06 12:00:00,12,1036.4,
2025-03-06 13:00:00,13,1814.0,
2025-03-06 14:00:00,14,1166.6,
2025-03-06 15:00:00,15,1893.9,
2025-03-06 16:00:00,16,2824.5,
2025-03-06 17:00:00,17,2106.7,
2025-03-06 18:00:00,18,2344.3,
2025-03-06 19:00:00,19,1149.8,
2025-03-06 20:00:00,20,223.8,
2025-03-06 21:00:00,21,63.9,
2025-03-06 22:00:00,22,2.8,
2025-03-06 23:00:00,23,,
2025-03-07 00:00:00,0,,
2025-03-07 01:00:00,1,,
2025-03-07 02:00:00,2,,
2025-03-07 03:00:00,3,,
2025-03-07 04:00:00,4,,
2025-03-07 05:00:00,5,,
2025-03-07 06:00:00,6,,
2025-03-07 07:00:00,7,,
2025-03-07 08:00:00,8,,
2025-03-07 09:00:00,9,,
2025-03-07 10:00:00,10,29.5,
2025-03-07 11:00:00,11,210.3,
2025-03-07 12:00:00,12,678.2,
2025-03-07 13:00:00,13,811.4,
2025-03-07 14:00:00,14,1104.3,
2025-03-07 15:00:00,15,3275.6,
2025-03-07 16:00:00,16,1353.5,
2025-03-07 17:00:00,17,1983.4,
2025-03-07 18:00:00,18,1495.8,
2025-03-07 19:00:00,19,673.2,
2025-03-07 20:00:00,20,533.2,
2025-03-07 21:00:00,21,70.8,
2025-03-07 22:00:00,22,1.9,
2025-03-07 23:00:00,23,,
2025-03-08 00:00:00,0,,
2025-03-08 01:00:00,1,,
2025-03-08 02:00:00,2,,
2025-03-08 03:00:00,3,,
2025-03-08 04:00:00,4,,
2025-03-08 05:00:00,5,,
2025-03-08 06:00:00,6,,
2025-03-08 07:00:00,7,,
2025-03-08 08:00:00,8,0.1,
2025-03-08 09:00:00,9,,
2025-03-08 10:00:00,10,78.4,
2025-03-08 11:00:00,11,335.9,
2025-03-08 12:00:00,12,966.9,
2025-03-08 13:00:00,13,2557.2,
2025-03-08 14:00:00,14,2215.8,
2025-03-08 15:00:00,15,2522.1,
2025-03-08 16:00:00,16,3302.8,
2025-03-08 17:00:00,17,3033.5,
2025-03-08 18:00:00,18,3098.7,
2025-03-08 19:00:00,19,1051.0,
2025-03-08 20:00:00,20,17.6,
2025-03-08 21:00:00,21,12.5,
2025-03-08 22:00:00,22,1.6,
2025-03-08 23:00:00,23,,
2025-03-09 00:00:00,0,,
2025-03-09 01:00:00,1,,
2025-03-09 02:00:00,2,,
2025-03-09 03:00:00,3,,
2025-03-09 04:00:00,4,,
2025-03-09 05:00:00,5,,
2025-03-09 06:00:00,6,,
2025-03-09 07:00:00,7,,
2025-03-09 08:00:00,8,,
2025-03-09 09:00:00,9,,
2025-03-09 10:00:00,10,36.1,
2025-03-09 11:00:00,11,444.5,
2025-03-09 12:00:00,12,775.8,
2025-03-09 13:00:00,13,1632.4,
2025-03-09 14:00:00,14,1409.8,
2025-03-09 15:00:00,15,1149.3,
2025-03-09 16:00:00,16,1680.2,
2025-03-09 17:00:00,17,2484.1,
2025-03-09 18:00:00,18,2405.2,
2025-03-09 19:00:00,19,464.3,
2025-03-09 20:00:00,20,33.0,
2025-03-09 21:00:00,21,18.4,
2025-03-09 22:00:00,22,5.3,
2025-03-09 23:00:00,23,,
2025-03-10 00:00:00,0,,
2025-03-10 01:00:00,1,,
2025-03-10 02:00:00,2,,
2025-03-10 03:00:00,3,,
2025-03-10 04:00:00,4,,
2025-03-10 05:00:00,5,,
2025-03-10 06:00:00,6,,
2025-03-10 07:00:00,7,,
2025-03-10 08:00:00,8,,
2025-03-10 09:00:00,9,,
2025-03-10 10:00:00,10,60.1,
2025-03-10 11:00:00,11,428.2,
2025-03-10 12:00:00,12,924.3,
2025-03-10 13:00:00,13,1346.2,
2025-03-10 14:00:00,14,1495.8,
2025-03-10 15:00:00,15,1243.3,
2025-03-10 16:00:00,16,1886.8,
2025-03-10 17:00:00,17,2018.5,
2025-03-10 18:00:00,18,1446.8,
2025-03-10 19:00:00,19,2531.1,
2025-03-10 20:00:00,20,1654.5,
2025-03-10 21:00:00,21,400.0,
2025-03-10 22:00:00,22,13.7,
2025-03-10 23:00:00,23,,
2025-03-11 00:00:00,0,,
2025-03-11 01:00:00,1,,
2025-03-11 02:00:00,2,,
2025-03-11 03:00:00,3,,
2025-03-11 04:00:00,4,,
2025-03-11 05:00:00,5,,
2025-03-11 06:00:00,6,,
2025-03-11 07:00:00,7,,
2025-03-11 08:00:00,8,,
2025-03-11 09:00:00,9,,
2025-03-11 10:00:00,10,65.2,
2025-03-11 11:00:00,11,401.9,
2025-03-11 12:00:00,12,824.8,
2025-03-11 13:00:00,13,1737.5,
2025-03-11 14:00:00,14,2364.6,
2025-03-11 15:00:00,15,2553.8,
2025-03-11 16:00:00,16,2107.4,
2025-03-11 17:00:00,17,2365.7,
2025-03-11 18:00:00,18,283.9,
2025-03-11 19:00:00,19,234.4,
2025-03-11 20:00:00,20,231.0,
2025-03-11 21:00:00,21,161.9,
2025-03-11 22:00:00,22,13.8,
2025-03-11 23:00:00,23,,
2025-03-12 00:00:00,0,,
2025-03-12 01:00:00,1,,
2025-03-12 02:00:00,2,,
2025-03-12 03:00:00,3,,
2025-03-12 04:00:00,4,,
2025-03-12 05:00:00,5,,
2025-03-12 06:00:00,6,,
2025-03-12 07:00:00,7,,
2025-03-12 08:00:00,8,,
2025-03-12 09:00:00,9,,
2025-03-12 10:00:00,10,33.4,
2025-03-12 11:00:00,11,452.1,
2025-03-12 12:00:00,12,882.2,
2025-03-12 13:00:00,13,1276.7,
2025-03-12 14:00:00,14,2268.2,
2025-03-12 15:00:00,15,2522.2,
2025-03-12 16:00:00,16,2798.8,
2025-03-12 17:00:00,17,2616.9,
2025-03-12 18:00:00,18,2596.6,
2025-03-12 19:00:00,19,853.7,
2025-03-12 20:00:00,20,1045.5,
2025-03-12 21:00:00,21,484.6,
2025-03-12 22:00:00,22,22.3,
2025-03-12 23:00:00,23,,
2025-03-13 00:00:00,0,,
2025-03-13 01:00:00,1,,
2025-03-13 02:00:00,2,,
2025-03-13 03:00:00,3,,
2025-03-13 04:00:00,4,,
2025-03-13 05:00:00,5,0.1,
2025-03-13 06:00:00,6,,
2025-03-13 07:00:00,7,0.2,
2025-03-13 08:00:00,8,,
2025-03-13 09:00:00,9,,
2025-03-13 10:00:00,10,71.9,
2025-03-13 11:00:00,11,422.4,
2025-03-13 12:00:00,12,1444.9,
2025-03-13 13:00:00,13,2626.3,
2025-03-13 14:00:00,14,2985.3,
2025-03-13 15:00:00,15,2225.0,
2025-03-13 16:00:00,16,2621.7,
2025-03-13 17:00:00,17,450.7,
2025-03-13 18:00:00,18,456.3,
2025-03-13 19:00:00,19,442.2,
2025-03-13 20:00:00,20,372.0,
2025-03-13 21:00:00,21,265.0,
2025-03-13 22:00:00,22,37.1,
2025-03-13 23:00:00,23,,
2025-03-14 00:00:00,0,,
2025-03-14 01:00:00,1,,
2025-03-14 02:00:00,2,,
2025-03-14 03:00:00,3,,
2025-03-14 04:00:00,4,,
2025-03-14 05:00:00,5,,
2025-03-14 06:00:00,6,,
2025-03-14 07:00:00,7,,
2025-03-14 08:00:00,8,0.1,
2025-03-14 09:00:00,9,0.3,
2025-03-14 10:00:00,10,48.8,
2025-03-14 11:00:00,11,245.9,
2025-03-14 12:00:00,12,765.1,
2025-03-14 13:00:00,13,1905.0,
2025-03-14 14:00:00,14,2069.1,
2025-03-14 15:00:00,15,2765.7,
2025-03-14 16:00:00,16,3122.4,
2025-03-14 17:00:00,17,1334.3,
2025-03-14 18:00:00,18,2538.0,
2025-03-14 19:00:00,19,1593.5,
2025-03-14 20:00:00,20,111.5,
2025-03-14 21:00:00,21,62.2,
2025-03-14 22:00:00,22,3.2,
2025-03-14 23:00:00,23,,
2025-03-15 00:00:00,0,,
2025-03-15 01:00:00,1,,
2025-03-15 02:00:00,2,,
2025-03-15 03:00:00,3,,
2025-03-15 04:00:00,4,,
2025-03-15 05:00:00,5,,
2025-03-15 06:00:00,6,,
2025-03-15 07:00:00,7,,
2025-03-15 08:00:00,8,,
2025-03-15 09:00:00,9,,
2025-03-15 10:00:00,10,58.7,
2025-03-15 11:00:00,11,404.1,
2025-03-15 12:00:00,12,1589.0,
2025-03-15 13:00:00,13,2370.9,
2025-03-15 14:00:00,14,1849.9,
2025-03-15 15:00:00,15,1907.7,
2025-03-15 16:00:00,16,3344.5,
2025-03-15 17:00:00,17,2455.1,
2025-03-15 18:00:00,18,3219.7,
2025-03-15 19:00:00,19,1928.4,
2025-03-15 20:00:00,20,1032.1,
2025-03-15 21:00:00,21,275.3,
2025-03-15 22:00:00,22,6.6,
2025-03-15 23:00:00,23,,
2025-03-16 00:00:00,0,,
2025-03-16 01:00:00,1,,
2025-03-16 02:00:00,2,,
2025-03-16 03:00:00,3,,
2025-03-16 04:00:00,4,,
2025-03-16 05:00:00,5,,
2025-03-16 06:00:00,6,,
2025-03-16 07:00:00,7,,
2025-03-16 08:00:00,8,,
2025-03-16 09:00:00,9,,
2025-03-16 10:00:00,10,33.5,
2025-03-16 11:00:00,11,348.7,
2025-03-16 12:00:00,12,1362.7,
2025-03-16 13:00:00,13,2154.8,
2025-03-16 14:00:00,14,2721.2,
2025-03-16 15:00:00,15,2163.6,
2025-03-16 16:00:00,16,3330.1,
2025-03-16 17:00:00,17,2900.1,
2025-03-16 18:00:00,18,2065.7,
2025-03-16 19:00:00,19,372.9,
2025-03-16 20:00:00,20,186.9,
2025-03-16 21:00:00,21,80.6,
2025-03-16 22:00:00,22,5.4,
2025-03-16 23:00:00,23,,
2025-03-17 00:00:00,0,,
2025-03-17 01:00:00,1,,
2025-03-17 02:00:00,2,,
2025-03-17 03:00:00,3,,
2025-03-17 04:00:00,4,,
2025-03-17 05:00:00,5,,
2025-03-17 06:00:00,6,,
2025-03-17 07:00:00,7,0.3,
2025-03-17 08:00:00,8,0.2,
2025-03-17 09:00:00,9,,
2025-03-17 10:00:00,10,93.4,
2025-03-17 11:00:00,11,747.4,
2025-03-17 12:00:00,12,1136.5,
2025-03-17 13:00:00,13,1547.8,
2025-03-17 14:00:00,14,1942.5,
2025-03-17 15:00:00,15,2702.2,
2025-03-17 16:00:00,16,2752.1,
2025-03-17 17:00:00,17,3356.3,
2025-03-17 18:00:00,18,2984.5,
2025-03-17 19:00:00,19,1709.4,
2025-03-17 20:00:00,20,425.3,
2025-03-17 21:00:00,21,146.7,
2025-03-17 22:00:00,22,4.5,
2025-03-17 23:00:00,23,,
2025-03-18 00:00:00,0,,
2025-03-18 01:00:00,1,,
2025-03-18 02:00:00,2,,
2025-03-18 03:00:00,3,,
2025-03-18 04:00:00,4,,
2025-03-18 05:00:00,5,,
2025-03-18 06:00:00,6,,
2025-03-18 07:00:00,7,,
2025-03-18 08:00:00,8,,
2025-03-18 09:00:00,9,,
2025-03-18 10:00:00,10,31.9,
2025-03-18 11:00:00,11,289.4,
2025-03-18 12:00:00,12,1239.3,
2025-03-18 13:00:00,13,2304.5,
2025-03-18 14:00:00,14,2549.4,
2025-03-18 15:00:00,15,2891.4,
2025-03-18 16:00:00,16,3159.6,
2025-03-18 17:00:00,17,1956.0,
2025-03-18 18:00:00,18,1787.0,
2025-03-18 19:00:00,19,653.1,
2025-03-18 20:00:00,20,72.4,
2025-03-18 21:00:00,21,45.0,
2025-03-18 22:00:00,22,1.6,
2025-03-18 23:00:00,23,,
2025-03-19 00:00:00,0,,
2025-03-19 01:00:00,1,,
2025-03-19 02:00:00,2,,
2025-03-19 03:00:00,3,,
2025-03-19 04:00:00,4,,
2025-03-19 05:00:00,5,,
2025-03-19 06:00:00,6,0.0,
2025-03-19 07:00:00,7,,
2025-03-19 08:00:00,8,,
2025-03-19 09:00:00,9,,
2025-03-19 10:00:00,10,97.7,
2025-03-19 11:00:00,11,639.1,
2025-03-19 12:00:00,12,1750.0,
2025-03-19 13:00:00,13,2450.4,
2025-03-19 14:00:00,14,2982.9,
2025-03-19 15:00:00,15,3303.2,
2025-03-19 16:00:00,16,3241.0,
2025-03-19 17:00:00,17,3609.8,
2025-03-19 18:00:00,18,942.5,
2025-03-19 19:00:00,19,379.4,
2025-03-19 20:00:00,20,265.4,
2025-03-19 21:00:00,21,91.1,
2025-03-19 22:00:00,22,7.5,
2025-03-19 23:00:00,23,0.9,
2025-03-20 00:00:00,0,,
2025-03-20 01:00:00,1,,
2025-03-20 02:00:00,2,,
2025-03-20 03:00:00,3,,
2025-03-20 04:00:00,4,,
2025-03-20 05:00:00,5,,
2025-03-20 06:00:00,6,,
2025-03-20 07:00:00,7,,
2025-03-20 08:00:00,8,,
2025-03-20 09:00:00,9,,
2025-03-20 10:00:00,10,49.1,
2025-03-20 11:00:00,11,429.1,
2025-03-20 12:00:00,12,993.0,
2025-03-20 13:00:00,13,2074.0,
2025-03-20 14:00:00,14,2855.9,
2025-03-20 15:00:00,15,2789.1,
2025-03-20 16:00:00,16,2895.8,
2025-03-20 17:00:00,17,3523.3,
2025-03-20 18:00:00,18,2685.3,
2025-03-20 19:00:00,19,1915.6,
2025-03-20 20:00:00,20,860.0,
2025-03-20 21:00:00,21,183.5,
2025-03-20 22:00:00,22,9.8,
2025-03-20 23:00:00,23,,
2025-03-21 00:00:00,0,,
2025-03-21 01:00:00,1,,
2025-03-21 02:00:00,2,,
2025-03-21 03:00:00,3,,
2025-03-21 04:00:00,4,,
2025-03-21 05:00:00,5,,
2025-03-21 06:00:00,6,,
2025-03-21 07:00:00,7,,
2025-03-21 08:00:00,8,,
2025-03-21 09:00:00,9,,
2025-03-21 10:00:00,10,143.9,
2025-03-21 11:00:00,11,840.3,
2025-03-21 12:00:00,12,1595.1,
2025-03-21 13:00:00,13,2494.0,
2025-03-21 14:00:00,14,3049.9,
2025-03-21 15:00:00,15,3556.2,
2025-03-21 16:00:00,16,2414.2,
2025-03-21 17:00:00,17,2654.0,
2025-03-21 18:00:00,18,1260.8,
2025-03-21 19:00:00,19,1618.9,
2025-03-21 20:00:00,20,633.2,
2025-03-21 21:00:00,21,304.1,
2025-03-21 22:00:00,22,20.6,
2025-03-21 23:00:00,23,,
2025-03-22 00:00:00,0,,
2025-03-22 01:00:00,1,,
2025-03-22 02:00:00,2,,
2025-03-22 03:00:00,3,,
2025-03-22 04:00:00,4,,
2025-03-22 05:00:00,5,,
2025-03-22 06:00:00,6,,
2025-03-22 07:00:00,7,,
2025-03-22 08:00:00,8,,
2025-03-22 09:00:00,9,,
2025-03-22 10:00:00,10,104.8,
2025-03-22 11:00:00,11,660.3,
2025-03-22 12:00:00,12,1805.9,
2025-03-22 13:00:00,13,2711.7,
2025-03-22 14:00:00,14,3144.7,
2025-03-22 15:00:00,15,2833.8,
2025-03-22 16:00:00,16,2069.2,
2025-03-22 17:00:00,17,3855.4,
2025-03-22 18:00:00,18,2327.2,
2025-03-22 19:00:00,19,1305.1,
2025-03-22 20:00:00,20,1383.9,
2025-03-22 21:00:00,21,509.1,
2025-03-22 22:00:00,22,15.6,
2025-03-22 23:00:00,23,,
2025-03-23 00:00:00,0,,
2025-03-23 01:00:00,1,,
2025-03-23 02:00:00,2,,
2025-03-23 03:00:00,3,,
2025-03-23 04:00:00,4,,
2025-03-23 05:00:00,5,,
2025-03-23 06:00:00,6,,
2025-03-23 07:00:00,7,,
2025-03-23 08:00:00,8,,
2025-03-23 09:00:00,9,,
2025-03-23 10:00:00,10,116.5,
2025-03-23 11:00:00,11,864.9,
2025-03-23 12:00:00,12,1536.0,
2025-03-23 13:00:00,13,2689.3,
2025-03-23 14:00:00,14,3323.0,
2025-03-23 15:00:00,15,3693.8,
2025-03-23 16:00:00,16,3814.9,
2025-03-23 17:00:00,17,3171.9,
2025-03-23 18:00:00,18,1622.7,
2025-03-23 19:00:00,19,1296.8,
2025-03-23 20:00:00,20,992.8,
2025-03-23 21:00:00,21,548.7,
2025-03-23 22:00:00,22,11.8,
2025-03-23 23:00:00,23,,
2025-03-24 00:00:00,0,,
2025-03-24 01:00:00,1,,
2025-03-24 02:00:00,2,,
2025-03-24 03:00:00,3,,
2025-03-24 04:00:00,4,,
2025-03-24 05:00:00,5,,
2025-03-24 06:00:00,6,,
2025-03-24 07:00:00,7,,
2025-03-24 08:00:00,8,,
2025-03-24 09:00:00,9,,
2025-03-24 10:00:00,10,105.1,
2025-03-24 11:00:00,11,929.7,
2025-03-24 12:00:00,12,1839.6,
2025-03-24 13:00:00,13,2620.0,
2025-03-24 14:00:00,14,3022.9,
2025-03-24 15:00:00,15,3456.3,
2025-03-24 16:00:00,16,2652.6,
2025-03-24 17:00:00,17,2982.8,
2025-03-24 18:00:00,18,2815.6,
2025-03-24 19:00:00,19,1701.8,
2025-03-24 20:00:00,20,1554.2,
2025-03-24 21:00:00,21,634.1,
2025-03-24 22:00:00,22,12.8,
2025-03-24 23:00:00,23,,
2025-03-25 00:00:00,0,,
2025-03-25 01:00:00,1,,
2025-03-25 02:00:00,2,,
2025-03-25 03:00:00,3,,
2025-03-25 04:00:00,4,,
2025-03-25 05:00:00,5,,
2025-03-25 06:00:00,6,,
2025-03-25 07:00:00,7,,
2025-03-25 08:00:00,8,,
2025-03-25 09:00:00,9,,
2025-03-25 10:00:00,10,113.5,
2025-03-25 11:00:00,11,917.1,
2025-03-25 12:00:00,12,1844.4,
2025-03-25 13:00:00,13,2037.5,
2025-03-25 14:00:00,14,3383.5,
2025-03-25 15:00:00,15,2797.0,
2025-03-25 16:00:00,16,3373.5,
2025-03-25 17:00:00,17,3566.9,
2025-03-25 18:00:00,18,2862.7,
2025-03-25 19:00:00,19,1936.8,
2025-03-25 20:00:00,20,1157.7,
2025-03-25 21:00:00,21,202.5,
2025-03-25 22:00:00,22,4.3,
2025-03-25 23:00:00,23,,
2025-03-26 00:00:00,0,,
2025-03-26 01:00:00,1,,
2025-03-26 02:00:00,2,,
2025-03-26 03:00:00,3,,
2025-03-26 04:00:00,4,,
2025-03-26 05:00:00,5,,
2025-03-26 06:00:00,6,,
2025-03-26 07:00:00,7,,
2025-03-26 08:00:00,8,,
2025-03-26 09:00:00,9,,
2025-03-26 10:00:00,10,60.0,
2025-03-26 11:00:00,11,433.7,
2025-03-26 12:00:00,12,1694.5,
2025-03-26 13:00:00,13,2684.9,
2025-03-26 14:00:00,14,3284.9,
2025-03-26 15:00:00,15,3711.7,
2025-03-26 16:00:00,16,3790.9,
2025-03-26 17:00:00,17,3689.5,
2025-03-26 18:00:00,18,2828.3,
2025-03-26 19:00:00,19,2189.5,
2025-03-26 20:00:00,20,1122.8,
2025-03-26 21:00:00,21,321.1,
2025-03-26 22:00:00,22,14.4,
2025-03-26 23:00:00,23,,
2025-03-27 00:00:00,0,,
2025-03-27 01:00:00,1,,
2025-03-27 02:00:00,2,,
2025-03-27 03:00:00,3,,
2025-03-27 04:00:00,4,,
2025-03-27 05:00:00,5,,
2025-03-27 06:00:00,6,,
2025-03-27 07:00:00,7,,
2025-03-27 08:00:00,8,,
2025-03-27 09:00:00,9,,
2025-03-27 10:00:00,10,100.5,
2025-03-27 11:00:00,11,822.1,
2025-03-27 12:00:00,12,1820.5,
2025-03-27 13:00:00,13,2259.7,
2025-03-27 14:00:00,14,3135.5,
2025-03-27 15:00:00,15,3478.5,
2025-03-27 16:00:00,16,2913.1,
2025-03-27 17:00:00,17,2605.3,
2025-03-27 18:00:00,18,1422.5,
2025-03-27 19:00:00,19,592.5,
2025-03-27 20:00:00,20,275.5,
2025-03-27 21:00:00,21,160.8,
2025-03-27 22:00:00,22,9.5,
2025-03-27 23:00:00,23,0.1,
2025-03-28 00:00:00,0,,
2025-03-28 01:00:00,1,,
2025-03-28 02:00:00,2,,
2025-03-28 03:00:00,3,,
2025-03-28 04:00:00,4,,
2025-03-28 05:00:00,5,0.0,
2025-03-28 06:00:00,6,0.2,
2025-03-28 07:00:00,7,0.5,
2025-03-28 08:00:00,8,,
2025-03-28 09:00:00,9,,
2025-03-28 10:00:00,10,80.1,
2025-03-28 11:00:00,11,844.7,
2025-03-28 12:00:00,12,1831.9,
2025-03-28 13:00:00,13,1794.5,
2025-03-28 14:00:00,14,3497.7,
2025-03-28 15:00:00,15,3476.8,
2025-03-28 16:00:00,16,2718.0,
2025-03-28 17:00:00,17,1842.4,
2025-03-28 18:00:00,18,3227.7,
2025-03-28 19:00:00,19,2406.9,
2025-03-28 20:00:00,20,1473.0,
2025-03-28 21:00:00,21,178.3,
2025-03-28 22:00:00,22,,
2025-03-28 23:00:00,23,,
2025-03-29 00:00:00,0,,
2025-03-29 01:00:00,1,,
2025-03-29 02:00:00,2,,
2025-03-29 03:00:00,3,,
2025-03-29 04:00:00,4,,
2025-03-29 05:00:00,5,,
2025-03-29 06:00:00,6,,
2025-03-29 07:00:00,7,,
2025-03-29 08:00:00,8,,
2025-03-29 09:00:00,9,,
2025-03-29 10:00:00,10,65.8,
2025-03-29 11:00:00,11,602.5,
2025-03-29 12:00:00,12,1410.8,
2025-03-29 13:00:00,13,1654.4,
2025-03-29 14:00:00,14,3369.5,
2025-03-29 15:00:00,15,2926.8,
2025-03-29 16:00:00,16,1609.7,
2025-03-29 17:00:00,17,2098.5,
2025-03-29 18:00:00,18,3089.8,
2025-03-29 19:00:00,19,954.2,
2025-03-29 20:00:00,20,195.4,
2025-03-29 21:00:00,21,15.9,
2025-03-29 22:00:00,22,0.1,
2025-03-29 23:00:00,23,,
2025-03-30 00:00:00,0,,
2025-03-30 01:00:00,1,,
2025-03-30 02:00:00,2,,
2025-03-30 03:00:00,3,,
2025-03-30 04:00:00,4,,
2025-03-30 05:00:00,5,,
2025-03-30 06:00:00,6,,
2025-03-30 07:00:00,7,,
2025-03-30 08:00:00,8,,
2025-03-30 09:00:00,9,,
2025-03-30 10:00:00,10,95.8,
2025-03-30 11:00:00,11,680.9,
2025-03-30 12:00:00,12,2002.8,
2025-03-30 13:00:00,13,2595.3,
2025-03-30 14:00:00,14,3394.4,
2025-03-30 15:00:00,15,1886.8,
2025-03-30 16:00:00,16,3834.4,
2025-03-30 17:00:00,17,2321.7,
2025-03-30 18:00:00,18,1924.1,
2025-03-30 19:00:00,19,1704.3,
2025-03-30 20:00:00,20,654.5,
2025-03-30 21:00:00,21,276.5,
2025-03-30 22:00:00,22,5.9,
2025-03-30 23:00:00,23,,
2025-03-31 00:00:00,0,,
2025-03-31 01:00:00,1,,
2025-03-31 02:00:00,2,,
2025-03-31 03:00:00,3,,
2025-03-31 04:00:00,4,,
2025-03-31 05:00:00,5,,
2025-03-31 06:00:00,6,,
2025-03-31 07:00:00,7,,
2025-03-31 08:00:00,8,,
2025-03-31 09:00:00,9,,
2025-03-31 10:00:00,10,73.4,
2025-03-31 11:00:00,11,520.1,
2025-03-31 12:00:00,12,1901.4,
2025-03-31 13:00:00,13,2478.5,
2025-03-31 14:00:00,14,3203.8,
2025-03-31 15:00:00,15,1878.3,
2025-03-31 16:00:00,16,3135.0,
2025-03-31 17:00:00,17,2528.5,
2025-03-31 18:00:00,18,1281.2,
2025-03-31 19:00:00,19,2453.0,
2025-03-31 20:00:00,20,1261.5,
2025-03-31 21:00:00,21,172.9,
2025-03-31 22:00:00,22,6.1,
2025-03-31 23:00:00,23,0.8,
2025-04-01 00:00:00,0,0.5,
2025-04-01 01:00:00,1,,
2025-04-01 02:00:00,2,,
2025-04-01 03:00:00,3,,
2025-04-01 04:00:00,4,,
2025-04-01 05:00:00,5,,
2025-04-01 06:00:00,6,,
2025-04-01 07:00:00,7,,
2025-04-01 08:00:00,8,,
2025-04-01 09:00:00,9,,
2025-04-01 10:00:00,10,118.2,
2025-04-01 11:00:00,11,516.6,
2025-04-01 12:00:00,12,2018.1,
2025-04-01 13:00:00,13,2736.1,
2025-04-01 14:00:00,14,2977.9,
2025-04-01 15:00:00,15,2084.5,
2025-04-01 16:00:00,16,2409.9,
2025-04-01 17:00:00,17,2437.7,
2025-04-01 18:00:00,18,2803.7,
2025-04-01 19:00:00,19,1120.9,
2025-04-01 20:00:00,20,981.2,
2025-04-01 21:00:00,21,282.4,
2025-04-01 22:00:00,22,6.6,
2025-04-01 23:00:00,23,,
2025-04-02 00:00:00,0,,
2025-04-02 01:00:00,1,,
2025-04-02 02:00:00,2,,
2025-04-02 03:00:00,3,,
2025-04-02 04:00:00,4,,
2025-04-02 05:00:00,5,,
2025-04-02 06:00:00,6,,
2025-04-02 07:00:00,7,,
2025-04-02 08:00:00,8,,
2025-04-02 09:00:00,9,,
2025-04-02 10:00:00,10,113.2,
2025-04-02 11:00:00,11,634.6,
2025-04-02 12:00:00,12,1822.9,
2025-04-02 13:00:00,13,2614.7,
2025-04-02 14:00:00,14,3311.3,
2025-04-02 15:00:00,15,3628.6,
2025-04-02 16:00:00,16,2071.4,
2025-04-02 17:00:00,17,1141.3,
2025-04-02 18:00:00,18,900.7,
2025-04-02 19:00:00,19,1183.4,
2025-04-02 20:00:00,20,590.0,
2025-04-02 21:00:00,21,201.8,
2025-04-02 22:00:00,22,6.1,
2025-04-02 23:00:00,23,,
2025-04-03 00:00:00,0,,
2025-04-03 01:00:00,1,,
2025-04-03 02:00:00,2,,
2025-04-03 03:00:00,3,,
2025-04-03 04:00:00,4,,
2025-04-03 05:00:00,5,,
2025-04-03 06:00:00,6,,
2025-04-03 07:00:00,7,,
2025-04-03 08:00:00,8,,
2025-04-03 09:00:00,9,,
2025-04-03 10:00:00,10,196.1,
2025-04-03 11:00:00,11,1023.1,
2025-04-03 12:00:00,12,1886.8,
2025-04-03 13:00:00,13,2646.9,
2025-04-03 14:00:00,14,2061.0,
2025-04-03 15:00:00,15,2868.3,
2025-04-03 16:00:00,16,1087.1,
2025-04-03 17:00:00,17,2779.9,
2025-04-03 18:00:00,18,1805.5,
2025-04-03 19:00:00,19,1644.3,
2025-04-03 20:00:00,20,478.4,
2025-04-03 21:00:00,21,80.7,
2025-04-03 22:00:00,22,0.6,
2025-04-03 23:00:00,23,,
2025-04-04 00:00:00,0,,
2025-04-04 01:00:00,1,,
2025-04-04 02:00:00,2,,
2025-04-04 03:00:00,3,,
2025-04-04 04:00:00,4,,
2025-04-04 05:00:00,5,,
2025-04-04 06:00:00,6,,
2025-04-04 07:00:00,7,0.1,
2025-04-04 08:00:00,8,,
2025-04-04 09:00:00,9,,
2025-04-04 10:00:00,10,90.7,
2025-04-04 11:00:00,11,692.9,
2025-04-04 12:00:00,12,1697.6,
2025-04-04 13:00:00,13,1881.7,
2025-04-04 14:00:00,14,2914.6,
2025-04-04 15:00:00,15,2046.5,
2025-04-04 16:00:00,16,2877.8,
2025-04-04 17:00:00,17,2951.1,
2025-04-04 18:00:00,18,1543.6,
2025-04-04 19:00:00,19,1531.8,
2025-04-04 20:00:00,20,190.4,
2025-04-04 21:00:00,21,43.4,
2025-04-04 22:00:00,22,0.5,
2025-04-04 23:00:00,23,,
2025-04-05 00:00:00,0,,
2025-04-05 01:00:00,1,,
2025-04-05 02:00:00,2,,
2025-04-05 03:00:00,3,,
2025-04-05 04:00:00,4,,
2025-04-05 05:00:00,5,,
2025-04-05 06:00:00,6,,
2025-04-05 07:00:00,7,,
2025-04-05 08:00:00,8,,
2025-04-05 09:00:00,9,,
2025-04-05 10:00:00,10,77.4,
2025-04-05 11:00:00,11,411.0,
2025-04-05 12:00:00,12,1339.4,
2025-04-05 13:00:00,13,2208.7,
2025-04-05 14:00:00,14,3051.2,
2025-04-05 15:00:00,15,3414.9,
2025-04-05 16:00:00,16,3613.3,
2025-04-05 17:00:00,17,3169.0,
2025-04-05 18:00:00,18,2182.7,
2025-04-05 19:00:00,19,1259.5,
2025-04-05 20:00:00,20,531.9,
2025-04-05 21:00:00,21,134.9,
2025-04-05 22:00:00,22,,
2025-04-05 23:00:00,23,,
2025-04-06 00:00:00,0,,
2025-04-06 01:00:00,1,,
2025-04-06 02:00:00,2,,
2025-04-06 03:00:00,3,,
2025-04-06 04:00:00,4,,
2025-04-06 05:00:00,5,,
2025-04-06 06:00:00,6,,
2025-04-06 07:00:00,7,,
2025-04-06 08:00:00,8,,
2025-04-06 09:00:00,9,,
2025-04-06 10:00:00,10,111.3,
2025-04-06 11:00:00,11,806.2,
2025-04-06 12:00:00,12,1704.9,
2025-04-06 13:00:00,13,2487.6,
2025-04-06 14:00:00,14,3201.5,
2025-04-06 15:00:00,15,2378.3,
2025-04-06 16:00:00,16,2951.5,
2025-04-06 17:00:00,17,2911.2,
2025-04-06 18:00:00,18,2906.1,
2025-04-06 19:00:00,19,2096.4,
2025-04-06 20:00:00,20,1055.7,
2025-04-06 21:00:00,21,121.5,
2025-04-06 22:00:00,22,0.6,
2025-04-06 23:00:00,23,,
2025-04-07 00:00:00,0,,
2025-04-07 01:00:00,1,,
2025-04-07 02:00:00,2,,
2025-04-07 03:00:00,3,,
2025-04-07 04:00:00,4,,
2025-04-07 05:00:00,5,,
2025-04-07 06:00:00,6,,
2025-04-07 07:00:00,7,,
2025-04-07 08:00:00,8,,
2025-04-07 09:00:00,9,,
2025-04-07 10:00:00,10,64.4,
2025-04-07 11:00:00,11,410.7,
2025-04-07 12:00:00,12,888.4,
2025-04-07 13:00:00,13,1769.8,
2025-04-07 14:00:00,14,2406.2,
2025-04-07 15:00:00,15,2109.4,
2025-04-07 16:00:00,16,2114.0,
2025-04-07 17:00:00,17,2758.1,
2025-04-07 18:00:00,18,1503.9,
2025-04-07 19:00:00,19,1987.4,
2025-04-07 20:00:00,20,840.3,
2025-04-07 21:00:00,21,152.4,
2025-04-07 22:00:00,22,1.6,
2025-04-07 23:00:00,23,,
2025-04-08 00:00:00,0,,
2025-04-08 01:00:00,1,,
2025-04-08 02:00:00,2,,
2025-04-08 03:00:00,3,,
2025-04-08 04:00:00,4,,
2025-04-08 05:00:00,5,,
2025-04-08 06:00:00,6,,
2025-04-08 07:00:00,7,,
2025-04-08 08:00:00,8,,
2025-04-08 09:00:00,9,,
2025-04-08 10:00:00,10,158.5,
2025-04-08 11:00:00,11,519.9,
2025-04-08 12:00:00,12,1655.8,
2025-04-08 13:00:00,13,2707.5,
2025-04-08 14:00:00,14,2894.4,
2025-04-08 15:00:00,15,3565.2,
2025-04-08 16:00:00,16,3067.0,
2025-04-08 17:00:00,17,2978.0,
2025-04-08 18:00:00,18,2289.3,
2025-04-08 19:00:00,19,1553.0,
2025-04-08 20:00:00,20,1341.7,
2025-04-08 21:00:00,21,423.5,
2025-04-08 22:00:00,22,6.6,
2025-04-08 23:00:00,23,,
2025-04-09 00:00:00,0,,
2025-04-09 01:00:00,1,2.2,
2025-04-09 02:00:00,2,,
2025-04-09 03:00:00,3,,
2025-04-09 04:00:00,4,,
2025-04-09 05:00:00,5,,
2025-04-09 06:00:00,6,,
2025-04-09 07:00:00,7,,
2025-04-09 08:00:00,8,,
2025-04-09 09:00:00,9,,
2025-04-09 10:00:00,10,82.1,
2025-04-09 11:00:00,11,565.7,
2025-04-09 12:00:00,12,1703.6,
2025-04-09 13:00:00,13,1987.5,
2025-04-09 14:00:00,14,3073.0,
2025-04-09 15:00:00,15,3683.8,
2025-04-09 16:00:00,16,2460.5,
2025-04-09 17:00:00,17,2499.4,
2025-04-09 18:00:00,18,1795.3,
2025-04-09 19:00:00,19,1861.5,
2025-04-09 20:00:00,20,826.5,
2025-04-09 21:00:00,21,128.4,
2025-04-09 22:00:00,22,0.5,
2025-04-09 23:00:00,23,,
2025-04-10 00:00:00,0,,
2025-04-10 01:00:00,1,,
2025-04-10 02:00:00,2,,
2025-04-10 03:00:00,3,,
2025-04-10 04:00:00,4,,
2025-04-10 05:00:00,5,,
2025-04-10 06:00:00,6,,
2025-04-10 07:00:00,7,,
2025-04-10 08:00:00,8,,
2025-04-10 09:00:00,9,,
2025-04-10 10:00:00,10,145.8,
2025-04-10 11:00:00,11,878.1,
2025-04-10 12:00:00,12,1727.5,
2025-04-10 13:00:00,13,2338.4,
2025-04-10 14:00:00,14,3094.2,
2025-04-10 15:00:00,15,3277.8,
2025-04-10 16:00:00,16,1528.6,
2025-04-10 17:00:00,17,2470.2,
2025-04-10 18:00:00,18,212.4,
2025-04-10 19:00:00,19,97.6,
2025-04-10 20:00:00,20,21.0,
2025-04-10 21:00:00,21,6.7,
2025-04-10 22:00:00,22,,
2025-04-10 23:00:00,23,,
2025-04-11 00:00:00,0,,
2025-04-11 01:00:00,1,,
2025-04-11 02:00:00,2,,
2025-04-11 03:00:00,3,,
2025-04-11 04:00:00,4,,
2025-04-11 05:00:00,5,,
2025-04-11 06:00:00,6,,
2025-04-11 07:00:00,7,,
2025-04-11 08:00:00,8,,
2025-04-11 09:00:00,9,,
2025-04-11 10:00:00,10,76.0,
2025-04-11 11:00:00,11,520.3,
2025-04-11 12:00:00,12,1151.0,
2025-04-11 13:00:00,13,2420.7,
2025-04-11 14:00:00,14,2926.3,
2025-04-11 15:00:00,15,2305.2,
2025-04-11 16:00:00,16,2894.3,
2025-04-11 17:00:00,17,1905.6,
2025-04-11 18:00:00,18,646.4,
2025-04-11 19:00:00,19,883.1,
2025-04-11 20:00:00,20,1150.4,
2025-04-11 21:00:00,21,136.7,
2025-04-11 22:00:00,22,1.1,
2025-04-11 23:00:00,23,,
2025-04-12 00:00:00,0,,
2025-04-12 01:00:00,1,,
2025-04-12 02:00:00,2,,
2025-04-12 03:00:00,3,,
2025-04-12 04:00:00,4,,
2025-04-12 05:00:00,5,,
2025-04-12 06:00:00,6,,
2025-04-12 07:00:00,7,,
2025-04-12 08:00:00,8,,
2025-04-12 09:00:00,9,,
2025-04-12 10:00:00,10,113.6,
2025-04-12 11:00:00,11,597.2,
2025-04-12 12:00:00,12,1585.3,
2025-04-12 13:00:00,13,1362.1,
2025-04-12 14:00:00,14,1771.5,
2025-04-12 15:00:00,15,3067.4,
2025-04-12 16:00:00,16,2449.1,
2025-04-12 17:00:00,17,1760.0,
2025-04-12 18:00:00,18,1912.5,
2025-04-12 19:00:00,19,640.0,
2025-04-12 20:00:00,20,166.4,
2025-04-12 21:00:00,21,91.5,
2025-04-12 22:00:00,22,3.3,
2025-04-12 23:00:00,23,,
2025-04-13 00:00:00,0,,
2025-04-13 01:00:00,1,,
2025-04-13 02:00:00,2,,
2025-04-13 03:00:00,3,,
2025-04-13 04:00:00,4,,
2025-04-13 05:00:00,5,,
2025-04-13 06:00:00,6,,
2025-04-13 07:00:00,7,,
2025-04-13 08:00:00,8,,
2025-04-13 09:00:00,9,,
2025-04-13 10:00:00,10,190.9,
2025-04-13 11:00:00,11,989.0,
2025-04-13 12:00:00,12,1777.2,
2025-04-13 13:00:00,13,2392.7,
2025-04-13 14:00:00,14,2992.8,
2025-04-13 15:00:00,15,2393.4,
2025-04-13 16:00:00,16,2452.8,
2025-04-13 17:00:00,17,2615.9,
2025-04-13 18:00:00,18,3030.9,
2025-04-13 19:00:00,19,1861.4,
2025-04-13 20:00:00,20,1287.0,
2025-04-13 21:00:00,21,472.3,
2025-04-13 22:00:00,22,13.2,
2025-04-13 23:00:00,23,,
2025-04-14 00:00:00,0,1.2,
2025-04-14 01:00:00,1,,
2025-04-14 02:00:00,2,,
2025-04-14 03:00:00,3,,
2025-04-14 04:00:00,4,,
2025-04-14 05:00:00,5,,
2025-04-14 06:00:00,6,,
2025-04-14 07:00:00,7,,
2025-04-14 08:00:00,8,,
2025-04-14 09:00:00,9,,
2025-04-14 10:00:00,10,79.3,
2025-04-14 11:00:00,11,605.1,
2025-04-14 12:00:00,12,1762.7,
2025-04-14 13:00:00,13,2598.4,
2025-04-14 14:00:00,14,3205.9,
2025-04-14 15:00:00,15,3512.3,
2025-04-14 16:00:00,16,3138.5,
2025-04-14 17:00:00,17,3244.7,
2025-04-14 18:00:00,18,2126.3,
2025-04-14 19:00:00,19,1479.7,
2025-04-14 20:00:00,20,1336.3,
2025-04-14 21:00:00,21,410.1,
2025-04-14 22:00:00,22,4.9,
2025-04-14 23:00:00,23,,
2025-04-15 00:00:00,0,,
2025-04-15 01:00:00,1,,
2025-04-15 02:00:00,2,,
2025-04-15 03:00:00,3,,
2025-04-15 04:00:00,4,,
2025-04-15 05:00:00,5,,
2025-04-15 06:00:00,6,,
2025-04-15 07:00:00,7,,
2025-04-15 08:00:00,8,,
2025-04-15 09:00:00,9,,
2025-04-15 10:00:00,10,67.4,
2025-04-15 11:00:00,11,776.8,
2025-04-15 12:00:00,12,1886.7,
2025-04-15 13:00:00,13,2481.6,
2025-04-15 14:00:00,14,2782.3,
2025-04-15 15:00:00,15,3744.2,
2025-04-15 16:00:00,16,3681.3,
2025-04-15 17:00:00,17,3236.5,
2025-04-15 18:00:00,18,2643.9,
2025-04-15 19:00:00,19,2055.4,
2025-04-15 20:00:00,20,1213.2,
2025-04-15 21:00:00,21,282.8,
2025-04-15 22:00:00,22,1.1,
2025-04-15 23:00:00,23,,
2025-04-16 00:00:00,0,,
2025-04-16 01:00:00,1,,
2025-04-16 02:00:00,2,,
2025-04-16 03:00:00,3,,
2025-04-16 04:00:00,4,,
2025-04-16 05:00:00,5,,
2025-04-16 06:00:00,6,,
2025-04-16 07:00:00,7,,
2025-04-16 08:00:00,8,,
2025-04-16 09:00:00,9,,
2025-04-16 10:00:00,10,142.8,
2025-04-16 11:00:00,11,372.5,
2025-04-16 12:00:00,12,1296.5,
2025-04-16 13:00:00,13,2461.6,
2025-04-16 14:00:00,14,3245.1,
2025-04-16 15:00:00,15,2879.3,
2025-04-16 16:00:00,16,3329.1,
2025-04-16 17:00:00,17,2497.7,
2025-04-16 18:00:00,18,2508.2,
2025-04-16 19:00:00,19,1890.7,
2025-04-16 20:00:00,20,1086.0,
2025-04-16 21:00:00,21,389.7,
2025-04-16 22:00:00,22,2.5,
2025-04-16 23:00:00,23,,
2025-04-17 00:00:00,0,,
2025-04-17 01:00:00,1,,
2025-04-17 02:00:00,2,,
2025-04-17 03:00:00,3,,
2025-04-17 04:00:00,4,,
2025-04-17 05:00:00,5,,
2025-04-17 06:00:00,6,,
2025-04-17 07:00:00,7,,
2025-04-17 08:00:00,8,,
2025-04-17 09:00:00,9,,
2025-04-17 10:00:00,10,122.3,
2025-04-17 11:00:00,11,819.4,
2025-04-17 12:00:00,12,1856.7,
2025-04-17 13:00:00,13,2640.7,
2025-04-17 14:00:00,14,3247.2,
2025-04-17 15:00:00,15,3429.2,
2025-04-17 16:00:00,16,3434.3,
2025-04-17 17:00:00,17,2381.8,
2025-04-17 18:00:00,18,2440.1,
2025-04-17 19:00:00,19,2200.6,
2025-04-17 20:00:00,20,1299.7,
2025-04-17 21:00:00,21,387.9,
2025-04-17 22:00:00,22,5.0,
2025-04-17 23:00:00,23,,
2025-04-18 00:00:00,0,,
2025-04-18 01:00:00,1,,
2025-04-18 02:00:00,2,,
2025-04-18 03:00:00,3,,
2025-04-18 04:00:00,4,,
2025-04-18 05:00:00,5,,
2025-04-18 06:00:00,6,,
2025-04-18 07:00:00,7,,
2025-04-18 08:00:00,8,,
2025-04-18 09:00:00,9,,
2025-04-18 10:00:00,10,138.4,
2025-04-18 11:00:00,11,927.7,
2025-04-18 12:00:00,12,1836.1,
2025-04-18 13:00:00,13,2627.2,
2025-04-18 14:00:00,14,3202.6,
2025-04-18 15:00:00,15,3458.9,
2025-04-18 16:00:00,16,2797.1,
2025-04-18 17:00:00,17,3328.2,
2025-04-18 18:00:00,18,2769.7,
2025-04-18 19:00:00,19,1820.9,
2025-04-18 20:00:00,20,570.5,
2025-04-18 21:00:00,21,361.4,
2025-04-18 22:00:00,22,0.6,
2025-04-18 23:00:00,23,,
2025-04-19 00:00:00,0,,
2025-04-19 01:00:00,1,,
2025-04-19 02:00:00,2,,
2025-04-19 03:00:00,3,,
2025-04-19 04:00:00,4,,
2025-04-19 05:00:00,5,,
2025-04-19 06:00:00,6,,
2025-04-19 07:00:00,7,,
2025-04-19 08:00:00,8,,
2025-04-19 09:00:00,9,,
2025-04-19 10:00:00,10,109.2,
2025-04-19 11:00:00,11,917.8,
2025-04-19 12:00:00,12,1672.3,
2025-04-19 13:00:00,13,2465.3,
2025-04-19 14:00:00,14,2692.1,
2025-04-19 15:00:00,15,2420.1,
2025-04-19 16:00:00,16,3014.2,
2025-04-19 17:00:00,17,2375.8,
2025-04-19 18:00:00,18,2433.9,
2025-04-19 19:00:00,19,1638.9,
2025-04-19 20:00:00,20,1334.2,
2025-04-19 21:00:00,21,334.4,
2025-04-19 22:00:00,22,0.7,
2025-04-19 23:00:00,23,,
2025-04-20 00:00:00,0,,
2025-04-20 01:00:00,1,,
2025-04-20 02:00:00,2,,
2025-04-20 03:00:00,3,,
2025-04-20 04:00:00,4,0.2,
2025-04-20 05:00:00,5,,
2025-04-20 06:00:00,6,,
2025-04-20 07:00:00,7,,
2025-04-20 08:00:00,8,,
2025-04-20 09:00:00,9,,
2025-04-20 10:00:00,10,211.5,
2025-04-20 11:00:00,11,1041.5,
2025-04-20 12:00:00,12,1750.9,
2025-04-20 13:00:00,13,1943.0,
2025-04-20 14:00:00,14,3106.8,
2025-04-20 15:00:00,15,2603.9,
2025-04-20 16:00:00,16,2742.3,
2025-04-20 17:00:00,17,2327.2,
2025-04-20 18:00:00,18,2313.6,
2025-04-20 19:00:00,19,1616.6,
2025-04-20 20:00:00,20,701.4,
2025-04-20 21:00:00,21,106.7,
2025-04-20 22:00:00,22,1.7,
2025-04-20 23:00:00,23,,
2025-04-21 00:00:00,0,,
2025-04-21 01:00:00,1,,
2025-04-21 02:00:00,2,,
2025-04-21 03:00:00,3,,
2025-04-21 04:00:00,4,,
2025-04-21 05:00:00,5,,
2025-04-21 06:00:00,6,,
2025-04-21 07:00:00,7,,
2025-04-21 08:00:00,8,,
2025-04-21 09:00:00,9,,
2025-04-21 10:00:00,10,130.4,
2025-04-21 11:00:00,11,912.6,
2025-04-21 12:00:00,12,1760.1,
2025-04-21 13:00:00,13,1737.5,
2025-04-21 14:00:00,14,2055.6,
2025-04-21 15:00:00,15,3282.8,
2025-04-21 16:00:00,16,3016.8,
2025-04-21 17:00:00,17,2712.5,
2025-04-21 18:00:00,18,1751.9,
2025-04-21 19:00:00,19,414.1,
2025-04-21 20:00:00,20,157.0,
2025-04-21 21:00:00,21,13.7,
2025-04-21 22:00:00,22,,
2025-04-21 23:00:00,23,,
2025-04-22 00:00:00,0,,
2025-04-22 01:00:00,1,,
2025-04-22 02:00:00,2,,
2025-04-22 03:00:00,3,,
2025-04-22 04:00:00,4,,
2025-04-22 05:00:00,5,,
2025-04-22 06:00:00,6,,
2025-04-22 07:00:00,7,,
2025-04-22 08:00:00,8,,
2025-04-22 09:00:00,9,,
2025-04-22 10:00:00,10,91.0,
2025-04-22 11:00:00,11,457.9,
2025-04-22 12:00:00,12,1104.3,
2025-04-22 13:00:00,13,1518.2,
2025-04-22 14:00:00,14,3127.4,
2025-04-22 15:00:00,15,2501.5,
2025-04-22 16:00:00,16,2746.3,
2025-04-22 17:00:00,17,2865.2,
2025-04-22 18:00:00,18,444.1,
2025-04-22 19:00:00,19,151.2,
2025-04-22 20:00:00,20,238.4,
2025-04-22 21:00:00,21,63.7,
2025-04-22 22:00:00,22,0.3,
2025-04-22 23:00:00,23,,
2025-04-23 00:00:00,0,,
2025-04-23 01:00:00,1,,
2025-04-23 02:00:00,2,,
2025-04-23 03:00:00,3,,
2025-04-23 04:00:00,4,,
2025-04-23 05:00:00,5,,
2025-04-23 06:00:00,6,,
2025-04-23 07:00:00,7,,
2025-04-23 08:00:00,8,,
2025-04-23 09:00:00,9,,
2025-04-23 10:00:00,10,105.0,
2025-04-23 11:00:00,11,663.8,
2025-04-23 12:00:00,12,1652.6,
2025-04-23 13:00:00,13,1947.3,
2025-04-23 14:00:00,14,3020.6,
2025-04-23 15:00:00,15,3214.1,
2025-04-23 16:00:00,16,2085.9,
2025-04-23 17:00:00,17,1492.1,
2025-04-23 18:00:00,18,2888.4,
2025-04-23 19:00:00,19,141.6,
2025-04-23 20:00:00,20,79.2,
2025-04-23 21:00:00,21,53.8,
2025-04-23 22:00:00,22,0.9,
2025-04-23 23:00:00,23,,
2025-04-24 00:00:00,0,,
2025-04-24 01:00:00,1,,
2025-04-24 02:00:00,2,,
2025-04-24 03:00:00,3,,
2025-04-24 04:00:00,4,,
2025-04-24 05:00:00,5,,
2025-04-24 06:00:00,6,0.3,
2025-04-24 07:00:00,7,0.0,
2025-04-24 08:00:00,8,,
2025-04-24 09:00:00,9,0.0,
2025-04-24 10:00:00,10,63.8,
2025-04-24 11:00:00,11,565.6,
2025-04-24 12:00:00,12,1191.0,
2025-04-24 13:00:00,13,2022.9,
2025-04-24 14:00:00,14,2119.9,
2025-04-24 15:00:00,15,2705.1,
2025-04-24 16:00:00,16,2856.6,
2025-04-24 17:00:00,17,2282.5,
2025-04-24 18:00:00,18,1106.5,
2025-04-24 19:00:00,19,1991.0,
2025-04-24 20:00:00,20,701.5,
2025-04-24 21:00:00,21,84.6,
2025-04-24 22:00:00,22,,
2025-04-24 23:00:00,23,,
2025-04-25 00:00:00,0,,
2025-04-25 01:00:00,1,,
2025-04-25 02:00:00,2,,
2025-04-25 03:00:00,3,,
2025-04-25 04:00:00,4,,
2025-04-25 05:00:00,5,,
2025-04-25 06:00:00,6,,
2025-04-25 07:00:00,7,,
2025-04-25 08:00:00,8,,
2025-04-25 09:00:00,9,,
2025-04-25 10:00:00,10,68.3,
2025-04-25 11:00:00,11,680.6,
2025-04-25 12:00:00,12,1706.5,
2025-04-25 13:00:00,13,1625.9,
2025-04-25 14:00:00,14,2267.0,
2025-04-25 15:00:00,15,2264.2,
2025-04-25 16:00:00,16,1498.1,
2025-04-25 17:00:00,17,361.4,
2025-04-25 18:00:00,18,1156.5,
2025-04-25 19:00:00,19,892.2,
2025-04-25 20:00:00,20,409.7,
2025-04-25 21:00:00,21,80.6,
2025-04-25 22:00:00,22,1.9,
2025-04-25 23:00:00,23,,
2025-04-26 00:00:00,0,0.1,
2025-04-26 01:00:00,1,,
2025-04-26 02:00:00,2,,
2025-04-26 03:00:00,3,,
2025-04-26 04:00:00,4,,
2025-04-26 05:00:00,5,,
2025-04-26 06:00:00,6,,
2025-04-26 07:00:00,7,,
2025-04-26 08:00:00,8,,
2025-04-26 09:00:00,9,,
2025-04-26 10:00:00,10,145.8,
2025-04-26 11:00:00,11,914.5,
2025-04-26 12:00:00,12,1781.7,
2025-04-26 13:00:00,13,2597.3,
2025-04-26 14:00:00,14,3187.2,
2025-04-26 15:00:00,15,2235.0,
2025-04-26 16:00:00,16,2432.6,
2025-04-26 17:00:00,17,1957.8,
2025-04-26 18:00:00,18,1361.2,
2025-04-26 19:00:00,19,1719.5,
2025-04-26 20:00:00,20,1234.8,
2025-04-26 21:00:00,21,338.8,
2025-04-26 22:00:00,22,,
2025-04-26 23:00:00,23,,
2025-04-27 00:00:00,0,,
2025-04-27 01:00:00,1,,
2025-04-27 02:00:00,2,,
2025-04-27 03:00:00,3,,
2025-04-27 04:00:00,4,,
2025-04-27 05:00:00,5,,
2025-04-27 06:00:00,6,,
2025-04-27 07:00:00,7,,
2025-04-27 08:00:00,8,,
2025-04-27 09:00:00,9,,
2025-04-27 10:00:00,10,60.4,
2025-04-27 11:00:00,11,492.8,
2025-04-27 12:00:00,12,1860.3,
2025-04-27 13:00:00,13,2574.0,
2025-04-27 14:00:00,14,3257.0,
2025-04-27 15:00:00,15,3516.1,
2025-04-27 16:00:00,16,3515.3,
2025-04-27 17:00:00,17,3236.6,
2025-04-27 18:00:00,18,2854.4,
2025-04-27 19:00:00,19,1716.9,
2025-04-27 20:00:00,20,1243.9,
2025-04-27 21:00:00,21,304.8,
2025-04-27 22:00:00,22,3.2,
2025-04-27 23:00:00,23,,
2025-04-28 00:00:00,0,,
2025-04-28 01:00:00,1,,
2025-04-28 02:00:00,2,,
2025-04-28 03:00:00,3,,
2025-04-28 04:00:00,4,,
2025-04-28 05:00:00,5,,
2025-04-28 06:00:00,6,,
2025-04-28 07:00:00,7,,
2025-04-28 08:00:00,8,,
2025-04-28 09:00:00,9,,
2025-04-28 10:00:00,10,37.8,
2025-04-28 11:00:00,11,261.9,
2025-04-28 12:00:00,12,706.6,
2025-04-28 13:00:00,13,2023.2,
2025-04-28 14:00:00,14,2398.3,
2025-04-28 15:00:00,15,1440.6,
2025-04-28 16:00:00,16,2168.9,
2025-04-28 17:00:00,17,224.2,
2025-04-28 18:00:00,18,370.7,
2025-04-28 19:00:00,19,466.0,
2025-04-28 20:00:00,20,343.6,
2025-04-28 21:00:00,21,128.6,
2025-04-28 22:00:00,22,1.0,
2025-04-28 23:00:00,23,,
2025-04-29 00:00:00,0,,
2025-04-29 01:00:00,1,,
2025-04-29 02:00:00,2,,
2025-04-29 03:00:00,3,,
2025-04-29 04:00:00,4,,
2025-04-29 05:00:00,5,,
2025-04-29 06:00:00,6,,
2025-04-29 07:00:00,7,,
2025-04-29 08:00:00,8,,
2025-04-29 09:00:00,9,,
2025-04-29 10:00:00,10,99.8,
2025-04-29 11:00:00,11,754.2,
2025-04-29 12:00:00,12,1217.7,
2025-04-29 13:00:00,13,2080.1,
2025-04-29 14:00:00,14,2133.8,
2025-04-29 15:00:00,15,2236.9,
2025-04-29 16:00:00,16,2840.7,
2025-04-29 17:00:00,17,2176.8,
2025-04-29 18:00:00,18,568.6,
2025-04-29 19:00:00,19,598.7,
2025-04-29 20:00:00,20,463.9,
2025-04-29 21:00:00,21,188.7,
2025-04-29 22:00:00,22,,
2025-04-29 23:00:00,23,,
2025-04-30 00:00:00,0,,
2025-04-30 01:00:00,1,,
2025-04-30 02:00:00,2,,
2025-04-30 03:00:00,3,,
2025-04-30 04:00:00,4,,
2025-04-30 05:00:00,5,,
2025-04-30 06:00:00,6,,
2025-04-30 07:00:00,7,,
2025-04-30 08:00:00,8,,
2025-04-30 09:00:00,9,,
2025-04-30 10:00:00,10,112.8,
2025-04-30 11:00:00,11,941.6,
2025-04-30 12:00:00,12,1788.5,
2025-04-30 13:00:00,13,2312.0,
2025-04-30 14:00:00,14,2789.1,
2025-04-30 15:00:00,15,3490.5,
2025-04-30 16:00:00,16,3086.7,
2025-04-30 17:00:00,17,2501.4,
2025-04-30 18:00:00,18,2887.2,
2025-04-30 19:00:00,19,1578.5,
2025-04-30 20:00:00,20,1216.4,
2025-04-30 21:00:00,21,266.9,
2025-04-30 22:00:00,22,0.4,
2025-04-30 23:00:00,23,,
2025-05-01 00:00:00,0,,
2025-05-01 01:00:00,1,,
2025-05-01 02:00:00,2,,
2025-05-01 03:00:00,3,,
2025-05-01 04:00:00,4,,
2025-05-01 05:00:00,5,,
2025-05-01 06:00:00,6,,
2025-05-01 07:00:00,7,,
2025-05-01 08:00:00,8,,
2025-05-01 09:00:00,9,,
2025-05-01 10:00:00,10,88.2,
2025-05-01 11:00:00,11,778.0,
2025-05-01 12:00:00,12,1749.2,
2025-05-01 13:00:00,13,2589.6,
2025-05-01 14:00:00,14,3140.9,
2025-05-01 15:00:00,15,2240.8,
2025-05-01 16:00:00,16,3213.6,
2025-05-01 17:00:00,17,2435.1,
2025-05-01 18:00:00,18,2453.7,
2025-05-01 19:00:00,19,1952.4,
2025-05-01 20:00:00,20,1065.5,
2025-05-01 21:00:00,21,326.4,
2025-05-01 22:00:00,22,0.3,
2025-05-01 23:00:00,23,,
2025-05-02 00:00:00,0,,
2025-05-02 01:00:00,1,,
2025-05-02 02:00:00,2,,
2025-05-02 03:00:00,3,,
2025-05-02 04:00:00,4,,
2025-05-02 05:00:00,5,,
2025-05-02 06:00:00,6,,
2025-05-02 07:00:00,7,,
2025-05-02 08:00:00,8,,
2025-05-02 09:00:00,9,,
2025-05-02 10:00:00,10,77.2,
2025-05-02 11:00:00,11,907.9,
2025-05-02 12:00:00,12,1806.9,
2025-05-02 13:00:00,13,2541.2,
2025-05-02 14:00:00,14,2373.5,
2025-05-02 15:00:00,15,2956.6,
2025-05-02 16:00:00,16,3017.9,
2025-05-02 17:00:00,17,2791.9,
2025-05-02 18:00:00,18,2774.7,
2025-05-02 19:00:00,19,1962.3,
2025-05-02 20:00:00,20,1158.7,
2025-05-02 21:00:00,21,314.5,
2025-05-02 22:00:00,22,,
2025-05-02 23:00:00,23,,
2025-05-03 00:00:00,0,,
2025-05-03 01:00:00,1,,
2025-05-03 02:00:00,2,,
2025-05-03 03:00:00,3,,
2025-05-03 04:00:00,4,,
2025-05-03 05:00:00,5,,
2025-05-03 06:00:00,6,,
2025-05-03 07:00:00,7,,
2025-05-03 08:00:00,8,,
2025-05-03 09:00:00,9,,
2025-05-03 10:00:00,10,76.7,
2025-05-03 11:00:00,11,848.1,
2025-05-03 12:00:00,12,1646.0,
2025-05-03 13:00:00,13,2522.4,
2025-05-03 14:00:00,14,2915.8,
2025-05-03 15:00:00,15,3346.3,
2025-05-03 16:00:00,16,3053.0,
2025-05-03 17:00:00,17,2868.1,
2025-05-03 18:00:00,18,2486.9,
2025-05-03 19:00:00,19,1930.3,
2025-05-03 20:00:00,20,838.6,
2025-05-03 21:00:00,21,224.8,
2025-05-03 22:00:00,22,1.2,
2025-05-03 23:00:00,23,,
2025-05-04 00:00:00,0,,
2025-05-04 01:00:00,1,,
2025-05-04 02:00:00,2,,
2025-05-04 03:00:00,3,,
2025-05-04 04:00:00,4,,
2025-05-04 05:00:00,5,,
2025-05-04 06:00:00,6,,
2025-05-04 07:00:00,7,,
2025-05-04 08:00:00,8,,
2025-05-04 09:00:00,9,,
2025-05-04 10:00:00,10,53.8,
2025-05-04 11:00:00,11,332.7,
2025-05-04 12:00:00,12,1360.5,
2025-05-04 13:00:00,13,1960.1,
2025-05-04 14:00:00,14,2535.3,
2025-05-04 15:00:00,15,2779.1,
2025-05-04 16:00:00,16,2564.3,
2025-05-04 17:00:00,17,2689.2,
2025-05-04 18:00:00,18,2779.6,
2025-05-04 19:00:00,19,2062.6,
2025-05-04 20:00:00,20,1297.5,
2025-05-04 21:00:00,21,430.3,
2025-05-04 22:00:00,22,0.8,
2025-05-04 23:00:00,23,0.6,
2025-05-05 00:00:00,0,,
2025-05-05 01:00:00,1,,
2025-05-05 02:00:00,2,,
2025-05-05 03:00:00,3,,
2025-05-05 04:00:00,4,,
2025-05-05 05:00:00,5,,
2025-05-05 06:00:00,6,,
2025-05-05 07:00:00,7,,
2025-05-05 08:00:00,8,,
2025-05-05 09:00:00,9,,
2025-05-05 10:00:00,10,165.0,
2025-05-05 11:00:00,11,897.5,
2025-05-05 12:00:00,12,1747.5,
2025-05-05 13:00:00,13,2556.9,
2025-05-05 14:00:00,14,3165.1,
2025-05-05 15:00:00,15,2719.6,
2025-05-05 16:00:00,16,2007.4,
2025-05-05 17:00:00,17,3110.6,
2025-05-05 18:00:00,18,2208.6,
2025-05-05 19:00:00,19,1979.0,
2025-05-05 20:00:00,20,1211.7,
2025-05-05 21:00:00,21,310.9,
2025-05-05 22:00:00,22,1.9,
2025-05-05 23:00:00,23,,
2025-05-06 00:00:00,0,,
2025-05-06 01:00:00,1,,
2025-05-06 02:00:00,2,,
2025-05-06 03:00:00,3,,
2025-05-06 04:00:00,4,,
2025-05-06 05:00:00,5,,
2025-05-06 06:00:00,6,,
2025-05-06 07:00:00,7,,
2025-05-06 08:00:00,8,,
2025-05-06 09:00:00,9,,
2025-05-06 10:00:00,10,122.4,
2025-05-06 11:00:00,11,870.8,
2025-05-06 12:00:00,12,1668.4,
2025-05-06 13:00:00,13,2497.4,
2025-05-06 14:00:00,14,3104.3,
2025-05-06 15:00:00,15,3427.5,
2025-05-06 16:00:00,16,3385.1,
2025-05-06 17:00:00,17,2132.7,
2025-05-06 18:00:00,18,2661.0,
2025-05-06 19:00:00,19,2020.6,
2025-05-06 20:00:00,20,1168.0,
2025-05-06 21:00:00,21,266.9,
2025-05-06 22:00:00,22,,
2025-05-06 23:00:00,23,,
2025-05-07 00:00:00,0,,
2025-05-07 01:00:00,1,,
2025-05-07 02:00:00,2,,
2025-05-07 03:00:00,3,,
2025-05-07 04:00:00,4,,
2025-05-07 05:00:00,5,,
2025-05-07 06:00:00,6,,
2025-05-07 07:00:00,7,,
2025-05-07 08:00:00,8,,
2025-05-07 09:00:00,9,,
2025-05-07 10:00:00,10,169.7,
2025-05-07 11:00:00,11,889.8,
2025-05-07 12:00:00,12,1768.3,
2025-05-07 13:00:00,13,2523.7,
2025-05-07 14:00:00,14,3083.7,
2025-05-07 15:00:00,15,3406.9,
2025-05-07 16:00:00,16,3134.6,
2025-05-07 17:00:00,17,2722.0,
2025-05-07 18:00:00,18,2966.0,
2025-05-07 19:00:00,19,1851.6,
2025-05-07 20:00:00,20,1156.1,
2025-05-07 21:00:00,21,243.0,
2025-05-07 22:00:00,22,,
2025-05-07 23:00:00,23,,
2025-05-08 00:00:00,0,,
2025-05-08 01:00:00,1,,
2025-05-08 02:00:00,2,,
2025-05-08 03:00:00,3,,
2025-05-08 04:00:00,4,,
2025-05-08 05:00:00,5,,
2025-05-08 06:00:00,6,,
2025-05-08 07:00:00,7,,
2025-05-08 08:00:00,8,,
2025-05-08 09:00:00,9,,
2025-05-08 10:00:00,10,181.0,
2025-05-08 11:00:00,11,882.0,
2025-05-08 12:00:00,12,1765.0,
2025-05-08 13:00:00,13,2505.1,
2025-05-08 14:00:00,14,2686.1,
2025-05-08 15:00:00,15,3134.9,
2025-05-08 16:00:00,16,3447.6,
2025-05-08 17:00:00,17,3224.3,
2025-05-08 18:00:00,18,2082.5,
2025-05-08 19:00:00,19,1467.3,
2025-05-08 20:00:00,20,1179.5,
2025-05-08 21:00:00,21,316.3,
2025-05-08 22:00:00,22,0.4,
2025-05-08 23:00:00,23,,
2025-05-09 00:00:00,0,,
2025-05-09 01:00:00,1,,
2025-05-09 02:00:00,2,,
2025-05-09 03:00:00,3,,
2025-05-09 04:00:00,4,,
2025-05-09 05:00:00,5,,
2025-05-09 06:00:00,6,,
2025-05-09 07:00:00,7,,
2025-05-09 08:00:00,8,,
2025-05-09 09:00:00,9,,
2025-05-09 10:00:00,10,165.4,
2025-05-09 11:00:00,11,1069.4,
2025-05-09 12:00:00,12,1362.7,
2025-05-09 13:00:00,13,2472.9,
2025-05-09 14:00:00,14,2850.9,
2025-05-09 15:00:00,15,2705.6,
2025-05-09 16:00:00,16,3070.9,
2025-05-09 17:00:00,17,2997.8,
2025-05-09 18:00:00,18,2122.6,
2025-05-09 19:00:00,19,1287.4,
2025-05-09 20:00:00,20,404.7,
2025-05-09 21:00:00,21,111.4,
2025-05-09 22:00:00,22,,
2025-05-09 23:00:00,23,,
2025-05-10 00:00:00,0,,
2025-05-10 01:00:00,1,,
2025-05-10 02:00:00,2,,
2025-05-10 03:00:00,3,,
2025-05-10 04:00:00,4,,
2025-05-10 05:00:00,5,,
2025-05-10 06:00:00,6,,
2025-05-10 07:00:00,7,,
2025-05-10 08:00:00,8,,
2025-05-10 09:00:00,9,,
2025-05-10 10:00:00,10,91.2,
2025-05-10 11:00:00,11,357.8,
2025-05-10 12:00:00,12,1304.9,
2025-05-10 13:00:00,13,2439.3,
2025-05-10 14:00:00,14,2659.2,
2025-05-10 15:00:00,15,2097.6,
2025-05-10 16:00:00,16,2523.2,
2025-05-10 17:00:00,17,832.2,
2025-05-10 18:00:00,18,238.0,
2025-05-10 19:00:00,19,94.6,
2025-05-10 20:00:00,20,85.3,
2025-05-10 21:00:00,21,39.4,
2025-05-10 22:00:00,22,,
2025-05-10 23:00:00,23,,
2025-05-11 00:00:00,0,,
2025-05-11 01:00:00,1,,
2025-05-11 02:00:00,2,,
2025-05-11 03:00:00,3,,
2025-05-11 04:00:00,4,,
2025-05-11 05:00:00,5,,
2025-05-11 06:00:00,6,,
2025-05-11 07:00:00,7,,
2025-05-11 08:00:00,8,,
2025-05-11 09:00:00,9,,
2025-05-11 10:00:00,10,115.7,
2025-05-11 11:00:00,11,404.6,
2025-05-11 12:00:00,12,1164.8,
2025-05-11 13:00:00,13,2084.6,
2025-05-11 14:00:00,14,1526.3,
2025-05-11 15:00:00,15,1369.2,
2025-05-11 16:00:00,16,2308.0,
2025-05-11 17:00:00,17,2302.9,
2025-05-11 18:00:00,18,2598.5,
2025-05-11 19:00:00,19,1358.1,
2025-05-11 20:00:00,20,974.5,
2025-05-11 21:00:00,21,147.2,
2025-05-11 22:00:00,22,,
2025-05-11 23:00:00,23,,
2025-05-12 00:00:00,0,,
2025-05-12 01:00:00,1,,
2025-05-12 02:00:00,2,,
2025-05-12 03:00:00,3,,
2025-05-12 04:00:00,4,,
2025-05-12 05:00:00,5,,
2025-05-12 06:00:00,6,,
2025-05-12 07:00:00,7,,
2025-05-12 08:00:00,8,0.0,
2025-05-12 09:00:00,9,0.3,
2025-05-12 10:00:00,10,57.6,
2025-05-12 11:00:00,11,667.1,
2025-05-12 12:00:00,12,1715.4,
2025-05-12 13:00:00,13,2490.1,
2025-05-12 14:00:00,14,3039.3,
2025-05-12 15:00:00,15,2385.9,
2025-05-12 16:00:00,16,2446.2,
2025-05-12 17:00:00,17,2226.6,
2025-05-12 18:00:00,18,1662.8,
2025-05-12 19:00:00,19,906.1,
2025-05-12 20:00:00,20,1112.6,
2025-05-12 21:00:00,21,268.8,
2025-05-12 22:00:00,22,,
2025-05-12 23:00:00,23,,
2025-05-13 00:00:00,0,,
2025-05-13 01:00:00,1,,
2025-05-13 02:00:00,2,,
2025-05-13 03:00:00,3,,
2025-05-13 04:00:00,4,,
2025-05-13 05:00:00,5,,
2025-05-13 06:00:00,6,,
2025-05-13 07:00:00,7,,
2025-05-13 08:00:00,8,,
2025-05-13 09:00:00,9,,
2025-05-13 10:00:00,10,160.1,
2025-05-13 11:00:00,11,459.4,
2025-05-13 12:00:00,12,1672.0,
2025-05-13 13:00:00,13,2315.9,
2025-05-13 14:00:00,14,2969.8,
2025-05-13 15:00:00,15,2818.5,
2025-05-13 16:00:00,16,3066.0,
2025-05-13 17:00:00,17,3293.4,
2025-05-13 18:00:00,18,2672.4,
2025-05-13 19:00:00,19,2019.3,
2025-05-13 20:00:00,20,1190.4,
2025-05-13 21:00:00,21,311.9,
2025-05-13 22:00:00,22,0.7,
2025-05-13 23:00:00,23,,
2025-05-14 00:00:00,0,,
2025-05-14 01:00:00,1,,
2025-05-14 02:00:00,2,,
2025-05-14 03:00:00,3,,
2025-05-14 04:00:00,4,,
2025-05-14 05:00:00,5,,
2025-05-14 06:00:00,6,,
2025-05-14 07:00:00,7,,
2025-05-14 08:00:00,8,,
2025-05-14 09:00:00,9,,
2025-05-14 10:00:00,10,149.1,
2025-05-14 11:00:00,11,673.4,
2025-05-14 12:00:00,12,1704.5,
2025-05-14 13:00:00,13,2405.3,
2025-05-14 14:00:00,14,2896.2,
2025-05-14 15:00:00,15,2330.8,
2025-05-14 16:00:00,16,3083.8,
2025-05-14 17:00:00,17,2766.0,
2025-05-14 18:00:00,18,1971.7,
2025-05-14 19:00:00,19,598.2,
2025-05-14 20:00:00,20,446.9,
2025-05-14 21:00:00,21,205.2,
2025-05-14 22:00:00,22,0.6,
2025-05-14 23:00:00,23,,
2025-05-15 00:00:00,0,,
2025-05-15 01:00:00,1,,
2025-05-15 02:00:00,2,,
2025-05-15 03:00:00,3,,
2025-05-15 04:00:00,4,,
2025-05-15 05:00:00,5,,
2025-05-15 06:00:00,6,,
2025-05-15 07:00:00,7,,
2025-05-15 08:00:00,8,,
2025-05-15 09:00:00,9,,
2025-05-15 10:00:00,10,138.0,
2025-05-15 11:00:00,11,907.6,
2025-05-15 12:00:00,12,1675.7,
2025-05-15 13:00:00,13,1774.4,
2025-05-15 14:00:00,14,2573.4,
2025-05-15 15:00:00,15,3083.3,
2025-05-15 16:00:00,16,3364.5,
2025-05-15 17:00:00,17,2833.4,
2025-05-15 18:00:00,18,1734.6,
2025-05-15 19:00:00,19,2006.0,
2025-05-15 20:00:00,20,592.8,
2025-05-15 21:00:00,21,121.0,
2025-05-15 22:00:00,22,1.3,
2025-05-15 23:00:00,23,,
2025-05-16 00:00:00,0,,
2025-05-16 01:00:00,1,,
2025-05-16 02:00:00,2,,
2025-05-16 03:00:00,3,,
2025-05-16 04:00:00,4,,
2025-05-16 05:00:00,5,,
2025-05-16 06:00:00,6,,
2025-05-16 07:00:00,7,,
2025-05-16 08:00:00,8,,
2025-05-16 09:00:00,9,,
2025-05-16 10:00:00,10,57.8,
2025-05-16 11:00:00,11,343.1,
2025-05-16 12:00:00,12,1112.8,
2025-05-16 13:00:00,13,1662.5,
2025-05-16 14:00:00,14,1019.7,
2025-05-16 15:00:00,15,1497.0,
2025-05-16 16:00:00,16,1216.3,
2025-05-16 17:00:00,17,2083.8,
2025-05-16 18:00:00,18,1556.4,
2025-05-16 19:00:00,19,877.6,
2025-05-16 20:00:00,20,556.7,
2025-05-16 21:00:00,21,126.9,
2025-05-16 22:00:00,22,1.5,
2025-05-16 23:00:00,23,0.2,
2025-05-17 00:00:00,0,,
2025-05-17 01:00:00,1,,
2025-05-17 02:00:00,2,,
2025-05-17 03:00:00,3,,
2025-05-17 04:00:00,4,,
2025-05-17 05:00:00,5,,
2025-05-17 06:00:00,6,,
2025-05-17 07:00:00,7,,
2025-05-17 08:00:00,8,,
2025-05-17 09:00:00,9,,
2025-05-17 10:00:00,10,181.4,
2025-05-17 11:00:00,11,933.2,
2025-05-17 12:00:00,12,1696.9,
2025-05-17 13:00:00,13,2267.5,
2025-05-17 14:00:00,14,2961.4,
2025-05-17 15:00:00,15,2944.2,
2025-05-17 16:00:00,16,2728.2,
2025-05-17 17:00:00,17,2992.6,
2025-05-17 18:00:00,18,1787.4,
2025-05-17 19:00:00,19,842.0,
2025-05-17 20:00:00,20,275.7,
2025-05-17 21:00:00,21,169.7,
2025-05-17 22:00:00,22,1.8,
2025-05-17 23:00:00,23,,
2025-05-18 00:00:00,0,,
2025-05-18 01:00:00,1,,
2025-05-18 02:00:00,2,,
2025-05-18 03:00:00,3,,
2025-05-18 04:00:00,4,,
2025-05-18 05:00:00,5,,
2025-05-18 06:00:00,6,,
2025-05-18 07:00:00,7,,
2025-05-18 08:00:00,8,,
2025-05-18 09:00:00,9,,
2025-05-18 10:00:00,10,164.8,
2025-05-18 11:00:00,11,803.7,
2025-05-18 12:00:00,12,1622.2,
2025-05-18 13:00:00,13,2134.4,
2025-05-18 14:00:00,14,2302.2,
2025-05-18 15:00:00,15,2056.6,
2025-05-18 16:00:00,16,1851.1,
2025-05-18 17:00:00,17,2198.6,
2025-05-18 18:00:00,18,1600.3,
2025-05-18 19:00:00,19,1265.2,
2025-05-18 20:00:00,20,837.4,
2025-05-18 21:00:00,21,219.5,
2025-05-18 22:00:00,22,,
2025-05-18 23:00:00,23,,
2025-05-19 00:00:00,0,,
2025-05-19 01:00:00,1,,
2025-05-19 02:00:00,2,,
2025-05-19 03:00:00,3,,
2025-05-19 04:00:00,4,,
2025-05-19 05:00:00,5,,
2025-05-19 06:00:00,6,,
2025-05-19 07:00:00,7,,
2025-05-19 08:00:00,8,,
2025-05-19 09:00:00,9,,
2025-05-19 10:00:00,10,39.6,
2025-05-19 11:00:00,11,294.2,
2025-05-19 12:00:00,12,793.2,
2025-05-19 13:00:00,13,1319.7,
2025-05-19 14:00:00,14,1614.4,
2025-05-19 15:00:00,15,2754.4,
2025-05-19 16:00:00,16,2692.3,
2025-05-19 17:00:00,17,2592.5,
2025-05-19 18:00:00,18,2729.1,
2025-05-19 19:00:00,19,1849.8,
2025-05-19 20:00:00,20,957.3,
2025-05-19 21:00:00,21,262.8,
2025-05-19 22:00:00,22,,
2025-05-19 23:00:00,23,,
2025-05-20 00:00:00,0,,
2025-05-20 01:00:00,1,,
2025-05-20 02:00:00,2,,
2025-05-20 03:00:00,3,,
2025-05-20 04:00:00,4,,
2025-05-20 05:00:00,5,,
2025-05-20 06:00:00,6,,
2025-05-20 07:00:00,7,,
2025-05-20 08:00:00,8,,
2025-05-20 09:00:00,9,,
2025-05-20 10:00:00,10,45.1,
2025-05-20 11:00:00,11,209.7,
2025-05-20 12:00:00,12,816.0,
2025-05-20 13:00:00,13,1659.3,
2025-05-20 14:00:00,14,2399.0,
2025-05-20 15:00:00,15,1911.3,
2025-05-20 16:00:00,16,2578.5,
2025-05-20 17:00:00,17,2487.9,
2025-05-20 18:00:00,18,1380.3,
2025-05-20 19:00:00,19,1338.8,
2025-05-20 20:00:00,20,193.9,
2025-05-20 21:00:00,21,69.5,
2025-05-20 22:00:00,22,0.7,
2025-05-20 23:00:00,23,,
2025-05-21 00:00:00,0,,
2025-05-21 01:00:00,1,,
2025-05-21 02:00:00,2,,
2025-05-21 03:00:00,3,,
2025-05-21 04:00:00,4,,
2025-05-21 05:00:00,5,,
2025-05-21 06:00:00,6,,
2025-05-21 07:00:00,7,,
2025-05-21 08:00:00,8,,
2025-05-21 09:00:00,9,,
2025-05-21 10:00:00,10,115.5,
2025-05-21 11:00:00,11,925.1,
2025-05-21 12:00:00,12,1278.0,
2025-05-21 13:00:00,13,1692.9,
2025-05-21 14:00:00,14,2816.1,
2025-05-21 15:00:00,15,2681.3,
2025-05-21 16:00:00,16,1713.4,
2025-05-21 17:00:00,17,2044.0,
2025-05-21 18:00:00,18,1554.6,
2025-05-21 19:00:00,19,399.3,
2025-05-21 20:00:00,20,78.3,
2025-05-21 21:00:00,21,43.6,
2025-05-21 22:00:00,22,,
2025-05-21 23:00:00,23,,
2025-05-22 00:00:00,0,,
2025-05-22 01:00:00,1,,
2025-05-22 02:00:00,2,,
2025-05-22 03:00:00,3,,
2025-05-22 04:00:00,4,,
2025-05-22 05:00:00,5,,
2025-05-22 06:00:00,6,,
2025-05-22 07:00:00,7,,
2025-05-22 08:00:00,8,,
2025-05-22 09:00:00,9,,
2025-05-22 10:00:00,10,133.8,
2025-05-22 11:00:00,11,843.9,
2025-05-22 12:00:00,12,1665.9,
2025-05-22 13:00:00,13,2438.0,
2025-05-22 14:00:00,14,2815.4,
2025-05-22 15:00:00,15,2472.3,
2025-05-22 16:00:00,16,2481.0,
2025-05-22 17:00:00,17,2802.2,
2025-05-22 18:00:00,18,2232.6,
2025-05-22 19:00:00,19,1848.2,
2025-05-22 20:00:00,20,1235.1,
2025-05-22 21:00:00,21,435.8,
2025-05-22 22:00:00,22,5.6,
2025-05-22 23:00:00,23,,
2025-05-23 00:00:00,0,,
2025-05-23 01:00:00,1,,
2025-05-23 02:00:00,2,,
2025-05-23 03:00:00,3,,
2025-05-23 04:00:00,4,,
2025-05-23 05:00:00,5,,
2025-05-23 06:00:00,6,,
2025-05-23 07:00:00,7,,
2025-05-23 08:00:00,8,,
2025-05-23 09:00:00,9,,
2025-05-23 10:00:00,10,137.5,
2025-05-23 11:00:00,11,860.1,
2025-05-23 12:00:00,12,1673.1,
2025-05-23 13:00:00,13,2087.9,
2025-05-23 14:00:00,14,1744.6,
2025-05-23 15:00:00,15,2797.6,
2025-05-23 16:00:00,16,2829.8,
2025-05-23 17:00:00,17,2820.2,
2025-05-23 18:00:00,18,2549.7,
2025-05-23 19:00:00,19,739.3,
2025-05-23 20:00:00,20,684.9,
2025-05-23 21:00:00,21,56.6,
2025-05-23 22:00:00,22,0.0,
2025-05-23 23:00:00,23,,
2025-05-24 00:00:00,0,,
2025-05-24 01:00:00,1,,
2025-05-24 02:00:00,2,,
2025-05-24 03:00:00,3,,
2025-05-24 04:00:00,4,,
2025-05-24 05:00:00,5,,
2025-05-24 06:00:00,6,,
2025-05-24 07:00:00,7,,
2025-05-24 08:00:00,8,,
2025-05-24 09:00:00,9,,
2025-05-24 10:00:00,10,146.8,
2025-05-24 11:00:00,11,853.0,
2025-05-24 12:00:00,12,1686.1,
2025-05-24 13:00:00,13,2396.7,
2025-05-24 14:00:00,14,3017.4,
2025-05-24 15:00:00,15,3073.5,
2025-05-24 16:00:00,16,3284.9,
2025-05-24 17:00:00,17,3105.7,
2025-05-24 18:00:00,18,2681.5,
2025-05-24 19:00:00,19,2016.9,
2025-05-24 20:00:00,20,855.4,
2025-05-24 21:00:00,21,175.8,
2025-05-24 22:00:00,22,4.6,
2025-05-24 23:00:00,23,,
2025-05-25 00:00:00,0,,
2025-05-25 01:00:00,1,,
2025-05-25 02:00:00,2,,
2025-05-25 03:00:00,3,,
2025-05-25 04:00:00,4,,
2025-05-25 05:00:00,5,,
2025-05-25 06:00:00,6,,
2025-05-25 07:00:00,7,,
2025-05-25 08:00:00,8,,
2025-05-25 09:00:00,9,,
2025-05-25 10:00:00,10,137.3,
2025-05-25 11:00:00,11,848.8,
2025-05-25 12:00:00,12,1679.0,
2025-05-25 13:00:00,13,2396.1,
2025-05-25 14:00:00,14,2976.0,
2025-05-25 15:00:00,15,2490.9,
2025-05-25 16:00:00,16,3124.1,
2025-05-25 17:00:00,17,2750.7,
2025-05-25 18:00:00,18,2160.9,
2025-05-25 19:00:00,19,2129.4,
2025-05-25 20:00:00,20,731.3,
2025-05-25 21:00:00,21,256.0,
2025-05-25 22:00:00,22,1.0,
2025-05-25 23:00:00,23,,
2025-05-26 00:00:00,0,,
2025-05-26 01:00:00,1,,
2025-05-26 02:00:00,2,,
2025-05-26 03:00:00,3,,
2025-05-26 04:00:00,4,,
2025-05-26 05:00:00,5,,
2025-05-26 06:00:00,6,,
2025-05-26 07:00:00,7,,
2025-05-26 08:00:00,8,,
2025-05-26 09:00:00,9,,
2025-05-26 10:00:00,10,132.6,
2025-05-26 11:00:00,11,831.4,
2025-05-26 12:00:00,12,1667.3,
2025-05-26 13:00:00,13,2494.7,
2025-05-26 14:00:00,14,2496.3,
2025-05-26 15:00:00,15,3272.8,
2025-05-26 16:00:00,16,3307.2,
2025-05-26 17:00:00,17,3118.8,
2025-05-26 18:00:00,18,2694.7,
2025-05-26 19:00:00,19,2006.8,
2025-05-26 20:00:00,20,945.4,
2025-05-26 21:00:00,21,175.2,
2025-05-26 22:00:00,22,0.7,
2025-05-26 23:00:00,23,,
2025-05-27 00:00:00,0,,
2025-05-27 01:00:00,1,,
2025-05-27 02:00:00,2,,
2025-05-27 03:00:00,3,,
2025-05-27 04:00:00,4,,
2025-05-27 05:00:00,5,,
2025-05-27 06:00:00,6,,
2025-05-27 07:00:00,7,,
2025-05-27 08:00:00,8,,
2025-05-27 09:00:00,9,,
2025-05-27 10:00:00,10,139.7,
2025-05-27 11:00:00,11,852.5,
2025-05-27 12:00:00,12,1692.4,
2025-05-27 13:00:00,13,2431.9,
2025-05-27 14:00:00,14,2983.9,
2025-05-27 15:00:00,15,3151.5,
2025-05-27 16:00:00,16,3233.7,
2025-05-27 17:00:00,17,3106.3,
2025-05-27 18:00:00,18,2685.2,
2025-05-27 19:00:00,19,2014.0,
2025-05-27 20:00:00,20,1183.2,
2025-05-27 21:00:00,21,313.0,
2025-05-27 22:00:00,22,0.6,
2025-05-27 23:00:00,23,,
2025-05-28 00:00:00,0,,
2025-05-28 01:00:00,1,,
2025-05-28 02:00:00,2,,
2025-05-28 03:00:00,3,,
2025-05-28 04:00:00,4,,
2025-05-28 05:00:00,5,,
2025-05-28 06:00:00,6,,
2025-05-28 07:00:00,7,,
2025-05-28 08:00:00,8,,
2025-05-28 09:00:00,9,,
2025-05-28 10:00:00,10,128.8,
2025-05-28 11:00:00,11,843.9,
2025-05-28 12:00:00,12,1680.1,
2025-05-28 13:00:00,13,2369.6,
2025-05-28 14:00:00,14,2163.8,
2025-05-28 15:00:00,15,3286.3,
2025-05-28 16:00:00,16,3197.2,
2025-05-28 17:00:00,17,2628.8,
2025-05-28 18:00:00,18,2579.2,
2025-05-28 19:00:00,19,1971.2,
2025-05-28 20:00:00,20,1168.9,
2025-05-28 21:00:00,21,303.3,
2025-05-28 22:00:00,22,0.8,
2025-05-28 23:00:00,23,,
2025-05-29 00:00:00,0,,
2025-05-29 01:00:00,1,,
2025-05-29 02:00:00,2,,
2025-05-29 03:00:00,3,,
2025-05-29 04:00:00,4,,
2025-05-29 05:00:00,5,,
2025-05-29 06:00:00,6,,
2025-05-29 07:00:00,7,,
2025-05-29 08:00:00,8,,
2025-05-29 09:00:00,9,,
2025-05-29 10:00:00,10,135.2,
2025-05-29 11:00:00,11,985.2,
2025-05-29 12:00:00,12,1642.9,
2025-05-29 13:00:00,13,2478.7,
2025-05-29 14:00:00,14,2595.5,
2025-05-29 15:00:00,15,3202.2,
2025-05-29 16:00:00,16,3120.7,
2025-05-29 17:00:00,17,3060.8,
2025-05-29 18:00:00,18,2597.0,
2025-05-29 19:00:00,19,1935.9,
2025-05-29 20:00:00,20,1137.7,
2025-05-29 21:00:00,21,286.6,
2025-05-29 22:00:00,22,1.2,
2025-05-29 23:00:00,23,,
2025-05-30 00:00:00,0,,
2025-05-30 01:00:00,1,,
2025-05-30 02:00:00,2,,
2025-05-30 03:00:00,3,,
2025-05-30 04:00:00,4,,
2025-05-30 05:00:00,5,,
2025-05-30 06:00:00,6,,
2025-05-30 07:00:00,7,,
2025-05-30 08:00:00,8,,
2025-05-30 09:00:00,9,,
2025-05-30 10:00:00,10,129.9,
2025-05-30 11:00:00,11,812.8,
2025-05-30 12:00:00,12,1630.5,
2025-05-30 13:00:00,13,2365.5,
2025-05-30 14:00:00,14,2967.0,
2025-05-30 15:00:00,15,3142.5,
2025-05-30 16:00:00,16,3079.2,
2025-05-30 17:00:00,17,3080.5,
2025-05-30 18:00:00,18,2687.1,
2025-05-30 19:00:00,19,1829.0,
2025-05-30 20:00:00,20,1118.0,
2025-05-30 21:00:00,21,276.3,
2025-05-30 22:00:00,22,,
2025-05-30 23:00:00,23,,
2025-05-31 00:00:00,0,,
2025-05-31 01:00:00,1,,
2025-05-31 02:00:00,2,,
2025-05-31 03:00:00,3,,
2025-05-31 04:00:00,4,,
2025-05-31 05:00:00,5,,
2025-05-31 06:00:00,6,,
2025-05-31 07:00:00,7,,
2025-05-31 08:00:00,8,,
2025-05-31 09:00:00,9,,
2025-05-31 10:00:00,10,131.5,
2025-05-31 11:00:00,11,785.3,
2025-05-31 12:00:00,12,1630.1,
2025-05-31 13:00:00,13,2372.8,
2025-05-31 14:00:00,14,2785.2,
2025-05-31 15:00:00,15,1864.1,
2025-05-31 16:00:00,16,3153.1,
2025-05-31 17:00:00,17,3177.6,
2025-05-31 18:00:00,18,2629.7,
2025-05-31 19:00:00,19,1469.1,
2025-05-31 20:00:00,20,1139.8,
2025-05-31 21:00:00,21,314.8,
2025-05-31 22:00:00,22,,
2025-05-31 23:00:00,23,,
2025-06-01 00:00:00,0,,
2025-06-01 01:00:00,1,,
2025-06-01 02:00:00,2,,
2025-06-01 03:00:00,3,,
2025-06-01 04:00:00,4,,
2025-06-01 05:00:00,5,,
2025-06-01 06:00:00,6,,
2025-06-01 07:00:00,7,,
2025-06-01 08:00:00,8,,
2025-06-01 09:00:00,9,,
2025-06-01 10:00:00,10,161.9,
2025-06-01 11:00:00,11,763.8,
2025-06-01 12:00:00,12,1626.3,
2025-06-01 13:00:00,13,1632.2,
2025-06-01 14:00:00,14,1963.3,
2025-06-01 15:00:00,15,2659.1,
2025-06-01 16:00:00,16,2827.4,
2025-06-01 17:00:00,17,2657.0,
2025-06-01 18:00:00,18,2612.5,
2025-06-01 19:00:00,19,1507.9,
2025-06-01 20:00:00,20,1129.5,
2025-06-01 21:00:00,21,285.6,
2025-06-01 22:00:00,22,,
2025-06-01 23:00:00,23,,
2025-06-02 00:00:00,0,,
2025-06-02 01:00:00,1,,
2025-06-02 02:00:00,2,,
2025-06-02 03:00:00,3,,
2025-06-02 04:00:00,4,,
2025-06-02 05:00:00,5,,
2025-06-02 06:00:00,6,,
2025-06-02 07:00:00,7,,
2025-06-02 08:00:00,8,,
2025-06-02 09:00:00,9,,
2025-06-02 10:00:00,10,129.9,
2025-06-02 11:00:00,11,810.6,
2025-06-02 12:00:00,12,1619.5,
2025-06-02 13:00:00,13,2301.5,
2025-06-02 14:00:00,14,2494.5,
2025-06-02 15:00:00,15,2456.1,
2025-06-02 16:00:00,16,2983.5,
2025-06-02 17:00:00,17,2509.6,
2025-06-02 18:00:00,18,2192.9,
2025-06-02 19:00:00,19,1497.0,
2025-06-02 20:00:00,20,971.2,
2025-06-02 21:00:00,21,310.7,
2025-06-02 22:00:00,22,0.3,
2025-06-02 23:00:00,23,,
2025-06-03 00:00:00,0,,
2025-06-03 01:00:00,1,,
2025-06-03 02:00:00,2,,
2025-06-03 03:00:00,3,,
2025-06-03 04:00:00,4,,
2025-06-03 05:00:00,5,,
2025-06-03 06:00:00,6,,
2025-06-03 07:00:00,7,,
2025-06-03 08:00:00,8,,
2025-06-03 09:00:00,9,,
2025-06-03 10:00:00,10,72.8,
2025-06-03 11:00:00,11,450.2,
2025-06-03 12:00:00,12,1339.8,
2025-06-03 13:00:00,13,2282.0,
2025-06-03 14:00:00,14,2804.6,
2025-06-03 15:00:00,15,2978.8,
2025-06-03 16:00:00,16,3067.0,
2025-06-03 17:00:00,17,2801.5,
2025-06-03 18:00:00,18,1863.0,
2025-06-03 19:00:00,19,1918.1,
2025-06-03 20:00:00,20,542.5,
2025-06-03 21:00:00,21,115.2,
2025-06-03 22:00:00,22,0.7,
2025-06-03 23:00:00,23,,
2025-06-04 00:00:00,0,,
2025-06-04 01:00:00,1,,
2025-06-04 02:00:00,2,,
2025-06-04 03:00:00,3,,
2025-06-04 04:00:00,4,,
2025-06-04 05:00:00,5,,
2025-06-04 06:00:00,6,,
2025-06-04 07:00:00,7,,
2025-06-04 08:00:00,8,,
2025-06-04 09:00:00,9,,
2025-06-04 10:00:00,10,114.5,
2025-06-04 11:00:00,11,799.0,
2025-06-04 12:00:00,12,1598.4,
2025-06-04 13:00:00,13,2345.5,
2025-06-04 14:00:00,14,2812.4,
2025-06-04 15:00:00,15,2710.0,
2025-06-04 16:00:00,16,1976.3,
2025-06-04 17:00:00,17,2040.5,
2025-06-04 18:00:00,18,1593.2,
2025-06-04 19:00:00,19,1566.8,
2025-06-04 20:00:00,20,598.1,
2025-06-04 21:00:00,21,292.1,
2025-06-04 22:00:00,22,1.8,
2025-06-04 23:00:00,23,,
2025-06-05 00:00:00,0,,
2025-06-05 01:00:00,1,,
2025-06-05 02:00:00,2,,
2025-06-05 03:00:00,3,,
2025-06-05 04:00:00,4,,
2025-06-05 05:00:00,5,,
2025-06-05 06:00:00,6,,
2025-06-05 07:00:00,7,,
2025-06-05 08:00:00,8,,
2025-06-05 09:00:00,9,,
2025-06-05 10:00:00,10,144.4,
2025-06-05 11:00:00,11,829.3,
2025-06-05 12:00:00,12,1676.1,
2025-06-05 13:00:00,13,2329.1,
2025-06-05 14:00:00,14,2406.7,
2025-06-05 15:00:00,15,2314.9,
2025-06-05 16:00:00,16,2862.5,
2025-06-05 17:00:00,17,2007.3,
2025-06-05 18:00:00,18,2198.8,
2025-06-05 19:00:00,19,1083.6,
2025-06-05 20:00:00,20,805.6,
2025-06-05 21:00:00,21,170.4,
2025-06-05 22:00:00,22,,
2025-06-05 23:00:00,23,,
2025-06-06 00:00:00,0,,
2025-06-06 01:00:00,1,,
2025-06-06 02:00:00,2,,
2025-06-06 03:00:00,3,,
2025-06-06 04:00:00,4,,
2025-06-06 05:00:00,5,,
2025-06-06 06:00:00,6,,
2025-06-06 07:00:00,7,,
2025-06-06 08:00:00,8,,
2025-06-06 09:00:00,9,,
2025-06-06 10:00:00,10,114.3,
2025-06-06 11:00:00,11,791.3,
2025-06-06 12:00:00,12,1600.6,
2025-06-06 13:00:00,13,2142.5,
2025-06-06 14:00:00,14,1606.7,
2025-06-06 15:00:00,15,1870.7,
2025-06-06 16:00:00,16,1014.4,
2025-06-06 17:00:00,17,1790.2,
2025-06-06 18:00:00,18,1122.0,
2025-06-06 19:00:00,19,424.8,
2025-06-06 20:00:00,20,371.5,
2025-06-06 21:00:00,21,131.9,
2025-06-06 22:00:00,22,1.9,
2025-06-06 23:00:00,23,,
2025-06-07 00:00:00,0,,
2025-06-07 01:00:00,1,,
2025-06-07 02:00:00,2,,
2025-06-07 03:00:00,3,,
2025-06-07 04:00:00,4,,
2025-06-07 05:00:00,5,,
2025-06-07 06:00:00,6,,
2025-06-07 07:00:00,7,,
2025-06-07 08:00:00,8,,
2025-06-07 09:00:00,9,,
2025-06-07 10:00:00,10,116.9,
2025-06-07 11:00:00,11,795.3,
2025-06-07 12:00:00,12,1595.6,
2025-06-07 13:00:00,13,1661.9,
2025-06-07 14:00:00,14,2377.6,
2025-06-07 15:00:00,15,3043.2,
2025-06-07 16:00:00,16,2284.7,
2025-06-07 17:00:00,17,1913.3,
2025-06-07 18:00:00,18,2795.3,
2025-06-07 19:00:00,19,1724.2,
2025-06-07 20:00:00,20,1135.4,
2025-06-07 21:00:00,21,353.4,
2025-06-07 22:00:00,22,,
2025-06-07 23:00:00,23,,
2025-06-08 00:00:00,0,,
2025-06-08 01:00:00,1,,
2025-06-08 02:00:00,2,,
2025-06-08 03:00:00,3,,
2025-06-08 04:00:00,4,,
2025-06-08 05:00:00,5,,
2025-06-08 06:00:00,6,,
2025-06-08 07:00:00,7,,
2025-06-08 08:00:00,8,,
2025-06-08 09:00:00,9,,
2025-06-08 10:00:00,10,135.3,
2025-06-08 11:00:00,11,649.1,
2025-06-08 12:00:00,12,1560.2,
2025-06-08 13:00:00,13,1991.0,
2025-06-08 14:00:00,14,2531.9,
2025-06-08 15:00:00,15,3086.9,
2025-06-08 16:00:00,16,2402.9,
2025-06-08 17:00:00,17,2264.5,
2025-06-08 18:00:00,18,2018.4,
2025-06-08 19:00:00,19,1881.6,
2025-06-08 20:00:00,20,1144.8,
2025-06-08 21:00:00,21,266.9,
2025-06-08 22:00:00,22,0.1,
2025-06-08 23:00:00,23,,
2025-06-09 00:00:00,0,,
2025-06-09 01:00:00,1,,
2025-06-09 02:00:00,2,,
2025-06-09 03:00:00,3,,
2025-06-09 04:00:00,4,,
2025-06-09 05:00:00,5,,
2025-06-09 06:00:00,6,,
2025-06-09 07:00:00,7,,
2025-06-09 08:00:00,8,,
2025-06-09 09:00:00,9,,
2025-06-09 10:00:00,10,99.2,
2025-06-09 11:00:00,11,785.6,
2025-06-09 12:00:00,12,1593.3,
2025-06-09 13:00:00,13,2241.9,
2025-06-09 14:00:00,14,2047.0,
2025-06-09 15:00:00,15,1155.3,
2025-06-09 16:00:00,16,2919.2,
2025-06-09 17:00:00,17,2840.1,
2025-06-09 18:00:00,18,2096.0,
2025-06-09 19:00:00,19,1238.7,
2025-06-09 20:00:00,20,1062.5,
2025-06-09 21:00:00,21,278.7,
2025-06-09 22:00:00,22,1.0,
2025-06-09 23:00:00,23,,
2025-06-10 00:00:00,0,,
2025-06-10 01:00:00,1,,
2025-06-10 02:00:00,2,,
2025-06-10 03:00:00,3,,
2025-06-10 04:00:00,4,,
2025-06-10 05:00:00,5,,
2025-06-10 06:00:00,6,,
2025-06-10 07:00:00,7,,
2025-06-10 08:00:00,8,,
2025-06-10 09:00:00,9,,
2025-06-10 10:00:00,10,74.3,
2025-06-10 11:00:00,11,769.6,
2025-06-10 12:00:00,12,1580.7,
2025-06-10 13:00:00,13,2302.6,
2025-06-10 14:00:00,14,2704.2,
2025-06-10 15:00:00,15,3269.4,
2025-06-10 16:00:00,16,2485.0,
2025-06-10 17:00:00,17,2691.7,
2025-06-10 18:00:00,18,2468.3,
2025-06-10 19:00:00,19,1965.1,
2025-06-10 20:00:00,20,1081.1,
2025-06-10 21:00:00,21,318.5,
2025-06-10 22:00:00,22,1.1,
2025-06-10 23:00:00,23,,
2025-06-11 00:00:00,0,,
2025-06-11 01:00:00,1,,
2025-06-11 02:00:00,2,,
2025-06-11 03:00:00,3,,
2025-06-11 04:00:00,4,,
2025-06-11 05:00:00,5,,
2025-06-11 06:00:00,6,,
2025-06-11 07:00:00,7,,
2025-06-11 08:00:00,8,,
2025-06-11 09:00:00,9,,
2025-06-11 10:00:00,10,85.8,
2025-06-11 11:00:00,11,611.4,
2025-06-11 12:00:00,12,1564.0,
2025-06-11 13:00:00,13,2307.5,
2025-06-11 14:00:00,14,2611.9,
2025-06-11 15:00:00,15,2520.5,
2025-06-11 16:00:00,16,2727.2,
2025-06-11 17:00:00,17,1806.5,
2025-06-11 18:00:00,18,2019.3,
2025-06-11 19:00:00,19,1938.0,
2025-06-11 20:00:00,20,1084.9,
2025-06-11 21:00:00,21,282.8,
2025-06-11 22:00:00,22,,
2025-06-11 23:00:00,23,,
2025-06-12 00:00:00,0,,
2025-06-12 01:00:00,1,,
2025-06-12 02:00:00,2,,
2025-06-12 03:00:00,3,,
2025-06-12 04:00:00,4,,
2025-06-12 05:00:00,5,,
2025-06-12 06:00:00,6,,
2025-06-12 07:00:00,7,,
2025-06-12 08:00:00,8,,
2025-06-12 09:00:00,9,,
2025-06-12 10:00:00,10,51.8,
2025-06-12 11:00:00,11,619.2,
2025-06-12 12:00:00,12,808.1,
2025-06-12 13:00:00,13,1217.7,
2025-06-12 14:00:00,14,2747.6,
2025-06-12 15:00:00,15,2649.2,
2025-06-12 16:00:00,16,1789.6,
2025-06-12 17:00:00,17,2451.4,
2025-06-12 18:00:00,18,1633.3,
2025-06-12 19:00:00,19,1620.0,
2025-06-12 20:00:00,20,1082.5,
2025-06-12 21:00:00,21,212.0,
2025-06-12 22:00:00,22,,
2025-06-12 23:00:00,23,,
2025-06-13 00:00:00,0,,
2025-06-13 01:00:00,1,,
2025-06-13 02:00:00,2,,
2025-06-13 03:00:00,3,,
2025-06-13 04:00:00,4,,
2025-06-13 05:00:00,5,,
2025-06-13 06:00:00,6,,
2025-06-13 07:00:00,7,,
2025-06-13 08:00:00,8,,
2025-06-13 09:00:00,9,,
2025-06-13 10:00:00,10,72.2,
2025-06-13 11:00:00,11,259.3,
2025-06-13 12:00:00,12,590.5,
2025-06-13 13:00:00,13,1657.3,
2025-06-13 14:00:00,14,2510.4,
2025-06-13 15:00:00,15,2385.1,
2025-06-13 16:00:00,16,2872.1,
2025-06-13 17:00:00,17,2300.6,
2025-06-13 18:00:00,18,2599.7,
2025-06-13 19:00:00,19,1836.6,
2025-06-13 20:00:00,20,1117.5,
2025-06-13 21:00:00,21,301.8,
2025-06-13 22:00:00,22,0.9,
2025-06-13 23:00:00,23,,
2025-06-14 00:00:00,0,,
2025-06-14 01:00:00,1,,
2025-06-14 02:00:00,2,,
2025-06-14 03:00:00,3,,
2025-06-14 04:00:00,4,,
2025-06-14 05:00:00,5,,
2025-06-14 06:00:00,6,,
2025-06-14 07:00:00,7,,
2025-06-14 08:00:00,8,,
2025-06-14 09:00:00,9,,
2025-06-14 10:00:00,10,65.3,
2025-06-14 11:00:00,11,447.7,
2025-06-14 12:00:00,12,516.9,
2025-06-14 13:00:00,13,1094.3,
2025-06-14 14:00:00,14,1655.2,
2025-06-14 15:00:00,15,2002.8,
2025-06-14 16:00:00,16,1336.0,
2025-06-14 17:00:00,17,1870.0,
2025-06-14 18:00:00,18,2700.4,
2025-06-14 19:00:00,19,1992.1,
2025-06-14 20:00:00,20,1123.3,
2025-06-14 21:00:00,21,335.8,
2025-06-14 22:00:00,22,3.3,
2025-06-14 23:00:00,23,,
2025-06-15 00:00:00,0,,
2025-06-15 01:00:00,1,,
2025-06-15 02:00:00,2,,
2025-06-15 03:00:00,3,,
2025-06-15 04:00:00,4,,
2025-06-15 05:00:00,5,,
2025-06-15 06:00:00,6,,
2025-06-15 07:00:00,7,,
2025-06-15 08:00:00,8,,
2025-06-15 09:00:00,9,,
2025-06-15 10:00:00,10,80.9,
2025-06-15 11:00:00,11,576.7,
2025-06-15 12:00:00,12,1455.7,
2025-06-15 13:00:00,13,1314.0,
2025-06-15 14:00:00,14,1651.6,
2025-06-15 15:00:00,15,3029.6,
2025-06-15 16:00:00,16,2624.0,
2025-06-15 17:00:00,17,2526.9,
2025-06-15 18:00:00,18,1973.2,
2025-06-15 19:00:00,19,737.3,
2025-06-15 20:00:00,20,444.2,
2025-06-15 21:00:00,21,81.2,
2025-06-15 22:00:00,22,1.3,
2025-06-15 23:00:00,23,,
2025-06-16 00:00:00,0,,
2025-06-16 01:00:00,1,,
2025-06-16 02:00:00,2,,
2025-06-16 03:00:00,3,,
2025-06-16 04:00:00,4,,
2025-06-16 05:00:00,5,,
2025-06-16 06:00:00,6,,
2025-06-16 07:00:00,7,,
2025-06-16 08:00:00,8,,
2025-06-16 09:00:00,9,,
2025-06-16 10:00:00,10,82.1,
2025-06-16 11:00:00,11,426.6,
2025-06-16 12:00:00,12,1526.8,
2025-06-16 13:00:00,13,1979.9,
2025-06-16 14:00:00,14,2668.7,
2025-06-16 15:00:00,15,2768.4,
2025-06-16 16:00:00,16,3205.5,
2025-06-16 17:00:00,17,1760.7,
2025-06-16 18:00:00,18,821.6,
2025-06-16 19:00:00,19,1118.6,
2025-06-16 20:00:00,20,1157.2,
2025-06-16 21:00:00,21,297.3,
2025-06-16 22:00:00,22,4.8,
2025-06-16 23:00:00,23,,
2025-06-17 00:00:00,0,,
2025-06-17 01:00:00,1,,
2025-06-17 02:00:00,2,,
2025-06-17 03:00:00,3,,
2025-06-17 04:00:00,4,,
2025-06-17 05:00:00,5,,
2025-06-17 06:00:00,6,,
2025-06-17 07:00:00,7,,
2025-06-17 08:00:00,8,,
2025-06-17 09:00:00,9,,
2025-06-17 10:00:00,10,123.2,
2025-06-17 11:00:00,11,744.5,
2025-06-17 12:00:00,12,1575.8,
2025-06-17 13:00:00,13,2285.0,
2025-06-17 14:00:00,14,2693.6,
2025-06-17 15:00:00,15,2610.1,
2025-06-17 16:00:00,16,2570.4,
2025-06-17 17:00:00,17,1492.4,
2025-06-17 18:00:00,18,2140.1,
2025-06-17 19:00:00,19,1215.6,
2025-06-17 20:00:00,20,733.1,
2025-06-17 21:00:00,21,349.8,
2025-06-17 22:00:00,22,5.2,
2025-06-17 23:00:00,23,,
2025-06-18 00:00:00,0,,
2025-06-18 01:00:00,1,,
2025-06-18 02:00:00,2,,
2025-06-18 03:00:00,3,,
2025-06-18 04:00:00,4,,
2025-06-18 05:00:00,5,,
2025-06-18 06:00:00,6,,
2025-06-18 07:00:00,7,,
2025-06-18 08:00:00,8,,
2025-06-18 09:00:00,9,,
2025-06-18 10:00:00,10,97.3,
2025-06-18 11:00:00,11,751.7,
2025-06-18 12:00:00,12,1556.2,
2025-06-18 13:00:00,13,1914.2,
2025-06-18 14:00:00,14,1877.0,
2025-06-18 15:00:00,15,2886.4,
2025-06-18 16:00:00,16,2876.3,
2025-06-18 17:00:00,17,2968.9,
2025-06-18 18:00:00,18,2297.1,
2025-06-18 19:00:00,19,1961.1,
2025-06-18 20:00:00,20,1028.5,
2025-06-18 21:00:00,21,290.5,
2025-06-18 22:00:00,22,3.4,
2025-06-18 23:00:00,23,,
2025-06-19 00:00:00,0,,
2025-06-19 01:00:00,1,,
2025-06-19 02:00:00,2,,
2025-06-19 03:00:00,3,,
2025-06-19 04:00:00,4,,
2025-06-19 05:00:00,5,,
2025-06-19 06:00:00,6,,
2025-06-19 07:00:00,7,,
2025-06-19 08:00:00,8,,
2025-06-19 09:00:00,9,,
2025-06-19 10:00:00,10,95.5,
2025-06-19 11:00:00,11,737.7,
2025-06-19 12:00:00,12,1551.3,
2025-06-19 13:00:00,13,2163.4,
2025-06-19 14:00:00,14,2743.7,
2025-06-19 15:00:00,15,2783.2,
2025-06-19 16:00:00,16,2205.6,
2025-06-19 17:00:00,17,1474.5,
2025-06-19 18:00:00,18,950.4,
2025-06-19 19:00:00,19,805.9,
2025-06-19 20:00:00,20,581.5,
2025-06-19 21:00:00,21,133.1,
2025-06-19 22:00:00,22,1.6,
2025-06-19 23:00:00,23,,
2025-06-20 00:00:00,0,,
2025-06-20 01:00:00,1,,
2025-06-20 02:00:00,2,,
2025-06-20 03:00:00,3,,
2025-06-20 04:00:00,4,,
2025-06-20 05:00:00,5,,
2025-06-20 06:00:00,6,,
2025-06-20 07:00:00,7,,
2025-06-20 08:00:00,8,,
2025-06-20 09:00:00,9,,
2025-06-20 10:00:00,10,48.6,
2025-06-20 11:00:00,11,629.3,
2025-06-20 12:00:00,12,1561.1,
2025-06-20 13:00:00,13,2301.0,
2025-06-20 14:00:00,14,2397.8,
2025-06-20 15:00:00,15,2119.2,
2025-06-20 16:00:00,16,3010.8,
2025-06-20 17:00:00,17,1679.0,
2025-06-20 18:00:00,18,,
2025-06-20 19:00:00,19,799.1,
2025-06-20 20:00:00,20,533.2,
2025-06-20 21:00:00,21,139.5,
2025-06-20 22:00:00,22,1.4,
2025-06-20 23:00:00,23,,
2025-06-21 00:00:00,0,,
2025-06-21 01:00:00,1,,
2025-06-21 02:00:00,2,,
2025-06-21 03:00:00,3,,
2025-06-21 04:00:00,4,,
2025-06-21 05:00:00,5,,
2025-06-21 06:00:00,6,,
2025-06-21 07:00:00,7,,
2025-06-21 08:00:00,8,,
2025-06-21 09:00:00,9,,
2025-06-21 10:00:00,10,88.1,
2025-06-21 11:00:00,11,738.8,
2025-06-21 12:00:00,12,1516.9,
2025-06-21 13:00:00,13,2217.5,
2025-06-21 14:00:00,14,3012.9,
2025-06-21 15:00:00,15,2276.5,
2025-06-21 16:00:00,16,1496.8,
2025-06-21 17:00:00,17,879.2,
2025-06-21 18:00:00,18,1537.8,
2025-06-21 19:00:00,19,1395.5,
2025-06-21 20:00:00,20,1137.8,
2025-06-21 21:00:00,21,195.8,
2025-06-21 22:00:00,22,6.1,
2025-06-21 23:00:00,23,,
2025-06-22 00:00:00,0,,
2025-06-22 01:00:00,1,,
2025-06-22 02:00:00,2,,
2025-06-22 03:00:00,3,,
2025-06-22 04:00:00,4,,
2025-06-22 05:00:00,5,,
2025-06-22 06:00:00,6,,
2025-06-22 07:00:00,7,,
2025-06-22 08:00:00,8,,
2025-06-22 09:00:00,9,,
2025-06-22 10:00:00,10,31.8,
2025-06-22 11:00:00,11,456.3,
2025-06-22 12:00:00,12,1253.5,
2025-06-22 13:00:00,13,1425.4,
2025-06-22 14:00:00,14,1791.3,
2025-06-22 15:00:00,15,1552.6,
2025-06-22 16:00:00,16,1680.6,
2025-06-22 17:00:00,17,1710.4,
2025-06-22 18:00:00,18,2104.1,
2025-06-22 19:00:00,19,1888.2,
2025-06-22 20:00:00,20,698.6,
2025-06-22 21:00:00,21,250.1,
2025-06-22 22:00:00,22,2.5,
2025-06-22 23:00:00,23,,
2025-06-23 00:00:00,0,,
2025-06-23 01:00:00,1,,
2025-06-23 02:00:00,2,,
2025-06-23 03:00:00,3,,
2025-06-23 04:00:00,4,,
2025-06-23 05:00:00,5,,
2025-06-23 06:00:00,6,,
2025-06-23 07:00:00,7,,
2025-06-23 08:00:00,8,,
2025-06-23 09:00:00,9,,
2025-06-23 10:00:00,10,91.0,
2025-06-23 11:00:00,11,671.9,
2025-06-23 12:00:00,12,1504.0,
2025-06-23 13:00:00,13,2202.8,
2025-06-23 14:00:00,14,2285.5,
2025-06-23 15:00:00,15,2675.3,
2025-06-23 16:00:00,16,3000.3,
2025-06-23 17:00:00,17,2355.2,
2025-06-23 18:00:00,18,1976.1,
2025-06-23 19:00:00,19,1609.8,
2025-06-23 20:00:00,20,759.0,
2025-06-23 21:00:00,21,277.9,
2025-06-23 22:00:00,22,0.0,
2025-06-23 23:00:00,23,,
2025-06-24 00:00:00,0,,
2025-06-24 01:00:00,1,,
2025-06-24 02:00:00,2,,
2025-06-24 03:00:00,3,,
2025-06-24 04:00:00,4,,
2025-06-24 05:00:00,5,,
2025-06-24 06:00:00,6,,
2025-06-24 07:00:00,7,,
2025-06-24 08:00:00,8,,
2025-06-24 09:00:00,9,,
2025-06-24 10:00:00,10,54.1,
2025-06-24 11:00:00,11,388.7,
2025-06-24 12:00:00,12,971.4,
2025-06-24 13:00:00,13,1121.7,
2025-06-24 14:00:00,14,1621.6,
2025-06-24 15:00:00,15,2558.5,
2025-06-24 16:00:00,16,2784.4,
2025-06-24 17:00:00,17,3005.2,
2025-06-24 18:00:00,18,2608.5,
2025-06-24 19:00:00,19,1744.0,
2025-06-24 20:00:00,20,1126.1,
2025-06-24 21:00:00,21,297.3,
2025-06-24 22:00:00,22,2.7,
2025-06-24 23:00:00,23,,
2025-06-25 00:00:00,0,,
2025-06-25 01:00:00,1,,
2025-06-25 02:00:00,2,,
2025-06-25 03:00:00,3,,
2025-06-25 04:00:00,4,,
2025-06-25 05:00:00,5,,
2025-06-25 06:00:00,6,,
2025-06-25 07:00:00,7,,
2025-06-25 08:00:00,8,,
2025-06-25 09:00:00,9,,
2025-06-25 10:00:00,10,86.6,
2025-06-25 11:00:00,11,718.5,
2025-06-25 12:00:00,12,1527.3,
2025-06-25 13:00:00,13,2289.4,
2025-06-25 14:00:00,14,2102.3,
2025-06-25 15:00:00,15,2099.6,
2025-06-25 16:00:00,16,2378.9,
2025-06-25 17:00:00,17,2913.5,
2025-06-25 18:00:00,18,2483.7,
2025-06-25 19:00:00,19,1959.4,
2025-06-25 20:00:00,20,1154.8,
2025-06-25 21:00:00,21,329.4,
2025-06-25 22:00:00,22,4.8,
2025-06-25 23:00:00,23,,
2025-06-26 00:00:00,0,,
2025-06-26 01:00:00,1,,
2025-06-26 02:00:00,2,,
2025-06-26 03:00:00,3,,
2025-06-26 04:00:00,4,,
2025-06-26 05:00:00,5,,
2025-06-26 06:00:00,6,,
2025-06-26 07:00:00,7,,
2025-06-26 08:00:00,8,,
2025-06-26 09:00:00,9,,
2025-06-26 10:00:00,10,32.9,
2025-06-26 11:00:00,11,672.1,
2025-06-26 12:00:00,12,1550.8,
2025-06-26 13:00:00,13,2230.3,
2025-06-26 14:00:00,14,2875.0,
2025-06-26 15:00:00,15,2543.7,
2025-06-26 16:00:00,16,3080.4,
2025-06-26 17:00:00,17,2633.8,
2025-06-26 18:00:00,18,2527.3,
2025-06-26 19:00:00,19,2060.0,
2025-06-26 20:00:00,20,1181.5,
2025-06-26 21:00:00,21,318.0,
2025-06-26 22:00:00,22,2.8,
2025-06-26 23:00:00,23,,
2025-06-27 00:00:00,0,,
2025-06-27 01:00:00,1,,
2025-06-27 02:00:00,2,,
2025-06-27 03:00:00,3,,
2025-06-27 04:00:00,4,,
2025-06-27 05:00:00,5,,
2025-06-27 06:00:00,6,,
2025-06-27 07:00:00,7,,
2025-06-27 08:00:00,8,,
2025-06-27 09:00:00,9,,
2025-06-27 10:00:00,10,81.0,
2025-06-27 11:00:00,11,703.7,
2025-06-27 12:00:00,12,1523.8,
2025-06-27 13:00:00,13,2296.6,
2025-06-27 14:00:00,14,2778.8,
2025-06-27 15:00:00,15,2611.4,
2025-06-27 16:00:00,16,2115.8,
2025-06-27 17:00:00,17,2025.6,
2025-06-27 18:00:00,18,2539.3,
2025-06-27 19:00:00,19,1123.0,
2025-06-27 20:00:00,20,982.8,
2025-06-27 21:00:00,21,175.3,
2025-06-27 22:00:00,22,2.8,
2025-06-27 23:00:00,23,,
2025-06-28 00:00:00,0,,
2025-06-28 01:00:00,1,,
2025-06-28 02:00:00,2,,
2025-06-28 03:00:00,3,,
2025-06-28 04:00:00,4,,
2025-06-28 05:00:00,5,,
2025-06-28 06:00:00,6,,
2025-06-28 07:00:00,7,,
2025-06-28 08:00:00,8,,
2025-06-28 09:00:00,9,,
2025-06-28 10:00:00,10,48.5,
2025-06-28 11:00:00,11,544.6,
2025-06-28 12:00:00,12,1429.5,
2025-06-28 13:00:00,13,2228.8,
2025-06-28 14:00:00,14,2792.5,
2025-06-28 15:00:00,15,2198.2,
2025-06-28 16:00:00,16,2459.8,
2025-06-28 17:00:00,17,2022.7,
2025-06-28 18:00:00,18,2214.5,
2025-06-28 19:00:00,19,1285.4,
2025-06-28 20:00:00,20,494.7,
2025-06-28 21:00:00,21,239.8,
2025-06-28 22:00:00,22,5.4,
2025-06-28 23:00:00,23,,
2025-06-29 00:00:00,0,,
2025-06-29 01:00:00,1,,
2025-06-29 02:00:00,2,,
2025-06-29 03:00:00,3,,
2025-06-29 04:00:00,4,,
2025-06-29 05:00:00,5,,
2025-06-29 06:00:00,6,,
2025-06-29 07:00:00,7,,
2025-06-29 08:00:00,8,,
2025-06-29 09:00:00,9,,
2025-06-29 10:00:00,10,94.8,
2025-06-29 11:00:00,11,772.3,
2025-06-29 12:00:00,12,1592.5,
2025-06-29 13:00:00,13,2297.2,
2025-06-29 14:00:00,14,2224.7,
2025-06-29 15:00:00,15,1547.5,
2025-06-29 16:00:00,16,1244.5,
2025-06-29 17:00:00,17,985.1,
2025-06-29 18:00:00,18,1899.2,
2025-06-29 19:00:00,19,1465.7,
2025-06-29 20:00:00,20,620.2,
2025-06-29 21:00:00,21,410.2,
2025-06-29 22:00:00,22,5.2,
2025-06-29 23:00:00,23,,
2025-06-30 00:00:00,0,,
2025-06-30 01:00:00,1,,
2025-06-30 02:00:00,2,,
2025-06-30 03:00:00,3,,
2025-06-30 04:00:00,4,,
2025-06-30 05:00:00,5,,
2025-06-30 06:00:00,6,,
2025-06-30 07:00:00,7,,
2025-06-30 08:00:00,8,,
2025-06-30 09:00:00,9,,
2025-06-30 10:00:00,10,79.6,
2025-06-30 11:00:00,11,755.8,
2025-06-30 12:00:00,12,1155.8,
2025-06-30 13:00:00,13,1712.0,
2025-06-30 14:00:00,14,2121.7,
2025-06-30 15:00:00,15,2448.0,
2025-06-30 16:00:00,16,2911.1,
2025-06-30 17:00:00,17,1953.4,
2025-06-30 18:00:00,18,1960.2,
2025-06-30 19:00:00,19,1339.3,
2025-06-30 20:00:00,20,1230.0,
2025-06-30 21:00:00,21,333.4,
2025-06-30 22:00:00,22,2.7,
2025-06-30 23:00:00,23,,
2025-07-01 00:00:00,0,,
2025-07-01 01:00:00,1,,
2025-07-01 02:00:00,2,,
2025-07-01 03:00:00,3,,
2025-07-01 04:00:00,4,,
2025-07-01 05:00:00,5,,
2025-07-01 06:00:00,6,,
2025-07-01 07:00:00,7,,
2025-07-01 08:00:00,8,,
2025-07-01 09:00:00,9,,
2025-07-01 10:00:00,10,70.0,
2025-07-01 11:00:00,11,702.2,
2025-07-01 12:00:00,12,1539.8,
2025-07-01 13:00:00,13,2279.8,
2025-07-01 14:00:00,14,2882.7,
2025-07-01 15:00:00,15,1730.5,
2025-07-01 16:00:00,16,1481.8,
2025-07-01 17:00:00,17,1898.2,
2025-07-01 18:00:00,18,1283.4,
2025-07-01 19:00:00,19,1419.7,
2025-07-01 20:00:00,20,888.6,
2025-07-01 21:00:00,21,234.9,
2025-07-01 22:00:00,22,10.5,
2025-07-01 23:00:00,23,,
2025-07-02 00:00:00,0,,
2025-07-02 01:00:00,1,,
2025-07-02 02:00:00,2,,
2025-07-02 03:00:00,3,,
2025-07-02 04:00:00,4,,
2025-07-02 05:00:00,5,,
2025-07-02 06:00:00,6,,
2025-07-02 07:00:00,7,,
2025-07-02 08:00:00,8,,
2025-07-02 09:00:00,9,,
2025-07-02 10:00:00,10,28.3,
2025-07-02 11:00:00,11,662.0,
2025-07-02 12:00:00,12,956.2,
2025-07-02 13:00:00,13,1509.7,
2025-07-02 14:00:00,14,1997.0,
2025-07-02 15:00:00,15,1809.9,
2025-07-02 16:00:00,16,2491.7,
2025-07-02 17:00:00,17,1656.3,
2025-07-02 18:00:00,18,1207.4,
2025-07-02 19:00:00,19,815.5,
2025-07-02 20:00:00,20,609.4,
2025-07-02 21:00:00,21,216.6,
2025-07-02 22:00:00,22,4.3,
2025-07-02 23:00:00,23,,
2025-07-03 00:00:00,0,,
2025-07-03 01:00:00,1,,
2025-07-03 02:00:00,2,,
2025-07-03 03:00:00,3,,
2025-07-03 04:00:00,4,,
2025-07-03 05:00:00,5,,
2025-07-03 06:00:00,6,,
2025-07-03 07:00:00,7,,
2025-07-03 08:00:00,8,,
2025-07-03 09:00:00,9,,
2025-07-03 10:00:00,10,98.6,
2025-07-03 11:00:00,11,726.3,
2025-07-03 12:00:00,12,1542.8,
2025-07-03 13:00:00,13,2261.5,
2025-07-03 14:00:00,14,2825.7,
2025-07-03 15:00:00,15,3153.7,
2025-07-03 16:00:00,16,3227.8,
2025-07-03 17:00:00,17,3059.6,
2025-07-03 18:00:00,18,2694.1,
2025-07-03 19:00:00,19,2038.9,
2025-07-03 20:00:00,20,1247.3,
2025-07-03 21:00:00,21,340.1,
2025-07-03 22:00:00,22,3.9,
2025-07-03 23:00:00,23,,
2025-07-04 00:00:00,0,,
2025-07-04 01:00:00,1,,
2025-07-04 02:00:00,2,,
2025-07-04 03:00:00,3,,
2025-07-04 04:00:00,4,,
2025-07-04 05:00:00,5,,
2025-07-04 06:00:00,6,,
2025-07-04 07:00:00,7,,
2025-07-04 08:00:00,8,,
2025-07-04 09:00:00,9,,
2025-07-04 10:00:00,10,96.7,
2025-07-04 11:00:00,11,714.4,
2025-07-04 12:00:00,12,1505.4,
2025-07-04 13:00:00,13,2236.8,
2025-07-04 14:00:00,14,2815.3,
2025-07-04 15:00:00,15,3185.4,
2025-07-04 16:00:00,16,3196.4,
2025-07-04 17:00:00,17,2954.1,
2025-07-04 18:00:00,18,2653.2,
2025-07-04 19:00:00,19,2082.7,
2025-07-04 20:00:00,20,1286.9,
2025-07-04 21:00:00,21,361.1,
2025-07-04 22:00:00,22,5.9,
2025-07-04 23:00:00,23,,
2025-07-05 00:00:00,0,,
2025-07-05 01:00:00,1,,
2025-07-05 02:00:00,2,,
2025-07-05 03:00:00,3,,
2025-07-05 04:00:00,4,,
2025-07-05 05:00:00,5,,
2025-07-05 06:00:00,6,,
2025-07-05 07:00:00,7,,
2025-07-05 08:00:00,8,,
2025-07-05 09:00:00,9,,
2025-07-05 10:00:00,10,45.2,
2025-07-05 11:00:00,11,433.1,
2025-07-05 12:00:00,12,1328.0,
2025-07-05 13:00:00,13,2253.3,
2025-07-05 14:00:00,14,2835.5,
2025-07-05 15:00:00,15,2926.9,
2025-07-05 16:00:00,16,2907.5,
2025-07-05 17:00:00,17,3150.0,
2025-07-05 18:00:00,18,2669.9,
2025-07-05 19:00:00,19,2039.9,
2025-07-05 20:00:00,20,1261.0,
2025-07-05 21:00:00,21,368.4,
2025-07-05 22:00:00,22,6.3,
2025-07-05 23:00:00,23,,
2025-07-06 00:00:00,0,,
2025-07-06 01:00:00,1,,
2025-07-06 02:00:00,2,,
2025-07-06 03:00:00,3,,
2025-07-06 04:00:00,4,,
2025-07-06 05:00:00,5,,
2025-07-06 06:00:00,6,,
2025-07-06 07:00:00,7,,
2025-07-06 08:00:00,8,,
2025-07-06 09:00:00,9,,
2025-07-06 10:00:00,10,73.0,
2025-07-06 11:00:00,11,698.8,
2025-07-06 12:00:00,12,1516.2,
2025-07-06 13:00:00,13,2260.2,
2025-07-06 14:00:00,14,2837.7,
2025-07-06 15:00:00,15,3166.2,
2025-07-06 16:00:00,16,3272.2,
2025-07-06 17:00:00,17,3025.7,
2025-07-06 18:00:00,18,2708.2,
2025-07-06 19:00:00,19,2110.2,
2025-07-06 20:00:00,20,1289.0,
2025-07-06 21:00:00,21,380.4,
2025-07-06 22:00:00,22,5.2,
2025-07-06 23:00:00,23,,
2025-07-07 00:00:00,0,,
2025-07-07 01:00:00,1,,
2025-07-07 02:00:00,2,,
2025-07-07 03:00:00,3,,
2025-07-07 04:00:00,4,,
2025-07-07 05:00:00,5,,
2025-07-07 06:00:00,6,,
2025-07-07 07:00:00,7,,
2025-07-07 08:00:00,8,,
2025-07-07 09:00:00,9,,
2025-07-07 10:00:00,10,21.6,
2025-07-07 11:00:00,11,67.6,
2025-07-07 12:00:00,12,530.0,
2025-07-07 13:00:00,13,1962.0,
2025-07-07 14:00:00,14,2412.0,
2025-07-07 15:00:00,15,1351.5,
2025-07-07 16:00:00,16,3158.7,
2025-07-07 17:00:00,17,2592.8,
2025-07-07 18:00:00,18,2372.3,
2025-07-07 19:00:00,19,1455.3,
2025-07-07 20:00:00,20,919.1,
2025-07-07 21:00:00,21,276.0,
2025-07-07 22:00:00,22,1.3,
2025-07-07 23:00:00,23,,
2025-07-08 00:00:00,0,,
2025-07-08 01:00:00,1,,
2025-07-08 02:00:00,2,,
2025-07-08 03:00:00,3,,
2025-07-08 04:00:00,4,,
2025-07-08 05:00:00,5,,
2025-07-08 06:00:00,6,,
2025-07-08 07:00:00,7,,
2025-07-08 08:00:00,8,,
2025-07-08 09:00:00,9,,
2025-07-08 10:00:00,10,70.1,
2025-07-08 11:00:00,11,695.6,
2025-07-08 12:00:00,12,1516.1,
2025-07-08 13:00:00,13,2233.8,
2025-07-08 14:00:00,14,2789.9,
2025-07-08 15:00:00,15,3128.5,
2025-07-08 16:00:00,16,2872.3,
2025-07-08 17:00:00,17,2360.9,
2025-07-08 18:00:00,18,1654.6,
2025-07-08 19:00:00,19,1319.7,
2025-07-08 20:00:00,20,931.0,
2025-07-08 21:00:00,21,194.9,
2025-07-08 22:00:00,22,2.5,
2025-07-08 23:00:00,23,,
2025-07-09 00:00:00,0,,
2025-07-09 01:00:00,1,,
2025-07-09 02:00:00,2,,
2025-07-09 03:00:00,3,,
2025-07-09 04:00:00,4,,
2025-07-09 05:00:00,5,,
2025-07-09 06:00:00,6,,
2025-07-09 07:00:00,7,,
2025-07-09 08:00:00,8,,
2025-07-09 09:00:00,9,,
2025-07-09 10:00:00,10,78.3,
2025-07-09 11:00:00,11,730.3,
2025-07-09 12:00:00,12,1532.2,
2025-07-09 13:00:00,13,2259.0,
2025-07-09 14:00:00,14,2806.6,
2025-07-09 15:00:00,15,3110.4,
2025-07-09 16:00:00,16,2956.3,
2025-07-09 17:00:00,17,3090.9,
2025-07-09 18:00:00,18,2529.9,
2025-07-09 19:00:00,19,1775.8,
2025-07-09 20:00:00,20,1320.6,
2025-07-09 21:00:00,21,285.7,
2025-07-09 22:00:00,22,11.5,
2025-07-09 23:00:00,23,,
2025-07-10 00:00:00,0,,
2025-07-10 01:00:00,1,,
2025-07-10 02:00:00,2,,
2025-07-10 03:00:00,3,,
2025-07-10 04:00:00,4,,
2025-07-10 05:00:00,5,,
2025-07-10 06:00:00,6,,
2025-07-10 07:00:00,7,,
2025-07-10 08:00:00,8,,
2025-07-10 09:00:00,9,,
2025-07-10 10:00:00,10,73.3,
2025-07-10 11:00:00,11,692.0,
2025-07-10 12:00:00,12,1497.8,
2025-07-10 13:00:00,13,2219.2,
2025-07-10 14:00:00,14,2801.7,
2025-07-10 15:00:00,15,3120.7,
2025-07-10 16:00:00,16,2765.3,
2025-07-10 17:00:00,17,1818.3,
2025-07-10 18:00:00,18,1348.2,
2025-07-10 19:00:00,19,868.0,
2025-07-10 20:00:00,20,474.4,
2025-07-10 21:00:00,21,224.2,
2025-07-10 22:00:00,22,8.8,
2025-07-10 23:00:00,23,,
2025-07-11 00:00:00,0,,
2025-07-11 01:00:00,1,,
2025-07-11 02:00:00,2,,
2025-07-11 03:00:00,3,,
2025-07-11 04:00:00,4,,
2025-07-11 05:00:00,5,,
2025-07-11 06:00:00,6,,
2025-07-11 07:00:00,7,,
2025-07-11 08:00:00,8,,
2025-07-11 09:00:00,9,,
2025-07-11 10:00:00,10,77.2,
2025-07-11 11:00:00,11,390.0,
2025-07-11 12:00:00,12,1539.0,
2025-07-11 13:00:00,13,2226.4,
2025-07-11 14:00:00,14,2807.1,
2025-07-11 15:00:00,15,3143.7,
2025-07-11 16:00:00,16,2891.7,
2025-07-11 17:00:00,17,2919.4,
2025-07-11 18:00:00,18,2526.1,
2025-07-11 19:00:00,19,1684.2,
2025-07-11 20:00:00,20,1268.4,
2025-07-11 21:00:00,21,454.2,
2025-07-11 22:00:00,22,11.9,
2025-07-11 23:00:00,23,,
2025-07-12 00:00:00,0,,
2025-07-12 01:00:00,1,,
2025-07-12 02:00:00,2,,
2025-07-12 03:00:00,3,,
2025-07-12 04:00:00,4,,
2025-07-12 05:00:00,5,,
2025-07-12 06:00:00,6,,
2025-07-12 07:00:00,7,,
2025-07-12 08:00:00,8,,
2025-07-12 09:00:00,9,,
2025-07-12 10:00:00,10,73.7,
2025-07-12 11:00:00,11,676.1,
2025-07-12 12:00:00,12,1535.5,
2025-07-12 13:00:00,13,2319.4,
2025-07-12 14:00:00,14,2877.8,
2025-07-12 15:00:00,15,3197.5,
2025-07-12 16:00:00,16,3263.0,
2025-07-12 17:00:00,17,3103.8,
2025-07-12 18:00:00,18,2557.1,
2025-07-12 19:00:00,19,2131.0,
2025-07-12 20:00:00,20,1329.2,
2025-07-12 21:00:00,21,421.0,
2025-07-12 22:00:00,22,6.3,
2025-07-12 23:00:00,23,,
2025-07-13 00:00:00,0,,
2025-07-13 01:00:00,1,,
2025-07-13 02:00:00,2,,
2025-07-13 03:00:00,3,,
2025-07-13 04:00:00,4,,
2025-07-13 05:00:00,5,,
2025-07-13 06:00:00,6,,
2025-07-13 07:00:00,7,,
2025-07-13 08:00:00,8,,
2025-07-13 09:00:00,9,,
2025-07-13 10:00:00,10,73.3,
2025-07-13 11:00:00,11,681.1,
2025-07-13 12:00:00,12,1541.7,
2025-07-13 13:00:00,13,2331.1,
2025-07-13 14:00:00,14,2878.2,
2025-07-13 15:00:00,15,3205.6,
2025-07-13 16:00:00,16,3270.9,
2025-07-13 17:00:00,17,3108.7,
2025-07-13 18:00:00,18,2722.0,
2025-07-13 19:00:00,19,2110.4,
2025-07-13 20:00:00,20,1317.9,
2025-07-13 21:00:00,21,424.4,
2025-07-13 22:00:00,22,6.8,
2025-07-13 23:00:00,23,,
2025-07-14 00:00:00,0,,
2025-07-14 01:00:00,1,,
2025-07-14 02:00:00,2,,
2025-07-14 03:00:00,3,,
2025-07-14 04:00:00,4,,
2025-07-14 05:00:00,5,,
2025-07-14 06:00:00,6,,
2025-07-14 07:00:00,7,,
2025-07-14 08:00:00,8,,
2025-07-14 09:00:00,9,,
2025-07-14 10:00:00,10,74.5,
2025-07-14 11:00:00,11,675.8,
2025-07-14 12:00:00,12,1530.4,
2025-07-14 13:00:00,13,2314.6,
2025-07-14 14:00:00,14,2896.0,
2025-07-14 15:00:00,15,2803.9,
2025-07-14 16:00:00,16,3054.3,
2025-07-14 17:00:00,17,3089.3,
2025-07-14 18:00:00,18,2636.0,
2025-07-14 19:00:00,19,2128.6,
2025-07-14 20:00:00,20,1321.1,
2025-07-14 21:00:00,21,423.6,
2025-07-14 22:00:00,22,8.2,
2025-07-14 23:00:00,23,,
2025-07-15 00:00:00,0,,
2025-07-15 01:00:00,1,,
2025-07-15 02:00:00,2,,
2025-07-15 03:00:00,3,,
2025-07-15 04:00:00,4,,
2025-07-15 05:00:00,5,,
2025-07-15 06:00:00,6,,
2025-07-15 07:00:00,7,,
2025-07-15 08:00:00,8,,
2025-07-15 09:00:00,9,,
2025-07-15 10:00:00,10,72.5,
2025-07-15 11:00:00,11,606.5,
2025-07-15 12:00:00,12,1500.6,
2025-07-15 13:00:00,13,2291.3,
2025-07-15 14:00:00,14,2853.6,
2025-07-15 15:00:00,15,3170.9,
2025-07-15 16:00:00,16,3224.5,
2025-07-15 17:00:00,17,3103.3,
2025-07-15 18:00:00,18,2707.7,
2025-07-15 19:00:00,19,1952.6,
2025-07-15 20:00:00,20,1343.5,
2025-07-15 21:00:00,21,424.9,
2025-07-15 22:00:00,22,10.8,
2025-07-15 23:00:00,23,,
2025-07-16 00:00:00,0,,
2025-07-16 01:00:00,1,,
2025-07-16 02:00:00,2,,
2025-07-16 03:00:00,3,,
2025-07-16 04:00:00,4,,
2025-07-16 05:00:00,5,,
2025-07-16 06:00:00,6,,
2025-07-16 07:00:00,7,,
2025-07-16 08:00:00,8,,
2025-07-16 09:00:00,9,,
2025-07-16 10:00:00,10,30.5,
2025-07-16 11:00:00,11,272.1,
2025-07-16 12:00:00,12,1160.4,
2025-07-16 13:00:00,13,2281.4,
2025-07-16 14:00:00,14,2854.4,
2025-07-16 15:00:00,15,3182.1,
2025-07-16 16:00:00,16,3237.1,
2025-07-16 17:00:00,17,3059.4,
2025-07-16 18:00:00,18,2676.7,
2025-07-16 19:00:00,19,2098.6,
2025-07-16 20:00:00,20,1334.0,
2025-07-16 21:00:00,21,424.8,
2025-07-16 22:00:00,22,8.5,
2025-07-16 23:00:00,23,,
2025-07-17 00:00:00,0,,
2025-07-17 01:00:00,1,,
2025-07-17 02:00:00,2,,
2025-07-17 03:00:00,3,,
2025-07-17 04:00:00,4,,
2025-07-17 05:00:00,5,,
2025-07-17 06:00:00,6,,
2025-07-17 07:00:00,7,,
2025-07-17 08:00:00,8,,
2025-07-17 09:00:00,9,,
2025-07-17 10:00:00,10,64.4,
2025-07-17 11:00:00,11,652.6,
2025-07-17 12:00:00,12,1519.4,
2025-07-17 13:00:00,13,2311.2,
2025-07-17 14:00:00,14,2873.7,
2025-07-17 15:00:00,15,3193.6,
2025-07-17 16:00:00,16,3261.9,
2025-07-17 17:00:00,17,3094.1,
2025-07-17 18:00:00,18,2722.0,
2025-07-17 19:00:00,19,2138.0,
2025-07-17 20:00:00,20,1325.3,
2025-07-17 21:00:00,21,437.0,
2025-07-17 22:00:00,22,6.7,
2025-07-17 23:00:00,23,,
2025-07-18 00:00:00,0,,
2025-07-18 01:00:00,1,,
2025-07-18 02:00:00,2,,
2025-07-18 03:00:00,3,,
2025-07-18 04:00:00,4,,
2025-07-18 05:00:00,5,,
2025-07-18 06:00:00,6,,
2025-07-18 07:00:00,7,,
2025-07-18 08:00:00,8,,
2025-07-18 09:00:00,9,,
2025-07-18 10:00:00,10,31.1,
2025-07-18 11:00:00,11,341.9,
2025-07-18 12:00:00,12,1333.4,
2025-07-18 13:00:00,13,2300.3,
2025-07-18 14:00:00,14,2845.8,
2025-07-18 15:00:00,15,3165.0,
2025-07-18 16:00:00,16,2220.8,
2025-07-18 17:00:00,17,1765.0,
2025-07-18 18:00:00,18,1892.9,
2025-07-18 19:00:00,19,1371.9,
2025-07-18 20:00:00,20,1279.1,
2025-07-18 21:00:00,21,416.7,
2025-07-18 22:00:00,22,8.5,
2025-07-18 23:00:00,23,,
2025-07-19 00:00:00,0,,
2025-07-19 01:00:00,1,,
2025-07-19 02:00:00,2,,
2025-07-19 03:00:00,3,,
2025-07-19 04:00:00,4,,
2025-07-19 05:00:00,5,,
2025-07-19 06:00:00,6,,
2025-07-19 07:00:00,7,,
2025-07-19 08:00:00,8,,
2025-07-19 09:00:00,9,,
2025-07-19 10:00:00,10,39.7,
2025-07-19 11:00:00,11,571.4,
2025-07-19 12:00:00,12,1484.7,
2025-07-19 13:00:00,13,2284.7,
2025-07-19 14:00:00,14,2104.5,
2025-07-19 15:00:00,15,3147.6,
2025-07-19 16:00:00,16,3074.6,
2025-07-19 17:00:00,17,3065.9,
2025-07-19 18:00:00,18,2213.7,
2025-07-19 19:00:00,19,2064.1,
2025-07-19 20:00:00,20,1245.0,
2025-07-19 21:00:00,21,387.2,
2025-07-19 22:00:00,22,9.1,
2025-07-19 23:00:00,23,,
2025-07-20 00:00:00,0,,
2025-07-20 01:00:00,1,,
2025-07-20 02:00:00,2,,
2025-07-20 03:00:00,3,,
2025-07-20 04:00:00,4,,
2025-07-20 05:00:00,5,,
2025-07-20 06:00:00,6,,
2025-07-20 07:00:00,7,,
2025-07-20 08:00:00,8,,
2025-07-20 09:00:00,9,,
2025-07-20 10:00:00,10,24.9,
2025-07-20 11:00:00,11,670.8,
2025-07-20 12:00:00,12,1505.2,
2025-07-20 13:00:00,13,2278.5,
2025-07-20 14:00:00,14,2887.3,
2025-07-20 15:00:00,15,2673.8,
2025-07-20 16:00:00,16,2010.7,
2025-07-20 17:00:00,17,2529.8,
2025-07-20 18:00:00,18,2051.7,
2025-07-20 19:00:00,19,2071.1,
2025-07-20 20:00:00,20,1283.3,
2025-07-20 21:00:00,21,141.3,
2025-07-20 22:00:00,22,8.4,
2025-07-20 23:00:00,23,,
2025-07-21 00:00:00,0,,
2025-07-21 01:00:00,1,,
2025-07-21 02:00:00,2,,
2025-07-21 03:00:00,3,,
2025-07-21 04:00:00,4,,
2025-07-21 05:00:00,5,,
2025-07-21 06:00:00,6,,
2025-07-21 07:00:00,7,,
2025-07-21 08:00:00,8,,
2025-07-21 09:00:00,9,,
2025-07-21 10:00:00,10,37.2,
2025-07-21 11:00:00,11,671.3,
2025-07-21 12:00:00,12,1437.2,
2025-07-21 13:00:00,13,1843.3,
2025-07-21 14:00:00,14,2824.0,
2025-07-21 15:00:00,15,3062.9,
2025-07-21 16:00:00,16,3111.8,
2025-07-21 17:00:00,17,2761.6,
2025-07-21 18:00:00,18,2462.7,
2025-07-21 19:00:00,19,2204.9,
2025-07-21 20:00:00,20,1342.4,
2025-07-21 21:00:00,21,497.2,
2025-07-21 22:00:00,22,22.0,
2025-07-21 23:00:00,23,,
2025-07-22 00:00:00,0,,
2025-07-22 01:00:00,1,,
2025-07-22 02:00:00,2,,
2025-07-22 03:00:00,3,,
2025-07-22 04:00:00,4,,
2025-07-22 05:00:00,5,,
2025-07-22 06:00:00,6,,
2025-07-22 07:00:00,7,,
2025-07-22 08:00:00,8,,
2025-07-22 09:00:00,9,,
2025-07-22 10:00:00,10,39.9,
2025-07-22 11:00:00,11,686.2,
2025-07-22 12:00:00,12,1533.2,
2025-07-22 13:00:00,13,2341.0,
2025-07-22 14:00:00,14,2824.2,
2025-07-22 15:00:00,15,3090.5,
2025-07-22 16:00:00,16,3063.3,
2025-07-22 17:00:00,17,3237.7,
2025-07-22 18:00:00,18,2740.4,
2025-07-22 19:00:00,19,2050.9,
2025-07-22 20:00:00,20,1324.3,
2025-07-22 21:00:00,21,432.5,
2025-07-22 22:00:00,22,8.5,
2025-07-22 23:00:00,23,,
2025-07-23 00:00:00,0,,
2025-07-23 01:00:00,1,,
2025-07-23 02:00:00,2,,
2025-07-23 03:00:00,3,,
2025-07-23 04:00:00,4,,
2025-07-23 05:00:00,5,,
2025-07-23 06:00:00,6,,
2025-07-23 07:00:00,7,,
2025-07-23 08:00:00,8,,
2025-07-23 09:00:00,9,,
2025-07-23 10:00:00,10,28.1,
2025-07-23 11:00:00,11,680.0,
2025-07-23 12:00:00,12,1532.5,
2025-07-23 13:00:00,13,2310.7,
2025-07-23 14:00:00,14,2898.0,
2025-07-23 15:00:00,15,3209.8,
2025-07-23 16:00:00,16,3422.1,
2025-07-23 17:00:00,17,2803.1,
2025-07-23 18:00:00,18,2344.4,
2025-07-23 19:00:00,19,1751.3,
2025-07-23 20:00:00,20,1219.8,
2025-07-23 21:00:00,21,216.5,
2025-07-23 22:00:00,22,9.8,
2025-07-23 23:00:00,23,,
2025-07-24 00:00:00,0,,
2025-07-24 01:00:00,1,,
2025-07-24 02:00:00,2,,
2025-07-24 03:00:00,3,,
2025-07-24 04:00:00,4,,
2025-07-24 05:00:00,5,,
2025-07-24 06:00:00,6,,
2025-07-24 07:00:00,7,,
2025-07-24 08:00:00,8,,
2025-07-24 09:00:00,9,,
2025-07-24 10:00:00,10,,
2025-07-24 11:00:00,11,650.1,
2025-07-24 12:00:00,12,1505.5,
2025-07-24 13:00:00,13,2150.0,
2025-07-24 14:00:00,14,2852.0,
2025-07-24 15:00:00,15,3207.2,
2025-07-24 16:00:00,16,3195.8,
2025-07-24 17:00:00,17,3012.1,
2025-07-24 18:00:00,18,2173.3,
2025-07-24 19:00:00,19,2110.1,
2025-07-24 20:00:00,20,1344.9,
2025-07-24 21:00:00,21,405.3,
2025-07-24 22:00:00,22,10.8,
2025-07-24 23:00:00,23,,
2025-07-25 00:00:00,0,,
2025-07-25 01:00:00,1,,
2025-07-25 02:00:00,2,,
2025-07-25 03:00:00,3,,
2025-07-25 04:00:00,4,,
2025-07-25 05:00:00,5,,
2025-07-25 06:00:00,6,,
2025-07-25 07:00:00,7,,
2025-07-25 08:00:00,8,,
2025-07-25 09:00:00,9,,
2025-07-25 10:00:00,10,,
2025-07-25 11:00:00,11,412.3,
2025-07-25 12:00:00,12,1469.1,
2025-07-25 13:00:00,13,2356.3,
2025-07-25 14:00:00,14,2932.3,
2025-07-25 15:00:00,15,2661.7,
2025-07-25 16:00:00,16,2975.5,
2025-07-25 17:00:00,17,3200.9,
2025-07-25 18:00:00,18,2947.4,
2025-07-25 19:00:00,19,2260.5,
2025-07-25 20:00:00,20,1446.8,
2025-07-25 21:00:00,21,394.7,
2025-07-25 22:00:00,22,8.1,
2025-07-25 23:00:00,23,,
2025-07-26 00:00:00,0,,
2025-07-26 01:00:00,1,,
2025-07-26 02:00:00,2,,
2025-07-26 03:00:00,3,,
2025-07-26 04:00:00,4,,
2025-07-26 05:00:00,5,,
2025-07-26 06:00:00,6,,
2025-07-26 07:00:00,7,,
2025-07-26 08:00:00,8,,
2025-07-26 09:00:00,9,,
2025-07-26 10:00:00,10,,
2025-07-26 11:00:00,11,712.8,
2025-07-26 12:00:00,12,1581.4,
2025-07-26 13:00:00,13,2365.7,
2025-07-26 14:00:00,14,2974.2,
2025-07-26 15:00:00,15,3326.7,
2025-07-26 16:00:00,16,3323.4,
2025-07-26 17:00:00,17,3276.9,
2025-07-26 18:00:00,18,2885.5,
2025-07-26 19:00:00,19,2191.3,
2025-07-26 20:00:00,20,1346.8,
2025-07-26 21:00:00,21,427.4,
2025-07-26 22:00:00,22,7.7,
2025-07-26 23:00:00,23,,
2025-07-27 00:00:00,0,,
2025-07-27 01:00:00,1,,
2025-07-27 02:00:00,2,,
2025-07-27 03:00:00,3,,
2025-07-27 04:00:00,4,,
2025-07-27 05:00:00,5,,
2025-07-27 06:00:00,6,,
2025-07-27 07:00:00,7,,
2025-07-27 08:00:00,8,,
2025-07-27 09:00:00,9,,
2025-07-27 10:00:00,10,18.4,
2025-07-27 11:00:00,11,702.6,
2025-07-27 12:00:00,12,1558.4,
2025-07-27 13:00:00,13,2350.7,
2025-07-27 14:00:00,14,2946.2,
2025-07-27 15:00:00,15,3302.1,
2025-07-27 16:00:00,16,3345.8,
2025-07-27 17:00:00,17,3019.0,
2025-07-27 18:00:00,18,2509.0,
2025-07-27 19:00:00,19,2146.1,
2025-07-27 20:00:00,20,1411.9,
2025-07-27 21:00:00,21,438.0,
2025-07-27 22:00:00,22,14.2,
2025-07-27 23:00:00,23,,
2025-07-28 00:00:00,0,,
2025-07-28 01:00:00,1,,
2025-07-28 02:00:00,2,,
2025-07-28 03:00:00,3,,
2025-07-28 04:00:00,4,,
2025-07-28 05:00:00,5,,
2025-07-28 06:00:00,6,,
2025-07-28 07:00:00,7,,
2025-07-28 08:00:00,8,,
2025-07-28 09:00:00,9,,
2025-07-28 10:00:00,10,,
2025-07-28 11:00:00,11,664.5,
2025-07-28 12:00:00,12,1582.3,
2025-07-28 13:00:00,13,2331.7,
2025-07-28 14:00:00,14,2677.7,
2025-07-28 15:00:00,15,1821.1,
2025-07-28 16:00:00,16,1506.2,
2025-07-28 17:00:00,17,1692.2,
2025-07-28 18:00:00,18,1446.5,
2025-07-28 19:00:00,19,1100.8,
2025-07-28 20:00:00,20,744.1,
2025-07-28 21:00:00,21,279.6,
2025-07-28 22:00:00,22,15.0,
2025-07-28 23:00:00,23,,
2025-07-29 00:00:00,0,,
2025-07-29 01:00:00,1,,
2025-07-29 02:00:00,2,,
2025-07-29 03:00:00,3,,
2025-07-29 04:00:00,4,,
2025-07-29 05:00:00,5,,
2025-07-29 06:00:00,6,,
2025-07-29 07:00:00,7,,
2025-07-29 08:00:00,8,,
2025-07-29 09:00:00,9,,
2025-07-29 10:00:00,10,,
2025-07-29 11:00:00,11,224.9,
2025-07-29 12:00:00,12,1468.3,
2025-07-29 13:00:00,13,2340.7,
2025-07-29 14:00:00,14,2941.7,
2025-07-29 15:00:00,15,3169.6,
2025-07-29 16:00:00,16,2407.6,
2025-07-29 17:00:00,17,1208.3,
2025-07-29 18:00:00,18,846.9,
2025-07-29 19:00:00,19,880.1,
2025-07-29 20:00:00,20,572.2,
2025-07-29 21:00:00,21,239.7,
2025-07-29 22:00:00,22,10.3,
2025-07-29 23:00:00,23,,
2025-07-30 00:00:00,0,,
2025-07-30 01:00:00,1,,
2025-07-30 02:00:00,2,,
2025-07-30 03:00:00,3,,
2025-07-30 04:00:00,4,,
2025-07-30 05:00:00,5,,
2025-07-30 06:00:00,6,,
2025-07-30 07:00:00,7,,
2025-07-30 08:00:00,8,,
2025-07-30 09:00:00,9,,
2025-07-30 10:00:00,10,,
2025-07-30 11:00:00,11,176.2,
2025-07-30 12:00:00,12,1126.2,
2025-07-30 13:00:00,13,1524.3,
2025-07-30 14:00:00,14,2032.1,
2025-07-30 15:00:00,15,2904.6,
2025-07-30 16:00:00,16,2449.9,
2025-07-30 17:00:00,17,2523.6,
2025-07-30 18:00:00,18,1748.7,
2025-07-30 19:00:00,19,971.3,
2025-07-30 20:00:00,20,878.3,
2025-07-30 21:00:00,21,97.4,
2025-07-30 22:00:00,22,8.9,
2025-07-30 23:00:00,23,0.6,
2025-07-31 00:00:00,0,,
2025-07-31 01:00:00,1,,
2025-07-31 02:00:00,2,,
2025-07-31 03:00:00,3,,
2025-07-31 04:00:00,4,,
2025-07-31 05:00:00,5,,
2025-07-31 06:00:00,6,,
2025-07-31 07:00:00,7,,
2025-07-31 08:00:00,8,,
2025-07-31 09:00:00,9,,
2025-07-31 10:00:00,10,,
2025-07-31 11:00:00,11,668.9,
2025-07-31 12:00:00,12,1529.3,
2025-07-31 13:00:00,13,2086.9,
2025-07-31 14:00:00,14,3054.2,
2025-07-31 15:00:00,15,3283.8,
2025-07-31 16:00:00,16,2645.5,
2025-07-31 17:00:00,17,2155.6,
2025-07-31 18:00:00,18,1980.7,
2025-07-31 19:00:00,19,1844.1,
2025-07-31 20:00:00,20,1084.9,
2025-07-31 21:00:00,21,384.9,
2025-07-31 22:00:00,22,7.8,
2025-07-31 23:00:00,23,,
2025-08-01 00:00:00,0,,
2025-08-01 01:00:00,1,,
2025-08-01 02:00:00,2,,
2025-08-01 03:00:00,3,,
2025-08-01 04:00:00,4,,
2025-08-01 05:00:00,5,,
2025-08-01 06:00:00,6,,
2025-08-01 07:00:00,7,,
2025-08-01 08:00:00,8,,
2025-08-01 09:00:00,9,,
2025-08-01 10:00:00,10,,
2025-08-01 11:00:00,11,695.2,
2025-08-01 12:00:00,12,1564.1,
2025-08-01 13:00:00,13,2372.6,
2025-08-01 14:00:00,14,2809.5,
2025-08-01 15:00:00,15,3396.2,
2025-08-01 16:00:00,16,3002.0,
2025-08-01 17:00:00,17,3329.9,
2025-08-01 18:00:00,18,2364.6,
2025-08-01 19:00:00,19,1438.3,
2025-08-01 20:00:00,20,1307.3,
2025-08-01 21:00:00,21,416.8,
2025-08-01 22:00:00,22,6.3,
2025-08-01 23:00:00,23,,
2025-08-02 00:00:00,0,,
2025-08-02 01:00:00,1,,
2025-08-02 02:00:00,2,,
2025-08-02 03:00:00,3,,
2025-08-02 04:00:00,4,,
2025-08-02 05:00:00,5,,
2025-08-02 06:00:00,6,,
2025-08-02 07:00:00,7,,
2025-08-02 08:00:00,8,,
2025-08-02 09:00:00,9,,
2025-08-02 10:00:00,10,,
2025-08-02 11:00:00,11,568.1,
2025-08-02 12:00:00,12,1556.7,
2025-08-02 13:00:00,13,2352.5,
2025-08-02 14:00:00,14,2974.6,
2025-08-02 15:00:00,15,2832.1,
2025-08-02 16:00:00,16,3535.3,
2025-08-02 17:00:00,17,3387.7,
2025-08-02 18:00:00,18,1930.0,
2025-08-02 19:00:00,19,1549.0,
2025-08-02 20:00:00,20,1296.2,
2025-08-02 21:00:00,21,530.6,
2025-08-02 22:00:00,22,12.6,
2025-08-02 23:00:00,23,,
2025-08-03 00:00:00,0,,
2025-08-03 01:00:00,1,,
2025-08-03 02:00:00,2,,
2025-08-03 03:00:00,3,,
2025-08-03 04:00:00,4,,
2025-08-03 05:00:00,5,,
2025-08-03 06:00:00,6,,
2025-08-03 07:00:00,7,,
2025-08-03 08:00:00,8,,
2025-08-03 09:00:00,9,,
2025-08-03 10:00:00,10,,
2025-08-03 11:00:00,11,822.9,
2025-08-03 12:00:00,12,1586.0,
2025-08-03 13:00:00,13,2351.0,
2025-08-03 14:00:00,14,2548.8,
2025-08-03 15:00:00,15,2291.1,
2025-08-03 16:00:00,16,3167.7,
2025-08-03 17:00:00,17,3085.4,
2025-08-03 18:00:00,18,2115.6,
2025-08-03 19:00:00,19,2232.3,
2025-08-03 20:00:00,20,999.3,
2025-08-03 21:00:00,21,543.7,
2025-08-03 22:00:00,22,,
2025-08-03 23:00:00,23,,
2025-08-04 00:00:00,0,,
2025-08-04 01:00:00,1,,
2025-08-04 02:00:00,2,,
2025-08-04 03:00:00,3,,
2025-08-04 04:00:00,4,,
2025-08-04 05:00:00,5,,
2025-08-04 06:00:00,6,,
2025-08-04 07:00:00,7,,
2025-08-04 08:00:00,8,,
2025-08-04 09:00:00,9,,
2025-08-04 10:00:00,10,,
2025-08-04 11:00:00,11,,
2025-08-04 12:00:00,12,,
2025-08-04 13:00:00,13,,
2025-08-04 14:00:00,14,,
2025-08-04 15:00:00,15,,
2025-08-04 16:00:00,16,234.9,
2025-08-04 17:00:00,17,,
2025-08-04 18:00:00,18,,
2025-08-04 19:00:00,19,,
2025-08-04 20:00:00,20,,
2025-08-04 21:00:00,21,,
2025-08-04 22:00:00,22,,
2025-08-04 23:00:00,23,,
2025-08-05 00:00:00,0,,
2025-08-05 01:00:00,1,,
2025-08-05 02:00:00,2,,
2025-08-05 03:00:00,3,,
2025-08-05 04:00:00,4,,
2025-08-05 05:00:00,5,,
2025-08-05 06:00:00,6,,
2025-08-05 07:00:00,7,,
2025-08-05 08:00:00,8,,
2025-08-05 09:00:00,9,,
2025-08-05 10:00:00,10,,
2025-08-05 11:00:00,11,,
2025-08-05 12:00:00,12,,
2025-08-05 13:00:00,13,,
2025-08-05 14:00:00,14,1176.9,
2025-08-05 15:00:00,15,683.4,
2025-08-05 16:00:00,16,2045.4,
2025-08-05 17:00:00,17,,
2025-08-05 18:00:00,18,,
2025-08-05 19:00:00,19,,
2025-08-05 20:00:00,20,,
2025-08-05 21:00:00,21,,
2025-08-05 22:00:00,22,,
2025-08-05 23:00:00,23,,
2025-08-06 00:00:00,0,,
2025-08-06 01:00:00,1,,
2025-08-06 02:00:00,2,,
2025-08-06 03:00:00,3,,
2025-08-06 04:00:00,4,,
2025-08-06 05:00:00,5,,
2025-08-06 06:00:00,6,,
2025-08-06 07:00:00,7,,
2025-08-06 08:00:00,8,,
2025-08-06 09:00:00,9,,
2025-08-06 10:00:00,10,,
2025-08-06 11:00:00,11,,
2025-08-06 12:00:00,12,,
2025-08-06 13:00:00,13,,
2025-08-06 14:00:00,14,,
2025-08-06 15:00:00,15,,
2025-08-06 16:00:00,16,,
2025-08-06 17:00:00,17,,
2025-08-06 18:00:00,18,,
2025-08-06 19:00:00,19,,
2025-08-06 20:00:00,20,,
2025-08-06 21:00:00,21,,
2025-08-06 22:00:00,22,,
2025-08-06 23:00:00,23,,
2025-08-07 00:00:00,0,,
2025-08-07 01:00:00,1,,
2025-08-07 02:00:00,2,,
2025-08-07 03:00:00,3,,
2025-08-07 04:00:00,4,,
2025-08-07 05:00:00,5,,
2025-08-07 06:00:00,6,,
2025-08-07 07:00:00,7,,
2025-08-07 08:00:00,8,,
2025-08-07 09:00:00,9,,
2025-08-07 10:00:00,10,,
2025-08-07 11:00:00,11,,
2025-08-07 12:00:00,12,,
2025-08-07 13:00:00,13,,
2025-08-07 14:00:00,14,,
2025-08-07 15:00:00,15,334.8,
2025-08-07 16:00:00,16,384.3,
2025-08-07 17:00:00,17,3189.4,
2025-08-07 18:00:00,18,2744.2,
2025-08-07 19:00:00,19,,
2025-08-07 20:00:00,20,,
2025-08-07 21:00:00,21,,
2025-08-07 22:00:00,22,,
2025-08-07 23:00:00,23,,
2025-08-08 00:00:00,0,,
2025-08-08 01:00:00,1,,
2025-08-08 02:00:00,2,,
2025-08-08 03:00:00,3,,
2025-08-08 04:00:00,4,,
2025-08-08 05:00:00,5,,
2025-08-08 06:00:00,6,,
2025-08-08 07:00:00,7,,
2025-08-08 08:00:00,8,,
2025-08-08 09:00:00,9,,
2025-08-08 10:00:00,10,,
2025-08-08 11:00:00,11,210.8,
2025-08-08 12:00:00,12,1541.0,
2025-08-08 13:00:00,13,2296.9,
2025-08-08 14:00:00,14,2562.5,
2025-08-08 15:00:00,15,2805.4,
2025-08-08 16:00:00,16,426.1,
2025-08-08 17:00:00,17,329.2,
2025-08-08 18:00:00,18,,
2025-08-08 19:00:00,19,,
2025-08-08 20:00:00,20,,
2025-08-08 21:00:00,21,,
2025-08-08 22:00:00,22,,
2025-08-08 23:00:00,23,,
2025-08-09 00:00:00,0,,
2025-08-09 01:00:00,1,,
2025-08-09 02:00:00,2,,
2025-08-09 03:00:00,3,,
2025-08-09 04:00:00,4,,
2025-08-09 05:00:00,5,,
2025-08-09 06:00:00,6,,
2025-08-09 07:00:00,7,,
2025-08-09 08:00:00,8,,
2025-08-09 09:00:00,9,,
2025-08-09 10:00:00,10,,
2025-08-09 11:00:00,11,,
2025-08-09 12:00:00,12,1596.6,
2025-08-09 13:00:00,13,2374.5,
2025-08-09 14:00:00,14,2985.9,
2025-08-09 15:00:00,15,3334.4,
2025-08-09 16:00:00,16,,
2025-08-09 17:00:00,17,,
2025-08-09 18:00:00,18,,
2025-08-09 19:00:00,19,,
2025-08-09 20:00:00,20,,
2025-08-09 21:00:00,21,,
2025-08-09 22:00:00,22,,
2025-08-09 23:00:00,23,,
2025-08-10 00:00:00,0,,
2025-08-10 01:00:00,1,,
2025-08-10 02:00:00,2,,
2025-08-10 03:00:00,3,,
2025-08-10 04:00:00,4,,
2025-08-10 05:00:00,5,,
2025-08-10 06:00:00,6,,
2025-08-10 07:00:00,7,,
2025-08-10 08:00:00,8,,
2025-08-10 09:00:00,9,,
2025-08-10 10:00:00,10,,
2025-08-10 11:00:00,11,,
2025-08-10 12:00:00,12,,
2025-08-10 13:00:00,13,,
2025-08-10 14:00:00,14,,
2025-08-10 15:00:00,15,,
2025-08-10 16:00:00,16,,
2025-08-10 17:00:00,17,,
2025-08-10 18:00:00,18,,
2025-08-10 19:00:00,19,,
2025-08-10 20:00:00,20,,
2025-08-10 21:00:00,21,,
2025-08-10 22:00:00,22,,
2025-08-10 23:00:00,23,,
2025-08-11 00:00:00,0,,
2025-08-11 01:00:00,1,,
2025-08-11 02:00:00,2,,
2025-08-11 03:00:00,3,,
2025-08-11 04:00:00,4,,
2025-08-11 05:00:00,5,,
2025-08-11 06:00:00,6,,
2025-08-11 07:00:00,7,,
2025-08-11 08:00:00,8,,
2025-08-11 09:00:00,9,,
2025-08-11 10:00:00,10,,
2025-08-11 11:00:00,11,,
2025-08-11 12:00:00,12,1450.0,
2025-08-11 13:00:00,13,2321.7,
2025-08-11 14:00:00,14,2891.8,
2025-08-11 15:00:00,15,2944.5,
2025-08-11 16:00:00,16,863.3,
2025-08-11 17:00:00,17,3480.1,
2025-08-11 18:00:00,18,,
2025-08-11 19:00:00,19,,
2025-08-11 20:00:00,20,,
2025-08-11 21:00:00,21,,
2025-08-11 22:00:00,22,,
2025-08-11 23:00:00,23,,
2025-08-12 00:00:00,0,,
2025-08-12 01:00:00,1,,
2025-08-12 02:00:00,2,,
2025-08-12 03:00:00,3,,
2025-08-12 04:00:00,4,,
2025-08-12 05:00:00,5,,
2025-08-12 06:00:00,6,,
2025-08-12 07:00:00,7,,
2025-08-12 08:00:00,8,,
2025-08-12 09:00:00,9,,
2025-08-12 10:00:00,10,,
2025-08-12 11:00:00,11,,
2025-08-12 12:00:00,12,919.9,
2025-08-12 13:00:00,13,2312.9,
2025-08-12 14:00:00,14,2102.7,
2025-08-12 15:00:00,15,2957.6,
2025-08-12 16:00:00,16,2725.4,
2025-08-12 17:00:00,17,2817.7,
2025-08-12 18:00:00,18,3043.3,
2025-08-12 19:00:00,19,2162.5,
2025-08-12 20:00:00,20,,
2025-08-12 21:00:00,21,,
2025-08-12 22:00:00,22,,
2025-08-12 23:00:00,23,,
2025-08-13 00:00:00,0,,
2025-08-13 01:00:00,1,,
2025-08-13 02:00:00,2,,
2025-08-13 03:00:00,3,,
2025-08-13 04:00:00,4,,
2025-08-13 05:00:00,5,,
2025-08-13 06:00:00,6,,
2025-08-13 07:00:00,7,,
2025-08-13 08:00:00,8,,
2025-08-13 09:00:00,9,,
2025-08-13 10:00:00,10,,
2025-08-13 11:00:00,11,376.3,
2025-08-13 12:00:00,12,1615.8,
2025-08-13 13:00:00,13,2523.5,
2025-08-13 14:00:00,14,2770.6,
2025-08-13 15:00:00,15,2699.8,
2025-08-13 16:00:00,16,1162.2,
2025-08-13 17:00:00,17,354.0,
2025-08-13 18:00:00,18,880.0,
2025-08-13 19:00:00,19,,
2025-08-13 20:00:00,20,,
2025-08-13 21:00:00,21,,
2025-08-13 22:00:00,22,,
2025-08-13 23:00:00,23,,
2025-08-14 00:00:00,0,,
2025-08-14 01:00:00,1,,
2025-08-14 02:00:00,2,,
2025-08-14 03:00:00,3,,
2025-08-14 04:00:00,4,,
2025-08-14 05:00:00,5,,
2025-08-14 06:00:00,6,,
2025-08-14 07:00:00,7,,
2025-08-14 08:00:00,8,,
2025-08-14 09:00:00,9,,
2025-08-14 10:00:00,10,,
2025-08-14 11:00:00,11,272.4,
2025-08-14 12:00:00,12,1570.6,1.0
2025-08-14 13:00:00,13,2441.4,1.4
2025-08-14 14:00:00,14,3051.8,1.6
2025-08-14 15:00:00,15,3429.5,3.2
2025-08-14 16:00:00,16,3497.0,3.4
2025-08-14 17:00:00,17,3162.1,3.2
2025-08-14 18:00:00,18,882.6,
2025-08-14 19:00:00,19,,
2025-08-14 20:00:00,20,,
2025-08-14 21:00:00,21,,
2025-08-14 22:00:00,22,,
2025-08-14 23:00:00,23,,
2025-08-15 00:00:00,0,,
2025-08-15 01:00:00,1,,
2025-08-15 02:00:00,2,,
2025-08-15 03:00:00,3,,
2025-08-15 04:00:00,4,,
2025-08-15 05:00:00,5,,
2025-08-15 06:00:00,6,,
2025-08-15 07:00:00,7,,
2025-08-15 08:00:00,8,,
2025-08-15 09:00:00,9,,
2025-08-15 10:00:00,10,,
2025-08-15 11:00:00,11,488.3,
2025-08-15 12:00:00,12,1662.7,
2025-08-15 13:00:00,13,2304.9,
2025-08-15 14:00:00,14,2800.6,
2025-08-15 15:00:00,15,3379.0,
2025-08-15 16:00:00,16,3377.7,
2025-08-15 17:00:00,17,596.6,
2025-08-15 18:00:00,18,574.0,
2025-08-15 19:00:00,19,1189.9,
2025-08-15 20:00:00,20,1404.2,
2025-08-15 21:00:00,21,,
2025-08-15 22:00:00,22,,
2025-08-15 23:00:00,23,,
2025-08-16 00:00:00,0,,
2025-08-16 01:00:00,1,,
2025-08-16 02:00:00,2,,
2025-08-16 03:00:00,3,,
2025-08-16 04:00:00,4,,
2025-08-16 05:00:00,5,,
2025-08-16 06:00:00,6,,
2025-08-16 07:00:00,7,,
2025-08-16 08:00:00,8,,
2025-08-16 09:00:00,9,,
2025-08-16 10:00:00,10,,
2025-08-16 11:00:00,11,,
2025-08-16 12:00:00,12,1676.8,
2025-08-16 13:00:00,13,1659.9,
2025-08-16 14:00:00,14,2060.4,
2025-08-16 15:00:00,15,2473.8,
2025-08-16 16:00:00,16,444.0,
2025-08-16 17:00:00,17,,
2025-08-16 18:00:00,18,1228.0,
2025-08-16 19:00:00,19,835.2,
2025-08-16 20:00:00,20,,
2025-08-16 21:00:00,21,,
2025-08-16 22:00:00,22,,
2025-08-16 23:00:00,23,,
2025-08-17 00:00:00,0,,
2025-08-17 01:00:00,1,,
2025-08-17 02:00:00,2,,
2025-08-17 03:00:00,3,,
2025-08-17 04:00:00,4,,
2025-08-17 05:00:00,5,,
2025-08-17 06:00:00,6,,
2025-08-17 07:00:00,7,,
2025-08-17 08:00:00,8,,
2025-08-17 09:00:00,9,,
2025-08-17 10:00:00,10,,
2025-08-17 11:00:00,11,118.4,
2025-08-17 12:00:00,12,1612.1,
2025-08-17 13:00:00,13,2049.3,
2025-08-17 14:00:00,14,2097.3,
2025-08-17 15:00:00,15,3310.7,
2025-08-17 16:00:00,16,3656.9,
2025-08-17 17:00:00,17,3241.7,
2025-08-17 18:00:00,18,,
2025-08-17 19:00:00,19,1675.2,
2025-08-17 20:00:00,20,,
2025-08-17 21:00:00,21,,
2025-08-17 22:00:00,22,,
2025-08-17 23:00:00,23,,
2025-08-18 00:00:00,0,,
2025-08-18 01:00:00,1,,
2025-08-18 02:00:00,2,,
2025-08-18 03:00:00,3,,
2025-08-18 04:00:00,4,,
2025-08-18 05:00:00,5,,
2025-08-18 06:00:00,6,,
2025-08-18 07:00:00,7,,
2025-08-18 08:00:00,8,,
2025-08-18 09:00:00,9,,
2025-08-18 10:00:00,10,,
2025-08-18 11:00:00,11,194.7,1.0
2025-08-18 12:00:00,12,1625.0,0.8
2025-08-18 13:00:00,13,2518.7,3.3
2025-08-18 14:00:00,14,3142.0,2.5
2025-08-18 15:00:00,15,3417.1,2.2
2025-08-18 16:00:00,16,3601.2,3.3
2025-08-18 17:00:00,17,3491.8,2.3
2025-08-18 18:00:00,18,3119.1,2.5
2025-08-18 19:00:00,19,1997.2,1.1
2025-08-18 20:00:00,20,1413.0,2.3
2025-08-18 21:00:00,21,,
2025-08-18 22:00:00,22,,
2025-08-18 23:00:00,23,,
2025-08-19 00:00:00,0,,
2025-08-19 01:00:00,1,,
2025-08-19 02:00:00,2,,
2025-08-19 03:00:00,3,,
2025-08-19 04:00:00,4,,
2025-08-19 05:00:00,5,,
2025-08-19 06:00:00,6,,
2025-08-19 07:00:00,7,,
2025-08-19 08:00:00,8,,
2025-08-19 09:00:00,9,,
2025-08-19 10:00:00,10,,
2025-08-19 11:00:00,11,326.3,
2025-08-19 12:00:00,12,1658.6,2.6
2025-08-19 13:00:00,13,2539.3,3.7
2025-08-19 14:00:00,14,3128.5,3.7
2025-08-19 15:00:00,15,3462.1,3.6
2025-08-19 16:00:00,16,3617.5,3.8
2025-08-19 17:00:00,17,3423.4,3.4
2025-08-19 18:00:00,18,2992.2,3.6
2025-08-19 19:00:00,19,2303.3,2.8
2025-08-19 20:00:00,20,1428.1,2.6
2025-08-19 21:00:00,21,,
2025-08-19 22:00:00,22,,
2025-08-19 23:00:00,23,,
2025-08-20 00:00:00,0,,
2025-08-20 01:00:00,1,,
2025-08-20 02:00:00,2,,
2025-08-20 03:00:00,3,,
2025-08-20 04:00:00,4,,
2025-08-20 05:00:00,5,,
2025-08-20 06:00:00,6,,
2025-08-20 07:00:00,7,,
2025-08-20 08:00:00,8,,
2025-08-20 09:00:00,9,,
2025-08-20 10:00:00,10,,
2025-08-20 11:00:00,11,255.4,
2025-08-20 12:00:00,12,1650.0,1.4
2025-08-20 13:00:00,13,2526.6,1.0
2025-08-20 14:00:00,14,3086.9,3.0
2025-08-20 15:00:00,15,3410.4,3.7
2025-08-20 16:00:00,16,3538.1,2.7
2025-08-20 17:00:00,17,3353.1,3.6
2025-08-20 18:00:00,18,3031.2,3.3
2025-08-20 19:00:00,19,2149.7,3.0
2025-08-20 20:00:00,20,1363.6,2.5
2025-08-20 21:00:00,21,,
2025-08-20 22:00:00,22,,
2025-08-20 23:00:00,23,,
2025-08-21 00:00:00,0,,
2025-08-21 01:00:00,1,,
2025-08-21 02:00:00,2,,
2025-08-21 03:00:00,3,,
2025-08-21 04:00:00,4,,
2025-08-21 05:00:00,5,,
2025-08-21 06:00:00,6,,
2025-08-21 07:00:00,7,,
2025-08-21 08:00:00,8,,
2025-08-21 09:00:00,9,,
2025-08-21 10:00:00,10,,
2025-08-21 11:00:00,11,,
2025-08-21 12:00:00,12,1668.5,
2025-08-21 13:00:00,13,2509.9,
2025-08-21 14:00:00,14,3098.0,
2025-08-21 15:00:00,15,3477.6,
2025-08-21 16:00:00,16,3171.7,
2025-08-21 17:00:00,17,1977.0,
2025-08-21 18:00:00,18,3070.4,
2025-08-21 19:00:00,19,1833.2,
2025-08-21 20:00:00,20,1109.5,
2025-08-21 21:00:00,21,,
2025-08-21 22:00:00,22,,
2025-08-21 23:00:00,23,,
2025-08-22 00:00:00,0,,
2025-08-22 01:00:00,1,,
2025-08-22 02:00:00,2,,
2025-08-22 03:00:00,3,,
2025-08-22 04:00:00,4,,
2025-08-22 05:00:00,5,,
2025-08-22 06:00:00,6,,
2025-08-22 07:00:00,7,,
2025-08-22 08:00:00,8,,
2025-08-22 09:00:00,9,,
2025-08-22 10:00:00,10,,
2025-08-22 11:00:00,11,404.6,
2025-08-22 12:00:00,12,1665.8,
2025-08-22 13:00:00,13,1014.5,
2025-08-22 14:00:00,14,,
2025-08-22 15:00:00,15,711.7,
2025-08-22 16:00:00,16,1853.8,
2025-08-22 17:00:00,17,3283.3,
2025-08-22 18:00:00,18,287.6,
2025-08-22 19:00:00,19,2182.4,
2025-08-22 20:00:00,20,1302.7,
2025-08-22 21:00:00,21,,
2025-08-22 22:00:00,22,,
2025-08-22 23:00:00,23,,
2025-08-23 00:00:00,0,,
2025-08-23 01:00:00,1,,
2025-08-23 02:00:00,2,,
2025-08-23 03:00:00,3,,
2025-08-23 04:00:00,4,,
2025-08-23 05:00:00,5,,
2025-08-23 06:00:00,6,,
2025-08-23 07:00:00,7,,
2025-08-23 08:00:00,8,,
2025-08-23 09:00:00,9,,
2025-08-23 10:00:00,10,,
2025-08-23 11:00:00,11,451.1,
2025-08-23 12:00:00,12,1620.8,
2025-08-23 13:00:00,13,2346.5,
2025-08-23 14:00:00,14,3063.8,
2025-08-23 15:00:00,15,247.5,
2025-08-23 16:00:00,16,142.4,
2025-08-23 17:00:00,17,,
2025-08-23 18:00:00,18,155.9,
2025-08-23 19:00:00,19,1828.4,
2025-08-23 20:00:00,20,,
2025-08-23 21:00:00,21,,
2025-08-23 22:00:00,22,,
2025-08-23 23:00:00,23,,
2025-08-24 00:00:00,0,,
2025-08-24 01:00:00,1,,
2025-08-24 02:00:00,2,,
2025-08-24 03:00:00,3,,
2025-08-24 04:00:00,4,,
2025-08-24 05:00:00,5,,
2025-08-24 06:00:00,6,,
2025-08-24 07:00:00,7,,
2025-08-24 08:00:00,8,,
2025-08-24 09:00:00,9,,
2025-08-24 10:00:00,10,,
2025-08-24 11:00:00,11,484.3,
2025-08-24 12:00:00,12,1713.3,
2025-08-24 13:00:00,13,2525.1,
2025-08-24 14:00:00,14,3125.2,
2025-08-24 15:00:00,15,3496.0,
2025-08-24 16:00:00,16,821.3,
2025-08-24 17:00:00,17,1606.3,
2025-08-24 18:00:00,18,2382.7,
2025-08-24 19:00:00,19,1926.8,
2025-08-24 20:00:00,20,1142.6,
2025-08-24 21:00:00,21,,
2025-08-24 22:00:00,22,,
2025-08-24 23:00:00,23,,
2025-08-25 00:00:00,0,,
2025-08-25 01:00:00,1,,
2025-08-25 02:00:00,2,,
2025-08-25 03:00:00,3,,
2025-08-25 04:00:00,4,,
2025-08-25 05:00:00,5,,
2025-08-25 06:00:00,6,,
2025-08-25 07:00:00,7,,
2025-08-25 08:00:00,8,,
2025-08-25 09:00:00,9,,
2025-08-25 10:00:00,10,,
2025-08-25 11:00:00,11,291.0,
2025-08-25 12:00:00,12,1600.9,
2025-08-25 13:00:00,13,2432.0,
2025-08-25 14:00:00,14,3058.1,
2025-08-25 15:00:00,15,863.3,
2025-08-25 16:00:00,16,,
2025-08-25 17:00:00,17,2510.4,
2025-08-25 18:00:00,18,1806.9,
2025-08-25 19:00:00,19,1881.0,
2025-08-25 20:00:00,20,,
2025-08-25 21:00:00,21,,
2025-08-25 22:00:00,22,,
2025-08-25 23:00:00,23,,
2025-08-26 00:00:00,0,,
2025-08-26 01:00:00,1,,
2025-08-26 02:00:00,2,,
2025-08-26 03:00:00,3,,
2025-08-26 04:00:00,4,,
2025-08-26 05:00:00,5,,
2025-08-26 06:00:00,6,,
2025-08-26 07:00:00,7,,
2025-08-26 08:00:00,8,,
2025-08-26 09:00:00,9,,
2025-08-26 10:00:00,10,,
2025-08-26 11:00:00,11,161.5,
2025-08-26 12:00:00,12,1536.7,
2025-08-26 13:00:00,13,2363.2,
2025-08-26 14:00:00,14,3017.6,
2025-08-26 15:00:00,15,460.7,
2025-08-26 16:00:00,16,1091.3,
2025-08-26 17:00:00,17,2879.6,
2025-08-26 18:00:00,18,2513.9,
2025-08-26 19:00:00,19,1720.8,
2025-08-26 20:00:00,20,,
2025-08-26 21:00:00,21,,
2025-08-26 22:00:00,22,,
2025-08-26 23:00:00,23,,
2025-08-27 00:00:00,0,,
2025-08-27 01:00:00,1,,
2025-08-27 02:00:00,2,,
2025-08-27 03:00:00,3,,
2025-08-27 04:00:00,4,,
2025-08-27 05:00:00,5,,
2025-08-27 06:00:00,6,,
2025-08-27 07:00:00,7,,
2025-08-27 08:00:00,8,,
2025-08-27 09:00:00,9,,
2025-08-27 10:00:00,10,,
2025-08-27 11:00:00,11,187.5,
2025-08-27 12:00:00,12,1598.0,
2025-08-27 13:00:00,13,2435.8,
2025-08-27 14:00:00,14,2716.3,
2025-08-27 15:00:00,15,3288.1,
2025-08-27 16:00:00,16,3497.9,
2025-08-27 17:00:00,17,3217.2,
2025-08-27 18:00:00,18,1651.4,
2025-08-27 19:00:00,19,1624.6,
2025-08-27 20:00:00,20,1379.9,
2025-08-27 21:00:00,21,,
2025-08-27 22:00:00,22,,
2025-08-27 23:00:00,23,,
2025-08-28 00:00:00,0,,
2025-08-28 01:00:00,1,,
2025-08-28 02:00:00,2,,
2025-08-28 03:00:00,3,,
2025-08-28 04:00:00,4,,
2025-08-28 05:00:00,5,,
2025-08-28 06:00:00,6,,
2025-08-28 07:00:00,7,,
2025-08-28 08:00:00,8,,
2025-08-28 09:00:00,9,,
2025-08-28 10:00:00,10,,
2025-08-28 11:00:00,11,123.3,
2025-08-28 12:00:00,12,1679.0,
2025-08-28 13:00:00,13,2518.6,
2025-08-28 14:00:00,14,3105.6,
2025-08-28 15:00:00,15,3452.9,
2025-08-28 16:00:00,16,3396.4,
2025-08-28 17:00:00,17,3248.8,
2025-08-28 18:00:00,18,2937.5,
2025-08-28 19:00:00,19,2021.3,
2025-08-28 20:00:00,20,1417.0,
2025-08-28 21:00:00,21,,
2025-08-28 22:00:00,22,,
2025-08-28 23:00:00,23,,
2025-08-29 00:00:00,0,,
2025-08-29 01:00:00,1,,
2025-08-29 02:00:00,2,,
2025-08-29 03:00:00,3,,
2025-08-29 04:00:00,4,,
2025-08-29 05:00:00,5,,
2025-08-29 06:00:00,6,,
2025-08-29 07:00:00,7,,
2025-08-29 08:00:00,8,,
2025-08-29 09:00:00,9,,
2025-08-29 10:00:00,10,,
2025-08-29 11:00:00,11,409.6,
2025-08-29 12:00:00,12,1661.3,
2025-08-29 13:00:00,13,2511.6,
2025-08-29 14:00:00,14,3120.8,
2025-08-29 15:00:00,15,3468.1,
2025-08-29 16:00:00,16,3448.5,
2025-08-29 17:00:00,17,3187.9,
2025-08-29 18:00:00,18,2995.8,
2025-08-29 19:00:00,19,2334.5,
2025-08-29 20:00:00,20,1274.6,
2025-08-29 21:00:00,21,,
2025-08-29 22:00:00,22,,
2025-08-29 23:00:00,23,,
2025-08-30 00:00:00,0,,
2025-08-30 01:00:00,1,,
2025-08-30 02:00:00,2,,
2025-08-30 03:00:00,3,,
2025-08-30 04:00:00,4,,
2025-08-30 05:00:00,5,,
2025-08-30 06:00:00,6,,
2025-08-30 07:00:00,7,,
2025-08-30 08:00:00,8,,
2025-08-30 09:00:00,9,,
2025-08-30 10:00:00,10,,
2025-08-30 11:00:00,11,,
2025-08-30 12:00:00,12,,
2025-08-30 13:00:00,13,1775.3,
2025-08-30 14:00:00,14,2477.9,
2025-08-30 15:00:00,15,3086.8,
2025-08-30 16:00:00,16,,
2025-08-30 17:00:00,17,1962.5,
2025-08-30 18:00:00,18,587.6,
2025-08-30 19:00:00,19,539.7,
2025-08-30 20:00:00,20,,
2025-08-30 21:00:00,21,,
2025-08-30 22:00:00,22,,
2025-08-30 23:00:00,23,,
2025-08-31 00:00:00,0,,
2025-08-31 01:00:00,1,,
2025-08-31 02:00:00,2,,
2025-08-31 03:00:00,3,,
2025-08-31 04:00:00,4,,
2025-08-31 05:00:00,5,,
2025-08-31 06:00:00,6,,
2025-08-31 07:00:00,7,,
2025-08-31 08:00:00,8,,
2025-08-31 09:00:00,9,,
2025-08-31 10:00:00,10,,
2025-08-31 11:00:00,11,,
2025-08-31 12:00:00,12,1705.8,
2025-08-31 13:00:00,13,2565.6,
2025-08-31 14:00:00,14,3136.3,
2025-08-31 15:00:00,15,3305.3,
2025-08-31 16:00:00,16,3458.1,
2025-08-31 17:00:00,17,3398.5,
2025-08-31 18:00:00,18,2748.5,
2025-08-31 19:00:00,19,1683.5,
2025-08-31 20:00:00,20,,
2025-08-31 21:00:00,21,,
2025-08-31 22:00:00,22,,
2025-08-31 23:00:00,23,,
2025-09-01 00:00:00,0,,
2025-09-01 01:00:00,1,,
2025-09-01 02:00:00,2,,
2025-09-01 03:00:00,3,,
2025-09-01 04:00:00,4,,
2025-09-01 05:00:00,5,,
2025-09-01 06:00:00,6,,
2025-09-01 07:00:00,7,,
2025-09-01 08:00:00,8,,
2025-09-01 09:00:00,9,,
2025-09-01 10:00:00,10,,
2025-09-01 11:00:00,11,171.1,
2025-09-01 12:00:00,12,1656.3,
2025-09-01 13:00:00,13,783.0,
2025-09-01 14:00:00,14,1391.8,
2025-09-01 15:00:00,15,790.6,
2025-09-01 16:00:00,16,2639.8,
2025-09-01 17:00:00,17,3356.1,
2025-09-01 18:00:00,18,2689.2,
2025-09-01 19:00:00,19,,
2025-09-01 20:00:00,20,,
2025-09-01 21:00:00,21,,
2025-09-01 22:00:00,22,,
2025-09-01 23:00:00,23,,
2025-09-02 00:00:00,0,,
2025-09-02 01:00:00,1,,
2025-09-02 02:00:00,2,,
2025-09-02 03:00:00,3,,
2025-09-02 04:00:00,4,,
2025-09-02 05:00:00,5,,
2025-09-02 06:00:00,6,,
2025-09-02 07:00:00,7,,
2025-09-02 08:00:00,8,,
2025-09-02 09:00:00,9,,
2025-09-02 10:00:00,10,,
2025-09-02 11:00:00,11,,
2025-09-02 12:00:00,12,1418.3,
2025-09-02 13:00:00,13,2597.8,
2025-09-02 14:00:00,14,3079.2,
2025-09-02 15:00:00,15,3495.8,
2025-09-02 16:00:00,16,3546.5,
2025-09-02 17:00:00,17,3229.9,
2025-09-02 18:00:00,18,2638.5,
2025-09-02 19:00:00,19,1968.9,
2025-09-02 20:00:00,20,,
2025-09-02 21:00:00,21,,
2025-09-02 22:00:00,22,,
2025-09-02 23:00:00,23,,
2025-09-03 00:00:00,0,,
2025-09-03 01:00:00,1,,
2025-09-03 02:00:00,2,,
2025-09-03 03:00:00,3,,
2025-09-03 04:00:00,4,,
2025-09-03 05:00:00,5,,
2025-09-03 06:00:00,6,,
2025-09-03 07:00:00,7,,
2025-09-03 08:00:00,8,,
2025-09-03 09:00:00,9,,
2025-09-03 10:00:00,10,,
2025-09-03 11:00:00,11,,
2025-09-03 12:00:00,12,1742.6,
2025-09-03 13:00:00,13,769.7,
2025-09-03 14:00:00,14,3117.6,
2025-09-03 15:00:00,15,3488.4,
2025-09-03 16:00:00,16,3512.6,
2025-09-03 17:00:00,17,3274.6,
2025-09-03 18:00:00,18,2857.8,
2025-09-03 19:00:00,19,2193.1,
2025-09-03 20:00:00,20,1336.9,
2025-09-03 21:00:00,21,,
2025-09-03 22:00:00,22,,
2025-09-03 23:00:00,23,,
2025-09-04 00:00:00,0,,
2025-09-04 01:00:00,1,,
2025-09-04 02:00:00,2,,
2025-09-04 03:00:00,3,,
2025-09-04 04:00:00,4,,
2025-09-04 05:00:00,5,,
2025-09-04 06:00:00,6,,
2025-09-04 07:00:00,7,,
2025-09-04 08:00:00,8,,
2025-09-04 09:00:00,9,,
2025-09-04 10:00:00,10,,
2025-09-04 11:00:00,11,,
2025-09-04 12:00:00,12,,
2025-09-04 13:00:00,13,,
2025-09-04 14:00:00,14,,
2025-09-04 15:00:00,15,1357.2,
2025-09-04 16:00:00,16,,
2025-09-04 17:00:00,17,,
2025-09-04 18:00:00,18,,
2025-09-04 19:00:00,19,,
2025-09-04 20:00:00,20,,
2025-09-04 21:00:00,21,,
2025-09-04 22:00:00,22,,
2025-09-04 23:00:00,23,,
2025-09-05 00:00:00,0,,
2025-09-05 01:00:00,1,,
2025-09-05 02:00:00,2,,
2025-09-05 03:00:00,3,,
2025-09-05 04:00:00,4,,
2025-09-05 05:00:00,5,,
2025-09-05 06:00:00,6,,
2025-09-05 07:00:00,7,,
2025-09-05 08:00:00,8,,
2025-09-05 09:00:00,9,,
2025-09-05 10:00:00,10,,
2025-09-05 11:00:00,11,,
2025-09-05 12:00:00,12,,
2025-09-05 13:00:00,13,,
2025-09-05 14:00:00,14,,
2025-09-05 15:00:00,15,,
2025-09-05 16:00:00,16,,
2025-09-05 17:00:00,17,,
2025-09-05 18:00:00,18,,
2025-09-05 19:00:00,19,,
2025-09-05 20:00:00,20,,
2025-09-05 21:00:00,21,,
2025-09-05 22:00:00,22,,
2025-09-05 23:00:00,23,,
2025-09-06 00:00:00,0,,
2025-09-06 01:00:00,1,,
2025-09-06 02:00:00,2,,
2025-09-06 03:00:00,3,,
2025-09-06 04:00:00,4,,
2025-09-06 05:00:00,5,,
2025-09-06 06:00:00,6,,
2025-09-06 07:00:00,7,,
2025-09-06 08:00:00,8,,
2025-09-06 09:00:00,9,,
2025-09-06 10:00:00,10,,
2025-09-06 11:00:00,11,,
2025-09-06 12:00:00,12,,
2025-09-06 13:00:00,13,,
2025-09-06 14:00:00,14,,
2025-09-06 15:00:00,15,,
2025-09-06 16:00:00,16,,
2025-09-06 17:00:00,17,,
2025-09-06 18:00:00,18,,
2025-09-06 19:00:00,19,,
2025-09-06 20:00:00,20,,
2025-09-06 21:00:00,21,,
2025-09-06 22:00:00,22,,
2025-09-06 23:00:00,23,,
2025-09-07 00:00:00,0,,
2025-09-07 01:00:00,1,,
2025-09-07 02:00:00,2,,
2025-09-07 03:00:00,3,,
2025-09-07 04:00:00,4,,
2025-09-07 05:00:00,5,,
2025-09-07 06:00:00,6,,
2025-09-07 07:00:00,7,,
2025-09-07 08:00:00,8,,
2025-09-07 09:00:00,9,,
2025-09-07 10:00:00,10,,
2025-09-07 11:00:00,11,476.0,
2025-09-07 12:00:00,12,1597.1,
2025-09-07 13:00:00,13,2332.2,
2025-09-07 14:00:00,14,,
2025-09-07 15:00:00,15,,
2025-09-07 16:00:00,16,,
2025-09-07 17:00:00,17,,
2025-09-07 18:00:00,18,,
2025-09-07 19:00:00,19,,
2025-09-07 20:00:00,20,,
2025-09-07 21:00:00,21,,
2025-09-07 22:00:00,22,,
2025-09-07 23:00:00,23,,
2025-09-08 00:00:00,0,,
2025-09-08 01:00:00,1,,
2025-09-08 02:00:00,2,,
2025-09-08 03:00:00,3,,
2025-09-08 04:00:00,4,,
2025-09-08 05:00:00,5,,
2025-09-08 06:00:00,6,,
2025-09-08 07:00:00,7,,
2025-09-08 08:00:00,8,,
2025-09-08 09:00:00,9,,
2025-09-08 10:00:00,10,,
2025-09-08 11:00:00,11,,
2025-09-08 12:00:00,12,1460.1,
2025-09-08 13:00:00,13,2469.3,
2025-09-08 14:00:00,14,3064.1,
2025-09-08 15:00:00,15,3351.0,
2025-09-08 16:00:00,16,3328.0,
2025-09-08 17:00:00,17,3105.8,
2025-09-08 18:00:00,18,2815.2,
2025-09-08 19:00:00,19,2041.2,
2025-09-08 20:00:00,20,1253.1,
2025-09-08 21:00:00,21,,
2025-09-08 22:00:00,22,,
2025-09-08 23:00:00,23,,
2025-09-09 00:00:00,0,,
2025-09-09 01:00:00,1,,
2025-09-09 02:00:00,2,,
2025-09-09 03:00:00,3,,
2025-09-09 04:00:00,4,,
2025-09-09 05:00:00,5,,
2025-09-09 06:00:00,6,,
2025-09-09 07:00:00,7,,
2025-09-09 08:00:00,8,,
2025-09-09 09:00:00,9,,
2025-09-09 10:00:00,10,,
2025-09-09 11:00:00,11,,
2025-09-09 12:00:00,12,,
2025-09-09 13:00:00,13,,
2025-09-09 14:00:00,14,,
2025-09-09 15:00:00,15,,
2025-09-09 16:00:00,16,,
2025-09-09 17:00:00,17,,
2025-09-09 18:00:00,18,,
2025-09-09 19:00:00,19,,
2025-09-09 20:00:00,20,,
2025-09-09 21:00:00,21,,
2025-09-09 22:00:00,22,,
2025-09-09 23:00:00,23,,
2025-09-10 00:00:00,0,,
2025-09-10 01:00:00,1,,
2025-09-10 02:00:00,2,,
2025-09-10 03:00:00,3,,
2025-09-10 04:00:00,4,,
2025-09-10 05:00:00,5,,
2025-09-10 06:00:00,6,,
2025-09-10 07:00:00,7,,
2025-09-10 08:00:00,8,,
2025-09-10 09:00:00,9,,
2025-09-10 10:00:00,10,,
2025-09-10 11:00:00,11,,
2025-09-10 12:00:00,12,,
2025-09-10 13:00:00,13,,
2025-09-10 14:00:00,14,,
2025-09-10 15:00:00,15,,
2025-09-10 16:00:00,16,,
2025-09-10 17:00:00,17,,
2025-09-10 18:00:00,18,,
2025-09-10 19:00:00,19,,
2025-09-10 20:00:00,20,,
2025-09-10 21:00:00,21,,
2025-09-10 22:00:00,22,,
2025-09-10 23:00:00,23,,
2025-09-11 00:00:00,0,,
2025-09-11 01:00:00,1,,
2025-09-11 02:00:00,2,,
2025-09-11 03:00:00,3,,
2025-09-11 04:00:00,4,,
2025-09-11 05:00:00,5,,
2025-09-11 06:00:00,6,,
2025-09-11 07:00:00,7,,
2025-09-11 08:00:00,8,,
2025-09-11 09:00:00,9,,
2025-09-11 10:00:00,10,,
2025-09-11 11:00:00,11,,
2025-09-11 12:00:00,12,1527.6,
2025-09-11 13:00:00,13,2496.4,
2025-09-11 14:00:00,14,,
2025-09-11 15:00:00,15,,
2025-09-11 16:00:00,16,167.4,
2025-09-11 17:00:00,17,3091.3,
2025-09-11 18:00:00,18,2670.4,
2025-09-11 19:00:00,19,28.9,
2025-09-11 20:00:00,20,,
2025-09-11 21:00:00,21,,
2025-09-11 22:00:00,22,,
2025-09-11 23:00:00,23,,
2025-09-12 00:00:00,0,,
2025-09-12 01:00:00,1,,
2025-09-12 02:00:00,2,,
2025-09-12 03:00:00,3,,
2025-09-12 04:00:00,4,,
2025-09-12 05:00:00,5,,
2025-09-12 06:00:00,6,,
2025-09-12 07:00:00,7,,
2025-09-12 08:00:00,8,,
2025-09-12 09:00:00,9,,
2025-09-12 10:00:00,10,,
2025-09-12 11:00:00,11,64.0,
2025-09-12 12:00:00,12,1381.2,
2025-09-12 13:00:00,13,2497.8,
2025-09-12 14:00:00,14,3108.3,
2025-09-12 15:00:00,15,3202.4,
2025-09-12 16:00:00,16,3360.0,
2025-09-12 17:00:00,17,3286.8,
2025-09-12 18:00:00,18,436.9,
2025-09-12 19:00:00,19,,
2025-09-12 20:00:00,20,,
2025-09-12 21:00:00,21,,
2025-09-12 22:00:00,22,,
2025-09-12 23:00:00,23,,
2025-09-13 00:00:00,0,,
2025-09-13 01:00:00,1,,
2025-09-13 02:00:00,2,,
2025-09-13 03:00:00,3,,
2025-09-13 04:00:00,4,,
2025-09-13 05:00:00,5,,
2025-09-13 06:00:00,6,,
2025-09-13 07:00:00,7,,
2025-09-13 08:00:00,8,,
2025-09-13 09:00:00,9,,
2025-09-13 10:00:00,10,,
2025-09-13 11:00:00,11,,
2025-09-13 12:00:00,12,,
2025-09-13 13:00:00,13,,
2025-09-13 14:00:00,14,,
2025-09-13 15:00:00,15,,
2025-09-13 16:00:00,16,,
2025-09-13 17:00:00,17,,
2025-09-13 18:00:00,18,,
2025-09-13 19:00:00,19,,
2025-09-13 20:00:00,20,,
2025-09-13 21:00:00,21,,
2025-09-13 22:00:00,22,,
2025-09-13 23:00:00,23,,
2025-09-14 00:00:00,0,,
2025-09-14 01:00:00,1,,
2025-09-14 02:00:00,2,,
2025-09-14 03:00:00,3,,
2025-09-14 04:00:00,4,,
2025-09-14 05:00:00,5,,
2025-09-14 06:00:00,6,,
2025-09-14 07:00:00,7,,
2025-09-14 08:00:00,8,,
2025-09-14 09:00:00,9,,
2025-09-14 10:00:00,10,,
2025-09-14 11:00:00,11,62.9,
2025-09-14 12:00:00,12,,
2025-09-14 13:00:00,13,,
2025-09-14 14:00:00,14,,
2025-09-14 15:00:00,15,,
2025-09-14 16:00:00,16,,
2025-09-14 17:00:00,17,,
2025-09-14 18:00:00,18,,
2025-09-14 19:00:00,19,,
2025-09-14 20:00:00,20,,
2025-09-14 21:00:00,21,,
2025-09-14 22:00:00,22,,
2025-09-14 23:00:00,23,,
2025-09-15 00:00:00,0,,
2025-09-15 01:00:00,1,,
2025-09-15 02:00:00,2,,
2025-09-15 03:00:00,3,,
2025-09-15 04:00:00,4,,
2025-09-15 05:00:00,5,,
2025-09-15 06:00:00,6,,
2025-09-15 07:00:00,7,,
2025-09-15 08:00:00,8,,
2025-09-15 09:00:00,9,,
2025-09-15 10:00:00,10,,
2025-09-15 11:00:00,11,66.8,
2025-09-15 12:00:00,12,,
2025-09-15 13:00:00,13,,
2025-09-15 14:00:00,14,,
2025-09-15 15:00:00,15,,
2025-09-15 16:00:00,16,,
2025-09-15 17:00:00,17,113.2,
2025-09-15 18:00:00,18,,
2025-09-15 19:00:00,19,,
2025-09-15 20:00:00,20,,
2025-09-15 21:00:00,21,,
2025-09-15 22:00:00,22,,
2025-09-15 23:00:00,23,,
2025-09-16 00:00:00,0,,
2025-09-16 01:00:00,1,,
2025-09-16 02:00:00,2,,
2025-09-16 03:00:00,3,,
2025-09-16 04:00:00,4,,
2025-09-16 05:00:00,5,,
2025-09-16 06:00:00,6,,
2025-09-16 07:00:00,7,,
2025-09-16 08:00:00,8,,
2025-09-16 09:00:00,9,,
2025-09-16 10:00:00,10,,
2025-09-16 11:00:00,11,,
2025-09-16 12:00:00,12,628.8,
2025-09-16 13:00:00,13,,
2025-09-16 14:00:00,14,,
2025-09-16 15:00:00,15,,
2025-09-16 16:00:00,16,,
2025-09-16 17:00:00,17,,
2025-09-16 18:00:00,18,,
2025-09-16 19:00:00,19,,
2025-09-16 20:00:00,20,,
2025-09-16 21:00:00,21,,
2025-09-16 22:00:00,22,,
2025-09-16 23:00:00,23,,
2025-09-17 00:00:00,0,,
2025-09-17 01:00:00,1,,
2025-09-17 02:00:00,2,,
2025-09-17 03:00:00,3,,
2025-09-17 04:00:00,4,,
2025-09-17 05:00:00,5,,
2025-09-17 06:00:00,6,,
2025-09-17 07:00:00,7,,
2025-09-17 08:00:00,8,,
2025-09-17 09:00:00,9,,
2025-09-17 10:00:00,10,,
2025-09-17 11:00:00,11,,
2025-09-17 12:00:00,12,,
2025-09-17 13:00:00,13,,
2025-09-17 14:00:00,14,,
2025-09-17 15:00:00,15,,
2025-09-17 16:00:00,16,,
2025-09-17 17:00:00,17,,
2025-09-17 18:00:00,18,1048.1,
2025-09-17 19:00:00,19,,
2025-09-17 20:00:00,20,,
2025-09-17 21:00:00,21,,
2025-09-17 22:00:00,22,,
2025-09-17 23:00:00,23,,
2025-09-18 00:00:00,0,,
2025-09-18 01:00:00,1,,
2025-09-18 02:00:00,2,,
2025-09-18 03:00:00,3,,
2025-09-18 04:00:00,4,,
2025-09-18 05:00:00,5,,
2025-09-18 06:00:00,6,,
2025-09-18 07:00:00,7,,
2025-09-18 08:00:00,8,,
2025-09-18 09:00:00,9,,
2025-09-18 10:00:00,10,,
2025-09-18 11:00:00,11,,
2025-09-18 12:00:00,12,382.7,
2025-09-18 13:00:00,13,2507.1,
2025-09-18 14:00:00,14,3038.5,
2025-09-18 15:00:00,15,3287.2,
2025-09-18 16:00:00,16,3284.1,
2025-09-18 17:00:00,17,3013.3,
2025-09-18 18:00:00,18,111.6,
2025-09-18 19:00:00,19,749.3,
2025-09-18 20:00:00,20,,
2025-09-18 21:00:00,21,,
2025-09-18 22:00:00,22,,
2025-09-18 23:00:00,23,,
2025-09-19 00:00:00,0,,
2025-09-19 01:00:00,1,,
2025-09-19 02:00:00,2,,
2025-09-19 03:00:00,3,,
2025-09-19 04:00:00,4,,
2025-09-19 05:00:00,5,,
2025-09-19 06:00:00,6,,
2025-09-19 07:00:00,7,,
2025-09-19 08:00:00,8,,
2025-09-19 09:00:00,9,,
2025-09-19 10:00:00,10,,
2025-09-19 11:00:00,11,,
2025-09-19 12:00:00,12,,
2025-09-19 13:00:00,13,,
2025-09-19 14:00:00,14,118.2,
2025-09-19 15:00:00,15,1539.3,
2025-09-19 16:00:00,16,3445.0,
2025-09-19 17:00:00,17,2601.5,
2025-09-19 18:00:00,18,2727.0,
2025-09-19 19:00:00,19,,
2025-09-19 20:00:00,20,,
2025-09-19 21:00:00,21,,
2025-09-19 22:00:00,22,,
2025-09-19 23:00:00,23,,
2025-09-20 00:00:00,0,,
2025-09-20 01:00:00,1,,
2025-09-20 02:00:00,2,,
2025-09-20 03:00:00,3,,
2025-09-20 04:00:00,4,,
2025-09-20 05:00:00,5,,
2025-09-20 06:00:00,6,,
2025-09-20 07:00:00,7,,
2025-09-20 08:00:00,8,,
2025-09-20 09:00:00,9,,
2025-09-20 10:00:00,10,,
2025-09-20 11:00:00,11,,
2025-09-20 12:00:00,12,837.4,
2025-09-20 13:00:00,13,2591.5,
2025-09-20 14:00:00,14,3103.3,
2025-09-20 15:00:00,15,3369.9,
2025-09-20 16:00:00,16,3322.4,
2025-09-20 17:00:00,17,3120.8,
2025-09-20 18:00:00,18,2387.9,
2025-09-20 19:00:00,19,2073.4,
2025-09-20 20:00:00,20,,
2025-09-20 21:00:00,21,,
2025-09-20 22:00:00,22,,
2025-09-20 23:00:00,23,,
2025-09-21 00:00:00,0,,
2025-09-21 01:00:00,1,,
2025-09-21 02:00:00,2,,
2025-09-21 03:00:00,3,,
2025-09-21 04:00:00,4,,
2025-09-21 05:00:00,5,,
2025-09-21 06:00:00,6,,
2025-09-21 07:00:00,7,,
2025-09-21 08:00:00,8,,
2025-09-21 09:00:00,9,,
2025-09-21 10:00:00,10,,
2025-09-21 11:00:00,11,,
2025-09-21 12:00:00,12,,
2025-09-21 13:00:00,13,1161.3,
2025-09-21 14:00:00,14,3164.3,
2025-09-21 15:00:00,15,3366.0,
2025-09-21 16:00:00,16,2386.7,
2025-09-21 17:00:00,17,2017.0,
2025-09-21 18:00:00,18,2704.5,
2025-09-21 19:00:00,19,,
2025-09-21 20:00:00,20,,
2025-09-21 21:00:00,21,,
2025-09-21 22:00:00,22,,
2025-09-21 23:00:00,23,,
2025-09-22 00:00:00,0,,
2025-09-22 01:00:00,1,,
2025-09-22 02:00:00,2,,
2025-09-22 03:00:00,3,,
2025-09-22 04:00:00,4,,
2025-09-22 05:00:00,5,,
2025-09-22 06:00:00,6,,
2025-09-22 07:00:00,7,,
2025-09-22 08:00:00,8,,
2025-09-22 09:00:00,9,,
2025-09-22 10:00:00,10,,
2025-09-22 11:00:00,11,,
2025-09-22 12:00:00,12,,
2025-09-22 13:00:00,13,,
2025-09-22 14:00:00,14,340.2,
2025-09-22 15:00:00,15,117.8,
2025-09-22 16:00:00,16,1252.6,
2025-09-22 17:00:00,17,222.7,
2025-09-22 18:00:00,18,86.2,
2025-09-22 19:00:00,19,,
2025-09-22 20:00:00,20,,
2025-09-22 21:00:00,21,,
2025-09-22 22:00:00,22,,
2025-09-22 23:00:00,23,,
2025-09-23 00:00:00,0,,
2025-09-23 01:00:00,1,,
2025-09-23 02:00:00,2,,
2025-09-23 03:00:00,3,,
2025-09-23 04:00:00,4,,
2025-09-23 05:00:00,5,,
2025-09-23 06:00:00,6,,
2025-09-23 07:00:00,7,,
2025-09-23 08:00:00,8,,
2025-09-23 09:00:00,9,,
2025-09-23 10:00:00,10,,
2025-09-23 11:00:00,11,,
2025-09-23 12:00:00,12,913.9,
2025-09-23 13:00:00,13,2730.6,
2025-09-23 14:00:00,14,3316.5,
2025-09-23 15:00:00,15,3629.5,
2025-09-23 16:00:00,16,3676.4,
2025-09-23 17:00:00,17,3414.5,
2025-09-23 18:00:00,18,2910.8,
2025-09-23 19:00:00,19,2159.2,
2025-09-23 20:00:00,20,,
2025-09-23 21:00:00,21,,
2025-09-23 22:00:00,22,,
2025-09-23 23:00:00,23,,
2025-09-24 00:00:00,0,,
2025-09-24 01:00:00,1,,
2025-09-24 02:00:00,2,,
2025-09-24 03:00:00,3,,
2025-09-24 04:00:00,4,,
2025-09-24 05:00:00,5,,
2025-09-24 06:00:00,6,,
2025-09-24 07:00:00,7,,
2025-09-24 08:00:00,8,,
2025-09-24 09:00:00,9,,
2025-09-24 10:00:00,10,,
2025-09-24 11:00:00,11,,
2025-09-24 12:00:00,12,80.8,
2025-09-24 13:00:00,13,2812.3,
2025-09-24 14:00:00,14,3405.7,
2025-09-24 15:00:00,15,3713.4,
2025-09-24 16:00:00,16,3715.5,
2025-09-24 17:00:00,17,3329.9,
2025-09-24 18:00:00,18,2737.4,
2025-09-24 19:00:00,19,,
2025-09-24 20:00:00,20,,
2025-09-24 21:00:00,21,,
2025-09-24 22:00:00,22,,
2025-09-24 23:00:00,23,,
2025-09-25 00:00:00,0,,
2025-09-25 01:00:00,1,,
2025-09-25 02:00:00,2,,
2025-09-25 03:00:00,3,,
2025-09-25 04:00:00,4,,
2025-09-25 05:00:00,5,,
2025-09-25 06:00:00,6,,
2025-09-25 07:00:00,7,,
2025-09-25 08:00:00,8,,
2025-09-25 09:00:00,9,,
2025-09-25 10:00:00,10,,
2025-09-25 11:00:00,11,,
2025-09-25 12:00:00,12,39.0,
2025-09-25 13:00:00,13,2722.6,
2025-09-25 14:00:00,14,636.9,
2025-09-25 15:00:00,15,256.7,
2025-09-25 16:00:00,16,,
2025-09-25 17:00:00,17,,
2025-09-25 18:00:00,18,,
2025-09-25 19:00:00,19,,
2025-09-25 20:00:00,20,,
2025-09-25 21:00:00,21,,
2025-09-25 22:00:00,22,,
2025-09-25 23:00:00,23,,
2025-09-26 00:00:00,0,,
2025-09-26 01:00:00,1,,
2025-09-26 02:00:00,2,,
2025-09-26 03:00:00,3,,
2025-09-26 04:00:00,4,,
2025-09-26 05:00:00,5,,
2025-09-26 06:00:00,6,,
2025-09-26 07:00:00,7,,
2025-09-26 08:00:00,8,,
2025-09-26 09:00:00,9,,
2025-09-26 10:00:00,10,,
2025-09-26 11:00:00,11,,
2025-09-26 12:00:00,12,,
2025-09-26 13:00:00,13,,
2025-09-26 14:00:00,14,,
2025-09-26 15:00:00,15,,
2025-09-26 16:00:00,16,,
2025-09-26 17:00:00,17,,
2025-09-26 18:00:00,18,,
2025-09-26 19:00:00,19,,
2025-09-26 20:00:00,20,,
2025-09-26 21:00:00,21,,
2025-09-26 22:00:00,22,,
2025-09-26 23:00:00,23,,
2025-09-27 00:00:00,0,,
2025-09-27 01:00:00,1,,
2025-09-27 02:00:00,2,,
2025-09-27 03:00:00,3,,
2025-09-27 04:00:00,4,,
2025-09-27 05:00:00,5,,
2025-09-27 06:00:00,6,,
2025-09-27 07:00:00,7,,
2025-09-27 08:00:00,8,,
2025-09-27 09:00:00,9,,
2025-09-27 10:00:00,10,,
2025-09-27 11:00:00,11,,
2025-09-27 12:00:00,12,,
2025-09-27 13:00:00,13,,
2025-09-27 14:00:00,14,,
2025-09-27 15:00:00,15,,
2025-09-27 16:00:00,16,,
2025-09-27 17:00:00,17,,
2025-09-27 18:00:00,18,,
2025-09-27 19:00:00,19,,
2025-09-27 20:00:00,20,,
2025-09-27 21:00:00,21,,
2025-09-27 22:00:00,22,,
2025-09-27 23:00:00,23,,
2025-09-28 00:00:00,0,,
2025-09-28 01:00:00,1,,
2025-09-28 02:00:00,2,,
2025-09-28 03:00:00,3,,
2025-09-28 04:00:00,4,,
2025-09-28 05:00:00,5,,
2025-09-28 06:00:00,6,,
2025-09-28 07:00:00,7,,
2025-09-28 08:00:00,8,,
2025-09-28 09:00:00,9,,
2025-09-28 10:00:00,10,,
2025-09-28 11:00:00,11,,
2025-09-28 12:00:00,12,,
2025-09-28 13:00:00,13,,
2025-09-28 14:00:00,14,,
2025-09-28 15:00:00,15,,
2025-09-28 16:00:00,16,,
2025-09-28 17:00:00,17,,
2025-09-28 18:00:00,18,,
2025-09-28 19:00:00,19,,
2025-09-28 20:00:00,20,,
2025-09-28 21:00:00,21,,
2025-09-28 22:00:00,22,,
2025-09-28 23:00:00,23,,
2025-09-29 00:00:00,0,,
2025-09-29 01:00:00,1,,
2025-09-29 02:00:00,2,,
2025-09-29 03:00:00,3,,
2025-09-29 04:00:00,4,,
2025-09-29 05:00:00,5,,
2025-09-29 06:00:00,6,,
2025-09-29 07:00:00,7,,
2025-09-29 08:00:00,8,,
2025-09-29 09:00:00,9,,
2025-09-29 10:00:00,10,,
2025-09-29 11:00:00,11,,
2025-09-29 12:00:00,12,,
2025-09-29 13:00:00,13,,
2025-09-29 14:00:00,14,,
2025-09-29 15:00:00,15,,
2025-09-29 16:00:00,16,,
2025-09-29 17:00:00,17,,
2025-09-29 18:00:00,18,491.7,
2025-09-29 19:00:00,19,311.9,
2025-09-29 20:00:00,20,,
2025-09-29 21:00:00,21,,
2025-09-29 22:00:00,22,,
2025-09-29 23:00:00,23,,
2025-09-30 00:00:00,0,,
2025-09-30 01:00:00,1,,
2025-09-30 02:00:00,2,,
2025-09-30 03:00:00,3,,
2025-09-30 04:00:00,4,,
2025-09-30 05:00:00,5,,
2025-09-30 06:00:00,6,,
2025-09-30 07:00:00,7,,
2025-09-30 08:00:00,8,,
2025-09-30 09:00:00,9,,
2025-09-30 10:00:00,10,,
2025-09-30 11:00:00,11,,
2025-09-30 12:00:00,12,,
2025-09-30 13:00:00,13,,
2025-09-30 14:00:00,14,,
2025-09-30 15:00:00,15,,
2025-09-30 16:00:00,16,,
2025-09-30 17:00:00,17,,
2025-09-30 18:00:00,18,,
2025-09-30 19:00:00,19,,
2025-09-30 20:00:00,20,,
2025-09-30 21:00:00,21,,
2025-09-30 22:00:00,22,,
2025-09-30 23:00:00,23,,
2025-10-01 00:00:00,0,,
2025-10-01 01:00:00,1,,
2025-10-01 02:00:00,2,,
2025-10-01 03:00:00,3,,
2025-10-01 04:00:00,4,,
2025-10-01 05:00:00,5,,
2025-10-01 06:00:00,6,,
2025-10-01 07:00:00,7,,
2025-10-01 08:00:00,8,,
2025-10-01 09:00:00,9,,
2025-10-01 10:00:00,10,,
2025-10-01 11:00:00,11,,
2025-10-01 12:00:00,12,,
2025-10-01 13:00:00,13,,
2025-10-01 14:00:00,14,,
2025-10-01 15:00:00,15,,
2025-10-01 16:00:00,16,,
2025-10-01 17:00:00,17,,
2025-10-01 18:00:00,18,,
2025-10-01 19:00:00,19,,
2025-10-01 20:00:00,20,,
2025-10-01 21:00:00,21,,
2025-10-01 22:00:00,22,,
2025-10-01 23:00:00,23,,
2025-10-02 00:00:00,0,,
2025-10-02 01:00:00,1,,
2025-10-02 02:00:00,2,,
2025-10-02 03:00:00,3,,
2025-10-02 04:00:00,4,,
2025-10-02 05:00:00,5,,
2025-10-02 06:00:00,6,,
2025-10-02 07:00:00,7,,
2025-10-02 08:00:00,8,,
2025-10-02 09:00:00,9,,
2025-10-02 10:00:00,10,,
2025-10-02 11:00:00,11,,
2025-10-02 12:00:00,12,,
2025-10-02 13:00:00,13,,
2025-10-02 14:00:00,14,,
2025-10-02 15:00:00,15,,
2025-10-02 16:00:00,16,,
2025-10-02 17:00:00,17,,
2025-10-02 18:00:00,18,,
2025-10-02 19:00:00,19,,
2025-10-02 20:00:00,20,,
2025-10-02 21:00:00,21,,
2025-10-02 22:00:00,22,,
2025-10-02 23:00:00,23,,
2025-10-03 00:00:00,0,,
2025-10-03 01:00:00,1,,
2025-10-03 02:00:00,2,,
2025-10-03 03:00:00,3,,
2025-10-03 04:00:00,4,,
2025-10-03 05:00:00,5,,
2025-10-03 06:00:00,6,,
2025-10-03 07:00:00,7,,
2025-10-03 08:00:00,8,,
2025-10-03 09:00:00,9,,
2025-10-03 10:00:00,10,,
2025-10-03 11:00:00,11,,
2025-10-03 12:00:00,12,,
2025-10-03 13:00:00,13,,
2025-10-03 14:00:00,14,,
2025-10-03 15:00:00,15,,
2025-10-03 16:00:00,16,,
2025-10-03 17:00:00,17,,
2025-10-03 18:00:00,18,,
2025-10-03 19:00:00,19,,
2025-10-03 20:00:00,20,,
2025-10-03 21:00:00,21,,
2025-10-03 22:00:00,22,,
2025-10-03 23:00:00,23,,
2025-10-04 00:00:00,0,,
2025-10-04 01:00:00,1,,
2025-10-04 02:00:00,2,,
2025-10-04 03:00:00,3,,
2025-10-04 04:00:00,4,,
2025-10-04 05:00:00,5,,
2025-10-04 06:00:00,6,,
2025-10-04 07:00:00,7,,
2025-10-04 08:00:00,8,,
2025-10-04 09:00:00,9,,
2025-10-04 10:00:00,10,,
2025-10-04 11:00:00,11,,
2025-10-04 12:00:00,12,,
2025-10-04 13:00:00,13,,
2025-10-04 14:00:00,14,,
2025-10-04 15:00:00,15,,
2025-10-04 16:00:00,16,,
2025-10-04 17:00:00,17,,
2025-10-04 18:00:00,18,,
2025-10-04 19:00:00,19,,
2025-10-04 20:00:00,20,,
2025-10-04 21:00:00,21,,
2025-10-04 22:00:00,22,,
2025-10-04 23:00:00,23,,
2025-10-05 00:00:00,0,,
2025-10-05 01:00:00,1,,
2025-10-05 02:00:00,2,,
2025-10-05 03:00:00,3,,
2025-10-05 04:00:00,4,,
2025-10-05 05:00:00,5,,
2025-10-05 06:00:00,6,,
2025-10-05 07:00:00,7,,
2025-10-05 08:00:00,8,,
2025-10-05 09:00:00,9,,
2025-10-05 10:00:00,10,,
2025-10-05 11:00:00,11,,
2025-10-05 12:00:00,12,,
2025-10-05 13:00:00,13,,
2025-10-05 14:00:00,14,,
2025-10-05 15:00:00,15,,
2025-10-05 16:00:00,16,,
2025-10-05 17:00:00,17,,
2025-10-05 18:00:00,18,,
2025-10-05 19:00:00,19,,
2025-10-05 20:00:00,20,,
2025-10-05 21:00:00,21,,
2025-10-05 22:00:00,22,,
2025-10-05 23:00:00,23,,
2025-10-06 00:00:00,0,,
2025-10-06 01:00:00,1,,
2025-10-06 02:00:00,2,,
2025-10-06 03:00:00,3,,
2025-10-06 04:00:00,4,,
2025-10-06 05:00:00,5,,
2025-10-06 06:00:00,6,,
2025-10-06 07:00:00,7,,
2025-10-06 08:00:00,8,,
2025-10-06 09:00:00,9,,
2025-10-06 10:00:00,10,,
2025-10-06 11:00:00,11,,
2025-10-06 12:00:00,12,,
2025-10-06 13:00:00,13,,
2025-10-06 14:00:00,14,,
2025-10-06 15:00:00,15,,
2025-10-06 16:00:00,16,,
2025-10-06 17:00:00,17,,
2025-10-06 18:00:00,18,,
2025-10-06 19:00:00,19,,
2025-10-06 20:00:00,20,,
2025-10-06 21:00:00,21,,
2025-10-06 22:00:00,22,,
2025-10-06 23:00:00,23,,
2025-10-07 00:00:00,0,,
2025-10-07 01:00:00,1,,
2025-10-07 02:00:00,2,,
2025-10-07 03:00:00,3,,
2025-10-07 04:00:00,4,,
2025-10-07 05:00:00,5,,
2025-10-07 06:00:00,6,,
2025-10-07 07:00:00,7,,
2025-10-07 08:00:00,8,,
2025-10-07 09:00:00,9,,
2025-10-07 10:00:00,10,,
2025-10-07 11:00:00,11,,
2025-10-07 12:00:00,12,,
2025-10-07 13:00:00,13,,
2025-10-07 14:00:00,14,,
2025-10-07 15:00:00,15,,
2025-10-07 16:00:00,16,,
2025-10-07 17:00:00,17,,
2025-10-07 18:00:00,18,,
2025-10-07 19:00:00,19,,
2025-10-07 20:00:00,20,,
2025-10-07 21:00:00,21,,
2025-10-07 22:00:00,22,,
2025-10-07 23:00:00,23,,
2025-10-08 00:00:00,0,,
2025-10-08 01:00:00,1,,
2025-10-08 02:00:00,2,,
2025-10-08 03:00:00,3,,
2025-10-08 04:00:00,4,,
2025-10-08 05:00:00,5,,
2025-10-08 06:00:00,6,,
2025-10-08 07:00:00,7,,
2025-10-08 08:00:00,8,,
2025-10-08 09:00:00,9,,
2025-10-08 10:00:00,10,,
2025-10-08 11:00:00,11,,
2025-10-08 12:00:00,12,,
2025-10-08 13:00:00,13,,
2025-10-08 14:00:00,14,,
2025-10-08 15:00:00,15,,
2025-10-08 16:00:00,16,,
2025-10-08 17:00:00,17,,
2025-10-08 18:00:00,18,,
2025-10-08 19:00:00,19,,
2025-10-08 20:00:00,20,,
2025-10-08 21:00:00,21,,
2025-10-08 22:00:00,22,,
2025-10-08 23:00:00,23,,
2025-10-09 00:00:00,0,,
2025-10-09 01:00:00,1,,
2025-10-09 02:00:00,2,,
2025-10-09 03:00:00,3,,
2025-10-09 04:00:00,4,,
2025-10-09 05:00:00,5,,
2025-10-09 06:00:00,6,,
2025-10-09 07:00:00,7,,
2025-10-09 08:00:00,8,,
2025-10-09 09:00:00,9,,
2025-10-09 10:00:00,10,,
2025-10-09 11:00:00,11,,
2025-10-09 12:00:00,12,,
2025-10-09 13:00:00,13,,
2025-10-09 14:00:00,14,,
2025-10-09 15:00:00,15,,
2025-10-09 16:00:00,16,,
2025-10-09 17:00:00,17,,
2025-10-09 18:00:00,18,,
2025-10-09 19:00:00,19,,
2025-10-09 20:00:00,20,,
2025-10-09 21:00:00,21,,
2025-10-09 22:00:00,22,,
2025-10-09 23:00:00,23,,
2025-10-10 00:00:00,0,,
2025-10-10 01:00:00,1,,
2025-10-10 02:00:00,2,,
2025-10-10 03:00:00,3,,
2025-10-10 04:00:00,4,,
2025-10-10 05:00:00,5,,
2025-10-10 06:00:00,6,,
2025-10-10 07:00:00,7,,
2025-10-10 08:00:00,8,,
2025-10-10 09:00:00,9,,
2025-10-10 10:00:00,10,,
2025-10-10 11:00:00,11,,
2025-10-10 12:00:00,12,,
2025-10-10 13:00:00,13,,
2025-10-10 14:00:00,14,,
2025-10-10 15:00:00,15,,
2025-10-10 16:00:00,16,,
2025-10-10 17:00:00,17,,
2025-10-10 18:00:00,18,,
2025-10-10 19:00:00,19,,
2025-10-10 20:00:00,20,,
2025-10-10 21:00:00,21,,
2025-10-10 22:00:00,22,,
2025-10-10 23:00:00,23,,
2025-10-11 00:00:00,0,,
2025-10-11 01:00:00,1,,
2025-10-11 02:00:00,2,,
2025-10-11 03:00:00,3,,
2025-10-11 04:00:00,4,,
2025-10-11 05:00:00,5,,
2025-10-11 06:00:00,6,,
2025-10-11 07:00:00,7,,
2025-10-11 08:00:00,8,,
2025-10-11 09:00:00,9,,
2025-10-11 10:00:00,10,,
2025-10-11 11:00:00,11,,
2025-10-11 12:00:00,12,,
2025-10-11 13:00:00,13,,
2025-10-11 14:00:00,14,,
2025-10-11 15:00:00,15,,
2025-10-11 16:00:00,16,,
2025-10-11 17:00:00,17,,
2025-10-11 18:00:00,18,,
2025-10-11 19:00:00,19,,
2025-10-11 20:00:00,20,,
2025-10-11 21:00:00,21,,
2025-10-11 22:00:00,22,,
2025-10-11 23:00:00,23,,
2025-10-12 00:00:00,0,,
2025-10-12 01:00:00,1,,
2025-10-12 02:00:00,2,,
2025-10-12 03:00:00,3,,
2025-10-12 04:00:00,4,,
2025-10-12 05:00:00,5,,
2025-10-12 06:00:00,6,,
2025-10-12 07:00:00,7,,
2025-10-12 08:00:00,8,,
2025-10-12 09:00:00,9,,
2025-10-12 10:00:00,10,,
2025-10-12 11:00:00,11,,
2025-10-12 12:00:00,12,,
2025-10-12 13:00:00,13,,
2025-10-12 14:00:00,14,,
2025-10-12 15:00:00,15,,
2025-10-12 16:00:00,16,,
2025-10-12 17:00:00,17,,
2025-10-12 18:00:00,18,,
2025-10-12 19:00:00,19,,
2025-10-12 20:00:00,20,,
2025-10-12 21:00:00,21,,
2025-10-12 22:00:00,22,,
2025-10-12 23:00:00,23,,
2025-10-13 00:00:00,0,,
2025-10-13 01:00:00,1,,
2025-10-13 02:00:00,2,,
2025-10-13 03:00:00,3,,
2025-10-13 04:00:00,4,,
2025-10-13 05:00:00,5,,
2025-10-13 06:00:00,6,,
2025-10-13 07:00:00,7,,
2025-10-13 08:00:00,8,,
2025-10-13 09:00:00,9,,
2025-10-13 10:00:00,10,,
2025-10-13 11:00:00,11,,
2025-10-13 12:00:00,12,,
2025-10-13 13:00:00,13,,
2025-10-13 14:00:00,14,,
2025-10-13 15:00:00,15,,
2025-10-13 16:00:00,16,,
2025-10-13 17:00:00,17,,
2025-10-13 18:00:00,18,,
2025-10-13 19:00:00,19,,
2025-10-13 20:00:00,20,,
2025-10-13 21:00:00,21,,
2025-10-13 22:00:00,22,,
2025-10-13 23:00:00,23,,
2025-10-14 00:00:00,0,,
2025-10-14 01:00:00,1,,
2025-10-14 02:00:00,2,,
2025-10-14 03:00:00,3,,
2025-10-14 04:00:00,4,,
2025-10-14 05:00:00,5,,
2025-10-14 06:00:00,6,,
2025-10-14 07:00:00,7,,
2025-10-14 08:00:00,8,,
2025-10-14 09:00:00,9,,
2025-10-14 10:00:00,10,,
2025-10-14 11:00:00,11,,
2025-10-14 12:00:00,12,,
2025-10-14 13:00:00,13,,
2025-10-14 14:00:00,14,,
2025-10-14 15:00:00,15,,
2025-10-14 16:00:00,16,,
2025-10-14 17:00:00,17,,
2025-10-14 18:00:00,18,,
2025-10-14 19:00:00,19,,
2025-10-14 20:00:00,20,,
2025-10-14 21:00:00,21,,
2025-10-14 22:00:00,22,,
2025-10-14 23:00:00,23,,
2025-10-15 00:00:00,0,,
2025-10-15 01:00:00,1,,
2025-10-15 02:00:00,2,,
2025-10-15 03:00:00,3,,
2025-10-15 04:00:00,4,,
2025-10-15 05:00:00,5,,
2025-10-15 06:00:00,6,,
2025-10-15 07:00:00,7,,
2025-10-15 08:00:00,8,,
2025-10-15 09:00:00,9,,
2025-10-15 10:00:00,10,,
2025-10-15 11:00:00,11,,
2025-10-15 12:00:00,12,,
2025-10-15 13:00:00,13,,
2025-10-15 14:00:00,14,,
2025-10-15 15:00:00,15,,
2025-10-15 16:00:00,16,,
2025-10-15 17:00:00,17,,
2025-10-15 18:00:00,18,,
2025-10-15 19:00:00,19,,
2025-10-15 20:00:00,20,,
2025-10-15 21:00:00,21,,
2025-10-15 22:00:00,22,,
2025-10-15 23:00:00,23,,
2025-10-16 00:00:00,0,,
2025-10-16 01:00:00,1,,
2025-10-16 02:00:00,2,,
2025-10-16 03:00:00,3,,
2025-10-16 04:00:00,4,,
2025-10-16 05:00:00,5,,
2025-10-16 06:00:00,6,,
2025-10-16 07:00:00,7,,
2025-10-16 08:00:00,8,,
2025-10-16 09:00:00,9,,
2025-10-16 10:00:00,10,,
2025-10-16 11:00:00,11,,
2025-10-16 12:00:00,12,,
2025-10-16 13:00:00,13,,
2025-10-16 14:00:00,14,,
2025-10-16 15:00:00,15,,
2025-10-16 16:00:00,16,,
2025-10-16 17:00:00,17,,
2025-10-16 18:00:00,18,,
2025-10-16 19:00:00,19,,
2025-10-16 20:00:00,20,,
2025-10-16 21:00:00,21,,
2025-10-16 22:00:00,22,,
2025-10-16 23:00:00,23,,
2025-10-17 00:00:00,0,,
2025-10-17 01:00:00,1,,
2025-10-17 02:00:00,2,,
2025-10-17 03:00:00,3,,
2025-10-17 04:00:00,4,,
2025-10-17 05:00:00,5,,
2025-10-17 06:00:00,6,,
2025-10-17 07:00:00,7,,
2025-10-17 08:00:00,8,,
2025-10-17 09:00:00,9,,
2025-10-17 10:00:00,10,,
2025-10-17 11:00:00,11,,
2025-10-17 12:00:00,12,,
2025-10-17 13:00:00,13,,
2025-10-17 14:00:00,14,,
2025-10-17 15:00:00,15,,
2025-10-17 16:00:00,16,,
2025-10-17 17:00:00,17,,
2025-10-17 18:00:00,18,,
2025-10-17 19:00:00,19,,
2025-10-17 20:00:00,20,,
2025-10-17 21:00:00,21,,
2025-10-17 22:00:00,22,,
2025-10-17 23:00:00,23,,
2025-10-18 00:00:00,0,,
2025-10-18 01:00:00,1,,
2025-10-18 02:00:00,2,,
2025-10-18 03:00:00,3,,
2025-10-18 04:00:00,4,,
2025-10-18 05:00:00,5,,
2025-10-18 06:00:00,6,,
2025-10-18 07:00:00,7,,
2025-10-18 08:00:00,8,,
2025-10-18 09:00:00,9,,
2025-10-18 10:00:00,10,,
2025-10-18 11:00:00,11,,
2025-10-18 12:00:00,12,,
2025-10-18 13:00:00,13,,
2025-10-18 14:00:00,14,,
2025-10-18 15:00:00,15,,
2025-10-18 16:00:00,16,,
2025-10-18 17:00:00,17,,
2025-10-18 18:00:00,18,,
2025-10-18 19:00:00,19,,
2025-10-18 20:00:00,20,,
2025-10-18 21:00:00,21,,
2025-10-18 22:00:00,22,,
2025-10-18 23:00:00,23,,
2025-10-19 00:00:00,0,,
2025-10-19 01:00:00,1,,
2025-10-19 02:00:00,2,,
2025-10-19 03:00:00,3,,
2025-10-19 04:00:00,4,,
2025-10-19 05:00:00,5,,
2025-10-19 06:00:00,6,,
2025-10-19 07:00:00,7,,
2025-10-19 08:00:00,8,,
2025-10-19 09:00:00,9,,
2025-10-19 10:00:00,10,,
2025-10-19 11:00:00,11,,
2025-10-19 12:00:00,12,,
2025-10-19 13:00:00,13,,
2025-10-19 14:00:00,14,,
2025-10-19 15:00:00,15,,
2025-10-19 16:00:00,16,,
2025-10-19 17:00:00,17,,
2025-10-19 18:00:00,18,,
2025-10-19 19:00:00,19,,
2025-10-19 20:00:00,20,,
2025-10-19 21:00:00,21,,
2025-10-19 22:00:00,22,,
2025-10-19 23:00:00,23,,
2025-10-20 00:00:00,0,,
2025-10-20 01:00:00,1,,
2025-10-20 02:00:00,2,,
2025-10-20 03:00:00,3,,
2025-10-20 04:00:00,4,,
2025-10-20 05:00:00,5,,
2025-10-20 06:00:00,6,,
2025-10-20 07:00:00,7,,
2025-10-20 08:00:00,8,,
2025-10-20 09:00:00,9,,
2025-10-20 10:00:00,10,,
2025-10-20 11:00:00,11,,
2025-10-20 12:00:00,12,,
2025-10-20 13:00:00,13,,
2025-10-20 14:00:00,14,,
2025-10-20 15:00:00,15,,
2025-10-20 16:00:00,16,,
2025-10-20 17:00:00,17,,
2025-10-20 18:00:00,18,,
2025-10-20 19:00:00,19,,
2025-10-20 20:00:00,20,,
2025-10-20 21:00:00,21,,
2025-10-20 22:00:00,22,,
2025-10-20 23:00:00,23,,
2025-10-21 00:00:00,0,,
2025-10-21 01:00:00,1,,
2025-10-21 02:00:00,2,,
2025-10-21 03:00:00,3,,
2025-10-21 04:00:00,4,,
2025-10-21 05:00:00,5,,
2025-10-21 06:00:00,6,,
2025-10-21 07:00:00,7,,
2025-10-21 08:00:00,8,,
2025-10-21 09:00:00,9,,
2025-10-21 10:00:00,10,,
2025-10-21 11:00:00,11,,
2025-10-21 12:00:00,12,,
2025-10-21 13:00:00,13,,
2025-10-21 14:00:00,14,,
2025-10-21 15:00:00,15,,
2025-10-21 16:00:00,16,,
2025-10-21 17:00:00,17,,
2025-10-21 18:00:00,18,,
2025-10-21 19:00:00,19,,
2025-10-21 20:00:00,20,,
2025-10-21 21:00:00,21,,
2025-10-21 22:00:00,22,,
2025-10-21 23:00:00,23,,
2025-10-22 00:00:00,0,,
2025-10-22 01:00:00,1,,
2025-10-22 02:00:00,2,,
2025-10-22 03:00:00,3,,
2025-10-22 04:00:00,4,,
2025-10-22 05:00:00,5,,
2025-10-22 06:00:00,6,,
2025-10-22 07:00:00,7,,
2025-10-22 08:00:00,8,,
2025-10-22 09:00:00,9,,
2025-10-22 10:00:00,10,,
2025-10-22 11:00:00,11,,
2025-10-22 12:00:00,12,,
2025-10-22 13:00:00,13,,
2025-10-22 14:00:00,14,,
2025-10-22 15:00:00,15,,
2025-10-22 16:00:00,16,,
2025-10-22 17:00:00,17,,
2025-10-22 18:00:00,18,,
2025-10-22 19:00:00,19,,
2025-10-22 20:00:00,20,,
2025-10-22 21:00:00,21,,
2025-10-22 22:00:00,22,,
2025-10-22 23:00:00,23,,
2025-10-23 00:00:00,0,,
2025-10-23 01:00:00,1,,
2025-10-23 02:00:00,2,,
2025-10-23 03:00:00,3,,
2025-10-23 04:00:00,4,,
2025-10-23 05:00:00,5,,
2025-10-23 06:00:00,6,,
2025-10-23 07:00:00,7,,
2025-10-23 08:00:00,8,,
2025-10-23 09:00:00,9,,
2025-10-23 10:00:00,10,,
2025-10-23 11:00:00,11,,
2025-10-23 12:00:00,12,,
2025-10-23 13:00:00,13,,
2025-10-23 14:00:00,14,,
2025-10-23 15:00:00,15,,
2025-10-23 16:00:00,16,,
2025-10-23 17:00:00,17,,
2025-10-23 18:00:00,18,,
2025-10-23 19:00:00,19,,
2025-10-23 20:00:00,20,,
2025-10-23 21:00:00,21,,
2025-10-23 22:00:00,22,,
2025-10-23 23:00:00,23,,
2025-10-24 00:00:00,0,,
2025-10-24 01:00:00,1,,
2025-10-24 02:00:00,2,,
2025-10-24 03:00:00,3,,
2025-10-24 04:00:00,4,,
2025-10-24 05:00:00,5,,
2025-10-24 06:00:00,6,,
2025-10-24 07:00:00,7,,
2025-10-24 08:00:00,8,,
2025-10-24 09:00:00,9,,
2025-10-24 10:00:00,10,,
2025-10-24 11:00:00,11,,
2025-10-24 12:00:00,12,,
2025-10-24 13:00:00,13,,
2025-10-24 14:00:00,14,,
2025-10-24 15:00:00,15,,
2025-10-24 16:00:00,16,,
2025-10-24 17:00:00,17,,
2025-10-24 18:00:00,18,,
2025-10-24 19:00:00,19,,
2025-10-24 20:00:00,20,,
2025-10-24 21:00:00,21,,
2025-10-24 22:00:00,22,,
2025-10-24 23:00:00,23,,
2025-10-25 00:00:00,0,,
2025-10-25 01:00:00,1,,
2025-10-25 02:00:00,2,,
2025-10-25 03:00:00,3,,
2025-10-25 04:00:00,4,,
2025-10-25 05:00:00,5,,
2025-10-25 06:00:00,6,,
2025-10-25 07:00:00,7,,
2025-10-25 08:00:00,8,,
2025-10-25 09:00:00,9,,
2025-10-25 10:00:00,10,,
2025-10-25 11:00:00,11,,
2025-10-25 12:00:00,12,,
2025-10-25 13:00:00,13,,
2025-10-25 14:00:00,14,,
2025-10-25 15:00:00,15,,
2025-10-25 16:00:00,16,,
2025-10-25 17:00:00,17,,
2025-10-25 18:00:00,18,,
2025-10-25 19:00:00,19,,
2025-10-25 20:00:00,20,,
2025-10-25 21:00:00,21,,
2025-10-25 22:00:00,22,,
2025-10-25 23:00:00,23,,
2025-10-26 00:00:00,0,,
2025-10-26 01:00:00,1,,
2025-10-26 02:00:00,2,,
2025-10-26 03:00:00,3,,
2025-10-26 04:00:00,4,,
2025-10-26 05:00:00,5,,
2025-10-26 06:00:00,6,,
2025-10-26 07:00:00,7,,
2025-10-26 08:00:00,8,,
2025-10-26 09:00:00,9,,
2025-10-26 10:00:00,10,,
2025-10-26 11:00:00,11,,
2025-10-26 12:00:00,12,,
2025-10-26 13:00:00,13,,
2025-10-26 14:00:00,14,,
2025-10-26 15:00:00,15,,
2025-10-26 16:00:00,16,,
2025-10-26 17:00:00,17,,
2025-10-26 18:00:00,18,,
2025-10-26 19:00:00,19,,
2025-10-26 20:00:00,20,,
2025-10-26 21:00:00,21,,
2025-10-26 22:00:00,22,,
2025-10-26 23:00:00,23,,
2025-10-27 00:00:00,0,,
2025-10-27 01:00:00,1,,
2025-10-27 02:00:00,2,,
2025-10-27 03:00:00,3,,
2025-10-27 04:00:00,4,,
2025-10-27 05:00:00,5,,
2025-10-27 06:00:00,6,,
2025-10-27 07:00:00,7,,
2025-10-27 08:00:00,8,,
2025-10-27 09:00:00,9,,
2025-10-27 10:00:00,10,,
2025-10-27 11:00:00,11,,
2025-10-27 12:00:00,12,,
2025-10-27 13:00:00,13,,
2025-10-27 14:00:00,14,,
2025-10-27 15:00:00,15,,
2025-10-27 16:00:00,16,,
2025-10-27 17:00:00,17,,
2025-10-27 18:00:00,18,,
2025-10-27 19:00:00,19,,
2025-10-27 20:00:00,20,,
2025-10-27 21:00:00,21,,
2025-10-27 22:00:00,22,,
2025-10-27 23:00:00,23,,
2025-10-28 00:00:00,0,,
2025-10-28 01:00:00,1,,
2025-10-28 02:00:00,2,,
2025-10-28 03:00:00,3,,
2025-10-28 04:00:00,4,,
2025-10-28 05:00:00,5,,
2025-10-28 06:00:00,6,,
2025-10-28 07:00:00,7,,
2025-10-28 08:00:00,8,,
2025-10-28 09:00:00,9,,
2025-10-28 10:00:00,10,,
2025-10-28 11:00:00,11,,
2025-10-28 12:00:00,12,,
2025-10-28 13:00:00,13,,
2025-10-28 14:00:00,14,,
2025-10-28 15:00:00,15,,
2025-10-28 16:00:00,16,,
2025-10-28 17:00:00,17,,
2025-10-28 18:00:00,18,,
2025-10-28 19:00:00,19,,
2025-10-28 20:00:00,20,,
2025-10-28 21:00:00,21,,
2025-10-28 22:00:00,22,,
2025-10-28 23:00:00,23,,
2025-10-29 00:00:00,0,,
2025-10-29 01:00:00,1,,
2025-10-29 02:00:00,2,,
2025-10-29 03:00:00,3,,
2025-10-29 04:00:00,4,,
2025-10-29 05:00:00,5,,
2025-10-29 06:00:00,6,,
2025-10-29 07:00:00,7,,
2025-10-29 08:00:00,8,,
2025-10-29 09:00:00,9,,
2025-10-29 10:00:00,10,,
2025-10-29 11:00:00,11,,
2025-10-29 12:00:00,12,,
2025-10-29 13:00:00,13,,
2025-10-29 14:00:00,14,,
2025-10-29 15:00:00,15,,
2025-10-29 16:00:00,16,,
2025-10-29 17:00:00,17,,
2025-10-29 18:00:00,18,,
2025-10-29 19:00:00,19,,
2025-10-29 20:00:00,20,,
2025-10-29 21:00:00,21,,
2025-10-29 22:00:00,22,,
2025-10-29 23:00:00,23,,
2025-10-30 00:00:00,0,,
2025-10-30 01:00:00,1,,
2025-10-30 02:00:00,2,,
2025-10-30 03:00:00,3,,
2025-10-30 04:00:00,4,,
2025-10-30 05:00:00,5,,
2025-10-30 06:00:00,6,,
2025-10-30 07:00:00,7,,
2025-10-30 08:00:00,8,,
2025-10-30 09:00:00,9,,
2025-10-30 10:00:00,10,,
2025-10-30 11:00:00,11,,
2025-10-30 12:00:00,12,,
2025-10-30 13:00:00,13,,
2025-10-30 14:00:00,14,,
2025-10-30 15:00:00,15,,
2025-10-30 16:00:00,16,,
2025-10-30 17:00:00,17,,
2025-10-30 18:00:00,18,,
2025-10-30 19:00:00,19,,
2025-10-30 20:00:00,20,,
2025-10-30 21:00:00,21,,
2025-10-30 22:00:00,22,,
2025-10-30 23:00:00,23,,
2025-10-31 00:00:00,0,,
2025-10-31 01:00:00,1,,
2025-10-31 02:00:00,2,,
2025-10-31 03:00:00,3,,
2025-10-31 04:00:00,4,,
2025-10-31 05:00:00,5,,
2025-10-31 06:00:00,6,,
2025-10-31 07:00:00,7,,
2025-10-31 08:00:00,8,,
2025-10-31 09:00:00,9,,
2025-10-31 10:00:00,10,,
2025-10-31 11:00:00,11,,
2025-10-31 12:00:00,12,,
2025-10-31 13:00:00,13,,
2025-10-31 14:00:00,14,,
2025-10-31 15:00:00,15,,
2025-10-31 16:00:00,16,,
2025-10-31 17:00:00,17,,
2025-10-31 18:00:00,18,,
2025-10-31 19:00:00,19,,
2025-10-31 20:00:00,20,,
2025-10-31 21:00:00,21,,
2025-10-31 22:00:00,22,,
2025-10-31 23:00:00,23,,
2025-11-01 00:00:00,0,,
2025-11-01 01:00:00,1,,
2025-11-01 02:00:00,2,,
2025-11-01 03:00:00,3,,
2025-11-01 04:00:00,4,,
2025-11-01 05:00:00,5,,
2025-11-01 06:00:00,6,,
2025-11-01 07:00:00,7,,
2025-11-01 08:00:00,8,,
2025-11-01 09:00:00,9,,
2025-11-01 10:00:00,10,,
2025-11-01 11:00:00,11,,
2025-11-01 12:00:00,12,,
2025-11-01 13:00:00,13,,
2025-11-01 14:00:00,14,,
2025-11-01 15:00:00,15,,
2025-11-01 16:00:00,16,,
2025-11-01 17:00:00,17,,
2025-11-01 18:00:00,18,,
2025-11-01 19:00:00,19,,
2025-11-01 20:00:00,20,,
2025-11-01 21:00:00,21,,
2025-11-01 22:00:00,22,,
2025-11-01 23:00:00,23,,
2025-11-02 00:00:00,0,,
2025-11-02 01:00:00,1,,
2025-11-02 02:00:00,2,,
2025-11-02 03:00:00,3,,
2025-11-02 04:00:00,4,,
2025-11-02 05:00:00,5,,
2025-11-02 06:00:00,6,,
2025-11-02 07:00:00,7,,
2025-11-02 08:00:00,8,,
2025-11-02 09:00:00,9,,
2025-11-02 10:00:00,10,,
2025-11-02 11:00:00,11,,
2025-11-02 12:00:00,12,,
2025-11-02 13:00:00,13,,
2025-11-02 14:00:00,14,,
2025-11-02 15:00:00,15,,
2025-11-02 16:00:00,16,,
2025-11-02 17:00:00,17,,
2025-11-02 18:00:00,18,,
2025-11-02 19:00:00,19,,
2025-11-02 20:00:00,20,,
2025-11-02 21:00:00,21,,
2025-11-02 22:00:00,22,,
2025-11-02 23:00:00,23,,
2025-11-03 00:00:00,0,,
2025-11-03 01:00:00,1,,
2025-11-03 02:00:00,2,,
2025-11-03 03:00:00,3,,
2025-11-03 04:00:00,4,,
2025-11-03 05:00:00,5,,
2025-11-03 06:00:00,6,,
2025-11-03 07:00:00,7,,
2025-11-03 08:00:00,8,,
2025-11-03 09:00:00,9,,
2025-11-03 10:00:00,10,,
2025-11-03 11:00:00,11,,
2025-11-03 12:00:00,12,,
2025-11-03 13:00:00,13,,
2025-11-03 14:00:00,14,,
2025-11-03 15:00:00,15,,
2025-11-03 16:00:00,16,,
2025-11-03 17:00:00,17,,
2025-11-03 18:00:00,18,,
2025-11-03 19:00:00,19,,
2025-11-03 20:00:00,20,,
2025-11-03 21:00:00,21,,
2025-11-03 22:00:00,22,,
2025-11-03 23:00:00,23,,
2025-11-04 00:00:00,0,,
2025-11-04 01:00:00,1,,
2025-11-04 02:00:00,2,,
2025-11-04 03:00:00,3,,
2025-11-04 04:00:00,4,,
2025-11-04 05:00:00,5,,
2025-11-04 06:00:00,6,,
2025-11-04 07:00:00,7,,
2025-11-04 08:00:00,8,,
2025-11-04 09:00:00,9,,
2025-11-04 10:00:00,10,,
2025-11-04 11:00:00,11,,
2025-11-04 12:00:00,12,,
2025-11-04 13:00:00,13,,
2025-11-04 14:00:00,14,,
2025-11-04 15:00:00,15,,
2025-11-04 16:00:00,16,,
2025-11-04 17:00:00,17,,
2025-11-04 18:00:00,18,,
2025-11-04 19:00:00,19,,
2025-11-04 20:00:00,20,,
2025-11-04 21:00:00,21,,
2025-11-04 22:00:00,22,,
2025-11-04 23:00:00,23,,
2025-11-05 00:00:00,0,,
2025-11-05 01:00:00,1,,
2025-11-05 02:00:00,2,,
2025-11-05 03:00:00,3,,
2025-11-05 04:00:00,4,,
2025-11-05 05:00:00,5,,
2025-11-05 06:00:00,6,,
2025-11-05 07:00:00,7,,
2025-11-05 08:00:00,8,,
2025-11-05 09:00:00,9,,
2025-11-05 10:00:00,10,,
2025-11-05 11:00:00,11,,
2025-11-05 12:00:00,12,,
2025-11-05 13:00:00,13,,
2025-11-05 14:00:00,14,,
2025-11-05 15:00:00,15,,
2025-11-05 16:00:00,16,,
2025-11-05 17:00:00,17,,
2025-11-05 18:00:00,18,,
2025-11-05 19:00:00,19,,
2025-11-05 20:00:00,20,,
2025-11-05 21:00:00,21,,
2025-11-05 22:00:00,22,,
2025-11-05 23:00:00,23,,
2025-11-06 00:00:00,0,,
2025-11-06 01:00:00,1,,
2025-11-06 02:00:00,2,,
2025-11-06 03:00:00,3,,
2025-11-06 04:00:00,4,,
2025-11-06 05:00:00,5,,
2025-11-06 06:00:00,6,,
2025-11-06 07:00:00,7,,
2025-11-06 08:00:00,8,,
2025-11-06 09:00:00,9,,
2025-11-06 10:00:00,10,,
2025-11-06 11:00:00,11,,
2025-11-06 12:00:00,12,,
2025-11-06 13:00:00,13,,
2025-11-06 14:00:00,14,,
2025-11-06 15:00:00,15,,
2025-11-06 16:00:00,16,,
2025-11-06 17:00:00,17,,
2025-11-06 18:00:00,18,,
2025-11-06 19:00:00,19,,
2025-11-06 20:00:00,20,,
2025-11-06 21:00:00,21,,
2025-11-06 22:00:00,22,,
2025-11-06 23:00:00,23,,
2025-11-07 00:00:00,0,,
2025-11-07 01:00:00,1,,
2025-11-07 02:00:00,2,,
2025-11-07 03:00:00,3,,
2025-11-07 04:00:00,4,,
2025-11-07 05:00:00,5,,
2025-11-07 06:00:00,6,,
2025-11-07 07:00:00,7,,
2025-11-07 08:00:00,8,,
2025-11-07 09:00:00,9,,
2025-11-07 10:00:00,10,,
2025-11-07 11:00:00,11,,
2025-11-07 12:00:00,12,,
2025-11-07 13:00:00,13,,
2025-11-07 14:00:00,14,,
2025-11-07 15:00:00,15,,
2025-11-07 16:00:00,16,,
2025-11-07 17:00:00,17,,
2025-11-07 18:00:00,18,,
2025-11-07 19:00:00,19,,
2025-11-07 20:00:00,20,,
2025-11-07 21:00:00,21,,
2025-11-07 22:00:00,22,,
2025-11-07 23:00:00,23,,
2025-11-08 00:00:00,0,,
2025-11-08 01:00:00,1,,
2025-11-08 02:00:00,2,,
2025-11-08 03:00:00,3,,
2025-11-08 04:00:00,4,,
2025-11-08 05:00:00,5,,
2025-11-08 06:00:00,6,,
2025-11-08 07:00:00,7,,
2025-11-08 08:00:00,8,,
2025-11-08 09:00:00,9,,
2025-11-08 10:00:00,10,,
2025-11-08 11:00:00,11,,
2025-11-08 12:00:00,12,,
2025-11-08 13:00:00,13,,
2025-11-08 14:00:00,14,,
2025-11-08 15:00:00,15,,
2025-11-08 16:00:00,16,,
2025-11-08 17:00:00,17,,
2025-11-08 18:00:00,18,,
2025-11-08 19:00:00,19,,
2025-11-08 20:00:00,20,,
2025-11-08 21:00:00,21,,
2025-11-08 22:00:00,22,,
2025-11-08 23:00:00,23,,
2025-11-09 00:00:00,0,,
2025-11-09 01:00:00,1,,
2025-11-09 02:00:00,2,,
2025-11-09 03:00:00,3,,
2025-11-09 04:00:00,4,,
2025-11-09 05:00:00,5,,
2025-11-09 06:00:00,6,,
2025-11-09 07:00:00,7,,
2025-11-09 08:00:00,8,,
2025-11-09 09:00:00,9,,
2025-11-09 10:00:00,10,,
2025-11-09 11:00:00,11,,
2025-11-09 12:00:00,12,,
2025-11-09 13:00:00,13,,
2025-11-09 14:00:00,14,,
2025-11-09 15:00:00,15,,
2025-11-09 16:00:00,16,,
2025-11-09 17:00:00,17,,
2025-11-09 18:00:00,18,,
2025-11-09 19:00:00,19,,
2025-11-09 20:00:00,20,,
2025-11-09 21:00:00,21,,
2025-11-09 22:00:00,22,,
2025-11-09 23:00:00,23,,
2025-11-10 00:00:00,0,,
2025-11-10 01:00:00,1,,
2025-11-10 02:00:00,2,,
2025-11-10 03:00:00,3,,
2025-11-10 04:00:00,4,,
2025-11-10 05:00:00,5,,
2025-11-10 06:00:00,6,,
2025-11-10 07:00:00,7,,
2025-11-10 08:00:00,8,,
2025-11-10 09:00:00,9,,
2025-11-10 10:00:00,10,,
2025-11-10 11:00:00,11,,
2025-11-10 12:00:00,12,,
2025-11-10 13:00:00,13,,
2025-11-10 14:00:00,14,,
2025-11-10 15:00:00,15,,
2025-11-10 16:00:00,16,,
2025-11-10 17:00:00,17,,
2025-11-10 18:00:00,18,,
2025-11-10 19:00:00,19,,
2025-11-10 20:00:00,20,,
2025-11-10 21:00:00,21,,
2025-11-10 22:00:00,22,,
2025-11-10 23:00:00,23,,
2025-11-11 00:00:00,0,,
2025-11-11 01:00:00,1,,
2025-11-11 02:00:00,2,,
2025-11-11 03:00:00,3,,
2025-11-11 04:00:00,4,,
2025-11-11 05:00:00,5,,
2025-11-11 06:00:00,6,,
2025-11-11 07:00:00,7,,
2025-11-11 08:00:00,8,,
2025-11-11 09:00:00,9,,
2025-11-11 10:00:00,10,,
2025-11-11 11:00:00,11,,
2025-11-11 12:00:00,12,,
2025-11-11 13:00:00,13,,
2025-11-11 14:00:00,14,,
2025-11-11 15:00:00,15,,
2025-11-11 16:00:00,16,,
2025-11-11 17:00:00,17,,
2025-11-11 18:00:00,18,,
2025-11-11 19:00:00,19,,
2025-11-11 20:00:00,20,,
2025-11-11 21:00:00,21,,
2025-11-11 22:00:00,22,,
2025-11-11 23:00:00,23,,
2025-11-12 00:00:00,0,,
2025-11-12 01:00:00,1,,
2025-11-12 02:00:00,2,,
2025-11-12 03:00:00,3,,
2025-11-12 04:00:00,4,,
2025-11-12 05:00:00,5,,
2025-11-12 06:00:00,6,,
2025-11-12 07:00:00,7,,
2025-11-12 08:00:00,8,,
2025-11-12 09:00:00,9,,
2025-11-12 10:00:00,10,,
2025-11-12 11:00:00,11,,
2025-11-12 12:00:00,12,,
2025-11-12 13:00:00,13,,
2025-11-12 14:00:00,14,,
2025-11-12 15:00:00,15,,
2025-11-12 16:00:00,16,,
2025-11-12 17:00:00,17,,
2025-11-12 18:00:00,18,,
2025-11-12 19:00:00,19,,
2025-11-12 20:00:00,20,,
2025-11-12 21:00:00,21,,
2025-11-12 22:00:00,22,,
2025-11-12 23:00:00,23,,
2025-11-13 00:00:00,0,,
2025-11-13 01:00:00,1,,
2025-11-13 02:00:00,2,,
2025-11-13 03:00:00,3,,
2025-11-13 04:00:00,4,,
2025-11-13 05:00:00,5,,
2025-11-13 06:00:00,6,,
2025-11-13 07:00:00,7,,
2025-11-13 08:00:00,8,,
2025-11-13 09:00:00,9,,
2025-11-13 10:00:00,10,,
2025-11-13 11:00:00,11,,
2025-11-13 12:00:00,12,,
2025-11-13 13:00:00,13,,
2025-11-13 14:00:00,14,,
2025-11-13 15:00:00,15,,
2025-11-13 16:00:00,16,,
2025-11-13 17:00:00,17,,
2025-11-13 18:00:00,18,,
2025-11-13 19:00:00,19,,
2025-11-13 20:00:00,20,,
2025-11-13 21:00:00,21,,
2025-11-13 22:00:00,22,,
2025-11-13 23:00:00,23,,
2025-11-14 00:00:00,0,,
2025-11-14 01:00:00,1,,
2025-11-14 02:00:00,2,,
2025-11-14 03:00:00,3,,
2025-11-14 04:00:00,4,,
2025-11-14 05:00:00,5,,
2025-11-14 06:00:00,6,,
2025-11-14 07:00:00,7,,
2025-11-14 08:00:00,8,,
2025-11-14 09:00:00,9,,
2025-11-14 10:00:00,10,,
2025-11-14 11:00:00,11,,
2025-11-14 12:00:00,12,,
2025-11-14 13:00:00,13,,
2025-11-14 14:00:00,14,,
2025-11-14 15:00:00,15,,
2025-11-14 16:00:00,16,,
2025-11-14 17:00:00,17,,
2025-11-14 18:00:00,18,,
2025-11-14 19:00:00,19,,
2025-11-14 20:00:00,20,,
2025-11-14 21:00:00,21,,
2025-11-14 22:00:00,22,,
2025-11-14 23:00:00,23,,
2025-11-15 00:00:00,0,,
2025-11-15 01:00:00,1,,
2025-11-15 02:00:00,2,,
2025-11-15 03:00:00,3,,
2025-11-15 04:00:00,4,,
2025-11-15 05:00:00,5,,
2025-11-15 06:00:00,6,,
2025-11-15 07:00:00,7,,
2025-11-15 08:00:00,8,,
2025-11-15 09:00:00,9,,
2025-11-15 10:00:00,10,,
2025-11-15 11:00:00,11,,
2025-11-15 12:00:00,12,,
2025-11-15 13:00:00,13,,
2025-11-15 14:00:00,14,,
2025-11-15 15:00:00,15,,
2025-11-15 16:00:00,16,,
2025-11-15 17:00:00,17,,
2025-11-15 18:00:00,18,,
2025-11-15 19:00:00,19,,
2025-11-15 20:00:00,20,,
2025-11-15 21:00:00,21,,
2025-11-15 22:00:00,22,,
2025-11-15 23:00:00,23,,
2025-11-16 00:00:00,0,,
2025-11-16 01:00:00,1,,
2025-11-16 02:00:00,2,,
2025-11-16 03:00:00,3,,
2025-11-16 04:00:00,4,,
2025-11-16 05:00:00,5,,
2025-11-16 06:00:00,6,,
2025-11-16 07:00:00,7,,
2025-11-16 08:00:00,8,,
2025-11-16 09:00:00,9,,
2025-11-16 10:00:00,10,,
2025-11-16 11:00:00,11,,
2025-11-16 12:00:00,12,,
2025-11-16 13:00:00,13,,
2025-11-16 14:00:00,14,,
2025-11-16 15:00:00,15,,
2025-11-16 16:00:00,16,,
2025-11-16 17:00:00,17,,
2025-11-16 18:00:00,18,,
2025-11-16 19:00:00,19,,
2025-11-16 20:00:00,20,,
2025-11-16 21:00:00,21,,
2025-11-16 22:00:00,22,,
2025-11-16 23:00:00,23,,
2025-11-17 00:00:00,0,,
2025-11-17 01:00:00,1,,
2025-11-17 02:00:00,2,,
2025-11-17 03:00:00,3,,
2025-11-17 04:00:00,4,,
2025-11-17 05:00:00,5,,
2025-11-17 06:00:00,6,,
2025-11-17 07:00:00,7,,
2025-11-17 08:00:00,8,,
2025-11-17 09:00:00,9,,
2025-11-17 10:00:00,10,,
2025-11-17 11:00:00,11,,
2025-11-17 12:00:00,12,,
2025-11-17 13:00:00,13,,
2025-11-17 14:00:00,14,,
2025-11-17 15:00:00,15,,
2025-11-17 16:00:00,16,,
2025-11-17 17:00:00,17,,
2025-11-17 18:00:00,18,,
2025-11-17 19:00:00,19,,
2025-11-17 20:00:00,20,,
2025-11-17 21:00:00,21,,
2025-11-17 22:00:00,22,,
2025-11-17 23:00:00,23,,
2025-11-18 00:00:00,0,,
2025-11-18 01:00:00,1,,
2025-11-18 02:00:00,2,,
2025-11-18 03:00:00,3,,
2025-11-18 04:00:00,4,,
2025-11-18 05:00:00,5,,
2025-11-18 06:00:00,6,,
2025-11-18 07:00:00,7,,
2025-11-18 08:00:00,8,,
2025-11-18 09:00:00,9,,
2025-11-18 10:00:00,10,,
2025-11-18 11:00:00,11,,
2025-11-18 12:00:00,12,,
2025-11-18 13:00:00,13,,
2025-11-18 14:00:00,14,,
2025-11-18 15:00:00,15,,
2025-11-18 16:00:00,16,,
2025-11-18 17:00:00,17,,
2025-11-18 18:00:00,18,,
2025-11-18 19:00:00,19,,
2025-11-18 20:00:00,20,,
2025-11-18 21:00:00,21,,
2025-11-18 22:00:00,22,,
2025-11-18 23:00:00,23,,
2025-11-19 00:00:00,0,,
2025-11-19 01:00:00,1,,
2025-11-19 02:00:00,2,,
2025-11-19 03:00:00,3,,
2025-11-19 04:00:00,4,,
2025-11-19 05:00:00,5,,
2025-11-19 06:00:00,6,,
2025-11-19 07:00:00,7,,
2025-11-19 08:00:00,8,,
2025-11-19 09:00:00,9,,
2025-11-19 10:00:00,10,,
2025-11-19 11:00:00,11,,
2025-11-19 12:00:00,12,,
2025-11-19 13:00:00,13,,
2025-11-19 14:00:00,14,,
2025-11-19 15:00:00,15,,
2025-11-19 16:00:00,16,,
2025-11-19 17:00:00,17,,
2025-11-19 18:00:00,18,,
2025-11-19 19:00:00,19,,
2025-11-19 20:00:00,20,,
2025-11-19 21:00:00,21,,
2025-11-19 22:00:00,22,,
2025-11-19 23:00:00,23,,
2025-11-20 00:00:00,0,,
2025-11-20 01:00:00,1,,
2025-11-20 02:00:00,2,,
2025-11-20 03:00:00,3,,
2025-11-20 04:00:00,4,,
2025-11-20 05:00:00,5,,
2025-11-20 06:00:00,6,,
2025-11-20 07:00:00,7,,
2025-11-20 08:00:00,8,,
2025-11-20 09:00:00,9,,
2025-11-20 10:00:00,10,,
2025-11-20 11:00:00,11,,
2025-11-20 12:00:00,12,,
2025-11-20 13:00:00,13,,
2025-11-20 14:00:00,14,,
2025-11-20 15:00:00,15,,
2025-11-20 16:00:00,16,,
2025-11-20 17:00:00,17,,
2025-11-20 18:00:00,18,,
2025-11-20 19:00:00,19,,
2025-11-20 20:00:00,20,,
2025-11-20 21:00:00,21,,
2025-11-20 22:00:00,22,,
2025-11-20 23:00:00,23,,
2025-11-21 00:00:00,0,,
2025-11-21 01:00:00,1,,
2025-11-21 02:00:00,2,,
2025-11-21 03:00:00,3,,
2025-11-21 04:00:00,4,,
2025-11-21 05:00:00,5,,
2025-11-21 06:00:00,6,,
2025-11-21 07:00:00,7,,
2025-11-21 08:00:00,8,,
2025-11-21 09:00:00,9,,
2025-11-21 10:00:00,10,,
2025-11-21 11:00:00,11,,
2025-11-21 12:00:00,12,,
2025-11-21 13:00:00,13,,
2025-11-21 14:00:00,14,,
2025-11-21 15:00:00,15,,
2025-11-21 16:00:00,16,,
2025-11-21 17:00:00,17,,
2025-11-21 18:00:00,18,,
2025-11-21 19:00:00,19,,
2025-11-21 20:00:00,20,,
2025-11-21 21:00:00,21,,
2025-11-21 22:00:00,22,,
2025-11-21 23:00:00,23,,
2025-11-22 00:00:00,0,,
2025-11-22 01:00:00,1,,
2025-11-22 02:00:00,2,,
2025-11-22 03:00:00,3,,
2025-11-22 04:00:00,4,,
2025-11-22 05:00:00,5,,
2025-11-22 06:00:00,6,,
2025-11-22 07:00:00,7,,
2025-11-22 08:00:00,8,,
2025-11-22 09:00:00,9,,
2025-11-22 10:00:00,10,,
2025-11-22 11:00:00,11,,
2025-11-22 12:00:00,12,,
2025-11-22 13:00:00,13,,
2025-11-22 14:00:00,14,,
2025-11-22 15:00:00,15,,
2025-11-22 16:00:00,16,,
2025-11-22 17:00:00,17,,
2025-11-22 18:00:00,18,,
2025-11-22 19:00:00,19,,
2025-11-22 20:00:00,20,,
2025-11-22 21:00:00,21,,
2025-11-22 22:00:00,22,,
2025-11-22 23:00:00,23,,
2025-11-23 00:00:00,0,,
2025-11-23 01:00:00,1,,
2025-11-23 02:00:00,2,,
2025-11-23 03:00:00,3,,
2025-11-23 04:00:00,4,,
2025-11-23 05:00:00,5,,
2025-11-23 06:00:00,6,,
2025-11-23 07:00:00,7,,
2025-11-23 08:00:00,8,,
2025-11-23 09:00:00,9,,
2025-11-23 10:00:00,10,,
2025-11-23 11:00:00,11,,
2025-11-23 12:00:00,12,,
2025-11-23 13:00:00,13,,
2025-11-23 14:00:00,14,,
2025-11-23 15:00:00,15,,
2025-11-23 16:00:00,16,,
2025-11-23 17:00:00,17,,
2025-11-23 18:00:00,18,,
2025-11-23 19:00:00,19,,
2025-11-23 20:00:00,20,,
2025-11-23 21:00:00,21,,
2025-11-23 22:00:00,22,,
2025-11-23 23:00:00,23,,
2025-11-24 00:00:00,0,,
2025-11-24 01:00:00,1,,
2025-11-24 02:00:00,2,,
2025-11-24 03:00:00,3,,
2025-11-24 04:00:00,4,,
2025-11-24 05:00:00,5,,
2025-11-24 06:00:00,6,,
2025-11-24 07:00:00,7,,
2025-11-24 08:00:00,8,,
2025-11-24 09:00:00,9,,
2025-11-24 10:00:00,10,,
2025-11-24 11:00:00,11,,
2025-11-24 12:00:00,12,,
2025-11-24 13:00:00,13,,
2025-11-24 14:00:00,14,,
2025-11-24 15:00:00,15,,
2025-11-24 16:00:00,16,,
2025-11-24 17:00:00,17,,
2025-11-24 18:00:00,18,,
2025-11-24 19:00:00,19,,
2025-11-24 20:00:00,20,,
2025-11-24 21:00:00,21,,
2025-11-24 22:00:00,22,,
2025-11-24 23:00:00,23,,
2025-11-25 00:00:00,0,,
2025-11-25 01:00:00,1,,
2025-11-25 02:00:00,2,,
2025-11-25 03:00:00,3,,
2025-11-25 04:00:00,4,,
2025-11-25 05:00:00,5,,
2025-11-25 06:00:00,6,,
2025-11-25 07:00:00,7,,
2025-11-25 08:00:00,8,,
2025-11-25 09:00:00,9,,
2025-11-25 10:00:00,10,,
2025-11-25 11:00:00,11,,
2025-11-25 12:00:00,12,,
2025-11-25 13:00:00,13,,
2025-11-25 14:00:00,14,,
2025-11-25 15:00:00,15,,
2025-11-25 16:00:00,16,,
2025-11-25 17:00:00,17,,
2025-11-25 18:00:00,18,,
2025-11-25 19:00:00,19,,
2025-11-25 20:00:00,20,,
2025-11-25 21:00:00,21,,
2025-11-25 22:00:00,22,,
2025-11-25 23:00:00,23,,
2025-11-26 00:00:00,0,,
2025-11-26 01:00:00,1,,
2025-11-26 02:00:00,2,,
2025-11-26 03:00:00,3,,
2025-11-26 04:00:00,4,,
2025-11-26 05:00:00,5,,
2025-11-26 06:00:00,6,,
2025-11-26 07:00:00,7,,
2025-11-26 08:00:00,8,,
2025-11-26 09:00:00,9,,
2025-11-26 10:00:00,10,,
2025-11-26 11:00:00,11,,
2025-11-26 12:00:00,12,,
2025-11-26 13:00:00,13,,
2025-11-26 14:00:00,14,,
2025-11-26 15:00:00,15,,
2025-11-26 16:00:00,16,,
2025-11-26 17:00:00,17,,
2025-11-26 18:00:00,18,,
2025-11-26 19:00:00,19,,
2025-11-26 20:00:00,20,,
2025-11-26 21:00:00,21,,
2025-11-26 22:00:00,22,,
2025-11-26 23:00:00,23,,
2025-11-27 00:00:00,0,,
2025-11-27 01:00:00,1,,
2025-11-27 02:00:00,2,,
2025-11-27 03:00:00,3,,
2025-11-27 04:00:00,4,,
2025-11-27 05:00:00,5,,
2025-11-27 06:00:00,6,,
2025-11-27 07:00:00,7,,
2025-11-27 08:00:00,8,,
2025-11-27 09:00:00,9,,
2025-11-27 10:00:00,10,,
2025-11-27 11:00:00,11,,
2025-11-27 12:00:00,12,,
2025-11-27 13:00:00,13,,
2025-11-27 14:00:00,14,,
2025-11-27 15:00:00,15,,
2025-11-27 16:00:00,16,,
2025-11-27 17:00:00,17,,
2025-11-27 18:00:00,18,,
2025-11-27 19:00:00,19,,
2025-11-27 20:00:00,20,,
2025-11-27 21:00:00,21,,
2025-11-27 22:00:00,22,,
2025-11-27 23:00:00,23,,
2025-11-28 00:00:00,0,,
2025-11-28 01:00:00,1,,
2025-11-28 02:00:00,2,,
2025-11-28 03:00:00,3,,
2025-11-28 04:00:00,4,,
2025-11-28 05:00:00,5,,
2025-11-28 06:00:00,6,,
2025-11-28 07:00:00,7,,
2025-11-28 08:00:00,8,,
2025-11-28 09:00:00,9,,
2025-11-28 10:00:00,10,,
2025-11-28 11:00:00,11,,
2025-11-28 12:00:00,12,,
2025-11-28 13:00:00,13,,
2025-11-28 14:00:00,14,,
2025-11-28 15:00:00,15,,
2025-11-28 16:00:00,16,,
2025-11-28 17:00:00,17,,
2025-11-28 18:00:00,18,,
2025-11-28 19:00:00,19,,
2025-11-28 20:00:00,20,,
2025-11-28 21:00:00,21,,
2025-11-28 22:00:00,22,,
2025-11-28 23:00:00,23,,
2025-11-29 00:00:00,0,,
2025-11-29 01:00:00,1,,
2025-11-29 02:00:00,2,,
2025-11-29 03:00:00,3,,
2025-11-29 04:00:00,4,,
2025-11-29 05:00:00,5,,
2025-11-29 06:00:00,6,,
2025-11-29 07:00:00,7,,
2025-11-29 08:00:00,8,,
2025-11-29 09:00:00,9,,
2025-11-29 10:00:00,10,,
2025-11-29 11:00:00,11,,
2025-11-29 12:00:00,12,,
2025-11-29 13:00:00,13,,
2025-11-29 14:00:00,14,,
2025-11-29 15:00:00,15,,
2025-11-29 16:00:00,16,,
2025-11-29 17:00:00,17,,
2025-11-29 18:00:00,18,,
2025-11-29 19:00:00,19,,
2025-11-29 20:00:00,20,,
2025-11-29 21:00:00,21,,
2025-11-29 22:00:00,22,,
2025-11-29 23:00:00,23,,
2025-11-30 00:00:00,0,,
2025-11-30 01:00:00,1,,
2025-11-30 02:00:00,2,,
2025-11-30 03:00:00,3,,
2025-11-30 04:00:00,4,,
2025-11-30 05:00:00,5,,
2025-11-30 06:00:00,6,,
2025-11-30 07:00:00,7,,
2025-11-30 08:00:00,8,,
2025-11-30 09:00:00,9,,
2025-11-30 10:00:00,10,,
2025-11-30 11:00:00,11,,
2025-11-30 12:00:00,12,,
2025-11-30 13:00:00,13,,
2025-11-30 14:00:00,14,,
2025-11-30 15:00:00,15,,
2025-11-30 16:00:00,16,,
2025-11-30 17:00:00,17,,
2025-11-30 18:00:00,18,,
2025-11-30 19:00:00,19,,
2025-11-30 20:00:00,20,,
2025-11-30 21:00:00,21,,
2025-11-30 22:00:00,22,,
2025-11-30 23:00:00,23,,
2025-12-01 00:00:00,0,,
2025-12-01 01:00:00,1,,
2025-12-01 02:00:00,2,,
2025-12-01 03:00:00,3,,
2025-12-01 04:00:00,4,,
2025-12-01 05:00:00,5,,
2025-12-01 06:00:00,6,,
2025-12-01 07:00:00,7,,
2025-12-01 08:00:00,8,,
2025-12-01 09:00:00,9,,
2025-12-01 10:00:00,10,,
2025-12-01 11:00:00,11,,
2025-12-01 12:00:00,12,,
2025-12-01 13:00:00,13,,
2025-12-01 14:00:00,14,,
2025-12-01 15:00:00,15,,
2025-12-01 16:00:00,16,,
2025-12-01 17:00:00,17,,
2025-12-01 18:00:00,18,,
2025-12-01 19:00:00,19,,
2025-12-01 20:00:00,20,,
2025-12-01 21:00:00,21,,
2025-12-01 22:00:00,22,,
2025-12-01 23:00:00,23,,
2025-12-02 00:00:00,0,,
2025-12-02 01:00:00,1,,
2025-12-02 02:00:00,2,,
2025-12-02 03:00:00,3,,
2025-12-02 04:00:00,4,,
2025-12-02 05:00:00,5,,
2025-12-02 06:00:00,6,,
2025-12-02 07:00:00,7,,
2025-12-02 08:00:00,8,,
2025-12-02 09:00:00,9,,
2025-12-02 10:00:00,10,,
2025-12-02 11:00:00,11,,
2025-12-02 12:00:00,12,,
2025-12-02 13:00:00,13,,
2025-12-02 14:00:00,14,,
2025-12-02 15:00:00,15,,
2025-12-02 16:00:00,16,,
2025-12-02 17:00:00,17,,
2025-12-02 18:00:00,18,,
2025-12-02 19:00:00,19,,
2025-12-02 20:00:00,20,,
2025-12-02 21:00:00,21,,
2025-12-02 22:00:00,22,,
2025-12-02 23:00:00,23,,
2025-12-03 00:00:00,0,,
2025-12-03 01:00:00,1,,
2025-12-03 02:00:00,2,,
2025-12-03 03:00:00,3,,
2025-12-03 04:00:00,4,,
2025-12-03 05:00:00,5,,
2025-12-03 06:00:00,6,,
2025-12-03 07:00:00,7,,
2025-12-03 08:00:00,8,,
2025-12-03 09:00:00,9,,
2025-12-03 10:00:00,10,,
2025-12-03 11:00:00,11,,
2025-12-03 12:00:00,12,,
2025-12-03 13:00:00,13,,
2025-12-03 14:00:00,14,,
2025-12-03 15:00:00,15,,
2025-12-03 16:00:00,16,,
2025-12-03 17:00:00,17,,
2025-12-03 18:00:00,18,,
2025-12-03 19:00:00,19,,
2025-12-03 20:00:00,20,,
2025-12-03 21:00:00,21,,
2025-12-03 22:00:00,22,,
2025-12-03 23:00:00,23,,
2025-12-04 00:00:00,0,,
2025-12-04 01:00:00,1,,
2025-12-04 02:00:00,2,,
2025-12-04 03:00:00,3,,
2025-12-04 04:00:00,4,,
2025-12-04 05:00:00,5,,
2025-12-04 06:00:00,6,,
2025-12-04 07:00:00,7,,
2025-12-04 08:00:00,8,,
2025-12-04 09:00:00,9,,
2025-12-04 10:00:00,10,,
2025-12-04 11:00:00,11,,
2025-12-04 12:00:00,12,,
2025-12-04 13:00:00,13,,
2025-12-04 14:00:00,14,,
2025-12-04 15:00:00,15,,
2025-12-04 16:00:00,16,,
2025-12-04 17:00:00,17,,
2025-12-04 18:00:00,18,,
2025-12-04 19:00:00,19,,
2025-12-04 20:00:00,20,,
2025-12-04 21:00:00,21,,
2025-12-04 22:00:00,22,,
2025-12-04 23:00:00,23,,
2025-12-05 00:00:00,0,,
2025-12-05 01:00:00,1,,
2025-12-05 02:00:00,2,,
2025-12-05 03:00:00,3,,
2025-12-05 04:00:00,4,,
2025-12-05 05:00:00,5,,
2025-12-05 06:00:00,6,,
2025-12-05 07:00:00,7,,
2025-12-05 08:00:00,8,,
2025-12-05 09:00:00,9,,
2025-12-05 10:00:00,10,,
2025-12-05 11:00:00,11,,
2025-12-05 12:00:00,12,,
2025-12-05 13:00:00,13,,
2025-12-05 14:00:00,14,,
2025-12-05 15:00:00,15,,
2025-12-05 16:00:00,16,,
2025-12-05 17:00:00,17,,
2025-12-05 18:00:00,18,,
2025-12-05 19:00:00,19,,
2025-12-05 20:00:00,20,,
2025-12-05 21:00:00,21,,
2025-12-05 22:00:00,22,,
2025-12-05 23:00:00,23,,
2025-12-06 00:00:00,0,,
2025-12-06 01:00:00,1,,
2025-12-06 02:00:00,2,,
2025-12-06 03:00:00,3,,
2025-12-06 04:00:00,4,,
2025-12-06 05:00:00,5,,
2025-12-06 06:00:00,6,,
2025-12-06 07:00:00,7,,
2025-12-06 08:00:00,8,,
2025-12-06 09:00:00,9,,
2025-12-06 10:00:00,10,,
2025-12-06 11:00:00,11,,
2025-12-06 12:00:00,12,,
2025-12-06 13:00:00,13,,
2025-12-06 14:00:00,14,,
2025-12-06 15:00:00,15,,
2025-12-06 16:00:00,16,,
2025-12-06 17:00:00,17,,
2025-12-06 18:00:00,18,,
2025-12-06 19:00:00,19,,
2025-12-06 20:00:00,20,,
2025-12-06 21:00:00,21,,
2025-12-06 22:00:00,22,,
2025-12-06 23:00:00,23,,
2025-12-07 00:00:00,0,,
2025-12-07 01:00:00,1,,
2025-12-07 02:00:00,2,,
2025-12-07 03:00:00,3,,
2025-12-07 04:00:00,4,,
2025-12-07 05:00:00,5,,
2025-12-07 06:00:00,6,,
2025-12-07 07:00:00,7,,
2025-12-07 08:00:00,8,,
2025-12-07 09:00:00,9,,
2025-12-07 10:00:00,10,,
2025-12-07 11:00:00,11,,
2025-12-07 12:00:00,12,,
2025-12-07 13:00:00,13,,
2025-12-07 14:00:00,14,,
2025-12-07 15:00:00,15,,
2025-12-07 16:00:00,16,,
2025-12-07 17:00:00,17,,
2025-12-07 18:00:00,18,,
2025-12-07 19:00:00,19,,
2025-12-07 20:00:00,20,,
2025-12-07 21:00:00,21,,
2025-12-07 22:00:00,22,,
2025-12-07 23:00:00,23,,
2025-12-08 00:00:00,0,,
2025-12-08 01:00:00,1,,
2025-12-08 02:00:00,2,,
2025-12-08 03:00:00,3,,
2025-12-08 04:00:00,4,,
2025-12-08 05:00:00,5,,
2025-12-08 06:00:00,6,,
2025-12-08 07:00:00,7,,
2025-12-08 08:00:00,8,,
2025-12-08 09:00:00,9,,
2025-12-08 10:00:00,10,,
2025-12-08 11:00:00,11,,
2025-12-08 12:00:00,12,,
2025-12-08 13:00:00,13,,
2025-12-08 14:00:00,14,,
2025-12-08 15:00:00,15,,
2025-12-08 16:00:00,16,,
2025-12-08 17:00:00,17,,
2025-12-08 18:00:00,18,,
2025-12-08 19:00:00,19,,
2025-12-08 20:00:00,20,,
2025-12-08 21:00:00,21,,
2025-12-08 22:00:00,22,,
2025-12-08 23:00:00,23,,
2025-12-09 00:00:00,0,,
2025-12-09 01:00:00,1,,
2025-12-09 02:00:00,2,,
2025-12-09 03:00:00,3,,
2025-12-09 04:00:00,4,,
2025-12-09 05:00:00,5,,
2025-12-09 06:00:00,6,,
2025-12-09 07:00:00,7,,
2025-12-09 08:00:00,8,,
2025-12-09 09:00:00,9,,
2025-12-09 10:00:00,10,,
2025-12-09 11:00:00,11,,
2025-12-09 12:00:00,12,,
2025-12-09 13:00:00,13,,
2025-12-09 14:00:00,14,,
2025-12-09 15:00:00,15,,
2025-12-09 16:00:00,16,,
2025-12-09 17:00:00,17,,
2025-12-09 18:00:00,18,,
2025-12-09 19:00:00,19,,
2025-12-09 20:00:00,20,,
2025-12-09 21:00:00,21,,
2025-12-09 22:00:00,22,,
2025-12-09 23:00:00,23,,
2025-12-10 00:00:00,0,,
2025-12-10 01:00:00,1,,
2025-12-10 02:00:00,2,,
2025-12-10 03:00:00,3,,
2025-12-10 04:00:00,4,,
2025-12-10 05:00:00,5,,
2025-12-10 06:00:00,6,,
2025-12-10 07:00:00,7,,
2025-12-10 08:00:00,8,,
2025-12-10 09:00:00,9,,
2025-12-10 10:00:00,10,,
2025-12-10 11:00:00,11,,
2025-12-10 12:00:00,12,,
2025-12-10 13:00:00,13,,
2025-12-10 14:00:00,14,,
2025-12-10 15:00:00,15,,
2025-12-10 16:00:00,16,,
2025-12-10 17:00:00,17,,
2025-12-10 18:00:00,18,,
2025-12-10 19:00:00,19,,
2025-12-10 20:00:00,20,,
2025-12-10 21:00:00,21,,
2025-12-10 22:00:00,22,,
2025-12-10 23:00:00,23,,
2025-12-11 00:00:00,0,,
2025-12-11 01:00:00,1,,
2025-12-11 02:00:00,2,,
2025-12-11 03:00:00,3,,
2025-12-11 04:00:00,4,,
2025-12-11 05:00:00,5,,
2025-12-11 06:00:00,6,,
2025-12-11 07:00:00,7,,
2025-12-11 08:00:00,8,,
2025-12-11 09:00:00,9,,
2025-12-11 10:00:00,10,,
2025-12-11 11:00:00,11,,
2025-12-11 12:00:00,12,,
2025-12-11 13:00:00,13,,
2025-12-11 14:00:00,14,,
2025-12-11 15:00:00,15,,
2025-12-11 16:00:00,16,,
2025-12-11 17:00:00,17,,
2025-12-11 18:00:00,18,,
2025-12-11 19:00:00,19,,
2025-12-11 20:00:00,20,,
2025-12-11 21:00:00,21,,
2025-12-11 22:00:00,22,,
2025-12-11 23:00:00,23,,
2025-12-12 00:00:00,0,,
2025-12-12 01:00:00,1,,
2025-12-12 02:00:00,2,,
2025-12-12 03:00:00,3,,
2025-12-12 04:00:00,4,,
2025-12-12 05:00:00,5,,
2025-12-12 06:00:00,6,,
2025-12-12 07:00:00,7,,
2025-12-12 08:00:00,8,,
2025-12-12 09:00:00,9,,
2025-12-12 10:00:00,10,,
2025-12-12 11:00:00,11,,
2025-12-12 12:00:00,12,,
2025-12-12 13:00:00,13,,
2025-12-12 14:00:00,14,,
2025-12-12 15:00:00,15,,
2025-12-12 16:00:00,16,,
2025-12-12 17:00:00,17,,
2025-12-12 18:00:00,18,,
2025-12-12 19:00:00,19,,
2025-12-12 20:00:00,20,,
2025-12-12 21:00:00,21,,
2025-12-12 22:00:00,22,,
2025-12-12 23:00:00,23,,
2025-12-13 00:00:00,0,,
2025-12-13 01:00:00,1,,
2025-12-13 02:00:00,2,,
2025-12-13 03:00:00,3,,
2025-12-13 04:00:00,4,,
2025-12-13 05:00:00,5,,
2025-12-13 06:00:00,6,,
2025-12-13 07:00:00,7,,
2025-12-13 08:00:00,8,,
2025-12-13 09:00:00,9,,
2025-12-13 10:00:00,10,,
2025-12-13 11:00:00,11,,
2025-12-13 12:00:00,12,,
2025-12-13 13:00:00,13,,
2025-12-13 14:00:00,14,,
2025-12-13 15:00:00,15,,
2025-12-13 16:00:00,16,,
2025-12-13 17:00:00,17,,
2025-12-13 18:00:00,18,,
2025-12-13 19:00:00,19,,
2025-12-13 20:00:00,20,,
2025-12-13 21:00:00,21,,
2025-12-13 22:00:00,22,,
2025-12-13 23:00:00,23,,
2025-12-14 00:00:00,0,,
2025-12-14 01:00:00,1,,
2025-12-14 02:00:00,2,,
2025-12-14 03:00:00,3,,
2025-12-14 04:00:00,4,,
2025-12-14 05:00:00,5,,
2025-12-14 06:00:00,6,,
2025-12-14 07:00:00,7,,
2025-12-14 08:00:00,8,,
2025-12-14 09:00:00,9,,
2025-12-14 10:00:00,10,,
2025-12-14 11:00:00,11,,
2025-12-14 12:00:00,12,,
2025-12-14 13:00:00,13,,
2025-12-14 14:00:00,14,,
2025-12-14 15:00:00,15,,
2025-12-14 16:00:00,16,,
2025-12-14 17:00:00,17,,
2025-12-14 18:00:00,18,,
2025-12-14 19:00:00,19,,
2025-12-14 20:00:00,20,,
2025-12-14 21:00:00,21,,
2025-12-14 22:00:00,22,,
2025-12-14 23:00:00,23,,
2025-12-15 00:00:00,0,,
2025-12-15 01:00:00,1,,
2025-12-15 02:00:00,2,,
2025-12-15 03:00:00,3,,
2025-12-15 04:00:00,4,,
2025-12-15 05:00:00,5,,
2025-12-15 06:00:00,6,,
2025-12-15 07:00:00,7,,
2025-12-15 08:00:00,8,,
2025-12-15 09:00:00,9,,
2025-12-15 10:00:00,10,,
2025-12-15 11:00:00,11,,
2025-12-15 12:00:00,12,,
2025-12-15 13:00:00,13,,
2025-12-15 14:00:00,14,,
2025-12-15 15:00:00,15,,
2025-12-15 16:00:00,16,,
2025-12-15 17:00:00,17,,
2025-12-15 18:00:00,18,,
2025-12-15 19:00:00,19,,
2025-12-15 20:00:00,20,,
2025-12-15 21:00:00,21,,
2025-12-15 22:00:00,22,,
2025-12-15 23:00:00,23,,
2025-12-16 00:00:00,0,,
2025-12-16 01:00:00,1,,
2025-12-16 02:00:00,2,,
2025-12-16 03:00:00,3,,
2025-12-16 04:00:00,4,,
2025-12-16 05:00:00,5,,
2025-12-16 06:00:00,6,,
2025-12-16 07:00:00,7,,
2025-12-16 08:00:00,8,,
2025-12-16 09:00:00,9,,
2025-12-16 10:00:00,10,,
2025-12-16 11:00:00,11,,
2025-12-16 12:00:00,12,,
2025-12-16 13:00:00,13,,
2025-12-16 14:00:00,14,,
2025-12-16 15:00:00,15,,
2025-12-16 16:00:00,16,,
2025-12-16 17:00:00,17,,
2025-12-16 18:00:00,18,,
2025-12-16 19:00:00,19,,
2025-12-16 20:00:00,20,,
2025-12-16 21:00:00,21,,
2025-12-16 22:00:00,22,,
2025-12-16 23:00:00,23,,
2025-12-17 00:00:00,0,,
2025-12-17 01:00:00,1,,
2025-12-17 02:00:00,2,,
2025-12-17 03:00:00,3,,
2025-12-17 04:00:00,4,,
2025-12-17 05:00:00,5,,
2025-12-17 06:00:00,6,,
2025-12-17 07:00:00,7,,
2025-12-17 08:00:00,8,,
2025-12-17 09:00:00,9,,
2025-12-17 10:00:00,10,,
2025-12-17 11:00:00,11,,
2025-12-17 12:00:00,12,,
2025-12-17 13:00:00,13,,
2025-12-17 14:00:00,14,,
2025-12-17 15:00:00,15,,
2025-12-17 16:00:00,16,,
2025-12-17 17:00:00,17,,
2025-12-17 18:00:00,18,,
2025-12-17 19:00:00,19,,
2025-12-17 20:00:00,20,,
2025-12-17 21:00:00,21,,
2025-12-17 22:00:00,22,,
2025-12-17 23:00:00,23,,
2025-12-18 00:00:00,0,,
2025-12-18 01:00:00,1,,
2025-12-18 02:00:00,2,,
2025-12-18 03:00:00,3,,
2025-12-18 04:00:00,4,,
2025-12-18 05:00:00,5,,
2025-12-18 06:00:00,6,,
2025-12-18 07:00:00,7,,
2025-12-18 08:00:00,8,,
2025-12-18 09:00:00,9,,
2025-12-18 10:00:00,10,,
2025-12-18 11:00:00,11,,
2025-12-18 12:00:00,12,,
2025-12-18 13:00:00,13,,
2025-12-18 14:00:00,14,,
2025-12-18 15:00:00,15,,
2025-12-18 16:00:00,16,,
2025-12-18 17:00:00,17,,
2025-12-18 18:00:00,18,,
2025-12-18 19:00:00,19,,
2025-12-18 20:00:00,20,,
2025-12-18 21:00:00,21,,
2025-12-18 22:00:00,22,,
2025-12-18 23:00:00,23,,
2025-12-19 00:00:00,0,,
2025-12-19 01:00:00,1,,
2025-12-19 02:00:00,2,,
2025-12-19 03:00:00,3,,
2025-12-19 04:00:00,4,,
2025-12-19 05:00:00,5,,
2025-12-19 06:00:00,6,,
2025-12-19 07:00:00,7,,
2025-12-19 08:00:00,8,,
2025-12-19 09:00:00,9,,
2025-12-19 10:00:00,10,,
2025-12-19 11:00:00,11,,
2025-12-19 12:00:00,12,,
2025-12-19 13:00:00,13,,
2025-12-19 14:00:00,14,,
2025-12-19 15:00:00,15,,
2025-12-19 16:00:00,16,,
2025-12-19 17:00:00,17,,
2025-12-19 18:00:00,18,,
2025-12-19 19:00:00,19,,
2025-12-19 20:00:00,20,,
2025-12-19 21:00:00,21,,
2025-12-19 22:00:00,22,,
2025-12-19 23:00:00,23,,
2025-12-20 00:00:00,0,,
2025-12-20 01:00:00,1,,
2025-12-20 02:00:00,2,,
2025-12-20 03:00:00,3,,
2025-12-20 04:00:00,4,,
2025-12-20 05:00:00,5,,
2025-12-20 06:00:00,6,,
2025-12-20 07:00:00,7,,
2025-12-20 08:00:00,8,,
2025-12-20 09:00:00,9,,
2025-12-20 10:00:00,10,,
2025-12-20 11:00:00,11,,
2025-12-20 12:00:00,12,,
2025-12-20 13:00:00,13,,
2025-12-20 14:00:00,14,,
2025-12-20 15:00:00,15,,
2025-12-20 16:00:00,16,,
2025-12-20 17:00:00,17,,
2025-12-20 18:00:00,18,,
2025-12-20 19:00:00,19,,
2025-12-20 20:00:00,20,,
2025-12-20 21:00:00,21,,
2025-12-20 22:00:00,22,,
2025-12-20 23:00:00,23,,
2025-12-21 00:00:00,0,,
2025-12-21 01:00:00,1,,
2025-12-21 02:00:00,2,,
2025-12-21 03:00:00,3,,
2025-12-21 04:00:00,4,,
2025-12-21 05:00:00,5,,
2025-12-21 06:00:00,6,,
2025-12-21 07:00:00,7,,
2025-12-21 08:00:00,8,,
2025-12-21 09:00:00,9,,
2025-12-21 10:00:00,10,,
2025-12-21 11:00:00,11,,
2025-12-21 12:00:00,12,,
2025-12-21 13:00:00,13,,
2025-12-21 14:00:00,14,,
2025-12-21 15:00:00,15,,
2025-12-21 16:00:00,16,,
2025-12-21 17:00:00,17,,
2025-12-21 18:00:00,18,,
2025-12-21 19:00:00,19,,
2025-12-21 20:00:00,20,,
2025-12-21 21:00:00,21,,
2025-12-21 22:00:00,22,,
2025-12-21 23:00:00,23,,
2025-12-22 00:00:00,0,,
2025-12-22 01:00:00,1,,
2025-12-22 02:00:00,2,,
2025-12-22 03:00:00,3,,
2025-12-22 04:00:00,4,,
2025-12-22 05:00:00,5,,
2025-12-22 06:00:00,6,,
2025-12-22 07:00:00,7,,
2025-12-22 08:00:00,8,,
2025-12-22 09:00:00,9,,
2025-12-22 10:00:00,10,,
2025-12-22 11:00:00,11,,
2025-12-22 12:00:00,12,,
2025-12-22 13:00:00,13,,
2025-12-22 14:00:00,14,,
2025-12-22 15:00:00,15,,
2025-12-22 16:00:00,16,,
2025-12-22 17:00:00,17,,
2025-12-22 18:00:00,18,,
2025-12-22 19:00:00,19,,
2025-12-22 20:00:00,20,,
2025-12-22 21:00:00,21,,
2025-12-22 22:00:00,22,,
2025-12-22 23:00:00,23,,
2025-12-23 00:00:00,0,,
2025-12-23 01:00:00,1,,
2025-12-23 02:00:00,2,,
2025-12-23 03:00:00,3,,
2025-12-23 04:00:00,4,,
2025-12-23 05:00:00,5,,
2025-12-23 06:00:00,6,,
2025-12-23 07:00:00,7,,
2025-12-23 08:00:00,8,,
2025-12-23 09:00:00,9,,
2025-12-23 10:00:00,10,,
2025-12-23 11:00:00,11,,
2025-12-23 12:00:00,12,,
2025-12-23 13:00:00,13,,
2025-12-23 14:00:00,14,,
2025-12-23 15:00:00,15,,
2025-12-23 16:00:00,16,,
2025-12-23 17:00:00,17,,
2025-12-23 18:00:00,18,,
2025-12-23 19:00:00,19,,
2025-12-23 20:00:00,20,,
2025-12-23 21:00:00,21,,
2025-12-23 22:00:00,22,,
2025-12-23 23:00:00,23,,
2025-12-24 00:00:00,0,,
2025-12-24 01:00:00,1,,
2025-12-24 02:00:00,2,,
2025-12-24 03:00:00,3,,
2025-12-24 04:00:00,4,,
2025-12-24 05:00:00,5,,
2025-12-24 06:00:00,6,,
2025-12-24 07:00:00,7,,
2025-12-24 08:00:00,8,,
2025-12-24 09:00:00,9,,
2025-12-24 10:00:00,10,,
2025-12-24 11:00:00,11,,
2025-12-24 12:00:00,12,,
2025-12-24 13:00:00,13,,
2025-12-24 14:00:00,14,,
2025-12-24 15:00:00,15,,
2025-12-24 16:00:00,16,,
2025-12-24 17:00:00,17,,
2025-12-24 18:00:00,18,,
2025-12-24 19:00:00,19,,
2025-12-24 20:00:00,20,,
2025-12-24 21:00:00,21,,
2025-12-24 22:00:00,22,,
2025-12-24 23:00:00,23,,
2025-12-25 00:00:00,0,,
2025-12-25 01:00:00,1,,
2025-12-25 02:00:00,2,,
2025-12-25 03:00:00,3,,
2025-12-25 04:00:00,4,,
2025-12-25 05:00:00,5,,
2025-12-25 06:00:00,6,,
2025-12-25 07:00:00,7,,
2025-12-25 08:00:00,8,,
2025-12-25 09:00:00,9,,
2025-12-25 10:00:00,10,,
2025-12-25 11:00:00,11,,
2025-12-25 12:00:00,12,,
2025-12-25 13:00:00,13,,
2025-12-25 14:00:00,14,,
2025-12-25 15:00:00,15,,
2025-12-25 16:00:00,16,,
2025-12-25 17:00:00,17,,
2025-12-25 18:00:00,18,,
2025-12-25 19:00:00,19,,
2025-12-25 20:00:00,20,,
2025-12-25 21:00:00,21,,
2025-12-25 22:00:00,22,,
2025-12-25 23:00:00,23,,
2025-12-26 00:00:00,0,,
2025-12-26 01:00:00,1,,
2025-12-26 02:00:00,2,,
2025-12-26 03:00:00,3,,
2025-12-26 04:00:00,4,,
2025-12-26 05:00:00,5,,
2025-12-26 06:00:00,6,,
2025-12-26 07:00:00,7,,
2025-12-26 08:00:00,8,,
2025-12-26 09:00:00,9,,
2025-12-26 10:00:00,10,,
2025-12-26 11:00:00,11,,
2025-12-26 12:00:00,12,,
2025-12-26 13:00:00,13,,
2025-12-26 14:00:00,14,,
2025-12-26 15:00:00,15,,
2025-12-26 16:00:00,16,,
2025-12-26 17:00:00,17,,
2025-12-26 18:00:00,18,,
2025-12-26 19:00:00,19,,
2025-12-26 20:00:00,20,,
2025-12-26 21:00:00,21,,
2025-12-26 22:00:00,22,,
2025-12-26 23:00:00,23,,
2025-12-27 00:00:00,0,,
2025-12-27 01:00:00,1,,
2025-12-27 02:00:00,2,,
2025-12-27 03:00:00,3,,
2025-12-27 04:00:00,4,,
2025-12-27 05:00:00,5,,
2025-12-27 06:00:00,6,,
2025-12-27 07:00:00,7,,
2025-12-27 08:00:00,8,,
2025-12-27 09:00:00,9,,
2025-12-27 10:00:00,10,,
2025-12-27 11:00:00,11,,
2025-12-27 12:00:00,12,,
2025-12-27 13:00:00,13,,
2025-12-27 14:00:00,14,,
2025-12-27 15:00:00,15,,
2025-12-27 16:00:00,16,,
2025-12-27 17:00:00,17,,
2025-12-27 18:00:00,18,,
2025-12-27 19:00:00,19,,
2025-12-27 20:00:00,20,,
2025-12-27 21:00:00,21,,
2025-12-27 22:00:00,22,,
2025-12-27 23:00:00,23,,
2025-12-28 00:00:00,0,,
2025-12-28 01:00:00,1,,
2025-12-28 02:00:00,2,,
2025-12-28 03:00:00,3,,
2025-12-28 04:00:00,4,,
2025-12-28 05:00:00,5,,
2025-12-28 06:00:00,6,,
2025-12-28 07:00:00,7,,
2025-12-28 08:00:00,8,,
2025-12-28 09:00:00,9,,
2025-12-28 10:00:00,10,,
2025-12-28 11:00:00,11,,
2025-12-28 12:00:00,12,,
2025-12-28 13:00:00,13,,
2025-12-28 14:00:00,14,,
2025-12-28 15:00:00,15,,
2025-12-28 16:00:00,16,,
2025-12-28 17:00:00,17,,
2025-12-28 18:00:00,18,,
2025-12-28 19:00:00,19,,
2025-12-28 20:00:00,20,,
2025-12-28 21:00:00,21,,
2025-12-28 22:00:00,22,,
2025-12-28 23:00:00,23,,
2025-12-29 00:00:00,0,,
2025-12-29 01:00:00,1,,
2025-12-29 02:00:00,2,,
2025-12-29 03:00:00,3,,
2025-12-29 04:00:00,4,,
2025-12-29 05:00:00,5,,
2025-12-29 06:00:00,6,,
2025-12-29 07:00:00,7,,
2025-12-29 08:00:00,8,,
2025-12-29 09:00:00,9,,
2025-12-29 10:00:00,10,,
2025-12-29 11:00:00,11,,
2025-12-29 12:00:00,12,,
2025-12-29 13:00:00,13,,
2025-12-29 14:00:00,14,,
2025-12-29 15:00:00,15,,
2025-12-29 16:00:00,16,,
2025-12-29 17:00:00,17,,
2025-12-29 18:00:00,18,,
2025-12-29 19:00:00,19,,
2025-12-29 20:00:00,20,,
2025-12-29 21:00:00,21,,
2025-12-29 22:00:00,22,,
2025-12-29 23:00:00,23,,
2025-12-30 00:00:00,0,,
2025-12-30 01:00:00,1,,
2025-12-30 02:00:00,2,,
2025-12-30 03:00:00,3,,
2025-12-30 04:00:00,4,,
2025-12-30 05:00:00,5,,
2025-12-30 06:00:00,6,,
2025-12-30 07:00:00,7,,
2025-12-30 08:00:00,8,,
2025-12-30 09:00:00,9,,
2025-12-30 10:00:00,10,,
2025-12-30 11:00:00,11,,
2025-12-30 12:00:00,12,,
2025-12-30 13:00:00,13,,
2025-12-30 14:00:00,14,,
2025-12-30 15:00:00,15,,
2025-12-30 16:00:00,16,,
2025-12-30 17:00:00,17,,
2025-12-30 18:00:00,18,,
2025-12-30 19:00:00,19,,
2025-12-30 20:00:00,20,,
2025-12-30 21:00:00,21,,
2025-12-30 22:00:00,22,,
2025-12-30 23:00:00,23,,
2025-12-31 00:00:00,0,,
2025-12-31 01:00:00,1,,
2025-12-31 02:00:00,2,,
2025-12-31 03:00:00,3,,
2025-12-31 04:00:00,4,,
2025-12-31 05:00:00,5,,
2025-12-31 06:00:00,6,,
2025-12-31 07:00:00,7,,
2025-12-31 08:00:00,8,,
2025-12-31 09:00:00,9,,
2025-12-31 10:00:00,10,,
2025-12-31 11:00:00,11,,
2025-12-31 12:00:00,12,,
2025-12-31 13:00:00,13,,
2025-12-31 14:00:00,14,,
2025-12-31 15:00:00,15,,
2025-12-31 16:00:00,16,,
2025-12-31 17:00:00,17,,
2025-12-31 18:00:00,18,,
2025-12-31 19:00:00,19,,
2025-12-31 20:00:00,20,,
2025-12-31 21:00:00,21,,
2025-12-31 22:00:00,22,,
2025-12-31 23:00:00,23,,
