datetime_utc,hora,rad_kJm2,vento_ms
2025-01-01 00:00:00,0,0.0,0.2
2025-01-01 01:00:00,1,0.0,0.2
2025-01-01 02:00:00,2,0.0,0.7
2025-01-01 03:00:00,3,0.0,0.3
2025-01-01 04:00:00,4,0.0,0.6
2025-01-01 05:00:00,5,0.0,0.3
2025-01-01 06:00:00,6,0.0,0.2
2025-01-01 07:00:00,7,0.0,0.5
2025-01-01 08:00:00,8,0.0,0.7
2025-01-01 09:00:00,9,4.2,0.6
2025-01-01 10:00:00,10,231.9,0.6
2025-01-01 11:00:00,11,974.5,0.4
2025-01-01 12:00:00,12,1613.4,1.0
2025-01-01 13:00:00,13,2400.3,2.7
2025-01-01 14:00:00,14,2196.4,1.7
2025-01-01 15:00:00,15,2913.4,2.8
2025-01-01 16:00:00,16,2780.0,1.9
2025-01-01 17:00:00,17,2473.0,1.2
2025-01-01 18:00:00,18,2013.8,2.6
2025-01-01 19:00:00,19,1919.5,2.5
2025-01-01 20:00:00,20,847.7,2.4
2025-01-01 21:00:00,21,168.0,0.6
2025-01-01 22:00:00,22,5.2,0.3
2025-01-01 23:00:00,23,0.0,1.0
2025-01-02 00:00:00,0,0.0,0.6
2025-01-02 01:00:00,1,0.0,0.7
2025-01-02 02:00:00,2,0.0,0.8
2025-01-02 03:00:00,3,0.0,0.3
2025-01-02 04:00:00,4,0.0,0.7
2025-01-02 05:00:00,5,0.0,0.8
2025-01-02 06:00:00,6,0.0,0.3
2025-01-02 07:00:00,7,0.0,0.8
2025-01-02 08:00:00,8,0.0,1.2
2025-01-02 09:00:00,9,3.3,0.5
2025-01-02 10:00:00,10,148.8,0.6
2025-01-02 11:00:00,11,982.9,0.9
2025-01-02 12:00:00,12,1968.3,1.1
2025-01-02 13:00:00,13,2768.1,2.5
2025-01-02 14:00:00,14,3271.1,2.1
2025-01-02 15:00:00,15,2835.3,1.8
2025-01-02 16:00:00,16,1827.0,2.3
2025-01-02 17:00:00,17,2616.1,2.6
2025-01-02 18:00:00,18,1944.2,2.3
2025-01-02 19:00:00,19,2003.2,2.9
2025-01-02 20:00:00,20,1024.5,2.0
2025-01-02 21:00:00,21,160.9,1.0
2025-01-02 22:00:00,22,7.9,1.7
2025-01-02 23:00:00,23,0.0,0.7
2025-01-03 00:00:00,0,0.0,0.9
2025-01-03 01:00:00,1,0.0,0.6
2025-01-03 02:00:00,2,0.0,0.5
2025-01-03 03:00:00,3,0.0,0.6
2025-01-03 04:00:00,4,0.0,0.8
2025-01-03 05:00:00,5,0.0,0.9
2025-01-03 06:00:00,6,0.0,1.3
2025-01-03 07:00:00,7,0.0,1.1
2025-01-03 08:00:00,8,0.0,0.6
2025-01-03 09:00:00,9,2.6,0.7
2025-01-03 10:00:00,10,143.1,0.6
2025-01-03 11:00:00,11,987.8,0.8
2025-01-03 12:00:00,12,1915.5,0.7
2025-01-03 13:00:00,13,2571.2,1.7
2025-01-03 14:00:00,14,2546.7,1.5
2025-01-03 15:00:00,15,2955.6,2.4
2025-01-03 16:00:00,16,2929.4,1.7
2025-01-03 17:00:00,17,3005.3,1.3
2025-01-03 18:00:00,18,2094.5,1.0
2025-01-03 19:00:00,19,2150.9,2.7
2025-01-03 20:00:00,20,1307.1,2.7
2025-01-03 21:00:00,21,150.2,1.4
2025-01-03 22:00:00,22,12.2,1.5
2025-01-03 23:00:00,23,0.0,1.7
2025-01-04 00:00:00,0,0.0,1.3
2025-01-04 01:00:00,1,0.0,1.4
2025-01-04 02:00:00,2,0.0,1.7
2025-01-04 03:00:00,3,0.0,0.4
2025-01-04 04:00:00,4,0.0,0.4
2025-01-04 05:00:00,5,0.0,0.7
2025-01-04 06:00:00,6,0.0,0.5
2025-01-04 07:00:00,7,0.0,0.8
2025-01-04 08:00:00,8,0.0,0.2
2025-01-04 09:00:00,9,4.3,0.5
2025-01-04 10:00:00,10,186.4,0.5
2025-01-04 11:00:00,11,659.8,0.7
2025-01-04 12:00:00,12,1416.8,0.5
2025-01-04 13:00:00,13,2623.8,0.9
2025-01-04 14:00:00,14,3286.2,1.2
2025-01-04 15:00:00,15,3325.4,0.8
2025-01-04 16:00:00,16,3444.4,1.7
2025-01-04 17:00:00,17,3057.6,1.5
2025-01-04 18:00:00,18,2735.6,1.0
2025-01-04 19:00:00,19,2016.3,1.7
2025-01-04 20:00:00,20,1176.9,2.0
2025-01-04 21:00:00,21,280.4,0.4
2025-01-04 22:00:00,22,13.5,0.7
2025-01-04 23:00:00,23,0.0,1.1
2025-01-05 00:00:00,0,0.0,1.8
2025-01-05 01:00:00,1,0.0,0.6
2025-01-05 02:00:00,2,0.0,0.3
2025-01-05 03:00:00,3,0.0,0.7
2025-01-05 04:00:00,4,0.0,1.4
2025-01-05 05:00:00,5,0.0,0.5
2025-01-05 06:00:00,6,0.0,0.4
2025-01-05 07:00:00,7,0.0,0.4
2025-01-05 08:00:00,8,0.0,0.3
2025-01-05 09:00:00,9,4.0,0.9
2025-01-05 10:00:00,10,153.7,0.4
2025-01-05 11:00:00,11,225.7,0.7
2025-01-05 12:00:00,12,1008.7,0.5
2025-01-05 13:00:00,13,2461.4,1.4
2025-01-05 14:00:00,14,1826.2,1.9
2025-01-05 15:00:00,15,2553.7,1.5
2025-01-05 16:00:00,16,2091.0,2.0
2025-01-05 17:00:00,17,2368.4,1.6
2025-01-05 18:00:00,18,2194.9,2.2
2025-01-05 19:00:00,19,1477.3,2.7
2025-01-05 20:00:00,20,690.1,2.7
2025-01-05 21:00:00,21,247.1,1.2
2025-01-05 22:00:00,22,10.3,0.2
2025-01-05 23:00:00,23,0.0,0.4
2025-01-06 00:00:00,0,0.0,0.6
2025-01-06 01:00:00,1,0.0,0.8
2025-01-06 02:00:00,2,0.0,0.9
2025-01-06 03:00:00,3,0.0,0.9
2025-01-06 04:00:00,4,0.0,0.2
2025-01-06 05:00:00,5,0.0,0.6
2025-01-06 06:00:00,6,0.0,0.3
2025-01-06 07:00:00,7,0.0,0.6
2025-01-06 08:00:00,8,0.0,1.4
2025-01-06 09:00:00,9,0.2,0.4
2025-01-06 10:00:00,10,23.5,3.3
2025-01-06 11:00:00,11,54.8,1.2
2025-01-06 12:00:00,12,99.2,0.5
2025-01-06 13:00:00,13,69.2,0.8
2025-01-06 14:00:00,14,128.0,1.1
2025-01-06 15:00:00,15,389.1,1.3
2025-01-06 16:00:00,16,704.5,1.4
2025-01-06 17:00:00,17,1209.7,1.9
2025-01-06 18:00:00,18,2138.2,2.0
2025-01-06 19:00:00,19,1442.2,1.8
2025-01-06 20:00:00,20,840.6,1.3
2025-01-06 21:00:00,21,186.5,0.3
2025-01-06 22:00:00,22,2.9,0.9
2025-01-06 23:00:00,23,0.0,1.2
2025-01-07 00:00:00,0,0.0,0.3
2025-01-07 01:00:00,1,0.0,0.4
2025-01-07 02:00:00,2,0.0,0.8
2025-01-07 03:00:00,3,0.0,0.6
2025-01-07 04:00:00,4,0.0,0.4
2025-01-07 05:00:00,5,0.0,0.5
2025-01-07 06:00:00,6,0.0,1.7
2025-01-07 07:00:00,7,0.0,0.5
2025-01-07 08:00:00,8,0.0,0.3
2025-01-07 09:00:00,9,0.1,1.0
2025-01-07 10:00:00,10,74.9,1.1
2025-01-07 11:00:00,11,156.9,0.7
2025-01-07 12:00:00,12,330.6,1.1
2025-01-07 13:00:00,13,351.3,1.2
2025-01-07 14:00:00,14,1325.0,1.5
2025-01-07 15:00:00,15,1683.9,1.0
2025-01-07 16:00:00,16,1308.4,1.5
2025-01-07 17:00:00,17,1979.4,1.4
2025-01-07 18:00:00,18,1742.1,1.5
2025-01-07 19:00:00,19,1641.4,0.8
2025-01-07 20:00:00,20,1209.1,0.8
2025-01-07 21:00:00,21,289.5,0.8
2025-01-07 22:00:00,22,12.5,0.5
2025-01-07 23:00:00,23,0.0,0.2
2025-01-08 00:00:00,0,0.0,0.7
2025-01-08 01:00:00,1,0.0,0.3
2025-01-08 02:00:00,2,0.0,1.0
2025-01-08 03:00:00,3,0.0,0.5
2025-01-08 04:00:00,4,0.0,0.8
2025-01-08 05:00:00,5,0.0,1.3
2025-01-08 06:00:00,6,0.0,0.5
2025-01-08 07:00:00,7,0.0,0.3
2025-01-08 08:00:00,8,0.0,0.9
2025-01-08 09:00:00,9,1.6,0.6
2025-01-08 10:00:00,10,168.0,0.4
2025-01-08 11:00:00,11,525.6,0.5
2025-01-08 12:00:00,12,1238.8,0.6
2025-01-08 13:00:00,13,1897.7,1.0
2025-01-08 14:00:00,14,2097.2,1.2
2025-01-08 15:00:00,15,2934.1,1.7
2025-01-08 16:00:00,16,2577.1,1.8
2025-01-08 17:00:00,17,2075.3,1.6
2025-01-08 18:00:00,18,1501.4,0.7
2025-01-08 19:00:00,19,922.4,0.9
2025-01-08 20:00:00,20,238.5,0.6
2025-01-08 21:00:00,21,105.6,1.2
2025-01-08 22:00:00,22,7.4,1.3
2025-01-08 23:00:00,23,0.0,0.5
2025-01-09 00:00:00,0,0.0,0.5
2025-01-09 01:00:00,1,0.0,0.8
2025-01-09 02:00:00,2,0.0,0.6
2025-01-09 03:00:00,3,0.0,0.4
2025-01-09 04:00:00,4,0.0,0.3
2025-01-09 05:00:00,5,0.0,0.7
2025-01-09 06:00:00,6,0.0,0.7
2025-01-09 07:00:00,7,0.0,0.2
2025-01-09 08:00:00,8,0.0,0.8
2025-01-09 09:00:00,9,3.4,0.6
2025-01-09 10:00:00,10,149.9,0.5
2025-01-09 11:00:00,11,319.8,1.5
2025-01-09 12:00:00,12,504.7,1.7
2025-01-09 13:00:00,13,851.0,1.6
2025-01-09 14:00:00,14,1016.6,1.6
2025-01-09 15:00:00,15,1428.2,1.8
2025-01-09 16:00:00,16,1490.6,1.3
2025-01-09 17:00:00,17,1365.4,1.3
2025-01-09 18:00:00,18,1048.6,1.6
2025-01-09 19:00:00,19,965.2,1.5
2025-01-09 20:00:00,20,600.9,1.0
2025-01-09 21:00:00,21,198.8,0.9
2025-01-09 22:00:00,22,9.6,1.0
2025-01-09 23:00:00,23,0.0,1.5
2025-01-10 00:00:00,0,0.0,0.9
2025-01-10 01:00:00,1,0.0,0.9
2025-01-10 02:00:00,2,0.0,0.6
2025-01-10 03:00:00,3,0.0,0.5
2025-01-10 04:00:00,4,0.0,0.4
2025-01-10 05:00:00,5,0.0,1.0
2025-01-10 06:00:00,6,0.0,0.5
2025-01-10 07:00:00,7,0.0,0.8
2025-01-10 08:00:00,8,0.0,0.7
2025-01-10 09:00:00,9,0.5,1.0
2025-01-10 10:00:00,10,143.0,1.2
2025-01-10 11:00:00,11,448.6,0.9
2025-01-10 12:00:00,12,338.9,1.0
2025-01-10 13:00:00,13,583.9,0.8
2025-01-10 14:00:00,14,609.8,2.1
2025-01-10 15:00:00,15,716.3,1.6
2025-01-10 16:00:00,16,657.2,1.9
2025-01-10 17:00:00,17,793.7,0.9
2025-01-10 18:00:00,18,841.9,0.8
2025-01-10 19:00:00,19,576.7,0.8
2025-01-10 20:00:00,20,527.8,1.2
2025-01-10 21:00:00,21,345.4,0.3
2025-01-10 22:00:00,22,17.9,0.3
2025-01-10 23:00:00,23,0.0,0.5
2025-01-11 00:00:00,0,0.0,0.5
2025-01-11 01:00:00,1,0.0,0.2
2025-01-11 02:00:00,2,0.0,0.6
2025-01-11 03:00:00,3,0.0,0.6
2025-01-11 04:00:00,4,0.0,0.3
2025-01-11 05:00:00,5,0.0,0.4
2025-01-11 06:00:00,6,0.0,0.3
2025-01-11 07:00:00,7,0.0,0.7
2025-01-11 08:00:00,8,0.0,0.4
2025-01-11 09:00:00,9,0.6,0.9
2025-01-11 10:00:00,10,225.8,0.8
2025-01-11 11:00:00,11,271.6,1.0
2025-01-11 12:00:00,12,391.8,1.2
2025-01-11 13:00:00,13,996.7,2.0
2025-01-11 14:00:00,14,1343.6,1.8
2025-01-11 15:00:00,15,1639.4,1.8
2025-01-11 16:00:00,16,1188.2,2.3
2025-01-11 17:00:00,17,925.4,1.7
2025-01-11 18:00:00,18,942.7,1.5
2025-01-11 19:00:00,19,1072.2,1.2
2025-01-11 20:00:00,20,682.5,1.1
2025-01-11 21:00:00,21,298.4,1.6
2025-01-11 22:00:00,22,16.5,0.2
2025-01-11 23:00:00,23,0.0,0.7
2025-01-12 00:00:00,0,0.0,0.9
2025-01-12 01:00:00,1,0.0,0.6
2025-01-12 02:00:00,2,0.0,0.6
2025-01-12 03:00:00,3,0.0,0.9
2025-01-12 04:00:00,4,0.0,0.5
2025-01-12 05:00:00,5,0.0,0.7
2025-01-12 06:00:00,6,0.1,1.6
2025-01-12 07:00:00,7,0.0,1.3
2025-01-12 08:00:00,8,0.0,1.3
2025-01-12 09:00:00,9,0.4,1.0
2025-01-12 10:00:00,10,51.2,0.4
2025-01-12 11:00:00,11,11.5,0.7
2025-01-12 12:00:00,12,35.0,0.5
2025-01-12 13:00:00,13,98.8,0.8
2025-01-12 14:00:00,14,511.6,0.3
2025-01-12 15:00:00,15,421.9,1.1
2025-01-12 16:00:00,16,598.2,1.3
2025-01-12 17:00:00,17,491.3,1.1
2025-01-12 18:00:00,18,455.4,0.9
2025-01-12 19:00:00,19,564.6,0.7
2025-01-12 20:00:00,20,437.4,0.4
2025-01-12 21:00:00,21,118.0,0.9
2025-01-12 22:00:00,22,4.9,1.0
2025-01-12 23:00:00,23,0.0,0.5
2025-01-13 00:00:00,0,0.0,0.5
2025-01-13 01:00:00,1,0.0,0.2
2025-01-13 02:00:00,2,0.0,0.4
2025-01-13 03:00:00,3,0.0,1.1
2025-01-13 04:00:00,4,0.0,1.3
2025-01-13 05:00:00,5,0.0,0.4
2025-01-13 06:00:00,6,0.0,0.7
2025-01-13 07:00:00,7,0.0,0.5
2025-01-13 08:00:00,8,0.0,0.3
2025-01-13 09:00:00,9,0.7,0.2
2025-01-13 10:00:00,10,18.8,0.7
2025-01-13 11:00:00,11,147.7,0.8
2025-01-13 12:00:00,12,733.3,1.0
2025-01-13 13:00:00,13,1308.6,1.2
2025-01-13 14:00:00,14,2640.3,1.1
2025-01-13 15:00:00,15,2085.4,0.8
2025-01-13 16:00:00,16,2543.9,1.0
2025-01-13 17:00:00,17,3256.4,2.0
2025-01-13 18:00:00,18,2951.1,1.9
2025-01-13 19:00:00,19,1868.3,3.2
2025-01-13 20:00:00,20,982.9,2.0
2025-01-13 21:00:00,21,301.8,0.6
2025-01-13 22:00:00,22,15.6,0.8
2025-01-13 23:00:00,23,0.0,0.6
2025-01-14 00:00:00,0,0.0,0.2
2025-01-14 01:00:00,1,0.0,1.0
2025-01-14 02:00:00,2,0.0,0.5
2025-01-14 03:00:00,3,0.0,1.3
2025-01-14 04:00:00,4,0.0,2.1
2025-01-14 05:00:00,5,0.1,1.0
2025-01-14 06:00:00,6,0.2,1.1
2025-01-14 07:00:00,7,0.0,0.6
2025-01-14 08:00:00,8,0.1,1.2
2025-01-14 09:00:00,9,0.2,0.8
2025-01-14 10:00:00,10,12.5,1.0
2025-01-14 11:00:00,11,48.8,0.5
2025-01-14 12:00:00,12,168.6,0.5
2025-01-14 13:00:00,13,380.1,0.4
2025-01-14 14:00:00,14,802.1,1.0
2025-01-14 15:00:00,15,1401.2,0.7
2025-01-14 16:00:00,16,1526.3,0.9
2025-01-14 17:00:00,17,1361.9,0.8
2025-01-14 18:00:00,18,1513.8,1.0
2025-01-14 19:00:00,19,1416.2,1.2
2025-01-14 20:00:00,20,1054.2,1.9
2025-01-14 21:00:00,21,268.9,0.7
2025-01-14 22:00:00,22,18.6,0.5
2025-01-14 23:00:00,23,0.0,0.2
2025-01-15 00:00:00,0,0.0,0.2
2025-01-15 01:00:00,1,0.0,1.4
2025-01-15 02:00:00,2,0.0,0.9
2025-01-15 03:00:00,3,0.0,0.8
2025-01-15 04:00:00,4,0.0,1.0
2025-01-15 05:00:00,5,0.0,0.7
2025-01-15 06:00:00,6,0.0,0.3
2025-01-15 07:00:00,7,0.0,0.4
2025-01-15 08:00:00,8,0.0,0.7
2025-01-15 09:00:00,9,0.0,0.6
2025-01-15 10:00:00,10,29.8,0.1
2025-01-15 11:00:00,11,211.5,0.5
2025-01-15 12:00:00,12,419.7,0.4
2025-01-15 13:00:00,13,640.7,0.8
2025-01-15 14:00:00,14,1190.7,0.6
2025-01-15 15:00:00,15,1036.1,0.9
2025-01-15 16:00:00,16,944.7,2.0
2025-01-15 17:00:00,17,1050.9,1.7
2025-01-15 18:00:00,18,1228.0,0.6
2025-01-15 19:00:00,19,1355.2,0.5
2025-01-15 20:00:00,20,585.0,0.5
2025-01-15 21:00:00,21,159.7,0.4
2025-01-15 22:00:00,22,11.1,0.3
2025-01-15 23:00:00,23,0.0,0.3
2025-01-16 00:00:00,0,0.0,0.5
2025-01-16 01:00:00,1,0.0,0.2
2025-01-16 02:00:00,2,0.0,0.8
2025-01-16 03:00:00,3,0.0,0.4
2025-01-16 04:00:00,4,0.0,0.3
2025-01-16 05:00:00,5,0.0,0.2
2025-01-16 06:00:00,6,0.0,0.3
2025-01-16 07:00:00,7,0.0,0.2
2025-01-16 08:00:00,8,0.0,0.3
2025-01-16 09:00:00,9,0.5,0.4
2025-01-16 10:00:00,10,115.4,0.7
2025-01-16 11:00:00,11,473.7,1.1
2025-01-16 12:00:00,12,1252.2,0.8
2025-01-16 13:00:00,13,2162.4,1.0
2025-01-16 14:00:00,14,3296.7,1.7
2025-01-16 15:00:00,15,2750.8,0.9
2025-01-16 16:00:00,16,2738.3,1.3
2025-01-16 17:00:00,17,3249.1,1.2
2025-01-16 18:00:00,18,2272.3,1.2
2025-01-16 19:00:00,19,1603.3,0.8
2025-01-16 20:00:00,20,731.2,0.9
2025-01-16 21:00:00,21,289.4,0.7
2025-01-16 22:00:00,22,22.3,0.8
2025-01-16 23:00:00,23,0.0,0.8
2025-01-17 00:00:00,0,0.0,0.4
2025-01-17 01:00:00,1,0.0,1.9
2025-01-17 02:00:00,2,0.1,1.2
2025-01-17 03:00:00,3,0.0,1.2
2025-01-17 04:00:00,4,0.0,0.7
2025-01-17 05:00:00,5,0.0,0.3
2025-01-17 06:00:00,6,0.0,0.7
2025-01-17 07:00:00,7,0.0,0.2
2025-01-17 08:00:00,8,0.0,0.6
2025-01-17 09:00:00,9,1.4,1.1
2025-01-17 10:00:00,10,125.2,0.6
2025-01-17 11:00:00,11,640.6,0.5
2025-01-17 12:00:00,12,1440.3,0.7
2025-01-17 13:00:00,13,2108.7,0.5
2025-01-17 14:00:00,14,3570.8,2.0
2025-01-17 15:00:00,15,3204.3,0.4
2025-01-17 16:00:00,16,2558.3,1.5
2025-01-17 17:00:00,17,2329.9,0.9
2025-01-17 18:00:00,18,1881.3,1.0
2025-01-17 19:00:00,19,1626.6,1.0
2025-01-17 20:00:00,20,1406.3,0.9
2025-01-17 21:00:00,21,245.9,0.9
2025-01-17 22:00:00,22,21.1,0.6
2025-01-17 23:00:00,23,0.0,0.5
2025-01-18 00:00:00,0,0.0,0.2
2025-01-18 01:00:00,1,0.0,0.7
2025-01-18 02:00:00,2,0.0,2.0
2025-01-18 03:00:00,3,0.0,0.7
2025-01-18 04:00:00,4,0.0,0.5
2025-01-18 05:00:00,5,0.0,1.0
2025-01-18 06:00:00,6,0.0,0.3
2025-01-18 07:00:00,7,0.0,0.8
2025-01-18 08:00:00,8,0.0,0.5
2025-01-18 09:00:00,9,0.5,0.6
2025-01-18 10:00:00,10,108.0,0.6
2025-01-18 11:00:00,11,210.2,1.5
2025-01-18 12:00:00,12,1134.2,2.2
2025-01-18 13:00:00,13,2449.8,1.3
2025-01-18 14:00:00,14,1709.8,2.1
2025-01-18 15:00:00,15,1239.0,1.1
2025-01-18 16:00:00,16,1487.8,1.3
2025-01-18 17:00:00,17,3372.6,0.9
2025-01-18 18:00:00,18,2319.2,1.0
2025-01-18 19:00:00,19,1002.9,2.3
2025-01-18 20:00:00,20,418.1,1.6
2025-01-18 21:00:00,21,136.4,0.7
2025-01-18 22:00:00,22,18.6,0.3
2025-01-18 23:00:00,23,0.0,0.5
2025-01-19 00:00:00,0,0.0,0.6
2025-01-19 01:00:00,1,0.0,0.4
2025-01-19 02:00:00,2,0.0,0.7
2025-01-19 03:00:00,3,0.0,0.6
2025-01-19 04:00:00,4,0.0,1.1
2025-01-19 05:00:00,5,0.0,0.6
2025-01-19 06:00:00,6,0.0,0.5
2025-01-19 07:00:00,7,0.0,0.5
2025-01-19 08:00:00,8,0.0,0.3
2025-01-19 09:00:00,9,0.2,0.3
2025-01-19 10:00:00,10,109.5,0.6
2025-01-19 11:00:00,11,395.3,0.6
2025-01-19 12:00:00,12,809.2,1.1
2025-01-19 13:00:00,13,1663.4,1.0
2025-01-19 14:00:00,14,3158.7,0.8
2025-01-19 15:00:00,15,3669.2,1.1
2025-01-19 16:00:00,16,2178.4,1.2
2025-01-19 17:00:00,17,3366.3,0.8
2025-01-19 18:00:00,18,2281.2,1.7
2025-01-19 19:00:00,19,2175.6,1.9
2025-01-19 20:00:00,20,1383.4,1.1
2025-01-19 21:00:00,21,84.0,2.6
2025-01-19 22:00:00,22,3.3,4.1
2025-01-19 23:00:00,23,0.7,1.4
2025-01-20 00:00:00,0,0.0,0.9
2025-01-20 01:00:00,1,0.0,0.7
2025-01-20 02:00:00,2,0.0,0.5
2025-01-20 03:00:00,3,0.0,0.3
2025-01-20 04:00:00,4,0.0,0.3
2025-01-20 05:00:00,5,0.0,1.2
2025-01-20 06:00:00,6,0.0,0.5
2025-01-20 07:00:00,7,0.0,1.0
2025-01-20 08:00:00,8,0.0,1.3
2025-01-20 09:00:00,9,1.7,0.8
2025-01-20 10:00:00,10,83.2,0.7
2025-01-20 11:00:00,11,287.2,0.8
2025-01-20 12:00:00,12,805.2,1.8
2025-01-20 13:00:00,13,1061.3,0.5
2025-01-20 14:00:00,14,1242.0,0.7
2025-01-20 15:00:00,15,1739.5,1.5
2025-01-20 16:00:00,16,2744.8,1.4
2025-01-20 17:00:00,17,2411.5,1.8
2025-01-20 18:00:00,18,547.9,1.4
2025-01-20 19:00:00,19,636.7,0.9
2025-01-20 20:00:00,20,768.6,1.1
2025-01-20 21:00:00,21,296.0,0.6
2025-01-20 22:00:00,22,23.0,0.4
2025-01-20 23:00:00,23,0.0,0.4
2025-01-21 00:00:00,0,0.0,2.4
2025-01-21 01:00:00,1,0.0,0.7
2025-01-21 02:00:00,2,0.0,1.2
2025-01-21 03:00:00,3,0.0,0.5
2025-01-21 04:00:00,4,0.0,0.6
2025-01-21 05:00:00,5,0.0,0.8
2025-01-21 06:00:00,6,0.0,0.5
2025-01-21 07:00:00,7,0.0,0.7
2025-01-21 08:00:00,8,0.0,0.3
2025-01-21 09:00:00,9,0.3,0.9
2025-01-21 10:00:00,10,126.8,0.4
2025-01-21 11:00:00,11,525.0,0.4
2025-01-21 12:00:00,12,791.7,1.1
2025-01-21 13:00:00,13,1528.6,1.2
2025-01-21 14:00:00,14,1544.5,0.6
2025-01-21 15:00:00,15,1463.7,0.8
2025-01-21 16:00:00,16,2875.6,1.6
2025-01-21 17:00:00,17,2376.2,1.0
2025-01-21 18:00:00,18,2946.3,1.2
2025-01-21 19:00:00,19,2189.6,1.1
2025-01-21 20:00:00,20,1231.2,0.8
2025-01-21 21:00:00,21,270.1,0.7
2025-01-21 22:00:00,22,22.2,0.8
2025-01-21 23:00:00,23,0.0,0.6
2025-01-22 00:00:00,0,0.0,0.6
2025-01-22 01:00:00,1,0.0,0.4
2025-01-22 02:00:00,2,0.0,0.4
2025-01-22 03:00:00,3,0.0,0.5
2025-01-22 04:00:00,4,0.0,0.4
2025-01-22 05:00:00,5,0.0,0.7
2025-01-22 06:00:00,6,0.0,0.2
2025-01-22 07:00:00,7,0.0,0.8
2025-01-22 08:00:00,8,0.0,0.7
2025-01-22 09:00:00,9,0.3,0.5
2025-01-22 10:00:00,10,61.0,0.7
2025-01-22 11:00:00,11,229.7,1.0
2025-01-22 12:00:00,12,511.3,0.9
2025-01-22 13:00:00,13,1023.5,0.8
2025-01-22 14:00:00,14,1679.6,1.2
2025-01-22 15:00:00,15,1941.3,0.8
2025-01-22 16:00:00,16,581.6,1.1
2025-01-22 17:00:00,17,1451.6,0.8
2025-01-22 18:00:00,18,1629.6,1.3
2025-01-22 19:00:00,19,785.9,0.3
2025-01-22 20:00:00,20,889.7,0.4
2025-01-22 21:00:00,21,277.7,1.0
2025-01-22 22:00:00,22,18.3,1.1
2025-01-22 23:00:00,23,0.0,0.5
2025-01-23 00:00:00,0,0.0,0.5
2025-01-23 01:00:00,1,0.0,0.9
2025-01-23 02:00:00,2,0.0,0.4
2025-01-23 03:00:00,3,0.0,0.5
2025-01-23 04:00:00,4,0.0,0.4
2025-01-23 05:00:00,5,0.0,0.2
2025-01-23 06:00:00,6,0.2,0.4
2025-01-23 07:00:00,7,0.6,0.2
2025-01-23 08:00:00,8,0.1,0.6
2025-01-23 09:00:00,9,1.4,0.4
2025-01-23 10:00:00,10,75.7,0.6
2025-01-23 11:00:00,11,183.6,0.7
2025-01-23 12:00:00,12,225.2,0.8
2025-01-23 13:00:00,13,673.7,1.0
2025-01-23 14:00:00,14,2073.2,0.8
2025-01-23 15:00:00,15,2558.9,1.9
2025-01-23 16:00:00,16,1878.4,2.3
2025-01-23 17:00:00,17,579.6,1.0
2025-01-23 18:00:00,18,444.4,1.0
2025-01-23 19:00:00,19,339.9,1.5
2025-01-23 20:00:00,20,174.0,0.8
2025-01-23 21:00:00,21,204.1,0.3
2025-01-23 22:00:00,22,21.8,0.4
2025-01-23 23:00:00,23,0.0,0.6
2025-01-24 00:00:00,0,0.0,0.6
2025-01-24 01:00:00,1,0.0,0.4
2025-01-24 02:00:00,2,0.0,0.7
2025-01-24 03:00:00,3,0.0,0.4
2025-01-24 04:00:00,4,0.0,0.2
2025-01-24 05:00:00,5,0.0,0.3
2025-01-24 06:00:00,6,0.0,0.3
2025-01-24 07:00:00,7,0.0,0.3
2025-01-24 08:00:00,8,0.0,0.9
2025-01-24 09:00:00,9,1.3,0.6
2025-01-24 10:00:00,10,138.0,0.2
2025-01-24 11:00:00,11,821.0,0.6
2025-01-24 12:00:00,12,1211.2,1.4
2025-01-24 13:00:00,13,2424.7,0.8
2025-01-24 14:00:00,14,2884.2,1.2
2025-01-24 15:00:00,15,3284.3,1.1
2025-01-24 16:00:00,16,2738.5,2.1
2025-01-24 17:00:00,17,2987.2,1.0
2025-01-24 18:00:00,18,2465.6,3.1
2025-01-24 19:00:00,19,1741.2,3.1
2025-01-24 20:00:00,20,1005.1,1.7
2025-01-24 21:00:00,21,333.4,0.8
2025-01-24 22:00:00,22,36.5,0.4
2025-01-24 23:00:00,23,0.0,0.6
2025-01-25 00:00:00,0,0.0,0.8
2025-01-25 01:00:00,1,0.0,1.1
2025-01-25 02:00:00,2,0.0,0.4
2025-01-25 03:00:00,3,0.0,0.7
2025-01-25 04:00:00,4,0.0,0.7
2025-01-25 05:00:00,5,0.0,1.2
2025-01-25 06:00:00,6,0.0,0.3
2025-01-25 07:00:00,7,0.0,0.7
2025-01-25 08:00:00,8,0.0,0.4
2025-01-25 09:00:00,9,0.8,0.7
2025-01-25 10:00:00,10,120.9,0.7
2025-01-25 11:00:00,11,692.3,1.6
2025-01-25 12:00:00,12,1490.9,1.8
2025-01-25 13:00:00,13,1963.0,1.3
2025-01-25 14:00:00,14,2891.8,1.0
2025-01-25 15:00:00,15,3143.4,1.1
2025-01-25 16:00:00,16,2993.9,2.4
2025-01-25 17:00:00,17,3043.2,1.9
2025-01-25 18:00:00,18,2729.2,2.3
2025-01-25 19:00:00,19,1035.0,1.6
2025-01-25 20:00:00,20,914.4,1.3
2025-01-25 21:00:00,21,201.4,1.4
2025-01-25 22:00:00,22,22.2,1.0
2025-01-25 23:00:00,23,0.0,0.4
2025-01-26 00:00:00,0,0.0,0.7
2025-01-26 01:00:00,1,0.0,0.4
2025-01-26 02:00:00,2,0.0,0.8
2025-01-26 03:00:00,3,0.0,0.3
2025-01-26 04:00:00,4,0.0,0.4
2025-01-26 05:00:00,5,0.0,0.4
2025-01-26 06:00:00,6,0.0,0.4
2025-01-26 07:00:00,7,0.0,0.6
2025-01-26 08:00:00,8,0.0,0.8
2025-01-26 09:00:00,9,0.2,0.3
2025-01-26 10:00:00,10,97.4,0.5
2025-01-26 11:00:00,11,950.6,0.8
2025-01-26 12:00:00,12,1510.8,0.5
2025-01-26 13:00:00,13,2571.6,1.4
2025-01-26 14:00:00,14,3434.6,1.0
2025-01-26 15:00:00,15,3372.9,2.0
2025-01-26 16:00:00,16,1086.3,1.2
2025-01-26 17:00:00,17,1842.9,0.9
2025-01-26 18:00:00,18,1616.1,0.6
2025-01-26 19:00:00,19,282.9,2.3
2025-01-26 20:00:00,20,159.7,0.7
2025-01-26 21:00:00,21,114.3,0.8
2025-01-26 22:00:00,22,23.6,0.4
2025-01-26 23:00:00,23,0.0,0.5
2025-01-27 00:00:00,0,0.0,1.0
2025-01-27 01:00:00,1,0.0,0.5
2025-01-27 02:00:00,2,0.0,0.4
2025-01-27 03:00:00,3,0.0,0.3
2025-01-27 04:00:00,4,0.0,0.3
2025-01-27 05:00:00,5,0.0,0.5
2025-01-27 06:00:00,6,0.0,0.5
2025-01-27 07:00:00,7,0.0,0.3
2025-01-27 08:00:00,8,0.0,0.5
2025-01-27 09:00:00,9,0.3,0.3
2025-01-27 10:00:00,10,114.7,0.5
2025-01-27 11:00:00,11,847.5,1.2
2025-01-27 12:00:00,12,1771.4,1.3
2025-01-27 13:00:00,13,1769.1,0.7
2025-01-27 14:00:00,14,2272.6,0.9
2025-01-27 15:00:00,15,2999.4,1.1
2025-01-27 16:00:00,16,2562.0,1.5
2025-01-27 17:00:00,17,2512.6,1.6
2025-01-27 18:00:00,18,1253.3,1.6
2025-01-27 19:00:00,19,1509.6,1.0
2025-01-27 20:00:00,20,996.9,2.0
2025-01-27 21:00:00,21,210.8,1.5
2025-01-27 22:00:00,22,22.6,0.4
2025-01-27 23:00:00,23,0.0,0.4
2025-01-28 00:00:00,0,0.0,1.0
2025-01-28 01:00:00,1,0.0,0.6
2025-01-28 02:00:00,2,0.0,0.3
2025-01-28 03:00:00,3,0.0,0.6
2025-01-28 04:00:00,4,0.0,0.6
2025-01-28 05:00:00,5,0.0,0.4
2025-01-28 06:00:00,6,0.0,0.5
2025-01-28 07:00:00,7,0.0,0.5
2025-01-28 08:00:00,8,0.0,0.4
2025-01-28 09:00:00,9,0.4,0.7
2025-01-28 10:00:00,10,98.6,0.5
2025-01-28 11:00:00,11,943.4,0.8
2025-01-28 12:00:00,12,1749.4,1.5
2025-01-28 13:00:00,13,2564.0,1.1
2025-01-28 14:00:00,14,2683.3,1.5
2025-01-28 15:00:00,15,2112.4,1.3
2025-01-28 16:00:00,16,1104.1,1.7
2025-01-28 17:00:00,17,884.8,1.8
2025-01-28 18:00:00,18,1284.0,1.4
2025-01-28 19:00:00,19,2145.7,0.6
2025-01-28 20:00:00,20,1331.6,1.4
2025-01-28 21:00:00,21,309.9,2.1
2025-01-28 22:00:00,22,27.2,1.1
2025-01-28 23:00:00,23,0.0,1.0
2025-01-29 00:00:00,0,0.0,0.5
2025-01-29 01:00:00,1,0.0,0.5
2025-01-29 02:00:00,2,0.0,0.3
2025-01-29 03:00:00,3,0.0,1.1
2025-01-29 04:00:00,4,0.0,0.6
2025-01-29 05:00:00,5,0.0,0.7
2025-01-29 06:00:00,6,0.0,1.0
2025-01-29 07:00:00,7,0.0,0.4
2025-01-29 08:00:00,8,0.0,0.7
2025-01-29 09:00:00,9,0.0,0.5
2025-01-29 10:00:00,10,58.3,0.8
2025-01-29 11:00:00,11,201.9,1.8
2025-01-29 12:00:00,12,369.5,1.5
2025-01-29 13:00:00,13,459.3,0.8
2025-01-29 14:00:00,14,768.8,0.9
2025-01-29 15:00:00,15,1658.4,0.8
2025-01-29 16:00:00,16,1186.9,0.6
2025-01-29 17:00:00,17,1196.7,1.2
2025-01-29 18:00:00,18,1799.5,1.0
2025-01-29 19:00:00,19,1731.1,1.3
2025-01-29 20:00:00,20,1245.7,0.4
2025-01-29 21:00:00,21,159.2,0.4
2025-01-29 22:00:00,22,14.9,0.7
2025-01-29 23:00:00,23,0.0,0.3
2025-01-30 00:00:00,0,0.0,0.5
2025-01-30 01:00:00,1,0.0,1.1
2025-01-30 02:00:00,2,0.0,0.6
2025-01-30 03:00:00,3,0.0,0.6
2025-01-30 04:00:00,4,0.0,0.4
2025-01-30 05:00:00,5,0.0,0.7
2025-01-30 06:00:00,6,0.0,0.5
2025-01-30 07:00:00,7,0.0,0.3
2025-01-30 08:00:00,8,0.0,0.6
2025-01-30 09:00:00,9,0.1,0.7
2025-01-30 10:00:00,10,59.1,0.4
2025-01-30 11:00:00,11,382.1,0.3
2025-01-30 12:00:00,12,672.8,0.3
2025-01-30 13:00:00,13,1454.4,0.8
2025-01-30 14:00:00,14,2264.3,0.9
2025-01-30 15:00:00,15,2483.5,0.9
2025-01-30 16:00:00,16,2237.0,1.5
2025-01-30 17:00:00,17,727.6,1.1
2025-01-30 18:00:00,18,1697.6,1.9
2025-01-30 19:00:00,19,1135.1,0.9
2025-01-30 20:00:00,20,525.1,1.4
2025-01-30 21:00:00,21,356.2,0.8
2025-01-30 22:00:00,22,21.3,0.5
2025-01-30 23:00:00,23,0.0,0.6
2025-01-31 00:00:00,0,0.0,0.7
2025-01-31 01:00:00,1,0.0,0.3
2025-01-31 02:00:00,2,0.0,0.7
2025-01-31 03:00:00,3,0.0,0.2
2025-01-31 04:00:00,4,0.0,0.5
2025-01-31 05:00:00,5,0.0,0.5
2025-01-31 06:00:00,6,0.0,0.7
2025-01-31 07:00:00,7,0.0,0.3
2025-01-31 08:00:00,8,0.0,0.4
2025-01-31 09:00:00,9,1.0,0.4
2025-01-31 10:00:00,10,99.8,0.6
2025-01-31 11:00:00,11,550.0,0.5
2025-01-31 12:00:00,12,1376.1,1.4
2025-01-31 13:00:00,13,1434.3,0.6
2025-01-31 14:00:00,14,2862.1,2.0
2025-01-31 15:00:00,15,1722.3,1.9
2025-01-31 16:00:00,16,3520.2,0.9
2025-01-31 17:00:00,17,3467.1,1.2
2025-01-31 18:00:00,18,2864.3,0.8
2025-01-31 19:00:00,19,1343.1,1.0
2025-01-31 20:00:00,20,148.5,2.8
2025-01-31 21:00:00,21,150.1,0.3
2025-01-31 22:00:00,22,36.7,0.8
2025-01-31 23:00:00,23,0.0,0.7
2025-02-01 00:00:00,0,0.0,0.3
2025-02-01 01:00:00,1,0.0,0.5
2025-02-01 02:00:00,2,0.0,0.3
2025-02-01 03:00:00,3,0.0,0.3
2025-02-01 04:00:00,4,0.0,0.7
2025-02-01 05:00:00,5,0.0,0.4
2025-02-01 06:00:00,6,0.0,0.4
2025-02-01 07:00:00,7,0.0,0.3
2025-02-01 08:00:00,8,0.0,0.4
2025-02-01 09:00:00,9,0.7,0.1
2025-02-01 10:00:00,10,112.2,0.5
2025-02-01 11:00:00,11,782.8,1.1
2025-02-01 12:00:00,12,1743.7,0.6
2025-02-01 13:00:00,13,2351.5,1.4
2025-02-01 14:00:00,14,2441.0,1.2
2025-02-01 15:00:00,15,3078.0,1.3
2025-02-01 16:00:00,16,3659.7,0.8
2025-02-01 17:00:00,17,2380.1,2.7
2025-02-01 18:00:00,18,1598.7,1.0
2025-02-01 19:00:00,19,2144.9,3.1
2025-02-01 20:00:00,20,532.4,2.5
2025-02-01 21:00:00,21,191.5,1.5
2025-02-01 22:00:00,22,20.9,0.7
2025-02-01 23:00:00,23,0.0,1.0
2025-02-02 00:00:00,0,0.0,0.8
2025-02-02 01:00:00,1,0.0,0.3
2025-02-02 02:00:00,2,0.0,0.4
2025-02-02 03:00:00,3,0.0,0.8
2025-02-02 04:00:00,4,0.0,0.8
2025-02-02 05:00:00,5,0.0,0.3
2025-02-02 06:00:00,6,0.0,0.1
2025-02-02 07:00:00,7,0.0,0.2
2025-02-02 08:00:00,8,0.0,0.4
2025-02-02 09:00:00,9,0.1,0.4
2025-02-02 10:00:00,10,90.0,0.3
2025-02-02 11:00:00,11,929.4,0.8
2025-02-02 12:00:00,12,1920.8,1.1
2025-02-02 13:00:00,13,2512.6,1.2
2025-02-02 14:00:00,14,3176.5,1.1
2025-02-02 15:00:00,15,2477.8,1.4
2025-02-02 16:00:00,16,3242.5,2.1
2025-02-02 17:00:00,17,3011.4,2.8
2025-02-02 18:00:00,18,3019.3,1.8
2025-02-02 19:00:00,19,1709.6,1.7
2025-02-02 20:00:00,20,1223.0,1.9
2025-02-02 21:00:00,21,196.0,0.8
2025-02-02 22:00:00,22,45.4,0.7
2025-02-02 23:00:00,23,0.0,0.8
2025-02-03 00:00:00,0,0.0,0.6
2025-02-03 01:00:00,1,0.0,0.6
2025-02-03 02:00:00,2,0.0,0.2
2025-02-03 03:00:00,3,0.0,0.4
2025-02-03 04:00:00,4,0.0,0.4
2025-02-03 05:00:00,5,0.0,0.2
2025-02-03 06:00:00,6,0.0,0.6
2025-02-03 07:00:00,7,0.0,0.6
2025-02-03 08:00:00,8,0.0,1.0
2025-02-03 09:00:00,9,1.0,1.1
2025-02-03 10:00:00,10,95.3,0.7
2025-02-03 11:00:00,11,384.6,0.6
2025-02-03 12:00:00,12,1862.5,0.7
2025-02-03 13:00:00,13,2700.5,1.0
2025-02-03 14:00:00,14,3342.1,1.3
2025-02-03 15:00:00,15,3285.5,1.3
2025-02-03 16:00:00,16,2680.5,1.0
2025-02-03 17:00:00,17,3173.8,3.5
2025-02-03 18:00:00,18,1830.7,2.6
2025-02-03 19:00:00,19,1905.5,2.2
2025-02-03 20:00:00,20,883.9,1.4
2025-02-03 21:00:00,21,292.2,1.2
2025-02-03 22:00:00,22,28.5,1.0
2025-02-03 23:00:00,23,0.0,0.6
2025-02-04 00:00:00,0,0.0,0.6
2025-02-04 01:00:00,1,0.0,0.8
2025-02-04 02:00:00,2,0.0,0.5
2025-02-04 03:00:00,3,0.0,0.7
2025-02-04 04:00:00,4,0.0,0.5
2025-02-04 05:00:00,5,0.0,1.2
2025-02-04 06:00:00,6,0.0,0.5
2025-02-04 07:00:00,7,0.0,0.3
2025-02-04 08:00:00,8,0.0,0.3
2025-02-04 09:00:00,9,0.4,0.2
2025-02-04 10:00:00,10,151.0,1.4
2025-02-04 11:00:00,11,985.3,2.9
2025-02-04 12:00:00,12,1817.4,3.3
2025-02-04 13:00:00,13,2852.9,3.6
2025-02-04 14:00:00,14,2730.4,3.1
2025-02-04 15:00:00,15,3219.3,3.1
2025-02-04 16:00:00,16,2966.2,3.6
2025-02-04 17:00:00,17,3287.1,2.5
2025-02-04 18:00:00,18,3055.9,3.3
2025-02-04 19:00:00,19,1680.2,2.3
2025-02-04 20:00:00,20,831.2,1.5
2025-02-04 21:00:00,21,239.6,0.5
2025-02-04 22:00:00,22,9.6,0.7
2025-02-04 23:00:00,23,0.0,0.6
2025-02-05 00:00:00,0,0.0,0.2
2025-02-05 01:00:00,1,0.0,0.7
2025-02-05 02:00:00,2,0.0,0.7
2025-02-05 03:00:00,3,0.0,0.4
2025-02-05 04:00:00,4,0.0,0.7
2025-02-05 05:00:00,5,0.0,0.4
2025-02-05 06:00:00,6,0.0,0.1
2025-02-05 07:00:00,7,0.0,0.7
2025-02-05 08:00:00,8,0.0,0.5
2025-02-05 09:00:00,9,0.8,0.3
2025-02-05 10:00:00,10,120.3,0.4
2025-02-05 11:00:00,11,997.7,0.9
2025-02-05 12:00:00,12,1955.0,3.0
2025-02-05 13:00:00,13,2715.7,3.4
2025-02-05 14:00:00,14,3354.3,2.6
2025-02-05 15:00:00,15,3499.5,2.5
2025-02-05 16:00:00,16,3472.2,2.5
2025-02-05 17:00:00,17,3266.4,1.9
2025-02-05 18:00:00,18,2720.3,2.8
2025-02-05 19:00:00,19,2166.8,3.3
2025-02-05 20:00:00,20,1186.4,2.6
2025-02-05 21:00:00,21,260.1,2.2
2025-02-05 22:00:00,22,34.4,0.9
2025-02-05 23:00:00,23,0.0,0.5
2025-02-06 00:00:00,0,0.0,2.9
2025-02-06 01:00:00,1,0.0,1.4
2025-02-06 02:00:00,2,0.0,0.5
2025-02-06 03:00:00,3,0.0,0.6
2025-02-06 04:00:00,4,0.0,0.7
2025-02-06 05:00:00,5,0.0,0.4
2025-02-06 06:00:00,6,0.0,0.3
2025-02-06 07:00:00,7,0.0,0.4
2025-02-06 08:00:00,8,0.0,0.3
2025-02-06 09:00:00,9,0.0,0.4
2025-02-06 10:00:00,10,88.0,0.5
2025-02-06 11:00:00,11,974.0,1.5
2025-02-06 12:00:00,12,1034.9,1.6
2025-02-06 13:00:00,13,2350.4,2.7
2025-02-06 14:00:00,14,3179.4,3.5
2025-02-06 15:00:00,15,3563.0,3.8
2025-02-06 16:00:00,16,3776.5,3.1
2025-02-06 17:00:00,17,2789.1,2.6
2025-02-06 18:00:00,18,2819.3,3.5
2025-02-06 19:00:00,19,1745.6,3.1
2025-02-06 20:00:00,20,1165.5,3.5
2025-02-06 21:00:00,21,223.7,2.4
2025-02-06 22:00:00,22,34.0,1.1
2025-02-06 23:00:00,23,0.0,0.5
2025-02-07 00:00:00,0,0.0,0.8
2025-02-07 01:00:00,1,0.0,0.9
2025-02-07 02:00:00,2,0.0,0.7
2025-02-07 03:00:00,3,0.0,0.8
2025-02-07 04:00:00,4,0.0,0.7
2025-02-07 05:00:00,5,0.0,0.4
2025-02-07 06:00:00,6,0.0,0.5
2025-02-07 07:00:00,7,0.0,0.2
2025-02-07 08:00:00,8,0.0,0.4
2025-02-07 09:00:00,9,0.0,1.0
2025-02-07 10:00:00,10,144.1,0.5
2025-02-07 11:00:00,11,614.6,1.8
2025-02-07 12:00:00,12,1405.6,3.2
2025-02-07 13:00:00,13,2182.8,3.6
2025-02-07 14:00:00,14,2767.4,3.0
2025-02-07 15:00:00,15,2391.9,2.6
2025-02-07 16:00:00,16,2354.8,2.3
2025-02-07 17:00:00,17,1976.4,2.3
2025-02-07 18:00:00,18,1651.9,2.1
2025-02-07 19:00:00,19,1671.9,2.6
2025-02-07 20:00:00,20,857.1,2.1
2025-02-07 21:00:00,21,253.1,0.6
2025-02-07 22:00:00,22,22.4,1.0
2025-02-07 23:00:00,23,0.0,0.8
2025-02-08 00:00:00,0,0.0,0.5
2025-02-08 01:00:00,1,0.0,0.5
2025-02-08 02:00:00,2,0.0,0.3
2025-02-08 03:00:00,3,0.0,0.7
2025-02-08 04:00:00,4,0.0,0.7
2025-02-08 05:00:00,5,0.0,0.3
2025-02-08 06:00:00,6,0.0,0.4
2025-02-08 07:00:00,7,0.0,0.5
2025-02-08 08:00:00,8,0.0,0.8
2025-02-08 09:00:00,9,0.3,0.2
2025-02-08 10:00:00,10,70.2,0.3
2025-02-08 11:00:00,11,1025.5,0.6
2025-02-08 12:00:00,12,1973.1,2.2
2025-02-08 13:00:00,13,2710.8,2.6
2025-02-08 14:00:00,14,3153.6,2.3
2025-02-08 15:00:00,15,2948.9,3.4
2025-02-08 16:00:00,16,2612.1,1.6
2025-02-08 17:00:00,17,3282.0,2.3
2025-02-08 18:00:00,18,2298.4,2.1
2025-02-08 19:00:00,19,1893.0,3.2
2025-02-08 20:00:00,20,637.0,2.4
2025-02-08 21:00:00,21,202.3,1.3
2025-02-08 22:00:00,22,17.7,1.1
2025-02-08 23:00:00,23,0.0,0.6
2025-02-09 00:00:00,0,0.0,0.4
2025-02-09 01:00:00,1,0.0,0.9
2025-02-09 02:00:00,2,0.0,0.3
2025-02-09 03:00:00,3,0.0,0.6
2025-02-09 04:00:00,4,0.0,0.3
2025-02-09 05:00:00,5,0.0,0.4
2025-02-09 06:00:00,6,0.0,0.5
2025-02-09 07:00:00,7,0.0,0.6
2025-02-09 08:00:00,8,0.0,0.4
2025-02-09 09:00:00,9,0.0,0.6
2025-02-09 10:00:00,10,88.9,0.5
2025-02-09 11:00:00,11,935.3,1.0
2025-02-09 12:00:00,12,1163.5,2.4
2025-02-09 13:00:00,13,2646.3,2.4
2025-02-09 14:00:00,14,3339.8,2.6
2025-02-09 15:00:00,15,3383.0,2.0
2025-02-09 16:00:00,16,3272.0,2.0
2025-02-09 17:00:00,17,2403.9,2.0
2025-02-09 18:00:00,18,2168.1,2.0
2025-02-09 19:00:00,19,2378.5,3.4
2025-02-09 20:00:00,20,1321.9,2.5
2025-02-09 21:00:00,21,194.8,1.8
2025-02-09 22:00:00,22,34.9,2.3
2025-02-09 23:00:00,23,0.0,1.6
2025-02-10 00:00:00,0,0.0,1.2
2025-02-10 01:00:00,1,0.0,1.3
2025-02-10 02:00:00,2,0.0,0.2
2025-02-10 03:00:00,3,0.0,0.5
2025-02-10 04:00:00,4,0.0,0.7
2025-02-10 05:00:00,5,0.0,0.3
2025-02-10 06:00:00,6,0.0,0.9
2025-02-10 07:00:00,7,0.0,1.7
2025-02-10 08:00:00,8,0.0,0.4
2025-02-10 09:00:00,9,0.0,0.6
2025-02-10 10:00:00,10,115.3,0.2
2025-02-10 11:00:00,11,757.4,0.7
2025-02-10 12:00:00,12,1313.8,1.5
2025-02-10 13:00:00,13,2224.7,2.2
2025-02-10 14:00:00,14,3421.2,2.7
2025-02-10 15:00:00,15,3482.1,2.8
2025-02-10 16:00:00,16,2887.0,2.6
2025-02-10 17:00:00,17,3103.0,2.6
2025-02-10 18:00:00,18,2316.8,2.4
2025-02-10 19:00:00,19,1058.6,2.0
2025-02-10 20:00:00,20,1058.7,1.3
2025-02-10 21:00:00,21,304.0,6.6
2025-02-10 22:00:00,22,14.7,0.3
2025-02-10 23:00:00,23,0.0,0.6
2025-02-11 00:00:00,0,0.0,0.4
2025-02-11 01:00:00,1,0.0,0.7
2025-02-11 02:00:00,2,0.0,0.3
2025-02-11 03:00:00,3,0.0,0.7
2025-02-11 04:00:00,4,0.0,0.6
2025-02-11 05:00:00,5,0.0,0.4
2025-02-11 06:00:00,6,0.0,0.7
2025-02-11 07:00:00,7,0.0,0.5
2025-02-11 08:00:00,8,0.0,0.8
2025-02-11 09:00:00,9,0.4,0.3
2025-02-11 10:00:00,10,113.5,0.8
2025-02-11 11:00:00,11,903.4,1.4
2025-02-11 12:00:00,12,1907.6,3.2
2025-02-11 13:00:00,13,2706.8,3.6
2025-02-11 14:00:00,14,3318.1,3.7
2025-02-11 15:00:00,15,3314.1,2.9
2025-02-11 16:00:00,16,3611.1,3.7
2025-02-11 17:00:00,17,3050.0,2.2
2025-02-11 18:00:00,18,2974.1,3.4
2025-02-11 19:00:00,19,2227.6,2.2
2025-02-11 20:00:00,20,1391.4,3.2
2025-02-11 21:00:00,21,175.8,1.5
2025-02-11 22:00:00,22,9.9,1.9
2025-02-11 23:00:00,23,0.0,0.9
2025-02-12 00:00:00,0,0.0,0.8
2025-02-12 01:00:00,1,0.0,0.6
2025-02-12 02:00:00,2,0.0,0.2
2025-02-12 03:00:00,3,0.0,0.3
2025-02-12 04:00:00,4,0.0,0.3
2025-02-12 05:00:00,5,0.0,0.6
2025-02-12 06:00:00,6,0.0,0.2
2025-02-12 07:00:00,7,0.0,0.4
2025-02-12 08:00:00,8,0.0,0.3
2025-02-12 09:00:00,9,0.4,0.7
2025-02-12 10:00:00,10,136.8,0.8
2025-02-12 11:00:00,11,970.6,0.9
2025-02-12 12:00:00,12,1898.2,2.1
2025-02-12 13:00:00,13,2608.0,2.4
2025-02-12 14:00:00,14,3340.6,2.9
2025-02-12 15:00:00,15,3210.6,2.9
2025-02-12 16:00:00,16,3065.7,2.0
2025-02-12 17:00:00,17,3139.9,1.4
2025-02-12 18:00:00,18,2384.8,1.6
2025-02-12 19:00:00,19,2343.0,1.8
2025-02-12 20:00:00,20,1302.2,1.6
2025-02-12 21:00:00,21,175.2,0.9
2025-02-12 22:00:00,22,27.3,0.6
2025-02-12 23:00:00,23,0.0,0.5
2025-02-13 00:00:00,0,0.0,0.4
2025-02-13 01:00:00,1,0.0,0.8
2025-02-13 02:00:00,2,0.0,0.7
2025-02-13 03:00:00,3,0.0,0.3
2025-02-13 04:00:00,4,0.0,0.3
2025-02-13 05:00:00,5,0.0,0.8
2025-02-13 06:00:00,6,0.0,0.4
2025-02-13 07:00:00,7,0.0,0.4
2025-02-13 08:00:00,8,0.0,0.3
2025-02-13 09:00:00,9,0.0,1.0
2025-02-13 10:00:00,10,90.8,0.3
2025-02-13 11:00:00,11,841.4,0.5
2025-02-13 12:00:00,12,1332.7,1.3
2025-02-13 13:00:00,13,2015.8,0.9
2025-02-13 14:00:00,14,2958.7,1.6
2025-02-13 15:00:00,15,3764.6,2.0
2025-02-13 16:00:00,16,3041.0,1.5
2025-02-13 17:00:00,17,3481.8,2.2
2025-02-13 18:00:00,18,2366.9,2.4
2025-02-13 19:00:00,19,1481.9,1.5
2025-02-13 20:00:00,20,1004.0,1.6
2025-02-13 21:00:00,21,284.7,0.9
2025-02-13 22:00:00,22,20.2,1.0
2025-02-13 23:00:00,23,0.0,0.3
2025-02-14 00:00:00,0,0.0,0.4
2025-02-14 01:00:00,1,0.0,0.1
2025-02-14 02:00:00,2,0.0,0.2
2025-02-14 03:00:00,3,0.0,0.5
2025-02-14 04:00:00,4,0.0,0.5
2025-02-14 05:00:00,5,0.0,0.8
2025-02-14 06:00:00,6,0.0,1.1
2025-02-14 07:00:00,7,0.0,0.6
2025-02-14 08:00:00,8,0.0,0.7
2025-02-14 09:00:00,9,0.1,0.5
2025-02-14 10:00:00,10,83.8,0.3
2025-02-14 11:00:00,11,762.5,1.5
2025-02-14 12:00:00,12,1712.4,1.7
2025-02-14 13:00:00,13,2470.8,1.2
2025-02-14 14:00:00,14,2847.0,0.9
2025-02-14 15:00:00,15,2566.5,1.8
2025-02-14 16:00:00,16,2915.7,1.7
2025-02-14 17:00:00,17,2840.4,1.8
2025-02-14 18:00:00,18,2666.9,1.8
2025-02-14 19:00:00,19,1232.0,1.9
2025-02-14 20:00:00,20,1347.3,1.4
2025-02-14 21:00:00,21,199.3,1.0
2025-02-14 22:00:00,22,26.9,0.4
2025-02-14 23:00:00,23,0.0,2.9
2025-02-15 00:00:00,0,0.0,0.4
2025-02-15 01:00:00,1,0.0,1.0
2025-02-15 02:00:00,2,0.0,1.0
2025-02-15 03:00:00,3,0.0,0.6
2025-02-15 04:00:00,4,0.0,1.6
2025-02-15 05:00:00,5,0.0,0.4
2025-02-15 06:00:00,6,0.0,0.6
2025-02-15 07:00:00,7,0.0,0.7
2025-02-15 08:00:00,8,0.0,0.6
2025-02-15 09:00:00,9,0.1,0.4
2025-02-15 10:00:00,10,96.5,0.3
2025-02-15 11:00:00,11,871.6,1.1
2025-02-15 12:00:00,12,1537.7,1.2
2025-02-15 13:00:00,13,1680.6,1.2
2025-02-15 14:00:00,14,2530.5,1.6
2025-02-15 15:00:00,15,2473.3,1.1
2025-02-15 16:00:00,16,2561.9,1.3
2025-02-15 17:00:00,17,2750.1,1.4
2025-02-15 18:00:00,18,2181.8,1.7
2025-02-15 19:00:00,19,1554.9,2.0
2025-02-15 20:00:00,20,1059.5,1.1
2025-02-15 21:00:00,21,291.8,0.6
2025-02-15 22:00:00,22,29.4,0.8
2025-02-15 23:00:00,23,0.0,0.5
2025-02-16 00:00:00,0,0.0,0.7
2025-02-16 01:00:00,1,0.0,0.8
2025-02-16 02:00:00,2,0.0,1.1
2025-02-16 03:00:00,3,0.0,0.7
2025-02-16 04:00:00,4,0.0,0.1
2025-02-16 05:00:00,5,0.0,0.8
2025-02-16 06:00:00,6,0.0,0.5
2025-02-16 07:00:00,7,0.0,0.3
2025-02-16 08:00:00,8,0.0,0.7
2025-02-16 09:00:00,9,0.6,0.6
2025-02-16 10:00:00,10,137.9,0.2
2025-02-16 11:00:00,11,716.1,0.8
2025-02-16 12:00:00,12,1350.5,2.1
2025-02-16 13:00:00,13,1731.9,0.9
2025-02-16 14:00:00,14,2737.0,1.0
2025-02-16 15:00:00,15,3194.5,1.2
2025-02-16 16:00:00,16,2833.1,2.5
2025-02-16 17:00:00,17,2862.1,2.4
2025-02-16 18:00:00,18,2692.0,3.0
2025-02-16 19:00:00,19,1931.6,3.0
2025-02-16 20:00:00,20,1363.5,1.5
2025-02-16 21:00:00,21,223.4,2.0
2025-02-16 22:00:00,22,22.3,0.6
2025-02-16 23:00:00,23,0.0,0.6
2025-02-17 00:00:00,0,0.0,0.6
2025-02-17 01:00:00,1,0.0,0.2
2025-02-17 02:00:00,2,0.0,0.7
2025-02-17 03:00:00,3,0.0,1.0
2025-02-17 04:00:00,4,0.0,0.4
2025-02-17 05:00:00,5,0.0,0.4
2025-02-17 06:00:00,6,0.0,0.9
2025-02-17 07:00:00,7,0.0,0.6
2025-02-17 08:00:00,8,0.0,0.5
2025-02-17 09:00:00,9,0.0,0.6
2025-02-17 10:00:00,10,69.7,0.5
2025-02-17 11:00:00,11,481.7,1.0
2025-02-17 12:00:00,12,1352.2,2.0
2025-02-17 13:00:00,13,1688.8,2.3
2025-02-17 14:00:00,14,2048.9,2.3
2025-02-17 15:00:00,15,2024.8,2.1
2025-02-17 16:00:00,16,3097.7,1.9
2025-02-17 17:00:00,17,2487.2,2.1
2025-02-17 18:00:00,18,2901.3,1.7
2025-02-17 19:00:00,19,780.1,1.9
2025-02-17 20:00:00,20,740.1,1.9
2025-02-17 21:00:00,21,314.7,2.2
2025-02-17 22:00:00,22,23.5,1.8
2025-02-17 23:00:00,23,0.0,0.7
2025-02-18 00:00:00,0,0.0,0.8
2025-02-18 01:00:00,1,0.0,0.5
2025-02-18 02:00:00,2,0.0,0.4
2025-02-18 03:00:00,3,0.0,0.5
2025-02-18 04:00:00,4,0.0,0.6
2025-02-18 05:00:00,5,0.0,0.7
2025-02-18 06:00:00,6,0.0,0.4
2025-02-18 07:00:00,7,0.3,4.0
2025-02-18 08:00:00,8,0.6,1.1
2025-02-18 09:00:00,9,0.0,0.6
2025-02-18 10:00:00,10,3.1,0.7
2025-02-18 11:00:00,11,114.5,0.6
2025-02-18 12:00:00,12,549.9,0.3
2025-02-18 13:00:00,13,1548.8,0.8
2025-02-18 14:00:00,14,2040.5,1.3
2025-02-18 15:00:00,15,2157.4,1.3
2025-02-18 16:00:00,16,2349.6,1.7
2025-02-18 17:00:00,17,2015.0,1.3
2025-02-18 18:00:00,18,2074.7,1.7
2025-02-18 19:00:00,19,2280.9,1.2
2025-02-18 20:00:00,20,1299.6,0.9
2025-02-18 21:00:00,21,166.3,1.2
2025-02-18 22:00:00,22,16.6,0.4
2025-02-18 23:00:00,23,0.0,0.4
2025-02-19 00:00:00,0,0.0,0.6
2025-02-19 01:00:00,1,0.0,0.5
2025-02-19 02:00:00,2,0.0,0.5
2025-02-19 03:00:00,3,0.0,0.6
2025-02-19 04:00:00,4,0.0,0.4
2025-02-19 05:00:00,5,0.0,0.1
2025-02-19 06:00:00,6,0.0,0.9
2025-02-19 07:00:00,7,0.0,0.5
2025-02-19 08:00:00,8,0.0,0.9
2025-02-19 09:00:00,9,0.0,0.3
2025-02-19 10:00:00,10,200.9,0.9
2025-02-19 11:00:00,11,550.1,0.9
2025-02-19 12:00:00,12,704.0,0.7
2025-02-19 13:00:00,13,1673.4,1.3
2025-02-19 14:00:00,14,2263.2,1.5
2025-02-19 15:00:00,15,1752.1,2.3
2025-02-19 16:00:00,16,3423.7,0.9
2025-02-19 17:00:00,17,3139.5,0.9
2025-02-19 18:00:00,18,2916.5,1.3
2025-02-19 19:00:00,19,2282.2,0.8
2025-02-19 20:00:00,20,1198.7,1.6
2025-02-19 21:00:00,21,271.1,2.0
2025-02-19 22:00:00,22,21.7,2.1
2025-02-19 23:00:00,23,0.0,0.4
2025-02-20 00:00:00,0,0.0,0.7
2025-02-20 01:00:00,1,0.0,0.8
2025-02-20 02:00:00,2,0.0,0.4
2025-02-20 03:00:00,3,0.0,0.3
2025-02-20 04:00:00,4,0.0,0.4
2025-02-20 05:00:00,5,0.0,0.4
2025-02-20 06:00:00,6,0.0,0.3
2025-02-20 07:00:00,7,0.0,0.3
2025-02-20 08:00:00,8,0.0,0.2
2025-02-20 09:00:00,9,0.0,0.6
2025-02-20 10:00:00,10,122.7,0.3
2025-02-20 11:00:00,11,359.3,0.4
2025-02-20 12:00:00,12,694.8,0.6
2025-02-20 13:00:00,13,2006.7,1.0
2025-02-20 14:00:00,14,3138.0,1.3
2025-02-20 15:00:00,15,2095.3,1.6
2025-02-20 16:00:00,16,2124.9,1.2
2025-02-20 17:00:00,17,2502.2,1.3
2025-02-20 18:00:00,18,2083.9,2.2
2025-02-20 19:00:00,19,1263.4,1.3
2025-02-20 20:00:00,20,842.2,0.4
2025-02-20 21:00:00,21,329.2,1.9
2025-02-20 22:00:00,22,7.3,2.1
2025-02-20 23:00:00,23,0.0,1.4
2025-02-21 00:00:00,0,0.0,0.7
2025-02-21 01:00:00,1,0.0,0.4
2025-02-21 02:00:00,2,0.0,0.8
2025-02-21 03:00:00,3,0.0,0.2
2025-02-21 04:00:00,4,0.0,0.4
2025-02-21 05:00:00,5,0.0,0.4
2025-02-21 06:00:00,6,0.0,0.6
2025-02-21 07:00:00,7,0.0,0.6
2025-02-21 08:00:00,8,0.0,0.7
2025-02-21 09:00:00,9,0.1,0.3
2025-02-21 10:00:00,10,109.6,0.3
2025-02-21 11:00:00,11,737.6,0.7
2025-02-21 12:00:00,12,1564.7,0.7
2025-02-21 13:00:00,13,1482.4,0.9
2025-02-21 14:00:00,14,3150.1,0.9
2025-02-21 15:00:00,15,2408.3,1.1
2025-02-21 16:00:00,16,2330.5,1.2
2025-02-21 17:00:00,17,3539.5,0.8
2025-02-21 18:00:00,18,2066.8,0.8
2025-02-21 19:00:00,19,1598.7,1.8
2025-02-21 20:00:00,20,586.7,2.3
2025-02-21 21:00:00,21,39.4,2.2
2025-02-21 22:00:00,22,4.7,1.1
2025-02-21 23:00:00,23,0.0,1.0
2025-02-22 00:00:00,0,0.0,1.1
2025-02-22 01:00:00,1,0.0,1.0
2025-02-22 02:00:00,2,0.0,1.2
2025-02-22 03:00:00,3,0.0,0.8
2025-02-22 04:00:00,4,0.0,0.2
2025-02-22 05:00:00,5,0.0,0.5
2025-02-22 06:00:00,6,0.0,0.2
2025-02-22 07:00:00,7,0.0,0.3
2025-02-22 08:00:00,8,0.0,0.4
2025-02-22 09:00:00,9,0.3,0.7
2025-02-22 10:00:00,10,107.0,0.6
2025-02-22 11:00:00,11,1011.3,1.0
2025-02-22 12:00:00,12,1932.6,1.3
2025-02-22 13:00:00,13,2726.3,1.4
2025-02-22 14:00:00,14,3334.3,1.5
2025-02-22 15:00:00,15,3142.8,1.5
2025-02-22 16:00:00,16,2826.7,1.3
2025-02-22 17:00:00,17,3059.9,1.5
2025-02-22 18:00:00,18,2470.2,1.8
2025-02-22 19:00:00,19,1716.5,1.5
2025-02-22 20:00:00,20,1361.4,1.9
2025-02-22 21:00:00,21,239.3,1.0
2025-02-22 22:00:00,22,12.7,0.5
2025-02-22 23:00:00,23,0.0,0.6
2025-02-23 00:00:00,0,0.0,0.5
2025-02-23 01:00:00,1,0.0,0.6
2025-02-23 02:00:00,2,0.0,0.6
2025-02-23 03:00:00,3,0.0,0.5
2025-02-23 04:00:00,4,0.0,0.5
2025-02-23 05:00:00,5,0.0,0.2
2025-02-23 06:00:00,6,0.0,0.5
2025-02-23 07:00:00,7,0.0,0.4
2025-02-23 08:00:00,8,0.0,0.7
2025-02-23 09:00:00,9,0.0,0.5
2025-02-23 10:00:00,10,31.5,2.3
2025-02-23 11:00:00,11,350.1,0.4
2025-02-23 12:00:00,12,666.1,1.0
2025-02-23 13:00:00,13,443.5,1.2
2025-02-23 14:00:00,14,1268.4,1.9
2025-02-23 15:00:00,15,3357.1,2.9
2025-02-23 16:00:00,16,3800.7,1.8
2025-02-23 17:00:00,17,3551.0,1.8
2025-02-23 18:00:00,18,3063.9,1.1
2025-02-23 19:00:00,19,1926.6,1.0
2025-02-23 20:00:00,20,1307.9,1.0
2025-02-23 21:00:00,21,181.9,1.2
2025-02-23 22:00:00,22,12.8,0.8
2025-02-23 23:00:00,23,0.0,0.6
2025-02-24 00:00:00,0,0.0,1.0
2025-02-24 01:00:00,1,0.0,0.7
2025-02-24 02:00:00,2,0.0,0.6
2025-02-24 03:00:00,3,0.0,0.3
2025-02-24 04:00:00,4,0.0,0.4
2025-02-24 05:00:00,5,0.0,0.2
2025-02-24 06:00:00,6,0.0,0.3
2025-02-24 07:00:00,7,0.0,0.4
2025-02-24 08:00:00,8,0.0,1.0
2025-02-24 09:00:00,9,0.0,0.6
2025-02-24 10:00:00,10,76.2,0.9
2025-02-24 11:00:00,11,111.9,1.3
2025-02-24 12:00:00,12,190.0,0.8
2025-02-24 13:00:00,13,447.1,0.4
2025-02-24 14:00:00,14,1411.7,0.6
2025-02-24 15:00:00,15,1868.2,0.7
2025-02-24 16:00:00,16,1439.9,1.0
2025-02-24 17:00:00,17,1618.9,1.0
2025-02-24 18:00:00,18,1948.9,1.3
2025-02-24 19:00:00,19,1277.8,1.3
2025-02-24 20:00:00,20,605.5,1.2
2025-02-24 21:00:00,21,267.7,0.6
2025-02-24 22:00:00,22,13.2,0.3
2025-02-24 23:00:00,23,0.0,0.6
2025-02-25 00:00:00,0,0.0,0.3
2025-02-25 01:00:00,1,0.0,0.6
2025-02-25 02:00:00,2,0.0,1.0
2025-02-25 03:00:00,3,0.0,0.8
2025-02-25 04:00:00,4,0.0,0.9
2025-02-25 05:00:00,5,0.0,0.5
2025-02-25 06:00:00,6,0.0,0.4
2025-02-25 07:00:00,7,0.0,0.8
2025-02-25 08:00:00,8,0.0,0.7
2025-02-25 09:00:00,9,0.1,0.3
2025-02-25 10:00:00,10,98.1,0.3
2025-02-25 11:00:00,11,1091.2,0.6
2025-02-25 12:00:00,12,1878.3,1.2
2025-02-25 13:00:00,13,2538.8,1.8
2025-02-25 14:00:00,14,3349.6,1.2
2025-02-25 15:00:00,15,3793.4,1.8
2025-02-25 16:00:00,16,3609.4,1.4
2025-02-25 17:00:00,17,3614.7,1.2
2025-02-25 18:00:00,18,2979.8,0.9
2025-02-25 19:00:00,19,2268.5,1.1
2025-02-25 20:00:00,20,1315.5,1.6
2025-02-25 21:00:00,21,168.6,1.1
2025-02-25 22:00:00,22,10.2,0.5
2025-02-25 23:00:00,23,0.0,0.3
2025-02-26 00:00:00,0,0.0,0.9
2025-02-26 01:00:00,1,0.0,0.7
2025-02-26 02:00:00,2,0.0,0.6
2025-02-26 03:00:00,3,0.0,0.5
2025-02-26 04:00:00,4,0.0,1.3
2025-02-26 05:00:00,5,0.0,0.3
2025-02-26 06:00:00,6,0.0,0.6
2025-02-26 07:00:00,7,0.0,0.4
2025-02-26 08:00:00,8,0.0,0.4
2025-02-26 09:00:00,9,0.3,0.5
2025-02-26 10:00:00,10,126.9,0.4
2025-02-26 11:00:00,11,848.4,0.5
2025-02-26 12:00:00,12,1570.2,1.5
2025-02-26 13:00:00,13,1592.8,0.7
2025-02-26 14:00:00,14,2513.6,0.8
2025-02-26 15:00:00,15,1894.9,1.0
2025-02-26 16:00:00,16,2406.4,0.9
2025-02-26 17:00:00,17,2723.1,1.5
2025-02-26 18:00:00,18,1780.4,1.4
2025-02-26 19:00:00,19,1278.1,1.8
2025-02-26 20:00:00,20,835.1,1.6
2025-02-26 21:00:00,21,372.9,1.3
2025-02-26 22:00:00,22,23.1,0.7
2025-02-26 23:00:00,23,0.0,0.6
2025-02-27 00:00:00,0,0.0,0.6
2025-02-27 01:00:00,1,0.0,0.4
2025-02-27 02:00:00,2,0.0,0.6
2025-02-27 03:00:00,3,0.0,0.5
2025-02-27 04:00:00,4,0.0,0.9
2025-02-27 05:00:00,5,0.0,0.5
2025-02-27 06:00:00,6,0.0,0.6
2025-02-27 07:00:00,7,0.0,0.6
2025-02-27 08:00:00,8,0.0,0.5
2025-02-27 09:00:00,9,0.0,0.6
2025-02-27 10:00:00,10,37.7,0.6
2025-02-27 11:00:00,11,592.3,1.0
2025-02-27 12:00:00,12,1736.2,1.8
2025-02-27 13:00:00,13,2178.9,2.2
2025-02-27 14:00:00,14,2878.4,1.8
2025-02-27 15:00:00,15,2966.6,2.2
2025-02-27 16:00:00,16,3416.5,1.5
2025-02-27 17:00:00,17,2779.1,1.1
2025-02-27 18:00:00,18,1684.4,1.7
2025-02-27 19:00:00,19,1274.2,1.3
2025-02-27 20:00:00,20,713.5,1.0
2025-02-27 21:00:00,21,301.8,1.0
2025-02-27 22:00:00,22,16.5,0.5
2025-02-27 23:00:00,23,0.0,0.8
2025-02-28 00:00:00,0,0.0,0.6
2025-02-28 01:00:00,1,0.0,0.7
2025-02-28 02:00:00,2,0.0,0.7
2025-02-28 03:00:00,3,0.0,0.3
2025-02-28 04:00:00,4,0.0,1.4
2025-02-28 05:00:00,5,0.0,0.5
2025-02-28 06:00:00,6,0.0,0.9
2025-02-28 07:00:00,7,0.0,0.6
2025-02-28 08:00:00,8,0.0,1.4
2025-02-28 09:00:00,9,0.0,0.6
2025-02-28 10:00:00,10,9.4,1.0
2025-02-28 11:00:00,11,19.0,2.6
2025-02-28 12:00:00,12,115.0,0.7
2025-02-28 13:00:00,13,390.3,0.5
2025-02-28 14:00:00,14,465.8,0.4
2025-02-28 15:00:00,15,956.5,0.5
2025-02-28 16:00:00,16,1514.4,0.8
2025-02-28 17:00:00,17,1664.3,1.5
2025-02-28 18:00:00,18,2108.6,1.5
2025-02-28 19:00:00,19,1742.2,2.2
2025-02-28 20:00:00,20,873.9,0.9
2025-02-28 21:00:00,21,304.9,0.6
2025-02-28 22:00:00,22,9.0,0.7
2025-02-28 23:00:00,23,0.0,0.5
2025-03-01 00:00:00,0,0.0,0.4
2025-03-01 01:00:00,1,0.0,0.5
2025-03-01 02:00:00,2,0.0,0.7
2025-03-01 03:00:00,3,0.0,0.4
2025-03-01 04:00:00,4,0.0,0.8
2025-03-01 05:00:00,5,0.0,0.4
2025-03-01 06:00:00,6,0.0,0.3
2025-03-01 07:00:00,7,0.0,1.3
2025-03-01 08:00:00,8,0.0,0.5
2025-03-01 09:00:00,9,0.0,0.3
2025-03-01 10:00:00,10,147.8,0.7
2025-03-01 11:00:00,11,491.1,0.4
2025-03-01 12:00:00,12,1351.6,1.4
2025-03-01 13:00:00,13,2152.9,3.6
2025-03-01 14:00:00,14,3091.5,3.6
2025-03-01 15:00:00,15,2884.4,2.9
2025-03-01 16:00:00,16,3261.5,2.7
2025-03-01 17:00:00,17,3571.2,2.2
2025-03-01 18:00:00,18,2488.5,1.3
2025-03-01 19:00:00,19,1670.9,1.3
2025-03-01 20:00:00,20,560.1,1.5
2025-03-01 21:00:00,21,210.0,0.9
2025-03-01 22:00:00,22,13.6,0.9
2025-03-01 23:00:00,23,0.0,0.9
2025-03-02 00:00:00,0,0.0,0.7
2025-03-02 01:00:00,1,0.0,1.0
2025-03-02 02:00:00,2,0.0,0.5
2025-03-02 03:00:00,3,0.0,0.4
2025-03-02 04:00:00,4,0.0,0.7
2025-03-02 05:00:00,5,0.0,0.4
2025-03-02 06:00:00,6,0.0,1.1
2025-03-02 07:00:00,7,0.0,1.0
2025-03-02 08:00:00,8,0.0,0.2
2025-03-02 09:00:00,9,0.0,0.2
2025-03-02 10:00:00,10,12.4,1.5
2025-03-02 11:00:00,11,346.2,0.5
2025-03-02 12:00:00,12,1388.3,0.8
2025-03-02 13:00:00,13,1841.4,1.1
2025-03-02 14:00:00,14,1502.6,1.6
2025-03-02 15:00:00,15,1884.7,3.0
2025-03-02 16:00:00,16,2220.5,1.8
2025-03-02 17:00:00,17,2257.9,1.8
2025-03-02 18:00:00,18,1715.8,0.9
2025-03-02 19:00:00,19,1921.4,1.5
2025-03-02 20:00:00,20,1125.7,1.4
2025-03-02 21:00:00,21,231.9,0.4
2025-03-02 22:00:00,22,14.9,0.5
2025-03-02 23:00:00,23,0.0,0.7
2025-03-03 00:00:00,0,0.0,0.6
2025-03-03 01:00:00,1,0.0,0.6
2025-03-03 02:00:00,2,0.0,0.7
2025-03-03 03:00:00,3,0.0,0.1
2025-03-03 04:00:00,4,0.0,0.5
2025-03-03 05:00:00,5,0.0,1.3
2025-03-03 06:00:00,6,0.0,0.8
2025-03-03 07:00:00,7,0.0,0.4
2025-03-03 08:00:00,8,0.0,0.4
2025-03-03 09:00:00,9,0.0,0.3
2025-03-03 10:00:00,10,106.8,0.3
2025-03-03 11:00:00,11,568.0,1.5
2025-03-03 12:00:00,12,1928.4,2.9
2025-03-03 13:00:00,13,2332.5,2.6
2025-03-03 14:00:00,14,2600.5,2.3
2025-03-03 15:00:00,15,2832.7,1.7
2025-03-03 16:00:00,16,3455.9,1.8
2025-03-03 17:00:00,17,3047.6,1.7
2025-03-03 18:00:00,18,2564.9,1.5
2025-03-03 19:00:00,19,1510.6,1.7
2025-03-03 20:00:00,20,637.1,1.3
2025-03-03 21:00:00,21,302.3,1.0
2025-03-03 22:00:00,22,28.8,0.6
2025-03-03 23:00:00,23,0.0,0.4
2025-03-04 00:00:00,0,0.0,0.6
2025-03-04 01:00:00,1,0.0,0.9
2025-03-04 02:00:00,2,0.0,2.4
2025-03-04 03:00:00,3,0.0,0.6
2025-03-04 04:00:00,4,0.0,1.1
2025-03-04 05:00:00,5,0.0,0.5
2025-03-04 06:00:00,6,0.0,0.7
2025-03-04 07:00:00,7,0.0,0.3
2025-03-04 08:00:00,8,0.0,0.7
2025-03-04 09:00:00,9,0.0,0.5
2025-03-04 10:00:00,10,150.5,0.7
2025-03-04 11:00:00,11,796.6,0.4
2025-03-04 12:00:00,12,1763.4,3.2
2025-03-04 13:00:00,13,2383.7,1.7
2025-03-04 14:00:00,14,2732.8,2.4
2025-03-04 15:00:00,15,2116.6,1.3
2025-03-04 16:00:00,16,3337.9,2.2
2025-03-04 17:00:00,17,3281.0,1.7
2025-03-04 18:00:00,18,2638.9,1.2
2025-03-04 19:00:00,19,1279.1,1.2
2025-03-04 20:00:00,20,706.8,0.9
2025-03-04 21:00:00,21,232.5,0.8
2025-03-04 22:00:00,22,8.1,0.6
2025-03-04 23:00:00,23,0.0,0.3
2025-03-05 00:00:00,0,0.0,0.8
2025-03-05 01:00:00,1,0.0,0.7
2025-03-05 02:00:00,2,0.0,0.7
2025-03-05 03:00:00,3,0.0,0.5
2025-03-05 04:00:00,4,0.0,0.4
2025-03-05 05:00:00,5,0.0,0.5
2025-03-05 06:00:00,6,0.0,0.8
2025-03-05 07:00:00,7,0.0,0.4
2025-03-05 08:00:00,8,0.0,1.0
2025-03-05 09:00:00,9,0.0,0.5
2025-03-05 10:00:00,10,122.9,0.4
2025-03-05 11:00:00,11,685.7,0.5
2025-03-05 12:00:00,12,1181.1,0.9
2025-03-05 13:00:00,13,1442.3,1.4
2025-03-05 14:00:00,14,2712.4,2.1
2025-03-05 15:00:00,15,2770.6,3.3
2025-03-05 16:00:00,16,2824.1,1.7
2025-03-05 17:00:00,17,2701.1,2.0
2025-03-05 18:00:00,18,2513.8,1.6
2025-03-05 19:00:00,19,1654.1,1.0
2025-03-05 20:00:00,20,897.2,1.0
2025-03-05 21:00:00,21,324.7,0.6
2025-03-05 22:00:00,22,14.4,0.6
2025-03-05 23:00:00,23,0.0,0.2
2025-03-06 00:00:00,0,0.0,0.6
2025-03-06 01:00:00,1,0.0,0.7
2025-03-06 02:00:00,2,0.0,0.5
2025-03-06 03:00:00,3,0.0,0.7
2025-03-06 04:00:00,4,0.0,0.4
2025-03-06 05:00:00,5,0.0,0.4
2025-03-06 06:00:00,6,0.0,0.6
2025-03-06 07:00:00,7,0.0,0.4
2025-03-06 08:00:00,8,0.0,0.1
2025-03-06 09:00:00,9,0.2,0.5
2025-03-06 10:00:00,10,142.7,0.3
2025-03-06 11:00:00,11,1072.8,2.4
2025-03-06 12:00:00,12,1837.6,3.1
2025-03-06 13:00:00,13,2887.2,3.2
2025-03-06 14:00:00,14,3303.1,2.7
2025-03-06 15:00:00,15,3673.8,1.8
2025-03-06 16:00:00,16,3776.9,2.2
2025-03-06 17:00:00,17,2981.3,1.8
2025-03-06 18:00:00,18,1884.2,1.0
2025-03-06 19:00:00,19,1604.7,1.6
2025-03-06 20:00:00,20,972.5,1.1
2025-03-06 21:00:00,21,182.6,1.6
2025-03-06 22:00:00,22,7.8,0.8
2025-03-06 23:00:00,23,0.0,0.7
2025-03-07 00:00:00,0,0.0,0.8
2025-03-07 01:00:00,1,0.0,1.0
2025-03-07 02:00:00,2,0.0,0.6
2025-03-07 03:00:00,3,0.0,0.5
2025-03-07 04:00:00,4,0.0,0.6
2025-03-07 05:00:00,5,0.0,0.8
2025-03-07 06:00:00,6,0.0,0.7
2025-03-07 07:00:00,7,0.0,0.9
2025-03-07 08:00:00,8,0.0,0.5
2025-03-07 09:00:00,9,0.0,0.5
2025-03-07 10:00:00,10,114.2,0.3
2025-03-07 11:00:00,11,647.9,0.4
2025-03-07 12:00:00,12,1101.9,1.1
2025-03-07 13:00:00,13,1704.7,2.9
2025-03-07 14:00:00,14,2178.0,2.3
2025-03-07 15:00:00,15,2627.5,2.3
2025-03-07 16:00:00,16,1941.1,1.4
2025-03-07 17:00:00,17,1947.6,1.3
2025-03-07 18:00:00,18,2324.1,1.0
2025-03-07 19:00:00,19,1427.0,0.9
2025-03-07 20:00:00,20,769.5,0.7
2025-03-07 21:00:00,21,242.2,0.5
2025-03-07 22:00:00,22,7.0,0.9
2025-03-07 23:00:00,23,0.0,0.8
2025-03-08 00:00:00,0,0.0,0.6
2025-03-08 01:00:00,1,0.0,0.9
2025-03-08 02:00:00,2,0.0,0.3
2025-03-08 03:00:00,3,0.0,0.5
2025-03-08 04:00:00,4,0.0,0.4
2025-03-08 05:00:00,5,0.0,0.9
2025-03-08 06:00:00,6,0.0,0.4
2025-03-08 07:00:00,7,0.0,0.4
2025-03-08 08:00:00,8,0.0,0.3
2025-03-08 09:00:00,9,0.0,0.3
2025-03-08 10:00:00,10,199.7,1.1
2025-03-08 11:00:00,11,1108.1,3.2
2025-03-08 12:00:00,12,2280.6,3.6
2025-03-08 13:00:00,13,2954.3,4.8
2025-03-08 14:00:00,14,3433.3,4.7
2025-03-08 15:00:00,15,3824.0,3.3
2025-03-08 16:00:00,16,2498.3,1.6
2025-03-08 17:00:00,17,2187.9,0.9
2025-03-08 18:00:00,18,1780.5,1.0
2025-03-08 19:00:00,19,1160.0,1.6
2025-03-08 20:00:00,20,1007.7,1.5
2025-03-08 21:00:00,21,298.5,0.8
2025-03-08 22:00:00,22,12.0,0.4
2025-03-08 23:00:00,23,0.0,0.4
2025-03-09 00:00:00,0,0.0,0.6
2025-03-09 01:00:00,1,0.0,0.5
2025-03-09 02:00:00,2,0.0,0.4
2025-03-09 03:00:00,3,0.0,0.4
2025-03-09 04:00:00,4,0.0,0.5
2025-03-09 05:00:00,5,0.0,0.1
2025-03-09 06:00:00,6,0.0,0.4
2025-03-09 07:00:00,7,0.0,0.6
2025-03-09 08:00:00,8,0.0,0.4
2025-03-09 09:00:00,9,0.0,0.7
2025-03-09 10:00:00,10,77.2,0.4
2025-03-09 11:00:00,11,874.1,1.0
2025-03-09 12:00:00,12,1980.8,1.6
2025-03-09 13:00:00,13,2582.1,1.5
2025-03-09 14:00:00,14,3101.3,2.0
2025-03-09 15:00:00,15,3486.2,1.4
2025-03-09 16:00:00,16,3559.0,1.2
2025-03-09 17:00:00,17,3109.8,1.3
2025-03-09 18:00:00,18,2990.7,1.2
2025-03-09 19:00:00,19,2242.9,1.5
2025-03-09 20:00:00,20,1313.0,1.8
2025-03-09 21:00:00,21,410.0,1.2
2025-03-09 22:00:00,22,24.1,0.8
2025-03-09 23:00:00,23,0.0,1.9
2025-03-10 00:00:00,0,0.0,1.8
2025-03-10 01:00:00,1,0.0,1.5
2025-03-10 02:00:00,2,0.0,1.3
2025-03-10 03:00:00,3,0.0,1.2
2025-03-10 04:00:00,4,0.0,2.3
2025-03-10 05:00:00,5,0.0,1.2
2025-03-10 06:00:00,6,0.0,0.4
2025-03-10 07:00:00,7,0.0,0.3
2025-03-10 08:00:00,8,0.0,1.0
2025-03-10 09:00:00,9,0.0,0.4
2025-03-10 10:00:00,10,81.8,0.6
2025-03-10 11:00:00,11,557.5,0.9
2025-03-10 12:00:00,12,1337.0,1.4
2025-03-10 13:00:00,13,1912.0,1.7
2025-03-10 14:00:00,14,2445.7,1.6
2025-03-10 15:00:00,15,1897.4,1.0
2025-03-10 16:00:00,16,2289.0,1.2
2025-03-10 17:00:00,17,2115.4,1.9
2025-03-10 18:00:00,18,1095.8,2.2
2025-03-10 19:00:00,19,228.5,2.3
2025-03-10 20:00:00,20,11.5,0.6
2025-03-10 21:00:00,21,6.5,0.9
2025-03-10 22:00:00,22,0.0,0.4
2025-03-10 23:00:00,23,0.0,0.8
2025-03-11 00:00:00,0,0.0,0.8
2025-03-11 01:00:00,1,0.0,0.6
2025-03-11 02:00:00,2,0.0,0.6
2025-03-11 03:00:00,3,0.0,0.6
2025-03-11 04:00:00,4,0.0,0.4
2025-03-11 05:00:00,5,0.0,0.8
2025-03-11 06:00:00,6,0.0,1.0
2025-03-11 07:00:00,7,0.0,0.6
2025-03-11 08:00:00,8,0.0,0.3
2025-03-11 09:00:00,9,0.0,0.3
2025-03-11 10:00:00,10,36.3,0.5
2025-03-11 11:00:00,11,192.4,0.5
2025-03-11 12:00:00,12,116.7,1.0
2025-03-11 13:00:00,13,381.0,0.2
2025-03-11 14:00:00,14,398.7,0.3
2025-03-11 15:00:00,15,1095.1,0.7
2025-03-11 16:00:00,16,1609.5,0.8
2025-03-11 17:00:00,17,2348.4,0.5
2025-03-11 18:00:00,18,1889.8,1.3
2025-03-11 19:00:00,19,1986.7,1.2
2025-03-11 20:00:00,20,1012.3,0.6
2025-03-11 21:00:00,21,210.8,0.6
2025-03-11 22:00:00,22,15.2,0.7
2025-03-11 23:00:00,23,0.0,0.5
2025-03-12 00:00:00,0,0.0,0.9
2025-03-12 01:00:00,1,0.0,0.4
2025-03-12 02:00:00,2,0.0,0.4
2025-03-12 03:00:00,3,0.0,0.4
2025-03-12 04:00:00,4,0.0,0.2
2025-03-12 05:00:00,5,0.0,0.1
2025-03-12 06:00:00,6,0.0,0.3
2025-03-12 07:00:00,7,0.0,0.3
2025-03-12 08:00:00,8,0.0,0.5
2025-03-12 09:00:00,9,0.0,0.3
2025-03-12 10:00:00,10,142.8,0.4
2025-03-12 11:00:00,11,856.5,1.3
2025-03-12 12:00:00,12,1981.1,2.2
2025-03-12 13:00:00,13,2654.4,2.6
2025-03-12 14:00:00,14,3137.9,2.6
2025-03-12 15:00:00,15,2500.0,3.2
2025-03-12 16:00:00,16,3494.8,2.0
2025-03-12 17:00:00,17,3466.1,1.5
2025-03-12 18:00:00,18,2419.0,1.0
2025-03-12 19:00:00,19,2129.7,0.8
2025-03-12 20:00:00,20,1424.7,1.0
2025-03-12 21:00:00,21,370.8,0.8
2025-03-12 22:00:00,22,11.1,1.1
2025-03-12 23:00:00,23,0.0,0.7
2025-03-13 00:00:00,0,0.0,0.7
2025-03-13 01:00:00,1,0.0,0.7
2025-03-13 02:00:00,2,0.0,0.5
2025-03-13 03:00:00,3,0.0,0.2
2025-03-13 04:00:00,4,0.0,0.1
2025-03-13 05:00:00,5,0.0,0.4
2025-03-13 06:00:00,6,0.0,0.6
2025-03-13 07:00:00,7,0.0,0.4
2025-03-13 08:00:00,8,0.0,0.5
2025-03-13 09:00:00,9,0.0,0.3
2025-03-13 10:00:00,10,115.3,0.3
2025-03-13 11:00:00,11,787.0,1.2
2025-03-13 12:00:00,12,2064.1,1.5
2025-03-13 13:00:00,13,2737.9,1.5
2025-03-13 14:00:00,14,3124.6,2.1
2025-03-13 15:00:00,15,3599.7,2.2
2025-03-13 16:00:00,16,3514.0,2.2
2025-03-13 17:00:00,17,3444.3,1.2
2025-03-13 18:00:00,18,2744.2,0.9
2025-03-13 19:00:00,19,2201.4,1.4
2025-03-13 20:00:00,20,1261.0,1.0
2025-03-13 21:00:00,21,208.0,0.6
2025-03-13 22:00:00,22,7.4,0.6
2025-03-13 23:00:00,23,0.0,0.8
2025-03-14 00:00:00,0,0.0,0.4
2025-03-14 01:00:00,1,0.0,0.6
2025-03-14 02:00:00,2,0.0,0.6
2025-03-14 03:00:00,3,0.0,0.5
2025-03-14 04:00:00,4,0.0,0.2
2025-03-14 05:00:00,5,0.0,0.6
2025-03-14 06:00:00,6,0.0,0.5
2025-03-14 07:00:00,7,0.0,0.5
2025-03-14 08:00:00,8,0.0,0.2
2025-03-14 09:00:00,9,0.1,0.9
2025-03-14 10:00:00,10,117.5,0.6
2025-03-14 11:00:00,11,469.9,0.7
2025-03-14 12:00:00,12,1425.6,1.1
2025-03-14 13:00:00,13,2088.3,1.3
2025-03-14 14:00:00,14,3344.3,1.2
2025-03-14 15:00:00,15,3327.6,1.3
2025-03-14 16:00:00,16,3714.2,1.1
2025-03-14 17:00:00,17,3214.0,1.2
2025-03-14 18:00:00,18,2809.0,1.1
2025-03-14 19:00:00,19,2190.3,2.3
2025-03-14 20:00:00,20,1301.3,1.7
2025-03-14 21:00:00,21,210.9,1.5
2025-03-14 22:00:00,22,9.9,0.5
2025-03-14 23:00:00,23,0.0,0.8
2025-03-15 00:00:00,0,0.0,0.6
2025-03-15 01:00:00,1,0.0,0.7
2025-03-15 02:00:00,2,0.0,1.1
2025-03-15 03:00:00,3,0.0,0.5
2025-03-15 04:00:00,4,0.0,0.7
2025-03-15 05:00:00,5,0.0,0.7
2025-03-15 06:00:00,6,0.0,0.4
2025-03-15 07:00:00,7,0.0,0.6
2025-03-15 08:00:00,8,0.0,0.3
2025-03-15 09:00:00,9,0.0,0.6
2025-03-15 10:00:00,10,90.0,0.3
2025-03-15 11:00:00,11,467.9,0.8
2025-03-15 12:00:00,12,1300.7,1.1
2025-03-15 13:00:00,13,2188.1,1.5
2025-03-15 14:00:00,14,2589.9,1.0
2025-03-15 15:00:00,15,1501.6,1.4
2025-03-15 16:00:00,16,3410.0,1.3
2025-03-15 17:00:00,17,3002.2,1.2
2025-03-15 18:00:00,18,1590.8,1.6
2025-03-15 19:00:00,19,2158.0,1.3
2025-03-15 20:00:00,20,1307.9,1.1
2025-03-15 21:00:00,21,351.2,1.6
2025-03-15 22:00:00,22,25.2,1.1
2025-03-15 23:00:00,23,0.0,0.6
2025-03-16 00:00:00,0,0.0,0.8
2025-03-16 01:00:00,1,0.0,0.5
2025-03-16 02:00:00,2,0.0,0.4
2025-03-16 03:00:00,3,0.0,0.6
2025-03-16 04:00:00,4,0.0,0.5
2025-03-16 05:00:00,5,0.0,0.6
2025-03-16 06:00:00,6,0.0,0.8
2025-03-16 07:00:00,7,0.0,0.6
2025-03-16 08:00:00,8,0.0,0.4
2025-03-16 09:00:00,9,0.0,0.2
2025-03-16 10:00:00,10,28.9,0.4
2025-03-16 11:00:00,11,179.1,0.3
2025-03-16 12:00:00,12,947.3,0.8
2025-03-16 13:00:00,13,1922.6,1.0
2025-03-16 14:00:00,14,2212.9,1.4
2025-03-16 15:00:00,15,989.0,1.9
2025-03-16 16:00:00,16,1255.9,0.8
2025-03-16 17:00:00,17,1686.8,0.5
2025-03-16 18:00:00,18,611.6,0.4
2025-03-16 19:00:00,19,879.9,1.0
2025-03-16 20:00:00,20,395.4,0.9
2025-03-16 21:00:00,21,198.9,0.7
2025-03-16 22:00:00,22,6.4,0.7
2025-03-16 23:00:00,23,0.0,0.3
2025-03-17 00:00:00,0,0.0,0.4
2025-03-17 01:00:00,1,0.0,0.5
2025-03-17 02:00:00,2,0.0,0.4
2025-03-17 03:00:00,3,0.0,0.2
2025-03-17 04:00:00,4,0.0,0.5
2025-03-17 05:00:00,5,0.0,0.3
2025-03-17 06:00:00,6,0.0,0.6
2025-03-17 07:00:00,7,0.1,0.7
2025-03-17 08:00:00,8,0.0,0.4
2025-03-17 09:00:00,9,0.0,0.5
2025-03-17 10:00:00,10,26.7,0.3
2025-03-17 11:00:00,11,288.9,0.6
2025-03-17 12:00:00,12,739.4,0.8
2025-03-17 13:00:00,13,1001.1,0.8
2025-03-17 14:00:00,14,1705.3,0.9
2025-03-17 15:00:00,15,3103.6,1.9
2025-03-17 16:00:00,16,3071.6,1.5
2025-03-17 17:00:00,17,2774.7,1.4
2025-03-17 18:00:00,18,1570.5,3.6
2025-03-17 19:00:00,19,207.5,1.5
2025-03-17 20:00:00,20,125.3,1.4
2025-03-17 21:00:00,21,79.3,0.9
2025-03-17 22:00:00,22,0.9,0.5
2025-03-17 23:00:00,23,0.0,0.2
2025-03-18 00:00:00,0,0.0,0.4
2025-03-18 01:00:00,1,0.0,0.6
2025-03-18 02:00:00,2,0.0,1.0
2025-03-18 03:00:00,3,0.0,0.7
2025-03-18 04:00:00,4,0.0,1.5
2025-03-18 05:00:00,5,0.0,0.9
2025-03-18 06:00:00,6,0.0,0.8
2025-03-18 07:00:00,7,0.0,0.3
2025-03-18 08:00:00,8,0.0,0.6
2025-03-18 09:00:00,9,0.0,0.6
2025-03-18 10:00:00,10,100.5,0.4
2025-03-18 11:00:00,11,612.1,1.6
2025-03-18 12:00:00,12,1547.0,1.5
2025-03-18 13:00:00,13,2154.2,1.2
2025-03-18 14:00:00,14,2580.3,2.0
2025-03-18 15:00:00,15,3543.2,1.9
2025-03-18 16:00:00,16,3588.1,1.7
2025-03-18 17:00:00,17,3343.9,2.2
2025-03-18 18:00:00,18,2635.6,1.9
2025-03-18 19:00:00,19,2177.4,2.6
2025-03-18 20:00:00,20,1320.5,1.8
2025-03-18 21:00:00,21,266.9,0.9
2025-03-18 22:00:00,22,10.2,0.7
2025-03-18 23:00:00,23,0.0,1.0
2025-03-19 00:00:00,0,0.0,0.5
2025-03-19 01:00:00,1,0.0,0.7
2025-03-19 02:00:00,2,0.0,0.7
2025-03-19 03:00:00,3,0.0,0.5
2025-03-19 04:00:00,4,0.0,0.3
2025-03-19 05:00:00,5,0.0,0.7
2025-03-19 06:00:00,6,0.0,0.6
2025-03-19 07:00:00,7,0.0,0.5
2025-03-19 08:00:00,8,0.0,0.4
2025-03-19 09:00:00,9,0.0,0.2
2025-03-19 10:00:00,10,76.3,0.4
2025-03-19 11:00:00,11,886.8,0.5
2025-03-19 12:00:00,12,766.4,0.6
2025-03-19 13:00:00,13,1211.0,1.4
2025-03-19 14:00:00,14,2776.9,1.9
2025-03-19 15:00:00,15,2375.1,1.4
2025-03-19 16:00:00,16,2848.0,2.0
2025-03-19 17:00:00,17,3497.8,2.1
2025-03-19 18:00:00,18,2843.8,1.7
2025-03-19 19:00:00,19,2156.2,1.8
2025-03-19 20:00:00,20,1267.0,1.5
2025-03-19 21:00:00,21,169.6,0.5
2025-03-19 22:00:00,22,2.7,1.1
2025-03-19 23:00:00,23,0.0,0.6
2025-03-20 00:00:00,0,0.0,0.8
2025-03-20 01:00:00,1,0.0,1.1
2025-03-20 02:00:00,2,0.0,0.3
2025-03-20 03:00:00,3,0.0,0.4
2025-03-20 04:00:00,4,0.0,0.3
2025-03-20 05:00:00,5,0.0,0.2
2025-03-20 06:00:00,6,0.0,0.3
2025-03-20 07:00:00,7,0.0,0.4
2025-03-20 08:00:00,8,0.0,0.3
2025-03-20 09:00:00,9,0.0,0.4
2025-03-20 10:00:00,10,85.9,0.3
2025-03-20 11:00:00,11,574.8,0.7
2025-03-20 12:00:00,12,928.4,1.1
2025-03-20 13:00:00,13,2334.8,1.3
2025-03-20 14:00:00,14,2050.0,0.9
2025-03-20 15:00:00,15,3418.8,0.8
2025-03-20 16:00:00,16,2048.0,1.5
2025-03-20 17:00:00,17,1530.6,1.8
2025-03-20 18:00:00,18,2606.8,2.0
2025-03-20 19:00:00,19,583.0,1.6
2025-03-20 20:00:00,20,484.6,0.9
2025-03-20 21:00:00,21,200.3,1.7
2025-03-20 22:00:00,22,5.2,1.4
2025-03-20 23:00:00,23,0.0,1.8
2025-03-21 00:00:00,0,0.0,0.5
2025-03-21 01:00:00,1,0.0,0.6
2025-03-21 02:00:00,2,0.0,0.7
2025-03-21 03:00:00,3,0.0,0.8
2025-03-21 04:00:00,4,0.0,0.3
2025-03-21 05:00:00,5,0.0,0.9
2025-03-21 06:00:00,6,0.0,0.3
2025-03-21 07:00:00,7,0.0,0.1
2025-03-21 08:00:00,8,0.0,0.4
2025-03-21 09:00:00,9,0.0,0.3
2025-03-21 10:00:00,10,80.2,1.0
2025-03-21 11:00:00,11,340.8,0.9
2025-03-21 12:00:00,12,735.9,0.4
2025-03-21 13:00:00,13,1347.8,0.6
2025-03-21 14:00:00,14,2687.7,1.0
2025-03-21 15:00:00,15,2978.0,1.0
2025-03-21 16:00:00,16,1513.3,1.2
2025-03-21 17:00:00,17,763.9,1.1
2025-03-21 18:00:00,18,771.9,3.9
2025-03-21 19:00:00,19,740.6,2.4
2025-03-21 20:00:00,20,517.1,0.7
2025-03-21 21:00:00,21,115.4,0.7
2025-03-21 22:00:00,22,1.7,0.5
2025-03-21 23:00:00,23,0.0,0.7
2025-03-22 00:00:00,0,0.0,0.8
2025-03-22 01:00:00,1,0.0,0.3
2025-03-22 02:00:00,2,0.0,0.4
2025-03-22 03:00:00,3,0.0,0.6
2025-03-22 04:00:00,4,0.0,0.2
2025-03-22 05:00:00,5,0.0,0.2
2025-03-22 06:00:00,6,0.0,0.3
2025-03-22 07:00:00,7,0.3,1.4
2025-03-22 08:00:00,8,0.0,0.3
2025-03-22 09:00:00,9,0.0,0.9
2025-03-22 10:00:00,10,66.7,0.3
2025-03-22 11:00:00,11,343.7,1.0
2025-03-22 12:00:00,12,786.8,1.8
2025-03-22 13:00:00,13,1305.2,2.4
2025-03-22 14:00:00,14,2182.2,1.1
2025-03-22 15:00:00,15,2989.8,1.3
2025-03-22 16:00:00,16,2221.5,1.2
2025-03-22 17:00:00,17,3393.4,1.5
2025-03-22 18:00:00,18,2656.6,0.7
2025-03-22 19:00:00,19,1798.6,1.6
2025-03-22 20:00:00,20,1023.5,1.2
2025-03-22 21:00:00,21,289.8,1.4
2025-03-22 22:00:00,22,6.1,2.0
2025-03-22 23:00:00,23,0.0,0.6
2025-03-23 00:00:00,0,0.0,0.8
2025-03-23 01:00:00,1,0.0,0.4
2025-03-23 02:00:00,2,0.0,0.5
2025-03-23 03:00:00,3,0.0,0.2
2025-03-23 04:00:00,4,0.0,0.8
2025-03-23 05:00:00,5,0.0,0.6
2025-03-23 06:00:00,6,0.0,0.3
2025-03-23 07:00:00,7,0.0,0.5
2025-03-23 08:00:00,8,0.0,0.6
2025-03-23 09:00:00,9,0.0,0.2
2025-03-23 10:00:00,10,31.4,0.4
2025-03-23 11:00:00,11,32.4,4.0
2025-03-23 12:00:00,12,135.6,0.5
2025-03-23 13:00:00,13,1256.4,2.0
2025-03-23 14:00:00,14,1274.8,0.9
2025-03-23 15:00:00,15,1445.8,1.2
2025-03-23 16:00:00,16,3000.1,0.9
2025-03-23 17:00:00,17,3344.0,0.8
2025-03-23 18:00:00,18,2996.4,1.4
2025-03-23 19:00:00,19,2048.0,1.3
2025-03-23 20:00:00,20,1294.1,1.0
2025-03-23 21:00:00,21,244.7,0.5
2025-03-23 22:00:00,22,4.0,0.3
2025-03-23 23:00:00,23,0.0,0.4
2025-03-24 00:00:00,0,0.0,0.5
2025-03-24 01:00:00,1,0.0,0.5
2025-03-24 02:00:00,2,0.0,0.5
2025-03-24 03:00:00,3,0.0,0.5
2025-03-24 04:00:00,4,0.0,0.1
2025-03-24 05:00:00,5,0.0,0.5
2025-03-24 06:00:00,6,0.0,0.5
2025-03-24 07:00:00,7,0.0,0.2
2025-03-24 08:00:00,8,0.0,0.4
2025-03-24 09:00:00,9,0.0,0.3
2025-03-24 10:00:00,10,101.7,0.3
2025-03-24 11:00:00,11,409.7,0.9
2025-03-24 12:00:00,12,691.1,1.1
2025-03-24 13:00:00,13,1824.4,1.1
2025-03-24 14:00:00,14,3057.0,1.0
2025-03-24 15:00:00,15,3518.4,0.9
2025-03-24 16:00:00,16,3506.6,0.7
2025-03-24 17:00:00,17,2963.5,1.1
2025-03-24 18:00:00,18,2632.9,0.8
2025-03-24 19:00:00,19,2118.7,1.1
2025-03-24 20:00:00,20,1215.4,0.7
2025-03-24 21:00:00,21,201.1,0.6
2025-03-24 22:00:00,22,1.4,0.4
2025-03-24 23:00:00,23,0.0,0.4
2025-03-25 00:00:00,0,0.0,0.3
2025-03-25 01:00:00,1,0.0,0.7
2025-03-25 02:00:00,2,0.0,0.8
2025-03-25 03:00:00,3,0.0,0.5
2025-03-25 04:00:00,4,0.0,0.5
2025-03-25 05:00:00,5,0.0,0.4
2025-03-25 06:00:00,6,0.0,0.2
2025-03-25 07:00:00,7,0.0,0.2
2025-03-25 08:00:00,8,0.0,0.7
2025-03-25 09:00:00,9,0.1,0.4
2025-03-25 10:00:00,10,39.4,0.7
2025-03-25 11:00:00,11,416.1,0.6
2025-03-25 12:00:00,12,1178.1,0.8
2025-03-25 13:00:00,13,2551.4,2.4
2025-03-25 14:00:00,14,2771.9,1.9
2025-03-25 15:00:00,15,3254.1,1.5
2025-03-25 16:00:00,16,2602.9,0.9
2025-03-25 17:00:00,17,3215.4,2.0
2025-03-25 18:00:00,18,2889.4,1.0
2025-03-25 19:00:00,19,2106.7,0.8
2025-03-25 20:00:00,20,1227.2,0.9
2025-03-25 21:00:00,21,302.4,0.6
2025-03-25 22:00:00,22,0.6,0.6
2025-03-25 23:00:00,23,0.0,0.1
2025-03-26 00:00:00,0,0.0,0.6
2025-03-26 01:00:00,1,0.0,0.5
2025-03-26 02:00:00,2,0.0,0.3
2025-03-26 03:00:00,3,0.0,0.5
2025-03-26 04:00:00,4,0.0,0.3
2025-03-26 05:00:00,5,0.0,0.4
2025-03-26 06:00:00,6,0.0,0.4
2025-03-26 07:00:00,7,0.0,0.3
2025-03-26 08:00:00,8,0.0,0.4
2025-03-26 09:00:00,9,0.0,0.2
2025-03-26 10:00:00,10,141.1,0.6
2025-03-26 11:00:00,11,868.2,0.5
2025-03-26 12:00:00,12,1848.4,1.2
2025-03-26 13:00:00,13,2428.9,0.9
2025-03-26 14:00:00,14,2936.4,1.0
2025-03-26 15:00:00,15,2994.2,1.4
2025-03-26 16:00:00,16,3125.7,0.9
2025-03-26 17:00:00,17,3147.2,1.3
2025-03-26 18:00:00,18,2522.6,1.1
2025-03-26 19:00:00,19,2103.0,1.3
2025-03-26 20:00:00,20,1207.5,1.2
2025-03-26 21:00:00,21,338.6,0.7
2025-03-26 22:00:00,22,3.1,0.5
2025-03-26 23:00:00,23,0.0,0.7
2025-03-27 00:00:00,0,0.0,0.4
2025-03-27 01:00:00,1,0.0,0.2
2025-03-27 02:00:00,2,0.0,0.8
2025-03-27 03:00:00,3,0.0,0.6
2025-03-27 04:00:00,4,0.0,0.8
2025-03-27 05:00:00,5,0.0,0.5
2025-03-27 06:00:00,6,0.0,0.5
2025-03-27 07:00:00,7,0.0,1.5
2025-03-27 08:00:00,8,0.0,0.3
2025-03-27 09:00:00,9,0.1,0.2
2025-03-27 10:00:00,10,72.0,0.4
2025-03-27 11:00:00,11,525.9,0.5
2025-03-27 12:00:00,12,782.8,1.1
2025-03-27 13:00:00,13,848.7,0.7
2025-03-27 14:00:00,14,1324.9,1.0
2025-03-27 15:00:00,15,1836.2,1.3
2025-03-27 16:00:00,16,3355.4,1.7
2025-03-27 17:00:00,17,3339.0,1.8
2025-03-27 18:00:00,18,2570.3,2.0
2025-03-27 19:00:00,19,2142.6,1.6
2025-03-27 20:00:00,20,1134.2,1.8
2025-03-27 21:00:00,21,279.3,2.0
2025-03-27 22:00:00,22,3.2,1.1
2025-03-27 23:00:00,23,0.0,0.5
2025-03-28 00:00:00,0,0.0,0.3
2025-03-28 01:00:00,1,0.0,0.6
2025-03-28 02:00:00,2,0.0,0.7
2025-03-28 03:00:00,3,0.0,0.5
2025-03-28 04:00:00,4,0.0,0.6
2025-03-28 05:00:00,5,0.0,0.1
2025-03-28 06:00:00,6,0.0,0.5
2025-03-28 07:00:00,7,0.0,0.7
2025-03-28 08:00:00,8,0.0,0.8
2025-03-28 09:00:00,9,0.0,0.3
2025-03-28 10:00:00,10,33.5,0.4
2025-03-28 11:00:00,11,411.2,0.9
2025-03-28 12:00:00,12,225.1,1.0
2025-03-28 13:00:00,13,214.8,0.6
2025-03-28 14:00:00,14,946.3,0.8
2025-03-28 15:00:00,15,691.5,0.7
2025-03-28 16:00:00,16,1217.1,1.3
2025-03-28 17:00:00,17,2532.2,1.7
2025-03-28 18:00:00,18,1716.4,1.9
2025-03-28 19:00:00,19,1941.8,1.1
2025-03-28 20:00:00,20,948.6,0.6
2025-03-28 21:00:00,21,151.8,0.6
2025-03-28 22:00:00,22,1.0,0.4
2025-03-28 23:00:00,23,0.0,0.1
2025-03-29 00:00:00,0,0.0,0.5
2025-03-29 01:00:00,1,0.0,0.6
2025-03-29 02:00:00,2,0.0,0.3
2025-03-29 03:00:00,3,0.0,0.5
2025-03-29 04:00:00,4,0.0,0.4
2025-03-29 05:00:00,5,0.0,0.7
2025-03-29 06:00:00,6,0.0,0.4
2025-03-29 07:00:00,7,0.0,0.8
2025-03-29 08:00:00,8,0.0,0.5
2025-03-29 09:00:00,9,0.2,0.7
2025-03-29 10:00:00,10,42.5,0.4
2025-03-29 11:00:00,11,283.3,0.6
2025-03-29 12:00:00,12,226.3,0.7
2025-03-29 13:00:00,13,519.0,0.6
2025-03-29 14:00:00,14,978.8,1.4
2025-03-29 15:00:00,15,1925.8,2.2
2025-03-29 16:00:00,16,3096.3,2.5
2025-03-29 17:00:00,17,3409.0,1.4
2025-03-29 18:00:00,18,2870.1,2.4
2025-03-29 19:00:00,19,2093.7,2.0
2025-03-29 20:00:00,20,1197.3,1.5
2025-03-29 21:00:00,21,278.6,1.0
2025-03-29 22:00:00,22,1.9,0.5
2025-03-29 23:00:00,23,0.0,0.9
2025-03-30 00:00:00,0,1.6,5.4
2025-03-30 01:00:00,1,0.0,0.8
2025-03-30 02:00:00,2,0.0,0.6
2025-03-30 03:00:00,3,0.0,0.5
2025-03-30 04:00:00,4,0.0,0.5
2025-03-30 05:00:00,5,0.0,0.6
2025-03-30 06:00:00,6,0.0,0.3
2025-03-30 07:00:00,7,0.0,0.3
2025-03-30 08:00:00,8,0.0,0.4
2025-03-30 09:00:00,9,0.0,0.9
2025-03-30 10:00:00,10,46.5,0.5
2025-03-30 11:00:00,11,856.9,0.8
2025-03-30 12:00:00,12,1803.7,1.5
2025-03-30 13:00:00,13,2100.2,0.9
2025-03-30 14:00:00,14,2178.3,1.4
2025-03-30 15:00:00,15,2245.9,1.7
2025-03-30 16:00:00,16,3108.0,1.2
2025-03-30 17:00:00,17,3098.6,1.2
2025-03-30 18:00:00,18,2230.8,1.1
2025-03-30 19:00:00,19,875.6,0.5
2025-03-30 20:00:00,20,587.5,0.6
2025-03-30 21:00:00,21,232.8,0.5
2025-03-30 22:00:00,22,9.9,0.4
2025-03-30 23:00:00,23,0.0,0.5
2025-03-31 00:00:00,0,0.0,0.7
2025-03-31 01:00:00,1,0.0,0.6
2025-03-31 02:00:00,2,0.0,0.7
2025-03-31 03:00:00,3,0.0,0.6
2025-03-31 04:00:00,4,0.0,0.3
2025-03-31 05:00:00,5,0.0,0.6
2025-03-31 06:00:00,6,0.0,0.5
2025-03-31 07:00:00,7,0.0,0.2
2025-03-31 08:00:00,8,0.0,0.5
2025-03-31 09:00:00,9,0.0,0.2
2025-03-31 10:00:00,10,84.6,0.2
2025-03-31 11:00:00,11,769.8,0.9
2025-03-31 12:00:00,12,1455.6,1.5
2025-03-31 13:00:00,13,2188.5,2.4
2025-03-31 14:00:00,14,2124.3,2.1
2025-03-31 15:00:00,15,2347.0,3.1
2025-03-31 16:00:00,16,3118.1,2.5
2025-03-31 17:00:00,17,3332.9,1.8
2025-03-31 18:00:00,18,2926.2,3.0
2025-03-31 19:00:00,19,1489.5,0.8
2025-03-31 20:00:00,20,273.5,0.7
2025-03-31 21:00:00,21,232.3,0.8
2025-03-31 22:00:00,22,11.2,0.6
2025-03-31 23:00:00,23,0.0,0.9
2025-04-01 00:00:00,0,0.0,0.5
2025-04-01 01:00:00,1,0.0,0.4
2025-04-01 02:00:00,2,0.0,0.7
2025-04-01 03:00:00,3,0.0,0.5
2025-04-01 04:00:00,4,0.0,0.5
2025-04-01 05:00:00,5,0.0,0.4
2025-04-01 06:00:00,6,0.0,0.3
2025-04-01 07:00:00,7,0.0,0.5
2025-04-01 08:00:00,8,0.0,0.3
2025-04-01 09:00:00,9,0.2,0.3
2025-04-01 10:00:00,10,144.9,1.2
2025-04-01 11:00:00,11,1008.7,0.7
2025-04-01 12:00:00,12,1977.0,1.7
2025-04-01 13:00:00,13,2699.3,2.5
2025-04-01 14:00:00,14,3223.3,3.0
2025-04-01 15:00:00,15,3391.5,2.2
2025-04-01 16:00:00,16,3180.9,2.0
2025-04-01 17:00:00,17,2941.1,1.5
2025-04-01 18:00:00,18,2705.5,2.0
2025-04-01 19:00:00,19,2021.4,2.1
2025-04-01 20:00:00,20,1166.8,1.6
2025-04-01 21:00:00,21,286.0,0.5
2025-04-01 22:00:00,22,0.9,0.9
2025-04-01 23:00:00,23,0.0,0.8
2025-04-02 00:00:00,0,0.0,0.5
2025-04-02 01:00:00,1,0.0,0.5
2025-04-02 02:00:00,2,0.0,0.8
2025-04-02 03:00:00,3,0.0,0.6
2025-04-02 04:00:00,4,0.0,0.3
2025-04-02 05:00:00,5,0.0,0.5
2025-04-02 06:00:00,6,0.0,0.7
2025-04-02 07:00:00,7,0.0,0.6
2025-04-02 08:00:00,8,0.0,0.6
2025-04-02 09:00:00,9,0.0,0.4
2025-04-02 10:00:00,10,107.4,0.2
2025-04-02 11:00:00,11,870.5,0.8
2025-04-02 12:00:00,12,1560.5,0.9
2025-04-02 13:00:00,13,1980.4,1.2
2025-04-02 14:00:00,14,2987.0,2.7
2025-04-02 15:00:00,15,2584.0,2.5
2025-04-02 16:00:00,16,2978.3,2.8
2025-04-02 17:00:00,17,3279.2,2.8
2025-04-02 18:00:00,18,2206.7,1.9
2025-04-02 19:00:00,19,2024.6,1.9
2025-04-02 20:00:00,20,856.4,2.0
2025-04-02 21:00:00,21,289.6,0.5
2025-04-02 22:00:00,22,1.9,1.1
2025-04-02 23:00:00,23,0.0,1.0
2025-04-03 00:00:00,0,0.0,1.0
2025-04-03 01:00:00,1,0.0,0.6
2025-04-03 02:00:00,2,0.0,0.5
2025-04-03 03:00:00,3,0.0,0.7
2025-04-03 04:00:00,4,0.0,0.7
2025-04-03 05:00:00,5,0.0,0.5
2025-04-03 06:00:00,6,0.0,0.7
2025-04-03 07:00:00,7,0.0,1.0
2025-04-03 08:00:00,8,0.0,0.4
2025-04-03 09:00:00,9,0.2,0.3
2025-04-03 10:00:00,10,110.4,0.5
2025-04-03 11:00:00,11,727.7,0.4
2025-04-03 12:00:00,12,2091.8,1.2
2025-04-03 13:00:00,13,2520.2,2.2
2025-04-03 14:00:00,14,3038.6,3.0
2025-04-03 15:00:00,15,3218.9,2.1
2025-04-03 16:00:00,16,3530.8,2.0
2025-04-03 17:00:00,17,2531.8,0.9
2025-04-03 18:00:00,18,1762.0,1.3
2025-04-03 19:00:00,19,1828.1,1.9
2025-04-03 20:00:00,20,1117.8,0.6
2025-04-03 21:00:00,21,228.7,0.7
2025-04-03 22:00:00,22,0.4,0.5
2025-04-03 23:00:00,23,0.0,0.4
2025-04-04 00:00:00,0,0.0,1.0
2025-04-04 01:00:00,1,0.0,0.7
2025-04-04 02:00:00,2,0.0,0.4
2025-04-04 03:00:00,3,0.0,0.7
2025-04-04 04:00:00,4,0.0,0.2
2025-04-04 05:00:00,5,0.0,0.4
2025-04-04 06:00:00,6,0.0,0.3
2025-04-04 07:00:00,7,0.0,0.3
2025-04-04 08:00:00,8,0.0,0.4
2025-04-04 09:00:00,9,0.0,0.6
2025-04-04 10:00:00,10,72.2,0.3
2025-04-04 11:00:00,11,620.3,1.2
2025-04-04 12:00:00,12,1003.5,0.6
2025-04-04 13:00:00,13,2380.5,1.2
2025-04-04 14:00:00,14,2981.9,1.1
2025-04-04 15:00:00,15,3710.9,1.9
2025-04-04 16:00:00,16,3452.6,1.7
2025-04-04 17:00:00,17,3390.7,1.4
2025-04-04 18:00:00,18,2582.0,1.4
2025-04-04 19:00:00,19,2014.3,0.8
2025-04-04 20:00:00,20,1142.0,0.8
2025-04-04 21:00:00,21,274.4,0.6
2025-04-04 22:00:00,22,0.4,0.7
2025-04-04 23:00:00,23,0.0,0.6
2025-04-05 00:00:00,0,0.0,0.7
2025-04-05 01:00:00,1,0.0,0.6
2025-04-05 02:00:00,2,0.0,0.8
2025-04-05 03:00:00,3,0.0,0.7
2025-04-05 04:00:00,4,0.0,0.3
2025-04-05 05:00:00,5,0.0,0.5
2025-04-05 06:00:00,6,0.0,0.3
2025-04-05 07:00:00,7,0.0,0.3
2025-04-05 08:00:00,8,0.0,0.5
2025-04-05 09:00:00,9,0.0,0.4
2025-04-05 10:00:00,10,101.9,0.4
2025-04-05 11:00:00,11,898.0,0.7
2025-04-05 12:00:00,12,1876.2,1.3
2025-04-05 13:00:00,13,2765.7,3.2
2025-04-05 14:00:00,14,2979.3,2.1
2025-04-05 15:00:00,15,3210.3,2.7
2025-04-05 16:00:00,16,3268.5,1.7
2025-04-05 17:00:00,17,2912.1,1.7
2025-04-05 18:00:00,18,2624.2,1.6
2025-04-05 19:00:00,19,1743.6,0.9
2025-04-05 20:00:00,20,765.6,1.2
2025-04-05 21:00:00,21,72.5,2.0
2025-04-05 22:00:00,22,0.6,0.8
2025-04-05 23:00:00,23,0.0,1.2
2025-04-06 00:00:00,0,0.0,0.9
2025-04-06 01:00:00,1,0.0,0.2
2025-04-06 02:00:00,2,0.0,0.2
2025-04-06 03:00:00,3,0.0,0.7
2025-04-06 04:00:00,4,0.0,1.6
2025-04-06 05:00:00,5,0.0,0.8
2025-04-06 06:00:00,6,0.0,0.6
2025-04-06 07:00:00,7,0.0,0.3
2025-04-06 08:00:00,8,0.0,0.3
2025-04-06 09:00:00,9,0.0,0.5
2025-04-06 10:00:00,10,85.8,0.4
2025-04-06 11:00:00,11,946.0,1.0
2025-04-06 12:00:00,12,1921.9,2.4
2025-04-06 13:00:00,13,2629.6,2.7
2025-04-06 14:00:00,14,3098.5,2.9
2025-04-06 15:00:00,15,3390.8,2.8
2025-04-06 16:00:00,16,3287.5,2.5
2025-04-06 17:00:00,17,3007.9,3.4
2025-04-06 18:00:00,18,2635.3,3.8
2025-04-06 19:00:00,19,1636.5,2.9
2025-04-06 20:00:00,20,889.5,1.2
2025-04-06 21:00:00,21,234.0,0.7
2025-04-06 22:00:00,22,0.1,0.9
2025-04-06 23:00:00,23,0.0,0.6
2025-04-07 00:00:00,0,0.0,0.5
2025-04-07 01:00:00,1,0.0,0.7
2025-04-07 02:00:00,2,0.0,0.5
2025-04-07 03:00:00,3,0.0,0.7
2025-04-07 04:00:00,4,0.0,0.3
2025-04-07 05:00:00,5,0.0,0.5
2025-04-07 06:00:00,6,0.0,0.4
2025-04-07 07:00:00,7,0.0,0.3
2025-04-07 08:00:00,8,0.0,0.4
2025-04-07 09:00:00,9,0.0,0.7
2025-04-07 10:00:00,10,112.0,0.4
2025-04-07 11:00:00,11,705.6,0.8
2025-04-07 12:00:00,12,1722.0,0.7
2025-04-07 13:00:00,13,2249.6,1.6
2025-04-07 14:00:00,14,2940.7,1.8
2025-04-07 15:00:00,15,3311.6,2.4
2025-04-07 16:00:00,16,2815.4,2.3
2025-04-07 17:00:00,17,3162.4,2.1
2025-04-07 18:00:00,18,2661.6,2.0
2025-04-07 19:00:00,19,1887.9,1.9
2025-04-07 20:00:00,20,1036.5,1.2
2025-04-07 21:00:00,21,230.5,0.6
2025-04-07 22:00:00,22,0.6,0.6
2025-04-07 23:00:00,23,0.0,0.5
2025-04-08 00:00:00,0,0.0,0.4
2025-04-08 01:00:00,1,0.0,0.6
2025-04-08 02:00:00,2,0.0,0.7
2025-04-08 03:00:00,3,0.0,0.5
2025-04-08 04:00:00,4,0.0,0.5
2025-04-08 05:00:00,5,0.0,0.2
2025-04-08 06:00:00,6,0.0,0.5
2025-04-08 07:00:00,7,0.0,0.5
2025-04-08 08:00:00,8,0.0,0.5
2025-04-08 09:00:00,9,0.0,0.5
2025-04-08 10:00:00,10,82.5,0.3
2025-04-08 11:00:00,11,945.4,0.8
2025-04-08 12:00:00,12,1955.6,2.0
2025-04-08 13:00:00,13,2661.6,2.4
2025-04-08 14:00:00,14,3065.1,2.3
2025-04-08 15:00:00,15,3268.0,2.4
2025-04-08 16:00:00,16,3046.6,1.8
2025-04-08 17:00:00,17,2275.6,1.3
2025-04-08 18:00:00,18,2344.3,1.3
2025-04-08 19:00:00,19,1780.5,2.2
2025-04-08 20:00:00,20,1043.8,0.7
2025-04-08 21:00:00,21,203.3,0.6
2025-04-08 22:00:00,22,0.3,0.7
2025-04-08 23:00:00,23,0.0,0.6
2025-04-09 00:00:00,0,0.0,0.4
2025-04-09 01:00:00,1,0.0,0.8
2025-04-09 02:00:00,2,0.0,0.5
2025-04-09 03:00:00,3,0.0,0.5
2025-04-09 04:00:00,4,0.0,0.7
2025-04-09 05:00:00,5,0.0,0.3
2025-04-09 06:00:00,6,0.0,0.5
2025-04-09 07:00:00,7,0.0,0.3
2025-04-09 08:00:00,8,0.0,0.8
2025-04-09 09:00:00,9,0.2,0.7
2025-04-09 10:00:00,10,97.0,0.5
2025-04-09 11:00:00,11,955.9,0.5
2025-04-09 12:00:00,12,1895.8,1.3
2025-04-09 13:00:00,13,2514.1,1.8
2025-04-09 14:00:00,14,3059.0,3.1
2025-04-09 15:00:00,15,3287.0,2.8
2025-04-09 16:00:00,16,3324.7,2.5
2025-04-09 17:00:00,17,2997.6,2.3
2025-04-09 18:00:00,18,2537.7,1.5
2025-04-09 19:00:00,19,1762.1,1.2
2025-04-09 20:00:00,20,829.4,0.6
2025-04-09 21:00:00,21,149.0,1.2
2025-04-09 22:00:00,22,0.3,0.2
2025-04-09 23:00:00,23,0.0,0.8
2025-04-10 00:00:00,0,0.0,0.5
2025-04-10 01:00:00,1,0.0,0.5
2025-04-10 02:00:00,2,0.0,0.4
2025-04-10 03:00:00,3,0.0,0.4
2025-04-10 04:00:00,4,0.0,0.6
2025-04-10 05:00:00,5,0.0,0.6
2025-04-10 06:00:00,6,0.0,0.4
2025-04-10 07:00:00,7,0.0,0.7
2025-04-10 08:00:00,8,0.0,0.5
2025-04-10 09:00:00,9,0.3,0.5
2025-04-10 10:00:00,10,85.4,0.6
2025-04-10 11:00:00,11,715.2,0.7
2025-04-10 12:00:00,12,718.6,0.4
2025-04-10 13:00:00,13,1175.5,1.7
2025-04-10 14:00:00,14,2831.8,1.4
2025-04-10 15:00:00,15,2501.3,1.3
2025-04-10 16:00:00,16,2728.4,1.5
2025-04-10 17:00:00,17,3050.9,1.5
2025-04-10 18:00:00,18,2699.8,1.6
2025-04-10 19:00:00,19,1912.3,0.7
2025-04-10 20:00:00,20,1043.6,1.6
2025-04-10 21:00:00,21,236.7,0.7
2025-04-10 22:00:00,22,0.0,0.8
2025-04-10 23:00:00,23,0.0,0.8
2025-04-11 00:00:00,0,0.0,0.6
2025-04-11 01:00:00,1,0.0,0.7
2025-04-11 02:00:00,2,0.0,0.7
2025-04-11 03:00:00,3,0.0,0.4
2025-04-11 04:00:00,4,0.0,0.6
2025-04-11 05:00:00,5,0.0,0.5
2025-04-11 06:00:00,6,0.0,0.8
2025-04-11 07:00:00,7,0.0,0.3
2025-04-11 08:00:00,8,0.0,0.4
2025-04-11 09:00:00,9,0.0,0.4
2025-04-11 10:00:00,10,49.3,1.1
2025-04-11 11:00:00,11,473.3,0.7
2025-04-11 12:00:00,12,701.7,0.8
2025-04-11 13:00:00,13,1491.8,1.1
2025-04-11 14:00:00,14,2218.1,1.4
2025-04-11 15:00:00,15,2477.2,1.8
2025-04-11 16:00:00,16,2963.4,2.1
2025-04-11 17:00:00,17,2389.7,2.0
2025-04-11 18:00:00,18,1518.1,1.4
2025-04-11 19:00:00,19,966.5,1.5
2025-04-11 20:00:00,20,1135.2,1.2
2025-04-11 21:00:00,21,144.2,1.1
2025-04-11 22:00:00,22,0.8,1.0
2025-04-11 23:00:00,23,0.0,0.9
2025-04-12 00:00:00,0,0.0,0.6
2025-04-12 01:00:00,1,0.0,0.3
2025-04-12 02:00:00,2,0.0,0.4
2025-04-12 03:00:00,3,0.0,0.4
2025-04-12 04:00:00,4,0.0,0.7
2025-04-12 05:00:00,5,0.0,0.8
2025-04-12 06:00:00,6,0.0,0.8
2025-04-12 07:00:00,7,0.0,0.5
2025-04-12 08:00:00,8,0.0,0.3
2025-04-12 09:00:00,9,0.0,0.2
2025-04-12 10:00:00,10,3.8,0.5
2025-04-12 11:00:00,11,21.6,0.5
2025-04-12 12:00:00,12,58.9,0.6
2025-04-12 13:00:00,13,49.0,1.7
2025-04-12 14:00:00,14,56.3,1.1
2025-04-12 15:00:00,15,129.3,1.2
2025-04-12 16:00:00,16,397.5,1.2
2025-04-12 17:00:00,17,549.8,1.3
2025-04-12 18:00:00,18,1009.4,1.8
2025-04-12 19:00:00,19,695.3,0.9
2025-04-12 20:00:00,20,717.0,0.9
2025-04-12 21:00:00,21,141.5,0.6
2025-04-12 22:00:00,22,0.1,0.6
2025-04-12 23:00:00,23,0.0,0.4
2025-04-13 00:00:00,0,0.0,0.3
2025-04-13 01:00:00,1,0.0,0.4
2025-04-13 02:00:00,2,0.0,0.5
2025-04-13 03:00:00,3,0.0,0.5
2025-04-13 04:00:00,4,0.0,0.2
2025-04-13 05:00:00,5,0.2,1.2
2025-04-13 06:00:00,6,0.4,0.6
2025-04-13 07:00:00,7,0.3,0.6
2025-04-13 08:00:00,8,0.2,0.7
2025-04-13 09:00:00,9,1.1,0.8
2025-04-13 10:00:00,10,82.5,0.3
2025-04-13 11:00:00,11,583.1,1.6
2025-04-13 12:00:00,12,1365.9,1.6
2025-04-13 13:00:00,13,1928.6,2.2
2025-04-13 14:00:00,14,3042.4,3.2
2025-04-13 15:00:00,15,3460.6,2.4
2025-04-13 16:00:00,16,3323.6,2.2
2025-04-13 17:00:00,17,2584.8,2.0
2025-04-13 18:00:00,18,2115.5,1.7
2025-04-13 19:00:00,19,1732.0,1.8
2025-04-13 20:00:00,20,938.8,1.4
2025-04-13 21:00:00,21,257.3,0.4
2025-04-13 22:00:00,22,0.1,1.0
2025-04-13 23:00:00,23,0.0,0.6
2025-04-14 00:00:00,0,0.0,0.3
2025-04-14 01:00:00,1,0.0,0.6
2025-04-14 02:00:00,2,0.0,0.8
2025-04-14 03:00:00,3,0.0,0.6
2025-04-14 04:00:00,4,0.0,0.5
2025-04-14 05:00:00,5,0.0,0.3
2025-04-14 06:00:00,6,0.0,0.5
2025-04-14 07:00:00,7,0.0,0.3
2025-04-14 08:00:00,8,0.0,0.3
2025-04-14 09:00:00,9,0.0,0.5
2025-04-14 10:00:00,10,92.3,0.5
2025-04-14 11:00:00,11,1043.5,0.6
2025-04-14 12:00:00,12,1940.6,1.3
2025-04-14 13:00:00,13,1894.0,0.6
2025-04-14 14:00:00,14,1953.3,1.3
2025-04-14 15:00:00,15,2747.4,0.8
2025-04-14 16:00:00,16,3130.3,1.5
2025-04-14 17:00:00,17,2624.5,2.0
2025-04-14 18:00:00,18,2607.1,1.2
2025-04-14 19:00:00,19,1250.3,1.7
2025-04-14 20:00:00,20,646.3,1.3
2025-04-14 21:00:00,21,233.9,0.8
2025-04-14 22:00:00,22,0.3,0.6
2025-04-14 23:00:00,23,0.0,0.4
2025-04-15 00:00:00,0,0.0,0.5
2025-04-15 01:00:00,1,0.0,0.7
2025-04-15 02:00:00,2,0.0,0.6
2025-04-15 03:00:00,3,0.0,0.4
2025-04-15 04:00:00,4,0.0,0.5
2025-04-15 05:00:00,5,0.0,0.5
2025-04-15 06:00:00,6,0.0,0.4
2025-04-15 07:00:00,7,0.0,0.4
2025-04-15 08:00:00,8,0.0,0.4
2025-04-15 09:00:00,9,0.0,0.4
2025-04-15 10:00:00,10,103.5,0.3
2025-04-15 11:00:00,11,341.9,0.6
2025-04-15 12:00:00,12,443.5,0.3
2025-04-15 13:00:00,13,1146.3,0.6
2025-04-15 14:00:00,14,1988.6,0.5
2025-04-15 15:00:00,15,3704.0,1.0
2025-04-15 16:00:00,16,3314.5,2.2
2025-04-15 17:00:00,17,2733.4,1.8
2025-04-15 18:00:00,18,2216.5,0.9
2025-04-15 19:00:00,19,1799.7,1.3
2025-04-15 20:00:00,20,1003.1,0.9
2025-04-15 21:00:00,21,328.6,1.2
2025-04-15 22:00:00,22,9.7,1.6
2025-04-15 23:00:00,23,0.0,0.8
2025-04-16 00:00:00,0,0.0,0.5
2025-04-16 01:00:00,1,0.0,0.3
2025-04-16 02:00:00,2,0.0,0.1
2025-04-16 03:00:00,3,0.0,0.3
2025-04-16 04:00:00,4,0.0,0.3
2025-04-16 05:00:00,5,0.0,0.4
2025-04-16 06:00:00,6,0.0,0.9
2025-04-16 07:00:00,7,0.0,0.3
2025-04-16 08:00:00,8,0.0,0.3
2025-04-16 09:00:00,9,0.1,0.5
2025-04-16 10:00:00,10,105.6,0.6
2025-04-16 11:00:00,11,764.0,1.0
2025-04-16 12:00:00,12,1702.3,1.3
2025-04-16 13:00:00,13,2052.1,1.4
2025-04-16 14:00:00,14,3047.2,0.9
2025-04-16 15:00:00,15,3532.5,1.0
2025-04-16 16:00:00,16,3624.5,1.6
2025-04-16 17:00:00,17,2306.7,1.0
2025-04-16 18:00:00,18,2589.2,0.9
2025-04-16 19:00:00,19,1750.9,1.0
2025-04-16 20:00:00,20,1033.0,0.8
2025-04-16 21:00:00,21,224.6,0.6
2025-04-16 22:00:00,22,0.0,0.6
2025-04-16 23:00:00,23,0.0,0.5
2025-04-17 00:00:00,0,0.0,0.7
2025-04-17 01:00:00,1,0.0,3.0
2025-04-17 02:00:00,2,0.0,0.4
2025-04-17 03:00:00,3,0.0,0.5
2025-04-17 04:00:00,4,0.0,0.4
2025-04-17 05:00:00,5,0.0,0.2
2025-04-17 06:00:00,6,0.0,0.3
2025-04-17 07:00:00,7,0.0,0.5
2025-04-17 08:00:00,8,0.0,0.5
2025-04-17 09:00:00,9,0.1,0.6
2025-04-17 10:00:00,10,156.3,0.9
2025-04-17 11:00:00,11,1005.3,0.6
2025-04-17 12:00:00,12,1097.6,1.0
2025-04-17 13:00:00,13,2415.8,1.2
2025-04-17 14:00:00,14,3002.6,1.2
2025-04-17 15:00:00,15,3144.3,2.0
2025-04-17 16:00:00,16,3301.6,2.5
2025-04-17 17:00:00,17,2575.6,2.2
2025-04-17 18:00:00,18,2255.9,1.4
2025-04-17 19:00:00,19,1917.8,1.9
2025-04-17 20:00:00,20,1046.5,1.3
2025-04-17 21:00:00,21,234.0,0.8
2025-04-17 22:00:00,22,0.0,0.5
2025-04-17 23:00:00,23,0.0,0.2
2025-04-18 00:00:00,0,0.0,0.7
2025-04-18 01:00:00,1,0.0,0.6
2025-04-18 02:00:00,2,0.0,0.5
2025-04-18 03:00:00,3,0.0,0.5
2025-04-18 04:00:00,4,0.0,0.8
2025-04-18 05:00:00,5,0.0,0.6
2025-04-18 06:00:00,6,0.0,0.6
2025-04-18 07:00:00,7,0.0,0.5
2025-04-18 08:00:00,8,0.0,0.2
2025-04-18 09:00:00,9,0.0,0.2
2025-04-18 10:00:00,10,75.3,0.3
2025-04-18 11:00:00,11,1077.4,0.9
2025-04-18 12:00:00,12,1975.5,2.2
2025-04-18 13:00:00,13,2707.7,1.9
2025-04-18 14:00:00,14,3202.3,2.0
2025-04-18 15:00:00,15,3468.6,2.6
2025-04-18 16:00:00,16,3447.8,2.4
2025-04-18 17:00:00,17,3168.2,2.9
2025-04-18 18:00:00,18,2648.9,3.1
2025-04-18 19:00:00,19,1928.8,2.0
2025-04-18 20:00:00,20,1055.6,1.5
2025-04-18 21:00:00,21,236.8,0.9
2025-04-18 22:00:00,22,0.1,1.2
2025-04-18 23:00:00,23,0.0,0.8
2025-04-19 00:00:00,0,0.0,0.4
2025-04-19 01:00:00,1,0.0,0.5
2025-04-19 02:00:00,2,0.0,0.9
2025-04-19 03:00:00,3,0.0,0.4
2025-04-19 04:00:00,4,0.0,0.7
2025-04-19 05:00:00,5,0.0,0.6
2025-04-19 06:00:00,6,0.0,0.5
2025-04-19 07:00:00,7,0.0,0.4
2025-04-19 08:00:00,8,0.0,0.9
2025-04-19 09:00:00,9,0.7,1.0
2025-04-19 10:00:00,10,101.1,0.9
2025-04-19 11:00:00,11,1087.3,0.6
2025-04-19 12:00:00,12,1982.8,0.7
2025-04-19 13:00:00,13,2709.0,1.3
2025-04-19 14:00:00,14,3201.4,0.8
2025-04-19 15:00:00,15,3426.5,1.5
2025-04-19 16:00:00,16,3422.1,2.5
2025-04-19 17:00:00,17,3177.7,1.4
2025-04-19 18:00:00,18,2651.0,0.4
2025-04-19 19:00:00,19,1912.6,1.3
2025-04-19 20:00:00,20,1035.9,1.0
2025-04-19 21:00:00,21,230.6,0.7
2025-04-19 22:00:00,22,0.0,0.9
2025-04-19 23:00:00,23,0.0,0.5
2025-04-20 00:00:00,0,0.0,0.3
2025-04-20 01:00:00,1,0.0,0.6
2025-04-20 02:00:00,2,0.0,0.5
2025-04-20 03:00:00,3,0.0,0.6
2025-04-20 04:00:00,4,0.0,0.5
2025-04-20 05:00:00,5,0.0,0.4
2025-04-20 06:00:00,6,0.0,0.4
2025-04-20 07:00:00,7,0.0,0.5
2025-04-20 08:00:00,8,0.0,0.3
2025-04-20 09:00:00,9,0.0,0.3
2025-04-20 10:00:00,10,102.6,0.6
2025-04-20 11:00:00,11,1037.0,0.6
2025-04-20 12:00:00,12,1907.7,0.9
2025-04-20 13:00:00,13,2080.0,1.3
2025-04-20 14:00:00,14,3149.0,1.4
2025-04-20 15:00:00,15,2261.7,2.1
2025-04-20 16:00:00,16,3351.7,1.6
2025-04-20 17:00:00,17,2752.4,1.7
2025-04-20 18:00:00,18,1877.2,1.7
2025-04-20 19:00:00,19,1195.9,1.4
2025-04-20 20:00:00,20,826.9,1.2
2025-04-20 21:00:00,21,303.8,0.4
2025-04-20 22:00:00,22,0.8,0.8
2025-04-20 23:00:00,23,0.0,0.5
2025-04-21 00:00:00,0,0.0,0.3
2025-04-21 01:00:00,1,0.0,0.4
2025-04-21 02:00:00,2,0.0,0.6
2025-04-21 03:00:00,3,0.0,0.6
2025-04-21 04:00:00,4,0.0,0.5
2025-04-21 05:00:00,5,0.0,0.4
2025-04-21 06:00:00,6,0.0,0.3
2025-04-21 07:00:00,7,0.0,0.9
2025-04-21 08:00:00,8,0.0,0.3
2025-04-21 09:00:00,9,0.0,0.4
2025-04-21 10:00:00,10,91.1,0.3
2025-04-21 11:00:00,11,401.5,0.6
2025-04-21 12:00:00,12,1477.2,1.3
2025-04-21 13:00:00,13,1624.7,1.5
2025-04-21 14:00:00,14,2716.4,1.3
2025-04-21 15:00:00,15,2276.6,0.9
2025-04-21 16:00:00,16,3144.8,1.5
2025-04-21 17:00:00,17,2977.1,1.5
2025-04-21 18:00:00,18,2625.0,2.1
2025-04-21 19:00:00,19,1722.1,1.7
2025-04-21 20:00:00,20,918.5,1.1
2025-04-21 21:00:00,21,214.9,0.6
2025-04-21 22:00:00,22,0.0,0.6
2025-04-21 23:00:00,23,0.0,0.3
2025-04-22 00:00:00,0,0.0,0.5
2025-04-22 01:00:00,1,0.0,0.5
2025-04-22 02:00:00,2,0.0,0.8
2025-04-22 03:00:00,3,0.0,0.4
2025-04-22 04:00:00,4,0.0,1.1
2025-04-22 05:00:00,5,0.0,1.2
2025-04-22 06:00:00,6,0.0,0.8
2025-04-22 07:00:00,7,0.0,1.0
2025-04-22 08:00:00,8,0.0,0.7
2025-04-22 09:00:00,9,0.0,0.5
2025-04-22 10:00:00,10,129.8,0.6
2025-04-22 11:00:00,11,349.0,0.9
2025-04-22 12:00:00,12,991.0,0.8
2025-04-22 13:00:00,13,1197.7,0.7
2025-04-22 14:00:00,14,2298.7,2.0
2025-04-22 15:00:00,15,2745.3,1.4
2025-04-22 16:00:00,16,2252.5,1.1
2025-04-22 17:00:00,17,1741.8,2.9
2025-04-22 18:00:00,18,1028.7,2.8
2025-04-22 19:00:00,19,550.2,1.3
2025-04-22 20:00:00,20,129.6,0.4
2025-04-22 21:00:00,21,43.6,1.7
2025-04-22 22:00:00,22,0.2,1.1
2025-04-22 23:00:00,23,0.0,0.5
2025-04-23 00:00:00,0,0.0,0.6
2025-04-23 01:00:00,1,0.0,0.6
2025-04-23 02:00:00,2,0.0,0.3
2025-04-23 03:00:00,3,0.0,0.4
2025-04-23 04:00:00,4,0.0,0.6
2025-04-23 05:00:00,5,0.0,0.7
2025-04-23 06:00:00,6,0.0,0.2
2025-04-23 07:00:00,7,0.0,0.4
2025-04-23 08:00:00,8,0.0,0.4
2025-04-23 09:00:00,9,0.0,0.9
2025-04-23 10:00:00,10,106.4,0.5
2025-04-23 11:00:00,11,445.9,0.7
2025-04-23 12:00:00,12,1366.0,1.1
2025-04-23 13:00:00,13,1579.0,1.1
2025-04-23 14:00:00,14,2640.3,3.0
2025-04-23 15:00:00,15,2956.8,3.1
2025-04-23 16:00:00,16,2944.5,2.3
2025-04-23 17:00:00,17,2990.7,2.9
2025-04-23 18:00:00,18,2550.8,3.4
2025-04-23 19:00:00,19,1831.3,3.2
2025-04-23 20:00:00,20,589.6,1.5
2025-04-23 21:00:00,21,123.6,0.4
2025-04-23 22:00:00,22,0.0,0.7
2025-04-23 23:00:00,23,0.0,0.6
2025-04-24 00:00:00,0,0.0,0.4
2025-04-24 01:00:00,1,0.0,0.7
2025-04-24 02:00:00,2,0.0,0.8
2025-04-24 03:00:00,3,0.0,0.6
2025-04-24 04:00:00,4,0.0,0.5
2025-04-24 05:00:00,5,0.0,0.7
2025-04-24 06:00:00,6,0.0,0.6
2025-04-24 07:00:00,7,0.0,0.7
2025-04-24 08:00:00,8,0.0,0.3
2025-04-24 09:00:00,9,0.1,0.4
2025-04-24 10:00:00,10,107.6,0.7
2025-04-24 11:00:00,11,788.3,1.6
2025-04-24 12:00:00,12,1656.9,1.2
2025-04-24 13:00:00,13,2305.4,2.9
2025-04-24 14:00:00,14,2942.2,2.5
2025-04-24 15:00:00,15,3114.7,3.5
2025-04-24 16:00:00,16,3244.4,2.8
2025-04-24 17:00:00,17,2688.6,2.0
2025-04-24 18:00:00,18,2284.5,2.0
2025-04-24 19:00:00,19,1758.5,1.7
2025-04-24 20:00:00,20,765.4,0.6
2025-04-24 21:00:00,21,109.2,0.6
2025-04-24 22:00:00,22,0.0,0.8
2025-04-24 23:00:00,23,0.0,0.5
2025-04-25 00:00:00,0,0.0,0.8
2025-04-25 01:00:00,1,0.0,0.6
2025-04-25 02:00:00,2,0.0,0.5
2025-04-25 03:00:00,3,0.0,0.6
2025-04-25 04:00:00,4,0.0,0.5
2025-04-25 05:00:00,5,0.0,0.5
2025-04-25 06:00:00,6,0.0,2.1
2025-04-25 07:00:00,7,0.0,0.6
2025-04-25 08:00:00,8,0.0,0.5
2025-04-25 09:00:00,9,0.0,0.5
2025-04-25 10:00:00,10,111.9,0.2
2025-04-25 11:00:00,11,494.1,1.0
2025-04-25 12:00:00,12,1918.2,3.4
2025-04-25 13:00:00,13,2817.2,3.2
2025-04-25 14:00:00,14,2894.4,2.6
2025-04-25 15:00:00,15,3234.8,2.6
2025-04-25 16:00:00,16,3408.4,1.8
2025-04-25 17:00:00,17,2601.8,2.8
2025-04-25 18:00:00,18,2240.1,2.7
2025-04-25 19:00:00,19,1469.6,2.1
2025-04-25 20:00:00,20,317.4,1.3
2025-04-25 21:00:00,21,125.9,0.9
2025-04-25 22:00:00,22,0.1,0.6
2025-04-25 23:00:00,23,0.0,0.5
2025-04-26 00:00:00,0,0.0,0.6
2025-04-26 01:00:00,1,0.0,1.1
2025-04-26 02:00:00,2,0.0,0.5
2025-04-26 03:00:00,3,0.0,1.1
2025-04-26 04:00:00,4,0.0,0.7
2025-04-26 05:00:00,5,0.0,0.3
2025-04-26 06:00:00,6,0.0,0.3
2025-04-26 07:00:00,7,0.0,0.5
2025-04-26 08:00:00,8,0.0,0.7
2025-04-26 09:00:00,9,0.7,0.4
2025-04-26 10:00:00,10,162.8,0.6
2025-04-26 11:00:00,11,761.8,0.5
2025-04-26 12:00:00,12,1488.9,1.2
2025-04-26 13:00:00,13,2029.5,2.3
2025-04-26 14:00:00,14,2325.6,1.8
2025-04-26 15:00:00,15,2492.3,1.9
2025-04-26 16:00:00,16,2556.8,1.6
2025-04-26 17:00:00,17,2087.1,1.5
2025-04-26 18:00:00,18,1800.4,1.7
2025-04-26 19:00:00,19,1638.0,2.2
2025-04-26 20:00:00,20,926.0,2.0
2025-04-26 21:00:00,21,124.5,1.9
2025-04-26 22:00:00,22,0.0,1.1
2025-04-26 23:00:00,23,0.0,1.4
2025-04-27 00:00:00,0,0.0,0.3
2025-04-27 01:00:00,1,0.0,0.6
2025-04-27 02:00:00,2,0.0,0.4
2025-04-27 03:00:00,3,0.0,0.5
2025-04-27 04:00:00,4,0.0,0.5
2025-04-27 05:00:00,5,0.0,0.5
2025-04-27 06:00:00,6,0.0,0.3
2025-04-27 07:00:00,7,0.0,0.5
2025-04-27 08:00:00,8,0.0,0.4
2025-04-27 09:00:00,9,0.1,0.3
2025-04-27 10:00:00,10,102.2,0.3
2025-04-27 11:00:00,11,1024.9,0.4
2025-04-27 12:00:00,12,1908.8,1.2
2025-04-27 13:00:00,13,2641.5,1.2
2025-04-27 14:00:00,14,2182.5,2.0
2025-04-27 15:00:00,15,2968.8,0.6
2025-04-27 16:00:00,16,1979.8,1.8
2025-04-27 17:00:00,17,2803.6,1.7
2025-04-27 18:00:00,18,2458.4,1.7
2025-04-27 19:00:00,19,1839.3,2.0
2025-04-27 20:00:00,20,1022.2,1.8
2025-04-27 21:00:00,21,201.6,0.7
2025-04-27 22:00:00,22,0.0,0.8
2025-04-27 23:00:00,23,0.0,0.4
2025-04-28 00:00:00,0,0.0,0.3
2025-04-28 01:00:00,1,0.0,0.8
2025-04-28 02:00:00,2,0.0,0.7
2025-04-28 03:00:00,3,0.0,0.5
2025-04-28 04:00:00,4,0.0,0.8
2025-04-28 05:00:00,5,0.0,0.5
2025-04-28 06:00:00,6,0.0,0.4
2025-04-28 07:00:00,7,0.0,0.3
2025-04-28 08:00:00,8,0.0,0.3
2025-04-28 09:00:00,9,0.2,0.1
2025-04-28 10:00:00,10,146.8,0.4
2025-04-28 11:00:00,11,821.2,0.4
2025-04-28 12:00:00,12,932.5,0.9
2025-04-28 13:00:00,13,1286.0,1.0
2025-04-28 14:00:00,14,2360.3,1.3
2025-04-28 15:00:00,15,2717.4,1.5
2025-04-28 16:00:00,16,2039.2,1.5
2025-04-28 17:00:00,17,2225.3,1.1
2025-04-28 18:00:00,18,2344.3,2.1
2025-04-28 19:00:00,19,1790.8,2.0
2025-04-28 20:00:00,20,940.8,1.0
2025-04-28 21:00:00,21,199.1,0.6
2025-04-28 22:00:00,22,0.0,0.7
2025-04-28 23:00:00,23,0.0,0.6
2025-04-29 00:00:00,0,0.0,0.4
2025-04-29 01:00:00,1,0.0,0.8
2025-04-29 02:00:00,2,0.0,0.8
2025-04-29 03:00:00,3,0.0,0.5
2025-04-29 04:00:00,4,0.0,0.3
2025-04-29 05:00:00,5,0.0,0.6
2025-04-29 06:00:00,6,0.0,0.7
2025-04-29 07:00:00,7,0.0,0.9
2025-04-29 08:00:00,8,0.0,0.5
2025-04-29 09:00:00,9,0.1,0.6
2025-04-29 10:00:00,10,67.7,0.6
2025-04-29 11:00:00,11,397.0,0.6
2025-04-29 12:00:00,12,1116.1,0.6
2025-04-29 13:00:00,13,1126.9,1.2
2025-04-29 14:00:00,14,1543.4,1.4
2025-04-29 15:00:00,15,1590.2,1.5
2025-04-29 16:00:00,16,2983.4,2.0
2025-04-29 17:00:00,17,3057.1,2.2
2025-04-29 18:00:00,18,2273.0,1.9
2025-04-29 19:00:00,19,1649.5,2.4
2025-04-29 20:00:00,20,1039.2,2.1
2025-04-29 21:00:00,21,244.8,0.8
2025-04-29 22:00:00,22,0.0,0.6
2025-04-29 23:00:00,23,0.0,0.4
2025-04-30 00:00:00,0,0.0,0.3
2025-04-30 01:00:00,1,0.0,0.7
2025-04-30 02:00:00,2,0.0,0.5
2025-04-30 03:00:00,3,0.0,0.5
2025-04-30 04:00:00,4,0.0,0.7
2025-04-30 05:00:00,5,0.0,0.5
2025-04-30 06:00:00,6,0.0,0.6
2025-04-30 07:00:00,7,0.0,0.4
2025-04-30 08:00:00,8,0.0,0.4
2025-04-30 09:00:00,9,0.1,0.7
2025-04-30 10:00:00,10,86.2,0.3
2025-04-30 11:00:00,11,360.7,0.7
2025-04-30 12:00:00,12,791.8,1.0
2025-04-30 13:00:00,13,1492.7,1.4
2025-04-30 14:00:00,14,2031.2,1.4
2025-04-30 15:00:00,15,1659.3,1.5
2025-04-30 16:00:00,16,2615.8,1.8
2025-04-30 17:00:00,17,1927.4,1.1
2025-04-30 18:00:00,18,2517.2,2.0
2025-04-30 19:00:00,19,1544.1,1.8
2025-04-30 20:00:00,20,1001.3,1.3
2025-04-30 21:00:00,21,192.8,0.6
2025-04-30 22:00:00,22,0.0,0.6
2025-04-30 23:00:00,23,0.0,0.7
2025-05-01 00:00:00,0,0.0,0.5
2025-05-01 01:00:00,1,0.0,1.1
2025-05-01 02:00:00,2,0.0,0.4
2025-05-01 03:00:00,3,0.0,0.3
2025-05-01 04:00:00,4,0.0,0.3
2025-05-01 05:00:00,5,0.0,0.6
2025-05-01 06:00:00,6,0.0,0.2
2025-05-01 07:00:00,7,0.0,0.2
2025-05-01 08:00:00,8,0.0,0.4
2025-05-01 09:00:00,9,0.3,0.6
2025-05-01 10:00:00,10,80.9,0.7
2025-05-01 11:00:00,11,291.9,0.9
2025-05-01 12:00:00,12,1908.3,1.1
2025-05-01 13:00:00,13,2177.4,1.7
2025-05-01 14:00:00,14,2597.0,1.5
2025-05-01 15:00:00,15,3096.6,2.4
2025-05-01 16:00:00,16,1836.6,2.2
2025-05-01 17:00:00,17,2469.1,1.7
2025-05-01 18:00:00,18,1943.7,2.1
2025-05-01 19:00:00,19,1715.2,1.6
2025-05-01 20:00:00,20,931.2,0.9
2025-05-01 21:00:00,21,169.5,1.2
2025-05-01 22:00:00,22,0.0,0.5
2025-05-01 23:00:00,23,0.0,0.5
2025-05-02 00:00:00,0,0.0,0.2
2025-05-02 01:00:00,1,0.0,0.8
2025-05-02 02:00:00,2,0.0,1.3
2025-05-02 03:00:00,3,0.0,0.8
2025-05-02 04:00:00,4,0.0,0.4
2025-05-02 05:00:00,5,0.0,0.8
2025-05-02 06:00:00,6,0.0,0.7
2025-05-02 07:00:00,7,0.0,0.2
2025-05-02 08:00:00,8,0.0,0.4
2025-05-02 09:00:00,9,0.7,0.9
2025-05-02 10:00:00,10,111.1,0.6
2025-05-02 11:00:00,11,951.8,1.6
2025-05-02 12:00:00,12,1908.5,0.9
2025-05-02 13:00:00,13,2569.6,3.3
2025-05-02 14:00:00,14,3047.4,3.3
2025-05-02 15:00:00,15,3298.6,2.5
2025-05-02 16:00:00,16,2836.6,2.2
2025-05-02 17:00:00,17,2359.8,3.5
2025-05-02 18:00:00,18,2227.5,2.6
2025-05-02 19:00:00,19,1716.0,2.2
2025-05-02 20:00:00,20,877.2,1.9
2025-05-02 21:00:00,21,187.0,1.1
2025-05-02 22:00:00,22,0.0,0.5
2025-05-02 23:00:00,23,0.0,0.4
2025-05-03 00:00:00,0,0.0,0.4
2025-05-03 01:00:00,1,0.0,0.5
2025-05-03 02:00:00,2,0.0,0.7
2025-05-03 03:00:00,3,0.0,0.3
2025-05-03 04:00:00,4,0.0,0.8
2025-05-03 05:00:00,5,0.0,0.4
2025-05-03 06:00:00,6,0.0,0.5
2025-05-03 07:00:00,7,0.0,0.3
2025-05-03 08:00:00,8,0.0,0.7
2025-05-03 09:00:00,9,0.4,0.2
2025-05-03 10:00:00,10,102.7,0.3
2025-05-03 11:00:00,11,1023.6,3.0
2025-05-03 12:00:00,12,1923.9,4.4
2025-05-03 13:00:00,13,2616.4,4.8
2025-05-03 14:00:00,14,3134.0,3.4
2025-05-03 15:00:00,15,2938.7,2.7
2025-05-03 16:00:00,16,3125.4,3.0
2025-05-03 17:00:00,17,3000.1,3.3
2025-05-03 18:00:00,18,2022.6,2.4
2025-05-03 19:00:00,19,1839.6,2.4
2025-05-03 20:00:00,20,879.4,1.9
2025-05-03 21:00:00,21,194.7,0.9
2025-05-03 22:00:00,22,0.0,0.6
2025-05-03 23:00:00,23,0.0,0.2
2025-05-04 00:00:00,0,0.0,0.8
2025-05-04 01:00:00,1,0.0,0.3
2025-05-04 02:00:00,2,0.0,0.6
2025-05-04 03:00:00,3,0.0,0.9
2025-05-04 04:00:00,4,0.0,0.7
2025-05-04 05:00:00,5,0.0,0.9
2025-05-04 06:00:00,6,0.0,0.8
2025-05-04 07:00:00,7,0.0,1.0
2025-05-04 08:00:00,8,0.0,0.5
2025-05-04 09:00:00,9,0.0,0.6
2025-05-04 10:00:00,10,78.9,0.6
2025-05-04 11:00:00,11,796.2,3.6
2025-05-04 12:00:00,12,1888.9,3.2
2025-05-04 13:00:00,13,2559.5,3.2
2025-05-04 14:00:00,14,2070.6,4.0
2025-05-04 15:00:00,15,2265.5,3.9
2025-05-04 16:00:00,16,2652.6,2.5
2025-05-04 17:00:00,17,2380.7,3.7
2025-05-04 18:00:00,18,2525.5,2.5
2025-05-04 19:00:00,19,1820.0,2.9
2025-05-04 20:00:00,20,973.4,2.0
2025-05-04 21:00:00,21,209.4,0.5
2025-05-04 22:00:00,22,0.0,1.8
2025-05-04 23:00:00,23,0.0,0.4
2025-05-05 00:00:00,0,0.0,0.7
2025-05-05 01:00:00,1,0.0,0.5
2025-05-05 02:00:00,2,0.0,0.6
2025-05-05 03:00:00,3,0.0,0.3
2025-05-05 04:00:00,4,0.0,0.3
2025-05-05 05:00:00,5,0.0,0.3
2025-05-05 06:00:00,6,0.0,0.5
2025-05-05 07:00:00,7,0.0,0.3
2025-05-05 08:00:00,8,0.0,0.9
2025-05-05 09:00:00,9,0.0,0.5
2025-05-05 10:00:00,10,73.4,0.3
2025-05-05 11:00:00,11,1015.6,1.0
2025-05-05 12:00:00,12,1892.9,2.4
2025-05-05 13:00:00,13,2256.0,2.8
2025-05-05 14:00:00,14,2185.3,3.7
2025-05-05 15:00:00,15,2766.2,3.3
2025-05-05 16:00:00,16,2091.1,2.5
2025-05-05 17:00:00,17,2130.3,2.6
2025-05-05 18:00:00,18,1719.7,2.6
2025-05-05 19:00:00,19,1340.5,1.5
2025-05-05 20:00:00,20,945.2,1.3
2025-05-05 21:00:00,21,184.0,0.9
2025-05-05 22:00:00,22,0.0,0.8
2025-05-05 23:00:00,23,0.0,0.5
2025-05-06 00:00:00,0,0.0,0.5
2025-05-06 01:00:00,1,0.0,0.8
2025-05-06 02:00:00,2,0.0,0.7
2025-05-06 03:00:00,3,0.0,0.7
2025-05-06 04:00:00,4,0.0,0.5
2025-05-06 05:00:00,5,0.0,0.8
2025-05-06 06:00:00,6,0.0,0.5
2025-05-06 07:00:00,7,0.0,0.7
2025-05-06 08:00:00,8,0.0,0.4
2025-05-06 09:00:00,9,0.0,0.8
2025-05-06 10:00:00,10,101.7,0.6
2025-05-06 11:00:00,11,995.4,1.9
2025-05-06 12:00:00,12,1852.6,3.0
2025-05-06 13:00:00,13,2050.4,3.0
2025-05-06 14:00:00,14,2738.3,2.8
2025-05-06 15:00:00,15,3326.9,2.7
2025-05-06 16:00:00,16,3256.8,2.6
2025-05-06 17:00:00,17,2736.0,1.7
2025-05-06 18:00:00,18,2341.8,2.1
2025-05-06 19:00:00,19,1626.9,2.1
2025-05-06 20:00:00,20,729.0,1.3
2025-05-06 21:00:00,21,215.2,0.4
2025-05-06 22:00:00,22,0.0,1.3
2025-05-06 23:00:00,23,0.0,0.8
2025-05-07 00:00:00,0,0.0,0.6
2025-05-07 01:00:00,1,0.0,0.8
2025-05-07 02:00:00,2,0.0,1.0
2025-05-07 03:00:00,3,0.0,1.1
2025-05-07 04:00:00,4,0.0,0.8
2025-05-07 05:00:00,5,0.0,0.4
2025-05-07 06:00:00,6,0.0,0.7
2025-05-07 07:00:00,7,0.0,0.4
2025-05-07 08:00:00,8,0.0,0.7
2025-05-07 09:00:00,9,0.0,0.5
2025-05-07 10:00:00,10,74.9,0.9
2025-05-07 11:00:00,11,723.3,1.4
2025-05-07 12:00:00,12,1775.8,2.3
2025-05-07 13:00:00,13,1262.0,2.5
2025-05-07 14:00:00,14,1790.6,3.0
2025-05-07 15:00:00,15,2608.3,2.4
2025-05-07 16:00:00,16,1414.1,3.2
2025-05-07 17:00:00,17,2472.1,2.6
2025-05-07 18:00:00,18,1989.7,3.2
2025-05-07 19:00:00,19,963.8,2.6
2025-05-07 20:00:00,20,608.0,2.1
2025-05-07 21:00:00,21,199.6,1.2
2025-05-07 22:00:00,22,0.0,0.4
2025-05-07 23:00:00,23,0.0,0.5
2025-05-08 00:00:00,0,0.0,0.5
2025-05-08 01:00:00,1,0.0,0.5
2025-05-08 02:00:00,2,0.0,0.4
2025-05-08 03:00:00,3,0.0,0.3
2025-05-08 04:00:00,4,0.0,0.4
2025-05-08 05:00:00,5,0.0,0.3
2025-05-08 06:00:00,6,0.0,0.4
2025-05-08 07:00:00,7,0.0,0.4
2025-05-08 08:00:00,8,0.0,0.7
2025-05-08 09:00:00,9,0.0,0.3
2025-05-08 10:00:00,10,67.4,0.3
2025-05-08 11:00:00,11,1003.8,1.5
2025-05-08 12:00:00,12,1837.2,2.2
2025-05-08 13:00:00,13,2450.6,2.0
2025-05-08 14:00:00,14,3003.8,3.3
2025-05-08 15:00:00,15,3237.4,2.9
2025-05-08 16:00:00,16,2978.4,3.5
2025-05-08 17:00:00,17,2927.5,2.5
2025-05-08 18:00:00,18,2193.4,2.7
2025-05-08 19:00:00,19,1800.2,2.0
2025-05-08 20:00:00,20,901.7,2.1
2025-05-08 21:00:00,21,180.5,0.4
2025-05-08 22:00:00,22,0.0,0.5
2025-05-08 23:00:00,23,0.0,0.5
2025-05-09 00:00:00,0,0.0,0.6
2025-05-09 01:00:00,1,0.0,0.4
2025-05-09 02:00:00,2,0.0,0.6
2025-05-09 03:00:00,3,0.0,0.3
2025-05-09 04:00:00,4,0.0,0.4
2025-05-09 05:00:00,5,0.0,0.7
2025-05-09 06:00:00,6,0.0,0.3
2025-05-09 07:00:00,7,0.0,0.7
2025-05-09 08:00:00,8,0.0,0.8
2025-05-09 09:00:00,9,0.0,0.5
2025-05-09 10:00:00,10,69.7,0.6
2025-05-09 11:00:00,11,970.9,0.8
2025-05-09 12:00:00,12,1822.0,3.0
2025-05-09 13:00:00,13,2517.9,2.7
2025-05-09 14:00:00,14,2889.9,2.5
2025-05-09 15:00:00,15,3306.3,2.4
2025-05-09 16:00:00,16,3259.1,2.6
2025-05-09 17:00:00,17,2853.8,1.8
2025-05-09 18:00:00,18,1653.7,2.3
2025-05-09 19:00:00,19,1496.5,2.3
2025-05-09 20:00:00,20,947.2,1.9
2025-05-09 21:00:00,21,178.9,0.9
2025-05-09 22:00:00,22,0.0,1.3
2025-05-09 23:00:00,23,0.0,0.5
2025-05-10 00:00:00,0,0.0,1.0
2025-05-10 01:00:00,1,0.0,0.7
2025-05-10 02:00:00,2,0.0,0.6
2025-05-10 03:00:00,3,0.0,0.7
2025-05-10 04:00:00,4,0.0,0.4
2025-05-10 05:00:00,5,0.0,0.4
2025-05-10 06:00:00,6,0.0,1.4
2025-05-10 07:00:00,7,0.0,0.5
2025-05-10 08:00:00,8,0.0,0.3
2025-05-10 09:00:00,9,0.0,0.3
2025-05-10 10:00:00,10,64.4,0.4
2025-05-10 11:00:00,11,965.9,1.2
2025-05-10 12:00:00,12,1813.5,3.0
2025-05-10 13:00:00,13,2505.7,2.5
2025-05-10 14:00:00,14,2987.2,3.9
2025-05-10 15:00:00,15,3192.1,2.5
2025-05-10 16:00:00,16,3193.8,2.3
2025-05-10 17:00:00,17,2482.3,2.3
2025-05-10 18:00:00,18,2282.6,3.6
2025-05-10 19:00:00,19,1839.6,2.2
2025-05-10 20:00:00,20,877.6,2.0
2025-05-10 21:00:00,21,152.1,1.5
2025-05-10 22:00:00,22,0.0,0.5
2025-05-10 23:00:00,23,0.0,0.4
2025-05-11 00:00:00,0,0.0,0.8
2025-05-11 01:00:00,1,0.0,0.9
2025-05-11 02:00:00,2,0.0,0.5
2025-05-11 03:00:00,3,0.0,0.4
2025-05-11 04:00:00,4,0.0,0.5
2025-05-11 05:00:00,5,0.0,0.5
2025-05-11 06:00:00,6,0.0,0.3
2025-05-11 07:00:00,7,0.0,0.6
2025-05-11 08:00:00,8,0.0,0.4
2025-05-11 09:00:00,9,0.1,0.5
2025-05-11 10:00:00,10,99.6,0.4
2025-05-11 11:00:00,11,1030.3,1.2
2025-05-11 12:00:00,12,1449.2,2.2
2025-05-11 13:00:00,13,2498.0,2.7
2025-05-11 14:00:00,14,2583.0,2.0
2025-05-11 15:00:00,15,2097.0,2.2
2025-05-11 16:00:00,16,2344.3,2.0
2025-05-11 17:00:00,17,2514.5,1.6
2025-05-11 18:00:00,18,1606.8,1.2
2025-05-11 19:00:00,19,1675.1,2.0
2025-05-11 20:00:00,20,809.6,0.8
2025-05-11 21:00:00,21,136.0,0.8
2025-05-11 22:00:00,22,0.0,0.4
2025-05-11 23:00:00,23,0.0,0.4
2025-05-12 00:00:00,0,0.0,0.5
2025-05-12 01:00:00,1,0.0,0.6
2025-05-12 02:00:00,2,0.0,1.2
2025-05-12 03:00:00,3,0.0,0.4
2025-05-12 04:00:00,4,0.0,0.6
2025-05-12 05:00:00,5,0.0,0.5
2025-05-12 06:00:00,6,0.0,0.9
2025-05-12 07:00:00,7,0.0,0.6
2025-05-12 08:00:00,8,0.0,0.2
2025-05-12 09:00:00,9,0.7,0.3
2025-05-12 10:00:00,10,147.9,0.9
2025-05-12 11:00:00,11,743.0,2.8
2025-05-12 12:00:00,12,881.7,3.9
2025-05-12 13:00:00,13,2080.5,2.9
2025-05-12 14:00:00,14,2458.5,2.8
2025-05-12 15:00:00,15,2558.6,2.5
2025-05-12 16:00:00,16,2406.3,3.1
2025-05-12 17:00:00,17,2685.3,2.7
2025-05-12 18:00:00,18,1744.9,2.7
2025-05-12 19:00:00,19,1442.4,4.4
2025-05-12 20:00:00,20,871.2,4.6
2025-05-12 21:00:00,21,174.5,1.6
2025-05-12 22:00:00,22,0.0,0.6
2025-05-12 23:00:00,23,0.0,0.6
2025-05-13 00:00:00,0,0.0,0.3
2025-05-13 01:00:00,1,0.0,1.5
2025-05-13 02:00:00,2,0.0,0.7
2025-05-13 03:00:00,3,0.0,0.2
2025-05-13 04:00:00,4,0.0,3.5
2025-05-13 05:00:00,5,0.0,3.3
2025-05-13 06:00:00,6,0.0,2.9
2025-05-13 07:00:00,7,0.0,1.6
2025-05-13 08:00:00,8,0.0,2.9
2025-05-13 09:00:00,9,0.0,2.9
2025-05-13 10:00:00,10,68.5,2.9
2025-05-13 11:00:00,11,960.4,3.9
2025-05-13 12:00:00,12,1818.4,4.9
2025-05-13 13:00:00,13,2506.3,4.4
2025-05-13 14:00:00,14,2967.8,4.7
2025-05-13 15:00:00,15,3167.8,4.3
2025-05-13 16:00:00,16,3159.1,3.1
2025-05-13 17:00:00,17,2836.6,3.3
2025-05-13 18:00:00,18,2182.3,2.8
2025-05-13 19:00:00,19,1188.8,4.6
2025-05-13 20:00:00,20,732.6,3.4
2025-05-13 21:00:00,21,253.1,2.4
2025-05-13 22:00:00,22,0.5,2.4
2025-05-13 23:00:00,23,0.0,2.9
2025-05-14 00:00:00,0,0.0,1.9
2025-05-14 01:00:00,1,0.0,2.2
2025-05-14 02:00:00,2,0.0,1.8
2025-05-14 03:00:00,3,0.0,2.6
2025-05-14 04:00:00,4,0.0,0.9
2025-05-14 05:00:00,5,0.0,3.0
2025-05-14 06:00:00,6,0.0,0.9
2025-05-14 07:00:00,7,0.0,1.0
2025-05-14 08:00:00,8,0.0,0.6
2025-05-14 09:00:00,9,0.0,0.2
2025-05-14 10:00:00,10,68.1,0.8
2025-05-14 11:00:00,11,959.1,4.5
2025-05-14 12:00:00,12,1796.0,4.8
2025-05-14 13:00:00,13,2481.2,5.3
2025-05-14 14:00:00,14,2949.8,4.7
2025-05-14 15:00:00,15,3185.1,3.6
2025-05-14 16:00:00,16,3095.3,3.0
2025-05-14 17:00:00,17,2827.2,4.7
2025-05-14 18:00:00,18,2214.9,3.6
2025-05-14 19:00:00,19,1494.5,4.9
2025-05-14 20:00:00,20,968.8,4.1
2025-05-14 21:00:00,21,181.9,1.3
2025-05-14 22:00:00,22,0.0,0.4
2025-05-14 23:00:00,23,0.0,0.3
2025-05-15 00:00:00,0,0.0,0.4
2025-05-15 01:00:00,1,0.0,0.3
2025-05-15 02:00:00,2,0.0,0.6
2025-05-15 03:00:00,3,0.0,0.7
2025-05-15 04:00:00,4,0.0,0.6
2025-05-15 05:00:00,5,0.0,1.1
2025-05-15 06:00:00,6,0.0,2.2
2025-05-15 07:00:00,7,0.0,2.6
2025-05-15 08:00:00,8,0.0,3.2
2025-05-15 09:00:00,9,0.0,3.0
2025-05-15 10:00:00,10,78.0,3.4
2025-05-15 11:00:00,11,874.9,5.0
2025-05-15 12:00:00,12,1774.9,4.9
2025-05-15 13:00:00,13,2457.6,4.4
2025-05-15 14:00:00,14,2903.8,4.9
2025-05-15 15:00:00,15,3141.7,3.3
2025-05-15 16:00:00,16,3107.4,3.8
2025-05-15 17:00:00,17,2872.3,4.5
2025-05-15 18:00:00,18,2340.6,3.8
2025-05-15 19:00:00,19,1414.6,2.4
2025-05-15 20:00:00,20,644.3,2.8
2025-05-15 21:00:00,21,208.0,2.1
2025-05-15 22:00:00,22,0.2,2.1
2025-05-15 23:00:00,23,0.0,1.5
2025-05-16 00:00:00,0,0.0,2.2
2025-05-16 01:00:00,1,0.0,0.4
2025-05-16 02:00:00,2,0.0,0.2
2025-05-16 03:00:00,3,0.0,0.7
2025-05-16 04:00:00,4,0.0,0.9
2025-05-16 05:00:00,5,0.0,0.4
2025-05-16 06:00:00,6,0.0,1.2
2025-05-16 07:00:00,7,0.0,0.8
2025-05-16 08:00:00,8,0.0,1.0
2025-05-16 09:00:00,9,0.0,1.1
2025-05-16 10:00:00,10,64.7,0.3
2025-05-16 11:00:00,11,581.0,1.5
2025-05-16 12:00:00,12,1187.3,3.5
2025-05-16 13:00:00,13,1455.3,3.7
2025-05-16 14:00:00,14,1783.8,3.4
2025-05-16 15:00:00,15,2554.2,3.5
2025-05-16 16:00:00,16,2798.2,3.6
2025-05-16 17:00:00,17,2021.8,2.5
2025-05-16 18:00:00,18,1486.6,2.0
2025-05-16 19:00:00,19,1199.7,2.2
2025-05-16 20:00:00,20,622.8,1.8
2025-05-16 21:00:00,21,103.3,0.7
2025-05-16 22:00:00,22,0.0,0.8
2025-05-16 23:00:00,23,0.0,0.3
2025-05-17 00:00:00,0,0.0,0.6
2025-05-17 01:00:00,1,0.0,0.5
2025-05-17 02:00:00,2,0.0,1.5
2025-05-17 03:00:00,3,0.0,0.9
2025-05-17 04:00:00,4,0.0,2.4
2025-05-17 05:00:00,5,0.0,1.2
2025-05-17 06:00:00,6,0.0,0.8
2025-05-17 07:00:00,7,0.0,0.7
2025-05-17 08:00:00,8,0.0,0.7
2025-05-17 09:00:00,9,0.0,0.7
2025-05-17 10:00:00,10,71.2,1.0
2025-05-17 11:00:00,11,905.1,3.3
2025-05-17 12:00:00,12,1765.6,2.9
2025-05-17 13:00:00,13,2478.3,4.1
2025-05-17 14:00:00,14,2657.4,4.8
2025-05-17 15:00:00,15,2948.0,3.5
2025-05-17 16:00:00,16,2967.6,4.7
2025-05-17 17:00:00,17,2700.9,3.7
2025-05-17 18:00:00,18,2367.9,3.4
2025-05-17 19:00:00,19,1103.2,2.6
2025-05-17 20:00:00,20,651.7,4.5
2025-05-17 21:00:00,21,100.8,2.3
2025-05-17 22:00:00,22,0.0,1.3
2025-05-17 23:00:00,23,0.0,0.3
2025-05-18 00:00:00,0,0.0,0.8
2025-05-18 01:00:00,1,0.0,0.8
2025-05-18 02:00:00,2,0.0,2.6
2025-05-18 03:00:00,3,0.0,2.6
2025-05-18 04:00:00,4,0.0,1.2
2025-05-18 05:00:00,5,0.0,2.7
2025-05-18 06:00:00,6,0.0,3.3
2025-05-18 07:00:00,7,0.0,2.9
2025-05-18 08:00:00,8,0.0,3.3
2025-05-18 09:00:00,9,0.0,2.8
2025-05-18 10:00:00,10,64.4,2.5
2025-05-18 11:00:00,11,903.8,3.9
2025-05-18 12:00:00,12,1783.3,4.9
2025-05-18 13:00:00,13,2463.3,5.9
2025-05-18 14:00:00,14,1755.3,5.0
2025-05-18 15:00:00,15,2342.0,4.4
2025-05-18 16:00:00,16,2212.1,5.6
2025-05-18 17:00:00,17,937.8,3.5
2025-05-18 18:00:00,18,1750.9,3.6
2025-05-18 19:00:00,19,1177.2,4.6
2025-05-18 20:00:00,20,506.7,2.5
2025-05-18 21:00:00,21,90.5,0.8
2025-05-18 22:00:00,22,0.0,0.5
2025-05-18 23:00:00,23,0.0,0.7
2025-05-19 00:00:00,0,0.0,0.8
2025-05-19 01:00:00,1,0.0,0.6
2025-05-19 02:00:00,2,0.0,0.9
2025-05-19 03:00:00,3,0.0,0.5
2025-05-19 04:00:00,4,0.0,0.4
2025-05-19 05:00:00,5,0.0,0.7
2025-05-19 06:00:00,6,0.0,0.3
2025-05-19 07:00:00,7,0.0,0.4
2025-05-19 08:00:00,8,0.0,1.0
2025-05-19 09:00:00,9,0.0,1.9
2025-05-19 10:00:00,10,59.1,1.7
2025-05-19 11:00:00,11,268.0,3.2
2025-05-19 12:00:00,12,675.9,4.5
2025-05-19 13:00:00,13,2041.0,5.3
2025-05-19 14:00:00,14,2927.1,4.7
2025-05-19 15:00:00,15,3146.4,5.0
2025-05-19 16:00:00,16,2154.5,3.9
2025-05-19 17:00:00,17,1348.8,5.0
2025-05-19 18:00:00,18,896.6,3.4
2025-05-19 19:00:00,19,493.5,4.7
2025-05-19 20:00:00,20,407.5,4.6
2025-05-19 21:00:00,21,79.0,2.1
2025-05-19 22:00:00,22,0.0,1.7
2025-05-19 23:00:00,23,0.0,0.3
2025-05-20 00:00:00,0,0.0,0.8
2025-05-20 01:00:00,1,0.0,2.7
2025-05-20 02:00:00,2,0.0,4.7
2025-05-20 03:00:00,3,0.0,0.6
2025-05-20 04:00:00,4,0.0,1.3
2025-05-20 05:00:00,5,0.0,1.3
2025-05-20 06:00:00,6,0.0,2.3
2025-05-20 07:00:00,7,0.0,1.5
2025-05-20 08:00:00,8,0.0,1.6
2025-05-20 09:00:00,9,0.0,1.1
2025-05-20 10:00:00,10,79.3,1.4
2025-05-20 11:00:00,11,625.0,4.0
2025-05-20 12:00:00,12,1261.1,3.4
2025-05-20 13:00:00,13,2580.7,5.4
2025-05-20 14:00:00,14,3095.9,3.9
2025-05-20 15:00:00,15,3199.2,3.7
2025-05-20 16:00:00,16,1905.1,3.5
2025-05-20 17:00:00,17,846.5,3.0
2025-05-20 18:00:00,18,1207.2,3.5
2025-05-20 19:00:00,19,1604.1,2.8
2025-05-20 20:00:00,20,448.2,2.8
2025-05-20 21:00:00,21,44.4,1.5
2025-05-20 22:00:00,22,0.0,0.7
2025-05-20 23:00:00,23,0.0,0.6
2025-05-21 00:00:00,0,0.0,1.1
2025-05-21 01:00:00,1,0.0,1.5
2025-05-21 02:00:00,2,0.0,1.1
2025-05-21 03:00:00,3,0.0,0.9
2025-05-21 04:00:00,4,0.0,0.8
2025-05-21 05:00:00,5,0.0,2.1
2025-05-21 06:00:00,6,0.0,3.0
2025-05-21 07:00:00,7,0.0,3.0
2025-05-21 08:00:00,8,0.0,3.5
2025-05-21 09:00:00,9,0.1,3.3
2025-05-21 10:00:00,10,93.1,3.0
2025-05-21 11:00:00,11,417.1,4.3
2025-05-21 12:00:00,12,955.7,4.4
2025-05-21 13:00:00,13,1810.7,4.6
2025-05-21 14:00:00,14,1842.8,5.5
2025-05-21 15:00:00,15,1628.9,3.8
2025-05-21 16:00:00,16,1419.7,2.4
2025-05-21 17:00:00,17,1629.3,2.7
2025-05-21 18:00:00,18,646.2,1.3
2025-05-21 19:00:00,19,670.7,2.7
2025-05-21 20:00:00,20,284.7,1.5
2025-05-21 21:00:00,21,59.5,2.4
2025-05-21 22:00:00,22,0.0,1.1
2025-05-21 23:00:00,23,0.0,0.4
2025-05-22 00:00:00,0,0.0,0.6
2025-05-22 01:00:00,1,0.0,0.4
2025-05-22 02:00:00,2,0.0,0.1
2025-05-22 03:00:00,3,0.0,0.2
2025-05-22 04:00:00,4,0.0,0.5
2025-05-22 05:00:00,5,0.0,0.3
2025-05-22 06:00:00,6,0.0,2.4
2025-05-22 07:00:00,7,0.0,2.6
2025-05-22 08:00:00,8,0.0,2.0
2025-05-22 09:00:00,9,0.0,1.9
2025-05-22 10:00:00,10,92.8,1.4
2025-05-22 11:00:00,11,455.6,3.5
2025-05-22 12:00:00,12,868.6,3.2
2025-05-22 13:00:00,13,1735.3,3.9
2025-05-22 14:00:00,14,1544.6,3.0
2025-05-22 15:00:00,15,2039.0,3.0
2025-05-22 16:00:00,16,1541.2,3.2
2025-05-22 17:00:00,17,2046.2,2.3
2025-05-22 18:00:00,18,1707.7,3.1
2025-05-22 19:00:00,19,1297.5,2.4
2025-05-22 20:00:00,20,668.4,1.9
2025-05-22 21:00:00,21,161.9,1.1
2025-05-22 22:00:00,22,0.0,0.8
2025-05-22 23:00:00,23,0.0,0.3
2025-05-23 00:00:00,0,0.0,0.6
2025-05-23 01:00:00,1,0.0,0.4
2025-05-23 02:00:00,2,0.0,0.6
2025-05-23 03:00:00,3,0.0,0.7
2025-05-23 04:00:00,4,0.0,0.2
2025-05-23 05:00:00,5,0.0,0.3
2025-05-23 06:00:00,6,0.0,0.4
2025-05-23 07:00:00,7,0.0,0.2
2025-05-23 08:00:00,8,0.0,0.2
2025-05-23 09:00:00,9,0.0,0.2
2025-05-23 10:00:00,10,58.5,1.8
2025-05-23 11:00:00,11,861.3,3.3
2025-05-23 12:00:00,12,1763.3,3.8
2025-05-23 13:00:00,13,2435.3,4.1
2025-05-23 14:00:00,14,2897.9,3.2
2025-05-23 15:00:00,15,3090.6,2.8
2025-05-23 16:00:00,16,2816.4,3.2
2025-05-23 17:00:00,17,1680.1,2.6
2025-05-23 18:00:00,18,2077.2,1.8
2025-05-23 19:00:00,19,1380.0,3.5
2025-05-23 20:00:00,20,836.1,1.4
2025-05-23 21:00:00,21,175.9,1.6
2025-05-23 22:00:00,22,0.0,0.5
2025-05-23 23:00:00,23,0.0,0.5
2025-05-24 00:00:00,0,0.0,0.7
2025-05-24 01:00:00,1,0.0,0.3
2025-05-24 02:00:00,2,0.0,1.0
2025-05-24 03:00:00,3,0.0,0.5
2025-05-24 04:00:00,4,0.0,0.6
2025-05-24 05:00:00,5,0.0,0.4
2025-05-24 06:00:00,6,0.0,0.6
2025-05-24 07:00:00,7,0.0,0.8
2025-05-24 08:00:00,8,0.0,0.6
2025-05-24 09:00:00,9,0.0,0.5
2025-05-24 10:00:00,10,57.0,0.5
2025-05-24 11:00:00,11,859.5,2.8
2025-05-24 12:00:00,12,1763.1,3.5
2025-05-24 13:00:00,13,2439.1,3.7
2025-05-24 14:00:00,14,2864.7,3.7
2025-05-24 15:00:00,15,3055.2,3.5
2025-05-24 16:00:00,16,2577.9,2.2
2025-05-24 17:00:00,17,2452.3,1.9
2025-05-24 18:00:00,18,1650.4,3.5
2025-05-24 19:00:00,19,1291.0,2.7
2025-05-24 20:00:00,20,786.6,3.2
2025-05-24 21:00:00,21,166.3,2.0
2025-05-24 22:00:00,22,0.0,0.8
2025-05-24 23:00:00,23,0.0,0.6
2025-05-25 00:00:00,0,0.0,0.9
2025-05-25 01:00:00,1,0.0,0.8
2025-05-25 02:00:00,2,0.0,0.7
2025-05-25 03:00:00,3,0.0,0.7
2025-05-25 04:00:00,4,0.0,0.8
2025-05-25 05:00:00,5,0.0,0.4
2025-05-25 06:00:00,6,0.0,0.8
2025-05-25 07:00:00,7,0.0,1.7
2025-05-25 08:00:00,8,0.0,2.2
2025-05-25 09:00:00,9,0.0,2.7
2025-05-25 10:00:00,10,68.8,2.0
2025-05-25 11:00:00,11,382.6,3.3
2025-05-25 12:00:00,12,656.6,5.5
2025-05-25 13:00:00,13,1412.1,5.0
2025-05-25 14:00:00,14,1891.1,4.7
2025-05-25 15:00:00,15,2639.3,5.3
2025-05-25 16:00:00,16,2635.4,4.6
2025-05-25 17:00:00,17,1386.1,2.7
2025-05-25 18:00:00,18,1098.3,2.6
2025-05-25 19:00:00,19,869.2,1.0
2025-05-25 20:00:00,20,372.0,2.4
2025-05-25 21:00:00,21,66.6,1.0
2025-05-25 22:00:00,22,0.0,2.0
2025-05-25 23:00:00,23,0.0,1.2
2025-05-26 00:00:00,0,0.0,1.9
2025-05-26 01:00:00,1,0.0,0.8
2025-05-26 02:00:00,2,0.0,1.2
2025-05-26 03:00:00,3,0.0,2.8
2025-05-26 04:00:00,4,0.0,3.4
2025-05-26 05:00:00,5,0.0,3.0
2025-05-26 06:00:00,6,0.0,3.3
2025-05-26 07:00:00,7,0.0,3.1
2025-05-26 08:00:00,8,0.0,2.1
2025-05-26 09:00:00,9,0.0,1.6
2025-05-26 10:00:00,10,75.2,2.6
2025-05-26 11:00:00,11,833.2,3.5
2025-05-26 12:00:00,12,1766.3,4.2
2025-05-26 13:00:00,13,2439.4,4.0
2025-05-26 14:00:00,14,2910.7,3.9
2025-05-26 15:00:00,15,3161.6,4.1
2025-05-26 16:00:00,16,3169.4,3.2
2025-05-26 17:00:00,17,2885.6,3.1
2025-05-26 18:00:00,18,2393.5,3.8
2025-05-26 19:00:00,19,1586.6,3.5
2025-05-26 20:00:00,20,876.3,2.9
2025-05-26 21:00:00,21,154.6,1.3
2025-05-26 22:00:00,22,0.0,0.6
2025-05-26 23:00:00,23,0.0,0.5
2025-05-27 00:00:00,0,0.0,0.6
2025-05-27 01:00:00,1,0.0,0.7
2025-05-27 02:00:00,2,0.0,0.7
2025-05-27 03:00:00,3,0.0,0.7
2025-05-27 04:00:00,4,0.0,0.8
2025-05-27 05:00:00,5,0.0,0.4
2025-05-27 06:00:00,6,0.0,0.8
2025-05-27 07:00:00,7,0.0,0.7
2025-05-27 08:00:00,8,0.0,0.6
2025-05-27 09:00:00,9,0.0,1.0
2025-05-27 10:00:00,10,55.3,3.1
2025-05-27 11:00:00,11,866.7,5.0
2025-05-27 12:00:00,12,1776.6,4.4
2025-05-27 13:00:00,13,2449.0,4.3
2025-05-27 14:00:00,14,2920.0,4.6
2025-05-27 15:00:00,15,3174.2,4.0
2025-05-27 16:00:00,16,2993.4,4.2
2025-05-27 17:00:00,17,2894.8,3.2
2025-05-27 18:00:00,18,2404.7,3.3
2025-05-27 19:00:00,19,1698.5,2.6
2025-05-27 20:00:00,20,897.4,2.5
2025-05-27 21:00:00,21,163.0,2.0
2025-05-27 22:00:00,22,0.0,1.4
2025-05-27 23:00:00,23,0.0,2.0
2025-05-28 00:00:00,0,0.0,1.7
2025-05-28 01:00:00,1,0.0,0.6
2025-05-28 02:00:00,2,0.0,0.9
2025-05-28 03:00:00,3,0.0,1.1
2025-05-28 04:00:00,4,0.0,0.5
2025-05-28 05:00:00,5,0.0,0.4
2025-05-28 06:00:00,6,0.0,0.9
2025-05-28 07:00:00,7,0.0,0.3
2025-05-28 08:00:00,8,0.0,0.4
2025-05-28 09:00:00,9,0.0,0.2
2025-05-28 10:00:00,10,57.3,0.2
2025-05-28 11:00:00,11,848.9,5.0
2025-05-28 12:00:00,12,1766.9,4.5
2025-05-28 13:00:00,13,2438.9,3.2
2025-05-28 14:00:00,14,2913.1,3.8
2025-05-28 15:00:00,15,3144.2,2.6
2025-05-28 16:00:00,16,3123.6,3.0
2025-05-28 17:00:00,17,2821.4,2.8
2025-05-28 18:00:00,18,2399.8,3.3
2025-05-28 19:00:00,19,1678.1,2.3
2025-05-28 20:00:00,20,878.8,2.4
2025-05-28 21:00:00,21,142.9,1.2
2025-05-28 22:00:00,22,0.0,1.2
2025-05-28 23:00:00,23,0.0,0.5
2025-05-29 00:00:00,0,0.0,0.4
2025-05-29 01:00:00,1,0.0,1.1
2025-05-29 02:00:00,2,0.0,1.0
2025-05-29 03:00:00,3,0.0,0.7
2025-05-29 04:00:00,4,0.0,0.5
2025-05-29 05:00:00,5,0.0,0.4
2025-05-29 06:00:00,6,0.0,0.5
2025-05-29 07:00:00,7,0.0,0.7
2025-05-29 08:00:00,8,0.0,0.5
2025-05-29 09:00:00,9,0.0,0.5
2025-05-29 10:00:00,10,63.5,0.3
2025-05-29 11:00:00,11,832.0,2.2
2025-05-29 12:00:00,12,1743.7,3.7
2025-05-29 13:00:00,13,2388.5,2.7
2025-05-29 14:00:00,14,2922.9,2.5
2025-05-29 15:00:00,15,3171.1,2.9
2025-05-29 16:00:00,16,1834.3,3.0
2025-05-29 17:00:00,17,2567.0,1.8
2025-05-29 18:00:00,18,1717.8,1.5
2025-05-29 19:00:00,19,1504.9,3.1
2025-05-29 20:00:00,20,750.6,2.4
2025-05-29 21:00:00,21,185.4,0.9
2025-05-29 22:00:00,22,0.0,0.4
2025-05-29 23:00:00,23,0.0,0.5
2025-05-30 00:00:00,0,0.0,0.7
2025-05-30 01:00:00,1,0.0,0.9
2025-05-30 02:00:00,2,0.0,0.6
2025-05-30 03:00:00,3,0.0,0.8
2025-05-30 04:00:00,4,0.0,0.3
2025-05-30 05:00:00,5,0.0,0.3
2025-05-30 06:00:00,6,0.0,0.2
2025-05-30 07:00:00,7,0.0,0.4
2025-05-30 08:00:00,8,0.0,0.7
2025-05-30 09:00:00,9,0.0,0.5
2025-05-30 10:00:00,10,56.2,0.3
2025-05-30 11:00:00,11,829.3,0.8
2025-05-30 12:00:00,12,1721.9,1.4
2025-05-30 13:00:00,13,2390.4,1.7
2025-05-30 14:00:00,14,2862.9,3.3
2025-05-30 15:00:00,15,3030.8,2.1
2025-05-30 16:00:00,16,2707.7,3.3
2025-05-30 17:00:00,17,2795.6,2.2
2025-05-30 18:00:00,18,1809.5,1.2
2025-05-30 19:00:00,19,1211.9,1.1
2025-05-30 20:00:00,20,668.6,0.7
2025-05-30 21:00:00,21,150.7,1.2
2025-05-30 22:00:00,22,0.0,0.5
2025-05-30 23:00:00,23,0.0,0.5
2025-05-31 00:00:00,0,0.0,0.7
2025-05-31 01:00:00,1,0.0,1.0
2025-05-31 02:00:00,2,0.0,0.8
2025-05-31 03:00:00,3,0.0,1.0
2025-05-31 04:00:00,4,0.0,0.6
2025-05-31 05:00:00,5,0.0,0.9
2025-05-31 06:00:00,6,0.0,0.3
2025-05-31 07:00:00,7,0.0,3.2
2025-05-31 08:00:00,8,0.0,0.4
2025-05-31 09:00:00,9,0.0,0.8
2025-05-31 10:00:00,10,59.4,1.1
2025-05-31 11:00:00,11,818.7,2.1
2025-05-31 12:00:00,12,1705.4,3.7
2025-05-31 13:00:00,13,2257.5,3.1
2025-05-31 14:00:00,14,2735.0,2.7
2025-05-31 15:00:00,15,3013.7,3.5
2025-05-31 16:00:00,16,3167.4,2.1
2025-05-31 17:00:00,17,2346.2,2.3
2025-05-31 18:00:00,18,2258.1,3.2
2025-05-31 19:00:00,19,1642.3,1.4
2025-05-31 20:00:00,20,729.0,1.9
2025-05-31 21:00:00,21,141.7,0.1
2025-05-31 22:00:00,22,0.0,0.5
2025-05-31 23:00:00,23,0.0,0.3
2025-06-01 00:00:00,0,0.0,0.5
2025-06-01 01:00:00,1,0.0,0.4
2025-06-01 02:00:00,2,0.0,0.7
2025-06-01 03:00:00,3,0.0,0.6
2025-06-01 04:00:00,4,0.0,0.7
2025-06-01 05:00:00,5,0.0,0.3
2025-06-01 06:00:00,6,0.0,0.5
2025-06-01 07:00:00,7,0.0,0.5
2025-06-01 08:00:00,8,0.0,0.3
2025-06-01 09:00:00,9,0.0,0.3
2025-06-01 10:00:00,10,54.7,1.0
2025-06-01 11:00:00,11,817.6,2.4
2025-06-01 12:00:00,12,1717.1,3.2
2025-06-01 13:00:00,13,2393.3,3.9
2025-06-01 14:00:00,14,2850.3,2.9
2025-06-01 15:00:00,15,3091.0,2.2
2025-06-01 16:00:00,16,3093.3,3.0
2025-06-01 17:00:00,17,2675.6,2.6
2025-06-01 18:00:00,18,2194.1,3.4
2025-06-01 19:00:00,19,1475.2,1.3
2025-06-01 20:00:00,20,902.6,2.3
2025-06-01 21:00:00,21,158.8,1.2
2025-06-01 22:00:00,22,0.0,1.0
2025-06-01 23:00:00,23,0.0,0.6
2025-06-02 00:00:00,0,0.0,0.6
2025-06-02 01:00:00,1,0.0,0.5
2025-06-02 02:00:00,2,0.0,0.6
2025-06-02 03:00:00,3,0.0,0.5
2025-06-02 04:00:00,4,0.0,0.4
2025-06-02 05:00:00,5,0.0,0.5
2025-06-02 06:00:00,6,0.0,0.2
2025-06-02 07:00:00,7,0.0,0.3
2025-06-02 08:00:00,8,0.0,0.3
2025-06-02 09:00:00,9,0.0,0.6
2025-06-02 10:00:00,10,57.4,0.4
2025-06-02 11:00:00,11,807.8,1.1
2025-06-02 12:00:00,12,1707.6,2.7
2025-06-02 13:00:00,13,2381.0,2.6
2025-06-02 14:00:00,14,2822.0,2.9
2025-06-02 15:00:00,15,2909.4,3.6
2025-06-02 16:00:00,16,2907.2,3.1
2025-06-02 17:00:00,17,2303.6,2.9
2025-06-02 18:00:00,18,2023.9,2.6
2025-06-02 19:00:00,19,1238.7,3.0
2025-06-02 20:00:00,20,733.5,3.2
2025-06-02 21:00:00,21,177.3,1.9
2025-06-02 22:00:00,22,0.0,1.9
2025-06-02 23:00:00,23,0.0,1.3
2025-06-03 00:00:00,0,0.0,0.4
2025-06-03 01:00:00,1,0.0,0.5
2025-06-03 02:00:00,2,0.0,0.7
2025-06-03 03:00:00,3,0.0,3.8
2025-06-03 04:00:00,4,0.0,3.4
2025-06-03 05:00:00,5,0.0,3.7
2025-06-03 06:00:00,6,0.0,2.7
2025-06-03 07:00:00,7,0.0,2.7
2025-06-03 08:00:00,8,0.0,2.3
2025-06-03 09:00:00,9,0.0,2.2
2025-06-03 10:00:00,10,52.1,1.9
2025-06-03 11:00:00,11,802.9,4.9
2025-06-03 12:00:00,12,1447.2,3.4
2025-06-03 13:00:00,13,2354.0,3.8
2025-06-03 14:00:00,14,2707.0,3.9
2025-06-03 15:00:00,15,2853.9,3.5
2025-06-03 16:00:00,16,2540.2,3.3
2025-06-03 17:00:00,17,1952.9,3.1
2025-06-03 18:00:00,18,1956.7,2.8
2025-06-03 19:00:00,19,1734.5,2.7
2025-06-03 20:00:00,20,734.2,4.1
2025-06-03 21:00:00,21,98.2,4.2
2025-06-03 22:00:00,22,0.0,2.7
2025-06-03 23:00:00,23,0.0,1.9
2025-06-04 00:00:00,0,0.0,1.4
2025-06-04 01:00:00,1,0.0,0.9
2025-06-04 02:00:00,2,0.0,0.7
2025-06-04 03:00:00,3,0.0,1.2
2025-06-04 04:00:00,4,0.0,0.7
2025-06-04 05:00:00,5,0.0,0.6
2025-06-04 06:00:00,6,0.0,0.4
2025-06-04 07:00:00,7,0.0,0.4
2025-06-04 08:00:00,8,0.0,0.3
2025-06-04 09:00:00,9,0.0,1.0
2025-06-04 10:00:00,10,60.9,0.5
2025-06-04 11:00:00,11,783.4,3.4
2025-06-04 12:00:00,12,1686.3,3.2
2025-06-04 13:00:00,13,2358.3,3.4
2025-06-04 14:00:00,14,2830.2,3.9
2025-06-04 15:00:00,15,3046.5,2.7
2025-06-04 16:00:00,16,2570.2,2.9
2025-06-04 17:00:00,17,1641.3,1.8
2025-06-04 18:00:00,18,2058.9,2.8
2025-06-04 19:00:00,19,1023.0,2.2
2025-06-04 20:00:00,20,710.3,2.6
2025-06-04 21:00:00,21,33.5,1.3
2025-06-04 22:00:00,22,0.0,0.9
2025-06-04 23:00:00,23,0.0,0.3
2025-06-05 00:00:00,0,0.0,0.5
2025-06-05 01:00:00,1,0.0,0.4
2025-06-05 02:00:00,2,0.0,0.8
2025-06-05 03:00:00,3,0.0,0.4
2025-06-05 04:00:00,4,0.0,0.4
2025-06-05 05:00:00,5,0.0,1.2
2025-06-05 06:00:00,6,0.0,0.4
2025-06-05 07:00:00,7,0.0,0.3
2025-06-05 08:00:00,8,0.0,0.4
2025-06-05 09:00:00,9,0.0,0.5
2025-06-05 10:00:00,10,59.6,0.5
2025-06-05 11:00:00,11,604.0,1.1
2025-06-05 12:00:00,12,1548.6,3.6
2025-06-05 13:00:00,13,2047.3,4.4
2025-06-05 14:00:00,14,1971.9,2.5
2025-06-05 15:00:00,15,2663.0,3.7
2025-06-05 16:00:00,16,2885.3,3.9
2025-06-05 17:00:00,17,1834.0,3.4
2025-06-05 18:00:00,18,1029.1,2.7
2025-06-05 19:00:00,19,857.8,2.5
2025-06-05 20:00:00,20,344.2,1.9
2025-06-05 21:00:00,21,86.6,1.2
2025-06-05 22:00:00,22,0.0,0.5
2025-06-05 23:00:00,23,0.0,1.4
2025-06-06 00:00:00,0,0.0,0.9
2025-06-06 01:00:00,1,0.0,0.7
2025-06-06 02:00:00,2,0.0,0.6
2025-06-06 03:00:00,3,0.0,1.0
2025-06-06 04:00:00,4,0.0,0.3
2025-06-06 05:00:00,5,0.0,0.6
2025-06-06 06:00:00,6,0.0,1.3
2025-06-06 07:00:00,7,0.0,2.2
2025-06-06 08:00:00,8,0.0,1.5
2025-06-06 09:00:00,9,0.0,1.2
2025-06-06 10:00:00,10,58.9,1.6
2025-06-06 11:00:00,11,801.1,3.7
2025-06-06 12:00:00,12,1647.7,5.2
2025-06-06 13:00:00,13,2319.3,4.1
2025-06-06 14:00:00,14,2765.8,3.4
2025-06-06 15:00:00,15,2954.4,3.4
2025-06-06 16:00:00,16,3016.4,3.6
2025-06-06 17:00:00,17,2865.2,2.6
2025-06-06 18:00:00,18,1994.0,2.0
2025-06-06 19:00:00,19,1240.0,2.8
2025-06-06 20:00:00,20,771.2,3.3
2025-06-06 21:00:00,21,155.4,1.4
2025-06-06 22:00:00,22,0.0,0.6
2025-06-06 23:00:00,23,0.0,0.6
2025-06-07 00:00:00,0,0.0,0.4
2025-06-07 01:00:00,1,0.0,0.8
2025-06-07 02:00:00,2,0.0,0.3
2025-06-07 03:00:00,3,0.0,0.1
2025-06-07 04:00:00,4,0.0,0.5
2025-06-07 05:00:00,5,0.0,0.3
2025-06-07 06:00:00,6,0.0,0.5
2025-06-07 07:00:00,7,0.0,0.5
2025-06-07 08:00:00,8,0.0,0.8
2025-06-07 09:00:00,9,0.0,0.7
2025-06-07 10:00:00,10,49.3,0.4
2025-06-07 11:00:00,11,782.1,2.5
2025-06-07 12:00:00,12,1667.9,3.8
2025-06-07 13:00:00,13,2351.8,4.2
2025-06-07 14:00:00,14,2837.3,3.0
2025-06-07 15:00:00,15,3053.8,2.6
2025-06-07 16:00:00,16,3078.9,2.0
2025-06-07 17:00:00,17,2129.5,3.5
2025-06-07 18:00:00,18,2336.2,3.4
2025-06-07 19:00:00,19,1254.6,2.3
2025-06-07 20:00:00,20,490.8,1.8
2025-06-07 21:00:00,21,138.2,1.8
2025-06-07 22:00:00,22,0.1,1.1
2025-06-07 23:00:00,23,0.0,0.6
2025-06-08 00:00:00,0,0.0,0.8
2025-06-08 01:00:00,1,0.0,0.3
2025-06-08 02:00:00,2,0.0,0.8
2025-06-08 03:00:00,3,0.0,0.5
2025-06-08 04:00:00,4,0.0,0.4
2025-06-08 05:00:00,5,0.0,0.8
2025-06-08 06:00:00,6,0.0,0.6
2025-06-08 07:00:00,7,0.0,0.5
2025-06-08 08:00:00,8,0.0,1.2
2025-06-08 09:00:00,9,0.0,1.1
2025-06-08 10:00:00,10,88.7,2.2
2025-06-08 11:00:00,11,891.7,4.6
2025-06-08 12:00:00,12,1750.4,3.2
2025-06-08 13:00:00,13,2228.1,4.0
2025-06-08 14:00:00,14,2255.4,3.6
2025-06-08 15:00:00,15,3235.2,3.5
2025-06-08 16:00:00,16,2867.1,3.3
2025-06-08 17:00:00,17,2857.9,2.8
2025-06-08 18:00:00,18,2371.9,1.9
2025-06-08 19:00:00,19,1381.8,1.7
2025-06-08 20:00:00,20,651.7,2.3
2025-06-08 21:00:00,21,183.1,1.0
2025-06-08 22:00:00,22,0.0,1.8
2025-06-08 23:00:00,23,0.0,1.3
2025-06-09 00:00:00,0,0.0,1.1
2025-06-09 01:00:00,1,0.0,0.6
2025-06-09 02:00:00,2,0.0,0.8
2025-06-09 03:00:00,3,0.0,0.5
2025-06-09 04:00:00,4,0.0,0.6
2025-06-09 05:00:00,5,0.0,0.3
2025-06-09 06:00:00,6,0.0,0.6
2025-06-09 07:00:00,7,0.0,0.8
2025-06-09 08:00:00,8,0.0,0.5
2025-06-09 09:00:00,9,0.0,0.2
2025-06-09 10:00:00,10,51.7,0.3
2025-06-09 11:00:00,11,352.5,0.8
2025-06-09 12:00:00,12,1634.2,3.3
2025-06-09 13:00:00,13,2132.6,2.6
2025-06-09 14:00:00,14,2782.2,2.7
2025-06-09 15:00:00,15,2436.3,2.0
2025-06-09 16:00:00,16,1525.2,2.7
2025-06-09 17:00:00,17,1903.7,1.9
2025-06-09 18:00:00,18,1823.4,0.8
2025-06-09 19:00:00,19,1431.9,1.4
2025-06-09 20:00:00,20,770.9,0.5
2025-06-09 21:00:00,21,172.3,1.0
2025-06-09 22:00:00,22,0.0,0.5
2025-06-09 23:00:00,23,0.0,0.8
2025-06-10 00:00:00,0,0.0,0.3
2025-06-10 01:00:00,1,0.0,1.1
2025-06-10 02:00:00,2,0.0,1.4
2025-06-10 03:00:00,3,0.0,0.5
2025-06-10 04:00:00,4,0.0,0.6
2025-06-10 05:00:00,5,0.0,0.6
2025-06-10 06:00:00,6,0.0,1.0
2025-06-10 07:00:00,7,0.0,0.7
2025-06-10 08:00:00,8,0.0,0.3
2025-06-10 09:00:00,9,0.0,0.8
2025-06-10 10:00:00,10,49.0,0.4
2025-06-10 11:00:00,11,763.5,0.7
2025-06-10 12:00:00,12,1624.3,2.5
2025-06-10 13:00:00,13,2194.8,1.7
2025-06-10 14:00:00,14,2717.9,2.2
2025-06-10 15:00:00,15,2508.9,2.7
2025-06-10 16:00:00,16,3050.3,2.2
2025-06-10 17:00:00,17,1970.7,1.5
2025-06-10 18:00:00,18,1938.9,1.5
2025-06-10 19:00:00,19,1309.2,2.3
2025-06-10 20:00:00,20,712.9,1.8
2025-06-10 21:00:00,21,170.4,0.6
2025-06-10 22:00:00,22,0.0,0.7
2025-06-10 23:00:00,23,0.0,0.4
2025-06-11 00:00:00,0,0.0,0.3
2025-06-11 01:00:00,1,0.0,0.7
2025-06-11 02:00:00,2,0.0,0.6
2025-06-11 03:00:00,3,0.0,0.5
2025-06-11 04:00:00,4,0.0,0.4
2025-06-11 05:00:00,5,0.0,0.6
2025-06-11 06:00:00,6,0.0,0.8
2025-06-11 07:00:00,7,0.0,0.9
2025-06-11 08:00:00,8,0.0,0.6
2025-06-11 09:00:00,9,0.0,0.6
2025-06-11 10:00:00,10,60.2,0.5
2025-06-11 11:00:00,11,760.9,0.4
2025-06-11 12:00:00,12,1619.8,2.3
2025-06-11 13:00:00,13,2174.7,3.0
2025-06-11 14:00:00,14,2705.5,2.4
2025-06-11 15:00:00,15,2739.4,3.5
2025-06-11 16:00:00,16,2761.8,1.7
2025-06-11 17:00:00,17,1932.3,2.7
2025-06-11 18:00:00,18,2188.0,1.7
2025-06-11 19:00:00,19,1424.5,1.4
2025-06-11 20:00:00,20,510.5,1.8
2025-06-11 21:00:00,21,88.0,1.1
2025-06-11 22:00:00,22,0.0,0.3
2025-06-11 23:00:00,23,0.0,0.5
2025-06-12 00:00:00,0,0.0,0.8
2025-06-12 01:00:00,1,0.0,0.6
2025-06-12 02:00:00,2,0.0,0.6
2025-06-12 03:00:00,3,0.0,1.1
2025-06-12 04:00:00,4,0.0,0.5
2025-06-12 05:00:00,5,0.0,0.6
2025-06-12 06:00:00,6,0.0,0.6
2025-06-12 07:00:00,7,0.0,0.8
2025-06-12 08:00:00,8,0.0,0.7
2025-06-12 09:00:00,9,0.0,0.6
2025-06-12 10:00:00,10,55.7,0.2
2025-06-12 11:00:00,11,745.9,1.0
2025-06-12 12:00:00,12,1588.4,1.8
2025-06-12 13:00:00,13,2236.3,2.7
2025-06-12 14:00:00,14,2771.9,2.2
2025-06-12 15:00:00,15,2958.6,2.9
2025-06-12 16:00:00,16,3042.6,3.7
2025-06-12 17:00:00,17,2815.3,2.5
2025-06-12 18:00:00,18,2413.0,1.4
2025-06-12 19:00:00,19,1275.8,2.4
2025-06-12 20:00:00,20,506.9,2.5
2025-06-12 21:00:00,21,127.4,1.7
2025-06-12 22:00:00,22,0.0,1.0
2025-06-12 23:00:00,23,0.0,0.5
2025-06-13 00:00:00,0,0.0,0.5
2025-06-13 01:00:00,1,0.0,0.3
2025-06-13 02:00:00,2,0.0,0.4
2025-06-13 03:00:00,3,0.0,0.6
2025-06-13 04:00:00,4,0.0,1.0
2025-06-13 05:00:00,5,0.0,0.6
2025-06-13 06:00:00,6,0.0,0.6
2025-06-13 07:00:00,7,0.0,0.6
2025-06-13 08:00:00,8,0.0,0.5
2025-06-13 09:00:00,9,0.0,0.5
2025-06-13 10:00:00,10,61.1,0.8
2025-06-13 11:00:00,11,462.9,1.5
2025-06-13 12:00:00,12,1273.8,3.0
2025-06-13 13:00:00,13,1349.4,3.0
2025-06-13 14:00:00,14,1878.0,4.0
2025-06-13 15:00:00,15,2017.3,4.2
2025-06-13 16:00:00,16,2356.6,4.4
2025-06-13 17:00:00,17,1961.5,4.2
2025-06-13 18:00:00,18,2436.0,4.3
2025-06-13 19:00:00,19,1651.4,3.3
2025-06-13 20:00:00,20,906.8,3.4
2025-06-13 21:00:00,21,89.7,3.3
2025-06-13 22:00:00,22,0.0,3.1
2025-06-13 23:00:00,23,0.0,4.1
2025-06-14 00:00:00,0,0.0,4.6
2025-06-14 01:00:00,1,0.0,3.5
2025-06-14 02:00:00,2,0.0,3.8
2025-06-14 03:00:00,3,0.0,3.9
2025-06-14 04:00:00,4,0.0,3.9
2025-06-14 05:00:00,5,0.0,4.1
2025-06-14 06:00:00,6,0.0,4.4
2025-06-14 07:00:00,7,0.0,4.6
2025-06-14 08:00:00,8,0.0,3.8
2025-06-14 09:00:00,9,0.0,4.1
2025-06-14 10:00:00,10,58.8,3.3
2025-06-14 11:00:00,11,337.8,4.2
2025-06-14 12:00:00,12,578.4,4.9
2025-06-14 13:00:00,13,528.7,4.9
2025-06-14 14:00:00,14,1235.5,4.6
2025-06-14 15:00:00,15,1199.8,3.9
2025-06-14 16:00:00,16,1545.4,4.5
2025-06-14 17:00:00,17,1296.1,4.2
2025-06-14 18:00:00,18,1370.3,4.3
2025-06-14 19:00:00,19,791.7,4.0
2025-06-14 20:00:00,20,454.8,3.8
2025-06-14 21:00:00,21,105.0,3.1
2025-06-14 22:00:00,22,0.0,3.0
2025-06-14 23:00:00,23,0.0,4.5
2025-06-15 00:00:00,0,0.0,3.8
2025-06-15 01:00:00,1,0.0,3.4
2025-06-15 02:00:00,2,0.0,1.9
2025-06-15 03:00:00,3,0.0,0.8
2025-06-15 04:00:00,4,0.0,1.4
2025-06-15 05:00:00,5,0.0,0.8
2025-06-15 06:00:00,6,0.0,0.6
2025-06-15 07:00:00,7,0.0,1.5
2025-06-15 08:00:00,8,0.0,3.6
2025-06-15 09:00:00,9,0.0,4.0
2025-06-15 10:00:00,10,51.0,2.2
2025-06-15 11:00:00,11,397.6,3.3
2025-06-15 12:00:00,12,1487.9,4.8
2025-06-15 13:00:00,13,1789.0,4.3
2025-06-15 14:00:00,14,2580.0,5.7
2025-06-15 15:00:00,15,3018.1,3.8
2025-06-15 16:00:00,16,2987.6,3.8
2025-06-15 17:00:00,17,2640.3,3.3
2025-06-15 18:00:00,18,1282.3,2.9
2025-06-15 19:00:00,19,584.2,3.6
2025-06-15 20:00:00,20,245.2,3.0
2025-06-15 21:00:00,21,78.5,2.5
2025-06-15 22:00:00,22,0.0,1.4
2025-06-15 23:00:00,23,0.0,1.2
2025-06-16 00:00:00,0,0.0,4.1
2025-06-16 01:00:00,1,0.0,2.7
2025-06-16 02:00:00,2,0.0,2.3
2025-06-16 03:00:00,3,0.0,3.2
2025-06-16 04:00:00,4,0.0,3.1
2025-06-16 05:00:00,5,0.0,3.8
2025-06-16 06:00:00,6,0.0,3.3
2025-06-16 07:00:00,7,0.0,2.8
2025-06-16 08:00:00,8,0.0,3.4
2025-06-16 09:00:00,9,0.0,2.1
2025-06-16 10:00:00,10,59.1,2.8
2025-06-16 11:00:00,11,760.3,3.7
2025-06-16 12:00:00,12,1629.7,5.2
2025-06-16 13:00:00,13,2147.3,4.7
2025-06-16 14:00:00,14,2273.2,3.9
2025-06-16 15:00:00,15,2872.3,4.3
2025-06-16 16:00:00,16,2866.8,3.7
2025-06-16 17:00:00,17,1170.0,4.0
2025-06-16 18:00:00,18,1042.4,2.4
2025-06-16 19:00:00,19,803.3,2.7
2025-06-16 20:00:00,20,450.1,1.4
2025-06-16 21:00:00,21,81.0,1.1
2025-06-16 22:00:00,22,0.0,0.2
2025-06-16 23:00:00,23,0.0,1.1
2025-06-17 00:00:00,0,0.0,1.5
2025-06-17 01:00:00,1,0.0,1.1
2025-06-17 02:00:00,2,0.0,2.0
2025-06-17 03:00:00,3,0.0,2.6
2025-06-17 04:00:00,4,0.0,1.7
2025-06-17 05:00:00,5,0.0,0.4
2025-06-17 06:00:00,6,0.0,0.7
2025-06-17 07:00:00,7,0.0,3.8
2025-06-17 08:00:00,8,0.0,3.6
2025-06-17 09:00:00,9,0.0,3.6
2025-06-17 10:00:00,10,63.3,3.2
2025-06-17 11:00:00,11,727.9,4.6
2025-06-17 12:00:00,12,1304.6,3.6
2025-06-17 13:00:00,13,1616.4,3.7
2025-06-17 14:00:00,14,2711.1,4.4
2025-06-17 15:00:00,15,2569.6,3.5
2025-06-17 16:00:00,16,1709.5,4.0
2025-06-17 17:00:00,17,1895.9,3.7
2025-06-17 18:00:00,18,1718.8,3.5
2025-06-17 19:00:00,19,656.8,3.8
2025-06-17 20:00:00,20,377.6,3.5
2025-06-17 21:00:00,21,84.9,4.4
2025-06-17 22:00:00,22,0.1,2.9
2025-06-17 23:00:00,23,0.0,3.0
2025-06-18 00:00:00,0,0.0,1.3
2025-06-18 01:00:00,1,0.0,2.6
2025-06-18 02:00:00,2,0.0,3.8
2025-06-18 03:00:00,3,0.0,3.4
2025-06-18 04:00:00,4,0.0,4.1
2025-06-18 05:00:00,5,0.0,4.1
2025-06-18 06:00:00,6,0.0,3.9
2025-06-18 07:00:00,7,0.0,3.7
2025-06-18 08:00:00,8,0.0,2.6
2025-06-18 09:00:00,9,0.0,3.8
2025-06-18 10:00:00,10,66.7,4.0
2025-06-18 11:00:00,11,696.5,6.0
2025-06-18 12:00:00,12,1482.6,4.3
2025-06-18 13:00:00,13,1308.4,5.0
2025-06-18 14:00:00,14,1890.3,5.6
2025-06-18 15:00:00,15,2903.9,6.4
2025-06-18 16:00:00,16,1631.0,4.7
2025-06-18 17:00:00,17,1435.7,3.2
2025-06-18 18:00:00,18,1291.1,3.9
2025-06-18 19:00:00,19,710.9,3.1
2025-06-18 20:00:00,20,484.4,3.6
2025-06-18 21:00:00,21,102.2,1.7
2025-06-18 22:00:00,22,0.0,1.7
2025-06-18 23:00:00,23,0.0,1.0
2025-06-19 00:00:00,0,0.0,1.3
2025-06-19 01:00:00,1,0.0,0.6
2025-06-19 02:00:00,2,0.0,1.2
2025-06-19 03:00:00,3,0.0,3.0
2025-06-19 04:00:00,4,0.0,3.2
2025-06-19 05:00:00,5,0.0,2.9
2025-06-19 06:00:00,6,0.0,2.7
2025-06-19 07:00:00,7,0.0,2.7
2025-06-19 08:00:00,8,0.0,3.2
2025-06-19 09:00:00,9,0.0,2.1
2025-06-19 10:00:00,10,45.3,2.3
2025-06-19 11:00:00,11,741.0,5.8
2025-06-19 12:00:00,12,1612.1,5.5
2025-06-19 13:00:00,13,2239.4,5.9
2025-06-19 14:00:00,14,2750.6,3.9
2025-06-19 15:00:00,15,3018.0,4.3
2025-06-19 16:00:00,16,3017.2,5.3
2025-06-19 17:00:00,17,2799.0,5.3
2025-06-19 18:00:00,18,2302.8,4.1
2025-06-19 19:00:00,19,1655.7,4.2
2025-06-19 20:00:00,20,480.9,3.1
2025-06-19 21:00:00,21,64.5,2.8
2025-06-19 22:00:00,22,0.1,2.9
2025-06-19 23:00:00,23,0.0,2.3
2025-06-20 00:00:00,0,0.0,1.4
2025-06-20 01:00:00,1,0.0,0.6
2025-06-20 02:00:00,2,0.0,1.5
2025-06-20 03:00:00,3,0.0,0.8
2025-06-20 04:00:00,4,0.0,1.1
2025-06-20 05:00:00,5,0.0,1.5
2025-06-20 06:00:00,6,0.0,2.3
2025-06-20 07:00:00,7,0.0,2.5
2025-06-20 08:00:00,8,0.0,1.9
2025-06-20 09:00:00,9,0.0,0.7
2025-06-20 10:00:00,10,45.8,1.5
2025-06-20 11:00:00,11,706.7,5.4
2025-06-20 12:00:00,12,1701.9,4.2
2025-06-20 13:00:00,13,2053.4,4.8
2025-06-20 14:00:00,14,2244.9,4.9
2025-06-20 15:00:00,15,1830.7,4.0
2025-06-20 16:00:00,16,1444.2,3.3
2025-06-20 17:00:00,17,1374.6,3.9
2025-06-20 18:00:00,18,1064.0,3.0
2025-06-20 19:00:00,19,872.0,3.2
2025-06-20 20:00:00,20,601.7,3.7
2025-06-20 21:00:00,21,196.8,3.0
2025-06-20 22:00:00,22,0.5,2.0
2025-06-20 23:00:00,23,0.0,1.4
2025-06-21 00:00:00,0,0.0,1.3
2025-06-21 01:00:00,1,0.0,0.3
2025-06-21 02:00:00,2,0.0,0.2
2025-06-21 03:00:00,3,0.0,0.3
2025-06-21 04:00:00,4,0.0,0.3
2025-06-21 05:00:00,5,0.0,0.2
2025-06-21 06:00:00,6,0.0,0.7
2025-06-21 07:00:00,7,0.0,0.7
2025-06-21 08:00:00,8,0.0,0.7
2025-06-21 09:00:00,9,0.0,0.6
2025-06-21 10:00:00,10,46.4,0.5
2025-06-21 11:00:00,11,733.4,1.3
2025-06-21 12:00:00,12,1598.8,3.2
2025-06-21 13:00:00,13,2236.1,3.3
2025-06-21 14:00:00,14,2742.2,3.4
2025-06-21 15:00:00,15,3015.9,4.0
2025-06-21 16:00:00,16,2864.6,3.0
2025-06-21 17:00:00,17,2519.8,2.6
2025-06-21 18:00:00,18,2186.9,2.1
2025-06-21 19:00:00,19,1707.8,2.3
2025-06-21 20:00:00,20,972.5,1.3
2025-06-21 21:00:00,21,163.8,1.7
2025-06-21 22:00:00,22,0.0,0.9
2025-06-21 23:00:00,23,0.0,0.4
2025-06-22 00:00:00,0,0.0,0.5
2025-06-22 01:00:00,1,0.0,0.9
2025-06-22 02:00:00,2,0.0,0.3
2025-06-22 03:00:00,3,0.0,1.1
2025-06-22 04:00:00,4,0.0,1.5
2025-06-22 05:00:00,5,0.0,3.3
2025-06-22 06:00:00,6,0.0,2.1
2025-06-22 07:00:00,7,0.0,0.8
2025-06-22 08:00:00,8,0.0,1.9
2025-06-22 09:00:00,9,0.0,1.3
2025-06-22 10:00:00,10,46.5,0.8
2025-06-22 11:00:00,11,652.9,2.5
2025-06-22 12:00:00,12,1067.0,3.1
2025-06-22 13:00:00,13,1211.0,3.3
2025-06-22 14:00:00,14,2110.7,4.1
2025-06-22 15:00:00,15,2632.5,2.6
2025-06-22 16:00:00,16,2388.7,3.5
2025-06-22 17:00:00,17,2169.3,2.9
2025-06-22 18:00:00,18,1021.0,3.3
2025-06-22 19:00:00,19,563.7,2.3
2025-06-22 20:00:00,20,622.7,2.8
2025-06-22 21:00:00,21,142.7,1.3
2025-06-22 22:00:00,22,0.0,0.8
2025-06-22 23:00:00,23,0.0,1.0
2025-06-23 00:00:00,0,0.0,0.7
2025-06-23 01:00:00,1,0.0,0.3
2025-06-23 02:00:00,2,0.0,0.7
2025-06-23 03:00:00,3,0.0,0.4
2025-06-23 04:00:00,4,0.0,0.7
2025-06-23 05:00:00,5,0.0,0.2
2025-06-23 06:00:00,6,0.0,0.7
2025-06-23 07:00:00,7,0.0,1.0
2025-06-23 08:00:00,8,0.0,1.7
2025-06-23 09:00:00,9,0.0,1.4
2025-06-23 10:00:00,10,55.5,1.2
2025-06-23 11:00:00,11,584.4,1.3
2025-06-23 12:00:00,12,1392.6,4.2
2025-06-23 13:00:00,13,2266.1,4.2
2025-06-23 14:00:00,14,2590.0,3.7
2025-06-23 15:00:00,15,3052.7,3.1
2025-06-23 16:00:00,16,3066.4,4.3
2025-06-23 17:00:00,17,2835.1,3.3
2025-06-23 18:00:00,18,2377.5,3.1
2025-06-23 19:00:00,19,1722.7,2.9
2025-06-23 20:00:00,20,935.8,2.1
2025-06-23 21:00:00,21,122.2,1.2
2025-06-23 22:00:00,22,0.0,0.5
2025-06-23 23:00:00,23,0.0,0.7
2025-06-24 00:00:00,0,0.0,0.8
2025-06-24 01:00:00,1,0.0,1.0
2025-06-24 02:00:00,2,0.0,1.0
2025-06-24 03:00:00,3,0.0,0.4
2025-06-24 04:00:00,4,0.0,0.9
2025-06-24 05:00:00,5,0.0,0.3
2025-06-24 06:00:00,6,0.0,0.6
2025-06-24 07:00:00,7,0.0,0.3
2025-06-24 08:00:00,8,0.0,0.4
2025-06-24 09:00:00,9,0.0,0.6
2025-06-24 10:00:00,10,92.0,0.2
2025-06-24 11:00:00,11,685.3,1.1
2025-06-24 12:00:00,12,1540.0,4.1
2025-06-24 13:00:00,13,2088.7,4.3
2025-06-24 14:00:00,14,2757.0,3.6
2025-06-24 15:00:00,15,3000.8,3.3
2025-06-24 16:00:00,16,2934.7,2.4
2025-06-24 17:00:00,17,2993.9,3.7
2025-06-24 18:00:00,18,1812.6,3.1
2025-06-24 19:00:00,19,1061.3,1.5
2025-06-24 20:00:00,20,931.7,1.8
2025-06-24 21:00:00,21,164.5,1.8
2025-06-24 22:00:00,22,0.0,0.7
2025-06-24 23:00:00,23,0.0,0.5
2025-06-25 00:00:00,0,0.0,0.3
2025-06-25 01:00:00,1,0.0,0.6
2025-06-25 02:00:00,2,0.0,0.6
2025-06-25 03:00:00,3,0.0,0.3
2025-06-25 04:00:00,4,0.0,0.2
2025-06-25 05:00:00,5,0.0,0.5
2025-06-25 06:00:00,6,0.0,0.2
2025-06-25 07:00:00,7,0.0,0.6
2025-06-25 08:00:00,8,0.0,0.4
2025-06-25 09:00:00,9,0.0,0.4
2025-06-25 10:00:00,10,45.4,0.8
2025-06-25 11:00:00,11,724.1,0.9
2025-06-25 12:00:00,12,1597.0,2.9
2025-06-25 13:00:00,13,2230.3,3.1
2025-06-25 14:00:00,14,2709.3,2.8
2025-06-25 15:00:00,15,2980.4,3.6
2025-06-25 16:00:00,16,2924.5,3.5
2025-06-25 17:00:00,17,2564.8,2.7
2025-06-25 18:00:00,18,2443.5,3.1
2025-06-25 19:00:00,19,1598.7,2.2
2025-06-25 20:00:00,20,946.0,2.0
2025-06-25 21:00:00,21,217.9,1.2
2025-06-25 22:00:00,22,0.0,0.3
2025-06-25 23:00:00,23,0.0,0.3
2025-06-26 00:00:00,0,0.0,0.3
2025-06-26 01:00:00,1,0.0,0.5
2025-06-26 02:00:00,2,0.0,0.7
2025-06-26 03:00:00,3,0.0,0.3
2025-06-26 04:00:00,4,0.0,0.6
2025-06-26 05:00:00,5,0.0,1.7
2025-06-26 06:00:00,6,0.0,0.7
2025-06-26 07:00:00,7,0.0,1.8
2025-06-26 08:00:00,8,0.0,2.7
2025-06-26 09:00:00,9,0.0,3.5
2025-06-26 10:00:00,10,44.2,1.8
2025-06-26 11:00:00,11,631.7,3.7
2025-06-26 12:00:00,12,1714.4,4.4
2025-06-26 13:00:00,13,2116.7,4.2
2025-06-26 14:00:00,14,2515.9,3.7
2025-06-26 15:00:00,15,2346.5,3.6
2025-06-26 16:00:00,16,2346.4,4.1
2025-06-26 17:00:00,17,2386.9,4.6
2025-06-26 18:00:00,18,1899.7,4.8
2025-06-26 19:00:00,19,1750.7,4.9
2025-06-26 20:00:00,20,836.6,3.6
2025-06-26 21:00:00,21,205.2,4.5
2025-06-26 22:00:00,22,0.5,2.6
2025-06-26 23:00:00,23,0.0,2.6
2025-06-27 00:00:00,0,0.0,2.1
2025-06-27 01:00:00,1,0.0,0.7
2025-06-27 02:00:00,2,0.0,1.0
2025-06-27 03:00:00,3,0.0,1.6
2025-06-27 04:00:00,4,0.0,1.5
2025-06-27 05:00:00,5,0.0,2.0
2025-06-27 06:00:00,6,0.0,1.9
2025-06-27 07:00:00,7,0.0,2.2
2025-06-27 08:00:00,8,0.0,3.7
2025-06-27 09:00:00,9,0.0,3.5
2025-06-27 10:00:00,10,42.9,2.2
2025-06-27 11:00:00,11,737.6,5.1
2025-06-27 12:00:00,12,1620.3,4.2
2025-06-27 13:00:00,13,2262.9,4.0
2025-06-27 14:00:00,14,2769.0,4.4
2025-06-27 15:00:00,15,3043.5,2.6
2025-06-27 16:00:00,16,3048.7,3.3
2025-06-27 17:00:00,17,2759.9,3.6
2025-06-27 18:00:00,18,2374.9,4.6
2025-06-27 19:00:00,19,1751.7,3.8
2025-06-27 20:00:00,20,963.6,4.5
2025-06-27 21:00:00,21,197.6,3.4
2025-06-27 22:00:00,22,0.2,1.9
2025-06-27 23:00:00,23,0.0,1.5
2025-06-28 00:00:00,0,0.0,1.3
2025-06-28 01:00:00,1,0.0,0.5
2025-06-28 02:00:00,2,0.0,0.8
2025-06-28 03:00:00,3,0.0,0.8
2025-06-28 04:00:00,4,0.0,0.5
2025-06-28 05:00:00,5,0.0,0.6
2025-06-28 06:00:00,6,0.0,2.5
2025-06-28 07:00:00,7,0.0,3.7
2025-06-28 08:00:00,8,0.0,3.6
2025-06-28 09:00:00,9,0.0,3.4
2025-06-28 10:00:00,10,48.7,3.8
2025-06-28 11:00:00,11,735.2,3.0
2025-06-28 12:00:00,12,1582.8,4.7
2025-06-28 13:00:00,13,2250.6,5.1
2025-06-28 14:00:00,14,2768.2,4.1
2025-06-28 15:00:00,15,3038.2,4.3
2025-06-28 16:00:00,16,2316.7,3.6
2025-06-28 17:00:00,17,2151.3,4.3
2025-06-28 18:00:00,18,2245.5,4.6
2025-06-28 19:00:00,19,1194.5,2.9
2025-06-28 20:00:00,20,980.0,2.8
2025-06-28 21:00:00,21,212.1,2.6
2025-06-28 22:00:00,22,0.2,0.8
2025-06-28 23:00:00,23,0.0,0.4
2025-06-29 00:00:00,0,0.0,0.5
2025-06-29 01:00:00,1,0.0,1.0
2025-06-29 02:00:00,2,0.0,2.5
2025-06-29 03:00:00,3,0.0,2.4
2025-06-29 04:00:00,4,0.0,2.6
2025-06-29 05:00:00,5,0.0,3.4
2025-06-29 06:00:00,6,0.0,4.2
2025-06-29 07:00:00,7,0.0,4.4
2025-06-29 08:00:00,8,0.0,3.8
2025-06-29 09:00:00,9,0.0,3.5
2025-06-29 10:00:00,10,38.0,2.6
2025-06-29 11:00:00,11,327.2,4.2
2025-06-29 12:00:00,12,788.5,4.4
2025-06-29 13:00:00,13,1617.1,5.0
2025-06-29 14:00:00,14,1803.9,3.3
2025-06-29 15:00:00,15,2532.3,2.9
2025-06-29 16:00:00,16,3186.4,3.4
2025-06-29 17:00:00,17,2256.5,3.2
2025-06-29 18:00:00,18,2451.6,2.9
2025-06-29 19:00:00,19,1247.4,4.2
2025-06-29 20:00:00,20,721.3,2.7
2025-06-29 21:00:00,21,243.2,2.4
2025-06-29 22:00:00,22,0.2,1.9
2025-06-29 23:00:00,23,0.0,2.3
2025-06-30 00:00:00,0,0.0,1.6
2025-06-30 01:00:00,1,0.0,0.5
2025-06-30 02:00:00,2,0.0,0.5
2025-06-30 03:00:00,3,0.0,0.5
2025-06-30 04:00:00,4,0.0,4.0
2025-06-30 05:00:00,5,0.0,3.7
2025-06-30 06:00:00,6,0.0,2.4
2025-06-30 07:00:00,7,0.0,2.1
2025-06-30 08:00:00,8,0.0,2.3
2025-06-30 09:00:00,9,0.0,2.2
2025-06-30 10:00:00,10,40.2,1.4
2025-06-30 11:00:00,11,728.3,2.8
2025-06-30 12:00:00,12,1496.4,4.8
2025-06-30 13:00:00,13,2274.5,5.4
2025-06-30 14:00:00,14,2427.2,3.8
2025-06-30 15:00:00,15,2830.7,5.5
2025-06-30 16:00:00,16,2677.4,4.1
2025-06-30 17:00:00,17,2648.0,3.7
2025-06-30 18:00:00,18,2171.7,3.9
2025-06-30 19:00:00,19,1518.2,4.4
2025-06-30 20:00:00,20,971.6,4.6
2025-06-30 21:00:00,21,170.1,4.0
2025-06-30 22:00:00,22,1.0,3.5
2025-06-30 23:00:00,23,0.0,2.1
2025-07-01 00:00:00,0,0.0,1.8
2025-07-01 01:00:00,1,0.0,2.2
2025-07-01 02:00:00,2,0.0,3.2
2025-07-01 03:00:00,3,0.0,4.4
2025-07-01 04:00:00,4,0.0,3.1
2025-07-01 05:00:00,5,0.0,2.5
2025-07-01 06:00:00,6,0.0,2.3
2025-07-01 07:00:00,7,0.0,2.2
2025-07-01 08:00:00,8,0.0,2.4
2025-07-01 09:00:00,9,0.0,2.7
2025-07-01 10:00:00,10,43.3,2.1
2025-07-01 11:00:00,11,427.2,2.9
2025-07-01 12:00:00,12,1679.1,4.2
2025-07-01 13:00:00,13,2229.1,3.9
2025-07-01 14:00:00,14,2731.6,3.3
2025-07-01 15:00:00,15,2584.3,3.3
2025-07-01 16:00:00,16,2642.3,3.3
2025-07-01 17:00:00,17,2204.2,2.8
2025-07-01 18:00:00,18,1854.7,2.3
2025-07-01 19:00:00,19,1774.4,2.1
2025-07-01 20:00:00,20,832.5,3.2
2025-07-01 21:00:00,21,215.5,3.1
2025-07-01 22:00:00,22,0.1,2.3
2025-07-01 23:00:00,23,0.0,2.1
2025-07-02 00:00:00,0,0.0,1.5
2025-07-02 01:00:00,1,0.0,3.7
2025-07-02 02:00:00,2,0.0,2.9
2025-07-02 03:00:00,3,0.0,2.0
2025-07-02 04:00:00,4,0.0,3.2
2025-07-02 05:00:00,5,0.0,3.8
2025-07-02 06:00:00,6,0.0,4.6
2025-07-02 07:00:00,7,0.0,2.8
2025-07-02 08:00:00,8,0.0,1.8
2025-07-02 09:00:00,9,0.0,2.0
2025-07-02 10:00:00,10,51.5,2.2
2025-07-02 11:00:00,11,808.9,4.0
2025-07-02 12:00:00,12,1587.9,4.2
2025-07-02 13:00:00,13,1667.2,5.2
2025-07-02 14:00:00,14,2385.1,5.2
2025-07-02 15:00:00,15,2904.1,3.3
2025-07-02 16:00:00,16,2771.2,3.7
2025-07-02 17:00:00,17,2800.0,3.3
2025-07-02 18:00:00,18,2080.4,4.2
2025-07-02 19:00:00,19,1742.4,4.0
2025-07-02 20:00:00,20,978.4,4.0
2025-07-02 21:00:00,21,221.8,3.3
2025-07-02 22:00:00,22,0.1,2.6
2025-07-02 23:00:00,23,0.0,3.4
2025-07-03 00:00:00,0,0.0,3.4
2025-07-03 01:00:00,1,0.0,2.9
2025-07-03 02:00:00,2,0.0,2.7
2025-07-03 03:00:00,3,0.0,3.4
2025-07-03 04:00:00,4,0.0,3.7
2025-07-03 05:00:00,5,0.0,3.3
2025-07-03 06:00:00,6,0.0,3.0
2025-07-03 07:00:00,7,0.0,2.1
2025-07-03 08:00:00,8,0.0,1.6
2025-07-03 09:00:00,9,0.0,1.6
2025-07-03 10:00:00,10,40.6,2.1
2025-07-03 11:00:00,11,732.4,4.6
2025-07-03 12:00:00,12,1605.3,5.3
2025-07-03 13:00:00,13,2247.2,5.2
2025-07-03 14:00:00,14,2688.3,4.7
2025-07-03 15:00:00,15,3020.3,5.1
2025-07-03 16:00:00,16,3034.9,4.9
2025-07-03 17:00:00,17,2825.2,5.8
2025-07-03 18:00:00,18,2367.3,5.1
2025-07-03 19:00:00,19,1721.2,5.6
2025-07-03 20:00:00,20,948.8,4.4
2025-07-03 21:00:00,21,227.6,3.2
2025-07-03 22:00:00,22,0.2,2.5
2025-07-03 23:00:00,23,0.0,2.0
2025-07-04 00:00:00,0,0.0,2.2
2025-07-04 01:00:00,1,0.0,1.9
2025-07-04 02:00:00,2,0.0,0.8
2025-07-04 03:00:00,3,0.0,0.9
2025-07-04 04:00:00,4,0.0,1.4
2025-07-04 05:00:00,5,0.0,1.1
2025-07-04 06:00:00,6,0.0,1.2
2025-07-04 07:00:00,7,0.0,1.6
2025-07-04 08:00:00,8,0.0,2.2
2025-07-04 09:00:00,9,0.0,3.3
2025-07-04 10:00:00,10,53.8,2.8
2025-07-04 11:00:00,11,686.8,4.2
2025-07-04 12:00:00,12,1567.3,5.6
2025-07-04 13:00:00,13,2209.3,4.9
2025-07-04 14:00:00,14,2672.6,3.7
2025-07-04 15:00:00,15,3047.7,3.7
2025-07-04 16:00:00,16,3070.9,2.7
2025-07-04 17:00:00,17,2862.0,2.0
2025-07-04 18:00:00,18,2342.7,3.8
2025-07-04 19:00:00,19,1756.5,2.8
2025-07-04 20:00:00,20,1039.1,2.4
2025-07-04 21:00:00,21,237.4,1.6
2025-07-04 22:00:00,22,0.3,1.6
2025-07-04 23:00:00,23,0.0,2.6
2025-07-05 00:00:00,0,0.0,3.0
2025-07-05 01:00:00,1,0.0,1.9
2025-07-05 02:00:00,2,0.0,1.7
2025-07-05 03:00:00,3,0.0,1.6
2025-07-05 04:00:00,4,0.0,2.3
2025-07-05 05:00:00,5,0.0,2.8
2025-07-05 06:00:00,6,0.0,2.4
2025-07-05 07:00:00,7,0.0,3.0
2025-07-05 08:00:00,8,0.0,3.1
2025-07-05 09:00:00,9,0.0,3.4
2025-07-05 10:00:00,10,63.8,3.2
2025-07-05 11:00:00,11,593.2,3.8
2025-07-05 12:00:00,12,1157.5,4.3
2025-07-05 13:00:00,13,2246.6,4.6
2025-07-05 14:00:00,14,2696.4,4.3
2025-07-05 15:00:00,15,3028.3,4.5
2025-07-05 16:00:00,16,3080.4,2.9
2025-07-05 17:00:00,17,2759.5,2.3
2025-07-05 18:00:00,18,2079.8,2.5
2025-07-05 19:00:00,19,1465.2,2.8
2025-07-05 20:00:00,20,1133.8,2.2
2025-07-05 21:00:00,21,205.5,1.5
2025-07-05 22:00:00,22,0.1,1.1
2025-07-05 23:00:00,23,0.0,0.6
2025-07-06 00:00:00,0,0.0,0.4
2025-07-06 01:00:00,1,0.0,0.3
2025-07-06 02:00:00,2,0.0,1.0
2025-07-06 03:00:00,3,0.0,1.0
2025-07-06 04:00:00,4,0.0,0.5
2025-07-06 05:00:00,5,0.0,2.5
2025-07-06 06:00:00,6,0.0,2.0
2025-07-06 07:00:00,7,0.0,2.7
2025-07-06 08:00:00,8,0.0,2.4
2025-07-06 09:00:00,9,0.0,3.0
2025-07-06 10:00:00,10,40.3,3.1
2025-07-06 11:00:00,11,723.0,4.8
2025-07-06 12:00:00,12,1599.4,4.7
2025-07-06 13:00:00,13,2234.2,5.2
2025-07-06 14:00:00,14,2693.2,5.1
2025-07-06 15:00:00,15,3052.8,3.9
2025-07-06 16:00:00,16,3073.0,4.5
2025-07-06 17:00:00,17,2974.6,2.1
2025-07-06 18:00:00,18,2416.6,2.7
2025-07-06 19:00:00,19,1694.8,4.8
2025-07-06 20:00:00,20,877.5,2.3
2025-07-06 21:00:00,21,179.4,1.9
2025-07-06 22:00:00,22,0.0,1.2
2025-07-06 23:00:00,23,0.0,0.7
2025-07-07 00:00:00,0,0.0,0.9
2025-07-07 01:00:00,1,0.0,0.5
2025-07-07 02:00:00,2,0.0,0.6
2025-07-07 03:00:00,3,0.0,2.0
2025-07-07 04:00:00,4,0.0,2.3
2025-07-07 05:00:00,5,0.0,2.4
2025-07-07 06:00:00,6,0.0,2.9
2025-07-07 07:00:00,7,0.0,2.3
2025-07-07 08:00:00,8,0.0,2.5
2025-07-07 09:00:00,9,0.0,2.6
2025-07-07 10:00:00,10,37.2,2.0
2025-07-07 11:00:00,11,717.7,4.5
2025-07-07 12:00:00,12,1594.7,3.8
2025-07-07 13:00:00,13,2235.5,3.7
2025-07-07 14:00:00,14,2743.6,5.2
2025-07-07 15:00:00,15,3021.6,4.0
2025-07-07 16:00:00,16,3059.0,4.4
2025-07-07 17:00:00,17,2819.4,4.3
2025-07-07 18:00:00,18,2439.5,4.3
2025-07-07 19:00:00,19,1406.5,4.4
2025-07-07 20:00:00,20,1059.0,3.7
2025-07-07 21:00:00,21,242.1,2.1
2025-07-07 22:00:00,22,0.3,1.1
2025-07-07 23:00:00,23,0.0,1.6
2025-07-08 00:00:00,0,0.0,2.0
2025-07-08 01:00:00,1,0.0,2.0
2025-07-08 02:00:00,2,0.0,3.7
2025-07-08 03:00:00,3,0.0,5.4
2025-07-08 04:00:00,4,0.0,3.9
2025-07-08 05:00:00,5,0.0,3.1
2025-07-08 06:00:00,6,0.0,3.9
2025-07-08 07:00:00,7,0.0,4.9
2025-07-08 08:00:00,8,0.0,3.9
2025-07-08 09:00:00,9,0.0,3.9
2025-07-08 10:00:00,10,41.2,3.3
2025-07-08 11:00:00,11,713.0,4.8
2025-07-08 12:00:00,12,1607.6,5.3
2025-07-08 13:00:00,13,2210.3,4.2
2025-07-08 14:00:00,14,2743.0,3.6
2025-07-08 15:00:00,15,3017.7,4.1
2025-07-08 16:00:00,16,3050.9,4.7
2025-07-08 17:00:00,17,2877.5,3.9
2025-07-08 18:00:00,18,2441.7,4.1
2025-07-08 19:00:00,19,1771.0,3.7
2025-07-08 20:00:00,20,730.3,2.8
2025-07-08 21:00:00,21,274.5,2.7
2025-07-08 22:00:00,22,0.3,2.6
2025-07-08 23:00:00,23,0.0,2.9
2025-07-09 00:00:00,0,0.0,4.5
2025-07-09 01:00:00,1,0.0,3.2
2025-07-09 02:00:00,2,0.0,4.1
2025-07-09 03:00:00,3,0.0,2.5
2025-07-09 04:00:00,4,0.0,2.1
2025-07-09 05:00:00,5,0.0,2.6
2025-07-09 06:00:00,6,0.0,1.6
2025-07-09 07:00:00,7,0.0,1.6
2025-07-09 08:00:00,8,0.0,2.5
2025-07-09 09:00:00,9,0.0,3.0
2025-07-09 10:00:00,10,37.2,3.5
2025-07-09 11:00:00,11,751.2,3.9
2025-07-09 12:00:00,12,1654.5,4.1
2025-07-09 13:00:00,13,2254.4,4.6
2025-07-09 14:00:00,14,2745.7,3.8
2025-07-09 15:00:00,15,3028.5,2.9
2025-07-09 16:00:00,16,3050.6,3.1
2025-07-09 17:00:00,17,2257.1,2.1
2025-07-09 18:00:00,18,1831.4,3.2
2025-07-09 19:00:00,19,1393.6,2.5
2025-07-09 20:00:00,20,1125.3,3.1
2025-07-09 21:00:00,21,249.9,2.3
2025-07-09 22:00:00,22,0.5,2.0
2025-07-09 23:00:00,23,0.0,2.0
2025-07-10 00:00:00,0,0.0,1.7
2025-07-10 01:00:00,1,0.0,2.5
2025-07-10 02:00:00,2,0.0,2.6
2025-07-10 03:00:00,3,0.0,3.2
2025-07-10 04:00:00,4,0.0,3.7
2025-07-10 05:00:00,5,0.0,3.0
2025-07-10 06:00:00,6,0.0,2.9
2025-07-10 07:00:00,7,0.0,3.0
2025-07-10 08:00:00,8,0.0,3.7
2025-07-10 09:00:00,9,0.0,3.3
2025-07-10 10:00:00,10,41.1,4.3
2025-07-10 11:00:00,11,728.6,5.8
2025-07-10 12:00:00,12,1589.9,6.0
2025-07-10 13:00:00,13,2235.6,4.4
2025-07-10 14:00:00,14,2757.8,5.1
2025-07-10 15:00:00,15,3020.6,4.0
2025-07-10 16:00:00,16,3054.2,3.9
2025-07-10 17:00:00,17,2859.8,3.3
2025-07-10 18:00:00,18,2248.7,3.6
2025-07-10 19:00:00,19,1685.9,3.3
2025-07-10 20:00:00,20,1055.4,3.8
2025-07-10 21:00:00,21,255.5,2.7
2025-07-10 22:00:00,22,0.6,1.6
2025-07-10 23:00:00,23,0.0,1.3
2025-07-11 00:00:00,0,0.0,1.2
2025-07-11 01:00:00,1,0.0,0.7
2025-07-11 02:00:00,2,0.0,0.7
2025-07-11 03:00:00,3,0.0,1.7
2025-07-11 04:00:00,4,0.0,2.7
2025-07-11 05:00:00,5,0.0,2.7
2025-07-11 06:00:00,6,0.0,2.9
2025-07-11 07:00:00,7,0.0,1.7
2025-07-11 08:00:00,8,0.0,2.7
2025-07-11 09:00:00,9,0.0,2.7
2025-07-11 10:00:00,10,44.3,3.2
2025-07-11 11:00:00,11,329.6,4.0
2025-07-11 12:00:00,12,1430.0,4.9
2025-07-11 13:00:00,13,2254.7,4.1
2025-07-11 14:00:00,14,2820.9,4.4
2025-07-11 15:00:00,15,3041.8,4.9
2025-07-11 16:00:00,16,3087.4,4.3
2025-07-11 17:00:00,17,2919.5,3.9
2025-07-11 18:00:00,18,2328.0,5.1
2025-07-11 19:00:00,19,1853.4,4.3
2025-07-11 20:00:00,20,903.1,4.4
2025-07-11 21:00:00,21,102.7,2.7
2025-07-11 22:00:00,22,0.1,4.2
2025-07-11 23:00:00,23,0.0,3.6
2025-07-12 00:00:00,0,0.0,3.2
2025-07-12 01:00:00,1,0.0,4.4
2025-07-12 02:00:00,2,0.0,4.2
2025-07-12 03:00:00,3,0.0,4.2
2025-07-12 04:00:00,4,0.0,3.7
2025-07-12 05:00:00,5,0.0,3.6
2025-07-12 06:00:00,6,0.0,4.9
2025-07-12 07:00:00,7,0.0,4.4
2025-07-12 08:00:00,8,0.0,5.3
2025-07-12 09:00:00,9,0.0,4.7
2025-07-12 10:00:00,10,40.7,4.3
2025-07-12 11:00:00,11,733.6,6.1
2025-07-12 12:00:00,12,1609.2,6.7
2025-07-12 13:00:00,13,2266.6,6.6
2025-07-12 14:00:00,14,2778.0,6.3
2025-07-12 15:00:00,15,3067.6,5.7
2025-07-12 16:00:00,16,3096.5,6.7
2025-07-12 17:00:00,17,2895.5,5.0
2025-07-12 18:00:00,18,2409.5,4.2
2025-07-12 19:00:00,19,1846.8,4.3
2025-07-12 20:00:00,20,1055.5,4.3
2025-07-12 21:00:00,21,266.8,3.7
2025-07-12 22:00:00,22,0.9,2.0
2025-07-12 23:00:00,23,0.0,1.5
2025-07-13 00:00:00,0,0.0,0.7
2025-07-13 01:00:00,1,0.0,0.8
2025-07-13 02:00:00,2,0.0,0.3
2025-07-13 03:00:00,3,0.0,0.5
2025-07-13 04:00:00,4,0.0,0.5
2025-07-13 05:00:00,5,0.0,1.0
2025-07-13 06:00:00,6,0.0,0.5
2025-07-13 07:00:00,7,0.0,1.6
2025-07-13 08:00:00,8,0.0,2.9
2025-07-13 09:00:00,9,0.0,1.0
2025-07-13 10:00:00,10,38.7,1.3
2025-07-13 11:00:00,11,742.5,4.7
2025-07-13 12:00:00,12,1572.6,6.0
2025-07-13 13:00:00,13,2293.1,5.9
2025-07-13 14:00:00,14,2819.6,6.9
2025-07-13 15:00:00,15,3106.2,3.9
2025-07-13 16:00:00,16,3132.9,4.0
2025-07-13 17:00:00,17,2920.5,4.1
2025-07-13 18:00:00,18,2478.2,4.8
2025-07-13 19:00:00,19,1827.9,3.9
2025-07-13 20:00:00,20,1055.7,3.9
2025-07-13 21:00:00,21,270.0,2.4
2025-07-13 22:00:00,22,0.7,1.2
2025-07-13 23:00:00,23,0.0,2.0
2025-07-14 00:00:00,0,0.0,2.3
2025-07-14 01:00:00,1,0.0,1.1
2025-07-14 02:00:00,2,0.0,1.2
2025-07-14 03:00:00,3,0.0,1.0
2025-07-14 04:00:00,4,0.0,0.6
2025-07-14 05:00:00,5,0.0,0.2
2025-07-14 06:00:00,6,0.0,0.7
2025-07-14 07:00:00,7,0.0,2.0
2025-07-14 08:00:00,8,0.0,2.5
2025-07-14 09:00:00,9,0.0,2.9
2025-07-14 10:00:00,10,37.4,2.7
2025-07-14 11:00:00,11,743.8,4.8
2025-07-14 12:00:00,12,1621.2,4.1
2025-07-14 13:00:00,13,2273.0,4.7
2025-07-14 14:00:00,14,2781.6,3.3
2025-07-14 15:00:00,15,3058.7,4.1
2025-07-14 16:00:00,16,2816.1,2.4
2025-07-14 17:00:00,17,2158.7,3.3
2025-07-14 18:00:00,18,2139.5,3.0
2025-07-14 19:00:00,19,1621.0,3.4
2025-07-14 20:00:00,20,936.1,3.9
2025-07-14 21:00:00,21,230.8,2.7
2025-07-14 22:00:00,22,0.8,1.7
2025-07-14 23:00:00,23,0.0,1.2
2025-07-15 00:00:00,0,0.0,1.8
2025-07-15 01:00:00,1,0.0,1.3
2025-07-15 02:00:00,2,0.0,1.6
2025-07-15 03:00:00,3,0.0,2.8
2025-07-15 04:00:00,4,0.0,3.7
2025-07-15 05:00:00,5,0.0,4.7
2025-07-15 06:00:00,6,0.0,3.3
2025-07-15 07:00:00,7,0.0,4.3
2025-07-15 08:00:00,8,0.0,3.6
2025-07-15 09:00:00,9,0.0,3.8
2025-07-15 10:00:00,10,44.1,2.9
2025-07-15 11:00:00,11,727.2,3.7
2025-07-15 12:00:00,12,1597.8,4.6
2025-07-15 13:00:00,13,2259.8,4.1
2025-07-15 14:00:00,14,2767.4,4.2
2025-07-15 15:00:00,15,3063.6,4.3
2025-07-15 16:00:00,16,3090.1,3.2
2025-07-15 17:00:00,17,2878.4,3.4
2025-07-15 18:00:00,18,2450.6,3.0
2025-07-15 19:00:00,19,1807.3,3.3
2025-07-15 20:00:00,20,914.0,2.6
2025-07-15 21:00:00,21,278.9,2.6
2025-07-15 22:00:00,22,0.7,1.0
2025-07-15 23:00:00,23,0.0,0.7
2025-07-16 00:00:00,0,0.0,0.3
2025-07-16 01:00:00,1,0.0,0.4
2025-07-16 02:00:00,2,0.0,3.5
2025-07-16 03:00:00,3,0.0,3.7
2025-07-16 04:00:00,4,0.0,3.5
2025-07-16 05:00:00,5,0.0,2.8
2025-07-16 06:00:00,6,0.0,3.4
2025-07-16 07:00:00,7,0.0,3.5
2025-07-16 08:00:00,8,0.0,3.4
2025-07-16 09:00:00,9,0.0,2.9
2025-07-16 10:00:00,10,41.8,3.0
2025-07-16 11:00:00,11,736.9,4.4
2025-07-16 12:00:00,12,1612.3,5.4
2025-07-16 13:00:00,13,2276.7,4.9
2025-07-16 14:00:00,14,2797.9,6.0
2025-07-16 15:00:00,15,3089.6,4.2
2025-07-16 16:00:00,16,3118.0,4.4
2025-07-16 17:00:00,17,2913.5,3.5
2025-07-16 18:00:00,18,2474.4,2.7
2025-07-16 19:00:00,19,1834.9,3.8
2025-07-16 20:00:00,20,1056.7,3.3
2025-07-16 21:00:00,21,279.3,2.6
2025-07-16 22:00:00,22,0.8,1.4
2025-07-16 23:00:00,23,0.0,1.3
2025-07-17 00:00:00,0,0.0,1.0
2025-07-17 01:00:00,1,0.0,1.2
2025-07-17 02:00:00,2,0.0,1.4
2025-07-17 03:00:00,3,0.0,3.5
2025-07-17 04:00:00,4,0.0,3.6
2025-07-17 05:00:00,5,0.0,2.0
2025-07-17 06:00:00,6,0.0,3.6
2025-07-17 07:00:00,7,0.0,3.9
2025-07-17 08:00:00,8,0.0,3.0
2025-07-17 09:00:00,9,0.0,3.6
2025-07-17 10:00:00,10,38.3,3.7
2025-07-17 11:00:00,11,759.2,4.8
2025-07-17 12:00:00,12,1642.4,4.4
2025-07-17 13:00:00,13,2309.4,5.3
2025-07-17 14:00:00,14,2821.8,5.5
2025-07-17 15:00:00,15,3083.9,3.8
2025-07-17 16:00:00,16,3100.5,4.2
2025-07-17 17:00:00,17,2903.2,3.4
2025-07-17 18:00:00,18,2467.3,4.2
2025-07-17 19:00:00,19,1829.9,3.4
2025-07-17 20:00:00,20,1059.6,2.7
2025-07-17 21:00:00,21,279.2,2.3
2025-07-17 22:00:00,22,0.7,1.5
2025-07-17 23:00:00,23,0.0,1.3
2025-07-18 00:00:00,0,0.0,0.5
2025-07-18 01:00:00,1,0.0,0.5
2025-07-18 02:00:00,2,0.0,0.5
2025-07-18 03:00:00,3,0.0,1.1
2025-07-18 04:00:00,4,0.0,0.8
2025-07-18 05:00:00,5,0.0,0.3
2025-07-18 06:00:00,6,0.0,2.0
2025-07-18 07:00:00,7,0.0,0.3
2025-07-18 08:00:00,8,0.0,0.6
2025-07-18 09:00:00,9,0.0,0.5
2025-07-18 10:00:00,10,40.5,1.4
2025-07-18 11:00:00,11,747.7,3.9
2025-07-18 12:00:00,12,1621.8,4.2
2025-07-18 13:00:00,13,2283.9,3.9
2025-07-18 14:00:00,14,2794.5,3.6
2025-07-18 15:00:00,15,3083.1,2.8
2025-07-18 16:00:00,16,3110.2,2.0
2025-07-18 17:00:00,17,2907.7,3.5
2025-07-18 18:00:00,18,2478.0,2.8
2025-07-18 19:00:00,19,1784.8,2.9
2025-07-18 20:00:00,20,1063.9,2.3
2025-07-18 21:00:00,21,274.3,1.3
2025-07-18 22:00:00,22,0.1,1.0
2025-07-18 23:00:00,23,0.0,1.0
2025-07-19 00:00:00,0,0.0,0.5
2025-07-19 01:00:00,1,0.0,0.4
2025-07-19 02:00:00,2,0.0,1.0
2025-07-19 03:00:00,3,0.0,0.3
2025-07-19 04:00:00,4,0.0,1.2
2025-07-19 05:00:00,5,0.0,0.7
2025-07-19 06:00:00,6,0.0,1.0
2025-07-19 07:00:00,7,0.0,1.1
2025-07-19 08:00:00,8,0.0,1.2
2025-07-19 09:00:00,9,0.0,2.0
2025-07-19 10:00:00,10,37.9,2.3
2025-07-19 11:00:00,11,750.3,2.8
2025-07-19 12:00:00,12,1613.7,3.1
2025-07-19 13:00:00,13,2270.0,3.2
2025-07-19 14:00:00,14,2775.3,4.2
2025-07-19 15:00:00,15,3084.6,3.7
2025-07-19 16:00:00,16,3107.8,3.8
2025-07-19 17:00:00,17,1903.7,3.3
2025-07-19 18:00:00,18,1929.9,2.7
2025-07-19 19:00:00,19,1493.5,2.7
2025-07-19 20:00:00,20,883.9,4.1
2025-07-19 21:00:00,21,284.3,2.5
2025-07-19 22:00:00,22,0.7,0.8
2025-07-19 23:00:00,23,0.0,0.5
2025-07-20 00:00:00,0,0.0,0.3
2025-07-20 01:00:00,1,0.0,0.9
2025-07-20 02:00:00,2,0.0,1.9
2025-07-20 03:00:00,3,0.0,2.9
2025-07-20 04:00:00,4,0.0,1.1
2025-07-20 05:00:00,5,0.0,3.3
2025-07-20 06:00:00,6,0.0,1.2
2025-07-20 07:00:00,7,0.0,2.2
2025-07-20 08:00:00,8,0.0,2.8
2025-07-20 09:00:00,9,0.0,3.3
2025-07-20 10:00:00,10,46.2,3.0
2025-07-20 11:00:00,11,757.2,4.1
2025-07-20 12:00:00,12,1616.1,5.0
2025-07-20 13:00:00,13,2279.9,4.4
2025-07-20 14:00:00,14,2799.6,4.4
2025-07-20 15:00:00,15,3088.7,3.4
2025-07-20 16:00:00,16,3102.5,3.3
2025-07-20 17:00:00,17,2715.8,3.6
2025-07-20 18:00:00,18,2211.9,2.8
2025-07-20 19:00:00,19,1829.0,2.4
2025-07-20 20:00:00,20,910.6,2.7
2025-07-20 21:00:00,21,290.9,2.7
2025-07-20 22:00:00,22,1.1,1.8
2025-07-20 23:00:00,23,0.0,1.7
2025-07-21 00:00:00,0,0.0,1.9
2025-07-21 01:00:00,1,0.0,1.3
2025-07-21 02:00:00,2,0.0,1.7
2025-07-21 03:00:00,3,0.0,1.5
2025-07-21 04:00:00,4,0.0,3.2
2025-07-21 05:00:00,5,0.0,2.2
2025-07-21 06:00:00,6,0.0,1.5
2025-07-21 07:00:00,7,0.0,3.4
2025-07-21 08:00:00,8,0.0,2.4
2025-07-21 09:00:00,9,0.0,3.0
2025-07-21 10:00:00,10,47.8,2.7
2025-07-21 11:00:00,11,625.8,3.2
2025-07-21 12:00:00,12,1661.2,4.4
2025-07-21 13:00:00,13,2293.8,3.8
2025-07-21 14:00:00,14,2806.4,3.7
2025-07-21 15:00:00,15,3100.8,3.5
2025-07-21 16:00:00,16,3125.6,3.3
2025-07-21 17:00:00,17,2939.1,3.3
2025-07-21 18:00:00,18,2241.4,3.3
2025-07-21 19:00:00,19,1605.4,2.7
2025-07-21 20:00:00,20,966.6,2.9
2025-07-21 21:00:00,21,302.8,2.3
2025-07-21 22:00:00,22,1.4,1.3
2025-07-21 23:00:00,23,0.0,0.4
2025-07-22 00:00:00,0,0.0,0.5
2025-07-22 01:00:00,1,0.0,0.5
2025-07-22 02:00:00,2,0.0,0.7
2025-07-22 03:00:00,3,0.0,1.7
2025-07-22 04:00:00,4,0.0,0.8
2025-07-22 05:00:00,5,0.0,2.7
2025-07-22 06:00:00,6,0.0,2.5
2025-07-22 07:00:00,7,0.0,1.1
2025-07-22 08:00:00,8,0.0,2.6
2025-07-22 09:00:00,9,0.0,2.8
2025-07-22 10:00:00,10,40.5,4.0
2025-07-22 11:00:00,11,755.2,4.8
2025-07-22 12:00:00,12,1626.2,4.7
2025-07-22 13:00:00,13,2279.5,4.9
2025-07-22 14:00:00,14,2813.5,3.5
2025-07-22 15:00:00,15,3115.7,3.6
2025-07-22 16:00:00,16,3142.3,2.6
2025-07-22 17:00:00,17,2940.6,2.2
2025-07-22 18:00:00,18,2506.8,3.0
2025-07-22 19:00:00,19,1859.1,2.5
2025-07-22 20:00:00,20,1118.9,3.7
2025-07-22 21:00:00,21,277.3,3.0
2025-07-22 22:00:00,22,1.1,1.5
2025-07-22 23:00:00,23,0.0,1.6
2025-07-23 00:00:00,0,0.0,0.9
2025-07-23 01:00:00,1,0.0,1.1
2025-07-23 02:00:00,2,0.0,0.5
2025-07-23 03:00:00,3,0.0,1.1
2025-07-23 04:00:00,4,0.0,2.9
2025-07-23 05:00:00,5,0.0,2.3
2025-07-23 06:00:00,6,0.0,3.1
2025-07-23 07:00:00,7,0.0,3.6
2025-07-23 08:00:00,8,0.0,2.6
2025-07-23 09:00:00,9,0.0,1.5
2025-07-23 10:00:00,10,40.7,1.5
2025-07-23 11:00:00,11,756.5,4.0
2025-07-23 12:00:00,12,1625.3,4.4
2025-07-23 13:00:00,13,2292.3,4.3
2025-07-23 14:00:00,14,2804.2,3.2
2025-07-23 15:00:00,15,3091.7,3.4
2025-07-23 16:00:00,16,2982.1,3.7
2025-07-23 17:00:00,17,2776.2,3.9
2025-07-23 18:00:00,18,2405.0,2.9
2025-07-23 19:00:00,19,1797.3,4.1
2025-07-23 20:00:00,20,1075.9,3.9
2025-07-23 21:00:00,21,292.0,2.5
2025-07-23 22:00:00,22,0.8,1.8
2025-07-23 23:00:00,23,0.0,0.8
2025-07-24 00:00:00,0,0.0,0.3
2025-07-24 01:00:00,1,0.0,0.7
2025-07-24 02:00:00,2,0.0,1.5
2025-07-24 03:00:00,3,0.0,0.5
2025-07-24 04:00:00,4,0.0,0.2
2025-07-24 05:00:00,5,0.0,0.7
2025-07-24 06:00:00,6,0.0,0.4
2025-07-24 07:00:00,7,0.0,1.7
2025-07-24 08:00:00,8,0.0,1.4
2025-07-24 09:00:00,9,0.0,1.7
2025-07-24 10:00:00,10,40.6,1.2
2025-07-24 11:00:00,11,744.1,4.5
2025-07-24 12:00:00,12,1608.6,5.2
2025-07-24 13:00:00,13,2271.2,4.0
2025-07-24 14:00:00,14,2779.1,3.7
2025-07-24 15:00:00,15,3084.9,4.0
2025-07-24 16:00:00,16,2993.1,4.4
2025-07-24 17:00:00,17,2126.8,3.4
2025-07-24 18:00:00,18,2013.4,3.1
2025-07-24 19:00:00,19,1802.4,2.7
2025-07-24 20:00:00,20,969.5,4.0
2025-07-24 21:00:00,21,258.6,3.3
2025-07-24 22:00:00,22,2.3,2.5
2025-07-24 23:00:00,23,0.0,1.7
2025-07-25 00:00:00,0,0.0,1.1
2025-07-25 01:00:00,1,0.0,0.8
2025-07-25 02:00:00,2,0.0,0.5
2025-07-25 03:00:00,3,0.0,0.7
2025-07-25 04:00:00,4,0.0,2.2
2025-07-25 05:00:00,5,0.0,2.4
2025-07-25 06:00:00,6,0.0,2.2
2025-07-25 07:00:00,7,0.0,4.2
2025-07-25 08:00:00,8,0.0,4.7
2025-07-25 09:00:00,9,0.0,4.5
2025-07-25 10:00:00,10,43.9,4.3
2025-07-25 11:00:00,11,773.0,5.1
2025-07-25 12:00:00,12,1635.4,5.7
2025-07-25 13:00:00,13,2314.2,4.8
2025-07-25 14:00:00,14,2829.5,4.6
2025-07-25 15:00:00,15,3125.7,4.2
2025-07-25 16:00:00,16,3151.8,3.4
2025-07-25 17:00:00,17,2940.7,3.4
2025-07-25 18:00:00,18,2502.0,2.5
2025-07-25 19:00:00,19,1856.7,2.6
2025-07-25 20:00:00,20,1089.9,2.3
2025-07-25 21:00:00,21,293.1,1.8
2025-07-25 22:00:00,22,0.5,0.7
2025-07-25 23:00:00,23,0.0,0.8
2025-07-26 00:00:00,0,0.0,0.4
2025-07-26 01:00:00,1,0.0,0.8
2025-07-26 02:00:00,2,0.0,0.4
2025-07-26 03:00:00,3,0.0,0.9
2025-07-26 04:00:00,4,0.0,0.7
2025-07-26 05:00:00,5,0.0,0.4
2025-07-26 06:00:00,6,0.0,0.2
2025-07-26 07:00:00,7,0.0,0.9
2025-07-26 08:00:00,8,0.0,3.5
2025-07-26 09:00:00,9,0.0,2.7
2025-07-26 10:00:00,10,41.2,3.4
2025-07-26 11:00:00,11,781.5,5.2
2025-07-26 12:00:00,12,1657.5,5.1
2025-07-26 13:00:00,13,2342.0,5.7
2025-07-26 14:00:00,14,2863.0,5.3
2025-07-26 15:00:00,15,3162.2,4.4
2025-07-26 16:00:00,16,3187.1,4.7
2025-07-26 17:00:00,17,2987.0,3.7
2025-07-26 18:00:00,18,2553.5,3.3
2025-07-26 19:00:00,19,1902.1,3.4
2025-07-26 20:00:00,20,1110.7,2.8
2025-07-26 21:00:00,21,302.9,2.3
2025-07-26 22:00:00,22,0.9,1.8
2025-07-26 23:00:00,23,0.0,0.9
2025-07-27 00:00:00,0,0.0,0.8
2025-07-27 01:00:00,1,0.0,0.6
2025-07-27 02:00:00,2,0.0,0.8
2025-07-27 03:00:00,3,0.0,0.3
2025-07-27 04:00:00,4,0.0,0.5
2025-07-27 05:00:00,5,0.0,1.6
2025-07-27 06:00:00,6,0.0,3.7
2025-07-27 07:00:00,7,0.0,3.6
2025-07-27 08:00:00,8,0.0,2.8
2025-07-27 09:00:00,9,0.0,2.5
2025-07-27 10:00:00,10,39.3,2.9
2025-07-27 11:00:00,11,799.3,4.3
2025-07-27 12:00:00,12,1691.8,5.2
2025-07-27 13:00:00,13,2379.3,5.0
2025-07-27 14:00:00,14,2896.1,3.4
2025-07-27 15:00:00,15,3184.6,4.9
2025-07-27 16:00:00,16,3216.0,4.9
2025-07-27 17:00:00,17,3003.3,3.0
2025-07-27 18:00:00,18,2562.2,3.0
2025-07-27 19:00:00,19,1920.8,3.0
2025-07-27 20:00:00,20,1126.8,2.9
2025-07-27 21:00:00,21,307.1,1.8
2025-07-27 22:00:00,22,0.3,0.3
2025-07-27 23:00:00,23,0.0,0.6
2025-07-28 00:00:00,0,0.0,0.5
2025-07-28 01:00:00,1,0.0,0.6
2025-07-28 02:00:00,2,0.0,0.7
2025-07-28 03:00:00,3,0.0,0.8
2025-07-28 04:00:00,4,0.0,1.0
2025-07-28 05:00:00,5,0.0,0.6
2025-07-28 06:00:00,6,0.0,0.7
2025-07-28 07:00:00,7,0.0,0.9
2025-07-28 08:00:00,8,0.0,1.2
2025-07-28 09:00:00,9,0.0,2.1
2025-07-28 10:00:00,10,43.4,2.7
2025-07-28 11:00:00,11,787.3,5.0
2025-07-28 12:00:00,12,1657.4,5.4
2025-07-28 13:00:00,13,2328.1,4.3
2025-07-28 14:00:00,14,2972.6,3.9
2025-07-28 15:00:00,15,3047.3,4.0
2025-07-28 16:00:00,16,2705.9,3.9
2025-07-28 17:00:00,17,2424.1,3.6
2025-07-28 18:00:00,18,1644.4,3.0
2025-07-28 19:00:00,19,744.1,2.4
2025-07-28 20:00:00,20,411.4,2.5
2025-07-28 21:00:00,21,105.3,1.5
2025-07-28 22:00:00,22,0.5,1.1
2025-07-28 23:00:00,23,0.0,0.6
2025-07-29 00:00:00,0,0.0,0.3
2025-07-29 01:00:00,1,0.0,0.4
2025-07-29 02:00:00,2,0.0,0.5
2025-07-29 03:00:00,3,0.0,0.8
2025-07-29 04:00:00,4,0.0,0.3
2025-07-29 05:00:00,5,0.0,0.6
2025-07-29 06:00:00,6,0.0,0.8
2025-07-29 07:00:00,7,0.0,0.2
2025-07-29 08:00:00,8,0.0,1.0
2025-07-29 09:00:00,9,0.0,1.3
2025-07-29 10:00:00,10,66.8,1.9
2025-07-29 11:00:00,11,814.9,4.4
2025-07-29 12:00:00,12,1660.2,4.4
2025-07-29 13:00:00,13,2326.3,3.9
2025-07-29 14:00:00,14,2846.5,3.7
2025-07-29 15:00:00,15,3142.4,3.9
2025-07-29 16:00:00,16,2944.2,2.4
2025-07-29 17:00:00,17,1895.5,2.3
2025-07-29 18:00:00,18,1960.3,3.2
2025-07-29 19:00:00,19,2013.5,4.0
2025-07-29 20:00:00,20,698.0,3.1
2025-07-29 21:00:00,21,315.2,2.4
2025-07-29 22:00:00,22,1.5,1.4
2025-07-29 23:00:00,23,0.0,0.9
2025-07-30 00:00:00,0,0.0,0.6
2025-07-30 01:00:00,1,0.0,0.7
2025-07-30 02:00:00,2,0.0,0.6
2025-07-30 03:00:00,3,0.0,0.4
2025-07-30 04:00:00,4,0.0,0.4
2025-07-30 05:00:00,5,0.0,0.4
2025-07-30 06:00:00,6,0.0,0.6
2025-07-30 07:00:00,7,0.0,0.6
2025-07-30 08:00:00,8,0.0,0.4
2025-07-30 09:00:00,9,0.0,0.4
2025-07-30 10:00:00,10,43.6,0.4
2025-07-30 11:00:00,11,769.5,0.9
2025-07-30 12:00:00,12,1622.9,2.8
2025-07-30 13:00:00,13,2272.4,1.5
2025-07-30 14:00:00,14,2596.8,2.0
2025-07-30 15:00:00,15,2538.8,2.1
2025-07-30 16:00:00,16,2817.6,3.2
2025-07-30 17:00:00,17,2751.2,3.3
2025-07-30 18:00:00,18,2564.6,2.3
2025-07-30 19:00:00,19,1523.7,3.9
2025-07-30 20:00:00,20,977.8,2.0
2025-07-30 21:00:00,21,301.3,2.1
2025-07-30 22:00:00,22,1.1,0.3
2025-07-30 23:00:00,23,0.0,1.0
2025-07-31 00:00:00,0,0.0,0.5
2025-07-31 01:00:00,1,0.0,0.8
2025-07-31 02:00:00,2,0.0,0.5
2025-07-31 03:00:00,3,0.0,1.1
2025-07-31 04:00:00,4,0.0,1.0
2025-07-31 05:00:00,5,0.0,0.7
2025-07-31 06:00:00,6,0.0,0.7
2025-07-31 07:00:00,7,0.0,0.3
2025-07-31 08:00:00,8,0.0,0.5
2025-07-31 09:00:00,9,0.0,0.4
2025-07-31 10:00:00,10,86.9,0.8
2025-07-31 11:00:00,11,588.2,2.0
2025-07-31 12:00:00,12,1388.5,3.5
2025-07-31 13:00:00,13,1928.4,3.7
2025-07-31 14:00:00,14,2333.5,3.9
2025-07-31 15:00:00,15,2742.4,4.0
2025-07-31 16:00:00,16,2899.5,4.1
2025-07-31 17:00:00,17,2903.7,3.7
2025-07-31 18:00:00,18,2054.3,3.2
2025-07-31 19:00:00,19,1155.7,3.3
2025-07-31 20:00:00,20,1119.1,3.2
2025-07-31 21:00:00,21,251.0,3.4
2025-07-31 22:00:00,22,0.7,2.2
2025-07-31 23:00:00,23,0.0,3.3
2025-08-01 00:00:00,0,0.0,2.2
2025-08-01 01:00:00,1,0.0,1.4
2025-08-01 02:00:00,2,0.0,0.6
2025-08-01 03:00:00,3,0.0,1.0
2025-08-01 04:00:00,4,0.0,0.8
2025-08-01 05:00:00,5,0.0,1.1
2025-08-01 06:00:00,6,0.0,0.7
2025-08-01 07:00:00,7,0.0,0.6
2025-08-01 08:00:00,8,0.0,0.7
2025-08-01 09:00:00,9,0.0,1.3
2025-08-01 10:00:00,10,52.4,1.5
2025-08-01 11:00:00,11,603.6,3.7
2025-08-01 12:00:00,12,1614.3,4.5
2025-08-01 13:00:00,13,2281.9,3.9
2025-08-01 14:00:00,14,2682.6,4.4
2025-08-01 15:00:00,15,1898.7,3.8
2025-08-01 16:00:00,16,1618.1,3.7
2025-08-01 17:00:00,17,2443.4,2.9
2025-08-01 18:00:00,18,2193.2,3.4
2025-08-01 19:00:00,19,1784.6,3.3
2025-08-01 20:00:00,20,1158.5,3.5
2025-08-01 21:00:00,21,325.7,2.6
2025-08-01 22:00:00,22,1.2,1.3
2025-08-01 23:00:00,23,0.0,0.8
2025-08-02 00:00:00,0,0.0,0.8
2025-08-02 01:00:00,1,0.0,0.5
2025-08-02 02:00:00,2,0.0,1.4
2025-08-02 03:00:00,3,0.0,2.6
2025-08-02 04:00:00,4,0.0,2.7
2025-08-02 05:00:00,5,0.0,4.6
2025-08-02 06:00:00,6,0.0,4.4
2025-08-02 07:00:00,7,0.0,2.9
2025-08-02 08:00:00,8,0.0,3.0
2025-08-02 09:00:00,9,0.0,3.8
2025-08-02 10:00:00,10,45.6,3.7
2025-08-02 11:00:00,11,808.8,5.3
2025-08-02 12:00:00,12,1696.4,4.6
2025-08-02 13:00:00,13,2361.5,5.2
2025-08-02 14:00:00,14,2871.6,5.6
2025-08-02 15:00:00,15,3217.2,3.6
2025-08-02 16:00:00,16,2884.8,4.6
2025-08-02 17:00:00,17,2667.7,4.2
2025-08-02 18:00:00,18,2240.4,4.0
2025-08-02 19:00:00,19,1659.1,3.7
2025-08-02 20:00:00,20,1052.4,5.1
2025-08-02 21:00:00,21,335.9,3.9
2025-08-02 22:00:00,22,2.1,3.7
2025-08-02 23:00:00,23,0.0,4.6
2025-08-03 00:00:00,0,0.0,4.3
2025-08-03 01:00:00,1,0.0,3.5
2025-08-03 02:00:00,2,0.0,3.5
2025-08-03 03:00:00,3,0.0,4.4
2025-08-03 04:00:00,4,0.0,4.4
2025-08-03 05:00:00,5,0.0,3.9
2025-08-03 06:00:00,6,0.0,3.5
2025-08-03 07:00:00,7,0.0,4.0
2025-08-03 08:00:00,8,0.0,4.5
2025-08-03 09:00:00,9,0.0,4.2
2025-08-03 10:00:00,10,45.8,3.6
2025-08-03 11:00:00,11,812.9,5.4
2025-08-03 12:00:00,12,1692.2,7.0
2025-08-03 13:00:00,13,2368.3,5.0
2025-08-03 14:00:00,14,2876.8,5.1
2025-08-03 15:00:00,15,3166.6,4.5
2025-08-03 16:00:00,16,3119.9,3.9
2025-08-03 17:00:00,17,2618.1,4.6
2025-08-03 18:00:00,18,2077.7,5.4
2025-08-03 19:00:00,19,1684.0,4.2
2025-08-03 20:00:00,20,1121.7,4.7
2025-08-03 21:00:00,21,313.7,3.4
2025-08-03 22:00:00,22,2.3,4.0
2025-08-03 23:00:00,23,0.0,1.7
2025-08-04 00:00:00,0,0.0,1.4
2025-08-04 01:00:00,1,0.0,2.4
2025-08-04 02:00:00,2,0.0,1.1
2025-08-04 03:00:00,3,0.0,1.8
2025-08-04 04:00:00,4,0.0,1.8
2025-08-04 05:00:00,5,0.0,1.1
2025-08-04 06:00:00,6,0.0,1.3
2025-08-04 07:00:00,7,0.0,1.5
2025-08-04 08:00:00,8,0.0,0.6
2025-08-04 09:00:00,9,0.0,0.8
2025-08-04 10:00:00,10,44.9,0.6
2025-08-04 11:00:00,11,821.4,5.2
2025-08-04 12:00:00,12,1693.1,5.3
2025-08-04 13:00:00,13,2239.3,5.2
2025-08-04 14:00:00,14,2885.7,4.9
2025-08-04 15:00:00,15,3377.7,5.4
2025-08-04 16:00:00,16,2820.3,4.7
2025-08-04 17:00:00,17,2921.0,4.3
2025-08-04 18:00:00,18,1685.3,3.5
2025-08-04 19:00:00,19,1445.7,3.5
2025-08-04 20:00:00,20,1088.5,3.9
2025-08-04 21:00:00,21,268.6,4.2
2025-08-04 22:00:00,22,2.8,3.2
2025-08-04 23:00:00,23,0.0,3.4
2025-08-05 00:00:00,0,0.0,2.3
2025-08-05 01:00:00,1,0.0,1.6
2025-08-05 02:00:00,2,0.0,1.4
2025-08-05 03:00:00,3,0.0,1.6
2025-08-05 04:00:00,4,0.0,2.2
2025-08-05 05:00:00,5,0.0,2.4
2025-08-05 06:00:00,6,0.0,3.6
2025-08-05 07:00:00,7,0.0,4.8
2025-08-05 08:00:00,8,0.0,3.8
2025-08-05 09:00:00,9,0.0,3.1
2025-08-05 10:00:00,10,45.4,3.3
2025-08-05 11:00:00,11,805.4,4.7
2025-08-05 12:00:00,12,1671.9,4.4
2025-08-05 13:00:00,13,2353.9,4.4
2025-08-05 14:00:00,14,2862.8,3.9
2025-08-05 15:00:00,15,3155.3,3.9
2025-08-05 16:00:00,16,3192.6,4.6
2025-08-05 17:00:00,17,2974.1,4.2
2025-08-05 18:00:00,18,2548.5,3.8
2025-08-05 19:00:00,19,1911.1,2.7
2025-08-05 20:00:00,20,1111.7,3.1
2025-08-05 21:00:00,21,314.7,3.6
2025-08-05 22:00:00,22,2.2,2.0
2025-08-05 23:00:00,23,0.0,1.5
2025-08-06 00:00:00,0,0.0,0.8
2025-08-06 01:00:00,1,0.0,1.5
2025-08-06 02:00:00,2,0.0,1.9
2025-08-06 03:00:00,3,0.0,1.8
2025-08-06 04:00:00,4,0.0,2.0
2025-08-06 05:00:00,5,0.0,2.1
2025-08-06 06:00:00,6,0.0,2.3
2025-08-06 07:00:00,7,0.0,2.1
2025-08-06 08:00:00,8,0.0,1.0
2025-08-06 09:00:00,9,0.0,0.7
2025-08-06 10:00:00,10,43.4,2.7
2025-08-06 11:00:00,11,817.4,4.9
2025-08-06 12:00:00,12,1536.8,5.0
2025-08-06 13:00:00,13,2255.4,5.2
2025-08-06 14:00:00,14,2863.5,4.9
2025-08-06 15:00:00,15,3106.9,4.0
2025-08-06 16:00:00,16,3167.7,3.0
2025-08-06 17:00:00,17,2935.4,4.4
2025-08-06 18:00:00,18,2482.6,4.3
2025-08-06 19:00:00,19,1668.1,3.4
2025-08-06 20:00:00,20,658.4,4.9
2025-08-06 21:00:00,21,248.3,3.9
2025-08-06 22:00:00,22,2.4,4.5
2025-08-06 23:00:00,23,0.0,3.9
2025-08-07 00:00:00,0,0.0,3.6
2025-08-07 01:00:00,1,0.0,2.1
2025-08-07 02:00:00,2,0.0,1.3
2025-08-07 03:00:00,3,0.0,1.5
2025-08-07 04:00:00,4,0.0,2.5
2025-08-07 05:00:00,5,0.0,2.9
2025-08-07 06:00:00,6,0.0,3.7
2025-08-07 07:00:00,7,0.0,3.5
2025-08-07 08:00:00,8,0.0,2.2
2025-08-07 09:00:00,9,0.0,2.5
2025-08-07 10:00:00,10,49.5,2.7
2025-08-07 11:00:00,11,860.0,4.4
2025-08-07 12:00:00,12,1774.9,3.9
2025-08-07 13:00:00,13,2315.8,4.7
2025-08-07 14:00:00,14,2843.3,3.8
2025-08-07 15:00:00,15,3044.2,3.7
2025-08-07 16:00:00,16,2928.2,5.0
2025-08-07 17:00:00,17,2827.5,3.9
2025-08-07 18:00:00,18,2509.8,3.7
2025-08-07 19:00:00,19,1900.5,4.5
2025-08-07 20:00:00,20,1169.0,4.2
2025-08-07 21:00:00,21,341.6,2.7
2025-08-07 22:00:00,22,0.6,2.5
2025-08-07 23:00:00,23,0.0,2.3
2025-08-08 00:00:00,0,0.0,2.0
2025-08-08 01:00:00,1,0.0,2.2
2025-08-08 02:00:00,2,0.0,1.1
2025-08-08 03:00:00,3,0.0,3.5
2025-08-08 04:00:00,4,0.0,2.4
2025-08-08 05:00:00,5,0.0,1.3
2025-08-08 06:00:00,6,0.0,1.1
2025-08-08 07:00:00,7,0.0,1.4
2025-08-08 08:00:00,8,0.0,1.7
2025-08-08 09:00:00,9,0.0,0.9
2025-08-08 10:00:00,10,48.9,2.4
2025-08-08 11:00:00,11,821.6,4.4
2025-08-08 12:00:00,12,1689.4,3.3
2025-08-08 13:00:00,13,2379.7,4.7
2025-08-08 14:00:00,14,2903.3,4.1
2025-08-08 15:00:00,15,3180.6,4.0
2025-08-08 16:00:00,16,3220.0,4.6
2025-08-08 17:00:00,17,2997.4,5.0
2025-08-08 18:00:00,18,2571.2,3.2
2025-08-08 19:00:00,19,1872.4,4.4
2025-08-08 20:00:00,20,1039.5,3.1
2025-08-08 21:00:00,21,243.5,1.4
2025-08-08 22:00:00,22,0.4,0.5
2025-08-08 23:00:00,23,0.0,1.4
2025-08-09 00:00:00,0,0.0,0.8
2025-08-09 01:00:00,1,0.0,0.4
2025-08-09 02:00:00,2,0.0,0.5
2025-08-09 03:00:00,3,0.0,0.7
2025-08-09 04:00:00,4,0.0,0.5
2025-08-09 05:00:00,5,0.0,0.8
2025-08-09 06:00:00,6,0.0,0.9
2025-08-09 07:00:00,7,0.0,0.3
2025-08-09 08:00:00,8,0.0,0.4
2025-08-09 09:00:00,9,0.0,0.8
2025-08-09 10:00:00,10,49.3,0.8
2025-08-09 11:00:00,11,841.6,0.8
2025-08-09 12:00:00,12,1704.0,2.5
2025-08-09 13:00:00,13,2391.9,1.7
2025-08-09 14:00:00,14,2892.5,1.9
2025-08-09 15:00:00,15,3146.8,3.8
2025-08-09 16:00:00,16,3004.0,2.0
2025-08-09 17:00:00,17,2752.7,3.0
2025-08-09 18:00:00,18,2537.4,2.0
2025-08-09 19:00:00,19,1646.4,2.8
2025-08-09 20:00:00,20,1118.3,1.9
2025-08-09 21:00:00,21,300.9,0.7
2025-08-09 22:00:00,22,0.2,0.6
2025-08-09 23:00:00,23,0.0,0.6
2025-08-10 00:00:00,0,0.0,0.6
2025-08-10 01:00:00,1,0.0,0.6
2025-08-10 02:00:00,2,0.0,0.2
2025-08-10 03:00:00,3,0.0,0.6
2025-08-10 04:00:00,4,0.0,0.5
2025-08-10 05:00:00,5,0.0,0.6
2025-08-10 06:00:00,6,0.1,0.9
2025-08-10 07:00:00,7,0.0,0.4
2025-08-10 08:00:00,8,0.0,0.7
2025-08-10 09:00:00,9,0.0,1.2
2025-08-10 10:00:00,10,64.4,0.7
2025-08-10 11:00:00,11,794.3,0.9
2025-08-10 12:00:00,12,1639.5,1.5
2025-08-10 13:00:00,13,2336.7,1.9
2025-08-10 14:00:00,14,2884.0,1.9
2025-08-10 15:00:00,15,3204.8,1.6
2025-08-10 16:00:00,16,2921.0,1.6
2025-08-10 17:00:00,17,2181.8,2.0
2025-08-10 18:00:00,18,1131.2,1.9
2025-08-10 19:00:00,19,1492.0,2.1
2025-08-10 20:00:00,20,1041.5,1.5
2025-08-10 21:00:00,21,340.1,0.3
2025-08-10 22:00:00,22,6.9,0.5
2025-08-10 23:00:00,23,0.0,0.4
2025-08-11 00:00:00,0,0.0,0.8
2025-08-11 01:00:00,1,0.0,0.4
2025-08-11 02:00:00,2,0.0,0.5
2025-08-11 03:00:00,3,0.0,0.8
2025-08-11 04:00:00,4,0.0,0.7
2025-08-11 05:00:00,5,0.0,1.2
2025-08-11 06:00:00,6,0.0,0.6
2025-08-11 07:00:00,7,0.0,1.0
2025-08-11 08:00:00,8,0.0,1.5
2025-08-11 09:00:00,9,0.0,2.1
2025-08-11 10:00:00,10,46.6,1.9
2025-08-11 11:00:00,11,368.8,2.4
2025-08-11 12:00:00,12,1087.6,2.5
2025-08-11 13:00:00,13,2128.0,1.9
2025-08-11 14:00:00,14,2911.6,2.6
2025-08-11 15:00:00,15,2468.0,2.1
2025-08-11 16:00:00,16,2724.6,2.0
2025-08-11 17:00:00,17,1755.3,1.6
2025-08-11 18:00:00,18,2358.8,1.9
2025-08-11 19:00:00,19,1990.4,3.9
2025-08-11 20:00:00,20,831.7,3.0
2025-08-11 21:00:00,21,155.2,2.3
2025-08-11 22:00:00,22,3.1,1.0
2025-08-11 23:00:00,23,0.0,0.4
2025-08-12 00:00:00,0,0.0,1.1
2025-08-12 01:00:00,1,0.0,0.8
2025-08-12 02:00:00,2,0.0,0.8
2025-08-12 03:00:00,3,0.0,0.5
2025-08-12 04:00:00,4,0.0,0.6
2025-08-12 05:00:00,5,0.0,0.6
2025-08-12 06:00:00,6,0.0,0.6
2025-08-12 07:00:00,7,0.0,0.9
2025-08-12 08:00:00,8,0.0,0.7
2025-08-12 09:00:00,9,0.0,0.3
2025-08-12 10:00:00,10,60.1,0.6
2025-08-12 11:00:00,11,875.1,0.6
2025-08-12 12:00:00,12,1634.6,1.8
2025-08-12 13:00:00,13,2186.6,1.8
2025-08-12 14:00:00,14,1270.5,1.2
2025-08-12 15:00:00,15,2070.0,1.6
2025-08-12 16:00:00,16,2667.9,3.0
2025-08-12 17:00:00,17,2413.3,2.0
2025-08-12 18:00:00,18,2038.7,2.2
2025-08-12 19:00:00,19,1850.1,2.4
2025-08-12 20:00:00,20,995.5,2.7
2025-08-12 21:00:00,21,313.5,1.8
2025-08-12 22:00:00,22,0.5,1.0
2025-08-12 23:00:00,23,0.0,0.5
2025-08-13 00:00:00,0,0.0,0.6
2025-08-13 01:00:00,1,0.0,0.4
2025-08-13 02:00:00,2,0.0,0.7
2025-08-13 03:00:00,3,0.0,1.0
2025-08-13 04:00:00,4,0.0,1.1
2025-08-13 05:00:00,5,0.0,1.8
2025-08-13 06:00:00,6,0.0,0.9
2025-08-13 07:00:00,7,0.0,0.7
2025-08-13 08:00:00,8,0.0,0.3
2025-08-13 09:00:00,9,0.0,1.9
2025-08-13 10:00:00,10,91.7,0.5
2025-08-13 11:00:00,11,991.2,2.6
2025-08-13 12:00:00,12,1564.2,3.2
2025-08-13 13:00:00,13,1567.9,2.4
2025-08-13 14:00:00,14,2381.9,3.1
2025-08-13 15:00:00,15,2640.8,2.9
2025-08-13 16:00:00,16,3292.1,3.7
2025-08-13 17:00:00,17,3013.3,2.9
2025-08-13 18:00:00,18,2073.1,3.0
2025-08-13 19:00:00,19,1831.6,2.9
2025-08-13 20:00:00,20,1076.6,2.7
2025-08-13 21:00:00,21,322.1,2.5
2025-08-13 22:00:00,22,1.2,1.2
2025-08-13 23:00:00,23,0.0,0.9
2025-08-14 00:00:00,0,0.0,0.3
2025-08-14 01:00:00,1,0.0,0.4
2025-08-14 02:00:00,2,0.0,0.5
2025-08-14 03:00:00,3,0.0,0.7
2025-08-14 04:00:00,4,0.0,0.4
2025-08-14 05:00:00,5,0.0,0.7
2025-08-14 06:00:00,6,0.0,0.6
2025-08-14 07:00:00,7,0.0,0.7
2025-08-14 08:00:00,8,0.0,0.5
2025-08-14 09:00:00,9,,
2025-08-14 10:00:00,10,,
2025-08-14 11:00:00,11,,
2025-08-14 12:00:00,12,1316.1,3.6
2025-08-14 13:00:00,13,3359.2,4.6
2025-08-14 14:00:00,14,3093.9,3.8
2025-08-14 15:00:00,15,3282.9,4.4
2025-08-14 16:00:00,16,3225.4,3.3
2025-08-14 17:00:00,17,2933.8,3.3
2025-08-14 18:00:00,18,2403.2,3.0
2025-08-14 19:00:00,19,1694.8,3.6
2025-08-14 20:00:00,20,868.3,2.7
2025-08-14 21:00:00,21,139.4,1.8
2025-08-14 22:00:00,22,0.0,1.1
2025-08-14 23:00:00,23,0.0,2.2
2025-08-15 00:00:00,0,0.0,0.8
2025-08-15 01:00:00,1,0.0,1.0
2025-08-15 02:00:00,2,0.0,0.5
2025-08-15 03:00:00,3,0.0,0.5
2025-08-15 04:00:00,4,0.0,1.4
2025-08-15 05:00:00,5,0.0,1.3
2025-08-15 06:00:00,6,0.0,2.7
2025-08-15 07:00:00,7,0.0,2.3
2025-08-15 08:00:00,8,0.0,2.4
2025-08-15 09:00:00,9,0.7,1.4
2025-08-15 10:00:00,10,230.7,2.3
2025-08-15 11:00:00,11,1217.2,4.3
2025-08-15 12:00:00,12,2025.6,4.5
2025-08-15 13:00:00,13,2664.5,4.0
2025-08-15 14:00:00,14,3093.4,4.9
2025-08-15 15:00:00,15,3272.0,3.5
2025-08-15 16:00:00,16,3183.5,3.4
2025-08-15 17:00:00,17,2844.1,3.7
2025-08-15 18:00:00,18,2447.2,3.7
2025-08-15 19:00:00,19,1674.9,3.1
2025-08-15 20:00:00,20,873.5,4.0
2025-08-15 21:00:00,21,142.9,2.9
2025-08-15 22:00:00,22,0.0,3.7
2025-08-15 23:00:00,23,0.0,2.8
2025-08-16 00:00:00,0,0.0,3.0
2025-08-16 01:00:00,1,0.0,1.8
2025-08-16 02:00:00,2,0.0,1.3
2025-08-16 03:00:00,3,0.0,2.1
2025-08-16 04:00:00,4,0.0,2.7
2025-08-16 05:00:00,5,0.0,4.6
2025-08-16 06:00:00,6,0.0,3.5
2025-08-16 07:00:00,7,0.0,3.3
2025-08-16 08:00:00,8,0.0,4.8
2025-08-16 09:00:00,9,0.6,4.6
2025-08-16 10:00:00,10,,
2025-08-16 11:00:00,11,,
2025-08-16 12:00:00,12,1029.2,5.1
2025-08-16 13:00:00,13,2612.7,5.3
2025-08-16 14:00:00,14,3069.3,5.8
2025-08-16 15:00:00,15,3273.3,4.0
2025-08-16 16:00:00,16,3212.2,3.7
2025-08-16 17:00:00,17,2904.2,3.6
2025-08-16 18:00:00,18,2296.9,2.8
2025-08-16 19:00:00,19,1780.8,4.1
2025-08-16 20:00:00,20,921.1,3.1
2025-08-16 21:00:00,21,112.6,2.3
2025-08-16 22:00:00,22,0.0,0.8
2025-08-16 23:00:00,23,0.0,0.5
2025-08-17 00:00:00,0,0.0,0.2
2025-08-17 01:00:00,1,0.0,0.7
2025-08-17 02:00:00,2,0.0,0.8
2025-08-17 03:00:00,3,0.0,2.4
2025-08-17 04:00:00,4,0.0,2.1
2025-08-17 05:00:00,5,0.0,2.2
2025-08-17 06:00:00,6,0.0,3.0
2025-08-17 07:00:00,7,0.0,3.6
2025-08-17 08:00:00,8,0.0,4.8
2025-08-17 09:00:00,9,1.0,4.4
2025-08-17 10:00:00,10,254.0,4.3
2025-08-17 11:00:00,11,1238.1,6.2
2025-08-17 12:00:00,12,2049.6,5.1
2025-08-17 13:00:00,13,2689.7,5.1
2025-08-17 14:00:00,14,3114.4,4.1
2025-08-17 15:00:00,15,3297.7,5.0
2025-08-17 16:00:00,16,3243.2,4.4
2025-08-17 17:00:00,17,2947.8,4.7
2025-08-17 18:00:00,18,2423.2,3.5
2025-08-17 19:00:00,19,1702.6,3.7
2025-08-17 20:00:00,20,871.1,3.6
2025-08-17 21:00:00,21,139.2,1.8
2025-08-17 22:00:00,22,0.0,1.4
2025-08-17 23:00:00,23,0.0,1.1
2025-08-18 00:00:00,0,0.0,0.6
2025-08-18 01:00:00,1,0.0,0.9
2025-08-18 02:00:00,2,0.0,1.7
2025-08-18 03:00:00,3,0.0,1.0
2025-08-18 04:00:00,4,0.0,0.7
2025-08-18 05:00:00,5,0.0,3.6
2025-08-18 06:00:00,6,0.0,2.9
2025-08-18 07:00:00,7,0.0,3.0
2025-08-18 08:00:00,8,0.0,2.8
2025-08-18 09:00:00,9,,
2025-08-18 10:00:00,10,,
2025-08-18 11:00:00,11,,
2025-08-18 12:00:00,12,1774.2,6.1
2025-08-18 13:00:00,13,2706.3,4.4
2025-08-18 14:00:00,14,3137.0,4.3
2025-08-18 15:00:00,15,3316.5,3.5
2025-08-18 16:00:00,16,3257.7,3.0
2025-08-18 17:00:00,17,2957.0,2.5
2025-08-18 18:00:00,18,2440.3,3.9
2025-08-18 19:00:00,19,1725.3,3.6
2025-08-18 20:00:00,20,892.4,3.9
2025-08-18 21:00:00,21,140.9,1.8
2025-08-18 22:00:00,22,0.0,1.8
2025-08-18 23:00:00,23,0.0,1.5
2025-08-19 00:00:00,0,0.0,0.8
2025-08-19 01:00:00,1,0.0,1.2
2025-08-19 02:00:00,2,0.0,2.5
2025-08-19 03:00:00,3,0.0,2.9
2025-08-19 04:00:00,4,0.0,5.7
2025-08-19 05:00:00,5,0.0,3.9
2025-08-19 06:00:00,6,0.0,5.4
2025-08-19 07:00:00,7,0.0,3.9
2025-08-19 08:00:00,8,0.0,3.4
2025-08-19 09:00:00,9,1.5,5.2
2025-08-19 10:00:00,10,277.8,5.0
2025-08-19 11:00:00,11,1297.0,6.7
2025-08-19 12:00:00,12,2105.7,6.6
2025-08-19 13:00:00,13,2734.5,6.3
2025-08-19 14:00:00,14,3155.5,5.2
2025-08-19 15:00:00,15,3287.3,5.1
2025-08-19 16:00:00,16,3262.1,5.3
2025-08-19 17:00:00,17,2591.1,5.6
2025-08-19 18:00:00,18,2246.3,4.5
2025-08-19 19:00:00,19,1785.0,5.0
2025-08-19 20:00:00,20,896.1,4.4
2025-08-19 21:00:00,21,151.9,3.6
2025-08-19 22:00:00,22,0.0,3.2
2025-08-19 23:00:00,23,0.0,2.1
2025-08-20 00:00:00,0,0.0,2.2
2025-08-20 01:00:00,1,0.0,2.4
2025-08-20 02:00:00,2,0.0,2.7
2025-08-20 03:00:00,3,0.0,3.4
2025-08-20 04:00:00,4,0.0,3.4
2025-08-20 05:00:00,5,0.0,2.6
2025-08-20 06:00:00,6,0.0,3.2
2025-08-20 07:00:00,7,0.0,3.1
2025-08-20 08:00:00,8,0.0,3.3
2025-08-20 09:00:00,9,,
2025-08-20 10:00:00,10,,
2025-08-20 11:00:00,11,,
2025-08-20 12:00:00,12,1901.4,6.2
2025-08-20 13:00:00,13,2751.0,5.2
2025-08-20 14:00:00,14,3168.6,4.7
2025-08-20 15:00:00,15,3334.3,3.3
2025-08-20 16:00:00,16,3223.4,3.3
2025-08-20 17:00:00,17,2956.8,3.4
2025-08-20 18:00:00,18,2419.6,2.4
2025-08-20 19:00:00,19,1710.8,3.5
2025-08-20 20:00:00,20,861.6,2.4
2025-08-20 21:00:00,21,132.1,2.0
2025-08-20 22:00:00,22,0.0,1.6
2025-08-20 23:00:00,23,0.0,1.4
2025-08-21 00:00:00,0,0.0,0.8
2025-08-21 01:00:00,1,0.0,0.6
2025-08-21 02:00:00,2,0.0,0.4
2025-08-21 03:00:00,3,0.0,0.6
2025-08-21 04:00:00,4,0.0,0.7
2025-08-21 05:00:00,5,0.0,2.1
2025-08-21 06:00:00,6,0.0,3.2
2025-08-21 07:00:00,7,0.0,3.4
2025-08-21 08:00:00,8,,
2025-08-21 09:00:00,9,,
2025-08-21 10:00:00,10,,
2025-08-21 11:00:00,11,,
2025-08-21 12:00:00,12,1722.9,4.9
2025-08-21 13:00:00,13,2720.6,4.9
2025-08-21 14:00:00,14,3148.1,4.6
2025-08-21 15:00:00,15,3319.6,3.9
2025-08-21 16:00:00,16,3245.8,3.8
2025-08-21 17:00:00,17,2748.7,3.4
2025-08-21 18:00:00,18,2413.6,3.3
2025-08-21 19:00:00,19,1713.3,3.0
2025-08-21 20:00:00,20,849.4,3.1
2025-08-21 21:00:00,21,46.7,2.0
2025-08-21 22:00:00,22,0.0,2.2
2025-08-21 23:00:00,23,0.0,2.5
2025-08-22 00:00:00,0,0.0,2.6
2025-08-22 01:00:00,1,0.0,2.0
2025-08-22 02:00:00,2,0.0,3.2
2025-08-22 03:00:00,3,0.0,3.3
2025-08-22 04:00:00,4,0.0,2.4
2025-08-22 05:00:00,5,0.0,3.6
2025-08-22 06:00:00,6,0.0,5.0
2025-08-22 07:00:00,7,0.0,4.4
2025-08-22 08:00:00,8,,
2025-08-22 09:00:00,9,,
2025-08-22 10:00:00,10,,
2025-08-22 11:00:00,11,,
2025-08-22 12:00:00,12,1725.3,4.3
2025-08-22 13:00:00,13,2666.1,4.7
2025-08-22 14:00:00,14,2970.6,3.3
2025-08-22 15:00:00,15,3013.5,4.8
2025-08-22 16:00:00,16,3299.3,4.5
2025-08-22 17:00:00,17,2522.4,4.8
2025-08-22 18:00:00,18,2485.2,4.7
2025-08-22 19:00:00,19,1745.9,4.6
2025-08-22 20:00:00,20,906.6,4.4
2025-08-22 21:00:00,21,140.2,4.3
2025-08-22 22:00:00,22,0.0,3.9
2025-08-22 23:00:00,23,0.0,3.1
2025-08-23 00:00:00,0,0.0,3.0
2025-08-23 01:00:00,1,0.0,3.5
2025-08-23 02:00:00,2,0.0,3.9
2025-08-23 03:00:00,3,0.0,2.8
2025-08-23 04:00:00,4,0.0,2.7
2025-08-23 05:00:00,5,0.0,2.6
2025-08-23 06:00:00,6,0.0,3.8
2025-08-23 07:00:00,7,,
2025-08-23 08:00:00,8,,
2025-08-23 09:00:00,9,,
2025-08-23 10:00:00,10,,
2025-08-23 11:00:00,11,,
2025-08-23 12:00:00,12,1701.2,5.4
2025-08-23 13:00:00,13,2773.2,5.6
2025-08-23 14:00:00,14,3180.7,5.1
2025-08-23 15:00:00,15,3342.2,5.1
2025-08-23 16:00:00,16,3271.4,4.4
2025-08-23 17:00:00,17,2963.1,4.1
2025-08-23 18:00:00,18,2443.4,4.0
2025-08-23 19:00:00,19,1732.7,4.0
2025-08-23 20:00:00,20,877.9,3.6
2025-08-23 21:00:00,21,134.1,2.8
2025-08-23 22:00:00,22,0.0,1.5
2025-08-23 23:00:00,23,0.0,1.9
2025-08-24 00:00:00,0,0.0,0.8
2025-08-24 01:00:00,1,0.0,0.5
2025-08-24 02:00:00,2,0.0,0.7
2025-08-24 03:00:00,3,0.0,0.8
2025-08-24 04:00:00,4,0.0,0.4
2025-08-24 05:00:00,5,0.0,0.9
2025-08-24 06:00:00,6,,
2025-08-24 07:00:00,7,,
2025-08-24 08:00:00,8,,
2025-08-24 09:00:00,9,,
2025-08-24 10:00:00,10,,
2025-08-24 11:00:00,11,,
2025-08-24 12:00:00,12,2083.3,4.9
2025-08-24 13:00:00,13,2746.2,4.5
2025-08-24 14:00:00,14,3158.2,4.8
2025-08-24 15:00:00,15,3328.5,4.3
2025-08-24 16:00:00,16,3159.6,3.0
2025-08-24 17:00:00,17,2947.6,2.5
2025-08-24 18:00:00,18,2422.4,2.4
2025-08-24 19:00:00,19,1618.1,2.3
2025-08-24 20:00:00,20,879.9,2.7
2025-08-24 21:00:00,21,123.1,2.4
2025-08-24 22:00:00,22,0.0,1.4
2025-08-24 23:00:00,23,0.0,2.1
2025-08-25 00:00:00,0,0.0,1.2
2025-08-25 01:00:00,1,0.0,2.9
2025-08-25 02:00:00,2,0.0,1.0
2025-08-25 03:00:00,3,0.0,0.4
2025-08-25 04:00:00,4,0.0,0.8
2025-08-25 05:00:00,5,0.0,1.7
2025-08-25 06:00:00,6,,
2025-08-25 07:00:00,7,,
2025-08-25 08:00:00,8,,
2025-08-25 09:00:00,9,,
2025-08-25 10:00:00,10,,
2025-08-25 11:00:00,11,,
2025-08-25 12:00:00,12,1771.2,5.1
2025-08-25 13:00:00,13,2742.4,5.6
2025-08-25 14:00:00,14,3147.5,3.7
2025-08-25 15:00:00,15,3309.8,4.2
2025-08-25 16:00:00,16,3243.7,3.6
2025-08-25 17:00:00,17,2894.0,3.7
2025-08-25 18:00:00,18,2510.7,4.1
2025-08-25 19:00:00,19,1459.1,4.8
2025-08-25 20:00:00,20,702.1,3.0
2025-08-25 21:00:00,21,120.9,2.7
2025-08-25 22:00:00,22,0.0,1.8
2025-08-25 23:00:00,23,0.0,1.5
2025-08-26 00:00:00,0,0.0,1.3
2025-08-26 01:00:00,1,0.0,0.4
2025-08-26 02:00:00,2,0.0,0.8
2025-08-26 03:00:00,3,0.0,0.7
2025-08-26 04:00:00,4,0.0,0.3
2025-08-26 05:00:00,5,0.0,2.2
2025-08-26 06:00:00,6,0.0,2.7
2025-08-26 07:00:00,7,0.0,2.8
2025-08-26 08:00:00,8,0.0,3.1
2025-08-26 09:00:00,9,,
2025-08-26 10:00:00,10,,
2025-08-26 11:00:00,11,,
2025-08-26 12:00:00,12,1996.1,5.2
2025-08-26 13:00:00,13,2770.4,4.7
2025-08-26 14:00:00,14,3174.7,5.3
2025-08-26 15:00:00,15,3331.3,4.5
2025-08-26 16:00:00,16,3249.4,3.8
2025-08-26 17:00:00,17,2813.9,2.7
2025-08-26 18:00:00,18,2260.2,3.5
2025-08-26 19:00:00,19,1483.1,3.4
2025-08-26 20:00:00,20,850.8,2.6
2025-08-26 21:00:00,21,118.4,1.8
2025-08-26 22:00:00,22,0.0,1.6
2025-08-26 23:00:00,23,0.0,2.1
2025-08-27 00:00:00,0,0.0,0.7
2025-08-27 01:00:00,1,0.0,0.8
2025-08-27 02:00:00,2,0.0,0.6
2025-08-27 03:00:00,3,0.0,0.5
2025-08-27 04:00:00,4,,
2025-08-27 05:00:00,5,,
2025-08-27 06:00:00,6,,
2025-08-27 07:00:00,7,,
2025-08-27 08:00:00,8,,
2025-08-27 09:00:00,9,,
2025-08-27 10:00:00,10,,
2025-08-27 11:00:00,11,,
2025-08-27 12:00:00,12,2108.6,3.9
2025-08-27 13:00:00,13,2751.5,5.0
2025-08-27 14:00:00,14,3148.7,3.8
2025-08-27 15:00:00,15,3306.5,3.4
2025-08-27 16:00:00,16,3254.9,3.0
2025-08-27 17:00:00,17,2993.7,3.7
2025-08-27 18:00:00,18,2491.3,3.8
2025-08-27 19:00:00,19,1670.6,3.1
2025-08-27 20:00:00,20,855.3,3.9
2025-08-27 21:00:00,21,118.2,2.1
2025-08-27 22:00:00,22,0.0,1.6
2025-08-27 23:00:00,23,0.0,1.7
2025-08-28 00:00:00,0,0.0,0.5
2025-08-28 01:00:00,1,0.0,0.6
2025-08-28 02:00:00,2,0.0,1.8
2025-08-28 03:00:00,3,0.0,4.1
2025-08-28 04:00:00,4,0.0,3.4
2025-08-28 05:00:00,5,0.0,4.0
2025-08-28 06:00:00,6,0.0,4.1
2025-08-28 07:00:00,7,0.0,4.0
2025-08-28 08:00:00,8,0.0,3.5
2025-08-28 09:00:00,9,,
2025-08-28 10:00:00,10,,
2025-08-28 11:00:00,11,,
2025-08-28 12:00:00,12,2033.0,5.3
2025-08-28 13:00:00,13,2795.5,5.8
2025-08-28 14:00:00,14,3207.1,5.9
2025-08-28 15:00:00,15,3374.7,5.8
2025-08-28 16:00:00,16,3299.7,5.4
2025-08-28 17:00:00,17,3001.1,5.2
2025-08-28 18:00:00,18,2469.2,4.6
2025-08-28 19:00:00,19,1758.1,3.8
2025-08-28 20:00:00,20,906.3,3.7
2025-08-28 21:00:00,21,118.5,2.5
2025-08-28 22:00:00,22,0.0,1.2
2025-08-28 23:00:00,23,0.0,0.4
2025-08-29 00:00:00,0,0.0,0.6
2025-08-29 01:00:00,1,0.0,0.5
2025-08-29 02:00:00,2,0.0,1.4
2025-08-29 03:00:00,3,0.0,0.9
2025-08-29 04:00:00,4,,
2025-08-29 05:00:00,5,,
2025-08-29 06:00:00,6,,
2025-08-29 07:00:00,7,,
2025-08-29 08:00:00,8,,
2025-08-29 09:00:00,9,,
2025-08-29 10:00:00,10,,
2025-08-29 11:00:00,11,119.1,
2025-08-29 12:00:00,12,2197.5,5.3
2025-08-29 13:00:00,13,2829.6,4.3
2025-08-29 14:00:00,14,3217.6,3.7
2025-08-29 15:00:00,15,3366.8,3.3
2025-08-29 16:00:00,16,3295.5,3.2
2025-08-29 17:00:00,17,2991.5,4.2
2025-08-29 18:00:00,18,2466.0,2.8
2025-08-29 19:00:00,19,1737.3,2.8
2025-08-29 20:00:00,20,888.9,2.6
2025-08-29 21:00:00,21,113.6,1.9
2025-08-29 22:00:00,22,0.0,1.1
2025-08-29 23:00:00,23,0.0,2.4
2025-08-30 00:00:00,0,0.0,3.0
2025-08-30 01:00:00,1,0.0,3.2
2025-08-30 02:00:00,2,0.0,2.8
2025-08-30 03:00:00,3,0.0,2.6
2025-08-30 04:00:00,4,0.0,2.1
2025-08-30 05:00:00,5,0.0,3.4
2025-08-30 06:00:00,6,0.0,4.2
2025-08-30 07:00:00,7,0.0,3.8
2025-08-30 08:00:00,8,0.0,3.7
2025-08-30 09:00:00,9,4.7,2.4
2025-08-30 10:00:00,10,345.7,3.2
2025-08-30 11:00:00,11,1331.7,4.7
2025-08-30 12:00:00,12,2130.9,4.0
2025-08-30 13:00:00,13,2803.8,5.1
2025-08-30 14:00:00,14,3188.6,4.9
2025-08-30 15:00:00,15,3351.2,5.5
2025-08-30 16:00:00,16,3279.1,3.9
2025-08-30 17:00:00,17,2971.4,3.5
2025-08-30 18:00:00,18,2432.7,2.7
2025-08-30 19:00:00,19,1696.0,3.8
2025-08-30 20:00:00,20,863.0,2.8
2025-08-30 21:00:00,21,106.1,1.6
2025-08-30 22:00:00,22,0.0,0.3
2025-08-30 23:00:00,23,0.0,0.7
2025-08-31 00:00:00,0,0.0,0.9
2025-08-31 01:00:00,1,0.0,0.9
2025-08-31 02:00:00,2,0.0,0.7
2025-08-31 03:00:00,3,0.0,0.4
2025-08-31 04:00:00,4,0.0,0.3
2025-08-31 05:00:00,5,0.0,0.5
2025-08-31 06:00:00,6,0.0,1.3
2025-08-31 07:00:00,7,0.0,3.1
2025-08-31 08:00:00,8,0.0,3.0
2025-08-31 09:00:00,9,3.6,1.9
2025-08-31 10:00:00,10,358.6,2.8
2025-08-31 11:00:00,11,1255.3,4.9
2025-08-31 12:00:00,12,2138.9,5.7
2025-08-31 13:00:00,13,2798.9,4.6
2025-08-31 14:00:00,14,3144.6,4.1
2025-08-31 15:00:00,15,3420.3,3.5
2025-08-31 16:00:00,16,3406.9,2.6
2025-08-31 17:00:00,17,2580.6,4.6
2025-08-31 18:00:00,18,2474.7,3.0
2025-08-31 19:00:00,19,1742.5,3.1
2025-08-31 20:00:00,20,813.9,2.9
2025-08-31 21:00:00,21,112.5,2.0
2025-08-31 22:00:00,22,0.0,1.1
2025-08-31 23:00:00,23,0.0,0.4
2025-09-01 00:00:00,0,0.0,0.9
2025-09-01 01:00:00,1,0.0,2.2
2025-09-01 02:00:00,2,0.0,0.6
2025-09-01 03:00:00,3,0.0,1.2
2025-09-01 04:00:00,4,0.0,2.9
2025-09-01 05:00:00,5,0.0,3.9
2025-09-01 06:00:00,6,0.0,4.5
2025-09-01 07:00:00,7,0.0,3.2
2025-09-01 08:00:00,8,0.0,5.2
2025-09-01 09:00:00,9,3.7,4.1
2025-09-01 10:00:00,10,345.3,3.9
2025-09-01 11:00:00,11,1376.9,5.3
2025-09-01 12:00:00,12,2210.4,6.4
2025-09-01 13:00:00,13,2663.3,5.2
2025-09-01 14:00:00,14,3230.5,5.6
2025-09-01 15:00:00,15,3199.2,5.0
2025-09-01 16:00:00,16,3163.1,4.8
2025-09-01 17:00:00,17,2588.6,4.2
2025-09-01 18:00:00,18,2034.3,5.5
2025-09-01 19:00:00,19,1213.3,5.2
2025-09-01 20:00:00,20,946.5,4.5
2025-09-01 21:00:00,21,61.5,3.4
2025-09-01 22:00:00,22,0.0,2.3
2025-09-01 23:00:00,23,0.0,1.5
2025-09-02 00:00:00,0,0.0,1.2
2025-09-02 01:00:00,1,0.0,2.0
2025-09-02 02:00:00,2,0.0,1.5
2025-09-02 03:00:00,3,0.0,1.6
2025-09-02 04:00:00,4,0.0,2.0
2025-09-02 05:00:00,5,0.0,3.6
2025-09-02 06:00:00,6,0.0,3.0
2025-09-02 07:00:00,7,0.0,4.6
2025-09-02 08:00:00,8,0.0,4.7
2025-09-02 09:00:00,9,4.6,4.2
2025-09-02 10:00:00,10,329.2,6.2
2025-09-02 11:00:00,11,1391.2,8.2
2025-09-02 12:00:00,12,2171.6,5.9
2025-09-02 13:00:00,13,2868.5,6.1
2025-09-02 14:00:00,14,3066.2,6.2
2025-09-02 15:00:00,15,3374.5,5.4
2025-09-02 16:00:00,16,3319.4,5.4
2025-09-02 17:00:00,17,2961.1,4.7
2025-09-02 18:00:00,18,2073.0,4.3
2025-09-02 19:00:00,19,1684.0,5.2
2025-09-02 20:00:00,20,875.7,3.3
2025-09-02 21:00:00,21,119.6,3.6
2025-09-02 22:00:00,22,0.0,3.7
2025-09-02 23:00:00,23,0.0,2.7
2025-09-03 00:00:00,0,0.0,1.4
2025-09-03 01:00:00,1,0.0,1.6
2025-09-03 02:00:00,2,0.0,0.4
2025-09-03 03:00:00,3,0.0,3.2
2025-09-03 04:00:00,4,0.0,3.8
2025-09-03 05:00:00,5,0.0,5.0
2025-09-03 06:00:00,6,0.0,4.9
2025-09-03 07:00:00,7,0.0,4.1
2025-09-03 08:00:00,8,0.0,3.7
2025-09-03 09:00:00,9,4.9,4.1
2025-09-03 10:00:00,10,324.4,5.5
2025-09-03 11:00:00,11,1400.7,6.4
2025-09-03 12:00:00,12,2240.5,5.9
2025-09-03 13:00:00,13,2883.5,6.2
2025-09-03 14:00:00,14,3263.2,6.2
2025-09-03 15:00:00,15,3400.9,5.1
2025-09-03 16:00:00,16,3327.7,5.0
2025-09-03 17:00:00,17,3010.8,4.9
2025-09-03 18:00:00,18,2479.5,5.1
2025-09-03 19:00:00,19,1664.8,4.8
2025-09-03 20:00:00,20,766.5,4.4
2025-09-03 21:00:00,21,145.0,4.3
2025-09-03 22:00:00,22,0.0,2.4
2025-09-03 23:00:00,23,0.0,1.6
2025-09-04 00:00:00,0,0.0,2.7
2025-09-04 01:00:00,1,0.0,3.2
2025-09-04 02:00:00,2,0.0,3.0
2025-09-04 03:00:00,3,0.0,2.0
2025-09-04 04:00:00,4,0.0,2.3
2025-09-04 05:00:00,5,0.0,1.7
2025-09-04 06:00:00,6,0.0,3.1
2025-09-04 07:00:00,7,0.0,3.7
2025-09-04 08:00:00,8,0.0,4.2
2025-09-04 09:00:00,9,5.4,3.8
2025-09-04 10:00:00,10,313.0,4.2
2025-09-04 11:00:00,11,1355.3,6.4
2025-09-04 12:00:00,12,2191.9,7.4
2025-09-04 13:00:00,13,2823.3,6.4
2025-09-04 14:00:00,14,3229.5,5.6
2025-09-04 15:00:00,15,3418.4,6.2
2025-09-04 16:00:00,16,3060.5,5.4
2025-09-04 17:00:00,17,2864.1,5.4
2025-09-04 18:00:00,18,2447.9,5.5
2025-09-04 19:00:00,19,1584.3,4.1
2025-09-04 20:00:00,20,800.9,4.7
2025-09-04 21:00:00,21,127.2,3.9
2025-09-04 22:00:00,22,0.0,2.8
2025-09-04 23:00:00,23,0.0,2.6
2025-09-05 00:00:00,0,0.0,4.3
2025-09-05 01:00:00,1,0.0,5.2
2025-09-05 02:00:00,2,0.0,3.9
2025-09-05 03:00:00,3,0.0,3.3
2025-09-05 04:00:00,4,0.0,4.0
2025-09-05 05:00:00,5,0.0,3.4
2025-09-05 06:00:00,6,0.0,3.1
2025-09-05 07:00:00,7,0.0,4.0
2025-09-05 08:00:00,8,0.0,3.7
2025-09-05 09:00:00,9,4.9,3.5
2025-09-05 10:00:00,10,288.9,4.2
2025-09-05 11:00:00,11,1253.3,5.8
2025-09-05 12:00:00,12,2099.0,5.6
2025-09-05 13:00:00,13,2700.1,6.2
2025-09-05 14:00:00,14,3176.0,5.0
2025-09-05 15:00:00,15,3326.1,5.8
2025-09-05 16:00:00,16,3223.3,4.1
2025-09-05 17:00:00,17,2924.2,4.5
2025-09-05 18:00:00,18,2383.4,4.7
2025-09-05 19:00:00,19,1599.9,4.5
2025-09-05 20:00:00,20,769.5,3.4
2025-09-05 21:00:00,21,93.7,3.0
2025-09-05 22:00:00,22,0.0,1.7
2025-09-05 23:00:00,23,0.0,1.5
2025-09-06 00:00:00,0,0.0,2.2
2025-09-06 01:00:00,1,0.0,1.8
2025-09-06 02:00:00,2,0.0,1.5
2025-09-06 03:00:00,3,0.0,1.8
2025-09-06 04:00:00,4,0.0,1.5
2025-09-06 05:00:00,5,0.0,1.2
2025-09-06 06:00:00,6,0.0,0.5
2025-09-06 07:00:00,7,0.0,0.6
2025-09-06 08:00:00,8,0.0,0.2
2025-09-06 09:00:00,9,5.8,0.3
2025-09-06 10:00:00,10,303.2,1.2
2025-09-06 11:00:00,11,1292.3,5.0
2025-09-06 12:00:00,12,2126.3,4.9
2025-09-06 13:00:00,13,2780.5,5.2
2025-09-06 14:00:00,14,3171.2,4.2
2025-09-06 15:00:00,15,3337.4,3.3
2025-09-06 16:00:00,16,3085.8,5.8
2025-09-06 17:00:00,17,2686.7,5.2
2025-09-06 18:00:00,18,2460.3,4.0
2025-09-06 19:00:00,19,1673.0,5.5
2025-09-06 20:00:00,20,823.7,4.5
2025-09-06 21:00:00,21,99.7,3.8
2025-09-06 22:00:00,22,0.0,2.9
2025-09-06 23:00:00,23,0.0,2.2
2025-09-07 00:00:00,0,0.0,1.6
2025-09-07 01:00:00,1,0.0,2.8
2025-09-07 02:00:00,2,0.0,2.1
2025-09-07 03:00:00,3,0.0,2.0
2025-09-07 04:00:00,4,0.0,0.8
2025-09-07 05:00:00,5,0.0,1.0
2025-09-07 06:00:00,6,0.0,2.2
2025-09-07 07:00:00,7,0.0,3.2
2025-09-07 08:00:00,8,0.0,4.1
2025-09-07 09:00:00,9,5.7,4.4
2025-09-07 10:00:00,10,295.4,3.6
2025-09-07 11:00:00,11,1275.9,5.2
2025-09-07 12:00:00,12,2088.3,5.0
2025-09-07 13:00:00,13,2716.1,4.4
2025-09-07 14:00:00,14,3100.1,4.2
2025-09-07 15:00:00,15,3260.8,3.1
2025-09-07 16:00:00,16,3138.7,3.7
2025-09-07 17:00:00,17,2599.5,4.1
2025-09-07 18:00:00,18,2373.4,4.1
2025-09-07 19:00:00,19,1553.1,3.6
2025-09-07 20:00:00,20,768.5,4.5
2025-09-07 21:00:00,21,93.9,2.6
2025-09-07 22:00:00,22,0.0,3.0
2025-09-07 23:00:00,23,0.0,1.8
2025-09-08 00:00:00,0,0.0,2.6
2025-09-08 01:00:00,1,0.0,2.5
2025-09-08 02:00:00,2,0.0,1.7
2025-09-08 03:00:00,3,0.0,2.6
2025-09-08 04:00:00,4,0.0,2.0
2025-09-08 05:00:00,5,0.0,2.8
2025-09-08 06:00:00,6,0.0,3.0
2025-09-08 07:00:00,7,0.0,5.0
2025-09-08 08:00:00,8,0.0,4.1
2025-09-08 09:00:00,9,6.1,4.2
2025-09-08 10:00:00,10,316.9,3.9
2025-09-08 11:00:00,11,1304.1,5.7
2025-09-08 12:00:00,12,2144.3,5.1
2025-09-08 13:00:00,13,2788.0,4.8
2025-09-08 14:00:00,14,3174.0,3.6
2025-09-08 15:00:00,15,3314.5,4.6
2025-09-08 16:00:00,16,3212.1,3.6
2025-09-08 17:00:00,17,2868.6,2.6
2025-09-08 18:00:00,18,2329.8,4.9
2025-09-08 19:00:00,19,1578.5,4.5
2025-09-08 20:00:00,20,737.4,4.9
2025-09-08 21:00:00,21,,
2025-09-08 22:00:00,22,0.0,4.0
2025-09-08 23:00:00,23,0.0,3.7
2025-09-09 00:00:00,0,0.0,3.6
2025-09-09 01:00:00,1,0.0,2.5
2025-09-09 02:00:00,2,0.0,1.7
2025-09-09 03:00:00,3,0.0,2.7
2025-09-09 04:00:00,4,0.0,2.4
2025-09-09 05:00:00,5,0.0,3.1
2025-09-09 06:00:00,6,0.0,4.0
2025-09-09 07:00:00,7,0.0,4.6
2025-09-09 08:00:00,8,0.0,2.7
2025-09-09 09:00:00,9,7.4,3.3
2025-09-09 10:00:00,10,353.5,4.1
2025-09-09 11:00:00,11,1390.1,5.3
2025-09-09 12:00:00,12,2236.3,6.2
2025-09-09 13:00:00,13,2876.3,5.5
2025-09-09 14:00:00,14,3237.8,4.7
2025-09-09 15:00:00,15,3384.6,5.3
2025-09-09 16:00:00,16,3301.8,3.8
2025-09-09 17:00:00,17,3040.2,3.6
2025-09-09 18:00:00,18,2391.4,3.9
2025-09-09 19:00:00,19,1693.9,3.2
2025-09-09 20:00:00,20,835.5,3.3
2025-09-09 21:00:00,21,95.9,2.0
2025-09-09 22:00:00,22,0.0,0.8
2025-09-09 23:00:00,23,0.0,0.4
2025-09-10 00:00:00,0,0.0,0.7
2025-09-10 01:00:00,1,0.0,0.8
2025-09-10 02:00:00,2,0.0,0.6
2025-09-10 03:00:00,3,0.0,0.4
2025-09-10 04:00:00,4,0.0,0.3
2025-09-10 05:00:00,5,0.0,0.1
2025-09-10 06:00:00,6,0.0,0.2
2025-09-10 07:00:00,7,0.0,0.3
2025-09-10 08:00:00,8,0.0,0.8
2025-09-10 09:00:00,9,8.2,0.7
2025-09-10 10:00:00,10,353.3,1.4
2025-09-10 11:00:00,11,1385.9,3.0
2025-09-10 12:00:00,12,2214.5,2.5
2025-09-10 13:00:00,13,2846.0,3.1
2025-09-10 14:00:00,14,3214.2,2.8
2025-09-10 15:00:00,15,3362.2,3.5
2025-09-10 16:00:00,16,3282.4,5.4
2025-09-10 17:00:00,17,2961.9,4.7
2025-09-10 18:00:00,18,2410.4,4.6
2025-09-10 19:00:00,19,1664.4,2.5
2025-09-10 20:00:00,20,792.5,3.3
2025-09-10 21:00:00,21,88.2,2.0
2025-09-10 22:00:00,22,0.0,1.4
2025-09-10 23:00:00,23,0.0,0.9
2025-09-11 00:00:00,0,0.0,0.6
2025-09-11 01:00:00,1,0.0,0.6
2025-09-11 02:00:00,2,0.0,0.9
2025-09-11 03:00:00,3,0.0,0.8
2025-09-11 04:00:00,4,0.0,0.6
2025-09-11 05:00:00,5,0.0,1.2
2025-09-11 06:00:00,6,0.0,0.8
2025-09-11 07:00:00,7,0.0,0.7
2025-09-11 08:00:00,8,0.0,0.5
2025-09-11 09:00:00,9,7.9,0.9
2025-09-11 10:00:00,10,335.6,0.5
2025-09-11 11:00:00,11,1332.3,3.4
2025-09-11 12:00:00,12,2186.0,4.0
2025-09-11 13:00:00,13,2835.1,4.7
2025-09-11 14:00:00,14,3195.9,4.5
2025-09-11 15:00:00,15,3338.9,4.8
2025-09-11 16:00:00,16,3244.0,4.6
2025-09-11 17:00:00,17,2924.0,3.7
2025-09-11 18:00:00,18,2375.8,4.3
2025-09-11 19:00:00,19,1636.1,4.4
2025-09-11 20:00:00,20,794.9,4.3
2025-09-11 21:00:00,21,91.5,3.0
2025-09-11 22:00:00,22,0.0,1.9
2025-09-11 23:00:00,23,0.0,1.9
2025-09-12 00:00:00,0,0.0,1.4
2025-09-12 01:00:00,1,0.0,1.6
2025-09-12 02:00:00,2,0.0,0.5
2025-09-12 03:00:00,3,0.0,0.7
2025-09-12 04:00:00,4,0.0,0.9
2025-09-12 05:00:00,5,0.0,0.7
2025-09-12 06:00:00,6,0.0,3.8
2025-09-12 07:00:00,7,0.0,2.2
2025-09-12 08:00:00,8,0.0,2.2
2025-09-12 09:00:00,9,14.7,1.9
2025-09-12 10:00:00,10,360.7,3.0
2025-09-12 11:00:00,11,1372.3,3.7
2025-09-12 12:00:00,12,2176.8,3.8
2025-09-12 13:00:00,13,2833.3,4.3
2025-09-12 14:00:00,14,3192.6,2.8
2025-09-12 15:00:00,15,3343.8,4.5
2025-09-12 16:00:00,16,3241.4,4.1
2025-09-12 17:00:00,17,2950.0,3.9
2025-09-12 18:00:00,18,2416.6,3.4
2025-09-12 19:00:00,19,1663.9,4.3
2025-09-12 20:00:00,20,794.3,2.4
2025-09-12 21:00:00,21,84.9,1.7
2025-09-12 22:00:00,22,0.0,1.7
2025-09-12 23:00:00,23,0.0,0.7
2025-09-13 00:00:00,0,0.0,1.9
2025-09-13 01:00:00,1,0.0,0.8
2025-09-13 02:00:00,2,0.0,1.0
2025-09-13 03:00:00,3,0.0,0.5
2025-09-13 04:00:00,4,0.0,1.3
2025-09-13 05:00:00,5,0.0,1.2
2025-09-13 06:00:00,6,0.0,0.4
2025-09-13 07:00:00,7,0.0,0.6
2025-09-13 08:00:00,8,0.0,0.7
2025-09-13 09:00:00,9,11.9,0.4
2025-09-13 10:00:00,10,216.9,0.5
2025-09-13 11:00:00,11,575.3,3.4
2025-09-13 12:00:00,12,1763.2,3.2
2025-09-13 13:00:00,13,2721.4,3.2
2025-09-13 14:00:00,14,2670.7,3.7
2025-09-13 15:00:00,15,2426.9,2.5
2025-09-13 16:00:00,16,2519.9,2.8
2025-09-13 17:00:00,17,2573.4,2.5
2025-09-13 18:00:00,18,2224.0,2.4
2025-09-13 19:00:00,19,1734.2,3.4
2025-09-13 20:00:00,20,882.0,2.4
2025-09-13 21:00:00,21,96.9,2.1
2025-09-13 22:00:00,22,0.0,1.9
2025-09-13 23:00:00,23,0.0,0.8
2025-09-14 00:00:00,0,0.0,0.7
2025-09-14 01:00:00,1,0.0,0.8
2025-09-14 02:00:00,2,0.0,0.9
2025-09-14 03:00:00,3,0.0,0.9
2025-09-14 04:00:00,4,0.0,0.7
2025-09-14 05:00:00,5,0.0,0.4
2025-09-14 06:00:00,6,0.0,0.6
2025-09-14 07:00:00,7,0.0,3.1
2025-09-14 08:00:00,8,0.0,3.1
2025-09-14 09:00:00,9,9.0,3.1
2025-09-14 10:00:00,10,338.8,4.2
2025-09-14 11:00:00,11,1429.8,3.4
2025-09-14 12:00:00,12,2071.8,4.1
2025-09-14 13:00:00,13,2851.9,3.2
2025-09-14 14:00:00,14,3107.9,4.6
2025-09-14 15:00:00,15,3333.3,2.9
2025-09-14 16:00:00,16,3307.5,3.4
2025-09-14 17:00:00,17,3022.2,3.7
2025-09-14 18:00:00,18,2495.4,3.4
2025-09-14 19:00:00,19,1719.9,3.9
2025-09-14 20:00:00,20,877.0,3.8
2025-09-14 21:00:00,21,92.9,2.1
2025-09-14 22:00:00,22,0.0,1.8
2025-09-14 23:00:00,23,0.0,1.8
2025-09-15 00:00:00,0,0.0,1.0
2025-09-15 01:00:00,1,0.0,0.9
2025-09-15 02:00:00,2,0.0,0.9
2025-09-15 03:00:00,3,0.0,0.7
2025-09-15 04:00:00,4,0.0,0.4
2025-09-15 05:00:00,5,0.0,1.8
2025-09-15 06:00:00,6,0.0,2.8
2025-09-15 07:00:00,7,0.0,2.2
2025-09-15 08:00:00,8,0.0,3.5
2025-09-15 09:00:00,9,8.8,4.1
2025-09-15 10:00:00,10,336.6,5.0
2025-09-15 11:00:00,11,1498.6,5.3
2025-09-15 12:00:00,12,2336.3,5.8
2025-09-15 13:00:00,13,2961.6,5.0
2025-09-15 14:00:00,14,3304.2,4.5
2025-09-15 15:00:00,15,3436.3,4.2
2025-09-15 16:00:00,16,3292.0,3.9
2025-09-15 17:00:00,17,3018.5,5.1
2025-09-15 18:00:00,18,2480.7,2.9
2025-09-15 19:00:00,19,1719.6,2.9
2025-09-15 20:00:00,20,868.0,4.4
2025-09-15 21:00:00,21,102.2,2.3
2025-09-15 22:00:00,22,0.0,1.8
2025-09-15 23:00:00,23,0.0,0.6
2025-09-16 00:00:00,0,0.0,0.7
2025-09-16 01:00:00,1,0.0,1.4
2025-09-16 02:00:00,2,0.0,0.8
2025-09-16 03:00:00,3,0.0,0.9
2025-09-16 04:00:00,4,0.0,0.7
2025-09-16 05:00:00,5,0.0,2.3
2025-09-16 06:00:00,6,0.0,3.5
2025-09-16 07:00:00,7,0.0,5.2
2025-09-16 08:00:00,8,0.0,5.0
2025-09-16 09:00:00,9,10.8,3.2
2025-09-16 10:00:00,10,343.0,4.5
2025-09-16 11:00:00,11,1444.8,4.4
2025-09-16 12:00:00,12,2266.9,5.2
2025-09-16 13:00:00,13,2918.7,4.7
2025-09-16 14:00:00,14,3272.1,4.4
2025-09-16 15:00:00,15,3401.7,3.8
2025-09-16 16:00:00,16,3301.2,3.6
2025-09-16 17:00:00,17,2984.8,4.5
2025-09-16 18:00:00,18,2397.3,3.4
2025-09-16 19:00:00,19,1680.5,3.9
2025-09-16 20:00:00,20,784.2,3.4
2025-09-16 21:00:00,21,87.3,1.9
2025-09-16 22:00:00,22,0.0,1.8
2025-09-16 23:00:00,23,0.0,1.7
2025-09-17 00:00:00,0,0.0,1.6
2025-09-17 01:00:00,1,0.0,1.3
2025-09-17 02:00:00,2,0.0,1.0
2025-09-17 03:00:00,3,0.0,0.3
2025-09-17 04:00:00,4,0.0,0.4
2025-09-17 05:00:00,5,0.0,1.9
2025-09-17 06:00:00,6,0.0,3.0
2025-09-17 07:00:00,7,0.0,3.9
2025-09-17 08:00:00,8,0.0,4.0
2025-09-17 09:00:00,9,11.0,3.5
2025-09-17 10:00:00,10,340.8,5.0
2025-09-17 11:00:00,11,1396.3,4.7
2025-09-17 12:00:00,12,2179.0,4.5
2025-09-17 13:00:00,13,2797.4,4.0
2025-09-17 14:00:00,14,3142.1,3.7
2025-09-17 15:00:00,15,3284.8,2.9
2025-09-17 16:00:00,16,3205.7,3.6
2025-09-17 17:00:00,17,2878.9,2.6
2025-09-17 18:00:00,18,2335.8,2.8
2025-09-17 19:00:00,19,1572.6,3.6
2025-09-17 20:00:00,20,726.0,2.8
2025-09-17 21:00:00,21,82.9,1.0
2025-09-17 22:00:00,22,0.0,0.5
2025-09-17 23:00:00,23,0.0,0.6
2025-09-18 00:00:00,0,0.0,0.6
2025-09-18 01:00:00,1,0.0,0.5
2025-09-18 02:00:00,2,0.0,1.0
2025-09-18 03:00:00,3,0.0,1.1
2025-09-18 04:00:00,4,0.0,0.6
2025-09-18 05:00:00,5,0.0,0.5
2025-09-18 06:00:00,6,0.0,0.5
2025-09-18 07:00:00,7,0.0,0.7
2025-09-18 08:00:00,8,0.0,0.3
2025-09-18 09:00:00,9,13.8,0.4
2025-09-18 10:00:00,10,349.1,3.3
2025-09-18 11:00:00,11,1401.7,3.3
2025-09-18 12:00:00,12,2239.0,4.0
2025-09-18 13:00:00,13,2867.5,3.3
2025-09-18 14:00:00,14,3205.6,4.2
2025-09-18 15:00:00,15,3343.8,3.7
2025-09-18 16:00:00,16,3214.7,2.7
2025-09-18 17:00:00,17,2928.2,2.4
2025-09-18 18:00:00,18,2425.5,3.6
2025-09-18 19:00:00,19,1593.6,1.5
2025-09-18 20:00:00,20,672.3,2.7
2025-09-18 21:00:00,21,90.4,1.5
2025-09-18 22:00:00,22,0.0,0.7
2025-09-18 23:00:00,23,0.0,0.7
2025-09-19 00:00:00,0,0.0,0.8
2025-09-19 01:00:00,1,0.0,0.6
2025-09-19 02:00:00,2,0.0,0.7
2025-09-19 03:00:00,3,0.0,1.4
2025-09-19 04:00:00,4,0.0,1.2
2025-09-19 05:00:00,5,0.0,3.4
2025-09-19 06:00:00,6,0.0,3.4
2025-09-19 07:00:00,7,0.0,3.4
2025-09-19 08:00:00,8,0.0,2.3
2025-09-19 09:00:00,9,9.6,1.4
2025-09-19 10:00:00,10,367.2,4.0
2025-09-19 11:00:00,11,1418.7,3.5
2025-09-19 12:00:00,12,2268.5,3.5
2025-09-19 13:00:00,13,2887.9,5.1
2025-09-19 14:00:00,14,3248.8,3.3
2025-09-19 15:00:00,15,3373.8,3.9
2025-09-19 16:00:00,16,3271.0,3.4
2025-09-19 17:00:00,17,2817.1,2.9
2025-09-19 18:00:00,18,2405.9,3.6
2025-09-19 19:00:00,19,1662.7,4.0
2025-09-19 20:00:00,20,790.4,3.3
2025-09-19 21:00:00,21,90.7,1.7
2025-09-19 22:00:00,22,0.0,0.4
2025-09-19 23:00:00,23,0.0,0.5
2025-09-20 00:00:00,0,0.0,0.3
2025-09-20 01:00:00,1,0.0,0.7
2025-09-20 02:00:00,2,0.0,0.6
2025-09-20 03:00:00,3,0.0,1.0
2025-09-20 04:00:00,4,0.0,0.4
2025-09-20 05:00:00,5,0.0,0.6
2025-09-20 06:00:00,6,0.0,4.3
2025-09-20 07:00:00,7,0.0,3.0
2025-09-20 08:00:00,8,0.0,2.7
2025-09-20 09:00:00,9,23.0,1.7
2025-09-20 10:00:00,10,415.6,3.0
2025-09-20 11:00:00,11,1401.6,4.0
2025-09-20 12:00:00,12,2090.5,3.6
2025-09-20 13:00:00,13,2721.9,3.6
2025-09-20 14:00:00,14,2947.6,3.7
2025-09-20 15:00:00,15,3223.9,2.1
2025-09-20 16:00:00,16,2918.7,3.7
2025-09-20 17:00:00,17,2706.3,2.6
2025-09-20 18:00:00,18,2336.0,1.9
2025-09-20 19:00:00,19,1340.9,3.2
2025-09-20 20:00:00,20,612.7,2.5
2025-09-20 21:00:00,21,58.5,1.1
2025-09-20 22:00:00,22,0.0,1.1
2025-09-20 23:00:00,23,0.0,0.6
2025-09-21 00:00:00,0,0.0,0.7
2025-09-21 01:00:00,1,0.0,0.2
2025-09-21 02:00:00,2,0.0,0.7
2025-09-21 03:00:00,3,0.0,0.6
2025-09-21 04:00:00,4,0.0,0.4
2025-09-21 05:00:00,5,0.0,0.2
2025-09-21 06:00:00,6,0.0,0.4
2025-09-21 07:00:00,7,0.0,1.0
2025-09-21 08:00:00,8,0.0,1.0
2025-09-21 09:00:00,9,14.6,0.5
2025-09-21 10:00:00,10,385.6,2.5
2025-09-21 11:00:00,11,1417.2,3.9
2025-09-21 12:00:00,12,2057.7,4.3
2025-09-21 13:00:00,13,2176.5,3.3
2025-09-21 14:00:00,14,2880.7,3.7
2025-09-21 15:00:00,15,3185.2,2.5
2025-09-21 16:00:00,16,3291.6,2.6
2025-09-21 17:00:00,17,2921.6,3.5
2025-09-21 18:00:00,18,1942.0,2.8
2025-09-21 19:00:00,19,1237.5,1.1
2025-09-21 20:00:00,20,719.1,2.3
2025-09-21 21:00:00,21,91.0,1.2
2025-09-21 22:00:00,22,0.0,0.3
2025-09-21 23:00:00,23,0.0,1.0
2025-09-22 00:00:00,0,0.0,0.5
2025-09-22 01:00:00,1,0.0,0.3
2025-09-22 02:00:00,2,0.0,1.4
2025-09-22 03:00:00,3,0.0,0.4
2025-09-22 04:00:00,4,0.0,1.1
2025-09-22 05:00:00,5,0.0,0.8
2025-09-22 06:00:00,6,0.0,0.7
2025-09-22 07:00:00,7,0.0,2.3
2025-09-22 08:00:00,8,0.0,2.3
2025-09-22 09:00:00,9,11.0,3.2
2025-09-22 10:00:00,10,323.4,2.4
2025-09-22 11:00:00,11,1149.1,3.3
2025-09-22 12:00:00,12,2205.9,2.6
2025-09-22 13:00:00,13,2814.2,3.6
2025-09-22 14:00:00,14,3058.8,1.9
2025-09-22 15:00:00,15,2376.2,2.3
2025-09-22 16:00:00,16,2160.6,2.6
2025-09-22 17:00:00,17,2105.6,2.4
2025-09-22 18:00:00,18,1757.1,1.7
2025-09-22 19:00:00,19,1554.1,2.5
2025-09-22 20:00:00,20,658.5,1.6
2025-09-22 21:00:00,21,71.8,1.7
2025-09-22 22:00:00,22,0.0,0.8
2025-09-22 23:00:00,23,0.0,0.5
2025-09-23 00:00:00,0,0.0,0.4
2025-09-23 01:00:00,1,0.0,0.7
2025-09-23 02:00:00,2,0.0,0.4
2025-09-23 03:00:00,3,0.0,0.7
2025-09-23 04:00:00,4,0.0,0.3
2025-09-23 05:00:00,5,0.0,0.5
2025-09-23 06:00:00,6,0.0,0.4
2025-09-23 07:00:00,7,0.0,0.5
2025-09-23 08:00:00,8,0.0,0.7
2025-09-23 09:00:00,9,17.0,0.9
2025-09-23 10:00:00,10,410.8,1.7
2025-09-23 11:00:00,11,1465.7,3.2
2025-09-23 12:00:00,12,2293.1,2.7
2025-09-23 13:00:00,13,2792.7,2.7
2025-09-23 14:00:00,14,3095.5,2.5
2025-09-23 15:00:00,15,3455.9,2.6
2025-09-23 16:00:00,16,3375.0,2.7
2025-09-23 17:00:00,17,3032.4,4.9
2025-09-23 18:00:00,18,2397.2,3.4
2025-09-23 19:00:00,19,1337.0,3.5
2025-09-23 20:00:00,20,675.6,3.1
2025-09-23 21:00:00,21,84.2,1.1
2025-09-23 22:00:00,22,0.0,0.5
2025-09-23 23:00:00,23,0.0,0.7
2025-09-24 00:00:00,0,0.0,0.9
2025-09-24 01:00:00,1,0.0,1.3
2025-09-24 02:00:00,2,0.0,1.8
2025-09-24 03:00:00,3,0.0,1.6
2025-09-24 04:00:00,4,0.0,0.4
2025-09-24 05:00:00,5,0.0,0.6
2025-09-24 06:00:00,6,0.0,1.0
2025-09-24 07:00:00,7,0.0,0.8
2025-09-24 08:00:00,8,0.0,1.1
2025-09-24 09:00:00,9,18.8,1.0
2025-09-24 10:00:00,10,411.1,2.5
2025-09-24 11:00:00,11,1451.8,4.9
2025-09-24 12:00:00,12,2272.3,4.6
2025-09-24 13:00:00,13,2913.6,4.2
2025-09-24 14:00:00,14,3263.2,3.5
2025-09-24 15:00:00,15,3454.3,4.5
2025-09-24 16:00:00,16,3320.1,4.3
2025-09-24 17:00:00,17,2718.6,4.9
2025-09-24 18:00:00,18,2455.1,4.2
2025-09-24 19:00:00,19,1585.8,3.7
2025-09-24 20:00:00,20,691.1,3.6
2025-09-24 21:00:00,21,85.2,5.1
2025-09-24 22:00:00,22,0.0,4.0
2025-09-24 23:00:00,23,0.0,2.7
2025-09-25 00:00:00,0,0.0,2.1
2025-09-25 01:00:00,1,0.0,2.3
2025-09-25 02:00:00,2,0.0,1.5
2025-09-25 03:00:00,3,0.0,1.7
2025-09-25 04:00:00,4,0.0,2.1
2025-09-25 05:00:00,5,0.0,3.0
2025-09-25 06:00:00,6,0.0,4.7
2025-09-25 07:00:00,7,0.0,5.1
2025-09-25 08:00:00,8,0.0,3.8
2025-09-25 09:00:00,9,18.4,4.1
2025-09-25 10:00:00,10,417.4,5.0
2025-09-25 11:00:00,11,1479.4,6.8
2025-09-25 12:00:00,12,2316.9,5.9
2025-09-25 13:00:00,13,2940.6,4.2
2025-09-25 14:00:00,14,3291.4,4.5
2025-09-25 15:00:00,15,3415.0,4.5
2025-09-25 16:00:00,16,3242.5,5.0
2025-09-25 17:00:00,17,2980.4,3.7
2025-09-25 18:00:00,18,2409.7,2.7
2025-09-25 19:00:00,19,1643.5,3.6
2025-09-25 20:00:00,20,718.8,3.5
2025-09-25 21:00:00,21,91.1,2.4
2025-09-25 22:00:00,22,0.0,1.1
2025-09-25 23:00:00,23,0.0,1.3
2025-09-26 00:00:00,0,0.0,2.3
2025-09-26 01:00:00,1,0.0,2.9
2025-09-26 02:00:00,2,0.0,1.5
2025-09-26 03:00:00,3,0.0,1.1
2025-09-26 04:00:00,4,0.0,1.1
2025-09-26 05:00:00,5,0.0,2.5
2025-09-26 06:00:00,6,0.0,4.4
2025-09-26 07:00:00,7,0.0,5.5
2025-09-26 08:00:00,8,0.0,3.4
2025-09-26 09:00:00,9,20.1,4.0
2025-09-26 10:00:00,10,432.7,5.1
2025-09-26 11:00:00,11,1460.6,5.4
2025-09-26 12:00:00,12,2277.8,4.7
2025-09-26 13:00:00,13,2900.1,4.5
2025-09-26 14:00:00,14,3236.3,4.1
2025-09-26 15:00:00,15,3428.5,4.4
2025-09-26 16:00:00,16,3264.9,3.8
2025-09-26 17:00:00,17,2770.0,3.9
2025-09-26 18:00:00,18,2351.5,4.0
2025-09-26 19:00:00,19,1676.7,4.5
2025-09-26 20:00:00,20,646.7,3.4
2025-09-26 21:00:00,21,83.7,2.0
2025-09-26 22:00:00,22,0.0,2.0
2025-09-26 23:00:00,23,0.0,1.5
2025-09-27 00:00:00,0,0.0,1.9
2025-09-27 01:00:00,1,0.0,2.1
2025-09-27 02:00:00,2,0.0,0.8
2025-09-27 03:00:00,3,0.0,0.2
2025-09-27 04:00:00,4,0.0,2.5
2025-09-27 05:00:00,5,0.0,3.4
2025-09-27 06:00:00,6,0.0,3.4
2025-09-27 07:00:00,7,0.0,3.1
2025-09-27 08:00:00,8,0.0,4.0
2025-09-27 09:00:00,9,21.2,3.9
2025-09-27 10:00:00,10,449.9,6.4
2025-09-27 11:00:00,11,1445.8,7.2
2025-09-27 12:00:00,12,2333.9,6.4
2025-09-27 13:00:00,13,2963.9,5.0
2025-09-27 14:00:00,14,3253.3,4.9
2025-09-27 15:00:00,15,3243.3,5.5
2025-09-27 16:00:00,16,3334.9,4.3
2025-09-27 17:00:00,17,2945.6,5.1
2025-09-27 18:00:00,18,2270.1,4.5
2025-09-27 19:00:00,19,1585.9,4.8
2025-09-27 20:00:00,20,755.3,3.6
2025-09-27 21:00:00,21,87.7,3.6
2025-09-27 22:00:00,22,0.0,3.4
2025-09-27 23:00:00,23,0.0,4.3
2025-09-28 00:00:00,0,0.0,5.2
2025-09-28 01:00:00,1,0.0,5.3
2025-09-28 02:00:00,2,0.0,4.7
2025-09-28 03:00:00,3,0.0,5.2
2025-09-28 04:00:00,4,0.0,4.6
2025-09-28 05:00:00,5,0.0,4.7
2025-09-28 06:00:00,6,0.0,4.3
2025-09-28 07:00:00,7,0.0,4.4
2025-09-28 08:00:00,8,0.0,3.9
2025-09-28 09:00:00,9,14.4,4.2
2025-09-28 10:00:00,10,435.7,5.4
2025-09-28 11:00:00,11,1400.4,5.9
2025-09-28 12:00:00,12,2091.4,5.0
2025-09-28 13:00:00,13,3036.9,6.0
2025-09-28 14:00:00,14,3148.3,6.4
2025-09-28 15:00:00,15,3481.3,5.9
2025-09-28 16:00:00,16,3390.9,4.6
2025-09-28 17:00:00,17,2703.8,4.0
2025-09-28 18:00:00,18,2149.6,3.9
2025-09-28 19:00:00,19,1633.3,4.0
2025-09-28 20:00:00,20,713.2,3.1
2025-09-28 21:00:00,21,103.9,2.8
2025-09-28 22:00:00,22,0.0,3.6
2025-09-28 23:00:00,23,0.0,3.8
2025-09-29 00:00:00,0,0.0,3.2
2025-09-29 01:00:00,1,0.0,2.3
2025-09-29 02:00:00,2,0.0,2.7
2025-09-29 03:00:00,3,0.0,3.5
2025-09-29 04:00:00,4,0.0,3.6
2025-09-29 05:00:00,5,0.0,4.1
2025-09-29 06:00:00,6,0.0,3.6
2025-09-29 07:00:00,7,0.0,5.6
2025-09-29 08:00:00,8,0.0,4.0
2025-09-29 09:00:00,9,19.4,3.3
2025-09-29 10:00:00,10,448.1,5.6
2025-09-29 11:00:00,11,1515.8,5.4
2025-09-29 12:00:00,12,2343.5,5.4
2025-09-29 13:00:00,13,2946.8,5.2
2025-09-29 14:00:00,14,3275.4,4.2
2025-09-29 15:00:00,15,3379.8,4.5
2025-09-29 16:00:00,16,3299.8,4.6
2025-09-29 17:00:00,17,2976.4,4.7
2025-09-29 18:00:00,18,2394.6,3.8
2025-09-29 19:00:00,19,1358.8,3.2
2025-09-29 20:00:00,20,706.8,3.8
2025-09-29 21:00:00,21,99.3,2.5
2025-09-29 22:00:00,22,0.0,2.7
2025-09-29 23:00:00,23,0.0,3.3
2025-09-30 00:00:00,0,0.0,2.4
2025-09-30 01:00:00,1,0.0,2.1
2025-09-30 02:00:00,2,0.0,2.0
2025-09-30 03:00:00,3,0.0,2.1
2025-09-30 04:00:00,4,0.0,2.2
2025-09-30 05:00:00,5,0.0,2.5
2025-09-30 06:00:00,6,0.0,2.4
2025-09-30 07:00:00,7,0.0,4.0
2025-09-30 08:00:00,8,0.0,4.2
2025-09-30 09:00:00,9,19.7,3.7
2025-09-30 10:00:00,10,455.3,5.0
2025-09-30 11:00:00,11,1570.7,5.8
2025-09-30 12:00:00,12,2380.7,4.3
2025-09-30 13:00:00,13,2998.3,4.1
2025-09-30 14:00:00,14,3312.5,3.9
2025-09-30 15:00:00,15,3430.1,4.2
2025-09-30 16:00:00,16,3355.5,4.6
2025-09-30 17:00:00,17,2879.5,4.5
2025-09-30 18:00:00,18,2432.3,4.7
2025-09-30 19:00:00,19,1661.5,3.5
2025-09-30 20:00:00,20,707.5,3.0
2025-09-30 21:00:00,21,104.5,2.1
2025-09-30 22:00:00,22,0.0,2.9
2025-09-30 23:00:00,23,0.0,3.0
2025-10-01 00:00:00,0,0.0,2.9
2025-10-01 01:00:00,1,0.0,2.0
2025-10-01 02:00:00,2,0.0,1.9
2025-10-01 03:00:00,3,0.0,2.9
2025-10-01 04:00:00,4,0.0,3.3
2025-10-01 05:00:00,5,0.0,2.6
2025-10-01 06:00:00,6,0.0,3.3
2025-10-01 07:00:00,7,0.0,4.9
2025-10-01 08:00:00,8,0.0,3.7
2025-10-01 09:00:00,9,20.2,4.7
2025-10-01 10:00:00,10,450.2,5.2
2025-10-01 11:00:00,11,1608.5,4.6
2025-10-01 12:00:00,12,2426.7,5.1
2025-10-01 13:00:00,13,3030.1,4.5
2025-10-01 14:00:00,14,3348.9,4.7
2025-10-01 15:00:00,15,3457.1,4.9
2025-10-01 16:00:00,16,3329.4,4.2
2025-10-01 17:00:00,17,3046.1,3.2
2025-10-01 18:00:00,18,2415.5,4.4
2025-10-01 19:00:00,19,1286.9,3.7
2025-10-01 20:00:00,20,673.1,3.6
2025-10-01 21:00:00,21,88.3,2.6
2025-10-01 22:00:00,22,0.0,1.9
2025-10-01 23:00:00,23,0.0,0.9
2025-10-02 00:00:00,0,0.0,0.4
2025-10-02 01:00:00,1,0.0,0.5
2025-10-02 02:00:00,2,0.0,0.7
2025-10-02 03:00:00,3,0.0,0.4
2025-10-02 04:00:00,4,0.0,4.5
2025-10-02 05:00:00,5,0.0,2.3
2025-10-02 06:00:00,6,0.0,4.0
2025-10-02 07:00:00,7,0.0,5.7
2025-10-02 08:00:00,8,0.0,5.3
2025-10-02 09:00:00,9,20.6,2.5
2025-10-02 10:00:00,10,444.5,4.6
2025-10-02 11:00:00,11,1592.8,4.5
2025-10-02 12:00:00,12,2413.4,5.5
2025-10-02 13:00:00,13,3016.1,4.5
2025-10-02 14:00:00,14,3336.9,4.1
2025-10-02 15:00:00,15,3309.1,4.1
2025-10-02 16:00:00,16,3356.9,4.0
2025-10-02 17:00:00,17,3025.7,3.6
2025-10-02 18:00:00,18,2467.2,4.0
2025-10-02 19:00:00,19,1677.7,4.4
2025-10-02 20:00:00,20,712.7,3.7
2025-10-02 21:00:00,21,101.3,3.4
2025-10-02 22:00:00,22,0.0,1.6
2025-10-02 23:00:00,23,0.0,1.5
2025-10-03 00:00:00,0,0.0,1.6
2025-10-03 01:00:00,1,0.0,0.9
2025-10-03 02:00:00,2,0.0,0.1
2025-10-03 03:00:00,3,0.0,0.5
2025-10-03 04:00:00,4,0.0,0.3
2025-10-03 05:00:00,5,0.0,0.6
2025-10-03 06:00:00,6,0.0,3.6
2025-10-03 07:00:00,7,0.0,3.4
2025-10-03 08:00:00,8,0.0,3.1
2025-10-03 09:00:00,9,19.5,3.6
2025-10-03 10:00:00,10,526.2,5.0
2025-10-03 11:00:00,11,1599.8,4.7
2025-10-03 12:00:00,12,2368.0,4.9
2025-10-03 13:00:00,13,2989.2,4.7
2025-10-03 14:00:00,14,3325.0,4.5
2025-10-03 15:00:00,15,3456.4,4.8
2025-10-03 16:00:00,16,3337.6,3.6
2025-10-03 17:00:00,17,2932.1,3.7
2025-10-03 18:00:00,18,2438.3,4.5
2025-10-03 19:00:00,19,1646.7,3.9
2025-10-03 20:00:00,20,683.4,3.2
2025-10-03 21:00:00,21,90.1,2.0
2025-10-03 22:00:00,22,0.0,1.3
2025-10-03 23:00:00,23,0.0,0.4
2025-10-04 00:00:00,0,0.0,0.3
2025-10-04 01:00:00,1,0.0,0.7
2025-10-04 02:00:00,2,0.0,3.8
2025-10-04 03:00:00,3,0.0,3.7
2025-10-04 04:00:00,4,0.0,4.3
2025-10-04 05:00:00,5,0.0,5.0
2025-10-04 06:00:00,6,0.0,4.0
2025-10-04 07:00:00,7,0.0,5.1
2025-10-04 08:00:00,8,0.0,3.7
2025-10-04 09:00:00,9,29.0,4.1
2025-10-04 10:00:00,10,514.9,5.8
2025-10-04 11:00:00,11,1670.0,4.4
2025-10-04 12:00:00,12,2476.0,5.4
2025-10-04 13:00:00,13,3085.2,5.4
2025-10-04 14:00:00,14,3406.2,5.4
2025-10-04 15:00:00,15,3525.1,4.9
2025-10-04 16:00:00,16,3381.5,4.1
2025-10-04 17:00:00,17,3046.7,4.5
2025-10-04 18:00:00,18,2480.8,4.5
2025-10-04 19:00:00,19,1712.0,3.5
2025-10-04 20:00:00,20,699.3,2.8
2025-10-04 21:00:00,21,111.0,3.0
2025-10-04 22:00:00,22,0.0,1.2
2025-10-04 23:00:00,23,0.0,1.6
2025-10-05 00:00:00,0,0.0,3.7
2025-10-05 01:00:00,1,0.0,2.4
2025-10-05 02:00:00,2,0.0,1.3
2025-10-05 03:00:00,3,0.0,1.5
2025-10-05 04:00:00,4,0.0,2.6
2025-10-05 05:00:00,5,0.0,3.4
2025-10-05 06:00:00,6,0.0,3.8
2025-10-05 07:00:00,7,0.0,4.3
2025-10-05 08:00:00,8,0.0,4.1
2025-10-05 09:00:00,9,21.9,3.9
2025-10-05 10:00:00,10,518.5,4.2
2025-10-05 11:00:00,11,1651.5,4.2
2025-10-05 12:00:00,12,2456.3,4.4
2025-10-05 13:00:00,13,3058.5,4.8
2025-10-05 14:00:00,14,3377.6,5.6
2025-10-05 15:00:00,15,3476.4,4.5
2025-10-05 16:00:00,16,3321.2,3.9
2025-10-05 17:00:00,17,2977.4,3.0
2025-10-05 18:00:00,18,2344.0,3.5
2025-10-05 19:00:00,19,1797.4,2.7
2025-10-05 20:00:00,20,583.0,4.5
2025-10-05 21:00:00,21,86.9,1.9
2025-10-05 22:00:00,22,0.0,1.8
2025-10-05 23:00:00,23,0.0,3.4
2025-10-06 00:00:00,0,0.0,4.0
2025-10-06 01:00:00,1,0.0,3.2
2025-10-06 02:00:00,2,0.0,1.8
2025-10-06 03:00:00,3,0.0,2.9
2025-10-06 04:00:00,4,0.0,2.4
2025-10-06 05:00:00,5,0.0,3.9
2025-10-06 06:00:00,6,0.0,4.4
2025-10-06 07:00:00,7,0.0,2.5
2025-10-06 08:00:00,8,0.0,3.8
2025-10-06 09:00:00,9,24.0,3.9
2025-10-06 10:00:00,10,542.1,6.0
2025-10-06 11:00:00,11,1668.7,5.3
2025-10-06 12:00:00,12,2470.5,4.0
2025-10-06 13:00:00,13,3044.0,4.8
2025-10-06 14:00:00,14,3387.6,4.6
2025-10-06 15:00:00,15,3449.6,4.2
2025-10-06 16:00:00,16,3261.5,3.4
2025-10-06 17:00:00,17,2952.4,2.2
2025-10-06 18:00:00,18,2448.3,3.9
2025-10-06 19:00:00,19,1637.4,3.6
2025-10-06 20:00:00,20,622.5,3.1
2025-10-06 21:00:00,21,84.3,1.9
2025-10-06 22:00:00,22,0.0,1.1
2025-10-06 23:00:00,23,0.0,0.8
2025-10-07 00:00:00,0,0.0,0.8
2025-10-07 01:00:00,1,0.0,0.7
2025-10-07 02:00:00,2,0.0,0.3
2025-10-07 03:00:00,3,0.0,0.4
2025-10-07 04:00:00,4,0.0,1.1
2025-10-07 05:00:00,5,0.0,2.5
2025-10-07 06:00:00,6,0.0,2.0
2025-10-07 07:00:00,7,0.0,3.0
2025-10-07 08:00:00,8,0.0,1.2
2025-10-07 09:00:00,9,26.8,1.4
2025-10-07 10:00:00,10,555.1,0.8
2025-10-07 11:00:00,11,1646.2,2.2
2025-10-07 12:00:00,12,2445.5,3.4
2025-10-07 13:00:00,13,2942.9,3.9
2025-10-07 14:00:00,14,3307.7,3.7
2025-10-07 15:00:00,15,3436.5,3.9
2025-10-07 16:00:00,16,2560.1,3.8
2025-10-07 17:00:00,17,2157.7,1.8
2025-10-07 18:00:00,18,2154.7,2.9
2025-10-07 19:00:00,19,1381.6,2.3
2025-10-07 20:00:00,20,433.0,2.6
2025-10-07 21:00:00,21,72.7,2.0
2025-10-07 22:00:00,22,0.0,1.0
2025-10-07 23:00:00,23,0.0,0.2
2025-10-08 00:00:00,0,0.0,1.1
2025-10-08 01:00:00,1,0.0,0.3
2025-10-08 02:00:00,2,0.0,0.3
2025-10-08 03:00:00,3,0.0,0.3
2025-10-08 04:00:00,4,0.0,1.0
2025-10-08 05:00:00,5,0.0,0.5
2025-10-08 06:00:00,6,0.0,1.0
2025-10-08 07:00:00,7,0.0,2.1
2025-10-08 08:00:00,8,0.0,0.8
2025-10-08 09:00:00,9,36.5,1.2
2025-10-08 10:00:00,10,599.1,3.4
2025-10-08 11:00:00,11,1602.1,3.9
2025-10-08 12:00:00,12,2401.8,3.7
2025-10-08 13:00:00,13,2896.0,2.5
2025-10-08 14:00:00,14,3363.5,4.3
2025-10-08 15:00:00,15,3470.0,2.9
2025-10-08 16:00:00,16,3240.5,2.8
2025-10-08 17:00:00,17,3048.9,3.1
2025-10-08 18:00:00,18,2466.2,3.3
2025-10-08 19:00:00,19,1676.5,2.4
2025-10-08 20:00:00,20,616.6,1.8
2025-10-08 21:00:00,21,79.1,1.3
2025-10-08 22:00:00,22,0.0,0.5
2025-10-08 23:00:00,23,0.0,0.6
2025-10-09 00:00:00,0,0.0,0.5
2025-10-09 01:00:00,1,0.0,1.2
2025-10-09 02:00:00,2,0.1,0.9
2025-10-09 03:00:00,3,0.0,0.6
2025-10-09 04:00:00,4,0.0,0.5
2025-10-09 05:00:00,5,0.0,0.7
2025-10-09 06:00:00,6,0.0,0.4
2025-10-09 07:00:00,7,0.0,2.7
2025-10-09 08:00:00,8,0.0,2.1
2025-10-09 09:00:00,9,27.0,2.1
2025-10-09 10:00:00,10,368.6,2.7
2025-10-09 11:00:00,11,933.8,4.0
2025-10-09 12:00:00,12,2052.5,3.1
2025-10-09 13:00:00,13,2774.5,3.0
2025-10-09 14:00:00,14,3297.7,3.2
2025-10-09 15:00:00,15,2817.4,3.3
2025-10-09 16:00:00,16,2976.9,2.9
2025-10-09 17:00:00,17,2647.4,2.7
2025-10-09 18:00:00,18,2050.1,3.2
2025-10-09 19:00:00,19,1474.1,2.9
2025-10-09 20:00:00,20,573.5,4.1
2025-10-09 21:00:00,21,68.0,2.1
2025-10-09 22:00:00,22,0.0,1.6
2025-10-09 23:00:00,23,0.0,2.2
2025-10-10 00:00:00,0,0.0,3.0
2025-10-10 01:00:00,1,0.0,1.5
2025-10-10 02:00:00,2,0.0,0.5
2025-10-10 03:00:00,3,0.0,1.2
2025-10-10 04:00:00,4,0.0,0.9
2025-10-10 05:00:00,5,0.0,5.5
2025-10-10 06:00:00,6,0.0,4.7
2025-10-10 07:00:00,7,0.0,5.4
2025-10-10 08:00:00,8,0.0,5.0
2025-10-10 09:00:00,9,30.5,4.7
2025-10-10 10:00:00,10,600.7,4.3
2025-10-10 11:00:00,11,1655.5,4.5
2025-10-10 12:00:00,12,2460.1,4.3
2025-10-10 13:00:00,13,3039.9,4.2
2025-10-10 14:00:00,14,3377.5,4.4
2025-10-10 15:00:00,15,3480.1,3.9
2025-10-10 16:00:00,16,3325.7,2.6
2025-10-10 17:00:00,17,2989.5,3.5
2025-10-10 18:00:00,18,2465.9,3.0
2025-10-10 19:00:00,19,1685.5,3.1
2025-10-10 20:00:00,20,575.3,3.3
2025-10-10 21:00:00,21,96.1,2.6
2025-10-10 22:00:00,22,0.0,2.0
2025-10-10 23:00:00,23,0.0,1.8
2025-10-11 00:00:00,0,0.0,2.6
2025-10-11 01:00:00,1,0.0,2.1
2025-10-11 02:00:00,2,0.0,2.6
2025-10-11 03:00:00,3,0.0,1.9
2025-10-11 04:00:00,4,0.0,2.5
2025-10-11 05:00:00,5,0.0,2.5
2025-10-11 06:00:00,6,0.0,3.4
2025-10-11 07:00:00,7,0.0,2.3
2025-10-11 08:00:00,8,0.0,2.5
2025-10-11 09:00:00,9,29.8,3.4
2025-10-11 10:00:00,10,589.6,3.5
2025-10-11 11:00:00,11,1590.4,4.7
2025-10-11 12:00:00,12,2417.2,3.6
2025-10-11 13:00:00,13,2964.2,3.1
2025-10-11 14:00:00,14,3265.7,2.5
2025-10-11 15:00:00,15,3449.4,4.1
2025-10-11 16:00:00,16,3235.4,2.5
2025-10-11 17:00:00,17,3064.8,2.7
2025-10-11 18:00:00,18,2451.6,3.5
2025-10-11 19:00:00,19,1420.9,3.6
2025-10-11 20:00:00,20,496.8,2.2
2025-10-11 21:00:00,21,88.7,2.3
2025-10-11 22:00:00,22,0.0,2.0
2025-10-11 23:00:00,23,0.0,1.9
2025-10-12 00:00:00,0,0.0,2.1
2025-10-12 01:00:00,1,0.0,0.4
2025-10-12 02:00:00,2,0.0,0.7
2025-10-12 03:00:00,3,0.0,1.0
2025-10-12 04:00:00,4,0.0,0.5
2025-10-12 05:00:00,5,0.0,0.7
2025-10-12 06:00:00,6,0.0,0.7
2025-10-12 07:00:00,7,0.0,0.6
2025-10-12 08:00:00,8,0.0,0.7
2025-10-12 09:00:00,9,39.1,1.3
2025-10-12 10:00:00,10,598.1,2.2
2025-10-12 11:00:00,11,1630.0,3.4
2025-10-12 12:00:00,12,2421.7,3.4
2025-10-12 13:00:00,13,3036.5,3.1
2025-10-12 14:00:00,14,3370.8,2.8
2025-10-12 15:00:00,15,3154.1,2.7
2025-10-12 16:00:00,16,2993.2,2.5
2025-10-12 17:00:00,17,2713.5,3.5
2025-10-12 18:00:00,18,2466.1,3.4
2025-10-12 19:00:00,19,1688.6,3.3
2025-10-12 20:00:00,20,564.9,3.5
2025-10-12 21:00:00,21,96.4,1.9
2025-10-12 22:00:00,22,0.0,1.6
2025-10-12 23:00:00,23,0.0,0.4
2025-10-13 00:00:00,0,0.0,0.7
2025-10-13 01:00:00,1,0.0,0.5
2025-10-13 02:00:00,2,0.0,0.6
2025-10-13 03:00:00,3,0.0,0.9
2025-10-13 04:00:00,4,0.0,0.5
2025-10-13 05:00:00,5,0.0,0.5
2025-10-13 06:00:00,6,0.0,0.8
2025-10-13 07:00:00,7,0.0,0.6
2025-10-13 08:00:00,8,0.0,0.3
2025-10-13 09:00:00,9,40.0,0.8
2025-10-13 10:00:00,10,576.0,4.5
2025-10-13 11:00:00,11,1507.2,3.6
2025-10-13 12:00:00,12,2023.3,3.2
2025-10-13 13:00:00,13,2362.0,4.2
2025-10-13 14:00:00,14,3400.2,3.4
2025-10-13 15:00:00,15,3436.2,3.2
2025-10-13 16:00:00,16,3278.5,3.6
2025-10-13 17:00:00,17,2985.3,2.3
2025-10-13 18:00:00,18,2262.4,3.0
2025-10-13 19:00:00,19,1205.4,4.1
2025-10-13 20:00:00,20,462.2,2.8
2025-10-13 21:00:00,21,62.6,1.0
2025-10-13 22:00:00,22,0.0,0.6
2025-10-13 23:00:00,23,0.0,0.5
2025-10-14 00:00:00,0,0.0,0.7
2025-10-14 01:00:00,1,0.0,1.0
2025-10-14 02:00:00,2,0.0,2.9
2025-10-14 03:00:00,3,0.0,1.5
2025-10-14 04:00:00,4,0.0,2.1
2025-10-14 05:00:00,5,0.0,2.1
2025-10-14 06:00:00,6,0.0,2.0
2025-10-14 07:00:00,7,0.0,0.7
2025-10-14 08:00:00,8,0.0,1.1
2025-10-14 09:00:00,9,38.2,0.9
2025-10-14 10:00:00,10,604.7,2.9
2025-10-14 11:00:00,11,1521.0,3.2
2025-10-14 12:00:00,12,2466.0,3.1
2025-10-14 13:00:00,13,2898.8,3.5
2025-10-14 14:00:00,14,3298.9,2.3
2025-10-14 15:00:00,15,3394.7,3.4
2025-10-14 16:00:00,16,3426.7,4.8
2025-10-14 17:00:00,17,2992.7,4.9
2025-10-14 18:00:00,18,2444.5,4.6
2025-10-14 19:00:00,19,1535.8,2.3
2025-10-14 20:00:00,20,,
2025-10-14 21:00:00,21,56.2,1.9
2025-10-14 22:00:00,22,0.0,0.6
2025-10-14 23:00:00,23,0.0,1.2
2025-10-15 00:00:00,0,0.0,1.1
2025-10-15 01:00:00,1,0.0,0.5
2025-10-15 02:00:00,2,0.0,1.4
2025-10-15 03:00:00,3,0.0,1.7
2025-10-15 04:00:00,4,0.0,0.9
2025-10-15 05:00:00,5,0.0,0.5
2025-10-15 06:00:00,6,0.0,0.7
2025-10-15 07:00:00,7,0.0,0.6
2025-10-15 08:00:00,8,0.0,1.2
2025-10-15 09:00:00,9,35.6,0.5
2025-10-15 10:00:00,10,610.1,1.4
2025-10-15 11:00:00,11,1601.5,3.4
2025-10-15 12:00:00,12,2398.1,3.8
2025-10-15 13:00:00,13,3007.3,4.0
2025-10-15 14:00:00,14,3341.8,4.0
2025-10-15 15:00:00,15,3228.4,4.8
2025-10-15 16:00:00,16,3354.6,4.0
2025-10-15 17:00:00,17,2728.1,4.0
2025-10-15 18:00:00,18,2264.3,2.1
2025-10-15 19:00:00,19,1573.3,4.0
2025-10-15 20:00:00,20,457.1,4.4
2025-10-15 21:00:00,21,84.3,3.0
2025-10-15 22:00:00,22,0.0,2.0
2025-10-15 23:00:00,23,0.0,2.0
2025-10-16 00:00:00,0,0.0,2.0
2025-10-16 01:00:00,1,0.0,0.6
2025-10-16 02:00:00,2,0.0,0.9
2025-10-16 03:00:00,3,0.0,0.7
2025-10-16 04:00:00,4,0.0,0.5
2025-10-16 05:00:00,5,0.0,0.7
2025-10-16 06:00:00,6,0.0,0.9
2025-10-16 07:00:00,7,0.0,2.7
2025-10-16 08:00:00,8,0.0,1.3
2025-10-16 09:00:00,9,34.7,1.9
2025-10-16 10:00:00,10,641.1,3.9
2025-10-16 11:00:00,11,1655.4,4.3
2025-10-16 12:00:00,12,2453.0,4.9
2025-10-16 13:00:00,13,3063.6,4.7
2025-10-16 14:00:00,14,3388.2,5.1
2025-10-16 15:00:00,15,3509.4,4.0
2025-10-16 16:00:00,16,3355.1,4.3
2025-10-16 17:00:00,17,3005.7,4.1
2025-10-16 18:00:00,18,2432.4,3.8
2025-10-16 19:00:00,19,1664.7,3.3
2025-10-16 20:00:00,20,450.1,2.8
2025-10-16 21:00:00,21,89.1,1.3
2025-10-16 22:00:00,22,0.0,1.2
2025-10-16 23:00:00,23,0.0,0.4
2025-10-17 00:00:00,0,0.0,0.6
2025-10-17 01:00:00,1,0.0,0.3
2025-10-17 02:00:00,2,0.0,0.6
2025-10-17 03:00:00,3,0.0,0.5
2025-10-17 04:00:00,4,0.0,0.6
2025-10-17 05:00:00,5,0.0,0.6
2025-10-17 06:00:00,6,0.0,0.6
2025-10-17 07:00:00,7,0.0,0.5
2025-10-17 08:00:00,8,0.0,0.7
2025-10-17 09:00:00,9,42.3,1.2
2025-10-17 10:00:00,10,641.9,2.8
2025-10-17 11:00:00,11,1650.3,4.3
2025-10-17 12:00:00,12,2448.0,4.1
2025-10-17 13:00:00,13,3037.4,4.8
2025-10-17 14:00:00,14,3387.5,3.1
2025-10-17 15:00:00,15,3458.0,3.3
2025-10-17 16:00:00,16,3320.1,2.7
2025-10-17 17:00:00,17,2970.6,2.4
2025-10-17 18:00:00,18,2354.5,2.7
2025-10-17 19:00:00,19,1620.1,1.9
2025-10-17 20:00:00,20,450.6,2.1
2025-10-17 21:00:00,21,87.3,1.3
2025-10-17 22:00:00,22,0.0,0.6
2025-10-17 23:00:00,23,0.0,0.4
2025-10-18 00:00:00,0,0.0,0.4
2025-10-18 01:00:00,1,0.0,0.6
2025-10-18 02:00:00,2,0.0,0.7
2025-10-18 03:00:00,3,0.0,1.1
2025-10-18 04:00:00,4,0.0,0.7
2025-10-18 05:00:00,5,0.0,0.5
2025-10-18 06:00:00,6,0.0,0.4
2025-10-18 07:00:00,7,0.0,0.5
2025-10-18 08:00:00,8,0.0,0.5
2025-10-18 09:00:00,9,51.1,1.1
2025-10-18 10:00:00,10,636.0,0.5
2025-10-18 11:00:00,11,1580.8,3.3
2025-10-18 12:00:00,12,2398.3,2.6
2025-10-18 13:00:00,13,3002.2,2.6
2025-10-18 14:00:00,14,3353.5,2.0
2025-10-18 15:00:00,15,3080.3,3.5
2025-10-18 16:00:00,16,2571.4,1.6
2025-10-18 17:00:00,17,2717.8,3.5
2025-10-18 18:00:00,18,2084.9,2.7
2025-10-18 19:00:00,19,1172.2,1.6
2025-10-18 20:00:00,20,314.0,1.2
2025-10-18 21:00:00,21,45.3,0.7
2025-10-18 22:00:00,22,0.0,1.0
2025-10-18 23:00:00,23,0.0,0.6
2025-10-19 00:00:00,0,0.0,0.5
2025-10-19 01:00:00,1,0.0,0.4
2025-10-19 02:00:00,2,0.0,0.9
2025-10-19 03:00:00,3,0.0,0.5
2025-10-19 04:00:00,4,0.0,0.4
2025-10-19 05:00:00,5,0.0,0.8
2025-10-19 06:00:00,6,0.0,0.6
2025-10-19 07:00:00,7,0.0,0.7
2025-10-19 08:00:00,8,0.0,0.5
2025-10-19 09:00:00,9,41.0,1.3
2025-10-19 10:00:00,10,560.3,0.6
2025-10-19 11:00:00,11,1498.8,2.0
2025-10-19 12:00:00,12,2327.7,1.3
2025-10-19 13:00:00,13,2946.3,1.9
2025-10-19 14:00:00,14,3254.1,1.3
2025-10-19 15:00:00,15,3311.6,2.3
2025-10-19 16:00:00,16,3283.7,1.4
2025-10-19 17:00:00,17,2910.1,2.8
2025-10-19 18:00:00,18,2388.8,1.7
2025-10-19 19:00:00,19,1527.7,2.4
2025-10-19 20:00:00,20,182.4,4.1
2025-10-19 21:00:00,21,32.9,0.7
2025-10-19 22:00:00,22,0.0,4.2
2025-10-19 23:00:00,23,0.0,1.9
2025-10-20 00:00:00,0,0.0,1.0
2025-10-20 01:00:00,1,1.3,1.8
2025-10-20 02:00:00,2,1.6,1.1
2025-10-20 03:00:00,3,0.6,0.9
2025-10-20 04:00:00,4,0.0,1.6
2025-10-20 05:00:00,5,0.0,1.9
2025-10-20 06:00:00,6,0.0,1.2
2025-10-20 07:00:00,7,0.0,1.0
2025-10-20 08:00:00,8,0.0,0.6
2025-10-20 09:00:00,9,42.2,0.4
2025-10-20 10:00:00,10,448.2,1.7
2025-10-20 11:00:00,11,1458.9,2.7
2025-10-20 12:00:00,12,2106.6,1.0
2025-10-20 13:00:00,13,2448.3,1.5
2025-10-20 14:00:00,14,2847.3,2.2
2025-10-20 15:00:00,15,2752.1,2.7
2025-10-20 16:00:00,16,2873.0,3.2
2025-10-20 17:00:00,17,542.6,6.8
2025-10-20 18:00:00,18,211.6,1.8
2025-10-20 19:00:00,19,185.6,1.2
2025-10-20 20:00:00,20,270.0,1.8
2025-10-20 21:00:00,21,59.4,1.3
2025-10-20 22:00:00,22,0.0,0.6
2025-10-20 23:00:00,23,0.0,0.4
2025-10-21 00:00:00,0,0.0,0.8
2025-10-21 01:00:00,1,0.0,0.6
2025-10-21 02:00:00,2,0.0,0.3
2025-10-21 03:00:00,3,0.0,1.5
2025-10-21 04:00:00,4,0.0,1.6
2025-10-21 05:00:00,5,0.0,1.6
2025-10-21 06:00:00,6,0.0,3.9
2025-10-21 07:00:00,7,0.0,4.8
2025-10-21 08:00:00,8,0.0,4.8
2025-10-21 09:00:00,9,49.9,3.4
2025-10-21 10:00:00,10,438.2,3.3
2025-10-21 11:00:00,11,923.1,3.9
2025-10-21 12:00:00,12,496.1,3.4
2025-10-21 13:00:00,13,1231.9,2.8
2025-10-21 14:00:00,14,1152.9,3.1
2025-10-21 15:00:00,15,834.8,3.2
2025-10-21 16:00:00,16,1189.9,4.8
2025-10-21 17:00:00,17,1428.4,3.9
2025-10-21 18:00:00,18,1289.7,4.2
2025-10-21 19:00:00,19,962.1,4.2
2025-10-21 20:00:00,20,307.2,3.0
2025-10-21 21:00:00,21,43.0,1.4
2025-10-21 22:00:00,22,0.0,0.8
2025-10-21 23:00:00,23,0.0,1.0
2025-10-22 00:00:00,0,0.0,2.0
2025-10-22 01:00:00,1,0.0,2.8
2025-10-22 02:00:00,2,0.0,3.2
2025-10-22 03:00:00,3,0.0,4.0
2025-10-22 04:00:00,4,0.0,4.7
2025-10-22 05:00:00,5,0.0,4.0
2025-10-22 06:00:00,6,0.0,4.1
2025-10-22 07:00:00,7,0.0,4.3
2025-10-22 08:00:00,8,0.0,3.4
2025-10-22 09:00:00,9,39.5,2.6
2025-10-22 10:00:00,10,586.9,4.1
2025-10-22 11:00:00,11,1558.3,3.9
2025-10-22 12:00:00,12,1677.5,4.6
2025-10-22 13:00:00,13,2588.4,4.1
2025-10-22 14:00:00,14,2468.6,4.4
2025-10-22 15:00:00,15,2569.2,4.0
2025-10-22 16:00:00,16,,
2025-10-22 17:00:00,17,,
2025-10-22 18:00:00,18,,
2025-10-22 19:00:00,19,,
2025-10-22 20:00:00,20,,
2025-10-22 21:00:00,21,,
2025-10-22 22:00:00,22,,
2025-10-22 23:00:00,23,0.0,2.1
2025-10-23 00:00:00,0,0.0,3.1
2025-10-23 01:00:00,1,0.0,3.9
2025-10-23 02:00:00,2,0.0,2.8
2025-10-23 03:00:00,3,0.0,3.2
2025-10-23 04:00:00,4,0.0,2.7
2025-10-23 05:00:00,5,0.0,3.5
2025-10-23 06:00:00,6,0.0,3.6
2025-10-23 07:00:00,7,0.0,3.9
2025-10-23 08:00:00,8,0.0,4.2
2025-10-23 09:00:00,9,,
2025-10-23 10:00:00,10,270.1,4.7
2025-10-23 11:00:00,11,1726.5,5.7
2025-10-23 12:00:00,12,2565.2,4.7
2025-10-23 13:00:00,13,3195.6,4.9
2025-10-23 14:00:00,14,3607.4,6.3
2025-10-23 15:00:00,15,3725.5,5.2
2025-10-23 16:00:00,16,3583.7,3.4
2025-10-23 17:00:00,17,3199.4,2.9
2025-10-23 18:00:00,18,2460.3,3.8
2025-10-23 19:00:00,19,1705.7,3.9
2025-10-23 20:00:00,20,408.3,3.7
2025-10-23 21:00:00,21,69.3,2.8
2025-10-23 22:00:00,22,0.0,2.4
2025-10-23 23:00:00,23,0.0,0.9
2025-10-24 00:00:00,0,0.0,0.4
2025-10-24 01:00:00,1,0.0,0.6
2025-10-24 02:00:00,2,0.0,0.4
2025-10-24 03:00:00,3,0.0,0.6
2025-10-24 04:00:00,4,0.0,3.8
2025-10-24 05:00:00,5,0.0,3.4
2025-10-24 06:00:00,6,0.0,4.9
2025-10-24 07:00:00,7,0.0,4.3
2025-10-24 08:00:00,8,0.0,4.2
2025-10-24 09:00:00,9,40.5,4.1
2025-10-24 10:00:00,10,119.3,
2025-10-24 11:00:00,11,1689.7,6.4
2025-10-24 12:00:00,12,2523.1,5.5
2025-10-24 13:00:00,13,3192.1,5.7
2025-10-24 14:00:00,14,3632.7,5.2
2025-10-24 15:00:00,15,2851.9,5.5
2025-10-24 16:00:00,16,2658.8,3.6
2025-10-24 17:00:00,17,3017.6,4.4
2025-10-24 18:00:00,18,1942.0,4.4
2025-10-24 19:00:00,19,1430.2,3.9
2025-10-24 20:00:00,20,471.1,4.3
2025-10-24 21:00:00,21,79.3,2.5
2025-10-24 22:00:00,22,0.0,2.6
2025-10-24 23:00:00,23,0.0,0.9
2025-10-25 00:00:00,0,0.0,1.2
2025-10-25 01:00:00,1,0.0,0.5
2025-10-25 02:00:00,2,0.0,0.7
2025-10-25 03:00:00,3,0.0,0.7
2025-10-25 04:00:00,4,,
2025-10-25 05:00:00,5,,
2025-10-25 06:00:00,6,,
2025-10-25 07:00:00,7,,
2025-10-25 08:00:00,8,,
2025-10-25 09:00:00,9,,
2025-10-25 10:00:00,10,193.6,4.5
2025-10-25 11:00:00,11,1441.9,4.5
2025-10-25 12:00:00,12,2506.9,4.7
2025-10-25 13:00:00,13,3149.5,4.6
2025-10-25 14:00:00,14,3548.5,5.4
2025-10-25 15:00:00,15,3684.8,4.5
2025-10-25 16:00:00,16,3403.3,3.8
2025-10-25 17:00:00,17,3160.8,3.4
2025-10-25 18:00:00,18,2573.8,3.1
2025-10-25 19:00:00,19,1714.4,3.8
2025-10-25 20:00:00,20,,
2025-10-25 21:00:00,21,,
2025-10-25 22:00:00,22,,
2025-10-25 23:00:00,23,,
2025-10-26 00:00:00,0,,
2025-10-26 01:00:00,1,,
2025-10-26 02:00:00,2,,
2025-10-26 03:00:00,3,,
2025-10-26 04:00:00,4,,
2025-10-26 05:00:00,5,,
2025-10-26 06:00:00,6,,
2025-10-26 07:00:00,7,,
2025-10-26 08:00:00,8,,
2025-10-26 09:00:00,9,,
2025-10-26 10:00:00,10,,
2025-10-26 11:00:00,11,,
2025-10-26 12:00:00,12,,
2025-10-26 13:00:00,13,,
2025-10-26 14:00:00,14,,
2025-10-26 15:00:00,15,,
2025-10-26 16:00:00,16,,
2025-10-26 17:00:00,17,,
2025-10-26 18:00:00,18,,
2025-10-26 19:00:00,19,,
2025-10-26 20:00:00,20,,
2025-10-26 21:00:00,21,,
2025-10-26 22:00:00,22,,
2025-10-26 23:00:00,23,,
2025-10-27 00:00:00,0,,
2025-10-27 01:00:00,1,,
2025-10-27 02:00:00,2,,
2025-10-27 03:00:00,3,,
2025-10-27 04:00:00,4,,
2025-10-27 05:00:00,5,,
2025-10-27 06:00:00,6,,
2025-10-27 07:00:00,7,,
2025-10-27 08:00:00,8,,
2025-10-27 09:00:00,9,,
2025-10-27 10:00:00,10,,
2025-10-27 11:00:00,11,,
2025-10-27 12:00:00,12,,
2025-10-27 13:00:00,13,,
2025-10-27 14:00:00,14,,
2025-10-27 15:00:00,15,,
2025-10-27 16:00:00,16,,
2025-10-27 17:00:00,17,,
2025-10-27 18:00:00,18,,
2025-10-27 19:00:00,19,,
2025-10-27 20:00:00,20,,
2025-10-27 21:00:00,21,,
2025-10-27 22:00:00,22,,
2025-10-27 23:00:00,23,,
2025-10-28 00:00:00,0,,
2025-10-28 01:00:00,1,,
2025-10-28 02:00:00,2,,
2025-10-28 03:00:00,3,,
2025-10-28 04:00:00,4,,
2025-10-28 05:00:00,5,,
2025-10-28 06:00:00,6,,
2025-10-28 07:00:00,7,,
2025-10-28 08:00:00,8,,
2025-10-28 09:00:00,9,,
2025-10-28 10:00:00,10,,
2025-10-28 11:00:00,11,,
2025-10-28 12:00:00,12,,
2025-10-28 13:00:00,13,,
2025-10-28 14:00:00,14,,
2025-10-28 15:00:00,15,,
2025-10-28 16:00:00,16,,
2025-10-28 17:00:00,17,,
2025-10-28 18:00:00,18,,
2025-10-28 19:00:00,19,,
2025-10-28 20:00:00,20,,
2025-10-28 21:00:00,21,,
2025-10-28 22:00:00,22,,
2025-10-28 23:00:00,23,,
2025-10-29 00:00:00,0,,
2025-10-29 01:00:00,1,,
2025-10-29 02:00:00,2,,
2025-10-29 03:00:00,3,,
2025-10-29 04:00:00,4,,
2025-10-29 05:00:00,5,,
2025-10-29 06:00:00,6,,
2025-10-29 07:00:00,7,,
2025-10-29 08:00:00,8,,
2025-10-29 09:00:00,9,,
2025-10-29 10:00:00,10,,
2025-10-29 11:00:00,11,,
2025-10-29 12:00:00,12,,
2025-10-29 13:00:00,13,,
2025-10-29 14:00:00,14,,
2025-10-29 15:00:00,15,,
2025-10-29 16:00:00,16,,
2025-10-29 17:00:00,17,,
2025-10-29 18:00:00,18,,
2025-10-29 19:00:00,19,,
2025-10-29 20:00:00,20,,
2025-10-29 21:00:00,21,,
2025-10-29 22:00:00,22,,
2025-10-29 23:00:00,23,,
2025-10-30 00:00:00,0,,
2025-10-30 01:00:00,1,,
2025-10-30 02:00:00,2,,
2025-10-30 03:00:00,3,,
2025-10-30 04:00:00,4,,
2025-10-30 05:00:00,5,,
2025-10-30 06:00:00,6,,
2025-10-30 07:00:00,7,,
2025-10-30 08:00:00,8,,
2025-10-30 09:00:00,9,,
2025-10-30 10:00:00,10,,
2025-10-30 11:00:00,11,,
2025-10-30 12:00:00,12,,
2025-10-30 13:00:00,13,,
2025-10-30 14:00:00,14,,
2025-10-30 15:00:00,15,,
2025-10-30 16:00:00,16,,
2025-10-30 17:00:00,17,,
2025-10-30 18:00:00,18,,
2025-10-30 19:00:00,19,,
2025-10-30 20:00:00,20,,
2025-10-30 21:00:00,21,,
2025-10-30 22:00:00,22,,
2025-10-30 23:00:00,23,,
2025-10-31 00:00:00,0,,
2025-10-31 01:00:00,1,,
2025-10-31 02:00:00,2,,
2025-10-31 03:00:00,3,,
2025-10-31 04:00:00,4,,
2025-10-31 05:00:00,5,,
2025-10-31 06:00:00,6,,
2025-10-31 07:00:00,7,,
2025-10-31 08:00:00,8,,
2025-10-31 09:00:00,9,,
2025-10-31 10:00:00,10,,
2025-10-31 11:00:00,11,,
2025-10-31 12:00:00,12,,
2025-10-31 13:00:00,13,,
2025-10-31 14:00:00,14,,
2025-10-31 15:00:00,15,,
2025-10-31 16:00:00,16,,
2025-10-31 17:00:00,17,,
2025-10-31 18:00:00,18,,
2025-10-31 19:00:00,19,,
2025-10-31 20:00:00,20,,
2025-10-31 21:00:00,21,,
2025-10-31 22:00:00,22,,
2025-10-31 23:00:00,23,,
2025-11-01 00:00:00,0,,
2025-11-01 01:00:00,1,,
2025-11-01 02:00:00,2,,
2025-11-01 03:00:00,3,,
2025-11-01 04:00:00,4,,
2025-11-01 05:00:00,5,,
2025-11-01 06:00:00,6,,
2025-11-01 07:00:00,7,,
2025-11-01 08:00:00,8,,
2025-11-01 09:00:00,9,,
2025-11-01 10:00:00,10,,
2025-11-01 11:00:00,11,,
2025-11-01 12:00:00,12,,
2025-11-01 13:00:00,13,,
2025-11-01 14:00:00,14,,
2025-11-01 15:00:00,15,,
2025-11-01 16:00:00,16,,
2025-11-01 17:00:00,17,,
2025-11-01 18:00:00,18,,
2025-11-01 19:00:00,19,,
2025-11-01 20:00:00,20,,
2025-11-01 21:00:00,21,,
2025-11-01 22:00:00,22,,
2025-11-01 23:00:00,23,,
2025-11-02 00:00:00,0,,
2025-11-02 01:00:00,1,,
2025-11-02 02:00:00,2,,
2025-11-02 03:00:00,3,,
2025-11-02 04:00:00,4,,
2025-11-02 05:00:00,5,,
2025-11-02 06:00:00,6,,
2025-11-02 07:00:00,7,,
2025-11-02 08:00:00,8,,
2025-11-02 09:00:00,9,,
2025-11-02 10:00:00,10,,
2025-11-02 11:00:00,11,,
2025-11-02 12:00:00,12,,
2025-11-02 13:00:00,13,,
2025-11-02 14:00:00,14,,
2025-11-02 15:00:00,15,,
2025-11-02 16:00:00,16,,
2025-11-02 17:00:00,17,,
2025-11-02 18:00:00,18,,
2025-11-02 19:00:00,19,,
2025-11-02 20:00:00,20,,
2025-11-02 21:00:00,21,,
2025-11-02 22:00:00,22,,
2025-11-02 23:00:00,23,,
2025-11-03 00:00:00,0,,
2025-11-03 01:00:00,1,,
2025-11-03 02:00:00,2,,
2025-11-03 03:00:00,3,,
2025-11-03 04:00:00,4,,
2025-11-03 05:00:00,5,,
2025-11-03 06:00:00,6,,
2025-11-03 07:00:00,7,,
2025-11-03 08:00:00,8,,
2025-11-03 09:00:00,9,,
2025-11-03 10:00:00,10,,
2025-11-03 11:00:00,11,,
2025-11-03 12:00:00,12,,
2025-11-03 13:00:00,13,,
2025-11-03 14:00:00,14,,
2025-11-03 15:00:00,15,,
2025-11-03 16:00:00,16,,
2025-11-03 17:00:00,17,,
2025-11-03 18:00:00,18,,
2025-11-03 19:00:00,19,,
2025-11-03 20:00:00,20,,
2025-11-03 21:00:00,21,,
2025-11-03 22:00:00,22,,
2025-11-03 23:00:00,23,,
2025-11-04 00:00:00,0,,
2025-11-04 01:00:00,1,,
2025-11-04 02:00:00,2,,
2025-11-04 03:00:00,3,,
2025-11-04 04:00:00,4,,
2025-11-04 05:00:00,5,,
2025-11-04 06:00:00,6,,
2025-11-04 07:00:00,7,,
2025-11-04 08:00:00,8,,
2025-11-04 09:00:00,9,,
2025-11-04 10:00:00,10,,
2025-11-04 11:00:00,11,,
2025-11-04 12:00:00,12,,
2025-11-04 13:00:00,13,,
2025-11-04 14:00:00,14,,
2025-11-04 15:00:00,15,,
2025-11-04 16:00:00,16,,
2025-11-04 17:00:00,17,,
2025-11-04 18:00:00,18,,
2025-11-04 19:00:00,19,,
2025-11-04 20:00:00,20,,
2025-11-04 21:00:00,21,,
2025-11-04 22:00:00,22,,
2025-11-04 23:00:00,23,,
2025-11-05 00:00:00,0,,
2025-11-05 01:00:00,1,,
2025-11-05 02:00:00,2,,
2025-11-05 03:00:00,3,,
2025-11-05 04:00:00,4,,
2025-11-05 05:00:00,5,,
2025-11-05 06:00:00,6,,
2025-11-05 07:00:00,7,,
2025-11-05 08:00:00,8,,
2025-11-05 09:00:00,9,,
2025-11-05 10:00:00,10,,
2025-11-05 11:00:00,11,,
2025-11-05 12:00:00,12,,
2025-11-05 13:00:00,13,,
2025-11-05 14:00:00,14,,
2025-11-05 15:00:00,15,,
2025-11-05 16:00:00,16,,
2025-11-05 17:00:00,17,,
2025-11-05 18:00:00,18,,
2025-11-05 19:00:00,19,,
2025-11-05 20:00:00,20,,
2025-11-05 21:00:00,21,,
2025-11-05 22:00:00,22,,
2025-11-05 23:00:00,23,,
2025-11-06 00:00:00,0,,
2025-11-06 01:00:00,1,,
2025-11-06 02:00:00,2,,
2025-11-06 03:00:00,3,,
2025-11-06 04:00:00,4,,
2025-11-06 05:00:00,5,,
2025-11-06 06:00:00,6,,
2025-11-06 07:00:00,7,,
2025-11-06 08:00:00,8,,
2025-11-06 09:00:00,9,,
2025-11-06 10:00:00,10,,
2025-11-06 11:00:00,11,,
2025-11-06 12:00:00,12,,
2025-11-06 13:00:00,13,,
2025-11-06 14:00:00,14,,
2025-11-06 15:00:00,15,,
2025-11-06 16:00:00,16,,
2025-11-06 17:00:00,17,,
2025-11-06 18:00:00,18,,
2025-11-06 19:00:00,19,,
2025-11-06 20:00:00,20,,
2025-11-06 21:00:00,21,,
2025-11-06 22:00:00,22,,
2025-11-06 23:00:00,23,,
2025-11-07 00:00:00,0,,
2025-11-07 01:00:00,1,,
2025-11-07 02:00:00,2,,
2025-11-07 03:00:00,3,,
2025-11-07 04:00:00,4,,
2025-11-07 05:00:00,5,,
2025-11-07 06:00:00,6,,
2025-11-07 07:00:00,7,,
2025-11-07 08:00:00,8,,
2025-11-07 09:00:00,9,,
2025-11-07 10:00:00,10,,
2025-11-07 11:00:00,11,,
2025-11-07 12:00:00,12,,
2025-11-07 13:00:00,13,,
2025-11-07 14:00:00,14,,
2025-11-07 15:00:00,15,,
2025-11-07 16:00:00,16,,
2025-11-07 17:00:00,17,,
2025-11-07 18:00:00,18,,
2025-11-07 19:00:00,19,,
2025-11-07 20:00:00,20,,
2025-11-07 21:00:00,21,,
2025-11-07 22:00:00,22,,
2025-11-07 23:00:00,23,,
2025-11-08 00:00:00,0,,
2025-11-08 01:00:00,1,,
2025-11-08 02:00:00,2,,
2025-11-08 03:00:00,3,,
2025-11-08 04:00:00,4,,
2025-11-08 05:00:00,5,,
2025-11-08 06:00:00,6,,
2025-11-08 07:00:00,7,,
2025-11-08 08:00:00,8,,
2025-11-08 09:00:00,9,,
2025-11-08 10:00:00,10,,
2025-11-08 11:00:00,11,,
2025-11-08 12:00:00,12,,
2025-11-08 13:00:00,13,,
2025-11-08 14:00:00,14,,
2025-11-08 15:00:00,15,,
2025-11-08 16:00:00,16,,
2025-11-08 17:00:00,17,,
2025-11-08 18:00:00,18,,
2025-11-08 19:00:00,19,,
2025-11-08 20:00:00,20,,
2025-11-08 21:00:00,21,,
2025-11-08 22:00:00,22,,
2025-11-08 23:00:00,23,,
2025-11-09 00:00:00,0,,
2025-11-09 01:00:00,1,,
2025-11-09 02:00:00,2,,
2025-11-09 03:00:00,3,,
2025-11-09 04:00:00,4,,
2025-11-09 05:00:00,5,,
2025-11-09 06:00:00,6,,
2025-11-09 07:00:00,7,,
2025-11-09 08:00:00,8,,
2025-11-09 09:00:00,9,,
2025-11-09 10:00:00,10,,
2025-11-09 11:00:00,11,,
2025-11-09 12:00:00,12,,
2025-11-09 13:00:00,13,,
2025-11-09 14:00:00,14,,
2025-11-09 15:00:00,15,,
2025-11-09 16:00:00,16,,
2025-11-09 17:00:00,17,,
2025-11-09 18:00:00,18,,
2025-11-09 19:00:00,19,,
2025-11-09 20:00:00,20,,
2025-11-09 21:00:00,21,,
2025-11-09 22:00:00,22,,
2025-11-09 23:00:00,23,,
2025-11-10 00:00:00,0,,
2025-11-10 01:00:00,1,,
2025-11-10 02:00:00,2,,
2025-11-10 03:00:00,3,,
2025-11-10 04:00:00,4,,
2025-11-10 05:00:00,5,,
2025-11-10 06:00:00,6,,
2025-11-10 07:00:00,7,,
2025-11-10 08:00:00,8,,
2025-11-10 09:00:00,9,,
2025-11-10 10:00:00,10,,
2025-11-10 11:00:00,11,,
2025-11-10 12:00:00,12,,
2025-11-10 13:00:00,13,,
2025-11-10 14:00:00,14,,
2025-11-10 15:00:00,15,,
2025-11-10 16:00:00,16,,
2025-11-10 17:00:00,17,,
2025-11-10 18:00:00,18,,
2025-11-10 19:00:00,19,,
2025-11-10 20:00:00,20,,
2025-11-10 21:00:00,21,,
2025-11-10 22:00:00,22,,
2025-11-10 23:00:00,23,,
2025-11-11 00:00:00,0,,
2025-11-11 01:00:00,1,,
2025-11-11 02:00:00,2,,
2025-11-11 03:00:00,3,,
2025-11-11 04:00:00,4,,
2025-11-11 05:00:00,5,,
2025-11-11 06:00:00,6,,
2025-11-11 07:00:00,7,,
2025-11-11 08:00:00,8,,
2025-11-11 09:00:00,9,,
2025-11-11 10:00:00,10,,
2025-11-11 11:00:00,11,,
2025-11-11 12:00:00,12,,
2025-11-11 13:00:00,13,,
2025-11-11 14:00:00,14,,
2025-11-11 15:00:00,15,,
2025-11-11 16:00:00,16,,
2025-11-11 17:00:00,17,,
2025-11-11 18:00:00,18,,
2025-11-11 19:00:00,19,,
2025-11-11 20:00:00,20,,
2025-11-11 21:00:00,21,,
2025-11-11 22:00:00,22,,
2025-11-11 23:00:00,23,,
2025-11-12 00:00:00,0,,
2025-11-12 01:00:00,1,,
2025-11-12 02:00:00,2,,
2025-11-12 03:00:00,3,,
2025-11-12 04:00:00,4,,
2025-11-12 05:00:00,5,,
2025-11-12 06:00:00,6,,
2025-11-12 07:00:00,7,,
2025-11-12 08:00:00,8,,
2025-11-12 09:00:00,9,,
2025-11-12 10:00:00,10,,
2025-11-12 11:00:00,11,,
2025-11-12 12:00:00,12,,
2025-11-12 13:00:00,13,,
2025-11-12 14:00:00,14,,
2025-11-12 15:00:00,15,,
2025-11-12 16:00:00,16,,
2025-11-12 17:00:00,17,,
2025-11-12 18:00:00,18,,
2025-11-12 19:00:00,19,,
2025-11-12 20:00:00,20,,
2025-11-12 21:00:00,21,,
2025-11-12 22:00:00,22,,
2025-11-12 23:00:00,23,,
2025-11-13 00:00:00,0,,
2025-11-13 01:00:00,1,,
2025-11-13 02:00:00,2,,
2025-11-13 03:00:00,3,,
2025-11-13 04:00:00,4,,
2025-11-13 05:00:00,5,,
2025-11-13 06:00:00,6,,
2025-11-13 07:00:00,7,,
2025-11-13 08:00:00,8,,
2025-11-13 09:00:00,9,,
2025-11-13 10:00:00,10,,
2025-11-13 11:00:00,11,,
2025-11-13 12:00:00,12,,
2025-11-13 13:00:00,13,,
2025-11-13 14:00:00,14,,
2025-11-13 15:00:00,15,,
2025-11-13 16:00:00,16,,
2025-11-13 17:00:00,17,,
2025-11-13 18:00:00,18,,
2025-11-13 19:00:00,19,,
2025-11-13 20:00:00,20,,
2025-11-13 21:00:00,21,,
2025-11-13 22:00:00,22,,
2025-11-13 23:00:00,23,,
2025-11-14 00:00:00,0,,
2025-11-14 01:00:00,1,,
2025-11-14 02:00:00,2,,
2025-11-14 03:00:00,3,,
2025-11-14 04:00:00,4,,
2025-11-14 05:00:00,5,,
2025-11-14 06:00:00,6,,
2025-11-14 07:00:00,7,,
2025-11-14 08:00:00,8,,
2025-11-14 09:00:00,9,,
2025-11-14 10:00:00,10,,
2025-11-14 11:00:00,11,,
2025-11-14 12:00:00,12,,
2025-11-14 13:00:00,13,,
2025-11-14 14:00:00,14,,
2025-11-14 15:00:00,15,,
2025-11-14 16:00:00,16,,
2025-11-14 17:00:00,17,,
2025-11-14 18:00:00,18,,
2025-11-14 19:00:00,19,,
2025-11-14 20:00:00,20,,
2025-11-14 21:00:00,21,,
2025-11-14 22:00:00,22,,
2025-11-14 23:00:00,23,,
2025-11-15 00:00:00,0,,
2025-11-15 01:00:00,1,,
2025-11-15 02:00:00,2,,
2025-11-15 03:00:00,3,,
2025-11-15 04:00:00,4,,
2025-11-15 05:00:00,5,,
2025-11-15 06:00:00,6,,
2025-11-15 07:00:00,7,,
2025-11-15 08:00:00,8,,
2025-11-15 09:00:00,9,,
2025-11-15 10:00:00,10,,
2025-11-15 11:00:00,11,,
2025-11-15 12:00:00,12,,
2025-11-15 13:00:00,13,,
2025-11-15 14:00:00,14,,
2025-11-15 15:00:00,15,,
2025-11-15 16:00:00,16,,
2025-11-15 17:00:00,17,,
2025-11-15 18:00:00,18,,
2025-11-15 19:00:00,19,,
2025-11-15 20:00:00,20,,
2025-11-15 21:00:00,21,,
2025-11-15 22:00:00,22,,
2025-11-15 23:00:00,23,,
2025-11-16 00:00:00,0,,
2025-11-16 01:00:00,1,,
2025-11-16 02:00:00,2,,
2025-11-16 03:00:00,3,,
2025-11-16 04:00:00,4,,
2025-11-16 05:00:00,5,,
2025-11-16 06:00:00,6,,
2025-11-16 07:00:00,7,,
2025-11-16 08:00:00,8,,
2025-11-16 09:00:00,9,,
2025-11-16 10:00:00,10,,
2025-11-16 11:00:00,11,,
2025-11-16 12:00:00,12,,
2025-11-16 13:00:00,13,,
2025-11-16 14:00:00,14,,
2025-11-16 15:00:00,15,,
2025-11-16 16:00:00,16,,
2025-11-16 17:00:00,17,,
2025-11-16 18:00:00,18,,
2025-11-16 19:00:00,19,,
2025-11-16 20:00:00,20,,
2025-11-16 21:00:00,21,,
2025-11-16 22:00:00,22,,
2025-11-16 23:00:00,23,,
2025-11-17 00:00:00,0,,
2025-11-17 01:00:00,1,,
2025-11-17 02:00:00,2,,
2025-11-17 03:00:00,3,,
2025-11-17 04:00:00,4,,
2025-11-17 05:00:00,5,,
2025-11-17 06:00:00,6,,
2025-11-17 07:00:00,7,,
2025-11-17 08:00:00,8,,
2025-11-17 09:00:00,9,,
2025-11-17 10:00:00,10,,
2025-11-17 11:00:00,11,,
2025-11-17 12:00:00,12,,
2025-11-17 13:00:00,13,,
2025-11-17 14:00:00,14,,
2025-11-17 15:00:00,15,,
2025-11-17 16:00:00,16,,
2025-11-17 17:00:00,17,,
2025-11-17 18:00:00,18,,
2025-11-17 19:00:00,19,,
2025-11-17 20:00:00,20,,
2025-11-17 21:00:00,21,,
2025-11-17 22:00:00,22,,
2025-11-17 23:00:00,23,,
2025-11-18 00:00:00,0,,
2025-11-18 01:00:00,1,,
2025-11-18 02:00:00,2,,
2025-11-18 03:00:00,3,,
2025-11-18 04:00:00,4,,
2025-11-18 05:00:00,5,,
2025-11-18 06:00:00,6,,
2025-11-18 07:00:00,7,,
2025-11-18 08:00:00,8,,
2025-11-18 09:00:00,9,,
2025-11-18 10:00:00,10,,
2025-11-18 11:00:00,11,,
2025-11-18 12:00:00,12,,
2025-11-18 13:00:00,13,,
2025-11-18 14:00:00,14,,
2025-11-18 15:00:00,15,,
2025-11-18 16:00:00,16,,
2025-11-18 17:00:00,17,,
2025-11-18 18:00:00,18,,
2025-11-18 19:00:00,19,,
2025-11-18 20:00:00,20,,
2025-11-18 21:00:00,21,,
2025-11-18 22:00:00,22,,
2025-11-18 23:00:00,23,,
2025-11-19 00:00:00,0,,
2025-11-19 01:00:00,1,,
2025-11-19 02:00:00,2,,
2025-11-19 03:00:00,3,,
2025-11-19 04:00:00,4,,
2025-11-19 05:00:00,5,,
2025-11-19 06:00:00,6,,
2025-11-19 07:00:00,7,,
2025-11-19 08:00:00,8,,
2025-11-19 09:00:00,9,,
2025-11-19 10:00:00,10,,
2025-11-19 11:00:00,11,,
2025-11-19 12:00:00,12,,
2025-11-19 13:00:00,13,,
2025-11-19 14:00:00,14,,
2025-11-19 15:00:00,15,,
2025-11-19 16:00:00,16,,
2025-11-19 17:00:00,17,,
2025-11-19 18:00:00,18,,
2025-11-19 19:00:00,19,,
2025-11-19 20:00:00,20,,
2025-11-19 21:00:00,21,,
2025-11-19 22:00:00,22,,
2025-11-19 23:00:00,23,,
2025-11-20 00:00:00,0,,
2025-11-20 01:00:00,1,,
2025-11-20 02:00:00,2,,
2025-11-20 03:00:00,3,,
2025-11-20 04:00:00,4,,
2025-11-20 05:00:00,5,,
2025-11-20 06:00:00,6,,
2025-11-20 07:00:00,7,,
2025-11-20 08:00:00,8,,
2025-11-20 09:00:00,9,,
2025-11-20 10:00:00,10,,
2025-11-20 11:00:00,11,,
2025-11-20 12:00:00,12,,
2025-11-20 13:00:00,13,,
2025-11-20 14:00:00,14,,
2025-11-20 15:00:00,15,,
2025-11-20 16:00:00,16,,
2025-11-20 17:00:00,17,,
2025-11-20 18:00:00,18,,
2025-11-20 19:00:00,19,,
2025-11-20 20:00:00,20,,
2025-11-20 21:00:00,21,,
2025-11-20 22:00:00,22,,
2025-11-20 23:00:00,23,,
2025-11-21 00:00:00,0,,
2025-11-21 01:00:00,1,,
2025-11-21 02:00:00,2,,
2025-11-21 03:00:00,3,,
2025-11-21 04:00:00,4,,
2025-11-21 05:00:00,5,,
2025-11-21 06:00:00,6,,
2025-11-21 07:00:00,7,,
2025-11-21 08:00:00,8,,
2025-11-21 09:00:00,9,,
2025-11-21 10:00:00,10,,
2025-11-21 11:00:00,11,,
2025-11-21 12:00:00,12,,
2025-11-21 13:00:00,13,,
2025-11-21 14:00:00,14,,
2025-11-21 15:00:00,15,,
2025-11-21 16:00:00,16,,
2025-11-21 17:00:00,17,,
2025-11-21 18:00:00,18,,
2025-11-21 19:00:00,19,,
2025-11-21 20:00:00,20,,
2025-11-21 21:00:00,21,,
2025-11-21 22:00:00,22,,
2025-11-21 23:00:00,23,,
2025-11-22 00:00:00,0,,
2025-11-22 01:00:00,1,,
2025-11-22 02:00:00,2,,
2025-11-22 03:00:00,3,,
2025-11-22 04:00:00,4,,
2025-11-22 05:00:00,5,,
2025-11-22 06:00:00,6,,
2025-11-22 07:00:00,7,,
2025-11-22 08:00:00,8,,
2025-11-22 09:00:00,9,,
2025-11-22 10:00:00,10,,
2025-11-22 11:00:00,11,,
2025-11-22 12:00:00,12,,
2025-11-22 13:00:00,13,,
2025-11-22 14:00:00,14,,
2025-11-22 15:00:00,15,,
2025-11-22 16:00:00,16,,
2025-11-22 17:00:00,17,,
2025-11-22 18:00:00,18,,
2025-11-22 19:00:00,19,,
2025-11-22 20:00:00,20,,
2025-11-22 21:00:00,21,,
2025-11-22 22:00:00,22,,
2025-11-22 23:00:00,23,,
2025-11-23 00:00:00,0,,
2025-11-23 01:00:00,1,,
2025-11-23 02:00:00,2,,
2025-11-23 03:00:00,3,,
2025-11-23 04:00:00,4,,
2025-11-23 05:00:00,5,,
2025-11-23 06:00:00,6,,
2025-11-23 07:00:00,7,,
2025-11-23 08:00:00,8,,
2025-11-23 09:00:00,9,,
2025-11-23 10:00:00,10,,
2025-11-23 11:00:00,11,,
2025-11-23 12:00:00,12,,
2025-11-23 13:00:00,13,,
2025-11-23 14:00:00,14,,
2025-11-23 15:00:00,15,,
2025-11-23 16:00:00,16,,
2025-11-23 17:00:00,17,,
2025-11-23 18:00:00,18,,
2025-11-23 19:00:00,19,,
2025-11-23 20:00:00,20,,
2025-11-23 21:00:00,21,,
2025-11-23 22:00:00,22,,
2025-11-23 23:00:00,23,,
2025-11-24 00:00:00,0,,
2025-11-24 01:00:00,1,,
2025-11-24 02:00:00,2,,
2025-11-24 03:00:00,3,,
2025-11-24 04:00:00,4,,
2025-11-24 05:00:00,5,,
2025-11-24 06:00:00,6,,
2025-11-24 07:00:00,7,,
2025-11-24 08:00:00,8,,
2025-11-24 09:00:00,9,,
2025-11-24 10:00:00,10,,
2025-11-24 11:00:00,11,,
2025-11-24 12:00:00,12,,
2025-11-24 13:00:00,13,,
2025-11-24 14:00:00,14,,
2025-11-24 15:00:00,15,,
2025-11-24 16:00:00,16,,
2025-11-24 17:00:00,17,,
2025-11-24 18:00:00,18,,
2025-11-24 19:00:00,19,,
2025-11-24 20:00:00,20,,
2025-11-24 21:00:00,21,,
2025-11-24 22:00:00,22,,
2025-11-24 23:00:00,23,,
2025-11-25 00:00:00,0,,
2025-11-25 01:00:00,1,,
2025-11-25 02:00:00,2,,
2025-11-25 03:00:00,3,,
2025-11-25 04:00:00,4,,
2025-11-25 05:00:00,5,,
2025-11-25 06:00:00,6,,
2025-11-25 07:00:00,7,,
2025-11-25 08:00:00,8,,
2025-11-25 09:00:00,9,,
2025-11-25 10:00:00,10,,
2025-11-25 11:00:00,11,,
2025-11-25 12:00:00,12,,
2025-11-25 13:00:00,13,,
2025-11-25 14:00:00,14,,
2025-11-25 15:00:00,15,,
2025-11-25 16:00:00,16,,
2025-11-25 17:00:00,17,,
2025-11-25 18:00:00,18,,
2025-11-25 19:00:00,19,,
2025-11-25 20:00:00,20,,
2025-11-25 21:00:00,21,,
2025-11-25 22:00:00,22,,
2025-11-25 23:00:00,23,,
2025-11-26 00:00:00,0,,
2025-11-26 01:00:00,1,,
2025-11-26 02:00:00,2,,
2025-11-26 03:00:00,3,,
2025-11-26 04:00:00,4,,
2025-11-26 05:00:00,5,,
2025-11-26 06:00:00,6,,
2025-11-26 07:00:00,7,,
2025-11-26 08:00:00,8,,
2025-11-26 09:00:00,9,,
2025-11-26 10:00:00,10,,
2025-11-26 11:00:00,11,,
2025-11-26 12:00:00,12,,
2025-11-26 13:00:00,13,,
2025-11-26 14:00:00,14,,
2025-11-26 15:00:00,15,,
2025-11-26 16:00:00,16,,
2025-11-26 17:00:00,17,,
2025-11-26 18:00:00,18,,
2025-11-26 19:00:00,19,,
2025-11-26 20:00:00,20,,
2025-11-26 21:00:00,21,,
2025-11-26 22:00:00,22,,
2025-11-26 23:00:00,23,,
2025-11-27 00:00:00,0,,
2025-11-27 01:00:00,1,,
2025-11-27 02:00:00,2,,
2025-11-27 03:00:00,3,,
2025-11-27 04:00:00,4,,
2025-11-27 05:00:00,5,,
2025-11-27 06:00:00,6,,
2025-11-27 07:00:00,7,,
2025-11-27 08:00:00,8,,
2025-11-27 09:00:00,9,,
2025-11-27 10:00:00,10,,
2025-11-27 11:00:00,11,,
2025-11-27 12:00:00,12,,
2025-11-27 13:00:00,13,,
2025-11-27 14:00:00,14,,
2025-11-27 15:00:00,15,,
2025-11-27 16:00:00,16,,
2025-11-27 17:00:00,17,,
2025-11-27 18:00:00,18,,
2025-11-27 19:00:00,19,,
2025-11-27 20:00:00,20,,
2025-11-27 21:00:00,21,,
2025-11-27 22:00:00,22,,
2025-11-27 23:00:00,23,,
2025-11-28 00:00:00,0,,
2025-11-28 01:00:00,1,,
2025-11-28 02:00:00,2,,
2025-11-28 03:00:00,3,,
2025-11-28 04:00:00,4,,
2025-11-28 05:00:00,5,,
2025-11-28 06:00:00,6,,
2025-11-28 07:00:00,7,,
2025-11-28 08:00:00,8,,
2025-11-28 09:00:00,9,,
2025-11-28 10:00:00,10,,
2025-11-28 11:00:00,11,,
2025-11-28 12:00:00,12,,
2025-11-28 13:00:00,13,,
2025-11-28 14:00:00,14,,
2025-11-28 15:00:00,15,,
2025-11-28 16:00:00,16,,
2025-11-28 17:00:00,17,,
2025-11-28 18:00:00,18,,
2025-11-28 19:00:00,19,,
2025-11-28 20:00:00,20,,
2025-11-28 21:00:00,21,,
2025-11-28 22:00:00,22,,
2025-11-28 23:00:00,23,,
2025-11-29 00:00:00,0,,
2025-11-29 01:00:00,1,,
2025-11-29 02:00:00,2,,
2025-11-29 03:00:00,3,,
2025-11-29 04:00:00,4,,
2025-11-29 05:00:00,5,,
2025-11-29 06:00:00,6,,
2025-11-29 07:00:00,7,,
2025-11-29 08:00:00,8,,
2025-11-29 09:00:00,9,,
2025-11-29 10:00:00,10,,
2025-11-29 11:00:00,11,,
2025-11-29 12:00:00,12,,
2025-11-29 13:00:00,13,,
2025-11-29 14:00:00,14,,
2025-11-29 15:00:00,15,,
2025-11-29 16:00:00,16,,
2025-11-29 17:00:00,17,,
2025-11-29 18:00:00,18,,
2025-11-29 19:00:00,19,,
2025-11-29 20:00:00,20,,
2025-11-29 21:00:00,21,,
2025-11-29 22:00:00,22,,
2025-11-29 23:00:00,23,,
2025-11-30 00:00:00,0,,
2025-11-30 01:00:00,1,,
2025-11-30 02:00:00,2,,
2025-11-30 03:00:00,3,,
2025-11-30 04:00:00,4,,
2025-11-30 05:00:00,5,,
2025-11-30 06:00:00,6,,
2025-11-30 07:00:00,7,,
2025-11-30 08:00:00,8,,
2025-11-30 09:00:00,9,,
2025-11-30 10:00:00,10,,
2025-11-30 11:00:00,11,,
2025-11-30 12:00:00,12,,
2025-11-30 13:00:00,13,,
2025-11-30 14:00:00,14,,
2025-11-30 15:00:00,15,,
2025-11-30 16:00:00,16,,
2025-11-30 17:00:00,17,,
2025-11-30 18:00:00,18,,
2025-11-30 19:00:00,19,,
2025-11-30 20:00:00,20,,
2025-11-30 21:00:00,21,,
2025-11-30 22:00:00,22,,
2025-11-30 23:00:00,23,,
2025-12-01 00:00:00,0,,
2025-12-01 01:00:00,1,,
2025-12-01 02:00:00,2,,
2025-12-01 03:00:00,3,,
2025-12-01 04:00:00,4,,
2025-12-01 05:00:00,5,,
2025-12-01 06:00:00,6,,
2025-12-01 07:00:00,7,,
2025-12-01 08:00:00,8,,
2025-12-01 09:00:00,9,,
2025-12-01 10:00:00,10,,
2025-12-01 11:00:00,11,,
2025-12-01 12:00:00,12,,
2025-12-01 13:00:00,13,,
2025-12-01 14:00:00,14,,
2025-12-01 15:00:00,15,,
2025-12-01 16:00:00,16,,
2025-12-01 17:00:00,17,,
2025-12-01 18:00:00,18,,
2025-12-01 19:00:00,19,,
2025-12-01 20:00:00,20,,
2025-12-01 21:00:00,21,,
2025-12-01 22:00:00,22,,
2025-12-01 23:00:00,23,,
2025-12-02 00:00:00,0,,
2025-12-02 01:00:00,1,,
2025-12-02 02:00:00,2,,
2025-12-02 03:00:00,3,,
2025-12-02 04:00:00,4,,
2025-12-02 05:00:00,5,,
2025-12-02 06:00:00,6,,
2025-12-02 07:00:00,7,,
2025-12-02 08:00:00,8,,
2025-12-02 09:00:00,9,,
2025-12-02 10:00:00,10,,
2025-12-02 11:00:00,11,,
2025-12-02 12:00:00,12,,
2025-12-02 13:00:00,13,,
2025-12-02 14:00:00,14,,
2025-12-02 15:00:00,15,,
2025-12-02 16:00:00,16,,
2025-12-02 17:00:00,17,,
2025-12-02 18:00:00,18,,
2025-12-02 19:00:00,19,,
2025-12-02 20:00:00,20,,
2025-12-02 21:00:00,21,,
2025-12-02 22:00:00,22,,
2025-12-02 23:00:00,23,,
2025-12-03 00:00:00,0,,
2025-12-03 01:00:00,1,,
2025-12-03 02:00:00,2,,
2025-12-03 03:00:00,3,,
2025-12-03 04:00:00,4,,
2025-12-03 05:00:00,5,,
2025-12-03 06:00:00,6,,
2025-12-03 07:00:00,7,,
2025-12-03 08:00:00,8,,
2025-12-03 09:00:00,9,,
2025-12-03 10:00:00,10,,
2025-12-03 11:00:00,11,,
2025-12-03 12:00:00,12,,
2025-12-03 13:00:00,13,,
2025-12-03 14:00:00,14,,
2025-12-03 15:00:00,15,,
2025-12-03 16:00:00,16,,
2025-12-03 17:00:00,17,,
2025-12-03 18:00:00,18,,
2025-12-03 19:00:00,19,,
2025-12-03 20:00:00,20,,
2025-12-03 21:00:00,21,,
2025-12-03 22:00:00,22,,
2025-12-03 23:00:00,23,,
2025-12-04 00:00:00,0,,
2025-12-04 01:00:00,1,,
2025-12-04 02:00:00,2,,
2025-12-04 03:00:00,3,,
2025-12-04 04:00:00,4,,
2025-12-04 05:00:00,5,,
2025-12-04 06:00:00,6,,
2025-12-04 07:00:00,7,,
2025-12-04 08:00:00,8,,
2025-12-04 09:00:00,9,,
2025-12-04 10:00:00,10,,
2025-12-04 11:00:00,11,,
2025-12-04 12:00:00,12,,
2025-12-04 13:00:00,13,,
2025-12-04 14:00:00,14,,
2025-12-04 15:00:00,15,,
2025-12-04 16:00:00,16,,
2025-12-04 17:00:00,17,,
2025-12-04 18:00:00,18,,
2025-12-04 19:00:00,19,,
2025-12-04 20:00:00,20,,
2025-12-04 21:00:00,21,,
2025-12-04 22:00:00,22,,
2025-12-04 23:00:00,23,,
2025-12-05 00:00:00,0,,
2025-12-05 01:00:00,1,,
2025-12-05 02:00:00,2,,
2025-12-05 03:00:00,3,,
2025-12-05 04:00:00,4,,
2025-12-05 05:00:00,5,,
2025-12-05 06:00:00,6,,
2025-12-05 07:00:00,7,,
2025-12-05 08:00:00,8,,
2025-12-05 09:00:00,9,,
2025-12-05 10:00:00,10,,
2025-12-05 11:00:00,11,,
2025-12-05 12:00:00,12,,
2025-12-05 13:00:00,13,,
2025-12-05 14:00:00,14,,
2025-12-05 15:00:00,15,,
2025-12-05 16:00:00,16,,
2025-12-05 17:00:00,17,,
2025-12-05 18:00:00,18,,
2025-12-05 19:00:00,19,,
2025-12-05 20:00:00,20,,
2025-12-05 21:00:00,21,,
2025-12-05 22:00:00,22,,
2025-12-05 23:00:00,23,,
2025-12-06 00:00:00,0,,
2025-12-06 01:00:00,1,,
2025-12-06 02:00:00,2,,
2025-12-06 03:00:00,3,,
2025-12-06 04:00:00,4,,
2025-12-06 05:00:00,5,,
2025-12-06 06:00:00,6,,
2025-12-06 07:00:00,7,,
2025-12-06 08:00:00,8,,
2025-12-06 09:00:00,9,,
2025-12-06 10:00:00,10,,
2025-12-06 11:00:00,11,,
2025-12-06 12:00:00,12,,
2025-12-06 13:00:00,13,,
2025-12-06 14:00:00,14,,
2025-12-06 15:00:00,15,,
2025-12-06 16:00:00,16,,
2025-12-06 17:00:00,17,,
2025-12-06 18:00:00,18,,
2025-12-06 19:00:00,19,,
2025-12-06 20:00:00,20,,
2025-12-06 21:00:00,21,,
2025-12-06 22:00:00,22,,
2025-12-06 23:00:00,23,,
2025-12-07 00:00:00,0,,
2025-12-07 01:00:00,1,,
2025-12-07 02:00:00,2,,
2025-12-07 03:00:00,3,,
2025-12-07 04:00:00,4,,
2025-12-07 05:00:00,5,,
2025-12-07 06:00:00,6,,
2025-12-07 07:00:00,7,,
2025-12-07 08:00:00,8,,
2025-12-07 09:00:00,9,,
2025-12-07 10:00:00,10,,
2025-12-07 11:00:00,11,,
2025-12-07 12:00:00,12,,
2025-12-07 13:00:00,13,,
2025-12-07 14:00:00,14,,
2025-12-07 15:00:00,15,,
2025-12-07 16:00:00,16,,
2025-12-07 17:00:00,17,,
2025-12-07 18:00:00,18,,
2025-12-07 19:00:00,19,,
2025-12-07 20:00:00,20,,
2025-12-07 21:00:00,21,,
2025-12-07 22:00:00,22,,
2025-12-07 23:00:00,23,,
2025-12-08 00:00:00,0,,
2025-12-08 01:00:00,1,,
2025-12-08 02:00:00,2,,
2025-12-08 03:00:00,3,,
2025-12-08 04:00:00,4,,
2025-12-08 05:00:00,5,,
2025-12-08 06:00:00,6,,
2025-12-08 07:00:00,7,,
2025-12-08 08:00:00,8,,
2025-12-08 09:00:00,9,,
2025-12-08 10:00:00,10,,
2025-12-08 11:00:00,11,,
2025-12-08 12:00:00,12,,
2025-12-08 13:00:00,13,,
2025-12-08 14:00:00,14,,
2025-12-08 15:00:00,15,,
2025-12-08 16:00:00,16,,
2025-12-08 17:00:00,17,,
2025-12-08 18:00:00,18,,
2025-12-08 19:00:00,19,,
2025-12-08 20:00:00,20,,
2025-12-08 21:00:00,21,,
2025-12-08 22:00:00,22,,
2025-12-08 23:00:00,23,,
2025-12-09 00:00:00,0,,
2025-12-09 01:00:00,1,,
2025-12-09 02:00:00,2,,
2025-12-09 03:00:00,3,,
2025-12-09 04:00:00,4,,
2025-12-09 05:00:00,5,,
2025-12-09 06:00:00,6,,
2025-12-09 07:00:00,7,,
2025-12-09 08:00:00,8,,
2025-12-09 09:00:00,9,,
2025-12-09 10:00:00,10,,
2025-12-09 11:00:00,11,,
2025-12-09 12:00:00,12,,
2025-12-09 13:00:00,13,,
2025-12-09 14:00:00,14,,
2025-12-09 15:00:00,15,,
2025-12-09 16:00:00,16,,
2025-12-09 17:00:00,17,,
2025-12-09 18:00:00,18,,
2025-12-09 19:00:00,19,,
2025-12-09 20:00:00,20,,
2025-12-09 21:00:00,21,,
2025-12-09 22:00:00,22,,
2025-12-09 23:00:00,23,,
2025-12-10 00:00:00,0,,
2025-12-10 01:00:00,1,,
2025-12-10 02:00:00,2,,
2025-12-10 03:00:00,3,,
2025-12-10 04:00:00,4,,
2025-12-10 05:00:00,5,,
2025-12-10 06:00:00,6,,
2025-12-10 07:00:00,7,,
2025-12-10 08:00:00,8,,
2025-12-10 09:00:00,9,,
2025-12-10 10:00:00,10,,
2025-12-10 11:00:00,11,,
2025-12-10 12:00:00,12,,
2025-12-10 13:00:00,13,,
2025-12-10 14:00:00,14,,
2025-12-10 15:00:00,15,,
2025-12-10 16:00:00,16,,
2025-12-10 17:00:00,17,,
2025-12-10 18:00:00,18,,
2025-12-10 19:00:00,19,,
2025-12-10 20:00:00,20,,
2025-12-10 21:00:00,21,,
2025-12-10 22:00:00,22,,
2025-12-10 23:00:00,23,,
2025-12-11 00:00:00,0,,
2025-12-11 01:00:00,1,,
2025-12-11 02:00:00,2,,
2025-12-11 03:00:00,3,,
2025-12-11 04:00:00,4,,
2025-12-11 05:00:00,5,,
2025-12-11 06:00:00,6,,
2025-12-11 07:00:00,7,,
2025-12-11 08:00:00,8,,
2025-12-11 09:00:00,9,,
2025-12-11 10:00:00,10,,
2025-12-11 11:00:00,11,,
2025-12-11 12:00:00,12,,
2025-12-11 13:00:00,13,,
2025-12-11 14:00:00,14,,
2025-12-11 15:00:00,15,,
2025-12-11 16:00:00,16,,
2025-12-11 17:00:00,17,,
2025-12-11 18:00:00,18,,
2025-12-11 19:00:00,19,,
2025-12-11 20:00:00,20,,
2025-12-11 21:00:00,21,,
2025-12-11 22:00:00,22,,
2025-12-11 23:00:00,23,,
2025-12-12 00:00:00,0,,
2025-12-12 01:00:00,1,,
2025-12-12 02:00:00,2,,
2025-12-12 03:00:00,3,,
2025-12-12 04:00:00,4,,
2025-12-12 05:00:00,5,,
2025-12-12 06:00:00,6,,
2025-12-12 07:00:00,7,,
2025-12-12 08:00:00,8,,
2025-12-12 09:00:00,9,,
2025-12-12 10:00:00,10,,
2025-12-12 11:00:00,11,,
2025-12-12 12:00:00,12,,
2025-12-12 13:00:00,13,,
2025-12-12 14:00:00,14,,
2025-12-12 15:00:00,15,,
2025-12-12 16:00:00,16,,
2025-12-12 17:00:00,17,,
2025-12-12 18:00:00,18,,
2025-12-12 19:00:00,19,,
2025-12-12 20:00:00,20,,
2025-12-12 21:00:00,21,,
2025-12-12 22:00:00,22,,
2025-12-12 23:00:00,23,,
2025-12-13 00:00:00,0,,
2025-12-13 01:00:00,1,,
2025-12-13 02:00:00,2,,
2025-12-13 03:00:00,3,,
2025-12-13 04:00:00,4,,
2025-12-13 05:00:00,5,,
2025-12-13 06:00:00,6,,
2025-12-13 07:00:00,7,,
2025-12-13 08:00:00,8,,
2025-12-13 09:00:00,9,,
2025-12-13 10:00:00,10,,
2025-12-13 11:00:00,11,,
2025-12-13 12:00:00,12,,
2025-12-13 13:00:00,13,,
2025-12-13 14:00:00,14,,
2025-12-13 15:00:00,15,,
2025-12-13 16:00:00,16,,
2025-12-13 17:00:00,17,,
2025-12-13 18:00:00,18,,
2025-12-13 19:00:00,19,,
2025-12-13 20:00:00,20,,
2025-12-13 21:00:00,21,,
2025-12-13 22:00:00,22,,
2025-12-13 23:00:00,23,,
2025-12-14 00:00:00,0,,
2025-12-14 01:00:00,1,,
2025-12-14 02:00:00,2,,
2025-12-14 03:00:00,3,,
2025-12-14 04:00:00,4,,
2025-12-14 05:00:00,5,,
2025-12-14 06:00:00,6,,
2025-12-14 07:00:00,7,,
2025-12-14 08:00:00,8,,
2025-12-14 09:00:00,9,,
2025-12-14 10:00:00,10,,
2025-12-14 11:00:00,11,,
2025-12-14 12:00:00,12,,
2025-12-14 13:00:00,13,,
2025-12-14 14:00:00,14,,
2025-12-14 15:00:00,15,,
2025-12-14 16:00:00,16,,
2025-12-14 17:00:00,17,,
2025-12-14 18:00:00,18,,
2025-12-14 19:00:00,19,,
2025-12-14 20:00:00,20,,
2025-12-14 21:00:00,21,,
2025-12-14 22:00:00,22,,
2025-12-14 23:00:00,23,,
2025-12-15 00:00:00,0,,
2025-12-15 01:00:00,1,,
2025-12-15 02:00:00,2,,
2025-12-15 03:00:00,3,,
2025-12-15 04:00:00,4,,
2025-12-15 05:00:00,5,,
2025-12-15 06:00:00,6,,
2025-12-15 07:00:00,7,,
2025-12-15 08:00:00,8,,
2025-12-15 09:00:00,9,,
2025-12-15 10:00:00,10,,
2025-12-15 11:00:00,11,,
2025-12-15 12:00:00,12,,
2025-12-15 13:00:00,13,,
2025-12-15 14:00:00,14,,
2025-12-15 15:00:00,15,,
2025-12-15 16:00:00,16,,
2025-12-15 17:00:00,17,,
2025-12-15 18:00:00,18,,
2025-12-15 19:00:00,19,,
2025-12-15 20:00:00,20,,
2025-12-15 21:00:00,21,,
2025-12-15 22:00:00,22,,
2025-12-15 23:00:00,23,,
2025-12-16 00:00:00,0,,
2025-12-16 01:00:00,1,,
2025-12-16 02:00:00,2,,
2025-12-16 03:00:00,3,,
2025-12-16 04:00:00,4,,
2025-12-16 05:00:00,5,,
2025-12-16 06:00:00,6,,
2025-12-16 07:00:00,7,,
2025-12-16 08:00:00,8,,
2025-12-16 09:00:00,9,,
2025-12-16 10:00:00,10,,
2025-12-16 11:00:00,11,,
2025-12-16 12:00:00,12,,
2025-12-16 13:00:00,13,,
2025-12-16 14:00:00,14,,
2025-12-16 15:00:00,15,,
2025-12-16 16:00:00,16,,
2025-12-16 17:00:00,17,,
2025-12-16 18:00:00,18,,
2025-12-16 19:00:00,19,,
2025-12-16 20:00:00,20,,
2025-12-16 21:00:00,21,,
2025-12-16 22:00:00,22,,
2025-12-16 23:00:00,23,,
2025-12-17 00:00:00,0,,
2025-12-17 01:00:00,1,,
2025-12-17 02:00:00,2,,
2025-12-17 03:00:00,3,,
2025-12-17 04:00:00,4,,
2025-12-17 05:00:00,5,,
2025-12-17 06:00:00,6,,
2025-12-17 07:00:00,7,,
2025-12-17 08:00:00,8,,
2025-12-17 09:00:00,9,,
2025-12-17 10:00:00,10,,
2025-12-17 11:00:00,11,,
2025-12-17 12:00:00,12,,
2025-12-17 13:00:00,13,,
2025-12-17 14:00:00,14,,
2025-12-17 15:00:00,15,,
2025-12-17 16:00:00,16,,
2025-12-17 17:00:00,17,,
2025-12-17 18:00:00,18,,
2025-12-17 19:00:00,19,,
2025-12-17 20:00:00,20,,
2025-12-17 21:00:00,21,,
2025-12-17 22:00:00,22,,
2025-12-17 23:00:00,23,,
2025-12-18 00:00:00,0,,
2025-12-18 01:00:00,1,,
2025-12-18 02:00:00,2,,
2025-12-18 03:00:00,3,,
2025-12-18 04:00:00,4,,
2025-12-18 05:00:00,5,,
2025-12-18 06:00:00,6,,
2025-12-18 07:00:00,7,,
2025-12-18 08:00:00,8,,
2025-12-18 09:00:00,9,,
2025-12-18 10:00:00,10,,
2025-12-18 11:00:00,11,,
2025-12-18 12:00:00,12,,
2025-12-18 13:00:00,13,,
2025-12-18 14:00:00,14,,
2025-12-18 15:00:00,15,,
2025-12-18 16:00:00,16,,
2025-12-18 17:00:00,17,,
2025-12-18 18:00:00,18,,
2025-12-18 19:00:00,19,,
2025-12-18 20:00:00,20,,
2025-12-18 21:00:00,21,,
2025-12-18 22:00:00,22,,
2025-12-18 23:00:00,23,,
2025-12-19 00:00:00,0,,
2025-12-19 01:00:00,1,,
2025-12-19 02:00:00,2,,
2025-12-19 03:00:00,3,,
2025-12-19 04:00:00,4,,
2025-12-19 05:00:00,5,,
2025-12-19 06:00:00,6,,
2025-12-19 07:00:00,7,,
2025-12-19 08:00:00,8,,
2025-12-19 09:00:00,9,,
2025-12-19 10:00:00,10,,
2025-12-19 11:00:00,11,,
2025-12-19 12:00:00,12,,
2025-12-19 13:00:00,13,,
2025-12-19 14:00:00,14,,
2025-12-19 15:00:00,15,,
2025-12-19 16:00:00,16,,
2025-12-19 17:00:00,17,,
2025-12-19 18:00:00,18,,
2025-12-19 19:00:00,19,,
2025-12-19 20:00:00,20,,
2025-12-19 21:00:00,21,,
2025-12-19 22:00:00,22,,
2025-12-19 23:00:00,23,,
2025-12-20 00:00:00,0,,
2025-12-20 01:00:00,1,,
2025-12-20 02:00:00,2,,
2025-12-20 03:00:00,3,,
2025-12-20 04:00:00,4,,
2025-12-20 05:00:00,5,,
2025-12-20 06:00:00,6,,
2025-12-20 07:00:00,7,,
2025-12-20 08:00:00,8,,
2025-12-20 09:00:00,9,,
2025-12-20 10:00:00,10,,
2025-12-20 11:00:00,11,,
2025-12-20 12:00:00,12,,
2025-12-20 13:00:00,13,,
2025-12-20 14:00:00,14,,
2025-12-20 15:00:00,15,,
2025-12-20 16:00:00,16,,
2025-12-20 17:00:00,17,,
2025-12-20 18:00:00,18,,
2025-12-20 19:00:00,19,,
2025-12-20 20:00:00,20,,
2025-12-20 21:00:00,21,,
2025-12-20 22:00:00,22,,
2025-12-20 23:00:00,23,,
2025-12-21 00:00:00,0,,
2025-12-21 01:00:00,1,,
2025-12-21 02:00:00,2,,
2025-12-21 03:00:00,3,,
2025-12-21 04:00:00,4,,
2025-12-21 05:00:00,5,,
2025-12-21 06:00:00,6,,
2025-12-21 07:00:00,7,,
2025-12-21 08:00:00,8,,
2025-12-21 09:00:00,9,,
2025-12-21 10:00:00,10,,
2025-12-21 11:00:00,11,,
2025-12-21 12:00:00,12,,
2025-12-21 13:00:00,13,,
2025-12-21 14:00:00,14,,
2025-12-21 15:00:00,15,,
2025-12-21 16:00:00,16,,
2025-12-21 17:00:00,17,,
2025-12-21 18:00:00,18,,
2025-12-21 19:00:00,19,,
2025-12-21 20:00:00,20,,
2025-12-21 21:00:00,21,,
2025-12-21 22:00:00,22,,
2025-12-21 23:00:00,23,,
2025-12-22 00:00:00,0,,
2025-12-22 01:00:00,1,,
2025-12-22 02:00:00,2,,
2025-12-22 03:00:00,3,,
2025-12-22 04:00:00,4,,
2025-12-22 05:00:00,5,,
2025-12-22 06:00:00,6,,
2025-12-22 07:00:00,7,,
2025-12-22 08:00:00,8,,
2025-12-22 09:00:00,9,,
2025-12-22 10:00:00,10,,
2025-12-22 11:00:00,11,,
2025-12-22 12:00:00,12,,
2025-12-22 13:00:00,13,,
2025-12-22 14:00:00,14,,
2025-12-22 15:00:00,15,,
2025-12-22 16:00:00,16,,
2025-12-22 17:00:00,17,,
2025-12-22 18:00:00,18,,
2025-12-22 19:00:00,19,,
2025-12-22 20:00:00,20,,
2025-12-22 21:00:00,21,,
2025-12-22 22:00:00,22,,
2025-12-22 23:00:00,23,,
2025-12-23 00:00:00,0,,
2025-12-23 01:00:00,1,,
2025-12-23 02:00:00,2,,
2025-12-23 03:00:00,3,,
2025-12-23 04:00:00,4,,
2025-12-23 05:00:00,5,,
2025-12-23 06:00:00,6,,
2025-12-23 07:00:00,7,,
2025-12-23 08:00:00,8,,
2025-12-23 09:00:00,9,,
2025-12-23 10:00:00,10,,
2025-12-23 11:00:00,11,,
2025-12-23 12:00:00,12,,
2025-12-23 13:00:00,13,,
2025-12-23 14:00:00,14,,
2025-12-23 15:00:00,15,,
2025-12-23 16:00:00,16,,
2025-12-23 17:00:00,17,,
2025-12-23 18:00:00,18,,
2025-12-23 19:00:00,19,,
2025-12-23 20:00:00,20,,
2025-12-23 21:00:00,21,,
2025-12-23 22:00:00,22,,
2025-12-23 23:00:00,23,,
2025-12-24 00:00:00,0,,
2025-12-24 01:00:00,1,,
2025-12-24 02:00:00,2,,
2025-12-24 03:00:00,3,,
2025-12-24 04:00:00,4,,
2025-12-24 05:00:00,5,,
2025-12-24 06:00:00,6,,
2025-12-24 07:00:00,7,,
2025-12-24 08:00:00,8,,
2025-12-24 09:00:00,9,,
2025-12-24 10:00:00,10,,
2025-12-24 11:00:00,11,,
2025-12-24 12:00:00,12,,
2025-12-24 13:00:00,13,,
2025-12-24 14:00:00,14,,
2025-12-24 15:00:00,15,,
2025-12-24 16:00:00,16,,
2025-12-24 17:00:00,17,,
2025-12-24 18:00:00,18,,
2025-12-24 19:00:00,19,,
2025-12-24 20:00:00,20,,
2025-12-24 21:00:00,21,,
2025-12-24 22:00:00,22,,
2025-12-24 23:00:00,23,,
2025-12-25 00:00:00,0,,
2025-12-25 01:00:00,1,,
2025-12-25 02:00:00,2,,
2025-12-25 03:00:00,3,,
2025-12-25 04:00:00,4,,
2025-12-25 05:00:00,5,,
2025-12-25 06:00:00,6,,
2025-12-25 07:00:00,7,,
2025-12-25 08:00:00,8,,
2025-12-25 09:00:00,9,,
2025-12-25 10:00:00,10,,
2025-12-25 11:00:00,11,,
2025-12-25 12:00:00,12,,
2025-12-25 13:00:00,13,,
2025-12-25 14:00:00,14,,
2025-12-25 15:00:00,15,,
2025-12-25 16:00:00,16,,
2025-12-25 17:00:00,17,,
2025-12-25 18:00:00,18,,
2025-12-25 19:00:00,19,,
2025-12-25 20:00:00,20,,
2025-12-25 21:00:00,21,,
2025-12-25 22:00:00,22,,
2025-12-25 23:00:00,23,,
2025-12-26 00:00:00,0,,
2025-12-26 01:00:00,1,,
2025-12-26 02:00:00,2,,
2025-12-26 03:00:00,3,,
2025-12-26 04:00:00,4,,
2025-12-26 05:00:00,5,,
2025-12-26 06:00:00,6,,
2025-12-26 07:00:00,7,,
2025-12-26 08:00:00,8,,
2025-12-26 09:00:00,9,,
2025-12-26 10:00:00,10,,
2025-12-26 11:00:00,11,,
2025-12-26 12:00:00,12,,
2025-12-26 13:00:00,13,,
2025-12-26 14:00:00,14,,
2025-12-26 15:00:00,15,,
2025-12-26 16:00:00,16,,
2025-12-26 17:00:00,17,,
2025-12-26 18:00:00,18,,
2025-12-26 19:00:00,19,,
2025-12-26 20:00:00,20,,
2025-12-26 21:00:00,21,,
2025-12-26 22:00:00,22,,
2025-12-26 23:00:00,23,,
2025-12-27 00:00:00,0,,
2025-12-27 01:00:00,1,,
2025-12-27 02:00:00,2,,
2025-12-27 03:00:00,3,,
2025-12-27 04:00:00,4,,
2025-12-27 05:00:00,5,,
2025-12-27 06:00:00,6,,
2025-12-27 07:00:00,7,,
2025-12-27 08:00:00,8,,
2025-12-27 09:00:00,9,,
2025-12-27 10:00:00,10,,
2025-12-27 11:00:00,11,,
2025-12-27 12:00:00,12,,
2025-12-27 13:00:00,13,,
2025-12-27 14:00:00,14,,
2025-12-27 15:00:00,15,,
2025-12-27 16:00:00,16,,
2025-12-27 17:00:00,17,,
2025-12-27 18:00:00,18,,
2025-12-27 19:00:00,19,,
2025-12-27 20:00:00,20,,
2025-12-27 21:00:00,21,,
2025-12-27 22:00:00,22,,
2025-12-27 23:00:00,23,,
2025-12-28 00:00:00,0,,
2025-12-28 01:00:00,1,,
2025-12-28 02:00:00,2,,
2025-12-28 03:00:00,3,,
2025-12-28 04:00:00,4,,
2025-12-28 05:00:00,5,,
2025-12-28 06:00:00,6,,
2025-12-28 07:00:00,7,,
2025-12-28 08:00:00,8,,
2025-12-28 09:00:00,9,,
2025-12-28 10:00:00,10,,
2025-12-28 11:00:00,11,,
2025-12-28 12:00:00,12,,
2025-12-28 13:00:00,13,,
2025-12-28 14:00:00,14,,
2025-12-28 15:00:00,15,,
2025-12-28 16:00:00,16,,
2025-12-28 17:00:00,17,,
2025-12-28 18:00:00,18,,
2025-12-28 19:00:00,19,,
2025-12-28 20:00:00,20,,
2025-12-28 21:00:00,21,,
2025-12-28 22:00:00,22,,
2025-12-28 23:00:00,23,,
2025-12-29 00:00:00,0,,
2025-12-29 01:00:00,1,,
2025-12-29 02:00:00,2,,
2025-12-29 03:00:00,3,,
2025-12-29 04:00:00,4,,
2025-12-29 05:00:00,5,,
2025-12-29 06:00:00,6,,
2025-12-29 07:00:00,7,,
2025-12-29 08:00:00,8,,
2025-12-29 09:00:00,9,,
2025-12-29 10:00:00,10,,
2025-12-29 11:00:00,11,,
2025-12-29 12:00:00,12,,
2025-12-29 13:00:00,13,,
2025-12-29 14:00:00,14,,
2025-12-29 15:00:00,15,,
2025-12-29 16:00:00,16,,
2025-12-29 17:00:00,17,,
2025-12-29 18:00:00,18,,
2025-12-29 19:00:00,19,,
2025-12-29 20:00:00,20,,
2025-12-29 21:00:00,21,,
2025-12-29 22:00:00,22,,
2025-12-29 23:00:00,23,,
2025-12-30 00:00:00,0,,
2025-12-30 01:00:00,1,,
2025-12-30 02:00:00,2,,
2025-12-30 03:00:00,3,,
2025-12-30 04:00:00,4,,
2025-12-30 05:00:00,5,,
2025-12-30 06:00:00,6,,
2025-12-30 07:00:00,7,,
2025-12-30 08:00:00,8,,
2025-12-30 09:00:00,9,,
2025-12-30 10:00:00,10,,
2025-12-30 11:00:00,11,,
2025-12-30 12:00:00,12,,
2025-12-30 13:00:00,13,,
2025-12-30 14:00:00,14,,
2025-12-30 15:00:00,15,,
2025-12-30 16:00:00,16,,
2025-12-30 17:00:00,17,,
2025-12-30 18:00:00,18,,
2025-12-30 19:00:00,19,,
2025-12-30 20:00:00,20,,
2025-12-30 21:00:00,21,,
2025-12-30 22:00:00,22,,
2025-12-30 23:00:00,23,,
2025-12-31 00:00:00,0,,
2025-12-31 01:00:00,1,,
2025-12-31 02:00:00,2,,
2025-12-31 03:00:00,3,,
2025-12-31 04:00:00,4,,
2025-12-31 05:00:00,5,,
2025-12-31 06:00:00,6,,
2025-12-31 07:00:00,7,,
2025-12-31 08:00:00,8,,
2025-12-31 09:00:00,9,,
2025-12-31 10:00:00,10,,
2025-12-31 11:00:00,11,,
2025-12-31 12:00:00,12,,
2025-12-31 13:00:00,13,,
2025-12-31 14:00:00,14,,
2025-12-31 15:00:00,15,,
2025-12-31 16:00:00,16,,
2025-12-31 17:00:00,17,,
2025-12-31 18:00:00,18,,
2025-12-31 19:00:00,19,,
2025-12-31 20:00:00,20,,
2025-12-31 21:00:00,21,,
2025-12-31 22:00:00,22,,
2025-12-31 23:00:00,23,,
