datetime_utc,hora,rad_kJm2,vento_ms
2022-01-01 00:00:00,0,,
2022-01-01 01:00:00,1,,
2022-01-01 02:00:00,2,,
2022-01-01 03:00:00,3,,
2022-01-01 04:00:00,4,,
2022-01-01 05:00:00,5,,
2022-01-01 06:00:00,6,,
2022-01-01 07:00:00,7,,
2022-01-01 08:00:00,8,,
2022-01-01 09:00:00,9,,
2022-01-01 10:00:00,10,859.6,4.5
2022-01-01 11:00:00,11,1312.7,5.4
2022-01-01 12:00:00,12,2372.5,5.2
2022-01-01 13:00:00,13,2117.4,5.3
2022-01-01 14:00:00,14,2974.8,6.0
2022-01-01 15:00:00,15,3180.0,5.9
2022-01-01 16:00:00,16,3042.1,5.5
2022-01-01 17:00:00,17,2509.7,5.8
2022-01-01 18:00:00,18,1750.5,5.1
2022-01-01 19:00:00,19,924.4,5.2
2022-01-01 20:00:00,20,,
2022-01-01 21:00:00,21,,
2022-01-01 22:00:00,22,,
2022-01-01 23:00:00,23,,
2022-01-02 00:00:00,0,,
2022-01-02 01:00:00,1,,
2022-01-02 02:00:00,2,,
2022-01-02 03:00:00,3,,
2022-01-02 04:00:00,4,,
2022-01-02 05:00:00,5,,
2022-01-02 06:00:00,6,,
2022-01-02 07:00:00,7,,
2022-01-02 08:00:00,8,,
2022-01-02 09:00:00,9,261.9,3.8
2022-01-02 10:00:00,10,855.5,4.9
2022-01-02 11:00:00,11,1388.7,4.2
2022-01-02 12:00:00,12,2173.5,5.8
2022-01-02 13:00:00,13,3121.7,5.0
2022-01-02 14:00:00,14,3250.2,4.9
2022-01-02 15:00:00,15,3422.6,4.6
2022-01-02 16:00:00,16,3010.7,5.4
2022-01-02 17:00:00,17,2633.6,4.7
2022-01-02 18:00:00,18,2005.5,5.0
2022-01-02 19:00:00,19,1249.8,4.7
2022-01-02 20:00:00,20,,
2022-01-02 21:00:00,21,,
2022-01-02 22:00:00,22,,
2022-01-02 23:00:00,23,,
2022-01-03 00:00:00,0,,
2022-01-03 01:00:00,1,,
2022-01-03 02:00:00,2,,
2022-01-03 03:00:00,3,,
2022-01-03 04:00:00,4,,
2022-01-03 05:00:00,5,,
2022-01-03 06:00:00,6,,
2022-01-03 07:00:00,7,,
2022-01-03 08:00:00,8,,
2022-01-03 09:00:00,9,166.0,3.3
2022-01-03 10:00:00,10,728.3,4.5
2022-01-03 11:00:00,11,1351.5,4.6
2022-01-03 12:00:00,12,2183.7,4.7
2022-01-03 13:00:00,13,2241.7,4.7
2022-01-03 14:00:00,14,3090.7,4.7
2022-01-03 15:00:00,15,3162.8,5.4
2022-01-03 16:00:00,16,2875.3,4.9
2022-01-03 17:00:00,17,2039.7,3.8
2022-01-03 18:00:00,18,1329.3,4.0
2022-01-03 19:00:00,19,,
2022-01-03 20:00:00,20,,
2022-01-03 21:00:00,21,,
2022-01-03 22:00:00,22,,
2022-01-03 23:00:00,23,,
2022-01-04 00:00:00,0,,
2022-01-04 01:00:00,1,,
2022-01-04 02:00:00,2,,
2022-01-04 03:00:00,3,,
2022-01-04 04:00:00,4,,
2022-01-04 05:00:00,5,,
2022-01-04 06:00:00,6,,
2022-01-04 07:00:00,7,,
2022-01-04 08:00:00,8,,
2022-01-04 09:00:00,9,,
2022-01-04 10:00:00,10,691.1,5.1
2022-01-04 11:00:00,11,1467.1,5.0
2022-01-04 12:00:00,12,2101.2,5.6
2022-01-04 13:00:00,13,2905.5,4.7
2022-01-04 14:00:00,14,3241.1,5.5
2022-01-04 15:00:00,15,3458.4,5.1
2022-01-04 16:00:00,16,3256.9,5.1
2022-01-04 17:00:00,17,2863.0,5.8
2022-01-04 18:00:00,18,2252.0,5.0
2022-01-04 19:00:00,19,1495.8,5.0
2022-01-04 20:00:00,20,,
2022-01-04 21:00:00,21,,
2022-01-04 22:00:00,22,,
2022-01-04 23:00:00,23,,
2022-01-05 00:00:00,0,,
2022-01-05 01:00:00,1,,
2022-01-05 02:00:00,2,,
2022-01-05 03:00:00,3,,
2022-01-05 04:00:00,4,,
2022-01-05 05:00:00,5,,
2022-01-05 06:00:00,6,,
2022-01-05 07:00:00,7,,
2022-01-05 08:00:00,8,,
2022-01-05 09:00:00,9,184.2,2.2
2022-01-05 10:00:00,10,557.3,3.8
2022-01-05 11:00:00,11,696.4,2.9
2022-01-05 12:00:00,12,1102.8,2.0
2022-01-05 13:00:00,13,1816.3,3.8
2022-01-05 14:00:00,14,3173.0,4.4
2022-01-05 15:00:00,15,3226.0,4.6
2022-01-05 16:00:00,16,3373.0,4.4
2022-01-05 17:00:00,17,2710.5,3.9
2022-01-05 18:00:00,18,1659.1,4.2
2022-01-05 19:00:00,19,908.4,3.6
2022-01-05 20:00:00,20,,
2022-01-05 21:00:00,21,,
2022-01-05 22:00:00,22,,
2022-01-05 23:00:00,23,,
2022-01-06 00:00:00,0,,
2022-01-06 01:00:00,1,,
2022-01-06 02:00:00,2,,
2022-01-06 03:00:00,3,,
2022-01-06 04:00:00,4,,
2022-01-06 05:00:00,5,,
2022-01-06 06:00:00,6,,
2022-01-06 07:00:00,7,,
2022-01-06 08:00:00,8,,
2022-01-06 09:00:00,9,,
2022-01-06 10:00:00,10,697.7,3.4
2022-01-06 11:00:00,11,1357.8,3.1
2022-01-06 12:00:00,12,2309.2,4.0
2022-01-06 13:00:00,13,2717.3,3.9
2022-01-06 14:00:00,14,3369.5,3.9
2022-01-06 15:00:00,15,3029.5,4.5
2022-01-06 16:00:00,16,3201.8,4.2
2022-01-06 17:00:00,17,2701.1,3.8
2022-01-06 18:00:00,18,2139.5,4.1
2022-01-06 19:00:00,19,1270.9,4.6
2022-01-06 20:00:00,20,,
2022-01-06 21:00:00,21,,
2022-01-06 22:00:00,22,,
2022-01-06 23:00:00,23,,
2022-01-07 00:00:00,0,,
2022-01-07 01:00:00,1,,
2022-01-07 02:00:00,2,,
2022-01-07 03:00:00,3,,
2022-01-07 04:00:00,4,,
2022-01-07 05:00:00,5,,
2022-01-07 06:00:00,6,,
2022-01-07 07:00:00,7,,
2022-01-07 08:00:00,8,,
2022-01-07 09:00:00,9,,
2022-01-07 10:00:00,10,672.6,3.0
2022-01-07 11:00:00,11,1911.8,3.1
2022-01-07 12:00:00,12,2442.1,3.5
2022-01-07 13:00:00,13,2582.1,3.7
2022-01-07 14:00:00,14,3212.6,4.2
2022-01-07 15:00:00,15,2880.5,4.1
2022-01-07 16:00:00,16,3296.7,3.7
2022-01-07 17:00:00,17,2624.8,4.5
2022-01-07 18:00:00,18,2147.3,3.8
2022-01-07 19:00:00,19,1446.3,4.0
2022-01-07 20:00:00,20,,
2022-01-07 21:00:00,21,,
2022-01-07 22:00:00,22,,
2022-01-07 23:00:00,23,,
2022-01-08 00:00:00,0,,
2022-01-08 01:00:00,1,,
2022-01-08 02:00:00,2,,
2022-01-08 03:00:00,3,,
2022-01-08 04:00:00,4,,
2022-01-08 05:00:00,5,,
2022-01-08 06:00:00,6,,
2022-01-08 07:00:00,7,,
2022-01-08 08:00:00,8,,
2022-01-08 09:00:00,9,,
2022-01-08 10:00:00,10,804.3,3.4
2022-01-08 11:00:00,11,1765.5,4.0
2022-01-08 12:00:00,12,2095.1,5.0
2022-01-08 13:00:00,13,2915.0,4.4
2022-01-08 14:00:00,14,2923.1,4.7
2022-01-08 15:00:00,15,3065.0,4.1
2022-01-08 16:00:00,16,2879.3,4.6
2022-01-08 17:00:00,17,2440.0,4.7
2022-01-08 18:00:00,18,1971.2,4.2
2022-01-08 19:00:00,19,1499.9,3.9
2022-01-08 20:00:00,20,,
2022-01-08 21:00:00,21,,
2022-01-08 22:00:00,22,,
2022-01-08 23:00:00,23,,
2022-01-09 00:00:00,0,,
2022-01-09 01:00:00,1,,
2022-01-09 02:00:00,2,,
2022-01-09 03:00:00,3,,
2022-01-09 04:00:00,4,,
2022-01-09 05:00:00,5,,
2022-01-09 06:00:00,6,,
2022-01-09 07:00:00,7,,
2022-01-09 08:00:00,8,,
2022-01-09 09:00:00,9,,
2022-01-09 10:00:00,10,864.3,3.8
2022-01-09 11:00:00,11,1509.7,4.5
2022-01-09 12:00:00,12,2612.1,4.5
2022-01-09 13:00:00,13,3039.4,5.3
2022-01-09 14:00:00,14,3476.3,4.7
2022-01-09 15:00:00,15,3531.9,5.6
2022-01-09 16:00:00,16,3360.2,5.7
2022-01-09 17:00:00,17,2930.9,5.3
2022-01-09 18:00:00,18,2313.7,5.5
2022-01-09 19:00:00,19,1509.2,5.0
2022-01-09 20:00:00,20,,
2022-01-09 21:00:00,21,,
2022-01-09 22:00:00,22,,
2022-01-09 23:00:00,23,,
2022-01-10 00:00:00,0,,
2022-01-10 01:00:00,1,,
2022-01-10 02:00:00,2,,
2022-01-10 03:00:00,3,,
2022-01-10 04:00:00,4,,
2022-01-10 05:00:00,5,,
2022-01-10 06:00:00,6,,
2022-01-10 07:00:00,7,,
2022-01-10 08:00:00,8,,
2022-01-10 09:00:00,9,,
2022-01-10 10:00:00,10,293.5,2.1
2022-01-10 11:00:00,11,1215.2,3.1
2022-01-10 12:00:00,12,2386.3,4.7
2022-01-10 13:00:00,13,3167.7,4.4
2022-01-10 14:00:00,14,3518.4,4.4
2022-01-10 15:00:00,15,3277.9,4.8
2022-01-10 16:00:00,16,3383.7,4.4
2022-01-10 17:00:00,17,2909.4,4.2
2022-01-10 18:00:00,18,2330.1,4.8
2022-01-10 19:00:00,19,1402.1,4.5
2022-01-10 20:00:00,20,,
2022-01-10 21:00:00,21,,
2022-01-10 22:00:00,22,,
2022-01-10 23:00:00,23,,
2022-01-11 00:00:00,0,,
2022-01-11 01:00:00,1,,
2022-01-11 02:00:00,2,,
2022-01-11 03:00:00,3,,
2022-01-11 04:00:00,4,,
2022-01-11 05:00:00,5,,
2022-01-11 06:00:00,6,,
2022-01-11 07:00:00,7,,
2022-01-11 08:00:00,8,,
2022-01-11 09:00:00,9,,
2022-01-11 10:00:00,10,495.1,3.7
2022-01-11 11:00:00,11,1066.5,2.9
2022-01-11 12:00:00,12,1730.3,3.7
2022-01-11 13:00:00,13,1635.9,3.6
2022-01-11 14:00:00,14,2643.6,4.3
2022-01-11 15:00:00,15,2533.7,2.4
2022-01-11 16:00:00,16,1704.9,2.8
2022-01-11 17:00:00,17,2829.6,4.2
2022-01-11 18:00:00,18,1948.2,1.9
2022-01-11 19:00:00,19,568.7,3.4
2022-01-11 20:00:00,20,,
2022-01-11 21:00:00,21,,
2022-01-11 22:00:00,22,,
2022-01-11 23:00:00,23,,
2022-01-12 00:00:00,0,,
2022-01-12 01:00:00,1,,
2022-01-12 02:00:00,2,,
2022-01-12 03:00:00,3,,
2022-01-12 04:00:00,4,,
2022-01-12 05:00:00,5,,
2022-01-12 06:00:00,6,,
2022-01-12 07:00:00,7,,
2022-01-12 08:00:00,8,,
2022-01-12 09:00:00,9,,
2022-01-12 10:00:00,10,759.0,1.2
2022-01-12 11:00:00,11,1412.6,1.4
2022-01-12 12:00:00,12,2536.5,2.9
2022-01-12 13:00:00,13,3031.2,3.4
2022-01-12 14:00:00,14,3391.2,4.0
2022-01-12 15:00:00,15,3194.4,3.9
2022-01-12 16:00:00,16,3237.1,3.1
2022-01-12 17:00:00,17,2710.8,3.6
2022-01-12 18:00:00,18,1585.3,2.9
2022-01-12 19:00:00,19,1064.2,3.0
2022-01-12 20:00:00,20,,
2022-01-12 21:00:00,21,,
2022-01-12 22:00:00,22,,
2022-01-12 23:00:00,23,,
2022-01-13 00:00:00,0,,
2022-01-13 01:00:00,1,,
2022-01-13 02:00:00,2,,
2022-01-13 03:00:00,3,,
2022-01-13 04:00:00,4,,
2022-01-13 05:00:00,5,,
2022-01-13 06:00:00,6,,
2022-01-13 07:00:00,7,,
2022-01-13 08:00:00,8,,
2022-01-13 09:00:00,9,,
2022-01-13 10:00:00,10,1021.9,1.2
2022-01-13 11:00:00,11,1533.2,1.8
2022-01-13 12:00:00,12,2549.8,2.7
2022-01-13 13:00:00,13,3055.5,3.0
2022-01-13 14:00:00,14,3236.5,3.8
2022-01-13 15:00:00,15,3434.4,4.0
2022-01-13 16:00:00,16,3134.8,3.8
2022-01-13 17:00:00,17,2868.7,3.4
2022-01-13 18:00:00,18,2287.5,3.7
2022-01-13 19:00:00,19,1468.5,3.5
2022-01-13 20:00:00,20,,
2022-01-13 21:00:00,21,,
2022-01-13 22:00:00,22,,
2022-01-13 23:00:00,23,,
2022-01-14 00:00:00,0,,
2022-01-14 01:00:00,1,,
2022-01-14 02:00:00,2,,
2022-01-14 03:00:00,3,,
2022-01-14 04:00:00,4,,
2022-01-14 05:00:00,5,,
2022-01-14 06:00:00,6,,
2022-01-14 07:00:00,7,,
2022-01-14 08:00:00,8,,
2022-01-14 09:00:00,9,,
2022-01-14 10:00:00,10,,
2022-01-14 11:00:00,11,828.0,1.8
2022-01-14 12:00:00,12,2027.9,2.6
2022-01-14 13:00:00,13,1580.3,2.7
2022-01-14 14:00:00,14,2755.0,3.1
2022-01-14 15:00:00,15,3709.8,3.2
2022-01-14 16:00:00,16,3287.9,3.6
2022-01-14 17:00:00,17,2867.5,4.0
2022-01-14 18:00:00,18,2298.8,5.5
2022-01-14 19:00:00,19,,
2022-01-14 20:00:00,20,,
2022-01-14 21:00:00,21,,
2022-01-14 22:00:00,22,,
2022-01-14 23:00:00,23,,
2022-01-15 00:00:00,0,,
2022-01-15 01:00:00,1,,
2022-01-15 02:00:00,2,,
2022-01-15 03:00:00,3,,
2022-01-15 04:00:00,4,,
2022-01-15 05:00:00,5,,
2022-01-15 06:00:00,6,,
2022-01-15 07:00:00,7,,
2022-01-15 08:00:00,8,,
2022-01-15 09:00:00,9,,
2022-01-15 10:00:00,10,909.7,1.7
2022-01-15 11:00:00,11,1194.4,2.1
2022-01-15 12:00:00,12,1305.5,1.0
2022-01-15 13:00:00,13,966.6,1.5
2022-01-15 14:00:00,14,3277.3,2.0
2022-01-15 15:00:00,15,1327.1,2.9
2022-01-15 16:00:00,16,868.6,2.6
2022-01-15 17:00:00,17,1282.5,2.4
2022-01-15 18:00:00,18,1331.5,3.1
2022-01-15 19:00:00,19,986.5,2.8
2022-01-15 20:00:00,20,,
2022-01-15 21:00:00,21,,
2022-01-15 22:00:00,22,,
2022-01-15 23:00:00,23,,
2022-01-16 00:00:00,0,,
2022-01-16 01:00:00,1,,
2022-01-16 02:00:00,2,,
2022-01-16 03:00:00,3,,
2022-01-16 04:00:00,4,,
2022-01-16 05:00:00,5,,
2022-01-16 06:00:00,6,,
2022-01-16 07:00:00,7,,
2022-01-16 08:00:00,8,,
2022-01-16 09:00:00,9,,
2022-01-16 10:00:00,10,977.0,2.7
2022-01-16 11:00:00,11,1794.2,3.7
2022-01-16 12:00:00,12,2501.0,3.4
2022-01-16 13:00:00,13,3089.0,4.0
2022-01-16 14:00:00,14,3402.7,4.5
2022-01-16 15:00:00,15,3436.1,4.2
2022-01-16 16:00:00,16,3152.5,4.3
2022-01-16 17:00:00,17,2859.7,3.9
2022-01-16 18:00:00,18,2310.7,4.4
2022-01-16 19:00:00,19,1558.8,5.0
2022-01-16 20:00:00,20,,
2022-01-16 21:00:00,21,,
2022-01-16 22:00:00,22,,
2022-01-16 23:00:00,23,,
2022-01-17 00:00:00,0,,
2022-01-17 01:00:00,1,,
2022-01-17 02:00:00,2,,
2022-01-17 03:00:00,3,,
2022-01-17 04:00:00,4,,
2022-01-17 05:00:00,5,,
2022-01-17 06:00:00,6,,
2022-01-17 07:00:00,7,,
2022-01-17 08:00:00,8,,
2022-01-17 09:00:00,9,,
2022-01-17 10:00:00,10,498.6,2.7
2022-01-17 11:00:00,11,1697.9,5.6
2022-01-17 12:00:00,12,2494.6,4.7
2022-01-17 13:00:00,13,3085.9,4.6
2022-01-17 14:00:00,14,3460.5,4.8
2022-01-17 15:00:00,15,3503.7,5.0
2022-01-17 16:00:00,16,3276.4,5.6
2022-01-17 17:00:00,17,2897.2,5.6
2022-01-17 18:00:00,18,2356.4,6.1
2022-01-17 19:00:00,19,1302.6,5.9
2022-01-17 20:00:00,20,,
2022-01-17 21:00:00,21,,
2022-01-17 22:00:00,22,,
2022-01-17 23:00:00,23,,
2022-01-18 00:00:00,0,,
2022-01-18 01:00:00,1,,
2022-01-18 02:00:00,2,,
2022-01-18 03:00:00,3,,
2022-01-18 04:00:00,4,,
2022-01-18 05:00:00,5,,
2022-01-18 06:00:00,6,,
2022-01-18 07:00:00,7,,
2022-01-18 08:00:00,8,,
2022-01-18 09:00:00,9,,
2022-01-18 10:00:00,10,631.7,1.0
2022-01-18 11:00:00,11,1160.6,2.9
2022-01-18 12:00:00,12,1811.2,4.4
2022-01-18 13:00:00,13,1726.6,5.5
2022-01-18 14:00:00,14,3385.5,5.8
2022-01-18 15:00:00,15,3436.0,5.5
2022-01-18 16:00:00,16,3197.1,4.9
2022-01-18 17:00:00,17,3023.8,4.6
2022-01-18 18:00:00,18,2266.1,4.5
2022-01-18 19:00:00,19,1587.8,4.7
2022-01-18 20:00:00,20,,
2022-01-18 21:00:00,21,,
2022-01-18 22:00:00,22,,
2022-01-18 23:00:00,23,,
2022-01-19 00:00:00,0,,
2022-01-19 01:00:00,1,,
2022-01-19 02:00:00,2,,
2022-01-19 03:00:00,3,,
2022-01-19 04:00:00,4,,
2022-01-19 05:00:00,5,,
2022-01-19 06:00:00,6,,
2022-01-19 07:00:00,7,,
2022-01-19 08:00:00,8,,
2022-01-19 09:00:00,9,,
2022-01-19 10:00:00,10,827.5,2.2
2022-01-19 11:00:00,11,1579.7,4.2
2022-01-19 12:00:00,12,2367.9,5.0
2022-01-19 13:00:00,13,2494.8,5.5
2022-01-19 14:00:00,14,3386.3,5.0
2022-01-19 15:00:00,15,3214.2,5.0
2022-01-19 16:00:00,16,3144.3,5.2
2022-01-19 17:00:00,17,2885.3,5.2
2022-01-19 18:00:00,18,2322.5,5.4
2022-01-19 19:00:00,19,1557.6,4.1
2022-01-19 20:00:00,20,,
2022-01-19 21:00:00,21,,
2022-01-19 22:00:00,22,,
2022-01-19 23:00:00,23,,
2022-01-20 00:00:00,0,,
2022-01-20 01:00:00,1,,
2022-01-20 02:00:00,2,,
2022-01-20 03:00:00,3,,
2022-01-20 04:00:00,4,,
2022-01-20 05:00:00,5,,
2022-01-20 06:00:00,6,,
2022-01-20 07:00:00,7,,
2022-01-20 08:00:00,8,,
2022-01-20 09:00:00,9,,
2022-01-20 10:00:00,10,755.5,3.8
2022-01-20 11:00:00,11,1486.7,4.1
2022-01-20 12:00:00,12,2546.3,4.3
2022-01-20 13:00:00,13,3127.0,4.2
2022-01-20 14:00:00,14,3414.3,4.2
2022-01-20 15:00:00,15,3480.0,4.8
2022-01-20 16:00:00,16,3325.0,4.2
2022-01-20 17:00:00,17,2938.0,4.2
2022-01-20 18:00:00,18,2373.3,4.4
2022-01-20 19:00:00,19,1631.1,4.3
2022-01-20 20:00:00,20,,
2022-01-20 21:00:00,21,,
2022-01-20 22:00:00,22,,
2022-01-20 23:00:00,23,,
2022-01-21 00:00:00,0,,
2022-01-21 01:00:00,1,,
2022-01-21 02:00:00,2,,
2022-01-21 03:00:00,3,,
2022-01-21 04:00:00,4,,
2022-01-21 05:00:00,5,,
2022-01-21 06:00:00,6,,
2022-01-21 07:00:00,7,,
2022-01-21 08:00:00,8,,
2022-01-21 09:00:00,9,,
2022-01-21 10:00:00,10,776.5,2.3
2022-01-21 11:00:00,11,1747.1,3.3
2022-01-21 12:00:00,12,2655.5,3.4
2022-01-21 13:00:00,13,3062.1,3.6
2022-01-21 14:00:00,14,3469.2,3.6
2022-01-21 15:00:00,15,3547.0,4.2
2022-01-21 16:00:00,16,3338.3,3.9
2022-01-21 17:00:00,17,2964.4,4.6
2022-01-21 18:00:00,18,2386.0,4.4
2022-01-21 19:00:00,19,1638.0,4.8
2022-01-21 20:00:00,20,,
2022-01-21 21:00:00,21,,
2022-01-21 22:00:00,22,,
2022-01-21 23:00:00,23,,
2022-01-22 00:00:00,0,,
2022-01-22 01:00:00,1,,
2022-01-22 02:00:00,2,,
2022-01-22 03:00:00,3,,
2022-01-22 04:00:00,4,,
2022-01-22 05:00:00,5,,
2022-01-22 06:00:00,6,,
2022-01-22 07:00:00,7,,
2022-01-22 08:00:00,8,,
2022-01-22 09:00:00,9,,
2022-01-22 10:00:00,10,762.7,1.9
2022-01-22 11:00:00,11,1605.8,3.3
2022-01-22 12:00:00,12,2195.4,3.3
2022-01-22 13:00:00,13,3164.8,3.7
2022-01-22 14:00:00,14,3327.2,3.8
2022-01-22 15:00:00,15,3563.3,3.8
2022-01-22 16:00:00,16,3495.8,3.9
2022-01-22 17:00:00,17,2918.0,3.8
2022-01-22 18:00:00,18,2222.9,3.5
2022-01-22 19:00:00,19,1645.4,3.1
2022-01-22 20:00:00,20,,
2022-01-22 21:00:00,21,,
2022-01-22 22:00:00,22,,
2022-01-22 23:00:00,23,,
2022-01-23 00:00:00,0,,
2022-01-23 01:00:00,1,,
2022-01-23 02:00:00,2,,
2022-01-23 03:00:00,3,,
2022-01-23 04:00:00,4,,
2022-01-23 05:00:00,5,,
2022-01-23 06:00:00,6,,
2022-01-23 07:00:00,7,,
2022-01-23 08:00:00,8,,
2022-01-23 09:00:00,9,,
2022-01-23 10:00:00,10,892.2,2.9
2022-01-23 11:00:00,11,1708.1,3.0
2022-01-23 12:00:00,12,2310.9,3.5
2022-01-23 13:00:00,13,2632.3,3.5
2022-01-23 14:00:00,14,3301.5,3.9
2022-01-23 15:00:00,15,3451.3,3.7
2022-01-23 16:00:00,16,3210.1,3.5
2022-01-23 17:00:00,17,2870.8,3.7
2022-01-23 18:00:00,18,2343.0,3.5
2022-01-23 19:00:00,19,1552.6,3.5
2022-01-23 20:00:00,20,,
2022-01-23 21:00:00,21,,
2022-01-23 22:00:00,22,,
2022-01-23 23:00:00,23,,
2022-01-24 00:00:00,0,,
2022-01-24 01:00:00,1,,
2022-01-24 02:00:00,2,,
2022-01-24 03:00:00,3,,
2022-01-24 04:00:00,4,,
2022-01-24 05:00:00,5,,
2022-01-24 06:00:00,6,,
2022-01-24 07:00:00,7,,
2022-01-24 08:00:00,8,,
2022-01-24 09:00:00,9,,
2022-01-24 10:00:00,10,756.0,2.9
2022-01-24 11:00:00,11,1192.0,3.5
2022-01-24 12:00:00,12,2477.9,3.1
2022-01-24 13:00:00,13,2909.7,3.7
2022-01-24 14:00:00,14,3488.5,3.8
2022-01-24 15:00:00,15,3520.2,3.8
2022-01-24 16:00:00,16,3210.7,4.2
2022-01-24 17:00:00,17,2858.0,4.1
2022-01-24 18:00:00,18,2304.6,4.6
2022-01-24 19:00:00,19,1627.1,4.2
2022-01-24 20:00:00,20,,
2022-01-24 21:00:00,21,,
2022-01-24 22:00:00,22,,
2022-01-24 23:00:00,23,,
2022-01-25 00:00:00,0,,
2022-01-25 01:00:00,1,,
2022-01-25 02:00:00,2,,
2022-01-25 03:00:00,3,,
2022-01-25 04:00:00,4,,
2022-01-25 05:00:00,5,,
2022-01-25 06:00:00,6,,
2022-01-25 07:00:00,7,,
2022-01-25 08:00:00,8,,
2022-01-25 09:00:00,9,,
2022-01-25 10:00:00,10,425.5,1.4
2022-01-25 11:00:00,11,1137.2,2.9
2022-01-25 12:00:00,12,2308.8,4.2
2022-01-25 13:00:00,13,1721.8,3.4
2022-01-25 14:00:00,14,2534.5,3.6
2022-01-25 15:00:00,15,1962.9,4.2
2022-01-25 16:00:00,16,1595.3,2.6
2022-01-25 17:00:00,17,2473.8,3.2
2022-01-25 18:00:00,18,2129.5,3.8
2022-01-25 19:00:00,19,1295.8,3.8
2022-01-25 20:00:00,20,,
2022-01-25 21:00:00,21,,
2022-01-25 22:00:00,22,,
2022-01-25 23:00:00,23,,
2022-01-26 00:00:00,0,,
2022-01-26 01:00:00,1,,
2022-01-26 02:00:00,2,,
2022-01-26 03:00:00,3,,
2022-01-26 04:00:00,4,,
2022-01-26 05:00:00,5,,
2022-01-26 06:00:00,6,,
2022-01-26 07:00:00,7,,
2022-01-26 08:00:00,8,,
2022-01-26 09:00:00,9,,
2022-01-26 10:00:00,10,381.8,4.3
2022-01-26 11:00:00,11,1384.5,5.4
2022-01-26 12:00:00,12,2551.7,5.5
2022-01-26 13:00:00,13,3237.6,5.6
2022-01-26 14:00:00,14,3095.8,5.0
2022-01-26 15:00:00,15,3520.3,5.9
2022-01-26 16:00:00,16,3320.3,6.1
2022-01-26 17:00:00,17,2692.7,5.2
2022-01-26 18:00:00,18,2332.8,5.3
2022-01-26 19:00:00,19,,
2022-01-26 20:00:00,20,,
2022-01-26 21:00:00,21,,
2022-01-26 22:00:00,22,,
2022-01-26 23:00:00,23,,
2022-01-27 00:00:00,0,,
2022-01-27 01:00:00,1,,
2022-01-27 02:00:00,2,,
2022-01-27 03:00:00,3,,
2022-01-27 04:00:00,4,,
2022-01-27 05:00:00,5,,
2022-01-27 06:00:00,6,,
2022-01-27 07:00:00,7,,
2022-01-27 08:00:00,8,,
2022-01-27 09:00:00,9,,
2022-01-27 10:00:00,10,,
2022-01-27 11:00:00,11,413.8,2.2
2022-01-27 12:00:00,12,802.0,1.9
2022-01-27 13:00:00,13,2288.5,2.7
2022-01-27 14:00:00,14,2836.1,3.6
2022-01-27 15:00:00,15,1837.0,4.1
2022-01-27 16:00:00,16,2537.5,3.9
2022-01-27 17:00:00,17,997.4,3.2
2022-01-27 18:00:00,18,610.1,3.4
2022-01-27 19:00:00,19,,
2022-01-27 20:00:00,20,,
2022-01-27 21:00:00,21,,
2022-01-27 22:00:00,22,,
2022-01-27 23:00:00,23,,
2022-01-28 00:00:00,0,,
2022-01-28 01:00:00,1,,
2022-01-28 02:00:00,2,,
2022-01-28 03:00:00,3,,
2022-01-28 04:00:00,4,,
2022-01-28 05:00:00,5,,
2022-01-28 06:00:00,6,,
2022-01-28 07:00:00,7,,
2022-01-28 08:00:00,8,,
2022-01-28 09:00:00,9,,
2022-01-28 10:00:00,10,319.1,1.0
2022-01-28 11:00:00,11,1140.6,0.8
2022-01-28 12:00:00,12,1812.8,1.2
2022-01-28 13:00:00,13,2620.5,2.9
2022-01-28 14:00:00,14,2509.0,2.3
2022-01-28 15:00:00,15,2889.1,2.7
2022-01-28 16:00:00,16,492.1,2.1
2022-01-28 17:00:00,17,,
2022-01-28 18:00:00,18,,
2022-01-28 19:00:00,19,,
2022-01-28 20:00:00,20,,
2022-01-28 21:00:00,21,,
2022-01-28 22:00:00,22,,
2022-01-28 23:00:00,23,,
2022-01-29 00:00:00,0,,
2022-01-29 01:00:00,1,,
2022-01-29 02:00:00,2,,
2022-01-29 03:00:00,3,,
2022-01-29 04:00:00,4,,
2022-01-29 05:00:00,5,,
2022-01-29 06:00:00,6,,
2022-01-29 07:00:00,7,,
2022-01-29 08:00:00,8,,
2022-01-29 09:00:00,9,,
2022-01-29 10:00:00,10,,
2022-01-29 11:00:00,11,,
2022-01-29 12:00:00,12,729.4,1.4
2022-01-29 13:00:00,13,1600.5,1.4
2022-01-29 14:00:00,14,1763.8,1.8
2022-01-29 15:00:00,15,2011.3,2.4
2022-01-29 16:00:00,16,2993.1,2.5
2022-01-29 17:00:00,17,2909.8,2.8
2022-01-29 18:00:00,18,1778.3,3.3
2022-01-29 19:00:00,19,1516.3,4.3
2022-01-29 20:00:00,20,,
2022-01-29 21:00:00,21,,
2022-01-29 22:00:00,22,,
2022-01-29 23:00:00,23,,
2022-01-30 00:00:00,0,,
2022-01-30 01:00:00,1,,
2022-01-30 02:00:00,2,,
2022-01-30 03:00:00,3,,
2022-01-30 04:00:00,4,,
2022-01-30 05:00:00,5,,
2022-01-30 06:00:00,6,,
2022-01-30 07:00:00,7,,
2022-01-30 08:00:00,8,,
2022-01-30 09:00:00,9,,
2022-01-30 10:00:00,10,585.6,2.7
2022-01-30 11:00:00,11,1022.7,4.7
2022-01-30 12:00:00,12,2120.0,5.0
2022-01-30 13:00:00,13,3029.8,5.1
2022-01-30 14:00:00,14,3303.6,4.5
2022-01-30 15:00:00,15,3260.5,4.7
2022-01-30 16:00:00,16,3253.7,5.2
2022-01-30 17:00:00,17,2681.6,5.0
2022-01-30 18:00:00,18,1860.8,5.4
2022-01-30 19:00:00,19,1062.8,5.4
2022-01-30 20:00:00,20,,
2022-01-30 21:00:00,21,,
2022-01-30 22:00:00,22,,
2022-01-30 23:00:00,23,,
2022-01-31 00:00:00,0,,
2022-01-31 01:00:00,1,,
2022-01-31 02:00:00,2,,
2022-01-31 03:00:00,3,,
2022-01-31 04:00:00,4,,
2022-01-31 05:00:00,5,,
2022-01-31 06:00:00,6,,
2022-01-31 07:00:00,7,,
2022-01-31 08:00:00,8,,
2022-01-31 09:00:00,9,,
2022-01-31 10:00:00,10,457.5,4.3
2022-01-31 11:00:00,11,1191.8,5.4
2022-01-31 12:00:00,12,1778.3,4.7
2022-01-31 13:00:00,13,2957.7,4.9
2022-01-31 14:00:00,14,2676.3,5.4
2022-01-31 15:00:00,15,3061.9,5.3
2022-01-31 16:00:00,16,3432.2,6.0
2022-01-31 17:00:00,17,2971.9,5.5
2022-01-31 18:00:00,18,2308.1,5.5
2022-01-31 19:00:00,19,1294.3,5.4
2022-01-31 20:00:00,20,,
2022-01-31 21:00:00,21,,
2022-01-31 22:00:00,22,,
2022-01-31 23:00:00,23,,
2022-02-01 00:00:00,0,,
2022-02-01 01:00:00,1,,
2022-02-01 02:00:00,2,,
2022-02-01 03:00:00,3,,
2022-02-01 04:00:00,4,,
2022-02-01 05:00:00,5,,
2022-02-01 06:00:00,6,,
2022-02-01 07:00:00,7,,
2022-02-01 08:00:00,8,,
2022-02-01 09:00:00,9,,
2022-02-01 10:00:00,10,626.2,3.9
2022-02-01 11:00:00,11,1529.2,4.4
2022-02-01 12:00:00,12,2449.0,4.5
2022-02-01 13:00:00,13,2710.4,5.0
2022-02-01 14:00:00,14,3419.4,5.3
2022-02-01 15:00:00,15,3581.1,5.5
2022-02-01 16:00:00,16,3496.8,5.0
2022-02-01 17:00:00,17,2938.0,5.0
2022-02-01 18:00:00,18,1985.2,5.1
2022-02-01 19:00:00,19,932.8,4.6
2022-02-01 20:00:00,20,,
2022-02-01 21:00:00,21,,
2022-02-01 22:00:00,22,,
2022-02-01 23:00:00,23,,
2022-02-02 00:00:00,0,,
2022-02-02 01:00:00,1,,
2022-02-02 02:00:00,2,,
2022-02-02 03:00:00,3,,
2022-02-02 04:00:00,4,,
2022-02-02 05:00:00,5,,
2022-02-02 06:00:00,6,,
2022-02-02 07:00:00,7,,
2022-02-02 08:00:00,8,,
2022-02-02 09:00:00,9,,
2022-02-02 10:00:00,10,610.3,3.6
2022-02-02 11:00:00,11,1721.4,3.5
2022-02-02 12:00:00,12,2197.8,5.0
2022-02-02 13:00:00,13,1380.7,4.0
2022-02-02 14:00:00,14,3419.1,4.9
2022-02-02 15:00:00,15,3687.8,5.1
2022-02-02 16:00:00,16,3408.5,5.5
2022-02-02 17:00:00,17,3076.9,5.2
2022-02-02 18:00:00,18,2423.7,4.9
2022-02-02 19:00:00,19,1762.0,5.1
2022-02-02 20:00:00,20,,
2022-02-02 21:00:00,21,,
2022-02-02 22:00:00,22,,
2022-02-02 23:00:00,23,,
2022-02-03 00:00:00,0,,
2022-02-03 01:00:00,1,,
2022-02-03 02:00:00,2,,
2022-02-03 03:00:00,3,,
2022-02-03 04:00:00,4,,
2022-02-03 05:00:00,5,,
2022-02-03 06:00:00,6,,
2022-02-03 07:00:00,7,,
2022-02-03 08:00:00,8,,
2022-02-03 09:00:00,9,,
2022-02-03 10:00:00,10,597.4,3.5
2022-02-03 11:00:00,11,1753.0,3.9
2022-02-03 12:00:00,12,2639.0,4.4
2022-02-03 13:00:00,13,3165.2,4.0
2022-02-03 14:00:00,14,3245.1,4.6
2022-02-03 15:00:00,15,3341.3,4.5
2022-02-03 16:00:00,16,3382.7,4.3
2022-02-03 17:00:00,17,2691.5,4.6
2022-02-03 18:00:00,18,1896.7,4.9
2022-02-03 19:00:00,19,1299.3,5.8
2022-02-03 20:00:00,20,,
2022-02-03 21:00:00,21,,
2022-02-03 22:00:00,22,,
2022-02-03 23:00:00,23,,
2022-02-04 00:00:00,0,,
2022-02-04 01:00:00,1,,
2022-02-04 02:00:00,2,,
2022-02-04 03:00:00,3,,
2022-02-04 04:00:00,4,,
2022-02-04 05:00:00,5,,
2022-02-04 06:00:00,6,,
2022-02-04 07:00:00,7,,
2022-02-04 08:00:00,8,,
2022-02-04 09:00:00,9,,
2022-02-04 10:00:00,10,551.8,4.2
2022-02-04 11:00:00,11,1268.3,4.7
2022-02-04 12:00:00,12,2525.6,5.3
2022-02-04 13:00:00,13,2673.6,5.0
2022-02-04 14:00:00,14,3595.4,4.8
2022-02-04 15:00:00,15,3569.0,4.8
2022-02-04 16:00:00,16,3443.1,4.9
2022-02-04 17:00:00,17,2944.0,4.9
2022-02-04 18:00:00,18,1445.7,5.2
2022-02-04 19:00:00,19,,
2022-02-04 20:00:00,20,,
2022-02-04 21:00:00,21,,
2022-02-04 22:00:00,22,,
2022-02-04 23:00:00,23,,
2022-02-05 00:00:00,0,,
2022-02-05 01:00:00,1,,
2022-02-05 02:00:00,2,,
2022-02-05 03:00:00,3,,
2022-02-05 04:00:00,4,,
2022-02-05 05:00:00,5,,
2022-02-05 06:00:00,6,,
2022-02-05 07:00:00,7,,
2022-02-05 08:00:00,8,,
2022-02-05 09:00:00,9,,
2022-02-05 10:00:00,10,785.2,3.8
2022-02-05 11:00:00,11,1618.3,3.9
2022-02-05 12:00:00,12,2405.7,4.7
2022-02-05 13:00:00,13,3102.4,4.0
2022-02-05 14:00:00,14,3463.0,4.5
2022-02-05 15:00:00,15,3678.3,4.1
2022-02-05 16:00:00,16,3440.5,4.2
2022-02-05 17:00:00,17,3018.0,4.9
2022-02-05 18:00:00,18,2408.3,4.6
2022-02-05 19:00:00,19,1643.4,4.6
2022-02-05 20:00:00,20,,
2022-02-05 21:00:00,21,,
2022-02-05 22:00:00,22,,
2022-02-05 23:00:00,23,,
2022-02-06 00:00:00,0,,
2022-02-06 01:00:00,1,,
2022-02-06 02:00:00,2,,
2022-02-06 03:00:00,3,,
2022-02-06 04:00:00,4,,
2022-02-06 05:00:00,5,,
2022-02-06 06:00:00,6,,
2022-02-06 07:00:00,7,,
2022-02-06 08:00:00,8,,
2022-02-06 09:00:00,9,,
2022-02-06 10:00:00,10,594.4,2.4
2022-02-06 11:00:00,11,1731.0,3.4
2022-02-06 12:00:00,12,2479.0,4.0
2022-02-06 13:00:00,13,3149.7,3.5
2022-02-06 14:00:00,14,3531.9,3.9
2022-02-06 15:00:00,15,3608.2,3.8
2022-02-06 16:00:00,16,3440.0,4.4
2022-02-06 17:00:00,17,3014.7,4.4
2022-02-06 18:00:00,18,2390.7,4.3
2022-02-06 19:00:00,19,1621.7,4.1
2022-02-06 20:00:00,20,,
2022-02-06 21:00:00,21,,
2022-02-06 22:00:00,22,,
2022-02-06 23:00:00,23,,
2022-02-07 00:00:00,0,,
2022-02-07 01:00:00,1,,
2022-02-07 02:00:00,2,,
2022-02-07 03:00:00,3,,
2022-02-07 04:00:00,4,,
2022-02-07 05:00:00,5,,
2022-02-07 06:00:00,6,,
2022-02-07 07:00:00,7,,
2022-02-07 08:00:00,8,,
2022-02-07 09:00:00,9,,
2022-02-07 10:00:00,10,,
2022-02-07 11:00:00,11,1530.9,2.4
2022-02-07 12:00:00,12,2133.8,4.0
2022-02-07 13:00:00,13,3181.5,4.0
2022-02-07 14:00:00,14,3584.5,4.3
2022-02-07 15:00:00,15,3663.2,4.1
2022-02-07 16:00:00,16,3457.4,4.4
2022-02-07 17:00:00,17,3050.5,4.9
2022-02-07 18:00:00,18,2397.7,5.6
2022-02-07 19:00:00,19,1639.0,5.1
2022-02-07 20:00:00,20,,
2022-02-07 21:00:00,21,,
2022-02-07 22:00:00,22,,
2022-02-07 23:00:00,23,,
2022-02-08 00:00:00,0,,
2022-02-08 01:00:00,1,,
2022-02-08 02:00:00,2,,
2022-02-08 03:00:00,3,,
2022-02-08 04:00:00,4,,
2022-02-08 05:00:00,5,,
2022-02-08 06:00:00,6,,
2022-02-08 07:00:00,7,,
2022-02-08 08:00:00,8,,
2022-02-08 09:00:00,9,,
2022-02-08 10:00:00,10,619.8,3.2
2022-02-08 11:00:00,11,1767.3,3.6
2022-02-08 12:00:00,12,2556.9,3.7
2022-02-08 13:00:00,13,3168.8,3.9
2022-02-08 14:00:00,14,3568.4,3.9
2022-02-08 15:00:00,15,3691.0,3.5
2022-02-08 16:00:00,16,3517.5,3.9
2022-02-08 17:00:00,17,2922.7,4.4
2022-02-08 18:00:00,18,2392.3,3.8
2022-02-08 19:00:00,19,1556.0,3.1
2022-02-08 20:00:00,20,,
2022-02-08 21:00:00,21,,
2022-02-08 22:00:00,22,,
2022-02-08 23:00:00,23,,
2022-02-09 00:00:00,0,,
2022-02-09 01:00:00,1,,
2022-02-09 02:00:00,2,,
2022-02-09 03:00:00,3,,
2022-02-09 04:00:00,4,,
2022-02-09 05:00:00,5,,
2022-02-09 06:00:00,6,,
2022-02-09 07:00:00,7,,
2022-02-09 08:00:00,8,,
2022-02-09 09:00:00,9,,
2022-02-09 10:00:00,10,880.5,2.7
2022-02-09 11:00:00,11,1468.7,3.2
2022-02-09 12:00:00,12,2331.1,3.5
2022-02-09 13:00:00,13,3112.0,3.8
2022-02-09 14:00:00,14,3631.9,4.0
2022-02-09 15:00:00,15,3687.6,3.8
2022-02-09 16:00:00,16,3206.3,3.4
2022-02-09 17:00:00,17,3089.8,4.1
2022-02-09 18:00:00,18,2440.5,3.7
2022-02-09 19:00:00,19,1667.5,3.9
2022-02-09 20:00:00,20,,
2022-02-09 21:00:00,21,,
2022-02-09 22:00:00,22,,
2022-02-09 23:00:00,23,,
2022-02-10 00:00:00,0,,
2022-02-10 01:00:00,1,,
2022-02-10 02:00:00,2,,
2022-02-10 03:00:00,3,,
2022-02-10 04:00:00,4,,
2022-02-10 05:00:00,5,,
2022-02-10 06:00:00,6,,
2022-02-10 07:00:00,7,,
2022-02-10 08:00:00,8,,
2022-02-10 09:00:00,9,,
2022-02-10 10:00:00,10,857.6,2.8
2022-02-10 11:00:00,11,1649.4,3.4
2022-02-10 12:00:00,12,2283.1,3.3
2022-02-10 13:00:00,13,3125.9,3.8
2022-02-10 14:00:00,14,3452.2,3.9
2022-02-10 15:00:00,15,3699.4,3.7
2022-02-10 16:00:00,16,3488.5,4.2
2022-02-10 17:00:00,17,3018.0,3.9
2022-02-10 18:00:00,18,2335.0,3.5
2022-02-10 19:00:00,19,1595.5,3.2
2022-02-10 20:00:00,20,,
2022-02-10 21:00:00,21,,
2022-02-10 22:00:00,22,,
2022-02-10 23:00:00,23,,
2022-02-11 00:00:00,0,,
2022-02-11 01:00:00,1,,
2022-02-11 02:00:00,2,,
2022-02-11 03:00:00,3,,
2022-02-11 04:00:00,4,,
2022-02-11 05:00:00,5,,
2022-02-11 06:00:00,6,,
2022-02-11 07:00:00,7,,
2022-02-11 08:00:00,8,,
2022-02-11 09:00:00,9,,
2022-02-11 10:00:00,10,614.2,2.1
2022-02-11 11:00:00,11,1634.4,4.6
2022-02-11 12:00:00,12,2294.4,5.0
2022-02-11 13:00:00,13,2879.6,4.9
2022-02-11 14:00:00,14,3239.2,4.0
2022-02-11 15:00:00,15,2079.3,3.8
2022-02-11 16:00:00,16,2874.1,4.2
2022-02-11 17:00:00,17,2014.9,3.7
2022-02-11 18:00:00,18,1303.4,3.5
2022-02-11 19:00:00,19,,
2022-02-11 20:00:00,20,,
2022-02-11 21:00:00,21,,
2022-02-11 22:00:00,22,,
2022-02-11 23:00:00,23,,
2022-02-12 00:00:00,0,,
2022-02-12 01:00:00,1,,
2022-02-12 02:00:00,2,,
2022-02-12 03:00:00,3,,
2022-02-12 04:00:00,4,,
2022-02-12 05:00:00,5,,
2022-02-12 06:00:00,6,,
2022-02-12 07:00:00,7,,
2022-02-12 08:00:00,8,,
2022-02-12 09:00:00,9,,
2022-02-12 10:00:00,10,388.0,1.5
2022-02-12 11:00:00,11,,
2022-02-12 12:00:00,12,,
2022-02-12 13:00:00,13,2679.0,3.9
2022-02-12 14:00:00,14,3344.8,3.3
2022-02-12 15:00:00,15,3338.9,3.8
2022-02-12 16:00:00,16,3298.0,3.7
2022-02-12 17:00:00,17,2487.0,3.6
2022-02-12 18:00:00,18,2111.9,3.8
2022-02-12 19:00:00,19,1375.5,2.9
2022-02-12 20:00:00,20,,
2022-02-12 21:00:00,21,,
2022-02-12 22:00:00,22,,
2022-02-12 23:00:00,23,,
2022-02-13 00:00:00,0,,
2022-02-13 01:00:00,1,,
2022-02-13 02:00:00,2,,
2022-02-13 03:00:00,3,,
2022-02-13 04:00:00,4,,
2022-02-13 05:00:00,5,,
2022-02-13 06:00:00,6,,
2022-02-13 07:00:00,7,,
2022-02-13 08:00:00,8,,
2022-02-13 09:00:00,9,,
2022-02-13 10:00:00,10,543.3,3.5
2022-02-13 11:00:00,11,1461.7,3.8
2022-02-13 12:00:00,12,2020.0,4.0
2022-02-13 13:00:00,13,2737.0,4.7
2022-02-13 14:00:00,14,3292.2,4.3
2022-02-13 15:00:00,15,3080.0,4.0
2022-02-13 16:00:00,16,3102.9,4.0
2022-02-13 17:00:00,17,2703.4,3.8
2022-02-13 18:00:00,18,2059.2,4.3
2022-02-13 19:00:00,19,1079.2,3.4
2022-02-13 20:00:00,20,,
2022-02-13 21:00:00,21,,
2022-02-13 22:00:00,22,,
2022-02-13 23:00:00,23,,
2022-02-14 00:00:00,0,,
2022-02-14 01:00:00,1,,
2022-02-14 02:00:00,2,,
2022-02-14 03:00:00,3,,
2022-02-14 04:00:00,4,,
2022-02-14 05:00:00,5,,
2022-02-14 06:00:00,6,,
2022-02-14 07:00:00,7,,
2022-02-14 08:00:00,8,,
2022-02-14 09:00:00,9,,
2022-02-14 10:00:00,10,496.3,3.4
2022-02-14 11:00:00,11,1454.9,3.6
2022-02-14 12:00:00,12,866.7,2.0
2022-02-14 13:00:00,13,2521.4,4.6
2022-02-14 14:00:00,14,3441.0,5.2
2022-02-14 15:00:00,15,2850.4,5.0
2022-02-14 16:00:00,16,3192.6,5.5
2022-02-14 17:00:00,17,2886.4,5.0
2022-02-14 18:00:00,18,1962.7,5.5
2022-02-14 19:00:00,19,1454.9,5.0
2022-02-14 20:00:00,20,,
2022-02-14 21:00:00,21,,
2022-02-14 22:00:00,22,,
2022-02-14 23:00:00,23,,
2022-02-15 00:00:00,0,,
2022-02-15 01:00:00,1,,
2022-02-15 02:00:00,2,,
2022-02-15 03:00:00,3,,
2022-02-15 04:00:00,4,,
2022-02-15 05:00:00,5,,
2022-02-15 06:00:00,6,,
2022-02-15 07:00:00,7,,
2022-02-15 08:00:00,8,,
2022-02-15 09:00:00,9,,
2022-02-15 10:00:00,10,610.2,3.4
2022-02-15 11:00:00,11,1233.5,4.1
2022-02-15 12:00:00,12,2164.8,3.2
2022-02-15 13:00:00,13,2641.5,4.1
2022-02-15 14:00:00,14,3294.6,3.9
2022-02-15 15:00:00,15,3635.5,4.6
2022-02-15 16:00:00,16,3145.3,4.2
2022-02-15 17:00:00,17,2722.0,4.4
2022-02-15 18:00:00,18,2305.0,4.4
2022-02-15 19:00:00,19,1539.6,4.2
2022-02-15 20:00:00,20,,
2022-02-15 21:00:00,21,,
2022-02-15 22:00:00,22,,
2022-02-15 23:00:00,23,,
2022-02-16 00:00:00,0,,
2022-02-16 01:00:00,1,,
2022-02-16 02:00:00,2,,
2022-02-16 03:00:00,3,,
2022-02-16 04:00:00,4,,
2022-02-16 05:00:00,5,,
2022-02-16 06:00:00,6,,
2022-02-16 07:00:00,7,,
2022-02-16 08:00:00,8,,
2022-02-16 09:00:00,9,,
2022-02-16 10:00:00,10,773.0,2.9
2022-02-16 11:00:00,11,1555.4,3.7
2022-02-16 12:00:00,12,2310.4,3.1
2022-02-16 13:00:00,13,3132.7,3.7
2022-02-16 14:00:00,14,3444.6,3.9
2022-02-16 15:00:00,15,3361.8,3.1
2022-02-16 16:00:00,16,3239.6,3.4
2022-02-16 17:00:00,17,2866.3,2.9
2022-02-16 18:00:00,18,2288.9,3.5
2022-02-16 19:00:00,19,1434.7,3.9
2022-02-16 20:00:00,20,,
2022-02-16 21:00:00,21,,
2022-02-16 22:00:00,22,,
2022-02-16 23:00:00,23,,
2022-02-17 00:00:00,0,,
2022-02-17 01:00:00,1,,
2022-02-17 02:00:00,2,,
2022-02-17 03:00:00,3,,
2022-02-17 04:00:00,4,,
2022-02-17 05:00:00,5,,
2022-02-17 06:00:00,6,,
2022-02-17 07:00:00,7,,
2022-02-17 08:00:00,8,,
2022-02-17 09:00:00,9,,
2022-02-17 10:00:00,10,704.9,1.3
2022-02-17 11:00:00,11,1732.5,1.9
2022-02-17 12:00:00,12,2552.3,2.8
2022-02-17 13:00:00,13,3157.7,3.4
2022-02-17 14:00:00,14,3589.8,3.5
2022-02-17 15:00:00,15,3702.0,4.0
2022-02-17 16:00:00,16,3480.7,4.2
2022-02-17 17:00:00,17,2994.1,4.0
2022-02-17 18:00:00,18,2278.2,4.5
2022-02-17 19:00:00,19,1461.4,4.8
2022-02-17 20:00:00,20,,
2022-02-17 21:00:00,21,,
2022-02-17 22:00:00,22,,
2022-02-17 23:00:00,23,,
2022-02-18 00:00:00,0,,
2022-02-18 01:00:00,1,,
2022-02-18 02:00:00,2,,
2022-02-18 03:00:00,3,,
2022-02-18 04:00:00,4,,
2022-02-18 05:00:00,5,,
2022-02-18 06:00:00,6,,
2022-02-18 07:00:00,7,,
2022-02-18 08:00:00,8,,
2022-02-18 09:00:00,9,,
2022-02-18 10:00:00,10,442.2,2.7
2022-02-18 11:00:00,11,777.3,1.0
2022-02-18 12:00:00,12,1720.4,2.3
2022-02-18 13:00:00,13,2090.5,3.7
2022-02-18 14:00:00,14,1355.4,4.1
2022-02-18 15:00:00,15,888.8,1.3
2022-02-18 16:00:00,16,917.4,3.1
2022-02-18 17:00:00,17,1364.7,3.7
2022-02-18 18:00:00,18,,
2022-02-18 19:00:00,19,,
2022-02-18 20:00:00,20,,
2022-02-18 21:00:00,21,,
2022-02-18 22:00:00,22,,
2022-02-18 23:00:00,23,,
2022-02-19 00:00:00,0,,
2022-02-19 01:00:00,1,,
2022-02-19 02:00:00,2,,
2022-02-19 03:00:00,3,,
2022-02-19 04:00:00,4,,
2022-02-19 05:00:00,5,,
2022-02-19 06:00:00,6,,
2022-02-19 07:00:00,7,,
2022-02-19 08:00:00,8,,
2022-02-19 09:00:00,9,,
2022-02-19 10:00:00,10,801.1,2.3
2022-02-19 11:00:00,11,1446.3,2.4
2022-02-19 12:00:00,12,1903.2,3.5
2022-02-19 13:00:00,13,2758.3,3.2
2022-02-19 14:00:00,14,3457.8,3.4
2022-02-19 15:00:00,15,3660.4,3.8
2022-02-19 16:00:00,16,3333.9,3.6
2022-02-19 17:00:00,17,2497.2,3.9
2022-02-19 18:00:00,18,2159.6,3.5
2022-02-19 19:00:00,19,1201.0,3.5
2022-02-19 20:00:00,20,,
2022-02-19 21:00:00,21,,
2022-02-19 22:00:00,22,,
2022-02-19 23:00:00,23,,
2022-02-20 00:00:00,0,,
2022-02-20 01:00:00,1,,
2022-02-20 02:00:00,2,,
2022-02-20 03:00:00,3,,
2022-02-20 04:00:00,4,,
2022-02-20 05:00:00,5,,
2022-02-20 06:00:00,6,,
2022-02-20 07:00:00,7,,
2022-02-20 08:00:00,8,,
2022-02-20 09:00:00,9,,
2022-02-20 10:00:00,10,655.7,4.0
2022-02-20 11:00:00,11,1224.0,3.3
2022-02-20 12:00:00,12,1563.7,5.0
2022-02-20 13:00:00,13,1745.0,3.9
2022-02-20 14:00:00,14,2073.6,4.1
2022-02-20 15:00:00,15,2723.4,4.8
2022-02-20 16:00:00,16,2754.9,4.1
2022-02-20 17:00:00,17,2690.3,4.9
2022-02-20 18:00:00,18,2241.5,4.3
2022-02-20 19:00:00,19,1019.8,3.7
2022-02-20 20:00:00,20,,
2022-02-20 21:00:00,21,,
2022-02-20 22:00:00,22,,
2022-02-20 23:00:00,23,,
2022-02-21 00:00:00,0,,
2022-02-21 01:00:00,1,,
2022-02-21 02:00:00,2,,
2022-02-21 03:00:00,3,,
2022-02-21 04:00:00,4,,
2022-02-21 05:00:00,5,,
2022-02-21 06:00:00,6,,
2022-02-21 07:00:00,7,,
2022-02-21 08:00:00,8,,
2022-02-21 09:00:00,9,,
2022-02-21 10:00:00,10,435.1,3.5
2022-02-21 11:00:00,11,1370.7,4.1
2022-02-21 12:00:00,12,1895.5,4.2
2022-02-21 13:00:00,13,3105.9,4.4
2022-02-21 14:00:00,14,3426.4,4.0
2022-02-21 15:00:00,15,3690.8,3.8
2022-02-21 16:00:00,16,3428.6,4.5
2022-02-21 17:00:00,17,2569.3,3.4
2022-02-21 18:00:00,18,2366.0,4.1
2022-02-21 19:00:00,19,1577.8,4.2
2022-02-21 20:00:00,20,,
2022-02-21 21:00:00,21,,
2022-02-21 22:00:00,22,,
2022-02-21 23:00:00,23,,
2022-02-22 00:00:00,0,,
2022-02-22 01:00:00,1,,
2022-02-22 02:00:00,2,,
2022-02-22 03:00:00,3,,
2022-02-22 04:00:00,4,,
2022-02-22 05:00:00,5,,
2022-02-22 06:00:00,6,,
2022-02-22 07:00:00,7,,
2022-02-22 08:00:00,8,,
2022-02-22 09:00:00,9,,
2022-02-22 10:00:00,10,773.0,3.8
2022-02-22 11:00:00,11,1553.6,3.8
2022-02-22 12:00:00,12,2495.8,3.4
2022-02-22 13:00:00,13,3243.6,3.5
2022-02-22 14:00:00,14,3685.2,4.5
2022-02-22 15:00:00,15,3737.1,4.1
2022-02-22 16:00:00,16,3498.8,4.8
2022-02-22 17:00:00,17,2440.2,4.2
2022-02-22 18:00:00,18,2316.8,4.1
2022-02-22 19:00:00,19,1565.0,4.0
2022-02-22 20:00:00,20,,
2022-02-22 21:00:00,21,,
2022-02-22 22:00:00,22,,
2022-02-22 23:00:00,23,,
2022-02-23 00:00:00,0,,
2022-02-23 01:00:00,1,,
2022-02-23 02:00:00,2,,
2022-02-23 03:00:00,3,,
2022-02-23 04:00:00,4,,
2022-02-23 05:00:00,5,,
2022-02-23 06:00:00,6,,
2022-02-23 07:00:00,7,,
2022-02-23 08:00:00,8,,
2022-02-23 09:00:00,9,,
2022-02-23 10:00:00,10,743.0,3.4
2022-02-23 11:00:00,11,1413.7,4.0
2022-02-23 12:00:00,12,2162.6,4.2
2022-02-23 13:00:00,13,2806.3,4.6
2022-02-23 14:00:00,14,3484.0,4.4
2022-02-23 15:00:00,15,3402.1,4.6
2022-02-23 16:00:00,16,3138.6,4.2
2022-02-23 17:00:00,17,2785.5,4.2
2022-02-23 18:00:00,18,2301.7,4.1
2022-02-23 19:00:00,19,1491.1,3.9
2022-02-23 20:00:00,20,,
2022-02-23 21:00:00,21,,
2022-02-23 22:00:00,22,,
2022-02-23 23:00:00,23,,
2022-02-24 00:00:00,0,,
2022-02-24 01:00:00,1,,
2022-02-24 02:00:00,2,,
2022-02-24 03:00:00,3,,
2022-02-24 04:00:00,4,,
2022-02-24 05:00:00,5,,
2022-02-24 06:00:00,6,,
2022-02-24 07:00:00,7,,
2022-02-24 08:00:00,8,,
2022-02-24 09:00:00,9,,
2022-02-24 10:00:00,10,570.3,3.7
2022-02-24 11:00:00,11,1256.5,4.3
2022-02-24 12:00:00,12,2239.3,4.5
2022-02-24 13:00:00,13,2725.0,5.7
2022-02-24 14:00:00,14,3176.4,5.3
2022-02-24 15:00:00,15,3233.0,4.9
2022-02-24 16:00:00,16,3546.0,4.7
2022-02-24 17:00:00,17,3125.2,5.7
2022-02-24 18:00:00,18,2276.0,5.3
2022-02-24 19:00:00,19,1223.3,5.1
2022-02-24 20:00:00,20,,
2022-02-24 21:00:00,21,,
2022-02-24 22:00:00,22,,
2022-02-24 23:00:00,23,,
2022-02-25 00:00:00,0,,
2022-02-25 01:00:00,1,,
2022-02-25 02:00:00,2,,
2022-02-25 03:00:00,3,,
2022-02-25 04:00:00,4,,
2022-02-25 05:00:00,5,,
2022-02-25 06:00:00,6,,
2022-02-25 07:00:00,7,,
2022-02-25 08:00:00,8,,
2022-02-25 09:00:00,9,,
2022-02-25 10:00:00,10,736.6,5.2
2022-02-25 11:00:00,11,1521.8,5.5
2022-02-25 12:00:00,12,2430.1,4.7
2022-02-25 13:00:00,13,2925.7,5.8
2022-02-25 14:00:00,14,3542.3,5.8
2022-02-25 15:00:00,15,3695.2,5.0
2022-02-25 16:00:00,16,2701.4,5.2
2022-02-25 17:00:00,17,2971.6,5.5
2022-02-25 18:00:00,18,2359.3,5.0
2022-02-25 19:00:00,19,1486.9,4.5
2022-02-25 20:00:00,20,,
2022-02-25 21:00:00,21,,
2022-02-25 22:00:00,22,,
2022-02-25 23:00:00,23,,
2022-02-26 00:00:00,0,,
2022-02-26 01:00:00,1,,
2022-02-26 02:00:00,2,,
2022-02-26 03:00:00,3,,
2022-02-26 04:00:00,4,,
2022-02-26 05:00:00,5,,
2022-02-26 06:00:00,6,,
2022-02-26 07:00:00,7,,
2022-02-26 08:00:00,8,,
2022-02-26 09:00:00,9,,
2022-02-26 10:00:00,10,651.0,4.1
2022-02-26 11:00:00,11,878.5,3.5
2022-02-26 12:00:00,12,1776.7,4.3
2022-02-26 13:00:00,13,2647.8,5.0
2022-02-26 14:00:00,14,3294.9,4.3
2022-02-26 15:00:00,15,3151.1,4.2
2022-02-26 16:00:00,16,3490.7,5.2
2022-02-26 17:00:00,17,2978.5,5.4
2022-02-26 18:00:00,18,2339.5,5.1
2022-02-26 19:00:00,19,1429.7,5.1
2022-02-26 20:00:00,20,,
2022-02-26 21:00:00,21,,
2022-02-26 22:00:00,22,,
2022-02-26 23:00:00,23,,
2022-02-27 00:00:00,0,,
2022-02-27 01:00:00,1,,
2022-02-27 02:00:00,2,,
2022-02-27 03:00:00,3,,
2022-02-27 04:00:00,4,,
2022-02-27 05:00:00,5,,
2022-02-27 06:00:00,6,,
2022-02-27 07:00:00,7,,
2022-02-27 08:00:00,8,,
2022-02-27 09:00:00,9,,
2022-02-27 10:00:00,10,586.0,5.5
2022-02-27 11:00:00,11,1343.7,4.9
2022-02-27 12:00:00,12,2378.1,5.3
2022-02-27 13:00:00,13,2791.6,5.5
2022-02-27 14:00:00,14,3362.0,5.3
2022-02-27 15:00:00,15,3573.6,4.7
2022-02-27 16:00:00,16,3502.8,5.0
2022-02-27 17:00:00,17,2972.8,4.8
2022-02-27 18:00:00,18,2312.1,4.6
2022-02-27 19:00:00,19,1560.9,4.4
2022-02-27 20:00:00,20,,
2022-02-27 21:00:00,21,,
2022-02-27 22:00:00,22,,
2022-02-27 23:00:00,23,,
2022-02-28 00:00:00,0,,
2022-02-28 01:00:00,1,,
2022-02-28 02:00:00,2,,
2022-02-28 03:00:00,3,,
2022-02-28 04:00:00,4,,
2022-02-28 05:00:00,5,,
2022-02-28 06:00:00,6,,
2022-02-28 07:00:00,7,,
2022-02-28 08:00:00,8,,
2022-02-28 09:00:00,9,,
2022-02-28 10:00:00,10,691.5,3.8
2022-02-28 11:00:00,11,1759.4,4.4
2022-02-28 12:00:00,12,2520.3,4.6
2022-02-28 13:00:00,13,2971.5,4.5
2022-02-28 14:00:00,14,3435.6,4.5
2022-02-28 15:00:00,15,3759.2,5.1
2022-02-28 16:00:00,16,3377.1,5.5
2022-02-28 17:00:00,17,3012.1,5.5
2022-02-28 18:00:00,18,2365.3,5.3
2022-02-28 19:00:00,19,1586.2,5.6
2022-02-28 20:00:00,20,,
2022-02-28 21:00:00,21,,
2022-02-28 22:00:00,22,,
2022-02-28 23:00:00,23,,
2022-03-01 00:00:00,0,,
2022-03-01 01:00:00,1,,
2022-03-01 02:00:00,2,,
2022-03-01 03:00:00,3,,
2022-03-01 04:00:00,4,,
2022-03-01 05:00:00,5,,
2022-03-01 06:00:00,6,,
2022-03-01 07:00:00,7,,
2022-03-01 08:00:00,8,,
2022-03-01 09:00:00,9,,
2022-03-01 10:00:00,10,619.9,5.3
2022-03-01 11:00:00,11,1673.5,6.0
2022-03-01 12:00:00,12,2589.0,6.1
2022-03-01 13:00:00,13,3192.3,6.6
2022-03-01 14:00:00,14,3663.1,5.3
2022-03-01 15:00:00,15,3606.4,6.1
2022-03-01 16:00:00,16,3290.8,6.2
2022-03-01 17:00:00,17,2856.5,6.3
2022-03-01 18:00:00,18,2241.9,6.6
2022-03-01 19:00:00,19,1413.8,5.7
2022-03-01 20:00:00,20,,
2022-03-01 21:00:00,21,,
2022-03-01 22:00:00,22,,
2022-03-01 23:00:00,23,,
2022-03-02 00:00:00,0,,
2022-03-02 01:00:00,1,,
2022-03-02 02:00:00,2,,
2022-03-02 03:00:00,3,,
2022-03-02 04:00:00,4,,
2022-03-02 05:00:00,5,,
2022-03-02 06:00:00,6,,
2022-03-02 07:00:00,7,,
2022-03-02 08:00:00,8,,
2022-03-02 09:00:00,9,,
2022-03-02 10:00:00,10,617.1,1.6
2022-03-02 11:00:00,11,1145.6,2.3
2022-03-02 12:00:00,12,1920.9,3.0
2022-03-02 13:00:00,13,2897.5,3.9
2022-03-02 14:00:00,14,3342.6,3.1
2022-03-02 15:00:00,15,3177.1,3.3
2022-03-02 16:00:00,16,2853.4,3.7
2022-03-02 17:00:00,17,3141.3,3.3
2022-03-02 18:00:00,18,2454.7,3.7
2022-03-02 19:00:00,19,1530.3,3.3
2022-03-02 20:00:00,20,,
2022-03-02 21:00:00,21,,
2022-03-02 22:00:00,22,,
2022-03-02 23:00:00,23,,
2022-03-03 00:00:00,0,,
2022-03-03 01:00:00,1,,
2022-03-03 02:00:00,2,,
2022-03-03 03:00:00,3,,
2022-03-03 04:00:00,4,,
2022-03-03 05:00:00,5,,
2022-03-03 06:00:00,6,,
2022-03-03 07:00:00,7,,
2022-03-03 08:00:00,8,,
2022-03-03 09:00:00,9,,
2022-03-03 10:00:00,10,705.8,1.5
2022-03-03 11:00:00,11,1501.5,3.5
2022-03-03 12:00:00,12,2453.9,3.6
2022-03-03 13:00:00,13,3186.2,4.3
2022-03-03 14:00:00,14,3684.1,3.9
2022-03-03 15:00:00,15,3617.3,3.7
2022-03-03 16:00:00,16,3375.6,3.8
2022-03-03 17:00:00,17,2323.2,4.1
2022-03-03 18:00:00,18,2191.3,4.4
2022-03-03 19:00:00,19,1459.3,4.2
2022-03-03 20:00:00,20,,
2022-03-03 21:00:00,21,,
2022-03-03 22:00:00,22,,
2022-03-03 23:00:00,23,,
2022-03-04 00:00:00,0,,
2022-03-04 01:00:00,1,,
2022-03-04 02:00:00,2,,
2022-03-04 03:00:00,3,,
2022-03-04 04:00:00,4,,
2022-03-04 05:00:00,5,,
2022-03-04 06:00:00,6,,
2022-03-04 07:00:00,7,,
2022-03-04 08:00:00,8,,
2022-03-04 09:00:00,9,,
2022-03-04 10:00:00,10,625.2,2.3
2022-03-04 11:00:00,11,1699.2,3.1
2022-03-04 12:00:00,12,2059.7,3.7
2022-03-04 13:00:00,13,1695.7,2.9
2022-03-04 14:00:00,14,2270.4,3.3
2022-03-04 15:00:00,15,3087.5,4.0
2022-03-04 16:00:00,16,3270.7,4.1
2022-03-04 17:00:00,17,2251.8,3.7
2022-03-04 18:00:00,18,1845.4,3.6
2022-03-04 19:00:00,19,1550.1,4.0
2022-03-04 20:00:00,20,,
2022-03-04 21:00:00,21,,
2022-03-04 22:00:00,22,,
2022-03-04 23:00:00,23,,
2022-03-05 00:00:00,0,,
2022-03-05 01:00:00,1,,
2022-03-05 02:00:00,2,,
2022-03-05 03:00:00,3,,
2022-03-05 04:00:00,4,,
2022-03-05 05:00:00,5,,
2022-03-05 06:00:00,6,,
2022-03-05 07:00:00,7,,
2022-03-05 08:00:00,8,,
2022-03-05 09:00:00,9,,
2022-03-05 10:00:00,10,254.9,3.1
2022-03-05 11:00:00,11,848.3,3.2
2022-03-05 12:00:00,12,2016.1,2.7
2022-03-05 13:00:00,13,1636.4,4.2
2022-03-05 14:00:00,14,2193.7,3.5
2022-03-05 15:00:00,15,3748.9,5.4
2022-03-05 16:00:00,16,3475.0,4.4
2022-03-05 17:00:00,17,3018.4,4.7
2022-03-05 18:00:00,18,2401.1,4.7
2022-03-05 19:00:00,19,1531.4,4.8
2022-03-05 20:00:00,20,,
2022-03-05 21:00:00,21,,
2022-03-05 22:00:00,22,,
2022-03-05 23:00:00,23,,
2022-03-06 00:00:00,0,,
2022-03-06 01:00:00,1,,
2022-03-06 02:00:00,2,,
2022-03-06 03:00:00,3,,
2022-03-06 04:00:00,4,,
2022-03-06 05:00:00,5,,
2022-03-06 06:00:00,6,,
2022-03-06 07:00:00,7,,
2022-03-06 08:00:00,8,,
2022-03-06 09:00:00,9,,
2022-03-06 10:00:00,10,,
2022-03-06 11:00:00,11,653.2,3.0
2022-03-06 12:00:00,12,1799.5,4.0
2022-03-06 13:00:00,13,1479.8,3.4
2022-03-06 14:00:00,14,2147.4,5.6
2022-03-06 15:00:00,15,3705.4,6.4
2022-03-06 16:00:00,16,2515.1,5.9
2022-03-06 17:00:00,17,2338.3,6.1
2022-03-06 18:00:00,18,2092.5,5.5
2022-03-06 19:00:00,19,800.6,5.4
2022-03-06 20:00:00,20,,
2022-03-06 21:00:00,21,,
2022-03-06 22:00:00,22,,
2022-03-06 23:00:00,23,,
2022-03-07 00:00:00,0,,
2022-03-07 01:00:00,1,,
2022-03-07 02:00:00,2,,
2022-03-07 03:00:00,3,,
2022-03-07 04:00:00,4,,
2022-03-07 05:00:00,5,,
2022-03-07 06:00:00,6,,
2022-03-07 07:00:00,7,,
2022-03-07 08:00:00,8,,
2022-03-07 09:00:00,9,,
2022-03-07 10:00:00,10,504.3,2.2
2022-03-07 11:00:00,11,1244.0,2.1
2022-03-07 12:00:00,12,2283.4,3.4
2022-03-07 13:00:00,13,2702.3,5.3
2022-03-07 14:00:00,14,2733.5,5.4
2022-03-07 15:00:00,15,1359.6,6.5
2022-03-07 16:00:00,16,1797.6,4.9
2022-03-07 17:00:00,17,2141.4,5.0
2022-03-07 18:00:00,18,1611.9,4.3
2022-03-07 19:00:00,19,1281.1,4.7
2022-03-07 20:00:00,20,,
2022-03-07 21:00:00,21,,
2022-03-07 22:00:00,22,,
2022-03-07 23:00:00,23,,
2022-03-08 00:00:00,0,,
2022-03-08 01:00:00,1,,
2022-03-08 02:00:00,2,,
2022-03-08 03:00:00,3,,
2022-03-08 04:00:00,4,,
2022-03-08 05:00:00,5,,
2022-03-08 06:00:00,6,,
2022-03-08 07:00:00,7,,
2022-03-08 08:00:00,8,,
2022-03-08 09:00:00,9,,
2022-03-08 10:00:00,10,651.5,2.2
2022-03-08 11:00:00,11,1767.5,3.1
2022-03-08 12:00:00,12,1922.0,4.1
2022-03-08 13:00:00,13,2819.0,4.9
2022-03-08 14:00:00,14,3691.3,4.9
2022-03-08 15:00:00,15,3770.6,4.8
2022-03-08 16:00:00,16,3496.6,4.3
2022-03-08 17:00:00,17,2989.2,4.7
2022-03-08 18:00:00,18,2347.8,4.6
2022-03-08 19:00:00,19,1542.7,4.6
2022-03-08 20:00:00,20,,
2022-03-08 21:00:00,21,,
2022-03-08 22:00:00,22,,
2022-03-08 23:00:00,23,,
2022-03-09 00:00:00,0,,
2022-03-09 01:00:00,1,,
2022-03-09 02:00:00,2,,
2022-03-09 03:00:00,3,,
2022-03-09 04:00:00,4,,
2022-03-09 05:00:00,5,,
2022-03-09 06:00:00,6,,
2022-03-09 07:00:00,7,,
2022-03-09 08:00:00,8,,
2022-03-09 09:00:00,9,,
2022-03-09 10:00:00,10,588.6,3.7
2022-03-09 11:00:00,11,1080.6,4.5
2022-03-09 12:00:00,12,1360.4,4.6
2022-03-09 13:00:00,13,1432.4,4.0
2022-03-09 14:00:00,14,3633.1,4.6
2022-03-09 15:00:00,15,3718.4,4.5
2022-03-09 16:00:00,16,3228.0,4.8
2022-03-09 17:00:00,17,2834.2,5.1
2022-03-09 18:00:00,18,2327.0,5.3
2022-03-09 19:00:00,19,1320.3,5.1
2022-03-09 20:00:00,20,,
2022-03-09 21:00:00,21,,
2022-03-09 22:00:00,22,,
2022-03-09 23:00:00,23,,
2022-03-10 00:00:00,0,,
2022-03-10 01:00:00,1,,
2022-03-10 02:00:00,2,,
2022-03-10 03:00:00,3,,
2022-03-10 04:00:00,4,,
2022-03-10 05:00:00,5,,
2022-03-10 06:00:00,6,,
2022-03-10 07:00:00,7,,
2022-03-10 08:00:00,8,,
2022-03-10 09:00:00,9,,
2022-03-10 10:00:00,10,533.7,2.9
2022-03-10 11:00:00,11,1564.5,5.9
2022-03-10 12:00:00,12,1616.8,5.2
2022-03-10 13:00:00,13,2158.3,4.7
2022-03-10 14:00:00,14,3515.9,6.3
2022-03-10 15:00:00,15,3457.6,6.0
2022-03-10 16:00:00,16,3396.6,5.9
2022-03-10 17:00:00,17,2972.3,5.3
2022-03-10 18:00:00,18,2317.1,5.5
2022-03-10 19:00:00,19,1367.7,4.7
2022-03-10 20:00:00,20,,
2022-03-10 21:00:00,21,,
2022-03-10 22:00:00,22,,
2022-03-10 23:00:00,23,,
2022-03-11 00:00:00,0,,
2022-03-11 01:00:00,1,,
2022-03-11 02:00:00,2,,
2022-03-11 03:00:00,3,,
2022-03-11 04:00:00,4,,
2022-03-11 05:00:00,5,,
2022-03-11 06:00:00,6,,
2022-03-11 07:00:00,7,,
2022-03-11 08:00:00,8,,
2022-03-11 09:00:00,9,,
2022-03-11 10:00:00,10,367.9,2.2
2022-03-11 11:00:00,11,1333.8,2.8
2022-03-11 12:00:00,12,1779.5,5.9
2022-03-11 13:00:00,13,3317.3,5.0
2022-03-11 14:00:00,14,3296.7,4.9
2022-03-11 15:00:00,15,3796.3,4.3
2022-03-11 16:00:00,16,3698.4,4.8
2022-03-11 17:00:00,17,3093.8,5.0
2022-03-11 18:00:00,18,2507.1,3.7
2022-03-11 19:00:00,19,1410.8,4.4
2022-03-11 20:00:00,20,,
2022-03-11 21:00:00,21,,
2022-03-11 22:00:00,22,,
2022-03-11 23:00:00,23,,
2022-03-12 00:00:00,0,,
2022-03-12 01:00:00,1,,
2022-03-12 02:00:00,2,,
2022-03-12 03:00:00,3,,
2022-03-12 04:00:00,4,,
2022-03-12 05:00:00,5,,
2022-03-12 06:00:00,6,,
2022-03-12 07:00:00,7,,
2022-03-12 08:00:00,8,,
2022-03-12 09:00:00,9,,
2022-03-12 10:00:00,10,390.2,2.2
2022-03-12 11:00:00,11,773.6,2.9
2022-03-12 12:00:00,12,2054.1,1.8
2022-03-12 13:00:00,13,1729.1,2.7
2022-03-12 14:00:00,14,3591.0,3.1
2022-03-12 15:00:00,15,3751.4,3.7
2022-03-12 16:00:00,16,3537.0,3.4
2022-03-12 17:00:00,17,3037.0,3.9
2022-03-12 18:00:00,18,2195.1,3.5
2022-03-12 19:00:00,19,903.3,2.7
2022-03-12 20:00:00,20,,
2022-03-12 21:00:00,21,,
2022-03-12 22:00:00,22,,
2022-03-12 23:00:00,23,,
2022-03-13 00:00:00,0,,
2022-03-13 01:00:00,1,,
2022-03-13 02:00:00,2,,
2022-03-13 03:00:00,3,,
2022-03-13 04:00:00,4,,
2022-03-13 05:00:00,5,,
2022-03-13 06:00:00,6,,
2022-03-13 07:00:00,7,,
2022-03-13 08:00:00,8,,
2022-03-13 09:00:00,9,,
2022-03-13 10:00:00,10,197.5,3.0
2022-03-13 11:00:00,11,938.3,0.7
2022-03-13 12:00:00,12,1367.1,2.2
2022-03-13 13:00:00,13,2565.6,1.0
2022-03-13 14:00:00,14,3821.0,2.4
2022-03-13 15:00:00,15,3814.5,3.2
2022-03-13 16:00:00,16,3669.1,3.4
2022-03-13 17:00:00,17,2561.7,3.1
2022-03-13 18:00:00,18,1245.4,2.8
2022-03-13 19:00:00,19,709.3,2.7
2022-03-13 20:00:00,20,,
2022-03-13 21:00:00,21,,
2022-03-13 22:00:00,22,,
2022-03-13 23:00:00,23,,
2022-03-14 00:00:00,0,,
2022-03-14 01:00:00,1,,
2022-03-14 02:00:00,2,,
2022-03-14 03:00:00,3,,
2022-03-14 04:00:00,4,,
2022-03-14 05:00:00,5,,
2022-03-14 06:00:00,6,,
2022-03-14 07:00:00,7,,
2022-03-14 08:00:00,8,,
2022-03-14 09:00:00,9,74.6,0.9
2022-03-14 10:00:00,10,,
2022-03-14 11:00:00,11,1112.5,2.3
2022-03-14 12:00:00,12,1946.7,3.5
2022-03-14 13:00:00,13,2887.9,3.3
2022-03-14 14:00:00,14,3721.0,4.0
2022-03-14 15:00:00,15,3211.8,3.5
2022-03-14 16:00:00,16,3009.0,5.4
2022-03-14 17:00:00,17,2904.0,4.5
2022-03-14 18:00:00,18,1389.4,3.4
2022-03-14 19:00:00,19,653.0,3.1
2022-03-14 20:00:00,20,,
2022-03-14 21:00:00,21,,
2022-03-14 22:00:00,22,,
2022-03-14 23:00:00,23,,
2022-03-15 00:00:00,0,,
2022-03-15 01:00:00,1,,
2022-03-15 02:00:00,2,,
2022-03-15 03:00:00,3,,
2022-03-15 04:00:00,4,,
2022-03-15 05:00:00,5,,
2022-03-15 06:00:00,6,,
2022-03-15 07:00:00,7,,
2022-03-15 08:00:00,8,,
2022-03-15 09:00:00,9,,
2022-03-15 10:00:00,10,518.7,1.7
2022-03-15 11:00:00,11,1698.3,2.7
2022-03-15 12:00:00,12,2256.5,2.9
2022-03-15 13:00:00,13,2966.9,3.8
2022-03-15 14:00:00,14,3125.7,3.7
2022-03-15 15:00:00,15,3591.9,3.3
2022-03-15 16:00:00,16,2971.6,3.3
2022-03-15 17:00:00,17,2859.8,4.1
2022-03-15 18:00:00,18,2102.5,3.7
2022-03-15 19:00:00,19,1374.4,4.0
2022-03-15 20:00:00,20,,
2022-03-15 21:00:00,21,,
2022-03-15 22:00:00,22,,
2022-03-15 23:00:00,23,,
2022-03-16 00:00:00,0,,
2022-03-16 01:00:00,1,,
2022-03-16 02:00:00,2,,
2022-03-16 03:00:00,3,,
2022-03-16 04:00:00,4,,
2022-03-16 05:00:00,5,,
2022-03-16 06:00:00,6,,
2022-03-16 07:00:00,7,,
2022-03-16 08:00:00,8,,
2022-03-16 09:00:00,9,,
2022-03-16 10:00:00,10,324.1,1.0
2022-03-16 11:00:00,11,553.9,0.3
2022-03-16 12:00:00,12,1919.3,1.7
2022-03-16 13:00:00,13,1581.1,4.5
2022-03-16 14:00:00,14,1082.1,2.0
2022-03-16 15:00:00,15,1612.8,2.9
2022-03-16 16:00:00,16,2070.2,2.9
2022-03-16 17:00:00,17,1046.7,2.6
2022-03-16 18:00:00,18,1618.2,2.9
2022-03-16 19:00:00,19,1222.9,3.2
2022-03-16 20:00:00,20,,
2022-03-16 21:00:00,21,,
2022-03-16 22:00:00,22,,
2022-03-16 23:00:00,23,,
2022-03-17 00:00:00,0,,
2022-03-17 01:00:00,1,,
2022-03-17 02:00:00,2,,
2022-03-17 03:00:00,3,,
2022-03-17 04:00:00,4,,
2022-03-17 05:00:00,5,,
2022-03-17 06:00:00,6,,
2022-03-17 07:00:00,7,,
2022-03-17 08:00:00,8,,
2022-03-17 09:00:00,9,127.0,1.2
2022-03-17 10:00:00,10,1073.4,1.2
2022-03-17 11:00:00,11,1720.4,1.6
2022-03-17 12:00:00,12,1993.2,3.0
2022-03-17 13:00:00,13,2135.8,3.3
2022-03-17 14:00:00,14,3242.3,3.9
2022-03-17 15:00:00,15,3494.5,4.4
2022-03-17 16:00:00,16,2961.8,4.9
2022-03-17 17:00:00,17,2891.9,5.5
2022-03-17 18:00:00,18,2475.0,5.8
2022-03-17 19:00:00,19,1000.1,4.2
2022-03-17 20:00:00,20,,
2022-03-17 21:00:00,21,,
2022-03-17 22:00:00,22,,
2022-03-17 23:00:00,23,,
2022-03-18 00:00:00,0,,
2022-03-18 01:00:00,1,,
2022-03-18 02:00:00,2,,
2022-03-18 03:00:00,3,,
2022-03-18 04:00:00,4,,
2022-03-18 05:00:00,5,,
2022-03-18 06:00:00,6,,
2022-03-18 07:00:00,7,,
2022-03-18 08:00:00,8,,
2022-03-18 09:00:00,9,,
2022-03-18 10:00:00,10,282.2,2.1
2022-03-18 11:00:00,11,876.7,2.0
2022-03-18 12:00:00,12,2052.6,5.1
2022-03-18 13:00:00,13,3093.9,6.2
2022-03-18 14:00:00,14,3285.2,5.0
2022-03-18 15:00:00,15,4031.1,5.2
2022-03-18 16:00:00,16,2574.7,5.1
2022-03-18 17:00:00,17,2183.0,5.1
2022-03-18 18:00:00,18,1600.4,5.9
2022-03-18 19:00:00,19,963.8,4.8
2022-03-18 20:00:00,20,,
2022-03-18 21:00:00,21,,
2022-03-18 22:00:00,22,,
2022-03-18 23:00:00,23,,
2022-03-19 00:00:00,0,,
2022-03-19 01:00:00,1,,
2022-03-19 02:00:00,2,,
2022-03-19 03:00:00,3,,
2022-03-19 04:00:00,4,,
2022-03-19 05:00:00,5,,
2022-03-19 06:00:00,6,,
2022-03-19 07:00:00,7,,
2022-03-19 08:00:00,8,,
2022-03-19 09:00:00,9,,
2022-03-19 10:00:00,10,,
2022-03-19 11:00:00,11,548.7,1.8
2022-03-19 12:00:00,12,537.0,1.7
2022-03-19 13:00:00,13,550.5,2.3
2022-03-19 14:00:00,14,1328.9,2.9
2022-03-19 15:00:00,15,1516.3,4.8
2022-03-19 16:00:00,16,1422.5,2.3
2022-03-19 17:00:00,17,1034.9,1.1
2022-03-19 18:00:00,18,887.0,1.9
2022-03-19 19:00:00,19,692.9,2.4
2022-03-19 20:00:00,20,,
2022-03-19 21:00:00,21,,
2022-03-19 22:00:00,22,,
2022-03-19 23:00:00,23,,
2022-03-20 00:00:00,0,,
2022-03-20 01:00:00,1,,
2022-03-20 02:00:00,2,,
2022-03-20 03:00:00,3,,
2022-03-20 04:00:00,4,,
2022-03-20 05:00:00,5,,
2022-03-20 06:00:00,6,,
2022-03-20 07:00:00,7,,
2022-03-20 08:00:00,8,,
2022-03-20 09:00:00,9,129.3,1.7
2022-03-20 10:00:00,10,540.3,1.5
2022-03-20 11:00:00,11,1302.1,1.7
2022-03-20 12:00:00,12,1131.7,3.7
2022-03-20 13:00:00,13,1403.7,3.4
2022-03-20 14:00:00,14,2342.9,3.0
2022-03-20 15:00:00,15,1527.2,3.1
2022-03-20 16:00:00,16,1220.3,2.5
2022-03-20 17:00:00,17,1935.2,3.3
2022-03-20 18:00:00,18,1657.2,3.2
2022-03-20 19:00:00,19,588.8,2.8
2022-03-20 20:00:00,20,,
2022-03-20 21:00:00,21,,
2022-03-20 22:00:00,22,,
2022-03-20 23:00:00,23,,
2022-03-21 00:00:00,0,,
2022-03-21 01:00:00,1,,
2022-03-21 02:00:00,2,,
2022-03-21 03:00:00,3,,
2022-03-21 04:00:00,4,,
2022-03-21 05:00:00,5,,
2022-03-21 06:00:00,6,,
2022-03-21 07:00:00,7,,
2022-03-21 08:00:00,8,,
2022-03-21 09:00:00,9,,
2022-03-21 10:00:00,10,661.6,1.9
2022-03-21 11:00:00,11,1334.3,2.4
2022-03-21 12:00:00,12,1484.2,3.5
2022-03-21 13:00:00,13,1779.3,3.5
2022-03-21 14:00:00,14,2177.8,3.9
2022-03-21 15:00:00,15,1617.6,3.9
2022-03-21 16:00:00,16,1625.5,4.6
2022-03-21 17:00:00,17,1596.9,2.6
2022-03-21 18:00:00,18,704.3,3.1
2022-03-21 19:00:00,19,1116.3,3.8
2022-03-21 20:00:00,20,,
2022-03-21 21:00:00,21,,
2022-03-21 22:00:00,22,,
2022-03-21 23:00:00,23,,
2022-03-22 00:00:00,0,,
2022-03-22 01:00:00,1,,
2022-03-22 02:00:00,2,,
2022-03-22 03:00:00,3,,
2022-03-22 04:00:00,4,,
2022-03-22 05:00:00,5,,
2022-03-22 06:00:00,6,,
2022-03-22 07:00:00,7,,
2022-03-22 08:00:00,8,,
2022-03-22 09:00:00,9,,
2022-03-22 10:00:00,10,381.2,0.9
2022-03-22 11:00:00,11,1671.2,3.6
2022-03-22 12:00:00,12,1179.7,2.8
2022-03-22 13:00:00,13,2734.5,4.6
2022-03-22 14:00:00,14,3011.2,3.4
2022-03-22 15:00:00,15,3511.0,3.8
2022-03-22 16:00:00,16,3281.7,4.1
2022-03-22 17:00:00,17,2621.8,4.8
2022-03-22 18:00:00,18,1559.6,2.8
2022-03-22 19:00:00,19,254.7,2.7
2022-03-22 20:00:00,20,,
2022-03-22 21:00:00,21,,
2022-03-22 22:00:00,22,,
2022-03-22 23:00:00,23,,
2022-03-23 00:00:00,0,,
2022-03-23 01:00:00,1,,
2022-03-23 02:00:00,2,,
2022-03-23 03:00:00,3,,
2022-03-23 04:00:00,4,,
2022-03-23 05:00:00,5,,
2022-03-23 06:00:00,6,,
2022-03-23 07:00:00,7,,
2022-03-23 08:00:00,8,,
2022-03-23 09:00:00,9,,
2022-03-23 10:00:00,10,698.9,1.8
2022-03-23 11:00:00,11,1618.1,2.2
2022-03-23 12:00:00,12,2258.7,3.5
2022-03-23 13:00:00,13,3299.0,4.3
2022-03-23 14:00:00,14,3730.7,4.7
2022-03-23 15:00:00,15,3764.8,4.6
2022-03-23 16:00:00,16,3457.8,4.9
2022-03-23 17:00:00,17,2949.3,4.1
2022-03-23 18:00:00,18,2134.3,5.3
2022-03-23 19:00:00,19,1310.8,3.6
2022-03-23 20:00:00,20,,
2022-03-23 21:00:00,21,,
2022-03-23 22:00:00,22,,
2022-03-23 23:00:00,23,,
2022-03-24 00:00:00,0,,
2022-03-24 01:00:00,1,,
2022-03-24 02:00:00,2,,
2022-03-24 03:00:00,3,,
2022-03-24 04:00:00,4,,
2022-03-24 05:00:00,5,,
2022-03-24 06:00:00,6,,
2022-03-24 07:00:00,7,,
2022-03-24 08:00:00,8,,
2022-03-24 09:00:00,9,,
2022-03-24 10:00:00,10,551.3,2.3
2022-03-24 11:00:00,11,1252.7,2.3
2022-03-24 12:00:00,12,1688.9,2.7
2022-03-24 13:00:00,13,1545.5,2.6
2022-03-24 14:00:00,14,2948.0,3.1
2022-03-24 15:00:00,15,2914.6,4.0
2022-03-24 16:00:00,16,3148.8,3.9
2022-03-24 17:00:00,17,1640.9,2.7
2022-03-24 18:00:00,18,583.5,1.7
2022-03-24 19:00:00,19,551.6,2.4
2022-03-24 20:00:00,20,,
2022-03-24 21:00:00,21,,
2022-03-24 22:00:00,22,,
2022-03-24 23:00:00,23,,
2022-03-25 00:00:00,0,,
2022-03-25 01:00:00,1,,
2022-03-25 02:00:00,2,,
2022-03-25 03:00:00,3,,
2022-03-25 04:00:00,4,,
2022-03-25 05:00:00,5,,
2022-03-25 06:00:00,6,,
2022-03-25 07:00:00,7,,
2022-03-25 08:00:00,8,,
2022-03-25 09:00:00,9,,
2022-03-25 10:00:00,10,317.3,2.5
2022-03-25 11:00:00,11,945.6,3.1
2022-03-25 12:00:00,12,2071.8,3.7
2022-03-25 13:00:00,13,2714.2,3.8
2022-03-25 14:00:00,14,3777.6,5.6
2022-03-25 15:00:00,15,3557.2,5.9
2022-03-25 16:00:00,16,2758.8,5.4
2022-03-25 17:00:00,17,2808.6,5.2
2022-03-25 18:00:00,18,2124.1,5.7
2022-03-25 19:00:00,19,1092.0,3.9
2022-03-25 20:00:00,20,,
2022-03-25 21:00:00,21,,
2022-03-25 22:00:00,22,,
2022-03-25 23:00:00,23,,
2022-03-26 00:00:00,0,,
2022-03-26 01:00:00,1,,
2022-03-26 02:00:00,2,,
2022-03-26 03:00:00,3,,
2022-03-26 04:00:00,4,,
2022-03-26 05:00:00,5,,
2022-03-26 06:00:00,6,,
2022-03-26 07:00:00,7,,
2022-03-26 08:00:00,8,,
2022-03-26 09:00:00,9,,
2022-03-26 10:00:00,10,,
2022-03-26 11:00:00,11,,
2022-03-26 12:00:00,12,,
2022-03-26 13:00:00,13,,
2022-03-26 14:00:00,14,408.5,1.7
2022-03-26 15:00:00,15,529.2,1.8
2022-03-26 16:00:00,16,1368.2,1.4
2022-03-26 17:00:00,17,1111.2,2.1
2022-03-26 18:00:00,18,1061.0,1.3
2022-03-26 19:00:00,19,765.7,2.3
2022-03-26 20:00:00,20,,
2022-03-26 21:00:00,21,,
2022-03-26 22:00:00,22,,
2022-03-26 23:00:00,23,,
2022-03-27 00:00:00,0,,
2022-03-27 01:00:00,1,,
2022-03-27 02:00:00,2,,
2022-03-27 03:00:00,3,,
2022-03-27 04:00:00,4,,
2022-03-27 05:00:00,5,,
2022-03-27 06:00:00,6,,
2022-03-27 07:00:00,7,,
2022-03-27 08:00:00,8,,
2022-03-27 09:00:00,9,,
2022-03-27 10:00:00,10,,
2022-03-27 11:00:00,11,,
2022-03-27 12:00:00,12,,
2022-03-27 13:00:00,13,,
2022-03-27 14:00:00,14,,
2022-03-27 15:00:00,15,,
2022-03-27 16:00:00,16,3527.2,3.1
2022-03-27 17:00:00,17,2740.7,3.6
2022-03-27 18:00:00,18,,
2022-03-27 19:00:00,19,,
2022-03-27 20:00:00,20,,
2022-03-27 21:00:00,21,,
2022-03-27 22:00:00,22,,
2022-03-27 23:00:00,23,,
2022-03-28 00:00:00,0,,
2022-03-28 01:00:00,1,,
2022-03-28 02:00:00,2,,
2022-03-28 03:00:00,3,,
2022-03-28 04:00:00,4,,
2022-03-28 05:00:00,5,,
2022-03-28 06:00:00,6,,
2022-03-28 07:00:00,7,,
2022-03-28 08:00:00,8,,
2022-03-28 09:00:00,9,,
2022-03-28 10:00:00,10,,
2022-03-28 11:00:00,11,,
2022-03-28 12:00:00,12,,
2022-03-28 13:00:00,13,2760.5,5.0
2022-03-28 14:00:00,14,,
2022-03-28 15:00:00,15,3320.6,5.3
2022-03-28 16:00:00,16,,
2022-03-28 17:00:00,17,2612.1,4.8
2022-03-28 18:00:00,18,,
2022-03-28 19:00:00,19,1106.9,4.7
2022-03-28 20:00:00,20,,
2022-03-28 21:00:00,21,,
2022-03-28 22:00:00,22,,
2022-03-28 23:00:00,23,,
2022-03-29 00:00:00,0,,
2022-03-29 01:00:00,1,,
2022-03-29 02:00:00,2,,
2022-03-29 03:00:00,3,,
2022-03-29 04:00:00,4,,
2022-03-29 05:00:00,5,,
2022-03-29 06:00:00,6,,
2022-03-29 07:00:00,7,,
2022-03-29 08:00:00,8,,
2022-03-29 09:00:00,9,,
2022-03-29 10:00:00,10,633.7,2.6
2022-03-29 11:00:00,11,,
2022-03-29 12:00:00,12,,
2022-03-29 13:00:00,13,2776.4,5.3
2022-03-29 14:00:00,14,2291.5,5.6
2022-03-29 15:00:00,15,,
2022-03-29 16:00:00,16,2557.5,5.9
2022-03-29 17:00:00,17,,
2022-03-29 18:00:00,18,1052.4,4.8
2022-03-29 19:00:00,19,,
2022-03-29 20:00:00,20,,
2022-03-29 21:00:00,21,,
2022-03-29 22:00:00,22,,
2022-03-29 23:00:00,23,,
2022-03-30 00:00:00,0,,
2022-03-30 01:00:00,1,,
2022-03-30 02:00:00,2,,
2022-03-30 03:00:00,3,,
2022-03-30 04:00:00,4,,
2022-03-30 05:00:00,5,,
2022-03-30 06:00:00,6,,
2022-03-30 07:00:00,7,,
2022-03-30 08:00:00,8,,
2022-03-30 09:00:00,9,,
2022-03-30 10:00:00,10,,
2022-03-30 11:00:00,11,,
2022-03-30 12:00:00,12,2054.4,4.0
2022-03-30 13:00:00,13,,
2022-03-30 14:00:00,14,3449.3,5.9
2022-03-30 15:00:00,15,,
2022-03-30 16:00:00,16,3383.2,5.8
2022-03-30 17:00:00,17,,
2022-03-30 18:00:00,18,1937.0,5.7
2022-03-30 19:00:00,19,,
2022-03-30 20:00:00,20,,
2022-03-30 21:00:00,21,,
2022-03-30 22:00:00,22,,
2022-03-30 23:00:00,23,,
2022-03-31 00:00:00,0,,
2022-03-31 01:00:00,1,,
2022-03-31 02:00:00,2,,
2022-03-31 03:00:00,3,,
2022-03-31 04:00:00,4,,
2022-03-31 05:00:00,5,,
2022-03-31 06:00:00,6,,
2022-03-31 07:00:00,7,,
2022-03-31 08:00:00,8,,
2022-03-31 09:00:00,9,,
2022-03-31 10:00:00,10,,
2022-03-31 11:00:00,11,,
2022-03-31 12:00:00,12,2431.1,2.3
2022-03-31 13:00:00,13,,
2022-03-31 14:00:00,14,,
2022-03-31 15:00:00,15,3222.2,4.2
2022-03-31 16:00:00,16,,
2022-03-31 17:00:00,17,,
2022-03-31 18:00:00,18,,
2022-03-31 19:00:00,19,,
2022-03-31 20:00:00,20,,
2022-03-31 21:00:00,21,,
2022-03-31 22:00:00,22,,
2022-03-31 23:00:00,23,,
2022-04-01 00:00:00,0,,
2022-04-01 01:00:00,1,,
2022-04-01 02:00:00,2,,
2022-04-01 03:00:00,3,,
2022-04-01 04:00:00,4,,
2022-04-01 05:00:00,5,,
2022-04-01 06:00:00,6,,
2022-04-01 07:00:00,7,,
2022-04-01 08:00:00,8,,
2022-04-01 09:00:00,9,,
2022-04-01 10:00:00,10,,
2022-04-01 11:00:00,11,,
2022-04-01 12:00:00,12,2556.6,3.7
2022-04-01 13:00:00,13,,
2022-04-01 14:00:00,14,3344.0,4.3
2022-04-01 15:00:00,15,,
2022-04-01 16:00:00,16,,
2022-04-01 17:00:00,17,2449.4,5.0
2022-04-01 18:00:00,18,1348.9,4.8
2022-04-01 19:00:00,19,940.1,5.4
2022-04-01 20:00:00,20,,
2022-04-01 21:00:00,21,,
2022-04-01 22:00:00,22,,
2022-04-01 23:00:00,23,,
2022-04-02 00:00:00,0,,
2022-04-02 01:00:00,1,,
2022-04-02 02:00:00,2,,
2022-04-02 03:00:00,3,,
2022-04-02 04:00:00,4,,
2022-04-02 05:00:00,5,,
2022-04-02 06:00:00,6,,
2022-04-02 07:00:00,7,,
2022-04-02 08:00:00,8,,
2022-04-02 09:00:00,9,,
2022-04-02 10:00:00,10,,
2022-04-02 11:00:00,11,1328.7,2.1
2022-04-02 12:00:00,12,,
2022-04-02 13:00:00,13,,
2022-04-02 14:00:00,14,742.9,0.9
2022-04-02 15:00:00,15,,
2022-04-02 16:00:00,16,,
2022-04-02 17:00:00,17,1012.2,2.0
2022-04-02 18:00:00,18,2293.2,3.7
2022-04-02 19:00:00,19,1018.8,2.1
2022-04-02 20:00:00,20,,
2022-04-02 21:00:00,21,,
2022-04-02 22:00:00,22,,
2022-04-02 23:00:00,23,,
2022-04-03 00:00:00,0,,
2022-04-03 01:00:00,1,,
2022-04-03 02:00:00,2,,
2022-04-03 03:00:00,3,,
2022-04-03 04:00:00,4,,
2022-04-03 05:00:00,5,,
2022-04-03 06:00:00,6,,
2022-04-03 07:00:00,7,,
2022-04-03 08:00:00,8,,
2022-04-03 09:00:00,9,126.7,2.9
2022-04-03 10:00:00,10,824.1,3.0
2022-04-03 11:00:00,11,1097.5,3.5
2022-04-03 12:00:00,12,,
2022-04-03 13:00:00,13,2137.1,5.7
2022-04-03 14:00:00,14,,
2022-04-03 15:00:00,15,1596.1,4.6
2022-04-03 16:00:00,16,1185.1,5.2
2022-04-03 17:00:00,17,969.3,3.9
2022-04-03 18:00:00,18,503.1,3.1
2022-04-03 19:00:00,19,,
2022-04-03 20:00:00,20,,
2022-04-03 21:00:00,21,,
2022-04-03 22:00:00,22,,
2022-04-03 23:00:00,23,,
2022-04-04 00:00:00,0,,
2022-04-04 01:00:00,1,,
2022-04-04 02:00:00,2,,
2022-04-04 03:00:00,3,,
2022-04-04 04:00:00,4,,
2022-04-04 05:00:00,5,,
2022-04-04 06:00:00,6,,
2022-04-04 07:00:00,7,,
2022-04-04 08:00:00,8,,
2022-04-04 09:00:00,9,,
2022-04-04 10:00:00,10,546.5,2.6
2022-04-04 11:00:00,11,1729.3,3.8
2022-04-04 12:00:00,12,1951.1,4.6
2022-04-04 13:00:00,13,,
2022-04-04 14:00:00,14,3609.5,5.9
2022-04-04 15:00:00,15,3488.8,6.4
2022-04-04 16:00:00,16,3334.7,5.7
2022-04-04 17:00:00,17,2800.6,5.4
2022-04-04 18:00:00,18,2195.9,5.3
2022-04-04 19:00:00,19,933.6,5.5
2022-04-04 20:00:00,20,,
2022-04-04 21:00:00,21,,
2022-04-04 22:00:00,22,,
2022-04-04 23:00:00,23,,
2022-04-05 00:00:00,0,,
2022-04-05 01:00:00,1,,
2022-04-05 02:00:00,2,,
2022-04-05 03:00:00,3,,
2022-04-05 04:00:00,4,,
2022-04-05 05:00:00,5,,
2022-04-05 06:00:00,6,,
2022-04-05 07:00:00,7,,
2022-04-05 08:00:00,8,,
2022-04-05 09:00:00,9,,
2022-04-05 10:00:00,10,341.0,2.0
2022-04-05 11:00:00,11,2043.9,3.2
2022-04-05 12:00:00,12,1332.4,3.8
2022-04-05 13:00:00,13,3061.1,4.3
2022-04-05 14:00:00,14,1659.3,3.8
2022-04-05 15:00:00,15,3036.6,6.2
2022-04-05 16:00:00,16,3402.6,4.7
2022-04-05 17:00:00,17,2906.5,5.7
2022-04-05 18:00:00,18,1859.0,5.0
2022-04-05 19:00:00,19,733.2,3.5
2022-04-05 20:00:00,20,,
2022-04-05 21:00:00,21,,
2022-04-05 22:00:00,22,,
2022-04-05 23:00:00,23,,
2022-04-06 00:00:00,0,,
2022-04-06 01:00:00,1,,
2022-04-06 02:00:00,2,,
2022-04-06 03:00:00,3,,
2022-04-06 04:00:00,4,,
2022-04-06 05:00:00,5,,
2022-04-06 06:00:00,6,,
2022-04-06 07:00:00,7,,
2022-04-06 08:00:00,8,,
2022-04-06 09:00:00,9,,
2022-04-06 10:00:00,10,357.6,3.0
2022-04-06 11:00:00,11,764.8,2.6
2022-04-06 12:00:00,12,2084.7,2.4
2022-04-06 13:00:00,13,2343.6,4.2
2022-04-06 14:00:00,14,3357.3,4.2
2022-04-06 15:00:00,15,3377.2,5.0
2022-04-06 16:00:00,16,3316.1,5.4
2022-04-06 17:00:00,17,2480.7,5.0
2022-04-06 18:00:00,18,2005.1,5.8
2022-04-06 19:00:00,19,987.7,4.8
2022-04-06 20:00:00,20,,
2022-04-06 21:00:00,21,,
2022-04-06 22:00:00,22,,
2022-04-06 23:00:00,23,,
2022-04-07 00:00:00,0,,
2022-04-07 01:00:00,1,,
2022-04-07 02:00:00,2,,
2022-04-07 03:00:00,3,,
2022-04-07 04:00:00,4,,
2022-04-07 05:00:00,5,,
2022-04-07 06:00:00,6,,
2022-04-07 07:00:00,7,,
2022-04-07 08:00:00,8,,
2022-04-07 09:00:00,9,,
2022-04-07 10:00:00,10,922.5,2.8
2022-04-07 11:00:00,11,1394.2,3.2
2022-04-07 12:00:00,12,2513.8,4.2
2022-04-07 13:00:00,13,3175.3,4.1
2022-04-07 14:00:00,14,3187.5,4.7
2022-04-07 15:00:00,15,3661.4,4.5
2022-04-07 16:00:00,16,3339.2,4.0
2022-04-07 17:00:00,17,2550.6,4.1
2022-04-07 18:00:00,18,2014.0,4.3
2022-04-07 19:00:00,19,905.1,4.2
2022-04-07 20:00:00,20,,
2022-04-07 21:00:00,21,,
2022-04-07 22:00:00,22,,
2022-04-07 23:00:00,23,,
2022-04-08 00:00:00,0,,
2022-04-08 01:00:00,1,,
2022-04-08 02:00:00,2,,
2022-04-08 03:00:00,3,,
2022-04-08 04:00:00,4,,
2022-04-08 05:00:00,5,,
2022-04-08 06:00:00,6,,
2022-04-08 07:00:00,7,,
2022-04-08 08:00:00,8,,
2022-04-08 09:00:00,9,,
2022-04-08 10:00:00,10,486.2,1.7
2022-04-08 11:00:00,11,876.5,2.9
2022-04-08 12:00:00,12,1388.2,4.1
2022-04-08 13:00:00,13,2388.3,5.7
2022-04-08 14:00:00,14,3517.2,4.9
2022-04-08 15:00:00,15,3586.8,5.0
2022-04-08 16:00:00,16,3267.4,5.1
2022-04-08 17:00:00,17,2721.7,5.2
2022-04-08 18:00:00,18,2137.0,5.5
2022-04-08 19:00:00,19,888.7,5.0
2022-04-08 20:00:00,20,,
2022-04-08 21:00:00,21,,
2022-04-08 22:00:00,22,,
2022-04-08 23:00:00,23,,
2022-04-09 00:00:00,0,,
2022-04-09 01:00:00,1,,
2022-04-09 02:00:00,2,,
2022-04-09 03:00:00,3,,
2022-04-09 04:00:00,4,,
2022-04-09 05:00:00,5,,
2022-04-09 06:00:00,6,,
2022-04-09 07:00:00,7,,
2022-04-09 08:00:00,8,,
2022-04-09 09:00:00,9,,
2022-04-09 10:00:00,10,396.6,3.2
2022-04-09 11:00:00,11,1444.5,3.6
2022-04-09 12:00:00,12,2518.3,5.6
2022-04-09 13:00:00,13,2898.0,5.8
2022-04-09 14:00:00,14,2631.3,6.1
2022-04-09 15:00:00,15,3497.7,6.0
2022-04-09 16:00:00,16,3041.2,5.6
2022-04-09 17:00:00,17,2691.5,5.8
2022-04-09 18:00:00,18,1892.1,5.5
2022-04-09 19:00:00,19,720.8,4.7
2022-04-09 20:00:00,20,,
2022-04-09 21:00:00,21,,
2022-04-09 22:00:00,22,,
2022-04-09 23:00:00,23,,
2022-04-10 00:00:00,0,,
2022-04-10 01:00:00,1,,
2022-04-10 02:00:00,2,,
2022-04-10 03:00:00,3,,
2022-04-10 04:00:00,4,,
2022-04-10 05:00:00,5,,
2022-04-10 06:00:00,6,,
2022-04-10 07:00:00,7,,
2022-04-10 08:00:00,8,,
2022-04-10 09:00:00,9,,
2022-04-10 10:00:00,10,655.1,2.6
2022-04-10 11:00:00,11,1552.2,2.8
2022-04-10 12:00:00,12,2349.4,3.8
2022-04-10 13:00:00,13,3260.5,4.5
2022-04-10 14:00:00,14,3326.2,4.1
2022-04-10 15:00:00,15,3314.3,4.4
2022-04-10 16:00:00,16,3267.8,4.4
2022-04-10 17:00:00,17,2556.1,4.1
2022-04-10 18:00:00,18,1563.9,4.0
2022-04-10 19:00:00,19,889.2,3.7
2022-04-10 20:00:00,20,,
2022-04-10 21:00:00,21,,
2022-04-10 22:00:00,22,,
2022-04-10 23:00:00,23,,
2022-04-11 00:00:00,0,,
2022-04-11 01:00:00,1,,
2022-04-11 02:00:00,2,,
2022-04-11 03:00:00,3,,
2022-04-11 04:00:00,4,,
2022-04-11 05:00:00,5,,
2022-04-11 06:00:00,6,,
2022-04-11 07:00:00,7,,
2022-04-11 08:00:00,8,,
2022-04-11 09:00:00,9,,
2022-04-11 10:00:00,10,519.1,3.5
2022-04-11 11:00:00,11,1451.4,3.9
2022-04-11 12:00:00,12,2564.0,5.0
2022-04-11 13:00:00,13,2872.4,4.3
2022-04-11 14:00:00,14,2497.6,5.1
2022-04-11 15:00:00,15,3125.7,4.5
2022-04-11 16:00:00,16,2504.9,4.2
2022-04-11 17:00:00,17,2522.8,3.6
2022-04-11 18:00:00,18,1558.8,3.9
2022-04-11 19:00:00,19,699.5,2.7
2022-04-11 20:00:00,20,,
2022-04-11 21:00:00,21,,
2022-04-11 22:00:00,22,,
2022-04-11 23:00:00,23,,
2022-04-12 00:00:00,0,,
2022-04-12 01:00:00,1,,
2022-04-12 02:00:00,2,,
2022-04-12 03:00:00,3,,
2022-04-12 04:00:00,4,,
2022-04-12 05:00:00,5,,
2022-04-12 06:00:00,6,,
2022-04-12 07:00:00,7,,
2022-04-12 08:00:00,8,,
2022-04-12 09:00:00,9,186.2,1.7
2022-04-12 10:00:00,10,1041.3,2.6
2022-04-12 11:00:00,11,1621.2,4.3
2022-04-12 12:00:00,12,2667.7,4.7
2022-04-12 13:00:00,13,3229.7,5.1
2022-04-12 14:00:00,14,3574.9,5.4
2022-04-12 15:00:00,15,3557.0,4.8
2022-04-12 16:00:00,16,3198.1,5.1
2022-04-12 17:00:00,17,2818.4,4.6
2022-04-12 18:00:00,18,2044.6,4.0
2022-04-12 19:00:00,19,776.6,3.4
2022-04-12 20:00:00,20,,
2022-04-12 21:00:00,21,,
2022-04-12 22:00:00,22,,
2022-04-12 23:00:00,23,,
2022-04-13 00:00:00,0,,
2022-04-13 01:00:00,1,,
2022-04-13 02:00:00,2,,
2022-04-13 03:00:00,3,,
2022-04-13 04:00:00,4,,
2022-04-13 05:00:00,5,,
2022-04-13 06:00:00,6,,
2022-04-13 07:00:00,7,,
2022-04-13 08:00:00,8,,
2022-04-13 09:00:00,9,104.8,1.3
2022-04-13 10:00:00,10,972.1,1.6
2022-04-13 11:00:00,11,1884.0,2.4
2022-04-13 12:00:00,12,2555.7,3.0
2022-04-13 13:00:00,13,3003.4,3.1
2022-04-13 14:00:00,14,3484.9,3.4
2022-04-13 15:00:00,15,3507.4,3.7
2022-04-13 16:00:00,16,3004.9,3.7
2022-04-13 17:00:00,17,2726.2,3.8
2022-04-13 18:00:00,18,2100.9,3.1
2022-04-13 19:00:00,19,606.8,3.7
2022-04-13 20:00:00,20,,
2022-04-13 21:00:00,21,,
2022-04-13 22:00:00,22,,
2022-04-13 23:00:00,23,,
2022-04-14 00:00:00,0,,
2022-04-14 01:00:00,1,,
2022-04-14 02:00:00,2,,
2022-04-14 03:00:00,3,,
2022-04-14 04:00:00,4,,
2022-04-14 05:00:00,5,,
2022-04-14 06:00:00,6,,
2022-04-14 07:00:00,7,,
2022-04-14 08:00:00,8,,
2022-04-14 09:00:00,9,,
2022-04-14 10:00:00,10,625.6,1.8
2022-04-14 11:00:00,11,1755.1,1.4
2022-04-14 12:00:00,12,2041.4,2.4
2022-04-14 13:00:00,13,3070.0,3.1
2022-04-14 14:00:00,14,3424.5,3.2
2022-04-14 15:00:00,15,3484.1,3.7
2022-04-14 16:00:00,16,3238.2,3.9
2022-04-14 17:00:00,17,2526.6,3.5
2022-04-14 18:00:00,18,1919.0,3.5
2022-04-14 19:00:00,19,575.2,3.0
2022-04-14 20:00:00,20,,
2022-04-14 21:00:00,21,,
2022-04-14 22:00:00,22,,
2022-04-14 23:00:00,23,,
2022-04-15 00:00:00,0,,
2022-04-15 01:00:00,1,,
2022-04-15 02:00:00,2,,
2022-04-15 03:00:00,3,,
2022-04-15 04:00:00,4,,
2022-04-15 05:00:00,5,,
2022-04-15 06:00:00,6,,
2022-04-15 07:00:00,7,,
2022-04-15 08:00:00,8,,
2022-04-15 09:00:00,9,177.0,0.9
2022-04-15 10:00:00,10,762.1,2.5
2022-04-15 11:00:00,11,1341.9,2.6
2022-04-15 12:00:00,12,2393.2,3.2
2022-04-15 13:00:00,13,2934.5,3.5
2022-04-15 14:00:00,14,3349.4,3.4
2022-04-15 15:00:00,15,3400.0,3.6
2022-04-15 16:00:00,16,3114.8,3.5
2022-04-15 17:00:00,17,2683.9,3.7
2022-04-15 18:00:00,18,2072.5,3.8
2022-04-15 19:00:00,19,548.4,3.4
2022-04-15 20:00:00,20,,
2022-04-15 21:00:00,21,,
2022-04-15 22:00:00,22,,
2022-04-15 23:00:00,23,,
2022-04-16 00:00:00,0,,
2022-04-16 01:00:00,1,,
2022-04-16 02:00:00,2,,
2022-04-16 03:00:00,3,,
2022-04-16 04:00:00,4,,
2022-04-16 05:00:00,5,,
2022-04-16 06:00:00,6,,
2022-04-16 07:00:00,7,,
2022-04-16 08:00:00,8,,
2022-04-16 09:00:00,9,197.3,1.6
2022-04-16 10:00:00,10,487.2,1.8
2022-04-16 11:00:00,11,1632.1,2.8
2022-04-16 12:00:00,12,2209.4,3.0
2022-04-16 13:00:00,13,2727.8,3.6
2022-04-16 14:00:00,14,3322.7,3.1
2022-04-16 15:00:00,15,3380.0,3.5
2022-04-16 16:00:00,16,3118.5,3.4
2022-04-16 17:00:00,17,2537.4,3.3
2022-04-16 18:00:00,18,1998.5,3.2
2022-04-16 19:00:00,19,,
2022-04-16 20:00:00,20,,
2022-04-16 21:00:00,21,,
2022-04-16 22:00:00,22,,
2022-04-16 23:00:00,23,,
2022-04-17 00:00:00,0,,
2022-04-17 01:00:00,1,,
2022-04-17 02:00:00,2,,
2022-04-17 03:00:00,3,,
2022-04-17 04:00:00,4,,
2022-04-17 05:00:00,5,,
2022-04-17 06:00:00,6,,
2022-04-17 07:00:00,7,,
2022-04-17 08:00:00,8,,
2022-04-17 09:00:00,9,297.5,0.7
2022-04-17 10:00:00,10,1187.5,2.4
2022-04-17 11:00:00,11,1308.4,1.7
2022-04-17 12:00:00,12,2223.8,2.2
2022-04-17 13:00:00,13,2796.6,3.1
2022-04-17 14:00:00,14,3200.8,3.1
2022-04-17 15:00:00,15,1580.3,3.1
2022-04-17 16:00:00,16,3131.9,3.7
2022-04-17 17:00:00,17,2829.4,3.7
2022-04-17 18:00:00,18,1807.3,2.4
2022-04-17 19:00:00,19,562.2,2.9
2022-04-17 20:00:00,20,,
2022-04-17 21:00:00,21,,
2022-04-17 22:00:00,22,,
2022-04-17 23:00:00,23,,
2022-04-18 00:00:00,0,,
2022-04-18 01:00:00,1,,
2022-04-18 02:00:00,2,,
2022-04-18 03:00:00,3,,
2022-04-18 04:00:00,4,,
2022-04-18 05:00:00,5,,
2022-04-18 06:00:00,6,,
2022-04-18 07:00:00,7,,
2022-04-18 08:00:00,8,,
2022-04-18 09:00:00,9,,
2022-04-18 10:00:00,10,705.5,1.3
2022-04-18 11:00:00,11,1365.8,1.8
2022-04-18 12:00:00,12,1747.8,2.9
2022-04-18 13:00:00,13,1463.2,4.2
2022-04-18 14:00:00,14,1288.7,1.7
2022-04-18 15:00:00,15,2921.8,3.8
2022-04-18 16:00:00,16,3020.9,4.3
2022-04-18 17:00:00,17,2628.9,3.8
2022-04-18 18:00:00,18,2047.2,4.2
2022-04-18 19:00:00,19,560.5,3.5
2022-04-18 20:00:00,20,,
2022-04-18 21:00:00,21,,
2022-04-18 22:00:00,22,,
2022-04-18 23:00:00,23,,
2022-04-19 00:00:00,0,,
2022-04-19 01:00:00,1,,
2022-04-19 02:00:00,2,,
2022-04-19 03:00:00,3,,
2022-04-19 04:00:00,4,,
2022-04-19 05:00:00,5,,
2022-04-19 06:00:00,6,,
2022-04-19 07:00:00,7,,
2022-04-19 08:00:00,8,,
2022-04-19 09:00:00,9,117.2,2.0
2022-04-19 10:00:00,10,944.2,2.8
2022-04-19 11:00:00,11,1832.1,3.8
2022-04-19 12:00:00,12,2681.6,4.2
2022-04-19 13:00:00,13,3114.6,4.0
2022-04-19 14:00:00,14,3389.2,4.5
2022-04-19 15:00:00,15,3399.3,5.1
2022-04-19 16:00:00,16,3155.4,4.5
2022-04-19 17:00:00,17,2662.0,4.5
2022-04-19 18:00:00,18,2036.1,5.1
2022-04-19 19:00:00,19,511.2,5.0
2022-04-19 20:00:00,20,,
2022-04-19 21:00:00,21,,
2022-04-19 22:00:00,22,,
2022-04-19 23:00:00,23,,
2022-04-20 00:00:00,0,,
2022-04-20 01:00:00,1,,
2022-04-20 02:00:00,2,,
2022-04-20 03:00:00,3,,
2022-04-20 04:00:00,4,,
2022-04-20 05:00:00,5,,
2022-04-20 06:00:00,6,,
2022-04-20 07:00:00,7,,
2022-04-20 08:00:00,8,,
2022-04-20 09:00:00,9,123.1,2.6
2022-04-20 10:00:00,10,986.2,2.7
2022-04-20 11:00:00,11,1814.0,3.0
2022-04-20 12:00:00,12,2581.2,4.5
2022-04-20 13:00:00,13,3043.3,4.2
2022-04-20 14:00:00,14,3201.3,4.8
2022-04-20 15:00:00,15,3488.3,5.5
2022-04-20 16:00:00,16,3172.9,5.2
2022-04-20 17:00:00,17,2649.6,5.0
2022-04-20 18:00:00,18,1903.6,4.4
2022-04-20 19:00:00,19,533.1,4.0
2022-04-20 20:00:00,20,,
2022-04-20 21:00:00,21,,
2022-04-20 22:00:00,22,,
2022-04-20 23:00:00,23,,
2022-04-21 00:00:00,0,,
2022-04-21 01:00:00,1,,
2022-04-21 02:00:00,2,,
2022-04-21 03:00:00,3,,
2022-04-21 04:00:00,4,,
2022-04-21 05:00:00,5,,
2022-04-21 06:00:00,6,,
2022-04-21 07:00:00,7,,
2022-04-21 08:00:00,8,,
2022-04-21 09:00:00,9,136.7,1.5
2022-04-21 10:00:00,10,864.5,3.1
2022-04-21 11:00:00,11,1613.7,3.5
2022-04-21 12:00:00,12,2555.4,4.4
2022-04-21 13:00:00,13,3089.4,4.2
2022-04-21 14:00:00,14,3464.3,4.8
2022-04-21 15:00:00,15,3420.2,4.3
2022-04-21 16:00:00,16,3098.8,4.9
2022-04-21 17:00:00,17,2673.2,4.5
2022-04-21 18:00:00,18,2026.7,5.3
2022-04-21 19:00:00,19,523.2,4.4
2022-04-21 20:00:00,20,,
2022-04-21 21:00:00,21,,
2022-04-21 22:00:00,22,,
2022-04-21 23:00:00,23,,
2022-04-22 00:00:00,0,,
2022-04-22 01:00:00,1,,
2022-04-22 02:00:00,2,,
2022-04-22 03:00:00,3,,
2022-04-22 04:00:00,4,,
2022-04-22 05:00:00,5,,
2022-04-22 06:00:00,6,,
2022-04-22 07:00:00,7,,
2022-04-22 08:00:00,8,,
2022-04-22 09:00:00,9,,
2022-04-22 10:00:00,10,696.6,1.6
2022-04-22 11:00:00,11,1674.1,3.3
2022-04-22 12:00:00,12,1841.2,3.7
2022-04-22 13:00:00,13,2592.9,3.7
2022-04-22 14:00:00,14,3349.5,4.3
2022-04-22 15:00:00,15,3578.1,4.2
2022-04-22 16:00:00,16,3161.0,4.7
2022-04-22 17:00:00,17,2604.7,4.2
2022-04-22 18:00:00,18,1724.8,4.3
2022-04-22 19:00:00,19,671.9,3.9
2022-04-22 20:00:00,20,,
2022-04-22 21:00:00,21,,
2022-04-22 22:00:00,22,,
2022-04-22 23:00:00,23,,
2022-04-23 00:00:00,0,,
2022-04-23 01:00:00,1,,
2022-04-23 02:00:00,2,,
2022-04-23 03:00:00,3,,
2022-04-23 04:00:00,4,,
2022-04-23 05:00:00,5,,
2022-04-23 06:00:00,6,,
2022-04-23 07:00:00,7,,
2022-04-23 08:00:00,8,,
2022-04-23 09:00:00,9,,
2022-04-23 10:00:00,10,,
2022-04-23 11:00:00,11,,
2022-04-23 12:00:00,12,475.3,1.5
2022-04-23 13:00:00,13,366.5,0.5
2022-04-23 14:00:00,14,1817.9,3.0
2022-04-23 15:00:00,15,,
2022-04-23 16:00:00,16,190.6,3.1
2022-04-23 17:00:00,17,,
2022-04-23 18:00:00,18,211.7,2.7
2022-04-23 19:00:00,19,,
2022-04-23 20:00:00,20,,
2022-04-23 21:00:00,21,,
2022-04-23 22:00:00,22,,
2022-04-23 23:00:00,23,,
2022-04-24 00:00:00,0,,
2022-04-24 01:00:00,1,,
2022-04-24 02:00:00,2,,
2022-04-24 03:00:00,3,,
2022-04-24 04:00:00,4,,
2022-04-24 05:00:00,5,,
2022-04-24 06:00:00,6,,
2022-04-24 07:00:00,7,,
2022-04-24 08:00:00,8,,
2022-04-24 09:00:00,9,,
2022-04-24 10:00:00,10,406.8,1.7
2022-04-24 11:00:00,11,1337.6,2.6
2022-04-24 12:00:00,12,1967.5,3.7
2022-04-24 13:00:00,13,1202.1,3.8
2022-04-24 14:00:00,14,1985.1,5.7
2022-04-24 15:00:00,15,2869.3,4.2
2022-04-24 16:00:00,16,2900.4,4.9
2022-04-24 17:00:00,17,1460.2,4.5
2022-04-24 18:00:00,18,2015.7,5.8
2022-04-24 19:00:00,19,563.9,5.4
2022-04-24 20:00:00,20,,
2022-04-24 21:00:00,21,,
2022-04-24 22:00:00,22,,
2022-04-24 23:00:00,23,,
2022-04-25 00:00:00,0,,
2022-04-25 01:00:00,1,,
2022-04-25 02:00:00,2,,
2022-04-25 03:00:00,3,,
2022-04-25 04:00:00,4,,
2022-04-25 05:00:00,5,,
2022-04-25 06:00:00,6,,
2022-04-25 07:00:00,7,,
2022-04-25 08:00:00,8,,
2022-04-25 09:00:00,9,172.4,1.3
2022-04-25 10:00:00,10,1055.5,2.1
2022-04-25 11:00:00,11,1839.2,3.3
2022-04-25 12:00:00,12,2380.6,4.3
2022-04-25 13:00:00,13,3015.3,4.5
2022-04-25 14:00:00,14,2771.9,
2022-04-25 15:00:00,15,3395.9,
2022-04-25 16:00:00,16,3053.6,
2022-04-25 17:00:00,17,2615.5,
2022-04-25 18:00:00,18,2038.8,
2022-04-25 19:00:00,19,559.0,
2022-04-25 20:00:00,20,260.6,
2022-04-25 21:00:00,21,6.3,
2022-04-25 22:00:00,22,,
2022-04-25 23:00:00,23,,
2022-04-26 00:00:00,0,,
2022-04-26 01:00:00,1,,
2022-04-26 02:00:00,2,,
2022-04-26 03:00:00,3,,
2022-04-26 04:00:00,4,,
2022-04-26 05:00:00,5,,
2022-04-26 06:00:00,6,,
2022-04-26 07:00:00,7,,
2022-04-26 08:00:00,8,,
2022-04-26 09:00:00,9,56.9,
2022-04-26 10:00:00,10,544.3,
2022-04-26 11:00:00,11,1415.1,
2022-04-26 12:00:00,12,1703.7,
2022-04-26 13:00:00,13,2645.6,
2022-04-26 14:00:00,14,2732.6,
2022-04-26 15:00:00,15,3065.4,
2022-04-26 16:00:00,16,2908.1,
2022-04-26 17:00:00,17,2236.7,
2022-04-26 18:00:00,18,1670.9,
2022-04-26 19:00:00,19,496.7,5.5
2022-04-26 20:00:00,20,204.8,4.8
2022-04-26 21:00:00,21,3.8,4.5
2022-04-26 22:00:00,22,,4.4
2022-04-26 23:00:00,23,,5.2
2022-04-27 00:00:00,0,,4.4
2022-04-27 01:00:00,1,,3.2
2022-04-27 02:00:00,2,,4.2
2022-04-27 03:00:00,3,,3.2
2022-04-27 04:00:00,4,,3.0
2022-04-27 05:00:00,5,,2.6
2022-04-27 06:00:00,6,,2.5
2022-04-27 07:00:00,7,,3.0
2022-04-27 08:00:00,8,,2.4
2022-04-27 09:00:00,9,54.6,2.8
2022-04-27 10:00:00,10,466.8,3.4
2022-04-27 11:00:00,11,913.3,3.4
2022-04-27 12:00:00,12,1854.7,3.2
2022-04-27 13:00:00,13,2097.0,3.5
2022-04-27 14:00:00,14,2565.2,4.3
2022-04-27 15:00:00,15,2269.4,6.6
2022-04-27 16:00:00,16,3068.2,5.4
2022-04-27 17:00:00,17,1936.3,5.0
2022-04-27 18:00:00,18,1573.6,5.2
2022-04-27 19:00:00,19,645.8,4.4
2022-04-27 20:00:00,20,208.8,4.1
2022-04-27 21:00:00,21,0.2,3.9
2022-04-27 22:00:00,22,,3.5
2022-04-27 23:00:00,23,,3.4
2022-04-28 00:00:00,0,,3.0
2022-04-28 01:00:00,1,,3.0
2022-04-28 02:00:00,2,,2.2
2022-04-28 03:00:00,3,,3.0
2022-04-28 04:00:00,4,,3.5
2022-04-28 05:00:00,5,,3.2
2022-04-28 06:00:00,6,,4.3
2022-04-28 07:00:00,7,,3.8
2022-04-28 08:00:00,8,,3.1
2022-04-28 09:00:00,9,113.5,2.8
2022-04-28 10:00:00,10,939.7,3.5
2022-04-28 11:00:00,11,1416.2,3.9
2022-04-28 12:00:00,12,1409.7,4.3
2022-04-28 13:00:00,13,2386.7,3.9
2022-04-28 14:00:00,14,3196.3,6.2
2022-04-28 15:00:00,15,3185.2,5.3
2022-04-28 16:00:00,16,2908.3,4.7
2022-04-28 17:00:00,17,2315.3,4.5
2022-04-28 18:00:00,18,1637.3,6.5
2022-04-28 19:00:00,19,252.2,3.5
2022-04-28 20:00:00,20,154.9,3.5
2022-04-28 21:00:00,21,1.1,4.6
2022-04-28 22:00:00,22,,4.8
2022-04-28 23:00:00,23,,4.1
2022-04-29 00:00:00,0,,4.0
2022-04-29 01:00:00,1,,3.1
2022-04-29 02:00:00,2,,3.2
2022-04-29 03:00:00,3,,3.4
2022-04-29 04:00:00,4,,3.3
2022-04-29 05:00:00,5,,2.8
2022-04-29 06:00:00,6,,1.9
2022-04-29 07:00:00,7,,2.8
2022-04-29 08:00:00,8,,1.8
2022-04-29 09:00:00,9,75.8,1.5
2022-04-29 10:00:00,10,479.0,2.7
2022-04-29 11:00:00,11,1016.9,3.8
2022-04-29 12:00:00,12,2259.8,5.2
2022-04-29 13:00:00,13,2821.5,6.0
2022-04-29 14:00:00,14,2947.6,5.9
2022-04-29 15:00:00,15,3203.0,5.1
2022-04-29 16:00:00,16,2857.2,5.2
2022-04-29 17:00:00,17,2432.9,5.9
2022-04-29 18:00:00,18,1888.8,4.8
2022-04-29 19:00:00,19,405.1,4.1
2022-04-29 20:00:00,20,232.8,3.7
2022-04-29 21:00:00,21,1.7,3.3
2022-04-29 22:00:00,22,,3.4
2022-04-29 23:00:00,23,,3.1
2022-04-30 00:00:00,0,,3.4
2022-04-30 01:00:00,1,,2.5
2022-04-30 02:00:00,2,,2.4
2022-04-30 03:00:00,3,,2.9
2022-04-30 04:00:00,4,,1.9
2022-04-30 05:00:00,5,,2.9
2022-04-30 06:00:00,6,,2.2
2022-04-30 07:00:00,7,,2.5
2022-04-30 08:00:00,8,,1.7
2022-04-30 09:00:00,9,101.1,2.7
2022-04-30 10:00:00,10,928.0,2.0
2022-04-30 11:00:00,11,1787.6,3.3
2022-04-30 12:00:00,12,2363.6,4.4
2022-04-30 13:00:00,13,2688.2,5.7
2022-04-30 14:00:00,14,3266.3,5.2
2022-04-30 15:00:00,15,3399.0,4.6
2022-04-30 16:00:00,16,2905.4,5.4
2022-04-30 17:00:00,17,1940.8,5.5
2022-04-30 18:00:00,18,1326.0,5.1
2022-04-30 19:00:00,19,740.0,4.8
2022-04-30 20:00:00,20,194.6,5.2
2022-04-30 21:00:00,21,2.6,4.5
2022-04-30 22:00:00,22,,4.6
2022-04-30 23:00:00,23,,5.4
2022-05-01 00:00:00,0,,5.1
2022-05-01 01:00:00,1,,3.0
2022-05-01 02:00:00,2,,3.7
2022-05-01 03:00:00,3,,3.4
2022-05-01 04:00:00,4,,2.2
2022-05-01 05:00:00,5,,3.4
2022-05-01 06:00:00,6,,3.3
2022-05-01 07:00:00,7,,2.7
2022-05-01 08:00:00,8,,3.0
2022-05-01 09:00:00,9,55.3,3.5
2022-05-01 10:00:00,10,422.3,3.2
2022-05-01 11:00:00,11,706.3,3.5
2022-05-01 12:00:00,12,746.0,3.4
2022-05-01 13:00:00,13,1892.5,4.7
2022-05-01 14:00:00,14,1744.1,3.8
2022-05-01 15:00:00,15,2020.7,4.4
2022-05-01 16:00:00,16,2574.7,5.7
2022-05-01 17:00:00,17,2574.6,6.0
2022-05-01 18:00:00,18,1654.3,5.3
2022-05-01 19:00:00,19,463.9,4.4
2022-05-01 20:00:00,20,155.3,4.4
2022-05-01 21:00:00,21,1.0,3.9
2022-05-01 22:00:00,22,,4.3
2022-05-01 23:00:00,23,,4.8
2022-05-02 00:00:00,0,,2.1
2022-05-02 01:00:00,1,,2.4
2022-05-02 02:00:00,2,,2.1
2022-05-02 03:00:00,3,,2.0
2022-05-02 04:00:00,4,,2.3
2022-05-02 05:00:00,5,,2.1
2022-05-02 06:00:00,6,,1.9
2022-05-02 07:00:00,7,,2.7
2022-05-02 08:00:00,8,,2.3
2022-05-02 09:00:00,9,67.5,2.6
2022-05-02 10:00:00,10,647.2,2.7
2022-05-02 11:00:00,11,727.3,2.6
2022-05-02 12:00:00,12,1811.8,3.9
2022-05-02 13:00:00,13,2339.9,5.2
2022-05-02 14:00:00,14,3090.5,5.1
2022-05-02 15:00:00,15,2934.8,6.2
2022-05-02 16:00:00,16,3033.1,5.9
2022-05-02 17:00:00,17,2565.4,6.4
2022-05-02 18:00:00,18,1869.9,5.7
2022-05-02 19:00:00,19,552.4,5.3
2022-05-02 20:00:00,20,179.3,4.8
2022-05-02 21:00:00,21,,4.6
2022-05-02 22:00:00,22,,4.5
2022-05-02 23:00:00,23,,3.7
2022-05-03 00:00:00,0,,4.0
2022-05-03 01:00:00,1,,3.3
2022-05-03 02:00:00,2,,3.9
2022-05-03 03:00:00,3,,3.7
2022-05-03 04:00:00,4,,2.6
2022-05-03 05:00:00,5,,1.9
2022-05-03 06:00:00,6,,2.5
2022-05-03 07:00:00,7,,2.2
2022-05-03 08:00:00,8,,2.3
2022-05-03 09:00:00,9,62.5,2.4
2022-05-03 10:00:00,10,886.3,2.7
2022-05-03 11:00:00,11,1386.9,4.4
2022-05-03 12:00:00,12,2286.9,4.8
2022-05-03 13:00:00,13,2160.7,4.7
2022-05-03 14:00:00,14,2970.3,5.8
2022-05-03 15:00:00,15,3162.5,4.7
2022-05-03 16:00:00,16,2977.8,5.0
2022-05-03 17:00:00,17,2124.7,4.4
2022-05-03 18:00:00,18,1515.8,5.3
2022-05-03 19:00:00,19,470.9,5.2
2022-05-03 20:00:00,20,200.8,5.3
2022-05-03 21:00:00,21,0.6,4.8
2022-05-03 22:00:00,22,,4.7
2022-05-03 23:00:00,23,,4.0
2022-05-04 00:00:00,0,,4.5
2022-05-04 01:00:00,1,,4.4
2022-05-04 02:00:00,2,,4.6
2022-05-04 03:00:00,3,,4.0
2022-05-04 04:00:00,4,,3.7
2022-05-04 05:00:00,5,,4.0
2022-05-04 06:00:00,6,,3.9
2022-05-04 07:00:00,7,,1.7
2022-05-04 08:00:00,8,,2.7
2022-05-04 09:00:00,9,86.8,2.4
2022-05-04 10:00:00,10,214.7,2.1
2022-05-04 11:00:00,11,434.9,1.3
2022-05-04 12:00:00,12,273.7,1.7
2022-05-04 13:00:00,13,1146.7,5.2
2022-05-04 14:00:00,14,2154.0,2.9
2022-05-04 15:00:00,15,2625.9,3.9
2022-05-04 16:00:00,16,2009.9,4.6
2022-05-04 17:00:00,17,2178.3,5.0
2022-05-04 18:00:00,18,395.0,3.5
2022-05-04 19:00:00,19,235.2,0.6
2022-05-04 20:00:00,20,62.7,4.0
2022-05-04 21:00:00,21,,3.6
2022-05-04 22:00:00,22,0.5,3.5
2022-05-04 23:00:00,23,0.2,2.9
2022-05-05 00:00:00,0,,2.6
2022-05-05 01:00:00,1,,2.6
2022-05-05 02:00:00,2,,2.3
2022-05-05 03:00:00,3,,1.7
2022-05-05 04:00:00,4,,2.1
2022-05-05 05:00:00,5,,1.7
2022-05-05 06:00:00,6,,2.3
2022-05-05 07:00:00,7,,2.5
2022-05-05 08:00:00,8,,3.1
2022-05-05 09:00:00,9,64.4,1.6
2022-05-05 10:00:00,10,324.4,2.1
2022-05-05 11:00:00,11,181.9,5.7
2022-05-05 12:00:00,12,804.5,2.7
2022-05-05 13:00:00,13,2220.9,3.4
2022-05-05 14:00:00,14,1976.6,3.0
2022-05-05 15:00:00,15,2305.3,3.2
2022-05-05 16:00:00,16,1559.4,3.3
2022-05-05 17:00:00,17,696.0,4.9
2022-05-05 18:00:00,18,465.7,2.6
2022-05-05 19:00:00,19,398.0,2.7
2022-05-05 20:00:00,20,107.2,3.9
2022-05-05 21:00:00,21,1.1,2.8
2022-05-05 22:00:00,22,,2.4
2022-05-05 23:00:00,23,,3.4
2022-05-06 00:00:00,0,,2.8
2022-05-06 01:00:00,1,,2.6
2022-05-06 02:00:00,2,,1.6
2022-05-06 03:00:00,3,,3.0
2022-05-06 04:00:00,4,,2.3
2022-05-06 05:00:00,5,,2.5
2022-05-06 06:00:00,6,,1.5
2022-05-06 07:00:00,7,,2.4
2022-05-06 08:00:00,8,,1.9
2022-05-06 09:00:00,9,41.5,2.7
2022-05-06 10:00:00,10,131.9,4.1
2022-05-06 11:00:00,11,199.3,2.0
2022-05-06 12:00:00,12,423.7,4.1
2022-05-06 13:00:00,13,1112.1,4.0
2022-05-06 14:00:00,14,1705.8,5.2
2022-05-06 15:00:00,15,1938.3,6.2
2022-05-06 16:00:00,16,1441.4,5.8
2022-05-06 17:00:00,17,1143.7,5.5
2022-05-06 18:00:00,18,971.9,4.8
2022-05-06 19:00:00,19,477.6,4.7
2022-05-06 20:00:00,20,152.4,4.1
2022-05-06 21:00:00,21,0.6,3.0
2022-05-06 22:00:00,22,,2.4
2022-05-06 23:00:00,23,,3.0
2022-05-07 00:00:00,0,,2.7
2022-05-07 01:00:00,1,,2.9
2022-05-07 02:00:00,2,,2.6
2022-05-07 03:00:00,3,,2.4
2022-05-07 04:00:00,4,,2.2
2022-05-07 05:00:00,5,,3.1
2022-05-07 06:00:00,6,,2.8
2022-05-07 07:00:00,7,,2.8
2022-05-07 08:00:00,8,,3.9
2022-05-07 09:00:00,9,62.8,3.1
2022-05-07 10:00:00,10,232.3,3.6
2022-05-07 11:00:00,11,330.5,2.6
2022-05-07 12:00:00,12,823.4,2.7
2022-05-07 13:00:00,13,1173.4,2.5
2022-05-07 14:00:00,14,1479.1,3.8
2022-05-07 15:00:00,15,1800.1,4.5
2022-05-07 16:00:00,16,2446.9,4.4
2022-05-07 17:00:00,17,1085.0,3.5
2022-05-07 18:00:00,18,383.7,3.4
2022-05-07 19:00:00,19,141.0,2.0
2022-05-07 20:00:00,20,26.1,0.3
2022-05-07 21:00:00,21,,0.4
2022-05-07 22:00:00,22,,1.6
2022-05-07 23:00:00,23,1.8,1.7
2022-05-08 00:00:00,0,,2.8
2022-05-08 01:00:00,1,,1.8
2022-05-08 02:00:00,2,,2.1
2022-05-08 03:00:00,3,,2.1
2022-05-08 04:00:00,4,,2.0
2022-05-08 05:00:00,5,,2.7
2022-05-08 06:00:00,6,,2.7
2022-05-08 07:00:00,7,0.4,2.8
2022-05-08 08:00:00,8,0.1,2.2
2022-05-08 09:00:00,9,155.0,3.5
2022-05-08 10:00:00,10,713.4,2.9
2022-05-08 11:00:00,11,1754.8,4.4
2022-05-08 12:00:00,12,2275.9,4.5
2022-05-08 13:00:00,13,2566.5,4.7
2022-05-08 14:00:00,14,1877.6,4.9
2022-05-08 15:00:00,15,1916.3,5.0
2022-05-08 16:00:00,16,2221.2,6.7
2022-05-08 17:00:00,17,2465.2,6.1
2022-05-08 18:00:00,18,1138.0,7.0
2022-05-08 19:00:00,19,582.8,6.5
2022-05-08 20:00:00,20,156.5,5.0
2022-05-08 21:00:00,21,,
2022-05-08 22:00:00,22,,4.2
2022-05-08 23:00:00,23,,5.1
2022-05-09 00:00:00,0,,
2022-05-09 01:00:00,1,,
2022-05-09 02:00:00,2,,
2022-05-09 03:00:00,3,,3.3
2022-05-09 04:00:00,4,,
2022-05-09 05:00:00,5,,
2022-05-09 06:00:00,6,,
2022-05-09 07:00:00,7,,2.5
2022-05-09 08:00:00,8,,
2022-05-09 09:00:00,9,,
2022-05-09 10:00:00,10,,
2022-05-09 11:00:00,11,,
2022-05-09 12:00:00,12,2203.0,4.4
2022-05-09 13:00:00,13,2311.2,5.5
2022-05-09 14:00:00,14,3196.7,6.1
2022-05-09 15:00:00,15,3038.2,7.5
2022-05-09 16:00:00,16,1779.0,4.8
2022-05-09 17:00:00,17,1338.9,5.3
2022-05-09 18:00:00,18,1439.8,6.0
2022-05-09 19:00:00,19,565.1,6.7
2022-05-09 20:00:00,20,165.7,4.3
2022-05-09 21:00:00,21,0.6,4.2
2022-05-09 22:00:00,22,,3.4
2022-05-09 23:00:00,23,,4.4
2022-05-10 00:00:00,0,,3.2
2022-05-10 01:00:00,1,,2.3
2022-05-10 02:00:00,2,,3.4
2022-05-10 03:00:00,3,,1.9
2022-05-10 04:00:00,4,,1.8
2022-05-10 05:00:00,5,,0.5
2022-05-10 06:00:00,6,,2.1
2022-05-10 07:00:00,7,,1.5
2022-05-10 08:00:00,8,,1.6
2022-05-10 09:00:00,9,8.0,1.0
2022-05-10 10:00:00,10,138.2,1.5
2022-05-10 11:00:00,11,387.7,2.1
2022-05-10 12:00:00,12,1174.8,2.8
2022-05-10 13:00:00,13,2031.2,2.1
2022-05-10 14:00:00,14,1741.6,2.3
2022-05-10 15:00:00,15,2306.4,2.6
2022-05-10 16:00:00,16,2193.1,4.0
2022-05-10 17:00:00,17,2654.4,3.9
2022-05-10 18:00:00,18,1488.6,4.8
2022-05-10 19:00:00,19,669.7,4.4
2022-05-10 20:00:00,20,199.7,3.0
2022-05-10 21:00:00,21,0.2,2.6
2022-05-10 22:00:00,22,,2.7
2022-05-10 23:00:00,23,,2.7
2022-05-11 00:00:00,0,,3.2
2022-05-11 01:00:00,1,,3.3
2022-05-11 02:00:00,2,,3.5
2022-05-11 03:00:00,3,,2.7
2022-05-11 04:00:00,4,,2.0
2022-05-11 05:00:00,5,,1.7
2022-05-11 06:00:00,6,,2.1
2022-05-11 07:00:00,7,,1.9
2022-05-11 08:00:00,8,,2.2
2022-05-11 09:00:00,9,67.2,2.2
2022-05-11 10:00:00,10,508.8,3.2
2022-05-11 11:00:00,11,624.2,2.8
2022-05-11 12:00:00,12,1398.3,3.9
2022-05-11 13:00:00,13,1055.8,3.3
2022-05-11 14:00:00,14,1041.7,4.1
2022-05-11 15:00:00,15,1399.8,3.6
2022-05-11 16:00:00,16,1003.5,4.3
2022-05-11 17:00:00,17,853.2,4.0
2022-05-11 18:00:00,18,530.7,2.8
2022-05-11 19:00:00,19,289.7,2.7
2022-05-11 20:00:00,20,32.0,2.3
2022-05-11 21:00:00,21,,2.0
2022-05-11 22:00:00,22,,2.9
2022-05-11 23:00:00,23,,1.6
2022-05-12 00:00:00,0,,1.8
2022-05-12 01:00:00,1,,0.8
2022-05-12 02:00:00,2,,0.9
2022-05-12 03:00:00,3,,0.3
2022-05-12 04:00:00,4,,0.5
2022-05-12 05:00:00,5,,0.9
2022-05-12 06:00:00,6,,2.1
2022-05-12 07:00:00,7,,2.2
2022-05-12 08:00:00,8,,1.9
2022-05-12 09:00:00,9,106.2,1.7
2022-05-12 10:00:00,10,475.2,1.8
2022-05-12 11:00:00,11,1119.5,2.7
2022-05-12 12:00:00,12,1549.1,3.2
2022-05-12 13:00:00,13,2153.5,4.5
2022-05-12 14:00:00,14,2601.6,4.2
2022-05-12 15:00:00,15,1992.8,4.6
2022-05-12 16:00:00,16,2355.0,5.1
2022-05-12 17:00:00,17,1651.1,5.6
2022-05-12 18:00:00,18,1688.0,5.2
2022-05-12 19:00:00,19,486.1,4.8
2022-05-12 20:00:00,20,149.6,4.2
2022-05-12 21:00:00,21,1.5,2.9
2022-05-12 22:00:00,22,,3.5
2022-05-12 23:00:00,23,,3.0
2022-05-13 00:00:00,0,,3.4
2022-05-13 01:00:00,1,,2.9
2022-05-13 02:00:00,2,,2.8
2022-05-13 03:00:00,3,0.3,2.5
2022-05-13 04:00:00,4,,1.8
2022-05-13 05:00:00,5,,2.1
2022-05-13 06:00:00,6,,1.6
2022-05-13 07:00:00,7,,2.1
2022-05-13 08:00:00,8,,2.8
2022-05-13 09:00:00,9,50.4,3.0
2022-05-13 10:00:00,10,69.7,3.8
2022-05-13 11:00:00,11,538.2,3.9
2022-05-13 12:00:00,12,410.4,2.4
2022-05-13 13:00:00,13,1516.6,4.7
2022-05-13 14:00:00,14,730.6,3.4
2022-05-13 15:00:00,15,1269.2,3.3
2022-05-13 16:00:00,16,842.8,4.9
2022-05-13 17:00:00,17,671.2,4.8
2022-05-13 18:00:00,18,550.5,3.5
2022-05-13 19:00:00,19,252.5,2.7
2022-05-13 20:00:00,20,109.6,1.8
2022-05-13 21:00:00,21,,3.8
2022-05-13 22:00:00,22,,3.5
2022-05-13 23:00:00,23,,2.6
2022-05-14 00:00:00,0,,2.1
2022-05-14 01:00:00,1,,1.7
2022-05-14 02:00:00,2,,2.6
2022-05-14 03:00:00,3,,2.0
2022-05-14 04:00:00,4,,2.5
2022-05-14 05:00:00,5,,3.1
2022-05-14 06:00:00,6,,2.2
2022-05-14 07:00:00,7,,1.9
2022-05-14 08:00:00,8,,2.5
2022-05-14 09:00:00,9,38.2,2.6
2022-05-14 10:00:00,10,151.6,2.7
2022-05-14 11:00:00,11,430.0,2.7
2022-05-14 12:00:00,12,1023.6,2.3
2022-05-14 13:00:00,13,2764.6,4.3
2022-05-14 14:00:00,14,2974.3,5.5
2022-05-14 15:00:00,15,1804.8,3.1
2022-05-14 16:00:00,16,2686.2,5.6
2022-05-14 17:00:00,17,1861.7,4.1
2022-05-14 18:00:00,18,1556.0,4.8
2022-05-14 19:00:00,19,440.0,4.8
2022-05-14 20:00:00,20,149.8,3.6
2022-05-14 21:00:00,21,0.7,3.9
2022-05-14 22:00:00,22,,3.8
2022-05-14 23:00:00,23,,4.0
2022-05-15 00:00:00,0,,3.6
2022-05-15 01:00:00,1,,4.4
2022-05-15 02:00:00,2,,4.7
2022-05-15 03:00:00,3,,2.4
2022-05-15 04:00:00,4,,2.1
2022-05-15 05:00:00,5,,1.8
2022-05-15 06:00:00,6,,1.8
2022-05-15 07:00:00,7,,2.0
2022-05-15 08:00:00,8,,2.0
2022-05-15 09:00:00,9,49.1,1.7
2022-05-15 10:00:00,10,283.6,2.1
2022-05-15 11:00:00,11,885.7,2.6
2022-05-15 12:00:00,12,1114.3,3.0
2022-05-15 13:00:00,13,2631.3,4.9
2022-05-15 14:00:00,14,2801.2,5.2
2022-05-15 15:00:00,15,2930.6,4.1
2022-05-15 16:00:00,16,2921.9,5.2
2022-05-15 17:00:00,17,2455.8,4.6
2022-05-15 18:00:00,18,1743.7,3.6
2022-05-15 19:00:00,19,504.6,4.2
2022-05-15 20:00:00,20,192.3,2.8
2022-05-15 21:00:00,21,,2.6
2022-05-15 22:00:00,22,,2.9
2022-05-15 23:00:00,23,,2.3
2022-05-16 00:00:00,0,,2.6
2022-05-16 01:00:00,1,,1.9
2022-05-16 02:00:00,2,,1.7
2022-05-16 03:00:00,3,,2.0
2022-05-16 04:00:00,4,,1.8
2022-05-16 05:00:00,5,,1.3
2022-05-16 06:00:00,6,,1.8
2022-05-16 07:00:00,7,,2.4
2022-05-16 08:00:00,8,,2.2
2022-05-16 09:00:00,9,94.1,2.7
2022-05-16 10:00:00,10,585.8,3.3
2022-05-16 11:00:00,11,946.9,2.8
2022-05-16 12:00:00,12,1723.6,4.4
2022-05-16 13:00:00,13,2444.6,4.9
2022-05-16 14:00:00,14,2485.2,5.1
2022-05-16 15:00:00,15,1491.6,3.6
2022-05-16 16:00:00,16,1985.6,4.7
2022-05-16 17:00:00,17,1348.0,4.5
2022-05-16 18:00:00,18,978.6,4.0
2022-05-16 19:00:00,19,626.4,4.4
2022-05-16 20:00:00,20,167.3,3.2
2022-05-16 21:00:00,21,,3.4
2022-05-16 22:00:00,22,,3.1
2022-05-16 23:00:00,23,,3.0
2022-05-17 00:00:00,0,,3.7
2022-05-17 01:00:00,1,,3.4
2022-05-17 02:00:00,2,,2.7
2022-05-17 03:00:00,3,,1.7
2022-05-17 04:00:00,4,,2.1
2022-05-17 05:00:00,5,,2.4
2022-05-17 06:00:00,6,,2.2
2022-05-17 07:00:00,7,,2.5
2022-05-17 08:00:00,8,,2.6
2022-05-17 09:00:00,9,130.9,3.3
2022-05-17 10:00:00,10,794.1,3.6
2022-05-17 11:00:00,11,1309.2,3.2
2022-05-17 12:00:00,12,1998.9,4.1
2022-05-17 13:00:00,13,2659.3,4.3
2022-05-17 14:00:00,14,3048.4,4.9
2022-05-17 15:00:00,15,2920.7,4.9
2022-05-17 16:00:00,16,2060.5,2.7
2022-05-17 17:00:00,17,2049.1,4.5
2022-05-17 18:00:00,18,1691.6,4.3
2022-05-17 19:00:00,19,508.2,4.3
2022-05-17 20:00:00,20,191.5,3.2
2022-05-17 21:00:00,21,,3.1
2022-05-17 22:00:00,22,,3.6
2022-05-17 23:00:00,23,,2.8
2022-05-18 00:00:00,0,,3.5
2022-05-18 01:00:00,1,,3.3
2022-05-18 02:00:00,2,,3.2
2022-05-18 03:00:00,3,,3.1
2022-05-18 04:00:00,4,,2.9
2022-05-18 05:00:00,5,,2.8
2022-05-18 06:00:00,6,,2.7
2022-05-18 07:00:00,7,,2.5
2022-05-18 08:00:00,8,,2.3
2022-05-18 09:00:00,9,97.7,1.3
2022-05-18 10:00:00,10,617.4,1.6
2022-05-18 11:00:00,11,1607.4,3.0
2022-05-18 12:00:00,12,2254.1,3.3
2022-05-18 13:00:00,13,2596.4,3.2
2022-05-18 14:00:00,14,3005.2,3.3
2022-05-18 15:00:00,15,2975.7,2.5
2022-05-18 16:00:00,16,2287.0,3.4
2022-05-18 17:00:00,17,1914.9,3.3
2022-05-18 18:00:00,18,1281.0,2.8
2022-05-18 19:00:00,19,536.8,2.7
2022-05-18 20:00:00,20,172.4,2.3
2022-05-18 21:00:00,21,1.0,1.7
2022-05-18 22:00:00,22,,1.4
2022-05-18 23:00:00,23,,1.7
2022-05-19 00:00:00,0,,1.2
2022-05-19 01:00:00,1,,1.0
2022-05-19 02:00:00,2,,1.8
2022-05-19 03:00:00,3,,1.3
2022-05-19 04:00:00,4,,1.4
2022-05-19 05:00:00,5,,1.6
2022-05-19 06:00:00,6,,1.5
2022-05-19 07:00:00,7,,1.3
2022-05-19 08:00:00,8,,0.9
2022-05-19 09:00:00,9,158.0,0.9
2022-05-19 10:00:00,10,790.0,1.1
2022-05-19 11:00:00,11,1726.6,2.2
2022-05-19 12:00:00,12,2339.3,2.9
2022-05-19 13:00:00,13,2408.4,2.7
2022-05-19 14:00:00,14,2764.1,2.7
2022-05-19 15:00:00,15,2389.2,2.8
2022-05-19 16:00:00,16,2520.0,3.5
2022-05-19 17:00:00,17,2266.0,3.3
2022-05-19 18:00:00,18,1720.8,3.3
2022-05-19 19:00:00,19,382.4,3.3
2022-05-19 20:00:00,20,154.5,2.7
2022-05-19 21:00:00,21,,3.3
2022-05-19 22:00:00,22,,2.8
2022-05-19 23:00:00,23,,2.2
2022-05-20 00:00:00,0,,2.3
2022-05-20 01:00:00,1,,2.0
2022-05-20 02:00:00,2,,1.8
2022-05-20 03:00:00,3,,1.7
2022-05-20 04:00:00,4,,1.7
2022-05-20 05:00:00,5,,1.0
2022-05-20 06:00:00,6,,0.6
2022-05-20 07:00:00,7,,0.8
2022-05-20 08:00:00,8,,0.9
2022-05-20 09:00:00,9,69.0,0.5
2022-05-20 10:00:00,10,681.8,0.5
2022-05-20 11:00:00,11,1406.9,0.8
2022-05-20 12:00:00,12,2336.2,2.1
2022-05-20 13:00:00,13,2580.6,2.7
2022-05-20 14:00:00,14,2879.8,2.8
2022-05-20 15:00:00,15,2928.2,2.9
2022-05-20 16:00:00,16,2693.0,2.9
2022-05-20 17:00:00,17,2231.2,3.5
2022-05-20 18:00:00,18,1642.2,2.7
2022-05-20 19:00:00,19,525.2,2.8
2022-05-20 20:00:00,20,160.3,3.3
2022-05-20 21:00:00,21,,2.5
2022-05-20 22:00:00,22,,2.8
2022-05-20 23:00:00,23,,2.9
2022-05-21 00:00:00,0,,2.6
2022-05-21 01:00:00,1,,3.1
2022-05-21 02:00:00,2,,2.5
2022-05-21 03:00:00,3,,2.8
2022-05-21 04:00:00,4,,3.1
2022-05-21 05:00:00,5,,3.6
2022-05-21 06:00:00,6,,3.0
2022-05-21 07:00:00,7,,2.0
2022-05-21 08:00:00,8,,1.9
2022-05-21 09:00:00,9,124.9,2.3
2022-05-21 10:00:00,10,847.1,3.7
2022-05-21 11:00:00,11,1675.4,4.0
2022-05-21 12:00:00,12,2317.6,3.3
2022-05-21 13:00:00,13,2741.1,4.8
2022-05-21 14:00:00,14,3041.0,4.7
2022-05-21 15:00:00,15,3002.5,4.5
2022-05-21 16:00:00,16,2815.6,3.9
2022-05-21 17:00:00,17,2406.6,5.3
2022-05-21 18:00:00,18,1809.8,4.7
2022-05-21 19:00:00,19,453.1,4.8
2022-05-21 20:00:00,20,149.3,4.0
2022-05-21 21:00:00,21,,3.4
2022-05-21 22:00:00,22,,3.8
2022-05-21 23:00:00,23,,3.6
2022-05-22 00:00:00,0,,3.4
2022-05-22 01:00:00,1,,3.0
2022-05-22 02:00:00,2,,2.8
2022-05-22 03:00:00,3,,2.0
2022-05-22 04:00:00,4,,2.2
2022-05-22 05:00:00,5,0.5,2.0
2022-05-22 06:00:00,6,,2.7
2022-05-22 07:00:00,7,0.1,2.5
2022-05-22 08:00:00,8,0.5,2.9
2022-05-22 09:00:00,9,99.9,2.9
2022-05-22 10:00:00,10,841.0,3.1
2022-05-22 11:00:00,11,1691.0,4.2
2022-05-22 12:00:00,12,2095.9,5.0
2022-05-22 13:00:00,13,1303.0,4.6
2022-05-22 14:00:00,14,1999.6,4.3
2022-05-22 15:00:00,15,2489.2,6.2
2022-05-22 16:00:00,16,1894.7,7.2
2022-05-22 17:00:00,17,761.0,4.7
2022-05-22 18:00:00,18,592.4,6.4
2022-05-22 19:00:00,19,400.9,4.1
2022-05-22 20:00:00,20,91.5,4.0
2022-05-22 21:00:00,21,0.0,3.2
2022-05-22 22:00:00,22,,3.4
2022-05-22 23:00:00,23,0.1,4.8
2022-05-23 00:00:00,0,0.5,2.6
2022-05-23 01:00:00,1,0.8,3.4
2022-05-23 02:00:00,2,,3.7
2022-05-23 03:00:00,3,,5.7
2022-05-23 04:00:00,4,,2.5
2022-05-23 05:00:00,5,,3.5
2022-05-23 06:00:00,6,,3.7
2022-05-23 07:00:00,7,,3.3
2022-05-23 08:00:00,8,,2.4
2022-05-23 09:00:00,9,29.6,1.4
2022-05-23 10:00:00,10,190.3,1.1
2022-05-23 11:00:00,11,395.4,1.6
2022-05-23 12:00:00,12,221.9,1.5
2022-05-23 13:00:00,13,1528.9,4.8
2022-05-23 14:00:00,14,940.3,4.2
2022-05-23 15:00:00,15,1000.2,2.5
2022-05-23 16:00:00,16,911.5,2.7
2022-05-23 17:00:00,17,939.3,4.8
2022-05-23 18:00:00,18,506.7,5.3
2022-05-23 19:00:00,19,78.7,3.3
2022-05-23 20:00:00,20,4.9,5.3
2022-05-23 21:00:00,21,,4.2
2022-05-23 22:00:00,22,0.7,4.0
2022-05-23 23:00:00,23,1.4,3.6
2022-05-24 00:00:00,0,,3.0
2022-05-24 01:00:00,1,,3.0
2022-05-24 02:00:00,2,,3.2
2022-05-24 03:00:00,3,0.0,2.7
2022-05-24 04:00:00,4,,1.6
2022-05-24 05:00:00,5,,2.0
2022-05-24 06:00:00,6,,1.7
2022-05-24 07:00:00,7,,1.9
2022-05-24 08:00:00,8,0.2,2.1
2022-05-24 09:00:00,9,81.4,1.4
2022-05-24 10:00:00,10,610.8,2.2
2022-05-24 11:00:00,11,1546.0,3.0
2022-05-24 12:00:00,12,1916.0,4.1
2022-05-24 13:00:00,13,1969.9,2.6
2022-05-24 14:00:00,14,2360.5,3.8
2022-05-24 15:00:00,15,2409.1,4.2
2022-05-24 16:00:00,16,1763.7,5.1
2022-05-24 17:00:00,17,1236.7,3.5
2022-05-24 18:00:00,18,664.2,4.2
2022-05-24 19:00:00,19,227.1,3.4
2022-05-24 20:00:00,20,54.9,2.0
2022-05-24 21:00:00,21,,0.3
2022-05-24 22:00:00,22,,1.3
2022-05-24 23:00:00,23,0.6,2.5
2022-05-25 00:00:00,0,0.6,0.8
2022-05-25 01:00:00,1,,1.4
2022-05-25 02:00:00,2,,1.4
2022-05-25 03:00:00,3,0.1,1.8
2022-05-25 04:00:00,4,,0.8
2022-05-25 05:00:00,5,,1.1
2022-05-25 06:00:00,6,,1.8
2022-05-25 07:00:00,7,,0.9
2022-05-25 08:00:00,8,,1.5
2022-05-25 09:00:00,9,71.3,2.2
2022-05-25 10:00:00,10,469.1,2.8
2022-05-25 11:00:00,11,885.0,3.4
2022-05-25 12:00:00,12,1437.0,3.1
2022-05-25 13:00:00,13,1888.1,2.8
2022-05-25 14:00:00,14,2037.9,0.8
2022-05-25 15:00:00,15,2262.5,2.6
2022-05-25 16:00:00,16,2056.4,2.7
2022-05-25 17:00:00,17,1621.9,4.1
2022-05-25 18:00:00,18,979.5,5.0
2022-05-25 19:00:00,19,446.0,3.8
2022-05-25 20:00:00,20,153.6,2.7
2022-05-25 21:00:00,21,,2.6
2022-05-25 22:00:00,22,,3.4
2022-05-25 23:00:00,23,,3.0
2022-05-26 00:00:00,0,,2.9
2022-05-26 01:00:00,1,,2.9
2022-05-26 02:00:00,2,,2.5
2022-05-26 03:00:00,3,,2.7
2022-05-26 04:00:00,4,,2.4
2022-05-26 05:00:00,5,,2.7
2022-05-26 06:00:00,6,,2.2
2022-05-26 07:00:00,7,,2.7
2022-05-26 08:00:00,8,,2.1
2022-05-26 09:00:00,9,46.1,2.5
2022-05-26 10:00:00,10,91.4,2.0
2022-05-26 11:00:00,11,1223.5,2.4
2022-05-26 12:00:00,12,2334.1,4.7
2022-05-26 13:00:00,13,2642.4,6.2
2022-05-26 14:00:00,14,2954.2,6.0
2022-05-26 15:00:00,15,2913.8,6.7
2022-05-26 16:00:00,16,2812.0,6.4
2022-05-26 17:00:00,17,2252.3,5.6
2022-05-26 18:00:00,18,1595.3,5.9
2022-05-26 19:00:00,19,468.7,5.8
2022-05-26 20:00:00,20,190.4,5.0
2022-05-26 21:00:00,21,,3.9
2022-05-26 22:00:00,22,,5.1
2022-05-26 23:00:00,23,,4.9
2022-05-27 00:00:00,0,,3.9
2022-05-27 01:00:00,1,,5.3
2022-05-27 02:00:00,2,,2.2
2022-05-27 03:00:00,3,,2.6
2022-05-27 04:00:00,4,,2.2
2022-05-27 05:00:00,5,,2.5
2022-05-27 06:00:00,6,,2.2
2022-05-27 07:00:00,7,,3.0
2022-05-27 08:00:00,8,,2.8
2022-05-27 09:00:00,9,39.7,2.9
2022-05-27 10:00:00,10,712.5,2.9
2022-05-27 11:00:00,11,781.5,3.5
2022-05-27 12:00:00,12,1429.6,4.7
2022-05-27 13:00:00,13,1758.2,5.5
2022-05-27 14:00:00,14,2695.6,5.7
2022-05-27 15:00:00,15,1864.1,6.3
2022-05-27 16:00:00,16,477.1,1.8
2022-05-27 17:00:00,17,401.2,4.2
2022-05-27 18:00:00,18,589.5,3.5
2022-05-27 19:00:00,19,431.1,2.6
2022-05-27 20:00:00,20,168.7,2.5
2022-05-27 21:00:00,21,2.7,2.0
2022-05-27 22:00:00,22,,1.8
2022-05-27 23:00:00,23,,2.2
2022-05-28 00:00:00,0,,2.8
2022-05-28 01:00:00,1,,1.6
2022-05-28 02:00:00,2,,2.0
2022-05-28 03:00:00,3,,2.9
2022-05-28 04:00:00,4,0.0,2.4
2022-05-28 05:00:00,5,0.1,1.8
2022-05-28 06:00:00,6,,0.6
2022-05-28 07:00:00,7,,2.0
2022-05-28 08:00:00,8,,1.8
2022-05-28 09:00:00,9,20.4,1.3
2022-05-28 10:00:00,10,221.1,2.0
2022-05-28 11:00:00,11,851.2,2.7
2022-05-28 12:00:00,12,747.5,2.3
2022-05-28 13:00:00,13,376.2,2.3
2022-05-28 14:00:00,14,801.3,1.3
2022-05-28 15:00:00,15,1269.3,1.9
2022-05-28 16:00:00,16,1085.6,1.4
2022-05-28 17:00:00,17,2060.0,2.4
2022-05-28 18:00:00,18,1471.8,2.8
2022-05-28 19:00:00,19,517.2,3.0
2022-05-28 20:00:00,20,109.2,2.0
2022-05-28 21:00:00,21,,2.1
2022-05-28 22:00:00,22,,2.0
2022-05-28 23:00:00,23,,2.5
2022-05-29 00:00:00,0,,3.2
2022-05-29 01:00:00,1,,2.6
2022-05-29 02:00:00,2,,3.3
2022-05-29 03:00:00,3,,1.7
2022-05-29 04:00:00,4,,2.4
2022-05-29 05:00:00,5,,2.3
2022-05-29 06:00:00,6,,1.4
2022-05-29 07:00:00,7,,2.0
2022-05-29 08:00:00,8,,3.3
2022-05-29 09:00:00,9,20.0,1.1
2022-05-29 10:00:00,10,326.2,1.6
2022-05-29 11:00:00,11,1235.7,1.7
2022-05-29 12:00:00,12,1871.4,2.1
2022-05-29 13:00:00,13,2717.8,2.6
2022-05-29 14:00:00,14,2817.1,2.8
2022-05-29 15:00:00,15,2956.4,3.6
2022-05-29 16:00:00,16,2788.5,2.6
2022-05-29 17:00:00,17,2416.3,3.4
2022-05-29 18:00:00,18,1811.7,3.5
2022-05-29 19:00:00,19,678.2,3.2
2022-05-29 20:00:00,20,194.3,3.4
2022-05-29 21:00:00,21,0.9,2.6
2022-05-29 22:00:00,22,,2.3
2022-05-29 23:00:00,23,,3.1
2022-05-30 00:00:00,0,,0.7
2022-05-30 01:00:00,1,,1.4
2022-05-30 02:00:00,2,,1.4
2022-05-30 03:00:00,3,,2.4
2022-05-30 04:00:00,4,,2.4
2022-05-30 05:00:00,5,,1.5
2022-05-30 06:00:00,6,,1.5
2022-05-30 07:00:00,7,,1.3
2022-05-30 08:00:00,8,,2.3
2022-05-30 09:00:00,9,61.0,1.1
2022-05-30 10:00:00,10,558.8,2.0
2022-05-30 11:00:00,11,998.3,2.6
2022-05-30 12:00:00,12,1835.1,2.3
2022-05-30 13:00:00,13,2572.0,3.6
2022-05-30 14:00:00,14,2585.2,3.6
2022-05-30 15:00:00,15,2338.7,4.1
2022-05-30 16:00:00,16,2553.5,5.9
2022-05-30 17:00:00,17,1589.7,2.9
2022-05-30 18:00:00,18,1754.0,3.5
2022-05-30 19:00:00,19,526.9,2.9
2022-05-30 20:00:00,20,151.2,2.7
2022-05-30 21:00:00,21,,2.6
2022-05-30 22:00:00,22,,1.6
2022-05-30 23:00:00,23,,1.5
2022-05-31 00:00:00,0,,1.2
2022-05-31 01:00:00,1,,1.9
2022-05-31 02:00:00,2,,2.7
2022-05-31 03:00:00,3,,1.1
2022-05-31 04:00:00,4,,0.6
2022-05-31 05:00:00,5,,1.1
2022-05-31 06:00:00,6,,1.0
2022-05-31 07:00:00,7,,0.7
2022-05-31 08:00:00,8,,1.2
2022-05-31 09:00:00,9,46.3,0.9
2022-05-31 10:00:00,10,354.7,1.9
2022-05-31 11:00:00,11,1019.6,1.8
2022-05-31 12:00:00,12,481.9,3.3
2022-05-31 13:00:00,13,1849.4,2.7
2022-05-31 14:00:00,14,1955.1,1.7
2022-05-31 15:00:00,15,2405.5,2.1
2022-05-31 16:00:00,16,2817.7,3.3
2022-05-31 17:00:00,17,2392.9,3.5
2022-05-31 18:00:00,18,1154.2,2.1
2022-05-31 19:00:00,19,615.9,2.2
2022-05-31 20:00:00,20,93.7,2.5
2022-05-31 21:00:00,21,,1.5
2022-05-31 22:00:00,22,,1.1
2022-05-31 23:00:00,23,,2.2
2022-06-01 00:00:00,0,0.9,2.0
2022-06-01 01:00:00,1,,1.4
2022-06-01 02:00:00,2,,2.1
2022-06-01 03:00:00,3,,3.3
2022-06-01 04:00:00,4,,1.8
2022-06-01 05:00:00,5,0.2,2.6
2022-06-01 06:00:00,6,0.1,2.4
2022-06-01 07:00:00,7,,2.9
2022-06-01 08:00:00,8,,1.4
2022-06-01 09:00:00,9,86.9,1.8
2022-06-01 10:00:00,10,443.0,1.7
2022-06-01 11:00:00,11,1293.8,2.4
2022-06-01 12:00:00,12,1013.9,3.6
2022-06-01 13:00:00,13,2283.0,3.8
2022-06-01 14:00:00,14,2937.4,4.5
2022-06-01 15:00:00,15,1835.6,5.3
2022-06-01 16:00:00,16,1234.4,3.6
2022-06-01 17:00:00,17,2073.2,4.9
2022-06-01 18:00:00,18,964.9,4.0
2022-06-01 19:00:00,19,472.4,4.2
2022-06-01 20:00:00,20,162.6,2.9
2022-06-01 21:00:00,21,,3.3
2022-06-01 22:00:00,22,,3.5
2022-06-01 23:00:00,23,,2.8
2022-06-02 00:00:00,0,,2.3
2022-06-02 01:00:00,1,,2.1
2022-06-02 02:00:00,2,,0.4
2022-06-02 03:00:00,3,,3.2
2022-06-02 04:00:00,4,0.1,2.0
2022-06-02 05:00:00,5,,2.8
2022-06-02 06:00:00,6,0.7,2.7
2022-06-02 07:00:00,7,2.5,2.5
2022-06-02 08:00:00,8,1.4,1.8
2022-06-02 09:00:00,9,66.4,1.8
2022-06-02 10:00:00,10,477.6,2.0
2022-06-02 11:00:00,11,347.3,1.1
2022-06-02 12:00:00,12,901.6,0.8
2022-06-02 13:00:00,13,2307.0,2.4
2022-06-02 14:00:00,14,2948.9,3.2
2022-06-02 15:00:00,15,1916.8,2.3
2022-06-02 16:00:00,16,2198.3,2.3
2022-06-02 17:00:00,17,1699.7,2.3
2022-06-02 18:00:00,18,837.6,3.5
2022-06-02 19:00:00,19,292.2,2.4
2022-06-02 20:00:00,20,142.9,1.9
2022-06-02 21:00:00,21,,1.2
2022-06-02 22:00:00,22,,1.2
2022-06-02 23:00:00,23,,2.1
2022-06-03 00:00:00,0,,2.1
2022-06-03 01:00:00,1,0.1,1.7
2022-06-03 02:00:00,2,,1.4
2022-06-03 03:00:00,3,,1.3
2022-06-03 04:00:00,4,,0.9
2022-06-03 05:00:00,5,,1.2
2022-06-03 06:00:00,6,,0.9
2022-06-03 07:00:00,7,,1.5
2022-06-03 08:00:00,8,,1.6
2022-06-03 09:00:00,9,7.9,1.4
2022-06-03 10:00:00,10,111.6,1.0
2022-06-03 11:00:00,11,269.8,3.0
2022-06-03 12:00:00,12,548.1,2.2
2022-06-03 13:00:00,13,1020.8,2.4
2022-06-03 14:00:00,14,1051.3,2.6
2022-06-03 15:00:00,15,1068.4,3.4
2022-06-03 16:00:00,16,1490.8,2.7
2022-06-03 17:00:00,17,1804.1,2.4
2022-06-03 18:00:00,18,863.4,1.1
2022-06-03 19:00:00,19,616.2,1.5
2022-06-03 20:00:00,20,205.1,1.7
2022-06-03 21:00:00,21,0.5,1.7
2022-06-03 22:00:00,22,,0.2
2022-06-03 23:00:00,23,,0.7
2022-06-04 00:00:00,0,,1.9
2022-06-04 01:00:00,1,,1.7
2022-06-04 02:00:00,2,,1.6
2022-06-04 03:00:00,3,,0.8
2022-06-04 04:00:00,4,,1.1
2022-06-04 05:00:00,5,,1.3
2022-06-04 06:00:00,6,,1.2
2022-06-04 07:00:00,7,,0.9
2022-06-04 08:00:00,8,,1.2
2022-06-04 09:00:00,9,31.7,0.4
2022-06-04 10:00:00,10,208.5,1.7
2022-06-04 11:00:00,11,322.8,0.8
2022-06-04 12:00:00,12,408.1,1.6
2022-06-04 13:00:00,13,1342.3,2.1
2022-06-04 14:00:00,14,2478.9,2.5
2022-06-04 15:00:00,15,2478.7,2.1
2022-06-04 16:00:00,16,2706.3,2.6
2022-06-04 17:00:00,17,2428.8,2.6
2022-06-04 18:00:00,18,1723.3,3.0
2022-06-04 19:00:00,19,524.4,3.2
2022-06-04 20:00:00,20,254.2,3.5
2022-06-04 21:00:00,21,1.0,2.6
2022-06-04 22:00:00,22,,3.9
2022-06-04 23:00:00,23,,3.4
2022-06-05 00:00:00,0,,2.3
2022-06-05 01:00:00,1,,2.4
2022-06-05 02:00:00,2,,1.4
2022-06-05 03:00:00,3,,2.0
2022-06-05 04:00:00,4,,2.0
2022-06-05 05:00:00,5,,2.6
2022-06-05 06:00:00,6,,1.7
2022-06-05 07:00:00,7,,2.1
2022-06-05 08:00:00,8,,2.2
2022-06-05 09:00:00,9,38.5,1.1
2022-06-05 10:00:00,10,164.4,2.3
2022-06-05 11:00:00,11,586.4,4.2
2022-06-05 12:00:00,12,954.5,4.0
2022-06-05 13:00:00,13,1105.5,4.0
2022-06-05 14:00:00,14,837.4,3.7
2022-06-05 15:00:00,15,938.7,3.2
2022-06-05 16:00:00,16,807.9,3.8
2022-06-05 17:00:00,17,422.7,2.8
2022-06-05 18:00:00,18,399.1,1.3
2022-06-05 19:00:00,19,257.9,1.3
2022-06-05 20:00:00,20,77.5,1.8
2022-06-05 21:00:00,21,,2.2
2022-06-05 22:00:00,22,1.2,2.9
2022-06-05 23:00:00,23,0.0,3.7
2022-06-06 00:00:00,0,,4.0
2022-06-06 01:00:00,1,,3.5
2022-06-06 02:00:00,2,,4.0
2022-06-06 03:00:00,3,,4.1
2022-06-06 04:00:00,4,,2.8
2022-06-06 05:00:00,5,,3.2
2022-06-06 06:00:00,6,,2.6
2022-06-06 07:00:00,7,,2.5
2022-06-06 08:00:00,8,,1.8
2022-06-06 09:00:00,9,41.9,1.4
2022-06-06 10:00:00,10,686.3,2.2
2022-06-06 11:00:00,11,1459.3,3.4
2022-06-06 12:00:00,12,2221.7,3.2
2022-06-06 13:00:00,13,2609.4,4.7
2022-06-06 14:00:00,14,3097.6,6.4
2022-06-06 15:00:00,15,2946.4,5.3
2022-06-06 16:00:00,16,2831.9,4.8
2022-06-06 17:00:00,17,2327.2,5.4
2022-06-06 18:00:00,18,1657.0,4.9
2022-06-06 19:00:00,19,511.4,4.8
2022-06-06 20:00:00,20,195.7,3.4
2022-06-06 21:00:00,21,1.9,3.1
2022-06-06 22:00:00,22,,2.3
2022-06-06 23:00:00,23,,2.3
2022-06-07 00:00:00,0,,2.2
2022-06-07 01:00:00,1,,1.8
2022-06-07 02:00:00,2,,3.3
2022-06-07 03:00:00,3,,2.7
2022-06-07 04:00:00,4,,2.5
2022-06-07 05:00:00,5,,2.1
2022-06-07 06:00:00,6,,2.4
2022-06-07 07:00:00,7,,2.5
2022-06-07 08:00:00,8,,1.2
2022-06-07 09:00:00,9,63.1,2.0
2022-06-07 10:00:00,10,629.3,2.2
2022-06-07 11:00:00,11,1563.5,2.7
2022-06-07 12:00:00,12,2094.1,2.4
2022-06-07 13:00:00,13,2573.7,3.3
2022-06-07 14:00:00,14,2901.9,3.6
2022-06-07 15:00:00,15,2862.3,3.9
2022-06-07 16:00:00,16,2754.7,4.0
2022-06-07 17:00:00,17,2356.5,3.7
2022-06-07 18:00:00,18,1783.8,3.6
2022-06-07 19:00:00,19,455.5,3.3
2022-06-07 20:00:00,20,175.8,2.2
2022-06-07 21:00:00,21,,2.0
2022-06-07 22:00:00,22,,1.9
2022-06-07 23:00:00,23,,2.2
2022-06-08 00:00:00,0,,2.3
2022-06-08 01:00:00,1,,2.0
2022-06-08 02:00:00,2,,1.7
2022-06-08 03:00:00,3,,2.4
2022-06-08 04:00:00,4,,2.2
2022-06-08 05:00:00,5,,1.9
2022-06-08 06:00:00,6,,1.5
2022-06-08 07:00:00,7,,1.0
2022-06-08 08:00:00,8,,1.7
2022-06-08 09:00:00,9,40.2,1.5
2022-06-08 10:00:00,10,338.6,1.7
2022-06-08 11:00:00,11,1127.4,2.2
2022-06-08 12:00:00,12,2186.6,3.3
2022-06-08 13:00:00,13,2307.0,3.0
2022-06-08 14:00:00,14,2920.4,3.5
2022-06-08 15:00:00,15,2943.9,3.7
2022-06-08 16:00:00,16,2729.3,3.9
2022-06-08 17:00:00,17,2369.9,4.0
2022-06-08 18:00:00,18,1826.6,4.1
2022-06-08 19:00:00,19,513.8,4.2
2022-06-08 20:00:00,20,167.4,3.5
2022-06-08 21:00:00,21,0.8,3.5
2022-06-08 22:00:00,22,,3.3
2022-06-08 23:00:00,23,,2.8
2022-06-09 00:00:00,0,,2.2
2022-06-09 01:00:00,1,,3.0
2022-06-09 02:00:00,2,,2.2
2022-06-09 03:00:00,3,,1.9
2022-06-09 04:00:00,4,,1.8
2022-06-09 05:00:00,5,,1.6
2022-06-09 06:00:00,6,,1.9
2022-06-09 07:00:00,7,,1.8
2022-06-09 08:00:00,8,,1.5
2022-06-09 09:00:00,9,34.8,0.4
2022-06-09 10:00:00,10,71.4,1.6
2022-06-09 11:00:00,11,610.2,2.8
2022-06-09 12:00:00,12,676.7,2.2
2022-06-09 13:00:00,13,1034.4,2.0
2022-06-09 14:00:00,14,1679.5,3.1
2022-06-09 15:00:00,15,2470.9,3.2
2022-06-09 16:00:00,16,2940.4,5.7
2022-06-09 17:00:00,17,1240.0,4.9
2022-06-09 18:00:00,18,711.4,4.2
2022-06-09 19:00:00,19,530.9,3.1
2022-06-09 20:00:00,20,158.7,3.2
2022-06-09 21:00:00,21,0.0,2.3
2022-06-09 22:00:00,22,,3.3
2022-06-09 23:00:00,23,,3.0
2022-06-10 00:00:00,0,,2.6
2022-06-10 01:00:00,1,,1.9
2022-06-10 02:00:00,2,,2.1
2022-06-10 03:00:00,3,,2.3
2022-06-10 04:00:00,4,,3.3
2022-06-10 05:00:00,5,,2.5
2022-06-10 06:00:00,6,,2.6
2022-06-10 07:00:00,7,,3.0
2022-06-10 08:00:00,8,,2.7
2022-06-10 09:00:00,9,43.2,2.3
2022-06-10 10:00:00,10,671.1,3.3
2022-06-10 11:00:00,11,1581.6,3.8
2022-06-10 12:00:00,12,1516.1,3.0
2022-06-10 13:00:00,13,812.7,3.0
2022-06-10 14:00:00,14,2429.4,3.3
2022-06-10 15:00:00,15,2648.0,3.7
2022-06-10 16:00:00,16,1104.3,3.1
2022-06-10 17:00:00,17,1418.6,4.1
2022-06-10 18:00:00,18,1579.3,4.2
2022-06-10 19:00:00,19,540.8,3.5
2022-06-10 20:00:00,20,171.2,3.6
2022-06-10 21:00:00,21,4.4,2.3
2022-06-10 22:00:00,22,,1.5
2022-06-10 23:00:00,23,,0.8
2022-06-11 00:00:00,0,,2.0
2022-06-11 01:00:00,1,,0.9
2022-06-11 02:00:00,2,,1.7
2022-06-11 03:00:00,3,,1.8
2022-06-11 04:00:00,4,,1.1
2022-06-11 05:00:00,5,,1.5
2022-06-11 06:00:00,6,,2.1
2022-06-11 07:00:00,7,,1.3
2022-06-11 08:00:00,8,,0.6
2022-06-11 09:00:00,9,68.5,1.2
2022-06-11 10:00:00,10,492.6,1.1
2022-06-11 11:00:00,11,1354.3,1.2
2022-06-11 12:00:00,12,1992.3,2.4
2022-06-11 13:00:00,13,2578.3,2.9
2022-06-11 14:00:00,14,2784.1,2.9
2022-06-11 15:00:00,15,2999.6,2.6
2022-06-11 16:00:00,16,2355.6,2.5
2022-06-11 17:00:00,17,1453.6,1.9
2022-06-11 18:00:00,18,1604.4,3.1
2022-06-11 19:00:00,19,526.9,2.0
2022-06-11 20:00:00,20,250.1,2.0
2022-06-11 21:00:00,21,6.6,1.9
2022-06-11 22:00:00,22,,2.0
2022-06-11 23:00:00,23,,1.4
2022-06-12 00:00:00,0,,1.0
2022-06-12 01:00:00,1,,1.9
2022-06-12 02:00:00,2,,1.9
2022-06-12 03:00:00,3,,1.6
2022-06-12 04:00:00,4,,1.5
2022-06-12 05:00:00,5,,1.2
2022-06-12 06:00:00,6,,1.1
2022-06-12 07:00:00,7,,1.7
2022-06-12 08:00:00,8,,1.1
2022-06-12 09:00:00,9,26.0,1.6
2022-06-12 10:00:00,10,295.3,0.9
2022-06-12 11:00:00,11,1196.6,2.5
2022-06-12 12:00:00,12,1763.2,2.0
2022-06-12 13:00:00,13,2666.2,2.9
2022-06-12 14:00:00,14,2957.2,4.1
2022-06-12 15:00:00,15,2954.0,4.9
2022-06-12 16:00:00,16,2752.1,4.8
2022-06-12 17:00:00,17,2394.0,4.4
2022-06-12 18:00:00,18,1843.9,4.3
2022-06-12 19:00:00,19,501.0,4.5
2022-06-12 20:00:00,20,186.8,3.6
2022-06-12 21:00:00,21,1.5,3.1
2022-06-12 22:00:00,22,,3.9
2022-06-12 23:00:00,23,,3.2
2022-06-13 00:00:00,0,,3.0
2022-06-13 01:00:00,1,,2.7
2022-06-13 02:00:00,2,,2.4
2022-06-13 03:00:00,3,,2.1
2022-06-13 04:00:00,4,,1.9
2022-06-13 05:00:00,5,,2.3
2022-06-13 06:00:00,6,,2.4
2022-06-13 07:00:00,7,,2.0
2022-06-13 08:00:00,8,,1.1
2022-06-13 09:00:00,9,40.4,1.0
2022-06-13 10:00:00,10,664.8,2.4
2022-06-13 11:00:00,11,1599.4,2.7
2022-06-13 12:00:00,12,2231.5,4.4
2022-06-13 13:00:00,13,2485.2,5.4
2022-06-13 14:00:00,14,1798.3,4.0
2022-06-13 15:00:00,15,3050.9,4.9
2022-06-13 16:00:00,16,2847.6,5.1
2022-06-13 17:00:00,17,2379.8,5.0
2022-06-13 18:00:00,18,1782.8,4.5
2022-06-13 19:00:00,19,483.9,4.4
2022-06-13 20:00:00,20,189.8,4.7
2022-06-13 21:00:00,21,2.3,4.5
2022-06-13 22:00:00,22,,4.3
2022-06-13 23:00:00,23,,3.3
2022-06-14 00:00:00,0,,3.3
2022-06-14 01:00:00,1,,3.4
2022-06-14 02:00:00,2,,2.6
2022-06-14 03:00:00,3,,2.1
2022-06-14 04:00:00,4,,1.8
2022-06-14 05:00:00,5,,1.3
2022-06-14 06:00:00,6,,1.1
2022-06-14 07:00:00,7,,1.0
2022-06-14 08:00:00,8,,2.5
2022-06-14 09:00:00,9,84.5,1.1
2022-06-14 10:00:00,10,218.5,1.4
2022-06-14 11:00:00,11,1519.6,2.8
2022-06-14 12:00:00,12,1605.6,4.2
2022-06-14 13:00:00,13,2705.4,4.7
2022-06-14 14:00:00,14,3047.2,5.2
2022-06-14 15:00:00,15,3008.3,5.9
2022-06-14 16:00:00,16,2809.6,6.1
2022-06-14 17:00:00,17,2453.1,5.5
2022-06-14 18:00:00,18,1906.5,5.0
2022-06-14 19:00:00,19,495.3,4.8
2022-06-14 20:00:00,20,186.3,4.0
2022-06-14 21:00:00,21,1.4,3.7
2022-06-14 22:00:00,22,,3.3
2022-06-14 23:00:00,23,,3.3
2022-06-15 00:00:00,0,,2.9
2022-06-15 01:00:00,1,,3.6
2022-06-15 02:00:00,2,,3.5
2022-06-15 03:00:00,3,,3.0
2022-06-15 04:00:00,4,,1.8
2022-06-15 05:00:00,5,,2.4
2022-06-15 06:00:00,6,,1.5
2022-06-15 07:00:00,7,,1.3
2022-06-15 08:00:00,8,,1.7
2022-06-15 09:00:00,9,37.4,1.5
2022-06-15 10:00:00,10,431.1,1.6
2022-06-15 11:00:00,11,1581.8,3.2
2022-06-15 12:00:00,12,2202.6,4.9
2022-06-15 13:00:00,13,2588.9,4.9
2022-06-15 14:00:00,14,2945.5,4.2
2022-06-15 15:00:00,15,3001.4,4.6
2022-06-15 16:00:00,16,2891.8,4.6
2022-06-15 17:00:00,17,1645.5,3.8
2022-06-15 18:00:00,18,1439.0,4.3
2022-06-15 19:00:00,19,607.2,3.6
2022-06-15 20:00:00,20,182.1,3.4
2022-06-15 21:00:00,21,1.0,2.3
2022-06-15 22:00:00,22,,1.9
2022-06-15 23:00:00,23,,1.9
2022-06-16 00:00:00,0,,1.9
2022-06-16 01:00:00,1,,1.5
2022-06-16 02:00:00,2,,1.5
2022-06-16 03:00:00,3,,1.3
2022-06-16 04:00:00,4,,1.4
2022-06-16 05:00:00,5,,1.2
2022-06-16 06:00:00,6,,1.7
2022-06-16 07:00:00,7,,1.5
2022-06-16 08:00:00,8,,1.5
2022-06-16 09:00:00,9,41.0,1.6
2022-06-16 10:00:00,10,661.9,2.8
2022-06-16 11:00:00,11,1598.7,2.9
2022-06-16 12:00:00,12,2198.5,4.0
2022-06-16 13:00:00,13,2666.3,4.3
2022-06-16 14:00:00,14,2902.2,4.6
2022-06-16 15:00:00,15,2951.9,3.9
2022-06-16 16:00:00,16,2772.8,4.3
2022-06-16 17:00:00,17,2440.2,4.0
2022-06-16 18:00:00,18,1910.1,4.3
2022-06-16 19:00:00,19,502.8,4.1
2022-06-16 20:00:00,20,192.5,2.7
2022-06-16 21:00:00,21,1.3,2.7
2022-06-16 22:00:00,22,,2.7
2022-06-16 23:00:00,23,,3.0
2022-06-17 00:00:00,0,,2.4
2022-06-17 01:00:00,1,,2.5
2022-06-17 02:00:00,2,,3.2
2022-06-17 03:00:00,3,,2.4
2022-06-17 04:00:00,4,,2.3
2022-06-17 05:00:00,5,,2.8
2022-06-17 06:00:00,6,,2.1
2022-06-17 07:00:00,7,,2.2
2022-06-17 08:00:00,8,,2.5
2022-06-17 09:00:00,9,37.9,2.6
2022-06-17 10:00:00,10,561.2,2.9
2022-06-17 11:00:00,11,1182.5,3.4
2022-06-17 12:00:00,12,1729.6,3.3
2022-06-17 13:00:00,13,2706.0,4.1
2022-06-17 14:00:00,14,2872.3,5.1
2022-06-17 15:00:00,15,2956.8,4.7
2022-06-17 16:00:00,16,2820.3,4.2
2022-06-17 17:00:00,17,2423.3,4.0
2022-06-17 18:00:00,18,1877.3,4.3
2022-06-17 19:00:00,19,527.5,4.1
2022-06-17 20:00:00,20,193.2,3.7
2022-06-17 21:00:00,21,2.3,2.1
2022-06-17 22:00:00,22,,2.2
2022-06-17 23:00:00,23,,2.3
2022-06-18 00:00:00,0,,1.8
2022-06-18 01:00:00,1,,2.1
2022-06-18 02:00:00,2,,1.8
2022-06-18 03:00:00,3,,1.7
2022-06-18 04:00:00,4,,2.0
2022-06-18 05:00:00,5,,1.6
2022-06-18 06:00:00,6,,1.7
2022-06-18 07:00:00,7,,1.6
2022-06-18 08:00:00,8,,1.5
2022-06-18 09:00:00,9,41.5,1.8
2022-06-18 10:00:00,10,651.2,2.2
2022-06-18 11:00:00,11,1585.4,2.9
2022-06-18 12:00:00,12,2026.0,3.0
2022-06-18 13:00:00,13,2339.3,3.1
2022-06-18 14:00:00,14,2886.7,4.4
2022-06-18 15:00:00,15,2921.7,4.2
2022-06-18 16:00:00,16,2736.1,4.5
2022-06-18 17:00:00,17,2403.6,4.0
2022-06-18 18:00:00,18,1866.4,3.7
2022-06-18 19:00:00,19,544.7,4.1
2022-06-18 20:00:00,20,200.4,3.3
2022-06-18 21:00:00,21,1.9,3.3
2022-06-18 22:00:00,22,,3.6
2022-06-18 23:00:00,23,,3.7
2022-06-19 00:00:00,0,,2.9
2022-06-19 01:00:00,1,,3.2
2022-06-19 02:00:00,2,,2.5
2022-06-19 03:00:00,3,,2.1
2022-06-19 04:00:00,4,,2.0
2022-06-19 05:00:00,5,,1.8
2022-06-19 06:00:00,6,,2.4
2022-06-19 07:00:00,7,,2.3
2022-06-19 08:00:00,8,,2.3
2022-06-19 09:00:00,9,44.0,2.7
2022-06-19 10:00:00,10,437.6,2.1
2022-06-19 11:00:00,11,1438.2,3.0
2022-06-19 12:00:00,12,2097.5,4.9
2022-06-19 13:00:00,13,2605.9,4.4
2022-06-19 14:00:00,14,2975.1,5.4
2022-06-19 15:00:00,15,2989.9,4.9
2022-06-19 16:00:00,16,2701.0,5.2
2022-06-19 17:00:00,17,2359.2,5.1
2022-06-19 18:00:00,18,1674.4,5.1
2022-06-19 19:00:00,19,616.1,4.8
2022-06-19 20:00:00,20,189.7,4.2
2022-06-19 21:00:00,21,5.1,3.3
2022-06-19 22:00:00,22,,3.2
2022-06-19 23:00:00,23,,3.6
2022-06-20 00:00:00,0,,3.0
2022-06-20 01:00:00,1,,2.5
2022-06-20 02:00:00,2,,1.9
2022-06-20 03:00:00,3,,1.6
2022-06-20 04:00:00,4,,1.8
2022-06-20 05:00:00,5,,2.3
2022-06-20 06:00:00,6,,2.2
2022-06-20 07:00:00,7,,2.1
2022-06-20 08:00:00,8,,2.6
2022-06-20 09:00:00,9,83.3,2.5
2022-06-20 10:00:00,10,149.6,3.2
2022-06-20 11:00:00,11,209.4,2.7
2022-06-20 12:00:00,12,877.0,1.2
2022-06-20 13:00:00,13,916.9,3.5
2022-06-20 14:00:00,14,569.9,3.0
2022-06-20 15:00:00,15,441.2,2.6
2022-06-20 16:00:00,16,231.4,1.7
2022-06-20 17:00:00,17,650.6,6.2
2022-06-20 18:00:00,18,725.7,2.9
2022-06-20 19:00:00,19,464.5,3.5
2022-06-20 20:00:00,20,106.9,2.7
2022-06-20 21:00:00,21,,3.0
2022-06-20 22:00:00,22,,3.9
2022-06-20 23:00:00,23,,3.5
2022-06-21 00:00:00,0,,3.9
2022-06-21 01:00:00,1,,3.2
2022-06-21 02:00:00,2,,4.0
2022-06-21 03:00:00,3,,2.7
2022-06-21 04:00:00,4,,2.2
2022-06-21 05:00:00,5,,2.3
2022-06-21 06:00:00,6,,2.1
2022-06-21 07:00:00,7,,2.0
2022-06-21 08:00:00,8,,2.1
2022-06-21 09:00:00,9,70.1,2.4
2022-06-21 10:00:00,10,544.7,2.3
2022-06-21 11:00:00,11,970.9,3.8
2022-06-21 12:00:00,12,1630.1,5.7
2022-06-21 13:00:00,13,1722.9,5.9
2022-06-21 14:00:00,14,2271.2,7.4
2022-06-21 15:00:00,15,2846.8,6.5
2022-06-21 16:00:00,16,2319.4,5.9
2022-06-21 17:00:00,17,1972.8,6.2
2022-06-21 18:00:00,18,1744.0,5.6
2022-06-21 19:00:00,19,564.6,5.3
2022-06-21 20:00:00,20,215.7,4.1
2022-06-21 21:00:00,21,3.2,3.2
2022-06-21 22:00:00,22,,2.5
2022-06-21 23:00:00,23,,2.7
2022-06-22 00:00:00,0,,2.4
2022-06-22 01:00:00,1,,2.9
2022-06-22 02:00:00,2,,3.1
2022-06-22 03:00:00,3,,3.3
2022-06-22 04:00:00,4,,3.0
2022-06-22 05:00:00,5,,3.1
2022-06-22 06:00:00,6,,3.5
2022-06-22 07:00:00,7,,3.1
2022-06-22 08:00:00,8,,2.8
2022-06-22 09:00:00,9,1.6,2.4
2022-06-22 10:00:00,10,210.9,3.2
2022-06-22 11:00:00,11,170.7,3.2
2022-06-22 12:00:00,12,343.5,3.1
2022-06-22 13:00:00,13,81.1,2.6
2022-06-22 14:00:00,14,183.1,3.7
2022-06-22 15:00:00,15,377.5,4.1
2022-06-22 16:00:00,16,847.1,3.7
2022-06-22 17:00:00,17,766.4,3.7
2022-06-22 18:00:00,18,1051.1,4.0
2022-06-22 19:00:00,19,360.3,3.6
2022-06-22 20:00:00,20,116.4,4.0
2022-06-22 21:00:00,21,0.4,4.2
2022-06-22 22:00:00,22,,4.4
2022-06-22 23:00:00,23,,2.5
2022-06-23 00:00:00,0,,3.9
2022-06-23 01:00:00,1,0.4,4.3
2022-06-23 02:00:00,2,,3.1
2022-06-23 03:00:00,3,,1.4
2022-06-23 04:00:00,4,0.2,1.3
2022-06-23 05:00:00,5,,0.9
2022-06-23 06:00:00,6,,1.2
2022-06-23 07:00:00,7,,1.3
2022-06-23 08:00:00,8,,0.3
2022-06-23 09:00:00,9,67.2,1.1
2022-06-23 10:00:00,10,464.9,3.3
2022-06-23 11:00:00,11,1595.6,3.7
2022-06-23 12:00:00,12,2196.6,4.2
2022-06-23 13:00:00,13,2735.7,5.8
2022-06-23 14:00:00,14,3088.7,5.0
2022-06-23 15:00:00,15,2720.4,4.9
2022-06-23 16:00:00,16,2036.5,6.0
2022-06-23 17:00:00,17,1554.7,4.9
2022-06-23 18:00:00,18,1033.3,4.7
2022-06-23 19:00:00,19,646.0,4.8
2022-06-23 20:00:00,20,185.4,4.8
2022-06-23 21:00:00,21,3.9,3.5
2022-06-23 22:00:00,22,,3.3
2022-06-23 23:00:00,23,,3.2
2022-06-24 00:00:00,0,,2.4
2022-06-24 01:00:00,1,,1.8
2022-06-24 02:00:00,2,,2.6
2022-06-24 03:00:00,3,,2.1
2022-06-24 04:00:00,4,,1.7
2022-06-24 05:00:00,5,,2.7
2022-06-24 06:00:00,6,,2.1
2022-06-24 07:00:00,7,,2.1
2022-06-24 08:00:00,8,,2.3
2022-06-24 09:00:00,9,35.1,1.8
2022-06-24 10:00:00,10,306.3,2.9
2022-06-24 11:00:00,11,1574.8,2.8
2022-06-24 12:00:00,12,1481.4,4.5
2022-06-24 13:00:00,13,1178.9,4.5
2022-06-24 14:00:00,14,2202.1,5.8
2022-06-24 15:00:00,15,2789.2,4.8
2022-06-24 16:00:00,16,2241.2,5.8
2022-06-24 17:00:00,17,1367.7,6.0
2022-06-24 18:00:00,18,1686.5,5.6
2022-06-24 19:00:00,19,612.0,5.6
2022-06-24 20:00:00,20,208.0,3.8
2022-06-24 21:00:00,21,4.2,3.1
2022-06-24 22:00:00,22,,2.9
2022-06-24 23:00:00,23,0.0,5.0
2022-06-25 00:00:00,0,,3.3
2022-06-25 01:00:00,1,0.9,2.3
2022-06-25 02:00:00,2,,3.0
2022-06-25 03:00:00,3,0.7,3.2
2022-06-25 04:00:00,4,,3.3
2022-06-25 05:00:00,5,,4.0
2022-06-25 06:00:00,6,,3.3
2022-06-25 07:00:00,7,,2.4
2022-06-25 08:00:00,8,,3.4
2022-06-25 09:00:00,9,27.4,3.1
2022-06-25 10:00:00,10,281.0,3.3
2022-06-25 11:00:00,11,1218.5,4.8
2022-06-25 12:00:00,12,2250.1,5.0
2022-06-25 13:00:00,13,2369.7,5.1
2022-06-25 14:00:00,14,2909.0,5.0
2022-06-25 15:00:00,15,2977.2,5.7
2022-06-25 16:00:00,16,2750.9,5.3
2022-06-25 17:00:00,17,2381.5,5.0
2022-06-25 18:00:00,18,1864.1,4.2
2022-06-25 19:00:00,19,591.0,4.3
2022-06-25 20:00:00,20,205.1,4.2
2022-06-25 21:00:00,21,4.3,3.4
2022-06-25 22:00:00,22,,3.1
2022-06-25 23:00:00,23,,2.9
2022-06-26 00:00:00,0,,2.9
2022-06-26 01:00:00,1,,3.1
2022-06-26 02:00:00,2,,2.3
2022-06-26 03:00:00,3,,2.7
2022-06-26 04:00:00,4,,1.7
2022-06-26 05:00:00,5,,2.6
2022-06-26 06:00:00,6,,2.4
2022-06-26 07:00:00,7,,2.5
2022-06-26 08:00:00,8,,2.2
2022-06-26 09:00:00,9,55.8,3.6
2022-06-26 10:00:00,10,639.9,2.6
2022-06-26 11:00:00,11,1545.5,3.5
2022-06-26 12:00:00,12,2152.6,3.6
2022-06-26 13:00:00,13,2362.6,3.4
2022-06-26 14:00:00,14,2799.7,4.3
2022-06-26 15:00:00,15,2948.5,4.4
2022-06-26 16:00:00,16,2769.4,4.9
2022-06-26 17:00:00,17,2221.5,4.6
2022-06-26 18:00:00,18,1859.6,4.8
2022-06-26 19:00:00,19,568.7,4.8
2022-06-26 20:00:00,20,197.9,3.6
2022-06-26 21:00:00,21,3.3,3.9
2022-06-26 22:00:00,22,,3.4
2022-06-26 23:00:00,23,,4.5
2022-06-27 00:00:00,0,,4.3
2022-06-27 01:00:00,1,,4.0
2022-06-27 02:00:00,2,,4.5
2022-06-27 03:00:00,3,,4.1
2022-06-27 04:00:00,4,,3.3
2022-06-27 05:00:00,5,,3.1
2022-06-27 06:00:00,6,,2.0
2022-06-27 07:00:00,7,,2.2
2022-06-27 08:00:00,8,,2.1
2022-06-27 09:00:00,9,31.0,2.7
2022-06-27 10:00:00,10,603.3,4.0
2022-06-27 11:00:00,11,1555.2,5.0
2022-06-27 12:00:00,12,2017.8,6.1
2022-06-27 13:00:00,13,1751.6,6.1
2022-06-27 14:00:00,14,1086.4,5.7
2022-06-27 15:00:00,15,1616.2,4.7
2022-06-27 16:00:00,16,2091.5,7.4
2022-06-27 17:00:00,17,1260.7,3.1
2022-06-27 18:00:00,18,1110.8,5.7
2022-06-27 19:00:00,19,707.2,4.2
2022-06-27 20:00:00,20,220.6,5.6
2022-06-27 21:00:00,21,6.4,4.2
2022-06-27 22:00:00,22,,5.0
2022-06-27 23:00:00,23,,4.8
2022-06-28 00:00:00,0,,4.6
2022-06-28 01:00:00,1,,4.3
2022-06-28 02:00:00,2,,5.0
2022-06-28 03:00:00,3,,3.4
2022-06-28 04:00:00,4,,3.6
2022-06-28 05:00:00,5,,4.1
2022-06-28 06:00:00,6,,3.4
2022-06-28 07:00:00,7,,3.0
2022-06-28 08:00:00,8,,2.5
2022-06-28 09:00:00,9,18.5,1.8
2022-06-28 10:00:00,10,175.5,1.7
2022-06-28 11:00:00,11,378.5,3.6
2022-06-28 12:00:00,12,488.8,2.4
2022-06-28 13:00:00,13,973.0,3.3
2022-06-28 14:00:00,14,752.2,4.2
2022-06-28 15:00:00,15,1268.3,6.1
2022-06-28 16:00:00,16,867.4,5.6
2022-06-28 17:00:00,17,685.1,4.1
2022-06-28 18:00:00,18,802.7,4.0
2022-06-28 19:00:00,19,530.2,5.6
2022-06-28 20:00:00,20,170.5,3.9
2022-06-28 21:00:00,21,5.2,3.5
2022-06-28 22:00:00,22,,3.1
2022-06-28 23:00:00,23,,3.2
2022-06-29 00:00:00,0,,2.2
2022-06-29 01:00:00,1,0.5,3.1
2022-06-29 02:00:00,2,,2.4
2022-06-29 03:00:00,3,,2.8
2022-06-29 04:00:00,4,,3.2
2022-06-29 05:00:00,5,,3.7
2022-06-29 06:00:00,6,,4.1
2022-06-29 07:00:00,7,,2.4
2022-06-29 08:00:00,8,,1.5
2022-06-29 09:00:00,9,,1.4
2022-06-29 10:00:00,10,11.6,1.8
2022-06-29 11:00:00,11,22.1,1.9
2022-06-29 12:00:00,12,135.7,2.0
2022-06-29 13:00:00,13,208.8,2.3
2022-06-29 14:00:00,14,447.2,2.2
2022-06-29 15:00:00,15,887.8,3.8
2022-06-29 16:00:00,16,1104.7,3.0
2022-06-29 17:00:00,17,1064.3,4.2
2022-06-29 18:00:00,18,689.4,2.9
2022-06-29 19:00:00,19,489.1,3.2
2022-06-29 20:00:00,20,132.6,2.4
2022-06-29 21:00:00,21,2.2,2.0
2022-06-29 22:00:00,22,,3.1
2022-06-29 23:00:00,23,,2.7
2022-06-30 00:00:00,0,,3.6
2022-06-30 01:00:00,1,,3.0
2022-06-30 02:00:00,2,,3.8
2022-06-30 03:00:00,3,,3.7
2022-06-30 04:00:00,4,,3.6
2022-06-30 05:00:00,5,,2.8
2022-06-30 06:00:00,6,,3.3
2022-06-30 07:00:00,7,,2.5
2022-06-30 08:00:00,8,,2.2
2022-06-30 09:00:00,9,36.2,1.8
2022-06-30 10:00:00,10,576.2,2.8
2022-06-30 11:00:00,11,1502.9,4.7
2022-06-30 12:00:00,12,2099.9,3.9
2022-06-30 13:00:00,13,2283.8,4.7
2022-06-30 14:00:00,14,2731.5,4.0
2022-06-30 15:00:00,15,2971.7,4.3
2022-06-30 16:00:00,16,2733.0,4.7
2022-06-30 17:00:00,17,2379.8,4.2
2022-06-30 18:00:00,18,1844.5,4.2
2022-06-30 19:00:00,19,576.6,3.6
2022-06-30 20:00:00,20,188.5,4.2
2022-06-30 21:00:00,21,4.3,3.8
2022-06-30 22:00:00,22,,3.5
2022-06-30 23:00:00,23,,3.0
2022-07-01 00:00:00,0,,3.0
2022-07-01 01:00:00,1,,2.6
2022-07-01 02:00:00,2,,2.9
2022-07-01 03:00:00,3,,3.1
2022-07-01 04:00:00,4,,2.7
2022-07-01 05:00:00,5,,2.0
2022-07-01 06:00:00,6,,2.1
2022-07-01 07:00:00,7,,1.7
2022-07-01 08:00:00,8,,1.3
2022-07-01 09:00:00,9,22.6,1.3
2022-07-01 10:00:00,10,551.4,1.8
2022-07-01 11:00:00,11,1504.7,2.8
2022-07-01 12:00:00,12,2138.6,3.2
2022-07-01 13:00:00,13,1549.3,2.8
2022-07-01 14:00:00,14,2193.4,3.1
2022-07-01 15:00:00,15,2323.0,3.6
2022-07-01 16:00:00,16,2718.3,4.0
2022-07-01 17:00:00,17,2360.2,3.8
2022-07-01 18:00:00,18,1834.9,3.1
2022-07-01 19:00:00,19,648.0,3.8
2022-07-01 20:00:00,20,132.1,2.8
2022-07-01 21:00:00,21,5.1,2.7
2022-07-01 22:00:00,22,,3.2
2022-07-01 23:00:00,23,,4.8
2022-07-02 00:00:00,0,,2.3
2022-07-02 01:00:00,1,0.6,1.6
2022-07-02 02:00:00,2,0.0,1.6
2022-07-02 03:00:00,3,0.1,1.5
2022-07-02 04:00:00,4,,0.9
2022-07-02 05:00:00,5,,1.3
2022-07-02 06:00:00,6,,1.1
2022-07-02 07:00:00,7,,1.4
2022-07-02 08:00:00,8,,0.9
2022-07-02 09:00:00,9,44.2,1.9
2022-07-02 10:00:00,10,547.3,2.4
2022-07-02 11:00:00,11,1413.8,2.7
2022-07-02 12:00:00,12,2126.3,4.3
2022-07-02 13:00:00,13,2046.2,6.0
2022-07-02 14:00:00,14,2828.9,4.4
2022-07-02 15:00:00,15,2497.9,5.5
2022-07-02 16:00:00,16,2649.6,5.1
2022-07-02 17:00:00,17,2213.1,4.7
2022-07-02 18:00:00,18,1121.9,4.8
2022-07-02 19:00:00,19,572.6,4.4
2022-07-02 20:00:00,20,284.4,4.3
2022-07-02 21:00:00,21,1.2,4.1
2022-07-02 22:00:00,22,,3.2
2022-07-02 23:00:00,23,,4.0
2022-07-03 00:00:00,0,3.9,3.8
2022-07-03 01:00:00,1,7.1,4.1
2022-07-03 02:00:00,2,0.6,3.3
2022-07-03 03:00:00,3,,3.5
2022-07-03 04:00:00,4,,3.2
2022-07-03 05:00:00,5,,3.5
2022-07-03 06:00:00,6,,3.7
2022-07-03 07:00:00,7,,3.6
2022-07-03 08:00:00,8,,3.4
2022-07-03 09:00:00,9,2.3,3.1
2022-07-03 10:00:00,10,5.6,3.9
2022-07-03 11:00:00,11,15.4,2.2
2022-07-03 12:00:00,12,16.6,3.2
2022-07-03 13:00:00,13,122.6,2.4
2022-07-03 14:00:00,14,582.1,3.6
2022-07-03 15:00:00,15,734.5,2.2
2022-07-03 16:00:00,16,605.2,3.9
2022-07-03 17:00:00,17,562.6,4.7
2022-07-03 18:00:00,18,1040.6,4.2
2022-07-03 19:00:00,19,406.5,3.3
2022-07-03 20:00:00,20,50.9,3.4
2022-07-03 21:00:00,21,1.1,3.3
2022-07-03 22:00:00,22,0.2,2.4
2022-07-03 23:00:00,23,,2.7
2022-07-04 00:00:00,0,,3.3
2022-07-04 01:00:00,1,,2.5
2022-07-04 02:00:00,2,0.0,2.5
2022-07-04 03:00:00,3,0.3,1.5
2022-07-04 04:00:00,4,,1.4
2022-07-04 05:00:00,5,,0.8
2022-07-04 06:00:00,6,,1.0
2022-07-04 07:00:00,7,,1.6
2022-07-04 08:00:00,8,,0.8
2022-07-04 09:00:00,9,61.1,0.7
2022-07-04 10:00:00,10,387.1,1.5
2022-07-04 11:00:00,11,1256.2,2.0
2022-07-04 12:00:00,12,2070.9,3.2
2022-07-04 13:00:00,13,2276.0,4.0
2022-07-04 14:00:00,14,3039.2,4.7
2022-07-04 15:00:00,15,2991.5,4.4
2022-07-04 16:00:00,16,2831.3,4.4
2022-07-04 17:00:00,17,2409.4,3.9
2022-07-04 18:00:00,18,1784.0,4.8
2022-07-04 19:00:00,19,584.4,4.3
2022-07-04 20:00:00,20,203.5,3.7
2022-07-04 21:00:00,21,5.3,4.6
2022-07-04 22:00:00,22,1.4,2.8
2022-07-04 23:00:00,23,,3.1
2022-07-05 00:00:00,0,,4.6
2022-07-05 01:00:00,1,0.2,6.8
2022-07-05 02:00:00,2,0.3,4.4
2022-07-05 03:00:00,3,,3.0
2022-07-05 04:00:00,4,3.6,2.6
2022-07-05 05:00:00,5,2.4,2.9
2022-07-05 06:00:00,6,1.8,3.7
2022-07-05 07:00:00,7,,2.1
2022-07-05 08:00:00,8,,2.4
2022-07-05 09:00:00,9,35.0,2.2
2022-07-05 10:00:00,10,298.9,2.3
2022-07-05 11:00:00,11,902.3,6.0
2022-07-05 12:00:00,12,1720.3,5.8
2022-07-05 13:00:00,13,1668.7,6.6
2022-07-05 14:00:00,14,2727.2,7.1
2022-07-05 15:00:00,15,2037.2,5.4
2022-07-05 16:00:00,16,2656.5,5.5
2022-07-05 17:00:00,17,2306.7,5.8
2022-07-05 18:00:00,18,1590.8,4.8
2022-07-05 19:00:00,19,741.5,5.4
2022-07-05 20:00:00,20,202.5,4.4
2022-07-05 21:00:00,21,11.1,4.1
2022-07-05 22:00:00,22,,3.9
2022-07-05 23:00:00,23,,2.7
2022-07-06 00:00:00,0,,3.1
2022-07-06 01:00:00,1,,2.6
2022-07-06 02:00:00,2,,3.2
2022-07-06 03:00:00,3,,2.5
2022-07-06 04:00:00,4,,2.2
2022-07-06 05:00:00,5,,2.4
2022-07-06 06:00:00,6,,2.7
2022-07-06 07:00:00,7,,2.0
2022-07-06 08:00:00,8,,2.6
2022-07-06 09:00:00,9,41.0,2.3
2022-07-06 10:00:00,10,504.2,3.1
2022-07-06 11:00:00,11,1025.1,2.7
2022-07-06 12:00:00,12,1350.1,5.6
2022-07-06 13:00:00,13,2065.3,6.7
2022-07-06 14:00:00,14,2861.8,7.1
2022-07-06 15:00:00,15,2812.2,6.6
2022-07-06 16:00:00,16,2689.6,6.8
2022-07-06 17:00:00,17,1687.8,5.3
2022-07-06 18:00:00,18,1222.6,6.9
2022-07-06 19:00:00,19,552.0,6.2
2022-07-06 20:00:00,20,78.3,3.3
2022-07-06 21:00:00,21,6.8,4.8
2022-07-06 22:00:00,22,,3.6
2022-07-06 23:00:00,23,,5.2
2022-07-07 00:00:00,0,,4.3
2022-07-07 01:00:00,1,0.2,4.2
2022-07-07 02:00:00,2,,3.1
2022-07-07 03:00:00,3,,5.8
2022-07-07 04:00:00,4,0.4,4.1
2022-07-07 05:00:00,5,,2.5
2022-07-07 06:00:00,6,,2.5
2022-07-07 07:00:00,7,,1.2
2022-07-07 08:00:00,8,1.0,2.2
2022-07-07 09:00:00,9,9.5,1.7
2022-07-07 10:00:00,10,117.1,2.4
2022-07-07 11:00:00,11,513.5,3.5
2022-07-07 12:00:00,12,1260.1,2.7
2022-07-07 13:00:00,13,1332.2,2.0
2022-07-07 14:00:00,14,1654.2,3.1
2022-07-07 15:00:00,15,1870.3,2.9
2022-07-07 16:00:00,16,2321.1,5.0
2022-07-07 17:00:00,17,2035.1,4.1
2022-07-07 18:00:00,18,1315.4,4.8
2022-07-07 19:00:00,19,682.5,4.6
2022-07-07 20:00:00,20,273.4,2.0
2022-07-07 21:00:00,21,5.4,3.3
2022-07-07 22:00:00,22,1.2,2.7
2022-07-07 23:00:00,23,0.9,2.9
2022-07-08 00:00:00,0,,2.6
2022-07-08 01:00:00,1,,3.1
2022-07-08 02:00:00,2,,3.0
2022-07-08 03:00:00,3,,2.9
2022-07-08 04:00:00,4,,2.4
2022-07-08 05:00:00,5,,2.7
2022-07-08 06:00:00,6,,3.1
2022-07-08 07:00:00,7,,2.6
2022-07-08 08:00:00,8,,2.5
2022-07-08 09:00:00,9,18.8,3.6
2022-07-08 10:00:00,10,268.5,2.1
2022-07-08 11:00:00,11,311.3,2.7
2022-07-08 12:00:00,12,496.4,2.4
2022-07-08 13:00:00,13,238.3,2.2
2022-07-08 14:00:00,14,814.0,4.4
2022-07-08 15:00:00,15,1114.1,5.0
2022-07-08 16:00:00,16,641.9,5.5
2022-07-08 17:00:00,17,621.1,2.7
2022-07-08 18:00:00,18,435.8,2.4
2022-07-08 19:00:00,19,301.9,4.0
2022-07-08 20:00:00,20,96.3,3.5
2022-07-08 21:00:00,21,8.4,3.6
2022-07-08 22:00:00,22,1.9,5.3
2022-07-08 23:00:00,23,,4.9
2022-07-09 00:00:00,0,,3.9
2022-07-09 01:00:00,1,,2.8
2022-07-09 02:00:00,2,1.9,2.9
2022-07-09 03:00:00,3,1.5,3.3
2022-07-09 04:00:00,4,,3.1
2022-07-09 05:00:00,5,,3.4
2022-07-09 06:00:00,6,,3.5
2022-07-09 07:00:00,7,,3.1
2022-07-09 08:00:00,8,,2.4
2022-07-09 09:00:00,9,35.3,3.0
2022-07-09 10:00:00,10,585.0,2.9
2022-07-09 11:00:00,11,1442.8,4.4
2022-07-09 12:00:00,12,2170.0,5.3
2022-07-09 13:00:00,13,2431.2,6.2
2022-07-09 14:00:00,14,2955.4,5.8
2022-07-09 15:00:00,15,2885.5,7.2
2022-07-09 16:00:00,16,2740.1,6.4
2022-07-09 17:00:00,17,1750.0,4.4
2022-07-09 18:00:00,18,1457.6,4.9
2022-07-09 19:00:00,19,567.7,4.8
2022-07-09 20:00:00,20,226.2,3.6
2022-07-09 21:00:00,21,6.4,2.9
2022-07-09 22:00:00,22,,2.9
2022-07-09 23:00:00,23,,2.8
2022-07-10 00:00:00,0,,2.7
2022-07-10 01:00:00,1,,4.4
2022-07-10 02:00:00,2,,3.7
2022-07-10 03:00:00,3,3.0,4.0
2022-07-10 04:00:00,4,,4.4
2022-07-10 05:00:00,5,,3.4
2022-07-10 06:00:00,6,,4.0
2022-07-10 07:00:00,7,,3.3
2022-07-10 08:00:00,8,,3.3
2022-07-10 09:00:00,9,34.8,2.8
2022-07-10 10:00:00,10,385.3,2.8
2022-07-10 11:00:00,11,892.8,3.4
2022-07-10 12:00:00,12,1761.5,6.4
2022-07-10 13:00:00,13,1524.5,7.7
2022-07-10 14:00:00,14,2597.2,7.2
2022-07-10 15:00:00,15,2233.5,6.4
2022-07-10 16:00:00,16,2249.6,7.3
2022-07-10 17:00:00,17,2092.8,6.7
2022-07-10 18:00:00,18,1425.6,6.6
2022-07-10 19:00:00,19,780.2,6.4
2022-07-10 20:00:00,20,200.2,6.1
2022-07-10 21:00:00,21,8.1,4.2
2022-07-10 22:00:00,22,,3.9
2022-07-10 23:00:00,23,,4.0
2022-07-11 00:00:00,0,,3.8
2022-07-11 01:00:00,1,,4.1
2022-07-11 02:00:00,2,,3.2
2022-07-11 03:00:00,3,,3.3
2022-07-11 04:00:00,4,,3.5
2022-07-11 05:00:00,5,,3.1
2022-07-11 06:00:00,6,,2.8
2022-07-11 07:00:00,7,,3.3
2022-07-11 08:00:00,8,,3.2
2022-07-11 09:00:00,9,38.2,2.5
2022-07-11 10:00:00,10,384.4,3.7
2022-07-11 11:00:00,11,921.0,4.7
2022-07-11 12:00:00,12,1241.6,4.3
2022-07-11 13:00:00,13,1353.9,5.1
2022-07-11 14:00:00,14,1277.2,7.2
2022-07-11 15:00:00,15,1857.5,5.8
2022-07-11 16:00:00,16,2290.3,6.7
2022-07-11 17:00:00,17,1831.5,5.6
2022-07-11 18:00:00,18,1671.4,6.6
2022-07-11 19:00:00,19,480.0,4.0
2022-07-11 20:00:00,20,273.0,4.5
2022-07-11 21:00:00,21,8.5,3.7
2022-07-11 22:00:00,22,,5.7
2022-07-11 23:00:00,23,,2.7
2022-07-12 00:00:00,0,,2.9
2022-07-12 01:00:00,1,,3.2
2022-07-12 02:00:00,2,,2.5
2022-07-12 03:00:00,3,,3.0
2022-07-12 04:00:00,4,,2.9
2022-07-12 05:00:00,5,,3.2
2022-07-12 06:00:00,6,,2.3
2022-07-12 07:00:00,7,,2.6
2022-07-12 08:00:00,8,,3.4
2022-07-12 09:00:00,9,39.5,2.7
2022-07-12 10:00:00,10,642.9,3.2
2022-07-12 11:00:00,11,1316.0,4.0
2022-07-12 12:00:00,12,2038.0,5.3
2022-07-12 13:00:00,13,2323.1,6.0
2022-07-12 14:00:00,14,2788.4,5.4
2022-07-12 15:00:00,15,2893.7,6.0
2022-07-12 16:00:00,16,2811.9,5.3
2022-07-12 17:00:00,17,2420.9,6.7
2022-07-12 18:00:00,18,1898.5,6.5
2022-07-12 19:00:00,19,682.0,5.8
2022-07-12 20:00:00,20,193.8,4.8
2022-07-12 21:00:00,21,9.3,4.3
2022-07-12 22:00:00,22,,4.0
2022-07-12 23:00:00,23,,3.7
2022-07-13 00:00:00,0,,3.3
2022-07-13 01:00:00,1,,3.3
2022-07-13 02:00:00,2,,3.1
2022-07-13 03:00:00,3,,3.4
2022-07-13 04:00:00,4,,2.9
2022-07-13 05:00:00,5,,2.9
2022-07-13 06:00:00,6,,2.4
2022-07-13 07:00:00,7,,2.7
2022-07-13 08:00:00,8,,2.5
2022-07-13 09:00:00,9,32.1,2.1
2022-07-13 10:00:00,10,511.0,2.6
2022-07-13 11:00:00,11,1035.8,3.3
2022-07-13 12:00:00,12,1643.2,4.1
2022-07-13 13:00:00,13,2574.4,5.3
2022-07-13 14:00:00,14,1890.7,5.3
2022-07-13 15:00:00,15,2479.2,5.2
2022-07-13 16:00:00,16,2839.5,5.8
2022-07-13 17:00:00,17,2244.6,6.4
2022-07-13 18:00:00,18,1810.2,6.4
2022-07-13 19:00:00,19,928.9,5.6
2022-07-13 20:00:00,20,229.7,4.3
2022-07-13 21:00:00,21,12.0,3.9
2022-07-13 22:00:00,22,,4.5
2022-07-13 23:00:00,23,,3.8
2022-07-14 00:00:00,0,,3.0
2022-07-14 01:00:00,1,,2.3
2022-07-14 02:00:00,2,,3.0
2022-07-14 03:00:00,3,,2.7
2022-07-14 04:00:00,4,,2.3
2022-07-14 05:00:00,5,,2.3
2022-07-14 06:00:00,6,,3.4
2022-07-14 07:00:00,7,,2.9
2022-07-14 08:00:00,8,,2.1
2022-07-14 09:00:00,9,25.4,2.9
2022-07-14 10:00:00,10,262.8,3.1
2022-07-14 11:00:00,11,1022.0,3.5
2022-07-14 12:00:00,12,1395.0,5.6
2022-07-14 13:00:00,13,1268.7,6.0
2022-07-14 14:00:00,14,1054.5,5.3
2022-07-14 15:00:00,15,2157.9,6.4
2022-07-14 16:00:00,16,1029.5,4.9
2022-07-14 17:00:00,17,1257.0,4.7
2022-07-14 18:00:00,18,883.0,6.1
2022-07-14 19:00:00,19,583.7,4.7
2022-07-14 20:00:00,20,200.4,5.5
2022-07-14 21:00:00,21,7.9,3.8
2022-07-14 22:00:00,22,,3.4
2022-07-14 23:00:00,23,,3.6
2022-07-15 00:00:00,0,,3.3
2022-07-15 01:00:00,1,,3.6
2022-07-15 02:00:00,2,,4.0
2022-07-15 03:00:00,3,,3.5
2022-07-15 04:00:00,4,,3.7
2022-07-15 05:00:00,5,,3.4
2022-07-15 06:00:00,6,,3.1
2022-07-15 07:00:00,7,,3.4
2022-07-15 08:00:00,8,,2.9
2022-07-15 09:00:00,9,19.0,3.4
2022-07-15 10:00:00,10,195.9,3.2
2022-07-15 11:00:00,11,826.5,4.1
2022-07-15 12:00:00,12,1278.1,4.5
2022-07-15 13:00:00,13,1140.3,4.6
2022-07-15 14:00:00,14,1256.4,4.4
2022-07-15 15:00:00,15,1479.9,5.1
2022-07-15 16:00:00,16,1846.5,5.0
2022-07-15 17:00:00,17,1352.3,5.0
2022-07-15 18:00:00,18,1296.3,6.7
2022-07-15 19:00:00,19,552.2,5.3
2022-07-15 20:00:00,20,189.0,4.7
2022-07-15 21:00:00,21,8.7,5.2
2022-07-15 22:00:00,22,,5.2
2022-07-15 23:00:00,23,,4.7
2022-07-16 00:00:00,0,,3.9
2022-07-16 01:00:00,1,,3.3
2022-07-16 02:00:00,2,,2.8
2022-07-16 03:00:00,3,,3.0
2022-07-16 04:00:00,4,,3.1
2022-07-16 05:00:00,5,,2.5
2022-07-16 06:00:00,6,,2.9
2022-07-16 07:00:00,7,,3.1
2022-07-16 08:00:00,8,,2.9
2022-07-16 09:00:00,9,19.8,2.9
2022-07-16 10:00:00,10,263.8,3.7
2022-07-16 11:00:00,11,1313.7,4.7
2022-07-16 12:00:00,12,1109.8,4.8
2022-07-16 13:00:00,13,1245.5,4.6
2022-07-16 14:00:00,14,1923.9,6.6
2022-07-16 15:00:00,15,2824.0,7.7
2022-07-16 16:00:00,16,2369.7,7.5
2022-07-16 17:00:00,17,1576.9,5.7
2022-07-16 18:00:00,18,798.1,4.7
2022-07-16 19:00:00,19,646.9,4.9
2022-07-16 20:00:00,20,180.9,5.5
2022-07-16 21:00:00,21,11.9,5.9
2022-07-16 22:00:00,22,1.0,3.1
2022-07-16 23:00:00,23,1.2,4.7
2022-07-17 00:00:00,0,0.9,4.5
2022-07-17 01:00:00,1,0.8,4.5
2022-07-17 02:00:00,2,2.1,3.3
2022-07-17 03:00:00,3,1.2,3.3
2022-07-17 04:00:00,4,0.3,4.9
2022-07-17 05:00:00,5,,4.5
2022-07-17 06:00:00,6,0.7,2.9
2022-07-17 07:00:00,7,0.7,2.9
2022-07-17 08:00:00,8,,3.4
2022-07-17 09:00:00,9,31.6,2.9
2022-07-17 10:00:00,10,189.3,2.7
2022-07-17 11:00:00,11,866.0,3.1
2022-07-17 12:00:00,12,1897.6,4.6
2022-07-17 13:00:00,13,2372.1,6.0
2022-07-17 14:00:00,14,2937.6,5.6
2022-07-17 15:00:00,15,2703.9,5.2
2022-07-17 16:00:00,16,2239.7,6.5
2022-07-17 17:00:00,17,1358.8,5.0
2022-07-17 18:00:00,18,836.6,5.7
2022-07-17 19:00:00,19,356.7,4.5
2022-07-17 20:00:00,20,161.4,5.8
2022-07-17 21:00:00,21,6.9,3.7
2022-07-17 22:00:00,22,,3.3
2022-07-17 23:00:00,23,,3.0
2022-07-18 00:00:00,0,,3.1
2022-07-18 01:00:00,1,,3.3
2022-07-18 02:00:00,2,,3.2
2022-07-18 03:00:00,3,,2.6
2022-07-18 04:00:00,4,,2.5
2022-07-18 05:00:00,5,,2.1
2022-07-18 06:00:00,6,,1.6
2022-07-18 07:00:00,7,,1.7
2022-07-18 08:00:00,8,,1.8
2022-07-18 09:00:00,9,32.7,2.0
2022-07-18 10:00:00,10,676.3,2.8
2022-07-18 11:00:00,11,1592.1,2.9
2022-07-18 12:00:00,12,2183.4,4.5
2022-07-18 13:00:00,13,2524.2,5.5
2022-07-18 14:00:00,14,2993.4,5.3
2022-07-18 15:00:00,15,2672.3,6.0
2022-07-18 16:00:00,16,1848.8,5.6
2022-07-18 17:00:00,17,1847.4,5.3
2022-07-18 18:00:00,18,1130.9,5.9
2022-07-18 19:00:00,19,726.0,3.9
2022-07-18 20:00:00,20,186.1,4.8
2022-07-18 21:00:00,21,9.8,3.9
2022-07-18 22:00:00,22,0.4,5.2
2022-07-18 23:00:00,23,,3.2
2022-07-19 00:00:00,0,,3.8
2022-07-19 01:00:00,1,0.1,6.5
2022-07-19 02:00:00,2,3.9,5.1
2022-07-19 03:00:00,3,,3.5
2022-07-19 04:00:00,4,,3.0
2022-07-19 05:00:00,5,,2.4
2022-07-19 06:00:00,6,,2.1
2022-07-19 07:00:00,7,,2.3
2022-07-19 08:00:00,8,0.8,3.8
2022-07-19 09:00:00,9,24.6,3.7
2022-07-19 10:00:00,10,223.4,3.6
2022-07-19 11:00:00,11,809.7,4.3
2022-07-19 12:00:00,12,1101.4,5.0
2022-07-19 13:00:00,13,1460.2,6.1
2022-07-19 14:00:00,14,2057.0,6.5
2022-07-19 15:00:00,15,2152.8,5.7
2022-07-19 16:00:00,16,2221.2,7.1
2022-07-19 17:00:00,17,2080.2,7.3
2022-07-19 18:00:00,18,1333.8,5.2
2022-07-19 19:00:00,19,678.4,5.9
2022-07-19 20:00:00,20,175.5,5.6
2022-07-19 21:00:00,21,5.9,5.1
2022-07-19 22:00:00,22,,4.1
2022-07-19 23:00:00,23,,3.6
2022-07-20 00:00:00,0,,3.2
2022-07-20 01:00:00,1,,2.9
2022-07-20 02:00:00,2,,3.2
2022-07-20 03:00:00,3,,3.2
2022-07-20 04:00:00,4,,3.1
2022-07-20 05:00:00,5,,3.5
2022-07-20 06:00:00,6,,4.2
2022-07-20 07:00:00,7,,2.9
2022-07-20 08:00:00,8,,3.5
2022-07-20 09:00:00,9,34.4,3.7
2022-07-20 10:00:00,10,688.1,3.5
2022-07-20 11:00:00,11,1239.0,4.1
2022-07-20 12:00:00,12,2222.9,5.5
2022-07-20 13:00:00,13,2600.8,6.2
2022-07-20 14:00:00,14,3096.7,6.3
2022-07-20 15:00:00,15,3118.3,6.4
2022-07-20 16:00:00,16,2885.3,6.0
2022-07-20 17:00:00,17,2390.3,5.5
2022-07-20 18:00:00,18,1978.7,5.2
2022-07-20 19:00:00,19,877.3,5.4
2022-07-20 20:00:00,20,211.7,3.8
2022-07-20 21:00:00,21,11.1,3.1
2022-07-20 22:00:00,22,,3.7
2022-07-20 23:00:00,23,,3.5
2022-07-21 00:00:00,0,,2.9
2022-07-21 01:00:00,1,,2.6
2022-07-21 02:00:00,2,,1.7
2022-07-21 03:00:00,3,,2.3
2022-07-21 04:00:00,4,,1.3
2022-07-21 05:00:00,5,,0.6
2022-07-21 06:00:00,6,,3.7
2022-07-21 07:00:00,7,,1.0
2022-07-21 08:00:00,8,,2.4
2022-07-21 09:00:00,9,35.2,1.0
2022-07-21 10:00:00,10,397.0,1.1
2022-07-21 11:00:00,11,342.9,3.0
2022-07-21 12:00:00,12,741.8,2.3
2022-07-21 13:00:00,13,1594.3,2.4
2022-07-21 14:00:00,14,1687.6,3.7
2022-07-21 15:00:00,15,2879.0,4.3
2022-07-21 16:00:00,16,2814.8,4.2
2022-07-21 17:00:00,17,2463.4,4.2
2022-07-21 18:00:00,18,1886.0,3.5
2022-07-21 19:00:00,19,589.3,3.4
2022-07-21 20:00:00,20,146.4,4.9
2022-07-21 21:00:00,21,4.2,1.0
2022-07-21 22:00:00,22,1.5,1.8
2022-07-21 23:00:00,23,,1.9
2022-07-22 00:00:00,0,,2.8
2022-07-22 01:00:00,1,,2.3
2022-07-22 02:00:00,2,,4.9
2022-07-22 03:00:00,3,0.7,2.4
2022-07-22 04:00:00,4,,3.1
2022-07-22 05:00:00,5,,3.0
2022-07-22 06:00:00,6,0.3,2.1
2022-07-22 07:00:00,7,,1.8
2022-07-22 08:00:00,8,,2.5
2022-07-22 09:00:00,9,41.6,2.8
2022-07-22 10:00:00,10,436.6,2.9
2022-07-22 11:00:00,11,1199.4,3.6
2022-07-22 12:00:00,12,2139.8,5.3
2022-07-22 13:00:00,13,2580.5,5.4
2022-07-22 14:00:00,14,2876.6,7.3
2022-07-22 15:00:00,15,2438.0,6.4
2022-07-22 16:00:00,16,2493.0,5.9
2022-07-22 17:00:00,17,2378.4,5.4
2022-07-22 18:00:00,18,1892.0,5.6
2022-07-22 19:00:00,19,910.1,6.2
2022-07-22 20:00:00,20,288.0,5.0
2022-07-22 21:00:00,21,16.6,6.0
2022-07-22 22:00:00,22,,3.5
2022-07-22 23:00:00,23,,3.8
2022-07-23 00:00:00,0,,3.2
2022-07-23 01:00:00,1,,2.8
2022-07-23 02:00:00,2,,2.9
2022-07-23 03:00:00,3,,3.2
2022-07-23 04:00:00,4,,3.4
2022-07-23 05:00:00,5,,3.1
2022-07-23 06:00:00,6,,3.4
2022-07-23 07:00:00,7,,2.6
2022-07-23 08:00:00,8,,3.1
2022-07-23 09:00:00,9,31.9,2.8
2022-07-23 10:00:00,10,359.9,3.4
2022-07-23 11:00:00,11,1136.0,4.8
2022-07-23 12:00:00,12,1703.7,4.7
2022-07-23 13:00:00,13,2084.7,6.2
2022-07-23 14:00:00,14,3169.8,6.9
2022-07-23 15:00:00,15,3149.1,8.8
2022-07-23 16:00:00,16,2384.7,6.8
2022-07-23 17:00:00,17,1758.4,6.1
2022-07-23 18:00:00,18,1256.3,7.0
2022-07-23 19:00:00,19,492.8,4.7
2022-07-23 20:00:00,20,181.0,6.4
2022-07-23 21:00:00,21,13.2,5.2
2022-07-23 22:00:00,22,,5.3
2022-07-23 23:00:00,23,,4.6
2022-07-24 00:00:00,0,,4.6
2022-07-24 01:00:00,1,,3.9
2022-07-24 02:00:00,2,,3.1
2022-07-24 03:00:00,3,,4.6
2022-07-24 04:00:00,4,,3.1
2022-07-24 05:00:00,5,,2.9
2022-07-24 06:00:00,6,,3.7
2022-07-24 07:00:00,7,,2.6
2022-07-24 08:00:00,8,,3.8
2022-07-24 09:00:00,9,13.8,3.1
2022-07-24 10:00:00,10,167.8,3.5
2022-07-24 11:00:00,11,507.1,3.6
2022-07-24 12:00:00,12,1148.1,3.9
2022-07-24 13:00:00,13,1462.0,5.7
2022-07-24 14:00:00,14,2197.0,7.5
2022-07-24 15:00:00,15,1318.6,6.1
2022-07-24 16:00:00,16,1128.0,5.1
2022-07-24 17:00:00,17,1608.9,5.9
2022-07-24 18:00:00,18,1328.3,6.6
2022-07-24 19:00:00,19,775.0,6.3
2022-07-24 20:00:00,20,293.5,5.9
2022-07-24 21:00:00,21,9.4,5.1
2022-07-24 22:00:00,22,,5.7
2022-07-24 23:00:00,23,,4.6
2022-07-25 00:00:00,0,,4.7
2022-07-25 01:00:00,1,,4.0
2022-07-25 02:00:00,2,,3.7
2022-07-25 03:00:00,3,,3.4
2022-07-25 04:00:00,4,,2.5
2022-07-25 05:00:00,5,,3.0
2022-07-25 06:00:00,6,,3.5
2022-07-25 07:00:00,7,,2.3
2022-07-25 08:00:00,8,,2.5
2022-07-25 09:00:00,9,35.4,2.4
2022-07-25 10:00:00,10,337.9,4.4
2022-07-25 11:00:00,11,939.0,4.7
2022-07-25 12:00:00,12,2112.1,6.1
2022-07-25 13:00:00,13,2108.0,6.1
2022-07-25 14:00:00,14,1812.5,5.6
2022-07-25 15:00:00,15,2742.3,6.8
2022-07-25 16:00:00,16,2785.8,5.4
2022-07-25 17:00:00,17,2530.0,6.9
2022-07-25 18:00:00,18,1962.9,6.0
2022-07-25 19:00:00,19,742.6,5.7
2022-07-25 20:00:00,20,179.1,5.5
2022-07-25 21:00:00,21,8.6,3.5
2022-07-25 22:00:00,22,,4.2
2022-07-25 23:00:00,23,,4.2
2022-07-26 00:00:00,0,,3.8
2022-07-26 01:00:00,1,,3.3
2022-07-26 02:00:00,2,,3.0
2022-07-26 03:00:00,3,,2.6
2022-07-26 04:00:00,4,,3.3
2022-07-26 05:00:00,5,,3.2
2022-07-26 06:00:00,6,,3.6
2022-07-26 07:00:00,7,,3.1
2022-07-26 08:00:00,8,,2.4
2022-07-26 09:00:00,9,48.2,3.4
2022-07-26 10:00:00,10,669.3,4.2
2022-07-26 11:00:00,11,1606.7,5.0
2022-07-26 12:00:00,12,2256.2,4.6
2022-07-26 13:00:00,13,2586.8,5.0
2022-07-26 14:00:00,14,3032.6,5.2
2022-07-26 15:00:00,15,3131.2,5.8
2022-07-26 16:00:00,16,2910.8,5.6
2022-07-26 17:00:00,17,2552.0,6.3
2022-07-26 18:00:00,18,1999.5,5.6
2022-07-26 19:00:00,19,721.2,5.4
2022-07-26 20:00:00,20,165.8,4.9
2022-07-26 21:00:00,21,5.8,4.1
2022-07-26 22:00:00,22,,4.4
2022-07-26 23:00:00,23,,3.7
2022-07-27 00:00:00,0,,3.6
2022-07-27 01:00:00,1,,3.7
2022-07-27 02:00:00,2,,3.1
2022-07-27 03:00:00,3,,2.6
2022-07-27 04:00:00,4,,3.9
2022-07-27 05:00:00,5,,2.1
2022-07-27 06:00:00,6,,2.8
2022-07-27 07:00:00,7,,2.2
2022-07-27 08:00:00,8,,1.1
2022-07-27 09:00:00,9,63.0,2.6
2022-07-27 10:00:00,10,396.7,2.9
2022-07-27 11:00:00,11,1179.5,3.6
2022-07-27 12:00:00,12,2170.3,3.7
2022-07-27 13:00:00,13,1550.8,5.3
2022-07-27 14:00:00,14,1975.9,4.7
2022-07-27 15:00:00,15,2160.0,5.4
2022-07-27 16:00:00,16,3097.1,5.8
2022-07-27 17:00:00,17,2585.3,6.6
2022-07-27 18:00:00,18,1716.8,5.3
2022-07-27 19:00:00,19,799.5,4.8
2022-07-27 20:00:00,20,201.5,4.2
2022-07-27 21:00:00,21,7.3,3.8
2022-07-27 22:00:00,22,,3.5
2022-07-27 23:00:00,23,,3.3
2022-07-28 00:00:00,0,,3.1
2022-07-28 01:00:00,1,,2.8
2022-07-28 02:00:00,2,,3.3
2022-07-28 03:00:00,3,,3.3
2022-07-28 04:00:00,4,,3.0
2022-07-28 05:00:00,5,,3.4
2022-07-28 06:00:00,6,,3.1
2022-07-28 07:00:00,7,,2.9
2022-07-28 08:00:00,8,,3.1
2022-07-28 09:00:00,9,58.1,3.1
2022-07-28 10:00:00,10,769.7,3.6
2022-07-28 11:00:00,11,1570.6,4.7
2022-07-28 12:00:00,12,2226.2,5.2
2022-07-28 13:00:00,13,2489.7,6.2
2022-07-28 14:00:00,14,3059.6,5.7
2022-07-28 15:00:00,15,2667.9,6.1
2022-07-28 16:00:00,16,2953.0,5.8
2022-07-28 17:00:00,17,2527.5,5.6
2022-07-28 18:00:00,18,2009.7,5.9
2022-07-28 19:00:00,19,711.4,5.6
2022-07-28 20:00:00,20,175.3,4.5
2022-07-28 21:00:00,21,9.2,4.3
2022-07-28 22:00:00,22,,4.5
2022-07-28 23:00:00,23,,3.4
2022-07-29 00:00:00,0,,2.7
2022-07-29 01:00:00,1,,2.9
2022-07-29 02:00:00,2,,2.5
2022-07-29 03:00:00,3,,1.8
2022-07-29 04:00:00,4,,2.4
2022-07-29 05:00:00,5,,1.9
2022-07-29 06:00:00,6,,2.3
2022-07-29 07:00:00,7,,2.4
2022-07-29 08:00:00,8,,3.0
2022-07-29 09:00:00,9,70.7,2.6
2022-07-29 10:00:00,10,742.3,2.8
2022-07-29 11:00:00,11,1541.7,4.0
2022-07-29 12:00:00,12,1576.4,3.8
2022-07-29 13:00:00,13,1677.1,3.6
2022-07-29 14:00:00,14,1906.9,4.8
2022-07-29 15:00:00,15,1013.0,5.4
2022-07-29 16:00:00,16,1163.1,4.9
2022-07-29 17:00:00,17,1113.7,4.8
2022-07-29 18:00:00,18,1152.2,4.8
2022-07-29 19:00:00,19,764.9,4.6
2022-07-29 20:00:00,20,225.9,3.3
2022-07-29 21:00:00,21,13.4,4.4
2022-07-29 22:00:00,22,,3.4
2022-07-29 23:00:00,23,,2.4
2022-07-30 00:00:00,0,,3.1
2022-07-30 01:00:00,1,,4.0
2022-07-30 02:00:00,2,,3.3
2022-07-30 03:00:00,3,,4.0
2022-07-30 04:00:00,4,0.4,3.1
2022-07-30 05:00:00,5,,2.4
2022-07-30 06:00:00,6,,2.9
2022-07-30 07:00:00,7,0.0,3.6
2022-07-30 08:00:00,8,,3.5
2022-07-30 09:00:00,9,2.6,3.6
2022-07-30 10:00:00,10,57.0,2.9
2022-07-30 11:00:00,11,405.9,1.2
2022-07-30 12:00:00,12,1729.1,2.3
2022-07-30 13:00:00,13,1910.8,2.6
2022-07-30 14:00:00,14,1679.9,2.3
2022-07-30 15:00:00,15,2191.6,2.8
2022-07-30 16:00:00,16,1649.3,3.2
2022-07-30 17:00:00,17,1363.0,2.5
2022-07-30 18:00:00,18,903.9,2.6
2022-07-30 19:00:00,19,646.0,2.6
2022-07-30 20:00:00,20,215.4,2.0
2022-07-30 21:00:00,21,8.1,2.3
2022-07-30 22:00:00,22,,2.7
2022-07-30 23:00:00,23,,2.1
2022-07-31 00:00:00,0,,3.2
2022-07-31 01:00:00,1,,3.6
2022-07-31 02:00:00,2,,3.9
2022-07-31 03:00:00,3,,3.5
2022-07-31 04:00:00,4,,1.2
2022-07-31 05:00:00,5,,1.0
2022-07-31 06:00:00,6,,1.0
2022-07-31 07:00:00,7,,2.6
2022-07-31 08:00:00,8,,2.0
2022-07-31 09:00:00,9,35.5,1.6
2022-07-31 10:00:00,10,327.8,1.5
2022-07-31 11:00:00,11,606.8,2.5
2022-07-31 12:00:00,12,1299.8,2.1
2022-07-31 13:00:00,13,2319.3,3.0
2022-07-31 14:00:00,14,2661.8,3.7
2022-07-31 15:00:00,15,1200.9,3.8
2022-07-31 16:00:00,16,998.0,5.6
2022-07-31 17:00:00,17,700.3,7.6
2022-07-31 18:00:00,18,736.8,4.2
2022-07-31 19:00:00,19,475.8,3.7
2022-07-31 20:00:00,20,230.2,3.9
2022-07-31 21:00:00,21,7.3,3.8
2022-07-31 22:00:00,22,,3.6
2022-07-31 23:00:00,23,,4.3
2022-08-01 00:00:00,0,,4.1
2022-08-01 01:00:00,1,,3.1
2022-08-01 02:00:00,2,,3.8
2022-08-01 03:00:00,3,,3.3
2022-08-01 04:00:00,4,,3.4
2022-08-01 05:00:00,5,,2.5
2022-08-01 06:00:00,6,,2.9
2022-08-01 07:00:00,7,,2.7
2022-08-01 08:00:00,8,,2.6
2022-08-01 09:00:00,9,53.5,2.1
2022-08-01 10:00:00,10,641.7,2.7
2022-08-01 11:00:00,11,1065.5,4.0
2022-08-01 12:00:00,12,2528.8,6.0
2022-08-01 13:00:00,13,2525.4,5.8
2022-08-01 14:00:00,14,2105.3,4.7
2022-08-01 15:00:00,15,2290.5,5.7
2022-08-01 16:00:00,16,2326.8,5.0
2022-08-01 17:00:00,17,2256.0,7.4
2022-08-01 18:00:00,18,1960.9,5.5
2022-08-01 19:00:00,19,736.7,4.8
2022-08-01 20:00:00,20,173.3,4.7
2022-08-01 21:00:00,21,12.4,5.1
2022-08-01 22:00:00,22,,5.1
2022-08-01 23:00:00,23,,3.6
2022-08-02 00:00:00,0,,3.9
2022-08-02 01:00:00,1,,4.0
2022-08-02 02:00:00,2,,3.6
2022-08-02 03:00:00,3,,3.1
2022-08-02 04:00:00,4,,2.7
2022-08-02 05:00:00,5,,2.9
2022-08-02 06:00:00,6,,3.6
2022-08-02 07:00:00,7,,2.7
2022-08-02 08:00:00,8,,2.7
2022-08-02 09:00:00,9,13.7,2.9
2022-08-02 10:00:00,10,124.7,2.5
2022-08-02 11:00:00,11,362.5,2.6
2022-08-02 12:00:00,12,1641.7,3.1
2022-08-02 13:00:00,13,2005.0,1.6
2022-08-02 14:00:00,14,1606.0,2.5
2022-08-02 15:00:00,15,2012.3,1.7
2022-08-02 16:00:00,16,2367.0,2.1
2022-08-02 17:00:00,17,1525.5,2.4
2022-08-02 18:00:00,18,1444.8,2.4
2022-08-02 19:00:00,19,737.5,2.4
2022-08-02 20:00:00,20,158.9,1.6
2022-08-02 21:00:00,21,8.1,1.7
2022-08-02 22:00:00,22,,1.6
2022-08-02 23:00:00,23,,1.0
2022-08-03 00:00:00,0,,1.2
2022-08-03 01:00:00,1,,0.9
2022-08-03 02:00:00,2,,1.3
2022-08-03 03:00:00,3,,1.0
2022-08-03 04:00:00,4,,1.0
2022-08-03 05:00:00,5,,1.2
2022-08-03 06:00:00,6,,0.4
2022-08-03 07:00:00,7,,0.7
2022-08-03 08:00:00,8,,0.8
2022-08-03 09:00:00,9,10.8,1.5
2022-08-03 10:00:00,10,109.4,2.1
2022-08-03 11:00:00,11,453.4,1.0
2022-08-03 12:00:00,12,1666.7,1.1
2022-08-03 13:00:00,13,2440.2,3.0
2022-08-03 14:00:00,14,2709.6,2.9
2022-08-03 15:00:00,15,2909.2,3.1
2022-08-03 16:00:00,16,2486.7,3.1
2022-08-03 17:00:00,17,1458.0,2.3
2022-08-03 18:00:00,18,1712.8,2.2
2022-08-03 19:00:00,19,729.2,3.1
2022-08-03 20:00:00,20,198.2,2.0
2022-08-03 21:00:00,21,6.7,2.0
2022-08-03 22:00:00,22,,2.3
2022-08-03 23:00:00,23,,2.9
2022-08-04 00:00:00,0,,2.3
2022-08-04 01:00:00,1,,1.6
2022-08-04 02:00:00,2,,1.3
2022-08-04 03:00:00,3,,2.0
2022-08-04 04:00:00,4,3.0,0.9
2022-08-04 05:00:00,5,2.6,3.1
2022-08-04 06:00:00,6,,2.4
2022-08-04 07:00:00,7,0.0,0.8
2022-08-04 08:00:00,8,,0.7
2022-08-04 09:00:00,9,12.9,1.0
2022-08-04 10:00:00,10,236.6,4.5
2022-08-04 11:00:00,11,439.2,2.8
2022-08-04 12:00:00,12,2084.8,4.6
2022-08-04 13:00:00,13,2360.6,4.6
2022-08-04 14:00:00,14,2464.1,5.2
2022-08-04 15:00:00,15,2592.0,5.2
2022-08-04 16:00:00,16,2994.0,5.9
2022-08-04 17:00:00,17,2638.0,4.7
2022-08-04 18:00:00,18,1971.2,5.3
2022-08-04 19:00:00,19,682.1,4.5
2022-08-04 20:00:00,20,169.6,4.8
2022-08-04 21:00:00,21,8.6,3.4
2022-08-04 22:00:00,22,,3.6
2022-08-04 23:00:00,23,,3.3
2022-08-05 00:00:00,0,,2.9
2022-08-05 01:00:00,1,,5.2
2022-08-05 02:00:00,2,0.4,2.2
2022-08-05 03:00:00,3,,2.3
2022-08-05 04:00:00,4,,2.1
2022-08-05 05:00:00,5,,1.8
2022-08-05 06:00:00,6,,2.9
2022-08-05 07:00:00,7,,2.5
2022-08-05 08:00:00,8,0.1,2.5
2022-08-05 09:00:00,9,19.0,1.4
2022-08-05 10:00:00,10,403.0,2.2
2022-08-05 11:00:00,11,1315.7,2.5
2022-08-05 12:00:00,12,2135.9,4.3
2022-08-05 13:00:00,13,2638.4,6.0
2022-08-05 14:00:00,14,3165.9,6.3
2022-08-05 15:00:00,15,3116.1,6.0
2022-08-05 16:00:00,16,3046.1,6.9
2022-08-05 17:00:00,17,2527.5,5.9
2022-08-05 18:00:00,18,2089.5,5.6
2022-08-05 19:00:00,19,705.5,5.3
2022-08-05 20:00:00,20,164.6,4.7
2022-08-05 21:00:00,21,10.3,3.9
2022-08-05 22:00:00,22,,2.9
2022-08-05 23:00:00,23,,2.9
2022-08-06 00:00:00,0,,2.7
2022-08-06 01:00:00,1,,2.7
2022-08-06 02:00:00,2,,2.1
2022-08-06 03:00:00,3,,2.5
2022-08-06 04:00:00,4,,2.4
2022-08-06 05:00:00,5,,2.1
2022-08-06 06:00:00,6,,2.2
2022-08-06 07:00:00,7,,2.0
2022-08-06 08:00:00,8,,2.8
2022-08-06 09:00:00,9,72.5,2.8
2022-08-06 10:00:00,10,735.4,3.7
2022-08-06 11:00:00,11,1465.2,3.6
2022-08-06 12:00:00,12,2224.3,3.2
2022-08-06 13:00:00,13,2748.1,6.3
2022-08-06 14:00:00,14,3057.8,5.5
2022-08-06 15:00:00,15,3194.9,6.1
2022-08-06 16:00:00,16,1986.7,5.3
2022-08-06 17:00:00,17,2205.6,6.3
2022-08-06 18:00:00,18,2017.0,5.9
2022-08-06 19:00:00,19,566.2,4.3
2022-08-06 20:00:00,20,220.8,4.4
2022-08-06 21:00:00,21,9.1,4.6
2022-08-06 22:00:00,22,0.6,3.1
2022-08-06 23:00:00,23,,3.3
2022-08-07 00:00:00,0,,2.9
2022-08-07 01:00:00,1,,2.7
2022-08-07 02:00:00,2,,2.6
2022-08-07 03:00:00,3,,2.9
2022-08-07 04:00:00,4,,2.7
2022-08-07 05:00:00,5,,3.8
2022-08-07 06:00:00,6,,2.0
2022-08-07 07:00:00,7,,3.0
2022-08-07 08:00:00,8,,1.6
2022-08-07 09:00:00,9,72.3,2.0
2022-08-07 10:00:00,10,362.0,1.5
2022-08-07 11:00:00,11,1236.1,1.5
2022-08-07 12:00:00,12,1403.5,3.7
2022-08-07 13:00:00,13,2714.8,5.6
2022-08-07 14:00:00,14,3082.2,5.1
2022-08-07 15:00:00,15,3277.1,5.0
2022-08-07 16:00:00,16,3045.8,4.7
2022-08-07 17:00:00,17,2634.4,5.8
2022-08-07 18:00:00,18,2082.3,6.0
2022-08-07 19:00:00,19,687.2,5.3
2022-08-07 20:00:00,20,200.1,4.7
2022-08-07 21:00:00,21,13.4,4.7
2022-08-07 22:00:00,22,,4.3
2022-08-07 23:00:00,23,,4.1
2022-08-08 00:00:00,0,,4.6
2022-08-08 01:00:00,1,,2.9
2022-08-08 02:00:00,2,,2.6
2022-08-08 03:00:00,3,,2.3
2022-08-08 04:00:00,4,,2.7
2022-08-08 05:00:00,5,,2.3
2022-08-08 06:00:00,6,,2.7
2022-08-08 07:00:00,7,,2.4
2022-08-08 08:00:00,8,,2.0
2022-08-08 09:00:00,9,44.3,2.2
2022-08-08 10:00:00,10,810.4,3.2
2022-08-08 11:00:00,11,1521.5,4.2
2022-08-08 12:00:00,12,2264.4,5.1
2022-08-08 13:00:00,13,2715.3,7.6
2022-08-08 14:00:00,14,2864.3,6.5
2022-08-08 15:00:00,15,3088.4,5.8
2022-08-08 16:00:00,16,2992.4,6.5
2022-08-08 17:00:00,17,2552.7,7.0
2022-08-08 18:00:00,18,2061.1,7.2
2022-08-08 19:00:00,19,682.4,6.3
2022-08-08 20:00:00,20,193.7,5.6
2022-08-08 21:00:00,21,13.5,5.0
2022-08-08 22:00:00,22,,4.4
2022-08-08 23:00:00,23,,4.2
2022-08-09 00:00:00,0,,4.1
2022-08-09 01:00:00,1,,3.3
2022-08-09 02:00:00,2,,2.8
2022-08-09 03:00:00,3,,2.5
2022-08-09 04:00:00,4,0.5,2.3
2022-08-09 05:00:00,5,,1.1
2022-08-09 06:00:00,6,,1.7
2022-08-09 07:00:00,7,,2.1
2022-08-09 08:00:00,8,,1.7
2022-08-09 09:00:00,9,35.0,2.2
2022-08-09 10:00:00,10,835.1,2.5
2022-08-09 11:00:00,11,1370.6,3.0
2022-08-09 12:00:00,12,2317.8,4.5
2022-08-09 13:00:00,13,2739.8,5.3
2022-08-09 14:00:00,14,3268.4,5.7
2022-08-09 15:00:00,15,3197.0,5.5
2022-08-09 16:00:00,16,2759.0,5.9
2022-08-09 17:00:00,17,2565.8,5.0
2022-08-09 18:00:00,18,2022.4,5.3
2022-08-09 19:00:00,19,810.3,4.9
2022-08-09 20:00:00,20,214.0,4.5
2022-08-09 21:00:00,21,13.7,4.7
2022-08-09 22:00:00,22,,4.3
2022-08-09 23:00:00,23,,4.3
2022-08-10 00:00:00,0,,4.2
2022-08-10 01:00:00,1,,3.7
2022-08-10 02:00:00,2,,3.8
2022-08-10 03:00:00,3,,1.7
2022-08-10 04:00:00,4,,1.9
2022-08-10 05:00:00,5,,2.7
2022-08-10 06:00:00,6,,1.8
2022-08-10 07:00:00,7,,1.8
2022-08-10 08:00:00,8,,2.5
2022-08-10 09:00:00,9,86.6,2.3
2022-08-10 10:00:00,10,834.3,3.4
2022-08-10 11:00:00,11,1646.6,4.0
2022-08-10 12:00:00,12,2378.1,5.5
2022-08-10 13:00:00,13,2568.8,5.4
2022-08-10 14:00:00,14,3175.0,5.3
2022-08-10 15:00:00,15,3225.8,4.6
2022-08-10 16:00:00,16,2979.3,4.9
2022-08-10 17:00:00,17,2586.2,5.5
2022-08-10 18:00:00,18,2049.2,5.1
2022-08-10 19:00:00,19,676.9,5.2
2022-08-10 20:00:00,20,182.4,4.1
2022-08-10 21:00:00,21,10.7,3.1
2022-08-10 22:00:00,22,,3.6
2022-08-10 23:00:00,23,,2.7
2022-08-11 00:00:00,0,,2.9
2022-08-11 01:00:00,1,,3.2
2022-08-11 02:00:00,2,,2.5
2022-08-11 03:00:00,3,,1.9
2022-08-11 04:00:00,4,,2.2
2022-08-11 05:00:00,5,,2.1
2022-08-11 06:00:00,6,,2.3
2022-08-11 07:00:00,7,,2.1
2022-08-11 08:00:00,8,,1.8
2022-08-11 09:00:00,9,63.3,1.7
2022-08-11 10:00:00,10,739.6,3.5
2022-08-11 11:00:00,11,1611.6,3.0
2022-08-11 12:00:00,12,2364.2,5.1
2022-08-11 13:00:00,13,2554.5,4.5
2022-08-11 14:00:00,14,3129.7,4.7
2022-08-11 15:00:00,15,3187.3,4.0
2022-08-11 16:00:00,16,2948.2,4.6
2022-08-11 17:00:00,17,2553.9,4.1
2022-08-11 18:00:00,18,1956.1,4.6
2022-08-11 19:00:00,19,537.8,4.4
2022-08-11 20:00:00,20,155.9,4.0
2022-08-11 21:00:00,21,11.9,3.6
2022-08-11 22:00:00,22,,3.1
2022-08-11 23:00:00,23,,3.1
2022-08-12 00:00:00,0,,3.5
2022-08-12 01:00:00,1,,3.0
2022-08-12 02:00:00,2,,3.4
2022-08-12 03:00:00,3,,2.7
2022-08-12 04:00:00,4,,2.8
2022-08-12 05:00:00,5,,3.4
2022-08-12 06:00:00,6,,3.4
2022-08-12 07:00:00,7,,3.5
2022-08-12 08:00:00,8,,3.1
2022-08-12 09:00:00,9,42.0,2.5
2022-08-12 10:00:00,10,464.9,2.2
2022-08-12 11:00:00,11,1133.8,2.4
2022-08-12 12:00:00,12,2182.1,5.0
2022-08-12 13:00:00,13,2705.5,4.7
2022-08-12 14:00:00,14,3340.0,5.6
2022-08-12 15:00:00,15,3318.0,5.5
2022-08-12 16:00:00,16,3100.3,4.9
2022-08-12 17:00:00,17,2614.7,5.1
2022-08-12 18:00:00,18,1981.5,6.0
2022-08-12 19:00:00,19,653.0,5.1
2022-08-12 20:00:00,20,224.3,4.9
2022-08-12 21:00:00,21,10.0,4.8
2022-08-12 22:00:00,22,,4.7
2022-08-12 23:00:00,23,,4.5
2022-08-13 00:00:00,0,,5.0
2022-08-13 01:00:00,1,,5.1
2022-08-13 02:00:00,2,,5.1
2022-08-13 03:00:00,3,,5.1
2022-08-13 04:00:00,4,,4.6
2022-08-13 05:00:00,5,,4.8
2022-08-13 06:00:00,6,,5.0
2022-08-13 07:00:00,7,,4.4
2022-08-13 08:00:00,8,,4.7
2022-08-13 09:00:00,9,82.9,4.3
2022-08-13 10:00:00,10,697.5,3.0
2022-08-13 11:00:00,11,1551.6,5.7
2022-08-13 12:00:00,12,2275.4,5.3
2022-08-13 13:00:00,13,2663.3,5.9
2022-08-13 14:00:00,14,3111.8,5.4
2022-08-13 15:00:00,15,3107.3,6.4
2022-08-13 16:00:00,16,2927.2,7.7
2022-08-13 17:00:00,17,2464.2,6.9
2022-08-13 18:00:00,18,1961.6,7.6
2022-08-13 19:00:00,19,741.5,6.6
2022-08-13 20:00:00,20,286.5,7.3
2022-08-13 21:00:00,21,9.8,4.7
2022-08-13 22:00:00,22,,6.6
2022-08-13 23:00:00,23,,5.5
2022-08-14 00:00:00,0,,3.6
2022-08-14 01:00:00,1,,3.8
2022-08-14 02:00:00,2,,4.2
2022-08-14 03:00:00,3,,5.8
2022-08-14 04:00:00,4,,3.4
2022-08-14 05:00:00,5,0.9,3.1
2022-08-14 06:00:00,6,,2.3
2022-08-14 07:00:00,7,,2.1
2022-08-14 08:00:00,8,,2.3
2022-08-14 09:00:00,9,64.9,3.1
2022-08-14 10:00:00,10,700.3,3.4
2022-08-14 11:00:00,11,1604.4,5.0
2022-08-14 12:00:00,12,2172.4,5.7
2022-08-14 13:00:00,13,2146.0,5.4
2022-08-14 14:00:00,14,2991.4,6.1
2022-08-14 15:00:00,15,2800.0,6.2
2022-08-14 16:00:00,16,2588.9,7.8
2022-08-14 17:00:00,17,2425.1,5.5
2022-08-14 18:00:00,18,1872.4,7.1
2022-08-14 19:00:00,19,820.2,6.8
2022-08-14 20:00:00,20,252.5,5.8
2022-08-14 21:00:00,21,13.7,4.7
2022-08-14 22:00:00,22,,4.0
2022-08-14 23:00:00,23,,3.9
2022-08-15 00:00:00,0,,3.2
2022-08-15 01:00:00,1,,3.4
2022-08-15 02:00:00,2,,2.8
2022-08-15 03:00:00,3,,3.1
2022-08-15 04:00:00,4,,3.3
2022-08-15 05:00:00,5,,2.8
2022-08-15 06:00:00,6,,2.9
2022-08-15 07:00:00,7,,3.2
2022-08-15 08:00:00,8,,2.9
2022-08-15 09:00:00,9,78.1,2.6
2022-08-15 10:00:00,10,819.3,3.5
2022-08-15 11:00:00,11,1707.7,4.1
2022-08-15 12:00:00,12,2416.3,6.2
2022-08-15 13:00:00,13,2800.3,6.9
2022-08-15 14:00:00,14,3123.1,8.1
2022-08-15 15:00:00,15,3363.5,6.9
2022-08-15 16:00:00,16,3163.7,6.8
2022-08-15 17:00:00,17,2732.3,6.6
2022-08-15 18:00:00,18,2115.0,7.5
2022-08-15 19:00:00,19,744.1,5.2
2022-08-15 20:00:00,20,212.6,5.0
2022-08-15 21:00:00,21,9.0,3.9
2022-08-15 22:00:00,22,,3.7
2022-08-15 23:00:00,23,,3.4
2022-08-16 00:00:00,0,,3.3
2022-08-16 01:00:00,1,,2.5
2022-08-16 02:00:00,2,,3.0
2022-08-16 03:00:00,3,,2.6
2022-08-16 04:00:00,4,,2.7
2022-08-16 05:00:00,5,,3.8
2022-08-16 06:00:00,6,,2.9
2022-08-16 07:00:00,7,,2.5
2022-08-16 08:00:00,8,,2.5
2022-08-16 09:00:00,9,34.0,2.4
2022-08-16 10:00:00,10,616.1,3.4
2022-08-16 11:00:00,11,1723.1,4.3
2022-08-16 12:00:00,12,2419.9,6.1
2022-08-16 13:00:00,13,2822.3,6.6
2022-08-16 14:00:00,14,3273.8,6.5
2022-08-16 15:00:00,15,3328.8,6.4
2022-08-16 16:00:00,16,3068.1,7.3
2022-08-16 17:00:00,17,2666.2,6.5
2022-08-16 18:00:00,18,2077.6,6.3
2022-08-16 19:00:00,19,923.0,6.8
2022-08-16 20:00:00,20,277.0,6.7
2022-08-16 21:00:00,21,13.6,5.5
2022-08-16 22:00:00,22,,4.9
2022-08-16 23:00:00,23,,4.7
2022-08-17 00:00:00,0,,4.3
2022-08-17 01:00:00,1,,2.6
2022-08-17 02:00:00,2,,2.4
2022-08-17 03:00:00,3,,2.6
2022-08-17 04:00:00,4,,1.3
2022-08-17 05:00:00,5,,2.1
2022-08-17 06:00:00,6,,1.9
2022-08-17 07:00:00,7,,2.0
2022-08-17 08:00:00,8,,1.0
2022-08-17 09:00:00,9,81.4,1.6
2022-08-17 10:00:00,10,576.5,2.0
2022-08-17 11:00:00,11,1404.0,3.0
2022-08-17 12:00:00,12,2101.8,5.7
2022-08-17 13:00:00,13,2496.8,6.7
2022-08-17 14:00:00,14,3414.0,7.8
2022-08-17 15:00:00,15,3062.6,6.9
2022-08-17 16:00:00,16,2788.7,5.8
2022-08-17 17:00:00,17,1859.0,5.8
2022-08-17 18:00:00,18,1415.0,5.8
2022-08-17 19:00:00,19,735.9,7.4
2022-08-17 20:00:00,20,297.1,6.5
2022-08-17 21:00:00,21,8.7,8.2
2022-08-17 22:00:00,22,,4.7
2022-08-17 23:00:00,23,,4.8
2022-08-18 00:00:00,0,,3.8
2022-08-18 01:00:00,1,,3.3
2022-08-18 02:00:00,2,,3.0
2022-08-18 03:00:00,3,,3.0
2022-08-18 04:00:00,4,,2.7
2022-08-18 05:00:00,5,,2.7
2022-08-18 06:00:00,6,,1.6
2022-08-18 07:00:00,7,,2.6
2022-08-18 08:00:00,8,,2.8
2022-08-18 09:00:00,9,79.7,3.1
2022-08-18 10:00:00,10,839.1,4.5
2022-08-18 11:00:00,11,1708.7,5.2
2022-08-18 12:00:00,12,2389.0,5.7
2022-08-18 13:00:00,13,2927.7,7.0
2022-08-18 14:00:00,14,3225.7,6.8
2022-08-18 15:00:00,15,3276.2,6.6
2022-08-18 16:00:00,16,2857.3,6.9
2022-08-18 17:00:00,17,2576.5,7.8
2022-08-18 18:00:00,18,1980.6,6.4
2022-08-18 19:00:00,19,814.6,6.0
2022-08-18 20:00:00,20,250.2,6.0
2022-08-18 21:00:00,21,11.4,4.7
2022-08-18 22:00:00,22,,4.2
2022-08-18 23:00:00,23,,4.1
2022-08-19 00:00:00,0,,4.0
2022-08-19 01:00:00,1,,3.0
2022-08-19 02:00:00,2,,2.8
2022-08-19 03:00:00,3,,2.3
2022-08-19 04:00:00,4,,3.2
2022-08-19 05:00:00,5,,3.6
2022-08-19 06:00:00,6,,3.2
2022-08-19 07:00:00,7,,3.1
2022-08-19 08:00:00,8,,2.9
2022-08-19 09:00:00,9,100.6,3.1
2022-08-19 10:00:00,10,875.6,3.5
2022-08-19 11:00:00,11,1748.9,5.1
2022-08-19 12:00:00,12,2349.0,5.0
2022-08-19 13:00:00,13,2983.5,7.3
2022-08-19 14:00:00,14,3320.8,6.7
2022-08-19 15:00:00,15,3363.4,6.6
2022-08-19 16:00:00,16,3085.0,7.2
2022-08-19 17:00:00,17,2644.2,6.4
2022-08-19 18:00:00,18,2071.0,7.2
2022-08-19 19:00:00,19,879.6,7.5
2022-08-19 20:00:00,20,243.3,6.0
2022-08-19 21:00:00,21,11.6,6.3
2022-08-19 22:00:00,22,,7.0
2022-08-19 23:00:00,23,,6.6
2022-08-20 00:00:00,0,,5.7
2022-08-20 01:00:00,1,,4.8
2022-08-20 02:00:00,2,,3.0
2022-08-20 03:00:00,3,,3.8
2022-08-20 04:00:00,4,,4.0
2022-08-20 05:00:00,5,,2.6
2022-08-20 06:00:00,6,,2.5
2022-08-20 07:00:00,7,,2.9
2022-08-20 08:00:00,8,,4.3
2022-08-20 09:00:00,9,122.9,4.2
2022-08-20 10:00:00,10,662.9,4.8
2022-08-20 11:00:00,11,1639.0,4.6
2022-08-20 12:00:00,12,2247.6,6.1
2022-08-20 13:00:00,13,2957.4,8.1
2022-08-20 14:00:00,14,3291.9,9.2
2022-08-20 15:00:00,15,3344.0,9.0
2022-08-20 16:00:00,16,3129.8,7.1
2022-08-20 17:00:00,17,2686.3,7.3
2022-08-20 18:00:00,18,1980.4,7.4
2022-08-20 19:00:00,19,784.8,7.6
2022-08-20 20:00:00,20,279.3,6.0
2022-08-20 21:00:00,21,17.7,6.1
2022-08-20 22:00:00,22,,6.4
2022-08-20 23:00:00,23,,3.9
2022-08-21 00:00:00,0,,4.4
2022-08-21 01:00:00,1,,4.3
2022-08-21 02:00:00,2,,3.2
2022-08-21 03:00:00,3,,3.1
2022-08-21 04:00:00,4,,3.4
2022-08-21 05:00:00,5,,3.1
2022-08-21 06:00:00,6,,3.0
2022-08-21 07:00:00,7,,3.8
2022-08-21 08:00:00,8,,3.6
2022-08-21 09:00:00,9,102.2,2.8
2022-08-21 10:00:00,10,884.8,3.6
2022-08-21 11:00:00,11,1762.0,4.4
2022-08-21 12:00:00,12,2402.4,4.6
2022-08-21 13:00:00,13,2962.0,6.0
2022-08-21 14:00:00,14,3347.2,6.7
2022-08-21 15:00:00,15,3358.2,6.9
2022-08-21 16:00:00,16,3087.7,7.5
2022-08-21 17:00:00,17,2666.9,8.0
2022-08-21 18:00:00,18,2097.9,6.4
2022-08-21 19:00:00,19,908.1,6.0
2022-08-21 20:00:00,20,241.2,4.7
2022-08-21 21:00:00,21,11.6,5.1
2022-08-21 22:00:00,22,,4.5
2022-08-21 23:00:00,23,,3.6
2022-08-22 00:00:00,0,,3.6
2022-08-22 01:00:00,1,,3.3
2022-08-22 02:00:00,2,,3.4
2022-08-22 03:00:00,3,,3.4
2022-08-22 04:00:00,4,,2.6
2022-08-22 05:00:00,5,,3.2
2022-08-22 06:00:00,6,,3.1
2022-08-22 07:00:00,7,,3.5
2022-08-22 08:00:00,8,,3.1
2022-08-22 09:00:00,9,79.3,2.5
2022-08-22 10:00:00,10,759.8,4.1
2022-08-22 11:00:00,11,881.2,4.4
2022-08-22 12:00:00,12,1488.3,4.7
2022-08-22 13:00:00,13,1627.6,4.7
2022-08-22 14:00:00,14,1783.4,4.1
2022-08-22 15:00:00,15,2354.1,6.7
2022-08-22 16:00:00,16,2723.5,5.9
2022-08-22 17:00:00,17,2248.6,7.1
2022-08-22 18:00:00,18,1254.5,7.0
2022-08-22 19:00:00,19,452.8,6.5
2022-08-22 20:00:00,20,180.9,5.8
2022-08-22 21:00:00,21,12.4,5.6
2022-08-22 22:00:00,22,0.5,5.0
2022-08-22 23:00:00,23,,4.2
2022-08-23 00:00:00,0,0.0,4.7
2022-08-23 01:00:00,1,,4.6
2022-08-23 02:00:00,2,,4.5
2022-08-23 03:00:00,3,,4.2
2022-08-23 04:00:00,4,,4.4
2022-08-23 05:00:00,5,,4.8
2022-08-23 06:00:00,6,0.3,2.4
2022-08-23 07:00:00,7,,2.7
2022-08-23 08:00:00,8,,2.6
2022-08-23 09:00:00,9,5.3,1.6
2022-08-23 10:00:00,10,18.5,3.4
2022-08-23 11:00:00,11,109.1,3.8
2022-08-23 12:00:00,12,105.5,3.0
2022-08-23 13:00:00,13,493.1,3.1
2022-08-23 14:00:00,14,556.1,3.9
2022-08-23 15:00:00,15,649.7,3.2
2022-08-23 16:00:00,16,442.3,3.3
2022-08-23 17:00:00,17,499.7,4.4
2022-08-23 18:00:00,18,219.8,3.4
2022-08-23 19:00:00,19,192.5,5.0
2022-08-23 20:00:00,20,87.9,4.7
2022-08-23 21:00:00,21,7.4,4.3
2022-08-23 22:00:00,22,0.0,3.3
2022-08-23 23:00:00,23,0.8,2.8
2022-08-24 00:00:00,0,0.1,3.1
2022-08-24 01:00:00,1,0.3,2.5
2022-08-24 02:00:00,2,0.6,3.5
2022-08-24 03:00:00,3,,3.8
2022-08-24 04:00:00,4,0.1,4.2
2022-08-24 05:00:00,5,0.2,3.6
2022-08-24 06:00:00,6,0.3,2.6
2022-08-24 07:00:00,7,,3.0
2022-08-24 08:00:00,8,,2.8
2022-08-24 09:00:00,9,29.0,2.5
2022-08-24 10:00:00,10,300.6,3.3
2022-08-24 11:00:00,11,695.4,3.4
2022-08-24 12:00:00,12,1553.3,4.5
2022-08-24 13:00:00,13,2741.8,6.2
2022-08-24 14:00:00,14,3487.8,7.1
2022-08-24 15:00:00,15,3481.9,6.9
2022-08-24 16:00:00,16,2981.0,6.6
2022-08-24 17:00:00,17,2652.8,6.7
2022-08-24 18:00:00,18,2080.1,7.8
2022-08-24 19:00:00,19,930.6,6.8
2022-08-24 20:00:00,20,240.7,5.9
2022-08-24 21:00:00,21,10.6,5.2
2022-08-24 22:00:00,22,,5.5
2022-08-24 23:00:00,23,,4.6
2022-08-25 00:00:00,0,,4.5
2022-08-25 01:00:00,1,,4.0
2022-08-25 02:00:00,2,,3.2
2022-08-25 03:00:00,3,,3.5
2022-08-25 04:00:00,4,,3.3
2022-08-25 05:00:00,5,,3.5
2022-08-25 06:00:00,6,,3.2
2022-08-25 07:00:00,7,,2.9
2022-08-25 08:00:00,8,,3.9
2022-08-25 09:00:00,9,101.1,3.5
2022-08-25 10:00:00,10,861.1,4.5
2022-08-25 11:00:00,11,1733.7,5.1
2022-08-25 12:00:00,12,2369.2,7.3
2022-08-25 13:00:00,13,2669.9,7.8
2022-08-25 14:00:00,14,3420.9,6.1
2022-08-25 15:00:00,15,3080.4,6.9
2022-08-25 16:00:00,16,3058.6,7.0
2022-08-25 17:00:00,17,2769.6,7.6
2022-08-25 18:00:00,18,2161.1,7.0
2022-08-25 19:00:00,19,946.3,6.3
2022-08-25 20:00:00,20,262.0,3.9
2022-08-25 21:00:00,21,8.5,5.1
2022-08-25 22:00:00,22,,4.4
2022-08-25 23:00:00,23,,3.6
2022-08-26 00:00:00,0,,3.8
2022-08-26 01:00:00,1,,2.9
2022-08-26 02:00:00,2,,2.2
2022-08-26 03:00:00,3,,3.0
2022-08-26 04:00:00,4,,3.9
2022-08-26 05:00:00,5,,3.6
2022-08-26 06:00:00,6,,3.7
2022-08-26 07:00:00,7,,3.2
2022-08-26 08:00:00,8,,3.4
2022-08-26 09:00:00,9,77.3,3.9
2022-08-26 10:00:00,10,847.1,4.2
2022-08-26 11:00:00,11,1591.8,4.5
2022-08-26 12:00:00,12,2138.1,6.0
2022-08-26 13:00:00,13,2546.8,6.8
2022-08-26 14:00:00,14,3400.5,6.9
2022-08-26 15:00:00,15,3390.6,7.4
2022-08-26 16:00:00,16,3106.3,8.2
2022-08-26 17:00:00,17,2645.4,6.9
2022-08-26 18:00:00,18,2043.0,7.0
2022-08-26 19:00:00,19,910.2,6.8
2022-08-26 20:00:00,20,282.9,7.5
2022-08-26 21:00:00,21,10.6,5.3
2022-08-26 22:00:00,22,,4.4
2022-08-26 23:00:00,23,,4.1
2022-08-27 00:00:00,0,,3.4
2022-08-27 01:00:00,1,,3.1
2022-08-27 02:00:00,2,,3.5
2022-08-27 03:00:00,3,,3.2
2022-08-27 04:00:00,4,,3.6
2022-08-27 05:00:00,5,,3.5
2022-08-27 06:00:00,6,,3.2
2022-08-27 07:00:00,7,,3.1
2022-08-27 08:00:00,8,,3.6
2022-08-27 09:00:00,9,55.9,3.3
2022-08-27 10:00:00,10,502.5,4.2
2022-08-27 11:00:00,11,831.0,5.1
2022-08-27 12:00:00,12,741.5,4.4
2022-08-27 13:00:00,13,914.0,3.5
2022-08-27 14:00:00,14,1065.5,3.6
2022-08-27 15:00:00,15,1355.5,3.5
2022-08-27 16:00:00,16,2103.4,3.9
2022-08-27 17:00:00,17,2070.7,5.0
2022-08-27 18:00:00,18,1985.2,4.8
2022-08-27 19:00:00,19,853.0,5.0
2022-08-27 20:00:00,20,221.5,4.1
2022-08-27 21:00:00,21,10.4,3.3
2022-08-27 22:00:00,22,,3.7
2022-08-27 23:00:00,23,,4.1
2022-08-28 00:00:00,0,,4.1
2022-08-28 01:00:00,1,,3.2
2022-08-28 02:00:00,2,,2.4
2022-08-28 03:00:00,3,,2.3
2022-08-28 04:00:00,4,,2.7
2022-08-28 05:00:00,5,,2.4
2022-08-28 06:00:00,6,,2.9
2022-08-28 07:00:00,7,,2.0
2022-08-28 08:00:00,8,,2.5
2022-08-28 09:00:00,9,57.7,2.2
2022-08-28 10:00:00,10,787.3,2.6
2022-08-28 11:00:00,11,1601.9,3.1
2022-08-28 12:00:00,12,2336.6,5.7
2022-08-28 13:00:00,13,2881.8,6.4
2022-08-28 14:00:00,14,3158.6,6.9
2022-08-28 15:00:00,15,3233.5,6.8
2022-08-28 16:00:00,16,2996.9,7.6
2022-08-28 17:00:00,17,2645.6,5.5
2022-08-28 18:00:00,18,2131.7,6.8
2022-08-28 19:00:00,19,789.7,5.6
2022-08-28 20:00:00,20,222.3,4.6
2022-08-28 21:00:00,21,9.2,4.7
2022-08-28 22:00:00,22,,3.2
2022-08-28 23:00:00,23,,3.6
2022-08-29 00:00:00,0,,4.8
2022-08-29 01:00:00,1,,3.9
2022-08-29 02:00:00,2,,3.9
2022-08-29 03:00:00,3,,4.0
2022-08-29 04:00:00,4,,2.9
2022-08-29 05:00:00,5,,2.3
2022-08-29 06:00:00,6,,2.3
2022-08-29 07:00:00,7,,2.6
2022-08-29 08:00:00,8,,2.4
2022-08-29 09:00:00,9,86.5,3.1
2022-08-29 10:00:00,10,846.1,2.9
2022-08-29 11:00:00,11,1481.6,4.5
2022-08-29 12:00:00,12,1944.2,5.2
2022-08-29 13:00:00,13,2613.1,7.3
2022-08-29 14:00:00,14,3402.1,6.7
2022-08-29 15:00:00,15,3393.6,6.6
2022-08-29 16:00:00,16,3090.5,6.3
2022-08-29 17:00:00,17,2614.7,6.0
2022-08-29 18:00:00,18,1833.1,6.4
2022-08-29 19:00:00,19,893.7,6.0
2022-08-29 20:00:00,20,219.5,6.0
2022-08-29 21:00:00,21,9.1,5.3
2022-08-29 22:00:00,22,,5.1
2022-08-29 23:00:00,23,,4.0
2022-08-30 00:00:00,0,,3.6
2022-08-30 01:00:00,1,,3.5
2022-08-30 02:00:00,2,,3.5
2022-08-30 03:00:00,3,,4.8
2022-08-30 04:00:00,4,,4.0
2022-08-30 05:00:00,5,,3.0
2022-08-30 06:00:00,6,,3.7
2022-08-30 07:00:00,7,,3.1
2022-08-30 08:00:00,8,,3.5
2022-08-30 09:00:00,9,117.9,3.3
2022-08-30 10:00:00,10,949.9,4.6
2022-08-30 11:00:00,11,1761.1,6.0
2022-08-30 12:00:00,12,2376.8,4.6
2022-08-30 13:00:00,13,2696.4,6.3
2022-08-30 14:00:00,14,1899.7,5.3
2022-08-30 15:00:00,15,3516.5,7.7
2022-08-30 16:00:00,16,3152.7,7.3
2022-08-30 17:00:00,17,2656.5,8.9
2022-08-30 18:00:00,18,2046.2,7.7
2022-08-30 19:00:00,19,910.6,7.0
2022-08-30 20:00:00,20,225.9,7.5
2022-08-30 21:00:00,21,11.0,7.9
2022-08-30 22:00:00,22,,6.3
2022-08-30 23:00:00,23,,5.8
2022-08-31 00:00:00,0,,5.6
2022-08-31 01:00:00,1,,6.7
2022-08-31 02:00:00,2,,5.4
2022-08-31 03:00:00,3,,4.2
2022-08-31 04:00:00,4,,4.0
2022-08-31 05:00:00,5,,4.4
2022-08-31 06:00:00,6,,3.3
2022-08-31 07:00:00,7,,3.5
2022-08-31 08:00:00,8,,3.3
2022-08-31 09:00:00,9,118.6,3.2
2022-08-31 10:00:00,10,962.9,3.9
2022-08-31 11:00:00,11,1835.5,5.3
2022-08-31 12:00:00,12,2501.1,6.3
2022-08-31 13:00:00,13,2829.2,4.9
2022-08-31 14:00:00,14,2804.4,6.4
2022-08-31 15:00:00,15,2972.8,6.6
2022-08-31 16:00:00,16,3189.3,8.1
2022-08-31 17:00:00,17,2599.2,6.5
2022-08-31 18:00:00,18,1850.8,8.6
2022-08-31 19:00:00,19,773.0,5.4
2022-08-31 20:00:00,20,205.1,6.8
2022-08-31 21:00:00,21,13.1,6.6
2022-08-31 22:00:00,22,,5.0
2022-08-31 23:00:00,23,,4.7
2022-09-01 00:00:00,0,,4.2
2022-09-01 01:00:00,1,,4.5
2022-09-01 02:00:00,2,,4.7
2022-09-01 03:00:00,3,,3.8
2022-09-01 04:00:00,4,,4.4
2022-09-01 05:00:00,5,,4.2
2022-09-01 06:00:00,6,,4.0
2022-09-01 07:00:00,7,,3.4
2022-09-01 08:00:00,8,,3.5
2022-09-01 09:00:00,9,132.6,3.5
2022-09-01 10:00:00,10,924.1,3.3
2022-09-01 11:00:00,11,1782.0,4.6
2022-09-01 12:00:00,12,1729.7,5.9
2022-09-01 13:00:00,13,2550.7,6.0
2022-09-01 14:00:00,14,2966.4,6.7
2022-09-01 15:00:00,15,3195.6,6.3
2022-09-01 16:00:00,16,2675.2,7.4
2022-09-01 17:00:00,17,2547.8,6.9
2022-09-01 18:00:00,18,2124.3,6.8
2022-09-01 19:00:00,19,899.0,5.7
2022-09-01 20:00:00,20,210.5,6.2
2022-09-01 21:00:00,21,9.9,5.0
2022-09-01 22:00:00,22,,5.3
2022-09-01 23:00:00,23,,5.0
2022-09-02 00:00:00,0,,3.8
2022-09-02 01:00:00,1,,4.0
2022-09-02 02:00:00,2,,3.3
2022-09-02 03:00:00,3,,2.7
2022-09-02 04:00:00,4,,3.8
2022-09-02 05:00:00,5,,3.9
2022-09-02 06:00:00,6,,2.6
2022-09-02 07:00:00,7,,3.3
2022-09-02 08:00:00,8,,3.2
2022-09-02 09:00:00,9,108.1,4.4
2022-09-02 10:00:00,10,1012.7,4.1
2022-09-02 11:00:00,11,1222.4,4.1
2022-09-02 12:00:00,12,1939.5,5.8
2022-09-02 13:00:00,13,2820.8,6.9
2022-09-02 14:00:00,14,2691.8,6.7
2022-09-02 15:00:00,15,3439.2,6.0
2022-09-02 16:00:00,16,3100.6,6.9
2022-09-02 17:00:00,17,2623.6,6.5
2022-09-02 18:00:00,18,1446.3,6.9
2022-09-02 19:00:00,19,764.5,6.8
2022-09-02 20:00:00,20,175.9,5.7
2022-09-02 21:00:00,21,10.1,4.4
2022-09-02 22:00:00,22,,4.3
2022-09-02 23:00:00,23,,3.7
2022-09-03 00:00:00,0,,3.2
2022-09-03 01:00:00,1,,2.5
2022-09-03 02:00:00,2,,2.7
2022-09-03 03:00:00,3,,2.7
2022-09-03 04:00:00,4,,2.9
2022-09-03 05:00:00,5,,3.1
2022-09-03 06:00:00,6,,3.0
2022-09-03 07:00:00,7,,2.8
2022-09-03 08:00:00,8,,3.1
2022-09-03 09:00:00,9,65.9,2.7
2022-09-03 10:00:00,10,376.3,3.3
2022-09-03 11:00:00,11,808.4,3.7
2022-09-03 12:00:00,12,1780.5,4.6
2022-09-03 13:00:00,13,2525.9,5.9
2022-09-03 14:00:00,14,2964.7,6.3
2022-09-03 15:00:00,15,3413.5,6.4
2022-09-03 16:00:00,16,2519.9,7.8
2022-09-03 17:00:00,17,2265.9,7.9
2022-09-03 18:00:00,18,1522.9,6.6
2022-09-03 19:00:00,19,773.2,6.3
2022-09-03 20:00:00,20,288.9,5.6
2022-09-03 21:00:00,21,9.4,6.0
2022-09-03 22:00:00,22,,5.2
2022-09-03 23:00:00,23,,4.2
2022-09-04 00:00:00,0,,3.9
2022-09-04 01:00:00,1,,3.6
2022-09-04 02:00:00,2,1.0,5.2
2022-09-04 03:00:00,3,,4.2
2022-09-04 04:00:00,4,,3.5
2022-09-04 05:00:00,5,,3.8
2022-09-04 06:00:00,6,,4.9
2022-09-04 07:00:00,7,,4.0
2022-09-04 08:00:00,8,,3.4
2022-09-04 09:00:00,9,37.8,3.8
2022-09-04 10:00:00,10,256.4,4.2
2022-09-04 11:00:00,11,561.1,4.6
2022-09-04 12:00:00,12,1174.1,5.0
2022-09-04 13:00:00,13,1368.6,5.4
2022-09-04 14:00:00,14,1337.5,5.4
2022-09-04 15:00:00,15,1339.6,3.9
2022-09-04 16:00:00,16,2217.5,5.0
2022-09-04 17:00:00,17,1829.0,5.3
2022-09-04 18:00:00,18,2090.6,5.4
2022-09-04 19:00:00,19,941.5,4.8
2022-09-04 20:00:00,20,245.7,5.0
2022-09-04 21:00:00,21,9.7,5.2
2022-09-04 22:00:00,22,,4.0
2022-09-04 23:00:00,23,,3.8
2022-09-05 00:00:00,0,,3.5
2022-09-05 01:00:00,1,,3.7
2022-09-05 02:00:00,2,,3.5
2022-09-05 03:00:00,3,,3.2
2022-09-05 04:00:00,4,,3.4
2022-09-05 05:00:00,5,,3.5
2022-09-05 06:00:00,6,,3.3
2022-09-05 07:00:00,7,,3.2
2022-09-05 08:00:00,8,,3.5
2022-09-05 09:00:00,9,54.2,3.6
2022-09-05 10:00:00,10,444.2,3.8
2022-09-05 11:00:00,11,751.2,4.9
2022-09-05 12:00:00,12,1139.6,4.3
2022-09-05 13:00:00,13,1602.3,6.5
2022-09-05 14:00:00,14,2316.2,8.1
2022-09-05 15:00:00,15,2673.8,8.2
2022-09-05 16:00:00,16,2564.7,7.6
2022-09-05 17:00:00,17,1981.1,7.7
2022-09-05 18:00:00,18,1342.0,5.9
2022-09-05 19:00:00,19,707.2,7.5
2022-09-05 20:00:00,20,134.6,4.2
2022-09-05 21:00:00,21,4.0,3.5
2022-09-05 22:00:00,22,,3.5
2022-09-05 23:00:00,23,,3.2
2022-09-06 00:00:00,0,,3.6
2022-09-06 01:00:00,1,,3.0
2022-09-06 02:00:00,2,,3.2
2022-09-06 03:00:00,3,,3.2
2022-09-06 04:00:00,4,,2.5
2022-09-06 05:00:00,5,,3.9
2022-09-06 06:00:00,6,,2.8
2022-09-06 07:00:00,7,,3.1
2022-09-06 08:00:00,8,,2.7
2022-09-06 09:00:00,9,55.2,2.1
2022-09-06 10:00:00,10,551.3,3.1
2022-09-06 11:00:00,11,1297.7,3.5
2022-09-06 12:00:00,12,2141.3,5.6
2022-09-06 13:00:00,13,3001.1,7.1
2022-09-06 14:00:00,14,3548.0,6.5
2022-09-06 15:00:00,15,3487.9,7.0
2022-09-06 16:00:00,16,3066.1,7.5
2022-09-06 17:00:00,17,2501.3,8.0
2022-09-06 18:00:00,18,2160.5,7.8
2022-09-06 19:00:00,19,838.6,6.2
2022-09-06 20:00:00,20,221.3,6.2
2022-09-06 21:00:00,21,10.1,6.0
2022-09-06 22:00:00,22,,6.0
2022-09-06 23:00:00,23,,4.8
2022-09-07 00:00:00,0,,4.3
2022-09-07 01:00:00,1,,4.0
2022-09-07 02:00:00,2,,3.7
2022-09-07 03:00:00,3,,3.7
2022-09-07 04:00:00,4,,4.1
2022-09-07 05:00:00,5,,2.5
2022-09-07 06:00:00,6,,2.9
2022-09-07 07:00:00,7,,3.7
2022-09-07 08:00:00,8,,3.9
2022-09-07 09:00:00,9,117.8,3.3
2022-09-07 10:00:00,10,981.3,3.7
2022-09-07 11:00:00,11,1646.7,5.0
2022-09-07 12:00:00,12,2116.7,5.5
2022-09-07 13:00:00,13,3183.2,6.1
2022-09-07 14:00:00,14,3521.4,6.7
2022-09-07 15:00:00,15,3535.3,6.8
2022-09-07 16:00:00,16,3214.9,7.8
2022-09-07 17:00:00,17,2694.0,7.0
2022-09-07 18:00:00,18,2096.0,6.3
2022-09-07 19:00:00,19,874.2,8.0
2022-09-07 20:00:00,20,206.2,7.3
2022-09-07 21:00:00,21,7.5,6.5
2022-09-07 22:00:00,22,,5.8
2022-09-07 23:00:00,23,,4.4
2022-09-08 00:00:00,0,,3.3
2022-09-08 01:00:00,1,,3.1
2022-09-08 02:00:00,2,,2.8
2022-09-08 03:00:00,3,,3.3
2022-09-08 04:00:00,4,,3.1
2022-09-08 05:00:00,5,,2.5
2022-09-08 06:00:00,6,,2.3
2022-09-08 07:00:00,7,,2.1
2022-09-08 08:00:00,8,,2.7
2022-09-08 09:00:00,9,165.6,3.7
2022-09-08 10:00:00,10,1038.9,3.7
2022-09-08 11:00:00,11,1894.8,3.5
2022-09-08 12:00:00,12,2551.6,5.2
2022-09-08 13:00:00,13,3219.4,6.6
2022-09-08 14:00:00,14,3535.8,6.1
2022-09-08 15:00:00,15,3349.6,6.7
2022-09-08 16:00:00,16,3258.9,7.0
2022-09-08 17:00:00,17,2709.7,6.4
2022-09-08 18:00:00,18,2008.8,6.9
2022-09-08 19:00:00,19,929.3,6.3
2022-09-08 20:00:00,20,214.2,5.0
2022-09-08 21:00:00,21,7.8,5.6
2022-09-08 22:00:00,22,,4.7
2022-09-08 23:00:00,23,,4.6
2022-09-09 00:00:00,0,,4.7
2022-09-09 01:00:00,1,,4.1
2022-09-09 02:00:00,2,,4.5
2022-09-09 03:00:00,3,,4.5
2022-09-09 04:00:00,4,,4.0
2022-09-09 05:00:00,5,,3.5
2022-09-09 06:00:00,6,,2.9
2022-09-09 07:00:00,7,,1.8
2022-09-09 08:00:00,8,,1.3
2022-09-09 09:00:00,9,179.4,2.6
2022-09-09 10:00:00,10,821.2,1.9
2022-09-09 11:00:00,11,1764.6,2.4
2022-09-09 12:00:00,12,2656.0,5.5
2022-09-09 13:00:00,13,3174.8,5.3
2022-09-09 14:00:00,14,3507.4,5.0
2022-09-09 15:00:00,15,3556.3,5.1
2022-09-09 16:00:00,16,3223.8,6.0
2022-09-09 17:00:00,17,2707.7,5.7
2022-09-09 18:00:00,18,2102.4,5.4
2022-09-09 19:00:00,19,929.3,4.8
2022-09-09 20:00:00,20,226.2,4.9
2022-09-09 21:00:00,21,6.1,4.6
2022-09-09 22:00:00,22,,4.8
2022-09-09 23:00:00,23,,4.6
2022-09-10 00:00:00,0,,4.7
2022-09-10 01:00:00,1,,4.2
2022-09-10 02:00:00,2,,3.9
2022-09-10 03:00:00,3,,4.1
2022-09-10 04:00:00,4,,2.0
2022-09-10 05:00:00,5,,2.4
2022-09-10 06:00:00,6,,2.1
2022-09-10 07:00:00,7,,2.0
2022-09-10 08:00:00,8,,2.6
2022-09-10 09:00:00,9,135.3,2.1
2022-09-10 10:00:00,10,1037.7,3.3
2022-09-10 11:00:00,11,1814.2,3.2
2022-09-10 12:00:00,12,2245.3,5.9
2022-09-10 13:00:00,13,3303.2,5.6
2022-09-10 14:00:00,14,3626.5,4.9
2022-09-10 15:00:00,15,3592.2,5.0
2022-09-10 16:00:00,16,3255.7,6.1
2022-09-10 17:00:00,17,2724.0,5.5
2022-09-10 18:00:00,18,2103.5,5.0
2022-09-10 19:00:00,19,900.0,5.4
2022-09-10 20:00:00,20,213.6,4.5
2022-09-10 21:00:00,21,6.4,5.0
2022-09-10 22:00:00,22,,5.4
2022-09-10 23:00:00,23,,5.0
2022-09-11 00:00:00,0,,4.5
2022-09-11 01:00:00,1,,4.4
2022-09-11 02:00:00,2,,4.4
2022-09-11 03:00:00,3,,3.9
2022-09-11 04:00:00,4,,3.5
2022-09-11 05:00:00,5,,1.8
2022-09-11 06:00:00,6,,2.1
2022-09-11 07:00:00,7,,2.5
2022-09-11 08:00:00,8,,2.1
2022-09-11 09:00:00,9,108.5,2.4
2022-09-11 10:00:00,10,853.6,2.1
2022-09-11 11:00:00,11,1840.7,3.9
2022-09-11 12:00:00,12,2446.3,5.6
2022-09-11 13:00:00,13,2989.2,4.8
2022-09-11 14:00:00,14,3072.0,5.2
2022-09-11 15:00:00,15,3576.7,5.9
2022-09-11 16:00:00,16,3356.2,5.8
2022-09-11 17:00:00,17,2756.0,5.5
2022-09-11 18:00:00,18,2072.2,5.8
2022-09-11 19:00:00,19,750.7,5.9
2022-09-11 20:00:00,20,213.7,4.9
2022-09-11 21:00:00,21,6.4,5.2
2022-09-11 22:00:00,22,,4.8
2022-09-11 23:00:00,23,,4.8
2022-09-12 00:00:00,0,,4.5
2022-09-12 01:00:00,1,,4.4
2022-09-12 02:00:00,2,,4.3
2022-09-12 03:00:00,3,,3.9
2022-09-12 04:00:00,4,,4.2
2022-09-12 05:00:00,5,,3.7
2022-09-12 06:00:00,6,,4.0
2022-09-12 07:00:00,7,,3.6
2022-09-12 08:00:00,8,,3.4
2022-09-12 09:00:00,9,200.2,3.8
2022-09-12 10:00:00,10,919.0,4.5
2022-09-12 11:00:00,11,1880.9,4.8
2022-09-12 12:00:00,12,2432.7,6.0
2022-09-12 13:00:00,13,3142.9,6.4
2022-09-12 14:00:00,14,3551.0,6.3
2022-09-12 15:00:00,15,3603.0,5.6
2022-09-12 16:00:00,16,3150.9,6.6
2022-09-12 17:00:00,17,2706.5,6.6
2022-09-12 18:00:00,18,2108.8,7.0
2022-09-12 19:00:00,19,922.0,5.4
2022-09-12 20:00:00,20,228.6,5.8
2022-09-12 21:00:00,21,6.2,4.8
2022-09-12 22:00:00,22,,4.4
2022-09-12 23:00:00,23,,5.3
2022-09-13 00:00:00,0,,4.9
2022-09-13 01:00:00,1,,4.8
2022-09-13 02:00:00,2,,4.2
2022-09-13 03:00:00,3,,4.4
2022-09-13 04:00:00,4,,3.4
2022-09-13 05:00:00,5,,3.0
2022-09-13 06:00:00,6,,3.3
2022-09-13 07:00:00,7,,2.1
2022-09-13 08:00:00,8,,3.4
2022-09-13 09:00:00,9,171.0,3.6
2022-09-13 10:00:00,10,946.7,3.9
2022-09-13 11:00:00,11,1809.3,4.2
2022-09-13 12:00:00,12,2334.9,4.4
2022-09-13 13:00:00,13,2401.6,6.6
2022-09-13 14:00:00,14,3234.0,6.1
2022-09-13 15:00:00,15,2390.5,6.0
2022-09-13 16:00:00,16,2037.2,5.1
2022-09-13 17:00:00,17,1775.2,6.0
2022-09-13 18:00:00,18,1338.6,5.4
2022-09-13 19:00:00,19,621.8,5.1
2022-09-13 20:00:00,20,180.2,4.8
2022-09-13 21:00:00,21,5.6,4.0
2022-09-13 22:00:00,22,,2.6
2022-09-13 23:00:00,23,,1.4
2022-09-14 00:00:00,0,,2.6
2022-09-14 01:00:00,1,,2.7
2022-09-14 02:00:00,2,,2.2
2022-09-14 03:00:00,3,,1.8
2022-09-14 04:00:00,4,,2.1
2022-09-14 05:00:00,5,,1.9
2022-09-14 06:00:00,6,,1.6
2022-09-14 07:00:00,7,,2.3
2022-09-14 08:00:00,8,,2.2
2022-09-14 09:00:00,9,95.3,3.2
2022-09-14 10:00:00,10,769.7,3.3
2022-09-14 11:00:00,11,1739.8,4.2
2022-09-14 12:00:00,12,2790.7,5.3
2022-09-14 13:00:00,13,3142.9,4.6
2022-09-14 14:00:00,14,3500.8,4.5
2022-09-14 15:00:00,15,3616.8,4.8
2022-09-14 16:00:00,16,3278.5,6.4
2022-09-14 17:00:00,17,2760.6,5.6
2022-09-14 18:00:00,18,2116.0,5.3
2022-09-14 19:00:00,19,981.6,5.0
2022-09-14 20:00:00,20,213.9,4.3
2022-09-14 21:00:00,21,6.2,4.2
2022-09-14 22:00:00,22,,3.6
2022-09-14 23:00:00,23,,4.4
2022-09-15 00:00:00,0,,4.1
2022-09-15 01:00:00,1,,3.9
2022-09-15 02:00:00,2,,3.9
2022-09-15 03:00:00,3,,3.8
2022-09-15 04:00:00,4,,3.8
2022-09-15 05:00:00,5,,3.6
2022-09-15 06:00:00,6,,3.8
2022-09-15 07:00:00,7,,3.2
2022-09-15 08:00:00,8,,3.0
2022-09-15 09:00:00,9,277.8,3.5
2022-09-15 10:00:00,10,1141.3,4.6
2022-09-15 11:00:00,11,1978.9,4.4
2022-09-15 12:00:00,12,2658.8,4.8
2022-09-15 13:00:00,13,3215.2,4.6
2022-09-15 14:00:00,14,3561.3,3.7
2022-09-15 15:00:00,15,3555.2,3.9
2022-09-15 16:00:00,16,3237.5,4.7
2022-09-15 17:00:00,17,2716.1,4.2
2022-09-15 18:00:00,18,2116.6,4.9
2022-09-15 19:00:00,19,794.2,3.6
2022-09-15 20:00:00,20,203.6,3.6
2022-09-15 21:00:00,21,8.2,4.1
2022-09-15 22:00:00,22,,3.5
2022-09-15 23:00:00,23,,3.2
2022-09-16 00:00:00,0,,3.4
2022-09-16 01:00:00,1,,3.5
2022-09-16 02:00:00,2,,3.7
2022-09-16 03:00:00,3,,4.2
2022-09-16 04:00:00,4,,4.0
2022-09-16 05:00:00,5,,4.0
2022-09-16 06:00:00,6,,3.9
2022-09-16 07:00:00,7,,3.3
2022-09-16 08:00:00,8,,2.9
2022-09-16 09:00:00,9,150.4,3.0
2022-09-16 10:00:00,10,806.9,3.5
2022-09-16 11:00:00,11,1738.4,4.9
2022-09-16 12:00:00,12,2677.9,5.0
2022-09-16 13:00:00,13,3268.3,4.5
2022-09-16 14:00:00,14,3734.0,4.9
2022-09-16 15:00:00,15,3386.5,5.0
2022-09-16 16:00:00,16,3297.7,4.0
2022-09-16 17:00:00,17,2754.9,4.5
2022-09-16 18:00:00,18,2074.6,4.3
2022-09-16 19:00:00,19,983.1,4.7
2022-09-16 20:00:00,20,216.9,4.5
2022-09-16 21:00:00,21,8.0,3.8
2022-09-16 22:00:00,22,,2.4
2022-09-16 23:00:00,23,,2.9
2022-09-17 00:00:00,0,,2.3
2022-09-17 01:00:00,1,,2.7
2022-09-17 02:00:00,2,,3.8
2022-09-17 03:00:00,3,,3.1
2022-09-17 04:00:00,4,,3.3
2022-09-17 05:00:00,5,,2.0
2022-09-17 06:00:00,6,,2.5
2022-09-17 07:00:00,7,,2.3
2022-09-17 08:00:00,8,,2.4
2022-09-17 09:00:00,9,106.5,2.9
2022-09-17 10:00:00,10,989.0,2.9
2022-09-17 11:00:00,11,1937.4,5.0
2022-09-17 12:00:00,12,2468.3,5.3
2022-09-17 13:00:00,13,2987.7,5.6
2022-09-17 14:00:00,14,3300.4,6.2
2022-09-17 15:00:00,15,3639.8,5.4
2022-09-17 16:00:00,16,3316.9,5.5
2022-09-17 17:00:00,17,2680.8,5.3
2022-09-17 18:00:00,18,1890.7,4.9
2022-09-17 19:00:00,19,702.8,4.9
2022-09-17 20:00:00,20,210.1,4.7
2022-09-17 21:00:00,21,6.0,3.8
2022-09-17 22:00:00,22,,4.2
2022-09-17 23:00:00,23,,4.0
2022-09-18 00:00:00,0,,3.4
2022-09-18 01:00:00,1,,3.2
2022-09-18 02:00:00,2,,3.4
2022-09-18 03:00:00,3,,2.6
2022-09-18 04:00:00,4,,2.2
2022-09-18 05:00:00,5,,2.8
2022-09-18 06:00:00,6,,1.9
2022-09-18 07:00:00,7,,2.0
2022-09-18 08:00:00,8,,2.9
2022-09-18 09:00:00,9,92.5,2.5
2022-09-18 10:00:00,10,201.7,1.8
2022-09-18 11:00:00,11,1129.6,3.1
2022-09-18 12:00:00,12,1765.5,5.3
2022-09-18 13:00:00,13,3034.5,6.7
2022-09-18 14:00:00,14,3767.9,6.3
2022-09-18 15:00:00,15,2986.0,6.2
2022-09-18 16:00:00,16,2894.8,6.3
2022-09-18 17:00:00,17,2412.4,6.8
2022-09-18 18:00:00,18,1771.6,6.3
2022-09-18 19:00:00,19,830.4,5.8
2022-09-18 20:00:00,20,178.7,5.6
2022-09-18 21:00:00,21,6.5,5.0
2022-09-18 22:00:00,22,,5.4
2022-09-18 23:00:00,23,,5.6
2022-09-19 00:00:00,0,,5.1
2022-09-19 01:00:00,1,,4.6
2022-09-19 02:00:00,2,,5.0
2022-09-19 03:00:00,3,,4.6
2022-09-19 04:00:00,4,,4.4
2022-09-19 05:00:00,5,,3.9
2022-09-19 06:00:00,6,,3.7
2022-09-19 07:00:00,7,,2.6
2022-09-19 08:00:00,8,,2.4
2022-09-19 09:00:00,9,77.7,2.4
2022-09-19 10:00:00,10,671.0,3.9
2022-09-19 11:00:00,11,1562.5,4.2
2022-09-19 12:00:00,12,1978.4,4.2
2022-09-19 13:00:00,13,2862.6,5.9
2022-09-19 14:00:00,14,3647.5,6.0
2022-09-19 15:00:00,15,3647.1,6.1
2022-09-19 16:00:00,16,3296.0,5.9
2022-09-19 17:00:00,17,2752.5,5.8
2022-09-19 18:00:00,18,2133.6,5.7
2022-09-19 19:00:00,19,1071.2,6.5
2022-09-19 20:00:00,20,227.0,5.6
2022-09-19 21:00:00,21,4.8,4.9
2022-09-19 22:00:00,22,,5.5
2022-09-19 23:00:00,23,,5.7
2022-09-20 00:00:00,0,,4.9
2022-09-20 01:00:00,1,,4.4
2022-09-20 02:00:00,2,,3.0
2022-09-20 03:00:00,3,,3.5
2022-09-20 04:00:00,4,,3.6
2022-09-20 05:00:00,5,,2.5
2022-09-20 06:00:00,6,,2.0
2022-09-20 07:00:00,7,,2.1
2022-09-20 08:00:00,8,,2.9
2022-09-20 09:00:00,9,278.4,4.5
2022-09-20 10:00:00,10,812.0,5.2
2022-09-20 11:00:00,11,1947.1,5.7
2022-09-20 12:00:00,12,2690.7,5.6
2022-09-20 13:00:00,13,3265.1,5.5
2022-09-20 14:00:00,14,3647.4,5.2
2022-09-20 15:00:00,15,3613.7,5.6
2022-09-20 16:00:00,16,3264.7,6.3
2022-09-20 17:00:00,17,2704.0,6.7
2022-09-20 18:00:00,18,1897.2,6.4
2022-09-20 19:00:00,19,985.9,6.2
2022-09-20 20:00:00,20,197.7,5.1
2022-09-20 21:00:00,21,5.4,5.2
2022-09-20 22:00:00,22,,5.2
2022-09-20 23:00:00,23,,4.5
2022-09-21 00:00:00,0,,3.3
2022-09-21 01:00:00,1,,3.7
2022-09-21 02:00:00,2,,3.2
2022-09-21 03:00:00,3,,3.4
2022-09-21 04:00:00,4,,3.3
2022-09-21 05:00:00,5,,3.4
2022-09-21 06:00:00,6,,3.7
2022-09-21 07:00:00,7,,3.4
2022-09-21 08:00:00,8,,4.4
2022-09-21 09:00:00,9,251.5,4.2
2022-09-21 10:00:00,10,795.9,4.7
2022-09-21 11:00:00,11,1204.0,4.5
2022-09-21 12:00:00,12,2315.7,4.2
2022-09-21 13:00:00,13,2848.3,4.4
2022-09-21 14:00:00,14,3562.4,4.4
2022-09-21 15:00:00,15,3533.1,5.2
2022-09-21 16:00:00,16,3312.2,5.0
2022-09-21 17:00:00,17,2588.3,5.3
2022-09-21 18:00:00,18,2065.8,4.9
2022-09-21 19:00:00,19,1035.9,4.1
2022-09-21 20:00:00,20,291.8,4.4
2022-09-21 21:00:00,21,4.4,3.6
2022-09-21 22:00:00,22,,3.8
2022-09-21 23:00:00,23,,4.1
2022-09-22 00:00:00,0,,3.3
2022-09-22 01:00:00,1,,3.1
2022-09-22 02:00:00,2,,3.2
2022-09-22 03:00:00,3,,2.9
2022-09-22 04:00:00,4,,3.3
2022-09-22 05:00:00,5,,2.9
2022-09-22 06:00:00,6,,3.3
2022-09-22 07:00:00,7,,2.8
2022-09-22 08:00:00,8,,3.1
2022-09-22 09:00:00,9,235.3,3.3
2022-09-22 10:00:00,10,1025.1,3.5
2022-09-22 11:00:00,11,1501.9,3.6
2022-09-22 12:00:00,12,2470.7,4.3
2022-09-22 13:00:00,13,3038.6,4.1
2022-09-22 14:00:00,14,3552.8,3.7
2022-09-22 15:00:00,15,3527.4,4.2
2022-09-22 16:00:00,16,3178.4,4.5
2022-09-22 17:00:00,17,2637.1,4.9
2022-09-22 18:00:00,18,2013.5,5.0
2022-09-22 19:00:00,19,1052.4,4.0
2022-09-22 20:00:00,20,260.7,3.7
2022-09-22 21:00:00,21,3.3,3.9
2022-09-22 22:00:00,22,,3.4
2022-09-22 23:00:00,23,,3.8
2022-09-23 00:00:00,0,,3.5
2022-09-23 01:00:00,1,,3.2
2022-09-23 02:00:00,2,,3.4
2022-09-23 03:00:00,3,,3.5
2022-09-23 04:00:00,4,,2.7
2022-09-23 05:00:00,5,,2.9
2022-09-23 06:00:00,6,,2.4
2022-09-23 07:00:00,7,,2.1
2022-09-23 08:00:00,8,,2.7
2022-09-23 09:00:00,9,81.8,2.9
2022-09-23 10:00:00,10,656.2,3.4
2022-09-23 11:00:00,11,1167.1,5.0
2022-09-23 12:00:00,12,2702.9,4.7
2022-09-23 13:00:00,13,3190.0,4.5
2022-09-23 14:00:00,14,3530.5,5.0
2022-09-23 15:00:00,15,3579.1,5.3
2022-09-23 16:00:00,16,2951.8,4.4
2022-09-23 17:00:00,17,2574.6,5.4
2022-09-23 18:00:00,18,1457.6,4.9
2022-09-23 19:00:00,19,877.0,4.5
2022-09-23 20:00:00,20,231.1,4.1
2022-09-23 21:00:00,21,3.5,4.0
2022-09-23 22:00:00,22,,3.2
2022-09-23 23:00:00,23,,4.2
2022-09-24 00:00:00,0,,4.6
2022-09-24 01:00:00,1,,4.1
2022-09-24 02:00:00,2,,3.4
2022-09-24 03:00:00,3,,3.8
2022-09-24 04:00:00,4,,3.8
2022-09-24 05:00:00,5,,3.7
2022-09-24 06:00:00,6,,3.8
2022-09-24 07:00:00,7,,4.2
2022-09-24 08:00:00,8,,3.8
2022-09-24 09:00:00,9,189.0,3.6
2022-09-24 10:00:00,10,725.4,3.6
2022-09-24 11:00:00,11,1977.7,4.0
2022-09-24 12:00:00,12,2693.5,4.0
2022-09-24 13:00:00,13,3253.4,5.0
2022-09-24 14:00:00,14,3425.5,4.3
2022-09-24 15:00:00,15,3682.6,4.8
2022-09-24 16:00:00,16,3242.5,4.3
2022-09-24 17:00:00,17,2689.4,4.5
2022-09-24 18:00:00,18,2071.5,3.5
2022-09-24 19:00:00,19,1028.5,4.1
2022-09-24 20:00:00,20,247.8,3.4
2022-09-24 21:00:00,21,2.7,3.4
2022-09-24 22:00:00,22,,4.0
2022-09-24 23:00:00,23,,3.7
2022-09-25 00:00:00,0,,4.0
2022-09-25 01:00:00,1,,3.7
2022-09-25 02:00:00,2,,4.2
2022-09-25 03:00:00,3,,4.2
2022-09-25 04:00:00,4,,3.0
2022-09-25 05:00:00,5,,2.5
2022-09-25 06:00:00,6,,2.8
2022-09-25 07:00:00,7,,2.3
2022-09-25 08:00:00,8,,2.5
2022-09-25 09:00:00,9,238.2,2.1
2022-09-25 10:00:00,10,582.8,2.1
2022-09-25 11:00:00,11,1252.2,4.2
2022-09-25 12:00:00,12,2763.1,5.2
2022-09-25 13:00:00,13,3224.4,5.2
2022-09-25 14:00:00,14,3683.4,4.6
2022-09-25 15:00:00,15,3646.0,6.1
2022-09-25 16:00:00,16,3285.3,5.1
2022-09-25 17:00:00,17,2607.0,5.2
2022-09-25 18:00:00,18,1974.4,5.3
2022-09-25 19:00:00,19,1090.3,5.1
2022-09-25 20:00:00,20,269.9,4.8
2022-09-25 21:00:00,21,3.9,4.6
2022-09-25 22:00:00,22,,4.6
2022-09-25 23:00:00,23,,4.6
2022-09-26 00:00:00,0,,3.9
2022-09-26 01:00:00,1,,4.2
2022-09-26 02:00:00,2,,3.2
2022-09-26 03:00:00,3,,3.5
2022-09-26 04:00:00,4,,3.8
2022-09-26 05:00:00,5,,4.0
2022-09-26 06:00:00,6,,3.1
2022-09-26 07:00:00,7,,2.0
2022-09-26 08:00:00,8,,1.5
2022-09-26 09:00:00,9,67.3,2.9
2022-09-26 10:00:00,10,792.5,2.6
2022-09-26 11:00:00,11,561.4,3.7
2022-09-26 12:00:00,12,1833.9,6.3
2022-09-26 13:00:00,13,2346.6,5.9
2022-09-26 14:00:00,14,2655.9,6.3
2022-09-26 15:00:00,15,2993.5,7.3
2022-09-26 16:00:00,16,2940.6,7.1
2022-09-26 17:00:00,17,1840.2,7.0
2022-09-26 18:00:00,18,1454.4,6.3
2022-09-26 19:00:00,19,812.0,6.6
2022-09-26 20:00:00,20,244.8,6.4
2022-09-26 21:00:00,21,3.0,6.6
2022-09-26 22:00:00,22,,6.2
2022-09-26 23:00:00,23,,5.9
2022-09-27 00:00:00,0,,5.4
2022-09-27 01:00:00,1,,5.8
2022-09-27 02:00:00,2,,4.5
2022-09-27 03:00:00,3,,5.7
2022-09-27 04:00:00,4,,4.6
2022-09-27 05:00:00,5,,4.1
2022-09-27 06:00:00,6,,4.4
2022-09-27 07:00:00,7,,4.2
2022-09-27 08:00:00,8,,2.9
2022-09-27 09:00:00,9,165.8,2.7
2022-09-27 10:00:00,10,477.0,2.6
2022-09-27 11:00:00,11,1511.7,4.1
2022-09-27 12:00:00,12,2032.5,6.6
2022-09-27 13:00:00,13,1689.2,6.5
2022-09-27 14:00:00,14,3453.4,6.5
2022-09-27 15:00:00,15,3595.9,6.8
2022-09-27 16:00:00,16,3254.4,6.9
2022-09-27 17:00:00,17,2543.2,6.4
2022-09-27 18:00:00,18,2065.0,6.3
2022-09-27 19:00:00,19,1172.0,5.4
2022-09-27 20:00:00,20,277.6,5.2
2022-09-27 21:00:00,21,3.4,5.6
2022-09-27 22:00:00,22,,5.5
2022-09-27 23:00:00,23,,5.7
2022-09-28 00:00:00,0,,4.3
2022-09-28 01:00:00,1,,5.6
2022-09-28 02:00:00,2,,5.0
2022-09-28 03:00:00,3,,5.0
2022-09-28 04:00:00,4,,4.0
2022-09-28 05:00:00,5,,3.9
2022-09-28 06:00:00,6,,3.5
2022-09-28 07:00:00,7,,3.0
2022-09-28 08:00:00,8,,2.1
2022-09-28 09:00:00,9,224.5,2.4
2022-09-28 10:00:00,10,758.1,2.8
2022-09-28 11:00:00,11,2006.9,4.3
2022-09-28 12:00:00,12,2769.3,5.0
2022-09-28 13:00:00,13,3368.8,6.5
2022-09-28 14:00:00,14,3648.9,6.5
2022-09-28 15:00:00,15,3711.8,6.5
2022-09-28 16:00:00,16,3358.4,5.8
2022-09-28 17:00:00,17,2719.2,5.7
2022-09-28 18:00:00,18,2072.6,5.5
2022-09-28 19:00:00,19,1214.4,5.9
2022-09-28 20:00:00,20,245.3,4.8
2022-09-28 21:00:00,21,4.7,4.6
2022-09-28 22:00:00,22,,4.8
2022-09-28 23:00:00,23,,5.3
2022-09-29 00:00:00,0,,4.9
2022-09-29 01:00:00,1,,4.6
2022-09-29 02:00:00,2,,4.1
2022-09-29 03:00:00,3,,4.2
2022-09-29 04:00:00,4,,3.3
2022-09-29 05:00:00,5,,3.6
2022-09-29 06:00:00,6,,4.0
2022-09-29 07:00:00,7,,4.0
2022-09-29 08:00:00,8,,3.8
2022-09-29 09:00:00,9,305.2,1.3
2022-09-29 10:00:00,10,1045.1,5.1
2022-09-29 11:00:00,11,1756.9,4.7
2022-09-29 12:00:00,12,2366.9,5.4
2022-09-29 13:00:00,13,3298.4,5.2
2022-09-29 14:00:00,14,3617.7,4.4
2022-09-29 15:00:00,15,3632.2,4.2
2022-09-29 16:00:00,16,3267.1,5.3
2022-09-29 17:00:00,17,2659.8,4.6
2022-09-29 18:00:00,18,2020.1,5.0
2022-09-29 19:00:00,19,1189.5,5.0
2022-09-29 20:00:00,20,266.5,4.9
2022-09-29 21:00:00,21,4.3,4.9
2022-09-29 22:00:00,22,,4.7
2022-09-29 23:00:00,23,,4.5
2022-09-30 00:00:00,0,,4.5
2022-09-30 01:00:00,1,,4.8
2022-09-30 02:00:00,2,,4.5
2022-09-30 03:00:00,3,,4.4
2022-09-30 04:00:00,4,,4.5
2022-09-30 05:00:00,5,,4.8
2022-09-30 06:00:00,6,,4.3
2022-09-30 07:00:00,7,,3.7
2022-09-30 08:00:00,8,,3.8
2022-09-30 09:00:00,9,269.2,2.7
2022-09-30 10:00:00,10,727.6,2.5
2022-09-30 11:00:00,11,1780.5,5.3
2022-09-30 12:00:00,12,2733.1,5.7
2022-09-30 13:00:00,13,3298.5,6.4
2022-09-30 14:00:00,14,3478.5,5.2
2022-09-30 15:00:00,15,3573.9,5.5
2022-09-30 16:00:00,16,3200.8,6.1
2022-09-30 17:00:00,17,2667.7,5.9
2022-09-30 18:00:00,18,1699.2,5.8
2022-09-30 19:00:00,19,1114.3,5.5
2022-09-30 20:00:00,20,278.2,5.0
2022-09-30 21:00:00,21,6.3,5.3
2022-09-30 22:00:00,22,,4.6
2022-09-30 23:00:00,23,,6.1
2022-10-01 00:00:00,0,,5.2
2022-10-01 01:00:00,1,,5.4
2022-10-01 02:00:00,2,,5.2
2022-10-01 03:00:00,3,,4.8
2022-10-01 04:00:00,4,,4.7
2022-10-01 05:00:00,5,,2.9
2022-10-01 06:00:00,6,,4.1
2022-10-01 07:00:00,7,,4.1
2022-10-01 08:00:00,8,,3.6
2022-10-01 09:00:00,9,132.8,2.9
2022-10-01 10:00:00,10,945.3,3.8
2022-10-01 11:00:00,11,1481.8,6.5
2022-10-01 12:00:00,12,2571.0,7.0
2022-10-01 13:00:00,13,2974.4,7.7
2022-10-01 14:00:00,14,3321.5,6.9
2022-10-01 15:00:00,15,3647.4,5.6
2022-10-01 16:00:00,16,3227.9,6.1
2022-10-01 17:00:00,17,2720.3,6.1
2022-10-01 18:00:00,18,2012.4,6.1
2022-10-01 19:00:00,19,1203.9,5.6
2022-10-01 20:00:00,20,279.6,4.7
2022-10-01 21:00:00,21,3.1,4.6
2022-10-01 22:00:00,22,,4.7
2022-10-01 23:00:00,23,,4.5
2022-10-02 00:00:00,0,,4.8
2022-10-02 01:00:00,1,,3.7
2022-10-02 02:00:00,2,,5.0
2022-10-02 03:00:00,3,,4.6
2022-10-02 04:00:00,4,,3.9
2022-10-02 05:00:00,5,,2.6
2022-10-02 06:00:00,6,,2.4
2022-10-02 07:00:00,7,,2.3
2022-10-02 08:00:00,8,,2.3
2022-10-02 09:00:00,9,262.2,2.3
2022-10-02 10:00:00,10,1223.0,3.5
2022-10-02 11:00:00,11,2108.7,4.8
2022-10-02 12:00:00,12,2825.7,5.0
2022-10-02 13:00:00,13,3434.1,4.9
2022-10-02 14:00:00,14,3696.1,4.6
2022-10-02 15:00:00,15,3806.6,5.5
2022-10-02 16:00:00,16,3405.8,4.9
2022-10-02 17:00:00,17,2717.6,5.3
2022-10-02 18:00:00,18,2051.1,4.9
2022-10-02 19:00:00,19,1273.2,5.1
2022-10-02 20:00:00,20,303.0,4.7
2022-10-02 21:00:00,21,3.0,5.3
2022-10-02 22:00:00,22,,4.6
2022-10-02 23:00:00,23,,3.7
2022-10-03 00:00:00,0,,4.0
2022-10-03 01:00:00,1,,4.3
2022-10-03 02:00:00,2,,4.3
2022-10-03 03:00:00,3,,4.1
2022-10-03 04:00:00,4,,3.5
2022-10-03 05:00:00,5,,2.8
2022-10-03 06:00:00,6,,2.0
2022-10-03 07:00:00,7,,2.4
2022-10-03 08:00:00,8,,2.4
2022-10-03 09:00:00,9,183.4,2.1
2022-10-03 10:00:00,10,1159.6,3.4
2022-10-03 11:00:00,11,1472.5,4.0
2022-10-03 12:00:00,12,2827.9,6.2
2022-10-03 13:00:00,13,3341.9,5.3
2022-10-03 14:00:00,14,3711.5,5.9
2022-10-03 15:00:00,15,3635.7,5.6
2022-10-03 16:00:00,16,3221.6,5.9
2022-10-03 17:00:00,17,2703.1,6.0
2022-10-03 18:00:00,18,2048.4,5.1
2022-10-03 19:00:00,19,1220.0,5.7
2022-10-03 20:00:00,20,340.4,5.6
2022-10-03 21:00:00,21,3.2,5.2
2022-10-03 22:00:00,22,,4.7
2022-10-03 23:00:00,23,,4.8
2022-10-04 00:00:00,0,,4.3
2022-10-04 01:00:00,1,,4.4
2022-10-04 02:00:00,2,,4.7
2022-10-04 03:00:00,3,,4.5
2022-10-04 04:00:00,4,,3.3
2022-10-04 05:00:00,5,,4.0
2022-10-04 06:00:00,6,,4.0
2022-10-04 07:00:00,7,,3.8
2022-10-04 08:00:00,8,,4.4
2022-10-04 09:00:00,9,264.6,3.6
2022-10-04 10:00:00,10,1032.2,5.4
2022-10-04 11:00:00,11,1574.8,5.6
2022-10-04 12:00:00,12,2085.8,5.9
2022-10-04 13:00:00,13,3313.1,6.7
2022-10-04 14:00:00,14,3622.0,6.1
2022-10-04 15:00:00,15,3553.1,5.4
2022-10-04 16:00:00,16,3198.9,5.6
2022-10-04 17:00:00,17,2635.3,5.2
2022-10-04 18:00:00,18,1991.1,5.6
2022-10-04 19:00:00,19,1156.1,5.0
2022-10-04 20:00:00,20,320.1,5.3
2022-10-04 21:00:00,21,2.0,4.3
2022-10-04 22:00:00,22,,4.2
2022-10-04 23:00:00,23,,4.6
2022-10-05 00:00:00,0,,3.8
2022-10-05 01:00:00,1,,5.0
2022-10-05 02:00:00,2,,4.5
2022-10-05 03:00:00,3,,4.1
2022-10-05 04:00:00,4,,3.9
2022-10-05 05:00:00,5,,2.5
2022-10-05 06:00:00,6,,1.4
2022-10-05 07:00:00,7,,2.8
2022-10-05 08:00:00,8,,2.4
2022-10-05 09:00:00,9,286.5,2.0
2022-10-05 10:00:00,10,992.4,3.2
2022-10-05 11:00:00,11,1804.8,5.9
2022-10-05 12:00:00,12,2513.8,5.6
2022-10-05 13:00:00,13,3362.1,5.5
2022-10-05 14:00:00,14,3668.8,5.4
2022-10-05 15:00:00,15,3696.5,5.7
2022-10-05 16:00:00,16,3262.5,5.3
2022-10-05 17:00:00,17,2253.7,5.6
2022-10-05 18:00:00,18,2069.0,5.0
2022-10-05 19:00:00,19,907.6,4.7
2022-10-05 20:00:00,20,211.9,4.1
2022-10-05 21:00:00,21,2.3,3.6
2022-10-05 22:00:00,22,,3.3
2022-10-05 23:00:00,23,,3.4
2022-10-06 00:00:00,0,,3.7
2022-10-06 01:00:00,1,,2.9
2022-10-06 02:00:00,2,,3.3
2022-10-06 03:00:00,3,,2.4
2022-10-06 04:00:00,4,,2.7
2022-10-06 05:00:00,5,,2.3
2022-10-06 06:00:00,6,,2.3
2022-10-06 07:00:00,7,,2.1
2022-10-06 08:00:00,8,,2.5
2022-10-06 09:00:00,9,259.6,2.3
2022-10-06 10:00:00,10,1072.4,3.0
2022-10-06 11:00:00,11,1620.6,3.6
2022-10-06 12:00:00,12,2151.0,3.7
2022-10-06 13:00:00,13,3406.6,3.8
2022-10-06 14:00:00,14,3711.7,4.3
2022-10-06 15:00:00,15,3507.6,3.9
2022-10-06 16:00:00,16,3301.4,4.0
2022-10-06 17:00:00,17,2608.6,4.0
2022-10-06 18:00:00,18,1576.1,3.8
2022-10-06 19:00:00,19,792.8,3.7
2022-10-06 20:00:00,20,225.7,3.0
2022-10-06 21:00:00,21,4.4,3.1
2022-10-06 22:00:00,22,,3.1
2022-10-06 23:00:00,23,,3.2
2022-10-07 00:00:00,0,,3.4
2022-10-07 01:00:00,1,,3.4
2022-10-07 02:00:00,2,,3.8
2022-10-07 03:00:00,3,,3.0
2022-10-07 04:00:00,4,,3.2
2022-10-07 05:00:00,5,,3.0
2022-10-07 06:00:00,6,,2.4
2022-10-07 07:00:00,7,,3.4
2022-10-07 08:00:00,8,,3.2
2022-10-07 09:00:00,9,259.6,3.4
2022-10-07 10:00:00,10,1115.6,3.7
2022-10-07 11:00:00,11,1794.6,4.6
2022-10-07 12:00:00,12,2454.8,4.9
2022-10-07 13:00:00,13,3097.5,4.9
2022-10-07 14:00:00,14,3655.6,5.0
2022-10-07 15:00:00,15,3033.3,5.2
2022-10-07 16:00:00,16,3108.1,5.8
2022-10-07 17:00:00,17,2611.1,5.9
2022-10-07 18:00:00,18,1757.9,5.4
2022-10-07 19:00:00,19,599.7,4.9
2022-10-07 20:00:00,20,236.2,4.9
2022-10-07 21:00:00,21,2.5,4.8
2022-10-07 22:00:00,22,,5.4
2022-10-07 23:00:00,23,,4.9
2022-10-08 00:00:00,0,,4.6
2022-10-08 01:00:00,1,,5.2
2022-10-08 02:00:00,2,,4.8
2022-10-08 03:00:00,3,,4.1
2022-10-08 04:00:00,4,,3.8
2022-10-08 05:00:00,5,,4.3
2022-10-08 06:00:00,6,,3.7
2022-10-08 07:00:00,7,,2.7
2022-10-08 08:00:00,8,,2.4
2022-10-08 09:00:00,9,194.4,2.2
2022-10-08 10:00:00,10,1003.6,3.7
2022-10-08 11:00:00,11,1732.0,4.0
2022-10-08 12:00:00,12,1664.0,5.6
2022-10-08 13:00:00,13,2087.9,6.4
2022-10-08 14:00:00,14,3608.4,6.3
2022-10-08 15:00:00,15,2847.0,5.7
2022-10-08 16:00:00,16,2825.7,5.6
2022-10-08 17:00:00,17,2397.6,6.1
2022-10-08 18:00:00,18,1809.2,6.6
2022-10-08 19:00:00,19,739.0,6.1
2022-10-08 20:00:00,20,286.1,5.3
2022-10-08 21:00:00,21,2.8,4.4
2022-10-08 22:00:00,22,,4.9
2022-10-08 23:00:00,23,,4.0
2022-10-09 00:00:00,0,,4.5
2022-10-09 01:00:00,1,,3.9
2022-10-09 02:00:00,2,,3.6
2022-10-09 03:00:00,3,,4.0
2022-10-09 04:00:00,4,,3.9
2022-10-09 05:00:00,5,,4.4
2022-10-09 06:00:00,6,,3.7
2022-10-09 07:00:00,7,,2.7
2022-10-09 08:00:00,8,,2.6
2022-10-09 09:00:00,9,124.1,3.2
2022-10-09 10:00:00,10,527.1,3.9
2022-10-09 11:00:00,11,613.2,3.9
2022-10-09 12:00:00,12,1385.8,5.2
2022-10-09 13:00:00,13,2672.5,5.6
2022-10-09 14:00:00,14,2074.2,4.8
2022-10-09 15:00:00,15,2928.3,6.2
2022-10-09 16:00:00,16,2493.3,5.9
2022-10-09 17:00:00,17,2247.9,5.8
2022-10-09 18:00:00,18,1549.0,5.6
2022-10-09 19:00:00,19,799.5,4.7
2022-10-09 20:00:00,20,201.5,5.2
2022-10-09 21:00:00,21,3.6,4.5
2022-10-09 22:00:00,22,,4.2
2022-10-09 23:00:00,23,,3.9
2022-10-10 00:00:00,0,0.1,4.9
2022-10-10 01:00:00,1,0.3,4.7
2022-10-10 02:00:00,2,,4.9
2022-10-10 03:00:00,3,,4.3
2022-10-10 04:00:00,4,1.2,3.8
2022-10-10 05:00:00,5,,3.3
2022-10-10 06:00:00,6,,3.4
2022-10-10 07:00:00,7,0.1,3.3
2022-10-10 08:00:00,8,,4.2
2022-10-10 09:00:00,9,68.2,2.0
2022-10-10 10:00:00,10,408.8,2.7
2022-10-10 11:00:00,11,1137.7,3.4
2022-10-10 12:00:00,12,1177.7,3.4
2022-10-10 13:00:00,13,1906.7,3.4
2022-10-10 14:00:00,14,2635.4,3.7
2022-10-10 15:00:00,15,1906.5,4.9
2022-10-10 16:00:00,16,1183.4,6.0
2022-10-10 17:00:00,17,2520.0,5.6
2022-10-10 18:00:00,18,1786.0,6.7
2022-10-10 19:00:00,19,1140.5,7.1
2022-10-10 20:00:00,20,316.1,5.9
2022-10-10 21:00:00,21,2.1,4.7
2022-10-10 22:00:00,22,,5.1
2022-10-10 23:00:00,23,,5.9
2022-10-11 00:00:00,0,,5.4
2022-10-11 01:00:00,1,,5.0
2022-10-11 02:00:00,2,,4.8
2022-10-11 03:00:00,3,,4.6
2022-10-11 04:00:00,4,,5.0
2022-10-11 05:00:00,5,,5.3
2022-10-11 06:00:00,6,,3.0
2022-10-11 07:00:00,7,,2.8
2022-10-11 08:00:00,8,,3.5
2022-10-11 09:00:00,9,87.9,2.6
2022-10-11 10:00:00,10,291.5,3.4
2022-10-11 11:00:00,11,1089.8,7.7
2022-10-11 12:00:00,12,2632.2,7.4
2022-10-11 13:00:00,13,3164.0,7.8
2022-10-11 14:00:00,14,3263.3,8.0
2022-10-11 15:00:00,15,3607.8,6.7
2022-10-11 16:00:00,16,3295.1,7.9
2022-10-11 17:00:00,17,2681.1,8.6
2022-10-11 18:00:00,18,2003.2,7.6
2022-10-11 19:00:00,19,1167.4,6.7
2022-10-11 20:00:00,20,333.0,6.8
2022-10-11 21:00:00,21,2.9,5.9
2022-10-11 22:00:00,22,,5.4
2022-10-11 23:00:00,23,,4.8
2022-10-12 00:00:00,0,,4.2
2022-10-12 01:00:00,1,,3.9
2022-10-12 02:00:00,2,,3.0
2022-10-12 03:00:00,3,,3.8
2022-10-12 04:00:00,4,,3.9
2022-10-12 05:00:00,5,,3.4
2022-10-12 06:00:00,6,,3.5
2022-10-12 07:00:00,7,,2.4
2022-10-12 08:00:00,8,,2.6
2022-10-12 09:00:00,9,350.2,3.2
2022-10-12 10:00:00,10,1257.6,4.0
2022-10-12 11:00:00,11,1403.9,6.0
2022-10-12 12:00:00,12,2782.9,6.5
2022-10-12 13:00:00,13,2612.0,7.3
2022-10-12 14:00:00,14,3117.1,7.0
2022-10-12 15:00:00,15,3535.2,6.8
2022-10-12 16:00:00,16,2895.2,6.1
2022-10-12 17:00:00,17,1904.7,6.8
2022-10-12 18:00:00,18,1361.1,6.3
2022-10-12 19:00:00,19,582.8,5.7
2022-10-12 20:00:00,20,293.2,5.3
2022-10-12 21:00:00,21,3.8,5.6
2022-10-12 22:00:00,22,,4.7
2022-10-12 23:00:00,23,,4.7
2022-10-13 00:00:00,0,,4.8
2022-10-13 01:00:00,1,,4.5
2022-10-13 02:00:00,2,,4.7
2022-10-13 03:00:00,3,,4.1
2022-10-13 04:00:00,4,,4.1
2022-10-13 05:00:00,5,,2.2
2022-10-13 06:00:00,6,,2.9
2022-10-13 07:00:00,7,,2.7
2022-10-13 08:00:00,8,,3.1
2022-10-13 09:00:00,9,326.1,2.7
2022-10-13 10:00:00,10,674.7,3.2
2022-10-13 11:00:00,11,871.4,3.5
2022-10-13 12:00:00,12,1819.0,6.4
2022-10-13 13:00:00,13,3371.2,5.9
2022-10-13 14:00:00,14,3391.7,6.5
2022-10-13 15:00:00,15,3466.1,6.7
2022-10-13 16:00:00,16,3173.2,6.3
2022-10-13 17:00:00,17,2661.5,5.6
2022-10-13 18:00:00,18,1942.4,5.8
2022-10-13 19:00:00,19,798.3,5.5
2022-10-13 20:00:00,20,330.8,5.4
2022-10-13 21:00:00,21,2.6,5.1
2022-10-13 22:00:00,22,,4.7
2022-10-13 23:00:00,23,,5.9
2022-10-14 00:00:00,0,,5.1
2022-10-14 01:00:00,1,,5.2
2022-10-14 02:00:00,2,,5.3
2022-10-14 03:00:00,3,,5.2
2022-10-14 04:00:00,4,,6.0
2022-10-14 05:00:00,5,,5.1
2022-10-14 06:00:00,6,,5.3
2022-10-14 07:00:00,7,,4.5
2022-10-14 08:00:00,8,,4.0
2022-10-14 09:00:00,9,274.0,4.2
2022-10-14 10:00:00,10,1048.9,5.0
2022-10-14 11:00:00,11,1873.9,5.5
2022-10-14 12:00:00,12,2910.0,5.8
2022-10-14 13:00:00,13,3370.1,5.9
2022-10-14 14:00:00,14,3590.7,5.5
2022-10-14 15:00:00,15,3630.4,6.1
2022-10-14 16:00:00,16,3274.2,5.4
2022-10-14 17:00:00,17,2714.4,5.9
2022-10-14 18:00:00,18,2054.7,4.6
2022-10-14 19:00:00,19,1225.4,6.0
2022-10-14 20:00:00,20,350.4,5.0
2022-10-14 21:00:00,21,2.1,4.4
2022-10-14 22:00:00,22,,5.2
2022-10-14 23:00:00,23,,5.4
2022-10-15 00:00:00,0,,5.3
2022-10-15 01:00:00,1,,5.5
2022-10-15 02:00:00,2,,5.3
2022-10-15 03:00:00,3,,4.8
2022-10-15 04:00:00,4,,5.1
2022-10-15 05:00:00,5,,3.8
2022-10-15 06:00:00,6,,3.5
2022-10-15 07:00:00,7,,2.5
2022-10-15 08:00:00,8,0.8,2.1
2022-10-15 09:00:00,9,215.9,3.1
2022-10-15 10:00:00,10,1250.1,3.2
2022-10-15 11:00:00,11,1976.1,5.1
2022-10-15 12:00:00,12,2944.2,5.8
2022-10-15 13:00:00,13,3147.2,5.9
2022-10-15 14:00:00,14,3600.5,5.7
2022-10-15 15:00:00,15,3406.2,5.8
2022-10-15 16:00:00,16,2790.0,6.9
2022-10-15 17:00:00,17,2393.9,6.9
2022-10-15 18:00:00,18,1993.5,6.2
2022-10-15 19:00:00,19,969.4,7.3
2022-10-15 20:00:00,20,353.1,5.5
2022-10-15 21:00:00,21,2.1,5.8
2022-10-15 22:00:00,22,,4.9
2022-10-15 23:00:00,23,,6.2
2022-10-16 00:00:00,0,,4.7
2022-10-16 01:00:00,1,,4.8
2022-10-16 02:00:00,2,,5.1
2022-10-16 03:00:00,3,,4.3
2022-10-16 04:00:00,4,,2.8
2022-10-16 05:00:00,5,,2.2
2022-10-16 06:00:00,6,,3.0
2022-10-16 07:00:00,7,,3.0
2022-10-16 08:00:00,8,,3.3
2022-10-16 09:00:00,9,233.8,2.6
2022-10-16 10:00:00,10,1055.3,4.1
2022-10-16 11:00:00,11,1889.7,6.9
2022-10-16 12:00:00,12,2449.7,6.2
2022-10-16 13:00:00,13,3264.0,6.2
2022-10-16 14:00:00,14,3520.1,6.7
2022-10-16 15:00:00,15,3303.3,7.3
2022-10-16 16:00:00,16,3025.9,7.1
2022-10-16 17:00:00,17,2409.3,5.8
2022-10-16 18:00:00,18,1765.0,5.1
2022-10-16 19:00:00,19,907.2,5.2
2022-10-16 20:00:00,20,298.4,4.9
2022-10-16 21:00:00,21,1.8,4.8
2022-10-16 22:00:00,22,,5.8
2022-10-16 23:00:00,23,,4.5
2022-10-17 00:00:00,0,,4.5
2022-10-17 01:00:00,1,,5.2
2022-10-17 02:00:00,2,,4.9
2022-10-17 03:00:00,3,,4.8
2022-10-17 04:00:00,4,,4.6
2022-10-17 05:00:00,5,,4.2
2022-10-17 06:00:00,6,,4.7
2022-10-17 07:00:00,7,,4.7
2022-10-17 08:00:00,8,,4.7
2022-10-17 09:00:00,9,295.7,5.2
2022-10-17 10:00:00,10,968.2,5.9
2022-10-17 11:00:00,11,1980.2,5.8
2022-10-17 12:00:00,12,2418.5,6.3
2022-10-17 13:00:00,13,3172.1,6.5
2022-10-17 14:00:00,14,3716.5,7.0
2022-10-17 15:00:00,15,3532.3,7.0
2022-10-17 16:00:00,16,2941.2,7.5
2022-10-17 17:00:00,17,2275.0,6.3
2022-10-17 18:00:00,18,1878.9,6.2
2022-10-17 19:00:00,19,909.7,6.3
2022-10-17 20:00:00,20,291.9,5.5
2022-10-17 21:00:00,21,2.1,5.8
2022-10-17 22:00:00,22,,5.8
2022-10-17 23:00:00,23,,5.4
2022-10-18 00:00:00,0,,6.2
2022-10-18 01:00:00,1,,5.0
2022-10-18 02:00:00,2,,4.3
2022-10-18 03:00:00,3,,4.7
2022-10-18 04:00:00,4,,4.1
2022-10-18 05:00:00,5,,4.9
2022-10-18 06:00:00,6,,4.4
2022-10-18 07:00:00,7,,4.1
2022-10-18 08:00:00,8,,4.0
2022-10-18 09:00:00,9,295.4,5.3
2022-10-18 10:00:00,10,1015.3,5.1
2022-10-18 11:00:00,11,2070.2,5.8
2022-10-18 12:00:00,12,2355.5,5.8
2022-10-18 13:00:00,13,3264.2,5.8
2022-10-18 14:00:00,14,3446.3,6.6
2022-10-18 15:00:00,15,2814.5,6.5
2022-10-18 16:00:00,16,822.9,6.3
2022-10-18 17:00:00,17,1041.1,5.0
2022-10-18 18:00:00,18,1743.0,5.8
2022-10-18 19:00:00,19,433.1,3.8
2022-10-18 20:00:00,20,145.9,3.0
2022-10-18 21:00:00,21,9.2,3.5
2022-10-18 22:00:00,22,,5.0
2022-10-18 23:00:00,23,,5.3
2022-10-19 00:00:00,0,,4.9
2022-10-19 01:00:00,1,,5.0
2022-10-19 02:00:00,2,,5.1
2022-10-19 03:00:00,3,,5.3
2022-10-19 04:00:00,4,,5.4
2022-10-19 05:00:00,5,,4.9
2022-10-19 06:00:00,6,,4.9
2022-10-19 07:00:00,7,,4.6
2022-10-19 08:00:00,8,,5.3
2022-10-19 09:00:00,9,349.5,4.9
2022-10-19 10:00:00,10,952.4,5.5
2022-10-19 11:00:00,11,1769.1,5.6
2022-10-19 12:00:00,12,2341.2,5.9
2022-10-19 13:00:00,13,3110.9,7.0
2022-10-19 14:00:00,14,3733.0,6.9
2022-10-19 15:00:00,15,3641.1,7.3
2022-10-19 16:00:00,16,3104.9,7.0
2022-10-19 17:00:00,17,2471.4,7.0
2022-10-19 18:00:00,18,1761.0,6.3
2022-10-19 19:00:00,19,784.8,5.4
2022-10-19 20:00:00,20,254.8,5.5
2022-10-19 21:00:00,21,3.1,5.0
2022-10-19 22:00:00,22,,4.5
2022-10-19 23:00:00,23,,5.2
2022-10-20 00:00:00,0,,4.8
2022-10-20 01:00:00,1,,4.5
2022-10-20 02:00:00,2,,5.3
2022-10-20 03:00:00,3,,4.4
2022-10-20 04:00:00,4,,5.3
2022-10-20 05:00:00,5,,4.6
2022-10-20 06:00:00,6,,4.3
2022-10-20 07:00:00,7,,5.0
2022-10-20 08:00:00,8,,4.4
2022-10-20 09:00:00,9,368.0,5.4
2022-10-20 10:00:00,10,990.2,5.2
2022-10-20 11:00:00,11,2201.8,5.7
2022-10-20 12:00:00,12,2581.1,6.6
2022-10-20 13:00:00,13,3328.2,6.5
2022-10-20 14:00:00,14,3578.5,6.2
2022-10-20 15:00:00,15,3568.1,6.7
2022-10-20 16:00:00,16,3068.2,6.6
2022-10-20 17:00:00,17,2394.0,5.9
2022-10-20 18:00:00,18,1574.3,6.1
2022-10-20 19:00:00,19,835.9,5.8
2022-10-20 20:00:00,20,309.9,5.7
2022-10-20 21:00:00,21,2.2,4.8
2022-10-20 22:00:00,22,,5.5
2022-10-20 23:00:00,23,,5.0
2022-10-21 00:00:00,0,,5.4
2022-10-21 01:00:00,1,,5.8
2022-10-21 02:00:00,2,,4.8
2022-10-21 03:00:00,3,,5.1
2022-10-21 04:00:00,4,,5.4
2022-10-21 05:00:00,5,,4.8
2022-10-21 06:00:00,6,,5.4
2022-10-21 07:00:00,7,,4.6
2022-10-21 08:00:00,8,0.6,4.5
2022-10-21 09:00:00,9,422.7,4.4
2022-10-21 10:00:00,10,1314.7,5.2
2022-10-21 11:00:00,11,1925.6,5.5
2022-10-21 12:00:00,12,2779.4,5.2
2022-10-21 13:00:00,13,3461.9,5.6
2022-10-21 14:00:00,14,3698.5,5.4
2022-10-21 15:00:00,15,3694.5,6.6
2022-10-21 16:00:00,16,3277.8,6.0
2022-10-21 17:00:00,17,2751.6,6.4
2022-10-21 18:00:00,18,2034.0,5.4
2022-10-21 19:00:00,19,1176.2,4.9
2022-10-21 20:00:00,20,287.5,4.4
2022-10-21 21:00:00,21,2.3,4.0
2022-10-21 22:00:00,22,,4.8
2022-10-21 23:00:00,23,,4.1
2022-10-22 00:00:00,0,,3.9
2022-10-22 01:00:00,1,,4.3
2022-10-22 02:00:00,2,,4.5
2022-10-22 03:00:00,3,,3.5
2022-10-22 04:00:00,4,,3.9
2022-10-22 05:00:00,5,,3.9
2022-10-22 06:00:00,6,,3.8
2022-10-22 07:00:00,7,,4.0
2022-10-22 08:00:00,8,0.6,4.0
2022-10-22 09:00:00,9,308.6,3.8
2022-10-22 10:00:00,10,1184.3,4.3
2022-10-22 11:00:00,11,2071.1,5.3
2022-10-22 12:00:00,12,2759.4,4.1
2022-10-22 13:00:00,13,3137.9,4.6
2022-10-22 14:00:00,14,3492.9,4.0
2022-10-22 15:00:00,15,3607.0,4.8
2022-10-22 16:00:00,16,2877.1,4.6
2022-10-22 17:00:00,17,2401.9,4.6
2022-10-22 18:00:00,18,1728.6,4.5
2022-10-22 19:00:00,19,1015.7,4.6
2022-10-22 20:00:00,20,290.2,3.9
2022-10-22 21:00:00,21,1.5,4.0
2022-10-22 22:00:00,22,,4.4
2022-10-22 23:00:00,23,,4.1
2022-10-23 00:00:00,0,,3.5
2022-10-23 01:00:00,1,,4.2
2022-10-23 02:00:00,2,,3.8
2022-10-23 03:00:00,3,,3.1
2022-10-23 04:00:00,4,,2.8
2022-10-23 05:00:00,5,,3.1
2022-10-23 06:00:00,6,,2.6
2022-10-23 07:00:00,7,,3.2
2022-10-23 08:00:00,8,,2.3
2022-10-23 09:00:00,9,143.0,3.4
2022-10-23 10:00:00,10,738.6,3.6
2022-10-23 11:00:00,11,1813.9,3.1
2022-10-23 12:00:00,12,1444.6,2.9
2022-10-23 13:00:00,13,2014.8,3.6
2022-10-23 14:00:00,14,3712.0,4.4
2022-10-23 15:00:00,15,3569.7,4.3
2022-10-23 16:00:00,16,3245.4,4.3
2022-10-23 17:00:00,17,2597.6,3.7
2022-10-23 18:00:00,18,1882.7,3.7
2022-10-23 19:00:00,19,1081.6,3.5
2022-10-23 20:00:00,20,289.7,3.0
2022-10-23 21:00:00,21,1.7,3.6
2022-10-23 22:00:00,22,,3.9
2022-10-23 23:00:00,23,,3.6
2022-10-24 00:00:00,0,,3.7
2022-10-24 01:00:00,1,,3.9
2022-10-24 02:00:00,2,,3.2
2022-10-24 03:00:00,3,,3.2
2022-10-24 04:00:00,4,,3.0
2022-10-24 05:00:00,5,,3.2
2022-10-24 06:00:00,6,,3.8
2022-10-24 07:00:00,7,,3.6
2022-10-24 08:00:00,8,0.8,3.4
2022-10-24 09:00:00,9,279.7,3.6
2022-10-24 10:00:00,10,865.9,3.9
2022-10-24 11:00:00,11,1894.3,4.6
2022-10-24 12:00:00,12,2454.7,4.8
2022-10-24 13:00:00,13,3043.8,4.7
2022-10-24 14:00:00,14,3453.7,4.1
2022-10-24 15:00:00,15,2833.2,4.7
2022-10-24 16:00:00,16,2310.9,4.0
2022-10-24 17:00:00,17,2042.6,4.3
2022-10-24 18:00:00,18,1165.6,3.7
2022-10-24 19:00:00,19,608.1,2.8
2022-10-24 20:00:00,20,228.8,3.2
2022-10-24 21:00:00,21,1.8,3.5
2022-10-24 22:00:00,22,,3.7
2022-10-24 23:00:00,23,,3.5
2022-10-25 00:00:00,0,,4.1
2022-10-25 01:00:00,1,,4.1
2022-10-25 02:00:00,2,,4.0
2022-10-25 03:00:00,3,,4.0
2022-10-25 04:00:00,4,,3.4
2022-10-25 05:00:00,5,,3.4
2022-10-25 06:00:00,6,,3.4
2022-10-25 07:00:00,7,,4.1
2022-10-25 08:00:00,8,0.5,3.3
2022-10-25 09:00:00,9,143.3,3.7
2022-10-25 10:00:00,10,889.2,4.2
2022-10-25 11:00:00,11,1590.8,4.1
2022-10-25 12:00:00,12,1315.3,3.7
2022-10-25 13:00:00,13,2390.6,4.4
2022-10-25 14:00:00,14,2939.8,4.1
2022-10-25 15:00:00,15,3030.4,4.5
2022-10-25 16:00:00,16,2340.2,4.7
2022-10-25 17:00:00,17,2507.4,3.9
2022-10-25 18:00:00,18,1984.6,3.9
2022-10-25 19:00:00,19,1104.4,3.9
2022-10-25 20:00:00,20,273.2,2.6
2022-10-25 21:00:00,21,0.5,2.7
2022-10-25 22:00:00,22,,2.8
2022-10-25 23:00:00,23,,3.5
2022-10-26 00:00:00,0,,3.5
2022-10-26 01:00:00,1,,4.0
2022-10-26 02:00:00,2,,2.7
2022-10-26 03:00:00,3,,2.9
2022-10-26 04:00:00,4,,2.9
2022-10-26 05:00:00,5,,2.5
2022-10-26 06:00:00,6,,3.3
2022-10-26 07:00:00,7,,2.5
2022-10-26 08:00:00,8,1.1,2.5
2022-10-26 09:00:00,9,383.2,3.5
2022-10-26 10:00:00,10,737.9,3.9
2022-10-26 11:00:00,11,1498.6,3.9
2022-10-26 12:00:00,12,2520.6,4.1
2022-10-26 13:00:00,13,3218.1,3.9
2022-10-26 14:00:00,14,3598.3,4.2
2022-10-26 15:00:00,15,3480.5,3.5
2022-10-26 16:00:00,16,3180.1,3.8
2022-10-26 17:00:00,17,2521.0,4.3
2022-10-26 18:00:00,18,1492.0,4.1
2022-10-26 19:00:00,19,915.2,4.3
2022-10-26 20:00:00,20,191.7,3.6
2022-10-26 21:00:00,21,,3.6
2022-10-26 22:00:00,22,,3.9
2022-10-26 23:00:00,23,,3.7
2022-10-27 00:00:00,0,,3.7
2022-10-27 01:00:00,1,,3.5
2022-10-27 02:00:00,2,,3.4
2022-10-27 03:00:00,3,,3.2
2022-10-27 04:00:00,4,,3.4
2022-10-27 05:00:00,5,,3.4
2022-10-27 06:00:00,6,,2.8
2022-10-27 07:00:00,7,,2.9
2022-10-27 08:00:00,8,0.1,3.8
2022-10-27 09:00:00,9,272.2,3.9
2022-10-27 10:00:00,10,795.5,3.8
2022-10-27 11:00:00,11,1595.0,4.6
2022-10-27 12:00:00,12,2520.1,4.8
2022-10-27 13:00:00,13,3207.4,5.2
2022-10-27 14:00:00,14,3605.7,5.1
2022-10-27 15:00:00,15,3627.2,5.8
2022-10-27 16:00:00,16,3264.5,5.8
2022-10-27 17:00:00,17,2682.6,5.8
2022-10-27 18:00:00,18,1893.7,5.2
2022-10-27 19:00:00,19,1004.2,5.2
2022-10-27 20:00:00,20,329.1,4.0
2022-10-27 21:00:00,21,3.4,4.6
2022-10-27 22:00:00,22,,4.5
2022-10-27 23:00:00,23,,4.1
2022-10-28 00:00:00,0,,4.1
2022-10-28 01:00:00,1,,4.2
2022-10-28 02:00:00,2,,3.9
2022-10-28 03:00:00,3,,4.8
2022-10-28 04:00:00,4,,3.5
2022-10-28 05:00:00,5,,4.5
2022-10-28 06:00:00,6,,4.9
2022-10-28 07:00:00,7,,5.1
2022-10-28 08:00:00,8,0.9,3.8
2022-10-28 09:00:00,9,427.1,4.8
2022-10-28 10:00:00,10,981.0,5.6
2022-10-28 11:00:00,11,1639.0,6.0
2022-10-28 12:00:00,12,2683.9,6.1
2022-10-28 13:00:00,13,3341.3,6.4
2022-10-28 14:00:00,14,3306.5,6.8
2022-10-28 15:00:00,15,3400.5,5.9
2022-10-28 16:00:00,16,2787.1,6.6
2022-10-28 17:00:00,17,2189.4,5.9
2022-10-28 18:00:00,18,1873.8,6.1
2022-10-28 19:00:00,19,1065.4,6.3
2022-10-28 20:00:00,20,331.4,6.0
2022-10-28 21:00:00,21,2.6,5.0
2022-10-28 22:00:00,22,,5.5
2022-10-28 23:00:00,23,,4.4
2022-10-29 00:00:00,0,,4.6
2022-10-29 01:00:00,1,,4.6
2022-10-29 02:00:00,2,,4.1
2022-10-29 03:00:00,3,,5.1
2022-10-29 04:00:00,4,,4.0
2022-10-29 05:00:00,5,,4.1
2022-10-29 06:00:00,6,,4.3
2022-10-29 07:00:00,7,,4.4
2022-10-29 08:00:00,8,2.2,5.2
2022-10-29 09:00:00,9,144.5,4.0
2022-10-29 10:00:00,10,575.2,5.3
2022-10-29 11:00:00,11,1337.7,5.6
2022-10-29 12:00:00,12,2596.4,6.5
2022-10-29 13:00:00,13,2858.9,5.4
2022-10-29 14:00:00,14,2523.5,6.4
2022-10-29 15:00:00,15,3463.8,6.4
2022-10-29 16:00:00,16,2907.0,6.0
2022-10-29 17:00:00,17,2180.4,6.8
2022-10-29 18:00:00,18,1167.0,6.9
2022-10-29 19:00:00,19,1141.4,6.0
2022-10-29 20:00:00,20,303.0,5.5
2022-10-29 21:00:00,21,1.8,5.0
2022-10-29 22:00:00,22,,4.5
2022-10-29 23:00:00,23,,4.5
2022-10-30 00:00:00,0,,5.0
2022-10-30 01:00:00,1,,5.1
2022-10-30 02:00:00,2,,4.6
2022-10-30 03:00:00,3,,5.7
2022-10-30 04:00:00,4,,3.4
2022-10-30 05:00:00,5,,3.1
2022-10-30 06:00:00,6,,4.1
2022-10-30 07:00:00,7,,4.0
2022-10-30 08:00:00,8,2.0,4.2
2022-10-30 09:00:00,9,382.9,4.6
2022-10-30 10:00:00,10,1357.3,4.6
2022-10-30 11:00:00,11,2165.0,4.7
2022-10-30 12:00:00,12,2829.2,4.9
2022-10-30 13:00:00,13,3266.6,5.8
2022-10-30 14:00:00,14,3638.6,6.0
2022-10-30 15:00:00,15,3593.1,4.8
2022-10-30 16:00:00,16,3239.7,4.9
2022-10-30 17:00:00,17,2717.4,4.9
2022-10-30 18:00:00,18,1989.0,5.0
2022-10-30 19:00:00,19,999.9,4.8
2022-10-30 20:00:00,20,304.9,4.3
2022-10-30 21:00:00,21,2.3,3.7
2022-10-30 22:00:00,22,,4.1
2022-10-30 23:00:00,23,,3.2
2022-10-31 00:00:00,0,,3.9
2022-10-31 01:00:00,1,,4.2
2022-10-31 02:00:00,2,,4.0
2022-10-31 03:00:00,3,,4.2
2022-10-31 04:00:00,4,,3.5
2022-10-31 05:00:00,5,,3.9
2022-10-31 06:00:00,6,,2.5
2022-10-31 07:00:00,7,,1.7
2022-10-31 08:00:00,8,0.1,2.4
2022-10-31 09:00:00,9,334.1,2.0
2022-10-31 10:00:00,10,1174.6,2.7
2022-10-31 11:00:00,11,2100.3,4.7
2022-10-31 12:00:00,12,2521.3,4.5
2022-10-31 13:00:00,13,3223.3,4.8
2022-10-31 14:00:00,14,3594.0,4.8
2022-10-31 15:00:00,15,3514.1,5.0
2022-10-31 16:00:00,16,3236.2,4.7
2022-10-31 17:00:00,17,2704.0,4.6
2022-10-31 18:00:00,18,2045.9,4.7
2022-10-31 19:00:00,19,1233.8,4.7
2022-10-31 20:00:00,20,354.4,3.8
2022-10-31 21:00:00,21,0.9,3.5
2022-10-31 22:00:00,22,,4.3
2022-10-31 23:00:00,23,,4.3
2022-11-01 00:00:00,0,,4.4
2022-11-01 01:00:00,1,,3.5
2022-11-01 02:00:00,2,,3.9
2022-11-01 03:00:00,3,,3.7
2022-11-01 04:00:00,4,,3.5
2022-11-01 05:00:00,5,,2.8
2022-11-01 06:00:00,6,,2.7
2022-11-01 07:00:00,7,,2.3
2022-11-01 08:00:00,8,1.9,3.3
2022-11-01 09:00:00,9,383.7,3.2
2022-11-01 10:00:00,10,1123.9,3.9
2022-11-01 11:00:00,11,2108.2,4.0
2022-11-01 12:00:00,12,2637.8,3.8
2022-11-01 13:00:00,13,3397.0,4.2
2022-11-01 14:00:00,14,3582.0,4.5
2022-11-01 15:00:00,15,3567.5,4.7
2022-11-01 16:00:00,16,3240.9,4.4
2022-11-01 17:00:00,17,2721.4,4.3
2022-11-01 18:00:00,18,2078.8,4.2
2022-11-01 19:00:00,19,1250.2,3.7
2022-11-01 20:00:00,20,355.9,3.3
2022-11-01 21:00:00,21,0.6,3.4
2022-11-01 22:00:00,22,,3.1
2022-11-01 23:00:00,23,,3.7
2022-11-02 00:00:00,0,,3.1
2022-11-02 01:00:00,1,,3.4
2022-11-02 02:00:00,2,,3.4
2022-11-02 03:00:00,3,,3.4
2022-11-02 04:00:00,4,,3.9
2022-11-02 05:00:00,5,,3.7
2022-11-02 06:00:00,6,,3.7
2022-11-02 07:00:00,7,,3.8
2022-11-02 08:00:00,8,1.2,3.4
2022-11-02 09:00:00,9,305.5,3.7
2022-11-02 10:00:00,10,1171.6,4.2
2022-11-02 11:00:00,11,2241.4,4.5
2022-11-02 12:00:00,12,2890.5,4.5
2022-11-02 13:00:00,13,3256.4,4.5
2022-11-02 14:00:00,14,3507.9,4.1
2022-11-02 15:00:00,15,3475.4,4.5
2022-11-02 16:00:00,16,3228.6,4.2
2022-11-02 17:00:00,17,2662.6,4.3
2022-11-02 18:00:00,18,2108.2,4.1
2022-11-02 19:00:00,19,954.4,4.1
2022-11-02 20:00:00,20,346.5,4.3
2022-11-02 21:00:00,21,2.3,4.0
2022-11-02 22:00:00,22,,4.2
2022-11-02 23:00:00,23,,4.4
2022-11-03 00:00:00,0,,3.7
2022-11-03 01:00:00,1,,3.5
2022-11-03 02:00:00,2,,3.1
2022-11-03 03:00:00,3,,3.2
2022-11-03 04:00:00,4,,3.3
2022-11-03 05:00:00,5,,3.1
2022-11-03 06:00:00,6,,3.1
2022-11-03 07:00:00,7,,2.6
2022-11-03 08:00:00,8,3.3,2.7
2022-11-03 09:00:00,9,363.7,2.8
2022-11-03 10:00:00,10,1086.4,3.5
2022-11-03 11:00:00,11,2012.9,3.4
2022-11-03 12:00:00,12,2620.4,3.6
2022-11-03 13:00:00,13,3128.7,4.0
2022-11-03 14:00:00,14,3320.6,4.4
2022-11-03 15:00:00,15,3444.4,4.0
2022-11-03 16:00:00,16,3176.1,4.1
2022-11-03 17:00:00,17,2620.7,4.2
2022-11-03 18:00:00,18,1875.2,3.6
2022-11-03 19:00:00,19,971.4,3.2
2022-11-03 20:00:00,20,281.8,3.2
2022-11-03 21:00:00,21,1.3,3.1
2022-11-03 22:00:00,22,,4.5
2022-11-03 23:00:00,23,,4.2
2022-11-04 00:00:00,0,,3.9
2022-11-04 01:00:00,1,,2.8
2022-11-04 02:00:00,2,,1.9
2022-11-04 03:00:00,3,,2.9
2022-11-04 04:00:00,4,,2.2
2022-11-04 05:00:00,5,,2.7
2022-11-04 06:00:00,6,,1.9
2022-11-04 07:00:00,7,,2.4
2022-11-04 08:00:00,8,4.5,1.9
2022-11-04 09:00:00,9,396.4,2.7
2022-11-04 10:00:00,10,668.3,2.3
2022-11-04 11:00:00,11,763.9,2.8
2022-11-04 12:00:00,12,1820.7,4.0
2022-11-04 13:00:00,13,2992.7,4.0
2022-11-04 14:00:00,14,2941.6,4.6
2022-11-04 15:00:00,15,3148.3,4.4
2022-11-04 16:00:00,16,3012.2,4.6
2022-11-04 17:00:00,17,2143.4,3.7
2022-11-04 18:00:00,18,1490.2,3.7
2022-11-04 19:00:00,19,1048.9,3.4
2022-11-04 20:00:00,20,363.0,3.3
2022-11-04 21:00:00,21,1.0,3.0
2022-11-04 22:00:00,22,,2.4
2022-11-04 23:00:00,23,,2.3
2022-11-05 00:00:00,0,,2.0
2022-11-05 01:00:00,1,,2.0
2022-11-05 02:00:00,2,,2.6
2022-11-05 03:00:00,3,,2.5
2022-11-05 04:00:00,4,,2.0
2022-11-05 05:00:00,5,,2.2
2022-11-05 06:00:00,6,,1.3
2022-11-05 07:00:00,7,,0.9
2022-11-05 08:00:00,8,0.8,0.9
2022-11-05 09:00:00,9,314.5,1.1
2022-11-05 10:00:00,10,1057.9,2.5
2022-11-05 11:00:00,11,2012.1,2.8
2022-11-05 12:00:00,12,1844.2,2.7
2022-11-05 13:00:00,13,3351.1,4.4
2022-11-05 14:00:00,14,3513.3,4.4
2022-11-05 15:00:00,15,3495.7,4.2
2022-11-05 16:00:00,16,2931.2,4.0
2022-11-05 17:00:00,17,2602.7,5.0
2022-11-05 18:00:00,18,1977.2,5.2
2022-11-05 19:00:00,19,1207.3,4.3
2022-11-05 20:00:00,20,326.1,3.4
2022-11-05 21:00:00,21,2.9,3.9
2022-11-05 22:00:00,22,,2.9
2022-11-05 23:00:00,23,,3.3
2022-11-06 00:00:00,0,,3.3
2022-11-06 01:00:00,1,,3.0
2022-11-06 02:00:00,2,,3.2
2022-11-06 03:00:00,3,,3.0
2022-11-06 04:00:00,4,,3.5
2022-11-06 05:00:00,5,,2.4
2022-11-06 06:00:00,6,,2.9
2022-11-06 07:00:00,7,,3.0
2022-11-06 08:00:00,8,4.0,3.1
2022-11-06 09:00:00,9,288.7,2.9
2022-11-06 10:00:00,10,1049.7,3.3
2022-11-06 11:00:00,11,1766.4,3.9
2022-11-06 12:00:00,12,2601.2,4.0
2022-11-06 13:00:00,13,3178.7,4.5
2022-11-06 14:00:00,14,3441.5,4.6
2022-11-06 15:00:00,15,3443.6,4.2
2022-11-06 16:00:00,16,3183.7,4.0
2022-11-06 17:00:00,17,2492.6,4.8
2022-11-06 18:00:00,18,1804.2,4.5
2022-11-06 19:00:00,19,1032.0,4.0
2022-11-06 20:00:00,20,276.8,4.6
2022-11-06 21:00:00,21,,4.7
2022-11-06 22:00:00,22,,4.4
2022-11-06 23:00:00,23,,3.7
2022-11-07 00:00:00,0,,4.6
2022-11-07 01:00:00,1,,3.1
2022-11-07 02:00:00,2,,3.8
2022-11-07 03:00:00,3,,3.8
2022-11-07 04:00:00,4,,2.9
2022-11-07 05:00:00,5,,2.9
2022-11-07 06:00:00,6,,2.8
2022-11-07 07:00:00,7,,3.1
2022-11-07 08:00:00,8,6.3,2.6
2022-11-07 09:00:00,9,296.0,2.9
2022-11-07 10:00:00,10,1093.6,3.8
2022-11-07 11:00:00,11,1760.5,3.8
2022-11-07 12:00:00,12,2936.2,4.1
2022-11-07 13:00:00,13,3311.6,3.9
2022-11-07 14:00:00,14,3700.4,4.5
2022-11-07 15:00:00,15,3655.7,4.6
2022-11-07 16:00:00,16,3213.2,3.9
2022-11-07 17:00:00,17,2679.0,4.3
2022-11-07 18:00:00,18,1936.3,3.6
2022-11-07 19:00:00,19,800.9,3.2
2022-11-07 20:00:00,20,240.5,3.2
2022-11-07 21:00:00,21,3.5,3.1
2022-11-07 22:00:00,22,,3.0
2022-11-07 23:00:00,23,,3.4
2022-11-08 00:00:00,0,,3.8
2022-11-08 01:00:00,1,,3.6
2022-11-08 02:00:00,2,,3.1
2022-11-08 03:00:00,3,,2.9
2022-11-08 04:00:00,4,,2.6
2022-11-08 05:00:00,5,,3.2
2022-11-08 06:00:00,6,,2.2
2022-11-08 07:00:00,7,,2.1
2022-11-08 08:00:00,8,2.2,2.4
2022-11-08 09:00:00,9,297.0,3.1
2022-11-08 10:00:00,10,1167.9,3.4
2022-11-08 11:00:00,11,1890.0,3.8
2022-11-08 12:00:00,12,2432.3,4.0
2022-11-08 13:00:00,13,1914.5,2.9
2022-11-08 14:00:00,14,2980.2,4.0
2022-11-08 15:00:00,15,3690.1,4.2
2022-11-08 16:00:00,16,2746.4,4.1
2022-11-08 17:00:00,17,2655.2,4.5
2022-11-08 18:00:00,18,2019.6,4.5
2022-11-08 19:00:00,19,1214.6,3.8
2022-11-08 20:00:00,20,375.2,3.6
2022-11-08 21:00:00,21,4.9,2.7
2022-11-08 22:00:00,22,,3.2
2022-11-08 23:00:00,23,,3.9
2022-11-09 00:00:00,0,,3.3
2022-11-09 01:00:00,1,,3.5
2022-11-09 02:00:00,2,,2.8
2022-11-09 03:00:00,3,,3.2
2022-11-09 04:00:00,4,,3.0
2022-11-09 05:00:00,5,,3.0
2022-11-09 06:00:00,6,,2.2
2022-11-09 07:00:00,7,,1.9
2022-11-09 08:00:00,8,3.6,2.1
2022-11-09 09:00:00,9,444.2,2.6
2022-11-09 10:00:00,10,1152.6,3.5
2022-11-09 11:00:00,11,2105.3,3.0
2022-11-09 12:00:00,12,2537.4,3.9
2022-11-09 13:00:00,13,3008.4,4.1
2022-11-09 14:00:00,14,3521.4,4.3
2022-11-09 15:00:00,15,3553.9,4.8
2022-11-09 16:00:00,16,3248.6,4.4
2022-11-09 17:00:00,17,2598.0,4.9
2022-11-09 18:00:00,18,2005.0,4.9
2022-11-09 19:00:00,19,1025.6,4.8
2022-11-09 20:00:00,20,294.7,3.9
2022-11-09 21:00:00,21,4.0,4.4
2022-11-09 22:00:00,22,,4.2
2022-11-09 23:00:00,23,,3.8
2022-11-10 00:00:00,0,,3.9
2022-11-10 01:00:00,1,,4.3
2022-11-10 02:00:00,2,,4.6
2022-11-10 03:00:00,3,,4.2
2022-11-10 04:00:00,4,,4.6
2022-11-10 05:00:00,5,,4.0
2022-11-10 06:00:00,6,,3.7
2022-11-10 07:00:00,7,,3.8
2022-11-10 08:00:00,8,0.9,3.6
2022-11-10 09:00:00,9,426.8,3.9
2022-11-10 10:00:00,10,977.1,4.5
2022-11-10 11:00:00,11,2051.8,4.7
2022-11-10 12:00:00,12,2751.6,4.5
2022-11-10 13:00:00,13,3426.8,5.1
2022-11-10 14:00:00,14,3707.6,5.2
2022-11-10 15:00:00,15,3572.5,5.4
2022-11-10 16:00:00,16,3257.6,5.6
2022-11-10 17:00:00,17,2705.9,5.3
2022-11-10 18:00:00,18,2091.3,5.2
2022-11-10 19:00:00,19,1279.5,4.6
2022-11-10 20:00:00,20,400.3,3.7
2022-11-10 21:00:00,21,3.4,4.1
2022-11-10 22:00:00,22,,4.5
2022-11-10 23:00:00,23,,5.2
2022-11-11 00:00:00,0,,4.4
2022-11-11 01:00:00,1,,4.9
2022-11-11 02:00:00,2,,4.4
2022-11-11 03:00:00,3,,3.6
2022-11-11 04:00:00,4,,3.1
2022-11-11 05:00:00,5,,3.0
2022-11-11 06:00:00,6,,3.1
2022-11-11 07:00:00,7,,2.8
2022-11-11 08:00:00,8,6.4,2.8
2022-11-11 09:00:00,9,468.8,3.1
2022-11-11 10:00:00,10,1356.7,3.8
2022-11-11 11:00:00,11,2098.4,3.9
2022-11-11 12:00:00,12,2877.8,2.7
2022-11-11 13:00:00,13,3351.4,3.7
2022-11-11 14:00:00,14,3554.6,3.4
2022-11-11 15:00:00,15,3236.7,3.3
2022-11-11 16:00:00,16,3172.4,3.7
2022-11-11 17:00:00,17,2684.9,3.7
2022-11-11 18:00:00,18,2139.3,3.5
2022-11-11 19:00:00,19,1197.1,3.5
2022-11-11 20:00:00,20,364.7,3.0
2022-11-11 21:00:00,21,6.0,3.1
2022-11-11 22:00:00,22,,3.4
2022-11-11 23:00:00,23,,3.7
2022-11-12 00:00:00,0,,3.2
2022-11-12 01:00:00,1,,2.9
2022-11-12 02:00:00,2,,3.2
2022-11-12 03:00:00,3,,3.1
2022-11-12 04:00:00,4,,2.4
2022-11-12 05:00:00,5,,2.7
2022-11-12 06:00:00,6,,2.4
2022-11-12 07:00:00,7,,2.7
2022-11-12 08:00:00,8,7.0,2.9
2022-11-12 09:00:00,9,211.2,2.6
2022-11-12 10:00:00,10,867.6,3.2
2022-11-12 11:00:00,11,966.5,3.0
2022-11-12 12:00:00,12,2612.4,2.9
2022-11-12 13:00:00,13,2886.3,3.1
2022-11-12 14:00:00,14,3471.3,3.7
2022-11-12 15:00:00,15,3434.0,3.7
2022-11-12 16:00:00,16,2680.6,4.3
2022-11-12 17:00:00,17,1956.2,3.8
2022-11-12 18:00:00,18,1757.1,4.1
2022-11-12 19:00:00,19,704.1,3.3
2022-11-12 20:00:00,20,202.3,4.1
2022-11-12 21:00:00,21,1.5,2.1
2022-11-12 22:00:00,22,,3.6
2022-11-12 23:00:00,23,,2.7
2022-11-13 00:00:00,0,,2.0
2022-11-13 01:00:00,1,0.4,2.7
2022-11-13 02:00:00,2,,4.1
2022-11-13 03:00:00,3,,4.1
2022-11-13 04:00:00,4,,1.7
2022-11-13 05:00:00,5,,1.6
2022-11-13 06:00:00,6,,2.9
2022-11-13 07:00:00,7,2.5,2.6
2022-11-13 08:00:00,8,5.6,2.0
2022-11-13 09:00:00,9,156.4,2.2
2022-11-13 10:00:00,10,476.8,2.0
2022-11-13 11:00:00,11,834.1,3.7
2022-11-13 12:00:00,12,1932.0,3.7
2022-11-13 13:00:00,13,2604.4,4.0
2022-11-13 14:00:00,14,2878.3,4.4
2022-11-13 15:00:00,15,2877.4,3.9
2022-11-13 16:00:00,16,2858.1,4.8
2022-11-13 17:00:00,17,2057.5,4.3
2022-11-13 18:00:00,18,1730.6,3.7
2022-11-13 19:00:00,19,653.8,3.4
2022-11-13 20:00:00,20,183.4,2.1
2022-11-13 21:00:00,21,1.5,2.7
2022-11-13 22:00:00,22,,3.2
2022-11-13 23:00:00,23,,3.4
2022-11-14 00:00:00,0,,4.0
2022-11-14 01:00:00,1,,3.6
2022-11-14 02:00:00,2,,2.9
2022-11-14 03:00:00,3,,3.3
2022-11-14 04:00:00,4,,3.4
2022-11-14 05:00:00,5,,3.3
2022-11-14 06:00:00,6,,2.9
2022-11-14 07:00:00,7,,3.9
2022-11-14 08:00:00,8,4.7,3.3
2022-11-14 09:00:00,9,381.0,3.2
2022-11-14 10:00:00,10,948.0,3.9
2022-11-14 11:00:00,11,1863.3,4.3
2022-11-14 12:00:00,12,2654.3,4.6
2022-11-14 13:00:00,13,2616.4,4.2
2022-11-14 14:00:00,14,3258.8,4.8
2022-11-14 15:00:00,15,3197.1,4.2
2022-11-14 16:00:00,16,3225.3,4.2
2022-11-14 17:00:00,17,2412.4,4.2
2022-11-14 18:00:00,18,1870.8,3.5
2022-11-14 19:00:00,19,892.8,3.7
2022-11-14 20:00:00,20,317.9,3.1
2022-11-14 21:00:00,21,4.7,2.0
2022-11-14 22:00:00,22,,2.6
2022-11-14 23:00:00,23,,3.2
2022-11-15 00:00:00,0,,1.9
2022-11-15 01:00:00,1,,2.9
2022-11-15 02:00:00,2,,2.3
2022-11-15 03:00:00,3,,3.2
2022-11-15 04:00:00,4,,3.3
2022-11-15 05:00:00,5,,2.5
2022-11-15 06:00:00,6,,2.0
2022-11-15 07:00:00,7,,2.6
2022-11-15 08:00:00,8,6.1,2.4
2022-11-15 09:00:00,9,347.5,2.7
2022-11-15 10:00:00,10,1033.4,2.9
2022-11-15 11:00:00,11,1832.2,3.5
2022-11-15 12:00:00,12,2242.1,3.6
2022-11-15 13:00:00,13,2535.9,3.9
2022-11-15 14:00:00,14,2734.9,3.6
2022-11-15 15:00:00,15,3054.5,4.0
2022-11-15 16:00:00,16,3215.7,4.4
2022-11-15 17:00:00,17,2701.1,3.8
2022-11-15 18:00:00,18,1978.4,3.8
2022-11-15 19:00:00,19,1193.0,4.3
2022-11-15 20:00:00,20,372.0,3.8
2022-11-15 21:00:00,21,7.4,3.6
2022-11-15 22:00:00,22,,3.3
2022-11-15 23:00:00,23,,3.4
2022-11-16 00:00:00,0,,3.5
2022-11-16 01:00:00,1,,3.7
2022-11-16 02:00:00,2,,4.2
2022-11-16 03:00:00,3,,3.1
2022-11-16 04:00:00,4,,3.6
2022-11-16 05:00:00,5,,3.4
2022-11-16 06:00:00,6,,3.6
2022-11-16 07:00:00,7,,3.9
2022-11-16 08:00:00,8,6.8,3.8
2022-11-16 09:00:00,9,540.2,3.9
2022-11-16 10:00:00,10,1280.3,4.2
2022-11-16 11:00:00,11,2100.3,5.4
2022-11-16 12:00:00,12,2787.0,5.7
2022-11-16 13:00:00,13,3337.8,5.3
2022-11-16 14:00:00,14,3598.3,5.2
2022-11-16 15:00:00,15,3616.3,5.2
2022-11-16 16:00:00,16,3293.6,4.9
2022-11-16 17:00:00,17,2655.9,4.9
2022-11-16 18:00:00,18,2089.8,5.4
2022-11-16 19:00:00,19,1260.3,4.0
2022-11-16 20:00:00,20,357.4,4.6
2022-11-16 21:00:00,21,6.0,4.6
2022-11-16 22:00:00,22,,4.0
2022-11-16 23:00:00,23,,5.0
2022-11-17 00:00:00,0,,4.6
2022-11-17 01:00:00,1,,4.1
2022-11-17 02:00:00,2,,4.3
2022-11-17 03:00:00,3,,4.3
2022-11-17 04:00:00,4,,3.6
2022-11-17 05:00:00,5,,3.6
2022-11-17 06:00:00,6,,3.4
2022-11-17 07:00:00,7,,3.4
2022-11-17 08:00:00,8,5.2,3.3
2022-11-17 09:00:00,9,422.3,3.5
2022-11-17 10:00:00,10,1083.0,4.3
2022-11-17 11:00:00,11,1973.1,5.2
2022-11-17 12:00:00,12,2311.8,4.7
2022-11-17 13:00:00,13,2804.7,4.8
2022-11-17 14:00:00,14,3687.2,5.0
2022-11-17 15:00:00,15,3620.2,5.5
2022-11-17 16:00:00,16,3265.3,5.1
2022-11-17 17:00:00,17,2543.4,5.0
2022-11-17 18:00:00,18,1620.5,4.8
2022-11-17 19:00:00,19,1047.9,4.9
2022-11-17 20:00:00,20,342.5,4.8
2022-11-17 21:00:00,21,6.8,4.9
2022-11-17 22:00:00,22,,4.1
2022-11-17 23:00:00,23,,4.0
2022-11-18 00:00:00,0,,3.4
2022-11-18 01:00:00,1,,3.6
2022-11-18 02:00:00,2,,3.1
2022-11-18 03:00:00,3,,3.7
2022-11-18 04:00:00,4,,4.1
2022-11-18 05:00:00,5,,4.3
2022-11-18 06:00:00,6,,1.7
2022-11-18 07:00:00,7,,1.2
2022-11-18 08:00:00,8,3.0,2.8
2022-11-18 09:00:00,9,149.8,2.7
2022-11-18 10:00:00,10,1031.6,3.9
2022-11-18 11:00:00,11,1490.1,4.1
2022-11-18 12:00:00,12,2554.5,3.9
2022-11-18 13:00:00,13,3135.5,3.8
2022-11-18 14:00:00,14,3551.5,4.2
2022-11-18 15:00:00,15,3438.9,4.1
2022-11-18 16:00:00,16,3235.5,4.3
2022-11-18 17:00:00,17,2610.9,3.4
2022-11-18 18:00:00,18,1826.7,3.6
2022-11-18 19:00:00,19,1124.6,3.2
2022-11-18 20:00:00,20,412.8,2.9
2022-11-18 21:00:00,21,5.3,2.6
2022-11-18 22:00:00,22,,3.1
2022-11-18 23:00:00,23,,2.6
2022-11-19 00:00:00,0,,2.6
2022-11-19 01:00:00,1,,2.6
2022-11-19 02:00:00,2,,2.5
2022-11-19 03:00:00,3,,3.2
2022-11-19 04:00:00,4,,2.8
2022-11-19 05:00:00,5,,2.4
2022-11-19 06:00:00,6,,2.8
2022-11-19 07:00:00,7,,3.0
2022-11-19 08:00:00,8,1.7,2.5
2022-11-19 09:00:00,9,284.6,3.7
2022-11-19 10:00:00,10,1206.7,4.2
2022-11-19 11:00:00,11,1802.9,4.0
2022-11-19 12:00:00,12,2132.2,3.9
2022-11-19 13:00:00,13,2612.5,3.9
2022-11-19 14:00:00,14,3506.4,4.3
2022-11-19 15:00:00,15,3053.2,3.8
2022-11-19 16:00:00,16,3084.9,3.8
2022-11-19 17:00:00,17,2655.3,4.9
2022-11-19 18:00:00,18,1882.9,4.5
2022-11-19 19:00:00,19,1025.3,4.6
2022-11-19 20:00:00,20,260.5,4.1
2022-11-19 21:00:00,21,8.8,3.6
2022-11-19 22:00:00,22,,4.0
2022-11-19 23:00:00,23,,3.4
2022-11-20 00:00:00,0,,4.1
2022-11-20 01:00:00,1,,3.8
2022-11-20 02:00:00,2,,3.7
2022-11-20 03:00:00,3,,3.8
2022-11-20 04:00:00,4,,3.6
2022-11-20 05:00:00,5,,
2022-11-20 06:00:00,6,,
2022-11-20 07:00:00,7,,
2022-11-20 08:00:00,8,,
2022-11-20 09:00:00,9,,
2022-11-20 10:00:00,10,,
2022-11-20 11:00:00,11,,
2022-11-20 12:00:00,12,,
2022-11-20 13:00:00,13,,
2022-11-20 14:00:00,14,,
2022-11-20 15:00:00,15,,
2022-11-20 16:00:00,16,,
2022-11-20 17:00:00,17,,
2022-11-20 18:00:00,18,,
2022-11-20 19:00:00,19,,
2022-11-20 20:00:00,20,,
2022-11-20 21:00:00,21,,
2022-11-20 22:00:00,22,,
2022-11-20 23:00:00,23,,
2022-11-21 00:00:00,0,,
2022-11-21 01:00:00,1,,
2022-11-21 02:00:00,2,,
2022-11-21 03:00:00,3,,
2022-11-21 04:00:00,4,,
2022-11-21 05:00:00,5,,
2022-11-21 06:00:00,6,,
2022-11-21 07:00:00,7,,
2022-11-21 08:00:00,8,,
2022-11-21 09:00:00,9,,
2022-11-21 10:00:00,10,,
2022-11-21 11:00:00,11,,
2022-11-21 12:00:00,12,,
2022-11-21 13:00:00,13,,
2022-11-21 14:00:00,14,,
2022-11-21 15:00:00,15,,
2022-11-21 16:00:00,16,,
2022-11-21 17:00:00,17,,
2022-11-21 18:00:00,18,,
2022-11-21 19:00:00,19,,
2022-11-21 20:00:00,20,,
2022-11-21 21:00:00,21,,
2022-11-21 22:00:00,22,,
2022-11-21 23:00:00,23,,
2022-11-22 00:00:00,0,,
2022-11-22 01:00:00,1,,
2022-11-22 02:00:00,2,,
2022-11-22 03:00:00,3,,
2022-11-22 04:00:00,4,,
2022-11-22 05:00:00,5,,
2022-11-22 06:00:00,6,,
2022-11-22 07:00:00,7,,
2022-11-22 08:00:00,8,,
2022-11-22 09:00:00,9,,
2022-11-22 10:00:00,10,,
2022-11-22 11:00:00,11,,
2022-11-22 12:00:00,12,,
2022-11-22 13:00:00,13,,
2022-11-22 14:00:00,14,,
2022-11-22 15:00:00,15,,
2022-11-22 16:00:00,16,,
2022-11-22 17:00:00,17,,
2022-11-22 18:00:00,18,,
2022-11-22 19:00:00,19,,
2022-11-22 20:00:00,20,,
2022-11-22 21:00:00,21,,
2022-11-22 22:00:00,22,,
2022-11-22 23:00:00,23,,
2022-11-23 00:00:00,0,,
2022-11-23 01:00:00,1,,
2022-11-23 02:00:00,2,,
2022-11-23 03:00:00,3,,
2022-11-23 04:00:00,4,,
2022-11-23 05:00:00,5,,
2022-11-23 06:00:00,6,,
2022-11-23 07:00:00,7,,
2022-11-23 08:00:00,8,,
2022-11-23 09:00:00,9,,
2022-11-23 10:00:00,10,,
2022-11-23 11:00:00,11,,
2022-11-23 12:00:00,12,,
2022-11-23 13:00:00,13,,
2022-11-23 14:00:00,14,,
2022-11-23 15:00:00,15,,
2022-11-23 16:00:00,16,,
2022-11-23 17:00:00,17,,
2022-11-23 18:00:00,18,,
2022-11-23 19:00:00,19,,
2022-11-23 20:00:00,20,,
2022-11-23 21:00:00,21,,
2022-11-23 22:00:00,22,,
2022-11-23 23:00:00,23,,
2022-11-24 00:00:00,0,,
2022-11-24 01:00:00,1,,
2022-11-24 02:00:00,2,,
2022-11-24 03:00:00,3,,
2022-11-24 04:00:00,4,,
2022-11-24 05:00:00,5,,
2022-11-24 06:00:00,6,,
2022-11-24 07:00:00,7,,
2022-11-24 08:00:00,8,,
2022-11-24 09:00:00,9,,
2022-11-24 10:00:00,10,,
2022-11-24 11:00:00,11,,
2022-11-24 12:00:00,12,,
2022-11-24 13:00:00,13,,
2022-11-24 14:00:00,14,,
2022-11-24 15:00:00,15,,
2022-11-24 16:00:00,16,,
2022-11-24 17:00:00,17,,
2022-11-24 18:00:00,18,,
2022-11-24 19:00:00,19,,
2022-11-24 20:00:00,20,,
2022-11-24 21:00:00,21,,
2022-11-24 22:00:00,22,,
2022-11-24 23:00:00,23,,
2022-11-25 00:00:00,0,,
2022-11-25 01:00:00,1,,
2022-11-25 02:00:00,2,,
2022-11-25 03:00:00,3,,
2022-11-25 04:00:00,4,,
2022-11-25 05:00:00,5,,
2022-11-25 06:00:00,6,,
2022-11-25 07:00:00,7,,
2022-11-25 08:00:00,8,,
2022-11-25 09:00:00,9,,
2022-11-25 10:00:00,10,,
2022-11-25 11:00:00,11,,
2022-11-25 12:00:00,12,,
2022-11-25 13:00:00,13,,
2022-11-25 14:00:00,14,,
2022-11-25 15:00:00,15,,
2022-11-25 16:00:00,16,,
2022-11-25 17:00:00,17,,
2022-11-25 18:00:00,18,,
2022-11-25 19:00:00,19,,
2022-11-25 20:00:00,20,,
2022-11-25 21:00:00,21,,
2022-11-25 22:00:00,22,,
2022-11-25 23:00:00,23,,
2022-11-26 00:00:00,0,,
2022-11-26 01:00:00,1,,
2022-11-26 02:00:00,2,,
2022-11-26 03:00:00,3,,
2022-11-26 04:00:00,4,,
2022-11-26 05:00:00,5,,
2022-11-26 06:00:00,6,,
2022-11-26 07:00:00,7,,
2022-11-26 08:00:00,8,,
2022-11-26 09:00:00,9,,
2022-11-26 10:00:00,10,,
2022-11-26 11:00:00,11,,
2022-11-26 12:00:00,12,,
2022-11-26 13:00:00,13,,
2022-11-26 14:00:00,14,,
2022-11-26 15:00:00,15,,
2022-11-26 16:00:00,16,,
2022-11-26 17:00:00,17,,
2022-11-26 18:00:00,18,,
2022-11-26 19:00:00,19,,
2022-11-26 20:00:00,20,,
2022-11-26 21:00:00,21,,
2022-11-26 22:00:00,22,,
2022-11-26 23:00:00,23,,
2022-11-27 00:00:00,0,,
2022-11-27 01:00:00,1,,
2022-11-27 02:00:00,2,,
2022-11-27 03:00:00,3,,
2022-11-27 04:00:00,4,,
2022-11-27 05:00:00,5,,
2022-11-27 06:00:00,6,,
2022-11-27 07:00:00,7,,
2022-11-27 08:00:00,8,,
2022-11-27 09:00:00,9,,
2022-11-27 10:00:00,10,,
2022-11-27 11:00:00,11,,
2022-11-27 12:00:00,12,,
2022-11-27 13:00:00,13,,
2022-11-27 14:00:00,14,,
2022-11-27 15:00:00,15,,
2022-11-27 16:00:00,16,,
2022-11-27 17:00:00,17,,
2022-11-27 18:00:00,18,,
2022-11-27 19:00:00,19,,
2022-11-27 20:00:00,20,,
2022-11-27 21:00:00,21,,
2022-11-27 22:00:00,22,,
2022-11-27 23:00:00,23,,
2022-11-28 00:00:00,0,,
2022-11-28 01:00:00,1,,
2022-11-28 02:00:00,2,,
2022-11-28 03:00:00,3,,
2022-11-28 04:00:00,4,,
2022-11-28 05:00:00,5,,
2022-11-28 06:00:00,6,,
2022-11-28 07:00:00,7,,
2022-11-28 08:00:00,8,,
2022-11-28 09:00:00,9,,
2022-11-28 10:00:00,10,,
2022-11-28 11:00:00,11,,
2022-11-28 12:00:00,12,,
2022-11-28 13:00:00,13,,
2022-11-28 14:00:00,14,,
2022-11-28 15:00:00,15,,
2022-11-28 16:00:00,16,,
2022-11-28 17:00:00,17,,
2022-11-28 18:00:00,18,,
2022-11-28 19:00:00,19,,
2022-11-28 20:00:00,20,,
2022-11-28 21:00:00,21,,
2022-11-28 22:00:00,22,,
2022-11-28 23:00:00,23,,
2022-11-29 00:00:00,0,,
2022-11-29 01:00:00,1,,
2022-11-29 02:00:00,2,,
2022-11-29 03:00:00,3,,
2022-11-29 04:00:00,4,,
2022-11-29 05:00:00,5,,
2022-11-29 06:00:00,6,,
2022-11-29 07:00:00,7,,
2022-11-29 08:00:00,8,,
2022-11-29 09:00:00,9,,
2022-11-29 10:00:00,10,,
2022-11-29 11:00:00,11,,
2022-11-29 12:00:00,12,,
2022-11-29 13:00:00,13,,
2022-11-29 14:00:00,14,,
2022-11-29 15:00:00,15,,
2022-11-29 16:00:00,16,,
2022-11-29 17:00:00,17,,
2022-11-29 18:00:00,18,,
2022-11-29 19:00:00,19,,
2022-11-29 20:00:00,20,,
2022-11-29 21:00:00,21,,
2022-11-29 22:00:00,22,,
2022-11-29 23:00:00,23,,
2022-11-30 00:00:00,0,,
2022-11-30 01:00:00,1,,
2022-11-30 02:00:00,2,,
2022-11-30 03:00:00,3,,
2022-11-30 04:00:00,4,,
2022-11-30 05:00:00,5,,
2022-11-30 06:00:00,6,,
2022-11-30 07:00:00,7,,
2022-11-30 08:00:00,8,,
2022-11-30 09:00:00,9,,
2022-11-30 10:00:00,10,,
2022-11-30 11:00:00,11,,
2022-11-30 12:00:00,12,,
2022-11-30 13:00:00,13,,
2022-11-30 14:00:00,14,,
2022-11-30 15:00:00,15,,
2022-11-30 16:00:00,16,,
2022-11-30 17:00:00,17,,
2022-11-30 18:00:00,18,,
2022-11-30 19:00:00,19,,
2022-11-30 20:00:00,20,,
2022-11-30 21:00:00,21,,
2022-11-30 22:00:00,22,,
2022-11-30 23:00:00,23,,
2022-12-01 00:00:00,0,,
2022-12-01 01:00:00,1,,
2022-12-01 02:00:00,2,,
2022-12-01 03:00:00,3,,
2022-12-01 04:00:00,4,,
2022-12-01 05:00:00,5,,
2022-12-01 06:00:00,6,,
2022-12-01 07:00:00,7,,
2022-12-01 08:00:00,8,,
2022-12-01 09:00:00,9,,
2022-12-01 10:00:00,10,,
2022-12-01 11:00:00,11,,
2022-12-01 12:00:00,12,,
2022-12-01 13:00:00,13,,
2022-12-01 14:00:00,14,,
2022-12-01 15:00:00,15,,
2022-12-01 16:00:00,16,,
2022-12-01 17:00:00,17,,
2022-12-01 18:00:00,18,,
2022-12-01 19:00:00,19,,
2022-12-01 20:00:00,20,,
2022-12-01 21:00:00,21,,
2022-12-01 22:00:00,22,,
2022-12-01 23:00:00,23,,
2022-12-02 00:00:00,0,,
2022-12-02 01:00:00,1,,
2022-12-02 02:00:00,2,,
2022-12-02 03:00:00,3,,
2022-12-02 04:00:00,4,,
2022-12-02 05:00:00,5,,
2022-12-02 06:00:00,6,,
2022-12-02 07:00:00,7,,
2022-12-02 08:00:00,8,,
2022-12-02 09:00:00,9,,
2022-12-02 10:00:00,10,,
2022-12-02 11:00:00,11,,
2022-12-02 12:00:00,12,,
2022-12-02 13:00:00,13,,
2022-12-02 14:00:00,14,,
2022-12-02 15:00:00,15,,
2022-12-02 16:00:00,16,,
2022-12-02 17:00:00,17,,
2022-12-02 18:00:00,18,,
2022-12-02 19:00:00,19,,
2022-12-02 20:00:00,20,,
2022-12-02 21:00:00,21,,
2022-12-02 22:00:00,22,,
2022-12-02 23:00:00,23,,
2022-12-03 00:00:00,0,,
2022-12-03 01:00:00,1,,
2022-12-03 02:00:00,2,,
2022-12-03 03:00:00,3,,
2022-12-03 04:00:00,4,,
2022-12-03 05:00:00,5,,
2022-12-03 06:00:00,6,,
2022-12-03 07:00:00,7,,
2022-12-03 08:00:00,8,,
2022-12-03 09:00:00,9,,
2022-12-03 10:00:00,10,,
2022-12-03 11:00:00,11,,
2022-12-03 12:00:00,12,,
2022-12-03 13:00:00,13,,
2022-12-03 14:00:00,14,,
2022-12-03 15:00:00,15,,
2022-12-03 16:00:00,16,,
2022-12-03 17:00:00,17,,
2022-12-03 18:00:00,18,,
2022-12-03 19:00:00,19,,
2022-12-03 20:00:00,20,,
2022-12-03 21:00:00,21,,
2022-12-03 22:00:00,22,,
2022-12-03 23:00:00,23,,
2022-12-04 00:00:00,0,,
2022-12-04 01:00:00,1,,
2022-12-04 02:00:00,2,,
2022-12-04 03:00:00,3,,
2022-12-04 04:00:00,4,,
2022-12-04 05:00:00,5,,
2022-12-04 06:00:00,6,,
2022-12-04 07:00:00,7,,
2022-12-04 08:00:00,8,,
2022-12-04 09:00:00,9,,
2022-12-04 10:00:00,10,,
2022-12-04 11:00:00,11,,
2022-12-04 12:00:00,12,,
2022-12-04 13:00:00,13,,
2022-12-04 14:00:00,14,,
2022-12-04 15:00:00,15,,
2022-12-04 16:00:00,16,,
2022-12-04 17:00:00,17,,
2022-12-04 18:00:00,18,,
2022-12-04 19:00:00,19,,
2022-12-04 20:00:00,20,,
2022-12-04 21:00:00,21,,
2022-12-04 22:00:00,22,,
2022-12-04 23:00:00,23,,
2022-12-05 00:00:00,0,,
2022-12-05 01:00:00,1,,
2022-12-05 02:00:00,2,,
2022-12-05 03:00:00,3,,
2022-12-05 04:00:00,4,,
2022-12-05 05:00:00,5,,
2022-12-05 06:00:00,6,,
2022-12-05 07:00:00,7,,
2022-12-05 08:00:00,8,,
2022-12-05 09:00:00,9,,
2022-12-05 10:00:00,10,,
2022-12-05 11:00:00,11,,
2022-12-05 12:00:00,12,,
2022-12-05 13:00:00,13,,
2022-12-05 14:00:00,14,,
2022-12-05 15:00:00,15,,
2022-12-05 16:00:00,16,,
2022-12-05 17:00:00,17,,
2022-12-05 18:00:00,18,,
2022-12-05 19:00:00,19,,
2022-12-05 20:00:00,20,,
2022-12-05 21:00:00,21,,
2022-12-05 22:00:00,22,,
2022-12-05 23:00:00,23,,
2022-12-06 00:00:00,0,,
2022-12-06 01:00:00,1,,
2022-12-06 02:00:00,2,,
2022-12-06 03:00:00,3,,
2022-12-06 04:00:00,4,,
2022-12-06 05:00:00,5,,
2022-12-06 06:00:00,6,,
2022-12-06 07:00:00,7,,
2022-12-06 08:00:00,8,,
2022-12-06 09:00:00,9,,
2022-12-06 10:00:00,10,,
2022-12-06 11:00:00,11,,
2022-12-06 12:00:00,12,,
2022-12-06 13:00:00,13,,
2022-12-06 14:00:00,14,,
2022-12-06 15:00:00,15,,
2022-12-06 16:00:00,16,,
2022-12-06 17:00:00,17,,
2022-12-06 18:00:00,18,,
2022-12-06 19:00:00,19,,
2022-12-06 20:00:00,20,,
2022-12-06 21:00:00,21,,
2022-12-06 22:00:00,22,,
2022-12-06 23:00:00,23,,
2022-12-07 00:00:00,0,,
2022-12-07 01:00:00,1,,
2022-12-07 02:00:00,2,,
2022-12-07 03:00:00,3,,
2022-12-07 04:00:00,4,,
2022-12-07 05:00:00,5,,
2022-12-07 06:00:00,6,,
2022-12-07 07:00:00,7,,
2022-12-07 08:00:00,8,,
2022-12-07 09:00:00,9,,
2022-12-07 10:00:00,10,,
2022-12-07 11:00:00,11,,
2022-12-07 12:00:00,12,,
2022-12-07 13:00:00,13,,
2022-12-07 14:00:00,14,,
2022-12-07 15:00:00,15,,
2022-12-07 16:00:00,16,,
2022-12-07 17:00:00,17,,
2022-12-07 18:00:00,18,,
2022-12-07 19:00:00,19,,
2022-12-07 20:00:00,20,,
2022-12-07 21:00:00,21,,
2022-12-07 22:00:00,22,,
2022-12-07 23:00:00,23,,
2022-12-08 00:00:00,0,,
2022-12-08 01:00:00,1,,
2022-12-08 02:00:00,2,,
2022-12-08 03:00:00,3,,
2022-12-08 04:00:00,4,,
2022-12-08 05:00:00,5,,
2022-12-08 06:00:00,6,,
2022-12-08 07:00:00,7,,
2022-12-08 08:00:00,8,,
2022-12-08 09:00:00,9,,
2022-12-08 10:00:00,10,,
2022-12-08 11:00:00,11,,
2022-12-08 12:00:00,12,,
2022-12-08 13:00:00,13,,
2022-12-08 14:00:00,14,,
2022-12-08 15:00:00,15,,
2022-12-08 16:00:00,16,,
2022-12-08 17:00:00,17,,
2022-12-08 18:00:00,18,,
2022-12-08 19:00:00,19,,
2022-12-08 20:00:00,20,,
2022-12-08 21:00:00,21,,
2022-12-08 22:00:00,22,,
2022-12-08 23:00:00,23,,
2022-12-09 00:00:00,0,,
2022-12-09 01:00:00,1,,
2022-12-09 02:00:00,2,,
2022-12-09 03:00:00,3,,
2022-12-09 04:00:00,4,,
2022-12-09 05:00:00,5,,
2022-12-09 06:00:00,6,,
2022-12-09 07:00:00,7,,
2022-12-09 08:00:00,8,,
2022-12-09 09:00:00,9,,
2022-12-09 10:00:00,10,,
2022-12-09 11:00:00,11,,
2022-12-09 12:00:00,12,,
2022-12-09 13:00:00,13,,
2022-12-09 14:00:00,14,,
2022-12-09 15:00:00,15,,
2022-12-09 16:00:00,16,,
2022-12-09 17:00:00,17,,
2022-12-09 18:00:00,18,,
2022-12-09 19:00:00,19,,
2022-12-09 20:00:00,20,,
2022-12-09 21:00:00,21,,
2022-12-09 22:00:00,22,,
2022-12-09 23:00:00,23,,
2022-12-10 00:00:00,0,,
2022-12-10 01:00:00,1,,
2022-12-10 02:00:00,2,,
2022-12-10 03:00:00,3,,
2022-12-10 04:00:00,4,,
2022-12-10 05:00:00,5,,
2022-12-10 06:00:00,6,,
2022-12-10 07:00:00,7,,
2022-12-10 08:00:00,8,,
2022-12-10 09:00:00,9,,
2022-12-10 10:00:00,10,,
2022-12-10 11:00:00,11,,
2022-12-10 12:00:00,12,,
2022-12-10 13:00:00,13,,
2022-12-10 14:00:00,14,,
2022-12-10 15:00:00,15,,
2022-12-10 16:00:00,16,,
2022-12-10 17:00:00,17,,
2022-12-10 18:00:00,18,,
2022-12-10 19:00:00,19,,
2022-12-10 20:00:00,20,,
2022-12-10 21:00:00,21,,
2022-12-10 22:00:00,22,,
2022-12-10 23:00:00,23,,
2022-12-11 00:00:00,0,,
2022-12-11 01:00:00,1,,
2022-12-11 02:00:00,2,,
2022-12-11 03:00:00,3,,
2022-12-11 04:00:00,4,,
2022-12-11 05:00:00,5,,
2022-12-11 06:00:00,6,,
2022-12-11 07:00:00,7,,
2022-12-11 08:00:00,8,,
2022-12-11 09:00:00,9,,
2022-12-11 10:00:00,10,,
2022-12-11 11:00:00,11,,
2022-12-11 12:00:00,12,,
2022-12-11 13:00:00,13,,
2022-12-11 14:00:00,14,,
2022-12-11 15:00:00,15,,
2022-12-11 16:00:00,16,,
2022-12-11 17:00:00,17,,
2022-12-11 18:00:00,18,,
2022-12-11 19:00:00,19,,
2022-12-11 20:00:00,20,,
2022-12-11 21:00:00,21,,
2022-12-11 22:00:00,22,,
2022-12-11 23:00:00,23,,
2022-12-12 00:00:00,0,,
2022-12-12 01:00:00,1,,
2022-12-12 02:00:00,2,,
2022-12-12 03:00:00,3,,
2022-12-12 04:00:00,4,,
2022-12-12 05:00:00,5,,
2022-12-12 06:00:00,6,,
2022-12-12 07:00:00,7,,
2022-12-12 08:00:00,8,,
2022-12-12 09:00:00,9,,
2022-12-12 10:00:00,10,,
2022-12-12 11:00:00,11,,
2022-12-12 12:00:00,12,,
2022-12-12 13:00:00,13,,
2022-12-12 14:00:00,14,,
2022-12-12 15:00:00,15,,
2022-12-12 16:00:00,16,,
2022-12-12 17:00:00,17,,
2022-12-12 18:00:00,18,,
2022-12-12 19:00:00,19,,
2022-12-12 20:00:00,20,,
2022-12-12 21:00:00,21,,
2022-12-12 22:00:00,22,,
2022-12-12 23:00:00,23,,
2022-12-13 00:00:00,0,,
2022-12-13 01:00:00,1,,
2022-12-13 02:00:00,2,,
2022-12-13 03:00:00,3,,
2022-12-13 04:00:00,4,,
2022-12-13 05:00:00,5,,
2022-12-13 06:00:00,6,,
2022-12-13 07:00:00,7,,
2022-12-13 08:00:00,8,,
2022-12-13 09:00:00,9,,
2022-12-13 10:00:00,10,,
2022-12-13 11:00:00,11,,
2022-12-13 12:00:00,12,,
2022-12-13 13:00:00,13,,
2022-12-13 14:00:00,14,,
2022-12-13 15:00:00,15,,
2022-12-13 16:00:00,16,,
2022-12-13 17:00:00,17,,
2022-12-13 18:00:00,18,,
2022-12-13 19:00:00,19,,
2022-12-13 20:00:00,20,,
2022-12-13 21:00:00,21,,
2022-12-13 22:00:00,22,,
2022-12-13 23:00:00,23,,
2022-12-14 00:00:00,0,,
2022-12-14 01:00:00,1,,
2022-12-14 02:00:00,2,,
2022-12-14 03:00:00,3,,
2022-12-14 04:00:00,4,,
2022-12-14 05:00:00,5,,
2022-12-14 06:00:00,6,,
2022-12-14 07:00:00,7,,
2022-12-14 08:00:00,8,,
2022-12-14 09:00:00,9,,
2022-12-14 10:00:00,10,,
2022-12-14 11:00:00,11,,
2022-12-14 12:00:00,12,,
2022-12-14 13:00:00,13,,
2022-12-14 14:00:00,14,,
2022-12-14 15:00:00,15,,
2022-12-14 16:00:00,16,,
2022-12-14 17:00:00,17,,
2022-12-14 18:00:00,18,,
2022-12-14 19:00:00,19,,
2022-12-14 20:00:00,20,,
2022-12-14 21:00:00,21,,
2022-12-14 22:00:00,22,,
2022-12-14 23:00:00,23,,
2022-12-15 00:00:00,0,,
2022-12-15 01:00:00,1,,
2022-12-15 02:00:00,2,,
2022-12-15 03:00:00,3,,
2022-12-15 04:00:00,4,,
2022-12-15 05:00:00,5,,
2022-12-15 06:00:00,6,,
2022-12-15 07:00:00,7,,
2022-12-15 08:00:00,8,,
2022-12-15 09:00:00,9,,
2022-12-15 10:00:00,10,,
2022-12-15 11:00:00,11,,
2022-12-15 12:00:00,12,,
2022-12-15 13:00:00,13,,
2022-12-15 14:00:00,14,,
2022-12-15 15:00:00,15,,
2022-12-15 16:00:00,16,,
2022-12-15 17:00:00,17,,
2022-12-15 18:00:00,18,,
2022-12-15 19:00:00,19,,
2022-12-15 20:00:00,20,,
2022-12-15 21:00:00,21,,
2022-12-15 22:00:00,22,,
2022-12-15 23:00:00,23,,
2022-12-16 00:00:00,0,,
2022-12-16 01:00:00,1,,
2022-12-16 02:00:00,2,,
2022-12-16 03:00:00,3,,
2022-12-16 04:00:00,4,,
2022-12-16 05:00:00,5,,
2022-12-16 06:00:00,6,,
2022-12-16 07:00:00,7,,
2022-12-16 08:00:00,8,,
2022-12-16 09:00:00,9,,
2022-12-16 10:00:00,10,,
2022-12-16 11:00:00,11,,
2022-12-16 12:00:00,12,,
2022-12-16 13:00:00,13,,
2022-12-16 14:00:00,14,,
2022-12-16 15:00:00,15,,
2022-12-16 16:00:00,16,,
2022-12-16 17:00:00,17,,
2022-12-16 18:00:00,18,,
2022-12-16 19:00:00,19,,
2022-12-16 20:00:00,20,,
2022-12-16 21:00:00,21,,
2022-12-16 22:00:00,22,,
2022-12-16 23:00:00,23,,
2022-12-17 00:00:00,0,,
2022-12-17 01:00:00,1,,
2022-12-17 02:00:00,2,,
2022-12-17 03:00:00,3,,
2022-12-17 04:00:00,4,,
2022-12-17 05:00:00,5,,
2022-12-17 06:00:00,6,,
2022-12-17 07:00:00,7,,
2022-12-17 08:00:00,8,,
2022-12-17 09:00:00,9,,
2022-12-17 10:00:00,10,,
2022-12-17 11:00:00,11,,
2022-12-17 12:00:00,12,,
2022-12-17 13:00:00,13,,
2022-12-17 14:00:00,14,,
2022-12-17 15:00:00,15,,
2022-12-17 16:00:00,16,,
2022-12-17 17:00:00,17,,
2022-12-17 18:00:00,18,,
2022-12-17 19:00:00,19,,
2022-12-17 20:00:00,20,,
2022-12-17 21:00:00,21,,
2022-12-17 22:00:00,22,,
2022-12-17 23:00:00,23,,
2022-12-18 00:00:00,0,,
2022-12-18 01:00:00,1,,
2022-12-18 02:00:00,2,,
2022-12-18 03:00:00,3,,
2022-12-18 04:00:00,4,,
2022-12-18 05:00:00,5,,
2022-12-18 06:00:00,6,,
2022-12-18 07:00:00,7,,
2022-12-18 08:00:00,8,,
2022-12-18 09:00:00,9,,
2022-12-18 10:00:00,10,,
2022-12-18 11:00:00,11,,
2022-12-18 12:00:00,12,,
2022-12-18 13:00:00,13,,
2022-12-18 14:00:00,14,,
2022-12-18 15:00:00,15,,
2022-12-18 16:00:00,16,,
2022-12-18 17:00:00,17,,
2022-12-18 18:00:00,18,,
2022-12-18 19:00:00,19,,
2022-12-18 20:00:00,20,523.4,3.8
2022-12-18 21:00:00,21,,
2022-12-18 22:00:00,22,,3.8
2022-12-18 23:00:00,23,,
2022-12-19 00:00:00,0,,
2022-12-19 01:00:00,1,,
2022-12-19 02:00:00,2,,
2022-12-19 03:00:00,3,,
2022-12-19 04:00:00,4,,2.8
2022-12-19 05:00:00,5,,2.7
2022-12-19 06:00:00,6,,
2022-12-19 07:00:00,7,,
2022-12-19 08:00:00,8,,
2022-12-19 09:00:00,9,,
2022-12-19 10:00:00,10,,
2022-12-19 11:00:00,11,2024.5,3.9
2022-12-19 12:00:00,12,,
2022-12-19 13:00:00,13,3149.6,3.4
2022-12-19 14:00:00,14,,
2022-12-19 15:00:00,15,,
2022-12-19 16:00:00,16,,
2022-12-19 17:00:00,17,,
2022-12-19 18:00:00,18,,
2022-12-19 19:00:00,19,,
2022-12-19 20:00:00,20,,
2022-12-19 21:00:00,21,,
2022-12-19 22:00:00,22,,
2022-12-19 23:00:00,23,,
2022-12-20 00:00:00,0,,
2022-12-20 01:00:00,1,,
2022-12-20 02:00:00,2,,
2022-12-20 03:00:00,3,,
2022-12-20 04:00:00,4,,
2022-12-20 05:00:00,5,,
2022-12-20 06:00:00,6,,
2022-12-20 07:00:00,7,,
2022-12-20 08:00:00,8,,
2022-12-20 09:00:00,9,,
2022-12-20 10:00:00,10,,
2022-12-20 11:00:00,11,,
2022-12-20 12:00:00,12,,
2022-12-20 13:00:00,13,,
2022-12-20 14:00:00,14,,
2022-12-20 15:00:00,15,,
2022-12-20 16:00:00,16,,
2022-12-20 17:00:00,17,,
2022-12-20 18:00:00,18,,
2022-12-20 19:00:00,19,,
2022-12-20 20:00:00,20,,
2022-12-20 21:00:00,21,,
2022-12-20 22:00:00,22,,
2022-12-20 23:00:00,23,,
2022-12-21 00:00:00,0,,
2022-12-21 01:00:00,1,,
2022-12-21 02:00:00,2,,
2022-12-21 03:00:00,3,,
2022-12-21 04:00:00,4,,
2022-12-21 05:00:00,5,,
2022-12-21 06:00:00,6,,
2022-12-21 07:00:00,7,,
2022-12-21 08:00:00,8,,
2022-12-21 09:00:00,9,,
2022-12-21 10:00:00,10,,
2022-12-21 11:00:00,11,,
2022-12-21 12:00:00,12,,
2022-12-21 13:00:00,13,,
2022-12-21 14:00:00,14,,
2022-12-21 15:00:00,15,,
2022-12-21 16:00:00,16,,
2022-12-21 17:00:00,17,,
2022-12-21 18:00:00,18,,
2022-12-21 19:00:00,19,,
2022-12-21 20:00:00,20,,
2022-12-21 21:00:00,21,,
2022-12-21 22:00:00,22,,
2022-12-21 23:00:00,23,,
2022-12-22 00:00:00,0,,
2022-12-22 01:00:00,1,,
2022-12-22 02:00:00,2,,
2022-12-22 03:00:00,3,,
2022-12-22 04:00:00,4,,
2022-12-22 05:00:00,5,,
2022-12-22 06:00:00,6,,
2022-12-22 07:00:00,7,,
2022-12-22 08:00:00,8,,
2022-12-22 09:00:00,9,,
2022-12-22 10:00:00,10,,
2022-12-22 11:00:00,11,,
2022-12-22 12:00:00,12,,
2022-12-22 13:00:00,13,,
2022-12-22 14:00:00,14,,
2022-12-22 15:00:00,15,,
2022-12-22 16:00:00,16,,
2022-12-22 17:00:00,17,,
2022-12-22 18:00:00,18,,
2022-12-22 19:00:00,19,,
2022-12-22 20:00:00,20,,
2022-12-22 21:00:00,21,,
2022-12-22 22:00:00,22,,
2022-12-22 23:00:00,23,,
2022-12-23 00:00:00,0,,
2022-12-23 01:00:00,1,,
2022-12-23 02:00:00,2,,
2022-12-23 03:00:00,3,,
2022-12-23 04:00:00,4,,
2022-12-23 05:00:00,5,,
2022-12-23 06:00:00,6,,
2022-12-23 07:00:00,7,,
2022-12-23 08:00:00,8,,
2022-12-23 09:00:00,9,,
2022-12-23 10:00:00,10,,
2022-12-23 11:00:00,11,,
2022-12-23 12:00:00,12,,
2022-12-23 13:00:00,13,,
2022-12-23 14:00:00,14,,
2022-12-23 15:00:00,15,,
2022-12-23 16:00:00,16,,
2022-12-23 17:00:00,17,,
2022-12-23 18:00:00,18,,
2022-12-23 19:00:00,19,,
2022-12-23 20:00:00,20,,
2022-12-23 21:00:00,21,,
2022-12-23 22:00:00,22,,
2022-12-23 23:00:00,23,,
2022-12-24 00:00:00,0,,
2022-12-24 01:00:00,1,,
2022-12-24 02:00:00,2,,
2022-12-24 03:00:00,3,,
2022-12-24 04:00:00,4,,
2022-12-24 05:00:00,5,,
2022-12-24 06:00:00,6,,
2022-12-24 07:00:00,7,,
2022-12-24 08:00:00,8,,
2022-12-24 09:00:00,9,,
2022-12-24 10:00:00,10,,
2022-12-24 11:00:00,11,,
2022-12-24 12:00:00,12,,
2022-12-24 13:00:00,13,,
2022-12-24 14:00:00,14,,
2022-12-24 15:00:00,15,,
2022-12-24 16:00:00,16,,
2022-12-24 17:00:00,17,,
2022-12-24 18:00:00,18,,
2022-12-24 19:00:00,19,,
2022-12-24 20:00:00,20,,
2022-12-24 21:00:00,21,,
2022-12-24 22:00:00,22,,
2022-12-24 23:00:00,23,,
2022-12-25 00:00:00,0,,
2022-12-25 01:00:00,1,,
2022-12-25 02:00:00,2,,
2022-12-25 03:00:00,3,,
2022-12-25 04:00:00,4,,
2022-12-25 05:00:00,5,,
2022-12-25 06:00:00,6,,
2022-12-25 07:00:00,7,,
2022-12-25 08:00:00,8,,
2022-12-25 09:00:00,9,,
2022-12-25 10:00:00,10,,
2022-12-25 11:00:00,11,,
2022-12-25 12:00:00,12,,
2022-12-25 13:00:00,13,,
2022-12-25 14:00:00,14,,
2022-12-25 15:00:00,15,,
2022-12-25 16:00:00,16,,
2022-12-25 17:00:00,17,,
2022-12-25 18:00:00,18,,
2022-12-25 19:00:00,19,,
2022-12-25 20:00:00,20,,
2022-12-25 21:00:00,21,,
2022-12-25 22:00:00,22,,
2022-12-25 23:00:00,23,,
2022-12-26 00:00:00,0,,
2022-12-26 01:00:00,1,,
2022-12-26 02:00:00,2,,
2022-12-26 03:00:00,3,,
2022-12-26 04:00:00,4,,
2022-12-26 05:00:00,5,,
2022-12-26 06:00:00,6,,
2022-12-26 07:00:00,7,,
2022-12-26 08:00:00,8,,
2022-12-26 09:00:00,9,,
2022-12-26 10:00:00,10,,
2022-12-26 11:00:00,11,,
2022-12-26 12:00:00,12,,
2022-12-26 13:00:00,13,,
2022-12-26 14:00:00,14,,
2022-12-26 15:00:00,15,,
2022-12-26 16:00:00,16,,
2022-12-26 17:00:00,17,,
2022-12-26 18:00:00,18,,
2022-12-26 19:00:00,19,,
2022-12-26 20:00:00,20,,
2022-12-26 21:00:00,21,,
2022-12-26 22:00:00,22,,
2022-12-26 23:00:00,23,,
2022-12-27 00:00:00,0,,
2022-12-27 01:00:00,1,,
2022-12-27 02:00:00,2,,
2022-12-27 03:00:00,3,,
2022-12-27 04:00:00,4,,
2022-12-27 05:00:00,5,,
2022-12-27 06:00:00,6,,
2022-12-27 07:00:00,7,,
2022-12-27 08:00:00,8,,
2022-12-27 09:00:00,9,,
2022-12-27 10:00:00,10,,
2022-12-27 11:00:00,11,,
2022-12-27 12:00:00,12,,
2022-12-27 13:00:00,13,,
2022-12-27 14:00:00,14,,
2022-12-27 15:00:00,15,,
2022-12-27 16:00:00,16,,
2022-12-27 17:00:00,17,,
2022-12-27 18:00:00,18,,
2022-12-27 19:00:00,19,,
2022-12-27 20:00:00,20,,
2022-12-27 21:00:00,21,,
2022-12-27 22:00:00,22,,
2022-12-27 23:00:00,23,,
2022-12-28 00:00:00,0,,
2022-12-28 01:00:00,1,,
2022-12-28 02:00:00,2,,
2022-12-28 03:00:00,3,,
2022-12-28 04:00:00,4,,
2022-12-28 05:00:00,5,,
2022-12-28 06:00:00,6,,
2022-12-28 07:00:00,7,,
2022-12-28 08:00:00,8,,
2022-12-28 09:00:00,9,,
2022-12-28 10:00:00,10,,
2022-12-28 11:00:00,11,,
2022-12-28 12:00:00,12,,
2022-12-28 13:00:00,13,,
2022-12-28 14:00:00,14,,
2022-12-28 15:00:00,15,,
2022-12-28 16:00:00,16,,
2022-12-28 17:00:00,17,,
2022-12-28 18:00:00,18,,
2022-12-28 19:00:00,19,,
2022-12-28 20:00:00,20,,
2022-12-28 21:00:00,21,,
2022-12-28 22:00:00,22,,
2022-12-28 23:00:00,23,,
2022-12-29 00:00:00,0,,
2022-12-29 01:00:00,1,,
2022-12-29 02:00:00,2,,
2022-12-29 03:00:00,3,,
2022-12-29 04:00:00,4,,
2022-12-29 05:00:00,5,,
2022-12-29 06:00:00,6,,
2022-12-29 07:00:00,7,,
2022-12-29 08:00:00,8,,
2022-12-29 09:00:00,9,,
2022-12-29 10:00:00,10,,
2022-12-29 11:00:00,11,,
2022-12-29 12:00:00,12,,
2022-12-29 13:00:00,13,,
2022-12-29 14:00:00,14,,
2022-12-29 15:00:00,15,,
2022-12-29 16:00:00,16,,
2022-12-29 17:00:00,17,,
2022-12-29 18:00:00,18,,
2022-12-29 19:00:00,19,,
2022-12-29 20:00:00,20,,
2022-12-29 21:00:00,21,,
2022-12-29 22:00:00,22,,
2022-12-29 23:00:00,23,,
2022-12-30 00:00:00,0,,
2022-12-30 01:00:00,1,,
2022-12-30 02:00:00,2,,
2022-12-30 03:00:00,3,,
2022-12-30 04:00:00,4,,
2022-12-30 05:00:00,5,,
2022-12-30 06:00:00,6,,
2022-12-30 07:00:00,7,,
2022-12-30 08:00:00,8,,
2022-12-30 09:00:00,9,,
2022-12-30 10:00:00,10,,
2022-12-30 11:00:00,11,,
2022-12-30 12:00:00,12,,
2022-12-30 13:00:00,13,,
2022-12-30 14:00:00,14,,
2022-12-30 15:00:00,15,,
2022-12-30 16:00:00,16,,
2022-12-30 17:00:00,17,,
2022-12-30 18:00:00,18,,
2022-12-30 19:00:00,19,,
2022-12-30 20:00:00,20,,
2022-12-30 21:00:00,21,,
2022-12-30 22:00:00,22,,
2022-12-30 23:00:00,23,,
2022-12-31 00:00:00,0,,
2022-12-31 01:00:00,1,,
2022-12-31 02:00:00,2,,
2022-12-31 03:00:00,3,,
2022-12-31 04:00:00,4,,
2022-12-31 05:00:00,5,,
2022-12-31 06:00:00,6,,
2022-12-31 07:00:00,7,,
2022-12-31 08:00:00,8,,
2022-12-31 09:00:00,9,,
2022-12-31 10:00:00,10,,
2022-12-31 11:00:00,11,,
2022-12-31 12:00:00,12,,
2022-12-31 13:00:00,13,,
2022-12-31 14:00:00,14,,
2022-12-31 15:00:00,15,,
2022-12-31 16:00:00,16,2723.4,5.6
2022-12-31 17:00:00,17,,
2022-12-31 18:00:00,18,,
2022-12-31 19:00:00,19,,
2022-12-31 20:00:00,20,,
2022-12-31 21:00:00,21,,
2022-12-31 22:00:00,22,,
2022-12-31 23:00:00,23,,
